Year,Month,Day,Three-hourly observation time(UTC),Temperature(¡æ),Pressure(hPa),Wind Speed(m/s),Wind Direction,Relative Humidity(%)
2000,11,1,0,NA,NA,NA,NA,NA
2000,11,1,3,NA,NA,NA,NA,NA
2000,11,1,6,NA,NA,NA,NA,NA
2000,11,1,9,NA,NA,NA,NA,NA
2000,11,1,12,NA,NA,NA,NA,NA
2000,11,1,15,-5.08,NA,NA,NA,80
2000,11,1,18,NA,NA,NA,NA,NA
2000,11,1,21,-6.74,NA,NA,NA,80
2000,11,2,0,-5.92,NA,NA,NA,68
2000,11,2,3,NA,NA,NA,NA,NA
2000,11,2,6,NA,NA,NA,NA,NA
2000,11,2,9,-5.1,NA,NA,NA,48
2000,11,2,12,NA,NA,NA,NA,NA
2000,11,2,15,NA,NA,NA,NA,NA
2000,11,2,18,NA,NA,NA,NA,NA
2000,11,2,21,-9.84,NA,NA,NA,80
2000,11,3,0,-9.18,NA,NA,NA,66
2000,11,3,3,NA,NA,NA,NA,NA
2000,11,3,6,NA,NA,NA,NA,NA
2000,11,3,9,-7.92,NA,NA,NA,70
2000,11,3,12,-7.16,NA,NA,NA,84
2000,11,3,15,-6.9,NA,NA,NA,82
2000,11,3,18,NA,NA,NA,NA,NA
2000,11,3,21,-7,NA,NA,NA,82
2000,11,4,0,NA,NA,NA,NA,NA
2000,11,4,3,NA,NA,NA,NA,NA
2000,11,4,6,NA,NA,NA,NA,NA
2000,11,4,9,NA,NA,NA,NA,NA
2000,11,4,12,-4.72,NA,NA,NA,78
2000,11,4,15,-4.84,NA,NA,NA,78
2000,11,4,18,NA,NA,NA,NA,NA
2000,11,4,21,NA,NA,NA,NA,NA
2000,11,5,0,NA,NA,NA,NA,NA
2000,11,5,3,NA,NA,NA,NA,NA
2000,11,5,6,NA,NA,NA,NA,NA
2000,11,5,9,-4.16,NA,NA,NA,66
2000,11,5,12,-5.24,NA,NA,NA,80
2000,11,5,15,-4.82,NA,NA,NA,82
2000,11,5,18,NA,NA,NA,NA,NA
2000,11,5,21,-5.92,NA,NA,NA,84
2000,11,6,0,NA,NA,NA,NA,NA
2000,11,6,3,NA,NA,NA,NA,NA
2000,11,6,6,NA,NA,NA,NA,NA
2000,11,6,9,NA,NA,NA,NA,NA
2000,11,6,12,3.7,NA,NA,NA,98
2000,11,6,15,NA,NA,NA,NA,NA
2000,11,6,18,0.78,NA,4.1,NA,NA
2000,11,6,21,NA,NA,NA,NA,NA
2000,11,7,0,-0.04,NA,0.7,NA,NA
2000,11,7,3,NA,NA,NA,NA,NA
2000,11,7,6,NA,NA,NA,NA,NA
2000,11,7,9,NA,NA,NA,NA,NA
2000,11,7,12,-0.64,NA,2.9,NA,78
2000,11,7,15,NA,NA,NA,NA,NA
2000,11,7,18,NA,NA,NA,NA,NA
2000,11,7,21,-3.34,NA,NA,246,72
2000,11,8,0,-2.9,NA,NA,258,52
2000,11,8,3,NA,NA,NA,NA,NA
2000,11,8,6,NA,NA,NA,NA,NA
2000,11,8,9,NA,NA,NA,NA,NA
2000,11,8,12,-4.86,NA,NA,240,74
2000,11,8,15,-4.44,NA,NA,NA,70
2000,11,8,18,-5.22,NA,NA,NA,74
2000,11,8,21,-5.94,NA,NA,NA,72
2000,11,9,0,NA,NA,NA,NA,NA
2000,11,9,3,NA,NA,NA,NA,NA
2000,11,9,6,NA,NA,NA,NA,NA
2000,11,9,9,-4.22,NA,NA,NA,78
2000,11,9,12,NA,NA,NA,NA,NA
2000,11,9,15,-5.2,NA,NA,NA,74
2000,11,9,18,NA,NA,NA,NA,NA
2000,11,9,21,-5.66,NA,7,NA,96
2000,11,10,0,-4.28,NA,3.7,NA,62
2000,11,10,3,-4.06,NA,NA,NA,72
2000,11,10,6,NA,NA,NA,NA,NA
2000,11,10,9,-3.84,NA,NA,NA,72
2000,11,10,12,-3.16,NA,4.1,NA,64
2000,11,10,15,-4.32,NA,NA,NA,82
2000,11,10,18,NA,NA,NA,NA,NA
2000,11,10,21,-5.38,NA,NA,NA,66
2000,11,11,0,-5.62,NA,NA,NA,74
2000,11,11,3,-4.8,NA,NA,336,66
2000,11,11,6,NA,NA,NA,NA,NA
2000,11,11,9,NA,NA,NA,NA,NA
2000,11,11,12,-4.74,NA,NA,252,60
2000,11,11,15,-5.36,NA,NA,234,78
2000,11,11,18,-5.58,NA,NA,252,76
2000,11,11,21,-5.16,NA,NA,288,78
2000,11,12,0,-5.52,NA,NA,234,78
2000,11,12,3,NA,NA,NA,NA,NA
2000,11,12,6,NA,NA,NA,NA,NA
2000,11,12,9,-1.9,NA,NA,NA,60
2000,11,12,12,-3.5,NA,NA,NA,92
2000,11,12,15,-3.87,NA,NA,NA,97
2000,11,12,18,NA,NA,NA,NA,NA
2000,11,12,21,-3.88,NA,NA,NA,98
2000,11,13,0,-5.28,NA,NA,NA,80
2000,11,13,3,NA,NA,NA,NA,NA
2000,11,13,6,NA,NA,NA,NA,NA
2000,11,13,9,NA,NA,NA,NA,NA
2000,11,13,12,-5.62,NA,NA,NA,74
2000,11,13,15,-5.67,NA,NA,312,81
2000,11,13,18,NA,NA,NA,NA,NA
2000,11,13,21,-5.38,NA,NA,318,90
2000,11,14,0,-4.5,NA,NA,330,96
2000,11,14,3,NA,NA,NA,NA,NA
2000,11,14,6,NA,NA,NA,NA,NA
2000,11,14,9,-1.88,NA,NA,312,NA
2000,11,14,12,-2.16,NA,NA,324,97
2000,11,14,15,NA,NA,NA,NA,NA
2000,11,14,18,NA,NA,NA,NA,NA
2000,11,14,21,-2.88,NA,NA,NA,98
2000,11,15,0,-2.84,NA,NA,NA,96
2000,11,15,3,-2.48,NA,NA,NA,84
2000,11,15,6,NA,NA,NA,NA,NA
2000,11,15,9,-2.74,NA,NA,NA,88
2000,11,15,12,NA,NA,NA,NA,NA
2000,11,15,15,-4.98,NA,3.3,NA,92
2000,11,15,18,NA,NA,NA,NA,NA
2000,11,15,21,-5.3,NA,0.8,NA,96
2000,11,16,0,-4.8,NA,2.6,318,96
2000,11,16,3,-3.42,NA,3.1,NA,92
2000,11,16,6,NA,NA,NA,NA,NA
2000,11,16,9,-0.78,NA,3.7,312,80
2000,11,16,12,-1.34,NA,1.9,312,92
2000,11,16,15,-2.46,NA,0.6,NA,98
2000,11,16,18,NA,NA,NA,NA,NA
2000,11,16,21,-4.32,NA,NA,NA,96
2000,11,17,0,-4.14,NA,0.4,174,94
2000,11,17,3,NA,NA,NA,NA,NA
2000,11,17,6,NA,NA,NA,NA,NA
2000,11,17,9,-0.8,NA,1,NA,70
2000,11,17,12,-2.88,NA,2.2,150,94
2000,11,17,15,NA,NA,NA,NA,NA
2000,11,17,18,-3.88,NA,0.7,NA,94
2000,11,17,21,NA,NA,NA,NA,NA
2000,11,18,0,-4.74,NA,NA,NA,96
2000,11,18,3,NA,NA,NA,NA,NA
2000,11,18,6,NA,NA,NA,NA,NA
2000,11,18,9,NA,NA,NA,NA,NA
2000,11,18,12,-4.12,NA,NA,NA,76
2000,11,18,15,-5.02,NA,NA,NA,90
2000,11,18,18,NA,NA,NA,NA,NA
2000,11,18,21,NA,NA,NA,NA,NA
2000,11,19,0,-5.56,NA,NA,NA,90
2000,11,19,3,-4.68,NA,NA,NA,66
2000,11,19,6,NA,NA,NA,NA,NA
2000,11,19,9,NA,NA,NA,NA,NA
2000,11,19,12,-3.56,NA,NA,NA,72
2000,11,19,15,-4.2,NA,1.3,NA,80
2000,11,19,18,-3.12,NA,NA,NA,92
2000,11,19,21,NA,NA,NA,NA,NA
2000,11,20,0,-3.52,NA,NA,NA,84
2000,11,20,3,-2.62,NA,NA,NA,78
2000,11,20,6,NA,NA,NA,NA,NA
2000,11,20,9,NA,NA,NA,NA,NA
2000,11,20,12,0.04,NA,NA,NA,90
2000,11,20,15,0.9,NA,NA,NA,NA
2000,11,20,18,0.34,NA,NA,180,NA
2000,11,20,21,NA,NA,NA,NA,NA
2000,11,21,0,NA,NA,NA,NA,NA
2000,11,21,3,-1.32,NA,NA,162,98
2000,11,21,6,NA,NA,NA,NA,NA
2000,11,21,9,NA,NA,NA,NA,NA
2000,11,21,12,NA,NA,NA,NA,NA
2000,11,21,15,-4.42,NA,NA,NA,72
2000,11,21,18,-3.24,NA,NA,NA,74
2000,11,21,21,-3.44,NA,NA,NA,72
2000,11,22,0,-0.66,NA,NA,NA,66
2000,11,22,3,NA,NA,NA,NA,NA
2000,11,22,6,NA,NA,NA,NA,NA
2000,11,22,9,NA,NA,NA,NA,NA
2000,11,22,12,NA,NA,NA,NA,NA
2000,11,22,15,NA,NA,NA,NA,NA
2000,11,22,18,-2.44,NA,NA,NA,98
2000,11,22,21,-1.18,NA,NA,NA,96
2000,11,23,0,-0.96,NA,1.6,NA,94
2000,11,23,3,NA,NA,NA,NA,NA
2000,11,23,6,NA,NA,NA,NA,NA
2000,11,23,9,NA,NA,NA,NA,NA
2000,11,23,12,NA,NA,NA,NA,NA
2000,11,23,15,-1.98,NA,3.2,NA,92
2000,11,23,18,NA,NA,NA,NA,NA
2000,11,23,21,-2.62,NA,NA,NA,96
2000,11,24,0,-2.12,NA,5.3,NA,86
2000,11,24,3,-0.4,NA,8.7,NA,66
2000,11,24,6,NA,NA,NA,NA,NA
2000,11,24,9,-1.14,NA,4.3,NA,56
2000,11,24,12,-1.4,NA,4.2,312,72
2000,11,24,15,-2.26,NA,NA,324,90
2000,11,24,18,NA,NA,NA,NA,NA
2000,11,24,21,-2.48,NA,NA,210,96
2000,11,25,0,-1.04,NA,NA,174,96
2000,11,25,3,NA,NA,NA,NA,28
2000,11,25,6,NA,NA,NA,NA,NA
2000,11,25,9,NA,NA,NA,NA,NA
2000,11,25,12,-0.48,NA,NA,NA,90
2000,11,25,15,-0.86,NA,NA,NA,NA
2000,11,25,18,NA,NA,NA,NA,NA
2000,11,25,21,NA,NA,NA,294,98
2000,11,26,0,12.12,NA,NA,276,16
2000,11,26,3,NA,NA,NA,NA,NA
2000,11,26,6,NA,NA,NA,NA,NA
2000,11,26,9,NA,NA,NA,NA,NA
2000,11,26,12,0.16,NA,5.3,NA,46
2000,11,26,15,NA,NA,NA,NA,NA
2000,11,26,18,NA,NA,NA,NA,NA
2000,11,26,21,-1.24,NA,4.3,NA,70
2000,11,27,0,-1.84,NA,5.9,NA,70
2000,11,27,3,NA,NA,NA,NA,NA
2000,11,27,6,NA,NA,NA,NA,NA
2000,11,27,9,NA,NA,NA,NA,NA
2000,11,27,12,-1.22,NA,5,NA,66
2000,11,27,15,-0.02,NA,2,NA,62
2000,11,27,18,NA,NA,NA,NA,NA
2000,11,27,21,NA,NA,NA,NA,NA
2000,11,28,0,-0.76,NA,NA,NA,96
2000,11,28,3,-0.7,NA,NA,NA,72
2000,11,28,6,NA,NA,NA,NA,NA
2000,11,28,9,NA,NA,NA,NA,NA
2000,11,28,12,-1.04,NA,NA,NA,82
2000,11,28,15,-0.98,NA,NA,282,72
2000,11,28,18,-2.2,NA,NA,NA,90
2000,11,28,21,NA,NA,NA,NA,NA
2000,11,29,0,NA,NA,NA,NA,NA
2000,11,29,3,0.02,NA,NA,NA,86
2000,11,29,6,NA,NA,NA,NA,NA
2000,11,29,9,NA,NA,NA,NA,NA
2000,11,29,12,-1.2,NA,NA,NA,90
2000,11,29,15,-0.3,NA,NA,NA,72
2000,11,29,18,-1.64,NA,NA,NA,84
2000,11,29,21,-2.48,NA,NA,NA,90
2000,11,30,0,NA,NA,NA,NA,NA
2000,11,30,3,NA,NA,NA,NA,NA
2000,11,30,6,NA,NA,NA,NA,NA
2000,11,30,9,NA,NA,NA,NA,NA
2000,11,30,12,NA,NA,NA,NA,NA
2000,11,30,15,-3.38,NA,NA,NA,98
2000,11,30,18,-1.86,NA,3.4,306,98
2000,11,30,21,-1.72,NA,1.9,NA,98
2000,12,1,0,NA,NA,NA,NA,NA
2000,12,1,3,NA,NA,NA,NA,NA
2000,12,1,6,NA,NA,NA,NA,NA
2000,12,1,9,NA,NA,NA,NA,NA
2000,12,1,12,NA,NA,NA,NA,NA
2000,12,1,15,NA,NA,NA,NA,NA
2000,12,1,18,NA,NA,NA,NA,NA
2000,12,1,21,NA,NA,1.3,NA,96
2000,12,2,0,-4.18,NA,2.1,NA,92
2000,12,2,3,NA,NA,NA,NA,NA
2000,12,2,6,NA,NA,NA,NA,NA
2000,12,2,9,-0.28,NA,2.3,NA,32
2000,12,2,12,-1.54,NA,NA,294,68
2000,12,2,15,-2.74,NA,NA,312,88
2000,12,2,18,NA,NA,NA,NA,NA
2000,12,2,21,0.14,NA,NA,306,98
2000,12,3,0,2.16,NA,17.5,294,94
2000,12,3,3,1.62,NA,NA,NA,68
2000,12,3,6,NA,NA,NA,NA,NA
2000,12,3,9,0.54,NA,6,NA,64
2000,12,3,12,-0.16,NA,NA,NA,68
2000,12,3,15,-1.1,NA,4,NA,88
2000,12,3,18,NA,NA,NA,NA,NA
2000,12,3,21,-1.84,NA,NA,NA,90
2000,12,4,0,-0.92,NA,NA,NA,80
2000,12,4,3,-1.26,NA,NA,NA,84
2000,12,4,6,NA,NA,NA,NA,NA
2000,12,4,9,NA,NA,NA,NA,NA
2000,12,4,12,-1.36,NA,NA,NA,76
2000,12,4,15,1.16,NA,NA,NA,58
2000,12,4,18,NA,NA,NA,NA,NA
2000,12,4,21,NA,NA,NA,NA,NA
2000,12,5,0,-2.52,NA,NA,NA,78
2000,12,5,3,NA,NA,NA,NA,NA
2000,12,5,6,NA,NA,NA,NA,NA
2000,12,5,9,NA,NA,NA,NA,NA
2000,12,5,12,NA,NA,1.8,NA,42
2000,12,5,15,NA,NA,NA,NA,NA
2000,12,5,18,NA,NA,NA,NA,NA
2000,12,5,21,-2.7,NA,3.5,NA,94
2000,12,6,0,-2.74,NA,NA,330,98
2000,12,6,3,NA,NA,NA,NA,NA
2000,12,6,6,NA,NA,NA,NA,NA
2000,12,6,9,NA,NA,NA,NA,NA
2000,12,6,12,-2.9,NA,NA,NA,94
2000,12,6,15,-3.28,NA,NA,204,92
2000,12,6,18,NA,NA,NA,NA,NA
2000,12,6,21,NA,NA,NA,NA,NA
2000,12,7,0,-3.58,NA,NA,NA,84
2000,12,7,3,-1.96,NA,NA,NA,74
2000,12,7,6,NA,NA,NA,NA,NA
2000,12,7,9,NA,NA,NA,NA,NA
2000,12,7,12,-1.44,NA,4.5,NA,58
2000,12,7,15,-3.26,NA,NA,NA,80
2000,12,7,18,NA,NA,NA,NA,NA
2000,12,7,21,NA,NA,NA,NA,NA
2000,12,8,0,NA,NA,NA,NA,NA
2000,12,8,3,-2.62,NA,NA,330,90
2000,12,8,6,NA,NA,NA,NA,NA
2000,12,8,9,NA,NA,NA,NA,NA
2000,12,8,12,3.78,NA,NA,300,54
2000,12,8,15,NA,NA,NA,282,86
2000,12,8,18,NA,NA,NA,NA,NA
2000,12,8,21,-2.6,NA,NA,276,92
2000,12,9,0,NA,NA,NA,NA,NA
2000,12,9,3,NA,NA,NA,NA,NA
2000,12,9,6,NA,NA,NA,NA,NA
2000,12,9,9,NA,NA,NA,NA,NA
2000,12,9,12,NA,NA,NA,NA,NA
2000,12,9,15,-2.06,NA,NA,NA,72
2000,12,9,18,-3.02,NA,NA,NA,86
2000,12,9,21,-3.6,NA,NA,NA,94
2000,12,10,0,-2.76,NA,NA,NA,78
2000,12,10,3,NA,NA,NA,NA,NA
2000,12,10,6,NA,NA,NA,NA,NA
2000,12,10,9,-1.76,NA,NA,NA,86
2000,12,10,12,-1.42,NA,NA,318,96
2000,12,10,15,NA,NA,NA,NA,NA
2000,12,10,18,-0.7,NA,NA,312,98
2000,12,10,21,-0.66,NA,NA,300,72
2000,12,11,0,-2.18,NA,NA,294,84
2000,12,11,3,-1.26,NA,NA,NA,72
2000,12,11,6,NA,NA,NA,NA,NA
2000,12,11,9,NA,NA,NA,NA,NA
2000,12,11,12,0.08,NA,NA,NA,54
2000,12,11,15,-2.8,NA,NA,NA,94
2000,12,11,18,NA,NA,NA,NA,NA
2000,12,11,21,-3.32,NA,NA,NA,98
2000,12,12,0,-2.92,NA,4.4,NA,60
2000,12,12,3,-0.6,NA,2.1,NA,32
2000,12,12,6,NA,NA,NA,NA,NA
2000,12,12,9,NA,NA,NA,NA,NA
2000,12,12,12,-1.1,NA,4.1,NA,56
2000,12,12,15,-2.6,NA,4.4,NA,70
2000,12,12,18,-3.56,NA,3.2,NA,84
2000,12,12,21,-2.76,NA,3,NA,88
2000,12,13,0,NA,NA,1.1,NA,88
2000,12,13,3,-1.96,NA,2.3,NA,74
2000,12,13,6,NA,NA,NA,NA,NA
2000,12,13,9,NA,NA,NA,NA,NA
2000,12,13,12,NA,NA,0.9,NA,68
2000,12,13,15,-3.24,NA,2,NA,94
2000,12,13,18,NA,NA,NA,NA,NA
2000,12,13,21,-3.66,NA,2.8,120,98
2000,12,14,0,-3.72,NA,NA,132,98
2000,12,14,3,NA,NA,NA,NA,NA
2000,12,14,6,NA,NA,NA,NA,NA
2000,12,14,9,NA,NA,NA,NA,NA
2000,12,14,12,-3.2,NA,NA,162,96
2000,12,14,15,NA,NA,NA,NA,NA
2000,12,14,18,-3.3,NA,10,174,98
2000,12,14,21,NA,NA,NA,NA,NA
2000,12,15,0,-4.06,NA,NA,168,94
2000,12,15,3,NA,NA,NA,NA,NA
2000,12,15,6,NA,NA,NA,NA,NA
2000,12,15,9,NA,NA,NA,NA,NA
2000,12,15,12,-2.6,NA,NA,18,96
2000,12,15,15,NA,NA,0.6,18,98
2000,12,15,18,NA,NA,NA,NA,NA
2000,12,15,21,NA,NA,NA,NA,NA
2000,12,16,0,-2.08,NA,NA,NA,NA
2000,12,16,3,-0.3,NA,NA,NA,NA
2000,12,16,6,NA,NA,NA,NA,NA
2000,12,16,9,NA,NA,NA,NA,NA
2000,12,16,12,-1.62,NA,NA,NA,88
2000,12,16,15,-3.52,NA,NA,NA,98
2000,12,16,18,-4.14,NA,NA,NA,88
2000,12,16,21,-4.4,NA,NA,NA,86
2000,12,17,0,NA,NA,NA,NA,NA
2000,12,17,3,-2.92,NA,NA,NA,70
2000,12,17,6,NA,NA,NA,NA,NA
2000,12,17,9,NA,NA,NA,NA,NA
2000,12,17,12,NA,NA,NA,NA,NA
2000,12,17,15,-3.5,NA,NA,NA,98
2000,12,17,18,-2.64,NA,NA,NA,64
2000,12,17,21,-3.74,NA,NA,NA,62
2000,12,18,0,-1.3,NA,NA,NA,44
2000,12,18,3,NA,NA,NA,NA,NA
2000,12,18,6,NA,NA,NA,NA,NA
2000,12,18,9,NA,NA,NA,NA,NA
2000,12,18,12,NA,NA,NA,NA,NA
2000,12,18,15,NA,NA,NA,NA,NA
2000,12,18,18,1.38,NA,NA,NA,NA
2000,12,18,21,NA,NA,NA,NA,98
2000,12,19,0,NA,NA,NA,294,98
2000,12,19,3,NA,NA,NA,NA,NA
2000,12,19,6,NA,NA,NA,NA,NA
2000,12,19,9,4.94,NA,NA,NA,28
2000,12,19,12,4.78,NA,NA,216,28
2000,12,19,15,NA,NA,NA,NA,NA
2000,12,19,18,3.52,NA,NA,NA,40
2000,12,19,21,3.22,NA,NA,NA,52
2000,12,20,0,2.1,NA,NA,300,NA
2000,12,20,3,NA,NA,NA,NA,NA
2000,12,20,6,NA,NA,NA,NA,NA
2000,12,20,9,1.5,NA,NA,NA,NA
2000,12,20,12,-0.56,NA,NA,NA,80
2000,12,20,15,0.02,NA,NA,NA,74
2000,12,20,18,NA,NA,NA,NA,NA
2000,12,20,21,-0.86,NA,NA,NA,84
2000,12,21,0,-0.74,NA,NA,NA,80
2000,12,21,3,-0.42,NA,NA,NA,72
2000,12,21,6,NA,NA,NA,NA,NA
2000,12,21,9,NA,NA,NA,NA,NA
2000,12,21,12,-0.06,NA,NA,NA,80
2000,12,21,15,0,NA,NA,NA,78
2000,12,21,18,NA,NA,NA,NA,NA
2000,12,21,21,-1.44,NA,NA,NA,94
2000,12,22,0,-1.7,NA,NA,NA,90
2000,12,22,3,NA,NA,NA,NA,NA
2000,12,22,6,NA,NA,NA,NA,NA
2000,12,22,9,NA,NA,NA,NA,NA
2000,12,22,12,-0.92,NA,NA,294,86
2000,12,22,15,-1.2,NA,NA,288,96
2000,12,22,18,-1.12,NA,NA,252,92
2000,12,22,21,-0.84,NA,7.1,258,76
2000,12,23,0,-1.82,NA,5.8,NA,76
2000,12,23,3,NA,NA,NA,NA,NA
2000,12,23,6,NA,NA,NA,NA,NA
2000,12,23,9,NA,NA,NA,NA,NA
2000,12,23,12,-0.44,NA,4.9,NA,70
2000,12,23,15,NA,NA,NA,NA,NA
2000,12,23,18,NA,NA,NA,NA,NA
2000,12,23,21,-2.3,NA,3.4,NA,84
2000,12,24,0,-2.28,NA,3.2,162,82
2000,12,24,3,NA,NA,NA,NA,NA
2000,12,24,6,NA,NA,NA,NA,NA
2000,12,24,9,NA,NA,NA,NA,NA
2000,12,24,12,-0.68,NA,4.6,NA,58
2000,12,24,15,-2.64,NA,3.6,156,88
2000,12,24,18,NA,NA,NA,NA,NA
2000,12,24,21,NA,NA,NA,NA,NA
2000,12,25,0,NA,NA,NA,NA,NA
2000,12,25,3,-1.3,NA,NA,NA,64
2000,12,25,6,NA,NA,NA,NA,NA
2000,12,25,9,NA,NA,NA,NA,NA
2000,12,25,12,-1.34,NA,NA,210,78
2000,12,25,15,-2.22,NA,NA,204,84
2000,12,25,18,NA,NA,NA,NA,NA
2000,12,25,21,-2.56,NA,NA,198,90
2000,12,26,0,NA,NA,NA,NA,NA
2000,12,26,3,-0.42,NA,NA,204,54
2000,12,26,6,NA,NA,NA,NA,NA
2000,12,26,9,NA,NA,NA,NA,NA
2000,12,26,12,NA,NA,NA,NA,NA
2000,12,26,15,-2.14,NA,5.3,NA,78
2000,12,26,18,-3.5,NA,NA,276,84
2000,12,26,21,-4.2,NA,NA,276,86
2000,12,27,0,-3.6,NA,NA,294,92
2000,12,27,3,NA,NA,NA,NA,NA
2000,12,27,6,NA,NA,NA,NA,NA
2000,12,27,9,NA,NA,NA,NA,NA
2000,12,27,12,NA,NA,NA,NA,NA
2000,12,27,15,NA,NA,NA,NA,NA
2000,12,27,18,NA,NA,NA,NA,NA
2000,12,27,21,0.42,NA,NA,318,NA
2000,12,28,0,0,NA,NA,324,NA
2000,12,28,3,NA,NA,NA,NA,NA
2000,12,28,6,NA,NA,NA,NA,NA
2000,12,28,9,-1.02,NA,NA,90,NA
2000,12,28,12,NA,NA,NA,NA,NA
2000,12,28,15,NA,NA,NA,NA,NA
2000,12,28,18,NA,NA,NA,NA,NA
2000,12,28,21,-2.74,NA,NA,NA,98
2000,12,29,0,-2.28,NA,NA,NA,NA
2000,12,29,3,-1.52,NA,NA,NA,NA
2000,12,29,6,NA,NA,NA,NA,NA
2000,12,29,9,0.76,NA,NA,NA,44
2000,12,29,12,NA,NA,1.4,342,50
2000,12,29,15,-1.76,NA,NA,NA,98
2000,12,29,18,NA,NA,NA,NA,NA
2000,12,29,21,-1.34,NA,NA,NA,NA
2000,12,30,0,-0.88,NA,4.5,324,NA
2000,12,30,3,NA,NA,1.9,192,NA
2000,12,30,6,NA,NA,NA,NA,NA
2000,12,30,9,NA,NA,NA,NA,NA
2000,12,30,12,-0.16,NA,2.4,NA,76
2000,12,30,15,NA,NA,1.8,NA,98
2000,12,30,18,NA,NA,NA,NA,NA
2000,12,30,21,-0.86,NA,NA,324,NA
2000,12,31,0,-0.64,NA,NA,324,NA
2000,12,31,3,NA,NA,NA,NA,NA
2000,12,31,6,NA,NA,NA,NA,NA
2000,12,31,9,NA,NA,NA,NA,NA
2000,12,31,12,-0.02,NA,NA,312,98
2000,12,31,15,2.58,NA,NA,318,NA
2000,12,31,18,3.16,NA,NA,282,NA
2000,12,31,21,NA,NA,NA,NA,NA
2001,1,1,0,NA,NA,NA,NA,NA
2001,1,1,3,NA,NA,NA,NA,NA
2001,1,1,6,NA,NA,NA,NA,NA
2001,1,1,9,NA,NA,NA,NA,NA
2001,1,1,12,0.74,NA,NA,NA,82
2001,1,1,15,NA,NA,NA,NA,NA
2001,1,1,18,0.92,NA,NA,NA,70
2001,1,1,21,NA,NA,NA,NA,NA
2001,1,2,0,0.62,NA,NA,NA,76
2001,1,2,3,NA,NA,NA,NA,NA
2001,1,2,6,NA,NA,NA,NA,NA
2001,1,2,9,NA,NA,NA,NA,NA
2001,1,2,12,NA,NA,NA,NA,NA
2001,1,2,15,-1.42,NA,NA,NA,98
2001,1,2,18,NA,NA,NA,NA,NA
2001,1,2,21,NA,NA,0.8,NA,NA
2001,1,3,0,NA,NA,1,NA,98
2001,1,3,3,NA,NA,0.5,NA,74
2001,1,3,6,NA,NA,NA,NA,NA
2001,1,3,9,NA,NA,NA,NA,NA
2001,1,3,12,NA,NA,NA,NA,NA
2001,1,3,15,-1.4,NA,2.9,NA,96
2001,1,3,18,-1.76,NA,3.5,NA,94
2001,1,3,21,-2.06,NA,2.6,NA,94
2001,1,4,0,NA,NA,NA,NA,NA
2001,1,4,3,-1.68,NA,2.5,NA,68
2001,1,4,6,NA,NA,NA,NA,NA
2001,1,4,9,-1.88,NA,5.3,NA,88
2001,1,4,12,NA,NA,NA,NA,NA
2001,1,4,15,-2.26,NA,NA,NA,98
2001,1,4,18,-2.84,NA,NA,NA,98
2001,1,4,21,-3.64,NA,NA,NA,94
2001,1,5,0,-3.46,NA,NA,NA,90
2001,1,5,3,NA,NA,NA,NA,NA
2001,1,5,6,NA,NA,NA,NA,NA
2001,1,5,9,-0.74,NA,3.1,NA,54
2001,1,5,12,NA,NA,NA,NA,NA
2001,1,5,15,NA,NA,NA,NA,NA
2001,1,5,18,-1,NA,NA,NA,66
2001,1,5,21,-0.86,NA,NA,NA,68
2001,1,6,0,-1.64,NA,NA,NA,72
2001,1,6,3,NA,NA,NA,NA,NA
2001,1,6,6,NA,NA,NA,NA,NA
2001,1,6,9,-0.06,NA,NA,NA,52
2001,1,6,12,-0.68,NA,NA,NA,88
2001,1,6,15,NA,NA,NA,NA,NA
2001,1,6,18,NA,NA,NA,NA,NA
2001,1,6,21,1.66,NA,NA,NA,NA
2001,1,7,0,-2.38,NA,NA,NA,88
2001,1,7,3,-1.34,NA,NA,NA,72
2001,1,7,6,NA,NA,NA,NA,NA
2001,1,7,9,NA,NA,NA,NA,NA
2001,1,7,12,0.22,NA,NA,NA,70
2001,1,7,15,-1.4,NA,NA,NA,98
2001,1,7,18,NA,NA,NA,NA,NA
2001,1,7,21,NA,NA,NA,NA,NA
2001,1,8,0,0.16,NA,NA,NA,72
2001,1,8,3,0.78,NA,NA,NA,NA
2001,1,8,6,NA,NA,NA,NA,NA
2001,1,8,9,NA,NA,NA,NA,NA
2001,1,8,12,1.08,NA,NA,NA,68
2001,1,8,15,0.04,NA,NA,NA,78
2001,1,8,18,-0.32,NA,NA,NA,84
2001,1,8,21,NA,NA,NA,NA,NA
2001,1,9,0,0.82,NA,NA,NA,90
2001,1,9,3,NA,NA,NA,NA,NA
2001,1,9,6,NA,NA,NA,NA,NA
2001,1,9,9,NA,NA,NA,NA,NA
2001,1,9,12,8.56,NA,NA,NA,98
2001,1,9,15,7.56,NA,NA,NA,98
2001,1,9,18,NA,NA,NA,NA,98
2001,1,9,21,NA,NA,NA,NA,90
2001,1,10,0,1.18,NA,NA,NA,62
2001,1,10,3,NA,NA,NA,NA,NA
2001,1,10,6,NA,NA,NA,NA,NA
2001,1,10,9,NA,NA,NA,NA,NA
2001,1,10,12,1.02,NA,NA,NA,66
2001,1,10,15,NA,NA,NA,NA,NA
2001,1,10,18,NA,NA,NA,NA,NA
2001,1,10,21,-0.46,NA,NA,NA,NA
2001,1,11,0,-0.06,NA,NA,NA,NA
2001,1,11,3,NA,NA,NA,NA,NA
2001,1,11,6,NA,NA,NA,NA,NA
2001,1,11,9,NA,NA,NA,NA,NA
2001,1,11,12,10.62,NA,NA,NA,52
2001,1,11,15,NA,NA,NA,NA,76
2001,1,11,18,NA,NA,NA,NA,NA
2001,1,11,21,11.74,NA,NA,NA,70
2001,1,12,0,NA,NA,NA,NA,NA
2001,1,12,3,NA,NA,NA,NA,34
2001,1,12,6,NA,NA,NA,NA,NA
2001,1,12,9,NA,NA,NA,NA,NA
2001,1,12,12,NA,NA,NA,NA,NA
2001,1,12,15,9.98,NA,NA,NA,NA
2001,1,12,18,NA,NA,NA,NA,NA
2001,1,12,21,NA,NA,NA,NA,50
2001,1,13,0,NA,NA,NA,NA,NA
2001,1,13,3,NA,NA,NA,NA,NA
2001,1,13,6,NA,NA,NA,NA,NA
2001,1,13,9,-1.12,NA,NA,NA,80
2001,1,13,12,NA,NA,NA,NA,NA
2001,1,13,15,-1.36,NA,NA,NA,78
2001,1,13,18,-0.98,NA,NA,NA,68
2001,1,13,21,NA,NA,NA,NA,54
2001,1,14,0,NA,NA,NA,NA,98
2001,1,14,3,NA,NA,NA,NA,NA
2001,1,14,6,NA,NA,NA,NA,NA
2001,1,14,9,NA,NA,NA,NA,NA
2001,1,14,12,2.7,NA,NA,NA,NA
2001,1,14,15,NA,NA,NA,NA,NA
2001,1,14,18,NA,NA,NA,NA,NA
2001,1,14,21,0.3,NA,NA,NA,90
2001,1,15,0,0.12,NA,NA,210,84
2001,1,15,3,NA,NA,NA,NA,NA
2001,1,15,6,NA,NA,NA,NA,NA
2001,1,15,9,NA,NA,NA,NA,NA
2001,1,15,12,-1.46,NA,NA,204,70
2001,1,15,15,NA,NA,NA,NA,NA
2001,1,15,18,NA,NA,NA,NA,NA
2001,1,15,21,-1.64,NA,NA,222,66
2001,1,16,0,-2.38,NA,NA,222,74
2001,1,16,3,NA,NA,NA,NA,NA
2001,1,16,6,NA,NA,NA,NA,NA
2001,1,16,9,NA,NA,NA,NA,NA
2001,1,16,12,0.44,NA,NA,222,86
2001,1,16,15,0.1,NA,NA,204,86
2001,1,16,18,NA,NA,NA,NA,NA
2001,1,16,21,NA,NA,NA,NA,NA
2001,1,17,0,-3.12,NA,NA,NA,82
2001,1,17,3,-2.16,NA,NA,NA,72
2001,1,17,6,NA,NA,NA,NA,NA
2001,1,17,9,NA,NA,NA,NA,NA
2001,1,17,12,-1.68,NA,NA,NA,76
2001,1,17,15,-2.52,NA,NA,NA,92
2001,1,17,18,-1.86,NA,NA,NA,84
2001,1,17,21,NA,NA,NA,NA,NA
2001,1,18,0,NA,NA,NA,NA,NA
2001,1,18,3,NA,NA,NA,NA,NA
2001,1,18,6,NA,NA,NA,NA,NA
2001,1,18,9,NA,NA,NA,NA,NA
2001,1,18,12,0.26,NA,NA,NA,88
2001,1,18,15,-1.18,NA,NA,NA,98
2001,1,18,18,NA,NA,NA,NA,NA
2001,1,18,21,-0.98,NA,NA,NA,96
2001,1,19,0,-0.42,NA,NA,NA,94
2001,1,19,3,NA,NA,NA,NA,NA
2001,1,19,6,NA,NA,NA,NA,NA
2001,1,19,9,NA,NA,NA,NA,NA
2001,1,19,12,NA,NA,NA,NA,NA
2001,1,19,15,0.32,NA,NA,NA,82
2001,1,19,18,-0.42,NA,NA,NA,82
2001,1,19,21,-0.12,NA,NA,NA,82
2001,1,20,0,-1.82,NA,NA,NA,92
2001,1,20,3,-0.44,NA,NA,NA,72
2001,1,20,6,NA,NA,NA,NA,NA
2001,1,20,9,NA,NA,NA,NA,NA
2001,1,20,12,NA,NA,NA,NA,NA
2001,1,20,15,0.68,NA,NA,NA,92
2001,1,20,18,NA,NA,NA,NA,NA
2001,1,20,21,0.8,NA,NA,NA,92
2001,1,21,0,NA,NA,NA,NA,NA
2001,1,21,3,3.22,NA,NA,NA,52
2001,1,21,6,NA,NA,NA,NA,NA
2001,1,21,9,NA,NA,NA,NA,NA
2001,1,21,12,NA,NA,NA,NA,NA
2001,1,21,15,3.62,NA,NA,NA,58
2001,1,21,18,NA,NA,NA,NA,NA
2001,1,21,21,NA,NA,NA,NA,NA
2001,1,22,0,NA,NA,NA,NA,NA
2001,1,22,3,NA,NA,NA,NA,NA
2001,1,22,6,NA,NA,NA,NA,NA
2001,1,22,9,6.76,NA,NA,NA,NA
2001,1,22,12,7.96,NA,NA,NA,NA
2001,1,22,15,4.56,NA,NA,NA,NA
2001,1,22,18,NA,NA,NA,NA,NA
2001,1,22,21,1.26,NA,NA,NA,NA
2001,1,23,0,0.36,NA,NA,NA,NA
2001,1,23,3,NA,NA,NA,NA,NA
2001,1,23,6,NA,NA,NA,NA,NA
2001,1,23,9,NA,NA,NA,NA,NA
2001,1,23,12,-1.06,NA,NA,NA,98
2001,1,23,15,NA,NA,NA,NA,NA
2001,1,23,18,NA,NA,NA,NA,NA
2001,1,23,21,NA,NA,NA,NA,NA
2001,1,24,0,1.62,NA,NA,NA,82
2001,1,24,3,NA,NA,NA,NA,NA
2001,1,24,6,NA,NA,NA,NA,NA
2001,1,24,9,NA,NA,NA,NA,NA
2001,1,24,12,3.1,NA,NA,NA,98
2001,1,24,15,3.22,NA,NA,NA,60
2001,1,24,18,NA,NA,NA,NA,NA
2001,1,24,21,NA,NA,NA,NA,NA
2001,1,25,0,1.3,NA,NA,NA,78
2001,1,25,3,1.54,NA,NA,NA,NA
2001,1,25,6,NA,NA,NA,NA,NA
2001,1,25,9,NA,NA,NA,NA,NA
2001,1,25,12,5.96,NA,NA,NA,NA
2001,1,25,15,NA,NA,NA,NA,NA
2001,1,25,18,NA,NA,NA,NA,NA
2001,1,25,21,NA,NA,NA,NA,NA
2001,1,26,0,-0.26,NA,NA,NA,74
2001,1,26,3,-0.56,NA,NA,NA,80
2001,1,26,6,NA,NA,NA,NA,NA
2001,1,26,9,NA,NA,NA,NA,NA
2001,1,26,12,0.88,NA,NA,NA,58
2001,1,26,15,-1.06,NA,NA,NA,82
2001,1,26,18,-0.22,NA,NA,NA,82
2001,1,26,21,NA,NA,NA,NA,NA
2001,1,27,0,0.18,NA,NA,NA,88
2001,1,27,3,NA,NA,NA,NA,NA
2001,1,27,6,NA,NA,NA,NA,NA
2001,1,27,9,NA,NA,NA,NA,NA
2001,1,27,12,3,NA,NA,NA,60
2001,1,27,15,-1.16,NA,NA,NA,94
2001,1,27,18,NA,NA,NA,NA,NA
2001,1,27,21,NA,NA,NA,NA,NA
2001,1,28,0,NA,NA,1.1,NA,94
2001,1,28,3,NA,NA,NA,NA,NA
2001,1,28,6,NA,NA,NA,NA,NA
2001,1,28,9,NA,NA,NA,NA,NA
2001,1,28,12,NA,NA,NA,NA,NA
2001,1,28,15,NA,NA,NA,NA,NA
2001,1,28,18,NA,NA,NA,NA,NA
2001,1,28,21,-1.76,NA,2.2,NA,NA
2001,1,29,0,NA,NA,1.6,NA,NA
2001,1,29,3,NA,NA,NA,NA,NA
2001,1,29,6,NA,NA,NA,NA,NA
2001,1,29,9,NA,NA,NA,NA,NA
2001,1,29,12,9.1,NA,NA,NA,98
2001,1,29,15,6.14,NA,NA,NA,78
2001,1,29,18,NA,NA,NA,NA,NA
2001,1,29,21,5.6,NA,NA,NA,86
2001,1,30,0,8.32,NA,NA,NA,56
2001,1,30,3,6.82,NA,NA,NA,64
2001,1,30,6,NA,NA,NA,NA,NA
2001,1,30,9,NA,NA,NA,NA,NA
2001,1,30,12,NA,NA,NA,NA,NA
2001,1,30,15,1.74,NA,NA,NA,NA
2001,1,30,18,NA,NA,NA,NA,NA
2001,1,30,21,-0.04,NA,NA,NA,84
2001,1,31,0,-0.66,NA,NA,NA,62
2001,1,31,3,NA,NA,NA,NA,NA
2001,1,31,6,NA,NA,NA,NA,NA
2001,1,31,9,-0.46,NA,NA,NA,66
2001,1,31,12,NA,NA,NA,NA,NA
2001,1,31,15,NA,NA,NA,NA,NA
2001,1,31,18,NA,NA,NA,NA,NA
2001,1,31,21,2.42,NA,NA,NA,50
2001,2,1,0,NA,NA,NA,NA,NA
2001,2,1,3,NA,NA,NA,NA,NA
2001,2,1,6,NA,NA,NA,NA,NA
2001,2,1,9,NA,NA,NA,NA,NA
2001,2,1,12,0.7,NA,NA,NA,64
2001,2,1,15,-1.96,NA,NA,NA,98
2001,2,1,18,NA,NA,NA,NA,NA
2001,2,1,21,NA,NA,NA,NA,NA
2001,2,2,0,-2.94,NA,NA,NA,96
2001,2,2,3,NA,NA,NA,NA,NA
2001,2,2,6,NA,NA,NA,NA,NA
2001,2,2,9,NA,NA,NA,NA,NA
2001,2,2,12,-2.2,NA,NA,NA,94
2001,2,2,15,-2.46,NA,NA,NA,98
2001,2,2,18,NA,NA,NA,NA,NA
2001,2,2,21,NA,NA,NA,NA,NA
2001,2,3,0,-3.06,NA,NA,NA,98
2001,2,3,3,-2.44,NA,NA,NA,84
2001,2,3,6,NA,NA,NA,NA,NA
2001,2,3,9,NA,NA,NA,NA,NA
2001,2,3,12,1.4,NA,NA,NA,68
2001,2,3,15,-1.96,NA,NA,NA,98
2001,2,3,18,NA,NA,NA,NA,NA
2001,2,3,21,NA,NA,NA,NA,NA
2001,2,4,0,NA,NA,NA,NA,NA
2001,2,4,3,NA,NA,NA,NA,NA
2001,2,4,6,NA,NA,NA,NA,NA
2001,2,4,9,NA,NA,NA,NA,NA
2001,2,4,12,NA,NA,NA,NA,NA
2001,2,4,15,10.74,NA,NA,NA,78
2001,2,4,18,9.82,NA,NA,NA,98
2001,2,4,21,8.82,NA,NA,NA,98
2001,2,5,0,12.3,NA,NA,NA,90
2001,2,5,3,NA,NA,NA,NA,NA
2001,2,5,6,NA,NA,NA,NA,NA
2001,2,5,9,NA,NA,NA,NA,NA
2001,2,5,12,11.44,NA,NA,NA,96
2001,2,5,15,NA,NA,NA,NA,98
2001,2,5,18,NA,NA,NA,NA,NA
2001,2,5,21,-0.44,NA,NA,NA,NA
2001,2,6,0,-0.66,NA,NA,NA,NA
2001,2,6,3,NA,NA,NA,NA,NA
2001,2,6,6,NA,NA,NA,NA,NA
2001,2,6,9,5.56,NA,NA,NA,42
2001,2,6,12,2.8,NA,NA,NA,70
2001,2,6,15,1.7,NA,NA,NA,78
2001,2,6,18,NA,NA,NA,NA,NA
2001,2,6,21,NA,NA,NA,NA,NA
2001,2,7,0,1.54,NA,NA,NA,NA
2001,2,7,3,3.36,NA,NA,NA,90
2001,2,7,6,NA,NA,NA,NA,NA
2001,2,7,9,4.96,NA,NA,NA,NA
2001,2,7,12,3.44,NA,NA,NA,NA
2001,2,7,15,3.28,NA,NA,NA,NA
2001,2,7,18,5.4,NA,NA,NA,NA
2001,2,7,21,NA,NA,NA,NA,NA
2001,2,8,0,NA,NA,NA,NA,NA
2001,2,8,3,NA,NA,NA,NA,NA
2001,2,8,6,NA,NA,NA,NA,NA
2001,2,8,9,NA,NA,NA,NA,NA
2001,2,8,12,1.14,NA,NA,NA,68
2001,2,8,15,-0.38,NA,NA,NA,80
2001,2,8,18,-0.58,NA,NA,NA,74
2001,2,8,21,NA,NA,NA,NA,NA
2001,2,9,0,-1.22,NA,NA,NA,88
2001,2,9,3,NA,NA,NA,NA,NA
2001,2,9,6,NA,NA,NA,NA,NA
2001,2,9,9,NA,NA,NA,NA,NA
2001,2,9,12,NA,NA,NA,NA,NA
2001,2,9,15,3.6,NA,NA,NA,NA
2001,2,9,18,3.6,NA,NA,NA,NA
2001,2,9,21,3.2,NA,NA,NA,NA
2001,2,10,0,NA,NA,NA,NA,NA
2001,2,10,3,NA,NA,NA,NA,NA
2001,2,10,6,NA,NA,NA,NA,NA
2001,2,10,9,NA,NA,NA,NA,NA
2001,2,10,12,2.86,NA,NA,NA,NA
2001,2,10,15,3.2,NA,NA,NA,98
2001,2,10,18,1.18,NA,NA,NA,98
2001,2,10,21,-0.28,NA,NA,NA,98
2001,2,11,0,-0.26,NA,NA,NA,98
2001,2,11,3,0.16,NA,NA,NA,NA
2001,2,11,6,NA,NA,NA,NA,NA
2001,2,11,9,0.66,NA,NA,NA,92
2001,2,11,12,0.68,NA,NA,NA,NA
2001,2,11,15,2.14,NA,NA,NA,NA
2001,2,11,18,2.72,NA,NA,NA,NA
2001,2,11,21,2.44,NA,NA,NA,NA
2001,2,12,0,NA,NA,NA,NA,NA
2001,2,12,3,1.68,NA,NA,NA,NA
2001,2,12,6,NA,NA,NA,NA,NA
2001,2,12,9,-0.66,NA,NA,NA,NA
2001,2,12,12,NA,NA,NA,NA,NA
2001,2,12,15,0.18,NA,NA,NA,NA
2001,2,12,18,1.98,NA,NA,NA,78
2001,2,12,21,0.04,NA,NA,NA,80
2001,2,13,0,NA,NA,NA,NA,NA
2001,2,13,3,NA,NA,NA,NA,NA
2001,2,13,6,NA,NA,NA,NA,NA
2001,2,13,9,1.84,NA,NA,NA,66
2001,2,13,12,1.26,NA,NA,NA,76
2001,2,13,15,NA,NA,NA,NA,NA
2001,2,13,18,NA,NA,NA,NA,NA
2001,2,13,21,-0.22,NA,NA,NA,92
2001,2,14,0,-0.58,NA,NA,NA,96
2001,2,14,3,NA,NA,NA,NA,NA
2001,2,14,6,NA,NA,NA,NA,NA
2001,2,14,9,2.26,NA,NA,NA,60
2001,2,14,12,2.02,NA,NA,NA,74
2001,2,14,15,NA,NA,NA,NA,NA
2001,2,14,18,NA,NA,NA,NA,NA
2001,2,14,21,0.92,NA,NA,NA,78
2001,2,15,0,NA,NA,NA,NA,NA
2001,2,15,3,NA,NA,NA,NA,NA
2001,2,15,6,NA,NA,NA,NA,NA
2001,2,15,9,3.86,NA,NA,NA,48
2001,2,15,12,1.24,NA,NA,NA,70
2001,2,15,15,0.3,NA,NA,NA,76
2001,2,15,18,NA,NA,NA,NA,NA
2001,2,15,21,NA,NA,NA,NA,NA
2001,2,16,0,NA,NA,NA,NA,NA
2001,2,16,3,2.18,NA,NA,NA,76
2001,2,16,6,NA,NA,NA,NA,NA
2001,2,16,9,2.4,NA,NA,NA,76
2001,2,16,12,4.08,NA,NA,NA,52
2001,2,16,15,2.22,NA,NA,NA,70
2001,2,16,18,NA,NA,NA,NA,NA
2001,2,16,21,NA,NA,NA,NA,76
2001,2,17,0,NA,NA,NA,NA,NA
2001,2,17,3,NA,NA,NA,NA,NA
2001,2,17,6,NA,NA,NA,NA,NA
2001,2,17,9,0.28,NA,NA,NA,94
2001,2,17,12,NA,NA,NA,NA,NA
2001,2,17,15,-0.76,NA,NA,NA,NA
2001,2,17,18,-1.6,NA,NA,NA,88
2001,2,17,21,NA,NA,0.1,NA,82
2001,2,18,0,-2.18,NA,NA,NA,96
2001,2,18,3,NA,NA,NA,NA,NA
2001,2,18,6,NA,NA,NA,NA,NA
2001,2,18,9,NA,NA,NA,NA,NA
2001,2,18,12,-1.18,NA,NA,NA,86
2001,2,18,15,NA,NA,NA,NA,NA
2001,2,18,18,-1.38,NA,NA,NA,NA
2001,2,18,21,-0.06,NA,NA,NA,NA
2001,2,19,0,1.36,NA,NA,NA,NA
2001,2,19,3,NA,NA,NA,NA,NA
2001,2,19,6,NA,NA,NA,NA,NA
2001,2,19,9,NA,NA,NA,NA,NA
2001,2,19,12,-0.04,NA,NA,NA,82
2001,2,19,15,NA,NA,0.2,NA,88
2001,2,19,18,-0.32,NA,NA,NA,88
2001,2,19,21,-0.12,NA,NA,NA,86
2001,2,20,0,0.04,NA,NA,NA,80
2001,2,20,3,-0.62,NA,NA,NA,80
2001,2,20,6,-0.88,NA,NA,NA,70
2001,2,20,9,NA,NA,NA,NA,NA
2001,2,20,12,NA,NA,NA,NA,NA
2001,2,20,15,-1.62,NA,NA,NA,86
2001,2,20,18,-0.04,NA,NA,NA,98
2001,2,20,21,2.84,NA,NA,NA,98
2001,2,21,0,NA,NA,NA,NA,NA
2001,2,21,3,2.94,NA,NA,NA,NA
2001,2,21,6,NA,NA,NA,NA,NA
2001,2,21,9,5.68,NA,NA,NA,40
2001,2,21,12,NA,NA,NA,NA,NA
2001,2,21,15,1.28,NA,NA,NA,86
2001,2,21,18,1.78,NA,NA,NA,96
2001,2,21,21,0.74,NA,NA,NA,82
2001,2,22,0,-0.04,NA,NA,NA,88
2001,2,22,3,NA,NA,NA,NA,NA
2001,2,22,6,NA,NA,NA,NA,NA
2001,2,22,9,1.84,NA,NA,NA,94
2001,2,22,12,NA,NA,NA,NA,NA
2001,2,22,15,NA,NA,NA,NA,NA
2001,2,22,18,0.28,NA,NA,NA,78
2001,2,22,21,0.38,NA,NA,NA,76
2001,2,23,0,-0.38,NA,NA,NA,78
2001,2,23,3,NA,NA,NA,NA,NA
2001,2,23,6,NA,NA,NA,NA,NA
2001,2,23,9,2.06,NA,NA,NA,50
2001,2,23,12,5.34,NA,NA,NA,98
2001,2,23,15,NA,NA,NA,NA,NA
2001,2,23,18,NA,NA,NA,NA,NA
2001,2,23,21,12.4,NA,NA,NA,10
2001,2,24,0,10.38,NA,NA,NA,16
2001,2,24,3,NA,NA,NA,NA,46
2001,2,24,6,NA,NA,NA,NA,NA
2001,2,24,9,3.02,NA,NA,NA,66
2001,2,24,12,2.56,NA,NA,NA,82
2001,2,24,15,5.96,NA,NA,NA,98
2001,2,24,18,NA,NA,NA,NA,NA
2001,2,24,21,2.94,NA,NA,NA,NA
2001,2,25,0,NA,NA,NA,NA,NA
2001,2,25,3,1.42,NA,NA,NA,52
2001,2,25,6,NA,NA,NA,NA,NA
2001,2,25,9,0.44,NA,NA,NA,64
2001,2,25,12,0.24,NA,NA,NA,64
2001,2,25,15,-0.68,NA,NA,NA,80
2001,2,25,18,NA,NA,NA,NA,NA
2001,2,25,21,NA,NA,NA,NA,NA
2001,2,26,0,NA,NA,NA,NA,NA
2001,2,26,3,NA,NA,NA,NA,NA
2001,2,26,6,NA,NA,NA,NA,NA
2001,2,26,9,-1.12,NA,NA,NA,94
2001,2,26,12,-0.64,NA,NA,NA,92
2001,2,26,15,-1.34,NA,NA,NA,94
2001,2,26,18,-0.44,NA,NA,NA,98
2001,2,26,21,NA,NA,NA,NA,NA
2001,2,27,0,-0.46,NA,NA,NA,92
2001,2,27,3,NA,NA,NA,NA,NA
2001,2,27,6,NA,NA,NA,NA,NA
2001,2,27,9,NA,NA,NA,NA,NA
2001,2,27,12,NA,NA,NA,NA,NA
2001,2,27,15,6.22,NA,NA,NA,NA
2001,2,27,18,5.44,NA,NA,NA,NA
2001,2,27,21,4.56,NA,NA,NA,NA
2001,2,28,0,0.72,NA,NA,NA,56
2001,2,28,3,NA,NA,NA,NA,NA
2001,2,28,6,NA,NA,NA,NA,NA
2001,2,28,9,NA,NA,NA,NA,NA
2001,2,28,12,NA,NA,NA,NA,NA
2001,2,28,15,-0.34,NA,NA,NA,86
2001,2,28,18,-0.34,NA,NA,NA,78
2001,2,28,21,-0.24,NA,NA,NA,82
2001,3,1,0,NA,NA,NA,NA,NA
2001,3,1,3,-1.1,NA,NA,NA,82
2001,3,1,6,-0.66,NA,NA,NA,64
2001,3,1,9,NA,NA,NA,NA,NA
2001,3,1,12,NA,NA,NA,NA,NA
2001,3,1,15,-0.84,NA,NA,NA,66
2001,3,1,18,-1.52,NA,NA,NA,78
2001,3,1,21,-2.02,NA,NA,NA,76
2001,3,2,0,NA,NA,NA,NA,NA
2001,3,2,3,-2.28,NA,NA,NA,94
2001,3,2,6,NA,NA,NA,NA,NA
2001,3,2,9,NA,NA,NA,NA,NA
2001,3,2,12,NA,NA,NA,NA,NA
2001,3,2,15,-1.8,NA,NA,NA,98
2001,3,2,18,-1.64,NA,NA,NA,98
2001,3,2,21,-2.78,NA,NA,NA,98
2001,3,3,0,NA,NA,NA,NA,NA
2001,3,3,3,NA,NA,NA,NA,NA
2001,3,3,6,NA,NA,NA,NA,NA
2001,3,3,9,NA,NA,NA,NA,NA
2001,3,3,12,NA,NA,NA,NA,NA
2001,3,3,15,NA,NA,NA,NA,NA
2001,3,3,18,-2.08,NA,NA,NA,78
2001,3,3,21,-2.68,NA,NA,NA,82
2001,3,4,0,-2.82,NA,NA,NA,78
2001,3,4,3,NA,NA,NA,NA,NA
2001,3,4,6,NA,NA,NA,NA,NA
2001,3,4,9,-0.36,NA,NA,NA,80
2001,3,4,12,NA,NA,NA,NA,NA
2001,3,4,15,NA,NA,NA,NA,NA
2001,3,4,18,NA,NA,NA,NA,NA
2001,3,4,21,1.8,NA,NA,NA,NA
2001,3,5,0,NA,NA,NA,NA,40
2001,3,5,3,NA,NA,NA,NA,NA
2001,3,5,6,NA,NA,NA,NA,NA
2001,3,5,9,0.08,NA,NA,NA,74
2001,3,5,12,-0.92,NA,NA,NA,94
2001,3,5,15,-1.2,NA,NA,NA,NA
2001,3,5,18,NA,NA,NA,NA,NA
2001,3,5,21,-1.72,NA,NA,NA,92
2001,3,6,0,NA,NA,NA,NA,NA
2001,3,6,3,0,NA,NA,NA,74
2001,3,6,6,NA,NA,NA,NA,NA
2001,3,6,9,3.66,NA,NA,NA,62
2001,3,6,12,NA,NA,NA,NA,NA
2001,3,6,15,0.54,NA,NA,NA,NA
2001,3,6,18,NA,NA,NA,NA,NA
2001,3,6,21,-0.3,NA,NA,NA,78
2001,3,7,0,NA,NA,NA,NA,NA
2001,3,7,3,NA,NA,NA,NA,NA
2001,3,7,6,NA,NA,NA,NA,NA
2001,3,7,9,2.18,NA,NA,NA,60
2001,3,7,12,3.14,NA,NA,NA,82
2001,3,7,15,3.3,NA,NA,NA,NA
2001,3,7,18,3.66,NA,NA,NA,NA
2001,3,7,21,NA,NA,NA,NA,NA
2001,3,8,0,NA,NA,NA,NA,28
2001,3,8,3,NA,NA,NA,NA,NA
2001,3,8,6,NA,NA,NA,NA,NA
2001,3,8,9,2.42,NA,NA,NA,60
2001,3,8,12,2.12,NA,NA,NA,58
2001,3,8,15,NA,NA,NA,NA,NA
2001,3,8,18,NA,NA,NA,NA,NA
2001,3,8,21,NA,NA,NA,NA,NA
2001,3,9,0,-0.66,NA,NA,NA,82
2001,3,9,3,NA,NA,NA,NA,NA
2001,3,9,6,NA,NA,NA,NA,NA
2001,3,9,9,NA,NA,NA,NA,NA
2001,3,9,12,1.84,NA,NA,NA,62
2001,3,9,15,1.02,NA,NA,NA,74
2001,3,9,18,0.88,NA,NA,NA,82
2001,3,9,21,NA,NA,NA,NA,NA
2001,3,10,0,2,NA,NA,NA,NA
2001,3,10,3,NA,NA,NA,NA,NA
2001,3,10,6,NA,NA,NA,NA,NA
2001,3,10,9,NA,NA,NA,NA,NA
2001,3,10,12,1.98,NA,NA,NA,58
2001,3,10,15,NA,NA,NA,NA,NA
2001,3,10,18,0.38,NA,NA,NA,72
2001,3,10,21,NA,NA,NA,NA,NA
2001,3,11,0,NA,NA,NA,NA,NA
2001,3,11,3,NA,NA,NA,NA,NA
2001,3,11,6,7.04,NA,NA,NA,44
2001,3,11,9,NA,NA,NA,NA,NA
2001,3,11,12,NA,NA,NA,NA,NA
2001,3,11,15,3.92,NA,NA,NA,NA
2001,3,11,18,5.74,NA,NA,NA,68
2001,3,11,21,NA,NA,NA,NA,74
2001,3,12,0,NA,NA,NA,NA,NA
2001,3,12,3,NA,NA,NA,NA,NA
2001,3,12,6,NA,NA,NA,NA,NA
2001,3,12,9,NA,NA,NA,NA,NA
2001,3,12,12,NA,NA,NA,NA,NA
2001,3,12,15,NA,NA,NA,NA,NA
2001,3,12,18,4.98,NA,NA,NA,16
2001,3,12,21,4.96,NA,NA,NA,30
2001,3,13,0,NA,NA,NA,NA,72
2001,3,13,3,NA,NA,NA,NA,NA
2001,3,13,6,NA,NA,NA,NA,NA
2001,3,13,9,2.48,NA,NA,NA,66
2001,3,13,12,3.12,NA,NA,NA,NA
2001,3,13,15,NA,NA,NA,NA,NA
2001,3,13,18,NA,NA,NA,NA,NA
2001,3,13,21,14.88,NA,NA,NA,36
2001,3,14,0,NA,NA,NA,NA,30
2001,3,14,3,NA,NA,NA,NA,NA
2001,3,14,6,NA,NA,NA,NA,NA
2001,3,14,9,5.44,NA,NA,NA,74
2001,3,14,12,NA,NA,NA,NA,NA
2001,3,14,15,NA,NA,NA,NA,60
2001,3,14,18,NA,NA,NA,NA,NA
2001,3,14,21,NA,NA,NA,NA,98
2001,3,15,0,NA,NA,NA,NA,NA
2001,3,15,3,-0.5,NA,NA,NA,82
2001,3,15,6,NA,NA,NA,NA,NA
2001,3,15,9,-0.58,NA,NA,NA,84
2001,3,15,12,NA,NA,NA,NA,NA
2001,3,15,15,0.6,NA,NA,NA,86
2001,3,15,18,NA,NA,NA,NA,NA
2001,3,15,21,NA,NA,NA,NA,NA
2001,3,16,0,NA,NA,NA,NA,NA
2001,3,16,3,NA,NA,NA,NA,NA
2001,3,16,6,NA,NA,NA,NA,NA
2001,3,16,9,8.5,NA,NA,NA,34
2001,3,16,12,NA,NA,NA,NA,NA
2001,3,16,15,NA,NA,NA,NA,92
2001,3,16,18,NA,NA,NA,NA,NA
2001,3,16,21,-2.16,NA,NA,NA,64
2001,3,17,0,-1.84,NA,NA,NA,70
2001,3,17,3,NA,NA,NA,NA,NA
2001,3,17,6,NA,NA,NA,NA,NA
2001,3,17,9,2.66,NA,NA,NA,28
2001,3,17,12,-0.38,NA,NA,NA,60
2001,3,17,15,-2.32,NA,NA,NA,82
2001,3,17,18,NA,NA,NA,NA,NA
2001,3,17,21,-3.16,NA,NA,NA,88
2001,3,18,0,-1.98,NA,NA,NA,98
2001,3,18,3,NA,NA,NA,NA,NA
2001,3,18,6,NA,NA,NA,NA,NA
2001,3,18,9,3.24,NA,NA,NA,88
2001,3,18,12,1.3,NA,NA,NA,NA
2001,3,18,15,0.74,NA,NA,NA,NA
2001,3,18,18,-0.12,NA,NA,NA,NA
2001,3,18,21,NA,NA,NA,NA,NA
2001,3,19,0,NA,NA,NA,NA,NA
2001,3,19,3,NA,NA,NA,NA,NA
2001,3,19,6,NA,NA,NA,NA,NA
2001,3,19,9,NA,NA,NA,NA,NA
2001,3,19,12,NA,NA,NA,NA,NA
2001,3,19,15,-1.6,NA,NA,NA,98
2001,3,19,18,-1.46,NA,NA,NA,88
2001,3,19,21,NA,NA,NA,NA,NA
2001,3,20,0,NA,NA,NA,NA,NA
2001,3,20,3,NA,NA,NA,NA,NA
2001,3,20,6,-1.12,NA,NA,NA,68
2001,3,20,9,NA,NA,NA,NA,NA
2001,3,20,12,NA,NA,NA,NA,NA
2001,3,20,15,-1.34,NA,NA,NA,76
2001,3,20,18,-1.76,NA,NA,NA,82
2001,3,20,21,-1.96,NA,NA,NA,86
2001,3,21,0,-1.8,NA,NA,NA,88
2001,3,21,3,NA,NA,NA,NA,NA
2001,3,21,6,NA,NA,NA,NA,NA
2001,3,21,9,NA,NA,NA,NA,NA
2001,3,21,12,-1.4,NA,NA,NA,86
2001,3,21,15,NA,NA,NA,NA,NA
2001,3,21,18,-1.46,NA,NA,NA,NA
2001,3,21,21,-0.46,NA,NA,NA,NA
2001,3,22,0,0.68,NA,NA,NA,NA
2001,3,22,3,NA,NA,NA,NA,NA
2001,3,22,6,NA,NA,NA,NA,NA
2001,3,22,9,NA,NA,NA,NA,NA
2001,3,22,12,NA,NA,NA,NA,NA
2001,3,22,15,3.88,NA,NA,NA,80
2001,3,22,18,1.92,NA,NA,NA,NA
2001,3,22,21,3.1,NA,NA,NA,80
2001,3,23,0,1.04,NA,NA,NA,NA
2001,3,23,3,NA,NA,NA,NA,NA
2001,3,23,6,NA,NA,NA,NA,NA
2001,3,23,9,-0.24,NA,NA,NA,84
2001,3,23,12,-0.06,NA,NA,NA,78
2001,3,23,15,-0.46,NA,NA,NA,84
2001,3,23,18,NA,NA,NA,NA,NA
2001,3,23,21,3.64,NA,NA,NA,NA
2001,3,24,0,NA,NA,NA,NA,NA
2001,3,24,3,2.92,NA,NA,NA,NA
2001,3,24,6,NA,NA,NA,NA,NA
2001,3,24,9,0.94,NA,NA,NA,NA
2001,3,24,12,NA,NA,NA,NA,NA
2001,3,24,15,-0.52,NA,NA,NA,NA
2001,3,24,18,NA,NA,NA,NA,NA
2001,3,24,21,-1.46,NA,NA,NA,NA
2001,3,25,0,NA,NA,NA,NA,NA
2001,3,25,3,NA,NA,NA,NA,NA
2001,3,25,6,NA,NA,NA,NA,NA
2001,3,25,9,0.32,NA,NA,NA,80
2001,3,25,12,-0.74,NA,NA,NA,86
2001,3,25,15,NA,NA,NA,NA,NA
2001,3,25,18,-2.2,NA,NA,NA,86
2001,3,25,21,-2.1,NA,NA,NA,74
2001,3,26,0,-0.66,NA,NA,NA,66
2001,3,26,3,NA,NA,NA,NA,NA
2001,3,26,6,NA,NA,NA,NA,NA
2001,3,26,9,-2.74,NA,NA,NA,84
2001,3,26,12,-1.58,NA,NA,NA,74
2001,3,26,15,-1.68,NA,NA,NA,92
2001,3,26,18,NA,NA,NA,NA,NA
2001,3,26,21,NA,NA,NA,NA,NA
2001,3,27,0,-3.08,NA,NA,NA,98
2001,3,27,3,-3.08,NA,NA,NA,96
2001,3,27,6,NA,NA,NA,NA,NA
2001,3,27,9,-2.12,NA,NA,NA,74
2001,3,27,12,NA,NA,NA,NA,NA
2001,3,27,15,-2.04,NA,NA,NA,82
2001,3,27,18,-1.82,NA,NA,NA,74
2001,3,27,21,NA,NA,NA,NA,NA
2001,3,28,0,NA,NA,NA,NA,NA
2001,3,28,3,-0.44,NA,NA,NA,56
2001,3,28,6,NA,NA,NA,NA,NA
2001,3,28,9,-0.2,NA,NA,NA,62
2001,3,28,12,NA,NA,NA,NA,NA
2001,3,28,15,-1.36,NA,NA,NA,80
2001,3,28,18,1.66,NA,NA,NA,58
2001,3,28,21,NA,NA,NA,NA,NA
2001,3,29,0,NA,NA,NA,NA,NA
2001,3,29,3,NA,NA,NA,NA,NA
2001,3,29,6,NA,NA,NA,NA,NA
2001,3,29,9,NA,NA,NA,NA,NA
2001,3,29,12,NA,NA,NA,NA,NA
2001,3,29,15,NA,NA,NA,NA,NA
2001,3,29,18,6.38,NA,NA,NA,28
2001,3,29,21,7.36,NA,NA,NA,22
2001,3,30,0,NA,NA,NA,NA,NA
2001,3,30,3,NA,NA,NA,NA,NA
2001,3,30,6,NA,NA,NA,NA,NA
2001,3,30,9,NA,NA,NA,NA,NA
2001,3,30,12,NA,NA,NA,NA,NA
2001,3,30,15,0.44,NA,NA,NA,98
2001,3,30,18,2.76,NA,NA,NA,34
2001,3,30,21,0.16,NA,NA,NA,78
2001,3,31,0,0.28,NA,NA,NA,76
2001,3,31,3,NA,NA,NA,NA,NA
2001,3,31,6,-0.36,NA,NA,NA,92
2001,3,31,9,NA,NA,NA,NA,NA
2001,3,31,12,-0.84,NA,NA,NA,88
2001,3,31,15,-0.72,NA,NA,NA,84
2001,3,31,18,-0.16,NA,NA,NA,76
2001,3,31,21,-0.68,NA,NA,NA,72
2001,4,1,0,NA,NA,NA,NA,NA
2001,4,1,3,0.24,NA,NA,NA,72
2001,4,1,6,0.28,NA,NA,NA,64
2001,4,1,9,0.02,NA,NA,NA,70
2001,4,1,12,NA,NA,NA,NA,NA
2001,4,1,15,-2.5,NA,NA,NA,88
2001,4,1,18,-2.58,NA,NA,NA,88
2001,4,1,21,-3.04,NA,NA,NA,96
2001,4,2,0,NA,NA,NA,NA,NA
2001,4,2,3,NA,NA,NA,NA,NA
2001,4,2,6,NA,NA,NA,NA,NA
2001,4,2,9,-2.28,NA,NA,NA,96
2001,4,2,12,NA,NA,NA,NA,NA
2001,4,2,15,-4.1,NA,NA,NA,78
2001,4,2,18,NA,NA,NA,NA,NA
2001,4,2,21,-3.18,NA,NA,NA,78
2001,4,3,0,-2.26,NA,NA,NA,78
2001,4,3,3,NA,NA,NA,NA,NA
2001,4,3,6,NA,NA,NA,NA,NA
2001,4,3,9,-0.26,NA,NA,NA,74
2001,4,3,12,-1.9,NA,NA,NA,78
2001,4,3,15,NA,NA,NA,NA,NA
2001,4,3,18,NA,NA,NA,NA,NA
2001,4,3,21,1.68,NA,NA,NA,NA
2001,4,4,0,1.62,NA,NA,NA,NA
2001,4,4,3,NA,NA,NA,NA,NA
2001,4,4,6,NA,NA,NA,NA,NA
2001,4,4,9,0.72,NA,NA,NA,82
2001,4,4,12,-1.4,NA,NA,NA,92
2001,4,4,15,-1.76,NA,NA,NA,98
2001,4,4,18,NA,NA,NA,NA,NA
2001,4,4,21,NA,NA,NA,NA,NA
2001,4,5,0,-1.2,NA,NA,NA,96
2001,4,5,3,NA,NA,NA,NA,NA
2001,4,5,6,NA,NA,NA,NA,NA
2001,4,5,9,6.48,NA,NA,NA,NA
2001,4,5,12,NA,NA,NA,NA,NA
2001,4,5,15,3.64,NA,NA,NA,76
2001,4,5,18,NA,NA,NA,NA,NA
2001,4,5,21,NA,NA,NA,NA,NA
2001,4,6,0,NA,NA,NA,NA,NA
2001,4,6,3,NA,NA,NA,NA,NA
2001,4,6,6,NA,NA,NA,NA,NA
2001,4,6,9,NA,NA,NA,NA,NA
2001,4,6,12,0.48,NA,NA,NA,98
2001,4,6,15,-0.52,NA,NA,NA,98
2001,4,6,18,0.2,NA,NA,NA,96
2001,4,6,21,NA,NA,NA,NA,NA
2001,4,7,0,1.72,NA,NA,NA,86
2001,4,7,3,NA,NA,NA,NA,NA
2001,4,7,6,NA,NA,NA,NA,NA
2001,4,7,9,NA,NA,NA,NA,NA
2001,4,7,12,2.58,NA,NA,NA,82
2001,4,7,15,5.24,NA,NA,NA,62
2001,4,7,18,2.86,NA,NA,NA,82
2001,4,7,21,NA,NA,NA,NA,NA
2001,4,8,0,-0.96,NA,NA,NA,62
2001,4,8,3,NA,NA,NA,NA,NA
2001,4,8,6,NA,NA,NA,NA,NA
2001,4,8,9,NA,NA,NA,NA,NA
2001,4,8,12,NA,NA,NA,NA,NA
2001,4,8,15,-0.16,NA,NA,NA,40
2001,4,8,18,-2.64,NA,NA,NA,92
2001,4,8,21,-1.94,NA,NA,NA,98
2001,4,9,0,-1.26,NA,NA,NA,98
2001,4,9,3,NA,NA,NA,NA,NA
2001,4,9,6,0.2,NA,NA,NA,64
2001,4,9,9,NA,NA,NA,NA,NA
2001,4,9,12,NA,NA,NA,NA,NA
2001,4,9,15,-2.92,NA,NA,NA,88
2001,4,9,18,-3.5,NA,NA,NA,86
2001,4,9,21,-3.84,NA,NA,NA,84
2001,4,10,0,NA,NA,NA,NA,NA
2001,4,10,3,-2.78,NA,NA,NA,70
2001,4,10,6,-2.96,NA,NA,NA,66
2001,4,10,9,-1.94,NA,NA,NA,70
2001,4,10,12,NA,NA,NA,NA,NA
2001,4,10,15,-3.5,NA,NA,NA,86
2001,4,10,18,-3.34,NA,NA,NA,92
2001,4,10,21,-3.32,NA,NA,NA,88
2001,4,11,0,NA,NA,NA,NA,NA
2001,4,11,3,NA,NA,NA,NA,NA
2001,4,11,6,NA,NA,NA,NA,NA
2001,4,11,9,-2.42,NA,NA,NA,60
2001,4,11,12,NA,NA,NA,NA,NA
2001,4,11,15,NA,NA,NA,NA,NA
2001,4,11,18,NA,NA,NA,NA,NA
2001,4,11,21,-2.92,NA,NA,NA,86
2001,4,12,0,-2.76,NA,NA,NA,86
2001,4,12,3,NA,NA,NA,NA,NA
2001,4,12,6,NA,NA,NA,NA,NA
2001,4,12,9,NA,NA,NA,NA,NA
2001,4,12,12,3.6,NA,NA,NA,NA
2001,4,12,15,NA,NA,NA,NA,NA
2001,4,12,18,NA,NA,NA,NA,NA
2001,4,12,21,11.84,NA,NA,NA,38
2001,4,13,0,9.46,NA,NA,NA,60
2001,4,13,3,NA,NA,NA,NA,NA
2001,4,13,6,NA,NA,NA,NA,NA
2001,4,13,9,3.9,NA,NA,NA,NA
2001,4,13,12,NA,NA,NA,NA,NA
2001,4,13,15,2.92,NA,NA,NA,88
2001,4,13,18,NA,NA,NA,NA,NA
2001,4,13,21,-0.38,NA,NA,NA,76
2001,4,14,0,NA,NA,NA,NA,NA
2001,4,14,3,-2.54,NA,NA,NA,54
2001,4,14,6,NA,NA,NA,NA,NA
2001,4,14,9,-0.88,NA,NA,NA,52
2001,4,14,12,-1.56,NA,NA,NA,66
2001,4,14,15,-1.32,NA,NA,NA,82
2001,4,14,18,NA,NA,NA,NA,NA
2001,4,14,21,2.36,NA,NA,NA,76
2001,4,15,0,NA,NA,NA,NA,NA
2001,4,15,3,NA,NA,NA,NA,NA
2001,4,15,6,NA,NA,NA,NA,NA
2001,4,15,9,6.8,NA,NA,NA,58
2001,4,15,12,8.48,NA,NA,NA,30
2001,4,15,15,NA,NA,NA,NA,98
2001,4,15,18,NA,NA,NA,NA,NA
2001,4,15,21,NA,NA,NA,NA,NA
2001,4,16,0,-2.1,NA,NA,NA,96
2001,4,16,3,NA,NA,NA,NA,NA
2001,4,16,6,NA,NA,NA,NA,NA
2001,4,16,9,NA,NA,NA,NA,NA
2001,4,16,12,-1.98,NA,NA,NA,82
2001,4,16,15,-2.62,NA,NA,NA,78
2001,4,16,18,-1.76,NA,NA,NA,74
2001,4,16,21,0.46,NA,NA,NA,NA
2001,4,17,0,2.08,NA,NA,NA,NA
2001,4,17,3,NA,NA,NA,NA,NA
2001,4,17,6,NA,NA,NA,NA,NA
2001,4,17,9,NA,NA,NA,NA,NA
2001,4,17,12,-0.56,NA,NA,NA,92
2001,4,17,15,-0.76,NA,NA,NA,98
2001,4,17,18,-0.8,NA,NA,NA,86
2001,4,17,21,-0.18,NA,NA,NA,90
2001,4,18,0,-0.06,NA,NA,NA,NA
2001,4,18,3,NA,NA,NA,NA,NA
2001,4,18,6,NA,NA,NA,NA,NA
2001,4,18,9,NA,NA,NA,NA,NA
2001,4,18,12,NA,NA,NA,NA,NA
2001,4,18,15,-1.58,NA,NA,NA,80
2001,4,18,18,-2,NA,NA,NA,80
2001,4,18,21,-2.14,NA,NA,NA,92
2001,4,19,0,NA,NA,NA,NA,NA
2001,4,19,3,-1.48,NA,NA,NA,76
2001,4,19,6,NA,NA,NA,NA,NA
2001,4,19,9,NA,NA,NA,NA,NA
2001,4,19,12,NA,NA,NA,NA,NA
2001,4,19,15,-4.14,NA,NA,NA,64
2001,4,19,18,-3.76,NA,NA,NA,62
2001,4,19,21,-1.58,NA,NA,NA,62
2001,4,20,0,-1.38,NA,NA,NA,62
2001,4,20,3,NA,NA,NA,NA,NA
2001,4,20,6,NA,NA,NA,NA,NA
2001,4,20,9,2.74,NA,NA,NA,NA
2001,4,20,12,NA,NA,NA,NA,NA
2001,4,20,15,NA,NA,NA,NA,NA
2001,4,20,18,3.52,NA,NA,NA,NA
2001,4,20,21,3.16,NA,NA,NA,NA
2001,4,21,0,1.92,NA,NA,NA,76
2001,4,21,3,NA,NA,NA,NA,NA
2001,4,21,6,NA,NA,NA,NA,NA
2001,4,21,9,-4.1,NA,NA,NA,74
2001,4,21,12,-2.32,NA,NA,NA,52
2001,4,21,15,NA,NA,NA,NA,NA
2001,4,21,18,NA,NA,NA,NA,NA
2001,4,21,21,-2.62,NA,NA,NA,82
2001,4,22,0,-1.28,NA,NA,NA,68
2001,4,22,3,NA,NA,NA,NA,NA
2001,4,22,6,NA,NA,NA,NA,NA
2001,4,22,9,1.34,NA,NA,NA,86
2001,4,22,12,NA,NA,NA,NA,26
2001,4,22,15,NA,NA,NA,NA,58
2001,4,22,18,NA,NA,NA,NA,NA
2001,4,22,21,NA,NA,NA,NA,8
2001,4,23,0,NA,NA,NA,NA,NA
2001,4,23,3,NA,NA,NA,NA,66
2001,4,23,6,NA,NA,NA,NA,NA
2001,4,23,9,11.62,NA,NA,NA,60
2001,4,23,12,NA,NA,NA,NA,NA
2001,4,23,15,NA,NA,NA,NA,72
2001,4,23,18,NA,NA,NA,NA,NA
2001,4,23,21,NA,NA,NA,NA,66
2001,4,24,0,NA,NA,NA,NA,NA
2001,4,24,3,NA,NA,NA,NA,NA
2001,4,24,6,NA,NA,NA,NA,NA
2001,4,24,9,12.76,NA,NA,NA,26
2001,4,24,12,NA,NA,NA,NA,NA
2001,4,24,15,NA,NA,NA,NA,NA
2001,4,24,18,NA,NA,NA,NA,NA
2001,4,24,21,NA,NA,NA,NA,68
2001,4,25,0,9.44,NA,NA,NA,48
2001,4,25,3,NA,NA,NA,NA,NA
2001,4,25,6,NA,NA,NA,NA,NA
2001,4,25,9,-1.08,NA,NA,NA,72
2001,4,25,12,-0.96,NA,NA,NA,66
2001,4,25,15,NA,NA,NA,NA,NA
2001,4,25,18,-1.96,NA,NA,NA,74
2001,4,25,21,-2.5,NA,NA,NA,74
2001,4,26,0,-2.88,NA,NA,NA,84
2001,4,26,3,NA,NA,NA,NA,NA
2001,4,26,6,NA,NA,NA,NA,NA
2001,4,26,9,NA,NA,NA,NA,NA
2001,4,26,12,-2.86,NA,NA,NA,78
2001,4,26,15,-3.14,NA,NA,NA,84
2001,4,26,18,-2.46,NA,NA,NA,86
2001,4,26,21,NA,NA,NA,NA,NA
2001,4,27,0,NA,NA,NA,NA,NA
2001,4,27,3,-0.48,NA,NA,NA,80
2001,4,27,6,-0.54,NA,NA,NA,82
2001,4,27,9,NA,NA,NA,NA,NA
2001,4,27,12,NA,NA,NA,NA,NA
2001,4,27,15,0.64,NA,NA,NA,88
2001,4,27,18,4.8,NA,NA,NA,74
2001,4,27,21,NA,NA,NA,NA,NA
2001,4,28,0,NA,NA,NA,NA,NA
2001,4,28,3,NA,NA,NA,NA,NA
2001,4,28,6,NA,NA,NA,NA,74
2001,4,28,9,NA,NA,NA,NA,NA
2001,4,28,12,NA,NA,NA,NA,NA
2001,4,28,15,-2.98,NA,NA,NA,96
2001,4,28,18,-2.68,NA,NA,NA,NA
2001,4,28,21,-1.12,NA,NA,NA,72
2001,4,29,0,0.22,NA,NA,NA,58
2001,4,29,3,NA,NA,NA,NA,NA
2001,4,29,6,1.4,NA,NA,NA,80
2001,4,29,9,1.32,NA,NA,NA,80
2001,4,29,12,NA,NA,NA,NA,NA
2001,4,29,15,NA,NA,NA,NA,NA
2001,4,29,18,-1.76,NA,NA,NA,NA
2001,4,29,21,-2.32,NA,NA,NA,98
2001,4,30,0,-2.44,NA,NA,NA,88
2001,4,30,3,NA,NA,NA,NA,NA
2001,4,30,6,NA,NA,NA,NA,NA
2001,4,30,9,-1.92,NA,NA,NA,82
2001,4,30,12,-1.62,NA,NA,NA,74
2001,4,30,15,-3.2,NA,NA,NA,92
2001,4,30,18,-2.54,NA,NA,NA,96
2001,4,30,21,-2.18,NA,NA,NA,86
2001,5,1,0,NA,NA,NA,NA,NA
2001,5,1,3,NA,NA,NA,NA,NA
2001,5,1,6,NA,NA,NA,NA,NA
2001,5,1,9,2.24,NA,NA,NA,78
2001,5,1,12,NA,NA,NA,NA,NA
2001,5,1,15,-0.06,NA,NA,NA,88
2001,5,1,18,NA,NA,NA,NA,NA
2001,5,1,21,-0.18,NA,NA,NA,72
2001,5,2,0,NA,NA,NA,NA,NA
2001,5,2,3,NA,NA,NA,NA,NA
2001,5,2,6,NA,NA,NA,NA,NA
2001,5,2,9,NA,NA,NA,NA,54
2001,5,2,12,NA,NA,NA,NA,NA
2001,5,2,15,0.42,NA,NA,NA,72
2001,5,2,18,NA,NA,NA,NA,NA
2001,5,2,21,1.06,NA,NA,NA,96
2001,5,3,0,NA,NA,NA,NA,NA
2001,5,3,3,NA,NA,NA,NA,NA
2001,5,3,6,NA,NA,NA,NA,NA
2001,5,3,9,1.02,NA,NA,NA,48
2001,5,3,12,NA,NA,NA,NA,94
2001,5,3,15,NA,NA,NA,NA,98
2001,5,3,18,NA,NA,NA,NA,98
2001,5,3,21,NA,NA,NA,NA,NA
2001,5,4,0,5.76,NA,NA,NA,NA
2001,5,4,3,NA,NA,NA,NA,NA
2001,5,4,6,NA,NA,NA,NA,NA
2001,5,4,9,-1.04,NA,NA,NA,80
2001,5,4,12,-1.1,NA,NA,NA,74
2001,5,4,15,-1.94,NA,NA,NA,84
2001,5,4,18,NA,NA,NA,NA,NA
2001,5,4,21,NA,NA,NA,NA,NA
2001,5,5,0,-3.08,NA,NA,NA,90
2001,5,5,3,NA,NA,NA,NA,NA
2001,5,5,6,NA,NA,NA,NA,NA
2001,5,5,9,-2.06,NA,NA,NA,72
2001,5,5,12,-2.48,NA,NA,NA,80
2001,5,5,15,-2.98,NA,NA,NA,70
2001,5,5,18,NA,NA,NA,NA,NA
2001,5,5,21,NA,NA,NA,NA,NA
2001,5,6,0,-4.98,NA,NA,NA,98
2001,5,6,3,-2.92,NA,NA,NA,98
2001,5,6,6,NA,NA,NA,NA,NA
2001,5,6,9,NA,NA,NA,NA,NA
2001,5,6,12,NA,NA,NA,NA,NA
2001,5,6,15,NA,NA,NA,NA,NA
2001,5,6,18,-1.18,NA,NA,NA,NA
2001,5,6,21,NA,NA,NA,NA,NA
2001,5,7,0,NA,NA,NA,NA,NA
2001,5,7,3,NA,NA,NA,NA,NA
2001,5,7,6,NA,NA,NA,NA,NA
2001,5,7,9,NA,NA,NA,NA,NA
2001,5,7,12,NA,NA,NA,NA,NA
2001,5,7,15,-5.38,NA,NA,NA,84
2001,5,7,18,-7.62,NA,NA,NA,84
2001,5,7,21,-7.56,NA,NA,NA,80
2001,5,8,0,-7.92,NA,NA,NA,88
2001,5,8,3,NA,NA,NA,NA,NA
2001,5,8,6,-7.08,NA,NA,NA,80
2001,5,8,9,NA,NA,NA,NA,NA
2001,5,8,12,NA,NA,NA,NA,NA
2001,5,8,15,NA,NA,NA,NA,NA
2001,5,8,18,-6.54,NA,NA,NA,94
2001,5,8,21,-5.84,NA,NA,NA,96
2001,5,9,0,-4.64,NA,NA,NA,98
2001,5,9,3,NA,NA,NA,NA,NA
2001,5,9,6,NA,NA,NA,NA,NA
2001,5,9,9,NA,NA,NA,NA,NA
2001,5,9,12,NA,NA,NA,NA,34
2001,5,9,15,NA,NA,NA,NA,NA
2001,5,9,18,NA,NA,NA,NA,94
2001,5,9,21,-0.38,NA,NA,NA,96
2001,5,10,0,-0.58,NA,NA,NA,92
2001,5,10,3,NA,NA,NA,NA,NA
2001,5,10,6,NA,NA,NA,NA,NA
2001,5,10,9,-0.3,NA,NA,NA,82
2001,5,10,12,4.02,NA,NA,NA,24
2001,5,10,15,1.06,NA,NA,NA,NA
2001,5,10,18,1,NA,NA,NA,NA
2001,5,10,21,0.54,NA,NA,NA,92
2001,5,11,0,NA,NA,NA,NA,NA
2001,5,11,3,0.24,NA,NA,NA,76
2001,5,11,6,NA,NA,NA,NA,NA
2001,5,11,9,-1.22,NA,NA,NA,84
2001,5,11,12,-0.56,NA,NA,NA,92
2001,5,11,15,-1.16,NA,NA,NA,86
2001,5,11,18,-1.06,NA,NA,NA,90
2001,5,11,21,-1.44,NA,NA,NA,94
2001,5,12,0,NA,NA,NA,NA,NA
2001,5,12,3,NA,NA,NA,NA,NA
2001,5,12,6,NA,NA,NA,NA,NA
2001,5,12,9,-0.8,NA,NA,NA,66
2001,5,12,12,-1.76,NA,NA,NA,74
2001,5,12,15,NA,NA,NA,NA,NA
2001,5,12,18,NA,NA,NA,NA,NA
2001,5,12,21,-1.12,NA,NA,NA,NA
2001,5,13,0,-1.52,NA,NA,NA,66
2001,5,13,3,NA,NA,NA,NA,NA
2001,5,13,6,NA,NA,NA,NA,NA
2001,5,13,9,-3.78,NA,NA,NA,86
2001,5,13,12,-3.66,NA,NA,NA,94
2001,5,13,15,-2.32,NA,NA,NA,98
2001,5,13,18,NA,NA,NA,NA,NA
2001,5,13,21,NA,NA,NA,NA,NA
2001,5,14,0,-2.74,NA,NA,NA,78
2001,5,14,3,NA,NA,NA,NA,NA
2001,5,14,6,NA,NA,NA,NA,NA
2001,5,14,9,-4.72,NA,NA,NA,92
2001,5,14,12,-5.62,NA,NA,NA,80
2001,5,14,15,-5.34,NA,NA,NA,80
2001,5,14,18,-4.82,NA,NA,NA,78
2001,5,14,21,NA,NA,NA,NA,NA
2001,5,15,0,NA,NA,NA,NA,NA
2001,5,15,3,-6.24,NA,NA,NA,82
2001,5,15,6,NA,NA,NA,NA,NA
2001,5,15,9,-4.9,NA,NA,NA,96
2001,5,15,12,-3.9,NA,NA,NA,98
2001,5,15,15,-3.2,NA,NA,NA,98
2001,5,15,18,NA,NA,NA,NA,NA
2001,5,15,21,-3.4,NA,NA,NA,98
2001,5,16,0,NA,NA,NA,NA,NA
2001,5,16,3,NA,NA,NA,NA,NA
2001,5,16,6,NA,NA,NA,NA,NA
2001,5,16,9,NA,NA,NA,NA,NA
2001,5,16,12,-6.6,NA,NA,NA,90
2001,5,16,15,-6.64,NA,NA,NA,80
2001,5,16,18,-6.7,NA,NA,NA,84
2001,5,16,21,-5.7,NA,NA,NA,90
2001,5,17,0,-4.96,NA,NA,NA,78
2001,5,17,3,NA,NA,NA,NA,NA
2001,5,17,6,-2.62,NA,NA,NA,62
2001,5,17,9,NA,NA,NA,NA,NA
2001,5,17,12,-3.58,NA,NA,NA,72
2001,5,17,15,NA,NA,NA,NA,NA
2001,5,17,18,-3.74,NA,NA,NA,96
2001,5,17,21,-3.02,NA,NA,NA,98
2001,5,18,0,-2.2,NA,NA,NA,72
2001,5,18,3,NA,NA,NA,NA,NA
2001,5,18,6,NA,NA,NA,NA,NA
2001,5,18,9,NA,NA,NA,NA,NA
2001,5,18,12,NA,NA,NA,NA,NA
2001,5,18,15,-2.92,NA,NA,NA,96
2001,5,18,18,-2.26,NA,NA,NA,88
2001,5,18,21,-2.44,NA,NA,NA,88
2001,5,19,0,-3.54,NA,NA,NA,88
2001,5,19,3,-2.98,NA,NA,NA,90
2001,5,19,6,NA,NA,NA,NA,NA
2001,5,19,9,NA,NA,NA,NA,NA
2001,5,19,12,NA,NA,NA,NA,NA
2001,5,19,15,-3.34,NA,NA,NA,76
2001,5,19,18,-3.64,NA,NA,NA,78
2001,5,19,21,-4.14,NA,NA,NA,94
2001,5,20,0,NA,NA,NA,NA,NA
2001,5,20,3,-4.1,NA,NA,NA,96
2001,5,20,6,NA,NA,NA,NA,NA
2001,5,20,9,-2.66,NA,NA,NA,66
2001,5,20,12,NA,NA,NA,NA,NA
2001,5,20,15,-4.18,NA,NA,NA,74
2001,5,20,18,-3.4,NA,NA,NA,78
2001,5,20,21,-3.76,NA,NA,NA,74
2001,5,21,0,-3.44,NA,NA,NA,80
2001,5,21,3,NA,NA,NA,NA,NA
2001,5,21,6,NA,NA,NA,NA,NA
2001,5,21,9,-4.62,NA,NA,NA,74
2001,5,21,12,NA,NA,NA,NA,NA
2001,5,21,15,NA,NA,NA,NA,NA
2001,5,21,18,NA,NA,NA,NA,NA
2001,5,21,21,-5.06,NA,NA,NA,94
2001,5,22,0,-4.54,NA,NA,NA,96
2001,5,22,3,NA,NA,NA,NA,NA
2001,5,22,6,NA,NA,NA,NA,NA
2001,5,22,9,-1.6,NA,NA,NA,NA
2001,5,22,12,-1.76,NA,NA,NA,NA
2001,5,22,15,NA,NA,NA,NA,NA
2001,5,22,18,NA,NA,NA,NA,NA
2001,5,22,21,-1.4,NA,NA,NA,86
2001,5,23,0,-4.14,NA,NA,NA,92
2001,5,23,3,NA,NA,NA,NA,NA
2001,5,23,6,NA,NA,NA,NA,NA
2001,5,23,9,-5.68,NA,NA,NA,88
2001,5,23,12,NA,NA,NA,NA,NA
2001,5,23,15,-4.36,NA,NA,NA,96
2001,5,23,18,NA,NA,NA,NA,NA
2001,5,23,21,NA,NA,NA,NA,NA
2001,5,24,0,NA,NA,NA,NA,NA
2001,5,24,3,-3.02,NA,NA,NA,98
2001,5,24,6,NA,NA,NA,NA,NA
2001,5,24,9,-2.12,NA,NA,NA,98
2001,5,24,12,-2.3,NA,NA,NA,98
2001,5,24,15,-2.66,NA,NA,NA,98
2001,5,24,18,-2.48,NA,NA,NA,98
2001,5,24,21,NA,NA,NA,NA,NA
2001,5,25,0,NA,NA,NA,NA,NA
2001,5,25,3,NA,NA,NA,NA,NA
2001,5,25,6,NA,NA,NA,NA,NA
2001,5,25,9,NA,NA,NA,NA,NA
2001,5,25,12,-2.54,NA,NA,NA,98
2001,5,25,15,NA,NA,NA,NA,NA
2001,5,25,18,-2.34,NA,NA,NA,98
2001,5,25,21,-2.68,NA,NA,NA,98
2001,5,26,0,-3.52,NA,NA,NA,98
2001,5,26,3,NA,NA,NA,NA,NA
2001,5,26,6,-4.34,NA,NA,NA,98
2001,5,26,9,NA,NA,NA,NA,NA
2001,5,26,12,-5.42,NA,NA,NA,96
2001,5,26,15,-5.8,NA,NA,NA,96
2001,5,26,18,-4.62,NA,NA,NA,96
2001,5,26,21,-4.84,NA,NA,NA,96
2001,5,27,0,-4.1,NA,NA,NA,98
2001,5,27,3,NA,NA,NA,NA,NA
2001,5,27,6,-1.52,NA,NA,NA,98
2001,5,27,9,NA,NA,NA,NA,NA
2001,5,27,12,NA,NA,NA,NA,66
2001,5,27,15,7.18,NA,NA,NA,90
2001,5,27,18,NA,NA,NA,NA,NA
2001,5,27,21,NA,NA,NA,NA,44
2001,5,28,0,NA,NA,NA,NA,NA
2001,5,28,3,NA,NA,NA,NA,94
2001,5,28,6,-1.52,NA,NA,NA,90
2001,5,28,9,NA,NA,NA,NA,NA
2001,5,28,12,NA,NA,NA,NA,NA
2001,5,28,15,-2.92,NA,NA,NA,98
2001,5,28,18,-2.28,NA,NA,NA,98
2001,5,28,21,-1.86,NA,NA,NA,94
2001,5,29,0,NA,NA,NA,NA,NA
2001,5,29,3,NA,NA,NA,NA,NA
2001,5,29,6,NA,NA,NA,NA,NA
2001,5,29,9,-1.64,NA,NA,NA,80
2001,5,29,12,NA,NA,NA,NA,NA
2001,5,29,15,-2.34,NA,NA,NA,90
2001,5,29,18,NA,NA,NA,NA,NA
2001,5,29,21,NA,NA,NA,NA,NA
2001,5,30,0,NA,NA,NA,NA,NA
2001,5,30,3,NA,NA,NA,NA,NA
2001,5,30,6,NA,NA,NA,NA,NA
2001,5,30,9,-2.22,NA,NA,NA,72
2001,5,30,12,-0.64,NA,NA,NA,68
2001,5,30,15,NA,NA,NA,NA,NA
2001,5,30,18,NA,NA,NA,NA,NA
2001,5,30,21,5.7,NA,NA,NA,NA
2001,5,31,0,5.46,NA,NA,NA,NA
2001,5,31,3,NA,NA,NA,NA,NA
2001,5,31,6,NA,NA,NA,NA,NA
2001,5,31,9,9.38,NA,NA,NA,NA
2001,5,31,12,NA,NA,NA,NA,98
2001,5,31,15,NA,NA,NA,NA,92
2001,5,31,18,NA,NA,NA,NA,NA
2001,5,31,21,NA,NA,NA,NA,98
2001,6,1,0,NA,NA,NA,NA,NA
2001,6,1,3,NA,NA,NA,NA,NA
2001,6,1,6,NA,NA,NA,NA,NA
2001,6,1,9,-1.9,NA,NA,NA,74
2001,6,1,12,-3.16,NA,NA,NA,80
2001,6,1,15,-3.42,NA,NA,NA,82
2001,6,1,18,NA,NA,NA,NA,NA
2001,6,1,21,NA,NA,NA,NA,NA
2001,6,2,0,NA,NA,NA,NA,NA
2001,6,2,3,NA,NA,NA,NA,NA
2001,6,2,6,NA,NA,NA,NA,NA
2001,6,2,9,-1.68,NA,NA,NA,92
2001,6,2,12,0.24,NA,NA,NA,NA
2001,6,2,15,1.4,NA,NA,NA,NA
2001,6,2,18,3.26,NA,NA,NA,NA
2001,6,2,21,3.86,NA,NA,NA,44
2001,6,3,0,NA,NA,NA,NA,66
2001,6,3,3,NA,NA,NA,NA,NA
2001,6,3,6,NA,NA,NA,NA,NA
2001,6,3,9,NA,NA,NA,NA,NA
2001,6,3,12,-2.6,NA,NA,NA,96
2001,6,3,15,-1.78,NA,NA,NA,66
2001,6,3,18,-1.56,NA,NA,NA,66
2001,6,3,21,-1.28,NA,NA,NA,72
2001,6,4,0,-3.36,NA,NA,NA,98
2001,6,4,3,NA,NA,NA,NA,NA
2001,6,4,6,NA,NA,NA,NA,NA
2001,6,4,9,NA,NA,NA,NA,NA
2001,6,4,12,-6.34,NA,NA,NA,86
2001,6,4,15,-4.98,NA,NA,NA,66
2001,6,4,18,-5.34,NA,NA,NA,84
2001,6,4,21,-5.04,NA,NA,NA,82
2001,6,5,0,-4.02,NA,NA,NA,60
2001,6,5,3,NA,NA,NA,NA,NA
2001,6,5,6,-3.4,NA,NA,NA,74
2001,6,5,9,NA,NA,NA,NA,NA
2001,6,5,12,-4.78,NA,NA,NA,76
2001,6,5,15,-3.42,NA,NA,NA,86
2001,6,5,18,-2.98,NA,NA,NA,98
2001,6,5,21,-2.66,NA,NA,NA,98
2001,6,6,0,NA,NA,NA,NA,NA
2001,6,6,3,NA,NA,NA,NA,NA
2001,6,6,6,NA,NA,NA,NA,NA
2001,6,6,9,-0.16,NA,NA,NA,NA
2001,6,6,12,NA,NA,NA,NA,NA
2001,6,6,15,-3.6,NA,NA,NA,98
2001,6,6,18,-4.86,NA,NA,NA,98
2001,6,6,21,-6.14,NA,NA,NA,96
2001,6,7,0,-5.68,NA,NA,NA,96
2001,6,7,3,NA,NA,NA,NA,NA
2001,6,7,6,NA,NA,NA,NA,NA
2001,6,7,9,-3.1,NA,NA,NA,NA
2001,6,7,12,NA,NA,NA,NA,NA
2001,6,7,15,NA,NA,NA,NA,NA
2001,6,7,18,-4.84,NA,NA,NA,96
2001,6,7,21,-5.26,NA,NA,NA,96
2001,6,8,0,-4.58,NA,NA,NA,96
2001,6,8,3,NA,NA,NA,NA,NA
2001,6,8,6,NA,NA,NA,NA,NA
2001,6,8,9,-0.64,NA,NA,NA,98
2001,6,8,12,0.16,NA,NA,NA,NA
2001,6,8,15,NA,NA,NA,NA,NA
2001,6,8,18,NA,NA,NA,NA,NA
2001,6,8,21,4.06,NA,NA,NA,94
2001,6,9,0,NA,NA,NA,NA,78
2001,6,9,3,NA,NA,NA,NA,NA
2001,6,9,6,NA,NA,NA,NA,NA
2001,6,9,9,3,NA,NA,NA,NA
2001,6,9,12,5.88,NA,NA,NA,48
2001,6,9,15,1.24,NA,NA,NA,86
2001,6,9,18,NA,NA,NA,NA,NA
2001,6,9,21,NA,NA,NA,NA,26
2001,6,10,0,NA,NA,NA,NA,NA
2001,6,10,3,NA,NA,NA,NA,22
2001,6,10,6,NA,NA,NA,NA,NA
2001,6,10,9,NA,NA,NA,NA,84
2001,6,10,12,NA,NA,NA,NA,NA
2001,6,10,15,-2.46,NA,NA,NA,NA
2001,6,10,18,NA,NA,NA,NA,NA
2001,6,10,21,0.56,NA,NA,NA,72
2001,6,11,0,NA,NA,NA,NA,NA
2001,6,11,3,NA,NA,NA,NA,NA
2001,6,11,6,NA,NA,NA,NA,NA
2001,6,11,9,2.62,NA,NA,NA,54
2001,6,11,12,NA,NA,NA,NA,NA
2001,6,11,15,3.4,NA,NA,NA,98
2001,6,11,18,NA,NA,NA,NA,NA
2001,6,11,21,2.04,NA,NA,NA,98
2001,6,12,0,2.36,NA,NA,NA,98
2001,6,12,3,NA,NA,NA,NA,NA
2001,6,12,6,NA,NA,NA,NA,NA
2001,6,12,9,2.88,NA,NA,NA,92
2001,6,12,12,1.88,NA,NA,NA,98
2001,6,12,15,-0.64,NA,NA,NA,98
2001,6,12,18,-1.8,NA,NA,NA,98
2001,6,12,21,-3.12,NA,NA,NA,98
2001,6,13,0,NA,NA,NA,NA,NA
2001,6,13,3,NA,NA,NA,NA,NA
2001,6,13,6,NA,NA,NA,NA,NA
2001,6,13,9,NA,NA,NA,NA,NA
2001,6,13,12,-6.28,NA,NA,NA,96
2001,6,13,15,-6.2,NA,NA,NA,96
2001,6,13,18,-6.16,NA,NA,NA,96
2001,6,13,21,NA,NA,NA,NA,NA
2001,6,14,0,-5.86,NA,NA,NA,96
2001,6,14,3,NA,NA,NA,NA,NA
2001,6,14,6,-5.54,NA,NA,NA,98
2001,6,14,9,NA,NA,NA,NA,NA
2001,6,14,12,NA,NA,NA,NA,NA
2001,6,14,15,NA,NA,NA,NA,NA
2001,6,14,18,NA,NA,NA,NA,NA
2001,6,14,21,NA,NA,NA,NA,NA
2001,6,15,0,NA,NA,NA,NA,NA
2001,6,15,3,NA,NA,NA,NA,NA
2001,6,15,6,-2.9,NA,NA,NA,98
2001,6,15,9,NA,NA,NA,NA,NA
2001,6,15,12,NA,NA,NA,NA,NA
2001,6,15,15,-3,NA,NA,NA,98
2001,6,15,18,-2.96,NA,NA,NA,98
2001,6,15,21,-2.86,NA,NA,NA,98
2001,6,16,0,-2.94,NA,NA,NA,98
2001,6,16,3,NA,NA,NA,NA,NA
2001,6,16,6,-1.98,NA,NA,NA,NA
2001,6,16,9,-2.52,NA,NA,NA,NA
2001,6,16,12,NA,NA,NA,NA,NA
2001,6,16,15,NA,NA,NA,NA,NA
2001,6,16,18,-5.34,NA,NA,NA,98
2001,6,16,21,-5.48,NA,NA,NA,98
2001,6,17,0,-3.56,NA,NA,NA,98
2001,6,17,3,NA,NA,NA,NA,NA
2001,6,17,6,-2.42,NA,NA,NA,NA
2001,6,17,9,-3.2,NA,NA,NA,98
2001,6,17,12,-2.98,NA,NA,NA,98
2001,6,17,15,-3.72,NA,NA,NA,98
2001,6,17,18,NA,NA,NA,NA,NA
2001,6,17,21,-4.64,NA,NA,NA,98
2001,6,18,0,-5.44,NA,NA,NA,98
2001,6,18,3,NA,NA,NA,NA,NA
2001,6,18,6,NA,NA,NA,NA,NA
2001,6,18,9,-8.94,NA,NA,NA,94
2001,6,18,12,-9.82,NA,NA,NA,94
2001,6,18,15,-10.06,NA,NA,NA,92
2001,6,18,18,NA,NA,NA,NA,NA
2001,6,18,21,-10.36,NA,NA,NA,94
2001,6,19,0,NA,NA,NA,NA,NA
2001,6,19,3,-10.14,NA,NA,NA,94
2001,6,19,6,NA,NA,NA,NA,NA
2001,6,19,9,-10.46,NA,NA,NA,92
2001,6,19,12,-11.26,NA,NA,NA,90
2001,6,19,15,-12.34,NA,NA,NA,90
2001,6,19,18,NA,NA,NA,NA,NA
2001,6,19,21,-8.3,NA,NA,NA,90
2001,6,20,0,NA,NA,NA,NA,NA
2001,6,20,3,NA,NA,NA,NA,NA
2001,6,20,6,NA,NA,NA,NA,NA
2001,6,20,9,-6.48,NA,NA,NA,90
2001,6,20,12,NA,NA,NA,NA,NA
2001,6,20,15,NA,NA,NA,NA,NA
2001,6,20,18,NA,NA,NA,NA,NA
2001,6,20,21,-3.08,NA,NA,NA,98
2001,6,21,0,-1.82,NA,NA,NA,96
2001,6,21,3,NA,NA,NA,NA,NA
2001,6,21,6,NA,NA,NA,NA,NA
2001,6,21,9,-4.02,NA,NA,NA,90
2001,6,21,12,NA,NA,NA,NA,NA
2001,6,21,15,-2.72,NA,NA,NA,70
2001,6,21,18,-2.74,NA,NA,NA,82
2001,6,21,21,NA,NA,NA,NA,NA
2001,6,22,0,-3.72,NA,NA,NA,92
2001,6,22,3,NA,NA,NA,NA,NA
2001,6,22,6,NA,NA,NA,NA,NA
2001,6,22,9,NA,NA,NA,NA,NA
2001,6,22,12,-4.64,NA,NA,NA,86
2001,6,22,15,-4.28,NA,NA,NA,72
2001,6,22,18,-5.24,NA,NA,NA,82
2001,6,22,21,NA,NA,NA,NA,NA
2001,6,23,0,NA,NA,NA,NA,NA
2001,6,23,3,NA,NA,NA,NA,NA
2001,6,23,6,-5.04,NA,NA,NA,88
2001,6,23,9,NA,NA,NA,NA,NA
2001,6,23,12,-5.22,NA,NA,NA,86
2001,6,23,15,-5.82,NA,NA,NA,94
2001,6,23,18,NA,NA,NA,NA,NA
2001,6,23,21,-6.8,NA,NA,NA,92
2001,6,24,0,NA,NA,NA,NA,NA
2001,6,24,3,NA,NA,NA,NA,NA
2001,6,24,6,-6.16,NA,NA,NA,94
2001,6,24,9,NA,NA,NA,NA,NA
2001,6,24,12,NA,NA,NA,NA,NA
2001,6,24,15,-5.98,NA,NA,NA,82
2001,6,24,18,-6.94,NA,NA,NA,92
2001,6,24,21,-5.42,NA,NA,NA,70
2001,6,25,0,-2.3,NA,NA,NA,98
2001,6,25,3,NA,NA,NA,NA,NA
2001,6,25,6,-2.08,NA,NA,NA,88
2001,6,25,9,-2.22,NA,NA,NA,70
2001,6,25,12,-3.24,NA,NA,NA,72
2001,6,25,15,NA,NA,NA,NA,NA
2001,6,25,18,-2.9,NA,NA,NA,74
2001,6,25,21,-3.72,NA,NA,NA,80
2001,6,26,0,-3.08,NA,NA,NA,74
2001,6,26,3,NA,NA,NA,NA,NA
2001,6,26,6,NA,NA,NA,NA,NA
2001,6,26,9,-6.92,NA,NA,NA,84
2001,6,26,12,-8.98,NA,NA,NA,90
2001,6,26,15,-8.98,NA,NA,NA,78
2001,6,26,18,-6.56,NA,NA,NA,74
2001,6,26,21,NA,NA,NA,NA,NA
2001,6,27,0,NA,NA,NA,NA,NA
2001,6,27,3,NA,NA,NA,NA,NA
2001,6,27,6,NA,NA,NA,NA,NA
2001,6,27,9,-8.36,NA,NA,NA,80
2001,6,27,12,-8.54,NA,NA,NA,82
2001,6,27,15,-7.48,NA,NA,NA,74
2001,6,27,18,NA,NA,NA,NA,NA
2001,6,27,21,-6.22,NA,NA,NA,72
2001,6,28,0,NA,NA,NA,NA,NA
2001,6,28,3,NA,NA,NA,NA,NA
2001,6,28,6,NA,NA,NA,NA,NA
2001,6,28,9,-1.82,NA,NA,NA,80
2001,6,28,12,-3.68,NA,NA,NA,82
2001,6,28,15,-5,NA,NA,NA,86
2001,6,28,18,NA,NA,NA,NA,NA
2001,6,28,21,NA,NA,NA,NA,NA
2001,6,29,0,NA,NA,NA,NA,NA
2001,6,29,3,NA,NA,NA,NA,NA
2001,6,29,6,NA,NA,NA,NA,NA
2001,6,29,9,-7.2,NA,NA,NA,74
2001,6,29,12,NA,NA,NA,NA,NA
2001,6,29,15,NA,NA,NA,NA,NA
2001,6,29,18,NA,NA,NA,NA,NA
2001,6,29,21,-8.32,NA,NA,NA,76
2001,6,30,0,-6.96,NA,NA,NA,76
2001,6,30,3,NA,NA,NA,NA,NA
2001,6,30,6,NA,NA,NA,NA,NA
2001,6,30,9,-5.52,NA,NA,NA,82
2001,6,30,12,-5.06,NA,NA,NA,96
2001,6,30,15,-4.6,NA,NA,NA,80
2001,6,30,18,NA,NA,NA,NA,NA
2001,6,30,21,NA,NA,NA,NA,NA
2001,7,1,0,NA,NA,NA,NA,NA
2001,7,1,3,NA,NA,NA,NA,NA
2001,7,1,6,NA,NA,NA,NA,NA
2001,7,1,9,-7.48,NA,NA,NA,84
2001,7,1,12,NA,NA,NA,NA,46
2001,7,1,15,-4.76,NA,NA,NA,88
2001,7,1,18,-3.98,NA,NA,NA,78
2001,7,1,21,NA,NA,NA,NA,NA
2001,7,2,0,NA,NA,NA,NA,NA
2001,7,2,3,-3.8,NA,NA,NA,94
2001,7,2,6,NA,NA,NA,NA,NA
2001,7,2,9,NA,NA,NA,NA,NA
2001,7,2,12,NA,NA,NA,NA,NA
2001,7,2,15,0.14,NA,NA,NA,84
2001,7,2,18,-1.98,NA,NA,NA,78
2001,7,2,21,NA,NA,NA,NA,NA
2001,7,3,0,NA,NA,NA,NA,NA
2001,7,3,3,NA,NA,NA,NA,NA
2001,7,3,6,0.72,NA,NA,NA,42
2001,7,3,9,NA,NA,NA,NA,NA
2001,7,3,12,NA,NA,NA,NA,NA
2001,7,3,15,NA,NA,NA,NA,NA
2001,7,3,18,NA,NA,NA,NA,NA
2001,7,3,21,3.56,NA,NA,NA,NA
2001,7,4,0,0.62,NA,NA,NA,NA
2001,7,4,3,NA,NA,NA,NA,NA
2001,7,4,6,-1.14,NA,NA,NA,98
2001,7,4,9,NA,NA,NA,NA,NA
2001,7,4,12,-1.76,NA,NA,NA,74
2001,7,4,15,NA,NA,NA,NA,NA
2001,7,4,18,-3.16,NA,NA,NA,94
2001,7,4,21,-3.7,NA,NA,NA,82
2001,7,5,0,-3.04,NA,NA,NA,64
2001,7,5,3,NA,NA,NA,NA,NA
2001,7,5,6,NA,NA,NA,NA,NA
2001,7,5,9,-5.52,NA,NA,NA,82
2001,7,5,12,-5.9,NA,NA,NA,84
2001,7,5,15,-7.18,NA,NA,NA,90
2001,7,5,18,-6.68,NA,NA,NA,82
2001,7,5,21,-6.24,NA,NA,NA,84
2001,7,6,0,NA,NA,NA,NA,NA
2001,7,6,3,NA,NA,NA,NA,NA
2001,7,6,6,-4.74,NA,NA,NA,76
2001,7,6,9,-4.76,NA,NA,NA,84
2001,7,6,12,-4.76,NA,NA,NA,98
2001,7,6,15,-3.82,NA,NA,NA,98
2001,7,6,18,NA,NA,NA,NA,NA
2001,7,6,21,NA,NA,NA,NA,96
2001,7,7,0,NA,NA,NA,NA,NA
2001,7,7,3,NA,NA,NA,NA,NA
2001,7,7,6,NA,NA,NA,NA,NA
2001,7,7,9,NA,NA,NA,NA,NA
2001,7,7,12,NA,NA,NA,NA,NA
2001,7,7,15,-1.82,NA,NA,NA,84
2001,7,7,18,NA,NA,NA,NA,NA
2001,7,7,21,-3.84,NA,NA,NA,92
2001,7,8,0,NA,NA,NA,NA,NA
2001,7,8,3,NA,NA,NA,NA,NA
2001,7,8,6,NA,NA,NA,NA,NA
2001,7,8,9,NA,NA,NA,NA,NA
2001,7,8,12,-3.22,NA,NA,NA,98
2001,7,8,15,NA,NA,NA,NA,NA
2001,7,8,18,NA,NA,NA,NA,NA
2001,7,8,21,-6.82,NA,NA,NA,94
2001,7,9,0,-7.1,NA,NA,NA,92
2001,7,9,3,NA,NA,NA,NA,NA
2001,7,9,6,NA,NA,NA,NA,NA
2001,7,9,9,-7.98,NA,NA,NA,76
2001,7,9,12,-7.62,NA,NA,NA,74
2001,7,9,15,-7.9,NA,NA,NA,76
2001,7,9,18,NA,NA,NA,NA,NA
2001,7,9,21,NA,NA,NA,NA,NA
2001,7,10,0,-6.84,NA,NA,NA,78
2001,7,10,3,NA,NA,NA,NA,NA
2001,7,10,6,NA,NA,NA,NA,NA
2001,7,10,9,-3.96,NA,NA,NA,62
2001,7,10,12,-2.46,NA,NA,NA,96
2001,7,10,15,-0.36,NA,NA,NA,96
2001,7,10,18,1.6,NA,NA,NA,NA
2001,7,10,21,NA,NA,NA,NA,NA
2001,7,11,0,NA,NA,NA,NA,NA
2001,7,11,3,NA,NA,NA,NA,NA
2001,7,11,6,NA,NA,NA,NA,NA
2001,7,11,9,NA,NA,NA,NA,NA
2001,7,11,12,NA,NA,NA,NA,NA
2001,7,11,15,NA,NA,NA,NA,NA
2001,7,11,18,NA,NA,NA,NA,NA
2001,7,11,21,NA,NA,NA,NA,NA
2001,7,12,0,-7.68,NA,NA,NA,76
2001,7,12,3,NA,NA,NA,NA,NA
2001,7,12,6,NA,NA,NA,NA,NA
2001,7,12,9,NA,NA,NA,NA,NA
2001,7,12,12,NA,NA,NA,NA,NA
2001,7,12,15,NA,NA,NA,NA,NA
2001,7,12,18,-5.48,NA,NA,NA,86
2001,7,12,21,NA,NA,NA,NA,NA
2001,7,13,0,-5.58,NA,NA,NA,96
2001,7,13,3,NA,NA,NA,NA,NA
2001,7,13,6,NA,NA,NA,NA,NA
2001,7,13,9,NA,NA,NA,NA,NA
2001,7,13,12,-2.82,NA,NA,NA,98
2001,7,13,15,-4.68,NA,NA,NA,88
2001,7,13,18,-4.16,NA,NA,NA,88
2001,7,13,21,-4.16,NA,NA,NA,76
2001,7,14,0,-4.38,NA,NA,NA,96
2001,7,14,3,NA,NA,NA,NA,NA
2001,7,14,6,NA,NA,NA,NA,NA
2001,7,14,9,-4.6,NA,NA,NA,98
2001,7,14,12,-3.82,NA,NA,NA,98
2001,7,14,15,-1.84,NA,NA,NA,NA
2001,7,14,18,0.5,NA,NA,NA,NA
2001,7,14,21,1.48,NA,NA,NA,NA
2001,7,15,0,NA,NA,NA,NA,NA
2001,7,15,3,NA,NA,NA,NA,NA
2001,7,15,6,-1.88,NA,NA,NA,NA
2001,7,15,9,-3.32,NA,NA,NA,98
2001,7,15,12,NA,NA,NA,NA,NA
2001,7,15,15,NA,NA,NA,NA,NA
2001,7,15,18,NA,NA,NA,NA,NA
2001,7,15,21,-5.46,NA,NA,NA,92
2001,7,16,0,NA,NA,NA,NA,NA
2001,7,16,3,NA,NA,NA,NA,NA
2001,7,16,6,NA,NA,NA,NA,NA
2001,7,16,9,NA,NA,NA,NA,NA
2001,7,16,12,-4.6,NA,NA,NA,94
2001,7,16,15,-4.42,NA,NA,NA,62
2001,7,16,18,NA,NA,NA,NA,NA
2001,7,16,21,-4.72,NA,NA,NA,82
2001,7,17,0,-5.18,NA,NA,NA,90
2001,7,17,3,NA,NA,NA,NA,NA
2001,7,17,6,NA,NA,NA,NA,NA
2001,7,17,9,NA,NA,NA,NA,NA
2001,7,17,12,NA,NA,NA,NA,NA
2001,7,17,15,NA,NA,NA,NA,NA
2001,7,17,18,NA,NA,NA,NA,NA
2001,7,17,21,-5.04,NA,NA,NA,90
2001,7,18,0,-4.44,NA,NA,NA,84
2001,7,18,3,NA,NA,NA,NA,NA
2001,7,18,6,NA,NA,NA,NA,NA
2001,7,18,9,-4.36,NA,NA,NA,78
2001,7,18,12,-4.8,NA,NA,NA,82
2001,7,18,15,-5.14,NA,NA,NA,92
2001,7,18,18,NA,NA,NA,NA,NA
2001,7,18,21,NA,NA,NA,NA,NA
2001,7,19,0,-5.04,NA,NA,NA,98
2001,7,19,3,NA,NA,NA,NA,NA
2001,7,19,6,NA,NA,NA,NA,NA
2001,7,19,9,-5.68,NA,NA,NA,72
2001,7,19,12,-6.16,NA,NA,NA,74
2001,7,19,15,-6.3,NA,NA,NA,86
2001,7,19,18,-6.52,NA,NA,NA,86
2001,7,19,21,-6.26,NA,NA,NA,86
2001,7,20,0,NA,NA,NA,NA,NA
2001,7,20,3,NA,NA,NA,NA,NA
2001,7,20,6,NA,NA,NA,NA,NA
2001,7,20,9,NA,NA,NA,NA,NA
2001,7,20,12,NA,NA,NA,NA,NA
2001,7,20,15,-5.74,NA,NA,NA,96
2001,7,20,18,-5.3,NA,NA,NA,96
2001,7,20,21,NA,NA,NA,NA,NA
2001,7,21,0,-6.62,NA,NA,NA,96
2001,7,21,3,NA,NA,NA,NA,NA
2001,7,21,6,NA,NA,NA,NA,NA
2001,7,21,9,NA,NA,NA,NA,NA
2001,7,21,12,NA,NA,NA,NA,NA
2001,7,21,15,NA,NA,NA,NA,NA
2001,7,21,18,-7.3,NA,NA,NA,96
2001,7,21,21,-8.72,NA,NA,NA,94
2001,7,22,0,-9,NA,NA,NA,94
2001,7,22,3,NA,NA,NA,NA,NA
2001,7,22,6,NA,NA,NA,NA,NA
2001,7,22,9,NA,NA,NA,NA,NA
2001,7,22,12,-9.68,NA,NA,NA,90
2001,7,22,15,-9.18,NA,NA,NA,94
2001,7,22,18,-9.18,NA,NA,NA,94
2001,7,22,21,NA,NA,NA,NA,NA
2001,7,23,0,-6.48,NA,NA,NA,56
2001,7,23,3,NA,NA,NA,NA,NA
2001,7,23,6,-7.62,NA,NA,NA,84
2001,7,23,9,NA,NA,NA,NA,NA
2001,7,23,12,NA,NA,NA,NA,NA
2001,7,23,15,NA,NA,NA,NA,NA
2001,7,23,18,-1.14,NA,NA,NA,74
2001,7,23,21,0.02,NA,NA,NA,90
2001,7,24,0,NA,NA,NA,NA,NA
2001,7,24,3,NA,NA,NA,NA,NA
2001,7,24,6,NA,NA,NA,NA,NA
2001,7,24,9,NA,NA,NA,NA,NA
2001,7,24,12,NA,NA,NA,NA,NA
2001,7,24,15,-5.76,NA,NA,NA,82
2001,7,24,18,-5.46,NA,NA,NA,68
2001,7,24,21,-5.5,NA,NA,NA,74
2001,7,25,0,-5.76,NA,NA,NA,80
2001,7,25,3,NA,NA,NA,NA,NA
2001,7,25,6,NA,NA,NA,NA,NA
2001,7,25,9,-6.84,NA,NA,NA,82
2001,7,25,12,NA,NA,NA,NA,NA
2001,7,25,15,NA,NA,NA,NA,NA
2001,7,25,18,NA,NA,NA,NA,NA
2001,7,25,21,-6.7,NA,NA,NA,70
2001,7,26,0,-6.2,NA,NA,NA,76
2001,7,26,3,NA,NA,NA,NA,NA
2001,7,26,6,-5.02,NA,NA,NA,90
2001,7,26,9,-5.92,NA,NA,NA,90
2001,7,26,12,-7.06,NA,NA,NA,88
2001,7,26,15,NA,NA,NA,NA,NA
2001,7,26,18,NA,NA,NA,NA,NA
2001,7,26,21,NA,NA,NA,NA,NA
2001,7,27,0,NA,NA,NA,NA,NA
2001,7,27,3,NA,NA,NA,NA,NA
2001,7,27,6,NA,NA,NA,NA,NA
2001,7,27,9,NA,NA,NA,NA,NA
2001,7,27,12,-10.28,NA,NA,NA,88
2001,7,27,15,-9.68,NA,NA,NA,84
2001,7,27,18,NA,NA,NA,NA,NA
2001,7,27,21,NA,NA,NA,NA,NA
2001,7,28,0,NA,NA,NA,NA,NA
2001,7,28,3,NA,NA,NA,NA,NA
2001,7,28,6,NA,NA,NA,NA,NA
2001,7,28,9,-4.18,NA,NA,NA,90
2001,7,28,12,NA,NA,NA,NA,NA
2001,7,28,15,-3.3,NA,NA,NA,98
2001,7,28,18,NA,NA,NA,NA,NA
2001,7,28,21,NA,NA,NA,NA,96
2001,7,29,0,NA,NA,NA,NA,NA
2001,7,29,3,NA,NA,NA,NA,NA
2001,7,29,6,NA,NA,NA,NA,NA
2001,7,29,9,-1.72,NA,NA,NA,50
2001,7,29,12,-3.24,NA,NA,NA,88
2001,7,29,15,-3.74,NA,NA,NA,90
2001,7,29,18,NA,NA,NA,NA,NA
2001,7,29,21,NA,NA,NA,NA,NA
2001,7,30,0,NA,NA,NA,NA,NA
2001,7,30,3,NA,NA,NA,NA,NA
2001,7,30,6,NA,NA,NA,NA,NA
2001,7,30,9,NA,NA,NA,NA,NA
2001,7,30,12,NA,NA,NA,NA,NA
2001,7,30,15,NA,NA,NA,NA,NA
2001,7,30,18,NA,NA,NA,NA,NA
2001,7,30,21,NA,NA,NA,NA,NA
2001,7,31,0,-6.26,NA,NA,NA,92
2001,7,31,3,NA,NA,NA,NA,NA
2001,7,31,6,-8.78,NA,NA,NA,80
2001,7,31,9,NA,NA,NA,NA,NA
2001,7,31,12,NA,NA,NA,NA,NA
2001,7,31,15,-6.08,NA,NA,NA,68
2001,7,31,18,-4.68,NA,NA,NA,76
2001,7,31,21,NA,NA,NA,NA,NA
2001,8,1,0,NA,NA,NA,NA,NA
2001,8,1,3,NA,NA,NA,NA,NA
2001,8,1,6,NA,NA,NA,NA,NA
2001,8,1,9,NA,NA,NA,NA,NA
2001,8,1,12,NA,NA,NA,NA,78
2001,8,1,15,NA,NA,NA,NA,86
2001,8,1,18,-2.56,NA,NA,NA,88
2001,8,1,21,NA,NA,NA,NA,NA
2001,8,2,0,NA,NA,NA,NA,NA
2001,8,2,3,-2.34,NA,NA,NA,84
2001,8,2,6,NA,NA,NA,NA,NA
2001,8,2,9,NA,NA,NA,NA,NA
2001,8,2,12,NA,NA,NA,NA,NA
2001,8,2,15,2.04,NA,NA,NA,NA
2001,8,2,18,1.3,NA,NA,NA,NA
2001,8,2,21,NA,NA,NA,NA,NA
2001,8,3,0,NA,NA,NA,NA,NA
2001,8,3,3,NA,NA,NA,NA,NA
2001,8,3,6,NA,NA,NA,NA,NA
2001,8,3,9,NA,NA,NA,NA,NA
2001,8,3,12,NA,NA,NA,NA,NA
2001,8,3,15,NA,NA,NA,NA,NA
2001,8,3,18,-4.78,NA,NA,NA,96
2001,8,3,21,-4.88,NA,NA,NA,78
2001,8,4,0,-4.4,NA,NA,NA,68
2001,8,4,3,NA,NA,NA,NA,NA
2001,8,4,6,NA,NA,NA,NA,NA
2001,8,4,9,NA,NA,NA,NA,NA
2001,8,4,12,-4.72,NA,NA,NA,54
2001,8,4,15,NA,NA,NA,NA,NA
2001,8,4,18,-4.34,NA,NA,NA,70
2001,8,4,21,-4.02,NA,NA,NA,94
2001,8,5,0,-3.28,NA,NA,NA,98
2001,8,5,3,NA,NA,NA,NA,NA
2001,8,5,6,NA,NA,NA,NA,NA
2001,8,5,9,-5.36,NA,NA,NA,86
2001,8,5,12,-5.88,NA,NA,NA,78
2001,8,5,15,-5.74,NA,NA,NA,82
2001,8,5,18,NA,NA,NA,NA,NA
2001,8,5,21,-4.04,NA,NA,NA,74
2001,8,6,0,NA,NA,NA,NA,NA
2001,8,6,3,-8,NA,NA,NA,74
2001,8,6,6,NA,NA,NA,NA,NA
2001,8,6,9,-8.46,NA,NA,NA,88
2001,8,6,12,-8.46,NA,NA,NA,66
2001,8,6,15,-8.78,NA,NA,NA,70
2001,8,6,18,NA,NA,NA,NA,NA
2001,8,6,21,-8.2,NA,NA,NA,84
2001,8,7,0,NA,NA,NA,NA,NA
2001,8,7,3,NA,NA,NA,NA,NA
2001,8,7,6,NA,NA,NA,NA,NA
2001,8,7,9,-4.06,NA,NA,NA,92
2001,8,7,12,NA,NA,NA,NA,NA
2001,8,7,15,-3.04,NA,NA,NA,88
2001,8,7,18,NA,NA,NA,NA,NA
2001,8,7,21,NA,NA,NA,NA,NA
2001,8,8,0,1.4,NA,NA,NA,NA
2001,8,8,3,NA,NA,NA,NA,NA
2001,8,8,6,NA,NA,NA,NA,NA
2001,8,8,9,-0.32,NA,NA,NA,86
2001,8,8,12,-2.64,NA,NA,NA,88
2001,8,8,15,-3.88,NA,NA,NA,76
2001,8,8,18,NA,NA,NA,NA,NA
2001,8,8,21,NA,NA,NA,NA,NA
2001,8,9,0,NA,NA,NA,NA,NA
2001,8,9,3,NA,NA,NA,NA,NA
2001,8,9,6,NA,NA,NA,NA,NA
2001,8,9,9,-8.52,NA,NA,NA,86
2001,8,9,12,NA,NA,NA,NA,NA
2001,8,9,15,NA,NA,NA,NA,NA
2001,8,9,18,NA,NA,NA,NA,NA
2001,8,9,21,NA,NA,NA,NA,NA
2001,8,10,0,NA,NA,NA,NA,NA
2001,8,10,3,NA,NA,NA,NA,NA
2001,8,10,6,NA,NA,NA,NA,NA
2001,8,10,9,NA,NA,NA,NA,NA
2001,8,10,12,-4.6,NA,NA,NA,74
2001,8,10,15,-4.58,NA,NA,NA,88
2001,8,10,18,-4.68,NA,NA,NA,92
2001,8,10,21,NA,NA,NA,NA,NA
2001,8,11,0,NA,NA,NA,NA,NA
2001,8,11,3,NA,NA,NA,NA,NA
2001,8,11,6,NA,NA,NA,NA,NA
2001,8,11,9,NA,NA,NA,NA,NA
2001,8,11,12,NA,NA,NA,NA,NA
2001,8,11,15,NA,NA,NA,NA,NA
2001,8,11,18,NA,NA,NA,NA,NA
2001,8,11,21,NA,NA,NA,NA,NA
2001,8,12,0,NA,NA,NA,NA,NA
2001,8,12,3,NA,NA,NA,NA,NA
2001,8,12,6,7.38,NA,NA,NA,30
2001,8,12,9,NA,NA,NA,NA,NA
2001,8,12,12,NA,NA,NA,NA,NA
2001,8,12,15,NA,NA,NA,NA,NA
2001,8,12,18,NA,NA,NA,NA,60
2001,8,12,21,-2.02,NA,NA,NA,70
2001,8,13,0,-3.74,NA,NA,NA,86
2001,8,13,3,NA,NA,NA,NA,NA
2001,8,13,6,NA,NA,NA,NA,NA
2001,8,13,9,-3.94,NA,NA,NA,66
2001,8,13,12,-4.2,NA,NA,NA,70
2001,8,13,15,NA,NA,NA,NA,NA
2001,8,13,18,-3.04,NA,NA,NA,54
2001,8,13,21,-4.44,NA,NA,NA,76
2001,8,14,0,-3.7,NA,NA,NA,62
2001,8,14,3,NA,NA,NA,NA,NA
2001,8,14,6,NA,NA,NA,NA,NA
2001,8,14,9,-3.2,NA,NA,NA,78
2001,8,14,12,-1.9,NA,NA,NA,70
2001,8,14,15,-0.5,NA,NA,NA,98
2001,8,14,18,NA,NA,NA,NA,NA
2001,8,14,21,2.78,NA,NA,NA,98
2001,8,15,0,NA,NA,NA,NA,NA
2001,8,15,3,2.24,NA,NA,NA,NA
2001,8,15,6,NA,NA,NA,NA,NA
2001,8,15,9,-1.84,NA,NA,NA,92
2001,8,15,12,NA,NA,NA,NA,NA
2001,8,15,15,-4.24,NA,NA,NA,98
2001,8,15,18,NA,NA,NA,NA,NA
2001,8,15,21,-3.4,NA,NA,NA,98
2001,8,16,0,NA,NA,NA,NA,NA
2001,8,16,3,NA,NA,NA,NA,NA
2001,8,16,6,NA,NA,NA,NA,NA
2001,8,16,9,-3,NA,NA,NA,80
2001,8,16,12,-4.3,NA,NA,NA,70
2001,8,16,15,-4.24,NA,NA,NA,78
2001,8,16,18,NA,NA,NA,NA,NA
2001,8,16,21,NA,NA,NA,NA,NA
2001,8,17,0,-2.18,NA,NA,NA,46
2001,8,17,3,NA,NA,NA,NA,NA
2001,8,17,6,NA,NA,NA,NA,NA
2001,8,17,9,NA,NA,NA,NA,NA
2001,8,17,12,NA,NA,NA,NA,NA
2001,8,17,15,NA,NA,NA,NA,NA
2001,8,17,18,NA,NA,NA,NA,NA
2001,8,17,21,NA,NA,NA,NA,NA
2001,8,18,0,-0.22,NA,NA,NA,NA
2001,8,18,3,NA,NA,NA,NA,NA
2001,8,18,6,NA,NA,NA,NA,NA
2001,8,18,9,-0.98,NA,NA,NA,98
2001,8,18,12,-1.34,NA,NA,NA,96
2001,8,18,15,-1.72,NA,NA,NA,92
2001,8,18,18,-0.18,NA,NA,NA,82
2001,8,18,21,NA,NA,NA,NA,NA
2001,8,19,0,0.8,NA,NA,NA,60
2001,8,19,3,NA,NA,NA,NA,NA
2001,8,19,6,NA,NA,NA,NA,NA
2001,8,19,9,NA,NA,NA,NA,NA
2001,8,19,12,NA,NA,NA,NA,NA
2001,8,19,15,NA,NA,NA,NA,NA
2001,8,19,18,NA,NA,NA,NA,NA
2001,8,19,21,NA,NA,NA,NA,NA
2001,8,20,0,NA,NA,NA,NA,NA
2001,8,20,3,NA,NA,NA,NA,NA
2001,8,20,6,NA,NA,NA,NA,NA
2001,8,20,9,NA,NA,NA,NA,NA
2001,8,20,12,NA,NA,NA,NA,NA
2001,8,20,15,-8.02,NA,NA,NA,80
2001,8,20,18,-7.6,NA,NA,NA,74
2001,8,20,21,-7.46,NA,NA,NA,62
2001,8,21,0,-7.42,NA,NA,NA,66
2001,8,21,3,NA,NA,NA,NA,NA
2001,8,21,6,NA,NA,NA,NA,NA
2001,8,21,9,NA,NA,NA,NA,NA
2001,8,21,12,NA,NA,NA,NA,NA
2001,8,21,15,NA,NA,NA,NA,NA
2001,8,21,18,NA,NA,NA,NA,NA
2001,8,21,21,-2.52,NA,NA,NA,98
2001,8,22,0,NA,NA,NA,NA,NA
2001,8,22,3,NA,NA,NA,NA,NA
2001,8,22,6,NA,NA,NA,NA,NA
2001,8,22,9,NA,NA,NA,NA,NA
2001,8,22,12,-0.26,NA,NA,NA,54
2001,8,22,15,NA,NA,NA,NA,NA
2001,8,22,18,NA,NA,NA,NA,NA
2001,8,22,21,1.38,NA,NA,NA,42
2001,8,23,0,1.12,NA,NA,NA,38
2001,8,23,3,NA,NA,NA,NA,NA
2001,8,23,6,NA,NA,NA,NA,NA
2001,8,23,9,NA,NA,NA,NA,NA
2001,8,23,12,NA,NA,NA,NA,NA
2001,8,23,15,-1.74,NA,NA,NA,64
2001,8,23,18,-2.14,NA,NA,NA,54
2001,8,23,21,-2.88,NA,NA,NA,58
2001,8,24,0,NA,NA,NA,NA,NA
2001,8,24,3,NA,NA,NA,NA,NA
2001,8,24,6,NA,NA,NA,NA,NA
2001,8,24,9,-4.36,NA,NA,NA,72
2001,8,24,12,NA,NA,NA,NA,NA
2001,8,24,15,NA,NA,NA,NA,NA
2001,8,24,18,NA,NA,NA,NA,NA
2001,8,24,21,-5.28,NA,NA,NA,62
2001,8,25,0,NA,NA,NA,NA,NA
2001,8,25,3,NA,NA,NA,NA,NA
2001,8,25,6,NA,NA,NA,NA,NA
2001,8,25,9,-4.84,NA,NA,NA,82
2001,8,25,12,NA,NA,NA,NA,NA
2001,8,25,15,NA,NA,NA,NA,NA
2001,8,25,18,NA,NA,NA,NA,NA
2001,8,25,21,NA,NA,NA,NA,NA
2001,8,26,0,NA,NA,NA,NA,NA
2001,8,26,3,NA,NA,NA,NA,NA
2001,8,26,6,NA,NA,NA,NA,NA
2001,8,26,9,NA,NA,NA,NA,NA
2001,8,26,12,-6.26,NA,NA,NA,76
2001,8,26,15,-6.86,NA,NA,NA,80
2001,8,26,18,NA,NA,NA,NA,NA
2001,8,26,21,NA,NA,NA,NA,NA
2001,8,27,0,NA,NA,NA,NA,NA
2001,8,27,3,NA,NA,NA,NA,NA
2001,8,27,6,NA,NA,NA,NA,NA
2001,8,27,9,-2.16,NA,NA,NA,62
2001,8,27,12,NA,NA,NA,NA,NA
2001,8,27,15,NA,NA,NA,NA,NA
2001,8,27,18,NA,NA,NA,NA,NA
2001,8,27,21,NA,NA,NA,NA,NA
2001,8,28,0,NA,NA,NA,NA,NA
2001,8,28,3,NA,NA,NA,NA,NA
2001,8,28,6,NA,NA,NA,NA,NA
2001,8,28,9,NA,NA,NA,NA,NA
2001,8,28,12,NA,NA,NA,NA,NA
2001,8,28,15,NA,NA,NA,NA,NA
2001,8,28,18,NA,NA,NA,NA,NA
2001,8,28,21,NA,NA,NA,NA,NA
2001,8,29,0,NA,NA,NA,NA,NA
2001,8,29,3,NA,NA,NA,NA,NA
2001,8,29,6,NA,NA,NA,NA,NA
2001,8,29,9,NA,NA,NA,NA,NA
2001,8,29,12,NA,NA,NA,NA,NA
2001,8,29,15,2.66,NA,NA,NA,28
2001,8,29,18,0.22,NA,NA,NA,88
2001,8,29,21,NA,NA,NA,NA,NA
2001,8,30,0,NA,NA,NA,NA,94
2001,8,30,3,NA,NA,NA,NA,NA
2001,8,30,6,NA,NA,NA,NA,NA
2001,8,30,9,NA,NA,NA,NA,NA
2001,8,30,12,4.56,NA,NA,NA,98
2001,8,30,15,NA,NA,NA,NA,NA
2001,8,30,18,NA,NA,NA,NA,96
2001,8,30,21,NA,NA,NA,NA,NA
2001,8,31,0,-4.68,NA,NA,NA,98
2001,8,31,3,NA,NA,NA,NA,NA
2001,8,31,6,NA,NA,NA,NA,NA
2001,8,31,9,NA,NA,NA,NA,NA
2001,8,31,12,-5.96,NA,NA,NA,72
2001,8,31,15,-6.7,NA,NA,NA,80
2001,8,31,18,-5.1,NA,NA,NA,72
2001,8,31,21,NA,NA,NA,NA,NA
2001,9,1,0,NA,NA,NA,NA,NA
2001,9,1,3,NA,NA,NA,NA,NA
2001,9,1,6,NA,NA,NA,NA,NA
2001,9,1,9,-1.9,NA,NA,NA,96
2001,9,1,12,NA,NA,NA,NA,NA
2001,9,1,15,NA,NA,NA,NA,NA
2001,9,1,18,NA,NA,NA,NA,NA
2001,9,1,21,-2.6,NA,NA,NA,76
2001,9,2,0,NA,NA,NA,NA,NA
2001,9,2,3,NA,NA,NA,NA,NA
2001,9,2,6,NA,NA,NA,NA,NA
2001,9,2,9,NA,NA,NA,NA,NA
2001,9,2,12,NA,NA,NA,NA,NA
2001,9,2,15,-4.08,NA,NA,NA,96
2001,9,2,18,NA,NA,NA,NA,NA
2001,9,2,21,-5.1,NA,NA,NA,94
2001,9,3,0,-5.18,NA,NA,NA,84
2001,9,3,3,NA,NA,NA,NA,NA
2001,9,3,6,NA,NA,NA,NA,NA
2001,9,3,9,-2.48,NA,NA,NA,94
2001,9,3,12,NA,NA,NA,NA,NA
2001,9,3,15,NA,NA,NA,NA,NA
2001,9,3,18,NA,NA,NA,NA,NA
2001,9,3,21,0.12,NA,NA,NA,NA
2001,9,4,0,-2.42,NA,NA,NA,88
2001,9,4,3,NA,NA,NA,NA,NA
2001,9,4,6,NA,NA,NA,NA,NA
2001,9,4,9,NA,NA,NA,NA,NA
2001,9,4,12,-2.68,NA,NA,NA,86
2001,9,4,15,-2.8,NA,NA,NA,82
2001,9,4,18,NA,NA,NA,NA,NA
2001,9,4,21,NA,NA,NA,NA,NA
2001,9,5,0,-1.04,NA,NA,NA,88
2001,9,5,3,NA,NA,NA,NA,NA
2001,9,5,6,NA,NA,NA,NA,NA
2001,9,5,9,1.56,NA,NA,NA,98
2001,9,5,12,0.16,NA,NA,NA,NA
2001,9,5,15,-2.06,NA,NA,NA,98
2001,9,5,18,NA,NA,NA,NA,NA
2001,9,5,21,NA,NA,NA,NA,NA
2001,9,6,0,NA,NA,NA,NA,NA
2001,9,6,3,NA,NA,NA,NA,NA
2001,9,6,6,NA,NA,NA,NA,NA
2001,9,6,9,-7.32,NA,NA,NA,94
2001,9,6,12,NA,NA,NA,NA,NA
2001,9,6,15,NA,NA,NA,NA,NA
2001,9,6,18,-8.14,NA,NA,NA,90
2001,9,6,21,-7.82,NA,NA,NA,84
2001,9,7,0,NA,NA,NA,NA,NA
2001,9,7,3,NA,NA,NA,NA,NA
2001,9,7,6,NA,NA,NA,NA,NA
2001,9,7,9,NA,NA,NA,NA,NA
2001,9,7,12,NA,NA,NA,NA,NA
2001,9,7,15,NA,NA,NA,NA,NA
2001,9,7,18,-4.18,NA,NA,NA,76
2001,9,7,21,NA,NA,NA,NA,NA
2001,9,8,0,-3.98,NA,NA,NA,74
2001,9,8,3,NA,NA,NA,NA,NA
2001,9,8,6,-3.32,NA,NA,NA,64
2001,9,8,9,NA,NA,NA,NA,NA
2001,9,8,12,-5.04,NA,NA,NA,98
2001,9,8,15,-4.98,NA,NA,NA,98
2001,9,8,18,-5.3,NA,NA,NA,96
2001,9,8,21,NA,NA,NA,NA,NA
2001,9,9,0,-5.04,NA,NA,NA,96
2001,9,9,3,NA,NA,NA,NA,NA
2001,9,9,6,NA,NA,NA,NA,NA
2001,9,9,9,NA,NA,NA,NA,NA
2001,9,9,12,-2.9,NA,NA,NA,66
2001,9,9,15,-3.5,NA,NA,NA,72
2001,9,9,18,-4.32,NA,NA,NA,72
2001,9,9,21,NA,NA,NA,NA,NA
2001,9,10,0,NA,NA,NA,NA,NA
2001,9,10,3,NA,NA,NA,NA,NA
2001,9,10,6,-3.14,NA,NA,NA,52
2001,9,10,9,NA,NA,NA,NA,NA
2001,9,10,12,NA,NA,NA,NA,NA
2001,9,10,15,-6.08,NA,NA,NA,80
2001,9,10,18,-5.08,NA,NA,NA,86
2001,9,10,21,-5.14,NA,NA,NA,96
2001,9,11,0,NA,NA,NA,NA,NA
2001,9,11,3,NA,NA,NA,NA,NA
2001,9,11,6,NA,NA,NA,NA,NA
2001,9,11,9,7.74,NA,NA,NA,18
2001,9,11,12,NA,NA,NA,NA,NA
2001,9,11,15,NA,NA,NA,NA,82
2001,9,11,18,2.36,NA,NA,NA,NA
2001,9,11,21,0.78,NA,NA,NA,NA
2001,9,12,0,NA,NA,NA,NA,98
2001,9,12,3,NA,NA,NA,NA,NA
2001,9,12,6,-2.06,NA,NA,NA,80
2001,9,12,9,-2.06,NA,NA,NA,64
2001,9,12,12,-3.34,NA,NA,NA,68
2001,9,12,15,NA,NA,NA,NA,NA
2001,9,12,18,NA,NA,NA,NA,NA
2001,9,12,21,-5.2,NA,NA,NA,62
2001,9,13,0,NA,NA,NA,NA,NA
2001,9,13,3,NA,NA,NA,NA,NA
2001,9,13,6,NA,NA,NA,NA,NA
2001,9,13,9,NA,NA,NA,NA,NA
2001,9,13,12,-6.36,NA,NA,NA,70
2001,9,13,15,-6.84,NA,NA,NA,74
2001,9,13,18,NA,NA,NA,NA,NA
2001,9,13,21,-7.14,NA,NA,NA,64
2001,9,14,0,NA,NA,NA,NA,NA
2001,9,14,3,NA,NA,NA,NA,NA
2001,9,14,6,NA,NA,NA,NA,NA
2001,9,14,9,-3.16,NA,NA,NA,96
2001,9,14,12,NA,NA,NA,NA,NA
2001,9,14,15,-2.76,NA,NA,NA,98
2001,9,14,18,NA,NA,NA,NA,NA
2001,9,14,21,NA,NA,NA,NA,NA
2001,9,15,0,NA,NA,NA,NA,NA
2001,9,15,3,NA,NA,NA,NA,NA
2001,9,15,6,NA,NA,NA,NA,NA
2001,9,15,9,-2.94,NA,NA,NA,50
2001,9,15,12,-4.7,NA,NA,NA,84
2001,9,15,15,-7.3,NA,NA,NA,86
2001,9,15,18,-8.92,NA,NA,NA,90
2001,9,15,21,-8.78,NA,NA,NA,90
2001,9,16,0,-8.98,NA,NA,NA,90
2001,9,16,3,NA,NA,NA,NA,NA
2001,9,16,6,NA,NA,NA,NA,NA
2001,9,16,9,NA,NA,NA,NA,NA
2001,9,16,12,NA,NA,NA,NA,60
2001,9,16,15,-3.96,NA,NA,NA,96
2001,9,16,18,-5.24,NA,NA,NA,86
2001,9,16,21,-4.86,NA,NA,NA,68
2001,9,17,0,-5.7,NA,NA,NA,78
2001,9,17,3,NA,NA,NA,NA,NA
2001,9,17,6,NA,NA,NA,NA,NA
2001,9,17,9,NA,NA,NA,NA,NA
2001,9,17,12,-6.6,NA,NA,NA,74
2001,9,17,15,NA,NA,NA,NA,NA
2001,9,17,18,-6.62,NA,NA,NA,78
2001,9,17,21,NA,NA,NA,NA,NA
2001,9,18,0,-7.48,NA,NA,NA,96
2001,9,18,3,NA,NA,NA,NA,NA
2001,9,18,6,-6.04,NA,NA,NA,86
2001,9,18,9,NA,NA,NA,NA,NA
2001,9,18,12,NA,NA,NA,NA,NA
2001,9,18,15,-6.38,NA,NA,NA,78
2001,9,18,18,-6.9,NA,NA,NA,76
2001,9,18,21,-6.78,NA,NA,NA,80
2001,9,19,0,NA,NA,NA,NA,NA
2001,9,19,3,NA,NA,NA,NA,NA
2001,9,19,6,NA,NA,NA,NA,NA
2001,9,19,9,NA,NA,NA,NA,NA
2001,9,19,12,NA,NA,NA,NA,NA
2001,9,19,15,-0.8,NA,NA,NA,90
2001,9,19,18,0.76,NA,NA,NA,64
2001,9,19,21,-0.48,NA,NA,NA,70
2001,9,20,0,NA,NA,NA,NA,NA
2001,9,20,3,NA,NA,NA,NA,NA
2001,9,20,6,NA,NA,NA,NA,NA
2001,9,20,9,5.82,NA,NA,NA,96
2001,9,20,12,NA,NA,NA,NA,NA
2001,9,20,15,NA,NA,NA,NA,NA
2001,9,20,18,-0.7,NA,NA,NA,98
2001,9,20,21,-0.18,NA,NA,NA,98
2001,9,21,0,-0.44,NA,NA,NA,98
2001,9,21,3,NA,NA,NA,NA,NA
2001,9,21,6,NA,NA,NA,NA,NA
2001,9,21,9,-1.66,NA,NA,NA,98
2001,9,21,12,-3.62,NA,NA,NA,98
2001,9,21,15,NA,NA,NA,NA,NA
2001,9,21,18,NA,NA,NA,NA,NA
2001,9,21,21,NA,NA,NA,NA,NA
2001,9,22,0,NA,NA,NA,NA,NA
2001,9,22,3,NA,NA,NA,NA,NA
2001,9,22,6,NA,NA,NA,NA,NA
2001,9,22,9,-4.24,NA,NA,NA,68
2001,9,22,12,-4.26,NA,NA,NA,94
2001,9,22,15,-4.18,NA,NA,NA,92
2001,9,22,18,NA,NA,NA,NA,NA
2001,9,22,21,-3.4,NA,NA,NA,96
2001,9,23,0,NA,NA,NA,NA,NA
2001,9,23,3,NA,NA,NA,NA,NA
2001,9,23,6,NA,NA,NA,NA,NA
2001,9,23,9,NA,NA,NA,NA,NA
2001,9,23,12,NA,NA,NA,NA,NA
2001,9,23,15,NA,NA,NA,NA,NA
2001,9,23,18,NA,NA,NA,NA,NA
2001,9,23,21,NA,NA,NA,NA,NA
2001,9,24,0,NA,NA,NA,NA,NA
2001,9,24,3,NA,NA,NA,NA,NA
2001,9,24,6,NA,NA,NA,NA,NA
2001,9,24,9,NA,NA,NA,NA,NA
2001,9,24,12,NA,NA,NA,NA,NA
2001,9,24,15,-3.78,NA,NA,NA,88
2001,9,24,18,-2.84,NA,NA,NA,98
2001,9,24,21,NA,NA,NA,NA,NA
2001,9,25,0,-3.18,NA,NA,NA,98
2001,9,25,3,NA,NA,NA,NA,NA
2001,9,25,6,NA,NA,NA,NA,NA
2001,9,25,9,-2.4,NA,NA,NA,70
2001,9,25,12,-3.92,NA,NA,NA,90
2001,9,25,15,-3.6,NA,NA,NA,88
2001,9,25,18,-3,NA,NA,NA,66
2001,9,25,21,NA,NA,NA,NA,NA
2001,9,26,0,-2.62,NA,NA,NA,76
2001,9,26,3,NA,NA,NA,NA,NA
2001,9,26,6,NA,NA,NA,NA,NA
2001,9,26,9,NA,NA,NA,NA,NA
2001,9,26,12,NA,NA,NA,NA,NA
2001,9,26,15,NA,NA,NA,NA,NA
2001,9,26,18,NA,NA,NA,NA,NA
2001,9,26,21,NA,NA,NA,NA,NA
2001,9,27,0,0.08,NA,NA,NA,96
2001,9,27,3,NA,NA,NA,NA,NA
2001,9,27,6,1.8,NA,NA,NA,96
2001,9,27,9,NA,NA,NA,NA,NA
2001,9,27,12,NA,NA,NA,NA,NA
2001,9,27,15,NA,NA,NA,NA,NA
2001,9,27,18,NA,NA,NA,NA,NA
2001,9,27,21,NA,NA,NA,NA,NA
2001,9,28,0,NA,NA,NA,NA,NA
2001,9,28,3,NA,NA,NA,NA,NA
2001,9,28,6,NA,NA,NA,NA,NA
2001,9,28,9,NA,NA,NA,NA,NA
2001,9,28,12,NA,NA,NA,NA,NA
2001,9,28,15,-4.58,NA,NA,NA,80
2001,9,28,18,-5.08,NA,NA,NA,74
2001,9,28,21,NA,NA,NA,NA,NA
2001,9,29,0,-0.42,NA,NA,NA,40
2001,9,29,3,NA,NA,NA,NA,NA
2001,9,29,6,4.16,NA,NA,NA,96
2001,9,29,9,NA,NA,NA,NA,NA
2001,9,29,12,NA,NA,NA,NA,NA
2001,9,29,15,NA,NA,NA,NA,NA
2001,9,29,18,NA,NA,NA,NA,NA
2001,9,29,21,1.28,NA,NA,NA,56
2001,9,30,0,NA,NA,NA,NA,NA
2001,9,30,3,NA,NA,NA,NA,NA
2001,9,30,6,NA,NA,NA,NA,NA
2001,9,30,9,-3.96,NA,NA,NA,72
2001,9,30,12,-4.5,NA,NA,NA,62
2001,9,30,15,NA,NA,NA,NA,NA
2001,9,30,18,-4.02,NA,NA,NA,66
2001,9,30,21,NA,NA,NA,NA,NA
2001,10,1,0,NA,NA,NA,NA,NA
2001,10,1,3,NA,NA,NA,NA,NA
2001,10,1,6,NA,NA,NA,NA,NA
2001,10,1,9,NA,NA,NA,NA,NA
2001,10,1,12,NA,NA,NA,NA,NA
2001,10,1,15,0.78,NA,NA,NA,NA
2001,10,1,18,NA,NA,NA,NA,NA
2001,10,1,21,0.86,NA,NA,NA,98
2001,10,2,0,NA,NA,NA,NA,NA
2001,10,2,3,1.74,NA,NA,NA,98
2001,10,2,6,NA,NA,NA,NA,NA
2001,10,2,9,NA,NA,NA,NA,NA
2001,10,2,12,NA,NA,NA,NA,NA
2001,10,2,15,-5.52,NA,NA,NA,98
2001,10,2,18,NA,NA,NA,NA,NA
2001,10,2,21,-5.82,NA,NA,NA,96
2001,10,3,0,NA,NA,NA,NA,NA
2001,10,3,3,NA,NA,NA,NA,NA
2001,10,3,6,NA,NA,NA,NA,NA
2001,10,3,9,-4.84,NA,NA,NA,76
2001,10,3,12,-3.86,NA,NA,NA,72
2001,10,3,15,-3.3,NA,NA,NA,74
2001,10,3,18,NA,NA,NA,NA,NA
2001,10,3,21,NA,NA,NA,NA,NA
2001,10,4,0,-3.04,NA,NA,NA,86
2001,10,4,3,NA,NA,NA,NA,NA
2001,10,4,6,NA,NA,NA,NA,NA
2001,10,4,9,-2.4,NA,NA,NA,72
2001,10,4,12,-2.74,NA,NA,NA,68
2001,10,4,15,-3.42,NA,NA,NA,80
2001,10,4,18,NA,NA,NA,NA,NA
2001,10,4,21,NA,NA,NA,NA,NA
2001,10,5,0,NA,NA,NA,NA,NA
2001,10,5,3,NA,NA,NA,NA,NA
2001,10,5,6,NA,NA,NA,NA,NA
2001,10,5,9,NA,NA,NA,NA,NA
2001,10,5,12,NA,NA,NA,NA,NA
2001,10,5,15,NA,NA,NA,NA,NA
2001,10,5,18,-6.42,NA,NA,NA,84
2001,10,5,21,NA,NA,NA,NA,NA
2001,10,6,0,-5.56,NA,NA,NA,84
2001,10,6,3,NA,NA,NA,NA,NA
2001,10,6,6,NA,NA,NA,NA,NA
2001,10,6,9,NA,NA,NA,NA,NA
2001,10,6,12,-4.34,NA,NA,NA,70
2001,10,6,15,-4.96,NA,NA,NA,92
2001,10,6,18,-2.98,NA,NA,NA,80
2001,10,6,21,NA,NA,NA,NA,NA
2001,10,7,0,NA,NA,NA,NA,NA
2001,10,7,3,NA,NA,NA,NA,NA
2001,10,7,6,NA,NA,NA,NA,NA
2001,10,7,9,NA,NA,NA,NA,NA
2001,10,7,12,NA,NA,NA,NA,NA
2001,10,7,15,NA,NA,NA,NA,NA
2001,10,7,18,NA,NA,NA,NA,NA
2001,10,7,21,NA,NA,NA,NA,NA
2001,10,8,0,NA,NA,NA,NA,NA
2001,10,8,3,NA,NA,NA,NA,NA
2001,10,8,6,-3.1,NA,NA,NA,82
2001,10,8,9,NA,NA,NA,NA,NA
2001,10,8,12,NA,NA,NA,NA,NA
2001,10,8,15,NA,NA,NA,NA,NA
2001,10,8,18,-4.1,NA,NA,NA,98
2001,10,8,21,NA,NA,NA,NA,NA
2001,10,9,0,-3.34,NA,NA,NA,82
2001,10,9,3,NA,NA,NA,NA,NA
2001,10,9,6,NA,NA,NA,NA,NA
2001,10,9,9,NA,NA,NA,NA,NA
2001,10,9,12,NA,NA,NA,NA,NA
2001,10,9,15,NA,NA,NA,NA,NA
2001,10,9,18,-3,NA,NA,NA,90
2001,10,9,21,-2.88,NA,NA,NA,82
2001,10,10,0,-3.96,NA,NA,NA,88
2001,10,10,3,NA,NA,NA,NA,NA
2001,10,10,6,NA,NA,NA,NA,NA
2001,10,10,9,-1.16,NA,NA,NA,92
2001,10,10,12,0.4,NA,NA,NA,88
2001,10,10,15,0.36,NA,NA,NA,76
2001,10,10,18,NA,NA,NA,NA,NA
2001,10,10,21,-1.88,NA,NA,NA,66
2001,10,11,0,NA,NA,NA,NA,NA
2001,10,11,3,NA,NA,NA,NA,NA
2001,10,11,6,NA,NA,NA,NA,NA
2001,10,11,9,-1.54,NA,NA,NA,68
2001,10,11,12,NA,NA,NA,NA,NA
2001,10,11,15,-2.58,NA,NA,NA,88
2001,10,11,18,NA,NA,NA,NA,NA
2001,10,11,21,-3.16,NA,NA,NA,80
2001,10,12,0,NA,NA,NA,NA,NA
2001,10,12,3,NA,NA,NA,NA,NA
2001,10,12,6,NA,NA,NA,NA,NA
2001,10,12,9,-2.32,NA,NA,NA,64
2001,10,12,12,NA,NA,NA,NA,NA
2001,10,12,15,-3.02,NA,NA,NA,78
2001,10,12,18,NA,NA,NA,NA,NA
2001,10,12,21,-2.82,NA,NA,NA,82
2001,10,13,0,-2.6,NA,NA,NA,84
2001,10,13,3,NA,NA,NA,NA,NA
2001,10,13,6,NA,NA,NA,NA,NA
2001,10,13,9,-1.34,NA,NA,NA,94
2001,10,13,12,2.34,NA,NA,NA,96
2001,10,13,15,NA,NA,NA,NA,NA
2001,10,13,18,NA,NA,NA,NA,NA
2001,10,13,21,NA,NA,NA,NA,NA
2001,10,14,0,1.36,NA,NA,NA,66
2001,10,14,3,NA,NA,NA,NA,NA
2001,10,14,6,NA,NA,NA,NA,NA
2001,10,14,9,3.58,NA,NA,NA,42
2001,10,14,12,NA,NA,NA,NA,82
2001,10,14,15,NA,NA,NA,NA,74
2001,10,14,18,-1.02,NA,NA,NA,64
2001,10,14,21,NA,NA,NA,NA,NA
2001,10,15,0,NA,NA,NA,NA,NA
2001,10,15,3,NA,NA,NA,NA,NA
2001,10,15,6,NA,NA,NA,NA,NA
2001,10,15,9,NA,NA,NA,NA,NA
2001,10,15,12,-1.8,NA,NA,NA,68
2001,10,15,15,-1.72,NA,NA,NA,90
2001,10,15,18,0.46,NA,NA,NA,78
2001,10,15,21,-0.36,NA,NA,NA,78
2001,10,16,0,NA,NA,NA,NA,NA
2001,10,16,3,NA,NA,NA,NA,NA
2001,10,16,6,NA,NA,NA,NA,NA
2001,10,16,9,NA,NA,NA,NA,NA
2001,10,16,12,NA,NA,NA,NA,NA
2001,10,16,15,1.08,NA,NA,NA,80
2001,10,16,18,-0.28,NA,NA,NA,96
2001,10,16,21,NA,NA,NA,NA,NA
2001,10,17,0,-4.54,NA,NA,NA,96
2001,10,17,3,NA,NA,NA,NA,NA
2001,10,17,6,-4.62,NA,NA,NA,82
2001,10,17,9,NA,NA,NA,NA,NA
2001,10,17,12,-6.36,NA,NA,NA,88
2001,10,17,15,-6.66,NA,NA,NA,84
2001,10,17,18,-7.12,NA,NA,NA,76
2001,10,17,21,-7.7,NA,NA,NA,90
2001,10,18,0,-7.06,NA,NA,NA,70
2001,10,18,3,NA,NA,NA,NA,NA
2001,10,18,6,NA,NA,NA,NA,NA
2001,10,18,9,NA,NA,NA,NA,NA
2001,10,18,12,-3.46,NA,NA,NA,80
2001,10,18,15,-2.78,NA,NA,NA,90
2001,10,18,18,-2.5,NA,NA,NA,84
2001,10,18,21,-0.24,NA,NA,NA,72
2001,10,19,0,-0.98,NA,NA,NA,90
2001,10,19,3,NA,NA,NA,NA,NA
2001,10,19,6,NA,NA,NA,NA,NA
2001,10,19,9,-0.1,NA,NA,NA,92
2001,10,19,12,0.28,NA,NA,NA,98
2001,10,19,15,NA,NA,NA,NA,22
2001,10,19,18,NA,NA,NA,NA,44
2001,10,19,21,NA,NA,NA,NA,74
2001,10,20,0,NA,NA,NA,NA,NA
2001,10,20,3,NA,NA,NA,NA,NA
2001,10,20,6,NA,NA,NA,NA,NA
2001,10,20,9,NA,NA,NA,NA,NA
2001,10,20,12,NA,NA,NA,NA,NA
2001,10,20,15,-1.94,NA,NA,NA,96
2001,10,20,18,NA,NA,NA,NA,NA
2001,10,20,21,-5.4,NA,NA,NA,96
2001,10,21,0,-5.22,NA,NA,NA,96
2001,10,21,3,NA,NA,NA,NA,NA
2001,10,21,6,NA,NA,NA,NA,NA
2001,10,21,9,-2.28,NA,NA,NA,98
2001,10,21,12,-2.72,NA,NA,NA,92
2001,10,21,15,NA,NA,NA,NA,NA
2001,10,21,18,NA,NA,NA,NA,NA
2001,10,21,21,-3.08,NA,NA,NA,70
2001,10,22,0,-4.2,NA,NA,NA,76
2001,10,22,3,NA,NA,NA,NA,NA
2001,10,22,6,NA,NA,NA,NA,NA
2001,10,22,9,-1.92,NA,NA,NA,56
2001,10,22,12,-4.64,NA,NA,NA,66
2001,10,22,15,-6.06,NA,NA,NA,96
2001,10,22,18,-5.8,NA,NA,NA,76
2001,10,22,21,NA,NA,NA,NA,NA
2001,10,23,0,-6.32,NA,NA,NA,86
2001,10,23,3,NA,NA,NA,NA,NA
2001,10,23,6,NA,NA,NA,NA,NA
2001,10,23,9,-3.64,NA,NA,NA,44
2001,10,23,12,NA,NA,NA,NA,NA
2001,10,23,15,-2.14,NA,NA,NA,82
2001,10,23,18,0.32,NA,NA,NA,80
2001,10,23,21,NA,NA,NA,NA,NA
2001,10,24,0,NA,NA,NA,NA,NA
2001,10,24,3,NA,NA,NA,NA,NA
2001,10,24,6,NA,NA,NA,NA,NA
2001,10,24,9,NA,NA,NA,NA,NA
2001,10,24,12,NA,NA,NA,NA,NA
2001,10,24,15,NA,NA,NA,NA,NA
2001,10,24,18,NA,NA,NA,NA,NA
2001,10,24,21,NA,NA,NA,NA,NA
2001,10,25,0,NA,NA,NA,NA,NA
2001,10,25,3,NA,NA,NA,NA,NA
2001,10,25,6,NA,NA,NA,NA,NA
2001,10,25,9,NA,NA,NA,NA,NA
2001,10,25,12,NA,NA,NA,NA,NA
2001,10,25,15,NA,NA,NA,NA,NA
2001,10,25,18,NA,NA,NA,NA,86
2001,10,25,21,-4.32,NA,NA,NA,84
2001,10,26,0,-4.88,NA,NA,NA,88
2001,10,26,3,NA,NA,NA,NA,NA
2001,10,26,6,NA,NA,NA,NA,NA
2001,10,26,9,NA,NA,NA,NA,NA
2001,10,26,12,-3.62,NA,NA,NA,80
2001,10,26,15,NA,NA,NA,NA,NA
2001,10,26,18,-3.32,NA,NA,NA,74
2001,10,26,21,NA,NA,NA,NA,NA
2001,10,27,0,-3,NA,NA,NA,84
2001,10,27,3,NA,NA,NA,NA,NA
2001,10,27,6,-2.54,NA,NA,NA,90
2001,10,27,9,NA,NA,NA,NA,NA
2001,10,27,12,NA,NA,NA,NA,NA
2001,10,27,15,-1.28,NA,NA,NA,96
2001,10,27,18,0.48,NA,NA,NA,80
2001,10,27,21,-2.42,NA,NA,NA,96
2001,10,28,0,NA,NA,NA,NA,NA
2001,10,28,3,NA,NA,NA,NA,NA
2001,10,28,6,NA,NA,NA,NA,NA
2001,10,28,9,-4.58,NA,NA,NA,76
2001,10,28,12,NA,NA,NA,NA,NA
2001,10,28,15,-5.68,NA,NA,NA,74
2001,10,28,18,-6.2,NA,NA,NA,66
2001,10,28,21,NA,NA,NA,NA,NA
2001,10,29,0,NA,NA,NA,NA,NA
2001,10,29,3,NA,NA,NA,NA,NA
2001,10,29,6,NA,NA,NA,NA,NA
2001,10,29,9,-4.68,NA,NA,NA,62
2001,10,29,12,NA,NA,NA,NA,NA
2001,10,29,15,NA,NA,NA,NA,NA
2001,10,29,18,NA,NA,NA,NA,NA
2001,10,29,21,-3.62,NA,NA,NA,98
2001,10,30,0,-2.84,NA,NA,NA,98
2001,10,30,3,NA,NA,NA,NA,NA
2001,10,30,6,-0.26,NA,NA,NA,62
2001,10,30,9,-2.4,NA,NA,NA,54
2001,10,30,12,-4.28,NA,NA,NA,70
2001,10,30,15,-4.72,NA,NA,NA,88
2001,10,30,18,NA,NA,NA,NA,NA
2001,10,30,21,NA,NA,NA,NA,NA
2001,10,31,0,-5.8,NA,NA,NA,76
2001,10,31,3,NA,NA,NA,NA,NA
2001,10,31,6,NA,NA,NA,NA,NA
2001,10,31,9,-6.44,NA,NA,NA,72
2001,10,31,12,-8.02,NA,NA,NA,76
2001,10,31,15,-8.28,NA,NA,NA,84
2001,10,31,18,NA,NA,NA,NA,NA
2001,10,31,21,NA,NA,NA,NA,NA
2001,11,1,0,NA,NA,NA,NA,NA
2001,11,1,3,NA,NA,NA,NA,NA
2001,11,1,6,NA,NA,NA,NA,NA
2001,11,1,9,-4.78,NA,NA,NA,72
2001,11,1,12,-3.98,NA,NA,NA,74
2001,11,1,15,-3.7,NA,NA,NA,88
2001,11,1,18,-3.58,NA,NA,NA,92
2001,11,1,21,-2.34,NA,NA,NA,86
2001,11,2,0,NA,NA,NA,NA,NA
2001,11,2,3,NA,NA,NA,NA,NA
2001,11,2,6,NA,NA,NA,NA,NA
2001,11,2,9,NA,NA,NA,NA,NA
2001,11,2,12,NA,NA,NA,NA,NA
2001,11,2,15,NA,NA,NA,NA,92
2001,11,2,18,-1.44,NA,NA,NA,92
2001,11,2,21,NA,NA,NA,NA,NA
2001,11,3,0,0.64,NA,NA,NA,92
2001,11,3,3,NA,NA,NA,NA,NA
2001,11,3,6,NA,NA,NA,NA,NA
2001,11,3,9,NA,NA,NA,NA,NA
2001,11,3,12,0.46,NA,NA,NA,74
2001,11,3,15,NA,NA,NA,NA,88
2001,11,3,18,NA,NA,NA,NA,98
2001,11,3,21,NA,NA,NA,NA,90
2001,11,4,0,-2.34,NA,NA,NA,90
2001,11,4,3,NA,NA,NA,NA,NA
2001,11,4,6,-2.4,NA,NA,NA,72
2001,11,4,9,NA,NA,NA,NA,NA
2001,11,4,12,-1.58,NA,NA,NA,62
2001,11,4,15,-2.58,NA,NA,NA,80
2001,11,4,18,-2.68,NA,NA,NA,80
2001,11,4,21,NA,NA,NA,NA,NA
2001,11,5,0,-0.86,NA,NA,NA,76
2001,11,5,3,NA,NA,NA,NA,NA
2001,11,5,6,NA,NA,NA,NA,NA
2001,11,5,9,NA,NA,NA,NA,NA
2001,11,5,12,NA,NA,NA,NA,NA
2001,11,5,15,5.36,NA,NA,NA,24
2001,11,5,18,4.56,NA,NA,NA,32
2001,11,5,21,NA,NA,NA,NA,NA
2001,11,6,0,NA,NA,NA,NA,NA
2001,11,6,3,NA,NA,NA,NA,NA
2001,11,6,6,0.2,NA,NA,NA,52
2001,11,6,9,-0.28,NA,NA,NA,54
2001,11,6,12,NA,NA,NA,NA,NA
2001,11,6,15,-2.22,NA,NA,NA,82
2001,11,6,18,-1.94,NA,NA,NA,76
2001,11,6,21,-1.56,NA,NA,NA,62
2001,11,7,0,-2.22,NA,NA,NA,80
2001,11,7,3,NA,NA,NA,NA,NA
2001,11,7,6,NA,NA,NA,NA,96
2001,11,7,9,0.38,NA,NA,NA,98
2001,11,7,12,NA,NA,NA,NA,NA
2001,11,7,15,NA,NA,NA,NA,NA
2001,11,7,18,NA,NA,NA,NA,NA
2001,11,7,21,1.36,NA,NA,NA,94
2001,11,8,0,0.92,NA,NA,NA,94
2001,11,8,3,NA,NA,NA,NA,NA
2001,11,8,6,NA,NA,NA,NA,NA
2001,11,8,9,2.76,NA,NA,NA,92
2001,11,8,12,0.62,NA,NA,NA,96
2001,11,8,15,NA,NA,NA,NA,NA
2001,11,8,18,NA,NA,NA,NA,NA
2001,11,8,21,-0.72,NA,NA,NA,62
2001,11,9,0,-2.14,NA,NA,NA,44
2001,11,9,3,NA,NA,NA,NA,NA
2001,11,9,6,NA,NA,NA,NA,NA
2001,11,9,9,-1.78,NA,NA,NA,82
2001,11,9,12,-2.12,NA,NA,NA,74
2001,11,9,15,-3.2,NA,NA,NA,66
2001,11,9,18,NA,NA,NA,NA,NA
2001,11,9,21,NA,NA,NA,NA,NA
2001,11,10,0,NA,NA,NA,NA,NA
2001,11,10,3,NA,NA,NA,NA,NA
2001,11,10,6,NA,NA,NA,NA,NA
2001,11,10,9,-4.1,NA,NA,NA,82
2001,11,10,12,-2.94,NA,NA,NA,86
2001,11,10,15,-3.24,NA,NA,NA,98
2001,11,10,18,NA,NA,NA,NA,NA
2001,11,10,21,NA,NA,NA,NA,NA
2001,11,11,0,NA,NA,NA,NA,NA
2001,11,11,3,NA,NA,NA,NA,NA
2001,11,11,6,NA,NA,NA,NA,NA
2001,11,11,9,0.78,NA,NA,NA,66
2001,11,11,12,-2,NA,NA,NA,66
2001,11,11,15,-2.86,NA,NA,NA,74
2001,11,11,18,NA,NA,NA,NA,NA
2001,11,11,21,-2.98,NA,NA,NA,90
2001,11,12,0,-2.48,NA,NA,NA,56
2001,11,12,3,NA,NA,NA,NA,NA
2001,11,12,6,NA,NA,NA,NA,NA
2001,11,12,9,NA,NA,NA,NA,NA
2001,11,12,12,-4.06,NA,NA,NA,74
2001,11,12,15,NA,NA,NA,NA,NA
2001,11,12,18,-3.22,NA,NA,NA,66
2001,11,12,21,NA,NA,NA,NA,NA
2001,11,13,0,-2.7,NA,NA,NA,58
2001,11,13,3,NA,NA,NA,NA,NA
2001,11,13,6,-3.78,NA,NA,NA,90
2001,11,13,9,NA,NA,NA,NA,NA
2001,11,13,12,-0.34,NA,NA,NA,94
2001,11,13,15,0.58,NA,NA,NA,82
2001,11,13,18,-3.14,NA,NA,NA,92
2001,11,13,21,NA,NA,NA,NA,NA
2001,11,14,0,NA,NA,NA,NA,NA
2001,11,14,3,NA,NA,NA,NA,NA
2001,11,14,6,NA,NA,NA,NA,26
2001,11,14,9,NA,NA,NA,NA,NA
2001,11,14,12,-1.1,NA,NA,NA,68
2001,11,14,15,-1.66,NA,NA,NA,80
2001,11,14,18,-1.78,NA,NA,NA,82
2001,11,14,21,-1.52,NA,NA,NA,82
2001,11,15,0,NA,NA,NA,NA,NA
2001,11,15,3,NA,NA,NA,NA,NA
2001,11,15,6,0.4,NA,NA,NA,96
2001,11,15,9,NA,NA,NA,NA,NA
2001,11,15,12,NA,NA,NA,NA,NA
2001,11,15,15,1.06,NA,NA,NA,94
2001,11,15,18,-0.26,NA,NA,NA,96
2001,11,15,21,-3,NA,NA,NA,98
2001,11,16,0,-3.48,NA,NA,NA,98
2001,11,16,3,NA,NA,NA,NA,NA
2001,11,16,6,-3.6,NA,NA,NA,96
2001,11,16,9,-3.44,NA,NA,NA,96
2001,11,16,12,NA,NA,NA,NA,NA
2001,11,16,15,NA,NA,NA,NA,NA
2001,11,16,18,-3.6,NA,NA,NA,98
2001,11,16,21,-3.66,NA,NA,NA,88
2001,11,17,0,-3.78,NA,NA,NA,72
2001,11,17,3,NA,NA,NA,NA,NA
2001,11,17,6,NA,NA,NA,NA,NA
2001,11,17,9,-1.2,NA,NA,NA,54
2001,11,17,12,NA,NA,NA,NA,NA
2001,11,17,15,-1.92,NA,NA,NA,82
2001,11,17,18,NA,NA,NA,NA,NA
2001,11,17,21,-1.74,NA,NA,NA,88
2001,11,18,0,0.42,NA,NA,NA,70
2001,11,18,3,NA,NA,NA,NA,NA
2001,11,18,6,NA,NA,NA,NA,NA
2001,11,18,9,6.3,NA,NA,NA,40
2001,11,18,12,7.98,NA,NA,NA,58
2001,11,18,15,9.4,NA,NA,NA,30
2001,11,18,18,NA,NA,NA,NA,NA
2001,11,18,21,NA,NA,NA,NA,NA
2001,11,19,0,NA,NA,NA,NA,NA
2001,11,19,3,NA,NA,NA,NA,NA
2001,11,19,6,NA,NA,NA,NA,NA
2001,11,19,9,0.58,NA,NA,NA,66
2001,11,19,12,-0.58,NA,NA,NA,88
2001,11,19,15,-1.38,NA,NA,NA,92
2001,11,19,18,NA,NA,NA,NA,NA
2001,11,19,21,-2.66,NA,NA,NA,98
2001,11,20,0,NA,NA,NA,NA,NA
2001,11,20,3,NA,NA,NA,NA,NA
2001,11,20,6,NA,NA,NA,NA,NA
2001,11,20,9,NA,NA,NA,NA,NA
2001,11,20,12,-2.46,NA,NA,NA,76
2001,11,20,15,-2.44,NA,NA,NA,92
2001,11,20,18,NA,NA,NA,NA,NA
2001,11,20,21,-3.54,NA,NA,NA,96
2001,11,21,0,-4.1,NA,NA,NA,94
2001,11,21,3,NA,NA,NA,NA,NA
2001,11,21,6,NA,NA,NA,NA,NA
2001,11,21,9,NA,NA,NA,NA,NA
2001,11,21,12,NA,NA,NA,NA,NA
2001,11,21,15,NA,NA,NA,NA,NA
2001,11,21,18,NA,NA,NA,NA,NA
2001,11,21,21,NA,NA,NA,NA,NA
2001,11,22,0,-2.68,NA,NA,NA,92
2001,11,22,3,NA,NA,NA,NA,NA
2001,11,22,6,-1.16,NA,NA,NA,90
2001,11,22,9,NA,NA,NA,NA,NA
2001,11,22,12,NA,NA,NA,NA,NA
2001,11,22,15,0.14,NA,NA,NA,96
2001,11,22,18,-1.42,NA,NA,NA,80
2001,11,22,21,NA,NA,NA,NA,NA
2001,11,23,0,NA,NA,NA,NA,NA
2001,11,23,3,NA,NA,NA,NA,NA
2001,11,23,6,-0.32,NA,NA,NA,58
2001,11,23,9,NA,NA,NA,NA,NA
2001,11,23,12,NA,NA,NA,NA,NA
2001,11,23,15,-1.2,NA,NA,NA,78
2001,11,23,18,-1.1,NA,NA,NA,84
2001,11,23,21,-2.68,NA,NA,NA,86
2001,11,24,0,NA,NA,NA,NA,NA
2001,11,24,3,NA,NA,NA,NA,NA
2001,11,24,6,NA,NA,NA,NA,NA
2001,11,24,9,-1.12,NA,NA,NA,58
2001,11,24,12,NA,NA,NA,NA,NA
2001,11,24,15,NA,NA,NA,NA,NA
2001,11,24,18,-2.92,NA,NA,NA,90
2001,11,24,21,NA,NA,NA,NA,NA
2001,11,25,0,-3.46,NA,NA,NA,80
2001,11,25,3,NA,NA,NA,NA,NA
2001,11,25,6,-2.74,NA,NA,NA,60
2001,11,25,9,-2.38,NA,NA,NA,58
2001,11,25,12,NA,NA,NA,NA,NA
2001,11,25,15,NA,NA,NA,NA,NA
2001,11,25,18,NA,NA,NA,NA,NA
2001,11,25,21,-5.08,NA,NA,NA,74
2001,11,26,0,-3.76,NA,NA,NA,74
2001,11,26,3,NA,NA,NA,NA,NA
2001,11,26,6,NA,NA,NA,NA,NA
2001,11,26,9,0.24,NA,NA,NA,40
2001,11,26,12,-1.5,NA,NA,NA,64
2001,11,26,15,-2.08,NA,NA,NA,68
2001,11,26,18,NA,NA,NA,NA,NA
2001,11,26,21,NA,NA,NA,NA,NA
2001,11,27,0,NA,NA,NA,NA,NA
2001,11,27,3,NA,NA,NA,NA,NA
2001,11,27,6,NA,NA,NA,NA,NA
2001,11,27,9,0.04,NA,NA,NA,54
2001,11,27,12,0,NA,NA,NA,64
2001,11,27,15,-0.64,NA,NA,NA,90
2001,11,27,18,NA,NA,NA,NA,NA
2001,11,27,21,2.9,NA,NA,NA,92
2001,11,28,0,NA,NA,NA,NA,NA
2001,11,28,3,NA,NA,NA,NA,NA
2001,11,28,6,NA,NA,NA,NA,NA
2001,11,28,9,0.44,NA,NA,NA,94
2001,11,28,12,0.82,NA,NA,NA,92
2001,11,28,15,0.86,NA,NA,NA,92
2001,11,28,18,NA,NA,NA,NA,NA
2001,11,28,21,NA,NA,NA,NA,NA
2001,11,29,0,NA,NA,NA,NA,NA
2001,11,29,3,NA,NA,NA,NA,NA
2001,11,29,6,NA,NA,NA,NA,NA
2001,11,29,9,-1,NA,NA,NA,36
2001,11,29,12,NA,NA,NA,NA,NA
2001,11,29,15,NA,NA,NA,NA,NA
2001,11,29,18,NA,NA,NA,NA,NA
2001,11,29,21,NA,NA,NA,NA,NA
2001,11,30,0,-1.26,NA,NA,NA,94
2001,11,30,3,NA,NA,NA,NA,NA
2001,11,30,6,NA,NA,NA,NA,NA
2001,11,30,9,NA,NA,NA,NA,NA
2001,11,30,12,0.22,NA,NA,NA,94
2001,11,30,15,0.92,NA,NA,NA,94
2001,11,30,18,1.86,NA,NA,NA,90
2001,11,30,21,NA,NA,NA,NA,NA
2001,12,1,0,NA,NA,NA,NA,NA
2001,12,1,3,NA,NA,NA,NA,NA
2001,12,1,6,2.52,NA,NA,NA,92
2001,12,1,9,NA,NA,NA,NA,NA
2001,12,1,12,4.22,NA,NA,NA,44
2001,12,1,15,NA,NA,NA,NA,84
2001,12,1,18,NA,NA,NA,NA,88
2001,12,1,21,NA,NA,NA,NA,NA
2001,12,2,0,NA,NA,NA,NA,NA
2001,12,2,3,NA,NA,NA,NA,NA
2001,12,2,6,-1.2,NA,NA,NA,58
2001,12,2,9,NA,NA,NA,NA,NA
2001,12,2,12,NA,NA,NA,NA,NA
2001,12,2,15,-2.62,NA,NA,NA,96
2001,12,2,18,-3.44,NA,NA,NA,96
2001,12,2,21,NA,NA,NA,NA,NA
2001,12,3,0,-1.42,NA,NA,NA,62
2001,12,3,3,NA,NA,NA,NA,NA
2001,12,3,6,0.02,NA,NA,NA,40
2001,12,3,9,0.44,NA,NA,NA,50
2001,12,3,12,NA,NA,NA,NA,NA
2001,12,3,15,NA,NA,NA,NA,NA
2001,12,3,18,0.6,NA,NA,NA,74
2001,12,3,21,NA,NA,NA,NA,NA
2001,12,4,0,-0.18,NA,NA,NA,92
2001,12,4,3,NA,NA,NA,NA,NA
2001,12,4,6,0.86,NA,NA,NA,92
2001,12,4,9,0.38,NA,NA,NA,54
2001,12,4,12,-0.6,NA,NA,NA,76
2001,12,4,15,-1,NA,NA,NA,80
2001,12,4,18,-1.1,NA,NA,NA,80
2001,12,4,21,-1.6,NA,NA,NA,84
2001,12,5,0,-0.34,NA,NA,NA,64
2001,12,5,3,NA,NA,NA,NA,NA
2001,12,5,6,-0.82,NA,NA,NA,70
2001,12,5,9,-1.2,NA,NA,NA,80
2001,12,5,12,-0.92,NA,NA,NA,86
2001,12,5,15,-1.54,NA,NA,NA,68
2001,12,5,18,NA,NA,NA,NA,NA
2001,12,5,21,-2.18,NA,NA,NA,76
2001,12,6,0,NA,NA,NA,NA,NA
2001,12,6,3,NA,NA,NA,NA,NA
2001,12,6,6,NA,NA,NA,NA,NA
2001,12,6,9,1.14,NA,NA,NA,36
2001,12,6,12,NA,NA,NA,NA,NA
2001,12,6,15,2.02,NA,NA,NA,38
2001,12,6,18,NA,NA,NA,NA,NA
2001,12,6,21,2.1,NA,NA,NA,70
2001,12,7,0,2.22,NA,NA,NA,72
2001,12,7,3,NA,NA,NA,NA,NA
2001,12,7,6,NA,NA,NA,NA,NA
2001,12,7,9,1.68,NA,NA,NA,96
2001,12,7,12,NA,NA,NA,NA,NA
2001,12,7,15,2.18,NA,NA,NA,94
2001,12,7,18,NA,NA,NA,NA,NA
2001,12,7,21,NA,NA,NA,NA,NA
2001,12,8,0,3.32,NA,NA,NA,92
2001,12,8,3,NA,NA,NA,NA,NA
2001,12,8,6,NA,NA,NA,NA,NA
2001,12,8,9,2.74,NA,NA,NA,92
2001,12,8,12,2.66,NA,NA,NA,92
2001,12,8,15,2.88,NA,NA,NA,92
2001,12,8,18,0.02,NA,NA,NA,94
2001,12,8,21,NA,NA,NA,NA,NA
2001,12,9,0,-0.54,NA,NA,NA,90
2001,12,9,3,NA,NA,NA,NA,NA
2001,12,9,6,NA,NA,NA,NA,NA
2001,12,9,9,NA,NA,NA,NA,NA
2001,12,9,12,-0.62,NA,NA,NA,50
2001,12,9,15,-1.52,NA,NA,NA,52
2001,12,9,18,-2.44,NA,NA,NA,76
2001,12,9,21,NA,NA,NA,NA,NA
2001,12,10,0,NA,NA,NA,NA,NA
2001,12,10,3,NA,NA,NA,NA,NA
2001,12,10,6,NA,NA,NA,NA,NA
2001,12,10,9,NA,NA,NA,NA,NA
2001,12,10,12,NA,NA,NA,NA,NA
2001,12,10,15,-1.28,NA,NA,NA,80
2001,12,10,18,-1.42,NA,NA,NA,82
2001,12,10,21,-2.02,NA,NA,NA,84
2001,12,11,0,NA,NA,NA,NA,NA
2001,12,11,3,NA,NA,NA,NA,NA
2001,12,11,6,0.2,NA,NA,NA,52
2001,12,11,9,NA,NA,NA,NA,NA
2001,12,11,12,NA,NA,NA,NA,NA
2001,12,11,15,NA,NA,NA,NA,NA
2001,12,11,18,-0.2,NA,NA,NA,70
2001,12,11,21,0.6,NA,NA,NA,66
2001,12,12,0,0.2,NA,NA,NA,64
2001,12,12,3,NA,NA,NA,NA,NA
2001,12,12,6,0.32,NA,NA,NA,90
2001,12,12,9,1.26,NA,NA,NA,94
2001,12,12,12,1.34,NA,NA,NA,92
2001,12,12,15,NA,NA,NA,NA,NA
2001,12,12,18,1.32,NA,NA,NA,92
2001,12,12,21,NA,NA,NA,NA,NA
2001,12,13,0,1.5,NA,NA,NA,92
2001,12,13,3,NA,NA,NA,NA,NA
2001,12,13,6,1.86,NA,NA,NA,92
2001,12,13,9,6.04,NA,NA,NA,78
2001,12,13,12,NA,NA,NA,NA,38
2001,12,13,15,NA,NA,NA,NA,90
2001,12,13,18,NA,NA,NA,NA,86
2001,12,13,21,-2.76,NA,NA,NA,92
2001,12,14,0,NA,NA,NA,NA,NA
2001,12,14,3,NA,NA,NA,NA,NA
2001,12,14,6,NA,NA,NA,NA,NA
2001,12,14,9,-2.14,NA,NA,NA,86
2001,12,14,12,-1.1,NA,NA,NA,92
2001,12,14,15,-0.78,NA,NA,NA,76
2001,12,14,18,NA,NA,NA,NA,NA
2001,12,14,21,-0.2,NA,NA,NA,60
2001,12,15,0,NA,NA,NA,NA,NA
2001,12,15,3,NA,NA,NA,NA,NA
2001,12,15,6,-2.86,NA,NA,NA,64
2001,12,15,9,-2.02,NA,NA,NA,52
2001,12,15,12,NA,NA,NA,NA,NA
2001,12,15,15,-3.02,NA,NA,NA,78
2001,12,15,18,NA,NA,NA,NA,NA
2001,12,15,21,-2.94,NA,NA,NA,82
2001,12,16,0,-2.86,NA,NA,NA,80
2001,12,16,3,NA,NA,NA,NA,NA
2001,12,16,6,NA,NA,NA,NA,NA
2001,12,16,9,-0.24,NA,NA,NA,44
2001,12,16,12,2.18,NA,NA,NA,44
2001,12,16,15,NA,NA,NA,NA,NA
2001,12,16,18,NA,NA,NA,NA,NA
2001,12,16,21,NA,NA,NA,NA,NA
2001,12,17,0,2.64,NA,NA,NA,54
2001,12,17,3,NA,NA,NA,NA,NA
2001,12,17,6,NA,NA,NA,NA,NA
2001,12,17,9,8.86,NA,NA,NA,38
2001,12,17,12,6.62,NA,NA,NA,56
2001,12,17,15,10.14,NA,NA,NA,56
2001,12,17,18,NA,NA,NA,NA,NA
2001,12,17,21,NA,NA,NA,NA,NA
2001,12,18,0,NA,NA,NA,NA,88
2001,12,18,3,NA,NA,NA,NA,NA
2001,12,18,6,NA,NA,NA,NA,NA
2001,12,18,9,NA,NA,NA,NA,NA
2001,12,18,12,-0.42,NA,NA,NA,72
2001,12,18,15,-1.14,NA,NA,NA,92
2001,12,18,18,-1.62,NA,NA,NA,86
2001,12,18,21,NA,NA,NA,NA,NA
2001,12,19,0,NA,NA,NA,NA,NA
2001,12,19,3,NA,NA,NA,NA,NA
2001,12,19,6,NA,NA,NA,NA,NA
2001,12,19,9,NA,NA,NA,NA,NA
2001,12,19,12,0.56,NA,NA,NA,82
2001,12,19,15,-1.1,NA,NA,NA,88
2001,12,19,18,-2.62,NA,NA,NA,96
2001,12,19,21,-2.6,NA,NA,NA,94
2001,12,20,0,0.1,NA,NA,NA,48
2001,12,20,3,NA,NA,NA,NA,NA
2001,12,20,6,0.38,NA,NA,NA,54
2001,12,20,9,NA,NA,NA,NA,NA
2001,12,20,12,NA,NA,NA,NA,NA
2001,12,20,15,NA,NA,NA,NA,NA
2001,12,20,18,6.16,NA,NA,NA,90
2001,12,20,21,8.46,NA,NA,NA,88
2001,12,21,0,7.96,NA,NA,NA,84
2001,12,21,3,NA,NA,NA,NA,NA
2001,12,21,6,NA,NA,NA,NA,NA
2001,12,21,9,NA,NA,NA,NA,NA
2001,12,21,12,6.84,NA,NA,NA,62
2001,12,21,15,NA,NA,NA,NA,NA
2001,12,21,18,4.96,NA,NA,NA,82
2001,12,21,21,NA,NA,NA,NA,NA
2001,12,22,0,NA,NA,NA,NA,46
2001,12,22,3,NA,NA,NA,NA,NA
2001,12,22,6,10.64,NA,NA,NA,60
2001,12,22,9,NA,NA,NA,NA,78
2001,12,22,12,NA,NA,NA,NA,90
2001,12,22,15,0.82,NA,NA,NA,94
2001,12,22,18,0.6,NA,NA,NA,92
2001,12,22,21,NA,NA,NA,NA,NA
2001,12,23,0,NA,NA,NA,NA,NA
2001,12,23,3,NA,NA,NA,NA,NA
2001,12,23,6,2.22,NA,NA,NA,92
2001,12,23,9,0.56,NA,NA,NA,96
2001,12,23,12,NA,NA,NA,NA,NA
2001,12,23,15,-0.32,NA,NA,NA,96
2001,12,23,18,NA,NA,NA,NA,NA
2001,12,23,21,-1.34,NA,NA,NA,96
2001,12,24,0,NA,NA,NA,NA,NA
2001,12,24,3,NA,NA,NA,NA,NA
2001,12,24,6,NA,NA,NA,NA,NA
2001,12,24,9,1.24,NA,NA,NA,64
2001,12,24,12,NA,NA,NA,NA,NA
2001,12,24,15,NA,NA,NA,NA,NA
2001,12,24,18,NA,NA,NA,NA,NA
2001,12,24,21,-1.2,NA,NA,NA,82
2001,12,25,0,-0.28,NA,NA,NA,68
2001,12,25,3,NA,NA,NA,NA,NA
2001,12,25,6,NA,NA,NA,NA,NA
2001,12,25,9,2.52,NA,NA,NA,62
2001,12,25,12,-0.12,NA,NA,NA,86
2001,12,25,15,-0.04,NA,NA,NA,86
2001,12,25,18,NA,NA,NA,NA,NA
2001,12,25,21,NA,NA,NA,NA,90
2001,12,26,0,11.14,NA,NA,NA,86
2001,12,26,3,NA,NA,NA,NA,NA
2001,12,26,6,NA,NA,NA,NA,NA
2001,12,26,9,9.7,NA,NA,NA,92
2001,12,26,12,NA,NA,NA,NA,88
2001,12,26,15,11.92,NA,NA,NA,90
2001,12,26,18,NA,NA,NA,NA,NA
2001,12,26,21,NA,NA,NA,NA,NA
2001,12,27,0,NA,NA,NA,NA,NA
2001,12,27,3,NA,NA,NA,NA,NA
2001,12,27,6,NA,NA,NA,NA,NA
2001,12,27,9,9.46,NA,NA,NA,90
2001,12,27,12,8.1,NA,NA,NA,90
2001,12,27,15,6.82,NA,NA,NA,92
2001,12,27,18,4.54,NA,NA,NA,72
2001,12,27,21,NA,NA,NA,NA,94
2001,12,28,0,NA,NA,NA,NA,NA
2001,12,28,3,NA,NA,NA,NA,NA
2001,12,28,6,NA,NA,NA,NA,NA
2001,12,28,9,NA,NA,NA,NA,NA
2001,12,28,12,3.88,NA,NA,NA,60
2001,12,28,15,NA,NA,NA,NA,88
2001,12,28,18,NA,NA,NA,NA,94
2001,12,28,21,-2.48,NA,NA,NA,94
2001,12,29,0,-1.6,NA,NA,NA,80
2001,12,29,3,NA,NA,NA,NA,NA
2001,12,29,6,-0.82,NA,NA,NA,58
2001,12,29,9,NA,NA,NA,NA,NA
2001,12,29,12,-2.04,NA,NA,NA,78
2001,12,29,15,-2.34,NA,NA,NA,90
2001,12,29,18,-2.62,NA,NA,NA,88
2001,12,29,21,NA,NA,NA,NA,NA
2001,12,30,0,-3.1,NA,NA,NA,76
2001,12,30,3,NA,NA,NA,NA,NA
2001,12,30,6,-1.88,NA,NA,NA,60
2001,12,30,9,NA,NA,NA,NA,NA
2001,12,30,12,-2.52,NA,NA,NA,62
2001,12,30,15,-2.72,NA,NA,NA,68
2001,12,30,18,-3,NA,NA,NA,68
2001,12,30,21,NA,NA,NA,NA,NA
2001,12,31,0,NA,NA,NA,NA,NA
2001,12,31,3,NA,NA,NA,NA,NA
2001,12,31,6,-0.96,NA,NA,NA,60
2001,12,31,9,0.18,NA,NA,NA,56
2001,12,31,12,0.14,NA,NA,NA,70
2001,12,31,15,2.2,NA,NA,NA,64
2001,12,31,18,4.72,NA,NA,NA,94
2001,12,31,21,NA,NA,NA,NA,NA
2002,1,1,0,NA,NA,NA,NA,NA
2002,1,1,3,NA,NA,NA,NA,NA
2002,1,1,6,NA,NA,NA,NA,NA
2002,1,1,9,2.5,NA,NA,NA,58
2002,1,1,12,NA,NA,NA,NA,NA
2002,1,1,15,1.18,NA,NA,NA,70
2002,1,1,18,1.22,NA,NA,NA,68
2002,1,1,21,2.1,NA,NA,NA,90
2002,1,2,0,NA,NA,NA,NA,NA
2002,1,2,3,NA,NA,NA,NA,NA
2002,1,2,6,NA,NA,NA,NA,NA
2002,1,2,9,1.66,NA,NA,NA,56
2002,1,2,12,NA,NA,NA,NA,NA
2002,1,2,15,-0.6,NA,NA,NA,76
2002,1,2,18,-2.04,NA,NA,NA,92
2002,1,2,21,NA,NA,NA,NA,NA
2002,1,3,0,NA,NA,NA,NA,NA
2002,1,3,3,NA,NA,NA,NA,NA
2002,1,3,6,NA,NA,NA,NA,NA
2002,1,3,9,7.5,NA,NA,NA,94
2002,1,3,12,9.12,NA,NA,NA,18
2002,1,3,15,NA,NA,NA,NA,NA
2002,1,3,18,NA,NA,NA,NA,NA
2002,1,3,21,0.14,NA,NA,NA,84
2002,1,4,0,-1.08,NA,NA,NA,90
2002,1,4,3,NA,NA,NA,NA,NA
2002,1,4,6,NA,NA,NA,NA,NA
2002,1,4,9,0.38,NA,NA,NA,78
2002,1,4,12,0.1,NA,NA,NA,74
2002,1,4,15,-0.2,NA,NA,NA,74
2002,1,4,18,NA,NA,NA,NA,NA
2002,1,4,21,NA,NA,NA,NA,NA
2002,1,5,0,-2.08,NA,NA,NA,82
2002,1,5,3,NA,NA,NA,NA,NA
2002,1,5,6,NA,NA,NA,NA,NA
2002,1,5,9,0.08,NA,NA,NA,76
2002,1,5,12,-0.02,NA,NA,NA,72
2002,1,5,15,-0.9,NA,NA,NA,92
2002,1,5,18,NA,NA,NA,NA,NA
2002,1,5,21,NA,NA,NA,NA,84
2002,1,6,0,NA,NA,NA,NA,NA
2002,1,6,3,NA,NA,NA,NA,NA
2002,1,6,6,NA,NA,NA,NA,NA
2002,1,6,9,3.76,NA,NA,NA,64
2002,1,6,12,4.72,NA,NA,NA,34
2002,1,6,15,4.46,NA,NA,NA,34
2002,1,6,18,NA,NA,NA,NA,NA
2002,1,6,21,NA,NA,NA,NA,NA
2002,1,7,0,NA,NA,NA,NA,NA
2002,1,7,3,NA,NA,NA,NA,NA
2002,1,7,6,NA,NA,NA,NA,NA
2002,1,7,9,NA,NA,NA,NA,NA
2002,1,7,12,NA,NA,NA,NA,NA
2002,1,7,15,-1.56,NA,NA,NA,80
2002,1,7,18,-1.52,NA,NA,NA,90
2002,1,7,21,-0.3,NA,NA,NA,70
2002,1,8,0,-1.78,NA,NA,NA,90
2002,1,8,3,NA,NA,NA,NA,NA
2002,1,8,6,NA,NA,NA,NA,NA
2002,1,8,9,NA,NA,NA,NA,NA
2002,1,8,12,3.1,NA,NA,NA,96
2002,1,8,15,4.48,NA,NA,NA,96
2002,1,8,18,NA,NA,NA,NA,94
2002,1,8,21,NA,NA,NA,NA,NA
2002,1,9,0,NA,NA,NA,NA,NA
2002,1,9,3,NA,NA,NA,NA,NA
2002,1,9,6,NA,NA,NA,NA,NA
2002,1,9,9,NA,NA,NA,NA,NA
2002,1,9,12,NA,NA,NA,NA,NA
2002,1,9,15,NA,NA,NA,NA,NA
2002,1,9,18,NA,NA,NA,NA,NA
2002,1,9,21,NA,NA,NA,NA,NA
2002,1,10,0,NA,NA,NA,NA,NA
2002,1,10,3,NA,NA,NA,NA,NA
2002,1,10,6,NA,NA,NA,NA,NA
2002,1,10,9,NA,NA,NA,NA,NA
2002,1,10,12,NA,NA,NA,NA,NA
2002,1,10,15,-0.74,NA,NA,NA,82
2002,1,10,18,-0.7,NA,NA,NA,88
2002,1,10,21,-1.1,NA,NA,NA,90
2002,1,11,0,NA,NA,NA,NA,NA
2002,1,11,3,NA,NA,NA,NA,NA
2002,1,11,6,NA,NA,NA,NA,NA
2002,1,11,9,4.7,NA,NA,NA,42
2002,1,11,12,NA,NA,NA,NA,NA
2002,1,11,15,NA,NA,NA,NA,NA
2002,1,11,18,6.68,NA,NA,NA,92
2002,1,11,21,NA,NA,NA,NA,NA
2002,1,12,0,NA,NA,NA,NA,NA
2002,1,12,3,NA,NA,NA,NA,NA
2002,1,12,6,8.36,NA,NA,NA,90
2002,1,12,9,7.58,NA,NA,NA,90
2002,1,12,12,NA,NA,NA,NA,92
2002,1,12,15,NA,NA,NA,NA,NA
2002,1,12,18,NA,NA,NA,NA,NA
2002,1,12,21,NA,NA,NA,NA,NA
2002,1,13,0,NA,NA,NA,NA,NA
2002,1,13,3,NA,NA,NA,NA,NA
2002,1,13,6,NA,NA,NA,NA,NA
2002,1,13,9,-2.54,NA,NA,NA,76
2002,1,13,12,-2.2,NA,NA,NA,68
2002,1,13,15,-2.16,NA,NA,NA,72
2002,1,13,18,NA,NA,NA,NA,NA
2002,1,13,21,NA,NA,NA,NA,NA
2002,1,14,0,NA,NA,NA,NA,NA
2002,1,14,3,NA,NA,NA,NA,NA
2002,1,14,6,NA,NA,NA,NA,NA
2002,1,14,9,-3.18,NA,NA,NA,82
2002,1,14,12,-2.66,NA,NA,NA,94
2002,1,14,15,-2.76,NA,NA,NA,96
2002,1,14,18,NA,NA,NA,NA,NA
2002,1,14,21,-2.46,NA,NA,NA,96
2002,1,15,0,NA,NA,NA,NA,NA
2002,1,15,3,NA,NA,NA,NA,NA
2002,1,15,6,NA,NA,NA,NA,NA
2002,1,15,9,-1.3,NA,NA,NA,62
2002,1,15,12,NA,NA,NA,NA,NA
2002,1,15,15,-2.68,NA,NA,NA,82
2002,1,15,18,NA,NA,NA,NA,NA
2002,1,15,21,NA,NA,NA,NA,NA
2002,1,16,0,NA,NA,NA,NA,NA
2002,1,16,3,NA,NA,NA,NA,NA
2002,1,16,6,NA,NA,NA,NA,NA
2002,1,16,9,NA,NA,NA,NA,NA
2002,1,16,12,-1.36,NA,NA,NA,62
2002,1,16,15,-1.58,NA,NA,NA,70
2002,1,16,18,-1.72,NA,NA,NA,84
2002,1,16,21,-1.44,NA,NA,NA,84
2002,1,17,0,0.12,NA,NA,NA,84
2002,1,17,3,NA,NA,NA,NA,NA
2002,1,17,6,4.54,NA,NA,NA,74
2002,1,17,9,NA,NA,NA,NA,NA
2002,1,17,12,7.72,NA,NA,NA,70
2002,1,17,15,5.8,NA,NA,NA,76
2002,1,17,18,5.44,NA,NA,NA,74
2002,1,17,21,NA,NA,NA,NA,NA
2002,1,18,0,NA,NA,NA,NA,86
2002,1,18,3,NA,NA,NA,NA,NA
2002,1,18,6,3.96,NA,NA,NA,52
2002,1,18,9,NA,NA,NA,NA,NA
2002,1,18,12,2.86,NA,NA,NA,90
2002,1,18,15,0.26,NA,NA,NA,76
2002,1,18,18,1.52,NA,NA,NA,74
2002,1,18,21,0.4,NA,NA,NA,80
2002,1,19,0,NA,NA,NA,NA,NA
2002,1,19,3,NA,NA,NA,NA,NA
2002,1,19,6,NA,NA,NA,NA,NA
2002,1,19,9,NA,NA,NA,NA,NA
2002,1,19,12,NA,NA,NA,NA,NA
2002,1,19,15,NA,NA,NA,NA,NA
2002,1,19,18,-1.54,NA,NA,NA,90
2002,1,19,21,-1.44,NA,NA,NA,94
2002,1,20,0,-0.4,NA,NA,NA,94
2002,1,20,3,NA,NA,NA,NA,NA
2002,1,20,6,NA,NA,NA,NA,NA
2002,1,20,9,5.66,NA,NA,NA,90
2002,1,20,12,NA,NA,NA,NA,NA
2002,1,20,15,NA,NA,NA,NA,NA
2002,1,20,18,6.14,NA,NA,NA,92
2002,1,20,21,NA,NA,NA,NA,NA
2002,1,21,0,NA,NA,NA,NA,NA
2002,1,21,3,NA,NA,NA,NA,NA
2002,1,21,6,NA,NA,NA,NA,NA
2002,1,21,9,5.6,NA,NA,NA,64
2002,1,21,12,6.26,NA,NA,NA,28
2002,1,21,15,NA,NA,NA,NA,76
2002,1,21,18,NA,NA,NA,NA,NA
2002,1,21,21,-0.62,NA,NA,NA,90
2002,1,22,0,-0.86,NA,NA,NA,88
2002,1,22,3,NA,NA,NA,NA,NA
2002,1,22,6,NA,NA,NA,NA,NA
2002,1,22,9,NA,NA,NA,NA,60
2002,1,22,12,NA,NA,NA,NA,NA
2002,1,22,15,NA,NA,NA,NA,84
2002,1,22,18,NA,NA,NA,NA,NA
2002,1,22,21,0.6,NA,NA,NA,78
2002,1,23,0,NA,NA,NA,NA,NA
2002,1,23,3,NA,NA,NA,NA,NA
2002,1,23,6,NA,NA,NA,NA,NA
2002,1,23,9,6.26,NA,NA,NA,50
2002,1,23,12,NA,NA,NA,NA,NA
2002,1,23,15,7.46,NA,NA,NA,86
2002,1,23,18,NA,NA,NA,NA,NA
2002,1,23,21,NA,NA,NA,NA,74
2002,1,24,0,NA,NA,NA,NA,NA
2002,1,24,3,NA,NA,NA,NA,NA
2002,1,24,6,NA,NA,NA,NA,NA
2002,1,24,9,4.82,NA,NA,NA,90
2002,1,24,12,NA,NA,NA,NA,NA
2002,1,24,15,6.46,NA,NA,NA,16
2002,1,24,18,NA,NA,NA,NA,NA
2002,1,24,21,NA,NA,NA,NA,NA
2002,1,25,0,NA,NA,NA,NA,NA
2002,1,25,3,NA,NA,NA,NA,NA
2002,1,25,6,NA,NA,NA,NA,NA
2002,1,25,9,0.38,NA,NA,NA,74
2002,1,25,12,1.48,NA,NA,NA,66
2002,1,25,15,0.4,NA,NA,NA,66
2002,1,25,18,1,NA,NA,NA,66
2002,1,25,21,NA,NA,NA,NA,NA
2002,1,26,0,-0.86,NA,NA,NA,66
2002,1,26,3,NA,NA,NA,NA,NA
2002,1,26,6,NA,NA,NA,NA,NA
2002,1,26,9,NA,NA,NA,NA,NA
2002,1,26,12,0.98,NA,NA,NA,62
2002,1,26,15,-1.36,NA,NA,NA,84
2002,1,26,18,-1.4,NA,NA,NA,82
2002,1,26,21,NA,NA,NA,NA,NA
2002,1,27,0,NA,NA,NA,NA,NA
2002,1,27,3,NA,NA,NA,NA,NA
2002,1,27,6,0.9,NA,NA,NA,60
2002,1,27,9,NA,NA,NA,NA,NA
2002,1,27,12,NA,NA,NA,NA,NA
2002,1,27,15,NA,NA,NA,NA,NA
2002,1,27,18,0.04,NA,NA,NA,84
2002,1,27,21,NA,NA,NA,NA,NA
2002,1,28,0,NA,NA,NA,NA,NA
2002,1,28,3,NA,NA,NA,NA,NA
2002,1,28,6,NA,NA,NA,NA,56
2002,1,28,9,NA,NA,NA,NA,NA
2002,1,28,12,NA,NA,NA,NA,NA
2002,1,28,15,NA,NA,NA,NA,NA
2002,1,28,18,0.1,NA,NA,NA,86
2002,1,28,21,NA,NA,NA,NA,NA
2002,1,29,0,NA,NA,NA,NA,NA
2002,1,29,3,NA,NA,NA,NA,NA
2002,1,29,6,-0.4,NA,NA,NA,74
2002,1,29,9,-2,NA,NA,NA,74
2002,1,29,12,-1.5,NA,NA,NA,68
2002,1,29,15,NA,NA,NA,NA,NA
2002,1,29,18,-0.94,NA,NA,NA,72
2002,1,29,21,-1.7,NA,NA,NA,70
2002,1,30,0,-0.74,NA,NA,NA,70
2002,1,30,3,NA,NA,NA,NA,NA
2002,1,30,6,1.42,NA,NA,NA,46
2002,1,30,9,2.32,NA,NA,NA,58
2002,1,30,12,3.22,NA,NA,NA,48
2002,1,30,15,3.06,NA,NA,NA,50
2002,1,30,18,NA,NA,NA,NA,NA
2002,1,30,21,4.38,NA,NA,NA,52
2002,1,31,0,NA,NA,NA,NA,NA
2002,1,31,3,NA,NA,NA,NA,NA
2002,1,31,6,NA,NA,NA,NA,NA
2002,1,31,9,3.66,NA,NA,NA,92
2002,1,31,12,3.12,NA,NA,NA,92
2002,1,31,15,4.96,NA,NA,NA,88
2002,1,31,18,NA,NA,NA,NA,NA
2002,1,31,21,NA,NA,NA,NA,92
2002,2,1,0,NA,NA,NA,NA,NA
2002,2,1,3,NA,NA,NA,NA,NA
2002,2,1,6,NA,NA,NA,NA,NA
2002,2,1,9,3.74,NA,NA,NA,42
2002,2,1,12,NA,NA,NA,NA,NA
2002,2,1,15,NA,NA,NA,NA,NA
2002,2,1,18,NA,NA,NA,NA,NA
2002,2,1,21,-1.98,NA,NA,NA,94
2002,2,2,0,-1.86,NA,NA,NA,96
2002,2,2,3,NA,NA,NA,NA,NA
2002,2,2,6,NA,NA,NA,NA,NA
2002,2,2,9,NA,NA,NA,NA,NA
2002,2,2,12,-0.36,NA,NA,NA,50
2002,2,2,15,-1.16,NA,NA,NA,58
2002,2,2,18,-1.74,NA,NA,NA,72
2002,2,2,21,NA,NA,NA,NA,NA
2002,2,3,0,0.08,NA,NA,NA,90
2002,2,3,3,NA,NA,NA,NA,NA
2002,2,3,6,NA,NA,NA,NA,NA
2002,2,3,9,NA,NA,NA,NA,NA
2002,2,3,12,NA,NA,NA,NA,NA
2002,2,3,15,NA,NA,NA,NA,NA
2002,2,3,18,3.52,NA,NA,NA,60
2002,2,3,21,NA,NA,NA,NA,NA
2002,2,4,0,NA,NA,NA,NA,NA
2002,2,4,3,NA,NA,NA,NA,NA
2002,2,4,6,2.96,NA,NA,NA,58
2002,2,4,9,NA,NA,NA,NA,NA
2002,2,4,12,1.34,NA,NA,NA,66
2002,2,4,15,-0.06,NA,NA,NA,80
2002,2,4,18,-0.4,NA,NA,NA,80
2002,2,4,21,0.12,NA,NA,NA,82
2002,2,5,0,NA,NA,NA,NA,NA
2002,2,5,3,NA,NA,NA,NA,NA
2002,2,5,6,8.64,NA,NA,NA,88
2002,2,5,9,NA,NA,NA,NA,NA
2002,2,5,12,NA,NA,NA,NA,NA
2002,2,5,15,NA,NA,NA,NA,88
2002,2,5,18,NA,NA,NA,NA,NA
2002,2,5,21,NA,NA,NA,NA,NA
2002,2,6,0,9.74,NA,NA,NA,28
2002,2,6,3,NA,NA,NA,NA,NA
2002,2,6,6,4.98,NA,NA,NA,58
2002,2,6,9,5.04,NA,NA,NA,84
2002,2,6,12,4.2,NA,NA,NA,92
2002,2,6,15,NA,NA,NA,NA,NA
2002,2,6,18,1.22,NA,NA,NA,92
2002,2,6,21,NA,NA,NA,NA,NA
2002,2,7,0,0.78,NA,NA,NA,92
2002,2,7,3,NA,NA,NA,NA,NA
2002,2,7,6,NA,NA,NA,NA,NA
2002,2,7,9,14,NA,NA,NA,18
2002,2,7,12,11.72,NA,NA,NA,NA
2002,2,7,15,10.32,NA,NA,NA,28
2002,2,7,18,NA,NA,NA,NA,NA
2002,2,7,21,NA,NA,NA,NA,NA
2002,2,8,0,NA,NA,NA,NA,68
2002,2,8,3,NA,NA,NA,NA,NA
2002,2,8,6,1.8,NA,NA,NA,46
2002,2,8,9,0.62,NA,NA,NA,58
2002,2,8,12,NA,NA,NA,NA,NA
2002,2,8,15,1.1,NA,NA,NA,44
2002,2,8,18,NA,NA,NA,NA,NA
2002,2,8,21,-1.12,NA,NA,NA,76
2002,2,9,0,NA,NA,NA,NA,NA
2002,2,9,3,NA,NA,NA,NA,NA
2002,2,9,6,NA,NA,NA,NA,NA
2002,2,9,9,6.2,NA,NA,NA,42
2002,2,9,12,NA,NA,NA,NA,NA
2002,2,9,15,4.4,NA,NA,NA,92
2002,2,9,18,NA,NA,NA,NA,NA
2002,2,9,21,4.4,NA,NA,NA,48
2002,2,10,0,NA,NA,NA,NA,NA
2002,2,10,3,NA,NA,NA,NA,NA
2002,2,10,6,NA,NA,NA,NA,NA
2002,2,10,9,4.72,NA,NA,NA,50
2002,2,10,12,NA,NA,NA,NA,NA
2002,2,10,15,2.84,NA,NA,NA,66
2002,2,10,18,NA,NA,NA,NA,NA
2002,2,10,21,7.66,NA,NA,NA,32
2002,2,11,0,NA,NA,NA,NA,44
2002,2,11,3,NA,NA,NA,NA,NA
2002,2,11,6,NA,NA,NA,NA,NA
2002,2,11,9,14.08,NA,NA,NA,12
2002,2,11,12,10.48,NA,NA,NA,24
2002,2,11,15,NA,NA,NA,NA,NA
2002,2,11,18,NA,NA,NA,NA,NA
2002,2,11,21,NA,NA,NA,NA,NA
2002,2,12,0,9.82,NA,NA,NA,84
2002,2,12,3,NA,NA,NA,NA,NA
2002,2,12,6,NA,NA,NA,NA,NA
2002,2,12,9,NA,NA,NA,NA,24
2002,2,12,12,9.72,NA,NA,NA,58
2002,2,12,15,6.16,NA,NA,NA,78
2002,2,12,18,7.4,NA,NA,NA,56
2002,2,12,21,NA,NA,NA,NA,NA
2002,2,13,0,NA,NA,NA,NA,NA
2002,2,13,3,NA,NA,NA,NA,NA
2002,2,13,6,NA,NA,NA,NA,NA
2002,2,13,9,NA,NA,NA,NA,NA
2002,2,13,12,NA,NA,NA,NA,NA
2002,2,13,15,8.06,NA,NA,NA,86
2002,2,13,18,NA,NA,NA,NA,94
2002,2,13,21,NA,NA,NA,NA,NA
2002,2,14,0,NA,NA,NA,NA,NA
2002,2,14,3,NA,NA,NA,NA,NA
2002,2,14,6,1.44,NA,NA,NA,58
2002,2,14,9,NA,NA,NA,NA,NA
2002,2,14,12,NA,NA,NA,NA,NA
2002,2,14,15,-1.68,NA,NA,NA,90
2002,2,14,18,-2.02,NA,NA,NA,94
2002,2,14,21,NA,NA,NA,NA,NA
2002,2,15,0,NA,NA,NA,NA,80
2002,2,15,3,NA,NA,NA,NA,NA
2002,2,15,6,NA,NA,NA,NA,NA
2002,2,15,9,4.64,NA,NA,NA,52
2002,2,15,12,4.66,NA,NA,NA,64
2002,2,15,15,NA,NA,NA,NA,NA
2002,2,15,18,NA,NA,NA,NA,50
2002,2,15,21,NA,NA,NA,NA,NA
2002,2,16,0,12.44,NA,NA,NA,46
2002,2,16,3,NA,NA,NA,NA,NA
2002,2,16,6,NA,NA,NA,NA,NA
2002,2,16,9,3.42,NA,NA,NA,44
2002,2,16,12,0.9,NA,NA,NA,60
2002,2,16,15,-0.62,NA,NA,NA,66
2002,2,16,18,-1.56,NA,NA,NA,76
2002,2,16,21,-2.04,NA,NA,NA,82
2002,2,17,0,-2.64,NA,NA,NA,84
2002,2,17,3,NA,NA,NA,NA,NA
2002,2,17,6,NA,NA,NA,NA,NA
2002,2,17,9,-1.54,NA,NA,NA,88
2002,2,17,12,0.02,NA,NA,NA,90
2002,2,17,15,NA,NA,NA,NA,92
2002,2,17,18,NA,NA,NA,NA,NA
2002,2,17,21,NA,NA,NA,NA,90
2002,2,18,0,NA,NA,NA,NA,NA
2002,2,18,3,NA,NA,NA,NA,NA
2002,2,18,6,NA,NA,NA,NA,NA
2002,2,18,9,5.32,NA,NA,NA,68
2002,2,18,12,NA,NA,NA,NA,NA
2002,2,18,15,5.3,NA,NA,NA,66
2002,2,18,18,NA,NA,NA,NA,NA
2002,2,18,21,8.04,NA,NA,NA,72
2002,2,19,0,NA,NA,NA,NA,92
2002,2,19,3,NA,NA,NA,NA,NA
2002,2,19,6,NA,NA,NA,NA,NA
2002,2,19,9,0.26,NA,NA,NA,92
2002,2,19,12,0.88,NA,NA,NA,74
2002,2,19,15,NA,NA,NA,NA,NA
2002,2,19,18,NA,NA,NA,NA,NA
2002,2,19,21,NA,NA,NA,NA,NA
2002,2,20,0,0.34,NA,NA,NA,72
2002,2,20,3,NA,NA,NA,NA,NA
2002,2,20,6,NA,NA,NA,NA,NA
2002,2,20,9,-0.54,NA,NA,NA,76
2002,2,20,12,-0.44,NA,NA,NA,78
2002,2,20,15,-0.42,NA,NA,NA,78
2002,2,20,18,NA,NA,NA,NA,NA
2002,2,20,21,NA,NA,NA,NA,NA
2002,2,21,0,-0.82,NA,NA,NA,92
2002,2,21,3,NA,NA,NA,NA,NA
2002,2,21,6,NA,NA,NA,NA,NA
2002,2,21,9,NA,NA,NA,NA,NA
2002,2,21,12,-0.22,NA,NA,NA,84
2002,2,21,15,-0.84,NA,NA,NA,80
2002,2,21,18,-1.5,NA,NA,NA,84
2002,2,21,21,NA,NA,NA,NA,NA
2002,2,22,0,NA,NA,NA,NA,NA
2002,2,22,3,NA,NA,NA,NA,NA
2002,2,22,6,NA,NA,NA,NA,NA
2002,2,22,9,NA,NA,NA,NA,NA
2002,2,22,12,NA,NA,NA,NA,NA
2002,2,22,15,-1.24,NA,NA,NA,66
2002,2,22,18,-2,NA,NA,NA,86
2002,2,22,21,NA,NA,NA,NA,NA
2002,2,23,0,NA,NA,NA,NA,NA
2002,2,23,3,NA,NA,NA,NA,NA
2002,2,23,6,0.58,NA,NA,NA,54
2002,2,23,9,NA,NA,NA,NA,NA
2002,2,23,12,NA,NA,NA,NA,NA
2002,2,23,15,NA,NA,NA,NA,NA
2002,2,23,18,1.46,NA,NA,NA,78
2002,2,23,21,NA,NA,NA,NA,NA
2002,2,24,0,0.18,NA,NA,NA,82
2002,2,24,3,NA,NA,NA,NA,NA
2002,2,24,6,NA,NA,NA,NA,NA
2002,2,24,9,NA,NA,NA,NA,NA
2002,2,24,12,5.42,NA,NA,NA,78
2002,2,24,15,5.22,NA,NA,NA,80
2002,2,24,18,NA,NA,NA,NA,NA
2002,2,24,21,NA,NA,NA,NA,NA
2002,2,25,0,3.36,NA,NA,NA,84
2002,2,25,3,NA,NA,NA,NA,NA
2002,2,25,6,5.42,NA,NA,NA,56
2002,2,25,9,NA,NA,NA,NA,NA
2002,2,25,12,5.56,NA,NA,NA,90
2002,2,25,15,8.08,NA,NA,NA,88
2002,2,25,18,9.66,NA,NA,NA,30
2002,2,25,21,NA,NA,NA,NA,78
2002,2,26,0,NA,NA,NA,NA,NA
2002,2,26,3,NA,NA,NA,NA,NA
2002,2,26,6,0.32,NA,NA,NA,90
2002,2,26,9,5.18,NA,NA,NA,88
2002,2,26,12,NA,NA,NA,NA,NA
2002,2,26,15,4.1,NA,NA,NA,86
2002,2,26,18,2.8,NA,NA,NA,50
2002,2,26,21,-0.16,NA,NA,NA,76
2002,2,27,0,NA,NA,NA,NA,NA
2002,2,27,3,NA,NA,NA,NA,NA
2002,2,27,6,NA,NA,NA,NA,NA
2002,2,27,9,1.28,NA,NA,NA,90
2002,2,27,12,1.24,NA,NA,NA,90
2002,2,27,15,NA,NA,NA,NA,NA
2002,2,27,18,NA,NA,NA,NA,NA
2002,2,27,21,0.54,NA,NA,NA,86
2002,2,28,0,0,NA,NA,NA,88
2002,2,28,3,NA,NA,NA,NA,NA
2002,2,28,6,NA,NA,NA,NA,NA
2002,2,28,9,0.58,NA,NA,NA,86
2002,2,28,12,-1.02,NA,NA,NA,82
2002,2,28,15,-1.28,NA,NA,NA,66
2002,2,28,18,NA,NA,NA,NA,NA
2002,2,28,21,-1.42,NA,NA,NA,82
2002,3,1,0,NA,NA,NA,NA,NA
2002,3,1,3,NA,NA,NA,NA,NA
2002,3,1,6,NA,NA,NA,NA,NA
2002,3,1,9,-0.1,NA,NA,NA,66
2002,3,1,12,-1.5,NA,NA,NA,72
2002,3,1,15,-2.1,NA,NA,NA,84
2002,3,1,18,NA,NA,NA,NA,NA
2002,3,1,21,NA,NA,NA,NA,NA
2002,3,2,0,NA,NA,NA,NA,NA
2002,3,2,3,NA,NA,NA,NA,NA
2002,3,2,6,NA,NA,NA,NA,NA
2002,3,2,9,-0.24,NA,NA,NA,80
2002,3,2,12,NA,NA,NA,NA,82
2002,3,2,15,NA,NA,NA,NA,52
2002,3,2,18,7.64,NA,NA,NA,38
2002,3,2,21,10.84,NA,NA,NA,26
2002,3,3,0,NA,NA,NA,NA,NA
2002,3,3,3,NA,NA,NA,NA,NA
2002,3,3,6,NA,NA,NA,NA,NA
2002,3,3,9,NA,NA,NA,NA,NA
2002,3,3,12,0,NA,NA,NA,88
2002,3,3,15,-0.34,NA,NA,NA,92
2002,3,3,18,3.56,NA,NA,NA,86
2002,3,3,21,NA,NA,NA,NA,NA
2002,3,4,0,8,NA,NA,NA,88
2002,3,4,3,NA,NA,NA,NA,NA
2002,3,4,6,4.44,NA,NA,NA,76
2002,3,4,9,NA,NA,NA,NA,NA
2002,3,4,12,3.4,NA,NA,NA,68
2002,3,4,15,NA,NA,NA,NA,NA
2002,3,4,18,3.18,NA,NA,NA,62
2002,3,4,21,1.88,NA,NA,NA,82
2002,3,5,0,-0.28,NA,NA,NA,90
2002,3,5,3,NA,NA,NA,NA,NA
2002,3,5,6,0.06,NA,NA,NA,94
2002,3,5,9,NA,NA,NA,NA,NA
2002,3,5,12,0,NA,NA,NA,90
2002,3,5,15,-0.54,NA,NA,NA,94
2002,3,5,18,-1.5,NA,NA,NA,80
2002,3,5,21,NA,NA,NA,NA,NA
2002,3,6,0,-0.62,NA,NA,NA,86
2002,3,6,3,NA,NA,NA,NA,NA
2002,3,6,6,NA,NA,NA,NA,NA
2002,3,6,9,1.6,NA,NA,NA,82
2002,3,6,12,1.56,NA,NA,NA,70
2002,3,6,15,0.36,NA,NA,NA,70
2002,3,6,18,-0.76,NA,NA,NA,78
2002,3,6,21,-0.64,NA,NA,NA,66
2002,3,7,0,NA,NA,NA,NA,NA
2002,3,7,3,NA,NA,NA,NA,NA
2002,3,7,6,NA,NA,NA,NA,NA
2002,3,7,9,-0.8,NA,NA,NA,76
2002,3,7,12,NA,NA,NA,NA,NA
2002,3,7,15,-1.44,NA,NA,NA,74
2002,3,7,18,NA,NA,NA,NA,NA
2002,3,7,21,-2.4,NA,NA,NA,94
2002,3,8,0,-2,NA,NA,NA,94
2002,3,8,3,NA,NA,NA,NA,NA
2002,3,8,6,NA,NA,NA,NA,NA
2002,3,8,9,NA,NA,NA,NA,92
2002,3,8,12,13.94,NA,NA,NA,82
2002,3,8,15,NA,NA,NA,NA,NA
2002,3,8,18,NA,NA,NA,NA,NA
2002,3,8,21,NA,NA,NA,NA,94
2002,3,9,0,3.94,NA,NA,NA,94
2002,3,9,3,NA,NA,NA,NA,NA
2002,3,9,6,NA,NA,NA,NA,NA
2002,3,9,9,0,NA,NA,NA,94
2002,3,9,12,NA,NA,NA,NA,NA
2002,3,9,15,-1.78,NA,NA,NA,92
2002,3,9,18,NA,NA,NA,NA,NA
2002,3,9,21,NA,NA,NA,NA,NA
2002,3,10,0,-3.2,NA,NA,NA,96
2002,3,10,3,NA,NA,NA,NA,NA
2002,3,10,6,NA,NA,NA,NA,NA
2002,3,10,9,0.08,NA,NA,NA,58
2002,3,10,12,-1.92,NA,NA,NA,74
2002,3,10,15,-2.58,NA,NA,NA,92
2002,3,10,18,NA,NA,NA,NA,NA
2002,3,10,21,NA,NA,NA,NA,NA
2002,3,11,0,NA,NA,NA,NA,NA
2002,3,11,3,NA,NA,NA,NA,NA
2002,3,11,6,NA,NA,NA,NA,NA
2002,3,11,9,-0.6,NA,NA,NA,94
2002,3,11,12,-0.14,NA,NA,NA,94
2002,3,11,15,0.22,NA,NA,NA,92
2002,3,11,18,0.22,NA,NA,NA,92
2002,3,11,21,-0.44,NA,NA,NA,90
2002,3,12,0,-1.04,NA,NA,NA,88
2002,3,12,3,NA,NA,NA,NA,NA
2002,3,12,6,NA,NA,NA,NA,NA
2002,3,12,9,NA,NA,NA,NA,NA
2002,3,12,12,NA,NA,NA,NA,NA
2002,3,12,15,NA,NA,NA,NA,NA
2002,3,12,18,6.52,NA,NA,NA,72
2002,3,12,21,NA,NA,NA,NA,NA
2002,3,13,0,9.28,NA,NA,NA,60
2002,3,13,3,NA,NA,NA,NA,NA
2002,3,13,6,6.48,NA,NA,NA,82
2002,3,13,9,NA,NA,NA,NA,NA
2002,3,13,12,2.48,NA,NA,NA,94
2002,3,13,15,2.14,NA,NA,NA,92
2002,3,13,18,NA,NA,NA,NA,68
2002,3,13,21,NA,NA,NA,NA,NA
2002,3,14,0,-2.22,NA,NA,NA,94
2002,3,14,3,NA,NA,NA,NA,NA
2002,3,14,6,NA,NA,NA,NA,NA
2002,3,14,9,NA,NA,NA,NA,NA
2002,3,14,12,-3.1,NA,NA,NA,88
2002,3,14,15,-3.68,NA,NA,NA,84
2002,3,14,18,-2.82,NA,NA,NA,74
2002,3,14,21,NA,NA,NA,NA,NA
2002,3,15,0,NA,NA,NA,NA,NA
2002,3,15,3,NA,NA,NA,NA,NA
2002,3,15,6,-1.44,NA,NA,NA,96
2002,3,15,9,-0.96,NA,NA,NA,NA
2002,3,15,12,NA,NA,NA,NA,NA
2002,3,15,15,2.62,NA,NA,NA,NA
2002,3,15,18,3.76,NA,NA,NA,96
2002,3,15,21,4.88,NA,NA,NA,94
2002,3,16,0,NA,NA,NA,NA,NA
2002,3,16,3,NA,NA,NA,NA,NA
2002,3,16,6,7.1,NA,NA,NA,94
2002,3,16,9,2.2,NA,NA,NA,NA
2002,3,16,12,NA,NA,NA,NA,NA
2002,3,16,15,NA,NA,NA,NA,NA
2002,3,16,18,NA,NA,NA,NA,NA
2002,3,16,21,1.12,NA,NA,NA,82
2002,3,17,0,1.36,NA,NA,NA,78
2002,3,17,3,NA,NA,NA,NA,NA
2002,3,17,6,NA,NA,NA,NA,NA
2002,3,17,9,1.44,NA,NA,NA,80
2002,3,17,12,3.54,NA,NA,NA,54
2002,3,17,15,NA,NA,NA,NA,NA
2002,3,17,18,NA,NA,NA,NA,NA
2002,3,17,21,-0.2,NA,NA,NA,96
2002,3,18,0,-0.6,NA,NA,NA,NA
2002,3,18,3,NA,NA,NA,NA,NA
2002,3,18,6,NA,NA,NA,NA,NA
2002,3,18,9,0.26,NA,NA,NA,NA
2002,3,18,12,0.02,NA,NA,NA,98
2002,3,18,15,-1.68,NA,NA,NA,98
2002,3,18,18,NA,NA,NA,NA,NA
2002,3,18,21,NA,NA,NA,NA,NA
2002,3,19,0,NA,NA,NA,NA,NA
2002,3,19,3,NA,NA,NA,NA,NA
2002,3,19,6,NA,NA,NA,NA,NA
2002,3,19,9,0.7,NA,NA,NA,92
2002,3,19,12,NA,NA,NA,NA,NA
2002,3,19,15,0.34,NA,NA,NA,96
2002,3,19,18,NA,NA,NA,NA,NA
2002,3,19,21,-1.58,NA,NA,NA,92
2002,3,20,0,NA,NA,NA,NA,NA
2002,3,20,3,NA,NA,NA,NA,NA
2002,3,20,6,NA,NA,NA,NA,NA
2002,3,20,9,1.94,NA,NA,NA,80
2002,3,20,12,NA,NA,NA,NA,NA
2002,3,20,15,0.98,NA,NA,NA,NA
2002,3,20,18,2.36,NA,NA,NA,NA
2002,3,20,21,1.98,NA,NA,NA,NA
2002,3,21,0,NA,NA,NA,NA,NA
2002,3,21,3,NA,NA,NA,NA,NA
2002,3,21,6,NA,NA,NA,NA,NA
2002,3,21,9,NA,NA,NA,NA,NA
2002,3,21,12,1.52,NA,NA,NA,80
2002,3,21,15,NA,NA,NA,NA,NA
2002,3,21,18,-0.04,NA,NA,NA,NA
2002,3,21,21,0.18,NA,NA,NA,NA
2002,3,22,0,0.38,NA,NA,NA,NA
2002,3,22,3,NA,NA,NA,NA,NA
2002,3,22,6,1.66,NA,NA,NA,NA
2002,3,22,9,NA,NA,NA,NA,NA
2002,3,22,12,0.02,NA,NA,NA,92
2002,3,22,15,-0.4,NA,NA,NA,92
2002,3,22,18,0.38,NA,NA,NA,88
2002,3,22,21,NA,NA,NA,NA,NA
2002,3,23,0,-0.36,NA,NA,NA,NA
2002,3,23,3,NA,NA,NA,NA,NA
2002,3,23,6,0.64,NA,NA,NA,86
2002,3,23,9,NA,NA,NA,NA,NA
2002,3,23,12,-0.14,NA,NA,NA,NA
2002,3,23,15,0.04,NA,NA,NA,NA
2002,3,23,18,0.1,NA,NA,NA,NA
2002,3,23,21,NA,NA,NA,NA,NA
2002,3,24,0,NA,NA,NA,NA,NA
2002,3,24,3,NA,NA,NA,NA,NA
2002,3,24,6,1.78,NA,NA,NA,NA
2002,3,24,9,3.26,NA,NA,NA,78
2002,3,24,12,NA,NA,NA,NA,NA
2002,3,24,15,0.36,NA,NA,NA,NA
2002,3,24,18,0.3,NA,NA,NA,NA
2002,3,24,21,NA,NA,NA,NA,NA
2002,3,25,0,-0.08,NA,NA,NA,98
2002,3,25,3,NA,NA,NA,NA,NA
2002,3,25,6,0.76,NA,NA,NA,84
2002,3,25,9,-0.52,NA,NA,NA,80
2002,3,25,12,NA,NA,NA,NA,NA
2002,3,25,15,NA,NA,NA,NA,NA
2002,3,25,18,-2.44,NA,NA,NA,84
2002,3,25,21,-1.58,NA,NA,NA,78
2002,3,26,0,-1.9,NA,NA,NA,80
2002,3,26,3,NA,NA,NA,NA,NA
2002,3,26,6,NA,NA,NA,NA,NA
2002,3,26,9,-0.5,NA,NA,NA,80
2002,3,26,12,-2.48,NA,NA,NA,NA
2002,3,26,15,NA,NA,NA,NA,NA
2002,3,26,18,NA,NA,NA,NA,NA
2002,3,26,21,NA,NA,NA,NA,NA
2002,3,27,0,2.32,NA,NA,NA,NA
2002,3,27,3,NA,NA,NA,NA,NA
2002,3,27,6,NA,NA,NA,NA,NA
2002,3,27,9,0.82,NA,NA,NA,82
2002,3,27,12,0.02,NA,NA,NA,92
2002,3,27,15,0.32,NA,NA,NA,86
2002,3,27,18,NA,NA,NA,NA,NA
2002,3,27,21,NA,NA,NA,NA,NA
2002,3,28,0,NA,NA,NA,NA,NA
2002,3,28,3,NA,NA,NA,NA,NA
2002,3,28,6,NA,NA,NA,NA,NA
2002,3,28,9,3.9,NA,NA,NA,NA
2002,3,28,12,2.54,NA,NA,NA,NA
2002,3,28,15,2.16,NA,NA,NA,82
2002,3,28,18,NA,NA,NA,NA,NA
2002,3,28,21,-1.34,NA,NA,NA,74
2002,3,29,0,NA,NA,NA,NA,NA
2002,3,29,3,NA,NA,NA,NA,NA
2002,3,29,6,NA,NA,NA,NA,NA
2002,3,29,9,-1.5,NA,NA,NA,84
2002,3,29,12,-2.16,NA,NA,NA,88
2002,3,29,15,NA,NA,NA,NA,NA
2002,3,29,18,-2.24,NA,NA,NA,90
2002,3,29,21,-2.24,NA,NA,NA,90
2002,3,30,0,-3.04,NA,NA,NA,88
2002,3,30,3,NA,NA,NA,NA,NA
2002,3,30,6,NA,NA,NA,NA,NA
2002,3,30,9,NA,NA,NA,NA,NA
2002,3,30,12,-3.66,NA,NA,NA,86
2002,3,30,15,NA,NA,NA,NA,NA
2002,3,30,18,NA,NA,NA,NA,NA
2002,3,30,21,NA,NA,NA,NA,NA
2002,3,31,0,-3.58,NA,NA,NA,62
2002,3,31,3,NA,NA,NA,NA,NA
2002,3,31,6,-1.74,NA,NA,NA,60
2002,3,31,9,NA,NA,NA,NA,NA
2002,3,31,12,-2.98,NA,NA,NA,88
2002,3,31,15,-2.84,NA,NA,NA,98
2002,3,31,18,-0.8,NA,NA,NA,NA
2002,3,31,21,NA,NA,NA,NA,NA
2002,4,1,0,NA,NA,NA,NA,NA
2002,4,1,3,NA,NA,NA,NA,NA
2002,4,1,6,5.42,NA,NA,NA,NA
2002,4,1,9,NA,NA,NA,NA,NA
2002,4,1,12,NA,NA,NA,NA,NA
2002,4,1,15,1.08,NA,NA,NA,80
2002,4,1,18,-0.24,NA,NA,NA,98
2002,4,1,21,-0.4,NA,NA,NA,NA
2002,4,2,0,NA,NA,NA,NA,NA
2002,4,2,3,NA,NA,NA,NA,NA
2002,4,2,6,-1.12,NA,NA,NA,92
2002,4,2,9,NA,NA,NA,NA,NA
2002,4,2,12,NA,NA,NA,NA,NA
2002,4,2,15,-0.44,NA,NA,NA,80
2002,4,2,18,-1.72,NA,NA,NA,96
2002,4,2,21,-1.16,NA,NA,NA,78
2002,4,3,0,-0.9,NA,NA,NA,82
2002,4,3,3,NA,NA,NA,NA,NA
2002,4,3,6,NA,NA,NA,NA,NA
2002,4,3,9,-0.76,NA,NA,NA,70
2002,4,3,12,-3.2,NA,NA,NA,96
2002,4,3,15,NA,NA,NA,NA,NA
2002,4,3,18,-1.64,NA,NA,NA,72
2002,4,3,21,-1.46,NA,NA,NA,84
2002,4,4,0,2.4,NA,NA,NA,NA
2002,4,4,3,NA,NA,NA,NA,NA
2002,4,4,6,7.14,NA,NA,NA,NA
2002,4,4,9,NA,NA,NA,NA,78
2002,4,4,12,NA,NA,NA,NA,84
2002,4,4,15,-1.6,NA,NA,NA,74
2002,4,4,18,NA,NA,NA,NA,NA
2002,4,4,21,NA,NA,NA,NA,NA
2002,4,5,0,0.14,NA,NA,NA,60
2002,4,5,3,NA,NA,NA,NA,NA
2002,4,5,6,NA,NA,NA,NA,NA
2002,4,5,9,3.06,NA,NA,NA,72
2002,4,5,12,6.68,NA,NA,NA,NA
2002,4,5,15,NA,NA,NA,NA,30
2002,4,5,18,NA,NA,NA,NA,NA
2002,4,5,21,8.56,NA,NA,NA,32
2002,4,6,0,NA,NA,NA,NA,NA
2002,4,6,3,NA,NA,NA,NA,NA
2002,4,6,6,NA,NA,NA,NA,NA
2002,4,6,9,-0.38,NA,NA,NA,78
2002,4,6,12,NA,NA,NA,NA,NA
2002,4,6,15,0.24,NA,NA,NA,52
2002,4,6,18,NA,NA,NA,NA,NA
2002,4,6,21,NA,NA,NA,NA,NA
2002,4,7,0,-1.74,NA,NA,NA,80
2002,4,7,3,NA,NA,NA,NA,NA
2002,4,7,6,NA,NA,NA,NA,NA
2002,4,7,9,2,NA,NA,NA,52
2002,4,7,12,NA,NA,NA,NA,NA
2002,4,7,15,2.8,NA,NA,NA,46
2002,4,7,18,3.68,NA,NA,NA,98
2002,4,7,21,NA,NA,NA,NA,62
2002,4,8,0,NA,NA,NA,NA,32
2002,4,8,3,NA,NA,NA,NA,NA
2002,4,8,6,NA,NA,NA,NA,NA
2002,4,8,9,NA,NA,NA,NA,NA
2002,4,8,12,NA,NA,NA,NA,18
2002,4,8,15,NA,NA,NA,NA,92
2002,4,8,18,NA,NA,NA,NA,82
2002,4,8,21,NA,NA,NA,NA,NA
2002,4,9,0,0.7,NA,NA,NA,72
2002,4,9,3,NA,NA,NA,NA,NA
2002,4,9,6,NA,NA,NA,NA,NA
2002,4,9,9,NA,NA,NA,NA,NA
2002,4,9,12,2.76,NA,NA,NA,70
2002,4,9,15,2.72,NA,NA,NA,72
2002,4,9,18,2.68,NA,NA,NA,66
2002,4,9,21,NA,NA,NA,NA,NA
2002,4,10,0,NA,NA,NA,NA,NA
2002,4,10,3,NA,NA,NA,NA,NA
2002,4,10,6,-2.04,NA,NA,NA,98
2002,4,10,9,NA,NA,NA,NA,NA
2002,4,10,12,NA,NA,NA,NA,NA
2002,4,10,15,-3.74,NA,NA,NA,98
2002,4,10,18,-4.46,NA,NA,NA,98
2002,4,10,21,-4.92,NA,NA,NA,98
2002,4,11,0,NA,NA,NA,NA,NA
2002,4,11,3,NA,NA,NA,NA,NA
2002,4,11,6,-3.52,NA,NA,NA,82
2002,4,11,9,-4.46,NA,NA,NA,86
2002,4,11,12,NA,NA,NA,NA,NA
2002,4,11,15,NA,NA,NA,NA,NA
2002,4,11,18,-6.04,NA,NA,NA,96
2002,4,11,21,-6.2,NA,NA,NA,96
2002,4,12,0,-5.72,NA,NA,NA,98
2002,4,12,3,NA,NA,NA,NA,NA
2002,4,12,6,NA,NA,NA,NA,NA
2002,4,12,9,1.06,NA,NA,NA,80
2002,4,12,12,-1.32,NA,NA,NA,NA
2002,4,12,15,NA,NA,NA,NA,NA
2002,4,12,18,NA,NA,NA,NA,NA
2002,4,12,21,NA,NA,NA,NA,NA
2002,4,13,0,4.52,NA,NA,NA,50
2002,4,13,3,NA,NA,NA,NA,NA
2002,4,13,6,NA,NA,NA,NA,NA
2002,4,13,9,7.34,NA,NA,NA,74
2002,4,13,12,5.1,NA,NA,NA,NA
2002,4,13,15,3.8,NA,NA,NA,NA
2002,4,13,18,NA,NA,NA,NA,NA
2002,4,13,21,NA,NA,NA,NA,NA
2002,4,14,0,NA,NA,NA,NA,NA
2002,4,14,3,NA,NA,NA,NA,NA
2002,4,14,6,4.5,NA,NA,NA,NA
2002,4,14,9,3.5,NA,NA,NA,62
2002,4,14,12,NA,NA,NA,NA,NA
2002,4,14,15,NA,NA,NA,NA,86
2002,4,14,18,NA,NA,NA,NA,NA
2002,4,14,21,-1.02,NA,NA,NA,76
2002,4,15,0,NA,NA,NA,NA,NA
2002,4,15,3,NA,NA,NA,NA,NA
2002,4,15,6,NA,NA,NA,NA,NA
2002,4,15,9,-1.02,NA,NA,NA,74
2002,4,15,12,-1.46,NA,NA,NA,80
2002,4,15,15,-2,NA,NA,NA,96
2002,4,15,18,NA,NA,NA,NA,NA
2002,4,15,21,-1.64,NA,NA,NA,96
2002,4,16,0,-2.94,NA,NA,NA,80
2002,4,16,3,NA,NA,NA,NA,NA
2002,4,16,6,NA,NA,NA,NA,NA
2002,4,16,9,-4.5,NA,NA,NA,82
2002,4,16,12,-4.06,NA,NA,NA,94
2002,4,16,15,NA,NA,NA,NA,NA
2002,4,16,18,-3.4,NA,NA,NA,74
2002,4,16,21,-0.42,NA,NA,NA,54
2002,4,17,0,0.7,NA,NA,NA,70
2002,4,17,3,NA,NA,NA,NA,NA
2002,4,17,6,NA,NA,NA,NA,NA
2002,4,17,9,NA,NA,NA,NA,NA
2002,4,17,12,-1.4,NA,NA,NA,NA
2002,4,17,15,0.74,NA,NA,NA,90
2002,4,17,18,-1.18,NA,NA,NA,76
2002,4,17,21,NA,NA,NA,NA,NA
2002,4,18,0,-1.06,NA,NA,NA,68
2002,4,18,3,NA,NA,NA,NA,NA
2002,4,18,6,NA,NA,NA,NA,NA
2002,4,18,9,NA,NA,NA,NA,NA
2002,4,18,12,NA,NA,NA,NA,NA
2002,4,18,15,-1.34,NA,NA,NA,48
2002,4,18,18,-1.14,NA,NA,NA,50
2002,4,18,21,-2.78,NA,NA,NA,74
2002,4,19,0,NA,NA,NA,NA,NA
2002,4,19,3,NA,NA,NA,NA,NA
2002,4,19,6,-2.64,NA,NA,NA,68
2002,4,19,9,NA,NA,NA,NA,NA
2002,4,19,12,NA,NA,NA,NA,NA
2002,4,19,15,1.7,NA,NA,NA,66
2002,4,19,18,2.86,NA,NA,NA,94
2002,4,19,21,0.2,NA,NA,NA,84
2002,4,20,0,4.3,NA,NA,NA,NA
2002,4,20,3,NA,NA,NA,NA,NA
2002,4,20,6,1.76,NA,NA,NA,82
2002,4,20,9,NA,NA,NA,NA,NA
2002,4,20,12,1.54,NA,NA,NA,NA
2002,4,20,15,NA,NA,NA,NA,NA
2002,4,20,18,3.18,NA,NA,NA,86
2002,4,20,21,3.66,NA,NA,NA,84
2002,4,21,0,7.28,NA,NA,NA,56
2002,4,21,3,NA,NA,NA,NA,NA
2002,4,21,6,NA,NA,NA,NA,NA
2002,4,21,9,0.52,NA,NA,NA,NA
2002,4,21,12,0.8,NA,NA,NA,NA
2002,4,21,15,-0.6,NA,NA,NA,NA
2002,4,21,18,-1.4,NA,NA,NA,94
2002,4,21,21,NA,NA,NA,NA,NA
2002,4,22,0,-1.6,NA,NA,NA,96
2002,4,22,3,NA,NA,NA,NA,NA
2002,4,22,6,NA,NA,NA,NA,NA
2002,4,22,9,-0.92,NA,NA,NA,66
2002,4,22,12,-1.68,NA,NA,NA,78
2002,4,22,15,-1.96,NA,NA,NA,68
2002,4,22,18,NA,NA,NA,NA,NA
2002,4,22,21,NA,NA,NA,NA,NA
2002,4,23,0,NA,NA,NA,NA,NA
2002,4,23,3,NA,NA,NA,NA,NA
2002,4,23,6,NA,NA,NA,NA,NA
2002,4,23,9,-0.38,NA,NA,NA,96
2002,4,23,12,NA,NA,NA,NA,NA
2002,4,23,15,-0.22,NA,NA,NA,NA
2002,4,23,18,NA,NA,NA,NA,NA
2002,4,23,21,NA,NA,NA,NA,NA
2002,4,24,0,NA,NA,NA,NA,NA
2002,4,24,3,NA,NA,NA,NA,NA
2002,4,24,6,NA,NA,NA,NA,NA
2002,4,24,9,-0.76,NA,NA,NA,90
2002,4,24,12,NA,NA,NA,NA,NA
2002,4,24,15,-2.3,NA,NA,NA,82
2002,4,24,18,NA,NA,NA,NA,NA
2002,4,24,21,NA,NA,NA,NA,NA
2002,4,25,0,NA,NA,NA,NA,NA
2002,4,25,3,NA,NA,NA,NA,NA
2002,4,25,6,NA,NA,NA,NA,NA
2002,4,25,9,-3.58,NA,NA,NA,86
2002,4,25,12,NA,NA,NA,NA,NA
2002,4,25,15,NA,NA,NA,NA,NA
2002,4,25,18,-3.42,NA,NA,NA,78
2002,4,25,21,NA,NA,NA,NA,NA
2002,4,26,0,-3.18,NA,NA,NA,88
2002,4,26,3,NA,NA,NA,NA,NA
2002,4,26,6,NA,NA,NA,NA,NA
2002,4,26,9,-4.58,NA,NA,NA,86
2002,4,26,12,-3.74,NA,NA,NA,76
2002,4,26,15,-4.44,NA,NA,NA,86
2002,4,26,18,-4.22,NA,NA,NA,88
2002,4,26,21,NA,NA,NA,NA,NA
2002,4,27,0,NA,NA,NA,NA,NA
2002,4,27,3,NA,NA,NA,NA,NA
2002,4,27,6,NA,NA,NA,NA,NA
2002,4,27,9,NA,NA,NA,NA,NA
2002,4,27,12,NA,NA,NA,NA,NA
2002,4,27,15,-5.06,NA,NA,NA,90
2002,4,27,18,-4.28,NA,NA,NA,86
2002,4,27,21,-4.12,NA,NA,NA,70
2002,4,28,0,NA,NA,NA,NA,NA
2002,4,28,3,NA,NA,NA,NA,NA
2002,4,28,6,-3.52,NA,NA,NA,58
2002,4,28,9,NA,NA,NA,NA,NA
2002,4,28,12,NA,NA,NA,NA,NA
2002,4,28,15,-5.44,NA,NA,NA,78
2002,4,28,18,-4.8,NA,NA,NA,64
2002,4,28,21,-4.96,NA,NA,NA,84
2002,4,29,0,-4.58,NA,NA,NA,74
2002,4,29,3,NA,NA,NA,NA,NA
2002,4,29,6,-5,NA,NA,NA,66
2002,4,29,9,NA,NA,NA,NA,NA
2002,4,29,12,-5.04,NA,NA,NA,76
2002,4,29,15,NA,NA,NA,NA,NA
2002,4,29,18,-4.24,NA,NA,NA,94
2002,4,29,21,-2.66,NA,NA,NA,98
2002,4,30,0,-1.38,NA,NA,NA,98
2002,4,30,3,NA,NA,NA,NA,NA
2002,4,30,6,0.92,NA,NA,NA,96
2002,4,30,9,3.74,NA,NA,NA,NA
2002,4,30,12,5.56,NA,NA,NA,96
2002,4,30,15,NA,NA,NA,NA,40
2002,4,30,18,NA,NA,NA,NA,90
2002,4,30,21,NA,NA,NA,NA,NA
2002,5,1,0,NA,NA,NA,NA,NA
2002,5,1,3,NA,NA,NA,NA,NA
2002,5,1,6,2,NA,NA,NA,94
2002,5,1,9,1.5,NA,NA,NA,96
2002,5,1,12,NA,NA,NA,NA,NA
2002,5,1,15,0.84,NA,NA,NA,98
2002,5,1,18,NA,NA,NA,NA,NA
2002,5,1,21,-1.06,NA,NA,NA,NA
2002,5,2,0,NA,NA,NA,NA,NA
2002,5,2,3,NA,NA,NA,NA,NA
2002,5,2,6,-0.58,NA,NA,NA,58
2002,5,2,9,-2.24,NA,NA,NA,90
2002,5,2,12,NA,NA,NA,NA,NA
2002,5,2,15,-2.7,NA,NA,NA,82
2002,5,2,18,NA,NA,NA,NA,NA
2002,5,2,21,-3.32,NA,NA,NA,86
2002,5,3,0,-3.68,NA,NA,NA,82
2002,5,3,3,NA,NA,NA,NA,NA
2002,5,3,6,NA,NA,NA,NA,NA
2002,5,3,9,0.08,NA,NA,NA,42
2002,5,3,12,-3.72,NA,NA,NA,94
2002,5,3,15,-3.78,NA,NA,NA,98
2002,5,3,18,NA,NA,NA,NA,NA
2002,5,3,21,-1.04,NA,NA,NA,70
2002,5,4,0,-0.26,NA,NA,NA,86
2002,5,4,3,NA,NA,NA,NA,NA
2002,5,4,6,NA,NA,NA,NA,NA
2002,5,4,9,5.04,NA,NA,NA,54
2002,5,4,12,4.52,NA,NA,NA,56
2002,5,4,15,2.74,NA,NA,NA,NA
2002,5,4,18,0.96,NA,NA,NA,NA
2002,5,4,21,NA,NA,NA,NA,NA
2002,5,5,0,-2.02,NA,NA,NA,96
2002,5,5,3,NA,NA,NA,NA,NA
2002,5,5,6,NA,NA,NA,NA,NA
2002,5,5,9,-0.46,NA,NA,NA,84
2002,5,5,12,-1.12,NA,NA,NA,88
2002,5,5,15,-1.22,NA,NA,NA,80
2002,5,5,18,-2.18,NA,NA,NA,86
2002,5,5,21,NA,NA,NA,NA,NA
2002,5,6,0,NA,NA,NA,NA,NA
2002,5,6,3,NA,NA,NA,NA,NA
2002,5,6,6,NA,NA,NA,NA,NA
2002,5,6,9,NA,NA,NA,NA,NA
2002,5,6,12,-3.86,NA,NA,NA,86
2002,5,6,15,-3.82,NA,NA,NA,86
2002,5,6,18,-4.22,NA,NA,NA,98
2002,5,6,21,-3.76,NA,NA,NA,98
2002,5,7,0,-3.06,NA,NA,NA,98
2002,5,7,3,NA,NA,NA,NA,NA
2002,5,7,6,-1.48,NA,NA,NA,NA
2002,5,7,9,NA,NA,NA,NA,NA
2002,5,7,12,NA,NA,NA,NA,NA
2002,5,7,15,NA,NA,NA,NA,NA
2002,5,7,18,-4.82,NA,NA,NA,98
2002,5,7,21,-5.8,NA,NA,NA,96
2002,5,8,0,-5.64,NA,NA,NA,98
2002,5,8,3,-5.28,NA,NA,NA,98
2002,5,8,6,-5,NA,NA,NA,98
2002,5,8,9,-4.66,NA,NA,NA,98
2002,5,8,12,-4.98,NA,NA,NA,97
2002,5,8,15,-4.37,NA,NA,NA,98
2002,5,8,18,-5.46,NA,NA,NA,96
2002,5,8,21,-6.04,NA,NA,NA,96
2002,5,9,0,-5.36,NA,NA,NA,96
2002,5,9,3,NA,NA,NA,NA,NA
2002,5,9,6,-4.46,NA,NA,NA,98
2002,5,9,9,-1.18,NA,NA,NA,81
2002,5,9,12,-1.6,NA,NA,NA,95
2002,5,9,15,-1.98,NA,NA,NA,NA
2002,5,9,18,-0.02,NA,NA,NA,70
2002,5,9,21,-2.14,NA,NA,NA,98
2002,5,10,0,-1.12,NA,NA,NA,90
2002,5,10,3,NA,NA,NA,NA,NA
2002,5,10,6,-0.98,NA,NA,NA,98
2002,5,10,9,0.14,NA,NA,NA,99
2002,5,10,12,NA,NA,NA,NA,NA
2002,5,10,15,-2.38,NA,NA,NA,90
2002,5,10,18,-3.96,NA,NA,NA,74
2002,5,10,21,-4.2,NA,NA,NA,76
2002,5,11,0,-5.15,NA,NA,NA,91
2002,5,11,3,NA,NA,NA,NA,NA
2002,5,11,6,NA,NA,NA,NA,NA
2002,5,11,9,-5.98,NA,NA,NA,76
2002,5,11,12,-6.34,NA,NA,NA,82
2002,5,11,15,-6.58,NA,NA,NA,80
2002,5,11,18,-6.38,NA,NA,NA,92
2002,5,11,21,-5.88,NA,NA,NA,90
2002,5,12,0,-5.78,NA,NA,NA,92
2002,5,12,3,-4.82,NA,NA,NA,82
2002,5,12,6,NA,NA,NA,NA,NA
2002,5,12,9,-0.78,NA,NA,NA,92
2002,5,12,12,NA,NA,NA,NA,NA
2002,5,12,15,0.26,NA,NA,NA,NA
2002,5,12,18,NA,NA,NA,NA,90
2002,5,12,21,-0.68,NA,NA,NA,86
2002,5,13,0,-2.02,NA,NA,NA,90
2002,5,13,3,NA,NA,NA,NA,NA
2002,5,13,6,NA,NA,NA,NA,NA
2002,5,13,9,-1.22,NA,NA,NA,76
2002,5,13,12,0.38,NA,NA,NA,52
2002,5,13,15,-0.83,NA,NA,NA,73
2002,5,13,18,-3.08,NA,NA,NA,96
2002,5,13,21,-2.42,NA,NA,NA,80
2002,5,14,0,-2.6,NA,NA,NA,98
2002,5,14,3,NA,NA,NA,NA,NA
2002,5,14,6,NA,NA,NA,NA,NA
2002,5,14,9,-2.5,NA,NA,NA,95
2002,5,14,12,-2.46,NA,NA,NA,98
2002,5,14,15,-1.96,NA,NA,NA,98
2002,5,14,18,-2.76,NA,NA,NA,93
2002,5,14,21,-3.09,NA,NA,NA,98
2002,5,15,0,-3.36,NA,NA,NA,98
2002,5,15,3,NA,NA,NA,NA,NA
2002,5,15,6,NA,NA,NA,NA,NA
2002,5,15,9,-3.56,NA,NA,NA,70
2002,5,15,12,-5.64,NA,NA,NA,94
2002,5,15,15,-5.27,NA,NA,NA,88
2002,5,15,18,-5.3,NA,NA,NA,88
2002,5,15,21,-5.7,NA,NA,NA,89
2002,5,16,0,-5.74,NA,NA,NA,98
2002,5,16,3,-5.16,NA,NA,NA,98
2002,5,16,6,-4.94,NA,NA,NA,NA
2002,5,16,9,-4.8,NA,NA,NA,96
2002,5,16,12,-5.07,NA,NA,NA,98
2002,5,16,15,-5.04,NA,NA,NA,98
2002,5,16,18,-4.94,NA,NA,NA,98
2002,5,16,21,-5.1,NA,NA,NA,98
2002,5,17,0,-4.76,NA,NA,NA,98
2002,5,17,3,-4.66,NA,NA,NA,98
2002,5,17,6,-5.2,NA,NA,NA,94
2002,5,17,9,-4.94,NA,NA,NA,92
2002,5,17,12,-5.28,NA,NA,NA,94
2002,5,17,15,-5.66,NA,NA,NA,92
2002,5,17,18,NA,NA,NA,NA,NA
2002,5,17,21,-5.02,NA,NA,NA,94
2002,5,18,0,-5.36,NA,NA,NA,94
2002,5,18,3,NA,NA,NA,NA,NA
2002,5,18,6,NA,NA,NA,NA,NA
2002,5,18,9,-5.6,NA,NA,NA,94
2002,5,18,12,-5.36,NA,NA,NA,98
2002,5,18,15,-4.4,NA,NA,NA,98
2002,5,18,18,-3.74,NA,NA,NA,98
2002,5,18,21,-1.6,NA,NA,NA,NA
2002,5,19,0,-0.58,NA,NA,NA,70
2002,5,19,3,NA,NA,NA,NA,NA
2002,5,19,6,NA,NA,NA,NA,NA
2002,5,19,9,-2.22,NA,NA,NA,78
2002,5,19,12,-2.54,NA,NA,NA,94
2002,5,19,15,-1.98,NA,NA,NA,86
2002,5,19,18,NA,NA,NA,NA,NA
2002,5,19,21,NA,NA,NA,NA,NA
2002,5,20,0,-2.74,NA,NA,NA,70
2002,5,20,3,NA,NA,NA,NA,NA
2002,5,20,6,NA,NA,NA,NA,NA
2002,5,20,9,NA,NA,NA,NA,NA
2002,5,20,12,-2.04,NA,NA,NA,98
2002,5,20,15,-2.84,NA,NA,NA,84
2002,5,20,18,-3.72,NA,NA,NA,96
2002,5,20,21,NA,NA,NA,NA,NA
2002,5,21,0,NA,NA,NA,NA,NA
2002,5,21,3,-5.34,NA,NA,NA,92
2002,5,21,6,NA,NA,NA,NA,NA
2002,5,21,9,NA,NA,NA,NA,NA
2002,5,21,12,NA,NA,NA,NA,NA
2002,5,21,15,-5.82,NA,NA,NA,70
2002,5,21,18,-6.34,NA,NA,NA,74
2002,5,21,21,-7,NA,NA,NA,72
2002,5,22,0,NA,NA,NA,NA,NA
2002,5,22,3,NA,NA,NA,NA,NA
2002,5,22,6,NA,NA,NA,NA,NA
2002,5,22,9,NA,NA,NA,NA,NA
2002,5,22,12,NA,NA,NA,NA,NA
2002,5,22,15,NA,NA,NA,NA,NA
2002,5,22,18,-3.18,NA,NA,NA,94
2002,5,22,21,-3.04,NA,NA,NA,96
2002,5,23,0,-3.28,NA,NA,NA,96
2002,5,23,3,NA,NA,NA,NA,NA
2002,5,23,6,NA,NA,NA,NA,NA
2002,5,23,9,-3.48,NA,NA,NA,96
2002,5,23,12,-4.6,NA,NA,NA,96
2002,5,23,15,NA,NA,NA,NA,NA
2002,5,23,18,NA,NA,NA,NA,NA
2002,5,23,21,-5.32,NA,NA,NA,94
2002,5,24,0,-5.14,NA,NA,NA,94
2002,5,24,3,NA,NA,NA,NA,NA
2002,5,24,6,NA,NA,NA,NA,NA
2002,5,24,9,-6.06,NA,NA,NA,94
2002,5,24,12,NA,NA,NA,NA,NA
2002,5,24,15,-6.88,NA,NA,NA,90
2002,5,24,18,-7.18,NA,NA,NA,90
2002,5,24,21,-6.88,NA,NA,NA,82
2002,5,25,0,NA,NA,NA,NA,NA
2002,5,25,3,NA,NA,NA,NA,NA
2002,5,25,6,NA,NA,NA,NA,NA
2002,5,25,9,-6.34,NA,NA,NA,76
2002,5,25,12,NA,NA,NA,NA,NA
2002,5,25,15,-7.58,NA,NA,NA,84
2002,5,25,18,NA,NA,NA,NA,NA
2002,5,25,21,-6.82,NA,NA,NA,90
2002,5,26,0,NA,NA,NA,NA,NA
2002,5,26,3,NA,NA,NA,NA,NA
2002,5,26,6,NA,NA,NA,NA,NA
2002,5,26,9,-4,NA,NA,NA,74
2002,5,26,12,-3.28,NA,NA,NA,92
2002,5,26,15,-3.24,NA,NA,NA,98
2002,5,26,18,NA,NA,NA,NA,NA
2002,5,26,21,-2.84,NA,NA,NA,98
2002,5,27,0,NA,NA,NA,NA,NA
2002,5,27,3,NA,NA,NA,NA,NA
2002,5,27,6,NA,NA,NA,NA,NA
2002,5,27,9,NA,NA,NA,NA,NA
2002,5,27,12,-2.14,NA,NA,NA,NA
2002,5,27,15,-2.54,NA,NA,NA,98
2002,5,27,18,NA,NA,NA,NA,NA
2002,5,27,21,-3.36,NA,NA,NA,98
2002,5,28,0,-3.68,NA,NA,NA,98
2002,5,28,3,NA,NA,NA,NA,NA
2002,5,28,6,NA,NA,NA,NA,NA
2002,5,28,9,-4.9,NA,NA,NA,98
2002,5,28,12,-5.56,NA,NA,NA,98
2002,5,28,15,-6.98,NA,NA,NA,96
2002,5,28,18,-5.9,NA,NA,NA,98
2002,5,28,21,NA,NA,NA,NA,NA
2002,5,29,0,NA,NA,NA,NA,NA
2002,5,29,3,-4.62,NA,NA,NA,96
2002,5,29,6,NA,NA,NA,NA,NA
2002,5,29,9,NA,NA,NA,NA,NA
2002,5,29,12,-5.2,NA,NA,NA,86
2002,5,29,15,-4.66,NA,NA,NA,92
2002,5,29,18,-4.54,NA,NA,NA,86
2002,5,29,21,NA,NA,NA,NA,NA
2002,5,30,0,NA,NA,NA,NA,NA
2002,5,30,3,NA,NA,NA,NA,NA
2002,5,30,6,NA,NA,NA,NA,NA
2002,5,30,9,NA,NA,NA,NA,NA
2002,5,30,12,NA,NA,NA,NA,NA
2002,5,30,15,-4.38,NA,NA,NA,98
2002,5,30,18,-4.58,NA,NA,NA,98
2002,5,30,21,-3.56,NA,NA,NA,98
2002,5,31,0,-2.68,NA,NA,NA,98
2002,5,31,3,NA,NA,NA,NA,NA
2002,5,31,6,-1.14,NA,NA,NA,NA
2002,5,31,9,NA,NA,NA,NA,NA
2002,5,31,12,NA,NA,NA,NA,NA
2002,5,31,15,NA,NA,NA,NA,NA
2002,5,31,18,-2.44,NA,NA,NA,94
2002,5,31,21,-2.48,NA,NA,NA,96
2002,6,1,0,NA,NA,NA,NA,NA
2002,6,1,3,NA,NA,NA,NA,NA
2002,6,1,6,NA,NA,NA,NA,NA
2002,6,1,9,-2.35,NA,NA,NA,92
2002,6,1,12,-2.47,NA,NA,NA,97
2002,6,1,15,-0.53,NA,NA,NA,99
2002,6,1,18,0.27,NA,NA,NA,NA
2002,6,1,21,2.82,NA,NA,NA,50
2002,6,2,0,NA,NA,NA,NA,84
2002,6,2,3,NA,NA,NA,NA,NA
2002,6,2,6,NA,NA,NA,NA,NA
2002,6,2,9,5.36,NA,NA,NA,68
2002,6,2,12,3.4,NA,NA,NA,NA
2002,6,2,15,3.44,NA,NA,NA,NA
2002,6,2,18,4.18,NA,NA,NA,NA
2002,6,2,21,NA,NA,NA,NA,97
2002,6,3,0,NA,NA,NA,NA,66
2002,6,3,3,NA,NA,NA,NA,68
2002,6,3,6,-0.44,NA,NA,NA,72
2002,6,3,9,-1.5,NA,NA,NA,82
2002,6,3,12,-1.29,NA,NA,NA,NA
2002,6,3,15,-1.38,NA,NA,NA,89
2002,6,3,18,-2,NA,NA,NA,76
2002,6,3,21,-0.86,NA,NA,NA,64
2002,6,4,0,-1.36,NA,NA,NA,65
2002,6,4,3,NA,NA,NA,NA,NA
2002,6,4,6,-0.94,NA,NA,NA,60
2002,6,4,9,-1.16,NA,NA,NA,60
2002,6,4,12,-2.52,NA,NA,NA,72
2002,6,4,15,-0.78,NA,NA,NA,48
2002,6,4,18,-3.16,NA,NA,NA,84
2002,6,4,21,-3.16,NA,NA,NA,96
2002,6,5,0,-2.14,NA,NA,NA,98
2002,6,5,3,NA,NA,NA,NA,NA
2002,6,5,6,0.22,NA,NA,NA,NA
2002,6,5,9,2.91,NA,NA,NA,NA
2002,6,5,12,3.4,NA,NA,NA,NA
2002,6,5,15,1.76,NA,NA,NA,NA
2002,6,5,18,1.34,NA,NA,NA,NA
2002,6,5,21,-0.64,NA,NA,NA,NA
2002,6,6,0,-0.04,NA,NA,NA,NA
2002,6,6,3,NA,NA,NA,NA,NA
2002,6,6,6,NA,NA,NA,NA,NA
2002,6,6,9,-1.94,NA,NA,NA,NA
2002,6,6,12,-3.12,NA,NA,NA,98
2002,6,6,15,-4.26,NA,NA,NA,98
2002,6,6,18,-4.86,NA,NA,NA,98
2002,6,6,21,NA,NA,NA,NA,NA
2002,6,7,0,NA,NA,NA,NA,NA
2002,6,7,3,-5.66,NA,NA,NA,96
2002,6,7,6,NA,NA,NA,NA,NA
2002,6,7,9,NA,NA,NA,NA,NA
2002,6,7,12,-4.74,NA,NA,NA,98
2002,6,7,15,-4.9,NA,NA,NA,98
2002,6,7,18,-3.44,NA,NA,NA,98
2002,6,7,21,NA,NA,NA,NA,98
2002,6,8,0,NA,NA,NA,NA,NA
2002,6,8,3,NA,NA,NA,NA,NA
2002,6,8,6,NA,NA,NA,NA,NA
2002,6,8,9,NA,NA,NA,NA,NA
2002,6,8,12,NA,NA,NA,NA,NA
2002,6,8,15,-0.24,NA,NA,NA,74
2002,6,8,18,NA,NA,NA,NA,94
2002,6,8,21,-0.8,NA,NA,NA,96
2002,6,9,0,-0.62,NA,NA,NA,96
2002,6,9,3,NA,NA,NA,NA,NA
2002,6,9,6,-2.74,NA,NA,NA,74
2002,6,9,9,NA,NA,NA,NA,NA
2002,6,9,12,-4.26,NA,NA,NA,78
2002,6,9,15,NA,NA,NA,NA,NA
2002,6,9,18,-4.76,NA,NA,NA,74
2002,6,9,21,-4.56,NA,NA,NA,72
2002,6,10,0,-5.38,NA,NA,NA,78
2002,6,10,3,NA,NA,NA,NA,NA
2002,6,10,6,NA,NA,NA,NA,NA
2002,6,10,9,-4,NA,NA,NA,82
2002,6,10,12,-3.86,NA,NA,NA,80
2002,6,10,15,-3.14,NA,NA,NA,90
2002,6,10,18,-2.42,NA,NA,NA,92
2002,6,10,21,-1.3,NA,NA,NA,94
2002,6,11,0,0.5,NA,NA,NA,76
2002,6,11,3,NA,NA,NA,NA,NA
2002,6,11,6,NA,NA,NA,NA,NA
2002,6,11,9,1.24,NA,NA,NA,48
2002,6,11,12,NA,NA,NA,NA,NA
2002,6,11,15,NA,NA,NA,NA,68
2002,6,11,18,-0.3,NA,NA,NA,92
2002,6,11,21,-0.1,NA,NA,NA,88
2002,6,12,0,NA,NA,NA,NA,NA
2002,6,12,3,NA,NA,NA,NA,NA
2002,6,12,6,NA,NA,NA,NA,NA
2002,6,12,9,-2.68,NA,NA,NA,98
2002,6,12,12,-2.42,NA,NA,NA,98
2002,6,12,15,-2.38,NA,NA,NA,94
2002,6,12,18,NA,NA,NA,NA,NA
2002,6,12,21,-2.04,NA,NA,NA,84
2002,6,13,0,-3.26,NA,NA,NA,94
2002,6,13,3,NA,NA,NA,NA,NA
2002,6,13,6,NA,NA,NA,NA,NA
2002,6,13,9,-2.86,NA,NA,NA,82
2002,6,13,12,-4.74,NA,NA,NA,96
2002,6,13,15,NA,NA,NA,NA,NA
2002,6,13,18,NA,NA,NA,NA,NA
2002,6,13,21,-6.36,NA,NA,NA,94
2002,6,14,0,-6.12,NA,NA,NA,88
2002,6,14,3,NA,NA,NA,NA,NA
2002,6,14,6,NA,NA,NA,NA,NA
2002,6,14,9,-5.58,NA,NA,NA,78
2002,6,14,12,NA,NA,NA,NA,NA
2002,6,14,15,-7.14,NA,NA,NA,94
2002,6,14,18,NA,NA,NA,NA,NA
2002,6,14,21,NA,NA,NA,NA,NA
2002,6,15,0,-1.12,NA,NA,NA,94
2002,6,15,3,NA,NA,NA,NA,NA
2002,6,15,6,NA,NA,NA,NA,NA
2002,6,15,9,-1.86,NA,NA,NA,NA
2002,6,15,12,-3.08,NA,NA,NA,98
2002,6,15,15,-2.2,NA,NA,NA,98
2002,6,15,18,-3.78,NA,NA,NA,98
2002,6,15,21,NA,NA,NA,NA,NA
2002,6,16,0,NA,NA,NA,NA,NA
2002,6,16,3,-4.24,NA,NA,NA,98
2002,6,16,6,NA,NA,NA,NA,NA
2002,6,16,9,NA,NA,NA,NA,NA
2002,6,16,12,-6.3,NA,NA,NA,90
2002,6,16,15,-5.86,NA,NA,NA,84
2002,6,16,18,-4.14,NA,NA,NA,78
2002,6,16,21,-5.1,NA,NA,NA,88
2002,6,17,0,-5.12,NA,NA,NA,94
2002,6,17,3,NA,NA,NA,NA,NA
2002,6,17,6,NA,NA,NA,NA,NA
2002,6,17,9,NA,NA,NA,NA,NA
2002,6,17,12,1.94,NA,NA,NA,NA
2002,6,17,15,2.28,NA,NA,NA,NA
2002,6,17,18,1.22,NA,NA,NA,NA
2002,6,17,21,1.96,NA,NA,NA,78
2002,6,18,0,NA,NA,NA,NA,NA
2002,6,18,3,NA,NA,NA,NA,NA
2002,6,18,6,-2.28,NA,NA,NA,96
2002,6,18,9,NA,NA,NA,NA,NA
2002,6,18,12,-1.46,NA,NA,NA,96
2002,6,18,15,NA,NA,NA,NA,NA
2002,6,18,18,-2.56,NA,NA,NA,86
2002,6,18,21,-2.02,NA,NA,NA,88
2002,6,19,0,-2.52,NA,NA,NA,74
2002,6,19,3,NA,NA,NA,NA,NA
2002,6,19,6,NA,NA,NA,NA,NA
2002,6,19,9,-3.3,NA,NA,NA,68
2002,6,19,12,NA,NA,NA,NA,NA
2002,6,19,15,-4.86,NA,NA,NA,78
2002,6,19,18,-5.2,NA,NA,NA,90
2002,6,19,21,-5.82,NA,NA,NA,92
2002,6,20,0,NA,NA,NA,NA,NA
2002,6,20,3,-4.86,NA,NA,NA,88
2002,6,20,6,NA,NA,NA,NA,NA
2002,6,20,9,-4.92,NA,NA,NA,90
2002,6,20,12,NA,NA,NA,NA,NA
2002,6,20,15,-5.78,NA,NA,NA,98
2002,6,20,18,-5.7,NA,NA,NA,98
2002,6,20,21,-5.54,NA,NA,NA,98
2002,6,21,0,NA,NA,NA,NA,NA
2002,6,21,3,NA,NA,NA,NA,NA
2002,6,21,6,NA,NA,NA,NA,NA
2002,6,21,9,-5.24,NA,NA,NA,88
2002,6,21,12,-6.32,NA,NA,NA,94
2002,6,21,15,NA,NA,NA,NA,NA
2002,6,21,18,NA,NA,NA,NA,NA
2002,6,21,21,-4.42,NA,NA,NA,94
2002,6,22,0,-3.68,NA,NA,NA,98
2002,6,22,3,NA,NA,NA,NA,NA
2002,6,22,6,NA,NA,NA,NA,NA
2002,6,22,9,-3.2,NA,NA,NA,78
2002,6,22,12,-2.9,NA,NA,NA,64
2002,6,22,15,NA,NA,NA,NA,NA
2002,6,22,18,NA,NA,NA,NA,NA
2002,6,22,21,-3.9,NA,NA,NA,84
2002,6,23,0,-3.84,NA,NA,NA,90
2002,6,23,3,NA,NA,NA,NA,NA
2002,6,23,6,NA,NA,NA,NA,NA
2002,6,23,9,-5.06,NA,NA,NA,84
2002,6,23,12,-4.82,NA,NA,NA,80
2002,6,23,15,-4.46,NA,NA,NA,92
2002,6,23,18,NA,NA,NA,NA,NA
2002,6,23,21,NA,NA,NA,NA,NA
2002,6,24,0,NA,NA,NA,NA,NA
2002,6,24,3,-4.34,NA,NA,NA,74
2002,6,24,6,NA,NA,NA,NA,NA
2002,6,24,9,-3.24,NA,NA,NA,48
2002,6,24,12,-4.58,NA,NA,NA,98
2002,6,24,15,-3.02,NA,NA,NA,72
2002,6,24,18,0.36,NA,NA,NA,78
2002,6,24,21,NA,NA,NA,NA,70
2002,6,25,0,NA,NA,NA,NA,NA
2002,6,25,3,NA,NA,NA,NA,NA
2002,6,25,6,NA,NA,NA,NA,NA
2002,6,25,9,NA,NA,NA,NA,NA
2002,6,25,12,0.08,NA,NA,NA,96
2002,6,25,15,0.58,NA,NA,NA,NA
2002,6,25,18,0.54,NA,NA,NA,NA
2002,6,25,21,-0.64,NA,NA,NA,NA
2002,6,26,0,NA,NA,NA,NA,98
2002,6,26,3,NA,NA,NA,NA,NA
2002,6,26,6,NA,NA,NA,NA,NA
2002,6,26,9,NA,NA,NA,NA,NA
2002,6,26,12,-3.62,NA,NA,NA,98
2002,6,26,15,-3.2,NA,NA,NA,98
2002,6,26,18,-4.08,NA,NA,NA,98
2002,6,26,21,-3.96,NA,NA,NA,84
2002,6,27,0,-3.94,NA,NA,NA,84
2002,6,27,3,NA,NA,NA,NA,NA
2002,6,27,6,-3.6,NA,NA,NA,72
2002,6,27,9,NA,NA,NA,NA,NA
2002,6,27,12,NA,NA,NA,NA,NA
2002,6,27,15,-4.62,NA,NA,NA,82
2002,6,27,18,-5.16,NA,NA,NA,96
2002,6,27,21,-3.6,NA,NA,NA,98
2002,6,28,0,NA,NA,NA,NA,74
2002,6,28,3,NA,NA,NA,NA,NA
2002,6,28,6,NA,NA,NA,NA,NA
2002,6,28,9,NA,NA,NA,NA,NA
2002,6,28,12,-3.66,NA,NA,NA,98
2002,6,28,15,-4.28,NA,NA,NA,96
2002,6,28,18,-5.22,NA,NA,NA,88
2002,6,28,21,NA,NA,NA,NA,NA
2002,6,29,0,NA,NA,NA,NA,NA
2002,6,29,3,NA,NA,NA,NA,NA
2002,6,29,6,NA,NA,NA,NA,NA
2002,6,29,9,-2.1,NA,NA,NA,96
2002,6,29,12,NA,NA,NA,NA,NA
2002,6,29,15,1.46,NA,NA,NA,NA
2002,6,29,18,0.32,NA,NA,NA,NA
2002,6,29,21,-1.24,NA,NA,NA,96
2002,6,30,0,-1.78,NA,NA,NA,98
2002,6,30,3,NA,NA,NA,NA,NA
2002,6,30,6,NA,NA,NA,NA,NA
2002,6,30,9,-3.4,NA,NA,NA,98
2002,6,30,12,NA,NA,NA,NA,NA
2002,6,30,15,NA,NA,NA,NA,NA
2002,6,30,18,NA,NA,NA,NA,NA
2002,6,30,21,-3.36,NA,NA,NA,82
2002,7,1,0,NA,NA,NA,NA,NA
2002,7,1,3,NA,NA,NA,NA,NA
2002,7,1,6,-4.38,NA,NA,NA,68
2002,7,1,9,NA,NA,NA,NA,NA
2002,7,1,12,NA,NA,NA,NA,NA
2002,7,1,15,-5.42,NA,NA,NA,92
2002,7,1,18,-7.62,NA,NA,NA,94
2002,7,1,21,NA,NA,NA,NA,NA
2002,7,2,0,-8.78,NA,NA,NA,86
2002,7,2,3,NA,NA,NA,NA,NA
2002,7,2,6,NA,NA,NA,NA,NA
2002,7,2,9,NA,NA,NA,NA,NA
2002,7,2,12,NA,NA,NA,NA,NA
2002,7,2,15,-7.68,NA,NA,NA,62
2002,7,2,18,-8.78,NA,NA,NA,82
2002,7,2,21,-8.94,NA,NA,NA,88
2002,7,3,0,-8.86,NA,NA,NA,80
2002,7,3,3,NA,NA,NA,NA,NA
2002,7,3,6,-7.18,NA,NA,NA,74
2002,7,3,9,-6.78,NA,NA,NA,92
2002,7,3,12,-6.42,NA,NA,NA,96
2002,7,3,15,-6.4,NA,NA,NA,96
2002,7,3,18,-6.3,NA,NA,NA,96
2002,7,3,21,NA,NA,NA,NA,NA
2002,7,4,0,-6.46,NA,NA,NA,96
2002,7,4,3,NA,NA,NA,NA,NA
2002,7,4,6,-7.3,NA,NA,NA,94
2002,7,4,9,-7.44,NA,NA,NA,88
2002,7,4,12,-7.92,NA,NA,NA,90
2002,7,4,15,-5.92,NA,NA,NA,82
2002,7,4,18,-5.94,NA,NA,NA,94
2002,7,4,21,NA,NA,NA,NA,NA
2002,7,5,0,NA,NA,NA,NA,NA
2002,7,5,3,NA,NA,NA,NA,NA
2002,7,5,6,NA,NA,NA,NA,NA
2002,7,5,9,-2.58,NA,NA,NA,86
2002,7,5,12,NA,NA,NA,NA,NA
2002,7,5,15,-2.76,NA,NA,NA,90
2002,7,5,18,NA,NA,NA,NA,NA
2002,7,5,21,-3.54,NA,NA,NA,72
2002,7,6,0,NA,NA,NA,NA,NA
2002,7,6,3,NA,NA,NA,NA,NA
2002,7,6,6,-2.42,NA,NA,NA,78
2002,7,6,9,-1.94,NA,NA,NA,78
2002,7,6,12,NA,NA,NA,NA,NA
2002,7,6,15,NA,NA,NA,NA,NA
2002,7,6,18,NA,NA,NA,NA,NA
2002,7,6,21,-1.22,NA,NA,NA,88
2002,7,7,0,-1.96,NA,NA,NA,58
2002,7,7,3,NA,NA,NA,NA,NA
2002,7,7,6,NA,NA,NA,NA,NA
2002,7,7,9,-3.24,NA,NA,NA,52
2002,7,7,12,-3.96,NA,NA,NA,66
2002,7,7,15,-4.4,NA,NA,NA,66
2002,7,7,18,NA,NA,NA,NA,NA
2002,7,7,21,NA,NA,NA,NA,NA
2002,7,8,0,-5.54,NA,NA,NA,78
2002,7,8,3,NA,NA,NA,NA,NA
2002,7,8,6,NA,NA,NA,NA,NA
2002,7,8,9,-6.68,NA,NA,NA,78
2002,7,8,12,-7.3,NA,NA,NA,84
2002,7,8,15,-6.46,NA,NA,NA,84
2002,7,8,18,-6.54,NA,NA,NA,78
2002,7,8,21,NA,NA,NA,NA,NA
2002,7,9,0,NA,NA,NA,NA,NA
2002,7,9,3,NA,NA,NA,NA,NA
2002,7,9,6,NA,NA,NA,NA,NA
2002,7,9,9,NA,NA,NA,NA,NA
2002,7,9,12,-5.26,NA,NA,NA,88
2002,7,9,15,-3.28,NA,NA,NA,98
2002,7,9,18,NA,NA,NA,NA,NA
2002,7,9,21,-3.62,NA,NA,NA,82
2002,7,10,0,NA,NA,NA,NA,NA
2002,7,10,3,NA,NA,NA,NA,NA
2002,7,10,6,-2.26,NA,NA,NA,56
2002,7,10,9,NA,NA,NA,NA,NA
2002,7,10,12,NA,NA,NA,NA,NA
2002,7,10,15,NA,NA,NA,NA,NA
2002,7,10,18,-2.14,NA,NA,NA,78
2002,7,10,21,-3.46,NA,NA,NA,94
2002,7,11,0,-3.02,NA,NA,NA,96
2002,7,11,3,NA,NA,NA,NA,NA
2002,7,11,6,NA,NA,NA,NA,90
2002,7,11,9,NA,NA,NA,NA,NA
2002,7,11,12,NA,NA,NA,NA,94
2002,7,11,15,NA,NA,NA,NA,NA
2002,7,11,18,-5.32,NA,NA,NA,78
2002,7,11,21,NA,NA,NA,NA,NA
2002,7,12,0,-2.76,NA,NA,NA,60
2002,7,12,3,NA,NA,NA,NA,NA
2002,7,12,6,-3.64,NA,NA,NA,72
2002,7,12,9,-3.8,NA,NA,NA,76
2002,7,12,12,-1.78,NA,NA,NA,60
2002,7,12,15,-3.48,NA,NA,NA,86
2002,7,12,18,-1.96,NA,NA,NA,76
2002,7,12,21,NA,NA,NA,NA,NA
2002,7,13,0,-2.26,NA,NA,NA,90
2002,7,13,3,NA,NA,NA,NA,NA
2002,7,13,6,NA,NA,NA,NA,NA
2002,7,13,9,-1.52,NA,NA,NA,80
2002,7,13,12,-2.8,NA,NA,NA,96
2002,7,13,15,NA,NA,NA,NA,NA
2002,7,13,18,-3.44,NA,NA,NA,96
2002,7,13,21,-3.22,NA,NA,NA,98
2002,7,14,0,NA,NA,NA,NA,NA
2002,7,14,3,NA,NA,NA,NA,NA
2002,7,14,6,-4.3,NA,NA,NA,98
2002,7,14,9,-5.08,NA,NA,NA,98
2002,7,14,12,NA,NA,NA,NA,NA
2002,7,14,15,-7.58,NA,NA,NA,96
2002,7,14,18,NA,NA,NA,NA,NA
2002,7,14,21,-8.5,NA,NA,NA,94
2002,7,15,0,-8.92,NA,NA,NA,94
2002,7,15,3,NA,NA,NA,NA,NA
2002,7,15,6,-8.82,NA,NA,NA,88
2002,7,15,9,-7.16,NA,NA,NA,58
2002,7,15,12,-8.82,NA,NA,NA,82
2002,7,15,15,-8.42,NA,NA,NA,92
2002,7,15,18,NA,NA,NA,NA,NA
2002,7,15,21,-7.54,NA,NA,NA,78
2002,7,16,0,-4.56,NA,NA,NA,98
2002,7,16,3,NA,NA,NA,NA,NA
2002,7,16,6,NA,NA,NA,NA,NA
2002,7,16,9,1,NA,NA,NA,NA
2002,7,16,12,0.1,NA,NA,NA,NA
2002,7,16,15,1.5,NA,NA,NA,NA
2002,7,16,18,NA,NA,NA,NA,NA
2002,7,16,21,-2.5,NA,NA,NA,98
2002,7,17,0,NA,NA,NA,NA,NA
2002,7,17,3,NA,NA,NA,NA,NA
2002,7,17,6,NA,NA,NA,NA,NA
2002,7,17,9,NA,NA,NA,NA,NA
2002,7,17,12,NA,NA,NA,NA,NA
2002,7,17,15,NA,NA,NA,NA,NA
2002,7,17,18,NA,NA,NA,NA,NA
2002,7,17,21,-4.62,NA,NA,NA,78
2002,7,18,0,-5.68,NA,NA,NA,86
2002,7,18,3,NA,NA,NA,NA,NA
2002,7,18,6,NA,NA,NA,NA,NA
2002,7,18,9,-5.46,NA,NA,NA,78
2002,7,18,12,-5.72,NA,NA,NA,96
2002,7,18,15,NA,NA,NA,NA,NA
2002,7,18,18,-6.1,NA,NA,NA,80
2002,7,18,21,-5.8,NA,NA,NA,68
2002,7,19,0,-6.3,NA,NA,NA,80
2002,7,19,3,NA,NA,NA,NA,NA
2002,7,19,6,NA,NA,NA,NA,NA
2002,7,19,9,-5.98,NA,NA,NA,66
2002,7,19,12,-6.14,NA,NA,NA,74
2002,7,19,15,-4.46,NA,NA,NA,96
2002,7,19,18,NA,NA,NA,NA,NA
2002,7,19,21,-3,NA,NA,NA,82
2002,7,20,0,NA,NA,NA,NA,NA
2002,7,20,3,-4.22,NA,NA,NA,98
2002,7,20,6,NA,NA,NA,NA,NA
2002,7,20,9,-4.54,NA,NA,NA,88
2002,7,20,12,-5.02,NA,NA,NA,92
2002,7,20,15,-3.58,NA,NA,NA,98
2002,7,20,18,NA,NA,NA,NA,NA
2002,7,20,21,-3.56,NA,NA,NA,98
2002,7,21,0,NA,NA,NA,NA,NA
2002,7,21,3,NA,NA,NA,NA,NA
2002,7,21,6,NA,NA,NA,NA,NA
2002,7,21,9,NA,NA,NA,NA,NA
2002,7,21,12,-5.06,NA,NA,NA,96
2002,7,21,15,-6.18,NA,NA,NA,96
2002,7,21,18,-8.46,NA,NA,NA,92
2002,7,21,21,NA,NA,NA,NA,NA
2002,7,22,0,-9.46,NA,NA,NA,90
2002,7,22,3,NA,NA,NA,NA,NA
2002,7,22,6,NA,NA,NA,NA,NA
2002,7,22,9,-6.38,NA,NA,NA,68
2002,7,22,12,-4.84,NA,NA,NA,84
2002,7,22,15,-3.64,NA,NA,NA,96
2002,7,22,18,NA,NA,NA,NA,NA
2002,7,22,21,NA,NA,NA,NA,NA
2002,7,23,0,-4.68,NA,NA,NA,80
2002,7,23,3,NA,NA,NA,NA,NA
2002,7,23,6,NA,NA,NA,NA,NA
2002,7,23,9,-3.44,NA,NA,NA,44
2002,7,23,12,-2.66,NA,NA,NA,50
2002,7,23,15,NA,NA,NA,NA,56
2002,7,23,18,0.48,NA,NA,NA,96
2002,7,23,21,NA,NA,NA,NA,NA
2002,7,24,0,4.3,NA,NA,NA,NA
2002,7,24,3,7.02,NA,NA,NA,42
2002,7,24,6,NA,NA,NA,NA,NA
2002,7,24,9,NA,NA,NA,NA,NA
2002,7,24,12,NA,NA,NA,NA,62
2002,7,24,15,NA,NA,NA,NA,98
2002,7,24,18,NA,NA,NA,NA,98
2002,7,24,21,NA,NA,NA,NA,NA
2002,7,25,0,NA,NA,NA,NA,NA
2002,7,25,3,-3.4,NA,NA,NA,98
2002,7,25,6,NA,NA,NA,NA,NA
2002,7,25,9,NA,NA,NA,NA,NA
2002,7,25,12,NA,NA,NA,NA,NA
2002,7,25,15,5.6,NA,NA,NA,NA
2002,7,25,18,4.44,NA,NA,NA,NA
2002,7,25,21,2.84,NA,NA,NA,NA
2002,7,26,0,2.14,NA,NA,NA,86
2002,7,26,3,NA,NA,NA,NA,NA
2002,7,26,6,NA,NA,NA,NA,NA
2002,7,26,9,NA,NA,NA,NA,NA
2002,7,26,12,NA,NA,NA,NA,NA
2002,7,26,15,NA,NA,NA,NA,NA
2002,7,26,18,-3.48,NA,NA,NA,82
2002,7,26,21,-2.64,NA,NA,NA,60
2002,7,27,0,-3.9,NA,NA,NA,98
2002,7,27,3,NA,NA,NA,NA,NA
2002,7,27,6,NA,NA,NA,NA,NA
2002,7,27,9,-3.6,NA,NA,NA,78
2002,7,27,12,-2.4,NA,NA,NA,70
2002,7,27,15,NA,NA,NA,NA,NA
2002,7,27,18,-0.14,NA,NA,NA,52
2002,7,27,21,2.06,NA,NA,NA,62
2002,7,28,0,3.2,NA,NA,NA,64
2002,7,28,3,-1.78,NA,NA,NA,94
2002,7,28,6,NA,NA,NA,NA,NA
2002,7,28,9,0.3,NA,NA,NA,96
2002,7,28,12,NA,NA,NA,NA,80
2002,7,28,15,NA,NA,NA,NA,80
2002,7,28,18,NA,NA,NA,NA,NA
2002,7,28,21,5.02,NA,NA,NA,NA
2002,7,29,0,NA,NA,NA,NA,NA
2002,7,29,3,5.8,NA,NA,NA,94
2002,7,29,6,NA,NA,NA,NA,NA
2002,7,29,9,NA,NA,NA,NA,40
2002,7,29,12,1.3,NA,NA,NA,80
2002,7,29,15,NA,NA,NA,NA,90
2002,7,29,18,NA,NA,NA,NA,NA
2002,7,29,21,-3.04,NA,NA,NA,84
2002,7,30,0,NA,NA,NA,NA,NA
2002,7,30,3,NA,NA,NA,NA,NA
2002,7,30,6,NA,NA,NA,NA,NA
2002,7,30,9,-2.58,NA,NA,NA,66
2002,7,30,12,-2.76,NA,NA,NA,84
2002,7,30,15,-0.96,NA,NA,NA,98
2002,7,30,18,0.56,NA,NA,NA,NA
2002,7,30,21,-1.44,NA,NA,NA,NA
2002,7,31,0,-2.72,NA,NA,NA,98
2002,7,31,3,NA,NA,NA,NA,NA
2002,7,31,6,NA,NA,NA,NA,NA
2002,7,31,9,-2.86,NA,NA,NA,84
2002,7,31,12,-3.34,NA,NA,NA,86
2002,7,31,15,-2.68,NA,NA,NA,56
2002,7,31,18,NA,NA,NA,NA,NA
2002,7,31,21,NA,NA,NA,NA,NA
2002,8,1,0,NA,NA,NA,NA,NA
2002,8,1,3,NA,NA,NA,NA,NA
2002,8,1,6,NA,NA,NA,NA,NA
2002,8,1,9,NA,NA,NA,NA,NA
2002,8,1,12,-4.28,NA,NA,NA,94
2002,8,1,15,-3.72,NA,NA,NA,86
2002,8,1,18,-4.7,NA,NA,NA,96
2002,8,1,21,NA,NA,NA,NA,NA
2002,8,2,0,NA,NA,NA,NA,NA
2002,8,2,3,NA,NA,NA,NA,NA
2002,8,2,6,NA,NA,NA,NA,NA
2002,8,2,9,NA,NA,NA,NA,NA
2002,8,2,12,NA,NA,NA,NA,NA
2002,8,2,15,-6.32,NA,NA,NA,86
2002,8,2,18,-6.3,NA,NA,NA,74
2002,8,2,21,-4,NA,NA,NA,96
2002,8,3,0,NA,NA,NA,NA,98
2002,8,3,3,NA,NA,NA,NA,NA
2002,8,3,6,8.64,NA,NA,NA,NA
2002,8,3,9,NA,NA,NA,NA,NA
2002,8,3,12,NA,NA,NA,NA,NA
2002,8,3,15,NA,NA,NA,NA,NA
2002,8,3,18,4.9,NA,NA,NA,NA
2002,8,3,21,2.84,NA,NA,NA,NA
2002,8,4,0,0.4,NA,NA,NA,NA
2002,8,4,3,NA,NA,NA,NA,NA
2002,8,4,6,NA,NA,NA,NA,NA
2002,8,4,9,-3.52,NA,NA,NA,92
2002,8,4,12,-4.46,NA,NA,NA,74
2002,8,4,15,NA,NA,NA,NA,NA
2002,8,4,18,-5.52,NA,NA,NA,80
2002,8,4,21,-6.26,NA,NA,NA,76
2002,8,5,0,-7.08,NA,NA,NA,74
2002,8,5,3,NA,NA,NA,NA,NA
2002,8,5,6,NA,NA,NA,NA,NA
2002,8,5,9,-7.4,NA,NA,NA,70
2002,8,5,12,-6.4,NA,NA,NA,76
2002,8,5,15,-5.74,NA,NA,NA,84
2002,8,5,18,NA,NA,NA,NA,NA
2002,8,5,21,-5.78,NA,NA,NA,90
2002,8,6,0,NA,NA,NA,NA,NA
2002,8,6,3,-7.14,NA,NA,NA,88
2002,8,6,6,NA,NA,NA,NA,NA
2002,8,6,9,-6.76,NA,NA,NA,86
2002,8,6,12,-2.38,NA,NA,NA,42
2002,8,6,15,-6.14,NA,NA,NA,88
2002,8,6,18,NA,NA,NA,NA,NA
2002,8,6,21,-3.3,NA,NA,NA,92
2002,8,7,0,NA,NA,NA,NA,NA
2002,8,7,3,NA,NA,NA,NA,NA
2002,8,7,6,NA,NA,NA,NA,NA
2002,8,7,9,-1.78,NA,NA,NA,90
2002,8,7,12,-3,NA,NA,NA,94
2002,8,7,15,-1.92,NA,NA,NA,70
2002,8,7,18,NA,NA,NA,NA,NA
2002,8,7,21,NA,NA,NA,NA,98
2002,8,8,0,NA,NA,NA,NA,44
2002,8,8,3,NA,NA,NA,NA,NA
2002,8,8,6,NA,NA,NA,NA,NA
2002,8,8,9,2.66,NA,NA,NA,40
2002,8,8,12,-1.6,NA,NA,NA,66
2002,8,8,15,NA,NA,NA,NA,NA
2002,8,8,18,NA,NA,NA,NA,NA
2002,8,8,21,NA,NA,NA,NA,NA
2002,8,9,0,-3.44,NA,NA,NA,80
2002,8,9,3,NA,NA,NA,NA,NA
2002,8,9,6,NA,NA,NA,NA,NA
2002,8,9,9,-4.12,NA,NA,NA,64
2002,8,9,12,-6.46,NA,NA,NA,74
2002,8,9,15,-6.46,NA,NA,NA,86
2002,8,9,18,-5.44,NA,NA,NA,80
2002,8,9,21,NA,NA,NA,NA,NA
2002,8,10,0,NA,NA,NA,NA,NA
2002,8,10,3,NA,NA,NA,NA,NA
2002,8,10,6,NA,NA,NA,NA,NA
2002,8,10,9,NA,NA,NA,NA,NA
2002,8,10,12,-1.94,NA,NA,NA,86
2002,8,10,15,-3.94,NA,NA,NA,72
2002,8,10,18,NA,NA,NA,NA,NA
2002,8,10,21,-4.4,NA,NA,NA,88
2002,8,11,0,NA,NA,NA,NA,NA
2002,8,11,3,NA,NA,NA,NA,NA
2002,8,11,6,-2.16,NA,NA,NA,68
2002,8,11,9,NA,NA,NA,NA,NA
2002,8,11,12,NA,NA,NA,NA,NA
2002,8,11,15,-4.22,NA,NA,NA,62
2002,8,11,18,-5.64,NA,NA,NA,62
2002,8,11,21,-5.94,NA,NA,NA,84
2002,8,12,0,-6.32,NA,NA,NA,86
2002,8,12,3,NA,NA,NA,NA,NA
2002,8,12,6,NA,NA,NA,NA,NA
2002,8,12,9,NA,NA,NA,NA,NA
2002,8,12,12,-5.48,NA,NA,NA,78
2002,8,12,15,NA,NA,NA,NA,NA
2002,8,12,18,-5.6,NA,NA,NA,90
2002,8,12,21,-5.54,NA,NA,NA,86
2002,8,13,0,-4.94,NA,NA,NA,78
2002,8,13,3,NA,NA,NA,NA,NA
2002,8,13,6,NA,NA,NA,NA,NA
2002,8,13,9,-4.16,NA,NA,NA,74
2002,8,13,12,NA,NA,NA,NA,NA
2002,8,13,15,0.22,NA,NA,NA,NA
2002,8,13,18,NA,NA,NA,NA,NA
2002,8,13,21,2.4,NA,NA,NA,NA
2002,8,14,0,4.62,NA,NA,NA,NA
2002,8,14,3,NA,NA,NA,NA,NA
2002,8,14,6,NA,NA,NA,NA,NA
2002,8,14,9,0.32,NA,NA,NA,NA
2002,8,14,12,NA,NA,NA,NA,NA
2002,8,14,15,0.68,NA,NA,NA,NA
2002,8,14,18,NA,NA,NA,NA,NA
2002,8,14,21,-2.9,NA,NA,NA,98
2002,8,15,0,NA,NA,NA,NA,NA
2002,8,15,3,NA,NA,NA,NA,NA
2002,8,15,6,NA,NA,NA,NA,NA
2002,8,15,9,-4.3,NA,NA,NA,98
2002,8,15,12,NA,NA,NA,NA,NA
2002,8,15,15,-6.92,NA,NA,NA,80
2002,8,15,18,NA,NA,NA,NA,NA
2002,8,15,21,-8.26,NA,NA,NA,92
2002,8,16,0,-7.54,NA,NA,NA,92
2002,8,16,3,NA,NA,NA,NA,NA
2002,8,16,6,NA,NA,NA,NA,NA
2002,8,16,9,-9.78,NA,NA,NA,72
2002,8,16,12,-9.16,NA,NA,NA,54
2002,8,16,15,-9.18,NA,NA,NA,70
2002,8,16,18,NA,NA,NA,NA,NA
2002,8,16,21,-5.46,NA,NA,NA,48
2002,8,17,0,-6.12,NA,NA,NA,74
2002,8,17,3,NA,NA,NA,NA,NA
2002,8,17,6,NA,NA,NA,NA,NA
2002,8,17,9,-3.54,NA,NA,NA,82
2002,8,17,12,-1.04,NA,NA,NA,68
2002,8,17,15,-1.68,NA,NA,NA,70
2002,8,17,18,NA,NA,NA,NA,NA
2002,8,17,21,NA,NA,NA,NA,NA
2002,8,18,0,0.08,NA,NA,NA,70
2002,8,18,3,NA,NA,NA,NA,NA
2002,8,18,6,NA,NA,NA,NA,NA
2002,8,18,9,NA,NA,NA,NA,NA
2002,8,18,12,NA,NA,NA,NA,NA
2002,8,18,15,-2.52,NA,NA,NA,72
2002,8,18,18,-3.06,NA,NA,NA,76
2002,8,18,21,NA,NA,NA,NA,NA
2002,8,19,0,NA,NA,NA,NA,NA
2002,8,19,3,NA,NA,NA,NA,NA
2002,8,19,6,NA,NA,NA,NA,NA
2002,8,19,9,NA,NA,NA,NA,NA
2002,8,19,12,NA,NA,NA,NA,NA
2002,8,19,15,-3.86,NA,NA,NA,82
2002,8,19,18,-3.58,NA,NA,NA,72
2002,8,19,21,-3.2,NA,NA,NA,90
2002,8,20,0,NA,NA,NA,NA,NA
2002,8,20,3,NA,NA,NA,NA,NA
2002,8,20,6,NA,NA,NA,NA,NA
2002,8,20,9,NA,NA,NA,NA,NA
2002,8,20,12,NA,NA,NA,NA,NA
2002,8,20,15,NA,NA,NA,NA,NA
2002,8,20,18,-4.04,NA,NA,NA,98
2002,8,20,21,-4.62,NA,NA,NA,86
2002,8,21,0,-4.86,NA,NA,NA,88
2002,8,21,3,NA,NA,NA,NA,NA
2002,8,21,6,NA,NA,NA,NA,NA
2002,8,21,9,NA,NA,NA,NA,NA
2002,8,21,12,NA,NA,NA,NA,NA
2002,8,21,15,NA,NA,NA,NA,NA
2002,8,21,18,-6.8,NA,NA,NA,74
2002,8,21,21,-6.18,NA,NA,NA,80
2002,8,22,0,-4.42,NA,NA,NA,86
2002,8,22,3,NA,NA,NA,NA,NA
2002,8,22,6,NA,NA,NA,NA,NA
2002,8,22,9,0.4,NA,NA,NA,NA
2002,8,22,12,0.06,NA,NA,NA,NA
2002,8,22,15,-0.48,NA,NA,NA,NA
2002,8,22,18,NA,NA,NA,NA,NA
2002,8,22,21,-1.56,NA,NA,NA,88
2002,8,23,0,NA,NA,NA,NA,NA
2002,8,23,3,NA,NA,NA,NA,NA
2002,8,23,6,NA,NA,NA,NA,NA
2002,8,23,9,-7.76,NA,NA,NA,72
2002,8,23,12,NA,NA,NA,NA,NA
2002,8,23,15,-7.86,NA,NA,NA,80
2002,8,23,18,NA,NA,NA,NA,NA
2002,8,23,21,-5.66,NA,NA,NA,60
2002,8,24,0,NA,NA,NA,NA,NA
2002,8,24,3,NA,NA,NA,NA,NA
2002,8,24,6,NA,NA,NA,NA,NA
2002,8,24,9,-3.1,NA,NA,NA,64
2002,8,24,12,-4.44,NA,NA,NA,74
2002,8,24,15,NA,NA,NA,NA,NA
2002,8,24,18,NA,NA,NA,NA,NA
2002,8,24,21,-3.48,NA,NA,NA,90
2002,8,25,0,-1.9,NA,NA,NA,94
2002,8,25,3,NA,NA,NA,NA,NA
2002,8,25,6,NA,NA,NA,NA,NA
2002,8,25,9,0.18,NA,NA,NA,96
2002,8,25,12,-1.1,NA,NA,NA,NA
2002,8,25,15,-1.92,NA,NA,NA,NA
2002,8,25,18,NA,NA,NA,NA,NA
2002,8,25,21,NA,NA,NA,NA,NA
2002,8,26,0,-4.18,NA,NA,NA,88
2002,8,26,3,NA,NA,NA,NA,NA
2002,8,26,6,NA,NA,NA,NA,NA
2002,8,26,9,-5.88,NA,NA,NA,78
2002,8,26,12,-7.28,NA,NA,NA,88
2002,8,26,15,-6.92,NA,NA,NA,82
2002,8,26,18,NA,NA,NA,NA,NA
2002,8,26,21,NA,NA,NA,NA,NA
2002,8,27,0,NA,NA,NA,NA,NA
2002,8,27,3,NA,NA,NA,NA,NA
2002,8,27,6,NA,NA,NA,NA,NA
2002,8,27,9,-4.88,NA,NA,NA,80
2002,8,27,12,-4.36,NA,NA,NA,76
2002,8,27,15,-3.36,NA,NA,NA,68
2002,8,27,18,-2.24,NA,NA,NA,64
2002,8,27,21,-2.64,NA,NA,NA,80
2002,8,28,0,NA,NA,NA,NA,NA
2002,8,28,3,NA,NA,NA,NA,NA
2002,8,28,6,NA,NA,NA,NA,NA
2002,8,28,9,NA,NA,NA,NA,NA
2002,8,28,12,-1.16,NA,NA,NA,98
2002,8,28,15,0.96,NA,NA,NA,84
2002,8,28,18,NA,NA,NA,NA,NA
2002,8,28,21,4,NA,NA,NA,94
2002,8,29,0,6.22,NA,NA,NA,62
2002,8,29,3,NA,NA,NA,NA,NA
2002,8,29,6,NA,NA,NA,NA,NA
2002,8,29,9,NA,NA,NA,NA,NA
2002,8,29,12,NA,NA,NA,NA,NA
2002,8,29,15,-2.08,NA,NA,NA,98
2002,8,29,18,-3.72,NA,NA,NA,98
2002,8,29,21,-4.46,NA,NA,NA,98
2002,8,30,0,-5.18,NA,NA,NA,98
2002,8,30,3,NA,NA,NA,NA,NA
2002,8,30,6,NA,NA,NA,NA,NA
2002,8,30,9,NA,NA,NA,NA,NA
2002,8,30,12,-5.5,NA,NA,NA,80
2002,8,30,15,-4.72,NA,NA,NA,90
2002,8,30,18,-3.58,NA,NA,NA,84
2002,8,30,21,NA,NA,NA,NA,88
2002,8,31,0,NA,NA,NA,NA,NA
2002,8,31,3,NA,NA,NA,NA,NA
2002,8,31,6,NA,NA,NA,NA,80
2002,8,31,9,10.56,NA,NA,NA,80
2002,8,31,12,NA,NA,NA,NA,62
2002,8,31,15,NA,NA,NA,NA,68
2002,8,31,18,11.4,NA,NA,NA,66
2002,8,31,21,NA,NA,NA,NA,32
