Year,Month,Day,Three-hourly observation time(UTC),Temperature(¡æ),Pressure(hPa),Wind Speed(m/s),Wind Direction,Relative Humidity(%)
1988,1,1,0,-8.8,854.3,5.2,340,NA
1988,1,1,3,-8.5,854.6,6.7,324,NA
1988,1,1,6,-8.4,854.9,5.7,326,NA
1988,1,1,9,-10.7,855.2,5.4,319,NA
1988,1,1,12,NA,855.7,8.6,317,NA
1988,1,1,15,NA,856.5,8.2,307,NA
1988,1,1,18,-16.7,857.3,8.4,324,NA
1988,1,1,21,-13,858.1,8.9,296,NA
1988,1,2,0,NA,859.1,8.2,292,NA
1988,1,2,3,NA,859.7,5.2,290,NA
1988,1,2,6,-8.2,860.1,6.2,300,NA
1988,1,2,9,-10.2,860.2,5.9,320,NA
1988,1,2,12,NA,860.4,6.9,305,NA
1988,1,2,15,NA,860.2,6.9,293,NA
1988,1,2,18,-14.1,860.2,5.9,288,NA
1988,1,2,21,-11.5,859.9,7.7,285,NA
1988,1,3,0,NA,859.7,5.2,290,NA
1988,1,3,3,-7.4,859.3,3.5,274,NA
1988,1,3,6,-6.4,858.9,3.2,309,NA
1988,1,3,9,-9.5,858.3,5.2,330,NA
1988,1,3,12,NA,857.9,7.2,286,NA
1988,1,3,15,-14.2,857.2,9.6,286,NA
1988,1,3,18,-14.5,856.9,10.1,296,NA
1988,1,3,21,-12.1,857.2,6.9,296,NA
1988,1,4,0,NA,857.2,7.9,295,NA
1988,1,4,3,-9,856.4,7.9,274,NA
1988,1,4,6,-9,856.4,6.9,292,NA
1988,1,4,9,-10.5,855.8,8.6,309,NA
1988,1,4,12,-13.5,855.3,7.2,299,NA
1988,1,4,15,NA,855.5,4,300,NA
1988,1,4,18,-16.7,855.5,NA,352,NA
1988,1,4,21,-13.6,854.5,NA,321,NA
1988,1,5,0,NA,854.4,NA,320,NA
1988,1,5,3,NA,853.9,NA,330,NA
1988,1,5,6,-9.5,853.4,5.7,319,NA
1988,1,5,9,-10.4,853.3,4,317,NA
1988,1,5,12,-10.9,853.3,4.9,328,NA
1988,1,5,15,NA,853.3,7.9,293,NA
1988,1,5,18,NA,853.8,8.2,282,NA
1988,1,5,21,-14.9,855.4,6.4,271,NA
1988,1,6,0,NA,856.6,NA,245,NA
1988,1,6,3,NA,857.7,NA,136,NA
1988,1,6,6,-10.5,858.4,NA,127,NA
1988,1,6,9,-10.7,859.9,NA,141,NA
1988,1,6,12,-11.4,861.5,7.9,147,NA
1988,1,6,15,-11.5,862.8,6.9,154,NA
1988,1,6,18,-11.7,864.2,6.9,146,NA
1988,1,6,21,-10,865.9,6.2,130,NA
1988,1,7,0,-9,866.7,4.2,125,NA
1988,1,7,3,-9.7,866.6,3.2,208,NA
1988,1,7,6,NA,866.7,0.7,344,NA
1988,1,7,9,NA,866.5,4,309,NA
1988,1,7,12,NA,866.3,NA,313,NA
1988,1,7,15,-16.2,865.2,NA,319,NA
1988,1,7,18,-14,864.3,10.1,314,NA
1988,1,7,21,-12.4,864.2,8.4,313,NA
1988,1,8,0,-11.4,863.2,11.9,310,NA
1988,1,8,3,-10.2,862.1,9.4,296,NA
1988,1,8,6,-9.5,860.4,9.6,321,NA
1988,1,8,9,-10.4,859.4,9.4,299,NA
1988,1,8,12,-13.1,858.1,11.9,296,NA
1988,1,8,15,-14.5,857.5,13.1,296,NA
1988,1,8,18,-15.5,857.4,13.3,333,NA
1988,1,8,21,-14.1,856.1,14.6,295,NA
1988,1,9,0,-12,856.4,11.4,298,NA
1988,1,9,3,-10,856.4,NA,288,NA
1988,1,9,6,-9.5,856.9,7.4,296,NA
1988,1,9,9,-10.9,856.9,6.7,312,NA
1988,1,9,12,-14.2,857.4,8.2,303,NA
1988,1,9,15,NA,857.7,9.4,289,NA
1988,1,9,18,-17.5,858.3,9.4,292,NA
1988,1,9,21,-15.4,858.8,9.6,289,NA
1988,1,10,0,-13,859.2,9.4,282,NA
1988,1,10,3,-11.2,859.8,6.2,274,NA
1988,1,10,6,-10.4,860.2,NA,222,NA
1988,1,10,9,-12.7,860.5,2.7,272,NA
1988,1,10,12,NA,861,NA,288,NA
1988,1,10,15,NA,861.3,7.2,282,NA
1988,1,10,18,-19.2,861.6,7.4,286,NA
1988,1,10,21,-17.2,861.6,7.4,281,NA
1988,1,11,0,-14.9,861.7,8.2,265,NA
1988,1,11,3,-13,861.7,7.9,279,NA
1988,1,11,6,-13.1,861.8,7.9,298,NA
1988,1,11,9,-14.2,861.6,6.9,326,NA
1988,1,11,12,NA,862,5.7,290,NA
1988,1,11,15,-18,861.5,10.1,298,NA
1988,1,11,18,-18.5,861.8,10.6,323,NA
1988,1,11,21,-16.7,861.6,10.1,334,NA
1988,1,12,0,-13.7,860.8,5.7,282,NA
1988,1,12,3,-12,859.8,6.7,295,NA
1988,1,12,6,-11.7,859,4.7,292,NA
1988,1,12,9,-14.7,857.9,4.9,335,NA
1988,1,12,12,NA,856.9,6.4,303,NA
1988,1,12,15,-19.5,855.6,6.7,286,NA
1988,1,12,18,-19.1,854.6,7.7,288,NA
1988,1,12,21,-16.5,854.2,7.2,300,NA
1988,1,13,0,NA,853.6,5.4,278,NA
1988,1,13,3,NA,852.8,2.7,288,NA
1988,1,13,6,-8.5,852.8,NA,0,NA
1988,1,13,9,-12.6,852.9,NA,NA,NA
1988,1,13,12,NA,853.3,1,281,NA
1988,1,13,15,-15.9,853.5,2.5,251,NA
1988,1,13,18,-16.6,854.2,NA,271,NA
1988,1,13,21,-15.9,854.9,7.4,278,NA
1988,1,14,0,NA,856.1,4,267,NA
1988,1,14,3,NA,856.6,NA,268,NA
1988,1,14,6,-6.7,857.5,NA,NA,NA
1988,1,14,9,NA,858.6,2,293,NA
1988,1,14,12,NA,859.8,2,271,NA
1988,1,14,15,NA,861.5,1.7,248,NA
1988,1,14,18,-14.2,863.5,2.2,254,NA
1988,1,14,21,NA,865.6,1.7,261,NA
1988,1,15,0,NA,867.6,1.2,238,NA
1988,1,15,3,-7.1,868.5,2,306,NA
1988,1,15,6,-9.7,869.6,4,314,NA
1988,1,15,9,-12,870.4,6.2,310,NA
1988,1,15,12,NA,871.1,7.7,300,NA
1988,1,15,15,-16.1,870.9,9.6,303,NA
1988,1,15,18,-16,871.5,9.9,312,NA
1988,1,15,21,-13.9,871.4,11.1,314,NA
1988,1,16,0,-11.2,869.1,10.6,317,NA
1988,1,16,3,-10.2,866,NA,292,NA
1988,1,16,6,-10.4,865.4,12.8,292,NA
1988,1,16,9,-11.4,864.6,11.9,303,NA
1988,1,16,12,-13.1,864.7,9.9,310,NA
1988,1,16,15,-16,865.2,11.1,348,NA
1988,1,16,18,-15.9,863.4,13.1,290,NA
1988,1,16,21,-14.5,863.7,12.6,326,NA
1988,1,17,0,-12.4,863.4,11.4,267,NA
1988,1,17,3,-10.5,863.3,NA,279,NA
1988,1,17,6,-11.2,862.7,8.6,281,NA
1988,1,17,9,-12.1,862.2,8.4,282,NA
1988,1,17,12,-15.4,863.1,5.9,290,NA
1988,1,17,15,NA,864.8,4,288,NA
1988,1,17,18,-17.1,864.4,NA,290,NA
1988,1,17,21,-14.4,863.4,NA,328,NA
1988,1,18,0,NA,862.4,7.9,323,NA
1988,1,18,3,-9.5,861.1,7.9,268,NA
1988,1,18,6,-9.1,861.3,5.9,296,NA
1988,1,18,9,-11.4,861.2,6.2,286,NA
1988,1,18,12,-13.7,861.6,7.2,272,NA
1988,1,18,15,-15.4,860.8,9.9,272,NA
1988,1,18,18,-15.9,861.4,NA,359,NA
1988,1,18,21,-13.9,861.4,9.6,314,NA
1988,1,19,0,-12.1,861.1,NA,319,NA
1988,1,19,3,-9.7,860.4,6.4,309,NA
1988,1,19,6,-10.1,859.5,8.2,321,NA
1988,1,19,9,-11.2,859.2,9.1,276,NA
1988,1,19,12,-14.4,859.3,8.4,312,NA
1988,1,19,15,NA,858.9,8.4,313,NA
1988,1,19,18,-16.6,858.9,9.9,321,NA
1988,1,19,21,-14.5,858.7,6.7,316,NA
1988,1,20,0,-12,858.3,8.2,292,NA
1988,1,20,3,-10.7,857.9,5.4,276,NA
1988,1,20,6,-11.1,858.3,3.5,290,NA
1988,1,20,9,-13.6,858.5,3.7,321,NA
1988,1,20,12,NA,858.9,5.4,295,NA
1988,1,20,15,-16.7,858.9,5.9,327,NA
1988,1,20,18,-14.9,859.3,5.9,302,NA
1988,1,20,21,NA,860,4.4,234,NA
1988,1,21,0,NA,860.7,3,244,NA
1988,1,21,3,-7.2,861,2.5,219,NA
1988,1,21,6,NA,861.4,1.2,255,NA
1988,1,21,9,-10.7,861.9,3.7,286,NA
1988,1,21,12,NA,862.4,5.2,255,NA
1988,1,21,15,-14.4,862.7,5.9,281,NA
1988,1,21,18,-16.2,862.8,7.9,278,NA
1988,1,21,21,-15.6,863.5,NA,295,NA
1988,1,22,0,-13.1,863.6,8.6,305,NA
1988,1,22,3,-11.5,862.8,11.4,306,NA
1988,1,22,6,-11.5,862.4,7.4,310,NA
1988,1,22,9,-13.1,861.8,7.2,330,NA
1988,1,22,12,-15.9,861.1,10.4,333,NA
1988,1,22,15,-17.5,860.6,NA,327,NA
1988,1,22,18,-19,860.3,11.9,316,NA
1988,1,22,21,-16.6,860.7,8.4,331,NA
1988,1,23,0,NA,860.9,9.1,323,NA
1988,1,23,3,-11.9,860.3,5.7,314,NA
1988,1,23,6,-11.4,860,5.7,307,NA
1988,1,23,9,-11.7,859.4,4,307,NA
1988,1,23,12,-15.9,858.7,7.4,295,NA
1988,1,23,15,NA,858.1,NA,319,NA
1988,1,23,18,-19.6,857.6,10.1,302,NA
1988,1,23,21,-16.6,857.1,11.1,289,NA
1988,1,24,0,NA,856.4,10.6,292,NA
1988,1,24,3,-12.4,857.1,9.1,337,NA
1988,1,24,6,-12.1,857,7.4,330,NA
1988,1,24,9,-13,856.5,11.9,255,NA
1988,1,24,12,-16.2,857.2,NA,278,NA
1988,1,24,15,-16.7,859,10.9,348,NA
1988,1,24,18,-17.7,859.1,11.6,348,NA
1988,1,24,21,-16.6,858.6,14.3,326,NA
1988,1,25,0,-14.5,858.8,13.6,328,NA
1988,1,25,3,NA,859,NA,309,NA
1988,1,25,6,-11.7,859.1,NA,307,NA
1988,1,25,9,-14,860.2,NA,295,NA
1988,1,25,12,-15,861.7,NA,215,NA
1988,1,25,15,NA,862.7,1.7,276,NA
1988,1,25,18,-15,863.6,3.2,299,NA
1988,1,25,21,-13.4,864.7,3.5,313,NA
1988,1,26,0,-11.4,865.3,2.2,179,NA
1988,1,26,3,NA,865.3,1.7,186,NA
1988,1,26,6,-12.1,865.7,2.7,231,NA
1988,1,26,9,NA,866.1,4.4,293,NA
1988,1,26,12,NA,866.1,5.7,293,NA
1988,1,26,15,-19,866.1,6.9,303,NA
1988,1,26,18,NA,866.5,4,296,NA
1988,1,26,21,NA,NA,NA,NA,NA
1988,1,27,0,-11.7,866.7,8.4,299,NA
1988,1,27,3,-11.1,864.5,10.4,310,NA
1988,1,27,6,-12.4,864.2,6.2,279,NA
1988,1,27,9,-14.5,863.1,9.1,300,NA
1988,1,27,12,-17.4,862.5,9.1,313,NA
1988,1,27,15,-18.9,862,8.9,307,NA
1988,1,27,18,-20.1,862,9.1,309,NA
1988,1,27,21,-18.4,862.6,9.1,302,NA
1988,1,28,0,NA,862.9,6.2,310,NA
1988,1,28,3,NA,863.4,NA,300,NA
1988,1,28,6,-10.7,863.8,NA,298,NA
1988,1,28,9,NA,864,1.7,199,NA
1988,1,28,12,NA,864,2.5,250,NA
1988,1,28,15,-16,863.6,3.5,292,NA
1988,1,28,18,-18.9,863.1,7.4,285,NA
1988,1,28,21,-16.6,862.1,NA,286,NA
1988,1,29,0,-14.4,861.3,7.7,276,NA
1988,1,29,3,-12.7,859.9,9.4,271,NA
1988,1,29,6,-14.1,858.2,9.6,292,NA
1988,1,29,9,-16.2,856.3,10.6,292,NA
1988,1,29,12,-19,855,8.4,288,NA
1988,1,29,15,-18.9,854.7,9.9,328,NA
1988,1,29,18,-20.4,853.7,8.9,321,NA
1988,1,29,21,-18.5,852.6,9.6,340,NA
1988,1,30,0,-15.4,851.5,9.1,323,NA
1988,1,30,3,-13.6,850.4,7.4,323,NA
1988,1,30,6,-13.7,850.2,7.7,333,NA
1988,1,30,9,-15.5,850.6,6.7,312,NA
1988,1,30,12,NA,851,4.9,289,NA
1988,1,30,15,-17.9,850.9,4.4,296,NA
1988,1,30,18,-17.1,850.6,5.7,286,NA
1988,1,30,21,-15.1,850,7.2,319,NA
1988,1,31,0,-12.6,849,6.4,319,NA
1988,1,31,3,-12,848.2,2.7,247,NA
1988,1,31,6,-11.5,846.8,3,312,NA
1988,1,31,9,-14.1,845.4,6.4,310,NA
1988,1,31,12,NA,844.6,7.4,299,NA
1988,1,31,15,-18,844.7,8.4,341,NA
1988,1,31,18,-19.2,845.2,6.2,306,NA
1988,1,31,21,-15.6,846.9,NA,278,NA
1988,2,1,0,NA,848.3,NA,241,NA
1988,2,1,3,-12.4,849,2.5,229,NA
1988,2,1,6,-13.5,849.5,2.5,283,NA
1988,2,1,9,-16.4,850.1,5.4,310,NA
1988,2,1,12,NA,851.2,7.4,306,NA
1988,2,1,15,NA,852,6.7,285,NA
1988,2,1,18,-21.4,853.1,4.9,296,NA
1988,2,1,21,NA,854.1,3.5,290,NA
1988,2,2,0,NA,854.4,2,220,NA
1988,2,2,3,NA,854.4,2.5,208,NA
1988,2,2,6,-10.4,854.2,NA,NA,NA
1988,2,2,9,-13.2,854.3,3.7,309,NA
1988,2,2,12,-14.5,854.6,3.7,289,NA
1988,2,2,15,-15,854.9,7.7,321,NA
1988,2,2,18,-17.4,854.8,NA,319,NA
1988,2,2,21,NA,855.3,NA,310,NA
1988,2,3,0,NA,855.8,NA,254,NA
1988,2,3,3,-10.5,855.3,3,289,NA
1988,2,3,6,-11.6,854.7,3.2,290,NA
1988,2,3,9,-14.7,853.3,3.7,299,NA
1988,2,3,12,-13.4,852.5,6.7,316,NA
1988,2,3,15,-17.2,851.2,NA,300,NA
1988,2,3,18,-16.6,849.9,NA,319,NA
1988,2,3,21,-17.6,849,12.3,319,NA
1988,2,4,0,-16.2,848.3,12.6,320,NA
1988,2,4,3,-14.4,847.5,10.6,309,NA
1988,2,4,6,-13.9,847.4,NA,324,NA
1988,2,4,9,-16.6,847.6,7.9,319,NA
1988,2,4,12,NA,848.4,8.6,323,NA
1988,2,4,15,NA,849,9.4,320,NA
1988,2,4,18,-21.6,850.2,7.7,288,NA
1988,2,4,21,NA,851.5,NA,276,NA
1988,2,5,0,NA,852.3,4.2,285,NA
1988,2,5,3,NA,852.6,1.2,229,NA
1988,2,5,6,NA,852.7,1.7,238,NA
1988,2,5,9,-12.1,853.7,2.7,289,NA
1988,2,5,12,-13.6,854.2,2.7,323,NA
1988,2,5,15,-14.5,854.5,3.7,296,NA
1988,2,5,18,-17.4,854.6,6.7,298,NA
1988,2,5,21,-15.6,854.5,6.4,313,NA
1988,2,6,0,-14.9,853.7,10.1,317,NA
1988,2,6,3,-15.4,852.7,NA,296,NA
1988,2,6,6,-16.6,852.2,12.1,314,NA
1988,2,6,9,-19.5,851.3,9.1,324,NA
1988,2,6,12,-21.4,850.7,NA,313,NA
1988,2,6,15,-23.5,850,13.8,313,NA
1988,2,6,18,-24,850.5,11.6,320,NA
1988,2,6,21,-21.9,850.8,10.4,327,NA
1988,2,7,0,-19.5,850.2,9.9,326,NA
1988,2,7,3,-17.4,850.3,8.6,319,NA
1988,2,7,6,-17.4,850.8,9.6,321,NA
1988,2,7,9,-19,851.4,9.1,316,NA
1988,2,7,12,NA,851.6,10.1,327,NA
1988,2,7,15,NA,852.1,12.3,331,NA
1988,2,7,18,-22.5,853.2,11.6,324,NA
1988,2,7,21,NA,854.1,10.9,328,NA
1988,2,8,0,NA,854.1,8.9,309,NA
1988,2,8,3,NA,855,7.4,288,NA
1988,2,8,6,-13.7,855.9,8.2,271,NA
1988,2,8,9,-16.5,855.6,6.2,310,NA
1988,2,8,12,NA,854.1,10.1,298,NA
1988,2,8,15,NA,852.2,NA,302,NA
1988,2,8,18,-23.2,851.6,11.1,328,NA
1988,2,8,21,-20.6,851.1,10.1,313,NA
1988,2,9,0,NA,850.6,NA,293,NA
1988,2,9,3,NA,850.6,NA,330,NA
1988,2,9,6,-16,849.8,6.9,283,NA
1988,2,9,9,-18.5,849.4,8.2,323,NA
1988,2,9,12,NA,849.4,7.7,326,NA
1988,2,9,15,NA,848.8,11.4,327,NA
1988,2,9,18,-23.6,848.6,10.4,321,NA
1988,2,9,21,-21.9,847.3,12.1,306,NA
1988,2,10,0,-19.5,846.9,10.1,314,NA
1988,2,10,3,-17.7,846.2,9.4,320,NA
1988,2,10,6,-17.7,845.6,10.1,330,NA
1988,2,10,9,-19.1,845.5,9.1,327,NA
1988,2,10,12,NA,845.7,9.1,317,NA
1988,2,10,15,-24,846.4,9.9,330,NA
1988,2,10,18,-21.6,846.5,10.9,310,NA
1988,2,10,21,-19.1,847.5,8.4,316,NA
1988,2,11,0,NA,848.5,9.4,298,NA
1988,2,11,3,-15.5,849,11.4,314,NA
1988,2,11,6,-16.7,850.1,10.4,289,NA
1988,2,11,9,-20.2,851.5,10.6,328,NA
1988,2,11,12,NA,851.6,12.6,331,NA
1988,2,11,15,-23.6,852.5,10.9,306,NA
1988,2,11,18,-23.9,853,10.4,319,NA
1988,2,11,21,-24.4,852.2,14.6,290,NA
1988,2,12,0,-21.6,852.2,10.6,299,NA
1988,2,12,3,NA,852.2,NA,286,NA
1988,2,12,6,-16.9,851.9,NA,298,NA
1988,2,12,9,-19,851.7,9.1,316,NA
1988,2,12,12,-19.2,851.4,10.1,288,NA
1988,2,12,15,NA,851.4,10.4,310,NA
1988,2,12,18,NA,851.3,10.4,316,NA
1988,2,12,21,-25.2,850.9,12.3,316,NA
1988,2,13,0,-22.9,849.6,13.3,307,NA
1988,2,13,3,-21,849.3,11.6,314,NA
1988,2,13,6,-20.9,848.4,12.3,312,NA
1988,2,13,9,-22.2,848,12.3,313,NA
1988,2,13,12,-24.4,847,14.1,310,NA
1988,2,13,15,NA,846.7,14.3,314,NA
1988,2,13,18,-28.9,846.1,13.6,330,NA
1988,2,13,21,-27.6,845.9,12.6,323,NA
1988,2,14,0,NA,845.5,10.9,326,NA
1988,2,14,3,NA,845.3,11.6,338,NA
1988,2,14,6,-21.4,845.2,10.6,341,NA
1988,2,14,9,-22,844.8,11.6,334,NA
1988,2,14,12,NA,844.9,14.1,326,NA
1988,2,14,15,-25.5,844.7,13.1,326,NA
1988,2,14,18,-25.6,845,11.6,320,NA
1988,2,14,21,-23.9,845.9,10.9,317,NA
1988,2,15,0,NA,846.3,8.6,312,NA
1988,2,15,3,NA,846.7,6.2,335,NA
1988,2,15,6,-19.1,847.1,3.7,327,NA
1988,2,15,9,-22.5,848,4.2,334,NA
1988,2,15,12,NA,849,7.4,289,NA
1988,2,15,15,-26.2,849.8,8.4,303,NA
1988,2,15,18,-26.2,850.4,10.1,293,NA
1988,2,15,21,-25.2,851.4,11.1,302,NA
1988,2,16,0,-22.9,852.4,12.1,317,NA
1988,2,16,3,NA,852.4,10.9,306,NA
1988,2,16,6,-19.9,851.4,8.2,272,NA
1988,2,16,9,-20,850,NA,272,NA
1988,2,16,12,-21.6,850.9,5.9,265,NA
1988,2,16,15,-21.2,850.2,6.2,282,NA
1988,2,16,18,-21.9,849.7,8.2,279,NA
1988,2,16,21,-21,849.4,5.2,282,NA
1988,2,17,0,-18.5,848.6,9.4,272,NA
1988,2,17,3,NA,848.2,NA,251,NA
1988,2,17,6,-16.7,848.8,5.4,8,NA
1988,2,17,9,-15.4,852,4.9,172,NA
1988,2,17,12,-15.4,854.1,4.2,217,NA
1988,2,17,15,-16.9,855.2,7.2,265,NA
1988,2,17,18,NA,856.2,NA,310,NA
1988,2,17,21,NA,856,NA,282,NA
1988,2,18,0,-24.5,856.8,NA,298,NA
1988,2,18,3,-23.6,857.1,14.1,307,NA
1988,2,18,6,-22.9,857.9,14.8,310,NA
1988,2,18,9,-24.5,858.7,14.3,307,NA
1988,2,18,12,-27,859.5,12.3,317,NA
1988,2,18,15,-28.6,860.1,12.8,326,NA
1988,2,18,18,-28.7,859.9,15.6,314,NA
1988,2,18,21,-26.7,859.2,12.3,320,NA
1988,2,19,0,-24.2,858.1,15.1,307,NA
1988,2,19,3,-22.5,857.3,12.3,296,NA
1988,2,19,6,-22.2,857,14.1,306,NA
1988,2,19,9,-24,856.6,15.8,295,NA
1988,2,19,12,-26.1,856.7,15.8,289,NA
1988,2,19,15,-28.1,857.6,NA,326,NA
1988,2,19,18,-29.2,858.2,12.3,330,NA
1988,2,19,21,-28.2,857,NA,299,NA
1988,2,20,0,-27.2,856.8,16.8,299,NA
1988,2,20,3,-26.2,856.7,NA,290,NA
1988,2,20,6,-26.2,858.1,NA,317,NA
1988,2,20,9,-27.9,858.6,11.9,330,NA
1988,2,20,12,-29.4,859.2,12.3,333,NA
1988,2,20,15,-30.2,859.5,12.8,320,NA
1988,2,20,18,-31.6,859.7,15.6,314,NA
1988,2,20,21,-31.4,858.7,16.8,313,NA
1988,2,21,0,-29.1,858.5,12.8,299,NA
1988,2,21,3,-27.1,858.1,16.1,289,NA
1988,2,21,6,-26.6,858.3,11.9,299,NA
1988,2,21,9,-28.1,858.5,11.6,314,NA
1988,2,21,12,-30.6,858.2,12.8,290,NA
1988,2,21,15,-32,857.8,8.6,290,NA
1988,2,21,18,-29,857.6,NA,275,NA
1988,2,21,21,NA,858.3,5.4,326,NA
1988,2,22,0,NA,859.5,4,296,NA
1988,2,22,3,NA,860.3,NA,0,NA
1988,2,22,6,NA,861.2,0.7,300,NA
1988,2,22,9,-21.6,862.7,2,300,NA
1988,2,22,12,NA,863.8,NA,285,NA
1988,2,22,15,NA,863.8,NA,286,NA
1988,2,22,18,NA,865.1,12.1,314,NA
1988,2,22,21,-31.5,865.2,14.3,316,NA
1988,2,23,0,-29.2,864.6,NA,302,NA
1988,2,23,3,-26.6,864.5,14.3,310,NA
1988,2,23,6,-25.9,863.8,13.8,302,NA
1988,2,23,9,-27,863.7,12.8,303,NA
1988,2,23,12,-29.2,863.3,12.6,302,NA
1988,2,23,15,-29.9,861.9,12.1,303,NA
1988,2,23,18,-30.4,861.6,14.3,316,NA
1988,2,23,21,-29.1,859.7,16.8,298,NA
1988,2,24,0,-26.9,859.5,15.8,295,NA
1988,2,24,3,-25.5,859.1,12.3,309,NA
1988,2,24,6,-25,859.1,11.9,330,NA
1988,2,24,9,-25.5,858.9,11.6,292,NA
1988,2,24,12,-26.1,859.4,11.4,303,NA
1988,2,24,15,-28.5,859.7,10.1,298,NA
1988,2,24,18,-28.1,860.2,8.6,300,NA
1988,2,24,21,-27,860.6,9.1,300,NA
1988,2,25,0,-23.5,861.4,5.4,288,NA
1988,2,25,3,NA,861.2,4.7,288,NA
1988,2,25,6,-21.4,861.3,3.2,306,NA
1988,2,25,9,-23.7,860.8,6.9,298,NA
1988,2,25,12,-24,860.5,8.2,298,NA
1988,2,25,15,-23.1,860.2,9.6,312,NA
1988,2,25,18,-24.4,859.2,12.6,282,NA
1988,2,25,21,-24.5,859.3,12.6,281,NA
1988,2,26,0,-22.9,858.9,13.3,285,NA
1988,2,26,3,-20.1,858.9,9.1,283,NA
1988,2,26,6,-19.2,858.2,NA,296,NA
1988,2,26,9,-20.2,858,5.4,303,NA
1988,2,26,12,-21,857.5,7.9,293,NA
1988,2,26,15,-20.9,856.9,7.9,300,NA
1988,2,26,18,-21,856.9,7.2,293,NA
1988,2,26,21,-18.8,857.8,5.9,282,NA
1988,2,27,0,-17.4,857.8,6.9,290,NA
1988,2,27,3,-16.6,858.6,5.4,323,NA
1988,2,27,6,-16.6,858.8,4.4,310,NA
1988,2,27,9,-17.9,858.7,7.4,307,NA
1988,2,27,12,-20.2,858.7,8.2,298,NA
1988,2,27,15,NA,NA,NA,NA,NA
1988,2,27,18,-24,859,9.6,320,NA
1988,2,27,21,-22.1,858.8,9.4,324,NA
1988,2,28,0,-20.2,858.4,7.4,305,NA
1988,2,28,3,-19.6,856.9,10.1,296,NA
1988,2,28,6,-20.2,856.5,8.6,320,NA
1988,2,28,9,-21.9,856.4,8.2,321,NA
1988,2,28,12,-23.2,855.9,9.1,326,NA
1988,2,28,15,-25.9,853.4,12.6,302,NA
1988,2,28,18,-27.5,852.7,11.9,305,NA
1988,2,28,21,-27,851.2,14.3,306,NA
1988,2,29,0,-25.6,851.1,14.1,300,NA
1988,2,29,3,-25.2,849.7,13.3,288,NA
1988,2,29,6,-25.6,848.7,15.1,312,NA
1988,2,29,9,-27.6,850.5,15.1,338,NA
1988,2,29,12,NA,848.6,15.6,324,NA
1988,2,29,15,-31.7,848.4,NA,337,NA
1988,2,29,18,-32.6,847,13.6,331,NA
1988,2,29,21,-30.7,846.8,14.6,320,NA
1988,3,1,0,-29,847.3,12.1,316,NA
1988,3,1,3,-27.5,846.7,9.9,328,NA
1988,3,1,6,-27.5,846.8,11.1,334,NA
1988,3,1,9,-29.7,846.5,13.3,331,NA
1988,3,1,12,-30.6,847,NA,306,NA
1988,3,1,15,NA,847.1,11.6,331,NA
1988,3,1,18,NA,847.1,12.1,323,NA
1988,3,1,21,-35.1,847.3,14.3,321,NA
1988,3,2,0,-32.4,847.6,14.1,327,NA
1988,3,2,3,-30.4,847.7,10.1,330,NA
1988,3,2,6,-30.6,847.3,11.1,324,NA
1988,3,2,9,-32.1,847.7,11.9,331,NA
1988,3,2,12,-33.7,847.3,14.6,320,NA
1988,3,2,15,-34.5,847,14.3,309,NA
1988,3,2,18,-35.4,847.4,NA,326,NA
1988,3,2,21,-34.7,845.8,NA,299,NA
1988,3,3,0,-32.4,845.6,NA,292,NA
1988,3,3,3,-30.7,845.2,NA,298,NA
1988,3,3,6,-31.1,844.3,13.8,298,NA
1988,3,3,9,-32.6,844.8,10.6,305,NA
1988,3,3,12,-34.4,845.5,14.8,327,NA
1988,3,3,15,-36.7,844.9,NA,316,NA
1988,3,3,18,-38,844.8,15.1,309,NA
1988,3,3,21,-36.9,845,16.1,302,NA
1988,3,4,0,-35.4,845.8,12.1,290,NA
1988,3,4,3,-33.2,846.2,11.9,306,NA
1988,3,4,6,-32.4,846.4,10.9,303,NA
1988,3,4,9,-33.1,847.1,9.9,296,NA
1988,3,4,12,-34,847.8,7.7,292,NA
1988,3,4,15,-32.7,848.5,8.4,290,NA
1988,3,4,18,-32.2,849.4,7.7,286,NA
1988,3,4,21,-29.9,850.7,5.2,285,NA
1988,3,5,0,-29.2,851.4,9.9,285,NA
1988,3,5,3,-28.7,851.6,7.4,285,NA
1988,3,5,6,-29.2,851.3,7.9,289,NA
1988,3,5,9,-31.6,851,8.2,289,NA
1988,3,5,12,-33.4,851.1,9.4,285,NA
1988,3,5,15,-34.7,850.6,10.4,288,NA
1988,3,5,18,-35.6,850.3,13.1,289,NA
1988,3,5,21,-36.2,850.6,NA,286,NA
1988,3,6,0,-34.5,850.7,13.1,292,NA
1988,3,6,3,-33.1,850.4,13.6,293,NA
1988,3,6,6,-33.1,850.4,9.6,293,NA
1988,3,6,9,-35,850.5,9.1,309,NA
1988,3,6,12,-36.1,849.4,12.8,295,NA
1988,3,6,15,-37.7,849.3,12.3,309,NA
1988,3,6,18,-37.7,848.9,13.1,302,NA
1988,3,6,21,-36.2,847.1,NA,293,NA
1988,3,7,0,-34.6,846.8,15.6,309,NA
1988,3,7,3,-33.1,845.3,17.3,290,NA
1988,3,7,6,-32.6,844.5,17.5,302,NA
1988,3,7,9,-33.5,846.1,13.6,341,NA
1988,3,7,12,-35.6,844.4,NA,305,NA
1988,3,7,15,-36.4,844.9,NA,324,NA
1988,3,7,18,-36.6,845.1,16.1,309,NA
1988,3,7,21,-36.4,844.2,17.5,296,NA
1988,3,8,0,-35,847,15.1,317,NA
1988,3,8,3,-33.1,845.9,15.3,299,NA
1988,3,8,6,-33.2,847.5,11.4,319,NA
1988,3,8,9,-34.7,847.4,13.3,324,NA
1988,3,8,12,-36.1,848.5,14.3,298,NA
1988,3,8,15,-38.7,848.9,11.1,312,NA
1988,3,8,18,-39.7,849.2,14.3,299,NA
1988,3,8,21,-39.2,848.7,13.6,300,NA
1988,3,9,0,-37.4,849.4,10.9,303,NA
1988,3,9,3,-35.6,849.5,12.1,286,NA
1988,3,9,6,-34.5,850.4,8.4,292,NA
1988,3,9,9,-36.7,851.3,7.7,290,NA
1988,3,9,12,-38,851.6,9.9,282,NA
1988,3,9,15,-38.7,852,NA,293,NA
1988,3,9,18,-39.4,852.2,13.3,303,NA
1988,3,9,21,-37.9,852.8,13.8,321,NA
1988,3,10,0,NA,853.5,14.1,319,NA
1988,3,10,3,NA,853.4,13.3,296,NA
1988,3,10,6,-31.7,853.5,15.6,282,NA
1988,3,10,9,-33.4,853,16.3,289,NA
1988,3,10,12,-35,852.9,12.3,320,NA
1988,3,10,15,-35.6,850.9,NA,290,NA
1988,3,10,18,-35.6,850.1,16.8,300,NA
1988,3,10,21,-37.6,849.4,16.5,288,NA
1988,3,11,0,NA,NA,NA,NA,NA
1988,3,11,3,NA,NA,NA,NA,NA
1988,3,11,6,-32.7,847,14.1,282,NA
1988,3,11,9,-34.1,847.4,19,285,NA
1988,3,11,12,-36.1,847.9,18.5,289,NA
1988,3,11,15,-36.4,847.6,17.8,285,NA
1988,3,11,18,-35.4,848.5,17.5,285,NA
1988,3,11,21,-34,848.7,13.8,290,NA
1988,3,12,0,-30.7,851.4,16.5,317,NA
1988,3,12,3,NA,849.8,15.1,295,NA
1988,3,12,6,-31,849.9,13.3,292,NA
1988,3,12,9,-32.9,851.1,11.9,295,NA
1988,3,12,12,-33,852.8,12.6,288,NA
1988,3,12,15,-32.6,854.5,13.1,299,NA
1988,3,12,18,-32.1,855.9,11.6,298,NA
1988,3,12,21,-31.5,856.1,13.8,290,NA
1988,3,13,0,-27.9,857.7,13.3,295,NA
1988,3,13,3,NA,859.2,11.1,327,NA
1988,3,13,6,-26.2,859.6,9.1,337,NA
1988,3,13,9,-27.1,859.5,10.1,319,NA
1988,3,13,12,-27.4,858,10.6,307,NA
1988,3,13,15,-28,855.7,12.8,305,NA
1988,3,13,18,-27.1,854.5,11.9,309,NA
1988,3,13,21,-25.6,852.8,11.6,300,NA
1988,3,14,0,-25.6,851.2,12.8,285,NA
1988,3,14,3,-23.9,849.8,9.4,292,NA
1988,3,14,6,-23.1,850.4,9.1,314,NA
1988,3,14,9,-26.1,850.8,6.4,330,NA
1988,3,14,12,NA,853,7.2,338,NA
1988,3,14,15,-29.2,853,NA,326,NA
1988,3,14,18,-30.2,853.4,NA,298,NA
1988,3,14,21,-30.4,855.5,12.1,309,NA
1988,3,15,0,-29.1,857.2,14.6,303,NA
1988,3,15,3,-28,857.3,12.1,286,NA
1988,3,15,6,-28,857.5,13.1,295,NA
1988,3,15,9,-29.7,858,11.9,310,NA
1988,3,15,12,-30.7,858.7,8.9,321,NA
1988,3,15,15,NA,856.9,NA,289,NA
1988,3,15,18,NA,856.9,NA,309,NA
1988,3,15,21,-38.1,858.6,NA,327,NA
1988,3,16,0,-37.4,856.8,14.1,309,NA
1988,3,16,3,-35.5,856.2,10.9,328,NA
1988,3,16,6,-34.5,855.5,10.6,316,NA
1988,3,16,9,-35.7,856.4,12.6,320,NA
1988,3,16,12,-37.5,856.2,13.1,316,NA
1988,3,16,15,-38.6,855.9,13.1,314,NA
1988,3,16,18,-39.4,855.5,11.6,313,NA
1988,3,16,21,-39.5,855.4,11.6,310,NA
1988,3,17,0,-37.7,855.2,13.3,317,NA
1988,3,17,3,-35.5,855.1,8.4,333,NA
1988,3,17,6,-36.1,853.5,8.9,330,NA
1988,3,17,9,-36.7,851.2,12.3,316,NA
1988,3,17,12,-37.7,850.5,NA,333,NA
1988,3,17,15,-38.1,849,13.3,319,NA
1988,3,17,18,-39.4,846.8,13.6,317,NA
1988,3,17,21,-39.1,844.1,15.1,312,NA
1988,3,18,0,-37,843.1,17,319,NA
1988,3,18,3,-36.4,843,NA,319,NA
1988,3,18,6,-36.1,841.6,NA,321,NA
1988,3,18,9,-37.7,841.9,11.6,323,NA
1988,3,18,12,-39.4,842,NA,312,NA
1988,3,18,15,-39.7,843.6,NA,309,NA
1988,3,18,18,-40.6,846.4,NA,328,NA
1988,3,18,21,-38.5,848.6,8.4,289,NA
1988,3,19,0,NA,850.7,6.2,314,NA
1988,3,19,3,NA,852.9,7.4,321,NA
1988,3,19,6,-30.7,853.9,4.7,292,NA
1988,3,19,9,-32.1,855.5,6.9,292,NA
1988,3,19,12,-35.1,855.7,6.4,292,NA
1988,3,19,15,-35.5,854,NA,298,NA
1988,3,19,18,-35.9,853.7,NA,319,NA
1988,3,19,21,-33.5,852.4,NA,326,NA
1988,3,20,0,-31.1,851.2,16.1,299,NA
1988,3,20,3,-31,849.5,NA,310,NA
1988,3,20,6,-31.6,849.3,12.8,340,NA
1988,3,20,9,-33.7,847.5,13.1,324,NA
1988,3,20,12,-34.6,844.5,12.6,320,NA
1988,3,20,15,-35.6,844,15.3,316,NA
1988,3,20,18,-36.1,843.9,12.1,312,NA
1988,3,20,21,-36.4,844.2,11.6,307,NA
1988,3,21,0,-35.1,845.3,12.3,300,NA
1988,3,21,3,-33.5,847.2,13.8,299,NA
1988,3,21,6,-33.9,848.2,11.6,305,NA
1988,3,21,9,-34.1,849.2,11.1,317,NA
1988,3,21,12,-34.1,849.9,8.4,331,NA
1988,3,21,15,-32.6,849.2,NA,313,NA
1988,3,21,18,-31,849.9,10.6,317,NA
1988,3,21,21,-31.9,850.4,13.8,316,NA
1988,3,22,0,-29.6,851.3,10.1,298,NA
1988,3,22,3,NA,851.5,NA,309,NA
1988,3,22,6,NA,850.1,8.9,319,NA
1988,3,22,9,-22.1,851.5,NA,NA,NA
1988,3,22,12,-22.5,853.5,NA,NA,NA
1988,3,22,15,-25.5,854.6,NA,NA,NA
1988,3,22,18,NA,854.9,NA,NA,NA
1988,3,22,21,-26.9,854.8,NA,NA,NA
1988,3,23,0,-27.4,854.3,NA,NA,NA
1988,3,23,3,-26.1,854.2,NA,NA,NA
1988,3,23,6,-27.2,853.3,NA,NA,NA
1988,3,23,9,-28.7,852.7,NA,NA,NA
1988,3,23,12,-29.6,852.3,NA,NA,NA
1988,3,23,15,-29.6,852.1,NA,NA,NA
1988,3,23,18,-30.5,852.1,NA,NA,NA
1988,3,23,21,-31.6,852.4,NA,NA,NA
1988,3,24,0,-30.7,852.7,NA,NA,NA
1988,3,24,3,-28.5,853.1,NA,NA,NA
1988,3,24,6,-28.2,852.7,NA,NA,NA
1988,3,24,9,-30.2,852.2,NA,NA,NA
1988,3,24,12,-30.4,852.3,NA,NA,NA
1988,3,24,15,-30.4,852.4,NA,NA,NA
1988,3,24,18,-30.9,853.8,NA,NA,NA
1988,3,24,21,-30.9,856.2,NA,NA,NA
1988,3,25,0,-28.7,856.7,NA,NA,NA
1988,3,25,3,-26,857.3,NA,NA,NA
1988,3,25,6,-25.9,857.8,NA,NA,NA
1988,3,25,9,-26.6,858.2,NA,NA,NA
1988,3,25,12,-27.4,858.2,NA,NA,NA
1988,3,25,15,-28.7,857.8,NA,NA,NA
1988,3,25,18,-28.5,858.6,NA,NA,NA
1988,3,25,21,-28.5,859.4,NA,NA,NA
1988,3,26,0,-27.4,859.7,NA,NA,NA
1988,3,26,3,-24.9,860.1,NA,NA,NA
1988,3,26,6,NA,860.4,NA,NA,NA
1988,3,26,9,-25.9,861.2,NA,NA,NA
1988,3,26,12,-25.7,861.8,NA,NA,NA
1988,3,26,15,-28,862,NA,NA,NA
1988,3,26,18,-28.6,862.2,NA,NA,NA
1988,3,26,21,-28.4,862.6,NA,NA,NA
1988,3,27,0,-28.5,862.7,NA,NA,NA
1988,3,27,3,-27.6,862.9,NA,NA,NA
1988,3,27,6,-28.9,862.9,NA,NA,NA
1988,3,27,9,-30.2,863,NA,NA,NA
1988,3,27,12,-30.6,863,NA,NA,NA
1988,3,27,15,-30.7,862.8,NA,NA,NA
1988,3,27,18,-31.4,862.9,NA,NA,NA
1988,3,27,21,-33.2,863.9,NA,NA,NA
1988,3,28,0,-34,864.5,NA,NA,NA
1988,3,28,3,-34,864.3,NA,NA,NA
1988,3,28,6,-34.1,864.6,NA,NA,NA
1988,3,28,9,-33.5,864.9,NA,NA,NA
1988,3,28,12,-35.1,864.5,NA,NA,NA
1988,3,28,15,-35.1,863.2,NA,NA,NA
1988,3,28,18,-37.6,861.7,NA,NA,NA
1988,3,28,21,-36.4,859.8,NA,NA,NA
1988,3,29,0,-34.6,860,NA,NA,NA
1988,3,29,3,-33.7,859.2,NA,NA,NA
1988,3,29,6,-35,859.6,NA,NA,NA
1988,3,29,9,-35,860.2,NA,NA,NA
1988,3,29,12,-34,860.5,NA,NA,NA
1988,3,29,15,-33.5,860.9,NA,NA,NA
1988,3,29,18,-31.5,860.8,NA,NA,NA
1988,3,29,21,-29.1,860.9,NA,NA,NA
1988,3,30,0,-28.6,860.6,NA,NA,NA
1988,3,30,3,-25.5,860,NA,NA,NA
1988,3,30,6,-25.5,859.6,NA,NA,NA
1988,3,30,9,-25.2,859.1,NA,NA,NA
1988,3,30,12,-28.9,858.6,NA,NA,NA
1988,3,30,15,NA,857.4,NA,NA,NA
1988,3,30,18,-33,856.2,NA,NA,NA
1988,3,30,21,-34.1,855.5,NA,NA,NA
1988,3,31,0,-32.7,854.4,NA,NA,NA
1988,3,31,3,-31.6,852.5,NA,NA,NA
1988,3,31,6,-31.6,850.3,NA,NA,NA
1988,3,31,9,-32.2,849.6,NA,NA,NA
1988,3,31,12,-32.7,847.8,NA,NA,NA
1988,3,31,15,-33.5,845.9,NA,NA,NA
1988,3,31,18,-32.4,845,NA,NA,NA
1988,3,31,21,-31.1,844.5,NA,NA,NA
1988,4,1,0,-29,844.9,NA,NA,NA
1988,4,1,3,-28,845.5,NA,NA,NA
1988,4,1,6,-28.5,847.1,NA,NA,NA
1988,4,1,9,-29.3,849,NA,NA,NA
1988,4,1,12,-25.3,850.6,NA,NA,NA
1988,4,1,15,-27.4,852.2,NA,NA,NA
1988,4,1,18,-26.1,854,NA,NA,NA
1988,4,1,21,-23.9,855.1,NA,NA,NA
1988,4,2,0,-22,856.4,NA,NA,NA
1988,4,2,3,-20.6,857.2,NA,NA,NA
1988,4,2,6,-20.8,857.6,NA,NA,NA
1988,4,2,9,-20.8,858.2,NA,NA,NA
1988,4,2,12,-20.4,858.6,NA,NA,NA
1988,4,2,15,-20.4,858.7,NA,NA,NA
1988,4,2,18,-21.3,858.7,NA,NA,NA
1988,4,2,21,-20.8,858.8,NA,NA,NA
1988,4,3,0,-20.8,858.6,NA,NA,NA
1988,4,3,3,-20.9,858,NA,NA,NA
1988,4,3,6,-21.3,857.7,NA,NA,NA
1988,4,3,9,-21.4,857.1,NA,NA,NA
1988,4,3,12,-21.6,856.6,NA,NA,NA
1988,4,3,15,-22,855.5,NA,NA,NA
1988,4,3,18,-22.5,854.6,NA,NA,NA
1988,4,3,21,-22.6,853.7,NA,NA,NA
1988,4,4,0,-23.1,852.7,NA,NA,NA
1988,4,4,3,-24.6,851.8,NA,NA,NA
1988,4,4,6,-25.8,851.4,NA,NA,NA
1988,4,4,9,-27.5,851.4,NA,NA,NA
1988,4,4,12,-28.8,851.2,NA,NA,NA
1988,4,4,15,-28.5,850.9,NA,NA,NA
1988,4,4,18,-29.4,850.7,NA,NA,NA
1988,4,4,21,-31,850.7,NA,NA,NA
1988,4,5,0,-30.6,850.8,NA,NA,NA
1988,4,5,3,-30.6,850.6,NA,NA,NA
1988,4,5,6,-32,850.2,NA,NA,NA
1988,4,5,9,-33.1,850,NA,NA,NA
1988,4,5,12,-34.3,850.1,NA,NA,NA
1988,4,5,15,-35,850.8,NA,NA,NA
1988,4,5,18,-35.3,850.2,NA,NA,NA
1988,4,5,21,-35.3,851.1,NA,NA,NA
1988,4,6,0,-33.9,852.5,NA,NA,NA
1988,4,6,3,-32.6,853.2,NA,NA,NA
1988,4,6,6,-32,854.3,NA,NA,NA
1988,4,6,9,-32.8,855,NA,NA,NA
1988,4,6,12,-32.9,855.9,NA,NA,NA
1988,4,6,15,-32.8,857.1,NA,NA,NA
1988,4,6,18,-32,858.1,NA,NA,NA
1988,4,6,21,-31.6,858.6,NA,NA,NA
1988,4,7,0,-32,859.3,NA,NA,NA
1988,4,7,3,-31,859.8,NA,NA,NA
1988,4,7,6,-31.4,858.3,NA,NA,NA
1988,4,7,9,-32,858.8,NA,NA,NA
1988,4,7,12,-31.8,858.5,NA,NA,NA
1988,4,7,15,-32.4,857.9,NA,NA,NA
1988,4,7,18,-32.6,857.4,NA,NA,NA
1988,4,7,21,-32.4,856.6,NA,NA,NA
1988,4,8,0,-32.6,855.5,NA,NA,NA
1988,4,8,3,-31.6,854.7,NA,NA,NA
1988,4,8,6,-30.4,853.7,NA,NA,NA
1988,4,8,9,-29.9,851.9,NA,NA,NA
1988,4,8,12,-30.8,851,NA,NA,NA
1988,4,8,15,-32,850.7,NA,NA,NA
1988,4,8,18,-32.9,849.7,NA,NA,NA
1988,4,8,21,-36.1,848.5,NA,NA,NA
1988,4,9,0,-33.5,847.7,NA,NA,NA
1988,4,9,3,-33.3,846.9,NA,NA,NA
1988,4,9,6,-35.6,845,NA,NA,NA
1988,4,9,9,-35.3,842.8,NA,NA,NA
1988,4,9,12,-32.3,840.1,NA,NA,NA
1988,4,9,15,NA,839.1,NA,NA,NA
1988,4,9,18,-31.4,838.7,NA,NA,NA
1988,4,9,21,-34.1,839.3,NA,NA,NA
1988,4,10,0,-35.6,839.9,NA,NA,NA
1988,4,10,3,-34.4,840.8,NA,NA,NA
1988,4,10,6,-34.6,842.5,NA,NA,NA
1988,4,10,9,-34.5,844.6,NA,NA,NA
1988,4,10,12,-33.6,847.2,NA,NA,NA
1988,4,10,15,-34,848.9,NA,NA,NA
1988,4,10,18,-31.8,850.8,NA,NA,NA
1988,4,10,21,-30.8,852.6,NA,NA,NA
1988,4,11,0,-30.3,854.2,NA,NA,NA
1988,4,11,3,-32.6,855.6,NA,NA,NA
1988,4,11,6,-33.9,856.7,NA,NA,NA
1988,4,11,9,-35.1,856.9,NA,NA,NA
1988,4,11,12,-34.5,857.2,NA,NA,NA
1988,4,11,15,-32.3,856.2,NA,NA,NA
1988,4,11,18,-33.4,856.7,NA,NA,NA
1988,4,11,21,-31.1,856.1,NA,NA,NA
1988,4,12,0,-31,857.5,NA,NA,NA
1988,4,12,3,-33.8,857.2,NA,NA,NA
1988,4,12,6,NA,857.2,NA,NA,NA
1988,4,12,9,-37.6,854.6,NA,NA,NA
1988,4,12,12,-37.4,853.8,18.3,299,NA
1988,4,12,15,-36.8,854.6,NA,319,NA
1988,4,12,18,-38.3,853.3,13.6,305,NA
1988,4,12,21,-40.6,852.3,14.8,299,NA
1988,4,13,0,-40.9,850.3,17.3,302,NA
1988,4,13,3,-41.4,849.3,NA,319,NA
1988,4,13,6,-42.9,846.9,21.5,321,NA
1988,4,13,9,-42.4,844.4,18.3,312,NA
1988,4,13,12,-40.9,840.6,NA,316,NA
1988,4,13,15,-41.4,838.5,NA,314,NA
1988,4,13,18,-41.6,838.1,NA,326,NA
1988,4,13,21,-41.9,834.9,NA,319,NA
1988,4,14,0,-42.1,836.9,19.3,345,NA
1988,4,14,3,-42.4,834.9,NA,333,NA
1988,4,14,6,-43.6,834.8,NA,328,NA
1988,4,14,9,-44.9,836.3,NA,NA,NA
1988,4,14,12,-45.4,837.8,NA,NA,NA
1988,4,14,15,-45.3,839.3,NA,NA,NA
1988,4,14,18,-44.9,841.4,NA,NA,NA
1988,4,14,21,-44,842.8,NA,NA,NA
1988,4,15,0,-44,843.9,NA,NA,NA
1988,4,15,3,-41.5,844.2,NA,NA,NA
1988,4,15,6,-39.4,843.6,NA,NA,NA
1988,4,15,9,-38.4,842.7,NA,NA,NA
1988,4,15,12,-35.3,841.8,NA,NA,NA
1988,4,15,15,-35.8,840.9,NA,NA,NA
1988,4,15,18,-35.1,840.9,NA,NA,NA
1988,4,15,21,-34,841,NA,NA,NA
1988,4,16,0,-32.6,841.6,NA,NA,NA
1988,4,16,3,NA,NA,NA,NA,NA
1988,4,16,6,NA,NA,NA,NA,NA
1988,4,16,9,NA,NA,NA,NA,NA
1988,4,16,12,NA,NA,NA,NA,NA
1988,4,16,15,NA,NA,NA,NA,NA
1988,4,16,18,NA,NA,NA,NA,NA
1988,4,16,21,NA,NA,NA,NA,NA
1988,4,17,0,-27,844.9,NA,NA,NA
1988,4,17,3,-26.8,845.4,NA,NA,NA
1988,4,17,6,-27.4,845.6,NA,NA,NA
1988,4,17,9,-28.6,845.4,NA,NA,NA
1988,4,17,12,-29.5,845.6,NA,NA,NA
1988,4,17,15,-28.1,845.3,NA,NA,NA
1988,4,17,18,-28.3,845.1,NA,NA,NA
1988,4,17,21,-30.8,844.7,NA,NA,NA
1988,4,18,0,-31.9,844.7,NA,NA,NA
1988,4,18,3,-32.8,844.2,NA,NA,NA
1988,4,18,6,-32.9,844.3,NA,NA,NA
1988,4,18,9,-33.9,845,NA,NA,NA
1988,4,18,12,-34,844.7,NA,NA,NA
1988,4,18,15,-34.5,844.8,NA,NA,NA
1988,4,18,18,-36.4,845,NA,NA,NA
1988,4,18,21,-38.1,845.2,NA,NA,NA
1988,4,19,0,-39.5,846.2,NA,NA,NA
1988,4,19,3,-41,845.7,NA,NA,NA
1988,4,19,6,-41.1,847.1,NA,NA,NA
1988,4,19,9,-40.8,848.8,NA,NA,NA
1988,4,19,12,-40.3,850.1,NA,NA,NA
1988,4,19,15,-38.6,851.8,NA,NA,NA
1988,4,19,18,NA,854.3,NA,NA,NA
1988,4,19,21,-33.8,856.6,NA,NA,NA
1988,4,20,0,-35.9,857.3,NA,NA,NA
1988,4,20,3,-38.1,859.1,NA,NA,NA
1988,4,20,6,-40,858,NA,NA,NA
1988,4,20,9,-39.3,858.3,NA,NA,NA
1988,4,20,12,-38,858.3,NA,NA,NA
1988,4,20,15,-37.4,858.2,NA,NA,NA
1988,4,20,18,-36.5,858.9,NA,NA,NA
1988,4,20,21,-37.1,859.1,NA,NA,NA
1988,4,21,0,-36.4,859.3,NA,NA,NA
1988,4,21,3,-35.3,860.6,NA,NA,NA
1988,4,21,6,-35.4,862.1,NA,NA,NA
1988,4,21,9,-35.6,863.6,17.3,321,NA
1988,4,21,12,-33.9,864.8,NA,321,NA
1988,4,21,15,-32.4,865.7,14.3,340,NA
1988,4,21,18,-30.9,866.2,14.3,334,NA
1988,4,21,21,-28.6,866.1,14.6,324,NA
1988,4,22,0,-26.3,865.9,14.3,2,NA
1988,4,22,3,NA,864.6,NA,0,NA
1988,4,22,6,-25.6,864.1,NA,340,NA
1988,4,22,9,-24.9,861.7,NA,320,NA
1988,4,22,12,-24.4,860,NA,317,NA
1988,4,22,15,-25.8,858.3,10.9,317,NA
1988,4,22,18,-29,858,7.4,328,NA
1988,4,22,21,NA,857.5,9.4,326,NA
1988,4,23,0,-33.9,856.1,5.9,323,NA
1988,4,23,3,-35.6,855.8,5.7,323,NA
1988,4,23,6,-35.8,854.1,10.6,314,NA
1988,4,23,9,-36.1,853.3,10.6,321,NA
1988,4,23,12,-33.5,852.3,10.9,312,NA
1988,4,23,15,-33.9,851.7,12.3,319,NA
1988,4,23,18,-34.6,852.3,NA,320,NA
1988,4,23,21,-35.3,852.7,NA,0,NA
1988,4,24,0,-35.4,853.7,NA,338,NA
1988,4,24,3,-35.1,852.5,NA,0,NA
1988,4,24,6,-35,851,NA,320,NA
1988,4,24,9,-34.4,849.5,NA,317,NA
1988,4,24,12,-32.8,848.5,14.8,316,NA
1988,4,24,15,-31.6,850,14.8,327,NA
1988,4,24,18,-32.9,849.4,13.6,326,NA
1988,4,24,21,-33,850.1,11.6,327,NA
1988,4,25,0,-33.5,851.8,10.4,326,NA
1988,4,25,3,-35.3,854,10.6,331,NA
1988,4,25,6,-32.9,856.2,12.8,326,NA
1988,4,25,9,-33.5,857.8,13.3,327,NA
1988,4,25,12,-30.6,860.6,11.4,343,NA
1988,4,25,15,-30.5,858.7,NA,288,NA
1988,4,25,18,-31.6,859.4,NA,0,NA
1988,4,25,21,-30.9,858,NA,298,NA
1988,4,26,0,-31,857.9,NA,302,NA
1988,4,26,3,-30.9,856.5,NA,307,NA
1988,4,26,6,-30.5,854.5,15.3,293,NA
1988,4,26,9,-28,851.7,12.8,305,NA
1988,4,26,12,-26.3,849.7,NA,NA,NA
1988,4,26,15,-24.9,848.6,NA,NA,NA
1988,4,26,18,-23.3,846.7,NA,NA,NA
1988,4,26,21,-22.6,847.1,NA,NA,NA
1988,4,27,0,-22.9,847.8,NA,NA,NA
1988,4,27,3,-23.1,849,NA,NA,NA
1988,4,27,6,-22.5,850.1,NA,NA,NA
1988,4,27,9,-22,851.8,NA,NA,NA
1988,4,27,12,-21.4,853.6,NA,NA,NA
1988,4,27,15,-22.6,854.9,NA,NA,NA
1988,4,27,18,-22.1,855.6,NA,NA,NA
1988,4,27,21,-26.8,856.1,NA,NA,NA
1988,4,28,0,NA,855.4,NA,NA,NA
1988,4,28,3,-29.9,854.4,NA,NA,NA
1988,4,28,6,-29.6,852.9,NA,NA,NA
1988,4,28,9,-28.8,851.2,NA,NA,NA
1988,4,28,12,-27,849.5,NA,NA,NA
1988,4,28,15,-28.3,846.8,NA,NA,NA
1988,4,28,18,-28.5,844.9,NA,NA,NA
1988,4,28,21,-28.6,844.8,NA,NA,NA
1988,4,29,0,-30.9,845.2,NA,NA,NA
1988,4,29,3,-32.9,846,10.6,321,NA
1988,4,29,6,NA,846.2,12.6,324,NA
1988,4,29,9,-37.4,845.9,NA,0,NA
1988,4,29,12,-37.1,845.6,NA,320,NA
1988,4,29,15,-35.6,844.6,NA,324,NA
1988,4,29,18,-34,845.7,13.6,327,NA
1988,4,29,21,-33.9,846.2,14.6,331,NA
1988,4,30,0,-35.6,846.5,13.8,319,NA
1988,4,30,3,-36.8,848.2,13.1,328,NA
1988,4,30,6,-36.4,849.1,11.6,314,NA
1988,4,30,9,-36.8,850.9,12.6,331,NA
1988,4,30,12,-38,851.9,12.8,324,NA
1988,4,30,15,-38.1,852.4,12.6,321,NA
1988,4,30,18,-38.1,853.2,13.8,317,NA
1988,4,30,21,-38,853.7,14.3,323,NA
1988,5,1,0,-37.9,854.1,10.4,328,NA
1988,5,1,3,-37.8,852.9,9.9,321,NA
1988,5,1,6,-38.9,851.8,12.8,323,NA
1988,5,1,9,-38.9,851,11.1,321,NA
1988,5,1,12,-38.6,849.9,7.9,321,NA
1988,5,1,15,-37.9,849.4,11.9,320,NA
1988,5,1,18,-37.4,848.9,7.4,320,NA
1988,5,1,21,-37.5,848.7,11.9,319,NA
1988,5,2,0,-37.6,848.9,7.7,319,NA
1988,5,2,3,-37.8,849.1,NA,321,NA
1988,5,2,6,-38.1,848.7,NA,321,NA
1988,5,2,9,-37.8,848.1,10.1,320,NA
1988,5,2,12,-37.1,847.6,10.6,320,NA
1988,5,2,15,-37.6,846.3,13.6,321,NA
1988,5,2,18,-37.8,846,10.9,321,NA
1988,5,2,21,-38.8,845,10.6,319,NA
1988,5,3,0,-39.9,844.8,9.1,319,NA
1988,5,3,3,-40.3,845.1,9.4,319,NA
1988,5,3,6,-40.1,845.5,11.9,324,NA
1988,5,3,9,-38.3,845,10.6,320,NA
1988,5,3,12,-36.8,845.3,8.4,320,NA
1988,5,3,15,-38.1,844.8,8.9,320,NA
1988,5,3,18,-40,844.1,NA,NA,NA
1988,5,3,21,-40.4,844.3,NA,NA,NA
1988,5,4,0,-40.9,843.6,NA,NA,NA
1988,5,4,3,-41.1,843,NA,NA,NA
1988,5,4,6,-41.1,842.4,NA,NA,NA
1988,5,4,9,NA,NA,NA,NA,NA
1988,5,4,12,-41.5,842.3,NA,NA,NA
1988,5,4,15,-42.1,842.6,NA,NA,NA
1988,5,4,18,-42.4,842.5,NA,NA,NA
1988,5,4,21,-42.6,842.8,NA,NA,NA
1988,5,5,0,-42.9,843.3,NA,NA,NA
1988,5,5,3,-43.6,843.3,NA,NA,NA
1988,5,5,6,-44.1,843.3,NA,NA,NA
1988,5,5,9,-44.6,843.4,NA,NA,NA
1988,5,5,12,-44.9,844.3,NA,NA,NA
1988,5,5,15,-45,844.1,NA,NA,NA
1988,5,5,18,-45.1,844.3,NA,NA,NA
1988,5,5,21,-45.1,844.9,NA,NA,NA
1988,5,6,0,-44.9,846.2,NA,NA,NA
1988,5,6,3,-44.9,846.3,NA,NA,NA
1988,5,6,6,-45,846.8,NA,NA,NA
1988,5,6,9,-45.1,848.1,NA,NA,NA
1988,5,6,12,-45.1,848,NA,NA,NA
1988,5,6,15,-45.4,849.7,NA,NA,NA
1988,5,6,18,-45,849.8,NA,NA,NA
1988,5,6,21,-44.9,851.6,NA,NA,NA
1988,5,7,0,-44.6,852,NA,NA,NA
1988,5,7,3,-44.5,851.8,NA,NA,NA
1988,5,7,6,-44.3,851.7,NA,NA,NA
1988,5,7,9,-44.1,851.1,NA,NA,NA
1988,5,7,12,-43.6,851.1,NA,NA,NA
1988,5,7,15,-43.4,851.6,7.4,327,NA
1988,5,7,18,-43.4,851.1,11.4,320,NA
1988,5,7,21,-43.8,851.3,8.9,321,NA
1988,5,8,0,-44,850.9,9.1,323,NA
1988,5,8,3,-43.8,850.6,9.4,323,NA
1988,5,8,6,-43.9,848.2,NA,NA,NA
1988,5,8,9,-44,847.3,NA,NA,NA
1988,5,8,12,-44.1,846.7,NA,NA,NA
1988,5,8,15,-43.6,846.6,NA,NA,NA
1988,5,8,18,-43.9,845.5,NA,NA,NA
1988,5,8,21,-43.4,845.2,NA,NA,NA
1988,5,9,0,-43.4,844.3,NA,NA,NA
1988,5,9,3,-43.4,842.9,NA,NA,NA
1988,5,9,6,-43.4,842.2,NA,NA,NA
1988,5,9,9,-42.4,840.9,NA,NA,NA
1988,5,9,12,-41.6,840.2,15.1,326,NA
1988,5,9,15,-41.6,840.8,NA,328,NA
1988,5,9,18,-41.1,838.7,NA,321,NA
1988,5,9,21,-41.3,838.8,11.1,NA,NA
1988,5,10,0,-41.9,839.8,NA,NA,NA
1988,5,10,3,-41.9,840.5,11.1,NA,NA
1988,5,10,6,-42.4,841.8,12.6,327,NA
1988,5,10,9,-38.8,843.5,12.1,323,NA
1988,5,10,12,-37.8,845.9,8.9,323,NA
1988,5,10,15,-36.8,847.8,NA,NA,NA
1988,5,10,18,NA,850.4,NA,NA,NA
1988,5,10,21,-32.6,853,NA,NA,NA
1988,5,11,0,-33.3,855,NA,NA,NA
1988,5,11,3,-32.4,856.8,NA,NA,NA
1988,5,11,6,-33.6,857.9,NA,NA,NA
1988,5,11,9,-33.4,858.9,NA,NA,NA
1988,5,11,12,-31.5,859.5,NA,NA,NA
1988,5,11,15,-33.3,860,NA,NA,NA
1988,5,11,18,-32.8,860,NA,NA,NA
1988,5,11,21,-32.4,860.5,NA,NA,NA
1988,5,12,0,-31.6,860.7,NA,NA,NA
1988,5,12,3,-31.1,860.8,NA,NA,NA
1988,5,12,6,-31.6,861.1,NA,NA,NA
1988,5,12,9,-35.1,861.3,NA,NA,NA
1988,5,12,12,-35.3,862.1,NA,NA,NA
1988,5,12,15,-33.3,862.4,NA,NA,NA
1988,5,12,18,-31.6,863.2,NA,NA,NA
1988,5,12,21,-32.4,864.4,NA,NA,NA
1988,5,13,0,-33.3,864.6,NA,NA,NA
1988,5,13,3,-32.9,865,NA,NA,NA
1988,5,13,6,-33.4,865.6,NA,NA,NA
1988,5,13,9,-33.1,865.9,NA,NA,NA
1988,5,13,12,-32.6,866.2,NA,NA,NA
1988,5,13,15,-33.9,866.9,NA,NA,NA
1988,5,13,18,-33.8,866.8,14.3,327,NA
1988,5,13,21,-35.5,867.6,11.4,328,NA
1988,5,14,0,-37.1,865.4,15.3,319,NA
1988,5,14,3,-38.5,866.9,15.8,324,NA
1988,5,14,6,-38.9,865.3,17.3,317,NA
1988,5,14,9,-37.6,865.9,17.5,327,NA
1988,5,14,12,-38.8,865.5,15.3,324,NA
1988,5,14,15,-39.9,865.1,13.3,330,NA
1988,5,14,18,-41.1,863.4,13.3,321,NA
1988,5,14,21,-42.3,863.7,15.6,317,NA
1988,5,15,0,-42.4,864.6,12.1,326,NA
1988,5,15,3,-42.1,862.6,14.1,319,NA
1988,5,15,6,-42.4,862.1,16.1,319,NA
1988,5,15,9,-43.5,862.1,11.6,323,NA
1988,5,15,12,-44.9,861.6,13.1,324,NA
1988,5,15,15,-43.5,861.3,NA,324,NA
1988,5,15,18,-42.9,861,9.9,321,NA
1988,5,15,21,-42.4,861.1,11.9,321,NA
1988,5,16,0,-40.3,860.9,8.9,321,NA
1988,5,16,3,-37.8,860.5,NA,NA,NA
1988,5,16,6,NA,860.8,NA,NA,NA
1988,5,16,9,NA,861.5,NA,NA,NA
1988,5,16,12,NA,862.9,NA,NA,NA
1988,5,16,15,-25.1,863.1,NA,NA,NA
1988,5,16,18,-24.9,863.5,NA,NA,NA
1988,5,16,21,-23.4,864,NA,NA,NA
1988,5,17,0,-22.3,864.5,NA,NA,NA
1988,5,17,3,-22.6,865.1,NA,NA,NA
1988,5,17,6,-22.6,866.1,NA,NA,NA
1988,5,17,9,-22,867.5,NA,NA,NA
1988,5,17,12,-22.9,869,NA,NA,NA
1988,5,17,15,-23.9,869.4,NA,NA,NA
1988,5,17,18,-23.9,870.1,NA,NA,NA
1988,5,17,21,-26,869.6,NA,NA,NA
1988,5,18,0,-28.1,868.7,6.7,321,NA
1988,5,18,3,-30,869.3,10.6,331,NA
1988,5,18,6,-29.9,869.7,8.6,331,NA
1988,5,18,9,-34.4,868.8,10.4,326,NA
1988,5,18,12,NA,866.9,13.3,323,NA
1988,5,18,15,-37.1,866.1,NA,320,NA
1988,5,18,18,-39.4,864.4,17.3,320,NA
1988,5,18,21,-40.5,863.6,15.1,321,NA
1988,5,19,0,-41.3,862.7,14.1,328,NA
1988,5,19,3,-42.8,863.5,12.3,320,NA
1988,5,19,6,-42.9,861.6,15.8,321,NA
1988,5,19,9,-43.3,860.8,13.3,321,NA
1988,5,19,12,-43.6,861.9,12.3,321,NA
1988,5,19,15,-44.1,862.5,14.1,328,NA
1988,5,19,18,-42.1,863.4,12.1,321,NA
1988,5,19,21,-39.4,865.2,9.4,321,NA
1988,5,20,0,-40.3,866.2,10.1,330,NA
1988,5,20,3,-40.9,864.7,10.9,321,NA
1988,5,20,6,-40.6,864.9,NA,323,NA
1988,5,20,9,-40.6,865.6,14.8,328,NA
1988,5,20,12,-41.9,867.2,13.8,326,NA
1988,5,20,15,-41.5,867.8,12.8,323,NA
1988,5,20,18,-40.1,868.5,11.9,330,NA
1988,5,20,21,NA,869,13.3,324,NA
1988,5,21,0,-35.5,871.2,11.9,323,NA
1988,5,21,3,-36.4,870.8,15.6,323,NA
1988,5,21,6,-37.9,871.8,10.9,321,NA
1988,5,21,9,-38.5,871.3,12.3,321,NA
1988,5,21,12,-37.1,869.4,11.9,320,NA
1988,5,21,15,-37,867.8,15.3,330,NA
1988,5,21,18,-38.1,865.7,NA,331,NA
1988,5,21,21,-38.6,862.5,NA,333,NA
1988,5,22,0,-37.4,860.5,NA,321,NA
1988,5,22,3,-37.4,859.2,NA,324,NA
1988,5,22,6,-37,858.8,14.1,323,NA
1988,5,22,9,-35.5,857.3,NA,331,NA
1988,5,22,12,-33.1,855,NA,323,NA
1988,5,22,15,-33.8,852.2,NA,335,NA
1988,5,22,18,-33.4,852,9.4,327,NA
1988,5,22,21,-34.4,850.6,NA,NA,NA
1988,5,23,0,-37.4,851.8,NA,NA,NA
1988,5,23,3,-39.1,854.2,NA,NA,NA
1988,5,23,6,-35.9,856.3,NA,NA,NA
1988,5,23,9,-35.1,856.8,NA,NA,NA
1988,5,23,12,NA,856.4,NA,NA,NA
1988,5,23,15,-34.6,855.2,NA,NA,NA
1988,5,23,18,NA,857.1,NA,NA,NA
1988,5,23,21,NA,858.3,NA,NA,NA
1988,5,24,0,-40.6,858.5,NA,NA,NA
1988,5,24,3,-39.9,858.8,NA,NA,NA
1988,5,24,6,-38.9,858.7,NA,NA,NA
1988,5,24,9,-38.5,857.9,15.8,326,NA
1988,5,24,12,-37.8,859.4,16.8,NA,NA
1988,5,24,15,-36.3,859.9,NA,NA,NA
1988,5,24,18,-32.9,858.4,12.6,NA,NA
1988,5,24,21,-34.1,857.3,11.1,NA,NA
1988,5,25,0,-35.5,856.1,10.4,324,NA
1988,5,25,3,-35.9,854.5,10.6,324,NA
1988,5,25,6,-36.3,851.7,14.8,326,NA
1988,5,25,9,-35.3,849.2,11.4,331,NA
1988,5,25,12,-34.8,846.6,10.6,333,NA
1988,5,25,15,-35,845.5,9.6,331,NA
1988,5,25,18,-35.6,843.9,10.4,326,NA
1988,5,25,21,-36.8,844,10.1,324,NA
1988,5,26,0,-38.4,844.3,9.1,326,NA
1988,5,26,3,-38.6,844.8,NA,NA,NA
1988,5,26,6,-37.8,845.1,NA,NA,NA
1988,5,26,9,-35.9,845.8,NA,NA,NA
1988,5,26,12,NA,847.1,NA,NA,NA
1988,5,26,15,NA,848.1,NA,NA,NA
1988,5,26,18,-30.6,850.3,NA,NA,NA
1988,5,26,21,-30.3,853.2,NA,NA,NA
1988,5,27,0,-29,855.7,NA,NA,NA
1988,5,27,3,-31.5,857.4,NA,NA,NA
1988,5,27,6,-29.8,858.1,NA,NA,NA
1988,5,27,9,-29.1,859.8,NA,NA,NA
1988,5,27,12,-27.5,860.5,NA,NA,NA
1988,5,27,15,-26.6,861.6,NA,NA,NA
1988,5,27,18,-26.8,861.1,NA,NA,NA
1988,5,27,21,-27.9,861.6,NA,NA,NA
1988,5,28,0,-28.8,862,NA,NA,NA
1988,5,28,3,-29.3,862.2,NA,NA,NA
1988,5,28,6,-29.6,861.9,NA,NA,NA
1988,5,28,9,-31.8,861.5,NA,NA,NA
1988,5,28,12,-33.9,860.7,NA,NA,NA
1988,5,28,15,-36.5,859.7,NA,NA,NA
1988,5,28,18,-38.3,858.1,NA,NA,NA
1988,5,28,21,-39.1,857.7,NA,NA,NA
1988,5,29,0,-39.3,856.7,NA,NA,NA
1988,5,29,3,-39.9,856.2,NA,NA,NA
1988,5,29,6,-39.9,855.9,NA,NA,NA
1988,5,29,9,-39.9,855.6,NA,NA,NA
1988,5,29,12,-40.1,855.4,NA,NA,NA
1988,5,29,15,-39.8,855.5,NA,NA,NA
1988,5,29,18,-39.4,855.7,NA,NA,NA
1988,5,29,21,-38.9,856.2,NA,NA,NA
1988,5,30,0,-38.9,856.3,NA,NA,NA
1988,5,30,3,-38.9,856.7,NA,NA,NA
1988,5,30,6,-38.9,857,NA,NA,NA
1988,5,30,9,-38.9,857.9,NA,NA,NA
1988,5,30,12,-39.1,858.5,NA,NA,NA
1988,5,30,15,-38.9,859.6,NA,NA,NA
1988,5,30,18,-38.8,860.6,NA,NA,NA
1988,5,30,21,-39.1,861.8,NA,NA,NA
1988,5,31,0,-39.5,862.1,NA,NA,NA
1988,5,31,3,-38.9,862.4,NA,NA,NA
1988,5,31,6,-38.9,861.8,NA,NA,NA
1988,5,31,9,-38.9,861.2,NA,NA,NA
1988,5,31,12,-38.1,859.6,NA,NA,NA
1988,5,31,15,-37.4,859.4,9.4,331,NA
1988,5,31,18,-38,858,13.1,323,NA
1988,5,31,21,-37.5,857.7,NA,323,NA
1988,6,1,0,-38.1,855.6,NA,NA,NA
1988,6,1,3,-39.3,854.9,NA,NA,NA
1988,6,1,6,-40.4,854.6,NA,NA,NA
1988,6,1,9,-40.9,853.7,NA,NA,NA
1988,6,1,12,-41,853.1,NA,NA,NA
1988,6,1,15,-41.3,853.4,NA,NA,NA
1988,6,1,18,-41.1,853.8,NA,NA,NA
1988,6,1,21,-41.1,854.7,NA,NA,NA
1988,6,2,0,-41.9,855.9,NA,NA,NA
1988,6,2,3,-42.1,856.7,NA,NA,NA
1988,6,2,6,-42.5,857.5,NA,NA,NA
1988,6,2,9,-42.1,858.6,NA,NA,NA
1988,6,2,12,-41.6,858.8,NA,NA,NA
1988,6,2,15,-41.3,860.3,NA,NA,NA
1988,6,2,18,-40.8,861.4,NA,NA,NA
1988,6,2,21,-41.8,861.4,15.6,323,NA
1988,6,3,0,-44.8,862.5,15.1,321,NA
1988,6,3,3,-44.5,860.5,15.8,321,NA
1988,6,3,6,-44.1,857.3,17.3,320,NA
1988,6,3,9,-43.1,858.6,13.8,320,NA
1988,6,3,12,-42.1,856.9,14.6,321,NA
1988,6,3,15,-43.9,855.5,14.1,320,NA
1988,6,3,18,-45.3,853,NA,NA,NA
1988,6,3,21,-45.9,852.8,NA,NA,NA
1988,6,4,0,-46.3,852.2,NA,NA,NA
1988,6,4,3,-46.6,851.9,NA,NA,NA
1988,6,4,6,-46.3,851.7,NA,NA,NA
1988,6,4,9,-44.5,851.9,NA,NA,NA
1988,6,4,12,-42.4,851.3,NA,NA,NA
1988,6,4,15,-41.4,851.8,9.9,327,NA
1988,6,4,18,-40.4,851.8,9.4,324,NA
1988,6,4,21,-40.5,851.8,14.3,330,NA
1988,6,5,0,-36.9,850.7,13.8,321,NA
1988,6,5,3,-37.4,850.3,NA,320,NA
1988,6,5,6,-39.1,847.9,NA,NA,NA
1988,6,5,9,-39.5,847.3,NA,NA,NA
1988,6,5,12,-40.6,846.1,NA,NA,NA
1988,6,5,15,-40.9,845,NA,NA,NA
1988,6,5,18,-40.4,844.1,NA,NA,NA
1988,6,5,21,-39.9,844.2,NA,NA,NA
1988,6,6,0,-39,844.5,NA,NA,NA
1988,6,6,3,-39,846,NA,NA,NA
1988,6,6,6,-39.4,847.6,NA,NA,NA
1988,6,6,9,-39.9,850,NA,NA,NA
1988,6,6,12,-40.4,851.7,NA,NA,NA
1988,6,6,15,-40.1,853.5,NA,NA,NA
1988,6,6,18,-39.9,854.1,NA,NA,NA
1988,6,6,21,-41.3,856,NA,NA,NA
1988,6,7,0,-41.5,856.8,NA,NA,NA
1988,6,7,3,-40.5,858.7,NA,NA,NA
1988,6,7,6,-40,861,NA,NA,NA
1988,6,7,9,-39,864.2,NA,NA,NA
1988,6,7,12,NA,867.2,NA,NA,NA
1988,6,7,15,-35.1,869.3,NA,NA,NA
1988,6,7,18,-31.8,869.7,NA,NA,NA
1988,6,7,21,NA,870.2,NA,NA,NA
1988,6,8,0,-30.3,869.5,NA,NA,NA
1988,6,8,3,-27.5,869.3,NA,NA,NA
1988,6,8,6,-25.8,869.3,NA,NA,NA
1988,6,8,9,-23.3,869.6,NA,NA,NA
1988,6,8,12,-21,870.2,NA,NA,NA
1988,6,8,15,-20.4,870.8,NA,NA,NA
1988,6,8,18,-23.6,870.9,NA,NA,NA
1988,6,8,21,-22.8,870.9,NA,NA,NA
1988,6,9,0,-24.4,870.5,NA,NA,NA
1988,6,9,3,-23.1,868.8,NA,NA,NA
1988,6,9,6,-27.3,867.9,NA,NA,NA
1988,6,9,9,NA,867.9,NA,NA,NA
1988,6,9,12,-29.3,866.6,NA,NA,NA
1988,6,9,15,-29.9,865.9,NA,NA,NA
1988,6,9,18,-31.6,865.5,16.1,323,NA
1988,6,9,21,-32.6,865.6,13.8,323,NA
1988,6,10,0,-35.3,866.5,12.6,317,NA
1988,6,10,3,-35.1,867.3,13.1,334,NA
1988,6,10,6,-35.8,866,14.3,333,NA
1988,6,10,9,-36.9,866.4,15.1,321,NA
1988,6,10,12,-38.6,866.4,14.1,321,NA
1988,6,10,15,-38.1,866.4,13.3,321,NA
1988,6,10,18,-37.6,866.7,NA,319,NA
1988,6,10,21,-37.1,866.8,15.1,NA,NA
1988,6,11,0,-36.4,868.3,NA,NA,NA
1988,6,11,3,-35.5,868.4,12.3,NA,NA
1988,6,11,6,-34.5,867.6,16.1,NA,NA
1988,6,11,9,-34.8,867,14.6,NA,NA
1988,6,11,12,-35.3,867.9,13.6,NA,NA
1988,6,11,15,-35.9,868.4,14.8,321,NA
1988,6,11,18,-37.1,866.8,14.6,317,NA
1988,6,11,21,-36.8,866,13.3,NA,NA
1988,6,12,0,-36.4,865,12.8,NA,NA
1988,6,12,3,-36.4,864.5,16.1,NA,NA
1988,6,12,6,-38,863.9,NA,319,NA
1988,6,12,9,-40,863.1,16.8,317,NA
1988,6,12,12,-40.5,865,16.8,321,NA
1988,6,12,15,-41.5,865.4,12.6,323,NA
1988,6,12,18,-41.5,866.6,NA,320,NA
1988,6,12,21,-42.6,864,15.8,316,NA
1988,6,13,0,-40.6,866.2,NA,335,NA
1988,6,13,3,-39.8,863.1,15.1,314,NA
1988,6,13,6,-39.5,863.1,14.3,314,NA
1988,6,13,9,-39.9,864.6,16.5,333,NA
1988,6,13,12,-39.9,864.6,12.8,324,NA
1988,6,13,15,-39.1,862.8,17,320,NA
1988,6,13,18,-38.6,862.9,15.3,337,NA
1988,6,13,21,-38.8,860.2,13.3,321,NA
1988,6,14,0,-41,860.9,13.8,327,NA
1988,6,14,3,-42.6,856.9,14.3,331,NA
1988,6,14,6,-42.1,855.9,12.1,334,NA
1988,6,14,9,-38.4,854.5,13.8,324,NA
1988,6,14,12,-40.5,853.2,15.8,324,NA
1988,6,14,15,-41.6,850.9,18,327,NA
1988,6,14,18,-42.5,849,NA,NA,NA
1988,6,14,21,-40.3,848.2,NA,NA,NA
1988,6,15,0,NA,847.4,NA,NA,NA
1988,6,15,3,NA,NA,NA,NA,NA
1988,6,15,6,NA,NA,NA,NA,NA
1988,6,15,9,NA,NA,NA,NA,NA
1988,6,15,12,NA,NA,NA,NA,NA
1988,6,15,15,NA,NA,NA,NA,NA
1988,6,15,18,NA,NA,NA,NA,NA
1988,6,15,21,NA,NA,NA,NA,NA
1988,6,16,0,-26.1,846.8,NA,NA,NA
1988,6,16,3,-24.1,848.2,NA,NA,NA
1988,6,16,6,-24.3,849.8,NA,NA,NA
1988,6,16,9,NA,851,NA,NA,NA
1988,6,16,12,NA,853.8,NA,NA,NA
1988,6,16,15,-32,855.5,NA,NA,NA
1988,6,16,18,-30,856.5,NA,NA,NA
1988,6,16,21,-27.9,857.8,NA,NA,NA
1988,6,17,0,-27.3,859.1,NA,NA,NA
1988,6,17,3,-29.1,858.9,NA,NA,NA
1988,6,17,6,-30.4,858.5,NA,NA,NA
1988,6,17,9,-31.5,858.2,NA,NA,NA
1988,6,17,12,-33.5,857.5,NA,NA,NA
1988,6,17,15,-35.5,857.8,NA,NA,NA
1988,6,17,18,-36,857.9,NA,NA,NA
1988,6,17,21,-35.9,857.6,NA,NA,NA
1988,6,18,0,-36.4,856.9,NA,NA,NA
1988,6,18,3,-37.1,856.9,NA,NA,NA
1988,6,18,6,-36.9,857,NA,NA,NA
1988,6,18,9,-38,856.8,NA,NA,NA
1988,6,18,12,-38.9,855.7,12.3,333,NA
1988,6,18,15,-36.1,853.7,14.6,323,NA
1988,6,18,18,-36.5,852.7,13.6,323,NA
1988,6,18,21,-36.4,852.1,11.6,327,NA
1988,6,19,0,-33.5,850.9,12.8,328,NA
1988,6,19,3,-32.9,850.8,11.1,324,NA
1988,6,19,6,-32.1,851.6,7.9,334,NA
1988,6,19,9,-30.3,852.3,11.1,331,NA
1988,6,19,12,-29.1,853.5,7.2,324,NA
1988,6,19,15,-30.9,854.6,11.6,321,NA
1988,6,19,18,-29.8,855.2,9.4,321,NA
1988,6,19,21,-28.8,857,9.6,321,NA
1988,6,20,0,-30.8,858.4,NA,NA,NA
1988,6,20,3,-33.1,860.4,NA,NA,NA
1988,6,20,6,-30,863.6,NA,NA,NA
1988,6,20,9,-32,865.7,NA,NA,NA
1988,6,20,12,-32.4,867.9,NA,NA,NA
1988,6,20,15,-32.9,869.3,NA,NA,NA
1988,6,20,18,-33.1,871.4,NA,NA,NA
1988,6,20,21,-32.9,872.6,NA,NA,NA
1988,6,21,0,-32,874.2,NA,NA,NA
1988,6,21,3,-31.4,874.6,NA,NA,NA
1988,6,21,6,-31.6,874.5,NA,NA,NA
1988,6,21,9,-33.6,873.7,NA,NA,NA
1988,6,21,12,-36.3,873.2,12.6,320,NA
1988,6,21,15,-37,872.1,13.8,328,NA
1988,6,21,18,-36.8,868.7,14.8,326,NA
1988,6,21,21,-36.1,866.5,14.1,327,NA
1988,6,22,0,-35.1,866.5,11.9,324,NA
1988,6,22,3,-35.3,866.2,12.1,333,NA
1988,6,22,6,-35.1,866.1,NA,NA,NA
1988,6,22,9,-36.4,866.2,NA,NA,NA
1988,6,22,12,-36.8,866.4,NA,NA,NA
1988,6,22,15,-36.3,867,NA,NA,NA
1988,6,22,18,-36.1,867.5,NA,NA,NA
1988,6,22,21,-36.8,868.5,NA,NA,NA
1988,6,23,0,-38.6,868.1,NA,NA,NA
1988,6,23,3,-38.6,867.1,NA,NA,NA
1988,6,23,6,-38.9,867.1,NA,NA,NA
1988,6,23,9,-39.1,867.4,NA,NA,NA
1988,6,23,12,-39.1,868.2,NA,NA,NA
1988,6,23,15,-39.8,868.2,NA,NA,NA
1988,6,23,18,-39.9,868.2,NA,NA,NA
1988,6,23,21,-39,868,NA,NA,NA
1988,6,24,0,-38.3,867.2,NA,NA,NA
1988,6,24,3,-38.6,866.1,NA,NA,NA
1988,6,24,6,-39.5,866.7,NA,NA,NA
1988,6,24,9,-39.1,865.7,8.6,331,NA
1988,6,24,12,-39.9,865.1,8.9,335,NA
1988,6,24,15,-39.4,862.9,10.6,331,NA
1988,6,24,18,-38,860.5,12.1,326,NA
1988,6,24,21,-37.8,859.3,12.6,324,NA
1988,6,25,0,-38.1,858.2,16.1,331,NA
1988,6,25,3,-39.5,856.2,14.6,338,NA
1988,6,25,6,-38.8,855.3,12.1,326,NA
1988,6,25,9,-38.5,854.5,11.1,326,NA
1988,6,25,12,-39.1,852.7,14.6,324,NA
1988,6,25,15,-40,854.3,12.8,333,NA
1988,6,25,18,-40.4,854.8,NA,NA,NA
1988,6,25,21,-40.5,855.1,NA,NA,NA
1988,6,26,0,-41.1,856.4,NA,NA,NA
1988,6,26,3,-41.1,857.4,NA,NA,NA
1988,6,26,6,-41.6,858.1,NA,NA,NA
1988,6,26,9,-42.4,859.4,NA,NA,NA
1988,6,26,12,-42.9,860.1,NA,NA,NA
1988,6,26,15,-43.3,860.7,8.6,335,NA
1988,6,26,18,-45.3,858.9,8.9,324,NA
1988,6,26,21,-45.9,859.5,NA,NA,NA
1988,6,27,0,-45.3,860.2,NA,NA,NA
1988,6,27,3,-44.5,860.6,NA,NA,NA
1988,6,27,6,-45,861.5,NA,NA,NA
1988,6,27,9,-45.3,862.2,NA,NA,NA
1988,6,27,12,-44.6,863.7,NA,NA,NA
1988,6,27,15,-43.5,864.5,NA,NA,NA
1988,6,27,18,-43.4,865.7,NA,NA,NA
1988,6,27,21,-43.5,866.2,NA,NA,NA
1988,6,28,0,-43,866.5,NA,NA,NA
1988,6,28,3,-43,866.6,NA,NA,NA
1988,6,28,6,-42.4,866.1,NA,NA,NA
1988,6,28,9,-40.9,866.2,NA,NA,NA
1988,6,28,12,-39.4,865.7,NA,NA,NA
1988,6,28,15,-37.8,865.1,NA,NA,NA
1988,6,28,18,-36.4,864.1,NA,NA,NA
1988,6,28,21,-34.6,862.9,NA,NA,NA
1988,6,29,0,-34.4,861.3,NA,NA,NA
1988,6,29,3,-32.6,860,NA,NA,NA
1988,6,29,6,-32.6,859,NA,NA,NA
1988,6,29,9,-29.3,858.1,NA,NA,NA
1988,6,29,12,NA,857.5,NA,NA,NA
1988,6,29,15,-26.6,856.9,NA,NA,NA
1988,6,29,18,-25.8,856.6,NA,NA,NA
1988,6,29,21,-24.5,856.4,NA,NA,NA
1988,6,30,0,-23.5,856.2,NA,NA,NA
1988,6,30,3,-23.4,856.3,NA,NA,NA
1988,6,30,6,-23.8,855.9,NA,NA,NA
1988,6,30,9,-23.4,855.3,NA,NA,NA
1988,6,30,12,-23.3,854.7,NA,NA,NA
1988,6,30,15,-24.6,853.4,NA,NA,NA
1988,6,30,18,-25.8,852.2,NA,NA,NA
1988,6,30,21,-25.9,851.1,NA,NA,NA
1988,7,1,0,-26.8,849.2,NA,NA,NA
1988,7,1,3,-27.5,847.8,NA,NA,NA
1988,7,1,6,-28.1,846.9,NA,NA,NA
1988,7,1,9,-29.3,845.1,NA,NA,NA
1988,7,1,12,-29.8,843.6,NA,NA,NA
1988,7,1,15,-30.4,842,NA,NA,NA
1988,7,1,18,-30.6,841.1,NA,NA,NA
1988,7,1,21,-31.4,841.1,NA,NA,NA
1988,7,2,0,-32.6,841.5,NA,NA,NA
1988,7,2,3,-33,842.4,NA,NA,NA
1988,7,2,6,-33.6,843.8,NA,NA,NA
1988,7,2,9,-34.8,844.9,NA,NA,NA
1988,7,2,12,-37.1,846,NA,NA,NA
1988,7,2,15,-39.5,846.8,NA,NA,NA
1988,7,2,18,-40.6,847.2,NA,NA,NA
1988,7,2,21,-41.9,847.6,NA,NA,NA
1988,7,3,0,-42.8,847.6,NA,NA,NA
1988,7,3,3,-44.9,845.1,7.7,321,NA
1988,7,3,6,-46.4,845.4,11.9,321,NA
1988,7,3,9,-47.3,844.1,9.4,323,NA
1988,7,3,12,-48.6,841.4,12.3,323,NA
1988,7,3,15,-49.5,840.2,12.6,333,NA
1988,7,3,18,-48.6,839.5,10.9,331,NA
1988,7,3,21,-47.5,836.9,13.3,326,NA
1988,7,4,0,-47.6,835.9,10.1,328,NA
1988,7,4,3,-47.6,833.9,11.1,337,NA
1988,7,4,6,-46.5,832.6,13.3,330,NA
1988,7,4,9,-44.1,832.8,9.9,326,NA
1988,7,4,12,NA,833.5,NA,NA,NA
1988,7,4,15,NA,834.3,NA,NA,NA
1988,7,4,18,-38.1,834.7,NA,NA,NA
1988,7,4,21,-38.5,835.2,NA,NA,NA
1988,7,5,0,-35.9,835.4,7.2,340,NA
1988,7,5,3,-36.1,835.7,7.2,321,NA
1988,7,5,6,-38.4,835.1,10.6,321,NA
1988,7,5,9,-37.8,835.7,9.9,324,NA
1988,7,5,12,-35.9,837.8,13.8,327,NA
1988,7,5,15,-35.9,842.3,12.3,335,NA
1988,7,5,18,-36.1,847.9,9.9,324,NA
1988,7,5,21,-37.1,852.2,9.4,324,NA
1988,7,6,0,-39.1,853.6,8.4,324,NA
1988,7,6,3,-40.9,853.3,7.9,323,NA
1988,7,6,6,-40.9,852.6,11.1,326,NA
1988,7,6,9,-41.6,851.7,11.1,324,NA
1988,7,6,12,-42.4,850.2,10.4,323,NA
1988,7,6,15,-42.9,847.9,13.1,323,NA
1988,7,6,18,-43.6,846.4,10.9,321,NA
1988,7,6,21,-42.5,845.1,14.1,323,NA
1988,7,7,0,-43,842.4,12.1,321,NA
1988,7,7,3,-43.6,841.7,13.1,323,NA
1988,7,7,6,-43.4,839.1,16.3,327,NA
1988,7,7,9,-41.9,837.6,17.8,335,NA
1988,7,7,12,-41.9,835.5,16.5,328,NA
1988,7,7,15,-42.4,835.1,15.1,326,NA
1988,7,7,18,-44.3,836.2,13.1,326,NA
1988,7,7,21,-44.6,833.1,16.3,327,NA
1988,7,8,0,-44.8,831.3,18,330,NA
1988,7,8,3,-44.9,829.8,16.3,328,NA
1988,7,8,6,-43.6,828.2,NA,NA,NA
1988,7,8,9,-40,828.4,NA,NA,NA
1988,7,8,12,NA,829.5,NA,NA,NA
1988,7,8,15,NA,832.6,NA,NA,NA
1988,7,8,18,-35.4,835,NA,NA,NA
1988,7,8,21,-36.1,837.2,NA,NA,NA
1988,7,9,0,-35.9,840.6,NA,NA,NA
1988,7,9,3,-36.9,844.6,NA,NA,NA
1988,7,9,6,-38.8,847.3,NA,NA,NA
1988,7,9,9,-36.8,852.2,NA,NA,NA
1988,7,9,12,-36.1,855.4,8.6,330,NA
1988,7,9,15,-39.9,857.5,NA,NA,NA
1988,7,9,18,-40.5,859.3,NA,NA,NA
1988,7,9,21,-39.9,859.6,NA,NA,NA
1988,7,10,0,-38.1,859.8,NA,NA,NA
1988,7,10,3,-39.1,861,14.1,324,NA
1988,7,10,6,-38.8,861.4,12.3,327,NA
1988,7,10,9,-38.1,861.2,12.3,324,NA
1988,7,10,12,-37.1,860.5,14.8,324,NA
1988,7,10,15,-35.9,858.1,16.8,323,NA
1988,7,10,18,-37.5,857.4,12.8,323,NA
1988,7,10,21,-35.5,857.7,NA,321,NA
1988,7,11,0,-35.5,858.1,16.5,327,NA
1988,7,11,3,-35,857.9,NA,330,NA
1988,7,11,6,-36.1,855.2,15.8,324,NA
1988,7,11,9,-35.9,851.4,NA,NA,NA
1988,7,11,12,-33.9,850.8,NA,NA,NA
1988,7,11,15,-32.8,848.1,NA,NA,NA
1988,7,11,18,-31.6,846.6,NA,NA,NA
1988,7,11,21,-30.3,844.4,NA,NA,NA
1988,7,12,0,-29.1,842.5,NA,NA,NA
1988,7,12,3,-29,840.4,NA,NA,NA
1988,7,12,6,-29.9,839.1,NA,NA,NA
1988,7,12,9,-29.8,838,NA,NA,NA
1988,7,12,12,-28.8,837.3,NA,NA,NA
1988,7,12,15,NA,NA,NA,NA,NA
1988,7,12,18,-28.1,838.3,NA,NA,NA
1988,7,12,21,-28.1,839.4,NA,NA,NA
1988,7,13,0,-28.1,840.4,NA,NA,NA
1988,7,13,3,-29.3,841.7,NA,NA,NA
1988,7,13,6,-31.5,841.9,NA,NA,NA
1988,7,13,9,-31.8,844.3,NA,NA,NA
1988,7,13,12,-31.8,846,NA,NA,NA
1988,7,13,15,-32.3,847.9,NA,NA,NA
1988,7,13,18,-32.1,849.2,NA,NA,NA
1988,7,13,21,-31.1,850.1,NA,NA,NA
1988,7,14,0,-30.6,850.2,NA,NA,NA
1988,7,14,3,-31.1,850,NA,NA,NA
1988,7,14,6,-33.8,850.2,NA,NA,NA
1988,7,14,9,-34.6,850,NA,NA,NA
1988,7,14,12,-34.5,850,NA,NA,NA
1988,7,14,15,-33.1,850.6,NA,NA,NA
1988,7,14,18,-32.9,853.9,NA,NA,NA
1988,7,14,21,-34,855.9,NA,NA,NA
1988,7,15,0,-33.4,856.7,13.6,326,NA
1988,7,15,3,-34.4,857.4,13.8,326,NA
1988,7,15,6,-32.9,858.2,11.1,337,NA
1988,7,15,9,-32,857.3,9.9,326,NA
1988,7,15,12,-31.5,857.2,NA,NA,NA
1988,7,15,15,-30,856.3,NA,NA,NA
1988,7,15,18,-28.8,854.5,NA,NA,NA
1988,7,15,21,-26.8,852.1,NA,NA,NA
1988,7,16,0,-26.1,850.5,NA,NA,NA
1988,7,16,3,-27,849.2,NA,NA,NA
1988,7,16,6,-27.6,847.9,NA,NA,NA
1988,7,16,9,-29,847.8,NA,NA,NA
1988,7,16,12,-29.8,848.2,NA,NA,NA
1988,7,16,15,-29.3,848.7,NA,NA,NA
1988,7,16,18,-29.8,849,NA,NA,NA
1988,7,16,21,-30.6,851.2,NA,NA,NA
1988,7,17,0,-29.4,854.4,NA,NA,NA
1988,7,17,3,-29.8,854.8,9.9,310,NA
1988,7,17,6,-29.8,857.7,13.1,309,NA
1988,7,17,9,-28.4,862.3,NA,333,NA
1988,7,17,12,-28.4,862.1,11.9,333,NA
1988,7,17,15,-30.3,861.3,8.9,320,NA
1988,7,17,18,-30.8,860.2,8.4,320,NA
1988,7,17,21,-29,854.2,7.4,320,NA
1988,7,18,0,NA,851.6,8.4,319,NA
1988,7,18,3,NA,847.3,7.7,319,NA
1988,7,18,6,-20.1,844.5,7.4,327,NA
1988,7,18,9,NA,842.3,7.4,319,NA
1988,7,18,12,NA,838.7,7.7,319,NA
1988,7,18,15,-30.3,838.8,8.6,317,NA
1988,7,18,18,-31.4,840.1,12.1,317,NA
1988,7,18,21,-32.4,841.9,13.1,333,NA
1988,7,19,0,-34.1,842.4,12.8,328,NA
1988,7,19,3,-32.1,842.5,11.6,330,NA
1988,7,19,6,-30.4,841.3,NA,327,NA
1988,7,19,9,-32.4,840,10.1,NA,NA
1988,7,19,12,-35.1,838.2,NA,NA,NA
1988,7,19,15,-36.5,835.9,14.8,NA,NA
1988,7,19,18,-37,834.2,15.1,NA,NA
1988,7,19,21,-36.9,834.5,NA,NA,NA
1988,7,20,0,-35.9,834,NA,326,NA
1988,7,20,3,-37.4,833.5,9.4,326,NA
1988,7,20,6,-38.3,832.8,8.2,324,NA
1988,7,20,9,-39.9,833.9,10.6,326,NA
1988,7,20,12,-40.6,834.7,9.9,326,NA
1988,7,20,15,-42.9,836.2,6.2,331,NA
1988,7,20,18,-43.5,836.6,NA,NA,NA
1988,7,20,21,-43.5,837.5,NA,NA,NA
1988,7,21,0,-42.8,837.8,NA,NA,NA
1988,7,21,3,-44.1,838.1,NA,NA,NA
1988,7,21,6,-44.6,837.8,NA,NA,NA
1988,7,21,9,-44.3,837.7,NA,NA,NA
1988,7,21,12,-43.5,837.9,NA,NA,NA
1988,7,21,15,-43.1,838.6,NA,NA,NA
1988,7,21,18,-43.4,839.6,NA,NA,NA
1988,7,21,21,-43.9,841.4,NA,NA,NA
1988,7,22,0,-44.5,842,NA,NA,NA
1988,7,22,3,-45,843.7,NA,NA,NA
1988,7,22,6,-45.5,844.4,NA,NA,NA
1988,7,22,9,-45.6,845,NA,NA,NA
1988,7,22,12,-45,845.1,NA,NA,NA
1988,7,22,15,-44.5,845.1,NA,NA,NA
1988,7,22,18,-43.3,843.8,NA,NA,NA
1988,7,22,21,-43,842.7,NA,NA,NA
1988,7,23,0,-42.4,841.1,NA,NA,NA
1988,7,23,3,-42.3,839.3,NA,NA,NA
1988,7,23,6,-41.3,836.4,NA,NA,NA
1988,7,23,9,-40.8,834.1,NA,NA,NA
1988,7,23,12,-42.1,831.4,16.1,323,NA
1988,7,23,15,-42.4,829.5,12.6,324,NA
1988,7,23,18,-41.9,829.5,14.8,331,NA
1988,7,23,21,-40.4,828.5,14.8,326,NA
1988,7,24,0,-41.1,829,NA,326,NA
1988,7,24,3,-42.5,829.6,12.8,326,NA
1988,7,24,6,-43.9,830.8,NA,328,NA
1988,7,24,9,-44.8,832.1,12.3,335,NA
1988,7,24,12,-44.6,833,11.4,327,NA
1988,7,24,15,-44.8,834.8,12.1,327,NA
1988,7,24,18,-44.9,836.3,9.9,326,NA
1988,7,24,21,-44.6,838.3,14.6,NA,NA
1988,7,25,0,-45.1,841.4,10.6,NA,NA
1988,7,25,3,-44.9,841.6,11.1,NA,NA
1988,7,25,6,-45,843.7,14.1,NA,NA
1988,7,25,9,-45,845.4,10.9,324,NA
1988,7,25,12,-44.9,846.1,12.8,324,NA
1988,7,25,15,-45.1,847,11.9,324,NA
1988,7,25,18,-45.1,847.6,9.6,323,NA
1988,7,25,21,-45.6,848.4,9.1,NA,NA
1988,7,26,0,-44.5,849.2,NA,NA,NA
1988,7,26,3,-43.3,847.9,13.3,NA,NA
1988,7,26,6,-42.1,848.6,10.6,NA,NA
1988,7,26,9,-40.5,848.6,12.6,NA,NA
1988,7,26,12,-40.4,848.7,13.1,321,NA
1988,7,26,15,-41.3,848.7,10.6,321,NA
1988,7,26,18,-41.1,848,13.3,321,NA
1988,7,26,21,NA,NA,NA,NA,NA
1988,7,27,0,-39.8,847.8,10.4,320,NA
1988,7,27,3,-37.5,847.6,13.1,321,NA
1988,7,27,6,-35.3,847,8.6,321,NA
1988,7,27,9,-33.3,846.5,NA,321,NA
1988,7,27,12,-32.4,846.5,NA,NA,NA
1988,7,27,15,-33.9,847,NA,NA,NA
1988,7,27,18,-34.6,847.7,NA,NA,NA
1988,7,27,21,-34.4,847.9,NA,NA,NA
1988,7,28,0,-36.1,848.5,NA,NA,NA
1988,7,28,3,-37.1,848.6,NA,NA,NA
1988,7,28,6,-37.1,849.1,NA,NA,NA
1988,7,28,9,-39.4,848.6,NA,NA,NA
1988,7,28,12,-40.9,848.7,NA,NA,NA
1988,7,28,15,-38.5,848.9,2.7,320,NA
1988,7,28,18,-38.1,848.6,3,321,NA
1988,7,28,21,-40.4,848.4,3.2,321,NA
1988,7,29,0,-40.9,848,4.2,320,NA
1988,7,29,3,-41.5,847.2,4.4,321,NA
1988,7,29,6,-41.1,845.8,4.4,321,NA
1988,7,29,9,-40.9,844.5,5.4,321,NA
1988,7,29,12,-42.6,843.6,5.9,320,NA
1988,7,29,15,-43.3,842.3,5.9,320,NA
1988,7,29,18,-43.8,840.9,7.4,320,NA
1988,7,29,21,-43.4,839.8,7.7,321,NA
1988,7,30,0,-43.1,838.7,10.9,321,NA
1988,7,30,3,-43.3,837,NA,320,NA
1988,7,30,6,-42.5,835.6,13.6,320,NA
1988,7,30,9,-42.3,833.8,10.9,330,NA
1988,7,30,12,-41.4,831.3,NA,323,NA
1988,7,30,15,-41.4,828.8,NA,327,NA
1988,7,30,18,-41.8,826.8,16.1,328,NA
1988,7,30,21,-41.6,826.5,14.8,330,NA
1988,7,31,0,-42.4,825.6,18.8,327,NA
1988,7,31,3,-40.6,825.5,NA,NA,NA
1988,7,31,6,-42.5,826.3,NA,NA,NA
1988,7,31,9,-43.6,828,NA,NA,NA
1988,7,31,12,-42.8,831.8,NA,NA,NA
1988,7,31,15,NA,834.5,NA,NA,NA
1988,7,31,18,NA,837.6,NA,NA,NA
1988,7,31,21,-35.4,842.2,NA,NA,NA
1988,8,1,0,-31,845.8,NA,NA,NA
1988,8,1,3,-30.9,847.8,NA,NA,NA
1988,8,1,6,-28.9,850.3,NA,NA,NA
1988,8,1,9,-29.6,852.8,NA,NA,NA
1988,8,1,12,-30.4,855.2,NA,NA,NA
1988,8,1,15,-29.6,855.8,NA,NA,NA
1988,8,1,18,-29.8,857.1,NA,NA,NA
1988,8,1,21,-29.8,857.7,NA,NA,NA
1988,8,2,0,-30.6,857.7,NA,NA,NA
1988,8,2,3,-30.6,856.7,NA,NA,NA
1988,8,2,6,-32.9,856.3,2,341,NA
1988,8,2,9,-35.4,855.7,NA,341,NA
1988,8,2,12,-35.1,855.3,NA,343,NA
1988,8,2,15,-33.4,854.8,NA,343,NA
1988,8,2,18,-32.6,853.4,5.4,343,NA
1988,8,2,21,-32.3,852.4,2.2,341,NA
1988,8,3,0,-34.4,850.9,3.5,343,NA
1988,8,3,3,-34.1,850.5,5.4,343,NA
1988,8,3,6,-36.5,849.5,5.9,341,NA
1988,8,3,9,-38.6,848.7,NA,NA,NA
1988,8,3,12,-39.9,848.6,NA,NA,NA
1988,8,3,15,-39.5,847.7,NA,NA,NA
1988,8,3,18,-38.9,846.8,NA,NA,NA
1988,8,3,21,-38,846,NA,NA,NA
1988,8,4,0,-37.6,845,NA,NA,NA
1988,8,4,3,-36.4,844.2,NA,NA,NA
1988,8,4,6,-36.8,843,NA,NA,NA
1988,8,4,9,-37.6,841.8,NA,NA,NA
1988,8,4,12,-38,840.4,NA,NA,NA
1988,8,4,15,-38.5,840.1,NA,NA,NA
1988,8,4,18,-39.1,839.1,NA,NA,NA
1988,8,4,21,-40,838.9,NA,NA,NA
1988,8,5,0,-40.5,839,NA,NA,NA
1988,8,5,3,-40.9,839.1,NA,NA,NA
1988,8,5,6,-41.3,838.9,NA,NA,NA
1988,8,5,9,-42.6,838.6,NA,NA,NA
1988,8,5,12,-43,838.9,NA,NA,NA
1988,8,5,15,-43.4,838.3,NA,NA,NA
1988,8,5,18,-43.4,836.8,NA,NA,NA
1988,8,5,21,-41.9,836.7,NA,NA,NA
1988,8,6,0,-40.4,836.2,NA,NA,NA
1988,8,6,3,-40.5,837.1,NA,NA,NA
1988,8,6,6,-42.9,837.6,NA,NA,NA
1988,8,6,9,-42.9,838.2,NA,NA,NA
1988,8,6,12,-41,838.3,NA,NA,NA
1988,8,6,15,NA,838.5,NA,NA,NA
1988,8,6,18,-36.3,838.9,NA,NA,NA
1988,8,6,21,-33.1,839.4,NA,NA,NA
1988,8,7,0,-33.3,840.5,NA,NA,NA
1988,8,7,3,-33.6,841.1,NA,NA,NA
1988,8,7,6,-33.9,841.3,NA,NA,NA
1988,8,7,9,-33.8,841.3,NA,NA,NA
1988,8,7,12,-32.1,841.4,NA,NA,NA
1988,8,7,15,-31.4,841.7,NA,NA,NA
1988,8,7,18,-33.9,841.2,NA,NA,NA
1988,8,7,21,NA,839.4,NA,NA,NA
1988,8,8,0,NA,837.7,NA,NA,NA
1988,8,8,3,-40.4,835.6,NA,NA,NA
1988,8,8,6,-40.4,832.6,NA,NA,NA
1988,8,8,9,-40.3,830.5,NA,NA,NA
1988,8,8,12,-40.3,828.6,NA,NA,NA
1988,8,8,15,-41.3,827.3,NA,NA,NA
1988,8,8,18,-42.3,826.4,NA,NA,NA
1988,8,8,21,-42.9,826.2,NA,NA,NA
1988,8,9,0,-43.9,825.9,NA,NA,NA
1988,8,9,3,-44.3,826.8,NA,NA,NA
1988,8,9,6,-42.5,828.7,NA,NA,NA
1988,8,9,9,-40.4,830.1,NA,NA,NA
1988,8,9,12,-38.5,830.8,NA,NA,NA
1988,8,9,15,-36.4,831.6,NA,NA,NA
1988,8,9,18,-38.8,831.5,NA,NA,NA
1988,8,9,21,-37.5,831.5,NA,NA,NA
1988,8,10,0,-40,831.2,NA,NA,NA
1988,8,10,3,-40.9,831.5,NA,NA,NA
1988,8,10,6,-40.3,830.9,15.1,327,NA
1988,8,10,9,-39.9,830.8,15.6,324,NA
1988,8,10,12,-38.5,830.6,18,323,NA
1988,8,10,15,-39.5,831.9,18,328,NA
1988,8,10,18,-40.1,833,NA,333,NA
1988,8,10,21,-36.8,834.8,13.1,334,NA
1988,8,11,0,-36.9,836.6,13.8,337,NA
1988,8,11,3,-37.5,837.1,10.4,335,NA
1988,8,11,6,-38.9,837,13.6,327,NA
1988,8,11,9,-40,834.9,10.4,324,NA
1988,8,11,12,-41.3,832.4,NA,NA,NA
1988,8,11,15,-42.5,831.7,NA,NA,NA
1988,8,11,18,-42.9,831.5,NA,NA,NA
1988,8,11,21,-42.1,831.2,NA,NA,NA
1988,8,12,0,-40.9,831,NA,NA,NA
1988,8,12,3,-39.5,831.2,NA,NA,NA
1988,8,12,6,-38,831.4,NA,NA,NA
1988,8,12,9,-38.8,831.2,NA,NA,NA
1988,8,12,12,-41.6,832.3,NA,NA,NA
1988,8,12,15,-42.6,833.1,NA,NA,NA
1988,8,12,18,-43.9,835,NA,NA,NA
1988,8,12,21,-44.1,836.5,NA,NA,NA
1988,8,13,0,-44.3,839.4,NA,NA,NA
1988,8,13,3,-41.6,841,NA,NA,NA
1988,8,13,6,NA,844.1,NA,NA,NA
1988,8,13,9,-40,846.2,NA,NA,NA
1988,8,13,12,-40.9,846,4.2,321,NA
1988,8,13,15,-43.9,849,NA,334,NA
1988,8,13,18,-45,847.6,NA,326,NA
1988,8,13,21,-40.4,848.4,NA,324,NA
1988,8,14,0,-41.5,848.3,12.1,323,NA
1988,8,14,3,-42.5,847.3,15.6,330,NA
1988,8,14,6,-43.5,845.8,15.3,327,NA
1988,8,14,9,-44.1,845,17.3,326,NA
1988,8,14,12,-42.1,844.3,15.1,326,NA
1988,8,14,15,-39.9,843.4,15.1,326,NA
1988,8,14,18,-40.8,843,16.5,331,NA
1988,8,14,21,-41.1,843,13.8,324,NA
1988,8,15,0,NA,NA,NA,NA,NA
1988,8,15,3,NA,NA,NA,NA,NA
1988,8,15,6,NA,NA,NA,NA,NA
1988,8,15,9,NA,NA,NA,NA,NA
1988,8,15,12,NA,NA,NA,NA,NA
1988,8,15,15,NA,NA,NA,NA,NA
1988,8,15,18,NA,NA,NA,NA,NA
1988,8,15,21,NA,NA,NA,NA,NA
1988,8,16,0,NA,NA,NA,NA,NA
1988,8,16,3,-38.6,854.7,13.3,327,NA
1988,8,16,6,-38.5,856.3,15.6,335,NA
1988,8,16,9,-38.1,856.7,13.6,333,NA
1988,8,16,12,-37.8,855.2,15.6,326,NA
1988,8,16,15,-38,854.9,13.1,328,NA
1988,8,16,18,-39.4,854.5,13.1,335,NA
1988,8,16,21,-40,854,14.3,326,NA
1988,8,17,0,-39.5,854.8,11.4,326,NA
1988,8,17,3,-38,856.7,NA,331,NA
1988,8,17,6,-37.4,857.3,NA,NA,NA
1988,8,17,9,-36.3,857.4,NA,NA,NA
1988,8,17,12,-36.1,856.3,NA,NA,NA
1988,8,17,15,-35.9,857,NA,NA,NA
1988,8,17,18,-37.1,856.9,NA,NA,NA
1988,8,17,21,-36.8,855.6,NA,NA,NA
1988,8,18,0,-36.1,855.2,NA,NA,NA
1988,8,18,3,-35.4,854.8,NA,NA,NA
1988,8,18,6,-34.5,854.2,NA,NA,NA
1988,8,18,9,-34,852.4,NA,NA,NA
1988,8,18,12,-33.1,851.1,NA,NA,NA
1988,8,18,15,-32.4,848.8,NA,NA,NA
1988,8,18,18,-31.1,847.5,NA,NA,NA
1988,8,18,21,-29.4,846.1,NA,NA,NA
1988,8,19,0,-28,844.5,NA,NA,NA
1988,8,19,3,-26.6,843.5,NA,NA,NA
1988,8,19,6,-23.8,843.2,NA,NA,NA
1988,8,19,9,NA,843.1,NA,NA,NA
1988,8,19,12,-19.6,844.5,NA,NA,NA
1988,8,19,15,-21.3,846.7,NA,NA,NA
1988,8,19,18,-23.3,847.8,NA,NA,NA
1988,8,19,21,NA,846.9,NA,NA,NA
1988,8,20,0,NA,845.7,NA,NA,NA
1988,8,20,3,-28.8,845.2,NA,NA,NA
1988,8,20,6,-30.5,844.2,NA,NA,NA
1988,8,20,9,-30,843.6,NA,NA,NA
1988,8,20,12,-31.5,843.1,NA,NA,NA
1988,8,20,15,-32.6,843.5,NA,NA,NA
1988,8,20,18,-28.3,844.1,NA,NA,NA
1988,8,20,21,NA,845.2,NA,NA,NA
1988,8,21,0,-25.3,846.6,NA,NA,NA
1988,8,21,3,-26.6,849.1,NA,NA,NA
1988,8,21,6,-27.5,852.1,NA,NA,NA
1988,8,21,9,-29.5,854.1,NA,NA,NA
1988,8,21,12,-28.5,858.4,NA,NA,NA
1988,8,21,15,-28,860.6,NA,NA,NA
1988,8,21,18,-31,864.1,NA,NA,NA
1988,8,21,21,NA,866.7,NA,NA,NA
1988,8,22,0,-34.1,868.4,NA,NA,NA
1988,8,22,3,-32.8,870.1,NA,NA,NA
1988,8,22,6,-33.4,871.6,NA,NA,NA
1988,8,22,9,-33.3,872,NA,NA,NA
1988,8,22,12,-33.4,873,NA,NA,NA
1988,8,22,15,-32,872.5,12.8,326,NA
1988,8,22,18,-30.8,870.8,11.9,333,NA
1988,8,22,21,-29.3,865.3,12.8,323,NA
1988,8,23,0,-30.5,862.3,15.3,320,NA
1988,8,23,3,-30.6,857.9,11.6,320,NA
1988,8,23,6,-31.5,854.8,11.1,319,NA
1988,8,23,9,-31.5,853.8,NA,323,NA
1988,8,23,12,-33.1,851.6,NA,320,NA
1988,8,23,15,-34.3,849.5,18.3,323,NA
1988,8,23,18,-36,850.8,NA,321,NA
1988,8,23,21,-35.6,847.5,16.8,327,NA
1988,8,24,0,-35.9,846.5,NA,320,NA
1988,8,24,3,-38.3,846.3,NA,319,NA
1988,8,24,6,-38,845.8,NA,319,NA
1988,8,24,9,-39.3,845.7,7.2,319,NA
1988,8,24,12,-40,846.8,NA,320,NA
1988,8,24,15,-41.6,846.1,NA,321,NA
1988,8,24,18,-42.1,846.4,13.6,324,NA
1988,8,24,21,-42.8,846.1,14.8,331,NA
1988,8,25,0,-43.4,844.9,17.8,327,NA
1988,8,25,3,-44,844.5,14.1,323,NA
1988,8,25,6,-42.8,843.8,NA,324,NA
1988,8,25,9,-41.6,844.7,14.6,326,NA
1988,8,25,12,-38.1,845.4,NA,321,NA
1988,8,25,15,NA,844.1,10.6,321,NA
1988,8,25,18,NA,842.5,10.6,321,NA
1988,8,25,21,NA,840.3,NA,NA,NA
1988,8,26,0,-27.9,837.5,NA,NA,NA
1988,8,26,3,-28.5,837.4,NA,NA,NA
1988,8,26,6,-28.4,840.4,NA,NA,NA
1988,8,26,9,-29.4,842.5,NA,NA,NA
1988,8,26,12,-28.3,845.5,NA,NA,NA
1988,8,26,15,-29,848.2,NA,NA,NA
1988,8,26,18,-28.8,849.8,NA,NA,NA
1988,8,26,21,-31,851.1,NA,NA,NA
1988,8,27,0,NA,849.8,NA,NA,NA
1988,8,27,3,-34.4,848.6,NA,NA,NA
1988,8,27,6,-34.5,847.7,NA,NA,NA
1988,8,27,9,-31.1,846.8,NA,NA,NA
1988,8,27,12,NA,845.5,NA,NA,NA
1988,8,27,15,-29,842.3,NA,NA,NA
1988,8,27,18,-28,840.2,17,327,NA
1988,8,27,21,-28,839.6,13.3,330,NA
1988,8,28,0,-26.6,837.5,13.8,327,NA
1988,8,28,3,-26.3,834.8,13.3,324,NA
1988,8,28,6,-26.3,833.1,13.3,323,NA
1988,8,28,9,-28,831.9,9.9,328,NA
1988,8,28,12,-29.3,830.3,NA,323,NA
1988,8,28,15,-31,830,NA,335,NA
1988,8,28,18,-31.1,830.3,16.8,333,NA
1988,8,28,21,-30.3,831.2,15.6,326,NA
1988,8,29,0,-28.1,832.3,NA,NA,NA
1988,8,29,3,-27.9,834.7,NA,NA,NA
1988,8,29,6,-23.4,836.5,NA,NA,NA
1988,8,29,9,NA,838,NA,NA,NA
1988,8,29,12,-19.1,838.5,NA,NA,NA
1988,8,29,15,-21.9,837.7,NA,NA,NA
1988,8,29,18,NA,837.4,NA,NA,NA
1988,8,29,21,NA,838.8,11.1,326,NA
1988,8,30,0,-28.6,839.5,13.8,324,NA
1988,8,30,3,-29,840.1,9.6,NA,NA
1988,8,30,6,-30.4,841.5,12.1,NA,NA
1988,8,30,9,-26.3,843.7,7.4,NA,NA
1988,8,30,12,NA,845,NA,323,NA
1988,8,30,15,-23.9,844.2,3.2,324,NA
1988,8,30,18,-22,843,1,324,NA
1988,8,30,21,-20.1,841.3,NA,NA,NA
1988,8,31,0,-20.5,840,NA,NA,NA
1988,8,31,3,NA,838.9,1.7,324,NA
1988,8,31,6,NA,838.4,NA,324,NA
1988,8,31,9,NA,836.7,4.9,323,NA
1988,8,31,12,-31.1,834.9,8.2,323,NA
1988,8,31,15,-32,832.9,NA,323,NA
1988,8,31,18,-31.4,831.5,NA,330,NA
1988,8,31,21,-31.6,831.2,NA,328,NA
1988,9,1,0,-36.3,831.5,NA,324,NA
1988,9,1,3,NA,832.6,NA,323,NA
1988,9,1,6,-39.1,830.8,20,333,NA
1988,9,1,9,-38,829.2,16.3,330,NA
1988,9,1,12,-35.6,829,15.3,333,NA
1988,9,1,15,-36.8,828.9,11.4,334,NA
1988,9,1,18,-36.4,828.5,11.4,333,NA
1988,9,1,21,-32.4,828.3,NA,NA,NA
1988,9,2,0,-32.4,830,NA,NA,NA
1988,9,2,3,-33.6,830.9,NA,NA,NA
1988,9,2,6,-33.8,831,NA,NA,NA
1988,9,2,9,-32.4,832.1,NA,NA,NA
1988,9,2,12,-35.5,831.8,NA,NA,NA
1988,9,2,15,-36.8,832.1,15.8,324,NA
1988,9,2,18,-35.9,830.5,17,324,NA
1988,9,2,21,-36.8,832.4,14.8,326,NA
1988,9,3,0,-37.4,834.2,14.8,326,NA
1988,9,3,3,-40.4,833.6,17.8,323,NA
1988,9,3,6,-41.3,837.4,14.1,323,NA
1988,9,3,9,-41.9,838.8,15.1,328,NA
1988,9,3,12,-41.9,840,NA,NA,NA
1988,9,3,15,-41.9,840,NA,NA,NA
1988,9,3,18,-41.8,841.9,NA,NA,NA
1988,9,3,21,-40.6,842.1,NA,NA,NA
1988,9,4,0,-38.9,842.9,NA,NA,NA
1988,9,4,3,-35.8,842.8,NA,NA,NA
1988,9,4,6,-34.5,843.3,NA,NA,NA
1988,9,4,9,-30.8,844.2,NA,NA,NA
1988,9,4,12,-30.9,844.6,NA,NA,NA
1988,9,4,15,-33.4,845.5,NA,NA,NA
1988,9,4,18,-32.8,846.6,NA,NA,NA
1988,9,4,21,-34.1,847.7,NA,NA,NA
1988,9,5,0,-34.1,848.3,NA,NA,NA
1988,9,5,3,-35.3,848,NA,NA,NA
1988,9,5,6,-38,847.3,NA,NA,NA
1988,9,5,9,-39,846.2,NA,NA,NA
1988,9,5,12,-38.3,845.1,14.3,330,NA
1988,9,5,15,-38.1,843.7,15.6,326,NA
1988,9,5,18,-38.8,842.2,14.1,323,NA
1988,9,5,21,-38.5,842.2,14.1,327,NA
1988,9,6,0,-39,842.1,12.8,323,NA
1988,9,6,3,-40.1,842.2,11.4,323,NA
1988,9,6,6,-42.3,842.4,12.1,321,NA
1988,9,6,9,-42.8,842.9,10.4,321,NA
1988,9,6,12,NA,842.6,7.2,323,NA
1988,9,6,15,NA,842,NA,321,NA
1988,9,6,18,-33,842.5,NA,321,NA
1988,9,6,21,-30.6,843.7,NA,NA,NA
1988,9,7,0,-29.9,844.5,NA,NA,NA
1988,9,7,3,-29.8,845.3,NA,NA,NA
1988,9,7,6,-28,845.9,NA,NA,NA
1988,9,7,9,-28.3,847.3,NA,NA,NA
1988,9,7,12,-27.9,848.3,NA,NA,NA
1988,9,7,15,-27.5,849.8,NA,NA,NA
1988,9,7,18,-26.6,850.8,NA,NA,NA
1988,9,7,21,-26.8,851.5,NA,NA,NA
1988,9,8,0,-26.3,851.3,NA,NA,NA
1988,9,8,3,-25.6,852.1,NA,NA,NA
1988,9,8,6,-25.9,852.1,NA,NA,NA
1988,9,8,9,-25.9,851.6,NA,NA,NA
1988,9,8,12,-25.1,851.3,NA,NA,NA
1988,9,8,15,-24.4,850.6,NA,NA,NA
1988,9,8,18,-25.8,850.1,NA,NA,NA
1988,9,8,21,-25.8,850.2,NA,NA,NA
1988,9,9,0,-25.6,850.2,NA,NA,NA
1988,9,9,3,-25.9,850.4,NA,NA,NA
1988,9,9,6,-27.6,850.2,NA,NA,NA
1988,9,9,9,-27,851.1,NA,NA,NA
1988,9,9,12,-28.1,852,NA,NA,NA
1988,9,9,15,-28.4,853,NA,NA,NA
1988,9,9,18,-29.9,853.7,NA,NA,NA
1988,9,9,21,-29.9,855.2,NA,NA,NA
1988,9,10,0,-30,856.4,NA,NA,NA
1988,9,10,3,-30.3,856.5,NA,NA,NA
1988,9,10,6,-30.8,857.7,NA,NA,NA
1988,9,10,9,-31.8,857.7,14.8,327,NA
1988,9,10,12,-33.3,857.8,12.3,321,NA
1988,9,10,15,-33.9,857.7,15.1,323,NA
1988,9,10,18,-35.9,856.4,11.6,323,NA
1988,9,10,21,-37.9,854.5,NA,321,NA
1988,9,11,0,-39.4,853,NA,NA,NA
1988,9,11,3,-40,852.7,NA,NA,NA
1988,9,11,6,-41.6,851.4,NA,NA,NA
1988,9,11,9,-43.6,856.1,NA,NA,NA
1988,9,11,12,-44.8,853.5,NA,NA,NA
1988,9,11,15,-44.9,854.2,NA,NA,NA
1988,9,11,18,-43.9,854.5,NA,NA,NA
1988,9,11,21,-41.9,856.6,NA,NA,NA
1988,9,12,0,-39.4,858.6,NA,NA,NA
1988,9,12,3,NA,860.6,NA,NA,NA
1988,9,12,6,-35.6,862.5,NA,NA,NA
1988,9,12,9,-32.6,864.4,NA,NA,NA
1988,9,12,12,-31,865.9,NA,NA,NA
1988,9,12,15,-30.8,867.1,NA,NA,NA
1988,9,12,18,-29.8,868.5,NA,NA,NA
1988,9,12,21,-29.6,869.5,NA,NA,NA
1988,9,13,0,-28.3,870.1,NA,NA,NA
1988,9,13,3,-28.3,870.5,NA,NA,NA
1988,9,13,6,-29.9,870.9,NA,NA,NA
1988,9,13,9,-30.9,871.4,NA,NA,NA
1988,9,13,12,-29.5,871.9,NA,NA,NA
1988,9,13,15,-28.4,871.8,NA,NA,NA
1988,9,13,18,-29.1,871,NA,NA,NA
1988,9,13,21,-28.6,870.1,NA,NA,NA
1988,9,14,0,-25.3,868.9,NA,NA,NA
1988,9,14,3,-26.6,868.1,NA,NA,NA
1988,9,14,6,-25.8,867.4,NA,NA,NA
1988,9,14,9,-26.4,866.7,NA,NA,NA
1988,9,14,12,-27.3,866.9,NA,NA,NA
1988,9,14,15,-28.4,866.3,NA,NA,NA
1988,9,14,18,-29.3,864.1,NA,NA,NA
1988,9,14,21,-29.5,867.5,NA,NA,NA
1988,9,15,0,-29.4,866.2,13.8,337,NA
1988,9,15,3,-27.4,862.5,NA,NA,NA
1988,9,15,6,-28.8,861.6,NA,NA,NA
1988,9,15,9,-30,858.5,NA,NA,NA
1988,9,15,12,-31.4,855.9,NA,NA,NA
1988,9,15,15,-32,854.4,NA,NA,NA
1988,9,15,18,-31.6,851.5,NA,NA,NA
1988,9,15,21,-32.9,850.1,NA,NA,NA
1988,9,16,0,-32,848.7,NA,NA,NA
1988,9,16,3,-32.1,847.7,NA,NA,NA
1988,9,16,6,-32.8,845.6,NA,NA,NA
1988,9,16,9,-34.3,844.9,NA,NA,NA
1988,9,16,12,-35.6,844.9,NA,NA,NA
1988,9,16,15,-39,842.6,NA,NA,NA
1988,9,16,18,NA,842.2,NA,NA,NA
1988,9,16,21,-43.6,842.4,NA,NA,NA
1988,9,17,0,-43.3,846,13.1,334,NA
1988,9,17,3,-42.3,844.5,NA,326,NA
1988,9,17,6,-38.9,844.9,NA,324,NA
1988,9,17,9,NA,846.5,NA,331,NA
1988,9,17,12,NA,847.4,9.1,328,NA
1988,9,17,15,-32.3,848.8,9.6,321,NA
1988,9,17,18,NA,850.6,NA,321,NA
1988,9,17,21,-32.9,853.3,11.4,321,NA
1988,9,18,0,NA,854.5,12.1,323,NA
1988,9,18,3,-28,857.3,9.9,323,NA
1988,9,18,6,-27.5,858.3,NA,320,NA
1988,9,18,9,-30.4,858.8,9.1,316,NA
1988,9,18,12,-31.6,858.6,10.1,316,NA
1988,9,18,15,-33.4,859.6,NA,316,NA
1988,9,18,18,-35.1,860.4,NA,328,NA
1988,9,18,21,-35.1,860.2,15.6,320,NA
1988,9,19,0,-34,862.4,15.3,320,NA
1988,9,19,3,-34.5,862.4,12.3,321,NA
1988,9,19,6,-34.6,863.9,16.1,323,NA
1988,9,19,9,-34.3,864.9,13.6,327,NA
1988,9,19,12,-32.9,863.8,11.6,327,NA
1988,9,19,15,-31.1,861.8,14.3,320,NA
1988,9,19,18,-31.1,861,14.8,317,NA
1988,9,19,21,-33.4,862.5,16.1,317,NA
1988,9,20,0,-31.8,865.3,17.5,316,NA
1988,9,20,3,-29,868.6,18,321,NA
1988,9,20,6,-28,867.5,17.3,314,NA
1988,9,20,9,-27.9,866.2,15.3,312,NA
1988,9,20,12,-26.3,866.6,15.3,310,NA
1988,9,20,15,-23.9,861.6,13.1,310,NA
1988,9,20,18,NA,856.4,12.8,312,NA
1988,9,20,21,-24.9,851,15.1,310,NA
1988,9,21,0,-22.6,846,NA,NA,NA
1988,9,21,3,-22.6,844.7,NA,NA,NA
1988,9,21,6,NA,842.8,NA,NA,NA
1988,9,21,9,NA,841.5,NA,NA,NA
1988,9,21,12,-31.8,840.6,NA,NA,NA
1988,9,21,15,-33,840,NA,NA,NA
1988,9,21,18,-34.3,839.4,NA,NA,NA
1988,9,21,21,-34,838.9,NA,NA,NA
1988,9,22,0,-31.1,839.3,NA,NA,NA
1988,9,22,3,-29.3,840,NA,NA,NA
1988,9,22,6,-30.8,841.2,NA,NA,NA
1988,9,22,9,-34.3,841.4,NA,NA,NA
1988,9,22,12,NA,841.8,NA,NA,NA
1988,9,22,15,-38.3,842.9,NA,NA,NA
1988,9,22,18,-39.4,843.9,NA,NA,NA
1988,9,22,21,-40.1,843.6,NA,NA,NA
1988,9,23,0,-40.5,843.1,NA,NA,NA
1988,9,23,3,-39.9,842.6,NA,NA,NA
1988,9,23,6,-39.9,842,NA,NA,NA
1988,9,23,9,-40.1,844.3,16.1,314,NA
1988,9,23,12,-40.6,843.6,19.5,307,NA
1988,9,23,15,-40.3,844.4,15.6,319,NA
1988,9,23,18,-40.5,845.1,17,324,NA
1988,9,23,21,-39.9,847.8,14.6,320,NA
1988,9,24,0,-37.8,848.6,13.8,320,NA
1988,9,24,3,NA,849.8,NA,NA,NA
1988,9,24,6,-33.3,850.8,NA,NA,NA
1988,9,24,9,-35,852,NA,NA,NA
1988,9,24,12,-34.1,852.3,NA,NA,NA
1988,9,24,15,-34.5,852.4,NA,NA,NA
1988,9,24,18,-34.4,852.9,NA,NA,NA
1988,9,24,21,-32.8,854,NA,NA,NA
1988,9,25,0,-32,854.2,NA,NA,NA
1988,9,25,3,-31.5,854.6,NA,NA,NA
1988,9,25,6,-31.8,854.8,NA,NA,NA
1988,9,25,9,-33.4,855.1,NA,NA,NA
1988,9,25,12,-33.8,855,NA,NA,NA
1988,9,25,15,-34.8,854.8,NA,NA,NA
1988,9,25,18,-34.5,854.3,NA,NA,NA
1988,9,25,21,-33.8,853.3,NA,NA,NA
1988,9,26,0,-32.4,852.7,NA,NA,NA
1988,9,26,3,-31.1,853.8,NA,NA,NA
1988,9,26,6,-31.6,853.2,NA,NA,NA
1988,9,26,9,-33.8,853.4,NA,NA,NA
1988,9,26,12,-34.6,853.4,NA,NA,NA
1988,9,26,15,-35.6,853.7,NA,NA,NA
1988,9,26,18,-36.3,854.1,NA,NA,NA
1988,9,26,21,-35.1,854.5,NA,NA,NA
1988,9,27,0,-33.1,854.8,NA,NA,NA
1988,9,27,3,-31.1,855.3,NA,NA,NA
1988,9,27,6,-31.4,856,NA,NA,NA
1988,9,27,9,-33,857.1,NA,NA,NA
1988,9,27,12,-31.1,857.8,NA,NA,NA
1988,9,27,15,-29.4,858.5,NA,NA,NA
1988,9,27,18,-28.8,858.9,NA,NA,NA
1988,9,27,21,-31.6,859.3,NA,NA,NA
1988,9,28,0,-30.3,860,NA,NA,NA
1988,9,28,3,-28.5,860.4,NA,NA,NA
1988,9,28,6,-28.8,861.6,NA,NA,NA
1988,9,28,9,-31.4,861.9,NA,NA,NA
1988,9,28,12,-33.3,861.8,NA,NA,NA
1988,9,28,15,-34.5,862.1,NA,NA,NA
1988,9,28,18,-36.3,861.8,NA,NA,NA
1988,9,28,21,-37,861.1,NA,NA,NA
1988,9,29,0,-35.8,861.2,NA,NA,NA
1988,9,29,3,-34.6,861.4,NA,NA,NA
1988,9,29,6,-35.4,861.4,NA,NA,NA
1988,9,29,9,-36.8,861.7,NA,NA,NA
1988,9,29,12,-38.1,861.4,NA,NA,NA
1988,9,29,15,-38.5,860.8,NA,NA,NA
1988,9,29,18,-38.6,860.5,NA,NA,NA
1988,9,29,21,-37,860.3,NA,NA,NA
1988,9,30,0,NA,859.7,NA,NA,NA
1988,9,30,3,NA,858.6,NA,NA,NA
1988,9,30,6,-32,856.5,NA,NA,NA
1988,9,30,9,-34.4,855.2,NA,NA,NA
1988,9,30,12,-35.9,855.1,NA,NA,NA
1988,9,30,15,-36.1,854.1,NA,NA,NA
1988,9,30,18,-36,852.9,NA,NA,NA
1988,9,30,21,-34.1,852.6,NA,NA,NA
1988,10,1,0,NA,NA,NA,NA,NA
1988,10,1,3,NA,NA,NA,NA,NA
1988,10,1,6,NA,NA,NA,NA,NA
1988,10,1,9,NA,NA,NA,NA,NA
1988,10,1,12,NA,NA,NA,NA,NA
1988,10,1,15,NA,NA,NA,NA,NA
1988,10,1,18,NA,NA,NA,NA,NA
1988,10,1,21,NA,NA,NA,NA,NA
1988,10,2,0,NA,NA,NA,NA,NA
1988,10,2,3,NA,NA,NA,NA,NA
1988,10,2,6,NA,NA,NA,NA,NA
1988,10,2,9,NA,NA,NA,NA,NA
1988,10,2,12,NA,NA,NA,NA,NA
1988,10,2,15,NA,NA,NA,NA,NA
1988,10,2,18,NA,NA,NA,NA,NA
1988,10,2,21,NA,NA,NA,NA,NA
1988,10,3,0,NA,NA,NA,NA,NA
1988,10,3,3,NA,NA,NA,NA,NA
1988,10,3,6,NA,NA,NA,NA,NA
1988,10,3,9,NA,NA,NA,NA,NA
1988,10,3,12,NA,NA,NA,NA,NA
1988,10,3,15,NA,NA,NA,NA,NA
1988,10,3,18,NA,NA,NA,NA,NA
1988,10,3,21,NA,NA,NA,NA,NA
1988,10,4,0,NA,NA,NA,NA,NA
1988,10,4,3,NA,NA,NA,NA,NA
1988,10,4,6,NA,NA,NA,NA,NA
1988,10,4,9,NA,NA,NA,NA,NA
1988,10,4,12,NA,NA,NA,NA,NA
1988,10,4,15,NA,NA,NA,NA,NA
1988,10,4,18,NA,NA,NA,NA,NA
1988,10,4,21,NA,NA,NA,NA,NA
1988,10,5,0,NA,NA,NA,NA,NA
1988,10,5,3,NA,NA,NA,NA,NA
1988,10,5,6,NA,NA,NA,NA,NA
1988,10,5,9,NA,NA,NA,NA,NA
1988,10,5,12,NA,NA,NA,NA,NA
1988,10,5,15,NA,NA,NA,NA,NA
1988,10,5,18,NA,NA,NA,NA,NA
1988,10,5,21,NA,NA,NA,NA,NA
1988,10,6,0,NA,NA,NA,NA,NA
1988,10,6,3,NA,NA,NA,NA,NA
1988,10,6,6,NA,NA,NA,NA,NA
1988,10,6,9,NA,NA,NA,NA,NA
1988,10,6,12,NA,NA,NA,NA,NA
1988,10,6,15,NA,NA,NA,NA,NA
1988,10,6,18,NA,NA,NA,NA,NA
1988,10,6,21,NA,NA,NA,NA,NA
1988,10,7,0,NA,NA,NA,NA,NA
1988,10,7,3,NA,NA,NA,NA,NA
1988,10,7,6,NA,NA,NA,NA,NA
1988,10,7,9,NA,NA,NA,NA,NA
1988,10,7,12,NA,NA,NA,NA,NA
1988,10,7,15,NA,NA,NA,NA,NA
1988,10,7,18,NA,NA,NA,NA,NA
1988,10,7,21,NA,NA,NA,NA,NA
1988,10,8,0,NA,NA,NA,NA,NA
1988,10,8,3,NA,NA,NA,NA,NA
1988,10,8,6,NA,NA,NA,NA,NA
1988,10,8,9,NA,NA,NA,NA,NA
1988,10,8,12,NA,NA,NA,NA,NA
1988,10,8,15,NA,NA,NA,NA,NA
1988,10,8,18,NA,NA,NA,NA,NA
1988,10,8,21,NA,NA,NA,NA,NA
1988,10,9,0,NA,NA,NA,NA,NA
1988,10,9,3,NA,NA,NA,NA,NA
1988,10,9,6,NA,NA,NA,NA,NA
1988,10,9,9,NA,NA,NA,NA,NA
1988,10,9,12,NA,NA,NA,NA,NA
1988,10,9,15,NA,NA,NA,NA,NA
1988,10,9,18,NA,NA,NA,NA,NA
1988,10,9,21,NA,NA,NA,NA,NA
1988,10,10,0,NA,NA,NA,NA,NA
1988,10,10,3,NA,NA,NA,NA,NA
1988,10,10,6,NA,NA,NA,NA,NA
1988,10,10,9,NA,NA,NA,NA,NA
1988,10,10,12,NA,NA,NA,NA,NA
1988,10,10,15,NA,NA,NA,NA,NA
1988,10,10,18,NA,NA,NA,NA,NA
1988,10,10,21,NA,NA,NA,NA,NA
1988,10,11,0,NA,NA,NA,NA,NA
1988,10,11,3,NA,NA,NA,NA,NA
1988,10,11,6,NA,NA,NA,NA,NA
1988,10,11,9,NA,NA,NA,NA,NA
1988,10,11,12,NA,NA,NA,NA,NA
1988,10,11,15,NA,NA,NA,NA,NA
1988,10,11,18,NA,NA,NA,NA,NA
1988,10,11,21,NA,NA,NA,NA,NA
1988,10,12,0,NA,NA,NA,NA,NA
1988,10,12,3,NA,NA,NA,NA,NA
1988,10,12,6,NA,NA,NA,NA,NA
1988,10,12,9,NA,NA,NA,NA,NA
1988,10,12,12,NA,NA,NA,NA,NA
1988,10,12,15,NA,NA,NA,NA,NA
1988,10,12,18,NA,NA,NA,NA,NA
1988,10,12,21,NA,NA,NA,NA,NA
1988,10,13,0,NA,NA,NA,NA,NA
1988,10,13,3,NA,NA,NA,NA,NA
1988,10,13,6,NA,NA,NA,NA,NA
1988,10,13,9,NA,NA,NA,NA,NA
1988,10,13,12,NA,NA,NA,NA,NA
1988,10,13,15,NA,NA,NA,NA,NA
1988,10,13,18,NA,NA,NA,NA,NA
1988,10,13,21,NA,NA,NA,NA,NA
1988,10,14,0,NA,NA,NA,NA,NA
1988,10,14,3,NA,NA,NA,NA,NA
1988,10,14,6,NA,NA,NA,NA,NA
1988,10,14,9,NA,NA,NA,NA,NA
1988,10,14,12,NA,NA,NA,NA,NA
1988,10,14,15,NA,NA,NA,NA,NA
1988,10,14,18,NA,NA,NA,NA,NA
1988,10,14,21,NA,NA,NA,NA,NA
1988,10,15,0,NA,NA,NA,NA,NA
1988,10,15,3,NA,NA,NA,NA,NA
1988,10,15,6,NA,NA,NA,NA,NA
1988,10,15,9,NA,NA,NA,NA,NA
1988,10,15,12,NA,NA,NA,NA,NA
1988,10,15,15,NA,NA,NA,NA,NA
1988,10,15,18,NA,NA,NA,NA,NA
1988,10,15,21,NA,NA,NA,NA,NA
1988,10,16,0,NA,NA,NA,NA,NA
1988,10,16,3,NA,NA,NA,NA,NA
1988,10,16,6,NA,NA,NA,NA,NA
1988,10,16,9,NA,NA,NA,NA,NA
1988,10,16,12,NA,NA,NA,NA,NA
1988,10,16,15,NA,NA,NA,NA,NA
1988,10,16,18,NA,NA,NA,NA,NA
1988,10,16,21,NA,NA,NA,NA,NA
1988,10,17,0,NA,NA,NA,NA,NA
1988,10,17,3,NA,NA,NA,NA,NA
1988,10,17,6,NA,NA,NA,NA,NA
1988,10,17,9,NA,NA,NA,NA,NA
1988,10,17,12,NA,NA,NA,NA,NA
1988,10,17,15,NA,NA,NA,NA,NA
1988,10,17,18,NA,NA,NA,NA,NA
1988,10,17,21,NA,NA,NA,NA,NA
1988,10,18,0,NA,NA,NA,NA,NA
1988,10,18,3,NA,NA,NA,NA,NA
1988,10,18,6,NA,NA,NA,NA,NA
1988,10,18,9,NA,NA,NA,NA,NA
1988,10,18,12,NA,NA,NA,NA,NA
1988,10,18,15,NA,NA,NA,NA,NA
1988,10,18,18,NA,NA,NA,NA,NA
1988,10,18,21,NA,NA,NA,NA,NA
1988,10,19,0,NA,NA,NA,NA,NA
1988,10,19,3,NA,NA,NA,NA,NA
1988,10,19,6,NA,NA,NA,NA,NA
1988,10,19,9,NA,NA,NA,NA,NA
1988,10,19,12,NA,NA,NA,NA,NA
1988,10,19,15,NA,NA,NA,NA,NA
1988,10,19,18,NA,NA,NA,NA,NA
1988,10,19,21,NA,NA,NA,NA,NA
1988,10,20,0,NA,NA,NA,NA,NA
1988,10,20,3,NA,NA,NA,NA,NA
1988,10,20,6,NA,NA,NA,NA,NA
1988,10,20,9,NA,NA,NA,NA,NA
1988,10,20,12,NA,NA,NA,NA,NA
1988,10,20,15,NA,NA,NA,NA,NA
1988,10,20,18,NA,NA,NA,NA,NA
1988,10,20,21,NA,NA,NA,NA,NA
1988,10,21,0,NA,NA,NA,NA,NA
1988,10,21,3,NA,NA,NA,NA,NA
1988,10,21,6,NA,NA,NA,NA,NA
1988,10,21,9,NA,NA,NA,NA,NA
1988,10,21,12,NA,NA,NA,NA,NA
1988,10,21,15,NA,NA,NA,NA,NA
1988,10,21,18,NA,NA,NA,NA,NA
1988,10,21,21,NA,NA,NA,NA,NA
1988,10,22,0,NA,NA,NA,NA,NA
1988,10,22,3,NA,NA,NA,NA,NA
1988,10,22,6,NA,NA,NA,NA,NA
1988,10,22,9,NA,NA,NA,NA,NA
1988,10,22,12,NA,NA,NA,NA,NA
1988,10,22,15,NA,NA,NA,NA,NA
1988,10,22,18,NA,NA,NA,NA,NA
1988,10,22,21,NA,NA,NA,NA,NA
1988,10,23,0,NA,NA,NA,NA,NA
1988,10,23,3,NA,NA,NA,NA,NA
1988,10,23,6,NA,NA,NA,NA,NA
1988,10,23,9,NA,NA,NA,NA,NA
1988,10,23,12,NA,NA,NA,NA,NA
1988,10,23,15,NA,NA,NA,NA,NA
1988,10,23,18,NA,NA,NA,NA,NA
1988,10,23,21,NA,NA,NA,NA,NA
1988,10,24,0,NA,NA,NA,NA,NA
1988,10,24,3,NA,NA,NA,NA,NA
1988,10,24,6,NA,NA,NA,NA,NA
1988,10,24,9,NA,NA,NA,NA,NA
1988,10,24,12,NA,NA,NA,NA,NA
1988,10,24,15,NA,NA,NA,NA,NA
1988,10,24,18,NA,NA,NA,NA,NA
1988,10,24,21,NA,NA,NA,NA,NA
1988,10,25,0,NA,NA,NA,NA,NA
1988,10,25,3,NA,NA,NA,NA,NA
1988,10,25,6,NA,NA,NA,NA,NA
1988,10,25,9,NA,NA,NA,NA,NA
1988,10,25,12,NA,NA,NA,NA,NA
1988,10,25,15,NA,NA,NA,NA,NA
1988,10,25,18,NA,NA,NA,NA,NA
1988,10,25,21,NA,NA,NA,NA,NA
1988,10,26,0,NA,NA,NA,NA,NA
1988,10,26,3,NA,NA,NA,NA,NA
1988,10,26,6,NA,NA,NA,NA,NA
1988,10,26,9,NA,NA,NA,NA,NA
1988,10,26,12,NA,NA,NA,NA,NA
1988,10,26,15,NA,NA,NA,NA,NA
1988,10,26,18,NA,NA,NA,NA,NA
1988,10,26,21,NA,NA,NA,NA,NA
1988,10,27,0,NA,NA,NA,NA,NA
1988,10,27,3,NA,NA,NA,NA,NA
1988,10,27,6,NA,NA,NA,NA,NA
1988,10,27,9,NA,NA,NA,NA,NA
1988,10,27,12,NA,NA,NA,NA,NA
1988,10,27,15,NA,NA,NA,NA,NA
1988,10,27,18,NA,NA,NA,NA,NA
1988,10,27,21,NA,NA,NA,NA,NA
1988,10,28,0,NA,NA,NA,NA,NA
1988,10,28,3,NA,NA,NA,NA,NA
1988,10,28,6,NA,NA,NA,NA,NA
1988,10,28,9,NA,NA,NA,NA,NA
1988,10,28,12,NA,NA,NA,NA,NA
1988,10,28,15,NA,NA,NA,NA,NA
1988,10,28,18,NA,NA,NA,NA,NA
1988,10,28,21,NA,NA,NA,NA,NA
1988,10,29,0,NA,NA,NA,NA,NA
1988,10,29,3,NA,NA,NA,NA,NA
1988,10,29,6,NA,NA,NA,NA,NA
1988,10,29,9,NA,NA,NA,NA,NA
1988,10,29,12,NA,NA,NA,NA,NA
1988,10,29,15,NA,NA,NA,NA,NA
1988,10,29,18,NA,NA,NA,NA,NA
1988,10,29,21,NA,NA,NA,NA,NA
1988,10,30,0,NA,NA,NA,NA,NA
1988,10,30,3,NA,NA,NA,NA,NA
1988,10,30,6,NA,NA,NA,NA,NA
1988,10,30,9,NA,NA,NA,NA,NA
1988,10,30,12,NA,NA,NA,NA,NA
1988,10,30,15,NA,NA,NA,NA,NA
1988,10,30,18,NA,NA,NA,NA,NA
1988,10,30,21,NA,NA,NA,NA,NA
1988,10,31,0,NA,NA,NA,NA,NA
1988,10,31,3,NA,NA,NA,NA,NA
1988,10,31,6,NA,NA,NA,NA,NA
1988,10,31,9,NA,NA,NA,NA,NA
1988,10,31,12,NA,NA,NA,NA,NA
1988,10,31,15,NA,NA,NA,NA,NA
1988,10,31,18,NA,NA,NA,NA,NA
1988,10,31,21,NA,NA,NA,NA,NA
1988,11,1,0,-16.8,865.7,NA,NA,NA
1988,11,1,3,-17.4,864.9,NA,NA,NA
1988,11,1,6,-17.3,864.2,NA,NA,NA
1988,11,1,9,-20.1,864,NA,NA,NA
1988,11,1,12,-19,863.8,NA,NA,NA
1988,11,1,15,-22.8,863.4,NA,NA,NA
1988,11,1,18,-22.8,863,NA,NA,NA
1988,11,1,21,-20.8,863.4,NA,NA,NA
1988,11,2,0,NA,862.8,NA,NA,NA
1988,11,2,3,-16.6,861.8,NA,NA,NA
1988,11,2,6,-17.8,861.2,NA,NA,NA
1988,11,2,9,-19.8,861.1,NA,NA,NA
1988,11,2,12,NA,860.3,NA,NA,NA
1988,11,2,15,NA,860.1,NA,NA,NA
1988,11,2,18,-23.8,859.6,NA,NA,NA
1988,11,2,21,-21.9,860.2,NA,NA,NA
1988,11,3,0,-18.9,859.5,NA,NA,NA
1988,11,3,3,-17.6,858.9,NA,NA,NA
1988,11,3,6,-18.9,858.5,NA,NA,NA
1988,11,3,9,-20.1,858.9,NA,NA,NA
1988,11,3,12,-23.1,859.1,NA,NA,NA
1988,11,3,15,NA,858.7,NA,NA,NA
1988,11,3,18,-25.6,857.6,NA,NA,NA
1988,11,3,21,-23.9,857.2,NA,NA,NA
1988,11,4,0,-21.6,856.1,NA,NA,NA
1988,11,4,3,-20.1,855.8,NA,NA,NA
1988,11,4,6,-20.5,854.9,NA,NA,NA
1988,11,4,9,-22.5,854.9,NA,NA,NA
1988,11,4,12,-24.1,854.9,NA,NA,NA
1988,11,4,15,NA,855.2,NA,NA,NA
1988,11,4,18,-28.1,855.1,NA,NA,NA
1988,11,4,21,-25.9,854.7,NA,NA,NA
1988,11,5,0,-24.4,854.6,NA,NA,NA
1988,11,5,3,-24.5,854.3,NA,NA,NA
1988,11,5,6,-24.9,853.9,NA,NA,NA
1988,11,5,9,-27.6,853.6,NA,NA,NA
1988,11,5,12,NA,852.6,NA,NA,NA
1988,11,5,15,-32.3,851.3,NA,NA,NA
1988,11,5,18,-33.1,850.7,NA,NA,NA
1988,11,5,21,-30.5,849.5,NA,NA,NA
1988,11,6,0,NA,848.5,NA,NA,NA
1988,11,6,3,NA,846.8,NA,NA,NA
1988,11,6,6,-26.4,845.4,NA,NA,NA
1988,11,6,9,-29.8,844,NA,NA,NA
1988,11,6,12,NA,842.8,NA,NA,NA
1988,11,6,15,-33.9,841.7,NA,NA,NA
1988,11,6,18,-33.4,841,NA,NA,NA
1988,11,6,21,-30.6,840.7,NA,NA,NA
1988,11,7,0,NA,840.3,NA,NA,NA
1988,11,7,3,NA,840.2,NA,NA,NA
1988,11,7,6,-22.5,839.9,NA,NA,NA
1988,11,7,9,NA,839.8,NA,NA,NA
1988,11,7,12,NA,839.1,NA,NA,NA
1988,11,7,15,-30.8,838.7,NA,NA,NA
1988,11,7,18,-30.4,839.3,NA,NA,NA
1988,11,7,21,-28.4,839.6,NA,NA,NA
1988,11,8,0,NA,839.6,NA,NA,NA
1988,11,8,3,NA,840.2,NA,NA,NA
1988,11,8,6,-23.9,840.9,NA,NA,NA
1988,11,8,9,NA,841.8,NA,NA,NA
1988,11,8,12,NA,842.9,NA,NA,NA
1988,11,8,15,-31.4,843.7,NA,NA,NA
1988,11,8,18,-28.3,843.9,NA,NA,NA
1988,11,8,21,NA,844.6,NA,NA,NA
1988,11,9,0,NA,845.3,NA,NA,NA
1988,11,9,3,NA,846,NA,NA,NA
1988,11,9,6,-21.9,847.2,NA,NA,NA
1988,11,9,9,-22.9,848.4,NA,NA,NA
1988,11,9,12,-23.5,848.5,NA,NA,NA
1988,11,9,15,-23.3,849,NA,NA,NA
1988,11,9,18,-23.8,848.9,NA,NA,NA
1988,11,9,21,-22.6,848.9,NA,NA,NA
1988,11,10,0,-21,848.4,NA,NA,NA
1988,11,10,3,-20,847.6,NA,NA,NA
1988,11,10,6,-20.1,847,NA,NA,NA
1988,11,10,9,-23.4,846.1,NA,NA,NA
1988,11,10,12,NA,845.3,NA,NA,NA
1988,11,10,15,-28,844.4,NA,NA,NA
1988,11,10,18,-29.4,844,NA,NA,NA
1988,11,10,21,-26.3,844,NA,NA,NA
1988,11,11,0,NA,843.8,NA,NA,NA
1988,11,11,3,NA,843.5,NA,NA,NA
1988,11,11,6,-18.3,843.2,NA,NA,NA
1988,11,11,9,NA,843.1,NA,NA,NA
1988,11,11,12,NA,842.8,NA,NA,NA
1988,11,11,15,-24.8,842.5,NA,NA,NA
1988,11,11,18,-22.8,842.4,NA,NA,NA
1988,11,11,21,-19.9,842.1,NA,NA,NA
1988,11,12,0,-20.1,841.9,NA,NA,NA
1988,11,12,3,-17.1,841.5,NA,NA,NA
1988,11,12,6,-20.9,841.6,NA,NA,NA
1988,11,12,9,NA,841.8,NA,NA,NA
1988,11,12,12,NA,842,NA,NA,NA
1988,11,12,15,-24.4,842.2,NA,NA,NA
1988,11,12,18,-22.3,842.3,NA,NA,NA
1988,11,12,21,-20.3,842.8,NA,NA,NA
1988,11,13,0,-18.9,843.2,NA,NA,NA
1988,11,13,3,-17.3,843.2,NA,NA,NA
1988,11,13,6,-17.9,843.3,NA,NA,NA
1988,11,13,9,-21.9,843.1,NA,NA,NA
1988,11,13,12,NA,842.9,NA,NA,NA
1988,11,13,15,-25,842.4,NA,NA,NA
1988,11,13,18,-24.9,841.7,NA,NA,NA
1988,11,13,21,-20.8,841.7,NA,NA,NA
1988,11,14,0,NA,842.1,NA,NA,NA
1988,11,14,3,-15.9,842.3,NA,NA,NA
1988,11,14,6,-15.4,842.4,NA,NA,NA
1988,11,14,9,-15.4,842.9,NA,NA,NA
1988,11,14,12,-15.1,843.2,NA,NA,NA
1988,11,14,15,-17.5,843.3,NA,NA,NA
1988,11,14,18,-18.5,844.4,NA,NA,NA
1988,11,14,21,-15.4,845.7,NA,NA,NA
1988,11,15,0,-13.9,846.7,NA,NA,NA
1988,11,15,3,-13.9,847.3,NA,NA,NA
1988,11,15,6,-12.8,848.4,NA,NA,NA
1988,11,15,9,-14.4,848.8,NA,NA,NA
1988,11,15,12,-15,849.2,NA,NA,NA
1988,11,15,15,-17.9,848.8,NA,NA,NA
1988,11,15,18,-19.8,849.1,NA,NA,NA
1988,11,15,21,-18.5,849.8,NA,NA,NA
1988,11,16,0,NA,NA,NA,NA,NA
1988,11,16,3,NA,NA,NA,NA,NA
1988,11,16,6,NA,NA,NA,NA,NA
1988,11,16,9,NA,NA,NA,NA,NA
1988,11,16,12,NA,NA,NA,NA,NA
1988,11,16,15,NA,NA,NA,NA,NA
1988,11,16,18,NA,NA,NA,NA,NA
1988,11,16,21,NA,NA,NA,NA,NA
1988,11,17,0,-15.9,848.4,NA,NA,NA
1988,11,17,3,-14.1,847.6,NA,NA,NA
1988,11,17,6,-14.5,847.2,NA,NA,NA
1988,11,17,9,-17.3,846.7,NA,NA,NA
1988,11,17,12,NA,845.8,NA,NA,NA
1988,11,17,15,NA,845.4,NA,NA,NA
1988,11,17,18,-22.4,844.8,NA,NA,NA
1988,11,17,21,-20.8,844.8,NA,NA,NA
1988,11,18,0,-17.5,845,NA,NA,NA
1988,11,18,3,NA,845.4,NA,NA,NA
1988,11,18,6,-16,845.9,NA,NA,NA
1988,11,18,9,-18,846.5,NA,NA,NA
1988,11,18,12,NA,847,NA,NA,NA
1988,11,18,15,-22,847.5,NA,NA,NA
1988,11,18,18,-21.6,848,NA,NA,NA
1988,11,18,21,-18.8,848.9,NA,NA,NA
1988,11,19,0,-16.8,848.8,NA,NA,NA
1988,11,19,3,-15,848.6,NA,NA,NA
1988,11,19,6,-16,848.4,NA,NA,NA
1988,11,19,9,-18.5,848.3,NA,NA,NA
1988,11,19,12,NA,848,NA,NA,NA
1988,11,19,15,NA,848,NA,NA,NA
1988,11,19,18,-23.3,848.2,NA,NA,NA
1988,11,19,21,-19.5,848.8,NA,NA,NA
1988,11,20,0,NA,848.6,NA,NA,NA
1988,11,20,3,NA,848.3,NA,NA,NA
1988,11,20,6,-14.9,848.1,NA,NA,NA
1988,11,20,9,-17.9,847.5,NA,NA,NA
1988,11,20,12,-16.9,847,NA,NA,NA
1988,11,20,15,-21.6,846.7,NA,NA,NA
1988,11,20,18,-19.6,846.9,NA,NA,NA
1988,11,20,21,-17.1,846.7,NA,NA,NA
1988,11,21,0,NA,846.8,NA,NA,NA
1988,11,21,3,NA,846.3,NA,NA,NA
1988,11,21,6,-11.1,846.3,NA,NA,NA
1988,11,21,9,NA,846.5,NA,NA,NA
1988,11,21,12,NA,846.6,NA,NA,NA
1988,11,21,15,NA,846.9,NA,NA,NA
1988,11,21,18,-19.9,847,NA,NA,NA
1988,11,21,21,NA,847.2,NA,NA,NA
1988,11,22,0,NA,847.1,NA,NA,NA
1988,11,22,3,-11.1,846.9,NA,NA,NA
1988,11,22,6,-13.6,846.6,NA,NA,NA
1988,11,22,9,NA,NA,NA,NA,NA
1988,11,22,12,-21.9,845.7,NA,NA,NA
1988,11,22,15,-25.6,845.7,NA,NA,NA
1988,11,22,18,-23.8,845.6,NA,NA,NA
1988,11,22,21,NA,845.7,NA,NA,NA
1988,11,23,0,NA,845.8,NA,NA,NA
1988,11,23,3,NA,845.2,NA,NA,NA
1988,11,23,6,-14,845.5,NA,NA,NA
1988,11,23,9,-16.5,846.1,NA,NA,NA
1988,11,23,12,-17.8,847.3,NA,NA,NA
1988,11,23,15,-18.5,848.2,NA,NA,NA
1988,11,23,18,-18.9,849.8,NA,NA,NA
1988,11,23,21,-16.8,850.5,NA,NA,NA
1988,11,24,0,NA,851.2,NA,NA,NA
1988,11,24,3,-12.8,851.6,NA,NA,NA
1988,11,24,6,-15,852.1,NA,NA,NA
1988,11,24,9,-16.8,852.3,NA,NA,NA
1988,11,24,12,-19.9,852.6,NA,NA,NA
1988,11,24,15,NA,852.9,NA,NA,NA
1988,11,24,18,-22,853.1,NA,NA,NA
1988,11,24,21,-19.5,853.3,NA,NA,NA
1988,11,25,0,NA,853.8,4.7,321,NA
1988,11,25,3,-15.3,854,3.2,320,NA
1988,11,25,6,-16,854.2,3.5,320,NA
1988,11,25,9,-18.5,854.5,3,313,NA
1988,11,25,12,NA,855.4,NA,NA,NA
1988,11,25,15,NA,855.8,NA,NA,NA
1988,11,25,18,-20.9,856.8,NA,NA,NA
1988,11,25,21,NA,857.4,NA,NA,NA
1988,11,26,0,NA,857.9,NA,NA,NA
1988,11,26,3,-13.6,858,NA,NA,NA
1988,11,26,6,-14.1,858,NA,NA,NA
1988,11,26,9,-15.4,858.3,NA,NA,NA
1988,11,26,12,NA,858.7,NA,NA,NA
1988,11,26,15,NA,859.4,NA,NA,NA
1988,11,26,18,-21.9,859.9,NA,NA,NA
1988,11,26,21,-20.6,860.5,NA,NA,NA
1988,11,27,0,-17.9,861.1,5.2,324,NA
1988,11,27,3,NA,861.3,4.2,324,NA
1988,11,27,6,-14.1,861.2,4.4,320,NA
1988,11,27,9,-16.1,861.3,4.9,309,NA
1988,11,27,12,-18.6,862.5,5.4,307,NA
1988,11,27,15,-20.4,862.4,5.7,307,NA
1988,11,27,18,-20.3,864.7,6.2,324,NA
1988,11,27,21,-18.4,865.1,7.2,331,NA
1988,11,28,0,-16.5,864.7,4.4,307,NA
1988,11,28,3,-14.8,864.4,5.9,314,NA
1988,11,28,6,-14.1,863.9,5.9,306,NA
1988,11,28,9,-15,862.5,7.4,306,NA
1988,11,28,12,-16.1,861.7,NA,NA,NA
1988,11,28,15,-18.9,860,NA,NA,NA
1988,11,28,18,-18.4,857.5,NA,NA,NA
1988,11,28,21,-18.4,855.9,NA,NA,NA
1988,11,29,0,-16.9,855,NA,NA,NA
1988,11,29,3,-15.6,854.4,NA,NA,NA
1988,11,29,6,-15.6,853.7,NA,NA,NA
1988,11,29,9,-17.3,853.8,4.4,324,NA
1988,11,29,12,-20,853.8,4.4,324,NA
1988,11,29,15,NA,852.4,5.9,307,NA
1988,11,29,18,-23.1,851.7,6.4,319,NA
1988,11,29,21,-20.8,851.4,5.2,317,NA
1988,11,30,0,NA,851.4,4.9,309,NA
1988,11,30,3,NA,851.2,2,309,NA
1988,11,30,6,-16.3,851,3.5,309,NA
1988,11,30,9,-18.4,851.3,4.2,317,NA
1988,11,30,12,NA,851.6,4.9,319,NA
1988,11,30,15,-21.6,851.7,4.7,306,NA
1988,11,30,18,-20.9,852.1,5.4,306,NA
1988,11,30,21,-19,853.1,5.7,319,NA
1988,12,1,0,-17.3,853.5,4.9,316,NA
1988,12,1,3,-14.9,854,3.7,305,NA
1988,12,1,6,-17.1,854.7,5.2,305,NA
1988,12,1,9,-18.5,855,3.5,316,NA
1988,12,1,12,-20.9,855.4,NA,NA,NA
1988,12,1,15,-22.6,855.3,NA,NA,NA
1988,12,1,18,-22.1,855.5,NA,NA,NA
1988,12,1,21,-19.8,855.3,NA,NA,NA
1988,12,2,0,NA,855.1,NA,NA,NA
1988,12,2,3,NA,855,NA,NA,NA
1988,12,2,6,-14.1,854.9,NA,NA,NA
1988,12,2,9,-17.3,854.7,NA,NA,NA
1988,12,2,12,NA,854.7,NA,NA,NA
1988,12,2,15,-21.6,855,5.2,305,NA
1988,12,2,18,-21.1,854.9,7.2,314,NA
1988,12,2,21,-19,855.2,4.9,312,NA
1988,12,3,0,-16.8,854.1,3,305,NA
1988,12,3,3,-16.1,853.6,4.7,305,NA
1988,12,3,6,-15,852.9,3.7,313,NA
1988,12,3,9,-16,852.1,3.5,303,NA
1988,12,3,12,-18.9,851.7,4.7,303,NA
1988,12,3,15,-20.4,851.5,5.2,303,NA
1988,12,3,18,-20.4,851.2,5.9,313,NA
1988,12,3,21,-18.9,850.9,4.7,303,NA
1988,12,4,0,-16.5,850.2,4.9,302,NA
1988,12,4,3,-14.9,850,3.5,302,NA
1988,12,4,6,-14.4,850.8,2.5,302,NA
1988,12,4,9,-16.3,850.5,3.5,313,NA
1988,12,4,12,-18.5,850.4,4,314,NA
1988,12,4,15,-20.5,849.1,3.2,310,NA
1988,12,4,18,-21.1,848,4.2,302,NA
1988,12,4,21,-18.4,846.7,4,305,NA
1988,12,5,0,NA,846,NA,NA,NA
1988,12,5,3,NA,845.6,NA,NA,NA
1988,12,5,6,-13,845.6,NA,NA,NA
1988,12,5,9,NA,845.8,NA,NA,NA
1988,12,5,12,NA,845.9,NA,NA,NA
1988,12,5,15,NA,845.9,NA,NA,NA
1988,12,5,18,-22.6,845.6,NA,NA,NA
1988,12,5,21,-18.9,845.5,NA,NA,NA
1988,12,6,0,NA,845.2,NA,NA,NA
1988,12,6,3,-14.3,844.8,NA,NA,NA
1988,12,6,6,-14.8,844.3,NA,NA,NA
1988,12,6,9,-16.9,843.9,NA,NA,NA
1988,12,6,12,NA,844,NA,NA,NA
1988,12,6,15,NA,843.2,NA,NA,NA
1988,12,6,18,-21.4,842.6,NA,NA,NA
1988,12,6,21,-18.5,842.5,NA,NA,NA
1988,12,7,0,NA,842.2,NA,NA,NA
1988,12,7,3,NA,841.6,NA,NA,NA
1988,12,7,6,-12.6,841.3,NA,NA,NA
1988,12,7,9,-15.5,841,NA,NA,NA
1988,12,7,12,NA,840.8,NA,NA,NA
1988,12,7,15,NA,840.7,NA,NA,NA
1988,12,7,18,-20.4,840.8,NA,NA,NA
1988,12,7,21,-17.9,841.6,NA,NA,NA
1988,12,8,0,NA,842,NA,NA,NA
1988,12,8,3,NA,842.6,NA,NA,NA
1988,12,8,6,-10.8,843.5,NA,NA,NA
1988,12,8,9,-15.5,844.7,NA,NA,NA
1988,12,8,12,NA,846.1,NA,NA,NA
1988,12,8,15,-18.6,847.3,NA,NA,NA
1988,12,8,18,-15.5,848.3,NA,NA,NA
1988,12,8,21,NA,849.4,NA,NA,NA
1988,12,9,0,-11.1,850.7,NA,NA,NA
1988,12,9,3,-11.6,851.3,NA,NA,NA
1988,12,9,6,-11.9,852.5,NA,NA,NA
1988,12,9,9,-12.8,853.7,NA,NA,NA
1988,12,9,12,-13.3,855.3,NA,NA,NA
1988,12,9,15,-13.9,856.3,NA,NA,NA
1988,12,9,18,-13,857.5,NA,NA,NA
1988,12,9,21,-11.9,858.7,NA,NA,NA
1988,12,10,0,-11.5,859.4,NA,NA,NA
1988,12,10,3,-11.5,859.4,NA,NA,NA
1988,12,10,6,-12.4,859.7,NA,NA,NA
1988,12,10,9,NA,NA,NA,NA,NA
1988,12,10,12,-13.9,859.9,NA,NA,NA
1988,12,10,15,-14.1,860.1,NA,NA,NA
1988,12,10,18,-14.9,859.9,NA,NA,NA
1988,12,10,21,-13.1,860.1,NA,NA,NA
1988,12,11,0,-12.4,859.7,NA,NA,NA
1988,12,11,3,-10.8,859.6,NA,NA,NA
1988,12,11,6,-12.6,859.4,NA,NA,NA
1988,12,11,9,-13,859.3,NA,NA,NA
1988,12,11,12,-13.4,859.1,NA,NA,NA
1988,12,11,15,-13.9,858.6,NA,NA,NA
1988,12,11,18,-13.5,858.6,NA,NA,NA
1988,12,11,21,-12.4,858.8,NA,NA,NA
1988,12,12,0,-10.5,858.5,NA,NA,NA
1988,12,12,3,-9.3,857.8,NA,NA,NA
1988,12,12,6,-10.1,857.4,NA,NA,NA
1988,12,12,9,-10.9,857.5,NA,NA,NA
1988,12,12,12,-13.1,857.7,NA,NA,NA
1988,12,12,15,-13.1,857.7,NA,NA,NA
1988,12,12,18,-13.1,858.5,NA,NA,NA
1988,12,12,21,-11.5,859.2,NA,NA,NA
1988,12,13,0,-12.4,859.6,NA,NA,NA
1988,12,13,3,-10,859.9,NA,NA,NA
1988,12,13,6,-8,860.5,NA,NA,NA
1988,12,13,9,NA,860.9,NA,NA,NA
1988,12,13,12,NA,861.3,NA,NA,NA
1988,12,13,15,NA,861.8,NA,NA,NA
1988,12,13,18,-17.5,862.1,NA,NA,NA
1988,12,13,21,NA,862.3,NA,NA,NA
1988,12,14,0,NA,861.7,NA,NA,NA
1988,12,14,3,-10,860.7,NA,NA,NA
1988,12,14,6,-12.1,860.1,NA,NA,NA
1988,12,14,9,NA,859.3,NA,NA,NA
1988,12,14,12,NA,858.3,NA,NA,NA
1988,12,14,15,-18.6,857.7,NA,NA,NA
1988,12,14,18,-16.4,857.5,3,302,NA
1988,12,14,21,NA,857.6,4.4,317,NA
1988,12,15,0,-12,857.4,2.5,314,NA
1988,12,15,3,-10,857.3,NA,NA,NA
1988,12,15,6,-9.5,857.7,NA,NA,NA
1988,12,15,9,NA,857.9,NA,NA,NA
1988,12,15,12,NA,858.3,NA,NA,NA
1988,12,15,15,NA,858.7,NA,NA,NA
1988,12,15,18,-19.1,859.1,NA,NA,NA
1988,12,15,21,-17.6,859.4,4.7,313,NA
1988,12,16,0,NA,858.9,5.9,306,NA
1988,12,16,3,NA,858.4,3.7,302,NA
1988,12,16,6,-12.1,858.2,2,313,NA
1988,12,16,9,-14.1,857,3.7,314,NA
1988,12,16,12,NA,856.6,6.9,296,NA
1988,12,16,15,NA,856.8,4.4,307,NA
1988,12,16,18,-19.6,856.6,2.7,306,NA
1988,12,16,21,-18.1,856.1,2.7,309,NA
1988,12,17,0,-15.8,854.7,NA,NA,NA
1988,12,17,3,-14.4,854.3,NA,NA,NA
1988,12,17,6,-13,854,NA,NA,NA
1988,12,17,9,-14.1,853.3,NA,NA,NA
1988,12,17,12,-16.6,853.3,NA,NA,NA
1988,12,17,15,-18.3,853.7,NA,NA,NA
1988,12,17,18,-17.8,855.2,NA,NA,NA
1988,12,17,21,-14.8,855.6,2.2,310,NA
1988,12,18,0,NA,856.9,NA,NA,NA
1988,12,18,3,NA,857.1,NA,NA,NA
1988,12,18,6,-9.3,858.5,NA,NA,NA
1988,12,18,9,-11.9,859.4,NA,NA,NA
1988,12,18,12,-14,861,NA,NA,NA
1988,12,18,15,-11.5,862.2,NA,NA,NA
1988,12,18,18,-9.4,863.7,NA,NA,NA
1988,12,18,21,NA,865,NA,NA,NA
1988,12,19,0,-7,866.2,NA,NA,NA
1988,12,19,3,-6.6,866.7,NA,NA,NA
1988,12,19,6,NA,866.8,0.5,313,NA
1988,12,19,9,NA,866.5,2,313,NA
1988,12,19,12,NA,865.8,2.2,303,NA
1988,12,19,15,-15.4,865,3,306,NA
1988,12,19,18,-13.3,864.4,2.7,303,NA
1988,12,19,21,-11.5,863.8,2.7,289,NA
1988,12,20,0,-9.1,863.1,2.2,274,NA
1988,12,20,3,-8,862.1,2,274,NA
1988,12,20,6,-9,860.6,2.2,274,NA
1988,12,20,9,-11.1,859.5,2.5,330,NA
1988,12,20,12,NA,858.3,3.5,335,NA
1988,12,20,15,-15.5,856.8,2.5,303,NA
1988,12,20,18,-15.6,855.7,4.2,324,NA
1988,12,20,21,-13.5,854.1,2.7,330,NA
1988,12,21,0,NA,852.6,2.2,335,NA
1988,12,21,3,NA,851.1,2.7,328,NA
1988,12,21,6,NA,850.3,1.7,326,NA
1988,12,21,9,NA,849.6,1.5,313,NA
1988,12,21,12,NA,849.4,2,302,NA
1988,12,21,15,-15.6,848.7,3,290,NA
1988,12,21,18,-15.4,848.9,2.7,292,NA
1988,12,21,21,-12.8,849.6,3,314,NA
1988,12,22,0,NA,850,2.2,309,NA
1988,12,22,3,NA,850.6,1,303,NA
1988,12,22,6,NA,851.4,0.7,305,NA
1988,12,22,9,NA,852.2,NA,NA,NA
1988,12,22,12,NA,853,NA,NA,NA
1988,12,22,15,NA,853.6,NA,NA,NA
1988,12,22,18,-17.3,854.5,NA,NA,NA
1988,12,22,21,-13.9,855,NA,NA,NA
1988,12,23,0,NA,855.1,NA,NA,NA
1988,12,23,3,-9.8,855,NA,NA,NA
1988,12,23,6,-11.5,855,NA,NA,NA
1988,12,23,9,NA,854.8,1,288,NA
1988,12,23,12,-14.9,854.7,2.7,279,NA
1988,12,23,15,-16.9,854.3,2.7,282,NA
1988,12,23,18,-16.6,853.2,5.4,275,NA
1988,12,23,21,-14.8,852.6,4.2,275,NA
1988,12,24,0,NA,851.7,2.2,309,NA
1988,12,24,3,NA,851,2.7,323,NA
1988,12,24,6,-10.3,849.4,2,319,NA
1988,12,24,9,-12.5,848.8,2.7,328,NA
1988,12,24,12,NA,848.8,1.2,285,NA
1988,12,24,15,NA,848.8,1.5,275,NA
1988,12,24,18,-18.9,848.7,2.2,289,NA
1988,12,24,21,NA,848.7,2,268,NA
1988,12,25,0,NA,848.9,1.5,262,NA
1988,12,25,3,NA,848.6,0.7,268,NA
1988,12,25,6,NA,848.5,NA,NA,NA
1988,12,25,9,NA,848.4,0.5,309,NA
1988,12,25,12,NA,848.6,1.5,292,NA
1988,12,25,15,-13.3,848.5,2.2,286,NA
1988,12,25,18,-12.9,848.4,2,288,NA
1988,12,25,21,NA,848.6,1.5,274,NA
1988,12,26,0,NA,848.9,1.7,290,NA
1988,12,26,3,NA,849.1,0.5,272,NA
1988,12,26,6,NA,849,1.5,312,NA
1988,12,26,9,-9.8,849.3,2,303,NA
1988,12,26,12,NA,850,2.5,302,NA
1988,12,26,15,NA,850.4,3.7,286,NA
1988,12,26,18,-16.3,851.3,4,289,NA
1988,12,26,21,-13.6,852.4,3.7,295,NA
1988,12,27,0,-11.5,853.2,4.4,331,NA
1988,12,27,3,-9.8,853.6,3.5,326,NA
1988,12,27,6,-10,854.5,3.2,323,NA
1988,12,27,9,-12.4,854.8,2.7,326,NA
1988,12,27,12,-14.1,855.4,3.2,312,NA
1988,12,27,15,-17.3,856.2,4,293,NA
1988,12,27,18,-16.3,856.7,3.5,299,NA
1988,12,27,21,-14.3,858.1,3.7,305,NA
1988,12,28,0,-11.6,858.5,3.2,320,NA
1988,12,28,3,-11,858.4,2.5,316,NA
1988,12,28,6,-10.6,858.4,2.5,324,NA
1988,12,28,9,NA,858.1,1.7,314,NA
1988,12,28,12,-15.1,857.9,2.2,312,NA
1988,12,28,15,-16.3,857.5,3.2,298,NA
1988,12,28,18,-16,856.9,2.7,292,NA
1988,12,28,21,-12.9,857.1,2.7,299,NA
1988,12,29,0,NA,857.2,2.7,313,NA
1988,12,29,3,-10.6,855.8,4.2,302,NA
1988,12,29,6,-11.3,855.3,3.7,292,NA
1988,12,29,9,-12.4,854.3,3.7,290,NA
1988,12,29,12,-14.5,853.7,5.4,293,NA
1988,12,29,15,-16.1,853.3,5.7,286,NA
1988,12,29,18,-17.1,854.1,6.7,330,NA
1988,12,29,21,-15.9,854.4,4,335,NA
1988,12,30,0,NA,854.6,2.7,330,NA
1988,12,30,3,NA,854.1,3.7,321,NA
1988,12,30,6,-9.5,854.3,3,331,NA
1988,12,30,9,NA,854.4,1.7,338,NA
1988,12,30,12,-13.5,854.3,3,292,NA
1988,12,30,15,NA,853.9,3.2,330,NA
1988,12,30,18,-16.6,853.6,4.7,328,NA
1988,12,30,21,-14.5,852.9,5.7,313,NA
1988,12,31,0,NA,852.2,3.7,310,NA
1988,12,31,3,NA,851,2.5,303,NA
1988,12,31,6,NA,850.6,1.5,310,NA
1988,12,31,9,NA,850.6,0.7,195,NA
1988,12,31,12,-12.5,851,NA,NA,NA
1988,12,31,15,NA,851.1,0.7,312,NA
1988,12,31,18,-14.4,851.1,3.2,323,NA
1988,12,31,21,-14.3,851.3,4.2,327,NA
1989,1,1,0,-11.5,851.7,NA,NA,42
1989,1,1,3,NA,851.5,NA,NA,25
1989,1,1,6,-8,851.5,NA,NA,25
1989,1,1,9,-8.9,851.3,NA,NA,37
1989,1,1,12,-12.1,851.5,NA,NA,50
1989,1,1,15,-13,851.6,NA,NA,50
1989,1,1,18,-12.5,851.6,NA,NA,43
1989,1,1,21,-11.8,851.6,NA,NA,39
1989,1,2,0,-10.5,851.3,NA,NA,40
1989,1,2,3,-8,850.1,NA,NA,32
1989,1,2,6,-8.8,849.3,NA,NA,33
1989,1,2,9,-10.4,848.5,NA,NA,37
1989,1,2,12,-11.9,848.2,NA,NA,37
1989,1,2,15,NA,847.2,NA,NA,45
1989,1,2,18,-13.6,847.5,NA,NA,46
1989,1,2,21,NA,847.7,NA,NA,33
1989,1,3,0,-10.8,847.8,NA,NA,30
1989,1,3,3,-9.6,847.6,NA,NA,26
1989,1,3,6,-10.1,847.9,NA,NA,37
1989,1,3,9,-10.6,848,NA,NA,43
1989,1,3,12,-11.3,848.6,NA,NA,50
1989,1,3,15,-12.4,849.7,NA,NA,58
1989,1,3,18,-11.3,851.2,NA,NA,50
1989,1,3,21,-10.6,852.4,NA,NA,42
1989,1,4,0,-8.5,852.9,NA,NA,36
1989,1,4,3,-8.5,853.4,NA,NA,42
1989,1,4,6,-9.5,854.6,NA,NA,54
1989,1,4,9,-9,855.7,NA,NA,58
1989,1,4,12,-8.4,856.3,NA,NA,66
1989,1,4,15,-8.4,857.1,NA,NA,57
1989,1,4,18,-8,857.8,NA,NA,55
1989,1,4,21,-7,858.4,NA,NA,46
1989,1,5,0,-7.6,859,NA,NA,41
1989,1,5,3,-7,858.4,NA,NA,37
1989,1,5,6,-7.4,858.4,NA,NA,41
1989,1,5,9,-9.4,859.1,NA,NA,45
1989,1,5,12,-12,859.5,NA,NA,49
1989,1,5,15,-14,859.1,NA,NA,50
1989,1,5,18,-14.5,858.6,NA,NA,50
1989,1,5,21,-12.5,857.5,NA,NA,44
1989,1,6,0,NA,857.4,NA,NA,42
1989,1,6,3,-8.5,856.7,NA,NA,37
1989,1,6,6,-9,856.2,NA,NA,40
1989,1,6,9,-10.5,855.3,NA,NA,42
1989,1,6,12,NA,854.6,NA,NA,47
1989,1,6,15,NA,853.7,NA,NA,47
1989,1,6,18,-17.1,853.1,NA,NA,45
1989,1,6,21,-14.9,853.1,NA,NA,40
1989,1,7,0,NA,853.2,NA,NA,33
1989,1,7,3,NA,853.1,NA,NA,30
1989,1,7,6,-9.1,853.6,NA,NA,22
1989,1,7,9,-11.4,853.9,NA,NA,40
1989,1,7,12,NA,854.4,NA,NA,48
1989,1,7,15,-12.1,854.3,NA,NA,48
1989,1,7,18,-12.4,854.2,NA,NA,43
1989,1,7,21,-12.1,854.7,NA,NA,45
1989,1,8,0,-10.1,855.7,NA,NA,38
1989,1,8,3,NA,856.1,NA,NA,26
1989,1,8,6,-7.6,856.3,NA,NA,37
1989,1,8,9,-10,856.7,NA,NA,47
1989,1,8,12,-10.4,857.4,NA,NA,58
1989,1,8,15,-10.5,857.5,NA,NA,58
1989,1,8,18,-8.5,858,NA,NA,54
1989,1,8,21,-7,858.3,NA,NA,49
1989,1,9,0,-6.6,858.4,NA,NA,51
1989,1,9,3,-6.3,858.3,NA,NA,49
1989,1,9,6,-7.6,858.3,NA,NA,41
1989,1,9,9,-6.8,858.1,NA,NA,50
1989,1,9,12,-9.5,858.2,NA,NA,63
1989,1,9,15,NA,858.1,NA,NA,57
1989,1,9,18,-10.8,857.9,NA,NA,52
1989,1,9,21,-9.8,858.4,NA,NA,48
1989,1,10,0,-7.9,859.6,NA,NA,40
1989,1,10,3,-5,859.6,NA,NA,30
1989,1,10,6,-8.6,859.2,NA,NA,44
1989,1,10,9,NA,859.2,NA,NA,48
1989,1,10,12,NA,859.4,NA,NA,51
1989,1,10,15,-15.6,859.2,NA,NA,50
1989,1,10,18,-10.9,859.6,NA,NA,48
1989,1,10,21,NA,859.5,NA,NA,39
1989,1,11,0,-7,859.5,NA,NA,35
1989,1,11,3,-7,858.6,NA,NA,35
1989,1,11,6,-7.6,858.1,NA,NA,39
1989,1,11,9,-10.9,857.6,NA,NA,47
1989,1,11,12,-12.1,857.4,NA,NA,51
1989,1,11,15,-14.8,856.9,NA,NA,51
1989,1,11,18,-13.6,856.8,NA,NA,48
1989,1,11,21,-10.1,857,NA,NA,39
1989,1,12,0,NA,857.3,NA,NA,35
1989,1,12,3,-5.6,856.9,NA,NA,30
1989,1,12,6,-7.8,856.6,NA,NA,35
1989,1,12,9,NA,856.2,NA,NA,43
1989,1,12,12,NA,855.9,NA,NA,48
1989,1,12,15,NA,855.2,NA,NA,45
1989,1,12,18,-16.4,854.7,NA,NA,45
1989,1,12,21,-14.8,854.5,NA,NA,42
1989,1,13,0,-12.8,853.6,NA,NA,37
1989,1,13,3,-11,852.7,NA,NA,38
1989,1,13,6,-11.3,852,NA,NA,41
1989,1,13,9,-12.8,851.5,NA,NA,42
1989,1,13,12,-15.6,851.1,NA,NA,43
1989,1,13,15,NA,851.5,NA,NA,46
1989,1,13,18,-19.3,851.4,NA,NA,45
1989,1,13,21,-17.1,852.3,NA,NA,46
1989,1,14,0,NA,853.2,NA,NA,38
1989,1,14,3,NA,853.8,NA,NA,34
1989,1,14,6,-9.5,854.3,NA,NA,36
1989,1,14,9,-11,855.1,NA,NA,39
1989,1,14,12,NA,856,NA,NA,50
1989,1,14,15,-15.4,855.9,NA,NA,55
1989,1,14,18,-14.8,856.3,NA,NA,48
1989,1,14,21,-12.8,856.8,NA,NA,46
1989,1,15,0,-10.5,856.8,NA,NA,37
1989,1,15,3,-8,856.5,NA,NA,34
1989,1,15,6,-10.8,856.5,NA,NA,42
1989,1,15,9,NA,857,NA,NA,46
1989,1,15,12,NA,857.7,NA,NA,48
1989,1,15,15,-17.6,858.3,NA,NA,53
1989,1,15,18,-16.6,858.9,NA,NA,45
1989,1,15,21,NA,859.7,NA,NA,37
1989,1,16,0,NA,860,NA,NA,25
1989,1,16,3,NA,859.8,NA,NA,25
1989,1,16,6,-8,859.7,NA,NA,31
1989,1,16,9,-8.9,859.8,NA,NA,32
1989,1,16,12,NA,859.9,NA,NA,50
1989,1,16,15,NA,859.6,NA,NA,47
1989,1,16,18,-16.3,859.7,NA,NA,35
1989,1,16,21,NA,859.7,NA,NA,27
1989,1,17,0,NA,859.3,NA,NA,31
1989,1,17,3,-9.5,858.6,NA,NA,39
1989,1,17,6,-10,858.1,NA,NA,50
1989,1,17,9,-10.3,857.9,NA,NA,61
1989,1,17,12,-10.6,857.7,NA,NA,65
1989,1,17,15,-11.5,857.6,NA,NA,63
1989,1,17,18,-11.8,857.6,NA,NA,60
1989,1,17,21,-14,857.8,NA,NA,45
1989,1,18,0,-12.1,858,NA,NA,46
1989,1,18,3,-10.4,857.5,NA,NA,46
1989,1,18,6,-11.8,857.8,NA,NA,51
1989,1,18,9,-12.9,858.4,NA,NA,61
1989,1,18,12,-13.5,859.4,NA,NA,64
1989,1,18,15,-14,859.6,NA,NA,65
1989,1,18,18,-14.3,859.6,NA,NA,57
1989,1,18,21,-13.8,861.2,NA,NA,52
1989,1,19,0,-12.1,861.2,NA,NA,43
1989,1,19,3,-11.8,861.2,NA,NA,42
1989,1,19,6,-11.9,861.1,NA,NA,40
1989,1,19,9,-15.6,861,NA,NA,45
1989,1,19,12,-16.6,861.1,NA,NA,48
1989,1,19,15,-18.5,860.4,NA,NA,50
1989,1,19,18,-19.5,860.2,NA,NA,43
1989,1,19,21,-18.1,859.7,NA,NA,44
1989,1,20,0,-15.3,860.3,NA,NA,37
1989,1,20,3,NA,860,NA,NA,33
1989,1,20,6,-12.1,860,NA,NA,31
1989,1,20,9,-16.5,860,NA,NA,41
1989,1,20,12,NA,859.8,NA,NA,47
1989,1,20,15,NA,859.4,NA,NA,47
1989,1,20,18,-21.4,859.1,NA,NA,45
1989,1,20,21,NA,858.8,NA,NA,40
1989,1,21,0,-16.5,858.7,NA,NA,35
1989,1,21,3,-15.9,857.3,NA,NA,37
1989,1,21,6,-16.3,855.6,NA,NA,41
1989,1,21,9,-17.8,854.7,NA,NA,44
1989,1,21,12,-20.3,854.1,NA,NA,46
1989,1,21,15,NA,853.4,NA,NA,48
1989,1,21,18,-24.4,853.5,NA,NA,45
1989,1,21,21,NA,854.7,NA,NA,37
1989,1,22,0,NA,855.6,NA,NA,16
1989,1,22,3,NA,856,NA,NA,30
1989,1,22,6,-11.9,856.6,NA,NA,33
1989,1,22,9,-13.5,857.4,NA,NA,50
1989,1,22,12,-13.9,858,NA,NA,57
1989,1,22,15,-15,858.1,NA,NA,54
1989,1,22,18,-16.6,857.9,NA,NA,51
1989,1,22,21,-16.8,857.5,NA,NA,42
1989,1,23,0,-14.8,857.2,NA,NA,39
1989,1,23,3,-13.8,856.3,NA,NA,37
1989,1,23,6,-13.6,856.2,NA,NA,38
1989,1,23,9,-16.5,855.9,NA,NA,43
1989,1,23,12,NA,856.2,NA,NA,45
1989,1,23,15,NA,855.9,NA,NA,48
1989,1,23,18,-20.1,856.4,NA,NA,47
1989,1,23,21,NA,856.9,NA,NA,40
1989,1,24,0,NA,857.6,NA,NA,36
1989,1,24,3,-10.3,857.6,NA,NA,38
1989,1,24,6,-10.5,858.3,NA,NA,44
1989,1,24,9,-10.8,858.6,NA,NA,58
1989,1,24,12,-12.4,859.6,NA,NA,63
1989,1,24,15,-12,859.8,NA,NA,62
1989,1,24,18,-10.6,860,NA,NA,60
1989,1,24,21,-10,860.2,NA,NA,50
1989,1,25,0,-7.1,860.3,NA,NA,33
1989,1,25,3,-9.6,859.6,NA,NA,34
1989,1,25,6,NA,859,NA,NA,35
1989,1,25,9,NA,858.6,NA,NA,44
1989,1,25,12,-12.5,858.8,NA,NA,55
1989,1,25,15,-15,858.4,NA,NA,56
1989,1,25,18,-17.4,858.3,NA,NA,49
1989,1,25,21,-16,858.8,NA,NA,45
1989,1,26,0,NA,859,NA,NA,38
1989,1,26,3,NA,858.8,NA,NA,20
1989,1,26,6,-8.9,858.5,NA,NA,34
1989,1,26,9,NA,858.5,NA,NA,50
1989,1,26,12,NA,858,NA,NA,52
1989,1,26,15,-13.9,857.7,NA,NA,54
1989,1,26,18,-17.5,857.8,NA,NA,48
1989,1,26,21,-14.8,857.6,NA,NA,40
1989,1,27,0,-14.3,857.4,NA,NA,37
1989,1,27,3,-12.6,856.5,NA,NA,35
1989,1,27,6,-13.4,855.9,NA,NA,42
1989,1,27,9,-15.4,855.9,NA,NA,42
1989,1,27,12,NA,855.7,NA,NA,48
1989,1,27,15,NA,857.1,NA,NA,49
1989,1,27,18,-21,856.9,NA,NA,49
1989,1,27,21,NA,858.1,NA,NA,42
1989,1,28,0,NA,858.7,NA,NA,36
1989,1,28,3,-13.1,858.8,NA,NA,35
1989,1,28,6,-14.3,858.9,NA,NA,38
1989,1,28,9,-17.1,859.1,NA,NA,42
1989,1,28,12,NA,859.3,NA,NA,46
1989,1,28,15,NA,859.3,NA,NA,49
1989,1,28,18,-22.5,859.2,NA,NA,49
1989,1,28,21,-20.8,859.7,NA,NA,46
1989,1,29,0,-19,858.8,NA,NA,43
1989,1,29,3,-16.6,858,NA,NA,42
1989,1,29,6,-16.1,857.3,NA,NA,42
1989,1,29,9,-17.3,856.8,NA,NA,43
1989,1,29,12,-20.3,856.5,NA,NA,45
1989,1,29,15,-21.9,855.3,NA,NA,52
1989,1,29,18,-22.5,854.4,NA,NA,53
1989,1,29,21,-19.9,853.8,NA,NA,45
1989,1,30,0,NA,851.8,NA,NA,42
1989,1,30,3,-15.6,851,NA,NA,41
1989,1,30,6,-15.3,850.7,NA,NA,41
1989,1,30,9,-17.1,850.3,NA,NA,42
1989,1,30,12,-19.8,850.1,NA,NA,43
1989,1,30,15,NA,850.3,NA,NA,47
1989,1,30,18,-24.3,851,NA,NA,48
1989,1,30,21,-22,851,NA,NA,43
1989,1,31,0,NA,851.7,NA,NA,39
1989,1,31,3,-17.5,852.2,NA,NA,36
1989,1,31,6,-17.5,852.5,NA,NA,39
1989,1,31,9,-19.6,853.1,NA,NA,41
1989,1,31,12,NA,853.7,NA,NA,44
1989,1,31,15,NA,853.8,NA,NA,46
1989,1,31,18,-24.8,853.9,NA,NA,46
1989,1,31,21,-22.1,854.2,NA,NA,43
1989,2,1,0,NA,854.6,NA,NA,39
1989,2,1,3,NA,854.7,NA,NA,37
1989,2,1,6,-17.1,855.1,NA,NA,38
1989,2,1,9,-19.6,855.5,NA,NA,42
1989,2,1,12,NA,856,NA,NA,45
1989,2,1,15,NA,855.8,NA,NA,47
1989,2,1,18,-25.3,856.3,NA,NA,46
1989,2,1,21,-23.4,856.5,NA,NA,44
1989,2,2,0,-20.6,856.8,NA,NA,41
1989,2,2,3,NA,856.5,NA,NA,37
1989,2,2,6,-15.8,856.2,NA,NA,40
1989,2,2,9,-16.1,856.6,NA,NA,46
1989,2,2,12,-19.8,857.2,NA,NA,45
1989,2,2,15,NA,858.3,NA,NA,46
1989,2,2,18,-20.9,859,NA,NA,45
1989,2,2,21,-19.1,859.9,NA,NA,42
1989,2,3,0,-17.3,860.8,NA,NA,42
1989,2,3,3,-14.8,860.7,NA,NA,39
1989,2,3,6,-13.9,861.2,NA,NA,43
1989,2,3,9,-15,861.7,NA,NA,46
1989,2,3,12,-16.6,861.9,NA,NA,45
1989,2,3,15,NA,860.4,NA,NA,54
1989,2,3,18,-18.3,859.9,NA,NA,45
1989,2,3,21,-17.3,857.2,NA,NA,44
1989,2,4,0,-15.5,855.9,NA,NA,41
1989,2,4,3,-13.9,854.3,NA,NA,42
1989,2,4,6,-14.5,852.7,NA,NA,41
1989,2,4,9,-16.6,850.9,NA,NA,46
1989,2,4,12,NA,849.9,NA,NA,48
1989,2,4,15,-20.6,848.6,NA,NA,47
1989,2,4,18,-21.5,848.7,NA,NA,44
1989,2,4,21,-21.4,848.5,NA,NA,41
1989,2,5,0,-17.5,848.7,NA,NA,35
1989,2,5,3,NA,848.7,NA,NA,37
1989,2,5,6,-14.5,849.2,NA,NA,38
1989,2,5,9,-14.1,850.3,NA,NA,44
1989,2,5,12,-14.9,851.8,NA,NA,63
1989,2,5,15,-13.3,853.3,NA,NA,65
1989,2,5,18,-13.8,855.7,NA,NA,60
1989,2,5,21,-13,858.1,NA,NA,56
1989,2,6,0,-12.6,860.2,NA,NA,51
1989,2,6,3,-12.4,861.1,NA,NA,56
1989,2,6,6,-12.1,862.9,NA,NA,53
1989,2,6,9,-13.1,864.4,NA,NA,61
1989,2,6,12,-13.8,865.3,NA,NA,63
1989,2,6,15,-15.1,865.6,NA,NA,61
1989,2,6,18,-15,865.4,NA,NA,51
1989,2,6,21,-15.3,865.1,NA,NA,47
1989,2,7,0,-16.8,865,NA,NA,44
1989,2,7,3,-15.6,864.9,NA,NA,36
1989,2,7,6,-16,865.2,NA,NA,35
1989,2,7,9,-19.9,865.9,NA,NA,42
1989,2,7,12,NA,866.2,NA,NA,45
1989,2,7,15,-23.9,866.7,NA,NA,53
1989,2,7,18,-21.5,867.3,NA,NA,50
1989,2,7,21,-20.6,867.2,NA,NA,46
1989,2,8,0,-19.5,867.1,NA,NA,40
1989,2,8,3,-17.5,866.6,NA,NA,31
1989,2,8,6,-18.5,865.7,NA,NA,38
1989,2,8,9,-20.9,865.4,NA,NA,42
1989,2,8,12,NA,865.2,NA,NA,45
1989,2,8,15,-24.9,864.6,NA,NA,45
1989,2,8,18,-24.6,864.4,NA,NA,44
1989,2,8,21,-22.5,865,NA,NA,40
1989,2,9,0,NA,865.2,NA,NA,37
1989,2,9,3,NA,865.5,NA,NA,29
1989,2,9,6,-15.9,865.5,NA,NA,37
1989,2,9,9,-16,865.6,NA,NA,46
1989,2,9,12,-17.1,866,NA,NA,49
1989,2,9,15,-18.9,865.5,NA,NA,48
1989,2,9,18,-19,865.5,NA,NA,46
1989,2,9,21,-19.3,865.2,NA,NA,43
1989,2,10,0,-16.3,864.5,NA,NA,39
1989,2,10,3,-15.3,862.7,NA,NA,42
1989,2,10,6,-15,862.3,NA,NA,46
1989,2,10,9,-16.8,861.3,NA,NA,49
1989,2,10,12,NA,860.2,NA,NA,54
1989,2,10,15,NA,859.1,NA,NA,53
1989,2,10,18,NA,857.5,NA,NA,50
1989,2,10,21,-25.5,856.2,NA,NA,51
1989,2,11,0,NA,854.9,NA,NA,48
1989,2,11,3,NA,853.6,NA,NA,44
1989,2,11,6,-19.8,852.9,NA,NA,45
1989,2,11,9,-21.1,852.6,NA,NA,49
1989,2,11,12,-24,852.1,NA,NA,51
1989,2,11,15,NA,851.9,NA,NA,51
1989,2,11,18,-27.3,852.1,NA,NA,49
1989,2,11,21,-25.6,852.5,NA,NA,46
1989,2,12,0,-24.3,852.6,NA,NA,44
1989,2,12,3,-21.6,852.6,NA,NA,40
1989,2,12,6,-21.3,852.8,NA,NA,42
1989,2,12,9,-22.1,852.7,NA,NA,44
1989,2,12,12,-24.4,852.7,NA,NA,48
1989,2,12,15,-25.8,852.2,NA,NA,49
1989,2,12,18,-27,852,NA,NA,50
1989,2,12,21,-25.3,851.8,NA,NA,49
1989,2,13,0,NA,852.7,NA,NA,42
1989,2,13,3,NA,852,NA,NA,39
1989,2,13,6,-18.9,852.3,NA,NA,40
1989,2,13,9,-21.4,852.7,NA,NA,43
1989,2,13,12,-21.4,853.5,NA,NA,45
1989,2,13,15,-22.1,854.2,NA,NA,47
1989,2,13,18,-21,855,NA,NA,44
1989,2,13,21,-19.9,856,NA,NA,41
1989,2,14,0,-16.8,856.2,NA,NA,36
1989,2,14,3,NA,856.4,NA,NA,33
1989,2,14,6,-13.6,856.3,NA,NA,37
1989,2,14,9,-16.4,856.3,NA,NA,50
1989,2,14,12,NA,856.1,NA,NA,51
1989,2,14,15,-19.8,856,NA,NA,51
1989,2,14,18,-21.5,855.9,NA,NA,46
1989,2,14,21,-22,855.8,NA,NA,41
1989,2,15,0,-20.1,855.6,NA,NA,37
1989,2,15,3,-17.9,854.8,NA,NA,34
1989,2,15,6,-17.4,854.3,NA,NA,37
1989,2,15,9,-21.3,854,NA,NA,42
1989,2,15,12,NA,853.5,NA,NA,45
1989,2,15,15,-24,853.1,NA,NA,44
1989,2,15,18,-25.6,853.1,NA,NA,46
1989,2,15,21,-26.1,853.3,NA,NA,42
1989,2,16,0,-22.9,853.2,NA,NA,39
1989,2,16,3,NA,852.6,NA,NA,35
1989,2,16,6,-21.6,852.7,NA,NA,38
1989,2,16,9,-24.9,852.4,NA,NA,45
1989,2,16,12,NA,852.2,NA,NA,42
1989,2,16,15,-26.6,851.6,NA,NA,51
1989,2,16,18,-28.4,850.8,NA,NA,48
1989,2,16,21,-29.3,850.4,NA,NA,45
1989,2,17,0,-27,849.6,NA,NA,42
1989,2,17,3,-25.5,848.3,NA,NA,41
1989,2,17,6,-25.3,847.5,NA,NA,41
1989,2,17,9,-25.9,846.8,NA,NA,47
1989,2,17,12,-27.4,846.4,NA,NA,48
1989,2,17,15,-29.8,846.1,NA,NA,48
1989,2,17,18,-29.6,846.1,NA,NA,48
1989,2,17,21,-25.8,846,NA,NA,44
1989,2,18,0,NA,846.9,NA,NA,42
1989,2,18,3,-21.5,847.5,NA,NA,40
1989,2,18,6,-21.4,848.4,NA,NA,42
1989,2,18,9,-22.3,849.6,NA,NA,44
1989,2,18,12,-25.6,851.2,NA,NA,46
1989,2,18,15,NA,851.8,NA,NA,48
1989,2,18,18,-26.1,853,NA,NA,46
1989,2,18,21,-26.6,853.3,NA,NA,43
1989,2,19,0,-24.4,853.4,NA,NA,38
1989,2,19,3,-23.5,853.2,NA,NA,39
1989,2,19,6,-23.4,853.2,NA,NA,39
1989,2,19,9,-24.6,853,NA,NA,42
1989,2,19,12,-27,852,NA,NA,48
1989,2,19,15,-28.6,851.7,NA,NA,46
1989,2,19,18,-29.4,852.1,NA,NA,47
1989,2,19,21,-28.3,850.8,NA,NA,46
1989,2,20,0,-27,849.9,NA,NA,45
1989,2,20,3,-25.6,848.3,NA,NA,46
1989,2,20,6,-26.3,848.8,NA,NA,45
1989,2,20,9,-28.3,849.2,NA,NA,48
1989,2,20,12,-30.9,849.4,NA,NA,48
1989,2,20,15,-32.3,848.8,NA,NA,46
1989,2,20,18,-33.6,848.6,NA,NA,45
1989,2,20,21,-32.1,848.8,NA,NA,45
1989,2,21,0,-29.8,848.8,NA,NA,45
1989,2,21,3,NA,848.7,NA,NA,40
1989,2,21,6,-26.3,849.2,NA,NA,41
1989,2,21,9,-28,848.8,NA,NA,45
1989,2,21,12,-30.9,849.7,NA,NA,47
1989,2,21,15,-32.8,850.1,NA,NA,46
1989,2,21,18,-33.8,850.2,NA,NA,45
1989,2,21,21,-32.6,851.4,NA,NA,45
1989,2,22,0,-28.8,851.9,NA,NA,47
1989,2,22,3,NA,852.1,NA,NA,46
1989,2,22,6,-26.9,852.6,NA,NA,46
1989,2,22,9,-28.3,852,NA,NA,46
1989,2,22,12,-30.5,852.1,NA,NA,47
1989,2,22,15,-31.8,851.1,NA,NA,45
1989,2,22,18,-32.4,850.6,NA,NA,45
1989,2,22,21,-31,849.9,NA,NA,45
1989,2,23,0,-28.4,849.4,NA,NA,43
1989,2,23,3,-27,848.2,NA,NA,43
1989,2,23,6,-27,847.5,NA,NA,43
1989,2,23,9,-28.9,847.7,NA,NA,45
1989,2,23,12,-31.8,847.8,NA,NA,45
1989,2,23,15,-33.4,847.7,NA,NA,45
1989,2,23,18,-32.9,847.2,NA,NA,45
1989,2,23,21,-31.6,846.7,NA,NA,45
1989,2,24,0,-28.6,846.7,NA,NA,42
1989,2,24,3,NA,846.3,NA,NA,40
1989,2,24,6,NA,846.1,NA,NA,43
1989,2,24,9,-26.8,845.3,NA,NA,43
1989,2,24,12,NA,844.9,NA,NA,48
1989,2,24,15,NA,844.9,NA,NA,46
1989,2,24,18,-32.1,845.5,NA,NA,45
1989,2,24,21,-30.6,846.1,NA,NA,44
1989,2,25,0,-27.3,846.2,NA,NA,42
1989,2,25,3,NA,846.1,NA,NA,42
1989,2,25,6,-24.4,846.3,NA,NA,47
1989,2,25,9,-22.3,846.8,NA,NA,49
1989,2,25,12,-22.6,847.3,NA,NA,49
1989,2,25,15,-26.8,847.3,NA,NA,51
1989,2,25,18,NA,847.4,NA,NA,48
1989,2,25,21,-29.1,846.8,NA,NA,44
1989,2,26,0,-26.1,845.7,NA,NA,43
1989,2,26,3,NA,844,NA,NA,39
1989,2,26,6,-25.3,842.6,NA,NA,40
1989,2,26,9,NA,841.6,NA,NA,46
1989,2,26,12,NA,840.4,NA,NA,46
1989,2,26,15,NA,839,NA,NA,44
1989,2,26,18,-36.3,838.1,NA,NA,43
1989,2,26,21,-34.1,837.7,NA,NA,44
1989,2,27,0,-31.3,837.2,NA,NA,43
1989,2,27,3,-29.3,837.1,NA,NA,41
1989,2,27,6,-31,837,NA,NA,43
1989,2,27,9,-32.9,837.1,NA,NA,44
1989,2,27,12,-34.6,837.8,NA,NA,44
1989,2,27,15,-33.5,837.8,NA,NA,45
1989,2,27,18,-34.1,838.6,NA,NA,45
1989,2,27,21,-31,839.6,NA,NA,46
1989,2,28,0,NA,841.3,NA,NA,45
1989,2,28,3,NA,843.1,NA,NA,45
1989,2,28,6,NA,845.5,NA,NA,48
1989,2,28,9,-18.5,848,NA,NA,58
1989,2,28,12,-17.8,849.9,NA,NA,60
1989,2,28,15,-21.5,851.1,NA,NA,57
1989,2,28,18,NA,851.4,NA,NA,54
1989,2,28,21,-25.3,852.2,NA,NA,53
1989,3,1,0,-23.6,852.4,NA,NA,53
1989,3,1,3,-21.5,852.9,NA,NA,48
1989,3,1,6,-24.4,851,NA,NA,52
1989,3,1,9,NA,849.7,NA,NA,51
1989,3,1,12,NA,849.6,NA,NA,48
1989,3,1,15,-32,849.5,NA,NA,47
1989,3,1,18,-32.8,849.1,NA,NA,47
1989,3,1,21,-32.3,848.5,NA,NA,47
1989,3,2,0,-31,847.7,NA,NA,48
1989,3,2,3,-28.3,846.9,NA,NA,49
1989,3,2,6,-28.8,845.8,NA,NA,48
1989,3,2,9,-31.5,844.7,NA,NA,47
1989,3,2,12,-32,843.7,NA,NA,46
1989,3,2,15,-32.1,842.6,NA,NA,46
1989,3,2,18,-32.3,842.3,NA,NA,46
1989,3,2,21,-30,841.2,NA,NA,46
1989,3,3,0,-27.3,841.1,NA,NA,47
1989,3,3,3,-25.1,840.7,NA,NA,44
1989,3,3,6,-24.9,841.3,NA,NA,42
1989,3,3,9,-26.8,842.7,NA,NA,48
1989,3,3,12,-28.3,843.8,NA,NA,48
1989,3,3,15,NA,843.4,NA,NA,47
1989,3,3,18,-29.1,844.4,NA,NA,47
1989,3,3,21,-28.6,843.9,NA,NA,45
1989,3,4,0,-24.9,844.1,NA,NA,41
1989,3,4,3,-23.9,844.4,NA,NA,45
1989,3,4,6,-23.9,844.5,NA,NA,43
1989,3,4,9,-25.9,845.5,NA,NA,47
1989,3,4,12,-28.1,846.2,NA,NA,45
1989,3,4,15,-29.4,846.9,NA,NA,44
1989,3,4,18,-29.1,848,NA,NA,45
1989,3,4,21,-28.4,849.2,NA,NA,42
1989,3,5,0,-26.4,850.1,NA,NA,37
1989,3,5,3,-24.9,850.6,NA,NA,36
1989,3,5,6,-25.5,851.3,NA,NA,39
1989,3,5,9,-26.4,852.2,NA,NA,43
1989,3,5,12,NA,852.7,NA,NA,44
1989,3,5,15,NA,852.5,NA,NA,46
1989,3,5,18,-32.4,852.2,NA,NA,45
1989,3,5,21,-31.4,851.7,NA,NA,43
1989,3,6,0,-28.8,851.5,NA,NA,42
1989,3,6,3,-26.6,851,NA,NA,37
1989,3,6,6,-25.5,851,NA,NA,41
1989,3,6,9,-24.3,851.1,NA,NA,51
1989,3,6,12,-23.6,851.2,NA,NA,54
1989,3,6,15,-25.1,850.2,NA,NA,50
1989,3,6,18,NA,849.1,NA,NA,47
1989,3,6,21,-26.9,848.7,NA,NA,45
1989,3,7,0,-26.3,848.6,NA,NA,41
1989,3,7,3,-22.8,847.9,NA,NA,43
1989,3,7,6,-23.8,847.5,NA,NA,48
1989,3,7,9,-23.5,847.5,NA,NA,51
1989,3,7,12,-23.6,848,NA,NA,55
1989,3,7,15,-25.1,847.8,NA,NA,53
1989,3,7,18,-26.4,848.3,NA,NA,52
1989,3,7,21,-26.6,848.9,NA,NA,44
1989,3,8,0,-25.3,849.6,NA,NA,39
1989,3,8,3,-21.9,849.6,NA,NA,37
1989,3,8,6,-21.4,849.7,NA,NA,45
1989,3,8,9,-22.5,849.6,NA,NA,48
1989,3,8,12,-22.3,849.7,NA,NA,47
1989,3,8,15,-21.5,849.9,NA,NA,52
1989,3,8,18,-21.4,850,NA,NA,54
1989,3,8,21,-23.1,850.5,NA,NA,46
1989,3,9,0,-24.3,850.6,NA,NA,48
1989,3,9,3,-24.5,850.9,NA,NA,44
1989,3,9,6,-26.5,850.5,NA,NA,48
1989,3,9,9,-28.8,849.3,NA,NA,47
1989,3,9,12,-30.4,849.5,NA,NA,48
1989,3,9,15,-30.5,849,NA,NA,47
1989,3,9,18,-31.1,849.3,NA,NA,47
1989,3,9,21,-30,850.2,NA,NA,46
1989,3,10,0,-28.3,851.2,NA,NA,43
1989,3,10,3,-26.3,852,NA,NA,47
1989,3,10,6,-26.9,853.1,NA,NA,49
1989,3,10,9,-28,854.1,NA,NA,49
1989,3,10,12,-29.1,855.9,NA,NA,48
1989,3,10,15,-29.6,857.3,NA,NA,48
1989,3,10,18,-30.8,857,NA,NA,47
1989,3,10,21,-32.8,854.9,NA,NA,45
1989,3,11,0,-32.9,856,NA,NA,46
1989,3,11,3,-32.6,854,NA,NA,46
1989,3,11,6,-32.8,850.9,NA,NA,46
1989,3,11,9,-34,851.5,NA,NA,45
1989,3,11,12,-35.3,851.3,NA,NA,44
1989,3,11,15,-36.6,848.4,NA,NA,43
1989,3,11,18,-36.9,848.2,NA,NA,43
1989,3,11,21,-34.4,847.6,NA,NA,46
1989,3,12,0,NA,847.5,NA,NA,48
1989,3,12,3,NA,846.7,NA,NA,43
1989,3,12,6,-29.8,845.6,NA,NA,45
1989,3,12,9,-28.8,845,NA,NA,49
1989,3,12,12,-28,845.5,NA,NA,48
1989,3,12,15,-29.6,846.4,NA,NA,49
1989,3,12,18,-31,847.2,NA,NA,47
1989,3,12,21,-31.4,848,NA,NA,48
1989,3,13,0,-29,849,NA,NA,48
1989,3,13,3,-27.5,849.5,NA,NA,48
1989,3,13,6,-29.3,850.6,NA,NA,48
1989,3,13,9,-31.8,851.3,NA,NA,47
1989,3,13,12,-31.9,851.8,NA,NA,47
1989,3,13,15,-31.6,852.1,NA,NA,47
1989,3,13,18,-32.9,853.1,NA,NA,46
1989,3,13,21,-32.3,853.2,NA,NA,46
1989,3,14,0,-30.9,854.2,NA,NA,46
1989,3,14,3,-29.5,854.8,NA,NA,47
1989,3,14,6,-30.6,855.2,NA,NA,47
1989,3,14,9,-32.9,856,NA,NA,46
1989,3,14,12,-34.4,856.9,NA,NA,45
1989,3,14,15,-35.3,858.4,NA,NA,44
1989,3,14,18,-34.8,857.8,NA,NA,45
1989,3,14,21,-33.9,857.4,NA,NA,45
1989,3,15,0,-31.9,858.1,NA,NA,45
1989,3,15,3,-30.5,858.9,NA,NA,46
1989,3,15,6,-31,860.2,NA,NA,46
1989,3,15,9,-32.9,861.2,NA,NA,45
1989,3,15,12,-34.4,863,NA,NA,43
1989,3,15,15,-34.8,863.2,NA,NA,42
1989,3,15,18,-31.6,864.2,NA,NA,47
1989,3,15,21,NA,864.2,NA,NA,49
1989,3,16,0,NA,864.7,NA,NA,48
1989,3,16,3,NA,864.7,NA,NA,47
1989,3,16,6,-20.4,864.2,NA,NA,55
1989,3,16,9,-18.9,863.8,NA,NA,59
1989,3,16,12,-18.5,863.8,NA,NA,60
1989,3,16,15,-20.8,863.3,NA,NA,58
1989,3,16,18,-20.4,863.3,NA,NA,58
1989,3,16,21,-20.8,863.4,NA,NA,58
1989,3,17,0,-20.8,863.4,NA,NA,56
1989,3,17,3,-19.9,863.2,NA,NA,55
1989,3,17,6,-20.3,863.3,NA,NA,55
1989,3,17,9,-20.3,862.9,NA,NA,56
1989,3,17,12,-24.4,862.2,NA,NA,54
1989,3,17,15,NA,862.2,NA,NA,51
1989,3,17,18,-29.3,862.2,NA,NA,50
1989,3,17,21,-28.8,862,NA,NA,50
1989,3,18,0,-27.5,861.9,NA,NA,51
1989,3,18,3,-26.3,860.7,NA,NA,51
1989,3,18,6,-25.9,859.1,NA,NA,52
1989,3,18,9,-27.5,858.3,NA,NA,50
1989,3,18,12,-29.6,857.4,NA,NA,49
1989,3,18,15,-30.9,856.5,NA,NA,48
1989,3,18,18,-30.3,854.6,NA,NA,48
1989,3,18,21,-29.8,854.3,NA,NA,48
1989,3,19,0,-28,852.5,NA,NA,48
1989,3,19,3,-26.4,851.1,NA,NA,48
1989,3,19,6,-26.8,849.1,NA,NA,49
1989,3,19,9,-28.4,848,NA,NA,47
1989,3,19,12,-29,846.6,NA,NA,48
1989,3,19,15,-30.3,846.1,NA,NA,46
1989,3,19,18,-30.3,846.3,NA,NA,41
1989,3,19,21,-29.1,847.6,NA,NA,45
1989,3,20,0,-26.4,848.9,NA,NA,49
1989,3,20,3,-25.1,849.5,NA,NA,47
1989,3,20,6,-25.3,850.3,NA,NA,50
1989,3,20,9,-26.3,851.3,NA,NA,53
1989,3,20,12,-27.4,852.2,NA,NA,50
1989,3,20,15,-28.4,852,NA,NA,48
1989,3,20,18,-28.4,851.9,NA,NA,47
1989,3,20,21,-27.4,851.7,NA,NA,46
1989,3,21,0,-25.6,852.2,NA,NA,47
1989,3,21,3,-25.6,852.4,NA,NA,44
1989,3,21,6,-28.6,852.5,NA,NA,45
1989,3,21,9,-30.3,852.4,NA,NA,48
1989,3,21,12,-31.4,852.4,NA,NA,48
1989,3,21,15,-29.9,852.2,NA,NA,48
1989,3,21,18,-30,851.6,NA,NA,48
1989,3,21,21,-29.6,851.5,NA,NA,48
1989,3,22,0,-27,851.3,NA,NA,45
1989,3,22,3,-26.3,849.8,NA,NA,46
1989,3,22,6,-25.3,848.5,NA,NA,48
1989,3,22,9,-26.9,848.4,NA,NA,48
1989,3,22,12,-27.4,847.4,NA,NA,48
1989,3,22,15,-30.4,845.9,NA,NA,48
1989,3,22,18,-30.9,845.9,NA,NA,48
1989,3,22,21,-31.5,845,NA,NA,48
1989,3,23,0,-31,844.4,NA,NA,47
1989,3,23,3,-31,843.4,NA,NA,47
1989,3,23,6,-34.8,842,NA,NA,45
1989,3,23,9,NA,843.3,NA,NA,43
1989,3,23,12,-37.6,844.1,NA,NA,42
1989,3,23,15,-38.6,842.1,NA,NA,42
1989,3,23,18,-39.3,842,NA,NA,41
1989,3,23,21,-38.8,842.1,NA,NA,42
1989,3,24,0,-37,841.5,NA,NA,42
1989,3,24,3,-35.6,841.5,NA,NA,44
1989,3,24,6,-35.5,842.2,NA,NA,44
1989,3,24,9,-36.3,843.1,NA,NA,43
1989,3,24,12,-35.8,843.4,NA,NA,43
1989,3,24,15,-36.9,844.6,NA,NA,42
1989,3,24,18,-36.5,845.8,NA,NA,43
1989,3,24,21,-35.8,847.8,NA,NA,43
1989,3,25,0,-33.5,848.5,NA,NA,43
1989,3,25,3,-31.5,848.8,NA,NA,45
1989,3,25,6,-32.1,849.2,NA,NA,45
1989,3,25,9,-33.5,849.5,NA,NA,46
1989,3,25,12,-33.9,849.9,NA,NA,45
1989,3,25,15,-34.1,850.4,NA,NA,45
1989,3,25,18,-33.8,850.7,NA,NA,45
1989,3,25,21,-34,851,NA,NA,45
1989,3,26,0,-32.1,851.5,NA,NA,46
1989,3,26,3,-30.6,851.9,NA,NA,47
1989,3,26,6,-30.5,851.7,NA,NA,48
1989,3,26,9,-31,852.9,NA,NA,48
1989,3,26,12,-33,854.1,NA,NA,46
1989,3,26,15,-33.6,854.7,NA,NA,46
1989,3,26,18,-34.6,854.2,NA,NA,45
1989,3,26,21,-34.5,854.2,NA,NA,45
1989,3,27,0,-30.8,853.9,NA,NA,46
1989,3,27,3,NA,854.1,NA,NA,45
1989,3,27,6,-30.9,854.4,NA,NA,47
1989,3,27,9,-33.1,854.8,NA,NA,46
1989,3,27,12,-34.3,855.3,NA,NA,45
1989,3,27,15,-34.5,855,NA,NA,45
1989,3,27,18,-33.3,854.6,NA,NA,46
1989,3,27,21,-32.9,853.8,NA,NA,47
1989,3,28,0,-31.6,852.9,NA,NA,47
1989,3,28,3,-31,851.2,NA,NA,45
1989,3,28,6,-32.8,850.5,NA,NA,44
1989,3,28,9,-34.6,850.6,NA,NA,44
1989,3,28,12,-35,851.2,NA,NA,45
1989,3,28,15,-34.8,851,NA,NA,45
1989,3,28,18,-35.1,850.9,NA,NA,44
1989,3,28,21,-33.6,851,NA,NA,45
1989,3,29,0,-30.9,852.3,NA,NA,47
1989,3,29,3,-30,852,NA,NA,48
1989,3,29,6,-27.5,852.7,NA,NA,48
1989,3,29,9,-30.4,852.6,NA,NA,48
1989,3,29,12,NA,853.7,NA,NA,44
1989,3,29,15,NA,855.2,NA,NA,42
1989,3,29,18,-39.4,855.3,NA,NA,41
1989,3,29,21,-40,856.5,NA,NA,40
1989,3,30,0,-38.6,856.3,NA,NA,41
1989,3,30,3,-37,856.6,NA,NA,42
1989,3,30,6,-35.4,857.5,NA,NA,43
1989,3,30,9,-33.5,858.1,NA,NA,45
1989,3,30,12,-34.1,858.7,NA,NA,45
1989,3,30,15,-31.5,859.1,NA,NA,48
1989,3,30,18,-32.1,859.6,NA,NA,46
1989,3,30,21,-32.1,860,NA,NA,45
1989,3,31,0,-31.5,860.4,NA,NA,45
1989,3,31,3,-32.3,860.5,NA,NA,44
1989,3,31,6,-33.3,859.9,NA,NA,45
1989,3,31,9,-34.1,859.4,NA,NA,45
1989,3,31,12,-35.4,859.5,NA,NA,44
1989,3,31,15,-36.3,859.3,NA,NA,43
1989,3,31,18,-37.1,859,NA,NA,42
1989,3,31,21,-37.4,858.5,NA,NA,42
1989,4,1,0,-35.8,858.7,NA,NA,43
1989,4,1,3,-34.4,858,NA,NA,44
1989,4,1,6,-34.1,858.1,NA,NA,45
1989,4,1,9,-34.8,858.4,NA,NA,44
1989,4,1,12,-34.5,859,NA,NA,45
1989,4,1,15,-33.8,858.7,NA,NA,45
1989,4,1,18,-32.8,857.2,NA,NA,47
1989,4,1,21,-32.1,857.2,NA,NA,48
1989,4,2,0,-29.6,858.9,NA,NA,49
1989,4,2,3,NA,860.2,NA,NA,50
1989,4,2,6,-26,861.5,NA,NA,52
1989,4,2,9,-23.8,862.6,NA,NA,53
1989,4,2,12,-25,864.3,NA,NA,52
1989,4,2,15,-26.3,865.4,NA,NA,51
1989,4,2,18,-27.9,865.1,NA,NA,50
1989,4,2,21,-28.4,865.7,NA,NA,49
1989,4,3,0,-25.1,866.1,NA,NA,50
1989,4,3,3,-24.6,866.5,NA,NA,48
1989,4,3,6,-25.5,868.4,NA,NA,48
1989,4,3,9,-26,869.3,NA,NA,50
1989,4,3,12,-28,870.7,NA,NA,51
1989,4,3,15,-26.6,870,NA,NA,49
1989,4,3,18,-26.4,868.3,NA,NA,51
1989,4,3,21,-25.8,866.1,NA,NA,51
1989,4,4,0,-24.9,863,NA,NA,50
1989,4,4,3,-23.9,860.7,NA,NA,50
1989,4,4,6,-23.8,857.9,NA,NA,48
1989,4,4,9,-25.3,856,NA,NA,48
1989,4,4,12,-26.3,854.9,NA,NA,46
1989,4,4,15,-27.4,853.5,NA,NA,45
1989,4,4,18,-28.1,852.7,NA,NA,45
1989,4,4,21,-28.6,852.1,NA,NA,45
1989,4,5,0,-27,851.4,NA,NA,46
1989,4,5,3,-25.9,851.6,NA,NA,46
1989,4,5,6,-26.4,853,NA,NA,44
1989,4,5,9,-26.9,851,NA,NA,50
1989,4,5,12,-27.5,851.1,NA,NA,50
1989,4,5,15,-28.5,851.7,NA,NA,48
1989,4,5,18,-29.8,852.6,NA,NA,46
1989,4,5,21,-31.6,853.1,NA,NA,45
1989,4,6,0,-32.1,853.4,NA,NA,44
1989,4,6,3,-32.3,853.7,NA,NA,43
1989,4,6,6,-32.6,853.7,NA,NA,44
1989,4,6,9,-32.6,854.2,NA,NA,45
1989,4,6,12,NA,NA,NA,NA,NA
1989,4,6,15,NA,NA,NA,NA,NA
1989,4,6,18,NA,NA,NA,NA,NA
1989,4,6,21,-24.3,856.8,NA,NA,49
1989,4,7,0,NA,NA,NA,NA,NA
1989,4,7,3,NA,NA,NA,NA,NA
1989,4,7,6,NA,NA,NA,NA,NA
1989,4,7,9,NA,NA,NA,NA,NA
1989,4,7,12,NA,NA,NA,NA,NA
1989,4,7,15,-21.3,868.7,NA,NA,57
1989,4,7,18,-21.9,870.5,NA,NA,56
1989,4,7,21,-20.9,872.1,NA,NA,57
1989,4,8,0,-21.9,872.7,NA,NA,56
1989,4,8,3,-22.9,872.9,NA,NA,55
1989,4,8,6,-24,872.6,NA,NA,54
1989,4,8,9,NA,871.6,NA,NA,51
1989,4,8,12,NA,871.3,NA,NA,49
1989,4,8,15,-31,870,NA,NA,48
1989,4,8,18,-31.1,869.5,NA,NA,48
1989,4,8,21,-29.5,868.7,NA,NA,49
1989,4,9,0,-28.9,867.8,NA,NA,49
1989,4,9,3,-31.4,866.6,NA,NA,48
1989,4,9,6,-31.8,865.6,NA,NA,47
1989,4,9,9,-32.8,865.2,NA,NA,46
1989,4,9,12,-33.1,864.9,NA,NA,45
1989,4,9,15,-34,865,NA,NA,45
1989,4,9,18,-34.6,865.1,NA,NA,44
1989,4,9,21,-35.5,865.8,NA,NA,43
1989,4,10,0,-35.6,866.4,NA,NA,43
1989,4,10,3,-35.5,866.7,NA,NA,44
1989,4,10,6,-36.3,866.6,NA,NA,43
1989,4,10,9,-35.5,865.5,NA,NA,44
1989,4,10,12,-35.5,865.3,NA,NA,43
1989,4,10,15,-35.6,864.4,NA,NA,43
1989,4,10,18,-35.3,863.2,NA,NA,44
1989,4,10,21,-35,862.8,NA,NA,44
1989,4,11,0,-33.4,862,NA,NA,44
1989,4,11,3,-33.8,861.6,NA,NA,45
1989,4,11,6,-34.4,861,NA,NA,44
1989,4,11,9,-34.5,860.8,NA,NA,45
1989,4,11,12,-33.3,860.1,NA,NA,46
1989,4,11,15,-31.8,859.5,NA,NA,48
1989,4,11,18,-29.9,859.1,NA,NA,48
1989,4,11,21,-28.6,857.9,NA,NA,49
1989,4,12,0,-26.3,856.9,NA,NA,50
1989,4,12,3,-25,856,NA,NA,49
1989,4,12,6,-26.1,855.2,NA,NA,49
1989,4,12,9,-26.1,855,NA,NA,52
1989,4,12,12,-25.3,854.3,NA,NA,51
1989,4,12,15,-25.5,854.3,NA,NA,51
1989,4,12,18,-26.9,854.7,NA,NA,50
1989,4,12,21,-26.1,855.9,NA,NA,51
1989,4,13,0,-26.9,856.7,NA,NA,49
1989,4,13,3,-25.1,857.2,NA,NA,52
1989,4,13,6,-24.6,857.9,NA,NA,53
1989,4,13,9,-21.9,858.8,NA,NA,56
1989,4,13,12,-23.9,859.9,NA,NA,54
1989,4,13,15,-23.9,860.9,NA,NA,54
1989,4,13,18,-22.8,861.2,NA,NA,54
1989,4,13,21,-21.9,861.3,NA,NA,54
1989,4,14,0,-19.8,861.4,NA,NA,54
1989,4,14,3,-18.5,861.3,NA,NA,55
1989,4,14,6,-19.9,860.9,NA,NA,56
1989,4,14,9,-21.6,860.8,NA,NA,55
1989,4,14,12,-23.4,860.6,NA,NA,54
1989,4,14,15,-24.4,860.1,NA,NA,54
1989,4,14,18,-26.6,859.8,NA,NA,52
1989,4,14,21,-27.4,859.5,NA,NA,51
1989,4,15,0,-27,859.2,NA,NA,51
1989,4,15,3,-27.6,858.9,NA,NA,50
1989,4,15,6,-29.9,858.6,NA,NA,49
1989,4,15,9,-30.3,858.2,NA,NA,49
1989,4,15,12,-30.9,857.5,NA,NA,49
1989,4,15,15,-29.9,856.5,NA,NA,49
1989,4,15,18,-30.4,855.6,NA,NA,49
1989,4,15,21,-30.9,855.2,NA,NA,48
1989,4,16,0,-30.4,854.7,NA,NA,48
1989,4,16,3,-32.4,853.9,NA,NA,47
1989,4,16,6,-30.5,853.8,NA,NA,48
1989,4,16,9,-28.8,853.9,NA,NA,49
1989,4,16,12,-28,854.3,NA,NA,51
1989,4,16,15,-27.6,854.4,NA,NA,51
1989,4,16,18,-28.6,855.6,NA,NA,50
1989,4,16,21,-31.5,856.6,NA,NA,48
1989,4,17,0,NA,857.3,NA,NA,46
1989,4,17,3,NA,857.8,NA,NA,43
1989,4,17,6,NA,859,NA,NA,41
1989,4,17,9,-40,859.2,NA,NA,41
1989,4,17,12,-40.6,860.3,NA,NA,40
1989,4,17,15,-41.5,860.9,NA,NA,40
1989,4,17,18,-41.5,862.1,NA,NA,40
1989,4,17,21,-40.4,861.1,NA,NA,41
1989,4,18,0,-38.8,862.8,NA,NA,42
1989,4,18,3,-36.8,863.1,NA,NA,43
1989,4,18,6,-36.1,864.3,NA,NA,44
1989,4,18,9,-35.8,865.6,NA,NA,44
1989,4,18,12,-33.8,867.9,NA,NA,46
1989,4,18,15,-32,866.2,NA,NA,47
1989,4,18,18,-31.8,867.7,NA,NA,46
1989,4,18,21,-31.1,868.6,NA,NA,48
1989,4,19,0,-29.5,868.5,NA,NA,49
1989,4,19,3,-27.9,870.7,NA,NA,50
1989,4,19,6,-26.6,869.9,NA,NA,48
1989,4,19,9,-25.8,870.1,NA,NA,44
1989,4,19,12,-24.6,869.4,NA,NA,47
1989,4,19,15,-23.3,867.7,NA,NA,50
1989,4,19,18,-20.1,866,NA,NA,51
1989,4,19,21,-21,865.5,NA,NA,47
1989,4,20,0,-21.9,865.5,NA,NA,49
1989,4,20,3,-21.9,864.4,NA,NA,48
1989,4,20,6,-23.3,863.8,NA,NA,50
1989,4,20,9,-22.5,863.6,NA,NA,47
1989,4,20,12,-23.9,863.5,NA,NA,46
1989,4,20,15,-23.6,862.7,NA,NA,48
1989,4,20,18,-22.9,862.1,NA,NA,48
1989,4,20,21,-27.4,862.6,NA,NA,49
1989,4,21,0,NA,862.3,NA,NA,49
1989,4,21,3,-29,861.4,NA,NA,49
1989,4,21,6,-29.6,859.2,NA,NA,48
1989,4,21,9,-27.9,857.4,NA,NA,49
1989,4,21,12,-26.8,856,NA,NA,47
1989,4,21,15,-26.1,855.2,NA,NA,50
1989,4,21,18,-26.9,854.5,NA,NA,46
1989,4,21,21,-28.5,854.6,NA,NA,45
1989,4,22,0,-28.5,854.5,NA,NA,44
1989,4,22,3,-30.5,854.8,NA,NA,45
1989,4,22,6,-31.8,855,NA,NA,45
1989,4,22,9,-33.9,855.2,NA,NA,45
1989,4,22,12,-33.8,855,NA,NA,44
1989,4,22,15,-33.8,855.8,NA,NA,43
1989,4,22,18,-34.1,855.7,NA,NA,44
1989,4,22,21,-31.5,856.4,NA,NA,45
1989,4,23,0,-32.1,855.9,NA,NA,46
1989,4,23,3,-32.1,855.8,NA,NA,37
1989,4,23,6,-33.5,855.6,NA,NA,45
1989,4,23,9,-34.6,854.3,NA,NA,44
1989,4,23,12,-36.4,853.9,NA,NA,43
1989,4,23,15,-36.4,854.1,NA,NA,43
1989,4,23,18,-36.4,852.1,NA,NA,42
1989,4,23,21,-36.9,850.7,NA,NA,42
1989,4,24,0,-37.5,850.3,NA,NA,42
1989,4,24,3,-37.6,849,NA,NA,42
1989,4,24,6,-38.5,848.7,NA,NA,42
1989,4,24,9,-38.6,847.7,NA,NA,42
1989,4,24,12,-39.3,847.6,NA,NA,40
1989,4,24,15,-39.8,847.5,NA,NA,40
1989,4,24,18,-39.4,847.4,NA,NA,40
1989,4,24,21,-41,849.6,NA,NA,39
1989,4,25,0,-42.3,850.5,NA,NA,39
1989,4,25,3,-43.3,848.8,NA,NA,38
1989,4,25,6,-43.4,848.4,NA,NA,37
1989,4,25,9,-43.4,847.6,NA,NA,37
1989,4,25,12,-43,846.3,NA,NA,38
1989,4,25,15,-43,842.6,NA,NA,38
1989,4,25,18,-42.4,839.7,NA,NA,38
1989,4,25,21,-42.4,836.7,NA,NA,38
1989,4,26,0,-41.5,836.4,NA,NA,39
1989,4,26,3,-41.8,834.1,NA,NA,39
1989,4,26,6,-42.9,834.8,NA,NA,37
1989,4,26,9,-42.8,835.9,NA,NA,38
1989,4,26,12,-44.1,835.1,NA,NA,37
1989,4,26,15,-45.3,837,NA,NA,36
1989,4,26,18,-45.8,839.5,NA,NA,36
1989,4,26,21,-46.3,842.7,NA,NA,35
1989,4,27,0,-47,845,NA,NA,34
1989,4,27,3,-47.6,845.8,NA,NA,34
1989,4,27,6,-48.8,845.2,NA,NA,33
1989,4,27,9,-48.8,845.1,NA,NA,33
1989,4,27,12,-48.3,844.3,NA,NA,34
1989,4,27,15,-48.3,846.5,NA,NA,34
1989,4,27,18,-46.9,845.7,NA,NA,35
1989,4,27,21,-45.4,846.8,NA,NA,36
1989,4,28,0,-45,845.7,NA,NA,36
1989,4,28,3,-44.9,845.5,NA,NA,35
1989,4,28,6,-44.5,842.8,NA,NA,37
1989,4,28,9,-44.5,840.2,NA,NA,36
1989,4,28,12,-44.5,836.8,NA,NA,37
1989,4,28,15,-45.9,833.6,NA,NA,36
1989,4,28,18,-46.3,832.3,NA,NA,35
1989,4,28,21,-47.1,827.1,NA,NA,35
1989,4,29,0,-47,824.5,NA,NA,35
1989,4,29,3,-48.4,821.9,NA,NA,34
1989,4,29,6,-49.6,819,NA,NA,33
1989,4,29,9,-49,819.7,NA,NA,33
1989,4,29,12,-48.3,819.2,NA,NA,34
1989,4,29,15,-46.9,821.8,NA,NA,35
1989,4,29,18,NA,824.3,NA,NA,39
1989,4,29,21,NA,826.9,NA,NA,45
1989,4,30,0,NA,829.2,NA,NA,45
1989,4,30,3,-33.4,829.4,NA,NA,46
1989,4,30,6,-32.9,829.3,NA,NA,46
1989,4,30,9,-31.6,830.7,NA,NA,47
1989,4,30,12,-29.4,833.1,NA,NA,49
1989,4,30,15,-27.3,835.4,NA,NA,51
1989,4,30,18,-26.3,837.2,NA,NA,51
1989,4,30,21,-25.3,840.7,NA,NA,53
1989,5,1,0,-25.3,845,NA,NA,NA
1989,5,1,3,-26.8,848,NA,NA,52
1989,5,1,6,NA,849.7,NA,NA,48
1989,5,1,9,-30.3,850.4,NA,NA,49
1989,5,1,12,-30,850.1,NA,NA,49
1989,5,1,15,-29.3,851,NA,NA,49
1989,5,1,18,-30.5,851.2,NA,NA,48
1989,5,1,21,-31,850.9,NA,NA,48
1989,5,2,0,-32.1,848.3,NA,NA,47
1989,5,2,3,-31.5,849.9,NA,NA,48
1989,5,2,6,-31.8,848.3,NA,NA,48
1989,5,2,9,-32.4,846.7,NA,NA,47
1989,5,2,12,-35.3,845.1,NA,NA,44
1989,5,2,15,-35.8,842.1,NA,NA,44
1989,5,2,18,-35.3,840.9,NA,NA,44
1989,5,2,21,-36.9,840.6,NA,NA,43
1989,5,3,0,-37.9,838.9,NA,NA,42
1989,5,3,3,-38.9,838.8,NA,NA,42
1989,5,3,6,-39.3,838.2,NA,NA,41
1989,5,3,9,-39.9,837.3,NA,NA,41
1989,5,3,12,-39.4,836.6,NA,NA,41
1989,5,3,15,-39,834.7,NA,NA,41
1989,5,3,18,-40,833,NA,NA,41
1989,5,3,21,-39.8,832.6,NA,NA,41
1989,5,4,0,-40.4,834.9,NA,NA,40
1989,5,4,3,-40.1,835.5,NA,NA,41
1989,5,4,6,-39.9,834,NA,NA,40
1989,5,4,9,-41.3,834,NA,NA,40
1989,5,4,12,-40.6,835.7,NA,NA,40
1989,5,4,15,-40.4,837.3,NA,NA,40
1989,5,4,18,-40.6,839.2,NA,NA,40
1989,5,4,21,-40.8,838.4,NA,NA,39
1989,5,5,0,-41.8,839.9,NA,NA,39
1989,5,5,3,-43.3,840.5,NA,NA,37
1989,5,5,6,-43.3,839.9,NA,NA,38
1989,5,5,9,-42.9,839.7,NA,NA,37
1989,5,5,12,-42.8,839.9,NA,NA,37
1989,5,5,15,-42.8,839.3,NA,NA,38
1989,5,5,18,-43.5,839,NA,NA,37
1989,5,5,21,-40.9,839,NA,NA,40
1989,5,6,0,-39.3,839.1,NA,NA,41
1989,5,6,3,-36.8,839.6,NA,NA,43
1989,5,6,6,-34.4,840.2,NA,NA,44
1989,5,6,9,-33.6,840.9,NA,NA,46
1989,5,6,12,-32.3,841.8,NA,NA,47
1989,5,6,15,-31.3,842.3,NA,NA,48
1989,5,6,18,-30.6,842.4,NA,NA,48
1989,5,6,21,-29.9,843,NA,NA,49
1989,5,7,0,-28.9,843.1,NA,NA,50
1989,5,7,3,-30.5,843,NA,NA,48
1989,5,7,6,-33,842.9,NA,NA,46
1989,5,7,9,-34,843.2,NA,NA,45
1989,5,7,12,-32.8,843.3,NA,NA,46
1989,5,7,15,-32.9,842.6,NA,NA,46
1989,5,7,18,-29.8,842.4,NA,NA,46
1989,5,7,21,-31.8,841.9,NA,NA,47
1989,5,8,0,-31.4,841,NA,NA,48
1989,5,8,3,-32,840.8,NA,NA,47
1989,5,8,6,-33.3,840.4,NA,NA,46
1989,5,8,9,-33.3,840.4,NA,NA,46
1989,5,8,12,-33.1,840.2,NA,NA,45
1989,5,8,15,-33.1,840,NA,NA,45
1989,5,8,18,-33.5,839.8,NA,NA,45
1989,5,8,21,-34,839.8,NA,NA,45
1989,5,9,0,-34.1,839.1,NA,NA,45
1989,5,9,3,-34.6,838.9,NA,NA,44
1989,5,9,6,-35.3,838.6,NA,NA,44
1989,5,9,9,-35.9,838.4,NA,NA,44
1989,5,9,12,-35.4,838.7,NA,NA,44
1989,5,9,15,-33.8,839.1,NA,NA,45
1989,5,9,18,-34.1,839.1,NA,NA,45
1989,5,9,21,-33.6,839.7,NA,NA,45
1989,5,10,0,-33.5,840.4,NA,NA,45
1989,5,10,3,-32.8,840.4,NA,NA,46
1989,5,10,6,-31.8,840.5,NA,NA,47
1989,5,10,9,-33.3,840.9,NA,NA,45
1989,5,10,12,-34.6,841.5,NA,NA,44
1989,5,10,15,-35.3,841.4,NA,NA,44
1989,5,10,18,-35.9,843.3,NA,NA,44
1989,5,10,21,-36.8,843.5,NA,NA,43
1989,5,11,0,-36.9,845,NA,NA,43
1989,5,11,3,-35.5,846.7,NA,NA,44
1989,5,11,6,-34.4,850,NA,NA,45
1989,5,11,9,-35,851.9,NA,NA,45
1989,5,11,12,-35.8,853,NA,NA,44
1989,5,11,15,-35.4,853.9,NA,NA,44
1989,5,11,18,-33.8,853.5,NA,NA,45
1989,5,11,21,-33.5,854.3,NA,NA,45
1989,5,12,0,-33.4,855.4,NA,NA,46
1989,5,12,3,-30.9,854.6,NA,NA,48
1989,5,12,6,-30.5,854.7,NA,NA,48
1989,5,12,9,-30.6,854.7,NA,NA,47
1989,5,12,12,-31.8,854.6,NA,NA,46
1989,5,12,15,-32.6,853.6,NA,NA,46
1989,5,12,18,-33.3,854.2,NA,NA,46
1989,5,12,21,-33.8,852.6,NA,NA,44
1989,5,13,0,-34.4,850.5,NA,NA,43
1989,5,13,3,-33.8,848.9,NA,NA,40
1989,5,13,6,-32.3,847.6,NA,NA,40
1989,5,13,9,-29.9,846.9,NA,NA,39
1989,5,13,12,-29.8,846.5,NA,NA,42
1989,5,13,15,-30,845.5,NA,NA,43
1989,5,13,18,-28.4,844.6,NA,NA,43
1989,5,13,21,-28.3,844.7,NA,NA,41
1989,5,14,0,-28.9,843.6,NA,NA,41
1989,5,14,3,-30.3,843.2,NA,NA,42
1989,5,14,6,-29.9,842.7,NA,NA,43
1989,5,14,9,-29.6,842.4,NA,NA,44
1989,5,14,12,-31.8,842.3,NA,NA,44
1989,5,14,15,-31.8,842.4,NA,NA,45
1989,5,14,18,-32.4,841.3,NA,NA,46
1989,5,14,21,-32.6,841.8,NA,NA,45
1989,5,15,0,-33.4,841,NA,NA,45
1989,5,15,3,-35,840.6,NA,NA,43
1989,5,15,6,-35.4,840.2,NA,NA,43
1989,5,15,9,-36.5,840.5,NA,NA,42
1989,5,15,12,-37.6,838.8,NA,NA,42
1989,5,15,15,-36.6,838.2,NA,NA,43
1989,5,15,18,-36.6,837.5,NA,NA,43
1989,5,15,21,-37.5,837.9,NA,NA,42
1989,5,16,0,-38.1,838.6,NA,NA,42
1989,5,16,3,-39.3,838.7,NA,NA,41
1989,5,16,6,NA,NA,NA,NA,NA
1989,5,16,9,NA,NA,NA,NA,NA
1989,5,16,12,NA,NA,NA,NA,NA
1989,5,16,15,NA,NA,NA,NA,NA
1989,5,16,18,NA,NA,NA,NA,NA
1989,5,16,21,NA,NA,NA,NA,NA
1989,5,17,0,-35.9,834.6,NA,NA,43
1989,5,17,3,-34.8,834.5,NA,NA,44
1989,5,17,6,-34.6,834,NA,NA,44
1989,5,17,9,-36.1,832.6,NA,NA,42
1989,5,17,12,-37,831.1,NA,NA,42
1989,5,17,15,-36.5,833.2,NA,NA,43
1989,5,17,18,-36.5,831.8,NA,NA,43
1989,5,17,21,-36.8,831,NA,NA,43
1989,5,18,0,-37.9,829.9,NA,NA,42
1989,5,18,3,-38.1,829,NA,NA,42
1989,5,18,6,-38.1,826.9,NA,NA,42
1989,5,18,9,-37.6,827.3,NA,NA,41
1989,5,18,12,-38.9,827.5,NA,NA,41
1989,5,18,15,-39.9,827.1,NA,NA,39
1989,5,18,18,-40.4,827.5,NA,NA,38
1989,5,18,21,-39.5,827.3,NA,NA,38
1989,5,19,0,-39.1,827.6,NA,NA,38
1989,5,19,3,-39,827.6,NA,NA,39
1989,5,19,6,-39.8,828.5,NA,NA,39
1989,5,19,9,-40.6,829.6,NA,NA,39
1989,5,19,12,-40.5,830.5,NA,NA,38
1989,5,19,15,-41.4,830.9,NA,NA,39
1989,5,19,18,-42.8,830.5,NA,NA,37
1989,5,19,21,-44.1,829.8,NA,NA,37
1989,5,20,0,-43.6,828.7,NA,NA,37
1989,5,20,3,-44.5,827.8,NA,NA,37
1989,5,20,6,-45.4,827.2,NA,NA,36
1989,5,20,9,-45.3,826.3,NA,NA,36
1989,5,20,12,-44.8,826,NA,NA,37
1989,5,20,15,-44.6,825.4,NA,NA,36
1989,5,20,18,-43.6,825.5,NA,NA,37
1989,5,20,21,-43.1,825.5,NA,NA,38
1989,5,21,0,-43.3,825.3,NA,NA,37
1989,5,21,3,-43.3,826,NA,NA,37
1989,5,21,6,-42.9,827,NA,NA,38
1989,5,21,9,-42.1,827.4,NA,NA,38
1989,5,21,12,-41.5,829.1,NA,NA,39
1989,5,21,15,-42.8,830.6,NA,NA,38
1989,5,21,18,-44.5,832,NA,NA,37
1989,5,21,21,-46.5,832.4,NA,NA,35
1989,5,22,0,-47.8,836.3,NA,NA,34
1989,5,22,3,-48.4,835.9,NA,NA,33
1989,5,22,6,-49,836.6,NA,NA,33
1989,5,22,9,-49.3,837.3,NA,NA,33
1989,5,22,12,-48.9,837.6,NA,NA,33
1989,5,22,15,-47.9,839.3,NA,NA,34
1989,5,22,18,-47.1,839.7,NA,NA,34
1989,5,22,21,-46.9,840.5,NA,NA,35
1989,5,23,0,-47,840.7,NA,NA,35
1989,5,23,3,-46.3,840.5,NA,NA,36
1989,5,23,6,-45.1,840.2,NA,NA,36
1989,5,23,9,-44.1,841.5,NA,NA,37
1989,5,23,12,-44.6,839.9,NA,NA,37
1989,5,23,15,-45.8,840.2,NA,NA,36
1989,5,23,18,-45.1,841.3,NA,NA,36
1989,5,23,21,-44.6,839.6,NA,NA,37
1989,5,24,0,-44.9,838.3,NA,NA,36
1989,5,24,3,-44.9,838.2,NA,NA,36
1989,5,24,6,-44.1,838.5,NA,NA,37
1989,5,24,9,-44.5,838.5,NA,NA,37
1989,5,24,12,-44.5,838.7,NA,NA,37
1989,5,24,15,-43.6,838.8,NA,NA,37
1989,5,24,18,-44.1,839.1,NA,NA,37
1989,5,24,21,-44.5,839.9,NA,NA,37
1989,5,25,0,-44.1,840.4,NA,NA,37
1989,5,25,3,-44,841.6,NA,NA,36
1989,5,25,6,-43.6,841.9,NA,NA,35
1989,5,25,9,-44,842,NA,NA,37
1989,5,25,12,-44.8,844.2,NA,NA,36
1989,5,25,15,-44.6,843.8,NA,NA,36
1989,5,25,18,-44.6,844.4,NA,NA,35
1989,5,25,21,-45.3,845.4,NA,NA,35
1989,5,26,0,-45.9,845.2,NA,NA,35
1989,5,26,3,-46.9,847,NA,NA,34
1989,5,26,6,-47,847.3,NA,NA,34
1989,5,26,9,-46.6,847.6,NA,NA,35
1989,5,26,12,-47.1,847.8,NA,NA,34
1989,5,26,15,-46.9,848.6,NA,NA,35
1989,5,26,18,-47,848.8,NA,NA,34
1989,5,26,21,-46.6,848.9,NA,NA,35
1989,5,27,0,-46.5,849.3,NA,NA,35
1989,5,27,3,-44.8,848.1,NA,NA,36
1989,5,27,6,-43.9,846.6,NA,NA,37
1989,5,27,9,-44.5,846.2,NA,NA,37
1989,5,27,12,-45,846.5,NA,NA,36
1989,5,27,15,-45.8,844.5,NA,NA,36
1989,5,27,18,-43.9,843.5,NA,NA,37
1989,5,27,21,-44.8,841.9,NA,NA,36
1989,5,28,0,-43,840.6,NA,NA,37
1989,5,28,3,-43.3,840.3,NA,NA,37
1989,5,28,6,-40.6,838.7,NA,NA,40
1989,5,28,9,-41.5,838.5,NA,NA,39
1989,5,28,12,-42.4,834.9,NA,NA,38
1989,5,28,15,-40.9,832.9,NA,NA,39
1989,5,28,18,-40.6,834.4,NA,NA,40
1989,5,28,21,-39.8,833.7,NA,NA,40
1989,5,29,0,NA,833.8,NA,NA,44
1989,5,29,3,-38,834.3,NA,NA,42
1989,5,29,6,-39.4,833.7,NA,NA,41
1989,5,29,9,-38.6,835.5,NA,NA,42
1989,5,29,12,-40.3,838,NA,NA,39
1989,5,29,15,-42.6,839.7,NA,NA,37
1989,5,29,18,-43.9,839.1,NA,NA,37
1989,5,29,21,-44.1,839.3,NA,NA,37
1989,5,30,0,-45.3,839.9,NA,NA,36
1989,5,30,3,-46.5,839.2,NA,NA,35
1989,5,30,6,-45.3,839.8,NA,NA,37
1989,5,30,9,-42.3,840.7,NA,NA,39
1989,5,30,12,NA,841.7,NA,NA,41
1989,5,30,15,NA,842.6,NA,NA,44
1989,5,30,18,-35.5,843.4,NA,NA,42
1989,5,30,21,-36.9,844.2,NA,NA,43
1989,5,31,0,-37.6,845,NA,NA,42
1989,5,31,3,-38.9,845.4,NA,NA,41
1989,5,31,6,-38.9,844.9,NA,NA,41
1989,5,31,9,-38.8,844.9,NA,NA,42
1989,5,31,12,-38.8,844.7,NA,NA,41
1989,5,31,15,-39.8,843.1,NA,NA,41
1989,5,31,18,-39.4,841.8,NA,NA,41
1989,5,31,21,-38.9,839.3,NA,NA,41
1989,6,1,0,-38.5,839.7,NA,NA,42
1989,6,1,3,-39.8,840.4,NA,NA,40
1989,6,1,6,-41.8,841.2,NA,NA,39
1989,6,1,9,-41.5,842,NA,NA,39
1989,6,1,12,-41.3,844.9,NA,NA,39
1989,6,1,15,-42.1,846.4,NA,NA,38
1989,6,1,18,-43.4,848,NA,NA,37
1989,6,1,21,-44.6,848.7,NA,NA,37
1989,6,2,0,-45.9,848.9,NA,NA,35
1989,6,2,3,-45,848.2,NA,NA,36
1989,6,2,6,-43.3,847.6,NA,NA,37
1989,6,2,9,-42.8,846.9,NA,NA,38
1989,6,2,12,-41,845.8,NA,NA,39
1989,6,2,15,-40.9,844.5,NA,NA,39
1989,6,2,18,-40.6,844,NA,NA,40
1989,6,2,21,-40.4,843.4,NA,NA,40
1989,6,3,0,-41.1,844.1,NA,NA,39
1989,6,3,3,-42.3,845.3,NA,NA,38
1989,6,3,6,-43.4,846.6,NA,NA,37
1989,6,3,9,-45.3,848,NA,NA,36
1989,6,3,12,-44.9,848.7,NA,NA,37
1989,6,3,15,-44.9,849.7,NA,NA,36
1989,6,3,18,-46.1,849.7,NA,NA,35
1989,6,3,21,-46.9,849.2,NA,NA,35
1989,6,4,0,-46.9,847.7,NA,NA,35
1989,6,4,3,-46.4,846,NA,NA,35
1989,6,4,6,-45.9,844.3,NA,NA,35
1989,6,4,9,-45.9,842.2,NA,NA,35
1989,6,4,12,-46.3,841.5,NA,NA,35
1989,6,4,15,-46.4,839.8,NA,NA,35
1989,6,4,18,-46.9,837.7,NA,NA,35
1989,6,4,21,-47,836.5,NA,NA,34
1989,6,5,0,-47.3,836.1,NA,NA,34
1989,6,5,3,-47.3,835.1,NA,NA,34
1989,6,5,6,-47.4,834.9,NA,NA,34
1989,6,5,9,-48,835.6,NA,NA,34
1989,6,5,12,-47.1,835.9,NA,NA,34
1989,6,5,15,-46,837.2,NA,NA,35
1989,6,5,18,-44.3,839.3,NA,NA,35
1989,6,5,21,-43.5,841.3,NA,NA,36
1989,6,6,0,-41.3,844.5,NA,NA,39
1989,6,6,3,-39.4,846.4,NA,NA,38
1989,6,6,6,-39.3,848.4,NA,NA,41
1989,6,6,9,-40.1,849.6,NA,NA,41
1989,6,6,12,-41.9,850.7,NA,NA,38
1989,6,6,15,-43,851.1,NA,NA,37
1989,6,6,18,-44.8,852.1,NA,NA,36
1989,6,6,21,-46.9,852.7,NA,NA,35
1989,6,7,0,-47.6,852.4,NA,NA,34
1989,6,7,3,-48.9,852,NA,NA,33
1989,6,7,6,-48.8,850.5,NA,NA,33
1989,6,7,9,-47.5,849.8,NA,NA,34
1989,6,7,12,-43.9,849.1,NA,NA,37
1989,6,7,15,-45.3,847.7,NA,NA,36
1989,6,7,18,-46.4,846.4,NA,NA,35
1989,6,7,21,-47.1,844.9,NA,NA,34
1989,6,8,0,-47.5,843.3,NA,NA,34
1989,6,8,3,-48.1,841.9,NA,NA,34
1989,6,8,6,-48.8,840.4,NA,NA,34
1989,6,8,9,-48.4,839.3,NA,NA,33
1989,6,8,12,-48,838.2,NA,NA,34
1989,6,8,15,-48.3,837.6,NA,NA,33
1989,6,8,18,-47.8,836.6,NA,NA,34
1989,6,8,21,-47,836.6,NA,NA,34
1989,6,9,0,-46.4,836.7,NA,NA,34
1989,6,9,3,-46.9,837.1,NA,NA,34
1989,6,9,6,-46.5,838.6,NA,NA,35
1989,6,9,9,-44,840.1,NA,NA,37
1989,6,9,12,-42.4,841.1,NA,NA,38
1989,6,9,15,-41.1,842.7,NA,NA,39
1989,6,9,18,-40.4,843.8,NA,NA,40
1989,6,9,21,-39.5,845.2,NA,NA,40
1989,6,10,0,-38.5,846.2,NA,NA,41
1989,6,10,3,-38.5,846.3,NA,NA,41
1989,6,10,6,-39.9,845.6,NA,NA,40
1989,6,10,9,-40.6,843.9,NA,NA,39
1989,6,10,12,-41.8,843,NA,NA,38
1989,6,10,15,-42.3,843.3,NA,NA,38
1989,6,10,18,-43.9,842.9,NA,NA,37
1989,6,10,21,-44.5,843.5,NA,NA,37
1989,6,11,0,-44.1,844.3,NA,NA,37
1989,6,11,3,-42.6,845.9,NA,NA,37
1989,6,11,6,-41.9,847.8,NA,NA,37
1989,6,11,9,-43.3,848.9,NA,NA,38
1989,6,11,12,-41.5,850,NA,NA,38
1989,6,11,15,-42.8,850.3,NA,NA,38
1989,6,11,18,-44.3,850.7,NA,NA,37
1989,6,11,21,-44.5,850.4,NA,NA,37
1989,6,12,0,-44.6,850.5,NA,NA,37
1989,6,12,3,-44.5,850,NA,NA,37
1989,6,12,6,-44.6,850.4,NA,NA,36
1989,6,12,9,-44.8,849.7,NA,NA,36
1989,6,12,12,-45.1,848.7,NA,NA,36
1989,6,12,15,-45.8,847.6,NA,NA,35
1989,6,12,18,-46.3,845.3,NA,NA,35
1989,6,12,21,-46,842.9,NA,NA,35
1989,6,13,0,-46.3,840.4,NA,NA,35
1989,6,13,3,-45.1,838.7,NA,NA,36
1989,6,13,6,-44.8,837.5,NA,NA,37
1989,6,13,9,-45.8,836.7,NA,NA,36
1989,6,13,12,-46.3,836.4,NA,NA,35
1989,6,13,15,-46.4,838.4,NA,NA,35
1989,6,13,18,-45,839.9,NA,NA,36
1989,6,13,21,-44.6,842.6,NA,NA,37
1989,6,14,0,-41.5,845.2,NA,NA,38
1989,6,14,3,NA,847.9,NA,NA,41
1989,6,14,6,NA,850.3,NA,NA,43
1989,6,14,9,-35,852.8,NA,NA,44
1989,6,14,12,-31.9,854.5,NA,NA,48
1989,6,14,15,-30.9,856,NA,NA,48
1989,6,14,18,-29.8,857.8,NA,NA,49
1989,6,14,21,-28.6,859.5,NA,NA,50
1989,6,15,0,-29.1,860.5,NA,NA,49
1989,6,15,3,-28.6,860.4,NA,NA,50
1989,6,15,6,-28.8,859.3,NA,NA,50
1989,6,15,9,-27.6,859.1,NA,NA,51
1989,6,15,12,-27,857.9,NA,NA,51
1989,6,15,15,-27.4,857.2,NA,NA,51
1989,6,15,18,-26.8,855.7,NA,NA,50
1989,6,15,21,-28.4,854.8,NA,NA,48
1989,6,16,0,-30.8,853.7,NA,NA,48
1989,6,16,3,-32.3,852.8,NA,NA,47
1989,6,16,6,-33,852.2,NA,NA,45
1989,6,16,9,-33.4,851.4,NA,NA,45
1989,6,16,12,-34.5,850.8,NA,NA,45
1989,6,16,15,-34.8,850.2,NA,NA,45
1989,6,16,18,-36.3,849,NA,NA,43
1989,6,16,21,-36.1,848.5,NA,NA,43
1989,6,17,0,-36.8,847.7,NA,NA,43
1989,6,17,3,-36.3,846.6,NA,NA,44
1989,6,17,6,-37.1,846.2,NA,NA,43
1989,6,17,9,-35.9,846.2,NA,NA,44
1989,6,17,12,-35.9,846.7,NA,NA,44
1989,6,17,15,-37.1,846.6,NA,NA,42
1989,6,17,18,-37.9,847.5,NA,NA,42
1989,6,17,21,-41.3,848.5,NA,NA,39
1989,6,18,0,NA,848.1,NA,NA,36
1989,6,18,3,NA,848.6,NA,NA,34
1989,6,18,6,-47.1,848.2,NA,NA,35
1989,6,18,9,-45.9,848.7,NA,NA,36
1989,6,18,12,-46.9,848.9,NA,NA,35
1989,6,18,15,-45.8,850.8,NA,NA,36
1989,6,18,18,-44,851.7,NA,NA,37
1989,6,18,21,-44.5,853.1,NA,NA,37
1989,6,19,0,-43.1,853.1,NA,NA,38
1989,6,19,3,-41.1,853,NA,NA,39
1989,6,19,6,-40.3,853.7,NA,NA,40
1989,6,19,9,-38.8,854,NA,NA,42
1989,6,19,12,-39.3,853,NA,NA,41
1989,6,19,15,-38.9,852.1,NA,NA,41
1989,6,19,18,-37.5,851.3,NA,NA,43
1989,6,19,21,-38.3,850.1,NA,NA,42
1989,6,20,0,-36.8,848.8,NA,NA,42
1989,6,20,3,-36.5,848.8,NA,NA,43
1989,6,20,6,-36.9,847.3,NA,NA,43
1989,6,20,9,-35.9,848.1,NA,NA,44
1989,6,20,12,NA,849.6,NA,NA,39
1989,6,20,15,NA,848.3,NA,NA,38
1989,6,20,18,-42.8,846.9,NA,NA,38
1989,6,20,21,-38.9,848.4,NA,NA,41
1989,6,21,0,NA,849.8,NA,NA,42
1989,6,21,3,-37,849.2,NA,NA,45
1989,6,21,6,-34.5,849.3,NA,NA,44
1989,6,21,9,-35,850,NA,NA,44
1989,6,21,12,-35.8,848.5,NA,NA,43
1989,6,21,15,-34.1,848.6,NA,NA,41
1989,6,21,18,-34.6,849.6,NA,NA,45
1989,6,21,21,-32.9,847.8,NA,NA,46
1989,6,22,0,-33.3,847.7,NA,NA,46
1989,6,22,3,-33.3,847.8,NA,NA,46
1989,6,22,6,-32.6,846.9,NA,NA,46
1989,6,22,9,-32.4,845.3,NA,NA,45
1989,6,22,12,-35.8,845.2,NA,NA,43
1989,6,22,15,-36.8,843.3,NA,NA,42
1989,6,22,18,-38.5,843.2,NA,NA,42
1989,6,22,21,-38.9,841.9,NA,NA,41
1989,6,23,0,-39.8,841.4,NA,NA,39
1989,6,23,3,-38.1,840.2,NA,NA,42
1989,6,23,6,-38.1,839.4,NA,NA,42
1989,6,23,9,-37,837.9,NA,NA,42
1989,6,23,12,-36.1,837.4,NA,NA,43
1989,6,23,15,-36.6,835.2,NA,NA,42
1989,6,23,18,-37.8,834.5,NA,NA,42
1989,6,23,21,-37.1,834.3,NA,NA,43
1989,6,24,0,-38.1,836.1,NA,NA,41
1989,6,24,3,NA,835.9,NA,NA,38
1989,6,24,6,NA,835.3,NA,NA,37
1989,6,24,9,-44.1,838.4,NA,NA,37
1989,6,24,12,-45.4,839,NA,NA,36
1989,6,24,15,-46.4,839.5,NA,NA,35
1989,6,24,18,-47.3,839.8,NA,NA,34
1989,6,24,21,-48.1,839.8,NA,NA,34
1989,6,25,0,-48.9,841.8,NA,NA,33
1989,6,25,3,-49.6,841.2,NA,NA,32
1989,6,25,6,-49,841.1,NA,NA,33
1989,6,25,9,-47.1,841.2,NA,NA,35
1989,6,25,12,-44.1,841.2,NA,NA,37
1989,6,25,15,-43.9,840.8,NA,NA,37
1989,6,25,18,-44.5,841.6,NA,NA,37
1989,6,25,21,-44.8,841.8,NA,NA,37
1989,6,26,0,-45.1,841.9,NA,NA,36
1989,6,26,3,-44.6,841.6,NA,NA,37
1989,6,26,6,-43.5,841.2,NA,NA,37
1989,6,26,9,-41.9,841,NA,NA,39
1989,6,26,12,-43.5,841.1,NA,NA,37
1989,6,26,15,-44.3,840.3,NA,NA,37
1989,6,26,18,-44.9,840,NA,NA,37
1989,6,26,21,-44.1,840,NA,NA,37
1989,6,27,0,-45.1,839.8,NA,NA,36
1989,6,27,3,-44.1,839.8,NA,NA,37
1989,6,27,6,-43.5,840.2,NA,NA,37
1989,6,27,9,-45.4,840.5,NA,NA,36
1989,6,27,12,-44.6,841,NA,NA,37
1989,6,27,15,-44.5,842,NA,NA,37
1989,6,27,18,-44.5,841.9,NA,NA,37
1989,6,27,21,-45.3,842.3,NA,NA,36
1989,6,28,0,-44.6,844.1,NA,NA,37
1989,6,28,3,-44.6,842.8,NA,NA,37
1989,6,28,6,-44.1,842.2,NA,NA,37
1989,6,28,9,-44.9,841.8,NA,NA,37
1989,6,28,12,-43.6,842.7,NA,NA,37
1989,6,28,15,-40.3,843.3,NA,NA,41
1989,6,28,18,-40,843.9,NA,NA,40
1989,6,28,21,-42.4,843.9,NA,NA,38
1989,6,29,0,-42.9,843.9,NA,NA,38
1989,6,29,3,-44.8,845.1,NA,NA,37
1989,6,29,6,-44.6,846.6,NA,NA,37
1989,6,29,9,-45.1,844,NA,NA,36
1989,6,29,12,-46.3,842.1,NA,NA,35
1989,6,29,15,-46.5,842.7,NA,NA,35
1989,6,29,18,-47,839.7,NA,NA,35
1989,6,29,21,-47.4,839,NA,NA,34
1989,6,30,0,-46.3,838.4,NA,NA,35
1989,6,30,3,-45.8,840,NA,NA,36
1989,6,30,6,-46.3,840.7,NA,NA,35
1989,6,30,9,-46.9,840.9,NA,NA,35
1989,6,30,12,-47.1,841.1,NA,NA,35
1989,6,30,15,-45.9,841.3,NA,NA,36
1989,6,30,18,-44,842.6,NA,NA,37
1989,6,30,21,-42.5,843.6,NA,NA,39
1989,7,1,0,NA,844,NA,NA,40
1989,7,1,3,-40,844,NA,NA,40
1989,7,1,6,-40.3,844.4,NA,NA,40
1989,7,1,9,-38.8,844.8,NA,NA,41
1989,7,1,12,-40.1,845,NA,NA,40
1989,7,1,15,-40.5,844.5,NA,NA,40
1989,7,1,18,-40.3,844.3,NA,NA,40
1989,7,1,21,-41,844.3,NA,NA,39
1989,7,2,0,-41,843.5,NA,NA,39
1989,7,2,3,-41.8,843.9,NA,NA,39
1989,7,2,6,-42.3,844.1,NA,NA,38
1989,7,2,9,-42.8,844,NA,NA,38
1989,7,2,12,-42.5,844.6,NA,NA,38
1989,7,2,15,-42.1,845.1,NA,NA,38
1989,7,2,18,-41.9,846.6,NA,NA,38
1989,7,2,21,-42.5,846.7,NA,NA,38
1989,7,3,0,-42.9,848.4,NA,NA,38
1989,7,3,3,-43.5,848.9,NA,NA,37
1989,7,3,6,-43.6,850.6,NA,NA,37
1989,7,3,9,-44.1,851,NA,NA,37
1989,7,3,12,-43.6,851.7,NA,NA,37
1989,7,3,15,-43.4,852.9,NA,NA,36
1989,7,3,18,-39.9,854.2,NA,NA,39
1989,7,3,21,NA,854,NA,NA,42
1989,7,4,0,NA,853.8,NA,NA,46
1989,7,4,3,-29.8,853.5,NA,NA,48
1989,7,4,6,-29.8,852.6,NA,NA,49
1989,7,4,9,-28,853.8,NA,NA,50
1989,7,4,12,-29.6,855.2,NA,NA,49
1989,7,4,15,-30.8,857.1,NA,NA,48
1989,7,4,18,-30.5,858.4,NA,NA,48
1989,7,4,21,-31,859.2,NA,NA,48
1989,7,5,0,-30,859.5,NA,NA,49
1989,7,5,3,-28.3,858.5,NA,NA,50
1989,7,5,6,-26.9,857.5,NA,NA,51
1989,7,5,9,-27.1,856.8,NA,NA,51
1989,7,5,12,-30,855.1,NA,NA,48
1989,7,5,15,-31,853.4,NA,NA,48
1989,7,5,18,-33.1,852,NA,NA,46
1989,7,5,21,-35.4,851.3,NA,NA,45
1989,7,6,0,-34.6,847.8,NA,NA,46
1989,7,6,3,-35,846,NA,NA,44
1989,7,6,6,-35.5,844.1,NA,NA,44
1989,7,6,9,-36.4,845.6,NA,NA,43
1989,7,6,12,-36.9,846.8,NA,NA,43
1989,7,6,15,-37.6,848.8,NA,NA,42
1989,7,6,18,-37.6,846.6,NA,NA,42
1989,7,6,21,-36.8,847,NA,NA,43
1989,7,7,0,-34.1,846.9,NA,NA,44
1989,7,7,3,-32.6,846.8,NA,NA,45
1989,7,7,6,-31.4,847.2,NA,NA,46
1989,7,7,9,-31.1,847.7,NA,NA,47
1989,7,7,12,-30.4,848.1,NA,NA,47
1989,7,7,15,-30,848.4,NA,NA,48
1989,7,7,18,-30,848.9,NA,NA,47
1989,7,7,21,-32,849.5,NA,NA,43
1989,7,8,0,-31.8,849.6,NA,NA,44
1989,7,8,3,-35.1,849.6,NA,NA,43
1989,7,8,6,-35.3,849.8,NA,NA,43
1989,7,8,9,-35.6,848.8,NA,NA,43
1989,7,8,12,-35.1,848,NA,NA,44
1989,7,8,15,-33.9,846.8,NA,NA,44
1989,7,8,18,-32,844.6,NA,NA,42
1989,7,8,21,-30,842.3,NA,NA,43
1989,7,9,0,-32,841.5,NA,NA,47
1989,7,9,3,-34.1,840.4,NA,NA,46
1989,7,9,6,-33.9,840.2,NA,NA,45
1989,7,9,9,-35,840.2,NA,NA,43
1989,7,9,12,-35.4,840.5,NA,NA,42
1989,7,9,15,-34.1,840.2,NA,NA,42
1989,7,9,18,-34.6,840.3,NA,NA,43
1989,7,9,21,-38.5,839.8,NA,NA,41
1989,7,10,0,NA,839.5,NA,NA,39
1989,7,10,3,-41.1,839.6,NA,NA,39
1989,7,10,6,-41.5,839.6,NA,NA,39
1989,7,10,9,-40.9,836.9,NA,NA,40
1989,7,10,12,-39,835.1,NA,NA,41
1989,7,10,15,-40.9,833.8,NA,NA,40
1989,7,10,18,-40.9,828.8,NA,NA,40
1989,7,10,21,-39.3,827.5,NA,NA,41
1989,7,11,0,-40.9,825.4,NA,NA,39
1989,7,11,3,-42.5,827.3,NA,NA,38
1989,7,11,6,-43.5,828.4,NA,NA,37
1989,7,11,9,-44.1,829.6,NA,NA,37
1989,7,11,12,-46.3,831.1,NA,NA,35
1989,7,11,15,-49,832,NA,NA,33
1989,7,11,18,-50,833.7,NA,NA,32
1989,7,11,21,-50,835.3,NA,NA,32
1989,7,12,0,-49.8,834.6,NA,NA,32
1989,7,12,3,-49.4,834.5,NA,NA,33
1989,7,12,6,-48.4,833.3,NA,NA,34
1989,7,12,9,-44.8,832.5,NA,NA,37
1989,7,12,12,-43.6,833.9,NA,NA,37
1989,7,12,15,-45.9,836.2,NA,NA,36
1989,7,12,18,-45.4,836.4,NA,NA,36
1989,7,12,21,-45.6,837.2,NA,NA,36
1989,7,13,0,-45.4,837.6,NA,NA,36
1989,7,13,3,-45.8,837.7,NA,NA,36
1989,7,13,6,-45.1,838.6,NA,NA,36
1989,7,13,9,-45.4,839.8,NA,NA,36
1989,7,13,12,-45.8,839.6,NA,NA,36
1989,7,13,15,-44.6,839.9,NA,NA,37
1989,7,13,18,-42.9,841.6,NA,NA,38
1989,7,13,21,-41.5,842.6,NA,NA,38
1989,7,14,0,-41.1,843.7,NA,NA,39
1989,7,14,3,-40.9,845.3,NA,NA,40
1989,7,14,6,-39.4,847.8,NA,NA,41
1989,7,14,9,-39.3,848.5,NA,NA,41
1989,7,14,12,-37.6,849.5,NA,NA,42
1989,7,14,15,-37.6,852.3,NA,NA,42
1989,7,14,18,-41.1,851.5,NA,NA,39
1989,7,14,21,NA,852.8,NA,NA,38
1989,7,15,0,-42.8,853.6,NA,NA,38
1989,7,15,3,-43.6,852.9,NA,NA,37
1989,7,15,6,-41.9,853.3,NA,NA,39
1989,7,15,9,-40.5,853.9,NA,NA,42
1989,7,15,12,-39.9,853.3,NA,NA,40
1989,7,15,15,-41.1,855.7,NA,NA,39
1989,7,15,18,-42.3,854.2,NA,NA,38
1989,7,15,21,-39.4,856.2,NA,NA,42
1989,7,16,0,NA,857.3,NA,NA,42
1989,7,16,3,-36.1,857.5,NA,NA,43
1989,7,16,6,-36.4,856.6,NA,NA,43
1989,7,16,9,-36.4,856,NA,NA,44
1989,7,16,12,-35.5,855.4,NA,NA,44
1989,7,16,15,-36.9,855.4,NA,NA,43
1989,7,16,18,-38,856.4,NA,NA,42
1989,7,16,21,-39.5,855.3,NA,NA,40
1989,7,17,0,-40.1,856.5,NA,NA,40
1989,7,17,3,-40.8,857.3,NA,NA,40
1989,7,17,6,-40.9,858.1,NA,NA,38
1989,7,17,9,-41.3,859.4,NA,NA,38
1989,7,17,12,-41.1,860.4,NA,NA,39
1989,7,17,15,-40.9,862,NA,NA,39
1989,7,17,18,-41.8,862.2,NA,NA,39
1989,7,17,21,-41.8,861.8,NA,NA,39
1989,7,18,0,-40.9,863.1,NA,NA,40
1989,7,18,3,-40.8,863.8,NA,NA,39
1989,7,18,6,-38,864.1,NA,NA,41
1989,7,18,9,-37.1,862.8,NA,NA,43
1989,7,18,12,-35.8,860.9,NA,NA,44
1989,7,18,15,-35.5,859.1,NA,NA,43
1989,7,18,18,-35.3,857.6,NA,NA,44
1989,7,18,21,-35.3,856.5,NA,NA,44
1989,7,19,0,-36,857,NA,NA,43
1989,7,19,3,-35.8,855,NA,NA,45
1989,7,19,6,NA,856,NA,NA,47
1989,7,19,9,-34.1,856.2,NA,NA,44
1989,7,19,12,-35.5,856.1,NA,NA,43
1989,7,19,15,-36.5,856,NA,NA,43
1989,7,19,18,-36.5,857.3,NA,NA,43
1989,7,19,21,-35.8,857.4,NA,NA,43
1989,7,20,0,-36.4,857.9,NA,NA,43
1989,7,20,3,-36.8,857.9,NA,NA,42
1989,7,20,6,-38.1,858.9,NA,NA,42
1989,7,20,9,-39.5,860,NA,NA,41
1989,7,20,12,-40.4,859.5,NA,NA,40
1989,7,20,15,-40.8,855.9,NA,NA,40
1989,7,20,18,-35.9,854.7,NA,NA,44
1989,7,20,21,-37,852.4,NA,NA,42
1989,7,21,0,-36.9,851.7,NA,NA,43
1989,7,21,3,-36.1,851.2,NA,NA,43
1989,7,21,6,-35.3,850.7,NA,NA,44
1989,7,21,9,-36.1,850.4,NA,NA,43
1989,7,21,12,-36.8,849.3,NA,NA,42
1989,7,21,15,-37.4,848.1,NA,NA,42
1989,7,21,18,-38.1,845,NA,NA,42
1989,7,21,21,-38.4,843.6,NA,NA,42
1989,7,22,0,-36.1,842.8,NA,NA,44
1989,7,22,3,NA,842.1,NA,NA,45
1989,7,22,6,-32.4,842.9,NA,NA,45
1989,7,22,9,-32.9,843.8,NA,NA,46
1989,7,22,12,-32.6,845.5,NA,NA,44
1989,7,22,15,-32.6,846.9,NA,NA,46
1989,7,22,18,-30,847.3,NA,NA,46
1989,7,22,21,-32,846.9,NA,NA,45
1989,7,23,0,NA,850.6,NA,NA,44
1989,7,23,3,-35,851.7,NA,NA,44
1989,7,23,6,-35,854.7,NA,NA,45
1989,7,23,9,-33.4,854.5,NA,NA,45
1989,7,23,12,-33.3,852.3,NA,NA,45
1989,7,23,15,-32,850,NA,NA,46
1989,7,23,18,-32.1,847,NA,NA,46
1989,7,23,21,-31.6,844,NA,NA,46
1989,7,24,0,-32.3,842.7,NA,NA,46
1989,7,24,3,-31.8,839.8,NA,NA,46
1989,7,24,6,-34,839.5,NA,NA,43
1989,7,24,9,-32.8,838.7,NA,NA,42
1989,7,24,12,-32.8,838.5,NA,NA,41
1989,7,24,15,-32.4,837.4,NA,NA,44
1989,7,24,18,-29.8,838.1,NA,NA,42
1989,7,24,21,-31.6,839.6,NA,NA,45
1989,7,25,0,-32.6,838,NA,NA,47
1989,7,25,3,-30.9,836.4,NA,NA,48
1989,7,25,6,-30.6,833.8,NA,NA,41
1989,7,25,9,-35,832,NA,NA,43
1989,7,25,12,NA,831,NA,NA,39
1989,7,25,15,NA,831.4,NA,NA,38
1989,7,25,18,-42.3,832.5,NA,NA,38
1989,7,25,21,-43.3,834.3,NA,NA,37
1989,7,26,0,-41.5,836.2,NA,NA,40
1989,7,26,3,NA,838.3,NA,NA,45
1989,7,26,6,NA,840.3,NA,NA,46
1989,7,26,9,-32.3,842,NA,NA,47
1989,7,26,12,-32.9,842.6,NA,NA,46
1989,7,26,15,-31.9,842.3,NA,NA,47
1989,7,26,18,-32.1,840.8,NA,NA,46
1989,7,26,21,-35.6,838.7,NA,NA,44
1989,7,27,0,-36.8,838.2,NA,NA,43
1989,7,27,3,-36.8,837,NA,NA,43
1989,7,27,6,-38.3,835.6,NA,NA,42
1989,7,27,9,-38.5,834.5,NA,NA,42
1989,7,27,12,-38.9,834.2,NA,NA,41
1989,7,27,15,-38.1,833.8,NA,NA,42
1989,7,27,18,-36.3,834.7,NA,NA,43
1989,7,27,21,NA,836.6,NA,NA,47
1989,7,28,0,NA,839,NA,NA,48
1989,7,28,3,-29.6,840.4,NA,NA,48
1989,7,28,6,-30.6,842.1,NA,NA,47
1989,7,28,9,-32.8,844.3,NA,NA,45
1989,7,28,12,-33.3,847.7,NA,NA,45
1989,7,28,15,-31.1,850.8,NA,NA,48
1989,7,28,18,-29.6,853.7,NA,NA,47
1989,7,28,21,-32.4,856.5,NA,NA,46
1989,7,29,0,-34.5,860.4,NA,NA,45
1989,7,29,3,-35.4,865.2,NA,NA,44
1989,7,29,6,-35.4,868.1,NA,NA,44
1989,7,29,9,-35.3,869,NA,NA,44
1989,7,29,12,-35,869.5,NA,NA,44
1989,7,29,15,-32.3,870.9,NA,NA,46
1989,7,29,18,-30.6,867.1,NA,NA,48
1989,7,29,21,-29.1,869.8,NA,NA,49
1989,7,30,0,-28.5,867.6,NA,NA,50
1989,7,30,3,-27.9,868,NA,NA,50
1989,7,30,6,-27.5,865.3,NA,NA,49
1989,7,30,9,-25.8,863.5,NA,NA,51
1989,7,30,12,-23.8,862,NA,NA,54
1989,7,30,15,-26.3,858.4,NA,NA,51
1989,7,30,18,NA,859.5,NA,NA,50
1989,7,30,21,-30.9,857.1,NA,NA,48
1989,7,31,0,NA,NA,NA,NA,NA
1989,7,31,3,NA,NA,NA,NA,NA
1989,7,31,6,NA,NA,NA,NA,NA
1989,7,31,9,NA,NA,NA,NA,NA
1989,7,31,12,NA,NA,NA,NA,NA
1989,7,31,15,NA,NA,NA,NA,NA
1989,7,31,18,NA,NA,NA,NA,NA
1989,7,31,21,NA,NA,NA,NA,NA
1989,8,1,0,-37.6,841.8,NA,NA,42
1989,8,1,3,-37.6,846.2,NA,NA,42
1989,8,1,6,-38.6,841.9,NA,NA,41
1989,8,1,9,-41.1,842.1,NA,NA,39
1989,8,1,12,-40.1,845.1,NA,NA,41
1989,8,1,15,-38.8,843.8,NA,NA,42
1989,8,1,18,-38.9,842.5,NA,NA,41
1989,8,1,21,-38.9,843.3,NA,NA,42
1989,8,2,0,-38.1,841.4,NA,NA,42
1989,8,2,3,-37.8,841.9,NA,NA,42
1989,8,2,6,-38,840.9,NA,NA,42
1989,8,2,9,-37.4,841.5,NA,NA,43
1989,8,2,12,-37.1,841.2,NA,NA,43
1989,8,2,15,-35.4,840.1,NA,NA,45
1989,8,2,18,-34.1,837,NA,NA,43
1989,8,2,21,-35.5,835.2,NA,NA,43
1989,8,3,0,-35.8,835.4,NA,NA,45
1989,8,3,3,-35,835.8,NA,NA,44
1989,8,3,6,-36.6,835.4,NA,NA,43
1989,8,3,9,-36.4,836.5,NA,NA,41
1989,8,3,12,-38,836.3,NA,NA,42
1989,8,3,15,-39.3,836.7,NA,NA,41
1989,8,3,18,-39.8,838.3,NA,NA,40
1989,8,3,21,-40.9,838.7,NA,NA,39
1989,8,4,0,-41.5,841,NA,NA,39
1989,8,4,3,-41.5,842.7,NA,NA,39
1989,8,4,6,-42.1,844.4,NA,NA,38
1989,8,4,9,-43.3,841.8,NA,NA,38
1989,8,4,12,-42.9,845.7,NA,NA,38
1989,8,4,15,-42.1,843.8,NA,NA,39
1989,8,4,18,-42.3,842.2,NA,NA,38
1989,8,4,21,-42.1,842.6,NA,NA,38
1989,8,5,0,-42.6,841.4,NA,NA,37
1989,8,5,3,-43.6,842.6,NA,NA,37
1989,8,5,6,-43.6,841.5,NA,NA,37
1989,8,5,9,-43.3,841.9,NA,NA,37
1989,8,5,12,-43.9,843.1,NA,NA,37
1989,8,5,15,-45.3,843.9,NA,NA,36
1989,8,5,18,-47.4,842.9,NA,NA,34
1989,8,5,21,-46.9,842.7,NA,NA,35
1989,8,6,0,-46.5,843.1,NA,NA,35
1989,8,6,3,-46.3,843.8,NA,NA,36
1989,8,6,6,-46.9,843.4,NA,NA,35
1989,8,6,9,-47.5,844.4,NA,NA,34
1989,8,6,12,-48.4,843.9,NA,NA,34
1989,8,6,15,-48.8,844.6,NA,NA,33
1989,8,6,18,-47.5,842.9,NA,NA,35
1989,8,6,21,NA,845,NA,NA,37
1989,8,7,0,-44.1,845.2,NA,NA,37
1989,8,7,3,-43.6,846.9,NA,NA,37
1989,8,7,6,-44.5,846.7,NA,NA,37
1989,8,7,9,-45.6,846.5,NA,NA,36
1989,8,7,12,-45.9,847.1,NA,NA,36
1989,8,7,15,-45.6,846.2,NA,NA,36
1989,8,7,18,-42.3,846.4,NA,NA,37
1989,8,7,21,-41.3,847.9,NA,NA,40
1989,8,8,0,NA,849,NA,NA,45
1989,8,8,3,NA,848.6,NA,NA,47
1989,8,8,6,-32.3,848.9,NA,NA,46
1989,8,8,9,-30.9,851.5,NA,NA,47
1989,8,8,12,-29.3,854.8,NA,NA,50
1989,8,8,15,-28.9,857.7,NA,NA,49
1989,8,8,18,-32.6,859.1,NA,NA,46
1989,8,8,21,-31.4,861.1,NA,NA,48
1989,8,9,0,-32.4,863,NA,NA,47
1989,8,9,3,-33.5,865.1,NA,NA,45
1989,8,9,6,-33.8,865.3,NA,NA,45
1989,8,9,9,-34.3,865.6,NA,NA,45
1989,8,9,12,-33.3,864.9,NA,NA,45
1989,8,9,15,-32.4,864,NA,NA,46
1989,8,9,18,-32.9,863,NA,NA,46
1989,8,9,21,-32.6,861.2,NA,NA,47
1989,8,10,0,-32.8,859.8,NA,NA,47
1989,8,10,3,-32.6,857,NA,NA,46
1989,8,10,6,-31.8,858.3,NA,NA,48
1989,8,10,9,-31.8,857.4,NA,NA,47
1989,8,10,12,-32.6,856.2,NA,NA,46
1989,8,10,15,-34.1,856.4,NA,NA,45
1989,8,10,18,-35,854.4,NA,NA,43
1989,8,10,21,-36,853.6,NA,NA,43
1989,8,11,0,-37.4,853.9,NA,NA,42
1989,8,11,3,-36.4,854.4,NA,NA,43
1989,8,11,6,-38,854,NA,NA,42
1989,8,11,9,-39,854.3,NA,NA,41
1989,8,11,12,-39.8,855.3,NA,NA,41
1989,8,11,15,-40.1,854.8,NA,NA,40
1989,8,11,18,-40.8,853.1,NA,NA,40
1989,8,11,21,-39.9,852.5,NA,NA,41
1989,8,12,0,-39.9,849.8,NA,NA,41
1989,8,12,3,-39.3,848.8,NA,NA,41
1989,8,12,6,-37.5,849.6,NA,NA,42
1989,8,12,9,-38.9,850.4,NA,NA,41
1989,8,12,12,-40.5,851.8,NA,NA,40
1989,8,12,15,-42.1,854.4,NA,NA,38
1989,8,12,18,-44.1,854.2,NA,NA,37
1989,8,12,21,-45.4,852.7,NA,NA,36
1989,8,13,0,-45.6,853.7,NA,NA,36
1989,8,13,3,-46.9,851,NA,NA,35
1989,8,13,6,-47.4,849.7,NA,NA,34
1989,8,13,9,-47.3,849.7,NA,NA,35
1989,8,13,12,-45.3,848.7,NA,NA,37
1989,8,13,15,-43.5,848.7,NA,NA,37
1989,8,13,18,-43.4,848.6,NA,NA,37
1989,8,13,21,-43.1,848.3,NA,NA,38
1989,8,14,0,-43.6,848.2,NA,NA,37
1989,8,14,3,-44.1,846.8,NA,NA,37
1989,8,14,6,-44.8,845.9,NA,NA,37
1989,8,14,9,-44.5,845.7,NA,NA,37
1989,8,14,12,-44.3,845,NA,NA,37
1989,8,14,15,-44.9,845.4,NA,NA,36
1989,8,14,18,-45.3,845.7,NA,NA,36
1989,8,14,21,-45,845.7,NA,NA,37
1989,8,15,0,-44,846.9,NA,NA,37
1989,8,15,3,-44.3,847.5,NA,NA,37
1989,8,15,6,-44.8,848.4,NA,NA,37
1989,8,15,9,-45.3,849.8,NA,NA,36
1989,8,15,12,-45.4,851,NA,NA,36
1989,8,15,15,-45.8,851.9,NA,NA,36
1989,8,15,18,-44.5,853,NA,NA,36
1989,8,15,21,-42.8,854,NA,NA,38
1989,8,16,0,-41.9,854.6,NA,NA,39
1989,8,16,3,-41.3,856.1,NA,NA,39
1989,8,16,6,-45.3,855.5,NA,NA,36
1989,8,16,9,-44.9,854.1,NA,NA,37
1989,8,16,12,-44.1,851.6,NA,NA,37
1989,8,16,15,-44.1,850.9,NA,NA,37
1989,8,16,18,NA,NA,NA,NA,NA
1989,8,16,21,NA,NA,NA,NA,NA
1989,8,17,0,-43.4,843.9,NA,NA,39
1989,8,17,3,-41.3,842.2,NA,NA,39
1989,8,17,6,-42.3,841.1,NA,NA,39
1989,8,17,9,-41.4,841.4,NA,NA,39
1989,8,17,12,-40.9,840.8,NA,NA,39
1989,8,17,15,-41.1,840.4,NA,NA,40
1989,8,17,18,-40.1,840.5,NA,NA,41
1989,8,17,21,-37.9,839.2,NA,NA,42
1989,8,18,0,-39.1,838.2,NA,NA,41
1989,8,18,3,-39.9,836.3,NA,NA,40
1989,8,18,6,-39.3,838.5,NA,NA,41
1989,8,18,9,-39.8,840.1,NA,NA,40
1989,8,18,12,-40.9,841.3,NA,NA,40
1989,8,18,15,-41.8,843.1,NA,NA,39
1989,8,18,18,-43.3,843.5,NA,NA,37
1989,8,18,21,-42.3,844.2,NA,NA,38
1989,8,19,0,-41.8,844.3,NA,NA,38
1989,8,19,3,-41.8,844.3,NA,NA,38
1989,8,19,6,-41.9,843.1,NA,NA,38
1989,8,19,9,-42.4,842.2,NA,NA,38
1989,8,19,12,-42.1,841.1,NA,NA,38
1989,8,19,15,-42.6,839.9,NA,NA,37
1989,8,19,18,-42.3,838,NA,NA,37
1989,8,19,21,-43.1,838.3,NA,NA,37
1989,8,20,0,-43.6,838.8,NA,NA,37
1989,8,20,3,-44.3,839.6,NA,NA,37
1989,8,20,6,-44.6,841.1,NA,NA,36
1989,8,20,9,-45.3,842,NA,NA,36
1989,8,20,12,-45.8,843.5,NA,NA,35
1989,8,20,15,-46.9,843.5,NA,NA,34
1989,8,20,18,-47.6,843.1,NA,NA,34
1989,8,20,21,-48.5,843.3,NA,NA,33
1989,8,21,0,-48.6,843,NA,NA,33
1989,8,21,3,-48.8,842.5,NA,NA,33
1989,8,21,6,-48.8,842.2,NA,NA,33
1989,8,21,9,-49,842,NA,NA,33
1989,8,21,12,-49,841.6,NA,NA,33
1989,8,21,15,-48.8,842.1,NA,NA,33
1989,8,21,18,-49.3,842,NA,NA,33
1989,8,21,21,-49.4,842.6,NA,NA,32
1989,8,22,0,-49.4,842.5,NA,NA,32
1989,8,22,3,-49.3,842.2,NA,NA,32
1989,8,22,6,-49.4,841.9,NA,NA,32
1989,8,22,9,-49.3,839.7,NA,NA,32
1989,8,22,12,-49,838.7,NA,NA,32
1989,8,22,15,-48.8,837.8,NA,NA,33
1989,8,22,18,-48.4,836.6,NA,NA,33
1989,8,22,21,-48.4,836.7,NA,NA,33
1989,8,23,0,-47.1,835.7,NA,NA,35
1989,8,23,3,-45.9,834.4,NA,NA,35
1989,8,23,6,-46.9,833.6,NA,NA,35
1989,8,23,9,-44,834.7,NA,NA,37
1989,8,23,12,NA,835.7,NA,NA,38
1989,8,23,15,-43.3,836.2,NA,NA,37
1989,8,23,18,-44.8,837.3,NA,NA,36
1989,8,23,21,-44.8,843.2,NA,NA,37
1989,8,24,0,-45.3,848.4,NA,NA,36
1989,8,24,3,-45.3,851,NA,NA,36
1989,8,24,6,-44.8,850.9,NA,NA,36
1989,8,24,9,-44.6,852.2,NA,NA,37
1989,8,24,12,-43.4,853.2,NA,NA,37
1989,8,24,15,-43.3,853.9,NA,NA,35
1989,8,24,18,-44.5,855.5,NA,NA,35
1989,8,24,21,-45.6,856.6,NA,NA,34
1989,8,25,0,-46.9,858.9,NA,NA,34
1989,8,25,3,-46.3,859.9,NA,NA,33
1989,8,25,6,-44.5,859.8,NA,NA,30
1989,8,25,9,-42.9,860.2,NA,NA,23
1989,8,25,12,-43,858,NA,NA,34
1989,8,25,15,-44,857.5,NA,NA,34
1989,8,25,18,-43.4,856.7,NA,NA,27
1989,8,25,21,-44.6,855.1,NA,NA,31
1989,8,26,0,-42.9,854.4,NA,NA,37
1989,8,26,3,-45.6,853.1,NA,NA,35
1989,8,26,6,-44.9,851.9,NA,NA,36
1989,8,26,9,-43.5,853.6,NA,NA,37
1989,8,26,12,-43.6,855.4,NA,NA,37
1989,8,26,15,-42.9,857.8,NA,NA,38
1989,8,26,18,-42.6,857.6,NA,NA,38
1989,8,26,21,NA,858.7,NA,NA,42
1989,8,27,0,-38.1,858.6,NA,NA,42
1989,8,27,3,-37.6,859.6,NA,NA,41
1989,8,27,6,-35.9,860.4,NA,NA,43
1989,8,27,9,-34.1,861.3,NA,NA,43
1989,8,27,12,-36.8,861.5,NA,NA,40
1989,8,27,15,NA,862,NA,NA,40
1989,8,27,18,-39.3,863.5,NA,NA,42
1989,8,27,21,-38,864.4,NA,NA,42
1989,8,28,0,-38.6,865.1,NA,NA,42
1989,8,28,3,-37.6,864.2,NA,NA,42
1989,8,28,6,-34.4,864,NA,NA,44
1989,8,28,9,NA,864.7,NA,NA,44
1989,8,28,12,NA,866.6,NA,NA,51
1989,8,28,15,NA,868.3,NA,NA,54
1989,8,28,18,-26.6,871.1,NA,NA,52
1989,8,28,21,-26.5,873.9,NA,NA,52
1989,8,29,0,-26.1,874,NA,NA,54
1989,8,29,3,NA,872.6,NA,NA,53
1989,8,29,6,NA,873.5,NA,NA,61
1989,8,29,9,-17.3,875.2,NA,NA,61
1989,8,29,12,-20.4,875.3,NA,NA,54
1989,8,29,15,-22,874.2,NA,NA,53
1989,8,29,18,-22.8,871.1,NA,NA,55
1989,8,29,21,-25.8,868.7,NA,NA,53
1989,8,30,0,-25,865.1,NA,NA,53
1989,8,30,3,-28.3,862.9,NA,NA,50
1989,8,30,6,NA,864.7,NA,NA,48
1989,8,30,9,-31.8,865.6,NA,NA,48
1989,8,30,12,-28.8,865.9,NA,NA,49
1989,8,30,15,-28.9,867.3,NA,NA,48
1989,8,30,18,NA,867.6,NA,NA,46
1989,8,30,21,NA,868.6,NA,NA,46
1989,8,31,0,-32.4,868.8,NA,NA,46
1989,8,31,3,-32.4,869.3,NA,NA,47
1989,8,31,6,-31.4,870.3,NA,NA,48
1989,8,31,9,-29.1,869.8,NA,NA,50
1989,8,31,12,NA,870.3,NA,NA,53
1989,8,31,15,-25.6,871,NA,NA,52
1989,8,31,18,-25.8,871,NA,NA,54
1989,8,31,21,-24.5,871.8,NA,NA,53
1989,9,1,0,NA,870.4,NA,NA,48
1989,9,1,3,NA,868.5,NA,NA,47
1989,9,1,6,-32,867.3,NA,NA,48
1989,9,1,9,-31.8,864.7,NA,NA,48
1989,9,1,12,-31.1,864.1,NA,NA,48
1989,9,1,15,-32.3,863.2,NA,NA,47
1989,9,1,18,-34.8,861.9,NA,NA,45
1989,9,1,21,NA,859.5,NA,NA,42
1989,9,2,0,-38.5,860.3,NA,NA,42
1989,9,2,3,-37.6,860.7,NA,NA,43
1989,9,2,6,-38,861.6,NA,NA,42
1989,9,2,9,-37.6,862.9,NA,NA,43
1989,9,2,12,-38.5,863.8,NA,NA,42
1989,9,2,15,-38.6,864.2,NA,NA,42
1989,9,2,18,-39.4,863.7,NA,NA,41
1989,9,2,21,-38.9,863.7,NA,NA,42
1989,9,3,0,-36,863.9,NA,NA,44
1989,9,3,3,-38.5,862.7,NA,NA,42
1989,9,3,6,-39.5,862.6,NA,NA,41
1989,9,3,9,-39.8,861.3,NA,NA,41
1989,9,3,12,-39.9,860.1,NA,NA,41
1989,9,3,15,-38,860,NA,NA,42
1989,9,3,18,-37.5,860.1,NA,NA,42
1989,9,3,21,-37.1,858.9,NA,NA,43
1989,9,4,0,-36.6,859.3,NA,NA,43
1989,9,4,3,-36.1,859.5,NA,NA,44
1989,9,4,6,-36.1,860.2,NA,NA,44
1989,9,4,9,-37.1,861.4,NA,NA,43
1989,9,4,12,-38.1,862.2,NA,NA,42
1989,9,4,15,-37,862.8,NA,NA,43
1989,9,4,18,-37.6,862.5,NA,NA,42
1989,9,4,21,-38.1,861.8,NA,NA,42
1989,9,5,0,-38.5,861.2,NA,NA,42
1989,9,5,3,-38.5,860.4,NA,NA,42
1989,9,5,6,-38.1,859.6,NA,NA,42
1989,9,5,9,-38.6,859.1,NA,NA,42
1989,9,5,12,-38.9,858.1,NA,NA,42
1989,9,5,15,-40.5,857.4,NA,NA,40
1989,9,5,18,-41.3,856.8,NA,NA,39
1989,9,5,21,-42.5,856.5,NA,NA,38
1989,9,6,0,-41.5,856.4,NA,NA,39
1989,9,6,3,-40.9,856.1,NA,NA,40
1989,9,6,6,-40.3,856.2,NA,NA,40
1989,9,6,9,-39.5,856.8,NA,NA,41
1989,9,6,12,-38.6,856.1,NA,NA,41
1989,9,6,15,-40.1,855.4,NA,NA,40
1989,9,6,18,-39.4,854.5,NA,NA,41
1989,9,6,21,-38.8,853.4,NA,NA,42
1989,9,7,0,-37.9,852.6,NA,NA,42
1989,9,7,3,-37,850.9,NA,NA,43
1989,9,7,6,-37.5,851.1,NA,NA,42
1989,9,7,9,-36.6,849.6,NA,NA,43
1989,9,7,12,-38.8,850.2,NA,NA,42
1989,9,7,15,-40.8,850.6,NA,NA,40
1989,9,7,18,-40.5,849.7,NA,NA,40
1989,9,7,21,-39.9,850.6,NA,NA,41
1989,9,8,0,-39.4,849.1,NA,NA,41
1989,9,8,3,-38.6,850.8,NA,NA,42
1989,9,8,6,-38.9,851.7,NA,NA,42
1989,9,8,9,-40.4,852.1,NA,NA,40
1989,9,8,12,-40,852.5,NA,NA,41
1989,9,8,15,-40.1,853.4,NA,NA,40
1989,9,8,18,-40.4,853.1,NA,NA,41
1989,9,8,21,-40.8,853.8,NA,NA,40
1989,9,9,0,-39.4,854.3,NA,NA,41
1989,9,9,3,-40.4,855.4,NA,NA,40
1989,9,9,6,-42.4,857,NA,NA,38
1989,9,9,9,-43.9,857.7,NA,NA,37
1989,9,9,12,-44.3,858.1,NA,NA,37
1989,9,9,15,-41.8,858.3,NA,NA,39
1989,9,9,18,NA,858.7,NA,NA,42
1989,9,9,21,-38,858.2,NA,NA,42
1989,9,10,0,-37,859.7,NA,NA,43
1989,9,10,3,-35.8,861,NA,NA,43
1989,9,10,6,-35.1,862.4,NA,NA,45
1989,9,10,9,-34.4,861.2,NA,NA,45
1989,9,10,12,-32.4,859.6,NA,NA,47
1989,9,10,15,-33.1,858.8,NA,NA,46
1989,9,10,18,-34.1,858.5,NA,NA,45
1989,9,10,21,-33.3,858.2,NA,NA,45
1989,9,11,0,-32.9,854.5,NA,NA,45
1989,9,11,3,-31.6,853.5,NA,NA,46
1989,9,11,6,-32.6,853.4,NA,NA,46
1989,9,11,9,-35,853.5,NA,NA,44
1989,9,11,12,-35.4,855.1,NA,NA,44
1989,9,11,15,-37.5,856.8,NA,NA,43
1989,9,11,18,-37,858.6,NA,NA,43
1989,9,11,21,-36.8,861.8,NA,NA,43
1989,9,12,0,-35.4,865.4,NA,NA,45
1989,9,12,3,-34.1,865.6,NA,NA,46
1989,9,12,6,-32.9,866.9,NA,NA,47
1989,9,12,9,-33.3,868.3,NA,NA,46
1989,9,12,12,-33.5,865.6,NA,NA,46
1989,9,12,15,-33.9,865.9,NA,NA,44
1989,9,12,18,-33.8,863.7,NA,NA,45
1989,9,12,21,-33.5,859.6,NA,NA,45
1989,9,13,0,-32.1,858.2,NA,NA,45
1989,9,13,3,-30.6,855.4,NA,NA,45
1989,9,13,6,-29.3,852.8,NA,NA,42
1989,9,13,9,-27.6,849.6,NA,NA,44
1989,9,13,12,-27.4,847.3,NA,NA,47
1989,9,13,15,-27.4,846.5,NA,NA,48
1989,9,13,18,-27.3,846.7,NA,NA,50
1989,9,13,21,-29.4,847.3,NA,NA,49
1989,9,14,0,-29.9,847,NA,NA,49
1989,9,14,3,-30.3,846.9,NA,NA,48
1989,9,14,6,-30.3,846.3,NA,NA,48
1989,9,14,9,-31,846.2,NA,NA,48
1989,9,14,12,-32,845.9,NA,NA,46
1989,9,14,15,-34,845.4,NA,NA,44
1989,9,14,18,-36.5,845.1,NA,NA,43
1989,9,14,21,NA,846.6,NA,NA,41
1989,9,15,0,-40.9,848.6,NA,NA,40
1989,9,15,3,-41.5,850.2,NA,NA,39
1989,9,15,6,-42.4,850.6,NA,NA,38
1989,9,15,9,-43.4,850.3,NA,NA,37
1989,9,15,12,-44,849.8,NA,NA,37
1989,9,15,15,-40.1,848.9,NA,NA,40
1989,9,15,18,NA,847.9,NA,NA,41
1989,9,15,21,NA,846.5,NA,NA,41
1989,9,16,0,NA,846.4,NA,NA,38
1989,9,16,3,NA,846.8,NA,NA,36
1989,9,16,6,-26.1,847.1,NA,NA,51
1989,9,16,9,-23.4,847.1,NA,NA,55
1989,9,16,12,-23.5,847.6,NA,NA,54
1989,9,16,15,-24.9,848.4,NA,NA,54
1989,9,16,18,-27.4,849.1,NA,NA,52
1989,9,16,21,-27.4,850.1,NA,NA,51
1989,9,17,0,-25.3,851.1,NA,NA,52
1989,9,17,3,-23.4,853.4,NA,NA,54
1989,9,17,6,-22.3,854.2,NA,NA,54
1989,9,17,9,-24.5,856.2,NA,NA,52
1989,9,17,12,NA,856.6,NA,NA,49
1989,9,17,15,NA,858.4,NA,NA,48
1989,9,17,18,-33.6,858.6,NA,NA,46
1989,9,17,21,NA,858.9,NA,NA,44
1989,9,18,0,NA,NA,NA,NA,NA
1989,9,18,3,-36.4,856.4,NA,NA,44
1989,9,18,6,-38.1,855.9,NA,NA,42
1989,9,18,9,-37.9,856.7,NA,NA,42
1989,9,18,12,-38.1,859.1,NA,NA,42
1989,9,18,15,-37.1,859.8,NA,NA,43
1989,9,18,18,NA,860,NA,NA,52
1989,9,18,21,NA,859.7,NA,NA,43
1989,9,19,0,NA,859.4,NA,NA,47
1989,9,19,3,-22.5,863.1,NA,NA,48
1989,9,19,6,-21.5,865.5,NA,NA,53
1989,9,19,9,-20.1,868.8,NA,NA,39
1989,9,19,12,-24,870.4,NA,NA,47
1989,9,19,15,-20.6,869,NA,NA,38
1989,9,19,18,NA,866.8,NA,NA,52
1989,9,19,21,-24.6,867,NA,NA,46
1989,9,20,0,-25.8,865.6,NA,NA,49
1989,9,20,3,-25.8,864.8,NA,NA,46
1989,9,20,6,-25.8,864.5,NA,NA,50
1989,9,20,9,-26,863.4,NA,NA,44
1989,9,20,12,-29.6,863.1,NA,NA,49
1989,9,20,15,-29.1,863.2,NA,NA,49
1989,9,20,18,-29.9,863.6,NA,NA,48
1989,9,20,21,-28.3,862.2,NA,NA,48
1989,9,21,0,-27.6,863.4,NA,NA,46
1989,9,21,3,-27.3,863.2,NA,NA,44
1989,9,21,6,-28.8,863,NA,NA,45
1989,9,21,9,-28.3,862.8,NA,NA,47
1989,9,21,12,-25.6,862.7,NA,NA,52
1989,9,21,15,-25.5,861.5,NA,NA,52
1989,9,21,18,-20.9,863,NA,NA,40
1989,9,21,21,NA,863.4,NA,NA,44
1989,9,22,0,-19.8,864.8,NA,NA,44
1989,9,22,3,-17.9,863.7,NA,NA,28
1989,9,22,6,-19,863.4,NA,NA,49
1989,9,22,9,-19.6,863.5,NA,NA,31
1989,9,22,12,-21.3,862.4,NA,NA,35
1989,9,22,15,-22.9,863,NA,NA,48
1989,9,22,18,-21.5,861.1,NA,NA,37
1989,9,22,21,-23.1,861.7,NA,NA,42
1989,9,23,0,-24.3,861.7,NA,NA,47
1989,9,23,3,-22.9,861.1,NA,NA,49
1989,9,23,6,-22.5,861.2,NA,NA,42
1989,9,23,9,-24.5,860.4,NA,NA,41
1989,9,23,12,NA,858.8,NA,NA,49
1989,9,23,15,-24.5,855.8,NA,NA,52
1989,9,23,18,NA,855,NA,NA,40
1989,9,23,21,-23.6,855.2,NA,NA,39
1989,9,24,0,-22.5,854.2,NA,NA,46
1989,9,24,3,-21.9,852.5,NA,NA,43
1989,9,24,6,-22.6,851.7,NA,NA,36
1989,9,24,9,-26,849.7,NA,NA,49
1989,9,24,12,-26.1,847.8,NA,NA,40
1989,9,24,15,-26.6,846.3,NA,NA,47
1989,9,24,18,-28.3,845.1,NA,NA,43
1989,9,24,21,-28,843.4,NA,NA,39
1989,9,25,0,-27.4,843.2,NA,NA,40
1989,9,25,3,-26.6,841.4,NA,NA,38
1989,9,25,6,-29,841.7,NA,NA,39
1989,9,25,9,-31,842.1,NA,NA,33
1989,9,25,12,-33,842.8,NA,NA,37
1989,9,25,15,-33.5,842.8,NA,NA,36
1989,9,25,18,-35.3,842.9,NA,NA,31
1989,9,25,21,-35.8,843.2,NA,NA,30
1989,9,26,0,-34.5,842.5,NA,NA,28
1989,9,26,3,-33.8,841,NA,NA,28
1989,9,26,6,-34.6,840.3,NA,NA,30
1989,9,26,9,-36.8,839.2,NA,NA,34
1989,9,26,12,-38,838.2,NA,NA,36
1989,9,26,15,-37.1,837.3,NA,NA,40
1989,9,26,18,-37.8,835.3,NA,NA,40
1989,9,26,21,-37,833.9,NA,NA,41
1989,9,27,0,-36.1,830.9,NA,NA,42
1989,9,27,3,-35.6,829.4,NA,NA,42
1989,9,27,6,-36.1,827.2,NA,NA,43
1989,9,27,9,-37,825.5,NA,NA,42
1989,9,27,12,-40.1,824.5,NA,NA,39
1989,9,27,15,-38.3,824.2,NA,NA,38
1989,9,27,18,-40.1,824.6,NA,NA,37
1989,9,27,21,-38.9,825.7,NA,NA,33
1989,9,28,0,-37.5,826.7,NA,NA,32
1989,9,28,3,-36.4,827.2,NA,NA,40
1989,9,28,6,-38,827.7,NA,NA,40
1989,9,28,9,-38.8,828.1,NA,NA,38
1989,9,28,12,-37.9,828.9,NA,NA,37
1989,9,28,15,-39,830.2,NA,NA,39
1989,9,28,18,-40.6,830.5,NA,NA,37
1989,9,28,21,-41,829.3,NA,NA,36
1989,9,29,0,-42.1,832.6,NA,NA,37
1989,9,29,3,-41.6,832.2,NA,NA,37
1989,9,29,6,-41.5,832.8,NA,NA,38
1989,9,29,9,-42.1,832.3,NA,NA,38
1989,9,29,12,-42.8,831.8,NA,NA,37
1989,9,29,15,-43.4,830.8,NA,NA,37
1989,9,29,18,-44.8,829.7,NA,NA,36
1989,9,29,21,-44.6,829.4,NA,NA,37
1989,9,30,0,-40.9,829.2,NA,NA,38
1989,9,30,3,NA,829.7,NA,NA,39
1989,9,30,6,-38.5,830.3,NA,NA,39
1989,9,30,9,-40.1,831.7,NA,NA,39
1989,9,30,12,-40.9,832.3,NA,NA,38
1989,9,30,15,-36.1,832.6,NA,NA,43
1989,9,30,18,-36.8,834.4,NA,NA,41
1989,9,30,21,-36.1,836.3,NA,NA,41
1989,10,1,0,NA,837.3,NA,NA,44
1989,10,1,3,NA,837,NA,NA,38
1989,10,1,6,-29.8,837.4,NA,NA,47
1989,10,1,9,-29.8,838.4,NA,NA,48
1989,10,1,12,-29.9,839.1,NA,NA,49
1989,10,1,15,-27.9,837.4,NA,NA,49
1989,10,1,18,-31.8,837.8,NA,NA,47
1989,10,1,21,-31.3,838.9,NA,NA,47
1989,10,2,0,-30.9,839.4,NA,NA,43
1989,10,2,3,-29.5,840.6,NA,NA,46
1989,10,2,6,-30.6,840.5,NA,NA,44
1989,10,2,9,-32.3,840.6,NA,NA,46
1989,10,2,12,-35.1,841.9,NA,NA,44
1989,10,2,15,-36.9,843.2,NA,NA,42
1989,10,2,18,-36.1,844.2,NA,NA,42
1989,10,2,21,-35.3,846.1,NA,NA,44
1989,10,3,0,-32.6,847.7,NA,NA,37
1989,10,3,3,-32,849.1,NA,NA,41
1989,10,3,6,-32.1,850.1,NA,NA,44
1989,10,3,9,-33.3,852.7,NA,NA,43
1989,10,3,12,-35.6,854.2,NA,NA,45
1989,10,3,15,-35,856.7,NA,NA,44
1989,10,3,18,-36,858.8,NA,NA,43
1989,10,3,21,-35.8,861.3,NA,NA,42
1989,10,4,0,-31.3,862.2,NA,NA,45
1989,10,4,3,NA,860.5,NA,NA,47
1989,10,4,6,-29.4,859.2,NA,NA,51
1989,10,4,9,-29.1,858.9,NA,NA,49
1989,10,4,12,-28.4,858.4,NA,NA,42
1989,10,4,15,-28.1,856.9,NA,NA,48
1989,10,4,18,-28,855.4,NA,NA,44
1989,10,4,21,-29.6,853.5,NA,NA,47
1989,10,5,0,-28.8,853.6,NA,NA,48
1989,10,5,3,-27.5,852.2,NA,NA,48
1989,10,5,6,-28.3,853.1,NA,NA,43
1989,10,5,9,-29.3,852.1,NA,NA,36
1989,10,5,12,-31.5,852.1,NA,NA,43
1989,10,5,15,-33.8,851.7,NA,NA,40
1989,10,5,18,-35.1,851.9,NA,NA,35
1989,10,5,21,-35.3,852.6,NA,NA,31
1989,10,6,0,-33.3,852.9,NA,NA,30
1989,10,6,3,-32,853.2,NA,NA,32
1989,10,6,6,-33.3,853.6,NA,NA,31
1989,10,6,9,-35.4,854.1,NA,NA,37
1989,10,6,12,-35.6,854.4,NA,NA,32
1989,10,6,15,-36.5,854,NA,NA,32
1989,10,6,18,-36.3,853.2,NA,NA,35
1989,10,6,21,-32,852.7,NA,NA,35
1989,10,7,0,NA,851.5,NA,NA,37
1989,10,7,3,NA,850,NA,NA,41
1989,10,7,6,-22.9,849.1,NA,NA,49
1989,10,7,9,-22.3,849.5,NA,NA,54
1989,10,7,12,-23.5,849.7,NA,NA,53
1989,10,7,15,-25.1,849.8,NA,NA,53
1989,10,7,18,-28,850.7,NA,NA,50
1989,10,7,21,-29.6,852.9,NA,NA,48
1989,10,8,0,-27.9,853.5,NA,NA,48
1989,10,8,3,-27,854.7,NA,NA,48
1989,10,8,6,-27,854.7,NA,NA,49
1989,10,8,9,-29.1,855.9,NA,NA,49
1989,10,8,12,-31.8,857.3,NA,NA,47
1989,10,8,15,-33.1,857.3,NA,NA,46
1989,10,8,18,-34,857,NA,NA,46
1989,10,8,21,-33.9,856.1,NA,NA,45
1989,10,9,0,-32.6,855.1,NA,NA,46
1989,10,9,3,-31.4,854.4,NA,NA,46
1989,10,9,6,-31.8,853.7,NA,NA,47
1989,10,9,9,-33.3,853.8,NA,NA,46
1989,10,9,12,-34.4,854.1,NA,NA,45
1989,10,9,15,-34.5,854.2,NA,NA,43
1989,10,9,18,-34.1,854.4,NA,NA,45
1989,10,9,21,-32.6,855.1,NA,NA,46
1989,10,10,0,-30.3,855.7,NA,NA,48
1989,10,10,3,-28.5,856.4,NA,NA,47
1989,10,10,6,-28.1,857.3,NA,NA,48
1989,10,10,9,-29.1,858.1,NA,NA,49
1989,10,10,12,-30,859.3,NA,NA,48
1989,10,10,15,-31.5,858.7,NA,NA,48
1989,10,10,18,-30.9,857.6,NA,NA,48
1989,10,10,21,-28.6,859.6,NA,NA,48
1989,10,11,0,-26.8,855,NA,NA,50
1989,10,11,3,-29.6,856.9,NA,NA,49
1989,10,11,6,-28.3,862.3,NA,NA,48
1989,10,11,9,-29.9,863.1,NA,NA,48
1989,10,11,12,-30.5,864.8,NA,NA,47
1989,10,11,15,-32.1,864.8,NA,NA,48
1989,10,11,18,-30.9,863.7,NA,NA,49
1989,10,11,21,NA,860,NA,NA,51
1989,10,12,0,NA,857.1,NA,NA,51
1989,10,12,3,-23.6,855.6,NA,NA,51
1989,10,12,6,-22.6,852.1,NA,NA,53
1989,10,12,9,-23.4,851.3,NA,NA,50
1989,10,12,12,-24.3,849.3,NA,NA,52
1989,10,12,15,-25.9,848.9,NA,NA,51
1989,10,12,18,-26.9,849.2,NA,NA,48
1989,10,12,21,-27.3,849.8,NA,NA,45
1989,10,13,0,-26.3,850.2,NA,NA,48
1989,10,13,3,-23.9,849.9,NA,NA,39
1989,10,13,6,-24.9,850.3,NA,NA,38
1989,10,13,9,-28.4,851.2,NA,NA,42
1989,10,13,12,NA,852.1,NA,NA,43
1989,10,13,15,-32,852.1,NA,NA,42
1989,10,13,18,-30.6,851.7,NA,NA,40
1989,10,13,21,-28,851.2,NA,NA,37
1989,10,14,0,NA,NA,NA,NA,NA
1989,10,14,3,NA,NA,NA,NA,NA
1989,10,14,6,NA,NA,NA,NA,NA
1989,10,14,9,NA,NA,NA,NA,NA
1989,10,14,12,NA,NA,NA,NA,NA
1989,10,14,15,NA,NA,NA,NA,NA
1989,10,14,18,NA,NA,NA,NA,NA
1989,10,14,21,NA,NA,NA,NA,NA
1989,10,15,0,-31.4,854.8,NA,NA,28
1989,10,15,3,-32,854.8,NA,NA,37
1989,10,15,6,-33.3,854.5,NA,NA,42
1989,10,15,9,-33.8,853.9,NA,NA,35
1989,10,15,12,-35,854,NA,NA,33
1989,10,15,15,-35.4,854.8,NA,NA,31
1989,10,15,18,-35.5,853.8,NA,NA,29
1989,10,15,21,-33.8,854.3,NA,NA,30
1989,10,16,0,-31.4,854.7,NA,NA,37
1989,10,16,3,-30.6,855.2,NA,NA,32
1989,10,16,6,-30.3,854.8,NA,NA,30
1989,10,16,9,-32,854.8,NA,NA,30
1989,10,16,12,NA,855.3,NA,NA,35
1989,10,16,15,-36.6,855.4,NA,NA,36
1989,10,16,18,-35.8,854.8,NA,NA,33
1989,10,16,21,-33,854.7,NA,NA,31
1989,10,17,0,NA,853.6,NA,NA,29
1989,10,17,3,NA,852.1,NA,NA,31
1989,10,17,6,-25.3,850.8,NA,NA,45
1989,10,17,9,-25.8,850.1,NA,NA,53
1989,10,17,12,-25.8,849.7,NA,NA,53
1989,10,17,15,-25.8,849.3,NA,NA,53
1989,10,17,18,-25.8,849.1,NA,NA,51
1989,10,17,21,-24.3,849.1,NA,NA,43
1989,10,18,0,-23.9,848.4,NA,NA,37
1989,10,18,3,-25.5,847.6,NA,NA,37
1989,10,18,6,-27.9,846.6,NA,NA,39
1989,10,18,9,NA,846.1,NA,NA,44
1989,10,18,12,NA,845.7,NA,NA,44
1989,10,18,15,-35.3,845.1,NA,NA,43
1989,10,18,18,-35.6,844.8,NA,NA,43
1989,10,18,21,-33.5,844.8,NA,NA,44
1989,10,19,0,-31.4,843.9,NA,NA,42
1989,10,19,3,-30,842.7,NA,NA,37
1989,10,19,6,-30.5,841.5,NA,NA,36
1989,10,19,9,-33.5,841,NA,NA,41
1989,10,19,12,-34.4,840.2,NA,NA,41
1989,10,19,15,-35.8,839.7,NA,NA,42
1989,10,19,18,-36.8,839.5,NA,NA,42
1989,10,19,21,-36.1,839.5,NA,NA,43
1989,10,20,0,-32.3,839.2,NA,NA,46
1989,10,20,3,NA,839.1,NA,NA,44
1989,10,20,6,-29.8,838.5,NA,NA,47
1989,10,20,9,-31.4,838.6,NA,NA,46
1989,10,20,12,-33.9,838,NA,NA,45
1989,10,20,15,-34.6,835.5,NA,NA,45
1989,10,20,18,-35.5,835.2,NA,NA,44
1989,10,20,21,-34.8,837.8,NA,NA,44
1989,10,21,0,-33.3,837.5,NA,NA,43
1989,10,21,3,-31.6,836.2,NA,NA,44
1989,10,21,6,-32.6,835.6,NA,NA,45
1989,10,21,9,-34.5,834.1,NA,NA,44
1989,10,21,12,-36.3,833.3,NA,NA,42
1989,10,21,15,-37.6,832.8,NA,NA,42
1989,10,21,18,-38.3,831.6,NA,NA,41
1989,10,21,21,-36.3,831.6,NA,NA,42
1989,10,22,0,-33.8,831.5,NA,NA,42
1989,10,22,3,-31.6,831.2,NA,NA,41
1989,10,22,6,-31.1,831.5,NA,NA,40
1989,10,22,9,-34.6,832.4,NA,NA,40
1989,10,22,12,NA,833.1,NA,NA,41
1989,10,22,15,-35.9,833.6,NA,NA,44
1989,10,22,18,-34.1,833.9,NA,NA,44
1989,10,22,21,NA,834.3,NA,NA,41
1989,10,23,0,NA,834.4,NA,NA,36
1989,10,23,3,NA,834.5,NA,NA,30
1989,10,23,6,-27.5,834.9,NA,NA,34
1989,10,23,9,NA,836.2,NA,NA,42
1989,10,23,12,-26.6,837.2,NA,NA,51
1989,10,23,15,-25.9,838.4,NA,NA,52
1989,10,23,18,-25.1,840,NA,NA,54
1989,10,23,21,-24.8,841.8,NA,NA,49
1989,10,24,0,-24.5,842.6,NA,NA,47
1989,10,24,3,-25,842.4,NA,NA,45
1989,10,24,6,-25.1,842.4,NA,NA,46
1989,10,24,9,-26.3,842.4,NA,NA,50
1989,10,24,12,-29.1,842.3,NA,NA,50
1989,10,24,15,-28,842.1,NA,NA,47
1989,10,24,18,-29.6,841,NA,NA,47
1989,10,24,21,-28.9,839.4,NA,NA,46
1989,10,25,0,-27,837.6,NA,NA,47
1989,10,25,3,-25.1,836.1,NA,NA,45
1989,10,25,6,-26,834.2,NA,NA,51
1989,10,25,9,-28.8,833.5,NA,NA,49
1989,10,25,12,NA,832.4,NA,NA,47
1989,10,25,15,NA,829.8,NA,NA,45
1989,10,25,18,-33.8,831.5,NA,NA,45
1989,10,25,21,-33.1,829.4,NA,NA,46
1989,10,26,0,-31.8,828.1,NA,NA,46
1989,10,26,3,-30.6,827.1,NA,NA,46
1989,10,26,6,-31,826.2,NA,NA,48
1989,10,26,9,-33.3,826.2,NA,NA,45
1989,10,26,12,-34.8,826.6,NA,NA,44
1989,10,26,15,-36,827.8,NA,NA,43
1989,10,26,18,-36.8,829.5,NA,NA,42
1989,10,26,21,-33.3,831.3,NA,NA,43
1989,10,27,0,NA,834.2,NA,NA,38
1989,10,27,3,NA,837.5,NA,NA,37
1989,10,27,6,-26,840.4,NA,NA,38
1989,10,27,9,-25.9,842.9,NA,NA,52
1989,10,27,12,-26,844.7,NA,NA,53
1989,10,27,15,-23.4,846,NA,NA,55
1989,10,27,18,-22.9,846.7,NA,NA,57
1989,10,27,21,-22.5,847.5,NA,NA,41
1989,10,28,0,-21.4,847.3,NA,NA,36
1989,10,28,3,-21.9,846.7,NA,NA,46
1989,10,28,6,-22.9,845.7,NA,NA,43
1989,10,28,9,NA,845.1,NA,NA,48
1989,10,28,12,NA,844.6,NA,NA,48
1989,10,28,15,-32.1,844,NA,NA,47
1989,10,28,18,-33.3,842.9,NA,NA,45
1989,10,28,21,-32.6,841.6,NA,NA,45
1989,10,29,0,-30.8,837.9,NA,NA,45
1989,10,29,3,-29.5,835.6,NA,NA,47
1989,10,29,6,-30.4,833.3,NA,NA,48
1989,10,29,9,-33.5,831.9,NA,NA,45
1989,10,29,12,-35.3,830.5,NA,NA,44
1989,10,29,15,-37,827.8,NA,NA,43
1989,10,29,18,-35.9,826.9,NA,NA,44
1989,10,29,21,NA,826.2,NA,NA,46
1989,10,30,0,NA,824.2,NA,NA,37
1989,10,30,3,NA,822.5,NA,NA,38
1989,10,30,6,-26.5,823.1,NA,NA,43
1989,10,30,9,NA,824.7,NA,NA,46
1989,10,30,12,NA,826.9,NA,NA,42
1989,10,30,15,NA,828.2,NA,NA,41
1989,10,30,18,-36.5,828.8,NA,NA,41
1989,10,30,21,-35.3,829.8,NA,NA,41
1989,10,31,0,-32.8,831.1,NA,NA,42
1989,10,31,3,-31,832.3,NA,NA,38
1989,10,31,6,-30.5,831.9,NA,NA,41
1989,10,31,9,-31.8,832.5,NA,NA,40
1989,10,31,12,-33.4,831.9,NA,NA,44
1989,10,31,15,-35.3,831.9,NA,NA,42
1989,10,31,18,-35.4,831.7,NA,NA,40
1989,10,31,21,-33.4,832.7,NA,NA,37
1989,11,1,0,NA,833.4,NA,NA,37
1989,11,1,3,NA,833.7,NA,NA,32
1989,11,1,6,-25.6,833.8,NA,NA,38
1989,11,1,9,-28.1,834,NA,NA,45
1989,11,1,12,NA,834.3,NA,NA,44
1989,11,1,15,-32.1,834.5,NA,NA,42
1989,11,1,18,NA,NA,NA,NA,NA
1989,11,1,21,-30.9,834.6,NA,NA,37
1989,11,2,0,-27.5,834.4,NA,NA,34
1989,11,2,3,NA,834,NA,NA,33
1989,11,2,6,-24.6,833.7,NA,NA,35
1989,11,2,9,-27.4,833.4,NA,NA,42
1989,11,2,12,NA,832.4,NA,NA,42
1989,11,2,15,NA,830.9,NA,NA,44
1989,11,2,18,-31.6,830.6,NA,NA,44
1989,11,2,21,-28.6,830.7,NA,NA,38
1989,11,3,0,NA,830.9,NA,NA,39
1989,11,3,3,-24,830.6,NA,NA,40
1989,11,3,6,-23.5,830.6,NA,NA,42
1989,11,3,9,-24.9,830.9,NA,NA,40
1989,11,3,12,NA,831.1,NA,NA,42
1989,11,3,15,-27,831.6,NA,NA,47
1989,11,3,18,-26.6,832.5,NA,NA,46
1989,11,3,21,-24.9,833.7,NA,NA,38
1989,11,4,0,-21.9,834.1,NA,NA,39
1989,11,4,3,-20.3,834.8,NA,NA,37
1989,11,4,6,-20.8,835.9,NA,NA,42
1989,11,4,9,-21.5,836.5,NA,NA,40
1989,11,4,12,NA,836.6,NA,NA,41
1989,11,4,15,NA,837.2,NA,NA,47
1989,11,4,18,-30.8,836.6,NA,NA,46
1989,11,4,21,-29.5,836.1,NA,NA,42
1989,11,5,0,-26.8,835.7,NA,NA,37
1989,11,5,3,NA,835.5,NA,NA,33
1989,11,5,6,-22,835.2,NA,NA,41
1989,11,5,9,-23.6,835.2,NA,NA,49
1989,11,5,12,-26.8,835,NA,NA,49
1989,11,5,15,-28.1,834.2,NA,NA,47
1989,11,5,18,-27.3,833.8,NA,NA,42
1989,11,5,21,-25.5,832.6,NA,NA,41
1989,11,6,0,-23.1,832,NA,NA,37
1989,11,6,3,-21.1,831.4,NA,NA,40
1989,11,6,6,-22.1,830.6,NA,NA,44
1989,11,6,9,-23.4,831.6,NA,NA,42
1989,11,6,12,-26,833.1,NA,NA,40
1989,11,6,15,-23.1,834,NA,NA,42
1989,11,6,18,NA,833.5,NA,NA,50
1989,11,6,21,-18.3,835.2,NA,NA,47
1989,11,7,0,NA,836,NA,NA,36
1989,11,7,3,-13.9,836.6,NA,NA,35
1989,11,7,6,-16,837.6,NA,NA,40
1989,11,7,9,NA,838.1,NA,NA,44
1989,11,7,12,NA,838.9,NA,NA,49
1989,11,7,15,-23.1,840,NA,NA,51
1989,11,7,18,-25.1,839.9,NA,NA,48
1989,11,7,21,-23.3,841.1,NA,NA,42
1989,11,8,0,NA,841.7,NA,NA,36
1989,11,8,3,NA,841.7,NA,NA,34
1989,11,8,6,-19,841.8,NA,NA,39
1989,11,8,9,-22,841.7,NA,NA,42
1989,11,8,12,-23.5,841.4,NA,NA,48
1989,11,8,15,-23.6,841,NA,NA,48
1989,11,8,18,-23.9,840.5,NA,NA,43
1989,11,8,21,-22,840.1,NA,NA,39
1989,11,9,0,-19.8,839.8,NA,NA,36
1989,11,9,3,NA,839.2,NA,NA,30
1989,11,9,6,-16.6,838.7,NA,NA,31
1989,11,9,9,NA,838.5,NA,NA,41
1989,11,9,12,NA,838.1,NA,NA,45
1989,11,9,15,-22.6,837.7,NA,NA,42
1989,11,9,18,-22,837.9,NA,NA,38
1989,11,9,21,-19.5,837.8,NA,NA,35
1989,11,10,0,NA,837.6,NA,NA,32
1989,11,10,3,NA,837.2,NA,NA,25
1989,11,10,6,-15.4,837.8,NA,NA,39
1989,11,10,9,-16.6,839.3,NA,NA,58
1989,11,10,12,-18,840.9,NA,NA,60
1989,11,10,15,-18.5,841.9,NA,NA,60
1989,11,10,18,-18.4,843.6,NA,NA,53
1989,11,10,21,-17.5,845.1,NA,NA,49
1989,11,11,0,-17.1,846.8,NA,NA,48
1989,11,11,3,-17.3,847.5,NA,NA,54
1989,11,11,6,-17.6,848.7,NA,NA,56
1989,11,11,9,-18.3,849.7,NA,NA,56
1989,11,11,12,-18.6,849.8,NA,NA,59
1989,11,11,15,-20.3,849.9,NA,NA,55
1989,11,11,18,-19.1,850.5,NA,NA,48
1989,11,11,21,-18.9,851.2,NA,NA,41
1989,11,12,0,-17.1,851.1,NA,NA,40
1989,11,12,3,-16.3,851.1,NA,NA,28
1989,11,12,6,-16.1,850.9,NA,NA,37
1989,11,12,9,-19.6,850.8,NA,NA,48
1989,11,12,12,-20.3,850.2,NA,NA,49
1989,11,12,15,-22.5,849.6,NA,NA,47
1989,11,12,18,-24.5,848.7,NA,NA,48
1989,11,12,21,-22.5,848.3,NA,NA,44
1989,11,13,0,-19.8,847,NA,NA,39
1989,11,13,3,-18.4,846,NA,NA,37
1989,11,13,6,-19.5,845.2,NA,NA,41
1989,11,13,9,-21.4,845.8,NA,NA,42
1989,11,13,12,-23.9,845.5,NA,NA,45
1989,11,13,15,-26.3,845.3,NA,NA,46
1989,11,13,18,-27.4,845.5,NA,NA,45
1989,11,13,21,-26.1,845.3,NA,NA,39
1989,11,14,0,-23.3,844.9,NA,NA,34
1989,11,14,3,-21.6,844.6,NA,NA,31
1989,11,14,6,-23.1,844,NA,NA,37
1989,11,14,9,-25.5,844.5,NA,NA,46
1989,11,14,12,NA,844.9,NA,NA,47
1989,11,14,15,NA,845.7,NA,NA,46
1989,11,14,18,-30.5,846.4,NA,NA,43
1989,11,14,21,-28.5,847.6,NA,NA,39
1989,11,15,0,NA,848.7,NA,NA,34
1989,11,15,3,NA,849.2,NA,NA,34
1989,11,15,6,-21.1,849.9,NA,NA,37
1989,11,15,9,-24.1,850.6,NA,NA,41
1989,11,15,12,NA,851.8,NA,NA,43
1989,11,15,15,-28.4,852.1,NA,NA,43
1989,11,15,18,-26.5,852.6,NA,NA,39
1989,11,15,21,NA,852.8,NA,NA,38
1989,11,16,0,NA,852.2,NA,NA,37
1989,11,16,3,NA,850.4,NA,NA,33
1989,11,16,6,-17.6,848.8,NA,NA,38
1989,11,16,9,-20.3,846.6,NA,NA,44
1989,11,16,12,-22.1,845.5,NA,NA,45
1989,11,16,15,NA,845.5,NA,NA,48
1989,11,16,18,-25.3,845.1,NA,NA,46
1989,11,16,21,-24.3,845.4,NA,NA,37
1989,11,17,0,-22.6,845.5,NA,NA,35
1989,11,17,3,NA,845.6,NA,NA,32
1989,11,17,6,-19,846.7,NA,NA,38
1989,11,17,9,-22.5,847.6,NA,NA,44
1989,11,17,12,NA,848.9,NA,NA,45
1989,11,17,15,-26.9,849.9,NA,NA,42
1989,11,17,18,-23.3,850.9,NA,NA,39
1989,11,17,21,NA,852.4,NA,NA,31
1989,11,18,0,NA,853.2,NA,NA,34
1989,11,18,3,-14.9,853.7,NA,NA,43
1989,11,18,6,-14.8,853.8,NA,NA,49
1989,11,18,9,-16,854.3,NA,NA,57
1989,11,18,12,-19.3,854.5,NA,NA,52
1989,11,18,15,-17.9,855.5,NA,NA,55
1989,11,18,18,-19.1,856.4,NA,NA,44
1989,11,18,21,-17.6,857,NA,NA,31
1989,11,19,0,-17.4,856.5,NA,NA,27
1989,11,19,3,-17.9,855.9,NA,NA,32
1989,11,19,6,-18.5,854.7,NA,NA,42
1989,11,19,9,-20.9,853.9,NA,NA,43
1989,11,19,12,NA,853,NA,NA,45
1989,11,19,15,-22.4,852.3,NA,NA,42
1989,11,19,18,-23.1,851.8,NA,NA,46
1989,11,19,21,-20.1,851.5,NA,NA,37
1989,11,20,0,NA,851.4,NA,NA,35
1989,11,20,3,NA,851.1,NA,NA,28
1989,11,20,6,-15.4,851.2,NA,NA,25
1989,11,20,9,-19,851.5,NA,NA,48
1989,11,20,12,NA,851.5,NA,NA,50
1989,11,20,15,NA,851.1,NA,NA,50
1989,11,20,18,-23.8,850.8,NA,NA,43
1989,11,20,21,-20.4,850.1,NA,NA,38
1989,11,21,0,-19.1,849.2,NA,NA,39
1989,11,21,3,-17.4,848.5,NA,NA,35
1989,11,21,6,-17.8,847.2,NA,NA,41
1989,11,21,9,-20.9,846.3,NA,NA,47
1989,11,21,12,NA,846,NA,NA,45
1989,11,21,15,NA,845.7,NA,NA,45
1989,11,21,18,-22.9,845.7,NA,NA,43
1989,11,21,21,NA,846.2,NA,NA,48
1989,11,22,0,NA,846.2,NA,NA,41
1989,11,22,3,NA,846.6,NA,NA,35
1989,11,22,6,-10.9,847,NA,NA,30
1989,11,22,9,-14.9,847.5,NA,NA,43
1989,11,22,12,NA,847.8,NA,NA,52
1989,11,22,15,NA,848.1,NA,NA,51
1989,11,22,18,-21.5,848.8,NA,NA,52
1989,11,22,21,-20.8,850.6,NA,NA,46
1989,11,23,0,-19.3,850.8,NA,NA,43
1989,11,23,3,-18,851.2,NA,NA,44
1989,11,23,6,-18.4,851.8,NA,NA,43
1989,11,23,9,-19.9,851.8,NA,NA,49
1989,11,23,12,-22.9,852.3,NA,NA,51
1989,11,23,15,-22.5,852,NA,NA,48
1989,11,23,18,-19.5,851.9,NA,NA,47
1989,11,23,21,NA,851.9,NA,NA,40
1989,11,24,0,NA,852.1,NA,NA,30
1989,11,24,3,-11.8,852.4,NA,NA,26
1989,11,24,6,-13.1,853.2,NA,NA,30
1989,11,24,9,-15.3,854.4,NA,NA,44
1989,11,24,12,-17.1,855.2,NA,NA,48
1989,11,24,15,-18.5,856.2,NA,NA,47
1989,11,24,18,-20.1,856.6,NA,NA,44
1989,11,24,21,-18.4,856.6,NA,NA,42
1989,11,25,0,NA,856.3,NA,NA,38
1989,11,25,3,-13.4,856.3,NA,NA,37
1989,11,25,6,-13.5,855.9,NA,NA,38
1989,11,25,9,-15.6,855.6,NA,NA,40
1989,11,25,12,NA,855.9,NA,NA,42
1989,11,25,15,NA,856.2,NA,NA,41
1989,11,25,18,-19.9,856.5,NA,NA,40
1989,11,25,21,NA,NA,NA,NA,NA
1989,11,26,0,-15.6,857,NA,NA,33
1989,11,26,3,-12.8,857,NA,NA,25
1989,11,26,6,-13.9,856.8,NA,NA,35
1989,11,26,9,-17.3,855.8,NA,NA,53
1989,11,26,12,NA,855.1,NA,NA,48
1989,11,26,15,-18.6,855.3,NA,NA,46
1989,11,26,18,-20.8,855.7,NA,NA,40
1989,11,26,21,-18.5,855.7,NA,NA,44
1989,11,27,0,NA,855.2,NA,NA,33
1989,11,27,3,NA,854.8,NA,NA,36
1989,11,27,6,-12.1,854.2,NA,NA,38
1989,11,27,9,-13.8,854.3,NA,NA,44
1989,11,27,12,-15.1,855.4,NA,NA,48
1989,11,27,15,-13.9,856.1,NA,NA,60
1989,11,27,18,-14.3,856.9,NA,NA,51
1989,11,27,21,-12.6,857.2,NA,NA,48
1989,11,28,0,-10.9,857.6,NA,NA,34
1989,11,28,3,-9.4,857.8,NA,NA,28
1989,11,28,6,-12.6,858.4,NA,NA,42
1989,11,28,9,NA,858.8,NA,NA,43
1989,11,28,12,NA,859.4,NA,NA,48
1989,11,28,15,-18.5,859.6,NA,NA,48
1989,11,28,18,-16.5,860.4,NA,NA,47
1989,11,28,21,NA,860.6,NA,NA,50
1989,11,29,0,-11.9,860.7,NA,NA,46
1989,11,29,3,NA,860.1,NA,NA,35
1989,11,29,6,-8.9,859.4,NA,NA,39
1989,11,29,9,-11.5,858.9,NA,NA,44
1989,11,29,12,NA,857.9,NA,NA,48
1989,11,29,15,-12,857.2,NA,NA,39
1989,11,29,18,-14.8,856.6,NA,NA,43
1989,11,29,21,-12.8,856.3,NA,NA,43
1989,11,30,0,-10.6,856.1,NA,NA,39
1989,11,30,3,NA,855.4,NA,NA,18
1989,11,30,6,-9.6,855.2,NA,NA,32
1989,11,30,9,-10.4,854.2,NA,NA,42
1989,11,30,12,-10,853.2,NA,NA,34
1989,11,30,15,-14.8,852.3,NA,NA,50
1989,11,30,18,NA,851.5,NA,NA,46
1989,11,30,21,-15.1,850.5,NA,NA,41
1989,12,1,0,NA,850.9,NA,NA,33
1989,12,1,3,NA,850.2,NA,NA,14
1989,12,1,6,-11.1,850.6,NA,NA,45
1989,12,1,9,-11.8,851.1,NA,NA,55
1989,12,1,12,-13.5,851.9,NA,NA,57
1989,12,1,15,-12.9,852.8,NA,NA,66
1989,12,1,18,-11.1,853.9,NA,NA,34
1989,12,1,21,-13,854.6,NA,NA,37
1989,12,2,0,-13.1,854.9,NA,NA,36
1989,12,2,3,-9.1,855.1,NA,NA,26
1989,12,2,6,-14,855.1,NA,NA,40
1989,12,2,9,NA,854.9,NA,NA,45
1989,12,2,12,-16.1,854.6,NA,NA,46
1989,12,2,15,-17.6,854.5,NA,NA,48
1989,12,2,18,-17.5,854.6,NA,NA,47
1989,12,2,21,-13.8,854,NA,NA,40
1989,12,3,0,NA,853.7,NA,NA,38
1989,12,3,3,-10.5,852.7,NA,NA,38
1989,12,3,6,-11.1,851.5,NA,NA,45
1989,12,3,9,-12.8,850.4,NA,NA,47
1989,12,3,12,-15.3,849,NA,NA,51
1989,12,3,15,-17.1,848.3,NA,NA,53
1989,12,3,18,-16.9,847.5,NA,NA,48
1989,12,3,21,-14.1,846.6,NA,NA,45
1989,12,4,0,NA,845.8,NA,NA,42
1989,12,4,3,-9.6,844.9,NA,NA,44
1989,12,4,6,-10.1,845.1,NA,NA,48
1989,12,4,9,-12,845.2,NA,NA,49
1989,12,4,12,-14.9,845.6,NA,NA,50
1989,12,4,15,-16.8,846.8,NA,NA,48
1989,12,4,18,-17.1,848.4,NA,NA,47
1989,12,4,21,-14.8,850.2,NA,NA,42
1989,12,5,0,-12.4,851.8,NA,NA,39
1989,12,5,3,NA,NA,NA,NA,NA
1989,12,5,6,-8.5,855.7,NA,NA,33
1989,12,5,9,-9.5,857.5,NA,NA,44
1989,12,5,12,-10.5,859.3,NA,NA,61
1989,12,5,15,-10.9,860.7,NA,NA,58
1989,12,5,18,-10.1,862.2,NA,NA,51
1989,12,5,21,NA,NA,NA,NA,NA
1989,12,6,0,NA,NA,NA,NA,NA
1989,12,6,3,-5.9,864.1,NA,NA,29
1989,12,6,6,-7.6,864.4,NA,NA,32
1989,12,6,9,-10.8,864.6,NA,NA,40
1989,12,6,12,NA,864.9,NA,NA,48
1989,12,6,15,NA,865,NA,NA,48
1989,12,6,18,-14.9,865.2,NA,NA,46
1989,12,6,21,-12.1,865.3,NA,NA,39
1989,12,7,0,-10.1,864.8,NA,NA,37
1989,12,7,3,-8.3,864.3,NA,NA,31
1989,12,7,6,-8.6,863.6,NA,NA,35
1989,12,7,9,-12.1,863,NA,NA,42
1989,12,7,12,NA,863.1,NA,NA,47
1989,12,7,15,NA,862.9,NA,NA,50
1989,12,7,18,-14.5,863.4,NA,NA,50
1989,12,7,21,NA,863.9,NA,NA,41
1989,12,8,0,NA,864.2,NA,NA,30
1989,12,8,3,-6,864.1,NA,NA,25
1989,12,8,6,-6.4,864.2,NA,NA,24
1989,12,8,9,-9.6,863.9,NA,NA,51
1989,12,8,12,NA,863.8,NA,NA,54
1989,12,8,15,-14.4,863.1,NA,NA,51
1989,12,8,18,-16.3,863,NA,NA,51
1989,12,8,21,NA,863,NA,NA,38
1989,12,9,0,NA,863.6,NA,NA,24
1989,12,9,3,-7.3,863.7,NA,NA,18
1989,12,9,6,-7,864.3,NA,NA,25
1989,12,9,9,-10.6,864.8,NA,NA,49
1989,12,9,12,-10.6,864.8,NA,NA,49
1989,12,9,15,-12.6,864.8,NA,NA,50
1989,12,9,18,-15.4,864.5,NA,NA,48
1989,12,9,21,-12.5,864.4,NA,NA,40
1989,12,10,0,NA,864.2,NA,NA,37
1989,12,10,3,-8.6,863.1,NA,NA,34
1989,12,10,6,-9.4,862.6,NA,NA,38
1989,12,10,9,-11.5,862,NA,NA,40
1989,12,10,12,NA,861.5,NA,NA,46
1989,12,10,15,NA,861.1,NA,NA,47
1989,12,10,18,-15.6,861.3,NA,NA,43
1989,12,10,21,-13.1,861.4,NA,NA,39
1989,12,11,0,NA,861.4,NA,NA,36
1989,12,11,3,-9.6,861.2,NA,NA,34
1989,12,11,6,-10.9,861.3,NA,NA,39
1989,12,11,9,-13.3,861.4,NA,NA,42
1989,12,11,12,NA,861.3,NA,NA,43
1989,12,11,15,NA,861.5,NA,NA,45
1989,12,11,18,-17.1,862.3,NA,NA,48
1989,12,11,21,NA,862.4,NA,NA,44
1989,12,12,0,NA,NA,NA,NA,NA
1989,12,12,3,-10.1,863,NA,NA,34
1989,12,12,6,-10.8,863.6,NA,NA,40
1989,12,12,9,-11.3,864,NA,NA,41
1989,12,12,12,-12.6,865,NA,NA,44
1989,12,12,15,-14.4,865.6,NA,NA,50
1989,12,12,18,-12.9,866.1,NA,NA,50
1989,12,12,21,-11.3,866.6,NA,NA,46
1989,12,13,0,-9.6,866.5,NA,NA,37
1989,12,13,3,-9.5,866.4,NA,NA,42
1989,12,13,6,-10.1,866.4,NA,NA,45
1989,12,13,9,-13.6,865.9,NA,NA,44
1989,12,13,12,NA,866,NA,NA,55
1989,12,13,15,-14,865.3,NA,NA,54
1989,12,13,18,-13.3,865,NA,NA,50
1989,12,13,21,-12,864.7,NA,NA,39
1989,12,14,0,-10.5,864.2,NA,NA,34
1989,12,14,3,-9.6,863.7,NA,NA,25
1989,12,14,6,-10.4,863.3,NA,NA,46
1989,12,14,9,-11.3,863.1,NA,NA,56
1989,12,14,12,-13.9,863,NA,NA,62
1989,12,14,15,-13.5,862.7,NA,NA,57
1989,12,14,18,-12.4,862.4,NA,NA,50
1989,12,14,21,-11.6,862.1,NA,NA,46
1989,12,15,0,-10.1,862.2,NA,NA,33
1989,12,15,3,-9.1,861.6,NA,NA,33
1989,12,15,6,-9.4,861.6,NA,NA,43
1989,12,15,9,-11.1,861.5,NA,NA,47
1989,12,15,12,-12.5,861.5,NA,NA,57
1989,12,15,15,-14.8,861.4,NA,NA,54
1989,12,15,18,-12.6,861.5,NA,NA,46
1989,12,15,21,-10.5,861.7,NA,NA,34
1989,12,16,0,-8.3,862.1,NA,NA,20
1989,12,16,3,-5.9,862.1,NA,NA,9
1989,12,16,6,-10.3,862.2,NA,NA,28
1989,12,16,9,NA,862.5,NA,NA,37
1989,12,16,12,-14.4,862.5,NA,NA,50
1989,12,16,15,-14.8,862.5,NA,NA,48
1989,12,16,18,-15.6,862.7,NA,NA,44
1989,12,16,21,-13.6,862.9,NA,NA,41
1989,12,17,0,NA,863,NA,NA,34
1989,12,17,3,NA,862.8,NA,NA,29
1989,12,17,6,-9.5,862.9,NA,NA,32
1989,12,17,9,-12.1,862.9,NA,NA,37
1989,12,17,12,NA,862.9,NA,NA,46
1989,12,17,15,NA,862.4,NA,NA,47
1989,12,17,18,-15.6,862.3,NA,NA,45
1989,12,17,21,NA,862,NA,NA,38
1989,12,18,0,NA,861.4,NA,NA,33
1989,12,18,3,NA,860.5,NA,NA,28
1989,12,18,6,-8.6,859.7,NA,NA,36
1989,12,18,9,-11.9,859.3,NA,NA,43
1989,12,18,12,NA,859,NA,NA,47
1989,12,18,15,-16.1,859,NA,NA,43
1989,12,18,18,-16.9,858.3,NA,NA,47
1989,12,18,21,-14.8,858,NA,NA,40
1989,12,19,0,-12.8,857.6,NA,NA,36
1989,12,19,3,-11.1,857,NA,NA,37
1989,12,19,6,-11,856.6,NA,NA,42
1989,12,19,9,-12.9,856.5,NA,NA,44
1989,12,19,12,NA,856.5,NA,NA,50
1989,12,19,15,-17.4,856.3,NA,NA,50
1989,12,19,18,-16,856.5,NA,NA,47
1989,12,19,21,-13.3,856.8,NA,NA,43
1989,12,20,0,-11.4,856.8,NA,NA,40
1989,12,20,3,-8.8,856.2,NA,NA,38
1989,12,20,6,-9.1,856,NA,NA,44
1989,12,20,9,-10.8,855.4,NA,NA,46
1989,12,20,12,NA,854.8,NA,NA,48
1989,12,20,15,NA,854.2,NA,NA,44
1989,12,20,18,-13,854.9,NA,NA,37
1989,12,20,21,NA,856.5,NA,NA,33
1989,12,21,0,NA,858.2,NA,NA,27
1989,12,21,3,-5.9,859.3,NA,NA,27
1989,12,21,6,-6.8,860.4,NA,NA,39
1989,12,21,9,-8.5,861,NA,NA,47
1989,12,21,12,NA,861.8,NA,NA,49
1989,12,21,15,NA,862.2,NA,NA,51
1989,12,21,18,-14.3,861.8,NA,NA,48
1989,12,21,21,-11.3,861.3,NA,NA,42
1989,12,22,0,NA,860.5,NA,NA,38
1989,12,22,3,NA,859.9,NA,NA,30
1989,12,22,6,-7.4,859.6,NA,NA,41
1989,12,22,9,-9.8,860,NA,NA,47
1989,12,22,12,NA,860,NA,NA,47
1989,12,22,15,-14.5,859.7,NA,NA,46
1989,12,22,18,-13.3,859.7,NA,NA,42
1989,12,22,21,-11.1,859.5,NA,NA,41
1989,12,23,0,NA,859.6,NA,NA,41
1989,12,23,3,NA,859.4,NA,NA,28
1989,12,23,6,-4.1,860.2,NA,NA,27
1989,12,23,9,NA,861.6,NA,NA,43
1989,12,23,12,NA,863.2,NA,NA,45
1989,12,23,15,-14.3,864.3,NA,NA,45
1989,12,23,18,-13.8,865.2,NA,NA,44
1989,12,23,21,-11.4,865.6,NA,NA,40
1989,12,24,0,NA,866.7,NA,NA,28
1989,12,24,3,-8.3,866.9,NA,NA,25
1989,12,24,6,-8.4,867.7,NA,NA,37
1989,12,24,9,-10.1,868.8,NA,NA,59
1989,12,24,12,-11.3,869.8,NA,NA,66
1989,12,24,15,-11.3,870,NA,NA,64
1989,12,24,18,-11.3,869.4,NA,NA,50
1989,12,24,21,-9.8,868.6,NA,NA,40
1989,12,25,0,-9.1,867,NA,NA,29
1989,12,25,3,-7.9,865.3,NA,NA,31
1989,12,25,6,-7.6,864.1,NA,NA,21
1989,12,25,9,-10.9,863.7,NA,NA,50
1989,12,25,12,-11,863.7,NA,NA,56
1989,12,25,15,-12.4,862.7,NA,NA,52
1989,12,25,18,-11.9,862.3,NA,NA,48
1989,12,25,21,-10.8,862.6,NA,NA,37
1989,12,26,0,-9.6,862.5,NA,NA,35
1989,12,26,3,-8.9,860.7,NA,NA,25
1989,12,26,6,-9.6,857.7,NA,NA,38
1989,12,26,9,-11.8,855.4,NA,NA,47
1989,12,26,12,NA,854.1,NA,NA,50
1989,12,26,15,NA,853.8,NA,NA,51
1989,12,26,18,-15.5,853.4,NA,NA,45
1989,12,26,21,NA,853.7,NA,NA,39
1989,12,27,0,NA,854.4,NA,NA,33
1989,12,27,3,NA,854.9,NA,NA,22
1989,12,27,6,-7.8,855.5,NA,NA,23
1989,12,27,9,NA,856.9,NA,NA,24
1989,12,27,12,NA,858.1,NA,NA,43
1989,12,27,15,NA,859.6,NA,NA,46
1989,12,27,18,-15.5,860.6,NA,NA,45
1989,12,27,21,-11.9,861.5,NA,NA,40
1989,12,28,0,NA,861.4,NA,NA,35
1989,12,28,3,-9.8,860.7,NA,NA,40
1989,12,28,6,-10.6,860.1,NA,NA,54
1989,12,28,9,-11.3,859.5,NA,NA,58
1989,12,28,12,-11.5,858.5,NA,NA,67
1989,12,28,15,-11.5,856.9,NA,NA,65
1989,12,28,18,-12.5,856.8,NA,NA,60
1989,12,28,21,-12,856.3,NA,NA,49
1989,12,29,0,-11,855.5,NA,NA,38
1989,12,29,3,-10.6,854.2,NA,NA,34
1989,12,29,6,-11.3,852.8,NA,NA,31
1989,12,29,9,NA,851.4,NA,NA,42
1989,12,29,12,NA,850.3,NA,NA,49
1989,12,29,15,-16.8,849.5,NA,NA,45
1989,12,29,18,-16.9,850.3,NA,NA,46
1989,12,29,21,-14.3,851.6,NA,NA,40
1989,12,30,0,NA,852.8,NA,NA,44
1989,12,30,3,-10.9,853.8,NA,NA,49
1989,12,30,6,-10.6,854.6,NA,NA,49
1989,12,30,9,-10.5,855.7,NA,NA,51
1989,12,30,12,-11,856.2,NA,NA,50
1989,12,30,15,NA,856.9,NA,NA,44
1989,12,30,18,-15.4,857.8,NA,NA,44
1989,12,30,21,-13,858.9,NA,NA,37
1989,12,31,0,NA,859.7,NA,NA,19
1989,12,31,3,NA,860.2,NA,NA,17
1989,12,31,6,-9.5,860.2,NA,NA,25
1989,12,31,9,NA,860,NA,NA,38
1989,12,31,12,NA,859.5,NA,NA,48
1989,12,31,15,-16.3,859,NA,NA,47
1989,12,31,18,-16.3,859.1,NA,NA,44
1989,12,31,21,-13.9,858.4,NA,NA,38
1990,1,1,0,NA,858,1.2,288,31
1990,1,1,3,NA,857.8,0.5,248,31
1990,1,1,6,-10.6,858.2,NA,NA,31
1990,1,1,9,-9.4,858.3,NA,NA,39
1990,1,1,12,NA,858.6,0.2,293,58
1990,1,1,15,NA,858.5,1.2,340,53
1990,1,1,18,-13,858.6,2,347,52
1990,1,1,21,NA,858.8,1,321,44
1990,1,2,0,NA,858.5,1.2,269,39
1990,1,2,3,NA,858.2,1.2,298,31
1990,1,2,6,NA,857.8,1.7,352,39
1990,1,2,9,NA,857.6,1.5,314,43
1990,1,2,12,NA,857.8,1.5,327,51
1990,1,2,15,NA,858.3,1.2,330,53
1990,1,2,18,NA,858.7,1,314,40
1990,1,2,21,NA,859.4,1.7,313,38
1990,1,3,0,NA,860.3,0.5,302,28
1990,1,3,3,NA,860.7,NA,NA,8
1990,1,3,6,NA,861,0.5,96,24
1990,1,3,9,NA,860.9,0.2,335,36
1990,1,3,12,NA,860.5,1.2,288,45
1990,1,3,15,NA,859.3,3.2,289,46
1990,1,3,18,-16.8,857.9,2.7,298,43
1990,1,3,21,-14.1,856.4,2.7,317,42
1990,1,4,0,NA,854.6,2.5,300,36
1990,1,4,3,-10,852.7,3,317,37
1990,1,4,6,-11.1,851.5,3,314,40
1990,1,4,9,-12.5,851.1,2.2,326,45
1990,1,4,12,NA,851.2,2.2,334,46
1990,1,4,15,NA,851.7,2.5,324,46
1990,1,4,18,-17.5,852,2.7,323,42
1990,1,4,21,-16,852.6,2.7,314,37
1990,1,5,0,NA,853.4,1.5,298,31
1990,1,5,3,NA,853.6,1.5,299,32
1990,1,5,6,NA,854.4,0.2,333,30
1990,1,5,9,NA,855.5,0.7,303,33
1990,1,5,12,NA,856.8,2.7,303,42
1990,1,5,15,NA,857.8,1,251,49
1990,1,5,18,NA,858.9,1,238,53
1990,1,5,21,NA,859.5,0.5,300,42
1990,1,6,0,-8.3,860.5,NA,NA,22
1990,1,6,3,NA,860.8,1.2,174,47
1990,1,6,6,-9.4,860.6,NA,NA,36
1990,1,6,9,NA,860.1,0.7,298,45
1990,1,6,12,NA,860,1.7,293,48
1990,1,6,15,NA,859.6,2.7,290,45
1990,1,6,18,-17.3,859.8,3.7,285,47
1990,1,6,21,-13.6,860,3.7,293,40
1990,1,7,0,NA,859.5,3.2,262,40
1990,1,7,3,-10.3,859.7,4,258,42
1990,1,7,6,-10.5,860,3.5,275,41
1990,1,7,9,-12,860.5,4.4,310,42
1990,1,7,12,NA,860.2,4.9,296,44
1990,1,7,15,NA,859.5,3.5,312,48
1990,1,7,18,-16.6,858.4,3,290,44
1990,1,7,21,NA,858,3.2,309,41
1990,1,8,0,NA,857.5,3,299,36
1990,1,8,3,-9.8,856.7,3,299,33
1990,1,8,6,NA,855.8,1.7,215,35
1990,1,8,9,NA,855.1,1.7,326,44
1990,1,8,12,NA,854.6,3,293,44
1990,1,8,15,-18.5,853.8,2.7,290,43
1990,1,8,18,-17.4,853.5,3.7,290,40
1990,1,8,21,NA,853.6,1.7,289,32
1990,1,9,0,NA,853.3,1,255,28
1990,1,9,3,-8.6,853,NA,NA,18
1990,1,9,6,NA,853,0.7,137,31
1990,1,9,9,NA,852.9,1.2,148,57
1990,1,9,12,NA,852.9,1.2,158,65
1990,1,9,15,NA,853.2,1,192,62
1990,1,9,18,-11.4,853.7,2.2,168,60
1990,1,9,21,NA,854.6,1,168,54
1990,1,10,0,-9.6,855.2,2.2,171,50
1990,1,10,3,NA,855.6,1.5,179,42
1990,1,10,6,NA,856.2,0.7,212,41
1990,1,10,9,NA,857,0.7,268,46
1990,1,10,12,NA,857.9,0.7,275,52
1990,1,10,15,NA,857.9,1.7,283,50
1990,1,10,18,-14.5,858.3,2,279,47
1990,1,10,21,-12.8,858.5,2.7,285,40
1990,1,11,0,-10.1,859,3,282,33
1990,1,11,3,NA,859,1.7,292,35
1990,1,11,6,-11.3,859.3,2.7,312,39
1990,1,11,9,-13.3,859.9,3,309,42
1990,1,11,12,NA,860.6,1.5,285,46
1990,1,11,15,-15.6,860.8,2.7,285,43
1990,1,11,18,-16.8,861.1,2.5,330,44
1990,1,11,21,-15.4,861.2,3.5,319,43
1990,1,12,0,-12.5,861,2.5,316,38
1990,1,12,3,-11.1,861,4,326,38
1990,1,12,6,-11.4,861.1,3.5,333,42
1990,1,12,9,-13.8,861.6,4,316,47
1990,1,12,12,-16.3,861.6,4,320,47
1990,1,12,15,-17.1,861.6,3,296,46
1990,1,12,18,-18.5,862,3.2,328,46
1990,1,12,21,-15.6,862.5,4.4,320,42
1990,1,13,0,NA,862.9,2,303,36
1990,1,13,3,-11.4,863.1,2.7,278,31
1990,1,13,6,NA,864.2,0.7,283,38
1990,1,13,9,NA,865.2,1.7,306,47
1990,1,13,12,-12.9,865.8,2.5,321,52
1990,1,13,15,-14.3,866.2,NA,357,53
1990,1,13,18,-14.8,866.6,NA,302,47
1990,1,13,21,-14.3,867.4,NA,306,42
1990,1,14,0,-12.8,867.6,4.7,274,38
1990,1,14,3,-11.4,867.8,4,274,36
1990,1,14,6,-10.9,868.1,2.2,303,35
1990,1,14,9,-12.5,868.8,3,283,42
1990,1,14,12,NA,869.3,2.2,292,45
1990,1,14,15,-16.5,868.8,3.7,264,48
1990,1,14,18,-16,867.8,3,267,46
1990,1,14,21,-14.4,866.7,3,279,42
1990,1,15,0,-12.4,866.8,2,330,43
1990,1,15,3,NA,865.5,1.5,302,34
1990,1,15,6,NA,865.1,0.7,344,31
1990,1,15,9,NA,865.1,1.7,300,43
1990,1,15,12,NA,865,1,278,42
1990,1,15,15,-17.6,865,2,281,47
1990,1,15,18,-17.5,865.5,3.2,281,45
1990,1,15,21,NA,866.1,1.7,271,36
1990,1,16,0,NA,866.6,2.5,279,37
1990,1,16,3,NA,866.7,0.5,251,33
1990,1,16,6,NA,867.2,1.5,282,34
1990,1,16,9,-12.1,867.6,2.7,293,41
1990,1,16,12,NA,868.1,1.7,317,47
1990,1,16,15,-16.3,868,2.5,286,45
1990,1,16,18,-15.6,868.2,2.5,292,43
1990,1,16,21,-13.1,867.9,2.7,282,39
1990,1,17,0,NA,868.3,2.2,302,37
1990,1,17,3,NA,868.3,1.7,303,37
1990,1,17,6,-9.1,868.7,2,310,42
1990,1,17,9,NA,869.2,1.7,298,43
1990,1,17,12,NA,869.2,3,295,47
1990,1,17,15,-16,868.8,NA,305,47
1990,1,17,18,-15.5,868.1,NA,299,47
1990,1,17,21,-14.3,867.9,NA,331,47
1990,1,18,0,-11.6,867,3.2,312,41
1990,1,18,3,-9.6,866.5,2,299,37
1990,1,18,6,-10.3,865.6,2.2,314,42
1990,1,18,9,-12,865.5,2.5,327,46
1990,1,18,12,NA,865.6,1.7,320,48
1990,1,18,15,NA,865.6,2.7,296,47
1990,1,18,18,-17.1,866.6,2,292,42
1990,1,18,21,NA,867.5,1.7,283,34
1990,1,19,0,NA,868.3,NA,NA,20
1990,1,19,3,NA,868.5,NA,NA,24
1990,1,19,6,NA,868.7,0.5,181,50
1990,1,19,9,NA,869.4,0.5,196,54
1990,1,19,12,NA,869.8,0.5,257,58
1990,1,19,15,NA,869.9,1,296,54
1990,1,19,18,NA,870,0.7,279,47
1990,1,19,21,-11.9,870.1,2,306,37
1990,1,20,0,-9.8,870.2,2.2,293,35
1990,1,20,3,-9.5,870,2.2,310,33
1990,1,20,6,NA,869.5,1,305,37
1990,1,20,9,-11.9,869.3,2.2,298,42
1990,1,20,12,-15.3,868.9,3.2,321,47
1990,1,20,15,NA,868.3,NA,314,50
1990,1,20,18,-17.9,868.1,NA,327,51
1990,1,20,21,-16,867.8,NA,317,46
1990,1,21,0,-14.1,867.6,4,321,44
1990,1,21,3,-12.1,867.2,2.5,319,41
1990,1,21,6,-11.4,866.6,2.7,307,42
1990,1,21,9,-13,866.3,2.5,340,46
1990,1,21,12,-14.8,866.1,2.7,327,45
1990,1,21,15,NA,865.5,2.7,316,48
1990,1,21,18,-17.4,864.8,3.2,309,44
1990,1,21,21,-15.3,864.2,3.2,274,39
1990,1,22,0,-13.6,864,3.2,276,34
1990,1,22,3,-12.4,862.8,2.2,323,36
1990,1,22,6,NA,862.4,1.2,300,39
1990,1,22,9,-11.4,861.7,2,303,44
1990,1,22,12,NA,861.7,1,292,57
1990,1,22,15,-12.8,861.1,NA,NA,60
1990,1,22,18,NA,860.8,0.5,108,49
1990,1,22,21,-10.9,861.3,2.2,150,49
1990,1,23,0,-10.1,862.1,2.7,181,53
1990,1,23,3,NA,862.8,1.5,150,48
1990,1,23,6,NA,863.9,1.2,136,43
1990,1,23,9,-11.1,864.6,NA,NA,54
1990,1,23,12,NA,865,2.5,261,47
1990,1,23,15,-15.4,865.4,3,320,40
1990,1,23,18,-19,865.4,4.9,298,45
1990,1,23,21,-17.4,865.7,3,296,45
1990,1,24,0,-15.3,866.2,3,298,43
1990,1,24,3,-14.1,865.8,2,303,40
1990,1,24,6,-14,865.9,2.5,310,39
1990,1,24,9,-15.6,865.5,2.7,309,43
1990,1,24,12,-18.5,864.7,2.2,295,46
1990,1,24,15,NA,863.7,3,335,49
1990,1,24,18,-19.6,863,3,302,48
1990,1,24,21,-17.8,862.1,3.7,283,43
1990,1,25,0,-15.4,861,3.2,288,41
1990,1,25,3,-13.3,859.2,2,283,42
1990,1,25,6,-13.8,857.4,2.2,262,46
1990,1,25,9,-14.9,855.9,3,258,49
1990,1,25,12,-16.9,855,2.2,253,50
1990,1,25,15,-19.1,852.5,2,276,50
1990,1,25,18,-18.9,850.8,3.7,279,50
1990,1,25,21,-17.3,848.9,2.7,282,47
1990,1,26,0,-15.6,847.4,3,269,46
1990,1,26,3,-14.3,845.7,3.2,261,46
1990,1,26,6,-14.4,846.1,2,319,44
1990,1,26,9,-15.5,845.1,2.5,296,44
1990,1,26,12,-18.8,844.9,2.2,300,47
1990,1,26,15,NA,844.6,3.2,300,47
1990,1,26,18,-21,844.9,3.2,302,49
1990,1,26,21,-19.9,845.7,2.5,328,43
1990,1,27,0,-17.8,845.5,2.5,317,40
1990,1,27,3,-15.5,846.3,2.7,305,37
1990,1,27,6,-16,847.8,2.7,321,42
1990,1,27,9,-17.5,849.2,2.7,330,44
1990,1,27,12,-20.3,851.3,3,326,45
1990,1,27,15,NA,853.5,3.2,321,49
1990,1,27,18,-22.8,855.5,2.2,300,46
1990,1,27,21,NA,857.6,1.5,316,44
1990,1,28,0,NA,859.2,2.5,265,42
1990,1,28,3,NA,860.1,1.7,271,41
1990,1,28,6,-11.5,860.3,2.7,279,39
1990,1,28,9,-14.8,860.3,3,296,45
1990,1,28,12,NA,860.1,3,282,49
1990,1,28,15,-18,859.8,3.5,271,49
1990,1,28,18,-19.1,860.1,3.5,282,48
1990,1,28,21,-18.1,858.7,3.2,285,50
1990,1,29,0,-16.9,858.9,3.2,343,49
1990,1,29,3,-13.3,857.5,2,327,43
1990,1,29,6,-12.8,855.9,2.7,269,44
1990,1,29,9,-14,855.5,2.7,319,46
1990,1,29,12,-14.9,855,3,310,43
1990,1,29,15,NA,853.2,3,333,51
1990,1,29,18,-19.1,851.3,3.7,317,47
1990,1,29,21,-17.3,848.9,3.5,310,46
1990,1,30,0,-14.5,846.4,2.5,334,45
1990,1,30,3,NA,844.3,1.7,319,39
1990,1,30,6,NA,843.2,1.5,337,41
1990,1,30,9,-15.3,842.2,2.7,323,45
1990,1,30,12,NA,841.7,2.7,293,47
1990,1,30,15,NA,842.2,3.2,298,46
1990,1,30,18,-20.9,842.9,3,305,44
1990,1,30,21,-18.9,842.8,3,293,40
1990,1,31,0,-17.4,843.2,2.2,282,36
1990,1,31,3,-15.6,843.7,2.7,276,36
1990,1,31,6,NA,843.8,1.7,286,37
1990,1,31,9,NA,844.3,1.2,298,46
1990,1,31,12,NA,844.5,1.5,292,53
1990,1,31,15,NA,844.6,1.7,286,54
1990,1,31,18,-17.4,844.4,2,281,48
1990,1,31,21,-16.1,844.4,2,283,42
1990,2,1,0,-13.8,844.2,2.2,285,37
1990,2,1,3,-12.5,843.8,2,281,39
1990,2,1,6,-12.8,844.3,2,274,45
1990,2,1,9,NA,845,1.7,313,43
1990,2,1,12,NA,845.5,2.5,319,46
1990,2,1,15,NA,845.7,3.2,293,48
1990,2,1,18,-19.9,846.4,4.4,292,48
1990,2,1,21,-17.4,847.4,3,296,40
1990,2,2,0,-15,847.7,3,295,37
1990,2,2,3,-13.1,847.7,3.2,290,35
1990,2,2,6,-13.6,847.6,2.2,286,37
1990,2,2,9,NA,847.4,1.7,278,42
1990,2,2,12,-16.5,847.3,3.2,283,47
1990,2,2,15,-19.5,847.2,3.2,281,46
1990,2,2,18,-19.3,847.3,2.7,289,44
1990,2,2,21,-19.5,847.8,2.7,279,43
1990,2,3,0,-16.3,848.5,3.5,285,38
1990,2,3,3,NA,848.9,1.5,285,37
1990,2,3,6,NA,849.3,1.7,292,40
1990,2,3,9,NA,849.9,1.7,290,47
1990,2,3,12,NA,850.6,2.2,289,47
1990,2,3,15,NA,851.2,2.7,292,47
1990,2,3,18,-22.3,851.5,3,285,49
1990,2,3,21,-22,852.1,3.2,283,43
1990,2,4,0,-19.6,852.3,3.5,281,39
1990,2,4,3,-17.1,852.1,2,281,35
1990,2,4,6,-17.4,852.1,2,274,37
1990,2,4,9,NA,851.9,1.7,286,43
1990,2,4,12,NA,851.6,2.7,282,51
1990,2,4,15,-22.3,851.3,2.5,292,54
1990,2,4,18,-21.5,850.5,2.5,295,51
1990,2,4,21,-19.8,850,3.2,286,43
1990,2,5,0,-17.6,849.6,3,267,41
1990,2,5,3,-16.5,849.5,2.5,281,41
1990,2,5,6,-16,849.3,2.5,296,40
1990,2,5,9,-17.5,849.7,2.2,303,43
1990,2,5,12,-19.3,849.8,2.2,296,50
1990,2,5,15,NA,850,1.2,267,56
1990,2,5,18,NA,850.4,0.5,323,51
1990,2,5,21,NA,850.6,1.2,202,49
1990,2,6,0,NA,850.9,0.7,248,45
1990,2,6,3,NA,850.4,1.5,267,42
1990,2,6,6,-11.9,849.8,2,281,48
1990,2,6,9,NA,849.2,1.5,338,52
1990,2,6,12,-15.3,849.3,2,276,55
1990,2,6,15,-17.4,849.6,2,290,52
1990,2,6,18,-17.3,850.2,2.2,321,52
1990,2,6,21,-17.8,850.3,2.7,312,48
1990,2,7,0,-18,849.6,4.2,317,53
1990,2,7,3,-17.5,848.8,2.7,309,48
1990,2,7,6,-17.9,847.6,2.7,312,48
1990,2,7,9,-19.9,846.5,2.7,317,50
1990,2,7,12,-22.8,845.7,4.2,316,51
1990,2,7,15,NA,844.2,3.5,313,52
1990,2,7,18,-25.9,844,3.7,340,52
1990,2,7,21,-24.5,842.7,4.4,330,52
1990,2,8,0,-22.5,842.7,2.7,327,46
1990,2,8,3,-21.5,842.1,3,334,49
1990,2,8,6,-21,841.8,2.7,355,49
1990,2,8,9,-20.8,841.3,2.2,350,53
1990,2,8,12,-20.3,841.4,2,335,57
1990,2,8,15,-22.3,841.2,2.7,317,52
1990,2,8,18,-24.5,841.3,3,317,50
1990,2,8,21,-25.1,841.3,3.5,326,50
1990,2,9,0,-22.5,841.4,3,303,43
1990,2,9,3,NA,841.6,2.7,298,36
1990,2,9,6,-19.3,842.3,3,319,42
1990,2,9,9,-20.9,843.2,2,320,52
1990,2,9,12,-21.3,844.4,2.2,309,55
1990,2,9,15,-21.3,844.9,2.2,321,58
1990,2,9,18,NA,845.7,1.5,288,55
1990,2,9,21,NA,846.4,1.7,275,47
1990,2,10,0,NA,846.4,1.5,292,37
1990,2,10,3,-16.3,846.2,2.2,299,37
1990,2,10,6,NA,845.9,1.7,307,44
1990,2,10,9,-20.1,846,3.2,293,55
1990,2,10,12,NA,845.7,2.7,305,53
1990,2,10,15,NA,845.9,3.5,337,51
1990,2,10,18,NA,845.1,3.2,333,49
1990,2,10,21,-27.5,845.3,3,321,49
1990,2,11,0,-25,845.9,3.5,316,48
1990,2,11,3,NA,845.9,2.5,300,42
1990,2,11,6,-22.5,846.3,2.7,333,47
1990,2,11,9,-24.4,847,3.5,321,49
1990,2,11,12,-27.4,847.4,3.2,319,49
1990,2,11,15,-25.8,847.6,2.2,333,50
1990,2,11,18,-22.6,847.7,2.2,299,53
1990,2,11,21,NA,847.9,1.5,289,48
1990,2,12,0,NA,847.9,1.2,245,43
1990,2,12,3,NA,847.7,1.5,233,46
1990,2,12,6,NA,847.7,1,237,51
1990,2,12,9,-13.6,847.7,3.2,165,62
1990,2,12,12,NA,848.7,1.5,179,64
1990,2,12,15,-13.9,849.3,2,174,64
1990,2,12,18,-16.3,850.2,2,219,59
1990,2,12,21,-18.5,850.9,2,251,48
1990,2,13,0,NA,851.6,1.5,310,37
1990,2,13,3,-18.4,851.1,2.5,269,43
1990,2,13,6,-19.5,851.9,2,340,39
1990,2,13,9,-21.9,852.1,2,334,46
1990,2,13,12,NA,852.3,3,321,52
1990,2,13,15,NA,852.7,3.5,295,50
1990,2,13,18,-27.1,853.4,3.7,302,48
1990,2,13,21,-25.6,854.2,2.7,288,45
1990,2,14,0,-23.3,855.1,2.2,278,40
1990,2,14,3,NA,855.1,2.5,269,36
1990,2,14,6,NA,855.2,1.5,250,46
1990,2,14,9,NA,855.8,0.5,257,56
1990,2,14,12,-15.6,855.6,NA,NA,63
1990,2,14,15,NA,855.4,0.5,160,63
1990,2,14,18,NA,855.2,0.2,208,63
1990,2,14,21,NA,855.1,1,227,52
1990,2,15,0,-14.1,855,NA,226,40
1990,2,15,3,-14.5,855,NA,261,37
1990,2,15,6,-15,854.9,NA,285,41
1990,2,15,9,NA,854.6,2,283,48
1990,2,15,12,NA,854.2,2.5,292,51
1990,2,15,15,NA,853.2,2.2,289,52
1990,2,15,18,NA,852.2,1.5,295,45
1990,2,15,21,NA,852.5,1,245,41
1990,2,16,0,NA,853.5,1.7,208,43
1990,2,16,3,NA,854.5,1.5,200,47
1990,2,16,6,NA,856.1,1.5,193,54
1990,2,16,9,NA,857.6,1,195,58
1990,2,16,12,NA,859.1,1,261,55
1990,2,16,15,NA,859.7,2.5,281,53
1990,2,16,18,NA,860.5,2.5,285,51
1990,2,16,21,-25,861.7,2.5,314,47
1990,2,17,0,-22.5,862.4,2,306,38
1990,2,17,3,-22.4,861.8,3.2,278,44
1990,2,17,6,-22.9,861.8,2.5,307,45
1990,2,17,9,-25.3,861.8,3.2,319,51
1990,2,17,12,NA,861.9,3.7,327,50
1990,2,17,15,-28,863.9,2.5,324,50
1990,2,17,18,-29.4,863.6,3.5,314,49
1990,2,17,21,-28.9,864.1,3.2,320,48
1990,2,18,0,-26.5,864.1,2.5,328,51
1990,2,18,3,NA,863.3,3.2,334,48
1990,2,18,6,-25,862.1,3.2,286,50
1990,2,18,9,-26.9,864.1,2.5,347,50
1990,2,18,12,NA,863.8,1.7,313,50
1990,2,18,15,-28.5,863.2,3,310,50
1990,2,18,18,-29.8,862.4,2.7,323,49
1990,2,18,21,-29,862.8,2.5,335,50
1990,2,19,0,-26.4,862.8,3,319,48
1990,2,19,3,NA,862,2.5,321,44
1990,2,19,6,-23.3,861.9,2.7,323,45
1990,2,19,9,-24.8,862.6,3,319,49
1990,2,19,12,-28,863.4,2.7,313,47
1990,2,19,15,-29.4,862.7,4,341,50
1990,2,19,18,-31.4,863.2,2.7,337,48
1990,2,19,21,-29.9,863.4,2.7,334,48
1990,2,20,0,NA,863.4,3,321,48
1990,2,20,3,NA,864.7,2,343,44
1990,2,20,6,-22.8,864.8,3.2,354,47
1990,2,20,9,-21.6,864.4,2.7,324,46
1990,2,20,12,-23.5,864.6,2.7,338,50
1990,2,20,15,NA,864.1,3.2,317,51
1990,2,20,18,-27.5,863.4,3.7,331,50
1990,2,20,21,-27.3,862.8,4.4,334,50
1990,2,21,0,-25.6,861.6,3.7,323,50
1990,2,21,3,-23.5,861.5,2.7,319,48
1990,2,21,6,-23.1,860.8,3.2,320,48
1990,2,21,9,-24.5,860.4,3.7,333,52
1990,2,21,12,-25.9,859.2,3.2,335,49
1990,2,21,15,-26.6,857.3,4.2,333,51
1990,2,21,18,-28.6,854.3,4.9,305,49
1990,2,21,21,-27.9,853.6,4.2,328,50
1990,2,22,0,-26.9,852.2,3,312,46
1990,2,22,3,-25.1,850.8,3.7,302,42
1990,2,22,6,-25.8,848.8,3.2,293,44
1990,2,22,9,-27.9,846.4,3.5,289,48
1990,2,22,12,NA,846.1,3.7,337,48
1990,2,22,15,-31.1,845,5.2,338,47
1990,2,22,18,-32.4,844.6,4,331,46
1990,2,22,21,-30.6,843.4,4,306,42
1990,2,23,0,-28.1,843.9,3.2,316,37
1990,2,23,3,NA,843.7,2.5,293,36
1990,2,23,6,NA,844.3,1.7,293,34
1990,2,23,9,NA,845.4,1.7,292,41
1990,2,23,12,NA,846.8,1.5,317,50
1990,2,23,15,NA,848.5,0.7,274,43
1990,2,23,18,NA,850.4,1.5,233,54
1990,2,23,21,-20.5,853.1,NA,NA,40
1990,2,24,0,NA,855.1,1,182,42
1990,2,24,3,NA,857,1.7,182,46
1990,2,24,6,NA,858,1.2,182,51
1990,2,24,9,NA,859.3,1.5,181,58
1990,2,24,12,-18.9,859.7,2.2,181,60
1990,2,24,15,NA,860.2,1.2,181,58
1990,2,24,18,NA,860.3,1.7,292,50
1990,2,24,21,-23.1,860.2,3,289,48
1990,2,25,0,-21.9,858.9,3.2,305,44
1990,2,25,3,-21.3,857.3,3.5,312,48
1990,2,25,6,-23.3,856,3.2,306,51
1990,2,25,9,-24.6,854.9,4,316,53
1990,2,25,12,-26.8,851.7,4.4,288,52
1990,2,25,15,NA,849.7,4,292,48
1990,2,25,18,NA,850.5,2.2,331,47
1990,2,25,21,-32.6,848.1,4.4,312,47
1990,2,26,0,-30.9,847.8,4,330,48
1990,2,26,3,-29.5,845.7,3.7,317,48
1990,2,26,6,-30.3,845.1,2.5,324,48
1990,2,26,9,-32.4,843.5,3,317,47
1990,2,26,12,-33.8,842.5,3.2,316,46
1990,2,26,15,-33.5,841.6,3.2,328,46
1990,2,26,18,NA,840.8,1.5,307,52
1990,2,26,21,NA,840.8,NA,NA,52
1990,2,27,0,-22.5,840.7,NA,NA,52
1990,2,27,3,-19.8,840.3,NA,NA,48
1990,2,27,6,-18.3,840.3,NA,NA,52
1990,2,27,9,-17.5,840.8,NA,NA,60
1990,2,27,12,-16.6,842.2,NA,NA,62
1990,2,27,15,-17.5,843.6,NA,NA,60
1990,2,27,18,-17.8,845.2,NA,NA,56
1990,2,27,21,-17.9,847.5,NA,NA,48
1990,2,28,0,-17.5,848.9,NA,NA,46
1990,2,28,3,-18.6,850.4,NA,NA,40
1990,2,28,6,-21.5,851.5,2.5,292,47
1990,2,28,9,NA,853.1,2,281,49
1990,2,28,12,NA,854.3,2.5,281,50
1990,2,28,15,-25.8,855.4,3.5,271,48
1990,2,28,18,-28.4,855.2,3.5,316,51
1990,2,28,21,-27.3,854.8,3.7,316,50
1990,3,1,0,-26.3,854.9,NA,NA,48
1990,3,1,3,-25.5,854.2,3,328,50
1990,3,1,6,-25,853.5,NA,NA,51
1990,3,1,9,-27,853.2,4,323,50
1990,3,1,12,NA,853.2,3.7,327,48
1990,3,1,15,-28,853.2,3.5,331,51
1990,3,1,18,-28,853.6,2.7,305,49
1990,3,1,21,-26.4,854.5,4,316,48
1990,3,2,0,-25.3,855.3,3,334,48
1990,3,2,3,-23.9,855.2,2.7,295,42
1990,3,2,6,-25,855.9,3.2,337,47
1990,3,2,9,-24.9,856.3,3.5,344,50
1990,3,2,12,-25.9,856.4,3,314,50
1990,3,2,15,-28.6,856.4,4,326,49
1990,3,2,18,NA,855.8,2.7,314,48
1990,3,2,21,-32.9,856.2,2.2,312,44
1990,3,3,0,-31.8,856.3,2.5,306,42
1990,3,3,3,-30,855.1,3.2,307,45
1990,3,3,6,-29.9,855.6,2.7,327,48
1990,3,3,9,-30,855.4,3.2,320,48
1990,3,3,12,-31.8,856.4,3.2,310,46
1990,3,3,15,-33.1,856.7,3,300,44
1990,3,3,18,-34.3,856.5,2.5,283,45
1990,3,3,21,-33.5,857.4,2.5,312,42
1990,3,4,0,-30.8,857,3.5,281,45
1990,3,4,3,NA,856.8,2.2,275,43
1990,3,4,6,-27,856.8,2.7,282,44
1990,3,4,9,-28.6,857.6,3.7,272,47
1990,3,4,12,-28.6,857.8,3.5,272,48
1990,3,4,15,-26,857.6,3,271,51
1990,3,4,18,-26.4,857.7,2.5,279,50
1990,3,4,21,-26.8,858.6,2.5,268,43
1990,3,5,0,-24.6,858.8,2.5,267,42
1990,3,5,3,-22.9,857.9,2,NA,41
1990,3,5,6,-23.8,857,1.5,NA,42
1990,3,5,9,-22.9,856,1.5,NA,47
1990,3,5,12,NA,855.4,NA,NA,41
1990,3,5,15,NA,855.3,3.2,265,51
1990,3,5,18,NA,855.4,3.7,283,49
1990,3,5,21,NA,856.4,3.5,282,47
1990,3,6,0,-28.8,857.7,3,293,47
1990,3,6,3,-27,858.2,3.7,312,47
1990,3,6,6,-28.3,858.8,3.5,298,47
1990,3,6,9,-29.1,859.2,2.7,319,49
1990,3,6,12,-30.3,859.1,4.4,292,48
1990,3,6,15,-32.6,857.8,3.5,290,46
1990,3,6,18,-33.8,855.4,3.7,299,46
1990,3,6,21,-32.9,858.2,2.5,341,46
1990,3,7,0,-32.1,856.4,2.5,307,43
1990,3,7,3,-31.6,855.1,3,314,44
1990,3,7,6,-32.4,854.5,2.5,306,42
1990,3,7,9,-34.6,854.9,3,310,42
1990,3,7,12,-34.4,855.1,2.5,303,44
1990,3,7,15,-35,855.3,3.7,298,44
1990,3,7,18,-35,855.5,3.5,298,44
1990,3,7,21,-34,855.5,3,298,45
1990,3,8,0,-31.6,855.5,NA,NA,44
1990,3,8,3,-29.4,855.4,NA,NA,42
1990,3,8,6,-30.3,855,NA,NA,43
1990,3,8,9,-32.3,855.2,NA,NA,44
1990,3,8,12,-34.3,855.4,NA,NA,44
1990,3,8,15,-36.3,855.4,NA,NA,43
1990,3,8,18,-36.4,855.4,NA,NA,42
1990,3,8,21,-34.4,854.3,NA,NA,44
1990,3,9,0,-33.3,854.4,NA,NA,43
1990,3,9,3,-31.8,855.3,NA,NA,43
1990,3,9,6,-30,854.9,2.2,286,44
1990,3,9,9,-33.8,856.1,3.5,286,45
1990,3,9,12,NA,855.3,4.9,283,44
1990,3,9,15,-37.1,857.5,2.5,283,42
1990,3,9,18,-35.8,858.3,5.4,303,43
1990,3,9,21,-36.1,857.6,4.4,282,42
1990,3,10,0,-34.5,857.6,4.2,282,42
1990,3,10,3,-32.6,856.6,3.2,282,43
1990,3,10,6,-31,855.5,2.5,288,45
1990,3,10,9,-31.1,854.7,1.7,282,46
1990,3,10,12,-31,854,NA,NA,47
1990,3,10,15,-32.6,853.6,NA,NA,46
1990,3,10,18,-32,853.2,NA,NA,47
1990,3,10,21,-31,853.2,NA,NA,47
1990,3,11,0,-28.8,853.8,NA,NA,42
1990,3,11,3,-26.9,853.5,NA,NA,42
1990,3,11,6,-26.1,853,NA,NA,43
1990,3,11,9,-26,852.9,NA,NA,48
1990,3,11,12,-26.4,853,NA,NA,46
1990,3,11,15,-28.4,853.2,NA,NA,47
1990,3,11,18,-28.3,853.5,NA,NA,48
1990,3,11,21,-30,853.8,NA,NA,46
1990,3,12,0,-26,854.4,2.5,281,44
1990,3,12,3,-25.8,855.3,1.5,NA,43
1990,3,12,6,-25.6,855.3,2.2,NA,44
1990,3,12,9,-26.9,855.5,2.5,NA,48
1990,3,12,12,-25.8,855.7,2.5,279,48
1990,3,12,15,-26.1,856.2,2.7,302,48
1990,3,12,18,-30.5,855.7,3.5,279,48
1990,3,12,21,-29.8,856.2,3.5,305,46
1990,3,13,0,-28.4,855.4,4.2,298,47
1990,3,13,3,-26.9,854.9,3.5,298,47
1990,3,13,6,-28.1,854.3,3.7,305,48
1990,3,13,9,-29.1,854.7,3.5,320,47
1990,3,13,12,-31,854.2,3,327,48
1990,3,13,15,-32,853.1,3.5,319,47
1990,3,13,18,-33.4,852.5,3.5,324,46
1990,3,13,21,-31.6,851.1,3.7,321,47
1990,3,14,0,-31.1,849.6,3.7,317,47
1990,3,14,3,-30.3,848.4,3,331,48
1990,3,14,6,-30.4,847.5,2.7,310,45
1990,3,14,9,-31.9,847.2,3,316,46
1990,3,14,12,-29.4,846.9,2.5,309,46
1990,3,14,15,NA,846,1.2,307,51
1990,3,14,18,-25.5,845.7,1.7,295,53
1990,3,14,21,-25.1,845,2.5,295,51
1990,3,15,0,-24.9,844,2.2,327,51
1990,3,15,3,-25.9,843.2,3.2,321,50
1990,3,15,6,-28,843.5,3,326,50
1990,3,15,9,-30.5,843.4,4,313,48
1990,3,15,12,-30.6,843.2,3,323,48
1990,3,15,15,-29.4,842.1,3.2,330,49
1990,3,15,18,-29.1,841.2,4.4,326,49
1990,3,15,21,-26.5,840.9,4.2,323,52
1990,3,16,0,NA,841.2,2.5,330,54
1990,3,16,3,NA,840.5,1.7,330,54
1990,3,16,6,NA,840.7,NA,NA,55
1990,3,16,9,-17.9,841.9,NA,NA,59
1990,3,16,12,-19.8,845,NA,NA,59
1990,3,16,15,-20.3,847.1,NA,NA,58
1990,3,16,18,-22.3,848.8,NA,NA,55
1990,3,16,21,-24,849.7,NA,NA,51
1990,3,17,0,-25.6,850.5,NA,NA,48
1990,3,17,3,-27,850.8,NA,NA,46
1990,3,17,6,-28.8,851.1,NA,NA,48
1990,3,17,9,-31.4,851,NA,NA,47
1990,3,17,12,-33.1,851.1,NA,NA,46
1990,3,17,15,-34.3,850.1,NA,NA,45
1990,3,17,18,-35.1,849.5,NA,NA,45
1990,3,17,21,-34.5,849.1,NA,NA,45
1990,3,18,0,-33.4,848.8,4,306,45
1990,3,18,3,-32.6,848.4,4,317,47
1990,3,18,6,-33,848.7,4,323,47
1990,3,18,9,-34.1,848.7,4.4,316,46
1990,3,18,12,-35.9,849.1,4,312,44
1990,3,18,15,-37.1,849.5,3.2,323,43
1990,3,18,18,-37.5,849.2,3.7,296,43
1990,3,18,21,-37.6,848.7,4.2,296,43
1990,3,19,0,-36.9,849,4.2,303,43
1990,3,19,3,-35.5,848.7,3.2,289,43
1990,3,19,6,-36.1,848.8,4,289,43
1990,3,19,9,-37,849.1,2.7,309,43
1990,3,19,12,-37,848.5,NA,NA,43
1990,3,19,15,-37.5,847.8,NA,NA,43
1990,3,19,18,-37.4,847.4,NA,NA,43
1990,3,19,21,-35.9,847.2,NA,NA,43
1990,3,20,0,-33,847.4,NA,NA,44
1990,3,20,3,-31.4,847.4,NA,NA,43
1990,3,20,6,-29.9,848,NA,NA,47
1990,3,20,9,-28,848.7,NA,NA,50
1990,3,20,12,-26.1,848.9,NA,NA,52
1990,3,20,15,-25.1,849.2,NA,NA,53
1990,3,20,18,-21.5,849.6,NA,NA,56
1990,3,20,21,-20.3,850.5,NA,NA,54
1990,3,21,0,-19,850.8,NA,NA,49
1990,3,21,3,-20.8,850.8,NA,NA,50
1990,3,21,6,-22.5,851.1,NA,NA,55
1990,3,21,9,-22.9,851.9,NA,NA,54
1990,3,21,12,-23.3,852.6,NA,NA,54
1990,3,21,15,-24,853.3,NA,NA,54
1990,3,21,18,-22.3,854.2,NA,NA,56
1990,3,21,21,-21.3,855.7,NA,NA,55
1990,3,22,0,-18.4,857.5,NA,NA,53
1990,3,22,3,-18.3,858.8,NA,NA,55
1990,3,22,6,-20.3,859.3,NA,NA,55
1990,3,22,9,NA,860.8,NA,NA,53
1990,3,22,12,NA,862.5,NA,NA,52
1990,3,22,15,-28.4,863.7,3,314,50
1990,3,22,18,-29.4,864,3.2,314,50
1990,3,22,21,-27.6,864.3,3.2,316,50
1990,3,23,0,NA,864.8,2.5,317,50
1990,3,23,3,-23.3,865.2,3.5,290,51
1990,3,23,6,-26.4,863.6,3.5,278,52
1990,3,23,9,NA,863,4.2,274,51
1990,3,23,12,-29.5,862.8,3.2,286,51
1990,3,23,15,-29.9,862.9,2.2,337,48
1990,3,23,18,-28.1,861.8,2,347,50
1990,3,23,21,-29.5,862.3,2.5,338,48
1990,3,24,0,-25.9,860.4,2.5,285,48
1990,3,24,3,-25.6,859.8,2.7,282,44
1990,3,24,6,-28.3,859.5,2,316,46
1990,3,24,9,-29.3,858.1,3.2,331,49
1990,3,24,12,-30,856.2,2.5,321,49
1990,3,24,15,-30.5,855.3,1.7,324,49
1990,3,24,18,-29.8,854,2.5,310,48
1990,3,24,21,-31.9,853.5,2.2,306,47
1990,3,25,0,-31.4,853.5,2.2,328,45
1990,3,25,3,-30.3,852.2,2,313,45
1990,3,25,6,-30.5,851.9,3,327,42
1990,3,25,9,-33.1,851.8,1.5,338,46
1990,3,25,12,-34.6,851.2,2.2,310,44
1990,3,25,15,-35.9,849.8,2.7,306,43
1990,3,25,18,-36.6,849.4,3.7,326,43
1990,3,25,21,-37.1,849.3,3.2,317,42
1990,3,26,0,-37,848.4,3,317,42
1990,3,26,3,-36.4,848,2.5,298,43
1990,3,26,6,-37.4,847.1,3.7,296,42
1990,3,26,9,-40.8,849.2,2.2,314,41
1990,3,26,12,NA,850.4,2.2,335,39
1990,3,26,15,-42.5,850.6,3.2,310,39
1990,3,26,18,-42.4,848.9,3.2,309,39
1990,3,26,21,-41.3,849.1,3.2,319,40
1990,3,27,0,-39.3,848.5,3.5,320,42
1990,3,27,3,-37.4,848.4,3,326,43
1990,3,27,6,-37.8,847.7,3,331,42
1990,3,27,9,-38.8,847.2,3.5,328,42
1990,3,27,12,-39.1,845.9,2.7,313,41
1990,3,27,15,-38.5,844.7,3.5,324,42
1990,3,27,18,-38.5,844.1,4,303,42
1990,3,27,21,-37,844.3,3,303,42
1990,3,28,0,-34.1,843.9,NA,NA,40
1990,3,28,3,NA,843.6,NA,NA,40
1990,3,28,6,-32.4,843.6,NA,NA,41
1990,3,28,9,-33,844.5,NA,NA,44
1990,3,28,12,-35.9,844.5,NA,NA,44
1990,3,28,15,-35.9,844.5,NA,NA,44
1990,3,28,18,-37,845.3,NA,NA,43
1990,3,28,21,-36.4,846.8,NA,NA,42
1990,3,29,0,-35.4,848.1,NA,NA,41
1990,3,29,3,-32.1,849,NA,NA,44
1990,3,29,6,-36,850,NA,NA,44
1990,3,29,9,NA,850.9,NA,NA,42
1990,3,29,12,-36.8,851.6,NA,NA,42
1990,3,29,15,-37.6,852.3,NA,NA,42
1990,3,29,18,-37.5,853,NA,NA,42
1990,3,29,21,-37.9,853.8,NA,NA,42
1990,3,30,0,-36.4,854.4,NA,NA,43
1990,3,30,3,-36.4,854,NA,NA,43
1990,3,30,6,-37.1,854.4,NA,NA,43
1990,3,30,9,-37.6,854.3,NA,NA,42
1990,3,30,12,-38.5,855,NA,NA,42
1990,3,30,15,-39.8,855.3,NA,NA,41
1990,3,30,18,-41.3,854.6,NA,NA,39
1990,3,30,21,-41.9,854.8,NA,NA,39
1990,3,31,0,-41.8,854.1,NA,NA,38
1990,3,31,3,-41.9,854.4,NA,NA,38
1990,3,31,6,-42.4,853.8,NA,NA,38
1990,3,31,9,-42.8,853.8,NA,NA,38
1990,3,31,12,-43.5,853.3,NA,NA,37
1990,3,31,15,-43.4,852.6,NA,NA,37
1990,3,31,18,-42.3,852.2,NA,NA,38
1990,3,31,21,-41.8,852.4,NA,NA,39
1990,4,1,0,-38.8,852.5,NA,NA,40
1990,4,1,3,-37.4,851.9,NA,NA,41
1990,4,1,6,-38.3,851.5,NA,NA,42
1990,4,1,9,-39.3,851.2,NA,NA,41
1990,4,1,12,-40,851.2,NA,NA,41
1990,4,1,15,-40.1,850.8,NA,NA,40
1990,4,1,18,-39.9,851.8,NA,NA,41
1990,4,1,21,-41.5,850.6,4.7,298,39
1990,4,2,0,-42.6,850.7,4,288,38
1990,4,2,3,-43.3,851.2,2.5,307,38
1990,4,2,6,-43.6,853.3,4.4,310,37
1990,4,2,9,-45.8,853.7,4.2,310,36
1990,4,2,12,-46.4,855.5,4,316,36
1990,4,2,15,-45.9,855.1,2.7,319,36
1990,4,2,18,-44.1,855.9,3,320,36
1990,4,2,21,-43.5,856.4,2.5,320,38
1990,4,3,0,-41.3,856.9,4.2,293,39
1990,4,3,3,-39.9,857.4,2.5,293,40
1990,4,3,6,-40.5,857.6,2.7,314,40
1990,4,3,9,-40.5,858,3,306,40
1990,4,3,12,-40.9,857.7,3.5,295,40
1990,4,3,15,-41.3,857.1,3.5,289,39
1990,4,3,18,-41.5,857.5,3.2,305,39
1990,4,3,21,-41.3,856.7,3.7,305,39
1990,4,4,0,-40.1,856.6,3.7,306,39
1990,4,4,3,-39.8,855.6,4.4,290,40
1990,4,4,6,-40.8,854.8,3.2,312,40
1990,4,4,9,-41.9,855.2,3.2,313,39
1990,4,4,12,-42.9,854.9,3.5,290,38
1990,4,4,15,-43.3,854.5,3.5,289,38
1990,4,4,18,-43.6,854.8,4,296,37
1990,4,4,21,-43.6,854.9,3.5,296,37
1990,4,5,0,-41.8,855.2,4.2,296,39
1990,4,5,3,-39.9,855.6,NA,NA,40
1990,4,5,6,-38.9,855.9,NA,NA,40
1990,4,5,9,-37.5,857.1,NA,NA,42
1990,4,5,12,-38.5,859.2,NA,NA,41
1990,4,5,15,-39.5,861.7,NA,NA,40
1990,4,5,18,-40.1,864,NA,NA,39
1990,4,5,21,-38.9,866.4,NA,NA,39
1990,4,6,0,-37.4,868.3,NA,NA,40
1990,4,6,3,NA,869.3,NA,NA,42
1990,4,6,6,NA,870.1,NA,NA,46
1990,4,6,9,-28.6,871.6,NA,NA,50
1990,4,6,12,-28.8,872.6,NA,NA,50
1990,4,6,15,-29.1,873.8,NA,NA,50
1990,4,6,18,-29.1,874.3,NA,NA,50
1990,4,6,21,-31,874.6,NA,NA,46
1990,4,7,0,-31.9,874.6,NA,NA,43
1990,4,7,3,-28.8,874.1,NA,NA,45
1990,4,7,6,-30.6,873.4,NA,NA,48
1990,4,7,9,-30.9,872.3,NA,NA,48
1990,4,7,12,-33,871.1,4,313,47
1990,4,7,15,-33.3,870.1,3.5,310,47
1990,4,7,18,-32.4,869.7,2.7,313,47
1990,4,7,21,-31.8,868.8,4.2,314,47
1990,4,8,0,-33.1,865.6,3.7,292,46
1990,4,8,3,-35.1,863.8,3.7,316,45
1990,4,8,6,-34.5,861.7,3.5,319,45
1990,4,8,9,-37.1,859.6,4,298,43
1990,4,8,12,-39.1,860.3,3.2,320,42
1990,4,8,15,-40.6,859.4,3,319,40
1990,4,8,18,-41.6,859.7,3,309,39
1990,4,8,21,-42.8,860.2,4,307,39
1990,4,9,0,-43.4,860,3.2,298,38
1990,4,9,3,-44.5,859.1,4,309,37
1990,4,9,6,-44.5,856.8,4.2,317,37
1990,4,9,9,-44.5,856.3,3.5,NA,37
1990,4,9,12,-42.8,856,2.5,NA,38
1990,4,9,15,-44,855.1,3.7,NA,37
1990,4,9,18,-43.9,855.1,3.2,312,37
1990,4,9,21,-43.6,855.5,4.2,317,38
1990,4,10,0,-42.4,855.8,4,317,39
1990,4,10,3,-41.1,855.7,4.4,298,39
1990,4,10,6,-41.6,855.9,3.5,319,39
1990,4,10,9,-40.1,856.3,4,302,40
1990,4,10,12,-40.8,856.8,3.7,310,40
1990,4,10,15,-40.5,856.8,3.2,305,40
1990,4,10,18,-40.4,856.8,4,306,40
1990,4,10,21,-39.4,856.8,3.7,310,41
1990,4,11,0,-38.5,857.3,3.5,310,42
1990,4,11,3,-37,857,4,302,42
1990,4,11,6,-36.4,857,4,295,43
1990,4,11,9,-37.5,857.6,4.7,300,42
1990,4,11,12,-37.1,858.4,2.7,316,42
1990,4,11,15,-38.8,859.2,2.5,319,42
1990,4,11,18,-35.6,858.2,3.7,320,44
1990,4,11,21,-35.4,858,3.7,307,44
1990,4,12,0,-34.5,858.4,4.9,310,44
1990,4,12,3,-33.8,857.7,3.5,293,45
1990,4,12,6,-33.9,859.3,3.2,320,45
1990,4,12,9,-34.4,858.7,4.2,314,45
1990,4,12,12,-33.3,859,3.7,306,46
1990,4,12,15,-33.3,860,2.7,328,46
1990,4,12,18,-32.8,859.8,2.7,323,46
1990,4,12,21,-33.3,859.7,3.7,319,45
1990,4,13,0,-34.8,860.4,2.7,335,44
1990,4,13,3,-33.9,860,3.2,317,44
1990,4,13,6,-34.8,860.3,3.7,316,44
1990,4,13,9,-35.1,860.8,3.7,307,44
1990,4,13,12,-35.8,861.1,3.5,312,44
1990,4,13,15,-36.4,861.5,4,320,43
1990,4,13,18,-37,861,3.7,307,43
1990,4,13,21,-37.1,860.8,4,313,43
1990,4,14,0,-37.5,859.9,4.2,313,42
1990,4,14,3,-36.8,859.4,3,320,43
1990,4,14,6,-37.5,858.9,3.7,300,42
1990,4,14,9,-37.9,858.6,4,299,42
1990,4,14,12,-38.8,858.8,3,305,42
1990,4,14,15,-39.8,858.3,3.5,296,41
1990,4,14,18,-41,858.3,3,310,40
1990,4,14,21,-41.5,857.5,4,302,39
1990,4,15,0,-41.5,856.5,3.7,298,39
1990,4,15,3,-41,854.9,3.5,296,39
1990,4,15,6,-41,853.4,3.7,298,39
1990,4,15,9,-40.6,852.1,4,286,39
1990,4,15,12,-40.3,851.4,4.7,296,40
1990,4,15,15,-38,850.4,4,298,42
1990,4,15,18,-37.5,850,3.5,299,42
1990,4,15,21,-37.1,849.9,4,303,42
1990,4,16,0,-36.5,849.9,4.2,302,42
1990,4,16,3,-35.4,849.5,3.2,306,41
1990,4,16,6,-35,849.7,3.7,300,42
1990,4,16,9,-35.4,850.6,4.2,299,42
1990,4,16,12,-35,850.6,4.2,300,43
1990,4,16,15,-34,850.4,4.7,289,43
1990,4,16,18,-34.1,850.5,3.7,300,44
1990,4,16,21,-34.4,851.2,4.2,300,45
1990,4,17,0,-35.6,853.9,4.4,295,42
1990,4,17,3,-37,855.7,3.5,312,42
1990,4,17,6,-38.9,855.9,3.2,305,41
1990,4,17,9,-39.9,856,4,309,40
1990,4,17,12,-40.6,856,3.5,317,40
1990,4,17,15,-40.4,855.9,4.4,309,40
1990,4,17,18,-41.8,856.3,3,306,39
1990,4,17,21,-41.5,854.8,3.5,319,39
1990,4,18,0,-41.5,855,3.5,324,39
1990,4,18,3,-40.6,855.7,3.2,330,40
1990,4,18,6,-40.4,855.3,3.5,330,40
1990,4,18,9,-40.5,855.4,3.2,321,40
1990,4,18,12,-39.9,855.9,3,327,41
1990,4,18,15,-38.5,856.8,2.7,317,41
1990,4,18,18,-39.3,855.5,4.2,309,41
1990,4,18,21,-41.3,856.1,3.5,305,39
1990,4,19,0,-41.9,856.9,3.2,313,39
1990,4,19,3,-42.8,856.8,4.2,305,38
1990,4,19,6,-43.9,856.6,4.9,306,37
1990,4,19,9,-44.6,857.1,4.7,299,37
1990,4,19,12,-44.5,859,2.5,319,37
1990,4,19,15,-44.1,858.8,2.7,330,37
1990,4,19,18,-44.5,858.8,2.5,317,37
1990,4,19,21,-44.8,858.5,2.7,312,37
1990,4,20,0,-44.9,857,3,305,37
1990,4,20,3,-44.1,855.9,3,321,37
1990,4,20,6,-43,854.5,3,310,38
1990,4,20,9,-42.8,854,3.2,319,38
1990,4,20,12,-41.8,852.1,3.5,316,39
1990,4,20,15,-43.3,848.9,4,319,38
1990,4,20,18,-44,846.8,4.4,307,37
1990,4,20,21,-44,847.3,3.2,317,37
1990,4,21,0,-44.1,844.8,4.2,300,37
1990,4,21,3,-44.9,845.4,2.7,319,37
1990,4,21,6,-46.1,843.8,4.4,309,36
1990,4,21,9,-45.9,843.5,4.4,307,36
1990,4,21,12,-46,843.8,3.2,319,36
1990,4,21,15,-46.3,843.4,3.2,321,36
1990,4,21,18,-45.3,843.3,4.4,326,37
1990,4,21,21,-43,842.8,3.7,323,38
1990,4,22,0,-41.5,842,4,330,39
1990,4,22,3,-41.3,841.3,4,328,39
1990,4,22,6,-41,839.4,3.7,321,40
1990,4,22,9,-41,838.1,2.5,321,40
1990,4,22,12,-40.5,836.7,4.4,327,40
1990,4,22,15,-39.5,835.5,3.7,323,41
1990,4,22,18,-39.8,836,3.5,324,41
1990,4,22,21,-40.5,836.6,3,327,40
1990,4,23,0,-40.6,837.5,4.2,328,40
1990,4,23,3,-40.5,838.7,3.7,317,40
1990,4,23,6,-40.1,840.1,4.2,330,41
1990,4,23,9,-39.9,841.2,4.2,330,41
1990,4,23,12,-38,843.2,3.2,327,42
1990,4,23,15,-35.4,845.6,3.5,337,46
1990,4,23,18,-34.4,846.3,4.2,337,45
1990,4,23,21,-32.8,848.6,3,330,47
1990,4,24,0,-34,849.8,3.2,320,46
1990,4,24,3,-34.4,849.9,3.7,316,45
1990,4,24,6,-36.9,849.8,3.2,313,43
1990,4,24,9,-37,849.3,4.2,313,43
1990,4,24,12,-37.8,850.2,3.5,312,42
1990,4,24,15,-38.8,850.9,4.9,310,42
1990,4,24,18,-38.8,852.1,3.2,310,42
1990,4,24,21,-39.1,852.8,4.2,306,42
1990,4,25,0,-39.1,854.2,3.2,309,42
1990,4,25,3,-37.9,855.4,3.5,320,42
1990,4,25,6,-36.6,857.1,4.4,314,43
1990,4,25,9,-35.8,858.6,3.7,300,44
1990,4,25,12,-35.1,860.7,3.2,300,45
1990,4,25,15,-34.3,861.9,3.2,319,45
1990,4,25,18,-33.5,863.3,4.2,333,46
1990,4,25,21,-34.4,865.9,2,347,45
1990,4,26,0,-36.4,867.8,3,303,43
1990,4,26,3,-37.5,869.6,NA,NA,42
1990,4,26,6,-38.1,873.4,NA,NA,42
1990,4,26,9,-37.5,875.7,NA,NA,43
1990,4,26,12,-35.1,878,NA,NA,45
1990,4,26,15,-35.8,878.5,NA,NA,44
1990,4,26,18,-35.9,878.2,NA,NA,44
1990,4,26,21,-34.5,877.5,NA,NA,45
1990,4,27,0,-36.1,878.2,NA,NA,44
1990,4,27,3,-35.4,879.5,NA,NA,44
1990,4,27,6,-33.4,879.6,NA,NA,46
1990,4,27,9,-32,879.6,NA,NA,47
1990,4,27,12,-33.3,879.8,NA,NA,47
1990,4,27,15,-32.3,879.3,NA,NA,47
1990,4,27,18,-31.1,878.9,NA,NA,48
1990,4,27,21,-28.4,878.8,NA,NA,49
1990,4,28,0,-27.6,878.9,NA,NA,51
1990,4,28,3,-27.3,878.7,NA,NA,51
1990,4,28,6,-28.3,878.2,NA,NA,49
1990,4,28,9,-23.5,877.1,NA,NA,52
1990,4,28,12,NA,877.8,NA,NA,55
1990,4,28,15,-20.9,877.6,NA,NA,55
1990,4,28,18,-19.3,878.9,NA,NA,57
1990,4,28,21,-19.6,879.8,NA,NA,51
1990,4,29,0,-22.4,881.1,NA,NA,49
1990,4,29,3,NA,882,NA,NA,48
1990,4,29,6,-27,882.1,NA,NA,51
1990,4,29,9,-27.4,881.9,NA,NA,52
1990,4,29,12,-28.4,882.4,NA,NA,50
1990,4,29,15,-28.6,882.7,NA,NA,50
1990,4,29,18,-28.5,883.4,NA,NA,50
1990,4,29,21,-29,883.7,NA,NA,50
1990,4,30,0,-30.4,884.4,NA,NA,48
1990,4,30,3,NA,NA,NA,NA,NA
1990,4,30,6,NA,NA,NA,NA,NA
1990,4,30,9,NA,NA,NA,NA,NA
1990,4,30,12,NA,NA,NA,NA,NA
1990,4,30,15,NA,NA,NA,NA,NA
1990,4,30,18,NA,NA,NA,NA,NA
1990,4,30,21,NA,NA,NA,NA,NA
1990,5,1,0,-33.4,880.8,NA,NA,46
1990,5,1,3,-33.5,880.4,NA,NA,46
1990,5,1,6,-33.5,879.9,NA,NA,46
1990,5,1,9,-33.4,879.1,NA,NA,46
1990,5,1,12,-32.9,878,NA,NA,47
1990,5,1,15,-31.6,876.8,NA,NA,48
1990,5,1,18,-33.5,875.8,NA,NA,46
1990,5,1,21,-31.8,875.1,NA,NA,48
1990,5,2,0,-31.4,875,NA,NA,47
1990,5,2,3,-33.4,874.6,NA,NA,47
1990,5,2,6,-30.5,874.1,NA,NA,48
1990,5,2,9,NA,873.7,NA,NA,50
1990,5,2,12,-25.6,874.7,NA,NA,53
1990,5,2,15,NA,874.4,NA,NA,55
1990,5,2,18,-21.6,873.9,NA,NA,52
1990,5,2,21,-24.1,873.2,NA,NA,54
1990,5,3,0,NA,873.1,NA,NA,50
1990,5,3,3,NA,872.3,NA,NA,50
1990,5,3,6,-29.9,871.2,NA,NA,50
1990,5,3,9,-30.3,871.6,NA,NA,49
1990,5,3,12,-30.4,870.5,NA,NA,49
1990,5,3,15,-30.3,870,NA,NA,48
1990,5,3,18,-29.9,869.4,NA,NA,48
1990,5,3,21,-30.9,870.2,NA,NA,48
1990,5,4,0,-31.4,870.9,NA,NA,48
1990,5,4,3,-32.1,871.6,NA,NA,47
1990,5,4,6,-33.1,872.4,NA,NA,47
1990,5,4,9,-34.1,873.6,NA,NA,45
1990,5,4,12,-35.1,874.8,NA,NA,45
1990,5,4,15,-36.1,875.5,NA,NA,44
1990,5,4,18,-36.5,877,NA,NA,43
1990,5,4,21,NA,NA,NA,NA,NA
1990,5,5,0,-37.4,878.8,NA,NA,42
1990,5,5,3,-37.5,878.6,NA,NA,42
1990,5,5,6,-37.8,877.7,NA,NA,43
1990,5,5,9,-38,877.7,NA,NA,42
1990,5,5,12,-37.6,876.6,NA,NA,43
1990,5,5,15,-37.6,875.7,NA,NA,43
1990,5,5,18,-37.1,875.5,NA,NA,43
1990,5,5,21,-37,877.1,NA,NA,43
1990,5,6,0,-38,875.8,NA,NA,42
1990,5,6,3,-38.9,875.9,NA,NA,42
1990,5,6,6,-40.1,875,NA,NA,41
1990,5,6,9,-39.9,874.8,NA,NA,41
1990,5,6,12,-39,874.1,NA,NA,42
1990,5,6,15,NA,873.2,NA,NA,46
1990,5,6,18,NA,872.9,NA,NA,48
1990,5,6,21,-30.4,873.6,NA,NA,49
1990,5,7,0,-30.5,874.2,NA,NA,49
1990,5,7,3,-34.4,875.2,NA,NA,45
1990,5,7,6,-35.4,876.1,NA,NA,45
1990,5,7,9,-33.5,877.5,NA,NA,47
1990,5,7,12,NA,878.8,NA,NA,49
1990,5,7,15,-29.5,880,NA,NA,49
1990,5,7,18,-27.4,881.1,NA,NA,49
1990,5,7,21,-26.5,882.3,NA,NA,48
1990,5,8,0,-25.6,882.7,NA,NA,51
1990,5,8,3,-28.4,882.9,NA,NA,50
1990,5,8,6,NA,883.7,NA,NA,46
1990,5,8,9,NA,884,NA,NA,45
1990,5,8,12,-34.5,883.7,NA,NA,45
1990,5,8,15,-33.5,883,NA,NA,46
1990,5,8,18,-33,882.5,NA,NA,46
1990,5,8,21,-33,882.9,NA,NA,46
1990,5,9,0,-32.8,882.7,NA,NA,47
1990,5,9,3,-31.8,882.3,NA,NA,45
1990,5,9,6,-31.9,882.6,NA,NA,46
1990,5,9,9,-31.8,882.9,NA,NA,45
1990,5,9,12,-31.6,883.5,NA,NA,45
1990,5,9,15,-31.5,884.1,NA,NA,47
1990,5,9,18,-31.6,883.8,NA,NA,39
1990,5,9,21,-31.4,884.1,NA,NA,35
1990,5,10,0,NA,NA,NA,NA,NA
1990,5,10,3,NA,NA,NA,NA,NA
1990,5,10,6,NA,NA,NA,NA,NA
1990,5,10,9,-29.1,882.4,NA,NA,39
1990,5,10,12,-30.8,881.9,NA,NA,46
1990,5,10,15,-31.4,881.7,NA,NA,48
1990,5,10,18,-31.8,880.9,NA,NA,46
1990,5,10,21,-32.9,881.7,NA,NA,47
1990,5,11,0,NA,NA,NA,NA,NA
1990,5,11,3,NA,NA,NA,NA,NA
1990,5,11,6,-32.9,878.4,NA,NA,36
1990,5,11,9,-33.3,876.7,NA,NA,35
1990,5,11,12,-34.5,874.4,NA,NA,42
1990,5,11,15,-35.5,873.5,NA,NA,43
1990,5,11,18,-37.1,870.3,NA,NA,42
1990,5,11,21,-37,867.8,NA,NA,42
1990,5,12,0,-37.8,866.2,NA,NA,42
1990,5,12,3,-38.8,864.2,NA,NA,40
1990,5,12,6,-40.1,863.4,NA,NA,40
1990,5,12,9,-42.9,861.6,NA,NA,38
1990,5,12,12,NA,861.7,NA,NA,36
1990,5,12,15,-46.6,860.9,NA,NA,35
1990,5,12,18,-45.8,860.2,NA,NA,36
1990,5,12,21,-44.1,860.6,NA,NA,36
1990,5,13,0,-42.8,861.8,NA,NA,34
1990,5,13,3,-41.3,863.5,NA,NA,30
1990,5,13,6,-40.6,865,NA,NA,34
1990,5,13,9,-41,866.5,NA,NA,36
1990,5,13,12,-41.8,867,NA,NA,37
1990,5,13,15,-42.3,868.5,NA,NA,37
1990,5,13,18,-42.3,868.8,NA,NA,37
1990,5,13,21,-42.3,869.7,NA,NA,38
1990,5,14,0,-41.8,870.1,NA,NA,38
1990,5,14,3,-40.4,870.4,NA,NA,38
1990,5,14,6,-40.9,870.2,NA,NA,37
1990,5,14,9,-42.1,868.9,NA,NA,37
1990,5,14,12,-42.8,867.6,NA,NA,37
1990,5,14,15,-41.6,865.3,NA,NA,38
1990,5,14,18,-39.8,864.1,NA,NA,40
1990,5,14,21,-37,862.7,NA,NA,42
1990,5,15,0,-35.6,861.6,NA,NA,44
1990,5,15,3,-35,861.1,NA,NA,44
1990,5,15,6,-35.3,861.1,NA,NA,44
1990,5,15,9,-35,861.9,NA,NA,44
1990,5,15,12,-30.5,861.2,NA,NA,48
1990,5,15,15,-30.4,860.9,NA,NA,49
1990,5,15,18,-30.4,860.4,NA,NA,49
1990,5,15,21,-33.5,859.9,NA,NA,46
1990,5,16,0,-29.6,859.2,NA,NA,49
1990,5,16,3,NA,858.6,NA,NA,51
1990,5,16,6,-27.3,858.1,NA,NA,52
1990,5,16,9,-26.4,857.8,NA,NA,52
1990,5,16,12,-25.5,857.3,NA,NA,53
1990,5,16,15,-25.1,856.7,NA,NA,53
1990,5,16,18,-24.3,855.9,NA,NA,54
1990,5,16,21,-26.3,855.7,NA,NA,52
1990,5,17,0,-29.1,855.5,NA,NA,50
1990,5,17,3,NA,854.6,NA,NA,48
1990,5,17,6,-32.8,853.9,NA,NA,47
1990,5,17,9,-33.3,853.4,NA,NA,47
1990,5,17,12,-34,852.9,NA,NA,46
1990,5,17,15,-34.8,852.9,NA,NA,44
1990,5,17,18,-35.6,852.2,NA,NA,44
1990,5,17,21,-37.5,852.9,NA,NA,43
1990,5,18,0,-38.6,851.3,NA,NA,42
1990,5,18,3,-38.9,850.5,NA,NA,41
1990,5,18,6,-37.5,850.3,NA,NA,43
1990,5,18,9,-38.4,849.5,NA,NA,42
1990,5,18,12,-38.8,850,NA,NA,42
1990,5,18,15,-40.3,849.7,NA,NA,41
1990,5,18,18,-41,849.9,NA,NA,40
1990,5,18,21,-42.1,849.7,NA,NA,39
1990,5,19,0,-43.9,848.7,NA,NA,37
1990,5,19,3,-43.8,847.8,NA,NA,37
1990,5,19,6,-43.5,847.1,NA,NA,38
1990,5,19,9,-43.5,846.5,NA,NA,38
1990,5,19,12,-40,846,NA,NA,41
1990,5,19,15,NA,845.7,NA,NA,43
1990,5,19,18,-35.9,845.4,NA,NA,43
1990,5,19,21,-35.8,845.3,NA,NA,43
1990,5,20,0,-35.5,845.4,NA,NA,45
1990,5,20,3,-33.3,845.1,NA,NA,46
1990,5,20,6,-33,845,NA,NA,46
1990,5,20,9,-33.9,844.9,NA,NA,46
1990,5,20,12,-34,844.9,NA,NA,45
1990,5,20,15,-34.8,845.3,NA,NA,45
1990,5,20,18,-35.4,845.6,NA,NA,44
1990,5,20,21,-36.9,846.3,NA,NA,43
1990,5,21,0,-37.9,847,NA,NA,42
1990,5,21,3,-38.3,847.2,NA,NA,42
1990,5,21,6,-38.5,847.7,NA,NA,42
1990,5,21,9,-39.3,848.6,NA,NA,41
1990,5,21,12,-40.5,850.1,NA,NA,40
1990,5,21,15,-41.3,850.7,NA,NA,39
1990,5,21,18,-42.3,850.7,NA,NA,39
1990,5,21,21,-42.8,851.4,NA,NA,38
1990,5,22,0,-42.8,850.8,NA,NA,38
1990,5,22,3,-43.4,851.4,NA,NA,38
1990,5,22,6,-43.3,850.9,NA,NA,38
1990,5,22,9,-43.9,851.2,NA,NA,37
1990,5,22,12,-44.5,850.8,NA,NA,37
1990,5,22,15,-44.5,851.4,NA,NA,37
1990,5,22,18,-43.6,851,NA,NA,38
1990,5,22,21,-43.5,850.2,NA,NA,38
1990,5,23,0,-43.9,849.8,NA,NA,37
1990,5,23,3,-44.5,848.3,NA,NA,37
1990,5,23,6,-44.5,849.1,NA,NA,37
1990,5,23,9,-44.5,849.8,NA,NA,37
1990,5,23,12,-44.6,850.2,NA,NA,37
1990,5,23,15,-45,849.5,NA,NA,37
1990,5,23,18,-45.3,848.9,NA,NA,37
1990,5,23,21,NA,NA,NA,NA,NA
1990,5,24,0,-45.6,845.9,NA,NA,36
1990,5,24,3,-45,844.4,NA,NA,37
1990,5,24,6,-44.1,844,NA,NA,37
1990,5,24,9,-44.3,842.6,NA,NA,37
1990,5,24,12,-44.5,841.8,NA,NA,37
1990,5,24,15,-44.1,842.3,NA,NA,37
1990,5,24,18,-43.6,842.8,NA,NA,38
1990,5,24,21,-45.1,843.4,NA,NA,37
1990,5,25,0,-44.6,844.5,NA,NA,37
1990,5,25,3,-44.6,845.2,NA,NA,37
1990,5,25,6,-45.6,846.2,NA,NA,36
1990,5,25,9,-45.9,847,NA,NA,36
1990,5,25,12,-46.3,847.5,NA,NA,36
1990,5,25,15,-45.6,848,NA,NA,36
1990,5,25,18,-44.5,849.4,NA,NA,37
1990,5,25,21,-44.8,849.9,NA,NA,37
1990,5,26,0,-45.5,850.9,NA,NA,36
1990,5,26,3,-44.8,851.8,NA,NA,37
1990,5,26,6,-44.5,852.9,NA,NA,37
1990,5,26,9,-44,854.1,NA,NA,37
1990,5,26,12,-42.4,854.8,NA,NA,38
1990,5,26,15,-41.6,855.7,NA,NA,38
1990,5,26,18,-41.1,856,NA,NA,39
1990,5,26,21,-40.1,857,NA,NA,40
1990,5,27,0,-38.8,857.8,NA,NA,42
1990,5,27,3,-38,858.1,NA,NA,42
1990,5,27,6,-39.3,859.1,NA,NA,41
1990,5,27,9,-39.1,859.4,NA,NA,41
1990,5,27,12,-38.3,859.8,NA,NA,42
1990,5,27,15,-36.5,859.8,NA,NA,43
1990,5,27,18,-35.4,859.4,NA,NA,44
1990,5,27,21,-33.1,859.3,NA,NA,46
1990,5,28,0,-31.4,858.8,NA,NA,47
1990,5,28,3,-29.8,858.4,NA,NA,49
1990,5,28,6,-29.3,858.1,NA,NA,49
1990,5,28,9,-30.4,858.1,NA,NA,48
1990,5,28,12,-31.1,858.3,NA,NA,48
1990,5,28,15,-30.9,858.1,NA,NA,48
1990,5,28,18,-30.8,858.2,NA,NA,47
1990,5,28,21,-30.6,858.1,NA,NA,49
1990,5,29,0,-31.4,858.3,NA,NA,48
1990,5,29,3,-30.9,858.3,NA,NA,47
1990,5,29,6,-31.4,858.6,NA,NA,46
1990,5,29,9,-33.5,858.5,NA,NA,46
1990,5,29,12,-34.6,858,NA,NA,45
1990,5,29,15,-36.5,857.6,NA,NA,44
1990,5,29,18,-37.6,857.4,NA,NA,42
1990,5,29,21,-37.1,858.4,NA,NA,43
1990,5,30,0,-37,859,NA,NA,43
1990,5,30,3,-36.9,858.5,NA,NA,43
1990,5,30,6,-37,857.7,NA,NA,43
1990,5,30,9,-39,856.7,NA,NA,42
1990,5,30,12,-39.3,857.6,NA,NA,42
1990,5,30,15,-39.8,856.1,NA,NA,41
1990,5,30,18,-39.9,855.1,NA,NA,41
1990,5,30,21,-39.8,853.6,NA,NA,41
1990,5,31,0,-39.4,852.5,NA,NA,41
1990,5,31,3,-40.6,851.4,NA,NA,40
1990,5,31,6,-41,850.3,NA,NA,40
1990,5,31,9,-42.1,849.2,NA,NA,39
1990,5,31,12,-43.6,849.1,NA,NA,38
1990,5,31,15,-44.9,848.7,NA,NA,37
1990,5,31,18,-45.9,848.7,NA,NA,36
1990,5,31,21,-46.6,852,NA,NA,35
1990,6,1,0,-47.1,853.5,NA,NA,35
1990,6,1,3,-48,854.9,NA,NA,34
1990,6,1,6,-48.8,856.2,NA,NA,34
1990,6,1,9,-49.6,856.8,NA,NA,33
1990,6,1,12,-50.1,857.3,NA,NA,32
1990,6,1,15,-50.5,857.9,NA,NA,32
1990,6,1,18,-50.1,860.4,NA,NA,33
1990,6,1,21,-49,863.4,NA,NA,33
1990,6,2,0,-49.3,865.2,NA,NA,33
1990,6,2,3,-46.6,868.2,NA,NA,35
1990,6,2,6,NA,870,NA,NA,37
1990,6,2,9,-43.5,871.9,NA,NA,38
1990,6,2,12,NA,NA,NA,NA,NA
1990,6,2,15,NA,NA,NA,NA,NA
1990,6,2,18,NA,NA,NA,NA,NA
1990,6,2,21,NA,NA,NA,NA,NA
1990,6,3,0,-35.1,874,NA,NA,43
1990,6,3,3,-34.3,871.9,NA,NA,44
1990,6,3,6,-32.6,868.9,NA,NA,46
1990,6,3,9,-30.6,866.2,NA,NA,48
1990,6,3,12,-31,864.8,NA,NA,48
1990,6,3,15,-33,864.4,NA,NA,46
1990,6,3,18,-33.3,864.3,NA,NA,46
1990,6,3,21,-34.4,864.4,NA,NA,45
1990,6,4,0,-33.4,862.7,NA,NA,46
1990,6,4,3,-33,861.1,NA,NA,45
1990,6,4,6,-33.3,858.9,NA,NA,43
1990,6,4,9,-31.6,857.7,NA,NA,42
1990,6,4,12,-29.3,856.9,NA,NA,38
1990,6,4,15,-31.4,854.9,NA,NA,35
1990,6,4,18,-29.9,854,NA,NA,35
1990,6,4,21,-29,853.5,NA,NA,47
1990,6,5,0,-30.5,852.6,NA,NA,47
1990,6,5,3,-29.8,852.1,NA,NA,50
1990,6,5,6,-30,851.7,NA,NA,49
1990,6,5,9,-30.5,851.4,NA,NA,48
1990,6,5,12,-31.3,852.6,NA,NA,48
1990,6,5,15,-32,852.9,NA,NA,48
1990,6,5,18,-32.6,853.5,NA,NA,47
1990,6,5,21,-36.4,853.9,NA,NA,43
1990,6,6,0,-37.1,854.6,NA,NA,42
1990,6,6,3,-35.3,854.5,NA,NA,44
1990,6,6,6,-34.5,854.3,NA,NA,44
1990,6,6,9,-35.1,853.6,NA,NA,44
1990,6,6,12,-36.3,852.6,NA,NA,43
1990,6,6,15,-38.4,852.4,NA,NA,42
1990,6,6,18,-39.4,851.1,NA,NA,41
1990,6,6,21,-40.5,850.9,NA,NA,40
1990,6,7,0,-41,850.5,NA,NA,40
1990,6,7,3,-40.9,850.3,NA,NA,40
1990,6,7,6,-42.8,849.9,NA,NA,38
1990,6,7,9,-42.9,849,NA,NA,38
1990,6,7,12,-43.1,849.3,NA,NA,38
1990,6,7,15,-43.1,847.9,NA,NA,38
1990,6,7,18,-42.8,846.5,NA,NA,38
1990,6,7,21,-42.5,844.7,NA,NA,38
1990,6,8,0,-41.4,843.1,NA,NA,39
1990,6,8,3,-40.6,843.2,NA,NA,40
1990,6,8,6,-40.8,843.3,NA,NA,40
1990,6,8,9,-40.5,844.7,NA,NA,40
1990,6,8,12,-40.6,846.4,NA,NA,40
1990,6,8,15,-41.3,849,NA,NA,39
1990,6,8,18,-42.6,852.2,NA,NA,38
1990,6,8,21,-44.3,855.1,NA,NA,37
1990,6,9,0,-45,857.8,NA,NA,37
1990,6,9,3,-45.8,860.2,NA,NA,36
1990,6,9,6,-45.8,862.1,NA,NA,36
1990,6,9,9,-44.5,863.4,NA,NA,37
1990,6,9,12,-43.6,865.5,NA,NA,38
1990,6,9,15,-41.6,865.3,NA,NA,39
1990,6,9,18,-40.1,867,NA,NA,41
1990,6,9,21,-37.4,864.9,NA,NA,43
1990,6,10,0,-36.1,861.7,NA,NA,44
1990,6,10,3,-34.6,858.1,NA,NA,44
1990,6,10,6,-35.8,856,NA,NA,44
1990,6,10,9,-35.9,854.1,NA,NA,43
1990,6,10,12,-37.6,851.3,NA,NA,42
1990,6,10,15,-37.5,848.6,NA,NA,42
1990,6,10,18,-38.8,847,NA,NA,41
1990,6,10,21,-41.6,845.7,NA,NA,39
1990,6,11,0,NA,846.2,NA,NA,37
1990,6,11,3,-46.5,845.3,NA,NA,36
1990,6,11,6,-46.3,845.5,NA,NA,36
1990,6,11,9,-48.1,844.1,NA,NA,34
1990,6,11,12,-49.4,843,NA,NA,33
1990,6,11,15,-49.4,843,NA,NA,33
1990,6,11,18,-49.4,842.5,NA,NA,33
1990,6,11,21,-47.6,841.9,NA,NA,35
1990,6,12,0,NA,841.9,NA,NA,38
1990,6,12,3,NA,840.9,NA,NA,41
1990,6,12,6,NA,839.9,NA,NA,42
1990,6,12,9,-41,839.4,NA,NA,40
1990,6,12,12,-39.3,839.3,NA,NA,41
1990,6,12,15,NA,839.8,NA,NA,44
1990,6,12,18,NA,841.4,NA,NA,45
1990,6,12,21,-31.9,843.5,NA,NA,47
1990,6,13,0,NA,844.7,NA,NA,52
1990,6,13,3,NA,845.2,NA,NA,49
1990,6,13,6,-28.3,848.4,NA,NA,50
1990,6,13,9,NA,850.9,NA,NA,47
1990,6,13,12,NA,853.5,NA,NA,45
1990,6,13,15,-37.8,854.6,NA,NA,42
1990,6,13,18,-38.3,854.8,NA,NA,42
1990,6,13,21,-38.8,853.4,NA,NA,42
1990,6,14,0,-36.4,853.6,NA,NA,43
1990,6,14,3,-37.1,855,NA,NA,43
1990,6,14,6,-38.5,854.4,NA,NA,42
1990,6,14,9,-39.5,854,NA,NA,41
1990,6,14,12,-39.4,852.8,NA,NA,41
1990,6,14,15,-39.3,852.3,NA,NA,41
1990,6,14,18,-39.1,852.3,NA,NA,41
1990,6,14,21,-39.5,851.7,NA,NA,41
1990,6,15,0,-39.3,850.4,NA,NA,42
1990,6,15,3,-38.5,849.5,NA,NA,42
1990,6,15,6,-38.3,849.6,NA,NA,42
1990,6,15,9,-38.3,850.3,NA,NA,42
1990,6,15,12,-39.4,851.5,NA,NA,41
1990,6,15,15,-40.8,853.6,NA,NA,40
1990,6,15,18,-41.5,853.7,NA,NA,39
1990,6,15,21,-41.9,854.6,NA,NA,39
1990,6,16,0,-41.9,854.2,NA,NA,39
1990,6,16,3,-38.9,853.7,NA,NA,39
1990,6,16,6,-38,854.6,NA,NA,42
1990,6,16,9,-38,856.1,NA,NA,42
1990,6,16,12,-36.1,856.8,NA,NA,42
1990,6,16,15,-36.1,857.7,NA,NA,43
1990,6,16,18,-35,858.5,NA,NA,44
1990,6,16,21,NA,NA,NA,NA,NA
1990,6,17,0,-35.4,860.2,NA,NA,44
1990,6,17,3,-34.1,860.2,NA,NA,44
1990,6,17,6,-33.9,861.5,NA,NA,45
1990,6,17,9,-34.8,861.6,NA,NA,45
1990,6,17,12,-36.3,863.1,NA,NA,43
1990,6,17,15,-38.8,863.9,NA,NA,42
1990,6,17,18,-40.4,862.6,NA,NA,40
1990,6,17,21,-41.1,862.4,NA,NA,40
1990,6,18,0,-41.5,861.3,NA,NA,39
1990,6,18,3,-41.3,858.4,NA,NA,40
1990,6,18,6,-40.9,855.8,NA,NA,40
1990,6,18,9,-39.3,852.7,NA,NA,42
1990,6,18,12,-39.9,850.9,NA,NA,41
1990,6,18,15,-39.3,851.6,NA,NA,41
1990,6,18,18,-40.1,852.7,NA,NA,41
1990,6,18,21,-38.9,853.2,NA,NA,42
1990,6,19,0,-37.6,853.6,NA,NA,42
1990,6,19,3,-35.3,853.8,NA,NA,46
1990,6,19,6,-36.9,853.6,NA,NA,43
1990,6,19,9,-32.6,853.3,NA,NA,47
1990,6,19,12,NA,852.4,NA,NA,50
1990,6,19,15,NA,850.9,NA,NA,45
1990,6,19,18,-25.1,848.9,NA,NA,53
1990,6,19,21,-23.4,848.1,NA,NA,51
1990,6,20,0,-26.1,847.9,NA,NA,51
1990,6,20,3,-27.5,847.9,NA,NA,48
1990,6,20,6,-28.1,847.8,NA,NA,47
1990,6,20,9,-27.9,847.1,NA,NA,50
1990,6,20,12,-29.3,846.7,NA,NA,49
1990,6,20,15,NA,846.4,NA,NA,46
1990,6,20,18,NA,847.8,NA,NA,44
1990,6,20,21,-37.4,849.1,NA,NA,43
1990,6,21,0,-38.8,848.4,NA,NA,42
1990,6,21,3,-36.9,849.5,NA,NA,43
1990,6,21,6,-34.3,850.6,NA,NA,46
1990,6,21,9,-35.4,852,NA,NA,44
1990,6,21,12,-35.8,852.4,NA,NA,44
1990,6,21,15,-31.8,852.9,NA,NA,48
1990,6,21,18,-34.4,853,NA,NA,45
1990,6,21,21,-36.4,852.9,NA,NA,43
1990,6,22,0,-37.9,853.5,NA,NA,42
1990,6,22,3,-38,854.3,NA,NA,42
1990,6,22,6,-38.6,855.1,NA,NA,42
1990,6,22,9,-38.6,856,NA,NA,42
1990,6,22,12,-38.4,856.7,NA,NA,42
1990,6,22,15,-38.8,857.1,NA,NA,42
1990,6,22,18,-38.5,857.3,NA,NA,42
1990,6,22,21,-37.9,857,NA,NA,42
1990,6,23,0,-37,857.1,NA,NA,43
1990,6,23,3,-37.8,856.4,NA,NA,42
1990,6,23,6,-37.8,856,NA,NA,42
1990,6,23,9,-36.3,856.1,NA,NA,43
1990,6,23,12,-34.8,855.5,NA,NA,44
1990,6,23,15,-36.1,855.6,NA,NA,43
1990,6,23,18,-37.6,855.7,NA,NA,42
1990,6,23,21,-39,856.1,NA,NA,41
1990,6,24,0,-39.4,856.5,NA,NA,41
1990,6,24,3,-40.4,856.1,NA,NA,40
1990,6,24,6,-39.1,855.9,NA,NA,40
1990,6,24,9,-38.6,856.5,NA,NA,40
1990,6,24,12,-38.8,856.8,NA,NA,41
1990,6,24,15,-38.5,856.5,NA,NA,41
1990,6,24,18,-37.6,856.1,NA,NA,42
1990,6,24,21,-37.6,855.9,NA,NA,42
1990,6,25,0,-37.5,855.5,NA,NA,42
1990,6,25,3,-37.8,854.6,NA,NA,42
1990,6,25,6,-37.9,853.8,NA,NA,42
1990,6,25,9,-38,852.7,NA,NA,42
1990,6,25,12,-38.4,852.4,NA,NA,42
1990,6,25,15,-40,852.2,NA,NA,40
1990,6,25,18,-40.6,852,NA,NA,40
1990,6,25,21,-41.3,851.7,NA,NA,40
1990,6,26,0,-41.3,851.1,NA,NA,39
1990,6,26,3,-40.1,850.7,NA,NA,40
1990,6,26,6,-39.8,850.9,NA,NA,41
1990,6,26,9,-39.5,850.8,NA,NA,41
1990,6,26,12,-38.3,850.4,NA,NA,41
1990,6,26,15,-37.4,851.6,NA,NA,43
1990,6,26,18,-38.3,851.5,NA,NA,42
1990,6,26,21,-38.5,852,NA,NA,42
1990,6,27,0,-38.5,851.7,NA,NA,42
1990,6,27,3,-36.1,852.4,NA,NA,44
1990,6,27,6,-35.8,850.8,NA,NA,45
1990,6,27,9,-38.9,849.9,NA,NA,42
1990,6,27,12,-39.8,848.5,NA,NA,42
1990,6,27,15,-39,847.7,NA,NA,42
1990,6,27,18,-39.9,847.4,NA,NA,41
1990,6,27,21,-39.9,848.1,NA,NA,41
1990,6,28,0,-40.1,849.5,NA,NA,40
1990,6,28,3,-40.5,850.7,NA,NA,39
1990,6,28,6,-39.9,852.8,NA,NA,40
1990,6,28,9,-40.5,854.6,NA,NA,40
1990,6,28,12,-41,856.9,NA,NA,40
1990,6,28,15,-40.8,857.5,NA,NA,40
1990,6,28,18,-40.4,858.1,NA,NA,40
1990,6,28,21,-41.5,858.8,NA,NA,39
1990,6,29,0,-42.3,859.4,NA,NA,39
1990,6,29,3,-43.5,859.8,NA,NA,38
1990,6,29,6,-44.5,860.2,NA,NA,37
1990,6,29,9,-44.9,860.3,NA,NA,37
1990,6,29,12,-45.3,860,NA,NA,37
1990,6,29,15,NA,NA,NA,NA,NA
1990,6,29,18,NA,NA,NA,NA,NA
1990,6,29,21,NA,NA,NA,NA,NA
1990,6,30,0,NA,NA,NA,NA,NA
1990,6,30,3,NA,NA,NA,NA,NA
1990,6,30,6,NA,NA,NA,NA,NA
1990,6,30,9,NA,NA,NA,NA,NA
1990,6,30,12,NA,NA,NA,NA,NA
1990,6,30,15,NA,NA,NA,NA,NA
1990,6,30,18,NA,NA,NA,NA,NA
1990,6,30,21,NA,NA,NA,NA,NA
1990,7,1,0,NA,NA,NA,NA,NA
1990,7,1,3,NA,NA,NA,NA,NA
1990,7,1,6,NA,NA,NA,NA,NA
1990,7,1,9,NA,NA,NA,NA,NA
1990,7,1,12,NA,NA,NA,NA,NA
1990,7,1,15,NA,NA,NA,NA,NA
1990,7,1,18,NA,NA,NA,NA,NA
1990,7,1,21,NA,NA,NA,NA,NA
1990,7,2,0,NA,NA,NA,NA,NA
1990,7,2,3,NA,NA,NA,NA,NA
1990,7,2,6,NA,NA,NA,NA,NA
1990,7,2,9,NA,NA,NA,NA,NA
1990,7,2,12,NA,NA,NA,NA,NA
1990,7,2,15,NA,NA,NA,NA,NA
1990,7,2,18,NA,NA,NA,NA,NA
1990,7,2,21,NA,NA,NA,NA,NA
1990,7,3,0,NA,NA,NA,NA,NA
1990,7,3,3,NA,NA,NA,NA,NA
1990,7,3,6,NA,NA,NA,NA,NA
1990,7,3,9,NA,NA,NA,NA,NA
1990,7,3,12,NA,NA,NA,NA,NA
1990,7,3,15,NA,NA,NA,NA,NA
1990,7,3,18,NA,NA,NA,NA,NA
1990,7,3,21,NA,NA,NA,NA,NA
1990,7,4,0,NA,NA,NA,NA,NA
1990,7,4,3,NA,NA,NA,NA,NA
1990,7,4,6,NA,NA,NA,NA,NA
1990,7,4,9,NA,NA,NA,NA,NA
1990,7,4,12,NA,NA,NA,NA,NA
1990,7,4,15,NA,NA,NA,NA,NA
1990,7,4,18,NA,NA,NA,NA,NA
1990,7,4,21,NA,NA,NA,NA,NA
1990,7,5,0,NA,NA,NA,NA,NA
1990,7,5,3,NA,NA,NA,NA,NA
1990,7,5,6,NA,NA,NA,NA,NA
1990,7,5,9,NA,NA,NA,NA,NA
1990,7,5,12,NA,NA,NA,NA,NA
1990,7,5,15,NA,NA,NA,NA,NA
1990,7,5,18,NA,NA,NA,NA,NA
1990,7,5,21,NA,NA,NA,NA,NA
1990,7,6,0,NA,NA,NA,NA,NA
1990,7,6,3,NA,NA,NA,NA,NA
1990,7,6,6,NA,NA,NA,NA,NA
1990,7,6,9,NA,NA,NA,NA,NA
1990,7,6,12,NA,NA,NA,NA,NA
1990,7,6,15,NA,NA,NA,NA,NA
1990,7,6,18,NA,NA,NA,NA,NA
1990,7,6,21,NA,NA,NA,NA,NA
1990,7,7,0,NA,NA,NA,NA,NA
1990,7,7,3,NA,NA,NA,NA,NA
1990,7,7,6,NA,NA,NA,NA,NA
1990,7,7,9,NA,NA,NA,NA,NA
1990,7,7,12,NA,NA,NA,NA,NA
1990,7,7,15,NA,NA,NA,NA,NA
1990,7,7,18,NA,NA,NA,NA,NA
1990,7,7,21,NA,NA,NA,NA,NA
1990,7,8,0,NA,NA,NA,NA,NA
1990,7,8,3,NA,NA,NA,NA,NA
1990,7,8,6,NA,NA,NA,NA,NA
1990,7,8,9,NA,NA,NA,NA,NA
1990,7,8,12,NA,NA,NA,NA,NA
1990,7,8,15,NA,NA,NA,NA,NA
1990,7,8,18,NA,NA,NA,NA,NA
1990,7,8,21,NA,NA,NA,NA,NA
1990,7,9,0,NA,NA,NA,NA,NA
1990,7,9,3,NA,NA,NA,NA,NA
1990,7,9,6,NA,NA,NA,NA,NA
1990,7,9,9,NA,NA,NA,NA,NA
1990,7,9,12,NA,NA,NA,NA,NA
1990,7,9,15,NA,NA,NA,NA,NA
1990,7,9,18,NA,NA,NA,NA,NA
1990,7,9,21,NA,NA,NA,NA,NA
1990,7,10,0,NA,NA,NA,NA,NA
1990,7,10,3,NA,NA,NA,NA,NA
1990,7,10,6,NA,NA,NA,NA,NA
1990,7,10,9,NA,NA,NA,NA,NA
1990,7,10,12,NA,NA,NA,NA,NA
1990,7,10,15,NA,NA,NA,NA,NA
1990,7,10,18,NA,NA,NA,NA,NA
1990,7,10,21,NA,NA,NA,NA,NA
1990,7,11,0,NA,NA,NA,NA,NA
1990,7,11,3,NA,NA,NA,NA,NA
1990,7,11,6,NA,NA,NA,NA,NA
1990,7,11,9,NA,NA,NA,NA,NA
1990,7,11,12,NA,NA,NA,NA,NA
1990,7,11,15,NA,NA,NA,NA,NA
1990,7,11,18,NA,NA,NA,NA,NA
1990,7,11,21,NA,NA,NA,NA,NA
1990,7,12,0,NA,NA,NA,NA,NA
1990,7,12,3,NA,NA,NA,NA,NA
1990,7,12,6,NA,NA,NA,NA,NA
1990,7,12,9,NA,NA,NA,NA,NA
1990,7,12,12,NA,NA,NA,NA,NA
1990,7,12,15,NA,NA,NA,NA,NA
1990,7,12,18,NA,NA,NA,NA,NA
1990,7,12,21,NA,NA,NA,NA,NA
1990,7,13,0,NA,NA,NA,NA,NA
1990,7,13,3,NA,NA,NA,NA,NA
1990,7,13,6,NA,NA,NA,NA,NA
1990,7,13,9,NA,NA,NA,NA,NA
1990,7,13,12,NA,NA,NA,NA,NA
1990,7,13,15,NA,NA,NA,NA,NA
1990,7,13,18,NA,NA,NA,NA,NA
1990,7,13,21,NA,NA,NA,NA,NA
1990,7,14,0,NA,NA,NA,NA,NA
1990,7,14,3,NA,NA,NA,NA,NA
1990,7,14,6,NA,NA,NA,NA,NA
1990,7,14,9,NA,NA,NA,NA,NA
1990,7,14,12,NA,NA,NA,NA,NA
1990,7,14,15,NA,NA,NA,NA,NA
1990,7,14,18,NA,NA,NA,NA,NA
1990,7,14,21,NA,NA,NA,NA,NA
1990,7,15,0,NA,NA,NA,NA,NA
1990,7,15,3,NA,NA,NA,NA,NA
1990,7,15,6,NA,NA,NA,NA,NA
1990,7,15,9,NA,NA,NA,NA,NA
1990,7,15,12,NA,NA,NA,NA,NA
1990,7,15,15,NA,NA,NA,NA,NA
1990,7,15,18,NA,NA,NA,NA,NA
1990,7,15,21,NA,NA,NA,NA,NA
1990,7,16,0,NA,NA,NA,NA,NA
1990,7,16,3,NA,NA,NA,NA,NA
1990,7,16,6,NA,NA,NA,NA,NA
1990,7,16,9,NA,NA,NA,NA,NA
1990,7,16,12,NA,NA,NA,NA,NA
1990,7,16,15,NA,NA,NA,NA,NA
1990,7,16,18,NA,NA,NA,NA,NA
1990,7,16,21,NA,NA,NA,NA,NA
1990,7,17,0,NA,NA,NA,NA,NA
1990,7,17,3,NA,NA,NA,NA,NA
1990,7,17,6,NA,NA,NA,NA,NA
1990,7,17,9,NA,NA,NA,NA,NA
1990,7,17,12,NA,NA,NA,NA,NA
1990,7,17,15,NA,NA,NA,NA,NA
1990,7,17,18,NA,NA,NA,NA,NA
1990,7,17,21,NA,NA,NA,NA,NA
1990,7,18,0,NA,NA,NA,NA,NA
1990,7,18,3,NA,NA,NA,NA,NA
1990,7,18,6,NA,NA,NA,NA,NA
1990,7,18,9,NA,NA,NA,NA,NA
1990,7,18,12,NA,NA,NA,NA,NA
1990,7,18,15,NA,NA,NA,NA,NA
1990,7,18,18,NA,NA,NA,NA,NA
1990,7,18,21,NA,NA,NA,NA,NA
1990,7,19,0,NA,NA,NA,NA,NA
1990,7,19,3,NA,NA,NA,NA,NA
1990,7,19,6,NA,NA,NA,NA,NA
1990,7,19,9,NA,NA,NA,NA,NA
1990,7,19,12,NA,NA,NA,NA,NA
1990,7,19,15,NA,NA,NA,NA,NA
1990,7,19,18,NA,NA,NA,NA,NA
1990,7,19,21,NA,NA,NA,NA,NA
1990,7,20,0,NA,NA,NA,NA,NA
1990,7,20,3,NA,NA,NA,NA,NA
1990,7,20,6,NA,NA,NA,NA,NA
1990,7,20,9,NA,NA,NA,NA,NA
1990,7,20,12,NA,NA,NA,NA,NA
1990,7,20,15,NA,NA,NA,NA,NA
1990,7,20,18,NA,NA,NA,NA,NA
1990,7,20,21,NA,NA,NA,NA,NA
1990,7,21,0,NA,NA,NA,NA,NA
1990,7,21,3,NA,NA,NA,NA,NA
1990,7,21,6,NA,NA,NA,NA,NA
1990,7,21,9,NA,NA,NA,NA,NA
1990,7,21,12,NA,NA,NA,NA,NA
1990,7,21,15,NA,NA,NA,NA,NA
1990,7,21,18,NA,NA,NA,NA,NA
1990,7,21,21,NA,NA,NA,NA,NA
1990,7,22,0,NA,NA,NA,NA,NA
1990,7,22,3,NA,NA,NA,NA,NA
1990,7,22,6,NA,NA,NA,NA,NA
1990,7,22,9,NA,NA,NA,NA,NA
1990,7,22,12,NA,NA,NA,NA,NA
1990,7,22,15,NA,NA,NA,NA,NA
1990,7,22,18,NA,NA,NA,NA,NA
1990,7,22,21,NA,NA,NA,NA,NA
1990,7,23,0,NA,NA,NA,NA,NA
1990,7,23,3,NA,NA,NA,NA,NA
1990,7,23,6,NA,NA,NA,NA,NA
1990,7,23,9,NA,NA,NA,NA,NA
1990,7,23,12,NA,NA,NA,NA,NA
1990,7,23,15,NA,NA,NA,NA,NA
1990,7,23,18,NA,NA,NA,NA,NA
1990,7,23,21,NA,NA,NA,NA,NA
1990,7,24,0,NA,NA,NA,NA,NA
1990,7,24,3,NA,NA,NA,NA,NA
1990,7,24,6,NA,NA,NA,NA,NA
1990,7,24,9,NA,NA,NA,NA,NA
1990,7,24,12,NA,NA,NA,NA,NA
1990,7,24,15,NA,NA,NA,NA,NA
1990,7,24,18,NA,NA,NA,NA,NA
1990,7,24,21,NA,NA,NA,NA,NA
1990,7,25,0,NA,NA,NA,NA,NA
1990,7,25,3,NA,NA,NA,NA,NA
1990,7,25,6,NA,NA,NA,NA,NA
1990,7,25,9,NA,NA,NA,NA,NA
1990,7,25,12,NA,NA,NA,NA,NA
1990,7,25,15,NA,NA,NA,NA,NA
1990,7,25,18,NA,NA,NA,NA,NA
1990,7,25,21,NA,NA,NA,NA,NA
1990,7,26,0,NA,NA,NA,NA,NA
1990,7,26,3,NA,NA,NA,NA,NA
1990,7,26,6,NA,NA,NA,NA,NA
1990,7,26,9,NA,NA,NA,NA,NA
1990,7,26,12,NA,NA,NA,NA,NA
1990,7,26,15,NA,NA,NA,NA,NA
1990,7,26,18,NA,NA,NA,NA,NA
1990,7,26,21,NA,NA,NA,NA,NA
1990,7,27,0,NA,NA,NA,NA,NA
1990,7,27,3,NA,NA,NA,NA,NA
1990,7,27,6,NA,NA,NA,NA,NA
1990,7,27,9,NA,NA,NA,NA,NA
1990,7,27,12,NA,NA,NA,NA,NA
1990,7,27,15,NA,NA,NA,NA,NA
1990,7,27,18,NA,NA,NA,NA,NA
1990,7,27,21,NA,NA,NA,NA,NA
1990,7,28,0,NA,NA,NA,NA,NA
1990,7,28,3,NA,NA,NA,NA,NA
1990,7,28,6,NA,NA,NA,NA,NA
1990,7,28,9,NA,NA,NA,NA,NA
1990,7,28,12,NA,NA,NA,NA,NA
1990,7,28,15,NA,NA,NA,NA,NA
1990,7,28,18,NA,NA,NA,NA,NA
1990,7,28,21,NA,NA,NA,NA,NA
1990,7,29,0,NA,NA,NA,NA,NA
1990,7,29,3,NA,NA,NA,NA,NA
1990,7,29,6,NA,NA,NA,NA,NA
1990,7,29,9,NA,NA,NA,NA,NA
1990,7,29,12,NA,NA,NA,NA,NA
1990,7,29,15,NA,NA,NA,NA,NA
1990,7,29,18,NA,NA,NA,NA,NA
1990,7,29,21,NA,NA,NA,NA,NA
1990,7,30,0,NA,NA,NA,NA,NA
1990,7,30,3,NA,NA,NA,NA,NA
1990,7,30,6,NA,NA,NA,NA,NA
1990,7,30,9,NA,NA,NA,NA,NA
1990,7,30,12,NA,NA,NA,NA,NA
1990,7,30,15,NA,NA,NA,NA,NA
1990,7,30,18,NA,NA,NA,NA,NA
1990,7,30,21,NA,NA,NA,NA,NA
1990,7,31,0,NA,NA,NA,NA,NA
1990,7,31,3,NA,NA,NA,NA,NA
1990,7,31,6,NA,NA,NA,NA,NA
1990,7,31,9,NA,NA,NA,NA,NA
1990,7,31,12,NA,NA,NA,NA,NA
1990,7,31,15,NA,NA,NA,NA,NA
1990,7,31,18,NA,NA,NA,NA,NA
1990,7,31,21,NA,NA,NA,NA,NA
1990,8,1,0,NA,NA,NA,NA,NA
1990,8,1,3,NA,NA,NA,NA,NA
1990,8,1,6,NA,NA,NA,NA,NA
1990,8,1,9,NA,NA,NA,NA,NA
1990,8,1,12,NA,NA,NA,NA,NA
1990,8,1,15,NA,NA,NA,NA,NA
1990,8,1,18,NA,NA,NA,NA,NA
1990,8,1,21,NA,NA,NA,NA,NA
1990,8,2,0,NA,NA,NA,NA,NA
1990,8,2,3,NA,NA,NA,NA,NA
1990,8,2,6,NA,NA,NA,NA,NA
1990,8,2,9,NA,NA,NA,NA,NA
1990,8,2,12,NA,NA,NA,NA,NA
1990,8,2,15,NA,NA,NA,NA,NA
1990,8,2,18,NA,NA,NA,NA,NA
1990,8,2,21,NA,NA,NA,NA,NA
1990,8,3,0,NA,NA,NA,NA,NA
1990,8,3,3,NA,NA,NA,NA,NA
1990,8,3,6,NA,NA,NA,NA,NA
1990,8,3,9,NA,NA,NA,NA,NA
1990,8,3,12,NA,NA,NA,NA,NA
1990,8,3,15,NA,NA,NA,NA,NA
1990,8,3,18,NA,NA,NA,NA,NA
1990,8,3,21,NA,NA,NA,NA,NA
1990,8,4,0,NA,NA,NA,NA,NA
1990,8,4,3,NA,NA,NA,NA,NA
1990,8,4,6,NA,NA,NA,NA,NA
1990,8,4,9,NA,NA,NA,NA,NA
1990,8,4,12,NA,NA,NA,NA,NA
1990,8,4,15,NA,NA,NA,NA,NA
1990,8,4,18,NA,NA,NA,NA,NA
1990,8,4,21,NA,NA,NA,NA,NA
1990,8,5,0,NA,NA,NA,NA,NA
1990,8,5,3,NA,NA,NA,NA,NA
1990,8,5,6,NA,NA,NA,NA,NA
1990,8,5,9,NA,NA,NA,NA,NA
1990,8,5,12,NA,NA,NA,NA,NA
1990,8,5,15,NA,NA,NA,NA,NA
1990,8,5,18,NA,NA,NA,NA,NA
1990,8,5,21,NA,NA,NA,NA,NA
1990,8,6,0,NA,NA,NA,NA,NA
1990,8,6,3,NA,NA,NA,NA,NA
1990,8,6,6,NA,NA,NA,NA,NA
1990,8,6,9,NA,NA,NA,NA,NA
1990,8,6,12,NA,NA,NA,NA,NA
1990,8,6,15,NA,NA,NA,NA,NA
1990,8,6,18,NA,NA,NA,NA,NA
1990,8,6,21,NA,NA,NA,NA,NA
1990,8,7,0,NA,NA,NA,NA,NA
1990,8,7,3,NA,NA,NA,NA,NA
1990,8,7,6,NA,NA,NA,NA,NA
1990,8,7,9,NA,NA,NA,NA,NA
1990,8,7,12,NA,NA,NA,NA,NA
1990,8,7,15,NA,NA,NA,NA,NA
1990,8,7,18,NA,NA,NA,NA,NA
1990,8,7,21,NA,NA,NA,NA,NA
1990,8,8,0,NA,NA,NA,NA,NA
1990,8,8,3,NA,NA,NA,NA,NA
1990,8,8,6,NA,NA,NA,NA,NA
1990,8,8,9,NA,NA,NA,NA,NA
1990,8,8,12,NA,NA,NA,NA,NA
1990,8,8,15,NA,NA,NA,NA,NA
1990,8,8,18,NA,NA,NA,NA,NA
1990,8,8,21,NA,NA,NA,NA,NA
1990,8,9,0,NA,NA,NA,NA,NA
1990,8,9,3,NA,NA,NA,NA,NA
1990,8,9,6,NA,NA,NA,NA,NA
1990,8,9,9,NA,NA,NA,NA,NA
1990,8,9,12,NA,NA,NA,NA,NA
1990,8,9,15,NA,NA,NA,NA,NA
1990,8,9,18,NA,NA,NA,NA,NA
1990,8,9,21,NA,NA,NA,NA,NA
1990,8,10,0,NA,NA,NA,NA,NA
1990,8,10,3,NA,NA,NA,NA,NA
1990,8,10,6,NA,NA,NA,NA,NA
1990,8,10,9,NA,NA,NA,NA,NA
1990,8,10,12,NA,NA,NA,NA,NA
1990,8,10,15,NA,NA,NA,NA,NA
1990,8,10,18,NA,NA,NA,NA,NA
1990,8,10,21,NA,NA,NA,NA,NA
1990,8,11,0,NA,NA,NA,NA,NA
1990,8,11,3,NA,NA,NA,NA,NA
1990,8,11,6,NA,NA,NA,NA,NA
1990,8,11,9,NA,NA,NA,NA,NA
1990,8,11,12,NA,NA,NA,NA,NA
1990,8,11,15,NA,NA,NA,NA,NA
1990,8,11,18,NA,NA,NA,NA,NA
1990,8,11,21,NA,NA,NA,NA,NA
1990,8,12,0,NA,NA,NA,NA,NA
1990,8,12,3,NA,NA,NA,NA,NA
1990,8,12,6,NA,NA,NA,NA,NA
1990,8,12,9,NA,NA,NA,NA,NA
1990,8,12,12,NA,NA,NA,NA,NA
1990,8,12,15,NA,NA,NA,NA,NA
1990,8,12,18,NA,NA,NA,NA,NA
1990,8,12,21,NA,NA,NA,NA,NA
1990,8,13,0,NA,NA,NA,NA,NA
1990,8,13,3,NA,NA,NA,NA,NA
1990,8,13,6,NA,NA,NA,NA,NA
1990,8,13,9,NA,NA,NA,NA,NA
1990,8,13,12,NA,NA,NA,NA,NA
1990,8,13,15,NA,NA,NA,NA,NA
1990,8,13,18,NA,NA,NA,NA,NA
1990,8,13,21,NA,NA,NA,NA,NA
1990,8,14,0,NA,NA,NA,NA,NA
1990,8,14,3,NA,NA,NA,NA,NA
1990,8,14,6,NA,NA,NA,NA,NA
1990,8,14,9,-34.6,855.2,NA,NA,45
1990,8,14,12,-35.4,853.6,NA,NA,44
1990,8,14,15,-34.4,853.4,NA,NA,46
1990,8,14,18,-35.5,857,NA,NA,46
1990,8,14,21,-35.9,860.2,NA,NA,45
1990,8,15,0,-34,861.5,NA,NA,46
1990,8,15,3,-33.9,863.1,NA,NA,46
1990,8,15,6,-32.3,862.1,NA,NA,48
1990,8,15,9,-30.5,861,NA,NA,48
1990,8,15,12,NA,NA,NA,NA,NA
1990,8,15,15,NA,NA,NA,NA,NA
1990,8,15,18,NA,NA,NA,NA,NA
1990,8,15,21,NA,NA,NA,NA,NA
1990,8,16,0,-29.9,857.7,NA,NA,49
1990,8,16,3,-28.3,857.1,NA,NA,50
1990,8,16,6,-29.9,854.8,NA,NA,49
1990,8,16,9,-29.1,856.5,NA,NA,51
1990,8,16,12,-29.6,853,NA,NA,49
1990,8,16,15,-31.4,851.6,NA,NA,48
1990,8,16,18,-32.4,849.7,NA,NA,47
1990,8,16,21,-33.4,848.1,NA,NA,46
1990,8,17,0,-32.9,846.3,NA,NA,46
1990,8,17,3,-33.5,846.4,NA,NA,45
1990,8,17,6,-33.9,845,NA,NA,42
1990,8,17,9,-34.6,845.6,NA,NA,41
1990,8,17,12,-33.5,846.8,NA,NA,43
1990,8,17,15,-34.5,848,NA,NA,44
1990,8,17,18,-37.5,849,NA,NA,42
1990,8,17,21,-38.9,850.1,NA,NA,41
1990,8,18,0,-39.8,851,NA,NA,41
1990,8,18,3,-39.8,851.6,NA,NA,41
1990,8,18,6,-40.6,852.5,NA,NA,40
1990,8,18,9,-40.6,853.1,NA,NA,40
1990,8,18,12,-39.1,854.1,NA,NA,42
1990,8,18,15,-40.6,854.2,NA,NA,40
1990,8,18,18,-39.9,854,NA,NA,41
1990,8,18,21,-39.9,853.4,NA,NA,39
1990,8,19,0,-39.1,853.4,NA,NA,41
1990,8,19,3,-38,853.2,NA,NA,36
1990,8,19,6,-39.1,852.4,NA,NA,40
1990,8,19,9,-39.3,851.9,NA,NA,38
1990,8,19,12,-39.3,852.3,NA,NA,38
1990,8,19,15,-38.8,851.7,NA,NA,40
1990,8,19,18,-38.1,851.3,NA,NA,36
1990,8,19,21,-36.3,850.3,NA,NA,42
1990,8,20,0,-38.1,850.3,NA,NA,41
1990,8,20,3,NA,850.6,NA,NA,38
1990,8,20,6,-42.6,851.6,NA,NA,38
1990,8,20,9,-40.9,852.4,NA,NA,40
1990,8,20,12,-39.9,851.6,NA,NA,41
1990,8,20,15,-38.5,850.8,NA,NA,42
1990,8,20,18,-38.3,849.4,NA,NA,42
1990,8,20,21,-38,850.1,NA,NA,42
1990,8,21,0,-38.4,849,NA,NA,42
1990,8,21,3,-38.3,847.5,NA,NA,41
1990,8,21,6,-40.1,845.9,NA,NA,40
1990,8,21,9,-40.4,844.4,NA,NA,39
1990,8,21,12,-39.4,843.3,NA,NA,40
1990,8,21,15,-38.9,841.2,NA,NA,40
1990,8,21,18,-38.9,840.3,NA,NA,41
1990,8,21,21,-39.3,840.5,NA,NA,36
1990,8,22,0,-38.5,842.8,NA,NA,38
1990,8,22,3,-38.5,845.3,NA,NA,42
1990,8,22,6,-38.9,847.7,NA,NA,41
1990,8,22,9,-38.3,850.3,NA,NA,42
1990,8,22,12,-39.3,851.2,NA,NA,41
1990,8,22,15,-37.4,852.9,NA,NA,42
1990,8,22,18,-36.3,853.8,NA,NA,42
1990,8,22,21,-34.4,853.3,NA,NA,42
1990,8,23,0,-33.3,851.8,NA,NA,44
1990,8,23,3,-32.4,848.3,NA,NA,32
1990,8,23,6,-33.8,846.7,NA,NA,33
1990,8,23,9,-35.9,846.4,NA,NA,36
1990,8,23,12,-37,848.1,NA,NA,42
1990,8,23,15,-36.4,845.3,NA,NA,32
1990,8,23,18,-37.1,846.3,NA,NA,38
1990,8,23,21,NA,NA,NA,NA,NA
1990,8,24,0,-44.6,844.8,NA,NA,37
1990,8,24,3,-45.5,850.2,NA,NA,37
1990,8,24,6,-46,848.2,NA,NA,36
1990,8,24,9,-46.3,848.3,NA,NA,36
1990,8,24,12,-46.4,848.5,NA,NA,36
1990,8,24,15,-45,848.1,NA,NA,37
1990,8,24,18,-44.8,848.2,NA,NA,37
1990,8,24,21,-44.3,847.7,NA,NA,37
1990,8,25,0,-42.6,846.9,NA,NA,39
1990,8,25,3,-41.8,846.5,NA,NA,39
1990,8,25,6,-43.9,846.2,NA,NA,37
1990,8,25,9,-41.6,846.8,NA,NA,40
1990,8,25,12,-40.9,847.7,NA,NA,40
1990,8,25,15,-42.4,848.9,NA,NA,39
1990,8,25,18,-44.3,849.6,NA,NA,37
1990,8,25,21,-45.4,850,NA,NA,36
1990,8,26,0,-45.6,850.7,NA,NA,36
1990,8,26,3,-45.8,851.9,NA,NA,36
1990,8,26,6,-46.4,852.6,NA,NA,36
1990,8,26,9,-47.1,853.4,NA,NA,35
1990,8,26,12,-48,853.4,NA,NA,34
1990,8,26,15,-48.9,853.1,NA,NA,34
1990,8,26,18,-49.3,852.4,NA,NA,33
1990,8,26,21,-49.4,852.3,NA,NA,33
1990,8,27,0,-48,851.8,NA,NA,34
1990,8,27,3,-46.9,851.5,NA,NA,34
1990,8,27,6,-47.1,851.5,NA,NA,35
1990,8,27,9,-46.9,853.5,NA,NA,35
1990,8,27,12,-48,854.5,NA,NA,34
1990,8,27,15,-47.8,855.5,NA,NA,34
1990,8,27,18,-47.1,856.1,NA,NA,35
1990,8,27,21,-46.6,856.5,NA,NA,35
1990,8,28,0,-45.9,857.1,NA,NA,36
1990,8,28,3,-44.5,856.1,NA,NA,37
1990,8,28,6,-45.3,855.3,NA,NA,36
1990,8,28,9,-42.4,854,NA,NA,38
1990,8,28,12,-41.9,853.7,NA,NA,39
1990,8,28,15,-43.3,852.2,NA,NA,38
1990,8,28,18,-41.9,852.3,NA,NA,37
1990,8,28,21,-44.9,853.3,NA,NA,37
1990,8,29,0,-45.3,855.2,NA,NA,34
1990,8,29,3,-46.1,857,NA,NA,32
1990,8,29,6,-44.6,856.8,NA,NA,35
1990,8,29,9,-45.8,857.9,NA,NA,36
1990,8,29,12,-44.6,858.1,NA,NA,36
1990,8,29,15,-44.9,857.7,NA,NA,35
1990,8,29,18,-44.8,856.9,NA,NA,37
1990,8,29,21,-45.5,856.3,NA,NA,35
1990,8,30,0,-42.4,854.4,NA,NA,38
1990,8,30,3,NA,853.1,NA,NA,38
1990,8,30,6,-40.9,851.9,NA,NA,39
1990,8,30,9,-40.9,851.4,NA,NA,39
1990,8,30,12,-40.9,850.1,NA,NA,39
1990,8,30,15,-41.6,849.8,NA,NA,38
1990,8,30,18,-42.9,849.7,NA,NA,36
1990,8,30,21,-43,850,NA,NA,37
1990,8,31,0,-40.6,850.4,NA,NA,39
1990,8,31,3,-38.4,851,NA,NA,41
1990,8,31,6,-35.8,851.9,NA,NA,44
1990,8,31,9,-34.4,853.2,NA,NA,44
1990,8,31,12,-33.5,855.6,NA,NA,44
1990,8,31,15,-38,858.5,NA,NA,42
1990,8,31,18,NA,861.7,NA,NA,39
1990,8,31,21,-42.1,863.7,NA,NA,39
1990,9,1,0,-39.9,865.3,NA,NA,41
1990,9,1,3,-40,866.6,NA,NA,41
1990,9,1,6,-39.1,867.9,NA,NA,42
1990,9,1,9,-36.9,868.6,NA,NA,43
1990,9,1,12,-36.4,867.7,NA,NA,43
1990,9,1,15,-38.4,866.7,NA,NA,42
1990,9,1,18,-37.8,865.9,NA,NA,42
1990,9,1,21,-37.1,864.2,NA,NA,43
1990,9,2,0,-34.6,861.9,NA,NA,44
1990,9,2,3,NA,859.8,NA,NA,46
1990,9,2,6,-31,856.7,NA,NA,45
1990,9,2,9,-30.3,854.3,NA,NA,44
1990,9,2,12,-31.8,852.3,NA,NA,42
1990,9,2,15,-31.5,850.1,NA,NA,41
1990,9,2,18,-31.6,848,NA,NA,40
1990,9,2,21,-31.4,846.9,NA,NA,37
1990,9,3,0,-33,846.6,NA,NA,42
1990,9,3,3,-33.1,846.6,NA,NA,44
1990,9,3,6,-34.6,846.3,NA,NA,39
1990,9,3,9,-35.4,847.2,NA,NA,39
1990,9,3,12,-35.1,848.5,NA,NA,40
1990,9,3,15,-35.3,849.3,NA,NA,37
1990,9,3,18,-33.6,849.7,NA,NA,42
1990,9,3,21,-36.1,850,NA,NA,38
1990,9,4,0,-36.4,849.5,NA,NA,35
1990,9,4,3,-35.4,849.3,NA,NA,35
1990,9,4,6,-32.3,848.5,NA,NA,45
1990,9,4,9,NA,847.5,NA,NA,40
1990,9,4,12,-33.1,849.9,NA,NA,37
1990,9,4,15,-30.4,851.3,NA,NA,41
1990,9,4,18,-34.1,851,NA,NA,43
1990,9,4,21,NA,850.9,NA,NA,43
1990,9,5,0,-35.9,850.1,NA,NA,38
1990,9,5,3,-35,849.5,NA,NA,32
1990,9,5,6,-34.8,848,NA,NA,33
1990,9,5,9,-33.5,846.6,NA,NA,37
1990,9,5,12,-31.8,845.7,NA,NA,36
1990,9,5,15,-31.4,845.6,NA,NA,36
1990,9,5,18,-31.4,845.3,NA,NA,38
1990,9,5,21,-31.4,845.7,NA,NA,40
1990,9,6,0,-30.9,845.6,NA,NA,37
1990,9,6,3,-29.9,845.3,NA,NA,40
1990,9,6,6,-30,845.2,NA,NA,43
1990,9,6,9,-31.3,844.9,NA,NA,40
1990,9,6,12,-33.1,844.5,NA,NA,38
1990,9,6,15,-33.4,844.1,NA,NA,41
1990,9,6,18,-33.1,843.8,NA,NA,41
1990,9,6,21,-33,844.2,NA,NA,36
1990,9,7,0,-33.1,843.9,NA,NA,43
1990,9,7,3,-32.3,844.1,NA,NA,47
1990,9,7,6,-31.1,844.3,NA,NA,46
1990,9,7,9,-31,844.7,NA,NA,45
1990,9,7,12,-34.1,845.3,NA,NA,45
1990,9,7,15,NA,NA,NA,NA,NA
1990,9,7,18,-33.5,844,4,282,47
1990,9,7,21,NA,NA,NA,NA,NA
1990,9,8,0,NA,NA,NA,NA,NA
1990,9,8,3,NA,NA,NA,NA,NA
1990,9,8,6,-32,829.4,3.7,281,48
1990,9,8,9,NA,NA,NA,NA,NA
1990,9,8,12,-33.8,835.1,2.5,282,46
1990,9,8,15,NA,NA,NA,NA,NA
1990,9,8,18,-33.9,839.3,3,278,45
1990,9,8,21,-34.5,842.7,2.5,278,45
1990,9,9,0,-32.8,844.9,1.7,316,47
1990,9,9,3,-31.6,844.7,3.7,296,45
1990,9,9,6,-31.8,846.4,2.7,310,46
1990,9,9,9,NA,NA,NA,NA,NA
1990,9,9,12,NA,NA,NA,NA,NA
1990,9,9,15,NA,NA,NA,NA,29
1990,9,9,18,NA,NA,NA,NA,28
1990,9,9,21,NA,NA,NA,NA,28
1990,9,10,0,NA,NA,NA,NA,NA
1990,9,10,3,NA,NA,NA,NA,NA
1990,9,10,6,NA,NA,NA,NA,NA
1990,9,10,9,NA,NA,NA,NA,NA
1990,9,10,12,NA,NA,NA,NA,NA
1990,9,10,15,NA,NA,NA,NA,NA
1990,9,10,18,NA,NA,NA,NA,NA
1990,9,10,21,NA,NA,NA,NA,NA
1990,9,11,0,NA,NA,NA,NA,NA
1990,9,11,3,NA,NA,NA,NA,NA
1990,9,11,6,NA,NA,NA,NA,NA
1990,9,11,9,NA,NA,NA,NA,NA
1990,9,11,12,NA,NA,NA,NA,NA
1990,9,11,15,NA,NA,NA,NA,NA
1990,9,11,18,NA,NA,NA,NA,NA
1990,9,11,21,NA,NA,NA,NA,NA
1990,9,12,0,NA,NA,NA,NA,NA
1990,9,12,3,NA,NA,NA,NA,NA
1990,9,12,6,NA,NA,NA,NA,NA
1990,9,12,9,NA,NA,NA,NA,NA
1990,9,12,12,NA,NA,NA,NA,NA
1990,9,12,15,NA,NA,NA,NA,NA
1990,9,12,18,NA,NA,NA,NA,NA
1990,9,12,21,NA,NA,NA,NA,NA
1990,9,13,0,NA,NA,NA,NA,NA
1990,9,13,3,NA,NA,NA,NA,NA
1990,9,13,6,NA,NA,NA,NA,NA
1990,9,13,9,NA,NA,NA,NA,NA
1990,9,13,12,NA,NA,NA,NA,NA
1990,9,13,15,NA,NA,NA,NA,NA
1990,9,13,18,NA,NA,NA,NA,NA
1990,9,13,21,NA,NA,NA,NA,NA
1990,9,14,0,NA,NA,NA,NA,NA
1990,9,14,3,NA,NA,NA,NA,NA
1990,9,14,6,NA,NA,NA,NA,NA
1990,9,14,9,NA,NA,NA,NA,NA
1990,9,14,12,NA,NA,NA,NA,NA
1990,9,14,15,NA,NA,NA,NA,NA
1990,9,14,18,NA,NA,NA,NA,NA
1990,9,14,21,NA,NA,NA,NA,NA
1990,9,15,0,NA,NA,NA,NA,NA
1990,9,15,3,NA,NA,NA,NA,NA
1990,9,15,6,NA,NA,NA,NA,NA
1990,9,15,9,NA,NA,NA,NA,NA
1990,9,15,12,NA,NA,NA,NA,NA
1990,9,15,15,NA,NA,NA,NA,NA
1990,9,15,18,NA,NA,NA,NA,NA
1990,9,15,21,NA,NA,NA,NA,NA
1990,9,16,0,NA,NA,NA,NA,NA
1990,9,16,3,NA,NA,NA,NA,NA
1990,9,16,6,NA,NA,NA,NA,NA
1990,9,16,9,NA,NA,NA,NA,NA
1990,9,16,12,NA,NA,NA,NA,NA
1990,9,16,15,NA,NA,NA,NA,NA
1990,9,16,18,NA,NA,NA,NA,NA
1990,9,16,21,NA,NA,NA,NA,NA
1990,9,17,0,NA,NA,NA,NA,NA
1990,9,17,3,NA,NA,NA,NA,NA
1990,9,17,6,NA,NA,NA,NA,NA
1990,9,17,9,NA,NA,NA,NA,NA
1990,9,17,12,NA,NA,NA,NA,NA
1990,9,17,15,NA,NA,NA,NA,NA
1990,9,17,18,NA,NA,NA,NA,NA
1990,9,17,21,NA,NA,NA,NA,NA
1990,9,18,0,NA,NA,NA,NA,NA
1990,9,18,3,NA,NA,NA,NA,NA
1990,9,18,6,NA,NA,NA,NA,NA
1990,9,18,9,NA,NA,NA,NA,NA
1990,9,18,12,NA,NA,NA,NA,NA
1990,9,18,15,NA,NA,NA,NA,NA
1990,9,18,18,NA,NA,NA,NA,NA
1990,9,18,21,NA,NA,NA,NA,NA
1990,9,19,0,NA,NA,NA,NA,NA
1990,9,19,3,NA,NA,NA,NA,NA
1990,9,19,6,NA,NA,NA,NA,NA
1990,9,19,9,NA,NA,NA,NA,NA
1990,9,19,12,NA,NA,NA,NA,NA
1990,9,19,15,NA,NA,NA,NA,NA
1990,9,19,18,NA,NA,NA,NA,NA
1990,9,19,21,NA,NA,NA,NA,NA
1990,9,20,0,NA,NA,NA,NA,NA
1990,9,20,3,NA,NA,NA,NA,NA
1990,9,20,6,NA,NA,NA,NA,NA
1990,9,20,9,NA,NA,NA,NA,NA
1990,9,20,12,NA,NA,NA,NA,NA
1990,9,20,15,NA,NA,NA,NA,NA
1990,9,20,18,NA,NA,NA,NA,NA
1990,9,20,21,NA,NA,NA,NA,NA
1990,9,21,0,NA,NA,NA,NA,NA
1990,9,21,3,NA,NA,NA,NA,NA
1990,9,21,6,NA,NA,NA,NA,NA
1990,9,21,9,NA,NA,NA,NA,NA
1990,9,21,12,NA,NA,NA,NA,NA
1990,9,21,15,NA,NA,NA,NA,NA
1990,9,21,18,-42.3,842.4,3,323,38
1990,9,21,21,-39.8,842.3,3.5,320,41
1990,9,22,0,-37.5,842.6,3,320,42
1990,9,22,3,-36.1,842.8,2.7,319,37
1990,9,22,6,-38.9,842.9,2.5,295,40
1990,9,22,9,-40.4,843.5,2.7,295,39
1990,9,22,12,-42.5,842.5,4,295,38
1990,9,22,15,-43.6,841.3,3.7,320,37
1990,9,22,18,-44,840.1,4.4,326,37
1990,9,22,21,-43.3,838.7,4.2,321,37
1990,9,23,0,-42.6,837.9,3.7,327,38
1990,9,23,3,-42.1,836.9,5.7,327,38
1990,9,23,6,-42.4,836,4.9,328,38
1990,9,23,9,-43.5,834.5,5.4,328,37
1990,9,23,12,-44.5,832.3,4.7,324,37
1990,9,23,15,-43.5,830.8,5.2,313,37
1990,9,23,18,-43.8,829.6,NA,NA,37
1990,9,23,21,-42.6,828.7,NA,NA,38
1990,9,24,0,-41.6,829,NA,NA,38
1990,9,24,3,-41.3,829.3,NA,NA,38
1990,9,24,6,-42.5,829,NA,NA,38
1990,9,24,9,-44,828.9,NA,NA,37
1990,9,24,12,-44.9,828.7,NA,NA,37
1990,9,24,15,-43.5,828.3,NA,NA,37
1990,9,24,18,-40.4,828.7,NA,NA,40
1990,9,24,21,-40.9,830.5,NA,NA,39
1990,9,25,0,-40.6,832.2,NA,NA,39
1990,9,25,3,-41.1,833.1,NA,NA,39
1990,9,25,6,-41.1,834,NA,NA,39
1990,9,25,9,-41.3,836.7,NA,NA,39
1990,9,25,12,-41.5,837.6,4.9,321,39
1990,9,25,15,-43.6,837.6,4.9,312,37
1990,9,25,18,NA,NA,NA,NA,NA
1990,9,25,21,NA,NA,NA,NA,NA
1990,9,26,0,NA,NA,NA,NA,NA
1990,9,26,3,NA,NA,NA,NA,NA
1990,9,26,6,NA,NA,NA,NA,NA
1990,9,26,9,NA,NA,NA,NA,NA
1990,9,26,12,NA,NA,NA,NA,NA
1990,9,26,15,NA,NA,NA,NA,NA
1990,9,26,18,NA,NA,NA,NA,NA
1990,9,26,21,NA,NA,NA,NA,NA
1990,9,27,0,-36,839,NA,NA,NA
1990,9,27,3,-35.4,834.5,NA,NA,37
1990,9,27,6,-32.9,834.7,NA,NA,33
1990,9,27,9,-32.8,834.6,NA,NA,38
1990,9,27,12,-33,834.3,NA,NA,42
1990,9,27,15,-31.8,834.2,NA,NA,47
1990,9,27,18,-29.3,833.5,NA,NA,48
1990,9,27,21,-28,833.8,NA,NA,50
1990,9,28,0,-26.1,834.6,NA,NA,51
1990,9,28,3,-23.8,835,NA,NA,46
1990,9,28,6,NA,835,NA,NA,48
1990,9,28,9,-21.9,835.4,NA,NA,55
1990,9,28,12,-20.9,834.8,NA,NA,56
1990,9,28,15,-20.6,834.3,NA,NA,54
1990,9,28,18,-22.1,833.9,NA,NA,54
1990,9,28,21,-19.5,836.2,NA,NA,47
1990,9,29,0,-20.6,836.9,NA,NA,50
1990,9,29,3,-22.4,838.2,NA,NA,50
1990,9,29,6,-25,839.3,NA,NA,49
1990,9,29,9,NA,841.2,NA,NA,50
1990,9,29,12,NA,841.6,NA,NA,48
1990,9,29,15,-30.3,843.3,NA,NA,48
1990,9,29,18,-33.5,843.5,NA,NA,46
1990,9,29,21,-32.3,843.4,NA,NA,47
1990,9,30,0,NA,842.6,NA,NA,49
1990,9,30,3,-29.9,841.7,NA,NA,48
1990,9,30,6,-32.8,843.2,NA,NA,47
1990,9,30,9,NA,843.6,NA,NA,45
1990,9,30,12,-36.4,843.5,NA,NA,44
1990,9,30,15,-36.8,843.8,NA,NA,43
1990,9,30,18,-34.4,844.3,NA,NA,45
1990,9,30,21,-34.8,845.8,NA,NA,45
1990,10,1,0,-32.1,846.2,NA,NA,45
1990,10,1,3,-31.5,845.8,NA,NA,45
1990,10,1,6,-32.3,845.4,NA,NA,45
1990,10,1,9,-34.5,845.3,NA,NA,45
1990,10,1,12,-36.4,844.4,NA,NA,43
1990,10,1,15,-38.1,843.6,NA,NA,42
1990,10,1,18,-38.9,843.1,NA,NA,42
1990,10,1,21,-38.8,841.8,NA,NA,41
1990,10,2,0,-36.9,841.4,NA,NA,42
1990,10,2,3,-35.4,841,NA,NA,42
1990,10,2,6,-36.1,840.4,NA,NA,42
1990,10,2,9,-38.1,840.9,NA,NA,41
1990,10,2,12,-38.9,841.4,NA,NA,41
1990,10,2,15,-39.1,842.5,NA,NA,40
1990,10,2,18,-37,843,NA,NA,42
1990,10,2,21,-35.6,843.8,NA,NA,40
1990,10,3,0,NA,844.5,NA,NA,38
1990,10,3,3,NA,844.7,NA,NA,34
1990,10,3,6,-31,844.5,NA,NA,40
1990,10,3,9,NA,844.6,NA,NA,41
1990,10,3,12,-35.8,844.1,NA,NA,43
1990,10,3,15,-35.9,843.3,NA,NA,43
1990,10,3,18,-35.3,842.9,NA,NA,44
1990,10,3,21,-33.3,842.8,NA,NA,44
1990,10,4,0,-31.1,842.2,NA,NA,42
1990,10,4,3,-31.9,843.4,NA,NA,42
1990,10,4,6,-35.5,844,NA,NA,42
1990,10,4,9,NA,845.4,NA,NA,42
1990,10,4,12,-39.4,845.5,NA,NA,41
1990,10,4,15,-38,845.4,NA,NA,42
1990,10,4,18,-37.1,846.2,NA,NA,42
1990,10,4,21,NA,847,NA,NA,43
1990,10,5,0,NA,847,NA,NA,41
1990,10,5,3,-30.9,846.7,NA,NA,41
1990,10,5,6,-32.6,846.9,NA,NA,43
1990,10,5,9,-35.3,847.3,NA,NA,43
1990,10,5,12,-35.1,847.6,NA,NA,43
1990,10,5,15,-33.8,848.1,NA,NA,45
1990,10,5,18,-36.1,848.9,NA,NA,43
1990,10,5,21,-35.9,849.7,NA,NA,42
1990,10,6,0,-33,850.6,NA,NA,42
1990,10,6,3,NA,850.7,NA,NA,43
1990,10,6,6,-28.3,851.2,NA,NA,47
1990,10,6,9,-28,850.9,NA,NA,48
1990,10,6,12,-29.4,850.7,NA,NA,47
1990,10,6,15,-29.4,850.1,NA,NA,48
1990,10,6,18,-30.8,849.3,NA,NA,47
1990,10,6,21,-29.1,848.8,NA,NA,44
1990,10,7,0,-26.6,847.9,NA,NA,43
1990,10,7,3,-26.3,847.3,NA,NA,42
1990,10,7,6,-28.4,847,NA,NA,42
1990,10,7,9,NA,846.7,NA,NA,44
1990,10,7,12,-31.1,846.7,NA,NA,43
1990,10,7,15,-31.9,846.2,NA,NA,45
1990,10,7,18,-32.6,846,NA,NA,44
1990,10,7,21,-32,845.4,NA,NA,44
1990,10,8,0,-29.9,845.2,NA,NA,41
1990,10,8,3,-28.1,844.7,NA,NA,39
1990,10,8,6,-29.4,844.7,NA,NA,40
1990,10,8,9,-32.9,844.7,NA,NA,44
1990,10,8,12,-34,844.6,NA,NA,43
1990,10,8,15,-35.1,844.5,NA,NA,43
1990,10,8,18,-35.4,844,NA,NA,43
1990,10,8,21,-33.6,843.2,NA,NA,43
1990,10,9,0,-32,842.8,NA,NA,44
1990,10,9,3,-30.9,842.6,NA,NA,44
1990,10,9,6,-32.1,841.4,NA,NA,43
1990,10,9,9,-34.8,841,NA,NA,45
1990,10,9,12,-36.4,840.6,NA,NA,43
1990,10,9,15,-38.4,840,NA,NA,42
1990,10,9,18,-38.5,839.9,NA,NA,42
1990,10,9,21,-38.6,841.9,NA,NA,41
1990,10,10,0,-38,842.2,NA,NA,40
1990,10,10,3,-37.5,843.7,NA,NA,40
1990,10,10,6,-38.8,844.9,NA,NA,39
1990,10,10,9,-41.5,846.5,NA,NA,38
1990,10,10,12,-43.3,847.1,NA,NA,37
1990,10,10,15,-43.5,846.8,NA,NA,37
1990,10,10,18,-42.9,846.8,NA,NA,37
1990,10,10,21,-40.4,846.8,NA,NA,38
1990,10,11,0,NA,846.8,NA,NA,39
1990,10,11,3,-36.1,846.3,NA,NA,41
1990,10,11,6,-36.8,846.6,NA,NA,42
1990,10,11,9,-38.9,847.1,NA,NA,41
1990,10,11,12,-39.8,847.5,NA,NA,40
1990,10,11,15,-39.8,847.5,NA,NA,40
1990,10,11,18,-40.1,847.6,NA,NA,39
1990,10,11,21,-37.8,848.6,NA,NA,40
1990,10,12,0,NA,849.3,NA,NA,37
1990,10,12,3,NA,849.8,NA,NA,37
1990,10,12,6,-32,850,NA,NA,36
1990,10,12,9,-35,850.7,NA,NA,36
1990,10,12,12,-36.3,851.1,NA,NA,39
1990,10,12,15,-36.5,851.2,NA,NA,40
1990,10,12,18,-37.1,851.3,NA,NA,42
1990,10,12,21,-35.3,852.1,NA,NA,42
1990,10,13,0,-33.4,852.3,NA,NA,42
1990,10,13,3,-31.5,852.6,NA,NA,42
1990,10,13,6,-32.8,853.1,NA,NA,42
1990,10,13,9,-35,854.8,NA,NA,42
1990,10,13,12,-37.1,856.2,NA,NA,40
1990,10,13,15,-38.3,857.8,NA,NA,39
1990,10,13,18,-38.5,859.6,NA,NA,33
1990,10,13,21,-35.4,861.1,NA,NA,36
1990,10,14,0,NA,862,NA,NA,33
1990,10,14,3,NA,861.9,NA,NA,35
1990,10,14,6,-26.8,861.1,NA,NA,37
1990,10,14,9,-30,861.8,NA,NA,41
1990,10,14,12,NA,862.2,NA,NA,41
1990,10,14,15,-34.1,862.3,NA,NA,42
1990,10,14,18,-36.1,862.4,NA,NA,41
1990,10,14,21,-31.8,862.8,NA,NA,38
1990,10,15,0,NA,861.7,NA,NA,29
1990,10,15,3,-29.3,861.9,NA,NA,37
1990,10,15,6,-29.8,860.8,NA,NA,42
1990,10,15,9,-32.1,860.1,NA,NA,46
1990,10,15,12,-32.4,859.4,NA,NA,42
1990,10,15,15,-31.5,859.1,NA,NA,47
1990,10,15,18,-31.4,861,NA,NA,44
1990,10,15,21,-31.8,861.6,NA,NA,39
1990,10,16,0,-31.4,861.8,NA,NA,42
1990,10,16,3,-30.6,861.5,NA,NA,46
1990,10,16,6,-31.6,861.1,NA,NA,46
1990,10,16,9,-34.8,860.3,NA,NA,44
1990,10,16,12,NA,859.3,NA,NA,42
1990,10,16,15,-35.1,859.7,NA,NA,42
1990,10,16,18,-36.1,860.5,NA,NA,42
1990,10,16,21,-33.1,860.9,NA,NA,43
1990,10,17,0,NA,861.3,NA,NA,35
1990,10,17,3,NA,862.4,NA,NA,38
1990,10,17,6,-21.3,863.2,NA,NA,43
1990,10,17,9,-20.9,865.1,NA,NA,48
1990,10,17,12,-20.4,866.2,NA,NA,55
1990,10,17,15,-17.6,867.4,NA,NA,42
1990,10,17,18,-20.1,868,NA,NA,57
1990,10,17,21,-18.5,868.8,NA,NA,52
1990,10,18,0,-18.4,868.8,NA,NA,49
1990,10,18,3,-16.8,867.6,NA,NA,47
1990,10,18,6,-19.5,866.6,NA,NA,48
1990,10,18,9,NA,865.4,NA,NA,49
1990,10,18,12,NA,864.8,NA,NA,50
1990,10,18,15,NA,864.1,NA,NA,49
1990,10,18,18,-30.3,862.4,NA,NA,48
1990,10,18,21,-29,859.1,NA,NA,48
1990,10,19,0,-26.3,859,NA,NA,51
1990,10,19,3,-24.5,856.2,NA,NA,52
1990,10,19,6,-24,853.7,NA,NA,54
1990,10,19,9,-25.6,852.3,NA,NA,53
1990,10,19,12,-27.3,850.9,NA,NA,51
1990,10,19,15,-28.4,849.9,NA,NA,50
1990,10,19,18,-28.3,848.5,NA,NA,48
1990,10,19,21,-26.8,848.3,NA,NA,52
1990,10,20,0,NA,846.7,NA,NA,36
1990,10,20,3,NA,846.6,NA,NA,50
1990,10,20,6,-21.9,846.6,NA,NA,43
1990,10,20,9,-24.6,847.9,NA,NA,36
1990,10,20,12,NA,849.6,NA,NA,39
1990,10,20,15,-26,849.1,NA,NA,43
1990,10,20,18,-27.9,847.9,NA,NA,37
1990,10,20,21,-27.1,847.9,NA,NA,31
1990,10,21,0,-24.5,847.2,NA,NA,29
1990,10,21,3,-23.4,845.9,NA,NA,37
1990,10,21,6,-22.5,844.4,NA,NA,37
1990,10,21,9,-23.6,843.6,NA,NA,37
1990,10,21,12,NA,843.1,NA,NA,33
1990,10,21,15,NA,843.6,NA,NA,31
1990,10,21,18,-32.3,843.6,NA,NA,35
1990,10,21,21,-31.1,843,NA,NA,44
1990,10,22,0,-29.1,843,NA,NA,45
1990,10,22,3,-27.1,843.8,NA,NA,44
1990,10,22,6,-27.3,843.5,NA,NA,44
1990,10,22,9,-28.1,843.1,NA,NA,32
1990,10,22,12,-31,843.2,NA,NA,36
1990,10,22,15,-32.1,842.4,NA,NA,43
1990,10,22,18,-31.8,841.2,NA,NA,39
1990,10,22,21,-29.1,841.2,NA,NA,30
1990,10,23,0,NA,840.1,NA,NA,26
1990,10,23,3,-25,838.7,NA,NA,27
1990,10,23,6,-27.3,838.5,NA,NA,32
1990,10,23,9,NA,838.3,NA,NA,33
1990,10,23,12,NA,838.4,NA,NA,34
1990,10,23,15,-34.5,838.5,NA,NA,37
1990,10,23,18,-35,839.2,NA,NA,31
1990,10,23,21,-33.9,839.3,NA,NA,25
1990,10,24,0,-31.6,839.8,NA,NA,27
1990,10,24,3,-29.1,839.4,NA,NA,29
1990,10,24,6,-30.4,839.4,NA,NA,32
1990,10,24,9,-33.8,839.8,NA,NA,35
1990,10,24,12,-35,840.1,NA,NA,43
1990,10,24,15,-36.1,840,NA,NA,41
1990,10,24,18,-35.4,840.8,NA,NA,41
1990,10,24,21,-32.4,841.6,NA,NA,36
1990,10,25,0,NA,842,NA,NA,32
1990,10,25,3,NA,842,NA,NA,28
1990,10,25,6,-26.1,842.2,NA,NA,35
1990,10,25,9,-27.6,843.4,NA,NA,35
1990,10,25,12,-31,844,NA,NA,35
1990,10,25,15,NA,844.2,NA,NA,33
1990,10,25,18,-34.4,844.2,NA,NA,33
1990,10,25,21,-33.1,844.4,NA,NA,36
1990,10,26,0,-29.6,843.4,NA,NA,31
1990,10,26,3,NA,842.1,NA,NA,30
1990,10,26,6,-28.1,841.7,NA,NA,35
1990,10,26,9,-27,841.7,NA,NA,46
1990,10,26,12,-25,842,NA,NA,51
1990,10,26,15,-22.6,841.9,NA,NA,56
1990,10,26,18,-21.9,842.6,NA,NA,54
1990,10,26,21,-20.4,843.2,NA,NA,42
1990,10,27,0,-19.8,843.5,NA,NA,38
1990,10,27,3,-19.3,843.6,NA,NA,44
1990,10,27,6,-20.3,844.3,NA,NA,44
1990,10,27,9,-22.6,845.2,NA,NA,52
1990,10,27,12,-24.3,845.6,NA,NA,54
1990,10,27,15,NA,846.4,NA,NA,49
1990,10,27,18,NA,847.8,NA,NA,46
1990,10,27,21,-25.5,849.6,NA,NA,40
1990,10,28,0,NA,850.9,NA,NA,39
1990,10,28,3,-20.8,852.7,NA,NA,37
1990,10,28,6,-20.3,854.1,NA,NA,34
1990,10,28,9,-24,855,NA,NA,48
1990,10,28,12,NA,855.9,NA,NA,48
1990,10,28,15,-28.1,856.2,NA,NA,48
1990,10,28,18,-27.6,856.2,NA,NA,47
1990,10,28,21,-26.8,855.9,NA,NA,44
1990,10,29,0,-25.1,855.5,NA,NA,44
1990,10,29,3,-22.5,855.1,NA,NA,38
1990,10,29,6,-23.1,854.8,NA,NA,39
1990,10,29,9,-25.8,854.3,NA,NA,47
1990,10,29,12,NA,853.6,NA,NA,48
1990,10,29,15,-30.5,853.2,NA,NA,47
1990,10,29,18,-31,852.1,NA,NA,46
1990,10,29,21,-30,851.4,NA,NA,45
1990,10,30,0,-27.6,850.7,NA,NA,44
1990,10,30,3,-25.9,850,NA,NA,43
1990,10,30,6,-25.6,849.7,NA,NA,40
1990,10,30,9,-27.6,849.6,NA,NA,40
1990,10,30,12,NA,849.8,NA,NA,42
1990,10,30,15,NA,850.1,NA,NA,42
1990,10,30,18,-35.4,850.3,NA,NA,42
1990,10,30,21,-33,851.1,NA,NA,39
1990,10,31,0,NA,852,NA,NA,34
1990,10,31,3,NA,853.1,NA,NA,34
1990,10,31,6,-25.3,854,NA,NA,38
1990,10,31,9,-28.4,855.4,NA,NA,38
1990,10,31,12,-29.8,856.3,NA,NA,48
1990,10,31,15,-32.1,856.9,NA,NA,45
1990,10,31,18,-32.6,857.2,NA,NA,44
1990,10,31,21,-30.8,857.6,NA,NA,44
1990,11,1,0,NA,857,NA,NA,NA
1990,11,1,3,-26.4,855.1,NA,NA,46
1990,11,1,6,-26.5,854.2,NA,NA,48
1990,11,1,9,-28.4,853.7,NA,NA,48
1990,11,1,12,-31,853.2,NA,NA,46
1990,11,1,15,NA,852.5,NA,NA,45
1990,11,1,18,-33.5,851.5,NA,NA,44
1990,11,1,21,-32,850.6,NA,NA,43
1990,11,2,0,-28.6,849.8,NA,NA,41
1990,11,2,3,NA,849.2,NA,NA,36
1990,11,2,6,-26.4,848.6,NA,NA,34
1990,11,2,9,-30,848.6,NA,NA,37
1990,11,2,12,NA,848.7,NA,NA,46
1990,11,2,15,-31,848.9,NA,NA,48
1990,11,2,18,NA,849.2,NA,NA,51
1990,11,2,21,-27.4,849.2,NA,NA,46
1990,11,3,0,-26.1,849.2,NA,NA,33
1990,11,3,3,-23.4,848.9,NA,NA,27
1990,11,3,6,-25.1,848.6,NA,NA,38
1990,11,3,9,-27,848.5,NA,NA,44
1990,11,3,12,-27,848.4,NA,NA,52
1990,11,3,15,-27,848.2,NA,NA,50
1990,11,3,18,-25.5,848,NA,NA,41
1990,11,3,21,-23.1,848.2,NA,NA,31
1990,11,4,0,-23.6,848.3,NA,NA,38
1990,11,4,3,-23.4,848,NA,NA,35
1990,11,4,6,-24.3,847.5,NA,NA,35
1990,11,4,9,-26.6,847,NA,NA,41
1990,11,4,12,NA,846.7,NA,NA,45
1990,11,4,15,NA,846.2,NA,NA,44
1990,11,4,18,-34.8,846.6,NA,NA,44
1990,11,4,21,-33,846.2,NA,NA,43
1990,11,5,0,-30.4,845.6,NA,NA,43
1990,11,5,3,NA,845.2,NA,NA,41
1990,11,5,6,-28.3,844.9,NA,NA,45
1990,11,5,9,-30.5,845,NA,NA,47
1990,11,5,12,-33.1,844.9,NA,NA,45
1990,11,5,15,-32.9,844.7,NA,NA,45
1990,11,5,18,-31.4,844.5,NA,NA,46
1990,11,5,21,-29.8,843.3,NA,NA,46
1990,11,6,0,NA,842.6,NA,NA,46
1990,11,6,3,NA,842.7,NA,NA,46
1990,11,6,6,-24.3,842,NA,NA,46
1990,11,6,9,-26.4,841.7,NA,NA,49
1990,11,6,12,-26.8,842.6,NA,NA,45
1990,11,6,15,-30.4,843,NA,NA,48
1990,11,6,18,-30.3,844,NA,NA,47
1990,11,6,21,-26.3,845,NA,NA,44
1990,11,7,0,NA,845.7,NA,NA,41
1990,11,7,3,NA,846.5,NA,NA,40
1990,11,7,6,-20.9,846.8,NA,NA,43
1990,11,7,9,-23.1,848.7,NA,NA,41
1990,11,7,12,NA,849.6,NA,NA,47
1990,11,7,15,NA,850.2,NA,NA,48
1990,11,7,18,-28.8,850.8,NA,NA,48
1990,11,7,21,-26.3,850.6,NA,NA,45
1990,11,8,0,NA,850.7,NA,NA,48
1990,11,8,3,NA,850,NA,NA,42
1990,11,8,6,-21.5,850.3,NA,NA,42
1990,11,8,9,-24.6,850.3,NA,NA,43
1990,11,8,12,-24.3,850,NA,NA,45
1990,11,8,15,-22.9,848.8,NA,NA,46
1990,11,8,18,-23.4,850.6,NA,NA,43
1990,11,8,21,-21.4,852,NA,NA,47
1990,11,9,0,NA,852.7,NA,NA,38
1990,11,9,3,NA,852.7,NA,NA,43
1990,11,9,6,-16.8,852.6,NA,NA,41
1990,11,9,9,-18.9,853.3,NA,NA,47
1990,11,9,12,NA,853.7,NA,NA,48
1990,11,9,15,-22.5,854.8,NA,NA,32
1990,11,9,18,-25.3,855.9,NA,NA,49
1990,11,9,21,-24,855.8,NA,NA,48
1990,11,10,0,-20.4,855.8,NA,NA,42
1990,11,10,3,NA,856.5,NA,NA,39
1990,11,10,6,-18.4,856.7,NA,NA,36
1990,11,10,9,-19.8,858,NA,NA,33
1990,11,10,12,-23.3,858.7,NA,NA,34
1990,11,10,15,NA,858.6,NA,NA,43
1990,11,10,18,-25.3,859.1,NA,NA,37
1990,11,10,21,-22.3,859.1,NA,NA,31
1990,11,11,0,NA,858.7,NA,NA,29
1990,11,11,3,NA,857.7,NA,NA,28
1990,11,11,6,-17.8,857,NA,NA,34
1990,11,11,9,-19.8,856.5,NA,NA,35
1990,11,11,12,NA,855.9,NA,NA,35
1990,11,11,15,NA,855.5,NA,NA,33
1990,11,11,18,-24.9,854.8,NA,NA,33
1990,11,11,21,-22.3,854.1,NA,NA,37
1990,11,12,0,NA,853.4,NA,NA,32
1990,11,12,3,NA,852.1,NA,NA,35
1990,11,12,6,-17.4,851,NA,NA,37
1990,11,12,9,-19.5,850.4,NA,NA,37
1990,11,12,12,NA,850,NA,NA,37
1990,11,12,15,NA,849.8,NA,NA,39
1990,11,12,18,-23.4,849.1,NA,NA,40
1990,11,12,21,-22,848.9,NA,NA,45
1990,11,13,0,NA,847.9,NA,NA,33
1990,11,13,3,NA,847.9,NA,NA,41
1990,11,13,6,-16.3,848.1,NA,NA,35
1990,11,13,9,-19.1,848.6,NA,NA,36
1990,11,13,12,NA,848.7,NA,NA,34
1990,11,13,15,-23.3,848.3,NA,NA,34
1990,11,13,18,-24.3,848.9,NA,NA,33
1990,11,13,21,-20.9,848.2,NA,NA,34
1990,11,14,0,NA,847.7,NA,NA,32
1990,11,14,3,-16.1,847.6,NA,NA,30
1990,11,14,6,-18.4,847.8,NA,NA,41
1990,11,14,9,-19.6,848.3,NA,NA,59
1990,11,14,12,-20.1,848.7,NA,NA,58
1990,11,14,15,-20.1,849.8,NA,NA,59
1990,11,14,18,-19.5,850.4,NA,NA,57
1990,11,14,21,-19.6,851.3,NA,NA,51
1990,11,15,0,-18.4,852,NA,NA,50
1990,11,15,3,-18.6,852.9,NA,NA,43
1990,11,15,6,-19.8,853.8,NA,NA,47
1990,11,15,9,-19.8,854.3,NA,NA,49
1990,11,15,12,-22.5,855.5,NA,NA,49
1990,11,15,15,-22.6,856.6,NA,NA,46
1990,11,15,18,-21.6,857.4,NA,NA,41
1990,11,15,21,-19.6,857.7,NA,NA,32
1990,11,16,0,NA,857.5,NA,NA,31
1990,11,16,3,-17.3,856.6,NA,NA,41
1990,11,16,6,-16.4,855.2,NA,NA,42
1990,11,16,9,-18.6,853.3,NA,NA,53
1990,11,16,12,NA,853.6,NA,NA,54
1990,11,16,15,NA,853.6,NA,NA,51
1990,11,16,18,-24.1,852.7,NA,NA,51
1990,11,16,21,-22.6,852.3,NA,NA,49
1990,11,17,0,-20.1,852.8,NA,NA,40
1990,11,17,3,-17.8,853.2,NA,NA,35
1990,11,17,6,-17.3,853,NA,NA,38
1990,11,17,9,-19,852.7,NA,NA,42
1990,11,17,12,NA,852.7,NA,NA,43
1990,11,17,15,-23.3,853.1,NA,NA,37
1990,11,17,18,-23.8,853.8,NA,NA,40
1990,11,17,21,-22,854.7,NA,NA,35
1990,11,18,0,NA,854.6,NA,NA,34
1990,11,18,3,NA,854.3,NA,NA,37
1990,11,18,6,-16.9,854,NA,NA,42
1990,11,18,9,-18.9,854.1,NA,NA,40
1990,11,18,12,NA,854.3,NA,NA,43
1990,11,18,15,NA,854.2,NA,NA,39
1990,11,18,18,-23.3,854.5,NA,NA,36
1990,11,18,21,-20.4,854.9,NA,NA,34
1990,11,19,0,NA,855.8,NA,NA,33
1990,11,19,3,NA,856.2,NA,NA,30
1990,11,19,6,-13.6,856.6,NA,NA,39
1990,11,19,9,-14.3,857.3,NA,NA,41
1990,11,19,12,-16.1,858.1,NA,NA,42
1990,11,19,15,-18.9,857.3,NA,NA,45
1990,11,19,18,-18.8,857.2,NA,NA,43
1990,11,19,21,-18.5,857.5,NA,NA,42
1990,11,20,0,-13.9,857.2,NA,NA,36
1990,11,20,3,NA,857.1,NA,NA,35
1990,11,20,6,-12.4,857.3,NA,NA,38
1990,11,20,9,-14.8,857.4,NA,NA,40
1990,11,20,12,NA,858.2,NA,NA,42
1990,11,20,15,-19.6,858.9,3.5,314,37
1990,11,20,18,-19.3,859.2,3,298,44
1990,11,20,21,-14.8,859.9,2.7,316,37
1990,11,21,0,NA,860.8,2,298,36
1990,11,21,3,NA,861.2,1.7,314,30
1990,11,21,6,-7.9,862.1,NA,NA,34
1990,11,21,9,-10.9,862.7,NA,NA,42
1990,11,21,12,NA,863.3,NA,NA,45
1990,11,21,15,-15,863.7,NA,NA,44
1990,11,21,18,-15.4,865.4,NA,NA,42
1990,11,21,21,-13.1,865.7,NA,NA,40
1990,11,22,0,NA,865.8,NA,NA,36
1990,11,22,3,NA,865,NA,NA,37
1990,11,22,6,-9.4,863.8,NA,NA,40
1990,11,22,9,-12.4,862.7,NA,NA,46
1990,11,22,12,NA,862.3,3.7,313,47
1990,11,22,15,-17.1,863.1,NA,NA,49
1990,11,22,18,-18.4,863.3,NA,NA,49
1990,11,22,21,-15.4,863.2,2.7,299,40
1990,11,23,0,NA,863.1,3.2,307,37
1990,11,23,3,NA,862.1,2.7,307,37
1990,11,23,6,-10.5,861,2.5,307,41
1990,11,23,9,-12.4,860.1,3,309,42
1990,11,23,12,NA,859.5,3.2,312,45
1990,11,23,15,-17.1,859.4,NA,NA,40
1990,11,23,18,-16.5,859.8,NA,NA,39
1990,11,23,21,-14.5,859.8,NA,NA,38
1990,11,24,0,NA,859.4,NA,NA,35
1990,11,24,3,-9.6,859.2,NA,NA,41
1990,11,24,6,-9.4,858.8,NA,NA,42
1990,11,24,9,-11,859,NA,NA,42
1990,11,24,12,NA,859.2,NA,NA,48
1990,11,24,15,-14.3,859.2,NA,NA,38
1990,11,24,18,-15.4,859.4,NA,NA,47
1990,11,24,21,-12.9,859.5,NA,NA,48
1990,11,25,0,NA,859.3,NA,NA,46
1990,11,25,3,-8.4,858.9,NA,NA,40
1990,11,25,6,-7.8,858.9,NA,NA,43
1990,11,25,9,-10.1,859.1,NA,NA,45
1990,11,25,12,-12,858.7,4,303,47
1990,11,25,15,NA,859,3.7,312,50
1990,11,25,18,-15.5,859.4,3.5,302,45
1990,11,25,21,-12.6,860.1,3.5,302,37
1990,11,26,0,NA,859.9,3.5,300,35
1990,11,26,3,NA,859.8,2.5,300,36
1990,11,26,6,-8,860,NA,NA,38
1990,11,26,9,-10.9,860.3,NA,NA,42
1990,11,26,12,NA,NA,NA,NA,NA
1990,11,26,15,-16.4,860.8,NA,NA,47
1990,11,26,18,-14.3,861.3,NA,NA,43
1990,11,26,21,-12.4,861.1,NA,NA,39
1990,11,27,0,NA,861.1,NA,NA,37
1990,11,27,3,NA,860.5,NA,NA,36
1990,11,27,6,-7.6,860,NA,NA,40
1990,11,27,9,-9.6,859.6,NA,NA,44
1990,11,27,12,NA,858.8,NA,NA,48
1990,11,27,15,-14.3,857.8,NA,NA,48
1990,11,27,18,-13.6,857,3.7,296,46
1990,11,27,21,-12.1,856.3,4,306,44
1990,11,28,0,-9.1,855,3.2,298,41
1990,11,28,3,-7.4,854.2,2.7,309,40
1990,11,28,6,-7.3,853.2,NA,NA,39
1990,11,28,9,-9.4,853.1,NA,NA,45
1990,11,28,12,NA,853,NA,NA,46
1990,11,28,15,NA,853.2,NA,NA,46
1990,11,28,18,-14.9,853.6,NA,NA,42
1990,11,28,21,-10.5,853.7,NA,NA,40
1990,11,29,0,NA,854.1,NA,NA,38
1990,11,29,3,-7.3,854.2,NA,NA,39
1990,11,29,6,-6.3,854.1,NA,NA,40
1990,11,29,9,-7.6,854.3,NA,NA,41
1990,11,29,12,NA,854.1,NA,NA,48
1990,11,29,15,NA,853.7,NA,NA,49
1990,11,29,18,-14.8,853.9,NA,NA,45
1990,11,29,21,-13.1,854.5,NA,NA,40
1990,11,30,0,-10.1,854.6,NA,NA,33
1990,11,30,3,NA,854.5,NA,NA,26
1990,11,30,6,-10.6,854.7,NA,NA,47
1990,11,30,9,-11.9,855.2,NA,NA,54
1990,11,30,12,-13,855.5,NA,NA,60
1990,11,30,15,NA,855.3,NA,NA,56
1990,11,30,18,-13.9,855.4,NA,NA,48
1990,11,30,21,NA,856.1,NA,NA,28
1990,12,1,0,-10.9,856.7,NA,NA,21
1990,12,1,3,-11.5,856.8,NA,NA,24
1990,12,1,6,-12.5,857.1,NA,NA,32
1990,12,1,9,-13.6,857.4,NA,NA,45
1990,12,1,12,-15.1,857.2,NA,NA,54
1990,12,1,15,-17.5,856.8,NA,NA,52
1990,12,1,18,-14.9,856.2,NA,NA,42
1990,12,1,21,NA,855.9,NA,NA,34
1990,12,2,0,-10.8,855.4,NA,NA,35
1990,12,2,3,-11.4,855.1,NA,NA,45
1990,12,2,6,-12.1,855.1,NA,NA,44
1990,12,2,9,-15.3,855.6,NA,NA,55
1990,12,2,12,-14.9,855.5,NA,NA,54
1990,12,2,15,-14.8,855.1,NA,NA,54
1990,12,2,18,-13.1,854.5,NA,NA,47
1990,12,2,21,-11.1,854.6,NA,NA,33
1990,12,3,0,-10,853.7,NA,NA,39
1990,12,3,3,NA,853,NA,NA,15
1990,12,3,6,NA,852.1,1,198,40
1990,12,3,9,NA,852.1,1.7,186,53
1990,12,3,12,NA,851.4,1.5,283,58
1990,12,3,15,NA,851.1,1.7,195,57
1990,12,3,18,NA,851.5,1,303,48
1990,12,3,21,-10.9,852.4,2.5,172,42
1990,12,4,0,NA,852.5,1.2,222,36
1990,12,4,3,-10.1,852.2,3.2,184,44
1990,12,4,6,NA,852.5,1.7,233,44
1990,12,4,9,NA,852.7,0.2,260,39
1990,12,4,12,NA,852.7,0.5,243,50
1990,12,4,15,NA,852.4,2,295,49
1990,12,4,18,-14.8,852,4.2,278,42
1990,12,4,21,-12.4,851.6,2.7,292,38
1990,12,5,0,NA,850.7,3.2,285,33
1990,12,5,3,-7.9,849.2,2.7,288,34
1990,12,5,6,-9.6,848.4,3,331,42
1990,12,5,9,-12.1,847.2,3.5,326,44
1990,12,5,12,NA,846.2,4,290,48
1990,12,5,15,-16.5,845.2,3,279,48
1990,12,5,18,-16.1,844.6,3.7,296,45
1990,12,5,21,-13.8,844,3.5,316,42
1990,12,6,0,NA,843.4,2.7,321,36
1990,12,6,3,NA,842.7,2.5,303,33
1990,12,6,6,-9.6,842.6,2.2,319,40
1990,12,6,9,-11.9,842.7,2.7,288,43
1990,12,6,12,-14.4,843.1,2.7,286,49
1990,12,6,15,-16.9,843.8,3,283,47
1990,12,6,18,-15.5,844.6,4.9,288,43
1990,12,6,21,-14.3,845.3,2.2,298,36
1990,12,7,0,-12.5,845.8,2.7,333,35
1990,12,7,3,-10.4,845.7,2.7,295,31
1990,12,7,6,-10.3,845.8,3,281,30
1990,12,7,9,-13.5,846.5,3,320,41
1990,12,7,12,NA,846.4,3.2,300,43
1990,12,7,15,NA,846.3,3.5,286,43
1990,12,7,18,-19.1,846.3,3.5,289,42
1990,12,7,21,-17.1,845.8,3.7,289,40
1990,12,8,0,NA,845.3,3,305,37
1990,12,8,3,NA,844.7,2.7,269,32
1990,12,8,6,NA,844.6,1,288,29
1990,12,8,9,-14.3,844.5,2,292,38
1990,12,8,12,NA,844.1,2.2,278,44
1990,12,8,15,NA,843.5,2.7,290,48
1990,12,8,18,NA,842.9,2.2,288,44
1990,12,8,21,NA,842.1,2.5,293,37
1990,12,9,0,NA,841.1,1,282,26
1990,12,9,3,NA,840.5,NA,NA,16
1990,12,9,6,-6.8,840.6,NA,NA,9
1990,12,9,9,NA,840.7,1.2,298,45
1990,12,9,12,NA,840.9,2,295,53
1990,12,9,15,NA,840.9,1.7,309,54
1990,12,9,18,-14.9,841.2,3.2,323,59
1990,12,9,21,-13.8,841,2.7,323,52
1990,12,10,0,-11.8,841,3.5,320,47
1990,12,10,3,-10,840.8,2.5,331,39
1990,12,10,6,NA,840.9,1.5,320,40
1990,12,10,9,NA,841.1,0.7,306,48
1990,12,10,12,NA,841.8,0.5,243,60
1990,12,10,15,NA,842.4,1,255,59
1990,12,10,18,NA,843.4,1.2,206,52
1990,12,10,21,NA,844.6,1.2,189,47
1990,12,11,0,-7,845.9,2,210,42
1990,12,11,3,NA,847,1.2,210,34
1990,12,11,6,NA,848,1.7,233,38
1990,12,11,9,-10.9,848.6,2,251,48
1990,12,11,12,NA,848.9,2,260,50
1990,12,11,15,-13.3,849,3.2,271,43
1990,12,11,18,-14.3,849.8,3.2,281,43
1990,12,11,21,-12.5,850.3,2,283,36
1990,12,12,0,-12,851,2.7,334,39
1990,12,12,3,-10.1,851.1,2,305,34
1990,12,12,6,NA,851.7,1.2,289,31
1990,12,12,9,NA,852,1.7,236,46
1990,12,12,12,NA,852.4,0.5,260,48
1990,12,12,15,NA,852.5,1,254,50
1990,12,12,18,NA,852.7,1.5,269,48
1990,12,12,21,-10.8,853.4,2,276,42
1990,12,13,0,NA,854.2,1.7,257,35
1990,12,13,3,-7.8,854.7,2,182,37
1990,12,13,6,-5.6,855.6,NA,NA,14
1990,12,13,9,NA,856.1,0.7,276,39
1990,12,13,12,NA,856.7,1,279,48
1990,12,13,15,NA,857.2,1,267,51
1990,12,13,18,-14.1,858.1,2.5,265,49
1990,12,13,21,-13,859.3,2.5,257,51
1990,12,14,0,NA,860.2,1.7,238,44
1990,12,14,3,NA,860.5,2,230,44
1990,12,14,6,-7,860.5,2,229,45
1990,12,14,9,-9.4,860.3,2.2,274,42
1990,12,14,12,NA,860,2,254,50
1990,12,14,15,NA,860.8,1.7,296,50
1990,12,14,18,-12.9,860.8,3,265,52
1990,12,14,21,NA,861.5,1.7,352,40
1990,12,15,0,NA,861.6,1.7,237,40
1990,12,15,3,-6.3,860.7,2.7,236,42
1990,12,15,6,NA,861.3,0.7,101,27
1990,12,15,9,-6.5,861.7,NA,NA,22
1990,12,15,12,NA,861.5,2,296,47
1990,12,15,15,NA,860.8,2.5,275,51
1990,12,15,18,-15.5,860.1,3.2,262,49
1990,12,15,21,-12.6,859.8,2.7,286,42
1990,12,16,0,NA,859.6,3.5,288,36
1990,12,16,3,NA,859.7,1.7,293,31
1990,12,16,6,NA,859.6,0.7,289,37
1990,12,16,9,-11.6,859.2,2,307,41
1990,12,16,12,-13.6,859.5,2,285,49
1990,12,16,15,NA,859.5,1.2,283,42
1990,12,16,18,-12,859.6,2,307,50
1990,12,16,21,NA,859.4,1.7,260,47
1990,12,17,0,NA,858.9,1.5,260,39
1990,12,17,3,-7.1,857.7,2.2,261,42
1990,12,17,6,-7.8,856.9,2.5,261,42
1990,12,17,9,-10.4,856.5,2.5,281,46
1990,12,17,12,NA,856,2.2,264,48
1990,12,17,15,-14.9,856.1,2,285,45
1990,12,17,18,-14.5,856.3,3,300,41
1990,12,17,21,-12.6,856.4,3,307,40
1990,12,18,0,NA,856.6,1.7,298,35
1990,12,18,3,-8.6,856.8,2.2,309,33
1990,12,18,6,NA,857.1,1.7,310,32
1990,12,18,9,-12.4,857.4,2.2,312,39
1990,12,18,12,NA,857.6,2.5,317,43
1990,12,18,15,-16.9,857.8,2.2,320,46
1990,12,18,18,-16.9,858.8,3.5,320,45
1990,12,18,21,-13.8,859.6,2.5,296,40
1990,12,19,0,NA,860.8,1.5,282,34
1990,12,19,3,NA,861.3,1.2,255,36
1990,12,19,6,NA,862,1.7,192,54
1990,12,19,9,-7.3,862.6,NA,NA,38
1990,12,19,12,NA,863.1,0.2,272,56
1990,12,19,15,NA,863.2,1.5,254,57
1990,12,19,18,NA,863.2,1.5,286,48
1990,12,19,21,-10.4,862.6,2.7,285,43
1990,12,20,0,-7.1,862.2,2,293,36
1990,12,20,3,NA,861.7,1.5,282,34
1990,12,20,6,NA,860.8,1.5,333,37
1990,12,20,9,-11.1,860.2,2.7,333,45
1990,12,20,12,NA,859.2,3.2,323,47
1990,12,20,15,-16,858.1,2,317,51
1990,12,20,18,-15.6,857.4,2.5,335,48
1990,12,20,21,-12.5,857,2.7,293,42
1990,12,21,0,NA,856.7,2.2,307,40
1990,12,21,3,NA,857.6,1.2,330,32
1990,12,21,6,NA,858.5,0.7,309,35
1990,12,21,9,NA,859.9,1.2,292,38
1990,12,21,12,NA,861.5,0.7,258,53
1990,12,21,15,NA,862.9,1.2,254,64
1990,12,21,18,NA,864.3,1.7,278,54
1990,12,21,21,NA,865.2,1.7,290,45
1990,12,22,0,NA,865.5,1.7,290,33
1990,12,22,3,NA,865.4,1,295,29
1990,12,22,6,-9,865.1,2.2,319,37
1990,12,22,9,NA,864.9,1.7,334,46
1990,12,22,12,NA,864.8,1,307,54
1990,12,22,15,-11.5,864.4,2.2,251,50
1990,12,22,18,NA,864.3,1.7,264,47
1990,12,22,21,-11.4,864.2,2.7,267,45
1990,12,23,0,-10.1,864,2.2,289,41
1990,12,23,3,-8.4,863,2.7,269,37
1990,12,23,6,-8.6,862.4,2.2,300,38
1990,12,23,9,-10.9,861.7,2,312,42
1990,12,23,12,NA,861.1,2.5,299,45
1990,12,23,15,NA,860.9,2.7,289,48
1990,12,23,18,-14.8,860.7,2.2,286,44
1990,12,23,21,NA,860.8,2.2,288,39
1990,12,24,0,NA,860.9,2.7,272,37
1990,12,24,3,NA,861.2,1.2,265,32
1990,12,24,6,NA,861.6,1.2,331,37
1990,12,24,9,-10.1,862.2,2,317,42
1990,12,24,12,NA,862.6,2.5,296,46
1990,12,24,15,NA,863.7,0.5,335,43
1990,12,24,18,NA,863.8,0.7,285,33
1990,12,24,21,-11.4,864.1,3,283,42
1990,12,25,0,-9.4,864.8,2.5,267,40
1990,12,25,3,-8.3,864.7,2.2,268,42
1990,12,25,6,-8,864.6,2,269,42
1990,12,25,9,-10.1,864,2.2,307,45
1990,12,25,12,-12.9,863.3,2,299,49
1990,12,25,15,NA,862.3,2.7,326,51
1990,12,25,18,-15.3,861.9,3.7,309,49
1990,12,25,21,-12.1,861.3,3.2,313,45
1990,12,26,0,NA,861.1,2,312,38
1990,12,26,3,NA,860.7,0.7,310,28
1990,12,26,6,-5.3,861,NA,NA,21
1990,12,26,9,NA,861.2,0.5,285,34
1990,12,26,12,NA,861.6,0.7,258,42
1990,12,26,15,NA,862.3,1,251,45
1990,12,26,18,NA,863.8,1,230,40
1990,12,26,21,NA,864.9,1,212,37
1990,12,27,0,NA,865.9,0.7,181,37
1990,12,27,3,NA,865.5,0.2,222,25
1990,12,27,6,NA,865.2,0.2,350,33
1990,12,27,9,NA,864.6,1.5,293,39
1990,12,27,12,NA,864.2,2,265,49
1990,12,27,15,NA,863.9,1.5,250,50
1990,12,27,18,NA,864,1.5,292,47
1990,12,27,21,NA,863.7,1.7,283,40
1990,12,28,0,NA,862.9,1.2,281,35
1990,12,28,3,NA,862.1,1,303,27
1990,12,28,6,NA,861.7,1.7,317,38
1990,12,28,9,-11.4,861.4,2,312,40
1990,12,28,12,NA,861.7,2.2,300,47
1990,12,28,15,NA,861.6,2,298,49
1990,12,28,18,-16.3,861.9,2.2,285,47
1990,12,28,21,-13.1,862.3,2,278,42
1990,12,29,0,NA,862.8,1.5,268,35
1990,12,29,3,NA,862.7,1.5,269,38
1990,12,29,6,NA,862.9,1,264,38
1990,12,29,9,NA,863.1,1.7,292,47
1990,12,29,12,NA,863.6,2.7,295,51
1990,12,29,15,-13,863.4,2,286,48
1990,12,29,18,-12.9,863.7,2.2,279,43
1990,12,29,21,-12.4,863.4,2.7,288,43
1990,12,30,0,NA,864.3,1.7,272,38
1990,12,30,3,NA,864.7,0.7,253,31
1990,12,30,6,NA,865.4,0.7,282,31
1990,12,30,9,NA,865.7,1.5,326,45
1990,12,30,12,NA,865.9,1.7,319,44
1990,12,30,15,-14.4,865.3,2.2,293,47
1990,12,30,18,-14.3,864.9,2.2,283,46
1990,12,30,21,-11.4,865.2,2.5,265,41
1990,12,31,0,-10,865.2,2.2,320,37
1990,12,31,3,-8.4,864.1,2.2,289,36
1990,12,31,6,-9.5,863.5,2.2,290,41
1990,12,31,9,NA,862.9,1.5,292,43
1990,12,31,12,NA,862.5,1.7,305,45
1990,12,31,15,NA,862,2.5,312,47
1990,12,31,18,-15.6,861.3,2.5,290,46
1990,12,31,21,-13.3,861.1,2.7,327,41
1991,1,1,0,NA,860.5,2,96,37
1991,1,1,3,NA,859.5,NA,NA,33
1991,1,1,6,-8,859,2.7,296,34
1991,1,1,9,NA,NA,NA,NA,NA
1991,1,1,12,-15.6,858.5,9.6,277,45
1991,1,1,15,-17.5,858.3,7.7,296,48
1991,1,1,18,-16.1,858.3,8.2,296,44
1991,1,1,21,NA,858.7,6.4,296,37
1991,1,2,0,NA,859.2,4.2,302,29
1991,1,2,3,NA,859.3,3.2,296,25
1991,1,2,6,NA,859.7,0.7,NA,25
1991,1,2,9,NA,860.1,1.7,NA,35
1991,1,2,12,NA,860.4,3.7,NA,49
1991,1,2,15,NA,860.5,NA,302,51
1991,1,2,18,-15.6,860.9,7.7,290,48
1991,1,2,21,-14.3,860.7,7.4,277,42
1991,1,3,0,-11.5,860.3,6.9,276,40
1991,1,3,3,NA,859.5,5.2,281,34
1991,1,3,6,-10.6,858.4,6.2,260,39
1991,1,3,9,-12.4,857.9,6.4,263,42
1991,1,3,12,-15.1,857.1,4.9,281,43
1991,1,3,15,-16.9,856.4,8.2,296,43
1991,1,3,18,-16.5,856,6.4,296,44
1991,1,3,21,-12.8,855.5,6.4,299,40
1991,1,4,0,NA,854.8,3.7,322,35
1991,1,4,3,NA,854.2,NA,0,10
1991,1,4,6,-8.1,853.9,NA,NA,20
1991,1,4,9,NA,853.7,NA,NA,42
1991,1,4,12,-13,853.9,NA,NA,49
1991,1,4,15,NA,854,0.5,2,58
1991,1,4,18,NA,854.5,1.5,21,51
1991,1,4,21,-9.5,854.9,3,48,44
1991,1,5,0,-8.9,855,2.5,94,39
1991,1,5,3,-8.5,854.8,6.4,111,45
1991,1,5,6,-8.9,854.9,NA,127,52
1991,1,5,9,-10.1,855.3,7.2,107,61
1991,1,5,12,-9.8,855.6,8.2,116,67
1991,1,5,15,-10,855.7,7.4,125,68
1991,1,5,18,-10.1,856,7.9,101,63
1991,1,5,21,-9.6,856.9,6.9,110,56
1991,1,6,0,-9.6,857.1,7.4,116,45
1991,1,6,3,-9.3,857.2,7.9,124,45
1991,1,6,6,-9.5,857.6,10.1,117,57
1991,1,6,9,-10.5,858.3,9.9,117,60
1991,1,6,12,-10.9,858.5,5.7,100,65
1991,1,6,15,-10.9,858.4,6.7,108,65
1991,1,6,18,-11.1,858.7,3.5,52,59
1991,1,6,21,-8.9,858.7,2.5,69,43
1991,1,7,0,-8.1,858.6,3.7,44,43
1991,1,7,3,-7.3,857.8,3,59,40
1991,1,7,6,-6.3,857.6,3,11,31
1991,1,7,9,NA,857.3,4.4,308,47
1991,1,7,12,NA,856.9,7.2,302,50
1991,1,7,15,-13.3,857,6.2,302,46
1991,1,7,18,-14.9,856.8,9.9,304,43
1991,1,7,21,-12.5,856.9,9.1,313,41
1991,1,8,0,-10.9,856.8,9.1,287,39
1991,1,8,3,-10,856.3,9.1,281,39
1991,1,8,6,-10,856,9.9,294,39
1991,1,8,9,-11.4,855.7,8.9,296,44
1991,1,8,12,-14.5,855.7,9.9,296,48
1991,1,8,15,-15.3,855.6,8.6,296,47
1991,1,8,18,-16.1,856,9.1,287,46
1991,1,8,21,-13.8,856.2,10.1,296,41
1991,1,9,0,NA,856.9,7.7,291,35
1991,1,9,3,-9,856.7,6.4,305,35
1991,1,9,6,-10.4,857,6.7,255,41
1991,1,9,9,-11.4,857.7,6.2,280,42
1991,1,9,12,-15,858.4,5.7,280,46
1991,1,9,15,-15.8,858.5,7.7,309,46
1991,1,9,18,-16.3,859,6.9,299,44
1991,1,9,21,-12.8,859.7,7.4,304,35
1991,1,10,0,NA,860.4,5.9,312,30
1991,1,10,3,-9.4,860.5,2.5,330,25
1991,1,10,6,NA,860.8,1,318,28
1991,1,10,9,NA,860.8,3,301,39
1991,1,10,12,NA,861,5.4,306,49
1991,1,10,15,-18.5,860.6,6.4,304,50
1991,1,10,18,-17.1,860.7,6.7,284,47
1991,1,10,21,-15.5,860.4,NA,269,49
1991,1,11,0,NA,860.5,NA,296,36
1991,1,11,3,NA,860.3,NA,304,33
1991,1,11,6,-9.4,860.5,4.4,298,37
1991,1,11,9,-12,860.1,8.2,296,44
1991,1,11,12,NA,860.3,8.2,298,48
1991,1,11,15,-16.5,860.1,9.4,305,47
1991,1,11,18,-16.4,860.2,10.4,245,48
1991,1,11,21,-13.8,859.4,9.9,294,40
1991,1,12,0,-11.9,858.6,9.6,283,39
1991,1,12,3,-10.4,856.9,8.6,287,40
1991,1,12,6,-10.4,855.2,8.6,280,41
1991,1,12,9,-12,853.4,8.9,277,46
1991,1,12,12,-14.5,852.4,8.4,298,47
1991,1,12,15,NA,850.8,8.2,298,48
1991,1,12,18,-16.9,849.7,10.1,291,46
1991,1,12,21,-16.1,848.9,8.4,274,45
1991,1,13,0,-12.4,848,8.6,280,38
1991,1,13,3,NA,846.8,5.7,296,35
1991,1,13,6,-12,846.2,5.2,274,41
1991,1,13,9,-14.3,845.7,6.4,291,41
1991,1,13,12,NA,845.5,7.2,296,43
1991,1,13,15,NA,844.8,7.9,296,43
1991,1,13,18,-20.1,844.8,7.7,290,42
1991,1,13,21,-17.5,844.9,6.7,290,37
1991,1,14,0,NA,844.4,7.4,311,31
1991,1,14,3,NA,844,4.4,296,27
1991,1,14,6,-13.5,843.9,2.7,280,34
1991,1,14,9,NA,843.9,3.7,294,42
1991,1,14,12,NA,844.3,4.7,306,47
1991,1,14,15,-20.8,844.3,6.2,306,47
1991,1,14,18,-18.3,844.7,5.2,296,46
1991,1,14,21,NA,845.5,4,296,39
1991,1,15,0,NA,845.9,3,311,29
1991,1,15,3,-10.8,845.9,2.7,320,26
1991,1,15,6,-10.8,846.1,2.7,298,30
1991,1,15,9,-14.8,846.3,3.7,291,41
1991,1,15,12,NA,846.4,4,298,46
1991,1,15,15,-18,846.2,6.7,299,46
1991,1,15,18,-17.5,846.7,5.9,305,46
1991,1,15,21,-14.4,846.8,4.9,304,35
1991,1,16,0,-12.6,846.7,4.4,315,34
1991,1,16,3,-10.9,846.5,3.5,318,25
1991,1,16,6,NA,846.4,1.7,296,25
1991,1,16,9,-14.5,846.5,5.2,296,39
1991,1,16,12,NA,846.7,NA,302,44
1991,1,16,15,NA,846.9,9.1,304,44
1991,1,16,18,-18.4,847.2,9.1,306,41
1991,1,16,21,-15.9,847.6,9.1,301,37
1991,1,17,0,-13.8,847.5,7.7,290,38
1991,1,17,3,-11.9,847.5,7.2,266,42
1991,1,17,6,-12.4,847.8,7.2,288,37
1991,1,17,9,-14.4,848,6.7,279,42
1991,1,17,12,NA,848.6,8.9,283,44
1991,1,17,15,NA,848.9,10.1,302,46
1991,1,17,18,-19.3,849.6,9.6,301,44
1991,1,17,21,-17.4,850,9.6,302,43
1991,1,18,0,-14.4,850.2,11.4,306,39
1991,1,18,3,-12.4,850.2,8.9,301,37
1991,1,18,6,-12.4,850.1,NA,284,40
1991,1,18,9,-13.9,850,8.4,286,44
1991,1,18,12,-16.9,849.5,10.1,288,47
1991,1,18,15,-18.9,848.9,11.4,270,51
1991,1,18,18,-20.1,848.3,12.8,280,53
1991,1,18,21,-17.3,847.3,14.8,269,48
1991,1,19,0,NA,846.6,12.6,265,45
1991,1,19,3,NA,845.9,NA,269,37
1991,1,19,6,-9.6,846.2,NA,334,41
1991,1,19,9,-11.4,847.2,5.9,274,44
1991,1,19,12,NA,847.6,5.7,291,41
1991,1,19,15,NA,848.1,8.6,296,45
1991,1,19,18,-19.3,848.7,NA,315,45
1991,1,19,21,-17.1,850.1,11.4,296,41
1991,1,20,0,NA,851.6,NA,296,34
1991,1,20,3,NA,852.8,7.4,296,40
1991,1,20,6,-10.3,853.9,5.7,302,37
1991,1,20,9,NA,855.6,6.9,266,45
1991,1,20,12,NA,856.8,9.9,296,48
1991,1,20,15,-19.8,858.7,8.6,280,47
1991,1,20,18,-19.9,860.2,10.4,274,49
1991,1,20,21,-17.8,860.9,12.1,273,49
1991,1,21,0,NA,861.2,8.9,267,40
1991,1,21,3,NA,861,9.1,290,33
1991,1,21,6,-12.5,860,7.7,286,39
1991,1,21,9,-14.5,858.9,9.4,296,43
1991,1,21,12,-16.1,857.3,6.9,296,45
1991,1,21,15,-16.1,854.6,NA,30,49
1991,1,21,18,-13.6,853,5.9,55,63
1991,1,21,21,NA,852,7.2,108,56
1991,1,22,0,-10.4,851.9,6.2,87,49
1991,1,22,3,-10.4,851.5,4.4,93,42
1991,1,22,6,-10.4,852.1,6.7,90,54
1991,1,22,9,-11,852.9,5.4,124,57
1991,1,22,12,-12.5,853.4,NA,30,61
1991,1,22,15,-13.9,853.3,4.9,343,57
1991,1,22,18,-17.4,853.6,NA,313,49
1991,1,22,21,-16,853.6,NA,298,43
1991,1,23,0,-13.1,853.1,8.4,296,37
1991,1,23,3,-12.5,852.2,8.2,286,38
1991,1,23,6,-12.6,851.7,7.9,279,44
1991,1,23,9,-14.1,851.3,10.1,274,46
1991,1,23,12,-17.1,850.3,8.9,273,48
1991,1,23,15,NA,849.5,NA,266,53
1991,1,23,18,-17.5,848.1,12.1,294,51
1991,1,23,21,-16.5,847.1,13.6,293,49
1991,1,24,0,-14.8,846.2,11.1,299,44
1991,1,24,3,-12.8,845.5,11.1,298,39
1991,1,24,6,-13.6,845.4,7.9,298,40
1991,1,24,9,-16,846.4,NA,263,44
1991,1,24,12,-17.5,846.9,8.2,298,47
1991,1,24,15,-19.9,847.8,7.7,306,55
1991,1,24,18,NA,849.3,5.4,296,45
1991,1,24,21,-18.1,850.4,5.4,301,42
1991,1,25,0,NA,851,5.7,304,34
1991,1,25,3,-13.6,851.7,4,296,36
1991,1,25,6,-13,852.9,NA,0,30
1991,1,25,9,-14.8,854.1,2.7,14,54
1991,1,25,12,-16.1,855.2,2,3,58
1991,1,25,15,-16.8,856.2,4.7,340,58
1991,1,25,18,-14.1,857.8,4,9,55
1991,1,25,21,-13.8,859.4,4.4,341,48
1991,1,26,0,-13.8,859.7,NA,305,41
1991,1,26,3,-13.6,858.9,NA,326,48
1991,1,26,6,-13.8,859.7,11.1,334,49
1991,1,26,9,-15.1,859.8,11.4,332,52
1991,1,26,12,-17.9,860.4,8.6,318,50
1991,1,26,15,-19.5,861.2,10.4,304,48
1991,1,26,18,-19.9,862.3,11.9,276,50
1991,1,26,21,-18.9,863.3,12.1,270,53
1991,1,27,0,NA,863.6,NA,262,42
1991,1,27,3,NA,862.9,7.9,333,46
1991,1,27,6,-12.8,862.3,NA,333,52
1991,1,27,9,-14.3,862,11.9,337,54
1991,1,27,12,-16.5,861.9,10.6,322,54
1991,1,27,15,-17.5,862.1,11.1,284,50
1991,1,27,18,-17.1,861.5,7.7,288,47
1991,1,27,21,-14.8,860.1,11.4,296,44
1991,1,28,0,NA,858.6,10.6,305,41
1991,1,28,3,-11.1,856.8,9.6,313,43
1991,1,28,6,-11.3,856.1,8.6,309,43
1991,1,28,9,-13,855.8,8.9,326,48
1991,1,28,12,NA,855.2,6.2,305,50
1991,1,28,15,NA,855.1,5.7,296,47
1991,1,28,18,-18.8,854.7,6.4,277,46
1991,1,28,21,-16.5,854.2,8.4,273,42
1991,1,29,0,NA,853.8,6.9,255,41
1991,1,29,3,-11.8,853.7,4.9,287,35
1991,1,29,6,-13.3,853.6,5.7,276,42
1991,1,29,9,-15.6,853.4,5.9,284,44
1991,1,29,12,NA,853.6,5.4,298,48
1991,1,29,15,-19.8,853.6,8.4,305,46
1991,1,29,18,-20.6,853.7,6.2,284,44
1991,1,29,21,-18.4,853.9,7.7,273,40
1991,1,30,0,NA,852.9,8.9,259,40
1991,1,30,3,-13.6,852,6.7,277,38
1991,1,30,6,-13.6,850.6,6.2,309,37
1991,1,30,9,-16.1,849.7,7.4,296,43
1991,1,30,12,NA,849.1,10.1,298,43
1991,1,30,15,NA,848.3,9.6,301,44
1991,1,30,18,-21.5,848.8,6.2,266,44
1991,1,30,21,-20.3,849.1,8.6,263,54
1991,1,31,0,NA,849.2,6.2,312,31
1991,1,31,3,NA,849.7,NA,296,31
1991,1,31,6,-15.4,850.6,5.9,266,41
1991,1,31,9,NA,851.9,5.7,296,47
1991,1,31,12,-19.8,853.4,4,296,53
1991,1,31,15,-17.5,855.1,3.7,296,56
1991,1,31,18,NA,856.8,0.7,7,54
1991,1,31,21,-13.5,858.4,2.5,40,50
1991,2,1,0,-12.4,860.6,3.2,30,44
1991,2,1,3,-12.1,861.2,4.4,35,45
1991,2,1,6,-12.4,862.1,4.4,54,53
1991,2,1,9,-14.1,862.8,4.4,49,59
1991,2,1,12,-14.4,863.4,4.7,41,61
1991,2,1,15,-14.8,863.6,4.2,44,62
1991,2,1,18,-13.1,863.8,4.2,80,60
1991,2,1,21,-11.5,864.1,4.7,103,52
1991,2,2,0,-11.4,864.1,7.2,107,48
1991,2,2,3,-11.1,863.8,6.2,134,46
1991,2,2,6,-11.9,863.8,5.4,113,51
1991,2,2,9,-12.5,863.2,4.9,108,58
1991,2,2,12,-12.9,862.8,6.4,108,64
1991,2,2,15,-13.3,862.3,6.4,113,65
1991,2,2,18,-13.6,861.4,8.9,86,62
1991,2,2,21,-12.9,861.3,6.2,87,57
1991,2,3,0,-11.9,861.2,NA,78,39
1991,2,3,3,-12,860.5,4.7,54,44
1991,2,3,6,-12.4,860.1,4,41,44
1991,2,3,9,NA,860,4,296,44
1991,2,3,12,NA,859.6,5.4,305,46
1991,2,3,15,-22.8,859.2,7.4,298,45
1991,2,3,18,-22.1,859.2,9.1,296,46
1991,2,3,21,-20.3,859.4,9.9,298,40
1991,2,4,0,-17.3,859.6,8.2,299,35
1991,2,4,3,NA,860,5.4,294,31
1991,2,4,6,-17.1,860.4,NA,296,33
1991,2,4,9,-19.3,861.4,2.5,312,58
1991,2,4,12,-19.8,862.2,3.7,316,60
1991,2,4,15,-17.5,862.2,4.7,293,61
1991,2,4,18,-19,862.7,8.6,296,58
1991,2,4,21,-19.9,862.7,8.9,276,51
1991,2,5,0,-16.3,862.7,8.6,277,47
1991,2,5,3,NA,862.2,7.7,274,46
1991,2,5,6,-13.6,861.9,5.7,274,45
1991,2,5,9,-17.9,861.6,6.9,296,45
1991,2,5,12,NA,861.5,9.4,296,47
1991,2,5,15,NA,861.1,9.9,296,47
1991,2,5,18,-22.9,861,9.1,293,44
1991,2,5,21,-20.8,860.7,9.1,296,41
1991,2,6,0,NA,860,9.4,294,39
1991,2,6,3,NA,858.7,9.1,304,40
1991,2,6,6,-16.8,858.4,6.7,274,44
1991,2,6,9,-18.5,858.2,6.4,274,46
1991,2,6,12,-19.9,857.9,8.4,276,41
1991,2,6,15,-22.5,856.5,11.1,269,48
1991,2,6,18,-22.8,854.9,12.3,296,50
1991,2,6,21,-22.4,854.3,14.6,296,48
1991,2,7,0,-19.9,853.9,10.9,283,46
1991,2,7,3,-18.1,852.9,12.3,296,46
1991,2,7,6,-18.3,853.3,12.8,294,42
1991,2,7,9,-20,853.5,9.1,280,49
1991,2,7,12,-22.3,854.2,10.1,274,52
1991,2,7,15,-23.6,855.3,13.8,245,49
1991,2,7,18,-23.9,856.9,13.8,265,51
1991,2,7,21,-22.6,860.1,13.3,269,48
1991,2,8,0,-19.5,862.7,12.8,286,44
1991,2,8,3,NA,864.8,12.3,273,44
1991,2,8,6,-17.1,865.8,11.6,296,44
1991,2,8,9,-17.4,867.2,14.8,301,48
1991,2,8,12,-20.4,869.2,10.1,293,48
1991,2,8,15,-21.5,870.6,12.3,222,48
1991,2,8,18,-21.6,871.6,13.3,267,50
1991,2,8,21,-19.3,871.7,13.1,255,45
1991,2,9,0,NA,870.7,13.8,260,47
1991,2,9,3,NA,869.2,17,306,48
1991,2,9,6,-14.1,868.8,14.1,298,51
1991,2,9,9,-15,867.9,14.1,296,57
1991,2,9,12,-16.4,866.8,18.5,301,60
1991,2,9,15,-17.8,866.4,17.5,311,58
1991,2,9,18,-18.3,866.3,20.3,304,56
1991,2,9,21,-17.6,866.3,16.5,313,55
1991,2,10,0,-15.9,865.5,15.8,311,54
1991,2,10,3,-14.1,866.3,NA,296,43
1991,2,10,6,-14.8,866.1,13.3,256,43
1991,2,10,9,-16.9,865.7,9.4,265,48
1991,2,10,12,-19.5,864.6,11.4,291,48
1991,2,10,15,NA,863.6,10.1,283,50
1991,2,10,18,-21.6,863.4,12.8,286,47
1991,2,10,21,-20.8,862.8,11.4,274,43
1991,2,11,0,-18.8,862.2,10.1,277,41
1991,2,11,3,-16.8,861.3,10.9,296,40
1991,2,11,6,-18.1,861.6,7.4,294,42
1991,2,11,9,-20,861.8,11.9,267,48
1991,2,11,12,NA,861.8,10.1,279,50
1991,2,11,15,NA,861.6,11.1,270,50
1991,2,11,18,-24.5,861.3,11.6,280,50
1991,2,11,21,-21.4,861.2,13.3,263,47
1991,2,12,0,NA,860.5,NA,280,37
1991,2,12,3,NA,860,NA,280,41
1991,2,12,6,-17.1,859.7,7.4,263,43
1991,2,12,9,-18.5,859.2,6.2,273,46
1991,2,12,12,NA,858.9,8.2,279,48
1991,2,12,15,-22.3,858.3,9.4,293,47
1991,2,12,18,-23.5,858.1,10.1,277,48
1991,2,12,21,-22.5,857.5,12.1,281,46
1991,2,13,0,-18.9,856.5,12.3,296,40
1991,2,13,3,NA,855.9,7.7,287,39
1991,2,13,6,-16.8,855.3,7.4,277,43
1991,2,13,9,-18.3,855,7.9,280,47
1991,2,13,12,-21.6,855,8.9,296,48
1991,2,13,15,NA,854.9,12.1,277,49
1991,2,13,18,-24,854.3,11.9,291,48
1991,2,13,21,-22.5,853.7,12.8,296,45
1991,2,14,0,-20.6,853.8,10.4,288,41
1991,2,14,3,-19.1,853.2,9.6,296,39
1991,2,14,6,-20.4,852.8,10.4,276,42
1991,2,14,9,-22,852.6,12.3,276,48
1991,2,14,12,-22.9,852.6,11.1,272,46
1991,2,14,15,-24.3,852.4,11.4,272,53
1991,2,14,18,-23.4,852.2,8.9,296,50
1991,2,14,21,-21,852,8.2,284,48
1991,2,15,0,NA,851.6,6.2,284,44
1991,2,15,3,NA,851.3,NA,265,41
1991,2,15,6,-14.8,851.1,4.9,327,45
1991,2,15,9,-16.5,851.2,6.7,302,52
1991,2,15,12,-19,851.1,9.4,302,51
1991,2,15,15,NA,851.3,11.6,308,49
1991,2,15,18,NA,851.2,14.1,296,48
1991,2,15,21,-25.6,852.1,10.9,281,45
1991,2,16,0,-22.8,852.7,10.6,296,40
1991,2,16,3,NA,853.3,7.4,298,37
1991,2,16,6,-20.8,854.1,5.7,296,41
1991,2,16,9,-21,855.3,8.2,280,51
1991,2,16,12,-24.3,856,6.4,274,50
1991,2,16,15,-25.1,855.7,NA,298,51
1991,2,16,18,-25.1,856.4,NA,272,52
1991,2,16,21,-23.6,856.7,16.3,269,51
1991,2,17,0,-21,857.6,NA,284,42
1991,2,17,3,-19.3,857.1,NA,283,40
1991,2,17,6,-19.9,856.3,11.6,315,47
1991,2,17,9,-21.9,857,10.6,327,48
1991,2,17,12,NA,858.1,11.1,315,50
1991,2,17,15,NA,859.1,9.9,280,51
1991,2,17,18,-25.8,860.3,13.1,255,52
1991,2,17,21,-23.9,860.3,12.3,279,51
1991,2,18,0,NA,859.1,10.1,269,48
1991,2,18,3,NA,857.9,8.6,298,43
1991,2,18,6,-19.3,857.3,7.9,299,44
1991,2,18,9,-20.8,857.5,7.7,296,48
1991,2,18,12,-23.5,857,10.9,255,48
1991,2,18,15,-25.1,856,NA,273,51
1991,2,18,18,-26,855.4,11.4,277,51
1991,2,18,21,-25.5,854.9,13.6,280,46
1991,2,19,0,-22.3,853.9,12.6,294,42
1991,2,19,3,NA,852.8,11.1,290,41
1991,2,19,6,-20.1,852,10.6,280,42
1991,2,19,9,-20.8,851.9,10.4,276,45
1991,2,19,12,-20.1,852.4,7.4,274,53
1991,2,19,15,-18.6,853.2,NA,291,55
1991,2,19,18,-17.5,854.4,7.7,279,55
1991,2,19,21,-15.1,855.6,8.2,291,52
1991,2,20,0,NA,856.8,4,296,46
1991,2,20,3,-10.5,858.1,NA,349,46
1991,2,20,6,-10.3,859.5,3.7,21,54
1991,2,20,9,-10.5,861.1,2,44,65
1991,2,20,12,-9.6,863.1,3.7,66,70
1991,2,20,15,-9.6,865,2.2,79,70
1991,2,20,18,-9.8,867.1,2.7,90,70
1991,2,20,21,-8.3,868.8,5.2,96,72
1991,2,21,0,-7.6,870,4.9,106,59
1991,2,21,3,-7.4,870.4,6.4,89,54
1991,2,21,6,-8.3,870.9,5.2,104,62
1991,2,21,9,-9.1,871.2,3.5,94,67
1991,2,21,12,-10.1,871,3.5,26,69
1991,2,21,15,NA,869.9,6.4,305,60
1991,2,21,18,NA,868.5,NA,304,52
1991,2,21,21,-16.6,867.2,NA,296,49
1991,2,22,0,-14.1,865.1,11.9,296,49
1991,2,22,3,-11.8,863.8,10.9,274,45
1991,2,22,6,-14.3,862.4,8.4,273,49
1991,2,22,9,NA,861.8,8.2,296,50
1991,2,22,12,NA,861.4,9.1,296,48
1991,2,22,15,NA,860.6,10.4,296,49
1991,2,22,18,-22.8,860.9,NA,299,52
1991,2,22,21,NA,861.2,NA,280,49
1991,2,23,0,NA,861.5,NA,0,35
1991,2,23,3,-11.5,862,NA,97,48
1991,2,23,6,-10,862.9,NA,111,61
1991,2,23,9,-10.1,864,4.9,107,70
1991,2,23,12,-11.9,864.2,3.5,45,68
1991,2,23,15,NA,864.4,4,346,64
1991,2,23,18,NA,864.4,5.4,327,60
1991,2,23,21,-17.9,863.9,6.4,302,43
1991,2,24,0,-15.5,863.1,8.2,333,43
1991,2,24,3,-15.4,862.4,9.1,329,46
1991,2,24,6,-16.6,861.8,7.4,322,48
1991,2,24,9,-17.4,860.7,10.9,308,49
1991,2,24,12,NA,859.5,11.9,301,51
1991,2,24,15,NA,858.5,12.3,301,51
1991,2,24,18,-25.5,857.4,12.6,298,51
1991,2,24,21,-24.9,856.9,10.1,284,48
1991,2,25,0,-23.6,855.5,12.6,293,46
1991,2,25,3,-22.3,854,11.4,274,44
1991,2,25,6,-23.5,853.2,10.9,290,48
1991,2,25,9,-25,852.3,14.1,288,50
1991,2,25,12,-25.8,852.1,11.1,266,54
1991,2,25,15,-23.8,852,12.1,273,55
1991,2,25,18,-23.8,852.1,12.6,269,54
1991,2,25,21,-22.5,852.2,10.1,274,49
1991,2,26,0,-20.1,852.6,8.2,270,44
1991,2,26,3,-18.5,852.6,9.4,269,43
1991,2,26,6,-19.3,852.6,8.6,277,47
1991,2,26,9,-20.1,852.7,9.9,277,50
1991,2,26,12,-20.6,853.3,6.4,287,57
1991,2,26,15,-20,853,NA,296,53
1991,2,26,18,-23.4,853.2,6.7,NA,48
1991,2,26,21,-22.5,853.1,7.4,NA,42
1991,2,27,0,-20.4,852.8,8.9,NA,38
1991,2,27,3,-18.6,852.7,8.6,306,40
1991,2,27,6,-17.9,852.9,NA,296,44
1991,2,27,9,-17.8,852.7,NA,298,53
1991,2,27,12,-17.8,852.9,3.2,272,60
1991,2,27,15,NA,853.2,1.2,316,63
1991,2,27,18,-15.9,853.6,4,3,58
1991,2,27,21,-17.8,854.1,4.4,337,49
1991,2,28,0,-17.4,854.8,6.9,323,46
1991,2,28,3,-16.1,855.2,7.7,316,45
1991,2,28,6,-19.3,855.5,8.4,296,49
1991,2,28,9,NA,856.2,11.9,296,54
1991,2,28,12,NA,856.7,10.9,281,54
1991,2,28,15,-24.4,856.8,12.3,263,54
1991,2,28,18,-25.1,856.4,15.1,296,53
1991,2,28,21,-23.4,856.9,12.8,287,48
1991,3,1,0,-20.5,856.3,11.4,296,45
1991,3,1,3,-20,854.9,11.6,301,46
1991,3,1,6,-20.1,853.5,11.9,298,46
1991,3,1,9,-22.5,852.6,10.9,281,50
1991,3,1,12,-25,852.5,13.6,279,51
1991,3,1,15,-27.4,851,NA,294,52
1991,3,1,18,-28.5,850.3,14.6,296,51
1991,3,1,21,-28.4,849.9,15.6,293,49
1991,3,2,0,-26,850.5,12.1,284,44
1991,3,2,3,-23.8,850.3,NA,286,40
1991,3,2,6,-25.1,850.6,8.4,281,43
1991,3,2,9,-23.9,851.8,5.2,288,48
1991,3,2,12,-24.1,852.5,7.4,294,55
1991,3,2,15,-24.1,853.1,5.2,270,55
1991,3,2,18,-23.1,853.9,5.9,284,57
1991,3,2,21,-22.6,854.6,7.2,293,53
1991,3,3,0,-20.4,855.3,5.7,260,46
1991,3,3,3,-18.9,855.6,5.4,320,42
1991,3,3,6,-20.4,855.8,5.9,329,50
1991,3,3,9,NA,856,9.1,318,53
1991,3,3,12,NA,855.8,9.1,302,50
1991,3,3,15,-27.6,854.7,10.4,296,50
1991,3,3,18,-28.5,852.7,11.9,296,50
1991,3,3,21,-28.9,852,7.4,284,45
1991,3,4,0,-28.8,849.6,NA,280,49
1991,3,4,3,-26.6,848,NA,270,52
1991,3,4,6,-23.9,847.8,13.3,262,54
1991,3,4,9,-23.3,847.2,10.6,270,55
1991,3,4,12,NA,847.3,14.8,296,49
1991,3,4,15,NA,847.3,14.6,296,47
1991,3,4,18,-35.1,846.4,19,298,46
1991,3,4,21,-35.5,846.2,17.8,296,45
1991,3,5,0,-33.4,846.8,17.8,284,45
1991,3,5,3,-31.6,846.5,16.5,290,45
1991,3,5,6,-32,847.5,NA,286,45
1991,3,5,9,-33.4,848.1,NA,290,45
1991,3,5,12,-34.5,848.5,8.9,288,45
1991,3,5,15,-34.4,848.4,NA,281,46
1991,3,5,18,-32.3,848.8,12.3,296,48
1991,3,5,21,-31.5,849.8,12.1,299,47
1991,3,6,0,-27.4,850.6,9.6,298,44
1991,3,6,3,NA,851.3,9.6,296,40
1991,3,6,6,-25.8,852.1,7.4,298,42
1991,3,6,9,NA,852.8,8.6,298,46
1991,3,6,12,-29.8,853.5,NA,296,48
1991,3,6,15,-30,853.5,12.3,296,48
1991,3,6,18,-31.5,853.9,10.6,305,47
1991,3,6,21,-30,854.3,12.8,311,47
1991,3,7,0,-27.6,854.7,12.6,296,44
1991,3,7,3,-26.3,854.6,10.6,296,45
1991,3,7,6,-26.8,855,10.9,293,46
1991,3,7,9,-29.1,855.6,12.6,281,48
1991,3,7,12,-31.1,856,10.4,294,47
1991,3,7,15,-32,855,9.4,296,47
1991,3,7,18,-31.5,854.4,7.9,316,47
1991,3,7,21,NA,853,NA,305,53
1991,3,8,0,NA,850.5,5.7,54,54
1991,3,8,3,NA,848.5,9.1,86,58
1991,3,8,6,-17.4,847.1,NA,106,61
1991,3,8,9,-16.5,848.5,9.6,114,63
1991,3,8,12,-16.5,849.3,11.9,117,63
1991,3,8,15,-17.9,850.4,7.9,101,61
1991,3,8,18,NA,851.4,7.7,343,58
1991,3,8,21,NA,851.9,9.1,319,54
1991,3,9,0,-25.5,852.2,NA,306,54
1991,3,9,3,-24.8,852.4,NA,312,54
1991,3,9,6,-25.6,853.6,NA,301,54
1991,3,9,9,-26.9,855.6,NA,283,54
1991,3,9,12,-28,855.5,18,301,52
1991,3,9,15,-29,854.7,19,296,52
1991,3,9,18,-29.6,854.7,17.3,277,51
1991,3,9,21,-28.5,853.7,16.3,280,52
1991,3,10,0,-25.5,852,15.6,296,51
1991,3,10,3,-23.8,849.7,16.1,286,53
1991,3,10,6,-24.3,847.4,14.3,290,54
1991,3,10,9,-25.8,846.9,NA,252,53
1991,3,10,12,-27.9,845.6,12.6,291,52
1991,3,10,15,-30.3,845.7,11.1,253,50
1991,3,10,18,-31.1,845.2,15.8,272,49
1991,3,10,21,-31.1,844.3,NA,287,49
1991,3,11,0,-30.6,844.1,15.3,298,48
1991,3,11,3,-29.8,845.5,15.6,277,50
1991,3,11,6,-29.1,847.7,NA,283,47
1991,3,11,9,-30.3,848.1,NA,276,50
1991,3,11,12,-31.1,847.8,NA,296,48
1991,3,11,15,-32.8,849.4,NA,294,48
1991,3,11,18,-31.4,851.2,16.1,258,49
1991,3,11,21,-29.9,851.1,12.1,266,47
1991,3,12,0,-28.1,849.2,15.1,296,50
1991,3,12,3,-28.3,848.8,15.6,304,51
1991,3,12,6,-30.5,852.4,10.9,273,49
1991,3,12,9,-31.1,855,13.8,287,48
1991,3,12,12,-32.3,854.9,NA,301,48
1991,3,12,15,-32.1,854.6,16.1,296,48
1991,3,12,18,-31.8,854.2,15.3,281,48
1991,3,12,21,-31.8,854.6,15.8,277,48
1991,3,13,0,-29.8,855.9,15.1,286,48
1991,3,13,3,-29.1,853.9,20,296,49
1991,3,13,6,-29.3,854.3,NA,296,49
1991,3,13,9,-30.3,853.7,17,296,49
1991,3,13,12,-30.9,852.5,14.3,304,49
1991,3,13,15,-31.5,852.7,15.3,288,48
1991,3,13,18,-32.4,852.3,15.1,294,48
1991,3,13,21,-32,852.1,12.6,281,48
1991,3,14,0,-30.5,851.2,12.6,296,48
1991,3,14,3,-29.6,849.9,13.1,273,49
1991,3,14,6,-30,848.8,14.1,262,49
1991,3,14,9,-31.9,847.6,11.4,274,48
1991,3,14,12,-33.3,847.4,11.9,286,46
1991,3,14,15,-34.1,846.4,11.1,284,47
1991,3,14,18,-35.3,845.7,13.8,280,45
1991,3,14,21,-35,844.9,12.1,276,45
1991,3,15,0,-32.6,844.7,13.1,293,43
1991,3,15,3,-32.8,843.8,11.6,305,43
1991,3,15,6,-34.5,843.2,11.6,301,45
1991,3,15,9,-36.1,842,15.1,283,45
1991,3,15,12,-36.9,841.4,15.3,281,44
1991,3,15,15,-37.8,840.2,15.1,272,43
1991,3,15,18,-38.3,839.4,14.3,269,43
1991,3,15,21,-38.4,838.2,13.3,276,43
1991,3,16,0,-36.8,838.6,16.1,273,44
1991,3,16,3,-35.6,838.5,11.9,280,44
1991,3,16,6,-36.9,838.9,14.3,267,44
1991,3,16,9,-38.6,839.7,11.4,274,42
1991,3,16,12,-40,841.3,15.1,272,41
1991,3,16,15,-40.5,841.7,NA,281,41
1991,3,16,18,-41.1,842.7,14.3,290,40
1991,3,16,21,-41.1,843.2,NA,290,40
1991,3,17,0,-38,843.8,12.8,296,41
1991,3,17,3,NA,844.2,9.1,296,41
1991,3,17,6,-36.8,846.4,10.6,284,42
1991,3,17,9,-39.4,845.9,12.6,294,41
1991,3,17,12,-41,846.3,13.3,290,40
1991,3,17,15,-41.8,846.5,15.3,272,40
1991,3,17,18,-41.8,846.4,15.6,274,40
1991,3,17,21,-40.5,845.3,18,277,41
1991,3,18,0,-39.4,844.4,15.3,280,42
1991,3,18,3,-38.1,843.1,NA,276,43
1991,3,18,6,-37.8,841.2,16.1,276,43
1991,3,18,9,-38.9,840.5,13.6,270,42
1991,3,18,12,-40.6,839.3,15.3,280,41
1991,3,18,15,-41.8,839.1,10.9,274,40
1991,3,18,18,-42.6,839.2,11.4,272,39
1991,3,18,21,-42.3,839.9,13.6,272,39
1991,3,19,0,-38.3,841,11.9,288,41
1991,3,19,3,NA,842.6,9.6,290,41
1991,3,19,6,-34.6,845,10.1,287,43
1991,3,19,9,-32.8,847.8,6.7,284,46
1991,3,19,12,-31,850,5.7,296,48
1991,3,19,15,-29.6,851.1,4.2,299,49
1991,3,19,18,-32.3,851.6,5.2,302,48
1991,3,19,21,-33.9,851.6,6.4,309,46
1991,3,20,0,-32.8,851.4,9.4,312,45
1991,3,20,3,-33.9,850.7,NA,304,45
1991,3,20,6,-36.3,849.3,NA,304,44
1991,3,20,9,-38.8,847.6,NA,302,42
1991,3,20,12,-39.3,846.6,20.7,296,42
1991,3,20,15,-39.1,845.2,18.3,296,42
1991,3,20,18,-38.6,844.9,NA,276,42
1991,3,20,21,-38.3,845.8,NA,284,43
1991,3,21,0,-36.3,846.9,11.4,296,43
1991,3,21,3,-35.9,849.2,11.6,272,44
1991,3,21,6,-36.3,850.1,12.3,284,44
1991,3,21,9,-37.8,851.5,14.6,299,43
1991,3,21,12,-40,852.9,16.1,296,42
1991,3,21,15,-40.5,852.2,12.8,280,41
1991,3,21,18,-40.9,850.8,16.8,276,41
1991,3,21,21,-40.5,849.7,NA,266,41
1991,3,22,0,-38.8,849.5,16.1,280,42
1991,3,22,3,-37.6,848.1,14.1,283,43
1991,3,22,6,-38.1,848,14.8,272,43
1991,3,22,9,-39.4,848.8,18.3,263,43
1991,3,22,12,-37.4,849.4,18,281,44
1991,3,22,15,-37.1,849.8,17.5,274,44
1991,3,22,18,-36.4,850.8,17.3,277,44
1991,3,22,21,-36.3,852.1,13.6,284,45
1991,3,23,0,-34,853.8,12.8,279,46
1991,3,23,3,-32.8,855.4,9.6,284,44
1991,3,23,6,-35.3,856.5,13.8,296,44
1991,3,23,9,-36.5,856.7,NA,288,44
1991,3,23,12,-36.8,857,15.3,269,44
1991,3,23,15,-36.4,855.9,14.3,281,44
1991,3,23,18,-37.1,854.6,12.8,288,43
1991,3,23,21,-38.1,854.8,NA,281,42
1991,3,24,0,-38.5,854.6,15.1,281,42
1991,3,24,3,-38.3,853.5,17,269,43
1991,3,24,6,-37.6,852.2,16.1,270,43
1991,3,24,9,-35.5,851.5,14.1,272,45
1991,3,24,12,-35.4,849.5,14.3,272,45
1991,3,24,15,-35,848.8,15.3,267,46
1991,3,24,18,-34.1,848,15.6,277,47
1991,3,24,21,-34,847.6,13.6,279,47
1991,3,25,0,-32.9,846.1,14.3,280,47
1991,3,25,3,-31.4,844.7,12.6,280,48
1991,3,25,6,-32.3,843.1,13.8,277,47
1991,3,25,9,-33.8,843.4,12.6,280,46
1991,3,25,12,-36.8,844.7,14.8,283,44
1991,3,25,15,-38.1,845.1,NA,267,43
1991,3,25,18,-38.8,846.1,NA,279,42
1991,3,25,21,-38.5,847.1,15.1,286,42
1991,3,26,0,-36.3,849.3,16.8,284,44
1991,3,26,3,-35.3,851,13.1,274,45
1991,3,26,6,-33.5,851.4,NA,277,47
1991,3,26,9,-33.9,853.8,14.3,265,47
1991,3,26,12,-34.1,855.5,16.5,288,47
1991,3,26,15,-33.9,857.6,NA,288,47
1991,3,26,18,-33,859.1,18.8,280,48
1991,3,26,21,-32.8,860.6,17,296,48
1991,3,27,0,-30.4,860.6,NA,306,48
1991,3,27,3,-29.3,862.5,NA,288,49
1991,3,27,6,-27.9,862.1,NA,290,51
1991,3,27,9,-28.3,861.8,NA,296,51
1991,3,27,12,-27.9,861.9,16.3,306,50
1991,3,27,15,-26.4,860.5,NA,309,49
1991,3,27,18,-25.6,858.5,NA,309,53
1991,3,27,21,-24.9,858.7,NA,308,51
1991,3,28,0,-24.4,859.3,NA,326,48
1991,3,28,3,-25.3,860.2,NA,326,44
1991,3,28,6,-29.1,861.5,4.4,326,44
1991,3,28,9,-30,862.3,NA,276,49
1991,3,28,12,-30.4,863.1,NA,288,49
1991,3,28,15,-29.5,864.1,9.4,281,50
1991,3,28,18,-30.4,864,13.3,283,50
1991,3,28,21,-29.1,864.1,13.3,280,51
1991,3,29,0,-29.8,862,16.5,301,50
1991,3,29,3,-29.6,861.1,17,298,50
1991,3,29,6,-29.8,860,15.6,299,50
1991,3,29,9,-30.6,859,19,299,49
1991,3,29,12,-31,857.6,17,296,49
1991,3,29,15,-31.5,856.6,20.5,296,48
1991,3,29,18,-30.5,856.3,20.3,277,49
1991,3,29,21,-31.3,854.1,NA,252,49
1991,3,30,0,-32,851.6,NA,293,48
1991,3,30,3,NA,NA,NA,NA,NA
1991,3,30,6,NA,NA,NA,NA,NA
1991,3,30,9,NA,NA,NA,NA,NA
1991,3,30,12,NA,NA,NA,NA,NA
1991,3,30,15,NA,NA,NA,NA,NA
1991,3,30,18,NA,NA,NA,NA,NA
1991,3,30,21,NA,NA,NA,NA,NA
1991,3,31,0,NA,NA,NA,NA,NA
1991,3,31,3,NA,NA,NA,NA,NA
1991,3,31,6,NA,NA,NA,NA,NA
1991,3,31,9,NA,NA,NA,NA,NA
1991,3,31,12,NA,NA,NA,NA,NA
1991,3,31,15,NA,NA,NA,NA,NA
1991,3,31,18,NA,NA,NA,NA,NA
1991,3,31,21,NA,NA,NA,NA,NA
1991,4,1,0,NA,NA,NA,NA,NA
1991,4,1,3,NA,NA,NA,NA,NA
1991,4,1,6,NA,NA,NA,NA,NA
1991,4,1,9,NA,NA,NA,NA,NA
1991,4,1,12,NA,NA,NA,NA,NA
1991,4,1,15,NA,NA,NA,NA,NA
1991,4,1,18,NA,NA,NA,NA,NA
1991,4,1,21,NA,NA,NA,NA,NA
1991,4,2,0,NA,NA,NA,NA,NA
1991,4,2,3,NA,NA,NA,NA,NA
1991,4,2,6,NA,NA,NA,NA,NA
1991,4,2,9,NA,NA,NA,NA,NA
1991,4,2,12,NA,NA,NA,NA,NA
1991,4,2,15,NA,NA,NA,NA,NA
1991,4,2,18,NA,NA,NA,NA,NA
1991,4,2,21,NA,NA,NA,NA,NA
1991,4,3,0,NA,NA,NA,NA,NA
1991,4,3,3,NA,NA,NA,NA,NA
1991,4,3,6,NA,NA,NA,NA,NA
1991,4,3,9,NA,NA,NA,NA,NA
1991,4,3,12,NA,NA,NA,NA,NA
1991,4,3,15,NA,NA,NA,NA,NA
1991,4,3,18,NA,NA,NA,NA,NA
1991,4,3,21,NA,NA,NA,NA,NA
1991,4,4,0,NA,NA,NA,NA,NA
1991,4,4,3,NA,NA,NA,NA,NA
1991,4,4,6,NA,NA,NA,NA,NA
1991,4,4,9,NA,NA,NA,NA,NA
1991,4,4,12,NA,NA,NA,NA,NA
1991,4,4,15,NA,NA,NA,NA,NA
1991,4,4,18,NA,NA,NA,NA,NA
1991,4,4,21,NA,NA,NA,NA,NA
1991,4,5,0,NA,NA,NA,NA,NA
1991,4,5,3,NA,NA,NA,NA,NA
1991,4,5,6,NA,NA,NA,NA,NA
1991,4,5,9,NA,NA,NA,NA,NA
1991,4,5,12,NA,NA,NA,NA,NA
1991,4,5,15,NA,NA,NA,NA,NA
1991,4,5,18,NA,NA,NA,NA,NA
1991,4,5,21,NA,NA,NA,NA,NA
1991,4,6,0,NA,NA,NA,NA,NA
1991,4,6,3,NA,NA,NA,NA,NA
1991,4,6,6,NA,NA,NA,NA,NA
1991,4,6,9,NA,NA,NA,NA,NA
1991,4,6,12,NA,NA,NA,NA,NA
1991,4,6,15,NA,NA,NA,NA,NA
1991,4,6,18,NA,NA,NA,NA,NA
1991,4,6,21,NA,NA,NA,NA,NA
1991,4,7,0,NA,NA,NA,NA,NA
1991,4,7,3,NA,NA,NA,NA,NA
1991,4,7,6,NA,NA,NA,NA,NA
1991,4,7,9,NA,NA,NA,NA,NA
1991,4,7,12,NA,NA,NA,NA,NA
1991,4,7,15,NA,NA,NA,NA,NA
1991,4,7,18,NA,NA,NA,NA,NA
1991,4,7,21,NA,NA,NA,NA,NA
1991,4,8,0,NA,NA,NA,NA,NA
1991,4,8,3,NA,NA,NA,NA,NA
1991,4,8,6,NA,NA,NA,NA,NA
1991,4,8,9,NA,NA,NA,NA,NA
1991,4,8,12,NA,NA,NA,NA,NA
1991,4,8,15,NA,NA,NA,NA,NA
1991,4,8,18,NA,NA,NA,NA,NA
1991,4,8,21,NA,NA,NA,NA,NA
1991,4,9,0,NA,NA,NA,NA,NA
1991,4,9,3,NA,NA,NA,NA,NA
1991,4,9,6,NA,NA,NA,NA,NA
1991,4,9,9,NA,NA,NA,NA,NA
1991,4,9,12,NA,NA,NA,NA,NA
1991,4,9,15,NA,NA,NA,NA,NA
1991,4,9,18,NA,NA,NA,NA,NA
1991,4,9,21,NA,NA,NA,NA,NA
1991,4,10,0,NA,NA,NA,NA,NA
1991,4,10,3,NA,NA,NA,NA,NA
1991,4,10,6,NA,NA,NA,NA,NA
1991,4,10,9,NA,NA,NA,NA,NA
1991,4,10,12,NA,NA,NA,NA,NA
1991,4,10,15,NA,NA,NA,NA,NA
1991,4,10,18,NA,NA,NA,NA,NA
1991,4,10,21,NA,NA,NA,NA,NA
1991,4,11,0,NA,NA,NA,NA,NA
1991,4,11,3,NA,NA,NA,NA,NA
1991,4,11,6,NA,NA,NA,NA,NA
1991,4,11,9,NA,NA,NA,NA,NA
1991,4,11,12,NA,NA,NA,NA,NA
1991,4,11,15,NA,NA,NA,NA,NA
1991,4,11,18,NA,NA,NA,NA,NA
1991,4,11,21,NA,NA,NA,NA,NA
1991,4,12,0,NA,NA,NA,NA,NA
1991,4,12,3,NA,NA,NA,NA,NA
1991,4,12,6,NA,NA,NA,NA,NA
1991,4,12,9,NA,NA,NA,NA,NA
1991,4,12,12,NA,NA,NA,NA,NA
1991,4,12,15,NA,NA,NA,NA,NA
1991,4,12,18,NA,NA,NA,NA,NA
1991,4,12,21,NA,NA,NA,NA,NA
1991,4,13,0,NA,NA,NA,NA,NA
1991,4,13,3,NA,NA,NA,NA,NA
1991,4,13,6,NA,NA,NA,NA,NA
1991,4,13,9,NA,NA,NA,NA,NA
1991,4,13,12,NA,NA,NA,NA,NA
1991,4,13,15,NA,NA,NA,NA,NA
1991,4,13,18,NA,NA,NA,NA,NA
1991,4,13,21,NA,NA,NA,NA,NA
1991,4,14,0,NA,NA,NA,NA,NA
1991,4,14,3,NA,NA,NA,NA,NA
1991,4,14,6,NA,NA,NA,NA,NA
1991,4,14,9,NA,NA,NA,NA,NA
1991,4,14,12,NA,NA,NA,NA,NA
1991,4,14,15,NA,NA,NA,NA,NA
1991,4,14,18,NA,NA,NA,NA,NA
1991,4,14,21,NA,NA,NA,NA,NA
1991,4,15,0,NA,NA,NA,NA,NA
1991,4,15,3,NA,NA,NA,NA,NA
1991,4,15,6,NA,NA,NA,NA,NA
1991,4,15,9,NA,NA,NA,NA,NA
1991,4,15,12,NA,NA,NA,NA,NA
1991,4,15,15,NA,NA,NA,NA,NA
1991,4,15,18,NA,NA,NA,NA,NA
1991,4,15,21,NA,NA,NA,NA,NA
1991,4,16,0,NA,NA,NA,NA,NA
1991,4,16,3,NA,NA,NA,NA,NA
1991,4,16,6,NA,NA,NA,NA,NA
1991,4,16,9,NA,NA,NA,NA,NA
1991,4,16,12,NA,NA,NA,NA,NA
1991,4,16,15,NA,NA,NA,NA,NA
1991,4,16,18,NA,NA,NA,NA,NA
1991,4,16,21,NA,NA,NA,NA,NA
1991,4,17,0,NA,NA,NA,NA,NA
1991,4,17,3,NA,NA,NA,NA,NA
1991,4,17,6,NA,NA,NA,NA,NA
1991,4,17,9,NA,NA,NA,NA,NA
1991,4,17,12,NA,NA,NA,NA,NA
1991,4,17,15,NA,NA,NA,NA,NA
1991,4,17,18,NA,NA,NA,NA,NA
1991,4,17,21,NA,NA,NA,NA,NA
1991,4,18,0,NA,NA,NA,NA,NA
1991,4,18,3,NA,NA,NA,NA,NA
1991,4,18,6,NA,NA,NA,NA,NA
1991,4,18,9,NA,NA,NA,NA,NA
1991,4,18,12,NA,NA,NA,NA,NA
1991,4,18,15,NA,NA,NA,NA,NA
1991,4,18,18,NA,NA,NA,NA,NA
1991,4,18,21,NA,NA,NA,NA,NA
1991,4,19,0,NA,NA,NA,NA,NA
1991,4,19,3,NA,NA,NA,NA,NA
1991,4,19,6,NA,NA,NA,NA,NA
1991,4,19,9,NA,NA,NA,NA,NA
1991,4,19,12,NA,NA,NA,NA,NA
1991,4,19,15,NA,NA,NA,NA,NA
1991,4,19,18,NA,NA,NA,NA,NA
1991,4,19,21,NA,NA,NA,NA,NA
1991,4,20,0,NA,NA,NA,NA,NA
1991,4,20,3,NA,NA,NA,NA,NA
1991,4,20,6,NA,NA,NA,NA,NA
1991,4,20,9,NA,NA,NA,NA,NA
1991,4,20,12,NA,NA,NA,NA,NA
1991,4,20,15,NA,NA,NA,NA,NA
1991,4,20,18,NA,NA,NA,NA,NA
1991,4,20,21,NA,NA,NA,NA,NA
1991,4,21,0,NA,NA,NA,NA,NA
1991,4,21,3,NA,NA,NA,NA,NA
1991,4,21,6,NA,NA,NA,NA,NA
1991,4,21,9,NA,NA,NA,NA,NA
1991,4,21,12,NA,NA,NA,NA,NA
1991,4,21,15,NA,NA,NA,NA,NA
1991,4,21,18,NA,NA,NA,NA,NA
1991,4,21,21,NA,NA,NA,NA,NA
1991,4,22,0,NA,NA,NA,NA,NA
1991,4,22,3,NA,NA,NA,NA,NA
1991,4,22,6,NA,NA,NA,NA,NA
1991,4,22,9,NA,NA,NA,NA,NA
1991,4,22,12,NA,NA,NA,NA,NA
1991,4,22,15,NA,NA,NA,NA,NA
1991,4,22,18,NA,NA,NA,NA,NA
1991,4,22,21,NA,NA,NA,NA,NA
1991,4,23,0,NA,NA,NA,NA,NA
1991,4,23,3,NA,NA,NA,NA,NA
1991,4,23,6,NA,NA,NA,NA,NA
1991,4,23,9,-31.4,862.1,21,298,50
1991,4,23,12,-29.1,864.3,NA,301,51
1991,4,23,15,-26.9,863.5,NA,301,54
1991,4,23,18,NA,NA,NA,NA,NA
1991,4,23,21,NA,NA,NA,NA,NA
1991,4,24,0,NA,NA,NA,NA,NA
1991,4,24,3,NA,NA,NA,NA,NA
1991,4,24,6,NA,NA,NA,NA,NA
1991,4,24,9,NA,NA,NA,NA,NA
1991,4,24,12,NA,NA,NA,NA,NA
1991,4,24,15,NA,NA,NA,NA,NA
1991,4,24,18,NA,NA,NA,NA,NA
1991,4,24,21,NA,NA,NA,NA,NA
1991,4,25,0,-26.8,864.7,15.3,315,54
1991,4,25,3,-27.9,866.8,NA,276,52
1991,4,25,6,-27.9,866,NA,306,53
1991,4,25,9,-26,865.7,NA,296,54
1991,4,25,12,-26.5,864.5,20,284,54
1991,4,25,15,-27,861.6,18.3,298,53
1991,4,25,18,-25.6,859.4,18.5,298,54
1991,4,25,21,-25.8,857.7,21.2,296,53
1991,4,26,0,-26.1,856,17.8,294,53
1991,4,26,3,-26.9,854.7,NA,291,53
1991,4,26,6,-27.9,853.6,NA,288,53
1991,4,26,9,-28.8,852.1,15.8,294,51
1991,4,26,12,-29.9,851,NA,296,49
1991,4,26,15,-30,849.5,14.6,290,49
1991,4,26,18,-31.8,847.7,16.8,296,48
1991,4,26,21,-32.6,848.2,14.1,296,47
1991,4,27,0,-33.5,848.5,15.1,296,46
1991,4,27,3,-35.5,849.1,15.6,294,45
1991,4,27,6,-36.6,849.9,15.3,291,44
1991,4,27,9,-38.1,849.4,18.8,291,43
1991,4,27,12,-39.5,849.1,19.8,296,42
1991,4,27,15,-40.4,849.8,15.6,290,42
1991,4,27,18,-40.9,849,NA,NA,41
1991,4,27,21,-40.4,849.6,NA,NA,41
1991,4,28,0,-40.4,851.4,NA,NA,41
1991,4,28,3,-37,852.7,NA,NA,44
1991,4,28,6,NA,853.7,NA,NA,49
1991,4,28,9,NA,855.3,NA,NA,50
1991,4,28,12,-28.3,856.8,NA,NA,51
1991,4,28,15,-28.1,857.9,NA,NA,52
1991,4,28,18,-27.6,858.2,NA,NA,53
1991,4,28,21,-27.4,859.8,NA,NA,52
1991,4,29,0,-30.5,859.4,NA,NA,49
1991,4,29,3,-30.9,858.6,NA,NA,50
1991,4,29,6,-29.8,858.1,NA,NA,50
1991,4,29,9,-32.6,856.9,NA,NA,48
1991,4,29,12,-31.8,856.3,NA,NA,49
1991,4,29,15,-32.1,856.2,NA,NA,48
1991,4,29,18,-32.1,854.8,NA,NA,48
1991,4,29,21,-29.6,854.4,NA,NA,50
1991,4,30,0,-30.5,854.4,NA,NA,49
1991,4,30,3,-32.4,853.7,NA,NA,47
1991,4,30,6,-34.3,852.9,NA,NA,46
1991,4,30,9,-35.4,852.2,NA,NA,45
1991,4,30,12,-35.4,851.3,NA,NA,46
1991,4,30,15,-36.6,850.1,NA,NA,44
1991,4,30,18,-36.3,849,NA,NA,45
1991,4,30,21,-35.1,849.4,NA,NA,45
1991,5,1,0,NA,NA,NA,NA,NA
1991,5,1,3,NA,NA,NA,NA,NA
1991,5,1,6,NA,NA,NA,NA,NA
1991,5,1,9,-35.9,855.6,NA,NA,44
1991,5,1,12,-36.4,857.1,NA,NA,44
1991,5,1,15,-36.4,858.9,NA,NA,44
1991,5,1,18,-37.4,858.6,NA,NA,44
1991,5,1,21,-38.8,860.4,NA,NA,42
1991,5,2,0,-39.8,862,NA,NA,42
1991,5,2,3,-39.1,864.1,NA,NA,42
1991,5,2,6,-38.8,864,NA,NA,42
1991,5,2,9,-38.8,865.7,NA,NA,42
1991,5,2,12,-38.4,866.4,NA,NA,43
1991,5,2,15,-36.9,864.6,NA,NA,44
1991,5,2,18,-34.4,864.3,NA,NA,46
1991,5,2,21,-33,864.1,NA,NA,48
1991,5,3,0,-32.1,863,NA,NA,48
1991,5,3,3,-30.9,862.5,NA,NA,48
1991,5,3,6,-30.9,860.8,NA,NA,49
1991,5,3,9,-31.4,858.5,NA,NA,49
1991,5,3,12,-32.1,857.7,NA,NA,48
1991,5,3,15,-32.3,856.9,NA,NA,48
1991,5,3,18,-33.1,856.3,NA,NA,47
1991,5,3,21,-33.1,855.9,NA,NA,46
1991,5,4,0,-34.5,856.5,NA,NA,46
1991,5,4,3,-33.9,856.5,NA,NA,47
1991,5,4,6,-34.5,857.5,NA,NA,46
1991,5,4,9,-33.9,855,NA,NA,47
1991,5,4,12,-31.8,854.4,NA,NA,48
1991,5,4,15,-33.5,854.8,NA,NA,47
1991,5,4,18,-35.8,854.3,NA,NA,45
1991,5,4,21,-37,854.2,NA,NA,44
1991,5,5,0,-37,854.4,NA,NA,44
1991,5,5,3,-36.8,854.8,NA,NA,44
1991,5,5,6,-36.8,853.9,NA,NA,44
1991,5,5,9,-35.9,852,NA,NA,45
1991,5,5,12,-33.8,849.1,NA,NA,46
1991,5,5,15,-32.3,847,NA,NA,48
1991,5,5,18,-32.8,846.3,NA,NA,47
1991,5,5,21,-32.4,846.3,NA,NA,45
1991,5,6,0,-31.8,847.2,NA,NA,46
1991,5,6,3,-34.5,848,NA,NA,45
1991,5,6,6,-35.5,848.4,NA,NA,45
1991,5,6,9,-36.3,848.8,NA,NA,45
1991,5,6,12,-36.8,849.8,NA,NA,44
1991,5,6,15,-37.8,849,NA,NA,43
1991,5,6,18,NA,NA,NA,NA,NA
1991,5,6,21,NA,NA,NA,NA,NA
1991,5,7,0,-39.8,850,NA,NA,42
1991,5,7,3,-39.4,851.7,NA,NA,42
1991,5,7,6,-39.3,850.1,NA,NA,42
1991,5,7,9,-39.4,849.6,NA,NA,42
1991,5,7,12,-39.3,850,NA,NA,42
1991,5,7,15,-39.9,850.2,NA,NA,42
1991,5,7,18,-40,851.4,NA,NA,42
1991,5,7,21,-40.4,852.2,NA,NA,41
1991,5,8,0,-40.5,851.4,NA,NA,41
1991,5,8,3,-40.4,851.2,NA,NA,41
1991,5,8,6,-40,850.4,NA,NA,42
1991,5,8,9,-39.1,849.9,NA,NA,42
1991,5,8,12,-37,849.2,NA,NA,42
1991,5,8,15,-36.1,849.6,NA,NA,41
1991,5,8,18,-37.1,850.5,NA,NA,42
1991,5,8,21,-39.1,851.2,NA,NA,41
1991,5,9,0,-40.6,852.3,NA,NA,41
1991,5,9,3,-39.5,853.3,NA,NA,41
1991,5,9,6,-41,854.3,NA,NA,40
1991,5,9,9,-40.3,855.2,NA,NA,41
1991,5,9,12,-41.6,855.9,NA,NA,40
1991,5,9,15,-42.4,855.2,NA,NA,39
1991,5,9,18,-41,855.6,NA,NA,41
1991,5,9,21,-41,855.5,NA,NA,41
1991,5,10,0,-41,856,NA,NA,41
1991,5,10,3,-39.5,855.4,NA,NA,42
1991,5,10,6,-39.3,855.5,NA,NA,42
1991,5,10,9,-38.8,855.3,NA,NA,42
1991,5,10,12,-40.5,854.7,NA,NA,41
1991,5,10,15,-41.6,854.5,NA,NA,40
1991,5,10,18,-42.1,854.4,NA,NA,40
1991,5,10,21,-42.5,853.7,NA,NA,39
1991,5,11,0,-43.6,854.1,NA,NA,38
1991,5,11,3,-44,854.8,NA,NA,38
1991,5,11,6,-44.3,855.8,NA,NA,37
1991,5,11,9,-44,857.2,NA,NA,38
1991,5,11,12,-42.5,857.7,NA,NA,38
1991,5,11,15,-40.5,858.3,NA,NA,40
1991,5,11,18,-38.8,858.1,NA,NA,42
1991,5,11,21,-38.9,857.8,NA,NA,41
1991,5,12,0,-40.6,857.5,NA,NA,40
1991,5,12,3,-41.6,856.4,NA,NA,40
1991,5,12,6,-41.1,855.5,NA,NA,40
1991,5,12,9,-41,854.8,NA,NA,40
1991,5,12,12,-39.9,853.2,NA,NA,41
1991,5,12,15,-39.5,851.7,NA,NA,42
1991,5,12,18,-38.9,849.3,NA,NA,42
1991,5,12,21,-37.9,848.1,NA,NA,43
1991,5,13,0,-36.8,846.9,NA,NA,43
1991,5,13,3,-36.9,845,NA,NA,43
1991,5,13,6,-36.5,842.6,NA,NA,45
1991,5,13,9,-36.8,840.9,NA,NA,42
1991,5,13,12,-38.1,839,NA,NA,42
1991,5,13,15,NA,837.8,NA,NA,39
1991,5,13,18,NA,837.4,NA,NA,39
1991,5,13,21,-43.9,838.8,NA,NA,38
1991,5,14,0,-45.4,841.2,NA,NA,37
1991,5,14,3,-45.4,842.6,NA,NA,37
1991,5,14,6,-42.8,844.8,NA,NA,38
1991,5,14,9,-40.9,846.7,NA,NA,40
1991,5,14,12,-39.8,848.1,NA,NA,40
1991,5,14,15,-40.1,848.7,NA,NA,40
1991,5,14,18,-40.6,849.2,NA,NA,39
1991,5,14,21,-40.8,850.1,NA,NA,40
1991,5,15,0,-43.8,851.1,NA,NA,38
1991,5,15,3,NA,851.9,NA,NA,36
1991,5,15,6,-47.3,852.2,NA,NA,35
1991,5,15,9,-48.5,852.9,NA,NA,34
1991,5,15,12,-49,853.3,NA,NA,34
1991,5,15,15,-49.5,853.5,NA,NA,33
1991,5,15,18,-50.1,853.6,NA,NA,33
1991,5,15,21,-50.4,854,NA,NA,33
1991,5,16,0,-50.5,853.4,NA,NA,33
1991,5,16,3,-49.9,852.4,NA,NA,33
1991,5,16,6,-48.3,852,NA,NA,35
1991,5,16,9,-47.4,851.5,NA,NA,35
1991,5,16,12,-46,850.1,NA,NA,36
1991,5,16,15,-44.9,848.6,NA,NA,37
1991,5,16,18,-44.1,847.1,NA,NA,38
1991,5,16,21,-43.3,844.7,NA,NA,38
1991,5,17,0,-42.9,842.9,NA,NA,39
1991,5,17,3,-40.6,841.5,NA,NA,41
1991,5,17,6,-41.8,840.6,NA,NA,40
1991,5,17,9,-43.6,839,NA,NA,38
1991,5,17,12,-45.9,838.2,NA,NA,37
1991,5,17,15,-46,836.8,NA,NA,37
1991,5,17,18,-44.6,835.1,NA,NA,37
1991,5,17,21,NA,834.7,NA,NA,40
1991,5,18,0,NA,835,NA,NA,42
1991,5,18,3,-36.5,834.9,NA,NA,44
1991,5,18,6,-36.5,836.3,NA,NA,44
1991,5,18,9,-35.4,836.4,NA,NA,45
1991,5,18,12,-33.6,837.7,NA,NA,46
1991,5,18,15,-32.9,839.4,NA,NA,48
1991,5,18,18,-31.8,840.8,NA,NA,49
1991,5,18,21,-33.9,841.3,NA,NA,45
1991,5,19,0,-33,841.4,NA,NA,46
1991,5,19,3,-34,841.2,NA,NA,46
1991,5,19,6,-35.1,841.1,NA,NA,46
1991,5,19,9,-36.8,841.2,NA,NA,44
1991,5,19,12,-36.8,841.4,NA,NA,44
1991,5,19,15,-36.8,840.5,NA,NA,44
1991,5,19,18,-36.8,840.8,NA,NA,44
1991,5,19,21,-36.4,841.4,NA,NA,45
1991,5,20,0,-36.9,841.3,NA,NA,44
1991,5,20,3,-37.1,842.2,NA,NA,44
1991,5,20,6,-37.6,840.3,NA,NA,43
1991,5,20,9,-38.9,841.7,NA,NA,42
1991,5,20,12,-39.5,840.8,NA,NA,42
1991,5,20,15,-39.3,839.6,NA,NA,42
1991,5,20,18,-39.3,839.1,NA,NA,42
1991,5,20,21,-39.4,837.7,NA,NA,42
1991,5,21,0,-38.3,837.4,NA,NA,42
1991,5,21,3,-35,836.4,NA,NA,44
1991,5,21,6,-35.4,835.6,NA,NA,45
1991,5,21,9,-35.8,836.1,NA,NA,45
1991,5,21,12,-34,836.7,NA,NA,46
1991,5,21,15,-37.6,838.2,NA,NA,43
1991,5,21,18,-36.9,840.4,NA,NA,44
1991,5,21,21,-36.5,843.2,NA,NA,44
1991,5,22,0,-34.5,846.1,NA,NA,46
1991,5,22,3,-33.4,848.9,NA,NA,47
1991,5,22,6,-31.6,852.1,NA,NA,49
1991,5,22,9,-30.9,854,NA,NA,49
1991,5,22,12,-30,855.2,NA,NA,50
1991,5,22,15,-32.3,855,NA,NA,48
1991,5,22,18,-33.5,855.4,NA,NA,47
1991,5,22,21,-33.4,855.9,NA,NA,47
1991,5,23,0,-35.9,856.4,NA,NA,45
1991,5,23,3,-37.9,857.1,NA,NA,43
1991,5,23,6,-40.3,857.8,NA,NA,42
1991,5,23,9,-40.6,858.3,NA,NA,41
1991,5,23,12,-40.6,857.1,NA,NA,41
1991,5,23,15,-41.5,858.8,NA,NA,40
1991,5,23,18,-43.3,858.7,NA,NA,39
1991,5,23,21,-43,860.7,NA,NA,39
1991,5,24,0,-43,861.8,NA,NA,39
1991,5,24,3,-43.5,864.6,NA,NA,38
1991,5,24,6,-43.4,864.8,NA,NA,39
1991,5,24,9,-43,866.3,NA,NA,39
1991,5,24,12,-40,867.7,NA,NA,42
1991,5,24,15,NA,868.7,NA,NA,45
1991,5,24,18,NA,868.9,NA,NA,47
1991,5,24,21,-33.3,869.1,NA,NA,47
1991,5,25,0,-30.4,869,NA,NA,49
1991,5,25,3,-28.4,869.2,NA,NA,50
1991,5,25,6,-26.3,868.6,NA,NA,53
1991,5,25,9,-23.9,867.6,NA,NA,56
1991,5,25,12,-23.5,867,NA,NA,56
1991,5,25,15,-25.3,865.4,NA,NA,54
1991,5,25,18,-24.9,864.2,NA,NA,55
1991,5,25,21,-24.5,863.4,NA,NA,54
1991,5,26,0,-25.8,862.1,NA,NA,53
1991,5,26,3,-25,861.1,NA,NA,54
1991,5,26,6,-22.1,860.9,NA,NA,54
1991,5,26,9,-23.9,861.8,NA,NA,51
1991,5,26,12,-22.6,861.3,NA,NA,54
1991,5,26,15,-20.5,861.4,NA,NA,54
1991,5,26,18,-21.9,860.9,NA,NA,53
1991,5,26,21,-23.9,860.5,NA,NA,51
1991,5,27,0,NA,859.3,NA,NA,53
1991,5,27,3,-27.6,857.3,NA,NA,51
1991,5,27,6,-27.9,855.4,NA,NA,53
1991,5,27,9,-30.8,853,NA,NA,50
1991,5,27,12,-30.6,851.5,NA,NA,50
1991,5,27,15,-31,851.3,NA,NA,49
1991,5,27,18,-31,850.9,NA,NA,49
1991,5,27,21,-33.5,851.1,NA,NA,47
1991,5,28,0,-35.1,852.2,NA,NA,46
1991,5,28,3,-35.4,853.1,NA,NA,45
1991,5,28,6,-35.4,854.1,NA,NA,45
1991,5,28,9,-31.1,855.1,NA,NA,49
1991,5,28,12,NA,855.6,NA,NA,51
1991,5,28,15,NA,855.8,NA,NA,56
1991,5,28,18,-24.9,855.9,NA,NA,55
1991,5,28,21,-24.3,856.2,NA,NA,55
1991,5,29,0,-24.4,855.7,NA,NA,54
1991,5,29,3,-25,855.5,NA,NA,53
1991,5,29,6,-28.8,854.9,NA,NA,51
1991,5,29,9,NA,854.5,NA,NA,50
1991,5,29,12,-31,854.3,NA,NA,49
1991,5,29,15,NA,NA,NA,NA,NA
1991,5,29,18,-31.8,853.4,NA,NA,48
1991,5,29,21,-34.4,854.7,NA,NA,47
1991,5,30,0,-35.3,855.7,NA,NA,46
1991,5,30,3,-36,855.9,NA,NA,45
1991,5,30,6,-36.3,856.6,NA,NA,45
1991,5,30,9,-36.4,856.9,NA,NA,44
1991,5,30,12,-35.9,857.4,NA,NA,45
1991,5,30,15,-35.6,858.2,NA,NA,45
1991,5,30,18,-34.4,858.5,NA,NA,46
1991,5,30,21,-35.4,860.3,NA,NA,45
1991,5,31,0,-36.8,861,NA,NA,44
1991,5,31,3,-37.9,861.8,NA,NA,43
1991,5,31,6,-37.8,862.8,NA,NA,43
1991,5,31,9,-38.3,863.8,NA,NA,43
1991,5,31,12,-38.1,864.8,NA,NA,43
1991,5,31,15,-38.6,865.8,NA,NA,42
1991,5,31,18,-38.3,866.4,NA,NA,43
1991,5,31,21,-38.1,866.7,NA,NA,43
1991,6,1,0,-38.5,866.7,14.3,294,42
1991,6,1,3,-38.9,865.7,13.8,296,42
1991,6,1,6,-38.9,865.8,13.8,293,42
1991,6,1,9,-40.5,863.8,NA,293,41
1991,6,1,12,-41.1,863.2,NA,288,40
1991,6,1,15,NA,NA,NA,NA,NA
1991,6,1,18,NA,NA,NA,NA,NA
1991,6,1,21,NA,NA,NA,NA,NA
1991,6,2,0,NA,NA,NA,NA,NA
1991,6,2,3,NA,NA,NA,NA,NA
1991,6,2,6,NA,NA,NA,NA,NA
1991,6,2,9,NA,NA,NA,NA,NA
1991,6,2,12,NA,NA,NA,NA,NA
1991,6,2,15,NA,NA,NA,NA,NA
1991,6,2,18,NA,NA,NA,NA,NA
1991,6,2,21,NA,NA,NA,NA,NA
1991,6,3,0,NA,NA,NA,NA,NA
1991,6,3,3,NA,NA,NA,NA,NA
1991,6,3,6,NA,NA,NA,NA,NA
1991,6,3,9,NA,NA,NA,NA,NA
1991,6,3,12,NA,NA,NA,NA,NA
1991,6,3,15,NA,NA,NA,NA,NA
1991,6,3,18,NA,NA,NA,NA,NA
1991,6,3,21,NA,NA,NA,NA,NA
1991,6,4,0,NA,NA,NA,NA,NA
1991,6,4,3,NA,NA,NA,NA,NA
1991,6,4,6,NA,NA,NA,NA,NA
1991,6,4,9,NA,NA,NA,NA,NA
1991,6,4,12,NA,NA,NA,NA,NA
1991,6,4,15,NA,NA,NA,NA,NA
1991,6,4,18,NA,NA,NA,NA,NA
1991,6,4,21,NA,NA,NA,NA,NA
1991,6,5,0,NA,NA,NA,NA,NA
1991,6,5,3,NA,NA,NA,NA,NA
1991,6,5,6,NA,NA,NA,NA,NA
1991,6,5,9,NA,NA,NA,NA,NA
1991,6,5,12,NA,NA,NA,NA,NA
1991,6,5,15,NA,NA,NA,NA,NA
1991,6,5,18,NA,NA,NA,NA,NA
1991,6,5,21,NA,NA,NA,NA,NA
1991,6,6,0,NA,NA,NA,NA,NA
1991,6,6,3,NA,NA,NA,NA,NA
1991,6,6,6,NA,NA,NA,NA,NA
1991,6,6,9,NA,NA,NA,NA,NA
1991,6,6,12,NA,NA,NA,NA,NA
1991,6,6,15,NA,NA,NA,NA,NA
1991,6,6,18,NA,NA,NA,NA,NA
1991,6,6,21,NA,NA,NA,NA,NA
1991,6,7,0,NA,NA,NA,NA,NA
1991,6,7,3,-36.9,856.8,20.3,290,44
1991,6,7,6,NA,NA,NA,NA,NA
1991,6,7,9,NA,NA,NA,NA,NA
1991,6,7,12,NA,NA,NA,NA,NA
1991,6,7,15,NA,NA,NA,NA,NA
1991,6,7,18,NA,NA,NA,NA,NA
1991,6,7,21,NA,NA,NA,NA,NA
1991,6,8,0,NA,NA,NA,NA,NA
1991,6,8,3,NA,NA,NA,NA,NA
1991,6,8,6,NA,NA,NA,NA,NA
1991,6,8,9,NA,NA,NA,NA,NA
1991,6,8,12,NA,NA,NA,NA,NA
1991,6,8,15,NA,NA,NA,NA,NA
1991,6,8,18,NA,NA,NA,NA,NA
1991,6,8,21,NA,NA,NA,NA,NA
1991,6,9,0,NA,NA,NA,NA,NA
1991,6,9,3,NA,NA,NA,NA,NA
1991,6,9,6,NA,NA,NA,NA,NA
1991,6,9,9,NA,NA,NA,NA,NA
1991,6,9,12,NA,NA,NA,NA,NA
1991,6,9,15,NA,NA,NA,NA,NA
1991,6,9,18,NA,NA,NA,NA,NA
1991,6,9,21,NA,NA,NA,NA,NA
1991,6,10,0,NA,NA,NA,NA,NA
1991,6,10,3,NA,NA,NA,NA,NA
1991,6,10,6,NA,NA,NA,NA,NA
1991,6,10,9,NA,NA,NA,NA,NA
1991,6,10,12,NA,NA,NA,NA,NA
1991,6,10,15,NA,NA,NA,NA,NA
1991,6,10,18,NA,NA,NA,NA,NA
1991,6,10,21,NA,NA,NA,NA,NA
1991,6,11,0,NA,NA,NA,NA,NA
1991,6,11,3,NA,NA,NA,NA,NA
1991,6,11,6,NA,NA,NA,NA,NA
1991,6,11,9,NA,NA,NA,NA,NA
1991,6,11,12,NA,NA,NA,NA,NA
1991,6,11,15,NA,NA,NA,NA,NA
1991,6,11,18,NA,NA,NA,NA,NA
1991,6,11,21,NA,NA,NA,NA,NA
1991,6,12,0,NA,NA,NA,NA,NA
1991,6,12,3,NA,NA,NA,NA,NA
1991,6,12,6,NA,NA,NA,NA,NA
1991,6,12,9,NA,NA,NA,NA,NA
1991,6,12,12,NA,NA,NA,NA,NA
1991,6,12,15,NA,NA,NA,NA,NA
1991,6,12,18,NA,NA,NA,NA,NA
1991,6,12,21,NA,NA,NA,NA,NA
1991,6,13,0,NA,NA,NA,NA,NA
1991,6,13,3,NA,NA,NA,NA,NA
1991,6,13,6,NA,NA,NA,NA,NA
1991,6,13,9,NA,NA,NA,NA,NA
1991,6,13,12,NA,NA,NA,NA,NA
1991,6,13,15,NA,NA,NA,NA,NA
1991,6,13,18,NA,NA,NA,NA,NA
1991,6,13,21,NA,NA,NA,NA,NA
1991,6,14,0,NA,NA,NA,NA,NA
1991,6,14,3,NA,NA,NA,NA,NA
1991,6,14,6,NA,NA,NA,NA,NA
1991,6,14,9,NA,NA,NA,NA,NA
1991,6,14,12,NA,NA,NA,NA,NA
1991,6,14,15,NA,NA,NA,NA,NA
1991,6,14,18,NA,NA,NA,NA,NA
1991,6,14,21,NA,NA,NA,NA,NA
1991,6,15,0,NA,NA,NA,NA,NA
1991,6,15,3,NA,NA,NA,NA,NA
1991,6,15,6,NA,NA,NA,NA,NA
1991,6,15,9,NA,NA,NA,NA,NA
1991,6,15,12,NA,NA,NA,NA,NA
1991,6,15,15,NA,NA,NA,NA,NA
1991,6,15,18,NA,NA,NA,NA,NA
1991,6,15,21,NA,NA,NA,NA,NA
1991,6,16,0,NA,NA,NA,NA,NA
1991,6,16,3,NA,NA,NA,NA,NA
1991,6,16,6,NA,NA,NA,NA,NA
1991,6,16,9,NA,NA,NA,NA,NA
1991,6,16,12,NA,NA,NA,NA,NA
1991,6,16,15,NA,NA,NA,NA,NA
1991,6,16,18,NA,NA,NA,NA,NA
1991,6,16,21,NA,NA,NA,NA,NA
1991,6,17,0,NA,NA,NA,NA,NA
1991,6,17,3,NA,NA,NA,NA,NA
1991,6,17,6,NA,NA,NA,NA,NA
1991,6,17,9,NA,NA,NA,NA,NA
1991,6,17,12,NA,NA,NA,NA,NA
1991,6,17,15,NA,NA,NA,NA,NA
1991,6,17,18,NA,NA,NA,NA,NA
1991,6,17,21,NA,NA,NA,NA,NA
1991,6,18,0,NA,NA,NA,NA,NA
1991,6,18,3,NA,NA,NA,NA,NA
1991,6,18,6,NA,NA,NA,NA,NA
1991,6,18,9,NA,NA,NA,NA,NA
1991,6,18,12,NA,NA,NA,NA,NA
1991,6,18,15,NA,NA,NA,NA,NA
1991,6,18,18,NA,NA,NA,NA,NA
1991,6,18,21,NA,NA,NA,NA,NA
1991,6,19,0,NA,NA,NA,NA,NA
1991,6,19,3,NA,NA,NA,NA,NA
1991,6,19,6,NA,NA,NA,NA,NA
1991,6,19,9,NA,NA,NA,NA,NA
1991,6,19,12,NA,NA,NA,NA,NA
1991,6,19,15,NA,NA,NA,NA,NA
1991,6,19,18,NA,NA,NA,NA,NA
1991,6,19,21,NA,NA,NA,NA,NA
1991,6,20,0,NA,NA,NA,NA,NA
1991,6,20,3,NA,NA,NA,NA,NA
1991,6,20,6,NA,NA,NA,NA,NA
1991,6,20,9,NA,NA,NA,NA,NA
1991,6,20,12,NA,NA,NA,NA,NA
1991,6,20,15,-36.5,850.2,NA,NA,NA
1991,6,20,18,-38.4,852.7,NA,NA,44
1991,6,20,21,-37.4,854.4,NA,NA,44
1991,6,21,0,-35.3,856,NA,NA,45
1991,6,21,3,-35.9,857,NA,NA,46
1991,6,21,6,-35.9,857.5,NA,NA,46
1991,6,21,9,-35.8,857.2,NA,NA,46
1991,6,21,12,-36.1,857.4,NA,NA,46
1991,6,21,15,-36.1,857.1,NA,NA,46
1991,6,21,18,-35.5,856.4,NA,NA,46
1991,6,21,21,-37.6,856.7,NA,NA,44
1991,6,22,0,-38.1,857.5,NA,NA,44
1991,6,22,3,-37.8,857.7,NA,NA,44
1991,6,22,6,-38,857.8,NA,NA,44
1991,6,22,9,-37.9,858.6,NA,NA,44
1991,6,22,12,-39.5,858,NA,NA,42
1991,6,22,15,-38.4,859,NA,NA,43
1991,6,22,18,-37.1,859.8,NA,NA,45
1991,6,22,21,-36.5,860.8,NA,NA,45
1991,6,23,0,-37.1,861.1,NA,NA,45
1991,6,23,3,-35.8,861.6,NA,NA,46
1991,6,23,6,-34.8,862.8,NA,NA,46
1991,6,23,9,-33.9,863.9,NA,NA,48
1991,6,23,12,-32.3,866.2,NA,NA,48
1991,6,23,15,-34.5,869.5,NA,NA,47
1991,6,23,18,-34.8,871.3,NA,NA,47
1991,6,23,21,-34.1,873.2,NA,NA,47
1991,6,24,0,-33.1,874.2,NA,NA,48
1991,6,24,3,-31.1,874.3,NA,NA,49
1991,6,24,6,-29.4,874.3,NA,NA,50
1991,6,24,9,-28.6,874.6,NA,NA,50
1991,6,24,12,-28.1,875.5,NA,NA,51
1991,6,24,15,-29,875.5,NA,NA,51
1991,6,24,18,-28.8,876.6,NA,NA,51
1991,6,24,21,-28.3,879.1,NA,NA,52
1991,6,25,0,-30,879.1,19.5,299,51
1991,6,25,3,-29.6,881.8,NA,294,51
1991,6,25,6,-29.9,882.9,NA,294,51
1991,6,25,9,-29.9,883.4,11.4,294,51
1991,6,25,12,-29.4,883.7,NA,293,52
1991,6,25,15,-28.3,882.1,NA,296,53
1991,6,25,18,-27.4,880.1,14.3,298,53
1991,6,25,21,-26.3,881.1,15.1,291,55
1991,6,26,0,-24.4,878.3,13.8,291,56
1991,6,26,3,-21.6,874.8,17,298,58
1991,6,26,6,-24,873.4,NA,280,55
1991,6,26,9,-24.6,873.4,NA,280,53
1991,6,26,12,-26.8,867.7,NA,296,53
1991,6,26,15,-27.5,861.4,NA,305,53
1991,6,26,18,-27.5,859.6,15.1,308,53
1991,6,26,21,-27.5,860.7,NA,308,53
1991,6,27,0,-29.8,860.3,NA,NA,51
1991,6,27,3,-28.8,860.3,NA,NA,52
1991,6,27,6,-29.4,859.8,NA,NA,51
1991,6,27,9,-28.3,860.3,NA,NA,52
1991,6,27,12,-27.9,861.2,NA,NA,50
1991,6,27,15,-29.4,860.9,NA,NA,51
1991,6,27,18,-29,860.1,12.6,280,52
1991,6,27,21,-29.8,859,NA,296,51
1991,6,28,0,-29.8,859.3,NA,281,51
1991,6,28,3,-30.8,859.5,NA,NA,49
1991,6,28,6,-31,859.6,NA,NA,48
1991,6,28,9,-31.6,859.5,NA,NA,48
1991,6,28,12,-32.8,860.6,NA,NA,48
1991,6,28,15,-34.1,860.5,NA,NA,47
1991,6,28,18,-35.3,860.9,NA,NA,47
1991,6,28,21,-36.1,860.9,NA,NA,46
1991,6,29,0,-36.3,860.1,NA,NA,45
1991,6,29,3,-34.8,859.6,NA,NA,46
1991,6,29,6,-35,859.8,NA,NA,47
1991,6,29,9,-35.8,859.4,NA,NA,46
1991,6,29,12,-36.3,859.2,NA,NA,45
1991,6,29,15,-37.4,859.2,NA,NA,44
1991,6,29,18,-38.5,858.7,NA,NA,43
1991,6,29,21,-39.5,857.7,NA,NA,42
1991,6,30,0,-39.1,856.7,NA,NA,42
1991,6,30,3,-37,854.6,NA,NA,44
1991,6,30,6,-35.5,852.9,NA,NA,45
1991,6,30,9,-35.1,850.3,NA,NA,46
1991,6,30,12,-34,846.8,NA,NA,48
1991,6,30,15,-33.4,844.1,NA,NA,47
1991,6,30,18,-33.8,842.3,NA,NA,47
1991,6,30,21,-35.1,842,NA,NA,46
1991,7,1,0,NA,NA,NA,NA,NA
1991,7,1,3,-37.6,843.9,NA,NA,43
1991,7,1,6,-40.4,846,NA,NA,41
1991,7,1,9,-42.5,847.5,NA,NA,39
1991,7,1,12,-44.3,849.4,NA,NA,38
1991,7,1,15,-42.9,850.3,NA,NA,39
1991,7,1,18,-42.9,850.8,NA,NA,40
1991,7,1,21,-41.9,851.8,NA,NA,40
1991,7,2,0,-41.6,851.3,NA,NA,40
1991,7,2,3,-40.9,851.2,10.9,291,41
1991,7,2,6,-39.9,850.4,13.3,290,42
1991,7,2,9,-38.6,849.6,12.1,287,43
1991,7,2,12,-38.5,850,12.6,286,43
1991,7,2,15,-38.1,849.8,15.1,286,43
1991,7,2,18,-38.9,850,16.8,284,43
1991,7,2,21,-36.4,849.1,15.3,283,45
1991,7,3,0,-38.6,848.9,NA,NA,43
1991,7,3,3,-40.9,850.5,NA,NA,41
1991,7,3,6,-41.1,846.9,NA,NA,41
1991,7,3,9,-40.8,847.6,NA,NA,41
1991,7,3,12,NA,NA,NA,NA,NA
1991,7,3,15,-41,847.4,NA,NA,41
1991,7,3,18,-41.5,848.3,NA,NA,41
1991,7,3,21,-41.8,849.4,NA,NA,41
1991,7,4,0,-42.8,850.4,NA,NA,40
1991,7,4,3,-43.4,851.2,NA,NA,39
1991,7,4,6,-42.5,852.8,NA,NA,40
1991,7,4,9,-42.3,853.9,NA,NA,40
1991,7,4,12,-42.8,854.8,NA,NA,40
1991,7,4,15,-42.9,856.4,NA,NA,39
1991,7,4,18,-43.4,857.1,NA,NA,39
1991,7,4,21,-43.4,857.5,NA,NA,39
1991,7,5,0,-43,856.3,NA,NA,39
1991,7,5,3,-43.4,856.1,NA,NA,39
1991,7,5,6,-42.9,855,NA,NA,39
1991,7,5,9,-42.4,854.8,NA,NA,40
1991,7,5,12,-42.6,854.9,NA,NA,39
1991,7,5,15,-42.4,854.4,NA,NA,39
1991,7,5,18,-43,854.9,NA,NA,39
1991,7,5,21,-43.6,855.1,NA,NA,39
1991,7,6,0,-44.3,854.7,NA,NA,38
1991,7,6,3,-44.1,854.3,NA,NA,38
1991,7,6,6,-44.1,853.7,NA,NA,38
1991,7,6,9,-43.4,852.6,NA,NA,39
1991,7,6,12,-43,851.7,NA,NA,39
1991,7,6,15,-43.5,850.4,NA,NA,38
1991,7,6,18,-42.8,849.4,NA,NA,39
1991,7,6,21,-43,849,NA,NA,39
1991,7,7,0,-44,848.7,NA,NA,38
1991,7,7,3,-44.6,848,NA,NA,38
1991,7,7,6,-44.8,847.5,NA,NA,38
1991,7,7,9,-44.1,846.6,NA,NA,38
1991,7,7,12,-43.6,845.9,NA,NA,39
1991,7,7,15,-43.4,845,NA,NA,39
1991,7,7,18,-43.3,844.7,NA,NA,39
1991,7,7,21,-43.9,845,NA,NA,38
1991,7,8,0,-44.1,845.4,NA,NA,38
1991,7,8,3,-44.3,845.3,NA,NA,38
1991,7,8,6,-43.8,844.8,NA,NA,39
1991,7,8,9,-43.6,844.3,NA,NA,39
1991,7,8,12,-42.9,843.6,NA,NA,39
1991,7,8,15,-42.5,843.6,NA,NA,40
1991,7,8,18,-42.4,843.9,NA,NA,40
1991,7,8,21,-42.4,845.4,NA,NA,40
1991,7,9,0,-42.3,846.9,NA,NA,40
1991,7,9,3,-42.3,848.4,NA,NA,39
1991,7,9,6,-41.5,849.5,NA,NA,40
1991,7,9,9,-40.5,850.9,NA,NA,41
1991,7,9,12,-38.5,851.9,NA,NA,42
1991,7,9,15,-36.8,853.4,NA,NA,44
1991,7,9,18,-36.3,854.3,NA,NA,44
1991,7,9,21,-35.3,856,NA,NA,45
1991,7,10,0,-37.4,857,NA,NA,43
1991,7,10,3,-39.3,856.9,NA,NA,42
1991,7,10,6,-39.4,856.4,NA,NA,42
1991,7,10,9,-39.4,856.2,NA,NA,42
1991,7,10,12,-39.3,854.9,NA,NA,42
1991,7,10,15,-39.3,854,NA,NA,42
1991,7,10,18,-39.5,853.7,NA,NA,42
1991,7,10,21,-39.9,853.6,NA,NA,42
1991,7,11,0,-36.9,853.3,NA,NA,44
1991,7,11,3,-39.1,854.1,NA,NA,42
1991,7,11,6,-36.8,855.4,NA,NA,42
1991,7,11,9,-39.8,857.1,NA,NA,42
1991,7,11,12,-36.9,858.4,NA,NA,44
1991,7,11,15,-38.1,858.9,16.5,280,43
1991,7,11,18,-39.4,858.2,15.1,296,42
1991,7,11,21,-38.1,860.3,16.1,281,43
1991,7,12,0,-37.5,859.5,15.6,284,44
1991,7,12,3,-36.3,860.2,16.3,283,45
1991,7,12,6,NA,NA,NA,NA,NA
1991,7,12,9,NA,NA,NA,NA,NA
1991,7,12,12,NA,NA,NA,NA,NA
1991,7,12,15,NA,NA,NA,NA,NA
1991,7,12,18,NA,NA,NA,NA,NA
1991,7,12,21,NA,NA,NA,NA,NA
1991,7,13,0,NA,NA,NA,NA,NA
1991,7,13,3,NA,NA,NA,NA,NA
1991,7,13,6,NA,NA,NA,NA,NA
1991,7,13,9,NA,NA,NA,NA,NA
1991,7,13,12,NA,NA,NA,NA,NA
1991,7,13,15,NA,NA,NA,NA,NA
1991,7,13,18,NA,NA,NA,NA,NA
1991,7,13,21,NA,NA,NA,NA,NA
1991,7,14,0,NA,NA,NA,NA,NA
1991,7,14,3,NA,NA,NA,NA,NA
1991,7,14,6,NA,NA,NA,NA,NA
1991,7,14,9,NA,NA,NA,NA,NA
1991,7,14,12,NA,NA,NA,NA,NA
1991,7,14,15,NA,NA,NA,NA,NA
1991,7,14,18,NA,NA,NA,NA,NA
1991,7,14,21,NA,NA,NA,NA,NA
1991,7,15,0,NA,NA,NA,NA,NA
1991,7,15,3,NA,NA,NA,NA,NA
1991,7,15,6,NA,NA,NA,NA,NA
1991,7,15,9,NA,NA,NA,NA,NA
1991,7,15,12,NA,NA,NA,NA,NA
1991,7,15,15,NA,NA,NA,NA,NA
1991,7,15,18,NA,NA,NA,NA,NA
1991,7,15,21,NA,NA,NA,NA,NA
1991,7,16,0,NA,NA,NA,NA,NA
1991,7,16,3,NA,NA,NA,NA,NA
1991,7,16,6,NA,NA,NA,NA,NA
1991,7,16,9,NA,NA,NA,NA,NA
1991,7,16,12,NA,NA,NA,NA,NA
1991,7,16,15,NA,NA,NA,NA,NA
1991,7,16,18,NA,NA,NA,NA,NA
1991,7,16,21,NA,NA,NA,NA,NA
1991,7,17,0,NA,NA,NA,NA,NA
1991,7,17,3,NA,NA,NA,NA,NA
1991,7,17,6,NA,NA,NA,NA,NA
1991,7,17,9,NA,NA,NA,NA,NA
1991,7,17,12,NA,NA,NA,NA,NA
1991,7,17,15,NA,NA,NA,NA,NA
1991,7,17,18,NA,NA,NA,NA,NA
1991,7,17,21,NA,NA,NA,NA,NA
1991,7,18,0,NA,NA,NA,NA,NA
1991,7,18,3,NA,NA,NA,NA,NA
1991,7,18,6,NA,NA,NA,NA,NA
1991,7,18,9,NA,NA,NA,NA,NA
1991,7,18,12,NA,NA,NA,NA,NA
1991,7,18,15,NA,NA,NA,NA,NA
1991,7,18,18,NA,NA,NA,NA,NA
1991,7,18,21,NA,NA,NA,NA,NA
1991,7,19,0,NA,NA,NA,NA,NA
1991,7,19,3,NA,NA,NA,NA,NA
1991,7,19,6,NA,NA,NA,NA,NA
1991,7,19,9,NA,NA,NA,NA,NA
1991,7,19,12,NA,NA,NA,NA,NA
1991,7,19,15,NA,NA,NA,NA,NA
1991,7,19,18,NA,NA,NA,NA,NA
1991,7,19,21,NA,NA,NA,NA,NA
1991,7,20,0,NA,NA,NA,NA,NA
1991,7,20,3,NA,NA,NA,NA,NA
1991,7,20,6,NA,NA,NA,NA,NA
1991,7,20,9,NA,NA,NA,NA,NA
1991,7,20,12,-35.3,866.7,NA,NA,46
1991,7,20,15,-36.8,866.9,NA,NA,45
1991,7,20,18,-36.5,865.8,NA,NA,45
1991,7,20,21,-36.4,864.7,NA,NA,45
1991,7,21,0,-36.4,863.9,NA,NA,45
1991,7,21,3,-36.4,862.8,NA,NA,45
1991,7,21,6,-35.4,862.5,NA,NA,46
1991,7,21,9,-38.4,862.8,NA,NA,43
1991,7,21,12,NA,861.2,NA,NA,42
1991,7,21,15,-40.9,860.9,NA,NA,41
1991,7,21,18,-40.4,861.3,NA,NA,42
1991,7,21,21,-40.8,862.1,NA,NA,42
1991,7,22,0,-40.9,863.5,NA,NA,41
1991,7,22,3,-41.1,863.1,NA,NA,41
1991,7,22,6,-41,862.8,NA,NA,41
1991,7,22,9,-39.4,862,NA,NA,42
1991,7,22,12,-38.5,861.6,12.6,284,42
1991,7,22,15,-38.3,861,16.1,291,43
1991,7,22,18,-38.1,859.7,NA,NA,43
1991,7,22,21,-38.1,859.2,NA,NA,43
1991,7,23,0,NA,NA,NA,NA,NA
1991,7,23,3,-37.9,856.7,NA,NA,43
1991,7,23,6,-38,855,NA,NA,43
1991,7,23,9,-38.5,854,NA,NA,43
1991,7,23,12,-39.3,853.2,NA,NA,43
1991,7,23,15,-40.6,853.6,NA,NA,42
1991,7,23,18,-41.6,854.6,NA,NA,41
1991,7,23,21,-42.5,855.4,NA,NA,41
1991,7,24,0,-40.8,856.1,NA,NA,41
1991,7,24,3,-40.8,855.8,NA,NA,41
1991,7,24,6,-40.1,857.1,NA,NA,42
1991,7,24,9,-39.5,857.7,NA,NA,43
1991,7,24,12,-37,858.6,NA,NA,44
1991,7,24,15,NA,859.7,NA,NA,48
1991,7,24,18,-32.1,861.6,NA,NA,49
1991,7,24,21,-31.1,864.5,NA,NA,49
1991,7,25,0,NA,NA,NA,NA,NA
1991,7,25,3,-30.4,869.3,NA,NA,50
1991,7,25,6,-29.8,870,NA,NA,51
1991,7,25,9,-30.4,869.5,NA,NA,50
1991,7,25,12,-33,868.5,NA,NA,48
1991,7,25,15,-32.4,866.1,NA,NA,48
1991,7,25,18,-33.5,864.2,NA,NA,48
1991,7,25,21,-33,862,NA,NA,48
1991,7,26,0,NA,NA,NA,NA,NA
1991,7,26,3,-34.1,859.3,NA,NA,47
1991,7,26,6,-36.3,858.9,NA,NA,45
1991,7,26,9,-37,859.1,NA,NA,44
1991,7,26,12,-38.3,856.4,NA,NA,43
1991,7,26,15,-39.1,854.6,NA,NA,43
1991,7,26,18,NA,NA,NA,NA,NA
1991,7,26,21,NA,NA,NA,NA,NA
1991,7,27,0,NA,NA,NA,NA,NA
1991,7,27,3,NA,NA,NA,NA,NA
1991,7,27,6,NA,NA,NA,NA,NA
1991,7,27,9,NA,NA,NA,NA,NA
1991,7,27,12,NA,NA,NA,NA,NA
1991,7,27,15,NA,NA,NA,NA,NA
1991,7,27,18,NA,NA,NA,NA,NA
1991,7,27,21,NA,NA,NA,NA,NA
1991,7,28,0,NA,NA,NA,NA,NA
1991,7,28,3,NA,NA,NA,NA,NA
1991,7,28,6,NA,NA,NA,NA,NA
1991,7,28,9,NA,NA,NA,NA,NA
1991,7,28,12,NA,NA,NA,NA,NA
1991,7,28,15,NA,NA,NA,NA,NA
1991,7,28,18,NA,NA,NA,NA,NA
1991,7,28,21,NA,NA,NA,NA,NA
1991,7,29,0,NA,NA,NA,NA,NA
1991,7,29,3,NA,NA,NA,NA,NA
1991,7,29,6,NA,NA,NA,NA,NA
1991,7,29,9,NA,NA,NA,NA,NA
1991,7,29,12,NA,NA,NA,NA,NA
1991,7,29,15,NA,NA,NA,NA,NA
1991,7,29,18,NA,NA,NA,NA,NA
1991,7,29,21,NA,NA,NA,NA,NA
1991,7,30,0,NA,NA,NA,NA,NA
1991,7,30,3,NA,NA,NA,NA,NA
1991,7,30,6,NA,NA,NA,NA,NA
1991,7,30,9,NA,NA,NA,NA,NA
1991,7,30,12,NA,NA,NA,NA,NA
1991,7,30,15,NA,NA,NA,NA,NA
1991,7,30,18,NA,NA,NA,NA,NA
1991,7,30,21,NA,NA,NA,NA,NA
1991,7,31,0,NA,NA,NA,NA,NA
1991,7,31,3,NA,NA,NA,NA,NA
1991,7,31,6,NA,NA,NA,NA,NA
1991,7,31,9,NA,NA,NA,NA,NA
1991,7,31,12,NA,NA,NA,NA,NA
1991,7,31,15,NA,NA,NA,NA,NA
1991,7,31,18,NA,NA,NA,NA,NA
1991,7,31,21,NA,NA,NA,NA,NA
1991,8,1,0,NA,NA,NA,NA,NA
1991,8,1,3,NA,NA,NA,NA,NA
1991,8,1,6,NA,NA,NA,NA,NA
1991,8,1,9,NA,NA,NA,NA,NA
1991,8,1,12,NA,NA,NA,NA,NA
1991,8,1,15,NA,NA,NA,NA,NA
1991,8,1,18,NA,NA,NA,NA,NA
1991,8,1,21,NA,NA,NA,NA,NA
1991,8,2,0,NA,NA,NA,NA,NA
1991,8,2,3,NA,NA,NA,NA,NA
1991,8,2,6,NA,NA,NA,NA,NA
1991,8,2,9,NA,NA,NA,NA,NA
1991,8,2,12,NA,NA,NA,NA,NA
1991,8,2,15,NA,NA,NA,NA,NA
1991,8,2,18,NA,NA,NA,NA,NA
1991,8,2,21,NA,NA,NA,NA,NA
1991,8,3,0,NA,NA,NA,NA,NA
1991,8,3,3,NA,NA,NA,NA,NA
1991,8,3,6,NA,NA,NA,NA,NA
1991,8,3,9,NA,NA,NA,NA,NA
1991,8,3,12,NA,NA,NA,NA,NA
1991,8,3,15,NA,NA,NA,NA,NA
1991,8,3,18,NA,NA,NA,NA,NA
1991,8,3,21,NA,NA,NA,NA,NA
1991,8,4,0,NA,NA,NA,NA,NA
1991,8,4,3,NA,NA,NA,NA,NA
1991,8,4,6,NA,NA,NA,NA,NA
1991,8,4,9,NA,NA,NA,NA,NA
1991,8,4,12,NA,NA,NA,NA,NA
1991,8,4,15,NA,NA,NA,NA,NA
1991,8,4,18,NA,NA,NA,NA,NA
1991,8,4,21,NA,NA,NA,NA,NA
1991,8,5,0,NA,NA,NA,NA,NA
1991,8,5,3,NA,NA,NA,NA,NA
1991,8,5,6,NA,NA,NA,NA,NA
1991,8,5,9,NA,NA,NA,NA,NA
1991,8,5,12,NA,NA,NA,NA,NA
1991,8,5,15,NA,NA,NA,NA,NA
1991,8,5,18,NA,NA,NA,NA,NA
1991,8,5,21,NA,NA,NA,NA,NA
1991,8,6,0,NA,NA,NA,NA,NA
1991,8,6,3,NA,NA,NA,NA,NA
1991,8,6,6,NA,NA,NA,NA,NA
1991,8,6,9,NA,NA,NA,NA,NA
1991,8,6,12,NA,NA,NA,NA,NA
1991,8,6,15,NA,NA,NA,NA,NA
1991,8,6,18,NA,NA,NA,NA,NA
1991,8,6,21,NA,NA,NA,NA,NA
1991,8,7,0,NA,NA,NA,NA,NA
1991,8,7,3,NA,NA,NA,NA,NA
1991,8,7,6,NA,NA,NA,NA,NA
1991,8,7,9,NA,NA,NA,NA,NA
1991,8,7,12,NA,NA,NA,NA,NA
1991,8,7,15,NA,NA,NA,NA,NA
1991,8,7,18,NA,NA,NA,NA,NA
1991,8,7,21,NA,NA,NA,NA,NA
1991,8,8,0,NA,NA,NA,NA,NA
1991,8,8,3,NA,NA,NA,NA,NA
1991,8,8,6,NA,NA,NA,NA,NA
1991,8,8,9,NA,NA,NA,NA,NA
1991,8,8,12,NA,NA,NA,NA,NA
1991,8,8,15,NA,NA,NA,NA,NA
1991,8,8,18,NA,NA,NA,NA,NA
1991,8,8,21,NA,NA,NA,NA,NA
1991,8,9,0,NA,NA,NA,NA,NA
1991,8,9,3,NA,NA,NA,NA,NA
1991,8,9,6,NA,NA,NA,NA,NA
1991,8,9,9,NA,NA,NA,NA,NA
1991,8,9,12,NA,NA,NA,NA,NA
1991,8,9,15,NA,NA,NA,NA,NA
1991,8,9,18,NA,NA,NA,NA,NA
1991,8,9,21,NA,NA,NA,NA,NA
1991,8,10,0,NA,NA,NA,NA,NA
1991,8,10,3,NA,NA,NA,NA,NA
1991,8,10,6,NA,NA,NA,NA,NA
1991,8,10,9,NA,NA,NA,NA,NA
1991,8,10,12,NA,NA,NA,NA,NA
1991,8,10,15,NA,NA,NA,NA,NA
1991,8,10,18,NA,NA,NA,NA,NA
1991,8,10,21,NA,NA,NA,NA,NA
1991,8,11,0,NA,NA,NA,NA,NA
1991,8,11,3,NA,NA,NA,NA,NA
1991,8,11,6,NA,NA,NA,NA,NA
1991,8,11,9,NA,NA,NA,NA,NA
1991,8,11,12,NA,NA,NA,NA,NA
1991,8,11,15,NA,NA,NA,NA,NA
1991,8,11,18,NA,NA,NA,NA,NA
1991,8,11,21,NA,NA,NA,NA,NA
1991,8,12,0,NA,NA,NA,NA,NA
1991,8,12,3,NA,NA,NA,NA,NA
1991,8,12,6,NA,NA,NA,NA,NA
1991,8,12,9,NA,NA,NA,NA,NA
1991,8,12,12,NA,NA,NA,NA,NA
1991,8,12,15,NA,NA,NA,NA,NA
1991,8,12,18,NA,NA,NA,NA,NA
1991,8,12,21,NA,NA,NA,NA,NA
1991,8,13,0,NA,NA,NA,NA,NA
1991,8,13,3,NA,NA,NA,NA,NA
1991,8,13,6,NA,NA,NA,NA,NA
1991,8,13,9,NA,NA,NA,NA,NA
1991,8,13,12,NA,NA,NA,NA,NA
1991,8,13,15,NA,NA,NA,NA,NA
1991,8,13,18,NA,NA,NA,NA,NA
1991,8,13,21,NA,NA,NA,NA,NA
1991,8,14,0,NA,NA,NA,NA,NA
1991,8,14,3,NA,NA,NA,NA,NA
1991,8,14,6,NA,NA,NA,NA,NA
1991,8,14,9,NA,NA,NA,NA,NA
1991,8,14,12,NA,NA,NA,NA,NA
1991,8,14,15,NA,NA,NA,NA,NA
1991,8,14,18,NA,NA,NA,NA,NA
1991,8,14,21,NA,NA,NA,NA,NA
1991,8,15,0,NA,NA,NA,NA,NA
1991,8,15,3,NA,NA,NA,NA,NA
1991,8,15,6,NA,NA,NA,NA,NA
1991,8,15,9,NA,NA,NA,NA,NA
1991,8,15,12,NA,NA,NA,NA,NA
1991,8,15,15,NA,NA,NA,NA,NA
1991,8,15,18,NA,NA,NA,NA,NA
1991,8,15,21,NA,NA,NA,NA,NA
1991,8,16,0,NA,NA,NA,NA,NA
1991,8,16,3,NA,NA,NA,NA,NA
1991,8,16,6,NA,NA,NA,NA,NA
1991,8,16,9,NA,NA,NA,NA,NA
1991,8,16,12,NA,NA,NA,NA,NA
1991,8,16,15,NA,NA,NA,NA,NA
1991,8,16,18,NA,NA,NA,NA,NA
1991,8,16,21,NA,NA,NA,NA,NA
1991,8,17,0,NA,NA,NA,NA,NA
1991,8,17,3,NA,NA,NA,NA,NA
1991,8,17,6,NA,NA,NA,NA,NA
1991,8,17,9,NA,NA,NA,NA,NA
1991,8,17,12,NA,NA,NA,NA,NA
1991,8,17,15,-35.3,849.3,NA,NA,46
1991,8,17,18,-36.6,850.8,NA,NA,45
1991,8,17,21,NA,NA,NA,NA,NA
1991,8,18,0,NA,NA,NA,NA,NA
1991,8,18,3,NA,NA,NA,NA,NA
1991,8,18,6,NA,NA,NA,NA,NA
1991,8,18,9,-39,847,NA,NA,42
1991,8,18,12,-39.4,848.3,NA,NA,42
1991,8,18,15,-36.8,847.5,NA,NA,45
1991,8,18,18,NA,846.1,NA,NA,47
1991,8,18,21,-34.8,846.1,NA,NA,46
1991,8,19,0,-35.3,843.7,NA,NA,46
1991,8,19,3,-34.5,843.9,NA,NA,47
1991,8,19,6,NA,NA,NA,NA,NA
1991,8,19,9,-35.9,839.8,NA,NA,NA
1991,8,19,12,-37.6,843.3,NA,NA,44
1991,8,19,15,-39.1,843.9,NA,NA,42
1991,8,19,18,NA,NA,NA,NA,NA
1991,8,19,21,NA,NA,NA,NA,NA
1991,8,20,0,NA,NA,NA,NA,NA
1991,8,20,3,-36,850,NA,NA,NA
1991,8,20,6,NA,850.3,NA,NA,39
1991,8,20,9,NA,NA,NA,NA,NA
1991,8,20,12,NA,NA,NA,NA,NA
1991,8,20,15,NA,NA,NA,NA,NA
1991,8,20,18,NA,NA,NA,NA,NA
1991,8,20,21,-39.4,859.2,NA,NA,42
1991,8,21,0,-37.8,861,NA,NA,44
1991,8,21,3,-36.6,863.2,NA,NA,45
1991,8,21,6,NA,NA,NA,NA,NA
1991,8,21,9,-35.8,863.2,NA,NA,45
1991,8,21,12,-34.6,864.2,NA,NA,47
1991,8,21,15,-33,863.8,NA,NA,48
1991,8,21,18,-33.3,863.3,NA,NA,48
1991,8,21,21,-33.3,862.5,NA,NA,48
1991,8,22,0,-32.4,862.2,NA,NA,48
1991,8,22,3,-31.4,858.3,NA,NA,49
1991,8,22,6,-30.6,858.1,NA,NA,50
1991,8,22,9,-29.4,857.1,NA,NA,51
1991,8,22,12,-30,857.4,NA,NA,50
1991,8,22,15,-32.1,855.9,NA,NA,48
1991,8,22,18,-32.3,857.6,NA,NA,48
1991,8,22,21,NA,NA,NA,NA,NA
1991,8,23,0,NA,NA,NA,NA,NA
1991,8,23,3,NA,NA,NA,NA,NA
1991,8,23,6,NA,NA,NA,NA,NA
1991,8,23,9,NA,NA,NA,NA,NA
1991,8,23,12,NA,NA,NA,NA,NA
1991,8,23,15,NA,NA,NA,NA,NA
1991,8,23,18,NA,NA,NA,NA,NA
1991,8,23,21,NA,NA,NA,NA,NA
1991,8,24,0,NA,NA,NA,NA,NA
1991,8,24,3,NA,NA,NA,NA,NA
1991,8,24,6,NA,NA,NA,NA,NA
1991,8,24,9,NA,NA,NA,NA,NA
1991,8,24,12,NA,NA,NA,NA,NA
1991,8,24,15,NA,NA,NA,NA,NA
1991,8,24,18,NA,NA,NA,NA,NA
1991,8,24,21,NA,NA,NA,NA,NA
1991,8,25,0,NA,NA,NA,NA,NA
1991,8,25,3,NA,NA,NA,NA,NA
1991,8,25,6,NA,NA,NA,NA,NA
1991,8,25,9,NA,NA,NA,NA,NA
1991,8,25,12,NA,NA,NA,NA,NA
1991,8,25,15,NA,NA,NA,NA,NA
1991,8,25,18,NA,NA,NA,NA,NA
1991,8,25,21,NA,NA,NA,NA,NA
1991,8,26,0,NA,NA,NA,NA,NA
1991,8,26,3,NA,NA,NA,NA,NA
1991,8,26,6,NA,NA,NA,NA,NA
1991,8,26,9,NA,NA,NA,NA,NA
1991,8,26,12,NA,NA,NA,NA,NA
1991,8,26,15,NA,NA,NA,NA,NA
1991,8,26,18,NA,NA,NA,NA,NA
1991,8,26,21,NA,NA,NA,NA,NA
1991,8,27,0,NA,NA,NA,NA,NA
1991,8,27,3,NA,NA,NA,NA,NA
1991,8,27,6,NA,NA,NA,NA,NA
1991,8,27,9,NA,NA,NA,NA,NA
1991,8,27,12,NA,NA,NA,NA,NA
1991,8,27,15,NA,NA,NA,NA,NA
1991,8,27,18,NA,NA,NA,NA,NA
1991,8,27,21,NA,NA,NA,NA,NA
1991,8,28,0,NA,NA,NA,NA,NA
1991,8,28,3,NA,NA,NA,NA,NA
1991,8,28,6,NA,NA,NA,NA,NA
1991,8,28,9,NA,NA,NA,NA,NA
1991,8,28,12,NA,NA,NA,NA,NA
1991,8,28,15,NA,NA,NA,NA,NA
1991,8,28,18,NA,NA,NA,NA,NA
1991,8,28,21,NA,NA,NA,NA,NA
1991,8,29,0,NA,NA,NA,NA,NA
1991,8,29,3,NA,NA,NA,NA,NA
1991,8,29,6,NA,NA,NA,NA,NA
1991,8,29,9,NA,NA,NA,NA,NA
1991,8,29,12,NA,NA,NA,NA,NA
1991,8,29,15,NA,NA,NA,NA,NA
1991,8,29,18,NA,NA,NA,NA,NA
1991,8,29,21,NA,NA,NA,NA,NA
1991,8,30,0,NA,NA,NA,NA,NA
1991,8,30,3,NA,NA,NA,NA,NA
1991,8,30,6,NA,NA,NA,NA,NA
1991,8,30,9,NA,NA,NA,NA,NA
1991,8,30,12,NA,NA,NA,NA,NA
1991,8,30,15,NA,NA,NA,NA,NA
1991,8,30,18,NA,NA,NA,NA,NA
1991,8,30,21,-37.4,836.9,NA,NA,44
1991,8,31,0,-37.1,836.1,NA,NA,44
1991,8,31,3,NA,NA,NA,NA,NA
1991,8,31,6,NA,NA,NA,NA,NA
1991,8,31,9,NA,NA,NA,NA,NA
1991,8,31,12,NA,NA,NA,NA,NA
1991,8,31,15,NA,NA,NA,NA,NA
1991,8,31,18,NA,NA,NA,NA,NA
1991,8,31,21,NA,NA,NA,NA,NA
1991,9,1,0,NA,NA,NA,NA,NA
1991,9,1,3,NA,NA,NA,NA,NA
1991,9,1,6,NA,NA,NA,NA,NA
1991,9,1,9,NA,NA,NA,NA,NA
1991,9,1,12,NA,NA,NA,NA,NA
1991,9,1,15,-36.1,839.2,NA,NA,79
1991,9,1,18,-38.1,845.1,NA,NA,43
1991,9,1,21,-37.8,847.7,NA,NA,43
1991,9,2,0,-38.3,848.7,NA,NA,43
1991,9,2,3,-38.6,848.6,NA,NA,43
1991,9,2,6,NA,NA,NA,NA,NA
1991,9,2,9,NA,NA,NA,NA,NA
1991,9,2,12,-41.6,850.3,NA,NA,NA
1991,9,2,15,-41.1,846.3,NA,NA,40
1991,9,2,18,NA,NA,NA,NA,NA
1991,9,2,21,NA,NA,NA,NA,NA
1991,9,3,0,NA,NA,NA,NA,NA
1991,9,3,3,NA,NA,NA,NA,NA
1991,9,3,6,-36,849.8,NA,NA,NA
1991,9,3,9,NA,846.1,NA,NA,41
1991,9,3,12,NA,846,NA,NA,39
1991,9,3,15,-44,844.5,NA,NA,38
1991,9,3,18,NA,NA,NA,NA,NA
1991,9,3,21,NA,NA,NA,NA,NA
1991,9,4,0,NA,NA,NA,NA,NA
1991,9,4,3,NA,NA,NA,NA,NA
1991,9,4,6,NA,NA,NA,NA,NA
1991,9,4,9,NA,NA,NA,NA,NA
1991,9,4,12,NA,NA,NA,NA,NA
1991,9,4,15,NA,NA,NA,NA,NA
1991,9,4,18,NA,NA,NA,NA,NA
1991,9,4,21,NA,NA,NA,NA,NA
1991,9,5,0,NA,NA,NA,NA,NA
1991,9,5,3,NA,NA,NA,NA,NA
1991,9,5,6,NA,NA,NA,NA,NA
1991,9,5,9,NA,NA,NA,NA,NA
1991,9,5,12,NA,NA,NA,NA,NA
1991,9,5,15,NA,NA,NA,NA,NA
1991,9,5,18,NA,NA,NA,NA,NA
1991,9,5,21,NA,NA,NA,NA,NA
1991,9,6,0,NA,NA,NA,NA,NA
1991,9,6,3,NA,NA,NA,NA,NA
1991,9,6,6,NA,NA,NA,NA,NA
1991,9,6,9,NA,NA,NA,NA,NA
1991,9,6,12,NA,NA,NA,NA,NA
1991,9,6,15,NA,NA,NA,NA,NA
1991,9,6,18,NA,NA,NA,NA,NA
1991,9,6,21,NA,NA,NA,NA,NA
1991,9,7,0,NA,NA,NA,NA,NA
1991,9,7,3,NA,NA,NA,NA,NA
1991,9,7,6,NA,NA,NA,NA,NA
1991,9,7,9,NA,NA,NA,NA,NA
1991,9,7,12,NA,NA,NA,NA,NA
1991,9,7,15,NA,NA,NA,NA,NA
1991,9,7,18,NA,NA,NA,NA,NA
1991,9,7,21,NA,NA,NA,NA,NA
1991,9,8,0,NA,NA,NA,NA,NA
1991,9,8,3,NA,NA,NA,NA,NA
1991,9,8,6,NA,NA,NA,NA,NA
1991,9,8,9,NA,NA,NA,NA,NA
1991,9,8,12,NA,NA,NA,NA,NA
1991,9,8,15,NA,NA,NA,NA,NA
1991,9,8,18,NA,NA,NA,NA,NA
1991,9,8,21,NA,NA,NA,NA,NA
1991,9,9,0,NA,NA,NA,NA,NA
1991,9,9,3,NA,NA,NA,NA,NA
1991,9,9,6,NA,NA,NA,NA,NA
1991,9,9,9,NA,NA,NA,NA,NA
1991,9,9,12,NA,NA,NA,NA,NA
1991,9,9,15,NA,NA,NA,NA,NA
1991,9,9,18,NA,NA,NA,NA,NA
1991,9,9,21,NA,NA,NA,NA,NA
1991,9,10,0,NA,NA,NA,NA,NA
1991,9,10,3,NA,NA,NA,NA,NA
1991,9,10,6,NA,NA,NA,NA,NA
1991,9,10,9,NA,NA,NA,NA,NA
1991,9,10,12,NA,NA,NA,NA,NA
1991,9,10,15,NA,NA,NA,NA,NA
1991,9,10,18,NA,NA,NA,NA,NA
1991,9,10,21,NA,NA,NA,NA,NA
1991,9,11,0,NA,NA,NA,NA,NA
1991,9,11,3,NA,NA,NA,NA,NA
1991,9,11,6,NA,NA,NA,NA,NA
1991,9,11,9,NA,NA,NA,NA,NA
1991,9,11,12,NA,NA,NA,NA,NA
1991,9,11,15,NA,NA,NA,NA,NA
1991,9,11,18,NA,NA,NA,NA,NA
1991,9,11,21,NA,NA,NA,NA,NA
1991,9,12,0,NA,NA,NA,NA,NA
1991,9,12,3,NA,NA,NA,NA,NA
1991,9,12,6,NA,NA,NA,NA,NA
1991,9,12,9,NA,NA,NA,NA,NA
1991,9,12,12,NA,NA,NA,NA,NA
1991,9,12,15,NA,NA,NA,NA,NA
1991,9,12,18,NA,NA,NA,NA,NA
1991,9,12,21,NA,NA,NA,NA,NA
1991,9,13,0,NA,NA,NA,NA,NA
1991,9,13,3,-38.5,828,NA,NA,43
1991,9,13,6,-39.5,826.8,NA,NA,42
1991,9,13,9,-40.5,826,NA,NA,41
1991,9,13,12,-41.5,826.7,NA,NA,40
1991,9,13,15,-42.4,826.6,NA,NA,40
1991,9,13,18,-42.8,827,NA,NA,39
1991,9,13,21,-43.3,827.8,NA,NA,39
1991,9,14,0,-43.3,828.8,NA,NA,39
1991,9,14,3,-42.5,828.3,NA,NA,39
1991,9,14,6,NA,NA,NA,NA,NA
1991,9,14,9,NA,NA,NA,NA,NA
1991,9,14,12,NA,NA,NA,NA,NA
1991,9,14,15,NA,NA,NA,NA,NA
1991,9,14,18,NA,NA,NA,NA,NA
1991,9,14,21,NA,NA,NA,NA,NA
1991,9,15,0,NA,NA,NA,NA,NA
1991,9,15,3,NA,NA,NA,NA,NA
1991,9,15,6,NA,NA,NA,NA,NA
1991,9,15,9,-43.4,843.2,NA,NA,39
1991,9,15,12,NA,NA,NA,NA,NA
1991,9,15,15,NA,NA,NA,NA,NA
1991,9,15,18,-43,848.9,20,288,39
1991,9,15,21,-42.8,850.6,20.3,293,39
1991,9,16,0,-42.3,853,15.8,288,40
1991,9,16,3,-41.9,853.6,17.5,288,39
1991,9,16,6,-41.8,855.7,20.3,286,41
1991,9,16,9,-40.1,856.7,NA,NA,42
1991,9,16,12,-39.8,860.7,NA,NA,42
1991,9,16,15,-39.9,863.3,NA,NA,42
1991,9,16,18,-39.8,863.9,NA,NA,42
1991,9,16,21,-38.1,862.4,NA,NA,43
1991,9,17,0,NA,NA,NA,NA,NA
1991,9,17,3,NA,NA,NA,NA,NA
1991,9,17,6,NA,NA,NA,NA,NA
1991,9,17,9,NA,NA,NA,NA,NA
1991,9,17,12,NA,NA,NA,NA,NA
1991,9,17,15,NA,NA,NA,NA,NA
1991,9,17,18,NA,NA,NA,NA,NA
1991,9,17,21,NA,NA,NA,NA,NA
1991,9,18,0,NA,NA,NA,NA,NA
1991,9,18,3,NA,NA,NA,NA,NA
1991,9,18,6,NA,NA,NA,NA,NA
1991,9,18,9,NA,NA,NA,NA,NA
1991,9,18,12,NA,NA,NA,NA,NA
1991,9,18,15,NA,NA,NA,NA,NA
1991,9,18,18,NA,NA,NA,NA,NA
1991,9,18,21,NA,NA,NA,NA,NA
1991,9,19,0,NA,NA,NA,NA,NA
1991,9,19,3,NA,NA,NA,NA,NA
1991,9,19,6,NA,NA,NA,NA,NA
1991,9,19,9,NA,NA,NA,NA,NA
1991,9,19,12,NA,NA,NA,NA,NA
1991,9,19,15,NA,NA,NA,NA,NA
1991,9,19,18,NA,NA,NA,NA,NA
1991,9,19,21,NA,NA,NA,NA,NA
1991,9,20,0,NA,NA,NA,NA,NA
1991,9,20,3,NA,NA,NA,NA,NA
1991,9,20,6,NA,NA,NA,NA,NA
1991,9,20,9,NA,NA,NA,NA,NA
1991,9,20,12,NA,NA,NA,NA,NA
1991,9,20,15,NA,NA,NA,NA,NA
1991,9,20,18,NA,NA,NA,NA,NA
1991,9,20,21,NA,NA,NA,NA,NA
1991,9,21,0,NA,NA,NA,NA,NA
1991,9,21,3,NA,NA,NA,NA,NA
1991,9,21,6,NA,NA,NA,NA,NA
1991,9,21,9,NA,NA,NA,NA,NA
1991,9,21,12,NA,NA,NA,NA,NA
1991,9,21,15,NA,NA,NA,NA,NA
1991,9,21,18,NA,NA,NA,NA,NA
1991,9,21,21,NA,NA,NA,NA,NA
1991,9,22,0,NA,NA,NA,NA,NA
1991,9,22,3,NA,NA,NA,NA,NA
1991,9,22,6,NA,NA,NA,NA,NA
1991,9,22,9,NA,NA,NA,NA,NA
1991,9,22,12,NA,NA,NA,NA,NA
1991,9,22,15,NA,NA,NA,NA,NA
1991,9,22,18,NA,NA,NA,NA,NA
1991,9,22,21,NA,NA,NA,NA,NA
1991,9,23,0,NA,NA,NA,NA,NA
1991,9,23,3,NA,NA,NA,NA,NA
1991,9,23,6,NA,NA,NA,NA,NA
1991,9,23,9,NA,NA,NA,NA,NA
1991,9,23,12,NA,NA,NA,NA,NA
1991,9,23,15,NA,NA,NA,NA,NA
1991,9,23,18,NA,NA,NA,NA,NA
1991,9,23,21,NA,NA,NA,NA,NA
1991,9,24,0,NA,NA,NA,NA,NA
1991,9,24,3,NA,NA,NA,NA,NA
1991,9,24,6,NA,NA,NA,NA,NA
1991,9,24,9,NA,NA,NA,NA,NA
1991,9,24,12,NA,NA,NA,NA,NA
1991,9,24,15,NA,NA,NA,NA,NA
1991,9,24,18,NA,NA,NA,NA,NA
1991,9,24,21,NA,NA,NA,NA,NA
1991,9,25,0,NA,NA,NA,NA,NA
1991,9,25,3,NA,NA,NA,NA,NA
1991,9,25,6,NA,NA,NA,NA,NA
1991,9,25,9,NA,NA,NA,NA,NA
1991,9,25,12,NA,NA,NA,NA,NA
1991,9,25,15,NA,NA,NA,NA,NA
1991,9,25,18,NA,NA,NA,NA,NA
1991,9,25,21,NA,NA,NA,NA,NA
1991,9,26,0,NA,NA,NA,NA,NA
1991,9,26,3,NA,NA,NA,NA,NA
1991,9,26,6,NA,NA,NA,NA,NA
1991,9,26,9,NA,NA,NA,NA,NA
1991,9,26,12,NA,NA,NA,NA,NA
1991,9,26,15,NA,NA,NA,NA,NA
1991,9,26,18,NA,NA,NA,NA,NA
1991,9,26,21,NA,NA,NA,NA,NA
1991,9,27,0,NA,NA,NA,NA,NA
1991,9,27,3,NA,NA,NA,NA,NA
1991,9,27,6,NA,NA,NA,NA,NA
1991,9,27,9,NA,NA,NA,NA,NA
1991,9,27,12,NA,NA,NA,NA,NA
1991,9,27,15,NA,NA,NA,NA,NA
1991,9,27,18,NA,NA,NA,NA,NA
1991,9,27,21,NA,NA,NA,NA,NA
1991,9,28,0,NA,NA,NA,NA,NA
1991,9,28,3,NA,NA,NA,NA,NA
1991,9,28,6,NA,NA,NA,NA,NA
1991,9,28,9,NA,NA,NA,NA,NA
1991,9,28,12,NA,NA,NA,NA,NA
1991,9,28,15,NA,NA,NA,NA,NA
1991,9,28,18,NA,NA,NA,NA,NA
1991,9,28,21,NA,NA,NA,NA,NA
1991,9,29,0,NA,NA,NA,NA,NA
1991,9,29,3,NA,NA,NA,NA,NA
1991,9,29,6,NA,NA,NA,NA,NA
1991,9,29,9,NA,NA,NA,NA,NA
1991,9,29,12,NA,NA,NA,NA,NA
1991,9,29,15,NA,NA,NA,NA,NA
1991,9,29,18,NA,NA,NA,NA,NA
1991,9,29,21,NA,NA,NA,NA,NA
1991,9,30,0,NA,NA,NA,NA,NA
1991,9,30,3,NA,NA,NA,NA,NA
1991,9,30,6,NA,NA,NA,NA,NA
1991,9,30,9,NA,NA,NA,NA,NA
1991,9,30,12,NA,NA,NA,NA,NA
1991,9,30,15,NA,NA,NA,NA,NA
1991,9,30,18,NA,NA,NA,NA,NA
1991,9,30,21,NA,NA,NA,NA,NA
1991,10,1,0,NA,NA,NA,NA,NA
1991,10,1,3,NA,NA,NA,NA,NA
1991,10,1,6,NA,NA,NA,NA,NA
1991,10,1,9,NA,NA,NA,NA,NA
1991,10,1,12,NA,NA,NA,NA,NA
1991,10,1,15,NA,NA,NA,NA,NA
1991,10,1,18,NA,NA,NA,NA,NA
1991,10,1,21,NA,NA,NA,NA,NA
1991,10,2,0,NA,NA,NA,NA,NA
1991,10,2,3,NA,NA,NA,NA,NA
1991,10,2,6,NA,NA,NA,NA,NA
1991,10,2,9,NA,NA,NA,NA,NA
1991,10,2,12,NA,NA,NA,NA,NA
1991,10,2,15,NA,NA,NA,NA,NA
1991,10,2,18,NA,NA,NA,NA,NA
1991,10,2,21,NA,NA,NA,NA,NA
1991,10,3,0,NA,NA,NA,NA,NA
1991,10,3,3,NA,NA,NA,NA,NA
1991,10,3,6,NA,NA,NA,NA,NA
1991,10,3,9,NA,NA,NA,NA,NA
1991,10,3,12,NA,NA,NA,NA,NA
1991,10,3,15,NA,NA,NA,NA,NA
1991,10,3,18,NA,NA,NA,NA,NA
1991,10,3,21,NA,NA,NA,NA,NA
1991,10,4,0,NA,NA,NA,NA,NA
1991,10,4,3,NA,NA,NA,NA,NA
1991,10,4,6,NA,NA,NA,NA,NA
1991,10,4,9,NA,NA,NA,NA,NA
1991,10,4,12,NA,NA,NA,NA,NA
1991,10,4,15,NA,NA,NA,NA,NA
1991,10,4,18,NA,NA,NA,NA,NA
1991,10,4,21,NA,NA,NA,NA,NA
1991,10,5,0,NA,NA,NA,NA,NA
1991,10,5,3,NA,NA,NA,NA,NA
1991,10,5,6,NA,NA,NA,NA,NA
1991,10,5,9,NA,NA,NA,NA,NA
1991,10,5,12,NA,NA,NA,NA,NA
1991,10,5,15,NA,NA,NA,NA,NA
1991,10,5,18,NA,NA,NA,NA,NA
1991,10,5,21,NA,NA,NA,NA,NA
1991,10,6,0,NA,NA,NA,NA,NA
1991,10,6,3,NA,NA,NA,NA,NA
1991,10,6,6,NA,NA,NA,NA,NA
1991,10,6,9,NA,NA,NA,NA,NA
1991,10,6,12,NA,NA,NA,NA,NA
1991,10,6,15,NA,NA,NA,NA,NA
1991,10,6,18,NA,NA,NA,NA,NA
1991,10,6,21,NA,NA,NA,NA,NA
1991,10,7,0,NA,NA,NA,NA,NA
1991,10,7,3,NA,NA,NA,NA,NA
1991,10,7,6,NA,NA,NA,NA,NA
1991,10,7,9,NA,NA,NA,NA,NA
1991,10,7,12,NA,NA,NA,NA,NA
1991,10,7,15,NA,NA,NA,NA,NA
1991,10,7,18,NA,NA,NA,NA,NA
1991,10,7,21,NA,NA,NA,NA,NA
1991,10,8,0,NA,NA,NA,NA,NA
1991,10,8,3,NA,NA,NA,NA,NA
1991,10,8,6,NA,NA,NA,NA,NA
1991,10,8,9,NA,NA,NA,NA,NA
1991,10,8,12,NA,NA,NA,NA,NA
1991,10,8,15,NA,NA,NA,NA,NA
1991,10,8,18,NA,NA,NA,NA,NA
1991,10,8,21,NA,NA,NA,NA,NA
1991,10,9,0,NA,NA,NA,NA,NA
1991,10,9,3,NA,NA,NA,NA,NA
1991,10,9,6,NA,NA,NA,NA,NA
1991,10,9,9,NA,NA,NA,NA,NA
1991,10,9,12,NA,NA,NA,NA,NA
1991,10,9,15,NA,NA,NA,NA,NA
1991,10,9,18,NA,NA,NA,NA,NA
1991,10,9,21,NA,NA,NA,NA,NA
1991,10,10,0,NA,NA,NA,NA,NA
1991,10,10,3,NA,NA,NA,NA,NA
1991,10,10,6,NA,NA,NA,NA,NA
1991,10,10,9,NA,NA,NA,NA,NA
1991,10,10,12,NA,NA,NA,NA,NA
1991,10,10,15,NA,NA,NA,NA,NA
1991,10,10,18,NA,NA,NA,NA,NA
1991,10,10,21,NA,NA,NA,NA,NA
1991,10,11,0,NA,NA,NA,NA,NA
1991,10,11,3,NA,NA,NA,NA,NA
1991,10,11,6,NA,NA,NA,NA,NA
1991,10,11,9,NA,NA,NA,NA,NA
1991,10,11,12,NA,NA,NA,NA,NA
1991,10,11,15,NA,NA,NA,NA,NA
1991,10,11,18,NA,NA,NA,NA,NA
1991,10,11,21,NA,NA,NA,NA,NA
1991,10,12,0,NA,NA,NA,NA,NA
1991,10,12,3,NA,NA,NA,NA,NA
1991,10,12,6,NA,NA,NA,NA,NA
1991,10,12,9,NA,NA,NA,NA,NA
1991,10,12,12,NA,NA,NA,NA,NA
1991,10,12,15,NA,NA,NA,NA,NA
1991,10,12,18,NA,NA,NA,NA,NA
1991,10,12,21,NA,NA,NA,NA,NA
1991,10,13,0,NA,NA,NA,NA,NA
1991,10,13,3,NA,NA,NA,NA,NA
1991,10,13,6,NA,NA,NA,NA,NA
1991,10,13,9,NA,NA,NA,NA,NA
1991,10,13,12,NA,NA,NA,NA,NA
1991,10,13,15,NA,NA,NA,NA,NA
1991,10,13,18,NA,NA,NA,NA,NA
1991,10,13,21,NA,NA,NA,NA,NA
1991,10,14,0,NA,NA,NA,NA,NA
1991,10,14,3,NA,NA,NA,NA,NA
1991,10,14,6,NA,NA,NA,NA,NA
1991,10,14,9,NA,NA,NA,NA,NA
1991,10,14,12,NA,NA,NA,NA,NA
1991,10,14,15,NA,NA,NA,NA,NA
1991,10,14,18,NA,NA,NA,NA,NA
1991,10,14,21,NA,NA,NA,NA,NA
1991,10,15,0,NA,NA,NA,NA,NA
1991,10,15,3,NA,NA,NA,NA,NA
1991,10,15,6,NA,NA,NA,NA,NA
1991,10,15,9,NA,NA,NA,NA,NA
1991,10,15,12,NA,NA,NA,NA,NA
1991,10,15,15,NA,NA,NA,NA,NA
1991,10,15,18,NA,NA,NA,NA,NA
1991,10,15,21,NA,NA,NA,NA,NA
1991,10,16,0,NA,NA,NA,NA,NA
1991,10,16,3,NA,NA,NA,NA,NA
1991,10,16,6,NA,NA,NA,NA,NA
1991,10,16,9,NA,NA,NA,NA,NA
1991,10,16,12,NA,NA,NA,NA,NA
1991,10,16,15,NA,NA,NA,NA,NA
1991,10,16,18,NA,NA,NA,NA,NA
1991,10,16,21,NA,NA,NA,NA,NA
1991,10,17,0,NA,NA,NA,NA,NA
1991,10,17,3,NA,NA,NA,NA,NA
1991,10,17,6,NA,NA,NA,NA,NA
1991,10,17,9,NA,NA,NA,NA,NA
1991,10,17,12,NA,NA,NA,NA,NA
1991,10,17,15,NA,NA,NA,NA,NA
1991,10,17,18,NA,NA,NA,NA,NA
1991,10,17,21,NA,NA,NA,NA,NA
1991,10,18,0,NA,NA,NA,NA,NA
1991,10,18,3,NA,NA,NA,NA,NA
1991,10,18,6,NA,NA,NA,NA,NA
1991,10,18,9,NA,NA,NA,NA,NA
1991,10,18,12,NA,NA,NA,NA,NA
1991,10,18,15,NA,NA,NA,NA,NA
1991,10,18,18,NA,NA,NA,NA,NA
1991,10,18,21,NA,NA,NA,NA,NA
1991,10,19,0,NA,NA,NA,NA,NA
1991,10,19,3,NA,NA,NA,NA,NA
1991,10,19,6,NA,NA,NA,NA,NA
1991,10,19,9,NA,NA,NA,NA,NA
1991,10,19,12,NA,NA,NA,NA,NA
1991,10,19,15,NA,NA,NA,NA,NA
1991,10,19,18,NA,NA,NA,NA,NA
1991,10,19,21,NA,NA,NA,NA,NA
1991,10,20,0,NA,NA,NA,NA,NA
1991,10,20,3,NA,NA,NA,NA,NA
1991,10,20,6,NA,NA,NA,NA,NA
1991,10,20,9,NA,NA,NA,NA,NA
1991,10,20,12,NA,NA,NA,NA,NA
1991,10,20,15,NA,NA,NA,NA,NA
1991,10,20,18,NA,NA,NA,NA,NA
1991,10,20,21,NA,NA,NA,NA,NA
1991,10,21,0,NA,NA,NA,NA,NA
1991,10,21,3,NA,NA,NA,NA,NA
1991,10,21,6,NA,NA,NA,NA,NA
1991,10,21,9,NA,NA,NA,NA,NA
1991,10,21,12,NA,NA,NA,NA,NA
1991,10,21,15,NA,NA,NA,NA,NA
1991,10,21,18,NA,NA,NA,NA,NA
1991,10,21,21,NA,NA,NA,NA,NA
1991,10,22,0,NA,NA,NA,NA,NA
1991,10,22,3,NA,NA,NA,NA,NA
1991,10,22,6,NA,NA,NA,NA,NA
1991,10,22,9,NA,NA,NA,NA,NA
1991,10,22,12,NA,NA,NA,NA,NA
1991,10,22,15,NA,NA,NA,NA,NA
1991,10,22,18,NA,NA,NA,NA,NA
1991,10,22,21,NA,NA,NA,NA,NA
1991,10,23,0,NA,NA,NA,NA,NA
1991,10,23,3,NA,NA,NA,NA,NA
1991,10,23,6,NA,NA,NA,NA,NA
1991,10,23,9,NA,NA,NA,NA,NA
1991,10,23,12,NA,NA,NA,NA,NA
1991,10,23,15,NA,NA,NA,NA,NA
1991,10,23,18,NA,NA,NA,NA,NA
1991,10,23,21,NA,NA,NA,NA,NA
1991,10,24,0,NA,NA,NA,NA,NA
1991,10,24,3,NA,NA,NA,NA,NA
1991,10,24,6,NA,NA,NA,NA,NA
1991,10,24,9,NA,NA,NA,NA,NA
1991,10,24,12,NA,NA,NA,NA,NA
1991,10,24,15,NA,NA,NA,NA,NA
1991,10,24,18,NA,NA,NA,NA,NA
1991,10,24,21,NA,NA,NA,NA,NA
1991,10,25,0,NA,NA,NA,NA,NA
1991,10,25,3,NA,NA,NA,NA,NA
1991,10,25,6,NA,NA,NA,NA,NA
1991,10,25,9,NA,NA,NA,NA,NA
1991,10,25,12,NA,NA,NA,NA,NA
1991,10,25,15,NA,NA,NA,NA,NA
1991,10,25,18,NA,NA,NA,NA,NA
1991,10,25,21,NA,NA,NA,NA,NA
1991,10,26,0,NA,NA,NA,NA,NA
1991,10,26,3,NA,NA,NA,NA,NA
1991,10,26,6,NA,NA,NA,NA,NA
1991,10,26,9,NA,NA,NA,NA,NA
1991,10,26,12,NA,NA,NA,NA,NA
1991,10,26,15,NA,NA,NA,NA,NA
1991,10,26,18,NA,NA,NA,NA,NA
1991,10,26,21,NA,NA,NA,NA,NA
1991,10,27,0,NA,NA,NA,NA,NA
1991,10,27,3,NA,NA,NA,NA,NA
1991,10,27,6,NA,NA,NA,NA,NA
1991,10,27,9,NA,NA,NA,NA,NA
1991,10,27,12,NA,NA,NA,NA,NA
1991,10,27,15,NA,NA,NA,NA,NA
1991,10,27,18,NA,NA,NA,NA,NA
1991,10,27,21,NA,NA,NA,NA,NA
1991,10,28,0,NA,NA,NA,NA,NA
1991,10,28,3,NA,NA,NA,NA,NA
1991,10,28,6,NA,NA,NA,NA,NA
1991,10,28,9,NA,NA,NA,NA,NA
1991,10,28,12,NA,NA,NA,NA,NA
1991,10,28,15,NA,NA,NA,NA,NA
1991,10,28,18,NA,NA,NA,NA,NA
1991,10,28,21,NA,NA,NA,NA,NA
1991,10,29,0,NA,NA,NA,NA,NA
1991,10,29,3,NA,NA,NA,NA,NA
1991,10,29,6,NA,NA,NA,NA,NA
1991,10,29,9,NA,NA,NA,NA,NA
1991,10,29,12,NA,NA,NA,NA,NA
1991,10,29,15,NA,NA,NA,NA,NA
1991,10,29,18,NA,NA,NA,NA,NA
1991,10,29,21,NA,NA,NA,NA,NA
1991,10,30,0,NA,NA,NA,NA,NA
1991,10,30,3,NA,NA,NA,NA,NA
1991,10,30,6,NA,NA,NA,NA,NA
1991,10,30,9,NA,NA,NA,NA,NA
1991,10,30,12,NA,NA,NA,NA,NA
1991,10,30,15,NA,NA,NA,NA,NA
1991,10,30,18,NA,NA,NA,NA,NA
1991,10,30,21,NA,NA,NA,NA,NA
1991,10,31,0,NA,NA,NA,NA,NA
1991,10,31,3,NA,NA,NA,NA,NA
1991,10,31,6,NA,NA,NA,NA,NA
1991,10,31,9,NA,NA,NA,NA,NA
1991,10,31,12,NA,NA,NA,NA,NA
1991,10,31,15,NA,NA,NA,NA,NA
1991,10,31,18,NA,NA,NA,NA,NA
1991,10,31,21,NA,NA,NA,NA,NA
1991,11,1,0,NA,NA,NA,NA,NA
1991,11,1,3,NA,NA,NA,NA,NA
1991,11,1,6,NA,NA,NA,NA,NA
1991,11,1,9,NA,NA,NA,NA,NA
1991,11,1,12,NA,NA,NA,NA,NA
1991,11,1,15,NA,NA,NA,NA,NA
1991,11,1,18,NA,NA,NA,NA,NA
1991,11,1,21,NA,NA,NA,NA,NA
1991,11,2,0,NA,NA,NA,NA,NA
1991,11,2,3,NA,NA,NA,NA,NA
1991,11,2,6,NA,NA,NA,NA,NA
1991,11,2,9,NA,NA,NA,NA,NA
1991,11,2,12,NA,NA,NA,NA,NA
1991,11,2,15,NA,NA,NA,NA,NA
1991,11,2,18,NA,NA,NA,NA,NA
1991,11,2,21,NA,NA,NA,NA,NA
1991,11,3,0,NA,NA,NA,NA,NA
1991,11,3,3,NA,NA,NA,NA,NA
1991,11,3,6,NA,NA,NA,NA,NA
1991,11,3,9,NA,NA,NA,NA,NA
1991,11,3,12,NA,NA,NA,NA,NA
1991,11,3,15,NA,NA,NA,NA,NA
1991,11,3,18,NA,NA,NA,NA,NA
1991,11,3,21,NA,NA,NA,NA,NA
1991,11,4,0,NA,NA,NA,NA,NA
1991,11,4,3,NA,NA,NA,NA,NA
1991,11,4,6,NA,NA,NA,NA,NA
1991,11,4,9,NA,NA,NA,NA,NA
1991,11,4,12,NA,NA,NA,NA,NA
1991,11,4,15,NA,NA,NA,NA,NA
1991,11,4,18,NA,NA,NA,NA,NA
1991,11,4,21,NA,NA,NA,NA,NA
1991,11,5,0,NA,NA,NA,NA,NA
1991,11,5,3,NA,NA,NA,NA,NA
1991,11,5,6,NA,NA,NA,NA,NA
1991,11,5,9,NA,NA,NA,NA,NA
1991,11,5,12,NA,NA,NA,NA,NA
1991,11,5,15,NA,NA,NA,NA,NA
1991,11,5,18,NA,NA,NA,NA,NA
1991,11,5,21,NA,NA,NA,NA,NA
1991,11,6,0,NA,NA,NA,NA,NA
1991,11,6,3,NA,NA,NA,NA,NA
1991,11,6,6,NA,NA,NA,NA,NA
1991,11,6,9,NA,NA,NA,NA,NA
1991,11,6,12,NA,NA,NA,NA,NA
1991,11,6,15,NA,NA,NA,NA,NA
1991,11,6,18,NA,NA,NA,NA,NA
1991,11,6,21,NA,NA,NA,NA,NA
1991,11,7,0,NA,NA,NA,NA,NA
1991,11,7,3,NA,NA,NA,NA,NA
1991,11,7,6,NA,NA,NA,NA,NA
1991,11,7,9,NA,NA,NA,NA,NA
1991,11,7,12,NA,NA,NA,NA,NA
1991,11,7,15,NA,NA,NA,NA,NA
1991,11,7,18,NA,NA,NA,NA,NA
1991,11,7,21,NA,NA,NA,NA,NA
1991,11,8,0,NA,NA,NA,NA,NA
1991,11,8,3,NA,NA,NA,NA,NA
1991,11,8,6,NA,NA,NA,NA,NA
1991,11,8,9,NA,NA,NA,NA,NA
1991,11,8,12,NA,NA,NA,NA,NA
1991,11,8,15,NA,NA,NA,NA,NA
1991,11,8,18,NA,NA,NA,NA,NA
1991,11,8,21,NA,NA,NA,NA,NA
1991,11,9,0,NA,NA,NA,NA,NA
1991,11,9,3,NA,NA,NA,NA,NA
1991,11,9,6,NA,NA,NA,NA,NA
1991,11,9,9,NA,NA,NA,NA,NA
1991,11,9,12,NA,NA,NA,NA,NA
1991,11,9,15,NA,NA,NA,NA,NA
1991,11,9,18,NA,NA,NA,NA,NA
1991,11,9,21,NA,NA,NA,NA,NA
1991,11,10,0,NA,NA,NA,NA,NA
1991,11,10,3,NA,NA,NA,NA,NA
1991,11,10,6,NA,NA,NA,NA,NA
1991,11,10,9,NA,NA,NA,NA,NA
1991,11,10,12,NA,NA,NA,NA,NA
1991,11,10,15,NA,NA,NA,NA,NA
1991,11,10,18,NA,NA,NA,NA,NA
1991,11,10,21,NA,NA,NA,NA,NA
1991,11,11,0,NA,NA,NA,NA,NA
1991,11,11,3,NA,NA,NA,NA,NA
1991,11,11,6,NA,NA,NA,NA,NA
1991,11,11,9,NA,NA,NA,NA,NA
1991,11,11,12,NA,NA,NA,NA,NA
1991,11,11,15,NA,NA,NA,NA,NA
1991,11,11,18,NA,NA,NA,NA,NA
1991,11,11,21,NA,NA,NA,NA,NA
1991,11,12,0,NA,NA,NA,NA,NA
1991,11,12,3,NA,NA,NA,NA,NA
1991,11,12,6,NA,NA,NA,NA,NA
1991,11,12,9,NA,NA,NA,NA,NA
1991,11,12,12,NA,NA,NA,NA,NA
1991,11,12,15,NA,NA,NA,NA,NA
1991,11,12,18,NA,NA,NA,NA,NA
1991,11,12,21,NA,NA,NA,NA,NA
1991,11,13,0,NA,NA,NA,NA,NA
1991,11,13,3,NA,NA,NA,NA,NA
1991,11,13,6,NA,NA,NA,NA,NA
1991,11,13,9,NA,NA,NA,NA,NA
1991,11,13,12,NA,NA,NA,NA,NA
1991,11,13,15,NA,NA,NA,NA,NA
1991,11,13,18,NA,NA,NA,NA,NA
1991,11,13,21,NA,NA,NA,NA,NA
1991,11,14,0,NA,NA,NA,NA,NA
1991,11,14,3,NA,NA,NA,NA,NA
1991,11,14,6,NA,NA,NA,NA,NA
1991,11,14,9,NA,NA,NA,NA,NA
1991,11,14,12,NA,NA,NA,NA,NA
1991,11,14,15,NA,NA,NA,NA,NA
1991,11,14,18,NA,NA,NA,NA,NA
1991,11,14,21,NA,NA,NA,NA,NA
1991,11,15,0,NA,NA,NA,NA,NA
1991,11,15,3,NA,NA,NA,NA,NA
1991,11,15,6,NA,NA,NA,NA,NA
1991,11,15,9,NA,NA,NA,NA,NA
1991,11,15,12,NA,NA,NA,NA,NA
1991,11,15,15,NA,NA,NA,NA,NA
1991,11,15,18,NA,NA,NA,NA,NA
1991,11,15,21,NA,NA,NA,NA,NA
1991,11,16,0,NA,NA,NA,NA,NA
1991,11,16,3,NA,NA,NA,NA,NA
1991,11,16,6,NA,NA,NA,NA,NA
1991,11,16,9,NA,NA,NA,NA,NA
1991,11,16,12,NA,NA,NA,NA,NA
1991,11,16,15,NA,NA,NA,NA,NA
1991,11,16,18,NA,NA,NA,NA,NA
1991,11,16,21,NA,NA,NA,NA,NA
1991,11,17,0,NA,NA,NA,NA,NA
1991,11,17,3,NA,NA,NA,NA,NA
1991,11,17,6,NA,NA,NA,NA,NA
1991,11,17,9,NA,NA,NA,NA,NA
1991,11,17,12,NA,NA,NA,NA,NA
1991,11,17,15,NA,NA,NA,NA,NA
1991,11,17,18,NA,NA,NA,NA,NA
1991,11,17,21,NA,NA,NA,NA,NA
1991,11,18,0,NA,NA,NA,NA,NA
1991,11,18,3,NA,NA,NA,NA,NA
1991,11,18,6,NA,NA,NA,NA,NA
1991,11,18,9,NA,NA,NA,NA,NA
1991,11,18,12,NA,NA,NA,NA,NA
1991,11,18,15,NA,NA,NA,NA,NA
1991,11,18,18,NA,NA,NA,NA,NA
1991,11,18,21,NA,NA,NA,NA,NA
1991,11,19,0,NA,NA,NA,NA,NA
1991,11,19,3,NA,NA,NA,NA,NA
1991,11,19,6,NA,NA,NA,NA,NA
1991,11,19,9,NA,NA,NA,NA,NA
1991,11,19,12,NA,NA,NA,NA,NA
1991,11,19,15,NA,NA,NA,NA,NA
1991,11,19,18,NA,NA,NA,NA,NA
1991,11,19,21,NA,NA,NA,NA,NA
1991,11,20,0,NA,NA,NA,NA,NA
1991,11,20,3,NA,NA,NA,NA,NA
1991,11,20,6,NA,NA,NA,NA,NA
1991,11,20,9,NA,NA,NA,NA,NA
1991,11,20,12,NA,NA,NA,NA,NA
1991,11,20,15,NA,NA,NA,NA,NA
1991,11,20,18,NA,NA,NA,NA,NA
1991,11,20,21,NA,NA,NA,NA,NA
1991,11,21,0,NA,NA,NA,NA,NA
1991,11,21,3,NA,NA,NA,NA,NA
1991,11,21,6,NA,NA,NA,NA,NA
1991,11,21,9,NA,NA,NA,NA,NA
1991,11,21,12,NA,NA,NA,NA,NA
1991,11,21,15,NA,NA,NA,NA,NA
1991,11,21,18,NA,NA,NA,NA,NA
1991,11,21,21,NA,NA,NA,NA,NA
1991,11,22,0,NA,NA,NA,NA,NA
1991,11,22,3,NA,NA,NA,NA,NA
1991,11,22,6,NA,NA,NA,NA,NA
1991,11,22,9,NA,NA,NA,NA,NA
1991,11,22,12,NA,NA,NA,NA,NA
1991,11,22,15,NA,NA,NA,NA,NA
1991,11,22,18,NA,NA,NA,NA,NA
1991,11,22,21,NA,NA,NA,NA,NA
1991,11,23,0,NA,NA,NA,NA,NA
1991,11,23,3,NA,NA,NA,NA,NA
1991,11,23,6,NA,NA,NA,NA,NA
1991,11,23,9,NA,NA,NA,NA,NA
1991,11,23,12,NA,NA,NA,NA,NA
1991,11,23,15,NA,NA,NA,NA,NA
1991,11,23,18,NA,NA,NA,NA,NA
1991,11,23,21,NA,NA,NA,NA,NA
1991,11,24,0,NA,NA,NA,NA,NA
1991,11,24,3,NA,NA,NA,NA,NA
1991,11,24,6,NA,NA,NA,NA,NA
1991,11,24,9,NA,NA,NA,NA,NA
1991,11,24,12,NA,NA,NA,NA,NA
1991,11,24,15,NA,NA,NA,NA,NA
1991,11,24,18,NA,NA,NA,NA,NA
1991,11,24,21,NA,NA,NA,NA,NA
1991,11,25,0,NA,NA,NA,NA,NA
1991,11,25,3,NA,NA,NA,NA,NA
1991,11,25,6,NA,NA,NA,NA,NA
1991,11,25,9,NA,NA,NA,NA,NA
1991,11,25,12,NA,NA,NA,NA,NA
1991,11,25,15,NA,NA,NA,NA,NA
1991,11,25,18,NA,NA,NA,NA,NA
1991,11,25,21,NA,NA,NA,NA,NA
1991,11,26,0,NA,NA,NA,NA,NA
1991,11,26,3,NA,NA,NA,NA,NA
1991,11,26,6,NA,NA,NA,NA,NA
1991,11,26,9,NA,NA,NA,NA,NA
1991,11,26,12,NA,NA,NA,NA,NA
1991,11,26,15,NA,NA,NA,NA,NA
1991,11,26,18,NA,NA,NA,NA,NA
1991,11,26,21,NA,NA,NA,NA,NA
1991,11,27,0,NA,NA,NA,NA,NA
1991,11,27,3,NA,NA,NA,NA,NA
1991,11,27,6,NA,NA,NA,NA,NA
1991,11,27,9,NA,NA,NA,NA,NA
1991,11,27,12,NA,NA,NA,NA,NA
1991,11,27,15,NA,NA,NA,NA,NA
1991,11,27,18,NA,NA,NA,NA,NA
1991,11,27,21,NA,NA,NA,NA,NA
1991,11,28,0,NA,NA,NA,NA,NA
1991,11,28,3,NA,NA,NA,NA,NA
1991,11,28,6,NA,NA,NA,NA,NA
1991,11,28,9,NA,NA,NA,NA,NA
1991,11,28,12,NA,NA,NA,NA,NA
1991,11,28,15,NA,NA,NA,NA,NA
1991,11,28,18,NA,NA,NA,NA,NA
1991,11,28,21,NA,NA,NA,NA,NA
1991,11,29,0,NA,NA,NA,NA,NA
1991,11,29,3,NA,NA,NA,NA,NA
1991,11,29,6,NA,NA,NA,NA,NA
1991,11,29,9,NA,NA,NA,NA,NA
1991,11,29,12,NA,NA,NA,NA,NA
1991,11,29,15,NA,NA,NA,NA,NA
1991,11,29,18,NA,NA,NA,NA,NA
1991,11,29,21,NA,NA,NA,NA,NA
1991,11,30,0,NA,NA,NA,NA,NA
1991,11,30,3,NA,NA,NA,NA,NA
1991,11,30,6,NA,NA,NA,NA,NA
1991,11,30,9,NA,NA,NA,NA,NA
1991,11,30,12,NA,NA,NA,NA,NA
1991,11,30,15,NA,NA,NA,NA,NA
1991,11,30,18,NA,NA,NA,NA,NA
1991,11,30,21,NA,NA,NA,NA,NA
1991,12,1,0,NA,NA,NA,NA,NA
1991,12,1,3,NA,NA,NA,NA,NA
1991,12,1,6,NA,NA,NA,NA,NA
1991,12,1,9,NA,NA,NA,NA,NA
1991,12,1,12,NA,NA,NA,NA,NA
1991,12,1,15,NA,NA,NA,NA,NA
1991,12,1,18,NA,NA,NA,NA,NA
1991,12,1,21,NA,NA,NA,NA,NA
1991,12,2,0,NA,NA,NA,NA,NA
1991,12,2,3,NA,NA,NA,NA,NA
1991,12,2,6,NA,NA,NA,NA,NA
1991,12,2,9,NA,NA,NA,NA,NA
1991,12,2,12,NA,NA,NA,NA,NA
1991,12,2,15,NA,NA,NA,NA,NA
1991,12,2,18,NA,NA,NA,NA,NA
1991,12,2,21,NA,NA,NA,NA,NA
1991,12,3,0,NA,NA,NA,NA,NA
1991,12,3,3,NA,NA,NA,NA,NA
1991,12,3,6,NA,NA,NA,NA,NA
1991,12,3,9,NA,NA,NA,NA,NA
1991,12,3,12,NA,NA,NA,NA,NA
1991,12,3,15,NA,NA,NA,NA,NA
1991,12,3,18,NA,NA,NA,NA,NA
1991,12,3,21,NA,NA,NA,NA,NA
1991,12,4,0,NA,NA,NA,NA,NA
1991,12,4,3,NA,NA,NA,NA,NA
1991,12,4,6,NA,NA,NA,NA,NA
1991,12,4,9,NA,NA,NA,NA,NA
1991,12,4,12,NA,NA,NA,NA,NA
1991,12,4,15,NA,NA,NA,NA,NA
1991,12,4,18,NA,NA,NA,NA,NA
1991,12,4,21,NA,NA,NA,NA,NA
1991,12,5,0,NA,NA,NA,NA,NA
1991,12,5,3,NA,NA,NA,NA,NA
1991,12,5,6,NA,NA,NA,NA,NA
1991,12,5,9,NA,NA,NA,NA,NA
1991,12,5,12,NA,NA,NA,NA,NA
1991,12,5,15,NA,NA,NA,NA,NA
1991,12,5,18,NA,NA,NA,NA,NA
1991,12,5,21,NA,NA,NA,NA,NA
1991,12,6,0,NA,NA,NA,NA,NA
1991,12,6,3,NA,NA,NA,NA,NA
1991,12,6,6,NA,NA,NA,NA,NA
1991,12,6,9,NA,NA,NA,NA,NA
1991,12,6,12,NA,NA,NA,NA,NA
1991,12,6,15,NA,NA,NA,NA,NA
1991,12,6,18,NA,NA,NA,NA,NA
1991,12,6,21,NA,NA,NA,NA,NA
1991,12,7,0,NA,NA,NA,NA,NA
1991,12,7,3,NA,NA,NA,NA,NA
1991,12,7,6,NA,NA,NA,NA,NA
1991,12,7,9,NA,NA,NA,NA,NA
1991,12,7,12,NA,NA,NA,NA,NA
1991,12,7,15,NA,NA,NA,NA,NA
1991,12,7,18,NA,NA,NA,NA,NA
1991,12,7,21,NA,NA,NA,NA,NA
1991,12,8,0,NA,NA,NA,NA,NA
1991,12,8,3,NA,NA,NA,NA,NA
1991,12,8,6,NA,NA,NA,NA,NA
1991,12,8,9,NA,NA,NA,NA,NA
1991,12,8,12,NA,NA,NA,NA,NA
1991,12,8,15,NA,NA,NA,NA,NA
1991,12,8,18,NA,NA,NA,NA,NA
1991,12,8,21,NA,NA,NA,NA,NA
1991,12,9,0,NA,NA,NA,NA,NA
1991,12,9,3,NA,NA,NA,NA,NA
1991,12,9,6,NA,NA,NA,NA,NA
1991,12,9,9,NA,NA,NA,NA,NA
1991,12,9,12,NA,NA,NA,NA,NA
1991,12,9,15,NA,NA,NA,NA,NA
1991,12,9,18,NA,NA,NA,NA,NA
1991,12,9,21,NA,NA,NA,NA,NA
1991,12,10,0,NA,NA,NA,NA,NA
1991,12,10,3,NA,NA,NA,NA,NA
1991,12,10,6,NA,NA,NA,NA,NA
1991,12,10,9,NA,NA,NA,NA,NA
1991,12,10,12,NA,NA,NA,NA,NA
1991,12,10,15,NA,NA,NA,NA,NA
1991,12,10,18,NA,NA,NA,NA,NA
1991,12,10,21,NA,NA,NA,NA,NA
1991,12,11,0,NA,NA,NA,NA,NA
1991,12,11,3,NA,NA,NA,NA,NA
1991,12,11,6,NA,NA,NA,NA,NA
1991,12,11,9,NA,NA,NA,NA,NA
1991,12,11,12,NA,NA,NA,NA,NA
1991,12,11,15,NA,NA,NA,NA,NA
1991,12,11,18,NA,NA,NA,NA,NA
1991,12,11,21,NA,NA,NA,NA,NA
1991,12,12,0,NA,NA,NA,NA,NA
1991,12,12,3,NA,NA,NA,NA,NA
1991,12,12,6,NA,NA,NA,NA,NA
1991,12,12,9,NA,NA,NA,NA,NA
1991,12,12,12,NA,NA,NA,NA,NA
1991,12,12,15,NA,NA,NA,NA,NA
1991,12,12,18,NA,NA,NA,NA,NA
1991,12,12,21,NA,NA,NA,NA,NA
1991,12,13,0,NA,NA,NA,NA,NA
1991,12,13,3,NA,NA,NA,NA,NA
1991,12,13,6,NA,NA,NA,NA,NA
1991,12,13,9,NA,NA,NA,NA,NA
1991,12,13,12,NA,NA,NA,NA,NA
1991,12,13,15,NA,NA,NA,NA,NA
1991,12,13,18,NA,NA,NA,NA,NA
1991,12,13,21,NA,NA,NA,NA,NA
1991,12,14,0,NA,NA,NA,NA,NA
1991,12,14,3,NA,NA,NA,NA,NA
1991,12,14,6,NA,NA,NA,NA,NA
1991,12,14,9,NA,NA,NA,NA,NA
1991,12,14,12,NA,NA,NA,NA,NA
1991,12,14,15,NA,NA,NA,NA,NA
1991,12,14,18,NA,NA,NA,NA,NA
1991,12,14,21,NA,NA,NA,NA,NA
1991,12,15,0,NA,NA,NA,NA,NA
1991,12,15,3,NA,NA,NA,NA,NA
1991,12,15,6,NA,NA,NA,NA,NA
1991,12,15,9,NA,NA,NA,NA,NA
1991,12,15,12,NA,NA,NA,NA,NA
1991,12,15,15,NA,NA,NA,NA,NA
1991,12,15,18,NA,NA,NA,NA,NA
1991,12,15,21,NA,NA,NA,NA,NA
1991,12,16,0,NA,NA,NA,NA,NA
1991,12,16,3,NA,NA,NA,NA,NA
1991,12,16,6,NA,NA,NA,NA,NA
1991,12,16,9,NA,NA,NA,NA,NA
1991,12,16,12,NA,NA,NA,NA,NA
1991,12,16,15,NA,NA,NA,NA,NA
1991,12,16,18,NA,NA,NA,NA,NA
1991,12,16,21,NA,NA,NA,NA,NA
1991,12,17,0,NA,NA,NA,NA,NA
1991,12,17,3,NA,NA,NA,NA,NA
1991,12,17,6,NA,NA,NA,NA,NA
1991,12,17,9,NA,NA,NA,NA,NA
1991,12,17,12,NA,NA,NA,NA,NA
1991,12,17,15,NA,NA,NA,NA,NA
1991,12,17,18,NA,NA,NA,NA,NA
1991,12,17,21,NA,NA,NA,NA,NA
1991,12,18,0,NA,NA,NA,NA,NA
1991,12,18,3,NA,NA,NA,NA,NA
1991,12,18,6,NA,NA,NA,NA,NA
1991,12,18,9,NA,NA,NA,NA,NA
1991,12,18,12,NA,NA,NA,NA,NA
1991,12,18,15,NA,NA,NA,NA,NA
1991,12,18,18,NA,NA,NA,NA,NA
1991,12,18,21,NA,NA,NA,NA,NA
1991,12,19,0,NA,NA,NA,NA,NA
1991,12,19,3,NA,NA,NA,NA,NA
1991,12,19,6,NA,NA,NA,NA,NA
1991,12,19,9,NA,NA,NA,NA,NA
1991,12,19,12,NA,NA,NA,NA,NA
1991,12,19,15,NA,NA,NA,NA,NA
1991,12,19,18,NA,NA,NA,NA,NA
1991,12,19,21,NA,NA,NA,NA,NA
1991,12,20,0,NA,NA,NA,NA,NA
1991,12,20,3,NA,NA,NA,NA,NA
1991,12,20,6,NA,NA,NA,NA,NA
1991,12,20,9,NA,NA,NA,NA,NA
1991,12,20,12,NA,NA,NA,NA,NA
1991,12,20,15,NA,NA,NA,NA,NA
1991,12,20,18,NA,NA,NA,NA,NA
1991,12,20,21,NA,NA,NA,NA,NA
1991,12,21,0,NA,NA,NA,NA,NA
1991,12,21,3,NA,NA,NA,NA,NA
1991,12,21,6,NA,NA,NA,NA,NA
1991,12,21,9,NA,NA,NA,NA,NA
1991,12,21,12,NA,NA,NA,NA,NA
1991,12,21,15,NA,NA,NA,NA,NA
1991,12,21,18,NA,NA,NA,NA,NA
1991,12,21,21,NA,NA,NA,NA,NA
1991,12,22,0,NA,NA,NA,NA,NA
1991,12,22,3,NA,NA,NA,NA,NA
1991,12,22,6,NA,NA,NA,NA,NA
1991,12,22,9,NA,NA,NA,NA,NA
1991,12,22,12,NA,NA,NA,NA,NA
1991,12,22,15,NA,NA,NA,NA,NA
1991,12,22,18,NA,NA,NA,NA,NA
1991,12,22,21,NA,NA,NA,NA,NA
1991,12,23,0,NA,NA,NA,NA,NA
1991,12,23,3,NA,NA,NA,NA,NA
1991,12,23,6,NA,NA,NA,NA,NA
1991,12,23,9,NA,NA,NA,NA,NA
1991,12,23,12,NA,NA,NA,NA,NA
1991,12,23,15,NA,NA,NA,NA,NA
1991,12,23,18,NA,NA,NA,NA,NA
1991,12,23,21,NA,NA,NA,NA,NA
1991,12,24,0,NA,NA,NA,NA,NA
1991,12,24,3,NA,NA,NA,NA,NA
1991,12,24,6,NA,NA,NA,NA,NA
1991,12,24,9,NA,NA,NA,NA,NA
1991,12,24,12,NA,NA,NA,NA,NA
1991,12,24,15,NA,NA,NA,NA,NA
1991,12,24,18,NA,NA,NA,NA,NA
1991,12,24,21,NA,NA,NA,NA,NA
1991,12,25,0,NA,NA,NA,NA,NA
1991,12,25,3,NA,NA,NA,NA,NA
1991,12,25,6,NA,NA,NA,NA,NA
1991,12,25,9,NA,NA,NA,NA,NA
1991,12,25,12,NA,NA,NA,NA,NA
1991,12,25,15,NA,NA,NA,NA,NA
1991,12,25,18,NA,NA,NA,NA,NA
1991,12,25,21,NA,NA,NA,NA,NA
1991,12,26,0,NA,NA,NA,NA,NA
1991,12,26,3,NA,NA,NA,NA,NA
1991,12,26,6,NA,NA,NA,NA,NA
1991,12,26,9,NA,NA,NA,NA,NA
1991,12,26,12,NA,NA,NA,NA,NA
1991,12,26,15,NA,NA,NA,NA,NA
1991,12,26,18,NA,NA,NA,NA,NA
1991,12,26,21,NA,NA,NA,NA,NA
1991,12,27,0,NA,NA,NA,NA,NA
1991,12,27,3,NA,NA,NA,NA,NA
1991,12,27,6,NA,NA,NA,NA,NA
1991,12,27,9,NA,NA,NA,NA,NA
1991,12,27,12,NA,NA,NA,NA,NA
1991,12,27,15,NA,NA,NA,NA,NA
1991,12,27,18,NA,NA,NA,NA,NA
1991,12,27,21,NA,NA,NA,NA,NA
1991,12,28,0,NA,NA,NA,NA,NA
1991,12,28,3,NA,NA,NA,NA,NA
1991,12,28,6,NA,NA,NA,NA,NA
1991,12,28,9,NA,NA,NA,NA,NA
1991,12,28,12,NA,NA,NA,NA,NA
1991,12,28,15,NA,NA,NA,NA,NA
1991,12,28,18,NA,NA,NA,NA,NA
1991,12,28,21,NA,NA,NA,NA,NA
1991,12,29,0,NA,NA,NA,NA,NA
1991,12,29,3,NA,NA,NA,NA,NA
1991,12,29,6,NA,NA,NA,NA,NA
1991,12,29,9,NA,NA,NA,NA,NA
1991,12,29,12,NA,NA,NA,NA,NA
1991,12,29,15,NA,NA,NA,NA,NA
1991,12,29,18,NA,NA,NA,NA,NA
1991,12,29,21,NA,NA,NA,NA,NA
1991,12,30,0,NA,NA,NA,NA,NA
1991,12,30,3,NA,NA,NA,NA,NA
1991,12,30,6,NA,NA,NA,NA,NA
1991,12,30,9,NA,NA,NA,NA,NA
1991,12,30,12,NA,NA,NA,NA,NA
1991,12,30,15,NA,NA,NA,NA,NA
1991,12,30,18,NA,NA,NA,NA,NA
1991,12,30,21,NA,NA,NA,NA,NA
1991,12,31,0,NA,NA,NA,NA,NA
1991,12,31,3,NA,NA,NA,NA,NA
1991,12,31,6,NA,NA,NA,NA,NA
1991,12,31,9,NA,NA,NA,NA,NA
1991,12,31,12,NA,NA,NA,NA,NA
1991,12,31,15,NA,NA,NA,NA,NA
1991,12,31,18,NA,NA,NA,NA,NA
1991,12,31,21,NA,NA,NA,NA,NA
1992,1,1,0,NA,NA,NA,NA,NA
1992,1,1,3,NA,NA,NA,NA,NA
1992,1,1,6,NA,NA,NA,NA,NA
1992,1,1,9,NA,NA,NA,NA,NA
1992,1,1,12,NA,NA,NA,NA,NA
1992,1,1,15,NA,NA,NA,NA,NA
1992,1,1,18,NA,NA,NA,NA,NA
1992,1,1,21,NA,NA,NA,NA,NA
1992,1,2,0,NA,NA,NA,NA,NA
1992,1,2,3,NA,NA,NA,NA,NA
1992,1,2,6,NA,NA,NA,NA,NA
1992,1,2,9,NA,NA,NA,NA,NA
1992,1,2,12,NA,NA,NA,NA,NA
1992,1,2,15,NA,NA,NA,NA,NA
1992,1,2,18,NA,NA,NA,NA,NA
1992,1,2,21,NA,NA,NA,NA,NA
1992,1,3,0,NA,NA,NA,NA,NA
1992,1,3,3,NA,NA,NA,NA,NA
1992,1,3,6,NA,NA,NA,NA,NA
1992,1,3,9,NA,NA,NA,NA,NA
1992,1,3,12,NA,NA,NA,NA,NA
1992,1,3,15,NA,NA,NA,NA,NA
1992,1,3,18,NA,NA,NA,NA,NA
1992,1,3,21,NA,NA,NA,NA,NA
1992,1,4,0,NA,NA,NA,NA,NA
1992,1,4,3,NA,NA,NA,NA,NA
1992,1,4,6,NA,NA,NA,NA,NA
1992,1,4,9,NA,NA,NA,NA,NA
1992,1,4,12,NA,NA,NA,NA,NA
1992,1,4,15,NA,NA,NA,NA,NA
1992,1,4,18,NA,NA,NA,NA,NA
1992,1,4,21,NA,NA,NA,NA,NA
1992,1,5,0,NA,NA,NA,NA,NA
1992,1,5,3,NA,NA,NA,NA,NA
1992,1,5,6,NA,NA,NA,NA,NA
1992,1,5,9,NA,NA,NA,NA,NA
1992,1,5,12,NA,NA,NA,NA,NA
1992,1,5,15,NA,NA,NA,NA,NA
1992,1,5,18,NA,NA,NA,NA,NA
1992,1,5,21,NA,NA,NA,NA,NA
1992,1,6,0,NA,NA,NA,NA,NA
1992,1,6,3,NA,NA,NA,NA,NA
1992,1,6,6,NA,NA,NA,NA,NA
1992,1,6,9,NA,NA,NA,NA,NA
1992,1,6,12,NA,NA,NA,NA,NA
1992,1,6,15,NA,NA,NA,NA,NA
1992,1,6,18,NA,NA,NA,NA,NA
1992,1,6,21,NA,NA,NA,NA,NA
1992,1,7,0,NA,NA,NA,NA,NA
1992,1,7,3,NA,NA,NA,NA,NA
1992,1,7,6,NA,NA,NA,NA,NA
1992,1,7,9,NA,NA,NA,NA,NA
1992,1,7,12,NA,NA,NA,NA,NA
1992,1,7,15,NA,NA,NA,NA,NA
1992,1,7,18,NA,NA,NA,NA,NA
1992,1,7,21,NA,NA,NA,NA,NA
1992,1,8,0,NA,NA,NA,NA,NA
1992,1,8,3,NA,NA,NA,NA,NA
1992,1,8,6,NA,NA,NA,NA,NA
1992,1,8,9,NA,NA,NA,NA,NA
1992,1,8,12,NA,NA,NA,NA,NA
1992,1,8,15,NA,NA,NA,NA,NA
1992,1,8,18,NA,NA,NA,NA,NA
1992,1,8,21,NA,NA,NA,NA,NA
1992,1,9,0,NA,NA,NA,NA,NA
1992,1,9,3,NA,NA,NA,NA,NA
1992,1,9,6,NA,NA,NA,NA,NA
1992,1,9,9,NA,NA,NA,NA,NA
1992,1,9,12,NA,NA,NA,NA,NA
1992,1,9,15,NA,NA,NA,NA,NA
1992,1,9,18,NA,NA,NA,NA,NA
1992,1,9,21,NA,NA,NA,NA,NA
1992,1,10,0,NA,NA,NA,NA,NA
1992,1,10,3,NA,NA,NA,NA,NA
1992,1,10,6,NA,NA,NA,NA,NA
1992,1,10,9,NA,NA,NA,NA,NA
1992,1,10,12,NA,NA,NA,NA,NA
1992,1,10,15,NA,NA,NA,NA,NA
1992,1,10,18,NA,NA,NA,NA,NA
1992,1,10,21,NA,NA,NA,NA,NA
1992,1,11,0,NA,NA,NA,NA,NA
1992,1,11,3,NA,NA,NA,NA,NA
1992,1,11,6,NA,NA,NA,NA,NA
1992,1,11,9,NA,NA,NA,NA,NA
1992,1,11,12,NA,NA,NA,NA,NA
1992,1,11,15,NA,NA,NA,NA,NA
1992,1,11,18,NA,NA,NA,NA,NA
1992,1,11,21,NA,NA,NA,NA,NA
1992,1,12,0,NA,NA,NA,NA,NA
1992,1,12,3,NA,NA,NA,NA,NA
1992,1,12,6,NA,NA,NA,NA,NA
1992,1,12,9,NA,NA,NA,NA,NA
1992,1,12,12,NA,NA,NA,NA,NA
1992,1,12,15,NA,NA,NA,NA,NA
1992,1,12,18,NA,NA,NA,NA,NA
1992,1,12,21,NA,NA,NA,NA,NA
1992,1,13,0,NA,NA,NA,NA,NA
1992,1,13,3,NA,NA,NA,NA,NA
1992,1,13,6,NA,NA,NA,NA,NA
1992,1,13,9,NA,NA,NA,NA,NA
1992,1,13,12,NA,NA,NA,NA,NA
1992,1,13,15,NA,NA,NA,NA,NA
1992,1,13,18,NA,NA,NA,NA,NA
1992,1,13,21,NA,NA,NA,NA,NA
1992,1,14,0,NA,NA,NA,NA,NA
1992,1,14,3,NA,NA,NA,NA,NA
1992,1,14,6,NA,NA,NA,NA,NA
1992,1,14,9,NA,NA,NA,NA,NA
1992,1,14,12,NA,NA,NA,NA,NA
1992,1,14,15,NA,NA,NA,NA,NA
1992,1,14,18,NA,NA,NA,NA,NA
1992,1,14,21,NA,NA,NA,NA,NA
1992,1,15,0,NA,NA,NA,NA,NA
1992,1,15,3,NA,NA,NA,NA,NA
1992,1,15,6,NA,NA,NA,NA,NA
1992,1,15,9,NA,NA,NA,NA,NA
1992,1,15,12,NA,NA,NA,NA,NA
1992,1,15,15,NA,NA,NA,NA,NA
1992,1,15,18,NA,NA,NA,NA,NA
1992,1,15,21,NA,NA,NA,NA,NA
1992,1,16,0,NA,NA,NA,NA,NA
1992,1,16,3,NA,NA,NA,NA,NA
1992,1,16,6,NA,NA,NA,NA,NA
1992,1,16,9,NA,NA,NA,NA,NA
1992,1,16,12,NA,NA,NA,NA,NA
1992,1,16,15,NA,NA,NA,NA,NA
1992,1,16,18,NA,NA,NA,NA,NA
1992,1,16,21,NA,NA,NA,NA,NA
1992,1,17,0,NA,NA,NA,NA,NA
1992,1,17,3,NA,NA,NA,NA,NA
1992,1,17,6,NA,NA,NA,NA,NA
1992,1,17,9,NA,NA,NA,NA,NA
1992,1,17,12,NA,NA,NA,NA,NA
1992,1,17,15,NA,NA,NA,NA,NA
1992,1,17,18,NA,NA,NA,NA,NA
1992,1,17,21,NA,NA,NA,NA,NA
1992,1,18,0,NA,NA,NA,NA,NA
1992,1,18,3,NA,NA,NA,NA,NA
1992,1,18,6,NA,NA,NA,NA,NA
1992,1,18,9,NA,NA,NA,NA,NA
1992,1,18,12,NA,NA,NA,NA,NA
1992,1,18,15,NA,NA,NA,NA,NA
1992,1,18,18,NA,NA,NA,NA,NA
1992,1,18,21,NA,NA,NA,NA,NA
1992,1,19,0,NA,NA,NA,NA,NA
1992,1,19,3,NA,NA,NA,NA,NA
1992,1,19,6,NA,NA,NA,NA,NA
1992,1,19,9,NA,NA,NA,NA,NA
1992,1,19,12,NA,NA,NA,NA,NA
1992,1,19,15,NA,NA,NA,NA,NA
1992,1,19,18,NA,NA,NA,NA,NA
1992,1,19,21,NA,NA,NA,NA,NA
1992,1,20,0,NA,NA,NA,NA,NA
1992,1,20,3,NA,NA,NA,NA,NA
1992,1,20,6,NA,NA,NA,NA,NA
1992,1,20,9,NA,NA,NA,NA,NA
1992,1,20,12,NA,NA,NA,NA,NA
1992,1,20,15,NA,NA,NA,NA,NA
1992,1,20,18,NA,NA,NA,NA,NA
1992,1,20,21,NA,NA,NA,NA,NA
1992,1,21,0,NA,NA,NA,NA,NA
1992,1,21,3,NA,NA,NA,NA,NA
1992,1,21,6,NA,NA,NA,NA,NA
1992,1,21,9,NA,NA,NA,NA,NA
1992,1,21,12,NA,NA,NA,NA,NA
1992,1,21,15,NA,NA,NA,NA,NA
1992,1,21,18,NA,NA,NA,NA,NA
1992,1,21,21,NA,NA,NA,NA,NA
1992,1,22,0,NA,NA,NA,NA,NA
1992,1,22,3,NA,NA,NA,NA,NA
1992,1,22,6,NA,NA,NA,NA,NA
1992,1,22,9,NA,NA,NA,NA,NA
1992,1,22,12,NA,NA,NA,NA,NA
1992,1,22,15,NA,NA,NA,NA,NA
1992,1,22,18,NA,NA,NA,NA,NA
1992,1,22,21,NA,NA,NA,NA,NA
1992,1,23,0,NA,NA,NA,NA,NA
1992,1,23,3,NA,NA,NA,NA,NA
1992,1,23,6,NA,NA,NA,NA,NA
1992,1,23,9,NA,NA,NA,NA,NA
1992,1,23,12,NA,NA,NA,NA,NA
1992,1,23,15,NA,NA,NA,NA,NA
1992,1,23,18,NA,NA,NA,NA,NA
1992,1,23,21,NA,NA,NA,NA,NA
1992,1,24,0,NA,NA,NA,NA,NA
1992,1,24,3,NA,NA,NA,NA,NA
1992,1,24,6,NA,NA,NA,NA,NA
1992,1,24,9,NA,NA,NA,NA,NA
1992,1,24,12,NA,NA,NA,NA,NA
1992,1,24,15,NA,NA,NA,NA,NA
1992,1,24,18,NA,NA,NA,NA,NA
1992,1,24,21,NA,NA,NA,NA,NA
1992,1,25,0,NA,NA,NA,NA,NA
1992,1,25,3,NA,NA,NA,NA,NA
1992,1,25,6,NA,NA,NA,NA,NA
1992,1,25,9,NA,NA,NA,NA,NA
1992,1,25,12,NA,NA,NA,NA,NA
1992,1,25,15,NA,NA,NA,NA,NA
1992,1,25,18,NA,NA,NA,NA,NA
1992,1,25,21,NA,NA,NA,NA,NA
1992,1,26,0,NA,NA,NA,NA,NA
1992,1,26,3,NA,NA,NA,NA,NA
1992,1,26,6,NA,NA,NA,NA,NA
1992,1,26,9,NA,NA,NA,NA,NA
1992,1,26,12,NA,NA,NA,NA,NA
1992,1,26,15,NA,NA,NA,NA,NA
1992,1,26,18,NA,NA,NA,NA,NA
1992,1,26,21,NA,NA,NA,NA,NA
1992,1,27,0,NA,NA,NA,NA,NA
1992,1,27,3,NA,NA,NA,NA,NA
1992,1,27,6,NA,NA,NA,NA,NA
1992,1,27,9,NA,NA,NA,NA,NA
1992,1,27,12,NA,NA,NA,NA,NA
1992,1,27,15,NA,NA,NA,NA,NA
1992,1,27,18,NA,NA,NA,NA,NA
1992,1,27,21,NA,NA,NA,NA,NA
1992,1,28,0,NA,NA,NA,NA,NA
1992,1,28,3,NA,NA,NA,NA,NA
1992,1,28,6,NA,NA,NA,NA,NA
1992,1,28,9,NA,NA,NA,NA,NA
1992,1,28,12,NA,NA,NA,NA,NA
1992,1,28,15,NA,NA,NA,NA,NA
1992,1,28,18,NA,NA,NA,NA,NA
1992,1,28,21,NA,NA,NA,NA,NA
1992,1,29,0,NA,NA,NA,NA,NA
1992,1,29,3,NA,NA,NA,NA,NA
1992,1,29,6,NA,NA,NA,NA,NA
1992,1,29,9,NA,NA,NA,NA,NA
1992,1,29,12,NA,NA,NA,NA,NA
1992,1,29,15,NA,NA,NA,NA,NA
1992,1,29,18,NA,NA,NA,NA,NA
1992,1,29,21,NA,NA,NA,NA,NA
1992,1,30,0,NA,NA,NA,NA,NA
1992,1,30,3,NA,NA,NA,NA,NA
1992,1,30,6,NA,NA,NA,NA,NA
1992,1,30,9,NA,NA,NA,NA,NA
1992,1,30,12,NA,NA,NA,NA,NA
1992,1,30,15,NA,NA,NA,NA,NA
1992,1,30,18,NA,NA,NA,NA,NA
1992,1,30,21,NA,NA,NA,NA,NA
1992,1,31,0,NA,NA,NA,NA,NA
1992,1,31,3,NA,NA,NA,NA,NA
1992,1,31,6,NA,NA,NA,NA,NA
1992,1,31,9,NA,NA,NA,NA,NA
1992,1,31,12,NA,NA,NA,NA,NA
1992,1,31,15,NA,NA,NA,NA,NA
1992,1,31,18,NA,NA,NA,NA,NA
1992,1,31,21,NA,NA,NA,NA,NA
1992,2,1,0,NA,NA,NA,NA,NA
1992,2,1,3,NA,NA,NA,NA,NA
1992,2,1,6,NA,NA,NA,NA,NA
1992,2,1,9,NA,NA,NA,NA,NA
1992,2,1,12,NA,NA,NA,NA,NA
1992,2,1,15,NA,NA,NA,NA,NA
1992,2,1,18,NA,NA,NA,NA,NA
1992,2,1,21,NA,NA,NA,NA,NA
1992,2,2,0,NA,NA,NA,NA,NA
1992,2,2,3,NA,NA,NA,NA,NA
1992,2,2,6,NA,NA,NA,NA,NA
1992,2,2,9,NA,NA,NA,NA,NA
1992,2,2,12,NA,NA,NA,NA,NA
1992,2,2,15,NA,NA,NA,NA,NA
1992,2,2,18,NA,NA,NA,NA,NA
1992,2,2,21,NA,NA,NA,NA,NA
1992,2,3,0,NA,NA,NA,NA,NA
1992,2,3,3,NA,NA,NA,NA,NA
1992,2,3,6,NA,NA,NA,NA,NA
1992,2,3,9,NA,NA,NA,NA,NA
1992,2,3,12,NA,NA,NA,NA,NA
1992,2,3,15,NA,NA,NA,NA,NA
1992,2,3,18,NA,NA,NA,NA,NA
1992,2,3,21,NA,NA,NA,NA,NA
1992,2,4,0,NA,NA,NA,NA,NA
1992,2,4,3,NA,NA,NA,NA,NA
1992,2,4,6,NA,NA,NA,NA,NA
1992,2,4,9,NA,NA,NA,NA,NA
1992,2,4,12,NA,NA,NA,NA,NA
1992,2,4,15,NA,NA,NA,NA,NA
1992,2,4,18,NA,NA,NA,NA,NA
1992,2,4,21,NA,NA,NA,NA,NA
1992,2,5,0,NA,NA,NA,NA,NA
1992,2,5,3,NA,NA,NA,NA,NA
1992,2,5,6,NA,NA,NA,NA,NA
1992,2,5,9,NA,NA,NA,NA,NA
1992,2,5,12,NA,NA,NA,NA,NA
1992,2,5,15,NA,NA,NA,NA,NA
1992,2,5,18,NA,NA,NA,NA,NA
1992,2,5,21,NA,NA,NA,NA,NA
1992,2,6,0,NA,NA,NA,NA,NA
1992,2,6,3,NA,NA,NA,NA,NA
1992,2,6,6,NA,NA,NA,NA,NA
1992,2,6,9,NA,NA,NA,NA,NA
1992,2,6,12,NA,NA,NA,NA,NA
1992,2,6,15,NA,NA,NA,NA,NA
1992,2,6,18,NA,NA,NA,NA,NA
1992,2,6,21,NA,NA,NA,NA,NA
1992,2,7,0,NA,NA,NA,NA,NA
1992,2,7,3,NA,NA,NA,NA,NA
1992,2,7,6,NA,NA,NA,NA,NA
1992,2,7,9,NA,NA,NA,NA,NA
1992,2,7,12,NA,NA,NA,NA,NA
1992,2,7,15,NA,NA,NA,NA,NA
1992,2,7,18,NA,NA,NA,NA,NA
1992,2,7,21,NA,NA,NA,NA,NA
1992,2,8,0,NA,NA,NA,NA,NA
1992,2,8,3,NA,NA,NA,NA,NA
1992,2,8,6,NA,NA,NA,NA,NA
1992,2,8,9,NA,NA,NA,NA,NA
1992,2,8,12,NA,NA,NA,NA,NA
1992,2,8,15,NA,NA,NA,NA,NA
1992,2,8,18,NA,NA,NA,NA,NA
1992,2,8,21,NA,NA,NA,NA,NA
1992,2,9,0,NA,NA,NA,NA,NA
1992,2,9,3,NA,NA,NA,NA,NA
1992,2,9,6,NA,NA,NA,NA,NA
1992,2,9,9,NA,NA,NA,NA,NA
1992,2,9,12,NA,NA,NA,NA,NA
1992,2,9,15,NA,NA,NA,NA,NA
1992,2,9,18,NA,NA,NA,NA,NA
1992,2,9,21,NA,NA,NA,NA,NA
1992,2,10,0,NA,NA,NA,NA,NA
1992,2,10,3,NA,NA,NA,NA,NA
1992,2,10,6,NA,NA,NA,NA,NA
1992,2,10,9,NA,NA,NA,NA,NA
1992,2,10,12,NA,NA,NA,NA,NA
1992,2,10,15,NA,NA,NA,NA,NA
1992,2,10,18,NA,NA,NA,NA,NA
1992,2,10,21,NA,NA,NA,NA,NA
1992,2,11,0,NA,NA,NA,NA,NA
1992,2,11,3,NA,NA,NA,NA,NA
1992,2,11,6,NA,NA,NA,NA,NA
1992,2,11,9,NA,NA,NA,NA,NA
1992,2,11,12,NA,NA,NA,NA,NA
1992,2,11,15,NA,NA,NA,NA,NA
1992,2,11,18,NA,NA,NA,NA,NA
1992,2,11,21,NA,NA,NA,NA,NA
1992,2,12,0,NA,NA,NA,NA,NA
1992,2,12,3,NA,NA,NA,NA,NA
1992,2,12,6,NA,NA,NA,NA,NA
1992,2,12,9,NA,NA,NA,NA,NA
1992,2,12,12,NA,NA,NA,NA,NA
1992,2,12,15,NA,NA,NA,NA,NA
1992,2,12,18,NA,NA,NA,NA,NA
1992,2,12,21,NA,NA,NA,NA,NA
1992,2,13,0,NA,NA,NA,NA,NA
1992,2,13,3,NA,NA,NA,NA,NA
1992,2,13,6,NA,NA,NA,NA,NA
1992,2,13,9,NA,NA,NA,NA,NA
1992,2,13,12,NA,NA,NA,NA,NA
1992,2,13,15,NA,NA,NA,NA,NA
1992,2,13,18,NA,NA,NA,NA,NA
1992,2,13,21,NA,NA,NA,NA,NA
1992,2,14,0,NA,NA,NA,NA,NA
1992,2,14,3,NA,NA,NA,NA,NA
1992,2,14,6,NA,NA,NA,NA,NA
1992,2,14,9,NA,NA,NA,NA,NA
1992,2,14,12,NA,NA,NA,NA,NA
1992,2,14,15,NA,NA,NA,NA,NA
1992,2,14,18,NA,NA,NA,NA,NA
1992,2,14,21,NA,NA,NA,NA,NA
1992,2,15,0,NA,NA,NA,NA,NA
1992,2,15,3,NA,NA,NA,NA,NA
1992,2,15,6,NA,NA,NA,NA,NA
1992,2,15,9,NA,NA,NA,NA,NA
1992,2,15,12,NA,NA,NA,NA,NA
1992,2,15,15,NA,NA,NA,NA,NA
1992,2,15,18,NA,NA,NA,NA,NA
1992,2,15,21,NA,NA,NA,NA,NA
1992,2,16,0,NA,NA,NA,NA,NA
1992,2,16,3,NA,NA,NA,NA,NA
1992,2,16,6,NA,NA,NA,NA,NA
1992,2,16,9,NA,NA,NA,NA,NA
1992,2,16,12,NA,NA,NA,NA,NA
1992,2,16,15,NA,NA,NA,NA,NA
1992,2,16,18,NA,NA,NA,NA,NA
1992,2,16,21,NA,NA,NA,NA,NA
1992,2,17,0,NA,NA,NA,NA,NA
1992,2,17,3,NA,NA,NA,NA,NA
1992,2,17,6,NA,NA,NA,NA,NA
1992,2,17,9,NA,NA,NA,NA,NA
1992,2,17,12,NA,NA,NA,NA,NA
1992,2,17,15,NA,NA,NA,NA,NA
1992,2,17,18,NA,NA,NA,NA,NA
1992,2,17,21,NA,NA,NA,NA,NA
1992,2,18,0,NA,NA,NA,NA,NA
1992,2,18,3,NA,NA,NA,NA,NA
1992,2,18,6,NA,NA,NA,NA,NA
1992,2,18,9,NA,NA,NA,NA,NA
1992,2,18,12,NA,NA,NA,NA,NA
1992,2,18,15,NA,NA,NA,NA,NA
1992,2,18,18,NA,NA,NA,NA,NA
1992,2,18,21,NA,NA,NA,NA,NA
1992,2,19,0,NA,NA,NA,NA,NA
1992,2,19,3,NA,NA,NA,NA,NA
1992,2,19,6,NA,NA,NA,NA,NA
1992,2,19,9,NA,NA,NA,NA,NA
1992,2,19,12,NA,NA,NA,NA,NA
1992,2,19,15,NA,NA,NA,NA,NA
1992,2,19,18,NA,NA,NA,NA,NA
1992,2,19,21,NA,NA,NA,NA,NA
1992,2,20,0,NA,NA,NA,NA,NA
1992,2,20,3,NA,NA,NA,NA,NA
1992,2,20,6,NA,NA,NA,NA,NA
1992,2,20,9,NA,NA,NA,NA,NA
1992,2,20,12,NA,NA,NA,NA,NA
1992,2,20,15,NA,NA,NA,NA,NA
1992,2,20,18,NA,NA,NA,NA,NA
1992,2,20,21,NA,NA,NA,NA,NA
1992,2,21,0,NA,NA,NA,NA,NA
1992,2,21,3,NA,NA,NA,NA,NA
1992,2,21,6,NA,NA,NA,NA,NA
1992,2,21,9,NA,NA,NA,NA,NA
1992,2,21,12,NA,NA,NA,NA,NA
1992,2,21,15,NA,NA,NA,NA,NA
1992,2,21,18,NA,NA,NA,NA,NA
1992,2,21,21,NA,NA,NA,NA,NA
1992,2,22,0,NA,NA,NA,NA,NA
1992,2,22,3,NA,NA,NA,NA,NA
1992,2,22,6,NA,NA,NA,NA,NA
1992,2,22,9,NA,NA,NA,NA,NA
1992,2,22,12,NA,NA,NA,NA,NA
1992,2,22,15,NA,NA,NA,NA,NA
1992,2,22,18,NA,NA,NA,NA,NA
1992,2,22,21,NA,NA,NA,NA,NA
1992,2,23,0,NA,NA,NA,NA,NA
1992,2,23,3,NA,NA,NA,NA,NA
1992,2,23,6,NA,NA,NA,NA,NA
1992,2,23,9,NA,NA,NA,NA,NA
1992,2,23,12,NA,NA,NA,NA,NA
1992,2,23,15,NA,NA,NA,NA,NA
1992,2,23,18,NA,NA,NA,NA,NA
1992,2,23,21,NA,NA,NA,NA,NA
1992,2,24,0,NA,NA,NA,NA,NA
1992,2,24,3,NA,NA,NA,NA,NA
1992,2,24,6,NA,NA,NA,NA,NA
1992,2,24,9,NA,NA,NA,NA,NA
1992,2,24,12,NA,NA,NA,NA,NA
1992,2,24,15,NA,NA,NA,NA,NA
1992,2,24,18,NA,NA,NA,NA,NA
1992,2,24,21,NA,NA,NA,NA,NA
1992,2,25,0,NA,NA,NA,NA,NA
1992,2,25,3,NA,NA,NA,NA,NA
1992,2,25,6,NA,NA,NA,NA,NA
1992,2,25,9,NA,NA,NA,NA,NA
1992,2,25,12,NA,NA,NA,NA,NA
1992,2,25,15,NA,NA,NA,NA,NA
1992,2,25,18,NA,NA,NA,NA,NA
1992,2,25,21,NA,NA,NA,NA,NA
1992,2,26,0,NA,NA,NA,NA,NA
1992,2,26,3,NA,NA,NA,NA,NA
1992,2,26,6,NA,NA,NA,NA,NA
1992,2,26,9,NA,NA,NA,NA,NA
1992,2,26,12,NA,NA,NA,NA,NA
1992,2,26,15,NA,NA,NA,NA,NA
1992,2,26,18,NA,NA,NA,NA,NA
1992,2,26,21,NA,NA,NA,NA,NA
1992,2,27,0,NA,NA,NA,NA,NA
1992,2,27,3,NA,NA,NA,NA,NA
1992,2,27,6,NA,NA,NA,NA,NA
1992,2,27,9,NA,NA,NA,NA,NA
1992,2,27,12,NA,NA,NA,NA,NA
1992,2,27,15,NA,NA,NA,NA,NA
1992,2,27,18,NA,NA,NA,NA,NA
1992,2,27,21,NA,NA,NA,NA,NA
1992,2,28,0,NA,NA,NA,NA,NA
1992,2,28,3,NA,NA,NA,NA,NA
1992,2,28,6,NA,NA,NA,NA,NA
1992,2,28,9,NA,NA,NA,NA,NA
1992,2,28,12,NA,NA,NA,NA,NA
1992,2,28,15,NA,NA,NA,NA,NA
1992,2,28,18,NA,NA,NA,NA,NA
1992,2,28,21,NA,NA,NA,NA,NA
1992,2,29,0,NA,NA,NA,NA,NA
1992,2,29,3,NA,NA,NA,NA,NA
1992,2,29,6,NA,NA,NA,NA,NA
1992,2,29,9,NA,NA,NA,NA,NA
1992,2,29,12,NA,NA,NA,NA,NA
1992,2,29,15,NA,NA,NA,NA,NA
1992,2,29,18,NA,NA,NA,NA,NA
1992,2,29,21,NA,NA,NA,NA,NA
1992,3,1,0,NA,NA,NA,NA,NA
1992,3,1,3,NA,NA,NA,NA,NA
1992,3,1,6,NA,NA,NA,NA,NA
1992,3,1,9,NA,NA,NA,NA,NA
1992,3,1,12,NA,NA,NA,NA,NA
1992,3,1,15,NA,NA,NA,NA,NA
1992,3,1,18,NA,NA,NA,NA,NA
1992,3,1,21,NA,NA,NA,NA,NA
1992,3,2,0,NA,NA,NA,NA,NA
1992,3,2,3,NA,NA,NA,NA,NA
1992,3,2,6,NA,NA,NA,NA,NA
1992,3,2,9,NA,NA,NA,NA,NA
1992,3,2,12,NA,NA,NA,NA,NA
1992,3,2,15,NA,NA,NA,NA,NA
1992,3,2,18,NA,NA,NA,NA,NA
1992,3,2,21,NA,NA,NA,NA,NA
1992,3,3,0,NA,NA,NA,NA,NA
1992,3,3,3,NA,NA,NA,NA,NA
1992,3,3,6,NA,NA,NA,NA,NA
1992,3,3,9,NA,NA,NA,NA,NA
1992,3,3,12,NA,NA,NA,NA,NA
1992,3,3,15,NA,NA,NA,NA,NA
1992,3,3,18,NA,NA,NA,NA,NA
1992,3,3,21,NA,NA,NA,NA,NA
1992,3,4,0,NA,NA,NA,NA,NA
1992,3,4,3,NA,NA,NA,NA,NA
1992,3,4,6,NA,NA,NA,NA,NA
1992,3,4,9,NA,NA,NA,NA,NA
1992,3,4,12,NA,NA,NA,NA,NA
1992,3,4,15,NA,NA,NA,NA,NA
1992,3,4,18,NA,NA,NA,NA,NA
1992,3,4,21,NA,NA,NA,NA,NA
1992,3,5,0,NA,NA,NA,NA,NA
1992,3,5,3,NA,NA,NA,NA,NA
1992,3,5,6,NA,NA,NA,NA,NA
1992,3,5,9,NA,NA,NA,NA,NA
1992,3,5,12,NA,NA,NA,NA,NA
1992,3,5,15,NA,NA,NA,NA,NA
1992,3,5,18,NA,NA,NA,NA,NA
1992,3,5,21,NA,NA,NA,NA,NA
1992,3,6,0,NA,NA,NA,NA,NA
1992,3,6,3,NA,NA,NA,NA,NA
1992,3,6,6,NA,NA,NA,NA,NA
1992,3,6,9,NA,NA,NA,NA,NA
1992,3,6,12,NA,NA,NA,NA,NA
1992,3,6,15,NA,NA,NA,NA,NA
1992,3,6,18,NA,NA,NA,NA,NA
1992,3,6,21,NA,NA,NA,NA,NA
1992,3,7,0,NA,NA,NA,NA,NA
1992,3,7,3,NA,NA,NA,NA,NA
1992,3,7,6,NA,NA,NA,NA,NA
1992,3,7,9,NA,NA,NA,NA,NA
1992,3,7,12,NA,NA,NA,NA,NA
1992,3,7,15,NA,NA,NA,NA,NA
1992,3,7,18,NA,NA,NA,NA,NA
1992,3,7,21,NA,NA,NA,NA,NA
1992,3,8,0,NA,NA,NA,NA,NA
1992,3,8,3,NA,NA,NA,NA,NA
1992,3,8,6,NA,NA,NA,NA,NA
1992,3,8,9,NA,NA,NA,NA,NA
1992,3,8,12,NA,NA,NA,NA,NA
1992,3,8,15,NA,NA,NA,NA,NA
1992,3,8,18,NA,NA,NA,NA,NA
1992,3,8,21,NA,NA,NA,NA,NA
1992,3,9,0,NA,NA,NA,NA,NA
1992,3,9,3,NA,NA,NA,NA,NA
1992,3,9,6,NA,NA,NA,NA,NA
1992,3,9,9,NA,NA,NA,NA,NA
1992,3,9,12,NA,NA,NA,NA,NA
1992,3,9,15,NA,NA,NA,NA,NA
1992,3,9,18,NA,NA,NA,NA,NA
1992,3,9,21,NA,NA,NA,NA,NA
1992,3,10,0,NA,NA,NA,NA,NA
1992,3,10,3,NA,NA,NA,NA,NA
1992,3,10,6,NA,NA,NA,NA,NA
1992,3,10,9,NA,NA,NA,NA,NA
1992,3,10,12,NA,NA,NA,NA,NA
1992,3,10,15,NA,NA,NA,NA,NA
1992,3,10,18,NA,NA,NA,NA,NA
1992,3,10,21,NA,NA,NA,NA,NA
1992,3,11,0,NA,NA,NA,NA,NA
1992,3,11,3,NA,NA,NA,NA,NA
1992,3,11,6,NA,NA,NA,NA,NA
1992,3,11,9,NA,NA,NA,NA,NA
1992,3,11,12,NA,NA,NA,NA,NA
1992,3,11,15,NA,NA,NA,NA,NA
1992,3,11,18,NA,NA,NA,NA,NA
1992,3,11,21,NA,NA,NA,NA,NA
1992,3,12,0,NA,NA,NA,NA,NA
1992,3,12,3,NA,NA,NA,NA,NA
1992,3,12,6,NA,NA,NA,NA,NA
1992,3,12,9,NA,NA,NA,NA,NA
1992,3,12,12,NA,NA,NA,NA,NA
1992,3,12,15,NA,NA,NA,NA,NA
1992,3,12,18,NA,NA,NA,NA,NA
1992,3,12,21,NA,NA,NA,NA,NA
1992,3,13,0,NA,NA,NA,NA,NA
1992,3,13,3,NA,NA,NA,NA,NA
1992,3,13,6,NA,NA,NA,NA,NA
1992,3,13,9,NA,NA,NA,NA,NA
1992,3,13,12,NA,NA,NA,NA,NA
1992,3,13,15,NA,NA,NA,NA,NA
1992,3,13,18,NA,NA,NA,NA,NA
1992,3,13,21,NA,NA,NA,NA,NA
1992,3,14,0,NA,NA,NA,NA,NA
1992,3,14,3,NA,NA,NA,NA,NA
1992,3,14,6,NA,NA,NA,NA,NA
1992,3,14,9,NA,NA,NA,NA,NA
1992,3,14,12,NA,NA,NA,NA,NA
1992,3,14,15,NA,NA,NA,NA,NA
1992,3,14,18,NA,NA,NA,NA,NA
1992,3,14,21,NA,NA,NA,NA,NA
1992,3,15,0,NA,NA,NA,NA,NA
1992,3,15,3,NA,NA,NA,NA,NA
1992,3,15,6,NA,NA,NA,NA,NA
1992,3,15,9,NA,NA,NA,NA,NA
1992,3,15,12,NA,NA,NA,NA,NA
1992,3,15,15,NA,NA,NA,NA,NA
1992,3,15,18,NA,NA,NA,NA,NA
1992,3,15,21,NA,NA,NA,NA,NA
1992,3,16,0,NA,NA,NA,NA,NA
1992,3,16,3,NA,NA,NA,NA,NA
1992,3,16,6,NA,NA,NA,NA,NA
1992,3,16,9,NA,NA,NA,NA,NA
1992,3,16,12,NA,NA,NA,NA,NA
1992,3,16,15,NA,NA,NA,NA,NA
1992,3,16,18,NA,NA,NA,NA,NA
1992,3,16,21,NA,NA,NA,NA,NA
1992,3,17,0,NA,NA,NA,NA,NA
1992,3,17,3,NA,NA,NA,NA,NA
1992,3,17,6,NA,NA,NA,NA,NA
1992,3,17,9,NA,NA,NA,NA,NA
1992,3,17,12,NA,NA,NA,NA,NA
1992,3,17,15,NA,NA,NA,NA,NA
1992,3,17,18,NA,NA,NA,NA,NA
1992,3,17,21,NA,NA,NA,NA,NA
1992,3,18,0,NA,NA,NA,NA,NA
1992,3,18,3,NA,NA,NA,NA,NA
1992,3,18,6,NA,NA,NA,NA,NA
1992,3,18,9,NA,NA,NA,NA,NA
1992,3,18,12,NA,NA,NA,NA,NA
1992,3,18,15,NA,NA,NA,NA,NA
1992,3,18,18,NA,NA,NA,NA,NA
1992,3,18,21,NA,NA,NA,NA,NA
1992,3,19,0,NA,NA,NA,NA,NA
1992,3,19,3,NA,NA,NA,NA,NA
1992,3,19,6,NA,NA,NA,NA,NA
1992,3,19,9,NA,NA,NA,NA,NA
1992,3,19,12,NA,NA,NA,NA,NA
1992,3,19,15,NA,NA,NA,NA,NA
1992,3,19,18,NA,NA,NA,NA,NA
1992,3,19,21,NA,NA,NA,NA,NA
1992,3,20,0,NA,NA,NA,NA,NA
1992,3,20,3,NA,NA,NA,NA,NA
1992,3,20,6,NA,NA,NA,NA,NA
1992,3,20,9,NA,NA,NA,NA,NA
1992,3,20,12,NA,NA,NA,NA,NA
1992,3,20,15,NA,NA,NA,NA,NA
1992,3,20,18,NA,NA,NA,NA,NA
1992,3,20,21,-34.4,862.8,13.1,276,45
1992,3,21,0,-33,861.9,13.6,280,46
1992,3,21,3,-31.9,859.7,16.1,281,47
1992,3,21,6,-33.9,858.4,16.1,284,45
1992,3,21,9,-35.8,857.3,14.8,269,44
1992,3,21,12,-36.5,854.6,16.1,279,43
1992,3,21,15,-38,854.4,NA,281,42
1992,3,21,18,NA,854.5,12.8,281,48
1992,3,21,21,NA,854.5,10.9,279,53
1992,3,22,0,NA,854.1,10.9,279,52
1992,3,22,3,-25.8,853.1,10.6,279,51
1992,3,22,6,-27.9,852.5,9.9,277,50
1992,3,22,9,-29.3,851.6,10.4,277,49
1992,3,22,12,-29.9,850.5,9.9,281,49
1992,3,22,15,-31.5,848.8,10.9,283,48
1992,3,22,18,-32.6,847.7,10.4,279,47
1992,3,22,21,-33.4,846.6,14.1,283,46
1992,3,23,0,-32.9,845.4,NA,281,46
1992,3,23,3,-32.4,843.9,11.9,287,46
1992,3,23,6,-33.3,843.1,13.8,281,46
1992,3,23,9,-33,842.7,9.6,284,47
1992,3,23,12,-31.8,842.2,9.9,280,48
1992,3,23,15,-30.3,841.8,11.9,288,48
1992,3,23,18,-31.1,842,13.1,288,48
1992,3,23,21,-32,842.5,NA,NA,47
1992,3,24,0,-32.1,843,NA,NA,46
1992,3,24,3,-31.8,843.3,NA,NA,46
1992,3,24,6,-32.3,844.1,NA,NA,46
1992,3,24,9,-32.8,845,NA,NA,46
1992,3,24,12,-33.9,846.2,13.1,288,46
1992,3,24,15,-29.3,847.3,9.6,286,49
1992,3,24,18,NA,848.2,NA,286,51
1992,3,24,21,-26.8,849.2,6.9,283,52
1992,3,25,0,-25.1,850.2,5.7,293,53
1992,3,25,3,-24.1,850.8,6.9,279,52
1992,3,25,6,-27.4,852,5.9,279,49
1992,3,25,9,NA,852.9,NA,NA,48
1992,3,25,12,-31.4,853.9,NA,NA,48
1992,3,25,15,-30,855.3,NA,NA,49
1992,3,25,18,-32,856.6,NA,NA,47
1992,3,25,21,-31.4,858.2,NA,NA,48
1992,3,26,0,-31.4,860.1,NA,NA,46
1992,3,26,3,-30.6,861.9,NA,NA,46
1992,3,26,6,-31.5,863.2,NA,NA,47
1992,3,26,9,-31.4,864.4,NA,NA,48
1992,3,26,12,-32,865.8,NA,NA,47
1992,3,26,15,-32,866.6,NA,NA,47
1992,3,26,18,-32.6,867.3,NA,NA,47
1992,3,26,21,-31.6,867.4,NA,NA,47
1992,3,27,0,-30.3,867.5,NA,NA,48
1992,3,27,3,-29.6,867.2,11.9,296,48
1992,3,27,6,-28.5,867,12.8,298,50
1992,3,27,9,-28.4,866.4,12.8,298,50
1992,3,27,12,-29.8,865.4,12.1,304,49
1992,3,27,15,-31,864.1,15.3,302,48
1992,3,27,18,-31.8,863.4,12.6,296,48
1992,3,27,21,-33,863.2,11.9,NA,46
1992,3,28,0,-32.3,863.1,9.6,NA,46
1992,3,28,3,-32.3,862,12.1,NA,46
1992,3,28,6,-33.6,861.6,13.6,NA,46
1992,3,28,9,-35.1,861.5,12.6,298,44
1992,3,28,12,-36.1,861.6,12.3,302,44
1992,3,28,15,-36.9,861.2,14.6,299,43
1992,3,28,18,-37.5,861.1,12.8,296,42
1992,3,28,21,-37.6,861.4,12.3,298,42
1992,3,29,0,-36.1,861.5,13.3,296,43
1992,3,29,3,-35.5,860.7,15.1,298,44
1992,3,29,6,-36.1,860.6,NA,NA,44
1992,3,29,9,-36.5,860.4,NA,NA,43
1992,3,29,12,-36.8,860.4,NA,NA,43
1992,3,29,15,-36.6,860.3,NA,NA,43
1992,3,29,18,-36.1,860.6,NA,NA,44
1992,3,29,21,-36.9,860.6,9.1,290,43
1992,3,30,0,-36.1,860.4,10.9,296,43
1992,3,30,3,-36.5,860.9,9.6,288,43
1992,3,30,6,-37.8,861.1,11.6,286,42
1992,3,30,9,-39.4,860.3,12.6,286,41
1992,3,30,12,-40.6,858.8,13.1,288,40
1992,3,30,15,-41.5,857.9,15.3,287,39
1992,3,30,18,-42.3,855.8,11.9,286,39
1992,3,30,21,-42.3,854.7,NA,NA,39
1992,3,31,0,-41.4,853.3,NA,NA,39
1992,3,31,3,-40.1,851.9,NA,NA,40
1992,3,31,6,-40.4,850.5,NA,NA,40
1992,3,31,9,-40.6,850.5,NA,NA,40
1992,3,31,12,-41.3,850,NA,NA,39
1992,3,31,15,-41.6,849.9,NA,NA,39
1992,3,31,18,-42.3,850.6,NA,NA,39
1992,3,31,21,-42.5,851.2,NA,NA,38
1992,4,1,0,-42.3,852.1,11.9,283,NA
1992,4,1,3,-41.6,852.4,12.1,NA,39
1992,4,1,6,-42.6,853.5,11.9,NA,38
1992,4,1,9,-43.6,854.3,12.1,NA,37
1992,4,1,12,-44.1,855.1,14.3,NA,37
1992,4,1,15,-43.5,855.7,10.9,286,37
1992,4,1,18,-43.8,856.9,11.4,284,37
1992,4,1,21,-43.1,857.7,12.1,284,38
1992,4,2,0,-40.6,857.9,15.3,293,40
1992,4,2,3,-38.6,857.9,13.3,284,42
1992,4,2,6,-37.5,858.6,11.6,286,42
1992,4,2,9,-37.9,856.8,NA,296,42
1992,4,2,12,-38.3,856,NA,NA,42
1992,4,2,15,-36.5,854.2,19.3,NA,43
1992,4,2,18,-35.9,853.2,14.8,NA,44
1992,4,2,21,-35.1,853.1,NA,294,45
1992,4,3,0,-34.5,853.4,12.6,293,44
1992,4,3,3,-35.3,853.7,10.1,NA,43
1992,4,3,6,-35.6,854,9.1,NA,43
1992,4,3,9,-36.9,853.9,9.6,NA,43
1992,4,3,12,-36.8,853.2,NA,288,43
1992,4,3,15,-35.3,851.1,13.1,286,45
1992,4,3,18,-34.6,851.1,NA,284,45
1992,4,3,21,-35,850.6,13.6,284,45
1992,4,4,0,-35,849.7,11.6,283,45
1992,4,4,3,-35.6,849.1,13.1,283,44
1992,4,4,6,-35.5,848.4,12.3,283,44
1992,4,4,9,-36.9,847.9,10.1,284,43
1992,4,4,12,-36.1,847.7,11.6,296,43
1992,4,4,15,-35.6,847.8,10.1,NA,43
1992,4,4,18,-36.9,849,9.4,NA,42
1992,4,4,21,-36.5,850.6,7.2,NA,42
1992,4,5,0,-34,852,7.4,NA,40
1992,4,5,3,-33.5,852.4,7.9,NA,42
1992,4,5,6,-34.1,852.2,10.9,NA,45
1992,4,5,9,-35.5,852.9,9.9,NA,44
1992,4,5,12,-35.9,854.2,10.1,293,44
1992,4,5,15,-36.3,854.1,12.6,291,44
1992,4,5,18,-35.3,855,13.1,287,45
1992,4,5,21,-35.6,854.9,14.3,287,44
1992,4,6,0,-35.6,854.6,13.8,288,44
1992,4,6,3,-35.6,855.7,9.6,288,44
1992,4,6,6,-36.5,856,14.3,296,43
1992,4,6,9,-37.1,856,13.6,293,43
1992,4,6,12,-38,857,12.6,296,42
1992,4,6,15,-38.1,857,9.9,293,42
1992,4,6,18,-37,856.8,12.3,296,43
1992,4,6,21,-36.8,857.5,11.9,NA,43
1992,4,7,0,-35.6,858.1,12.3,NA,43
1992,4,7,3,-33.4,858.5,11.9,NA,45
1992,4,7,6,-32.1,859.1,10.6,299,46
1992,4,7,9,-32.1,859.4,9.1,301,47
1992,4,7,12,-34.4,859.4,9.1,296,45
1992,4,7,15,-34.8,858.8,12.1,304,44
1992,4,7,18,-36.1,858.7,9.9,296,43
1992,4,7,21,-35.6,858.2,8.2,NA,43
1992,4,8,0,-32.6,858,8.9,NA,45
1992,4,8,3,-31,857.4,8.6,NA,48
1992,4,8,6,-30.5,856.9,7.7,NA,48
1992,4,8,9,-30.8,856.5,5.9,NA,48
1992,4,8,12,-31.9,856.2,3.2,NA,47
1992,4,8,15,-34.4,855.2,NA,NA,45
1992,4,8,18,-36.4,854.2,NA,NA,44
1992,4,8,21,-36.8,853.8,11.9,NA,43
1992,4,9,0,-34.6,853.9,9.1,NA,44
1992,4,9,3,-35,853.4,10.4,NA,44
1992,4,9,6,-35.9,853.1,12.3,NA,44
1992,4,9,9,-36.4,852.9,12.6,NA,44
1992,4,9,12,-36.8,852.6,14.1,NA,43
1992,4,9,15,-36.4,852.2,11.6,NA,43
1992,4,9,18,-36.1,852.2,14.1,NA,44
1992,4,9,21,-36.1,853.2,NA,NA,44
1992,4,10,0,-35.5,854,11.1,NA,44
1992,4,10,3,-34.5,853.3,11.9,294,45
1992,4,10,6,-33.5,852.8,13.1,293,46
1992,4,10,9,-33.8,853.3,12.1,NA,45
1992,4,10,12,-34,852.6,10.6,NA,45
1992,4,10,15,-34.8,851.3,13.1,NA,45
1992,4,10,18,-35.5,850,9.1,291,44
1992,4,10,21,-36.3,847.7,NA,290,44
1992,4,11,0,-36.8,845.9,NA,290,43
1992,4,11,3,-36.5,843.8,13.8,296,43
1992,4,11,6,-38.1,841.1,NA,293,42
1992,4,11,9,-38.5,839.2,NA,291,42
1992,4,11,12,-38.8,838.3,12.1,291,42
1992,4,11,15,-41.5,837.4,11.6,290,39
1992,4,11,18,NA,837.1,13.3,293,37
1992,4,11,21,-44.3,835.4,14.8,293,37
1992,4,12,0,-44.5,838.5,14.3,294,37
1992,4,12,3,-44.8,838.7,17.3,296,37
1992,4,12,6,-44.6,838.9,13.8,298,37
1992,4,12,9,-45,840.2,16.1,296,37
1992,4,12,12,-44.5,841,12.3,298,37
1992,4,12,15,-43.5,841.1,15.6,298,37
1992,4,12,18,-41.8,841,13.6,301,39
1992,4,12,21,-39.1,841.2,14.8,296,42
1992,4,13,0,-37.9,841.6,15.1,NA,42
1992,4,13,3,-36.4,841.1,13.3,NA,43
1992,4,13,6,-36.4,841.7,11.4,NA,43
1992,4,13,9,-37.9,842.1,13.6,NA,42
1992,4,13,12,-38.1,842.8,14.3,298,42
1992,4,13,15,-39.1,842.7,14.6,298,41
1992,4,13,18,-38.1,843.4,11.4,296,42
1992,4,13,21,-36.1,842.4,15.1,NA,44
1992,4,14,0,-37.9,842.2,NA,NA,42
1992,4,14,3,-37.1,842.7,NA,NA,42
1992,4,14,6,-37.6,842.7,11.9,NA,42
1992,4,14,9,-38.5,841.6,12.1,NA,42
1992,4,14,12,-39.8,843.5,10.6,NA,41
1992,4,14,15,-41.6,843.1,NA,NA,39
1992,4,14,18,-43,843.4,NA,NA,38
1992,4,14,21,-43,845.9,13.3,NA,38
1992,4,15,0,-42.4,846.5,NA,NA,38
1992,4,15,3,-42.1,847.1,11.6,NA,39
1992,4,15,6,-42.1,847.6,10.4,NA,39
1992,4,15,9,-41.6,848.6,9.6,NA,39
1992,4,15,12,-40.9,849.5,10.6,299,39
1992,4,15,15,-41.9,850.6,9.4,301,39
1992,4,15,18,-42.3,851.5,10.4,296,38
1992,4,15,21,-41.8,852.6,8.4,NA,39
1992,4,16,0,-41.5,853.8,8.2,NA,39
1992,4,16,3,-40.9,854.2,9.9,NA,39
1992,4,16,6,-42.1,854.7,9.6,NA,38
1992,4,16,9,-42.4,854.1,13.1,NA,38
1992,4,16,12,-42.1,853.5,13.3,NA,39
1992,4,16,15,-41.8,852.4,13.3,NA,39
1992,4,16,18,-41.9,851,11.4,NA,39
1992,4,16,21,-41.3,849.3,12.8,NA,39
1992,4,17,0,-40.5,847.6,14.6,294,40
1992,4,17,3,-40.9,845,NA,296,40
1992,4,17,6,-41.3,843.2,18.8,296,39
1992,4,17,9,-41.8,842.2,14.6,293,39
1992,4,17,12,-41,841.7,NA,293,40
1992,4,17,15,-41.6,842.6,16.8,291,39
1992,4,17,18,-43.4,842.4,13.8,290,38
1992,4,17,21,-44.6,842.6,11.9,286,37
1992,4,18,0,-44.6,843.3,8.9,281,37
1992,4,18,3,-44.5,843.4,NA,296,37
1992,4,18,6,-42.8,844.8,11.4,296,38
1992,4,18,9,-41.8,846.7,15.8,298,39
1992,4,18,12,-41.3,850,10.9,305,39
1992,4,18,15,-42.1,853.7,13.3,305,38
1992,4,18,18,-44.3,857,12.6,302,37
1992,4,18,21,-42.4,859.8,9.4,296,38
1992,4,19,0,-40.9,861.8,NA,284,40
1992,4,19,3,NA,864.1,NA,273,43
1992,4,19,6,NA,863.4,NA,302,46
1992,4,19,9,-33.1,862.9,15.3,305,46
1992,4,19,12,-32.4,862,11.6,296,47
1992,4,19,15,-30.9,862.2,12.3,306,47
1992,4,19,18,-30.3,861.1,NA,NA,48
1992,4,19,21,-29.4,859.4,NA,NA,48
1992,4,20,0,-29.5,857.9,NA,NA,45
1992,4,20,3,-29.3,856.9,NA,NA,48
1992,4,20,6,-30.3,854.5,NA,NA,48
1992,4,20,9,-30.5,853.9,NA,NA,46
1992,4,20,12,-29.6,854.8,NA,NA,48
1992,4,20,15,-31.3,855.8,NA,NA,48
1992,4,20,18,-33,856.7,13.3,296,46
1992,4,20,21,-33.6,857.9,10.4,287,46
1992,4,21,0,-34,856.3,NA,302,46
1992,4,21,3,-34.1,856.6,NA,298,46
1992,4,21,6,-34.5,857.4,NA,296,46
1992,4,21,9,-33.3,859.5,NA,262,47
1992,4,21,12,-32.4,858.5,10.4,274,47
1992,4,21,15,-32.8,855.8,11.4,286,47
1992,4,21,18,-32.9,852.8,13.3,294,47
1992,4,21,21,-32.4,851.2,15.8,269,47
1992,4,22,0,-33.3,848.2,14.1,283,46
1992,4,22,3,-32.9,843,17,296,47
1992,4,22,6,-33.3,842.6,NA,270,46
1992,4,22,9,-35.3,840.6,NA,286,45
1992,4,22,12,-36.3,840.7,NA,272,44
1992,4,22,15,-37.8,840.4,12.1,269,42
1992,4,22,18,-38.6,840.3,15.3,274,42
1992,4,22,21,-39.4,840.2,10.6,283,41
1992,4,23,0,-39.1,840.6,NA,276,42
1992,4,23,3,-39.4,840.6,9.4,293,41
1992,4,23,6,-41,841,6.2,290,40
1992,4,23,9,-41.6,841.5,10.4,296,40
1992,4,23,12,-38.1,842.2,NA,NA,42
1992,4,23,15,NA,843.4,NA,NA,42
1992,4,23,18,-37.6,845.3,NA,NA,41
1992,4,23,21,-39.1,848.2,NA,NA,40
1992,4,24,0,-38.5,850.4,NA,NA,41
1992,4,24,3,-37.1,852.8,NA,NA,42
1992,4,24,6,-36.9,854.2,7.2,296,43
1992,4,24,9,-37,855.5,8.6,287,43
1992,4,24,12,-36.6,856,9.9,276,43
1992,4,24,15,-35.9,856,8.4,276,44
1992,4,24,18,-36.9,855.5,10.4,293,43
1992,4,24,21,-37.6,855,11.6,296,42
1992,4,25,0,-39.8,853.2,NA,291,41
1992,4,25,3,-40,851.5,11.6,280,41
1992,4,25,6,-39.8,849.2,16.5,284,41
1992,4,25,9,-39.5,847.4,12.1,290,41
1992,4,25,12,-39.3,846,14.6,296,41
1992,4,25,15,-38.3,846.2,10.9,286,42
1992,4,25,18,-38.9,847.1,NA,296,42
1992,4,25,21,-39.8,848.4,9.9,287,41
1992,4,26,0,-40,849.7,10.6,296,40
1992,4,26,3,-40.5,850.1,10.1,NA,40
1992,4,26,6,-40.4,850.2,10.1,NA,40
1992,4,26,9,-40.9,849.3,10.1,NA,40
1992,4,26,12,-39.4,849.3,11.1,NA,41
1992,4,26,15,-39.1,849.2,10.1,293,41
1992,4,26,18,-40.1,849.2,10.6,290,40
1992,4,26,21,-40.9,849.9,8.4,290,40
1992,4,27,0,-41.8,850.7,8.6,288,39
1992,4,27,3,-42.8,851.9,10.6,296,38
1992,4,27,6,-43,853.3,10.6,288,38
1992,4,27,9,-43,855.4,11.9,294,38
1992,4,27,12,-42.6,856.8,9.1,288,38
1992,4,27,15,-43,858.1,8.4,287,38
1992,4,27,18,-42.9,859,8.9,286,39
1992,4,27,21,-39.3,859.5,10.9,287,42
1992,4,28,0,NA,860.3,10.1,284,42
1992,4,28,3,-36.4,861.3,12.1,284,43
1992,4,28,6,-34.4,861.8,10.6,281,45
1992,4,28,9,-34.1,863.1,12.1,281,46
1992,4,28,12,-33.9,864.8,12.1,280,46
1992,4,28,15,-35,866.3,14.3,279,45
1992,4,28,18,-35,868.6,16.5,284,45
1992,4,28,21,-35.9,869.6,12.3,277,43
1992,4,29,0,-35.8,869.8,11.9,277,44
1992,4,29,3,-35.5,868.8,NA,290,44
1992,4,29,6,-35.8,868.3,NA,290,44
1992,4,29,9,-34.4,867.3,NA,276,45
1992,4,29,12,-32.9,866.2,12.8,281,47
1992,4,29,15,-32.3,865.7,16.8,277,47
1992,4,29,18,-32.3,864.9,13.1,277,47
1992,4,29,21,-32.1,863.7,17.5,274,47
1992,4,30,0,-32,862.5,NA,283,48
1992,4,30,3,-32.6,862.2,12.8,280,47
1992,4,30,6,-34.3,862.3,13.3,286,45
1992,4,30,9,-35.4,861.7,10.1,294,44
1992,4,30,12,-35.8,861.8,12.8,296,44
1992,4,30,15,-36.1,862.1,13.3,298,43
1992,4,30,18,-36.4,863.1,11.1,296,43
1992,4,30,21,-37.1,864.4,8.4,299,42
1992,5,1,0,-38.1,865.7,11.6,301,42
1992,5,1,3,-39,866.9,10.1,302,41
1992,5,1,6,-39.3,867.7,11.4,298,41
1992,5,1,9,-38.6,868.2,11.9,296,42
1992,5,1,12,-38.9,868.5,14.6,294,41
1992,5,1,15,-40,867.6,13.8,296,41
1992,5,1,18,-39.3,866.7,13.6,288,41
1992,5,1,21,-38.9,865.5,14.1,288,42
1992,5,2,0,-37.6,863.6,11.4,287,42
1992,5,2,3,-36.4,862.3,12.6,286,43
1992,5,2,6,-36.4,860.8,8.9,286,43
1992,5,2,9,-36.1,858.7,11.6,286,44
1992,5,2,12,-36.4,856,13.1,284,43
1992,5,2,15,-34.5,853.9,10.9,284,45
1992,5,2,18,-34.5,852.5,9.9,284,45
1992,5,2,21,-38,850.7,NA,296,42
1992,5,3,0,NA,849.5,NA,296,40
1992,5,3,3,-42.1,847.1,17.5,290,39
1992,5,3,6,-42.9,846.6,14.1,296,38
1992,5,3,9,-42.6,846.6,NA,294,38
1992,5,3,12,-42.8,845.5,15.6,291,38
1992,5,3,15,-43.8,846.5,NA,290,37
1992,5,3,18,-43.3,847.7,NA,NA,38
1992,5,3,21,-43.9,847.6,11.9,NA,37
1992,5,4,0,-42.3,847.4,13.1,NA,39
1992,5,4,3,-42.5,848.6,15.1,NA,38
1992,5,4,6,-41.8,849.7,11.1,NA,39
1992,5,4,9,-41.8,850.7,10.4,NA,39
1992,5,4,12,-41.1,850.9,11.4,NA,40
1992,5,4,15,-41,852,11.6,288,40
1992,5,4,18,-38.1,852.5,10.4,288,42
1992,5,4,21,-38.8,853.8,14.3,288,42
1992,5,5,0,-35.9,854.9,NA,287,43
1992,5,5,3,-34.8,856.8,12.8,287,45
1992,5,5,6,-35.1,858.9,NA,287,45
1992,5,5,9,-35.8,860.3,NA,286,44
1992,5,5,12,-35.5,862.4,9.9,286,44
1992,5,5,15,-35.1,863.7,10.6,288,45
1992,5,5,18,-34,864.9,10.1,284,45
1992,5,5,21,-32,865.4,6.2,NA,46
1992,5,6,0,-30.5,866.3,NA,NA,45
1992,5,6,3,-29.1,865.3,3.5,NA,46
1992,5,6,6,-26.3,864.7,3.5,NA,50
1992,5,6,9,-25.5,863.7,1.2,NA,52
1992,5,6,12,-26.8,862.9,NA,NA,50
1992,5,6,15,NA,861.2,2,284,52
1992,5,6,18,NA,860.1,NA,NA,48
1992,5,6,21,NA,862.3,NA,NA,46
1992,5,7,0,NA,865.5,11.1,NA,45
1992,5,7,3,-35.6,869.5,12.8,294,44
1992,5,7,6,-35.3,872.7,14.6,284,45
1992,5,7,9,-34.4,874,16.5,284,46
1992,5,7,12,-33.5,873.7,12.6,294,46
1992,5,7,15,-31.8,872.2,15.3,291,48
1992,5,7,18,-29.8,870.2,13.1,287,49
1992,5,7,21,-29.8,867.6,10.9,296,49
1992,5,8,0,-30.4,866.1,15.1,296,49
1992,5,8,3,-31,866.5,11.6,296,48
1992,5,8,6,-31,867.8,NA,293,48
1992,5,8,9,-30.5,866.7,NA,291,49
1992,5,8,12,-32.1,866.2,13.3,290,48
1992,5,8,15,-32.8,865.3,15.3,294,47
1992,5,8,18,-32.8,863.7,NA,293,47
1992,5,8,21,-32.6,862.5,10.9,290,47
1992,5,9,0,-33.5,860.2,9.1,NA,46
1992,5,9,3,-34.6,859.2,NA,NA,45
1992,5,9,6,-36.3,858.6,NA,NA,44
1992,5,9,9,-36.8,855.7,15.3,NA,43
1992,5,9,12,-36,855,12.8,288,44
1992,5,9,15,-37.1,852.6,12.6,NA,44
1992,5,9,18,-37.4,850.9,12.3,NA,43
1992,5,9,21,-35.6,849.4,12.1,NA,45
1992,5,10,0,-36.1,847.8,12.1,NA,44
1992,5,10,3,-34.6,846.1,12.6,NA,45
1992,5,10,6,-35,844.8,16.5,NA,45
1992,5,10,9,-36.1,843.4,13.1,NA,44
1992,5,10,12,-36.8,841.6,NA,NA,43
1992,5,10,15,-36.8,840.5,10.6,NA,43
1992,5,10,18,-37.9,839.1,NA,287,42
1992,5,10,21,-37.6,838.3,12.1,NA,43
1992,5,11,0,-39.4,839.4,NA,NA,41
1992,5,11,3,-40,839.8,9.9,NA,41
1992,5,11,6,-41.3,840.8,8.4,NA,40
1992,5,11,9,-41,841.6,10.6,296,40
1992,5,11,12,-40,842.8,NA,296,41
1992,5,11,15,-38.5,843.8,9.9,291,42
1992,5,11,18,-37.6,845.5,10.1,291,42
1992,5,11,21,-36.8,847.3,10.6,296,43
1992,5,12,0,-37.1,849.9,9.1,NA,43
1992,5,12,3,-37.1,851.8,8.2,NA,43
1992,5,12,6,-36.3,853.5,11.4,NA,43
1992,5,12,9,-35.9,855.1,12.1,NA,43
1992,5,12,12,-35,856.4,13.3,NA,44
1992,5,12,15,-34.6,857.3,9.6,NA,44
1992,5,12,18,-34.4,856.6,11.4,NA,45
1992,5,12,21,-33.5,856.5,10.6,NA,46
1992,5,13,0,-32.8,857.4,8.4,NA,47
1992,5,13,3,-32.8,856.4,8.4,294,46
1992,5,13,6,-31.8,855.8,9.9,NA,47
1992,5,13,9,-32.4,855.4,9.4,NA,46
1992,5,13,12,-34.6,854,10.9,NA,45
1992,5,13,15,-35.8,852.6,11.4,293,44
1992,5,13,18,-35.8,851.6,10.4,290,44
1992,5,13,21,-38.1,849.1,14.8,293,42
1992,5,14,0,-39.5,848,NA,296,41
1992,5,14,3,-40.4,848.4,16.1,294,40
1992,5,14,6,-41.3,848,15.1,NA,39
1992,5,14,9,-42.8,848.5,NA,NA,38
1992,5,14,12,-44,849.5,10.9,NA,37
1992,5,14,15,-44.3,849.6,12.1,NA,37
1992,5,14,18,-43.9,850.6,11.6,NA,38
1992,5,14,21,-41.1,851.9,7.2,NA,39
1992,5,15,0,NA,853.7,8.2,NA,42
1992,5,15,3,-40.5,855.5,11.6,NA,40
1992,5,15,6,-41.1,856.9,9.9,NA,39
1992,5,15,9,-42.1,858.1,9.9,NA,39
1992,5,15,12,-43.5,858.2,8.9,NA,37
1992,5,15,15,-44.1,858.2,12.8,296,37
1992,5,15,18,-44.3,857.2,NA,NA,37
1992,5,15,21,-45.1,856.7,13.6,NA,36
1992,5,16,0,-45.3,855.8,12.6,NA,36
1992,5,16,3,-46,854.2,15.1,NA,36
1992,5,16,6,-46.3,852.8,12.6,NA,35
1992,5,16,9,-47,851.7,11.1,NA,35
1992,5,16,12,-46.6,850.7,8.9,NA,35
1992,5,16,15,-46,849.7,9.4,NA,36
1992,5,16,18,-45,848.9,9.6,NA,36
1992,5,16,21,-44,848.5,5.9,NA,37
1992,5,17,0,-44.1,848.1,7.9,NA,37
1992,5,17,3,-43.6,847.7,9.1,NA,37
1992,5,17,6,-41.6,847.1,7.7,NA,39
1992,5,17,9,-40.5,846.6,8.4,NA,40
1992,5,17,12,-40.4,846.7,7.2,NA,39
1992,5,17,15,-39.9,846.7,5.9,NA,40
1992,5,17,18,-37.6,846.8,4.2,NA,42
1992,5,17,21,-35.3,847.3,3.7,NA,45
1992,5,18,0,-35,847.9,1.5,NA,44
1992,5,18,3,-35,848.3,1.7,NA,45
1992,5,18,6,-34.1,848.6,2,NA,45
1992,5,18,9,-35,849.4,2.7,NA,45
1992,5,18,12,-31.8,850.5,3,NA,46
1992,5,18,15,-31.4,851.5,NA,NA,45
1992,5,18,18,-30.9,853,1.7,296,46
1992,5,18,21,-30.8,854.8,1,NA,44
1992,5,19,0,-29.9,856.4,1.7,NA,44
1992,5,19,3,-30.3,858.1,5.4,NA,43
1992,5,19,6,-28.5,859.6,5.2,NA,45
1992,5,19,9,-27.5,860.2,9.1,NA,48
1992,5,19,12,-27.9,860.8,8.6,NA,49
1992,5,19,15,-29.1,862.1,7.2,NA,48
1992,5,19,18,-30.4,863,9.6,NA,48
1992,5,19,21,-29.9,863.7,11.9,NA,48
1992,5,20,0,-30.9,864.6,11.4,NA,48
1992,5,20,3,-31.5,866,7.9,NA,48
1992,5,20,6,-31.8,867.2,10.6,NA,47
1992,5,20,9,-32.8,867.9,10.1,NA,47
1992,5,20,12,-32.8,868.1,12.6,NA,48
1992,5,20,15,-33.3,868.2,11.6,NA,47
1992,5,20,18,-33,868.2,13.8,NA,46
1992,5,20,21,-33,869.3,NA,NA,46
1992,5,21,0,-31.6,868.2,11.9,NA,48
1992,5,21,3,-33.5,867.4,NA,NA,46
1992,5,21,6,-33.9,867.3,12.8,NA,46
1992,5,21,9,-34.4,865.8,12.1,NA,46
1992,5,21,12,-34.6,865.4,NA,NA,45
1992,5,21,15,-34.1,863.1,NA,299,46
1992,5,21,18,NA,NA,NA,NA,NA
1992,5,21,21,-34.6,859.7,11.6,291,45
1992,5,22,0,-33,857.2,11.9,291,46
1992,5,22,3,-32.1,854.8,13.3,291,47
1992,5,22,6,-31.8,852.2,15.6,296,48
1992,5,22,9,-32.8,852,12.6,294,47
1992,5,22,12,-33.1,850.4,13.1,294,47
1992,5,22,15,-33.5,849.5,13.3,296,44
1992,5,22,18,-34.1,848.4,14.1,305,44
1992,5,22,21,-36.9,846.9,14.1,305,43
1992,5,23,0,-38.6,846.5,12.1,304,41
1992,5,23,3,-38.1,846.2,NA,296,41
1992,5,23,6,-36,846.8,NA,NA,40
1992,5,23,9,-36.3,847.7,5.2,NA,40
1992,5,23,12,-38.8,849.9,6.7,NA,39
1992,5,23,15,-38.9,851.7,7.9,NA,41
1992,5,23,18,-39.1,853.8,6.7,NA,41
1992,5,23,21,-35.6,855.8,3,NA,44
1992,5,24,0,NA,858.2,NA,0,47
1992,5,24,3,-31.4,860,NA,NA,48
1992,5,24,6,-29.4,860.9,NA,NA,50
1992,5,24,9,-29.1,862.7,NA,NA,50
1992,5,24,12,-29.3,864.4,NA,NA,50
1992,5,24,15,-30,864.9,NA,NA,49
1992,5,24,18,-30.9,865.1,NA,NA,48
1992,5,24,21,-34.6,865.4,2.2,296,45
1992,5,25,0,-32.3,865.3,2.5,NA,47
1992,5,25,3,-33.3,864.2,5.9,NA,46
1992,5,25,6,-32.9,863.6,7.4,NA,47
1992,5,25,9,-33.8,862.3,NA,NA,46
1992,5,25,12,-34.4,862,11.6,NA,46
1992,5,25,15,-34.1,862.2,11.9,NA,46
1992,5,25,18,-34.5,862.2,12.6,NA,45
1992,5,25,21,-34,862.3,11.1,NA,46
1992,5,26,0,-34.1,862.2,10.4,NA,46
1992,5,26,3,-34.4,862.4,15.3,NA,45
1992,5,26,6,-34.6,863.1,NA,NA,45
1992,5,26,9,-34.5,864.1,NA,NA,45
1992,5,26,12,-35.6,864.9,NA,NA,44
1992,5,26,15,-35.9,865.8,11.1,NA,44
1992,5,26,18,-36.5,867,11.4,NA,43
1992,5,26,21,-37.8,867.6,12.8,NA,42
1992,5,27,0,-38.1,869.2,7.9,NA,42
1992,5,27,3,-38.1,869.9,8.9,294,41
1992,5,27,6,-37.1,870.3,10.9,296,43
1992,5,27,9,-36.3,870.8,10.1,NA,43
1992,5,27,12,-34.6,871,9.6,NA,44
1992,5,27,15,-34.5,870.1,10.6,NA,45
1992,5,27,18,-32.3,868.2,9.9,NA,47
1992,5,27,21,-30.5,866.3,9.6,NA,47
1992,5,28,0,-29.9,864.4,5.4,NA,45
1992,5,28,3,-29.3,861.2,NA,NA,48
1992,5,28,6,-29.5,859.1,NA,0,49
1992,5,28,9,-29,858.3,NA,NA,50
1992,5,28,12,NA,NA,NA,NA,NA
1992,5,28,15,-28.5,857.9,4.7,294,48
1992,5,28,18,-31.8,858.4,6.7,296,47
1992,5,28,21,NA,859,9.1,296,45
1992,5,29,0,-35.1,858.9,6.2,296,44
1992,5,29,3,-30.6,857.7,NA,0,49
1992,5,29,6,NA,856.7,NA,NA,50
1992,5,29,9,-28.5,855.4,NA,NA,51
1992,5,29,12,-28.1,853.9,NA,NA,49
1992,5,29,15,-29,852.6,2.2,296,48
1992,5,29,18,-31.4,851.2,5.7,NA,48
1992,5,29,21,NA,849.8,NA,NA,46
1992,5,30,0,-34.5,848.8,NA,NA,45
1992,5,30,3,-35,848,12.3,NA,45
1992,5,30,6,-36,847.9,NA,294,44
1992,5,30,9,-38,847,NA,296,42
1992,5,30,12,NA,NA,NA,NA,NA
1992,5,30,15,NA,NA,NA,NA,NA
1992,5,30,18,NA,NA,NA,NA,NA
1992,5,30,21,NA,NA,NA,NA,NA
1992,5,31,0,NA,NA,NA,NA,NA
1992,5,31,3,NA,NA,NA,NA,NA
1992,5,31,6,NA,NA,NA,NA,NA
1992,5,31,9,NA,NA,NA,NA,NA
1992,5,31,12,NA,NA,NA,NA,NA
1992,5,31,15,NA,NA,NA,NA,NA
1992,5,31,18,NA,NA,NA,NA,NA
1992,5,31,21,NA,NA,NA,NA,NA
1992,6,1,0,NA,NA,NA,NA,NA
1992,6,1,3,NA,NA,NA,NA,NA
1992,6,1,6,NA,NA,NA,NA,NA
1992,6,1,9,NA,NA,NA,NA,NA
1992,6,1,12,NA,NA,NA,NA,NA
1992,6,1,15,NA,NA,NA,NA,NA
1992,6,1,18,NA,NA,NA,NA,NA
1992,6,1,21,NA,NA,NA,NA,NA
1992,6,2,0,NA,NA,NA,NA,NA
1992,6,2,3,NA,NA,NA,NA,NA
1992,6,2,6,NA,NA,NA,NA,NA
1992,6,2,9,NA,NA,NA,NA,NA
1992,6,2,12,NA,NA,NA,NA,NA
1992,6,2,15,NA,NA,NA,NA,NA
1992,6,2,18,NA,NA,NA,NA,NA
1992,6,2,21,NA,NA,NA,NA,NA
1992,6,3,0,NA,NA,NA,NA,NA
1992,6,3,3,NA,NA,NA,NA,NA
1992,6,3,6,NA,NA,NA,NA,NA
1992,6,3,9,NA,NA,NA,NA,NA
1992,6,3,12,NA,NA,NA,NA,NA
1992,6,3,15,NA,NA,NA,NA,NA
1992,6,3,18,NA,NA,NA,NA,NA
1992,6,3,21,NA,NA,NA,NA,NA
1992,6,4,0,NA,NA,NA,NA,NA
1992,6,4,3,NA,NA,NA,NA,NA
1992,6,4,6,NA,NA,NA,NA,NA
1992,6,4,9,-37,863.8,12.8,294,43
1992,6,4,12,-36.3,863.4,10.9,294,43
1992,6,4,15,-33.5,863.4,14.3,296,46
1992,6,4,18,NA,862.1,15.1,296,49
1992,6,4,21,-30,862.1,14.6,296,49
1992,6,5,0,-30.4,861.9,13.6,299,48
1992,6,5,3,-32,861.6,13.3,302,47
1992,6,5,6,-31,861,16.1,302,48
1992,6,5,9,-28.5,860.1,11.4,305,49
1992,6,5,12,-27.3,859.4,11.4,305,50
1992,6,5,15,-29.4,859.4,12.3,305,48
1992,6,5,18,-30.8,858.6,9.9,296,47
1992,6,5,21,-31,857.7,10.6,NA,48
1992,6,6,0,-30.6,857.4,NA,NA,48
1992,6,6,3,-31.4,856.5,NA,NA,48
1992,6,6,6,-31.5,855.7,NA,NA,48
1992,6,6,9,-31.4,853.9,13.1,NA,48
1992,6,6,12,-32.3,853.4,10.1,NA,47
1992,6,6,15,-33.5,852.3,11.1,NA,46
1992,6,6,18,-32.6,848.6,12.6,NA,47
1992,6,6,21,-32,846.4,13.1,NA,48
1992,6,7,0,-32.6,844.4,13.1,NA,47
1992,6,7,3,NA,841,NA,302,42
1992,6,7,6,-36.9,844.9,NA,296,43
1992,6,7,9,-36.8,842.6,NA,NA,43
1992,6,7,12,-37.8,842.3,NA,NA,42
1992,6,7,15,-39.5,844,14.8,NA,41
1992,6,7,18,-41.6,842.6,15.1,301,39
1992,6,7,21,-42.6,842.7,13.1,301,38
1992,6,8,0,-43.9,843.8,13.6,296,37
1992,6,8,3,NA,NA,NA,NA,NA
1992,6,8,6,-43.4,851.6,9.4,290,30
1992,6,8,9,-42.5,851.2,12.8,296,38
1992,6,8,12,-42.8,853,13.1,290,38
1992,6,8,15,-40.9,855.1,11.6,288,40
1992,6,8,18,-40.5,854.8,13.8,290,40
1992,6,8,21,-40.1,854.2,14.3,290,41
1992,6,9,0,-39.3,854.1,12.8,288,41
1992,6,9,3,-41,854.6,16.3,293,40
1992,6,9,6,-41.8,854.7,16.1,290,39
1992,6,9,9,-42.3,854.2,14.8,296,39
1992,6,9,12,-42.3,854.9,15.8,296,39
1992,6,9,15,-41.8,855.4,NA,291,39
1992,6,9,18,-41.8,854.3,13.6,296,39
1992,6,9,21,-42.5,854,NA,298,38
1992,6,10,0,NA,NA,NA,NA,NA
1992,6,10,3,NA,NA,NA,NA,NA
1992,6,10,6,NA,NA,NA,NA,NA
1992,6,10,9,-41.3,852.4,15.3,296,39
1992,6,10,12,-41.1,853.6,13.1,287,40
1992,6,10,15,-41.3,856.4,NA,287,40
1992,6,10,18,-41.8,854.3,NA,296,39
1992,6,10,21,-41.3,856.7,NA,287,39
1992,6,11,0,-42.1,853.9,NA,296,39
1992,6,11,3,-42.3,853.5,NA,296,39
1992,6,11,6,-41.3,856.1,NA,287,39
1992,6,11,9,-40.4,853.5,18.3,291,40
1992,6,11,12,-39.9,853.2,NA,286,41
1992,6,11,15,-40.4,852.1,15.1,286,40
1992,6,11,18,-39.1,851.2,NA,296,41
1992,6,11,21,-40.4,851.1,NA,296,40
1992,6,12,0,-39.5,848.7,17.3,296,41
1992,6,12,3,-38.6,848.6,13.6,298,42
1992,6,12,6,-38.3,848.4,14.6,304,39
1992,6,12,9,-37.8,849,11.6,311,42
1992,6,12,12,-38.1,850.7,NA,296,41
1992,6,12,15,-40.8,848.8,13.6,296,39
1992,6,12,18,-40.9,846.8,13.1,296,38
1992,6,12,21,-40.9,846.6,12.1,305,38
1992,6,13,0,-42.3,847.8,11.4,301,38
1992,6,13,3,-41.3,849.6,11.4,296,39
1992,6,13,6,-41.6,851.7,12.1,296,39
1992,6,13,9,-42.9,853.2,10.1,298,37
1992,6,13,12,-43.9,855.2,12.3,296,37
1992,6,13,15,-44.9,856.2,14.6,296,37
1992,6,13,18,-44.6,857.4,10.1,296,37
1992,6,13,21,-42.1,856.2,NA,293,39
1992,6,14,0,-41.3,854.7,NA,293,39
1992,6,14,3,-39.1,852.4,NA,293,41
1992,6,14,6,-40.9,852,NA,291,40
1992,6,14,9,-39,853.7,NA,284,42
1992,6,14,12,-38.1,857.3,NA,NA,42
1992,6,14,15,-37.1,860.8,NA,NA,43
1992,6,14,18,-36.3,863.1,11.6,NA,44
1992,6,14,21,-35.5,866,10.1,NA,44
1992,6,15,0,-35.3,867.7,13.1,NA,44
1992,6,15,3,-35,869.8,14.3,NA,45
1992,6,15,6,-33.8,872.5,13.3,NA,46
1992,6,15,9,-34.8,874.3,NA,NA,48
1992,6,15,12,-31.5,875.8,17.5,NA,48
1992,6,15,15,-31.4,876.3,NA,NA,47
1992,6,15,18,-29.8,873.8,NA,280,47
1992,6,15,21,NA,869,14.1,296,52
1992,6,16,0,NA,863.1,NA,296,58
1992,6,16,3,-21.6,862.2,16.8,283,57
1992,6,16,6,-22.6,858.7,18.3,302,46
1992,6,16,9,-26,857.1,17,332,45
1992,6,16,12,NA,860.8,NA,309,50
1992,6,16,15,NA,860.6,12.1,305,48
1992,6,16,18,NA,862.5,8.6,NA,45
1992,6,16,21,-36.4,864.6,NA,NA,43
1992,6,17,0,-38.4,867.2,5.2,NA,42
1992,6,17,3,-40.3,869.5,4.2,NA,39
1992,6,17,6,-40.9,870.3,NA,NA,40
1992,6,17,9,-40.9,869.7,7.9,304,40
1992,6,17,12,-40,869.8,6.9,302,41
1992,6,17,15,-40.9,869.7,8.2,302,40
1992,6,17,18,-40.9,868,7.2,298,40
1992,6,17,21,-39.4,867.4,10.9,298,42
1992,6,18,0,-38,867,7.2,298,42
1992,6,18,3,-36.9,866.7,10.4,296,43
1992,6,18,6,-37.5,866.4,9.6,NA,43
1992,6,18,9,-37.6,867.1,10.6,NA,42
1992,6,18,12,-38,867.3,13.1,NA,42
1992,6,18,15,-39.1,868.4,10.6,NA,42
1992,6,18,18,-39.9,869,13.1,NA,41
1992,6,18,21,-40.1,870.5,13.8,NA,40
1992,6,19,0,-40.6,870.2,10.1,NA,40
1992,6,19,3,-40.8,870.2,11.9,NA,39
1992,6,19,6,-40.8,869.3,10.4,NA,40
1992,6,19,9,-40.3,868.8,13.8,NA,40
1992,6,19,12,-38.6,868.2,13.1,NA,40
1992,6,19,15,-37.8,867.7,15.8,NA,37
1992,6,19,18,-38.4,868.4,NA,NA,39
1992,6,19,21,-37.5,870.2,NA,NA,38
1992,6,20,0,-37.1,871.8,8.6,NA,37
1992,6,20,3,-37.8,873.1,6.9,NA,39
1992,6,20,6,-39.1,874,NA,NA,41
1992,6,20,9,-38.6,874.3,3.2,NA,42
1992,6,20,12,-35.4,873.6,3.7,NA,44
1992,6,20,15,-35.3,872.5,NA,NA,39
1992,6,20,18,-35.3,871,7.9,NA,42
1992,6,20,21,-35.4,870.3,8.2,NA,42
1992,6,21,0,-35.3,869.4,9.6,NA,43
1992,6,21,3,-34.6,868.7,10.9,NA,44
1992,6,21,6,-35,868.2,10.1,NA,44
1992,6,21,9,-35.5,867.9,10.1,NA,44
1992,6,21,12,-35.3,866.8,13.1,NA,44
1992,6,21,15,-36.3,865.2,14.3,NA,43
1992,6,21,18,-36.1,863.6,10.6,NA,44
1992,6,21,21,-38,862.7,NA,NA,42
1992,6,22,0,-38.3,861.7,NA,NA,42
1992,6,22,3,-38.3,860.2,NA,NA,42
1992,6,22,6,-37,859.1,13.8,291,43
1992,6,22,9,-35.6,859.6,10.4,291,44
1992,6,22,12,-37.4,860.1,15.1,287,42
1992,6,22,15,-37.8,860.6,13.1,287,42
1992,6,22,18,-38,861.9,14.3,280,42
1992,6,22,21,-37.6,863.3,18,NA,43
1992,6,23,0,-36.9,866.5,13.3,NA,43
1992,6,23,3,-38.1,867.6,17.3,NA,42
1992,6,23,6,-37.5,867.4,15.1,NA,43
1992,6,23,9,-34.5,867.8,NA,NA,45
1992,6,23,12,-33.3,865.7,NA,NA,44
1992,6,23,15,-31.4,865.6,8.4,NA,42
1992,6,23,18,-30.8,864.4,7.9,NA,39
1992,6,23,21,-30.6,864.4,8.6,NA,48
1992,6,24,0,-32.3,865.1,8.6,NA,45
1992,6,24,3,-33.5,865.1,13.1,NA,45
1992,6,24,6,-34.4,864.3,NA,NA,45
1992,6,24,9,-35.4,863.7,14.3,NA,44
1992,6,24,12,-35.5,863.5,11.4,NA,44
1992,6,24,15,-37.6,864.7,10.6,286,42
1992,6,24,18,-39.9,863.7,NA,291,41
1992,6,24,21,-40.9,862.8,NA,286,40
1992,6,25,0,-38.4,863.6,NA,284,42
1992,6,25,3,-38.1,864.7,NA,NA,42
1992,6,25,6,-40.4,866.1,8.9,NA,40
1992,6,25,9,-41.1,865.8,NA,NA,40
1992,6,25,12,-40.4,865.1,12.3,280,40
1992,6,25,15,-39.4,865.6,12.3,NA,41
1992,6,25,18,-38.1,865.7,9.9,NA,42
1992,6,25,21,-38.5,866.1,10.4,NA,42
1992,6,26,0,-38.8,865.8,9.1,NA,42
1992,6,26,3,-39.1,865.7,11.6,NA,41
1992,6,26,6,-38.9,865.9,10.9,NA,42
1992,6,26,9,-38.4,866.7,9.4,NA,42
1992,6,26,12,-37.8,868,NA,NA,42
1992,6,26,15,-37.4,869.2,6.7,NA,41
1992,6,26,18,-36.5,870.3,5.9,NA,43
1992,6,26,21,-36,871.3,5.7,NA,43
1992,6,27,0,-36.4,872.2,3,NA,43
1992,6,27,3,-36.4,872.8,5.7,NA,43
1992,6,27,6,-37.5,873.1,5.7,NA,42
1992,6,27,9,-36.9,873.9,10.1,296,43
1992,6,27,12,-35.4,875.7,8.9,293,44
1992,6,27,15,-33.3,875.7,7.7,293,46
1992,6,27,18,-33.5,875.5,10.4,296,46
1992,6,27,21,-34.8,875.2,11.9,298,45
1992,6,28,0,-32.8,875.7,12.3,291,47
1992,6,28,3,-32.1,875.2,9.6,291,47
1992,6,28,6,-31.1,875.2,8.4,291,48
1992,6,28,9,-29.6,875.4,9.6,287,48
1992,6,28,12,-30,874.7,9.1,279,48
1992,6,28,15,-30.8,874.1,8.4,279,48
1992,6,28,18,-29.4,873.1,7.7,279,48
1992,6,28,21,NA,NA,NA,NA,NA
1992,6,29,0,-28.6,872.2,10.1,279,48
1992,6,29,3,-27.6,871.7,8.6,NA,46
1992,6,29,6,-28.6,870.3,6.2,NA,49
1992,6,29,9,-28.3,869.4,9.6,NA,46
1992,6,29,12,-27,868.2,7.9,NA,46
1992,6,29,15,-25.9,867.1,5.9,NA,50
1992,6,29,18,-24.6,866.4,6.2,NA,53
1992,6,29,21,-24.9,865.1,5.7,NA,53
1992,6,30,0,-24.5,864.3,5.2,NA,52
1992,6,30,3,-24.9,863.6,8.9,NA,53
1992,6,30,6,-23.3,863.7,5.4,NA,54
1992,6,30,9,-24.5,863.6,5.7,NA,53
1992,6,30,12,-24.9,863.7,4.7,NA,53
1992,6,30,15,-25.9,864.6,7.4,NA,52
1992,6,30,18,-25.8,865.3,5.9,NA,53
1992,6,30,21,-26.6,866.2,6.9,NA,52
1992,7,1,0,-27.5,867.2,NA,NA,NA
1992,7,1,3,-29.6,869.1,NA,NA,49
1992,7,1,6,-32.1,870.9,NA,NA,47
1992,7,1,9,-33.5,872.6,NA,NA,46
1992,7,1,12,-34.8,874.2,NA,NA,45
1992,7,1,15,-35.4,874.8,NA,NA,45
1992,7,1,18,-35.8,875.3,NA,NA,44
1992,7,1,21,-34.6,874.9,NA,NA,45
1992,7,2,0,-35.4,874.2,13.8,294,45
1992,7,2,3,-35.4,873,13.6,296,45
1992,7,2,6,-35.5,873,9.1,293,45
1992,7,2,9,-37,872,NA,296,43
1992,7,2,12,-37.8,871.1,NA,NA,43
1992,7,2,15,-38.6,871.7,NA,NA,42
1992,7,2,18,-38.8,871.6,13.8,NA,42
1992,7,2,21,-38.5,871.6,15.3,291,42
1992,7,3,0,-39.4,871.2,16.3,296,42
1992,7,3,3,-39.1,871,14.8,291,42
1992,7,3,6,-38,870.4,15.8,287,42
1992,7,3,9,-37.4,870.7,10.9,NA,43
1992,7,3,12,-37.5,870.7,14.8,NA,43
1992,7,3,15,-37.1,871,12.8,NA,43
1992,7,3,18,-37.5,871.8,12.3,284,43
1992,7,3,21,-36.9,872.6,13.8,NA,43
1992,7,4,0,-36.4,873.4,12.1,NA,44
1992,7,4,3,-36.8,874,14.8,NA,43
1992,7,4,6,-36.8,876.1,11.9,NA,43
1992,7,4,9,-36.4,875.8,13.1,296,44
1992,7,4,12,-35.9,876.7,16.5,296,44
1992,7,4,15,-35,877,15.1,298,45
1992,7,4,18,-33.9,878.1,12.6,293,46
1992,7,4,21,-32.4,879.3,NA,284,47
1992,7,5,0,-31.8,878.5,NA,NA,48
1992,7,5,3,-31.1,878.2,NA,NA,48
1992,7,5,6,-31.6,878.4,13.8,NA,47
1992,7,5,9,-31.5,878,10.4,NA,47
1992,7,5,12,-31.1,877.8,14.6,NA,48
1992,7,5,15,-30.8,877.2,13.8,NA,49
1992,7,5,18,-29.3,876.8,18.3,296,47
1992,7,5,21,-29.1,875.8,NA,290,48
1992,7,6,0,-27.9,875.2,15.8,287,44
1992,7,6,3,-28.1,875.4,NA,296,48
1992,7,6,6,-28.6,874,NA,NA,49
1992,7,6,9,-29,872.3,NA,NA,45
1992,7,6,12,-29.3,870.9,NA,NA,47
1992,7,6,15,-26.9,869.6,NA,NA,48
1992,7,6,18,-25.9,869.7,NA,NA,43
1992,7,6,21,-27.3,869.6,NA,NA,48
1992,7,7,0,-28.1,872.5,NA,NA,50
1992,7,7,3,-28.6,873.5,NA,NA,49
1992,7,7,6,-31.4,873.9,14.3,296,47
1992,7,7,9,-31.9,874.2,16.1,296,47
1992,7,7,12,-31.3,873.3,NA,288,48
1992,7,7,15,-29.1,872.2,NA,288,48
1992,7,7,18,-31,870.7,9.9,288,43
1992,7,7,21,-30.3,869.2,11.4,296,48
1992,7,8,0,NA,NA,NA,NA,NA
1992,7,8,3,-34.5,865.8,19.8,296,43
1992,7,8,6,-36.5,869.3,NA,291,44
1992,7,8,9,NA,868.1,NA,277,41
1992,7,8,12,NA,NA,NA,NA,NA
1992,7,8,15,-40.4,866.1,17,277,40
1992,7,8,18,-38,864.7,17.3,291,42
1992,7,8,21,-36.4,864.2,15.1,273,43
1992,7,9,0,-36.8,861.7,15.8,304,43
1992,7,9,3,-37.8,864,13.6,272,42
1992,7,9,6,-37.4,861.5,11.6,272,43
1992,7,9,9,-37.8,862,9.6,272,42
1992,7,9,12,-38.8,860.7,NA,283,42
1992,7,9,15,-40,861.1,NA,290,41
1992,7,9,18,-40.9,860.9,14.1,279,40
1992,7,9,21,-40.5,859.3,12.6,255,40
1992,7,10,0,-38.6,859,10.1,262,42
1992,7,10,3,NA,857.7,NA,251,45
1992,7,10,6,-33.8,859,NA,NA,46
1992,7,10,9,-33.3,860.6,NA,NA,46
1992,7,10,12,-33.5,862.9,NA,NA,46
1992,7,10,15,-34.8,865,NA,NA,45
1992,7,10,18,-36.5,866.4,NA,NA,43
1992,7,10,21,-37.5,866.9,NA,NA,43
1992,7,11,0,-35,866.7,NA,NA,45
1992,7,11,3,-33.3,866.9,NA,NA,47
1992,7,11,6,-32.8,866.9,14.3,262,48
1992,7,11,9,-32.4,867.1,16.1,NA,47
1992,7,11,12,-33.4,868.1,13.6,NA,46
1992,7,11,15,-33.3,869.1,18.5,NA,47
1992,7,11,18,-35.3,869.3,NA,NA,45
1992,7,11,21,-35.9,868.6,NA,NA,44
1992,7,12,0,-36.3,867.2,15.3,273,44
1992,7,12,3,-35.8,867.1,11.4,258,44
1992,7,12,6,-33.8,867.5,NA,281,46
1992,7,12,9,-33,864.1,13.8,270,47
1992,7,12,12,-33.3,862.5,10.9,286,46
1992,7,12,15,-31,861.9,14.3,320,48
1992,7,12,18,-31.4,863.3,13.3,320,44
1992,7,12,21,-33.3,864.7,NA,301,46
1992,7,13,0,-32.4,865.8,NA,267,42
1992,7,13,3,-31.4,865,NA,267,46
1992,7,13,6,-33.5,864.6,14.1,279,47
1992,7,13,9,-30,862.7,11.4,256,49
1992,7,13,12,-28.8,862.5,NA,296,46
1992,7,13,15,-28.3,861.4,9.9,256,46
1992,7,13,18,-30.9,860.3,9.6,253,48
1992,7,13,21,-30,857.9,13.6,280,49
1992,7,14,0,-31.4,854.9,12.1,286,44
1992,7,14,3,-31.1,852.9,12.3,280,48
1992,7,14,6,-32.1,850.5,9.1,284,46
1992,7,14,9,-32.4,849.6,10.1,284,44
1992,7,14,12,-29.8,848.4,10.4,284,48
1992,7,14,15,-30,845.4,14.3,276,48
1992,7,14,18,-31.4,843.4,13.1,286,47
1992,7,14,21,-30.4,841.1,17,NA,44
1992,7,15,0,-32.9,839.6,18,NA,40
1992,7,15,3,NA,835.9,18.8,NA,41
1992,7,15,6,-35.8,836.6,NA,296,43
1992,7,15,9,-35.9,833.8,NA,283,43
1992,7,15,12,-36.5,833.1,NA,NA,42
1992,7,15,15,-38.3,833.5,NA,NA,42
1992,7,15,18,-39.4,832.2,14.3,NA,41
1992,7,15,21,-39.1,832.7,15.8,279,42
1992,7,16,0,-39.1,834.2,NA,NA,41
1992,7,16,3,-40.9,835.7,NA,NA,40
1992,7,16,6,-38.6,837,NA,NA,41
1992,7,16,9,-36.4,838.2,NA,NA,43
1992,7,16,12,-38.5,838.7,NA,NA,42
1992,7,16,15,-36.5,839.4,NA,NA,43
1992,7,16,18,-36.5,839.6,NA,NA,43
1992,7,16,21,-36.9,840,NA,NA,42
1992,7,17,0,-36.4,840.6,NA,NA,43
1992,7,17,3,-37.1,840,NA,NA,42
1992,7,17,6,-36.6,839.4,NA,NA,43
1992,7,17,9,-35.3,839.6,NA,NA,45
1992,7,17,12,-34.1,840,NA,NA,45
1992,7,17,15,-33.8,839.8,NA,NA,46
1992,7,17,18,-32.3,840,NA,NA,47
1992,7,17,21,-32.1,840.8,NA,NA,48
1992,7,18,0,-31.4,841.1,NA,NA,48
1992,7,18,3,-31.8,841.3,NA,NA,47
1992,7,18,6,-30.8,841.3,NA,NA,48
1992,7,18,9,-30,841,NA,NA,49
1992,7,18,12,-28.8,840.7,NA,NA,50
1992,7,18,15,-30.3,840.6,NA,NA,49
1992,7,18,18,-31.8,841.4,NA,NA,48
1992,7,18,21,-34.1,840.2,15.8,287,46
1992,7,19,0,-36.4,839.3,16.8,287,43
1992,7,19,3,NA,838.7,18,294,41
1992,7,19,6,-41.3,838.3,17.5,294,40
1992,7,19,9,-42.3,837.4,NA,294,39
1992,7,19,12,-43.3,836.7,16.1,296,38
1992,7,19,15,-44.3,837.5,15.3,286,37
1992,7,19,18,-45.3,837.6,17.8,296,37
1992,7,19,21,-45.8,838.2,NA,NA,36
1992,7,20,0,-46.6,838.6,NA,NA,35
1992,7,20,3,-47,838.7,13.8,NA,35
1992,7,20,6,-47.8,839.3,16.5,NA,34
1992,7,20,9,-47.5,840.2,16.3,291,35
1992,7,20,12,NA,NA,NA,NA,NA
1992,7,20,15,NA,NA,NA,NA,NA
1992,7,20,18,-48.1,840.8,13.1,286,34
1992,7,20,21,NA,NA,NA,NA,NA
1992,7,21,0,NA,NA,NA,NA,NA
1992,7,21,3,NA,NA,NA,NA,NA
1992,7,21,6,NA,NA,NA,NA,NA
1992,7,21,9,NA,NA,NA,NA,NA
1992,7,21,12,NA,NA,NA,NA,NA
1992,7,21,15,NA,NA,NA,NA,NA
1992,7,21,18,NA,NA,NA,NA,NA
1992,7,21,21,NA,NA,NA,NA,NA
1992,7,22,0,NA,NA,NA,NA,NA
1992,7,22,3,NA,NA,NA,NA,NA
1992,7,22,6,NA,NA,NA,NA,NA
1992,7,22,9,NA,NA,NA,NA,NA
1992,7,22,12,NA,NA,NA,NA,NA
1992,7,22,15,NA,NA,NA,NA,NA
1992,7,22,18,NA,NA,NA,NA,NA
1992,7,22,21,NA,NA,NA,NA,NA
1992,7,23,0,NA,NA,NA,NA,NA
1992,7,23,3,NA,NA,NA,NA,NA
1992,7,23,6,NA,NA,NA,NA,NA
1992,7,23,9,NA,NA,NA,NA,NA
1992,7,23,12,NA,NA,NA,NA,NA
1992,7,23,15,NA,NA,NA,NA,NA
1992,7,23,18,NA,NA,NA,NA,NA
1992,7,23,21,NA,NA,NA,NA,NA
1992,7,24,0,NA,NA,NA,NA,NA
1992,7,24,3,NA,NA,NA,NA,NA
1992,7,24,6,NA,NA,NA,NA,NA
1992,7,24,9,NA,NA,NA,NA,NA
1992,7,24,12,NA,NA,NA,NA,NA
1992,7,24,15,NA,NA,NA,NA,NA
1992,7,24,18,NA,NA,NA,NA,NA
1992,7,24,21,NA,NA,NA,NA,NA
1992,7,25,0,NA,NA,NA,NA,NA
1992,7,25,3,NA,NA,NA,NA,NA
1992,7,25,6,NA,NA,NA,NA,NA
1992,7,25,9,NA,NA,NA,NA,NA
1992,7,25,12,NA,NA,NA,NA,NA
1992,7,25,15,NA,NA,NA,NA,NA
1992,7,25,18,NA,NA,NA,NA,NA
1992,7,25,21,NA,NA,NA,NA,NA
1992,7,26,0,NA,NA,NA,NA,NA
1992,7,26,3,NA,NA,NA,NA,NA
1992,7,26,6,NA,NA,NA,NA,NA
1992,7,26,9,NA,NA,NA,NA,NA
1992,7,26,12,NA,NA,NA,NA,NA
1992,7,26,15,NA,NA,NA,NA,NA
1992,7,26,18,NA,NA,NA,NA,NA
1992,7,26,21,NA,NA,NA,NA,NA
1992,7,27,0,NA,NA,NA,NA,NA
1992,7,27,3,NA,NA,NA,NA,NA
1992,7,27,6,NA,NA,NA,NA,NA
1992,7,27,9,NA,NA,NA,NA,NA
1992,7,27,12,NA,NA,NA,NA,NA
1992,7,27,15,NA,NA,NA,NA,NA
1992,7,27,18,NA,NA,NA,NA,NA
1992,7,27,21,NA,NA,NA,NA,NA
1992,7,28,0,NA,NA,NA,NA,NA
1992,7,28,3,NA,NA,NA,NA,NA
1992,7,28,6,NA,NA,NA,NA,NA
1992,7,28,9,NA,NA,NA,NA,NA
1992,7,28,12,-36,839.2,NA,NA,68
1992,7,28,15,-39.5,842,12.6,277,41
1992,7,28,18,NA,844.1,NA,293,39
1992,7,28,21,-42.1,844.5,NA,276,39
1992,7,29,0,NA,NA,NA,NA,NA
1992,7,29,3,-41.9,850,13.8,290,38
1992,7,29,6,-42.5,846.1,14.8,277,38
1992,7,29,9,NA,NA,NA,NA,NA
1992,7,29,12,NA,NA,NA,NA,NA
1992,7,29,15,NA,NA,NA,NA,NA
1992,7,29,18,NA,NA,NA,NA,NA
1992,7,29,21,NA,NA,NA,NA,NA
1992,7,30,0,NA,NA,NA,NA,NA
1992,7,30,3,NA,NA,NA,NA,NA
1992,7,30,6,NA,NA,NA,NA,NA
1992,7,30,9,NA,NA,NA,NA,NA
1992,7,30,12,NA,NA,NA,NA,NA
1992,7,30,15,NA,NA,NA,NA,NA
1992,7,30,18,NA,NA,NA,NA,NA
1992,7,30,21,NA,NA,NA,NA,NA
1992,7,31,0,NA,NA,NA,NA,NA
1992,7,31,3,NA,NA,NA,NA,NA
1992,7,31,6,-40,856,12.1,274,41
1992,7,31,9,-38.6,854.5,13.8,296,42
1992,7,31,12,-41.1,853.4,9.6,296,40
1992,7,31,15,NA,NA,NA,NA,NA
1992,7,31,18,-44.5,851.5,16.3,284,37
1992,7,31,21,NA,NA,NA,NA,NA
1992,8,1,0,-43,847.1,15.1,283,38
1992,8,1,3,-41.5,842.2,18.3,274,39
1992,8,1,6,-39.1,838,14.6,284,41
1992,8,1,9,-37.5,836.6,16.5,284,43
1992,8,1,12,NA,NA,NA,NA,NA
1992,8,1,15,-39.1,835.5,9.9,288,41
1992,8,1,18,-41.8,836,6.9,NA,39
1992,8,1,21,NA,837.8,7.7,NA,37
1992,8,2,0,NA,839.7,4.7,NA,35
1992,8,2,3,-44.3,841.4,4.4,NA,37
1992,8,2,6,-43,842.5,3.5,NA,38
1992,8,2,9,-43.4,843.7,2,NA,38
1992,8,2,12,-46,844.9,5.2,NA,35
1992,8,2,15,-47.1,845.9,6.2,NA,35
1992,8,2,18,-46.9,846,6.9,NA,35
1992,8,2,21,-46.5,847.1,6.9,NA,35
1992,8,3,0,-44,847.3,7.7,NA,37
1992,8,3,3,NA,847.5,5.2,NA,39
1992,8,3,6,NA,847.5,NA,0,42
1992,8,3,9,NA,847.6,NA,NA,44
1992,8,3,12,-35.3,847.9,NA,NA,45
1992,8,3,15,-35.3,849.2,NA,NA,45
1992,8,3,18,-33.8,850.2,NA,NA,46
1992,8,3,21,-32.4,851.8,NA,NA,47
1992,8,4,0,-32.1,853.2,NA,NA,47
1992,8,4,3,-30.5,854.2,NA,NA,49
1992,8,4,6,-30,855.3,NA,NA,49
1992,8,4,9,-29.6,857.3,NA,NA,49
1992,8,4,12,-30.5,858.5,NA,NA,49
1992,8,4,15,-28.3,860,NA,NA,51
1992,8,4,18,-28.4,861.7,NA,NA,51
1992,8,4,21,-27.5,863.1,1.5,288,50
1992,8,5,0,-27.4,864,4,NA,51
1992,8,5,3,-29.5,864,5.2,NA,49
1992,8,5,6,NA,864.1,NA,NA,46
1992,8,5,9,NA,863.8,NA,NA,45
1992,8,5,12,-35.8,862.6,12.8,NA,44
1992,8,5,15,-35.1,862.4,8.9,NA,45
1992,8,5,18,-35,862,NA,NA,45
1992,8,5,21,NA,NA,NA,NA,NA
1992,8,6,0,-34,863,12.1,288,46
1992,8,6,3,-34.8,863.7,13.3,288,45
1992,8,6,6,-35.3,864.2,14.1,279,45
1992,8,6,9,-35.6,865.3,14.1,277,44
1992,8,6,12,-36.6,864.9,14.6,274,43
1992,8,6,15,-36.3,865,16.8,NA,44
1992,8,6,18,-35.8,865.8,12.8,NA,45
1992,8,6,21,-34.5,866.1,NA,NA,45
1992,8,7,0,-35.3,866.3,14.8,NA,44
1992,8,7,3,-33.1,866.5,14.1,NA,47
1992,8,7,6,-33,867.9,11.6,NA,47
1992,8,7,9,-33.4,868.3,16.3,NA,46
1992,8,7,12,-34.6,868.4,15.3,NA,46
1992,8,7,15,-31.4,867.6,12.3,NA,48
1992,8,7,18,-31.4,867.2,10.6,296,48
1992,8,7,21,-30.4,866.5,9.9,NA,49
1992,8,8,0,-30.5,867,9.4,NA,48
1992,8,8,3,-31,866,8.9,NA,48
1992,8,8,6,-32,865,10.6,NA,48
1992,8,8,9,-30.6,863.1,13.3,267,48
1992,8,8,12,NA,862.4,8.9,267,53
1992,8,8,15,NA,863,10.4,267,54
1992,8,8,18,-25.5,863.5,NA,235,53
1992,8,8,21,-25.1,864.5,NA,235,51
1992,8,9,0,-26.9,864.3,7.2,235,52
1992,8,9,3,-25.9,863.2,NA,0,52
1992,8,9,6,-26.1,861.6,4.4,235,53
1992,8,9,9,-28,861.6,NA,NA,50
1992,8,9,12,-28.3,862.2,6.7,NA,50
1992,8,9,15,-29.8,863.8,6.4,NA,48
1992,8,9,18,-31,865.3,4.9,NA,49
1992,8,9,21,-31.1,866.4,7.4,NA,47
1992,8,10,0,-32,866.7,8.6,NA,48
1992,8,10,3,-31,866.6,7.2,NA,49
1992,8,10,6,-32.3,866,7.4,NA,48
1992,8,10,9,-29,866.3,NA,266,53
1992,8,10,12,NA,866.3,NA,274,53
1992,8,10,15,-27.3,864.5,12.1,263,51
1992,8,10,18,NA,860.5,8.4,252,56
1992,8,10,21,-25.5,858.3,NA,286,54
1992,8,11,0,-25.6,857.7,NA,286,54
1992,8,11,3,-25.3,858.2,NA,276,54
1992,8,11,6,-25.8,858.2,NA,287,53
1992,8,11,9,-24.5,859,NA,319,54
1992,8,11,12,-23.1,858.3,NA,318,56
1992,8,11,15,-24,858.4,NA,296,55
1992,8,11,18,-23.5,858,NA,304,55
1992,8,11,21,-23.5,857.7,15.6,304,55
1992,8,12,0,-22,856.8,NA,276,57
1992,8,12,3,-19,850.8,13.1,298,58
1992,8,12,6,-21.9,852.9,12.8,262,57
1992,8,12,9,-19.9,853,9.1,291,53
1992,8,12,12,-23.1,849.9,NA,286,56
1992,8,12,15,-22.1,845.9,NA,320,57
1992,8,12,18,-23.5,844.5,NA,313,55
1992,8,12,21,-24.4,843.5,19,312,54
1992,8,13,0,NA,NA,NA,NA,NA
1992,8,13,3,NA,NA,NA,NA,NA
1992,8,13,6,NA,NA,NA,NA,NA
1992,8,13,9,NA,NA,NA,NA,NA
1992,8,13,12,-31.5,848.3,18,313,48
1992,8,13,15,-31.4,850.8,18.5,311,48
1992,8,13,18,-32.1,852.4,NA,305,48
1992,8,13,21,-32.6,853.5,NA,305,46
1992,8,14,0,-31.4,855.8,20.3,305,38
1992,8,14,3,-29.1,858.7,NA,296,33
1992,8,14,6,-29,859.1,NA,NA,29
1992,8,14,9,-28.1,859.8,8.4,NA,30
1992,8,14,12,-29.3,860.8,10.6,NA,31
1992,8,14,15,-29.6,861.7,NA,NA,31
1992,8,14,18,-30.4,862.7,NA,NA,31
1992,8,14,21,-31.3,861.2,19,NA,46
1992,8,15,0,-31.6,861.2,15.6,NA,34
1992,8,15,3,-30.6,861.4,14.8,NA,32
1992,8,15,6,-30.3,860,14.3,NA,32
1992,8,15,9,-29.1,857.2,16.8,NA,31
1992,8,15,12,-29.1,857.3,15.6,NA,32
1992,8,15,15,-29.8,855.5,17.8,NA,32
1992,8,15,18,-30.9,856.3,16.8,NA,34
1992,8,15,21,-30.6,856.6,15.1,NA,30
1992,8,16,0,-29.6,858.5,NA,NA,29
1992,8,16,3,-29.8,857.4,14.6,NA,34
1992,8,16,6,-30.9,856.7,NA,NA,41
1992,8,16,9,-30.4,856.8,17.8,NA,37
1992,8,16,12,-29.6,858.5,14.1,NA,33
1992,8,16,15,-28.1,857.8,15.8,NA,32
1992,8,16,18,-27.5,857.6,15.3,NA,31
1992,8,16,21,-27.6,859,14.6,NA,36
1992,8,17,0,-28.5,858.4,15.6,NA,35
1992,8,17,3,-28.3,858.5,12.8,NA,37
1992,8,17,6,-27.4,857.5,14.6,NA,36
1992,8,17,9,-28.3,856.8,17.5,NA,36
1992,8,17,12,-29,856.5,NA,NA,37
1992,8,17,15,-28.8,855.9,14.6,NA,37
1992,8,17,18,-28.1,855.4,11.6,NA,37
1992,8,17,21,-27.3,854.7,12.3,NA,40
1992,8,18,0,-26.6,853.9,12.8,NA,40
1992,8,18,3,-27.5,853.2,12.1,NA,42
1992,8,18,6,-29,852.7,9.4,NA,41
1992,8,18,9,NA,851.3,10.4,NA,42
1992,8,18,12,NA,852.7,10.1,NA,45
1992,8,18,15,-26,853.6,NA,NA,46
1992,8,18,18,NA,853.9,13.3,NA,32
1992,8,18,21,NA,856,16.1,301,37
1992,8,19,0,-29.6,857.9,18,296,30
1992,8,19,3,-29.4,861.4,NA,294,35
1992,8,19,6,-29.5,859.6,NA,290,30
1992,8,19,9,-28.1,860.6,NA,NA,27
1992,8,19,12,-28.5,861.4,NA,NA,30
1992,8,19,15,-27.4,860.2,NA,NA,31
1992,8,19,18,-29.1,859.1,10.6,NA,31
1992,8,19,21,-29.8,858.9,12.6,NA,31
1992,8,20,0,-29.1,858.5,10.6,NA,31
1992,8,20,3,-29,857.5,8.2,NA,31
1992,8,20,6,-29.1,857.3,10.9,NA,32
1992,8,20,9,-27.5,857.2,9.9,NA,34
1992,8,20,12,-29.3,856.1,12.1,NA,34
1992,8,20,15,-29.8,855.8,12.6,NA,32
1992,8,20,18,-29.6,855,9.1,NA,34
1992,8,20,21,-29.3,854.4,12.6,NA,33
1992,8,21,0,-26.9,853.6,9.1,NA,35
1992,8,21,3,-28.8,852.9,NA,NA,36
1992,8,21,6,-29.9,853.4,9.6,NA,34
1992,8,21,9,-30,853.6,NA,NA,32
1992,8,21,12,-31.3,853.7,11.6,NA,32
1992,8,21,15,-31.3,854,13.6,NA,31
1992,8,21,18,-31.1,855,9.9,NA,30
1992,8,21,21,-29.9,855.5,12.3,NA,30
1992,8,22,0,-31.5,856.9,8.6,NA,29
1992,8,22,3,-31.9,856.7,NA,NA,27
1992,8,22,6,-33.5,857.8,11.6,NA,37
1992,8,22,9,-33.5,857.4,15.8,287,28
1992,8,22,12,-33,857.2,13.6,296,28
1992,8,22,15,-32.1,857.1,16.5,304,28
1992,8,22,18,-33.4,857.3,NA,286,30
1992,8,22,21,-33.9,856.1,NA,NA,31
1992,8,23,0,-34.1,853.7,6.9,NA,33
1992,8,23,3,-33,852.8,3.5,NA,43
1992,8,23,6,-33.5,852,3.5,NA,45
1992,8,23,9,-33.3,852.3,5.4,NA,44
1992,8,23,12,-32.8,852.1,5.7,NA,45
1992,8,23,15,-33.8,853.2,8.2,NA,45
1992,8,23,18,-36.4,854.7,10.6,NA,43
1992,8,23,21,-38.1,855.7,11.4,NA,42
1992,8,24,0,-38.1,856.2,9.4,NA,42
1992,8,24,3,-37.1,857.3,10.6,NA,43
1992,8,24,6,-38,858.4,13.3,NA,42
1992,8,24,9,-38.9,858.8,14.1,NA,41
1992,8,24,12,-38.1,859.1,12.1,283,41
1992,8,24,15,NA,857.9,14.6,281,49
1992,8,24,18,-33.5,858.2,11.1,281,46
1992,8,24,21,-31.8,858.8,12.6,281,48
1992,8,25,0,-32.9,859,11.1,277,46
1992,8,25,3,-31.4,859,13.6,277,48
1992,8,25,6,-30.8,857.8,14.1,296,48
1992,8,25,9,-29.5,859.2,16.3,301,49
1992,8,25,12,-29,857.6,14.6,291,50
1992,8,25,15,-27.4,857.6,NA,298,51
1992,8,25,18,-25.6,857.8,NA,293,53
1992,8,25,21,-26,853.9,NA,290,53
1992,8,26,0,NA,846.8,NA,290,56
1992,8,26,3,NA,845.1,NA,296,41
1992,8,26,6,NA,844.1,11.6,311,43
1992,8,26,9,NA,848.4,NA,316,38
1992,8,26,12,NA,851.8,NA,304,43
1992,8,26,15,-33.3,854.1,17.8,298,31
1992,8,26,18,-34,854.6,NA,293,31
1992,8,26,21,-34.5,855.1,NA,293,29
1992,8,27,0,-34.1,855.5,NA,296,29
1992,8,27,3,-33.3,854.2,17,298,31
1992,8,27,6,-32.3,852.6,17.3,296,33
1992,8,27,9,-32.3,851.1,14.6,304,41
1992,8,27,12,-32.9,848.8,15.8,305,34
1992,8,27,15,-34.6,848.7,12.3,296,36
1992,8,27,18,-35.1,848.2,NA,296,37
1992,8,27,21,-38.8,848.4,10.6,306,36
1992,8,28,0,NA,849.4,10.6,302,37
1992,8,28,3,-39.5,850,11.4,290,41
1992,8,28,6,-37.8,850.6,10.9,NA,42
1992,8,28,9,-38.9,850.9,11.1,NA,42
1992,8,28,12,-36.1,850.3,13.1,NA,43
1992,8,28,15,-34,847.7,13.1,279,45
1992,8,28,18,-32.3,846,9.4,279,46
1992,8,28,21,-33.5,841.2,NA,313,45
1992,8,29,0,-34.5,839.8,NA,296,44
1992,8,29,3,-34.6,838.8,15.3,284,44
1992,8,29,6,-38.1,836.4,NA,296,41
1992,8,29,9,NA,838.5,17.3,290,40
1992,8,29,12,-40.6,836.7,17.5,288,40
1992,8,29,15,-40.9,835.8,15.3,286,40
1992,8,29,18,-40.9,835.5,18.8,286,40
1992,8,29,21,-41,835.7,NA,290,40
1992,8,30,0,-41.5,835.5,NA,294,39
1992,8,30,3,-42.4,836.7,14.8,286,38
1992,8,30,6,-43.8,836.6,15.6,283,37
1992,8,30,9,-44.9,835.7,16.8,281,37
1992,8,30,12,-45.8,832.9,NA,296,36
1992,8,30,15,-46.5,832.7,NA,288,35
1992,8,30,18,-47.4,831,NA,296,35
1992,8,30,21,-46.6,829.2,13.3,296,35
1992,8,31,0,-45.5,828.2,10.9,298,35
1992,8,31,3,-44.6,828.2,NA,296,35
1992,8,31,6,-44.3,829.1,7.4,NA,36
1992,8,31,9,-44,830,7.2,NA,36
1992,8,31,12,-44.9,831.2,6.4,NA,35
1992,8,31,15,-47.9,831.9,7.9,NA,33
1992,8,31,18,-49,831.9,8.9,298,33
1992,8,31,21,-49.3,832,8.6,296,33
1992,9,1,0,-47.6,831,9.1,301,33
1992,9,1,3,-48.8,830.3,10.1,298,33
1992,9,1,6,-50.4,829.6,9.9,299,32
1992,9,1,9,-52,828.8,12.8,296,31
1992,9,1,12,-53.6,827.7,14.8,298,30
1992,9,1,15,-54.1,826,15.3,296,29
1992,9,1,18,-54.1,824.7,14.1,294,29
1992,9,1,21,-54.1,824,15.1,NA,29
1992,9,2,0,-54,823.9,12.1,NA,29
1992,9,2,3,-52.8,825.1,NA,NA,31
1992,9,2,6,-52.9,827.5,8.4,NA,30
1992,9,2,9,-53.8,829.6,11.4,NA,29
1992,9,2,12,-54.8,831.5,10.1,NA,29
1992,9,2,15,-55.1,832.4,11.9,NA,28
1992,9,2,18,-55.1,833.7,10.4,NA,28
1992,9,2,21,-54.1,833.9,14.1,293,29
1992,9,3,0,-52.8,833.5,NA,298,30
1992,9,3,3,-50.8,834,13.1,296,32
1992,9,3,6,-50.1,835.8,NA,NA,32
1992,9,3,9,-50,836,13.1,NA,32
1992,9,3,12,-48.9,836.1,NA,NA,33
1992,9,3,15,-48.9,838.3,16.8,NA,33
1992,9,3,18,-50.1,838.2,NA,288,32
1992,9,3,21,-51.4,839.4,21,296,31
1992,9,4,0,-50.6,840.9,NA,290,32
1992,9,4,3,-48.9,841.7,NA,NA,33
1992,9,4,6,-49,843.3,13.3,NA,33
1992,9,4,9,-47.1,844,14.8,NA,35
1992,9,4,12,-45.3,843.9,NA,NA,37
1992,9,4,15,NA,846.3,NA,NA,40
1992,9,4,18,NA,845.4,NA,299,41
1992,9,4,21,-40,847.9,NA,302,41
1992,9,5,0,-40.5,850.6,18.5,312,40
1992,9,5,3,-40.1,854.2,NA,311,40
1992,9,5,6,-40.9,858.3,19.3,296,39
1992,9,5,9,-40.6,858.4,16.5,290,31
1992,9,5,12,-42.4,858.2,NA,290,36
1992,9,5,15,-41.9,856.5,18.3,299,35
1992,9,5,18,-41.8,857.1,15.6,296,37
1992,9,5,21,-42.5,856.9,17,296,30
1992,9,6,0,-41.4,858.6,15.3,296,30
1992,9,6,3,-41.3,858.9,17.8,298,31
1992,9,6,6,-41.9,860,18.8,298,28
1992,9,6,9,-43,859.9,16.3,296,26
1992,9,6,12,-43.3,860.2,18.3,290,36
1992,9,6,15,-43.5,859.6,20.3,290,37
1992,9,6,18,-42.6,860.8,NA,296,37
1992,9,6,21,-41.9,861.3,NA,287,36
1992,9,7,0,-41.5,863.2,NA,286,36
1992,9,7,3,-41.5,864.2,NA,296,36
1992,9,7,6,-41,865.3,18.3,288,37
1992,9,7,9,-38.9,865.2,NA,296,38
1992,9,7,12,-39,865.6,NA,294,40
1992,9,7,15,-38.1,868.2,NA,288,40
1992,9,7,18,-38.9,869.6,14.6,287,40
1992,9,7,21,-37.4,870.7,14.8,287,42
1992,9,8,0,-35,871.1,13.8,287,44
1992,9,8,3,NA,870.3,13.1,281,37
1992,9,8,6,-32.3,871.8,11.4,290,43
1992,9,8,9,-32.3,872.3,12.6,281,37
1992,9,8,12,-32.8,873,14.6,274,37
1992,9,8,15,-32.8,873.4,15.1,274,37
1992,9,8,18,-32.4,873.2,11.4,274,36
1992,9,8,21,-32.8,873.1,NA,283,39
1992,9,9,0,-30.5,872.6,14.1,280,31
1992,9,9,3,-29.8,872.1,13.1,281,32
1992,9,9,6,-26.9,871.2,16.5,274,24
1992,9,9,9,-27,870.9,15.8,270,25
1992,9,9,12,-26.3,870.7,15.8,296,26
1992,9,9,15,-26.1,868.8,NA,298,31
1992,9,9,18,-27.6,868.8,NA,262,44
1992,9,9,21,-29.8,868.8,NA,276,44
1992,9,10,0,-30.9,867.9,14.6,265,46
1992,9,10,3,-31.8,865.8,17,267,45
1992,9,10,6,-32.8,865.1,NA,281,44
1992,9,10,9,-32.6,863.9,NA,277,35
1992,9,10,12,-31.5,862,9.4,273,37
1992,9,10,15,-29.9,859.3,12.6,274,37
1992,9,10,18,-30,855.6,NA,267,37
1992,9,10,21,-28.1,852.3,12.6,274,36
1992,9,11,0,-29.1,849.5,17.3,270,37
1992,9,11,3,-29.4,847,15.1,269,36
1992,9,11,6,-30,845.5,NA,273,36
1992,9,11,9,-30.3,844.5,NA,277,32
1992,9,11,12,-31.4,843.7,10.9,267,31
1992,9,11,15,-29.9,843.1,12.8,274,28
1992,9,11,18,-29.9,842.6,13.1,276,26
1992,9,11,21,-32.8,843.1,14.3,273,31
1992,9,12,0,-34.4,842.4,12.1,281,39
1992,9,12,3,-35,840.8,15.3,283,32
1992,9,12,6,-35,839.4,14.3,280,26
1992,9,12,9,-35.8,837.8,12.6,281,28
1992,9,12,12,-39.1,836.7,15.6,290,32
1992,9,12,15,NA,836.7,NA,298,38
1992,9,12,18,-42.8,839.3,NA,273,37
1992,9,12,21,-43.5,837.8,16.1,296,37
1992,9,13,0,-43,836.6,NA,296,31
1992,9,13,3,-43.3,835.4,18,296,34
1992,9,13,6,-43.5,835.5,NA,291,35
1992,9,13,9,-45.3,836.2,14.8,296,34
1992,9,13,12,-46.9,835.4,NA,296,32
1992,9,13,15,-48.3,835.7,NA,296,31
1992,9,13,18,-48.1,835.7,17,279,33
1992,9,13,21,-48,834.9,NA,281,33
1992,9,14,0,-45.3,831.9,NA,296,32
1992,9,14,3,-44.1,831.5,NA,296,35
1992,9,14,6,-44.9,829.3,NA,294,36
1992,9,14,9,-45,825.4,NA,304,36
1992,9,14,12,-46.9,823.6,NA,305,34
1992,9,14,15,-47.1,820.9,21.5,309,34
1992,9,14,18,-48.3,820.8,NA,312,33
1992,9,14,21,-49.6,821.8,NA,316,32
1992,9,15,0,-48.9,824.7,24.9,313,33
1992,9,15,3,-48.4,826.8,NA,306,33
1992,9,15,6,-47.8,828.2,NA,301,34
1992,9,15,9,-48,829.7,NA,299,33
1992,9,15,12,-47,832.2,19.3,296,34
1992,9,15,15,-46,832.4,23.5,NA,35
1992,9,15,18,-46.3,834.4,NA,NA,34
1992,9,15,21,-45.6,835,NA,NA,35
1992,9,16,0,-42.4,835.2,14.1,NA,36
1992,9,16,3,-40.9,835.6,11.4,NA,31
1992,9,16,6,-41,835.6,NA,NA,30
1992,9,16,9,-40.6,836.5,9.9,NA,36
1992,9,16,12,-40.4,837,11.6,NA,32
1992,9,16,15,-39.8,837.8,10.6,NA,32
1992,9,16,18,-38.1,838,NA,NA,25
1992,9,16,21,-40,836.4,NA,NA,26
1992,9,17,0,-38.6,836.8,NA,NA,25
1992,9,17,3,-37,836.8,NA,NA,25
1992,9,17,6,-37.8,836.4,14.8,NA,26
1992,9,17,9,-38.1,835.6,12.1,NA,24
1992,9,17,12,-37.9,834.1,10.1,NA,26
1992,9,17,15,-39.1,833.6,12.8,NA,25
1992,9,17,18,-42.1,833.7,11.4,NA,25
1992,9,17,21,NA,832.4,NA,NA,33
1992,9,18,0,-45.3,833.1,16.1,NA,33
1992,9,18,3,-44.6,832.8,13.6,NA,34
1992,9,18,6,-45.6,833,11.4,NA,34
1992,9,18,9,-45.9,833,10.9,NA,34
1992,9,18,12,-46.3,832.9,14.3,NA,32
1992,9,18,15,-45.8,833.7,9.9,NA,31
1992,9,18,18,-44.6,834.9,10.4,NA,32
1992,9,18,21,-43.4,836,8.6,NA,33
1992,9,19,0,-40.6,837.1,10.1,NA,31
1992,9,19,3,NA,837.9,7.7,NA,31
1992,9,19,6,-40.6,838,9.9,NA,32
1992,9,19,9,-42.4,838.5,10.9,NA,32
1992,9,19,12,-43.9,838.5,12.1,NA,30
1992,9,19,15,-44.3,838.4,13.8,NA,36
1992,9,19,18,-43.9,838.3,11.9,NA,33
1992,9,19,21,-43,838.7,11.4,NA,31
1992,9,20,0,-41,839.6,9.6,NA,34
1992,9,20,3,-39.5,840.4,10.6,NA,31
1992,9,20,6,-38.5,841.5,NA,NA,35
1992,9,20,9,-39.8,843.4,NA,NA,37
1992,9,20,12,-36.8,845.4,NA,NA,43
1992,9,20,15,-36.8,847.4,NA,NA,43
1992,9,20,18,-36.4,850,NA,NA,43
1992,9,20,21,-35,852.5,NA,NA,45
1992,9,21,0,-33.1,854.4,NA,NA,38
1992,9,21,3,-34.6,855.3,NA,NA,35
1992,9,21,6,-36.8,856.2,NA,NA,37
1992,9,21,9,-38.5,856.5,4.9,296,39
1992,9,21,12,-38.1,856.4,5.9,NA,42
1992,9,21,15,-38.6,855.9,8.4,NA,41
1992,9,21,18,-39.1,855.3,8.9,NA,41
1992,9,21,21,-37.9,854.4,9.6,NA,41
1992,9,22,0,-37.1,853.5,10.4,NA,42
1992,9,22,3,-35.9,851.5,9.9,NA,43
1992,9,22,6,-36.1,850.9,10.9,NA,43
1992,9,22,9,-37.6,850.7,11.6,NA,42
1992,9,22,12,-40.4,850.7,12.8,NA,40
1992,9,22,15,-41.6,849.4,13.6,NA,39
1992,9,22,18,-41.6,848.4,15.6,NA,39
1992,9,22,21,-40.8,848,14.8,NA,40
1992,9,23,0,-40.1,847,14.3,NA,41
1992,9,23,3,-39.4,845.1,16.5,NA,41
1992,9,23,6,-40.4,844.8,12.3,NA,40
1992,9,23,9,-42.8,843.3,NA,NA,38
1992,9,23,12,-44,842.5,NA,NA,37
1992,9,23,15,-44.5,840.3,15.6,NA,37
1992,9,23,18,-44.6,838.1,12.8,NA,37
1992,9,23,21,-42.4,836.8,15.8,NA,38
1992,9,24,0,-39.9,835,12.1,294,41
1992,9,24,3,-38.6,834.3,14.1,NA,41
1992,9,24,6,-40.5,834,12.1,NA,40
1992,9,24,9,-41.8,834.4,11.9,NA,38
1992,9,24,12,-38.8,833.9,10.9,NA,37
1992,9,24,15,NA,834,11.1,NA,46
1992,9,24,18,NA,834.7,NA,NA,49
1992,9,24,21,NA,835.8,NA,NA,51
1992,9,25,0,NA,836.2,1.2,NA,54
1992,9,25,3,NA,836.8,1.7,NA,55
1992,9,25,6,-21.9,837.9,2.7,NA,55
1992,9,25,9,NA,838.8,NA,NA,52
1992,9,25,12,NA,838.6,NA,NA,49
1992,9,25,15,-30.9,838.1,NA,NA,49
1992,9,25,18,-31.4,838.7,NA,NA,48
1992,9,25,21,-31.1,838.3,NA,NA,48
1992,9,26,0,-30.9,838.7,NA,NA,48
1992,9,26,3,-30.4,838.1,9.6,NA,49
1992,9,26,6,-31.8,838.3,11.1,NA,48
1992,9,26,9,-33.6,838.6,10.6,NA,46
1992,9,26,12,-35.6,839.1,11.6,NA,45
1992,9,26,15,-37,838.9,13.8,NA,43
1992,9,26,18,-37.9,837.6,16.3,NA,42
1992,9,26,21,-38.6,836.4,14.3,NA,42
1992,9,27,0,-38.3,835.2,NA,NA,43
1992,9,27,3,-37.5,835.1,17.5,NA,43
1992,9,27,6,-37.8,834.8,NA,NA,43
1992,9,27,9,-40.1,835.2,NA,NA,41
1992,9,27,12,-41,835.8,15.1,NA,40
1992,9,27,15,-41.9,836.2,13.3,NA,39
1992,9,27,18,-38.5,836.4,NA,NA,42
1992,9,27,21,NA,836.9,9.6,NA,44
1992,9,28,0,-34.5,837.7,7.2,NA,45
1992,9,28,3,-31.4,838.1,NA,NA,44
1992,9,28,6,NA,838.2,NA,0,47
1992,9,28,9,-28.8,838.4,NA,NA,50
1992,9,28,12,-29.6,838.6,NA,NA,48
1992,9,28,15,-30,838.4,1.5,294,48
1992,9,28,18,-30.6,838.2,2.5,NA,48
1992,9,28,21,-34.5,838.8,NA,NA,44
1992,9,29,0,-35,839.3,NA,NA,43
1992,9,29,3,-35.4,839,10.6,NA,43
1992,9,29,6,-38,838.2,12.3,NA,42
1992,9,29,9,-39.5,837.8,11.1,NA,41
1992,9,29,12,-41.3,836.7,12.1,NA,40
1992,9,29,15,NA,NA,NA,NA,NA
1992,9,29,18,NA,NA,NA,NA,NA
1992,9,29,21,-41.4,833.7,14.3,294,40
1992,9,30,0,-38.4,835.2,13.6,NA,42
1992,9,30,3,-39.1,836.5,11.6,NA,41
1992,9,30,6,-41.9,838,11.1,NA,39
1992,9,30,9,NA,839.6,14.3,NA,37
1992,9,30,12,NA,NA,NA,NA,NA
1992,9,30,15,NA,NA,NA,NA,NA
1992,9,30,18,NA,NA,NA,NA,NA
1992,9,30,21,NA,NA,NA,NA,NA
