Year,Month,Day,Temperature(¡æ),wt_T,Pressure(hPa),wt_P,Wind Speed(m/s),wt_WS,Wind Direction,wt_WD,Relative Humidity(%),wt_RH,Vector Wind Speed(m/s),Vector Wind Direction(¡ã),wt_V
1992,1,1,NA,0,NA,0,NA,0,NA,0,NA,0,NA,NA,0
1992,1,2,NA,0,NA,0,NA,0,NA,0,NA,0,NA,NA,0
1992,1,3,NA,0,NA,0,NA,0,NA,0,NA,0,NA,NA,0
1992,1,4,NA,0,NA,0,NA,0,NA,0,NA,0,NA,NA,0
1992,1,5,NA,0.125,NA,0,NA,0.25,NA,0.25,NA,0.25,NA,NA,0.25
1992,1,6,NA,0.625,NA,0,1.82,0.75,278.5,0.75,93.14,0.875,1.16,307.57,0.75
1992,1,7,2.84,0.875,NA,0,NA,0.25,119.25,1,82.75,1,NA,NA,0.25
1992,1,8,NA,0.375,NA,0,2.12,0.75,262.83,0.75,91.71,0.875,1.33,346.7,0.75
1992,1,9,3.72,0.75,NA,0,3.16,0.875,127.25,1,75.38,1,1.76,101.7,0.875
1992,1,10,NA,0.625,NA,0,2.38,0.75,102.5,0.75,76.63,1,0.43,73.57,0.75
1992,1,11,NA,0.625,NA,0,3.3,1,295.12,1,86.57,0.875,3,312.28,1
1992,1,12,1.28,0.75,NA,0,NA,0.5,NA,0.5,85.57,0.875,NA,NA,0.5
1992,1,13,NA,0.5,NA,0,2.5,0.875,250.62,1,87.25,1,2.4,252.33,0.875
1992,1,14,0.22,0.75,NA,0,3.03,0.875,174.29,0.875,87.29,0.875,1.36,224.75,0.875
1992,1,15,0.9,1,NA,0,5.24,0.875,242,1,90.14,0.875,4.84,267.59,0.875
1992,1,16,1.65,0.75,NA,0,NA,0.375,NA,0.375,79.13,1,NA,NA,0.375
1992,1,17,NA,0.625,NA,0,NA,0.5,NA,0.5,NA,0.25,NA,NA,0.5
1992,1,18,2.45,0.75,NA,0,NA,0.625,NA,0.625,78.88,1,NA,NA,0.625
1992,1,19,NA,0.5,NA,0,NA,0.625,NA,0.625,90.57,0.875,NA,NA,0.625
1992,1,20,0.2,0.875,NA,0,NA,0.375,NA,0.375,89.71,0.875,NA,NA,0.375
1992,1,21,1.78,1,NA,0,NA,0.625,145.5,1,61.25,1,NA,NA,0.625
1992,1,22,2.55,1,NA,0,NA,0.625,106,1,79.71,0.875,NA,NA,0.625
1992,1,23,4.4,1,NA,0,NA,0.375,133.25,1,85.29,0.875,NA,NA,0.375
1992,1,24,3.43,1,NA,0,NA,0.25,104.25,1,88.25,1,NA,NA,0.25
1992,1,25,2.84,1,NA,0,6.36,1,137.25,1,92.67,0.75,6.18,2.92,1
1992,1,26,NA,0.5,NA,0,2.47,0.875,208.43,0.875,91.29,0.875,0.87,3.01,0.875
1992,1,27,NA,0.375,NA,0,NA,0.5,NA,0.5,NA,0.625,NA,NA,0.5
1992,1,28,0.87,0.75,NA,0,3.1,1,269.5,1,90.5,0.75,2.71,285.55,1
1992,1,29,2.13,1,NA,0,NA,0.5,102.43,0.875,83,1,NA,NA,0.5
1992,1,30,3.05,0.75,NA,0,NA,0.375,127,0.875,85.57,0.875,NA,NA,0.375
1992,1,31,2.93,0.875,NA,0,NA,0.125,NA,0.625,85.67,0.75,NA,NA,0.125
1992,2,1,3.23,1,NA,0,NA,0.375,110.57,0.875,85.14,0.875,NA,NA,0.375
1992,2,2,2.98,1,NA,0,NA,0.375,139.12,1,78.13,1,NA,NA,0.375
1992,2,3,1.29,1,NA,0,4.46,0.875,285.38,1,91.13,1,4.33,334.58,0.875
1992,2,4,3.36,1,NA,0,NA,0.25,88.88,1,76.13,1,NA,NA,0.25
1992,2,5,2.31,0.875,NA,0,NA,0.625,209.43,0.875,78.5,0.75,NA,NA,0.625
1992,2,6,3.21,1,NA,0,NA,0.25,91.12,1,77.5,1,NA,NA,0.25
1992,2,7,1.75,1,NA,0,NA,0.5,177.14,0.875,85.38,1,NA,NA,0.5
1992,2,8,0.63,0.875,NA,0,3.12,1,284.5,1,91,1,2.78,333.96,1
1992,2,9,NA,0.625,NA,0,2.19,1,252.38,1,75.25,1,1.83,264.28,1
1992,2,10,NA,0.5,NA,0,3.2,0.875,232.29,0.875,74.57,0.875,3.17,233.17,0.875
1992,2,11,-0.83,0.875,NA,0,3.31,1,251.75,1,78,1,3.24,249.59,1
1992,2,12,-0.13,0.75,NA,0,3.24,0.875,165.12,1,76.5,1,0.81,70.25,0.875
1992,2,13,-0.36,1,NA,0,9.04,0.875,115.38,1,63.5,1,8.75,115.65,0.875
1992,2,14,NA,0.5,NA,0,1.98,1,206.25,1,64.75,1,0.9,340.27,1
1992,2,15,0.59,0.875,NA,0,NA,0.25,NA,0.375,65.88,1,NA,NA,0.25
1992,2,16,0.97,1,NA,0,5.14,0.875,124.25,1,44.88,1,4.4,110.55,0.875
1992,2,17,-0.61,0.875,NA,0,4.84,0.875,187,0.875,76.13,1,3.76,268.56,0.875
1992,2,18,0.09,1,NA,0,3.89,0.875,221.38,1,89.14,0.875,2.54,303.54,0.875
1992,2,19,0.45,0.75,NA,0,NA,0.5,NA,0.625,NA,0,NA,NA,0.5
1992,2,20,0.4,1,NA,0,NA,0.625,191.71,0.875,NA,0.625,NA,NA,0.625
1992,2,21,NA,0.375,NA,0,2.17,0.875,184.86,0.875,82.88,1,1.09,300.35,0.875
1992,2,22,0.41,1,NA,0,NA,0.375,149.29,0.875,88.63,1,NA,NA,0.375
1992,2,23,-0.5,0.875,NA,0,NA,0.625,253.71,0.875,NA,0.625,NA,NA,0.625
1992,2,24,NA,0.625,NA,0,2.5,0.875,144.12,1,71.38,1,0.59,194.84,0.875
1992,2,25,NA,0.625,NA,0,NA,0.625,223.25,1,75.14,0.875,NA,NA,0.625
1992,2,26,1.23,0.875,NA,0,2.68,0.75,251.83,0.75,82.5,1,0.49,39.91,0.75
1992,2,27,NA,0.25,NA,0,1.44,0.875,223.14,0.875,69.75,1,0.41,2.5,0.875
1992,2,28,NA,0.625,NA,0,NA,0.375,NA,0.5,65,0.875,NA,NA,0.375
1992,2,29,NA,0.625,NA,0,NA,0.625,113.57,0.875,70.43,0.875,NA,NA,0.625
1992,3,1,1.15,1,NA,0,NA,0.5,110.29,0.875,74.38,1,NA,NA,0.5
1992,3,2,3.76,1,NA,0,NA,0.5,60,1,82.38,1,NA,NA,0.5
1992,3,3,5.85,1,NA,0,NA,0.25,74.12,1,73.29,0.875,NA,NA,0.25
1992,3,4,6.1,1,NA,0,NA,0.125,83.12,1,79.25,1,NA,NA,0.125
1992,3,5,4.39,0.875,NA,0,NA,0.375,79.83,0.75,74.14,0.875,NA,NA,0.375
1992,3,6,2.43,1,NA,0,NA,0.625,45.5,1,77.38,1,NA,NA,0.625
1992,3,7,1.64,1,NA,0,5.96,0.875,115.38,1,88.25,1,4.38,50.93,0.875
1992,3,8,-0.14,1,NA,0,4.28,0.75,307.43,0.875,NA,0.625,3.89,310.47,0.75
1992,3,9,-0.01,0.875,NA,0,5.57,0.875,261.86,0.875,84,0.875,5.32,260,0.875
1992,3,10,-0.85,1,NA,0,3.37,0.875,220,0.875,76.88,1,3.27,223.36,0.875
1992,3,11,-0.44,1,NA,0,3.44,0.875,227.12,1,86.5,1,3.34,229.14,0.875
1992,3,12,-0.01,1,NA,0,4.76,1,284,1,96.71,0.875,4.56,281.14,1
1992,3,13,-0.04,0.875,NA,0,6.44,0.875,240.71,0.875,NA,0.625,5.1,289.24,0.875
1992,3,14,-0.21,0.875,NA,0,5.01,0.875,288,0.875,NA,0.25,3.51,280.52,0.875
1992,3,15,-0.85,1,NA,0,4.4,0.75,245.12,1,95.5,0.75,3.45,292.28,0.75
1992,3,16,-1.88,1,NA,0,2.51,0.875,115,1,87.38,1,1.48,342.68,0.875
1992,3,17,-3.16,1,NA,0,NA,0.5,187.25,1,79.63,1,NA,NA,0.5
1992,3,18,-3.43,1,NA,0,4.16,1,37.25,1,75.25,1,4.08,38.77,1
1992,3,19,-3.84,1,NA,0,5.53,1,69.75,1,64.63,1,5.29,69.53,1
1992,3,20,-4.83,0.875,NA,0,3.11,0.875,168.62,1,55.88,1,1.55,122.06,0.875
1992,3,21,-3.29,1,NA,0,4.9,0.875,215.43,0.875,73.63,1,4.55,242.06,0.875
1992,3,22,-1.35,1,NA,0,NA,0.625,255.83,0.75,91.5,0.75,NA,NA,0.625
1992,3,23,-1.17,0.875,NA,0,NA,0.25,NA,0.25,NA,0.375,NA,NA,0.25
1992,3,24,-2.13,0.875,NA,0,5.93,0.75,152.86,0.875,81,0.875,0.89,169.67,0.75
1992,3,25,-1.05,1,NA,0,NA,0.375,126.17,0.75,81.38,1,NA,NA,0.375
1992,3,26,-2.66,1,NA,0,NA,0.5,113.62,1,79.88,1,NA,NA,0.5
1992,3,27,-3.89,0.875,NA,0,NA,0.5,213,0.875,79.86,0.875,NA,NA,0.5
1992,3,28,-1.78,1,NA,0,NA,0.5,200.17,0.75,88,0.875,NA,NA,0.5
1992,3,29,-2,1,NA,0,1.93,0.75,99.83,0.75,90,1,1.21,113.16,0.75
1992,3,30,-0.64,1,NA,0,NA,0.5,NA,0.5,NA,0.25,NA,NA,0.5
1992,3,31,-0.44,1,NA,0,3.33,0.75,148,0.75,95,0.75,1.99,125.05,0.75
1992,4,1,0.16,0.875,NA,0,NA,0.5,NA,0.625,NA,0.5,NA,NA,0.5
1992,4,2,-0.21,0.875,NA,0,NA,0.375,156,0.75,NA,0.5,NA,NA,0.375
1992,4,3,-0.44,1,NA,0,NA,0.375,77.75,1,83.5,1,NA,NA,0.375
1992,4,4,0.69,1,NA,0,NA,0.625,100.88,1,82.75,1,NA,NA,0.625
1992,4,5,3.68,1,NA,0,NA,0.375,74.38,1,81,0.75,NA,NA,0.375
1992,4,6,-0.47,0.875,NA,0,1.88,0.75,235.29,0.875,NA,0.25,1.48,329.36,0.75
1992,4,7,2.29,1,NA,0,NA,0.125,147.86,0.875,81,0.875,NA,NA,0.125
1992,4,8,0.36,1,NA,0,NA,0.5,10.62,1,79.63,1,NA,NA,0.5
1992,4,9,0.05,1,NA,0,4.31,0.875,104,1,88.25,1,0.55,19.43,0.875
1992,4,10,-1.83,1,NA,0,2.44,0.875,129.86,0.875,79.13,1,1.07,233.55,0.875
1992,4,11,-2.79,0.875,NA,0,1.59,0.875,118,0.875,75,0.875,1.3,55.67,0.875
1992,4,12,-4.26,0.875,NA,0,NA,0.375,NA,0.625,73.88,1,NA,NA,0.375
1992,4,13,2,1,NA,0,NA,0.5,89.75,1,74.63,1,NA,NA,0.5
1992,4,14,0.71,1,NA,0,7.97,0.75,113.75,1,85.67,0.75,7.09,20.66,0.75
1992,4,15,-0.58,1,NA,0,2.23,0.875,265.86,0.875,91,1,1.88,257.99,0.875
1992,4,16,-2.91,0.875,NA,0,4.11,0.875,231.57,0.875,80.71,0.875,3.88,230.58,0.875
1992,4,17,-3.63,1,NA,0,NA,0.625,NA,0.625,81,1,NA,NA,0.625
1992,4,18,-3.47,1,NA,0,1.82,0.75,181.62,1,89.75,1,0.95,236.29,0.75
1992,4,19,-2.2,1,NA,0,NA,0.5,NA,0.5,90.75,1,NA,NA,0.5
1992,4,20,-4.11,0.875,NA,0,NA,0.5,NA,0.5,97.43,0.875,NA,NA,0.5
1992,4,21,-4.56,1,NA,0,2.37,0.875,198.25,1,89.25,1,0.11,5.29,0.875
1992,4,22,0.07,1,NA,0,NA,0.625,143,0.75,82.88,1,NA,NA,0.625
1992,4,23,-0.16,1,NA,0,NA,0.25,NA,0.25,NA,0.5,NA,NA,0.25
1992,4,24,-0.64,1,NA,0,NA,0.125,NA,0.125,NA,0,NA,NA,0.125
1992,4,25,-1.69,0.875,NA,0,NA,0.625,194.14,0.875,82.71,0.875,NA,NA,0.625
1992,4,26,2.3,1,NA,0,NA,0,51.75,1,NA,0.5,NA,NA,0
1992,4,27,2,1,NA,0,2.73,0.75,251.14,0.875,87,0.875,1.16,173.97,0.75
1992,4,28,-1,1,NA,0,NA,0.625,236.5,0.75,NA,0.375,NA,NA,0.625
1992,4,29,-2.13,0.875,NA,0,2,0.75,219.83,0.75,91.86,0.875,1.2,245.76,0.75
1992,4,30,-3.57,1,NA,0,4.06,0.875,88,1,72.13,1,3.9,88.79,0.875
1992,5,1,-3.6,1,NA,0,1.91,0.875,114.29,0.875,71.13,1,1.23,84.91,0.875
1992,5,2,-3.59,1,NA,0,2.36,0.875,109.71,0.875,89.63,1,0.72,18.41,0.875
1992,5,3,-4.76,1,NA,0,3.35,0.75,163.71,0.875,79.75,1,0.63,291.94,0.75
1992,5,4,-5.01,1,NA,0,2.43,0.75,162.67,0.75,81.63,1,1.4,207.99,0.75
1992,5,5,-4.9,0.875,NA,0,NA,0.625,NA,0.625,76.71,0.875,NA,NA,0.625
1992,5,6,-4.55,1,NA,0,NA,0.625,NA,0.625,82.5,1,NA,NA,0.625
1992,5,7,-2.69,1,NA,0,NA,0.625,202,0.75,NA,0.625,NA,NA,0.625
1992,5,8,-5.23,1,NA,0,3.37,0.875,256.29,0.875,93.63,1,3.25,256.62,0.875
1992,5,9,-2.76,1,NA,0,3.89,0.875,274.25,1,90.5,0.75,3.4,332.39,0.875
1992,5,10,-0.38,1,NA,0,3.42,1,219.88,1,NA,0,3.38,355.65,1
1992,5,11,-1.06,1,NA,0,1.57,1,300.38,1,NA,0,1.56,345.19,1
1992,5,12,-3.57,1,NA,0,1.2,0.75,130.67,0.75,NA,0.125,1.07,7.83,0.75
1992,5,13,-3.05,1,NA,0,NA,0.5,NA,0.5,NA,0.625,NA,NA,0.5
1992,5,14,0.29,0.875,NA,0,NA,0.5,148.67,0.75,NA,0.625,NA,NA,0.5
1992,5,15,-4.59,1,NA,0,NA,0.375,NA,0.375,82.86,0.875,NA,NA,0.375
1992,5,16,-1.06,1,NA,0,3.75,0.75,129.17,0.75,75.75,1,2.56,137.27,0.75
1992,5,17,-2.18,1,NA,0,1.68,0.75,189.17,0.75,88.63,1,0.21,1.57,0.75
1992,5,18,-3.99,0.875,NA,0,NA,0.375,142.5,0.75,76.29,0.875,NA,NA,0.375
1992,5,19,-3.94,1,NA,0,NA,0.5,147.43,0.875,80.13,1,NA,NA,0.5
1992,5,20,-5.78,1,NA,0,2.96,0.875,78,0.875,79.13,1,2.74,25.14,0.875
1992,5,21,-7.37,0.875,NA,0,3.66,0.875,41.71,0.875,75.14,0.875,3.34,36.42,0.875
1992,5,22,-8.76,1,NA,0,2.23,0.875,72.57,0.875,61.38,1,1.93,81.85,0.875
1992,5,23,-8.55,1,NA,0,3.43,0.875,54,0.875,68.38,1,3.32,48.32,0.875
1992,5,24,-8.56,1,NA,0,2.78,0.75,64.57,0.875,68.88,1,2.59,49.45,0.75
1992,5,25,-7.34,1,NA,0,NA,0.5,64.12,1,72.5,1,NA,NA,0.5
1992,5,26,-7.12,1,NA,0,3.21,1,111.25,1,78.25,1,0.64,130.71,1
1992,5,27,-10.76,1,NA,0,2.81,0.875,72.29,0.875,58.88,1,2.56,74.33,0.875
1992,5,28,-11.47,0.875,NA,0,3.45,0.75,70.14,0.875,60.33,0.75,3.4,68.21,0.75
1992,5,29,-9.03,1,NA,0,2.81,1,92.12,1,73.38,1,2.51,90.48,1
1992,5,30,-9.25,1,NA,0,2.89,1,120.88,1,72.75,1,2.18,116.47,1
1992,5,31,-9.36,1,NA,0,2.8,0.875,88.43,0.875,59.25,1,1.92,72.31,0.875
1992,6,1,-5.93,1,NA,0,4.01,0.875,18.38,1,70.88,1,3.95,21.97,0.875
1992,6,2,-5.65,1,NA,0,3.2,1,88.12,1,75.5,1,2.4,22.24,1
1992,6,3,-8.67,1,NA,0,1.36,0.875,183.14,0.875,95.25,1,0.91,214.22,0.875
1992,6,4,-8.58,1,NA,0,1.44,0.875,183.43,0.875,97,1,0.76,172.86,0.875
1992,6,5,-9.15,1,NA,0,NA,0.625,NA,0.625,95.5,1,NA,NA,0.625
1992,6,6,-7.56,0.875,NA,0,2.3,0.75,120,1,91.38,1,1.34,319.21,0.75
1992,6,7,-1.73,0.875,NA,0,NA,0.625,188.86,0.875,96,0.75,NA,NA,0.625
1992,6,8,-3.69,1,NA,0,NA,0.625,76.14,0.875,90.13,1,NA,NA,0.625
1992,6,9,-5.54,1,NA,0,1.37,0.75,68.67,0.75,93,1,1.36,69.88,0.75
1992,6,10,-5.15,1,NA,0,1.23,0.75,106,0.75,92.25,1,1.11,99.62,0.75
1992,6,11,-2.7,1,NA,0,2,0.875,169.57,0.875,93.75,1,1.93,141.99,0.875
1992,6,12,-3.09,1,NA,0,1.5,0.875,99.86,0.875,81.5,1,1.1,53.5,0.875
1992,6,13,-3,1,NA,0,1.12,0.75,36,0.75,80.38,1,1.03,26.82,0.75
1992,6,14,-2.84,1,NA,0,NA,0.625,NA,0.625,91.5,1,NA,NA,0.625
1992,6,15,-3.18,1,NA,0,NA,0.25,NA,0.25,94.13,1,NA,NA,0.25
1992,6,16,-4.01,0.875,NA,0,NA,0.375,NA,0.625,90.29,0.875,NA,NA,0.375
1992,6,17,-7.59,1,NA,0,1.46,0.875,90.43,0.875,84.88,1,1.27,47.34,0.875
1992,6,18,-6.76,1,NA,0,5.13,0.75,146.62,1,85.63,1,3.31,349.17,0.75
1992,6,19,NA,0.5,NA,0,9.67,0.875,258.12,1,79.75,1,8.01,258.82,0.875
1992,6,20,-11.68,1,NA,0,5.39,0.875,169.88,1,73.13,1,4.4,249.46,0.875
1992,6,21,-9.59,1,NA,0,1.99,1,63.12,1,67.25,1,1.65,68.96,1
1992,6,22,-8.99,1,NA,0,3.75,0.75,103,0.75,71,1,2.55,83.39,0.75
1992,6,23,-10.39,1,NA,0,4.4,0.875,233.86,0.875,84.63,1,4.03,271.53,0.875
1992,6,24,-11.28,1,NA,0,NA,0.625,217.14,0.875,90.13,1,NA,NA,0.625
1992,6,25,-10.21,0.875,NA,0,2.35,0.75,267.57,0.875,91.29,0.875,1.39,337.74,0.75
1992,6,26,-12.54,0.875,NA,0,5.87,0.75,186,0.875,70,0.875,4.01,195.08,0.75
1992,6,27,-16.63,1,NA,0,3.57,1,232.88,1,87.88,1,2.75,315.29,1
1992,6,28,-15.69,0.875,NA,0,NA,0.25,99.75,1,68.38,1,NA,NA,0.25
1992,6,29,-12.96,1,NA,0,1.56,0.875,63.5,1,86.75,1,1.51,6.96,0.875
1992,6,30,-14.67,0.875,NA,0,2.25,0.75,316.17,0.75,91.14,0.875,1.74,295.08,0.75
1992,7,1,-15.1,0.75,NA,0,2.6,0.75,158.83,0.75,NA,0.625,1.14,308.2,0.75
1992,7,2,-13.46,1,NA,0,1.54,0.875,112.14,0.875,87.63,1,1.06,31.3,0.875
1992,7,3,-10.66,1,NA,0,3.28,0.75,59.33,0.75,84.25,1,3.08,60.4,0.75
1992,7,4,-10.39,1,NA,0,NA,0.5,NA,0.5,90.13,1,NA,NA,0.5
1992,7,5,-7.33,0.875,NA,0,NA,0.625,NA,0.625,93.29,0.875,NA,NA,0.625
1992,7,6,-13.75,0.75,NA,0,3.97,1,286,1,88.13,1,3.67,332.87,1
1992,7,7,-15.53,1,NA,0,NA,0.625,NA,0.625,77.75,1,NA,NA,0.625
1992,7,8,-13.82,0.75,NA,0,NA,0.625,NA,0.625,87.5,0.75,NA,NA,0.625
1992,7,9,-12.69,0.875,NA,0,NA,0.375,NA,0.625,68.57,0.875,NA,NA,0.375
1992,7,10,-13.85,0.75,NA,0,NA,0.375,NA,0.375,88.67,0.75,NA,NA,0.375
1992,7,11,-8.61,1,NA,0,NA,0.125,NA,0.125,95.38,1,NA,NA,0.125
1992,7,12,-13.6,0.875,NA,0,NA,0,NA,0,92.5,1,NA,NA,0
1992,7,13,-17.11,0.875,NA,0,NA,0,NA,0,90.14,0.875,NA,NA,0
1992,7,14,NA,0.625,NA,0,NA,0.125,NA,0.125,91.75,1,NA,NA,0.125
1992,7,15,-2.44,0.875,NA,0,6.92,0.75,191.25,1,93.5,1,3.91,20.76,0.75
1992,7,16,-1.31,1,NA,0,3.6,0.75,169.25,1,NA,0.375,2.45,296.61,0.75
1992,7,17,-0.23,1,NA,0,NA,0.25,149.43,0.875,NA,0,NA,NA,0.25
1992,7,18,-1.13,1,NA,0,5.97,0.875,265.75,1,NA,0,5.74,357.78,0.875
1992,7,19,-3.46,0.875,NA,0,NA,0.625,NA,0.625,NA,0,NA,NA,0.625
1992,7,20,-6.37,0.75,NA,0,2.83,0.875,178.86,0.875,NA,0.625,2.33,326.73,0.875
1992,7,21,-3.44,1,NA,0,NA,0.5,NA,0.5,NA,0,NA,NA,0.5
1992,7,22,0.84,1,NA,0,NA,0.5,118.12,1,NA,0.5,NA,NA,0.5
1992,7,23,-0.24,1,NA,0,NA,0.25,210.5,1,NA,0,NA,NA,0.25
1992,7,24,0.86,1,NA,0,11.49,0.875,263.12,1,NA,0,11.31,348.7,0.875
1992,7,25,-3.81,1,NA,0,NA,0.5,207.62,1,NA,0,NA,NA,0.5
1992,7,26,-4.65,1,NA,0,NA,0.5,201.75,1,NA,0,NA,NA,0.5
1992,7,27,-8.51,0.875,NA,0,NA,0.625,202.14,0.875,97.75,1,NA,NA,0.625
1992,7,28,-10.78,1,NA,0,2.53,0.75,243.38,1,95,0.875,1.19,297.28,0.75
1992,7,29,-15.69,0.875,NA,0,2.09,0.875,193.86,0.875,92.5,1,1.36,343.66,0.875
1992,7,30,-11.31,1,NA,0,3.45,0.75,301.71,0.875,94.5,1,3.05,303.74,0.75
1992,7,31,-3.16,0.875,NA,0,5.92,1,319.12,1,NA,0.5,5.41,314.96,1
1992,8,1,-16.45,0.75,NA,0,3.39,0.875,232.57,0.875,89.25,1,3.05,324.54,0.875
1992,8,2,-12.61,1,NA,0,NA,0.625,NA,0.625,91.13,1,NA,NA,0.625
1992,8,3,-8.65,1,NA,0,NA,0.5,NA,0.5,97.13,1,NA,NA,0.5
1992,8,4,-10.37,0.75,NA,0,NA,0.625,NA,0.625,96.63,1,NA,NA,0.625
1992,8,5,NA,0.5,NA,0,NA,0.25,NA,0.625,NA,0.375,NA,NA,0.25
1992,8,6,0.18,1,NA,0,NA,0.125,80.29,0.875,82.67,0.75,NA,NA,0.125
1992,8,7,-2.27,0.875,NA,0,3.65,0.75,281.43,0.875,94.57,0.875,3.41,345.67,0.75
1992,8,8,-13.62,0.75,NA,0,2.6,1,257.88,1,90.29,0.875,2.55,345.86,1
1992,8,9,-17.01,0.875,NA,0,2.37,0.875,234.29,0.875,90.75,1,2.07,340.79,0.875
1992,8,10,NA,0.625,NA,0,3,0.875,183.43,0.875,85.5,1,2.09,152.67,0.875
1992,8,11,-9.07,0.75,NA,0,NA,0.5,NA,0.5,86,1,NA,NA,0.5
1992,8,12,-6.07,0.75,NA,0,NA,0.625,98.14,0.875,86.38,1,NA,NA,0.625
1992,8,13,-1.24,0.875,NA,0,NA,0.5,149.5,0.75,80.5,1,NA,NA,0.5
1992,8,14,2.2,1,NA,0,NA,0.625,76.38,1,81.43,0.875,NA,NA,0.625
1992,8,15,1.1,1,NA,0,10.26,0.875,26.5,1,87,0.75,10.09,28.32,0.875
1992,8,16,-1.54,0.875,NA,0,NA,0.625,121.83,0.75,88.43,0.875,NA,NA,0.625
1992,8,17,-1.64,1,NA,0,5.53,0.75,99.75,1,84.38,1,4.32,57.84,0.75
1992,8,18,-0.51,1,NA,0,NA,0.25,96.38,1,75.5,0.75,NA,NA,0.25
1992,8,19,-0.22,1,NA,0,NA,0.125,65.5,1,84.29,0.875,NA,NA,0.125
1992,8,20,-0.77,1,NA,0,8.88,0.75,97.62,1,92.75,1,8.61,12.45,0.75
1992,8,21,-4.2,0.875,NA,0,3.71,0.875,202.29,0.875,91.71,0.875,3.19,350.39,0.875
1992,8,22,-0.91,1,NA,0,NA,0.5,111.14,0.875,81.38,1,NA,NA,0.5
1992,8,23,-4.48,1,NA,0,NA,0.25,75,0.75,89.29,0.875,NA,NA,0.25
1992,8,24,-4.77,0.875,NA,0,NA,0.5,115.12,1,69.57,0.875,NA,NA,0.5
1992,8,25,-6.28,1,NA,0,NA,0.625,143.62,1,80.75,1,NA,NA,0.625
1992,8,26,-7.96,1,NA,0,4.08,1,243.38,1,87.88,1,3.16,273.74,1
1992,8,27,-4.49,0.875,NA,0,NA,0.5,277.5,1,93.13,1,NA,NA,0.5
1992,8,28,-2.24,1,NA,0,7.68,1,330,1,96.38,1,7.35,329.95,1
1992,8,29,NA,0.5,NA,0,NA,0.375,206.12,1,81.38,1,NA,NA,0.375
1992,8,30,-17.99,0.875,NA,0,2.92,0.75,262,0.75,70.57,0.875,2.24,229.66,0.75
1992,8,31,-7.3,0.75,NA,0,1.9,1,247,1,89.63,1,1.45,341.69,1
1992,9,1,0,0.75,NA,0,NA,0.375,44.38,1,NA,0.625,NA,NA,0.375
1992,9,2,-1.11,0.875,NA,0,NA,0.625,296.67,0.75,97.43,0.875,NA,NA,0.625
1992,9,3,-0.86,1,NA,0,3.26,0.875,134.14,0.875,NA,0.625,3.12,140.96,0.875
1992,9,4,1.06,0.875,NA,0,NA,0.5,155.5,1,84.88,1,NA,NA,0.5
1992,9,5,NA,0.625,NA,0,NA,0.375,178.88,1,86.38,1,NA,NA,0.375
1992,9,6,-10.73,0.875,NA,0,NA,0.375,124.25,1,77.13,1,NA,NA,0.375
1992,9,7,-12.1,1,NA,0,2.05,1,182.12,1,85,1,1.09,345.14,1
1992,9,8,0.83,0.75,NA,0,NA,0.375,92.25,1,77.13,1,NA,NA,0.375
1992,9,9,1.13,0.875,NA,0,12.58,0.75,17,0.875,NA,0.125,12.46,17.88,0.75
1992,9,10,-1.74,1,NA,0,NA,0.25,129.88,1,NA,0,NA,NA,0.25
1992,9,11,0.13,1,NA,0,NA,0.5,133.25,1,NA,0.375,NA,NA,0.5
1992,9,12,1.23,1,NA,0,NA,0.375,58.25,1,NA,0.125,NA,NA,0.375
1992,9,13,0.01,0.875,NA,0,11.84,0.875,81.71,0.875,NA,0.25,10.36,13.12,0.875
1992,9,14,-8.21,1,NA,0,NA,0.625,281.25,1,82.43,0.875,NA,NA,0.625
1992,9,15,-12.71,0.875,NA,0,2.68,0.75,140.43,0.875,78.13,1,0.35,318.86,0.75
1992,9,16,-2.34,0.875,NA,0,NA,0.5,51.12,1,80.5,1,NA,NA,0.5
1992,9,17,-6.43,0.75,NA,0,2.75,0.75,156.12,1,74.25,1,1.57,17.66,0.75
1992,9,18,-1.54,0.875,NA,0,NA,0.625,145.43,0.875,86.71,0.875,NA,NA,0.625
1992,9,19,0.64,1,NA,0,NA,0.5,58.12,1,79.43,0.875,NA,NA,0.5
1992,9,20,-0.11,1,NA,0,NA,0.375,160.29,0.875,93.5,0.75,NA,NA,0.375
1992,9,21,-0.98,1,NA,0,NA,0.625,NA,0.625,NA,0.375,NA,NA,0.625
1992,9,22,-1.94,1,NA,0,NA,0.625,NA,0.625,69.71,0.875,NA,NA,0.625
1992,9,23,-4.8,0.875,NA,0,2.47,0.75,101.83,0.75,73,0.875,1.9,117.47,0.75
1992,9,24,-6,1,NA,0,NA,0.625,303.71,0.875,65.13,1,NA,NA,0.625
1992,9,25,-9.99,1,NA,0,2.95,1,286.12,1,90.5,1,2.08,290.06,1
1992,9,26,-10.95,1,NA,0,NA,0.375,NA,0.375,82.13,1,NA,NA,0.375
1992,9,27,-9.97,0.875,NA,0,NA,0.375,NA,0.375,90.14,0.875,NA,NA,0.375
1992,9,28,-8.88,1,NA,0,1.76,0.875,167.14,0.875,89,1,0.62,86.69,0.875
1992,9,29,-7.14,1,NA,0,NA,0.625,50,0.875,91.5,1,NA,NA,0.625
1992,9,30,-3.91,1,NA,0,2.12,0.75,144.5,0.75,81.25,1,2.06,145.18,0.75
1992,10,1,-4.66,0.875,NA,0,NA,0.375,NA,0.5,74.63,1,NA,NA,0.375
1992,10,2,-1.76,0.875,NA,0,NA,0.5,104.29,0.875,54.29,0.875,NA,NA,0.5
1992,10,3,-3.49,1,NA,0,NA,0.375,85.33,0.75,69,1,NA,NA,0.375
1992,10,4,-2.74,1,NA,0,11.26,0.875,43.14,0.875,71,1,11.15,43.83,0.875
1992,10,5,-3.53,1,NA,0,NA,0.375,118.5,1,68.13,1,NA,NA,0.375
1992,10,6,-4.65,1,NA,0,1.93,0.75,237.17,0.75,70,1,1.33,293.65,0.75
1992,10,7,-6.74,1,NA,0,NA,0.625,NA,0.625,83.5,1,NA,NA,0.625
1992,10,8,-6.69,1,NA,0,2.23,0.875,88.29,0.875,83.75,1,1.45,22.22,0.875
1992,10,9,-3.16,1,NA,0,NA,0.375,100.12,1,72,1,NA,NA,0.375
1992,10,10,1.38,1,NA,0,NA,0.25,76.88,1,79.43,0.875,NA,NA,0.25
1992,10,11,1.84,1,NA,0,NA,0.25,47.25,1,82.38,1,NA,NA,0.25
1992,10,12,-0.26,0.875,NA,0,8.36,0.875,64.29,0.875,87,0.875,8.14,16.17,0.875
1992,10,13,0.7,0.875,NA,0,NA,0.625,90.14,0.875,72.63,1,NA,NA,0.625
1992,10,14,-0.79,1,NA,0,NA,0.5,NA,0.5,56.38,1,NA,NA,0.5
1992,10,15,-0.43,1,NA,0,NA,0.375,46,0.875,67.75,1,NA,NA,0.375
1992,10,16,-0.99,1,NA,0,NA,0.375,76.62,1,82,0.875,NA,NA,0.375
1992,10,17,0.36,1,NA,0,NA,0.5,88.88,1,NA,0.625,NA,NA,0.5
1992,10,18,0.41,1,NA,0,5.41,0.875,174.5,1,75.71,0.875,3.25,35.3,0.875
1992,10,19,0.79,1,NA,0,NA,0.625,223.38,1,90.83,0.75,NA,NA,0.625
1992,10,20,0.86,1,NA,0,NA,0.375,158,0.75,NA,0.5,NA,NA,0.375
1992,10,21,-0.81,0.875,NA,0,NA,0.625,111,0.875,76.86,0.875,NA,NA,0.625
1992,10,22,-1.2,1,NA,0,4.88,0.75,177.38,1,82.38,1,4.77,4.3,0.75
1992,10,23,-0.98,1,NA,0,3.47,0.75,113,1,73.63,1,2.18,114.82,0.75
1992,10,24,-0.18,1,NA,0,6.58,0.75,109.62,1,75.13,1,5.98,104.97,0.75
1992,10,25,-0.19,1,NA,0,NA,0.125,155.38,1,73.88,1,NA,NA,0.125
1992,10,26,-0.69,0.875,NA,0,NA,0.375,NA,0.375,85.57,0.875,NA,NA,0.375
1992,10,27,-1.48,1,NA,0,NA,0.5,177.5,0.75,89.75,1,NA,NA,0.5
1992,10,28,-3.95,1,NA,0,3.06,1,262.62,1,92.63,1,2.66,263.2,1
1992,10,29,-4.33,1,NA,0,2.96,1,256.75,1,78.38,1,2.77,251.53,1
1992,10,30,-4.77,0.875,NA,0,NA,0.625,182.17,0.75,64.29,0.875,NA,NA,0.625
1992,10,31,-2.73,1,NA,0,1.95,0.75,75.67,0.75,59.25,1,1.54,60.6,0.75
1992,11,1,-1.99,1,NA,0,1.71,0.875,237.14,0.875,75.63,1,1.13,350.28,0.875
1992,11,2,-1.63,1,NA,0,2.26,0.875,97.43,0.875,66.88,1,1.93,35.65,0.875
1992,11,3,-2.99,1,NA,0,NA,0.5,142,0.875,65.88,1,NA,NA,0.5
1992,11,4,-0.57,0.875,NA,0,NA,0.375,161,0.875,79.43,0.875,NA,NA,0.375
1992,11,5,-1.39,1,NA,0,NA,0.5,73.71,0.875,81.25,1,NA,NA,0.5
1992,11,6,-5.13,0.875,NA,0,10.17,0.875,222,1,80.57,0.875,7.67,265.15,0.875
1992,11,7,-6.67,1,NA,0,3.66,1,236.62,1,62.5,1,3.61,237.84,1
1992,11,8,-6.6,1,NA,0,4.39,1,237.75,1,65.75,1,4.29,238.19,1
1992,11,9,-5.01,1,NA,0,3.23,0.875,242.14,0.875,70.88,1,3.05,239.02,0.875
1992,11,10,-1.63,1,NA,0,2.18,0.75,251.5,0.75,87.38,1,1.86,293.81,0.75
1992,11,11,-0.41,1,NA,0,5.29,0.875,235.75,1,86.63,1,5.22,271.22,0.875
1992,11,12,0.19,1,NA,0,1.86,1,288,1,87.88,1,1.76,333.74,1
1992,11,13,1.83,0.875,NA,0,NA,0.625,56.43,0.875,82.57,0.875,NA,NA,0.625
1992,11,14,2.69,1,NA,0,NA,0.625,19.75,1,NA,0.625,NA,NA,0.625
1992,11,15,1.31,1,NA,0,9.77,0.75,226.12,1,NA,0.125,9.47,357.42,0.75
1992,11,16,1.1,1,NA,0,3.6,0.75,229.12,1,NA,0.5,2.74,336.25,0.75
1992,11,17,1.5,1,NA,0,3.15,0.75,227.43,0.875,93.75,1,1.41,323.72,0.75
1992,11,18,-0.01,0.875,NA,0,NA,0.625,NA,0.625,NA,0.5,NA,NA,0.625
1992,11,19,1.28,1,NA,0,NA,0.125,146,1,87.71,0.875,NA,NA,0.125
1992,11,20,-0.22,0.75,NA,0,NA,0.625,324.83,0.75,NA,0.5,NA,NA,0.625
1992,11,21,0.12,1,NA,0,NA,0.5,NA,0.625,77,1,NA,NA,0.5
1992,11,22,1.11,1,NA,0,NA,0.25,162.71,0.875,95.29,0.875,NA,NA,0.25
1992,11,23,-0.16,0.875,NA,0,NA,0.625,196.17,0.75,NA,0.625,NA,NA,0.625
1992,11,24,-0.61,1,NA,0,NA,0.625,251.38,1,NA,0.625,NA,NA,0.625
1992,11,25,-0.79,1,NA,0,4.63,0.75,243.88,1,NA,0.5,2.7,294.4,0.75
1992,11,26,1.87,0.875,NA,0,NA,0.5,106.29,0.875,92.29,0.875,NA,NA,0.5
1992,11,27,1.36,0.875,NA,0,NA,0.625,268.43,0.875,93.71,0.875,NA,NA,0.625
1992,11,28,0.96,0.875,NA,0,NA,0.625,220.83,0.75,87,0.875,NA,NA,0.625
1992,11,29,1.09,1,NA,0,NA,0.625,280,1,86.13,1,NA,NA,0.625
1992,11,30,0.29,1,NA,0,2.04,0.875,129,1,NA,0.625,2.03,145.73,0.875
1992,12,1,4.06,0.875,NA,0,NA,0.5,98.75,1,87.29,0.875,NA,NA,0.5
1992,12,2,NA,0.625,NA,0,NA,0.5,136.71,0.875,84,0.875,NA,NA,0.5
1992,12,3,3.41,1,NA,0,15.2,0.875,28.38,1,89.63,1,14.98,31.53,0.875
1992,12,4,3.19,0.875,NA,0,11.08,0.75,14.43,0.875,NA,0.625,11.04,16.07,0.75
1992,12,5,NA,0.625,NA,0,NA,0.5,NA,0.5,89,0.75,NA,NA,0.5
1992,12,6,NA,0.625,NA,0,2.28,1,214.25,1,85.75,1,0.81,226.92,1
1992,12,7,3.65,0.75,NA,0,NA,0.625,177.86,0.875,81.29,0.875,NA,NA,0.625
1992,12,8,3.61,1,NA,0,NA,0.125,56.62,1,85.25,1,NA,NA,0.125
1992,12,9,0.83,0.875,NA,0,5.49,0.875,268.25,1,96.67,0.75,4.38,330.25,0.875
1992,12,10,0.56,1,NA,0,6.17,0.75,252.88,1,NA,0.5,5.74,337.59,0.75
1992,12,11,-0.17,1,NA,0,6.32,1,283.12,1,92.43,0.875,5.75,275.43,1
1992,12,12,1.31,0.875,NA,0,2.68,0.75,87.38,1,77.13,1,1.75,94.57,0.75
1992,12,13,NA,0.5,NA,0,NA,0.625,NA,0.625,89,1,NA,NA,0.625
1992,12,14,NA,0.625,NA,0,NA,0.625,NA,0.625,93.71,0.875,NA,NA,0.625
1992,12,15,NA,0.625,NA,0,2.54,0.875,308.29,0.875,92,1,2.32,303.35,0.875
1992,12,16,NA,0.5,NA,0,2.27,0.75,164.33,0.75,88,0.875,0.25,8.77,0.75
1992,12,17,3.75,0.75,NA,0,NA,0.625,127.71,0.875,76.25,1,NA,NA,0.625
1992,12,18,NA,0.625,NA,0,NA,0.625,160.86,0.875,78.57,0.875,NA,NA,0.625
1992,12,19,1.25,0.75,NA,0,3.22,1,272.62,1,93.13,1,2.68,330.42,1
1992,12,20,NA,0.625,NA,0,2.67,0.875,249.14,0.875,NA,0.625,2.05,334.61,0.875
1992,12,21,NA,0.375,NA,0,NA,0.625,123.43,0.875,81,0.875,NA,NA,0.625
1992,12,22,4.74,1,NA,0,NA,0.25,124.38,1,67.13,1,NA,NA,0.25
1992,12,23,3.48,0.75,NA,0,NA,0.5,173,0.75,87.75,1,NA,NA,0.5
1992,12,24,3.96,0.875,NA,0,NA,0.5,NA,0.625,86.71,0.875,NA,NA,0.5
1992,12,25,5.14,0.875,NA,0,NA,0.375,119.88,1,79.25,1,NA,NA,0.375
1992,12,26,NA,0.625,NA,0,NA,0.5,NA,0.625,78.29,0.875,NA,NA,0.5
1992,12,27,NA,0.5,NA,0,2.1,0.75,168.67,0.75,83.75,1,0.85,41.52,0.75
1992,12,28,NA,0.5,NA,0,NA,0.5,NA,0.5,89.5,1,NA,NA,0.5
1992,12,29,0.77,1,NA,0,NA,0.625,257,0.875,90,0.875,NA,NA,0.625
1992,12,30,0.46,0.875,NA,0,4.26,0.875,263.14,0.875,88.14,0.875,4.21,263.01,0.875
1992,12,31,NA,0.625,NA,0,NA,0.5,NA,0.5,93.86,0.875,NA,NA,0.5
1993,1,1,0.58,1,NA,0,NA,0.625,NA,0.625,NA,0.375,NA,NA,0.625
1993,1,2,2.24,0.875,NA,0,NA,0.125,NA,0.125,NA,0.5,NA,NA,0.125
1993,1,3,3.12,0.75,NA,0,NA,0.375,NA,0.375,83,1,NA,NA,0.375
1993,1,4,3.59,0.875,NA,0,NA,0.25,NA,0.625,81.57,0.875,NA,NA,0.25
1993,1,5,4.91,0.875,NA,0,5.27,0.875,108,1,76.25,1,3.6,77.92,0.875
1993,1,6,4.38,0.75,NA,0,NA,0.625,93.25,1,76.75,1,NA,NA,0.625
1993,1,7,NA,0.625,NA,0,NA,0.375,NA,0.375,72,0.875,NA,NA,0.375
1993,1,8,NA,0,NA,0,NA,0,NA,0,NA,0,NA,NA,0
1993,1,9,NA,0,NA,0,NA,0,NA,0,NA,0,NA,NA,0
1993,1,10,NA,0,NA,0,NA,0,NA,0,NA,0,NA,NA,0
1993,1,11,NA,0,NA,0,NA,0,NA,0,NA,0,NA,NA,0
1993,1,12,NA,0,NA,0,NA,0,NA,0,NA,0,NA,NA,0
1993,1,13,NA,0.25,NA,0,NA,0.25,NA,0.25,NA,0.25,NA,NA,0.25
1993,1,14,1.91,1,NA,0,6.8,1,154.38,1,49.25,1,5.96,153.44,1
1993,1,15,2.54,0.875,NA,0,3.48,0.75,131.5,1,50.5,1,2.68,128.52,0.75
1993,1,16,NA,0.25,NA,0,NA,0.5,NA,0.5,62.33,0.75,NA,NA,0.5
1993,1,17,NA,0,NA,0,NA,0,NA,0,NA,0,NA,NA,0
1993,1,18,NA,0,NA,0,NA,0,NA,0,NA,0,NA,NA,0
1993,1,19,NA,0,NA,0,NA,0,NA,0,NA,0,NA,NA,0
1993,1,20,NA,0,NA,0,NA,0,NA,0,NA,0,NA,NA,0
1993,1,21,NA,0,NA,0,NA,0,NA,0,NA,0,NA,NA,0
1993,1,22,NA,0,NA,0,NA,0,NA,0,NA,0,NA,NA,0
1993,1,23,NA,0,NA,0,NA,0,NA,0,NA,0,NA,NA,0
1993,1,24,NA,0.125,NA,0,NA,0.125,NA,0.125,NA,0.125,NA,NA,0.125
1993,1,25,NA,0.25,NA,0,NA,0.625,NA,0.625,86.67,0.75,NA,NA,0.625
1993,1,26,NA,0,NA,0,NA,0,NA,0,NA,0,NA,NA,0
1993,1,27,NA,0,NA,0,NA,0,NA,0,NA,0,NA,NA,0
1993,1,28,NA,0,NA,0,NA,0,NA,0,NA,0,NA,NA,0
1993,1,29,NA,0,NA,0,NA,0,NA,0,NA,0,NA,NA,0
1993,1,30,NA,0,NA,0,NA,0,NA,0,NA,0,NA,NA,0
1993,1,31,NA,0,NA,0,NA,0,NA,0,NA,0,NA,NA,0
1993,2,1,NA,0,NA,0,NA,0,NA,0,NA,0,NA,NA,0
1993,2,2,NA,0,NA,0,NA,0,NA,0,NA,0,NA,NA,0
1993,2,3,NA,0,NA,0,NA,0,NA,0,NA,0,NA,NA,0
1993,2,4,NA,0,NA,0,NA,0,NA,0,NA,0,NA,NA,0
1993,2,5,NA,0,NA,0,NA,0,NA,0,NA,0,NA,NA,0
1993,2,6,NA,0,NA,0,NA,0,NA,0,NA,0,NA,NA,0
1993,2,7,NA,0,NA,0,NA,0,NA,0,NA,0,NA,NA,0
1993,2,8,NA,0,NA,0,NA,0,NA,0,NA,0,NA,NA,0
1993,2,9,NA,0,NA,0,NA,0,NA,0,NA,0,NA,NA,0
1993,2,10,NA,0,NA,0,NA,0,NA,0,NA,0,NA,NA,0
1993,2,11,NA,0,NA,0,NA,0,NA,0,NA,0,NA,NA,0
1993,2,12,NA,0,NA,0,NA,0,NA,0,NA,0,NA,NA,0
1993,2,13,NA,0,NA,0,NA,0,NA,0,NA,0,NA,NA,0
1993,2,14,NA,0,NA,0,NA,0,NA,0,NA,0,NA,NA,0
1993,2,15,NA,0,NA,0,NA,0,NA,0,NA,0,NA,NA,0
1993,2,16,NA,0,NA,0,NA,0,NA,0,NA,0,NA,NA,0
1993,2,17,NA,0,NA,0,NA,0,NA,0,NA,0,NA,NA,0
1993,2,18,NA,0,NA,0,NA,0,NA,0,NA,0,NA,NA,0
1993,2,19,NA,0,NA,0,NA,0,NA,0,NA,0,NA,NA,0
1993,2,20,NA,0,NA,0,NA,0,NA,0,NA,0,NA,NA,0
1993,2,21,NA,0,NA,0,NA,0,NA,0,NA,0,NA,NA,0
1993,2,22,NA,0,NA,0,NA,0,NA,0,NA,0,NA,NA,0
1993,2,23,NA,0,NA,0,NA,0,NA,0,NA,0,NA,NA,0
1993,2,24,NA,0,NA,0,NA,0,NA,0,NA,0,NA,NA,0
1993,2,25,NA,0,NA,0,NA,0,NA,0,NA,0,NA,NA,0
1993,2,26,NA,0,NA,0,NA,0,NA,0,NA,0,NA,NA,0
1993,2,27,NA,0,NA,0,NA,0,NA,0,NA,0,NA,NA,0
1993,2,28,NA,0,NA,0,NA,0,NA,0,NA,0,NA,NA,0
1993,3,1,NA,0,NA,0,NA,0,NA,0,NA,0,NA,NA,0
1993,3,2,NA,0,NA,0,NA,0,NA,0,NA,0,NA,NA,0
1993,3,3,NA,0,NA,0,NA,0,NA,0,NA,0,NA,NA,0
1993,3,4,NA,0,NA,0,NA,0,NA,0,NA,0,NA,NA,0
1993,3,5,NA,0,NA,0,NA,0,NA,0,NA,0,NA,NA,0
1993,3,6,NA,0,NA,0,NA,0,NA,0,NA,0,NA,NA,0
1993,3,7,NA,0,NA,0,NA,0,NA,0,NA,0,NA,NA,0
1993,3,8,NA,0,NA,0,NA,0,NA,0,NA,0,NA,NA,0
1993,3,9,NA,0,NA,0,NA,0,NA,0,NA,0,NA,NA,0
1993,3,10,NA,0,NA,0,NA,0,NA,0,NA,0,NA,NA,0
1993,3,11,NA,0,NA,0,NA,0,NA,0,NA,0,NA,NA,0
1993,3,12,NA,0,NA,0,NA,0,NA,0,NA,0,NA,NA,0
1993,3,13,NA,0,NA,0,NA,0,NA,0,NA,0,NA,NA,0
1993,3,14,NA,0,NA,0,NA,0,NA,0,NA,0,NA,NA,0
1993,3,15,NA,0,NA,0,NA,0,NA,0,NA,0,NA,NA,0
1993,3,16,NA,0,NA,0,NA,0,NA,0,NA,0,NA,NA,0
1993,3,17,NA,0,NA,0,NA,0,NA,0,NA,0,NA,NA,0
1993,3,18,NA,0,NA,0,NA,0,NA,0,NA,0,NA,NA,0
1993,3,19,NA,0,NA,0,NA,0,NA,0,NA,0,NA,NA,0
1993,3,20,NA,0,NA,0,NA,0,NA,0,NA,0,NA,NA,0
1993,3,21,NA,0,NA,0,NA,0,NA,0,NA,0,NA,NA,0
1993,3,22,NA,0,NA,0,NA,0,NA,0,NA,0,NA,NA,0
1993,3,23,NA,0,NA,0,NA,0,NA,0,NA,0,NA,NA,0
1993,3,24,NA,0,NA,0,NA,0,NA,0,NA,0,NA,NA,0
1993,3,25,NA,0,NA,0,NA,0,NA,0,NA,0,NA,NA,0
1993,3,26,NA,0,NA,0,NA,0,NA,0,NA,0,NA,NA,0
1993,3,27,NA,0,NA,0,NA,0,NA,0,NA,0,NA,NA,0
1993,3,28,NA,0,NA,0,NA,0,NA,0,NA,0,NA,NA,0
1993,3,29,NA,0,NA,0,NA,0,NA,0,NA,0,NA,NA,0
1993,3,30,NA,0,NA,0,NA,0,NA,0,NA,0,NA,NA,0
1993,3,31,NA,0,NA,0,NA,0,NA,0,NA,0,NA,NA,0
1993,4,1,NA,0,NA,0,NA,0,NA,0,NA,0,NA,NA,0
1993,4,2,NA,0,NA,0,NA,0,NA,0,NA,0,NA,NA,0
1993,4,3,NA,0,NA,0,NA,0,NA,0,NA,0,NA,NA,0
1993,4,4,NA,0,NA,0,NA,0,NA,0,NA,0,NA,NA,0
1993,4,5,NA,0,NA,0,NA,0,NA,0,NA,0,NA,NA,0
1993,4,6,NA,0,NA,0,NA,0,NA,0,NA,0,NA,NA,0
1993,4,7,NA,0,NA,0,NA,0,NA,0,NA,0,NA,NA,0
1993,4,8,NA,0,NA,0,NA,0,NA,0,NA,0,NA,NA,0
1993,4,9,NA,0,NA,0,NA,0,NA,0,NA,0,NA,NA,0
1993,4,10,NA,0,NA,0,NA,0,NA,0,NA,0,NA,NA,0
1993,4,11,NA,0,NA,0,NA,0,NA,0,NA,0,NA,NA,0
1993,4,12,NA,0,NA,0,NA,0,NA,0,NA,0,NA,NA,0
1993,4,13,NA,0,NA,0,NA,0,NA,0,NA,0,NA,NA,0
1993,4,14,NA,0,NA,0,NA,0,NA,0,NA,0,NA,NA,0
1993,4,15,NA,0,NA,0,NA,0,NA,0,NA,0,NA,NA,0
1993,4,16,NA,0,NA,0,NA,0,NA,0,NA,0,NA,NA,0
1993,4,17,NA,0,NA,0,NA,0,NA,0,NA,0,NA,NA,0
1993,4,18,NA,0,NA,0,NA,0,NA,0,NA,0,NA,NA,0
1993,4,19,NA,0,NA,0,NA,0,NA,0,NA,0,NA,NA,0
1993,4,20,NA,0,NA,0,NA,0,NA,0,NA,0,NA,NA,0
1993,4,21,NA,0,NA,0,NA,0,NA,0,NA,0,NA,NA,0
1993,4,22,NA,0,NA,0,NA,0,NA,0,NA,0,NA,NA,0
1993,4,23,NA,0,NA,0,NA,0,NA,0,NA,0,NA,NA,0
1993,4,24,NA,0,NA,0,NA,0,NA,0,NA,0,NA,NA,0
1993,4,25,NA,0,NA,0,NA,0,NA,0,NA,0,NA,NA,0
1993,4,26,NA,0,NA,0,NA,0,NA,0,NA,0,NA,NA,0
1993,4,27,NA,0,NA,0,NA,0,NA,0,NA,0,NA,NA,0
1993,4,28,NA,0,NA,0,NA,0,NA,0,NA,0,NA,NA,0
1993,4,29,NA,0,NA,0,NA,0,NA,0,NA,0,NA,NA,0
1993,4,30,NA,0,NA,0,NA,0,NA,0,NA,0,NA,NA,0
1993,5,1,NA,0,NA,0,NA,0,NA,0,NA,0,NA,NA,0
1993,5,2,NA,0,NA,0,NA,0,NA,0,NA,0,NA,NA,0
1993,5,3,NA,0,NA,0,NA,0,NA,0,NA,0,NA,NA,0
1993,5,4,NA,0,NA,0,NA,0,NA,0,NA,0,NA,NA,0
1993,5,5,NA,0,NA,0,NA,0,NA,0,NA,0,NA,NA,0
1993,5,6,NA,0,NA,0,NA,0,NA,0,NA,0,NA,NA,0
1993,5,7,NA,0,NA,0,NA,0,NA,0,NA,0,NA,NA,0
1993,5,8,NA,0,NA,0,NA,0,NA,0,NA,0,NA,NA,0
1993,5,9,NA,0,NA,0,NA,0,NA,0,NA,0,NA,NA,0
1993,5,10,NA,0,NA,0,NA,0,NA,0,NA,0,NA,NA,0
1993,5,11,NA,0,NA,0,NA,0,NA,0,NA,0,NA,NA,0
1993,5,12,NA,0,NA,0,NA,0,NA,0,NA,0,NA,NA,0
1993,5,13,NA,0,NA,0,NA,0,NA,0,NA,0,NA,NA,0
1993,5,14,NA,0,NA,0,NA,0,NA,0,NA,0,NA,NA,0
1993,5,15,NA,0,NA,0,NA,0,NA,0,NA,0,NA,NA,0
1993,5,16,NA,0,NA,0,NA,0,NA,0,NA,0,NA,NA,0
1993,5,17,NA,0,NA,0,NA,0,NA,0,NA,0,NA,NA,0
1993,5,18,NA,0,NA,0,NA,0,NA,0,NA,0,NA,NA,0
1993,5,19,NA,0,NA,0,NA,0,NA,0,NA,0,NA,NA,0
1993,5,20,NA,0,NA,0,NA,0,NA,0,NA,0,NA,NA,0
1993,5,21,NA,0,NA,0,NA,0,NA,0,NA,0,NA,NA,0
1993,5,22,NA,0,NA,0,NA,0,NA,0,NA,0,NA,NA,0
1993,5,23,NA,0,NA,0,NA,0,NA,0,NA,0,NA,NA,0
1993,5,24,NA,0,NA,0,NA,0,NA,0,NA,0,NA,NA,0
1993,5,25,NA,0,NA,0,NA,0,NA,0,NA,0,NA,NA,0
1993,5,26,NA,0,NA,0,NA,0,NA,0,NA,0,NA,NA,0
1993,5,27,NA,0,NA,0,NA,0,NA,0,NA,0,NA,NA,0
1993,5,28,NA,0,NA,0,NA,0,NA,0,NA,0,NA,NA,0
1993,5,29,NA,0,NA,0,NA,0,NA,0,NA,0,NA,NA,0
1993,5,30,NA,0,NA,0,NA,0,NA,0,NA,0,NA,NA,0
1993,5,31,NA,0,NA,0,NA,0,NA,0,NA,0,NA,NA,0
1993,6,1,NA,0,NA,0,NA,0,NA,0,NA,0,NA,NA,0
1993,6,2,NA,0,NA,0,NA,0,NA,0,NA,0,NA,NA,0
1993,6,3,NA,0,NA,0,NA,0,NA,0,NA,0,NA,NA,0
1993,6,4,NA,0,NA,0,NA,0,NA,0,NA,0,NA,NA,0
1993,6,5,NA,0,NA,0,NA,0,NA,0,NA,0,NA,NA,0
1993,6,6,NA,0,NA,0,NA,0,NA,0,NA,0,NA,NA,0
1993,6,7,NA,0,NA,0,NA,0,NA,0,NA,0,NA,NA,0
1993,6,8,NA,0,NA,0,NA,0,NA,0,NA,0,NA,NA,0
1993,6,9,NA,0,NA,0,NA,0,NA,0,NA,0,NA,NA,0
1993,6,10,NA,0,NA,0,NA,0,NA,0,NA,0,NA,NA,0
1993,6,11,NA,0,NA,0,NA,0,NA,0,NA,0,NA,NA,0
1993,6,12,NA,0.25,NA,0,NA,0.25,NA,0.25,NA,0.25,NA,NA,0.25
1993,6,13,-1.94,1,NA,0,NA,0.625,161.83,0.75,NA,0.5,NA,NA,0.625
1993,6,14,-0.89,1,NA,0,NA,0.375,113,1,82.5,0.75,NA,NA,0.375
1993,6,15,-0.76,1,NA,0,NA,0.375,146,1,NA,0.5,NA,NA,0.375
1993,6,16,-3.27,0.875,NA,0,NA,0.625,242.29,0.875,92.43,0.875,NA,NA,0.625
1993,6,17,-4.63,0.875,NA,0,NA,0.625,226.14,0.875,90.71,0.875,NA,NA,0.625
1993,6,18,-2.99,1,NA,0,3.26,0.875,245.29,0.875,97.13,1,2.63,281.49,0.875
1993,6,19,-3.61,1,NA,0,2.43,0.875,236.14,0.875,NA,0,1.7,265.73,0.875
1993,6,20,-3.09,1,NA,0,NA,0.625,218.57,0.875,NA,0.125,NA,NA,0.625
1993,6,21,-1.86,0.875,NA,0,5.44,0.875,233.43,0.875,NA,0,4.23,340.54,0.875
1993,6,22,-5.54,1,NA,0,5.4,0.75,198.12,1,96.29,0.875,2.18,238.17,0.75
1993,6,23,NA,0.625,NA,0,NA,0.625,NA,0.625,NA,0.625,NA,NA,0.625
1993,6,24,-9.73,0.75,NA,0,4.09,0.875,187.43,0.875,88.86,0.875,2.46,271.52,0.875
1993,6,25,-8.44,0.875,NA,0,3,0.75,134.67,0.75,76.86,0.875,2.08,70.18,0.75
1993,6,26,-2.51,0.875,NA,0,NA,0.625,153.29,0.875,NA,0.375,NA,NA,0.625
1993,6,27,-3.3,1,NA,0,NA,0.5,182.38,1,91.75,1,NA,NA,0.5
1993,6,28,-8.83,1,NA,0,3.79,1,222,1,95.88,1,0.89,271.13,1
1993,6,29,-10.02,1,NA,0,NA,0.625,204.12,1,77,1,NA,NA,0.625
1993,6,30,-10.09,0.875,NA,0,NA,0.625,NA,0.625,87.71,0.875,NA,NA,0.625
1993,7,1,-9.2,1,NA,0,1.72,0.75,208,0.75,90.25,1,1.16,237.36,0.75
1993,7,2,-8.69,1,NA,0,NA,0.5,NA,0.5,93.38,1,NA,NA,0.5
1993,7,3,-10.13,1,NA,0,1.95,0.75,102.33,0.75,96.88,1,1.69,31.32,0.75
1993,7,4,-11.25,1,NA,0,NA,0.625,NA,0.625,95.75,1,NA,NA,0.625
1993,7,5,-11,0.875,NA,0,NA,0.5,NA,0.5,96.29,0.875,NA,NA,0.5
1993,7,6,-11.58,1,NA,0,NA,0.375,NA,0.375,95.63,1,NA,NA,0.375
1993,7,7,-4.31,0.875,NA,0,NA,0.625,112.29,0.875,87.88,1,NA,NA,0.625
1993,7,8,-0.04,1,NA,0,NA,0.625,110.38,1,77,1,NA,NA,0.625
1993,7,9,-1.4,0.875,NA,0,NA,0.25,NA,0.625,81.43,0.875,NA,NA,0.25
1993,7,10,0.03,0.875,NA,0,NA,0.25,91.86,0.875,77.57,0.875,NA,NA,0.25
1993,7,11,0.66,1,NA,0,NA,0.5,112.38,1,68.13,1,NA,NA,0.5
1993,7,12,0.04,1,NA,0,NA,0.5,62.88,1,76.38,1,NA,NA,0.5
1993,7,13,-1.42,1,NA,0,NA,0.5,277.38,1,83.5,0.75,NA,NA,0.5
1993,7,14,-0.77,0.875,NA,0,NA,0.375,122,0.875,88.5,0.75,NA,NA,0.375
1993,7,15,-3.2,1,NA,0,NA,0.625,265.75,1,91,1,NA,NA,0.625
1993,7,16,-3.22,0.75,NA,0,7.65,0.75,169.17,0.75,87.67,0.75,6.32,351.17,0.75
1993,7,17,-5.48,1,NA,0,3.78,1,64.75,1,86.25,1,3.45,14.35,1
1993,7,18,-7.15,1,NA,0,2.45,0.75,118.33,0.75,87.75,1,0.69,101.38,0.75
1993,7,19,-9.6,0.875,NA,0,2.12,0.75,90.67,0.75,94,0.875,1.93,51.72,0.75
1993,7,20,-10.51,1,NA,0,1.71,1,106.25,1,92.25,1,0.88,76.44,1
1993,7,21,-9.63,0.875,NA,0,1.93,0.875,125.86,0.875,86,0.875,1.47,30.79,0.875
1993,7,22,-0.33,0.75,NA,0,NA,0.375,178.38,1,78.38,1,NA,NA,0.375
1993,7,23,-3.89,1,NA,0,4.01,0.875,171.14,0.875,95.88,1,2.73,356.14,0.875
1993,7,24,0.86,0.875,NA,0,NA,0.625,63.14,0.875,NA,0.625,NA,NA,0.625
1993,7,25,0.83,1,NA,0,NA,0.625,27.25,1,NA,0.375,NA,NA,0.625
1993,7,26,-1.7,1,NA,0,NA,0.5,196.25,1,84.25,1,NA,NA,0.5
1993,7,27,-3.61,1,NA,0,NA,0.625,142.62,1,82.13,1,NA,NA,0.625
1993,7,28,-3.43,0.875,NA,0,NA,0.25,178.86,0.875,85.71,0.875,NA,NA,0.25
1993,7,29,-1.04,1,NA,0,NA,0.125,120.12,1,82.63,1,NA,NA,0.125
1993,7,30,-0.55,1,NA,0,NA,0.375,205.5,1,88.17,0.75,NA,NA,0.375
1993,7,31,0,1,NA,0,NA,0.375,116.38,1,78.67,0.75,NA,NA,0.375
1993,8,1,-0.35,1,NA,0,NA,0.5,191.5,1,NA,0,NA,NA,0.5
1993,8,2,-0.11,0.875,NA,0,NA,0.5,108.43,0.875,NA,0.125,NA,NA,0.5
1993,8,3,0.35,1,NA,0,9.29,0.875,144.25,1,NA,0.25,8.88,12.39,0.875
1993,8,4,-0.82,1,NA,0,NA,0.25,79,0.875,82.88,1,NA,NA,0.25
1993,8,5,1.33,1,NA,0,8.79,0.875,75,1,68.63,1,6.84,70.59,0.875
1993,8,6,-1.94,1,NA,0,NA,0.5,51.25,1,79.25,1,NA,NA,0.5
1993,8,7,-2.13,0.875,NA,0,NA,0.625,27.57,0.875,87.29,0.875,NA,NA,0.625
1993,8,8,-2.95,1,NA,0,NA,0.625,98.25,1,86.63,1,NA,NA,0.625
1993,8,9,-7.08,1,NA,0,3.53,0.875,214.88,1,87,1,3.38,217.92,0.875
1993,8,10,-8.41,1,NA,0,1.12,0.75,61.5,0.75,82.63,1,1.06,67.83,0.75
1993,8,11,-7.01,0.875,NA,0,NA,0.625,NA,0.625,81.86,0.875,NA,NA,0.625
1993,8,12,-4.54,0.875,NA,0,3.48,0.75,206.67,0.75,82.29,0.875,1.93,121.64,0.75
1993,8,13,1.51,0.875,NA,0,NA,0.25,44.29,0.875,84.43,0.875,NA,NA,0.25
1993,8,14,0.61,1,NA,0,NA,0.625,53.38,1,84.5,1,NA,NA,0.625
1993,8,15,-2.9,1,NA,0,NA,0.375,142.57,0.875,87.38,1,NA,NA,0.375
1993,8,16,-2.64,0.875,NA,0,2.67,0.875,150.57,0.875,92,0.875,1.17,25.77,0.875
1993,8,17,-1.08,1,NA,0,NA,0.625,150.38,1,87.25,1,NA,NA,0.625
1993,8,18,-4.23,1,NA,0,6.53,0.75,200.75,1,81.13,1,3.44,211.94,0.75
1993,8,19,-6.15,1,NA,0,3.74,0.875,198.75,1,80.38,1,2.51,222.84,0.875
1993,8,20,-0.67,0.875,NA,0,5.24,0.875,120.86,0.875,82.86,0.875,4.61,127.51,0.875
1993,8,21,-1.61,1,NA,0,1.77,0.75,256,0.875,94,1,1.48,322.65,0.75
1993,8,22,-5.09,0.875,NA,0,5.15,1,258.5,1,92.25,1,3.65,286.44,1
1993,8,23,-5.53,0.75,NA,0,5.39,0.875,286.86,0.875,87.43,0.875,4.36,284.5,0.875
1993,8,24,-9.74,1,NA,0,3.31,0.875,209.43,0.875,74.38,1,1.52,263.56,0.875
1993,8,25,-3.38,0.75,NA,0,9.88,0.75,32.86,0.875,83.86,0.875,9.83,32.98,0.75
1993,8,26,-5.54,0.875,NA,0,NA,0.375,170.57,0.875,82.86,0.875,NA,NA,0.375
1993,8,27,-10.86,1,NA,0,NA,0.25,165.75,1,71.63,1,NA,NA,0.25
1993,8,28,-12.53,1,NA,0,1.84,0.875,95.25,1,66.25,1,0.65,71.12,0.875
1993,8,29,-13.09,0.875,NA,0,NA,0.625,NA,0.625,86.14,0.875,NA,NA,0.625
1993,8,30,-15,0.875,NA,0,1.53,0.75,66.33,0.75,87.71,0.875,1.5,67.08,0.75
1993,8,31,-7.5,0.75,NA,0,3.15,0.75,157.17,0.75,75.63,1,2.27,159.79,0.75
1993,9,1,-1.33,1,NA,0,NA,0.375,183.12,1,89.75,1,NA,NA,0.375
1993,9,2,-4.04,1,NA,0,6.08,0.75,176.62,1,90.38,1,4.18,247.21,0.75
1993,9,3,-4.53,0.875,NA,0,NA,0.5,NA,0.625,89.29,0.875,NA,NA,0.5
1993,9,4,-4.31,1,NA,0,0.73,0.75,170.5,0.75,NA,0.375,0.1,94.89,0.75
1993,9,5,-1.19,1,NA,0,NA,0.5,124.25,1,80.13,1,NA,NA,0.5
1993,9,6,0.76,1,NA,0,NA,0.25,67.38,1,NA,0.375,NA,NA,0.25
1993,9,7,-2.31,1,NA,0,9.06,0.875,303.12,1,NA,0.375,7.57,297.61,0.875
1993,9,8,-4.37,0.875,NA,0,4.23,0.75,167.86,0.875,78.71,0.875,1.62,116.51,0.75
1993,9,9,-0.83,1,NA,0,NA,0.5,98.29,0.875,87.13,1,NA,NA,0.5
1993,9,10,-2.3,1,NA,0,NA,0.375,180.71,0.875,84.13,1,NA,NA,0.375
1993,9,11,-0.54,1,NA,0,NA,0.625,142.38,1,88.13,1,NA,NA,0.625
1993,9,12,0.6,1,NA,0,NA,0.625,44.75,1,84.75,1,NA,NA,0.625
1993,9,13,-1.59,0.875,NA,0,1.78,0.75,225.67,0.75,NA,0.625,1.14,335.01,0.75
1993,9,14,-2.2,1,NA,0,NA,0.375,126.29,0.875,73.75,1,NA,NA,0.375
1993,9,15,-5.69,1,NA,0,NA,0.375,204.38,1,79.5,1,NA,NA,0.375
1993,9,16,-8.89,1,NA,0,5,0.75,203.25,1,77.38,1,1.66,210.52,0.75
1993,9,17,-5.13,0.875,NA,0,3.7,0.75,83.14,0.875,83.57,0.875,2.87,100.36,0.75
1993,9,18,-3.63,0.875,NA,0,NA,0.625,157.33,0.75,92.86,0.875,NA,NA,0.625
1993,9,19,-8.57,0.875,NA,0,4.28,0.75,257,1,81.5,1,3.66,248.32,0.75
1993,9,20,-5.1,1,NA,0,3.53,0.875,165.88,1,89.25,1,1.03,136.38,0.875
1993,9,21,-2.09,1,NA,0,7.3,1,287.25,1,91.88,1,7.17,287.11,1
1993,9,22,-1.86,0.875,NA,0,NA,0.625,167.29,0.875,88.14,0.875,NA,NA,0.625
1993,9,23,-4.41,1,NA,0,11.42,0.75,303.88,1,84.25,1,9.1,309.58,0.75
1993,9,24,-9.36,1,NA,0,5.16,0.875,160.62,1,76,1,3.64,235.42,0.875
1993,9,25,-4.23,1,NA,0,NA,0.625,NA,0.625,76,1,NA,NA,0.625
1993,9,26,-2.57,0.75,NA,0,NA,0.5,117.88,1,83.88,1,NA,NA,0.5
1993,9,27,-13.28,0.75,NA,0,NA,0.625,186.29,0.875,72.86,0.875,NA,NA,0.625
1993,9,28,-14.84,0.875,NA,0,NA,0.625,263.14,0.875,78.57,0.875,NA,NA,0.625
1993,9,29,-11.37,0.875,NA,0,NA,0.5,NA,0.5,88.71,0.875,NA,NA,0.5
1993,9,30,-7.29,1,NA,0,NA,0.375,NA,0.625,87.75,1,NA,NA,0.375
1993,10,1,-11,0.875,NA,0,6.72,0.75,260.14,0.875,83.29,0.875,6.67,258.08,0.75
1993,10,2,-11.13,0.875,NA,0,NA,0.375,NA,0.625,72,0.875,NA,NA,0.375
1993,10,3,-4.25,1,NA,0,4.55,1,212.75,1,90.75,1,1.58,25.64,1
1993,10,4,-2.51,0.875,NA,0,NA,0.5,148.14,0.875,85.5,1,NA,NA,0.5
1993,10,5,1.26,1,NA,0,NA,0.625,92,1,86.75,1,NA,NA,0.625
1993,10,6,1.02,0.75,NA,0,NA,0.375,NA,0.375,93.67,0.75,NA,NA,0.375
1993,10,7,0.21,1,NA,0,NA,0.375,NA,0.375,NA,0.5,NA,NA,0.375
1993,10,8,-2.37,1,NA,0,5.66,0.875,320.5,1,NA,0.375,5.29,315.96,0.875
1993,10,9,-4,1,NA,0,NA,0.625,171.5,0.75,80.63,1,NA,NA,0.625
1993,10,10,NA,0.5,NA,0,NA,0.5,NA,0.625,79.29,0.875,NA,NA,0.5
1993,10,11,-0.44,0.875,NA,0,NA,0.625,140.86,0.875,81.71,0.875,NA,NA,0.625
1993,10,12,-0.74,1,NA,0,NA,0.625,44,1,81.38,1,NA,NA,0.625
1993,10,13,-2.38,1,NA,0,NA,0.625,272.57,0.875,86.38,1,NA,NA,0.625
1993,10,14,-3.09,1,NA,0,NA,0.25,NA,0.625,76.63,1,NA,NA,0.25
1993,10,15,-4.33,0.875,NA,0,NA,0.5,NA,0.5,78.43,0.875,NA,NA,0.5
1993,10,16,-8.7,0.875,NA,0,4.44,0.875,277.29,0.875,86,0.875,4.09,270.41,0.875
1993,10,17,-9.89,1,NA,0,3.57,1,233.62,1,77.88,1,3.44,236.61,1
1993,10,18,-6.24,1,NA,0,5.72,0.75,283.5,1,90.5,1,4.82,274.59,0.75
1993,10,19,-3.42,1,NA,0,NA,0.625,260.43,0.875,83,1,NA,NA,0.625
1993,10,20,-0.29,0.875,NA,0,5.48,0.75,276.86,0.875,NA,0.125,4.07,331.14,0.75
1993,10,21,-1.8,1,NA,0,2.81,0.875,294,0.875,NA,0.375,2.54,288.82,0.875
1993,10,22,-1.16,1,NA,0,NA,0.5,182.88,1,NA,0.25,NA,NA,0.5
1993,10,23,-2.54,1,NA,0,NA,0.625,291.88,1,NA,0.125,NA,NA,0.625
1993,10,24,-1.53,1,NA,0,5.43,0.875,291.12,1,NA,0.625,4.48,290.94,0.875
1993,10,25,-1.39,0.875,NA,0,NA,0.625,234.29,0.875,94.29,0.875,NA,NA,0.625
1993,10,26,-0.87,1,NA,0,3.37,0.875,300,0.875,80,0.875,3.16,286.52,0.875
1993,10,27,0.09,1,NA,0,NA,0.625,197.75,1,NA,0.25,NA,NA,0.625
1993,10,28,-0.16,1,NA,0,NA,0.625,179.38,1,91.33,0.75,NA,NA,0.625
1993,10,29,-2.65,0.75,NA,0,10.37,0.75,294.17,0.75,NA,0.125,8.93,292.57,0.75
1993,10,30,-7.14,0.875,NA,0,NA,0.5,230.71,0.875,NA,0.25,NA,NA,0.5
1993,10,31,-8.23,0.875,NA,0,3.8,0.75,199,0.875,79.67,0.75,2.24,274.93,0.75
1993,11,1,NA,0.625,NA,0,NA,0.375,NA,0.375,69.5,0.75,NA,NA,0.375
1993,11,2,-3.1,1,NA,0,8.37,0.875,94.62,1,52.25,1,7.5,117.11,0.875
1993,11,3,-3.31,0.875,NA,0,2.9,0.75,47.17,0.75,68.71,0.875,2.75,37,0.75
1993,11,4,-1.73,0.875,NA,0,2.25,0.75,83.38,1,59.5,1,1.85,89.99,0.75
1993,11,5,0.52,1,NA,0,NA,0.5,141.43,0.875,81.25,1,NA,NA,0.5
1993,11,6,3.25,1,NA,0,NA,0.375,63.12,1,80.25,1,NA,NA,0.375
1993,11,7,2.76,0.875,NA,0,NA,0.5,49.86,0.875,NA,0.625,NA,NA,0.5
1993,11,8,2.73,0.875,NA,0,12.52,0.75,34.86,0.875,NA,0.625,12.38,38.67,0.75
1993,11,9,1.14,1,NA,0,NA,0.375,51.75,1,NA,0.625,NA,NA,0.375
1993,11,10,0.26,1,NA,0,NA,0,152.75,1,NA,0.5,NA,NA,0
1993,11,11,1.81,1,NA,0,NA,0,47.12,1,81.17,0.75,NA,NA,0
1993,11,12,0.03,0.875,NA,0,NA,0.5,117,0.875,NA,0.375,NA,NA,0.5
1993,11,13,-0.09,0.875,NA,0,NA,0.625,123,0.875,81.5,0.75,NA,NA,0.625
1993,11,14,-0.91,1,NA,0,NA,0.625,215.25,1,85.38,1,NA,NA,0.625
1993,11,15,-0.2,1,NA,0,2.7,0.75,272,0.75,85.38,1,0.91,10.53,0.75
1993,11,16,-0.44,1,NA,0,NA,0.625,164,1,68.38,1,NA,NA,0.625
1993,11,17,0.06,0.875,NA,0,5.58,0.75,76.86,0.875,66.86,0.875,4.84,50.08,0.75
1993,11,18,2.55,1,NA,0,10.07,1,24.12,1,92.86,0.875,9.48,26.26,1
1993,11,19,3.7,1,NA,0,NA,0.625,66.5,1,83.38,1,NA,NA,0.625
1993,11,20,1.2,1,NA,0,NA,0.5,123.57,0.875,84,1,NA,NA,0.5
1993,11,21,0.06,0.875,NA,0,NA,0.375,NA,0.375,93.14,0.875,NA,NA,0.375
1993,11,22,-1.17,0.875,NA,0,1.57,0.75,213,0.75,87.29,0.875,0.55,219.83,0.75
1993,11,23,0.03,1,NA,0,NA,0.5,97.17,0.75,81.88,1,NA,NA,0.5
1993,11,24,2.43,1,NA,0,NA,0.25,60.38,1,80.5,1,NA,NA,0.25
1993,11,25,2.2,1,NA,0,13.82,0.75,74.5,1,NA,0.5,13.12,19.34,0.75
1993,11,26,0.89,0.875,NA,0,10.8,0.875,201.86,0.875,NA,0.125,10.51,355.5,0.875
1993,11,27,1.74,1,NA,0,8.65,0.75,183.38,1,NA,0.125,8.55,4.88,0.75
1993,11,28,1.99,1,NA,0,NA,0.5,58.12,1,NA,0.5,NA,NA,0.5
1993,11,29,0.05,1,NA,0,5.76,1,187,1,76.5,1,4.83,356.08,1
1993,11,30,0.29,1,NA,0,5.54,0.875,95.62,1,64,1,4.06,72.28,0.875
1993,12,1,NA,0.375,NA,0,5.47,0.75,193.29,0.875,86.67,0.75,4.29,87.6,0.75
1993,12,2,0.7,1,NA,0,NA,0.625,165.25,1,83,1,NA,NA,0.625
1993,12,3,-0.84,1,NA,0,5.89,1,156.25,1,79.63,1,2.79,352.65,1
1993,12,4,NA,0.625,NA,0,2.08,1,249.25,1,74.5,1,1.91,249.96,1
1993,12,5,-1.19,0.875,NA,0,NA,0.625,NA,0.625,72,0.875,NA,NA,0.625
1993,12,6,NA,0.625,NA,0,2.24,0.875,195.71,0.875,65.14,0.875,1.43,184.7,0.875
1993,12,7,-1,0.875,NA,0,3.09,1,112.25,1,78.63,1,1.6,329.88,1
1993,12,8,-1.23,0.75,NA,0,3.26,0.875,243.12,1,70.5,1,3.07,248.2,0.875
1993,12,9,-0.8,0.75,NA,0,2.74,1,251.12,1,71.5,1,2.68,249.18,1
1993,12,10,NA,0.25,NA,0,1.68,0.75,255.17,0.75,72.57,0.875,1.28,259.07,0.75
1993,12,11,NA,0.5,NA,0,1.46,0.875,159.43,0.875,69.75,1,0.71,132.68,0.875
1993,12,12,NA,0.25,NA,0,1.38,1,213.25,1,71.13,1,1.17,230.03,1
1993,12,13,NA,0.625,NA,0,2.51,0.875,239.14,0.875,83.38,1,2.44,237.15,0.875
1993,12,14,NA,0.25,NA,0,1.37,0.875,217.29,0.875,78.25,1,0.59,154.09,0.875
1993,12,15,NA,0.25,NA,0,2.04,0.875,255.14,0.875,81.43,0.875,0.17,31.56,0.875
1993,12,16,NA,0.125,NA,0,0.87,0.75,196.17,0.75,83,0.875,0.23,154.21,0.75
1993,12,17,NA,0.5,NA,0,NA,0.5,NA,0.5,85.88,1,NA,NA,0.5
1993,12,18,NA,0.625,NA,0,3.56,0.875,279.86,0.875,92.25,1,3.3,274.53,0.875
1993,12,19,-0.27,0.75,NA,0,5.87,0.875,240.43,0.875,84.29,0.875,5.77,240.12,0.875
1993,12,20,0.73,0.75,NA,0,NA,0.625,152.86,0.875,77.5,1,NA,NA,0.625
1993,12,21,1.78,0.75,NA,0,NA,0.375,93.57,0.875,85,0.75,NA,NA,0.375
1993,12,22,2.27,0.875,NA,0,NA,0.375,89.33,0.75,NA,0.625,NA,NA,0.375
1993,12,23,2.6,0.75,NA,0,2.53,0.75,158.5,1,84.13,1,0.88,86.13,0.75
1993,12,24,NA,0.625,NA,0,NA,0.625,84.14,0.875,81.57,0.875,NA,NA,0.625
1993,12,25,2.63,0.875,NA,0,5.16,0.875,71.88,1,84.13,1,4.15,29.46,0.875
1993,12,26,0.07,0.75,NA,0,NA,0.5,241.57,0.875,92.83,0.75,NA,NA,0.5
1993,12,27,-0.18,0.75,NA,0,4.07,0.75,221.12,1,71.38,1,3.75,242.99,0.75
1993,12,28,1.13,0.75,NA,0,3.63,0.75,125.86,0.875,81.43,0.875,2.03,88.22,0.75
1993,12,29,NA,0.625,NA,0,NA,0.5,NA,0.625,83.71,0.875,NA,NA,0.5
1993,12,30,2.55,1,NA,0,5.77,0.875,135.75,1,63.38,1,4.61,130.41,0.875
1993,12,31,0.68,0.75,NA,0,3.11,1,203.12,1,81.13,1,2.31,274.92,1
1994,1,1,0.32,0.75,NA,0,3.11,1,249.88,1,92.63,1,2.29,321.37,1
1994,1,2,0.57,0.875,NA,0,4.88,0.75,271,0.875,NA,0.25,4.65,270.71,0.75
1994,1,3,0.24,1,NA,0,4.15,1,244.62,1,81.63,1,4.11,243.81,1
1994,1,4,NA,0.25,NA,0,1.15,1,146.12,1,82.75,1,0.58,46.48,1
1994,1,5,NA,0.25,NA,0,NA,0.375,NA,0.375,NA,0.375,NA,NA,0.375
1994,1,6,2.38,1,NA,0,6.6,0.75,106,1,93.13,1,5.75,16.76,0.75
1994,1,7,NA,0.5,NA,0,2.43,0.875,174,0.875,91.86,0.875,0.41,306.74,0.875
1994,1,8,0.3,0.75,NA,0,4.74,1,222.88,1,72.13,1,3.83,248.81,1
1994,1,9,NA,0.125,NA,0,0.99,1,155.75,1,69.63,1,0.39,255.3,1
1994,1,10,NA,0.625,NA,0,NA,0.625,169.88,1,76.63,1,NA,NA,0.625
1994,1,11,3.17,0.875,NA,0,NA,0.375,152.29,0.875,NA,0.625,NA,NA,0.375
1994,1,12,NA,0.25,NA,0,1.73,0.875,282.86,0.875,NA,0.5,1.56,278.24,0.875
1994,1,13,NA,0.375,NA,0,NA,0.625,125.38,1,73.88,1,NA,NA,0.625
1994,1,14,NA,0.375,NA,0,1.23,0.75,220.88,1,NA,0.5,0.52,311,0.75
1994,1,15,1.24,1,NA,0,4.01,1,279.5,1,NA,0.5,3.53,275.26,1
1994,1,16,NA,0.625,NA,0,3.36,0.875,257.57,0.875,92.43,0.875,3.32,256.02,0.875
1994,1,17,NA,0.375,NA,0,1.91,0.875,286.57,0.875,NA,0.5,1.45,299.57,0.875
1994,1,18,5.01,0.875,NA,0,NA,0.25,66.38,1,81.13,1,NA,NA,0.25
1994,1,19,NA,0.5,NA,0,1.36,0.875,158,1,88.75,1,1.05,136.76,0.875
1994,1,20,1.4,0.75,NA,0,2.71,0.875,211.5,1,NA,0.625,1.33,275.93,0.875
1994,1,21,NA,0.625,NA,0,NA,0.5,156.29,0.875,82.86,0.875,NA,NA,0.5
1994,1,22,NA,0.625,NA,0,2.25,1,211,1,NA,0.625,0.54,337.34,1
1994,1,23,0.19,1,NA,0,4.9,1,266.5,1,84,1,4.44,265.22,1
1994,1,24,NA,0.375,NA,0,2.69,1,229.88,1,74.25,1,2.41,253.34,1
1994,1,25,NA,0.25,NA,0,1.82,1,223.25,1,73.88,1,1.47,248.75,1
1994,1,26,NA,0.375,NA,0,1.45,0.75,252.43,0.875,NA,0.625,0.69,104.59,0.75
1994,1,27,1.63,0.75,NA,0,NA,0.25,128.12,1,89.38,1,NA,NA,0.25
1994,1,28,2.61,0.875,NA,0,3.84,0.875,207.88,1,86.88,1,1.68,94.08,0.875
1994,1,29,NA,0.5,NA,0,NA,0.5,149.62,1,79.83,0.75,NA,NA,0.5
1994,1,30,1.63,0.875,NA,0,NA,0.125,102.14,0.875,79.86,0.875,NA,NA,0.125
1994,1,31,2.79,0.875,NA,0,NA,0.125,96.57,0.875,77.14,0.875,NA,NA,0.125
1994,2,1,2.86,1,NA,0,6.55,1,149.88,1,73.5,1,5.83,130.76,1
1994,2,2,1.85,0.75,NA,0,NA,0.5,NA,0.625,84,0.875,NA,NA,0.5
1994,2,3,NA,0.625,NA,0,3.89,0.875,270.86,0.875,83.83,0.75,3.5,253.43,0.875
1994,2,4,NA,0.625,NA,0,5,0.875,252.71,0.875,81.86,0.875,4.84,243.38,0.875
1994,2,5,NA,0.625,NA,0,NA,0.5,69.5,0.75,78.29,0.875,NA,NA,0.5
1994,2,6,1.22,0.75,NA,0,2.58,0.75,194.17,0.75,80.5,0.75,1.87,294.24,0.75
1994,2,7,NA,0.25,NA,0,1.33,0.75,195,0.75,87.57,0.875,0.41,134.79,0.75
1994,2,8,NA,0.625,NA,0,3.85,0.75,257.83,0.75,NA,0.5,3.01,252.98,0.75
1994,2,9,NA,0.375,NA,0,NA,0.5,NA,0.5,80.14,0.875,NA,NA,0.5
1994,2,10,NA,0.625,NA,0,2.54,0.875,213.43,0.875,76.57,0.875,1.32,255.29,0.875
1994,2,11,1.9,1,NA,0,6.45,0.75,184,1,86.17,0.75,3.04,139.35,0.75
1994,2,12,1.73,0.75,NA,0,NA,0.625,118.43,0.875,NA,0.625,NA,NA,0.625
1994,2,13,3.37,0.75,NA,0,6.92,0.75,138.14,0.875,86.33,0.75,5.24,35.65,0.75
1994,2,14,NA,0.375,NA,0,2.29,1,201.5,1,90.43,0.875,1.04,343.3,1
1994,2,15,1.14,0.875,NA,0,NA,0.625,230.71,0.875,96.43,0.875,NA,NA,0.625
1994,2,16,NA,0.625,NA,0,NA,0.625,NA,0.625,NA,0.5,NA,NA,0.625
1994,2,17,1.24,0.875,NA,0,NA,0.5,133.83,0.75,86.71,0.875,NA,NA,0.5
1994,2,18,NA,0.5,NA,0,1.88,0.75,135.67,0.75,89.29,0.875,1.12,8.56,0.75
1994,2,19,0.46,1,NA,0,NA,0.25,NA,0.5,84,0.875,NA,NA,0.25
1994,2,20,1.54,0.875,NA,0,NA,0.625,125.14,0.875,64.14,0.875,NA,NA,0.625
1994,2,21,1.5,0.875,NA,0,NA,0.625,NA,0.625,78.75,1,NA,NA,0.625
1994,2,22,NA,0.25,NA,0,NA,0.625,NA,0.625,80.86,0.875,NA,NA,0.625
1994,2,23,NA,0.5,NA,0,4.55,0.75,108.33,0.75,71.29,0.875,4.12,96.17,0.75
1994,2,24,1.65,1,NA,0,NA,0.625,114,1,80.43,0.875,NA,NA,0.625
1994,2,25,2.79,1,NA,0,NA,0.125,103,1,NA,0.5,NA,NA,0.125
1994,2,26,2.41,0.875,NA,0,10.4,0.75,298.43,0.875,94.83,0.75,10.31,351.48,0.75
1994,2,27,0.69,0.875,NA,0,5.75,0.75,297,0.875,85.33,0.75,3.95,284.36,0.75
1994,2,28,NA,0.625,NA,0,2.47,0.875,190.71,0.875,78.63,1,1.33,237.46,0.875
1994,3,1,0.04,0.875,NA,0,1.72,0.75,176.14,0.875,78,0.875,1.08,256.59,0.75
1994,3,2,-0.13,1,NA,0,NA,0.625,NA,0.625,69.38,1,NA,NA,0.625
1994,3,3,-1.32,0.75,NA,0,NA,0.5,44.67,0.75,77,0.75,NA,NA,0.5
1994,3,4,1.23,0.875,NA,0,NA,0.625,110,0.75,79.86,0.875,NA,NA,0.625
1994,3,5,5.12,0.75,NA,0,NA,0.25,34.17,0.75,NA,0.375,NA,NA,0.25
1994,3,6,3.18,0.75,NA,0,9.17,0.75,181.83,0.75,NA,0.25,8.83,3.51,0.75
1994,3,7,3.5,0.875,NA,0,8.71,0.875,23.57,0.875,NA,0.625,8.39,26.46,0.875
1994,3,8,4.2,0.875,NA,0,NA,0.625,82.71,0.875,81.57,0.875,NA,NA,0.625
1994,3,9,0.86,1,NA,0,NA,0.5,NA,0.5,NA,0.5,NA,NA,0.5
1994,3,10,0.24,0.875,NA,0,2.74,0.875,129.71,0.875,86.5,0.75,1.16,45.05,0.875
1994,3,11,-0.03,0.875,NA,0,NA,0.625,263,0.75,91.71,0.875,NA,NA,0.625
1994,3,12,0.36,0.875,NA,0,5.36,0.875,218.71,0.875,91.17,0.75,4.07,323.58,0.875
1994,3,13,0.71,0.875,NA,0,NA,0.625,139.86,0.875,NA,0.5,NA,NA,0.625
1994,3,14,1.11,1,NA,0,3.55,0.75,117.29,0.875,85.88,1,1.77,131.3,0.75
1994,3,15,0.51,1,NA,0,NA,0.625,242.75,1,NA,0.375,NA,NA,0.625
1994,3,16,0.24,1,NA,0,NA,0.375,266.5,1,86.43,0.875,NA,NA,0.375
1994,3,17,0.38,0.75,NA,0,6.48,0.75,235.33,0.75,95.33,0.75,6.31,239.59,0.75
1994,3,18,-0.53,0.875,NA,0,NA,0.375,NA,0.375,87.86,0.875,NA,NA,0.375
1994,3,19,0.8,1,NA,0,5.47,1,249.12,1,96.86,0.875,5.43,249.03,1
1994,3,20,0.18,1,NA,0,2.3,0.75,145,0.75,89.75,1,1.11,293.82,0.75
1994,3,21,-0.27,0.875,NA,0,NA,0.625,NA,0.625,91.29,0.875,NA,NA,0.625
1994,3,22,1.47,0.875,NA,0,1.85,0.75,210,0.75,NA,0.625,0.79,113.86,0.75
1994,3,23,1.33,1,NA,0,NA,0.5,NA,0.5,NA,0,NA,NA,0.5
1994,3,24,0.76,0.875,NA,0,NA,0.625,NA,0.625,NA,0.125,NA,NA,0.625
1994,3,25,0.53,1,NA,0,NA,0.625,168.75,1,89.88,1,NA,NA,0.625
1994,3,26,-0.49,0.875,NA,0,3.32,0.75,139.83,0.75,87.71,0.875,1.62,95.46,0.75
1994,3,27,-1.34,0.875,NA,0,5.59,0.875,95.86,0.875,88,0.75,4.02,118.83,0.875
1994,3,28,-2.12,1,NA,0,2.19,0.875,83.43,0.875,85.71,0.875,1.82,60.95,0.875
1994,3,29,-1.69,1,NA,0,1.08,0.75,169.5,0.75,84,1,0.81,222.01,0.75
1994,3,30,-0.75,1,NA,0,NA,0.5,NA,0.5,97,1,NA,NA,0.5
1994,3,31,-0.44,0.875,NA,0,NA,0.125,NA,0.125,NA,0.5,NA,NA,0.125
1994,4,1,-1.33,0.875,NA,0,NA,0.625,NA,0.625,92.14,0.875,NA,NA,0.625
1994,4,2,0.2,1,NA,0,2.04,0.875,221,0.875,NA,0.375,0.58,19.46,0.875
1994,4,3,0.05,1,NA,0,NA,0.625,NA,0.625,NA,0.375,NA,NA,0.625
1994,4,4,1.49,0.875,NA,0,2.17,0.75,203,0.75,NA,0.625,0.17,124.21,0.75
1994,4,5,1.94,0.875,NA,0,NA,0.5,152.67,0.75,94.86,0.875,NA,NA,0.5
1994,4,6,0.06,1,NA,0,1.9,0.875,218.71,0.875,NA,0.125,0.7,15.31,0.875
1994,4,7,0.76,1,NA,0,1.82,0.75,107.17,0.75,NA,0.125,0.8,62.56,0.75
1994,4,8,2.26,1,NA,0,1.95,0.75,198.83,0.75,87.63,1,0.68,344.15,0.75
1994,4,9,2.71,0.875,NA,0,NA,0.25,110.17,0.75,90.14,0.875,NA,NA,0.25
1994,4,10,0.1,0.875,NA,0,2.53,0.875,207.71,0.875,NA,0.625,1.77,310.15,0.875
1994,4,11,0.76,1,NA,0,7.03,1,177.38,1,NA,0.5,6.63,7.41,1
1994,4,12,1.3,1,NA,0,NA,0.25,191.38,1,93.67,0.75,NA,NA,0.25
1994,4,13,0.94,0.875,NA,0,6.63,0.75,289,0.75,95.43,0.875,6.5,346.89,0.75
1994,4,14,-1.03,0.875,NA,0,NA,0.625,NA,0.625,93.71,0.875,NA,NA,0.625
1994,4,15,NA,0.625,NA,0,NA,0.5,NA,0.5,NA,0.625,NA,NA,0.5
1994,4,16,NA,0,NA,0,NA,0,NA,0,NA,0,NA,NA,0
1994,4,17,NA,0,NA,0,NA,0,NA,0,NA,0,NA,NA,0
1994,4,18,NA,0,NA,0,NA,0,NA,0,NA,0,NA,NA,0
1994,4,19,NA,0,NA,0,NA,0,NA,0,NA,0,NA,NA,0
1994,4,20,NA,0,NA,0,NA,0,NA,0,NA,0,NA,NA,0
1994,4,21,NA,0,NA,0,NA,0,NA,0,NA,0,NA,NA,0
1994,4,22,NA,0,NA,0,NA,0,NA,0,NA,0,NA,NA,0
1994,4,23,NA,0,NA,0,NA,0,NA,0,NA,0,NA,NA,0
1994,4,24,NA,0,NA,0,NA,0,NA,0,NA,0,NA,NA,0
1994,4,25,NA,0,NA,0,NA,0,NA,0,NA,0,NA,NA,0
1994,4,26,NA,0,NA,0,NA,0,NA,0,NA,0,NA,NA,0
1994,4,27,NA,0,NA,0,NA,0,NA,0,NA,0,NA,NA,0
1994,4,28,NA,0,NA,0,NA,0,NA,0,NA,0,NA,NA,0
1994,4,29,NA,0,NA,0,NA,0,NA,0,NA,0,NA,NA,0
1994,4,30,NA,0,NA,0,NA,0,NA,0,NA,0,NA,NA,0
1994,5,1,NA,0,NA,0,NA,0,NA,0,NA,0,NA,NA,0
1994,5,2,NA,0,NA,0,NA,0,NA,0,NA,0,NA,NA,0
1994,5,3,NA,0,NA,0,NA,0,NA,0,NA,0,NA,NA,0
1994,5,4,NA,0,NA,0,NA,0,NA,0,NA,0,NA,NA,0
1994,5,5,NA,0,NA,0,NA,0,NA,0,NA,0,NA,NA,0
1994,5,6,NA,0,NA,0,NA,0,NA,0,NA,0,NA,NA,0
1994,5,7,NA,0,NA,0,NA,0,NA,0,NA,0,NA,NA,0
1994,5,8,NA,0,NA,0,NA,0,NA,0,NA,0,NA,NA,0
1994,5,9,NA,0,NA,0,NA,0,NA,0,NA,0,NA,NA,0
1994,5,10,NA,0,NA,0,NA,0,NA,0,NA,0,NA,NA,0
1994,5,11,NA,0,NA,0,NA,0,NA,0,NA,0,NA,NA,0
1994,5,12,NA,0,NA,0,NA,0,NA,0,NA,0,NA,NA,0
1994,5,13,NA,0,NA,0,NA,0,NA,0,NA,0,NA,NA,0
1994,5,14,NA,0,NA,0,NA,0,NA,0,NA,0,NA,NA,0
1994,5,15,NA,0,NA,0,NA,0,NA,0,NA,0,NA,NA,0
1994,5,16,NA,0,NA,0,NA,0,NA,0,NA,0,NA,NA,0
1994,5,17,NA,0,NA,0,NA,0,NA,0,NA,0,NA,NA,0
1994,5,18,NA,0,NA,0,NA,0,NA,0,NA,0,NA,NA,0
1994,5,19,NA,0,NA,0,NA,0,NA,0,NA,0,NA,NA,0
1994,5,20,NA,0,NA,0,NA,0,NA,0,NA,0,NA,NA,0
1994,5,21,NA,0,NA,0,NA,0,NA,0,NA,0,NA,NA,0
1994,5,22,NA,0,NA,0,NA,0,NA,0,NA,0,NA,NA,0
1994,5,23,NA,0,NA,0,NA,0,NA,0,NA,0,NA,NA,0
1994,5,24,NA,0,NA,0,NA,0,NA,0,NA,0,NA,NA,0
1994,5,25,NA,0,NA,0,NA,0,NA,0,NA,0,NA,NA,0
1994,5,26,NA,0,NA,0,NA,0,NA,0,NA,0,NA,NA,0
1994,5,27,NA,0,NA,0,NA,0,NA,0,NA,0,NA,NA,0
1994,5,28,NA,0,NA,0,NA,0,NA,0,NA,0,NA,NA,0
1994,5,29,NA,0,NA,0,NA,0,NA,0,NA,0,NA,NA,0
1994,5,30,NA,0,NA,0,NA,0,NA,0,NA,0,NA,NA,0
1994,5,31,NA,0,NA,0,NA,0,NA,0,NA,0,NA,NA,0
1994,6,1,NA,0,NA,0,NA,0,NA,0,NA,0,NA,NA,0
1994,6,2,NA,0,NA,0,NA,0,NA,0,NA,0,NA,NA,0
1994,6,3,NA,0,NA,0,NA,0,NA,0,NA,0,NA,NA,0
1994,6,4,NA,0,NA,0,NA,0,NA,0,NA,0,NA,NA,0
1994,6,5,NA,0,NA,0,NA,0,NA,0,NA,0,NA,NA,0
1994,6,6,NA,0,NA,0,NA,0,NA,0,NA,0,NA,NA,0
1994,6,7,NA,0,NA,0,NA,0,NA,0,NA,0,NA,NA,0
1994,6,8,NA,0,NA,0,NA,0,NA,0,NA,0,NA,NA,0
1994,6,9,NA,0,NA,0,NA,0,NA,0,NA,0,NA,NA,0
1994,6,10,NA,0,NA,0,NA,0,NA,0,NA,0,NA,NA,0
1994,6,11,NA,0,NA,0,NA,0,NA,0,NA,0,NA,NA,0
1994,6,12,NA,0,NA,0,NA,0,NA,0,NA,0,NA,NA,0
1994,6,13,NA,0,NA,0,NA,0,NA,0,NA,0,NA,NA,0
1994,6,14,NA,0,NA,0,NA,0,NA,0,NA,0,NA,NA,0
1994,6,15,NA,0,NA,0,NA,0,NA,0,NA,0,NA,NA,0
1994,6,16,NA,0,NA,0,NA,0,NA,0,NA,0,NA,NA,0
1994,6,17,NA,0,NA,0,NA,0,NA,0,NA,0,NA,NA,0
1994,6,18,NA,0,NA,0,NA,0,NA,0,NA,0,NA,NA,0
1994,6,19,NA,0,NA,0,NA,0,NA,0,NA,0,NA,NA,0
1994,6,20,NA,0,NA,0,NA,0,NA,0,NA,0,NA,NA,0
1994,6,21,NA,0,NA,0,NA,0,NA,0,NA,0,NA,NA,0
1994,6,22,NA,0,NA,0,NA,0,NA,0,NA,0,NA,NA,0
1994,6,23,NA,0,NA,0,NA,0,NA,0,NA,0,NA,NA,0
1994,6,24,NA,0,NA,0,NA,0,NA,0,NA,0,NA,NA,0
1994,6,25,NA,0,NA,0,NA,0,NA,0,NA,0,NA,NA,0
1994,6,26,NA,0,NA,0,NA,0,NA,0,NA,0,NA,NA,0
1994,6,27,NA,0,NA,0,NA,0,NA,0,NA,0,NA,NA,0
1994,6,28,NA,0,NA,0,NA,0,NA,0,NA,0,NA,NA,0
1994,6,29,NA,0,NA,0,NA,0,NA,0,NA,0,NA,NA,0
1994,6,30,NA,0,NA,0,NA,0,NA,0,NA,0,NA,NA,0
1994,7,1,NA,0,NA,0,NA,0,NA,0,NA,0,NA,NA,0
1994,7,2,NA,0,NA,0,NA,0,NA,0,NA,0,NA,NA,0
1994,7,3,NA,0,NA,0,NA,0,NA,0,NA,0,NA,NA,0
1994,7,4,NA,0,NA,0,NA,0,NA,0,NA,0,NA,NA,0
1994,7,5,NA,0,NA,0,NA,0,NA,0,NA,0,NA,NA,0
1994,7,6,NA,0,NA,0,NA,0,NA,0,NA,0,NA,NA,0
1994,7,7,NA,0,NA,0,NA,0,NA,0,NA,0,NA,NA,0
1994,7,8,NA,0,NA,0,NA,0,NA,0,NA,0,NA,NA,0
1994,7,9,NA,0,NA,0,NA,0,NA,0,NA,0,NA,NA,0
1994,7,10,NA,0,NA,0,NA,0,NA,0,NA,0,NA,NA,0
1994,7,11,NA,0,NA,0,NA,0,NA,0,NA,0,NA,NA,0
1994,7,12,NA,0,NA,0,NA,0,NA,0,NA,0,NA,NA,0
1994,7,13,NA,0,NA,0,NA,0,NA,0,NA,0,NA,NA,0
1994,7,14,NA,0,NA,0,NA,0,NA,0,NA,0,NA,NA,0
1994,7,15,NA,0,NA,0,NA,0,NA,0,NA,0,NA,NA,0
1994,7,16,NA,0,NA,0,NA,0,NA,0,NA,0,NA,NA,0
1994,7,17,NA,0,NA,0,NA,0,NA,0,NA,0,NA,NA,0
1994,7,18,NA,0,NA,0,NA,0,NA,0,NA,0,NA,NA,0
1994,7,19,NA,0,NA,0,NA,0,NA,0,NA,0,NA,NA,0
1994,7,20,NA,0,NA,0,NA,0,NA,0,NA,0,NA,NA,0
1994,7,21,NA,0,NA,0,NA,0,NA,0,NA,0,NA,NA,0
1994,7,22,NA,0,NA,0,NA,0,NA,0,NA,0,NA,NA,0
1994,7,23,NA,0,NA,0,NA,0,NA,0,NA,0,NA,NA,0
1994,7,24,NA,0,NA,0,NA,0,NA,0,NA,0,NA,NA,0
1994,7,25,NA,0,NA,0,NA,0,NA,0,NA,0,NA,NA,0
1994,7,26,NA,0,NA,0,NA,0,NA,0,NA,0,NA,NA,0
1994,7,27,NA,0,NA,0,NA,0,NA,0,NA,0,NA,NA,0
1994,7,28,NA,0,NA,0,NA,0,NA,0,NA,0,NA,NA,0
1994,7,29,NA,0,NA,0,NA,0,NA,0,NA,0,NA,NA,0
1994,7,30,NA,0,NA,0,NA,0,NA,0,NA,0,NA,NA,0
1994,7,31,NA,0,NA,0,NA,0,NA,0,NA,0,NA,NA,0
1994,8,1,NA,0,NA,0,NA,0,NA,0,NA,0,NA,NA,0
1994,8,2,NA,0,NA,0,NA,0,NA,0,NA,0,NA,NA,0
1994,8,3,NA,0,NA,0,NA,0,NA,0,NA,0,NA,NA,0
1994,8,4,NA,0,NA,0,NA,0,NA,0,NA,0,NA,NA,0
1994,8,5,NA,0,NA,0,NA,0,NA,0,NA,0,NA,NA,0
1994,8,6,NA,0,NA,0,NA,0,NA,0,NA,0,NA,NA,0
1994,8,7,NA,0,NA,0,NA,0,NA,0,NA,0,NA,NA,0
1994,8,8,NA,0,NA,0,NA,0,NA,0,NA,0,NA,NA,0
1994,8,9,NA,0,NA,0,NA,0,NA,0,NA,0,NA,NA,0
1994,8,10,NA,0,NA,0,NA,0,NA,0,NA,0,NA,NA,0
1994,8,11,NA,0,NA,0,NA,0,NA,0,NA,0,NA,NA,0
1994,8,12,NA,0,NA,0,NA,0,NA,0,NA,0,NA,NA,0
1994,8,13,NA,0,NA,0,NA,0,NA,0,NA,0,NA,NA,0
1994,8,14,NA,0,NA,0,NA,0,NA,0,NA,0,NA,NA,0
1994,8,15,NA,0,NA,0,NA,0,NA,0,NA,0,NA,NA,0
1994,8,16,NA,0,NA,0,NA,0,NA,0,NA,0,NA,NA,0
1994,8,17,NA,0,NA,0,NA,0,NA,0,NA,0,NA,NA,0
1994,8,18,NA,0,NA,0,NA,0,NA,0,NA,0,NA,NA,0
1994,8,19,NA,0,NA,0,NA,0,NA,0,NA,0,NA,NA,0
1994,8,20,NA,0,NA,0,NA,0,NA,0,NA,0,NA,NA,0
1994,8,21,NA,0,NA,0,NA,0,NA,0,NA,0,NA,NA,0
1994,8,22,NA,0,NA,0,NA,0,NA,0,NA,0,NA,NA,0
1994,8,23,NA,0,NA,0,NA,0,NA,0,NA,0,NA,NA,0
1994,8,24,NA,0,NA,0,NA,0,NA,0,NA,0,NA,NA,0
1994,8,25,NA,0,NA,0,NA,0,NA,0,NA,0,NA,NA,0
1994,8,26,NA,0,NA,0,NA,0,NA,0,NA,0,NA,NA,0
1994,8,27,NA,0,NA,0,NA,0,NA,0,NA,0,NA,NA,0
1994,8,28,NA,0,NA,0,NA,0,NA,0,NA,0,NA,NA,0
1994,8,29,NA,0,NA,0,NA,0,NA,0,NA,0,NA,NA,0
1994,8,30,NA,0,NA,0,NA,0,NA,0,NA,0,NA,NA,0
1994,8,31,NA,0,NA,0,NA,0,NA,0,NA,0,NA,NA,0
1994,9,1,NA,0,NA,0,NA,0,NA,0,NA,0,NA,NA,0
1994,9,2,NA,0,NA,0,NA,0,NA,0,NA,0,NA,NA,0
1994,9,3,NA,0,NA,0,NA,0,NA,0,NA,0,NA,NA,0
1994,9,4,NA,0,NA,0,NA,0,NA,0,NA,0,NA,NA,0
1994,9,5,NA,0,NA,0,NA,0,NA,0,NA,0,NA,NA,0
1994,9,6,NA,0,NA,0,NA,0,NA,0,NA,0,NA,NA,0
1994,9,7,NA,0,NA,0,NA,0,NA,0,NA,0,NA,NA,0
1994,9,8,NA,0,NA,0,NA,0,NA,0,NA,0,NA,NA,0
1994,9,9,NA,0,NA,0,NA,0,NA,0,NA,0,NA,NA,0
1994,9,10,NA,0,NA,0,NA,0,NA,0,NA,0,NA,NA,0
1994,9,11,NA,0,NA,0,NA,0,NA,0,NA,0,NA,NA,0
1994,9,12,NA,0,NA,0,NA,0,NA,0,NA,0,NA,NA,0
1994,9,13,NA,0,NA,0,NA,0,NA,0,NA,0,NA,NA,0
1994,9,14,NA,0,NA,0,NA,0,NA,0,NA,0,NA,NA,0
1994,9,15,NA,0,NA,0,NA,0,NA,0,NA,0,NA,NA,0
1994,9,16,NA,0,NA,0,NA,0,NA,0,NA,0,NA,NA,0
1994,9,17,NA,0,NA,0,NA,0,NA,0,NA,0,NA,NA,0
1994,9,18,NA,0,NA,0,NA,0,NA,0,NA,0,NA,NA,0
1994,9,19,NA,0,NA,0,NA,0,NA,0,NA,0,NA,NA,0
1994,9,20,NA,0,NA,0,NA,0,NA,0,NA,0,NA,NA,0
1994,9,21,NA,0,NA,0,NA,0,NA,0,NA,0,NA,NA,0
1994,9,22,NA,0,NA,0,NA,0,NA,0,NA,0,NA,NA,0
1994,9,23,NA,0,NA,0,NA,0,NA,0,NA,0,NA,NA,0
1994,9,24,NA,0,NA,0,NA,0,NA,0,NA,0,NA,NA,0
1994,9,25,NA,0,NA,0,NA,0,NA,0,NA,0,NA,NA,0
1994,9,26,NA,0,NA,0,NA,0,NA,0,NA,0,NA,NA,0
1994,9,27,NA,0.125,NA,0,NA,0.125,NA,0.125,NA,0.125,NA,NA,0.125
1994,9,28,NA,0.125,NA,0,NA,0.125,NA,0.125,NA,0.125,NA,NA,0.125
1994,9,29,NA,0,NA,0,NA,0,NA,0,NA,0,NA,NA,0
1994,9,30,NA,0,NA,0,NA,0,NA,0,NA,0,NA,NA,0
1994,10,1,NA,0,NA,0,NA,0,NA,0,NA,0,NA,NA,0
1994,10,2,NA,0,NA,0,NA,0,NA,0,NA,0,NA,NA,0
1994,10,3,NA,0,NA,0,NA,0,NA,0,NA,0,NA,NA,0
1994,10,4,NA,0.375,NA,0,NA,0.375,NA,0.375,NA,0.375,NA,NA,0.375
1994,10,5,NA,0,NA,0,NA,0,NA,0,NA,0,NA,NA,0
1994,10,6,NA,0,NA,0,NA,0,NA,0,NA,0,NA,NA,0
1994,10,7,NA,0,NA,0,NA,0,NA,0,NA,0,NA,NA,0
1994,10,8,NA,0,NA,0,NA,0,NA,0,NA,0,NA,NA,0
1994,10,9,NA,0,NA,0,NA,0,NA,0,NA,0,NA,NA,0
1994,10,10,NA,0,NA,0,NA,0,NA,0,NA,0,NA,NA,0
1994,10,11,NA,0.125,NA,0,NA,0.125,NA,0.125,NA,0.125,NA,NA,0.125
1994,10,12,NA,0,NA,0,NA,0,NA,0,NA,0,NA,NA,0
1994,10,13,NA,0.375,NA,0,NA,0.125,NA,0.375,NA,0.375,NA,NA,0.125
1994,10,14,NA,0,NA,0,NA,0,NA,0,NA,0,NA,NA,0
1994,10,15,NA,0,NA,0,NA,0,NA,0,NA,0,NA,NA,0
1994,10,16,NA,0,NA,0,NA,0,NA,0,NA,0,NA,NA,0
1994,10,17,NA,0.125,NA,0,NA,0.125,NA,0.125,NA,0,NA,NA,0.125
1994,10,18,NA,0.125,NA,0,NA,0.125,NA,0.125,NA,0,NA,NA,0.125
1994,10,19,NA,0,NA,0,NA,0,NA,0,NA,0,NA,NA,0
1994,10,20,NA,0.25,NA,0,NA,0.25,NA,0.25,NA,0.25,NA,NA,0.25
1994,10,21,NA,0.125,NA,0,NA,0.125,NA,0.125,NA,0.125,NA,NA,0.125
1994,10,22,NA,0,NA,0,NA,0,NA,0,NA,0,NA,NA,0
1994,10,23,NA,0.375,NA,0,NA,0.125,NA,0.125,NA,0.375,NA,NA,0.125
1994,10,24,NA,0.375,NA,0,NA,0.25,NA,0.25,NA,0.375,NA,NA,0.25
1994,10,25,NA,0.25,NA,0,NA,0.125,NA,0.125,NA,0.25,NA,NA,0.125
1994,10,26,NA,0.25,NA,0,NA,0.25,NA,0.25,NA,0.25,NA,NA,0.25
1994,10,27,NA,0,NA,0,NA,0,NA,0,NA,0,NA,NA,0
1994,10,28,NA,0,NA,0,NA,0,NA,0,NA,0,NA,NA,0
1994,10,29,NA,0,NA,0,NA,0,NA,0,NA,0,NA,NA,0
1994,10,30,NA,0,NA,0,NA,0,NA,0,NA,0,NA,NA,0
1994,10,31,NA,0,NA,0,NA,0,NA,0,NA,0,NA,NA,0
1994,11,1,NA,0,NA,0,NA,0,NA,0,NA,0,NA,NA,0
1994,11,2,NA,0,NA,0,NA,0,NA,0,NA,0,NA,NA,0
1994,11,3,NA,0,NA,0,NA,0,NA,0,NA,0,NA,NA,0
1994,11,4,NA,0,NA,0,NA,0,NA,0,NA,0,NA,NA,0
1994,11,5,NA,0,NA,0,NA,0,NA,0,NA,0,NA,NA,0
1994,11,6,NA,0,NA,0,NA,0,NA,0,NA,0,NA,NA,0
1994,11,7,NA,0,NA,0,NA,0,NA,0,NA,0,NA,NA,0
1994,11,8,NA,0,NA,0,NA,0,NA,0,NA,0,NA,NA,0
1994,11,9,NA,0,NA,0,NA,0,NA,0,NA,0,NA,NA,0
1994,11,10,NA,0,NA,0,NA,0,NA,0,NA,0,NA,NA,0
1994,11,11,NA,0,NA,0,NA,0,NA,0,NA,0,NA,NA,0
1994,11,12,NA,0,NA,0,NA,0,NA,0,NA,0,NA,NA,0
1994,11,13,NA,0,NA,0,NA,0,NA,0,NA,0,NA,NA,0
1994,11,14,NA,0,NA,0,NA,0,NA,0,NA,0,NA,NA,0
1994,11,15,NA,0,NA,0,NA,0,NA,0,NA,0,NA,NA,0
1994,11,16,NA,0,NA,0,NA,0,NA,0,NA,0,NA,NA,0
1994,11,17,NA,0,NA,0,NA,0,NA,0,NA,0,NA,NA,0
1994,11,18,NA,0,NA,0,NA,0,NA,0,NA,0,NA,NA,0
1994,11,19,NA,0,NA,0,NA,0,NA,0,NA,0,NA,NA,0
1994,11,20,NA,0,NA,0,NA,0,NA,0,NA,0,NA,NA,0
1994,11,21,NA,0,NA,0,NA,0,NA,0,NA,0,NA,NA,0
1994,11,22,NA,0,NA,0,NA,0,NA,0,NA,0,NA,NA,0
1994,11,23,NA,0,NA,0,NA,0,NA,0,NA,0,NA,NA,0
1994,11,24,NA,0,NA,0,NA,0,NA,0,NA,0,NA,NA,0
1994,11,25,NA,0,NA,0,NA,0,NA,0,NA,0,NA,NA,0
1994,11,26,NA,0,NA,0,NA,0,NA,0,NA,0,NA,NA,0
1994,11,27,NA,0,NA,0,NA,0,NA,0,NA,0,NA,NA,0
1994,11,28,NA,0,NA,0,NA,0,NA,0,NA,0,NA,NA,0
1994,11,29,NA,0,NA,0,NA,0,NA,0,NA,0,NA,NA,0
1994,11,30,NA,0,NA,0,NA,0,NA,0,NA,0,NA,NA,0
1994,12,1,NA,0.125,NA,0,NA,0,NA,0,NA,0.125,NA,NA,0
1994,12,2,NA,0.125,NA,0,0.63,0.75,184.5,0.75,89.57,0.875,0.41,154.38,0.75
1994,12,3,NA,0.5,NA,0,NA,0.625,NA,0.625,87.13,1,NA,NA,0.625
1994,12,4,NA,0.5,NA,0,2.11,1,135.38,1,90.25,1,1.29,126.21,1
1994,12,5,3.93,0.875,NA,0,NA,0.625,106.14,0.875,77.29,0.875,NA,NA,0.625
1994,12,6,5.02,0.75,NA,0,NA,0.25,70.67,0.75,82.17,0.75,NA,NA,0.25
1994,12,7,2.83,0.75,NA,0,NA,0.625,76.17,0.75,88.33,0.75,NA,NA,0.625
1994,12,8,NA,0.625,NA,0,3.29,0.875,281.29,0.875,90,0.875,3.07,330.61,0.875
1994,12,9,NA,0.625,NA,0,NA,0.625,NA,0.625,82.63,1,NA,NA,0.625
1994,12,10,NA,0.625,NA,0,NA,0.5,93.17,0.75,84,0.875,NA,NA,0.5
1994,12,11,NA,0.5,NA,0,NA,0.25,NA,0.25,83.14,0.875,NA,NA,0.25
1994,12,12,-0.43,0.75,NA,0,NA,0.25,NA,0.25,93.88,1,NA,NA,0.25
1994,12,13,3.36,0.875,NA,0,7.1,0.75,75.25,1,84.38,1,5.67,41.97,0.75
1994,12,14,1.88,1,NA,0,NA,0.625,144.88,1,NA,0.25,NA,NA,0.625
1994,12,15,NA,0.625,NA,0,4.12,0.75,125.83,0.75,88.33,0.75,2.39,50.79,0.75
1994,12,16,2.07,0.75,NA,0,NA,0.625,NA,0.625,84.29,0.875,NA,NA,0.625
1994,12,17,4.43,1,NA,0,NA,0.625,58.5,1,84.13,1,NA,NA,0.625
1994,12,18,4.4,1,NA,0,11.21,0.875,21.88,1,85.25,1,10.98,24.81,0.875
1994,12,19,2.83,0.75,NA,0,NA,0.5,78.17,0.75,86.57,0.875,NA,NA,0.5
1994,12,20,-0.03,0.75,NA,0,NA,0.5,NA,0.625,94,0.875,NA,NA,0.5
1994,12,21,NA,0.5,NA,0,2.4,0.875,267.14,0.875,87.14,0.875,2.33,262.23,0.875
1994,12,22,NA,0.375,NA,0,1.99,1,255.75,1,80,1,1.96,253.46,1
1994,12,23,NA,0.375,NA,0,NA,0.5,NA,0.5,80.14,0.875,NA,NA,0.5
1994,12,24,NA,0.375,NA,0,NA,0.625,NA,0.625,84,0.75,NA,NA,0.625
1994,12,25,NA,0.5,NA,0,2.94,0.875,263.71,0.875,82.57,0.875,2.79,260.07,0.875
1994,12,26,-0.59,0.875,NA,0,3.56,1,260.38,1,84.25,1,3.24,266.75,1
1994,12,27,-0.04,1,NA,0,4.55,1,275.38,1,94.13,1,4.44,274.05,1
1994,12,28,-0.6,0.875,NA,0,NA,0.625,284.57,0.875,96.57,0.875,NA,NA,0.625
1994,12,29,NA,0.625,NA,0,3.03,0.75,319.83,0.75,93.43,0.875,2.83,321.55,0.75
1994,12,30,NA,0.5,NA,0,2.38,0.75,270.5,0.75,87.67,0.75,2.19,266.34,0.75
1994,12,31,-0.25,0.75,NA,0,2.73,0.75,223.67,0.75,74.86,0.875,1.51,320,0.75
1995,1,1,1.37,0.75,NA,0,NA,0.375,151.17,0.75,87.67,0.75,NA,NA,0.375
1995,1,2,NA,0.5,NA,0,2.27,0.875,129.71,0.875,93.83,0.75,1.42,127.09,0.875
1995,1,3,NA,0.375,NA,0,NA,0.625,NA,0.625,92,0.75,NA,NA,0.625
1995,1,4,4.7,0.75,NA,0,3,0.75,165.62,1,70.57,0.875,1.38,65.82,0.75
1995,1,5,NA,0.375,NA,0,1.59,0.875,247.14,0.875,91.43,0.875,0.73,300.52,0.875
1995,1,6,NA,0.5,NA,0,NA,0.625,NA,0.625,81.86,0.875,NA,NA,0.625
1995,1,7,NA,0.5,NA,0,NA,0.5,NA,0.5,75.43,0.875,NA,NA,0.5
1995,1,8,NA,0.25,NA,0,NA,0.5,NA,0.5,79.83,0.75,NA,NA,0.5
1995,1,9,NA,0.375,NA,0,1.85,0.75,205.5,0.75,87.57,0.875,0.45,88.58,0.75
1995,1,10,3.96,1,NA,0,7.9,0.875,63.5,1,87.57,0.875,7.48,19.3,0.875
1995,1,11,3.99,0.875,NA,0,NA,0.625,125.14,0.875,80.33,0.75,NA,NA,0.625
1995,1,12,NA,0.625,NA,0,3.23,0.75,204,0.875,90.33,0.75,1.44,350.06,0.75
1995,1,13,NA,0.125,NA,0,1.4,0.75,119.83,0.75,NA,0.625,0.96,126.05,0.75
1995,1,14,NA,0.5,NA,0,2,0.875,162.71,0.875,91.13,1,1.15,116.31,0.875
1995,1,15,NA,0.375,NA,0,1.73,0.875,246.88,1,87.88,1,1.02,356.23,0.875
1995,1,16,NA,0.375,NA,0,NA,0.5,NA,0.5,80.67,0.75,NA,NA,0.5
1995,1,17,NA,0.5,NA,0,NA,0.5,NA,0.5,64,0.75,NA,NA,0.5
1995,1,18,NA,0.625,NA,0,4.68,0.75,56,0.875,81.5,0.75,4.25,25.4,0.75
1995,1,19,3.39,1,NA,0,NA,0.5,78,1,81.43,0.875,NA,NA,0.5
1995,1,20,2.19,1,NA,0,7.36,1,307.12,1,93.14,0.875,7.26,353.37,1
1995,1,21,3.03,0.875,NA,0,NA,0.375,104.14,0.875,91,0.75,NA,NA,0.375
1995,1,22,NA,0.625,NA,0,NA,0.625,160.5,0.75,85.71,0.875,NA,NA,0.625
1995,1,23,4.19,1,NA,0,NA,0.5,87.75,1,85.5,0.75,NA,NA,0.5
1995,1,24,5.47,0.75,NA,0,NA,0.5,124.29,0.875,NA,0.25,NA,NA,0.5
1995,1,25,4.55,0.75,NA,0,10.08,0.75,64.17,0.75,NA,0.375,10,3.11,0.75
1995,1,26,NA,0.625,NA,0,NA,0.375,NA,0.5,NA,0.5,NA,NA,0.375
1995,1,27,3.95,0.75,NA,0,NA,0.5,52.14,0.875,NA,0.5,NA,NA,0.5
1995,1,28,4.19,1,NA,0,NA,0.5,57.12,1,83.57,0.875,NA,NA,0.5
1995,1,29,NA,0.625,NA,0,2.59,1,150.25,1,88.5,1,1.08,82.56,1
1995,1,30,NA,0.5,NA,0,NA,0.375,110.14,0.875,83.14,0.875,NA,NA,0.375
1995,1,31,3.39,0.875,NA,0,NA,0.625,162.17,0.75,87.57,0.875,NA,NA,0.625
1995,2,1,NA,0.5,NA,0,2.11,0.875,267.5,1,95.38,1,1.36,329.83,0.875
1995,2,2,0.94,1,NA,0,4.74,1,248.5,1,91,1,4.56,252.93,1
1995,2,3,NA,0.625,NA,0,2.83,0.875,242.43,0.875,85,1,2.75,242.69,0.875
1995,2,4,NA,0.5,NA,0,2.15,0.75,172.5,0.75,75.75,1,0.57,345.07,0.75
1995,2,5,1.97,0.75,NA,0,NA,0.125,61.29,0.875,70.75,1,NA,NA,0.125
1995,2,6,3.06,1,NA,0,NA,0.5,114.75,1,78,1,NA,NA,0.5
1995,2,7,3.09,1,NA,0,5.72,0.75,180.88,1,81.88,1,4.78,122.04,0.75
1995,2,8,2.75,1,NA,0,6.14,0.875,142.25,1,88.25,1,5.92,20.4,0.875
1995,2,9,4.9,1,NA,0,NA,0.625,38.5,1,87.38,1,NA,NA,0.625
1995,2,10,2.89,1,NA,0,9.19,1,180,1,96.17,0.75,9.07,2.3,1
1995,2,11,4.6,0.875,NA,0,NA,0.375,75.29,0.875,84.67,0.75,NA,NA,0.375
1995,2,12,3.26,1,NA,0,NA,0.625,112.75,1,NA,0.5,NA,NA,0.625
1995,2,13,1.54,1,NA,0,6.19,0.875,336.12,1,90.25,1,6.04,334.73,0.875
1995,2,14,1.33,0.75,NA,0,3.71,1,229.62,1,89.88,1,2.01,326.76,1
1995,2,15,1.8,0.875,NA,0,3.14,1,131.88,1,88.75,1,2.72,126.26,1
1995,2,16,NA,0.5,NA,0,NA,0.625,NA,0.625,90.38,1,NA,NA,0.625
1995,2,17,NA,0.625,NA,0,1.97,0.875,247.86,0.875,96.43,0.875,1.79,251.12,0.875
1995,2,18,NA,0.625,NA,0,1.9,0.75,248,0.75,88.25,1,1.69,236.5,0.75
1995,2,19,0.07,0.75,NA,0,NA,0.375,NA,0.375,93.25,1,NA,NA,0.375
1995,2,20,NA,0.5,NA,0,NA,0.625,NA,0.625,94.14,0.875,NA,NA,0.625
1995,2,21,NA,0.625,NA,0,2.25,1,236.38,1,NA,0.25,1.91,331.83,1
1995,2,22,0.55,1,NA,0,4.12,1,258.88,1,NA,0,2.69,279.62,1
1995,2,23,-0.23,0.875,NA,0,3.56,1,240.75,1,91.17,0.75,3.43,237.95,1
1995,2,24,0.87,0.75,NA,0,NA,0.5,149.62,1,88.13,1,NA,NA,0.5
1995,2,25,1.51,0.875,NA,0,5.5,0.875,92.12,1,96.5,1,5.44,2.42,0.875
1995,2,26,0.82,0.75,NA,0,2.97,0.75,274.29,0.875,98,1,2.64,310.06,0.75
1995,2,27,-0.08,0.75,NA,0,5.45,0.75,239.17,0.75,87.17,0.75,2.43,302.36,0.75
1995,2,28,2.31,0.875,NA,0,NA,0.5,111.71,0.875,86.67,0.75,NA,NA,0.5
1995,3,1,2.04,1,NA,0,7.29,1,332.75,1,NA,0.125,7.12,329,1
1995,3,2,2.39,1,NA,0,5.1,0.75,100.71,0.875,90.5,1,4.55,5.87,0.75
1995,3,3,-0.52,1,NA,0,1.86,0.875,274.86,0.875,95.83,0.75,0.9,300.12,0.875
1995,3,4,2.06,1,NA,0,NA,0.625,65.25,1,82,1,NA,NA,0.625
1995,3,5,3.14,1,NA,0,12.15,0.75,65.25,1,93.38,1,11.2,25.53,0.75
1995,3,6,0.83,1,NA,0,NA,0.625,193.62,1,NA,0.625,NA,NA,0.625
1995,3,7,0.1,1,NA,0,NA,0.625,119.57,0.875,82.5,1,NA,NA,0.625
1995,3,8,-1.15,1,NA,0,NA,0.5,NA,0.625,78,1,NA,NA,0.5
1995,3,9,-0.1,1,NA,0,NA,0.375,157.71,0.875,87.63,1,NA,NA,0.375
1995,3,10,-0.7,0.875,NA,0,NA,0.5,144.83,0.75,85.43,0.875,NA,NA,0.5
1995,3,11,-0.13,1,NA,0,1.63,0.75,182.43,0.875,75.38,1,1.09,28.03,0.75
1995,3,12,0.86,1,NA,0,3.33,0.75,78.25,1,78.63,1,2.33,62.6,0.75
1995,3,13,2.17,0.875,NA,0,NA,0.25,110.14,0.875,87.17,0.75,NA,NA,0.25
1995,3,14,1.88,1,NA,0,7.2,1,344.88,1,NA,0.25,7.14,344.66,1
1995,3,15,0.24,1,NA,0,NA,0.5,NA,0.625,90.13,1,NA,NA,0.5
1995,3,16,-1,1,NA,0,3.89,0.875,126.12,1,88.63,1,0.78,96.09,0.875
1995,3,17,-0.59,1,NA,0,2.99,0.875,144.86,0.875,75.5,1,2.74,128.12,0.875
1995,3,18,-1.3,0.875,NA,0,NA,0.5,224.33,0.75,74.29,0.875,NA,NA,0.5
1995,3,19,-0.58,1,NA,0,NA,0.5,115.14,0.875,81.88,1,NA,NA,0.5
1995,3,20,-1.21,1,NA,0,2.69,1,121.38,1,71.63,1,0.62,359.9,1
1995,3,21,-2.46,1,NA,0,1.85,1,55.38,1,61.63,1,1.54,59.22,1
1995,3,22,-2.03,1,NA,0,2.82,1,181.5,1,65.5,1,1.55,245.78,1
1995,3,23,-1.56,1,NA,0,3.45,0.75,165.25,1,79.25,1,2.52,3.49,0.75
1995,3,24,0.64,1,NA,0,7.15,0.75,114.88,1,76.75,1,6.27,99.47,0.75
1995,3,25,0.65,1,NA,0,5.55,0.75,104.5,1,82.13,1,5.32,107.79,0.75
1995,3,26,0.18,1,NA,0,NA,0.375,127.25,1,61.38,1,NA,NA,0.375
1995,3,27,0.58,1,NA,0,7.03,0.75,142,1,54.63,1,5.1,116.98,0.75
1995,3,28,-0.44,0.875,NA,0,2.77,0.875,215.29,0.875,79.43,0.875,1.77,280.06,0.875
1995,3,29,-1.18,1,NA,0,3.54,0.875,216.43,0.875,83.63,1,3.5,227.43,0.875
1995,3,30,-1.93,1,NA,0,5.73,0.875,251.62,1,78.13,1,5.44,245.85,0.875
1995,3,31,-3.91,1,NA,0,3.4,0.875,211.43,0.875,69.38,1,2.97,244.16,0.875
1995,4,1,-4.71,1,NA,0,2.09,1,67.75,1,73.63,1,2.02,65.71,1
1995,4,2,-1.19,1,NA,0,2.14,0.875,123.43,0.875,76.13,1,2.08,124.76,0.875
1995,4,3,0.44,1,NA,0,NA,0.625,138.33,0.75,84.75,1,NA,NA,0.625
1995,4,4,3.65,1,NA,0,NA,0.375,59.29,0.875,81.75,1,NA,NA,0.375
1995,4,5,2,1,NA,0,NA,0.5,129.29,0.875,82,1,NA,NA,0.5
1995,4,6,-0.34,1,NA,0,NA,0.625,89.83,0.75,85.75,1,NA,NA,0.625
1995,4,7,0.01,0.875,NA,0,NA,0.625,NA,0.625,92,1,NA,NA,0.625
1995,4,8,-0.21,1,NA,0,NA,0.625,150.67,0.75,96.75,1,NA,NA,0.625
1995,4,9,0.06,1,NA,0,NA,0.375,64.33,0.75,89.88,1,NA,NA,0.375
1995,4,10,-1.06,1,NA,0,2.55,1,165.75,1,91.38,1,0.5,341.43,1
1995,4,11,-0.54,1,NA,0,5.23,0.75,104.88,1,87.75,1,5.09,119.53,0.75
1995,4,12,-0.01,1,NA,0,NA,0.375,NA,0.625,87.25,1,NA,NA,0.375
1995,4,13,0.61,1,NA,0,5.32,0.75,99.75,1,76,1,4.72,103.51,0.75
1995,4,14,-0.69,1,NA,0,NA,0.25,140.83,0.75,83.75,1,NA,NA,0.25
1995,4,15,1.89,1,NA,0,NA,0.5,31.25,1,90.5,0.75,NA,NA,0.5
1995,4,16,1.4,1,NA,0,NA,0.625,77.25,1,NA,0.25,NA,NA,0.625
1995,4,17,0.54,1,NA,0,7,0.75,115,1,83.75,1,5.2,43.58,0.75
1995,4,18,-3.08,1,NA,0,NA,0.625,72.57,0.875,92.38,1,NA,NA,0.625
1995,4,19,-1.94,1,NA,0,NA,0.25,42.5,1,81.29,0.875,NA,NA,0.25
1995,4,20,1.28,1,NA,0,6.87,0.875,202.88,1,94.13,1,4.79,6.47,0.875
1995,4,21,0.7,1,NA,0,4.9,0.75,247,1,91.5,1,3.47,341.57,0.75
1995,4,22,1.89,1,NA,0,NA,0.25,40.75,1,NA,0.375,NA,NA,0.25
1995,4,23,2.3,0.875,NA,0,NA,0.25,165.14,0.875,NA,0.375,NA,NA,0.25
1995,4,24,NA,0.125,NA,0,NA,0.125,NA,0.125,NA,0.125,NA,NA,0.125
1995,4,25,NA,0,NA,0,NA,0,NA,0,NA,0,NA,NA,0
1995,4,26,NA,0,NA,0,NA,0,NA,0,NA,0,NA,NA,0
1995,4,27,NA,0,NA,0,NA,0,NA,0,NA,0,NA,NA,0
1995,4,28,NA,0,NA,0,NA,0,NA,0,NA,0,NA,NA,0
1995,4,29,NA,0,NA,0,NA,0,NA,0,NA,0,NA,NA,0
1995,4,30,NA,0,NA,0,NA,0,NA,0,NA,0,NA,NA,0
1995,5,1,NA,0,NA,0,NA,0,NA,0,NA,0,NA,NA,0
1995,5,2,NA,0,NA,0,NA,0,NA,0,NA,0,NA,NA,0
1995,5,3,NA,0,NA,0,NA,0,NA,0,NA,0,NA,NA,0
1995,5,4,NA,0,NA,0,NA,0,NA,0,NA,0,NA,NA,0
1995,5,5,NA,0,NA,0,NA,0,NA,0,NA,0,NA,NA,0
1995,5,6,NA,0,NA,0,NA,0,NA,0,NA,0,NA,NA,0
1995,5,7,NA,0,NA,0,NA,0,NA,0,NA,0,NA,NA,0
1995,5,8,NA,0,NA,0,NA,0,NA,0,NA,0,NA,NA,0
1995,5,9,NA,0,NA,0,NA,0,NA,0,NA,0,NA,NA,0
1995,5,10,NA,0,NA,0,NA,0,NA,0,NA,0,NA,NA,0
1995,5,11,NA,0,NA,0,NA,0,NA,0,NA,0,NA,NA,0
1995,5,12,NA,0,NA,0,NA,0,NA,0,NA,0,NA,NA,0
1995,5,13,NA,0,NA,0,NA,0,NA,0,NA,0,NA,NA,0
1995,5,14,NA,0,NA,0,NA,0,NA,0,NA,0,NA,NA,0
1995,5,15,NA,0,NA,0,NA,0,NA,0,NA,0,NA,NA,0
1995,5,16,NA,0,NA,0,NA,0,NA,0,NA,0,NA,NA,0
1995,5,17,NA,0,NA,0,NA,0,NA,0,NA,0,NA,NA,0
1995,5,18,NA,0,NA,0,NA,0,NA,0,NA,0,NA,NA,0
1995,5,19,NA,0,NA,0,NA,0,NA,0,NA,0,NA,NA,0
1995,5,20,NA,0,NA,0,NA,0,NA,0,NA,0,NA,NA,0
1995,5,21,NA,0,NA,0,NA,0,NA,0,NA,0,NA,NA,0
1995,5,22,NA,0,NA,0,NA,0,NA,0,NA,0,NA,NA,0
1995,5,23,NA,0,NA,0,NA,0,NA,0,NA,0,NA,NA,0
1995,5,24,NA,0.125,NA,0,NA,0.125,NA,0.125,NA,0.125,NA,NA,0.125
1995,5,25,NA,0,NA,0,NA,0,NA,0,NA,0,NA,NA,0
1995,5,26,NA,0,NA,0,NA,0,NA,0,NA,0,NA,NA,0
1995,5,27,NA,0,NA,0,NA,0,NA,0,NA,0,NA,NA,0
1995,5,28,NA,0,NA,0,NA,0,NA,0,NA,0,NA,NA,0
1995,5,29,NA,0,NA,0,NA,0,NA,0,NA,0,NA,NA,0
1995,5,30,NA,0,NA,0,NA,0,NA,0,NA,0,NA,NA,0
1995,5,31,NA,0,NA,0,NA,0,NA,0,NA,0,NA,NA,0
1995,6,1,NA,0,NA,0,NA,0,NA,0,NA,0,NA,NA,0
1995,6,2,NA,0,NA,0,NA,0,NA,0,NA,0,NA,NA,0
1995,6,3,NA,0,NA,0,NA,0,NA,0,NA,0,NA,NA,0
1995,6,4,NA,0,NA,0,NA,0,NA,0,NA,0,NA,NA,0
1995,6,5,NA,0,NA,0,NA,0,NA,0,NA,0,NA,NA,0
1995,6,6,NA,0,NA,0,NA,0,NA,0,NA,0,NA,NA,0
1995,6,7,NA,0,NA,0,NA,0,NA,0,NA,0,NA,NA,0
1995,6,8,NA,0,NA,0,NA,0,NA,0,NA,0,NA,NA,0
1995,6,9,NA,0,NA,0,NA,0,NA,0,NA,0,NA,NA,0
1995,6,10,NA,0,NA,0,NA,0,NA,0,NA,0,NA,NA,0
1995,6,11,NA,0,NA,0,NA,0,NA,0,NA,0,NA,NA,0
1995,6,12,NA,0,NA,0,NA,0,NA,0,NA,0,NA,NA,0
1995,6,13,NA,0,NA,0,NA,0,NA,0,NA,0,NA,NA,0
1995,6,14,NA,0,NA,0,NA,0,NA,0,NA,0,NA,NA,0
1995,6,15,NA,0.25,NA,0,NA,0.25,NA,0.25,NA,0.25,NA,NA,0.25
1995,6,16,-4.46,1,NA,0,1.79,0.875,141.86,0.875,88,1,0.72,307.84,0.875
1995,6,17,-3.78,1,NA,0,NA,0.5,256.62,1,93.25,1,NA,NA,0.5
1995,6,18,-2.16,1,NA,0,2.71,1,219.88,1,NA,0.5,2.02,333.74,1
1995,6,19,-1.01,1,NA,0,1.4,0.75,195.38,1,NA,0.25,1.15,139.96,0.75
1995,6,20,-1.23,0.875,NA,0,NA,0.5,NA,0.5,NA,0,NA,NA,0.5
1995,6,21,-5.24,0.875,NA,0,4.65,0.75,225.88,1,NA,0.625,3.52,271.43,0.75
1995,6,22,-8.71,1,NA,0,3.5,1,182.38,1,87,1,1.32,266.68,1
1995,6,23,-7.95,1,NA,0,NA,0.625,183.88,1,86.88,1,NA,NA,0.625
1995,6,24,-9.76,1,NA,0,3.33,0.75,140.5,1,86.63,1,2.29,137.79,0.75
1995,6,25,-11.5,0.875,NA,0,3.09,0.875,95.57,0.875,71.71,0.875,2.99,98.9,0.875
1995,6,26,-11.1,1,NA,0,3.24,1,181.75,1,69,1,1.32,249.53,1
1995,6,27,-11.65,1,NA,0,2.21,0.875,155.71,0.875,82.75,1,0.9,201.51,0.875
1995,6,28,-11.65,1,NA,0,4.51,0.875,125.12,1,68.5,1,4.22,127.21,0.875
1995,6,29,-10.31,1,NA,0,6.13,0.75,177,1,64,1,5.31,177.85,0.75
1995,6,30,-9.16,1,NA,0,3.04,1,113.88,1,80.38,1,0.38,44.19,1
1995,7,1,-10.35,1,NA,0,1.81,0.875,79.29,0.875,87.13,1,1.5,16.88,0.875
1995,7,2,-11.06,1,NA,0,2.97,0.875,96.5,1,88.75,1,0.59,118.91,0.875
1995,7,3,-10.26,1,NA,0,NA,0.625,94.88,1,80.63,1,NA,NA,0.625
1995,7,4,-4.12,1,NA,0,NA,0.5,105.88,1,80.38,1,NA,NA,0.5
1995,7,5,-1.42,1,NA,0,NA,0.625,61.75,1,88,1,NA,NA,0.625
1995,7,6,-3.84,1,NA,0,2.75,0.75,272.38,1,88.88,1,1.74,241.21,0.75
1995,7,7,-6.11,1,NA,0,2.6,0.875,123.86,0.875,72.13,1,2.28,80.35,0.875
1995,7,8,-6.98,1,NA,0,1.86,1,46.12,1,70.5,1,1.8,39.13,1
1995,7,9,-7.66,1,NA,0,2.67,0.75,186.67,0.75,69.38,1,1.85,225.4,0.75
1995,7,10,-8.5,1,NA,0,1.35,1,81.25,1,82.38,1,1.09,59.99,1
1995,7,11,-6.99,0.875,NA,0,2.4,0.875,72.29,0.875,85.14,0.875,2.04,21.56,0.875
1995,7,12,-9.45,1,NA,0,2.66,0.875,153.14,0.875,89.38,1,0.89,315.04,0.875
1995,7,13,-12.54,1,NA,0,1.87,0.875,216,0.875,94,1,1.36,8.91,0.875
1995,7,14,-4.8,0.875,NA,0,NA,0.5,201,0.875,88,1,NA,NA,0.5
1995,7,15,-6.33,1,NA,0,2.79,0.875,217,0.875,94.88,1,2.32,2.12,0.875
1995,7,16,-11.8,0.875,NA,0,4.34,0.875,199.62,1,91.88,1,1.65,127.72,0.875
1995,7,17,-15.23,1,NA,0,7.35,0.75,109.38,1,83.63,1,6.93,104.4,0.75
1995,7,18,-14.26,0.875,NA,0,6.95,0.75,80.86,0.875,66.29,0.875,5.71,78.67,0.75
1995,7,19,-9.13,1,NA,0,NA,0.625,127.75,1,81.88,1,NA,NA,0.625
1995,7,20,-5.1,1,NA,0,5.49,0.875,112.88,1,53.38,1,4.34,101.78,0.875
1995,7,21,-7.14,1,NA,0,2.62,0.75,45.43,0.875,64.13,1,2.45,43.9,0.75
1995,7,22,-6.99,1,NA,0,NA,0.375,85.38,1,65.38,1,NA,NA,0.375
1995,7,23,-6.79,1,NA,0,NA,0.375,143.12,1,70.63,1,NA,NA,0.375
1995,7,24,-6.36,0.875,NA,0,NA,0.5,70.17,0.75,78.57,0.875,NA,NA,0.5
1995,7,25,-5.11,1,NA,0,NA,0.625,169,0.875,95.38,1,NA,NA,0.625
1995,7,26,-4.41,1,NA,0,3.16,0.875,164,0.875,74.75,1,1.98,84.48,0.875
1995,7,27,-5.29,1,NA,0,NA,0.625,30.88,1,63.13,1,NA,NA,0.625
1995,7,28,-8.66,1,NA,0,3.42,0.75,286,1,90,1,2.93,258.35,0.75
1995,7,29,-10.15,1,NA,0,2.03,0.875,192.62,1,93.88,1,1.59,232.06,0.875
1995,7,30,-5.95,1,NA,0,2.12,1,144.88,1,95.38,1,1.11,110.14,1
1995,7,31,-9.45,0.75,NA,0,4.09,0.875,228.5,1,97,1,3.53,282.87,0.875
1995,8,1,-12.52,1,NA,0,NA,0.25,93.86,0.875,89.88,1,NA,NA,0.25
1995,8,2,-13.18,1,NA,0,4.88,1,156.25,1,77.63,1,3.18,162.1,1
1995,8,3,-11.38,1,NA,0,2.2,0.75,109.17,0.75,82.88,1,0.12,296.79,0.75
1995,8,4,-11.28,1,NA,0,1.41,0.875,92.71,0.875,89,1,1.03,27.07,0.875
1995,8,5,-11.61,1,NA,0,NA,0.375,NA,0.375,95,1,NA,NA,0.375
1995,8,6,-8.9,1,NA,0,NA,0.5,NA,0.5,92.13,1,NA,NA,0.5
1995,8,7,-10.64,1,NA,0,NA,0.375,NA,0.375,94.88,1,NA,NA,0.375
1995,8,8,-12.28,1,NA,0,NA,0.625,NA,0.625,96.75,1,NA,NA,0.625
1995,8,9,NA,0.625,NA,0,NA,0.375,NA,0.375,94.75,1,NA,NA,0.375
1995,8,10,-18.6,1,NA,0,NA,0,NA,0,92.5,1,NA,NA,0
1995,8,11,-21.11,1,NA,0,NA,0,NA,0,89.63,1,NA,NA,0
1995,8,12,-15.5,0.75,NA,0,NA,0,NA,0,93.13,1,NA,NA,0
1995,8,13,-12.87,0.75,NA,0,NA,0.375,NA,0.375,91.71,0.875,NA,NA,0.375
1995,8,14,-6.25,1,NA,0,NA,0.625,NA,0.625,96.25,1,NA,NA,0.625
1995,8,15,-2.4,1,NA,0,NA,0.625,108.62,1,95.38,1,NA,NA,0.625
1995,8,16,NA,0.625,NA,0,NA,0.375,162.62,1,NA,0.25,NA,NA,0.375
1995,8,17,-2.96,1,NA,0,6.59,1,301.62,1,NA,0.125,6.33,350.42,1
1995,8,18,-0.45,1,NA,0,7.57,0.875,183.12,1,96,1,7.19,6.53,0.875
1995,8,19,NA,0.5,NA,0,NA,0.5,194.25,1,97.17,0.75,NA,NA,0.5
1995,8,20,-9.02,0.75,NA,0,7.4,0.875,190.62,1,90.5,1,2.32,30.85,0.875
1995,8,21,-20.8,0.875,NA,0,2.6,0.875,282,0.875,89.43,0.875,2.04,281.72,0.875
1995,8,22,-21.35,1,NA,0,1.33,0.75,111.5,0.75,87.38,1,0.39,21.85,0.75
1995,8,23,-22.49,1,NA,0,1.11,1,222.12,1,87.13,1,0.73,343.37,1
1995,8,24,-22.44,1,NA,0,NA,0.625,NA,0.625,87.38,1,NA,NA,0.625
1995,8,25,-20.76,1,NA,0,2.2,0.75,235,0.75,88.75,1,1.83,327.33,0.75
1995,8,26,-14.96,1,NA,0,3.96,1,283.88,1,88.75,1,2.44,279.03,1
1995,8,27,NA,0.5,NA,0,5.29,1,317.62,1,93.75,1,5.06,323.43,1
1995,8,28,-1.71,1,NA,0,7.52,0.75,333.25,1,NA,0,7.38,329.97,0.75
1995,8,29,NA,0.625,NA,0,NA,0.5,259.5,1,95.43,0.875,NA,NA,0.5
1995,8,30,NA,0.625,NA,0,NA,0.625,208.88,1,NA,0.25,NA,NA,0.625
1995,8,31,0.08,1,NA,0,NA,0.5,99.88,1,NA,0.125,NA,NA,0.5
1995,9,1,-4.04,0.875,NA,0,NA,0.5,107,1,81.5,0.75,NA,NA,0.5
1995,9,2,NA,0.375,NA,0,NA,0.25,149.25,1,95.71,0.875,NA,NA,0.25
1995,9,3,NA,0.375,NA,0,NA,0.375,225.12,1,NA,0.5,NA,NA,0.375
1995,9,4,NA,0.5,NA,0,7.22,0.75,106.5,1,NA,0.375,6.42,119.61,0.75
1995,9,5,-14.45,0.75,NA,0,5.54,0.875,274,1,94.75,1,1.83,307.79,0.875
1995,9,6,-19.38,1,NA,0,2.88,1,247.5,1,91.63,1,2.2,332.66,1
1995,9,7,-16.21,0.875,NA,0,NA,0.625,NA,0.625,93.29,0.875,NA,NA,0.625
1995,9,8,-14.11,1,NA,0,NA,0.5,NA,0.625,95,0.875,NA,NA,0.5
1995,9,9,-16.37,0.875,NA,0,NA,0.5,NA,0.625,93.63,1,NA,NA,0.5
1995,9,10,-11.28,0.75,NA,0,NA,0.5,196.14,0.875,96.43,0.875,NA,NA,0.5
1995,9,11,-14.51,1,NA,0,2.6,0.75,278.83,0.75,95.38,1,1.31,309.05,0.75
1995,9,12,-5.7,0.75,NA,0,4.61,1,135.12,1,94.25,1,4.34,122.22,1
1995,9,13,-6.99,0.875,NA,0,2.1,0.75,230.86,0.875,94.5,0.75,0.77,142,0.75
1995,9,14,-9.41,1,NA,0,NA,0.375,NA,0.375,89.38,1,NA,NA,0.375
1995,9,15,-9.58,1,NA,0,1.55,0.75,176.5,0.75,93.71,0.875,1.11,5.24,0.75
1995,9,16,-8.52,0.75,NA,0,NA,0.625,NA,0.625,88.63,1,NA,NA,0.625
1995,9,17,-2.72,1,NA,0,NA,0.625,NA,0.625,NA,0.5,NA,NA,0.625
1995,9,18,-9.55,0.75,NA,0,NA,0.5,275.14,0.875,NA,0.625,NA,NA,0.5
1995,9,19,-8.09,0.875,NA,0,NA,0.625,NA,0.625,88.13,1,NA,NA,0.625
1995,9,20,-8.01,0.875,NA,0,2.41,1,222,1,85.17,0.75,0.87,299.28,1
1995,9,21,-9.55,0.75,NA,0,NA,0.5,NA,0.5,84,1,NA,NA,0.5
1995,9,22,-3.21,1,NA,0,NA,0.625,80,0.75,89.25,1,NA,NA,0.625
1995,9,23,1.46,1,NA,0,13.93,0.75,35.62,1,NA,0.625,13.65,34.94,0.75
1995,9,24,1.44,1,NA,0,NA,0.25,38.38,1,NA,0.625,NA,NA,0.25
1995,9,25,0.2,1,NA,0,NA,0.375,113,1,NA,0.5,NA,NA,0.375
1995,9,26,0.44,1,NA,0,11.94,1,17.62,1,NA,0.125,11.66,19.41,1
1995,9,27,-2.56,1,NA,0,3.57,0.75,145.12,1,89.83,0.75,3.35,354.94,0.75
1995,9,28,-6.5,0.75,NA,0,NA,0.625,177,0.875,77.5,1,NA,NA,0.625
1995,9,29,1.18,1,NA,0,NA,0.625,116.25,1,81.43,0.875,NA,NA,0.625
1995,9,30,-0.04,1,NA,0,7.42,0.75,133.38,1,NA,0,6.89,357.77,0.75
1995,10,1,-0.7,0.875,NA,0,NA,0.625,109.14,0.875,NA,0,NA,NA,0.625
1995,10,2,0.08,1,NA,0,13.62,0.75,28.25,1,NA,0,12.08,28.74,0.75
1995,10,3,-0.98,1,NA,0,10.12,0.75,295,1,NA,0.375,9.41,338.24,0.75
1995,10,4,0.88,1,NA,0,NA,0.5,184.75,1,NA,0.5,NA,NA,0.5
1995,10,5,-1.45,1,NA,0,NA,0.625,221.75,1,NA,0.125,NA,NA,0.625
1995,10,6,-2.07,0.75,NA,0,NA,0.625,157.25,1,91.5,1,NA,NA,0.625
1995,10,7,0.95,1,NA,0,7.95,1,20,1,88.67,0.75,7.92,20.62,1
1995,10,8,2.25,1,NA,0,9.39,1,33.5,1,85.38,1,9.28,32.57,1
1995,10,9,1.88,1,NA,0,12.42,0.75,30.5,1,NA,0.625,12.35,31.62,0.75
1995,10,10,2.56,1,NA,0,NA,0.625,36.88,1,82.75,1,NA,NA,0.625
1995,10,11,1.73,1,NA,0,3.77,0.875,210.5,1,84.13,1,1.84,168.45,0.875
1995,10,12,-1.71,1,NA,0,4.04,1,202.12,1,71.83,0.75,2.36,29.15,1
1995,10,13,-6.36,0.875,NA,0,NA,0.625,NA,0.625,83,1,NA,NA,0.625
1995,10,14,-5.28,0.75,NA,0,NA,0.625,NA,0.625,75.13,1,NA,NA,0.625
1995,10,15,NA,0.5,NA,0,NA,0.125,NA,0.125,71.13,1,NA,NA,0.125
1995,10,16,-3.03,0.875,NA,0,1.37,0.75,245,0.75,86.13,1,1.17,335.2,0.75
1995,10,17,-2,0.75,NA,0,NA,0.5,142.88,1,80.38,1,NA,NA,0.5
1995,10,18,-4.4,1,NA,0,3.24,1,158.12,1,76.25,1,1.91,49.07,1
1995,10,19,-2.69,1,NA,0,NA,0.625,146.14,0.875,79.5,1,NA,NA,0.625
1995,10,20,-6.16,1,NA,0,2.1,0.75,271.83,0.75,87.13,1,1.88,342.52,0.75
1995,10,21,-7.24,0.875,NA,0,NA,0.5,NA,0.5,72.75,1,NA,NA,0.5
1995,10,22,-5.56,0.875,NA,0,NA,0.375,NA,0.375,71.63,1,NA,NA,0.375
1995,10,23,-5.59,0.875,NA,0,NA,0.375,NA,0.375,82.29,0.875,NA,NA,0.375
1995,10,24,-7.36,0.875,NA,0,NA,0.5,NA,0.5,83.25,1,NA,NA,0.5
1995,10,25,NA,0.375,NA,0,NA,0.375,NA,0.375,NA,0.375,NA,NA,0.375
1995,10,26,-6.92,0.75,NA,0,2.28,0.75,202.17,0.75,75.5,1,1.65,207.6,0.75
1995,10,27,-5.99,1,NA,0,1.25,0.75,114.83,0.75,70.13,1,1.11,351.14,0.75
1995,10,28,-1.36,1,NA,0,1.7,1,204.5,1,87.29,0.875,1.32,159.02,1
1995,10,29,-0.43,1,NA,0,1.4,0.75,183.5,0.75,NA,0.5,0.38,172.15,0.75
1995,10,30,-0.83,1,NA,0,1,0.75,260.83,0.75,NA,0.375,0.55,259.15,0.75
1995,10,31,0.05,1,NA,0,NA,0.5,NA,0.625,87.71,0.875,NA,NA,0.5
1995,11,1,-0.68,1,NA,0,1.68,0.75,241,1,85.38,1,0.76,15.48,0.75
1995,11,2,-7.47,0.75,NA,0,3.19,0.875,231.25,1,89,1,2.67,270.01,0.875
1995,11,3,-6.66,1,NA,0,NA,0.5,200,0.75,67.5,1,NA,NA,0.5
1995,11,4,-1.96,1,NA,0,NA,0.5,102.43,0.875,79.88,1,NA,NA,0.5
1995,11,5,-1.73,1,NA,0,3.66,0.875,175.5,1,NA,0.625,1.52,347.7,0.875
1995,11,6,-1.81,1,NA,0,7.64,0.875,109.12,1,78.63,1,6.69,106.77,0.875
1995,11,7,-3.4,1,NA,0,8.05,1,126.12,1,55,1,7.92,126.08,1
1995,11,8,-4.41,1,NA,0,6.94,1,198.25,1,64.5,1,5.43,194.97,1
1995,11,9,-4.11,1,NA,0,3.95,1,181.12,1,55.63,1,2.79,178.04,1
1995,11,10,-4.89,1,NA,0,1.73,0.75,132.17,0.75,71.63,1,0.72,94.93,0.75
1995,11,11,-1.78,1,NA,0,NA,0.625,180.88,1,86,1,NA,NA,0.625
1995,11,12,-1.93,1,NA,0,NA,0.5,184.29,0.875,86.63,1,NA,NA,0.5
1995,11,13,0.02,1,NA,0,4.23,0.875,213.5,1,NA,0.125,2.8,359.86,0.875
1995,11,14,-0.11,1,NA,0,NA,0.5,140.88,1,NA,0.375,NA,NA,0.5
1995,11,15,-1.89,1,NA,0,5.38,1,193.5,1,NA,0.625,1.96,256.7,1
1995,11,16,-2.99,1,NA,0,2.5,0.875,214.62,1,81.75,1,1.96,278.09,0.875
1995,11,17,-4.06,1,NA,0,2.18,0.75,204.25,1,74,1,1.06,272.64,0.75
1995,11,18,-0.94,1,NA,0,1.79,0.875,254.86,0.875,NA,0.625,0.41,39.72,0.875
1995,11,19,1.74,1,NA,0,NA,0.375,89.83,0.75,89.5,0.75,NA,NA,0.375
1995,11,20,2.51,1,NA,0,NA,0.625,94.75,1,87.5,1,NA,NA,0.625
1995,11,21,1.05,1,NA,0,2.53,0.75,113.67,0.75,80.33,0.75,1.24,96.3,0.75
1995,11,22,0.83,1,NA,0,NA,0.625,NA,0.625,73,0.75,NA,NA,0.625
1995,11,23,-0.5,0.875,NA,0,1.42,0.75,217.83,0.75,NA,0.5,0.47,213.09,0.75
1995,11,24,-0.95,1,NA,0,2,0.875,234.29,0.875,94.25,1,1.52,248.79,0.875
1995,11,25,-1.04,1,NA,0,2.23,0.875,283,0.875,79.5,1,1.89,277.63,0.875
1995,11,26,NA,0.625,NA,0,NA,0.125,NA,0.125,69.86,0.875,NA,NA,0.125
1995,11,27,-0.87,0.875,NA,0,NA,0.375,NA,0.375,76.13,1,NA,NA,0.375
1995,11,28,0.7,1,NA,0,4.58,0.75,106,1,80.63,1,3.55,88.11,0.75
1995,11,29,0.91,1,NA,0,NA,0.625,96.62,1,79.13,1,NA,NA,0.625
1995,11,30,1.25,1,NA,0,NA,0.625,109.62,1,74.13,1,NA,NA,0.625
1995,12,1,NA,0.625,NA,0,NA,0.625,226.67,0.75,91.88,1,NA,NA,0.625
1995,12,2,-0.81,0.875,NA,0,NA,0.5,NA,0.5,85.38,1,NA,NA,0.5
1995,12,3,-0.03,0.75,NA,0,NA,0.5,NA,0.625,92.29,0.875,NA,NA,0.5
1995,12,4,NA,0.375,NA,0,1.33,0.75,165.17,0.75,75.25,1,0.52,138.57,0.75
1995,12,5,NA,0.25,NA,0,NA,0.625,202.33,0.75,77.38,1,NA,NA,0.625
1995,12,6,NA,0.625,NA,0,NA,0.375,101.33,0.75,87.86,0.875,NA,NA,0.375
1995,12,7,-0.93,0.875,NA,0,2.94,1,261.12,1,94.67,0.75,2.68,271.97,1
1995,12,8,NA,0.5,NA,0,2.26,1,121.62,1,89.25,1,1.35,131.62,1
1995,12,9,NA,0.625,NA,0,NA,0.25,NA,0.25,NA,0.5,NA,NA,0.25
1995,12,10,NA,0.5,NA,0,NA,0.625,143.29,0.875,91.75,1,NA,NA,0.625
1995,12,11,NA,0.625,NA,0,2.85,0.75,103.62,1,90.17,0.75,1.68,23.74,0.75
1995,12,12,1.31,1,NA,0,NA,0.625,114,1,NA,0.25,NA,NA,0.625
1995,12,13,0.86,1,NA,0,NA,0.625,191.12,1,87.57,0.875,NA,NA,0.625
1995,12,14,NA,0.625,NA,0,3.36,1,264.12,1,88.5,0.75,2.79,297.05,1
1995,12,15,NA,0.5,NA,0,1.63,0.75,253.33,0.75,83.86,0.875,0.57,316.28,0.75
1995,12,16,NA,0.375,NA,0,1.69,0.875,261,0.875,82.13,1,1.24,311.87,0.875
1995,12,17,NA,0.625,NA,0,2.05,0.75,260.33,0.75,84.75,1,1.8,329.03,0.75
1995,12,18,-1.6,0.75,NA,0,3.59,1,274.75,1,91,1,3.51,267.54,1
1995,12,19,-1.74,0.875,NA,0,3.07,1,257.62,1,89.13,1,3,254.03,1
1995,12,20,NA,0.625,NA,0,2.51,1,242.88,1,86.5,1,2.46,241.12,1
1995,12,21,NA,0.5,NA,0,2.04,0.875,148.43,0.875,88,1,0.7,313.24,0.875
1995,12,22,NA,0.375,NA,0,2.33,0.75,274.17,0.75,NA,0.625,2.33,273.29,0.75
1995,12,23,NA,0,NA,0,NA,0,NA,0,NA,0,NA,NA,0
1995,12,24,NA,0,NA,0,NA,0,NA,0,NA,0,NA,NA,0
1995,12,25,NA,0,NA,0,NA,0,NA,0,NA,0,NA,NA,0
1995,12,26,NA,0.125,NA,0,NA,0.125,NA,0.125,NA,0.125,NA,NA,0.125
1995,12,27,3.47,0.875,NA,0,NA,0.5,135.33,0.75,87.17,0.75,NA,NA,0.5
1995,12,28,NA,0,NA,0,NA,0,NA,0,NA,0,NA,NA,0
1995,12,29,NA,0,NA,0,NA,0,NA,0,NA,0,NA,NA,0
1995,12,30,NA,0,NA,0,NA,0,NA,0,NA,0,NA,NA,0
1995,12,31,NA,0,NA,0,NA,0,NA,0,NA,0,NA,NA,0
1996,1,1,NA,0,NA,0,NA,0,NA,0,NA,0,NA,NA,0
1996,1,2,NA,0,NA,0,NA,0,NA,0,NA,0,NA,NA,0
1996,1,3,NA,0,NA,0,NA,0,NA,0,NA,0,NA,NA,0
1996,1,4,NA,0,NA,0,NA,0,NA,0,NA,0,NA,NA,0
1996,1,5,NA,0,NA,0,NA,0,NA,0,NA,0,NA,NA,0
1996,1,6,NA,0,NA,0,NA,0,NA,0,NA,0,NA,NA,0
1996,1,7,NA,0,NA,0,NA,0,NA,0,NA,0,NA,NA,0
1996,1,8,NA,0,NA,0,NA,0,NA,0,NA,0,NA,NA,0
1996,1,9,NA,0,NA,0,NA,0,NA,0,NA,0,NA,NA,0
1996,1,10,NA,0,NA,0,NA,0,NA,0,NA,0,NA,NA,0
1996,1,11,NA,0,NA,0,NA,0,NA,0,NA,0,NA,NA,0
1996,1,12,NA,0,NA,0,NA,0,NA,0,NA,0,NA,NA,0
1996,1,13,NA,0,NA,0,NA,0,NA,0,NA,0,NA,NA,0
1996,1,14,NA,0,NA,0,NA,0,NA,0,NA,0,NA,NA,0
1996,1,15,NA,0,NA,0,NA,0,NA,0,NA,0,NA,NA,0
1996,1,16,NA,0,NA,0,NA,0,NA,0,NA,0,NA,NA,0
1996,1,17,NA,0,NA,0,NA,0,NA,0,NA,0,NA,NA,0
1996,1,18,NA,0,NA,0,NA,0,NA,0,NA,0,NA,NA,0
1996,1,19,NA,0,NA,0,NA,0,NA,0,NA,0,NA,NA,0
1996,1,20,NA,0,NA,0,NA,0,NA,0,NA,0,NA,NA,0
1996,1,21,NA,0,NA,0,NA,0,NA,0,NA,0,NA,NA,0
1996,1,22,NA,0,NA,0,NA,0,NA,0,NA,0,NA,NA,0
1996,1,23,NA,0,NA,0,NA,0,NA,0,NA,0,NA,NA,0
1996,1,24,NA,0,NA,0,NA,0,NA,0,NA,0,NA,NA,0
1996,1,25,NA,0,NA,0,NA,0,NA,0,NA,0,NA,NA,0
1996,1,26,NA,0,NA,0,NA,0,NA,0,NA,0,NA,NA,0
1996,1,27,NA,0,NA,0,NA,0,NA,0,NA,0,NA,NA,0
1996,1,28,NA,0,NA,0,NA,0,NA,0,NA,0,NA,NA,0
1996,1,29,NA,0,NA,0,NA,0.125,NA,0.125,NA,0.125,NA,NA,0.125
1996,1,30,NA,0.375,NA,0,2.07,0.75,141.86,0.875,83.5,1,1.47,135.9,0.75
1996,1,31,NA,0.25,NA,0,1.54,1,269.25,1,NA,0.5,1.37,284.45,1
1996,2,1,1.58,0.75,NA,0,NA,0.625,148.57,0.875,NA,0.375,NA,NA,0.625
1996,2,2,NA,0.625,NA,0,1.68,0.75,204.83,0.75,88.13,1,0.93,267.98,0.75
1996,2,3,NA,0.625,NA,0,NA,0.375,NA,0.375,NA,0.5,NA,NA,0.375
1996,2,4,NA,0.5,NA,0,1.68,0.75,193.67,0.75,NA,0.625,0.44,131.92,0.75
1996,2,5,1.45,1,NA,0,6.63,0.875,105.88,1,NA,0.375,4.95,123.72,0.875
1996,2,6,1.18,0.75,NA,0,3.33,0.875,120.5,1,NA,0,1.12,84.3,0.875
1996,2,7,NA,0.625,NA,0,NA,0.25,NA,0.625,NA,0,NA,NA,0.25
1996,2,8,NA,0,NA,0,NA,0,NA,0,NA,0,NA,NA,0
1996,2,9,NA,0,NA,0,NA,0,NA,0,NA,0,NA,NA,0
1996,2,10,0.94,0.875,NA,0,5.25,1,133,1,NA,0.25,3.46,337.02,1
1996,2,11,NA,0.625,NA,0,1.97,0.75,186.17,0.75,75,1,0.44,18.62,0.75
1996,2,12,NA,0.5,NA,0,NA,0.375,NA,0.375,68,1,NA,NA,0.375
1996,2,13,1.13,0.75,NA,0,NA,0.375,NA,0.375,94.38,1,NA,NA,0.375
1996,2,14,NA,0.375,NA,0,1.86,0.875,278.43,0.875,90.63,1,0.78,16.89,0.875
1996,2,15,1.57,0.875,NA,0,3.03,0.875,93.62,1,84.38,1,1.91,55.48,0.875
1996,2,16,4.4,1,NA,0,NA,0.125,71.5,1,78.25,1,NA,NA,0.125
1996,2,17,3.9,0.75,NA,0,NA,0.375,95.88,1,90,1,NA,NA,0.375
1996,2,18,4.25,1,NA,0,NA,0.375,28.25,1,87.88,1,NA,NA,0.375
1996,2,19,NA,0.625,NA,0,NA,0.5,160.43,0.875,91.14,0.875,NA,NA,0.5
1996,2,20,2.95,1,NA,0,NA,0.5,106.62,1,NA,0.625,NA,NA,0.5
1996,2,21,0.56,0.875,NA,0,NA,0.5,NA,0.625,NA,0.375,NA,NA,0.5
1996,2,22,0.68,0.75,NA,0,3.18,0.75,159.86,0.875,82.38,1,1.84,277.2,0.75
1996,2,23,-0.2,0.75,NA,0,3.67,0.875,171.62,1,86.13,1,3.15,351.98,0.875
1996,2,24,-0.26,1,NA,0,3.37,0.75,113,0.875,75.63,1,1.12,52.25,0.75
1996,2,25,-1.34,1,NA,0,NA,0.5,222,1,73.38,1,NA,NA,0.5
1996,2,26,NA,0.625,NA,0,1.9,0.75,138.43,0.875,81.88,1,0.65,271.9,0.75
1996,2,27,-0.96,0.875,NA,0,3.05,0.75,164,0.875,74.25,1,1.91,226.94,0.75
1996,2,28,1.86,1,NA,0,NA,0.25,221.38,1,NA,0.5,NA,NA,0.25
1996,2,29,3.08,1,NA,0,NA,0.375,36.88,1,89.83,0.75,NA,NA,0.375
1996,3,1,1.68,1,NA,0,NA,0.5,330.43,0.875,89.5,1,NA,NA,0.5
1996,3,2,0.15,1,NA,0,4.13,0.75,236.14,0.875,87.75,1,3.42,250.43,0.75
1996,3,3,1.99,1,NA,0,NA,0.375,96.62,1,85.25,1,NA,NA,0.375
1996,3,4,3.32,1,NA,0,NA,0.5,185.38,1,95.5,0.75,NA,NA,0.5
1996,3,5,2.96,1,NA,0,4.4,0.75,28.12,1,86.63,1,3.92,20.37,0.75
1996,3,6,3.61,1,NA,0,3.03,0.75,175.12,1,80.75,1,1.29,104.47,0.75
1996,3,7,5,1,NA,0,NA,0.25,36.5,1,81.75,1,NA,NA,0.25
1996,3,8,1.62,0.75,NA,0,NA,0.375,NA,0.5,90,0.875,NA,NA,0.375
1996,3,9,2.11,1,NA,0,NA,0.625,NA,0.625,91,1,NA,NA,0.625
1996,3,10,4,0.875,NA,0,10.3,0.75,56.62,1,88,1,9.82,39.26,0.75
1996,3,11,1.54,0.875,NA,0,NA,0.625,155.57,0.875,96.29,0.875,NA,NA,0.625
1996,3,12,1.95,1,NA,0,NA,0.375,96,0.875,92.38,1,NA,NA,0.375
1996,3,13,3.41,1,NA,0,NA,0.5,115.5,1,79.63,1,NA,NA,0.5
1996,3,14,0.01,0.875,NA,0,3.21,0.875,182.71,0.875,94,0.75,2.61,187.92,0.875
1996,3,15,-0.36,1,NA,0,2.86,0.875,103.57,0.875,87.13,1,2.64,4.64,0.875
1996,3,16,2.31,1,NA,0,NA,0.25,128.62,1,85.5,1,NA,NA,0.25
1996,3,17,2.68,1,NA,0,NA,0.625,117.75,1,88.63,1,NA,NA,0.625
1996,3,18,1.55,1,NA,0,NA,0.5,150.43,0.875,93.63,1,NA,NA,0.5
1996,3,19,3.62,1,NA,0,NA,0.375,127.75,1,NA,0.625,NA,NA,0.375
1996,3,20,3.03,1,NA,0,NA,0.5,123.75,1,89.38,1,NA,NA,0.5
1996,3,21,2.94,1,NA,0,NA,0.375,26,1,88.88,1,NA,NA,0.375
1996,3,22,2.22,1,NA,0,NA,0.625,192.57,0.875,92.38,1,NA,NA,0.625
1996,3,23,2.94,1,NA,0,NA,0.375,162.75,1,86.25,1,NA,NA,0.375
1996,3,24,1.29,1,NA,0,3.48,1,129.25,1,78.63,1,2.56,94.45,1
1996,3,25,1.39,1,NA,0,NA,0.625,69.88,1,69.38,1,NA,NA,0.625
1996,3,26,-1.13,1,NA,0,1.47,0.75,89.88,1,87.38,1,1.18,123.32,0.75
1996,3,27,-1.92,1,NA,0,2.7,0.875,128,1,90.25,1,1.38,43.58,0.875
1996,3,28,-2.85,1,NA,0,3.11,0.875,93.5,1,66.63,1,2.57,94.21,0.875
1996,3,29,-3.24,1,NA,0,3.67,0.875,193.62,1,68.5,1,2.59,239.1,0.875
1996,3,30,-4.07,1,NA,0,3.06,1,51,1,77.63,1,2.52,53.14,1
1996,3,31,-5.18,1,NA,0,2.63,0.75,145.71,0.875,70.88,1,1.94,161.23,0.75
1996,4,1,-4.71,0.875,NA,0,3.72,0.75,170.17,0.75,70,0.875,3.1,178.76,0.75
1996,4,2,-4.55,1,NA,0,2.98,1,117.88,1,67.13,1,0.5,79.1,1
1996,4,3,-4.46,1,NA,0,2.31,0.875,89.38,1,62.25,1,2.03,84.89,0.875
1996,4,4,0.31,0.875,NA,0,NA,0.375,69.57,0.875,79.14,0.875,NA,NA,0.375
1996,4,5,0.59,1,NA,0,3.44,0.875,105,1,70.63,1,2.56,111.17,0.875
1996,4,6,-2.59,0.875,NA,0,2.33,0.75,49.14,0.875,86.29,0.875,2.19,46.92,0.75
1996,4,7,-4.1,1,NA,0,2.81,1,72.88,1,67,1,2.61,72.39,1
1996,4,8,-4.73,1,NA,0,2.27,0.875,53.43,0.875,58.5,1,2.11,53.08,0.875
1996,4,9,-3.98,1,NA,0,2.71,1,112.12,1,78.63,1,0.61,83.77,1
1996,4,10,-1.97,1,NA,0,1.39,1,73.88,1,81.25,1,1.01,5.8,1
1996,4,11,-0.69,1,NA,0,3.78,0.75,104.5,1,80.63,1,3.21,98.44,0.75
1996,4,12,1.03,1,NA,0,NA,0.5,NA,0.625,92.38,1,NA,NA,0.5
1996,4,13,1,0.875,NA,0,NA,0.5,NA,0.5,97.29,0.875,NA,NA,0.5
1996,4,14,-0.73,1,NA,0,1.61,0.875,172.29,0.875,NA,0,0.71,181.85,0.875
1996,4,15,-0.81,1,NA,0,2.54,1,175.25,1,NA,0,0.99,317.68,1
1996,4,16,-3.51,1,NA,0,NA,0.375,NA,0.375,NA,0.125,NA,NA,0.375
1996,4,17,-2.53,1,NA,0,NA,0.625,NA,0.625,94.75,1,NA,NA,0.625
1996,4,18,0.98,1,NA,0,1.42,0.75,185.83,0.75,96.75,1,0.83,110.89,0.75
1996,4,19,0.44,1,NA,0,2.03,0.875,296.29,0.875,NA,0.375,1.99,345.69,0.875
1996,4,20,-0.15,1,NA,0,NA,0.25,NA,0.625,NA,0.375,NA,NA,0.25
1996,4,21,-0.84,1,NA,0,NA,0.625,NA,0.625,NA,0.125,NA,NA,0.625
1996,4,22,-1.29,0.875,NA,0,4.27,0.875,227.86,0.875,NA,0.375,3.98,220.08,0.875
1996,4,23,-3.74,1,NA,0,2.76,0.875,151.71,0.875,96.38,1,1.43,202.41,0.875
1996,4,24,-2.8,1,NA,0,NA,0.5,61.71,0.875,91.5,1,NA,NA,0.5
1996,4,25,1.69,1,NA,0,NA,0.375,90.5,1,87.25,1,NA,NA,0.375
1996,4,26,2.79,1,NA,0,NA,0.25,47.88,1,NA,0.625,NA,NA,0.25
1996,4,27,2.95,1,NA,0,NA,0.25,63.62,1,86.86,0.875,NA,NA,0.25
1996,4,28,0.34,1,NA,0,NA,0.625,186.25,1,NA,0,NA,NA,0.625
1996,4,29,0,0.875,NA,0,3.28,0.75,139.71,0.875,NA,0.25,1.3,190.54,0.75
1996,4,30,2.24,0.875,NA,0,NA,0.375,97.29,0.875,NA,0.5,NA,NA,0.375
1996,5,1,-0.59,1,NA,0,1.62,0.75,266.83,0.75,NA,0,0.54,324.5,0.75
1996,5,2,2.97,1,NA,0,3.12,0.75,93.29,0.875,83.83,0.75,2.63,89.75,0.75
1996,5,3,0.31,0.875,NA,0,NA,0.375,95.67,0.75,NA,0.5,NA,NA,0.375
1996,5,4,-1.45,1,NA,0,NA,0.625,198.88,1,85.25,1,NA,NA,0.625
1996,5,5,-0.95,1,NA,0,3.83,0.875,152.62,1,81.13,1,2.09,112.78,0.875
1996,5,6,0.16,1,NA,0,2.59,0.875,133,1,91.83,0.75,2.52,121.25,0.875
1996,5,7,1.6,1,NA,0,NA,0.5,95.62,1,78.25,1,NA,NA,0.5
1996,5,8,0.89,1,NA,0,3.88,0.75,155.25,1,86,1,1.66,30.35,0.75
1996,5,9,-0.43,1,NA,0,NA,0.625,169.75,1,83.5,1,NA,NA,0.625
1996,5,10,-1.7,1,NA,0,NA,0.375,NA,0.375,96.88,1,NA,NA,0.375
1996,5,11,-2.38,1,NA,0,NA,0.25,NA,0.625,91.43,0.875,NA,NA,0.25
1996,5,12,-2.21,1,NA,0,NA,0.625,131,0.75,92.88,1,NA,NA,0.625
1996,5,13,-3.18,1,NA,0,1.46,0.875,68.29,0.875,87.13,1,1.11,66.46,0.875
1996,5,14,-2.57,1,NA,0,NA,0.375,85.17,0.75,77.63,1,NA,NA,0.375
1996,5,15,0.58,1,NA,0,NA,0.125,111.5,1,NA,0.25,NA,NA,0.125
1996,5,16,-0.53,1,NA,0,NA,0.25,203.12,1,NA,0,NA,NA,0.25
1996,5,17,0.98,1,NA,0,10.03,0.75,63.5,1,NA,0.125,9.85,13.19,0.75
1996,5,18,-1.18,1,NA,0,10.23,0.75,52.75,1,NA,0,10.04,6.05,0.75
1996,5,19,-3.16,1,NA,0,5.69,0.875,131.25,1,NA,0.625,4.39,344.01,0.875
1996,5,20,-3.74,1,NA,0,10.79,0.875,42.38,1,81.13,1,10.71,41.52,0.875
1996,5,21,-4.21,1,NA,0,NA,0.625,92.25,1,80.63,1,NA,NA,0.625
1996,5,22,-3.83,1,NA,0,NA,0.625,91.12,1,73.25,1,NA,NA,0.625
1996,5,23,-0.46,1,NA,0,7.05,1,272.38,1,93.67,0.75,5.28,345.29,1
1996,5,24,-2.44,1,NA,0,NA,0.375,187.75,1,84.29,0.875,NA,NA,0.375
1996,5,25,-5.49,1,NA,0,NA,0.625,183.75,1,70.38,1,NA,NA,0.625
1996,5,26,-2.49,0.875,NA,0,NA,0,85.25,1,75.63,1,NA,NA,0
1996,5,27,3.77,1,NA,0,NA,0.375,67.75,1,87.57,0.875,NA,NA,0.375
1996,5,28,-0.93,1,NA,0,NA,0.25,150.5,1,NA,0.125,NA,NA,0.25
1996,5,29,-2.49,0.875,NA,0,NA,0.5,185.14,0.875,80.5,0.75,NA,NA,0.5
1996,5,30,-5.49,1,NA,0,16.48,0.75,247.12,1,85.57,0.875,16.03,250.15,0.75
1996,5,31,-5.6,1,NA,0,NA,0.375,241.12,1,74.5,1,NA,NA,0.375
1996,6,1,-6.54,1,NA,0,5.75,1,231.62,1,73.88,1,5.51,228.57,1
1996,6,2,-1.3,1,NA,0,NA,0.25,88,1,83,1,NA,NA,0.25
1996,6,3,-1.01,1,NA,0,NA,0.625,238.75,1,NA,0.25,NA,NA,0.625
1996,6,4,-2.99,1,NA,0,NA,0.5,153.5,1,NA,0.625,NA,NA,0.5
1996,6,5,-4.06,0.875,NA,0,4.27,0.75,155.43,0.875,76.57,0.875,1.59,149.67,0.75
1996,6,6,-2.89,1,NA,0,6.07,0.75,172.62,1,84.13,1,4.81,214.24,0.75
1996,6,7,-1.44,1,NA,0,NA,0.625,67.29,0.875,83.88,1,NA,NA,0.625
1996,6,8,2.13,1,NA,0,9.68,0.75,80.75,1,80.88,1,7.93,90.58,0.75
1996,6,9,0.9,1,NA,0,NA,0.375,84.75,1,84.5,1,NA,NA,0.375
1996,6,10,-0.34,1,NA,0,NA,0.25,102.38,1,76.5,1,NA,NA,0.25
1996,6,11,-3.73,1,NA,0,NA,0.375,95.57,0.875,83.63,1,NA,NA,0.375
1996,6,12,-3.19,0.875,NA,0,3.57,0.75,128.33,0.75,73.14,0.875,1.51,73.55,0.75
1996,6,13,-2.01,1,NA,0,1.4,0.75,214.83,0.75,73.13,1,0.53,40.52,0.75
1996,6,14,-4.48,1,NA,0,NA,0.625,81.75,1,71.25,1,NA,NA,0.625
1996,6,15,-3.75,1,NA,0,3.75,0.75,175.62,1,80.88,1,2.87,238.27,0.75
1996,6,16,-4.33,0.875,NA,0,NA,0.375,181,0.875,88,0.875,NA,NA,0.375
1996,6,17,-6.29,0.875,NA,0,NA,0.625,90,0.875,70.14,0.875,NA,NA,0.625
1996,6,18,-5.06,1,NA,0,3.6,0.875,151.86,0.875,81.63,1,2.55,147.29,0.875
1996,6,19,-0.3,1,NA,0,NA,0.5,109.5,1,79,1,NA,NA,0.5
1996,6,20,-2,1,NA,0,3.17,0.75,272.86,0.875,NA,0.5,2.41,333.59,0.75
1996,6,21,-3.89,0.875,NA,0,NA,0.5,147,0.875,91,0.875,NA,NA,0.5
1996,6,22,-8.1,1,NA,0,NA,0.625,204.12,1,75.75,1,NA,NA,0.625
1996,6,23,-8.36,0.875,NA,0,9.23,0.75,120.29,0.875,66.43,0.875,9.2,120.93,0.75
1996,6,24,-3.71,1,NA,0,NA,0.5,131.12,1,65.75,1,NA,NA,0.5
1996,6,25,-4.57,1,NA,0,2.36,1,148.25,1,80.13,1,1.33,2.02,1
1996,6,26,-2.26,1,NA,0,NA,0.375,NA,0.625,95.13,1,NA,NA,0.375
1996,6,27,-1.55,1,NA,0,NA,0.375,203.38,1,NA,0.5,NA,NA,0.375
1996,6,28,-1.96,1,NA,0,5.22,0.75,124.5,1,93,1,3.54,328.08,0.75
1996,6,29,-3.58,1,NA,0,6.71,0.875,242.12,1,86.63,1,5.33,274.64,0.875
1996,6,30,-4.34,1,NA,0,NA,0.5,98.43,0.875,79.38,1,NA,NA,0.5
1996,7,1,-5.37,0.875,NA,0,NA,0.625,60.86,0.875,80.71,0.875,NA,NA,0.625
1996,7,2,-4.03,0.875,NA,0,3.9,0.75,148,0.875,91.86,0.875,1.82,243.22,0.75
1996,7,3,-3.03,1,NA,0,NA,0.5,232.88,1,94.5,1,NA,NA,0.5
1996,7,4,-2.54,1,NA,0,3.57,0.875,268.12,1,NA,0.625,2.94,314.6,0.875
1996,7,5,-1.53,1,NA,0,3.73,0.875,190.29,0.875,NA,0,3.3,344.03,0.875
1996,7,6,-0.59,0.875,NA,0,NA,0.5,90.29,0.875,NA,0.25,NA,NA,0.5
1996,7,7,NA,0.625,NA,0,9.91,0.875,109.43,0.875,NA,0,9.68,5.16,0.875
1996,7,8,-2.17,0.75,NA,0,NA,0.375,NA,0.625,NA,0,NA,NA,0.375
1996,7,9,-0.3,1,NA,0,NA,0.125,67.86,0.875,NA,0.125,NA,NA,0.125
1996,7,10,-0.85,1,NA,0,NA,0.5,145.88,1,NA,0.25,NA,NA,0.5
1996,7,11,NA,0.625,NA,0,NA,0.25,23.67,0.75,92.17,0.75,NA,NA,0.25
1996,7,12,NA,0,NA,0,NA,0,NA,0,NA,0,NA,NA,0
1996,7,13,NA,0,NA,0,NA,0,NA,0,NA,0,NA,NA,0
1996,7,14,NA,0,NA,0,NA,0,NA,0,NA,0,NA,NA,0
1996,7,15,NA,0,NA,0,NA,0,NA,0,NA,0,NA,NA,0
1996,7,16,NA,0,NA,0,NA,0,NA,0,NA,0,NA,NA,0
1996,7,17,NA,0,NA,0,NA,0,NA,0,NA,0,NA,NA,0
1996,7,18,NA,0,NA,0,NA,0,NA,0,NA,0,NA,NA,0
1996,7,19,NA,0,NA,0,NA,0,NA,0,NA,0,NA,NA,0
1996,7,20,NA,0,NA,0,NA,0,NA,0,NA,0,NA,NA,0
1996,7,21,NA,0,NA,0,NA,0,NA,0,NA,0,NA,NA,0
1996,7,22,NA,0,NA,0,NA,0,NA,0,NA,0,NA,NA,0
1996,7,23,NA,0,NA,0,NA,0,NA,0,NA,0,NA,NA,0
1996,7,24,NA,0,NA,0,NA,0,NA,0,NA,0,NA,NA,0
1996,7,25,NA,0,NA,0,NA,0,NA,0,NA,0,NA,NA,0
1996,7,26,NA,0,NA,0,NA,0,NA,0,NA,0,NA,NA,0
1996,7,27,NA,0,NA,0,NA,0,NA,0,NA,0,NA,NA,0
1996,7,28,NA,0,NA,0,NA,0,NA,0,NA,0,NA,NA,0
1996,7,29,NA,0,NA,0,NA,0,NA,0,NA,0,NA,NA,0
1996,7,30,NA,0,NA,0,NA,0,NA,0,NA,0,NA,NA,0
1996,7,31,NA,0,NA,0,NA,0,NA,0,NA,0,NA,NA,0
1996,8,1,NA,0,NA,0,NA,0,NA,0,NA,0,NA,NA,0
1996,8,2,NA,0,NA,0,NA,0,NA,0,NA,0,NA,NA,0
1996,8,3,NA,0,NA,0,NA,0,NA,0,NA,0,NA,NA,0
1996,8,4,NA,0,NA,0,NA,0,NA,0,NA,0,NA,NA,0
1996,8,5,NA,0,NA,0,NA,0,NA,0,NA,0,NA,NA,0
1996,8,6,NA,0,NA,0,NA,0,NA,0,NA,0,NA,NA,0
1996,8,7,NA,0,NA,0,NA,0,NA,0,NA,0,NA,NA,0
1996,8,8,NA,0,NA,0,NA,0,NA,0,NA,0,NA,NA,0
1996,8,9,NA,0,NA,0,NA,0,NA,0,NA,0,NA,NA,0
1996,8,10,NA,0,NA,0,NA,0,NA,0,NA,0,NA,NA,0
1996,8,11,NA,0,NA,0,NA,0,NA,0,NA,0,NA,NA,0
1996,8,12,NA,0,NA,0,NA,0,NA,0,NA,0,NA,NA,0
1996,8,13,NA,0,NA,0,NA,0,NA,0,NA,0,NA,NA,0
1996,8,14,NA,0,NA,0,NA,0,NA,0,NA,0,NA,NA,0
1996,8,15,NA,0,NA,0,NA,0,NA,0,NA,0,NA,NA,0
1996,8,16,NA,0,NA,0,NA,0,NA,0,NA,0,NA,NA,0
1996,8,17,NA,0,NA,0,NA,0,NA,0,NA,0,NA,NA,0
1996,8,18,NA,0,NA,0,NA,0,NA,0,NA,0,NA,NA,0
1996,8,19,NA,0,NA,0,NA,0,NA,0,NA,0,NA,NA,0
1996,8,20,NA,0,NA,0,NA,0,NA,0,NA,0,NA,NA,0
1996,8,21,NA,0,NA,0,NA,0,NA,0,NA,0,NA,NA,0
1996,8,22,NA,0,NA,0,NA,0,NA,0,NA,0,NA,NA,0
1996,8,23,NA,0,NA,0,NA,0,NA,0,NA,0,NA,NA,0
1996,8,24,NA,0,NA,0,NA,0,NA,0,NA,0,NA,NA,0
1996,8,25,NA,0,NA,0,NA,0,NA,0,NA,0,NA,NA,0
1996,8,26,NA,0,NA,0,NA,0,NA,0,NA,0,NA,NA,0
1996,8,27,NA,0,NA,0,NA,0,NA,0,NA,0,NA,NA,0
1996,8,28,NA,0,NA,0,NA,0,NA,0,NA,0,NA,NA,0
1996,8,29,NA,0,NA,0,NA,0,NA,0,NA,0,NA,NA,0
1996,8,30,NA,0,NA,0,NA,0,NA,0,NA,0,NA,NA,0
1996,8,31,NA,0,NA,0,NA,0,NA,0,NA,0,NA,NA,0
1996,9,1,NA,0,NA,0,NA,0,NA,0,NA,0,NA,NA,0
1996,9,2,NA,0,NA,0,NA,0,NA,0,NA,0,NA,NA,0
1996,9,3,NA,0,NA,0,NA,0,NA,0,NA,0,NA,NA,0
1996,9,4,NA,0,NA,0,NA,0,NA,0,NA,0,NA,NA,0
1996,9,5,NA,0,NA,0,NA,0,NA,0,NA,0,NA,NA,0
1996,9,6,NA,0,NA,0,NA,0,NA,0,NA,0,NA,NA,0
1996,9,7,NA,0,NA,0,NA,0,NA,0,NA,0,NA,NA,0
1996,9,8,NA,0,NA,0,NA,0,NA,0,NA,0,NA,NA,0
1996,9,9,NA,0,NA,0,NA,0,NA,0,NA,0,NA,NA,0
1996,9,10,NA,0,NA,0,NA,0,NA,0,NA,0,NA,NA,0
1996,9,11,NA,0,NA,0,NA,0,NA,0,NA,0,NA,NA,0
1996,9,12,NA,0,NA,0,NA,0,NA,0,NA,0,NA,NA,0
1996,9,13,NA,0,NA,0,NA,0,NA,0,NA,0,NA,NA,0
1996,9,14,NA,0,NA,0,NA,0,NA,0,NA,0,NA,NA,0
1996,9,15,NA,0,NA,0,NA,0,NA,0,NA,0,NA,NA,0
1996,9,16,NA,0,NA,0,NA,0,NA,0,NA,0,NA,NA,0
1996,9,17,NA,0,NA,0,NA,0,NA,0,NA,0,NA,NA,0
1996,9,18,NA,0,NA,0,NA,0,NA,0,NA,0,NA,NA,0
1996,9,19,NA,0,NA,0,NA,0,NA,0,NA,0,NA,NA,0
1996,9,20,NA,0,NA,0,NA,0,NA,0,NA,0,NA,NA,0
1996,9,21,NA,0,NA,0,NA,0,NA,0,NA,0,NA,NA,0
1996,9,22,NA,0,NA,0,NA,0,NA,0,NA,0,NA,NA,0
1996,9,23,NA,0,NA,0,NA,0,NA,0,NA,0,NA,NA,0
1996,9,24,NA,0,NA,0,NA,0,NA,0,NA,0,NA,NA,0
1996,9,25,NA,0,NA,0,NA,0,NA,0,NA,0,NA,NA,0
1996,9,26,NA,0,NA,0,NA,0,NA,0,NA,0,NA,NA,0
1996,9,27,NA,0,NA,0,NA,0,NA,0,NA,0,NA,NA,0
1996,9,28,NA,0,NA,0,NA,0,NA,0,NA,0,NA,NA,0
1996,9,29,NA,0,NA,0,NA,0,NA,0,NA,0,NA,NA,0
1996,9,30,NA,0,NA,0,NA,0,NA,0,NA,0,NA,NA,0
1996,10,1,NA,0,NA,0,NA,0,NA,0,NA,0,NA,NA,0
1996,10,2,NA,0,NA,0,NA,0,NA,0,NA,0,NA,NA,0
1996,10,3,NA,0,NA,0,NA,0,NA,0,NA,0,NA,NA,0
1996,10,4,NA,0,NA,0,NA,0,NA,0,NA,0,NA,NA,0
1996,10,5,NA,0,NA,0,NA,0,NA,0,NA,0,NA,NA,0
1996,10,6,NA,0,NA,0,NA,0,NA,0,NA,0,NA,NA,0
1996,10,7,NA,0,NA,0,NA,0,NA,0,NA,0,NA,NA,0
1996,10,8,NA,0,NA,0,NA,0,NA,0,NA,0,NA,NA,0
1996,10,9,NA,0,NA,0,NA,0,NA,0,NA,0,NA,NA,0
1996,10,10,NA,0,NA,0,NA,0,NA,0,NA,0,NA,NA,0
1996,10,11,NA,0,NA,0,NA,0,NA,0,NA,0,NA,NA,0
1996,10,12,NA,0,NA,0,NA,0,NA,0,NA,0,NA,NA,0
1996,10,13,NA,0,NA,0,NA,0,NA,0,NA,0,NA,NA,0
1996,10,14,NA,0,NA,0,NA,0,NA,0,NA,0,NA,NA,0
1996,10,15,NA,0,NA,0,NA,0,NA,0,NA,0,NA,NA,0
1996,10,16,NA,0,NA,0,NA,0,NA,0,NA,0,NA,NA,0
1996,10,17,NA,0,NA,0,NA,0,NA,0,NA,0,NA,NA,0
1996,10,18,NA,0,NA,0,NA,0,NA,0,NA,0,NA,NA,0
1996,10,19,NA,0,NA,0,NA,0,NA,0,NA,0,NA,NA,0
1996,10,20,NA,0,NA,0,NA,0,NA,0,NA,0,NA,NA,0
1996,10,21,NA,0,NA,0,NA,0,NA,0,NA,0,NA,NA,0
1996,10,22,NA,0,NA,0,NA,0,NA,0,NA,0,NA,NA,0
1996,10,23,NA,0,NA,0,NA,0,NA,0,NA,0,NA,NA,0
1996,10,24,NA,0,NA,0,NA,0,NA,0,NA,0,NA,NA,0
1996,10,25,NA,0,NA,0,NA,0,NA,0,NA,0,NA,NA,0
1996,10,26,NA,0,NA,0,NA,0,NA,0,NA,0,NA,NA,0
1996,10,27,NA,0,NA,0,NA,0,NA,0,NA,0,NA,NA,0
1996,10,28,NA,0,NA,0,NA,0,NA,0,NA,0,NA,NA,0
1996,10,29,NA,0,NA,0,NA,0,NA,0,NA,0,NA,NA,0
1996,10,30,NA,0,NA,0,NA,0,NA,0,NA,0,NA,NA,0
1996,10,31,-2.56,1,NA,0,NA,0.5,142.88,1,NA,0,NA,NA,0.5
1996,11,1,NA,0,NA,0,NA,0,NA,0,NA,0,NA,NA,0
1996,11,2,NA,0,NA,0,NA,0,NA,0,NA,0,NA,NA,0
1996,11,3,NA,0,NA,0,NA,0,NA,0,NA,0,NA,NA,0
1996,11,4,NA,0,NA,0,NA,0,NA,0,NA,0,NA,NA,0
1996,11,5,NA,0,NA,0,NA,0,NA,0,NA,0,NA,NA,0
1996,11,6,NA,0,NA,0,NA,0,NA,0,NA,0,NA,NA,0
1996,11,7,NA,0,NA,0,NA,0,NA,0,NA,0,NA,NA,0
1996,11,8,NA,0,NA,0,NA,0,NA,0,NA,0,NA,NA,0
1996,11,9,NA,0,NA,0,NA,0,NA,0,NA,0,NA,NA,0
1996,11,10,NA,0,NA,0,NA,0,NA,0,NA,0,NA,NA,0
1996,11,11,NA,0,NA,0,NA,0,NA,0,NA,0,NA,NA,0
1996,11,12,NA,0,NA,0,NA,0,NA,0,NA,0,NA,NA,0
1996,11,13,NA,0,NA,0,NA,0,NA,0,NA,0,NA,NA,0
1996,11,14,NA,0,NA,0,NA,0,NA,0,NA,0,NA,NA,0
1996,11,15,NA,0,NA,0,NA,0,NA,0,NA,0,NA,NA,0
1996,11,16,NA,0,NA,0,NA,0,NA,0,NA,0,NA,NA,0
1996,11,17,NA,0,NA,0,NA,0,NA,0,NA,0,NA,NA,0
1996,11,18,NA,0,NA,0,NA,0,NA,0,NA,0,NA,NA,0
1996,11,19,NA,0,NA,0,NA,0,NA,0,NA,0,NA,NA,0
1996,11,20,NA,0,NA,0,NA,0,NA,0,NA,0,NA,NA,0
1996,11,21,NA,0,NA,0,NA,0,NA,0,NA,0,NA,NA,0
1996,11,22,NA,0,NA,0,NA,0,NA,0,NA,0,NA,NA,0
1996,11,23,NA,0,NA,0,NA,0,NA,0,NA,0,NA,NA,0
1996,11,24,NA,0,NA,0,NA,0,NA,0,NA,0,NA,NA,0
1996,11,25,NA,0,NA,0,NA,0,NA,0,NA,0,NA,NA,0
1996,11,26,NA,0,NA,0,NA,0,NA,0,NA,0,NA,NA,0
1996,11,27,NA,0,NA,0,NA,0,NA,0,NA,0,NA,NA,0
1996,11,28,NA,0,NA,0,NA,0,NA,0,NA,0,NA,NA,0
1996,11,29,NA,0,NA,0,NA,0,NA,0,NA,0,NA,NA,0
1996,11,30,NA,0,NA,0,NA,0,NA,0,NA,0,NA,NA,0
1996,12,1,NA,0,NA,0,NA,0,NA,0,NA,0,NA,NA,0
1996,12,2,NA,0,NA,0,NA,0,NA,0,NA,0,NA,NA,0
1996,12,3,NA,0,NA,0,NA,0,NA,0,NA,0,NA,NA,0
1996,12,4,NA,0,NA,0,NA,0,NA,0,NA,0,NA,NA,0
1996,12,5,NA,0,NA,0,NA,0,NA,0,NA,0,NA,NA,0
1996,12,6,NA,0,NA,0,NA,0,NA,0,NA,0,NA,NA,0
1996,12,7,NA,0,NA,0,NA,0,NA,0,NA,0,NA,NA,0
1996,12,8,NA,0,NA,0,NA,0,NA,0,NA,0,NA,NA,0
1996,12,9,NA,0,NA,0,NA,0,NA,0,NA,0,NA,NA,0
1996,12,10,NA,0,NA,0,NA,0,NA,0,NA,0,NA,NA,0
1996,12,11,NA,0,NA,0,NA,0,NA,0,NA,0,NA,NA,0
1996,12,12,NA,0,NA,0,NA,0,NA,0,NA,0,NA,NA,0
1996,12,13,NA,0,NA,0,NA,0,NA,0,NA,0,NA,NA,0
1996,12,14,NA,0,NA,0,NA,0,NA,0,NA,0,NA,NA,0
1996,12,15,NA,0,NA,0,NA,0,NA,0,NA,0,NA,NA,0
1996,12,16,NA,0,NA,0,NA,0,NA,0,NA,0,NA,NA,0
1996,12,17,NA,0,NA,0,NA,0,NA,0,NA,0,NA,NA,0
1996,12,18,NA,0,NA,0,NA,0,NA,0,NA,0,NA,NA,0
1996,12,19,NA,0,NA,0,NA,0,NA,0,NA,0,NA,NA,0
1996,12,20,NA,0,NA,0,NA,0,NA,0,NA,0,NA,NA,0
1996,12,21,NA,0,NA,0,NA,0,NA,0,NA,0,NA,NA,0
1996,12,22,NA,0,NA,0,NA,0,NA,0,NA,0,NA,NA,0
1996,12,23,NA,0.625,NA,0,3.46,0.875,127.25,1,NA,0,2.84,106.97,0.875
1996,12,24,NA,0.5,NA,0,2.07,0.875,95.57,0.875,NA,0.125,1.68,88.78,0.875
1996,12,25,4.27,0.875,NA,0,4.74,1,81.62,1,NA,0,4.63,81.58,1
1996,12,26,NA,0.375,NA,0,NA,0.5,NA,0.625,NA,0,NA,NA,0.5
1996,12,27,NA,0,NA,0,NA,0.125,NA,0.125,NA,0,NA,NA,0.125
1996,12,28,NA,0.5,NA,0,NA,0.5,NA,0.5,NA,0,NA,NA,0.5
1996,12,29,1.35,0.75,NA,0,NA,0.625,133.25,1,NA,0,NA,NA,0.625
1996,12,30,NA,0.5,NA,0,3.46,0.875,99.62,1,NA,0,2.89,82.12,0.875
1996,12,31,2.48,0.75,NA,0,2.83,0.875,68.88,1,NA,0,2.74,63.71,0.875
1997,1,1,3.46,1,NA,0,4.84,1,81.62,1,NA,0,4.69,77.17,1
1997,1,2,3.26,0.875,NA,0,4.47,0.75,52.25,1,NA,0,4.45,53.47,0.75
1997,1,3,1.84,0.875,NA,0,3.33,1,106.38,1,NA,0,1.41,57.3,1
1997,1,4,NA,0.125,NA,0,1.61,1,66.88,1,NA,0,1.56,63.67,1
1997,1,5,NA,0.5,NA,0,NA,0.625,67.62,1,NA,0,NA,NA,0.625
1997,1,6,NA,0.625,NA,0,2.47,0.75,131.17,0.75,NA,0,1.8,131.9,0.75
1997,1,7,1.67,0.75,NA,0,3.3,0.875,70,0.875,NA,0,3.21,59.43,0.875
1997,1,8,NA,0.375,NA,0,1.22,0.75,80.25,1,NA,0,1.09,82.87,0.75
1997,1,9,2.1,0.875,NA,0,NA,0.5,99.75,1,NA,0,NA,NA,0.5
1997,1,10,3.85,0.75,NA,0,NA,0.625,73.38,1,NA,0,NA,NA,0.625
1997,1,11,5.35,1,NA,0,NA,0.5,60.62,1,NA,0,NA,NA,0.5
1997,1,12,NA,0.625,NA,0,4.66,0.875,74.12,1,NA,0,4.59,58.64,0.875
1997,1,13,4.36,1,NA,0,7.66,0.875,57.25,1,NA,0,7.65,57.18,0.875
1997,1,14,5.19,1,NA,0,NA,0.625,71.5,1,NA,0,NA,NA,0.625
1997,1,15,4.27,0.875,NA,0,NA,0.5,67.14,0.875,NA,0,NA,NA,0.5
1997,1,16,2.98,1,NA,0,4.73,0.75,96.38,1,NA,0,3.58,104.47,0.75
1997,1,17,1.21,0.875,NA,0,3.17,1,142,1,NA,0,1.82,9.95,1
1997,1,18,0.2,0.75,NA,0,2.38,1,96.12,1,NA,0,1.05,33.25,1
1997,1,19,NA,0.625,NA,0,2.94,1,65.25,1,NA,0,2.6,59.52,1
1997,1,20,NA,0.375,NA,0,1.84,0.875,124.14,0.875,NA,0,1.56,83.96,0.875
1997,1,21,3.99,0.875,NA,0,NA,0.625,86.62,1,NA,0,NA,NA,0.625
1997,1,22,3.9,0.875,NA,0,3.31,0.875,85.25,1,NA,0,2.97,70.58,0.875
1997,1,23,4.26,1,NA,0,NA,0.625,65.62,1,NA,0,NA,NA,0.625
1997,1,24,4.75,0.75,NA,0,9.39,0.875,63.71,0.875,NA,0,9.24,56.89,0.875
1997,1,25,NA,0.625,NA,0,NA,0.5,92.43,0.875,NA,0,NA,NA,0.5
1997,1,26,NA,0.25,NA,0,1.45,1,77.5,1,NA,0,1.41,81.78,1
1997,1,27,NA,0.375,NA,0,1.71,0.875,82,0.875,NA,0,1.52,46.05,0.875
1997,1,28,NA,0.375,NA,0,1.85,1,173.75,1,NA,0,0.92,356.43,1
1997,1,29,NA,0.625,NA,0,2.4,1,65.38,1,NA,0,2.22,67.17,1
1997,1,30,NA,0.125,NA,0,1.01,1,105.38,1,NA,0,0.61,119.66,1
1997,1,31,NA,0.25,NA,0,0.96,0.875,70.57,0.875,NA,0,0.93,63.25,0.875
1997,2,1,NA,0.375,NA,0,NA,0.5,NA,0.5,NA,0,NA,NA,0.5
1997,2,2,NA,0.375,NA,0,NA,0.625,NA,0.625,NA,0,NA,NA,0.625
1997,2,3,NA,0.5,NA,0,2.2,0.75,134.67,0.75,NA,0,2.06,137.42,0.75
1997,2,4,0.5,1,NA,0,4.55,0.75,260,1,NA,0,3.8,274.48,0.75
1997,2,5,0.26,0.875,NA,0,3.25,1,161.25,1,NA,0,0.64,294.36,1
1997,2,6,NA,0.5,NA,0,1.9,1,88.25,1,NA,0,1.84,90.38,1
1997,2,7,3.82,0.75,NA,0,NA,0.625,67.88,1,NA,0,NA,NA,0.625
1997,2,8,3.53,0.75,NA,0,3.33,0.875,114,1,NA,0,1.41,88.42,0.875
1997,2,9,-0.6,0.75,NA,0,5.78,0.75,217.25,1,NA,0,3.91,212.61,0.75
1997,2,10,0.82,0.75,NA,0,3.39,1,109,1,NA,0,2.22,9.51,1
1997,2,11,1.13,0.875,NA,0,3.9,0.875,109.86,0.875,NA,0,3.8,109.35,0.875
1997,2,12,NA,0.25,NA,0,2.37,0.875,121.43,0.875,NA,0,1.87,103.31,0.875
1997,2,13,3.93,0.875,NA,0,4.42,0.75,63.38,1,NA,0,4.24,63.48,0.75
1997,2,14,4.51,0.875,NA,0,3.73,0.875,72.88,1,NA,0,3.63,62.32,0.875
1997,2,15,4.83,0.75,NA,0,NA,0.5,77.5,1,NA,0,NA,NA,0.5
1997,2,16,NA,0.375,NA,0,2.16,0.875,121.86,0.875,NA,0,1.7,67.27,0.875
1997,2,17,NA,0.375,NA,0,1.61,1,48.88,1,NA,0,1.61,48.74,1
1997,2,18,0.73,0.75,NA,0,3.26,0.875,163.62,1,NA,0,1.45,218.6,0.875
1997,2,19,NA,0.5,NA,0,1.9,0.75,81.12,1,NA,0,1.79,74.56,0.75
1997,2,20,3.01,0.875,NA,0,NA,0.625,77.5,1,NA,0,NA,NA,0.625
1997,2,21,NA,0.375,NA,0,1.88,0.75,88.86,0.875,NA,0,1.53,88.85,0.75
1997,2,22,NA,0.25,NA,0,1.62,1,106.88,1,NA,0,1.31,56.42,1
1997,2,23,NA,0.25,NA,0,1.65,1,99.5,1,NA,0,1.09,55.58,1
1997,2,24,NA,0,NA,0,1,1,100,1,NA,0,0.86,92.79,1
1997,2,25,NA,0.5,NA,0,2.35,1,120.62,1,NA,0,2.08,134.27,1
1997,2,26,0.68,1,NA,0,5.04,1,75.5,1,NA,0,4.98,75,1
1997,2,27,2.39,0.875,NA,0,NA,0.625,77.88,1,NA,0,NA,NA,0.625
1997,2,28,4.05,1,NA,0,6.45,0.75,56.12,1,NA,0,6.39,54.62,0.75
1997,3,1,4.01,1,NA,0,NA,0.25,62.25,1,NA,0,NA,NA,0.25
1997,3,2,1.86,0.875,NA,0,NA,0.5,80.5,0.75,NA,0,NA,NA,0.5
1997,3,3,1.51,0.875,NA,0,2.33,0.875,86,0.875,NA,0,2.11,105.51,0.875
1997,3,4,2.99,1,NA,0,6.47,0.75,68.5,1,NA,0,6.12,56.64,0.75
1997,3,5,3.09,1,NA,0,NA,0.5,81.88,1,NA,0,NA,NA,0.5
1997,3,6,0.99,1,NA,0,3.01,1,182,1,NA,0,0.38,281.52,1
1997,3,7,2.18,1,NA,0,5.71,0.875,61,1,NA,0,5.69,59.06,0.875
1997,3,8,1.51,1,NA,0,NA,0.5,143.88,1,NA,0,NA,NA,0.5
1997,3,9,1.1,1,NA,0,6.72,1,138,1,NA,0,3.16,0.73,1
1997,3,10,1.37,1,NA,0,NA,0.625,44.88,1,NA,0,NA,NA,0.625
1997,3,11,-0.56,0.875,NA,0,NA,0.625,104.86,0.875,NA,0.25,NA,NA,0.625
1997,3,12,-0.56,0.875,NA,0,NA,0.625,145,0.875,25,0.75,NA,NA,0.625
1997,3,13,0.14,1,NA,0,4.12,0.75,59.5,1,25,0.75,3.73,62.91,0.75
1997,3,14,0.81,1,NA,0,7.26,0.875,NA,0.625,25,1,NA,NA,0.5
1997,3,15,0.49,0.875,NA,0,NA,0.625,NA,0.375,25,0.875,NA,NA,0.25
1997,3,16,1.41,0.875,NA,0,NA,0.625,83.86,0.875,25,0.875,NA,NA,0.625
1997,3,17,1.14,1,NA,0,3.86,0.875,64.38,1,25,1,3.73,63.77,0.875
1997,3,18,0.11,1,NA,0,2.64,1,82.25,1,25,1,1.44,45.29,1
1997,3,19,1.08,1,NA,0,4.97,0.75,54.5,1,25,1,4.96,55.62,0.75
1997,3,20,1.21,0.875,NA,0,7.2,0.75,52.71,0.875,25,0.875,7.19,51.07,0.75
1997,3,21,0.39,0.875,NA,0,6.75,0.75,92,0.875,25,0.875,6.74,51.3,0.75
1997,3,22,-1.85,1,NA,0,7.07,0.75,143.12,1,49,0.875,2.61,344.12,0.75
1997,3,23,-2.62,1,NA,0,5.84,0.875,81.88,1,54.29,0.875,2.05,2.1,0.875
1997,3,24,-2.65,1,NA,0,3.91,1,223.88,1,NA,0.125,1.61,259.75,1
1997,3,25,-1.34,1,NA,0,1.82,1,98.5,1,NA,0,1.34,57.55,1
1997,3,26,-0.36,0.875,NA,0,NA,0.625,79.86,0.875,NA,0,NA,NA,0.625
1997,3,27,3.49,1,NA,0,NA,0.625,94.88,1,NA,0,NA,NA,0.625
1997,3,28,2.36,1,NA,0,NA,0.625,66,0.875,NA,0,NA,NA,0.625
1997,3,29,2.45,1,NA,0,2.78,0.75,118.5,1,NA,0,1.92,152.51,0.75
1997,3,30,-0.36,0.875,NA,0,3.94,0.875,114.14,0.875,NA,0,2.72,358.51,0.875
1997,3,31,-0.3,0.875,NA,0,6.25,0.75,48.14,0.875,NA,0,6.22,43.67,0.75
1997,4,1,-1.01,1,NA,0,6.08,0.75,133,1,NA,0,3.3,324.64,0.75
1997,4,2,-0.28,1,NA,0,NA,0.375,72.12,1,NA,0,NA,NA,0.375
1997,4,3,0.19,1,NA,0,NA,0.625,104.14,0.875,NA,0,NA,NA,0.625
1997,4,4,-0.18,1,NA,0,1.58,0.75,156.33,0.75,NA,0,1.23,166.7,0.75
1997,4,5,1.47,1,NA,0,NA,0.5,148,0.875,NA,0,NA,NA,0.5
1997,4,6,3.51,1,NA,0,NA,0.375,125.5,1,NA,0,NA,NA,0.375
1997,4,7,2.51,0.875,NA,0,NA,0.625,57.86,0.875,NA,0,NA,NA,0.625
1997,4,8,2.43,0.875,NA,0,NA,0.625,58.86,0.875,NA,0,NA,NA,0.625
1997,4,9,-0.32,0.75,NA,0,NA,0.375,NA,0.625,NA,0,NA,NA,0.375
1997,4,10,-1.46,1,NA,0,4.1,1,168.5,1,NA,0,2.52,204.47,1
1997,4,11,-1.53,1,NA,0,4.22,0.75,87.5,1,NA,0,4.14,49.17,0.75
1997,4,12,-1.3,1,NA,0,2.41,1,93.75,1,NA,0,2.38,53.67,1
1997,4,13,-2.18,1,NA,0,1.71,0.875,69.88,1,NA,0,1.61,75.4,0.875
1997,4,14,1.6,1,NA,0,NA,0.375,64.62,1,NA,0,NA,NA,0.375
1997,4,15,0.37,1,NA,0,NA,0.5,71.25,1,NA,0,NA,NA,0.5
1997,4,16,-0.74,1,NA,0,1.49,0.875,91.29,0.875,NA,0,1.31,85.12,0.875
1997,4,17,-0.66,0.875,NA,0,NA,0.625,NA,0.625,NA,0,NA,NA,0.625
1997,4,18,-1.61,0.875,NA,0,NA,0.625,62.29,0.875,NA,0,NA,NA,0.625
1997,4,19,-1.71,1,NA,0,2.62,1,59.62,1,NA,0,2.49,66.07,1
1997,4,20,-1.94,1,NA,0,3.4,1,169.75,1,NA,0,1.2,246.06,1
1997,4,21,-2.59,1,NA,0,4.06,1,165.38,1,NA,0,1.09,234.21,1
1997,4,22,-3.76,1,NA,0,2.62,1,56.75,1,NA,0,2.61,58.28,1
1997,4,23,-2.13,1,NA,0,1.55,1,58.38,1,NA,0,1.49,60.61,1
1997,4,24,-0.5,1,NA,0,3.99,0.875,76.12,1,NA,0,3.66,71.03,0.875
1997,4,25,-0.91,1,NA,0,NA,0.625,81.62,1,NA,0,NA,NA,0.625
1997,4,26,-2.24,0.875,NA,0,NA,0.5,127.57,0.875,NA,0,NA,NA,0.5
1997,4,27,-3.3,0.875,NA,0,1.96,0.875,71.43,0.875,NA,0,1.89,69.66,0.875
1997,4,28,-2.59,1,NA,0,6.01,0.875,58.5,1,NA,0,5.12,61.96,0.875
1997,4,29,-5.1,1,NA,0,7.6,1,179.12,1,NA,0,3.3,323.69,1
1997,4,30,-5.61,1,NA,0,3.7,0.875,126.12,1,NA,0,2.16,119.26,0.875
1997,5,1,-4.18,1,NA,0,5.08,1,91.75,1,NA,0,4.11,111.03,1
1997,5,2,-0.76,1,NA,0,NA,0.5,113.5,1,NA,0,NA,NA,0.5
1997,5,3,-2.31,1,NA,0,5.21,1,65.38,1,NA,0,3.71,25.61,1
1997,5,4,-3.89,1,NA,0,4.53,0.875,69.75,1,NA,0,4.36,52.3,0.875
1997,5,5,-4.29,0.875,NA,0,3.4,0.875,63.14,0.875,NA,0,3.33,59.93,0.875
1997,5,6,-2.39,0.875,NA,0,NA,0.625,88.57,0.875,NA,0,NA,NA,0.625
1997,5,7,-1.15,1,NA,0,NA,0.375,92.62,1,NA,0,NA,NA,0.375
1997,5,8,-0.86,1,NA,0,NA,0.5,88.38,1,NA,0,NA,NA,0.5
1997,5,9,-1.87,0.875,NA,0,NA,0.625,91.71,0.875,NA,0,NA,NA,0.625
1997,5,10,0.06,1,NA,0,2.72,0.75,95.25,1,NA,0,2.61,110.32,0.75
1997,5,11,1.38,0.75,NA,0,NA,0.625,74.88,1,NA,0,NA,NA,0.625
1997,5,12,3.2,0.875,NA,0,NA,0.625,56.86,0.875,NA,0,NA,NA,0.625
1997,5,13,2.6,1,NA,0,NA,0.5,66.25,1,NA,0,NA,NA,0.5
1997,5,14,0.21,0.875,NA,0,NA,0.5,95.14,0.875,NA,0,NA,NA,0.5
1997,5,15,-3.07,0.875,NA,0,NA,0.5,59.33,0.75,NA,0,NA,NA,0.5
1997,5,16,-3.74,0.875,NA,0,4.57,0.75,126,0.875,NA,0,3.51,147.71,0.75
1997,5,17,-4.64,1,NA,0,2.16,1,65.5,1,NA,0,2.12,68.34,1
1997,5,18,-4.61,1,NA,0,NA,0.625,113.75,1,NA,0,NA,NA,0.625
1997,5,19,-4.95,1,NA,0,3.04,0.875,111,1,NA,0,2.46,127.72,0.875
1997,5,20,-4.45,1,NA,0,1.76,1,76.5,1,NA,0,1.24,74.19,1
1997,5,21,-3.83,1,NA,0,2.78,1,112.62,1,NA,0,2.22,151.75,1
1997,5,22,-3.49,1,NA,0,4.1,1,127.88,1,NA,0,1.87,137.65,1
1997,5,23,-2.43,0.875,NA,0,4.74,0.875,159.57,0.875,NA,0,4.33,157.05,0.875
1997,5,24,-1.93,0.875,NA,0,2.93,0.875,58,0.875,NA,0,2.12,48.66,0.875
1997,5,25,-1.98,1,NA,0,4.01,1,121.75,1,NA,0,1.23,107.05,1
1997,5,26,-1.76,0.875,NA,0,4.04,0.875,154.71,0.875,NA,0,0.27,146.31,0.875
1997,5,27,-1.48,1,NA,0,2.71,1,125.38,1,NA,0,0.92,135.21,1
1997,5,28,-2.68,1,NA,0,1.9,0.875,93.71,0.875,NA,0,0.94,36.75,0.875
1997,5,29,-0.7,1,NA,0,2,0.875,56.14,0.875,NA,0,1.83,52,0.875
1997,5,30,-3.35,1,NA,0,NA,0,NA,0,NA,0,NA,NA,0
1997,5,31,-2.55,1,NA,0,NA,0,NA,0,NA,0,NA,NA,0
1997,6,1,-2.64,0.875,NA,0,NA,0,NA,0,NA,0,NA,NA,0
1997,6,2,NA,0.625,NA,0,NA,0.375,NA,0.625,NA,0,NA,NA,0.375
1997,6,3,3.64,1,NA,0,NA,0.5,114,1,NA,0,NA,NA,0.5
1997,6,4,2.15,1,NA,0,7.77,0.75,76.62,1,NA,0,6,70.88,0.75
1997,6,5,1.84,1,NA,0,NA,0.625,79.62,1,NA,0,NA,NA,0.625
1997,6,6,-0.94,1,NA,0,2.02,1,72.25,1,NA,0,1.85,68.96,1
1997,6,7,-2.34,1,NA,0,NA,0.625,NA,0.625,NA,0,NA,NA,0.625
1997,6,8,-4.21,1,NA,0,NA,0,NA,0,NA,0,NA,NA,0
1997,6,9,-3.26,1,NA,0,2.17,1,113.38,1,NA,0,1.12,67.67,1
1997,6,10,-2.37,0.875,NA,0,6.02,0.75,108.86,0.875,NA,0,4.28,30.37,0.75
1997,6,11,-3.13,0.875,NA,0,5.19,0.875,18.14,0.875,NA,0,5.12,16.99,0.875
1997,6,12,-2.37,0.875,NA,0,NA,0.625,NA,0.625,NA,0,NA,NA,0.625
1997,6,13,-2.57,1,NA,0,NA,0.5,NA,0.5,NA,0,NA,NA,0.5
1997,6,14,-1.95,1,NA,0,2.88,1,116.12,1,NA,0,2.53,113.66,1
1997,6,15,-1.74,0.875,NA,0,NA,0.25,NA,0.25,NA,0,NA,NA,0.25
1997,6,16,-2.81,0.875,NA,0,NA,0.125,NA,0.125,NA,0,NA,NA,0.125
1997,6,17,-1.39,1,NA,0,NA,0.25,NA,0.375,NA,0,NA,NA,0.25
1997,6,18,-5.4,1,NA,0,5.02,0.75,69.75,1,NA,0,4.96,80.11,0.75
1997,6,19,-5.91,1,NA,0,1.94,0.875,140.43,0.875,NA,0,1.11,158.44,0.875
1997,6,20,-0.27,0.875,NA,0,NA,0.375,NA,0.375,NA,0,NA,NA,0.375
1997,6,21,-2.83,0.875,NA,0,NA,0.25,NA,0.5,NA,0,NA,NA,0.25
1997,6,22,-6.04,1,NA,0,2.04,0.875,81.43,0.875,NA,0,2.02,81.66,0.875
1997,6,23,-7.56,1,NA,0,NA,0.625,91.12,1,NA,0,NA,NA,0.625
1997,6,24,-9.94,1,NA,0,3.01,1,104,1,NA,0,2.66,103.2,1
1997,6,25,-8.13,1,NA,0,2.65,1,111.88,1,NA,0,1.78,59.98,1
1997,6,26,-8.53,1,NA,0,2.88,1,115.62,1,53,0.75,2.34,75.3,1
1997,6,27,-6.89,1,NA,0,1.85,1,118.25,1,NA,0,1.74,118.71,1
1997,6,28,-5.09,1,NA,0,2.2,1,135.25,1,NA,0,2.1,135.3,1
1997,6,29,-3.29,0.875,NA,0,NA,0.5,161.14,0.875,NA,0,NA,NA,0.5
1997,6,30,-4.93,0.875,NA,0,3.5,0.875,142.71,0.875,NA,0,2,142.42,0.875
1997,7,1,-8.1,1,NA,0,1.89,1,151,1,NA,0,0.56,105.01,1
1997,7,2,-7.43,1,NA,0,2.84,1,100.75,1,NA,0,2.13,94.37,1
1997,7,3,-8.8,1,NA,0,2.6,0.875,85.43,0.875,NA,0,2.24,69.75,0.875
1997,7,4,-10.06,1,NA,0,2.03,0.875,123.29,0.875,NA,0,0.81,101.36,0.875
1997,7,5,-9.4,1,NA,0,1.84,0.875,108.71,0.875,NA,0,1.78,106.17,0.875
1997,7,6,-7.15,1,NA,0,1.6,1,91.12,1,NA,0,1.39,81.73,1
1997,7,7,-7.64,0.875,NA,0,1.44,0.875,92.29,0.875,NA,0,1.34,89.08,0.875
1997,7,8,-9.07,0.875,NA,0,1.43,0.875,116.71,0.875,NA,0,1.41,117.86,0.875
1997,7,9,-8.53,0.875,NA,0,1.37,0.75,89.67,0.75,NA,0,1.26,89.23,0.75
1997,7,10,-8.64,1,NA,0,1.86,0.875,119,0.875,NA,0,1.54,109.93,0.875
1997,7,11,-2.45,1,NA,0,NA,0.25,129.43,0.875,NA,0,NA,NA,0.25
1997,7,12,-3.09,1,NA,0,NA,0.625,86.83,0.75,NA,0,NA,NA,0.625
1997,7,13,-0.09,1,NA,0,NA,0,204,0.875,NA,0,NA,NA,0
1997,7,14,-2.91,1,NA,0,NA,0.5,166.17,0.75,NA,0,NA,NA,0.5
1997,7,15,-5.08,0.75,NA,0,NA,0.375,82.83,0.75,NA,0,NA,NA,0.375
1997,7,16,-6.79,0.875,NA,0,3.39,0.875,96.71,0.875,NA,0,1.64,79.52,0.875
1997,7,17,-4.86,0.875,NA,0,NA,0.625,70.14,0.875,NA,0,NA,NA,0.625
1997,7,18,NA,0.625,NA,0,NA,0.5,87.43,0.875,NA,0,NA,NA,0.5
1997,7,19,-3.03,0.875,NA,0,NA,0.5,110.57,0.875,NA,0,NA,NA,0.5
1997,7,20,-0.3,1,NA,0,NA,0.5,75.88,1,NA,0,NA,NA,0.5
1997,7,21,-2.79,1,NA,0,9.73,0.75,52.88,1,NA,0,9.7,55.24,0.75
1997,7,22,-5.22,0.75,NA,0,NA,0.25,98.25,1,NA,0,NA,NA,0.25
1997,7,23,-14.72,1,NA,0,7.17,0.75,211.12,1,NA,0,5.23,234.96,0.75
1997,7,24,-4.63,0.75,NA,0,NA,0.375,73.12,1,NA,0,NA,NA,0.375
1997,7,25,-3.11,0.875,NA,0,NA,0.5,75.25,1,NA,0,NA,NA,0.5
1997,7,26,-15.3,0.75,NA,0,4.63,0.875,42.57,0.875,NA,0,4.62,42.14,0.875
1997,7,27,-16.1,0.875,NA,0,1.9,0.875,104.71,0.875,NA,0,1.52,52.45,0.875
1997,7,28,-10.09,1,NA,0,1.9,0.875,69.43,0.875,NA,0,1.72,79.61,0.875
1997,7,29,-3.51,0.875,NA,0,2.01,0.875,78.62,1,NA,0,1.82,67.71,0.875
1997,7,30,-9,1,NA,0,3.76,0.875,67.62,1,NA,0,3.09,70.75,0.875
1997,7,31,NA,0.625,NA,0,NA,0.375,181.75,1,NA,0,NA,NA,0.375
1997,8,1,-20.83,0.875,NA,0,8.58,0.75,145.75,1,NA,0,3.92,46.74,0.75
1997,8,2,-10.59,0.875,NA,0,NA,0.5,65.38,1,NA,0,NA,NA,0.5
1997,8,3,-9.62,1,NA,0,3.85,1,38.25,1,NA,0,3.67,37.6,1
1997,8,4,NA,0.625,NA,0,NA,0.625,174.14,0.875,NA,0,NA,NA,0.625
1997,8,5,-8.6,0.875,NA,0,NA,0.5,126.86,0.875,NA,0,NA,NA,0.5
1997,8,6,-7.29,0.875,NA,0,2.78,0.75,56,0.875,NA,0,2.72,57.01,0.75
1997,8,7,-3.17,1,NA,0,3.45,1,77.62,1,NA,0,3.22,79.97,1
1997,8,8,1.48,1,NA,0,NA,0.375,189.86,0.875,NA,0,NA,NA,0.375
1997,8,9,-0.75,1,NA,0,0.84,0.875,71,1,NA,0,0.43,32.29,0.875
1997,8,10,-1.61,1,NA,0,2.23,0.875,106.29,0.875,NA,0,1.09,80.56,0.875
1997,8,11,-2.19,1,NA,0,1.6,0.75,97.57,0.875,NA,0,1.03,59.38,0.75
1997,8,12,-0.31,1,NA,0,NA,0.25,153.12,1,NA,0,NA,NA,0.25
1997,8,13,-2.13,1,NA,0,NA,0.5,135.5,1,NA,0,NA,NA,0.5
1997,8,14,-2.8,0.875,NA,0,8.6,0.875,115.29,0.875,NA,0,4.5,131.75,0.875
1997,8,15,-3.31,0.875,NA,0,NA,0.5,120,0.875,NA,0,NA,NA,0.5
1997,8,16,-4.09,1,NA,0,NA,0.625,132.62,1,NA,0,NA,NA,0.625
1997,8,17,-3.53,1,NA,0,3.35,0.75,61.71,0.875,NA,0,3.31,54.02,0.75
1997,8,18,-6,1,NA,0,NA,0.5,140.62,1,NA,0,NA,NA,0.5
1997,8,19,-7.38,1,NA,0,3.99,1,84.88,1,NA,0,2.9,73.75,1
1997,8,20,-4.1,0.875,NA,0,11.57,0.75,44.62,1,NA,0,11.14,39.83,0.75
1997,8,21,-11.29,1,NA,0,7.68,0.75,81.38,1,NA,0,7.41,36.36,0.75
1997,8,22,-0.97,0.75,NA,0,10.22,0.75,98.38,1,NA,0,6.84,83.94,0.75
1997,8,23,NA,0.5,NA,0,9.2,0.75,116.83,0.75,NA,0,3.35,333.71,0.75
1997,8,24,-13.28,0.75,NA,0,NA,0.625,127,0.875,NA,0,NA,NA,0.625
1997,8,25,-18.75,1,NA,0,5.16,1,148.75,1,NA,0,1.05,247.98,1
1997,8,26,NA,0.625,NA,0,NA,0.625,90,1,NA,0,NA,NA,0.625
1997,8,27,NA,0.625,NA,0,3.87,0.75,78.71,0.875,NA,0,3.49,65.02,0.75
1997,8,28,0.6,1,NA,0,11.12,0.75,63.88,1,NA,0,9.79,48.85,0.75
1997,8,29,0.1,1,NA,0,NA,0.5,95,1,NA,0,NA,NA,0.5
1997,8,30,-5.87,0.875,NA,0,NA,0.625,68.75,1,NA,0,NA,NA,0.625
1997,8,31,-12.74,1,NA,0,4.46,1,37.5,1,NA,0,4.32,39.77,1
1997,9,1,-13.57,0.875,NA,0,NA,0,NA,0,NA,0,NA,NA,0
1997,9,2,-13.26,0.875,NA,0,NA,0,NA,0,NA,0,NA,NA,0
1997,9,3,-6.85,1,NA,0,NA,0.5,NA,0.625,NA,0,NA,NA,0.5
1997,9,4,NA,0.625,NA,0,NA,0.5,NA,0.625,NA,0,NA,NA,0.5
1997,9,5,-5.5,0.75,NA,0,NA,0,NA,0,NA,0,NA,NA,0
1997,9,6,-6.58,1,NA,0,NA,0,NA,0,NA,0,NA,NA,0
1997,9,7,-9.73,0.875,NA,0,NA,0,NA,0,NA,0,NA,NA,0
1997,9,8,-16.55,0.75,NA,0,NA,0,NA,0,NA,0,NA,NA,0
1997,9,9,-9.14,0.875,NA,0,NA,0,NA,0,NA,0,NA,NA,0
1997,9,10,-6.59,0.875,NA,0,NA,0.25,NA,0.25,NA,0,NA,NA,0.25
1997,9,11,-15.47,0.875,NA,0,7.34,0.875,165.14,0.875,NA,0,4.08,264.38,0.875
1997,9,12,-14.7,0.875,NA,0,3.21,0.875,95.71,0.875,NA,0,2.27,109.01,0.875
1997,9,13,-10.52,1,NA,0,2.76,1,77.75,1,NA,0,2.38,78.03,1
1997,9,14,NA,0.625,NA,0,NA,0.5,56.5,1,NA,0,NA,NA,0.5
1997,9,15,NA,0.5,NA,0,NA,0.625,181.62,1,NA,0,NA,NA,0.625
1997,9,16,-9.5,0.875,NA,0,2.07,0.875,117.71,0.875,NA,0,1.57,102.1,0.875
1997,9,17,-11.5,0.75,NA,0,3.64,0.875,103.5,1,NA,0,1.89,10.14,0.875
1997,9,18,-8.59,0.875,NA,0,4.7,0.875,104.86,0.875,NA,0,2.47,72.22,0.875
1997,9,19,-12.54,0.875,NA,0,NA,0.5,111.29,0.875,NA,0,NA,NA,0.5
1997,9,20,-12.46,0.875,NA,0,2.07,0.875,130.14,0.875,NA,0,1.2,160.45,0.875
1997,9,21,NA,0.625,NA,0,NA,0.625,NA,0.625,NA,0,NA,NA,0.625
1997,9,22,NA,0.625,NA,0,2,0.875,78.71,0.875,NA,0,1.89,78.94,0.875
1997,9,23,NA,0.5,NA,0,1.7,0.75,69.5,0.75,NA,0,1.59,74.48,0.75
1997,9,24,-2.6,0.875,NA,0,1.53,0.875,71.86,0.875,NA,0,1.48,73.53,0.875
1997,9,25,-2.61,1,NA,0,1.84,1,33.38,1,NA,0,1.72,30.64,1
1997,9,26,-3.87,0.75,NA,0,3.13,0.75,38.83,0.75,NA,0,3.04,37.19,0.75
1997,9,27,NA,0.5,NA,0,NA,0.5,NA,0.5,NA,0,NA,NA,0.5
1997,9,28,NA,0.5,NA,0,NA,0.375,NA,0.5,NA,0,NA,NA,0.375
1997,9,29,-3.2,0.875,NA,0,6.83,0.875,172.29,0.875,NA,0,0.97,314.32,0.875
1997,9,30,-7.05,0.75,NA,0,NA,0.5,105.67,0.75,NA,0,NA,NA,0.5
1997,10,1,-4.57,0.75,NA,0,1.13,0.75,74.33,0.75,NA,0,0.66,86.89,0.75
1997,10,2,-4.19,0.875,NA,0,NA,0.625,80.71,0.875,NA,0,NA,NA,0.625
1997,10,3,0.23,0.75,NA,0,1.23,0.75,103.67,0.75,NA,0,0.44,115.82,0.75
1997,10,4,-1.38,1,NA,0,1.39,1,73.25,1,NA,0,1.11,73.64,1
1997,10,5,-2.97,0.75,NA,0,1.18,0.75,76.67,0.75,NA,0,1.15,76.12,0.75
1997,10,6,NA,0.625,NA,0,NA,0.625,NA,0.625,NA,0,NA,NA,0.625
1997,10,7,-0.7,0.875,NA,0,NA,0.375,111,0.875,NA,0,NA,NA,0.375
1997,10,8,-3.3,0.875,NA,0,NA,0.375,158,0.875,NA,0,NA,NA,0.375
1997,10,9,-3.94,0.875,NA,0,NA,0.5,49.57,0.875,NA,0,NA,NA,0.5
1997,10,10,NA,0.625,NA,0,NA,0.625,NA,0.625,NA,0,NA,NA,0.625
1997,10,11,-4.41,0.875,NA,0,2.61,0.875,45,0.875,NA,0,2.33,41.51,0.875
1997,10,12,-4.4,0.875,NA,0,1.99,0.875,72.14,0.875,NA,0,1.43,71.7,0.875
1997,10,13,-1.82,0.75,NA,0,NA,0.375,56.67,0.75,NA,0,NA,NA,0.375
1997,10,14,-9.35,1,NA,0,9.68,1,46.38,1,NA,0,9.67,46.36,1
1997,10,15,-8.67,0.875,NA,0,NA,0.25,NA,0.25,NA,0,NA,NA,0.25
1997,10,16,-4.83,0.75,NA,0,3.53,0.75,140.5,0.75,NA,0,2.95,140.44,0.75
1997,10,17,NA,0.25,NA,0,NA,0.25,NA,0.25,NA,0,NA,NA,0.25
1997,10,18,NA,0,NA,0,NA,0,NA,0,NA,0,NA,NA,0
1997,10,19,NA,0.5,NA,0,NA,0.375,NA,0.5,NA,0,NA,NA,0.375
1997,10,20,0.2,0.75,NA,0,10.95,0.75,61.5,0.75,NA,0,9.91,63.89,0.75
1997,10,21,0.14,1,NA,0,6.81,0.875,38.12,1,NA,0,5.95,27.43,0.875
1997,10,22,-3.07,0.875,NA,0,2.96,0.875,97.86,0.875,NA,0,2.86,50.2,0.875
1997,10,23,-5.15,1,NA,0,3.2,1,35.5,1,NA,0,2.98,33.38,1
1997,10,24,-6.85,1,NA,0,1.66,1,28.62,1,NA,0,1.58,28.37,1
1997,10,25,-6.71,0.875,NA,0,2.49,0.875,34,0.875,NA,0,2.26,22.71,0.875
1997,10,26,-2.67,0.875,NA,0,2.8,0.875,39.57,0.875,NA,0,2.63,39.81,0.875
1997,10,27,-1.82,0.75,NA,0,3.85,0.75,50.17,0.75,NA,0,3.83,47.82,0.75
1997,10,28,-2.28,1,NA,0,NA,0.375,NA,0.375,NA,0,NA,NA,0.375
1997,10,29,-3.37,0.875,NA,0,NA,0.125,NA,0.25,NA,0,NA,NA,0.125
1997,10,30,-2.07,0.875,NA,0,NA,0.125,NA,0.125,NA,0,NA,NA,0.125
1997,10,31,-3.72,1,NA,0,5,0.75,59.62,1,NA,0,4.8,67.55,0.75
1997,11,1,-5.89,1,NA,0,NA,0.5,70,1,NA,0,NA,NA,0.5
1997,11,2,-3.99,0.875,NA,0,3.22,0.75,66.33,0.75,NA,0,2.8,63.2,0.75
1997,11,3,-3.77,0.875,NA,0,NA,0,NA,0,NA,0,NA,NA,0
1997,11,4,-0.62,0.75,NA,0,NA,0.375,NA,0.5,NA,0,NA,NA,0.375
1997,11,5,-2.17,0.875,NA,0,3.29,0.875,67.43,0.875,NA,0,3.07,63.29,0.875
1997,11,6,-2.9,0.75,NA,0,0.85,0.75,100.5,0.75,NA,0,0.28,97.96,0.75
1997,11,7,-4.39,1,NA,0,3.83,1,54.25,1,NA,0,3.79,53.13,1
1997,11,8,-4.53,0.875,NA,0,NA,0.625,117.43,0.875,NA,0,NA,NA,0.625
1997,11,9,NA,0.625,NA,0,1.78,0.75,107.17,0.75,NA,0,1.65,108.08,0.75
1997,11,10,NA,0.625,NA,0,2.23,0.875,131.14,0.875,NA,0,1.96,125.64,0.875
1997,11,11,NA,0.625,NA,0,2.89,0.875,118.43,0.875,NA,0,2.41,122.1,0.875
1997,11,12,-3.69,0.875,NA,0,2.11,0.875,76.57,0.875,NA,0,1.95,77.69,0.875
1997,11,13,-2.4,0.75,NA,0,NA,0.625,69.5,0.75,NA,0,NA,NA,0.625
1997,11,14,NA,0.375,NA,0,NA,0.375,NA,0.375,NA,0,NA,NA,0.375
1997,11,15,-4.68,0.75,NA,0,1.8,0.75,93.83,0.75,NA,0,1.74,90.8,0.75
1997,11,16,NA,0.5,NA,0,NA,0.5,NA,0.5,NA,0,NA,NA,0.5
1997,11,17,NA,0.625,NA,0,NA,0.625,NA,0.625,NA,0,NA,NA,0.625
1997,11,18,NA,0.625,NA,0,NA,0.625,NA,0.625,NA,0,NA,NA,0.625
1997,11,19,0.5,0.75,NA,0,1.8,0.75,105.17,0.75,NA,0,1.53,112.48,0.75
1997,11,20,NA,0.5,NA,0,NA,0.125,NA,0.375,NA,0,NA,NA,0.125
1997,11,21,-1.53,0.75,NA,0,6.7,0.75,89.67,0.75,NA,0,5.85,112.38,0.75
1997,11,22,NA,0.5,NA,0,NA,0.25,NA,0.25,NA,0,NA,NA,0.25
1997,11,23,NA,0.625,NA,0,NA,0.625,NA,0.625,NA,0,NA,NA,0.625
1997,11,24,-1.08,0.75,NA,0,NA,0.375,NA,0.375,NA,0,NA,NA,0.375
1997,11,25,NA,0.5,NA,0,NA,0.375,NA,0.375,NA,0,NA,NA,0.375
1997,11,26,NA,0.625,NA,0,NA,0.375,NA,0.375,NA,0,NA,NA,0.375
1997,11,27,0.47,0.875,NA,0,2.37,0.75,62.83,0.75,NA,0,2.14,72.08,0.75
1997,11,28,NA,0.5,NA,0,NA,0.5,NA,0.5,NA,0,NA,NA,0.5
1997,11,29,NA,0.375,NA,0,NA,0.375,NA,0.375,NA,0,NA,NA,0.375
1997,11,30,NA,0.5,NA,0,NA,0.5,NA,0.5,NA,0,NA,NA,0.5
1997,12,1,NA,0.25,NA,0,NA,0.625,NA,0.625,NA,0,NA,NA,0.625
1997,12,2,NA,0,NA,0,NA,0.625,NA,0.625,NA,0,NA,NA,0.625
1997,12,3,NA,0.375,NA,0,2.54,0.875,160.29,0.875,NA,0,2,163.71,0.875
1997,12,4,NA,0.125,NA,0,1.56,0.875,106.43,0.875,NA,0,1.31,68.55,0.875
1997,12,5,NA,0.25,NA,0,NA,0.625,NA,0.625,NA,0,NA,NA,0.625
1997,12,6,NA,0.125,NA,0,NA,0.625,NA,0.625,NA,0,NA,NA,0.625
1997,12,7,NA,0.125,NA,0,1.53,0.875,101.14,0.875,NA,0,1.07,93.05,0.875
1997,12,8,NA,0.125,NA,0,1.48,0.75,96.83,0.75,NA,0,0.76,123.09,0.75
1997,12,9,NA,0.125,NA,0,1.1,0.875,137.86,0.875,NA,0,0.62,74.3,0.875
1997,12,10,NA,0.125,NA,0,1.15,0.75,42.67,0.75,NA,0,1.13,46.49,0.75
1997,12,11,NA,0,NA,0,1.38,0.75,154.67,0.75,NA,0,0.68,139.14,0.75
1997,12,12,NA,0.625,NA,0,NA,0.625,153.86,0.875,NA,0,NA,NA,0.625
1997,12,13,NA,0.625,NA,0,3.47,0.75,89.14,0.875,NA,0,3.16,91.42,0.75
1997,12,14,NA,0.375,NA,0,2.47,0.875,114.71,0.875,NA,0,1.35,99.64,0.875
1997,12,15,1.18,0.75,NA,0,3.33,1,71.12,1,NA,0,3.28,71.73,1
1997,12,16,NA,0.125,NA,0,1.56,0.875,97.86,0.875,NA,0,1.32,74.39,0.875
1997,12,17,NA,0.25,NA,0,1.63,0.875,89.86,0.875,NA,0,0.57,100.63,0.875
1997,12,18,NA,0.125,NA,0,1.71,1,121.12,1,NA,0,0.77,70.41,1
1997,12,19,1.08,0.75,NA,0,NA,0.625,109.43,0.875,NA,0,NA,NA,0.625
1997,12,20,NA,0.5,NA,0,NA,0.625,NA,0.625,NA,0,NA,NA,0.625
1997,12,21,NA,0.5,NA,0,2.83,0.75,48.17,0.75,NA,0,2.83,49.55,0.75
1997,12,22,NA,0.25,NA,0,2.37,0.75,155.5,0.75,NA,0,1.86,165.66,0.75
1997,12,23,NA,0.375,NA,0,NA,0.5,NA,0.5,NA,0,NA,NA,0.5
1997,12,24,NA,0.625,NA,0,NA,0.375,NA,0.625,NA,0,NA,NA,0.375
1997,12,25,NA,0.5,NA,0,NA,0.625,NA,0.625,NA,0,NA,NA,0.625
1997,12,26,NA,0.5,NA,0,2.82,0.75,109.83,0.75,NA,0,2.29,107.46,0.75
1997,12,27,NA,0.25,NA,0,2.28,0.75,93.33,0.75,NA,0,2.24,91.85,0.75
1997,12,28,NA,0.25,NA,0,NA,0.5,NA,0.5,NA,0,NA,NA,0.5
1997,12,29,NA,0.25,NA,0,NA,0.5,NA,0.5,NA,0,NA,NA,0.5
1997,12,30,NA,0.375,NA,0,NA,0.5,NA,0.5,NA,0,NA,NA,0.5
1997,12,31,NA,0,NA,0,NA,0,NA,0,NA,0,NA,NA,0
1998,1,1,NA,0.375,NA,0,2.05,0.75,122.5,0.75,NA,0,0.76,109.82,0.75
1998,1,2,NA,0.5,NA,0,NA,0.625,159.5,1,NA,0,NA,NA,0.625
1998,1,3,NA,0.5,NA,0,2.36,1,95.12,1,NA,0,1.99,98.29,1
1998,1,4,NA,0.5,NA,0,2.06,0.875,146.71,0.875,NA,0,1.08,45.83,0.875
1998,1,5,NA,0.25,NA,0,1.57,0.875,132.14,0.875,NA,0,1.07,94.15,0.875
1998,1,6,NA,0.375,NA,0,1.67,0.75,74.17,0.75,NA,0,1.64,76.89,0.75
1998,1,7,NA,0.125,NA,0,1.3,0.875,162.43,0.875,NA,0,0.26,10.03,0.875
1998,1,8,NA,0.25,NA,0,1.57,0.875,84.29,0.875,NA,0,1.47,86.8,0.875
1998,1,9,1.14,0.875,NA,0,5.34,1,77.12,1,NA,0,5.05,70.43,1
1998,1,10,0.45,1,NA,0,6.08,1,58.5,1,NA,0,5.77,60.2,1
1998,1,11,0.46,0.875,NA,0,3.34,0.875,47.71,0.875,NA,0,3.29,48.91,0.875
1998,1,12,NA,0.5,NA,0,2.34,0.875,128.86,0.875,NA,0,1.8,140.3,0.875
1998,1,13,6.01,1,NA,0,4.97,0.875,187,1,NA,0,0.86,301.73,0.875
1998,1,14,4.79,0.875,NA,0,2.85,0.75,176.83,0.75,NA,0,0.87,24.39,0.75
1998,1,15,NA,0.25,NA,0,1.4,0.875,180.71,0.875,NA,0,0.42,183.31,0.875
1998,1,16,NA,0.625,NA,0,NA,0.625,175.29,0.875,NA,0,NA,NA,0.625
1998,1,17,NA,0.125,NA,0,1.96,0.875,157.43,0.875,NA,0,0.83,157.32,0.875
1998,1,18,4.06,0.875,NA,0,NA,0.375,239.57,0.875,NA,0,NA,NA,0.375
1998,1,19,4.54,0.875,NA,0,3.8,0.75,146.57,0.875,NA,0,2.17,120.93,0.75
1998,1,20,NA,0.25,NA,0,2.15,1,118.25,1,NA,0,1.6,111.18,1
1998,1,21,NA,0.25,NA,0,1.37,0.75,137.17,0.75,NA,0,0.81,89.97,0.75
1998,1,22,NA,0.25,NA,0,1.82,1,99.5,1,NA,0,1.67,93.47,1
1998,1,23,NA,0.125,NA,0,1.49,1,105.62,1,NA,0,0.67,83.86,1
1998,1,24,NA,0.125,NA,0,1.03,0.75,104.83,0.75,NA,0,0.86,100.89,0.75
1998,1,25,NA,0.25,NA,0,1.5,0.75,204.5,0.75,NA,0,0.42,71.85,0.75
1998,1,26,1.24,0.875,NA,0,3.5,0.875,86.43,0.875,NA,0,3.34,85.78,0.875
1998,1,27,NA,0.25,NA,0,1.75,0.75,180,0.75,NA,0,0.37,200.25,0.75
1998,1,28,NA,0.25,NA,0,NA,0.625,NA,0.625,NA,0,NA,NA,0.625
1998,1,29,3.07,0.875,NA,0,3.39,0.875,143.14,0.875,NA,0,1.05,32.44,0.875
1998,1,30,NA,0.5,NA,0,2.57,0.875,234.14,0.875,NA,0,1.54,320.1,0.875
1998,1,31,NA,0.625,NA,0,2.7,0.875,89.43,0.875,NA,0,2.47,87.18,0.875
1998,2,1,1.3,0.75,NA,0,3.5,0.875,63.86,0.875,NA,0,3.47,63.07,0.875
1998,2,2,NA,0.25,NA,0,NA,0.625,NA,0.625,NA,0,NA,NA,0.625
1998,2,3,NA,0.625,NA,0,2.24,0.875,152.57,0.875,NA,0,1.51,144.04,0.875
1998,2,4,3.06,0.875,NA,0,4.14,0.875,112.14,0.875,NA,0,3.34,114.32,0.875
1998,2,5,NA,0.125,NA,0,1.2,0.75,74.67,0.75,NA,0,1.01,69.03,0.75
1998,2,6,NA,0.5,NA,0,3.17,0.875,70.57,0.875,NA,0,3.08,66.61,0.875
1998,2,7,0.1,0.75,NA,0,2.6,1,72.25,1,NA,0,2.34,65.86,1
1998,2,8,NA,0.375,NA,0,2.21,1,69.5,1,NA,0,2.11,70.74,1
1998,2,9,3.53,0.75,NA,0,NA,0.5,137.38,1,NA,0,NA,NA,0.5
1998,2,10,NA,0.125,NA,0,0.97,0.875,153.38,1,NA,0,0.38,125.01,0.875
1998,2,11,1.73,0.875,NA,0,5.7,0.75,68.5,0.75,NA,0,5.49,66.24,0.75
1998,2,12,NA,0.625,NA,0,2.35,0.75,119.86,0.875,NA,0,2,81.56,0.75
1998,2,13,1.3,0.875,NA,0,NA,0.625,60,0.75,NA,0,NA,NA,0.625
1998,2,14,1.37,0.875,NA,0,NA,0.625,NA,0.625,NA,0,NA,NA,0.625
1998,2,15,1.06,0.875,NA,0,4.5,0.75,62.5,0.75,NA,0,4.47,60.11,0.75
1998,2,16,1.69,1,NA,0,NA,0.625,NA,0.625,NA,0,NA,NA,0.625
1998,2,17,1.38,1,NA,0,NA,0.375,NA,0.375,NA,0,NA,NA,0.375
1998,2,18,NA,0.375,NA,0,1.35,0.75,116,0.75,NA,0,0.87,106.86,0.75
1998,2,19,NA,0.625,NA,0,2.92,1,103.5,1,NA,0,2.57,84.32,1
1998,2,20,NA,0.5,NA,0,2.51,0.875,85.14,0.875,NA,0,2.48,84.33,0.875
1998,2,21,NA,0.625,NA,0,2.17,0.875,181.71,0.875,NA,0,0.29,38.45,0.875
1998,2,22,1.38,0.75,NA,0,NA,0.375,NA,0.375,NA,0,NA,NA,0.375
1998,2,23,0.7,0.875,NA,0,NA,0.125,NA,0.125,NA,0,NA,NA,0.125
1998,2,24,0.6,1,NA,0,4.83,0.75,92.67,0.75,NA,0,4.19,49.4,0.75
1998,2,25,0.45,0.75,NA,0,NA,0.625,118.25,1,NA,0,NA,NA,0.625
1998,2,26,-0.46,0.875,NA,0,NA,0.5,178.12,1,NA,0,NA,NA,0.5
1998,2,27,0.09,1,NA,0,NA,0.5,157.14,0.875,NA,0,NA,NA,0.5
1998,2,28,-1.19,0.875,NA,0,NA,0.625,202.29,0.875,NA,0,NA,NA,0.625
1998,3,1,NA,0.5,NA,0,NA,0.625,NA,0.625,NA,0,NA,NA,0.625
1998,3,2,NA,0.625,NA,0,NA,0.5,NA,0.5,NA,0,NA,NA,0.5
1998,3,3,NA,0.5,NA,0,NA,0.5,NA,0.5,NA,0,NA,NA,0.5
1998,3,4,NA,0.625,NA,0,NA,0.5,NA,0.625,NA,0,NA,NA,0.5
1998,3,5,NA,0,NA,0,NA,0,NA,0,NA,0,NA,NA,0
1998,3,6,NA,0.625,NA,0,NA,0.625,NA,0.625,NA,0,NA,NA,0.625
1998,3,7,-0.58,1,NA,0,3.07,0.75,175.12,1,NA,0,0.83,17.41,0.75
1998,3,8,-1.43,0.75,NA,0,2.32,0.75,125.5,0.75,NA,0,1.67,114.84,0.75
1998,3,9,-0.96,1,NA,0,7.04,0.875,75.57,0.875,NA,0,5.04,76.16,0.875
1998,3,10,1,0.875,NA,0,NA,0.5,121.43,0.875,NA,0,NA,NA,0.5
1998,3,11,0.34,0.875,NA,0,NA,0.625,129.33,0.75,NA,0,NA,NA,0.625
1998,3,12,-0.68,0.75,NA,0,NA,0.5,117.83,0.75,NA,0,NA,NA,0.5
1998,3,13,4.6,0.75,NA,0,NA,0.375,NA,0.625,NA,0,NA,NA,0.375
1998,3,14,4.49,1,NA,0,NA,0.25,265.25,1,NA,0,NA,NA,0.25
1998,3,15,1.13,1,NA,0,5.91,0.875,123.38,1,NA,0,3.62,53.15,0.875
1998,3,16,0.31,1,NA,0,2.57,0.875,240,0.875,NA,0,0.57,312.84,0.875
1998,3,17,0.56,1,NA,0,2.26,1,142.88,1,NA,0,1.76,70.57,1
1998,3,18,0.54,1,NA,0,NA,0.625,153.12,1,NA,0,NA,NA,0.625
1998,3,19,-1.64,1,NA,0,1.03,0.875,147.29,0.875,NA,0,0.82,157.09,0.875
1998,3,20,-1.66,0.875,NA,0,NA,0.625,NA,0.625,NA,0,NA,NA,0.625
1998,3,21,-1.24,0.875,NA,0,1.78,0.75,103.67,0.75,NA,0,1.08,96.84,0.75
1998,3,22,-1.14,0.875,NA,0,3.5,0.75,82.83,0.75,NA,0,3.48,81.2,0.75
1998,3,23,-1.79,0.875,NA,0,2.93,0.875,82.29,0.875,NA,0,2.72,73.06,0.875
1998,3,24,-1.1,1,NA,0,NA,0.625,152,0.875,NA,0,NA,NA,0.625
1998,3,25,-0.6,1,NA,0,2.46,1,106,1,NA,0,1.62,101.64,1
1998,3,26,1.59,1,NA,0,NA,0.625,243,0.875,NA,0,NA,NA,0.625
1998,3,27,2.69,1,NA,0,NA,0.375,154,1,NA,0,NA,NA,0.375
1998,3,28,1.64,0.875,NA,0,3.47,0.875,124.86,0.875,NA,0,2.26,79.86,0.875
1998,3,29,0.26,0.875,NA,0,2.28,0.75,155.33,0.75,NA,0,1.79,101.39,0.75
1998,3,30,-1.11,0.875,NA,0,1.68,0.75,90.5,0.75,NA,0,1.64,98.3,0.75
1998,3,31,-1.24,0.875,NA,0,2,0.875,118,0.875,NA,0,0.99,84.86,0.875
1998,4,1,-0.16,1,NA,0,NA,0.625,116.75,1,NA,0,NA,NA,0.625
1998,4,2,1.68,1,NA,0,NA,0.25,71.57,0.875,NA,0,NA,NA,0.25
1998,4,3,-0.81,1,NA,0,NA,0.375,97.62,1,NA,0,NA,NA,0.375
1998,4,4,-1.35,1,NA,0,6.85,0.75,81.62,1,NA,0,6.83,47.13,0.75
1998,4,5,-0.9,1,NA,0,NA,0.625,153,1,NA,0,NA,NA,0.625
1998,4,6,-1.67,0.875,NA,0,NA,0.625,NA,0.625,NA,0,NA,NA,0.625
1998,4,7,-1.06,0.875,NA,0,NA,0.5,128.17,0.75,NA,0,NA,NA,0.5
1998,4,8,-2.13,0.875,NA,0,NA,0.625,90.71,0.875,NA,0,NA,NA,0.625
1998,4,9,-1.81,0.875,NA,0,3.47,0.75,93.14,0.875,NA,0,2.75,104.53,0.75
1998,4,10,-1.11,0.875,NA,0,4.51,0.875,130.71,0.875,NA,0,3.84,138.48,0.875
1998,4,11,-0.15,1,NA,0,6.55,1,186,1,NA,0,2.11,301,1
1998,4,12,0.3,1,NA,0,2.91,1,126.75,1,NA,0,0.35,266.48,1
1998,4,13,-1.65,1,NA,0,1.97,0.875,79.29,0.875,NA,0,1.8,89.28,0.875
1998,4,14,-1.34,1,NA,0,NA,0.375,75.75,1,NA,0,NA,NA,0.375
1998,4,15,-1.03,0.875,NA,0,3.34,0.875,98,0.875,NA,0,2.1,88.84,0.875
1998,4,16,0.2,0.875,NA,0,3.49,0.875,108.71,0.875,NA,0,0.49,193.39,0.875
1998,4,17,NA,0.375,NA,0,NA,0.25,NA,0.375,NA,0,NA,NA,0.25
1998,4,18,0.96,0.875,NA,0,NA,0.5,186.29,0.875,NA,0,NA,NA,0.5
1998,4,19,-1.43,0.875,NA,0,6.59,0.875,172.71,0.875,NA,0,1.85,115.42,0.875
1998,4,20,-3.41,1,NA,0,6.98,0.75,114,1,NA,0,6.97,81.34,0.75
1998,4,21,-1.43,1,NA,0,6.02,0.75,167.38,1,NA,0,4.8,157.05,0.75
1998,4,22,-1.65,1,NA,0,NA,0.625,62.88,1,NA,0,NA,NA,0.625
1998,4,23,-1.28,1,NA,0,NA,0.625,125.88,1,NA,0,NA,NA,0.625
1998,4,24,-0.07,0.875,NA,0,8.23,0.75,158.86,0.875,NA,0,4.46,67.46,0.75
1998,4,25,-1.23,0.875,NA,0,2.36,0.875,87.14,0.875,NA,0,1.81,73.32,0.875
1998,4,26,-0.55,0.75,NA,0,NA,0.625,41.83,0.75,NA,0,NA,NA,0.625
1998,4,27,NA,0.125,NA,0,NA,0.125,NA,0.125,NA,0,NA,NA,0.125
1998,4,28,NA,0.375,NA,0,NA,0.375,NA,0.375,NA,0,NA,NA,0.375
1998,4,29,-1.46,1,NA,0,6.36,0.875,172.88,1,NA,0,6.03,182.15,0.875
1998,4,30,-1.75,1,NA,0,2.29,1,75.38,1,NA,0,2.08,81.03,1
1998,5,1,-1.67,1,NA,0,1.16,1,155.75,1,NA,0,0.48,81.16,1
1998,5,2,-1.13,0.75,NA,0,0.98,0.75,74.67,0.75,NA,0,0.91,64.47,0.75
1998,5,3,NA,0,NA,0,NA,0,NA,0,NA,0,NA,NA,0
1998,5,4,NA,0.25,NA,0,NA,0.25,NA,0.25,NA,0,NA,NA,0.25
1998,5,5,NA,0.625,NA,0,NA,0.625,NA,0.625,NA,0,NA,NA,0.625
1998,5,6,-5.66,0.875,NA,0,NA,0.625,86.43,0.875,NA,0,NA,NA,0.625
1998,5,7,-7.7,0.875,NA,0,4.79,0.875,77,0.875,NA,0,4.77,78.05,0.875
1998,5,8,NA,0,NA,0,NA,0,NA,0,NA,0,NA,NA,0
1998,5,9,NA,0,NA,0,NA,0,NA,0,NA,0,NA,NA,0
1998,5,10,NA,0,NA,0,NA,0,NA,0,NA,0,NA,NA,0
1998,5,11,NA,0,NA,0,NA,0,NA,0,NA,0,NA,NA,0
1998,5,12,NA,0,NA,0,NA,0,NA,0,NA,0,NA,NA,0
1998,5,13,NA,0,NA,0,NA,0,NA,0,NA,0,NA,NA,0
1998,5,14,NA,0,NA,0,NA,0,NA,0,NA,0,NA,NA,0
1998,5,15,NA,0,NA,0,NA,0,NA,0,NA,0,NA,NA,0
1998,5,16,NA,0,NA,0,NA,0,NA,0,NA,0,NA,NA,0
1998,5,17,NA,0,NA,0,NA,0,NA,0,NA,0,NA,NA,0
1998,5,18,NA,0,NA,0,NA,0,NA,0,NA,0,NA,NA,0
1998,5,19,NA,0,NA,0,NA,0,NA,0,NA,0,NA,NA,0
1998,5,20,NA,0,NA,0,NA,0,NA,0,NA,0,NA,NA,0
1998,5,21,NA,0,NA,0,NA,0,NA,0,NA,0,NA,NA,0
1998,5,22,NA,0,NA,0,NA,0,NA,0,NA,0,NA,NA,0
1998,5,23,NA,0,NA,0,NA,0,NA,0,NA,0,NA,NA,0
1998,5,24,NA,0,NA,0,NA,0,NA,0,NA,0,NA,NA,0
1998,5,25,NA,0,NA,0,NA,0,NA,0,NA,0,NA,NA,0
1998,5,26,NA,0,NA,0,NA,0,NA,0,NA,0,NA,NA,0
1998,5,27,NA,0,NA,0,NA,0,NA,0,NA,0,NA,NA,0
1998,5,28,NA,0,NA,0,NA,0,NA,0,NA,0,NA,NA,0
1998,5,29,NA,0,NA,0,NA,0,NA,0,NA,0,NA,NA,0
1998,5,30,NA,0,NA,0,NA,0,NA,0,NA,0,NA,NA,0
1998,5,31,NA,0,NA,0,NA,0,NA,0,NA,0,NA,NA,0
1998,6,1,NA,0,NA,0,NA,0,NA,0,NA,0,NA,NA,0
1998,6,2,NA,0,NA,0,NA,0,NA,0,NA,0,NA,NA,0
1998,6,3,NA,0,NA,0,NA,0,NA,0,NA,0,NA,NA,0
1998,6,4,NA,0.25,NA,0,NA,0.125,NA,0.125,NA,0,NA,NA,0.125
1998,6,5,-1.87,0.875,NA,0,NA,0,NA,0,NA,0,NA,NA,0
1998,6,6,-3.51,1,NA,0,NA,0.625,NA,0.625,NA,0,NA,NA,0.625
1998,6,7,-4.95,1,NA,0,4.56,0.875,69.62,1,NA,0,4.49,73.94,0.875
1998,6,8,-4.7,0.875,NA,0,6.58,0.75,63.86,0.875,NA,0,6.51,61.17,0.75
1998,6,9,-3.7,0.875,NA,0,4.43,0.875,105.14,0.875,NA,0,3.76,104.51,0.875
1998,6,10,-4.14,0.875,NA,0,1.84,0.875,195.86,0.875,NA,0,1.12,198.34,0.875
1998,6,11,-2.27,0.875,NA,0,2.66,0.875,154.86,0.875,NA,0,1.57,167.25,0.875
1998,6,12,NA,0.625,NA,0,NA,0.25,NA,0.625,NA,0,NA,NA,0.25
1998,6,13,NA,0.625,NA,0,NA,0.625,NA,0.625,NA,0,NA,NA,0.625
1998,6,14,-3.12,1,NA,0,1.56,0.875,127.29,0.875,NA,0,0.84,125.89,0.875
1998,6,15,-1.75,1,NA,0,1.15,0.75,190.83,0.75,NA,0,0.3,351.4,0.75
1998,6,16,-1.8,0.875,NA,0,1.52,0.75,115.67,0.75,NA,0,0.64,132.08,0.75
1998,6,17,NA,0.25,NA,0,NA,0.125,NA,0.125,NA,0,NA,NA,0.125
1998,6,18,NA,0.25,NA,0,NA,0.125,NA,0.125,NA,0,NA,NA,0.125
1998,6,19,NA,0.375,NA,0,NA,0.25,NA,0.375,NA,0,NA,NA,0.25
1998,6,20,NA,0.5,NA,0,NA,0,NA,0.5,NA,0,NA,NA,0
1998,6,21,NA,0.625,NA,0,NA,0.625,NA,0.625,NA,0,NA,NA,0.625
1998,6,22,-3.09,0.875,NA,0,3,0.875,75.29,0.875,NA,0,2.86,62.21,0.875
1998,6,23,-3.35,1,NA,0,1.8,0.75,151.62,1,NA,0,0.49,97.17,0.75
1998,6,24,-1.22,0.75,NA,0,NA,0.25,210.5,0.75,NA,0,NA,NA,0.25
1998,6,25,-1.8,0.875,NA,0,4.05,0.75,126.14,0.875,NA,0,1.55,131.74,0.75
1998,6,26,NA,0.125,NA,0,NA,0,NA,0.125,NA,0,NA,NA,0
1998,6,27,NA,0,NA,0,NA,0,NA,0,NA,0,NA,NA,0
1998,6,28,-2.26,0.875,NA,0,2.69,0.875,108.43,0.875,NA,0,1.49,86.78,0.875
1998,6,29,NA,0.125,NA,0,NA,0,NA,0.125,NA,0,NA,NA,0
1998,6,30,NA,0.125,NA,0,NA,0.125,NA,0.125,NA,0,NA,NA,0.125
1998,7,1,NA,0.375,NA,0,NA,0.375,NA,0.375,NA,0,NA,NA,0.375
1998,7,2,NA,0,NA,0,NA,0,NA,0,NA,0,NA,NA,0
1998,7,3,NA,0.5,NA,0,NA,0.5,NA,0.5,NA,0,NA,NA,0.5
1998,7,4,-2.26,1,NA,0,1.99,1,160.75,1,NA,0,0.91,150.29,1
1998,7,5,-3.17,0.875,NA,0,2.23,0.75,226,0.875,NA,0,1.52,274.2,0.75
1998,7,6,-2.63,0.875,NA,0,NA,0.5,161.71,0.875,NA,0,NA,NA,0.5
1998,7,7,-3.4,0.875,NA,0,3.88,0.75,93,0.875,NA,0,3.44,82.47,0.75
1998,7,8,-4.93,0.875,NA,0,3.19,0.875,116.71,0.875,NA,0,2.58,132.85,0.875
1998,7,9,-3.91,0.875,NA,0,2.69,0.875,114.57,0.875,NA,0,2.19,136.23,0.875
1998,7,10,-4.54,0.875,NA,0,1.8,0.75,99.5,0.75,NA,0,1.67,88.89,0.75
1998,7,11,-4.94,1,NA,0,NA,0.625,92.62,1,NA,0,NA,NA,0.625
1998,7,12,-2.2,0.75,NA,0,NA,0.5,220.67,0.75,NA,0,NA,NA,0.5
1998,7,13,NA,0,NA,0,NA,0,NA,0,NA,0,NA,NA,0
1998,7,14,-3,0.75,NA,0,5.12,0.75,94.83,0.75,NA,0,4.11,90,0.75
1998,7,15,-2.73,0.875,NA,0,NA,0.625,196.43,0.875,NA,0,NA,NA,0.625
1998,7,16,-4.06,0.875,NA,0,4.36,0.875,183.43,0.875,NA,0,3.39,191.18,0.875
1998,7,17,-5.27,0.875,NA,0,5.09,0.875,202.71,0.875,NA,0,3.26,187.44,0.875
1998,7,18,-5.77,0.875,NA,0,3.77,0.875,155.29,0.875,NA,0,2.4,124.13,0.875
1998,7,19,-6.36,0.875,NA,0,NA,0.5,214.71,0.875,NA,0,NA,NA,0.5
1998,7,20,-5.44,0.875,NA,0,2.63,0.875,124.57,0.875,NA,0,1.88,104.97,0.875
1998,7,21,-5.21,0.875,NA,0,3.97,0.875,126.29,0.875,NA,0,2.59,92.56,0.875
1998,7,22,NA,0.5,NA,0,NA,0.5,NA,0.5,NA,0,NA,NA,0.5
1998,7,23,-2.81,0.875,NA,0,NA,0.5,180.14,0.875,NA,0,NA,NA,0.5
1998,7,24,-3.42,0.75,NA,0,NA,0.5,168,0.75,NA,0,NA,NA,0.5
1998,7,25,-3.46,0.875,NA,0,8.08,0.75,161.86,0.875,NA,0,7.03,126.73,0.75
1998,7,26,-2.97,0.875,NA,0,2.01,0.875,90.57,0.875,NA,0,1.67,65.15,0.875
1998,7,27,-5.8,0.875,NA,0,1.73,0.875,131.57,0.875,NA,0,0.72,134.29,0.875
1998,7,28,-7.64,0.875,NA,0,2.87,0.875,155,0.875,NA,0,2.48,150.99,0.875
1998,7,29,-8.1,0.875,NA,0,NA,0.625,162.67,0.75,NA,0,NA,NA,0.625
1998,7,30,-2.93,0.875,NA,0,3.1,0.75,144.25,1,NA,0,1.34,160.58,0.75
1998,7,31,NA,0.25,NA,0,NA,0.125,NA,0.25,NA,0,NA,NA,0.125
1998,8,1,NA,0.5,NA,0,2.8,0.75,89.5,0.75,NA,0,1.83,66.99,0.75
1998,8,2,NA,0,NA,0,NA,0.5,NA,0.625,NA,0,NA,NA,0.5
1998,8,3,NA,0,NA,0,NA,0,NA,0,NA,0,NA,NA,0
1998,8,4,NA,0,NA,0,NA,0.25,NA,0.25,NA,0,NA,NA,0.25
1998,8,5,NA,0,NA,0,NA,0.5,NA,0.625,NA,0,NA,NA,0.5
1998,8,6,NA,0,NA,0,NA,0.375,NA,0.375,NA,0,NA,NA,0.375
1998,8,7,NA,0,NA,0,2.02,0.75,168.43,0.875,NA,0,0.69,111.47,0.75
1998,8,8,NA,0,NA,0,NA,0.25,NA,0.375,NA,0,NA,NA,0.25
1998,8,9,NA,0,NA,0,10,0.75,173.75,1,NA,0,7.78,183.26,0.75
1998,8,10,NA,0,NA,0,NA,0.5,NA,0.5,NA,0,NA,NA,0.5
1998,8,11,NA,0,NA,0,NA,0.25,NA,0.25,NA,0,NA,NA,0.25
1998,8,12,NA,0,NA,0,NA,0.5,NA,0.5,NA,0,NA,NA,0.5
1998,8,13,NA,0,NA,0,2.17,0.75,119.83,0.75,NA,0,1.22,79.82,0.75
1998,8,14,NA,0,NA,0,2.46,0.875,75.43,0.875,NA,0,2.2,82.84,0.875
1998,8,15,NA,0,NA,0,NA,0.625,92.57,0.875,NA,0,NA,NA,0.625
1998,8,16,NA,0,NA,0,NA,0.625,137.86,0.875,NA,0,NA,NA,0.625
1998,8,17,NA,0,NA,0,NA,0.125,NA,0.125,NA,0,NA,NA,0.125
1998,8,18,NA,0,NA,0,2.54,0.875,141.14,0.875,NA,0,1.57,142.95,0.875
1998,8,19,NA,0,NA,0,4.27,0.75,102.71,0.875,NA,0,2.91,93.78,0.75
1998,8,20,NA,0,NA,0,5.04,0.875,49.86,0.875,NA,0,4.98,49.64,0.875
1998,8,21,NA,0,NA,0,1.47,0.875,107.71,0.875,NA,0,0.79,110.05,0.875
1998,8,22,NA,0,NA,0,NA,0.375,NA,0.5,NA,0,NA,NA,0.375
1998,8,23,NA,0,NA,0,NA,0.25,NA,0.25,NA,0,NA,NA,0.25
1998,8,24,NA,0,NA,0,1.86,0.875,90.29,0.875,NA,0,1.4,76.63,0.875
1998,8,25,NA,0,NA,0,1.24,0.875,80,0.875,NA,0,1.17,79.49,0.875
1998,8,26,NA,0,NA,0,NA,0.375,98.33,0.75,NA,0,NA,NA,0.375
1998,8,27,NA,0,NA,0,NA,0.625,NA,0.625,NA,0,NA,NA,0.625
1998,8,28,NA,0,NA,0,2.07,0.75,167.33,0.75,NA,0,0.98,198.33,0.75
1998,8,29,NA,0,NA,0,NA,0.625,NA,0.625,NA,0,NA,NA,0.625
1998,8,30,NA,0,NA,0,11.26,0.875,238.14,0.875,NA,0,7.7,300.97,0.875
1998,8,31,NA,0,NA,0,3.58,0.75,122.33,0.75,NA,0,2.64,134.72,0.75
1998,9,1,NA,0,NA,0,NA,0.375,NA,0.375,NA,0,NA,NA,0.375
1998,9,2,NA,0,NA,0,NA,0.25,NA,0.25,NA,0,NA,NA,0.25
1998,9,3,NA,0,NA,0,NA,0,NA,0,NA,0,NA,NA,0
1998,9,4,NA,0,NA,0,NA,0.375,NA,0.375,NA,0,NA,NA,0.375
1998,9,5,NA,0,NA,0,NA,0.625,101.83,0.75,NA,0,NA,NA,0.625
1998,9,6,NA,0,NA,0,NA,0.5,97.86,0.875,NA,0,NA,NA,0.5
1998,9,7,NA,0,NA,0,NA,0.625,172.29,0.875,NA,0,NA,NA,0.625
1998,9,8,NA,0,NA,0,NA,0.375,48.71,0.875,NA,0,NA,NA,0.375
1998,9,9,NA,0,NA,0,NA,0.25,90.29,0.875,NA,0,NA,NA,0.25
1998,9,10,NA,0,NA,0,5.45,0.75,156.14,0.875,NA,0,4,140.39,0.75
1998,9,11,NA,0,NA,0,4.32,0.75,74.43,0.875,NA,0,4.07,77.96,0.75
1998,9,12,NA,0,NA,0,8.6,1,73.38,1,NA,0,8.6,73.23,1
1998,9,13,NA,0,NA,0,2,0.75,92.57,0.875,NA,0,1.62,83.46,0.75
1998,9,14,NA,0,NA,0,1.66,1,128.25,1,NA,0,1.27,120.25,1
1998,9,15,NA,0,NA,0,2.63,0.875,135,0.875,NA,0,1.51,67.93,0.875
1998,9,16,NA,0,NA,0,2.14,0.875,122.14,0.875,NA,0,1.7,110.25,0.875
1998,9,17,NA,0,NA,0,1.85,0.75,85.33,0.75,NA,0,1.67,98.55,0.75
1998,9,18,NA,0,NA,0,3.17,0.75,145.67,0.75,NA,0,2.93,143.29,0.75
1998,9,19,NA,0,NA,0,NA,0.625,256.29,0.875,NA,0,NA,NA,0.625
1998,9,20,NA,0,NA,0,NA,0.5,218.86,0.875,NA,0,NA,NA,0.5
1998,9,21,NA,0,NA,0,NA,0.375,245.75,1,NA,0,NA,NA,0.375
1998,9,22,NA,0,NA,0,NA,0.25,189.12,1,NA,0,NA,NA,0.25
1998,9,23,NA,0,NA,0,8.88,1,157.62,1,NA,0,6.87,158.38,1
1998,9,24,NA,0,NA,0,NA,0.25,228.75,1,NA,0,NA,NA,0.25
1998,9,25,NA,0,NA,0,NA,0.25,NA,0.375,NA,0,NA,NA,0.25
1998,9,26,NA,0,NA,0,NA,0.25,NA,0.25,NA,0,NA,NA,0.25
1998,9,27,NA,0,NA,0,NA,0.25,NA,0.25,NA,0,NA,NA,0.25
1998,9,28,NA,0,NA,0,2.12,0.75,155.67,0.75,NA,0,1.25,167.74,0.75
1998,9,29,NA,0,NA,0,NA,0.25,NA,0.25,NA,0,NA,NA,0.25
1998,9,30,NA,0,NA,0,NA,0.5,NA,0.5,NA,0,NA,NA,0.5
1998,10,1,NA,0,NA,0,6.77,0.75,164.67,0.75,NA,0,2.19,327.48,0.75
1998,10,2,NA,0,NA,0,NA,0.25,NA,0.25,NA,0,NA,NA,0.25
1998,10,3,NA,0,NA,0,NA,0.625,NA,0.625,NA,0,NA,NA,0.625
1998,10,4,NA,0,NA,0,NA,0.125,NA,0.25,NA,0,NA,NA,0.125
1998,10,5,NA,0,NA,0,NA,0.375,NA,0.375,NA,0,NA,NA,0.375
1998,10,6,NA,0,NA,0,NA,0.375,NA,0.375,NA,0,NA,NA,0.375
1998,10,7,NA,0,NA,0,1.27,0.75,87,0.75,NA,0,1.16,85.42,0.75
1998,10,8,NA,0,NA,0,NA,0.625,NA,0.625,NA,0,NA,NA,0.625
1998,10,9,NA,0,NA,0,1.23,0.75,108.5,0.75,NA,0,1.04,85.26,0.75
1998,10,10,NA,0,NA,0,1.4,0.75,102.14,0.875,NA,0,0.79,48.88,0.75
1998,10,11,NA,0,NA,0,NA,0.375,NA,0.625,NA,0,NA,NA,0.375
1998,10,12,NA,0,NA,0,12.54,1,210.88,1,NA,0,11.81,211.01,1
1998,10,13,NA,0,NA,0,NA,0.125,NA,0.5,NA,0,NA,NA,0.125
1998,10,14,NA,0,NA,0,NA,0.25,NA,0.25,NA,0,NA,NA,0.25
1998,10,15,NA,0,NA,0,NA,0.125,NA,0.125,NA,0,NA,NA,0.125
1998,10,16,NA,0.125,NA,0,NA,0.25,NA,0.375,NA,0,NA,NA,0.25
1998,10,17,-4.15,0.75,NA,0,NA,0.5,NA,0.625,NA,0,NA,NA,0.5
1998,10,18,-1.86,1,NA,0,2.57,0.875,88.12,1,NA,0,1.83,94.44,0.875
1998,10,19,NA,0.625,NA,0,NA,0.625,NA,0.625,NA,0,NA,NA,0.625
1998,10,20,-2.3,1,NA,0,NA,0.375,83,1,NA,0,NA,NA,0.375
1998,10,21,-2.43,1,NA,0,2.69,0.875,115.38,1,NA,0,1.82,64.51,0.875
1998,10,22,-1.9,0.875,NA,0,2.17,0.875,83,0.875,NA,0,1.94,74.99,0.875
1998,10,23,-5.49,0.875,NA,0,4.68,0.75,67.86,0.875,NA,0,4.63,65.26,0.75
1998,10,24,-5.29,0.875,NA,0,1.86,0.875,121.14,0.875,NA,0,0.97,77.97,0.875
1998,10,25,-1.44,0.875,NA,0,7.23,0.75,96.57,0.875,NA,0,3.85,91.99,0.75
1998,10,26,-6.73,0.75,NA,0,2.28,0.75,67.14,0.875,NA,0,2.23,64.55,0.75
1998,10,27,-6.7,0.875,NA,0,2.19,0.875,68.57,0.875,NA,0,2.14,62.43,0.875
1998,10,28,-3.56,0.875,NA,0,NA,0.375,136.38,1,NA,0,NA,NA,0.375
1998,10,29,-5.58,0.75,NA,0,2.62,0.75,94.12,1,NA,0,2.22,64.66,0.75
1998,10,30,NA,0.625,NA,0,NA,0.5,NA,0.625,NA,0,NA,NA,0.5
1998,10,31,NA,0.625,NA,0,NA,0.5,NA,0.625,NA,0,NA,NA,0.5
1998,11,1,-2.21,0.875,NA,0,NA,0.5,94.14,0.875,NA,0,NA,NA,0.5
1998,11,2,-1.51,0.875,NA,0,NA,0.625,133.14,0.875,NA,0,NA,NA,0.625
1998,11,3,-0.97,0.875,NA,0,NA,0.625,119,0.875,NA,0,NA,NA,0.625
1998,11,4,-4.24,0.875,NA,0,2.87,0.875,67.43,0.875,NA,0,2.78,71.18,0.875
1998,11,5,-4.63,1,NA,0,1.8,1,81.62,1,NA,0,1.72,76.37,1
1998,11,6,-2.47,0.75,NA,0,2.68,0.75,118.33,0.75,NA,0,2.33,115.82,0.75
1998,11,7,-0.43,1,NA,0,2.21,0.875,58.71,0.875,NA,0,2.16,56.63,0.875
1998,11,8,-0.8,0.875,NA,0,1.72,0.75,69,0.75,NA,0,1.59,61.32,0.75
1998,11,9,NA,0.625,NA,0,NA,0.625,NA,0.625,NA,0,NA,NA,0.625
1998,11,10,-0.93,0.875,NA,0,2.25,0.75,60.83,0.75,NA,0,2.24,64.52,0.75
1998,11,11,-0.34,0.875,NA,0,NA,0.625,193.57,0.875,NA,0,NA,NA,0.625
1998,11,12,-0.51,0.875,NA,0,NA,0.375,139.14,0.875,NA,0,NA,NA,0.375
1998,11,13,-2.07,0.75,NA,0,5.4,0.75,105,0.75,NA,0,5.17,105.41,0.75
1998,11,14,NA,0.5,NA,0,NA,0.5,NA,0.5,NA,0,NA,NA,0.5
1998,11,15,NA,0.625,NA,0,NA,0.625,NA,0.625,NA,0,NA,NA,0.625
1998,11,16,-1,0.875,NA,0,4.67,0.875,95.43,0.875,NA,0,2.72,79.13,0.875
1998,11,17,-1.6,0.875,NA,0,3.6,0.875,113.29,0.875,NA,0,3.1,71.75,0.875
1998,11,18,-1.07,0.875,NA,0,3.25,0.75,59.29,0.875,NA,0,3.19,54.65,0.75
1998,11,19,-2.97,0.875,NA,0,2.29,0.875,63.86,0.875,NA,0,2.26,68.38,0.875
1998,11,20,-2.61,0.875,NA,0,1.97,0.75,113.43,0.875,NA,0,0.99,129.94,0.75
1998,11,21,1,0.875,NA,0,NA,0.25,127.57,0.875,NA,0,NA,NA,0.25
1998,11,22,1.97,0.875,NA,0,NA,0.5,149.57,0.875,NA,0,NA,NA,0.5
1998,11,23,-0.29,1,NA,0,NA,0.5,92.43,0.875,NA,0,NA,NA,0.5
1998,11,24,-0.46,1,NA,0,3.34,1,84.12,1,NA,0,3.21,91.06,1
1998,11,25,-1.98,1,NA,0,3.86,1,71.75,1,NA,0,3.85,71.36,1
1998,11,26,-1.47,0.875,NA,0,1.7,0.875,107,0.875,NA,0,1.19,94.05,0.875
1998,11,27,0.76,0.875,NA,0,NA,0.5,66.29,0.875,NA,0,NA,NA,0.5
1998,11,28,-0.56,0.875,NA,0,3.26,0.875,96.71,0.875,NA,0,2.69,104.4,0.875
1998,11,29,-3.17,0.875,NA,0,NA,0.625,NA,0.5,NA,0,NA,NA,0.375
1998,11,30,-3.97,0.875,NA,0,1.09,0.875,64.57,0.875,NA,0,1.06,66.94,0.875
1998,12,1,NA,0.375,NA,0,1.65,0.75,81.83,0.75,NA,0,1.47,81.57,0.75
1998,12,2,-2.97,0.875,NA,0,3.59,0.875,78.86,0.875,NA,0,3.54,78.48,0.875
1998,12,3,-3.62,0.75,NA,0,3.09,1,79.38,1,NA,0,3.04,77.97,1
1998,12,4,-2.53,0.75,NA,0,2.48,1,91.62,1,NA,0,2.29,87.71,1
1998,12,5,-1.95,1,NA,0,4.17,0.875,102.88,1,NA,0,3.7,109.02,0.875
1998,12,6,NA,0.625,NA,0,3.09,0.875,116.57,0.875,NA,0,2.94,109.57,0.875
1998,12,7,NA,0.5,NA,0,2.49,0.875,103.57,0.875,NA,0,2.39,96.83,0.875
1998,12,8,NA,0.625,NA,0,2.64,0.875,97.14,0.875,NA,0,2.39,97.8,0.875
1998,12,9,NA,0.625,NA,0,NA,0.625,108.5,0.75,NA,0,NA,NA,0.625
1998,12,10,0.09,0.875,NA,0,NA,0.25,222,0.875,NA,0,NA,NA,0.25
1998,12,11,0.03,0.75,NA,0,NA,0.625,132,0.875,NA,0,NA,NA,0.625
1998,12,12,NA,0.125,NA,0,1.34,1,81.5,1,NA,0,1.3,78.7,1
1998,12,13,NA,0.375,NA,0,1.54,1,98.62,1,NA,0,1.32,105.87,1
1998,12,14,-3.17,0.75,NA,0,2.74,1,126.5,1,NA,0,2.49,127.62,1
1998,12,15,NA,0.125,NA,0,0.77,0.75,87.83,0.75,NA,0,0.72,74.2,0.75
1998,12,16,-0.1,1,NA,0,NA,0.625,60.5,1,NA,0,NA,NA,0.625
1998,12,17,-2.25,0.75,NA,0,2.28,1,116.75,1,NA,0,2.06,110.89,1
1998,12,18,NA,0.25,NA,0,1.68,1,112.38,1,NA,0,1.06,77.83,1
1998,12,19,0.74,0.875,NA,0,NA,0.375,110.29,0.875,NA,0,NA,NA,0.375
1998,12,20,NA,0.625,NA,0,3.64,0.875,109,0.875,NA,0,3.3,115.12,0.875
1998,12,21,-2.03,0.75,NA,0,2.74,0.875,87.29,0.875,NA,0,2.44,87.71,0.875
1998,12,22,NA,0.375,NA,0,2.23,0.875,73.57,0.875,NA,0,2,65.89,0.875
1998,12,23,NA,0.625,NA,0,2.81,0.875,76,0.875,NA,0,2.67,74.99,0.875
1998,12,24,NA,0.25,NA,0,1.91,0.875,128.71,0.875,NA,0,1.57,129.83,0.875
1998,12,25,NA,0.25,NA,0,1.44,1,126.5,1,NA,0,0.36,51.42,1
1998,12,26,NA,0.5,NA,0,NA,0.625,109.86,0.875,NA,0,NA,NA,0.625
1998,12,27,NA,0.5,NA,0,NA,0.5,106,1,NA,0,NA,NA,0.5
1998,12,28,NA,0.5,NA,0,2.33,0.875,96,0.875,NA,0,1.87,64.69,0.875
1998,12,29,NA,0.25,NA,0,1.17,0.875,53.71,0.875,NA,0,1.17,52.66,0.875
1998,12,30,NA,0.25,NA,0,1.56,0.875,127.43,0.875,NA,0,1.27,88.19,0.875
1998,12,31,NA,0.25,NA,0,1.21,0.875,68.29,0.875,NA,0,1.15,73,0.875
1999,1,1,NA,0.625,NA,0,NA,0.5,175.14,0.875,NA,0,NA,NA,0.5
1999,1,2,NA,0.375,NA,0,NA,0.625,136.67,0.75,NA,0,NA,NA,0.625
1999,1,3,NA,0.25,NA,0,1.49,0.875,65.43,0.875,NA,0,1.47,63.29,0.875
1999,1,4,NA,0.125,NA,0,1.38,1,78.25,1,NA,0,1.16,75.17,1
1999,1,5,0.99,0.875,NA,0,4.39,0.875,169.62,1,NA,0,1.44,295.12,0.875
1999,1,6,NA,0.625,NA,0,3.16,0.875,71.57,0.875,NA,0,2.78,68.08,0.875
1999,1,7,1.1,0.875,NA,0,NA,0.625,147,1,NA,0,NA,NA,0.625
1999,1,8,-0.43,0.75,NA,0,NA,0.625,110.57,0.875,NA,0,NA,NA,0.625
1999,1,9,0.01,0.875,NA,0,NA,0.625,106,1,NA,0,NA,NA,0.625
1999,1,10,NA,0.625,NA,0,2.87,0.875,85.14,0.875,NA,0,2.53,78.6,0.875
1999,1,11,3.57,0.875,NA,0,NA,0.25,186.71,0.875,NA,0,NA,NA,0.25
1999,1,12,1.16,1,NA,0,6.88,1,124.75,1,NA,0,6.31,126,1
1999,1,13,1.75,1,NA,0,NA,0.375,174.75,1,NA,0,NA,NA,0.375
1999,1,14,0.17,0.875,NA,0,7.41,0.875,125.29,0.875,NA,0,7.36,125.18,0.875
1999,1,15,NA,0.25,NA,0,2.14,0.875,110,0.875,NA,0,1.57,108.87,0.875
1999,1,16,-0.13,0.75,NA,0,2.71,0.875,128.14,0.875,NA,0,2.34,115.88,0.875
1999,1,17,NA,0.625,NA,0,2.49,0.875,111.29,0.875,NA,0,2.1,108.42,0.875
1999,1,18,-0.36,1,NA,0,5.1,1,74.62,1,NA,0,5.08,75.25,1
1999,1,19,-0.08,0.75,NA,0,5.44,0.875,73.43,0.875,NA,0,5.43,73.95,0.875
1999,1,20,NA,0.375,NA,0,1.33,0.75,179.67,0.75,NA,0,0.77,135.72,0.75
1999,1,21,NA,0.375,NA,0,1.69,0.875,73.71,0.875,NA,0,1.54,68.19,0.875
1999,1,22,NA,0.625,NA,0,2.37,0.875,76.57,0.875,NA,0,1.96,71.48,0.875
1999,1,23,3.05,0.75,NA,0,3.42,0.75,89.25,1,NA,0,2.55,68.69,0.75
1999,1,24,NA,0.625,NA,0,NA,0.25,171.14,0.875,NA,0,NA,NA,0.25
1999,1,25,0.92,0.75,NA,0,4.61,0.875,118.14,0.875,NA,0,4.06,123.83,0.875
1999,1,26,2.28,1,NA,0,NA,0.625,157.75,1,NA,0,NA,NA,0.625
1999,1,27,0.83,1,NA,0,5.19,1,113.38,1,NA,0,5.12,114.34,1
1999,1,28,NA,0.25,NA,0,1.81,0.875,112.71,0.875,NA,0,0.99,82.86,0.875
1999,1,29,NA,0.25,NA,0,2.04,0.875,127.14,0.875,NA,0,1.66,136.27,0.875
1999,1,30,NA,0.25,NA,0,1.7,0.75,52.83,0.75,NA,0,1.62,62.3,0.75
1999,1,31,0.23,1,NA,0,4.64,1,NA,0.625,NA,0,NA,NA,0.625
1999,2,1,NA,0.625,NA,0,NA,0.625,NA,0.625,NA,0,NA,NA,0.625
1999,2,2,NA,0.5,NA,0,2.18,0.75,84.29,0.875,NA,0,2,51.88,0.75
1999,2,3,1.2,0.875,NA,0,11.13,0.75,181.43,0.875,NA,0,9.8,207.1,0.75
1999,2,4,0.27,0.875,NA,0,2.81,1,112.62,1,NA,0,2.62,108.99,1
1999,2,5,NA,0.625,NA,0,2.29,1,102,1,NA,0,1.98,95.39,1
1999,2,6,-0.29,1,NA,0,4.46,1,86,1,NA,0,4.38,83.91,1
1999,2,7,-0.63,0.75,NA,0,3.73,0.75,113.29,0.875,NA,0,0.84,168.85,0.75
1999,2,8,NA,0.625,NA,0,NA,0.5,91,0.75,NA,0,NA,NA,0.5
1999,2,9,NA,0.5,NA,0,2.34,0.875,135.43,0.875,NA,0,2.24,141.65,0.875
1999,2,10,NA,0.625,NA,0,3.19,1,107.75,1,NA,0,2.81,79.75,1
1999,2,11,NA,0.625,NA,0,5.09,0.875,82,0.875,NA,0,4.79,58.6,0.875
1999,2,12,1.07,0.875,NA,0,7.6,0.75,84.43,0.875,NA,0,6.97,66.99,0.75
1999,2,13,0.8,1,NA,0,5.61,0.875,97,1,NA,0,5.35,94.83,0.875
1999,2,14,NA,0.375,NA,0,1.87,0.875,93.43,0.875,NA,0,1.7,93.01,0.875
1999,2,15,1.15,0.75,NA,0,2.56,0.875,118.71,0.875,NA,0,0.97,130.35,0.875
1999,2,16,NA,0.5,NA,0,NA,0.5,NA,0.5,NA,0,NA,NA,0.5
1999,2,17,NA,0.25,NA,0,1.12,0.75,161.83,0.75,NA,0,0.6,73.1,0.75
1999,2,18,0.51,0.875,NA,0,NA,0.625,104,1,NA,0,NA,NA,0.625
1999,2,19,NA,0.625,NA,0,2.47,0.75,150,0.875,NA,0,2,162.41,0.75
1999,2,20,NA,0.625,NA,0,NA,0.625,108.71,0.875,NA,0,NA,NA,0.625
1999,2,21,1.15,0.75,NA,0,NA,0.375,110.86,0.875,NA,0,NA,NA,0.375
1999,2,22,NA,0.625,NA,0,2.02,0.75,64.88,1,NA,0,1.98,61.99,0.75
1999,2,23,2.79,1,NA,0,NA,0.25,170.75,1,NA,0,NA,NA,0.25
1999,2,24,2.91,1,NA,0,NA,0.5,178.5,1,NA,0,NA,NA,0.5
1999,2,25,2.35,0.75,NA,0,NA,0.625,138.86,0.875,NA,0,NA,NA,0.625
1999,2,26,NA,0.375,NA,0,1.53,0.75,73.17,0.75,NA,0,1.29,70.43,0.75
1999,2,27,3.99,0.875,NA,0,NA,0.5,205.14,0.875,NA,0,NA,NA,0.5
1999,2,28,1.05,1,NA,0,6.27,0.875,120.62,1,NA,0,5.36,123.18,0.875
1999,3,1,2.69,0.875,NA,0,6.05,0.75,133.29,0.875,NA,0,3.1,215.08,0.75
1999,3,2,2.71,0.875,NA,0,NA,0.625,87.86,0.875,NA,0,NA,NA,0.625
1999,3,3,1,1,NA,0,1.94,0.875,69.29,0.875,NA,0,1.84,64.32,0.875
1999,3,4,2.27,0.875,NA,0,2.83,0.75,49.17,0.75,NA,0,2.71,55.06,0.75
1999,3,5,2.23,1,NA,0,4.33,0.875,67.5,1,NA,0,3.5,64.14,0.875
1999,3,6,1.06,0.875,NA,0,4.1,0.75,129.83,0.75,NA,0,3.31,205.77,0.75
1999,3,7,2.06,0.875,NA,0,NA,0.625,51.29,0.875,NA,0,NA,NA,0.625
1999,3,8,0.7,1,NA,0,NA,0.5,84.38,1,NA,0,NA,NA,0.5
1999,3,9,1.5,1,NA,0,NA,0.625,176,1,NA,0,NA,NA,0.625
1999,3,10,0.6,0.875,NA,0,1.92,0.75,110.71,0.875,NA,0,1.51,139.37,0.75
1999,3,11,0.86,0.875,NA,0,3.62,0.75,74.71,0.875,NA,0,3.33,48.27,0.75
1999,3,12,1.69,1,NA,0,6.28,0.75,152.62,1,NA,0,3.33,202.87,0.75
1999,3,13,1.68,1,NA,0,NA,0.5,174.38,1,NA,0,NA,NA,0.5
1999,3,14,2.21,1,NA,0,9.5,0.875,155.5,1,NA,0,9.18,158.46,0.875
1999,3,15,0.74,0.875,NA,0,NA,0.625,120.43,0.875,NA,0,NA,NA,0.625
1999,3,16,1.2,0.875,NA,0,NA,0.625,149.29,0.875,NA,0,NA,NA,0.625
1999,3,17,2.72,1,NA,0,9.3,0.75,177.88,1,NA,0,8.15,187.72,0.75
1999,3,18,1.23,1,NA,0,NA,0.375,186,0.875,NA,0,NA,NA,0.375
1999,3,19,3.32,1,NA,0,NA,0.25,196.88,1,NA,0,NA,NA,0.25
1999,3,20,3.39,0.875,NA,0,9.5,0.875,155.43,0.875,NA,0,7.2,188.76,0.875
1999,3,21,0.77,1,NA,0,2.47,0.75,107.67,0.75,NA,0,2.4,98.65,0.75
1999,3,22,-0.2,1,NA,0,3.94,1,92.62,1,NA,0,3.86,90.93,1
1999,3,23,-0.14,1,NA,0,1.1,1,112.12,1,NA,0,0.67,88.96,1
1999,3,24,-0.97,0.875,NA,0,2.07,0.75,109.14,0.875,NA,0,1.79,99.02,0.75
1999,3,25,0.09,0.875,NA,0,5.74,0.875,74,0.875,NA,0,5.73,74.84,0.875
1999,3,26,-0.86,1,NA,0,NA,0.5,91.12,1,NA,0,NA,NA,0.5
1999,3,27,-0.14,1,NA,0,2.71,0.875,78.71,0.875,NA,0,2.65,68.19,0.875
1999,3,28,-0.36,1,NA,0,1.04,1,89.38,1,NA,0,0.78,79.89,1
1999,3,29,-0.69,0.875,NA,0,1.46,0.875,81.57,0.875,NA,0,0.96,67.97,0.875
1999,3,30,0.41,1,NA,0,NA,0.625,116.88,1,NA,0,NA,NA,0.625
1999,3,31,-2.33,1,NA,0,1.04,0.875,85.86,0.875,NA,0,0.83,110.24,0.875
1999,4,1,-0.91,1,NA,0,1.26,1,110.5,1,NA,0,0.83,113.69,1
1999,4,2,1.6,0.875,NA,0,5.65,0.75,147.14,0.875,NA,0,3.62,177.01,0.75
1999,4,3,2.06,0.875,NA,0,NA,0.625,148.14,0.875,NA,0,NA,NA,0.625
1999,4,4,0.21,1,NA,0,4.3,0.75,96.88,1,NA,0,3.87,103.43,0.75
1999,4,5,-1.04,1,NA,0,6.59,1,63.75,1,NA,0,6.57,63.34,1
1999,4,6,-1.62,1,NA,0,3.54,1,73.62,1,NA,0,2.69,67.72,1
1999,4,7,-1.21,0.875,NA,0,2.17,0.875,84.29,0.875,NA,0,1.76,85.19,0.875
1999,4,8,0.75,1,NA,0,8.37,0.75,139.5,1,NA,0,7.52,110.7,0.75
1999,4,9,0.83,1,NA,0,6.22,0.75,143.5,1,NA,0,5.27,134.55,0.75
1999,4,10,0.76,1,NA,0,NA,0.375,117.5,1,NA,0,NA,NA,0.375
1999,4,11,0.59,0.875,NA,0,NA,0.5,173.86,0.875,NA,0,NA,NA,0.5
1999,4,12,2.19,0.875,NA,0,8.73,0.75,151.29,0.875,NA,0,3.02,188.34,0.75
1999,4,13,0.39,1,NA,0,4.63,0.75,136.86,0.875,NA,0,2.58,160.88,0.75
1999,4,14,-0.59,0.875,NA,0,NA,0.375,122,0.875,NA,0,NA,NA,0.375
1999,4,15,-2.5,1,NA,0,6.09,0.875,99.88,1,NA,0,4.86,70.06,0.875
1999,4,16,-3.03,1,NA,0,2.29,0.875,153.5,1,NA,0,1.17,139.02,0.875
1999,4,17,0.16,1,NA,0,NA,0.625,218.75,1,NA,0,NA,NA,0.625
1999,4,18,1.99,1,NA,0,8.95,0.75,157,1,NA,0,8.4,165.26,0.75
1999,4,19,-1.14,1,NA,0,NA,0.375,106.12,1,NA,0,NA,NA,0.375
1999,4,20,-1.2,0.875,NA,0,6.87,0.875,126.71,0.875,NA,0,4.59,128.02,0.875
1999,4,21,0.26,0.875,NA,0,6.87,0.75,86.17,0.75,NA,0,6.43,36.41,0.75
1999,4,22,-0.44,0.875,NA,0,NA,0.5,149.14,0.875,NA,0,NA,NA,0.5
1999,4,23,-1.96,1,NA,0,3.29,1,85.88,1,NA,0,3.03,76.09,1
1999,4,24,-1.41,0.875,NA,0,2.48,0.75,92.17,0.75,NA,0,2.14,89.02,0.75
1999,4,25,0.37,0.875,NA,0,6.3,0.875,107.71,0.875,NA,0,5.5,104.99,0.875
1999,4,26,1.19,1,NA,0,NA,0.625,130,1,NA,0,NA,NA,0.625
1999,4,27,1.5,1,NA,0,NA,0.625,95.14,0.875,NA,0,NA,NA,0.625
1999,4,28,1.19,1,NA,0,8.19,1,129.75,1,NA,0,7.91,129.98,1
1999,4,29,-0.83,0.875,NA,0,4.19,0.875,85.57,0.875,NA,0,3.91,94.16,0.875
1999,4,30,2.66,0.875,NA,0,7.93,0.75,172,0.875,NA,0,5.89,227.09,0.75
1999,5,1,1.86,0.875,NA,0,NA,0.5,129.57,0.875,NA,0,NA,NA,0.5
1999,5,2,0.24,1,NA,0,7.48,0.75,120.75,1,NA,0,7.37,114.83,0.75
1999,5,3,-1.44,1,NA,0,4.63,0.875,152.62,1,NA,0,3.32,109.61,0.875
1999,5,4,-1.4,1,NA,0,1.74,1,105.12,1,NA,0,1.11,72.31,1
1999,5,5,-2.6,1,NA,0,4.3,0.75,129.12,1,NA,0,3.91,128.09,0.75
1999,5,6,-5.45,1,NA,0,2.5,1,215,1,NA,0,1.57,196.76,1
1999,5,7,-4,1,NA,0,3.56,0.875,85.25,1,NA,0,2.65,75.63,0.875
1999,5,8,-1.9,0.875,NA,0,1.6,0.875,105.43,0.875,NA,0,0.57,52.79,0.875
1999,5,9,-1.64,0.875,NA,0,3.11,0.875,136.43,0.875,NA,0,1.57,118.77,0.875
1999,5,10,-0.77,0.875,NA,0,4.45,0.75,128.43,0.875,NA,0,3.82,124.46,0.75
1999,5,11,-0.95,1,NA,0,NA,0.625,106.5,1,NA,0,NA,NA,0.625
1999,5,12,-2.94,1,NA,0,4.46,1,109.62,1,NA,0,3.09,86.47,1
1999,5,13,-2.21,0.875,NA,0,3.46,0.875,161.14,0.875,NA,0,2.89,130.78,0.875
1999,5,14,0.78,1,NA,0,NA,0.5,72.62,1,NA,0,NA,NA,0.5
1999,5,15,-0.33,1,NA,0,2.55,1,88.88,1,NA,0,2.46,92.05,1
1999,5,16,0.09,0.875,NA,0,5.97,0.875,109.71,0.875,NA,0,5.78,111.54,0.875
1999,5,17,0.23,0.875,NA,0,NA,0.625,107.86,0.875,NA,0,NA,NA,0.625
1999,5,18,0.16,0.875,NA,0,4.55,0.75,127,0.875,NA,0,4.54,113.68,0.75
1999,5,19,NA,0.625,NA,0,NA,0.25,135.33,0.75,NA,0,NA,NA,0.25
1999,5,20,2,1,NA,0,NA,0.625,117.5,1,NA,0,NA,NA,0.625
1999,5,21,2.18,1,NA,0,NA,0.25,141,0.875,NA,0,NA,NA,0.25
1999,5,22,-0.35,1,NA,0,NA,0.625,95.88,1,NA,0,NA,NA,0.625
1999,5,23,-2.3,1,NA,0,4.61,0.875,128.25,1,NA,0,2.05,105.53,0.875
1999,5,24,-0.5,1,NA,0,NA,0.375,124.12,1,NA,0,NA,NA,0.375
1999,5,25,-0.18,1,NA,0,10,0.875,173.25,1,NA,0,9.21,171.92,0.875
1999,5,26,-0.99,0.875,NA,0,5.77,0.75,97.57,0.875,NA,0,2.86,130.04,0.75
1999,5,27,-0.57,0.875,NA,0,NA,0.5,118.29,0.875,NA,0,NA,NA,0.5
1999,5,28,-1,1,NA,0,5.57,0.875,77.88,1,NA,0,5.4,70.98,0.875
1999,5,29,0.25,1,NA,0,3.66,0.875,200.88,1,NA,0,2.68,260.45,0.875
1999,5,30,0.24,1,NA,0,NA,0.625,177,1,NA,0,NA,NA,0.625
1999,5,31,0.46,1,NA,0,NA,0.5,79,0.75,NA,0,NA,NA,0.5
1999,6,1,-0.96,0.875,NA,0,NA,0,NA,0,NA,0,NA,NA,0
1999,6,2,-2.68,1,NA,0,NA,0.375,NA,0.375,NA,0,NA,NA,0.375
1999,6,3,-1.35,1,NA,0,2,0.875,94.29,0.875,NA,0,1.91,101.15,0.875
1999,6,4,-0.85,1,NA,0,2.3,0.75,72.86,0.875,NA,0,1.89,92.59,0.75
1999,6,5,-2.26,0.875,NA,0,2.18,0.75,155.5,0.75,NA,0,1.5,144.8,0.75
1999,6,6,-0.99,0.875,NA,0,4.31,0.875,107.57,0.875,NA,0,2.66,118.97,0.875
1999,6,7,-0.02,1,NA,0,NA,0.625,135.25,1,NA,0,NA,NA,0.625
1999,6,8,-0.01,1,NA,0,NA,0.375,244.5,1,NA,0,NA,NA,0.375
1999,6,9,1.27,0.875,NA,0,NA,0.625,186.57,0.875,NA,0,NA,NA,0.625
1999,6,10,-2.08,1,NA,0,6.66,0.875,98.38,1,NA,0,5.72,104.42,0.875
1999,6,11,-0.71,1,NA,0,NA,0.625,200.5,1,NA,0,NA,NA,0.625
1999,6,12,-3.5,0.875,NA,0,NA,0.25,92.12,1,NA,0,NA,NA,0.25
1999,6,13,-5.18,1,NA,0,4.78,1,57.12,1,NA,0,4.77,57.9,1
1999,6,14,-7.51,0.875,NA,0,NA,0.625,65.57,0.875,NA,0,NA,NA,0.625
1999,6,15,-9.16,0.875,NA,0,NA,0.625,63.43,0.875,NA,0,NA,NA,0.625
1999,6,16,-9.2,1,NA,0,6.15,0.75,100.75,1,NA,0,5.92,57.01,0.75
1999,6,17,-5.45,1,NA,0,3.55,1,161.25,1,NA,0,1.52,142.86,1
1999,6,18,-5.93,1,NA,0,2.29,0.875,194.71,0.875,NA,0,1.37,209.55,0.875
1999,6,19,-6.09,0.875,NA,0,2.63,0.875,193.57,0.875,NA,0,2.05,195.31,0.875
1999,6,20,-5.66,1,NA,0,2.37,0.75,185.75,1,NA,0,0.24,246.95,0.75
1999,6,21,-5.06,1,NA,0,4.74,0.875,90.25,1,NA,0,3.77,34.32,0.875
1999,6,22,-3.41,1,NA,0,2.39,1,164.38,1,NA,0,0.12,115.7,1
1999,6,23,-2.8,0.875,NA,0,3.54,0.875,180.43,0.875,NA,0,0.71,266.5,0.875
1999,6,24,-0.67,0.875,NA,0,NA,0.5,177,0.875,NA,0,NA,NA,0.5
1999,6,25,NA,0.625,NA,0,NA,0.5,NA,0.625,NA,0,NA,NA,0.5
1999,6,26,-4.39,1,NA,0,NA,0.375,190,1,NA,0,NA,NA,0.375
1999,6,27,-4.67,0.875,NA,0,3.82,0.75,71.43,0.875,NA,0,3.75,70.12,0.75
1999,6,28,-5.69,0.875,NA,0,3.07,0.75,148.5,0.75,NA,0,2.62,43.89,0.75
1999,6,29,-5.29,1,NA,0,2.06,1,125.12,1,NA,0,0.72,67.97,1
1999,6,30,-3.8,1,NA,0,2.15,1,89.38,1,NA,0,2.05,50.16,1
1999,7,1,-0.96,1,NA,0,3.35,1,66.25,1,NA,0,2.61,66.19,1
1999,7,2,-3.63,0.875,NA,0,1.46,0.875,208.71,0.875,NA,0,0.53,65.86,0.875
1999,7,3,-5.71,0.875,NA,0,1.53,0.75,239,0.875,NA,0,0.35,310.2,0.75
1999,7,4,-0.48,1,NA,0,3.61,0.875,99,0.875,NA,0,3.28,45.48,0.875
1999,7,5,1.34,1,NA,0,NA,0.5,183.5,1,NA,0,NA,NA,0.5
1999,7,6,-0.77,1,NA,0,NA,0.25,NA,0.25,NA,0,NA,NA,0.25
1999,7,7,-1.5,0.875,NA,0,NA,0.25,NA,0.25,NA,0,NA,NA,0.25
1999,7,8,-0.24,1,NA,0,NA,0.5,86.5,1,NA,0,NA,NA,0.5
1999,7,9,1.29,0.875,NA,0,NA,0.5,268,0.875,NA,0,NA,NA,0.5
1999,7,10,-1.88,1,NA,0,10.06,0.875,119.88,1,NA,0,8.06,119.04,0.875
1999,7,11,-4.41,0.875,NA,0,NA,0.5,110.43,0.875,NA,0,NA,NA,0.5
1999,7,12,-0.8,0.875,NA,0,NA,0.375,126.57,0.875,NA,0,NA,NA,0.375
1999,7,13,-3.78,1,NA,0,10.47,0.75,72.5,1,NA,0,10.37,75.9,0.75
1999,7,14,-1.94,1,NA,0,NA,0.625,139.5,1,NA,0,NA,NA,0.625
1999,7,15,-4.31,0.875,NA,0,NA,0.625,79.14,0.875,NA,0,NA,NA,0.625
1999,7,16,-7.03,0.875,NA,0,NA,0.5,89.86,0.875,NA,0,NA,NA,0.5
1999,7,17,-8.6,1,NA,0,2.81,1,179.12,1,NA,0,1.35,49.22,1
1999,7,18,-6.81,1,NA,0,2.11,0.875,187.29,0.875,NA,0,1.07,48.18,0.875
1999,7,19,-7.73,1,NA,0,NA,0.5,NA,0.5,NA,0,NA,NA,0.5
1999,7,20,-9.93,0.875,NA,0,NA,0.5,NA,0.5,NA,0,NA,NA,0.5
1999,7,21,-3.53,0.875,NA,0,NA,0.5,NA,0.5,NA,0,NA,NA,0.5
1999,7,22,0.96,1,NA,0,12.25,0.75,265.38,1,NA,0,11.28,296.94,0.75
1999,7,23,-0.46,1,NA,0,10.55,0.75,135.25,1,NA,0,4.44,8.86,0.75
1999,7,24,-3.04,0.875,NA,0,3.32,0.75,130.29,0.875,NA,0,2.92,145.17,0.75
1999,7,25,-3.77,0.875,NA,0,3.58,0.75,142.57,0.875,NA,0,0.91,86.28,0.75
1999,7,26,-5.21,1,NA,0,3.27,0.75,189,1,NA,0,2.36,180.59,0.75
1999,7,27,-5.81,1,NA,0,4.16,1,131.5,1,NA,0,3.16,122.13,1
1999,7,28,-2.24,0.875,NA,0,7.12,0.75,170.57,0.875,NA,0,6.42,175.84,0.75
1999,7,29,-1.16,0.875,NA,0,10.52,0.75,211,0.875,NA,0,4.46,213.67,0.75
1999,7,30,-9.33,0.875,NA,0,NA,0.625,149.57,0.875,NA,0,NA,NA,0.625
1999,7,31,NA,0.625,NA,0,11.4,0.75,166.62,1,NA,0,8.22,204.74,0.75
1999,8,1,-2.69,1,NA,0,NA,0.625,155.25,1,NA,0,NA,NA,0.625
1999,8,2,-5.75,0.75,NA,0,NA,0.5,125.86,0.875,NA,0,NA,NA,0.5
1999,8,3,-9.2,0.875,NA,0,NA,0.375,98,0.75,NA,0,NA,NA,0.375
1999,8,4,-9.47,0.75,NA,0,NA,0.5,159.25,1,NA,0,NA,NA,0.5
1999,8,5,-7.79,1,NA,0,6.38,0.75,132.12,1,NA,0,5.93,92.93,0.75
1999,8,6,-4.63,1,NA,0,6.77,0.875,132.5,1,NA,0,6.09,130.82,0.875
1999,8,7,-2.17,0.875,NA,0,9.9,0.875,160.86,0.875,NA,0,9.41,162.55,0.875
1999,8,8,-5.49,0.875,NA,0,NA,0.625,91.86,0.875,NA,0,NA,NA,0.625
1999,8,9,-8.04,1,NA,0,2.07,0.75,282.86,0.875,NA,0,1.53,284.65,0.75
1999,8,10,-9.8,1,NA,0,2.59,1,223.12,1,NA,0,1.63,252.74,1
1999,8,11,-10.63,0.875,NA,0,2.21,0.875,185.71,0.875,NA,0,1.12,232.99,0.875
1999,8,12,-12.74,0.875,NA,0,1.73,0.875,93.43,0.875,NA,0,1.38,83.53,0.875
1999,8,13,-9.67,0.875,NA,0,NA,0.625,150.33,0.75,NA,0,NA,NA,0.625
1999,8,14,-1.69,1,NA,0,NA,0.25,110.25,1,NA,0,NA,NA,0.25
1999,8,15,-2.91,1,NA,0,NA,0.25,114.12,1,NA,0,NA,NA,0.25
1999,8,16,-3.79,0.875,NA,0,NA,0.25,131.5,0.75,NA,0,NA,NA,0.25
1999,8,17,-3.36,0.875,NA,0,NA,0.625,134,0.75,NA,0,NA,NA,0.625
1999,8,18,-1.85,1,NA,0,NA,0.5,237.25,1,NA,0,NA,NA,0.5
1999,8,19,-4.95,1,NA,0,NA,0.625,112.75,1,NA,0,NA,NA,0.625
1999,8,20,-5.47,0.875,NA,0,NA,0.625,74.57,0.875,NA,0,NA,NA,0.625
1999,8,21,-11.9,0.875,NA,0,NA,0.375,70.14,0.875,NA,0,NA,NA,0.375
1999,8,22,-6.75,0.75,NA,0,NA,0.125,136.25,1,NA,0,NA,NA,0.125
1999,8,23,-10.71,1,NA,0,5,0.75,140.12,1,NA,0,3.31,88.53,0.75
1999,8,24,-7.29,1,NA,0,NA,0.625,145.62,1,NA,0,NA,NA,0.625
1999,8,25,-13.34,0.875,NA,0,NA,0.625,81.83,0.75,NA,0,NA,NA,0.625
1999,8,26,-14.53,0.875,NA,0,NA,0.625,124.43,0.875,NA,0,NA,NA,0.625
1999,8,27,-14.24,1,NA,0,2.72,1,92.5,1,NA,0,2.58,86.46,1
1999,8,28,-10.98,0.75,NA,0,NA,0.625,NA,0.625,NA,0,NA,NA,0.625
1999,8,29,-10.97,0.75,NA,0,NA,0.5,91.17,0.75,NA,0,NA,NA,0.5
1999,8,30,-17.47,0.75,NA,0,NA,0.625,NA,0.625,NA,0,NA,NA,0.625
1999,8,31,-17.14,0.875,NA,0,2.4,0.875,99.57,0.875,NA,0,2.05,92.63,0.875
1999,9,1,-15.97,0.875,NA,0,NA,0.625,NA,0.625,NA,0,NA,NA,0.625
1999,9,2,-12.75,0.75,NA,0,1.72,0.75,125.67,0.75,NA,0,0.96,127.52,0.75
1999,9,3,-11.91,0.875,NA,0,2.34,0.875,140.86,0.875,NA,0,1.47,131.39,0.875
1999,9,4,-7.76,0.875,NA,0,1.83,0.75,99.33,0.75,NA,0,1.72,103.36,0.75
1999,9,5,-5.89,1,NA,0,5.19,1,103.88,1,NA,0,5.12,104.09,1
1999,9,6,-8.37,0.875,NA,0,7.32,0.75,130.43,0.875,NA,0,4.8,121.22,0.75
1999,9,7,-16.88,0.75,NA,0,NA,0.5,72.29,0.875,NA,0,NA,NA,0.5
1999,9,8,-18.89,0.875,NA,0,1.9,0.75,101.86,0.875,NA,0,1.6,88.33,0.75
1999,9,9,-17.88,1,NA,0,1.56,1,79.12,1,NA,0,1.32,40.13,1
1999,9,10,-16.5,1,NA,0,1.38,0.75,127.67,0.75,NA,0,0.81,151.29,0.75
1999,9,11,-12.01,1,NA,0,1.6,1,71.12,1,NA,0,1.55,79.38,1
1999,9,12,-6.78,0.75,NA,0,NA,0.625,NA,0.625,NA,0,NA,NA,0.625
1999,9,13,-3.66,0.875,NA,0,NA,0.5,NA,0.625,NA,0,NA,NA,0.5
1999,9,14,NA,0.625,NA,0,NA,0.25,NA,0.625,NA,0,NA,NA,0.25
1999,9,15,-2.1,0.75,NA,0,NA,0.125,NA,0.375,NA,0,NA,NA,0.125
1999,9,16,-3.96,0.875,NA,0,NA,0.5,NA,0.5,NA,0,NA,NA,0.5
1999,9,17,-3.77,0.875,NA,0,NA,0.25,NA,0.25,NA,0,NA,NA,0.25
1999,9,18,-1.97,1,NA,0,NA,0.375,123.67,0.75,NA,0,NA,NA,0.375
1999,9,19,-1.35,0.75,NA,0,NA,0.625,153,0.75,NA,0,NA,NA,0.625
1999,9,20,-0.37,0.875,NA,0,NA,0.375,NA,0.5,NA,0,NA,NA,0.375
1999,9,21,1.19,0.875,NA,0,NA,0,NA,0,NA,0,NA,NA,0
1999,9,22,-0.2,0.875,NA,0,NA,0,NA,0,NA,0,NA,NA,0
1999,9,23,-4.03,1,NA,0,NA,0,NA,0,NA,0,NA,NA,0
1999,9,24,-1.59,0.875,NA,0,NA,0,NA,0,NA,0,NA,NA,0
1999,9,25,-4.81,0.875,NA,0,NA,0,NA,0,NA,0,NA,NA,0
1999,9,26,-10.99,0.875,NA,0,NA,0,NA,0,NA,0,NA,NA,0
1999,9,27,-6.52,1,NA,0,NA,0,NA,0,NA,0,NA,NA,0
1999,9,28,-6.66,0.875,NA,0,NA,0,NA,0,NA,0,NA,NA,0
1999,9,29,-6.76,1,NA,0,NA,0,NA,0,NA,0,NA,NA,0
1999,9,30,-6.44,0.875,NA,0,NA,0,NA,0,NA,0,NA,NA,0
1999,10,1,-4.96,0.875,NA,0,NA,0,NA,0,NA,0,NA,NA,0
1999,10,2,-2.44,1,NA,0,NA,0,NA,0,NA,0,NA,NA,0
1999,10,3,-2.25,0.75,NA,0,NA,0,NA,0,NA,0,NA,NA,0
1999,10,4,0.05,0.75,NA,0,NA,0,NA,0,NA,0,NA,NA,0
1999,10,5,-1.99,0.875,NA,0,NA,0,NA,0,NA,0,NA,NA,0
1999,10,6,NA,0.625,NA,0,NA,0,NA,0,NA,0,NA,NA,0
1999,10,7,-0.41,1,NA,0,NA,0,NA,0,NA,0,NA,NA,0
1999,10,8,-0.26,1,NA,0,NA,0,NA,0,NA,0,NA,NA,0
1999,10,9,-1.9,0.875,NA,0,NA,0,NA,0,NA,0,NA,NA,0
1999,10,10,0.73,0.875,NA,0,NA,0,NA,0,NA,0,NA,NA,0
1999,10,11,0.34,1,NA,0,NA,0,NA,0,NA,0,NA,NA,0
1999,10,12,0.3,1,NA,0,NA,0,NA,0,NA,0,NA,NA,0
1999,10,13,-0.54,0.875,NA,0,NA,0,NA,0,NA,0,NA,NA,0
1999,10,14,-1.69,0.875,NA,0,NA,0,NA,0,NA,0,NA,NA,0
1999,10,15,-3.4,0.875,NA,0,NA,0,NA,0,NA,0,NA,NA,0
1999,10,16,-9.01,1,NA,0,NA,0,NA,0,NA,0,NA,NA,0
1999,10,17,-9.59,1,NA,0,NA,0,NA,0,NA,0,NA,NA,0
1999,10,18,-8.53,0.875,NA,0,NA,0,NA,0,NA,0,NA,NA,0
1999,10,19,-4.5,0.75,NA,0,NA,0,NA,0,NA,0,NA,NA,0
1999,10,20,-0.36,1,NA,0,NA,0,NA,0,NA,0,NA,NA,0
1999,10,21,-1.61,1,NA,0,NA,0,NA,0,NA,0,NA,NA,0
1999,10,22,-2.47,0.875,NA,0,NA,0,NA,0,NA,0,NA,NA,0
1999,10,23,-3.34,0.875,NA,0,NA,0,NA,0,NA,0,NA,NA,0
1999,10,24,-3.01,0.875,NA,0,NA,0,NA,0,NA,0,NA,NA,0
1999,10,25,-4.01,1,NA,0,NA,0,NA,0,NA,0,NA,NA,0
1999,10,26,-2.44,0.875,NA,0,NA,0,NA,0,NA,0,NA,NA,0
1999,10,27,-5.69,0.875,NA,0,NA,0,NA,0,NA,0,NA,NA,0
1999,10,28,-3.06,0.875,NA,0,NA,0,NA,0,NA,0,NA,NA,0
1999,10,29,0.14,1,NA,0,NA,0,NA,0,NA,0,NA,NA,0
1999,10,30,-1.7,1,NA,0,NA,0,NA,0,26,0.75,NA,NA,0
1999,10,31,-4.24,0.875,NA,0,NA,0,NA,0,NA,0.375,NA,NA,0
1999,11,1,-4.03,0.75,NA,0,NA,0,NA,0,NA,0,NA,NA,0
1999,11,2,-4.21,0.875,NA,0,NA,0,NA,0,NA,0,NA,NA,0
1999,11,3,-4.29,1,NA,0,NA,0,NA,0,NA,0,NA,NA,0
1999,11,4,NA,0.625,NA,0,NA,0,NA,0,NA,0,NA,NA,0
1999,11,5,0.28,0.75,NA,0,NA,0,NA,0,NA,0,NA,NA,0
1999,11,6,-3.05,0.75,NA,0,NA,0,NA,0,NA,0,NA,NA,0
1999,11,7,-2.21,1,NA,0,NA,0,NA,0,NA,0,NA,NA,0
1999,11,8,-0.2,0.875,NA,0,NA,0,NA,0,NA,0,NA,NA,0
1999,11,9,NA,0.625,NA,0,NA,0,NA,0,NA,0,NA,NA,0
1999,11,10,0.63,0.75,NA,0,NA,0,NA,0,NA,0,NA,NA,0
1999,11,11,-0.14,1,NA,0,NA,0,NA,0,NA,0,NA,NA,0
1999,11,12,1.34,1,NA,0,NA,0,NA,0,NA,0,NA,NA,0
1999,11,13,1.56,1,NA,0,NA,0,NA,0,NA,0,NA,NA,0
1999,11,14,-0.73,0.875,NA,0,NA,0,NA,0,NA,0,NA,NA,0
1999,11,15,-1.9,0.875,NA,0,NA,0,NA,0,NA,0,NA,NA,0
1999,11,16,0.19,1,NA,0,NA,0,NA,0,NA,0,NA,NA,0
1999,11,17,0.33,0.875,NA,0,NA,0,NA,0,NA,0,NA,NA,0
1999,11,18,0.73,0.875,NA,0,NA,0,NA,0,NA,0,NA,NA,0
1999,11,19,1.69,0.875,NA,0,NA,0,NA,0,NA,0,NA,NA,0
1999,11,20,-0.53,0.875,NA,0,NA,0,NA,0,NA,0,NA,NA,0
1999,11,21,-0.39,1,NA,0,NA,0,NA,0,NA,0,NA,NA,0
1999,11,22,0.26,1,NA,0,NA,0,NA,0,NA,0,NA,NA,0
1999,11,23,2.3,0.875,NA,0,NA,0,NA,0,NA,0,NA,NA,0
1999,11,24,-0.64,0.875,NA,0,NA,0,NA,0,NA,0,NA,NA,0
1999,11,25,-0.23,0.875,NA,0,NA,0,NA,0,NA,0,NA,NA,0
1999,11,26,0.3,1,NA,0,NA,0,NA,0,NA,0,NA,NA,0
1999,11,27,0.58,1,NA,0,NA,0,NA,0,NA,0,NA,NA,0
1999,11,28,-0.63,0.875,NA,0,NA,0,NA,0,NA,0,NA,NA,0
1999,11,29,-0.14,0.875,NA,0,NA,0,NA,0,NA,0,NA,NA,0
1999,11,30,-0.56,0.875,NA,0,NA,0,NA,0,NA,0,NA,NA,0
1999,12,1,-0.39,0.875,NA,0,NA,0,NA,0,NA,0,NA,NA,0
1999,12,2,-0.87,0.875,NA,0,NA,0,NA,0,NA,0,NA,NA,0
1999,12,3,-1.35,0.75,NA,0,NA,0,NA,0,NA,0,NA,NA,0
1999,12,4,-1.37,0.875,NA,0,NA,0,NA,0,NA,0,NA,NA,0
1999,12,5,-0.76,1,NA,0,NA,0,NA,0,NA,0,NA,NA,0
1999,12,6,-1.2,0.875,NA,0,NA,0,NA,0,NA,0,NA,NA,0
1999,12,7,-1.06,0.875,NA,0,NA,0,NA,0,NA,0,NA,NA,0
1999,12,8,-0.93,0.875,NA,0,NA,0,NA,0,NA,0,NA,NA,0
1999,12,9,-0.83,1,NA,0,NA,0,NA,0,NA,0,NA,NA,0
1999,12,10,-0.41,1,NA,0,NA,0,NA,0,NA,0,NA,NA,0
1999,12,11,0.69,0.875,NA,0,NA,0,NA,0,NA,0,NA,NA,0
1999,12,12,2.26,0.875,NA,0,NA,0,NA,0,NA,0,NA,NA,0
1999,12,13,2.16,1,NA,0,NA,0,NA,0,NA,0,NA,NA,0
1999,12,14,0.25,1,NA,0,NA,0,NA,0,NA,0,NA,NA,0
1999,12,15,0.57,0.875,NA,0,NA,0,NA,0,NA,0,NA,NA,0
1999,12,16,0.89,0.875,NA,0,NA,0,NA,0,NA,0,NA,NA,0
1999,12,17,0.35,1,NA,0,NA,0,NA,0,NA,0,NA,NA,0
1999,12,18,0.14,0.875,NA,0,NA,0,NA,0,NA,0,NA,NA,0
1999,12,19,-1.96,1,NA,0,NA,0,NA,0,NA,0,NA,NA,0
1999,12,20,-1.6,0.875,NA,0,NA,0,NA,0,NA,0,NA,NA,0
1999,12,21,-1.92,0.75,NA,0,NA,0,NA,0,NA,0,NA,NA,0
1999,12,22,-0.15,0.75,NA,0,NA,0,NA,0,NA,0,NA,NA,0
1999,12,23,0.44,1,NA,0,NA,0,NA,0,NA,0,NA,NA,0
1999,12,24,0.4,0.75,NA,0,NA,0,NA,0,NA,0,NA,NA,0
1999,12,25,-0.4,0.875,NA,0,NA,0,NA,0,NA,0,NA,NA,0
1999,12,26,3.21,1,NA,0,NA,0,NA,0,NA,0,NA,NA,0
1999,12,27,2.05,1,NA,0,NA,0,NA,0,NA,0,NA,NA,0
1999,12,28,1.37,1,NA,0,NA,0,NA,0,NA,0,NA,NA,0
1999,12,29,0.27,0.875,NA,0,NA,0,NA,0,NA,0,NA,NA,0
1999,12,30,1.47,0.875,NA,0,NA,0,NA,0,NA,0,NA,NA,0
1999,12,31,0.35,1,NA,0,NA,0,NA,0,NA,0,NA,NA,0
2000,1,1,0.45,1,NA,0,NA,0,NA,0,NA,0,NA,NA,0
2000,1,2,0.87,0.875,NA,0,NA,0,NA,0,NA,0,NA,NA,0
2000,1,3,-0.06,0.875,NA,0,NA,0,NA,0,NA,0,NA,NA,0
2000,1,4,0.57,0.875,NA,0,NA,0,NA,0,NA,0,NA,NA,0
2000,1,5,0.53,0.875,NA,0,NA,0,NA,0,NA,0,NA,NA,0
2000,1,6,1.81,1,NA,0,NA,0,NA,0,NA,0,NA,NA,0
2000,1,7,0.77,0.875,NA,0,NA,0,NA,0,NA,0,NA,NA,0
2000,1,8,-0.18,0.75,NA,0,NA,0,NA,0,NA,0,NA,NA,0
2000,1,9,1.21,0.875,NA,0,NA,0,NA,0,NA,0,NA,NA,0
2000,1,10,0.36,1,NA,0,NA,0,NA,0,NA,0,NA,NA,0
2000,1,11,-0.23,0.875,NA,0,NA,0,NA,0,NA,0,NA,NA,0
2000,1,12,-0.59,0.875,NA,0,NA,0,NA,0,NA,0,NA,NA,0
2000,1,13,-0.69,1,NA,0,NA,0,NA,0,NA,0,NA,NA,0
2000,1,14,-0.46,1,NA,0,NA,0,NA,0,NA,0,NA,NA,0
2000,1,15,-0.11,1,NA,0,NA,0,NA,0,NA,0,NA,NA,0
2000,1,16,-0.27,0.875,NA,0,NA,0,NA,0,NA,0,NA,NA,0
2000,1,17,-0.27,0.875,NA,0,NA,0,NA,0,NA,0,NA,NA,0
2000,1,18,-0.05,1,NA,0,NA,0,NA,0,NA,0,NA,NA,0
2000,1,19,0.07,1,NA,0,NA,0,NA,0,NA,0,NA,NA,0
2000,1,20,-0.84,0.875,NA,0,NA,0,NA,0,NA,0,NA,NA,0
2000,1,21,-0.34,0.875,NA,0,NA,0,NA,0,NA,0,NA,NA,0
2000,1,22,1.1,0.875,NA,0,NA,0,NA,0,NA,0,NA,NA,0
2000,1,23,0.81,1,NA,0,NA,0,NA,0,NA,0,NA,NA,0
2000,1,24,0.6,1,NA,0,NA,0,NA,0,NA,0,NA,NA,0
2000,1,25,2.5,0.875,NA,0,NA,0,NA,0,NA,0,NA,NA,0
2000,1,26,1.61,0.875,NA,0,NA,0,NA,0,NA,0,NA,NA,0
2000,1,27,0.8,1,NA,0,NA,0,NA,0,NA,0,NA,NA,0
2000,1,28,0.7,0.875,NA,0,NA,0,NA,0,NA,0,NA,NA,0
2000,1,29,1.71,0.875,NA,0,NA,0,NA,0,NA,0,NA,NA,0
2000,1,30,1.97,0.75,NA,0,NA,0,NA,0,NA,0,NA,NA,0
2000,1,31,1.63,1,NA,0,NA,0,NA,0,NA,0,NA,NA,0
2000,2,1,1.2,0.75,NA,0,NA,0,NA,0,NA,0,NA,NA,0
2000,2,2,2.04,0.875,NA,0,NA,0,NA,0,NA,0,NA,NA,0
2000,2,3,3.49,0.875,NA,0,NA,0,NA,0,NA,0,NA,NA,0
2000,2,4,3.87,0.875,NA,0,NA,0,NA,0,NA,0,NA,NA,0
2000,2,5,3.2,1,NA,0,NA,0,NA,0,NA,0,NA,NA,0
2000,2,6,1.91,1,NA,0,NA,0,NA,0,NA,0,NA,NA,0
2000,2,7,0.01,0.875,NA,0,NA,0,NA,0,NA,0,NA,NA,0
2000,2,8,0.3,0.875,NA,0,NA,0,NA,0,NA,0,NA,NA,0
2000,2,9,0.65,1,NA,0,NA,0,NA,0,NA,0,NA,NA,0
2000,2,10,-0.03,1,NA,0,NA,0,NA,0,NA,0,NA,NA,0
2000,2,11,-0.59,1,NA,0,NA,0,NA,0,NA,0,NA,NA,0
2000,2,12,-0.24,0.875,NA,0,NA,0,NA,0,NA,0,NA,NA,0
2000,2,13,-1.33,0.875,NA,0,NA,0,NA,0,NA,0,NA,NA,0
2000,2,14,-0.3,0.875,NA,0,NA,0,NA,0,NA,0,NA,NA,0
2000,2,15,0.04,1,NA,0,NA,0,NA,0,NA,0,NA,NA,0
2000,2,16,2.33,0.875,NA,0,NA,0,NA,0,NA,0,NA,NA,0
2000,2,17,2.2,0.875,NA,0,NA,0,NA,0,NA,0,NA,NA,0
2000,2,18,0.96,0.875,NA,0,NA,0,NA,0,NA,0,NA,NA,0
2000,2,19,1.61,0.875,NA,0,NA,0,NA,0,NA,0,NA,NA,0
2000,2,20,0.02,1,NA,0,NA,0,NA,0,NA,0,NA,NA,0
2000,2,21,0.37,0.875,NA,0,NA,0,NA,0,NA,0,NA,NA,0
2000,2,22,0.34,0.875,NA,0,NA,0,NA,0,NA,0,NA,NA,0
2000,2,23,-0.29,1,NA,0,NA,0,NA,0,NA,0,NA,NA,0
2000,2,24,0.41,1,NA,0,NA,0,NA,0,NA,0,NA,NA,0
2000,2,25,-0.36,0.875,NA,0,NA,0,NA,0,NA,0,NA,NA,0
2000,2,26,-1.44,0.875,NA,0,NA,0,NA,0,NA,0,NA,NA,0
2000,2,27,-1.03,1,NA,0,NA,0,NA,0,NA,0,NA,NA,0
2000,2,28,-0.63,0.875,NA,0,NA,0,NA,0,NA,0,NA,NA,0
2000,2,29,0.73,1,NA,0,NA,0,NA,0,NA,0,NA,NA,0
2000,3,1,0.83,0.875,NA,0,NA,0,NA,0,NA,0,NA,NA,0
2000,3,2,1.8,0.875,NA,0,NA,0,NA,0,NA,0,NA,NA,0
2000,3,3,0.78,1,NA,0,NA,0,NA,0,NA,0,NA,NA,0
2000,3,4,1.13,0.875,NA,0,NA,0,NA,0,NA,0,NA,NA,0
2000,3,5,2.5,0.875,NA,0,NA,0,NA,0,NA,0,NA,NA,0
2000,3,6,3.23,0.75,NA,0,NA,0,NA,0,NA,0,NA,NA,0
2000,3,7,2.29,0.875,NA,0,NA,0,NA,0,NA,0,NA,NA,0
2000,3,8,1.19,1,NA,0,NA,0,NA,0,NA,0,NA,NA,0
2000,3,9,2.61,1,NA,0,NA,0,NA,0,NA,0,NA,NA,0
2000,3,10,3.66,0.875,NA,0,NA,0,NA,0,NA,0,NA,NA,0
2000,3,11,4.26,0.875,NA,0,NA,0,NA,0,NA,0,NA,NA,0
2000,3,12,0.64,1,NA,0,NA,0,NA,0,NA,0,NA,NA,0
2000,3,13,1.01,1,NA,0,NA,0,NA,0,NA,0,NA,NA,0
2000,3,14,-0.04,0.875,NA,0,NA,0,NA,0,NA,0,NA,NA,0
2000,3,15,2.91,0.875,NA,0,NA,0,NA,0,NA,0,NA,NA,0
2000,3,16,1.45,1,NA,0,NA,0,NA,0,NA,0,NA,NA,0
2000,3,17,0.02,1,NA,0,NA,0,NA,0,NA,0,NA,NA,0
2000,3,18,-0.49,1,NA,0,NA,0,NA,0,NA,0,NA,NA,0
2000,3,19,-1.44,0.875,NA,0,NA,0,NA,0,NA,0,NA,NA,0
2000,3,20,-2.31,0.875,NA,0,NA,0,NA,0,NA,0,NA,NA,0
2000,3,21,-2.03,1,NA,0,NA,0,NA,0,NA,0,NA,NA,0
2000,3,22,-2.87,1,NA,0,NA,0,NA,0,NA,0,NA,NA,0
2000,3,23,-2.59,0.875,NA,0,NA,0,NA,0,NA,0,NA,NA,0
2000,3,24,-0.79,0.875,NA,0,NA,0,NA,0,NA,0,NA,NA,0
2000,3,25,-0.88,1,NA,0,NA,0,NA,0,NA,0,NA,NA,0
2000,3,26,-1.55,0.75,NA,0,NA,0,NA,0,NA,0,NA,NA,0
2000,3,27,-2.4,1,NA,0,NA,0,NA,0,NA,0,NA,NA,0
2000,3,28,-2.19,0.875,NA,0,NA,0,NA,0,NA,0,NA,NA,0
2000,3,29,-3.69,0.875,NA,0,NA,0,NA,0,NA,0,NA,NA,0
2000,3,30,-1.4,1,NA,0,NA,0,NA,0,NA,0,NA,NA,0
2000,3,31,-1.2,1,NA,0,NA,0,NA,0,NA,0,NA,NA,0
2000,4,1,0.39,0.875,NA,0,NA,0,NA,0,NA,0,NA,NA,0
2000,4,2,-0.04,0.875,NA,0,NA,0,NA,0,NA,0,NA,NA,0
2000,4,3,1.11,1,NA,0,NA,0,NA,0,NA,0,NA,NA,0
2000,4,4,0.62,1,NA,0,NA,0,NA,0,NA,0,NA,NA,0
2000,4,5,0.5,0.875,NA,0,NA,0,NA,0,NA,0,NA,NA,0
2000,4,6,1.11,0.875,NA,0,NA,0,NA,0,NA,0,NA,NA,0
2000,4,7,-0.87,0.875,NA,0,NA,0,NA,0,NA,0,NA,NA,0
2000,4,8,-0.45,1,NA,0,NA,0,NA,0,NA,0,NA,NA,0
2000,4,9,0.73,1,NA,0,NA,0,NA,0,NA,0,NA,NA,0
2000,4,10,-0.49,0.875,NA,0,NA,0,NA,0,NA,0,NA,NA,0
2000,4,11,0.57,0.875,NA,0,NA,0,NA,0,NA,0,NA,NA,0
2000,4,12,-1.29,1,NA,0,NA,0,NA,0,NA,0,NA,NA,0
2000,4,13,-1.81,1,NA,0,NA,0,NA,0,NA,0,NA,NA,0
2000,4,14,-2.06,0.875,NA,0,NA,0,NA,0,NA,0,NA,NA,0
2000,4,15,-0.4,0.875,NA,0,NA,0,NA,0,NA,0,NA,NA,0
2000,4,16,-0.79,0.875,NA,0,NA,0,NA,0,NA,0,NA,NA,0
2000,4,17,-1.67,1,NA,0,NA,0,NA,0,NA,0,NA,NA,0
2000,4,18,0.4,1,NA,0,NA,0,NA,0,NA,0,NA,NA,0
2000,4,19,1.59,0.875,NA,0,NA,0,NA,0,NA,0,NA,NA,0
2000,4,20,2.71,0.875,NA,0,NA,0,NA,0,NA,0,NA,NA,0
2000,4,21,0.81,1,NA,0,NA,0,NA,0,NA,0,NA,NA,0
2000,4,22,-1.21,1,NA,0,NA,0,NA,0,NA,0,NA,NA,0
2000,4,23,-0.87,0.875,NA,0,NA,0,NA,0,NA,0,NA,NA,0
2000,4,24,-1.1,0.875,NA,0,NA,0,NA,0,NA,0,NA,NA,0
2000,4,25,-1.41,1,NA,0,NA,0,NA,0,NA,0,NA,NA,0
2000,4,26,-1.25,1,NA,0,NA,0,NA,0,NA,0,NA,NA,0
2000,4,27,-3.09,1,NA,0,NA,0,NA,0,NA,0,NA,NA,0
2000,4,28,-3.71,0.875,NA,0,NA,0,NA,0,NA,0,NA,NA,0
2000,4,29,-3.16,0.875,NA,0,NA,0,NA,0,NA,0,NA,NA,0
2000,4,30,-6.5,1,NA,0,NA,0,NA,0,NA,0,NA,NA,0
2000,5,1,-3.24,1,NA,0,NA,0,NA,0,NA,0,NA,NA,0
2000,5,2,-3.67,0.75,NA,0,NA,0,NA,0,NA,0,NA,NA,0
2000,5,3,-3.21,0.875,NA,0,NA,0,NA,0,NA,0,NA,NA,0
2000,5,4,-1.13,1,NA,0,NA,0,NA,0,NA,0,NA,NA,0
2000,5,5,-2.04,1,NA,0,NA,0,NA,0,NA,0,NA,NA,0
2000,5,6,-1.2,1,NA,0,NA,0,NA,0,NA,0,NA,NA,0
2000,5,7,-3.71,0.875,NA,0,NA,0,NA,0,NA,0,NA,NA,0
2000,5,8,-4,0.75,NA,0,NA,0,NA,0,NA,0,NA,NA,0
2000,5,9,-3.6,1,NA,0,NA,0,NA,0,NA,0,NA,NA,0
2000,5,10,-2.51,1,NA,0,NA,0,NA,0,NA,0,NA,NA,0
2000,5,11,-0.54,1,NA,0,NA,0,NA,0,NA,0,NA,NA,0
2000,5,12,0.5,0.875,NA,0,NA,0,NA,0,NA,0,NA,NA,0
2000,5,13,-1.28,1,NA,0,NA,0,NA,0,NA,0,NA,NA,0
2000,5,14,0.27,0.875,NA,0,NA,0,NA,0,NA,0,NA,NA,0
2000,5,15,2.14,1,NA,0,NA,0,NA,0,NA,0,NA,NA,0
2000,5,16,0.51,0.875,NA,0,NA,0,NA,0,NA,0,NA,NA,0
2000,5,17,1.8,0.875,NA,0,NA,0,NA,0,NA,0,NA,NA,0
2000,5,18,0.01,1,NA,0,NA,0,NA,0,NA,0,NA,NA,0
2000,5,19,0,0.875,NA,0,NA,0,NA,0,NA,0,NA,NA,0
2000,5,20,0.1,0.875,NA,0,NA,0,NA,0,NA,0,NA,NA,0
2000,5,21,-1.77,0.875,NA,0,NA,0,NA,0,NA,0,NA,NA,0
2000,5,22,-3.27,0.875,NA,0,NA,0,NA,0,NA,0,NA,NA,0
2000,5,23,-4.64,1,NA,0,NA,0,NA,0,NA,0,NA,NA,0
2000,5,24,-3.67,0.875,NA,0,NA,0,NA,0,NA,0,NA,NA,0
2000,5,25,-3.39,0.875,NA,0,NA,0,NA,0,NA,0,NA,NA,0
2000,5,26,-1.16,0.875,NA,0,NA,0,NA,0,NA,0,NA,NA,0
2000,5,27,-2,1,NA,0,NA,0,NA,0,NA,0,NA,NA,0
2000,5,28,-4.01,1,NA,0,NA,0,NA,0,NA,0,NA,NA,0
2000,5,29,-5.7,0.875,NA,0,NA,0,NA,0,NA,0,NA,NA,0
2000,5,30,-5.53,0.875,NA,0,NA,0,NA,0,NA,0,NA,NA,0
2000,5,31,-6.01,1,NA,0,NA,0,NA,0,NA,0,NA,NA,0
2000,6,1,-5.55,1,NA,0,NA,0,NA,0,NA,0,NA,NA,0
2000,6,2,-2.7,1,NA,0,NA,0,NA,0,NA,0,NA,NA,0
2000,6,3,0.4,0.875,NA,0,NA,0,NA,0,NA,0,NA,NA,0
2000,6,4,-0.21,0.875,NA,0,NA,0,NA,0,NA,0,NA,NA,0
2000,6,5,2.28,1,NA,0,NA,0,NA,0,NA,0,NA,NA,0
2000,6,6,-0.24,1,NA,0,NA,0,NA,0,NA,0,NA,NA,0
2000,6,7,-0.11,0.875,NA,0,NA,0,NA,0,NA,0,NA,NA,0
2000,6,8,-1.2,0.875,NA,0,NA,0,NA,0,NA,0,NA,NA,0
2000,6,9,-1.29,1,NA,0,NA,0,NA,0,NA,0,NA,NA,0
2000,6,10,-3.21,1,NA,0,NA,0,NA,0,NA,0,NA,NA,0
2000,6,11,-4.23,0.875,NA,0,NA,0,NA,0,NA,0,NA,NA,0
2000,6,12,-2.69,0.875,NA,0,NA,0,NA,0,NA,0,NA,NA,0
2000,6,13,-3.15,1,NA,0,NA,0,NA,0,NA,0,NA,NA,0
2000,6,14,-4.23,1,NA,0,NA,0,NA,0,NA,0,NA,NA,0
2000,6,15,-4.88,1,NA,0,NA,0,NA,0,NA,0,NA,NA,0
2000,6,16,-3.43,0.875,NA,0,NA,0,NA,0,NA,0,NA,NA,0
2000,6,17,-1.49,0.875,NA,0,NA,0,NA,0,NA,0,NA,NA,0
2000,6,18,0,1,NA,0,NA,0,NA,0,NA,0,NA,NA,0
2000,6,19,-1.55,1,NA,0,NA,0,NA,0,NA,0,NA,NA,0
2000,6,20,-1.74,0.875,NA,0,NA,0,NA,0,NA,0,NA,NA,0
2000,6,21,-2.91,0.875,NA,0,NA,0,NA,0,NA,0,NA,NA,0
2000,6,22,-5.26,0.875,NA,0,NA,0,NA,0,NA,0,NA,NA,0
2000,6,23,-5.6,1,NA,0,NA,0,NA,0,NA,0,NA,NA,0
2000,6,24,-4.74,1,NA,0,NA,0,NA,0,NA,0,NA,NA,0
2000,6,25,-4.51,0.875,NA,0,NA,0,NA,0,NA,0,NA,NA,0
2000,6,26,-4.46,0.875,NA,0,NA,0,NA,0,NA,0,NA,NA,0
2000,6,27,-5.1,1,NA,0,NA,0,NA,0,NA,0,NA,NA,0
2000,6,28,-5.84,1,NA,0,NA,0,NA,0,NA,0,NA,NA,0
2000,6,29,-7.47,0.875,NA,0,NA,0,NA,0,NA,0,NA,NA,0
2000,6,30,-2.91,0.875,NA,0,NA,0,NA,0,NA,0,NA,NA,0
2000,7,1,-2.99,0.875,NA,0,NA,0,NA,0,NA,0,NA,NA,0
2000,7,2,-4.5,1,NA,0,NA,0,NA,0,NA,0,NA,NA,0
2000,7,3,-2.8,1,NA,0,NA,0,NA,0,NA,0,NA,NA,0
2000,7,4,-5.67,0.875,NA,0,NA,0,NA,0,NA,0,NA,NA,0
2000,7,5,-6.83,0.875,NA,0,NA,0,NA,0,NA,0,NA,NA,0
2000,7,6,-7.91,1,NA,0,NA,0,NA,0,NA,0,NA,NA,0
2000,7,7,-5.83,1,NA,0,NA,0,NA,0,NA,0,NA,NA,0
2000,7,8,-5.74,0.875,NA,0,NA,0,NA,0,NA,0,NA,NA,0
2000,7,9,-3.7,0.875,NA,0,NA,0,NA,0,NA,0,NA,NA,0
2000,7,10,-2.15,0.75,NA,0,NA,0,NA,0,NA,0,NA,NA,0
2000,7,11,-2.2,1,NA,0,NA,0,NA,0,NA,0,NA,NA,0
2000,7,12,-0.04,1,NA,0,NA,0,NA,0,NA,0,NA,NA,0
2000,7,13,-0.91,0.875,NA,0,NA,0,NA,0,NA,0,NA,NA,0
2000,7,14,-2.67,0.875,NA,0,NA,0,NA,0,NA,0,NA,NA,0
2000,7,15,0.61,1,NA,0,NA,0,NA,0,NA,0,NA,NA,0
2000,7,16,-1.5,1,NA,0,NA,0,NA,0,NA,0,NA,NA,0
2000,7,17,-4.44,0.875,NA,0,NA,0,NA,0,NA,0,NA,NA,0
2000,7,18,-2.9,0.875,NA,0,NA,0,NA,0,NA,0,NA,NA,0
2000,7,19,-4.63,0.875,NA,0,NA,0,NA,0,NA,0,NA,NA,0
2000,7,20,-3.94,1,NA,0,NA,0,NA,0,NA,0,NA,NA,0
2000,7,21,-3.54,1,NA,0,NA,0,NA,0,NA,0,NA,NA,0
2000,7,22,-5.87,0.875,NA,0,NA,0,NA,0,NA,0,NA,NA,0
2000,7,23,-6.49,0.875,NA,0,NA,0,NA,0,NA,0,NA,NA,0
2000,7,24,-7.74,1,NA,0,NA,0,NA,0,NA,0,NA,NA,0
2000,7,25,-2.91,1,NA,0,NA,0,NA,0,NA,0,NA,NA,0
2000,7,26,0.23,0.875,NA,0,NA,0,NA,0,NA,0,NA,NA,0
2000,7,27,0.96,0.875,NA,0,NA,0,NA,0,NA,0,NA,NA,0
2000,7,28,-2.13,1,NA,0,NA,0,NA,0,NA,0,NA,NA,0
2000,7,29,-3.35,1,NA,0,NA,0,NA,0,NA,0,NA,NA,0
2000,7,30,-2.61,0.875,NA,0,NA,0,NA,0,NA,0,NA,NA,0
2000,7,31,-0.23,0.875,NA,0,NA,0,NA,0,NA,0,NA,NA,0
2000,8,1,-2.41,0.875,NA,0,NA,0,NA,0,NA,0,NA,NA,0
2000,8,2,-3.33,0.875,NA,0,NA,0,NA,0,NA,0,NA,NA,0
2000,8,3,-4.94,1,NA,0,NA,0,NA,0,NA,0,NA,NA,0
2000,8,4,-7.67,0.875,NA,0,NA,0,NA,0,NA,0,NA,NA,0
2000,8,5,-8.6,0.875,NA,0,NA,0,NA,0,NA,0,NA,NA,0
2000,8,6,-7.05,1,NA,0,NA,0,NA,0,NA,0,NA,NA,0
2000,8,7,-6.84,1,NA,0,NA,0,NA,0,NA,0,NA,NA,0
2000,8,8,-3.8,1,NA,0,NA,0,NA,0,NA,0,NA,NA,0
2000,8,9,-5.93,0.875,NA,0,NA,0,NA,0,NA,0,NA,NA,0
2000,8,10,NA,0.625,NA,0,NA,0,NA,0,NA,0,NA,NA,0
2000,8,11,-1.53,1,NA,0,NA,0,NA,0,NA,0,NA,NA,0
2000,8,12,-1.63,0.875,NA,0,NA,0,NA,0,NA,0,NA,NA,0
2000,8,13,-2.36,0.875,NA,0,NA,0,NA,0,NA,0,NA,NA,0
2000,8,14,-2.5,0.875,NA,0,NA,0,NA,0,NA,0,NA,NA,0
2000,8,15,-3.55,1,NA,0,NA,0,NA,0,NA,0,NA,NA,0
2000,8,16,-4.21,1,NA,0,NA,0,NA,0,NA,0,NA,NA,0
2000,8,17,-5.34,0.875,NA,0,NA,0,NA,0,NA,0,NA,NA,0
2000,8,18,-7.57,0.875,NA,0,NA,0,NA,0,NA,0,NA,NA,0
2000,8,19,-9.46,1,NA,0,NA,0,NA,0,NA,0,NA,NA,0
2000,8,20,-7.79,1,NA,0,NA,0,NA,0,NA,0,NA,NA,0
2000,8,21,-6.76,0.875,NA,0,NA,0,NA,0,NA,0,NA,NA,0
2000,8,22,-11.23,0.75,NA,0,NA,0,NA,0,NA,0,NA,NA,0
2000,8,23,-11.03,0.875,NA,0,NA,0,NA,0,NA,0,NA,NA,0
2000,8,24,-9.34,1,NA,0,NA,0,NA,0,NA,0,NA,NA,0
2000,8,25,-6.26,1,NA,0,NA,0,NA,0,NA,0,NA,NA,0
2000,8,26,-6.91,0.875,NA,0,NA,0,NA,0,NA,0,NA,NA,0
2000,8,27,-6.87,0.875,NA,0,NA,0,NA,0,NA,0,NA,NA,0
2000,8,28,-8.26,0.875,NA,0,NA,0,NA,0,NA,0,NA,NA,0
2000,8,29,-0.64,1,NA,0,NA,0,NA,0,NA,0,NA,NA,0
2000,8,30,-0.49,0.875,NA,0,NA,0,NA,0,NA,0,NA,NA,0
2000,8,31,-1.13,0.875,NA,0,NA,0,NA,0,NA,0,NA,NA,0
2000,9,1,-1.97,0.875,NA,0,NA,0,NA,0,NA,0,NA,NA,0
2000,9,2,-1.83,1,NA,0,NA,0,NA,0,NA,0,NA,NA,0
2000,9,3,-2.61,1,NA,0,NA,0,NA,0,NA,0,NA,NA,0
2000,9,4,-3.56,0.875,NA,0,NA,0,NA,0,NA,0,NA,NA,0
2000,9,5,-3.66,0.875,NA,0,NA,0,NA,0,NA,0,NA,NA,0
2000,9,6,-4.99,1,NA,0,NA,0,NA,0,NA,0,NA,NA,0
2000,9,7,-6.04,1,NA,0,NA,0,NA,0,NA,0,NA,NA,0
2000,9,8,-6.48,1,NA,0,NA,0,NA,0,NA,0,NA,NA,0
2000,9,9,-5.49,0.875,NA,0,NA,0,NA,0,NA,0,NA,NA,0
2000,9,10,-5.49,0.875,NA,0,NA,0,NA,0,NA,0,NA,NA,0
2000,9,11,-11.26,0.875,NA,0,NA,0,NA,0,NA,0,NA,NA,0
2000,9,12,-10.46,1,NA,0,NA,0,NA,0,NA,0,NA,NA,0
2000,9,13,-6.39,0.875,NA,0,NA,0,NA,0,NA,0,NA,NA,0
2000,9,14,-2.44,0.875,NA,0,NA,0,NA,0,NA,0,NA,NA,0
2000,9,15,-6.04,0.875,NA,0,NA,0,NA,0,NA,0,NA,NA,0
2000,9,16,-11.87,0.875,NA,0,NA,0,NA,0,NA,0,NA,NA,0
2000,9,17,-16.94,0.875,NA,0,NA,0,NA,0,NA,0,NA,NA,0
2000,9,18,-15.27,0.875,NA,0,NA,0,NA,0,NA,0,NA,NA,0
2000,9,19,-14.44,1,NA,0,NA,0,NA,0,NA,0,NA,NA,0
2000,9,20,-13.71,1,NA,0,NA,0,NA,0,NA,0,NA,NA,0
2000,9,21,-9.34,1,NA,0,NA,0,NA,0,NA,0,NA,NA,0
2000,9,22,-8.31,0.875,NA,0,NA,0,NA,0,NA,0,NA,NA,0
2000,9,23,-9.07,0.875,NA,0,NA,0,NA,0,NA,0,NA,NA,0
2000,9,24,-8.48,1,NA,0,NA,0,NA,0,NA,0,NA,NA,0
2000,9,25,-1.67,0.875,NA,0,NA,0,NA,0,NA,0,NA,NA,0
2000,9,26,-0.5,0.875,NA,0,NA,0,NA,0,NA,0,NA,NA,0
2000,9,27,NA,0.625,NA,0,NA,0,NA,0,NA,0,NA,NA,0
2000,9,28,-6.61,1,NA,0,NA,0,NA,0,NA,0,NA,NA,0
2000,9,29,-3.71,1,NA,0,NA,0,NA,0,NA,0,NA,NA,0
2000,9,30,-1.16,0.875,NA,0,NA,0,NA,0,NA,0,NA,NA,0
2000,10,1,-2.06,0.875,NA,0,NA,0,NA,0,NA,0,NA,NA,0
2000,10,2,-1.44,0.875,NA,0,NA,0,NA,0,NA,0,NA,NA,0
2000,10,3,-1.57,1,NA,0,NA,0,NA,0,NA,0,NA,NA,0
2000,10,4,-3.19,1,NA,0,NA,0,NA,0,NA,0,NA,NA,0
2000,10,5,NA,0.375,NA,0,NA,0,NA,0,NA,0,NA,NA,0
2000,10,6,-0.43,0.875,NA,0,NA,0,NA,0,NA,0,NA,NA,0
2000,10,7,1.31,1,NA,0,NA,0,NA,0,NA,0,NA,NA,0
2000,10,8,0.96,1,NA,0,NA,0,NA,0,NA,0,NA,NA,0
2000,10,9,0.96,1,NA,0,NA,0,NA,0,NA,0,NA,NA,0
2000,10,10,1.31,0.875,NA,0,NA,0,NA,0,NA,0,NA,NA,0
2000,10,11,-1.13,0.875,NA,0,NA,0,NA,0,NA,0,NA,NA,0
2000,10,12,-2.29,1,NA,0,NA,0,NA,0,NA,0,NA,NA,0
2000,10,13,-3.59,0.875,NA,0,NA,0,NA,0,NA,0,NA,NA,0
2000,10,14,-1.63,0.875,NA,0,NA,0,NA,0,NA,0,NA,NA,0
2000,10,15,0.23,0.875,NA,0,NA,0,NA,0,NA,0,NA,NA,0
2000,10,16,-1.74,1,NA,0,NA,0,NA,0,NA,0,NA,NA,0
2000,10,17,-2.16,1,NA,0,NA,0,NA,0,NA,0,NA,NA,0
2000,10,18,-2.41,0.875,NA,0,NA,0,NA,0,NA,0,NA,NA,0
2000,10,19,-3.08,0.75,NA,0,NA,0,NA,0,NA,0,NA,NA,0
2000,10,20,-3.2,0.875,NA,0,NA,0,NA,0,NA,0,NA,NA,0
2000,10,21,-1.39,0.875,NA,0,NA,0,NA,0,NA,0,NA,NA,0
2000,10,22,-1.83,0.875,NA,0,NA,0,NA,0,NA,0,NA,NA,0
2000,10,23,-1.49,0.875,NA,0,NA,0,NA,0,NA,0,NA,NA,0
2000,10,24,-2.06,0.875,NA,0,NA,0,NA,0,NA,0,NA,NA,0
2000,10,25,-0.99,1,NA,0,NA,0,NA,0,NA,0,NA,NA,0
2000,10,26,-1.44,1,NA,0,NA,0,NA,0,NA,0,NA,NA,0
2000,10,27,-1.87,1,NA,0,NA,0,NA,0,NA,0,NA,NA,0
2000,10,28,-1.63,0.75,NA,0,NA,0,NA,0,NA,0,NA,NA,0
2000,10,29,-3.77,0.875,NA,0,NA,0,NA,0,NA,0,NA,NA,0
2000,10,30,-6.53,1,NA,0,NA,0,NA,0,NA,0,NA,NA,0
2000,10,31,-5.88,1,NA,0,NA,0,NA,0,NA,0,NA,NA,0
2000,11,1,NA,0.625,NA,0,NA,0,NA,0,NA,0,NA,NA,0
2000,11,2,-0.11,0.875,NA,0,NA,0,NA,0,NA,0,NA,NA,0
2000,11,3,2.19,0.875,NA,0,NA,0,NA,0,NA,0,NA,NA,0
2000,11,4,0.35,1,NA,0,NA,0,NA,0,NA,0,NA,NA,0
2000,11,5,1.74,0.875,NA,0,NA,0,NA,0,NA,0,NA,NA,0
2000,11,6,-0.66,0.875,NA,0,NA,0,NA,0,NA,0,NA,NA,0
2000,11,7,-1.19,1,NA,0,NA,0,NA,0,NA,0,NA,NA,0
2000,11,8,-1.37,0.875,NA,0,NA,0,NA,0,NA,0,NA,NA,0
2000,11,9,-1.48,1,NA,0,NA,0,NA,0,NA,0,NA,NA,0
2000,11,10,-1.37,0.875,NA,0,NA,0,NA,0,NA,0,NA,NA,0
2000,11,11,-0.1,0.875,NA,0,NA,0,NA,0,NA,0,NA,NA,0
2000,11,12,-1.94,0.875,NA,0,NA,0,NA,0,NA,0,NA,NA,0
2000,11,13,-0.89,0.875,NA,0,NA,0,NA,0,NA,0,NA,NA,0
2000,11,14,-1.6,0.875,NA,0,NA,0,NA,0,NA,0,NA,NA,0
2000,11,15,-1.88,0.75,NA,0,NA,0,NA,0,NA,0,NA,NA,0
2000,11,16,-1.01,1,NA,0,NA,0,NA,0,NA,0,NA,NA,0
2000,11,17,-0.91,0.875,NA,0,NA,0,NA,0,NA,0,NA,NA,0
2000,11,18,NA,0.625,NA,0,NA,0,NA,0,NA,0,NA,NA,0
2000,11,19,-1.4,0.875,NA,0,NA,0,NA,0,NA,0,NA,NA,0
2000,11,20,-0.74,0.875,NA,0,NA,0,NA,0,NA,0,NA,NA,0
2000,11,21,-0.49,1,NA,0,NA,0,NA,0,NA,0,NA,NA,0
2000,11,22,-2.04,1,NA,0,NA,0,NA,0,NA,0,NA,NA,0
2000,11,23,0.43,0.875,NA,0,NA,0,NA,0,NA,0,NA,NA,0
2000,11,24,-0.67,0.875,NA,0,NA,0,NA,0,NA,0,NA,NA,0
2000,11,25,0.19,1,NA,0,NA,0,NA,0,NA,0,NA,NA,0
2000,11,26,0.13,0.875,NA,0,NA,0,NA,0,NA,0,NA,NA,0
2000,11,27,-0.21,0.875,NA,0,NA,0,NA,0,NA,0,NA,NA,0
2000,11,28,-1.33,0.875,NA,0,NA,0,NA,0,NA,0,NA,NA,0
2000,11,29,-0.76,1,NA,0,NA,0,NA,0,NA,0,NA,NA,0
2000,11,30,-0.34,1,NA,0,NA,0,NA,0,NA,0,NA,NA,0
2000,12,1,0.41,1,NA,0,NA,0,NA,0,NA,0,NA,NA,0
2000,12,2,-0.07,0.875,NA,0,NA,0,NA,0,NA,0,NA,NA,0
2000,12,3,1.26,0.875,NA,0,NA,0,NA,0,NA,0,NA,NA,0
2000,12,4,1.01,1,NA,0,NA,0,NA,0,NA,0,NA,NA,0
2000,12,5,1.72,0.75,NA,0,NA,0,NA,0,NA,0,NA,NA,0
2000,12,6,0.73,0.875,NA,0,NA,0,NA,0,NA,0,NA,NA,0
2000,12,7,0.99,0.875,NA,0,NA,0,NA,0,NA,0,NA,NA,0
2000,12,8,-0.16,0.875,NA,0,NA,0,NA,0,NA,0,NA,NA,0
2000,12,9,-0.01,1,NA,0,NA,0,NA,0,NA,0,NA,NA,0
2000,12,10,0.67,0.75,NA,0,NA,0,NA,0,NA,0,NA,NA,0
2000,12,11,NA,0.625,NA,0,NA,0,NA,0,NA,0,NA,NA,0
2000,12,12,0.96,0.875,NA,0,NA,0,NA,0,NA,0,NA,NA,0
2000,12,13,1.21,0.875,NA,0,NA,0,NA,0,NA,0,NA,NA,0
2000,12,14,0.59,0.875,NA,0,NA,0,NA,0,NA,0,NA,NA,0
2000,12,15,NA,0.625,NA,0,NA,0,NA,0,NA,0,NA,NA,0
2000,12,16,1.16,0.875,NA,0,NA,0,NA,0,NA,0,NA,NA,0
2000,12,17,2.36,1,NA,0,NA,0,NA,0,NA,0,NA,NA,0
2000,12,18,1.65,0.75,NA,0,NA,0,NA,0,NA,0,NA,NA,0
2000,12,19,2.1,0.875,NA,0,NA,0,NA,0,NA,0,NA,NA,0
2000,12,20,1.52,0.75,NA,0,NA,0,NA,0,NA,0,NA,NA,0
2000,12,21,1.34,0.875,NA,0,NA,0,NA,0,NA,0,NA,NA,0
2000,12,22,0.39,1,NA,0,NA,0,NA,0,NA,0,NA,NA,0
2000,12,23,0.44,1,NA,0,NA,0,NA,0,NA,0,NA,NA,0
2000,12,24,1.59,0.875,NA,0,NA,0,NA,0,NA,0,NA,NA,0
2000,12,25,1.28,0.75,NA,0,NA,0,NA,0,NA,0,NA,NA,0
2000,12,26,2.1,1,NA,0,NA,0,NA,0,NA,0,NA,NA,0
2000,12,27,1.9,0.875,NA,0,NA,0,NA,0,NA,0,NA,NA,0
2000,12,28,NA,0.5,NA,0,NA,0,NA,0,NA,0,NA,NA,0
2000,12,29,1.82,0.75,NA,0,NA,0,NA,0,NA,0,NA,NA,0
2000,12,30,3.22,1,NA,0,NA,0,NA,0,NA,0,NA,NA,0
2000,12,31,1.85,1,NA,0,NA,0,NA,0,NA,0,NA,NA,0
2001,1,1,0,0.875,NA,0,NA,0,NA,0,NA,0,NA,NA,0
2001,1,2,-0.54,0.875,NA,0,NA,0,NA,0,NA,0,NA,NA,0
2001,1,3,0.84,0.875,NA,0,NA,0,NA,0,NA,0,NA,NA,0
2001,1,4,2.91,1,NA,0,NA,0,NA,0,NA,0,NA,NA,0
2001,1,5,2.41,1,NA,0,NA,0,NA,0,NA,0,NA,NA,0
2001,1,6,2.61,0.875,NA,0,NA,0,NA,0,NA,0,NA,NA,0
2001,1,7,2.1,0.875,NA,0,NA,0,NA,0,NA,0,NA,NA,0
2001,1,8,3.53,0.75,NA,0,NA,0,NA,0,NA,0,NA,NA,0
2001,1,9,3.14,1,NA,0,NA,0,NA,0,NA,0,NA,NA,0
2001,1,10,2.23,0.875,NA,0,NA,0,NA,0,NA,0,NA,NA,0
2001,1,11,2.07,0.875,NA,0,NA,0,NA,0,NA,0,NA,NA,0
2001,1,12,1.66,0.875,NA,0,NA,0,NA,0,NA,0,NA,NA,0
2001,1,13,2.63,0.875,NA,0,NA,0,NA,0,NA,0,NA,NA,0
2001,1,14,2.43,0.875,NA,0,NA,0,NA,0,NA,0,NA,NA,0
2001,1,15,2.81,0.875,NA,0,NA,0,NA,0,NA,0,NA,NA,0
2001,1,16,2.42,0.75,NA,0,NA,0,NA,0,NA,0,NA,NA,0
2001,1,17,0.64,1,NA,0,NA,0,NA,0,NA,0,NA,NA,0
2001,1,18,1.61,1,NA,0,NA,0,NA,0,NA,0,NA,NA,0
2001,1,19,2.91,0.875,NA,0,NA,0,NA,0,NA,0,NA,NA,0
2001,1,20,2.69,0.875,NA,0,NA,0,NA,0,NA,0,NA,NA,0
2001,1,21,2.71,1,NA,0,NA,0,NA,0,NA,0,NA,NA,0
2001,1,22,2.61,1,NA,0,NA,0,NA,0,NA,0,NA,NA,0
2001,1,23,2.67,0.875,NA,0,NA,0,NA,0,NA,0,NA,NA,0
2001,1,24,2.26,0.875,NA,0,NA,0,NA,0,NA,0,NA,NA,0
2001,1,25,1.65,0.75,NA,0,NA,0,NA,0,NA,0,NA,NA,0
2001,1,26,2.41,1,NA,0,NA,0,NA,0,NA,0,NA,NA,0
2001,1,27,2.2,1,NA,0,NA,0,NA,0,NA,0,NA,NA,0
2001,1,28,2.34,0.875,NA,0,NA,0,NA,0,NA,0,NA,NA,0
2001,1,29,2.12,0.75,NA,0,NA,0,NA,0,NA,0,NA,NA,0
2001,1,30,2.46,1,NA,0,NA,0,NA,0,NA,0,NA,NA,0
2001,1,31,1.54,1,NA,0,NA,0,NA,0,NA,0,NA,NA,0
2001,2,1,1.82,0.75,NA,0,NA,0,NA,0,NA,0,NA,NA,0
2001,2,2,NA,0,NA,0,NA,0,NA,0,NA,0,NA,NA,0
2001,2,3,NA,0.625,NA,0,NA,0,NA,0,NA,0,NA,NA,0
2001,2,4,3.15,1,NA,0,NA,0,NA,0,NA,0,NA,NA,0
2001,2,5,2.32,1,NA,0,NA,0,NA,0,NA,0,NA,NA,0
2001,2,6,2.03,0.875,NA,0,NA,0,NA,0,NA,0,NA,NA,0
2001,2,7,1.12,0.75,NA,0,NA,0,NA,0,NA,0,NA,NA,0
2001,2,8,1.8,1,NA,0,NA,0,NA,0,NA,0,NA,NA,0
2001,2,9,3.24,1,NA,0,NA,0,NA,0,NA,0,NA,NA,0
2001,2,10,1.74,0.875,NA,0,NA,0,NA,0,NA,0,NA,NA,0
2001,2,11,NA,0.625,NA,0,NA,0,NA,0,NA,0,NA,NA,0
2001,2,12,2.21,1,NA,0,NA,0,NA,0,NA,0,NA,NA,0
2001,2,13,NA,0.125,NA,0,NA,0,NA,0,NA,0,NA,NA,0
2001,2,14,1.97,0.75,NA,0,NA,0,NA,0,NA,0,NA,NA,0
2001,2,15,1.58,1,NA,0,NA,0,NA,0,NA,0,NA,NA,0
2001,2,16,2.08,1,NA,0,NA,0,NA,0,NA,0,NA,NA,0
2001,2,17,1.35,1,NA,0,NA,0,NA,0,NA,0,NA,NA,0
2001,2,18,0.64,1,NA,0,NA,0,NA,0,NA,0,NA,NA,0
2001,2,19,0.63,1,NA,0,NA,0,NA,0,NA,0,NA,NA,0
2001,2,20,2.47,0.875,NA,0,NA,0,NA,0,NA,0,NA,NA,0
2001,2,21,2.02,0.75,NA,0,NA,0,NA,0,NA,0,NA,NA,0
2001,2,22,1.57,0.875,NA,0,NA,0,NA,0,NA,0,NA,NA,0
2001,2,23,1.15,1,NA,0,NA,0,NA,0,NA,0,NA,NA,0
2001,2,24,1.63,1,NA,0,NA,0,NA,0,NA,0,NA,NA,0
2001,2,25,2.08,1,NA,0,NA,0,NA,0,NA,0,NA,NA,0
2001,2,26,4.77,1,NA,0,NA,0,NA,0,NA,0,NA,NA,0
2001,2,27,4.77,0.875,NA,0,NA,0,NA,0,NA,0,NA,NA,0
2001,2,28,2.31,0.875,NA,0,NA,0,NA,0,NA,0,NA,NA,0
2001,3,1,3.8,0.75,NA,0,NA,0,NA,0,NA,0,NA,NA,0
2001,3,2,2.44,0.875,NA,0,NA,0,NA,0,NA,0,NA,NA,0
2001,3,3,2.08,1,NA,0,NA,0,NA,0,NA,0,NA,NA,0
2001,3,4,1.29,0.875,NA,0,NA,0,NA,0,NA,0,NA,NA,0
2001,3,5,NA,0.125,NA,0,NA,0,NA,0,NA,0,NA,NA,0
2001,3,6,2.2,0.875,NA,0,NA,0,NA,0,NA,0,NA,NA,0
2001,3,7,2.05,1,NA,0,NA,0,NA,0,NA,0,NA,NA,0
2001,3,8,0.99,1,NA,0,NA,0,NA,0,NA,0,NA,NA,0
2001,3,9,NA,0.125,NA,0,NA,0,NA,0,NA,0,NA,NA,0
2001,3,10,0.86,1,NA,0,NA,0,NA,0,NA,0,NA,NA,0
2001,3,11,0.16,1,NA,0,NA,0,NA,0,NA,0,NA,NA,0
2001,3,12,2.25,1,NA,0,NA,0,NA,0,NA,0,NA,NA,0
2001,3,13,2.53,1,NA,0,NA,0,NA,0,NA,0,NA,NA,0
2001,3,14,NA,0.625,NA,0,NA,0,NA,0,NA,0,NA,NA,0
2001,3,15,2.32,1,NA,0,NA,0,NA,0,NA,0,NA,NA,0
2001,3,16,3.44,0.875,NA,0,NA,0,NA,0,NA,0,NA,NA,0
2001,3,17,3.75,1,NA,0,NA,0,NA,0,NA,0,NA,NA,0
2001,3,18,1.5,1,NA,0,NA,0,NA,0,NA,0,NA,NA,0
2001,3,19,0.84,1,NA,0,NA,0,NA,0,NA,0,NA,NA,0
2001,3,20,1.04,0.875,NA,0,NA,0,NA,0,NA,0,NA,NA,0
2001,3,21,1.58,1,NA,0,NA,0,NA,0,NA,0,NA,NA,0
2001,3,22,1.31,0.875,NA,0,NA,0,NA,0,NA,0,NA,NA,0
2001,3,23,1.59,1,NA,0,NA,0,NA,0,NA,0,NA,NA,0
2001,3,24,NA,0.125,NA,0,NA,0,NA,0,NA,0,NA,NA,0
2001,3,25,2.03,1,NA,0,NA,0,NA,0,NA,0,NA,NA,0
2001,3,26,1.83,1,NA,0,NA,0,NA,0,NA,0,NA,NA,0
2001,3,27,2.68,1,NA,0,NA,0,NA,0,NA,0,NA,NA,0
2001,3,28,1.56,0.875,NA,0,NA,0,NA,0,NA,0,NA,NA,0
2001,3,29,0.3,1,NA,0,NA,0,NA,0,NA,0,NA,NA,0
2001,3,30,-0.81,1,NA,0,NA,0,NA,0,NA,0,NA,NA,0
2001,3,31,0.51,1,NA,0,NA,0,NA,0,NA,0,NA,NA,0
2001,4,1,-0.35,1,NA,0,NA,0,NA,0,NA,0,NA,NA,0
2001,4,2,-0.51,1,NA,0,NA,0,NA,0,NA,0,NA,NA,0
2001,4,3,-0.68,1,NA,0,NA,0,NA,0,NA,0,NA,NA,0
2001,4,4,-1.31,1,NA,0,NA,0,NA,0,NA,0,NA,NA,0
2001,4,5,-0.84,1,NA,0,NA,0,NA,0,NA,0,NA,NA,0
2001,4,6,0.15,1,NA,0,NA,0,NA,0,NA,0,NA,NA,0
2001,4,7,0.56,1,NA,0,NA,0,NA,0,NA,0,NA,NA,0
2001,4,8,0.08,1,NA,0,NA,0,NA,0,NA,0,NA,NA,0
2001,4,9,0.72,1,NA,0,NA,0,NA,0,NA,0,NA,NA,0
2001,4,10,-0.98,1,NA,0,NA,0,NA,0,NA,0,NA,NA,0
2001,4,11,-2.89,1,NA,0,NA,0,NA,0,NA,0,NA,NA,0
2001,4,12,-2.73,1,NA,0,NA,0,NA,0,NA,0,NA,NA,0
2001,4,13,-2.56,1,NA,0,NA,0,NA,0,NA,0,NA,NA,0
2001,4,14,-2.7,1,NA,0,NA,0,NA,0,NA,0,NA,NA,0
2001,4,15,-0.64,1,NA,0,NA,0,NA,0,NA,0,NA,NA,0
2001,4,16,1.29,1,NA,0,NA,0,NA,0,NA,0,NA,NA,0
2001,4,17,-0.27,1,NA,0,NA,0,NA,0,NA,0,NA,NA,0
2001,4,18,0.18,1,NA,0,NA,0,NA,0,NA,0,NA,NA,0
2001,4,19,2.45,1,NA,0,NA,0,NA,0,NA,0,NA,NA,0
2001,4,20,2.4,1,NA,0,NA,0,NA,0,NA,0,NA,NA,0
2001,4,21,-1.35,1,NA,0,NA,0,NA,0,NA,0,NA,NA,0
2001,4,22,-2.41,1,NA,0,NA,0,NA,0,NA,0,NA,NA,0
2001,4,23,-3.41,1,NA,0,NA,0,NA,0,NA,0,NA,NA,0
2001,4,24,-4.06,1,NA,0,NA,0,NA,0,NA,0,NA,NA,0
2001,4,25,-3.72,1,NA,0,NA,0,NA,0,NA,0,NA,NA,0
2001,4,26,-4.5,1,NA,0,NA,0,NA,0,NA,0,NA,NA,0
2001,4,27,-3.99,1,NA,0,NA,0,NA,0,NA,0,NA,NA,0
2001,4,28,-2.13,1,NA,0,NA,0,NA,0,NA,0,NA,NA,0
2001,4,29,-0.39,1,NA,0,NA,0.375,NA,0.625,NA,0,NA,NA,0.375
2001,4,30,-0.79,1,NA,0,NA,0.625,66.75,1,NA,0,NA,NA,0.625
2001,5,1,0.28,1,NA,0,NA,0,NA,0,NA,0,NA,NA,0
2001,5,2,-0.57,0.875,NA,0,NA,0,NA,0,NA,0,NA,NA,0
2001,5,3,0.35,1,NA,0,NA,0,NA,0,NA,0,NA,NA,0
2001,5,4,1.38,1,NA,0,NA,0,NA,0,NA,0,NA,NA,0
2001,5,5,1.08,1,NA,0,NA,0,NA,0,NA,0,NA,NA,0
2001,5,6,0.86,1,NA,0,NA,0,NA,0,NA,0,NA,NA,0
2001,5,7,0.1,1,NA,0,NA,0,NA,0,NA,0,NA,NA,0
2001,5,8,0.77,1,NA,0,NA,0,NA,0,NA,0,NA,NA,0
2001,5,9,-0.14,1,NA,0,NA,0,NA,0,NA,0,NA,NA,0
2001,5,10,-0.54,1,NA,0,NA,0,NA,0,NA,0,NA,NA,0
2001,5,11,-1.05,1,NA,0,NA,0,NA,0,NA,0,NA,NA,0
2001,5,12,-0.51,1,NA,0,NA,0,NA,0,NA,0,NA,NA,0
2001,5,13,2.03,0.75,NA,0,NA,0,NA,0,NA,0,NA,NA,0
2001,5,14,2.71,1,NA,0,NA,0,NA,0,NA,0,NA,NA,0
2001,5,15,3.16,0.875,NA,0,NA,0,NA,0,NA,0,NA,NA,0
2001,5,16,4.31,1,NA,0,NA,0,NA,0,NA,0,NA,NA,0
2001,5,17,2.2,0.875,NA,0,NA,0,NA,0,NA,0,NA,NA,0
2001,5,18,2.46,1,NA,0,NA,0,NA,0,NA,0,NA,NA,0
2001,5,19,1.46,1,NA,0,NA,0,NA,0,NA,0,NA,NA,0
2001,5,20,1.2,1,NA,0,NA,0,NA,0,NA,0,NA,NA,0
2001,5,21,0.93,1,NA,0,NA,0,NA,0,NA,0,NA,NA,0
2001,5,22,-0.3,1,NA,0,NA,0,NA,0,NA,0,NA,NA,0
2001,5,23,-2.41,1,NA,0,NA,0,NA,0,NA,0,NA,NA,0
2001,5,24,-2.11,1,NA,0,NA,0,NA,0,NA,0,NA,NA,0
2001,5,25,-3.69,1,NA,0,NA,0,NA,0,NA,0,NA,NA,0
2001,5,26,-2.96,1,NA,0,NA,0,NA,0,NA,0,NA,NA,0
2001,5,27,-2.65,1,NA,0,NA,0,NA,0,NA,0,NA,NA,0
2001,5,28,-0.06,1,NA,0,NA,0,NA,0,NA,0,NA,NA,0
2001,5,29,-0.9,1,NA,0,NA,0,NA,0,NA,0,NA,NA,0
2001,5,30,-3.05,1,NA,0,NA,0,NA,0,NA,0,NA,NA,0
2001,5,31,-3.86,1,NA,0,NA,0,NA,0,NA,0,NA,NA,0
2001,6,1,-5.39,1,NA,0,4.81,1,205,1,NA,0,2.48,210.26,1
2001,6,2,-3.84,1,NA,0,3.21,1,96.38,1,NA,0,2.07,73.74,1
2001,6,3,-5.44,1,NA,0,2.67,1,115.75,1,NA,0,1.9,32.3,1
2001,6,4,-5.6,1,NA,0,2.59,1,135.88,1,NA,0,1.26,94.18,1
2001,6,5,-6.3,0.875,NA,0,1.81,0.875,256.71,0.875,NA,0,1.58,258.92,0.875
2001,6,6,-5.56,0.875,NA,0,3.33,0.875,87.29,0.875,NA,0,2.44,76.74,0.875
2001,6,7,-5.39,1,NA,0,3.04,1,210.5,1,NA,0,1.48,212.91,1
2001,6,8,-4.97,0.875,NA,0,3.5,0.875,185.57,0.875,NA,0,2.73,214.56,0.875
2001,6,9,-4.61,1,NA,0,NA,0.5,63.5,1,NA,0,NA,NA,0.5
2001,6,10,-3.46,1,NA,0,1.71,0.875,154,1,NA,0,1.01,121.23,0.875
2001,6,11,-2.5,1,NA,0,4.33,0.75,85.62,1,NA,0,2.49,70.02,0.75
2001,6,12,-1.92,1,NA,0,2.45,0.75,139.25,1,NA,0,2.08,158.88,0.75
2001,6,13,-0.77,1,NA,0,NA,0.125,NA,0.25,NA,0,NA,NA,0.125
2001,6,14,-1.31,1,NA,0,NA,0,NA,0,NA,0,NA,NA,0
2001,6,15,-0.85,1,NA,0,NA,0,NA,0,NA,0,NA,NA,0
2001,6,16,-1.83,1,NA,0,NA,0,NA,0,NA,0,NA,NA,0
2001,6,17,-2.65,1,NA,0,NA,0,NA,0,NA,0,NA,NA,0
2001,6,18,-3.59,1,NA,0,NA,0,NA,0,NA,0,NA,NA,0
2001,6,19,-2.78,1,NA,0,NA,0,NA,0,NA,0,NA,NA,0
2001,6,20,-4.21,1,NA,0,NA,0,NA,0,NA,0,NA,NA,0
2001,6,21,-4.59,0.875,NA,0,NA,0,NA,0,NA,0,NA,NA,0
2001,6,22,-7.94,1,NA,0,NA,0,NA,0,NA,0,NA,NA,0
2001,6,23,-5.55,1,NA,0,NA,0,NA,0,NA,0,NA,NA,0
2001,6,24,-3.61,0.875,NA,0,NA,0,NA,0,NA,0,NA,NA,0
2001,6,25,-6.03,1,NA,0,NA,0,NA,0,NA,0,NA,NA,0
2001,6,26,-2.73,1,NA,0,NA,0,NA,0,NA,0,NA,NA,0
2001,6,27,-3.93,1,NA,0,NA,0,NA,0,NA,0,NA,NA,0
2001,6,28,-4,1,NA,0,NA,0,NA,0,NA,0,NA,NA,0
2001,6,29,-2.61,0.875,NA,0,NA,0,NA,0,NA,0,NA,NA,0
2001,6,30,1.25,1,NA,0,NA,0.125,NA,0.125,NA,0,NA,NA,0.125
2001,7,1,-2.48,1,NA,0,NA,0,NA,0,NA,0,NA,NA,0
2001,7,2,-5.34,1,NA,0,NA,0,NA,0,NA,0,NA,NA,0
2001,7,3,-4.5,1,NA,0,NA,0,NA,0,NA,0,NA,NA,0
2001,7,4,-3.64,1,NA,0,NA,0,NA,0,NA,0,NA,NA,0
2001,7,5,-4.76,1,NA,0,NA,0,NA,0,NA,0,NA,NA,0
2001,7,6,-10.52,0.75,NA,0,NA,0,NA,0,NA,0,NA,NA,0
2001,7,7,-9.01,1,NA,0,NA,0,NA,0,NA,0,NA,NA,0
2001,7,8,-3.81,1,NA,0,NA,0,NA,0,NA,0,NA,NA,0
2001,7,9,-7.67,0.75,NA,0,NA,0,NA,0,NA,0,NA,NA,0
2001,7,10,-8.8,1,NA,0,NA,0,NA,0,NA,0,NA,NA,0
2001,7,11,-6.67,0.75,NA,0,NA,0,NA,0,NA,0,NA,NA,0
2001,7,12,-3.39,1,NA,0,NA,0,NA,0,NA,0,NA,NA,0
2001,7,13,-3.91,1,NA,0,NA,0,NA,0,NA,0,NA,NA,0
2001,7,14,-6.31,1,NA,0,NA,0,NA,0,NA,0,NA,NA,0
2001,7,15,-5.31,0.875,NA,0,NA,0,NA,0,NA,0,NA,NA,0
2001,7,16,-6.68,1,NA,0,NA,0,NA,0,NA,0,NA,NA,0
2001,7,17,-8.49,1,NA,0,NA,0,NA,0,NA,0,NA,NA,0
2001,7,18,-8.63,1,NA,0,NA,0,NA,0,NA,0,NA,NA,0
2001,7,19,-9.79,1,NA,0,NA,0,NA,0,NA,0,NA,NA,0
2001,7,20,-10.18,1,NA,0,NA,0,NA,0,NA,0,NA,NA,0
2001,7,21,-9.15,1,NA,0,NA,0,NA,0,NA,0,NA,NA,0
2001,7,22,-6.35,1,NA,0,NA,0,NA,0,NA,0,NA,NA,0
2001,7,23,-1.08,1,NA,0,NA,0,NA,0,NA,0,NA,NA,0
2001,7,24,-0.95,1,NA,0,NA,0,NA,0,NA,0,NA,NA,0
2001,7,25,-3.11,1,NA,0,NA,0,NA,0,NA,0,NA,NA,0
2001,7,26,-7.41,1,NA,0,NA,0,NA,0,NA,0,NA,NA,0
2001,7,27,-8.13,1,NA,0,NA,0,NA,0,NA,0,NA,NA,0
2001,7,28,-6.71,1,NA,0,NA,0,NA,0,NA,0,NA,NA,0
2001,7,29,-9.09,1,NA,0,NA,0,NA,0,NA,0,NA,NA,0
2001,7,30,-6.63,0.75,NA,0,NA,0,NA,0,NA,0,NA,NA,0
2001,7,31,-0.25,1,NA,0,NA,0,NA,0,NA,0,NA,NA,0
2001,8,1,-2.83,1,NA,0,NA,0,NA,0,NA,0,NA,NA,0
2001,8,2,-7.83,1,NA,0,NA,0,NA,0,NA,0,NA,NA,0
2001,8,3,-4.51,1,NA,0,NA,0,NA,0,NA,0,NA,NA,0
2001,8,4,-0.01,1,NA,0,NA,0.25,NA,0.5,NA,0,NA,NA,0.25
2001,8,5,0.44,1,NA,0,NA,0.125,95,0.875,NA,0,NA,NA,0.125
2001,8,6,-2.38,0.75,NA,0,NA,0,NA,0.25,NA,0,NA,NA,0
2001,8,7,-6.5,1,NA,0,NA,0.125,NA,0.25,NA,0,NA,NA,0.125
2001,8,8,-13.24,0.875,NA,0,NA,0.5,NA,0.5,NA,0,NA,NA,0.5
2001,8,9,-5.01,0.875,NA,0,NA,0,NA,0,NA,0,NA,NA,0
2001,8,10,-1.9,1,NA,0,NA,0.125,NA,0.125,NA,0,NA,NA,0.125
2001,8,11,0.01,1,NA,0,NA,0.125,NA,0.25,NA,0,NA,NA,0.125
2001,8,12,-0.34,1,NA,0,NA,0.25,121.12,1,NA,0,NA,NA,0.25
2001,8,13,-4.77,0.75,NA,0,NA,0.625,82.57,0.875,NA,0,NA,NA,0.625
2001,8,14,NA,0.625,NA,0,NA,0.125,108,0.875,NA,0,NA,NA,0.125
2001,8,15,NA,0.625,NA,0,NA,0,NA,0.125,NA,0,NA,NA,0
2001,8,16,-13.5,1,NA,0,NA,0,NA,0,NA,0,NA,NA,0
2001,8,17,NA,0.625,NA,0,NA,0.375,NA,0.625,NA,0,NA,NA,0.375
2001,8,18,NA,0.625,NA,0,NA,0,NA,0,NA,0,NA,NA,0
2001,8,19,-0.45,1,NA,0,NA,0.125,NA,0.375,NA,0,NA,NA,0.125
2001,8,20,-5.67,0.75,NA,0,NA,0.25,NA,0.375,NA,0,NA,NA,0.25
2001,8,21,-2.88,1,NA,0,NA,0.125,126.38,1,NA,0,NA,NA,0.125
2001,8,22,-2.74,1,NA,0,NA,0.125,NA,0.625,NA,0,NA,NA,0.125
2001,8,23,-8.92,1,NA,0,NA,0,NA,0,NA,0,NA,NA,0
2001,8,24,-11.51,1,NA,0,1.08,0.75,64.83,0.75,NA,0,1.08,64.78,0.75
2001,8,25,-11.74,1,NA,0,0.4,0.875,69.29,0.875,NA,0,0.37,69.72,0.875
2001,8,26,-3.32,1,NA,0,0.76,1,99.25,1,NA,0,0.59,60.65,1
2001,8,27,-3.56,0.875,NA,0,NA,0.125,128,0.75,NA,0,NA,NA,0.125
2001,8,28,NA,0.625,NA,0,NA,0.5,NA,0.5,NA,0,NA,NA,0.5
2001,8,29,NA,0.625,NA,0,NA,0.375,99.5,0.75,NA,0,NA,NA,0.375
2001,8,30,0.05,0.75,NA,0,NA,0.25,208,1,NA,0,NA,NA,0.25
2001,8,31,-1.21,1,NA,0,NA,0.125,204.43,0.875,NA,0,NA,NA,0.125
2001,9,1,-2.71,0.875,NA,0,NA,0.25,NA,0.25,NA,0,NA,NA,0.25
2001,9,2,-10.74,1,NA,0,NA,0.125,NA,0.25,NA,0,NA,NA,0.125
2001,9,3,-11.73,1,NA,0,NA,0,NA,0,NA,0,NA,NA,0
2001,9,4,NA,0.625,NA,0,NA,0.125,NA,0.25,NA,0,NA,NA,0.125
2001,9,5,-1.34,1,NA,0,NA,0.125,111,0.875,NA,0,NA,NA,0.125
2001,9,6,-0.7,1,NA,0,NA,0.375,146.14,0.875,NA,0,NA,NA,0.375
2001,9,7,1.09,1,NA,0,NA,0.5,240.86,0.875,NA,0,NA,NA,0.5
2001,9,8,-0.73,1,NA,0,NA,0,197.88,1,NA,0,NA,NA,0
2001,9,9,-7.94,1,NA,0,3.25,1,128.5,1,NA,0,2.09,78.71,1
2001,9,10,-12,1,NA,0,4.2,0.875,72,1,NA,0,4.11,71.35,0.875
2001,9,11,NA,0.625,NA,0,NA,0.5,87.12,1,NA,0,NA,NA,0.5
2001,9,12,-12.01,0.875,NA,0,1.21,1,93.12,1,NA,0,1.17,90.94,1
2001,9,13,-7.61,1,NA,0,1.52,1,56.75,1,NA,0,1.49,56.42,1
2001,9,14,-9.31,1,NA,0,2.39,1,82,1,NA,0,2.28,79.99,1
2001,9,15,-7.41,0.875,NA,0,1.08,0.75,155,0.875,NA,0,0.56,79.11,0.75
2001,9,16,-3.25,1,NA,0,NA,0.125,78.38,1,NA,0,NA,NA,0.125
2001,9,17,-4.31,1,NA,0,NA,0.125,NA,0.375,NA,0,NA,NA,0.125
2001,9,18,-0.45,1,NA,0,NA,0.5,178.5,1,NA,0,NA,NA,0.5
2001,9,19,-2.01,1,NA,0,NA,0.125,157.83,0.75,NA,0,NA,NA,0.125
2001,9,20,0.65,1,NA,0,NA,0.125,191.12,1,NA,0,NA,NA,0.125
2001,9,21,-5.86,0.875,NA,0,NA,0.375,86.29,0.875,NA,0,NA,NA,0.375
2001,9,22,-13.33,1,NA,0,NA,0.125,NA,0.25,NA,0,NA,NA,0.125
2001,9,23,-7.45,0.75,NA,0,NA,0.125,NA,0.375,NA,0,NA,NA,0.125
2001,9,24,-3.77,0.875,NA,0,NA,0.25,90.38,1,NA,0,NA,NA,0.25
2001,9,25,-2.23,1,NA,0,NA,0.125,NA,0.625,NA,0,NA,NA,0.125
2001,9,26,-1.34,1,NA,0,NA,0,147.5,1,NA,0,NA,NA,0
2001,9,27,-0.59,1,NA,0,NA,0,87.12,1,NA,0,NA,NA,0
2001,9,28,1.23,1,NA,0,NA,0,89.62,1,NA,0,NA,NA,0
2001,9,29,-0.54,0.875,NA,0,NA,0.25,NA,0.625,NA,0,NA,NA,0.25
2001,9,30,-2.9,0.75,NA,0,NA,0.125,NA,0.5,NA,0,NA,NA,0.125
2001,10,1,-2.86,1,NA,0,NA,0.125,NA,0.375,NA,0,NA,NA,0.125
2001,10,2,-3.53,0.875,NA,0,NA,0.375,123.71,0.875,NA,0,NA,NA,0.375
2001,10,3,-12.04,0.875,NA,0,0.93,0.875,110,0.875,NA,0,0.76,100.65,0.875
2001,10,4,-0.47,0.75,NA,0,0.43,0.75,233.14,0.875,NA,0,0.41,231.81,0.75
2001,10,5,0.19,1,NA,0,0.8,0.875,227.88,1,NA,0,0.78,229.9,0.875
2001,10,6,-0.58,1,NA,0,NA,0,146,1,NA,0,NA,NA,0
2001,10,7,2.23,0.875,NA,0,NA,0.25,196,0.875,NA,0,NA,NA,0.25
2001,10,8,0.66,1,NA,0,NA,0.25,224.38,1,NA,0,NA,NA,0.25
2001,10,9,0.33,1,NA,0,NA,0.375,158.62,1,NA,0,NA,NA,0.375
2001,10,10,-0.54,1,NA,0,NA,0.375,164.71,0.875,NA,0,NA,NA,0.375
2001,10,11,-1.46,1,NA,0,NA,0.625,98.88,1,NA,0,NA,NA,0.625
2001,10,12,-0.45,1,NA,0,NA,0,150.38,1,NA,0,NA,NA,0
2001,10,13,-0.94,1,NA,0,NA,0,124.25,1,NA,0,NA,NA,0
2001,10,14,NA,0.625,NA,0,NA,0.25,NA,0.375,NA,0,NA,NA,0.25
2001,10,15,0.74,1,NA,0,NA,0.125,198.43,0.875,NA,0,NA,NA,0.125
2001,10,16,0.81,1,NA,0,NA,0,NA,0,NA,0,NA,NA,0
2001,10,17,-1.22,1,NA,0,NA,0,NA,0,NA,0,NA,NA,0
2001,10,18,-3.89,0.875,NA,0,NA,0,NA,0,NA,0,NA,NA,0
2001,10,19,-0.98,1,NA,0,NA,0,NA,0,NA,0,NA,NA,0
2001,10,20,-0.85,1,NA,0,NA,0,NA,0,NA,0,NA,NA,0
2001,10,21,-4.01,1,NA,0,NA,0,NA,0,NA,0,NA,NA,0
2001,10,22,-2.15,1,NA,0,NA,0,NA,0,NA,0,NA,NA,0
2001,10,23,-4.85,1,NA,0,NA,0,NA,0,NA,0,NA,NA,0
2001,10,24,-8.95,1,NA,0,NA,0,NA,0,NA,0,NA,NA,0
2001,10,25,-3.64,1,NA,0,NA,0,NA,0,NA,0,NA,NA,0
2001,10,26,-1.75,1,NA,0,NA,0,NA,0,NA,0,NA,NA,0
2001,10,27,-4.95,1,NA,0,NA,0,NA,0,NA,0,NA,NA,0
2001,10,28,-3.25,0.75,NA,0,NA,0,NA,0,NA,0,NA,NA,0
2001,10,29,-0.76,1,NA,0,NA,0,NA,0,NA,0,NA,NA,0
2001,10,30,0.05,1,NA,0,NA,0,NA,0,NA,0,NA,NA,0
2001,10,31,-1.36,1,NA,0,NA,0,NA,0,NA,0,NA,NA,0
2001,11,1,-3.39,0.875,NA,0,NA,0,NA,0,NA,0,NA,NA,0
2001,11,2,-1.73,1,NA,0,NA,0,NA,0,NA,0,NA,NA,0
2001,11,3,-0.09,1,NA,0,NA,0,NA,0,NA,0,NA,NA,0
2001,11,4,-2.26,1,NA,0,NA,0,NA,0,NA,0,NA,NA,0
2001,11,5,-2.59,0.875,NA,0,NA,0,NA,0,NA,0,NA,NA,0
2001,11,6,NA,0.625,NA,0,NA,0,NA,0,NA,0,NA,NA,0
2001,11,7,NA,0.625,NA,0,NA,0,NA,0,NA,0,NA,NA,0
2001,11,8,-3.99,1,NA,0,NA,0,NA,0,NA,0,NA,NA,0
2001,11,9,-2.35,1,NA,0,NA,0,NA,0,NA,0,NA,NA,0
2001,11,10,0.14,1,NA,0,NA,0,NA,0,NA,0,NA,NA,0
2001,11,11,0.83,1,NA,0,NA,0,NA,0,NA,0,NA,NA,0
2001,11,12,1.19,1,NA,0,NA,0,NA,0,NA,0,NA,NA,0
2001,11,13,0.39,1,NA,0,NA,0,NA,0,NA,0,NA,NA,0
2001,11,14,1.7,1,NA,0,NA,0,NA,0,NA,0,NA,NA,0
2001,11,15,-0.71,1,NA,0,NA,0,NA,0,NA,0,NA,NA,0
2001,11,16,0.66,1,NA,0,NA,0,NA,0,NA,0,NA,NA,0
2001,11,17,-0.61,1,NA,0,NA,0,NA,0,NA,0,NA,NA,0
2001,11,18,-2.33,1,NA,0,NA,0,NA,0,NA,0,NA,NA,0
2001,11,19,-1.79,1,NA,0,NA,0,NA,0,NA,0,NA,NA,0
2001,11,20,-1.01,1,NA,0,NA,0,NA,0,NA,0,NA,NA,0
2001,11,21,-0.65,1,NA,0,NA,0,NA,0,NA,0,NA,NA,0
2001,11,22,-1.83,1,NA,0,NA,0,NA,0,NA,0,NA,NA,0
2001,11,23,-1.05,1,NA,0,NA,0,NA,0,NA,0,NA,NA,0
2001,11,24,0.32,1,NA,0,NA,0,NA,0,NA,0,NA,NA,0
2001,11,25,-0.44,1,NA,0,NA,0,NA,0,NA,0,NA,NA,0
2001,11,26,-0.59,1,NA,0,NA,0,NA,0,NA,0,NA,NA,0
2001,11,27,0.6,0.75,NA,0,NA,0,NA,0,NA,0,NA,NA,0
2001,11,28,0,1,NA,0,NA,0,NA,0,NA,0,NA,NA,0
2001,11,29,0.64,1,NA,0,NA,0,NA,0,NA,0,NA,NA,0
2001,11,30,-0.4,1,NA,0,NA,0,NA,0,NA,0,NA,NA,0
2001,12,1,-0.7,1,NA,0,NA,0,NA,0,NA,0,NA,NA,0
2001,12,2,0.31,1,NA,0,NA,0,NA,0,NA,0,NA,NA,0
2001,12,3,1.68,1,NA,0,NA,0,NA,0,NA,0,NA,NA,0
2001,12,4,0.71,1,NA,0,NA,0,NA,0,NA,0,NA,NA,0
2001,12,5,-0.6,1,NA,0,NA,0,NA,0,NA,0,NA,NA,0
2001,12,6,-0.28,1,NA,0,NA,0,NA,0,NA,0,NA,NA,0
2001,12,7,-0.61,1,NA,0,NA,0,NA,0,NA,0,NA,NA,0
2001,12,8,0.41,1,NA,0,NA,0,NA,0,NA,0,NA,NA,0
2001,12,9,-0.2,1,NA,0,NA,0,NA,0,NA,0,NA,NA,0
2001,12,10,-0.17,0.875,NA,0,NA,0,NA,0,NA,0,NA,NA,0
2001,12,11,-0.34,1,NA,0,NA,0,NA,0,NA,0,NA,NA,0
2001,12,12,1.33,1,NA,0,NA,0,NA,0,NA,0,NA,NA,0
2001,12,13,3.5,1,NA,0,NA,0,NA,0,NA,0,NA,NA,0
2001,12,14,1.76,1,NA,0,NA,0,NA,0,NA,0,NA,NA,0
2001,12,15,0.81,1,NA,0,NA,0,NA,0,NA,0,NA,NA,0
2001,12,16,0.06,1,NA,0,NA,0,NA,0,NA,0,NA,NA,0
2001,12,17,0.13,1,NA,0,NA,0,NA,0,NA,0,NA,NA,0
2001,12,18,0.15,1,NA,0,NA,0,NA,0,NA,0,NA,NA,0
2001,12,19,0.16,1,NA,0,NA,0,NA,0,NA,0,NA,NA,0
2001,12,20,0.36,1,NA,0,NA,0,NA,0,NA,0,NA,NA,0
2001,12,21,0.36,1,NA,0,NA,0,NA,0,NA,0,NA,NA,0
2001,12,22,1.14,0.875,NA,0,NA,0,NA,0,NA,0,NA,NA,0
2001,12,23,-0.19,1,NA,0,NA,0,NA,0,NA,0,NA,NA,0
2001,12,24,1.83,1,NA,0,NA,0,NA,0,NA,0,NA,NA,0
2001,12,25,0.89,1,NA,0,NA,0,NA,0,NA,0,NA,NA,0
2001,12,26,0.7,1,NA,0,NA,0,NA,0,NA,0,NA,NA,0
2001,12,27,0.89,1,NA,0,NA,0,NA,0,NA,0,NA,NA,0
2001,12,28,1.01,1,NA,0,NA,0,NA,0,NA,0,NA,NA,0
2001,12,29,1.28,1,NA,0,NA,0,NA,0,NA,0,NA,NA,0
2001,12,30,2.69,1,NA,0,NA,0,NA,0,NA,0,NA,NA,0
2001,12,31,2.48,1,NA,0,NA,0,NA,0,NA,0,NA,NA,0
2002,1,1,4.11,1,NA,0,NA,0,NA,0,NA,0,NA,NA,0
2002,1,2,3.57,1,NA,0,NA,0,NA,0,NA,0,NA,NA,0
2002,1,3,3.59,1,NA,0,NA,0,NA,0,NA,0,NA,NA,0
2002,1,4,2.54,1,NA,0,NA,0,NA,0,NA,0,NA,NA,0
2002,1,5,2.94,1,NA,0,NA,0,NA,0,NA,0,NA,NA,0
2002,1,6,1.55,1,NA,0,NA,0,NA,0,NA,0,NA,NA,0
2002,1,7,2.13,1,NA,0,NA,0,NA,0,NA,0,NA,NA,0
2002,1,8,2.65,1,NA,0,NA,0,NA,0,NA,0,NA,NA,0
2002,1,9,1.66,1,NA,0,NA,0,NA,0,NA,0,NA,NA,0
2002,1,10,1.43,1,NA,0,NA,0,NA,0,NA,0,NA,NA,0
2002,1,11,1.6,1,NA,0,NA,0,NA,0,NA,0,NA,NA,0
2002,1,12,1.96,1,NA,0,NA,0,NA,0,NA,0,NA,NA,0
2002,1,13,1.35,1,NA,0,NA,0,NA,0,NA,0,NA,NA,0
2002,1,14,1.3,1,NA,0,NA,0,NA,0,NA,0,NA,NA,0
2002,1,15,1.21,1,NA,0,NA,0,NA,0,NA,0,NA,NA,0
2002,1,16,1.25,1,NA,0,NA,0,NA,0,NA,0,NA,NA,0
2002,1,17,2.9,0.875,NA,0,NA,0,NA,0,NA,0,NA,NA,0
2002,1,18,1.95,1,NA,0,NA,0,NA,0,NA,0,NA,NA,0
2002,1,19,1.39,1,NA,0,NA,0,NA,0,NA,0,NA,NA,0
2002,1,20,3.14,1,NA,0,NA,0,NA,0,NA,0,NA,NA,0
2002,1,21,2.03,1,NA,0,NA,0,NA,0,NA,0,NA,NA,0
2002,1,22,0.59,1,NA,0,NA,0,NA,0,NA,0,NA,NA,0
2002,1,23,0.88,1,NA,0,NA,0,NA,0,NA,0,NA,NA,0
2002,1,24,2.34,1,NA,0,NA,0,NA,0,NA,0,NA,NA,0
2002,1,25,2.15,1,NA,0,NA,0,NA,0,NA,0,NA,NA,0
2002,1,26,3.05,1,NA,0,NA,0,NA,0,NA,0,NA,NA,0
2002,1,27,2.29,1,NA,0,NA,0,NA,0,NA,0,NA,NA,0
2002,1,28,0.21,1,NA,0,NA,0,NA,0,NA,0,NA,NA,0
2002,1,29,-0.71,1,NA,0,NA,0,NA,0,NA,0,NA,NA,0
2002,1,30,0.36,1,NA,0,NA,0,NA,0,NA,0,NA,NA,0
2002,1,31,1.21,1,NA,0,NA,0,NA,0,NA,0,NA,NA,0
2002,2,1,2.19,1,NA,0,NA,0,NA,0,NA,0,NA,NA,0
2002,2,2,3.56,1,NA,0,NA,0,NA,0,NA,0,NA,NA,0
2002,2,3,2.35,1,NA,0,NA,0,NA,0,NA,0,NA,NA,0
2002,2,4,3.16,1,NA,0,NA,0,NA,0,NA,0,NA,NA,0
2002,2,5,2.86,1,NA,0,NA,0,NA,0,NA,0,NA,NA,0
2002,2,6,1.51,1,NA,0,NA,0,NA,0,NA,0,NA,NA,0
2002,2,7,1.75,1,NA,0,NA,0,NA,0,NA,0,NA,NA,0
2002,2,8,2.68,1,NA,0,NA,0,NA,0,NA,0,NA,NA,0
2002,2,9,0.97,0.875,NA,0,NA,0,NA,0,NA,0,NA,NA,0
2002,2,10,0.98,1,NA,0,NA,0,NA,0,NA,0,NA,NA,0
2002,2,11,2.43,1,NA,0,NA,0,NA,0,NA,0,NA,NA,0
2002,2,12,0.54,1,NA,0,NA,0,NA,0,NA,0,NA,NA,0
2002,2,13,0.29,1,NA,0,NA,0,NA,0,NA,0,NA,NA,0
2002,2,14,-0.3,1,NA,0,NA,0,NA,0,NA,0,NA,NA,0
2002,2,15,-0.19,1,NA,0,NA,0,NA,0,NA,0,NA,NA,0
2002,2,16,1.06,1,NA,0,NA,0,NA,0,NA,0,NA,NA,0
2002,2,17,1.49,1,NA,0,NA,0,NA,0,NA,0,NA,NA,0
2002,2,18,1.34,1,NA,0,NA,0,NA,0,NA,0,NA,NA,0
2002,2,19,0.87,1,NA,0,NA,0,NA,0,NA,0,NA,NA,0
2002,2,20,2.1,1,NA,0,NA,0,NA,0,NA,0,NA,NA,0
2002,2,21,1.88,1,NA,0,NA,0,NA,0,NA,0,NA,NA,0
2002,2,22,1.28,1,NA,0,NA,0,NA,0,NA,0,NA,NA,0
2002,2,23,0.4,1,NA,0,NA,0,NA,0,NA,0,NA,NA,0
2002,2,24,1.6,1,NA,0,NA,0,NA,0,NA,0,NA,NA,0
2002,2,25,5.2,1,NA,0,NA,0,NA,0,NA,0,NA,NA,0
2002,2,26,2.63,1,NA,0,NA,0,NA,0,NA,0,NA,NA,0
2002,2,27,0.66,1,NA,0,NA,0,NA,0,NA,0,NA,NA,0
2002,2,28,0.24,1,NA,0,NA,0,NA,0,NA,0,NA,NA,0
2002,3,1,0.61,0.875,NA,0,NA,0,NA,0,NA,0,NA,NA,0
2002,3,2,2.08,1,NA,0,NA,0,NA,0,NA,0,NA,NA,0
2002,3,3,2.19,1,NA,0,NA,0,NA,0,NA,0,NA,NA,0
2002,3,4,2.28,1,NA,0,NA,0,NA,0,NA,0,NA,NA,0
2002,3,5,0.44,1,NA,0,NA,0,NA,0,NA,0,NA,NA,0
2002,3,6,-0.65,1,NA,0,NA,0,NA,0,NA,0,NA,NA,0
2002,3,7,-0.88,1,NA,0,NA,0,NA,0,NA,0,NA,NA,0
2002,3,8,0.05,1,NA,0,NA,0,NA,0,NA,0,NA,NA,0
2002,3,9,1.8,1,NA,0,NA,0,NA,0,NA,0,NA,NA,0
2002,3,10,-1.41,1,NA,0,NA,0,NA,0,NA,0,NA,NA,0
2002,3,11,-3.79,1,NA,0,NA,0,NA,0,NA,0,NA,NA,0
2002,3,12,-1.53,0.75,NA,0,NA,0,NA,0,NA,0,NA,NA,0
2002,3,13,-0.83,1,NA,0,NA,0,NA,0,NA,0,NA,NA,0
2002,3,14,-1,1,NA,0,NA,0,NA,0,NA,0,NA,NA,0
2002,3,15,-0.68,1,NA,0,NA,0,NA,0,NA,0,NA,NA,0
2002,3,16,-0.63,1,NA,0,NA,0,NA,0,NA,0,NA,NA,0
2002,3,17,-0.5,1,NA,0,NA,0,NA,0,NA,0,NA,NA,0
2002,3,18,-1.04,1,NA,0,NA,0,NA,0,NA,0,NA,NA,0
2002,3,19,0.05,1,NA,0,NA,0,NA,0,NA,0,NA,NA,0
2002,3,20,0.89,1,NA,0,NA,0,NA,0,NA,0,NA,NA,0
2002,3,21,2,1,NA,0,NA,0,NA,0,NA,0,NA,NA,0
2002,3,22,1.54,1,NA,0,NA,0,NA,0,NA,0,NA,NA,0
2002,3,23,1.6,1,NA,0,NA,0,NA,0,NA,0,NA,NA,0
2002,3,24,0.33,1,NA,0,NA,0,NA,0,NA,0,NA,NA,0
2002,3,25,-0.98,1,NA,0,NA,0,NA,0,NA,0,NA,NA,0
2002,3,26,-1.81,1,NA,0,NA,0,NA,0,NA,0,NA,NA,0
2002,3,27,-3,1,NA,0,NA,0,NA,0,NA,0,NA,NA,0
2002,3,28,-4.26,1,NA,0,NA,0,NA,0,NA,0,NA,NA,0
2002,3,29,-3.65,1,NA,0,NA,0,NA,0,NA,0,NA,NA,0
2002,3,30,-3.53,1,NA,0,NA,0,NA,0,NA,0,NA,NA,0
2002,3,31,0.94,1,NA,0,NA,0,NA,0,NA,0,NA,NA,0
2002,4,1,2.66,1,NA,0,NA,0,NA,0,NA,0,NA,NA,0
2002,4,2,2.54,1,NA,0,NA,0,NA,0,NA,0,NA,NA,0
2002,4,3,-0.41,1,NA,0,NA,0,NA,0,NA,0,NA,NA,0
2002,4,4,0.49,1,NA,0,NA,0,NA,0,NA,0,NA,NA,0
2002,4,5,0.73,1,NA,0,NA,0,NA,0,NA,0,NA,NA,0
2002,4,6,0.38,1,NA,0,NA,0,NA,0,NA,0,NA,NA,0
2002,4,7,-0.23,1,NA,0,NA,0,NA,0,NA,0,NA,NA,0
2002,4,8,-0.79,1,NA,0,NA,0,NA,0,NA,0,NA,NA,0
2002,4,9,1.2,1,NA,0,NA,0,NA,0,NA,0,NA,NA,0
2002,4,10,-2.01,1,NA,0,NA,0,NA,0,NA,0,NA,NA,0
2002,4,11,-3.53,1,NA,0,NA,0,NA,0,NA,0,NA,NA,0
2002,4,12,-1.11,1,NA,0,NA,0,NA,0,NA,0,NA,NA,0
2002,4,13,-1.75,1,NA,0,NA,0,NA,0,NA,0,NA,NA,0
2002,4,14,0.1,1,NA,0,NA,0,NA,0,NA,0,NA,NA,0
2002,4,15,-0.09,1,NA,0,NA,0,NA,0,NA,0,NA,NA,0
2002,4,16,0,1,NA,0,NA,0,NA,0,NA,0,NA,NA,0
2002,4,17,-1.54,1,NA,0,NA,0,NA,0,NA,0,NA,NA,0
2002,4,18,0.3,1,NA,0,NA,0,NA,0,NA,0,NA,NA,0
2002,4,19,-1.8,1,NA,0,NA,0,NA,0,NA,0,NA,NA,0
2002,4,20,-1.13,1,NA,0,NA,0,NA,0,NA,0,NA,NA,0
2002,4,21,-0.76,1,NA,0,NA,0,NA,0,NA,0,NA,NA,0
2002,4,22,-0.1,1,NA,0,NA,0,NA,0,NA,0,NA,NA,0
2002,4,23,-0.7,1,NA,0,NA,0,NA,0,NA,0,NA,NA,0
2002,4,24,2.83,1,NA,0,NA,0,NA,0,NA,0,NA,NA,0
2002,4,25,3.3,1,NA,0,NA,0,NA,0,NA,0,NA,NA,0
2002,4,26,3.19,1,NA,0,NA,0,NA,0,NA,0,NA,NA,0
2002,4,27,2.31,1,NA,0,NA,0,NA,0,NA,0,NA,NA,0
2002,4,28,0.28,1,NA,0,NA,0,NA,0,NA,0,NA,NA,0
2002,4,29,1.23,1,NA,0,NA,0,NA,0,NA,0,NA,NA,0
2002,4,30,0.89,1,NA,0,NA,0,NA,0,NA,0,NA,NA,0
2002,5,1,2.14,1,NA,0,NA,0,NA,0,NA,0,NA,NA,0
2002,5,2,0.63,1,NA,0,NA,0,NA,0,NA,0,NA,NA,0
2002,5,3,-0.94,1,NA,0,NA,0,NA,0,NA,0,NA,NA,0
2002,5,4,-2.68,1,NA,0,NA,0,NA,0,NA,0,NA,NA,0
2002,5,5,-3.85,1,NA,0,NA,0,NA,0,NA,0,NA,NA,0
2002,5,6,-3.65,1,NA,0,NA,0,NA,0,NA,0,NA,NA,0
2002,5,7,-3.43,1,NA,0,NA,0,NA,0,NA,0,NA,NA,0
2002,5,8,-2.64,1,NA,0,NA,0,NA,0,NA,0,NA,NA,0
2002,5,9,-6.38,1,NA,0,NA,0,NA,0,NA,0,NA,NA,0
2002,5,10,-7.23,0.875,NA,0,NA,0,NA,0,NA,0,NA,NA,0
2002,5,11,-5.16,1,NA,0,NA,0,NA,0,NA,0,NA,NA,0
2002,5,12,-3.5,1,NA,0,NA,0,NA,0,NA,0,NA,NA,0
2002,5,13,-4.18,1,NA,0,NA,0,NA,0,NA,0,NA,NA,0
2002,5,14,-7.16,1,NA,0,NA,0,NA,0,NA,0,NA,NA,0
2002,5,15,-4.74,1,NA,0,NA,0,NA,0,NA,0,NA,NA,0
2002,5,16,-2.18,1,NA,0,NA,0,NA,0,NA,0,NA,NA,0
2002,5,17,-1.43,1,NA,0,NA,0,NA,0,NA,0,NA,NA,0
2002,5,18,-3.01,1,NA,0,NA,0,NA,0,NA,0,NA,NA,0
2002,5,19,-5.63,1,NA,0,NA,0,NA,0,NA,0,NA,NA,0
2002,5,20,-3.41,1,NA,0,NA,0,NA,0,NA,0,NA,NA,0
2002,5,21,-4.51,1,NA,0,NA,0,NA,0,NA,0,NA,NA,0
2002,5,22,-4.48,1,NA,0,NA,0,NA,0,NA,0,NA,NA,0
2002,5,23,-5.91,1,NA,0,NA,0,NA,0,NA,0,NA,NA,0
2002,5,24,-5.01,1,NA,0,NA,0,NA,0,NA,0,NA,NA,0
2002,5,25,-3.49,0.875,NA,0,NA,0,NA,0,NA,0,NA,NA,0
2002,5,26,-5.99,1,NA,0,NA,0,NA,0,NA,0,NA,NA,0
2002,5,27,-9.83,1,NA,0,NA,0,NA,0,NA,0,NA,NA,0
2002,5,28,-9.17,1,NA,0,NA,0,NA,0,NA,0,NA,NA,0
2002,5,29,-6.43,1,NA,0,NA,0,NA,0,NA,0,NA,NA,0
2002,5,30,-7.27,1,NA,0,NA,0,NA,0,NA,0,NA,NA,0
2002,5,31,-7.64,1,NA,0,NA,0,NA,0,NA,0,NA,NA,0
2002,6,1,-6.2,1,NA,0,NA,0.25,NA,0.25,NA,0,NA,NA,0.25
2002,6,2,-7.75,1,NA,0,3.93,0.875,103.38,1,NA,0,2.92,96.97,0.875
2002,6,3,-10.25,1,NA,0,4.7,1,164,1,NA,0,1.49,84.09,1
2002,6,4,-9.31,1,NA,0,3.51,1,101.88,1,NA,0,2.94,8.81,1
2002,6,5,-7.79,1,NA,0,3.16,1,147.38,1,NA,0,1.08,147.3,1
2002,6,6,-9.25,1,NA,0,4.39,1,113.62,1,NA,0,3.91,113.41,1
2002,6,7,-10.15,1,NA,0,4.03,1,116,1,NA,0,3.48,104.81,1
2002,6,8,-11.08,1,NA,0,5.35,1,68.25,1,NA,0,5.34,68.1,1
2002,6,9,-10.71,0.875,NA,0,2.59,0.875,116.86,0.875,NA,0,1.9,69,0.875
2002,6,10,-8.61,0.875,NA,0,4.29,0.875,109.71,0.875,NA,0,3.09,47.26,0.875
2002,6,11,-7.04,0.875,NA,0,2.3,0.875,275.57,0.875,NA,0,1.03,273.81,0.875
2002,6,12,-8.25,1,NA,0,3.06,0.875,120.12,1,NA,0,2.39,100.39,0.875
2002,6,13,-11.64,1,NA,0,6.38,0.75,73.88,1,NA,0,6.37,73.62,0.75
2002,6,14,-15.39,1,NA,0,4.79,0.875,136.62,1,NA,0,2.26,109.58,0.875
2002,6,15,-13.46,1,NA,0,4.72,1,238.38,1,NA,0,2.03,355.59,1
2002,6,16,-12.3,1,NA,0,5.12,0.75,112.75,1,NA,0,4.38,18.17,0.75
2002,6,17,-7.29,1,NA,0,6.05,0.75,57.88,1,NA,0,5.98,55.65,0.75
2002,6,18,-8.29,1,NA,0,7.2,0.875,118,1,NA,0,3.83,28.62,0.875
2002,6,19,-6.76,1,NA,0,4.92,1,72.75,1,NA,0,4.89,74.59,1
2002,6,20,-6.34,1,NA,0,4.26,1,69.25,1,NA,0,4.23,70.23,1
2002,6,21,-4.98,1,NA,0,4.97,0.875,73.88,1,NA,0,4.75,70.11,0.875
2002,6,22,-2.43,1,NA,0,3.39,1,84.25,1,NA,0,3.08,72.81,1
2002,6,23,-0.77,1,NA,0,NA,0.625,118.62,1,NA,0,NA,NA,0.625
2002,6,24,-0.46,1,NA,0,12.3,0.875,98.88,1,NA,0,12.17,95.2,0.875
2002,6,25,-4.16,1,NA,0,NA,0.625,84.5,1,NA,0,NA,NA,0.625
2002,6,26,-2.39,1,NA,0,NA,0.5,91.25,1,NA,0,NA,NA,0.5
2002,6,27,-11.35,0.75,NA,0,8.95,1,69.5,1,NA,0,8.92,69.7,1
2002,6,28,-13.1,1,NA,0,6.9,0.875,79.38,1,NA,0,6.81,72.51,0.875
2002,6,29,-10.27,1,NA,0,NA,0.625,66,1,NA,0,NA,NA,0.625
2002,6,30,-11.79,0.875,NA,0,NA,0.5,69.75,1,NA,0,NA,NA,0.5
2002,7,1,-5.07,0.75,NA,0,NA,0.125,110.62,1,NA,0,NA,NA,0.125
2002,7,2,NA,0.625,NA,0,NA,0.5,68.75,1,NA,0,NA,NA,0.5
2002,7,3,-10.01,0.875,NA,0,3.11,1,91.12,1,NA,0,1.93,59.21,1
2002,7,4,-2.53,1,NA,0,NA,0.25,104.25,1,NA,0,NA,NA,0.25
2002,7,5,-7.79,1,NA,0,8.84,0.875,68.5,1,NA,0,8.82,68.3,0.875
2002,7,6,-4.3,1,NA,0,5.91,1,87,1,NA,0,5.44,43.18,1
2002,7,7,-4.98,1,NA,0,3.04,1,92.75,1,NA,0,2.08,65.79,1
2002,7,8,-6.83,0.875,NA,0,1.62,0.75,119.88,1,NA,0,1.55,135.46,0.75
2002,7,9,-8.56,1,NA,0,5.53,0.875,60.62,1,NA,0,5.51,61.28,0.875
2002,7,10,-5.96,1,NA,0,4.55,1,89.62,1,NA,0,3.97,90.11,1
2002,7,11,-1.04,1,NA,0,NA,0.375,123.75,1,NA,0,NA,NA,0.375
2002,7,12,-2.72,0.75,NA,0,NA,0.625,111.62,1,NA,0,NA,NA,0.625
2002,7,13,NA,0.625,NA,0,NA,0.5,86.5,1,NA,0,NA,NA,0.5
2002,7,14,-19.92,1,NA,0,NA,0.375,75.12,1,NA,0,NA,NA,0.375
2002,7,15,-16.97,1,NA,0,6.49,1,66.88,1,NA,0,6.44,68.07,1
2002,7,16,-13.3,0.875,NA,0,1.85,0.75,84.17,0.75,NA,0,1.55,70.33,0.75
2002,7,17,-8.24,1,NA,0,1.3,0.875,NA,0.375,NA,0,NA,NA,0.375
2002,7,18,-3.23,1,NA,0,2.41,0.875,58.25,1,NA,0,2.27,58.5,0.875
2002,7,19,-1.71,1,NA,0,NA,0.625,44.14,0.875,NA,0,NA,NA,0.625
2002,7,20,-3.85,1,NA,0,1.49,0.875,71.14,0.875,NA,0,1.35,71.89,0.875
2002,7,21,-7.48,1,NA,0,NA,0.125,NA,0.125,NA,0,NA,NA,0.125
2002,7,22,-7.37,0.875,NA,0,NA,0,NA,0,NA,0,NA,NA,0
2002,7,23,-6.34,1,NA,0,NA,0,NA,0,NA,0,NA,NA,0
2002,7,24,-7.04,1,NA,0,NA,0,NA,0,NA,0,NA,NA,0
2002,7,25,-8.99,1,NA,0,NA,0,NA,0,NA,0,NA,NA,0
2002,7,26,-8.05,1,NA,0,NA,0,NA,0,NA,0,NA,NA,0
2002,7,27,-4.54,1,NA,0,NA,0,NA,0,NA,0,NA,NA,0
2002,7,28,-6.94,1,NA,0,NA,0,NA,0,NA,0,NA,NA,0
2002,7,29,-10.35,1,NA,0,NA,0,NA,0,NA,0,NA,NA,0
2002,7,30,-9.65,1,NA,0,NA,0.25,NA,0.25,NA,0,NA,NA,0.25
2002,7,31,-1.63,0.875,NA,0,NA,0.625,121,0.875,NA,0,NA,NA,0.625
2002,8,1,-0.99,1,NA,0,9.43,1,117.38,1,NA,0,8.79,119.14,1
2002,8,2,-2.53,1,NA,0,3.61,0.875,61.71,0.875,NA,0,2.43,64.97,0.875
2002,8,3,-3.31,1,NA,0,4.02,0.75,97.12,1,NA,0,3.64,100.94,0.75
2002,8,4,-4.02,1,NA,0,NA,0.5,70,1,NA,0,NA,NA,0.5
2002,8,5,-6.33,1,NA,0,NA,0.375,NA,0.375,NA,0,NA,NA,0.375
2002,8,6,-3.8,1,NA,0,NA,0,NA,0,NA,0,NA,NA,0
2002,8,7,-5.86,1,NA,0,NA,0,NA,0,NA,0,NA,NA,0
2002,8,8,-4.24,1,NA,0,5.82,0.75,188.67,0.75,NA,0,3.81,215.7,0.75
2002,8,9,-3.78,1,NA,0,1.05,0.75,173.86,0.875,NA,0,0.38,59.04,0.75
2002,8,10,-2.67,0.875,NA,0,NA,0.625,NA,0.625,NA,0,NA,NA,0.625
2002,8,11,-5.41,1,NA,0,5.85,1,62.75,1,NA,0,5.84,62.84,1
2002,8,12,-9.05,1,NA,0,5.45,1,70.62,1,NA,0,5.37,70.45,1
2002,8,13,-7.55,1,NA,0,4.31,0.875,55.5,1,NA,0,4.31,63.48,0.875
2002,8,14,-5.74,0.875,NA,0,6.8,0.75,69.62,1,NA,0,6.73,68.73,0.75
2002,8,15,-10.79,1,NA,0,10.34,0.875,72.25,1,NA,0,10.22,72.23,0.875
2002,8,16,-7.78,1,NA,0,NA,0.625,66.75,1,NA,0,NA,NA,0.625
2002,8,17,-6.76,1,NA,0,1.56,1,139.38,1,NA,0,0.57,99.25,1
2002,8,18,-3.96,1,NA,0,2.2,0.75,54.43,0.875,NA,0,2.18,48.95,0.75
2002,8,19,-2.4,0.875,NA,0,6.25,0.75,92.75,1,NA,0,5.66,83.88,0.75
2002,8,20,-14.33,0.75,NA,0,8.13,0.75,76,1,NA,0,8.05,72.64,0.75
2002,8,21,-9.18,0.75,NA,0,NA,0.625,80.57,0.875,NA,0,NA,NA,0.625
2002,8,22,-13.06,0.875,NA,0,NA,0.25,57.38,1,NA,0,NA,NA,0.25
2002,8,23,-12.74,1,NA,0,2.88,1,127.75,1,NA,0,2.27,126.29,1
2002,8,24,-12.73,1,NA,0,2.66,1,75.38,1,NA,0,2.59,71.62,1
2002,8,25,-11.09,1,NA,0,4.62,0.75,71.29,0.875,NA,0,4.51,70.29,0.75
2002,8,26,-9.49,1,NA,0,NA,0.375,79.38,1,NA,0,NA,NA,0.375
2002,8,27,-5.37,1,NA,0,4.34,1,98.12,1,NA,0,4.31,96.98,1
2002,8,28,-4.52,1,NA,0,3.59,0.875,75.75,1,NA,0,3.45,79.36,0.875
2002,8,29,-6.96,1,NA,0,1.12,1,NA,0.625,NA,0,NA,NA,0.625
2002,8,30,-5.87,0.75,NA,0,NA,0.625,125.17,0.75,NA,0,NA,NA,0.625
2002,8,31,0.4,1,NA,0,NA,0.375,230.12,1,NA,0,NA,NA,0.375
2002,9,1,0.25,1,NA,0,NA,0.625,113,0.875,NA,0,NA,NA,0.625
2002,9,2,-2.47,1,NA,0,4,0.875,70.38,1,NA,0,3.97,67.87,0.875
2002,9,3,-5.7,1,NA,0,2.95,1,85.88,1,NA,0,2.6,65.78,1
2002,9,4,-6.01,1,NA,0,2.11,1,126.12,1,NA,0,0.65,134.17,1
2002,9,5,-6.08,1,NA,0,NA,0.5,71.71,0.875,NA,0,NA,NA,0.5
2002,9,6,-7.93,1,NA,0,1.12,0.75,64.83,0.75,NA,0,1.11,66.11,0.75
2002,9,7,-8.54,1,NA,0,1.94,1,146.5,1,NA,0,0.4,108.27,1
2002,9,8,-7.13,1,NA,0,1.34,0.875,237.57,0.875,NA,0,1.15,236.08,0.875
2002,9,9,-5.24,1,NA,0,2.69,0.875,203.38,1,NA,0,1.91,295.68,0.875
2002,9,10,-1.59,1,NA,0,1.7,0.875,231,0.875,NA,0,1.06,297.42,0.875
2002,9,11,-0.66,1,NA,0,2.43,0.75,139.71,0.875,NA,0,2.23,117.81,0.75
2002,9,12,-0.94,1,NA,0,2,0.875,NA,0.5,NA,0,NA,NA,0.5
2002,9,13,-2.79,1,NA,0,1.27,1,116.62,1,NA,0,1.21,117.6,1
2002,9,14,2.16,1,NA,0,NA,0.375,153.75,1,NA,0,NA,NA,0.375
2002,9,15,-0.63,1,NA,0,NA,0.25,NA,0.375,NA,0,NA,NA,0.25
2002,9,16,-1.58,1,NA,0,1.65,0.75,118.5,0.75,NA,0,1.15,71.3,0.75
2002,9,17,-1.55,1,NA,0,1.4,1,46.38,1,NA,0,1.4,46.73,1
2002,9,18,0.68,1,NA,0,1.19,1,76.12,1,NA,0,1.03,87.56,1
2002,9,19,0.31,0.875,NA,0,1.05,0.75,70.5,0.75,NA,0,1.02,77.1,0.75
2002,9,20,-3.71,1,NA,0,NA,0.625,NA,0.625,NA,0,NA,NA,0.625
2002,9,21,-4.18,1,NA,0,NA,0,NA,0,NA,0,NA,NA,0
2002,9,22,0.44,1,NA,0,NA,0.625,79.29,0.875,NA,0,NA,NA,0.625
2002,9,23,2.21,0.875,NA,0,NA,0.375,161,0.875,NA,0,NA,NA,0.375
2002,9,24,0.4,1,NA,0,2.67,0.875,118.86,0.875,NA,0,1.88,92.86,0.875
2002,9,25,-0.44,1,NA,0,NA,0.125,67.12,1,NA,0,NA,NA,0.125
2002,9,26,-3.55,1,NA,0,NA,0.625,NA,0.625,NA,0,NA,NA,0.625
2002,9,27,-3.64,1,NA,0,1.3,0.875,137.14,0.875,NA,0,1.14,117.35,0.875
2002,9,28,-5.93,1,NA,0,3.2,0.875,70.14,0.875,NA,0,3.2,69.97,0.875
2002,9,29,-7.55,1,NA,0,2.49,1,NA,0.375,NA,0,NA,NA,0.375
2002,9,30,-5.56,1,NA,0,4.75,1,59.5,1,NA,0,4.74,60.07,1
2002,10,1,-5.46,1,NA,0,2.51,0.875,59.57,0.875,NA,0,2.51,59.7,0.875
2002,10,2,-4.76,1,NA,0,0.95,0.75,NA,0.25,NA,0,NA,NA,0.25
2002,10,3,-5.21,1,NA,0,3.58,0.75,106,1,NA,0,3.51,101.38,0.75
2002,10,4,-3.72,1,NA,0,NA,0.625,156.88,1,NA,0,NA,NA,0.625
2002,10,5,-3.39,1,NA,0,NA,0.125,142.12,1,NA,0,NA,NA,0.125
2002,10,6,-6.76,1,NA,0,4.02,0.75,85,1,NA,0,3.3,108.43,0.75
2002,10,7,-8.49,1,NA,0,3.36,1,79.88,1,NA,0,3.33,74.5,1
2002,10,8,-6.65,1,NA,0,2.4,0.75,133.57,0.875,NA,0,0.94,151.82,0.75
2002,10,9,-1.34,1,NA,0,4.84,0.875,77.5,1,NA,0,3.17,69.98,0.875
2002,10,10,-2.63,1,NA,0,1.51,0.875,97.14,0.875,NA,0,1.47,93.41,0.875
2002,10,11,-3.48,1,NA,0,NA,0.625,160.75,1,NA,0,NA,NA,0.625
2002,10,12,-3.99,1,NA,0,NA,0.5,95.14,0.875,NA,0,NA,NA,0.5
2002,10,13,-2.28,1,NA,0,4.85,0.75,86.88,1,NA,0,4.55,52.33,0.75
2002,10,14,-0.43,1,NA,0,NA,0.375,143.62,1,NA,0,NA,NA,0.375
2002,10,15,-1.54,1,NA,0,3.49,1,70.88,1,NA,0,3.36,73.19,1
2002,10,16,-5.14,1,NA,0,4.83,0.875,70.57,0.875,NA,0,4.8,72.17,0.875
2002,10,17,-4.83,1,NA,0,3.14,1,66.62,1,NA,0,3.11,69.29,1
2002,10,18,-7.91,1,NA,0,NA,0.625,70.5,1,NA,0,NA,NA,0.625
2002,10,19,-8.04,0.875,NA,0,5.16,0.875,58.75,1,NA,0,5.01,65.68,0.875
2002,10,20,-3.8,1,NA,0,2.99,0.875,100.5,1,NA,0,2.65,69.86,0.875
2002,10,21,-8.43,1,NA,0,8.97,0.75,92.25,1,NA,0,8.21,84.38,0.75
2002,10,22,-10.71,1,NA,0,4.19,0.875,65.75,1,NA,0,4.11,65.2,0.875
2002,10,23,-9.6,0.875,NA,0,4.13,0.875,113.88,1,NA,0,2.99,72.08,0.875
2002,10,24,-7.54,1,NA,0,2.8,1,97.12,1,NA,0,2.36,89.61,1
2002,10,25,-5.23,0.875,NA,0,NA,0.625,107.12,1,NA,0,NA,NA,0.625
2002,10,26,-4.17,0.875,NA,0,5.61,0.875,131,0.875,NA,0,3.16,169.6,0.875
2002,10,27,0.95,1,NA,0,14.2,1,159.38,1,NA,0,13.85,159.7,1
2002,10,28,0.85,1,NA,0,NA,0.5,180.75,1,NA,0,NA,NA,0.5
2002,10,29,-1.7,1,NA,0,7.88,0.75,118.25,1,NA,0,3.97,125.09,0.75
2002,10,30,-3.02,1,NA,0,4.47,0.75,178,1,NA,0,3.13,194.16,0.75
2002,10,31,-4.4,0.875,NA,0,1.96,0.875,79.86,0.875,NA,0,1.95,76.61,0.875
2002,11,1,-3.99,0.875,NA,0,NA,0.5,NA,0.5,NA,0,NA,NA,0.5
2002,11,2,-1.33,1,NA,0,4.36,1,110.88,1,NA,0,3.42,64.05,1
2002,11,3,-4.09,1,NA,0,2.5,1,95.5,1,NA,0,2.47,94.44,1
2002,11,4,-2.79,1,NA,0,0.9,1,72.38,1,NA,0,0.87,74.6,1
2002,11,5,0.04,1,NA,0,NA,0.5,102.5,1,NA,0,NA,NA,0.5
2002,11,6,-3.19,1,NA,0,4.75,0.75,74,1,NA,0,4.71,75.64,0.75
2002,11,7,-5.94,1,NA,0,3.57,1,75.88,1,NA,0,3.56,71.43,1
2002,11,8,-5.04,1,NA,0,2.02,1,67.12,1,NA,0,2,70.83,1
2002,11,9,-1.73,0.875,NA,0,1.57,0.875,105.14,0.875,NA,0,1.39,52.79,0.875
2002,11,10,-0.05,1,NA,0,0.8,1,94.38,1,NA,0,0.79,97.26,1
2002,11,11,-0.16,1,NA,0,0.95,1,101.25,1,NA,0,0.94,101.19,1
2002,11,12,0.44,1,NA,0,2.38,1,63.25,1,NA,0,2.3,57.63,1
2002,11,13,-0.8,0.875,NA,0,1.67,0.875,103.14,0.875,NA,0,1.56,100.12,0.875
2002,11,14,-0.86,1,NA,0,0.94,1,98,1,NA,0,0.92,94.2,1
2002,11,15,-1.15,1,NA,0,1.01,1,106.62,1,NA,0,0.97,106.9,1
2002,11,16,0.26,1,NA,0,2.68,0.75,202.67,0.75,NA,0,1.08,179.68,0.75
2002,11,17,0.05,1,NA,0,1.64,0.875,166.86,0.875,NA,0,1.48,49.04,0.875
2002,11,18,0.9,1,NA,0,NA,0.625,127.75,1,NA,0,NA,NA,0.625
2002,11,19,0.93,1,NA,0,NA,0.625,179.25,1,NA,0,NA,NA,0.625
2002,11,20,-0.66,1,NA,0,2.96,0.875,111.25,1,NA,0,1.66,149.67,0.875
2002,11,21,-1.69,1,NA,0,2.22,1,107,1,NA,0,1.89,89.24,1
2002,11,22,-0.44,0.875,NA,0,1.27,0.75,130.43,0.875,NA,0,1.25,97.47,0.75
2002,11,23,-0.72,1,NA,0,2.35,1,95.88,1,NA,0,2.14,88.32,1
2002,11,24,-2.26,1,NA,0,1.93,1,95.12,1,NA,0,1.89,76.84,1
2002,11,25,-1.24,1,NA,0,0.78,1,194,1,NA,0,0.64,202.84,1
2002,11,26,-0.93,0.875,NA,0,2.06,1,142.38,1,NA,0,0.85,131.87,1
2002,11,27,-2.4,1,NA,0,3.7,1,66.62,1,NA,0,3.68,68.11,1
2002,11,28,-1.92,1,NA,0,2.61,1,85.88,1,NA,0,2.48,86.82,1
2002,11,29,-0.87,0.875,NA,0,2.7,0.875,84.57,0.875,NA,0,2.67,83.62,0.875
2002,11,30,-0.84,0.875,NA,0,3.93,0.875,72,0.875,NA,0,3.92,72.02,0.875
2002,12,1,-1.14,0.875,NA,0,NA,0.625,69.86,0.875,NA,0,NA,NA,0.625
2002,12,2,NA,0.5,NA,0,NA,0.625,65.57,0.875,NA,0,NA,NA,0.625
2002,12,3,1.11,0.875,NA,0,7.65,0.75,85.5,1,NA,0,7.24,63.5,0.75
2002,12,4,NA,0.625,NA,0,3.01,0.875,121.75,1,NA,0,1.94,129.24,0.875
2002,12,5,NA,0.625,NA,0,NA,0.625,NA,0.625,NA,0,NA,NA,0.625
2002,12,6,1.13,0.75,NA,0,2.72,1,84.88,1,NA,0,1.06,68.25,1
2002,12,7,0.35,0.75,NA,0,NA,0.5,98.67,0.75,NA,0,NA,NA,0.5
2002,12,8,NA,0.625,NA,0,2.74,1,89.75,1,NA,0,1.64,106.61,1
2002,12,9,0.96,0.875,NA,0,4.03,1,74.5,1,NA,0,3.59,79.82,1
2002,12,10,NA,0.375,NA,0,2.29,0.875,105,0.875,NA,0,2.22,109.42,0.875
2002,12,11,2.41,1,NA,0,NA,0.625,101.5,1,NA,0,NA,NA,0.625
2002,12,12,NA,0.5,NA,0,NA,0.625,79.71,0.875,NA,0,NA,NA,0.625
2002,12,13,3.78,0.75,NA,0,NA,0.375,178.62,1,NA,0,NA,NA,0.375
2002,12,14,1.92,1,NA,0,NA,0.5,131,1,NA,0,NA,NA,0.5
2002,12,15,-0.01,0.875,NA,0,NA,0.5,102.75,1,NA,0,NA,NA,0.5
2002,12,16,-0.55,0.75,NA,0,2.94,1,82,1,NA,0,2.93,81.14,1
2002,12,17,NA,0.25,NA,0,1.56,1,81.12,1,NA,0,1.55,80.44,1
2002,12,18,NA,0.375,NA,0,NA,0.625,NA,0.625,NA,0,NA,NA,0.625
2002,12,19,NA,0.375,NA,0,1.65,0.75,84,0.75,NA,0,1.65,84.18,0.75
2002,12,20,NA,0.625,NA,0,NA,0.625,NA,0.625,NA,0,NA,NA,0.625
2002,12,21,0.76,0.875,NA,0,NA,0.5,NA,0.5,NA,0,NA,NA,0.5
2002,12,22,NA,0.25,NA,0,1.17,0.75,194.83,0.75,NA,0,0.66,197.55,0.75
2002,12,23,NA,0.125,NA,0,0.91,0.875,220.29,0.875,NA,0,0.89,218.86,0.875
2002,12,24,NA,0.125,NA,0,NA,0.625,NA,0.625,NA,0,NA,NA,0.625
2002,12,25,NA,0.125,NA,0,0.37,0.875,234.14,0.875,NA,0,0.37,234.31,0.875
2002,12,26,4.29,0.875,NA,0,NA,0.5,216.29,0.875,NA,0,NA,NA,0.5
2002,12,27,NA,0.5,NA,0,1.77,0.75,75.62,1,NA,0,1.61,69.69,0.75
2002,12,28,NA,0.125,NA,0,1.18,1,NA,0.5,NA,0,NA,NA,0.5
2002,12,29,NA,0.25,NA,0,1.53,0.875,57.67,0.75,NA,0,1.28,65.16,0.75
2002,12,30,NA,0.625,NA,0,2.37,0.75,71.83,0.75,NA,0,1.53,71.85,0.75
2002,12,31,NA,0.5,NA,0,1.5,0.75,68.83,0.75,NA,0,1.39,73.44,0.75
2003,1,1,NA,0.5,NA,0,1.57,0.75,79.5,0.75,NA,0,1.45,78.56,0.75
2003,1,2,NA,0.625,NA,0,NA,0.625,NA,0.625,NA,0,NA,NA,0.625
2003,1,3,NA,0.5,NA,0,1.27,0.75,51.5,0.75,NA,0,1.26,49.24,0.75
2003,1,4,NA,0.5,NA,0,1.86,0.875,81.29,0.875,NA,0,1.42,85.19,0.875
2003,1,5,NA,0.375,NA,0,1.49,0.875,76.43,0.875,NA,0,1.42,72.09,0.875
2003,1,6,NA,0.125,NA,0,1.44,1,53.12,1,NA,0,1.41,47.61,1
2003,1,7,2.68,0.75,NA,0,NA,0.375,NA,0.375,NA,0,NA,NA,0.375
2003,1,8,NA,0.125,NA,0,0.74,0.875,69.57,0.875,NA,0,0.74,66.02,0.875
2003,1,9,NA,0.25,NA,0,1.46,1,90.75,1,NA,0,1.42,94.14,1
2003,1,10,2,1,NA,0,NA,0.375,NA,0.375,NA,0,NA,NA,0.375
2003,1,11,NA,0.625,NA,0,1.91,0.875,103.57,0.875,NA,0,1.83,108.18,0.875
2003,1,12,3.44,1,NA,0,NA,0.125,59.75,1,NA,0,NA,NA,0.125
2003,1,13,4.03,0.875,NA,0,NA,0.625,148.5,1,NA,0,NA,NA,0.625
2003,1,14,NA,0.625,NA,0,2.83,0.875,77.57,0.875,NA,0,2.66,85.33,0.875
2003,1,15,NA,0.5,NA,0,1.84,0.875,75.29,0.875,NA,0,1.68,79.51,0.875
2003,1,16,NA,0.125,NA,0,0.83,0.875,98.43,0.875,NA,0,0.83,99.21,0.875
2003,1,17,2.13,0.75,NA,0,NA,0.5,NA,0.5,NA,0,NA,NA,0.5
2003,1,18,NA,0.625,NA,0,NA,0.625,NA,0.625,NA,0,NA,NA,0.625
2003,1,19,NA,0.125,NA,0,0.91,1,186.5,1,NA,0,0.82,187.41,1
2003,1,20,NA,0,NA,0,1.04,1,131.62,1,NA,0,0.79,92.99,1
2003,1,21,NA,0.125,NA,0,1.2,0.875,60.71,0.875,NA,0,1.15,61.1,0.875
2003,1,22,NA,0.5,NA,0,2.14,0.875,151.71,0.875,NA,0,1.53,137.34,0.875
2003,1,23,NA,0.375,NA,0,1.42,0.75,121.71,0.875,NA,0,1.05,137.83,0.75
2003,1,24,NA,0.375,NA,0,1.64,0.875,72.14,0.875,NA,0,1.6,78.35,0.875
2003,1,25,NA,0.5,NA,0,1.9,1,86.75,1,NA,0,1.87,89.67,1
2003,1,26,NA,0.25,NA,0,1.41,0.875,82.14,0.875,NA,0,1.2,83.78,0.875
2003,1,27,NA,0.375,NA,0,1.28,0.75,74.5,0.75,NA,0,0.94,100.84,0.75
2003,1,28,NA,0.375,NA,0,1.71,0.875,57.29,0.875,NA,0,1.7,54.98,0.875
2003,1,29,NA,0.125,NA,0,0.85,1,81.12,1,NA,0,0.7,102.54,1
2003,1,30,NA,0.5,NA,0,1.89,0.875,69.86,0.875,NA,0,1.83,71.81,0.875
2003,1,31,NA,0.375,NA,0,1.35,0.75,55,0.75,NA,0,1.35,54.3,0.75
2003,2,1,NA,0.5,NA,0,NA,0.625,NA,0.625,NA,0,NA,NA,0.625
2003,2,2,NA,0,NA,0,1.04,1,57.88,1,NA,0,1.02,58.18,1
2003,2,3,NA,0.125,NA,0,1.56,1,49.88,1,NA,0,1.55,48.54,1
2003,2,4,NA,0,NA,0,1.07,1,78,1,NA,0,0.85,80.06,1
2003,2,5,NA,0.375,NA,0,1.22,0.75,43.33,0.75,NA,0,1.22,43.45,0.75
2003,2,6,NA,0.375,NA,0,1.03,0.875,66.29,0.875,NA,0,0.92,58.91,0.875
2003,2,7,NA,0.375,NA,0,1.47,0.75,59.43,0.875,NA,0,1.36,56.85,0.75
2003,2,8,0.7,0.875,NA,0,3.24,0.875,69.5,1,NA,0,3.12,58.16,0.875
2003,2,9,0.97,0.875,NA,0,5.57,0.875,61.38,1,NA,0,5.57,62.64,0.875
2003,2,10,0.97,0.875,NA,0,3.84,1,93.62,1,NA,0,3.04,66.54,1
2003,2,11,4.1,1,NA,0,NA,0.25,129,1,NA,0,NA,NA,0.25
2003,2,12,2.98,0.75,NA,0,NA,0.375,NA,0.375,NA,0,NA,NA,0.375
2003,2,13,NA,0.375,NA,0,1.22,0.75,75.33,0.75,NA,0,1.08,62.68,0.75
2003,2,14,1,0.75,NA,0,2.87,0.875,94.71,0.875,NA,0,2.82,96.07,0.875
2003,2,15,3.3,1,NA,0,NA,0.375,160.88,1,NA,0,NA,NA,0.375
2003,2,16,2.96,1,NA,0,NA,0.5,96.12,1,NA,0,NA,NA,0.5
2003,2,17,1.73,0.75,NA,0,NA,0.375,NA,0.5,NA,0,NA,NA,0.375
2003,2,18,4.49,1,NA,0,NA,0.125,133.57,0.875,NA,0,NA,NA,0.125
2003,2,19,3.37,0.875,NA,0,5.78,0.75,144.5,1,NA,0,3.88,150.4,0.75
2003,2,20,4.23,0.875,NA,0,NA,0.625,163.43,0.875,NA,0,NA,NA,0.625
2003,2,21,2.2,1,NA,0,7.88,1,104,1,NA,0,7.28,108.04,1
2003,2,22,1.83,0.875,NA,0,NA,0.375,115.86,0.875,NA,0,NA,NA,0.375
2003,2,23,NA,0.375,NA,0,1.54,0.875,103.29,0.875,NA,0,0.5,24.78,0.875
2003,2,24,NA,0.625,NA,0,NA,0.625,122.33,0.75,NA,0,NA,NA,0.625
2003,2,25,NA,0.25,NA,0,NA,0.25,NA,0.25,NA,0,NA,NA,0.25
2003,2,26,3.08,1,NA,0,7.9,0.75,47.75,1,NA,0,7.88,51.76,0.75
2003,2,27,1.33,0.875,NA,0,8.13,0.75,95.12,1,NA,0,7.75,67.31,0.75
2003,2,28,1.49,1,NA,0,6.98,0.75,82.38,1,NA,0,2.75,61.37,0.75
2003,3,1,NA,0,NA,0,NA,0,NA,0,NA,0,NA,NA,0
2003,3,2,NA,0,NA,0,NA,0,NA,0,NA,0,NA,NA,0
2003,3,3,NA,0,NA,0,NA,0,NA,0,NA,0,NA,NA,0
2003,3,4,NA,0,NA,0,NA,0,NA,0,NA,0,NA,NA,0
2003,3,5,NA,0,NA,0,NA,0,NA,0,NA,0,NA,NA,0
2003,3,6,NA,0,NA,0,NA,0,NA,0,NA,0,NA,NA,0
2003,3,7,NA,0,NA,0,NA,0,NA,0,NA,0,NA,NA,0
2003,3,8,NA,0,NA,0,NA,0,NA,0,NA,0,NA,NA,0
2003,3,9,NA,0,NA,0,NA,0,NA,0,NA,0,NA,NA,0
2003,3,10,NA,0,NA,0,NA,0,NA,0,NA,0,NA,NA,0
2003,3,11,NA,0,NA,0,NA,0,NA,0,NA,0,NA,NA,0
2003,3,12,NA,0,NA,0,NA,0,NA,0,NA,0,NA,NA,0
2003,3,13,NA,0,NA,0,NA,0,NA,0,NA,0,NA,NA,0
2003,3,14,NA,0,NA,0,NA,0,NA,0,NA,0,NA,NA,0
2003,3,15,NA,0,NA,0,NA,0,NA,0,NA,0,NA,NA,0
2003,3,16,NA,0,NA,0,NA,0,NA,0,NA,0,NA,NA,0
2003,3,17,NA,0,NA,0,NA,0,NA,0,NA,0,NA,NA,0
2003,3,18,NA,0,NA,0,NA,0,NA,0,NA,0,NA,NA,0
2003,3,19,NA,0,NA,0,NA,0,NA,0,NA,0,NA,NA,0
2003,3,20,NA,0,NA,0,NA,0,NA,0,NA,0,NA,NA,0
2003,3,21,NA,0,NA,0,NA,0,NA,0,NA,0,NA,NA,0
2003,3,22,NA,0,NA,0,NA,0,NA,0,NA,0,NA,NA,0
2003,3,23,NA,0,NA,0,NA,0,NA,0,NA,0,NA,NA,0
2003,3,24,NA,0,NA,0,NA,0,NA,0,NA,0,NA,NA,0
2003,3,25,NA,0,NA,0,NA,0,NA,0,NA,0,NA,NA,0
2003,3,26,NA,0,NA,0,NA,0,NA,0,NA,0,NA,NA,0
2003,3,27,NA,0,NA,0,NA,0,NA,0,NA,0,NA,NA,0
2003,3,28,NA,0,NA,0,NA,0,NA,0,NA,0,NA,NA,0
2003,3,29,NA,0,NA,0,NA,0,NA,0,NA,0,NA,NA,0
2003,3,30,NA,0,NA,0,NA,0,NA,0,NA,0,NA,NA,0
2003,3,31,NA,0,NA,0,NA,0,NA,0,NA,0,NA,NA,0
2003,4,1,NA,0,NA,0,NA,0,NA,0,NA,0,NA,NA,0
2003,4,2,NA,0,NA,0,NA,0,NA,0,NA,0,NA,NA,0
2003,4,3,NA,0,NA,0,NA,0,NA,0,NA,0,NA,NA,0
2003,4,4,NA,0,NA,0,NA,0,NA,0,NA,0,NA,NA,0
2003,4,5,NA,0,NA,0,NA,0,NA,0,NA,0,NA,NA,0
2003,4,6,NA,0,NA,0,NA,0,NA,0,NA,0,NA,NA,0
2003,4,7,NA,0,NA,0,NA,0,NA,0,NA,0,NA,NA,0
2003,4,8,NA,0,NA,0,NA,0,NA,0,NA,0,NA,NA,0
2003,4,9,NA,0,NA,0,NA,0,NA,0,NA,0,NA,NA,0
2003,4,10,NA,0,NA,0,NA,0,NA,0,NA,0,NA,NA,0
2003,4,11,NA,0,NA,0,NA,0,NA,0,NA,0,NA,NA,0
2003,4,12,NA,0,NA,0,NA,0,NA,0,NA,0,NA,NA,0
2003,4,13,NA,0,NA,0,NA,0,NA,0,NA,0,NA,NA,0
2003,4,14,NA,0,NA,0,NA,0,NA,0,NA,0,NA,NA,0
2003,4,15,NA,0,NA,0,NA,0,NA,0,NA,0,NA,NA,0
2003,4,16,NA,0,NA,0,NA,0,NA,0,NA,0,NA,NA,0
2003,4,17,NA,0,NA,0,NA,0,NA,0,NA,0,NA,NA,0
2003,4,18,NA,0,NA,0,NA,0,NA,0,NA,0,NA,NA,0
2003,4,19,NA,0,NA,0,NA,0,NA,0,NA,0,NA,NA,0
2003,4,20,NA,0,NA,0,NA,0,NA,0,NA,0,NA,NA,0
2003,4,21,NA,0,NA,0,NA,0,NA,0,NA,0,NA,NA,0
2003,4,22,NA,0,NA,0,NA,0,NA,0,NA,0,NA,NA,0
2003,4,23,NA,0,NA,0,NA,0,NA,0,NA,0,NA,NA,0
2003,4,24,NA,0,NA,0,NA,0,NA,0,NA,0,NA,NA,0
2003,4,25,NA,0,NA,0,NA,0,NA,0,NA,0,NA,NA,0
2003,4,26,NA,0,NA,0,NA,0,NA,0,NA,0,NA,NA,0
2003,4,27,NA,0,NA,0,NA,0,NA,0,NA,0,NA,NA,0
2003,4,28,NA,0,NA,0,NA,0,NA,0,NA,0,NA,NA,0
2003,4,29,NA,0,NA,0,NA,0,NA,0,NA,0,NA,NA,0
2003,4,30,NA,0,NA,0,NA,0,NA,0,NA,0,NA,NA,0
2003,5,1,NA,0,NA,0,NA,0,NA,0,NA,0,NA,NA,0
2003,5,2,NA,0,NA,0,NA,0,NA,0,NA,0,NA,NA,0
2003,5,3,NA,0,NA,0,NA,0,NA,0,NA,0,NA,NA,0
2003,5,4,NA,0,NA,0,NA,0,NA,0,NA,0,NA,NA,0
2003,5,5,NA,0,NA,0,NA,0,NA,0,NA,0,NA,NA,0
2003,5,6,NA,0,NA,0,NA,0,NA,0,NA,0,NA,NA,0
2003,5,7,NA,0,NA,0,NA,0,NA,0,NA,0,NA,NA,0
2003,5,8,NA,0,NA,0,NA,0,NA,0,NA,0,NA,NA,0
2003,5,9,NA,0,NA,0,NA,0,NA,0,NA,0,NA,NA,0
2003,5,10,NA,0,NA,0,NA,0,NA,0,NA,0,NA,NA,0
2003,5,11,NA,0,NA,0,NA,0,NA,0,NA,0,NA,NA,0
2003,5,12,NA,0,NA,0,NA,0,NA,0,NA,0,NA,NA,0
2003,5,13,NA,0,NA,0,NA,0,NA,0,NA,0,NA,NA,0
2003,5,14,NA,0,NA,0,NA,0,NA,0,NA,0,NA,NA,0
2003,5,15,NA,0,NA,0,NA,0,NA,0,NA,0,NA,NA,0
2003,5,16,NA,0,NA,0,NA,0,NA,0,NA,0,NA,NA,0
2003,5,17,NA,0,NA,0,NA,0,NA,0,NA,0,NA,NA,0
2003,5,18,NA,0,NA,0,NA,0,NA,0,NA,0,NA,NA,0
2003,5,19,NA,0,NA,0,NA,0,NA,0,NA,0,NA,NA,0
2003,5,20,NA,0,NA,0,NA,0,NA,0,NA,0,NA,NA,0
2003,5,21,NA,0,NA,0,NA,0,NA,0,NA,0,NA,NA,0
2003,5,22,NA,0,NA,0,NA,0,NA,0,NA,0,NA,NA,0
2003,5,23,NA,0,NA,0,NA,0,NA,0,NA,0,NA,NA,0
2003,5,24,NA,0,NA,0,NA,0,NA,0,NA,0,NA,NA,0
2003,5,25,NA,0,NA,0,NA,0,NA,0,NA,0,NA,NA,0
2003,5,26,NA,0,NA,0,NA,0,NA,0,NA,0,NA,NA,0
2003,5,27,NA,0,NA,0,NA,0,NA,0,NA,0,NA,NA,0
2003,5,28,NA,0,NA,0,NA,0,NA,0,NA,0,NA,NA,0
2003,5,29,NA,0,NA,0,NA,0,NA,0,NA,0,NA,NA,0
2003,5,30,NA,0,NA,0,NA,0,NA,0,NA,0,NA,NA,0
2003,5,31,NA,0,NA,0,NA,0,NA,0,NA,0,NA,NA,0
2003,6,1,NA,0,NA,0,NA,0,NA,0,NA,0,NA,NA,0
2003,6,2,NA,0,NA,0,NA,0,NA,0,NA,0,NA,NA,0
2003,6,3,NA,0,NA,0,NA,0,NA,0,NA,0,NA,NA,0
2003,6,4,NA,0,NA,0,NA,0,NA,0,NA,0,NA,NA,0
2003,6,5,NA,0,NA,0,NA,0,NA,0,NA,0,NA,NA,0
2003,6,6,NA,0,NA,0,NA,0,NA,0,NA,0,NA,NA,0
2003,6,7,NA,0,NA,0,NA,0,NA,0,NA,0,NA,NA,0
2003,6,8,NA,0,NA,0,NA,0,NA,0,NA,0,NA,NA,0
2003,6,9,NA,0,NA,0,NA,0,NA,0,NA,0,NA,NA,0
2003,6,10,NA,0,NA,0,NA,0,NA,0,NA,0,NA,NA,0
2003,6,11,NA,0,NA,0,NA,0,NA,0,NA,0,NA,NA,0
2003,6,12,NA,0,NA,0,NA,0,NA,0,NA,0,NA,NA,0
2003,6,13,NA,0,NA,0,NA,0,NA,0,NA,0,NA,NA,0
2003,6,14,NA,0,NA,0,NA,0,NA,0,NA,0,NA,NA,0
2003,6,15,NA,0,NA,0,NA,0,NA,0,NA,0,NA,NA,0
2003,6,16,NA,0,NA,0,NA,0,NA,0,NA,0,NA,NA,0
2003,6,17,NA,0,NA,0,NA,0,NA,0,NA,0,NA,NA,0
2003,6,18,NA,0,NA,0,NA,0,NA,0,NA,0,NA,NA,0
2003,6,19,NA,0,NA,0,NA,0,NA,0,NA,0,NA,NA,0
2003,6,20,NA,0,NA,0,NA,0,NA,0,NA,0,NA,NA,0
2003,6,21,NA,0,NA,0,NA,0,NA,0,NA,0,NA,NA,0
2003,6,22,NA,0,NA,0,NA,0,NA,0,NA,0,NA,NA,0
2003,6,23,NA,0,NA,0,NA,0,NA,0,NA,0,NA,NA,0
2003,6,24,NA,0,NA,0,NA,0,NA,0,NA,0,NA,NA,0
2003,6,25,NA,0,NA,0,NA,0,NA,0,NA,0,NA,NA,0
2003,6,26,NA,0,NA,0,NA,0,NA,0,NA,0,NA,NA,0
2003,6,27,NA,0,NA,0,NA,0,NA,0,NA,0,NA,NA,0
2003,6,28,NA,0,NA,0,NA,0,NA,0,NA,0,NA,NA,0
2003,6,29,NA,0,NA,0,NA,0,NA,0,NA,0,NA,NA,0
2003,6,30,NA,0,NA,0,NA,0,NA,0,NA,0,NA,NA,0
2003,7,1,NA,0,NA,0,NA,0,NA,0,NA,0,NA,NA,0
2003,7,2,NA,0,NA,0,NA,0,NA,0,NA,0,NA,NA,0
2003,7,3,NA,0,NA,0,NA,0,NA,0,NA,0,NA,NA,0
2003,7,4,NA,0,NA,0,NA,0,NA,0,NA,0,NA,NA,0
2003,7,5,NA,0,NA,0,NA,0,NA,0,NA,0,NA,NA,0
2003,7,6,NA,0,NA,0,NA,0,NA,0,NA,0,NA,NA,0
2003,7,7,NA,0,NA,0,NA,0,NA,0,NA,0,NA,NA,0
2003,7,8,NA,0,NA,0,NA,0,NA,0,NA,0,NA,NA,0
2003,7,9,NA,0,NA,0,NA,0,NA,0,NA,0,NA,NA,0
2003,7,10,NA,0,NA,0,NA,0,NA,0,NA,0,NA,NA,0
2003,7,11,NA,0,NA,0,NA,0,NA,0,NA,0,NA,NA,0
2003,7,12,NA,0,NA,0,NA,0,NA,0,NA,0,NA,NA,0
2003,7,13,NA,0,NA,0,NA,0,NA,0,NA,0,NA,NA,0
2003,7,14,NA,0,NA,0,NA,0,NA,0,NA,0,NA,NA,0
2003,7,15,NA,0,NA,0,NA,0,NA,0,NA,0,NA,NA,0
2003,7,16,NA,0,NA,0,NA,0,NA,0,NA,0,NA,NA,0
2003,7,17,NA,0,NA,0,NA,0,NA,0,NA,0,NA,NA,0
2003,7,18,NA,0,NA,0,NA,0,NA,0,NA,0,NA,NA,0
2003,7,19,NA,0,NA,0,NA,0,NA,0,NA,0,NA,NA,0
2003,7,20,NA,0,NA,0,NA,0,NA,0,NA,0,NA,NA,0
2003,7,21,NA,0,NA,0,NA,0,NA,0,NA,0,NA,NA,0
2003,7,22,NA,0,NA,0,NA,0,NA,0,NA,0,NA,NA,0
2003,7,23,NA,0,NA,0,NA,0,NA,0,NA,0,NA,NA,0
2003,7,24,NA,0,NA,0,NA,0,NA,0,NA,0,NA,NA,0
2003,7,25,NA,0,NA,0,NA,0,NA,0,NA,0,NA,NA,0
2003,7,26,NA,0,NA,0,NA,0,NA,0,NA,0,NA,NA,0
2003,7,27,NA,0,NA,0,NA,0,NA,0,NA,0,NA,NA,0
2003,7,28,NA,0,NA,0,NA,0,NA,0,NA,0,NA,NA,0
2003,7,29,NA,0,NA,0,NA,0,NA,0,NA,0,NA,NA,0
2003,7,30,NA,0,NA,0,NA,0,NA,0,NA,0,NA,NA,0
2003,7,31,NA,0,NA,0,NA,0,NA,0,NA,0,NA,NA,0
2003,8,1,NA,0,NA,0,NA,0,NA,0,NA,0,NA,NA,0
2003,8,2,NA,0,NA,0,NA,0,NA,0,NA,0,NA,NA,0
2003,8,3,NA,0,NA,0,NA,0,NA,0,NA,0,NA,NA,0
2003,8,4,NA,0,NA,0,NA,0,NA,0,NA,0,NA,NA,0
2003,8,5,NA,0,NA,0,NA,0,NA,0,NA,0,NA,NA,0
2003,8,6,NA,0,NA,0,NA,0,NA,0,NA,0,NA,NA,0
2003,8,7,NA,0,NA,0,NA,0,NA,0,NA,0,NA,NA,0
2003,8,8,NA,0,NA,0,NA,0,NA,0,NA,0,NA,NA,0
2003,8,9,NA,0,NA,0,NA,0,NA,0,NA,0,NA,NA,0
2003,8,10,NA,0,NA,0,NA,0,NA,0,NA,0,NA,NA,0
2003,8,11,NA,0,NA,0,NA,0,NA,0,NA,0,NA,NA,0
2003,8,12,NA,0,NA,0,NA,0,NA,0,NA,0,NA,NA,0
2003,8,13,NA,0,NA,0,NA,0,NA,0,NA,0,NA,NA,0
2003,8,14,NA,0,NA,0,NA,0,NA,0,NA,0,NA,NA,0
2003,8,15,NA,0,NA,0,NA,0,NA,0,NA,0,NA,NA,0
2003,8,16,NA,0,NA,0,NA,0,NA,0,NA,0,NA,NA,0
2003,8,17,NA,0,NA,0,NA,0,NA,0,NA,0,NA,NA,0
2003,8,18,NA,0,NA,0,NA,0,NA,0,NA,0,NA,NA,0
2003,8,19,NA,0,NA,0,NA,0,NA,0,NA,0,NA,NA,0
2003,8,20,NA,0,NA,0,NA,0,NA,0,NA,0,NA,NA,0
2003,8,21,NA,0,NA,0,NA,0,NA,0,NA,0,NA,NA,0
2003,8,22,NA,0,NA,0,NA,0,NA,0,NA,0,NA,NA,0
2003,8,23,NA,0,NA,0,NA,0,NA,0,NA,0,NA,NA,0
2003,8,24,NA,0,NA,0,NA,0,NA,0,NA,0,NA,NA,0
2003,8,25,NA,0,NA,0,NA,0,NA,0,NA,0,NA,NA,0
2003,8,26,NA,0,NA,0,NA,0,NA,0,NA,0,NA,NA,0
2003,8,27,NA,0,NA,0,NA,0,NA,0,NA,0,NA,NA,0
2003,8,28,NA,0,NA,0,NA,0,NA,0,NA,0,NA,NA,0
2003,8,29,NA,0,NA,0,NA,0,NA,0,NA,0,NA,NA,0
2003,8,30,NA,0,NA,0,NA,0,NA,0,NA,0,NA,NA,0
2003,8,31,NA,0,NA,0,NA,0,NA,0,NA,0,NA,NA,0
2003,9,1,NA,0,NA,0,NA,0,NA,0,NA,0,NA,NA,0
2003,9,2,NA,0,NA,0,NA,0,NA,0,NA,0,NA,NA,0
2003,9,3,NA,0,NA,0,NA,0,NA,0,NA,0,NA,NA,0
2003,9,4,NA,0,NA,0,NA,0,NA,0,NA,0,NA,NA,0
2003,9,5,NA,0,NA,0,NA,0,NA,0,NA,0,NA,NA,0
2003,9,6,NA,0,NA,0,NA,0,NA,0,NA,0,NA,NA,0
2003,9,7,NA,0,NA,0,NA,0,NA,0,NA,0,NA,NA,0
2003,9,8,NA,0,NA,0,NA,0,NA,0,NA,0,NA,NA,0
2003,9,9,NA,0,NA,0,NA,0,NA,0,NA,0,NA,NA,0
2003,9,10,NA,0,NA,0,NA,0,NA,0,NA,0,NA,NA,0
2003,9,11,NA,0,NA,0,NA,0,NA,0,NA,0,NA,NA,0
2003,9,12,NA,0,NA,0,NA,0,NA,0,NA,0,NA,NA,0
2003,9,13,NA,0,NA,0,NA,0,NA,0,NA,0,NA,NA,0
2003,9,14,NA,0,NA,0,NA,0,NA,0,NA,0,NA,NA,0
2003,9,15,NA,0,NA,0,NA,0,NA,0,NA,0,NA,NA,0
2003,9,16,NA,0,NA,0,NA,0,NA,0,NA,0,NA,NA,0
2003,9,17,NA,0,NA,0,NA,0,NA,0,NA,0,NA,NA,0
2003,9,18,NA,0,NA,0,NA,0,NA,0,NA,0,NA,NA,0
2003,9,19,NA,0,NA,0,NA,0,NA,0,NA,0,NA,NA,0
2003,9,20,NA,0,NA,0,NA,0,NA,0,NA,0,NA,NA,0
2003,9,21,NA,0,NA,0,NA,0,NA,0,NA,0,NA,NA,0
2003,9,22,NA,0,NA,0,NA,0,NA,0,NA,0,NA,NA,0
2003,9,23,NA,0,NA,0,NA,0,NA,0,NA,0,NA,NA,0
2003,9,24,NA,0,NA,0,NA,0,NA,0,NA,0,NA,NA,0
2003,9,25,NA,0,NA,0,NA,0,NA,0,NA,0,NA,NA,0
2003,9,26,NA,0,NA,0,NA,0,NA,0,NA,0,NA,NA,0
2003,9,27,NA,0,NA,0,NA,0,NA,0,NA,0,NA,NA,0
2003,9,28,NA,0,NA,0,NA,0,NA,0,NA,0,NA,NA,0
2003,9,29,NA,0,NA,0,NA,0,NA,0,NA,0,NA,NA,0
2003,9,30,NA,0,NA,0,NA,0,NA,0,NA,0,NA,NA,0
2003,10,1,NA,0,NA,0,NA,0,NA,0,NA,0,NA,NA,0
2003,10,2,NA,0,NA,0,NA,0,NA,0,NA,0,NA,NA,0
2003,10,3,NA,0,NA,0,NA,0,NA,0,NA,0,NA,NA,0
2003,10,4,NA,0,NA,0,NA,0,NA,0,NA,0,NA,NA,0
2003,10,5,NA,0,NA,0,NA,0,NA,0,NA,0,NA,NA,0
2003,10,6,NA,0,NA,0,NA,0,NA,0,NA,0,NA,NA,0
2003,10,7,NA,0,NA,0,NA,0,NA,0,NA,0,NA,NA,0
2003,10,8,NA,0,NA,0,NA,0,NA,0,NA,0,NA,NA,0
2003,10,9,NA,0,NA,0,NA,0,NA,0,NA,0,NA,NA,0
2003,10,10,NA,0,NA,0,NA,0,NA,0,NA,0,NA,NA,0
2003,10,11,NA,0,NA,0,NA,0,NA,0,NA,0,NA,NA,0
2003,10,12,NA,0,NA,0,NA,0,NA,0,NA,0,NA,NA,0
2003,10,13,NA,0,NA,0,NA,0,NA,0,NA,0,NA,NA,0
2003,10,14,NA,0,NA,0,NA,0,NA,0,NA,0,NA,NA,0
2003,10,15,NA,0,NA,0,NA,0,NA,0,NA,0,NA,NA,0
2003,10,16,NA,0,NA,0,NA,0,NA,0,NA,0,NA,NA,0
2003,10,17,NA,0,NA,0,NA,0,NA,0,NA,0,NA,NA,0
2003,10,18,NA,0,NA,0,NA,0,NA,0,NA,0,NA,NA,0
2003,10,19,NA,0,NA,0,NA,0,NA,0,NA,0,NA,NA,0
2003,10,20,NA,0,NA,0,NA,0,NA,0,NA,0,NA,NA,0
2003,10,21,NA,0,NA,0,NA,0,NA,0,NA,0,NA,NA,0
2003,10,22,NA,0,NA,0,NA,0,NA,0,NA,0,NA,NA,0
2003,10,23,NA,0,NA,0,NA,0,NA,0,NA,0,NA,NA,0
2003,10,24,NA,0,NA,0,NA,0,NA,0,NA,0,NA,NA,0
2003,10,25,NA,0,NA,0,NA,0,NA,0,NA,0,NA,NA,0
2003,10,26,NA,0,NA,0,NA,0,NA,0,NA,0,NA,NA,0
2003,10,27,NA,0,NA,0,NA,0,NA,0,NA,0,NA,NA,0
2003,10,28,NA,0,NA,0,NA,0,NA,0,NA,0,NA,NA,0
2003,10,29,NA,0,NA,0,NA,0,NA,0,NA,0,NA,NA,0
2003,10,30,NA,0,NA,0,NA,0,NA,0,NA,0,NA,NA,0
2003,10,31,NA,0,NA,0,NA,0,NA,0,NA,0,NA,NA,0
2003,11,1,NA,0,NA,0,NA,0,NA,0,NA,0,NA,NA,0
2003,11,2,NA,0,NA,0,NA,0,NA,0,NA,0,NA,NA,0
2003,11,3,NA,0,NA,0,NA,0,NA,0,NA,0,NA,NA,0
2003,11,4,NA,0,NA,0,NA,0,NA,0,NA,0,NA,NA,0
2003,11,5,NA,0,NA,0,NA,0,NA,0,NA,0,NA,NA,0
2003,11,6,NA,0,NA,0,NA,0,NA,0,NA,0,NA,NA,0
2003,11,7,NA,0,NA,0,NA,0,NA,0,NA,0,NA,NA,0
2003,11,8,NA,0,NA,0,NA,0,NA,0,NA,0,NA,NA,0
2003,11,9,NA,0,NA,0,NA,0,NA,0,NA,0,NA,NA,0
2003,11,10,NA,0,NA,0,NA,0,NA,0,NA,0,NA,NA,0
2003,11,11,NA,0,NA,0,NA,0,NA,0,NA,0,NA,NA,0
2003,11,12,NA,0,NA,0,NA,0,NA,0,NA,0,NA,NA,0
2003,11,13,NA,0,NA,0,NA,0,NA,0,NA,0,NA,NA,0
2003,11,14,NA,0,NA,0,NA,0,NA,0,NA,0,NA,NA,0
2003,11,15,NA,0,NA,0,NA,0,NA,0,NA,0,NA,NA,0
2003,11,16,NA,0,NA,0,NA,0,NA,0,NA,0,NA,NA,0
2003,11,17,NA,0,NA,0,NA,0,NA,0,NA,0,NA,NA,0
2003,11,18,NA,0,NA,0,NA,0,NA,0,NA,0,NA,NA,0
2003,11,19,NA,0,NA,0,NA,0,NA,0,NA,0,NA,NA,0
2003,11,20,NA,0,NA,0,NA,0,NA,0,NA,0,NA,NA,0
2003,11,21,NA,0,NA,0,NA,0,NA,0,NA,0,NA,NA,0
2003,11,22,NA,0,NA,0,NA,0,NA,0,NA,0,NA,NA,0
2003,11,23,NA,0,NA,0,NA,0,NA,0,NA,0,NA,NA,0
2003,11,24,NA,0,NA,0,NA,0,NA,0,NA,0,NA,NA,0
2003,11,25,NA,0,NA,0,NA,0,NA,0,NA,0,NA,NA,0
2003,11,26,NA,0,NA,0,NA,0,NA,0,NA,0,NA,NA,0
2003,11,27,NA,0,NA,0,NA,0,NA,0,NA,0,NA,NA,0
2003,11,28,NA,0,NA,0,NA,0,NA,0,NA,0,NA,NA,0
2003,11,29,NA,0,NA,0,NA,0,NA,0,NA,0,NA,NA,0
2003,11,30,NA,0,NA,0,NA,0,NA,0,NA,0,NA,NA,0
2003,12,1,NA,0,NA,0,NA,0,NA,0,NA,0,NA,NA,0
2003,12,2,NA,0,NA,0,NA,0,NA,0,NA,0,NA,NA,0
2003,12,3,NA,0,NA,0,NA,0,NA,0,NA,0,NA,NA,0
2003,12,4,NA,0,NA,0,NA,0,NA,0,NA,0,NA,NA,0
2003,12,5,NA,0,NA,0,NA,0,NA,0,NA,0,NA,NA,0
2003,12,6,NA,0,NA,0,NA,0,NA,0,NA,0,NA,NA,0
2003,12,7,NA,0,NA,0,NA,0,NA,0,NA,0,NA,NA,0
2003,12,8,NA,0,NA,0,NA,0,NA,0,NA,0,NA,NA,0
2003,12,9,NA,0,NA,0,NA,0,NA,0,NA,0,NA,NA,0
2003,12,10,NA,0,NA,0,NA,0,NA,0,NA,0,NA,NA,0
2003,12,11,NA,0,NA,0,NA,0,NA,0,NA,0,NA,NA,0
2003,12,12,NA,0,NA,0,NA,0,NA,0,NA,0,NA,NA,0
2003,12,13,NA,0,NA,0,NA,0,NA,0,NA,0,NA,NA,0
2003,12,14,NA,0,NA,0,NA,0,NA,0,NA,0,NA,NA,0
2003,12,15,NA,0,NA,0,NA,0,NA,0,NA,0,NA,NA,0
2003,12,16,NA,0,NA,0,NA,0,NA,0,NA,0,NA,NA,0
2003,12,17,NA,0,NA,0,NA,0,NA,0,NA,0,NA,NA,0
2003,12,18,NA,0,NA,0,NA,0,NA,0,NA,0,NA,NA,0
2003,12,19,NA,0,NA,0,NA,0,NA,0,NA,0,NA,NA,0
2003,12,20,NA,0,NA,0,NA,0,NA,0,NA,0,NA,NA,0
2003,12,21,NA,0,NA,0,NA,0,NA,0,NA,0,NA,NA,0
2003,12,22,NA,0,NA,0,NA,0,NA,0,NA,0,NA,NA,0
2003,12,23,NA,0,NA,0,NA,0,NA,0,NA,0,NA,NA,0
2003,12,24,NA,0,NA,0,NA,0,NA,0,NA,0,NA,NA,0
2003,12,25,NA,0,NA,0,NA,0,NA,0,NA,0,NA,NA,0
2003,12,26,NA,0,NA,0,NA,0,NA,0,NA,0,NA,NA,0
2003,12,27,NA,0,NA,0,NA,0,NA,0,NA,0,NA,NA,0
2003,12,28,NA,0,NA,0,NA,0,NA,0,NA,0,NA,NA,0
2003,12,29,NA,0,NA,0,NA,0,NA,0,NA,0,NA,NA,0
2003,12,30,NA,0,NA,0,NA,0,NA,0,NA,0,NA,NA,0
2003,12,31,NA,0,NA,0,NA,0,NA,0,NA,0,NA,NA,0
2004,1,1,NA,0,NA,0,NA,0,NA,0,NA,0,NA,NA,0
2004,1,2,NA,0,NA,0,NA,0,NA,0,NA,0,NA,NA,0
2004,1,3,NA,0,NA,0,NA,0,NA,0,NA,0,NA,NA,0
2004,1,4,NA,0,NA,0,NA,0,NA,0,NA,0,NA,NA,0
2004,1,5,NA,0,NA,0,NA,0,NA,0,NA,0,NA,NA,0
2004,1,6,NA,0,NA,0,NA,0,NA,0,NA,0,NA,NA,0
2004,1,7,NA,0,NA,0,NA,0,NA,0,NA,0,NA,NA,0
2004,1,8,NA,0,NA,0,NA,0,NA,0,NA,0,NA,NA,0
2004,1,9,NA,0,NA,0,NA,0,NA,0,NA,0,NA,NA,0
2004,1,10,NA,0,NA,0,NA,0,NA,0,NA,0,NA,NA,0
2004,1,11,NA,0,NA,0,NA,0,NA,0,NA,0,NA,NA,0
2004,1,12,NA,0,NA,0,NA,0,NA,0,NA,0,NA,NA,0
2004,1,13,NA,0,NA,0,NA,0,NA,0,NA,0,NA,NA,0
2004,1,14,NA,0,NA,0,NA,0,NA,0,NA,0,NA,NA,0
2004,1,15,NA,0,NA,0,NA,0,NA,0,NA,0,NA,NA,0
2004,1,16,NA,0,NA,0,NA,0,NA,0,NA,0,NA,NA,0
2004,1,17,NA,0,NA,0,NA,0,NA,0,NA,0,NA,NA,0
2004,1,18,NA,0,NA,0,NA,0,NA,0,NA,0,NA,NA,0
2004,1,19,NA,0,NA,0,NA,0,NA,0,NA,0,NA,NA,0
2004,1,20,NA,0,NA,0,NA,0,NA,0,NA,0,NA,NA,0
2004,1,21,NA,0,NA,0,NA,0,NA,0,NA,0,NA,NA,0
2004,1,22,NA,0,NA,0,NA,0,NA,0,NA,0,NA,NA,0
2004,1,23,NA,0,NA,0,NA,0,NA,0,NA,0,NA,NA,0
2004,1,24,NA,0,NA,0,NA,0,NA,0,NA,0,NA,NA,0
2004,1,25,NA,0,NA,0,NA,0,NA,0,NA,0,NA,NA,0
2004,1,26,NA,0,NA,0,NA,0,NA,0,NA,0,NA,NA,0
2004,1,27,NA,0,NA,0,NA,0,NA,0,NA,0,NA,NA,0
2004,1,28,NA,0,NA,0,NA,0,NA,0,NA,0,NA,NA,0
2004,1,29,NA,0,NA,0,NA,0,NA,0,NA,0,NA,NA,0
2004,1,30,NA,0,NA,0,NA,0,NA,0,NA,0,NA,NA,0
2004,1,31,NA,0,NA,0,NA,0,NA,0,NA,0,NA,NA,0
2004,2,1,NA,0,NA,0,NA,0,NA,0,NA,0,NA,NA,0
2004,2,2,NA,0,NA,0,NA,0,NA,0,NA,0,NA,NA,0
2004,2,3,NA,0,NA,0,NA,0,NA,0,NA,0,NA,NA,0
2004,2,4,NA,0,NA,0,NA,0,NA,0,NA,0,NA,NA,0
2004,2,5,NA,0,NA,0,NA,0,NA,0,NA,0,NA,NA,0
2004,2,6,NA,0,NA,0,NA,0,NA,0,NA,0,NA,NA,0
2004,2,7,NA,0,NA,0,NA,0,NA,0,NA,0,NA,NA,0
2004,2,8,NA,0,NA,0,NA,0,NA,0,NA,0,NA,NA,0
2004,2,9,NA,0,NA,0,NA,0,NA,0,NA,0,NA,NA,0
2004,2,10,NA,0,NA,0,NA,0,NA,0,NA,0,NA,NA,0
2004,2,11,NA,0,NA,0,NA,0,NA,0,NA,0,NA,NA,0
2004,2,12,NA,0,NA,0,NA,0,NA,0,NA,0,NA,NA,0
2004,2,13,NA,0,NA,0,NA,0,NA,0,NA,0,NA,NA,0
2004,2,14,NA,0,NA,0,NA,0,NA,0,NA,0,NA,NA,0
2004,2,15,NA,0,NA,0,NA,0,NA,0,NA,0,NA,NA,0
2004,2,16,NA,0,NA,0,NA,0,NA,0,NA,0,NA,NA,0
2004,2,17,NA,0,NA,0,NA,0,NA,0,NA,0,NA,NA,0
2004,2,18,NA,0,NA,0,NA,0,NA,0,NA,0,NA,NA,0
2004,2,19,NA,0,NA,0,NA,0,NA,0,NA,0,NA,NA,0
2004,2,20,NA,0,NA,0,NA,0,NA,0,NA,0,NA,NA,0
2004,2,21,NA,0,NA,0,NA,0,NA,0,NA,0,NA,NA,0
2004,2,22,NA,0,NA,0,NA,0,NA,0,NA,0,NA,NA,0
2004,2,23,NA,0,NA,0,NA,0,NA,0,NA,0,NA,NA,0
2004,2,24,NA,0,NA,0,NA,0,NA,0,NA,0,NA,NA,0
2004,2,25,NA,0,NA,0,NA,0,NA,0,NA,0,NA,NA,0
2004,2,26,NA,0,NA,0,NA,0,NA,0,NA,0,NA,NA,0
2004,2,27,NA,0,NA,0,NA,0,NA,0,NA,0,NA,NA,0
2004,2,28,NA,0,NA,0,NA,0,NA,0,NA,0,NA,NA,0
2004,2,29,NA,0,NA,0,NA,0,NA,0,NA,0,NA,NA,0
2004,3,1,NA,0,NA,0,NA,0,NA,0,NA,0,NA,NA,0
2004,3,2,NA,0,NA,0,NA,0,NA,0,NA,0,NA,NA,0
2004,3,3,NA,0,NA,0,NA,0,NA,0,NA,0,NA,NA,0
2004,3,4,NA,0,NA,0,NA,0,NA,0,NA,0,NA,NA,0
2004,3,5,NA,0,NA,0,NA,0,NA,0,NA,0,NA,NA,0
2004,3,6,NA,0,NA,0,NA,0,NA,0,NA,0,NA,NA,0
2004,3,7,NA,0,NA,0,NA,0,NA,0,NA,0,NA,NA,0
2004,3,8,NA,0,NA,0,NA,0,NA,0,NA,0,NA,NA,0
2004,3,9,NA,0,NA,0,NA,0,NA,0,NA,0,NA,NA,0
2004,3,10,NA,0,NA,0,NA,0,NA,0,NA,0,NA,NA,0
2004,3,11,NA,0,NA,0,NA,0,NA,0,NA,0,NA,NA,0
2004,3,12,NA,0,NA,0,NA,0,NA,0,NA,0,NA,NA,0
2004,3,13,NA,0,NA,0,NA,0,NA,0,NA,0,NA,NA,0
2004,3,14,NA,0,NA,0,NA,0,NA,0,NA,0,NA,NA,0
2004,3,15,NA,0,NA,0,NA,0,NA,0,NA,0,NA,NA,0
2004,3,16,NA,0,NA,0,NA,0,NA,0,NA,0,NA,NA,0
2004,3,17,NA,0,NA,0,NA,0,NA,0,NA,0,NA,NA,0
2004,3,18,NA,0,NA,0,NA,0,NA,0,NA,0,NA,NA,0
2004,3,19,NA,0,NA,0,NA,0,NA,0,NA,0,NA,NA,0
2004,3,20,NA,0,NA,0,NA,0,NA,0,NA,0,NA,NA,0
2004,3,21,NA,0,NA,0,NA,0,NA,0,NA,0,NA,NA,0
2004,3,22,NA,0,NA,0,NA,0,NA,0,NA,0,NA,NA,0
2004,3,23,NA,0,NA,0,NA,0,NA,0,NA,0,NA,NA,0
2004,3,24,NA,0,NA,0,NA,0,NA,0,NA,0,NA,NA,0
2004,3,25,NA,0,NA,0,NA,0,NA,0,NA,0,NA,NA,0
2004,3,26,NA,0,NA,0,NA,0,NA,0,NA,0,NA,NA,0
2004,3,27,NA,0,NA,0,NA,0,NA,0,NA,0,NA,NA,0
2004,3,28,NA,0,NA,0,NA,0,NA,0,NA,0,NA,NA,0
2004,3,29,NA,0,NA,0,NA,0,NA,0,NA,0,NA,NA,0
2004,3,30,NA,0,NA,0,NA,0,NA,0,NA,0,NA,NA,0
2004,3,31,NA,0,NA,0,NA,0,NA,0,NA,0,NA,NA,0
2004,4,1,NA,0,NA,0,NA,0,NA,0,NA,0,NA,NA,0
2004,4,2,NA,0,NA,0,NA,0,NA,0,NA,0,NA,NA,0
2004,4,3,NA,0,NA,0,NA,0,NA,0,NA,0,NA,NA,0
2004,4,4,NA,0,NA,0,NA,0,NA,0,NA,0,NA,NA,0
2004,4,5,NA,0,NA,0,NA,0,NA,0,NA,0,NA,NA,0
2004,4,6,NA,0,NA,0,NA,0,NA,0,NA,0,NA,NA,0
2004,4,7,NA,0,NA,0,NA,0,NA,0,NA,0,NA,NA,0
2004,4,8,NA,0,NA,0,NA,0,NA,0,NA,0,NA,NA,0
2004,4,9,NA,0,NA,0,NA,0,NA,0,NA,0,NA,NA,0
2004,4,10,NA,0,NA,0,NA,0,NA,0,NA,0,NA,NA,0
2004,4,11,NA,0,NA,0,NA,0,NA,0,NA,0,NA,NA,0
2004,4,12,NA,0,NA,0,NA,0,NA,0,NA,0,NA,NA,0
2004,4,13,NA,0,NA,0,NA,0,NA,0,NA,0,NA,NA,0
2004,4,14,NA,0,NA,0,NA,0,NA,0,NA,0,NA,NA,0
2004,4,15,NA,0,NA,0,NA,0,NA,0,NA,0,NA,NA,0
2004,4,16,NA,0,NA,0,NA,0,NA,0,NA,0,NA,NA,0
2004,4,17,NA,0,NA,0,NA,0,NA,0,NA,0,NA,NA,0
2004,4,18,NA,0,NA,0,NA,0,NA,0,NA,0,NA,NA,0
2004,4,19,NA,0,NA,0,NA,0,NA,0,NA,0,NA,NA,0
2004,4,20,NA,0,NA,0,NA,0,NA,0,NA,0,NA,NA,0
2004,4,21,NA,0,NA,0,NA,0,NA,0,NA,0,NA,NA,0
2004,4,22,NA,0,NA,0,NA,0,NA,0,NA,0,NA,NA,0
2004,4,23,NA,0,NA,0,NA,0,NA,0,NA,0,NA,NA,0
2004,4,24,NA,0,NA,0,NA,0,NA,0,NA,0,NA,NA,0
2004,4,25,NA,0,NA,0,NA,0,NA,0,NA,0,NA,NA,0
2004,4,26,NA,0,NA,0,NA,0,NA,0,NA,0,NA,NA,0
2004,4,27,NA,0,NA,0,NA,0,NA,0,NA,0,NA,NA,0
2004,4,28,NA,0,NA,0,NA,0,NA,0,NA,0,NA,NA,0
2004,4,29,NA,0,NA,0,NA,0,NA,0,NA,0,NA,NA,0
2004,4,30,NA,0,NA,0,NA,0,NA,0,NA,0,NA,NA,0
2004,5,1,NA,0,NA,0,NA,0,NA,0,NA,0,NA,NA,0
2004,5,2,NA,0,NA,0,NA,0,NA,0,NA,0,NA,NA,0
2004,5,3,NA,0,NA,0,NA,0,NA,0,NA,0,NA,NA,0
2004,5,4,NA,0,NA,0,NA,0,NA,0,NA,0,NA,NA,0
2004,5,5,NA,0,NA,0,NA,0,NA,0,NA,0,NA,NA,0
2004,5,6,NA,0,NA,0,NA,0,NA,0,NA,0,NA,NA,0
2004,5,7,NA,0,NA,0,NA,0,NA,0,NA,0,NA,NA,0
2004,5,8,NA,0,NA,0,NA,0,NA,0,NA,0,NA,NA,0
2004,5,9,NA,0,NA,0,NA,0,NA,0,NA,0,NA,NA,0
2004,5,10,NA,0,NA,0,NA,0,NA,0,NA,0,NA,NA,0
2004,5,11,NA,0,NA,0,NA,0,NA,0,NA,0,NA,NA,0
2004,5,12,NA,0,NA,0,NA,0,NA,0,NA,0,NA,NA,0
2004,5,13,NA,0,NA,0,NA,0,NA,0,NA,0,NA,NA,0
2004,5,14,NA,0,NA,0,NA,0,NA,0,NA,0,NA,NA,0
2004,5,15,NA,0,NA,0,NA,0,NA,0,NA,0,NA,NA,0
2004,5,16,NA,0,NA,0,NA,0,NA,0,NA,0,NA,NA,0
2004,5,17,NA,0,NA,0,NA,0,NA,0,NA,0,NA,NA,0
2004,5,18,NA,0,NA,0,NA,0,NA,0,NA,0,NA,NA,0
2004,5,19,NA,0,NA,0,NA,0,NA,0,NA,0,NA,NA,0
2004,5,20,NA,0,NA,0,NA,0,NA,0,NA,0,NA,NA,0
2004,5,21,NA,0,NA,0,NA,0,NA,0,NA,0,NA,NA,0
2004,5,22,NA,0,NA,0,NA,0,NA,0,NA,0,NA,NA,0
2004,5,23,NA,0,NA,0,NA,0,NA,0,NA,0,NA,NA,0
2004,5,24,NA,0,NA,0,NA,0,NA,0,NA,0,NA,NA,0
2004,5,25,NA,0,NA,0,NA,0,NA,0,NA,0,NA,NA,0
2004,5,26,NA,0,NA,0,NA,0,NA,0,NA,0,NA,NA,0
2004,5,27,NA,0,NA,0,NA,0,NA,0,NA,0,NA,NA,0
2004,5,28,NA,0,NA,0,NA,0,NA,0,NA,0,NA,NA,0
2004,5,29,NA,0,NA,0,NA,0,NA,0,NA,0,NA,NA,0
2004,5,30,NA,0,NA,0,NA,0,NA,0,NA,0,NA,NA,0
2004,5,31,NA,0,NA,0,NA,0,NA,0,NA,0,NA,NA,0
2004,6,1,NA,0,NA,0,NA,0,NA,0,NA,0,NA,NA,0
2004,6,2,NA,0,NA,0,NA,0,NA,0,NA,0,NA,NA,0
2004,6,3,NA,0,NA,0,NA,0,NA,0,NA,0,NA,NA,0
2004,6,4,NA,0,NA,0,NA,0,NA,0,NA,0,NA,NA,0
2004,6,5,NA,0,NA,0,NA,0,NA,0,NA,0,NA,NA,0
2004,6,6,NA,0,NA,0,NA,0,NA,0,NA,0,NA,NA,0
2004,6,7,NA,0,NA,0,NA,0,NA,0,NA,0,NA,NA,0
2004,6,8,NA,0,NA,0,NA,0,NA,0,NA,0,NA,NA,0
2004,6,9,NA,0,NA,0,NA,0,NA,0,NA,0,NA,NA,0
2004,6,10,NA,0,NA,0,NA,0,NA,0,NA,0,NA,NA,0
2004,6,11,NA,0,NA,0,NA,0,NA,0,NA,0,NA,NA,0
2004,6,12,NA,0,NA,0,NA,0,NA,0,NA,0,NA,NA,0
2004,6,13,NA,0,NA,0,NA,0,NA,0,NA,0,NA,NA,0
2004,6,14,NA,0,NA,0,NA,0,NA,0,NA,0,NA,NA,0
2004,6,15,NA,0,NA,0,NA,0,NA,0,NA,0,NA,NA,0
2004,6,16,NA,0,NA,0,NA,0,NA,0,NA,0,NA,NA,0
2004,6,17,NA,0,NA,0,NA,0,NA,0,NA,0,NA,NA,0
2004,6,18,NA,0,NA,0,NA,0,NA,0,NA,0,NA,NA,0
2004,6,19,NA,0,NA,0,NA,0,NA,0,NA,0,NA,NA,0
2004,6,20,NA,0,NA,0,NA,0,NA,0,NA,0,NA,NA,0
2004,6,21,NA,0,NA,0,NA,0,NA,0,NA,0,NA,NA,0
2004,6,22,NA,0,NA,0,NA,0,NA,0,NA,0,NA,NA,0
2004,6,23,NA,0,NA,0,NA,0,NA,0,NA,0,NA,NA,0
2004,6,24,NA,0,NA,0,NA,0,NA,0,NA,0,NA,NA,0
2004,6,25,NA,0,NA,0,NA,0,NA,0,NA,0,NA,NA,0
2004,6,26,NA,0,NA,0,NA,0,NA,0,NA,0,NA,NA,0
2004,6,27,NA,0,NA,0,NA,0,NA,0,NA,0,NA,NA,0
2004,6,28,NA,0,NA,0,NA,0,NA,0,NA,0,NA,NA,0
2004,6,29,NA,0,NA,0,NA,0,NA,0,NA,0,NA,NA,0
2004,6,30,NA,0,NA,0,NA,0,NA,0,NA,0,NA,NA,0
2004,7,1,NA,0,NA,0,NA,0,NA,0,NA,0,NA,NA,0
2004,7,2,NA,0,NA,0,NA,0,NA,0,NA,0,NA,NA,0
2004,7,3,NA,0,NA,0,NA,0,NA,0,NA,0,NA,NA,0
2004,7,4,NA,0,NA,0,NA,0,NA,0,NA,0,NA,NA,0
2004,7,5,NA,0,NA,0,NA,0,NA,0,NA,0,NA,NA,0
2004,7,6,NA,0,NA,0,NA,0,NA,0,NA,0,NA,NA,0
2004,7,7,NA,0,NA,0,NA,0,NA,0,NA,0,NA,NA,0
2004,7,8,NA,0,NA,0,NA,0,NA,0,NA,0,NA,NA,0
2004,7,9,NA,0,NA,0,NA,0,NA,0,NA,0,NA,NA,0
2004,7,10,NA,0,NA,0,NA,0,NA,0,NA,0,NA,NA,0
2004,7,11,NA,0,NA,0,NA,0,NA,0,NA,0,NA,NA,0
2004,7,12,NA,0,NA,0,NA,0,NA,0,NA,0,NA,NA,0
2004,7,13,NA,0,NA,0,NA,0,NA,0,NA,0,NA,NA,0
2004,7,14,NA,0,NA,0,NA,0,NA,0,NA,0,NA,NA,0
2004,7,15,NA,0,NA,0,NA,0,NA,0,NA,0,NA,NA,0
2004,7,16,NA,0,NA,0,NA,0,NA,0,NA,0,NA,NA,0
2004,7,17,NA,0,NA,0,NA,0,NA,0,NA,0,NA,NA,0
2004,7,18,NA,0,NA,0,NA,0,NA,0,NA,0,NA,NA,0
2004,7,19,NA,0,NA,0,NA,0,NA,0,NA,0,NA,NA,0
2004,7,20,NA,0,NA,0,NA,0,NA,0,NA,0,NA,NA,0
2004,7,21,NA,0,NA,0,NA,0,NA,0,NA,0,NA,NA,0
2004,7,22,NA,0,NA,0,NA,0,NA,0,NA,0,NA,NA,0
2004,7,23,NA,0,NA,0,NA,0,NA,0,NA,0,NA,NA,0
2004,7,24,NA,0,NA,0,NA,0,NA,0,NA,0,NA,NA,0
2004,7,25,NA,0,NA,0,NA,0,NA,0,NA,0,NA,NA,0
2004,7,26,NA,0,NA,0,NA,0,NA,0,NA,0,NA,NA,0
2004,7,27,NA,0,NA,0,NA,0,NA,0,NA,0,NA,NA,0
2004,7,28,NA,0,NA,0,NA,0,NA,0,NA,0,NA,NA,0
2004,7,29,NA,0,NA,0,NA,0,NA,0,NA,0,NA,NA,0
2004,7,30,NA,0,NA,0,NA,0,NA,0,NA,0,NA,NA,0
2004,7,31,NA,0,NA,0,NA,0,NA,0,NA,0,NA,NA,0
2004,8,1,NA,0,NA,0,NA,0,NA,0,NA,0,NA,NA,0
2004,8,2,NA,0,NA,0,NA,0,NA,0,NA,0,NA,NA,0
2004,8,3,NA,0,NA,0,NA,0,NA,0,NA,0,NA,NA,0
2004,8,4,NA,0,NA,0,NA,0,NA,0,NA,0,NA,NA,0
2004,8,5,NA,0,NA,0,NA,0,NA,0,NA,0,NA,NA,0
2004,8,6,NA,0,NA,0,NA,0,NA,0,NA,0,NA,NA,0
2004,8,7,NA,0,NA,0,NA,0,NA,0,NA,0,NA,NA,0
2004,8,8,NA,0,NA,0,NA,0,NA,0,NA,0,NA,NA,0
2004,8,9,NA,0,NA,0,NA,0,NA,0,NA,0,NA,NA,0
2004,8,10,NA,0,NA,0,NA,0,NA,0,NA,0,NA,NA,0
2004,8,11,NA,0,NA,0,NA,0,NA,0,NA,0,NA,NA,0
2004,8,12,NA,0,NA,0,NA,0,NA,0,NA,0,NA,NA,0
2004,8,13,NA,0,NA,0,NA,0,NA,0,NA,0,NA,NA,0
2004,8,14,NA,0,NA,0,NA,0,NA,0,NA,0,NA,NA,0
2004,8,15,NA,0,NA,0,NA,0,NA,0,NA,0,NA,NA,0
2004,8,16,NA,0,NA,0,NA,0,NA,0,NA,0,NA,NA,0
2004,8,17,NA,0,NA,0,NA,0,NA,0,NA,0,NA,NA,0
2004,8,18,NA,0,NA,0,NA,0,NA,0,NA,0,NA,NA,0
2004,8,19,NA,0,NA,0,NA,0,NA,0,NA,0,NA,NA,0
2004,8,20,NA,0,NA,0,NA,0,NA,0,NA,0,NA,NA,0
2004,8,21,NA,0,NA,0,NA,0,NA,0,NA,0,NA,NA,0
2004,8,22,NA,0,NA,0,NA,0,NA,0,NA,0,NA,NA,0
2004,8,23,NA,0,NA,0,NA,0,NA,0,NA,0,NA,NA,0
2004,8,24,NA,0,NA,0,NA,0,NA,0,NA,0,NA,NA,0
2004,8,25,NA,0,NA,0,NA,0,NA,0,NA,0,NA,NA,0
2004,8,26,NA,0,NA,0,NA,0,NA,0,NA,0,NA,NA,0
2004,8,27,NA,0,NA,0,NA,0,NA,0,NA,0,NA,NA,0
2004,8,28,NA,0,NA,0,NA,0,NA,0,NA,0,NA,NA,0
2004,8,29,NA,0,NA,0,NA,0,NA,0,NA,0,NA,NA,0
2004,8,30,NA,0,NA,0,NA,0,NA,0,NA,0,NA,NA,0
2004,8,31,NA,0,NA,0,NA,0,NA,0,NA,0,NA,NA,0
2004,9,1,NA,0,NA,0,NA,0,NA,0,NA,0,NA,NA,0
2004,9,2,NA,0,NA,0,NA,0,NA,0,NA,0,NA,NA,0
2004,9,3,NA,0,NA,0,NA,0,NA,0,NA,0,NA,NA,0
2004,9,4,NA,0,NA,0,NA,0,NA,0,NA,0,NA,NA,0
2004,9,5,NA,0,NA,0,NA,0,NA,0,NA,0,NA,NA,0
2004,9,6,NA,0,NA,0,NA,0,NA,0,NA,0,NA,NA,0
2004,9,7,NA,0,NA,0,NA,0,NA,0,NA,0,NA,NA,0
2004,9,8,NA,0,NA,0,NA,0,NA,0,NA,0,NA,NA,0
2004,9,9,NA,0,NA,0,NA,0,NA,0,NA,0,NA,NA,0
2004,9,10,NA,0,NA,0,NA,0,NA,0,NA,0,NA,NA,0
2004,9,11,NA,0,NA,0,NA,0,NA,0,NA,0,NA,NA,0
2004,9,12,NA,0,NA,0,NA,0,NA,0,NA,0,NA,NA,0
2004,9,13,NA,0,NA,0,NA,0,NA,0,NA,0,NA,NA,0
2004,9,14,NA,0,NA,0,NA,0,NA,0,NA,0,NA,NA,0
2004,9,15,NA,0,NA,0,NA,0,NA,0,NA,0,NA,NA,0
2004,9,16,NA,0,NA,0,NA,0,NA,0,NA,0,NA,NA,0
2004,9,17,NA,0,NA,0,NA,0,NA,0,NA,0,NA,NA,0
2004,9,18,NA,0,NA,0,NA,0,NA,0,NA,0,NA,NA,0
2004,9,19,NA,0,NA,0,NA,0,NA,0,NA,0,NA,NA,0
2004,9,20,NA,0,NA,0,NA,0,NA,0,NA,0,NA,NA,0
2004,9,21,NA,0,NA,0,NA,0,NA,0,NA,0,NA,NA,0
2004,9,22,NA,0,NA,0,NA,0,NA,0,NA,0,NA,NA,0
2004,9,23,NA,0,NA,0,NA,0,NA,0,NA,0,NA,NA,0
2004,9,24,NA,0,NA,0,NA,0,NA,0,NA,0,NA,NA,0
2004,9,25,NA,0,NA,0,NA,0,NA,0,NA,0,NA,NA,0
2004,9,26,NA,0,NA,0,NA,0,NA,0,NA,0,NA,NA,0
2004,9,27,NA,0,NA,0,NA,0,NA,0,NA,0,NA,NA,0
2004,9,28,NA,0,NA,0,NA,0,NA,0,NA,0,NA,NA,0
2004,9,29,NA,0,NA,0,NA,0,NA,0,NA,0,NA,NA,0
2004,9,30,NA,0,NA,0,NA,0,NA,0,NA,0,NA,NA,0
2004,10,1,NA,0,NA,0,NA,0,NA,0,NA,0,NA,NA,0
2004,10,2,NA,0,NA,0,NA,0,NA,0,NA,0,NA,NA,0
2004,10,3,NA,0,NA,0,NA,0,NA,0,NA,0,NA,NA,0
2004,10,4,NA,0,NA,0,NA,0,NA,0,NA,0,NA,NA,0
2004,10,5,NA,0,NA,0,NA,0,NA,0,NA,0,NA,NA,0
2004,10,6,NA,0,NA,0,NA,0,NA,0,NA,0,NA,NA,0
2004,10,7,NA,0,NA,0,NA,0,NA,0,NA,0,NA,NA,0
2004,10,8,NA,0,NA,0,NA,0,NA,0,NA,0,NA,NA,0
2004,10,9,NA,0,NA,0,NA,0,NA,0,NA,0,NA,NA,0
2004,10,10,NA,0,NA,0,NA,0,NA,0,NA,0,NA,NA,0
2004,10,11,NA,0,NA,0,NA,0,NA,0,NA,0,NA,NA,0
2004,10,12,NA,0,NA,0,NA,0,NA,0,NA,0,NA,NA,0
2004,10,13,NA,0,NA,0,NA,0,NA,0,NA,0,NA,NA,0
2004,10,14,NA,0,NA,0,NA,0,NA,0,NA,0,NA,NA,0
2004,10,15,NA,0,NA,0,NA,0,NA,0,NA,0,NA,NA,0
2004,10,16,NA,0,NA,0,NA,0,NA,0,NA,0,NA,NA,0
2004,10,17,NA,0,NA,0,NA,0,NA,0,NA,0,NA,NA,0
2004,10,18,NA,0,NA,0,NA,0,NA,0,NA,0,NA,NA,0
2004,10,19,NA,0,NA,0,NA,0,NA,0,NA,0,NA,NA,0
2004,10,20,NA,0,NA,0,NA,0,NA,0,NA,0,NA,NA,0
2004,10,21,NA,0,NA,0,NA,0,NA,0,NA,0,NA,NA,0
2004,10,22,NA,0,NA,0,NA,0,NA,0,NA,0,NA,NA,0
2004,10,23,NA,0,NA,0,NA,0,NA,0,NA,0,NA,NA,0
2004,10,24,NA,0,NA,0,NA,0,NA,0,NA,0,NA,NA,0
2004,10,25,NA,0,NA,0,NA,0,NA,0,NA,0,NA,NA,0
2004,10,26,NA,0,NA,0,NA,0,NA,0,NA,0,NA,NA,0
2004,10,27,NA,0,NA,0,NA,0,NA,0,NA,0,NA,NA,0
2004,10,28,NA,0,NA,0,NA,0,NA,0,NA,0,NA,NA,0
2004,10,29,NA,0,NA,0,NA,0,NA,0,NA,0,NA,NA,0
2004,10,30,NA,0,NA,0,NA,0,NA,0,NA,0,NA,NA,0
2004,10,31,NA,0,NA,0,NA,0,NA,0,NA,0,NA,NA,0
2004,11,1,NA,0,NA,0,NA,0,NA,0,NA,0,NA,NA,0
2004,11,2,NA,0,NA,0,NA,0,NA,0,NA,0,NA,NA,0
2004,11,3,NA,0,NA,0,NA,0,NA,0,NA,0,NA,NA,0
2004,11,4,NA,0,NA,0,NA,0,NA,0,NA,0,NA,NA,0
2004,11,5,NA,0,NA,0,NA,0,NA,0,NA,0,NA,NA,0
2004,11,6,NA,0,NA,0,NA,0,NA,0,NA,0,NA,NA,0
2004,11,7,NA,0,NA,0,NA,0,NA,0,NA,0,NA,NA,0
2004,11,8,NA,0,NA,0,NA,0,NA,0,NA,0,NA,NA,0
2004,11,9,NA,0,NA,0,NA,0,NA,0,NA,0,NA,NA,0
2004,11,10,NA,0,NA,0,NA,0,NA,0,NA,0,NA,NA,0
2004,11,11,NA,0,NA,0,NA,0,NA,0,NA,0,NA,NA,0
2004,11,12,NA,0,NA,0,NA,0,NA,0,NA,0,NA,NA,0
2004,11,13,NA,0,NA,0,NA,0,NA,0,NA,0,NA,NA,0
2004,11,14,NA,0,NA,0,NA,0,NA,0,NA,0,NA,NA,0
2004,11,15,NA,0,NA,0,NA,0,NA,0,NA,0,NA,NA,0
2004,11,16,NA,0,NA,0,NA,0,NA,0,NA,0,NA,NA,0
2004,11,17,NA,0,NA,0,NA,0,NA,0,NA,0,NA,NA,0
2004,11,18,NA,0,NA,0,NA,0,NA,0,NA,0,NA,NA,0
2004,11,19,NA,0,NA,0,NA,0,NA,0,NA,0,NA,NA,0
2004,11,20,NA,0,NA,0,NA,0,NA,0,NA,0,NA,NA,0
2004,11,21,NA,0,NA,0,NA,0,NA,0,NA,0,NA,NA,0
2004,11,22,NA,0,NA,0,NA,0,NA,0,NA,0,NA,NA,0
2004,11,23,NA,0,NA,0,NA,0,NA,0,NA,0,NA,NA,0
2004,11,24,NA,0,NA,0,NA,0,NA,0,NA,0,NA,NA,0
2004,11,25,NA,0,NA,0,NA,0,NA,0,NA,0,NA,NA,0
2004,11,26,NA,0,NA,0,NA,0,NA,0,NA,0,NA,NA,0
2004,11,27,NA,0,NA,0,NA,0,NA,0,NA,0,NA,NA,0
2004,11,28,NA,0,NA,0,NA,0,NA,0,NA,0,NA,NA,0
2004,11,29,NA,0,NA,0,NA,0,NA,0,NA,0,NA,NA,0
2004,11,30,NA,0,NA,0,NA,0,NA,0,NA,0,NA,NA,0
2004,12,1,NA,0,NA,0,NA,0,NA,0,NA,0,NA,NA,0
2004,12,2,NA,0,NA,0,NA,0,NA,0,NA,0,NA,NA,0
2004,12,3,NA,0,NA,0,NA,0,NA,0,NA,0,NA,NA,0
2004,12,4,NA,0,NA,0,NA,0,NA,0,NA,0,NA,NA,0
2004,12,5,NA,0,NA,0,NA,0,NA,0,NA,0,NA,NA,0
2004,12,6,NA,0,NA,0,NA,0,NA,0,NA,0,NA,NA,0
2004,12,7,NA,0,NA,0,NA,0,NA,0,NA,0,NA,NA,0
2004,12,8,NA,0,NA,0,NA,0,NA,0,NA,0,NA,NA,0
2004,12,9,NA,0,NA,0,NA,0,NA,0,NA,0,NA,NA,0
2004,12,10,NA,0,NA,0,NA,0,NA,0,NA,0,NA,NA,0
2004,12,11,NA,0,NA,0,NA,0,NA,0,NA,0,NA,NA,0
2004,12,12,NA,0,NA,0,NA,0,NA,0,NA,0,NA,NA,0
2004,12,13,NA,0,NA,0,NA,0,NA,0,NA,0,NA,NA,0
2004,12,14,NA,0,NA,0,NA,0,NA,0,NA,0,NA,NA,0
2004,12,15,NA,0,NA,0,NA,0,NA,0,NA,0,NA,NA,0
2004,12,16,NA,0,NA,0,NA,0,NA,0,NA,0,NA,NA,0
2004,12,17,NA,0,NA,0,NA,0,NA,0,NA,0,NA,NA,0
2004,12,18,NA,0,NA,0,NA,0,NA,0,NA,0,NA,NA,0
2004,12,19,NA,0,NA,0,NA,0,NA,0,NA,0,NA,NA,0
2004,12,20,NA,0,NA,0,NA,0,NA,0,NA,0,NA,NA,0
2004,12,21,NA,0,NA,0,NA,0,NA,0,NA,0,NA,NA,0
2004,12,22,NA,0,NA,0,NA,0,NA,0,NA,0,NA,NA,0
2004,12,23,NA,0,NA,0,NA,0,NA,0,NA,0,NA,NA,0
2004,12,24,NA,0,NA,0,NA,0,NA,0,NA,0,NA,NA,0
2004,12,25,NA,0,NA,0,NA,0,NA,0,NA,0,NA,NA,0
2004,12,26,NA,0,NA,0,NA,0,NA,0,NA,0,NA,NA,0
2004,12,27,NA,0,NA,0,NA,0,NA,0,NA,0,NA,NA,0
2004,12,28,NA,0,NA,0,NA,0,NA,0,NA,0,NA,NA,0
2004,12,29,NA,0,NA,0,NA,0,NA,0,NA,0,NA,NA,0
2004,12,30,NA,0,NA,0,NA,0,NA,0,NA,0,NA,NA,0
2004,12,31,NA,0,NA,0,NA,0,NA,0,NA,0,NA,NA,0
2005,1,1,NA,0.25,956.76,1,1.24,0.875,101.62,1,NA,0,0.92,84.48,0.875
2005,1,2,NA,0.625,957.75,1,NA,0.625,88.12,1,NA,0,NA,NA,0.625
2005,1,3,4.04,1,962.96,1,NA,0.5,163.62,1,NA,0,NA,NA,0.5
2005,1,4,3.39,0.875,961.6,1,NA,0.625,118,1,NA,0,NA,NA,0.625
2005,1,5,NA,0.375,954.93,1,1.92,1,64.62,1,NA,0,1.87,65.83,1
2005,1,6,NA,0.5,955.22,1,2.04,1,89.38,1,NA,0,1.94,86.67,1
2005,1,7,NA,0.375,950.65,1,NA,0.625,NA,0.625,NA,0,NA,NA,0.625
2005,1,8,NA,0.375,948.09,1,1.03,0.875,96.88,1,NA,0,1.03,102.22,0.875
2005,1,9,NA,0.625,949.63,1,NA,0.625,94.62,1,NA,0,NA,NA,0.625
2005,1,10,NA,0.625,950.37,1,3.6,1,95.62,1,NA,0,3.47,96.67,1
2005,1,11,2.85,0.75,942.5,1,4.38,0.75,57.38,1,NA,0,4.38,49.87,0.75
2005,1,12,NA,0.5,949.51,1,1.76,0.875,82,1,NA,0,1.66,77.74,0.875
2005,1,13,NA,0.5,956.42,1,1.94,1,85.5,1,NA,0,1.69,93.28,1
2005,1,14,NA,0.625,956.16,1,2.5,1,85.88,1,NA,0,2.14,81.14,1
2005,1,15,NA,0.125,955.64,1,1.38,1,91.75,1,NA,0,1.28,100.3,1
2005,1,16,NA,0.125,953.32,1,1.32,1,121.25,1,NA,0,0.87,141.12,1
2005,1,17,NA,0.25,959.4,1,1.9,1,99.62,1,NA,0,1.76,93.99,1
2005,1,18,NA,0.5,966.94,1,1.85,1,102.75,1,NA,0,1.76,100.77,1
2005,1,19,NA,0.25,971.04,1,1.62,1,89.25,1,NA,0,1.6,87.59,1
2005,1,20,NA,0.375,959.44,1,1.81,1,68.38,1,NA,0,1.79,56.22,1
2005,1,21,NA,0.625,952.04,1,2.79,1,93.75,1,NA,0,2.68,84.18,1
2005,1,22,2.66,0.875,946.21,1,3.54,1,109,1,NA,0,2.95,105.84,1
2005,1,23,NA,0.375,952.41,1,1.74,1,106.12,1,NA,0,1.4,95.18,1
2005,1,24,NA,0.25,962.3,1,1.96,1,89.75,1,NA,0,1.86,84.92,1
2005,1,25,NA,0.375,961.75,1,1.61,1,91.88,1,NA,0,1.46,91.76,1
2005,1,26,NA,0.625,952.96,1,2.02,0.75,55.5,1,NA,0,2.01,56.13,0.75
2005,1,27,NA,0.375,959.55,1,1.64,0.875,81.88,1,NA,0,1.56,84.83,0.875
2005,1,28,NA,0,959.29,1,1.59,0.875,148.25,1,NA,0,0.39,258.18,0.875
2005,1,29,NA,0.625,957.93,1,2.44,0.875,88.62,1,NA,0,0.63,104.32,0.875
2005,1,30,-0.89,0.875,965.69,1,4.56,1,75.88,1,NA,0,4.4,73.29,1
2005,1,31,0.1,0.875,965.09,1,3.72,1,72.62,1,NA,0,3.43,73.63,1
2005,2,1,0.65,0.75,960.75,1,2.44,1,84.88,1,NA,0,2.26,88.49,1
2005,2,2,NA,0.625,953.23,1,2.84,1,90.38,1,NA,0,2.79,86.49,1
2005,2,3,NA,0.5,952.8,1,2.2,0.875,93.88,1,NA,0,2.18,97.59,0.875
2005,2,4,2.27,0.875,946.12,1,NA,0.375,128.62,1,NA,0,NA,NA,0.375
2005,2,5,1.27,0.75,940.16,1,NA,0.625,64.38,1,NA,0,NA,NA,0.625
2005,2,6,0.06,1,957.2,1,NA,0.5,66.75,1,NA,0,NA,NA,0.5
2005,2,7,1.39,0.875,967.18,1,3.7,0.75,113.12,1,NA,0,3.48,93.77,0.75
2005,2,8,3.23,1,959.4,1,NA,0.375,126.75,1,NA,0,NA,NA,0.375
2005,2,9,2.15,1,972.23,1,NA,0.375,NA,0.625,NA,0,NA,NA,0.375
2005,2,10,NA,0.375,965.18,1,NA,0.5,101,1,NA,0,NA,NA,0.5
2005,2,11,2.57,1,961.69,1,10.53,1,93.62,1,NA,0,10.38,94.12,1
2005,2,12,1.8,1,949.89,1,NA,0.375,91.25,1,NA,0,NA,NA,0.375
2005,2,13,0.47,0.75,949.07,1,NA,0.625,60.75,1,NA,0,NA,NA,0.625
2005,2,14,1.53,1,962.33,1,NA,0.375,110.62,1,NA,0,NA,NA,0.375
2005,2,15,1.85,1,947.09,1,NA,0.625,123.88,1,NA,0,NA,NA,0.625
2005,2,16,1.63,1,950.89,1,NA,0.5,126.38,1,NA,0,NA,NA,0.5
2005,2,17,2.03,1,944.61,1,10.07,0.875,100.88,1,NA,0,9.85,101.16,0.875
2005,2,18,0.1,1,944.71,1,NA,0.25,128,1,NA,0,NA,NA,0.25
2005,2,19,-0.48,1,957.84,1,7.3,1,73,1,NA,0,7.27,73.71,1
2005,2,20,-0.32,0.75,958.55,1,NA,0.375,NA,0.625,NA,0,NA,NA,0.375
2005,2,21,-0.67,0.75,961.29,1,5.5,1,66.88,1,NA,0,5.4,70.67,1
2005,2,22,-0.03,0.75,959.18,1,NA,0.375,NA,0.375,NA,0,NA,NA,0.375
2005,2,23,0.3,0.75,949.04,1,NA,0.25,NA,0.25,NA,0,NA,NA,0.25
2005,2,24,NA,0.375,953.24,1,1.08,0.75,103.25,1,NA,0,1.07,103.37,0.75
2005,2,25,NA,0.375,949.08,1,1.53,0.875,99.62,1,NA,0,1.51,102.52,0.875
2005,2,26,0.25,0.75,944.44,1,NA,0.25,NA,0.25,NA,0,NA,NA,0.25
2005,2,27,NA,0.625,961.98,1,2.14,0.875,83.14,0.875,NA,0,2.14,83.82,0.875
2005,2,28,0.66,1,968.36,1,NA,0.25,NA,0.5,NA,0,NA,NA,0.25
2005,3,1,1.7,1,963.03,1,0.93,0.75,79.5,0.75,NA,0,0.92,77.47,0.75
2005,3,2,0.81,1,960.19,1,NA,0.625,79.75,1,NA,0,NA,NA,0.625
2005,3,3,-1.33,1,962.6,1,NA,0.625,63.38,1,NA,0,NA,NA,0.625
2005,3,4,0.38,1,967.38,1,2.35,0.75,81.88,1,NA,0,1.73,94.39,0.75
2005,3,5,-0.31,1,959.34,1,1.3,1,81.88,1,NA,0,1.07,71.99,1
2005,3,6,0.76,1,962.42,1,NA,0.5,104.25,1,NA,0,NA,NA,0.5
2005,3,7,1.04,1,961.8,1,2.79,1,91.88,1,NA,0,2.54,45.84,1
2005,3,8,-1.85,1,962.54,1,2.51,1,58,1,NA,0,2.51,57.53,1
2005,3,9,-1.13,1,950.23,1,NA,0.625,129.88,1,NA,0,NA,NA,0.625
2005,3,10,-2.4,1,951.19,1,NA,0.625,81,1,NA,0,NA,NA,0.625
2005,3,11,-2.47,1,957.05,1,1.39,1,64.12,1,NA,0,1.39,64.51,1
2005,3,12,-3.39,1,961.08,1,1.1,1,194.12,1,NA,0,0.96,177.56,1
2005,3,13,-3.31,1,964.74,1,1.32,1,208,1,NA,0,1.15,217.26,1
2005,3,14,-3.54,1,965.64,1,2.38,1,188.25,1,NA,0,0.89,199.43,1
2005,3,15,-2.23,1,966.93,1,2.46,0.875,77.12,1,NA,0,2.44,64.09,0.875
2005,3,16,0.11,1,977.11,1,2.74,1,99.75,1,NA,0,2.7,99.19,1
2005,3,17,1.09,1,980.8,1,2.03,0.75,102.12,1,NA,0,1.23,93.32,0.75
2005,3,18,1.45,1,976.41,1,1.41,0.875,60.75,1,NA,0,1.41,46,0.875
2005,3,19,3.5,1,962.89,1,NA,0.5,195.62,1,NA,0,NA,NA,0.5
2005,3,20,2.7,1,960.53,1,NA,0.5,164.62,1,NA,0,NA,NA,0.5
2005,3,21,1.26,1,956.34,1,NA,0.625,106.5,1,NA,0,NA,NA,0.625
2005,3,22,0.46,1,951.12,1,NA,0.625,78.12,1,NA,0,NA,NA,0.625
2005,3,23,1.36,1,939.1,1,NA,0.375,145.75,1,NA,0,NA,NA,0.375
2005,3,24,1.09,1,951.74,1,5.11,0.875,107.25,1,NA,0,3.7,127.15,0.875
2005,3,25,0.34,1,951.35,1,NA,0.375,103.5,1,NA,0,NA,NA,0.375
2005,3,26,0.38,1,953.41,1,NA,0.375,165.12,1,NA,0,NA,NA,0.375
2005,3,27,1.22,1,950.19,1,NA,0.125,126.5,1,NA,0,NA,NA,0.125
2005,3,28,0.71,1,952.24,1,NA,0.5,130.12,1,NA,0,NA,NA,0.5
2005,3,29,-0.7,1,963.61,1,4.33,0.875,108.38,1,NA,0,2.11,117.88,0.875
2005,3,30,1.25,1,954.2,1,NA,0.125,107.38,1,NA,0,NA,NA,0.125
2005,3,31,-0.24,1,951.16,1,7.49,0.875,70.62,1,NA,0,7.44,72.34,0.875
2005,4,1,-1.01,1,966.28,1,3.6,1,84.12,1,NA,0,3.01,73.98,1
2005,4,2,0.48,1,969.47,1,NA,0.625,65.75,1,NA,0,NA,NA,0.625
2005,4,3,-0.54,0.875,970.29,1,1.54,1,81,1,NA,0,1.35,64.4,1
2005,4,4,0,1,972.62,1,0.5,1,87.25,1,NA,0,0.38,100.86,1
2005,4,5,-0.35,1,963.26,1,1.88,1,71.88,1,NA,0,1.79,80.09,1
2005,4,6,-0.59,1,946.06,1,0.89,1,59,1,NA,0,0.82,71.97,1
2005,4,7,-0.33,1,935.36,1,0.94,1,107.25,1,NA,0,0.66,95.89,1
2005,4,8,-1.68,1,940.59,1,4.29,0.875,60.62,1,NA,0,4.27,60.96,0.875
2005,4,9,-2.17,0.875,950.05,1,2.37,0.75,75.12,1,NA,0,2.35,49.87,0.75
2005,4,10,-1.2,1,964.44,1,2.1,0.75,94.62,1,NA,0,2,91.97,0.75
2005,4,11,-1.95,1,971.29,1,2.39,1,85.12,1,NA,0,2.12,82.64,1
2005,4,12,-0.66,1,966.71,1,1.44,1,59.71,0.875,NA,0,1.51,58.41,0.875
2005,4,13,-1.26,1,960.09,1,2.7,0.875,62.83,0.75,NA,0,NA,NA,0.625
2005,4,14,-1.44,1,954.28,1,4.95,0.75,71.62,1,NA,0,4.92,50.63,0.75
2005,4,15,2.2,1,934.5,1,NA,0.375,85.12,1,NA,0,NA,NA,0.375
2005,4,16,0.93,1,920.03,1,NA,0.625,164.75,1,NA,0,NA,NA,0.625
2005,4,17,-0.55,1,929.11,1,6.57,0.875,103.5,1,NA,0,6.2,98,0.875
2005,4,18,-2.66,1,944.24,1,NA,0.5,76.5,0.75,NA,0,NA,NA,0.5
2005,4,19,-2.87,1,952.68,1,5.7,1,127.62,1,NA,0,4.37,138.25,1
2005,4,20,-3.57,1,943.91,1,5.96,0.875,71.5,1,NA,0,5.11,50.86,0.875
2005,4,21,-4.58,1,955.95,1,3.78,1,194.38,1,NA,0,2.86,191.43,1
2005,4,22,-3.55,1,964.87,1,4.84,1,98.88,1,NA,0,2.89,92.18,1
2005,4,23,-2.01,1,979.66,1,4.08,0.75,107,1,NA,0,3.37,91.65,0.75
2005,4,24,-0.34,1,954.43,1,10.57,0.75,89.25,1,NA,0,10.37,98.69,0.75
2005,4,25,-5.08,1,962.68,1,4.13,0.75,94.25,1,NA,0,3.35,65.78,0.75
2005,4,26,-4.74,1,966.38,1,4.14,1,62.38,1,NA,0,4.13,62.81,1
2005,4,27,-4.15,1,956.58,1,1.69,1,165.75,1,NA,0,0.69,2.8,1
2005,4,28,1.5,1,938.2,1,NA,0.625,154,1,NA,0,NA,NA,0.625
2005,4,29,-0.61,1,948.94,1,5.31,1,94.62,1,NA,0,4.95,95.21,1
2005,4,30,-1.25,1,951.74,1,NA,0.625,146.5,1,NA,0,NA,NA,0.625
2005,5,1,-4.95,1,952.15,1,2.02,1,197.88,1,NA,0,1.59,179.47,1
2005,5,2,-6.29,1,953.34,1,1.94,1,173,1,NA,0,1.16,171.51,1
2005,5,3,-5.54,1,954.95,1,4.97,0.75,101.38,1,NA,0,4.32,76.77,0.75
2005,5,4,-6.25,1,957.49,1,2.53,0.875,122,1,NA,0,1.59,63.14,0.875
2005,5,5,-3.86,1,954.59,1,NA,0.625,80.12,1,NA,0,NA,NA,0.625
2005,5,6,-6.39,1,970.06,1,4.19,1,67.25,1,NA,0,4.17,68.09,1
2005,5,7,-7.43,1,973.84,1,3.03,0.75,176.12,1,NA,0,0.86,163.89,0.75
2005,5,8,-2.99,1,965.9,1,1.14,1,93.38,1,NA,0,1.13,95.22,1
2005,5,9,-1.44,1,966.94,1,NA,0.5,112.75,1,NA,0,NA,NA,0.5
2005,5,10,-0.14,1,969.4,1,1.81,1,59.88,1,NA,0,1.76,53.77,1
2005,5,11,-2.13,1,965.23,1,0.58,1,89.12,1,NA,0,0.37,73.58,1
2005,5,12,-3.91,1,959.86,1,1.79,1,186.5,1,NA,0,0.43,219.95,1
2005,5,13,-2.26,1,960.36,1,1.69,1,112.5,1,NA,0,1.01,95.7,1
2005,5,14,0,1,962.71,1,NA,0.625,122.62,1,NA,0,NA,NA,0.625
2005,5,15,-0.8,1,965.44,1,4.31,1,74,1,NA,0,3.37,56.33,1
2005,5,16,-2.46,1,974.59,1,1.98,1,126,1,NA,0,0.88,99.96,1
2005,5,17,-3.89,1,978.77,1,1.16,1,165.62,1,NA,0,0.77,153.66,1
2005,5,18,-4.14,1,976.56,1,1.35,1,116.5,1,NA,0,1.27,114.76,1
2005,5,19,-2.46,1,972.1,1,2.35,1,99.12,1,NA,0,2.33,99.04,1
2005,5,20,0.46,1,967,1,6.89,1,108,1,NA,0,6.79,109.91,1
2005,5,21,-0.6,1,972.11,1,2,1,55,1,NA,0,1.95,55.09,1
2005,5,22,-2.28,1,978.83,1,2.39,1,89.5,1,NA,0,2.02,72.5,1
2005,5,23,-4.99,1,974.94,1,1.62,1,150.5,1,NA,0,0.79,120.6,1
2005,5,24,-5.29,1,973.32,1,1.77,0.875,122.25,1,NA,0,0.61,102.29,0.875
2005,5,25,-4.3,1,972.05,1,NA,0.625,119.88,1,NA,0,NA,NA,0.625
2005,5,26,-7.07,1,965.89,1,1.65,1,234,1,NA,0,1.1,234.51,1
2005,5,27,-6.07,1,963.96,1,1.36,1,128,1,NA,0,0.97,169.66,1
2005,5,28,-4.96,0.875,966.84,0.875,1.17,0.875,169.71,0.875,NA,0,0.73,158.76,0.875
2005,5,29,-5.73,1,972.37,1,1.52,1,95.12,1,NA,0,1.25,74.23,1
2005,5,30,-1.04,1,962.36,1,3.12,0.75,77.62,1,NA,0,1.81,89.16,0.75
2005,5,31,-0.5,0.875,953.28,1,2.07,1,77.62,1,NA,0,1.1,89.33,1
2005,6,1,-0.65,1,942.64,1,4.38,0.75,132.12,1,NA,0,3.54,141.96,0.75
2005,6,2,-4.34,1,951.14,1,NA,0.625,160.88,1,NA,0,NA,NA,0.625
2005,6,3,-5.49,1,962.63,1,1.27,1,120.62,1,NA,0,0.44,126.57,1
2005,6,4,-2.8,1,954.16,1,NA,0.375,155.5,1,NA,0,NA,NA,0.375
2005,6,5,-0.43,1,944.14,1,NA,0.5,128.5,1,NA,0,NA,NA,0.5
2005,6,6,-2.14,1,939.64,1,NA,0.25,105.75,1,NA,0,NA,NA,0.25
2005,6,7,-6.69,1,945.96,1,NA,0.5,85.62,1,NA,0,NA,NA,0.5
2005,6,8,-8.76,1,947.05,1,4.84,0.875,150,1,NA,0,1.61,72.74,0.875
2005,6,9,-9.01,1,942.75,1,4,0.75,159.5,1,NA,0,0.74,37.48,0.75
2005,6,10,-9.59,1,954.43,1,4.76,1,158.5,1,NA,0,2.41,84.82,1
2005,6,11,-7.42,1,965.48,1,2.21,1,130.62,1,NA,0,0.93,111.13,1
2005,6,12,-6.48,1,966.83,1,2.4,1,69.62,1,NA,0,2.38,69.54,1
2005,6,13,-6.98,1,980.03,1,2.18,0.75,102.5,1,NA,0,2.03,115.49,0.75
2005,6,14,-3.99,1,974.37,1,5.71,1,77.12,1,NA,0,5.63,78.01,1
2005,6,15,-4.35,1,978.71,1,NA,0.625,64.25,1,NA,0,NA,NA,0.625
2005,6,16,-7.21,1,986.53,1,6.35,1,72.88,1,NA,0,6.27,74.59,1
2005,6,17,-7.45,1,987.51,1,2.74,1,101.5,1,NA,0,1.82,64.09,1
2005,6,18,-6.82,1,997.23,1,NA,0.625,196.75,1,NA,0,NA,NA,0.625
2005,6,19,-7.16,1,998.44,1,2.12,1,76.12,1,NA,0,1.37,77.55,1
2005,6,20,-7.98,1,992.8,1,1.56,1,134.62,1,NA,0,0.77,121.43,1
2005,6,21,-6.35,1,987.84,1,1.86,1,67.88,1,NA,0,1.63,87.19,1
2005,6,22,-5.83,1,985.59,1,3.24,1,82,1,NA,0,3.17,81.3,1
2005,6,23,-5.01,1,980.41,1,3.94,1,73.88,1,NA,0,3.89,77.36,1
2005,6,24,-8.19,1,981.9,1,0.99,1,87.62,1,NA,0,0.68,78.89,1
2005,6,25,-8.31,1,980.59,1,1.4,1,119,1,NA,0,0.76,104.04,1
2005,6,26,-10.33,1,973.55,1,2.96,1,92.88,1,NA,0,2.63,70.38,1
2005,6,27,-8.38,1,973.13,1,2.81,0.875,200.88,1,NA,0,1.74,349.79,0.875
2005,6,28,-8.65,1,977.06,1,NA,0.625,153.88,1,NA,0,NA,NA,0.625
2005,6,29,-8.63,1,962,1,4.78,1,64.38,1,NA,0,4.36,56.95,1
2005,6,30,-12.76,1,968.44,1,2.5,0.75,214.25,1,NA,0,0.88,204.96,0.75
2005,7,1,-12.56,1,971.55,1,3.29,1,237.25,1,NA,0,2.04,231.3,1
2005,7,2,-9.08,1,974.95,1,4.85,1,84.5,1,NA,0,4.83,84.88,1
2005,7,3,-7.9,1,972.91,1,2.65,0.75,127.12,1,NA,0,2.14,60.25,0.75
2005,7,4,-8.5,0.875,962.55,1,7.49,0.875,78.62,1,NA,0,7.24,73.97,0.875
2005,7,5,-8.47,0.875,961.69,1,NA,0.5,74.5,1,NA,0,NA,NA,0.5
2005,7,6,-12.2,1,978.13,1,5.32,0.75,69.38,1,NA,0,5.07,69.01,0.75
2005,7,7,-7.73,1,981.19,1,1.57,1,104.38,1,NA,0,1.06,106.13,1
2005,7,8,-1.44,1,974.39,1,NA,0.625,66.75,1,NA,0,NA,NA,0.625
2005,7,9,-2.04,1,968.75,1,2.37,0.75,100.12,1,NA,0,2.1,116.1,0.75
2005,7,10,-4.79,1,973.99,1,1.6,1,158.75,1,NA,0,0.38,202.48,1
2005,7,11,-3.36,1,972.51,1,2.64,1,48,1,NA,0,2.63,47.57,1
2005,7,12,0.59,1,963.57,1,8.55,0.75,113.88,1,NA,0,7.13,112.38,0.75
2005,7,13,-0.3,1,964.04,1,4.01,0.875,117,1,NA,0,3.21,124.53,0.875
2005,7,14,-4.46,1,972.26,1,1.41,1,108.88,1,NA,0,0.98,102.04,1
2005,7,15,-2.11,1,962.05,1,3.92,1,81.25,1,NA,0,3.73,43,1
2005,7,16,-4.33,1,967.1,1,3.12,0.75,103.5,1,NA,0,2.42,89.4,0.75
2005,7,17,-6.3,1,977.34,1,1.21,1,110.75,1,NA,0,1.06,102.41,1
2005,7,18,-7.18,1,975.58,1,2.24,1,119.75,1,NA,0,1.32,102.36,1
2005,7,19,-8.98,1,982.81,1,2.2,1,204.62,1,NA,0,2.17,203.9,1
2005,7,20,-7.7,1,980.01,1,3.04,0.875,180.62,1,NA,0,2.54,168.56,0.875
2005,7,21,-1.39,1,964.35,1,NA,0.25,89.75,1,NA,0,NA,NA,0.25
2005,7,22,0.56,1,947.65,1,NA,0.5,152.5,1,NA,0,NA,NA,0.5
2005,7,23,-1.2,1,945.24,1,5.5,0.875,124.5,1,NA,0,4.45,140.82,0.875
2005,7,24,-3.95,1,966.4,1,NA,0.625,98.5,1,NA,0,NA,NA,0.625
2005,7,25,-9.83,1,985.6,1,3.16,1,72.12,1,NA,0,3.03,66.23,1
2005,7,26,-10.38,1,987.58,1,2.42,1,150.62,1,NA,0,1.87,138.18,1
2005,7,27,-5.95,1,970.71,1,5.34,0.875,76.75,1,NA,0,5.23,74.18,0.875
2005,7,28,-9.58,1,968.61,1,5.3,0.75,82.62,1,NA,0,5.02,73.24,0.75
2005,7,29,-3.47,0.75,956.5,1,NA,0.625,104.25,1,NA,0,NA,NA,0.625
2005,7,30,-13.46,0.875,957.87,1,4.79,1,70.12,1,NA,0,4.77,69.15,1
2005,7,31,-14.75,1,967.11,1,3.14,1,88.25,1,NA,0,2.8,78.57,1
2005,8,1,-12.74,1,975.99,1,1.41,1,139.75,1,NA,0,0.94,164.91,1
2005,8,2,-5.18,1,973.71,1,1.33,0.75,114.88,1,NA,0,1.3,53.45,0.75
2005,8,3,-1.58,1,958.81,1,NA,0.125,143.12,1,NA,0,NA,NA,0.125
2005,8,4,-4.24,1,952.49,1,NA,0.625,104.38,1,NA,0,NA,NA,0.625
2005,8,5,-2.09,1,947.54,1,NA,0.25,180.75,1,NA,0,NA,NA,0.25
2005,8,6,-6.02,1,961.39,1,3.89,1,91.12,1,NA,0,3.7,89.21,1
2005,8,7,-2.21,1,970.04,1,4.47,0.875,76.75,1,NA,0,4.2,87.58,0.875
2005,8,8,0.05,1,964.14,1,9.5,1,133.62,1,NA,0,8.37,135.19,1
2005,8,9,0.53,1,944.29,1,11.32,1,165.88,1,NA,0,8.91,165.14,1
2005,8,10,-1.01,1,941.05,1,5.87,0.75,92.12,1,NA,0,5.36,108.74,0.75
2005,8,11,NA,0.625,943.91,1,NA,0.375,94.5,1,NA,0,NA,NA,0.375
2005,8,12,-9.78,0.75,951.95,1,NA,0.625,106.12,1,NA,0,NA,NA,0.625
2005,8,13,-9.96,1,945.2,1,1.58,0.75,87.25,1,NA,0,1.3,94.37,0.75
2005,8,14,-4.38,0.75,951.84,1,NA,0.625,117.88,1,NA,0,NA,NA,0.625
2005,8,15,-2.13,0.875,946.32,1,NA,0.25,131.12,1,NA,0,NA,NA,0.25
2005,8,16,-2.36,1,950.64,1,NA,0.125,NA,0.375,NA,0,NA,NA,0.125
2005,8,17,-6.4,1,951.8,1,NA,0,NA,0,NA,0,NA,NA,0
2005,8,18,-15.29,1,959.06,1,NA,0,NA,0,NA,0,NA,NA,0
2005,8,19,-17.05,1,969.14,1,NA,0,NA,0,NA,0,NA,NA,0
2005,8,20,-9.2,0.875,974.04,1,NA,0,NA,0,NA,0,NA,NA,0
2005,8,21,-3.14,1,979.26,1,NA,0,NA,0,NA,0,NA,NA,0
2005,8,22,-4.29,1,982.24,1,NA,0,NA,0,NA,0,NA,NA,0
2005,8,23,-6.15,1,984.31,1,NA,0,NA,0,NA,0,NA,NA,0
2005,8,24,-7.06,1,984.94,1,NA,0,NA,0,NA,0,NA,NA,0
2005,8,25,-5.94,1,979.93,1,NA,0,NA,0,NA,0,NA,NA,0
2005,8,26,-6.19,0.875,972.7,1,NA,0,NA,0,NA,0,NA,NA,0
2005,8,27,NA,0.625,983.43,1,NA,0,NA,0,NA,0,NA,NA,0
2005,8,28,-9.6,1,981.25,1,NA,0,NA,0,NA,0,NA,NA,0
2005,8,29,-8.58,0.75,962.35,1,NA,0,NA,0,NA,0,NA,NA,0
2005,8,30,-11.73,0.875,972.8,1,NA,0,NA,0,NA,0,NA,NA,0
2005,8,31,-4.43,1,979.33,1,NA,0,NA,0,NA,0,NA,NA,0
2005,9,1,-2.07,1,978.88,1,NA,0,NA,0,NA,0,NA,NA,0
2005,9,2,-2.83,1,984.56,1,NA,0,NA,0,NA,0,NA,NA,0
2005,9,3,1.28,1,975.04,1,NA,0,NA,0,NA,0,NA,NA,0
2005,9,4,-6.08,0.75,988.46,1,NA,0,NA,0,NA,0,NA,NA,0
2005,9,5,-10.85,0.75,996.45,1,NA,0,NA,0,NA,0,NA,NA,0
2005,9,6,-10.41,0.875,992.06,1,NA,0,NA,0,NA,0,NA,NA,0
2005,9,7,-0.76,0.875,983.4,1,NA,0,NA,0,NA,0,NA,NA,0
2005,9,8,1.76,1,978.05,1,NA,0,NA,0,NA,0,NA,NA,0
2005,9,9,-1.33,1,975,1,NA,0,NA,0,NA,0,NA,NA,0
2005,9,10,-4.16,1,977.28,1,NA,0,NA,0,NA,0,NA,NA,0
2005,9,11,-7.01,1,987.58,1,NA,0,NA,0,NA,0,NA,NA,0
2005,9,12,-3.47,0.875,984.23,1,NA,0,NA,0,NA,0,NA,NA,0
2005,9,13,-0.71,1,960.38,1,NA,0,NA,0,NA,0,NA,NA,0
2005,9,14,-0.96,1,954.2,1,NA,0,NA,0,NA,0,NA,NA,0
2005,9,15,-1.58,1,957.15,1,NA,0,NA,0,NA,0,NA,NA,0
2005,9,16,-1.25,1,958.66,1,NA,0,NA,0,NA,0,NA,NA,0
2005,9,17,-4.64,1,959.6,1,NA,0,NA,0,NA,0,NA,NA,0
2005,9,18,-3.6,1,950.9,1,NA,0,NA,0,NA,0,NA,NA,0
2005,9,19,-2.44,0.875,957.58,1,NA,0,NA,0,NA,0,NA,NA,0
2005,9,20,-3.29,1,971.3,1,NA,0,NA,0,NA,0,NA,NA,0
2005,9,21,-3,1,975.46,1,NA,0,NA,0,NA,0,NA,NA,0
2005,9,22,-3.81,1,969.82,1,NA,0,NA,0,NA,0,NA,NA,0
2005,9,23,-2.9,0.875,957.96,1,NA,0,NA,0,NA,0,NA,NA,0
2005,9,24,-1.44,1,952.39,1,NA,0,NA,0,NA,0,NA,NA,0
2005,9,25,-3.93,1,956.74,1,NA,0,NA,0,NA,0,NA,NA,0
2005,9,26,-4.36,1,957.06,1,NA,0,NA,0,NA,0,NA,NA,0
2005,9,27,-2.06,1,963.29,1,NA,0,NA,0,NA,0,NA,NA,0
2005,9,28,-1.43,1,959.84,1,NA,0,NA,0,NA,0,NA,NA,0
2005,9,29,-2.66,1,970.86,1,NA,0,NA,0,NA,0,NA,NA,0
2005,9,30,-0.76,1,977.03,1,NA,0,NA,0,NA,0,NA,NA,0
2005,10,1,0.55,1,970.16,1,NA,0,NA,0,NA,0,NA,NA,0
2005,10,2,-0.09,1,974.46,1,NA,0,NA,0,NA,0,NA,NA,0
2005,10,3,1.39,1,977.78,1,NA,0,NA,0,NA,0,NA,NA,0
2005,10,4,0.56,1,965.32,1,NA,0,NA,0,NA,0,NA,NA,0
2005,10,5,0.09,1,955.4,1,NA,0,NA,0,NA,0,NA,NA,0
2005,10,6,-0.7,1,946.83,1,NA,0,NA,0,NA,0,NA,NA,0
2005,10,7,-0.46,1,938.55,1,NA,0,NA,0,NA,0,NA,NA,0
2005,10,8,-2.58,1,930.31,1,NA,0,NA,0,NA,0,NA,NA,0
2005,10,9,-4.56,0.875,936.94,1,NA,0,NA,0,NA,0,NA,NA,0
2005,10,10,-5.31,1,927.81,1,NA,0,NA,0,NA,0,NA,NA,0
2005,10,11,-7.06,0.875,934.1,1,NA,0,NA,0,NA,0,NA,NA,0
2005,10,12,-6.19,1,938.01,1,NA,0,NA,0,NA,0,NA,NA,0
2005,10,13,NA,0.625,958.77,1,NA,0,NA,0,NA,0,NA,NA,0
2005,10,14,-7.95,1,972.76,1,NA,0,NA,0,NA,0,NA,NA,0
2005,10,15,-5.74,1,975.43,1,NA,0,NA,0,NA,0,NA,NA,0
2005,10,16,-3.73,0.75,973.55,1,NA,0,NA,0,NA,0,NA,NA,0
2005,10,17,-0.56,1,957.58,1,NA,0,NA,0,NA,0,NA,NA,0
2005,10,18,-0.71,1,958.57,1,NA,0,NA,0,NA,0,NA,NA,0
2005,10,19,-1.42,1,963.54,1,NA,0,NA,0,NA,0,NA,NA,0
2005,10,20,-0.46,1,969.91,1,NA,0,NA,0,NA,0,NA,NA,0
2005,10,21,-0.91,1,973.13,1,NA,0,NA,0,NA,0,NA,NA,0
2005,10,22,NA,0.625,975.75,1,NA,0,NA,0,NA,0,NA,NA,0
2005,10,23,0.58,1,968.71,1,NA,0,NA,0,NA,0,NA,NA,0
2005,10,24,-1.76,1,970.64,1,NA,0,NA,0,NA,0,NA,NA,0
2005,10,25,-0.6,1,971.75,1,NA,0,NA,0,NA,0,NA,NA,0
2005,10,26,-0.65,1,979.25,1,NA,0,NA,0,NA,0,NA,NA,0
2005,10,27,0.22,1,974.96,1,NA,0,NA,0,NA,0,NA,NA,0
2005,10,28,-1.11,1,980.59,1,NA,0,NA,0,NA,0,NA,NA,0
2005,10,29,0.84,1,973.34,1,NA,0,NA,0,NA,0,NA,NA,0
2005,10,30,1.45,1,957.58,1,NA,0,NA,0,NA,0,NA,NA,0
2005,10,31,1.08,1,946.06,1,NA,0,NA,0,NA,0,NA,NA,0
2005,11,1,-0.14,1,946.93,1,NA,0,NA,0,NA,0,NA,NA,0
2005,11,2,-0.38,1,960.43,1,NA,0,NA,0,NA,0,NA,NA,0
2005,11,3,-1.02,0.75,959.67,1,NA,0,NA,0,NA,0,NA,NA,0
2005,11,4,-3.22,0.75,968.64,1,NA,0,NA,0,NA,0,NA,NA,0
2005,11,5,-1.05,1,968.13,1,NA,0,NA,0,NA,0,NA,NA,0
2005,11,6,-0.37,1,969.58,1,NA,0,NA,0,NA,0,NA,NA,0
2005,11,7,-0.39,1,975.61,1,NA,0,NA,0,NA,0,NA,NA,0
2005,11,8,0.96,1,974.9,1,NA,0,NA,0,NA,0,NA,NA,0
2005,11,9,0.45,1,966.74,1,NA,0,NA,0,NA,0,NA,NA,0
2005,11,10,-0.48,1,971.23,1,NA,0,NA,0,NA,0,NA,NA,0
2005,11,11,-0.56,1,972.45,1,NA,0,NA,0,NA,0,NA,NA,0
2005,11,12,-1.07,0.875,952.35,1,NA,0,NA,0,NA,0,NA,NA,0
2005,11,13,-1.8,1,961.43,1,NA,0,NA,0,NA,0,NA,NA,0
2005,11,14,-0.45,1,962.7,1,NA,0,NA,0,NA,0,NA,NA,0
2005,11,15,-0.87,0.75,963.3,1,NA,0,NA,0,NA,0,NA,NA,0
2005,11,16,0.61,1,954.36,1,NA,0,NA,0,NA,0,NA,NA,0
2005,11,17,2.26,1,947.14,1,NA,0,NA,0,NA,0,NA,NA,0
2005,11,18,2.95,1,951.99,1,NA,0,NA,0,NA,0,NA,NA,0
2005,11,19,2.46,1,950.74,1,NA,0,NA,0,NA,0,NA,NA,0
2005,11,20,2.32,1,951.3,1,NA,0,NA,0,NA,0,NA,NA,0
2005,11,21,2.66,1,952.71,1,NA,0,NA,0,NA,0,NA,NA,0
2005,11,22,-0.51,1,962.2,1,NA,0,NA,0,NA,0,NA,NA,0
2005,11,23,-1.93,1,970.89,1,NA,0,NA,0,NA,0,NA,NA,0
2005,11,24,0.02,1,968.53,1,NA,0,NA,0,NA,0,NA,NA,0
2005,11,25,-1.05,1,963.34,1,NA,0,NA,0,NA,0,NA,NA,0
2005,11,26,-0.75,1,960.69,1,NA,0,NA,0,NA,0,NA,NA,0
2005,11,27,-0.84,1,958.86,1,NA,0,NA,0,NA,0,NA,NA,0
2005,11,28,-1.06,1,955.44,1,NA,0,NA,0,NA,0,NA,NA,0
2005,11,29,-1.56,1,962.31,1,NA,0,NA,0,NA,0,NA,NA,0
2005,11,30,0.29,1,957.64,1,NA,0,NA,0,NA,0,NA,NA,0
2005,12,1,-1.36,1,944.39,1,NA,0,NA,0,NA,0,NA,NA,0
2005,12,2,-4.59,1,944.59,1,NA,0,NA,0,NA,0,NA,NA,0
2005,12,3,-2.45,0.75,953.93,1,NA,0,NA,0,NA,0,NA,NA,0
2005,12,4,0.29,0.875,965.03,1,NA,0,NA,0,NA,0,NA,NA,0
2005,12,5,-1.43,1,973.13,1,NA,0,NA,0,NA,0,NA,NA,0
2005,12,6,-1.04,1,972.54,1,NA,0,NA,0,NA,0,NA,NA,0
2005,12,7,-1.49,0.875,962.79,1,NA,0,NA,0,NA,0,NA,NA,0
2005,12,8,-1.12,1,958.13,1,NA,0,NA,0,NA,0,NA,NA,0
2005,12,9,-1.03,1,958.65,1,NA,0,NA,0,NA,0,NA,NA,0
2005,12,10,-0.1,1,946.39,1,NA,0,NA,0,NA,0,NA,NA,0
2005,12,11,0.68,1,950.7,1,NA,0,NA,0,NA,0,NA,NA,0
2005,12,12,1.92,1,953.21,1,NA,0,NA,0,NA,0,NA,NA,0
2005,12,13,1.28,1,958.43,1,NA,0,NA,0,NA,0,NA,NA,0
2005,12,14,0.56,1,966.8,1,NA,0,NA,0,NA,0,NA,NA,0
2005,12,15,0.64,1,966.72,1,NA,0,NA,0,NA,0,NA,NA,0
2005,12,16,0.22,0.75,960.5,1,NA,0,NA,0,NA,0,NA,NA,0
2005,12,17,0.19,1,964.23,1,NA,0,NA,0,NA,0,NA,NA,0
2005,12,18,-1.08,1,971.58,1,NA,0,NA,0,NA,0,NA,NA,0
2005,12,19,-0.34,1,969.69,1,NA,0,NA,0,NA,0,NA,NA,0
2005,12,20,0.34,1,969.53,1,NA,0,NA,0,NA,0,NA,NA,0
2005,12,21,NA,0.625,968.41,1,NA,0,NA,0,NA,0,NA,NA,0
2005,12,22,-1.14,1,974.21,1,NA,0,NA,0,NA,0,NA,NA,0
2005,12,23,0.16,1,972.88,1,NA,0,NA,0,NA,0,NA,NA,0
2005,12,24,1.21,1,967.86,1,NA,0,NA,0,NA,0,NA,NA,0
2005,12,25,1.33,1,957.2,1,NA,0,NA,0,NA,0,NA,NA,0
2005,12,26,1.36,1,968.69,1,NA,0,NA,0,NA,0,NA,NA,0
2005,12,27,2.14,1,968.53,1,NA,0,NA,0,NA,0,NA,NA,0
2005,12,28,0.92,1,975.28,1,NA,0,NA,0,NA,0,NA,NA,0
2005,12,29,1.58,1,974.66,1,NA,0,NA,0,NA,0,NA,NA,0
2005,12,30,5.44,0.875,968.79,1,NA,0,NA,0,NA,0,NA,NA,0
2005,12,31,2.43,1,969.65,1,NA,0,NA,0,NA,0,NA,NA,0
2006,1,1,1.16,1,973.97,1,NA,0,NA,0,NA,0,NA,NA,0
2006,1,2,2.38,1,977.13,1,NA,0,NA,0,NA,0,NA,NA,0
2006,1,3,3.08,1,970.63,1,NA,0,NA,0,NA,0,NA,NA,0
2006,1,4,2.79,0.875,967.79,1,NA,0,NA,0,NA,0,NA,NA,0
2006,1,5,1.49,1,961.59,1,NA,0,NA,0,NA,0,NA,NA,0
2006,1,6,-0.33,1,964.96,1,NA,0,NA,0,NA,0,NA,NA,0
2006,1,7,-0.36,1,959.09,1,NA,0,NA,0,NA,0,NA,NA,0
2006,1,8,-0.46,1,953.25,1,NA,0,NA,0,NA,0,NA,NA,0
2006,1,9,-0.78,1,952.13,1,NA,0,NA,0,NA,0,NA,NA,0
2006,1,10,0.6,1,956.16,1,NA,0,NA,0,NA,0,NA,NA,0
2006,1,11,0.51,1,959.9,1,NA,0,NA,0,NA,0,NA,NA,0
2006,1,12,1.5,1,961.76,1,NA,0,NA,0,NA,0,NA,NA,0
2006,1,13,2.2,1,953.18,1,NA,0,NA,0,NA,0,NA,NA,0
2006,1,14,2.16,1,953.93,1,NA,0,NA,0,NA,0,NA,NA,0
2006,1,15,1.8,1,965.61,1,NA,0,NA,0,NA,0,NA,NA,0
2006,1,16,2.3,1,962.88,1,NA,0,NA,0,NA,0,NA,NA,0
2006,1,17,2.64,1,960.15,1,NA,0,NA,0,NA,0,NA,NA,0
2006,1,18,3.38,1,952.56,1,NA,0,NA,0,NA,0,NA,NA,0
2006,1,19,1.83,1,956.66,1,NA,0,NA,0,NA,0,NA,NA,0
2006,1,20,1.94,1,965.98,1,NA,0,NA,0,NA,0,NA,NA,0
2006,1,21,4.65,1,965.51,1,NA,0,NA,0,NA,0,NA,NA,0
2006,1,22,6.07,0.875,960.39,1,NA,0,NA,0,NA,0,NA,NA,0
2006,1,23,4.03,0.75,951.79,1,NA,0,NA,0,NA,0,NA,NA,0
2006,1,24,2.87,1,958.78,1,NA,0,NA,0,NA,0,NA,NA,0
2006,1,25,3.33,1,956.84,1,NA,0,NA,0,NA,0,NA,NA,0
2006,1,26,2.08,1,951.24,1,NA,0,NA,0,NA,0,NA,NA,0
2006,1,27,0.46,1,952.45,1,NA,0,NA,0,NA,0,NA,NA,0
2006,1,28,0.83,1,954.33,1,NA,0,NA,0,NA,0,NA,NA,0
2006,1,29,2.68,1,954.75,1,NA,0,NA,0,NA,0,NA,NA,0
2006,1,30,4.1,1,960,1,NA,0,NA,0,NA,0,NA,NA,0
2006,1,31,3.99,0.875,966.04,0.875,NA,0,NA,0,NA,0,NA,NA,0
2006,2,1,1.71,1,964.65,1,NA,0,NA,0,NA,0,NA,NA,0
2006,2,2,1.69,1,964.43,1,NA,0,NA,0,NA,0,NA,NA,0
2006,2,3,1.67,1,970.8,1,NA,0,NA,0,NA,0,NA,NA,0
2006,2,4,0.21,1,972.56,1,NA,0,NA,0,NA,0,NA,NA,0
2006,2,5,0.65,1,973.08,1,NA,0,NA,0,NA,0,NA,NA,0
2006,2,6,4.07,0.875,967.96,1,NA,0,NA,0,NA,0,NA,NA,0
2006,2,7,4.35,1,961.43,1,NA,0,NA,0,NA,0,NA,NA,0
2006,2,8,3.56,1,973.05,1,NA,0,NA,0,NA,0,NA,NA,0
2006,2,9,4.69,1,970.35,1,NA,0,NA,0,NA,0,NA,NA,0
2006,2,10,3.34,1,972.38,1,NA,0,NA,0,NA,0,NA,NA,0
2006,2,11,4.03,1,968.19,1,NA,0,NA,0,NA,0,NA,NA,0
2006,2,12,3.39,1,951.14,1,NA,0,NA,0,NA,0,NA,NA,0
2006,2,13,1.88,1,947.44,1,NA,0,NA,0,NA,0,NA,NA,0
2006,2,14,1.36,1,945.82,1,NA,0,NA,0,NA,0,NA,NA,0
2006,2,15,2.01,1,948.88,1,NA,0,NA,0,NA,0,NA,NA,0
2006,2,16,1.54,1,958.81,1,NA,0,NA,0,NA,0,NA,NA,0
2006,2,17,3.82,1,954.32,1,NA,0,NA,0,NA,0,NA,NA,0
2006,2,18,4.16,1,952.06,1,NA,0,NA,0,NA,0,NA,NA,0
2006,2,19,3.14,1,953.24,1,NA,0,NA,0,NA,0,NA,NA,0
2006,2,20,0.82,1,968.76,1,NA,0,NA,0,NA,0,NA,NA,0
2006,2,21,0.85,1,977.16,1,NA,0,NA,0,NA,0,NA,NA,0
2006,2,22,2.11,1,979.85,1,NA,0,NA,0,NA,0,NA,NA,0
2006,2,23,1.93,1,986.56,1,NA,0,NA,0,NA,0,NA,NA,0
2006,2,24,1.89,1,977.63,1,NA,0,NA,0,NA,0,NA,NA,0
2006,2,25,4.25,0.75,965.5,1,NA,0,NA,0,NA,0,NA,NA,0
2006,2,26,2.43,1,956.86,1,NA,0,NA,0,NA,0,NA,NA,0
2006,2,27,1.53,0.75,954.71,1,NA,0.25,NA,0.25,NA,0,NA,NA,0.25
2006,2,28,4.04,1,943.81,1,NA,0.625,77.12,1,NA,0,NA,NA,0.625
2006,3,1,1.3,1,946.84,1,1.11,1,83.88,1,NA,0,1.01,88.41,1
2006,3,2,2.61,1,940.48,1,NA,0.625,117.25,1,NA,0,NA,NA,0.625
2006,3,3,3.31,1,932.86,1,NA,0.5,92.25,1,NA,0,NA,NA,0.5
2006,3,4,1.13,1,940.46,1,3.19,0.875,86.25,1,NA,0,3.05,94.06,0.875
2006,3,5,2.5,1,947.6,1,3.92,0.75,128,1,NA,0,2.21,128.07,0.75
2006,3,6,1.8,1,941.54,1,1.25,1,111.38,1,NA,0,0.33,34.75,1
2006,3,7,2.79,1,935.09,1,NA,0.25,95.5,1,NA,0,NA,NA,0.25
2006,3,8,3.16,1,935,1,NA,0.5,154.75,1,NA,0,NA,NA,0.5
2006,3,9,0.41,1,952.28,1,4.64,0.875,77.5,1,NA,0,4.54,72.77,0.875
2006,3,10,0.99,1,949.85,1,6.34,0.875,126.38,1,NA,0,5.11,60.39,0.875
2006,3,11,3.25,1,936.95,1,NA,0.5,80,1,NA,0,NA,NA,0.5
2006,3,12,1.98,1,944.68,1,NA,0.5,128.12,1,NA,0,NA,NA,0.5
2006,3,13,2.55,1,954,1,5.03,0.875,148.12,1,NA,0,2.43,128.6,0.875
2006,3,14,1.7,1,948.43,1,1.59,1,83.88,1,NA,0,1.37,78.46,1
2006,3,15,2.11,1,952.76,1,NA,0.625,138.5,1,NA,0,NA,NA,0.625
2006,3,16,4.48,1,947.98,1,8.55,1,154.62,1,NA,0,4.47,173.67,1
2006,3,17,4.06,1,942.19,1,NA,0.375,108.62,1,NA,0,NA,NA,0.375
2006,3,18,2.88,1,942.66,1,6.06,0.875,141.88,1,NA,0,4.96,139.77,0.875
2006,3,19,0.01,1,954.96,1,NA,0.625,63.62,1,NA,0,NA,NA,0.625
2006,3,20,1.56,1,955.6,1,5.58,0.75,167.25,1,NA,0,3.85,161.37,0.75
2006,3,21,3.29,1,938.3,1,9.57,0.75,129.12,1,NA,0,9.35,126.44,0.75
2006,3,22,2.2,1,941.16,1,9.22,1,100,1,NA,0,9.15,100.43,1
2006,3,23,1.84,1,951.74,1,2.94,1,81.25,1,NA,0,2.54,84.43,1
2006,3,24,1.56,1,947.36,1,1.43,0.875,64.75,1,NA,0,1.34,65.92,0.875
2006,3,25,0.24,1,954.22,1,2.95,1,62.5,1,NA,0,2.88,63.58,1
2006,3,26,2.5,1,958.69,1,5.07,0.75,114,1,NA,0,4.66,108.23,0.75
2006,3,27,2.98,1,957.94,1,5.87,0.75,128.12,1,NA,0,4.03,170.75,0.75
2006,3,28,3.01,1,945.55,1,NA,0.25,98.38,1,NA,0,NA,NA,0.25
2006,3,29,1.48,1,941.24,1,NA,0.375,102.5,1,NA,0,NA,NA,0.375
2006,3,30,2.36,1,947.09,1,10.57,0.75,140,1,NA,0,10.34,130.56,0.75
2006,3,31,2.22,1,950.72,1,9.04,1,101.62,1,NA,0,8.76,100.69,1
2006,4,1,0.77,1,968.29,1,3.72,0.75,95.5,1,NA,0,3.06,70.9,0.75
2006,4,2,2.05,1,948.59,1,NA,0.5,198.25,1,NA,0,NA,NA,0.5
2006,4,3,1.61,1,952.65,1,6.8,0.75,107,1,NA,0,5.86,94.93,0.75
2006,4,4,0.21,1,952.49,1,NA,0.375,119,1,NA,0,NA,NA,0.375
2006,4,5,1.23,1,936.88,1,9.83,0.875,97.5,1,NA,0,9.51,102.91,0.875
2006,4,6,-1.51,1,948.12,1,NA,0.5,206.88,1,NA,0,NA,NA,0.5
2006,4,7,-2.06,1,936.09,1,12.88,0.75,108.62,1,NA,0,10.79,101.35,0.75
2006,4,8,-0.34,1,943.85,1,9.03,0.75,152.5,1,NA,0,0.75,252.7,0.75
2006,4,9,-0.55,1,953.78,1,NA,0.625,110.12,1,NA,0,NA,NA,0.625
2006,4,10,-0.41,1,954.84,1,4.55,0.75,177.75,1,NA,0,3.13,191.89,0.75
2006,4,11,0.24,1,965.56,1,NA,0.625,119.5,1,NA,0,NA,NA,0.625
2006,4,12,-0.94,1,968.22,1,1.64,1,148.25,1,NA,0,0.75,146.05,1
2006,4,13,0.21,1,965.06,1,1.69,1,126.38,1,NA,0,0.81,120.34,1
2006,4,14,-0.36,1,973.6,1,3.32,0.75,92,1,NA,0,3.01,76.31,0.75
2006,4,15,0.8,1,958.86,1,7.29,0.875,97.88,1,NA,0,7.06,100.75,0.875
2006,4,16,-0.41,1,960.33,1,3.74,0.875,60.38,1,NA,0,3.73,57.13,0.875
2006,4,17,0.66,1,956.18,1,NA,0.625,135.88,1,NA,0,NA,NA,0.625
2006,4,18,0.22,1,942.41,1,11.18,0.75,97.88,1,NA,0,10.19,96.19,0.75
2006,4,19,-3.25,1,963.98,1,10.37,0.875,77.88,1,NA,0,9.87,78.51,0.875
2006,4,20,-2.96,1,973.9,1,6.03,0.75,77.75,1,NA,0,5.68,81.44,0.75
2006,4,21,-2.4,1,973.14,1,2.69,1,107.75,1,NA,0,2.07,77.57,1
2006,4,22,-2.45,1,967.23,1,1.7,1,100.88,1,NA,0,0.86,135.97,1
2006,4,23,0.76,0.875,963.24,1,4.58,0.75,157.62,1,NA,0,1.93,109.98,0.75
2006,4,24,0.48,1,967.3,1,NA,0.625,130.38,1,NA,0,NA,NA,0.625
2006,4,25,-1.43,1,967.43,1,0.85,1,105.12,1,NA,0,0.76,93.02,1
2006,4,26,-1.46,1,955.13,1,1.5,1,116.75,1,NA,0,1.09,100.88,1
2006,4,27,-0.61,1,966.26,1,1,1,86.75,1,NA,0,0.89,94.84,1
2006,4,28,-1.47,1,976.04,1,1.04,1,125.88,1,NA,0,0.84,129.77,1
2006,4,29,0.28,1,974.13,1,NA,0.5,81.38,1,NA,0,NA,NA,0.5
2006,4,30,0.78,1,960.28,1,NA,0.375,116.88,1,NA,0,NA,NA,0.375
2006,5,1,1.65,1,951.21,1,NA,0.5,119.38,1,NA,0,NA,NA,0.5
2006,5,2,1.3,1,960.28,1,8.92,0.75,95.75,1,NA,0,8.56,93.95,0.75
2006,5,3,2.29,1,938.4,1,NA,0.5,154.5,1,NA,0,NA,NA,0.5
2006,5,4,-0.25,1,933.06,1,NA,0.625,83.62,1,NA,0,NA,NA,0.625
2006,5,5,-1.68,1,957.26,1,4.58,0.75,65.25,1,NA,0,3.82,64.71,0.75
2006,5,6,0.45,1,950.14,1,9.75,0.75,94.62,1,NA,0,9.42,82.66,0.75
2006,5,7,-0.6,1,940.81,0.875,NA,0.375,76,1,NA,0,NA,NA,0.375
2006,5,8,-2.59,1,950.49,1,NA,0.625,77.25,1,NA,0,NA,NA,0.625
2006,5,9,-3.23,1,953.33,1,4.15,1,123.5,1,NA,0,1.64,95.65,1
2006,5,10,-0.04,1,939.49,1,NA,0.375,128.12,1,NA,0,NA,NA,0.375
2006,5,11,1.11,1,955,1,8.01,0.875,115.62,1,NA,0,6.6,119.67,0.875
2006,5,12,0.28,1,935.96,1,NA,0.5,104.88,1,NA,0,NA,NA,0.5
2006,5,13,-0.85,1,933.56,1,12.01,1,87.5,1,NA,0,11.93,87.25,1
2006,5,14,-1.69,1,935.41,1,12.07,1,94.5,1,NA,0,11.98,93.44,1
2006,5,15,-2.79,1,939.09,1,10.52,0.75,82.25,1,NA,0,10.44,82.29,0.75
2006,5,16,-3.54,1,950.15,1,NA,0.5,123.75,1,NA,0,NA,NA,0.5
2006,5,17,-3.86,1,948.1,1,5.83,0.875,109.62,1,NA,0,3.71,111.28,0.875
2006,5,18,-3.49,1,945.23,1,NA,0.25,79.25,1,NA,0,NA,NA,0.25
2006,5,19,-4.09,1,941.74,1,NA,0.25,91.62,1,NA,0,NA,NA,0.25
2006,5,20,-5.76,1,946.46,1,NA,0.375,70.88,1,NA,0,NA,NA,0.375
2006,5,21,-4.51,1,967.96,1,4.01,1,82.38,1,NA,0,3.97,70.79,1
2006,5,22,-1.29,1,972.21,1,3.14,0.875,107.12,1,NA,0,2.97,99.45,0.875
2006,5,23,1.98,1,964.5,1,7.22,0.75,180.5,1,NA,0,5.44,154.61,0.75
2006,5,24,2.2,1,952.37,1,NA,0.375,156.5,1,NA,0,NA,NA,0.375
2006,5,25,-2.45,1,966.86,1,4.7,0.875,66,1,NA,0,4.62,67.9,0.875
2006,5,26,-3.75,1,978.22,1,4.08,1,65.88,1,NA,0,4.07,68.77,1
2006,5,27,-4.89,1,990.26,1,1.99,0.875,174.12,1,NA,0,0.3,258.85,0.875
2006,5,28,-4.76,0.875,986.1,1,3.41,0.875,113.38,1,NA,0,2.16,115.74,0.875
2006,5,29,0.03,1,978.83,1,2.73,0.75,77.12,1,NA,0,2.57,60.65,0.75
2006,5,30,-0.41,1,980.69,1,NA,0.5,101.25,1,NA,0,NA,NA,0.5
2006,5,31,-3.33,1,988.06,1,0.86,1,72.38,1,NA,0,0.75,70.38,1
2006,6,1,1.61,0.875,981.94,1,4.38,0.75,128.25,1,NA,0,0.72,55.87,0.75
2006,6,2,2.09,1,968.98,1,NA,0.125,165,1,NA,0,NA,NA,0.125
2006,6,3,0.89,1,971.29,1,2.79,0.875,76.12,1,NA,0,2.76,51.74,0.875
2006,6,4,1.9,1,966.54,1,NA,0.625,152.75,1,NA,0,NA,NA,0.625
2006,6,5,-0.8,1,970.96,1,4.47,0.875,96.88,1,NA,0,4.43,98.99,0.875
2006,6,6,0.44,1,965.39,1,6.46,1,105.62,1,NA,0,6.09,115.11,1
2006,6,7,-0.64,0.875,952.93,1,NA,0.375,105.62,1,NA,0,NA,NA,0.375
2006,6,8,-4.1,1,953.1,1,3.88,1,107.25,1,NA,0,2.41,67.44,1
2006,6,9,-5.15,1,952.53,1,NA,0.625,65,1,NA,0,NA,NA,0.625
2006,6,10,-6.6,1,962.58,1,2.9,1,129,1,NA,0,2.05,106.68,1
2006,6,11,-7.76,1,963.2,1,NA,0.5,129.88,1,NA,0,NA,NA,0.5
2006,6,12,-5.73,1,964.24,1,2.82,0.75,173.62,1,NA,0,2.24,171.29,0.75
2006,6,13,-4.54,1,969.74,1,NA,0.5,196.38,1,NA,0,NA,NA,0.5
2006,6,14,-3.55,1,977.95,1,3.93,0.875,136.88,1,NA,0,2.6,82.41,0.875
2006,6,15,-4.27,1,981.85,1,1.34,1,100.38,1,NA,0,0.91,111.75,1
2006,6,16,-3.37,0.875,976.04,1,3.02,0.75,118.75,1,NA,0,1.78,65.82,0.75
2006,6,17,-1.09,1,964.85,1,1.06,1,69.88,1,NA,0,0.97,62.45,1
2006,6,18,-2.63,1,956.7,1,NA,0.25,57.88,1,NA,0,NA,NA,0.25
2006,6,19,-4.98,1,954.28,1,NA,0.375,174.88,1,NA,0,NA,NA,0.375
2006,6,20,-7.03,1,957.47,1,6.63,0.75,151.88,1,NA,0,6.03,150.36,0.75
2006,6,21,-5.64,1,962.83,1,7.03,0.875,117.5,1,NA,0,5.63,115.48,0.875
2006,6,22,-6.5,1,957.54,1,2.75,1,87.75,1,NA,0,2.58,63.14,1
2006,6,23,-5.75,1,957.49,1,NA,0.625,62,1,NA,0,NA,NA,0.625
2006,6,24,-6.21,1,966.5,1,5.69,0.875,72.75,1,NA,0,5.5,74.31,0.875
2006,6,25,-6.28,1,982,1,2.71,1,70.12,1,NA,0,2.69,73.45,1
2006,6,26,-4.27,1,987.6,1,4.62,0.75,72.38,1,NA,0,4.52,70.54,0.75
2006,6,27,-3.65,1,988.19,1,3.65,1,125.75,1,NA,0,3.53,126.01,1
2006,6,28,-1.44,1,985.43,1,5.82,0.75,146.62,1,NA,0,5.32,164.74,0.75
2006,6,29,1.83,1,977.88,1,NA,0.5,117,1,NA,0,NA,NA,0.5
2006,6,30,1.33,1,963.97,1,18.4,0.75,185.12,1,NA,0,16.48,187.69,0.75
2006,7,1,-0.94,1,958.14,1,NA,0.5,107.12,1,NA,0,NA,NA,0.5
2006,7,2,-1.49,1,967.39,1,NA,0.5,97.38,1,NA,0,NA,NA,0.5
2006,7,3,-0.28,1,965.55,1,NA,0.5,151,1,NA,0,NA,NA,0.5
2006,7,4,1.61,1,948.85,1,NA,0.5,199.5,1,NA,0,NA,NA,0.5
2006,7,5,-4.6,1,957.11,1,9.6,1,92.25,1,NA,0,8.53,92.39,1
2006,7,6,-4.11,1,972.43,1,8.6,0.75,96.12,1,NA,0,8.18,94.96,0.75
2006,7,7,-1.1,1,973.59,1,6.61,1,96.88,1,NA,0,6.57,96.47,1
2006,7,8,-1.86,1,970.34,1,7.65,0.75,148,1,NA,0,4.8,101.78,0.75
2006,7,9,-4.82,1,968.81,1,5.3,0.75,142.38,1,NA,0,2.1,114.43,0.75
2006,7,10,-3.09,1,945.76,1,NA,0.5,133,1,NA,0,NA,NA,0.5
2006,7,11,-6.91,1,937.25,1,5.88,1,118.38,1,NA,0,5.39,118.97,1
2006,7,12,-7.48,1,936.15,1,3.87,0.75,141.62,1,NA,0,2.13,123.81,0.75
2006,7,13,-8.14,1,938.44,1,5.75,1,81,1,NA,0,5.62,79.44,1
2006,7,14,-8.41,1,949.41,1,5.18,1,72.38,1,NA,0,5.07,74.05,1
2006,7,15,-8.92,1,958.54,1,NA,0.625,95.62,1,NA,0,NA,NA,0.625
2006,7,16,-6.73,0.875,963.24,1,NA,0.5,107.62,1,NA,0,NA,NA,0.5
2006,7,17,-3.43,1,972.03,1,NA,0.625,81.12,1,NA,0,NA,NA,0.625
2006,7,18,-1.5,1,968.46,1,5.02,0.75,114.12,1,NA,0,4.8,123.57,0.75
2006,7,19,-3.89,1,963.06,1,2.86,1,124.12,1,NA,0,1.92,87.25,1
2006,7,20,-3.59,1,963.84,1,4.07,0.875,167,1,NA,0,3.47,144.29,0.875
2006,7,21,-4.56,1,966.36,1,7.14,0.875,166.25,1,NA,0,6.82,163.24,0.875
2006,7,22,-2.98,1,959.85,1,NA,0.375,111.5,1,NA,0,NA,NA,0.375
2006,7,23,-2.68,1,969.21,1,1.73,1,95.88,1,NA,0,1.52,41.79,1
2006,7,24,-3.28,1,984.38,1,NA,0.625,128.25,1,NA,0,NA,NA,0.625
2006,7,25,-3.73,1,978.68,1,7.4,0.75,144.88,1,NA,0,7.12,158.51,0.75
2006,7,26,-3.06,1,967.53,1,NA,0.5,109.25,1,NA,0,NA,NA,0.5
2006,7,27,NA,0.625,962.71,1,10.16,0.875,67.62,1,NA,0,10.14,63.97,0.875
2006,7,28,-11.3,1,976.4,1,NA,0.625,66,1,NA,0,NA,NA,0.625
2006,7,29,-7.3,1,981.54,1,3.12,1,66.75,1,NA,0,3.1,70.7,1
2006,7,30,-4.13,1,980.71,1,2.21,1,78.5,1,NA,0,2.07,63.56,1
2006,7,31,-3.21,1,980.06,1,2.8,0.75,74.75,1,NA,0,2.71,77.58,0.75
2006,8,1,-2.35,1,979.51,1,3.78,1,82.75,1,NA,0,3.69,81.1,1
2006,8,2,-2.8,1,985.32,1,NA,0.625,106,1,NA,0,NA,NA,0.625
2006,8,3,-4.61,1,988.56,1,NA,0,94.75,1,NA,0,NA,NA,0
2006,8,4,-4.64,1,991.39,1,NA,0,131.62,1,NA,0,NA,NA,0
2006,8,5,-5.39,1,985.83,1,NA,0,92.38,1,NA,0,NA,NA,0
2006,8,6,-3.88,1,980.2,1,NA,0.5,101.88,1,NA,0,NA,NA,0.5
2006,8,7,-5.07,1,981.69,1,2.47,0.75,119.75,1,NA,0,1.4,126.35,0.75
2006,8,8,-7.2,1,977.66,1,3.06,0.875,125.62,1,NA,0,1.39,73.44,0.875
2006,8,9,-8.41,1,971.63,1,2.41,1,62.12,1,NA,0,2.41,58.06,1
2006,8,10,-7.24,1,975.03,1,1.9,1,121.75,1,NA,0,0.51,139.48,1
2006,8,11,-3.85,1,974.18,1,1.12,1,130,1,NA,0,0.5,70.28,1
2006,8,12,-4.31,1,974.68,1,2.79,1,93.88,1,NA,0,2.6,96.34,1
2006,8,13,-4.74,1,977.9,1,4.02,1,72.25,1,NA,0,3.75,71.25,1
2006,8,14,-6.21,1,976.31,1,2.49,1,164.5,1,NA,0,0.58,158.2,1
2006,8,15,-5.19,1,963.73,1,NA,0.625,116.62,1,NA,0,NA,NA,0.625
2006,8,16,-3.2,1,957.24,1,3.07,0.875,174.12,1,NA,0,1.41,155.02,0.875
2006,8,17,-4.94,1,964.21,1,2.81,1,144.25,1,NA,0,1.5,109.57,1
2006,8,18,-6.76,1,972.8,1,4.45,1,83.25,1,NA,0,3.86,88.99,1
2006,8,19,-10.7,1,979.87,1,2.6,1,56.12,1,NA,0,2.59,57.44,1
2006,8,20,-12.5,1,980.24,1,3.24,1,89.12,1,NA,0,2.88,79.76,1
2006,8,21,-9.44,1,968.09,1,2.64,1,186,1,NA,0,0.87,150.9,1
2006,8,22,-9.13,1,965.39,1,3.2,1,228.38,1,NA,0,2.23,190.85,1
2006,8,23,-9.92,1,969.8,1,NA,0.375,176.75,1,NA,0,NA,NA,0.375
2006,8,24,-10.11,1,970.18,1,2.35,1,167.38,1,NA,0,0.7,172.76,1
2006,8,25,-10.92,1,972.03,1,NA,0.625,169.38,1,NA,0,NA,NA,0.625
2006,8,26,-3.34,1,952.39,1,5.52,0.75,83,1,NA,0,3.09,72.93,0.75
2006,8,27,-2.34,1,947.43,1,0.29,0.875,119.75,1,NA,0,0.27,65.06,0.875
2006,8,28,-3.63,1,959.01,1,2.17,0.875,107.38,1,NA,0,0.53,144.18,0.875
2006,8,29,-5.66,1,949.18,1,NA,0.5,139.88,1,NA,0,NA,NA,0.5
2006,8,30,-6.3,1,961.99,1,6.29,0.875,121.62,1,NA,0,5.91,118.66,0.875
2006,8,31,-6.58,1,960.94,1,3.72,0.75,165.25,1,NA,0,3.18,115.55,0.75
2006,9,1,-6.5,1,965.5,1,2.71,1,104.5,1,NA,0,1.8,86.27,1
2006,9,2,-6.31,1,970.25,1,3.48,1,76.25,1,NA,0,3.32,74.81,1
2006,9,3,-2.9,1,960.51,1,5.75,0.75,126.88,1,NA,0,4.96,92.1,0.75
2006,9,4,-7.11,1,964.25,1,NA,0.375,71,1,NA,0,NA,NA,0.375
2006,9,5,-3.65,1,970.57,1,3.23,0.75,84.5,1,NA,0,2.82,82.5,0.75
2006,9,6,-0.24,1,954.44,1,NA,0.375,149.12,1,NA,0,NA,NA,0.375
2006,9,7,-0.49,1,945.69,1,NA,0.25,122.62,1,NA,0,NA,NA,0.25
2006,9,8,-5.63,0.875,949.37,1,NA,0.5,81.75,1,NA,0,NA,NA,0.5
2006,9,9,-4.06,0.875,949.81,1,NA,0.375,105.25,1,NA,0,NA,NA,0.375
2006,9,10,-2.09,1,932.65,1,NA,0.5,103.75,1,NA,0,NA,NA,0.5
2006,9,11,-2,1,929.23,1,NA,0.125,160.38,1,NA,0,NA,NA,0.125
2006,9,12,-3.1,1,931.7,1,NA,0.125,113.38,1,NA,0,NA,NA,0.125
2006,9,13,-2.33,1,920.74,1,4.6,0.875,127.5,1,NA,0,4.01,120.21,0.875
2006,9,14,-6.24,1,936.54,1,NA,0.625,74.38,1,NA,0,NA,NA,0.625
2006,9,15,-8.98,1,948.29,1,8.11,1,65.88,1,NA,0,8.09,65.87,1
2006,9,16,-8.75,1,952.36,1,6.14,0.875,74.75,1,NA,0,5.24,82.92,0.875
2006,9,17,-8.99,1,963.79,1,5.32,0.75,230,1,NA,0,1.02,174.94,0.75
2006,9,18,-8.28,1,976.21,1,3.24,1,113.62,1,NA,0,2.68,96.72,1
2006,9,19,-9.52,1,984.01,1,3.43,0.875,80.75,1,NA,0,3.33,78.74,0.875
2006,9,20,-9.66,1,981.74,1,4.11,1,67.25,1,NA,0,4.1,67.23,1
2006,9,21,-9.49,1,975.03,1,5.15,1,64,1,NA,0,5.13,65.08,1
2006,9,22,-8.5,1,983.74,1,4.26,1,71.25,1,NA,0,4.22,72.77,1
2006,9,23,-8.06,1,994.31,1,1.1,1,85,1,NA,0,0.39,72.09,1
2006,9,24,-9.31,1,995.9,1,2.8,0.75,93.12,1,NA,0,2.27,86.92,0.75
2006,9,25,-7.14,1,985.88,1,1.03,0.75,71.25,1,NA,0,0.97,76.39,0.75
2006,9,26,-1.1,1,965.06,1,NA,0.625,85.62,1,NA,0,NA,NA,0.625
2006,9,27,-0.85,1,959.95,1,3.01,1,81.12,1,NA,0,2.82,87.94,1
2006,9,28,0.5,1,949.24,1,NA,0.25,113.25,1,NA,0,NA,NA,0.25
2006,9,29,-5.54,0.875,949.76,1,3.85,0.75,73.88,1,NA,0,3.84,73.76,0.75
2006,9,30,-10.55,1,971.79,1,3.41,1,79.62,1,NA,0,3.29,78.65,1
2006,10,1,-7.44,1,982.59,1,2.71,1,82.75,1,NA,0,2.69,84.18,1
2006,10,2,-6.1,1,983.75,1,0.48,1,90.75,1,NA,0,0.38,92.47,1
2006,10,3,-7.31,0.875,981.16,1,0.96,1,152.38,1,NA,0,0.74,176.87,1
2006,10,4,NA,0.5,981.89,1,1,0.75,173.12,1,NA,0,0.51,216.92,0.75
2006,10,5,1.44,1,972.74,1,NA,0.25,115.62,1,NA,0,NA,NA,0.25
2006,10,6,0.14,1,967.45,1,1.39,1,79.5,1,NA,0,0.93,48.02,1
2006,10,7,-2.11,0.875,960.34,1,0.65,1,95,1,NA,0,0.31,69.01,1
2006,10,8,-0.43,1,955.51,1,NA,0.625,96.88,1,NA,0,NA,NA,0.625
2006,10,9,-1.91,0.875,960.79,1,NA,0.625,108.38,1,NA,0,NA,NA,0.625
2006,10,10,-3.61,1,971.57,1,2.64,1,103.12,1,NA,0,2.58,101.14,1
2006,10,11,-2.31,1,976.59,1,1.38,1,63.25,1,NA,0,1.33,59.87,1
2006,10,12,0.66,1,970.75,1,NA,0.625,79.62,1,NA,0,NA,NA,0.625
2006,10,13,2.99,1,955.51,1,NA,0.625,116.12,1,NA,0,NA,NA,0.625
2006,10,14,1.56,1,948.43,1,NA,0.375,157.88,1,NA,0,NA,NA,0.375
2006,10,15,0.85,1,954.01,1,0.82,0.75,105.38,1,NA,0,0.81,100.03,0.75
2006,10,16,-2.53,1,962.87,1,2.61,0.875,84.12,1,NA,0,2.49,66.56,0.875
2006,10,17,-0.94,1,974.83,1,1.36,1,64.25,1,NA,0,1.26,65.78,1
2006,10,18,0.91,1,974.99,1,2.45,1,50.25,1,NA,0,2.45,48.32,1
2006,10,19,3.8,1,967.66,1,8.62,0.75,156.88,1,NA,0,8.34,149.65,0.75
2006,10,20,2.55,1,958.7,1,NA,0.625,144.38,1,NA,0,NA,NA,0.625
2006,10,21,1.58,1,937.38,1,13.68,0.75,179,1,NA,0,11.07,181.89,0.75
2006,10,22,0.86,1,928.69,1,6.86,0.875,122.12,1,NA,0,6.25,128.54,0.875
2006,10,23,-1.9,1,935.76,1,5.42,1,91.62,1,NA,0,5.38,91.63,1
2006,10,24,-3.59,1,942.48,1,5.2,0.75,68.38,1,NA,0,5.09,71.53,0.75
2006,10,25,-2.93,0.875,938.79,1,NA,0.5,108,1,NA,0,NA,NA,0.5
2006,10,26,-0.56,1,946.57,1,2.91,0.875,106,1,NA,0,2.71,111.13,0.875
2006,10,27,1.13,1,948.5,1,9.1,1,163.12,1,NA,0,7.99,164.87,1
2006,10,28,1.25,1,935.74,1,NA,0.625,120,1,NA,0,NA,NA,0.625
2006,10,29,-1.1,0.75,946.18,0.75,NA,0.625,68.67,0.75,NA,0,NA,NA,0.625
2006,10,30,NA,0,NA,0,NA,0,NA,0,NA,0,NA,NA,0
2006,10,31,NA,0,NA,0,NA,0,NA,0,NA,0,NA,NA,0
2006,11,1,NA,0,NA,0,NA,0,NA,0,NA,0,NA,NA,0
2006,11,2,NA,0,NA,0,NA,0,NA,0,NA,0,NA,NA,0
2006,11,3,NA,0,NA,0,NA,0,NA,0,NA,0,NA,NA,0
2006,11,4,NA,0,NA,0,NA,0,NA,0,NA,0,NA,NA,0
2006,11,5,NA,0,NA,0,NA,0,NA,0,NA,0,NA,NA,0
2006,11,6,NA,0.25,NA,0.25,NA,0.25,NA,0.25,NA,0,NA,NA,0.25
2006,11,7,-0.34,1,940.24,1,NA,0.25,117.12,1,NA,0,NA,NA,0.25
2006,11,8,-1.09,1,944.1,1,1.66,1,131.62,1,NA,0,0.92,112.54,1
2006,11,9,-0.99,1,953.39,1,4.96,1,87.12,1,NA,0,4.83,89.88,1
2006,11,10,-0.16,1,968.96,1,1.94,0.875,92.62,1,NA,0,1.51,90.06,0.875
2006,11,11,0.21,1,960.25,1,3.24,0.875,122.62,1,NA,0,1.6,62.68,0.875
2006,11,12,0.38,1,940.28,1,NA,0.5,131.88,1,NA,0,NA,NA,0.5
2006,11,13,-2.85,1,946.13,1,NA,0.625,79.75,1,NA,0,NA,NA,0.625
2006,11,14,-1.73,1,949.21,1,5.58,0.75,84,1,NA,0,5.44,95.55,0.75
2006,11,15,-0.63,1,943.74,1,6.49,0.875,97,1,NA,0,5.52,101.98,0.875
2006,11,16,-1.94,1,947.49,1,2.89,1,97.62,1,NA,0,2.7,97.87,1
2006,11,17,-2.5,1,954.53,1,4.9,1,80,1,NA,0,4.79,79.48,1
2006,11,18,-0.41,1,952.49,1,2.24,1,65.38,1,NA,0,2.21,68.39,1
2006,11,19,-0.25,1,948.7,1,1.57,1,68.75,1,NA,0,1.49,72.22,1
2006,11,20,-0.19,1,955.7,1,0.45,1,58.25,1,NA,0,0.4,66.19,1
2006,11,21,0,1,958.51,1,1.11,1,50,1,NA,0,1.11,48.93,1
2006,11,22,-0.75,1,959.55,1,1.66,1,61.88,1,NA,0,1.65,66.39,1
2006,11,23,-1,1,962.44,1,1.83,0.875,84.62,1,NA,0,1.39,114.32,0.875
2006,11,24,-0.84,1,968.5,1,2.11,1,60.5,1,NA,0,2.11,64.91,1
2006,11,25,-0.81,1,973.41,1,4.7,1,68.62,1,NA,0,4.69,68.87,1
2006,11,26,-0.15,1,970.66,1,2.22,1,78.38,1,NA,0,1.94,65.85,1
2006,11,27,NA,0.625,958.49,0.875,1.23,0.875,60.14,0.875,NA,0,1.2,49.94,0.875
2006,11,28,NA,0,NA,0,NA,0,NA,0,NA,0,NA,NA,0
2006,11,29,1.77,0.75,NA,0.625,NA,0.625,NA,0.625,NA,0,NA,NA,0.625
2006,11,30,NA,0.625,NA,0.625,NA,0.625,NA,0.625,NA,0,NA,NA,0.625
2006,12,1,NA,0,NA,0.125,NA,0.125,NA,0.125,NA,0,NA,NA,0.125
2006,12,2,NA,0,NA,0,NA,0,NA,0,NA,0,NA,NA,0
2006,12,3,NA,0,NA,0,NA,0,NA,0,NA,0,NA,NA,0
2006,12,4,NA,0,NA,0,NA,0,NA,0,NA,0,NA,NA,0
2006,12,5,NA,0,NA,0,NA,0,NA,0,NA,0,NA,NA,0
2006,12,6,NA,0,NA,0,NA,0,NA,0,NA,0,NA,NA,0
2006,12,7,NA,0,NA,0,NA,0,NA,0,NA,0,NA,NA,0
2006,12,8,NA,0,NA,0,NA,0,NA,0,NA,0,NA,NA,0
2006,12,9,NA,0,NA,0,NA,0,NA,0,NA,0,NA,NA,0
2006,12,10,NA,0,NA,0,NA,0,NA,0,NA,0,NA,NA,0
2006,12,11,NA,0,NA,0,NA,0,NA,0,NA,0,NA,NA,0
2006,12,12,NA,0,NA,0,NA,0,NA,0,NA,0,NA,NA,0
2006,12,13,NA,0,NA,0,NA,0,NA,0,NA,0,NA,NA,0
2006,12,14,NA,0,NA,0,NA,0,NA,0,NA,0,NA,NA,0
2006,12,15,NA,0,NA,0,NA,0,NA,0,NA,0,NA,NA,0
2006,12,16,NA,0,NA,0,NA,0,NA,0,NA,0,NA,NA,0
2006,12,17,NA,0,NA,0,NA,0,NA,0,NA,0,NA,NA,0
2006,12,18,NA,0,NA,0,NA,0,NA,0,NA,0,NA,NA,0
2006,12,19,NA,0,NA,0,NA,0,NA,0,NA,0,NA,NA,0
2006,12,20,NA,0,NA,0,NA,0,NA,0,NA,0,NA,NA,0
2006,12,21,NA,0,NA,0,NA,0,NA,0,NA,0,NA,NA,0
2006,12,22,NA,0,NA,0,NA,0,NA,0,NA,0,NA,NA,0
2006,12,23,NA,0,NA,0,NA,0,NA,0,NA,0,NA,NA,0
2006,12,24,NA,0,NA,0,NA,0,NA,0,NA,0,NA,NA,0
2006,12,25,NA,0,NA,0,NA,0,NA,0,NA,0,NA,NA,0
2006,12,26,NA,0,NA,0,NA,0,NA,0,NA,0,NA,NA,0
2006,12,27,NA,0,NA,0,NA,0,NA,0,NA,0,NA,NA,0
2006,12,28,NA,0,NA,0,NA,0,NA,0,NA,0,NA,NA,0
2006,12,29,NA,0,NA,0,NA,0,NA,0,NA,0,NA,NA,0
2006,12,30,NA,0,NA,0,NA,0,NA,0,NA,0,NA,NA,0
2006,12,31,NA,0,NA,0,NA,0,NA,0,NA,0,NA,NA,0
2007,1,1,NA,0,NA,0.375,NA,0.375,NA,0.375,NA,0,NA,NA,0.375
2007,1,2,NA,0,NA,0,NA,0,NA,0,NA,0,NA,NA,0
2007,1,3,NA,0,NA,0,NA,0,NA,0,NA,0,NA,NA,0
2007,1,4,NA,0,NA,0,NA,0,NA,0,NA,0,NA,NA,0
2007,1,5,NA,0,NA,0,NA,0,NA,0,NA,0,NA,NA,0
2007,1,6,NA,0,NA,0,NA,0,NA,0,NA,0,NA,NA,0
2007,1,7,NA,0.25,NA,0.375,NA,0.375,NA,0.375,NA,0,NA,NA,0.375
2007,1,8,NA,0.125,NA,0.375,NA,0.375,NA,0.375,NA,0,NA,NA,0.375
2007,1,9,NA,0.25,NA,0.5,NA,0.5,NA,0.5,NA,0,NA,NA,0.5
2007,1,10,NA,0.25,949.35,0.75,1.53,0.75,74.17,0.75,NA,0,1.37,79.31,0.75
2007,1,11,NA,0.25,946.32,1,1.03,1,89.38,1,NA,0,1.01,97.99,1
2007,1,12,NA,0.5,950.19,1,2.96,1,79.38,1,NA,0,2.77,70.96,1
2007,1,13,2.11,1,956.63,1,6.6,1,66.38,1,NA,0,6.57,66.34,1
2007,1,14,NA,0.625,955.34,1,3.43,1,70,1,NA,0,3.38,68.61,1
2007,1,15,NA,0.625,945.94,1,NA,0.625,94.12,1,NA,0,NA,NA,0.625
2007,1,16,NA,0.625,936.66,1,NA,0.5,65.12,1,NA,0,NA,NA,0.5
2007,1,17,5.25,1,938.19,1,6.93,0.75,154.12,1,NA,0,3.58,185.73,0.75
2007,1,18,4.67,0.875,960.96,0.875,5.7,0.75,147.43,0.875,NA,0,4.12,163.94,0.75
2007,1,19,1.9,0.75,967.91,0.875,2.94,0.875,97.14,0.875,NA,0,2.7,93.26,0.875
2007,1,20,1.23,0.875,968.89,1,5.16,0.875,68.38,1,NA,0,5.06,69.26,0.875
2007,1,21,1.13,1,972.86,1,4.16,1,67.88,1,NA,0,4.15,68.12,1
2007,1,22,0.95,0.75,975.28,0.75,3.03,0.875,64.43,0.875,NA,0,2.99,67.86,0.875
2007,1,23,NA,0,NA,0,NA,0,NA,0,NA,0,NA,NA,0
2007,1,24,NA,0,NA,0,NA,0,NA,0,NA,0,NA,NA,0
2007,1,25,NA,0,NA,0,NA,0,NA,0,NA,0,NA,NA,0
2007,1,26,NA,0,NA,0,NA,0,NA,0,NA,0,NA,NA,0
2007,1,27,NA,0,NA,0,NA,0,NA,0,NA,0,NA,NA,0
2007,1,28,NA,0,NA,0,NA,0,NA,0,NA,0,NA,NA,0
2007,1,29,NA,0,NA,0,NA,0,NA,0,NA,0,NA,NA,0
2007,1,30,NA,0,NA,0,NA,0,NA,0,NA,0,NA,NA,0
2007,1,31,NA,0,NA,0,NA,0,NA,0,NA,0,NA,NA,0
2007,2,1,NA,0,NA,0,NA,0,NA,0,NA,0,NA,NA,0
2007,2,2,NA,0,NA,0,NA,0,NA,0,NA,0,NA,NA,0
2007,2,3,NA,0,NA,0,NA,0,NA,0,NA,0,NA,NA,0
2007,2,4,NA,0,NA,0,NA,0,NA,0,NA,0,NA,NA,0
2007,2,5,NA,0,NA,0,NA,0,NA,0,NA,0,NA,NA,0
2007,2,6,NA,0,NA,0,NA,0,NA,0,NA,0,NA,NA,0
2007,2,7,NA,0,NA,0,NA,0,NA,0,NA,0,NA,NA,0
2007,2,8,NA,0,NA,0,NA,0,NA,0,NA,0,NA,NA,0
2007,2,9,NA,0,NA,0,NA,0,NA,0,NA,0,NA,NA,0
2007,2,10,NA,0,NA,0,NA,0,NA,0,NA,0,NA,NA,0
2007,2,11,NA,0,NA,0,NA,0,NA,0,NA,0,NA,NA,0
2007,2,12,NA,0,NA,0,NA,0,NA,0,NA,0,NA,NA,0
2007,2,13,NA,0,NA,0,NA,0,NA,0,NA,0,NA,NA,0
2007,2,14,NA,0,NA,0,NA,0,NA,0,NA,0,NA,NA,0
2007,2,15,NA,0,NA,0,NA,0,NA,0,NA,0,NA,NA,0
2007,2,16,NA,0,NA,0,NA,0,NA,0,NA,0,NA,NA,0
2007,2,17,NA,0.5,965.99,1,2,1,137.75,1,NA,0,1.6,131.73,1
2007,2,18,NA,0.375,967.61,1,2.01,1,87.12,1,NA,0,1.75,81.21,1
2007,2,19,1.08,1,962.58,1,3.78,1,98.88,1,NA,0,3.15,88.32,1
2007,2,20,0.97,0.75,947.22,1,3.75,1,50.75,1,NA,0,3.71,50.16,1
2007,2,21,2.02,0.75,947.51,1,3.45,1,89.88,1,NA,0,3.23,83.22,1
2007,2,22,NA,0,NA,0.25,NA,0.25,NA,0.25,NA,0,NA,NA,0.25
2007,2,23,NA,0.125,NA,0.125,NA,0.125,NA,0.125,NA,0,NA,NA,0.125
2007,2,24,NA,0,NA,0,NA,0,NA,0,NA,0,NA,NA,0
2007,2,25,NA,0,NA,0,NA,0,NA,0,NA,0,NA,NA,0
2007,2,26,NA,0,NA,0,NA,0,NA,0,NA,0,NA,NA,0
2007,2,27,NA,0,NA,0,NA,0,NA,0,NA,0,NA,NA,0
2007,2,28,NA,0.375,NA,0.375,NA,0.375,NA,0.375,NA,0,NA,NA,0.375
2007,3,1,0.09,1,955.95,1,5.07,0.875,98.62,1,NA,0,4.47,85.75,0.875
2007,3,2,-0.47,1,958.69,1,3.2,1,91,1,NA,0,2.53,67.41,1
2007,3,3,-1.9,1,957.41,1,3.02,0.75,72.38,1,NA,0,2.63,75.58,0.75
2007,3,4,-3.23,1,960.45,1,4.19,0.875,92.62,1,NA,0,3.52,85.41,0.875
2007,3,5,-1.39,1,962.86,1,3.99,0.875,116.75,1,NA,0,3.14,96.31,0.875
2007,3,6,0.54,1,959.45,1,NA,0.625,80,1,NA,0,NA,NA,0.625
2007,3,7,NA,0.625,NA,0.625,NA,0.625,NA,0.625,NA,0,NA,NA,0.625
2007,3,8,1,1,967.44,1,6.18,0.75,76.12,1,NA,0,6.09,72.66,0.75
2007,3,9,0.33,1,966.96,1,6.65,1,66.62,1,NA,0,6.61,66.5,1
2007,3,10,-0.45,1,966.54,1,1.47,0.75,120.62,1,NA,0,1.22,66,0.75
2007,3,11,-1.71,1,966.46,1,2.78,1,125.75,1,NA,0,2.47,135.48,1
2007,3,12,-1.06,1,966,1,3.47,0.875,90.75,1,NA,0,3.21,87.91,0.875
2007,3,13,-0.68,1,966.91,1,4.46,0.875,71.12,1,NA,0,4.22,72.17,0.875
2007,3,14,-2,1,972.61,1,2.41,1,100.12,1,NA,0,1.67,39.1,1
2007,3,15,-1.81,0.875,976.09,0.875,1.74,0.875,150.43,0.875,NA,0,1.15,132.07,0.875
2007,3,16,0.71,0.875,962.6,1,4.63,0.75,162,1,NA,0,1.68,187.88,0.75
2007,3,17,4.02,0.75,940.42,0.75,NA,0.125,89.33,0.75,NA,0,NA,NA,0.125
2007,3,18,3.33,0.75,932.12,0.75,NA,0.375,179.83,0.75,NA,0,NA,NA,0.375
2007,3,19,1.22,1,921.19,1,NA,0.5,92.38,1,NA,0,NA,NA,0.5
2007,3,20,-0.22,1,933.12,1,NA,0.625,69.12,1,NA,0,NA,NA,0.625
2007,3,21,NA,0.625,943.09,0.875,3.43,0.875,97.14,0.875,NA,0,2.94,79.45,0.875
2007,3,22,NA,0,NA,0,NA,0,NA,0,NA,0,NA,NA,0
2007,3,23,NA,0,NA,0,NA,0,NA,0,NA,0,NA,NA,0
2007,3,24,NA,0,NA,0,NA,0,NA,0,NA,0,NA,NA,0
2007,3,25,NA,0,NA,0,NA,0,NA,0,NA,0,NA,NA,0
2007,3,26,NA,0,NA,0,NA,0,NA,0,NA,0,NA,NA,0
2007,3,27,NA,0,NA,0,NA,0,NA,0,NA,0,NA,NA,0
2007,3,28,NA,0.125,NA,0.125,NA,0,NA,0,NA,0,NA,NA,0
2007,3,29,NA,0.375,NA,0.375,NA,0.375,NA,0.375,NA,0,NA,NA,0.375
2007,3,30,-0.26,0.875,947.36,0.875,2.41,0.875,90.43,0.875,NA,0,2.25,87.5,0.875
2007,3,31,-1.54,1,956.98,1,1.63,0.875,162.62,1,NA,0,1.23,190.78,0.875
2007,4,1,NA,0.5,NA,0.5,NA,0.125,NA,0.5,NA,0,NA,NA,0.125
2007,4,2,NA,0,NA,0,NA,0,NA,0,NA,0,NA,NA,0
2007,4,3,NA,0.125,NA,0.125,NA,0.125,NA,0.125,NA,0,NA,NA,0.125
2007,4,4,NA,0.125,NA,0.125,NA,0.25,NA,0.25,NA,0,NA,NA,0.25
2007,4,5,NA,0.25,NA,0.25,NA,0.125,NA,0.125,NA,0,NA,NA,0.125
2007,4,6,2.63,0.875,946.04,0.875,NA,0.25,151,0.75,NA,0,NA,NA,0.25
2007,4,7,0.98,1,948.8,1,NA,0.625,118.38,1,NA,0,NA,NA,0.625
2007,4,8,-0.11,1,952.23,1,3.51,1,88.5,1,NA,0,2.98,96.53,1
2007,4,9,-1.58,1,953.21,1,2.48,1,108.12,1,NA,0,0.84,96.46,1
2007,4,10,NA,0.625,NA,0.625,NA,0.625,NA,0.625,NA,0,NA,NA,0.625
2007,4,11,NA,0.25,NA,0.25,NA,0.25,NA,0.25,NA,0,NA,NA,0.25
2007,4,12,NA,0.625,NA,0.625,NA,0.625,NA,0.625,NA,0,NA,NA,0.625
2007,4,13,NA,0,NA,0,NA,0,NA,0,NA,0,NA,NA,0
2007,4,14,NA,0.5,NA,0.5,NA,0.5,NA,0.5,NA,0,NA,NA,0.5
2007,4,15,NA,0.25,NA,0.25,NA,0.25,NA,0.25,NA,0,NA,NA,0.25
2007,4,16,NA,0.5,NA,0.5,NA,0.5,NA,0.5,NA,0,NA,NA,0.5
2007,4,17,-3.15,0.75,967.43,0.75,2.8,0.75,71,0.75,NA,0,2.5,82.95,0.75
2007,4,18,-2.16,0.875,962.63,0.875,1.2,0.875,89.29,0.875,NA,0,1.16,58.24,0.875
2007,4,19,NA,0,NA,0,NA,0,NA,0,NA,0,NA,NA,0
2007,4,20,NA,0,NA,0,NA,0,NA,0,NA,0,NA,NA,0
2007,4,21,NA,0,NA,0,NA,0,NA,0,NA,0,NA,NA,0
2007,4,22,NA,0,NA,0,NA,0,NA,0,NA,0,NA,NA,0
2007,4,23,NA,0,NA,0,NA,0,NA,0,NA,0,NA,NA,0
2007,4,24,NA,0,NA,0,NA,0,NA,0,NA,0,NA,NA,0
2007,4,25,NA,0,NA,0,NA,0,NA,0,NA,0,NA,NA,0
2007,4,26,NA,0,NA,0,NA,0,NA,0,NA,0,NA,NA,0
2007,4,27,NA,0,NA,0,NA,0,NA,0,NA,0,NA,NA,0
2007,4,28,NA,0,NA,0,NA,0,NA,0,NA,0,NA,NA,0
2007,4,29,NA,0,NA,0,NA,0,NA,0,NA,0,NA,NA,0
2007,4,30,NA,0,NA,0,NA,0,NA,0,NA,0,NA,NA,0
2007,5,1,NA,0.125,NA,0.125,NA,0.125,NA,0.125,NA,0,NA,NA,0.125
2007,5,2,NA,0,NA,0,NA,0,NA,0,NA,0,NA,NA,0
2007,5,3,-2.65,0.75,984.95,0.75,0.73,0.75,115,0.75,NA,0,0.6,122.8,0.75
2007,5,4,-4.06,1,984.54,1,1.59,1,192.62,1,NA,0,0.46,236.97,1
2007,5,5,-5.01,1,991.4,1,0.86,1,206.38,1,NA,0,0.74,205.35,1
2007,5,6,-5.46,1,994.53,1,1.55,1,121.88,1,NA,0,0.52,108.92,1
2007,5,7,-3.96,0.875,990.13,0.875,2.52,0.75,82.86,0.875,NA,0,2.25,57.73,0.75
2007,5,8,NA,0,NA,0,NA,0,NA,0,NA,0,NA,NA,0
2007,5,9,NA,0.625,NA,0.625,NA,0.5,NA,0.625,NA,0,NA,NA,0.5
2007,5,10,0.07,1,954.88,1,NA,0.5,111.5,1,NA,0,NA,NA,0.5
2007,5,11,-0.88,0.75,951.2,0.75,NA,0.375,128.67,0.75,NA,0,NA,NA,0.375
2007,5,12,-0.63,1,949.95,1,7.73,0.875,92.12,1,NA,0,7.7,91.69,0.875
2007,5,13,0.29,1,955.6,1,7.09,1,111.12,1,NA,0,6.78,111.5,1
2007,5,14,NA,0.125,NA,0.125,NA,0.125,NA,0.125,NA,0,NA,NA,0.125
2007,5,15,NA,0.25,NA,0.25,NA,0.25,NA,0.25,NA,0,NA,NA,0.25
2007,5,16,NA,0.375,NA,0.375,NA,0.375,NA,0.375,NA,0,NA,NA,0.375
2007,5,17,NA,0,NA,0,NA,0,NA,0,NA,0,NA,NA,0
2007,5,18,-5.08,0.75,964.77,0.75,6.08,0.75,215.83,0.75,NA,0,4.73,235.88,0.75
2007,5,19,-4.85,1,954.49,1,2.11,0.875,166.38,1,NA,0,1,134.31,0.875
2007,5,20,-4.81,1,958.04,1,NA,0.5,175.88,1,NA,0,NA,NA,0.5
2007,5,21,-2.46,1,958.02,1,1.34,1,94.25,1,NA,0,1.25,76.27,1
2007,5,22,-2.45,1,963.19,1,2.47,0.875,59.12,1,NA,0,2.38,51.73,0.875
2007,5,23,0.52,1,942.89,1,NA,0.625,76.88,1,NA,0,NA,NA,0.625
2007,5,24,-2.59,1,952.54,1,4.03,1,122,1,NA,0,3.4,136.28,1
2007,5,25,-3.12,1,974.19,1,1.74,0.875,92.62,1,NA,0,1.51,78.99,0.875
2007,5,26,-3.47,1,986.41,1,1.34,1,136.5,1,NA,0,0.98,161.12,1
2007,5,27,-2.4,1,991.13,1,1.98,1,104.25,1,NA,0,1.79,102.91,1
2007,5,28,-1,1,988.01,1,2.29,1,69.88,1,NA,0,2.11,72.13,1
2007,5,29,0.41,1,970.35,1,NA,0.5,142.88,1,NA,0,NA,NA,0.5
2007,5,30,0,0.875,951,0.875,NA,0.5,129.86,0.875,NA,0,NA,NA,0.5
2007,5,31,-1.69,0.875,936.63,0.875,NA,0.5,99.14,0.875,NA,0,NA,NA,0.5
2007,6,1,NA,0.625,NA,0.625,NA,0.625,NA,0.625,NA,0,NA,NA,0.625
2007,6,2,-4.72,1,953.55,1,1.86,1,124.25,1,NA,0,0.86,123.78,1
2007,6,3,-4.24,1,949.07,1,2.2,1,139.38,1,NA,0,1.65,125,1
2007,6,4,-4.43,1,951.23,1,1.45,1,130.88,1,NA,0,0.72,138.57,1
2007,6,5,-2.71,1,964.19,1,2.06,1,125.12,1,NA,0,1.24,111.29,1
2007,6,6,-3.45,1,969.21,1,2.28,1,186.62,1,NA,0,0.7,345.16,1
2007,6,7,-3.29,0.875,967.39,0.875,4.36,0.875,43.86,0.875,NA,0,4.32,45.56,0.875
2007,6,8,NA,0,NA,0,NA,0,NA,0,NA,0,NA,NA,0
2007,6,9,NA,0.125,NA,0.125,NA,0.125,NA,0.125,NA,0,NA,NA,0.125
2007,6,10,NA,0,NA,0,NA,0,NA,0,NA,0,NA,NA,0
2007,6,11,NA,0,NA,0,NA,0,NA,0,NA,0,NA,NA,0
2007,6,12,NA,0,NA,0,NA,0,NA,0,NA,0,NA,NA,0
2007,6,13,NA,0.25,NA,0.25,NA,0.25,NA,0.25,NA,0,NA,NA,0.25
2007,6,14,NA,0.375,NA,0.375,NA,0.25,NA,0.375,NA,0,NA,NA,0.25
2007,6,15,NA,0.125,NA,0.125,NA,0.125,NA,0.125,NA,0,NA,NA,0.125
2007,6,16,NA,0.125,NA,0.125,NA,0.125,NA,0.125,NA,0,NA,NA,0.125
2007,6,17,NA,0,NA,0,NA,0,NA,0,NA,0,NA,NA,0
2007,6,18,NA,0,NA,0,NA,0,NA,0,NA,0,NA,NA,0
2007,6,19,NA,0,NA,0,NA,0,NA,0,NA,0,NA,NA,0
2007,6,20,NA,0.125,NA,0.125,NA,0.125,NA,0.125,NA,0,NA,NA,0.125
2007,6,21,NA,0.25,NA,0.25,NA,0.25,NA,0.25,NA,0,NA,NA,0.25
2007,6,22,-3.13,1,960.2,1,2.8,1,82.12,1,NA,0,2.57,76.05,1
2007,6,23,-3.86,1,963.76,1,1.41,1,101.88,1,NA,0,1.35,109.33,1
2007,6,24,-4.86,1,965.25,1,1.86,1,143.38,1,NA,0,1.74,137.1,1
2007,6,25,-5.38,1,964.56,1,5.25,0.75,172.62,1,NA,0,3.28,159.19,0.75
2007,6,26,-3.96,1,970.16,1,1.45,1,121.75,1,NA,0,0.83,134.02,1
2007,6,27,-4.29,1,966.34,1,2.94,0.875,107.12,1,NA,0,2.63,70.93,0.875
2007,6,28,-5.18,1,957.83,1,4.76,1,63.62,1,NA,0,4.76,63.48,1
2007,6,29,-4.44,1,959.32,1,2.54,1,56.5,1,NA,0,2.54,56.89,1
2007,6,30,-3.68,1,968.13,1,NA,0.625,71.88,1,NA,0,NA,NA,0.625
2007,7,1,-3.98,0.75,978.28,0.75,NA,0.625,66.17,0.75,NA,0,NA,NA,0.625
2007,7,2,-1.4,0.75,946.93,0.75,4.42,0.75,97.67,0.75,NA,0,3.73,105.88,0.75
2007,7,3,NA,0,NA,0,NA,0,NA,0,NA,0,NA,NA,0
2007,7,4,NA,0.25,NA,0.25,NA,0.25,NA,0.25,NA,0,NA,NA,0.25
2007,7,5,-8.41,1,960.55,1,10.98,0.75,169.38,1,NA,0,5.02,207.34,0.75
2007,7,6,-3.9,1,972.41,1,5.07,0.75,117.88,1,NA,0,2.8,123.79,0.75
2007,7,7,-4.11,1,970.7,1,1.75,1,134.25,1,NA,0,0.94,112.93,1
2007,7,8,NA,0.625,NA,0.625,NA,0.5,NA,0.625,NA,0,NA,NA,0.5
2007,7,9,-5.59,1,967.79,1,5.03,0.75,113.88,1,NA,0,4.31,70.93,0.75
2007,7,10,-4.17,1,976.18,1,2.86,1,119.62,1,NA,0,2.67,119.05,1
2007,7,11,NA,0.375,NA,0.375,NA,0.375,NA,0.375,NA,0,NA,NA,0.375
2007,7,12,-5.44,1,960.46,1,10.09,1,70.88,1,NA,0,10.02,71.26,1
2007,7,13,-6.52,1,963.74,1,5.47,1,74.88,1,NA,0,5.41,75.44,1
2007,7,14,-10.71,1,973.35,1,NA,0.5,148.75,1,NA,0,NA,NA,0.5
2007,7,15,-11.81,1,987.99,1,2.86,1,224.75,1,NA,0,1.88,249.81,1
2007,7,16,-9.01,1,978.64,1,1.56,1,89.12,1,NA,0,1.35,45.18,1
2007,7,17,-8.33,1,976.76,0.875,3.34,1,157.62,1,NA,0,0.99,153.5,1
2007,7,18,-7.65,1,973.78,1,2.56,0.875,84.29,0.875,NA,0,2.09,94.48,0.875
2007,7,19,-7.46,1,970.68,1,1.66,1,85.38,1,NA,0,1.35,89.08,1
2007,7,20,-8.33,1,970.44,1,1.64,1,113.38,1,NA,0,0.64,78.49,1
2007,7,21,-8.19,1,975.46,1,2.01,1,157.5,1,NA,0,0.69,156.41,1
2007,7,22,-7.9,1,976.71,1,1.94,1,206,1,NA,0,1.47,235.26,1
2007,7,23,-8.5,1,970.15,1,1.45,1,174.88,1,NA,0,0.94,222.25,1
2007,7,24,-4.94,1,946.74,1,NA,0.625,115.62,1,NA,0,NA,NA,0.625
2007,7,25,NA,0.5,NA,0.5,NA,0.5,NA,0.5,NA,0,NA,NA,0.5
2007,7,26,NA,0.5,NA,0.5,NA,0.5,NA,0.5,NA,0,NA,NA,0.5
2007,7,27,-9.93,0.75,968.22,0.75,NA,0.5,106.67,0.75,NA,0,NA,NA,0.5
2007,7,28,-3.89,0.875,950.91,1,NA,0.375,63.25,1,NA,0,NA,NA,0.375
2007,7,29,-0.92,1,937.04,1,8.63,0.75,122.38,1,NA,0,5.64,129.83,0.75
2007,7,30,-0.35,1,944.65,1,NA,0.375,128.62,1,NA,0,NA,NA,0.375
2007,7,31,NA,0.125,NA,0.125,NA,0.125,NA,0.125,NA,0,NA,NA,0.125
2007,8,1,NA,0.125,NA,0.125,NA,0.125,NA,0.125,NA,0,NA,NA,0.125
2007,8,2,-0.69,0.875,951.17,0.875,NA,0.375,81.14,0.875,NA,0,NA,NA,0.375
2007,8,3,-3.32,0.75,957.45,0.75,NA,0.375,104.67,0.75,NA,0,NA,NA,0.375
2007,8,4,-1.64,1,959.19,1,NA,0.5,148,1,NA,0,NA,NA,0.5
2007,8,5,-1.24,1,938.19,1,11.01,0.875,179.5,1,NA,0,4.77,172.48,0.875
2007,8,6,-2.45,1,928.69,1,10.59,0.875,145.5,1,NA,0,8.08,114.87,0.875
2007,8,7,NA,0.625,NA,0.625,NA,0.125,NA,0.625,NA,0,NA,NA,0.125
2007,8,8,NA,0,NA,0,NA,0,NA,0,NA,0,NA,NA,0
2007,8,9,NA,0,NA,0,NA,0,NA,0,NA,0,NA,NA,0
2007,8,10,NA,0,NA,0,NA,0,NA,0,NA,0,NA,NA,0
2007,8,11,NA,0,NA,0,NA,0,NA,0,NA,0,NA,NA,0
2007,8,12,NA,0.125,NA,0.125,NA,0.125,NA,0.125,NA,0,NA,NA,0.125
2007,8,13,NA,0,NA,0,NA,0,NA,0,NA,0,NA,NA,0
2007,8,14,NA,0,NA,0,NA,0,NA,0,NA,0,NA,NA,0
2007,8,15,NA,0.125,NA,0.125,NA,0.125,NA,0.125,NA,0,NA,NA,0.125
2007,8,16,-3.66,1,974.85,1,1.61,1,91.38,1,NA,0,1.6,90.64,1
2007,8,17,-2.41,1,977.3,1,1.89,1,89.12,1,NA,0,1.88,90.71,1
2007,8,18,-2.9,0.75,976.25,1,NA,0.625,89,1,NA,0,NA,NA,0.625
2007,8,19,0.7,1,961.78,1,NA,0.625,117.62,1,NA,0,NA,NA,0.625
2007,8,20,-0.1,1,951.98,1,NA,0.375,107,1,NA,0,NA,NA,0.375
2007,8,21,0.29,1,951.25,1,NA,0.375,179.5,1,NA,0,NA,NA,0.375
2007,8,22,-1.33,1,953.55,1,NA,0.375,97,1,NA,0,NA,NA,0.375
2007,8,23,-4.35,1,951.9,1,2.33,0.875,75.62,1,NA,0,2.23,70.13,0.875
2007,8,24,-5.06,1,945.76,1,2.06,1,119.75,1,NA,0,1.48,53.42,1
2007,8,25,-6.03,1,944,1,4.2,0.875,81.5,1,NA,0,4.02,75.71,0.875
2007,8,26,-5.99,1,948.76,1,1.13,0.875,130.75,1,NA,0,0.53,95.71,0.875
2007,8,27,-6.04,1,956.36,1,3.1,0.75,169.25,1,NA,0,0.98,196.31,0.75
2007,8,28,-6.78,1,959.45,1,4.22,0.75,191.62,1,NA,0,2.12,220.58,0.75
2007,8,29,-3.74,1,952.14,1,NA,0,125.12,1,NA,0,NA,NA,0
2007,8,30,-5.64,1,953.31,1,1.63,0.875,91.75,1,NA,0,1.2,102.19,0.875
2007,8,31,-3.53,1,954.38,1,NA,0.375,125.88,1,NA,0,NA,NA,0.375
2007,9,1,-2.41,1,953.71,1,NA,0.375,156,1,NA,0,NA,NA,0.375
2007,9,2,-0.79,1,952.24,1,NA,0.5,142.88,1,NA,0,NA,NA,0.5
2007,9,3,-2.54,1,962,1,7.25,1,97.88,1,NA,0,7.14,100.43,1
2007,9,4,-5.05,1,966.98,1,0.97,0.875,109.38,1,NA,0,0.82,119.73,0.875
2007,9,5,-7.11,1,964.18,1,3.21,1,72.88,1,NA,0,3.09,67.97,1
2007,9,6,-9.11,1,976.36,1,2.51,1,108.25,1,NA,0,1.56,91.33,1
2007,9,7,-9.83,1,980.48,1,2.25,1,125,1,NA,0,1.61,81.02,1
2007,9,8,-3.71,0.875,984.46,1,3.29,0.875,84,1,NA,0,3.14,76.78,0.875
2007,9,9,-1.76,1,989.35,1,5.01,0.875,97.75,1,NA,0,4.8,98.88,0.875
2007,9,10,-0.98,1,985.05,1,6.25,1,109.25,1,NA,0,6.17,109.69,1
2007,9,11,-1.66,1,976.26,1,3.3,0.875,101.5,1,NA,0,3.26,103.82,0.875
2007,9,12,-1.65,1,958.18,1,NA,0.375,104,1,NA,0,NA,NA,0.375
2007,9,13,-5.68,1,966.44,1,6.27,0.75,71.88,1,NA,0,6.2,66.2,0.75
2007,9,14,-5.58,1,977.02,1,NA,0.625,81.12,1,NA,0,NA,NA,0.625
2007,9,15,-2.1,1,976.73,1,NA,0.25,74,1,NA,0,NA,NA,0.25
2007,9,16,-0.92,1,967.84,1,NA,0.375,113.25,1,NA,0,NA,NA,0.375
2007,9,17,-4.57,1,978.11,1,0.84,1,69,1,NA,0,0.84,45.18,1
2007,9,18,-1.05,1,971.93,1,NA,0.5,111,1,NA,0,NA,NA,0.5
2007,9,19,1.45,1,966.78,1,NA,0.5,172.12,1,NA,0,NA,NA,0.5
2007,9,20,-1.41,0.875,970.41,1,1.12,1,124.88,1,NA,0,1.07,64.32,1
2007,9,21,-0.54,1,968.01,1,NA,0.5,138.25,1,NA,0,NA,NA,0.5
2007,9,22,-2.35,1,972.95,1,4.58,0.75,111.88,1,NA,0,3.67,76.78,0.75
2007,9,23,-2.2,0.875,966.7,1,NA,0.625,71.12,1,NA,0,NA,NA,0.625
2007,9,24,-1.03,1,954.3,1,NA,0.625,118.38,1,NA,0,NA,NA,0.625
2007,9,25,-0.04,1,937.84,1,NA,0.5,125.12,1,NA,0,NA,NA,0.5
2007,9,26,-0.05,1,934.55,1,10.88,1,163.25,1,NA,0,6.99,154.46,1
2007,9,27,-1.03,1,936.56,1,4.67,0.75,131.88,1,NA,0,3.31,173.27,0.75
2007,9,28,-2.73,1,943.63,1,NA,0.625,140.5,1,NA,0,NA,NA,0.625
2007,9,29,-1.04,1,926.76,1,NA,0.375,159,1,NA,0,NA,NA,0.375
2007,9,30,-1.16,1,934.96,1,NA,0.625,123.5,1,NA,0,NA,NA,0.625
2007,10,1,-2.01,1,931.18,1,NA,0.625,87.38,1,NA,0,NA,NA,0.625
2007,10,2,-2.06,1,953.83,1,NA,0.5,100.5,1,NA,0,NA,NA,0.5
2007,10,3,1.02,0.75,969.1,0.75,NA,0.25,184.83,0.75,NA,0,NA,NA,0.25
2007,10,4,NA,0,NA,0,NA,0,NA,0,NA,0,NA,NA,0
2007,10,5,NA,0,NA,0,NA,0,NA,0,NA,0,NA,NA,0
2007,10,6,NA,0,NA,0,NA,0,NA,0,NA,0,NA,NA,0
2007,10,7,NA,0,NA,0,NA,0,NA,0,NA,0,NA,NA,0
2007,10,8,NA,0.5,NA,0.5,NA,0.25,NA,0.5,NA,0,NA,NA,0.25
2007,10,9,-7.96,0.875,957.49,0.875,NA,0.375,75.86,0.875,NA,0,NA,NA,0.375
2007,10,10,NA,0,NA,0,NA,0,NA,0,NA,0,NA,NA,0
2007,10,11,NA,0,NA,0,NA,0,NA,0,NA,0,NA,NA,0
2007,10,12,NA,0,NA,0,NA,0,NA,0,NA,0,NA,NA,0
2007,10,13,NA,0,NA,0,NA,0,NA,0,NA,0,NA,NA,0
2007,10,14,NA,0,NA,0,NA,0,NA,0,NA,0,NA,NA,0
2007,10,15,NA,0,NA,0,NA,0,NA,0,NA,0,NA,NA,0
2007,10,16,NA,0,NA,0,NA,0,NA,0,NA,0,NA,NA,0
2007,10,17,NA,0,NA,0,NA,0,NA,0,NA,0,NA,NA,0
2007,10,18,NA,0,NA,0,NA,0,NA,0,NA,0,NA,NA,0
2007,10,19,NA,0,NA,0,NA,0,NA,0,NA,0,NA,NA,0
2007,10,20,NA,0,NA,0,NA,0,NA,0,NA,0,NA,NA,0
2007,10,21,NA,0,NA,0,NA,0,NA,0,NA,0,NA,NA,0
2007,10,22,NA,0,NA,0,NA,0,NA,0,NA,0,NA,NA,0
2007,10,23,NA,0,NA,0,NA,0,NA,0,NA,0,NA,NA,0
2007,10,24,NA,0.25,NA,0.25,NA,0.25,NA,0.25,NA,0,NA,NA,0.25
2007,10,25,NA,0.25,NA,0.25,NA,0.25,NA,0.25,NA,0,NA,NA,0.25
2007,10,26,NA,0.125,NA,0.125,NA,0.125,NA,0.125,NA,0,NA,NA,0.125
2007,10,27,NA,0.25,NA,0.25,NA,0.25,NA,0.25,NA,0,NA,NA,0.25
2007,10,28,NA,0.375,NA,0.375,NA,0.375,NA,0.375,NA,0,NA,NA,0.375
2007,10,29,NA,0.375,NA,0.375,NA,0.375,NA,0.375,NA,0,NA,NA,0.375
2007,10,30,NA,0,NA,0,NA,0,NA,0,NA,0,NA,NA,0
2007,10,31,NA,0.375,NA,0.375,NA,0.375,NA,0.375,NA,0,NA,NA,0.375
2007,11,1,NA,0,NA,0,NA,0,NA,0,NA,0,NA,NA,0
2007,11,2,-2.38,0.75,949.42,0.75,1.98,0.75,88,0.75,NA,0,1.97,81.98,0.75
2007,11,3,-3.04,0.875,959.81,0.875,4.21,0.875,68.29,0.875,NA,0,4.11,72.75,0.875
2007,11,4,-3.16,0.875,959.34,0.875,2.97,0.75,148.29,0.875,NA,0,1.97,90.5,0.75
2007,11,5,-0.88,1,948.95,1,4.47,0.875,83.62,1,NA,0,4.23,84.15,0.875
2007,11,6,NA,0.625,NA,0.625,NA,0.5,NA,0.625,NA,0,NA,NA,0.5
2007,11,7,-0.89,0.875,961.35,1,NA,0,67.88,1,NA,0,NA,NA,0
2007,11,8,-1.4,0.75,968.62,0.75,NA,0.125,81.33,0.75,NA,0,NA,NA,0.125
2007,11,9,NA,0.125,NA,0.125,NA,0.125,NA,0.125,NA,0,NA,NA,0.125
2007,11,10,NA,0,NA,0,NA,0,NA,0,NA,0,NA,NA,0
2007,11,11,NA,0,NA,0,NA,0,NA,0,NA,0,NA,NA,0
2007,11,12,-1.83,0.875,972.84,0.875,4.24,0.875,70.57,0.875,NA,0,4.23,69.77,0.875
2007,11,13,-2.27,0.875,976.79,0.875,2.93,0.875,71.43,0.875,NA,0,2.89,70.02,0.875
2007,11,14,NA,0.125,NA,0.125,NA,0.125,NA,0.125,NA,0,NA,NA,0.125
2007,11,15,NA,0.5,NA,0.5,NA,0.5,NA,0.5,NA,0,NA,NA,0.5
2007,11,16,NA,0.125,NA,0.125,NA,0.125,NA,0.125,NA,0,NA,NA,0.125
2007,11,17,NA,0,NA,0,NA,0,NA,0,NA,0,NA,NA,0
2007,11,18,NA,0,NA,0,NA,0,NA,0,NA,0,NA,NA,0
2007,11,19,NA,0,NA,0,NA,0,NA,0,NA,0,NA,NA,0
2007,11,20,NA,0,NA,0,NA,0,NA,0,NA,0,NA,NA,0
2007,11,21,NA,0.125,NA,0.125,NA,0.125,NA,0.125,NA,0,NA,NA,0.125
2007,11,22,-2.07,0.75,961.32,0.75,NA,0.625,92.17,0.75,NA,0,NA,NA,0.625
2007,11,23,-0.68,1,954.59,1,NA,0.625,95.75,1,NA,0,NA,NA,0.625
2007,11,24,-0.28,1,932.2,1,9.09,1,106.38,1,NA,0,9.06,106.88,1
2007,11,25,-0.61,1,941.58,1,6.28,0.75,129.12,1,NA,0,1.58,28.45,0.75
2007,11,26,NA,0.5,NA,0.375,NA,0.375,NA,0.375,NA,0,NA,NA,0.375
2007,11,27,NA,0.5,NA,0.625,2.08,0.75,132.17,0.75,NA,0,2.03,94.91,0.75
2007,11,28,NA,0.5,NA,0.5,NA,0.5,NA,0.5,NA,0,NA,NA,0.5
2007,11,29,-0.38,0.75,958.32,0.75,1.85,0.75,66.83,0.75,NA,0,1.84,62.33,0.75
2007,11,30,-0.77,0.75,961.15,0.75,NA,0.375,113.67,0.75,NA,0,NA,NA,0.375
2007,12,1,NA,0,NA,0,NA,0,NA,0,NA,0,NA,NA,0
2007,12,2,NA,0,NA,0,NA,0,NA,0,NA,0,NA,NA,0
2007,12,3,NA,0,NA,0,NA,0,NA,0,NA,0,NA,NA,0
2007,12,4,NA,0,NA,0,NA,0,NA,0,NA,0,NA,NA,0
2007,12,5,NA,0,NA,0,NA,0,NA,0,NA,0,NA,NA,0
2007,12,6,NA,0,NA,0,NA,0,NA,0,NA,0,NA,NA,0
2007,12,7,NA,0,NA,0,NA,0,NA,0,NA,0,NA,NA,0
2007,12,8,NA,0,NA,0,NA,0,NA,0,NA,0,NA,NA,0
2007,12,9,NA,0,NA,0,NA,0,NA,0,NA,0,NA,NA,0
2007,12,10,NA,0,NA,0,NA,0,NA,0,NA,0,NA,NA,0
2007,12,11,NA,0,NA,0,NA,0,NA,0,NA,0,NA,NA,0
2007,12,12,NA,0,NA,0,NA,0,NA,0,NA,0,NA,NA,0
2007,12,13,NA,0,NA,0.25,NA,0.25,NA,0.25,NA,0,NA,NA,0.25
2007,12,14,NA,0,NA,0,NA,0,NA,0,NA,0,NA,NA,0
2007,12,15,NA,0,NA,0,NA,0,NA,0,NA,0,NA,NA,0
2007,12,16,NA,0,NA,0,NA,0,NA,0,NA,0,NA,NA,0
2007,12,17,NA,0,NA,0,NA,0,NA,0,NA,0,NA,NA,0
2007,12,18,NA,0,NA,0,NA,0,NA,0,NA,0,NA,NA,0
2007,12,19,NA,0,NA,0,NA,0,NA,0,NA,0,NA,NA,0
2007,12,20,NA,0,NA,0,NA,0,NA,0,NA,0,NA,NA,0
2007,12,21,NA,0,NA,0,NA,0,NA,0,NA,0,NA,NA,0
2007,12,22,NA,0,NA,0,NA,0,NA,0,NA,0,NA,NA,0
2007,12,23,NA,0,NA,0,NA,0,NA,0,NA,0,NA,NA,0
2007,12,24,NA,0,NA,0,NA,0,NA,0,NA,0,NA,NA,0
2007,12,25,NA,0.5,951.57,0.75,NA,0.625,59.33,0.75,NA,0,NA,NA,0.625
2007,12,26,0.57,0.875,962.35,1,5.25,1,67.38,1,NA,0,5.25,67.65,1
2007,12,27,NA,0.5,960.78,1,NA,0.625,111.25,1,NA,0,NA,NA,0.625
2007,12,28,3.32,0.75,950.48,1,NA,0.5,127.17,0.75,NA,0,NA,NA,0.5
2007,12,29,2.1,0.875,948.39,0.875,NA,0,NA,0,NA,0,NA,NA,0
2007,12,30,3.02,0.75,943.9,0.875,NA,0,NA,0,NA,0,NA,NA,0
2007,12,31,2.4,1,933.18,1,NA,0,NA,0,NA,0,NA,NA,0
2008,1,1,2.01,1,936.33,1,NA,0,NA,0,NA,0,NA,NA,0
2008,1,2,1.33,1,937.11,1,NA,0,NA,0,NA,0,NA,NA,0
2008,1,3,0.53,0.875,943.39,0.875,NA,0,NA,0,NA,0,NA,NA,0
2008,1,4,NA,0.5,NA,0.5,NA,0,NA,0,NA,0,NA,NA,0
2008,1,5,0.93,0.875,948.47,0.875,NA,0,NA,0,NA,0,NA,NA,0
2008,1,6,NA,0.625,NA,0.625,NA,0,NA,0,NA,0,NA,NA,0
2008,1,7,1.74,0.875,954.3,0.875,NA,0,NA,0,NA,0,NA,NA,0
2008,1,8,NA,0,NA,0,NA,0,NA,0,NA,0,NA,NA,0
2008,1,9,NA,0.25,NA,0.375,NA,0,NA,0,NA,0,NA,NA,0
2008,1,10,NA,0.5,NA,0.5,NA,0,NA,0,NA,0,NA,NA,0
2008,1,11,0.93,1,952.03,1,NA,0,NA,0,NA,0,NA,NA,0
2008,1,12,1.52,0.75,946.6,0.875,NA,0,NA,0,NA,0,NA,NA,0
2008,1,13,NA,0,NA,0,NA,0,NA,0,NA,0,NA,NA,0
2008,1,14,NA,0,NA,0,NA,0,NA,0,NA,0,NA,NA,0
2008,1,15,NA,0,NA,0,NA,0,NA,0,NA,0,NA,NA,0
2008,1,16,NA,0,NA,0,NA,0,NA,0,NA,0,NA,NA,0
2008,1,17,NA,0,NA,0,NA,0,NA,0,NA,0,NA,NA,0
2008,1,18,NA,0,NA,0,NA,0,NA,0,NA,0,NA,NA,0
2008,1,19,NA,0,NA,0,NA,0,NA,0,NA,0,NA,NA,0
2008,1,20,NA,0,NA,0,NA,0,NA,0,NA,0,NA,NA,0
2008,1,21,NA,0,NA,0,NA,0,NA,0,NA,0,NA,NA,0
2008,1,22,NA,0,NA,0,NA,0,NA,0,NA,0,NA,NA,0
2008,1,23,NA,0,NA,0,NA,0,NA,0,NA,0,NA,NA,0
2008,1,24,NA,0,NA,0,NA,0,NA,0,NA,0,NA,NA,0
2008,1,25,NA,0,NA,0,NA,0,NA,0,NA,0,NA,NA,0
2008,1,26,NA,0,NA,0,NA,0,NA,0,NA,0,NA,NA,0
2008,1,27,NA,0,NA,0,NA,0,NA,0,NA,0,NA,NA,0
2008,1,28,NA,0,NA,0,NA,0,NA,0,NA,0,NA,NA,0
2008,1,29,NA,0,NA,0,NA,0,NA,0,NA,0,NA,NA,0
2008,1,30,NA,0,NA,0,NA,0,NA,0,NA,0,NA,NA,0
2008,1,31,NA,0,NA,0,NA,0,NA,0,NA,0,NA,NA,0
2008,2,1,NA,0,NA,0,NA,0,NA,0,NA,0,NA,NA,0
2008,2,2,NA,0,NA,0,NA,0,NA,0,NA,0,NA,NA,0
2008,2,3,NA,0,NA,0,NA,0,NA,0,NA,0,NA,NA,0
2008,2,4,NA,0,NA,0,NA,0,NA,0,NA,0,NA,NA,0
2008,2,5,NA,0,NA,0,NA,0,NA,0,NA,0,NA,NA,0
2008,2,6,NA,0,NA,0,NA,0,NA,0,NA,0,NA,NA,0
2008,2,7,NA,0,NA,0,NA,0,NA,0,NA,0,NA,NA,0
2008,2,8,NA,0,NA,0,NA,0,NA,0,NA,0,NA,NA,0
2008,2,9,NA,0,NA,0,NA,0,NA,0,NA,0,NA,NA,0
2008,2,10,NA,0,NA,0,NA,0,NA,0,NA,0,NA,NA,0
2008,2,11,NA,0,NA,0,NA,0,NA,0,NA,0,NA,NA,0
2008,2,12,NA,0,NA,0,NA,0,NA,0,NA,0,NA,NA,0
2008,2,13,NA,0,NA,0,NA,0,NA,0,NA,0,NA,NA,0
2008,2,14,NA,0,NA,0,NA,0,NA,0,NA,0,NA,NA,0
2008,2,15,NA,0,NA,0,NA,0,NA,0,NA,0,NA,NA,0
2008,2,16,NA,0,NA,0,NA,0,NA,0,NA,0,NA,NA,0
2008,2,17,NA,0,NA,0,NA,0,NA,0,NA,0,NA,NA,0
2008,2,18,NA,0,NA,0,NA,0,NA,0,NA,0,NA,NA,0
2008,2,19,NA,0,NA,0,NA,0,NA,0,NA,0,NA,NA,0
2008,2,20,NA,0,NA,0,NA,0,NA,0,NA,0,NA,NA,0
2008,2,21,NA,0,NA,0,NA,0,NA,0,NA,0,NA,NA,0
2008,2,22,NA,0,NA,0,NA,0,NA,0,NA,0,NA,NA,0
2008,2,23,NA,0,NA,0,NA,0,NA,0,NA,0,NA,NA,0
2008,2,24,NA,0,NA,0,NA,0,NA,0,NA,0,NA,NA,0
2008,2,25,NA,0,NA,0,NA,0,NA,0,NA,0,NA,NA,0
2008,2,26,NA,0,NA,0,NA,0,NA,0,NA,0,NA,NA,0
2008,2,27,NA,0,NA,0,NA,0,NA,0,NA,0,NA,NA,0
2008,2,28,NA,0,NA,0,NA,0,NA,0,NA,0,NA,NA,0
2008,2,29,NA,0,NA,0,NA,0,NA,0,NA,0,NA,NA,0
2008,3,1,NA,0,NA,0,NA,0,NA,0,NA,0,NA,NA,0
2008,3,2,NA,0,NA,0,NA,0,NA,0,NA,0,NA,NA,0
2008,3,3,NA,0,NA,0,NA,0,NA,0,NA,0,NA,NA,0
2008,3,4,NA,0,NA,0,NA,0,NA,0,NA,0,NA,NA,0
2008,3,5,NA,0,NA,0,NA,0,NA,0,NA,0,NA,NA,0
2008,3,6,NA,0,NA,0,NA,0,NA,0,NA,0,NA,NA,0
2008,3,7,NA,0,NA,0,NA,0,NA,0,NA,0,NA,NA,0
2008,3,8,NA,0,NA,0,NA,0,NA,0,NA,0,NA,NA,0
2008,3,9,NA,0,NA,0,NA,0,NA,0,NA,0,NA,NA,0
2008,3,10,NA,0,NA,0,NA,0,NA,0,NA,0,NA,NA,0
2008,3,11,NA,0,NA,0,NA,0,NA,0,NA,0,NA,NA,0
2008,3,12,NA,0,NA,0,NA,0,NA,0,NA,0,NA,NA,0
2008,3,13,NA,0,NA,0,NA,0,NA,0,NA,0,NA,NA,0
2008,3,14,NA,0.25,NA,0,NA,0.25,NA,0.25,NA,0.25,NA,NA,0.25
2008,3,15,1.56,1,NA,0,NA,0.5,198.25,1,85.19,1,NA,NA,0.5
2008,3,16,0.14,1,NA,0,NA,0.5,186.5,1,71.13,1,NA,NA,0.5
2008,3,17,2.85,1,NA,0,NA,0.5,253.38,1,80.24,1,NA,NA,0.5
2008,3,18,0.86,1,NA,0,1.54,1,221.12,1,88.79,1,1.06,204.23,1
2008,3,19,-0.93,1,NA,0,1.79,1,233.12,1,83.51,1,1.31,266.63,1
2008,3,20,-0.48,1,NA,0,1.14,1,308.25,1,89.44,1,0.99,336.49,1
2008,3,21,-0.88,1,NA,0,1.81,1,77,1,92.02,1,1.3,100.87,1
2008,3,22,-0.75,1,NA,0,2.96,1,155.38,1,70.48,1,0.71,347.6,1
2008,3,23,-1.58,1,NA,0,2.09,1,238,1,76.85,1,1.8,241.66,1
2008,3,24,-0.06,1,NA,0,NA,0.25,189.88,1,80.46,1,NA,NA,0.25
2008,3,25,0.2,1,NA,0,NA,0.625,58.12,1,69.78,1,NA,NA,0.625
2008,3,26,-1.18,1,NA,0,2.8,1,227.88,1,78.8,1,1.23,184.16,1
2008,3,27,-0.36,1,NA,0,3.46,1,202.75,1,67.36,1,3.27,355.53,1
2008,3,28,1.13,1,NA,0,NA,0.375,280.25,1,67.96,1,NA,NA,0.375
2008,3,29,0.39,1,NA,0,NA,0.625,138.25,1,81.9,1,NA,NA,0.625
2008,3,30,2.54,1,NA,0,NA,0.125,268.12,1,80.41,1,NA,NA,0.125
2008,3,31,2.18,1,NA,0,NA,0.375,238.62,1,85.51,1,NA,NA,0.375
2008,4,1,2.5,1,NA,0,NA,0.625,246.62,1,88.31,1,NA,NA,0.625
2008,4,2,0.96,1,NA,0,5.54,0.875,202.12,1,86.54,1,4.18,213.09,0.875
2008,4,3,-0.11,1,NA,0,NA,0.625,231.12,1,76.46,1,NA,NA,0.625
2008,4,4,0.78,1,NA,0,2.09,0.875,227.75,1,88.9,1,0.72,264.04,0.875
2008,4,5,2.38,1,NA,0,8.93,0.75,258.75,1,87.34,1,8.67,260.98,0.75
2008,4,6,4.31,1,NA,0,10.95,1,305.12,1,74.99,1,10.26,300.44,1
2008,4,7,2.8,1,NA,0,3.13,0.75,164.5,1,76.05,1,2.13,332.24,0.75
2008,4,8,0.67,1,NA,0,1.48,1,163.75,1,84.59,1,0.55,220.44,1
2008,4,9,-1.39,1,NA,0,3.72,1,214.38,1,86.2,1,3.55,210.77,1
2008,4,10,-1.29,1,NA,0,2.76,0.875,234.38,1,92.77,1,0.9,207.45,0.875
2008,4,11,-2.1,1,NA,0,3.7,0.875,153.12,1,71.45,1,2.43,136.85,0.875
2008,4,12,-2.44,1,NA,0,3.06,1,158.38,1,69.79,1,2.63,108.91,1
2008,4,13,-2.25,1,NA,0,3.48,1,60.12,1,89.46,1,3.45,15.96,1
2008,4,14,-3.21,1,NA,0,NA,0.5,260,1,80.65,1,NA,NA,0.5
2008,4,15,-4.14,1,NA,0,2.32,1,258.62,1,74.08,1,1.73,271.37,1
2008,4,16,-2.85,1,NA,0,8.06,0.875,312.5,1,72.55,1,7.96,357.54,0.875
2008,4,17,-1.4,1,NA,0,NA,0.5,291.62,1,70.65,1,NA,NA,0.5
2008,4,18,1.53,1,NA,0,9.74,0.875,293.12,1,75.9,1,9.44,344.4,0.875
2008,4,19,1.95,1,NA,0,NA,0.625,283.5,1,79.58,1,NA,NA,0.625
2008,4,20,2.45,1,NA,0,NA,0.5,196.88,1,79.74,1,NA,NA,0.5
2008,4,21,-0.19,1,NA,0,NA,0.25,227.25,1,88.5,1,NA,NA,0.25
2008,4,22,-0.55,1,NA,0,7.1,0.75,127.62,1,86.43,1,1.95,23.14,0.75
2008,4,23,-2.26,1,NA,0,4.04,1,109.75,1,73.49,1,3.8,116.83,1
2008,4,24,-3.21,1,NA,0,2.55,1,196.25,1,58.45,1,2.26,345.39,1
2008,4,25,-4.15,1,NA,0,2.22,1,272.5,1,71.32,1,1.51,276.15,1
2008,4,26,-4.74,1,NA,0,2.65,1,243.5,1,73.91,1,0.92,38.18,1
2008,4,27,-4.48,1,NA,0,3.05,1,110.12,1,64.2,1,2.55,110.06,1
2008,4,28,-4.8,1,NA,0,2.71,1,173.12,1,66.44,1,1.43,110.57,1
2008,4,29,-3.69,1,NA,0,2.49,1,185.25,1,84.56,1,1.75,346.85,1
2008,4,30,-2.36,1,NA,0,2.14,1,84.12,1,83.89,1,1.48,9.97,1
2008,5,1,-1.68,1,NA,0,2.09,1,118.25,1,85.34,1,1.2,9.75,1
2008,5,2,1.91,1,NA,0,NA,0.25,154.75,1,76.2,1,NA,NA,0.25
2008,5,3,1.94,1,NA,0,NA,0.375,295.62,1,84.23,1,NA,NA,0.375
2008,5,4,2.15,1,NA,0,7.89,1,256.38,1,77.85,1,5.58,286.5,1
2008,5,5,2,1,NA,0,NA,0.375,209,1,73.06,1,NA,NA,0.375
2008,5,6,1.65,1,NA,0,NA,0.625,281.88,1,78.2,1,NA,NA,0.625
2008,5,7,0.84,1,NA,0,9.3,0.75,261.5,1,77.42,1,6.89,299.64,0.75
2008,5,8,0.91,1,NA,0,8.4,0.875,297.5,1,80.14,1,6.67,298.28,0.875
2008,5,9,-0.07,1,NA,0,NA,0.625,265.12,1,79.74,1,NA,NA,0.625
2008,5,10,0.4,1,NA,0,7.81,1,223.5,1,86.49,1,6.94,254.12,1
2008,5,11,-0.41,1,NA,0,5.36,1,71.75,1,89.31,1,3.48,79.83,1
2008,5,12,-1.13,1,NA,0,3.77,0.875,216.62,1,69.41,1,2.02,335.9,0.875
2008,5,13,0.1,1,NA,0,NA,0.25,218.75,1,63.36,1,NA,NA,0.25
2008,5,14,-1.94,1,NA,0,1.51,1,202.5,1,80.68,1,0.24,289.17,1
2008,5,15,-3.3,1,NA,0,2,1,268.88,1,71.63,1,1.76,260.29,1
2008,5,16,-2.84,1,NA,0,3.86,0.875,166.38,1,80.03,1,2.85,165.73,0.875
2008,5,17,-3.78,1,NA,0,1.82,1,305.12,1,81.36,1,1.64,306.3,1
2008,5,18,-2.7,1,NA,0,3.9,0.75,83.88,1,87.52,1,2.5,2.84,0.75
2008,5,19,-1.81,1,NA,0,3.46,0.875,199.88,1,73,1,1.46,350.1,0.875
2008,5,20,-4.35,1,NA,0,2.65,1,255.12,1,87.84,1,1.67,303.03,1
2008,5,21,0.81,1,NA,0,10.78,0.75,263.25,1,86.84,1,10.65,256.18,0.75
2008,5,22,0.94,1,NA,0,12.97,0.875,270.88,1,87.38,1,12.93,268.98,0.875
2008,5,23,1.79,1,NA,0,12.88,1,281.62,1,84.95,1,12.23,282.18,1
2008,5,24,0.18,1,NA,0,8.19,0.875,256.5,1,84.06,1,6.68,264.19,0.875
2008,5,25,-1.54,1,NA,0,NA,0.625,244,1,77,1,NA,NA,0.625
2008,5,26,-3.63,1,NA,0,6.28,0.75,224,1,92,1,5.13,275.24,0.75
2008,5,27,-2.73,1,NA,0,4.91,0.875,165.38,1,75.48,1,3.91,147.57,0.875
2008,5,28,-1.13,1,NA,0,7.62,1,217.88,1,80.3,1,5.36,206.43,1
2008,5,29,-4.55,1,NA,0,NA,0.625,146.12,1,79.91,1,NA,NA,0.625
2008,5,30,-4.25,1,NA,0,NA,0.625,139.75,1,84.29,1,NA,NA,0.625
2008,5,31,-5.89,1,NA,0,10.69,1,115.62,1,70.41,1,10.66,116.05,1
2008,6,1,-3.25,1,NA,0,9.58,0.75,132.75,1,75.3,1,9.45,122.79,0.75
2008,6,2,-1.66,1,NA,0,2.61,1,232.25,1,93.96,1,2.3,227.54,1
2008,6,3,-1.04,1,NA,0,3.55,1,237.75,1,98.81,1,3.52,236.8,1
2008,6,4,-2.1,1,NA,0,1.98,1,215.75,1,98.96,1,0.99,212.15,1
2008,6,5,-5.33,1,NA,0,0.79,1,297.75,1,91.16,1,0.75,286.74,1
2008,6,6,-5.4,1,NA,0,2.28,1,280.62,1,88.54,1,1.41,293.28,1
2008,6,7,-5.29,1,NA,0,1.48,1,127.75,1,91.6,1,1.14,117.86,1
2008,6,8,-4.64,1,NA,0,0.88,1,216,1,85.05,1,0.75,337.66,1
2008,6,9,0.06,1,NA,0,5.39,1,142.38,1,73.06,1,4.94,1.39,1
2008,6,10,1.4,1,NA,0,NA,0.5,216.25,1,74.53,1,NA,NA,0.5
2008,6,11,0.15,1,NA,0,NA,0.625,261.12,1,74.2,1,NA,NA,0.625
2008,6,12,-2.1,1,NA,0,4.64,1,103.75,1,85.65,1,4.3,11.13,1
2008,6,13,-4.7,1,NA,0,3.79,1,197.5,1,92.09,1,2.55,289.05,1
2008,6,14,-4.5,1,NA,0,4.55,1,265.25,1,76.79,1,3.92,269.98,1
2008,6,15,-3.95,1,NA,0,NA,0.25,253,1,77.18,1,NA,NA,0.25
2008,6,16,-3.59,1,NA,0,8.25,0.75,257.38,1,73.51,1,8.19,359.75,0.75
2008,6,17,-6.14,1,NA,0,NA,0.625,276.88,1,74.5,1,NA,NA,0.625
2008,6,18,-5.09,1,NA,0,4.58,0.75,129.38,1,81.26,1,3.37,9.87,0.75
2008,6,19,-1.54,1,NA,0,NA,0.5,248.38,1,87.87,1,NA,NA,0.5
2008,6,20,-0.04,1,NA,0,NA,0.625,225.62,1,89.11,1,NA,NA,0.625
2008,6,21,-1.96,1,NA,0,NA,0.625,125.12,1,79.57,0.875,NA,NA,0.625
2008,6,22,1.64,1,NA,0,NA,0.5,247.5,1,79.7,1,NA,NA,0.5
2008,6,23,0.94,1,NA,0,8.93,0.875,246,1,91.71,1,8.79,245.46,0.875
2008,6,24,2.61,1,NA,0,NA,0.375,241.5,1,74.55,1,NA,NA,0.375
2008,6,25,2.2,1,NA,0,NA,0.5,233.5,1,73.43,1,NA,NA,0.5
2008,6,26,-0.15,1,NA,0,10.05,0.75,274.88,1,80.04,1,9.6,290.52,0.75
2008,6,27,-2.33,1,NA,0,7.19,0.875,205.25,1,91.23,1,6.56,208.87,0.875
2008,6,28,-3.98,1,NA,0,7.35,0.75,143.25,1,80.01,1,6.85,145.98,0.75
2008,6,29,-3.23,1,NA,0,9.53,0.75,125.38,1,77.25,1,7.26,140.06,0.75
2008,6,30,-4.75,1,NA,0,NA,0.625,174.38,1,77.55,1,NA,NA,0.625
2008,7,1,-1.53,1,NA,0,12.28,0.75,252.62,1,80.49,1,11.36,237.92,0.75
2008,7,2,-3,1,NA,0,NA,0.25,243.5,1,74.44,1,NA,NA,0.25
2008,7,3,-5.27,1,NA,0,6.9,0.75,305.12,1,70.14,1,4.18,306.85,0.75
2008,7,4,-6.01,1,NA,0,NA,0.625,123.12,1,81.36,1,NA,NA,0.625
2008,7,5,-6.75,1,NA,0,7.13,0.75,264.88,1,68.99,1,5.52,263.41,0.75
2008,7,6,-6.4,1,NA,0,NA,0.375,155.25,1,73.06,1,NA,NA,0.375
2008,7,7,-7.55,1,NA,0,NA,0.375,164.88,1,76.84,1,NA,NA,0.375
2008,7,8,-9,1,NA,0,6.54,1,151,1,68.49,1,6.37,152.87,1
2008,7,9,-7.87,0.875,NA,0,NA,0.625,196.88,1,80.29,1,NA,NA,0.625
2008,7,10,-8.02,1,NA,0,7.18,0.75,211.12,1,79.04,1,5.52,167.82,0.75
2008,7,11,-1.66,1,NA,0,6.03,0.875,199.62,1,95.37,1,5.37,196.11,0.875
2008,7,12,-3.22,1,NA,0,3.01,1,191.25,1,91.5,1,1.37,177.64,1
2008,7,13,-5.55,1,NA,0,1.01,1,225.88,1,90.73,1,0.76,344.78,1
2008,7,14,-5.29,1,NA,0,1.7,1,335.5,1,82.45,1,1.55,340.96,1
2008,7,15,-5.65,1,NA,0,2.38,1,297.38,1,87.6,1,2.14,332.26,1
2008,7,16,-6.64,1,NA,0,2.28,1,130.75,1,90.82,1,1.83,350.35,1
2008,7,17,-8.89,1,NA,0,1.18,1,231.25,1,93.69,1,0.9,2.4,1
2008,7,18,-6.24,1,NA,0,1.1,1,250.5,1,91.79,1,0.12,180.21,1
2008,7,19,-5.64,1,NA,0,1.94,1,266.62,1,75.23,1,1.83,353.66,1
2008,7,20,-4.11,1,NA,0,3.52,1,251.88,1,89.73,1,2.56,246.26,1
2008,7,21,-2.78,1,NA,0,4.91,1,180.38,1,94.99,1,4.7,178.96,1
2008,7,22,-3.46,1,NA,0,1.64,0.875,228.29,0.875,87.78,1,0.18,219.33,0.875
2008,7,23,-5.46,1,NA,0,2.01,1,220.25,1,92.49,1,0.83,15.29,1
2008,7,24,-0.97,1,NA,0,2.69,1,104.5,1,77.3,1,2.12,79.31,1
2008,7,25,3.32,1,NA,0,NA,0.125,174.62,1,66.94,1,NA,NA,0.125
2008,7,26,2.05,1,NA,0,NA,0.375,241.88,1,80,1,NA,NA,0.375
2008,7,27,2.09,1,NA,0,NA,0.625,326.12,1,80.18,1,NA,NA,0.625
2008,7,28,-0.02,1,NA,0,NA,0.625,257.5,1,86.64,1,NA,NA,0.625
2008,7,29,0.43,1,NA,0,NA,0.125,291.62,1,81.86,1,NA,NA,0.125
2008,7,30,-1.19,1,NA,0,NA,0.5,157.5,1,67.68,1,NA,NA,0.5
2008,7,31,-2.2,1,NA,0,4.92,1,160.75,1,83.6,1,4.74,159.17,1
2008,8,1,-3.6,1,NA,0,2.01,1,210.62,1,84.99,1,0.68,278.55,1
2008,8,2,-5.51,1,NA,0,2.38,1,282.5,1,90.15,1,1.39,270.82,1
2008,8,3,-4.45,1,NA,0,2.1,0.875,296,1,73.2,1,1.49,301.67,0.875
2008,8,4,0.2,1,NA,0,13.13,0.75,303.12,1,77.75,1,11.81,299.56,0.75
2008,8,5,1.08,1,NA,0,NA,0.625,266.75,1,70.09,1,NA,NA,0.625
2008,8,6,-1.24,1,NA,0,10.74,1,282,1,73.99,1,10.53,282.68,1
2008,8,7,-3.3,1,NA,0,NA,0.5,229.62,1,83.24,1,NA,NA,0.5
2008,8,8,-6.18,1,NA,0,3.07,0.875,159.88,1,74.1,1,1.2,121.52,0.875
2008,8,9,-3.2,1,NA,0,NA,0.625,194,1,85.5,1,NA,NA,0.625
2008,8,10,-0.25,1,NA,0,6.93,0.75,272.88,1,82.43,1,6.41,265.18,0.75
2008,8,11,-5.3,0.875,NA,0,8.38,0.75,186.62,1,83.26,1,5.31,166.9,0.75
2008,8,12,-8.73,1,NA,0,5.66,1,148.88,1,75.51,1,4.9,146.7,1
2008,8,13,NA,0.625,NA,0,NA,0.25,190.25,1,70.16,1,NA,NA,0.25
2008,8,14,-9.85,1,NA,0,NA,0.5,179.75,1,61.78,1,NA,NA,0.5
2008,8,15,-11.66,1,NA,0,NA,0.5,152.25,1,56.15,1,NA,NA,0.5
2008,8,16,-8.73,0.75,NA,0,NA,0.375,214.75,1,71.74,1,NA,NA,0.375
2008,8,17,-11.71,1,NA,0,8.96,1,131.25,1,69.08,1,8.83,131.89,1
2008,8,18,-13.21,1,NA,0,7.45,0.75,163,1,76.98,1,5.84,135.74,0.75
2008,8,19,-2.66,1,NA,0,8.2,1,180.5,1,95.99,1,5.88,237.93,1
2008,8,20,0.03,1,NA,0,12.68,1,237.38,1,95.13,1,12.6,237.56,1
2008,8,21,-2.21,0.875,NA,0,14.94,0.875,223.62,1,84.42,1,12.12,232.44,0.875
2008,8,22,-9.83,1,NA,0,NA,0.625,157.75,1,72.03,1,NA,NA,0.625
2008,8,23,-14.54,1,NA,0,NA,0.625,131,1,73.26,1,NA,NA,0.625
2008,8,24,-16.1,0.875,NA,0,8.18,1,141.25,1,78.59,1,8,140.58,1
2008,8,25,-11.74,0.875,NA,0,NA,0.625,172,1,77.74,1,NA,NA,0.625
2008,8,26,-7.8,1,NA,0,NA,0.5,174.88,1,90.66,1,NA,NA,0.5
2008,8,27,-10.91,1,NA,0,2.02,1,164.12,1,92.34,1,1.28,131.05,1
2008,8,28,-12.17,1,NA,0,1.39,1,214.88,1,90.29,1,0.32,247.14,1
2008,8,29,-11.85,1,NA,0,1.05,1,284.12,1,89.89,1,0.86,271.36,1
2008,8,30,-11.06,1,NA,0,0.92,1,277.62,1,91.03,1,0.78,271.99,1
2008,8,31,-11.91,1,NA,0,0.86,1,231.5,1,89.56,1,0.46,246.41,1
2008,9,1,-13.19,1,NA,0,0.58,0.75,221.17,0.75,89.71,1,0.38,286.75,0.75
2008,9,2,-15.56,1,NA,0,NA,0.625,NA,0.625,85.69,1,NA,NA,0.625
2008,9,3,-9.79,0.875,NA,0,1.23,1,127,1,88.75,1,1.14,20.57,1
2008,9,4,-2.78,1,NA,0,1.71,1,131.75,1,92.39,0.875,0.58,38.86,1
2008,9,5,1.05,1,NA,0,NA,0.5,246.75,1,85.18,1,NA,NA,0.5
2008,9,6,-1.49,1,NA,0,NA,0.625,228.88,1,81.55,1,NA,NA,0.625
2008,9,7,-5.29,1,NA,0,2.51,1,285.38,1,63.47,1,2.36,284.31,1
2008,9,8,-0.56,0.875,NA,0,NA,0.625,266.38,1,81.21,1,NA,NA,0.625
2008,9,9,-1.35,1,NA,0,NA,0.5,261.38,1,77.61,1,NA,NA,0.5
2008,9,10,0.46,1,NA,0,NA,0.625,192,1,87.19,1,NA,NA,0.625
2008,9,11,0.86,1,NA,0,10.17,0.75,239.25,1,81.11,1,9.14,273.53,0.75
2008,9,12,-0.16,1,NA,0,NA,0.5,188,1,92.94,1,NA,NA,0.5
2008,9,13,0.25,1,NA,0,NA,0.625,261.88,1,87.34,1,NA,NA,0.625
2008,9,14,0.09,1,NA,0,7.11,1,263.12,1,84.54,1,6.26,254.56,1
2008,9,15,1.65,1,NA,0,6.12,0.75,220,1,74.85,1,3.77,317.43,0.75
2008,9,16,2.39,1,NA,0,10.25,0.75,291.88,1,79.59,1,9.68,280,0.75
2008,9,17,0.26,1,NA,0,NA,0.5,215.62,1,79.64,1,NA,NA,0.5
2008,9,18,-2.91,1,NA,0,2.22,1,183.12,1,84.59,1,0.83,150.32,1
2008,9,19,0.39,1,NA,0,NA,0.5,182.75,1,89.89,1,NA,NA,0.5
2008,9,20,-0.15,1,NA,0,NA,0.375,229.88,1,92.51,1,NA,NA,0.375
2008,9,21,-1.74,1,NA,0,5.6,1,220,1,96.29,1,5.3,221.75,1
2008,9,22,0.21,1,NA,0,3.93,0.875,249,1,92.88,1,3.78,250.41,0.875
2008,9,23,1.83,1,NA,0,6.7,0.75,279.12,1,77.85,1,6.49,279.86,0.75
2008,9,24,1.9,1,NA,0,NA,0.625,165.38,1,81.75,1,NA,NA,0.625
2008,9,25,-1.12,0.75,NA,0,NA,0.5,235,1,82.05,1,NA,NA,0.5
2008,9,26,0.5,1,NA,0,NA,0.375,228.25,1,88.09,1,NA,NA,0.375
2008,9,27,-0.31,1,NA,0,1.57,0.75,129.12,1,90.39,1,0.59,22.52,0.75
2008,9,28,-2.04,1,NA,0,3.67,0.75,139.25,1,87.24,1,1.08,163.07,0.75
2008,9,29,2.18,1,NA,0,NA,0.625,208.75,1,83.86,1,NA,NA,0.625
2008,9,30,0.36,1,NA,0,11.53,0.875,243,1,91.23,1,11.38,243.24,0.875
2008,10,1,-0.76,1,NA,0,5.01,0.875,225.38,1,75.6,1,4.19,284.87,0.875
2008,10,2,-0.59,1,NA,0,NA,0.625,52.12,1,76.45,1,NA,NA,0.625
2008,10,3,-2.26,1,NA,0,4.52,0.75,193.25,1,68.78,1,3.39,16.21,0.75
2008,10,4,-3.75,1,NA,0,2.14,1,167,1,70.55,1,1.43,16.16,1
2008,10,5,-4.27,1,NA,0,4.55,1,183.75,1,75.08,1,4.04,169.61,1
2008,10,6,-6.16,1,NA,0,7.38,1,156.25,1,74.59,1,7.33,156.97,1
2008,10,7,-2.38,1,NA,0,NA,0.625,215,1,83.9,1,NA,NA,0.625
2008,10,8,-1.19,1,NA,0,1.41,1,112.88,1,93.09,1,0.93,85.43,1
2008,10,9,-1.36,0.875,NA,0,2.74,0.875,194,1,93.33,1,1.13,210.89,0.875
2008,10,10,1.25,1,NA,0,NA,0.25,262.38,1,88.08,1,NA,NA,0.25
2008,10,11,-1.48,1,NA,0,7.61,0.875,258.88,1,90.91,1,7.14,255.51,0.875
2008,10,12,-0.66,1,NA,0,NA,0.5,299.5,1,85.98,1,NA,NA,0.5
2008,10,13,-3.35,1,NA,0,5.31,0.875,212.75,1,83.25,1,3.48,226.8,0.875
2008,10,14,-5.3,1,NA,0,1.79,1,164,1,63.55,1,0.88,165.34,1
2008,10,15,-4.48,1,NA,0,1.77,1,158.5,1,68.19,1,0.7,138.56,1
2008,10,16,0.12,1,NA,0,NA,0.375,231.62,1,87.55,1,NA,NA,0.375
2008,10,17,-1.01,1,NA,0,NA,0.25,209.5,1,84.84,1,NA,NA,0.25
2008,10,18,0.63,1,NA,0,NA,0.25,79.86,0.875,85.4,1,NA,NA,0.25
2008,10,19,3.04,1,NA,0,NA,0.375,260.62,1,73.5,0.875,NA,NA,0.375
2008,10,20,2.16,1,NA,0,8.09,1,317.38,1,76.54,1,7.8,321.41,1
2008,10,21,-1.31,1,NA,0,1.85,1,176.25,1,85.95,1,0.27,265.26,1
2008,10,22,1.25,1,NA,0,NA,0.25,254.5,1,71.56,1,NA,NA,0.25
2008,10,23,-1.05,1,NA,0,6.51,0.875,234.88,1,88.91,1,3.29,337.83,0.875
2008,10,24,0.4,1,NA,0,NA,0.625,75.88,1,76.44,1,NA,NA,0.625
2008,10,25,-1.58,1,NA,0,NA,0.5,256.62,1,88.24,1,NA,NA,0.5
2008,10,26,-1.3,1,NA,0,2.47,0.875,259,1,66.96,1,1.16,271.21,0.875
2008,10,27,0.54,1,NA,0,2.31,0.875,160,1,69.09,1,1.84,60.22,0.875
2008,10,28,1.48,1,NA,0,9.67,0.75,320.5,1,79.36,1,9.55,318.77,0.75
2008,10,29,0.32,1,NA,0,NA,0.25,173.75,1,85.94,1,NA,NA,0.25
2008,10,30,1.2,1,NA,0,NA,0.5,142.62,1,75.93,1,NA,NA,0.5
2008,10,31,0.51,1,NA,0,NA,0.625,230.38,1,89.56,1,NA,NA,0.625
2008,11,1,-0.48,1,NA,0,2.5,0.875,172.75,1,86.84,1,0.19,303.4,0.875
2008,11,2,-1.18,1,NA,0,2.66,1,152,1,90.89,1,2.14,144.6,1
2008,11,3,-1.66,1,NA,0,2.61,1,136,1,81.66,1,0.8,300.26,1
2008,11,4,-1.7,1,NA,0,1.88,1,199.25,1,68.65,1,1.08,304.98,1
2008,11,5,-1.71,1,NA,0,2.25,1,226.75,1,77.19,1,0.73,128.79,1
2008,11,6,-2.57,1,NA,0,5.2,1,121.12,1,72.2,1,5.09,122.02,1
2008,11,7,-2.1,1,NA,0,2.62,1,164.12,1,61.86,1,1.67,25.53,1
2008,11,8,-0.46,1,NA,0,4.24,0.875,154.75,1,62.35,1,3.3,2.54,0.875
2008,11,9,-0.4,1,NA,0,3.98,1,89.5,1,62.95,1,2.09,16.01,1
2008,11,10,-1.43,1,NA,0,4.57,0.75,142.75,1,67.36,1,2.58,122.17,0.75
2008,11,11,1.41,1,NA,0,NA,0.625,283.38,1,75.21,0.875,NA,NA,0.625
2008,11,12,1.3,1,NA,0,NA,0.5,261.88,1,81.86,0.875,NA,NA,0.5
2008,11,13,0.45,1,NA,0,2.73,0.875,267.62,1,82.93,1,2.46,268.47,0.875
2008,11,14,-0.51,1,NA,0,1.6,1,152.25,1,89.76,1,0.85,163.67,1
2008,11,15,-1.64,1,NA,0,3.47,0.875,154.5,1,82.44,1,2.94,154.11,0.875
2008,11,16,-1.66,1,NA,0,2.29,1,166,1,91.77,1,1.78,123.92,1
2008,11,17,-0.69,1,NA,0,5.78,0.75,145.88,1,75.66,0.875,3.84,124.34,0.75
2008,11,18,1.45,1,NA,0,8.69,0.875,241,1,89.99,1,8.61,237.02,0.875
2008,11,19,2.83,1,NA,0,9.95,0.75,264.38,1,83.6,1,9.77,256.19,0.75
2008,11,20,1.15,1,NA,0,11.24,1,242.88,1,91.05,1,11.19,243.1,1
2008,11,21,1.83,1,NA,0,11.32,1,290.62,1,84.65,1,10.76,291.85,1
2008,11,22,2.19,1,NA,0,11.62,1,267.75,1,84.84,1,11.43,267.75,1
2008,11,23,1.75,1,NA,0,7.85,0.75,276.25,1,83.21,1,7.51,267.78,0.75
2008,11,24,-0.44,1,NA,0,5.84,1,231.75,1,82.7,1,4.61,232.54,1
2008,11,25,1.23,1,NA,0,NA,0.5,275,1,79.26,1,NA,NA,0.5
2008,11,26,2.99,1,NA,0,NA,0.625,246,1,79.61,1,NA,NA,0.625
2008,11,27,1.44,1,NA,0,NA,0.5,214.88,1,86.51,1,NA,NA,0.5
2008,11,28,0.16,1,NA,0,5.34,1,174.38,1,88.46,1,4.46,191.03,1
2008,11,29,0.79,1,NA,0,3.22,1,200.88,1,88.64,1,2.35,244.46,1
2008,11,30,2.69,1,NA,0,NA,0.625,195.12,1,85.2,1,NA,NA,0.625
2008,12,1,0.58,1,NA,0,10.82,1,175.25,1,87.63,1,9.47,177.35,1
2008,12,2,-0.01,1,NA,0,4.7,0.75,211.5,1,90.1,1,4.01,207.58,0.75
2008,12,3,0.83,1,NA,0,11.61,0.875,205,1,88.64,1,10.68,195.91,0.875
2008,12,4,-0.5,1,NA,0,9.41,0.875,167.88,1,88.35,1,9.31,165.73,0.875
2008,12,5,-0.73,1,NA,0,6.28,0.75,156.38,1,91.4,1,6.21,157.9,0.75
2008,12,6,-1.21,1,NA,0,6.14,0.875,165.75,1,83.84,1,4.52,157.28,0.875
2008,12,7,-1.3,1,NA,0,9.11,0.875,114.38,1,75.03,1,9.1,115.54,0.875
2008,12,8,-0.83,0.875,NA,0,5.32,1,164.38,1,76.74,1,4.15,134.73,1
2008,12,9,-0.05,1,NA,0,8.07,0.75,213.88,1,92.82,1,5.61,194.23,0.75
2008,12,10,NA,0.625,NA,0,2.62,1,135,1,92.45,1,0.42,185.45,1
2008,12,11,0.54,0.875,NA,0,NA,0.625,204.88,1,86.08,1,NA,NA,0.625
2008,12,12,-0.91,1,NA,0,10.13,0.875,167.62,1,89.33,1,9.52,168.72,0.875
2008,12,13,-0.61,1,NA,0,5.84,1,181.5,1,79.15,1,4.31,159.85,1
2008,12,14,0.69,1,NA,0,NA,0.25,199.5,1,88.59,1,NA,NA,0.25
2008,12,15,NA,0.125,NA,0,1.09,0.875,97.38,1,91.25,1,0.18,274.76,0.875
2008,12,16,NA,0.5,NA,0,1.57,0.875,85.14,0.875,82.78,1,1.05,2.93,0.875
2008,12,17,1.05,0.75,NA,0,4.22,1,219.12,1,87,0.875,2.97,254.19,1
2008,12,18,1.9,1,NA,0,NA,0.625,236.5,1,83.69,1,NA,NA,0.625
2008,12,19,2.24,1,NA,0,13.67,0.875,250.25,1,82.8,1,13.59,245.28,0.875
2008,12,20,1.47,0.875,NA,0,6.41,0.875,172.38,1,84.35,1,4.74,241.78,0.875
2008,12,21,-0.16,1,NA,0,4.03,0.75,148.75,1,95.86,1,0.41,144.18,0.75
2008,12,22,-0.53,1,NA,0,5.06,1,215.25,1,88.26,1,1.87,197.87,1
2008,12,23,1.3,1,NA,0,NA,0.625,184.25,1,84.59,1,NA,NA,0.625
2008,12,24,0.06,1,NA,0,6.85,1,120.62,1,79,1,6.68,121.26,1
2008,12,25,-0.1,1,NA,0,6.16,1,171.38,1,83.51,1,4.93,165.69,1
2008,12,26,NA,0.625,NA,0,3.3,1,225.62,1,77.84,1,2.68,256.98,1
2008,12,27,NA,0.625,NA,0,2.13,0.75,178.88,1,62.41,1,0.75,7.43,0.75
2008,12,28,0.7,1,NA,0,NA,0.625,159.88,1,82.33,1,NA,NA,0.625
2008,12,29,-0.06,0.875,NA,0,3.95,1,146.5,1,84.9,1,3.53,153.31,1
2008,12,30,NA,0.375,NA,0,1.62,1,161.38,1,83.19,1,1.16,152.23,1
2008,12,31,0.43,0.875,NA,0,3.96,1,112.75,1,75.98,1,3.82,115.69,1
2009,1,1,0.26,1,NA,0,3.85,1,123.75,1,77.64,1,3.58,120.34,1
2009,1,2,NA,0.5,NA,0,2.29,1,96.38,1,80.94,1,1.77,124.34,1
2009,1,3,3.11,0.875,NA,0,NA,0.375,107.5,1,72.15,1,NA,NA,0.375
2009,1,4,4.26,1,NA,0,NA,0.25,245.25,1,69.57,1,NA,NA,0.25
2009,1,5,NA,0.25,NA,0,0.63,0.75,220.12,1,86.93,1,0.55,246.69,0.75
2009,1,6,NA,0,NA,0,0.74,1,154.5,1,88.45,1,0.44,189.98,1
2009,1,7,NA,0.25,NA,0,1.3,1,179.38,1,91.76,1,0.8,182.14,1
2009,1,8,NA,0.5,NA,0,1.73,0.75,212.12,1,73.04,1,0.5,75.87,0.75
2009,1,9,2.52,0.75,NA,0,4.22,0.75,239.5,1,85.13,1,2.66,270.12,0.75
2009,1,10,3.35,1,NA,0,7.39,0.875,278.38,1,79.86,1,7.27,280.12,0.875
2009,1,11,1.11,1,NA,0,4.05,1,220.5,1,93.99,1,3.79,221.66,1
2009,1,12,NA,0.25,NA,0,1.48,1,155,1,76.88,1,0.32,186.61,1
2009,1,13,4.84,0.875,NA,0,NA,0.5,254.75,1,75.51,1,NA,NA,0.5
2009,1,14,3.61,1,NA,0,10.03,0.875,277.75,1,82.11,1,9.59,277.93,0.875
2009,1,15,3.27,0.75,NA,0,5.47,0.75,214.38,1,73.79,1,4.55,287.75,0.75
2009,1,16,2.81,0.875,NA,0,3.65,0.75,223.88,1,66.04,1,1.53,328.05,0.75
2009,1,17,NA,0.625,NA,0,2.26,1,208.88,1,83.6,1,1.24,196.6,1
2009,1,18,1.5,0.75,NA,0,NA,0.5,246.5,1,81.53,1,NA,NA,0.5
2009,1,19,1.15,1,NA,0,3.16,0.875,245.38,1,85,1,3.13,242.03,0.875
2009,1,20,NA,0.625,NA,0,2.7,1,104.75,1,72.56,1,1.46,55.82,1
2009,1,21,NA,0.5,NA,0,1.96,1,170.5,1,71.39,1,1.01,267,1
2009,1,22,NA,0.5,NA,0,2.43,0.875,122.5,1,69.66,1,1.09,350.52,0.875
2009,1,23,2.29,0.875,NA,0,3.12,1,166.38,1,63.97,1,1.4,338.02,1
2009,1,24,2.1,1,NA,0,8.86,0.875,286.75,1,78.71,1,8.43,284.11,0.875
2009,1,25,NA,0.625,NA,0,1.99,0.875,93.88,1,84.09,1,1,355.98,0.875
2009,1,26,NA,0.5,NA,0,2.23,0.875,175.25,1,82.89,1,1.25,316.86,0.875
2009,1,27,2.49,0.875,NA,0,3.89,1,179.25,1,84.56,1,1.83,270.07,1
2009,1,28,NA,0.625,NA,0,NA,0.625,186.12,1,81.65,1,NA,NA,0.625
2009,1,29,NA,0.625,NA,0,NA,0.625,190.75,1,79.3,1,NA,NA,0.625
2009,1,30,NA,0.5,NA,0,1.54,0.875,112.43,0.875,88.88,1,0.52,55.77,0.875
2009,1,31,1.6,0.75,NA,0,3.48,1,135.5,1,87.03,1,1.68,130.98,1
2009,2,1,0.68,1,NA,0,3.2,0.75,164.38,1,86.83,1,2.29,157.31,0.75
2009,2,2,1.29,0.875,NA,0,3.1,0.875,145.12,1,77.36,1,0.64,46.64,0.875
2009,2,3,0.7,0.75,NA,0,3.12,1,210.25,1,80.73,1,1.95,231.23,1
2009,2,4,0.04,1,NA,0,NA,0.5,127.25,1,76.01,1,NA,NA,0.5
2009,2,5,0.62,0.75,NA,0,2.48,1,174.88,1,71.4,1,1.86,162.69,1
2009,2,6,NA,0.5,NA,0,2.02,1,84.75,1,85.51,1,1.7,26.96,1
2009,2,7,NA,0.25,NA,0,1.55,1,104.25,1,86.18,1,1.2,25.76,1
2009,2,8,5.01,0.875,NA,0,NA,0.25,183.62,1,73.6,1,NA,NA,0.25
2009,2,9,3.76,0.875,NA,0,NA,0.625,135.5,1,78.04,1,NA,NA,0.625
2009,2,10,NA,0.5,NA,0,2,0.75,175,1,75.69,1,1.5,19.06,0.75
2009,2,11,NA,0.625,NA,0,2.33,0.75,242.12,1,78.18,1,1.15,278.89,0.75
2009,2,12,NA,0,NA,0,0.34,1,263.5,1,78.76,1,0.12,285.84,1
2009,2,13,NA,0.125,NA,0,1.29,1,241.75,1,74.08,1,0.56,235.54,1
2009,2,14,NA,0.25,NA,0,2.11,1,267,1,76.23,1,1.87,271.09,1
2009,2,15,NA,0.5,NA,0,2.12,0.75,240.38,1,78.05,1,1.74,270.41,0.75
2009,2,16,0.07,0.75,NA,0,2.95,0.75,229.57,0.875,87.96,1,1.92,299.32,0.75
2009,2,17,3.89,0.875,NA,0,6.77,0.75,79.5,1,61.35,1,6.1,11.99,0.75
2009,2,18,2.83,1,NA,0,NA,0.625,157.75,1,62.65,1,NA,NA,0.625
2009,2,19,0.94,1,NA,0,7.2,1,139.25,1,73.26,1,6.52,125,1
2009,2,20,NA,0.5,NA,0,2.52,0.75,193.38,1,69.64,1,1.91,316.87,0.75
2009,2,21,1.93,0.875,NA,0,NA,0.625,259.88,1,79.41,1,NA,NA,0.625
2009,2,22,NA,0.625,NA,0,2.09,1,128.88,1,90.24,1,0.52,95.09,1
2009,2,23,NA,0.625,NA,0,NA,0.625,295.75,1,79.35,1,NA,NA,0.625
2009,2,24,2.35,1,NA,0,7.8,0.75,257.38,1,85.13,1,7.51,248.41,0.75
2009,2,25,1.33,1,NA,0,8.55,0.75,211,1,92.3,1,7.87,201.97,0.75
2009,2,26,1.31,1,NA,0,2.75,1,224.75,1,94.05,1,2.45,225.24,1
2009,2,27,NA,0,NA,0,0.92,1,217.88,1,83.16,1,0.31,290.83,1
2009,2,28,NA,0.5,NA,0,2.2,0.875,261.12,1,73.84,1,2.06,309.1,0.875
2009,3,1,0.15,1,NA,0,2.4,1,200.38,1,83.24,1,1.27,175.13,1
2009,3,2,0.25,1,NA,0,2.97,0.875,191.75,1,71.76,1,1.3,294.49,0.875
2009,3,3,0.39,1,NA,0,1.51,1,267.38,1,78.83,1,1.47,298.56,1
2009,3,4,2.71,1,NA,0,3.12,1,172.38,1,70.69,1,2.43,327.08,1
2009,3,5,3.26,1,NA,0,2.02,1,198,1,82.95,1,0.86,81.02,1
2009,3,6,3.36,1,NA,0,1.65,1,146,1,81.89,1,0.65,272.52,1
2009,3,7,3.36,1,NA,0,3.42,1,248.75,1,71.81,1,2.44,347.13,1
2009,3,8,2.65,1,NA,0,2.96,0.875,146,1,81.06,1,2.05,4.47,0.875
2009,3,9,3.56,1,NA,0,10.17,0.875,245.38,1,87.58,1,10.08,240.35,0.875
2009,3,10,2.53,1,NA,0,5.25,1,242.25,1,87.9,1,5.12,242.9,1
2009,3,11,1.95,1,NA,0,7.58,1,229.88,1,89.81,1,7.29,230.9,1
2009,3,12,2.43,1,NA,0,4.46,1,213.62,1,84.06,1,3.74,228.03,1
2009,3,13,0.46,1,NA,0,2.39,1,215.5,1,90.76,1,0.99,169.56,1
2009,3,14,0.74,1,NA,0,6.66,0.875,124.38,1,81.52,1,6.41,122.35,0.875
2009,3,15,1.55,1,NA,0,7.81,1,198.12,1,91.41,1,6.57,205.22,1
2009,3,16,1.8,1,NA,0,7.2,0.875,217.5,1,92.88,1,6.96,218.79,0.875
2009,3,17,1.13,1,NA,0,1.56,1,161.88,1,88.15,1,1.36,353.42,1
2009,3,18,1.06,1,NA,0,1.71,1,222,1,92.79,1,1.46,233.52,1
2009,3,19,1.1,1,NA,0,1.84,0.875,168.12,1,89.25,1,0.65,348.8,0.875
2009,3,20,3.81,1,NA,0,NA,0.25,253.12,1,69.55,1,NA,NA,0.25
2009,3,21,1.3,1,NA,0,NA,0.625,194.75,1,86.85,1,NA,NA,0.625
2009,3,22,1.51,1,NA,0,NA,0.625,242,1,74.24,1,NA,NA,0.625
2009,3,23,2.4,1,NA,0,NA,0.625,209.88,1,76.06,1,NA,NA,0.625
2009,3,24,2.59,1,NA,0,NA,0.625,276,1,82.25,1,NA,NA,0.625
2009,3,25,1.38,1,NA,0,NA,0.625,204.62,1,84.65,1,NA,NA,0.625
2009,3,26,0.18,1,NA,0,4.08,1,186.25,1,88.81,1,2.95,169.02,1
2009,3,27,0.7,1,NA,0,2.99,1,309.62,1,75.91,1,2.49,311.08,1
2009,3,28,0.6,1,NA,0,2.5,1,243,1,68.23,1,1.22,285.88,1
2009,3,29,0.45,1,NA,0,0.78,1,242.75,1,73.11,1,0.59,308.28,1
2009,3,30,0.65,1,NA,0,4.33,0.75,168.5,1,88.73,1,3.08,181.5,0.75
2009,3,31,-0.15,1,NA,0,NA,0.5,200.88,1,86.94,1,NA,NA,0.5
2009,4,1,-0.66,1,NA,0,5.64,0.875,148.88,1,62.35,1,4.56,1.6,0.875
2009,4,2,-1.15,1,NA,0,2.5,1,285.12,1,72.83,1,2.37,282.71,1
2009,4,3,-1.5,1,NA,0,1.4,1,262.12,1,69.8,1,0.98,312.49,1
2009,4,4,-1.15,1,NA,0,2.56,1,113.12,1,65.66,1,2.15,93.36,1
2009,4,5,-2.26,1,NA,0,1.91,1,198.25,1,68,1,0.31,276.41,1
2009,4,6,-2.24,1,NA,0,2.19,1,236.75,1,69.84,1,1.8,340.04,1
2009,4,7,-1.21,1,NA,0,3.58,1,140.75,1,70.6,1,2.52,104.96,1
2009,4,8,-1.56,1,NA,0,2.54,1,204.75,1,71.98,1,0.53,17.83,1
2009,4,9,-0.91,1,NA,0,1.7,0.875,139.62,1,81.46,1,1.33,34.52,0.875
2009,4,10,0.62,1,NA,0,11.49,0.875,264.12,1,67.81,1,11.03,349.74,0.875
2009,4,11,0.21,1,NA,0,2.2,0.75,239.88,1,72.46,1,1.62,262.61,0.75
2009,4,12,1.3,1,NA,0,NA,0.5,153.75,1,58.48,1,NA,NA,0.5
2009,4,13,-1.2,1,NA,0,1.96,1,257.5,1,73.6,1,1.58,263.3,1
2009,4,14,0.86,1,NA,0,5.72,0.75,255.38,1,81.46,1,2.86,250.8,0.75
2009,4,15,0.94,1,NA,0,8.59,1,175.38,1,86.51,1,8.04,173.32,1
2009,4,16,-0.14,1,NA,0,4.92,1,233.25,1,89.43,1,4.71,231.27,1
2009,4,17,-2.39,1,NA,0,9.04,1,116.25,1,70.69,1,9.01,116.37,1
2009,4,18,-2.35,1,NA,0,6.58,1,119.75,1,72.21,1,6.54,120.46,1
2009,4,19,-1,1,NA,0,4.97,1,149.38,1,80.61,1,4.22,135.59,1
2009,4,20,-0.24,1,NA,0,3.69,1,56.88,1,83.56,1,3.41,18.13,1
2009,4,21,0.54,1,NA,0,NA,0.25,171,1,84.05,1,NA,NA,0.25
2009,4,22,-3.9,0.875,NA,0,5.28,0.75,225.5,1,82.3,1,4.88,249.77,0.75
2009,4,23,-4.33,1,NA,0,NA,0.5,176.62,1,75.34,1,NA,NA,0.5
2009,4,24,-0.41,1,NA,0,10.99,0.875,236.25,1,89,0.875,10.51,234.71,0.875
2009,4,25,-4.5,1,NA,0,NA,0.625,146.5,1,73.28,1,NA,NA,0.625
2009,4,26,-4.33,1,NA,0,NA,0.25,150.25,1,69.79,1,NA,NA,0.25
2009,4,27,-4.65,1,NA,0,5.53,0.75,239.75,1,69.48,1,4.95,318.69,0.75
2009,4,28,-4.19,1,NA,0,NA,0.5,199.38,1,67.24,1,NA,NA,0.5
2009,4,29,-5.5,1,NA,0,8.8,0.875,137.12,1,71.78,1,7.91,110.89,0.875
2009,4,30,-4.25,1,NA,0,NA,0.5,299,1,75.16,1,NA,NA,0.5
2009,5,1,-0.9,1,NA,0,6.7,0.75,182.88,1,77.08,1,4.35,307.36,0.75
2009,5,2,0.25,1,NA,0,NA,0.625,130.75,1,79.31,1,NA,NA,0.625
2009,5,3,1.23,1,NA,0,NA,0.625,207.25,1,79.23,1,NA,NA,0.625
2009,5,4,-0.11,1,NA,0,NA,0.625,307.25,1,83.78,1,NA,NA,0.625
2009,5,5,-0.31,1,NA,0,NA,0.5,182.25,1,62.55,1,NA,NA,0.5
2009,5,6,0.03,1,NA,0,6.27,1,220.75,1,52.11,1,6.24,355.43,1
2009,5,7,-1.24,1,NA,0,2.66,1,272.5,1,67.04,1,2.54,314.49,1
2009,5,8,-1.66,1,NA,0,4.23,0.75,269.25,1,79.15,1,3.75,277.43,0.75
2009,5,9,-3.31,1,NA,0,2.06,1,303.25,1,78.69,1,1.95,299.68,1
2009,5,10,-4.44,1,NA,0,2.48,1,291,1,77.68,1,2.36,293.18,1
2009,5,11,-3.26,1,NA,0,NA,0.625,210,1,64.45,1,NA,NA,0.625
2009,5,12,-2.11,1,NA,0,NA,0.625,261,1,62.13,1,NA,NA,0.625
2009,5,13,-2.23,1,NA,0,3.57,0.75,259.5,1,70.85,1,2.77,308.92,0.75
2009,5,14,1.71,1,NA,0,NA,0.25,262.62,1,77.54,1,NA,NA,0.25
2009,5,15,1.08,1,NA,0,NA,0.25,273.5,1,81.69,1,NA,NA,0.25
2009,5,16,2.21,1,NA,0,NA,0.25,314.88,1,69.3,1,NA,NA,0.25
2009,5,17,0.56,1,NA,0,NA,0.5,290.38,1,60.43,1,NA,NA,0.5
2009,5,18,0.78,1,NA,0,NA,0.625,264.88,1,55.45,1,NA,NA,0.625
2009,5,19,-2.53,1,NA,0,3.4,0.875,284.88,1,68.49,1,3.07,276.97,0.875
2009,5,20,-3.99,1,NA,0,3.59,1,257,1,70.9,1,2.76,300.89,1
2009,5,21,-5,1,NA,0,2.01,1,288.62,1,74.24,1,1.73,315.84,1
2009,5,22,-2.9,1,NA,0,2.66,1,255.38,1,72.69,1,1.77,295.95,1
2009,5,23,-1.64,1,NA,0,4.25,0.75,328.5,1,72.34,1,3.84,327.72,0.75
2009,5,24,0.39,1,NA,0,NA,0.625,276.75,1,74.85,1,NA,NA,0.625
2009,5,25,0.29,1,NA,0,5.75,0.75,256,1,66.6,1,5.4,347.83,0.75
2009,5,26,-2,1,NA,0,3.05,0.75,264.29,0.875,90.65,1,2.72,287.62,0.75
2009,5,27,-2.05,1,NA,0,4.01,1,185.12,1,89.6,1,1.65,185.81,1
2009,5,28,-1.6,1,NA,0,2.9,1,150.62,1,75.34,1,1.13,355.7,1
2009,5,29,1.27,1,NA,0,6.06,0.875,184,1,87.38,1,0.96,323.3,0.875
2009,5,30,-1.25,1,NA,0,4.09,1,136.5,1,90.69,1,3.48,122.54,1
2009,5,31,-1.76,1,NA,0,1.51,1,182.38,1,93.62,1,0.49,305.42,1
2009,6,1,-1.33,1,NA,0,2.14,1,117.38,1,97.69,1,0.87,56.5,1
2009,6,2,-3.29,1,NA,0,2.3,1,256.5,1,85.73,1,0.43,217.66,1
2009,6,3,-3.49,1,NA,0,1.43,0.75,252,1,77.04,1,1.15,335.32,0.75
2009,6,4,-4.98,1,NA,0,7.83,0.75,289,1,75.75,1,7.8,288.77,0.75
2009,6,5,-3.45,1,NA,0,NA,0.625,146.38,1,80.61,0.875,NA,NA,0.625
2009,6,6,-0.93,1,NA,0,5.34,1,187.25,1,98.01,1,5.05,187.24,1
2009,6,7,-0.34,1,NA,0,3.81,1,224.75,1,97.55,1,3.27,212.88,1
2009,6,8,-0.68,1,NA,0,NA,0.625,172.88,1,84.99,1,NA,NA,0.625
2009,6,9,-2.11,1,NA,0,NA,0.25,235.75,1,76.26,1,NA,NA,0.25
2009,6,10,-4.58,1,NA,0,5.73,0.875,250.75,1,73.31,1,5.23,278.73,0.875
2009,6,11,-4.44,1,NA,0,NA,0.5,246.62,1,70.85,1,NA,NA,0.5
2009,6,12,-2.86,1,NA,0,NA,0.5,268.62,1,82.14,1,NA,NA,0.5
2009,6,13,-5.75,1,NA,0,2.25,1,230.5,1,71.04,1,1.7,294.74,1
2009,6,14,-7.31,1,NA,0,2.72,1,307.62,1,78.19,1,2.36,297.99,1
2009,6,15,-5.2,1,NA,0,5.1,0.75,242.25,1,68.9,1,4.29,350.83,0.75
2009,6,16,-1,1,NA,0,NA,0.625,247.75,1,77.19,1,NA,NA,0.625
2009,6,17,-0.89,1,NA,0,14.91,0.875,319.75,1,80.04,1,13.81,315.76,0.875
2009,6,18,-2.23,1,NA,0,NA,0.5,190.57,0.875,92.85,1,NA,NA,0.5
2009,6,19,-4.38,1,NA,0,3.2,0.875,308.75,1,74.2,1,3,309.76,0.875
2009,6,20,-4.81,1,NA,0,NA,0.5,256.75,1,77.25,1,NA,NA,0.5
2009,6,21,-6.05,1,NA,0,8.32,0.75,224.25,1,70.08,1,7.97,358.41,0.75
2009,6,22,-7.28,1,NA,0,2.66,0.875,324.75,1,62.2,1,2.51,327.75,0.875
2009,6,23,-6.38,1,NA,0,3.34,1,273.75,1,63.73,1,1.94,325.4,1
2009,6,24,-7.13,1,NA,0,4.85,0.75,179.88,1,63.44,1,2.98,51.21,0.75
2009,6,25,-7.49,1,NA,0,5.84,0.875,74.12,1,59.96,1,4.53,78.03,0.875
2009,6,26,-6.96,1,NA,0,2.8,1,230.25,1,63.3,1,0.59,7.33,1
2009,6,27,-5.63,1,NA,0,2.33,1,311.75,1,76.29,1,2.26,312.66,1
2009,6,28,-3.5,1,NA,0,0.99,0.875,300.29,0.875,80.98,1,0.93,301.38,0.875
2009,6,29,-2.39,1,NA,0,2.1,1,191.5,1,78.25,1,1.53,326.77,1
2009,6,30,-4.81,1,NA,0,1.84,1,239.62,1,85.25,1,1.09,264.48,1
2009,7,1,-6.48,1,NA,0,4.38,1,262.62,1,82.69,1,4.37,263.57,1
2009,7,2,-5.86,1,NA,0,NA,0.5,196.75,1,76.66,1,NA,NA,0.5
2009,7,3,-6.02,1,NA,0,2.31,1,218,1,78.41,1,1.68,299.33,1
2009,7,4,-6.68,1,NA,0,2.59,1,271.62,1,73.99,1,2.13,312.29,1
2009,7,5,-4.01,1,NA,0,1.54,1,238.75,1,65.69,1,1.25,302.28,1
2009,7,6,-3.11,1,NA,0,1.18,1,277.5,1,88.25,1,0.95,296.75,1
2009,7,7,-3.63,1,NA,0,1.9,1,135.38,1,92.56,1,1.21,350.78,1
2009,7,8,-3.26,1,NA,0,3.95,1,227.88,1,81.96,1,2.72,243.85,1
2009,7,9,-5.69,1,NA,0,4.8,1,143,1,76.51,1,4.36,144.14,1
2009,7,10,-6.38,1,NA,0,6.4,1,201.62,1,77.41,1,3.65,194.86,1
2009,7,11,-10.48,1,NA,0,9.1,1,137.25,1,69.81,1,8.68,135.84,1
2009,7,12,-12.71,1,NA,0,4.3,0.75,126.12,1,77.44,1,3.82,108.07,0.75
2009,7,13,-10.16,1,NA,0,5.46,1,104.88,1,64.06,1,4.65,102.52,1
2009,7,14,-9.31,1,NA,0,4.36,1,176.62,1,71.88,1,2.18,97.84,1
2009,7,15,-3.78,1,NA,0,NA,0.5,194.38,1,81.39,1,NA,NA,0.5
2009,7,16,-4.94,1,NA,0,4.44,0.875,175.88,1,84.81,1,2.33,146.45,0.875
2009,7,17,-7.31,0.875,NA,0,6.83,0.875,165.5,1,77.2,1,5.88,133.11,0.875
2009,7,18,-0.76,1,NA,0,NA,0.5,227.38,1,98.36,1,NA,NA,0.5
2009,7,19,-2.21,1,NA,0,1.68,1,201.75,1,97.73,1,1.17,176.93,1
2009,7,20,-4.53,1,NA,0,1.73,0.875,259.5,1,93.5,1,0.55,206.29,0.875
2009,7,21,-7.4,1,NA,0,5.7,0.75,122.25,1,81.25,1,5.63,121.07,0.75
2009,7,22,-7.21,1,NA,0,3.74,1,191,1,77.9,1,1.22,144.45,1
2009,7,23,-4.48,1,NA,0,2.5,0.875,162.12,1,92.96,1,1.05,351.02,0.875
2009,7,24,-4.98,1,NA,0,NA,0.625,130.62,1,87.86,1,NA,NA,0.625
2009,7,25,-8.13,1,NA,0,NA,0.625,128.5,1,78.84,0.875,NA,NA,0.625
2009,7,26,-9.99,1,NA,0,5.59,0.875,92.38,1,64.33,1,3.71,55.56,0.875
2009,7,27,-10.3,1,NA,0,NA,0.625,123.5,1,58.25,1,NA,NA,0.625
2009,7,28,-7.29,1,NA,0,NA,0.375,118.88,1,64.95,1,NA,NA,0.375
2009,7,29,-5.89,1,NA,0,2.02,0.75,296.25,1,79.64,1,1.97,293.12,0.75
2009,7,30,-4.99,1,NA,0,1.68,1,305.38,1,86.96,1,1.6,301.7,1
2009,7,31,-4.55,1,NA,0,1.55,1,197.88,1,93.5,1,0.8,336.23,1
2009,8,1,-3.3,1,NA,0,0.96,1,233.12,1,94.71,1,0.78,331.96,1
2009,8,2,-2.97,1,NA,0,1.65,1,238.5,1,89.53,0.875,1.15,288.32,1
2009,8,3,-2.35,1,NA,0,2.35,1,193,1,84.08,1,1.08,180.8,1
2009,8,4,-3.03,1,NA,0,2.48,1,173.25,1,73.84,1,0.34,138.23,1
2009,8,5,-4.77,1,NA,0,1.94,1,181,1,72.03,1,0.18,87.36,1
2009,8,6,-4,1,NA,0,3.12,1,28.38,1,85.14,1,3.07,28.89,1
2009,8,7,0.05,1,NA,0,3.53,0.875,92.75,1,72.86,1,2.93,2.8,0.875
2009,8,8,-0.38,1,NA,0,NA,0.25,258.88,1,76.01,1,NA,NA,0.25
2009,8,9,-2.88,1,NA,0,3.7,1,131.38,1,88.54,1,2.25,145.02,1
2009,8,10,-7.31,1,NA,0,5.01,1,122.5,1,72.09,1,4.06,126.27,1
2009,8,11,-7.89,1,NA,0,3.45,1,226.88,1,73.93,0.875,0.52,242.45,1
2009,8,12,-9.98,1,NA,0,4,1,301.38,1,67.38,1,3.63,296.47,1
2009,8,13,-7.3,1,NA,0,2.74,1,283.62,1,54.15,1,2.23,294.34,1
2009,8,14,-6.51,1,NA,0,4.73,0.75,252.38,1,79.43,1,4.07,255.17,0.75
2009,8,15,-7.15,1,NA,0,2.99,1,300.62,1,66.61,1,2.45,299.93,1
2009,8,16,-9.15,1,NA,0,2.45,1,292.75,1,76.74,1,2.16,297.09,1
2009,8,17,-8.96,1,NA,0,1.92,0.75,196.75,1,78.41,1,0.29,296,0.75
2009,8,18,-9.46,1,NA,0,2.02,1,132.12,1,80.21,1,1.45,107.98,1
2009,8,19,-5.38,1,NA,0,1.82,1,120.12,1,90.41,1,0.42,291.95,1
2009,8,20,-0.43,1,NA,0,NA,0.5,204.12,1,89.56,1,NA,NA,0.5
2009,8,21,-0.24,1,NA,0,8.41,0.875,281.88,1,78.54,1,7.63,283.15,0.875
2009,8,22,0.89,1,NA,0,NA,0.25,207.88,1,68.03,1,NA,NA,0.25
2009,8,23,0.3,1,NA,0,NA,0.375,309.88,1,76.01,0.875,NA,NA,0.375
2009,8,24,0.58,1,NA,0,8.61,0.875,251.62,1,70.63,1,7.93,336.27,0.875
2009,8,25,0.22,1,NA,0,NA,0.375,238.88,1,75.45,1,NA,NA,0.375
2009,8,26,-0.74,0.875,NA,0,5.96,0.875,258.14,0.875,77.06,0.875,4.89,281.24,0.875
2009,8,27,-1.94,1,NA,0,NA,0.625,253.25,1,82.21,1,NA,NA,0.625
2009,8,28,-5.98,1,NA,0,3.23,0.875,236.88,1,83.77,1,1.87,242.22,0.875
2009,8,29,-3.95,1,NA,0,2.97,0.75,266.12,1,71.38,1,0.71,342.43,0.75
2009,8,30,-4.41,1,NA,0,2.92,1,194.88,1,79.35,1,1.5,266.94,1
2009,8,31,-5.79,1,NA,0,2.78,1,237.25,1,84.91,1,1.95,218.3,1
2009,9,1,-6.96,1,NA,0,2.19,1,282.5,1,79.9,1,2.12,281.13,1
2009,9,2,-8.29,1,NA,0,2.04,1,262.62,1,72.82,1,1.32,249.76,1
2009,9,3,-10.86,1,NA,0,2.54,1,207.62,1,89.27,1,1.69,209.08,1
2009,9,4,-8.46,1,NA,0,1.56,1,288.38,1,75.55,1,1.13,304.79,1
2009,9,5,-3.51,1,NA,0,11.88,0.75,23,1,75.33,0.875,11.84,16.57,0.75
2009,9,6,-4.23,1,NA,0,5.95,0.75,161,1,53.81,1,4.52,26.04,0.75
2009,9,7,-4.12,1,NA,0,2.91,1,155.62,1,81.94,1,0.67,328,1
2009,9,8,0.2,1,NA,0,NA,0.625,282.75,1,88.65,1,NA,NA,0.625
2009,9,9,-3.44,1,NA,0,NA,0.5,193.25,1,86.25,1,NA,NA,0.5
2009,9,10,-4.46,1,NA,0,NA,0.5,230.25,1,77.1,1,NA,NA,0.5
2009,9,11,-1.16,1,NA,0,3.07,0.75,134.62,1,91.55,1,0.87,137.93,0.75
2009,9,12,-1.82,1,NA,0,2.32,0.75,212,1,92.56,1,1.3,51.34,0.75
2009,9,13,-7.91,0.875,NA,0,7.3,1,219.38,1,88.36,1,6.82,212.7,1
2009,9,14,-3.53,0.75,NA,0,NA,0.375,276.38,1,78.4,1,NA,NA,0.375
2009,9,15,0.91,1,NA,0,NA,0.25,272.25,1,86.64,1,NA,NA,0.25
2009,9,16,-1.24,1,NA,0,11.57,0.75,243.5,1,82.93,1,11.31,246.61,0.75
2009,9,17,-4.01,1,NA,0,NA,0.5,171.62,1,87.94,1,NA,NA,0.5
2009,9,18,-9.27,0.875,NA,0,3.63,0.875,104.12,1,76.68,1,1.74,87.28,0.875
2009,9,19,-10.76,1,NA,0,8.27,0.75,157,1,84.03,1,8.04,144.73,0.75
2009,9,20,-12.88,1,NA,0,7.24,1,135.62,1,81.41,1,6.75,141.4,1
2009,9,21,-11.15,1,NA,0,2.46,1,143.25,1,84.05,1,2.26,141,1
2009,9,22,-8.87,0.75,NA,0,3.45,1,169.12,1,73.48,1,2.63,343,1
2009,9,23,-1.51,1,NA,0,8.7,0.75,190.62,1,74.49,1,6.86,300.89,0.75
2009,9,24,-2.1,1,NA,0,NA,0.625,192,1,81.81,1,NA,NA,0.625
2009,9,25,-2.9,1,NA,0,2.05,1,170.62,1,94.31,1,0.73,157.28,1
2009,9,26,-6.4,1,NA,0,3.16,1,205.25,1,88.52,1,2.17,141.38,1
2009,9,27,-3.31,0.875,NA,0,1.76,0.875,123.71,0.875,85.37,0.875,1.68,28.64,0.875
2009,9,28,-0.21,1,NA,0,NA,0.5,225.62,1,91.49,1,NA,NA,0.5
2009,9,29,-0.81,0.875,NA,0,NA,0.625,217.71,0.875,95.57,0.875,NA,NA,0.625
2009,9,30,-0.91,1,NA,0,NA,0.625,220.62,1,85.79,1,NA,NA,0.625
2009,10,1,-2.81,0.875,NA,0,NA,0.5,267.71,0.875,78.76,0.875,NA,NA,0.5
2009,10,2,-2.91,1,NA,0,NA,0.375,214.5,1,76.18,1,NA,NA,0.375
2009,10,3,-3.19,1,NA,0,NA,0.125,230.62,1,80.86,1,NA,NA,0.125
2009,10,4,-3.74,1,NA,0,NA,0.375,100.62,1,78.5,1,NA,NA,0.375
2009,10,5,-7.03,0.75,NA,0,NA,0.375,262.75,1,79.3,1,NA,NA,0.375
2009,10,6,0,0.875,NA,0,11.4,0.75,290.5,0.75,90.98,0.75,11.21,289.06,0.75
2009,10,7,0.2,0.875,NA,0,12.39,0.875,276,0.875,92.06,0.875,12.36,276.15,0.875
2009,10,8,0.68,0.75,NA,0,NA,0.5,279.5,0.75,NA,0.625,NA,NA,0.5
2009,10,9,2.13,0.875,NA,0,NA,0.5,238,0.875,75.77,0.75,NA,NA,0.5
2009,10,10,0.24,1,NA,0,13.32,0.75,304.12,1,88.67,0.875,13.15,304.65,0.75
2009,10,11,0.66,0.875,NA,0,8.94,0.875,238.71,0.875,83,0.75,8.22,319.07,0.875
2009,10,12,-0.84,1,NA,0,1.81,1,202.25,1,86.15,0.75,1.15,222.83,1
2009,10,13,-4.13,1,NA,0,4.06,0.875,168.88,1,86.78,1,3.93,167.89,0.875
2009,10,14,-3.96,1,NA,0,4.02,1,186.5,1,85.54,0.875,1.28,160.41,1
2009,10,15,-2.05,1,NA,0,4.43,0.75,250.62,1,90.08,1,3.24,224.14,0.75
2009,10,16,-5.99,0.875,NA,0,6.07,0.75,198.5,1,82.1,1,5.37,175.61,0.75
2009,10,17,-9.04,0.875,NA,0,5.14,1,169.75,1,72.91,1,1.32,102.94,1
2009,10,18,-4.26,1,NA,0,NA,0.625,181.88,1,73.14,0.875,NA,NA,0.625
2009,10,19,-4.36,1,NA,0,NA,0.5,171.62,1,69.11,1,NA,NA,0.5
2009,10,20,-4.88,1,NA,0,NA,0.5,175.88,1,67.28,1,NA,NA,0.5
2009,10,21,-5.44,0.875,NA,0,NA,0.625,191,0.875,59.01,0.875,NA,NA,0.625
2009,10,22,-3.48,1,NA,0,5.29,0.875,151.75,1,66.31,0.875,4.13,19.92,0.875
2009,10,23,-3.1,1,NA,0,NA,0.625,140.12,1,71.11,0.875,NA,NA,0.625
2009,10,24,-5.4,1,NA,0,4.23,0.75,99.12,1,60.43,1,3.15,73.79,0.75
2009,10,25,-4.91,1,NA,0,NA,0.625,216.88,1,72.71,1,NA,NA,0.625
2009,10,26,-2.54,1,NA,0,NA,0.125,274.88,1,71.39,1,NA,NA,0.125
2009,10,27,-3.26,1,NA,0,8.23,0.75,217.5,1,80.96,1,2.05,214.66,0.75
2009,10,28,-5.58,1,NA,0,7.26,0.875,182,1,70.88,1,6.86,181.65,0.875
2009,10,29,-5.35,1,NA,0,2.17,1,197.38,1,64.03,1,1.58,9.41,1
2009,10,30,-4.24,1,NA,0,2.71,1,229.38,1,83.46,1,1.53,238.52,1
2009,10,31,-5,1,NA,0,2.09,1,196.75,1,77.31,1,0.91,162.48,1
2009,11,1,-4.85,1,NA,0,3.6,0.75,209.38,1,74.56,1,1.55,344.87,0.75
2009,11,2,-4.18,1,NA,0,NA,0.375,187.88,1,76.19,1,NA,NA,0.375
2009,11,3,-3.81,1,NA,0,3.19,1,215.88,1,73.29,1,2.37,349.06,1
2009,11,4,-1.49,1,NA,0,6.3,0.875,190.88,1,59.74,0.875,5.13,358.73,0.875
2009,11,5,-4.33,1,NA,0,2.14,1,236,1,80.65,1,0.83,219.74,1
2009,11,6,-5.06,1,NA,0,2.72,1,178.25,1,79.27,0.875,2.05,167.62,1
2009,11,7,-4.08,1,NA,0,NA,0.625,80.75,1,88.11,1,NA,NA,0.625
2009,11,8,-4.83,1,NA,0,8.56,0.875,139.5,1,55.61,1,8.2,7.22,0.875
2009,11,9,-6.29,1,NA,0,4.86,0.875,210.25,1,47.88,1,3.1,28.9,0.875
2009,11,10,-4.48,1,NA,0,3.79,1,114.38,1,59.43,0.875,3.75,112.35,1
2009,11,11,-4.24,1,NA,0,3.21,1,162.5,1,45.64,1,1.91,43.52,1
2009,11,12,-2.2,0.875,NA,0,NA,0.625,124.75,1,54.2,0.75,NA,NA,0.625
2009,11,13,-0.83,0.875,NA,0,NA,0.5,67.71,0.875,55.79,0.875,NA,NA,0.5
2009,11,14,-1.13,1,NA,0,3.95,1,179.88,1,50.48,1,3.1,2.83,1
2009,11,15,-2.22,1,NA,0,3.21,1,220.88,1,62.37,0.875,2.11,196.62,1
2009,11,16,-3.51,1,NA,0,2.75,1,188.75,1,78.39,1,1.68,266.61,1
2009,11,17,-1.45,1,NA,0,2.4,1,143.12,1,75.59,0.875,1.98,12.35,1
2009,11,18,0.05,1,NA,0,1.41,1,43.12,1,89.59,1,1.37,33.32,1
2009,11,19,0.96,1,NA,0,2.11,1,123.12,1,80.8,1,1.05,98.07,1
2009,11,20,-0.01,1,NA,0,1.09,1,190.5,1,82,1,0.41,349.51,1
2009,11,21,-0.44,1,NA,0,1.4,1,182.5,1,89.56,1,0.69,342.51,1
2009,11,22,-1.35,1,NA,0,1.75,1,189.5,1,90.01,1,1.1,228.54,1
2009,11,23,-2.05,1,NA,0,2.64,1,244.12,1,85.68,1,2.55,246.67,1
2009,11,24,0.49,1,NA,0,NA,0.625,95.88,1,78.15,1,NA,NA,0.625
2009,11,25,-0.11,1,NA,0,7.2,0.75,289.88,1,85.13,1,7.15,330.16,0.75
2009,11,26,-0.5,1,NA,0,8.59,1,236.62,1,87.4,1,5.91,346.04,1
2009,11,27,1.44,1,NA,0,8,0.75,109.5,1,63.69,1,7.09,99.64,0.75
2009,11,28,-0.74,1,NA,0,3.72,1,310.88,1,85.39,1,3.37,312.43,1
2009,11,29,0.56,1,NA,0,2.59,0.875,184.38,1,69.73,1,1.05,101.93,0.875
2009,11,30,1.39,1,NA,0,10.15,0.75,89.5,1,53.21,1,9.82,90.14,0.75
2009,12,1,1.08,1,NA,0,8.93,0.75,104.12,1,54.76,1,7.65,99.44,0.75
2009,12,2,-0.9,0.875,NA,0,2.95,1,265.62,1,81.26,1,2.17,295.37,1
2009,12,3,-1.47,0.75,NA,0,3.31,1,227.12,1,80.01,1,1.7,248.29,1
2009,12,4,-0.66,1,NA,0,4.59,1,212.62,1,85.41,1,4.36,214.8,1
2009,12,5,-0.85,0.75,NA,0,2.69,1,256.12,1,86.1,1,1.3,269.42,1
2009,12,6,-0.77,0.875,NA,0,4.42,0.75,209.25,1,90.99,1,3.29,221.65,0.75
2009,12,7,NA,0.5,NA,0,1.81,0.875,202.38,1,80.64,1,0.91,260.3,0.875
2009,12,8,-0.26,1,NA,0,3.66,1,220.75,1,80.01,1,2.48,229.16,1
2009,12,9,-0.32,0.75,NA,0,2.88,0.75,200.5,1,86.27,1,0.76,280.99,0.75
2009,12,10,-0.29,0.875,NA,0,NA,0.625,269.88,1,87.53,1,NA,NA,0.625
2009,12,11,-0.5,1,NA,0,4.21,1,204.75,1,86.69,1,2.71,222.67,1
2009,12,12,NA,0.5,NA,0,1.79,0.875,191.29,0.875,84.25,1,0.99,31.9,0.875
2009,12,13,-0.11,1,NA,0,NA,0.5,227.83,0.75,92.23,1,NA,NA,0.5
2009,12,14,2.58,1,NA,0,NA,0.375,195.5,1,82.33,1,NA,NA,0.375
2009,12,15,2.66,0.875,NA,0,5.96,0.875,179.12,1,81.04,1,3.25,6.27,0.875
2009,12,16,4.64,1,NA,0,7.68,0.75,99.75,1,74.69,1,6.08,60.5,0.75
2009,12,17,1.58,1,NA,0,8.65,1,264,1,89.54,1,8.4,354.9,1
2009,12,18,2.16,1,NA,0,10.44,0.875,226.62,1,85.96,1,10.39,2.72,0.875
2009,12,19,3.03,0.875,NA,0,10.18,0.75,62.75,1,77.84,1,9.9,15.9,0.75
2009,12,20,2.66,1,NA,0,NA,0.5,140.75,1,81.26,1,NA,NA,0.5
2009,12,21,1.76,1,NA,0,NA,0.625,217.12,1,82.57,1,NA,NA,0.625
2009,12,22,3.93,1,NA,0,NA,0.625,110.75,1,72.63,1,NA,NA,0.625
2009,12,23,2.46,0.875,NA,0,5.1,0.875,127.62,1,78.78,1,3.64,19.69,0.875
2009,12,24,2.44,1,NA,0,7.54,0.875,82.62,1,76.84,1,6.42,15.82,0.875
2009,12,25,2.45,0.75,NA,0,NA,0.5,120.5,1,74.39,1,NA,NA,0.5
2009,12,26,3.69,1,NA,0,7.53,0.75,86.25,1,54.6,1,7.5,84.82,0.75
2009,12,27,NA,0.5,NA,0,1.71,1,254.12,1,84.04,1,1.4,253.97,1
2009,12,28,NA,0.375,NA,0,1.54,0.875,186.14,0.875,86.91,1,0.89,248.12,0.875
2009,12,29,-0.12,1,NA,0,4.94,1,223.75,1,77.56,1,4.9,224.17,1
2009,12,30,-0.05,1,NA,0,3.79,1,210.75,1,85.93,1,3.72,210.96,1
2009,12,31,NA,0.25,NA,0,1.81,1,226.62,1,81.32,1,1.5,211.09,1
2010,1,1,NA,0.625,NA,0,3.16,1,180.88,1,81.41,1,1.61,250.94,1
2010,1,2,-0.17,0.75,NA,0,3.41,1,218.38,1,77.11,1,3.38,212.91,1
2010,1,3,NA,0.625,NA,0,2.67,1,110,1,68.56,1,2.42,11.79,1
2010,1,4,2.44,0.875,NA,0,NA,0.625,70.12,1,64.71,1,NA,NA,0.625
2010,1,5,NA,0.5,NA,0,2.04,0.875,184.62,1,71.82,1,1.29,325.07,0.875
2010,1,6,-0.1,0.875,NA,0,2.91,1,282.38,1,66.25,1,1.95,299.27,1
2010,1,7,NA,0.375,NA,0,1.59,1,245.25,1,72.43,1,1.15,229.6,1
2010,1,8,NA,0,NA,0,0.99,1,182.5,1,66.6,1,0.5,310.68,1
2010,1,9,NA,0.375,NA,0,1.88,1,251.75,1,73.5,1,1.41,304.32,1
2010,1,10,0.31,1,NA,0,5.1,1,181.25,1,66.54,1,5.03,1.62,1
2010,1,11,0.84,0.875,NA,0,5.01,0.875,70.88,1,66.14,1,3.73,30.72,0.875
2010,1,12,NA,0.5,NA,0,2.6,1,182.88,1,68.49,1,1.27,342.91,1
2010,1,13,0.37,1,NA,0,4.95,1,211.25,1,73.94,1,3.34,356.84,1
2010,1,14,-0.14,1,NA,0,NA,0.25,51.5,1,66.04,1,NA,NA,0.25
2010,1,15,2.23,1,NA,0,9.06,0.875,66.25,1,64.68,1,8.33,76.88,0.875
2010,1,16,2.66,0.875,NA,0,NA,0.625,95.38,1,75.2,1,NA,NA,0.625
2010,1,17,3.79,1,NA,0,NA,0.5,56.25,1,74.23,1,NA,NA,0.5
2010,1,18,NA,0.375,NA,0,1.15,0.75,192.5,1,87.85,1,0.59,136.71,0.75
2010,1,19,NA,0.5,NA,0,1.33,0.75,146.88,1,89.51,1,0.62,79.34,0.75
2010,1,20,2.18,0.75,NA,0,NA,0.625,171.88,1,83.34,1,NA,NA,0.625
2010,1,21,NA,0.25,NA,0,1.34,1,221.62,1,88.13,1,0.33,251.4,1
2010,1,22,NA,0.5,NA,0,2.33,1,265,1,87.3,1,1.43,251.35,1
2010,1,23,1.33,0.875,NA,0,3.04,1,281.5,1,89.14,1,1.77,284.97,1
2010,1,24,1.1,1,NA,0,6.46,0.875,238.62,1,84.2,1,6.09,230.14,0.875
2010,1,25,0.48,0.75,NA,0,4.24,1,192.62,1,69.44,1,3.43,218.92,1
2010,1,26,1.77,0.75,NA,0,2.9,0.75,192.38,1,75.36,1,0.18,261.47,0.75
2010,1,27,1.48,0.75,NA,0,2.7,1,253,1,83.81,1,1.19,332.61,1
2010,1,28,NA,0.5,NA,0,1.78,1,169.5,1,80.26,1,1.08,359.02,1
2010,1,29,NA,0.375,NA,0,2.02,1,170.12,1,89.26,1,1.17,279.22,1
2010,1,30,0.41,0.875,NA,0,3.5,0.75,166.5,1,86.45,1,2.36,346.7,0.75
2010,1,31,NA,0.25,NA,0,1.3,1,167.62,1,70.54,1,0.37,30.95,1
2010,2,1,NA,0.375,NA,0,1.53,0.875,284.57,0.875,86.21,1,0.95,316.13,0.875
2010,2,2,NA,0.375,NA,0,1.69,1,250.5,1,83.39,1,1.56,332.22,1
2010,2,3,NA,0.25,NA,0,1.36,0.875,221.57,0.875,92.3,1,0.66,293.25,0.875
2010,2,4,NA,0.625,NA,0,2.78,1,233.5,1,79.43,1,0.66,8.84,1
2010,2,5,1.51,1,NA,0,6.65,1,90,1,47.44,0.875,6.57,89.07,1
2010,2,6,NA,0.625,NA,0,2.14,0.875,128,1,56.21,1,1.45,47.51,0.875
2010,2,7,NA,0.5,NA,0,1.91,1,194.25,1,66.69,1,0.67,24.93,1
2010,2,8,NA,0.25,NA,0,2.06,1,187.12,1,73.73,1,0.32,354.1,1
2010,2,9,3,0.75,NA,0,6.2,0.75,165.88,1,55.14,1,4.57,98.89,0.75
2010,2,10,2.32,1,NA,0,8.79,1,101.5,1,50.64,1,8.75,102.22,1
2010,2,11,1.99,0.875,NA,0,4.08,1,176.88,1,71.64,1,1.88,131.86,1
2010,2,12,NA,0.375,NA,0,1.66,1,190,1,82.93,1,1.16,342.52,1
2010,2,13,NA,0.125,NA,0,0.79,1,238.38,1,83.48,1,0.43,2.8,1
2010,2,14,NA,0.375,NA,0,1.44,1,144.62,1,82.76,1,0.35,282.89,1
2010,2,15,NA,0.625,NA,0,2.59,1,193.5,1,80.93,1,1.36,220.76,1
2010,2,16,2.2,1,NA,0,3.06,1,315.75,1,93.9,1,2.64,319.17,1
2010,2,17,1.48,1,NA,0,5.72,1,271,1,91.45,1,4.42,270.36,1
2010,2,18,1.4,0.875,NA,0,3.6,1,230.25,1,93.36,1,3.56,230.26,1
2010,2,19,1.21,1,NA,0,5.45,1,220.75,1,85.91,0.875,5.43,220.61,1
2010,2,20,1.11,1,NA,0,4.34,1,207.88,1,82.19,1,4.33,207.18,1
2010,2,21,NA,0.5,NA,0,1.77,1,123.38,1,70.96,1,0.76,116.7,1
2010,2,22,NA,0.25,NA,0,1.46,1,199.62,1,81.9,1,0.71,261.65,1
2010,2,23,NA,0.25,NA,0,1.54,1,209.5,1,83.9,1,0.38,81.44,1
2010,2,24,NA,0.125,NA,0,1.69,1,168.75,1,88.44,1,0.78,165.23,1
2010,2,25,NA,0.625,NA,0,3.3,1,214.5,1,89.41,1,2.4,252.94,1
2010,2,26,1.81,1,NA,0,NA,0.625,160.88,1,87.61,1,NA,NA,0.625
2010,2,27,1.23,0.875,NA,0,4.23,0.875,248.62,1,90.75,1,3.66,236.64,0.875
2010,2,28,0.84,1,NA,0,NA,0.625,87.5,1,61.01,1,NA,NA,0.625
2010,3,1,0.4,0.875,NA,0,NA,0.625,194.71,0.875,66.78,0.75,NA,NA,0.625
2010,3,2,0.78,0.75,NA,0,3,0.75,123.17,0.75,76.38,0.75,1.44,238.43,0.75
2010,3,3,2.18,0.75,NA,0,NA,0.375,88.33,0.75,77.23,0.75,NA,NA,0.375
2010,3,4,1.22,0.75,NA,0,NA,0.625,234.67,0.75,NA,0.5,NA,NA,0.625
2010,3,5,0.28,0.75,NA,0,NA,0.5,229.33,0.75,NA,0.625,NA,NA,0.5
2010,3,6,3.58,0.75,NA,0,NA,0.5,NA,0.625,NA,0.625,NA,NA,0.5
2010,3,7,NA,0.375,NA,0,NA,0.375,NA,0.375,NA,0.375,NA,NA,0.375
2010,3,8,7.14,1,NA,0,11.37,0.875,37.75,1,74.84,1,10.03,23.43,0.875
2010,3,9,2.1,1,NA,0,12.45,0.75,282.5,1,88.71,1,11.8,328.19,0.75
2010,3,10,0.97,0.875,NA,0,NA,0.5,290,0.875,89.52,0.75,NA,NA,0.5
2010,3,11,1.31,0.875,NA,0,1.84,0.875,200.43,0.875,90.86,0.875,0.46,130.84,0.875
2010,3,12,1.61,1,NA,0,1.62,1,201.88,1,89.52,1,0.58,310.86,1
2010,3,13,0.69,0.875,NA,0,1.39,0.875,237.14,0.875,93.24,0.875,0.87,246.53,0.875
2010,3,14,0.26,1,NA,0,0.77,0.875,92.71,0.875,96.46,0.875,0.58,103.5,0.875
2010,3,15,-0.21,0.875,NA,0,2.53,0.875,279.86,0.875,96.24,0.875,1.95,325.24,0.875
2010,3,16,0.26,1,NA,0,NA,0.625,92,1,78.23,0.875,NA,NA,0.625
2010,3,17,0.47,0.875,NA,0,4.85,0.75,157.71,0.875,65.86,0.875,2.17,124.57,0.75
2010,3,18,-0.77,0.875,NA,0,2.62,0.75,261.14,0.875,71.57,0.875,2.38,245.74,0.75
2010,3,19,-0.44,1,NA,0,4.66,1,163.5,1,80.03,1,3.56,22.86,1
2010,3,20,-1.04,1,NA,0,5.32,1,105.75,1,77.88,1,4.94,105.12,1
2010,3,21,-2.86,1,NA,0,3.93,0.75,179.38,1,75.94,1,1.22,218.55,0.75
2010,3,22,-2.29,1,NA,0,2.44,1,244.38,1,82.7,1,1.28,7.54,1
2010,3,23,-1.9,1,NA,0,NA,0.375,185.88,1,67.2,1,NA,NA,0.375
2010,3,24,-2.34,1,NA,0,NA,0.625,160.62,1,66.06,1,NA,NA,0.625
2010,3,25,0.29,1,NA,0,5.56,0.875,127.12,1,75.06,0.875,2.14,62.26,0.875
2010,3,26,-0.86,0.875,NA,0,2.07,0.875,184,0.875,86.1,0.875,0.23,17.74,0.875
2010,3,27,2.94,1,NA,0,NA,0.625,221.5,1,80.99,0.875,NA,NA,0.625
2010,3,28,0.75,1,NA,0,4.9,0.875,319.88,1,84.31,1,4,314.18,0.875
2010,3,29,-0.63,1,NA,0,NA,0.375,272.62,1,85.46,1,NA,NA,0.375
2010,3,30,-0.33,1,NA,0,7.38,0.75,280.12,1,87.9,0.875,5.72,285.31,0.75
2010,3,31,0.05,1,NA,0,3.21,1,122,1,82.01,0.875,1.98,95.62,1
2010,4,1,0.74,1,NA,0,NA,0.5,190.25,1,88.09,1,NA,NA,0.5
2010,4,2,-2.15,1,NA,0,8.7,1,215,1,69.7,1,8.55,214.46,1
2010,4,3,0.25,1,NA,0,3.16,1,149,1,77.48,1,1.14,74.98,1
2010,4,4,2.49,1,NA,0,NA,0.375,151.5,1,88.14,1,NA,NA,0.375
2010,4,5,2.04,1,NA,0,5.18,1,296.88,1,92.49,0.875,4.41,320.71,1
2010,4,6,1.99,1,NA,0,3.37,0.875,139.88,1,89.09,1,1.97,48.01,0.875
2010,4,7,0.04,1,NA,0,2.56,0.875,236,1,96.2,1,1.71,249.15,0.875
2010,4,8,2.19,1,NA,0,5.48,0.75,267.25,1,86.6,1,4.9,345.84,0.75
2010,4,9,-0.96,1,NA,0,5.79,1,234.75,1,81.71,0.875,5.4,229.86,1
2010,4,10,0.31,1,NA,0,2.48,0.75,132.62,1,75.26,1,1.18,123.07,0.75
2010,4,11,3.9,0.875,NA,0,NA,0.625,154.5,1,80.9,1,NA,NA,0.625
2010,4,12,0.22,1,NA,0,7.73,0.875,253.38,1,87.16,0.875,5.77,250.3,0.875
2010,4,13,1.28,1,NA,0,6.2,0.75,169.88,1,82.03,1,4.41,349.01,0.75
2010,4,14,1.51,1,NA,0,NA,0.5,223.5,1,81.26,1,NA,NA,0.5
2010,4,15,0.44,1,NA,0,NA,0.625,208.62,1,82.87,0.875,NA,NA,0.625
2010,4,16,1.46,1,NA,0,NA,0.5,79.88,1,73.2,1,NA,NA,0.5
2010,4,17,-0.16,1,NA,0,NA,0.625,88.25,1,72.51,0.875,NA,NA,0.625
2010,4,18,-1.1,1,NA,0,5.33,0.875,219.5,1,79.35,1,2.44,32.19,0.875
2010,4,19,-3.36,1,NA,0,1.41,1,178.62,1,86.83,1,0.83,9.75,1
2010,4,20,-4.24,1,NA,0,1.78,1,119.38,1,65.54,1,1.47,32.53,1
2010,4,21,-2.04,1,NA,0,4.56,1,227.38,1,77.11,1,4.29,217.45,1
2010,4,22,-1.24,0.875,NA,0,2.43,0.75,128.43,0.875,87.63,0.875,0.41,100.84,0.75
2010,4,23,-1.89,1,NA,0,5.7,1,250.75,1,NA,0.625,4.51,258.01,1
2010,4,24,-4.79,1,NA,0,NA,0.5,175.88,1,82.73,1,NA,NA,0.5
2010,4,25,-6.59,1,NA,0,4.61,1,52.25,1,61.38,1,4.01,53.42,1
2010,4,26,-7.18,1,NA,0,2.95,1,124.12,1,60.88,1,2.76,44.43,1
2010,4,27,-4.79,1,NA,0,2.61,1,188.12,1,65.02,1,0.75,284.3,1
2010,4,28,-2.98,1,NA,0,3.76,1,89.62,1,74.29,0.875,3.23,88.58,1
2010,4,29,-1.34,1,NA,0,5.03,0.75,77.38,1,85.34,1,4.11,35.86,0.75
2010,4,30,-4.43,1,NA,0,NA,0.625,73.5,1,83.25,1,NA,NA,0.625
2010,5,1,-4.29,1,NA,0,7.21,1,103.62,1,70.1,1,7.06,13.37,1
2010,5,2,-4.29,1,NA,0,3.21,0.875,185.5,1,71.77,0.875,2.71,1.94,0.875
2010,5,3,-4.43,1,NA,0,2.58,1,110.75,1,72.68,1,2.38,17.09,1
2010,5,4,-7.18,1,NA,0,2.5,1,49.75,1,69.61,1,2.21,56.32,1
2010,5,5,-6.36,1,NA,0,1.87,0.875,98.75,1,67.94,1,1.65,45.02,0.875
2010,5,6,-1.64,1,NA,0,2.58,0.75,195.75,1,88.13,1,0.92,327.1,0.75
2010,5,7,-1.91,1,NA,0,3.88,1,200.5,1,80,1,1.83,320.17,1
2010,5,8,-1.54,1,NA,0,NA,0.5,128,1,77.84,1,NA,NA,0.5
2010,5,9,1.49,1,NA,0,NA,0.625,310.62,1,85.58,1,NA,NA,0.625
2010,5,10,0.23,1,NA,0,5.14,1,236.62,1,91.66,1,4.06,308.95,1
2010,5,11,-1.54,1,NA,0,4.32,1,237.5,1,91.15,1,3.26,300.68,1
2010,5,12,-2.75,1,NA,0,2.06,1,169.5,1,74.98,1,1.1,357,1
2010,5,13,-1.63,1,NA,0,5.04,1,323.38,1,81.34,1,4,318.73,1
2010,5,14,-2.91,1,NA,0,3.5,1,224.5,1,78.31,1,3.29,221.74,1
2010,5,15,-1.74,1,NA,0,5.05,0.75,89,1,76.3,1,3.17,50.82,0.75
2010,5,16,0.56,1,NA,0,9.21,1,324.75,1,95.26,1,8.85,326.03,1
2010,5,17,1.16,1,NA,0,8.53,0.75,230.12,1,84.64,1,6.26,358.95,0.75
2010,5,18,-0.29,1,NA,0,2.79,1,176.75,1,84.31,1,1.56,348.43,1
2010,5,19,-1.76,1,NA,0,6.54,0.875,203.12,1,83.15,1,6.3,206.53,0.875
2010,5,20,-2.4,1,NA,0,3.35,0.75,134.5,1,69.84,1,1.19,103.22,0.75
2010,5,21,1.72,1,NA,0,12.75,0.75,110.88,1,80.73,1,10.21,17.97,0.75
2010,5,22,0.09,1,NA,0,9,0.75,285.75,1,84.83,1,7.7,319.13,0.75
2010,5,23,-0.58,1,NA,0,NA,0.5,224.12,1,81,1,NA,NA,0.5
2010,5,24,2.28,1,NA,0,4.01,0.875,86.12,1,75.79,0.875,2.83,74.95,0.875
2010,5,25,-1.91,0.875,NA,0,9.86,1,227.38,1,83.63,1,9.45,225.81,1
2010,5,26,-1.28,1,NA,0,6.69,0.875,281.75,1,85.98,1,5.55,330.42,0.875
2010,5,27,1.31,0.875,NA,0,11.25,0.75,170.62,1,87.21,1,11.1,7.4,0.75
2010,5,28,-4.82,1,NA,0,14.99,0.875,235.88,1,94.48,1,14.34,242.52,0.875
2010,5,29,-2.36,1,NA,0,NA,0.625,88,1,82.27,1,NA,NA,0.625
2010,5,30,-2.82,1,NA,0,NA,0.375,237.62,1,80.51,1,NA,NA,0.375
2010,5,31,0.76,1,NA,0,8.94,1,173.62,1,90.35,1,7.83,356.69,1
2010,6,1,1.4,1,NA,0,NA,0.5,245.12,1,84.06,0.875,NA,NA,0.5
2010,6,2,1.13,1,NA,0,NA,0.5,195,1,82.54,1,NA,NA,0.5
2010,6,3,1.19,1,NA,0,NA,0.375,175.88,1,88.41,1,NA,NA,0.375
2010,6,4,-1.72,1,NA,0,NA,0.625,193.75,1,87.02,1,NA,NA,0.625
2010,6,5,-2.41,1,NA,0,2.9,0.875,182.62,1,79.13,1,1.57,304.15,0.875
2010,6,6,-4.23,1,NA,0,1.74,1,103.12,1,64.41,1,1.43,39.93,1
2010,6,7,-2.34,1,NA,0,3.37,0.75,31.88,1,71,1,3.02,22.36,0.75
2010,6,8,0.86,1,NA,0,NA,0.375,159.12,1,85.64,1,NA,NA,0.375
2010,6,9,-0.53,0.75,NA,0,13.38,0.75,292,1,88.99,1,10.23,321.58,0.75
2010,6,10,-5.46,1,NA,0,NA,0.25,162.38,1,80.41,1,NA,NA,0.25
2010,6,11,-0.29,1,NA,0,10.6,0.75,258,1,90.54,1,10.03,345.53,0.75
2010,6,12,-0.8,0.75,NA,0,11.94,1,271.25,1,84.13,0.875,8.61,331.01,1
2010,6,13,-7.07,1,NA,0,NA,0.5,178.88,1,78.88,1,NA,NA,0.5
2010,6,14,-8.21,1,NA,0,NA,0.5,240.38,1,79.98,1,NA,NA,0.5
2010,6,15,-8.08,1,NA,0,8.97,0.75,204.12,1,77.31,1,7.89,228.03,0.75
2010,6,16,-6.88,0.75,NA,0,NA,0.625,94.75,1,81.18,1,NA,NA,0.625
2010,6,17,-12.94,1,NA,0,NA,0.625,147.5,1,61.09,1,NA,NA,0.625
2010,6,18,-11.03,1,NA,0,NA,0.25,147.75,1,57.25,1,NA,NA,0.25
2010,6,19,-8.71,1,NA,0,2.84,0.875,152.25,1,70.61,1,0.38,337.87,0.875
2010,6,20,-8.13,1,NA,0,2.65,1,189.12,1,83.63,0.875,0.64,311.16,1
2010,6,21,-4.39,1,NA,0,NA,0.625,110.88,1,79.2,1,NA,NA,0.625
2010,6,22,-1.91,1,NA,0,NA,0.625,115.75,1,73.38,1,NA,NA,0.625
2010,6,23,-1.23,1,NA,0,9.95,0.75,73.62,1,81.31,1,9.07,11.46,0.75
2010,6,24,-1.7,0.875,NA,0,NA,0.625,83.25,1,74.13,1,NA,NA,0.625
2010,6,25,-4.69,1,NA,0,NA,0.25,88.75,1,73.16,1,NA,NA,0.25
2010,6,26,-5.04,1,NA,0,NA,0.375,107.5,1,66,1,NA,NA,0.375
2010,6,27,-5.56,1,NA,0,2.5,0.875,159.12,1,79.8,0.875,1.01,94.85,0.875
2010,6,28,-5.23,1,NA,0,NA,0.625,45.25,1,56.26,1,NA,NA,0.625
2010,6,29,-3.99,1,NA,0,6.25,0.75,155.5,1,79.18,1,3.55,11.5,0.75
2010,6,30,-5.03,1,NA,0,3.72,1,166.88,1,75.56,1,1.17,250.51,1
2010,7,1,-7.68,0.75,NA,0,3.1,0.75,42.62,1,64.56,1,2.74,48.63,0.75
2010,7,2,-10.96,1,NA,0,3.44,0.875,33,1,77.34,1,3.34,31.69,0.875
2010,7,3,-9.86,1,NA,0,3.01,1,172.25,1,81.68,1,2.4,174.71,1
2010,7,4,-9.16,1,NA,0,7.7,0.75,213.62,1,75.4,1,7.54,212.77,0.75
2010,7,5,-9.99,1,NA,0,3.3,1,51.25,1,71.91,1,2.07,34.56,1
2010,7,6,-10.01,1,NA,0,1.31,1,102.5,1,80.68,1,0.83,53.64,1
2010,7,7,-9.69,1,NA,0,3.79,1,105,1,75.44,1,3.09,70.54,1
2010,7,8,-6.57,0.875,NA,0,NA,0.625,87.86,0.875,77.49,0.875,NA,NA,0.625
2010,7,9,-6.54,1,NA,0,2.46,0.875,176.12,1,93.75,1,1.58,209.3,0.875
2010,7,10,-8.9,1,NA,0,7.02,0.75,233.75,1,80.74,0.875,6.75,238.9,0.75
2010,7,11,-10.24,1,NA,0,4.08,1,161.88,1,86.34,0.875,0.99,150.9,1
2010,7,12,-11.71,1,NA,0,NA,0.5,215.38,1,81.66,1,NA,NA,0.5
2010,7,13,-12.28,1,NA,0,1.98,1,139.38,1,74.59,1,1.63,21.86,1
2010,7,14,-8.69,1,NA,0,2.86,0.875,286,1,92.15,1,2.68,323.39,0.875
2010,7,15,-8.57,0.875,NA,0,NA,0.625,227.62,1,85.9,1,NA,NA,0.625
2010,7,16,-12.81,1,NA,0,NA,0.625,145.38,1,72.4,1,NA,NA,0.625
2010,7,17,-10.5,1,NA,0,7.8,0.75,298.25,1,92.5,1,7.74,293.14,0.75
2010,7,18,-5.45,1,NA,0,NA,0.25,221.62,1,89.24,1,NA,NA,0.25
2010,7,19,-11.31,0.875,NA,0,NA,0.625,246,1,79.44,0.875,NA,NA,0.625
2010,7,20,-12.82,0.75,NA,0,NA,0.5,197.88,1,80.39,0.875,NA,NA,0.5
2010,7,21,-14.16,0.875,NA,0,NA,0.25,250.5,1,78.74,1,NA,NA,0.25
2010,7,22,-14.24,1,NA,0,6.09,0.875,243.62,1,83.18,1,5.12,277.33,0.875
2010,7,23,-13.21,1,NA,0,3.44,0.875,225.12,1,84.25,1,2.17,347.34,0.875
2010,7,24,-9,1,NA,0,8.81,0.875,253.5,1,92.75,1,8.22,342.89,0.875
2010,7,25,-6.13,1,NA,0,8.1,0.75,191,1,93.83,1,7.21,3.81,0.75
2010,7,26,-7.98,0.75,NA,0,NA,0.625,244.29,0.875,92.57,0.875,NA,NA,0.625
2010,7,27,-9.32,0.75,NA,0,NA,0.625,196.25,1,89.84,1,NA,NA,0.625
2010,7,28,-14.81,1,NA,0,NA,0.375,158.75,1,76.76,1,NA,NA,0.375
2010,7,29,-20.07,0.875,NA,0,NA,0.375,231.5,1,76.61,1,NA,NA,0.375
2010,7,30,-18.85,1,NA,0,3.46,1,215.62,1,75.25,1,2.34,204.13,1
2010,7,31,-16.76,1,NA,0,2.46,1,131.75,1,83.06,1,0.25,245,1
2010,8,1,-16.6,1,NA,0,1.45,1,39.75,1,90.59,1,1.21,35.61,1
2010,8,2,-13.99,0.875,NA,0,2.26,0.875,155.62,1,92.16,1,1.26,46.68,0.875
2010,8,3,-6.93,0.875,NA,0,NA,0.25,120.38,1,86.94,0.875,NA,NA,0.25
2010,8,4,-12.71,1,NA,0,2.75,1,184.5,1,96.49,1,0.61,191.3,1
2010,8,5,-13.04,0.875,NA,0,1.52,0.75,143.57,0.875,91.73,0.875,1.32,117.88,0.75
2010,8,6,-12.86,0.875,NA,0,1.07,0.875,195.86,0.875,92.55,0.75,0.47,246.57,0.875
2010,8,7,-12.03,1,NA,0,1.88,1,225.5,1,86.93,1,0.71,292.42,1
2010,8,8,-8.91,0.875,NA,0,NA,0.5,124.12,1,74.71,0.875,NA,NA,0.5
2010,8,9,-12.49,1,NA,0,NA,0.375,85.88,1,77.93,1,NA,NA,0.375
2010,8,10,-14.33,1,NA,0,4.85,0.75,85.75,1,71.46,1,4.72,89.03,0.75
2010,8,11,-15.51,1,NA,0,NA,0.625,115.25,1,70.9,1,NA,NA,0.625
2010,8,12,-16.79,1,NA,0,4.06,0.875,132.62,1,76.93,1,0.88,175.44,0.875
2010,8,13,-15.35,1,NA,0,NA,0.5,141.5,1,90.03,1,NA,NA,0.5
2010,8,14,-14.95,1,NA,0,NA,0.625,170.75,1,85.06,1,NA,NA,0.625
2010,8,15,NA,0.5,NA,0,NA,0.5,221.43,0.875,87.74,0.875,NA,NA,0.5
2010,8,16,-17.86,0.875,NA,0,10.87,0.75,218.5,1,73.84,1,10.05,218.3,0.75
2010,8,17,-17.26,1,NA,0,2.74,1,141.25,1,73.78,1,1.36,182.48,1
2010,8,18,-16.35,1,NA,0,1.98,1,113.5,1,83.73,1,1.8,23.23,1
2010,8,19,-16.61,1,NA,0,2.4,0.875,121.12,1,81.56,1,0.79,68.9,0.875
2010,8,20,-14.47,0.875,NA,0,NA,0.5,88.5,1,70.61,0.875,NA,NA,0.5
2010,8,21,-9.56,1,NA,0,NA,0.375,113.62,1,81.95,1,NA,NA,0.375
2010,8,22,-7.44,1,NA,0,NA,0.25,65.5,1,66.81,1,NA,NA,0.25
2010,8,23,-8.93,0.875,NA,0,NA,0.25,88.86,0.875,70.43,0.75,NA,NA,0.25
2010,8,24,-10.71,1,NA,0,NA,0.375,58,1,70.71,1,NA,NA,0.375
2010,8,25,-7.49,1,NA,0,NA,0.25,129.75,1,74.29,1,NA,NA,0.25
2010,8,26,-10.41,0.875,NA,0,NA,0.375,123.12,1,76.98,1,NA,NA,0.375
2010,8,27,-9.7,1,NA,0,5.5,0.75,208.75,1,76.58,1,2.49,348.02,0.75
2010,8,28,-11.7,1,NA,0,3.17,1,225.25,1,90.16,1,2.1,339.61,1
2010,8,29,-12.59,1,NA,0,NA,0.5,157.38,1,76.25,1,NA,NA,0.5
2010,8,30,-9.86,0.875,NA,0,NA,0.25,84,1,83.34,0.875,NA,NA,0.25
2010,8,31,-12.2,1,NA,0,6.85,1,219.88,1,82.64,1,6.45,220.32,1
2010,9,1,-13.38,1,NA,0,2.96,0.875,172.25,1,76.93,1,1.71,170.68,0.875
2010,9,2,-8.67,1,NA,0,NA,0.375,136,1,82.56,1,NA,NA,0.375
2010,9,3,-12.39,1,NA,0,NA,0.625,230.88,1,87.14,1,NA,NA,0.625
2010,9,4,-13.61,1,NA,0,6.71,0.875,102.38,1,77.75,1,2.51,51.51,0.875
2010,9,5,-16.11,1,NA,0,NA,0.125,181.75,1,78.34,1,NA,NA,0.125
2010,9,6,-17.45,1,NA,0,5.4,0.75,233.88,1,87.33,1,5.08,231.06,0.75
2010,9,7,-15.54,1,NA,0,4.56,0.875,252,1,88.66,1,3.74,247.04,0.875
2010,9,8,-15.69,1,NA,0,1.73,1,279.5,1,88.28,1,1.3,266.42,1
2010,9,9,-15.67,1,NA,0,1.13,0.875,148.29,0.875,91.66,1,0.76,68.18,0.875
2010,9,10,-14.25,0.75,NA,0,NA,0.625,NA,0.625,95.29,0.875,NA,NA,0.625
2010,9,11,-14.73,1,NA,0,0.88,1,142.5,1,95.56,1,0.43,25.79,1
2010,9,12,-10.68,0.75,NA,0,NA,0.625,89.17,0.75,NA,0.625,NA,NA,0.625
2010,9,13,-10.91,1,NA,0,NA,0.5,17.25,1,80.66,1,NA,NA,0.5
2010,9,14,-11.39,1,NA,0,NA,0.25,106.75,1,84.9,0.875,NA,NA,0.25
2010,9,15,-8.58,1,NA,0,NA,0.5,20.12,1,74.4,0.875,NA,NA,0.5
2010,9,16,-8.41,1,NA,0,NA,0.375,79.25,1,67.54,1,NA,NA,0.375
2010,9,17,-7.44,1,NA,0,1.7,0.875,160.62,1,84.04,1,0.91,23.17,0.875
2010,9,18,-5.09,1,NA,0,NA,0.25,74.25,1,74.15,1,NA,NA,0.25
2010,9,19,-4.79,1,NA,0,NA,0.625,32.75,1,78.94,1,NA,NA,0.625
2010,9,20,-5.94,1,NA,0,12.82,0.75,101.25,1,80.31,1,12.37,15.49,0.75
2010,9,21,-6.8,1,NA,0,2.67,0.875,209.5,1,89.09,1,1.76,262.02,0.875
2010,9,22,-8.13,1,NA,0,2.24,1,215.25,1,85.88,1,0.76,197.84,1
2010,9,23,-6.91,1,NA,0,NA,0.625,88.62,1,74.11,1,NA,NA,0.625
2010,9,24,-6.65,1,NA,0,6.02,0.75,86.38,1,71.06,1,5.05,73.08,0.75
2010,9,25,-6.18,1,NA,0,3.17,1,255.62,1,80.97,0.875,2.58,251.6,1
2010,9,26,-5.13,1,NA,0,8.37,0.75,142.12,1,77.26,1,8.2,14.64,0.75
2010,9,27,-5.03,1,NA,0,1.43,0.875,164.62,1,91.77,1,0.97,142.41,0.875
2010,9,28,-3.25,1,NA,0,NA,0.25,122.12,1,80.25,1,NA,NA,0.25
2010,9,29,-5.8,1,NA,0,4.82,0.75,237.62,1,91.44,1,3.57,279.86,0.75
2010,9,30,-3.71,1,NA,0,9.14,0.875,62.38,1,85.8,1,8.76,17.08,0.875
2010,10,1,-6.3,1,NA,0,NA,0.375,235.62,1,90.25,1,NA,NA,0.375
2010,10,2,-5.5,1,NA,0,3.55,1,181.5,1,90.83,0.875,1.77,336.2,1
2010,10,3,-5.7,1,NA,0,1,1,136,1,88.95,1,0.87,118.17,1
2010,10,4,-5.21,1,NA,0,3.93,0.75,168.62,1,73.99,1,1.08,52.23,0.75
2010,10,5,-4.94,1,NA,0,NA,0.625,162.38,1,76.1,1,NA,NA,0.625
2010,10,6,-0.7,1,NA,0,NA,0.5,37.12,1,73.07,0.875,NA,NA,0.5
2010,10,7,-2.85,1,NA,0,NA,0.5,26.38,1,82.78,1,NA,NA,0.5
2010,10,8,-2.87,1,NA,0,NA,0.5,44.25,1,78.36,1,NA,NA,0.5
2010,10,9,-2.97,1,NA,0,NA,0.25,191.25,1,82.13,1,NA,NA,0.25
2010,10,10,-4.45,1,NA,0,10.81,1,333.38,1,90.04,1,10.26,334.92,1
2010,10,11,-6.36,1,NA,0,NA,0.5,168.25,1,81.81,1,NA,NA,0.5
2010,10,12,-5.36,0.875,NA,0,NA,0.625,282.14,0.875,94.21,0.875,NA,NA,0.625
2010,10,13,-7.31,1,NA,0,9.41,0.875,255.88,1,77.76,1,9.27,256.46,0.875
2010,10,14,-6.38,1,NA,0,8.87,0.75,210.38,1,70.09,0.875,4.14,223.12,0.75
2010,10,15,-3.21,1,NA,0,NA,0.25,72.38,1,77.06,1,NA,NA,0.25
2010,10,16,-4.48,1,NA,0,NA,0.375,207.12,1,85.1,0.875,NA,NA,0.375
2010,10,17,-2.28,1,NA,0,NA,0.5,28.88,1,85.3,1,NA,NA,0.5
2010,10,18,-2.05,1,NA,0,15.06,0.875,23.75,1,83.3,1,14.81,22.98,0.875
2010,10,19,-1.46,1,NA,0,NA,0.5,78,1,79.75,1,NA,NA,0.5
2010,10,20,-2.44,1,NA,0,11.64,0.875,26,1,84.6,0.875,11.48,21.56,0.875
2010,10,21,-3.67,1,NA,0,NA,0.625,184,1,92.3,1,NA,NA,0.625
2010,10,22,-2.69,1,NA,0,NA,0.25,160.62,1,79.82,1,NA,NA,0.25
2010,10,23,-3.25,1,NA,0,9.53,0.875,215.38,1,92.13,0.875,9.23,345.25,0.875
2010,10,24,-3.63,1,NA,0,10.19,1,330.88,1,89.19,0.875,10.01,331.12,1
2010,10,25,-4.55,1,NA,0,7.55,1,264.75,1,89.94,1,6.23,266.01,1
2010,10,26,-4.16,1,NA,0,5.99,0.875,220.75,1,75.41,1,2.44,272.03,0.875
2010,10,27,0.5,1,NA,0,NA,0.5,123.25,1,79.85,1,NA,NA,0.5
2010,10,28,-4.87,0.875,NA,0,5.74,0.875,224.75,1,78.79,1,5.71,210.39,0.875
2010,10,29,-5.19,1,NA,0,2.5,0.875,89.75,1,75.34,1,0.82,77.73,0.875
2010,10,30,-3.71,1,NA,0,11.57,0.75,285.38,1,89.93,1,11.05,319.87,0.75
2010,10,31,-4.44,1,NA,0,10.57,0.875,259.88,1,83.71,1,7.27,313.4,0.875
2010,11,1,-2.35,1,NA,0,10.05,0.75,259.62,1,88.8,1,9.95,340.33,0.75
2010,11,2,-2.71,0.875,NA,0,NA,0.625,328,0.875,94.21,0.875,NA,NA,0.625
2010,11,3,-1.77,0.875,NA,0,10.1,0.75,284.43,0.875,87.57,0.875,10.03,352.87,0.75
2010,11,4,-1.84,1,NA,0,4.44,0.875,265.5,1,80.91,0.875,2.26,334.27,0.875
2010,11,5,0.39,1,NA,0,NA,0.625,31.38,1,69.21,1,NA,NA,0.625
2010,11,6,-2.03,0.875,NA,0,NA,0.625,118.43,0.875,91.5,0.875,NA,NA,0.625
2010,11,7,-3.49,0.875,NA,0,5.59,0.875,229.14,0.875,88.53,0.875,2.82,333.13,0.875
2010,11,8,-3.78,1,NA,0,5.47,0.875,292.12,1,87.08,1,5.19,298.5,0.875
2010,11,9,-4.51,1,NA,0,NA,0.625,130.88,1,68.74,1,NA,NA,0.625
2010,11,10,-1.05,1,NA,0,NA,0.625,276.38,1,90.03,1,NA,NA,0.625
2010,11,11,-0.8,0.875,NA,0,9.86,0.875,341.14,0.875,92.09,0.875,9.7,346.1,0.875
2010,11,12,-1.34,1,NA,0,NA,0.625,200.57,0.875,90.99,0.875,NA,NA,0.625
2010,11,13,-1.9,1,NA,0,NA,0.25,198.38,1,77.67,0.875,NA,NA,0.25
2010,11,14,-0.42,1,NA,0,NA,0.625,149.29,0.875,85.84,0.875,NA,NA,0.625
2010,11,15,0.03,0.75,NA,0,NA,0.625,280.5,0.75,82.1,0.75,NA,NA,0.625
2010,11,16,-0.27,0.875,NA,0,NA,0.625,104,0.875,77.17,0.875,NA,NA,0.625
2010,11,17,0.15,1,NA,0,NA,0.625,203.88,1,75.04,0.875,NA,NA,0.625
2010,11,18,-2,1,NA,0,6.59,1,258.5,1,94.4,1,5.3,325.81,1
2010,11,19,1.39,1,NA,0,NA,0.625,110.62,1,75.24,1,NA,NA,0.625
2010,11,20,-1.23,1,NA,0,NA,0.5,194.12,1,83.7,1,NA,NA,0.5
2010,11,21,2.23,0.875,NA,0,NA,0.625,93.29,0.875,66.19,0.875,NA,NA,0.625
2010,11,22,0.58,1,NA,0,3.89,0.875,236.25,1,75.23,0.875,2.07,356.83,0.875
2010,11,23,0.34,1,NA,0,6.63,0.75,89.12,1,73.5,0.875,6.45,81.22,0.75
2010,11,24,-0.35,1,NA,0,NA,0.5,233.5,1,78.46,1,NA,NA,0.5
2010,11,25,-1.05,1,NA,0,NA,0.625,217.5,1,87.41,1,NA,NA,0.625
2010,11,26,-1.24,1,NA,0,3.7,0.875,266.25,1,80.51,1,2.19,346.58,0.875
2010,11,27,-1.4,1,NA,0,4.24,1,198.75,1,80.06,1,2.78,21.54,1
2010,11,28,-0.67,1,NA,0,NA,0.625,139.38,1,85.56,1,NA,NA,0.625
2010,11,29,-1.91,1,NA,0,3.12,1,128.5,1,89.28,1,2.6,93.58,1
2010,11,30,-1.46,1,NA,0,NA,0.625,151.88,1,69.59,1,NA,NA,0.625
2010,12,1,0.07,1,NA,0,NA,0.625,110.25,1,67.39,0.875,NA,NA,0.625
2010,12,2,-0.95,0.75,NA,0,3.94,0.875,264.38,1,78.23,1,3.15,252.04,0.875
2010,12,3,-1.44,0.875,NA,0,7,0.875,237,0.875,84.61,0.875,6.93,236.94,0.875
2010,12,4,-0.63,0.75,NA,0,2.82,0.75,232.75,1,74.93,1,0.41,280.91,0.75
2010,12,5,NA,0.5,NA,0,2.01,1,145.25,1,56.99,1,0.38,56.61,1
2010,12,6,NA,0.5,NA,0,2.26,1,267.38,1,65.01,1,2.09,267.53,1
2010,12,7,-1.56,1,NA,0,4.31,0.875,135.88,1,69.3,1,3.94,4.32,0.875
2010,12,8,-1.04,1,NA,0,6.73,0.75,62,1,62.72,1,5.83,51.38,0.75
2010,12,9,-0.26,1,NA,0,3.87,0.875,282.88,1,75.51,1,2.51,271.56,0.875
2010,12,10,-0.93,0.875,NA,0,3.6,1,234.38,1,78.14,1,3.43,231.67,1
2010,12,11,NA,0.5,NA,0,3.26,0.875,202.75,1,64.9,1,2.63,236.97,0.875
2010,12,12,NA,0.625,NA,0,2.56,1,140,1,66.14,0.875,0.31,15.28,1
2010,12,13,0.59,1,NA,0,NA,0.5,101.12,1,60.54,0.875,NA,NA,0.5
2010,12,14,-0.24,0.875,NA,0,3.64,1,220.75,1,65.89,0.875,2.53,208.59,1
2010,12,15,NA,0.625,NA,0,2.3,0.875,120.25,1,67.9,1,0.98,49.22,0.875
2010,12,16,1.63,1,NA,0,8.63,0.875,101.5,1,61.8,1,7.64,98.47,0.875
2010,12,17,0.35,0.75,NA,0,2.88,0.75,209.12,1,69.07,1,1.34,289.78,0.75
2010,12,18,NA,0.375,NA,0,2.73,0.875,175.57,0.875,72.21,0.875,1.66,231.96,0.875
2010,12,19,NA,0.375,NA,0,2.03,0.875,195,0.875,65.29,0.875,1.28,53.04,0.875
2010,12,20,1.64,0.875,NA,0,NA,0.375,159.38,1,81.46,0.875,NA,NA,0.375
2010,12,21,0.46,0.875,NA,0,4.01,0.875,190.62,1,86.2,1,2.01,226.15,0.875
2010,12,22,0.5,1,NA,0,3.45,1,162.38,1,78.11,1,1.39,281.33,1
2010,12,23,2.17,0.875,NA,0,3.9,0.875,131.25,1,67.71,0.875,2.7,113.16,0.875
2010,12,24,NA,0.5,NA,0,2.2,0.75,157.38,1,75.03,0.875,0.63,84.65,0.75
2010,12,25,4.14,1,NA,0,NA,0.625,110.62,1,65.18,1,NA,NA,0.625
2010,12,26,NA,0.375,NA,0,1.8,1,200.75,1,68.23,1,0.77,309.03,1
2010,12,27,3.55,1,NA,0,NA,0.375,124.12,1,60.41,0.875,NA,NA,0.375
2010,12,28,NA,0.375,NA,0,2.54,1,203,1,85.99,1,0.82,309.59,1
2010,12,29,3.83,0.875,NA,0,NA,0.625,63.12,1,74.76,1,NA,NA,0.625
2010,12,30,2.95,0.75,NA,0,4.98,1,166.12,1,81.78,1,3.84,348.91,1
2010,12,31,NA,0,NA,0,0.97,0.875,179.29,0.875,94.47,0.875,0.3,64.1,0.875
2011,1,1,NA,0.25,NA,0,1.54,1,218.12,1,92.75,1,0.35,292.57,1
2011,1,2,NA,0.5,NA,0,3,1,253.88,1,91.31,1,1.8,309.52,1
2011,1,3,2.55,0.75,NA,0,3.16,0.875,167.43,0.875,82.34,0.875,1.31,75.73,0.875
2011,1,4,NA,0.5,NA,0,NA,0.5,166.86,0.875,88.4,0.875,NA,NA,0.5
2011,1,5,NA,0.25,NA,0,1.6,0.875,191.14,0.875,95.17,0.875,0.27,9.72,0.875
2011,1,6,NA,0.25,NA,0,1.51,0.875,182,0.875,88.19,0.875,0.2,111.66,0.875
2011,1,7,0.4,0.75,NA,0,3.94,0.875,270.29,0.875,90.24,0.875,3.55,256.19,0.875
2011,1,8,0.26,0.875,NA,0,4,0.875,293.14,0.875,89.03,0.875,3.66,286.11,0.875
2011,1,9,0.53,1,NA,0,4.97,1,231.12,1,86.77,0.875,4.78,231.37,1
2011,1,10,NA,0.5,NA,0,2.46,1,135.12,1,70.84,0.875,1.29,165.29,1
2011,1,11,NA,0.125,NA,0,1.8,1,178.75,1,59.05,1,0.57,25.04,1
2011,1,12,NA,0.375,NA,0,1.36,1,185.88,1,67.24,0.875,0.94,7.03,1
2011,1,13,1.69,0.875,NA,0,3.04,1,253.5,1,83.64,1,1.97,276.74,1
2011,1,14,1.75,0.75,NA,0,2.49,0.875,216.5,1,83.88,1,1.19,211.83,0.875
2011,1,15,2.07,0.75,NA,0,2.89,0.875,142.14,0.875,63.01,0.875,0.98,68.49,0.875
2011,1,16,NA,0.25,NA,0,1.75,0.75,133,0.75,58.33,0.75,0.12,262.48,0.75
2011,1,17,NA,0,NA,0,NA,0.625,NA,0.625,NA,0.5,NA,NA,0.625
2011,1,18,NA,0.625,NA,0,2.53,0.875,251.71,0.875,81.38,0.75,1.38,273.84,0.875
2011,1,19,NA,0.125,NA,0,NA,0.625,NA,0.625,NA,0.5,NA,NA,0.625
2011,1,20,NA,0.125,NA,0,1.43,0.875,96.71,0.875,NA,0.5,0.4,67.37,0.875
2011,1,21,0.5,0.75,NA,0,3.2,1,50.5,1,63.54,0.875,2.9,40.14,1
2011,1,22,1.27,0.75,NA,0,5.13,0.75,79.75,1,65.32,0.75,5.1,78.54,0.75
2011,1,23,1.18,1,NA,0,NA,0.625,97.5,1,75.65,1,NA,NA,0.625
2011,1,24,NA,0.625,NA,0,2.83,0.875,238.57,0.875,79.67,0.875,0.5,100.78,0.875
2011,1,25,2.37,0.75,NA,0,2.71,1,187.75,1,69.9,1,0.98,144.86,1
2011,1,26,1,0.875,NA,0,NA,0.625,228.57,0.875,77.99,0.875,NA,NA,0.625
2011,1,27,0.41,1,NA,0,5.32,1,252.12,1,65.58,1,4.9,241.9,1
2011,1,28,NA,0.625,NA,0,2.88,0.75,83.57,0.875,80.1,0.75,2.39,103.14,0.75
2011,1,29,4.16,1,NA,0,NA,0.5,55.75,1,72.98,1,NA,NA,0.5
2011,1,30,4.79,0.875,NA,0,NA,0.375,66.5,1,73.29,1,NA,NA,0.375
2011,1,31,NA,0.375,NA,0,1.44,0.875,201.5,1,91.33,1,0.37,250.4,0.875
2011,2,1,NA,0.625,NA,0,2.91,0.875,235.75,1,80.04,1,0.86,284.7,0.875
2011,2,2,1.87,0.75,NA,0,NA,0.625,144.25,1,77.36,1,NA,NA,0.625
2011,2,3,2.16,0.875,NA,0,4.07,0.75,141.5,1,71.71,1,2.93,120.71,0.75
2011,2,4,1.11,0.875,NA,0,4.84,0.875,284.14,0.875,82.53,0.875,4.36,276.35,0.875
2011,2,5,0.4,0.875,NA,0,4.84,0.875,152,0.875,69.61,0.875,1.64,242.9,0.875
2011,2,6,NA,0.625,NA,0,2.5,0.875,210.29,0.875,79.31,0.875,1.22,10.87,0.875
2011,2,7,NA,0.5,NA,0,2.67,0.875,194.86,0.875,87.26,0.875,1.65,3.55,0.875
2011,2,8,NA,0.625,NA,0,NA,0.625,178.33,0.75,92.22,0.75,NA,NA,0.625
2011,2,9,2.54,0.875,NA,0,NA,0.625,162.25,1,82.66,0.875,NA,NA,0.625
2011,2,10,3.23,1,NA,0,NA,0.375,228.38,1,84.73,0.875,NA,NA,0.375
2011,2,11,2.4,0.875,NA,0,6.99,0.875,332.86,0.875,90.26,0.875,6.95,334.19,0.875
2011,2,12,NA,0.625,NA,0,2.51,0.875,265,0.875,95.63,0.875,1.55,314.98,0.875
2011,2,13,NA,0.625,NA,0,NA,0.625,141.86,0.875,83.27,0.75,NA,NA,0.625
2011,2,14,NA,0.5,NA,0,NA,0.625,161.33,0.75,87.63,0.75,NA,NA,0.625
2011,2,15,2.2,0.875,NA,0,3.59,1,252.62,1,85.19,0.875,1.56,336.64,1
2011,2,16,2.29,0.875,NA,0,6.67,0.75,150.57,0.875,84.74,0.875,5.87,348.38,0.75
2011,2,17,3.01,1,NA,0,8.35,0.75,126.12,1,77.43,0.875,6.57,4.92,0.75
2011,2,18,3.61,1,NA,0,NA,0.625,142.62,1,79.43,1,NA,NA,0.625
2011,2,19,1.84,1,NA,0,5.97,1,268.62,1,88.63,1,5.04,304.77,1
2011,2,20,NA,0.625,NA,0,2.96,1,172.5,1,90.74,0.875,2.05,340.16,1
2011,2,21,NA,0.625,NA,0,2.2,1,249.88,1,84.94,0.875,1.49,308,1
2011,2,22,NA,0.625,NA,0,NA,0.625,250.5,0.75,NA,0.625,NA,NA,0.625
2011,2,23,NA,0.625,NA,0,NA,0.5,72.67,0.75,81.98,0.75,NA,NA,0.5
2011,2,24,2.63,0.75,NA,0,NA,0.5,NA,0.625,NA,0.625,NA,NA,0.5
2011,2,25,1.51,0.875,NA,0,NA,0.625,145.29,0.875,81.97,0.875,NA,NA,0.625
2011,2,26,1.7,0.875,NA,0,5.2,0.875,291.57,0.875,NA,0.625,4.72,347.53,0.875
2011,2,27,3.89,0.875,NA,0,NA,0.5,94,0.875,77.68,0.75,NA,NA,0.5
2011,2,28,4.43,0.875,NA,0,NA,0.5,112.86,0.875,78.62,0.75,NA,NA,0.5
2011,3,1,3.18,1,NA,0,NA,0.625,172.25,1,84.47,0.75,NA,NA,0.625
2011,3,2,2.55,0.75,NA,0,12.17,0.75,229,0.75,NA,0.5,10.77,353.96,0.75
2011,3,3,3.06,0.875,NA,0,8.88,0.75,188.14,0.875,77.94,0.875,7.07,18.66,0.75
2011,3,4,2.73,0.75,NA,0,5.6,0.75,332.17,0.75,NA,0.5,5.55,339.06,0.75
2011,3,5,1.15,0.75,NA,0,NA,0.625,286.83,0.75,NA,0.625,NA,NA,0.625
2011,3,6,0.16,0.875,NA,0,NA,0.5,265.14,0.875,91.23,0.75,NA,NA,0.5
2011,3,7,NA,0.625,NA,0,NA,0.625,NA,0.625,NA,0.625,NA,NA,0.625
2011,3,8,0.77,0.875,NA,0,2.2,0.875,163.29,0.875,78.44,0.875,0.88,122.83,0.875
2011,3,9,3.41,1,NA,0,3.87,0.875,124.38,1,78.86,0.875,1.84,94.75,0.875
2011,3,10,0.71,0.875,NA,0,NA,0.625,NA,0.625,95.24,0.875,NA,NA,0.625
2011,3,11,0.19,1,NA,0,2.67,1,311.25,1,96.66,0.875,2.37,312.64,1
2011,3,12,0.69,0.875,NA,0,2.7,0.875,246.57,0.875,85.83,0.875,0.78,322.88,0.875
2011,3,13,-0.18,0.75,NA,0,2.98,0.75,254.5,0.75,79.2,0.75,2.61,231.91,0.75
2011,3,14,-0.17,0.875,NA,0,1.41,0.875,103.57,0.875,80.4,0.75,0.5,82.89,0.875
2011,3,15,1.7,0.875,NA,0,1.54,0.875,162,0.875,88.05,0.75,0.85,99.3,0.875
2011,3,16,0.62,0.75,NA,0,0.85,0.75,116.5,0.75,NA,0.625,0.65,99.02,0.75
2011,3,17,0.08,0.75,NA,0,0.8,0.75,196.83,0.75,89.97,0.75,0.48,90.81,0.75
2011,3,18,0.67,1,NA,0,1.89,1,199.88,1,85.8,0.875,0.79,134.26,1
2011,3,19,1.91,0.875,NA,0,NA,0.5,203.29,0.875,82.32,0.75,NA,NA,0.5
2011,3,20,1.07,0.875,NA,0,0.77,0.875,141.57,0.875,NA,0.625,0.61,116.66,0.875
2011,3,21,1.37,0.875,NA,0,2.1,0.875,200.86,0.875,84.08,0.75,0.03,25.94,0.875
2011,3,22,0.19,0.875,NA,0,2,0.875,78.14,0.875,78.16,0.875,1.86,14.73,0.875
2011,3,23,0.04,0.875,NA,0,1.45,0.75,138.67,0.75,73.48,0.75,0.63,80.28,0.75
2011,3,24,0.11,0.875,NA,0,2.07,0.875,181,0.875,72.74,0.875,0.43,177.29,0.875
2011,3,25,1.46,1,NA,0,NA,0.625,89.12,1,70.87,0.75,NA,NA,0.625
2011,3,26,2.98,1,NA,0,6.78,0.75,95.25,1,72.75,0.75,6.27,98.62,0.75
2011,3,27,2.65,1,NA,0,5.24,1,106.62,1,68.17,0.875,4.99,102.62,1
2011,3,28,2.13,0.875,NA,0,NA,0.25,106.33,0.75,71.94,0.875,NA,NA,0.25
2011,3,29,1.17,0.875,NA,0,6.73,0.75,99.43,0.875,78.17,0.875,4.4,71.22,0.75
2011,3,30,-0.11,0.875,NA,0,2.76,0.875,213.57,0.875,82.16,0.875,1.12,304.92,0.875
2011,3,31,0.51,1,NA,0,3.53,0.75,100.88,1,59.9,1,2.76,45.92,0.75
2011,4,1,-0.73,0.875,NA,0,1.8,0.75,72,0.875,72.94,0.875,1.46,62.57,0.75
2011,4,2,-1.13,0.75,NA,0,1.82,0.75,65,0.75,NA,0.625,1.68,52.65,0.75
2011,4,3,-2.09,1,NA,0,2.06,1,41.88,1,65.74,1,2,32.85,1
2011,4,4,NA,0.5,NA,0,NA,0.5,NA,0.5,NA,0.5,NA,NA,0.5
2011,4,5,NA,0.25,NA,0,NA,0.25,NA,0.25,NA,0.25,NA,NA,0.25
2011,4,6,NA,0.25,NA,0,NA,0.25,NA,0.25,NA,0.125,NA,NA,0.25
2011,4,7,NA,0.375,NA,0,NA,0.375,NA,0.375,NA,0.125,NA,NA,0.375
2011,4,8,NA,0.125,NA,0,NA,0.125,NA,0.125,NA,0.125,NA,NA,0.125
2011,4,9,NA,0.125,NA,0,NA,0.125,NA,0.125,NA,0.125,NA,NA,0.125
2011,4,10,NA,0.375,NA,0,NA,0.375,NA,0.375,NA,0.375,NA,NA,0.375
2011,4,11,NA,0,NA,0,NA,0,NA,0,NA,0,NA,NA,0
2011,4,12,NA,0,NA,0,NA,0,NA,0,NA,0,NA,NA,0
2011,4,13,NA,0,NA,0,NA,0,NA,0,NA,0,NA,NA,0
2011,4,14,NA,0,NA,0,NA,0,NA,0,NA,0,NA,NA,0
2011,4,15,NA,0,NA,0,NA,0,NA,0,NA,0,NA,NA,0
2011,4,16,NA,0,NA,0,NA,0,NA,0,NA,0,NA,NA,0
2011,4,17,NA,0,NA,0,NA,0,NA,0,NA,0,NA,NA,0
2011,4,18,NA,0,NA,0,NA,0,NA,0,NA,0,NA,NA,0
2011,4,19,NA,0,NA,0,NA,0,NA,0,NA,0,NA,NA,0
2011,4,20,NA,0,NA,0,NA,0,NA,0,NA,0,NA,NA,0
2011,4,21,NA,0,NA,0,NA,0,NA,0,NA,0,NA,NA,0
2011,4,22,NA,0,NA,0,NA,0,NA,0,NA,0,NA,NA,0
2011,4,23,NA,0,NA,0,NA,0,NA,0,NA,0,NA,NA,0
2011,4,24,NA,0,NA,0,NA,0,NA,0,NA,0,NA,NA,0
2011,4,25,NA,0,NA,0,NA,0,NA,0,NA,0,NA,NA,0
2011,4,26,NA,0,NA,0,NA,0,NA,0,NA,0,NA,NA,0
2011,4,27,NA,0,NA,0,NA,0,NA,0,NA,0,NA,NA,0
2011,4,28,NA,0,NA,0,NA,0,NA,0,NA,0,NA,NA,0
2011,4,29,NA,0,NA,0,NA,0,NA,0,NA,0,NA,NA,0
2011,4,30,NA,0,NA,0,NA,0,NA,0,NA,0,NA,NA,0
2011,5,1,NA,0,NA,0,NA,0,NA,0,NA,0,NA,NA,0
2011,5,2,NA,0,NA,0,NA,0,NA,0,NA,0,NA,NA,0
2011,5,3,NA,0,NA,0,NA,0,NA,0,NA,0,NA,NA,0
2011,5,4,NA,0,NA,0,NA,0,NA,0,NA,0,NA,NA,0
2011,5,5,NA,0,NA,0,NA,0,NA,0,NA,0,NA,NA,0
2011,5,6,NA,0,NA,0,NA,0,NA,0,NA,0,NA,NA,0
2011,5,7,NA,0,NA,0,NA,0,NA,0,NA,0,NA,NA,0
2011,5,8,NA,0,NA,0,NA,0,NA,0,NA,0,NA,NA,0
2011,5,9,NA,0,NA,0,NA,0,NA,0,NA,0,NA,NA,0
2011,5,10,NA,0,NA,0,NA,0,NA,0,NA,0,NA,NA,0
2011,5,11,NA,0,NA,0,NA,0,NA,0,NA,0,NA,NA,0
2011,5,12,NA,0,NA,0,NA,0,NA,0,NA,0,NA,NA,0
2011,5,13,NA,0,NA,0,NA,0,NA,0,NA,0,NA,NA,0
2011,5,14,NA,0,NA,0,NA,0,NA,0,NA,0,NA,NA,0
2011,5,15,NA,0,NA,0,NA,0,NA,0,NA,0,NA,NA,0
2011,5,16,NA,0,NA,0,NA,0,NA,0,NA,0,NA,NA,0
2011,5,17,NA,0,NA,0,NA,0,NA,0,NA,0,NA,NA,0
2011,5,18,NA,0,NA,0,NA,0,NA,0,NA,0,NA,NA,0
2011,5,19,NA,0,NA,0,NA,0,NA,0,NA,0,NA,NA,0
2011,5,20,NA,0,NA,0,NA,0,NA,0,NA,0,NA,NA,0
2011,5,21,NA,0,NA,0,NA,0,NA,0,NA,0,NA,NA,0
2011,5,22,NA,0,NA,0,NA,0,NA,0,NA,0,NA,NA,0
2011,5,23,NA,0,NA,0,NA,0,NA,0,NA,0,NA,NA,0
2011,5,24,NA,0,NA,0,NA,0,NA,0,NA,0,NA,NA,0
2011,5,25,NA,0,NA,0,NA,0,NA,0,NA,0,NA,NA,0
2011,5,26,NA,0,NA,0,NA,0,NA,0,NA,0,NA,NA,0
2011,5,27,NA,0,NA,0,NA,0,NA,0,NA,0,NA,NA,0
2011,5,28,NA,0,NA,0,NA,0,NA,0,NA,0,NA,NA,0
2011,5,29,NA,0,NA,0,NA,0,NA,0,NA,0,NA,NA,0
2011,5,30,NA,0,NA,0,NA,0,NA,0,NA,0,NA,NA,0
2011,5,31,NA,0,NA,0,NA,0,NA,0,NA,0,NA,NA,0
2011,6,1,NA,0,NA,0,NA,0,NA,0,NA,0,NA,NA,0
2011,6,2,NA,0,NA,0,NA,0,NA,0,NA,0,NA,NA,0
2011,6,3,NA,0,NA,0,NA,0,NA,0,NA,0,NA,NA,0
2011,6,4,NA,0,NA,0,NA,0,NA,0,NA,0,NA,NA,0
2011,6,5,NA,0,NA,0,NA,0,NA,0,NA,0,NA,NA,0
2011,6,6,NA,0,NA,0,NA,0,NA,0,NA,0,NA,NA,0
2011,6,7,NA,0,NA,0,NA,0,NA,0,NA,0,NA,NA,0
2011,6,8,NA,0,NA,0,NA,0,NA,0,NA,0,NA,NA,0
2011,6,9,NA,0,NA,0,NA,0,NA,0,NA,0,NA,NA,0
2011,6,10,NA,0,NA,0,NA,0,NA,0,NA,0,NA,NA,0
2011,6,11,NA,0,NA,0,NA,0,NA,0,NA,0,NA,NA,0
2011,6,12,NA,0,NA,0,NA,0,NA,0,NA,0,NA,NA,0
2011,6,13,NA,0,NA,0,NA,0,NA,0,NA,0,NA,NA,0
2011,6,14,NA,0,NA,0,NA,0,NA,0,NA,0,NA,NA,0
2011,6,15,NA,0,NA,0,NA,0,NA,0,NA,0,NA,NA,0
2011,6,16,NA,0,NA,0,NA,0,NA,0,NA,0,NA,NA,0
2011,6,17,NA,0,NA,0,NA,0,NA,0,NA,0,NA,NA,0
2011,6,18,NA,0,NA,0,NA,0,NA,0,NA,0,NA,NA,0
2011,6,19,NA,0,NA,0,NA,0,NA,0,NA,0,NA,NA,0
2011,6,20,NA,0,NA,0,NA,0,NA,0,NA,0,NA,NA,0
2011,6,21,NA,0,NA,0,NA,0,NA,0,NA,0,NA,NA,0
2011,6,22,NA,0,NA,0,NA,0,NA,0,NA,0,NA,NA,0
2011,6,23,NA,0,NA,0,NA,0,NA,0,NA,0,NA,NA,0
2011,6,24,NA,0,NA,0,NA,0,NA,0,NA,0,NA,NA,0
2011,6,25,NA,0,NA,0,NA,0,NA,0,NA,0,NA,NA,0
2011,6,26,NA,0,NA,0,NA,0,NA,0,NA,0,NA,NA,0
2011,6,27,NA,0,NA,0,NA,0,NA,0,NA,0,NA,NA,0
2011,6,28,NA,0,NA,0,NA,0,NA,0,NA,0,NA,NA,0
2011,6,29,NA,0,NA,0,NA,0,NA,0,NA,0,NA,NA,0
2011,6,30,NA,0,NA,0,NA,0,NA,0,NA,0,NA,NA,0
2011,7,1,NA,0,NA,0,NA,0,NA,0,NA,0,NA,NA,0
2011,7,2,NA,0,NA,0,NA,0,NA,0,NA,0,NA,NA,0
2011,7,3,NA,0,NA,0,NA,0,NA,0,NA,0,NA,NA,0
2011,7,4,NA,0,NA,0,NA,0,NA,0,NA,0,NA,NA,0
2011,7,5,NA,0,NA,0,NA,0,NA,0,NA,0,NA,NA,0
2011,7,6,NA,0,NA,0,NA,0,NA,0,NA,0,NA,NA,0
2011,7,7,NA,0.375,NA,0,NA,0.375,NA,0.375,NA,0.375,NA,NA,0.375
2011,7,8,-3,1,NA,0,3.21,0.875,97.75,1,67.64,1,1.59,53.46,0.875
2011,7,9,-4.82,1,NA,0,1.79,1,82.88,1,74.79,1,1.57,42.35,1
2011,7,10,-5.29,1,NA,0,1.84,1,143.25,1,83.04,1,0.84,66.18,1
2011,7,11,-7.13,1,NA,0,1.77,1,83.12,1,84.23,1,1.71,38.45,1
2011,7,12,-6.34,1,NA,0,2.34,1,168.88,1,90.4,1,1.46,214.78,1
2011,7,13,-5.59,1,NA,0,3.56,1,209.75,1,85.7,1,3.49,211.78,1
2011,7,14,-6.06,1,NA,0,2.79,1,124.75,1,87.06,1,2.07,121.28,1
2011,7,15,-5.75,1,NA,0,3.01,1,158.38,1,90.73,1,1.14,338.03,1
2011,7,16,-6,1,NA,0,3.8,1,200.5,1,83.93,1,1.36,218.08,1
2011,7,17,-6.19,0.875,NA,0,NA,0.625,180.5,1,83.06,1,NA,NA,0.625
2011,7,18,-6.79,1,NA,0,NA,0.5,54,1,64.69,1,NA,NA,0.5
2011,7,19,-6.53,1,NA,0,4.77,0.75,186.38,1,70.45,1,3.59,200.94,0.75
2011,7,20,-7.24,1,NA,0,3.6,1,89.5,1,69.68,1,3.27,47.65,1
2011,7,21,-7.46,1,NA,0,NA,0.5,168.38,1,83.61,1,NA,NA,0.5
2011,7,22,-8.16,1,NA,0,NA,0.375,85.12,1,68.6,1,NA,NA,0.375
2011,7,23,-7.56,1,NA,0,2.72,1,223.62,1,80.74,1,0.45,270.56,1
2011,7,24,-6.96,1,NA,0,3.66,1,148.75,1,78.19,1,3,10.18,1
2011,7,25,-7.7,1,NA,0,5.57,0.875,219.88,1,75.99,1,2.11,332.33,0.875
2011,7,26,-10.3,1,NA,0,4.21,1,219.5,1,83.61,1,3.96,216.95,1
2011,7,27,-10.34,1,NA,0,2.12,1,87.62,1,84.49,1,0.32,118.95,1
2011,7,28,-6.66,1,NA,0,4.23,0.75,140.38,1,80.98,1,3.43,24.51,0.75
2011,7,29,-7.93,1,NA,0,3.6,0.875,137.75,1,75.01,1,0.95,103.84,0.875
2011,7,30,-9.93,1,NA,0,1.68,1,142.12,1,80.8,1,1.53,9.73,1
2011,7,31,-10.88,1,NA,0,1.98,1,213.5,1,85.1,1,1.43,240.84,1
2011,8,1,-12.8,1,NA,0,3.3,1,96.12,1,80.91,1,2.6,29.63,1
2011,8,2,-12.86,1,NA,0,4.8,1,194.5,1,77.26,1,3.69,350.32,1
2011,8,3,-16.48,1,NA,0,2.35,1,251.5,1,80.4,1,2.22,345.13,1
2011,8,4,-16,1,NA,0,1.62,1,231.75,1,82.64,1,1.08,238.62,1
2011,8,5,-16.03,1,NA,0,1.94,1,233.12,1,86.04,1,1.59,278.42,1
2011,8,6,-7.24,1,NA,0,2.24,1,271.12,1,92.54,1,1.91,309.21,1
2011,8,7,-4.81,1,NA,0,0.7,1,260,1,96.68,1,0.54,281.59,1
2011,8,8,-1.99,1,NA,0,1.77,0.875,321.71,0.875,98.09,1,1.71,322.62,0.875
2011,8,9,-4.69,1,NA,0,1.6,0.875,254.71,0.875,97.02,1,0.85,319.16,0.875
2011,8,10,-8.28,1,NA,0,0.48,0.75,159.17,0.75,94.75,1,0.4,30.22,0.75
2011,8,11,-9.3,1,NA,0,1.66,1,216.62,1,93.38,1,0.92,320.34,1
2011,8,12,-10.73,1,NA,0,1.41,1,231.12,1,92.96,1,1.09,315.27,1
2011,8,13,-12.13,1,NA,0,1.14,1,152.62,1,91.75,1,0.31,354.2,1
2011,8,14,-11.41,1,NA,0,1.11,1,103.5,1,85.4,1,1.01,112.76,1
2011,8,15,-9.71,1,NA,0,0.91,1,145.5,1,74.02,1,0.55,30.73,1
2011,8,16,-8.19,1,NA,0,2.11,1,120.5,1,78.81,1,1.39,105,1
2011,8,17,-2.79,0.875,NA,0,NA,0.5,110.12,1,89.56,1,NA,NA,0.5
2011,8,18,-7.52,1,NA,0,4.41,1,269,1,92.84,1,3.33,266.6,1
2011,8,19,-10.73,1,NA,0,2.29,0.875,185.88,1,83.58,1,1.68,0.87,0.875
2011,8,20,-8.92,0.75,NA,0,1.71,1,116.62,1,88.75,1,0.7,82.82,1
2011,8,21,-2.3,1,NA,0,1.23,1,181.25,1,95.61,1,0.6,96.72,1
2011,8,22,NA,0.625,NA,0,NA,0.625,NA,0.625,NA,0.625,NA,NA,0.625
2011,8,23,0.49,0.875,NA,0,NA,0.375,140.86,0.875,NA,0.625,NA,NA,0.375
2011,8,24,-4.95,1,NA,0,5.91,1,246.25,1,90.71,1,5.36,241.93,1
2011,8,25,-4.9,1,NA,0,5.3,0.875,226.25,1,91.13,1,5.14,223.53,0.875
2011,8,26,-7.88,1,NA,0,1.29,1,136.25,1,94.11,1,0.83,330.79,1
2011,8,27,-4.91,1,NA,0,1.19,1,187.75,1,93.58,1,0.5,95.94,1
2011,8,28,-4.75,1,NA,0,NA,0.625,NA,0.625,93.95,1,NA,NA,0.625
2011,8,29,-5.98,1,NA,0,0.96,1,153.5,1,89.98,1,0.56,68.65,1
2011,8,30,-5.65,1,NA,0,1.3,1,138.75,1,93,1,0.86,80.65,1
2011,8,31,-0.99,1,NA,0,NA,0.625,86,1,81.79,1,NA,NA,0.625
2011,9,1,NA,0.5,NA,0,NA,0.625,NA,0.625,NA,0.625,NA,NA,0.625
2011,9,2,NA,0.625,NA,0,NA,0.375,NA,0.625,NA,0.625,NA,NA,0.375
2011,9,3,-0.46,0.875,NA,0,1.21,0.875,188.86,0.875,92.2,0.875,0.62,274.33,0.875
2011,9,4,NA,0.625,NA,0,NA,0.625,NA,0.625,NA,0.625,NA,NA,0.625
2011,9,5,-2.89,1,NA,0,1.43,1,150.75,1,86.16,1,0.76,3.82,1
2011,9,6,-5.5,1,NA,0,1.46,1,187.5,1,96.26,1,1.04,322.75,1
2011,9,7,-8.89,1,NA,0,5.01,0.875,227.62,1,86.05,1,4.91,224.41,0.875
2011,9,8,-9.81,1,NA,0,2.83,1,228.12,1,83.76,1,2.37,222.91,1
2011,9,9,-11.14,1,NA,0,1.88,1,240.62,1,84.65,1,1.25,261.32,1
2011,9,10,-12.68,0.75,NA,0,2.58,1,162.62,1,85.41,1,0.95,75.41,1
2011,9,11,-1.84,0.875,NA,0,1.55,0.75,140.43,0.875,80.97,0.875,0.48,85.65,0.75
2011,9,12,NA,0.25,NA,0,NA,0.375,NA,0.375,NA,0.375,NA,NA,0.375
2011,9,13,-4.75,1,NA,0,3.58,1,194.12,1,95.56,1,2.17,285.66,1
2011,9,14,-4.06,1,NA,0,3.22,0.75,102.25,1,74.6,1,2.01,56.76,0.75
2011,9,15,NA,0.25,NA,0,NA,0.25,NA,0.25,NA,0.25,NA,NA,0.25
2011,9,16,NA,0.625,NA,0,NA,0.375,NA,0.5,NA,0.625,NA,NA,0.375
2011,9,17,-7.25,1,NA,0,NA,0.5,88,1,78.36,1,NA,NA,0.5
2011,9,18,-5.69,1,NA,0,2.31,1,87.62,1,74.9,1,1.08,71.98,1
2011,9,19,-11.91,0.875,NA,0,5.24,1,238.62,1,89.73,1,5.11,238.9,1
2011,9,20,-11.34,1,NA,0,2.12,1,249.25,1,83.23,1,1.51,229.77,1
2011,9,21,-12.21,1,NA,0,2.91,1,278.75,1,85.85,1,2.16,300.54,1
2011,9,22,-10.65,0.75,NA,0,3.5,0.75,249.12,1,82.18,1,2.8,258.81,0.75
2011,9,23,-1.36,0.875,NA,0,8.3,1,294.75,1,88.51,1,7.97,340.08,1
2011,9,24,-0.26,0.875,NA,0,NA,0.375,61,1,89.24,0.875,NA,NA,0.375
2011,9,25,NA,0.625,NA,0,NA,0.25,142,1,74.06,1,NA,NA,0.25
2011,9,26,NA,0.375,NA,0,NA,0.25,232.5,1,81.24,1,NA,NA,0.25
2011,9,27,-16.39,0.875,NA,0,9.63,0.875,235.75,1,78.09,1,9.53,234.42,0.875
2011,9,28,-10.88,0.75,NA,0,2.78,1,231.25,1,90.9,1,1.57,300.64,1
2011,9,29,-8.13,0.75,NA,0,NA,0.625,264,1,89.56,1,NA,NA,0.625
2011,9,30,-10.86,1,NA,0,3.84,0.875,240,1,78.16,1,1.28,211.06,0.875
2011,10,1,-10.19,1,NA,0,2.42,1,184.12,1,81.06,1,1.43,242.55,1
2011,10,2,-9.41,1,NA,0,1.74,1,161.75,1,83.02,1,0.36,144.82,1
2011,10,3,-8.88,1,NA,0,0.98,1,241.25,1,79.03,1,0.52,301.85,1
2011,10,4,-8.23,0.875,NA,0,1.06,1,189.62,1,71.06,1,0.49,316.07,1
2011,10,5,-5.99,1,NA,0,1.59,1,145.12,1,78.29,1,1.16,351.67,1
2011,10,6,-7.02,1,NA,0,2.85,1,315.12,1,89.91,1,2.76,315.3,1
2011,10,7,-1.23,0.875,NA,0,7.51,1,163,1,85.93,1,5.83,11.93,1
2011,10,8,1.75,1,NA,0,NA,0.625,182.88,1,88.23,1,NA,NA,0.625
2011,10,9,1.86,1,NA,0,10.72,0.75,170.25,1,86.28,1,10.47,1.65,0.75
2011,10,10,-0.94,0.875,NA,0,3.51,0.875,229.29,0.875,98.14,0.875,1.77,270.89,0.875
2011,10,11,-3.25,1,NA,0,2.79,0.875,207.5,1,82.32,1,0.8,279.24,0.875
2011,10,12,-2.48,1,NA,0,5.34,0.875,124.38,1,85.81,1,2.3,11.86,0.875
2011,10,13,-1.83,0.75,NA,0,NA,0.25,199.83,0.75,92.55,0.75,NA,NA,0.25
2011,10,14,NA,0,NA,0,NA,0,NA,0,NA,0,NA,NA,0
2011,10,15,-6.5,0.75,NA,0,3.62,0.75,100.86,0.875,74.86,0.875,1.76,96.67,0.75
2011,10,16,NA,0.625,NA,0,NA,0.5,NA,0.625,NA,0.625,NA,NA,0.5
2011,10,17,NA,0.375,NA,0,NA,0.25,NA,0.375,NA,0.25,NA,NA,0.25
2011,10,18,NA,0.375,NA,0,NA,0.25,NA,0.375,NA,0.375,NA,NA,0.25
2011,10,19,1.46,1,NA,0,NA,0.625,16.88,1,83.61,1,NA,NA,0.625
2011,10,20,NA,0.625,NA,0,NA,0.5,NA,0.625,NA,0.5,NA,NA,0.5
2011,10,21,NA,0.5,NA,0,NA,0.5,NA,0.5,NA,0.5,NA,NA,0.5
2011,10,22,NA,0.375,NA,0,NA,0.375,NA,0.375,NA,0.375,NA,NA,0.375
2011,10,23,-1.48,1,NA,0,5.63,0.75,227.12,1,89.36,1,4.54,330.7,0.75
2011,10,24,-3.76,0.875,NA,0,NA,0.625,219.86,0.875,85.19,0.875,NA,NA,0.625
2011,10,25,NA,0.25,NA,0,NA,0.25,NA,0.25,NA,0.125,NA,NA,0.25
2011,10,26,-0.76,1,NA,0,10.25,1,321.88,1,92.34,1,9.88,323.11,1
2011,10,27,0.38,1,NA,0,NA,0.5,178.75,1,89.94,1,NA,NA,0.5
2011,10,28,-0.41,0.875,NA,0,NA,0.25,191,0.875,88.19,0.875,NA,NA,0.25
2011,10,29,0.33,0.875,NA,0,NA,0.625,173.29,0.875,74.63,0.75,NA,NA,0.625
2011,10,30,-1.14,0.875,NA,0,3.19,0.875,202,0.875,82.52,0.75,1.12,345.26,0.875
2011,10,31,-2.31,1,NA,0,3.05,0.75,157.25,1,75.39,1,0.99,59.97,0.75
2011,11,1,-2.45,1,NA,0,4.01,1,267.5,1,77.11,1,2.4,344.69,1
2011,11,2,-1.69,1,NA,0,3.95,0.75,128,1,71.66,1,2.75,1.47,0.75
2011,11,3,-1.31,1,NA,0,NA,0.5,228.12,1,81.73,1,NA,NA,0.5
2011,11,4,-0.2,0.75,NA,0,NA,0.5,165.5,0.75,NA,0.625,NA,NA,0.5
2011,11,5,1.14,1,NA,0,NA,0.5,145.17,0.75,NA,0.625,NA,NA,0.5
2011,11,6,NA,0.5,NA,0,NA,0.5,NA,0.5,NA,0.5,NA,NA,0.5
2011,11,7,NA,0.5,NA,0,NA,0.375,NA,0.5,NA,0.375,NA,NA,0.375
2011,11,8,0.97,0.875,NA,0,NA,0.625,143.43,0.875,92.33,0.75,NA,NA,0.625
2011,11,9,0.32,1,NA,0,10.79,0.875,179,1,85.4,1,10.08,359.7,0.875
2011,11,10,NA,0.25,NA,0,NA,0.25,NA,0.25,NA,0.25,NA,NA,0.25
2011,11,11,-1.2,0.75,NA,0,7,0.75,217.5,0.75,NA,0.625,6.13,335.8,0.75
2011,11,12,NA,0.125,NA,0,NA,0,NA,0,NA,0,NA,NA,0
2011,11,13,NA,0.125,NA,0,NA,0.125,NA,0.125,NA,0.125,NA,NA,0.125
2011,11,14,NA,0.5,NA,0,NA,0.5,NA,0.5,NA,0.5,NA,NA,0.5
2011,11,15,NA,0.5,NA,0,NA,0.5,NA,0.5,NA,0.375,NA,NA,0.5
2011,11,16,NA,0.625,NA,0,NA,0.5,NA,0.5,NA,0.25,NA,NA,0.5
2011,11,17,NA,0.625,NA,0,NA,0.625,NA,0.625,NA,0.5,NA,NA,0.625
2011,11,18,NA,0.375,NA,0,NA,0.25,NA,0.375,NA,0.375,NA,NA,0.25
2011,11,19,NA,0.625,NA,0,NA,0.625,NA,0.625,NA,0.5,NA,NA,0.625
2011,11,20,-3.63,0.75,NA,0,NA,0.625,92,0.75,50.45,0.75,NA,NA,0.625
2011,11,21,NA,0.125,NA,0,NA,0.125,NA,0.125,NA,0.125,NA,NA,0.125
2011,11,22,NA,0.25,NA,0,NA,0.25,NA,0.25,NA,0.25,NA,NA,0.25
2011,11,23,NA,0,NA,0,NA,0,NA,0,NA,0,NA,NA,0
2011,11,24,NA,0,NA,0,NA,0,NA,0,NA,0,NA,NA,0
2011,11,25,NA,0,NA,0,NA,0,NA,0,NA,0,NA,NA,0
2011,11,26,NA,0,NA,0,NA,0,NA,0,NA,0,NA,NA,0
2011,11,27,NA,0,NA,0,NA,0,NA,0,NA,0,NA,NA,0
2011,11,28,NA,0,NA,0,NA,0,NA,0,NA,0,NA,NA,0
2011,11,29,NA,0.125,NA,0,NA,0.125,NA,0.125,NA,0,NA,NA,0.125
2011,11,30,NA,0.25,NA,0,NA,0.25,NA,0.25,NA,0.25,NA,NA,0.25
2011,12,1,NA,0.125,NA,0,NA,0.375,NA,0.375,NA,0.25,NA,NA,0.375
2011,12,2,NA,0.625,NA,0,NA,0.625,NA,0.625,NA,0.5,NA,NA,0.625
2011,12,3,NA,0,NA,0,NA,0.25,NA,0.25,NA,0.25,NA,NA,0.25
2011,12,4,NA,0,NA,0,NA,0.125,NA,0.125,NA,0.125,NA,NA,0.125
2011,12,5,NA,0.125,NA,0,NA,0.125,NA,0.125,NA,0,NA,NA,0.125
2011,12,6,NA,0.125,NA,0,NA,0.125,NA,0.125,NA,0.125,NA,NA,0.125
2011,12,7,NA,0.125,NA,0,NA,0.125,NA,0.125,NA,0,NA,NA,0.125
2011,12,8,NA,0.125,NA,0,NA,0,NA,0,NA,0,NA,NA,0
2011,12,9,NA,0,NA,0,NA,0,NA,0,NA,0,NA,NA,0
2011,12,10,NA,0,NA,0,NA,0,NA,0,NA,0,NA,NA,0
2011,12,11,NA,0,NA,0,NA,0,NA,0,NA,0,NA,NA,0
2011,12,12,NA,0,NA,0,NA,0.125,NA,0.125,NA,0,NA,NA,0.125
2011,12,13,NA,0.125,NA,0,NA,0.125,NA,0.125,NA,0.125,NA,NA,0.125
2011,12,14,NA,0.25,NA,0,NA,0.25,NA,0.25,NA,0.125,NA,NA,0.25
2011,12,15,NA,0.25,NA,0,NA,0.25,NA,0.25,NA,0.125,NA,NA,0.25
2011,12,16,NA,0,NA,0,NA,0,NA,0,NA,0,NA,NA,0
2011,12,17,NA,0.25,NA,0,NA,0.25,NA,0.25,NA,0.125,NA,NA,0.25
2011,12,18,NA,0.125,NA,0,NA,0.125,NA,0.125,NA,0,NA,NA,0.125
2011,12,19,NA,0.125,NA,0,NA,0,NA,0,NA,0,NA,NA,0
2011,12,20,NA,0.125,NA,0,NA,0.125,NA,0.125,NA,0.125,NA,NA,0.125
2011,12,21,NA,0,NA,0,NA,0,NA,0,NA,0,NA,NA,0
2011,12,22,NA,0.125,NA,0,NA,0.125,NA,0.125,NA,0,NA,NA,0.125
2011,12,23,NA,0.25,NA,0,NA,0.5,NA,0.5,NA,0.375,NA,NA,0.5
2011,12,24,NA,0.375,NA,0,NA,0.5,NA,0.5,NA,0.5,NA,NA,0.5
2011,12,25,NA,0.625,NA,0,NA,0.625,NA,0.625,NA,0.625,NA,NA,0.625
2011,12,26,NA,0,NA,0,NA,0,NA,0,NA,0,NA,NA,0
2011,12,27,NA,0.125,NA,0,NA,0.25,NA,0.25,NA,0.25,NA,NA,0.25
2011,12,28,NA,0.375,NA,0,NA,0.625,NA,0.625,NA,0.25,NA,NA,0.625
2011,12,29,NA,0.125,NA,0,NA,0.25,NA,0.25,NA,0.375,NA,NA,0.25
2011,12,30,NA,0.125,NA,0,NA,0.375,NA,0.375,NA,0.5,NA,NA,0.375
2011,12,31,NA,0.25,NA,0,NA,0.375,NA,0.375,NA,0.25,NA,NA,0.375
2012,1,1,NA,0,NA,0,NA,0,NA,0,NA,0,NA,NA,0
2012,1,2,NA,0,NA,0,NA,0,NA,0,NA,0,NA,NA,0
2012,1,3,NA,0,NA,0,NA,0,NA,0,NA,0,NA,NA,0
2012,1,4,NA,0,NA,0,NA,0,NA,0,NA,0,NA,NA,0
2012,1,5,NA,0,NA,0,NA,0,NA,0,NA,0,NA,NA,0
2012,1,6,NA,0,NA,0,NA,0,NA,0,NA,0,NA,NA,0
2012,1,7,NA,0,NA,0,NA,0,NA,0,NA,0,NA,NA,0
2012,1,8,NA,0,NA,0,NA,0,NA,0,NA,0,NA,NA,0
2012,1,9,NA,0,NA,0,NA,0,NA,0,NA,0,NA,NA,0
2012,1,10,NA,0,NA,0,NA,0,NA,0,NA,0,NA,NA,0
2012,1,11,NA,0,NA,0,NA,0,NA,0,NA,0,NA,NA,0
2012,1,12,NA,0,NA,0,NA,0,NA,0,NA,0,NA,NA,0
2012,1,13,NA,0,NA,0,NA,0,NA,0,NA,0,NA,NA,0
2012,1,14,NA,0,NA,0,NA,0,NA,0,NA,0,NA,NA,0
2012,1,15,NA,0,NA,0,NA,0,NA,0,NA,0,NA,NA,0
2012,1,16,NA,0,NA,0,NA,0,NA,0,NA,0,NA,NA,0
2012,1,17,NA,0,NA,0,NA,0,NA,0,NA,0,NA,NA,0
2012,1,18,NA,0,NA,0,NA,0,NA,0,NA,0,NA,NA,0
2012,1,19,NA,0,NA,0,NA,0,NA,0,NA,0,NA,NA,0
2012,1,20,NA,0,NA,0,NA,0,NA,0,NA,0,NA,NA,0
2012,1,21,NA,0,NA,0,NA,0,NA,0,NA,0,NA,NA,0
2012,1,22,NA,0,NA,0,NA,0,NA,0,NA,0,NA,NA,0
2012,1,23,NA,0,NA,0,NA,0,NA,0,NA,0,NA,NA,0
2012,1,24,NA,0,NA,0,NA,0,NA,0,NA,0,NA,NA,0
2012,1,25,NA,0,NA,0,NA,0,NA,0,NA,0,NA,NA,0
2012,1,26,NA,0,NA,0,NA,0,NA,0,NA,0,NA,NA,0
2012,1,27,NA,0,NA,0,NA,0,NA,0,NA,0,NA,NA,0
2012,1,28,NA,0,NA,0,NA,0,NA,0,NA,0,NA,NA,0
2012,1,29,NA,0,NA,0,NA,0,NA,0,NA,0,NA,NA,0
2012,1,30,NA,0,NA,0,NA,0,NA,0,NA,0,NA,NA,0
2012,1,31,NA,0,NA,0,NA,0,NA,0,NA,0,NA,NA,0
2012,2,1,NA,0,NA,0,NA,0,NA,0,NA,0,NA,NA,0
2012,2,2,NA,0,NA,0,NA,0,NA,0,NA,0,NA,NA,0
2012,2,3,NA,0,NA,0,NA,0,NA,0,NA,0,NA,NA,0
2012,2,4,NA,0,NA,0,NA,0,NA,0,NA,0,NA,NA,0
2012,2,5,NA,0,NA,0,NA,0,NA,0,NA,0,NA,NA,0
2012,2,6,NA,0,NA,0,NA,0,NA,0,NA,0,NA,NA,0
2012,2,7,NA,0,NA,0,NA,0,NA,0,NA,0,NA,NA,0
2012,2,8,NA,0,NA,0,NA,0,NA,0,NA,0,NA,NA,0
2012,2,9,NA,0,NA,0,NA,0,NA,0,NA,0,NA,NA,0
2012,2,10,NA,0,NA,0,NA,0,NA,0,NA,0,NA,NA,0
2012,2,11,NA,0,NA,0,NA,0,NA,0,NA,0,NA,NA,0
2012,2,12,NA,0,NA,0,NA,0,NA,0,NA,0,NA,NA,0
2012,2,13,NA,0,NA,0,NA,0,NA,0,NA,0,NA,NA,0
2012,2,14,NA,0,NA,0,NA,0,NA,0,NA,0,NA,NA,0
2012,2,15,NA,0,NA,0,NA,0,NA,0,NA,0,NA,NA,0
2012,2,16,NA,0,NA,0,NA,0,NA,0,NA,0,NA,NA,0
2012,2,17,NA,0,NA,0,NA,0,NA,0,NA,0,NA,NA,0
2012,2,18,NA,0,NA,0,NA,0,NA,0,NA,0,NA,NA,0
2012,2,19,NA,0,NA,0,NA,0,NA,0,NA,0,NA,NA,0
2012,2,20,NA,0,NA,0,NA,0,NA,0,NA,0,NA,NA,0
2012,2,21,NA,0,NA,0,NA,0,NA,0,NA,0,NA,NA,0
2012,2,22,NA,0,NA,0,NA,0,NA,0,NA,0,NA,NA,0
2012,2,23,NA,0,NA,0,NA,0,NA,0,NA,0,NA,NA,0
2012,2,24,NA,0,NA,0,NA,0,NA,0,NA,0,NA,NA,0
2012,2,25,NA,0,NA,0,NA,0,NA,0,NA,0,NA,NA,0
2012,2,26,NA,0,NA,0,NA,0,NA,0,NA,0,NA,NA,0
2012,2,27,NA,0,NA,0,NA,0,NA,0,NA,0,NA,NA,0
2012,2,28,NA,0,NA,0,NA,0,NA,0,NA,0,NA,NA,0
2012,2,29,NA,0,NA,0,NA,0,NA,0,NA,0,NA,NA,0
2012,3,1,NA,0,NA,0,NA,0,NA,0,NA,0,NA,NA,0
2012,3,2,NA,0,NA,0,NA,0,NA,0,NA,0,NA,NA,0
2012,3,3,NA,0,NA,0,NA,0,NA,0,NA,0,NA,NA,0
2012,3,4,NA,0,NA,0,NA,0,NA,0,NA,0,NA,NA,0
2012,3,5,NA,0,NA,0,NA,0,NA,0,NA,0,NA,NA,0
2012,3,6,NA,0,NA,0,NA,0,NA,0,NA,0,NA,NA,0
2012,3,7,NA,0,NA,0,NA,0,NA,0,NA,0,NA,NA,0
2012,3,8,NA,0,NA,0,NA,0,NA,0,NA,0,NA,NA,0
2012,3,9,NA,0,NA,0,NA,0,NA,0,NA,0,NA,NA,0
2012,3,10,NA,0,NA,0,NA,0,NA,0,NA,0,NA,NA,0
2012,3,11,NA,0,NA,0,NA,0,NA,0,NA,0,NA,NA,0
2012,3,12,NA,0,NA,0,NA,0,NA,0,NA,0,NA,NA,0
2012,3,13,NA,0,NA,0,NA,0,NA,0,NA,0,NA,NA,0
2012,3,14,NA,0,NA,0,NA,0,NA,0,NA,0,NA,NA,0
2012,3,15,NA,0,NA,0,NA,0,NA,0,NA,0,NA,NA,0
2012,3,16,NA,0,NA,0,NA,0,NA,0,NA,0,NA,NA,0
2012,3,17,NA,0,NA,0,NA,0,NA,0,NA,0,NA,NA,0
2012,3,18,NA,0,NA,0,NA,0,NA,0,NA,0,NA,NA,0
2012,3,19,NA,0,NA,0,NA,0,NA,0,NA,0,NA,NA,0
2012,3,20,NA,0,NA,0,NA,0,NA,0,NA,0,NA,NA,0
2012,3,21,NA,0,NA,0,NA,0,NA,0,NA,0,NA,NA,0
2012,3,22,NA,0,NA,0,NA,0,NA,0,NA,0,NA,NA,0
2012,3,23,NA,0,NA,0,NA,0,NA,0,NA,0,NA,NA,0
2012,3,24,NA,0,NA,0,NA,0,NA,0,NA,0,NA,NA,0
2012,3,25,NA,0,NA,0,NA,0,NA,0,NA,0,NA,NA,0
2012,3,26,NA,0,NA,0,NA,0,NA,0,NA,0,NA,NA,0
2012,3,27,NA,0,NA,0,NA,0,NA,0,NA,0,NA,NA,0
2012,3,28,NA,0,NA,0,NA,0,NA,0,NA,0,NA,NA,0
2012,3,29,NA,0,NA,0,NA,0,NA,0,NA,0,NA,NA,0
2012,3,30,NA,0,NA,0,NA,0,NA,0,NA,0,NA,NA,0
2012,3,31,NA,0,NA,0,NA,0,NA,0,NA,0,NA,NA,0
2012,4,1,NA,0,NA,0,NA,0,NA,0,NA,0,NA,NA,0
2012,4,2,NA,0,NA,0,NA,0,NA,0,NA,0,NA,NA,0
2012,4,3,NA,0,NA,0,NA,0,NA,0,NA,0,NA,NA,0
2012,4,4,NA,0,NA,0,NA,0,NA,0,NA,0,NA,NA,0
2012,4,5,NA,0,NA,0,NA,0,NA,0,NA,0,NA,NA,0
2012,4,6,NA,0,NA,0,NA,0,NA,0,NA,0,NA,NA,0
2012,4,7,NA,0,NA,0,NA,0,NA,0,NA,0,NA,NA,0
2012,4,8,NA,0,NA,0,NA,0,NA,0,NA,0,NA,NA,0
2012,4,9,NA,0,NA,0,NA,0,NA,0,NA,0,NA,NA,0
2012,4,10,NA,0,NA,0,NA,0,NA,0,NA,0,NA,NA,0
2012,4,11,NA,0,NA,0,NA,0,NA,0,NA,0,NA,NA,0
2012,4,12,NA,0,NA,0,NA,0,NA,0,NA,0,NA,NA,0
2012,4,13,NA,0,NA,0,NA,0,NA,0,NA,0,NA,NA,0
2012,4,14,NA,0,NA,0,NA,0,NA,0,NA,0,NA,NA,0
2012,4,15,NA,0,NA,0,NA,0,NA,0,NA,0,NA,NA,0
2012,4,16,NA,0,NA,0,NA,0,NA,0,NA,0,NA,NA,0
2012,4,17,NA,0,NA,0,NA,0,NA,0,NA,0,NA,NA,0
2012,4,18,NA,0,NA,0,NA,0,NA,0,NA,0,NA,NA,0
2012,4,19,NA,0,NA,0,NA,0,NA,0,NA,0,NA,NA,0
2012,4,20,NA,0,NA,0,NA,0,NA,0,NA,0,NA,NA,0
2012,4,21,NA,0,NA,0,NA,0,NA,0,NA,0,NA,NA,0
2012,4,22,NA,0,NA,0,NA,0,NA,0,NA,0,NA,NA,0
2012,4,23,NA,0,NA,0,NA,0,NA,0,NA,0,NA,NA,0
2012,4,24,NA,0,NA,0,NA,0,NA,0,NA,0,NA,NA,0
2012,4,25,NA,0,NA,0,NA,0,NA,0,NA,0,NA,NA,0
2012,4,26,NA,0,NA,0,NA,0,NA,0,NA,0,NA,NA,0
2012,4,27,NA,0,NA,0,NA,0,NA,0,NA,0,NA,NA,0
2012,4,28,NA,0,NA,0,NA,0,NA,0,NA,0,NA,NA,0
2012,4,29,NA,0,NA,0,NA,0,NA,0,NA,0,NA,NA,0
2012,4,30,NA,0,NA,0,NA,0,NA,0,NA,0,NA,NA,0
2012,5,1,NA,0,NA,0,NA,0,NA,0,NA,0,NA,NA,0
2012,5,2,NA,0,NA,0,NA,0,NA,0,NA,0,NA,NA,0
2012,5,3,NA,0,NA,0,NA,0,NA,0,NA,0,NA,NA,0
2012,5,4,NA,0,NA,0,NA,0,NA,0,NA,0,NA,NA,0
2012,5,5,NA,0,NA,0,NA,0,NA,0,NA,0,NA,NA,0
2012,5,6,NA,0,NA,0,NA,0,NA,0,NA,0,NA,NA,0
2012,5,7,NA,0,NA,0,NA,0,NA,0,NA,0,NA,NA,0
2012,5,8,NA,0,NA,0,NA,0,NA,0,NA,0,NA,NA,0
2012,5,9,NA,0,NA,0,NA,0,NA,0,NA,0,NA,NA,0
2012,5,10,NA,0,NA,0,NA,0,NA,0,NA,0,NA,NA,0
2012,5,11,NA,0,NA,0,NA,0,NA,0,NA,0,NA,NA,0
2012,5,12,NA,0,NA,0,NA,0,NA,0,NA,0,NA,NA,0
2012,5,13,NA,0,NA,0,NA,0,NA,0,NA,0,NA,NA,0
2012,5,14,NA,0,NA,0,NA,0,NA,0,NA,0,NA,NA,0
2012,5,15,NA,0,NA,0,NA,0,NA,0,NA,0,NA,NA,0
2012,5,16,NA,0,NA,0,NA,0,NA,0,NA,0,NA,NA,0
2012,5,17,NA,0,NA,0,NA,0,NA,0,NA,0,NA,NA,0
2012,5,18,NA,0,NA,0,NA,0,NA,0,NA,0,NA,NA,0
2012,5,19,NA,0,NA,0,NA,0,NA,0,NA,0,NA,NA,0
2012,5,20,NA,0,NA,0,NA,0,NA,0,NA,0,NA,NA,0
2012,5,21,NA,0,NA,0,NA,0,NA,0,NA,0,NA,NA,0
2012,5,22,NA,0,NA,0,NA,0,NA,0,NA,0,NA,NA,0
2012,5,23,NA,0,NA,0,NA,0,NA,0,NA,0,NA,NA,0
2012,5,24,NA,0,NA,0,NA,0,NA,0,NA,0,NA,NA,0
2012,5,25,NA,0,NA,0,NA,0,NA,0,NA,0,NA,NA,0
2012,5,26,NA,0,NA,0,NA,0,NA,0,NA,0,NA,NA,0
2012,5,27,NA,0,NA,0,NA,0,NA,0,NA,0,NA,NA,0
2012,5,28,NA,0,NA,0,NA,0,NA,0,NA,0,NA,NA,0
2012,5,29,NA,0,NA,0,NA,0,NA,0,NA,0,NA,NA,0
2012,5,30,NA,0,NA,0,NA,0,NA,0,NA,0,NA,NA,0
2012,5,31,NA,0,NA,0,NA,0,NA,0,NA,0,NA,NA,0
2012,6,1,NA,0,NA,0,NA,0,NA,0,NA,0,NA,NA,0
2012,6,2,NA,0,NA,0,NA,0,NA,0,NA,0,NA,NA,0
2012,6,3,NA,0,NA,0,NA,0,NA,0,NA,0,NA,NA,0
2012,6,4,NA,0,NA,0,NA,0,NA,0,NA,0,NA,NA,0
2012,6,5,NA,0,NA,0,NA,0,NA,0,NA,0,NA,NA,0
2012,6,6,NA,0,NA,0,NA,0,NA,0,NA,0,NA,NA,0
2012,6,7,NA,0,NA,0,NA,0,NA,0,NA,0,NA,NA,0
2012,6,8,NA,0,NA,0,NA,0,NA,0,NA,0,NA,NA,0
2012,6,9,NA,0,NA,0,NA,0,NA,0,NA,0,NA,NA,0
2012,6,10,NA,0,NA,0,NA,0,NA,0,NA,0,NA,NA,0
2012,6,11,NA,0,NA,0,NA,0,NA,0,NA,0,NA,NA,0
2012,6,12,NA,0,NA,0,NA,0,NA,0,NA,0,NA,NA,0
2012,6,13,NA,0,NA,0,NA,0,NA,0,NA,0,NA,NA,0
2012,6,14,NA,0,NA,0,NA,0,NA,0,NA,0,NA,NA,0
2012,6,15,NA,0,NA,0,NA,0,NA,0,NA,0,NA,NA,0
2012,6,16,NA,0,NA,0,NA,0,NA,0,NA,0,NA,NA,0
2012,6,17,NA,0,NA,0,NA,0,NA,0,NA,0,NA,NA,0
2012,6,18,NA,0,NA,0,NA,0,NA,0,NA,0,NA,NA,0
2012,6,19,NA,0,NA,0,NA,0,NA,0,NA,0,NA,NA,0
2012,6,20,NA,0,NA,0,NA,0,NA,0,NA,0,NA,NA,0
2012,6,21,NA,0,NA,0,NA,0,NA,0,NA,0,NA,NA,0
2012,6,22,NA,0,NA,0,NA,0,NA,0,NA,0,NA,NA,0
2012,6,23,NA,0,NA,0,NA,0,NA,0,NA,0,NA,NA,0
2012,6,24,NA,0,NA,0,NA,0,NA,0,NA,0,NA,NA,0
2012,6,25,NA,0,NA,0,NA,0,NA,0,NA,0,NA,NA,0
2012,6,26,NA,0,NA,0,NA,0,NA,0,NA,0,NA,NA,0
2012,6,27,NA,0,NA,0,NA,0,NA,0,NA,0,NA,NA,0
2012,6,28,NA,0,NA,0,NA,0,NA,0,NA,0,NA,NA,0
2012,6,29,NA,0,NA,0,NA,0,NA,0,NA,0,NA,NA,0
2012,6,30,NA,0,NA,0,NA,0,NA,0,NA,0,NA,NA,0
2012,7,1,NA,0,NA,0,NA,0,NA,0,NA,0,NA,NA,0
2012,7,2,NA,0,NA,0,NA,0,NA,0,NA,0,NA,NA,0
2012,7,3,NA,0,NA,0,NA,0,NA,0,NA,0,NA,NA,0
2012,7,4,NA,0,NA,0,NA,0,NA,0,NA,0,NA,NA,0
2012,7,5,NA,0,NA,0,NA,0,NA,0,NA,0,NA,NA,0
2012,7,6,NA,0,NA,0,NA,0,NA,0,NA,0,NA,NA,0
2012,7,7,NA,0,NA,0,NA,0,NA,0,NA,0,NA,NA,0
2012,7,8,NA,0,NA,0,NA,0,NA,0,NA,0,NA,NA,0
2012,7,9,NA,0,NA,0,NA,0,NA,0,NA,0,NA,NA,0
2012,7,10,NA,0,NA,0,NA,0,NA,0,NA,0,NA,NA,0
2012,7,11,NA,0,NA,0,NA,0,NA,0,NA,0,NA,NA,0
2012,7,12,NA,0,NA,0,NA,0,NA,0,NA,0,NA,NA,0
2012,7,13,NA,0,NA,0,NA,0,NA,0,NA,0,NA,NA,0
2012,7,14,NA,0,NA,0,NA,0,NA,0,NA,0,NA,NA,0
2012,7,15,NA,0,NA,0,NA,0,NA,0,NA,0,NA,NA,0
2012,7,16,NA,0,NA,0,NA,0,NA,0,NA,0,NA,NA,0
2012,7,17,NA,0,NA,0,NA,0,NA,0,NA,0,NA,NA,0
2012,7,18,NA,0,NA,0,NA,0,NA,0,NA,0,NA,NA,0
2012,7,19,NA,0,NA,0,NA,0,NA,0,NA,0,NA,NA,0
2012,7,20,NA,0,NA,0,NA,0,NA,0,NA,0,NA,NA,0
2012,7,21,NA,0,NA,0,NA,0,NA,0,NA,0,NA,NA,0
2012,7,22,NA,0,NA,0,NA,0,NA,0,NA,0,NA,NA,0
2012,7,23,NA,0,NA,0,NA,0,NA,0,NA,0,NA,NA,0
2012,7,24,NA,0,NA,0,NA,0,NA,0,NA,0,NA,NA,0
2012,7,25,NA,0,NA,0,NA,0,NA,0,NA,0,NA,NA,0
2012,7,26,NA,0,NA,0,NA,0,NA,0,NA,0,NA,NA,0
2012,7,27,NA,0,NA,0,NA,0,NA,0,NA,0,NA,NA,0
2012,7,28,NA,0,NA,0,NA,0,NA,0,NA,0,NA,NA,0
2012,7,29,NA,0,NA,0,NA,0,NA,0,NA,0,NA,NA,0
2012,7,30,NA,0,NA,0,NA,0,NA,0,NA,0,NA,NA,0
2012,7,31,NA,0,NA,0,NA,0,NA,0,NA,0,NA,NA,0
2012,8,1,NA,0,NA,0,NA,0,NA,0,NA,0,NA,NA,0
2012,8,2,NA,0,NA,0,NA,0,NA,0,NA,0,NA,NA,0
2012,8,3,NA,0,NA,0,NA,0,NA,0,NA,0,NA,NA,0
2012,8,4,NA,0,NA,0,NA,0,NA,0,NA,0,NA,NA,0
2012,8,5,NA,0,NA,0,NA,0,NA,0,NA,0,NA,NA,0
2012,8,6,NA,0,NA,0,NA,0,NA,0,NA,0,NA,NA,0
2012,8,7,NA,0,NA,0,NA,0,NA,0,NA,0,NA,NA,0
2012,8,8,NA,0,NA,0,NA,0,NA,0,NA,0,NA,NA,0
2012,8,9,NA,0,NA,0,NA,0,NA,0,NA,0,NA,NA,0
2012,8,10,NA,0,NA,0,NA,0,NA,0,NA,0,NA,NA,0
2012,8,11,NA,0,NA,0,NA,0,NA,0,NA,0,NA,NA,0
2012,8,12,NA,0,NA,0,NA,0,NA,0,NA,0,NA,NA,0
2012,8,13,NA,0,NA,0,NA,0,NA,0,NA,0,NA,NA,0
2012,8,14,NA,0,NA,0,NA,0,NA,0,NA,0,NA,NA,0
2012,8,15,NA,0,NA,0,NA,0,NA,0,NA,0,NA,NA,0
2012,8,16,NA,0,NA,0,NA,0,NA,0,NA,0,NA,NA,0
2012,8,17,NA,0,NA,0,NA,0,NA,0,NA,0,NA,NA,0
2012,8,18,NA,0,NA,0,NA,0,NA,0,NA,0,NA,NA,0
2012,8,19,NA,0,NA,0,NA,0,NA,0,NA,0,NA,NA,0
2012,8,20,NA,0,NA,0,NA,0,NA,0,NA,0,NA,NA,0
2012,8,21,NA,0,NA,0,NA,0,NA,0,NA,0,NA,NA,0
2012,8,22,NA,0,NA,0,NA,0,NA,0,NA,0,NA,NA,0
2012,8,23,NA,0,NA,0,NA,0,NA,0,NA,0,NA,NA,0
2012,8,24,NA,0,NA,0,NA,0,NA,0,NA,0,NA,NA,0
2012,8,25,NA,0,NA,0,NA,0,NA,0,NA,0,NA,NA,0
2012,8,26,NA,0,NA,0,NA,0,NA,0,NA,0,NA,NA,0
2012,8,27,NA,0,NA,0,NA,0,NA,0,NA,0,NA,NA,0
2012,8,28,NA,0,NA,0,NA,0,NA,0,NA,0,NA,NA,0
2012,8,29,NA,0,NA,0,NA,0,NA,0,NA,0,NA,NA,0
2012,8,30,NA,0,NA,0,NA,0,NA,0,NA,0,NA,NA,0
2012,8,31,NA,0,NA,0,NA,0,NA,0,NA,0,NA,NA,0
2012,9,1,NA,0,NA,0,NA,0,NA,0,NA,0,NA,NA,0
2012,9,2,NA,0,NA,0,NA,0,NA,0,NA,0,NA,NA,0
2012,9,3,NA,0,NA,0,NA,0,NA,0,NA,0,NA,NA,0
2012,9,4,NA,0,NA,0,NA,0,NA,0,NA,0,NA,NA,0
2012,9,5,NA,0,NA,0,NA,0,NA,0,NA,0,NA,NA,0
2012,9,6,NA,0,NA,0,NA,0,NA,0,NA,0,NA,NA,0
2012,9,7,NA,0,NA,0,NA,0,NA,0,NA,0,NA,NA,0
2012,9,8,NA,0,NA,0,NA,0,NA,0,NA,0,NA,NA,0
2012,9,9,NA,0,NA,0,NA,0,NA,0,NA,0,NA,NA,0
2012,9,10,NA,0,NA,0,NA,0,NA,0,NA,0,NA,NA,0
2012,9,11,NA,0,NA,0,NA,0,NA,0,NA,0,NA,NA,0
2012,9,12,NA,0,NA,0,NA,0,NA,0,NA,0,NA,NA,0
2012,9,13,NA,0,NA,0,NA,0,NA,0,NA,0,NA,NA,0
2012,9,14,NA,0,NA,0,NA,0,NA,0,NA,0,NA,NA,0
2012,9,15,NA,0,NA,0,NA,0,NA,0,NA,0,NA,NA,0
2012,9,16,NA,0,NA,0,NA,0,NA,0,NA,0,NA,NA,0
2012,9,17,NA,0,NA,0,NA,0,NA,0,NA,0,NA,NA,0
2012,9,18,NA,0,NA,0,NA,0,NA,0,NA,0,NA,NA,0
2012,9,19,NA,0,NA,0,NA,0,NA,0,NA,0,NA,NA,0
2012,9,20,NA,0,NA,0,NA,0,NA,0,NA,0,NA,NA,0
2012,9,21,NA,0,NA,0,NA,0,NA,0,NA,0,NA,NA,0
2012,9,22,NA,0,NA,0,NA,0,NA,0,NA,0,NA,NA,0
2012,9,23,NA,0,NA,0,NA,0,NA,0,NA,0,NA,NA,0
2012,9,24,NA,0,NA,0,NA,0,NA,0,NA,0,NA,NA,0
2012,9,25,NA,0,NA,0,NA,0,NA,0,NA,0,NA,NA,0
2012,9,26,NA,0,NA,0,NA,0,NA,0,NA,0,NA,NA,0
2012,9,27,NA,0,NA,0,NA,0,NA,0,NA,0,NA,NA,0
2012,9,28,NA,0,NA,0,NA,0,NA,0,NA,0,NA,NA,0
2012,9,29,NA,0,NA,0,NA,0,NA,0,NA,0,NA,NA,0
2012,9,30,NA,0,NA,0,NA,0,NA,0,NA,0,NA,NA,0
2012,10,1,NA,0,NA,0,NA,0,NA,0,NA,0,NA,NA,0
2012,10,2,NA,0,NA,0,NA,0,NA,0,NA,0,NA,NA,0
2012,10,3,NA,0,NA,0,NA,0,NA,0,NA,0,NA,NA,0
2012,10,4,NA,0,NA,0,NA,0,NA,0,NA,0,NA,NA,0
2012,10,5,NA,0,NA,0,NA,0,NA,0,NA,0,NA,NA,0
2012,10,6,NA,0,NA,0,NA,0,NA,0,NA,0,NA,NA,0
2012,10,7,NA,0,NA,0,NA,0,NA,0,NA,0,NA,NA,0
2012,10,8,NA,0,NA,0,NA,0,NA,0,NA,0,NA,NA,0
2012,10,9,NA,0,NA,0,NA,0,NA,0,NA,0,NA,NA,0
2012,10,10,NA,0,NA,0,NA,0,NA,0,NA,0,NA,NA,0
2012,10,11,NA,0,NA,0,NA,0,NA,0,NA,0,NA,NA,0
2012,10,12,NA,0,NA,0,NA,0,NA,0,NA,0,NA,NA,0
2012,10,13,NA,0,NA,0,NA,0,NA,0,NA,0,NA,NA,0
2012,10,14,NA,0,NA,0,NA,0,NA,0,NA,0,NA,NA,0
2012,10,15,NA,0,NA,0,NA,0,NA,0,NA,0,NA,NA,0
2012,10,16,NA,0,NA,0,NA,0,NA,0,NA,0,NA,NA,0
2012,10,17,NA,0,NA,0,NA,0,NA,0,NA,0,NA,NA,0
2012,10,18,NA,0,NA,0,NA,0,NA,0,NA,0,NA,NA,0
2012,10,19,NA,0,NA,0,NA,0,NA,0,NA,0,NA,NA,0
2012,10,20,NA,0,NA,0,NA,0,NA,0,NA,0,NA,NA,0
2012,10,21,NA,0,NA,0,NA,0,NA,0,NA,0,NA,NA,0
2012,10,22,NA,0,NA,0,NA,0,NA,0,NA,0,NA,NA,0
2012,10,23,NA,0,NA,0,NA,0,NA,0,NA,0,NA,NA,0
2012,10,24,NA,0,NA,0,NA,0,NA,0,NA,0,NA,NA,0
2012,10,25,NA,0,NA,0,NA,0,NA,0,NA,0,NA,NA,0
2012,10,26,NA,0,NA,0,NA,0,NA,0,NA,0,NA,NA,0
2012,10,27,NA,0,NA,0,NA,0,NA,0,NA,0,NA,NA,0
2012,10,28,NA,0,NA,0,NA,0,NA,0,NA,0,NA,NA,0
2012,10,29,NA,0,NA,0,NA,0,NA,0,NA,0,NA,NA,0
2012,10,30,NA,0,NA,0,NA,0,NA,0,NA,0,NA,NA,0
2012,10,31,NA,0,NA,0,NA,0,NA,0,NA,0,NA,NA,0
2012,11,1,NA,0,NA,0,NA,0,NA,0,NA,0,NA,NA,0
2012,11,2,NA,0,NA,0,NA,0,NA,0,NA,0,NA,NA,0
2012,11,3,NA,0,NA,0,NA,0,NA,0,NA,0,NA,NA,0
2012,11,4,NA,0,NA,0,NA,0,NA,0,NA,0,NA,NA,0
2012,11,5,NA,0,NA,0,NA,0,NA,0,NA,0,NA,NA,0
2012,11,6,NA,0,NA,0,NA,0,NA,0,NA,0,NA,NA,0
2012,11,7,NA,0,NA,0,NA,0,NA,0,NA,0,NA,NA,0
2012,11,8,NA,0,NA,0,NA,0,NA,0,NA,0,NA,NA,0
2012,11,9,NA,0,NA,0,NA,0,NA,0,NA,0,NA,NA,0
2012,11,10,NA,0,NA,0,NA,0,NA,0,NA,0,NA,NA,0
2012,11,11,NA,0,NA,0,NA,0,NA,0,NA,0,NA,NA,0
2012,11,12,NA,0,NA,0,NA,0,NA,0,NA,0,NA,NA,0
2012,11,13,NA,0,NA,0,NA,0,NA,0,NA,0,NA,NA,0
2012,11,14,NA,0,NA,0,NA,0,NA,0,NA,0,NA,NA,0
2012,11,15,NA,0,NA,0,NA,0,NA,0,NA,0,NA,NA,0
2012,11,16,NA,0,NA,0,NA,0,NA,0,NA,0,NA,NA,0
2012,11,17,NA,0,NA,0,NA,0,NA,0,NA,0,NA,NA,0
2012,11,18,NA,0,NA,0,NA,0,NA,0,NA,0,NA,NA,0
2012,11,19,NA,0,NA,0,NA,0,NA,0,NA,0,NA,NA,0
2012,11,20,NA,0,NA,0,NA,0,NA,0,NA,0,NA,NA,0
2012,11,21,NA,0,NA,0,NA,0,NA,0,NA,0,NA,NA,0
2012,11,22,NA,0,NA,0,NA,0,NA,0,NA,0,NA,NA,0
2012,11,23,NA,0,NA,0,NA,0,NA,0,NA,0,NA,NA,0
2012,11,24,NA,0,NA,0,NA,0,NA,0,NA,0,NA,NA,0
2012,11,25,NA,0,NA,0,NA,0,NA,0,NA,0,NA,NA,0
2012,11,26,NA,0,NA,0,NA,0,NA,0,NA,0,NA,NA,0
2012,11,27,NA,0,NA,0,NA,0,NA,0,NA,0,NA,NA,0
2012,11,28,NA,0,NA,0,NA,0,NA,0,NA,0,NA,NA,0
2012,11,29,NA,0,NA,0,NA,0,NA,0,NA,0,NA,NA,0
2012,11,30,NA,0,NA,0,NA,0,NA,0,NA,0,NA,NA,0
2012,12,1,NA,0,NA,0,NA,0,NA,0,NA,0,NA,NA,0
2012,12,2,NA,0,NA,0,NA,0,NA,0,NA,0,NA,NA,0
2012,12,3,NA,0,NA,0,NA,0,NA,0,NA,0,NA,NA,0
2012,12,4,NA,0,NA,0,NA,0,NA,0,NA,0,NA,NA,0
2012,12,5,NA,0,NA,0,NA,0,NA,0,NA,0,NA,NA,0
2012,12,6,NA,0,NA,0,NA,0,NA,0,NA,0,NA,NA,0
2012,12,7,NA,0,NA,0,NA,0,NA,0,NA,0,NA,NA,0
2012,12,8,NA,0,NA,0,NA,0,NA,0,NA,0,NA,NA,0
2012,12,9,NA,0,NA,0,NA,0,NA,0,NA,0,NA,NA,0
2012,12,10,NA,0,NA,0,NA,0,NA,0,NA,0,NA,NA,0
2012,12,11,NA,0,NA,0,NA,0,NA,0,NA,0,NA,NA,0
2012,12,12,NA,0,NA,0,NA,0,NA,0,NA,0,NA,NA,0
2012,12,13,NA,0,NA,0,NA,0,NA,0,NA,0,NA,NA,0
2012,12,14,NA,0,NA,0,NA,0,NA,0,NA,0,NA,NA,0
2012,12,15,NA,0,NA,0,NA,0,NA,0,NA,0,NA,NA,0
2012,12,16,NA,0,NA,0,NA,0,NA,0,NA,0,NA,NA,0
2012,12,17,NA,0,NA,0,NA,0,NA,0,NA,0,NA,NA,0
2012,12,18,NA,0,NA,0,NA,0,NA,0,NA,0,NA,NA,0
2012,12,19,NA,0,NA,0,NA,0,NA,0,NA,0,NA,NA,0
2012,12,20,NA,0,NA,0,NA,0,NA,0,NA,0,NA,NA,0
2012,12,21,NA,0,NA,0,NA,0,NA,0,NA,0,NA,NA,0
2012,12,22,NA,0,NA,0,NA,0,NA,0,NA,0,NA,NA,0
2012,12,23,NA,0,NA,0,NA,0,NA,0,NA,0,NA,NA,0
2012,12,24,NA,0,NA,0,NA,0,NA,0,NA,0,NA,NA,0
2012,12,25,NA,0,NA,0,NA,0,NA,0,NA,0,NA,NA,0
2012,12,26,NA,0,NA,0,NA,0,NA,0,NA,0,NA,NA,0
2012,12,27,NA,0,NA,0,NA,0,NA,0,NA,0,NA,NA,0
2012,12,28,NA,0,NA,0,NA,0,NA,0,NA,0,NA,NA,0
2012,12,29,NA,0,NA,0,NA,0,NA,0,NA,0,NA,NA,0
2012,12,30,NA,0,NA,0,NA,0,NA,0,NA,0,NA,NA,0
2012,12,31,NA,0,NA,0,NA,0,NA,0,NA,0,NA,NA,0
2013,1,1,NA,0,NA,0,NA,0,NA,0,NA,0,NA,NA,0
2013,1,2,NA,0,NA,0,NA,0,NA,0,NA,0,NA,NA,0
2013,1,3,NA,0,NA,0,NA,0,NA,0,NA,0,NA,NA,0
2013,1,4,NA,0,NA,0,NA,0,NA,0,NA,0,NA,NA,0
2013,1,5,NA,0,NA,0,NA,0,NA,0,NA,0,NA,NA,0
2013,1,6,NA,0,NA,0,NA,0,NA,0,NA,0,NA,NA,0
2013,1,7,NA,0,NA,0,NA,0,NA,0,NA,0,NA,NA,0
2013,1,8,NA,0,NA,0,NA,0,NA,0,NA,0,NA,NA,0
2013,1,9,NA,0,NA,0,NA,0,NA,0,NA,0,NA,NA,0
2013,1,10,NA,0,NA,0,NA,0,NA,0,NA,0,NA,NA,0
2013,1,11,NA,0,NA,0,NA,0,NA,0,NA,0,NA,NA,0
2013,1,12,NA,0,NA,0,NA,0,NA,0,NA,0,NA,NA,0
2013,1,13,NA,0,NA,0,NA,0,NA,0,NA,0,NA,NA,0
2013,1,14,NA,0,NA,0,NA,0,NA,0,NA,0,NA,NA,0
2013,1,15,NA,0,NA,0,NA,0,NA,0,NA,0,NA,NA,0
2013,1,16,NA,0,NA,0,NA,0,NA,0,NA,0,NA,NA,0
2013,1,17,NA,0,NA,0,NA,0,NA,0,NA,0,NA,NA,0
2013,1,18,NA,0,NA,0,NA,0,NA,0,NA,0,NA,NA,0
2013,1,19,NA,0,NA,0,NA,0,NA,0,NA,0,NA,NA,0
2013,1,20,NA,0,NA,0,NA,0,NA,0,NA,0,NA,NA,0
2013,1,21,NA,0,NA,0,NA,0,NA,0,NA,0,NA,NA,0
2013,1,22,NA,0,NA,0,NA,0,NA,0,NA,0,NA,NA,0
2013,1,23,NA,0,NA,0,NA,0,NA,0,NA,0,NA,NA,0
2013,1,24,NA,0,NA,0,NA,0,NA,0,NA,0,NA,NA,0
2013,1,25,NA,0,NA,0,NA,0,NA,0,NA,0,NA,NA,0
2013,1,26,NA,0,NA,0,NA,0,NA,0,NA,0,NA,NA,0
2013,1,27,NA,0,NA,0,NA,0,NA,0,NA,0,NA,NA,0
2013,1,28,NA,0,NA,0,NA,0,NA,0,NA,0,NA,NA,0
2013,1,29,NA,0,NA,0,NA,0,NA,0,NA,0,NA,NA,0
2013,1,30,NA,0,NA,0,NA,0,NA,0,NA,0,NA,NA,0
2013,1,31,NA,0,NA,0,NA,0,NA,0,NA,0,NA,NA,0
2013,2,1,NA,0,NA,0,NA,0,NA,0,NA,0,NA,NA,0
2013,2,2,NA,0,NA,0,NA,0,NA,0,NA,0,NA,NA,0
2013,2,3,NA,0,NA,0,NA,0,NA,0,NA,0,NA,NA,0
2013,2,4,NA,0,NA,0,NA,0,NA,0,NA,0,NA,NA,0
2013,2,5,NA,0,NA,0,NA,0,NA,0,NA,0,NA,NA,0
2013,2,6,NA,0,NA,0,NA,0,NA,0,NA,0,NA,NA,0
2013,2,7,NA,0,NA,0,NA,0,NA,0,NA,0,NA,NA,0
2013,2,8,NA,0,NA,0,NA,0,NA,0,NA,0,NA,NA,0
2013,2,9,NA,0,NA,0,NA,0,NA,0,NA,0,NA,NA,0
2013,2,10,NA,0,NA,0,NA,0,NA,0,NA,0,NA,NA,0
2013,2,11,NA,0,NA,0,NA,0,NA,0,NA,0,NA,NA,0
2013,2,12,NA,0,NA,0,NA,0,NA,0,NA,0,NA,NA,0
2013,2,13,NA,0,NA,0,NA,0,NA,0,NA,0,NA,NA,0
2013,2,14,NA,0,NA,0,NA,0,NA,0,NA,0,NA,NA,0
2013,2,15,NA,0,NA,0,NA,0,NA,0,NA,0,NA,NA,0
2013,2,16,NA,0,NA,0,NA,0,NA,0,NA,0,NA,NA,0
2013,2,17,NA,0,NA,0,NA,0,NA,0,NA,0,NA,NA,0
2013,2,18,NA,0,NA,0,NA,0,NA,0,NA,0,NA,NA,0
2013,2,19,NA,0,NA,0,NA,0,NA,0,NA,0,NA,NA,0
2013,2,20,NA,0,NA,0,NA,0,NA,0,NA,0,NA,NA,0
2013,2,21,NA,0,NA,0,NA,0,NA,0,NA,0,NA,NA,0
2013,2,22,NA,0,NA,0,NA,0,NA,0,NA,0,NA,NA,0
2013,2,23,NA,0,NA,0,NA,0,NA,0,NA,0,NA,NA,0
2013,2,24,NA,0,NA,0,NA,0,NA,0,NA,0,NA,NA,0
2013,2,25,NA,0,NA,0,NA,0,NA,0,NA,0,NA,NA,0
2013,2,26,NA,0,NA,0,NA,0,NA,0,NA,0,NA,NA,0
2013,2,27,NA,0,NA,0,NA,0,NA,0,NA,0,NA,NA,0
2013,2,28,NA,0,NA,0,NA,0,NA,0,NA,0,NA,NA,0
2013,3,1,NA,0,NA,0,NA,0,NA,0,NA,0,NA,NA,0
2013,3,2,NA,0,NA,0,NA,0,NA,0,NA,0,NA,NA,0
2013,3,3,NA,0,NA,0,NA,0,NA,0,NA,0,NA,NA,0
2013,3,4,NA,0,NA,0,NA,0,NA,0,NA,0,NA,NA,0
2013,3,5,NA,0,NA,0,NA,0,NA,0,NA,0,NA,NA,0
2013,3,6,NA,0,NA,0,NA,0,NA,0,NA,0,NA,NA,0
2013,3,7,NA,0,NA,0,NA,0,NA,0,NA,0,NA,NA,0
2013,3,8,NA,0,NA,0,NA,0,NA,0,NA,0,NA,NA,0
2013,3,9,NA,0,NA,0,NA,0,NA,0,NA,0,NA,NA,0
2013,3,10,NA,0,NA,0,NA,0,NA,0,NA,0,NA,NA,0
2013,3,11,NA,0,NA,0,NA,0,NA,0,NA,0,NA,NA,0
2013,3,12,NA,0,NA,0,NA,0,NA,0,NA,0,NA,NA,0
2013,3,13,NA,0,NA,0,NA,0,NA,0,NA,0,NA,NA,0
2013,3,14,NA,0,NA,0,NA,0,NA,0,NA,0,NA,NA,0
2013,3,15,NA,0,NA,0,NA,0,NA,0,NA,0,NA,NA,0
2013,3,16,NA,0,NA,0,NA,0,NA,0,NA,0,NA,NA,0
2013,3,17,NA,0,NA,0,NA,0,NA,0,NA,0,NA,NA,0
2013,3,18,NA,0,NA,0,NA,0,NA,0,NA,0,NA,NA,0
2013,3,19,NA,0,NA,0,NA,0,NA,0,NA,0,NA,NA,0
2013,3,20,NA,0,NA,0,NA,0,NA,0,NA,0,NA,NA,0
2013,3,21,NA,0,NA,0,NA,0,NA,0,NA,0,NA,NA,0
2013,3,22,NA,0,NA,0,NA,0,NA,0,NA,0,NA,NA,0
2013,3,23,NA,0,NA,0,NA,0,NA,0,NA,0,NA,NA,0
2013,3,24,NA,0,NA,0,NA,0,NA,0,NA,0,NA,NA,0
2013,3,25,NA,0,NA,0,NA,0,NA,0,NA,0,NA,NA,0
2013,3,26,NA,0,NA,0,NA,0,NA,0,NA,0,NA,NA,0
2013,3,27,NA,0,NA,0,NA,0,NA,0,NA,0,NA,NA,0
2013,3,28,NA,0,NA,0,NA,0,NA,0,NA,0,NA,NA,0
2013,3,29,NA,0,NA,0,NA,0,NA,0,NA,0,NA,NA,0
2013,3,30,NA,0,NA,0,NA,0,NA,0,NA,0,NA,NA,0
2013,3,31,NA,0,NA,0,NA,0,NA,0,NA,0,NA,NA,0
2013,4,1,NA,0,NA,0,NA,0,NA,0,NA,0,NA,NA,0
2013,4,2,NA,0,NA,0,NA,0,NA,0,NA,0,NA,NA,0
2013,4,3,NA,0,NA,0,NA,0,NA,0,NA,0,NA,NA,0
2013,4,4,NA,0,NA,0,NA,0,NA,0,NA,0,NA,NA,0
2013,4,5,NA,0,NA,0,NA,0,NA,0,NA,0,NA,NA,0
2013,4,6,NA,0,NA,0,NA,0,NA,0,NA,0,NA,NA,0
2013,4,7,NA,0,NA,0,NA,0,NA,0,NA,0,NA,NA,0
2013,4,8,NA,0,NA,0,NA,0,NA,0,NA,0,NA,NA,0
2013,4,9,NA,0,NA,0,NA,0,NA,0,NA,0,NA,NA,0
2013,4,10,NA,0,NA,0,NA,0,NA,0,NA,0,NA,NA,0
2013,4,11,NA,0,NA,0,NA,0,NA,0,NA,0,NA,NA,0
2013,4,12,NA,0,NA,0,NA,0,NA,0,NA,0,NA,NA,0
2013,4,13,NA,0,NA,0,NA,0,NA,0,NA,0,NA,NA,0
2013,4,14,NA,0,NA,0,NA,0,NA,0,NA,0,NA,NA,0
2013,4,15,NA,0,NA,0,NA,0,NA,0,NA,0,NA,NA,0
2013,4,16,NA,0,NA,0,NA,0,NA,0,NA,0,NA,NA,0
2013,4,17,NA,0,NA,0,NA,0,NA,0,NA,0,NA,NA,0
2013,4,18,NA,0,NA,0,NA,0,NA,0,NA,0,NA,NA,0
2013,4,19,NA,0,NA,0,NA,0,NA,0,NA,0,NA,NA,0
2013,4,20,NA,0,NA,0,NA,0,NA,0,NA,0,NA,NA,0
2013,4,21,NA,0,NA,0,NA,0,NA,0,NA,0,NA,NA,0
2013,4,22,NA,0,NA,0,NA,0,NA,0,NA,0,NA,NA,0
2013,4,23,NA,0,NA,0,NA,0,NA,0,NA,0,NA,NA,0
2013,4,24,NA,0,NA,0,NA,0,NA,0,NA,0,NA,NA,0
2013,4,25,NA,0,NA,0,NA,0,NA,0,NA,0,NA,NA,0
2013,4,26,NA,0,NA,0,NA,0,NA,0,NA,0,NA,NA,0
2013,4,27,NA,0,NA,0,NA,0,NA,0,NA,0,NA,NA,0
2013,4,28,NA,0,NA,0,NA,0,NA,0,NA,0,NA,NA,0
2013,4,29,NA,0,NA,0,NA,0,NA,0,NA,0,NA,NA,0
2013,4,30,NA,0,NA,0,NA,0,NA,0,NA,0,NA,NA,0
2013,5,1,NA,0,NA,0,NA,0,NA,0,NA,0,NA,NA,0
2013,5,2,NA,0,NA,0,NA,0,NA,0,NA,0,NA,NA,0
2013,5,3,NA,0,NA,0,NA,0,NA,0,NA,0,NA,NA,0
2013,5,4,NA,0,NA,0,NA,0,NA,0,NA,0,NA,NA,0
2013,5,5,NA,0,NA,0,NA,0,NA,0,NA,0,NA,NA,0
2013,5,6,NA,0,NA,0,NA,0,NA,0,NA,0,NA,NA,0
2013,5,7,NA,0,NA,0,NA,0,NA,0,NA,0,NA,NA,0
2013,5,8,NA,0,NA,0,NA,0,NA,0,NA,0,NA,NA,0
2013,5,9,NA,0,NA,0,NA,0,NA,0,NA,0,NA,NA,0
2013,5,10,NA,0,NA,0,NA,0,NA,0,NA,0,NA,NA,0
2013,5,11,NA,0,NA,0,NA,0,NA,0,NA,0,NA,NA,0
2013,5,12,NA,0,NA,0,NA,0,NA,0,NA,0,NA,NA,0
2013,5,13,NA,0,NA,0,NA,0,NA,0,NA,0,NA,NA,0
2013,5,14,NA,0,NA,0,NA,0,NA,0,NA,0,NA,NA,0
2013,5,15,NA,0,NA,0,NA,0,NA,0,NA,0,NA,NA,0
2013,5,16,NA,0,NA,0,NA,0,NA,0,NA,0,NA,NA,0
2013,5,17,NA,0,NA,0,NA,0,NA,0,NA,0,NA,NA,0
2013,5,18,NA,0,NA,0,NA,0,NA,0,NA,0,NA,NA,0
2013,5,19,NA,0,NA,0,NA,0,NA,0,NA,0,NA,NA,0
2013,5,20,NA,0,NA,0,NA,0,NA,0,NA,0,NA,NA,0
2013,5,21,NA,0,NA,0,NA,0,NA,0,NA,0,NA,NA,0
2013,5,22,NA,0,NA,0,NA,0,NA,0,NA,0,NA,NA,0
2013,5,23,NA,0,NA,0,NA,0,NA,0,NA,0,NA,NA,0
2013,5,24,NA,0,NA,0,NA,0,NA,0,NA,0,NA,NA,0
2013,5,25,NA,0,NA,0,NA,0,NA,0,NA,0,NA,NA,0
2013,5,26,NA,0,NA,0,NA,0,NA,0,NA,0,NA,NA,0
2013,5,27,NA,0,NA,0,NA,0,NA,0,NA,0,NA,NA,0
2013,5,28,NA,0,NA,0,NA,0,NA,0,NA,0,NA,NA,0
2013,5,29,NA,0,NA,0,NA,0,NA,0,NA,0,NA,NA,0
2013,5,30,NA,0,NA,0,NA,0,NA,0,NA,0,NA,NA,0
2013,5,31,NA,0,NA,0,NA,0,NA,0,NA,0,NA,NA,0
2013,6,1,NA,0,NA,0,NA,0,NA,0,NA,0,NA,NA,0
2013,6,2,NA,0,NA,0,NA,0,NA,0,NA,0,NA,NA,0
2013,6,3,NA,0,NA,0,NA,0,NA,0,NA,0,NA,NA,0
2013,6,4,NA,0,NA,0,NA,0,NA,0,NA,0,NA,NA,0
2013,6,5,NA,0,NA,0,NA,0,NA,0,NA,0,NA,NA,0
2013,6,6,NA,0,NA,0,NA,0,NA,0,NA,0,NA,NA,0
2013,6,7,NA,0,NA,0,NA,0,NA,0,NA,0,NA,NA,0
2013,6,8,NA,0,NA,0,NA,0,NA,0,NA,0,NA,NA,0
2013,6,9,NA,0,NA,0,NA,0,NA,0,NA,0,NA,NA,0
2013,6,10,NA,0,NA,0,NA,0,NA,0,NA,0,NA,NA,0
2013,6,11,NA,0,NA,0,NA,0,NA,0,NA,0,NA,NA,0
2013,6,12,NA,0,NA,0,NA,0,NA,0,NA,0,NA,NA,0
2013,6,13,NA,0,NA,0,NA,0,NA,0,NA,0,NA,NA,0
2013,6,14,NA,0,NA,0,NA,0,NA,0,NA,0,NA,NA,0
2013,6,15,NA,0,NA,0,NA,0,NA,0,NA,0,NA,NA,0
2013,6,16,NA,0,NA,0,NA,0,NA,0,NA,0,NA,NA,0
2013,6,17,NA,0,NA,0,NA,0,NA,0,NA,0,NA,NA,0
2013,6,18,NA,0,NA,0,NA,0,NA,0,NA,0,NA,NA,0
2013,6,19,NA,0,NA,0,NA,0,NA,0,NA,0,NA,NA,0
2013,6,20,NA,0,NA,0,NA,0,NA,0,NA,0,NA,NA,0
2013,6,21,NA,0,NA,0,NA,0,NA,0,NA,0,NA,NA,0
2013,6,22,NA,0,NA,0,NA,0,NA,0,NA,0,NA,NA,0
2013,6,23,NA,0,NA,0,NA,0,NA,0,NA,0,NA,NA,0
2013,6,24,NA,0,NA,0,NA,0,NA,0,NA,0,NA,NA,0
2013,6,25,NA,0,NA,0,NA,0,NA,0,NA,0,NA,NA,0
2013,6,26,NA,0,NA,0,NA,0,NA,0,NA,0,NA,NA,0
2013,6,27,NA,0,NA,0,NA,0,NA,0,NA,0,NA,NA,0
2013,6,28,NA,0,NA,0,NA,0,NA,0,NA,0,NA,NA,0
2013,6,29,NA,0,NA,0,NA,0,NA,0,NA,0,NA,NA,0
2013,6,30,NA,0,NA,0,NA,0,NA,0,NA,0,NA,NA,0
2013,7,1,NA,0,NA,0,NA,0,NA,0,NA,0,NA,NA,0
2013,7,2,NA,0,NA,0,NA,0,NA,0,NA,0,NA,NA,0
2013,7,3,NA,0,NA,0,NA,0,NA,0,NA,0,NA,NA,0
2013,7,4,NA,0,NA,0,NA,0,NA,0,NA,0,NA,NA,0
2013,7,5,NA,0,NA,0,NA,0,NA,0,NA,0,NA,NA,0
2013,7,6,NA,0,NA,0,NA,0,NA,0,NA,0,NA,NA,0
2013,7,7,NA,0,NA,0,NA,0,NA,0,NA,0,NA,NA,0
2013,7,8,NA,0,NA,0,NA,0,NA,0,NA,0,NA,NA,0
2013,7,9,NA,0,NA,0,NA,0,NA,0,NA,0,NA,NA,0
2013,7,10,NA,0,NA,0,NA,0,NA,0,NA,0,NA,NA,0
2013,7,11,NA,0,NA,0,NA,0,NA,0,NA,0,NA,NA,0
2013,7,12,NA,0,NA,0,NA,0,NA,0,NA,0,NA,NA,0
2013,7,13,NA,0,NA,0,NA,0,NA,0,NA,0,NA,NA,0
2013,7,14,NA,0,NA,0,NA,0,NA,0,NA,0,NA,NA,0
2013,7,15,NA,0,NA,0,NA,0,NA,0,NA,0,NA,NA,0
2013,7,16,NA,0,NA,0,NA,0,NA,0,NA,0,NA,NA,0
2013,7,17,NA,0,NA,0,NA,0,NA,0,NA,0,NA,NA,0
2013,7,18,NA,0,NA,0,NA,0,NA,0,NA,0,NA,NA,0
2013,7,19,NA,0,NA,0,NA,0,NA,0,NA,0,NA,NA,0
2013,7,20,NA,0,NA,0,NA,0,NA,0,NA,0,NA,NA,0
2013,7,21,NA,0,NA,0,NA,0,NA,0,NA,0,NA,NA,0
2013,7,22,NA,0,NA,0,NA,0,NA,0,NA,0,NA,NA,0
2013,7,23,NA,0,NA,0,NA,0,NA,0,NA,0,NA,NA,0
2013,7,24,NA,0,NA,0,NA,0,NA,0,NA,0,NA,NA,0
2013,7,25,NA,0,NA,0,NA,0,NA,0,NA,0,NA,NA,0
2013,7,26,NA,0,NA,0,NA,0,NA,0,NA,0,NA,NA,0
2013,7,27,NA,0,NA,0,NA,0,NA,0,NA,0,NA,NA,0
2013,7,28,NA,0,NA,0,NA,0,NA,0,NA,0,NA,NA,0
2013,7,29,NA,0,NA,0,NA,0,NA,0,NA,0,NA,NA,0
2013,7,30,NA,0,NA,0,NA,0,NA,0,NA,0,NA,NA,0
2013,7,31,NA,0,NA,0,NA,0,NA,0,NA,0,NA,NA,0
2013,8,1,NA,0,NA,0,NA,0,NA,0,NA,0,NA,NA,0
2013,8,2,NA,0,NA,0,NA,0,NA,0,NA,0,NA,NA,0
2013,8,3,NA,0,NA,0,NA,0,NA,0,NA,0,NA,NA,0
2013,8,4,NA,0,NA,0,NA,0,NA,0,NA,0,NA,NA,0
2013,8,5,NA,0,NA,0,NA,0,NA,0,NA,0,NA,NA,0
2013,8,6,NA,0,NA,0,NA,0,NA,0,NA,0,NA,NA,0
2013,8,7,NA,0,NA,0,NA,0,NA,0,NA,0,NA,NA,0
2013,8,8,NA,0,NA,0,NA,0,NA,0,NA,0,NA,NA,0
2013,8,9,NA,0,NA,0,NA,0,NA,0,NA,0,NA,NA,0
2013,8,10,NA,0,NA,0,NA,0,NA,0,NA,0,NA,NA,0
2013,8,11,NA,0,NA,0,NA,0,NA,0,NA,0,NA,NA,0
2013,8,12,NA,0,NA,0,NA,0,NA,0,NA,0,NA,NA,0
2013,8,13,NA,0,NA,0,NA,0,NA,0,NA,0,NA,NA,0
2013,8,14,NA,0,NA,0,NA,0,NA,0,NA,0,NA,NA,0
2013,8,15,NA,0,NA,0,NA,0,NA,0,NA,0,NA,NA,0
2013,8,16,NA,0,NA,0,NA,0,NA,0,NA,0,NA,NA,0
2013,8,17,NA,0,NA,0,NA,0,NA,0,NA,0,NA,NA,0
2013,8,18,NA,0,NA,0,NA,0,NA,0,NA,0,NA,NA,0
2013,8,19,NA,0,NA,0,NA,0,NA,0,NA,0,NA,NA,0
2013,8,20,NA,0,NA,0,NA,0,NA,0,NA,0,NA,NA,0
2013,8,21,NA,0,NA,0,NA,0,NA,0,NA,0,NA,NA,0
2013,8,22,NA,0,NA,0,NA,0,NA,0,NA,0,NA,NA,0
2013,8,23,NA,0,NA,0,NA,0,NA,0,NA,0,NA,NA,0
2013,8,24,NA,0,NA,0,NA,0,NA,0,NA,0,NA,NA,0
2013,8,25,NA,0,NA,0,NA,0,NA,0,NA,0,NA,NA,0
2013,8,26,NA,0,NA,0,NA,0,NA,0,NA,0,NA,NA,0
2013,8,27,NA,0,NA,0,NA,0,NA,0,NA,0,NA,NA,0
2013,8,28,NA,0,NA,0,NA,0,NA,0,NA,0,NA,NA,0
2013,8,29,NA,0,NA,0,NA,0,NA,0,NA,0,NA,NA,0
2013,8,30,NA,0,NA,0,NA,0,NA,0,NA,0,NA,NA,0
2013,8,31,NA,0,NA,0,NA,0,NA,0,NA,0,NA,NA,0
2013,9,1,NA,0,NA,0,NA,0,NA,0,NA,0,NA,NA,0
2013,9,2,NA,0,NA,0,NA,0,NA,0,NA,0,NA,NA,0
2013,9,3,NA,0,NA,0,NA,0,NA,0,NA,0,NA,NA,0
2013,9,4,NA,0,NA,0,NA,0,NA,0,NA,0,NA,NA,0
2013,9,5,NA,0,NA,0,NA,0,NA,0,NA,0,NA,NA,0
2013,9,6,NA,0,NA,0,NA,0,NA,0,NA,0,NA,NA,0
2013,9,7,NA,0,NA,0,NA,0,NA,0,NA,0,NA,NA,0
2013,9,8,NA,0,NA,0,NA,0,NA,0,NA,0,NA,NA,0
2013,9,9,NA,0,NA,0,NA,0,NA,0,NA,0,NA,NA,0
2013,9,10,NA,0,NA,0,NA,0,NA,0,NA,0,NA,NA,0
2013,9,11,NA,0,NA,0,NA,0,NA,0,NA,0,NA,NA,0
2013,9,12,NA,0,NA,0,NA,0,NA,0,NA,0,NA,NA,0
2013,9,13,NA,0,NA,0,NA,0,NA,0,NA,0,NA,NA,0
2013,9,14,NA,0,NA,0,NA,0,NA,0,NA,0,NA,NA,0
2013,9,15,NA,0,NA,0,NA,0,NA,0,NA,0,NA,NA,0
2013,9,16,NA,0,NA,0,NA,0,NA,0,NA,0,NA,NA,0
2013,9,17,NA,0,NA,0,NA,0,NA,0,NA,0,NA,NA,0
2013,9,18,NA,0,NA,0,NA,0,NA,0,NA,0,NA,NA,0
2013,9,19,NA,0,NA,0,NA,0,NA,0,NA,0,NA,NA,0
2013,9,20,NA,0,NA,0,NA,0,NA,0,NA,0,NA,NA,0
2013,9,21,NA,0,NA,0,NA,0,NA,0,NA,0,NA,NA,0
2013,9,22,NA,0,NA,0,NA,0,NA,0,NA,0,NA,NA,0
2013,9,23,NA,0,NA,0,NA,0,NA,0,NA,0,NA,NA,0
2013,9,24,NA,0,NA,0,NA,0,NA,0,NA,0,NA,NA,0
2013,9,25,NA,0,NA,0,NA,0,NA,0,NA,0,NA,NA,0
2013,9,26,NA,0,NA,0,NA,0,NA,0,NA,0,NA,NA,0
2013,9,27,NA,0.125,NA,0,NA,0.125,NA,0.125,NA,0.125,NA,NA,0.125
2013,9,28,-4.51,1,NA,0,NA,0.625,NA,0.625,90.73,1,NA,NA,0.625
2013,9,29,-0.69,1,NA,0,0.93,0.75,176.33,0.75,96.73,1,0.5,106.43,0.75
2013,9,30,-0.06,1,NA,0,1.74,0.875,179.75,1,88.94,1,1,31.99,0.875
2013,10,1,-0.1,1,NA,0,2.58,1,215.75,1,88.09,1,0.86,251.39,1
2013,10,2,-1.5,1,NA,0,NA,0.625,NA,0.625,NA,0.375,NA,NA,0.625
2013,10,3,-3.28,1,NA,0,NA,0.125,NA,0.125,96.78,1,NA,NA,0.125
2013,10,4,-2.34,1,NA,0,NA,0.625,NA,0.625,91.26,0.875,NA,NA,0.625
2013,10,5,1.8,1,NA,0,NA,0.5,76.75,1,75.13,1,NA,NA,0.5
2013,10,6,1.04,1,NA,0,NA,0.375,97.38,1,77.91,1,NA,NA,0.375
2013,10,7,-0.39,1,NA,0,2.34,0.875,161.29,0.875,92.35,0.75,0.76,78.75,0.875
2013,10,8,1.75,1,NA,0,NA,0.5,111.62,1,79.16,1,NA,NA,0.5
2013,10,9,1.42,1,NA,0,NA,0.625,49.38,1,76.91,1,NA,NA,0.625
2013,10,10,0.3,1,NA,0,NA,0.625,153.5,1,82.51,1,NA,NA,0.625
2013,10,11,-0.25,1,NA,0,NA,0.25,132.88,1,79.89,1,NA,NA,0.25
2013,10,12,-0.56,1,NA,0,5.88,0.75,164.25,1,78.81,1,3.85,332.27,0.75
2013,10,13,0.66,1,NA,0,NA,0.25,66.12,1,77.29,1,NA,NA,0.25
2013,10,14,0.44,1,NA,0,NA,0.625,82.38,1,82.36,1,NA,NA,0.625
2013,10,15,-5.42,0.75,NA,0,NA,0.5,110.29,0.875,80.48,1,NA,NA,0.5
2013,10,16,-11.2,0.75,NA,0,NA,0.625,229.75,1,85.81,1,NA,NA,0.625
2013,10,17,-9.9,1,NA,0,3.89,1,218,1,77.5,1,3.71,225.42,1
2013,10,18,-7.56,1,NA,0,NA,0.625,NA,0.625,71.55,1,NA,NA,0.625
2013,10,19,-4.98,1,NA,0,1.28,0.75,150,0.75,83.88,1,0.64,307.27,0.75
2013,10,20,-6.89,1,NA,0,2,0.75,232.17,0.75,87.59,1,1.34,257.73,0.75
2013,10,21,-10.53,1,NA,0,2.86,1,215.25,1,86.2,1,2.81,212.35,1
2013,10,22,-9.33,1,NA,0,3.11,0.875,214.12,1,76.79,1,3.02,211.52,0.875
2013,10,23,-5.51,0.875,NA,0,1.48,0.75,185,0.75,85.71,1,1.28,95.14,0.75
2013,10,24,-2.18,1,NA,0,NA,0.625,259.5,1,91.03,1,NA,NA,0.625
2013,10,25,-4.95,1,NA,0,NA,0.5,190.86,0.875,86.71,1,NA,NA,0.5
2013,10,26,-0.96,1,NA,0,NA,0.5,77.25,1,78.79,1,NA,NA,0.5
2013,10,27,-10.08,0.75,NA,0,5.97,0.75,248.38,1,83.59,1,5.75,240.82,0.75
2013,10,28,-10.39,1,NA,0,4.33,0.875,201.12,1,75.28,1,2.99,231.72,0.875
2013,10,29,0.19,0.875,NA,0,NA,0.375,190.62,1,86.73,1,NA,NA,0.375
2013,10,30,1.06,1,NA,0,NA,0.625,167,1,82,1,NA,NA,0.625
2013,10,31,-2.61,1,NA,0,3.45,1,198.75,1,82.31,1,1.74,224,1
2013,11,1,0.99,1,NA,0,12.13,0.75,298.5,1,87.35,1,11.99,337.35,0.75
2013,11,2,1.3,1,NA,0,14.27,0.75,102.38,1,87.5,1,13.95,9.47,0.75
2013,11,3,-4.72,0.75,NA,0,NA,0.125,200.88,1,83.69,1,NA,NA,0.125
2013,11,4,-6.04,0.875,NA,0,3.48,0.75,120.86,0.875,85.98,1,2.88,99.32,0.75
2013,11,5,-8.26,0.875,NA,0,5.07,0.875,219.12,1,74.09,1,2.95,236.83,0.875
2013,11,6,-7.07,0.875,NA,0,6.36,1,255.5,1,83.01,1,4.24,273.11,1
2013,11,7,-11.13,1,NA,0,NA,0.625,265.5,0.75,69.09,1,NA,NA,0.625
2013,11,8,-11.58,1,NA,0,1.73,1,226,1,79.4,1,0.62,269.92,1
2013,11,9,-10.08,1,NA,0,3.29,1,219.62,1,79.6,1,3.01,226.57,1
2013,11,10,NA,0.5,NA,0,0.71,0.875,166.71,0.875,66.96,1,0.48,110.71,0.875
2013,11,11,-2.01,1,NA,0,0.98,0.75,187.33,0.75,85.93,1,0.41,136.46,0.75
2013,11,12,-0.91,1,NA,0,0.99,0.875,217.86,0.875,85.9,0.75,0.46,189.4,0.875
2013,11,13,-0.73,1,NA,0,3.31,1,222.75,1,83.71,1,0.54,303.79,1
2013,11,14,-2.69,0.875,NA,0,3.53,0.875,311,0.875,89.15,1,2.79,299.66,0.875
2013,11,15,-2.66,1,NA,0,1.8,0.875,191.14,0.875,83.06,1,0.18,313.18,0.875
2013,11,16,-3.56,1,NA,0,NA,0.5,NA,0.5,83.99,1,NA,NA,0.5
2013,11,17,-2.99,0.875,NA,0,NA,0.375,155.86,0.875,79.55,1,NA,NA,0.375
2013,11,18,0.39,1,NA,0,NA,0.625,32.75,1,82.41,1,NA,NA,0.625
2013,11,19,-0.8,1,NA,0,6.5,1,186,1,74.3,1,5.12,1.33,1
2013,11,20,-2.44,1,NA,0,2.35,0.75,178.75,1,75.49,1,1.14,347.15,0.75
2013,11,21,-1.75,1,NA,0,NA,0.625,63.38,1,78.18,1,NA,NA,0.625
2013,11,22,0.31,1,NA,0,4.8,0.875,195.38,1,84.26,1,0.74,7.59,0.875
2013,11,23,4.16,1,NA,0,10.07,0.75,41.5,1,73.95,1,8.7,25.88,0.75
2013,11,24,0.7,1,NA,0,8,0.875,172,1,79.43,1,6.98,1.71,0.875
2013,11,25,-1.14,1,NA,0,NA,0.625,232.62,1,87.61,1,NA,NA,0.625
2013,11,26,-1.76,1,NA,0,2.89,1,254.88,1,83.74,1,1.99,282.56,1
2013,11,27,0.33,1,NA,0,4.4,0.875,149.5,1,69.43,1,3.28,90.08,0.875
2013,11,28,-2,1,NA,0,2.14,1,280.62,1,80.96,1,1.44,283.25,1
2013,11,29,-2.69,1,NA,0,2.14,1,281.75,1,84.83,1,1.92,284,1
2013,11,30,-1.35,1,NA,0,2.76,1,220.5,1,87.97,0.875,1.13,276.21,1
2013,12,1,-3.29,1,NA,0,4.38,1,258.88,1,87.55,1,4.08,255.58,1
2013,12,2,-3.78,0.75,NA,0,2.49,1,298.38,1,86.41,1,2.3,300.85,1
2013,12,3,NA,0.375,NA,0,2.12,1,156.5,1,63.94,1,1.65,103.31,1
2013,12,4,NA,0.5,NA,0,2.04,1,190.88,1,77.15,1,1.33,260.23,1
2013,12,5,NA,0.25,NA,0,1.41,1,229.5,1,80.56,1,0.49,254.75,1
2013,12,6,NA,0.5,NA,0,NA,0.625,NA,0.625,71.54,1,NA,NA,0.625
2013,12,7,NA,0,NA,0,0.76,1,247.12,1,84.21,1,0.45,258.33,1
2013,12,8,NA,0.625,NA,0,2.75,1,229.38,1,85.73,1,2.53,226.52,1
2013,12,9,NA,0.625,NA,0,2.5,1,249.38,1,89.9,1,2.19,257.69,1
2013,12,10,NA,0.25,NA,0,1.52,1,174.75,1,81.18,1,1.17,169.2,1
2013,12,11,NA,0.5,NA,0,2.15,1,243.62,1,87.8,1,1.63,245.45,1
2013,12,12,-0.03,0.75,NA,0,2.2,0.875,114.12,1,88.8,1,1.85,113.12,0.875
2013,12,13,0.83,0.75,NA,0,3.27,0.875,180.88,1,73.73,1,1.38,66.64,0.875
2013,12,14,NA,0.625,NA,0,2.76,1,259,1,86.45,1,2.33,307.47,1
2013,12,15,NA,0.375,NA,0,1.94,1,257.62,1,92.59,1,1.6,262.85,1
2013,12,16,NA,0.5,NA,0,1.85,1,238.5,1,87.64,1,1.67,254.42,1
2013,12,17,NA,0.25,NA,0,1.52,1,192.25,1,79.98,1,1.31,204.17,1
2013,12,18,NA,0.25,NA,0,1.27,1,216,1,72.08,1,1.09,230.4,1
2013,12,19,NA,0.375,NA,0,1.67,0.875,215,0.875,75.13,1,1.08,213.73,0.875
2013,12,20,NA,0.5,NA,0,2.62,1,194.88,1,79.63,1,2.39,206.48,1
2013,12,21,NA,0.25,NA,0,1.53,0.875,201.43,0.875,78.34,1,0.95,201.54,0.875
2013,12,22,-1.24,1,NA,0,6.24,0.875,225.62,1,79.89,1,6.16,221.08,0.875
2013,12,23,-1.11,0.875,NA,0,2.73,0.875,260.5,1,83.83,1,0.86,334.5,0.875
2013,12,24,NA,0.5,NA,0,1.72,0.75,136.88,1,80.18,1,0.39,70.36,0.75
2013,12,25,1.11,1,NA,0,7.44,1,94.75,1,48.23,1,7.38,94.41,1
2013,12,26,1.19,0.875,NA,0,3.15,1,106.5,1,50.36,1,2.73,97.51,1
2013,12,27,NA,0.5,NA,0,2.11,1,173.38,1,59.78,1,1.69,136.34,1
2013,12,28,3.66,0.875,NA,0,4.62,1,105.25,1,52.25,1,3.92,76.2,1
2013,12,29,1.6,1,NA,0,NA,0.375,69.75,1,68.94,1,NA,NA,0.375
2013,12,30,NA,0.125,NA,0,1.11,1,185.5,1,73.1,1,0.22,29.75,1
2013,12,31,2.33,0.75,NA,0,4.47,0.75,139.62,1,62.78,1,3.48,71.5,0.75
2014,1,1,NA,0.625,NA,0,2.5,0.875,151.25,1,75.51,1,0.56,24.6,0.875
2014,1,2,-0.4,0.875,NA,0,3.04,1,211.88,1,85.37,0.875,2.89,199.05,1
2014,1,3,0.23,0.75,NA,0,3.38,1,206.25,1,80.84,1,3.3,207.9,1
2014,1,4,0.83,0.875,NA,0,3.05,0.75,126.17,0.75,79.99,1,2.25,358.51,0.75
2014,1,5,-0.43,1,NA,0,5.53,0.875,94.38,1,73.3,1,5.46,5.28,0.875
2014,1,6,0.33,1,NA,0,6.19,0.875,80.5,1,60.99,1,5.32,24.11,0.875
2014,1,7,NA,0.5,NA,0,2,0.875,232.57,0.875,80.18,1,1.56,278.01,0.875
2014,1,8,-1.05,1,NA,0,3.21,1,331.5,1,87.64,1,3.01,336.35,1
2014,1,9,NA,0.5,NA,0,2.2,0.875,303.57,0.875,84.34,1,2.06,309.55,0.875
2014,1,10,-0.84,0.875,NA,0,2.52,1,309.75,1,85.15,1,2.34,308.64,1
2014,1,11,-0.17,0.75,NA,0,2.2,1,192.25,1,77.81,1,1.09,55.22,1
2014,1,12,2.04,1,NA,0,NA,0.5,96.62,1,77.11,1,NA,NA,0.5
2014,1,13,4.04,0.875,NA,0,3.75,0.75,94.62,1,82.5,1,2.17,85.13,0.75
2014,1,14,4.46,1,NA,0,NA,0.25,96.38,1,77.48,1,NA,NA,0.25
2014,1,15,NA,0.625,NA,0,2.98,0.75,192.38,1,NA,0.625,2.23,202.39,0.75
2014,1,16,NA,0.5,NA,0,2.91,1,208.5,1,72.19,1,2.29,225.36,1
2014,1,17,NA,0,NA,0,0.94,1,155,1,76.84,1,0.41,62.37,1
2014,1,18,1.94,1,NA,0,3.22,0.75,107.25,1,77.18,1,2.56,90.96,0.75
2014,1,19,NA,0.5,NA,0,1.32,0.75,147.67,0.75,92.01,1,1.21,118.6,0.75
2014,1,20,2.2,0.875,NA,0,3.02,0.75,237.38,1,78.7,1,0.92,326.52,0.75
2014,1,21,NA,0.5,NA,0,1.29,0.875,194.71,0.875,83.08,1,0.54,12.94,0.875
2014,1,22,NA,0.5,NA,0,2.23,0.875,230.86,0.875,90.29,1,1.39,268.17,0.875
2014,1,23,-0.14,1,NA,0,4.82,1,222.5,1,82.42,1,4.76,223.6,1
2014,1,24,NA,0.5,NA,0,NA,0.625,NA,0.625,90.25,1,NA,NA,0.625
2014,1,25,0.26,0.875,NA,0,NA,0.625,NA,0.625,96.74,0.875,NA,NA,0.625
2014,1,26,NA,0.5,NA,0,1.7,0.75,114.83,0.75,77.55,1,0.64,37,0.75
2014,1,27,NA,0.625,NA,0,3.17,1,186.62,1,73.49,1,0.57,183.83,1
2014,1,28,1.06,0.875,NA,0,3.01,0.875,245.88,1,80.21,1,2.8,226,0.875
2014,1,29,0.31,0.875,NA,0,NA,0.5,NA,0.5,83.58,1,NA,NA,0.5
2014,1,30,1.1,0.875,NA,0,NA,0.625,NA,0.625,77.43,1,NA,NA,0.625
2014,1,31,0.8,0.75,NA,0,2.41,1,124.62,1,75.26,1,0.57,220.17,1
2014,2,1,NA,0.625,NA,0,2.31,0.875,257.14,0.875,79.56,1,1.49,319.31,0.875
2014,2,2,NA,0.5,NA,0,1.82,0.75,166.67,0.75,71.93,1,1.78,5.21,0.75
2014,2,3,NA,0.5,NA,0,0.93,0.75,103.33,0.75,72.3,1,0.36,23.36,0.75
2014,2,4,NA,0.625,NA,0,1.8,0.75,274.5,0.75,81.05,1,1.68,346.05,0.75
2014,2,5,0.48,0.75,NA,0,3.16,1,212.75,1,78.35,1,2.02,193.34,1
2014,2,6,NA,0.625,NA,0,2.74,1,183.38,1,60.31,1,2.3,199.15,1
2014,2,7,NA,0.375,NA,0,1.99,1,118.62,1,62.98,1,1.58,87.83,1
2014,2,8,-1.95,1,NA,0,9.19,0.875,86.5,1,73.45,1,9.11,96.95,0.875
2014,2,9,-1.81,1,NA,0,NA,0.375,184.88,1,66.3,1,NA,NA,0.375
2014,2,10,NA,0.5,NA,0,NA,0.5,NA,0.5,56.43,1,NA,NA,0.5
2014,2,11,0.12,1,NA,0,NA,0.5,22.83,0.75,66.99,1,NA,NA,0.5
2014,2,12,0.5,0.875,NA,0,3.17,0.75,64.29,0.875,73.98,1,2.88,9.55,0.75
2014,2,13,1.71,1,NA,0,NA,0.375,77.25,1,77.45,1,NA,NA,0.375
2014,2,14,NA,0.625,NA,0,1.53,0.75,184,1,90.93,1,0.83,344.28,0.75
2014,2,15,1.79,1,NA,0,5.7,0.75,138.38,1,89.44,1,1.43,317.67,0.75
2014,2,16,2.8,1,NA,0,7.57,0.75,335.5,1,89.24,1,7.28,330.87,0.75
2014,2,17,NA,0.625,NA,0,3.99,0.875,242.14,0.875,90.75,1,3.4,320.79,0.875
2014,2,18,NA,0.625,NA,0,NA,0.625,95.5,0.75,82.13,1,NA,NA,0.625
2014,2,19,-0.06,0.875,NA,0,NA,0.625,201.12,1,80.44,1,NA,NA,0.625
2014,2,20,1.24,1,NA,0,NA,0.375,129.88,1,85.6,1,NA,NA,0.375
2014,2,21,0.53,0.875,NA,0,NA,0.625,NA,0.625,86.11,1,NA,NA,0.625
2014,2,22,0.24,1,NA,0,4.37,0.75,227.57,0.875,78.69,1,4.19,230.95,0.75
2014,2,23,0.2,1,NA,0,6.17,0.875,218.25,1,78.66,1,6.13,219.02,0.875
2014,2,24,1.24,0.875,NA,0,4.87,0.75,152.38,1,85.78,1,2.87,355.82,0.75
2014,2,25,1.65,1,NA,0,7.87,0.75,261,1,89.33,0.75,5.67,316.29,0.75
2014,2,26,2.33,0.875,NA,0,NA,0.25,249.12,1,86.56,1,NA,NA,0.25
2014,2,27,0.55,1,NA,0,7.77,1,261.12,1,87.31,1,6.86,263.86,1
2014,2,28,1.22,1,NA,0,6.19,0.875,256.12,1,84.94,1,5.68,343.19,0.875
2014,3,1,0.7,1,NA,0,4.17,0.75,247,0.875,91.07,0.875,1.89,354.61,0.75
2014,3,2,-0.14,1,NA,0,4.41,1,234.25,1,82.3,1,4.26,221.2,1
2014,3,3,0.48,1,NA,0,3.37,0.75,103.38,1,81.96,1,2.35,51.43,0.75
2014,3,4,1.04,1,NA,0,5.76,0.875,317.88,1,89.03,1,5.27,317.32,0.875
2014,3,5,3.11,1,NA,0,8.4,1,74.12,1,77.21,1,7.82,32.5,1
2014,3,6,3,1,NA,0,NA,0.25,NA,0.625,79.2,1,NA,NA,0.25
2014,3,7,-0.21,1,NA,0,NA,0,NA,0,85.62,0.75,NA,NA,0
2014,3,8,1.08,1,NA,0,NA,0,NA,0,69.82,1,NA,NA,0
2014,3,9,2.5,1,NA,0,NA,0,NA,0,78.39,1,NA,NA,0
2014,3,10,-0.19,1,NA,0,NA,0,NA,0,88.8,1,NA,NA,0
2014,3,11,-0.06,1,NA,0,NA,0,NA,0,88.73,1,NA,NA,0
2014,3,12,-1.15,1,NA,0,NA,0,NA,0,88.5,1,NA,NA,0
2014,3,13,-0.12,1,NA,0,NA,0,NA,0,72.8,1,NA,NA,0
2014,3,14,0.1,1,NA,0,NA,0,NA,0,69.69,1,NA,NA,0
2014,3,15,-1.26,1,NA,0,NA,0,NA,0,79.2,1,NA,NA,0
2014,3,16,-0.01,1,NA,0,NA,0,NA,0,69.21,1,NA,NA,0
2014,3,17,-1.2,1,NA,0,NA,0,NA,0,83.49,1,NA,NA,0
2014,3,18,-0.28,1,NA,0,NA,0,NA,0,76.65,1,NA,NA,0
2014,3,19,0.74,1,NA,0,NA,0,NA,0,73.43,1,NA,NA,0
2014,3,20,0.56,1,NA,0,NA,0,NA,0,70.85,1,NA,NA,0
2014,3,21,-0.95,1,NA,0,NA,0,NA,0,72.15,1,NA,NA,0
2014,3,22,-1.78,1,NA,0,NA,0,NA,0,71.8,1,NA,NA,0
2014,3,23,-1.7,1,NA,0,NA,0,NA,0,78.64,1,NA,NA,0
2014,3,24,-2.3,1,NA,0,NA,0,NA,0,68.65,1,NA,NA,0
2014,3,25,-1.19,1,NA,0,NA,0,NA,0,78.95,1,NA,NA,0
2014,3,26,-0.81,1,NA,0,NA,0,NA,0,84.76,1,NA,NA,0
2014,3,27,-0.7,1,NA,0,NA,0,NA,0,80.59,1,NA,NA,0
2014,3,28,0.29,1,NA,0,NA,0,NA,0,77.43,1,NA,NA,0
2014,3,29,1.4,1,NA,0,NA,0,NA,0,76.18,1,NA,NA,0
2014,3,30,-0.06,1,NA,0,NA,0,NA,0,82.94,1,NA,NA,0
2014,3,31,-1.85,1,NA,0,NA,0,NA,0,78.29,1,NA,NA,0
2014,4,1,-0.75,1,NA,0,NA,0,NA,0,80.43,1,NA,NA,0
2014,4,2,-0.66,1,NA,0,NA,0,NA,0,86.64,1,NA,NA,0
2014,4,3,-0.91,1,NA,0,NA,0,NA,0,89.29,1,NA,NA,0
2014,4,4,-2.06,1,NA,0,NA,0,NA,0,78.18,1,NA,NA,0
2014,4,5,-1.06,1,NA,0,NA,0,NA,0,87.43,1,NA,NA,0
2014,4,6,-1.85,1,NA,0,NA,0,NA,0,85.01,1,NA,NA,0
2014,4,7,-0.21,1,NA,0,NA,0,NA,0,92.62,0.75,NA,NA,0
2014,4,8,1.19,1,NA,0,NA,0,NA,0,80.7,1,NA,NA,0
2014,4,9,3.86,1,NA,0,NA,0,NA,0,77.32,1,NA,NA,0
2014,4,10,3.89,1,NA,0,NA,0,NA,0,74.41,1,NA,NA,0
2014,4,11,1.01,1,NA,0,NA,0,NA,0,84.18,1,NA,NA,0
2014,4,12,-2.01,1,NA,0,NA,0,NA,0,83.4,1,NA,NA,0
2014,4,13,-1.31,1,NA,0,NA,0,NA,0,80.45,1,NA,NA,0
2014,4,14,-0.78,1,NA,0,NA,0,NA,0,79.13,1,NA,NA,0
2014,4,15,-0.8,1,NA,0,NA,0,NA,0,63.38,1,NA,NA,0
2014,4,16,0.05,1,NA,0,NA,0,NA,0,63.8,1,NA,NA,0
2014,4,17,-1,1,NA,0,NA,0,NA,0,69.94,1,NA,NA,0
2014,4,18,-3.2,1,NA,0,NA,0,NA,0,75.18,1,NA,NA,0
2014,4,19,-2.14,1,NA,0,NA,0,NA,0,78.59,1,NA,NA,0
2014,4,20,-2.16,1,NA,0,NA,0,NA,0,72.4,1,NA,NA,0
2014,4,21,-0.37,1,NA,0,NA,0,NA,0,84.43,1,NA,NA,0
2014,4,22,-0.34,1,NA,0,NA,0,NA,0,91.19,1,NA,NA,0
2014,4,23,2.4,1,NA,0,NA,0,NA,0,75.18,1,NA,NA,0
2014,4,24,4.7,1,NA,0,NA,0,NA,0,76.1,1,NA,NA,0
2014,4,25,1.31,1,NA,0,NA,0,NA,0,85.64,1,NA,NA,0
2014,4,26,2.14,1,NA,0,NA,0,NA,0,77.44,1,NA,NA,0
2014,4,27,-0.3,1,NA,0,NA,0,NA,0,89.34,1,NA,NA,0
2014,4,28,-2.9,1,NA,0,NA,0,NA,0,88.78,1,NA,NA,0
2014,4,29,-2.34,1,NA,0,NA,0,NA,0,76.13,1,NA,NA,0
2014,4,30,-0.38,1,NA,0,NA,0,NA,0,77.93,1,NA,NA,0
2014,5,1,0.6,1,NA,0,NA,0,NA,0,83.03,1,NA,NA,0
2014,5,2,0.09,1,NA,0,NA,0,NA,0,84.73,1,NA,NA,0
2014,5,3,2.38,1,NA,0,NA,0,NA,0,73.81,1,NA,NA,0
2014,5,4,3.46,1,NA,0,NA,0,NA,0,72.31,1,NA,NA,0
2014,5,5,0.16,1,NA,0,NA,0,NA,0,NA,0.5,NA,NA,0
2014,5,6,-1.51,1,NA,0,NA,0,NA,0,NA,0.5,NA,NA,0
2014,5,7,-0.88,1,NA,0,NA,0,NA,0,82.93,1,NA,NA,0
2014,5,8,0.11,0.875,NA,0,NA,0,NA,0,65.14,1,NA,NA,0
2014,5,9,4.45,1,NA,0,NA,0,NA,0,69.04,1,NA,NA,0
2014,5,10,1.56,1,NA,0,NA,0,NA,0,81.31,1,NA,NA,0
2014,5,11,1.64,1,NA,0,NA,0,NA,0,67.94,1,NA,NA,0
2014,5,12,0.99,1,NA,0,NA,0,NA,0,76.09,1,NA,NA,0
2014,5,13,-0.42,1,NA,0,NA,0.25,NA,0.25,70.39,1,NA,NA,0.25
2014,5,14,-2.1,1,NA,0,3.14,1,250.38,1,83.06,1,1.28,284.86,1
2014,5,15,-3.35,1,NA,0,4.33,0.75,211.71,0.875,83.15,1,4.27,205.99,0.75
2014,5,16,-4.1,1,NA,0,NA,0.125,NA,0.125,81.73,1,NA,NA,0.125
2014,5,17,-1.1,1,NA,0,NA,0.625,NA,0.625,83.84,1,NA,NA,0.625
2014,5,18,-0.22,1,NA,0,NA,0.625,290.43,0.875,93.99,0.875,NA,NA,0.625
2014,5,19,0.58,1,NA,0,NA,0.625,137.29,0.875,84.15,1,NA,NA,0.625
2014,5,20,-0.01,1,NA,0,NA,0.625,178,1,84.3,0.75,NA,NA,0.625
2014,5,21,-2.58,1,NA,0,NA,0.25,218.12,1,86.95,1,NA,NA,0.25
2014,5,22,-4.48,1,NA,0,2.22,1,140.75,1,72.85,1,0.37,328.67,1
2014,5,23,-4.52,1,NA,0,3.44,1,148.25,1,71.75,1,0.41,275.91,1
2014,5,24,-5.85,1,NA,0,2.91,1,128.88,1,74.74,1,1.3,57.47,1
2014,5,25,-2.31,1,NA,0,1.36,1,174.62,1,76.06,1,0.49,320.77,1
2014,5,26,-0.73,1,NA,0,1.71,0.875,252.88,1,85.21,1,1.19,330.65,0.875
2014,5,27,-0.14,1,NA,0,NA,0.5,232.12,1,87.26,1,NA,NA,0.5
2014,5,28,-2.55,1,NA,0,NA,0.25,84.12,1,74.05,1,NA,NA,0.25
2014,5,29,0.19,1,NA,0,NA,0.125,97.38,1,74.36,1,NA,NA,0.125
2014,5,30,-2.54,1,NA,0,1.9,0.75,117.12,1,79.75,1,1.14,31.71,0.75
2014,5,31,-4.2,1,NA,0,3.15,1,52.62,1,75.83,1,2.93,48.4,1
2014,6,1,-4.24,1,NA,0,1.51,1,100.25,1,84.98,1,0.64,31.88,1
2014,6,2,-4.67,1,NA,0,1.82,1,58,1,91.73,1,1.36,42.03,1
2014,6,3,-2.76,1,NA,0,1.19,1,164.25,1,90.81,1,0.95,21.87,1
2014,6,4,-2.09,1,NA,0,2.17,1,113.75,1,89.91,1,0.56,69.91,1
2014,6,5,-4.05,1,NA,0,0.88,1,87.25,1,90.51,1,0.79,35.7,1
2014,6,6,-4.21,1,NA,0,0.47,0.75,114,0.75,96.86,1,0.21,34.09,0.75
2014,6,7,-4.79,1,NA,0,NA,0.125,NA,0.625,97.89,1,NA,NA,0.125
2014,6,8,-3,1,NA,0,NA,0.5,NA,0.5,86.61,1,NA,NA,0.5
2014,6,9,-3.13,1,NA,0,2.02,1,191.25,1,81.38,1,1.67,348.15,1
2014,6,10,-4.4,1,NA,0,1.57,1,79,1,80.09,1,1.42,21.35,1
2014,6,11,-5.36,1,NA,0,0.86,0.875,21.57,0.875,76.14,1,0.85,17.19,0.875
2014,6,12,-4.04,0.875,NA,0,1.11,0.875,104.57,0.875,59.8,0.875,0.72,44.64,0.875
2014,6,13,-3.64,1,NA,0,2.35,1,148.38,1,69.35,1,1.83,38,1
2014,6,14,-4.35,1,NA,0,NA,0.625,34.38,1,70.68,1,NA,NA,0.625
2014,6,15,-4.79,1,NA,0,4.41,0.875,52.25,1,70.88,1,3.93,29.77,0.875
2014,6,16,-1.56,1,NA,0,3.74,0.875,180.5,1,86.27,0.875,1.65,134.92,0.875
2014,6,17,-1.95,1,NA,0,7.15,1,234.62,1,86.86,1,5.52,318.04,1
2014,6,18,-1.47,1,NA,0,2.69,0.875,275.12,1,NA,0.625,2.16,313.77,0.875
2014,6,19,-0.25,1,NA,0,NA,0.625,161.43,0.875,82.79,1,NA,NA,0.625
2014,6,20,-0.15,1,NA,0,NA,0.25,159.5,1,84.98,1,NA,NA,0.25
2014,6,21,-4.61,1,NA,0,13.46,1,238.75,1,78.98,1,13.13,239.17,1
2014,6,22,-5.17,0.875,NA,0,9.68,0.75,181.25,1,87.21,1,6.89,230.23,0.75
2014,6,23,0.75,1,NA,0,NA,0.625,95.12,1,85.29,0.875,NA,NA,0.625
2014,6,24,0.04,1,NA,0,NA,0.5,78.25,1,70.06,0.875,NA,NA,0.5
2014,6,25,-2.35,1,NA,0,7.87,0.75,71.12,1,70.91,1,6.75,66.93,0.75
2014,6,26,-1.49,1,NA,0,NA,0.625,61.5,1,72.29,1,NA,NA,0.625
2014,6,27,-3.4,1,NA,0,10.32,1,29.25,1,67.55,1,9.83,24.26,1
2014,6,28,-1.49,1,NA,0,NA,0.25,102.62,1,78.19,1,NA,NA,0.25
2014,6,29,-1,1,NA,0,NA,0.625,206.75,1,82,1,NA,NA,0.625
2014,6,30,0.56,1,NA,0,NA,0.625,33.5,1,82.11,1,NA,NA,0.625
2014,7,1,0.83,1,NA,0,16.47,0.75,20.75,1,88.61,1,16.08,23.22,0.75
2014,7,2,0.83,1,NA,0,12.07,0.75,57.62,1,85.66,1,11.94,11.81,0.75
2014,7,3,-0.86,1,NA,0,NA,0.625,295.5,1,81.55,1,NA,NA,0.625
2014,7,4,-2.54,1,NA,0,2.38,1,145.75,1,75.89,1,1.73,14.53,1
2014,7,5,-0.38,1,NA,0,NA,0.5,33.38,1,81.53,1,NA,NA,0.5
2014,7,6,-2.75,1,NA,0,10.44,0.875,314.12,1,77,1,9.73,326.39,0.875
2014,7,7,-6.19,1,NA,0,NA,0.625,135.25,1,75.98,1,NA,NA,0.625
2014,7,8,-6.48,1,NA,0,NA,0.625,165.25,1,69.26,1,NA,NA,0.625
2014,7,9,-4.73,1,NA,0,4.23,0.875,124.12,1,90.38,1,1.99,111.25,0.875
2014,7,10,-7.1,1,NA,0,8.44,1,216.75,1,79.01,1,8.28,216.55,1
2014,7,11,-5.16,1,NA,0,2.29,0.875,115.62,1,82.16,1,1.54,102.19,0.875
2014,7,12,0.69,1,NA,0,NA,0.5,188,1,85.39,1,NA,NA,0.5
2014,7,13,-1.99,0.875,NA,0,NA,0.5,318.88,1,81.05,1,NA,NA,0.5
2014,7,14,-3.82,0.75,NA,0,NA,0.25,130.5,1,78.26,1,NA,NA,0.25
2014,7,15,NA,0.625,NA,0,NA,0.625,228.5,1,77.9,1,NA,NA,0.625
2014,7,16,NA,0.625,NA,0,NA,0.25,266.62,1,89.63,1,NA,NA,0.25
2014,7,17,NA,0.625,NA,0,7.4,0.75,216.29,0.875,72.04,0.875,7.05,225.79,0.75
2014,7,18,-10.19,0.875,NA,0,2.19,0.875,80.5,1,67.85,1,1.8,79.42,0.875
2014,7,19,-1.34,0.875,NA,0,2.7,0.875,164,1,87.59,1,1.91,85.31,0.875
2014,7,20,0.36,1,NA,0,3.92,0.75,51,1,84.01,1,3.07,24.25,0.75
2014,7,21,-0.78,1,NA,0,NA,0.625,103.5,1,77.59,1,NA,NA,0.625
2014,7,22,-2.18,1,NA,0,1.86,0.875,146.88,1,90.13,1,0.59,29,0.875
2014,7,23,-2.54,1,NA,0,NA,0.625,NA,0.625,83.64,1,NA,NA,0.625
2014,7,24,-4.85,1,NA,0,1.65,0.75,62.38,1,84.16,1,1.62,40.03,0.75
2014,7,25,-7.68,1,NA,0,2.6,1,203.5,1,88.96,1,1.58,206.58,1
2014,7,26,-7.09,1,NA,0,3.95,1,236.5,1,86.43,1,3.01,249.81,1
2014,7,27,-4.5,1,NA,0,2.75,1,261,1,93.33,1,2.31,263.76,1
2014,7,28,-4.75,1,NA,0,NA,0.5,NA,0.5,94.44,1,NA,NA,0.5
2014,7,29,-4.05,1,NA,0,NA,0.5,NA,0.5,91.06,1,NA,NA,0.5
2014,7,30,-2.78,1,NA,0,NA,0,NA,0.375,NA,0.625,NA,NA,0
2014,7,31,-6.44,1,NA,0,NA,0.125,NA,0.125,95.31,1,NA,NA,0.125
2014,8,1,-6.32,1,NA,0,NA,0,NA,0,90.24,1,NA,NA,0
2014,8,2,-2.64,1,NA,0,NA,0,NA,0,96.6,1,NA,NA,0
2014,8,3,-3.86,1,NA,0,NA,0,NA,0,91.02,1,NA,NA,0
2014,8,4,-6.73,1,NA,0,NA,0.25,NA,0.25,88.89,1,NA,NA,0.25
2014,8,5,-5.66,1,NA,0,NA,0.375,NA,0.375,83.16,1,NA,NA,0.375
2014,8,6,-1.84,1,NA,0,2.72,1,99.88,1,78.23,1,1.67,86.53,1
2014,8,7,-0.06,1,NA,0,3.33,0.875,67.88,1,74.19,1,2.53,83.5,0.875
2014,8,8,0.69,1,NA,0,NA,0.625,78.88,1,78.43,1,NA,NA,0.625
2014,8,9,-1.11,1,NA,0,NA,0.375,88.62,1,75.94,1,NA,NA,0.375
2014,8,10,-3.2,1,NA,0,2.25,1,203.12,1,85.1,1,1.73,335.28,1
2014,8,11,-4.05,1,NA,0,1.89,1,135.62,1,75.86,1,1.07,27.53,1
2014,8,12,-4.51,1,NA,0,3.01,1,88.25,1,66.34,1,2.62,85.1,1
2014,8,13,-5.96,1,NA,0,3.14,0.875,181.12,1,85.18,1,2.5,205.09,0.875
2014,8,14,-7.05,1,NA,0,2.89,1,75,1,58.9,1,2.67,66.3,1
2014,8,15,-1.37,1,NA,0,NA,0.125,132,1,79.18,1,NA,NA,0.125
2014,8,16,-0.79,1,NA,0,NA,0.625,92.75,1,77.24,1,NA,NA,0.625
2014,8,17,-4.09,1,NA,0,5.52,0.75,166.38,1,81.68,1,2.73,155.9,0.75
2014,8,18,-7.46,1,NA,0,4.21,1,219,1,85.45,1,3.87,226.25,1
2014,8,19,-7.19,1,NA,0,NA,0.5,174.62,1,85.49,1,NA,NA,0.5
2014,8,20,-8.93,1,NA,0,NA,0.625,243.88,1,76.54,1,NA,NA,0.625
2014,8,21,-12.06,1,NA,0,2.39,1,88.75,1,70.5,1,1.28,84.31,1
2014,8,22,-7.57,0.875,NA,0,1.37,0.875,155.62,1,88.56,1,0.65,65.51,0.875
2014,8,23,-5.1,1,NA,0,3.42,1,219.75,1,91.4,1,1.66,273.25,1
2014,8,24,-2.65,1,NA,0,6.12,1,314.75,1,95.94,1,5.89,313.56,1
2014,8,25,-1.63,1,NA,0,7.53,1,332.5,1,90.54,1,7.4,332.79,1
2014,8,26,-7.45,0.75,NA,0,6,0.875,242.25,1,81.4,1,5.66,231.01,0.875
2014,8,27,-11.41,0.875,NA,0,1.2,0.875,127.38,1,66.68,1,0.49,68.06,0.875
2014,8,28,-8.63,1,NA,0,1.15,1,96.5,1,68.85,1,0.9,88.95,1
2014,8,29,-9.08,1,NA,0,1.65,1,205.12,1,72.36,1,0.34,254.77,1
2014,8,30,-12.18,1,NA,0,1.69,1,299.5,1,86.94,1,1.3,293.66,1
2014,8,31,-13.69,1,NA,0,0.85,1,171.88,1,87.46,1,0.06,146.51,1
2014,9,1,-10.08,1,NA,0,0.88,1,180.25,1,83.2,1,0.68,133.36,1
2014,9,2,-1.98,1,NA,0,1.29,1,205.38,1,92.79,1,0.33,25.24,1
2014,9,3,-2.58,1,NA,0,1.2,1,164.5,1,98.13,0.875,0.38,310.7,1
2014,9,4,-6.35,1,NA,0,NA,0.125,NA,0.125,96.34,1,NA,NA,0.125
2014,9,5,-5.04,1,NA,0,NA,0.375,NA,0.375,94.58,1,NA,NA,0.375
2014,9,6,-0.93,1,NA,0,3.56,0.875,195.25,1,93.26,1,0.32,285.74,0.875
2014,9,7,-0.49,1,NA,0,2.02,1,141.38,1,95.67,0.875,1.74,127.16,1
2014,9,8,-1.8,0.875,NA,0,2.07,1,99.62,1,91.88,1,1.9,99.7,1
2014,9,9,-2.68,1,NA,0,0.95,1,113.25,1,94.36,1,0.41,78.93,1
2014,9,10,-3.35,1,NA,0,NA,0.5,NA,0.5,96.39,0.875,NA,NA,0.5
2014,9,11,-5.7,1,NA,0,NA,0.625,NA,0.625,90.86,1,NA,NA,0.625
2014,9,12,-3.28,1,NA,0,2.08,0.75,200,1,66.8,1,0.84,54.81,0.75
2014,9,13,-4.61,1,NA,0,NA,0.625,47.5,1,66.85,1,NA,NA,0.625
2014,9,14,-2.93,1,NA,0,NA,0.625,99.38,1,74.34,1,NA,NA,0.625
2014,9,15,-0.91,1,NA,0,NA,0.5,93.75,1,77.78,1,NA,NA,0.5
2014,9,16,0.18,1,NA,0,NA,0.375,37.12,1,73.46,1,NA,NA,0.375
2014,9,17,-2.41,1,NA,0,NA,0.375,137.25,1,74.85,1,NA,NA,0.375
2014,9,18,-4.03,1,NA,0,2.56,0.875,172,1,87.84,1,1.71,11.09,0.875
2014,9,19,-7.31,1,NA,0,2.85,1,227.75,1,84.86,1,2.7,225.62,1
2014,9,20,-9.05,1,NA,0,0.86,1,185.62,1,93.49,1,0.41,202.52,1
2014,9,21,-6.06,1,NA,0,2.46,1,57.5,1,83.54,1,1.44,65.08,1
2014,9,22,-0.18,1,NA,0,NA,0.625,94.5,1,73.93,1,NA,NA,0.625
2014,9,23,-0.06,1,NA,0,NA,0.375,188,1,82.56,1,NA,NA,0.375
2014,9,24,-2.14,1,NA,0,NA,0.625,191.38,1,79.3,1,NA,NA,0.625
2014,9,25,-6.85,1,NA,0,NA,0,NA,0,72.99,1,NA,NA,0
2014,9,26,-8.6,1,NA,0,NA,0,NA,0,64.85,1,NA,NA,0
2014,9,27,-4,1,NA,0,NA,0.25,NA,0.5,59.8,1,NA,NA,0.25
2014,9,28,-4.15,1,NA,0,NA,0.5,111,1,54.76,1,NA,NA,0.5
2014,9,29,-2.8,1,NA,0,3.98,0.75,188.38,1,70.45,1,0.98,282.44,0.75
2014,9,30,-5.36,1,NA,0,NA,0.5,NA,0.5,88.91,1,NA,NA,0.5
2014,10,1,-5.08,1,NA,0,NA,0.375,NA,0.375,89.91,1,NA,NA,0.375
2014,10,2,-0.02,1,NA,0,NA,0.5,261.62,1,NA,0.5,NA,NA,0.5
2014,10,3,0.16,1,NA,0,11.47,1,308.75,1,97.31,0.875,10.86,310.55,1
2014,10,4,0.39,1,NA,0,NA,0.5,175.38,1,82.76,1,NA,NA,0.5
2014,10,5,2.01,1,NA,0,NA,0.25,128.62,1,83.68,1,NA,NA,0.25
2014,10,6,0.15,1,NA,0,NA,0.5,284.25,1,89.91,1,NA,NA,0.5
2014,10,7,-6.19,1,NA,0,4.15,1,212.38,1,80.25,1,2.96,196.35,1
2014,10,8,-5.54,0.875,NA,0,NA,0.625,217.38,1,82.5,1,NA,NA,0.625
2014,10,9,-2.83,1,NA,0,3.17,0.875,301.38,1,90.57,1,2.64,289.96,0.875
2014,10,10,-7.28,1,NA,0,2.98,0.75,254.62,1,80.41,1,1.2,358.64,0.75
2014,10,11,-10.94,1,NA,0,3.29,1,354.25,1,78.31,1,3.28,358.68,1
2014,10,12,-1.52,0.75,NA,0,NA,0.375,112.38,1,84.29,1,NA,NA,0.375
2014,10,13,-10.52,0.75,NA,0,3.73,0.875,304,1,87.19,1,2.57,314.69,0.875
2014,10,14,-11.34,1,NA,0,3.53,0.75,238.14,0.875,80.18,1,1.47,229.66,0.75
2014,10,15,-4.58,1,NA,0,2.96,1,97.62,1,89.95,1,2.92,108.28,1
2014,10,16,-1.95,1,NA,0,1,0.875,188,0.875,91.21,1,0.38,143.6,0.875
2014,10,17,-3.34,1,NA,0,2.46,1,261.88,1,88.66,1,1.79,274.39,1
2014,10,18,-3.24,0.875,NA,0,1.73,0.875,232.43,0.875,82.39,1,0.71,357.08,0.875
2014,10,19,-1.28,1,NA,0,2.68,0.75,97.38,1,82.95,1,1.77,89.2,0.75
2014,10,20,0.99,1,NA,0,5.36,0.875,84,1,73.85,1,3.52,52.58,0.875
2014,10,21,1.08,1,NA,0,NA,0.625,192.88,1,83.94,1,NA,NA,0.625
2014,10,22,-2.31,1,NA,0,NA,0.625,129.25,1,77.5,1,NA,NA,0.625
2014,10,23,-2.65,1,NA,0,NA,0.375,236.88,1,90.21,1,NA,NA,0.375
2014,10,24,-4.62,1,NA,0,4.33,0.75,223.88,1,83.08,1,3.19,230.06,0.75
2014,10,25,-2.13,1,NA,0,7.3,0.875,229.12,1,82.34,1,5.12,259.32,0.875
2014,10,26,-3.88,1,NA,0,3.14,1,253.38,1,83.9,1,1.76,307.72,1
2014,10,27,-5.95,0.75,NA,0,3.67,0.75,58.38,1,71.9,1,3.35,32.81,0.75
2014,10,28,-2.28,1,NA,0,10.85,0.75,105.38,1,71.54,1,10.75,104.96,0.75
2014,10,29,-3.38,1,NA,0,4.96,1,97.62,1,54.95,1,4.56,94.2,1
2014,10,30,-3.43,1,NA,0,NA,0.625,128.62,1,50.3,1,NA,NA,0.625
2014,10,31,-5.36,1,NA,0,3.83,1,267,1,82.35,1,2.77,252.47,1
2014,11,1,-1.55,1,NA,0,3.48,1,305.88,1,94.85,1,3.26,311.76,1
2014,11,2,-0.36,1,NA,0,10.17,0.75,315,1,92.65,1,9.69,307.13,0.75
2014,11,3,-2.68,1,NA,0,NA,0.5,272.38,1,85.83,1,NA,NA,0.5
2014,11,4,-5.95,1,NA,0,3.58,1,254,1,86.48,1,2.49,266.78,1
2014,11,5,-4.88,1,NA,0,2.96,0.875,204.75,1,80.41,1,1.02,261.3,0.875
2014,11,6,-0.94,1,NA,0,2.8,1,124.25,1,84.41,1,2.72,118.16,1
2014,11,7,0.22,1,NA,0,1.32,1,191.25,1,69.99,1,0.21,68.59,1
2014,11,8,-0.85,1,NA,0,3.09,1,175,1,82.71,1,1.6,1.81,1
2014,11,9,-0.7,1,NA,0,2.54,1,248.38,1,75.31,1,2.23,338.12,1
2014,11,10,-2.4,0.875,NA,0,NA,0.625,116,1,72.38,1,NA,NA,0.625
2014,11,11,0.28,1,NA,0,13.03,0.75,56.38,1,75.8,1,12.05,59.65,0.75
2014,11,12,-0.44,1,NA,0,NA,0.625,85.88,1,74.45,1,NA,NA,0.625
2014,11,13,-1.71,1,NA,0,3.8,0.75,180,1,75.8,1,2.26,103.07,0.75
2014,11,14,-5.01,1,NA,0,4.8,1,219.38,1,74.4,1,4.48,214.06,1
2014,11,15,-4.54,1,NA,0,2.31,1,200.38,1,66.49,1,0.52,167.95,1
2014,11,16,-4.09,1,NA,0,2.94,1,85.25,1,54.07,1,2.52,83.1,1
2014,11,17,-3.49,1,NA,0,8.81,0.875,85.75,1,69.81,1,8.68,86.66,0.875
2014,11,18,-3.47,1,NA,0,3.78,0.75,94.75,1,78.96,1,2.6,102.62,0.75
2014,11,19,-5.54,1,NA,0,NA,0.5,245.62,1,68.68,1,NA,NA,0.5
2014,11,20,-1.55,1,NA,0,NA,0.5,140.25,1,79.71,1,NA,NA,0.5
2014,11,21,-1.15,1,NA,0,1.79,0.875,226.5,1,96.3,1,0.78,332.83,0.875
2014,11,22,-1.7,1,NA,0,2.37,0.875,189.62,1,90.23,1,0.6,301.79,0.875
2014,11,23,-2.16,1,NA,0,1.56,1,239.75,1,81.78,1,1.17,273.5,1
2014,11,24,-0.99,1,NA,0,3.11,1,149.62,1,61.86,1,1.81,102.06,1
2014,11,25,-0.89,1,NA,0,3.15,1,131.38,1,60.05,1,1.12,52.17,1
2014,11,26,-0.95,1,NA,0,2.3,1,266.12,1,78.65,1,1.89,299.3,1
2014,11,27,-0.31,1,NA,0,7.57,0.75,77.12,1,72.05,1,5.23,61.27,0.75
2014,11,28,1.69,1,NA,0,NA,0.5,190,1,85.31,1,NA,NA,0.5
2014,11,29,-0.41,1,NA,0,7.45,0.75,245.75,1,89.66,1,7.43,324.03,0.75
2014,11,30,-0.91,1,NA,0,3.28,1,255.5,1,84.55,1,1.79,317.08,1
2014,12,1,-1.07,0.875,NA,0,3.2,1,297,1,80.89,1,2.03,282.12,1
2014,12,2,-2.01,0.875,NA,0,3.9,1,259.75,1,86.81,1,3.36,250.73,1
2014,12,3,-3.85,1,NA,0,7.43,0.875,209,1,70,1,7.28,208.69,0.875
2014,12,4,-3.2,0.75,NA,0,3,1,158,1,76.25,1,1.78,182.85,1
2014,12,5,NA,0.5,NA,0,2.01,1,178.12,1,83.73,1,0.85,123.93,1
2014,12,6,NA,0.5,NA,0,2.05,1,158,1,86.7,1,0.11,266.98,1
2014,12,7,NA,0.125,NA,0,1.26,1,201.88,1,89.29,1,0.53,327.36,1
2014,12,8,NA,0.625,NA,0,2.71,1,296.5,1,97.89,1,2.02,278.84,1
2014,12,9,-1.11,1,NA,0,4.22,1,263.38,1,85.5,1,3.77,252.73,1
2014,12,10,-0.09,1,NA,0,NA,0.5,175.25,1,82.76,1,NA,NA,0.5
2014,12,11,-0.73,0.75,NA,0,2.94,1,176.62,1,85.79,1,1.13,95.5,1
2014,12,12,-1.45,1,NA,0,7.15,1,223.12,1,86.15,1,7.09,223.37,1
2014,12,13,NA,0.5,NA,0,2.29,0.875,213.14,0.875,82.58,1,2.22,220.99,0.875
2014,12,14,NA,0.375,NA,0,1.5,0.875,149.14,0.875,86.01,1,1.1,128.82,0.875
2014,12,15,0.67,0.875,NA,0,3.63,0.75,275.86,0.875,92.46,1,2.34,328.38,0.75
2014,12,16,NA,0.5,NA,0,1.71,1,195.38,1,95.86,1,0.32,163.71,1
2014,12,17,NA,0.25,NA,0,1.65,1,273,1,98.37,0.75,1.46,276.23,1
2014,12,18,NA,0,NA,0,0.74,1,217.12,1,90.66,1,0.27,197.02,1
2014,12,19,NA,0,NA,0,1.01,1,179.88,1,80.88,1,0.51,32.62,1
2014,12,20,NA,0.125,NA,0,1.09,1,160.75,1,74.13,1,0.82,340.82,1
2014,12,21,NA,0,NA,0,1.05,1,212.12,1,83.68,1,0.5,265.53,1
2014,12,22,NA,0.625,NA,0,3.19,1,98.38,1,72.95,1,2.97,94.66,1
2014,12,23,1.73,0.875,NA,0,NA,0.625,140.38,1,62.43,1,NA,NA,0.625
2014,12,24,NA,0.375,NA,0,1.32,0.75,301.33,0.75,77.91,1,1.12,301.07,0.75
2014,12,25,0.7,0.875,NA,0,3.1,0.75,223.88,1,74.95,1,1.37,300.34,0.75
2014,12,26,NA,0.375,NA,0,1.7,0.875,248.12,1,92.26,1,1.1,267.62,0.875
2014,12,27,-1.13,1,NA,0,7.74,1,230.12,1,83.73,1,7.68,229.96,1
2014,12,28,-0.55,1,NA,0,2.96,1,169.38,1,87.16,1,0.68,313.98,1
2014,12,29,NA,0.25,NA,0,1.36,1,210.62,1,88.58,1,0.79,239.69,1
2014,12,30,NA,0,NA,0,1.14,1,255.75,1,87.66,1,0.68,251.41,1
2014,12,31,-0.17,0.75,NA,0,3.22,1,208.25,1,81.26,1,3.13,214.12,1
2015,1,1,NA,0.25,NA,0,1.55,1,156.62,1,78.49,1,1.08,195.88,1
2015,1,2,NA,0.375,NA,0,1.77,1,217.5,1,85.53,1,1.43,189.93,1
2015,1,3,NA,0.375,NA,0,1.95,1,240.88,1,90.36,1,1.24,200.83,1
2015,1,4,NA,0.375,NA,0,1.7,1,153.75,1,85.84,1,0.84,72.38,1
2015,1,5,NA,0.125,NA,0,1.38,1,226.5,1,93.34,1,0.54,241.45,1
2015,1,6,NA,0.375,NA,0,2.04,1,269,1,79.84,1,1.67,271.56,1
2015,1,7,NA,0.375,NA,0,2.14,1,120,1,78.09,1,1.84,12.86,1
2015,1,8,-0.38,0.75,NA,0,2.38,1,295.5,1,82.09,1,2.08,305.69,1
2015,1,9,NA,0.25,NA,0,1.26,1,176.25,1,85.85,1,0.38,342.83,1
2015,1,10,NA,0.25,NA,0,1.36,1,181,1,89.84,1,0.45,94.75,1
2015,1,11,NA,0.125,NA,0,1.25,1,225.5,1,94.1,1,0.14,195.02,1
2015,1,12,NA,0.625,NA,0,2.3,1,287.38,1,93.75,1,1.74,313.43,1
2015,1,13,NA,0.5,NA,0,1.65,1,237,1,96.41,1,0.43,28.84,1
2015,1,14,NA,0.625,NA,0,2.22,1,244.12,1,87.09,1,1.56,294.51,1
2015,1,15,2.23,0.75,NA,0,3.53,0.75,156.88,1,66.88,1,1.82,143.08,0.75
2015,1,16,0.89,0.875,NA,0,4.05,0.75,184,1,66.44,1,3.58,193.91,0.75
2015,1,17,NA,0.625,NA,0,2.81,1,224.25,1,65.88,1,1.63,217.54,1
2015,1,18,0.3,0.75,NA,0,3.91,0.875,255.62,1,81.04,1,2.59,231.67,0.875
2015,1,19,0.59,0.875,NA,0,4.41,0.875,232.62,1,85.94,1,1.7,227.47,0.875
2015,1,20,0.95,1,NA,0,6.6,1,254.12,1,92.41,1,5.69,242.18,1
2015,1,21,1.6,0.75,NA,0,3.19,1,197.38,1,87.84,1,1.12,314.38,1
2015,1,22,NA,0.25,NA,0,1.48,1,176.88,1,94.96,1,0.76,153.54,1
2015,1,23,2.18,1,NA,0,NA,0.625,187.75,1,85.21,1,NA,NA,0.625
2015,1,24,1.36,1,NA,0,6.49,0.875,299.25,1,87.78,1,5.98,307.55,0.875
2015,1,25,NA,0.375,NA,0,1.97,1,146.38,1,81.16,1,0.98,150,1
2015,1,26,4.21,0.875,NA,0,3.59,1,132.25,1,78.51,1,1.36,65.93,1
2015,1,27,3.39,1,NA,0,NA,0.625,228.38,1,82.31,1,NA,NA,0.625
2015,1,28,2.05,0.75,NA,0,3.9,1,219.25,1,86.59,1,2.05,343.73,1
2015,1,29,4.53,0.875,NA,0,NA,0.625,109.75,1,85.08,1,NA,NA,0.625
2015,1,30,NA,0.625,NA,0,2.57,0.875,202.25,1,90.3,1,1,24.06,0.875
2015,1,31,3.96,1,NA,0,NA,0.375,155.75,1,81.86,1,NA,NA,0.375
2015,2,1,2.54,1,NA,0,4.85,0.75,214.38,1,86.34,1,3.88,325.08,0.75
2015,2,2,NA,0.625,NA,0,2.75,1,278.75,1,90.76,1,2.1,285.36,1
2015,2,3,1.06,0.875,NA,0,5.44,0.875,233.75,1,91.61,1,5.32,231.39,0.875
2015,2,4,NA,0.375,NA,0,NA,0.625,141.62,1,76.9,1,NA,NA,0.625
2015,2,5,4.75,1,NA,0,NA,0.375,87.25,1,77.41,1,NA,NA,0.375
2015,2,6,3.56,1,NA,0,NA,0.625,53,1,84.79,1,NA,NA,0.625
2015,2,7,2.51,1,NA,0,8.02,0.75,191.88,1,82.14,1,7.79,354.26,0.75
2015,2,8,NA,0.5,NA,0,2.07,0.75,208.38,1,95.25,1,1.84,285.09,0.75
2015,2,9,0.1,1,NA,0,3.56,1,170.88,1,83.54,1,1.14,320.48,1
2015,2,10,3.08,1,NA,0,NA,0.625,109,1,71.64,1,NA,NA,0.625
2015,2,11,NA,0.25,NA,0,1.54,1,127.25,1,88.73,1,0.56,19.07,1
2015,2,12,0.26,0.875,NA,0,2.43,1,268.5,1,96.53,1,2.06,261.82,1
2015,2,13,0.94,0.875,NA,0,4.46,0.875,230.75,1,89,1,4.37,225.48,0.875
2015,2,14,NA,0.5,NA,0,2,0.75,94.25,1,80.6,1,1.46,80.88,0.75
2015,2,15,3.79,1,NA,0,NA,0.5,188.5,1,80.58,1,NA,NA,0.5
2015,2,16,2.61,1,NA,0,8.69,1,297.75,1,84.64,1,8.46,342.48,1
2015,2,17,NA,0.375,NA,0,1.74,1,223.25,1,85.19,1,0.6,25.23,1
2015,2,18,NA,0.5,NA,0,2.17,0.875,179.62,1,86.36,1,0.57,328.37,0.875
2015,2,19,NA,0.625,NA,0,2.21,0.875,210.71,0.875,96.48,1,1.66,224.4,0.875
2015,2,20,NA,0.5,NA,0,2.78,1,142.38,1,90.7,1,0.43,63.46,1
2015,2,21,1.7,0.875,NA,0,NA,0.625,163.62,1,80.96,1,NA,NA,0.625
2015,2,22,NA,0.625,NA,0,NA,0.625,200.25,1,84.19,1,NA,NA,0.625
2015,2,23,-0.17,0.875,NA,0,5.74,1,236.5,1,85.48,1,5.37,227.28,1
2015,2,24,0.19,1,NA,0,10.51,1,226,1,78.24,1,10.49,225.79,1
2015,2,25,0.14,0.875,NA,0,5.83,0.875,194.38,1,85.52,1,3.29,219.57,0.875
2015,2,26,0.19,0.875,NA,0,5.16,1,252,1,NA,0.625,4.05,228.87,1
2015,2,27,-0.7,1,NA,0,4.78,0.75,101.12,1,71.21,1,0.95,223.87,0.75
2015,2,28,NA,0.5,NA,0,2.4,0.875,139.12,1,85.99,1,1.71,76.1,0.875
2015,3,1,0.7,1,NA,0,3.09,1,136.5,1,80.46,1,2.23,75.45,1
2015,3,2,0.5,1,NA,0,2.06,1,185.62,1,73.23,1,0.55,116.16,1
2015,3,3,1.03,1,NA,0,3.54,1,197.75,1,77.86,1,1.25,67.63,1
2015,3,4,0.21,1,NA,0,1.93,1,170.12,1,85.79,1,1.61,351.42,1
2015,3,5,0.44,1,NA,0,NA,0.625,152.75,1,78.84,1,NA,NA,0.625
2015,3,6,-0.35,1,NA,0,1.25,1,195,1,82.99,1,0.93,349.95,1
2015,3,7,0.04,1,NA,0,3.46,1,171.12,1,71.68,1,1.98,8.04,1
2015,3,8,0.15,1,NA,0,2.15,0.75,151.33,0.75,91.1,1,1.48,56.66,0.75
2015,3,9,0.19,1,NA,0,1.91,1,232.25,1,99.01,1,0.9,268.17,1
2015,3,10,-0.98,1,NA,0,2.41,1,196.75,1,93.18,1,0.7,319.62,1
2015,3,11,-0.39,1,NA,0,1.89,1,148,1,82.5,1,0.3,356.72,1
2015,3,12,3.88,1,NA,0,NA,0.5,96,1,81.5,1,NA,NA,0.5
2015,3,13,2.96,1,NA,0,9.25,0.75,186.88,1,86.79,1,7.5,349.1,0.75
2015,3,14,0.28,1,NA,0,NA,0.625,237.88,1,82.71,1,NA,NA,0.625
2015,3,15,-0.88,1,NA,0,5.7,0.875,211,1,78.26,1,3.18,305.59,0.875
2015,3,16,1.4,1,NA,0,NA,0.25,49,1,74.61,1,NA,NA,0.25
2015,3,17,1.3,1,NA,0,NA,0.5,212,1,83.73,1,NA,NA,0.5
2015,3,18,-0.51,1,NA,0,NA,0.5,245.88,1,85.01,1,NA,NA,0.5
2015,3,19,-0.5,1,NA,0,NA,0.625,218.88,1,75.82,1,NA,NA,0.625
2015,3,20,-1.41,1,NA,0,NA,0.5,245.38,1,79.9,1,NA,NA,0.5
2015,3,21,-1.78,1,NA,0,2.3,0.875,122.88,1,71.33,1,0.91,172.21,0.875
2015,3,22,-0.36,1,NA,0,1.97,1,211.62,1,NA,0.5,0.81,117.03,1
2015,3,23,0.18,1,NA,0,1.99,1,244,1,NA,0.25,0.71,320.94,1
2015,3,24,3.13,0.875,NA,0,NA,0.625,153.75,1,85.13,0.75,NA,NA,0.625
2015,3,25,1.1,1,NA,0,NA,0.5,265.38,1,89.61,1,NA,NA,0.5
2015,3,26,0.93,1,NA,0,4.9,0.75,323.62,1,95.09,1,4.81,329.15,0.75
2015,3,27,0.85,1,NA,0,7.1,0.875,290.38,1,88.81,0.875,4.95,312.48,0.875
2015,3,28,-0.61,1,NA,0,6.74,1,203,1,72.94,1,6.65,204.17,1
2015,3,29,-1.16,1,NA,0,2.59,1,87.38,1,71.31,1,1,39.43,1
2015,3,30,-0.13,1,NA,0,1.9,0.75,115.25,1,83.84,1,1.19,80.13,0.75
2015,3,31,1.56,1,NA,0,7.72,0.75,147.38,1,79.41,1,6.87,6.47,0.75
2015,4,1,1.26,1,NA,0,NA,0.5,55.62,1,78.03,1,NA,NA,0.5
2015,4,2,-0.86,1,NA,0,2,0.875,139.12,1,80.44,1,0.97,171.06,0.875
2015,4,3,-0.83,1,NA,0,3.71,0.875,160.62,1,63.93,1,2.82,131.14,0.875
2015,4,4,-1.5,1,NA,0,5.7,1,217.5,1,75.11,1,5.63,218.19,1
2015,4,5,-1.56,1,NA,0,NA,0.625,145.38,1,94.18,1,NA,NA,0.625
2015,4,6,-0.95,1,NA,0,6.53,0.875,211.5,1,80.35,1,6.42,210.1,0.875
2015,4,7,-1.79,1,NA,0,1.05,1,113.75,1,87.43,1,0.72,9.72,1
2015,4,8,-1.64,1,NA,0,1.09,1,253.38,1,97.89,1,0.5,349.71,1
2015,4,9,-0.74,1,NA,0,1.65,1,145.5,1,89.53,1,0.61,65.29,1
2015,4,10,4.3,0.875,NA,0,NA,0.375,224.38,1,81.26,1,NA,NA,0.375
2015,4,11,0.41,1,NA,0,9.62,0.75,308.12,1,91.02,1,7.5,324.92,0.75
2015,4,12,-4.11,1,NA,0,9.64,0.875,237.62,1,73.56,1,7.13,221.63,0.875
2015,4,13,-1.1,1,NA,0,8.25,0.75,272.38,1,88.55,1,7.21,263.95,0.75
2015,4,14,-2.25,1,NA,0,NA,0.5,211.12,1,77.5,1,NA,NA,0.5
2015,4,15,-1.72,1,NA,0,5.53,0.875,119.62,1,78.76,1,1.72,192.05,0.875
2015,4,16,-0.16,1,NA,0,8.29,0.875,294.25,1,92.96,0.875,6.33,307.95,0.875
2015,4,17,-1.4,1,NA,0,NA,0,67.25,1,90.28,1,NA,NA,0
2015,4,18,-0.81,1,NA,0,NA,0.125,62.38,1,NA,0.625,NA,NA,0.125
2015,4,19,0.93,1,NA,0,NA,0.375,126.5,1,83.83,1,NA,NA,0.375
2015,4,20,-0.86,1,NA,0,NA,0.375,200.62,1,79.16,1,NA,NA,0.375
2015,4,21,0.05,1,NA,0,NA,0.5,124.88,1,80.34,1,NA,NA,0.5
2015,4,22,-1.45,1,NA,0,4.07,0.875,255.12,1,80.68,1,3.47,344.13,0.875
2015,4,23,-2.6,1,NA,0,2.51,1,244.38,1,87.25,1,1.38,339.74,1
2015,4,24,-1.74,1,NA,0,4.4,0.875,189,1,84.48,1,0.78,203.29,0.875
2015,4,25,-1.29,1,NA,0,1.81,1,174.88,1,87.63,0.875,0.85,344.08,1
2015,4,26,0.01,1,NA,0,NA,0.25,119.75,1,89.84,1,NA,NA,0.25
2015,4,27,-0.53,1,NA,0,2.3,0.75,206.25,1,91.43,1,1.68,107.85,0.75
2015,4,28,3.36,1,NA,0,NA,0.5,75.25,1,77.55,1,NA,NA,0.5
2015,4,29,3.33,1,NA,0,13.55,0.75,264.75,1,88.18,1,13.52,347.87,0.75
2015,4,30,3.21,1,NA,0,7.3,1,228.38,1,80.55,1,6.6,355.76,1
2015,5,1,2.16,1,NA,0,NA,0.5,85.25,1,80.35,1,NA,NA,0.5
2015,5,2,-2.14,1,NA,0,1.09,1,173.25,1,NA,0.5,0.13,359.39,1
2015,5,3,-3.63,1,NA,0,2.29,0.875,230.5,1,95.01,1,0.74,272.89,0.875
2015,5,4,-2.24,1,NA,0,2.72,1,179.5,1,86.96,1,0.93,201.55,1
2015,5,5,-1.26,1,NA,0,4.44,0.875,232.5,1,87.49,0.875,2.57,231.31,0.875
2015,5,6,-1.55,1,NA,0,2.25,1,304.75,1,NA,0.5,2.07,302.26,1
2015,5,7,-1.86,1,NA,0,1.82,1,232.75,1,NA,0.625,0.82,284.21,1
2015,5,8,-4.1,1,NA,0,0.9,0.875,191.57,0.875,96.86,1,0.45,54.41,0.875
2015,5,9,-2.07,1,NA,0,1.6,1,201.12,1,88.8,1,1,39.11,1
2015,5,10,0.28,1,NA,0,2.51,1,132.25,1,92.3,1,1.61,108.67,1
2015,5,11,1.22,1,NA,0,1.8,1,147.62,1,89.49,1,0.32,294.83,1
2015,5,12,-0.56,1,NA,0,1.6,1,187.75,1,90.16,0.875,0.86,12.79,1
2015,5,13,1.44,1,NA,0,3.43,0.75,174.38,1,78.34,1,1.62,93.95,0.75
2015,5,14,1.24,1,NA,0,3.02,1,202.62,1,86.85,1,1.6,58.02,1
2015,5,15,-0.55,1,NA,0,0.54,0.875,194.14,0.875,NA,0.5,0.23,43.49,0.875
2015,5,16,-0.71,1,NA,0,NA,0.5,149,1,77.89,1,NA,NA,0.5
2015,5,17,-0.35,1,NA,0,NA,0.625,78.62,1,76.18,1,NA,NA,0.625
2015,5,18,-2.38,1,NA,0,NA,0.625,182,1,85.79,1,NA,NA,0.625
2015,5,19,-3.41,1,NA,0,4.25,1,192.12,1,73.28,1,3.9,201.3,1
2015,5,20,-2.96,1,NA,0,2.83,0.875,179.38,1,74.89,1,2,40.86,0.875
2015,5,21,0.26,1,NA,0,4.39,1,115.5,1,84.64,1,4.05,108.89,1
2015,5,22,-2.96,1,NA,0,2.36,0.875,198.62,1,85.69,1,0.12,323.11,0.875
2015,5,23,-6.33,1,NA,0,NA,0.375,133.62,1,62.83,1,NA,NA,0.375
2015,5,24,-7.81,1,NA,0,4.07,0.875,83.12,1,60.44,1,3.79,85.08,0.875
2015,5,25,-3.45,1,NA,0,4.51,1,196.25,1,68.78,1,4.02,195.22,1
2015,5,26,-4.04,1,NA,0,2.21,1,93.38,1,80.8,1,0.96,30.32,1
2015,5,27,-4.05,1,NA,0,2.17,1,197.38,1,86.43,1,1.17,212.24,1
2015,5,28,-4.7,1,NA,0,2.19,1,143.62,1,92.59,1,1.09,115.32,1
2015,5,29,-8.06,0.875,NA,0,NA,0.625,191.5,1,76.18,1,NA,NA,0.625
2015,5,30,-8.92,1,NA,0,7.65,0.75,203.12,1,67.9,1,6.67,211.47,0.75
2015,5,31,-6.26,0.875,NA,0,NA,0.5,259.38,1,75.85,1,NA,NA,0.5
2015,6,1,-9,0.875,NA,0,NA,0.5,216,1,72.29,1,NA,NA,0.5
2015,6,2,-9.58,0.75,NA,0,3.85,0.75,175.5,0.75,77.15,0.75,2.17,269.65,0.75
2015,6,3,-9.24,1,NA,0,NA,0.625,218.38,1,79.05,1,NA,NA,0.625
2015,6,4,-9.14,1,NA,0,3.83,1,246.75,1,78.31,1,3.29,233.92,1
2015,6,5,-7.8,0.75,NA,0,NA,0.625,124,0.75,88.28,0.75,NA,NA,0.625
2015,6,6,-5.29,0.875,NA,0,NA,0.25,113.14,0.875,82.47,0.875,NA,NA,0.25
2015,6,7,-3.49,1,NA,0,NA,0.625,203,1,73.2,1,NA,NA,0.625
2015,6,8,-2.13,1,NA,0,NA,0.625,188.12,1,90.41,1,NA,NA,0.625
2015,6,9,-5.26,0.875,NA,0,NA,0.375,236.38,1,77.59,1,NA,NA,0.375
2015,6,10,-8.43,0.875,NA,0,NA,0.5,226.71,0.875,70.34,0.875,NA,NA,0.5
2015,6,11,-9.79,1,NA,0,5.76,1,208,1,69.65,1,5.59,207.95,1
2015,6,12,-9.1,0.875,NA,0,1.97,0.875,170,0.875,76.76,0.875,0.35,262.37,0.875
2015,6,13,-7.9,1,NA,0,2.43,1,86.25,1,64.8,1,1.4,46.67,1
2015,6,14,-7.4,1,NA,0,2.29,1,167.88,1,63.81,1,1.78,38.25,1
2015,6,15,-8.23,1,NA,0,2.45,1,45.75,1,69.31,1,2.31,45.27,1
2015,6,16,-8.91,1,NA,0,1.55,1,53,1,63.78,1,1.39,44.86,1
2015,6,17,-8.15,1,NA,0,NA,0.625,101.75,1,62.2,1,NA,NA,0.625
2015,6,18,-7.5,1,NA,0,4.38,0.75,42.38,1,63.91,1,4.02,47.8,0.75
2015,6,19,-4.73,1,NA,0,8.2,0.75,122.75,1,74.18,1,7.12,82.63,0.75
2015,6,20,-3.83,0.875,NA,0,4.93,0.875,107.86,0.875,80.06,0.875,1.19,145.36,0.875
2015,6,21,-5.53,1,NA,0,2.55,1,140.62,1,83.61,1,1.32,35.96,1
2015,6,22,-5.88,1,NA,0,4.05,0.75,234.75,1,80.68,1,2.19,303.09,0.75
2015,6,23,-0.34,1,NA,0,NA,0.5,71.75,1,81.33,1,NA,NA,0.5
2015,6,24,-0.13,1,NA,0,12.95,0.75,91.5,1,78.66,1,12.28,356.25,0.75
2015,6,25,-0.8,1,NA,0,7.47,0.875,122,1,68.43,1,3.8,28.77,0.875
2015,6,26,0.09,1,NA,0,NA,0.5,149.25,1,81.41,1,NA,NA,0.5
2015,6,27,-0.54,1,NA,0,NA,0.25,104.88,1,78.36,1,NA,NA,0.25
2015,6,28,-5.29,1,NA,0,3.74,0.875,115.38,1,72.3,1,3.28,87.8,0.875
2015,6,29,-7.63,1,NA,0,2.24,1,91.62,1,61.61,1,0.53,105.3,1
2015,6,30,-7.61,1,NA,0,3.48,0.75,143.38,1,60.99,1,2.19,144.93,0.75
2015,7,1,-8.15,0.75,NA,0,6.51,0.875,224.25,1,82.76,1,4.14,241.28,0.875
2015,7,2,NA,0.625,NA,0,9.49,1,223.38,1,76.77,1,9.39,225.26,1
2015,7,3,-12.9,1,NA,0,NA,0.625,202.38,1,61.38,1,NA,NA,0.625
2015,7,4,-11.59,1,NA,0,4.8,0.875,167.25,1,71.74,1,2.63,235.15,0.875
2015,7,5,-12.61,1,NA,0,1.97,0.875,262.88,1,82.88,1,1.12,306.21,0.875
2015,7,6,-12.34,1,NA,0,2.12,1,279.12,1,86.63,1,1.68,283.17,1
2015,7,7,-13.83,1,NA,0,1.59,0.875,162.29,0.875,87.15,1,0.84,215.1,0.875
2015,7,8,-14.08,0.75,NA,0,NA,0.5,102.88,1,86.38,1,NA,NA,0.5
2015,7,9,-2.14,1,NA,0,16.22,0.75,95.75,1,87.79,1,16.03,2.67,0.75
2015,7,10,-1.47,1,NA,0,NA,0.375,126.75,1,84.04,1,NA,NA,0.375
2015,7,11,-2.65,1,NA,0,NA,0.375,165.62,1,81.06,1,NA,NA,0.375
2015,7,12,-9.68,0.75,NA,0,4.2,0.75,260.5,1,85.91,1,1.86,318.25,0.75
2015,7,13,-16.39,1,NA,0,3.94,0.875,232.43,0.875,87.16,1,3.79,236.28,0.875
2015,7,14,-17.15,1,NA,0,1.46,1,228.38,1,86.36,1,0.47,301.96,1
2015,7,15,-3.75,0.75,NA,0,NA,0.625,108.62,1,76.76,1,NA,NA,0.625
2015,7,16,-2.63,0.875,NA,0,NA,0.125,230.12,1,78.88,1,NA,NA,0.125
2015,7,17,-8.42,0.75,NA,0,NA,0.625,238.62,1,90.64,1,NA,NA,0.625
2015,7,18,-5.66,1,NA,0,NA,0.625,85.25,1,65.38,1,NA,NA,0.625
2015,7,19,-8.08,1,NA,0,NA,0.5,192.38,1,87.16,1,NA,NA,0.5
2015,7,20,-15.32,0.75,NA,0,5.09,0.875,243.38,1,87.55,1,3.77,267,0.875
2015,7,21,-13.52,0.75,NA,0,8.21,0.875,268.62,1,71.16,1,8.02,252.22,0.875
2015,7,22,NA,0.375,NA,0,7.56,0.875,154.88,1,69.95,1,2.78,284.32,0.875
2015,7,23,-21.49,1,NA,0,6.29,1,229.25,1,68.9,0.875,5.92,229.33,1
2015,7,24,-21.21,0.875,NA,0,4.13,0.875,256.71,0.875,79.26,1,2.53,248,0.875
2015,7,25,-6.97,0.75,NA,0,1.94,1,195.5,1,94.73,1,1.21,112.62,1
2015,7,26,-11.61,1,NA,0,0.52,0.75,205,0.75,92.73,1,0.15,318.83,0.75
2015,7,27,-13.5,0.875,NA,0,NA,0,NA,0,90.56,1,NA,NA,0
2015,7,28,-10.64,1,NA,0,NA,0,NA,0,92.89,1,NA,NA,0
2015,7,29,-14.16,1,NA,0,NA,0,NA,0,89.46,1,NA,NA,0
2015,7,30,NA,0.625,NA,0,NA,0.375,NA,0.375,89.69,1,NA,NA,0.375
2015,7,31,-0.65,1,NA,0,NA,0.5,155.5,1,82.13,1,NA,NA,0.5
2015,8,1,-7.19,1,NA,0,1.6,0.875,319.62,1,95.56,1,1.44,308.72,0.875
2015,8,2,NA,0.5,NA,0,NA,0.625,227.75,1,85.56,1,NA,NA,0.625
2015,8,3,NA,0.375,NA,0,NA,0.375,191.5,1,79.69,1,NA,NA,0.375
2015,8,4,0.62,0.75,NA,0,NA,0.375,224.5,1,81.91,1,NA,NA,0.375
2015,8,5,0.06,1,NA,0,NA,0.625,75.5,1,80.44,1,NA,NA,0.625
2015,8,6,0.44,1,NA,0,18.03,0.875,183,1,80.3,1,17.27,3.01,0.875
2015,8,7,0.1,1,NA,0,19.94,0.875,51,1,82.31,1,19.88,13.29,0.875
2015,8,8,-4.18,1,NA,0,NA,0.375,88.38,1,69.18,1,NA,NA,0.375
2015,8,9,-2.64,1,NA,0,5.38,0.75,122.5,1,76.94,1,3.66,41.9,0.75
2015,8,10,-5.51,1,NA,0,0.47,0.875,214.25,1,81.48,1,0.42,346.71,0.875
2015,8,11,-5.06,1,NA,0,NA,0.375,236.12,1,86.11,1,NA,NA,0.375
2015,8,12,-10.55,1,NA,0,NA,0.5,252.62,1,79.77,0.875,NA,NA,0.5
2015,8,13,NA,0.5,NA,0,NA,0.375,325,0.75,95.68,0.75,NA,NA,0.375
2015,8,14,NA,0.5,NA,0,NA,0.375,193.12,1,80.05,1,NA,NA,0.375
2015,8,15,NA,0.5,NA,0,NA,0.125,165.12,1,81.84,1,NA,NA,0.125
2015,8,16,-20.27,0.75,NA,0,NA,0.5,218.71,0.875,78.8,1,NA,NA,0.5
2015,8,17,-19.2,1,NA,0,NA,0.625,NA,0.625,82.2,1,NA,NA,0.625
2015,8,18,-16.95,1,NA,0,NA,0.5,NA,0.625,67.96,1,NA,NA,0.5
2015,8,19,-15.9,0.75,NA,0,NA,0.125,136.5,0.75,85.42,0.75,NA,NA,0.125
2015,8,20,-16.22,0.75,NA,0,NA,0.625,235.25,1,79.6,1,NA,NA,0.625
2015,8,21,-20,0.75,NA,0,NA,0.125,NA,0.5,78.56,0.875,NA,NA,0.125
2015,8,22,-17.79,0.875,NA,0,NA,0.125,NA,0.25,81.2,0.875,NA,NA,0.125
2015,8,23,-12.16,0.875,NA,0,NA,0.25,NA,0.25,88.57,0.875,NA,NA,0.25
2015,8,24,-10,1,NA,0,NA,0,NA,0.5,90.43,1,NA,NA,0
2015,8,25,-7.33,0.875,NA,0,NA,0.125,NA,0.125,95.25,1,NA,NA,0.125
2015,8,26,-12.48,0.75,NA,0,NA,0.125,NA,0.125,92.27,0.875,NA,NA,0.125
2015,8,27,NA,0.375,NA,0,NA,0.375,97.88,1,90.44,1,NA,NA,0.375
2015,8,28,NA,0.625,NA,0,NA,0.375,NA,0.375,82.75,0.75,NA,NA,0.375
2015,8,29,-11.01,0.875,NA,0,NA,0.25,NA,0.25,79.7,0.875,NA,NA,0.25
2015,8,30,-11.25,0.75,NA,0,NA,0,NA,0.375,90.67,0.75,NA,NA,0
2015,8,31,NA,0.625,NA,0,NA,0.25,169.43,0.875,89.56,0.875,NA,NA,0.25
2015,9,1,-5.22,0.75,NA,0,NA,0.375,NA,0.625,84.33,0.75,NA,NA,0.375
2015,9,2,-14.66,1,NA,0,NA,0.625,234.25,1,81.84,1,NA,NA,0.625
2015,9,3,-16.08,0.75,NA,0,0.75,0.75,148.86,0.875,76.29,1,0.5,126.31,0.75
2015,9,4,NA,0.625,NA,0,NA,0.25,164.5,1,82.61,1,NA,NA,0.25
2015,9,5,-11,1,NA,0,6.15,0.75,259,1,86.51,1,5.88,251.71,0.75
2015,9,6,-13.83,0.875,NA,0,3.5,0.75,159.75,1,74.01,0.875,3.06,238.06,0.75
2015,9,7,-2.65,0.75,NA,0,NA,0.375,104.12,1,74.49,1,NA,NA,0.375
2015,9,8,NA,0.625,NA,0,4.9,0.875,318.5,1,88.7,1,3.94,313.53,0.875
2015,9,9,-14.16,1,NA,0,NA,0.625,74.5,1,79.61,1,NA,NA,0.625
2015,9,10,-16.16,1,NA,0,3.52,0.75,265.5,0.75,86.05,1,2.43,302.75,0.75
2015,9,11,-11.54,0.875,NA,0,NA,0.625,NA,0.625,88.03,1,NA,NA,0.625
2015,9,12,-15.48,1,NA,0,1.61,0.875,208.62,1,85.38,1,1.01,220.96,0.875
2015,9,13,-15.16,1,NA,0,NA,0.375,NA,0.625,86.13,1,NA,NA,0.375
2015,9,14,-16.04,1,NA,0,NA,0.25,NA,0.625,83.88,1,NA,NA,0.25
2015,9,15,-10.63,1,NA,0,NA,0.375,144.83,0.75,85.84,1,NA,NA,0.375
2015,9,16,-10.99,1,NA,0,2.2,0.75,127.12,1,59.63,1,1.67,120.62,0.75
2015,9,17,-13.87,0.875,NA,0,NA,0.375,NA,0.5,88.29,1,NA,NA,0.375
2015,9,18,-9.5,1,NA,0,NA,0.125,NA,0.375,90.2,1,NA,NA,0.125
2015,9,19,-11.75,1,NA,0,NA,0,151,0.75,88.65,1,NA,NA,0
2015,9,20,-7.93,1,NA,0,NA,0.125,179.75,1,88.5,1,NA,NA,0.125
2015,9,21,-5.78,1,NA,0,0.2,0.75,234.5,0.75,88.05,1,0.17,283.57,0.75
2015,9,22,-1.84,1,NA,0,NA,0.625,323.29,0.875,95.09,0.875,NA,NA,0.625
2015,9,23,-12.47,0.75,NA,0,NA,0,250.75,1,77.23,1,NA,NA,0
2015,9,24,NA,0.625,NA,0,NA,0.25,196.5,0.75,82.51,1,NA,NA,0.25
2015,9,25,-9.08,0.75,NA,0,NA,0.5,216.5,1,86.85,1,NA,NA,0.5
2015,9,26,-14.63,0.875,NA,0,3.93,0.875,201.75,1,85.7,1,1.3,168.76,0.875
2015,9,27,-4.33,1,NA,0,NA,0.625,182.5,1,79.86,1,NA,NA,0.625
2015,9,28,-5.15,1,NA,0,1.57,0.875,272.14,0.875,83.84,1,1.42,316.55,0.875
2015,9,29,-3.28,0.75,NA,0,NA,0.625,49.25,1,77.6,1,NA,NA,0.625
2015,9,30,0.11,1,NA,0,NA,0.5,51.88,1,89.86,1,NA,NA,0.5
2015,10,1,-3.88,1,NA,0,3.69,0.875,241.25,1,83.36,1,2.94,307.46,0.875
2015,10,2,-0.35,1,NA,0,NA,0.625,178.38,1,88.64,1,NA,NA,0.625
2015,10,3,NA,0.625,NA,0,NA,0.375,126.67,0.75,88.19,1,NA,NA,0.375
2015,10,4,NA,0,NA,0,NA,0.25,NA,0.375,91.98,1,NA,NA,0.25
2015,10,5,NA,0,NA,0,NA,0.375,160.5,1,85.64,1,NA,NA,0.375
2015,10,6,NA,0,NA,0,NA,0.5,NA,0.5,84.99,1,NA,NA,0.5
2015,10,7,NA,0,NA,0,NA,0.5,208.12,1,85.19,1,NA,NA,0.5
2015,10,8,NA,0,NA,0,5.44,0.875,266.88,1,88.68,1,4.51,325.23,0.875
2015,10,9,NA,0,NA,0,3.4,0.75,307.12,1,96.51,0.875,3.29,304.75,0.75
2015,10,10,NA,0,NA,0,11.01,0.875,321.38,1,NA,0.5,10.62,316.88,0.875
2015,10,11,NA,0,NA,0,5.76,0.875,263.38,1,88.68,1,5.26,310,0.875
2015,10,12,NA,0,NA,0,NA,0.625,310.12,1,85.99,1,NA,NA,0.625
2015,10,13,NA,0,NA,0,2.33,1,211.88,1,87.85,1,1.1,253.62,1
2015,10,14,NA,0,NA,0,4.29,1,220.25,1,79.25,1,4.07,217.79,1
2015,10,15,NA,0,NA,0,NA,0.5,113.88,1,76.36,1,NA,NA,0.5
2015,10,16,NA,0,NA,0,4.45,0.75,220.12,1,86.36,1,4.21,339.1,0.75
2015,10,17,NA,0,NA,0,2.86,1,202.88,1,86.95,1,0.51,313.53,1
2015,10,18,NA,0,NA,0,NA,0.5,119.38,1,76.44,1,NA,NA,0.5
2015,10,19,NA,0,NA,0,NA,0.5,165.25,1,61.22,1,NA,NA,0.5
2015,10,20,NA,0,NA,0,3.74,1,318.5,1,88.74,1,3.43,318.91,1
2015,10,21,NA,0,NA,0,5.5,0.875,206.75,1,82.16,1,5.3,208.91,0.875
2015,10,22,NA,0,NA,0,2.89,1,251.25,1,90.85,1,1.5,354.27,1
2015,10,23,NA,0,NA,0,4.34,1,290.75,1,NA,0.625,3.14,284.65,1
2015,10,24,NA,0,NA,0,3.59,1,291.88,1,95.98,1,3.39,294.81,1
2015,10,25,NA,0,NA,0,2.29,1,232.38,1,NA,0.375,0.32,348.45,1
2015,10,26,NA,0,NA,0,NA,0.625,NA,0.625,NA,0.625,NA,NA,0.625
2015,10,27,NA,0,NA,0,NA,0.5,127,0.875,92.51,0.875,NA,NA,0.5
2015,10,28,NA,0,NA,0,NA,0.25,212,1,87.11,1,NA,NA,0.25
2015,10,29,NA,0,NA,0,0.3,0.75,207,0.75,82.01,1,0.17,211.97,0.75
2015,10,30,NA,0,NA,0,NA,0.5,141,1,91.46,1,NA,NA,0.5
2015,10,31,NA,0,NA,0,NA,0.125,137.88,1,82.24,1,NA,NA,0.125
2015,11,1,-10.73,1,NA,0,NA,0.625,183.29,0.875,81.48,1,NA,NA,0.625
2015,11,2,-12.59,1,NA,0,NA,0.375,161,1,72.98,1,NA,NA,0.375
2015,11,3,-13.58,1,NA,0,5.79,0.875,217.25,1,76.46,1,5.71,216.47,0.875
2015,11,4,-14.1,1,NA,0,4.24,0.875,236.5,1,81.51,1,3.55,228.97,0.875
2015,11,5,NA,0.625,NA,0,1.85,1,225.62,1,85.56,1,1.01,310.5,1
2015,11,6,NA,0,NA,0,5.16,0.875,288,1,93.45,1,4.37,280.92,0.875
2015,11,7,NA,0,NA,0,2.17,0.875,230.88,1,89.7,1,0.76,265.46,0.875
2015,11,8,NA,0,NA,0,NA,0.375,170.38,1,84.18,1,NA,NA,0.375
2015,11,9,NA,0,NA,0,NA,0.125,133.62,1,85.4,1,NA,NA,0.125
2015,11,10,NA,0,NA,0,3.8,0.75,310.75,1,96.5,0.75,3.67,303.79,0.75
2015,11,11,NA,0,NA,0,NA,0.625,85.75,1,84.23,1,NA,NA,0.625
2015,11,12,NA,0,NA,0,4.5,0.875,221.38,1,74.81,1,2.15,287.53,0.875
2015,11,13,NA,0,NA,0,9.12,0.75,80.57,0.875,73.26,0.875,6.97,75.4,0.75
2015,11,14,NA,0,NA,0,6.7,1,105,1,74.73,1,5.55,77.45,1
2015,11,15,NA,0,NA,0,NA,0.625,66.25,1,69.6,1,NA,NA,0.625
2015,11,16,NA,0,NA,0,NA,0.5,36.88,1,69.3,1,NA,NA,0.5
2015,11,17,NA,0,NA,0,NA,0.5,157.62,1,81.14,1,NA,NA,0.5
2015,11,18,NA,0,NA,0,NA,0.625,103.25,1,54.94,1,NA,NA,0.625
2015,11,19,NA,0,NA,0,NA,0.5,150.88,1,62.76,1,NA,NA,0.5
2015,11,20,NA,0,NA,0,NA,0.25,110.88,1,77.99,1,NA,NA,0.25
2015,11,21,NA,0,NA,0,NA,0.5,189.62,1,87.13,1,NA,NA,0.5
2015,11,22,NA,0,NA,0,2.93,0.875,235.88,1,80.61,1,0.38,327.86,0.875
2015,11,23,NA,0.375,NA,0,NA,0.5,122,1,72,1,NA,NA,0.5
2015,11,24,-12.2,1,NA,0,NA,0.5,214.62,1,84.04,1,NA,NA,0.5
2015,11,25,-8.91,1,NA,0,7.26,0.875,215.88,1,87.55,1,5.61,342.24,0.875
2015,11,26,-8.81,1,NA,0,4.56,0.875,208.38,1,84.44,1,3.8,342.67,0.875
2015,11,27,-7.89,1,NA,0,6.7,0.75,327.75,1,86.25,1,6.44,324.04,0.75
2015,11,28,-5.89,0.875,NA,0,NA,0.25,69.75,1,86.86,1,NA,NA,0.25
2015,11,29,-7.69,1,NA,0,NA,0.25,181.12,1,NA,0.5,NA,NA,0.25
2015,11,30,-8.33,1,NA,0,7.8,1,318.38,1,93.04,1,7.31,321.76,1
2015,12,1,-8.54,1,NA,0,6.77,0.875,284.62,1,86.81,1,6.65,286.29,0.875
2015,12,2,NA,0.5,NA,0,NA,0.625,130.5,1,77.02,1,NA,NA,0.625
2015,12,3,-6.34,1,NA,0,9.57,0.75,212.5,1,86.06,1,7.43,278.02,0.75
2015,12,4,-7.5,0.875,NA,0,3.7,0.875,255.88,1,83.99,1,3.14,274.58,0.875
2015,12,5,NA,0.375,NA,0,1.7,0.875,180.12,1,87.65,1,0.86,146.09,0.875
2015,12,6,-3.04,0.875,NA,0,NA,0.25,74.75,1,84.34,1,NA,NA,0.25
2015,12,7,-5.53,1,NA,0,6.62,0.75,282.88,1,89.79,1,5.93,320.38,0.75
2015,12,8,-6.53,1,NA,0,4.86,1,313.5,1,91.5,1,4.8,313.62,1
2015,12,9,-7,0.875,NA,0,3.74,1,261.88,1,93.34,1,2.73,299.51,1
2015,12,10,NA,0.625,NA,0,2.44,0.875,251.43,0.875,87.63,1,2.39,230.34,0.875
2015,12,11,NA,0.375,NA,0,4.53,0.75,141,1,61.2,1,3.99,93.9,0.75
2015,12,12,1.23,1,NA,0,NA,0.625,129,1,52.19,1,NA,NA,0.625
2015,12,13,1.43,0.75,NA,0,2.74,1,196,1,59.46,1,2.25,187.85,1
2015,12,14,NA,0.125,NA,0,1.24,1,193.12,1,86.94,1,0.75,277.07,1
2015,12,15,NA,0.125,NA,0,1.15,1,191.5,1,93.21,1,0.26,150.67,1
2015,12,16,NA,0.625,NA,0,2.71,1,216.75,1,87.71,1,2.68,217.17,1
2015,12,17,-2.69,0.875,NA,0,4.21,1,226.25,1,85.01,1,4.12,221.41,1
2015,12,18,-0.98,0.75,NA,0,2.76,1,200.62,1,86.9,1,0.88,144.85,1
2015,12,19,NA,0.25,NA,0,1.57,1,180.62,1,87.88,1,0.72,161.44,1
2015,12,20,-0.33,0.75,NA,0,NA,0.625,215.75,1,86.18,1,NA,NA,0.625
2015,12,21,NA,0.25,NA,0,1.61,0.875,162.62,1,86.7,1,0.62,355.02,0.875
2015,12,22,NA,0.5,NA,0,NA,0.625,226.38,1,91.73,1,NA,NA,0.625
2015,12,23,NA,0.25,NA,0,1.69,1,167.62,1,95.56,1,0.57,107.71,1
2015,12,24,0.85,1,NA,0,NA,0.5,116.75,1,63.31,1,NA,NA,0.5
2015,12,25,NA,0.625,NA,0,2.26,1,220.38,1,80.96,0.875,1.58,279.44,1
2015,12,26,-2.21,1,NA,0,3.58,1,284.5,1,80.61,1,2.98,278.64,1
2015,12,27,-2.85,0.75,NA,0,3.24,1,222.88,1,78.9,1,1.86,251.6,1
2015,12,28,NA,0.625,NA,0,2.12,1,240.62,1,85.89,1,1.75,292.64,1
2015,12,29,NA,0.25,NA,0,1.45,1,251,1,79.33,1,1.25,258.76,1
2015,12,30,NA,0.125,NA,0,1.07,1,143.75,1,75.94,1,0.82,106.59,1
2015,12,31,NA,0,NA,0,1.05,1,146.88,1,86.64,1,0.42,91.6,1
2016,1,1,3.8,0.75,NA,0,3.2,0.75,110.62,1,83.66,1,1.9,58.75,0.75
2016,1,2,5.05,0.75,NA,0,NA,0.5,181,1,81.3,1,NA,NA,0.5
2016,1,3,2.04,0.875,NA,0,NA,0.5,142.75,1,84.63,1,NA,NA,0.5
2016,1,4,-1.23,1,NA,0,7.02,0.75,291,1,88.09,1,6.68,286.28,0.75
2016,1,5,-1.02,0.75,NA,0,2.3,0.875,230.75,1,84.61,1,1.63,291.21,0.875
2016,1,6,-1.6,0.75,NA,0,4.12,1,234.62,1,81.24,1,3.69,224.68,1
2016,1,7,NA,0.375,NA,0,1.46,1,172.75,1,85.7,1,1,160.88,1
2016,1,8,-1.55,1,NA,0,4.39,1,251.25,1,88.2,1,4.25,246.77,1
2016,1,9,NA,0.375,NA,0,1.88,1,203.38,1,84.26,1,1.29,214.36,1
2016,1,10,-1.9,1,NA,0,4.2,1,226.62,1,94.93,1,3.99,225.29,1
2016,1,11,-0.61,0.875,NA,0,NA,0.625,130,1,62.46,1,NA,NA,0.625
2016,1,12,-1.76,1,NA,0,4.36,1,118.5,1,55.29,1,2.85,108.68,1
2016,1,13,NA,0.375,NA,0,2.21,1,193,1,57.29,1,0.21,101.43,1
2016,1,14,NA,0.625,NA,0,3.44,1,234.38,1,76.54,1,2.17,261.02,1
2016,1,15,-0.93,0.75,NA,0,3.78,1,254.25,1,95.67,0.875,3.63,248.81,1
2016,1,16,-1.24,1,NA,0,6.59,0.875,232.38,1,92.81,0.875,6.55,231.52,0.875
2016,1,17,-1.33,1,NA,0,4.61,1,225.12,1,86.18,1,4.51,226.75,1
2016,1,18,-1.01,0.875,NA,0,3.5,1,212.75,1,86.25,1,3.37,211.03,1
2016,1,19,-1.13,0.875,NA,0,3.12,1,247.5,1,80.18,1,2.89,232.67,1
2016,1,20,NA,0.25,NA,0,1.74,0.875,164.71,0.875,89.34,1,0.81,116.55,0.875
2016,1,21,0.14,0.875,NA,0,NA,0.625,292.88,1,88.4,1,NA,NA,0.625
2016,1,22,NA,0.375,NA,0,1.27,0.75,255.88,1,94.44,1,1.23,311.76,0.75
2016,1,23,NA,0,NA,0,0.26,1,218.5,1,90,1,0.26,228.53,1
2016,1,24,NA,0.625,NA,0,NA,0.375,169.14,0.875,81.02,1,NA,NA,0.375
2016,1,25,NA,0.125,NA,0,0.24,0.875,230.57,0.875,80.77,1,0.19,325.79,0.875
2016,1,26,-1.74,0.875,NA,0,NA,0.25,192,1,81.94,1,NA,NA,0.25
2016,1,27,NA,0.5,NA,0,NA,0.5,194.71,0.875,80.4,1,NA,NA,0.5
2016,1,28,NA,0.5,NA,0,NA,0.5,NA,0.5,75.71,1,NA,NA,0.5
2016,1,29,2.9,1,NA,0,7.72,0.75,96.88,1,78.02,1,5.78,26.62,0.75
2016,1,30,1.06,1,NA,0,10.64,1,247.62,1,87.96,1,9.76,338.85,1
2016,1,31,0.41,1,NA,0,7.7,0.75,325.75,1,91,1,7.42,324.42,0.75
2016,2,1,-1.08,1,NA,0,5.56,1,246.88,1,93.65,1,5.34,243.05,1
2016,2,2,-0.95,0.75,NA,0,3.73,0.75,222.62,1,90.13,1,2.72,233.98,0.75
2016,2,3,NA,0.5,NA,0,1.9,1,205.88,1,97.79,0.875,0.12,90.46,1
2016,2,4,NA,0.625,NA,0,1.87,0.875,192.43,0.875,96.13,1,0.33,24.39,0.875
2016,2,5,-0.78,1,NA,0,8.78,0.75,276.38,1,85.65,0.75,8,270.79,0.75
2016,2,6,-0.91,0.875,NA,0,5,0.875,229.57,0.875,85.45,1,4.07,238.89,0.875
2016,2,7,1.61,1,NA,0,NA,0.625,170.75,1,82.07,0.875,NA,NA,0.625
2016,2,8,NA,0.625,NA,0,NA,0.5,146.71,0.875,92.46,1,NA,NA,0.5
2016,2,9,1.77,0.75,NA,0,NA,0.625,138,1,77.04,1,NA,NA,0.625
2016,2,10,0.49,1,NA,0,3.5,0.75,207.12,1,68.8,1,1.29,315.02,0.75
2016,2,11,NA,0.5,NA,0,2.07,0.875,159.75,1,81.93,1,1.18,37.94,0.875
2016,2,12,NA,0.5,NA,0,1.88,1,225.12,1,78.96,1,1.66,207.13,1
2016,2,13,NA,0.375,NA,0,1.57,1,177.75,1,85.89,1,0.65,258.61,1
2016,2,14,NA,0.375,NA,0,1.5,0.875,196.14,0.875,93.11,1,0.72,335.42,0.875
2016,2,15,NA,0.25,NA,0,1.3,1,139.88,1,86.5,1,0.24,258.95,1
2016,2,16,-0.05,1,NA,0,NA,0.5,98.38,1,60.2,1,NA,NA,0.5
2016,2,17,NA,0.625,NA,0,2.8,0.75,252.62,1,80.09,1,1.5,214.72,0.75
2016,2,18,-0.49,0.875,NA,0,4.35,0.75,167.86,0.875,82.45,1,3.28,337.14,0.75
2016,2,19,1.6,0.75,NA,0,NA,0.5,86.5,1,81.09,1,NA,NA,0.5
2016,2,20,3.54,1,NA,0,NA,0,78.5,1,76.25,1,NA,NA,0
2016,2,21,NA,0.5,NA,0,2.36,0.875,202.5,1,90.27,1,0.62,271.39,0.875
2016,2,22,0.05,0.75,NA,0,NA,0.25,NA,0.375,95.91,1,NA,NA,0.25
2016,2,23,-0.05,1,NA,0,NA,0,NA,0.375,95.25,1,NA,NA,0
2016,2,24,NA,0.625,NA,0,2.35,0.75,209.12,1,89.64,1,2.33,239.16,0.75
2016,2,25,NA,0.5,NA,0,2.02,1,255.5,1,77.94,1,0.11,344.92,1
2016,2,26,-0.86,0.875,NA,0,2.66,1,228.62,1,84.31,1,1.29,315.09,1
2016,2,27,2.34,0.875,NA,0,NA,0.625,82.25,1,62.39,1,NA,NA,0.625
2016,2,28,1.19,1,NA,0,NA,0.625,218.25,1,86.4,1,NA,NA,0.625
2016,2,29,NA,0.5,NA,0,2.2,0.875,188.71,0.875,84.06,1,0.72,226.6,0.875
2016,3,1,3.71,1,NA,0,NA,0.375,81.38,1,81.2,1,NA,NA,0.375
2016,3,2,-0.34,1,NA,0,2.3,1,251.88,1,NA,0.625,1.33,302.64,1
2016,3,3,1.93,1,NA,0,NA,0.375,154.14,0.875,88.6,1,NA,NA,0.375
2016,3,4,-0.33,1,NA,0,4.47,0.75,263.62,1,91.63,1,4.12,250.77,0.75
2016,3,5,-1.6,1,NA,0,1.04,1,190.25,1,80.96,1,0.4,316.87,1
2016,3,6,-0.81,1,NA,0,NA,0.375,NA,0.5,94.65,1,NA,NA,0.375
2016,3,7,0.14,1,NA,0,NA,0.5,119.12,1,82.57,1,NA,NA,0.5
2016,3,8,-0.25,1,NA,0,2.91,0.875,269.62,1,94,1,2.65,323.38,0.875
2016,3,9,-1.25,1,NA,0,NA,0.5,204.14,0.875,95.61,1,NA,NA,0.5
2016,3,10,0.6,1,NA,0,NA,0.25,116.12,1,89.37,0.875,NA,NA,0.25
2016,3,11,-0.81,1,NA,0,NA,0.25,NA,0.625,92.95,0.75,NA,NA,0.25
2016,3,12,-1.51,1,NA,0,NA,0.625,171.88,1,82.09,1,NA,NA,0.625
2016,3,13,-0.83,1,NA,0,NA,0.625,137.75,1,71.46,1,NA,NA,0.625
2016,3,14,-1.81,1,NA,0,3.01,1,260.5,1,76.16,1,2.45,254.97,1
2016,3,15,-1.81,1,NA,0,2.3,0.875,141,1,74.68,1,1.35,31.99,0.875
2016,3,16,1.8,1,NA,0,NA,0.125,67.5,1,82.11,1,NA,NA,0.125
2016,3,17,-0.4,1,NA,0,NA,0.5,210.88,1,85.06,1,NA,NA,0.5
2016,3,18,-2.3,1,NA,0,8.04,0.875,211.75,1,71.66,1,7.51,214.53,0.875
2016,3,19,-2.61,1,NA,0,1.92,0.75,92.75,1,70.1,1,0.56,140.37,0.75
2016,3,20,-0.12,1,NA,0,NA,0.375,203.25,1,86.79,1,NA,NA,0.375
2016,3,21,-1.39,1,NA,0,NA,0.625,194.25,1,85.58,1,NA,NA,0.625
2016,3,22,-2.49,1,NA,0,NA,0.625,105.5,1,73.24,1,NA,NA,0.625
2016,3,23,2.31,1,NA,0,NA,0.125,115.38,1,74.35,1,NA,NA,0.125
2016,3,24,0.66,1,NA,0,NA,0.625,228.62,1,85.54,1,NA,NA,0.625
2016,3,25,0.7,1,NA,0,NA,0.625,200.38,1,85.4,1,NA,NA,0.625
2016,3,26,1.05,1,NA,0,NA,0.375,145.62,1,81.01,1,NA,NA,0.375
2016,3,27,2.01,1,NA,0,NA,0.25,187.88,1,81.39,1,NA,NA,0.25
2016,3,28,1.2,1,NA,0,NA,0.625,290.88,1,82.56,1,NA,NA,0.625
2016,3,29,-2.47,1,NA,0,4.75,0.75,226.62,1,71.31,1,3.66,267.58,0.75
2016,3,30,0.94,1,NA,0,NA,0.25,88.38,1,70.46,1,NA,NA,0.25
2016,3,31,-1.39,1,NA,0,7.5,0.75,247,1,80.58,1,3.6,319.54,0.75
2016,4,1,-2.77,1,NA,0,2.96,1,242.5,1,84.66,1,1.5,277.14,1
2016,4,2,-3.25,1,NA,0,2.62,1,188.5,1,71.23,1,2.51,191.24,1
2016,4,3,-4.59,1,NA,0,4.98,0.75,209.75,1,68.06,1,4.63,213.31,0.75
2016,4,4,-3.43,1,NA,0,4,1,77.62,1,65.24,1,3.22,79.97,1
2016,4,5,2.54,1,NA,0,NA,0.625,52.5,1,73.63,1,NA,NA,0.625
2016,4,6,0.01,1,NA,0,NA,0.625,287.12,1,87.88,1,NA,NA,0.625
2016,4,7,-1.1,1,NA,0,5.56,0.875,218,1,82.13,1,4.93,342.5,0.875
2016,4,8,-2.16,1,NA,0,2.37,0.75,194.88,1,81.5,1,0.34,298.36,0.75
2016,4,9,-1.63,1,NA,0,2.8,0.875,265.12,1,84.41,0.875,1.66,250.76,0.875
2016,4,10,-1.42,1,NA,0,NA,0.25,285,1,NA,0.625,NA,NA,0.25
2016,4,11,-1.8,1,NA,0,7.2,0.875,253.5,1,83.67,0.875,6.44,253.13,0.875
2016,4,12,-2.43,1,NA,0,11.77,0.75,231.62,1,86.39,1,7.31,256.83,0.75
2016,4,13,-1.7,1,NA,0,NA,0.625,123.38,1,81,1,NA,NA,0.625
2016,4,14,-2.45,1,NA,0,7.91,0.875,160.62,1,67.66,1,2.75,347.15,0.875
2016,4,15,-3.55,1,NA,0,NA,0.5,81.38,1,70.23,1,NA,NA,0.5
2016,4,16,-5.49,1,NA,0,NA,0.625,144.5,1,66.19,1,NA,NA,0.625
2016,4,17,-5.68,1,NA,0,4.59,1,172,1,65.09,1,3.65,178.85,1
2016,4,18,-5.64,1,NA,0,3.78,1,110.5,1,74.29,1,0.56,132.49,1
2016,4,19,-4.94,1,NA,0,4.33,0.875,229.12,1,80.71,1,2.16,244.89,0.875
2016,4,20,-8.09,1,NA,0,6.3,0.75,132.38,1,64.81,1,1.3,155.28,0.75
2016,4,21,-4.2,1,NA,0,NA,0.5,203,1,61.43,1,NA,NA,0.5
2016,4,22,-3.36,1,NA,0,4.49,1,127.25,1,57.66,1,2.82,156.29,1
2016,4,23,-4.55,1,NA,0,1.83,0.875,66.88,1,65.94,1,1.78,30.19,0.875
2016,4,24,-3.15,1,NA,0,4.54,1,156,1,81.24,1,2.16,123.88,1
2016,4,25,-2.81,1,NA,0,1.2,0.875,248.29,0.875,87.13,1,0.65,355.22,0.875
2016,4,26,-1.39,1,NA,0,NA,0.5,202.25,1,92.14,0.875,NA,NA,0.5
2016,4,27,-2.76,1,NA,0,8.37,0.75,224.25,1,86.9,0.875,7.51,222.34,0.75
2016,4,28,-2.05,1,NA,0,10.86,0.875,253.12,1,87.33,0.75,8.39,245.44,0.875
2016,4,29,-1.39,1,NA,0,NA,0.5,287.88,1,95.64,0.875,NA,NA,0.5
2016,4,30,-5.1,1,NA,0,NA,0.125,223.25,1,85.81,1,NA,NA,0.125
2016,5,1,-6.71,1,NA,0,NA,0.625,216.38,1,77.36,1,NA,NA,0.625
2016,5,2,-7.05,1,NA,0,3,0.875,148,1,74.82,1,2.94,218.85,0.875
2016,5,3,-3.39,1,NA,0,0.72,1,155.75,1,97.81,1,0.6,135.49,1
2016,5,4,-4.44,1,NA,0,2.26,0.875,262.25,1,93.63,1,2.06,240.89,0.875
2016,5,5,-4.6,1,NA,0,1.12,1,183.12,1,85.65,1,0.97,211.94,1
2016,5,6,-2.53,1,NA,0,0.95,1,309,1,93.62,0.75,0.75,297.64,1
2016,5,7,-2.82,1,NA,0,0.75,0.75,279.17,0.75,98.32,0.75,0.61,286.01,0.75
2016,5,8,-2.85,1,NA,0,0.32,1,238.12,1,98.28,0.75,0.21,303.77,1
2016,5,9,-1.88,1,NA,0,0.81,1,310.75,1,NA,0,0.78,318.64,1
2016,5,10,-1.95,1,NA,0,0.87,0.75,305.5,0.75,NA,0.125,0.78,305.08,0.75
2016,5,11,-1.78,1,NA,0,0.66,1,236.88,1,NA,0.375,0.59,308.26,1
2016,5,12,-1.38,1,NA,0,0.37,0.75,313.83,0.75,NA,0.125,0.36,315.72,0.75
2016,5,13,-2.03,1,NA,0,NA,0.125,NA,0.5,NA,0.5,NA,NA,0.125
2016,5,14,-2.75,1,NA,0,NA,0.625,280,1,NA,0.625,NA,NA,0.625
2016,5,15,-2.46,1,NA,0,0.3,0.875,300,0.875,NA,0.375,0.29,300.78,0.875
2016,5,16,-1.81,1,NA,0,0.8,1,293.75,1,NA,0.625,0.78,297.34,1
2016,5,17,-2.11,1,NA,0,2.24,1,265.25,1,NA,0.125,2.11,258.67,1
2016,5,18,-2.62,1,NA,0,0.42,0.75,200.12,1,NA,0.25,0.33,274.33,0.75
2016,5,19,-2.76,1,NA,0,NA,0,NA,0.5,NA,0.625,NA,NA,0
2016,5,20,-2.89,1,NA,0,NA,0.5,37.5,1,87.48,1,NA,NA,0.5
2016,5,21,-2.6,1,NA,0,NA,0.25,90.25,1,83.56,1,NA,NA,0.25
2016,5,22,-7.01,1,NA,0,0.25,1,239.38,1,82.84,1,0.24,236.09,1
2016,5,23,-4.16,1,NA,0,NA,0.5,221.75,1,86.13,1,NA,NA,0.5
2016,5,24,-3.34,1,NA,0,NA,0.25,223.75,1,84.59,1,NA,NA,0.25
2016,5,25,-2.16,1,NA,0,NA,0.625,307.88,1,91.63,0.75,NA,NA,0.625
2016,5,26,-1.58,1,NA,0,0.56,1,316.25,1,NA,0.625,0.52,315.14,1
2016,5,27,-2.39,1,NA,0,0.15,0.75,147.33,0.75,90.74,1,0.12,311.61,0.75
2016,5,28,-1.88,1,NA,0,0.61,0.875,201.43,0.875,97.96,1,0.59,102.01,0.875
2016,5,29,-0.79,1,NA,0,NA,0,163.88,1,NA,0,NA,NA,0
2016,5,30,-0.63,1,NA,0,NA,0.25,109,1,NA,0.5,NA,NA,0.25
2016,5,31,-1.63,1,NA,0,0.19,0.875,248.14,0.875,NA,0.625,0.16,299.47,0.875
2016,6,1,-3.51,1,NA,0,NA,0.25,70.62,1,84.31,1,NA,NA,0.25
2016,6,2,-4.04,1,NA,0,NA,0.5,231,1,80.9,1,NA,NA,0.5
2016,6,3,-8.19,1,NA,0,NA,0.375,226.12,1,90.34,1,NA,NA,0.375
2016,6,4,-6.19,1,NA,0,0.07,0.75,179,0.75,86.28,1,0.05,197.38,0.75
2016,6,5,-3.49,1,NA,0,NA,0.5,51.62,1,82.58,1,NA,NA,0.5
2016,6,6,-3.3,1,NA,0,NA,0.375,192.75,1,84.59,1,NA,NA,0.375
2016,6,7,-5.01,1,NA,0,0.57,0.75,277.62,1,92.59,1,0.52,238.97,0.75
2016,6,8,-6.26,1,NA,0,0.95,1,240,1,93.69,1,0.91,222.83,1
2016,6,9,-3.19,1,NA,0,0.79,1,202.12,1,94.23,1,0.5,23.38,1
2016,6,10,-2.45,1,NA,0,0.73,0.75,187.33,0.75,96.29,1,0.49,294.29,0.75
2016,6,11,-1.53,1,NA,0,1.05,1,220,1,94.42,0.75,0.24,271.03,1
2016,6,12,-1.48,1,NA,0,NA,0.375,240.38,1,84.91,0.875,NA,NA,0.375
2016,6,13,-1.96,1,NA,0,NA,0.375,89.88,1,62.59,1,NA,NA,0.375
2016,6,14,-4.44,1,NA,0,0.83,0.875,231.38,1,80.93,1,0.79,246.2,0.875
2016,6,15,-1.05,1,NA,0,1.63,0.75,136.5,1,83.41,1,1.19,93.55,0.75
2016,6,16,-1.33,1,NA,0,NA,0.5,204.88,1,94.05,1,NA,NA,0.5
2016,6,17,0.16,1,NA,0,NA,0.625,103.75,1,85.69,1,NA,NA,0.625
2016,6,18,-0.43,1,NA,0,NA,0.5,169,1,79.53,1,NA,NA,0.5
2016,6,19,0.49,1,NA,0,NA,0.375,227.75,1,88.11,1,NA,NA,0.375
2016,6,20,-3,1,NA,0,NA,0.25,219.43,0.875,89.57,0.875,NA,NA,0.25
2016,6,21,-0.98,1,NA,0,NA,0.25,185.38,1,85.18,1,NA,NA,0.25
2016,6,22,-2.19,1,NA,0,1.26,1,297.5,1,91.74,0.875,1.09,280.27,1
2016,6,23,0.05,1,NA,0,NA,0.625,60.25,1,76.2,1,NA,NA,0.625
2016,6,24,-1.68,1,NA,0,NA,0.375,103.75,1,89.99,1,NA,NA,0.375
2016,6,25,-0.03,1,NA,0,NA,0.375,187.25,1,83.95,1,NA,NA,0.375
2016,6,26,-1.49,1,NA,0,3.44,1,315.12,1,94.11,1,3.05,321.08,1
2016,6,27,-2.4,1,NA,0,3.5,0.75,296.67,0.75,85.63,1,2.71,299.29,0.75
2016,6,28,-2.54,1,NA,0,3.55,1,202.88,1,85.91,1,2.39,349,1
2016,6,29,-1.99,1,NA,0,NA,0.375,NA,0.375,90.89,1,NA,NA,0.375
2016,6,30,-4.84,1,NA,0,NA,0.625,NA,0.625,90.19,1,NA,NA,0.625
2016,7,1,-6.56,1,NA,0,1.9,0.75,213,0.75,81.32,1,1.71,226.49,0.75
2016,7,2,-3.32,1,NA,0,4.5,0.75,219.67,0.75,92.46,1,4.19,348.6,0.75
2016,7,3,-6.29,0.875,NA,0,NA,0,NA,0,76.35,1,NA,NA,0
2016,7,4,-10.59,0.875,NA,0,NA,0,NA,0,74.8,1,NA,NA,0
2016,7,5,-14.98,1,NA,0,NA,0,NA,0,80.25,1,NA,NA,0
2016,7,6,-14.1,1,NA,0,NA,0,NA,0,76.99,1,NA,NA,0
2016,7,7,-10.46,1,NA,0,NA,0,NA,0,74.09,1,NA,NA,0
2016,7,8,-9.56,1,NA,0,NA,0,NA,0,91.58,1,NA,NA,0
2016,7,9,-10.39,1,NA,0,NA,0,NA,0,92.24,1,NA,NA,0
2016,7,10,-10.73,1,NA,0,NA,0,NA,0,92.59,1,NA,NA,0
2016,7,11,-11.83,1,NA,0,NA,0,NA,0,91.95,1,NA,NA,0
2016,7,12,-9.58,1,NA,0,NA,0,NA,0,93.81,1,NA,NA,0
2016,7,13,-9.64,1,NA,0,NA,0,NA,0,89.61,1,NA,NA,0
2016,7,14,-6.15,1,NA,0,NA,0,NA,0,93.85,1,NA,NA,0
2016,7,15,-3.15,1,NA,0,NA,0,NA,0,92.03,0.75,NA,NA,0
2016,7,16,0.6,1,NA,0,NA,0,NA,0,59.84,1,NA,NA,0
2016,7,17,0.25,1,NA,0,NA,0,NA,0,75.26,1,NA,NA,0
2016,7,18,-0.39,1,NA,0,NA,0,NA,0,84.5,1,NA,NA,0
2016,7,19,-0.31,1,NA,0,NA,0,NA,0,84.55,1,NA,NA,0
2016,7,20,-1.74,1,NA,0,NA,0,NA,0,86.99,1,NA,NA,0
2016,7,21,-4.63,1,NA,0,NA,0,NA,0,74.95,1,NA,NA,0
2016,7,22,-5.45,1,NA,0,NA,0,NA,0,72.69,1,NA,NA,0
2016,7,23,-9.2,1,NA,0,NA,0,NA,0,82.35,1,NA,NA,0
2016,7,24,-12.75,1,NA,0,NA,0,NA,0,82.86,1,NA,NA,0
2016,7,25,-13.11,1,NA,0,NA,0,NA,0,82.93,1,NA,NA,0
2016,7,26,-12.86,1,NA,0,NA,0,NA,0,81.8,1,NA,NA,0
2016,7,27,-4.71,1,NA,0,NA,0,NA,0,94.16,1,NA,NA,0
2016,7,28,-2.9,1,NA,0,NA,0,NA,0,98.43,0.875,NA,NA,0
2016,7,29,-6.37,1,NA,0,NA,0,NA,0,92.11,1,NA,NA,0
2016,7,30,-6.39,1,NA,0,NA,0,NA,0,96.58,1,NA,NA,0
2016,7,31,-7.74,0.875,NA,0,NA,0,NA,0,95.11,1,NA,NA,0
2016,8,1,-2.91,0.875,NA,0,NA,0,NA,0,88.94,1,NA,NA,0
2016,8,2,-9.05,1,NA,0,NA,0,NA,0,78.06,1,NA,NA,0
2016,8,3,-4.38,0.75,NA,0,NA,0,NA,0,92.26,1,NA,NA,0
2016,8,4,-7.7,1,NA,0,NA,0,NA,0,86.75,1,NA,NA,0
2016,8,5,-4.1,0.75,NA,0,NA,0,NA,0,88.01,1,NA,NA,0
2016,8,6,0.3,1,NA,0,NA,0,NA,0,82.49,1,NA,NA,0
2016,8,7,-2.01,1,NA,0,NA,0,NA,0,88.06,1,NA,NA,0
2016,8,8,-4.5,1,NA,0,NA,0,NA,0,85.29,1,NA,NA,0
2016,8,9,-8.23,0.875,NA,0,NA,0,NA,0,83.48,1,NA,NA,0
2016,8,10,-12.75,1,NA,0,NA,0,NA,0,78.46,1,NA,NA,0
2016,8,11,-12.85,1,NA,0,NA,0,NA,0,80.79,1,NA,NA,0
2016,8,12,-13.2,1,NA,0,NA,0,NA,0,81.73,1,NA,NA,0
2016,8,13,-9.5,0.75,NA,0,NA,0,NA,0,65,1,NA,NA,0
2016,8,14,-6.32,1,NA,0,NA,0,NA,0,62.86,1,NA,NA,0
2016,8,15,-8.31,1,NA,0,NA,0,NA,0,60.7,1,NA,NA,0
2016,8,16,-8.28,1,NA,0,NA,0,NA,0,81.05,1,NA,NA,0
2016,8,17,-9.55,1,NA,0,NA,0,NA,0,89.11,1,NA,NA,0
2016,8,18,-12.91,1,NA,0,NA,0,NA,0,86.96,1,NA,NA,0
2016,8,19,-11.21,1,NA,0,NA,0,NA,0,88.71,1,NA,NA,0
2016,8,20,-12.95,1,NA,0,NA,0,NA,0,64.94,1,NA,NA,0
2016,8,21,-15.95,1,NA,0,NA,0,NA,0,79.29,1,NA,NA,0
2016,8,22,-16.25,1,NA,0,NA,0,NA,0,83.11,1,NA,NA,0
2016,8,23,-12.69,1,NA,0,NA,0,NA,0,88.29,1,NA,NA,0
2016,8,24,-10.95,1,NA,0,NA,0,NA,0,82.9,1,NA,NA,0
2016,8,25,-7.71,1,NA,0,NA,0,NA,0,75.7,1,NA,NA,0
2016,8,26,-4.4,1,NA,0,NA,0,NA,0,91.98,1,NA,NA,0
2016,8,27,-4.93,0.875,NA,0,NA,0,NA,0,79.93,1,NA,NA,0
2016,8,28,0.86,1,NA,0,NA,0,NA,0,83,1,NA,NA,0
2016,8,29,0.03,1,NA,0,NA,0,NA,0,82.35,1,NA,NA,0
2016,8,30,-2.31,1,NA,0,NA,0,NA,0,74.21,1,NA,NA,0
2016,8,31,-8.37,0.875,NA,0,NA,0,NA,0,86.46,1,NA,NA,0
2016,9,1,-9.35,1,NA,0,NA,0,NA,0,84.08,1,NA,NA,0
2016,9,2,-4.48,1,NA,0,NA,0,NA,0,90.73,1,NA,NA,0
2016,9,3,-3.63,1,NA,0,NA,0,NA,0,86.26,1,NA,NA,0
2016,9,4,-0.96,1,NA,0,NA,0,NA,0,90.15,1,NA,NA,0
2016,9,5,-1.45,1,NA,0,NA,0,NA,0,84.8,1,NA,NA,0
2016,9,6,-0.75,1,NA,0,NA,0,NA,0,91.59,1,NA,NA,0
2016,9,7,-0.26,0.875,NA,0,NA,0,NA,0,90.1,1,NA,NA,0
2016,9,8,-8.13,0.875,NA,0,NA,0,NA,0,76.38,1,NA,NA,0
2016,9,9,-6.09,1,NA,0,NA,0,NA,0,87.3,1,NA,NA,0
2016,9,10,NA,0.5,NA,0,NA,0,NA,0,81.66,1,NA,NA,0
2016,9,11,-2.27,0.75,NA,0,NA,0,NA,0,95.98,1,NA,NA,0
2016,9,12,-1.64,1,NA,0,NA,0,NA,0,97.03,1,NA,NA,0
2016,9,13,-0.27,0.875,NA,0,NA,0,NA,0,86.34,1,NA,NA,0
2016,9,14,NA,0,NA,0,NA,0,NA,0,85.86,1,NA,NA,0
2016,9,15,NA,0,NA,0,NA,0,NA,0,83.63,1,NA,NA,0
2016,9,16,NA,0,NA,0,NA,0,NA,0,82.26,1,NA,NA,0
2016,9,17,NA,0,NA,0,NA,0,NA,0,87.63,1,NA,NA,0
2016,9,18,NA,0,NA,0,NA,0,NA,0,87.2,1,NA,NA,0
2016,9,19,NA,0,NA,0,NA,0,NA,0,91.46,1,NA,NA,0
2016,9,20,NA,0,NA,0,NA,0,NA,0,87.65,1,NA,NA,0
2016,9,21,NA,0,NA,0,NA,0,NA,0,84.54,1,NA,NA,0
2016,9,22,NA,0,NA,0,NA,0,NA,0,84.63,1,NA,NA,0
2016,9,23,NA,0,NA,0,NA,0,NA,0,88.54,1,NA,NA,0
2016,9,24,NA,0,NA,0,NA,0,NA,0,87.07,1,NA,NA,0
2016,9,25,NA,0,NA,0,NA,0,NA,0,94.81,1,NA,NA,0
2016,9,26,NA,0,NA,0,NA,0,NA,0,93.68,1,NA,NA,0
2016,9,27,NA,0,NA,0,NA,0,NA,0,91.8,1,NA,NA,0
2016,9,28,NA,0.25,NA,0,NA,0,NA,0,85.23,1,NA,NA,0
2016,9,29,-5.36,1,NA,0,NA,0,NA,0,88.63,1,NA,NA,0
2016,9,30,-5.61,1,NA,0,NA,0,NA,0,80.1,1,NA,NA,0
2016,10,1,-6.21,1,NA,0,NA,0,NA,0,98.35,0.75,NA,NA,0
2016,10,2,-5.05,1,NA,0,NA,0,NA,0,95.37,0.75,NA,NA,0
2016,10,3,-4.52,1,NA,0,NA,0,NA,0,NA,0.625,NA,NA,0
2016,10,4,-2.33,1,NA,0,NA,0,NA,0,83.1,0.875,NA,NA,0
2016,10,5,-4.21,1,NA,0,NA,0,NA,0,97.8,0.875,NA,NA,0
2016,10,6,-3.96,1,NA,0,NA,0,NA,0,92.2,0.875,NA,NA,0
2016,10,7,-3.33,1,NA,0,NA,0,NA,0,80.46,1,NA,NA,0
2016,10,8,-1.91,1,NA,0,NA,0,NA,0,74.13,1,NA,NA,0
2016,10,9,-4.69,1,NA,0,NA,0,NA,0,65.78,1,NA,NA,0
2016,10,10,-5.74,1,NA,0,NA,0,NA,0,94.04,1,NA,NA,0
2016,10,11,-4.98,1,NA,0,NA,0,NA,0,91.05,1,NA,NA,0
2016,10,12,-3.89,1,NA,0,NA,0,NA,0,89.13,0.875,NA,NA,0
2016,10,13,-4.31,1,NA,0,NA,0,NA,0,75.31,1,NA,NA,0
2016,10,14,-5.8,1,NA,0,NA,0,NA,0,78.83,1,NA,NA,0
2016,10,15,-6.59,1,NA,0,NA,0,NA,0,77.21,1,NA,NA,0
2016,10,16,-7.78,1,NA,0,NA,0,NA,0,84.38,1,NA,NA,0
2016,10,17,-7.15,1,NA,0,NA,0,NA,0,80.48,1,NA,NA,0
2016,10,18,-5.04,1,NA,0,NA,0,NA,0,91.66,1,NA,NA,0
2016,10,19,-3.61,1,NA,0,NA,0,NA,0,96.43,0.875,NA,NA,0
2016,10,20,-5.06,1,NA,0,NA,0,NA,0,95.67,0.875,NA,NA,0
2016,10,21,-4.44,1,NA,0,NA,0,NA,0,87.99,1,NA,NA,0
2016,10,22,-5.25,1,NA,0,NA,0,NA,0,80.16,1,NA,NA,0
2016,10,23,-5.19,1,NA,0,NA,0,NA,0,87.89,1,NA,NA,0
2016,10,24,-3.63,1,NA,0,NA,0,NA,0,93.86,0.875,NA,NA,0
2016,10,25,-4.7,1,NA,0,NA,0,NA,0,81.1,1,NA,NA,0
2016,10,26,-4.58,1,NA,0,NA,0,NA,0,NA,0.625,NA,NA,0
2016,10,27,-4.29,1,NA,0,NA,0,NA,0,93.04,1,NA,NA,0
2016,10,28,-4.43,1,NA,0,NA,0,NA,0,NA,0.625,NA,NA,0
2016,10,29,-3.8,1,NA,0,NA,0,NA,0,NA,0.5,NA,NA,0
2016,10,30,-2.64,1,NA,0,NA,0,NA,0,82.21,1,NA,NA,0
2016,10,31,-3.13,1,NA,0,NA,0,NA,0,83.98,1,NA,NA,0
2016,11,1,-4.19,1,NA,0,NA,0,NA,0,85.89,1,NA,NA,0
2016,11,2,-4.3,1,NA,0,NA,0,NA,0,80.96,1,NA,NA,0
2016,11,3,-3.07,1,NA,0,NA,0,NA,0,71.81,1,NA,NA,0
2016,11,4,-4.48,1,NA,0,NA,0,NA,0,80,1,NA,NA,0
2016,11,5,-5.06,1,NA,0,NA,0,NA,0,76.21,1,NA,NA,0
2016,11,6,-4.31,1,NA,0,NA,0,NA,0,87.26,1,NA,NA,0
2016,11,7,-4.53,1,NA,0,NA,0,NA,0,87.16,1,NA,NA,0
2016,11,8,-4.77,1,NA,0,NA,0,NA,0,78.23,1,NA,NA,0
2016,11,9,-4.68,1,NA,0,NA,0,NA,0,67.3,1,NA,NA,0
2016,11,10,-5.55,1,NA,0,NA,0,NA,0,77.84,1,NA,NA,0
2016,11,11,-4.26,1,NA,0,NA,0,NA,0,85.19,1,NA,NA,0
2016,11,12,-4.66,1,NA,0,NA,0,NA,0,64.52,1,NA,NA,0
2016,11,13,-4.9,1,NA,0,NA,0,NA,0,51.59,1,NA,NA,0
2016,11,14,-4.63,0.875,NA,0,NA,0,NA,0,64.56,0.875,NA,NA,0
2016,11,15,-5.5,1,NA,0,NA,0,NA,0,77.44,1,NA,NA,0
2016,11,16,-4.9,1,NA,0,NA,0,NA,0,79.36,1,NA,NA,0
2016,11,17,-4.69,1,NA,0,NA,0,NA,0,78.05,1,NA,NA,0
2016,11,18,-3.35,1,NA,0,NA,0,NA,0,74.86,1,NA,NA,0
2016,11,19,-3.14,0.875,NA,0,NA,0,NA,0,72.58,1,NA,NA,0
2016,11,20,-4.25,1,NA,0,NA,0,NA,0,78.39,1,NA,NA,0
2016,11,21,-4.1,1,NA,0,NA,0,NA,0,91.53,1,NA,NA,0
2016,11,22,-4.87,1,NA,0,NA,0,NA,0,88.1,1,NA,NA,0
2016,11,23,-2.78,1,NA,0,NA,0,NA,0,83.85,1,NA,NA,0
2016,11,24,-4.05,1,NA,0,NA,0,NA,0,90.73,1,NA,NA,0
2016,11,25,-4.74,1,NA,0,NA,0,NA,0,91.74,1,NA,NA,0
2016,11,26,-4.85,1,NA,0,NA,0,NA,0,94.59,1,NA,NA,0
2016,11,27,-4.18,1,NA,0,NA,0,NA,0,90.13,1,NA,NA,0
2016,11,28,-3.4,1,NA,0,NA,0,NA,0,87.34,1,NA,NA,0
2016,11,29,-3.79,1,NA,0,NA,0,NA,0,89.64,1,NA,NA,0
2016,11,30,-2.13,1,NA,0,NA,0,NA,0,65.98,1,NA,NA,0
2016,12,1,-4.3,1,NA,0,NA,0,NA,0,85.09,1,NA,NA,0
2016,12,2,-4.31,1,NA,0,NA,0,NA,0,82.73,1,NA,NA,0
2016,12,3,-3.66,1,NA,0,NA,0,NA,0,77.23,1,NA,NA,0
2016,12,4,-3.79,1,NA,0,NA,0,NA,0,84.34,1,NA,NA,0
2016,12,5,-2.88,1,NA,0,NA,0,NA,0,77.44,1,NA,NA,0
2016,12,6,-4.29,1,NA,0,NA,0,NA,0,83.08,1,NA,NA,0
2016,12,7,-4.23,1,NA,0,NA,0,NA,0,79.43,1,NA,NA,0
2016,12,8,-3.81,1,NA,0,NA,0,NA,0,81.41,1,NA,NA,0
2016,12,9,-4.06,1,NA,0,NA,0,NA,0,65.48,1,NA,NA,0
2016,12,10,-4.2,1,NA,0,NA,0,NA,0,72.98,1,NA,NA,0
2016,12,11,-4.45,1,NA,0,NA,0,NA,0,78.79,1,NA,NA,0
2016,12,12,-4.76,1,NA,0,NA,0,NA,0,83.03,1,NA,NA,0
2016,12,13,-4.75,1,NA,0,NA,0,NA,0,93.91,1,NA,NA,0
2016,12,14,-3.92,1,NA,0,NA,0,NA,0,90.04,1,NA,NA,0
2016,12,15,-3.08,1,NA,0,NA,0,NA,0,90.58,1,NA,NA,0
2016,12,16,-4.01,0.875,NA,0,NA,0,NA,0,85.59,1,NA,NA,0
2016,12,17,-1.57,1,NA,0,NA,0,NA,0,64.73,1,NA,NA,0
2016,12,18,-1.51,1,NA,0,NA,0,NA,0,64.7,1,NA,NA,0
2016,12,19,-2.38,1,NA,0,NA,0,NA,0,81.27,1,NA,NA,0
2016,12,20,-2.88,1,NA,0,NA,0,NA,0,86.74,1,NA,NA,0
2016,12,21,-3.43,1,NA,0,NA,0,NA,0,93.56,1,NA,NA,0
2016,12,22,-2.94,0.875,NA,0,NA,0,NA,0,77.45,1,NA,NA,0
2016,12,23,-1.78,1,NA,0,NA,0,NA,0,57.54,1,NA,NA,0
2016,12,24,-3,1,NA,0,NA,0,NA,0,77.94,1,NA,NA,0
2016,12,25,-3.91,1,NA,0,NA,0,NA,0,83.11,1,NA,NA,0
2016,12,26,-2.83,1,NA,0,NA,0,NA,0,73.14,1,NA,NA,0
2016,12,27,-2.38,1,NA,0,NA,0,NA,0,66.91,1,NA,NA,0
2016,12,28,-3.07,0.875,NA,0,NA,0,NA,0,73.85,1,NA,NA,0
2016,12,29,-3.14,1,NA,0,NA,0,NA,0,77.16,1,NA,NA,0
2016,12,30,-2.69,1,NA,0,NA,0,NA,0,69.43,1,NA,NA,0
2016,12,31,-2.91,1,NA,0,NA,0,NA,0,78.73,1,NA,NA,0
2017,1,1,-2.54,1,NA,0,NA,0,NA,0,62.2,1,NA,NA,0
2017,1,2,-2.64,1,NA,0,NA,0,NA,0,78.14,1,NA,NA,0
2017,1,3,-2.49,1,NA,0,NA,0,NA,0,76.11,1,NA,NA,0
2017,1,4,-2.25,1,NA,0,NA,0,NA,0,71.48,1,NA,NA,0
2017,1,5,-3.09,1,NA,0,NA,0,NA,0,63.24,1,NA,NA,0
2017,1,6,-3.01,1,NA,0,NA,0,NA,0,55.71,1,NA,NA,0
2017,1,7,-2.64,1,NA,0,NA,0,NA,0,65.11,1,NA,NA,0
2017,1,8,-1.71,1,NA,0,NA,0,NA,0,72.15,1,NA,NA,0
2017,1,9,-1.65,1,NA,0,NA,0,NA,0,68.23,1,NA,NA,0
2017,1,10,-0.88,1,NA,0,NA,0,NA,0,65.43,1,NA,NA,0
2017,1,11,-0.36,0.875,NA,0,NA,0,NA,0,48.83,0.875,NA,NA,0
2017,1,12,-0.56,1,NA,0,NA,0,NA,0,48.21,1,NA,NA,0
2017,1,13,-1.9,1,NA,0,NA,0,NA,0,57.74,1,NA,NA,0
2017,1,14,-2.66,1,NA,0,NA,0,NA,0,73.44,1,NA,NA,0
2017,1,15,-2.13,1,NA,0,NA,0,NA,0,75.08,1,NA,NA,0
2017,1,16,-1.91,1,NA,0,NA,0,NA,0,55.01,1,NA,NA,0
2017,1,17,-2.43,1,NA,0,NA,0,NA,0,49.32,1,NA,NA,0
2017,1,18,-2.24,1,NA,0,NA,0,NA,0,63.44,1,NA,NA,0
2017,1,19,-1.41,1,NA,0,NA,0,NA,0,68.41,1,NA,NA,0
2017,1,20,-1.04,0.875,NA,0,NA,0,NA,0,56.06,1,NA,NA,0
2017,1,21,-2.06,1,NA,0,NA,0,NA,0,72.54,1,NA,NA,0
2017,1,22,-0.44,1,NA,0,NA,0,NA,0,73.9,1,NA,NA,0
2017,1,23,-1.35,1,NA,0,NA,0,NA,0,82.31,1,NA,NA,0
2017,1,24,-1.65,1,NA,0,NA,0,NA,0,81.24,1,NA,NA,0
2017,1,25,-1.18,1,NA,0,NA,0,NA,0,72.6,1,NA,NA,0
2017,1,26,-0.35,1,NA,0,NA,0,NA,0,75.3,1,NA,NA,0
2017,1,27,-0.3,1,NA,0,NA,0,NA,0,77.5,1,NA,NA,0
2017,1,28,-0.71,1,NA,0,NA,0,NA,0,78.85,1,NA,NA,0
2017,1,29,-0.91,1,NA,0,NA,0,NA,0,82.03,1,NA,NA,0
2017,1,30,-1.96,1,NA,0,NA,0,NA,0,88.36,1,NA,NA,0
2017,1,31,-1.56,1,NA,0,NA,0,NA,0,78.71,1,NA,NA,0
2017,2,1,-2.18,1,NA,0,NA,0,NA,0,72.01,1,NA,NA,0
2017,2,2,-2.2,0.875,NA,0,NA,0,NA,0,77.6,1,NA,NA,0
2017,2,3,-2.94,1,NA,0,NA,0,NA,0,84.74,1,NA,NA,0
2017,2,4,-2.19,1,NA,0,NA,0,NA,0,78.93,1,NA,NA,0
2017,2,5,-1.73,1,NA,0,NA,0,NA,0,73.4,1,NA,NA,0
2017,2,6,-1.76,0.875,NA,0,NA,0,NA,0,66.7,1,NA,NA,0
2017,2,7,-2.16,1,NA,0,NA,0,NA,0,74.2,1,NA,NA,0
2017,2,8,-2.06,1,NA,0,NA,0,NA,0,77.36,1,NA,NA,0
2017,2,9,-0.99,1,NA,0,NA,0,NA,0,87.4,1,NA,NA,0
2017,2,10,0.42,1,NA,0,NA,0,NA,0,71.64,1,NA,NA,0
2017,2,11,-1.13,1,NA,0,NA,0,NA,0,83.52,1,NA,NA,0
2017,2,12,0.5,1,NA,0,NA,0,NA,0,72.85,1,NA,NA,0
2017,2,13,-0.09,1,NA,0,NA,0,NA,0,73.44,1,NA,NA,0
2017,2,14,-0.29,1,NA,0,NA,0,NA,0,74.14,1,NA,NA,0
2017,2,15,-0.9,1,NA,0,NA,0,NA,0,79.14,1,NA,NA,0
2017,2,16,-0.11,1,NA,0,NA,0,NA,0,78.21,1,NA,NA,0
2017,2,17,-0.83,0.875,NA,0,NA,0,NA,0,82.88,1,NA,NA,0
2017,2,18,-2.95,1,NA,0,NA,0,NA,0,87.54,1,NA,NA,0
2017,2,19,-4.27,1,NA,0,NA,0,NA,0,85.27,1,NA,NA,0
2017,2,20,-3.04,1,NA,0,NA,0,NA,0,70.79,1,NA,NA,0
2017,2,21,-3.21,1,NA,0,NA,0,NA,0,80.73,1,NA,NA,0
2017,2,22,-1.86,0.875,NA,0,NA,0,NA,0,85.66,1,NA,NA,0
2017,2,23,-1.86,1,NA,0,NA,0,NA,0,86.14,1,NA,NA,0
2017,2,24,-1.16,1,NA,0,NA,0,NA,0,84.93,1,NA,NA,0
2017,2,25,-1.3,0.875,NA,0,NA,0,NA,0,88.75,1,NA,NA,0
2017,2,26,-1.08,1,NA,0,NA,0,NA,0,64.25,1,NA,NA,0
2017,2,27,-2.98,1,NA,0,NA,0,NA,0,79.99,1,NA,NA,0
2017,2,28,-3.09,0.875,NA,0,NA,0,NA,0,66.03,1,NA,NA,0
2017,3,1,-3.13,1,NA,0,NA,0,NA,0,58.7,1,NA,NA,0
2017,3,2,-2.99,1,NA,0,NA,0,NA,0,75.73,1,NA,NA,0
2017,3,3,-3.16,1,NA,0,NA,0,NA,0,78.79,1,NA,NA,0
2017,3,4,-4.04,1,NA,0,NA,0,NA,0,73.64,1,NA,NA,0
2017,3,5,-3.93,1,NA,0,NA,0,NA,0,73.6,1,NA,NA,0
2017,3,6,-3.51,1,NA,0,NA,0,NA,0,85.08,1,NA,NA,0
2017,3,7,-3.38,1,NA,0,NA,0,NA,0,79.1,1,NA,NA,0
2017,3,8,-3.45,1,NA,0,NA,0,NA,0,94.96,1,NA,NA,0
2017,3,9,-3.09,0.875,NA,0,NA,0,NA,0,95.56,1,NA,NA,0
2017,3,10,-2.22,0.75,NA,0,NA,0,NA,0,84.46,1,NA,NA,0
2017,3,11,-3.31,1,NA,0,NA,0,NA,0,91.5,1,NA,NA,0
2017,3,12,-1.87,0.875,NA,0,NA,0,NA,0,72.05,1,NA,NA,0
2017,3,13,-0.7,1,NA,0,NA,0,NA,0,78.48,1,NA,NA,0
2017,3,14,-2.24,1,NA,0,NA,0,NA,0,93.5,1,NA,NA,0
2017,3,15,-2.35,1,NA,0,NA,0,NA,0,85.06,1,NA,NA,0
2017,3,16,-1.94,1,NA,0,NA,0,NA,0,73.98,1,NA,NA,0
2017,3,17,-0.46,1,NA,0,NA,0,NA,0,75.8,1,NA,NA,0
2017,3,18,-1.6,1,NA,0,NA,0,NA,0,88.03,1,NA,NA,0
2017,3,19,-2.61,1,NA,0,NA,0,NA,0,89.89,1,NA,NA,0
2017,3,20,0.73,1,NA,0,NA,0,NA,0,81.11,1,NA,NA,0
2017,3,21,-0.46,1,NA,0,NA,0,NA,0,83.81,1,NA,NA,0
2017,3,22,-2.31,1,NA,0,NA,0,NA,0,91.16,1,NA,NA,0
2017,3,23,-2.26,1,NA,0,NA,0,NA,0,90.56,1,NA,NA,0
2017,3,24,-2.81,1,NA,0,NA,0,NA,0,92.79,1,NA,NA,0
2017,3,25,-1.99,1,NA,0,NA,0,NA,0,86.3,1,NA,NA,0
2017,3,26,-2.3,1,NA,0,NA,0,NA,0,95.35,1,NA,NA,0
2017,3,27,-0.77,1,NA,0,NA,0,NA,0,81.93,1,NA,NA,0
2017,3,28,-1.09,1,NA,0,NA,0,NA,0,90,1,NA,NA,0
2017,3,29,-1.35,1,NA,0,NA,0,NA,0,84.06,1,NA,NA,0
2017,3,30,-2.6,1,NA,0,NA,0,NA,0,86.23,1,NA,NA,0
2017,3,31,-2.86,1,NA,0,NA,0,NA,0,84.49,1,NA,NA,0
2017,4,1,-2.39,1,NA,0,NA,0,NA,0,93.05,1,NA,NA,0
2017,4,2,-2.77,1,NA,0,NA,0,NA,0,79.48,1,NA,NA,0
2017,4,3,-4.41,1,NA,0,NA,0,NA,0,75.23,1,NA,NA,0
2017,4,4,-5.23,0.75,NA,0,NA,0,NA,0,67.76,1,NA,NA,0
2017,4,5,-3.95,1,NA,0,NA,0,NA,0,68.04,1,NA,NA,0
2017,4,6,-3.35,1,NA,0,NA,0,NA,0,76.38,1,NA,NA,0
2017,4,7,-4.3,1,NA,0,NA,0,NA,0,85.99,1,NA,NA,0
2017,4,8,-2.35,1,NA,0,NA,0,NA,0,83.56,1,NA,NA,0
2017,4,9,-2.72,1,NA,0,NA,0,NA,0,87.56,1,NA,NA,0
2017,4,10,-2.94,0.875,NA,0,NA,0,NA,0,80.38,1,NA,NA,0
2017,4,11,-3.53,1,NA,0,NA,0,NA,0,85.54,1,NA,NA,0
2017,4,12,-3.87,1,NA,0,NA,0,NA,0,86.51,1,NA,NA,0
2017,4,13,-4.33,1,NA,0,NA,0,NA,0,88.54,1,NA,NA,0
2017,4,14,-3.88,1,NA,0,NA,0,NA,0,91.86,1,NA,NA,0
2017,4,15,-3.98,1,NA,0,NA,0,NA,0,89.36,1,NA,NA,0
2017,4,16,-4.75,1,NA,0,NA,0,NA,0,80.95,1,NA,NA,0
2017,4,17,-4.36,1,NA,0,NA,0,NA,0,94.63,1,NA,NA,0
2017,4,18,-2.9,1,NA,0,NA,0,NA,0,92.21,1,NA,NA,0
2017,4,19,-4.29,1,NA,0,NA,0,NA,0,95.21,1,NA,NA,0
2017,4,20,-4.3,1,NA,0,NA,0,NA,0,87.04,1,NA,NA,0
2017,4,21,-4.64,1,NA,0,NA,0,NA,0,72.88,1,NA,NA,0
2017,4,22,-4.15,1,NA,0,NA,0,NA,0,71.28,1,NA,NA,0
2017,4,23,-4.35,1,NA,0,NA,0,NA,0,77.33,1,NA,NA,0
2017,4,24,-4.68,1,NA,0,NA,0,NA,0,80.51,1,NA,NA,0
2017,4,25,-3.99,1,NA,0,NA,0,NA,0,84.55,1,NA,NA,0
2017,4,26,NA,0.625,NA,0,NA,0,NA,0,NA,0.625,NA,NA,0
2017,4,27,NA,0,NA,0,NA,0,NA,0,NA,0,NA,NA,0
2017,4,28,NA,0,NA,0,NA,0,NA,0,NA,0,NA,NA,0
2017,4,29,NA,0,NA,0,NA,0,NA,0,NA,0,NA,NA,0
2017,4,30,NA,0,NA,0,NA,0,NA,0,NA,0,NA,NA,0
