Year,Month,Day,Temperature(¡æ),wt_T,Pressure(hPa),wt_P,Wind Speed(m/s),wt_WS,Wind Direction,wt_WD,Relative Humidity(%),wt_RH,Vector Wind Speed(m/s),Vector Wind Direction(¡ã),wt_V
1994,11,1,NA,0,NA,0,NA,0,NA,0,NA,0,NA,NA,0
1994,11,2,NA,0,NA,0,NA,0,NA,0,NA,0,NA,NA,0
1994,11,3,NA,0,NA,0,NA,0,NA,0,NA,0,NA,NA,0
1994,11,4,NA,0,NA,0,NA,0,NA,0,NA,0,NA,NA,0
1994,11,5,NA,0,NA,0,NA,0,NA,0,NA,0,NA,NA,0
1994,11,6,NA,0,NA,0,NA,0,NA,0,NA,0,NA,NA,0
1994,11,7,NA,0,NA,0,NA,0,NA,0,NA,0,NA,NA,0
1994,11,8,NA,0,NA,0,NA,0,NA,0,NA,0,NA,NA,0
1994,11,9,NA,0,NA,0,NA,0,NA,0,NA,0,NA,NA,0
1994,11,10,NA,0,NA,0,NA,0,NA,0,NA,0,NA,NA,0
1994,11,11,NA,0,NA,0,NA,0,NA,0,NA,0,NA,NA,0
1994,11,12,NA,0,NA,0,NA,0,NA,0,NA,0,NA,NA,0
1994,11,13,NA,0,NA,0,NA,0,NA,0,NA,0,NA,NA,0
1994,11,14,NA,0,NA,0,NA,0,NA,0,NA,0,NA,NA,0
1994,11,15,NA,0,NA,0,NA,0,NA,0,NA,0,NA,NA,0
1994,11,16,NA,0,NA,0,NA,0,NA,0,NA,0,NA,NA,0
1994,11,17,NA,0,NA,0,NA,0,NA,0,NA,0,NA,NA,0
1994,11,18,NA,0,NA,0,NA,0,NA,0,NA,0,NA,NA,0
1994,11,19,NA,0,NA,0,NA,0,NA,0,NA,0,NA,NA,0
1994,11,20,NA,0,NA,0,NA,0,NA,0,NA,0,NA,NA,0
1994,11,21,NA,0,NA,0,NA,0,NA,0,NA,0,NA,NA,0
1994,11,22,NA,0,NA,0,NA,0,NA,0,NA,0,NA,NA,0
1994,11,23,NA,0,NA,0,NA,0,NA,0,NA,0,NA,NA,0
1994,11,24,NA,0,NA,0,NA,0,NA,0,NA,0,NA,NA,0
1994,11,25,NA,0,NA,0,NA,0,NA,0,NA,0,NA,NA,0
1994,11,26,NA,0,NA,0,NA,0,NA,0,NA,0,NA,NA,0
1994,11,27,NA,0,NA,0,NA,0,NA,0,NA,0,NA,NA,0
1994,11,28,NA,0,NA,0,NA,0,NA,0,NA,0,NA,NA,0
1994,11,29,NA,0.625,NA,0.625,NA,0.625,NA,0.625,NA,0.625,NA,NA,0.625
1994,11,30,-11.66,0.875,822.86,0.875,8.39,0.875,152.57,0.875,76.57,0.875,8,357.77,0.875
1994,12,1,-8.5,1,824.08,1,6.78,1,339.5,1,85.13,1,6.65,339.62,1
1994,12,2,-9.9,0.75,823.44,1,NA,0.5,179.86,0.875,66.5,1,NA,NA,0.5
1994,12,3,NA,0.375,823.82,1,4.14,1,84.88,1,69.88,1,3.45,37.93,1
1994,12,4,-12.3,1,823.77,1,6.72,1,294.38,1,71.63,1,6.13,338.84,1
1994,12,5,-11.1,0.875,819.45,1,4.36,0.875,278.75,1,81.5,1,3.47,328.66,0.875
1994,12,6,-10.44,1,816.8,1,4.19,1,325,1,79.88,1,3.98,325.47,1
1994,12,7,-10.35,1,817.89,1,5.16,1,254.12,1,72.75,1,4.84,347.67,1
1994,12,8,-10.48,1,817.74,1,3.67,1,316.12,1,84.63,1,3.46,313.92,1
1994,12,9,-10.75,1,813.18,1,4.03,1,155.5,1,78.25,1,2.45,328.25,1
1994,12,10,-11.34,0.875,816.86,1,4.45,1,98.62,1,71.63,1,3.22,45.57,1
1994,12,11,-12.05,1,814.33,1,8.03,1,21.38,1,68.38,1,7.86,19.75,1
1994,12,12,-11.45,1,817.82,1,9.25,1,137.62,1,73.88,1,9.2,2.35,1
1994,12,13,-10.26,1,821.76,1,7.31,1,94.75,1,70.25,1,7.25,5.54,1
1994,12,14,NA,0.125,818.85,1,1.52,1,254,1,65,1,1,328.34,1
1994,12,15,-10.67,1,813.32,1,6.61,1,68.12,1,73.88,1,6.03,17.97,1
1994,12,16,-12.16,1,813.21,1,7.81,1,260.5,1,78.5,1,7.64,350.2,1
1994,12,17,-12.45,1,819.3,1,6.16,0.875,262.38,1,79.63,1,5.98,258.88,0.875
1994,12,18,-12.21,0.875,819.4,1,3.84,1,242.62,1,74.38,1,3.68,238.89,1
1994,12,19,NA,0.25,815.15,1,1.54,0.875,258.57,0.875,58.88,1,0.98,256.39,0.875
1994,12,20,-13.89,0.875,812.65,1,3.89,1,247.12,1,70.38,1,3.41,339.17,1
1994,12,21,-13.93,1,813.65,1,7.25,1,299.62,1,72.88,1,7.14,345.54,1
1994,12,22,-11.19,1,818.89,1,5.7,1,326.12,1,79.5,1,5.35,327.29,1
1994,12,23,-9.39,0.875,821.23,1,4.18,1,324.12,1,81,1,4.04,322.47,1
1994,12,24,-11.15,1,819.06,1,6.81,0.875,294.12,1,78.5,1,6.51,333.62,0.875
1994,12,25,-7.7,1,815.59,1,8.6,1,300,1,88.25,1,8.15,297.51,1
1994,12,26,-9.35,1,813.19,1,4.62,1,254.88,1,76.88,1,4.24,347.9,1
1994,12,27,-10.74,1,816.75,1,7.32,1,254,1,82.5,1,7.14,252.25,1
1994,12,28,-10.74,1,823.05,1,4.25,1,273.75,1,82.13,1,3.68,319.21,1
1994,12,29,-6.31,1,819.31,1,5.4,1,348.62,1,81.5,1,5.3,348.13,1
1994,12,30,-8,0.75,821.31,1,3.56,1,232.88,1,78.38,1,3.42,231.54,1
1994,12,31,-10.71,1,822.85,1,5.26,1,195.25,1,79,1,5.03,192.9,1
1995,1,1,NA,0.5,821.17,0.875,2.3,0.875,152.14,0.875,66,0.875,2.04,159.06,0.875
1995,1,2,NA,0.5,819.6,1,3.81,1,130,1,60.5,1,2.99,22.5,1
1995,1,3,-10.48,1,816.89,1,7.71,1,308.12,1,83.63,1,7.61,355.03,1
1995,1,4,-9.45,1,815.3,1,7.97,0.875,309.5,1,80.25,1,7.92,352.76,0.875
1995,1,5,-9.01,1,817.61,1,6.16,1,226.62,1,73.75,1,6.15,2.05,1
1995,1,6,-9.41,1,821.64,1,5.75,1,105.75,1,70.13,1,5.58,15.77,1
1995,1,7,-9.26,1,821.73,1,5.44,1,56.25,1,70.5,1,5.42,11.49,1
1995,1,8,-9.1,1,816.19,1,5.79,1,22.75,1,71.13,1,5.64,23.08,1
1995,1,9,-10.64,1,811.57,1,8.46,1,25.25,1,73.63,1,8.4,25.97,1
1995,1,10,-12.64,1,812.84,1,8.91,1,17.75,1,74,1,8.77,17.78,1
1995,1,11,-12.14,1,812.2,1,5.46,0.875,227.12,1,68.5,1,5.37,4.16,0.875
1995,1,12,-13.35,1,811.96,1,4.96,1,303.38,1,75,1,4.88,349.67,1
1995,1,13,-13.95,1,814.23,1,5.62,1,144.25,1,72,1,5.35,7.35,1
1995,1,14,NA,0.625,814.19,1,5.06,0.875,157.5,1,67.13,1,4.54,18.2,0.875
1995,1,15,-13.68,1,814.05,1,5.84,1,51.25,1,67.38,1,5.78,6.71,1
1995,1,16,-13.01,1,816.09,1,5.86,1,101.25,1,61.88,1,5.81,11.56,1
1995,1,17,-13.94,0.875,817.46,1,4.32,1,63.25,1,67.38,1,4.25,20.11,1
1995,1,18,NA,0.5,816.38,1,2.99,1,223,1,63.63,1,2.93,357.68,1
1995,1,19,NA,0.5,813.35,1,3.11,1,152.62,1,65.13,1,2.9,9.24,1
1995,1,20,-15.29,1,813.35,1,7.47,1,58.62,1,70.88,1,7.41,13.64,1
1995,1,21,-14.96,1,819.5,1,7.06,1,19.25,1,66.88,1,7.03,19.56,1
1995,1,22,-14.03,1,818.99,1,5.49,1,16.88,1,71.25,1,5.38,15.89,1
1995,1,23,-13.31,1,813.9,1,9.56,1,10.38,1,77.75,1,9.56,10.26,1
1995,1,24,-13.41,1,815.05,1,9.28,1,69.38,1,76.13,1,9.13,24.58,1
1995,1,25,-15.76,1,815.69,1,9.16,1,38.38,1,72.75,1,9.12,38.01,1
1995,1,26,-14.16,1,813.46,1,8.59,1,139.25,1,77.88,1,8.1,0.69,1
1995,1,27,-13.98,1,816.14,1,6.32,1,136.25,1,77.63,1,6.07,0.1,1
1995,1,28,-10.27,1,818.18,1,7.01,1,183,1,79.75,1,6.84,3.08,1
1995,1,29,-11.08,1,822.38,1,9.05,1,16.25,1,76.38,1,9.01,16.27,1
1995,1,30,-11.19,1,827.4,1,9.53,1,13.5,1,78.38,1,9.5,13.6,1
1995,1,31,-9.96,1,829.34,1,7.33,0.875,22.5,1,76.25,1,7.18,19.52,0.875
1995,2,1,-9.86,1,822.3,1,6.54,1,31.5,1,74.88,1,6.39,32.17,1
1995,2,2,-13.69,0.875,817.18,1,6.71,1,55.5,1,74,1,6.49,9.39,1
1995,2,3,-14.41,1,815.19,1,4.92,1,318.38,1,85,1,4.67,318.69,1
1995,2,4,-14.06,1,815.2,1,5.82,1,290.12,1,88,1,5.54,341.76,1
1995,2,5,-12.85,1,809.8,1,6.94,0.875,306.62,1,86.38,1,6.89,350.72,0.875
1995,2,6,-13.11,1,814.59,1,8.7,1,55.62,1,82.13,1,8.6,10.61,1
1995,2,7,-14.03,1,815.11,1,7.42,1,140.75,1,79.75,1,7.29,5.41,1
1995,2,8,-14.89,1,812.98,1,4.49,1,263.12,1,79.75,1,4.42,354.8,1
1995,2,9,-19.77,0.75,814.7,1,4.12,1,102.25,1,78.75,1,3.92,14.22,1
1995,2,10,-17.94,1,808.07,1,9.3,0.875,100.88,1,80.5,1,9.12,11.78,0.875
1995,2,11,-16.13,1,812.35,1,8.31,1,355.62,1,82.13,1,8.3,355.94,1
1995,2,12,NA,0.625,815.55,1,4.58,1,62.12,1,73.13,1,4.41,18.91,1
1995,2,13,-16.13,1,811.81,1,6.26,1,179.88,1,79.88,1,6.19,359.16,1
1995,2,14,-18.61,1,813.01,1,6.44,1,294.5,1,77.63,1,6.28,338.55,1
1995,2,15,-20.43,1,817.93,1,7.51,1,263.62,1,76.25,1,7.46,353.36,1
1995,2,16,-18.99,1,819.1,1,8.61,0.875,310,1,77.38,1,8.45,355.56,0.875
1995,2,17,-13.88,1,817.46,1,11.8,1,56.5,1,82.25,1,11.66,10.93,1
1995,2,18,-10.38,1,824.4,1,11.16,1,14.5,1,83.63,1,11.11,14.04,1
1995,2,19,NA,0.625,827.28,1,9.51,0.875,98,1,88.88,1,9.43,6.38,0.875
1995,2,20,-6.24,1,820.86,1,10.87,0.875,56.75,1,90.75,1,10.61,10.86,0.875
1995,2,21,-9.4,0.875,820.89,0.875,11.38,0.75,161,0.875,86.14,0.875,11.06,6.14,0.75
1995,2,22,-13.43,0.75,819.86,1,4,0.75,229,1,86.63,1,2.37,350.29,0.75
1995,2,23,-16.58,0.75,812.05,1,3.91,1,291.12,1,87.25,1,3.57,292.84,1
1995,2,24,NA,0.25,NA,0,NA,0.25,NA,0.25,NA,0.25,NA,NA,0.25
1995,2,25,-27.25,0.75,NA,0,10.1,1,37.5,1,71.5,1,10.06,37.27,1
1995,2,26,-27.74,1,NA,0,9.55,1,41.12,1,71.13,1,9.49,41.67,1
1995,2,27,-24.89,1,NA,0.125,12.89,1,49.25,1,74.63,1,12.86,49.36,1
1995,2,28,-21.79,0.875,813,0.875,10.09,0.875,49,0.875,74.71,0.875,10.01,48.61,0.875
1995,3,1,-21.3,1,814.08,1,11.72,1,47.25,1,75.75,1,11.67,47.18,1
1995,3,2,-23.43,1,NA,0.375,11.09,1,42.12,1,73.5,1,10.98,42.48,1
1995,3,3,-20.49,1,817.8,0.875,9.45,1,13.5,1,80.75,1,9.27,13.12,1
1995,3,4,-20.94,1,820.76,1,8.8,1,53.12,1,79.63,1,8.73,8.42,1
1995,3,5,-25.83,0.875,NA,0.375,5.78,1,101.38,1,76.38,1,5.68,11.12,1
1995,3,6,-29.42,1,NA,0,8.11,1,42.88,1,73.63,1,8.07,43.13,1
1995,3,7,-28.64,1,NA,0,10.88,1,36.5,1,72.88,1,10.78,36.76,1
1995,3,8,-27.44,1,NA,0,10.89,1,23.88,1,75.63,1,10.79,23.32,1
1995,3,9,-28.06,1,NA,0,9.09,1,23.25,1,74.5,1,9.01,23.02,1
1995,3,10,-31.33,1,NA,0,7.35,1,141.12,1,73,1,7.31,6.13,1
1995,3,11,-28.57,0.75,NA,0,8.26,1,99.25,1,76.75,1,8.2,9.85,1
1995,3,12,-25.33,1,NA,0,10,1,10.5,1,79.63,1,9.92,10.64,1
1995,3,13,-25.45,1,NA,0,9.77,0.875,68.88,1,79.13,1,9.59,23.62,0.875
1995,3,14,-25.75,1,NA,0.125,12.04,0.875,27.25,1,77.75,1,11.98,25.81,0.875
1995,3,15,-22.15,0.75,810.37,0.75,7.23,0.75,64.5,1,77.5,1,5.56,16.43,0.75
1995,3,16,-34.66,1,NA,0,3.58,0.75,105.5,0.75,68.38,1,3.29,17.59,0.75
1995,3,17,NA,0.5,NA,0,7.93,0.75,96.88,1,73.38,1,7.14,26.16,0.75
1995,3,18,NA,0.625,NA,0.25,3.07,0.875,146,0.875,66.5,1,2.37,31.03,0.875
1995,3,19,-25.75,0.75,NA,0.5,4.36,1,45.88,1,70.13,1,4.11,45.41,1
1995,3,20,-35.13,0.875,NA,0,5.97,1,29.38,1,72,1,5.93,29.79,1
1995,3,21,-32.43,0.75,NA,0,5.25,1,67.12,1,72,1,5.01,22.45,1
1995,3,22,-36.85,0.75,NA,0,6.38,1,40.75,1,66.75,1,6.35,40.72,1
1995,3,23,-35.46,0.875,NA,0,9.46,1,31,1,71.13,1,9.35,31.23,1
1995,3,24,-15.13,0.75,812.23,0.875,8.39,1,142.75,1,91.5,1,8.28,7.66,1
1995,3,25,-14.86,1,818.66,1,8.84,1,225.5,1,92.75,1,8.82,0.73,1
1995,3,26,-18.76,1,828.31,1,8.68,1,179,1,87.13,1,8.04,1.03,1
1995,3,27,-20,0.875,825.12,1,5.82,1,324.38,1,88.88,1,5.62,328.27,1
1995,3,28,-27.41,0.875,NA,0.125,4.38,1,309.75,1,81.38,1,4.26,308.59,1
1995,3,29,-26.27,0.875,NA,0,5.1,1,330.62,1,83.63,1,4.72,329.19,1
1995,3,30,-22.46,1,NA,0.625,4.1,1,314.38,1,86.88,1,3.95,313.48,1
1995,3,31,-29.13,0.875,NA,0.125,5.74,1,17.25,1,80.25,1,5.68,18.33,1
1995,4,1,-26.13,0.75,NA,0.25,5.56,1,60.38,1,84.13,1,5.41,15.71,1
1995,4,2,-26.67,0.875,NA,0.125,8.34,1,27.88,1,79.13,1,8.31,27.26,1
1995,4,3,-22.51,1,NA,0.5,11.2,0.875,94.5,1,84.38,1,11.16,9.22,0.875
1995,4,4,NA,0.625,NA,0.25,3.8,0.875,110.12,1,77,1,3.53,29.18,0.875
1995,4,5,NA,0.625,NA,0,7.6,0.875,17.38,1,79.5,1,7.54,18.1,0.875
1995,4,6,NA,0.625,NA,0,6.99,1,97.12,1,81.88,1,6.9,6.62,1
1995,4,7,-33.52,0.75,NA,0,8.85,0.75,31.38,1,77.25,1,8.77,34.35,0.75
1995,4,8,-23.58,1,NA,0.25,16,0.75,39.25,1,84,1,15.61,39.16,0.75
1995,4,9,-29.55,1,NA,0,14.76,1,48.88,1,77.5,1,14.68,48.8,1
1995,4,10,-24.67,0.875,NA,0.375,10.79,1,38.75,1,80.38,1,10.59,38.32,1
1995,4,11,-20.53,1,814.63,0.875,11.39,1,20.25,1,82.5,1,11.18,20.97,1
1995,4,12,-19.17,0.75,818.13,0.75,11.35,1,223.75,1,86.88,1,11.17,358.51,1
1995,4,13,-18.21,1,820.31,1,5.44,0.875,339,1,90.13,1,5.38,340.85,0.875
1995,4,14,-19.65,1,812.8,1,3.52,1,287.62,1,90.13,1,3.31,332.82,1
1995,4,15,-23.16,1,805.97,1,4.08,1,307.38,1,86,1,4.04,351.24,1
1995,4,16,-28.86,1,NA,0,4.65,1,261.38,1,79.75,1,4.54,352.15,1
1995,4,17,-31.09,1,NA,0,6.81,0.875,141.25,1,77.25,1,6.76,6.29,0.875
1995,4,18,-29.28,1,NA,0,8.82,1,55.88,1,79,1,8.71,9.92,1
1995,4,19,-32.73,1,NA,0,8.34,1,98.5,1,74.25,1,8.29,7.98,1
1995,4,20,-36.03,1,NA,0,6.75,1,61,1,69.13,1,6.61,13.23,1
1995,4,21,-39.05,0.75,NA,0,NA,0.5,NA,0.5,67,1,NA,NA,0.5
1995,4,22,NA,0.625,NA,0,3.83,0.75,33.5,1,63.25,1,3.83,37.05,0.75
1995,4,23,NA,0.625,NA,0,7.55,0.75,262.25,1,75.25,1,7.39,357.73,0.75
1995,4,24,-32.66,1,NA,0,10.12,1,102.38,1,75,1,10.03,12.85,1
1995,4,25,-27.96,0.875,NA,0.125,13.07,1,14.25,1,80.63,1,12.89,13.84,1
1995,4,26,-22.89,1,804.62,1,13.19,1,104.62,1,84.38,1,12.76,14.21,1
1995,4,27,-17.93,0.75,806.73,1,NA,0.5,95.88,1,87.25,1,NA,NA,0.5
1995,4,28,-30.53,0.875,NA,0,7.77,0.75,27.25,1,74.88,1,7.7,29.36,0.75
1995,4,29,-21.17,0.75,802.4,0.75,11.54,1,26,1,85.5,1,11.48,25.95,1
1995,4,30,-27.61,0.875,NA,0.125,11.72,1,56.75,1,79.63,1,11.63,11.78,1
1995,5,1,-30.2,1,NA,0,10.36,1,21.5,1,75.75,1,10.25,20.87,1
1995,5,2,-31.05,1,NA,0,7.85,1,59.12,1,76.5,1,7.68,13.57,1
1995,5,3,-39.27,0.875,NA,0,6.78,1,35.38,1,67.25,1,6.72,35.15,1
1995,5,4,NA,0.375,NA,0.25,12.74,0.875,21.12,1,78.75,1,12.7,20.22,0.875
1995,5,5,-14.09,1,811.57,1,18.9,0.75,57.25,1,94.5,1,18.85,14.5,0.75
1995,5,6,-18.29,1,822.31,1,NA,0.5,100.38,1,89.5,1,NA,NA,0.5
1995,5,7,-24.46,1,824.55,1,7.84,1,24.5,1,83.13,1,7.74,22.69,1
1995,5,8,-23.52,0.75,817.39,0.875,7.28,1,11.5,1,83.38,1,7.23,11.38,1
1995,5,9,-30.1,1,NA,0,7.68,1,10.12,1,78.38,1,7.66,10.14,1
1995,5,10,-30.34,1,NA,0,8,1,10.75,1,78,1,7.93,11,1
1995,5,11,-27.16,1,NA,0.125,10.41,1,229.5,1,81.13,1,10.27,5.08,1
1995,5,12,-20.97,0.75,823.38,1,11.04,0.875,353.75,1,87.88,1,10.9,351.9,0.875
1995,5,13,-16.9,1,825.91,1,10.04,1,336.12,1,91.88,1,10.01,336.15,1
1995,5,14,-26.73,0.875,827.69,1,7.8,1,146.88,1,73.63,1,7.5,9.89,1
1995,5,15,-30.09,0.875,NA,0.5,4.84,1,339.62,1,77.25,1,4.75,341.06,1
1995,5,16,NA,0.5,NA,0,6.05,1,58,1,69.75,1,5.76,14.28,1
1995,5,17,NA,0.625,NA,0,6,1,264.62,1,71.5,1,5.88,353.35,1
1995,5,18,-47.34,0.875,NA,0,7.2,0.875,38.62,1,57.88,1,7.18,38.35,0.875
1995,5,19,-44.74,1,NA,0,11.04,1,40.88,1,60.75,1,11,41.31,1
1995,5,20,-39.43,0.875,NA,0,5.95,0.75,24.29,0.875,64.25,1,5.91,30.5,0.75
1995,5,21,NA,0.625,NA,0,NA,0.375,NA,0.5,65.75,1,NA,NA,0.375
1995,5,22,-40.39,1,NA,0,12.82,0.75,36.25,1,65.25,1,12.77,34.24,0.75
1995,5,23,NA,0.625,NA,0,12.83,0.875,30.38,1,69,1,12.63,30.87,0.875
1995,5,24,-24.63,0.75,NA,0,NA,0.375,41,1,84.38,1,NA,NA,0.375
1995,5,25,-31.06,1,NA,0,12.61,0.875,46.88,1,74.63,1,12.56,47.15,0.875
1995,5,26,-43.17,0.875,NA,0,7.72,1,35.5,1,57.75,1,7.59,35.57,1
1995,5,27,-43.33,0.75,NA,0,10,1,29.88,1,65.25,1,9.91,29.11,1
1995,5,28,-28.1,0.875,NA,0,7.74,0.875,63.38,1,79.13,1,7.6,16.51,0.875
1995,5,29,NA,0.625,NA,0,NA,0.5,NA,0.5,72.38,1,NA,NA,0.5
1995,5,30,-30.06,0.875,NA,0,10.23,0.75,NA,0.625,78.63,1,NA,NA,0.375
1995,5,31,-27.41,1,NA,0.125,11.06,0.875,19.12,1,79.88,1,10.97,19.68,0.875
1995,6,1,-27.03,1,NA,0,6.68,1,58.75,1,79.63,1,6.57,15.11,1
1995,6,2,-29.46,1,NA,0.25,3.53,0.875,69.29,0.875,79,1,3.37,21.3,0.875
1995,6,3,-32.47,1,NA,0,11.75,1,22.12,1,75.25,1,11.62,23.48,1
1995,6,4,-30.07,0.875,NA,0,13.93,1,19.75,1,78.13,1,13.83,19.72,1
1995,6,5,-31.26,1,NA,0,12.62,1,36.38,1,73.5,1,12.58,36.12,1
1995,6,6,-34.5,0.75,NA,0,7.94,0.875,60.12,1,71.88,1,7.8,19.69,0.875
1995,6,7,-25.37,0.75,NA,0.375,9.87,0.75,184.12,1,82.88,1,7.04,317.72,0.75
1995,6,8,-35.23,0.75,NA,0,5.58,1,242.25,1,72,1,4.65,330.28,1
1995,6,9,-25.43,0.75,NA,0.5,8.76,1,188.38,1,84,1,8.29,7.79,1
1995,6,10,-21.27,0.75,823.2,0.875,9.67,0.75,303.75,1,86.75,1,8.88,302.89,0.75
1995,6,11,-27.03,0.75,NA,0.25,5.22,1,71.25,1,82.5,1,5.1,30.73,1
1995,6,12,-21.74,0.875,NA,0.625,11.06,0.875,18.5,1,88.63,1,11.01,20.54,0.875
1995,6,13,-19.85,1,826.89,1,16.08,1,9.25,1,87.75,1,16,9.34,1
1995,6,14,-21.33,1,830.41,1,12.22,1,138.38,1,87.13,1,12.19,3.41,1
1995,6,15,-19.17,0.75,822.9,0.875,11.51,0.875,209.57,0.875,88,0.875,11.29,4.78,0.875
1995,6,16,NA,0,NA,0,NA,0,NA,0,NA,0,NA,NA,0
1995,6,17,NA,0.25,NA,0.25,NA,0.25,NA,0.25,NA,0.25,NA,NA,0.25
1995,6,18,-23.65,0.75,816.22,0.75,8.92,0.75,317.5,1,84.13,1,7.9,315.25,0.75
1995,6,19,NA,0.5,NA,0.375,7.15,1,180.25,1,82.75,1,7.09,0.7,1
1995,6,20,-21.34,1,814.89,1,5.25,1,300,1,88.38,1,5.17,345.83,1
1995,6,21,-27.68,0.75,NA,0.125,4.22,1,179.38,1,80.25,1,4,8.67,1
1995,6,22,NA,0.5,804.9,0.75,NA,0.5,202.88,1,85,1,NA,NA,0.5
1995,6,23,NA,0.5,NA,0.125,4.78,1,97.25,1,75.5,1,4.7,8.3,1
1995,6,24,NA,0.625,NA,0.625,8.83,0.875,222.62,1,87.13,1,8.27,1.07,0.875
1995,6,25,-20.63,1,831.1,1,5.68,1,275.12,1,89.25,1,5.08,323.16,1
1995,6,26,-25.5,1,821.89,1,3.59,1,346.38,1,84.25,1,3.51,349.18,1
1995,6,27,-19.98,0.75,820.26,1,7.8,1,182,1,89.38,1,7.62,1.17,1
1995,6,28,-21.44,1,828.8,1,8.15,1,58.12,1,85.5,1,8.04,12.99,1
1995,6,29,-21.83,0.875,827.24,1,8.51,1,51.75,1,84.88,1,8.48,6.57,1
1995,6,30,-24.55,1,822.78,1,8.6,1,140.12,1,84.75,1,8.39,6.83,1
1995,7,1,-22.21,1,827.29,1,12.3,1,18.62,1,86.25,1,12.14,18.62,1
1995,7,2,-26.19,1,828.73,1,10.5,1,39.88,1,81,1,10.45,39.74,1
1995,7,3,-33.14,1,NA,0,8.19,1,34,1,74,1,8.16,34.23,1
1995,7,4,-31.69,1,NA,0,7.85,1,59.88,1,63.13,1,7.73,14.61,1
1995,7,5,-32.54,1,NA,0,6.82,1,176.62,1,65.5,1,6.69,356.18,1
1995,7,6,-38.94,1,NA,0,5.39,1,101.75,1,66.88,1,5.31,12.58,1
1995,7,7,-46.47,1,NA,0,7.48,0.75,116,1,58.13,1,7.07,27.74,0.75
1995,7,8,-41.4,1,NA,0,13.96,1,20.5,1,64,1,13.85,19.7,1
1995,7,9,-33.96,1,NA,0,13.54,1,139.5,1,73.38,1,13.47,4.49,1
1995,7,10,-35.46,0.875,NA,0,11.07,1,57.62,1,71,1,10.96,12.72,1
1995,7,11,NA,0.375,NA,0.625,9.97,1,217.62,1,88.38,1,9.66,352.12,1
1995,7,12,-20.69,1,821.11,1,5.7,1,261.62,1,88.63,1,5.61,352.04,1
1995,7,13,NA,0.5,NA,0.375,4.36,1,245.12,1,68.75,1,3.42,332.62,1
1995,7,14,NA,0.375,NA,0.375,8.7,0.875,166,1,77,1,6.16,340,0.875
1995,7,15,NA,0.375,NA,0.5,5.02,0.75,174.25,1,72.13,1,3.92,2.76,0.75
1995,7,16,-46.19,0.875,NA,0,6.27,0.875,41.5,1,60.38,1,6.24,40.22,0.875
1995,7,17,-35.57,0.875,NA,0,8.7,0.875,60.38,1,70.5,1,8.67,60.61,0.875
1995,7,18,-40.64,0.875,NA,0,6.81,1,37.62,1,65.88,1,6.77,37.01,1
1995,7,19,-34.7,0.875,NA,0,8.26,1,33.38,1,70.75,1,8.19,33.27,1
1995,7,20,NA,0.625,NA,0,11.45,1,34.75,1,76.5,1,11.15,35.56,1
1995,7,21,-40.46,1,NA,0,8.6,0.875,41,1,63.13,1,8.57,41.46,0.875
1995,7,22,-37.86,1,NA,0,6.5,1,54,1,67.88,1,6.41,8.69,1
1995,7,23,-44.75,0.75,NA,0,5.19,1,36.38,1,60.63,1,5.09,36.14,1
1995,7,24,-42.44,1,NA,0,9.64,1,43.38,1,63,1,9.57,42.22,1
1995,7,25,-37.6,1,NA,0,12.74,1,26.5,1,69.13,1,12.46,26.35,1
1995,7,26,-32.83,0.875,NA,0,11.2,1,141.38,1,75.38,1,11.05,6.28,1
1995,7,27,NA,0.5,822.07,0.75,8.7,1,250.88,1,90,1,7.97,344.87,1
1995,7,28,-15.68,0.75,815.1,0.875,7.7,0.75,234.57,0.875,93.57,0.875,7.06,338.29,0.75
1995,7,29,-19.52,0.75,816.81,1,NA,0.25,NA,0.25,88.5,1,NA,NA,0.25
1995,7,30,NA,0.625,NA,0.125,NA,0,NA,0,68.75,1,NA,NA,0
1995,7,31,-41.25,0.75,NA,0,NA,0,NA,0,66.13,1,NA,NA,0
1995,8,1,NA,0.625,NA,0,NA,0,NA,0,69,1,NA,NA,0
1995,8,2,-40.84,1,NA,0,NA,0.625,NA,0.625,65.25,1,NA,NA,0.625
1995,8,3,-35,1,NA,0,15.3,0.875,28.88,1,72.75,1,15.18,27.74,0.875
1995,8,4,-31.19,1,NA,0,13.96,1,35.5,1,76.5,1,13.92,35.36,1
1995,8,5,-31.05,1,NA,0,12.14,1,35,1,74.75,1,12.03,33.64,1
1995,8,6,-36.1,1,NA,0,8.38,1,38.88,1,71.13,1,8.34,38.79,1
1995,8,7,-37.13,1,NA,0,8.22,1,41.5,1,70,1,8.19,41.7,1
1995,8,8,NA,0.625,NA,0.25,13.34,0.875,66.5,1,78.13,1,12.82,22.12,0.875
1995,8,9,NA,0.25,812.95,1,NA,0.5,180.88,1,82.25,1,NA,NA,0.5
1995,8,10,-33.1,0.875,NA,0,8.84,1,NA,0.625,74.88,1,NA,NA,0.625
1995,8,11,-28.66,1,NA,0.125,9.79,1,266.5,1,78.75,1,9.73,356.6,1
1995,8,12,-21.22,1,818.79,1,13.24,0.875,307.38,1,87.13,1,12.73,352.42,0.875
1995,8,13,-20.76,1,820.75,1,11.76,1,56.25,1,86.38,1,11.68,10.66,1
1995,8,14,-22.18,0.75,813.66,1,11.57,1,50.88,1,85.38,1,11.34,51.44,1
1995,8,15,-22.31,1,791.03,1,15.95,0.75,35.5,1,85,1,15.62,41.93,0.75
1995,8,16,-30.98,1,NA,0.375,9.93,1,26.88,1,75.13,1,9.88,26.58,1
1995,8,17,-37.69,1,NA,0,8.3,1,43,1,68.88,1,8.27,42.94,1
1995,8,18,-40.85,1,NA,0,7.19,1,37,1,65.13,1,7.16,37.08,1
1995,8,19,-40.07,0.75,NA,0,5.38,1,232.75,1,67.13,1,5.18,7.64,1
1995,8,20,-45.04,1,NA,0,5.06,1,27,1,60.5,1,4.97,27.95,1
1995,8,21,NA,0.625,NA,0.125,9.64,1,30.5,1,73.75,1,9.58,29.77,1
1995,8,22,-20.59,1,813.41,1,11.62,1,224.12,1,88.5,1,11.52,358.96,1
1995,8,23,NA,0.625,NA,0.5,5,0.875,233.88,1,76.5,1,3.8,342.28,0.875
1995,8,24,NA,0.625,NA,0.125,7.15,1,180.5,1,77,1,6.82,3.29,1
1995,8,25,NA,0.625,NA,0.375,5.31,1,250.38,1,73.13,1,4.84,342.32,1
1995,8,26,NA,0.625,NA,0.375,3.63,0.875,190.38,1,76.88,1,3.22,16.75,0.875
1995,8,27,-41.72,0.75,NA,0,10.06,0.875,45.75,1,64.75,1,10.03,43.63,0.875
1995,8,28,-43.49,1,NA,0,8.69,1,43.25,1,62.13,1,8.64,43.1,1
1995,8,29,-42.78,1,NA,0,13.41,1,50.38,1,62.63,1,13.3,50.15,1
1995,8,30,-44.84,1,NA,0,8.64,1,46.12,1,60.38,1,8.61,46.39,1
1995,8,31,NA,0.5,NA,0,3.79,1,42.62,1,58.25,1,3.52,40.36,1
1995,9,1,-55.23,1,NA,0,5.24,1,21,1,49,1,5.17,20.55,1
1995,9,2,-54.5,1,NA,0,4.5,1,41.5,1,49.75,1,4.42,41.51,1
1995,9,3,-50.27,0.875,NA,0,3.92,1,34.75,1,55.13,1,3.7,31.46,1
1995,9,4,-38.47,0.75,NA,0,8.01,1,100.88,1,68,1,7.88,12.23,1
1995,9,5,-29.64,0.875,NA,0.125,10.68,1,16.75,1,78.88,1,10.56,17.23,1
1995,9,6,-27.33,0.75,806.13,0.75,10.13,0.875,35.75,1,78.38,1,9.99,33.49,0.875
1995,9,7,-35.16,1,NA,0,10.8,1,27.38,1,71,1,10.74,26.85,1
1995,9,8,-29.4,0.75,NA,0,9.36,0.875,175.75,1,76.63,1,9.15,7.85,0.875
1995,9,9,-45.9,0.75,NA,0,5.42,1,69,1,59.88,1,5.33,25.99,1
1995,9,10,-41.54,1,NA,0,8.85,1,31.25,1,64.38,1,8.8,31.55,1
1995,9,11,-26.72,0.75,NA,0.5,9.2,1,59.62,1,81.88,1,8.97,15.51,1
1995,9,12,-21.84,1,808.74,1,10.85,0.75,264.38,1,86.5,1,10.69,356.34,0.75
1995,9,13,-22.71,1,811.05,1,5.99,1,332,1,86.5,1,5.96,332.29,1
1995,9,14,-22.29,0.875,807.4,1,7.77,0.875,305.38,1,85.63,1,7.63,352.69,0.875
1995,9,15,-27.75,1,NA,0.375,8.84,1,184.25,1,79.38,1,8.75,3.68,1
1995,9,16,-28.7,1,NA,0.25,11.53,1,15.25,1,78.5,1,11.43,15.25,1
1995,9,17,-23.81,0.875,802.13,1,12.91,1,63.88,1,82.88,1,12.3,18.5,1
1995,9,18,-22.04,1,803.58,1,11.37,0.875,28.5,1,82.88,1,11.05,26.69,0.875
1995,9,19,-22.5,1,803.71,1,NA,0.625,64.75,1,83.5,1,NA,NA,0.625
1995,9,20,-22.53,1,807.31,1,11.57,1,33.5,1,80.75,1,11.49,33.29,1
1995,9,21,-21.74,1,797.09,1,10.57,1,46.25,1,81,1,10.39,46.27,1
1995,9,22,-27.25,1,796.29,1,10.61,0.875,44.12,1,75.88,1,10.42,42.61,0.875
1995,9,23,-30.15,1,NA,0.5,10.7,0.875,22.62,1,74.13,1,10.43,19.89,0.875
1995,9,24,NA,0.625,NA,0.625,10.01,0.875,31.12,1,78.75,1,9.65,31.75,0.875
1995,9,25,-26.56,1,804.43,1,10.51,1,47.5,1,76.5,1,10.43,46.81,1
1995,9,26,-27.83,1,805.48,1,14.2,0.75,51.62,1,77.5,1,14.17,50.03,0.75
1995,9,27,-26.71,1,804.6,1,11.06,1,32.5,1,75,1,11.01,32.55,1
1995,9,28,NA,0.5,NA,0.125,9.14,1,50.75,1,71.88,1,9.06,52.2,1
1995,9,29,-32.86,1,NA,0,16.51,0.875,55.38,1,74.38,1,16.5,55.88,0.875
1995,9,30,NA,0,NA,0,NA,0,NA,0,NA,0,NA,NA,0
1995,10,1,NA,0,NA,0,NA,0,NA,0,NA,0,NA,NA,0
1995,10,2,NA,0,NA,0,NA,0,NA,0,NA,0,NA,NA,0
1995,10,3,NA,0,NA,0,NA,0,NA,0,NA,0,NA,NA,0
1995,10,4,NA,0,NA,0,NA,0,NA,0,NA,0,NA,NA,0
1995,10,5,NA,0,NA,0,NA,0,NA,0,NA,0,NA,NA,0
1995,10,6,NA,0,NA,0,NA,0,NA,0,NA,0,NA,NA,0
1995,10,7,NA,0,NA,0,NA,0,NA,0,NA,0,NA,NA,0
1995,10,8,NA,0,NA,0,NA,0,NA,0,NA,0,NA,NA,0
1995,10,9,NA,0,NA,0,NA,0,NA,0,NA,0,NA,NA,0
1995,10,10,NA,0,NA,0,NA,0,NA,0,NA,0,NA,NA,0
1995,10,11,NA,0,NA,0,NA,0,NA,0,NA,0,NA,NA,0
1995,10,12,NA,0,NA,0,NA,0,NA,0,NA,0,NA,NA,0
1995,10,13,NA,0,NA,0,NA,0,NA,0,NA,0,NA,NA,0
1995,10,14,NA,0,NA,0,NA,0,NA,0,NA,0,NA,NA,0
1995,10,15,NA,0,NA,0,NA,0,NA,0,NA,0,NA,NA,0
1995,10,16,NA,0,NA,0,NA,0,NA,0,NA,0,NA,NA,0
1995,10,17,NA,0,NA,0,NA,0,NA,0,NA,0,NA,NA,0
1995,10,18,NA,0,NA,0,NA,0,NA,0,NA,0,NA,NA,0
1995,10,19,NA,0,NA,0,NA,0,NA,0,NA,0,NA,NA,0
1995,10,20,NA,0,NA,0,NA,0,NA,0,NA,0,NA,NA,0
1995,10,21,NA,0,NA,0,NA,0,NA,0,NA,0,NA,NA,0
1995,10,22,NA,0,NA,0,NA,0,NA,0,NA,0,NA,NA,0
1995,10,23,NA,0,NA,0,NA,0,NA,0,NA,0,NA,NA,0
1995,10,24,NA,0,NA,0,NA,0,NA,0,NA,0,NA,NA,0
1995,10,25,NA,0,NA,0,NA,0,NA,0,NA,0,NA,NA,0
1995,10,26,NA,0,NA,0,NA,0,NA,0,NA,0,NA,NA,0
1995,10,27,NA,0,NA,0,NA,0,NA,0,NA,0,NA,NA,0
1995,10,28,NA,0,NA,0,NA,0,NA,0,NA,0,NA,NA,0
1995,10,29,-22.82,0.75,803.33,0.75,NA,0.625,52.5,0.75,82.67,0.75,NA,NA,0.625
1995,10,30,-25.92,1,809.14,1,9.7,0.875,191.5,1,72.13,1,8.56,16.03,0.875
1995,10,31,-25,1,813.2,1,NA,0.625,19.62,1,73,1,NA,NA,0.625
1995,11,1,-22,1,804,1,12.32,1,29.12,1,75.25,1,12.12,28.16,1
1995,11,2,-27.11,0.875,803.39,1,14.84,1,43,1,72,1,14.73,42.69,1
1995,11,3,-27.43,1,807.75,1,12.1,1,27.5,1,64.38,1,11.94,28.44,1
1995,11,4,-27.91,0.875,808.21,1,8.22,1,34.12,1,64,1,8.13,34.33,1
1995,11,5,-24.14,1,807.96,1,9.31,1,36.88,1,66.63,1,9.22,36.48,1
1995,11,6,-24.79,1,811.76,1,8.89,1,14.75,1,71.25,1,8.8,14.25,1
1995,11,7,-26.64,0.875,811.64,1,9.06,1,25.12,1,67.88,1,8.79,23.54,1
1995,11,8,-22.54,1,810.3,1,13.59,0.875,22.25,1,69.75,1,13.47,23.11,0.875
1995,11,9,-17.29,1,812.46,1,17.1,0.75,30,1,79.88,1,16.99,31.59,0.75
1995,11,10,-16.64,1,814.7,1,15.61,1,42.88,1,76.88,1,15.48,42.84,1
1995,11,11,-20.03,1,815.84,1,11.12,1,46,1,63.38,1,11.03,45.82,1
1995,11,12,-23.47,0.875,812.48,1,10.29,1,39.38,1,59.88,1,10.14,40.92,1
1995,11,13,-22.13,1,805.36,1,9.5,1,31.25,1,63.25,1,9.29,31.11,1
1995,11,14,-22.16,0.875,805.18,1,10.05,1,34.38,1,62.13,1,9.99,34.26,1
1995,11,15,-22.53,1,810.15,1,10.18,1,39.62,1,64,1,10.1,40.22,1
1995,11,16,-22.16,1,811.45,1,7.57,1,37.88,1,63.13,1,7.5,38.17,1
1995,11,17,-22.93,1,811.78,1,4.7,1,28.25,1,61.63,1,4.67,28.48,1
1995,11,18,-23.24,0.875,812.59,1,6.64,1,27.62,1,63.25,1,6.56,29.16,1
1995,11,19,-23.69,1,813.3,1,11.67,0.875,49.38,1,68.5,1,11.58,49.2,0.875
1995,11,20,-16.55,1,808.64,1,NA,0.625,41,1,82.88,1,NA,NA,0.625
1995,11,21,-17.19,1,809.93,1,15.7,1,47.12,1,78.75,1,15.24,48.53,1
1995,11,22,-14.25,1,814.06,1,10.59,1,58.25,1,70.13,1,10.53,58.27,1
1995,11,23,-14.29,1,819.96,1,9.85,1,54,1,69.75,1,9.69,53.92,1
1995,11,24,-16.27,0.875,818.24,1,9.47,1,58.75,1,63.25,1,9.45,58.43,1
1995,11,25,-17.01,1,816.5,1,8.92,1,47.25,1,61.13,1,8.77,48.09,1
1995,11,26,-17.43,1,817.71,1,6.89,1,36.12,1,63.38,1,6.83,36.11,1
1995,11,27,-18.58,0.75,819,1,7.36,1,44.25,1,63.25,1,7.3,45.16,1
1995,11,28,-16.56,1,818.91,0.875,6.62,1,51.88,1,63.13,1,6.49,51.55,1
1995,11,29,-16.5,1,817.65,1,6.19,1,51.62,1,63.88,1,6.07,50.21,1
1995,11,30,-16.39,1,817.1,1,7.49,1,58,1,64.88,1,7.33,59.33,1
1995,12,1,-16.2,1,820.19,1,8.38,1,59.62,1,68,1,8.29,59.78,1
1995,12,2,-15.6,1,820.21,1,8.68,1,56,1,65.75,1,8.61,56.32,1
1995,12,3,-15.03,1,818.73,1,6.06,1,30.38,1,66.25,1,5.95,29.66,1
1995,12,4,-15.81,1,816.25,1,5.88,1,27.12,1,65.5,1,5.84,27.51,1
1995,12,5,-14,1,811.52,1,8.55,1,189.38,1,74.88,1,8.23,6.31,1
1995,12,6,-14.94,1,817.07,1,8.03,1,147.25,1,70.63,1,7.76,11.59,1
1995,12,7,-13.83,1,815.8,1,9.39,1,31.75,1,72.38,1,9.2,32.16,1
1995,12,8,-7.46,0.875,812.97,0.875,9.29,0.875,155.29,0.875,84.14,0.875,9.15,1.47,0.875
1995,12,9,-7.66,1,816.95,1,10.12,1,33.12,1,78.88,1,9.86,33.18,1
1995,12,10,-8.91,1,824.84,0.875,5.62,1,45.75,1,67.88,1,5.4,42.42,1
1995,12,11,-10.98,0.75,815.93,0.875,2.96,0.875,49.71,0.875,54.88,1,2.56,33.05,0.875
1995,12,12,-14.1,1,804.44,1,7.66,1,34.25,1,66.88,1,7.58,35.14,1
1995,12,13,-13.81,1,806.69,1,10.55,1,34.5,1,70.38,1,10.47,35.37,1
1995,12,14,-10.94,1,813.15,1,8.56,1,40.5,1,71.38,1,8.37,41.73,1
1995,12,15,-11.11,1,818.17,0.75,6.46,1,33.12,1,63.88,1,6.29,34.06,1
1995,12,16,-12.45,0.75,819.77,0.875,2.99,1,112.75,1,64.5,1,1.72,29.52,1
1995,12,17,NA,0.5,818.46,1,2.3,0.75,115,0.875,59.25,1,1.77,78.46,0.75
1995,12,18,-13.6,1,814.06,1,4.89,1,184.25,1,65.75,1,4.79,4.78,1
1995,12,19,-12.14,0.875,806.71,1,7.84,1,37.12,1,69.25,1,7.78,37.04,1
1995,12,20,-12.91,1,807.11,1,10.45,1,54,1,73.25,1,10.19,55.16,1
1995,12,21,-11.45,1,809.59,1,NA,0.625,60.25,1,71.5,1,NA,NA,0.625
1995,12,22,-11.53,1,809.86,1,9.09,1,56.25,1,71.38,1,8.83,54.96,1
1995,12,23,-11.92,1,816.2,1,6.62,1,27.25,1,67.63,1,6.54,27.13,1
1995,12,24,-12.21,1,818.6,1,6.1,1,100.62,1,69,1,5.96,9.9,1
1995,12,25,NA,0.625,817.06,0.875,2.81,1,236,1,63.5,1,2.21,344.69,1
1995,12,26,-12.1,0.875,815.81,0.875,3.29,1,101.25,1,64,1,3.05,14.87,1
1995,12,27,-13.08,1,815.09,1,6.99,1,41.62,1,67.13,1,6.66,38.47,1
1995,12,28,-11.88,1,812.9,1,8.9,1,103.12,1,72.13,1,8.74,13.1,1
1995,12,29,-11.86,1,814.44,1,6.92,1,350.62,1,77.75,1,6.74,353.18,1
1995,12,30,-12.31,1,814.14,1,4.84,1,182.62,1,72.5,1,4.47,0.34,1
1995,12,31,-8.73,1,812.99,1,6.9,1,183.5,1,74.63,1,6.78,4.53,1
1996,1,1,-7.39,1,816.69,1,6.62,1,186.88,1,78.38,1,6.35,5.35,1
1996,1,2,-7.26,1,818.17,0.875,5.16,1,136.62,1,75.75,1,4.63,6.35,1
1996,1,3,-10.29,0.875,818.85,1,3.88,1,184.25,1,71.38,1,3.65,7.28,1
1996,1,4,-11.98,1,819.97,1,4.28,1,155.25,1,71.5,1,3.99,20.7,1
1996,1,5,-10.91,0.875,822.76,1,5.89,1,112,1,73.75,1,5.65,19.76,1
1996,1,6,-10.25,1,824.1,1,4.32,1,100.38,1,70.88,1,4.24,9.92,1
1996,1,7,-10.43,0.875,824.21,0.875,6.21,0.875,28,0.875,69.71,0.875,5.98,28.69,0.875
1996,1,8,-11.29,1,827.5,1,7.71,1,32.62,1,65.88,1,7.46,32.11,1
1996,1,9,-12.36,1,830.1,1,5.95,1,37.12,1,63.63,1,5.78,35.97,1
1996,1,10,-10.58,0.75,830.56,1,3.42,1,309.25,1,69.13,1,3,355.47,1
1996,1,11,-12.93,0.75,825.8,1,6.71,1,122.62,1,67.25,1,6.04,22.7,1
1996,1,12,-10.21,1,823.75,1,5.31,0.875,343.62,1,79.13,1,5.26,341.71,0.875
1996,1,13,-9.5,0.75,819.22,1,3.07,1,185.88,1,77.25,1,2.37,354.62,1
1996,1,14,-10.94,1,815.59,1,6.68,1,175.25,1,73.63,1,6.2,356.17,1
1996,1,15,-11.35,1,817.86,1,6.5,1,34.25,1,70.5,1,6.35,34.87,1
1996,1,16,-12.99,1,817.41,1,8.95,1,41.5,1,66.88,1,8.86,40.45,1
1996,1,17,-13.44,1,818.55,1,9.12,1,27.12,1,66.88,1,8.94,26.7,1
1996,1,18,-14.75,1,817.94,1,9.38,0.75,22.88,1,69.75,1,9.31,21.56,0.75
1996,1,19,-13.3,0.875,813.8,1,4.15,1,178.25,1,72.63,1,4.01,5,1
1996,1,20,NA,0.375,811.54,1,2.4,0.875,79,0.875,67.75,1,2.24,56.52,0.875
1996,1,21,-17.49,1,811.12,1,9.07,1,37.75,1,68.75,1,9,36.88,1
1996,1,22,-17.42,1,814.38,1,9.9,1,34.62,1,70,1,9.82,34.8,1
1996,1,23,-18.13,1,815.65,1,8.45,1,40,1,67,1,8.09,40.92,1
1996,1,24,-16.78,0.75,816.09,1,7,1,31.12,1,66.88,1,6.86,32.07,1
1996,1,25,-13.14,1,819.2,1,8.41,1,35.38,1,71,1,8.25,35.21,1
1996,1,26,-13.88,1,824.37,1,6.45,1,48.38,1,70.5,1,6.22,47.79,1
1996,1,27,-14,1,828.1,1,8.68,1,55.88,1,73.75,1,8.48,56.42,1
1996,1,28,-14.14,1,829.21,1,11.69,1,57.88,1,79.38,1,11.44,57.77,1
1996,1,29,-12.29,1,834.33,1,9.12,1,31.88,1,77,1,9.1,31.67,1
1996,1,30,-10.94,1,832.68,1,8.01,1,28.25,1,75.25,1,7.83,27.17,1
1996,1,31,-11.83,1,834.38,1,7.28,1,29.5,1,72.38,1,7.26,29.14,1
1996,2,1,-13.08,1,827.48,1,5.51,1,52.12,1,67.38,1,5.23,50.51,1
1996,2,2,-12.29,1,829.21,1,8.03,1,29,1,73.75,1,7.92,28.71,1
1996,2,3,-11.59,1,833.16,1,6.89,1,28.25,1,76.75,1,6.76,27.33,1
1996,2,4,-15.61,0.875,829.44,0.875,8.61,0.875,53.43,0.875,70.43,0.875,8.47,52.02,0.875
1996,2,5,-13.41,1,828.49,1,8.71,1,49.75,1,73.13,1,8.48,52.19,1
1996,2,6,-12.15,1,822.09,1,7.38,1,73.75,1,73,1,7.19,27.38,1
1996,2,7,-13.7,1,827.39,1,6.84,1,142.75,1,76.38,1,6.78,6.57,1
1996,2,8,-15.9,1,830.59,1,3.92,1,54,1,74.88,1,3.78,54.7,1
1996,2,9,-14.3,1,828.29,1,4.85,1,37.5,1,70.63,1,4.76,36.95,1
1996,2,10,-17.74,0.875,826.03,1,6.01,1,22.88,1,71.75,1,5.91,23.24,1
1996,2,11,-19.73,1,823.04,1,5.26,1,32.62,1,69,1,5.16,33.97,1
1996,2,12,-22.01,0.875,819.46,1,7.46,0.875,44.25,1,67.5,1,7.25,45.86,0.875
1996,2,13,-18.69,0.875,819.41,1,10.06,1,51.62,1,66.63,1,9.88,51.66,1
1996,2,14,-20.04,1,814.34,1,4.91,1,54.75,1,68,1,4.78,55.06,1
1996,2,15,-22.07,0.75,807.2,1,6.39,1,54.25,1,69.13,1,6.3,53.44,1
1996,2,16,-18.78,1,809.38,1,11.7,0.875,84.12,1,72.63,1,10.91,32.92,0.875
1996,2,17,-21.13,1,819.13,1,7.61,0.875,180.12,1,79.75,1,7.41,1.53,0.875
1996,2,18,-20.06,1,816.75,1,4.24,1,120.5,1,75.88,1,3.44,25.25,1
1996,2,19,-21.05,1,814.58,1,8.47,0.875,62.5,1,75.63,1,8.04,19.28,0.875
1996,2,20,-19.71,1,819.18,1,11.62,1,52.5,1,77.38,1,11.57,7.6,1
1996,2,21,-18.19,0.875,818.18,1,7.13,0.875,212.62,1,85.38,1,6.65,2.7,0.875
1996,2,22,NA,0.5,817.31,1,2.17,1,164.38,1,83.25,1,1.56,359.35,1
1996,2,23,NA,0.5,818,1,2.28,1,200.12,1,80.5,1,1.22,345.85,1
1996,2,24,NA,0.625,816.1,1,5.28,1,46.88,1,71.63,1,5.17,47.58,1
1996,2,25,-27.18,0.75,817.99,1,5.36,1,41.25,1,72.63,1,5.22,38.45,1
1996,2,26,-20.57,0.75,819.91,1,3.41,1,89.62,1,83,1,3.09,46.39,1
1996,2,27,-27.59,1,816.09,1,7.92,1,50.25,1,65.75,1,7.89,50.09,1
1996,2,28,NA,0.625,813.75,1,7.41,1,62,1,65,1,7.13,61.21,1
1996,2,29,-17.1,1,816.08,1,9.8,1,64,1,69.63,1,9.23,71.11,1
1996,3,1,-21.83,1,817.18,1,5.41,1,120.38,1,76.5,1,5.1,34.35,1
1996,3,2,-22.21,1,811.68,1,4.29,1,337,1,85.13,1,4.25,337.85,1
1996,3,3,-26.6,1,807.05,1,7.58,1,342.38,1,78.5,1,7.39,346.3,1
1996,3,4,-28.45,1,806,1,9.31,1,138.38,1,74.5,1,9.27,3.07,1
1996,3,5,-25.25,1,806.14,1,11.24,1,140.5,1,76.75,1,11.13,4.44,1
1996,3,6,-18.84,1,811.11,1,11.56,1,188.88,1,81.25,1,11.39,9.27,1
1996,3,7,-18.19,0.875,815.55,1,12.61,1,35.12,1,73.75,1,12.27,35.09,1
1996,3,8,-21.55,1,814.66,1,15.07,1,42.38,1,76.88,1,14.94,42.15,1
1996,3,9,-26.1,1,814.6,1,10.66,1,33.88,1,71.75,1,10.6,33.88,1
1996,3,10,-28.18,1,815.8,1,7.92,1,24.88,1,74.25,1,7.75,25.38,1
1996,3,11,-27.4,1,821.07,1,4.12,1,213.62,1,79,1,3.79,350.03,1
1996,3,12,-28.34,1,815.98,1,5.97,1,108.5,1,78.5,1,5.72,22.11,1
1996,3,13,-25.93,1,806.57,1,10.31,1,60,1,79.38,1,10.21,15.34,1
1996,3,14,-26.23,1,815.4,1,8.39,1,98.38,1,78.38,1,8.26,9.45,1
1996,3,15,-20.56,0.875,817.73,1,5.36,1,221.5,1,88.5,1,5.3,356.78,1
1996,3,16,-20.19,1,807.68,1,5.5,0.875,110.88,1,85.13,1,4.92,23.39,0.875
1996,3,17,NA,0.375,801.15,1,4.16,0.875,60.38,1,75.13,1,3.88,15.29,0.875
1996,3,18,-19.13,1,805.4,1,10.6,1,138.12,1,86.63,1,10.55,3.74,1
1996,3,19,-18.19,1,811.51,1,13.41,1,17.88,1,84.13,1,13.35,16.95,1
1996,3,20,-19.39,1,814.43,1,7.32,1,25.12,1,83,1,7.25,25.01,1
1996,3,21,-21.37,0.75,809.45,1,6.49,1,36.38,1,79.63,1,6.35,39.6,1
1996,3,22,-20.47,0.875,808.98,1,8.93,1,42,1,82.38,1,8.73,41.57,1
1996,3,23,-21.61,1,810,1,10.2,1,38.88,1,79.25,1,10.13,39.2,1
1996,3,24,-26.48,1,806.65,1,10.68,1,28.5,1,76.5,1,10.3,27.68,1
1996,3,25,-27.05,1,805.21,1,10.62,1,57.88,1,79.25,1,10.5,12.74,1
1996,3,26,-32.98,0.75,810.81,0.875,4.02,0.75,243.12,1,74.5,1,3.89,346.35,0.75
1996,3,27,-35.14,1,NA,0.25,5.75,1,75.25,1,70,1,5.42,30.35,1
1996,3,28,-34.79,1,813.58,1,11.54,1,56.38,1,71.63,1,11.45,56.74,1
1996,3,29,-31.84,1,814.41,1,11.49,1,56.12,1,74.88,1,11.39,55.94,1
1996,3,30,-31.65,0.75,809.9,1,12.83,0.875,42.25,1,75.88,1,12.79,41.18,0.875
1996,3,31,-27.75,0.75,807.96,1,12.27,0.75,28.62,1,80.38,1,11.99,34.14,0.75
1996,4,1,-24.48,1,815.19,1,12.88,1,21.12,1,82.75,1,12.64,21.71,1
1996,4,2,-27.04,1,822.47,1,7.82,1,27.5,1,76.5,1,7.66,26.48,1
1996,4,3,-29.04,1,811.03,1,8.7,1,40.38,1,75.13,1,8.5,39.73,1
1996,4,4,-24.26,0.875,796.51,1,17.8,0.875,25,1,83.5,1,17.64,23.18,0.875
1996,4,5,-20.29,1,803.69,1,17.41,0.875,29.5,1,86.38,1,17.19,29.64,0.875
1996,4,6,-29,1,815.16,1,10.34,1,146.75,1,77,1,10.06,11.04,1
1996,4,7,-30.39,0.875,811.78,1,8.41,1,64.12,1,75.88,1,8.13,19.85,1
1996,4,8,-34.1,0.75,810.85,1,8.75,1,25.12,1,75.13,1,8.52,24.1,1
1996,4,9,-24.64,1,806.14,1,11.5,0.875,181.38,1,83.5,1,10.89,0.98,0.875
1996,4,10,-22.2,1,802.69,1,16.4,1,52.5,1,85.38,1,16.36,7.62,1
1996,4,11,-16.03,1,810.09,1,NA,0.625,17.38,1,91,1,NA,NA,0.625
1996,4,12,-16.5,1,820.84,1,15.59,0.875,40.12,1,84,1,15.5,37.4,0.875
1996,4,13,-14.04,1,819.1,1,12.08,0.75,57.25,1,79.38,1,11.62,63.21,0.75
1996,4,14,-21.06,1,820.31,1,13.2,1,33.25,1,81.75,1,12.89,32.73,1
1996,4,15,-17.78,0.75,818.93,1,15.14,1,29.12,1,88.88,1,14.34,28.29,1
1996,4,16,-9.85,1,819.3,1,15.41,0.875,268.88,1,97.25,1,15.39,359.81,0.875
1996,4,17,-11.3,1,816.26,1,12.67,0.875,148.75,1,92.5,1,11.98,11.09,0.875
1996,4,18,-16.61,1,817.44,1,11.01,1,42,1,85.63,1,10.88,42.27,1
1996,4,19,-17.3,1,825.86,1,14.23,0.875,54.38,1,81.5,1,14.18,52.45,0.875
1996,4,20,-17.4,1,831.29,1,13.29,0.875,43.5,1,86.5,1,12.98,45.53,0.875
1996,4,21,-24.54,1,824.04,1,8.91,1,34.5,1,81.25,1,8.84,34.46,1
1996,4,22,-23.03,1,813.32,1,10.44,1,25.5,1,85.13,1,10.37,25.71,1
1996,4,23,-18.7,1,815.44,1,11.59,0.875,19.12,1,86,1,11.45,19.12,0.875
1996,4,24,-18.8,1,821.49,1,10.78,1,19.12,1,85.13,1,10.73,19.26,1
1996,4,25,-14.51,1,820.11,1,11.96,1,14.12,1,86.88,1,11.79,12.19,1
1996,4,26,-17.6,1,821.21,1,8.31,0.875,227.5,1,90.25,1,8.1,2.79,0.875
1996,4,27,-19.53,0.875,817.28,1,8.46,0.875,65.75,1,89.75,1,8.21,17.53,0.875
1996,4,28,-25.29,1,813.01,1,6.43,0.75,100.25,1,82.5,1,6.08,10.94,0.75
1996,4,29,-27.15,1,808.68,1,8.8,1,19.88,1,79.75,1,8.69,20.15,1
1996,4,30,-22.24,0.875,806.68,1,10.62,1,28.75,1,83.13,1,10.46,28.22,1
1996,5,1,-29.34,1,808.86,1,12.16,1,47.75,1,77.25,1,11.92,49.15,1
1996,5,2,-31.81,1,811.44,1,9.84,1,38.88,1,73.63,1,9.6,37.98,1
1996,5,3,-31.13,0.75,810.63,1,9.72,1,27.5,1,77.25,1,9.56,27.41,1
1996,5,4,-24.71,0.875,811.76,1,8.4,1,33.12,1,82.13,1,8.33,34.11,1
1996,5,5,-30.33,0.75,811.82,1,12.31,0.875,64,1,77.63,1,11.98,16.8,0.875
1996,5,6,-30.5,1,809.29,1,12.14,1,21,1,77.75,1,12,20.93,1
1996,5,7,-28.66,1,806.54,1,13.19,0.875,140,1,80.25,1,13.1,6.23,0.875
1996,5,8,-21.74,1,813.82,1,11.96,1,179.62,1,77.25,1,11.9,359.5,1
1996,5,9,-23.53,1,818.19,1,11.14,1,59.5,1,79.5,1,10.79,14.51,1
1996,5,10,-24.56,1,815.25,1,11.53,1,98.25,1,69.75,1,11.45,8.12,1
1996,5,11,-27.03,1,818.37,1,11.28,1,34,1,79,1,11.15,34.13,1
1996,5,12,-24.4,1,818.64,1,12.28,1,36,1,77.88,1,12.03,36.11,1
1996,5,13,-17.17,0.75,798.63,1,NA,0.125,27.5,1,90.63,1,NA,NA,0.125
1996,5,14,-18.75,1,807.54,1,12.39,1,27.38,1,86.13,1,11.97,27.93,1
1996,5,15,-26.03,0.875,806.44,1,NA,0.5,56.12,1,78.88,1,NA,NA,0.5
1996,5,16,-30.55,1,803.73,1,7.31,1,40.25,1,73,1,7.29,40.81,1
1996,5,17,-33.56,1,800.33,1,8.72,1,33.25,1,71,1,8.58,33.34,1
1996,5,18,-33.71,1,806.35,1,7.02,1,29.25,1,73.13,1,6.87,31.59,1
1996,5,19,-39.99,1,NA,0.375,5.29,1,148.12,1,66.38,1,5.16,12.19,1
1996,5,20,-45.46,1,NA,0,3.35,1,144.5,1,60.38,1,3.3,8.78,1
1996,5,21,-50.18,1,NA,0,6.8,1,44.62,1,54.75,1,6.69,45.01,1
1996,5,22,-43,1,NA,0,13.68,1,44,1,62.5,1,13.57,44.47,1
1996,5,23,-44.6,1,NA,0,9.03,1,39.25,1,60.88,1,9,39.23,1
1996,5,24,-48.1,1,NA,0,5.4,1,40.12,1,57,1,5.37,40.07,1
1996,5,25,-49.65,1,NA,0,NA,0.625,52,1,55,1,NA,NA,0.625
1996,5,26,-50.98,1,NA,0,4.2,1,64.75,1,53.63,1,4.19,64.6,1
1996,5,27,-45.82,0.75,NA,0,4.95,1,63.38,1,60.25,1,4.69,62.07,1
1996,5,28,NA,0.625,NA,0,NA,0.625,72.25,1,69,1,NA,NA,0.625
1996,5,29,-33.64,1,802.28,1,NA,0.625,63.38,1,74.13,1,NA,NA,0.625
1996,5,30,-34.88,1,808.14,1,NA,0.625,59,1,72.63,1,NA,NA,0.625
1996,5,31,-40.35,1,NA,0.25,7.1,1,82.38,1,65.88,1,6.67,40.79,1
1996,6,1,-44.39,1,NA,0,4.21,1,112,1,61.25,1,4.04,24.9,1
1996,6,2,NA,0.375,NA,0.5,11.36,1,71.25,1,76.5,1,10.87,25.11,1
1996,6,3,-26.91,1,803.56,1,8.03,1,220,1,81.75,1,7.92,358.82,1
1996,6,4,-33.34,1,800.71,1,7.25,1,109.5,1,73.75,1,6.46,21.29,1
1996,6,5,-37.58,0.75,NA,0.625,5.76,1,75.38,1,68.75,1,5.41,27.53,1
1996,6,6,-28.85,0.75,800.96,0.875,14.59,1,188.62,1,79.75,1,14.36,8,1
1996,6,7,-33.41,1,811.38,1,6.5,0.875,97.75,1,71.25,1,6.4,6.47,0.875
1996,6,8,-37.34,1,806.41,1,9.34,1,22,1,68.5,1,9.26,22.32,1
1996,6,9,-40.19,1,812.97,1,10.18,0.75,75.75,1,66.13,1,9.92,30.35,0.75
1996,6,10,-31.49,0.875,813.89,1,15.9,1,15.75,1,76.75,1,15.87,15.93,1
1996,6,11,-30.63,1,815.11,1,12.54,1,25.75,1,76.63,1,12.5,25.9,1
1996,6,12,-29.95,1,809.51,1,11.97,0.875,38.25,1,74.88,1,11.82,38.19,0.875
1996,6,13,-31.04,1,816.49,1,NA,0.625,29.62,1,74.75,1,NA,NA,0.625
1996,6,14,-27.01,1,813.21,1,17.54,1,32.5,1,81.88,1,17.45,32.67,1
1996,6,15,-30.86,0.875,815.01,1,11.91,0.875,20.25,1,76.75,1,11.78,20.58,0.875
1996,6,16,NA,0.625,813.08,1,NA,0.625,312.12,1,93.88,1,NA,NA,0.625
1996,6,17,-19.18,1,815.15,1,14.44,1,88.5,1,89.13,1,12.7,0.2,1
1996,6,18,-20.74,1,809.53,1,14.63,0.75,105.25,1,86.88,1,14.36,18.39,0.75
1996,6,19,-30.73,0.875,808.45,1,7.09,0.875,246.5,1,77.5,1,5.84,347.94,0.875
1996,6,20,-30.25,0.75,798.24,1,NA,0.5,93.12,1,79.13,1,NA,NA,0.5
1996,6,21,-40.77,0.75,806.63,1,7.77,0.875,61.5,1,66.88,1,7.71,20.04,0.875
1996,6,22,NA,0.625,812.43,1,10.15,1,268,1,79,1,10.07,358.69,1
1996,6,23,-25.55,0.75,821.2,1,13.41,0.875,222.75,1,84.88,1,13.29,357.25,0.875
1996,6,24,-17.93,0.875,821.84,1,15.18,1,105.88,1,88,1,14.68,15.24,1
1996,6,25,-26.34,0.875,821.51,1,10.92,0.75,29.88,1,79.38,1,10.65,29.75,0.75
1996,6,26,-21.35,1,812.38,0.75,13.28,1,42.25,1,85.25,1,12.96,42.45,1
1996,6,27,-30.51,1,816.8,1,12.85,1,54.75,1,76,1,12.79,54.78,1
1996,6,28,-30.08,1,822.57,1,8.9,1,26,1,75,1,8.63,27.58,1
1996,6,29,-29.17,0.875,816.21,1,7.97,1,304.62,1,79.88,1,7.82,349.56,1
1996,6,30,-26.92,0.75,806.58,1,NA,0.625,266.38,1,84.5,1,NA,NA,0.625
1996,7,1,NA,0.625,805.32,0.75,NA,0.625,113,0.875,85.86,0.875,NA,NA,0.625
1996,7,2,-29.24,1,807.31,1,11.09,1,36.5,1,79,1,10.83,36.84,1
1996,7,3,-29.08,1,805.87,1,11.81,1,25.88,1,78.13,1,11.65,25.54,1
1996,7,4,-33.98,1,801.18,1,12.57,0.875,55.62,1,73.75,1,12.1,56.23,0.875
1996,7,5,NA,0.625,NA,0.5,NA,0.25,NA,0.625,NA,0.625,NA,NA,0.25
1996,7,6,-35.59,1,796.76,1,14.29,1,34.38,1,71.75,1,13.62,35.99,1
1996,7,7,-40.04,1,NA,0.375,9.86,1,226.25,1,66.75,1,9.84,1.31,1
1996,7,8,-38.9,0.875,NA,0,10.04,0.875,111.14,0.875,68,0.875,9.95,7.74,0.875
1996,7,9,-26.35,0.75,NA,0.625,12.57,1,184.88,1,82,1,12.48,4.94,1
1996,7,10,-27,1,806.34,1,12.18,1,38.38,1,81.13,1,11.18,37.72,1
1996,7,11,-24.11,0.875,802.56,1,NA,0.625,64.62,1,84.13,1,NA,NA,0.625
1996,7,12,-28.71,1,805.91,1,13.36,0.875,33.25,1,77,1,12.72,36.75,0.875
1996,7,13,-30,0.75,815.73,1,8.94,0.875,63.38,1,76.5,1,8.42,18.41,0.875
1996,7,14,-35.16,1,815.29,1,8.72,1,48.88,1,72.25,1,8.63,49.68,1
1996,7,15,-33.99,1,813.55,1,10.35,1,46,1,72.63,1,10.28,45.99,1
1996,7,16,-35.53,0.875,811.7,0.875,8.54,0.875,40.14,0.875,68.43,0.875,8.34,40.11,0.875
1996,7,17,-39.82,1,807.91,1,9.4,1,48.12,1,63.38,1,9.35,48.09,1
1996,7,18,-43.11,1,NA,0.125,9.56,1,42.62,1,62.63,1,9.53,42.27,1
1996,7,19,-42.13,0.75,NA,0,9.75,0.75,30.5,0.75,63.67,0.75,9.63,31.04,0.75
1996,7,20,-43.47,1,NA,0,9.24,1,42.5,1,62.38,1,9.19,42.2,1
1996,7,21,-36.05,0.75,NA,0.375,14.81,1,50,1,72.13,1,14.64,49.38,1
1996,7,22,-32.38,1,799.38,1,16.73,0.75,72.62,1,75.75,1,16.62,71.2,0.75
1996,7,23,-36.2,0.875,798.56,1,13.59,1,66.75,1,71.63,1,13.46,66.35,1
1996,7,24,-31.75,1,793.9,1,9.59,0.875,70.75,1,73.13,1,9.28,71.76,0.875
1996,7,25,-30.03,1,808.8,1,NA,0.625,82.12,1,72,1,NA,NA,0.625
1996,7,26,-34.78,0.75,813.94,1,6.98,1,64,1,63.13,1,6.9,64.77,1
1996,7,27,NA,0.5,NA,0.125,NA,0.5,NA,0.5,NA,0.5,NA,NA,0.5
1996,7,28,-47.7,0.75,NA,0,4.3,0.75,64.67,0.75,58,0.75,4.22,64.1,0.75
1996,7,29,-46.59,1,NA,0,3.33,1,63.38,1,59.75,1,3.11,62.45,1
1996,7,30,-44.23,0.875,NA,0,7.08,0.75,47.12,1,62.13,1,6.91,41.61,0.75
1996,7,31,-36.41,0.875,NA,0.375,15.1,0.75,61.75,1,71.25,1,14.85,62.91,0.75
1996,8,1,NA,0,NA,0,NA,0,NA,0,NA,0,NA,NA,0
1996,8,2,NA,0,NA,0,NA,0,NA,0,NA,0,NA,NA,0
1996,8,3,NA,0,NA,0,NA,0,NA,0,NA,0,NA,NA,0
1996,8,4,NA,0,NA,0,NA,0,NA,0,NA,0,NA,NA,0
1996,8,5,NA,0,NA,0,NA,0,NA,0,NA,0,NA,NA,0
1996,8,6,NA,0,NA,0,NA,0,NA,0,NA,0,NA,NA,0
1996,8,7,NA,0,NA,0,NA,0,NA,0,NA,0,NA,NA,0
1996,8,8,NA,0,NA,0,NA,0,NA,0,NA,0,NA,NA,0
1996,8,9,NA,0,NA,0,NA,0,NA,0,NA,0,NA,NA,0
1996,8,10,NA,0,NA,0,NA,0,NA,0,NA,0,NA,NA,0
1996,8,11,NA,0,NA,0,NA,0,NA,0,NA,0,NA,NA,0
1996,8,12,NA,0,NA,0,NA,0,NA,0,NA,0,NA,NA,0
1996,8,13,NA,0,NA,0,NA,0,NA,0,NA,0,NA,NA,0
1996,8,14,NA,0,NA,0,NA,0,NA,0,NA,0,NA,NA,0
1996,8,15,NA,0,NA,0,NA,0,NA,0,NA,0,NA,NA,0
1996,8,16,NA,0,NA,0,NA,0,NA,0,NA,0,NA,NA,0
1996,8,17,NA,0,NA,0,NA,0,NA,0,NA,0,NA,NA,0
1996,8,18,NA,0,NA,0,NA,0,NA,0,NA,0,NA,NA,0
1996,8,19,NA,0,NA,0,NA,0,NA,0,NA,0,NA,NA,0
1996,8,20,NA,0.625,NA,0,NA,0.625,NA,0.625,NA,0.625,NA,NA,0.625
1996,8,21,-38.68,0.75,NA,0,NA,0.5,63.83,0.75,68.17,0.75,NA,NA,0.5
1996,8,22,-36.14,1,NA,0,14.94,0.875,58.25,1,70.88,1,14.86,58.23,0.875
1996,8,23,-37.55,1,NA,0,9.72,1,46.25,1,66.63,1,9.46,46.85,1
1996,8,24,NA,0.625,NA,0,7.27,1,77,1,73.75,1,6.99,75.06,1
1996,8,25,-24.25,1,837.34,1,5.5,0.75,71.12,1,83.5,1,4.61,67.5,0.75
1996,8,26,-24.94,1,841.5,0.75,12.39,1,67.88,1,75,1,12.22,68.15,1
1996,8,27,-30.3,1,830.8,1,9.49,1,61.75,1,71.75,1,9.29,60.8,1
1996,8,28,-25.71,1,823.71,1,12.37,0.875,44.62,1,75.5,1,12.33,43.38,0.875
1996,8,29,NA,0.625,NA,0.5,11.17,0.875,23,1,78.38,1,10.8,22.38,0.875
1996,8,30,-28.61,1,829.6,1,10.35,1,36.75,1,77.13,1,10.18,36.5,1
1996,8,31,-32.26,1,830.55,1,10.05,1,44.25,1,75,1,9.96,44.16,1
1996,9,1,-28.67,0.75,NA,0.625,8.41,1,42.75,1,78.5,1,8.28,43.89,1
1996,9,2,-31.53,0.75,826.19,1,10.71,1,55.12,1,73,1,10.6,54.99,1
1996,9,3,-34.05,1,NA,0.125,12.59,1,26.38,1,72.63,1,12.43,25.74,1
1996,9,4,-32.2,1,823.76,1,10.75,1,24.38,1,73.5,1,10.54,24.12,1
1996,9,5,-34.1,1,825.85,1,10.96,1,27.88,1,72.25,1,10.75,28.11,1
1996,9,6,-25.03,0.75,NA,0.5,13.03,1,57.62,1,82.63,1,12.7,11.12,1
1996,9,7,-22.45,1,830.94,1,8.57,1,51.88,1,82.38,1,8.53,5.66,1
1996,9,8,-23.2,0.875,832.16,0.875,6.69,1,81.5,1,79.13,1,6.35,36.23,1
1996,9,9,-32.66,0.875,826.25,1,7.54,1,22.38,1,75.63,1,7.32,22.5,1
1996,9,10,-30.26,1,819.14,1,8.01,1,141.25,1,75,1,7.96,6.56,1
1996,9,11,-33.82,1,816.03,0.875,7.39,1,65.75,1,70.38,1,7.2,20.84,1
1996,9,12,-34.49,0.875,811.2,0.875,7.1,0.875,58.29,0.875,72.71,0.875,7.06,9,0.875
1996,9,13,NA,0.625,NA,0.625,NA,0.625,NA,0.625,NA,0.625,NA,NA,0.625
1996,9,14,-26.81,1,819.27,0.875,17.36,0.875,20.62,1,81.5,1,17.06,17.18,0.875
1996,9,15,-27.05,1,814.21,1,11.23,0.875,38.62,1,79.5,1,10.91,38.98,0.875
1996,9,16,-28.36,0.875,803.35,1,10.04,1,37.75,1,78.13,1,9.75,38.39,1
1996,9,17,-36.32,0.75,801.36,1,13.37,0.75,28.62,1,71.25,1,13.16,29.65,0.75
1996,9,18,-26.2,1,808.63,0.875,NA,0.5,139.25,1,81.38,1,NA,NA,0.5
1996,9,19,-21.74,1,NA,0.25,14.61,1,52.88,1,85.75,1,14.52,8.4,1
1996,9,20,-20.9,1,812.7,0.875,9.96,1,267.5,1,83.38,1,9.85,357.09,1
1996,9,21,-24.19,1,812.26,1,8.41,1,16.25,1,78.75,1,8.13,14.71,1
1996,9,22,-29.03,1,811.65,1,9.35,1,50.25,1,70.75,1,9.28,50.48,1
1996,9,23,-29.56,0.875,810.69,1,8.47,1,45.25,1,74.25,1,8.3,44.73,1
1996,9,24,-29.61,1,798.26,1,10.01,1,37,1,76.75,1,9.73,36.58,1
1996,9,25,-31.06,1,797.25,1,9.97,1,30.62,1,67.75,1,9.86,30.8,1
1996,9,26,-35.25,1,801.7,0.875,11.14,0.875,37.75,1,69.13,1,11.01,38.56,0.875
1996,9,27,-36.38,1,NA,0.25,11.03,0.875,28.75,1,65.75,1,10.94,28.96,0.875
1996,9,28,-33.99,1,NA,0.25,9.8,1,18.25,1,72.25,1,9.69,18.07,1
1996,9,29,-37.69,1,803.88,1,9.07,1,42.38,1,67.25,1,8.78,42.21,1
1996,9,30,-33.61,1,803.68,1,12.93,1,64.75,1,72.5,1,12.89,64.79,1
1996,10,1,-32.22,0.75,811.53,0.75,10.07,1,38.88,1,72,1,10,38.63,1
1996,10,2,-28.64,1,811.1,1,NA,0.5,65.25,1,75.75,1,NA,NA,0.5
1996,10,3,-26.5,0.875,NA,0.5,12.75,0.75,57.62,1,77.88,1,11.99,55.95,0.75
1996,10,4,-27.67,0.875,811.55,1,11.68,1,48.75,1,63.88,1,11.61,49.07,1
1996,10,5,-31.58,1,810.94,1,13.97,0.75,57.62,1,63.63,1,13.91,61,0.75
1996,10,6,-32.46,1,810.43,1,15.85,1,65.88,1,69.38,1,15.83,65.97,1
1996,10,7,-28.5,0.875,808.91,1,12.29,1,59.88,1,71.13,1,12.14,59.66,1
1996,10,8,-30.31,0.875,805.68,1,13.36,0.875,60,1,69,1,13.3,61.21,0.875
1996,10,9,-34.11,0.875,799.86,1,9.46,1,48.75,1,64.38,1,9.36,49.3,1
1996,10,10,-35.54,0.875,NA,0.625,8.46,1,47.25,1,64.25,1,8.4,46.64,1
1996,10,11,-35.33,0.875,NA,0.5,11.04,1,53.88,1,66.5,1,10.98,53.9,1
1996,10,12,-33.32,1,NA,0.5,9.91,1,64.88,1,61.63,1,9.88,65.08,1
1996,10,13,-31.27,0.75,NA,0.625,9.46,1,61.88,1,64.63,1,9.21,63.39,1
1996,10,14,-22.91,1,NA,0.375,8.46,1,25,1,73.88,1,8.25,24.28,1
1996,10,15,-25.4,1,812.5,0.875,5.49,1,101,1,75,1,5.4,10.87,1
1996,10,16,-29.18,0.75,811.9,0.75,8.59,1,95.75,1,69.75,1,8.51,5.93,1
1996,10,17,-20.03,1,NA,0.25,13.64,1,227.12,1,85.38,1,13.53,2.05,1
1996,10,18,NA,0.625,800.08,1,NA,0.625,221.25,1,74.5,1,NA,NA,0.625
1996,10,19,-29.03,1,802.41,1,9.14,0.875,268.38,1,72.88,1,9.06,358.71,0.875
1996,10,20,-32.34,1,795.63,1,5.1,1,134.5,1,67,1,5.05,1.55,1
1996,10,21,-32.39,0.875,789.7,1,7.15,1,72.12,1,69.13,1,6.75,28.49,1
1996,10,22,-23.49,1,NA,0.125,16.53,0.75,91.75,1,81.75,1,15.36,358.07,0.75
1996,10,23,-23.39,1,787.9,0.875,13.39,0.875,38.62,1,76.75,1,13.12,37.85,0.875
1996,10,24,-27.77,0.875,788.53,1,14.67,1,59.25,1,75.13,1,14.54,59.46,1
1996,10,25,-26.87,1,785.12,1,13.4,0.875,30,1,74.88,1,12.6,28.09,0.875
1996,10,26,-24.63,1,790.46,1,14.35,1,37.75,1,73.75,1,14.18,37.57,1
1996,10,27,-23.69,1,792.54,1,NA,0.625,51.88,1,77.63,1,NA,NA,0.625
1996,10,28,-23.83,1,793.69,1,NA,0.5,61,1,78.13,1,NA,NA,0.5
1996,10,29,-27.46,1,800.64,1,9.76,0.875,104.5,1,67.38,1,9.34,11.66,0.875
1996,10,30,-31.35,1,814.8,1,7.42,1,106.88,1,66.25,1,6.89,18.17,1
1996,10,31,-28.42,0.75,NA,0.5,5.97,1,33.75,1,67.88,1,5.78,32.37,1
1996,11,1,-21.29,1,NA,0.25,12.61,1,20.88,1,77.5,1,12.34,21.4,1
1996,11,2,-18.46,1,NA,0.25,12.67,0.875,56,1,79,1,12.38,55.67,0.875
1996,11,3,-19.03,1,NA,0,15.62,0.75,67.38,1,75,1,15.46,67.38,0.75
1996,11,4,-19.64,1,NA,0.625,15.69,0.875,63.5,1,68.5,1,15.34,63.9,0.875
1996,11,5,-22.16,0.875,808.76,0.875,11.89,0.875,59,1,64.13,1,11.61,59.63,0.875
1996,11,6,-22.6,0.875,807.22,0.75,13.34,0.875,57.25,1,62.38,1,12.95,55.82,0.875
1996,11,7,-17.8,0.875,NA,0,10.68,0.75,99.71,0.875,64.14,0.875,10.3,98.54,0.75
1996,11,8,-16.76,1,NA,0.375,11.02,0.75,86.88,1,61.63,1,10.9,87.39,0.75
1996,11,9,-18.9,1,NA,0.5,6.85,1,101.88,1,59.38,1,5.97,62.75,1
1996,11,10,-22.75,0.75,NA,0.625,4.89,0.875,225.88,1,67.25,1,4.7,349.96,0.875
1996,11,11,-22.6,1,NA,0,9.19,0.875,59.12,1,74.63,1,9.11,13.52,0.875
1996,11,12,-24.69,0.875,NA,0,10.69,0.875,44.25,1,70.13,1,10.45,46.83,0.875
1996,11,13,NA,0.625,NA,0,12.53,1,63.12,1,72,1,12.19,61.87,1
1996,11,14,-12.49,1,NA,0,NA,0.625,74.75,1,75.5,1,NA,NA,0.625
1996,11,15,-9.85,1,NA,0,11.12,1,65.88,1,72.75,1,11.1,66.11,1
1996,11,16,-15.23,0.75,NA,0.5,NA,0.5,60.25,1,75.25,1,NA,NA,0.5
1996,11,17,-17.87,0.75,NA,0.5,4.14,0.875,85.88,1,57.88,1,2.61,44.36,0.875
1996,11,18,-22.72,0.75,NA,0.375,1.77,1,150.62,1,59.63,1,0.77,24.29,1
1996,11,19,-11.54,0.875,NA,0,4.61,1,47.5,1,70.13,1,4.28,41.74,1
1996,11,20,-12.84,1,NA,0.375,5.92,1,46.12,1,66.63,1,5.46,42.78,1
1996,11,21,-11.66,1,NA,0.375,NA,0.625,153.12,1,56.63,1,NA,NA,0.625
1996,11,22,-13.41,1,NA,0.5,7.8,1,118.5,1,70.75,1,7.27,27.85,1
1996,11,23,-13.25,1,NA,0.625,5.56,1,344.75,1,77,1,5.42,348.1,1
1996,11,24,-12.45,1,NA,0.5,3.92,1,307,1,73.5,1,3.71,351.38,1
1996,11,25,-12.92,0.75,NA,0.625,4,1,131.5,1,64.5,1,3.43,0.73,1
1996,11,26,-15.08,1,NA,0.5,5.36,0.875,284.75,1,74.43,0.875,3.04,310.92,0.875
1996,11,27,NA,0,NA,0,NA,0,NA,0,NA,0,NA,NA,0
1996,11,28,NA,0,NA,0,NA,0,NA,0,NA,0,NA,NA,0
1996,11,29,NA,0,NA,0,NA,0,NA,0,NA,0,NA,NA,0
1996,11,30,NA,0,NA,0,NA,0,NA,0,NA,0,NA,NA,0
1996,12,1,NA,0,NA,0,NA,0,NA,0,NA,0,NA,NA,0
1996,12,2,NA,0,NA,0,NA,0,NA,0,NA,0,NA,NA,0
1996,12,3,NA,0,NA,0,NA,0,NA,0,NA,0,NA,NA,0
1996,12,4,NA,0,NA,0,NA,0,NA,0,NA,0,NA,NA,0
1996,12,5,NA,0,NA,0,NA,0,NA,0,NA,0,NA,NA,0
1996,12,6,NA,0,NA,0,NA,0,NA,0,NA,0,NA,NA,0
1996,12,7,NA,0,NA,0,NA,0,NA,0,NA,0,NA,NA,0
1996,12,8,NA,0,NA,0,NA,0,NA,0,NA,0,NA,NA,0
1996,12,9,NA,0,NA,0,NA,0,NA,0,NA,0,NA,NA,0
1996,12,10,NA,0,NA,0,NA,0,NA,0,NA,0,NA,NA,0
1996,12,11,NA,0,NA,0,NA,0,NA,0,NA,0,NA,NA,0
1996,12,12,NA,0,NA,0,NA,0,NA,0,NA,0,NA,NA,0
1996,12,13,NA,0,NA,0,NA,0,NA,0,NA,0,NA,NA,0
1996,12,14,NA,0,NA,0,NA,0,NA,0,NA,0,NA,NA,0
1996,12,15,NA,0,NA,0,NA,0,NA,0,NA,0,NA,NA,0
1996,12,16,NA,0,NA,0,NA,0,NA,0,NA,0,NA,NA,0
1996,12,17,NA,0,NA,0,NA,0,NA,0,NA,0,NA,NA,0
1996,12,18,NA,0,NA,0,NA,0,NA,0,NA,0,NA,NA,0
1996,12,19,NA,0,NA,0,NA,0,NA,0,NA,0,NA,NA,0
1996,12,20,NA,0,NA,0,NA,0,NA,0,NA,0,NA,NA,0
1996,12,21,NA,0,NA,0,NA,0,NA,0,NA,0,NA,NA,0
1996,12,22,NA,0,NA,0,NA,0,NA,0,NA,0,NA,NA,0
1996,12,23,NA,0,NA,0,NA,0,NA,0,NA,0,NA,NA,0
1996,12,24,NA,0,NA,0,NA,0,NA,0,NA,0,NA,NA,0
1996,12,25,NA,0,NA,0,NA,0,NA,0,NA,0,NA,NA,0
1996,12,26,NA,0,NA,0,NA,0,NA,0,NA,0,NA,NA,0
1996,12,27,NA,0,NA,0,NA,0,NA,0,NA,0,NA,NA,0
1996,12,28,NA,0,NA,0,NA,0,NA,0,NA,0,NA,NA,0
1996,12,29,NA,0,NA,0,NA,0,NA,0,NA,0,NA,NA,0
1996,12,30,NA,0,NA,0,NA,0,NA,0,NA,0,NA,NA,0
1996,12,31,NA,0,NA,0,NA,0,NA,0,NA,0,NA,NA,0
1997,1,1,NA,0,NA,0,NA,0,NA,0,NA,0,NA,NA,0
1997,1,2,NA,0,NA,0,NA,0,NA,0,NA,0,NA,NA,0
1997,1,3,NA,0,NA,0,NA,0,NA,0,NA,0,NA,NA,0
1997,1,4,NA,0,NA,0,NA,0,NA,0,NA,0,NA,NA,0
1997,1,5,NA,0,NA,0,NA,0,NA,0,NA,0,NA,NA,0
1997,1,6,NA,0,NA,0,NA,0,NA,0,NA,0,NA,NA,0
1997,1,7,NA,0,NA,0,NA,0,NA,0,NA,0,NA,NA,0
1997,1,8,NA,0,NA,0,NA,0,NA,0,NA,0,NA,NA,0
1997,1,9,NA,0,NA,0,NA,0,NA,0,NA,0,NA,NA,0
1997,1,10,NA,0,NA,0,NA,0,NA,0,NA,0,NA,NA,0
1997,1,11,NA,0,NA,0,NA,0,NA,0,NA,0,NA,NA,0
1997,1,12,NA,0,NA,0,NA,0,NA,0,NA,0,NA,NA,0
1997,1,13,NA,0,NA,0,NA,0,NA,0,NA,0,NA,NA,0
1997,1,14,NA,0,NA,0,NA,0,NA,0,NA,0,NA,NA,0
1997,1,15,NA,0,NA,0,NA,0,NA,0,NA,0,NA,NA,0
1997,1,16,NA,0,NA,0,NA,0,NA,0,NA,0,NA,NA,0
1997,1,17,NA,0,NA,0,NA,0,NA,0,NA,0,NA,NA,0
1997,1,18,NA,0,NA,0,NA,0,NA,0,NA,0,NA,NA,0
1997,1,19,NA,0,NA,0,NA,0,NA,0,NA,0,NA,NA,0
1997,1,20,-11.07,0.75,827.14,0.875,3.41,0.875,308.29,0.875,87,0.875,3.37,307.44,0.875
1997,1,21,-10.99,0.875,822.4,1,4.22,1,135.12,1,74.63,1,3.64,10.37,1
1997,1,22,-11.74,1,823.26,1,4.21,1,301.88,1,80.13,1,3.7,296.44,1
1997,1,23,NA,0.625,826.09,1,2.36,1,137.38,1,71.5,1,2.33,5.19,1
1997,1,24,-13.93,0.875,822.94,1,3.84,1,206.75,1,78.38,1,2.66,340.15,1
1997,1,25,-16.51,1,816.27,1,4.53,1,336.88,1,78.75,1,4.38,338.04,1
1997,1,26,-14.71,1,817.99,1,7.19,1,179.38,1,79.75,1,7.05,0.53,1
1997,1,27,-15.91,1,823.4,1,5.29,1,62.88,1,73.25,1,5.13,17.74,1
1997,1,28,-17.66,0.875,824.46,1,4.45,1,77.62,1,70.13,1,4.02,28.96,1
1997,1,29,-17.27,0.75,822.49,1,4.03,1,109.12,1,73.5,1,3.87,17.54,1
1997,1,30,-15.1,1,826.59,1,7.49,0.875,351,1,80.25,1,7.46,353.3,0.875
1997,1,31,-13.73,1,832.6,1,4.06,1,321.75,1,80.88,1,3.79,322.4,1
1997,2,1,-10.73,0.875,832.66,0.875,7.77,0.875,301.29,0.875,90.86,0.875,7.69,301.25,0.875
1997,2,2,-11.81,0.875,836.23,0.875,6.65,0.75,189,0.875,81.71,0.875,5.53,330.26,0.75
1997,2,3,NA,0.625,831.99,0.875,5.31,0.875,301.57,0.875,80.14,0.875,5.22,353.54,0.875
1997,2,4,-10.15,1,830.38,1,3.38,1,298.5,1,86.38,1,3.21,343.43,1
1997,2,5,-11.21,1,832.51,1,3.62,1,259.38,1,85.88,1,3.52,347.94,1
1997,2,6,-11.81,1,828.35,1,4.35,1,306.88,1,85.25,1,4.25,353.04,1
1997,2,7,-13.57,0.75,821.62,1,4.21,1,218.5,1,81.5,1,3.97,356.44,1
1997,2,8,NA,0.5,818.73,1,2.21,1,253.88,1,75.25,1,1.78,346.79,1
1997,2,9,NA,0.375,817.84,1,2.17,1,319.88,1,79.38,1,1.94,322.36,1
1997,2,10,-22.58,0.75,819.75,1,6.5,1,71.62,1,67.88,1,6.09,25.59,1
1997,2,11,-24.43,1,822.56,1,6.46,1,63.38,1,69,1,6.37,18.92,1
1997,2,12,NA,0.5,815.98,1,4.85,1,74.12,1,65.5,1,4.73,74.88,1
1997,2,13,-24.99,0.875,811.7,1,7.06,1,55.5,1,63.75,1,6.8,56.75,1
1997,2,14,-26.99,1,813.75,1,6.53,1,38.38,1,65.88,1,6.37,37.91,1
1997,2,15,-25.99,1,815.47,1,7,1,58.38,1,69.75,1,6.87,14.92,1
1997,2,16,-22.3,0.875,819.68,1,4.38,1,182.25,1,79,1,4.28,5.68,1
1997,2,17,NA,0.5,823.56,1,3.92,1,256.38,1,84.25,1,2.93,339.7,1
1997,2,18,-15.58,1,820.15,1,6.97,1,315.25,1,87.13,1,6.66,313.35,1
1997,2,19,NA,0.625,823.66,1,4.69,1,282.38,1,77.75,1,4.33,286.32,1
1997,2,20,-27.39,1,825.29,1,5.14,1,326.5,1,75.25,1,4.86,328.44,1
1997,2,21,-19.75,0.75,816.94,1,7.3,0.875,328.75,1,86.5,1,6.62,326.79,0.875
1997,2,22,-15.21,1,818.89,1,5.79,1,329.5,1,88.63,1,5.55,329.83,1
1997,2,23,-17.71,1,817.23,1,6.08,1,353.12,1,85,1,6.05,352.86,1
1997,2,24,-19.54,0.875,813.86,1,3.09,1,317.75,1,87.5,1,2.68,326.88,1
1997,2,25,-23.9,1,822.16,1,3.8,1,297.12,1,82.13,1,3.69,295.42,1
1997,2,26,NA,0.25,828.07,1,2,1,300,1,82.63,1,1.84,296.38,1
1997,2,27,NA,0.5,821.47,1,2.97,0.875,181.75,1,81.75,1,2.51,9.5,0.875
1997,2,28,-22.99,0.875,808.22,1,8.29,1,93.75,1,77.38,1,8.18,4.05,1
1997,3,1,-16.28,1,810.19,1,9.49,1,352.25,1,88.88,1,9.42,352.36,1
1997,3,2,-17.53,1,816.85,1,6.69,1,347.25,1,88,1,6.67,347.02,1
1997,3,3,-20.47,0.875,814.15,1,6.16,0.875,143.88,1,84,1,6.08,10.22,0.875
1997,3,4,-21.85,1,807.56,1,NA,0.625,63.38,1,81.13,1,NA,NA,0.625
1997,3,5,-22.61,1,806.06,1,NA,0.625,51.25,1,79.63,1,NA,NA,0.625
1997,3,6,-29.89,1,802.39,1,8.84,1,45.75,1,74,1,8.34,49.04,1
1997,3,7,-25.31,1,803.48,1,6.53,1,307.25,1,80.63,1,6.46,352.09,1
1997,3,8,-24.49,0.875,807.55,1,7.61,1,353.62,1,82.38,1,7.58,353.26,1
1997,3,9,-26.47,0.875,810.84,1,6.08,1,262.25,1,79.13,1,5.68,357.08,1
1997,3,10,-29.88,0.75,806.94,1,5.02,1,175.25,1,77.5,1,4.52,3.8,1
1997,3,11,-24.75,0.75,796.95,1,5.42,1,71,1,84,1,5.11,28.77,1
1997,3,12,-12.73,1,792.53,1,9.46,0.875,292.62,1,94,1,9.34,331.38,0.875
1997,3,13,-15.24,1,802.69,1,7.8,1,269.38,1,90.13,1,7.59,357.94,1
1997,3,14,-19.6,0.875,814.11,1,6.65,1,308.75,1,87,1,6.58,353.82,1
1997,3,15,-23.18,1,816.06,1,6.51,1,178.38,1,85.38,1,6.44,358.73,1
1997,3,16,-28.24,0.875,806.63,1,6.71,1,47.5,1,77.5,1,6.34,48.39,1
1997,3,17,-31.21,1,802.8,1,5.15,1,116,1,73.13,1,4.61,47.38,1
1997,3,18,-40.63,0.875,807.96,1,2.75,1,143.75,1,67.25,1,2.27,13.7,1
1997,3,19,-41.56,1,810.13,1,4.22,1,38.88,1,65.5,1,4.14,39.97,1
1997,3,20,-34.39,0.875,812.97,1,7.58,1,36.62,1,72.75,1,7.47,37.49,1
1997,3,21,-29.03,1,817.7,1,7.36,1,44.25,1,73.38,1,7.29,44.04,1
1997,3,22,-28.54,1,820.09,1,7.94,1,44.88,1,64.25,1,7.84,45.36,1
1997,3,23,-27.94,1,816.46,1,7.39,1,20.62,1,62.25,1,7.22,19.1,1
1997,3,24,-34.24,1,815.7,1,6.03,1,24.5,1,71,1,5.95,24.32,1
1997,3,25,-35.21,1,821.41,1,5.12,1,142.5,1,73.13,1,5.03,7.21,1
1997,3,26,-28.81,0.875,815.09,1,6.54,1,224.88,1,80.5,1,6.33,357.06,1
1997,3,27,-24.08,1,806.46,1,5.91,1,220.12,1,85.63,1,5.82,354.22,1
1997,3,28,-21.05,1,796.6,1,12.02,0.75,106.62,1,88.63,1,11.85,11.39,0.75
1997,3,29,-23.86,1,798.55,1,11.67,0.875,57.62,1,84.13,1,11.55,10.91,0.875
1997,3,30,-29.05,0.75,805.84,1,7.85,1,60.62,1,79.13,1,7.74,16.57,1
1997,3,31,NA,0.625,806.46,1,NA,0.625,59.12,1,80.5,1,NA,NA,0.625
1997,4,1,-26.02,0.75,804.6,1,11.31,0.875,57.88,1,82.13,1,11.12,13.43,0.875
1997,4,2,-27.26,1,812.11,1,11.74,1,25,1,80.75,1,11.57,24.58,1
1997,4,3,-28.78,1,816.6,1,11.76,1,43.88,1,76.75,1,11.73,43.64,1
1997,4,4,-21.87,0.875,814.64,1,11.61,0.875,51.12,1,84.25,1,11.42,52.49,0.875
1997,4,5,-17.91,1,818.78,1,12.04,0.875,40.5,1,85,1,11.94,38.79,0.875
1997,4,6,-16.74,0.875,816.9,1,11.74,1,38.75,1,87.5,1,11.62,39.04,1
1997,4,7,-19.11,1,813.54,1,10.29,1,23.88,1,85.25,1,10.21,23.65,1
1997,4,8,-28.93,0.75,813.21,1,1.87,0.875,210.88,1,80,1,0.36,75.9,0.875
1997,4,9,-35.74,0.875,810.1,1,4.81,1,76.62,1,72.5,1,4.68,31.35,1
1997,4,10,-38.56,1,804.01,1,6.7,1,44.38,1,69.75,1,6.63,44.29,1
1997,4,11,-38.18,1,797.44,1,8.88,1,49.75,1,70.25,1,8.78,49.3,1
1997,4,12,-34.84,1,801.16,1,8.84,1,18,1,74,1,8.71,18.39,1
1997,4,13,-38.39,1,802.45,1,9.53,1,39.25,1,69.75,1,9.01,40.17,1
1997,4,14,-37.95,1,801.9,1,11.7,1,56.62,1,70.38,1,11.64,56.74,1
1997,4,15,-33.15,1,806.48,1,12.75,1,64.62,1,75.38,1,12.34,66.18,1
1997,4,16,-28.86,1,807.45,1,7.42,0.75,63.75,1,74.75,1,7.24,63.85,0.75
1997,4,17,-30.46,0.875,812.44,1,NA,0.25,77.12,1,74,1,NA,NA,0.25
1997,4,18,-25.12,0.75,821.94,1,9.6,0.875,114.25,1,77.5,1,9.13,78.39,0.875
1997,4,19,-32.05,1,824.68,1,NA,0.625,52.62,1,62.75,1,NA,NA,0.625
1997,4,20,-41.94,0.875,822.03,1,5.89,0.875,60.12,1,61.13,1,5.8,57.29,0.875
1997,4,21,-38.1,1,818.49,1,8.24,1,35.5,1,60.13,1,7.85,34.55,1
1997,4,22,-36.57,1,819.99,1,7.22,1,61.62,1,71.88,1,7.13,16.71,1
1997,4,23,-35.53,0.75,816.79,1,9.21,1,180.88,1,72.13,1,9.01,0.76,1
1997,4,24,NA,0.5,813.9,1,8.33,0.875,262,1,80.75,1,7.95,1.44,0.875
1997,4,25,NA,0.25,815.64,1,NA,0.625,92.25,1,80.63,1,NA,NA,0.625
1997,4,26,-21.33,1,811.75,1,6.34,1,219.5,1,88.13,1,4.38,353.86,1
1997,4,27,-20.18,0.75,802.81,1,6.84,0.875,200.38,1,85.5,1,4.55,343.02,0.875
1997,4,28,-37.28,0.75,805.7,1,NA,0.625,67.25,1,71.38,1,NA,NA,0.625
1997,4,29,NA,0.5,799.51,1,9.07,0.875,21.25,1,75.38,1,8.79,20.13,0.875
1997,4,30,-26.94,1,805.55,1,12.3,0.875,33.62,1,82.38,1,12.11,36.02,0.875
1997,5,1,-29.25,1,812.14,1,9.27,0.75,13.62,1,77,1,9.22,11.88,0.75
1997,5,2,-28.38,0.75,804.3,1,13.19,1,13.62,1,80.63,1,13.11,13.58,1
1997,5,3,-28.93,0.875,803.11,1,14.76,1,24.38,1,78.63,1,14.71,24.65,1
1997,5,4,-23.21,1,798.25,1,14.07,0.875,65.25,1,84.5,1,13.87,22.43,0.875
1997,5,5,-32.47,0.75,798.2,1,NA,0.625,77.12,1,73.75,1,NA,NA,0.625
1997,5,6,-36,1,795.24,1,10.68,1,65.25,1,71.75,1,10.58,65.22,1
1997,5,7,NA,0.5,NA,0.5,NA,0.5,NA,0.5,NA,0.5,NA,NA,0.5
1997,5,8,NA,0,NA,0,NA,0,NA,0,NA,0,NA,NA,0
1997,5,9,NA,0,NA,0,NA,0,NA,0,NA,0,NA,NA,0
1997,5,10,NA,0,NA,0,NA,0,NA,0,NA,0,NA,NA,0
1997,5,11,NA,0,NA,0,NA,0,NA,0,NA,0,NA,NA,0
1997,5,12,NA,0,NA,0,NA,0,NA,0,NA,0,NA,NA,0
1997,5,13,NA,0,NA,0,NA,0,NA,0,NA,0,NA,NA,0
1997,5,14,NA,0,NA,0,NA,0,NA,0,NA,0,NA,NA,0
1997,5,15,NA,0,NA,0,NA,0,NA,0,NA,0,NA,NA,0
1997,5,16,NA,0,NA,0,NA,0,NA,0,NA,0,NA,NA,0
1997,5,17,NA,0,NA,0,NA,0,NA,0,NA,0,NA,NA,0
1997,5,18,NA,0,NA,0,NA,0,NA,0,NA,0,NA,NA,0
1997,5,19,NA,0,NA,0,NA,0,NA,0,NA,0,NA,NA,0
1997,5,20,NA,0,NA,0,NA,0,NA,0,NA,0,NA,NA,0
1997,5,21,NA,0,NA,0,NA,0,NA,0,NA,0,NA,NA,0
1997,5,22,NA,0,NA,0,NA,0,NA,0,NA,0,NA,NA,0
1997,5,23,NA,0,NA,0,NA,0,NA,0,NA,0,NA,NA,0
1997,5,24,NA,0,NA,0,NA,0,NA,0,NA,0,NA,NA,0
1997,5,25,NA,0,NA,0,NA,0,NA,0,NA,0,NA,NA,0
1997,5,26,NA,0,NA,0,NA,0,NA,0,NA,0,NA,NA,0
1997,5,27,NA,0,NA,0,NA,0,NA,0,NA,0,NA,NA,0
1997,5,28,NA,0,NA,0,NA,0,NA,0,NA,0,NA,NA,0
1997,5,29,NA,0,NA,0,NA,0,NA,0,NA,0,NA,NA,0
1997,5,30,NA,0,NA,0,NA,0,NA,0,NA,0,NA,NA,0
1997,5,31,NA,0,NA,0,NA,0,NA,0,NA,0,NA,NA,0
1997,6,1,NA,0,NA,0,NA,0,NA,0,NA,0,NA,NA,0
1997,6,2,NA,0,NA,0,NA,0,NA,0,NA,0,NA,NA,0
1997,6,3,NA,0,NA,0,NA,0,NA,0,NA,0,NA,NA,0
1997,6,4,NA,0,NA,0,NA,0,NA,0,NA,0,NA,NA,0
1997,6,5,NA,0,NA,0,NA,0,NA,0,NA,0,NA,NA,0
1997,6,6,NA,0,NA,0,NA,0,NA,0,NA,0,NA,NA,0
1997,6,7,NA,0,NA,0,NA,0,NA,0,NA,0,NA,NA,0
1997,6,8,NA,0,NA,0,NA,0,NA,0,NA,0,NA,NA,0
1997,6,9,NA,0,NA,0,NA,0,NA,0,NA,0,NA,NA,0
1997,6,10,NA,0,NA,0,NA,0,NA,0,NA,0,NA,NA,0
1997,6,11,NA,0,NA,0,NA,0,NA,0,NA,0,NA,NA,0
1997,6,12,NA,0,NA,0,NA,0,NA,0,NA,0,NA,NA,0
1997,6,13,NA,0,NA,0,NA,0,NA,0,NA,0,NA,NA,0
1997,6,14,NA,0,NA,0,NA,0,NA,0,NA,0,NA,NA,0
1997,6,15,NA,0,NA,0,NA,0,NA,0,NA,0,NA,NA,0
1997,6,16,NA,0,NA,0,NA,0,NA,0,NA,0,NA,NA,0
1997,6,17,NA,0,NA,0,NA,0,NA,0,NA,0,NA,NA,0
1997,6,18,NA,0,NA,0,NA,0,NA,0,NA,0,NA,NA,0
1997,6,19,NA,0,NA,0,NA,0,NA,0,NA,0,NA,NA,0
1997,6,20,NA,0,NA,0,NA,0,NA,0,NA,0,NA,NA,0
1997,6,21,NA,0,NA,0,NA,0,NA,0,NA,0,NA,NA,0
1997,6,22,NA,0,NA,0,NA,0,NA,0,NA,0,NA,NA,0
1997,6,23,NA,0,NA,0,NA,0,NA,0,NA,0,NA,NA,0
1997,6,24,NA,0,NA,0,NA,0,NA,0,NA,0,NA,NA,0
1997,6,25,NA,0,NA,0,NA,0,NA,0,NA,0,NA,NA,0
1997,6,26,NA,0,NA,0,NA,0,NA,0,NA,0,NA,NA,0
1997,6,27,NA,0,NA,0,NA,0,NA,0,NA,0,NA,NA,0
1997,6,28,NA,0,NA,0,NA,0,NA,0,NA,0,NA,NA,0
1997,6,29,NA,0,NA,0,NA,0,NA,0,NA,0,NA,NA,0
1997,6,30,NA,0,NA,0,NA,0,NA,0,NA,0,NA,NA,0
1997,7,1,NA,0,NA,0,NA,0,NA,0,NA,0,NA,NA,0
1997,7,2,NA,0,NA,0,NA,0,NA,0,NA,0,NA,NA,0
1997,7,3,NA,0,NA,0,NA,0,NA,0,NA,0,NA,NA,0
1997,7,4,NA,0,NA,0,NA,0,NA,0,NA,0,NA,NA,0
1997,7,5,NA,0,NA,0,NA,0,NA,0,NA,0,NA,NA,0
1997,7,6,NA,0,NA,0,NA,0,NA,0,NA,0,NA,NA,0
1997,7,7,NA,0,NA,0,NA,0,NA,0,NA,0,NA,NA,0
1997,7,8,NA,0,NA,0,NA,0,NA,0,NA,0,NA,NA,0
1997,7,9,NA,0,NA,0,NA,0,NA,0,NA,0,NA,NA,0
1997,7,10,NA,0,NA,0,NA,0,NA,0,NA,0,NA,NA,0
1997,7,11,NA,0,NA,0,NA,0,NA,0,NA,0,NA,NA,0
1997,7,12,NA,0,NA,0,NA,0,NA,0,NA,0,NA,NA,0
1997,7,13,NA,0,NA,0,NA,0,NA,0,NA,0,NA,NA,0
1997,7,14,NA,0,NA,0,NA,0,NA,0,NA,0,NA,NA,0
1997,7,15,NA,0,NA,0,NA,0,NA,0,NA,0,NA,NA,0
1997,7,16,NA,0,NA,0,NA,0,NA,0,NA,0,NA,NA,0
1997,7,17,NA,0,NA,0,NA,0,NA,0,NA,0,NA,NA,0
1997,7,18,NA,0,NA,0,NA,0,NA,0,NA,0,NA,NA,0
1997,7,19,NA,0,NA,0,NA,0,NA,0,NA,0,NA,NA,0
1997,7,20,NA,0,NA,0,NA,0,NA,0,NA,0,NA,NA,0
1997,7,21,NA,0,NA,0,NA,0,NA,0,NA,0,NA,NA,0
1997,7,22,NA,0,NA,0,NA,0,NA,0,NA,0,NA,NA,0
1997,7,23,NA,0,NA,0,NA,0,NA,0,NA,0,NA,NA,0
1997,7,24,NA,0,NA,0,NA,0,NA,0,NA,0,NA,NA,0
1997,7,25,NA,0,NA,0,NA,0,NA,0,NA,0,NA,NA,0
1997,7,26,NA,0,NA,0,NA,0,NA,0,NA,0,NA,NA,0
1997,7,27,NA,0,NA,0,NA,0,NA,0,NA,0,NA,NA,0
1997,7,28,NA,0,NA,0,NA,0,NA,0,NA,0,NA,NA,0
1997,7,29,NA,0,NA,0,NA,0,NA,0,NA,0,NA,NA,0
1997,7,30,NA,0,NA,0,NA,0,NA,0,NA,0,NA,NA,0
1997,7,31,NA,0,NA,0,NA,0,NA,0,NA,0,NA,NA,0
1997,8,1,NA,0,NA,0,NA,0,NA,0,NA,0,NA,NA,0
1997,8,2,NA,0,NA,0,NA,0,NA,0,NA,0,NA,NA,0
1997,8,3,NA,0,NA,0,NA,0,NA,0,NA,0,NA,NA,0
1997,8,4,NA,0,NA,0,NA,0,NA,0,NA,0,NA,NA,0
1997,8,5,NA,0,NA,0,NA,0,NA,0,NA,0,NA,NA,0
1997,8,6,NA,0,NA,0,NA,0,NA,0,NA,0,NA,NA,0
1997,8,7,NA,0,NA,0,NA,0,NA,0,NA,0,NA,NA,0
1997,8,8,NA,0,NA,0,NA,0,NA,0,NA,0,NA,NA,0
1997,8,9,NA,0,NA,0,NA,0,NA,0,NA,0,NA,NA,0
1997,8,10,NA,0,NA,0,NA,0,NA,0,NA,0,NA,NA,0
1997,8,11,NA,0,NA,0,NA,0,NA,0,NA,0,NA,NA,0
1997,8,12,NA,0,NA,0,NA,0,NA,0,NA,0,NA,NA,0
1997,8,13,NA,0,NA,0,NA,0,NA,0,NA,0,NA,NA,0
1997,8,14,NA,0,NA,0,NA,0,NA,0,NA,0,NA,NA,0
1997,8,15,NA,0,NA,0,NA,0,NA,0,NA,0,NA,NA,0
1997,8,16,NA,0,NA,0,NA,0,NA,0,NA,0,NA,NA,0
1997,8,17,NA,0,NA,0,NA,0,NA,0,NA,0,NA,NA,0
1997,8,18,NA,0,NA,0,NA,0,NA,0,NA,0,NA,NA,0
1997,8,19,NA,0,NA,0,NA,0,NA,0,NA,0,NA,NA,0
1997,8,20,NA,0,NA,0,NA,0,NA,0,NA,0,NA,NA,0
1997,8,21,NA,0,NA,0,NA,0,NA,0,NA,0,NA,NA,0
1997,8,22,NA,0,NA,0,NA,0,NA,0,NA,0,NA,NA,0
1997,8,23,NA,0,NA,0,NA,0,NA,0,NA,0,NA,NA,0
1997,8,24,NA,0,NA,0,NA,0,NA,0,NA,0,NA,NA,0
1997,8,25,NA,0,NA,0,NA,0,NA,0,NA,0,NA,NA,0
1997,8,26,NA,0,NA,0,NA,0,NA,0,NA,0,NA,NA,0
1997,8,27,NA,0,NA,0,NA,0,NA,0,NA,0,NA,NA,0
1997,8,28,NA,0,NA,0,NA,0,NA,0,NA,0,NA,NA,0
1997,8,29,NA,0,NA,0,NA,0,NA,0,NA,0,NA,NA,0
1997,8,30,NA,0,NA,0,NA,0,NA,0,NA,0,NA,NA,0
1997,8,31,NA,0,NA,0,NA,0,NA,0,NA,0,NA,NA,0
1997,9,1,NA,0,NA,0,NA,0,NA,0,NA,0,NA,NA,0
1997,9,2,NA,0,NA,0,NA,0,NA,0,NA,0,NA,NA,0
1997,9,3,NA,0,NA,0,NA,0,NA,0,NA,0,NA,NA,0
1997,9,4,NA,0,NA,0,NA,0,NA,0,NA,0,NA,NA,0
1997,9,5,NA,0,NA,0,NA,0,NA,0,NA,0,NA,NA,0
1997,9,6,NA,0,NA,0,NA,0,NA,0,NA,0,NA,NA,0
1997,9,7,NA,0,NA,0,NA,0,NA,0,NA,0,NA,NA,0
1997,9,8,NA,0,NA,0,NA,0,NA,0,NA,0,NA,NA,0
1997,9,9,NA,0,NA,0,NA,0,NA,0,NA,0,NA,NA,0
1997,9,10,NA,0,NA,0,NA,0,NA,0,NA,0,NA,NA,0
1997,9,11,NA,0,NA,0,NA,0,NA,0,NA,0,NA,NA,0
1997,9,12,NA,0,NA,0,NA,0,NA,0,NA,0,NA,NA,0
1997,9,13,NA,0,NA,0,NA,0,NA,0,NA,0,NA,NA,0
1997,9,14,NA,0,NA,0,NA,0,NA,0,NA,0,NA,NA,0
1997,9,15,NA,0,NA,0,NA,0,NA,0,NA,0,NA,NA,0
1997,9,16,NA,0,NA,0,NA,0,NA,0,NA,0,NA,NA,0
1997,9,17,NA,0,NA,0,NA,0,NA,0,NA,0,NA,NA,0
1997,9,18,NA,0,NA,0,NA,0,NA,0,NA,0,NA,NA,0
1997,9,19,NA,0,NA,0,NA,0,NA,0,NA,0,NA,NA,0
1997,9,20,NA,0,NA,0,NA,0,NA,0,NA,0,NA,NA,0
1997,9,21,NA,0,NA,0,NA,0,NA,0,NA,0,NA,NA,0
1997,9,22,NA,0,NA,0,NA,0,NA,0,NA,0,NA,NA,0
1997,9,23,NA,0,NA,0,NA,0,NA,0,NA,0,NA,NA,0
1997,9,24,NA,0,NA,0,NA,0,NA,0,NA,0,NA,NA,0
1997,9,25,NA,0,NA,0,NA,0,NA,0,NA,0,NA,NA,0
1997,9,26,NA,0,NA,0,NA,0,NA,0,NA,0,NA,NA,0
1997,9,27,NA,0,NA,0,NA,0,NA,0,NA,0,NA,NA,0
1997,9,28,NA,0,NA,0,NA,0,NA,0,NA,0,NA,NA,0
1997,9,29,NA,0,NA,0,NA,0,NA,0,NA,0,NA,NA,0
1997,9,30,NA,0,NA,0,NA,0,NA,0,NA,0,NA,NA,0
1997,10,1,NA,0,NA,0,NA,0,NA,0,NA,0,NA,NA,0
1997,10,2,NA,0,NA,0,NA,0,NA,0,NA,0,NA,NA,0
1997,10,3,NA,0,NA,0,NA,0,NA,0,NA,0,NA,NA,0
1997,10,4,NA,0,NA,0,NA,0,NA,0,NA,0,NA,NA,0
1997,10,5,NA,0,NA,0,NA,0,NA,0,NA,0,NA,NA,0
1997,10,6,NA,0,NA,0,NA,0,NA,0,NA,0,NA,NA,0
1997,10,7,NA,0,NA,0,NA,0,NA,0,NA,0,NA,NA,0
1997,10,8,NA,0,NA,0,NA,0,NA,0,NA,0,NA,NA,0
1997,10,9,NA,0,NA,0,NA,0,NA,0,NA,0,NA,NA,0
1997,10,10,NA,0,NA,0,NA,0,NA,0,NA,0,NA,NA,0
1997,10,11,NA,0,NA,0,NA,0,NA,0,NA,0,NA,NA,0
1997,10,12,NA,0,NA,0,NA,0,NA,0,NA,0,NA,NA,0
1997,10,13,NA,0,NA,0,NA,0,NA,0,NA,0,NA,NA,0
1997,10,14,NA,0,NA,0,NA,0,NA,0,NA,0,NA,NA,0
1997,10,15,NA,0,NA,0,NA,0,NA,0,NA,0,NA,NA,0
1997,10,16,NA,0,NA,0,NA,0,NA,0,NA,0,NA,NA,0
1997,10,17,NA,0,NA,0,NA,0,NA,0,NA,0,NA,NA,0
1997,10,18,NA,0,NA,0,NA,0,NA,0,NA,0,NA,NA,0
1997,10,19,NA,0,NA,0,NA,0,NA,0,NA,0,NA,NA,0
1997,10,20,NA,0,NA,0,NA,0,NA,0,NA,0,NA,NA,0
1997,10,21,NA,0,NA,0,NA,0,NA,0,NA,0,NA,NA,0
1997,10,22,NA,0,NA,0,NA,0,NA,0,NA,0,NA,NA,0
1997,10,23,NA,0,NA,0,NA,0,NA,0,NA,0,NA,NA,0
1997,10,24,NA,0,NA,0,NA,0,NA,0,NA,0,NA,NA,0
1997,10,25,NA,0,NA,0,NA,0,NA,0,NA,0,NA,NA,0
1997,10,26,NA,0,NA,0,NA,0,NA,0,NA,0,NA,NA,0
1997,10,27,NA,0,NA,0,NA,0,NA,0,NA,0,NA,NA,0
1997,10,28,NA,0,NA,0,NA,0,NA,0,NA,0,NA,NA,0
1997,10,29,NA,0,NA,0,NA,0,NA,0,NA,0,NA,NA,0
1997,10,30,NA,0,NA,0,NA,0,NA,0,NA,0,NA,NA,0
1997,10,31,NA,0,NA,0,NA,0,NA,0,NA,0,NA,NA,0
1997,11,1,NA,0,NA,0,NA,0,NA,0,NA,0,NA,NA,0
1997,11,2,NA,0,NA,0,NA,0,NA,0,NA,0,NA,NA,0
1997,11,3,NA,0,NA,0,NA,0,NA,0,NA,0,NA,NA,0
1997,11,4,NA,0,NA,0,NA,0,NA,0,NA,0,NA,NA,0
1997,11,5,NA,0,NA,0,NA,0,NA,0,NA,0,NA,NA,0
1997,11,6,NA,0,NA,0,NA,0,NA,0,NA,0,NA,NA,0
1997,11,7,NA,0,NA,0,NA,0,NA,0,NA,0,NA,NA,0
1997,11,8,NA,0,NA,0,NA,0,NA,0,NA,0,NA,NA,0
1997,11,9,NA,0,NA,0,NA,0,NA,0,NA,0,NA,NA,0
1997,11,10,NA,0,NA,0,NA,0,NA,0,NA,0,NA,NA,0
1997,11,11,NA,0,NA,0,NA,0,NA,0,NA,0,NA,NA,0
1997,11,12,NA,0,NA,0,NA,0,NA,0,NA,0,NA,NA,0
1997,11,13,NA,0,NA,0,NA,0,NA,0,NA,0,NA,NA,0
1997,11,14,NA,0,NA,0,NA,0,NA,0,NA,0,NA,NA,0
1997,11,15,NA,0,NA,0,NA,0,NA,0,NA,0,NA,NA,0
1997,11,16,NA,0,NA,0,NA,0,NA,0,NA,0,NA,NA,0
1997,11,17,NA,0,NA,0,NA,0,NA,0,NA,0,NA,NA,0
1997,11,18,NA,0,NA,0,NA,0,NA,0,NA,0,NA,NA,0
1997,11,19,NA,0,NA,0,NA,0,NA,0,NA,0,NA,NA,0
1997,11,20,NA,0,NA,0,NA,0,NA,0,NA,0,NA,NA,0
1997,11,21,NA,0,NA,0,NA,0,NA,0,NA,0,NA,NA,0
1997,11,22,NA,0,NA,0,NA,0,NA,0,NA,0,NA,NA,0
1997,11,23,NA,0,NA,0,NA,0,NA,0,NA,0,NA,NA,0
1997,11,24,NA,0,NA,0,NA,0,NA,0,NA,0,NA,NA,0
1997,11,25,NA,0,NA,0,NA,0,NA,0,NA,0,NA,NA,0
1997,11,26,NA,0,NA,0,NA,0,NA,0,NA,0,NA,NA,0
1997,11,27,NA,0,NA,0,NA,0,NA,0,NA,0,NA,NA,0
1997,11,28,NA,0,NA,0,NA,0,NA,0,NA,0,NA,NA,0
1997,11,29,NA,0,NA,0,NA,0,NA,0,NA,0,NA,NA,0
1997,11,30,NA,0,NA,0,NA,0,NA,0,NA,0,NA,NA,0
1997,12,1,NA,0,NA,0,NA,0,NA,0,NA,0,NA,NA,0
1997,12,2,NA,0,NA,0,NA,0,NA,0,NA,0,NA,NA,0
1997,12,3,NA,0,NA,0,NA,0,NA,0,NA,0,NA,NA,0
1997,12,4,NA,0,NA,0,NA,0,NA,0,NA,0,NA,NA,0
1997,12,5,NA,0,NA,0,NA,0,NA,0,NA,0,NA,NA,0
1997,12,6,NA,0,NA,0,NA,0,NA,0,NA,0,NA,NA,0
1997,12,7,NA,0,NA,0,NA,0,NA,0,NA,0,NA,NA,0
1997,12,8,NA,0,NA,0,NA,0,NA,0,NA,0,NA,NA,0
1997,12,9,NA,0,NA,0,NA,0,NA,0,NA,0,NA,NA,0
1997,12,10,NA,0,NA,0,NA,0,NA,0,NA,0,NA,NA,0
1997,12,11,NA,0,NA,0,NA,0,NA,0,NA,0,NA,NA,0
1997,12,12,NA,0,NA,0,NA,0,NA,0,NA,0,NA,NA,0
1997,12,13,NA,0,NA,0,NA,0,NA,0,NA,0,NA,NA,0
1997,12,14,NA,0,NA,0,NA,0,NA,0,NA,0,NA,NA,0
1997,12,15,NA,0,NA,0,NA,0,NA,0,NA,0,NA,NA,0
1997,12,16,NA,0,NA,0,NA,0,NA,0,NA,0,NA,NA,0
1997,12,17,NA,0,NA,0,NA,0,NA,0,NA,0,NA,NA,0
1997,12,18,NA,0,NA,0,NA,0,NA,0,NA,0,NA,NA,0
1997,12,19,NA,0,NA,0,NA,0,NA,0,NA,0,NA,NA,0
1997,12,20,NA,0,NA,0,NA,0,NA,0,NA,0,NA,NA,0
1997,12,21,NA,0,NA,0,NA,0,NA,0,NA,0,NA,NA,0
1997,12,22,NA,0,NA,0,NA,0,NA,0,NA,0,NA,NA,0
1997,12,23,NA,0,NA,0,NA,0,NA,0,NA,0,NA,NA,0
1997,12,24,NA,0,NA,0,NA,0,NA,0,NA,0,NA,NA,0
1997,12,25,NA,0,NA,0,NA,0,NA,0,NA,0,NA,NA,0
1997,12,26,NA,0,NA,0,NA,0,NA,0,NA,0,NA,NA,0
1997,12,27,NA,0,NA,0,NA,0,NA,0,NA,0,NA,NA,0
1997,12,28,NA,0,NA,0,NA,0,NA,0,NA,0,NA,NA,0
1997,12,29,NA,0,NA,0,NA,0,NA,0,NA,0,NA,NA,0
1997,12,30,NA,0,NA,0,NA,0,NA,0,NA,0,NA,NA,0
1997,12,31,NA,0,NA,0,NA,0,NA,0,NA,0,NA,NA,0
1998,1,1,NA,0,NA,0,NA,0,NA,0,NA,0,NA,NA,0
1998,1,2,NA,0,NA,0,NA,0,NA,0,NA,0,NA,NA,0
1998,1,3,NA,0,NA,0,NA,0,NA,0,NA,0,NA,NA,0
1998,1,4,NA,0,NA,0,NA,0,NA,0,NA,0,NA,NA,0
1998,1,5,NA,0,NA,0,NA,0,NA,0,NA,0,NA,NA,0
1998,1,6,NA,0,NA,0,NA,0,NA,0,NA,0,NA,NA,0
1998,1,7,NA,0,NA,0,NA,0,NA,0,NA,0,NA,NA,0
1998,1,8,NA,0,NA,0,NA,0,NA,0,NA,0,NA,NA,0
1998,1,9,NA,0,NA,0,NA,0,NA,0,NA,0,NA,NA,0
1998,1,10,NA,0,NA,0,NA,0,NA,0,NA,0,NA,NA,0
1998,1,11,NA,0,NA,0,NA,0,NA,0,NA,0,NA,NA,0
1998,1,12,NA,0,NA,0,NA,0,NA,0,NA,0,NA,NA,0
1998,1,13,NA,0,NA,0,NA,0,NA,0,NA,0,NA,NA,0
1998,1,14,NA,0,NA,0,NA,0,NA,0,NA,0,NA,NA,0
1998,1,15,NA,0,NA,0,NA,0,NA,0,NA,0,NA,NA,0
1998,1,16,NA,0,NA,0,NA,0,NA,0,NA,0,NA,NA,0
1998,1,17,NA,0,NA,0,NA,0,NA,0,NA,0,NA,NA,0
1998,1,18,NA,0,NA,0,NA,0,NA,0,NA,0,NA,NA,0
1998,1,19,NA,0,NA,0,NA,0,NA,0,NA,0,NA,NA,0
1998,1,20,NA,0,NA,0,NA,0,NA,0,NA,0,NA,NA,0
1998,1,21,NA,0,NA,0,NA,0,NA,0,NA,0,NA,NA,0
1998,1,22,NA,0,NA,0,NA,0,NA,0,NA,0,NA,NA,0
1998,1,23,NA,0,NA,0,NA,0,NA,0,NA,0,NA,NA,0
1998,1,24,NA,0,NA,0,NA,0,NA,0,NA,0,NA,NA,0
1998,1,25,NA,0,NA,0,NA,0,NA,0,NA,0,NA,NA,0
1998,1,26,NA,0,NA,0,NA,0,NA,0,NA,0,NA,NA,0
1998,1,27,NA,0,NA,0,NA,0,NA,0,NA,0,NA,NA,0
1998,1,28,NA,0,NA,0,NA,0,NA,0,NA,0,NA,NA,0
1998,1,29,NA,0,NA,0,NA,0,NA,0,NA,0,NA,NA,0
1998,1,30,NA,0,NA,0,NA,0,NA,0,NA,0,NA,NA,0
1998,1,31,NA,0,NA,0,NA,0,NA,0,NA,0,NA,NA,0
1998,2,1,NA,0,NA,0,NA,0,NA,0,NA,0,NA,NA,0
1998,2,2,NA,0,NA,0,NA,0,NA,0,NA,0,NA,NA,0
1998,2,3,NA,0,NA,0,NA,0,NA,0,NA,0,NA,NA,0
1998,2,4,NA,0,NA,0,NA,0,NA,0,NA,0,NA,NA,0
1998,2,5,NA,0,NA,0,NA,0,NA,0,NA,0,NA,NA,0
1998,2,6,NA,0,NA,0,NA,0,NA,0,NA,0,NA,NA,0
1998,2,7,NA,0,NA,0,NA,0,NA,0,NA,0,NA,NA,0
1998,2,8,NA,0,NA,0,NA,0,NA,0,NA,0,NA,NA,0
1998,2,9,NA,0,NA,0,NA,0,NA,0,NA,0,NA,NA,0
1998,2,10,NA,0,NA,0,NA,0,NA,0,NA,0,NA,NA,0
1998,2,11,NA,0,NA,0,NA,0,NA,0,NA,0,NA,NA,0
1998,2,12,NA,0,NA,0,NA,0,NA,0,NA,0,NA,NA,0
1998,2,13,NA,0,NA,0,NA,0,NA,0,NA,0,NA,NA,0
1998,2,14,NA,0,NA,0,NA,0,NA,0,NA,0,NA,NA,0
1998,2,15,NA,0,NA,0,NA,0,NA,0,NA,0,NA,NA,0
1998,2,16,NA,0,NA,0,NA,0,NA,0,NA,0,NA,NA,0
1998,2,17,NA,0,NA,0,NA,0,NA,0,NA,0,NA,NA,0
1998,2,18,NA,0,NA,0,NA,0,NA,0,NA,0,NA,NA,0
1998,2,19,NA,0,NA,0,NA,0,NA,0,NA,0,NA,NA,0
1998,2,20,NA,0,NA,0,NA,0,NA,0,NA,0,NA,NA,0
1998,2,21,NA,0,NA,0,NA,0,NA,0,NA,0,NA,NA,0
1998,2,22,NA,0,NA,0,NA,0,NA,0,NA,0,NA,NA,0
1998,2,23,NA,0,NA,0,NA,0,NA,0,NA,0,NA,NA,0
1998,2,24,NA,0,NA,0,NA,0,NA,0,NA,0,NA,NA,0
1998,2,25,NA,0,NA,0,NA,0,NA,0,NA,0,NA,NA,0
1998,2,26,NA,0,NA,0,NA,0,NA,0,NA,0,NA,NA,0
1998,2,27,NA,0,NA,0,NA,0,NA,0,NA,0,NA,NA,0
1998,2,28,NA,0,NA,0,NA,0,NA,0,NA,0,NA,NA,0
1998,3,1,NA,0,NA,0,NA,0,NA,0,NA,0,NA,NA,0
1998,3,2,NA,0,NA,0,NA,0,NA,0,NA,0,NA,NA,0
1998,3,3,NA,0,NA,0,NA,0,NA,0,NA,0,NA,NA,0
1998,3,4,NA,0,NA,0,NA,0,NA,0,NA,0,NA,NA,0
1998,3,5,NA,0,NA,0,NA,0,NA,0,NA,0,NA,NA,0
1998,3,6,NA,0,NA,0,NA,0,NA,0,NA,0,NA,NA,0
1998,3,7,NA,0,NA,0,NA,0,NA,0,NA,0,NA,NA,0
1998,3,8,NA,0,NA,0,NA,0,NA,0,NA,0,NA,NA,0
1998,3,9,NA,0,NA,0,NA,0,NA,0,NA,0,NA,NA,0
1998,3,10,NA,0,NA,0,NA,0,NA,0,NA,0,NA,NA,0
1998,3,11,NA,0,NA,0,NA,0,NA,0,NA,0,NA,NA,0
1998,3,12,NA,0,NA,0,NA,0,NA,0,NA,0,NA,NA,0
1998,3,13,NA,0,NA,0,NA,0,NA,0,NA,0,NA,NA,0
1998,3,14,NA,0,NA,0,NA,0,NA,0,NA,0,NA,NA,0
1998,3,15,NA,0,NA,0,NA,0,NA,0,NA,0,NA,NA,0
1998,3,16,NA,0,NA,0,NA,0,NA,0,NA,0,NA,NA,0
1998,3,17,NA,0,NA,0,NA,0,NA,0,NA,0,NA,NA,0
1998,3,18,NA,0,NA,0,NA,0,NA,0,NA,0,NA,NA,0
1998,3,19,NA,0,NA,0,NA,0,NA,0,NA,0,NA,NA,0
1998,3,20,NA,0,NA,0,NA,0,NA,0,NA,0,NA,NA,0
1998,3,21,NA,0,NA,0,NA,0,NA,0,NA,0,NA,NA,0
1998,3,22,NA,0,NA,0,NA,0,NA,0,NA,0,NA,NA,0
1998,3,23,NA,0,NA,0,NA,0,NA,0,NA,0,NA,NA,0
1998,3,24,NA,0,NA,0,NA,0,NA,0,NA,0,NA,NA,0
1998,3,25,NA,0,NA,0,NA,0,NA,0,NA,0,NA,NA,0
1998,3,26,NA,0,NA,0,NA,0,NA,0,NA,0,NA,NA,0
1998,3,27,NA,0,NA,0,NA,0,NA,0,NA,0,NA,NA,0
1998,3,28,NA,0,NA,0,NA,0,NA,0,NA,0,NA,NA,0
1998,3,29,NA,0,NA,0,NA,0,NA,0,NA,0,NA,NA,0
1998,3,30,NA,0,NA,0,NA,0,NA,0,NA,0,NA,NA,0
1998,3,31,NA,0,NA,0,NA,0,NA,0,NA,0,NA,NA,0
1998,4,1,NA,0,NA,0,NA,0,NA,0,NA,0,NA,NA,0
1998,4,2,NA,0,NA,0,NA,0,NA,0,NA,0,NA,NA,0
1998,4,3,NA,0,NA,0,NA,0,NA,0,NA,0,NA,NA,0
1998,4,4,NA,0,NA,0,NA,0,NA,0,NA,0,NA,NA,0
1998,4,5,NA,0,NA,0,NA,0,NA,0,NA,0,NA,NA,0
1998,4,6,NA,0,NA,0,NA,0,NA,0,NA,0,NA,NA,0
1998,4,7,NA,0,NA,0,NA,0,NA,0,NA,0,NA,NA,0
1998,4,8,NA,0,NA,0,NA,0,NA,0,NA,0,NA,NA,0
1998,4,9,NA,0,NA,0,NA,0,NA,0,NA,0,NA,NA,0
1998,4,10,NA,0,NA,0,NA,0,NA,0,NA,0,NA,NA,0
1998,4,11,NA,0,NA,0,NA,0,NA,0,NA,0,NA,NA,0
1998,4,12,NA,0,NA,0,NA,0,NA,0,NA,0,NA,NA,0
1998,4,13,NA,0,NA,0,NA,0,NA,0,NA,0,NA,NA,0
1998,4,14,NA,0,NA,0,NA,0,NA,0,NA,0,NA,NA,0
1998,4,15,NA,0,NA,0,NA,0,NA,0,NA,0,NA,NA,0
1998,4,16,NA,0,NA,0,NA,0,NA,0,NA,0,NA,NA,0
1998,4,17,NA,0,NA,0,NA,0,NA,0,NA,0,NA,NA,0
1998,4,18,NA,0,NA,0,NA,0,NA,0,NA,0,NA,NA,0
1998,4,19,NA,0,NA,0,NA,0,NA,0,NA,0,NA,NA,0
1998,4,20,NA,0,NA,0,NA,0,NA,0,NA,0,NA,NA,0
1998,4,21,NA,0,NA,0,NA,0,NA,0,NA,0,NA,NA,0
1998,4,22,NA,0,NA,0,NA,0,NA,0,NA,0,NA,NA,0
1998,4,23,NA,0,NA,0,NA,0,NA,0,NA,0,NA,NA,0
1998,4,24,NA,0,NA,0,NA,0,NA,0,NA,0,NA,NA,0
1998,4,25,NA,0,NA,0,NA,0,NA,0,NA,0,NA,NA,0
1998,4,26,NA,0,NA,0,NA,0,NA,0,NA,0,NA,NA,0
1998,4,27,NA,0,NA,0,NA,0,NA,0,NA,0,NA,NA,0
1998,4,28,NA,0,NA,0,NA,0,NA,0,NA,0,NA,NA,0
1998,4,29,NA,0,NA,0,NA,0,NA,0,NA,0,NA,NA,0
1998,4,30,NA,0,NA,0,NA,0,NA,0,NA,0,NA,NA,0
1998,5,1,NA,0,NA,0,NA,0,NA,0,NA,0,NA,NA,0
1998,5,2,NA,0,NA,0,NA,0,NA,0,NA,0,NA,NA,0
1998,5,3,NA,0,NA,0,NA,0,NA,0,NA,0,NA,NA,0
1998,5,4,NA,0,NA,0,NA,0,NA,0,NA,0,NA,NA,0
1998,5,5,NA,0,NA,0,NA,0,NA,0,NA,0,NA,NA,0
1998,5,6,NA,0,NA,0,NA,0,NA,0,NA,0,NA,NA,0
1998,5,7,NA,0,NA,0,NA,0,NA,0,NA,0,NA,NA,0
1998,5,8,NA,0,NA,0,NA,0,NA,0,NA,0,NA,NA,0
1998,5,9,NA,0,NA,0,NA,0,NA,0,NA,0,NA,NA,0
1998,5,10,NA,0,NA,0,NA,0,NA,0,NA,0,NA,NA,0
1998,5,11,NA,0,NA,0,NA,0,NA,0,NA,0,NA,NA,0
1998,5,12,NA,0,NA,0,NA,0,NA,0,NA,0,NA,NA,0
1998,5,13,NA,0,NA,0,NA,0,NA,0,NA,0,NA,NA,0
1998,5,14,NA,0,NA,0,NA,0,NA,0,NA,0,NA,NA,0
1998,5,15,NA,0,NA,0,NA,0,NA,0,NA,0,NA,NA,0
1998,5,16,NA,0,NA,0,NA,0,NA,0,NA,0,NA,NA,0
1998,5,17,NA,0,NA,0,NA,0,NA,0,NA,0,NA,NA,0
1998,5,18,NA,0,NA,0,NA,0,NA,0,NA,0,NA,NA,0
1998,5,19,NA,0,NA,0,NA,0,NA,0,NA,0,NA,NA,0
1998,5,20,NA,0,NA,0,NA,0,NA,0,NA,0,NA,NA,0
1998,5,21,NA,0,NA,0,NA,0,NA,0,NA,0,NA,NA,0
1998,5,22,NA,0,NA,0,NA,0,NA,0,NA,0,NA,NA,0
1998,5,23,NA,0,NA,0,NA,0,NA,0,NA,0,NA,NA,0
1998,5,24,NA,0,NA,0,NA,0,NA,0,NA,0,NA,NA,0
1998,5,25,NA,0,NA,0,NA,0,NA,0,NA,0,NA,NA,0
1998,5,26,NA,0,NA,0,NA,0,NA,0,NA,0,NA,NA,0
1998,5,27,NA,0,NA,0,NA,0,NA,0,NA,0,NA,NA,0
1998,5,28,NA,0,NA,0,NA,0,NA,0,NA,0,NA,NA,0
1998,5,29,NA,0,NA,0,NA,0,NA,0,NA,0,NA,NA,0
1998,5,30,NA,0,NA,0,NA,0,NA,0,NA,0,NA,NA,0
1998,5,31,NA,0,NA,0,NA,0,NA,0,NA,0,NA,NA,0
1998,6,1,NA,0,NA,0,NA,0,NA,0,NA,0,NA,NA,0
1998,6,2,NA,0,NA,0,NA,0,NA,0,NA,0,NA,NA,0
1998,6,3,NA,0,NA,0,NA,0,NA,0,NA,0,NA,NA,0
1998,6,4,NA,0,NA,0,NA,0,NA,0,NA,0,NA,NA,0
1998,6,5,NA,0,NA,0,NA,0,NA,0,NA,0,NA,NA,0
1998,6,6,NA,0,NA,0,NA,0,NA,0,NA,0,NA,NA,0
1998,6,7,NA,0,NA,0,NA,0,NA,0,NA,0,NA,NA,0
1998,6,8,NA,0,NA,0,NA,0,NA,0,NA,0,NA,NA,0
1998,6,9,NA,0,NA,0,NA,0,NA,0,NA,0,NA,NA,0
1998,6,10,NA,0,NA,0,NA,0,NA,0,NA,0,NA,NA,0
1998,6,11,NA,0,NA,0,NA,0,NA,0,NA,0,NA,NA,0
1998,6,12,NA,0,NA,0,NA,0,NA,0,NA,0,NA,NA,0
1998,6,13,NA,0,NA,0,NA,0,NA,0,NA,0,NA,NA,0
1998,6,14,NA,0,NA,0,NA,0,NA,0,NA,0,NA,NA,0
1998,6,15,NA,0,NA,0,NA,0,NA,0,NA,0,NA,NA,0
1998,6,16,NA,0,NA,0,NA,0,NA,0,NA,0,NA,NA,0
1998,6,17,NA,0,NA,0,NA,0,NA,0,NA,0,NA,NA,0
1998,6,18,NA,0,NA,0,NA,0,NA,0,NA,0,NA,NA,0
1998,6,19,NA,0,NA,0,NA,0,NA,0,NA,0,NA,NA,0
1998,6,20,NA,0,NA,0,NA,0,NA,0,NA,0,NA,NA,0
1998,6,21,NA,0,NA,0,NA,0,NA,0,NA,0,NA,NA,0
1998,6,22,NA,0,NA,0,NA,0,NA,0,NA,0,NA,NA,0
1998,6,23,NA,0,NA,0,NA,0,NA,0,NA,0,NA,NA,0
1998,6,24,NA,0,NA,0,NA,0,NA,0,NA,0,NA,NA,0
1998,6,25,NA,0,NA,0,NA,0,NA,0,NA,0,NA,NA,0
1998,6,26,NA,0,NA,0,NA,0,NA,0,NA,0,NA,NA,0
1998,6,27,NA,0,NA,0,NA,0,NA,0,NA,0,NA,NA,0
1998,6,28,NA,0,NA,0,NA,0,NA,0,NA,0,NA,NA,0
1998,6,29,NA,0,NA,0,NA,0,NA,0,NA,0,NA,NA,0
1998,6,30,NA,0,NA,0,NA,0,NA,0,NA,0,NA,NA,0
1998,7,1,NA,0,NA,0,NA,0,NA,0,NA,0,NA,NA,0
1998,7,2,NA,0,NA,0,NA,0,NA,0,NA,0,NA,NA,0
1998,7,3,NA,0,NA,0,NA,0,NA,0,NA,0,NA,NA,0
1998,7,4,NA,0,NA,0,NA,0,NA,0,NA,0,NA,NA,0
1998,7,5,NA,0,NA,0,NA,0,NA,0,NA,0,NA,NA,0
1998,7,6,NA,0,NA,0,NA,0,NA,0,NA,0,NA,NA,0
1998,7,7,NA,0,NA,0,NA,0,NA,0,NA,0,NA,NA,0
1998,7,8,NA,0,NA,0,NA,0,NA,0,NA,0,NA,NA,0
1998,7,9,NA,0,NA,0,NA,0,NA,0,NA,0,NA,NA,0
1998,7,10,NA,0,NA,0,NA,0,NA,0,NA,0,NA,NA,0
1998,7,11,NA,0,NA,0,NA,0,NA,0,NA,0,NA,NA,0
1998,7,12,NA,0,NA,0,NA,0,NA,0,NA,0,NA,NA,0
1998,7,13,NA,0,NA,0,NA,0,NA,0,NA,0,NA,NA,0
1998,7,14,NA,0,NA,0,NA,0,NA,0,NA,0,NA,NA,0
1998,7,15,NA,0,NA,0,NA,0,NA,0,NA,0,NA,NA,0
1998,7,16,NA,0,NA,0,NA,0,NA,0,NA,0,NA,NA,0
1998,7,17,NA,0,NA,0,NA,0,NA,0,NA,0,NA,NA,0
1998,7,18,NA,0,NA,0,NA,0,NA,0,NA,0,NA,NA,0
1998,7,19,NA,0,NA,0,NA,0,NA,0,NA,0,NA,NA,0
1998,7,20,NA,0,NA,0,NA,0,NA,0,NA,0,NA,NA,0
1998,7,21,NA,0,NA,0,NA,0,NA,0,NA,0,NA,NA,0
1998,7,22,NA,0,NA,0,NA,0,NA,0,NA,0,NA,NA,0
1998,7,23,NA,0,NA,0,NA,0,NA,0,NA,0,NA,NA,0
1998,7,24,NA,0,NA,0,NA,0,NA,0,NA,0,NA,NA,0
1998,7,25,NA,0,NA,0,NA,0,NA,0,NA,0,NA,NA,0
1998,7,26,NA,0,NA,0,NA,0,NA,0,NA,0,NA,NA,0
1998,7,27,NA,0,NA,0,NA,0,NA,0,NA,0,NA,NA,0
1998,7,28,NA,0,NA,0,NA,0,NA,0,NA,0,NA,NA,0
1998,7,29,NA,0,NA,0,NA,0,NA,0,NA,0,NA,NA,0
1998,7,30,NA,0,NA,0,NA,0,NA,0,NA,0,NA,NA,0
1998,7,31,NA,0,NA,0,NA,0,NA,0,NA,0,NA,NA,0
1998,8,1,NA,0,NA,0,NA,0,NA,0,NA,0,NA,NA,0
1998,8,2,NA,0,NA,0,NA,0,NA,0,NA,0,NA,NA,0
1998,8,3,NA,0,NA,0,NA,0,NA,0,NA,0,NA,NA,0
1998,8,4,NA,0,NA,0,NA,0,NA,0,NA,0,NA,NA,0
1998,8,5,NA,0,NA,0,NA,0,NA,0,NA,0,NA,NA,0
1998,8,6,NA,0,NA,0,NA,0,NA,0,NA,0,NA,NA,0
1998,8,7,NA,0,NA,0,NA,0,NA,0,NA,0,NA,NA,0
1998,8,8,NA,0,NA,0,NA,0,NA,0,NA,0,NA,NA,0
1998,8,9,NA,0,NA,0,NA,0,NA,0,NA,0,NA,NA,0
1998,8,10,NA,0,NA,0,NA,0,NA,0,NA,0,NA,NA,0
1998,8,11,NA,0,NA,0,NA,0,NA,0,NA,0,NA,NA,0
1998,8,12,NA,0,NA,0,NA,0,NA,0,NA,0,NA,NA,0
1998,8,13,NA,0,NA,0,NA,0,NA,0,NA,0,NA,NA,0
1998,8,14,NA,0,NA,0,NA,0,NA,0,NA,0,NA,NA,0
1998,8,15,NA,0,NA,0,NA,0,NA,0,NA,0,NA,NA,0
1998,8,16,NA,0,NA,0,NA,0,NA,0,NA,0,NA,NA,0
1998,8,17,NA,0,NA,0,NA,0,NA,0,NA,0,NA,NA,0
1998,8,18,NA,0,NA,0,NA,0,NA,0,NA,0,NA,NA,0
1998,8,19,NA,0,NA,0,NA,0,NA,0,NA,0,NA,NA,0
1998,8,20,NA,0,NA,0,NA,0,NA,0,NA,0,NA,NA,0
1998,8,21,NA,0,NA,0,NA,0,NA,0,NA,0,NA,NA,0
1998,8,22,NA,0,NA,0,NA,0,NA,0,NA,0,NA,NA,0
1998,8,23,NA,0,NA,0,NA,0,NA,0,NA,0,NA,NA,0
1998,8,24,NA,0,NA,0,NA,0,NA,0,NA,0,NA,NA,0
1998,8,25,NA,0,NA,0,NA,0,NA,0,NA,0,NA,NA,0
1998,8,26,NA,0,NA,0,NA,0,NA,0,NA,0,NA,NA,0
1998,8,27,NA,0,NA,0,NA,0,NA,0,NA,0,NA,NA,0
1998,8,28,NA,0,NA,0,NA,0,NA,0,NA,0,NA,NA,0
1998,8,29,NA,0,NA,0,NA,0,NA,0,NA,0,NA,NA,0
1998,8,30,NA,0,NA,0,NA,0,NA,0,NA,0,NA,NA,0
1998,8,31,NA,0,NA,0,NA,0,NA,0,NA,0,NA,NA,0
1998,9,1,NA,0,NA,0,NA,0,NA,0,NA,0,NA,NA,0
1998,9,2,NA,0,NA,0,NA,0,NA,0,NA,0,NA,NA,0
1998,9,3,NA,0,NA,0,NA,0,NA,0,NA,0,NA,NA,0
1998,9,4,NA,0,NA,0,NA,0,NA,0,NA,0,NA,NA,0
1998,9,5,NA,0,NA,0,NA,0,NA,0,NA,0,NA,NA,0
1998,9,6,NA,0,NA,0,NA,0,NA,0,NA,0,NA,NA,0
1998,9,7,NA,0,NA,0,NA,0,NA,0,NA,0,NA,NA,0
1998,9,8,NA,0,NA,0,NA,0,NA,0,NA,0,NA,NA,0
1998,9,9,NA,0,NA,0,NA,0,NA,0,NA,0,NA,NA,0
1998,9,10,NA,0,NA,0,NA,0,NA,0,NA,0,NA,NA,0
1998,9,11,NA,0,NA,0,NA,0,NA,0,NA,0,NA,NA,0
1998,9,12,NA,0,NA,0,NA,0,NA,0,NA,0,NA,NA,0
1998,9,13,NA,0,NA,0,NA,0,NA,0,NA,0,NA,NA,0
1998,9,14,NA,0,NA,0,NA,0,NA,0,NA,0,NA,NA,0
1998,9,15,NA,0,NA,0,NA,0,NA,0,NA,0,NA,NA,0
1998,9,16,NA,0,NA,0,NA,0,NA,0,NA,0,NA,NA,0
1998,9,17,NA,0,NA,0,NA,0,NA,0,NA,0,NA,NA,0
1998,9,18,NA,0,NA,0,NA,0,NA,0,NA,0,NA,NA,0
1998,9,19,NA,0,NA,0,NA,0,NA,0,NA,0,NA,NA,0
1998,9,20,NA,0,NA,0,NA,0,NA,0,NA,0,NA,NA,0
1998,9,21,NA,0,NA,0,NA,0,NA,0,NA,0,NA,NA,0
1998,9,22,NA,0,NA,0,NA,0,NA,0,NA,0,NA,NA,0
1998,9,23,NA,0,NA,0,NA,0,NA,0,NA,0,NA,NA,0
1998,9,24,NA,0,NA,0,NA,0,NA,0,NA,0,NA,NA,0
1998,9,25,NA,0,NA,0,NA,0,NA,0,NA,0,NA,NA,0
1998,9,26,NA,0,NA,0,NA,0,NA,0,NA,0,NA,NA,0
1998,9,27,NA,0,NA,0,NA,0,NA,0,NA,0,NA,NA,0
1998,9,28,NA,0,NA,0,NA,0,NA,0,NA,0,NA,NA,0
1998,9,29,NA,0,NA,0,NA,0,NA,0,NA,0,NA,NA,0
1998,9,30,NA,0,NA,0,NA,0,NA,0,NA,0,NA,NA,0
1998,10,1,NA,0,NA,0,NA,0,NA,0,NA,0,NA,NA,0
1998,10,2,NA,0,NA,0,NA,0,NA,0,NA,0,NA,NA,0
1998,10,3,NA,0,NA,0,NA,0,NA,0,NA,0,NA,NA,0
1998,10,4,NA,0,NA,0,NA,0,NA,0,NA,0,NA,NA,0
1998,10,5,NA,0,NA,0,NA,0,NA,0,NA,0,NA,NA,0
1998,10,6,NA,0,NA,0,NA,0,NA,0,NA,0,NA,NA,0
1998,10,7,NA,0,NA,0,NA,0,NA,0,NA,0,NA,NA,0
1998,10,8,NA,0,NA,0,NA,0,NA,0,NA,0,NA,NA,0
1998,10,9,NA,0,NA,0,NA,0,NA,0,NA,0,NA,NA,0
1998,10,10,NA,0,NA,0,NA,0,NA,0,NA,0,NA,NA,0
1998,10,11,NA,0.625,NA,0.625,NA,0.625,NA,0.625,NA,0,NA,NA,0.625
1998,10,12,-30.87,0.875,802.3,1,18.7,0.875,73.5,1,NA,0,18.43,71.84,0.875
1998,10,13,-26.86,0.875,809.4,1,18.37,0.75,142.88,1,NA,0,12.92,74.2,0.75
1998,10,14,-15.34,0.875,819.18,1,NA,0.25,105.38,1,NA,0,NA,NA,0.25
1998,10,15,-19.1,1,821.71,1,16.16,1,131.75,1,NA,0,11.18,83.53,1
1998,10,16,-24.8,0.75,819.96,1,7.2,0.875,95,1,NA,0,7.1,95.38,0.875
1998,10,17,-30.38,0.75,809.89,1,10,1,86.5,1,NA,0,9.9,86.37,1
1998,10,18,-32.18,1,806.85,1,9.01,1,58.5,1,NA,0,8.91,58.72,1
1998,10,19,-27.33,1,810.73,1,7.95,1,44.75,1,NA,0,7.79,43.7,1
1998,10,20,-29.26,1,806.22,1,5.58,1,58.75,1,NA,0,5.42,12.65,1
1998,10,21,-35.55,1,802,1,3.54,1,154,1,NA,0,3.19,33.25,1
1998,10,22,-42.53,0.875,807.37,1,6.59,1,87.88,1,NA,0,6.53,88.68,1
1998,10,23,-41.04,0.875,808.01,1,9.46,1,89.75,1,NA,0,9.41,89.15,1
1998,10,24,-38.23,0.875,808.49,1,6.25,1,88.5,1,NA,0,6.23,88.48,1
1998,10,25,-36.44,0.875,805.01,1,5.53,1,80,1,NA,0,5.44,80,1
1998,10,26,-35.08,0.75,801.95,1,6.03,1,86.5,1,NA,0,6.01,86.75,1
1998,10,27,-30.83,1,807,1,10.74,0.875,95.88,1,NA,0,10.72,97.6,0.875
1998,10,28,-30.63,1,808.59,1,4.66,1,92.88,1,NA,0,4.56,93.05,1
1998,10,29,-29.87,0.875,806.59,1,5.82,1,80.38,1,NA,0,5.73,81.16,1
1998,10,30,-32.8,0.75,804.56,1,6.64,1,87.5,1,NA,0,6.48,89.44,1
1998,10,31,NA,0.625,798.96,1,3.55,1,71,1,NA,0,3.11,71.06,1
1998,11,1,-36.28,1,795.24,1,9,0.75,96,1,NA,0,8.92,96.98,0.75
1998,11,2,-36.44,1,790.73,1,12.93,1,77.88,1,NA,0,12.68,78.57,1
1998,11,3,-28.9,1,800.4,1,10.14,1,76,1,NA,0,10.03,75.97,1
1998,11,4,-23.9,0.75,804.66,1,11.71,1,101.25,1,NA,0,11.51,99.98,1
1998,11,5,-22.47,1,795.93,1,14.47,1,92.88,1,NA,0,14.44,92.96,1
1998,11,6,-21.4,0.875,796.93,0.875,14.83,0.875,82.43,0.875,NA,0,14.37,84.2,0.875
1998,11,7,-16.95,1,793.05,1,11.75,0.75,75.25,1,NA,0,11.37,73.7,0.75
1998,11,8,-18.69,1,796.89,1,13.51,0.875,73.25,1,NA,0,11.7,73.41,0.875
1998,11,9,-22.28,1,798.68,1,14.55,0.75,68,1,NA,0,14.19,67.53,0.75
1998,11,10,-25.74,0.875,806.38,1,6.83,0.875,117.75,1,NA,0,6.03,123.65,0.875
1998,11,11,-20.84,1,801.97,1,3.7,0.875,179.25,1,NA,0,2.09,125.99,0.875
1998,11,12,-20.51,1,800.41,1,7.43,0.75,102.88,1,NA,0,6.49,74.38,0.75
1998,11,13,-19.24,0.875,799.94,1,13,1,71.12,1,NA,0,12.86,71.14,1
1998,11,14,-14.7,1,802.59,1,10.79,1,87.25,1,NA,0,10.54,87,1
1998,11,15,-14.19,1,805.53,1,8.14,0.875,94.62,1,NA,0,8,90.59,0.875
1998,11,16,-13.09,1,804.15,1,7,1,88,1,NA,0,6.93,87.63,1
1998,11,17,-23.4,0.75,804.43,1,11.87,0.75,98.12,1,NA,0,11.81,96.73,0.75
1998,11,18,-24.43,1,800.82,1,11,1,101.12,1,NA,0,10.96,101.48,1
1998,11,19,-24.41,1,804.16,1,10.19,1,105.88,1,NA,0,10.16,106.15,1
1998,11,20,-23.59,1,811.31,1,10.12,1,94.75,1,NA,0,9.96,94.43,1
1998,11,21,-20.63,0.875,811.19,0.875,8.43,0.875,87.29,0.875,NA,0,8.27,87.78,0.875
1998,11,22,-20.5,0.875,810.41,0.875,5.84,0.875,88.86,0.875,NA,0,5.73,87.97,0.875
1998,11,23,-21.33,0.875,814.34,1,5.41,0.875,93.88,1,NA,0,4.97,100.46,0.875
1998,11,24,-21.41,1,812.41,1,4.38,1,106.75,1,NA,0,4.25,107.41,1
1998,11,25,-20.23,0.75,809.27,1,4.42,1,92,1,NA,0,4.33,93.69,1
1998,11,26,-20.33,0.875,808.22,1,4.76,1,108.88,1,NA,0,4.65,107.74,1
1998,11,27,-19.16,0.875,805.09,0.875,3.3,0.875,223.86,0.875,NA,0,1.72,70.49,0.875
1998,11,28,-22.2,0.875,808.89,0.875,NA,0.625,201,0.875,NA,0,NA,NA,0.625
1998,11,29,-20.31,0.875,809.44,1,10.45,0.75,124.62,1,NA,0,10.27,124.47,0.75
1998,11,30,-17.03,1,807.29,1,11.13,0.75,114.62,1,NA,0,10.95,104.54,0.75
1998,12,1,-15.29,0.875,817.53,1,7.1,1,105.25,1,NA,0,7.04,106.31,1
1998,12,2,-14.36,1,813.66,1,5.54,1,97.75,1,NA,0,5.51,98.87,1
1998,12,3,-15.14,1,807.15,1,7.75,1,102.62,1,NA,0,7.67,103.07,1
1998,12,4,-13.33,1,809.96,1,5.88,1,90.12,1,NA,0,5.46,92.58,1
1998,12,5,-13.25,0.75,810.04,1,3.95,1,87.88,1,NA,0,3.88,88.64,1
1998,12,6,-14.56,0.875,807.66,1,3.3,1,116.25,1,NA,0,2.64,72.92,1
1998,12,7,NA,0.5,806.61,1,3.08,1,94,1,NA,0,2.34,55.17,1
1998,12,8,NA,0.5,806.09,1,1.84,1,91.88,1,NA,0,1.4,37.71,1
1998,12,9,-16.14,1,802.09,1,4.85,1,45.12,1,NA,0,4.44,43,1
1998,12,10,-14.89,1,801,1,8.06,0.875,73.38,1,NA,0,7.32,71.46,0.875
1998,12,11,-12.95,1,802.28,1,5.78,1,57.25,1,NA,0,5.48,59.41,1
1998,12,12,-12.51,1,806.45,1,4.97,1,50.62,1,NA,0,4.47,56.8,1
1998,12,13,-11.86,1,807.82,1,5.56,1,53.25,1,NA,0,4.97,47.26,1
1998,12,14,NA,0.375,813.84,1,1.71,0.875,122.86,0.875,NA,0,1.26,32.36,0.875
1998,12,15,NA,0.5,816.67,0.875,4.54,0.875,62.29,0.875,NA,0,4.23,62.28,0.875
1998,12,16,-11.93,0.875,815.07,0.875,7.11,0.875,58.86,0.875,NA,0,7.09,58.97,0.875
1998,12,17,-11.91,1,816.12,1,8.01,1,101.12,1,NA,0,7.73,102.13,1
1998,12,18,-11.5,0.875,817.53,0.875,5.96,0.875,94.71,0.875,NA,0,5.76,97.66,0.875
1998,12,19,-11.53,0.875,813.34,0.875,4.87,0.875,56,0.875,NA,0,4.66,58.73,0.875
1998,12,20,-11.82,0.75,813.23,0.875,3.24,0.875,174,0.875,NA,0,2.78,19.04,0.875
1998,12,21,NA,0.5,NA,0.625,NA,0.625,NA,0.625,NA,0,NA,NA,0.625
1998,12,22,-12.78,1,813.96,1,8.91,1,79.62,1,NA,0,8.64,78.85,1
1998,12,23,NA,0.625,NA,0.625,NA,0.625,NA,0.625,NA,0,NA,NA,0.625
1998,12,24,-11.67,0.75,820.1,0.75,5.57,0.75,51.5,0.75,NA,0,5.38,50.13,0.75
1998,12,25,-13.86,0.875,819.76,0.875,6.5,0.875,84.14,0.875,NA,0,6.14,83.05,0.875
1998,12,26,-13.95,0.75,820.83,0.75,5.35,0.75,79.83,0.75,NA,0,4.83,79.11,0.75
1998,12,27,-13.63,0.875,823.2,0.875,5.17,0.875,74.57,0.875,NA,0,5.08,73.75,0.875
1998,12,28,-15.78,0.75,823.95,0.75,6.5,0.75,100.67,0.75,NA,0,6.38,101.49,0.75
1998,12,29,-14.63,0.875,823.06,0.875,6.09,0.875,89.29,0.875,NA,0,5.9,87.43,0.875
1998,12,30,-15.98,0.75,823.77,0.75,8.85,0.75,78,0.75,NA,0,8.83,78.06,0.75
1998,12,31,-15.67,0.875,821.3,0.875,6.8,0.875,75.43,0.875,NA,0,6.62,75.24,0.875
1999,1,1,NA,0.5,NA,0.5,NA,0.5,NA,0.5,NA,0,NA,NA,0.5
1999,1,2,NA,0.5,NA,0.5,NA,0.5,NA,0.5,NA,0,NA,NA,0.5
1999,1,3,NA,0.625,NA,0.625,NA,0.625,NA,0.625,NA,0,NA,NA,0.625
1999,1,4,-8.92,0.75,818.42,0.75,5.93,0.75,109.17,0.75,NA,0,5.87,106.73,0.75
1999,1,5,-10.66,0.875,817.86,0.875,6.24,0.875,107.14,0.875,NA,0,6.2,107.58,0.875
1999,1,6,-13.18,1,816.56,1,9.45,1,114.5,1,NA,0,9.43,114.71,1
1999,1,7,-13.96,0.875,817.67,0.875,7.5,0.875,93.29,0.875,NA,0,7.31,96.77,0.875
1999,1,8,NA,0,813.74,1,0.8,0.875,161.43,0.875,NA,0,0.46,331.09,0.875
1999,1,9,NA,0.375,808.69,0.875,NA,0.625,64.83,0.75,NA,0,NA,NA,0.625
1999,1,10,-14.5,1,813.24,1,3.92,1,101.75,1,NA,0,2.93,49.71,1
1999,1,11,-14.23,0.75,813.88,1,3.64,1,116.25,1,NA,0,2.77,111.2,1
1999,1,12,-15.01,0.875,812.74,0.875,7.8,0.75,105,0.875,NA,0,7.6,108.48,0.75
1999,1,13,-14.99,0.875,808.94,0.875,8.54,0.875,101.14,0.875,NA,0,8.47,101.21,0.875
1999,1,14,-14.78,0.75,810.08,0.75,6.83,0.75,97.67,0.75,NA,0,6.76,97.13,0.75
1999,1,15,-12.2,0.875,817.81,0.875,8.99,0.875,90,0.875,NA,0,8.87,90.36,0.875
1999,1,16,-11.2,1,823.66,1,6.15,1,80.5,1,NA,0,6.03,79.42,1
1999,1,17,NA,0.375,824.09,1,2.46,1,110,1,NA,0,2.29,104.12,1
1999,1,18,-11.6,0.875,822.27,0.875,6.85,0.75,112.57,0.875,NA,0,6.5,109.79,0.75
1999,1,19,-11.53,0.875,824.04,0.875,5.3,0.875,107,0.875,NA,0,5.09,105.64,0.875
1999,1,20,-10.45,0.75,822.57,0.75,7.88,0.75,110.83,0.75,NA,0,7.78,111.69,0.75
1999,1,21,-12.25,0.75,820.08,0.75,7.05,0.75,92,0.75,NA,0,6.68,92.21,0.75
1999,1,22,-10.9,0.75,822.12,0.75,7.63,0.75,71.5,0.75,NA,0,7.48,70.8,0.75
1999,1,23,-10.21,1,823.21,1,7.21,1,63.75,1,NA,0,7.14,62.13,1
1999,1,24,-13.95,1,818.21,1,5.45,0.75,101.88,1,NA,0,5.38,105.69,0.75
1999,1,25,-15.19,1,814.95,1,10.07,1,104.62,1,NA,0,10,103.73,1
1999,1,26,-14.9,1,818.61,1,9.19,1,101.12,1,NA,0,9.1,100.54,1
1999,1,27,-12.91,1,818.69,1,6.22,1,72.25,1,NA,0,6,71.76,1
1999,1,28,-15.17,0.875,818.8,0.875,4.7,0.875,92.71,0.875,NA,0,4.62,92.57,0.875
1999,1,29,-17.99,0.875,816.9,1,4,1,94.75,1,NA,0,3.97,95.2,1
1999,1,30,-19.64,0.875,813.83,1,5.34,1,85.25,1,NA,0,4.9,87.19,1
1999,1,31,-17.52,0.75,814.1,1,3.85,1,85.5,1,NA,0,3.21,103.56,1
1999,2,1,-17.56,1,810.63,1,5.16,1,120.25,1,NA,0,5.05,122.8,1
1999,2,2,-19.07,1,808.07,1,9.36,1,104.88,1,NA,0,9.26,104,1
1999,2,3,-19.78,1,804.75,1,9.2,1,86.88,1,NA,0,8.58,88.5,1
1999,2,4,-18.73,1,807.96,1,7.25,1,67.12,1,NA,0,6.96,67.08,1
1999,2,5,NA,0.625,821.05,1,NA,0.625,97.88,1,NA,0,NA,NA,0.625
1999,2,6,-15.69,1,820.56,1,11.14,1,118.62,1,NA,0,11.06,118.66,1
1999,2,7,-13.4,1,817.32,1,10.12,0.75,105.75,1,NA,0,10.03,107.53,0.75
1999,2,8,-12.27,1,813.49,1,6.25,1,103.62,1,NA,0,6.19,104.02,1
1999,2,9,-13.7,0.75,814.58,0.75,7.43,0.75,112.33,0.75,NA,0,7.35,111.87,0.75
1999,2,10,-17.9,1,815.8,1,9.9,0.875,109.5,1,NA,0,9.87,108.45,0.875
1999,2,11,-20.95,1,817.46,1,10.26,1,109,1,NA,0,10.21,108.65,1
1999,2,12,-17.61,1,817.81,1,9.66,1,109.62,1,NA,0,9.44,109.57,1
1999,2,13,-18.36,1,818.39,1,8.69,1,106.25,1,NA,0,8.58,105.65,1
1999,2,14,-20.49,0.875,816.45,1,8.15,1,91.88,1,NA,0,7.86,92.4,1
1999,2,15,-20.79,1,815.69,1,8.84,1,76.62,1,NA,0,8.79,76.54,1
1999,2,16,-18.24,1,817.74,1,8.94,1,60.38,1,NA,0,8.46,55.3,1
1999,2,17,-19.97,1,821.18,1,7.1,1,67.88,1,NA,0,6.72,66.35,1
1999,2,18,-24.24,1,817.89,1,6.95,1,107.62,1,NA,0,6.92,106.88,1
1999,2,19,-24.06,1,816.72,1,6.35,1,69,1,NA,0,5.76,67.48,1
1999,2,20,-25.33,1,818.51,1,6.68,1,83.62,1,NA,0,6.2,85.06,1
1999,2,21,-24.93,0.875,816.9,1,5.79,1,58.5,1,NA,0,5.57,57.37,1
1999,2,22,-25.13,1,814.06,1,5.72,1,76.88,1,NA,0,5.64,76.45,1
1999,2,23,NA,0.5,818.34,1,2.95,1,83.88,1,NA,0,2.72,90.71,1
1999,2,24,NA,0.5,815.28,1,5.38,1,102.62,1,NA,0,5.33,101.01,1
1999,2,25,-25.3,1,811.88,1,7.35,1,99,1,NA,0,7.07,98.37,1
1999,2,26,-27.6,0.875,815.34,1,8.84,1,97.62,1,NA,0,8.75,97.57,1
1999,2,27,-26.43,0.75,815.63,1,8.75,1,76.88,1,NA,0,8.53,75.62,1
1999,2,28,-20.1,1,816.5,1,8.93,1,104.25,1,NA,0,8.35,63.73,1
1999,3,1,-26.51,1,817.74,1,7.03,1,34.38,1,NA,0,6.42,33.81,1
1999,3,2,-26.09,1,821.93,1,9.19,1,71.5,1,NA,0,8.99,72.93,1
1999,3,3,-21.43,0.875,820.74,1,10.19,1,88.12,1,NA,0,10.08,88.57,1
1999,3,4,-17.31,1,817.16,1,7.88,1,76.25,1,NA,0,7.81,76.59,1
1999,3,5,-22.38,1,810.1,1,8.61,1,96.25,1,NA,0,8.31,97.6,1
1999,3,6,-24.96,0.875,804.48,1,8.34,1,82.62,1,NA,0,8.3,82.69,1
1999,3,7,-20.85,1,804.85,1,8.04,1,68,1,NA,0,7.74,67,1
1999,3,8,-25.5,1,804.7,1,10.75,1,96.88,1,NA,0,10.63,96.62,1
1999,3,9,-29.3,0.875,803.36,1,10.84,1,97.25,1,NA,0,10.62,97.46,1
1999,3,10,-28.81,0.875,804.91,1,10.19,0.875,105.12,1,NA,0,10.1,107.3,0.875
1999,3,11,-22.49,1,801.86,1,14.22,1,144.25,1,NA,0,10.32,103.3,1
1999,3,12,-19.43,1,802.86,1,14.68,0.75,122.38,1,NA,0,11.94,75.57,0.75
1999,3,13,-22.95,1,803.78,1,15.34,0.875,155.75,1,NA,0,12.06,79.57,0.875
1999,3,14,-26.89,1,806.61,1,12.44,1,128.38,1,NA,0,10.74,86.99,1
1999,3,15,-28.46,1,808.46,1,9.94,1,98.25,1,NA,0,9.85,98.02,1
1999,3,16,-29.8,1,812.41,1,8.62,1,92.5,1,NA,0,8.49,91.95,1
1999,3,17,-28.7,1,813.96,1,7.47,1,90.25,1,NA,0,7.38,90,1
1999,3,18,-28.45,0.75,814.55,1,7.71,1,86,1,NA,0,7.46,87.46,1
1999,3,19,-28.65,1,814.15,1,8.7,1,93.62,1,NA,0,8.39,94.15,1
1999,3,20,-33.41,1,812.68,1,12.59,0.875,133.75,1,NA,0,10.09,89,0.875
1999,3,21,-36.22,1,815.4,1,9.29,1,102.25,1,NA,0,9.26,102.48,1
1999,3,22,-28.85,0.75,809.72,1,NA,0.375,104.75,1,NA,0,NA,NA,0.375
1999,3,23,-20.85,1,811.85,1,13.89,1,69.12,1,NA,0,13.78,68.64,1
1999,3,24,-18.24,1,807.71,1,10.95,1,67.12,1,NA,0,10.59,68.39,1
1999,3,25,-17.46,1,811.59,1,9.71,1,59.25,1,NA,0,9.63,59.23,1
1999,3,26,-23.51,1,812.23,1,NA,0.625,101.25,1,NA,0,NA,NA,0.625
1999,3,27,-22.82,0.75,816.24,1,10.29,1,89.25,1,NA,0,10.07,88.97,1
1999,3,28,-20.01,1,815.65,1,10.29,1,93.62,1,NA,0,10.17,94.06,1
1999,3,29,-18.53,1,816.32,1,11.51,0.875,92.5,1,NA,0,11.21,90.47,0.875
1999,3,30,-22.21,1,819.59,1,9.34,1,107.38,1,NA,0,8.97,106.55,1
1999,3,31,-24.41,1,816.19,1,8.54,1,82.88,1,NA,0,8.5,83.06,1
1999,4,1,-23.38,0.75,812.93,1,7.08,1,95.38,1,NA,0,6.73,95.23,1
1999,4,2,-33.66,1,803.44,1,11.71,1,114.62,1,NA,0,11.42,113.09,1
1999,4,3,-31.56,0.875,798.78,1,11.03,1,97.75,1,NA,0,10.65,100.03,1
1999,4,4,-26.06,1,805.03,1,6.47,1,72.5,1,NA,0,6.16,71.33,1
1999,4,5,-27.51,0.875,804.03,1,5.97,1,59.25,1,NA,0,4.85,60.05,1
1999,4,6,NA,0.625,801.38,1,7.93,0.75,126.62,1,NA,0,6.46,19.78,0.75
1999,4,7,NA,0.625,802.88,1,6.53,1,29.12,1,NA,0,6.19,28.87,1
1999,4,8,-33.42,0.75,808.44,1,5.34,1,73.75,1,NA,0,4.31,82.49,1
1999,4,9,-34.88,0.75,810.18,1,6.54,1,82.75,1,NA,0,6.49,82.79,1
1999,4,10,-40.69,1,808.26,1,5.9,1,88.75,1,NA,0,5.77,90.48,1
1999,4,11,-42.17,1,803.65,1,8.28,1,106,1,NA,0,8.04,105.96,1
1999,4,12,-40.41,1,803.02,1,8.84,1,111.5,1,NA,0,8.76,111.89,1
1999,4,13,-36.61,1,802.5,1,10.35,1,99.88,1,NA,0,10.28,100.13,1
1999,4,14,-34.7,1,803.3,1,12,1,83.5,1,NA,0,11.96,83.58,1
1999,4,15,-33.05,0.75,808.68,1,8.8,1,63.62,1,NA,0,8.75,63.48,1
1999,4,16,-35.92,0.75,812.56,1,5.59,1,96.25,1,NA,0,5,94.22,1
1999,4,17,-42.16,1,814.34,1,4.86,1,70.88,1,NA,0,4.72,68.56,1
1999,4,18,-40.73,1,802.95,1,9.81,1,89.12,1,NA,0,9.61,91.32,1
1999,4,19,-31.02,0.75,805.14,1,10.36,0.875,139.25,1,NA,0,9.83,68.44,0.875
1999,4,20,-41.69,1,824.15,1,5.99,1,95.5,1,NA,0,4.69,55.45,1
1999,4,21,-36.12,0.75,802.89,1,7.1,1,76,1,NA,0,6.98,77,1
1999,4,22,-25.39,0.875,793.39,0.875,9.07,0.875,65.43,0.875,NA,0,8.81,64.19,0.875
1999,4,23,-28.66,0.875,801.21,1,12.11,0.875,75,1,NA,0,11.77,75.46,0.875
1999,4,24,-26.9,1,799.63,1,9.59,1,79.5,1,NA,0,9.52,79.35,1
1999,4,25,-33.98,1,800.18,1,9.86,1,80.75,1,NA,0,9.79,80.62,1
1999,4,26,-31.65,1,804.26,1,8.78,1,83.75,1,NA,0,8.5,84.45,1
1999,4,27,-32.42,0.75,804.72,1,7.45,1,96.88,1,NA,0,7.34,97.11,1
1999,4,28,-26.96,0.875,790.33,1,NA,0.625,56.88,1,NA,0,NA,NA,0.625
1999,4,29,-29.79,1,797.34,1,9.61,0.875,74.12,1,NA,0,9.35,74.07,0.875
1999,4,30,-27.63,0.875,799.44,1,11.03,0.875,62.12,1,NA,0,10.86,58.51,0.875
1999,5,1,-23.31,1,804.26,1,9.53,1,85.88,1,NA,0,9.38,85.28,1
1999,5,2,-25.21,1,805.54,1,10.49,1,85.5,1,NA,0,10.4,85.06,1
1999,5,3,-28.38,1,807.18,1,9.93,1,81.5,1,NA,0,9.71,81.68,1
1999,5,4,-22.61,1,802.07,1,8.01,1,41,1,NA,0,7.74,41.31,1
1999,5,5,NA,0.625,800.18,1,4.1,1,60.12,1,NA,0,3.52,59.46,1
1999,5,6,-43.76,1,795.34,1,5.89,1,117.12,1,NA,0,5.85,117.55,1
1999,5,7,-33.75,0.75,788.65,1,9.61,0.875,98.62,1,NA,0,9.19,97.22,0.875
1999,5,8,-28.45,1,801.81,1,12.7,0.75,67.75,1,NA,0,12.32,63.9,0.75
1999,5,9,-26.1,0.875,806.55,1,9.21,1,83.75,1,NA,0,9.09,83.27,1
1999,5,10,-26.85,1,805.63,1,8.97,0.875,117.5,1,NA,0,8.84,114.17,0.875
1999,5,11,-33.21,1,802.72,1,12.49,1,138.12,1,NA,0,9.88,100.27,1
1999,5,12,-34.34,1,798.26,1,10.06,1,93.38,1,NA,0,9.93,94.61,1
1999,5,13,-37.63,1,797.15,1,11.03,1,96.38,1,NA,0,10.52,95.6,1
1999,5,14,-42.58,1,799.04,1,8.36,1,90,1,NA,0,8.23,88.99,1
1999,5,15,-36.86,0.875,796.23,1,6.4,0.875,56.75,1,NA,0,6.31,59.84,0.875
1999,5,16,-37.41,0.875,793.87,0.875,12.07,0.875,64.14,0.875,NA,0,11.95,62.81,0.875
1999,5,17,-40.07,0.75,801.85,1,8.62,0.75,37,1,NA,0,8.04,39.69,0.75
1999,5,18,NA,0.375,795.39,1,11.22,1,76.25,1,NA,0,10.5,26.82,1
1999,5,19,-22.61,0.875,798.11,1,12.54,0.875,79.25,1,NA,0,8.73,65.59,0.875
1999,5,20,-21.27,0.75,800.65,1,14.66,0.875,111.5,1,NA,0,9.79,69.82,0.875
1999,5,21,-29.6,1,808.71,1,14.34,0.875,259.75,1,NA,0,10.34,15.54,0.875
1999,5,22,-36.81,1,809.84,1,9.11,1,87.75,1,NA,0,9.06,87.92,1
1999,5,23,-35.41,1,803.94,1,8.4,1,85.62,1,NA,0,8.24,85.59,1
1999,5,24,-36.86,1,801.23,1,10.41,1,109.12,1,NA,0,10.35,108.58,1
1999,5,25,-32.86,1,804.78,1,13.88,1,160.12,1,NA,0,8.27,65.18,1
1999,5,26,-30.47,0.75,809.15,0.75,19.43,0.75,137.83,0.75,NA,0,15.71,80.27,0.75
1999,5,27,-28.68,1,811.26,1,12.02,0.75,115.75,1,NA,0,4.3,109.29,0.75
1999,5,28,-32.77,0.75,809.39,1,13.64,1,168.88,1,NA,0,6.19,71.92,1
1999,5,29,-20.6,0.875,806.05,1,NA,0.25,192.62,1,NA,0,NA,NA,0.25
1999,5,30,NA,0.125,NA,0.125,NA,0,NA,0.125,NA,0,NA,NA,0
1999,5,31,NA,0,NA,0,NA,0,NA,0,NA,0,NA,NA,0
1999,6,1,NA,0,NA,0,NA,0,NA,0,NA,0,NA,NA,0
1999,6,2,NA,0,NA,0,NA,0,NA,0,NA,0,NA,NA,0
1999,6,3,NA,0,NA,0,NA,0,NA,0,NA,0,NA,NA,0
1999,6,4,NA,0,NA,0,NA,0,NA,0,NA,0,NA,NA,0
1999,6,5,NA,0,NA,0,NA,0,NA,0,NA,0,NA,NA,0
1999,6,6,NA,0,NA,0,NA,0,NA,0,NA,0,NA,NA,0
1999,6,7,NA,0,NA,0,NA,0,NA,0,NA,0,NA,NA,0
1999,6,8,NA,0,NA,0,NA,0,NA,0,NA,0,NA,NA,0
1999,6,9,NA,0,NA,0,NA,0,NA,0,NA,0,NA,NA,0
1999,6,10,NA,0,NA,0,NA,0,NA,0,NA,0,NA,NA,0
1999,6,11,NA,0,NA,0,NA,0,NA,0,NA,0,NA,NA,0
1999,6,12,NA,0,NA,0,NA,0,NA,0,NA,0,NA,NA,0
1999,6,13,NA,0,NA,0,NA,0,NA,0,NA,0,NA,NA,0
1999,6,14,NA,0,NA,0,NA,0,NA,0,NA,0,NA,NA,0
1999,6,15,NA,0,NA,0,NA,0,NA,0,NA,0,NA,NA,0
1999,6,16,NA,0,NA,0,NA,0,NA,0,NA,0,NA,NA,0
1999,6,17,NA,0,NA,0,NA,0,NA,0,NA,0,NA,NA,0
1999,6,18,NA,0,NA,0,NA,0,NA,0,NA,0,NA,NA,0
1999,6,19,NA,0,NA,0,NA,0,NA,0,NA,0,NA,NA,0
1999,6,20,NA,0,NA,0,NA,0,NA,0,NA,0,NA,NA,0
1999,6,21,NA,0,NA,0,NA,0,NA,0,NA,0,NA,NA,0
1999,6,22,NA,0,NA,0,NA,0,NA,0,NA,0,NA,NA,0
1999,6,23,NA,0,NA,0,NA,0,NA,0,NA,0,NA,NA,0
1999,6,24,NA,0,NA,0,NA,0,NA,0,NA,0,NA,NA,0
1999,6,25,NA,0,NA,0,NA,0,NA,0,NA,0,NA,NA,0
1999,6,26,NA,0,NA,0,NA,0,NA,0,NA,0,NA,NA,0
1999,6,27,NA,0,NA,0,NA,0,NA,0,NA,0,NA,NA,0
1999,6,28,NA,0,NA,0,NA,0,NA,0,NA,0,NA,NA,0
1999,6,29,NA,0,NA,0,NA,0,NA,0,NA,0,NA,NA,0
1999,6,30,NA,0,NA,0,NA,0,NA,0,NA,0,NA,NA,0
1999,7,1,NA,0,NA,0,NA,0,NA,0,NA,0,NA,NA,0
1999,7,2,NA,0,NA,0,NA,0,NA,0,NA,0,NA,NA,0
1999,7,3,NA,0,NA,0,NA,0,NA,0,NA,0,NA,NA,0
1999,7,4,NA,0,NA,0,NA,0,NA,0,NA,0,NA,NA,0
1999,7,5,NA,0,NA,0,NA,0,NA,0,NA,0,NA,NA,0
1999,7,6,NA,0,NA,0,NA,0,NA,0,NA,0,NA,NA,0
1999,7,7,NA,0,NA,0,NA,0,NA,0,NA,0,NA,NA,0
1999,7,8,NA,0,NA,0,NA,0,NA,0,NA,0,NA,NA,0
1999,7,9,NA,0,NA,0,NA,0,NA,0,NA,0,NA,NA,0
1999,7,10,NA,0,NA,0,NA,0,NA,0,NA,0,NA,NA,0
1999,7,11,NA,0,NA,0,NA,0,NA,0,NA,0,NA,NA,0
1999,7,12,NA,0,NA,0,NA,0,NA,0,NA,0,NA,NA,0
1999,7,13,NA,0,NA,0,NA,0,NA,0,NA,0,NA,NA,0
1999,7,14,NA,0,NA,0,NA,0,NA,0,NA,0,NA,NA,0
1999,7,15,NA,0,NA,0,NA,0,NA,0,NA,0,NA,NA,0
1999,7,16,NA,0,NA,0,NA,0,NA,0,NA,0,NA,NA,0
1999,7,17,NA,0,NA,0,NA,0,NA,0,NA,0,NA,NA,0
1999,7,18,NA,0,NA,0,NA,0,NA,0,NA,0,NA,NA,0
1999,7,19,NA,0,NA,0,NA,0,NA,0,NA,0,NA,NA,0
1999,7,20,NA,0,NA,0,NA,0,NA,0,NA,0,NA,NA,0
1999,7,21,NA,0,NA,0,NA,0,NA,0,NA,0,NA,NA,0
1999,7,22,NA,0,NA,0,NA,0,NA,0,NA,0,NA,NA,0
1999,7,23,NA,0,NA,0,NA,0,NA,0,NA,0,NA,NA,0
1999,7,24,NA,0,NA,0,NA,0,NA,0,NA,0,NA,NA,0
1999,7,25,NA,0,NA,0,NA,0,NA,0,NA,0,NA,NA,0
1999,7,26,NA,0,NA,0,NA,0,NA,0,NA,0,NA,NA,0
1999,7,27,NA,0,NA,0,NA,0,NA,0,NA,0,NA,NA,0
1999,7,28,NA,0,NA,0,NA,0,NA,0,NA,0,NA,NA,0
1999,7,29,NA,0,NA,0,NA,0,NA,0,NA,0,NA,NA,0
1999,7,30,NA,0,NA,0,NA,0,NA,0,NA,0,NA,NA,0
1999,7,31,NA,0,NA,0,NA,0,NA,0,NA,0,NA,NA,0
1999,8,1,NA,0,NA,0,NA,0,NA,0,NA,0,NA,NA,0
1999,8,2,NA,0,NA,0,NA,0,NA,0,NA,0,NA,NA,0
1999,8,3,NA,0,NA,0,NA,0,NA,0,NA,0,NA,NA,0
1999,8,4,NA,0,NA,0,NA,0,NA,0,NA,0,NA,NA,0
1999,8,5,NA,0,NA,0,NA,0,NA,0,NA,0,NA,NA,0
1999,8,6,NA,0,NA,0,NA,0,NA,0,NA,0,NA,NA,0
1999,8,7,NA,0,NA,0,NA,0,NA,0,NA,0,NA,NA,0
1999,8,8,NA,0,NA,0,NA,0,NA,0,NA,0,NA,NA,0
1999,8,9,NA,0,NA,0,NA,0,NA,0,NA,0,NA,NA,0
1999,8,10,NA,0,NA,0,NA,0,NA,0,NA,0,NA,NA,0
1999,8,11,NA,0,NA,0,NA,0,NA,0,NA,0,NA,NA,0
1999,8,12,NA,0,NA,0,NA,0,NA,0,NA,0,NA,NA,0
1999,8,13,NA,0,NA,0,NA,0,NA,0,NA,0,NA,NA,0
1999,8,14,NA,0,NA,0,NA,0,NA,0,NA,0,NA,NA,0
1999,8,15,NA,0,NA,0,NA,0,NA,0,NA,0,NA,NA,0
1999,8,16,NA,0,NA,0,NA,0,NA,0,NA,0,NA,NA,0
1999,8,17,NA,0,NA,0,NA,0,NA,0,NA,0,NA,NA,0
1999,8,18,NA,0,NA,0,NA,0,NA,0,NA,0,NA,NA,0
1999,8,19,NA,0,NA,0,NA,0,NA,0,NA,0,NA,NA,0
1999,8,20,NA,0,NA,0,NA,0,NA,0,NA,0,NA,NA,0
1999,8,21,NA,0,NA,0,NA,0,NA,0,NA,0,NA,NA,0
1999,8,22,NA,0,NA,0,NA,0,NA,0,NA,0,NA,NA,0
1999,8,23,NA,0,NA,0,NA,0,NA,0,NA,0,NA,NA,0
1999,8,24,NA,0,NA,0,NA,0,NA,0,NA,0,NA,NA,0
1999,8,25,NA,0,NA,0,NA,0,NA,0,NA,0,NA,NA,0
1999,8,26,NA,0,NA,0,NA,0,NA,0,NA,0,NA,NA,0
1999,8,27,NA,0,NA,0,NA,0,NA,0,NA,0,NA,NA,0
1999,8,28,NA,0,NA,0,NA,0,NA,0,NA,0,NA,NA,0
1999,8,29,NA,0,NA,0,NA,0,NA,0,NA,0,NA,NA,0
1999,8,30,NA,0,NA,0,NA,0,NA,0,NA,0,NA,NA,0
1999,8,31,NA,0,NA,0,NA,0,NA,0,NA,0,NA,NA,0
1999,9,1,NA,0,NA,0,NA,0,NA,0,NA,0,NA,NA,0
1999,9,2,NA,0,NA,0,NA,0,NA,0,NA,0,NA,NA,0
1999,9,3,NA,0,NA,0,NA,0,NA,0,NA,0,NA,NA,0
1999,9,4,NA,0,NA,0,NA,0,NA,0,NA,0,NA,NA,0
1999,9,5,NA,0,NA,0,NA,0,NA,0,NA,0,NA,NA,0
1999,9,6,NA,0,NA,0,NA,0,NA,0,NA,0,NA,NA,0
1999,9,7,NA,0,NA,0,NA,0,NA,0,NA,0,NA,NA,0
1999,9,8,NA,0,NA,0,NA,0,NA,0,NA,0,NA,NA,0
1999,9,9,NA,0,NA,0,NA,0,NA,0,NA,0,NA,NA,0
1999,9,10,NA,0,NA,0,NA,0,NA,0,NA,0,NA,NA,0
1999,9,11,NA,0,NA,0,NA,0,NA,0,NA,0,NA,NA,0
1999,9,12,NA,0,NA,0,NA,0,NA,0,NA,0,NA,NA,0
1999,9,13,NA,0,NA,0,NA,0,NA,0,NA,0,NA,NA,0
1999,9,14,NA,0,NA,0,NA,0,NA,0,NA,0,NA,NA,0
1999,9,15,NA,0,NA,0,NA,0,NA,0,NA,0,NA,NA,0
1999,9,16,NA,0,NA,0,NA,0,NA,0,NA,0,NA,NA,0
1999,9,17,NA,0,NA,0,NA,0,NA,0,NA,0,NA,NA,0
1999,9,18,NA,0,NA,0,NA,0,NA,0,NA,0,NA,NA,0
1999,9,19,NA,0,NA,0,NA,0,NA,0,NA,0,NA,NA,0
1999,9,20,NA,0,NA,0,NA,0,NA,0,NA,0,NA,NA,0
1999,9,21,NA,0,NA,0,NA,0,NA,0,NA,0,NA,NA,0
1999,9,22,NA,0,NA,0,NA,0,NA,0,NA,0,NA,NA,0
1999,9,23,NA,0,NA,0,NA,0,NA,0,NA,0,NA,NA,0
1999,9,24,NA,0,NA,0,NA,0,NA,0,NA,0,NA,NA,0
1999,9,25,NA,0,NA,0,NA,0,NA,0,NA,0,NA,NA,0
1999,9,26,NA,0,NA,0,NA,0,NA,0,NA,0,NA,NA,0
1999,9,27,NA,0,NA,0,NA,0,NA,0,NA,0,NA,NA,0
1999,9,28,NA,0,NA,0,NA,0,NA,0,NA,0,NA,NA,0
1999,9,29,NA,0,NA,0,NA,0,NA,0,NA,0,NA,NA,0
1999,9,30,NA,0,NA,0,NA,0,NA,0,NA,0,NA,NA,0
1999,10,1,NA,0,NA,0,NA,0,NA,0,NA,0,NA,NA,0
1999,10,2,NA,0,NA,0,NA,0,NA,0,NA,0,NA,NA,0
1999,10,3,NA,0,NA,0,NA,0,NA,0,NA,0,NA,NA,0
1999,10,4,NA,0,NA,0,NA,0,NA,0,NA,0,NA,NA,0
1999,10,5,NA,0,NA,0,NA,0,NA,0,NA,0,NA,NA,0
1999,10,6,NA,0,NA,0,NA,0,NA,0,NA,0,NA,NA,0
1999,10,7,NA,0,NA,0,NA,0,NA,0,NA,0,NA,NA,0
1999,10,8,NA,0,NA,0,NA,0,NA,0,NA,0,NA,NA,0
1999,10,9,NA,0,NA,0,NA,0,NA,0,NA,0,NA,NA,0
1999,10,10,NA,0,NA,0,NA,0,NA,0,NA,0,NA,NA,0
1999,10,11,NA,0,NA,0,NA,0,NA,0,NA,0,NA,NA,0
1999,10,12,NA,0,NA,0,NA,0,NA,0,NA,0,NA,NA,0
1999,10,13,NA,0,NA,0,NA,0,NA,0,NA,0,NA,NA,0
1999,10,14,NA,0,NA,0,NA,0,NA,0,NA,0,NA,NA,0
1999,10,15,NA,0,NA,0,NA,0,NA,0,NA,0,NA,NA,0
1999,10,16,NA,0.125,NA,0.125,NA,0.125,NA,0.125,NA,0,NA,NA,0.125
1999,10,17,-22.49,1,805.84,1,10.47,0.875,143.38,1,NA,0,7.91,50.87,0.875
1999,10,18,-24.01,1,801.79,1,9,1,88.25,1,NA,0,8.64,89.31,1
1999,10,19,NA,0.625,793.78,1,8.36,1,89.12,1,NA,0,7.75,89.54,1
1999,10,20,-22.47,0.875,796.13,1,NA,0.5,181.12,1,NA,0,NA,NA,0.5
1999,10,21,-29.93,1,797.71,1,10.99,0.875,154,1,NA,0,8.13,61.06,0.875
1999,10,22,-24.13,1,800.96,1,NA,0.625,76.88,1,NA,0,NA,NA,0.625
1999,10,23,-28.16,1,802.47,1,6.84,1,80,1,NA,0,6.74,80.68,1
1999,10,24,-26.7,1,796.03,1,NA,0.625,66.5,1,NA,0,NA,NA,0.625
1999,10,25,-22.76,1,794.78,1,13.83,0.875,68.12,1,NA,0,13.74,67.43,0.875
1999,10,26,-21.44,1,799.72,1,11.65,1,87.75,1,NA,0,10.99,85.19,1
1999,10,27,-19.13,1,798.38,1,10.46,1,96.12,1,NA,0,10.2,96.86,1
1999,10,28,-20.56,0.875,803.4,1,8.13,0.875,96.75,1,NA,0,7.54,97.68,0.875
1999,10,29,-20.91,1,794.71,1,11.16,1,110.75,1,NA,0,9.82,110.73,1
1999,10,30,-18.76,1,790.74,1,12.25,1,73.62,1,NA,0,12.22,73.95,1
1999,10,31,-20.5,1,800.58,1,9.45,1,71.5,1,NA,0,9.29,72.92,1
1999,11,1,-22.33,1,800.06,1,5.97,1,91.12,1,NA,0,5.46,48.28,1
1999,11,2,-18.94,1,794.21,1,11.74,1,75.88,1,NA,0,11.22,73.25,1
1999,11,3,-15.27,0.875,796.67,0.875,NA,0.625,73.57,0.875,NA,0,NA,NA,0.625
1999,11,4,-17.38,1,806.06,1,13.77,0.875,91.75,1,NA,0,11.41,91.39,0.875
1999,11,5,-14.65,1,810.63,1,13.06,1,101.5,1,NA,0,13,101.15,1
1999,11,6,-15.08,1,816.04,1,10.12,1,121.38,1,NA,0,9.95,119.51,1
1999,11,7,-21.8,1,817.01,1,13.41,1,139.5,1,NA,0,11.35,100.65,1
1999,11,8,-19.9,1,811.76,1,NA,0.625,161.62,1,NA,0,NA,NA,0.625
1999,11,9,-18.73,1,816.54,1,NA,0.625,225.5,1,NA,0,NA,NA,0.625
1999,11,10,-19.69,1,814.15,1,13.3,0.875,102.38,1,NA,0,11.19,106.12,0.875
1999,11,11,-16.58,1,812.19,1,NA,0.625,134.25,1,NA,0,NA,NA,0.625
1999,11,12,-18.19,0.875,813.81,0.875,10.33,0.875,134,0.875,NA,0,10.21,133.72,0.875
1999,11,13,-18.66,1,808.46,1,9.97,1,112.5,1,NA,0,9.88,112.87,1
1999,11,14,-20.21,1,803.61,1,9.44,1,109.88,1,NA,0,9.28,109.14,1
1999,11,15,-19,1,802.01,1,7.55,1,74.75,1,NA,0,7.39,76.16,1
1999,11,16,-21.94,1,805.88,1,8.11,1,104.75,1,NA,0,8.06,104.05,1
1999,11,17,NA,0.625,805,1,9.18,1,108,1,NA,0,9.09,108.25,1
1999,11,18,-19.08,1,803.86,1,9.7,0.875,105.5,1,NA,0,9.65,105.77,0.875
1999,11,19,-19.29,1,807.6,1,11.9,1,101.75,1,NA,0,11.84,101.83,1
1999,11,20,-17.56,1,808.91,1,11.6,1,99.62,1,NA,0,11.48,100.6,1
1999,11,21,-17.06,0.875,808.19,0.875,8.24,0.875,109.86,0.875,NA,0,8.06,108.81,0.875
1999,11,22,-15.58,1,809.63,1,7.64,1,105.12,1,NA,0,7.48,105.55,1
1999,11,23,-17.59,1,811.91,1,5.76,1,117,1,NA,0,5.64,117.66,1
1999,11,24,-19.04,1,809.26,1,5.91,1,117.12,1,NA,0,5.83,117.83,1
1999,11,25,-18.96,1,809.05,1,8.04,1,113,1,NA,0,7.89,112.81,1
1999,11,26,-17.75,1,806.88,1,8.43,1,106.75,1,NA,0,8.4,106.97,1
1999,11,27,-18.18,1,805.86,1,10.55,1,98.12,1,NA,0,10.46,97.66,1
1999,11,28,-18.37,0.875,807.73,0.875,8.44,0.875,95.86,0.875,NA,0,8.33,95.76,0.875
1999,11,29,-15.26,0.875,807.94,0.875,8.06,0.875,81.71,0.875,NA,0,7.99,81.94,0.875
1999,11,30,-17.79,1,804.36,1,9.4,1,72.88,1,NA,0,9.27,71.61,1
1999,12,1,-16.34,1,803.95,1,9.56,1,70,1,NA,0,9.39,70.57,1
1999,12,2,NA,0.5,NA,0.5,NA,0.5,NA,0.5,NA,0,NA,NA,0.5
1999,12,3,-9.06,0.875,799.67,0.875,7.68,0.75,60.71,0.875,NA,0,7.44,61.82,0.75
1999,12,4,-7.89,0.875,799.21,0.875,9.95,0.75,64.71,0.875,NA,0,9.28,65.3,0.75
1999,12,5,NA,0.375,NA,0.625,NA,0.625,NA,0.625,NA,0,NA,NA,0.625
1999,12,6,NA,0.5,800.54,0.875,2.31,0.875,221.71,0.875,NA,0,0.45,200.65,0.875
1999,12,7,-13.7,1,800.36,1,5.53,1,105.62,1,NA,0,5.34,110.62,1
1999,12,8,-16.75,1,798.1,1,6.84,1,110.62,1,NA,0,6.71,110.53,1
1999,12,9,-16.25,1,799.56,1,7.03,1,100.5,1,NA,0,6.95,101.06,1
1999,12,10,-17.35,1,803.05,1,6.76,1,74.25,1,NA,0,6.12,79.95,1
1999,12,11,NA,0.5,803.19,0.875,2.57,0.875,91.29,0.875,NA,0,1.89,106.96,0.875
1999,12,12,-19.3,1,803.64,1,5.25,1,143.25,1,NA,0,4.9,135.52,1
1999,12,13,-17.46,1,805.11,1,4.28,1,144.12,1,NA,0,4.12,140.05,1
1999,12,14,NA,0.625,807.1,0.75,4.8,0.75,143.33,0.75,NA,0,4.71,140.79,0.75
1999,12,15,NA,0.625,805.48,0.75,NA,0.625,197.17,0.75,NA,0,NA,NA,0.625
1999,12,16,-12.23,0.875,810.81,0.875,7.99,0.875,135.29,0.875,NA,0,7.76,138.82,0.875
1999,12,17,-12.55,0.75,816.2,0.75,4.87,0.75,114.5,0.75,NA,0,4.67,117.9,0.75
1999,12,18,NA,0.5,817.55,0.75,2.42,0.75,54.83,0.75,NA,0,2.08,54.39,0.75
1999,12,19,NA,0.625,813.32,0.75,5.03,0.75,91.33,0.75,NA,0,4.81,96.01,0.75
1999,12,20,-15.17,0.75,812.73,0.875,3.9,0.875,268.57,0.875,NA,0,3.22,311.05,0.875
1999,12,21,NA,0.125,NA,0.625,NA,0.625,NA,0.625,NA,0,NA,NA,0.625
1999,12,22,-17.66,1,807.71,1,7.19,0.875,114.5,1,NA,0,7.07,113.33,0.875
1999,12,23,-16.31,1,809.46,1,8.94,1,97.25,1,NA,0,8.86,97.25,1
1999,12,24,-14.64,1,810.28,1,7.68,1,87.25,1,NA,0,7.58,87.47,1
1999,12,25,NA,0.625,NA,0.625,NA,0.625,NA,0.625,NA,0,NA,NA,0.625
1999,12,26,-15.97,0.75,813.87,0.75,5.2,0.75,120.5,0.75,NA,0,5.09,119.6,0.75
1999,12,27,-14.49,0.875,808.94,0.875,NA,0.5,108.14,0.875,NA,0,NA,NA,0.5
1999,12,28,-14.5,1,810.33,1,10.95,0.75,97.62,1,NA,0,10.93,98.13,0.75
1999,12,29,NA,0.625,809.1,0.75,NA,0.625,77.5,0.75,NA,0,NA,NA,0.625
1999,12,30,NA,0.5,806.89,0.875,NA,0.375,73.71,0.875,NA,0,NA,NA,0.375
1999,12,31,-15.29,0.875,808.65,1,NA,0.625,98.25,1,NA,0,NA,NA,0.625
2000,1,1,-15.39,1,810.66,1,8.34,1,84.5,1,NA,0,8.25,85.98,1
2000,1,2,-14.3,0.875,805.9,0.875,10.69,0.875,87.86,0.875,NA,0,10.51,87.74,0.875
2000,1,3,-15,0.875,804.4,0.875,10,0.875,75.43,0.875,NA,0,9.91,75.88,0.875
2000,1,4,NA,0.375,NA,0.625,NA,0.625,NA,0.625,NA,0,NA,NA,0.625
2000,1,5,NA,0.625,804.74,1,3.25,1,136.12,1,NA,0,2.57,128.33,1
2000,1,6,-15.8,0.875,807.23,0.875,4.24,0.875,92.71,0.875,NA,0,4.01,93.72,0.875
2000,1,7,NA,0.25,815.49,0.875,1.43,0.75,195.5,0.75,NA,0,0.92,11.7,0.75
2000,1,8,NA,0.625,818,0.875,3.03,0.875,269.71,0.875,NA,0,2.14,296.96,0.875
2000,1,9,-16.53,1,815.81,1,5.1,1,77.88,1,NA,0,4.94,81.02,1
2000,1,10,-17.74,1,815.01,1,6.94,1,100.25,1,NA,0,6.79,101.34,1
2000,1,11,-17.83,1,810.5,1,5.29,1,51.5,1,NA,0,4.91,52.63,1
2000,1,12,-17.7,1,805.45,1,4.82,1,38.25,1,NA,0,4.2,40.79,1
2000,1,13,-16,1,806.05,1,6.01,1,108,1,NA,0,5.83,107.4,1
2000,1,14,-16.94,1,805.9,1,8.61,1,107.62,1,NA,0,8.45,106.36,1
2000,1,15,-14.66,0.875,804.19,1,4.81,1,134.25,1,NA,0,4.3,104.95,1
2000,1,16,NA,0.125,807.6,0.875,1.77,0.875,127.14,0.875,NA,0,0.59,81.77,0.875
2000,1,17,NA,0.5,808.21,1,2.92,1,113.25,1,NA,0,2.63,79.48,1
2000,1,18,-18.57,0.875,810.31,0.875,6.4,0.75,118,0.875,NA,0,6.26,113.08,0.75
2000,1,19,-18.14,1,809.54,1,9.57,1,97.88,1,NA,0,9.55,97.56,1
2000,1,20,-18.41,1,812.56,1,10.49,1,101,1,NA,0,10.36,100.63,1
2000,1,21,-19.3,1,810.47,1,8.41,1,99,1,NA,0,8.32,98.13,1
2000,1,22,-19.28,1,808.7,1,8.34,1,99.12,1,NA,0,8.27,98.33,1
2000,1,23,-19.35,1,811.68,1,5.19,1,94.75,1,NA,0,4.95,92.18,1
2000,1,24,-16.84,1,814.78,1,5.44,1,84.12,1,NA,0,5.29,83.49,1
2000,1,25,-15.81,1,810.97,1,6.19,0.875,84.75,1,NA,0,5.9,84.74,0.875
2000,1,26,-15.36,1,811.65,1,7.44,0.875,100.25,1,NA,0,7.11,94.9,0.875
2000,1,27,-14.57,0.75,813.73,0.75,6,0.75,77.83,0.75,NA,0,5.75,79.12,0.75
2000,1,28,-14.58,1,815.71,1,7.09,1,75.62,1,NA,0,7,75.27,1
2000,1,29,-16.5,0.75,814.83,0.75,5.07,0.75,105.83,0.75,NA,0,5.01,105.88,0.75
2000,1,30,-15.67,1,816.7,1,5.53,1,121.5,1,NA,0,5.14,122.99,1
2000,1,31,-17.61,1,821.22,1,7.97,1,111.12,1,NA,0,7.35,111.19,1
2000,2,1,-19.75,1,824.21,1,7.04,1,97.12,1,NA,0,6.96,97.72,1
2000,2,2,NA,0.625,822.95,1,3.6,1,92.62,1,NA,0,3.44,90.49,1
2000,2,3,-15.13,1,821.79,1,9.57,0.875,89.25,1,NA,0,9.43,89.03,0.875
2000,2,4,-13.9,1,820.65,1,13.82,1,68,1,NA,0,13.58,68.41,1
2000,2,5,-14.22,1,818.62,1,9.51,1,96.62,1,NA,0,9.35,96.58,1
2000,2,6,-14.65,1,817.36,1,6.04,1,98.75,1,NA,0,5.63,97.64,1
2000,2,7,-14.3,1,813.65,1,4.86,1,94.5,1,NA,0,4.68,97.36,1
2000,2,8,-18.3,1,810.85,1,5.32,1,69,1,NA,0,5.1,65.39,1
2000,2,9,-17.57,1,815.49,1,5.69,1,85.25,1,NA,0,5.18,49.29,1
2000,2,10,-17.1,0.875,820.82,1,3.74,1,219.12,1,NA,0,3.18,357.24,1
2000,2,11,NA,0.625,822.36,1,2.51,1,228.88,1,NA,0,1.45,13.88,1
2000,2,12,-18.21,1,815.56,1,6.51,1,71.5,1,NA,0,6.45,71.48,1
2000,2,13,-19.01,1,812.16,1,5.91,1,61,1,NA,0,5.79,61.53,1
2000,2,14,-19.79,1,813.44,1,6.39,1,75.75,1,NA,0,6.16,78.99,1
2000,2,15,-19.06,1,816.06,1,8.14,1,80.5,1,NA,0,7.92,80.79,1
2000,2,16,-18.03,1,816.43,1,8.04,1,90.38,1,NA,0,7.93,90.34,1
2000,2,17,-19.38,1,813.08,1,7.49,1,111.38,1,NA,0,7.35,111.61,1
2000,2,18,-21.07,0.75,806.3,1,9.7,1,101.75,1,NA,0,9.66,102.1,1
2000,2,19,-18.05,1,807.4,1,7.53,1,97.5,1,NA,0,7.35,97.9,1
2000,2,20,-18.59,1,808.26,1,7.8,1,112.75,1,NA,0,7.72,112.7,1
2000,2,21,-18.56,1,808.62,1,6.91,1,73.25,1,NA,0,6.68,72.83,1
2000,2,22,-20.72,0.75,810.54,1,5.81,1,89.62,1,NA,0,5.43,94.03,1
2000,2,23,-21.37,1,812.1,1,7.94,1,97.25,1,NA,0,7.74,95.22,1
2000,2,24,-18.58,1,811.95,1,13.24,0.875,75.62,1,NA,0,12.74,73.36,0.875
2000,2,25,-17.06,1,808.01,1,11.31,0.875,81,1,NA,0,10.84,73.86,0.875
2000,2,26,-13.28,1,795.21,1,NA,0.625,81.62,1,NA,0,NA,NA,0.625
2000,2,27,-17.78,1,807.21,1,NA,0.125,NA,0.25,NA,0,NA,NA,0.125
2000,2,28,-19.69,0.875,814.37,1,4.84,1,80.88,1,NA,0,4.36,81.21,1
2000,2,29,-20.36,1,806.09,1,6.65,1,71.25,1,NA,0,6.47,71.18,1
2000,3,1,-23.72,1,806.06,1,8.29,1,108.62,1,NA,0,7.92,108.61,1
2000,3,2,-22.54,1,808.28,1,8.35,1,109.75,1,NA,0,8.21,107.98,1
2000,3,3,-24.13,0.875,810.45,1,6.36,1,102,1,NA,0,6.12,103.44,1
2000,3,4,-30.48,0.75,809.65,1,6.5,1,101.88,1,NA,0,6.37,102.61,1
2000,3,5,-34.26,1,815.68,1,5.94,1,83,1,NA,0,5.68,82.71,1
2000,3,6,-27.9,0.75,817.83,1,7.74,1,81.62,1,NA,0,7.55,81.58,1
2000,3,7,-22.18,1,814.44,1,8.86,1,66.88,1,NA,0,8.63,66.88,1
2000,3,8,-22.25,1,815.46,1,9.82,1,82.38,1,NA,0,9.46,82.58,1
2000,3,9,-21.61,1,815.48,1,5.65,1,80.12,1,NA,0,5.45,83.31,1
2000,3,10,-28.63,0.75,815.58,1,2.54,1,127,1,NA,0,2.32,128.63,1
2000,3,11,NA,0.5,809.47,1,6.6,1,122.75,1,NA,0,6.21,119.69,1
2000,3,12,-25.14,1,811.85,1,10.68,1,98,1,NA,0,10.58,98.05,1
2000,3,13,-20.03,1,814.24,1,11.46,1,89.75,1,NA,0,11.1,89.01,1
2000,3,14,-17.95,1,820.52,1,11.14,1,85,1,NA,0,11.03,84.78,1
2000,3,15,-14.36,1,820.7,1,10.24,1,88.62,1,NA,0,10,88.53,1
2000,3,16,-15.04,1,819.04,1,11.97,1,99.5,1,NA,0,11.81,99.77,1
2000,3,17,-17.23,1,819.05,1,13.01,0.875,106,1,NA,0,12.92,103.81,0.875
2000,3,18,-18.66,1,809.64,1,NA,0.375,113.62,1,NA,0,NA,NA,0.375
2000,3,19,-21.51,1,816.24,1,8.87,0.875,77.12,1,NA,0,7.72,82.55,0.875
2000,3,20,-24.67,0.875,823.69,1,7.86,1,84.38,1,NA,0,7.28,82.62,1
2000,3,21,-20.28,1,816.93,1,8.21,1,85,1,NA,0,7.04,79.64,1
2000,3,22,-24.67,0.75,812.54,1,3.34,1,215.12,1,NA,0,1.93,12.95,1
2000,3,23,-31.75,1,826.28,1,5.35,1,64.5,1,NA,0,5.26,63.95,1
2000,3,24,-30.01,0.875,816.24,1,6.6,1,73.5,1,NA,0,6.16,74.84,1
2000,3,25,-20.66,1,806.93,1,6.91,1,68.38,1,NA,0,6.55,70.93,1
2000,3,26,-17.15,1,806.68,1,14.21,0.875,63.12,1,NA,0,13.56,60.96,0.875
2000,3,27,-18.39,1,818.96,1,10.47,1,70.25,1,NA,0,8.84,66.15,1
2000,3,28,-14.16,0.875,813.33,1,11.55,0.75,81.88,1,NA,0,11.12,88.09,0.75
2000,3,29,-14.46,1,818.23,1,10.53,0.75,88.62,1,NA,0,10.35,88.55,0.75
2000,3,30,-13.09,1,826.02,1,9.69,1,113.12,1,NA,0,9.55,112.94,1
2000,3,31,-14.96,1,821.06,1,10.7,1,98.38,1,NA,0,10.53,99.22,1
2000,4,1,-15.76,0.875,818.04,1,7.27,0.875,121.12,1,NA,0,7.15,118.89,0.875
2000,4,2,-26.27,0.875,813.5,1,11.29,0.875,123.75,1,NA,0,11.21,122.33,0.875
2000,4,3,-30.51,1,811.18,1,10.41,1,115.38,1,NA,0,10.15,116.73,1
2000,4,4,-29.38,1,808.26,1,9.75,1,105,1,NA,0,9.65,106.15,1
2000,4,5,-31.71,1,805.58,1,7.7,1,97.5,1,NA,0,6.95,97.52,1
2000,4,6,-31.93,1,797.26,1,10.95,1,96.38,1,NA,0,10.6,96.06,1
2000,4,7,-26.49,1,799.5,1,9.96,1,78,1,NA,0,9.84,78.33,1
2000,4,8,-27.99,1,798.93,1,7.92,1,80,1,NA,0,7.73,80.16,1
2000,4,9,-29.57,0.875,799.28,1,5.05,1,103.62,1,NA,0,4.91,99.84,1
2000,4,10,-32.03,0.75,799.94,1,5.94,0.875,123.38,1,NA,0,5.88,122.73,0.875
2000,4,11,-40.75,1,800.68,1,10.67,0.75,106.75,1,NA,0,10.6,104.45,0.75
2000,4,12,-38.44,1,803.01,1,10.73,0.875,106,1,NA,0,10.38,108.78,0.875
2000,4,13,-35.71,1,810.03,1,NA,0.625,106.88,1,NA,0,NA,NA,0.625
2000,4,14,-36.19,1,811.93,1,NA,0.625,98.25,1,NA,0,NA,NA,0.625
2000,4,15,-37.78,1,806.25,1,NA,0.25,79.25,1,NA,0,NA,NA,0.25
2000,4,16,-35.96,1,810.08,1,NA,0.375,80.62,1,NA,0,NA,NA,0.375
2000,4,17,-37.68,0.75,818.63,1,NA,0.375,87.57,0.875,NA,0,NA,NA,0.375
2000,4,18,-32.1,1,818.35,1,2.38,0.75,79.75,1,NA,0,2.35,76.45,0.75
2000,4,19,-37.13,0.75,815.91,1,NA,0.5,150.25,1,NA,0,NA,NA,0.5
2000,4,20,-33.5,1,817.34,1,NA,0.25,237.62,1,NA,0,NA,NA,0.25
2000,4,21,-28.66,1,817.4,1,NA,0.25,175.25,1,NA,0,NA,NA,0.25
2000,4,22,-31.47,0.75,817.5,1,12.6,1,125.5,1,NA,0,9.05,79.09,1
2000,4,23,-26.55,1,819.41,1,14.21,1,123.62,1,NA,0,12.43,32.05,1
2000,4,24,-33.73,1,819.76,1,9.81,1,120.62,1,NA,0,8.55,79.03,1
2000,4,25,-36.03,1,816.22,1,9.74,0.875,102.25,1,NA,0,7.77,101.18,0.875
2000,4,26,-31.8,1,815.01,1,9.5,0.75,84.88,1,NA,0,9.39,82.05,0.75
2000,4,27,-34.63,1,816.84,1,9.14,1,78.12,1,NA,0,9.04,77.8,1
2000,4,28,-30.74,1,814.35,1,9.8,1,71.38,1,NA,0,9.72,71.09,1
2000,4,29,NA,0.625,806.03,1,NA,0.625,37.38,1,NA,0,NA,NA,0.625
2000,4,30,-23.9,1,810.31,1,NA,0.375,28.38,1,NA,0,NA,NA,0.375
2000,5,1,-20.74,1,812.69,1,NA,0.125,40.75,1,NA,0,NA,NA,0.125
2000,5,2,-17.39,1,808.79,1,NA,0.625,32.67,0.75,NA,0,NA,NA,0.625
2000,5,3,-18.91,1,807.76,1,NA,0,54.88,1,NA,0,NA,NA,0
2000,5,4,-20.03,1,808.45,1,7.5,1,63.12,1,NA,0,7.39,61.53,1
2000,5,5,-23.33,1,812.6,1,6.19,1,53.38,1,NA,0,6.06,53.5,1
2000,5,6,-29.7,0.875,814.56,1,7.14,1,71.75,1,NA,0,6.89,69.75,1
2000,5,7,-25.94,0.875,809.01,1,8.91,1,53.88,1,NA,0,8.24,52.01,1
2000,5,8,-23.39,0.875,806.2,0.875,10.37,0.875,40.86,0.875,NA,0,10.07,39.04,0.875
2000,5,9,-18.84,0.875,809.43,1,10.16,1,16.75,1,NA,0,10.05,16.34,1
2000,5,10,-18.23,1,809.91,1,9.31,1,49.75,1,NA,0,8.64,46.45,1
2000,5,11,-22.46,1,806.64,1,NA,0.625,104.75,1,NA,0,NA,NA,0.625
2000,5,12,-26.05,1,803.21,1,10.97,1,102.75,1,NA,0,10.8,102.64,1
2000,5,13,-31.51,0.875,801.9,1,NA,0.625,104.88,1,NA,0,NA,NA,0.625
2000,5,14,-29.88,0.75,798.36,1,9.84,1,115.12,1,NA,0,9.77,115.31,1
2000,5,15,-21.76,1,801.64,1,NA,0.625,117.38,1,NA,0,NA,NA,0.625
2000,5,16,-25.66,1,806.66,1,9.3,1,62.75,1,NA,0,9.14,63.61,1
2000,5,17,-26.14,1,801.95,1,9.14,1,51.38,1,NA,0,8.17,53.86,1
2000,5,18,-30.38,1,796.94,1,NA,0.5,52.57,0.875,NA,0,NA,NA,0.5
2000,5,19,-37.6,0.75,807.93,1,NA,0.5,171.67,0.75,NA,0,NA,NA,0.5
2000,5,20,-46.65,1,812.06,1,NA,0.625,NA,0.625,NA,0,NA,NA,0.625
2000,5,21,-44.25,1,811.68,1,NA,0.25,NA,0.5,NA,0,NA,NA,0.25
2000,5,22,-39.49,1,802.55,1,NA,0.5,69.62,1,NA,0,NA,NA,0.5
2000,5,23,-41.93,1,807.74,1,NA,0.375,NA,0.5,NA,0,NA,NA,0.375
2000,5,24,-42.77,0.875,811.23,0.875,NA,0.625,NA,0.625,NA,0,NA,NA,0.625
2000,5,25,-40.21,1,805.39,1,NA,0.5,74.71,0.875,NA,0,NA,NA,0.5
2000,5,26,-35.93,0.875,815.44,1,NA,0.625,79.57,0.875,NA,0,NA,NA,0.625
2000,5,27,-30.4,1,824.94,1,NA,0.5,51.86,0.875,NA,0,NA,NA,0.5
2000,5,28,-29.48,0.75,834.65,1,NA,0.125,NA,0.25,NA,0,NA,NA,0.125
2000,5,29,-31.59,1,830.51,1,NA,0.25,49.25,1,NA,0,NA,NA,0.25
2000,5,30,-25.37,0.75,822.1,1,6.03,0.75,66.88,1,NA,0,5.89,71.13,0.75
2000,5,31,NA,0.5,819.03,1,NA,0.625,42.12,1,NA,0,NA,NA,0.625
2000,6,1,-17.45,1,820.03,1,11.32,1,70.5,1,NA,0,11.18,70.16,1
2000,6,2,-13.01,1,823.31,1,10.36,1,79,1,NA,0,9.7,77.16,1
2000,6,3,-21.07,0.875,817.39,1,NA,0.5,229.75,1,NA,0,NA,NA,0.5
2000,6,4,-22.66,1,812.63,1,NA,0.5,185,1,NA,0,NA,NA,0.5
2000,6,5,-25.34,1,813.93,1,11.79,1,157.25,1,NA,0,7.04,69.17,1
2000,6,6,-30.51,1,811.1,1,8.82,1,NA,0.625,NA,0,NA,NA,0.625
2000,6,7,-33.05,1,810.97,1,10.75,1,NA,0.5,NA,0,NA,NA,0.5
2000,6,8,-31.31,1,812.7,1,10.87,0.875,183.38,1,NA,0,6.23,84.27,0.875
2000,6,9,-26.43,1,818.14,1,10.26,0.875,135.38,1,NA,0,6.04,103.16,0.875
2000,6,10,-29.93,1,822.91,1,11.03,1,101.75,1,NA,0,8.3,58.85,1
2000,6,11,-34.5,1,819.57,1,NA,0.625,NA,0.625,NA,0,NA,NA,0.625
2000,6,12,-36.84,1,811.01,1,NA,0,NA,0,NA,0,NA,NA,0
2000,6,13,-36.61,1,807.65,1,9.18,0.75,84.33,0.75,NA,0,9.03,84.82,0.75
2000,6,14,-36.79,1,807.51,1,9.25,1,129,1,NA,0,4.65,90.51,1
2000,6,15,-41.2,1,809.98,1,8.53,1,70.62,1,NA,0,6.65,72.68,1
2000,6,16,-41.56,1,811.58,1,6.55,1,71.88,1,NA,0,6.47,71.91,1
2000,6,17,-42.04,0.875,808.69,1,8.55,1,84,1,NA,0,8.04,85.76,1
2000,6,18,-21.1,0.75,796.05,1,NA,0.5,103.38,1,NA,0,NA,NA,0.5
2000,6,19,-26.94,0.875,804.21,1,NA,0.625,89.25,1,NA,0,NA,NA,0.625
2000,6,20,-35.55,0.75,816.54,1,9.59,1,60,1,NA,0,9.29,60.75,1
2000,6,21,-30.78,0.75,815.67,1,12.5,1,54.25,1,NA,0,12.24,54.29,1
2000,6,22,-21.99,1,814.35,1,13.3,1,35.38,1,NA,0,13.13,34.37,1
2000,6,23,-21.74,1,818.74,1,6.38,1,28.25,1,NA,0,6.28,30.04,1
2000,6,24,-25.16,0.875,818.16,1,7.44,1,37.25,1,NA,0,7.1,36.69,1
2000,6,25,NA,0.625,811.3,1,7.25,1,72,1,NA,0,7,26.17,1
2000,6,26,-16.4,1,807.4,1,10.14,1,35.62,1,NA,0,9.91,35.57,1
2000,6,27,NA,0.375,807.8,1,NA,0.375,143.12,1,NA,0,NA,NA,0.375
2000,6,28,-34.42,0.75,812.41,1,5.74,0.875,149.88,1,NA,0,5.04,34.14,0.875
2000,6,29,-26.27,0.75,812.8,1,7.77,1,232,1,NA,0,7.47,7.44,1
2000,6,30,-26.5,0.875,811.48,1,6.73,0.75,183.75,1,NA,0,6.35,358.65,0.75
2000,7,1,-19.44,1,809.89,1,8.36,0.875,273.25,1,NA,0,7.05,359.65,0.875
2000,7,2,-22.44,1,806.94,1,11.35,1,18.12,1,NA,0,11.1,17.97,1
2000,7,3,NA,0.625,801.45,1,7.71,1,28.75,1,NA,0,7.56,28.05,1
2000,7,4,-29.23,0.75,806.04,1,10.36,1,43,1,NA,0,10.07,42.06,1
2000,7,5,-26.53,1,802.91,1,10.91,1,68.62,1,NA,0,10.77,68.71,1
2000,7,6,-28.57,0.875,803.81,1,11.34,1,58.75,1,NA,0,10.91,58.42,1
2000,7,7,-28.33,1,806.24,1,11.8,1,64.25,1,NA,0,11.5,64.15,1
2000,7,8,-27.81,1,796.93,1,8.94,1,67.12,1,NA,0,8.62,66.27,1
2000,7,9,-36.13,0.75,808.05,1,8.09,1,44,1,NA,0,7.4,42.5,1
2000,7,10,NA,0.625,793.66,1,12.97,1,172.38,1,NA,0,8.37,84.67,1
2000,7,11,NA,0.625,797.71,1,NA,0.25,44.88,1,NA,0,NA,NA,0.25
2000,7,12,-43.68,0.75,800.36,1,5.1,1,101.25,1,NA,0,4.89,97.97,1
2000,7,13,-25.13,0.75,797.28,1,7.98,0.75,76.62,1,NA,0,7.68,86.22,0.75
2000,7,14,-28.31,1,803.45,1,12.3,1,156.88,1,NA,0,9.33,70.1,1
2000,7,15,-29.44,0.875,806.57,0.875,NA,0.5,262.14,0.875,NA,0,NA,NA,0.5
2000,7,16,-29.3,1,808.89,1,NA,0.625,212.88,1,NA,0,NA,NA,0.625
2000,7,17,-29.23,0.875,803.95,1,NA,0.625,180.38,1,NA,0,NA,NA,0.625
2000,7,18,-26.81,1,805.46,1,NA,0.375,138.12,1,NA,0,NA,NA,0.375
2000,7,19,-23.59,0.875,814.49,1,NA,0.5,200,1,NA,0,NA,NA,0.5
2000,7,20,-23.49,1,819.31,1,NA,0.625,273.12,1,NA,0,NA,NA,0.625
2000,7,21,-26.43,0.75,825.05,1,NA,0.625,83,1,NA,0,NA,NA,0.625
2000,7,22,-18.85,1,820.29,1,NA,0.375,222,1,NA,0,NA,NA,0.375
2000,7,23,-21.21,1,825.03,1,8.93,0.875,99.12,1,NA,0,8.83,9.6,0.875
2000,7,24,-24.33,1,824.99,1,6.2,1,68.38,1,NA,0,6,23.39,1
2000,7,25,-29.21,1,813.9,1,6.29,1,131.25,1,NA,0,5.02,359.8,1
2000,7,26,-36.17,0.875,808.29,1,5.35,1,210.88,1,NA,0,4.28,31.03,1
2000,7,27,-41.3,0.875,801.81,1,9.57,0.875,135.38,1,NA,0,4.3,52.89,0.875
2000,7,28,-32.01,1,798.85,1,10.16,1,112.38,1,NA,0,9.22,23.27,1
2000,7,29,-44.12,0.75,807.4,1,NA,0.625,NA,0.625,NA,0,NA,NA,0.625
2000,7,30,-44.83,0.75,810.41,1,8.96,0.875,51.14,0.875,NA,0,8.19,50.01,0.875
2000,7,31,-26.01,0.875,817.64,1,6.29,1,64.38,1,NA,0,6.11,19.89,1
2000,8,1,-27.38,1,824.54,1,7.3,1,61.25,1,NA,0,7.01,62.35,1
2000,8,2,-28.53,1,824.41,1,9.71,1,74.38,1,NA,0,9.2,75.14,1
2000,8,3,-30.21,1,822.29,1,7.25,1,51.12,1,NA,0,7,50.75,1
2000,8,4,-28.79,0.875,818.85,1,9.38,1,37.62,1,NA,0,8.26,38.9,1
2000,8,5,-29.05,1,827.3,1,7.04,1,34.75,1,NA,0,6.82,37.13,1
2000,8,6,-26.16,1,822.89,1,9.81,1,17.25,1,NA,0,9.62,18.29,1
2000,8,7,-28.95,0.75,819.94,1,6.86,1,35.25,1,NA,0,6.61,36.74,1
2000,8,8,-27.8,1,813.56,1,8.21,1,18.5,1,NA,0,8.19,18.44,1
2000,8,9,-31.59,1,807.63,1,7.02,1,32.38,1,NA,0,6.97,31.95,1
2000,8,10,-29.3,0.875,795.46,1,6.43,0.875,74.38,1,NA,0,5.89,33.09,0.875
2000,8,11,-29.93,1,792.04,1,10.27,0.875,51.5,1,NA,0,10.17,52.61,0.875
2000,8,12,-29.85,1,799.66,1,11.72,1,35.88,1,NA,0,11.55,37.17,1
2000,8,13,-29.9,0.75,804.15,1,7.11,1,36.38,1,NA,0,6.8,35.36,1
2000,8,14,-37.26,0.875,792.69,1,8.97,1,93.88,1,NA,0,7.98,52.59,1
2000,8,15,-40.56,1,803.7,1,7.97,1,45.38,1,NA,0,7.43,46.67,1
2000,8,16,-38.26,0.875,801.41,1,10.53,1,41.38,1,NA,0,10.22,41.23,1
2000,8,17,-34.79,1,800.23,1,14.56,1,83.62,1,NA,0,13.05,37.92,1
2000,8,18,-37.18,1,804.2,1,10.12,1,48.5,1,NA,0,10.03,48.32,1
2000,8,19,-35.33,1,800.78,1,12.26,1,60.88,1,NA,0,11.96,61.22,1
2000,8,20,-37.63,0.75,800.21,1,10.34,1,86.25,1,NA,0,9.75,41.38,1
2000,8,21,-43.15,1,804.08,1,9.16,1,51.12,1,NA,0,8.74,51.07,1
2000,8,22,-43.49,1,810.09,1,10.19,1,62.62,1,NA,0,10.06,62.41,1
2000,8,23,NA,0.375,803.19,1,13.37,0.75,67.25,1,NA,0,12.88,25.5,0.75
2000,8,24,-22.53,0.75,809.69,1,NA,0.375,19.38,1,NA,0,NA,NA,0.375
2000,8,25,-35.07,0.875,827.34,1,8.05,0.75,101.25,1,NA,0,7.89,68.67,0.75
2000,8,26,-25.85,1,815.99,1,11.33,0.75,44,1,NA,0,10,42.52,0.75
2000,8,27,-23.16,1,810.44,1,11.27,0.875,20.88,1,NA,0,11.15,19.33,0.875
2000,8,28,-24.4,1,808.72,1,7.94,1,73.75,1,NA,0,7.51,27.63,1
2000,8,29,NA,0.5,810.38,1,8.94,1,69.38,1,NA,0,8.05,71.94,1
2000,8,30,-29.55,1,816.38,1,9.49,1,73.25,1,NA,0,8.76,71.18,1
2000,8,31,-30.55,0.75,820.89,1,8.45,1,99.12,1,NA,0,6.65,94.44,1
2000,9,1,-35.95,1,822.81,1,10.79,1,93,1,NA,0,8.09,90.6,1
2000,9,2,NA,0.625,829.05,1,NA,0.625,103.75,1,NA,0,NA,NA,0.625
2000,9,3,-30.97,1,829.74,1,13.51,1,60.5,1,NA,0,8.42,52.07,1
2000,9,4,-31.83,1,824.91,1,11.74,1,82.62,1,NA,0,11.65,82.69,1
2000,9,5,-33.21,0.875,827,1,9.97,1,77.12,1,NA,0,9.64,31.12,1
2000,9,6,NA,0.5,819.97,1,NA,0.375,154.5,1,NA,0,NA,NA,0.375
2000,9,7,NA,0.625,823.06,1,NA,0.25,90.88,1,NA,0,NA,NA,0.25
2000,9,8,-33.16,1,831.38,1,7.33,0.875,104.62,1,NA,0,7.11,16.58,0.875
2000,9,9,-38.82,0.75,816.63,1,5.62,1,97.5,1,NA,0,5.28,8.92,1
2000,9,10,-42.89,0.875,828.51,1,6.03,0.875,69.88,1,NA,0,5.11,30.57,0.875
2000,9,11,NA,0.625,818.9,1,NA,0.5,227.83,0.75,NA,0,NA,NA,0.5
2000,9,12,-32.8,0.75,808.35,1,NA,0,NA,0,NA,0,NA,NA,0
2000,9,13,-49.13,0.75,800.66,1,NA,0,NA,0,NA,0,NA,NA,0
2000,9,14,NA,0.625,800.4,1,NA,0,NA,0,NA,0,NA,NA,0
2000,9,15,-53.16,0.875,806.65,1,NA,0,NA,0,NA,0,NA,NA,0
2000,9,16,-47.81,1,806.23,1,NA,0,NA,0,NA,0,NA,NA,0
2000,9,17,-40.74,1,800.03,1,8.78,1,51.5,1,NA,0,8.54,50.66,1
2000,9,18,-22.95,0.75,801.88,1,9.31,1,149.75,1,NA,0,8.98,15.67,1
2000,9,19,-20.28,1,805.4,1,11.1,1,259.75,1,NA,0,10.87,350.02,1
2000,9,20,-22.08,1,807.31,1,5.77,0.875,330.25,1,NA,0,5.69,332,0.875
2000,9,21,-15.38,1,811,1,NA,0,NA,0.375,NA,0,NA,NA,0
2000,9,22,-19.39,1,815.2,1,NA,0.5,57.86,0.875,NA,0,NA,NA,0.5
2000,9,23,-19.31,1,819.95,1,NA,0.625,NA,0.625,NA,0,NA,NA,0.625
2000,9,24,-19.44,1,821.09,1,NA,0,NA,0,NA,0,NA,NA,0
2000,9,25,-30.28,0.75,815.26,1,NA,0,NA,0,NA,0,NA,NA,0
2000,9,26,NA,0.5,807.82,1,10.75,0.75,111.5,0.75,NA,0,9.82,53.49,0.75
2000,9,27,-26.4,1,803.47,1,12.61,0.875,56,1,NA,0,12.48,55.23,0.875
2000,9,28,-30.57,1,800.65,1,9.82,1,54.38,1,NA,0,9.65,53.71,1
2000,9,29,-29.39,1,797.49,1,11.03,1,75.38,1,NA,0,10.81,75.8,1
2000,9,30,-25.21,0.875,793.99,1,NA,0.5,214.62,1,NA,0,NA,NA,0.5
2000,10,1,-30.59,1,803.5,1,7.54,0.875,130.75,1,NA,0,6.13,46.26,0.875
2000,10,2,-33.05,1,801.04,1,7.97,1,56.25,1,NA,0,7.67,57.76,1
2000,10,3,-31.83,1,797.07,1,NA,0.625,22.88,1,NA,0,NA,NA,0.625
2000,10,4,-22.6,0.75,794.43,1,NA,0.125,100.25,1,NA,0,NA,NA,0.125
2000,10,5,-15.68,1,805.15,1,14.9,0.875,6,1,NA,0,14.84,5.84,0.875
2000,10,6,-17.13,1,809.25,1,10.81,1,23.62,1,NA,0,10.53,24.78,1
2000,10,7,-16.47,1,808.59,1,11.84,1,95.12,1,NA,0,11.79,4.84,1
2000,10,8,-14.61,1,810.44,1,12.1,0.75,25.5,1,NA,0,11.98,25,0.75
2000,10,9,-17.3,1,813.05,1,9.33,0.75,53.62,1,NA,0,9.18,52.63,0.75
2000,10,10,-19.78,1,816.93,1,NA,0.5,49.38,1,NA,0,NA,NA,0.5
2000,10,11,-20.89,1,817.91,1,NA,0.375,33.43,0.875,NA,0,NA,NA,0.375
2000,10,12,-24.48,0.75,809.04,1,NA,0.375,NA,0.625,NA,0,NA,NA,0.375
2000,10,13,-23.2,1,802.49,1,NA,0.625,302.57,0.875,NA,0,NA,NA,0.625
2000,10,14,-23.58,1,800.94,1,6.2,1,271.75,1,NA,0,6.16,359.02,1
2000,10,15,-29.24,1,804.28,1,7.59,1,36.25,1,NA,0,7.19,37.94,1
2000,10,16,-30.92,1,804.45,1,11.5,1,107.5,1,NA,0,7.54,47.96,1
2000,10,17,-31.28,1,811.56,1,7.19,1,274.12,1,NA,0,2.33,16.5,1
2000,10,18,NA,0.375,805.69,1,7.86,1,72.25,1,NA,0,7.15,22.75,1
2000,10,19,-23.21,1,799.95,1,11.49,1,55.5,1,NA,0,11.43,10.89,1
2000,10,20,-23.26,1,803.8,1,10.34,1,100.12,1,NA,0,10.23,10.34,1
2000,10,21,-23.01,1,806.62,1,11.53,0.875,53.75,1,NA,0,11.44,9.51,0.875
2000,10,22,-23.5,1,805.95,1,11.69,1,62,1,NA,0,11.45,15.09,1
2000,10,23,-21.36,1,808.15,1,11.12,1,26.25,1,NA,0,10.91,27.34,1
2000,10,24,-20.81,1,807.31,1,12.81,1,91.5,1,NA,0,11.97,45.54,1
2000,10,25,-19.31,1,804.11,1,13.46,1,54.5,1,NA,0,13.33,54.47,1
2000,10,26,-20.53,1,807.69,1,NA,0.625,106.62,1,NA,0,NA,NA,0.625
2000,10,27,-18.07,0.875,798.43,1,10.47,0.75,127.25,1,NA,0,8.82,100.31,0.75
2000,10,28,-28.64,0.875,808.03,1,3.59,1,177.75,1,NA,0,2.65,356.95,1
2000,10,29,-27.35,1,809.2,1,4.5,1,104.88,1,NA,0,4.13,9.93,1
2000,10,30,-27.56,1,802.38,1,3.01,1,126,1,NA,0,1.72,39.74,1
2000,10,31,-25.68,0.75,794.79,1,NA,0.5,71.62,1,NA,0,NA,NA,0.5
2000,11,1,-14.67,0.875,790.32,1,NA,0.625,103.25,1,NA,0,NA,NA,0.625
2000,11,2,NA,0.625,810.49,1,9.01,0.875,85.38,1,NA,0,8.81,84.04,0.875
2000,11,3,-12.64,1,813.84,1,11.86,1,87.25,1,NA,0,11.59,86.39,1
2000,11,4,-13.48,1,818.25,1,10.7,1,114.75,1,NA,0,10.68,114.55,1
2000,11,5,-12.53,1,819.4,1,7.81,1,112,1,NA,0,7.55,114.28,1
2000,11,6,-14.89,1,815.71,1,4.66,1,168.5,1,NA,0,3.67,105.36,1
2000,11,7,-18.97,1,813.61,1,3.22,1,145.38,1,NA,0,2.24,79.79,1
2000,11,8,-19.07,0.875,809.3,1,9.19,1,97.62,1,NA,0,9.12,97.8,1
2000,11,9,-16.3,1,812.1,1,9.15,1,120.38,1,NA,0,8.94,119.42,1
2000,11,10,-15.08,1,804.5,1,11.38,0.75,96,1,NA,0,11.25,95.68,0.75
2000,11,11,-17.51,1,804.08,1,NA,0.25,109,1,NA,0,NA,NA,0.25
2000,11,12,-20.75,1,810.2,1,6.63,0.75,132.25,1,NA,0,6.62,136.88,0.75
2000,11,13,-17.46,1,800.43,1,NA,0.625,73.38,1,NA,0,NA,NA,0.625
2000,11,14,-16.49,1,806.66,1,8.64,1,96.75,1,NA,0,8.33,95.17,1
2000,11,15,-17.2,1,812.59,1,9.38,1,106.62,1,NA,0,9.13,106.32,1
2000,11,16,-18.39,1,813.63,1,7.47,1,95.62,1,NA,0,7.39,95.61,1
2000,11,17,-17.63,1,817.7,1,NA,0.625,60.71,0.875,NA,0,NA,NA,0.625
2000,11,18,NA,0.625,819.5,0.875,2.89,0.875,273.29,0.875,NA,0,2.76,316.49,0.875
2000,11,19,-18.78,1,817.14,1,3.69,1,261.5,1,NA,0,2.52,334.87,1
2000,11,20,-21.83,1,813.57,1,5.8,1,93.75,1,NA,0,5.56,93.43,1
2000,11,21,-21.39,1,823.31,1,6.44,0.875,79.88,1,NA,0,6.34,91.61,0.875
2000,11,22,-16.43,1,819.96,1,NA,0.625,76.88,1,NA,0,NA,NA,0.625
2000,11,23,-12.81,0.875,816.73,0.875,5.89,0.875,97,0.875,NA,0,5.85,96.83,0.875
2000,11,24,-14.85,1,819.24,1,5.47,0.75,96.5,1,NA,0,5.38,99.43,0.75
2000,11,25,-16.25,1,818.96,1,8.25,0.75,97.38,1,NA,0,8.12,94.51,0.75
2000,11,26,NA,0.625,823.46,0.875,NA,0.5,147.5,0.75,NA,0,NA,NA,0.5
2000,11,27,NA,0.625,827.99,1,1.32,1,144.25,1,NA,0,0.95,89.64,1
2000,11,28,-12.63,0.75,828.59,0.875,1.22,0.75,116.67,0.75,NA,0,0.89,99.5,0.75
2000,11,29,NA,0.625,824.77,0.75,3.12,0.75,80.17,0.75,NA,0,3.04,81.03,0.75
2000,11,30,-17.01,1,820.05,1,NA,0.625,96.75,1,NA,0,NA,NA,0.625
2000,12,1,-16.88,1,820.2,1,NA,0.375,92.12,1,NA,0,NA,NA,0.375
2000,12,2,-16.92,0.75,823.11,1,NA,0.5,54,1,NA,0,NA,NA,0.5
2000,12,3,-15.25,0.75,823.03,0.875,3.34,0.875,84.14,0.875,NA,0,3.18,36.85,0.875
2000,12,4,NA,0.625,820.2,1,2.61,1,201.25,1,NA,0,1.98,182.39,1
2000,12,5,NA,0.5,819.39,1,5.8,1,96.12,1,NA,0,5.58,89.33,1
2000,12,6,-17.57,0.875,821.9,1,4.23,0.75,86.75,1,NA,0,4.18,96.82,0.75
2000,12,7,NA,0.625,823.36,1,3.21,1,92.62,1,NA,0,3,90.23,1
2000,12,8,NA,0.5,NA,0.625,NA,0.625,NA,0.625,NA,0,NA,NA,0.625
2000,12,9,-14.4,0.875,821.23,1,3.25,1,81,1,NA,0,3.03,81.89,1
2000,12,10,-17.01,0.875,820.86,0.875,5.94,0.875,91.29,0.875,NA,0,5.68,86.42,0.875
2000,12,11,-15.71,1,821.18,1,6,1,56.25,1,NA,0,5.77,57.27,1
2000,12,12,-15.72,1,827.34,1,5.86,1,74.25,1,NA,0,4.94,75.14,1
2000,12,13,-15.34,1,829.21,1,5.85,1,77.25,1,NA,0,5.59,76.01,1
2000,12,14,-15.34,1,825.7,1,5.12,1,90.12,1,NA,0,4.97,89.23,1
2000,12,15,-17.23,0.875,822.01,0.875,6.16,0.875,112.14,0.875,NA,0,6.02,108.78,0.875
2000,12,16,-15.2,0.875,821.17,0.875,5.13,0.875,37.57,0.875,NA,0,4.91,37.24,0.875
2000,12,17,-16.21,1,822.74,1,3.62,1,107.75,1,NA,0,3.41,107.28,1
2000,12,18,NA,0.625,NA,0.625,NA,0.25,NA,0.625,NA,0,NA,NA,0.25
2000,12,19,-15.57,0.875,823.84,0.875,7.21,0.875,44,0.875,NA,0,6.94,44.01,0.875
2000,12,20,-16.76,1,822.79,1,4.95,1,100.62,1,NA,0,4.6,9.2,1
2000,12,21,-17.3,0.875,819.61,1,2.86,1,147.75,1,NA,0,2.53,12.51,1
2000,12,22,NA,0.625,818.32,0.75,3.3,0.75,142.83,0.75,NA,0,2.3,101.1,0.75
2000,12,23,-15.9,0.875,815.69,1,4.9,1,124.62,1,NA,0,4.59,132.82,1
2000,12,24,-17.85,0.75,824.24,0.875,3.04,0.875,281.71,0.875,NA,0,2.72,274.67,0.875
2000,12,25,-18.31,0.875,827.28,1,4.4,1,153.62,1,NA,0,2.64,155.94,1
2000,12,26,-17.06,0.875,825.81,0.875,6.47,0.75,128.14,0.875,NA,0,6.16,143.12,0.75
2000,12,27,-14.85,0.75,831.98,0.75,NA,0.375,88.5,0.75,NA,0,NA,NA,0.375
2000,12,28,NA,0.125,833.62,0.75,2.47,0.75,146,0.75,NA,0,1.93,121.61,0.75
2000,12,29,NA,0.625,828.36,1,3.54,0.875,110.57,0.875,NA,0,3.43,106.86,0.875
2000,12,30,-13.19,0.875,824.84,1,4.61,0.875,97.25,1,NA,0,4.27,90.57,0.875
2000,12,31,-12.38,0.75,824.2,0.75,5.5,0.75,98.83,0.75,NA,0,5.35,99.67,0.75
2001,1,1,-11.95,0.75,825.07,1,3.76,1,110.62,1,NA,0,3.45,29.26,1
2001,1,2,NA,0.625,824.83,1,3.79,1,86.12,1,NA,0,3.05,45.78,1
2001,1,3,-12.81,1,824.25,1,5.84,0.875,89.38,1,NA,0,5.51,45.69,0.875
2001,1,4,-10.4,1,823.74,1,7.47,1,63,1,NA,0,7.32,63.08,1
2001,1,5,-11.35,1,819.04,1,6.75,1,52.12,1,NA,0,6,54.8,1
2001,1,6,NA,0.5,817.11,1,2.35,1,285.75,1,NA,0,1.65,304.86,1
2001,1,7,-15.6,1,817.85,1,NA,0.625,122.5,1,NA,0,NA,NA,0.625
2001,1,8,-14.99,1,817.56,1,5.95,1,81.12,1,NA,0,5.52,79.72,1
2001,1,9,-16.18,1,816.55,1,5.54,1,55,1,NA,0,5.26,54.67,1
2001,1,10,-14.34,1,818.48,1,4.61,1,37.75,1,NA,0,4.32,34.12,1
2001,1,11,-12.17,1,821.93,1,4.29,1,174.25,1,NA,0,4.05,351.14,1
2001,1,12,-15.67,0.875,822.49,1,2.99,1,325.38,1,NA,0,2.9,325.55,1
2001,1,13,NA,0.5,820.37,1,2.39,1,145,1,NA,0,1.73,32.64,1
2001,1,14,NA,0.5,818.21,1,2.04,1,155.75,1,NA,0,1.79,24.58,1
2001,1,15,NA,0.25,816.28,1,2.01,0.875,274.71,0.875,NA,0,1.76,309.32,0.875
2001,1,16,-20.47,0.75,816.6,1,3.07,1,63.5,1,NA,0,2.94,62.89,1
2001,1,17,NA,0.625,815.44,1,2.38,1,114.38,1,NA,0,1.52,89,1
2001,1,18,NA,0.375,819.73,1,2.17,0.875,130.43,0.875,NA,0,2.03,127.52,0.875
2001,1,19,-18.95,0.75,820.97,1,NA,0.625,116.38,1,NA,0,NA,NA,0.625
2001,1,20,-14.65,1,820.45,1,6.19,1,109.38,1,NA,0,6.13,109.18,1
2001,1,21,-10.36,1,825.5,1,5.2,1,98.75,1,NA,0,4.93,95.89,1
2001,1,22,-12.46,0.875,827.54,1,5.14,1,96.62,1,NA,0,4.89,97.24,1
2001,1,23,-14,0.875,820.8,1,4.16,1,93.5,1,NA,0,4.07,94.39,1
2001,1,24,-13.75,1,815.16,1,5.64,1,91.88,1,NA,0,5.56,91.51,1
2001,1,25,-14.97,0.875,817.13,1,6.38,0.75,66.5,1,NA,0,6.15,63.61,0.75
2001,1,26,-14.32,0.75,816.56,1,2.03,0.75,160.88,1,NA,0,1.61,106.52,0.75
2001,1,27,-15.27,0.75,811.74,1,2.75,0.75,55.29,0.875,NA,0,2.59,50.7,0.75
2001,1,28,-16.94,0.875,816.88,1,5.07,0.75,74.5,1,NA,0,5.01,74.28,0.75
2001,1,29,-17.67,0.875,819.9,1,4.61,0.875,86.25,1,NA,0,4.54,93.9,0.875
2001,1,30,-19.57,0.875,816.5,1,NA,0.5,79.71,0.875,NA,0,NA,NA,0.5
2001,1,31,-17.76,0.875,816.75,1,NA,0.375,NA,0.625,NA,0,NA,NA,0.375
2001,2,1,-18.31,0.875,823.04,1,NA,0.5,69.12,1,NA,0,NA,NA,0.5
2001,2,2,NA,0,NA,0,NA,0,NA,0,NA,0,NA,NA,0
2001,2,3,-15.26,1,823.34,1,12.75,1,59.25,1,NA,0,12.4,58.67,1
2001,2,4,-14.53,1,827.68,1,11.07,0.875,70.75,1,NA,0,10.98,69.02,0.875
2001,2,5,-15.66,1,829.35,1,7.81,1,65.25,1,NA,0,7.77,65.23,1
2001,2,6,NA,0.625,819.25,1,3.28,1,85.12,1,NA,0,3.05,88.34,1
2001,2,7,NA,0.375,818.56,1,1.76,1,126.88,1,NA,0,1.21,104.4,1
2001,2,8,-19.66,1,817.7,1,6.94,0.875,92.88,1,NA,0,6.91,90.19,0.875
2001,2,9,-16.81,1,818.39,1,9.67,0.75,95.25,1,NA,0,9.59,94.42,0.75
2001,2,10,-16.23,1,821.94,1,9.32,1,88.75,1,NA,0,8.98,87.8,1
2001,2,11,-20.96,0.875,821.38,1,8.8,1,104.62,1,NA,0,8.62,105.77,1
2001,2,12,-19.97,0.875,817.71,1,9.1,1,104.62,1,NA,0,9.03,105.01,1
2001,2,13,NA,0.125,NA,0.125,NA,0,NA,0.125,NA,0,NA,NA,0
2001,2,14,-15.5,1,823.14,1,NA,0.625,112.75,1,NA,0,NA,NA,0.625
2001,2,15,-13.29,1,817.39,1,5.75,0.75,91.88,1,NA,0,5.49,100.17,0.75
2001,2,16,-16.77,0.875,816.2,1,5.56,0.875,101.12,1,NA,0,4.77,94.51,0.875
2001,2,17,-14.5,1,817.85,1,9.1,1,80.75,1,NA,0,8.82,80.3,1
2001,2,18,-15.31,0.875,820.2,1,NA,0.5,94.57,0.875,NA,0,NA,NA,0.5
2001,2,19,-19.83,0.75,816.81,1,NA,0.5,85.25,1,NA,0,NA,NA,0.5
2001,2,20,-14.03,0.875,817.65,1,9.41,1,82.88,1,NA,0,9.11,83.01,1
2001,2,21,-14.14,1,822.94,1,8.12,1,99,1,NA,0,7.97,99.88,1
2001,2,22,-15.41,1,822.7,1,7.04,1,89.38,1,NA,0,6.98,88.93,1
2001,2,23,-14.29,1,821.08,1,NA,0.25,NA,0.375,NA,0,NA,NA,0.25
2001,2,24,-16.5,1,816.69,1,NA,0.375,NA,0.625,NA,0,NA,NA,0.375
2001,2,25,-16.3,1,815.8,1,NA,0.625,58.38,1,NA,0,NA,NA,0.625
2001,2,26,-17.56,1,816.09,1,8.78,1,79.38,1,NA,0,8.6,79.27,1
2001,2,27,-19.04,1,816.72,1,9.02,0.75,79.62,1,NA,0,8.86,78.2,0.75
2001,2,28,-19.29,1,815.39,1,NA,0.375,68.38,1,NA,0,NA,NA,0.375
2001,3,1,-21.52,1,812.69,1,2.88,0.75,74.33,0.75,NA,0,2.86,75.51,0.75
2001,3,2,-25.67,0.75,807.95,1,2.63,0.75,89.5,0.75,NA,0,2.35,93.06,0.75
2001,3,3,NA,0.625,811.28,1,NA,0.375,NA,0.625,NA,0,NA,NA,0.375
2001,3,4,-26.73,0.75,810.53,1,NA,0.625,65.12,1,NA,0,NA,NA,0.625
2001,3,5,NA,0.125,NA,0.125,NA,0.125,NA,0.125,NA,0,NA,NA,0.125
2001,3,6,NA,0.625,803.65,1,8.89,0.875,91.12,1,NA,0,8.12,82.72,0.875
2001,3,7,-18.31,1,812.63,1,6.66,0.875,27.88,1,NA,0,6.53,27.27,0.875
2001,3,8,-15.01,1,814.88,1,11.21,1,43.62,1,NA,0,11.07,43.95,1
2001,3,9,NA,0.125,NA,0.125,NA,0.125,NA,0.125,NA,0,NA,NA,0.125
2001,3,10,-20.2,0.875,814.24,0.875,9.24,0.875,89.86,0.875,NA,0,9.19,89.47,0.875
2001,3,11,-20.99,1,809.73,1,8.84,0.875,91.5,1,NA,0,8.75,87.33,0.875
2001,3,12,-24.36,1,809.06,1,8.44,1,80.38,1,NA,0,8.29,79.96,1
2001,3,13,-24.48,1,812.79,1,7.8,1,106.5,1,NA,0,7.5,107.01,1
2001,3,14,-28.5,0.875,813.55,1,6.71,1,93,1,NA,0,6.52,91.33,1
2001,3,15,-26.9,1,806.79,1,6.06,0.875,99.38,1,NA,0,5.31,102.97,0.875
2001,3,16,-26.79,0.875,802.18,1,13.12,0.75,115,1,NA,0,11.09,66.83,0.75
2001,3,17,-22.26,1,809.5,1,15.67,0.75,71.38,1,NA,0,15.58,71.45,0.75
2001,3,18,-25.28,1,814.86,1,9.3,1,61,1,NA,0,9.25,61.7,1
2001,3,19,-26.56,1,806.2,1,9.73,0.75,47.75,1,NA,0,9.15,64.33,0.75
2001,3,20,NA,0.5,802.38,1,6.25,0.75,70.75,1,NA,0,5.94,70.33,0.75
2001,3,21,-15.27,0.875,813.1,1,9.33,0.875,37.62,1,NA,0,9.23,36.59,0.875
2001,3,22,-15.11,1,815.93,1,11.76,0.875,35.88,1,NA,0,11.65,36.65,0.875
2001,3,23,-14.63,0.875,813.38,1,9.75,1,42,1,NA,0,9.48,41.46,1
2001,3,24,NA,0.125,NA,0.125,NA,0.125,NA,0.125,NA,0,NA,NA,0.125
2001,3,25,-22.76,0.875,823.81,1,9.08,1,109.5,1,NA,0,8.55,107.38,1
2001,3,26,NA,0.625,821.65,1,7.97,1,116.62,1,NA,0,7.96,116.91,1
2001,3,27,-25.09,1,813.34,1,8.76,1,68.12,1,NA,0,7.44,67.24,1
2001,3,28,-24.75,1,804.14,1,9.06,1,59.25,1,NA,0,8.92,14.14,1
2001,3,29,-27.99,1,803.8,1,7.25,0.75,97.12,1,NA,0,7.11,10.38,0.75
2001,3,30,-37.4,1,807.7,1,NA,0.375,25.17,0.75,NA,0,NA,NA,0.375
2001,3,31,NA,0.625,802.64,1,5.83,0.75,69,1,NA,0,5.7,72.36,0.75
2001,4,1,-16.24,1,807.19,1,6.44,1,17.12,1,NA,0,6.23,15.09,1
2001,4,2,-19.07,0.75,818.43,1,7.84,1,48.38,1,NA,0,7.35,51.41,1
2001,4,3,-20.4,1,819.51,1,8.12,1,72.75,1,NA,0,7.94,71.49,1
2001,4,4,-26.47,0.875,815.59,1,NA,0,NA,0.125,NA,0,NA,NA,0
2001,4,5,-25,1,811.43,1,NA,0,NA,0,NA,0,NA,NA,0
2001,4,6,-33.56,0.875,812.96,1,NA,0,NA,0,NA,0,NA,NA,0
2001,4,7,NA,0.625,812.24,1,NA,0.5,NA,0.625,NA,0,NA,NA,0.5
2001,4,8,-22.15,1,812.74,1,5,0.875,45.88,1,NA,0,4.63,51.54,0.875
2001,4,9,-19.4,1,814.15,1,4.2,1,70.25,1,NA,0,3.79,23.94,1
2001,4,10,-17.72,0.75,812.14,1,7.61,1,51.12,1,NA,0,7.18,47.03,1
2001,4,11,-12.26,1,808.65,1,6.74,1,100.5,1,NA,0,6.67,11.09,1
2001,4,12,-19.25,0.75,812.36,1,7.85,1,63.38,1,NA,0,7.66,63.21,1
2001,4,13,-18.29,0.875,806.5,1,9.67,0.75,51.62,1,NA,0,9.44,50.33,0.75
2001,4,14,-23.31,1,805.36,1,9.51,1,71.25,1,NA,0,9.21,69.96,1
2001,4,15,-24.5,1,806.93,1,10.24,1,69.38,1,NA,0,10.12,69.19,1
2001,4,16,-26.75,1,805.33,1,8.15,1,70.38,1,NA,0,7.98,69.89,1
2001,4,17,-30.95,1,808.03,1,7.97,1,71.88,1,NA,0,7.79,72.04,1
2001,4,18,-31.86,1,810.29,1,7.58,1,65.88,1,NA,0,7.47,65.6,1
2001,4,19,-39.21,0.875,811.79,1,4.66,1,44.12,1,NA,0,4.47,44.04,1
2001,4,20,-40.96,1,803.25,1,NA,0.625,67.88,1,NA,0,NA,NA,0.625
2001,4,21,-34.36,1,795.99,1,12.45,1,77.88,1,NA,0,12.34,78.01,1
2001,4,22,-30.59,1,808.66,1,6.41,0.875,77.38,1,NA,0,6.35,75.14,0.875
2001,4,23,-31.94,1,808.3,1,8.45,1,85.12,1,NA,0,8.31,85.21,1
2001,4,24,-23.52,0.75,811.42,1,11.57,1,77.25,1,NA,0,11.04,75.94,1
2001,4,25,-24.97,1,819.46,1,8.65,1,99.75,1,NA,0,8.54,99.62,1
2001,4,26,-24.91,1,816.8,1,8.88,1,72.38,1,NA,0,8.66,73.05,1
2001,4,27,-30.59,0.875,801.79,1,7.95,1,95.75,1,NA,0,7.56,95.22,1
2001,4,28,-26.84,0.875,793.68,1,10.04,0.875,93.75,1,NA,0,9.87,93.64,0.875
2001,4,29,-22.76,0.875,800.73,1,11.11,1,88.25,1,NA,0,10.61,87.4,1
2001,4,30,-23.49,0.875,807.45,1,10.16,1,109.88,1,NA,0,9.7,108.83,1
2001,5,1,-32.94,1,807.11,0.875,8.62,1,120.38,1,NA,0,8.58,119.69,1
2001,5,2,-39.64,1,799.86,1,10.54,1,110.75,1,NA,0,10.43,111.12,1
2001,5,3,-35.96,1,801.43,1,9.78,1,89.12,1,NA,0,9.61,89.14,1
2001,5,4,-37.45,1,803.28,1,9.68,1,113.75,1,NA,0,9.11,113.94,1
2001,5,5,-32.89,1,805.44,1,11.9,1,144,1,NA,0,8.59,105.42,1
2001,5,6,-33.79,1,812.98,1,NA,0.625,151.62,1,NA,0,NA,NA,0.625
2001,5,7,-29.8,0.75,814.63,1,12.85,1,149.38,1,NA,0,9.93,108.9,1
2001,5,8,-23.61,1,816.46,1,10.79,1,112.25,1,NA,0,8.58,66.86,1
2001,5,9,-18.26,1,817.93,1,11.33,0.875,101.88,1,NA,0,9.3,99.32,0.875
2001,5,10,-17.79,1,821.45,1,11.81,0.875,110,1,NA,0,11.64,111.56,0.875
2001,5,11,-21.93,1,821.25,1,NA,0.625,127.38,1,NA,0,NA,NA,0.625
2001,5,12,-22,1,813.09,1,11.79,1,113.25,1,NA,0,9.57,117.52,1
2001,5,13,-27.01,1,804.76,1,9.27,0.875,128.62,1,NA,0,9.03,96.44,0.875
2001,5,14,-26.77,1,809.26,1,9.35,1,91.5,1,NA,0,9.14,90.72,1
2001,5,15,-26.6,0.875,801.84,1,NA,0.625,145.75,1,NA,0,NA,NA,0.625
2001,5,16,-23.88,1,799.29,1,11.53,1,33.62,1,NA,0,10.35,34.26,1
2001,5,17,-25.49,0.875,806.68,1,9.88,1,38.62,1,NA,0,9.63,38.05,1
2001,5,18,-28.3,1,814.21,1,8.81,1,39.25,1,NA,0,8.62,39.01,1
2001,5,19,NA,0.625,815.3,1,8.16,1,68.25,1,NA,0,8.01,68.77,1
2001,5,20,-21.3,0.875,822.04,1,9.35,1,17.38,1,NA,0,9.24,17.49,1
2001,5,21,-22.88,1,827.2,1,7.18,1,20.25,1,NA,0,6.96,21.96,1
2001,5,22,-23.74,1,821,1,5.74,1,221.38,1,NA,0,5.42,356.37,1
2001,5,23,NA,0.625,810.63,1,2.34,1,340.75,1,NA,0,2.28,344.1,1
2001,5,24,-35.73,0.75,805.96,1,7.53,0.75,56.75,1,NA,0,7.29,60.35,0.75
2001,5,25,-29.3,0.75,798.41,1,8.4,0.875,50.25,1,NA,0,8.26,53.6,0.875
2001,5,26,-22.56,1,803.19,1,8.43,1,57.38,1,NA,0,8.08,58.41,1
2001,5,27,-27.23,1,808.7,1,10.64,1,76.62,1,NA,0,10.44,76.38,1
2001,5,28,-34.85,1,809.03,1,8.44,1,82.25,1,NA,0,8.39,82.49,1
2001,5,29,-38.8,1,804.11,1,7.96,1,90.75,1,NA,0,7.93,91.16,1
2001,5,30,-39.45,1,803.8,1,7.72,1,67,1,NA,0,7.62,68.67,1
2001,5,31,-32.3,0.875,805.88,1,11.43,0.875,62.38,1,NA,0,10.98,61.58,0.875
2001,6,1,NA,0.625,818.73,1,8.59,0.875,50.12,1,NA,0,8.26,47.49,0.875
2001,6,2,-17.24,0.875,819.21,1,7.34,0.875,24.38,1,NA,0,7.13,27.09,0.875
2001,6,3,-18.04,1,815.6,1,5.61,1,95.75,1,NA,0,5.44,7.39,1
2001,6,4,-16.51,1,810.19,1,6.34,1,100.75,1,NA,0,6.01,9.63,1
2001,6,5,NA,0.625,810.81,1,7.12,1,59.88,1,NA,0,6.58,58.35,1
2001,6,6,-21.21,1,811.94,1,10.21,0.875,81.38,1,NA,0,10.04,79.01,0.875
2001,6,7,-26.47,1,820,1,8.43,1,79.38,1,NA,0,8.26,79.42,1
2001,6,8,-28.81,0.875,822.21,1,9.25,1,85.62,1,NA,0,8.9,83.86,1
2001,6,9,-28.1,1,816.43,1,10.44,0.875,67.75,1,NA,0,10.35,67.72,0.875
2001,6,10,-26.61,1,814.51,1,7.74,1,69.88,1,NA,0,7.51,70.6,1
2001,6,11,-31.95,1,811.91,1,7.58,1,92.62,1,NA,0,7.54,92.91,1
2001,6,12,-33.79,1,808.8,1,12.06,1,169.25,1,NA,0,8.18,86.14,1
2001,6,13,-31.08,1,815.05,1,11.44,1,193,1,NA,0,4.59,66.12,1
2001,6,14,-33.28,1,816.74,1,10.54,1,105.25,1,NA,0,8.84,104.61,1
2001,6,15,-27.55,1,814.48,1,11.18,1,103.62,1,NA,0,10.38,103.74,1
2001,6,16,-24.7,1,810.15,1,11.16,0.875,91.25,1,NA,0,11.01,93.16,0.875
2001,6,17,-28.84,1,812.11,1,11.56,1,73.12,1,NA,0,11.41,72.85,1
2001,6,18,-27.25,1,801.98,1,10.86,1,95.88,1,NA,0,10.59,95.34,1
2001,6,19,-33.73,1,795.64,1,7.53,0.75,71.25,1,NA,0,6.8,87.62,0.75
2001,6,20,-34.12,0.75,803.09,1,8.46,1,82.25,1,NA,0,8.26,82.55,1
2001,6,21,NA,0.375,811.33,1,10.69,0.875,55,1,NA,0,9.95,49.63,0.875
2001,6,22,-21.31,1,809.3,1,12.07,1,25.62,1,NA,0,11.85,25.55,1
2001,6,23,-15.97,0.75,814.81,1,NA,0.5,54.57,0.875,NA,0,NA,NA,0.5
2001,6,24,-37.92,0.75,821.25,1,NA,0,NA,0,NA,0,NA,NA,0
2001,6,25,-33.29,0.875,812.64,1,NA,0,NA,0,NA,0,NA,NA,0
2001,6,26,-30.92,1,808.41,1,NA,0,NA,0,NA,0,NA,NA,0
2001,6,27,-31.34,1,800.7,1,NA,0,NA,0,NA,0,NA,NA,0
2001,6,28,-37.72,0.75,799.53,1,NA,0,NA,0,NA,0,NA,NA,0
2001,6,29,-31.1,0.875,803.23,1,NA,0,NA,0,NA,0,NA,NA,0
2001,6,30,-29.82,1,812.27,1,NA,0,NA,0,NA,0,NA,NA,0
2001,7,1,-27.53,1,808.05,1,NA,0,NA,0,NA,0,NA,NA,0
2001,7,2,-28.41,1,800.24,1,NA,0,NA,0,NA,0,NA,NA,0
2001,7,3,-35.98,1,806.36,1,NA,0,NA,0,NA,0,NA,NA,0
2001,7,4,-35.24,1,806.28,1,NA,0,NA,0,NA,0,NA,NA,0
2001,7,5,-29.31,1,801.56,1,NA,0,NA,0,NA,0,NA,NA,0
2001,7,6,-41.98,0.75,801.68,1,NA,0,NA,0,NA,0,NA,NA,0
2001,7,7,-41.96,1,796.96,1,NA,0,NA,0,NA,0,NA,NA,0
2001,7,8,-39.04,1,803.53,1,NA,0,NA,0,NA,0,NA,NA,0
2001,7,9,NA,0.5,816.64,1,NA,0,NA,0,NA,0,NA,NA,0
2001,7,10,-20.68,1,825.56,1,NA,0,NA,0,NA,0,NA,NA,0
2001,7,11,-18.71,1,816.51,1,NA,0,NA,0,NA,0,NA,NA,0
2001,7,12,-21.27,0.875,815.84,1,NA,0,NA,0,NA,0,NA,NA,0
2001,7,13,-26.09,0.875,814.29,1,NA,0,NA,0,NA,0,NA,NA,0
2001,7,14,-28.33,0.75,822.41,1,NA,0,NA,0,NA,0,NA,NA,0
2001,7,15,-25.68,0.75,816.21,1,NA,0,NA,0,NA,0,NA,NA,0
2001,7,16,-24.67,0.875,832.86,1,NA,0,NA,0,NA,0,NA,NA,0
2001,7,17,-26.14,0.875,829.41,1,NA,0,NA,0,NA,0,NA,NA,0
2001,7,18,NA,0.625,831.07,1,NA,0,NA,0,NA,0,NA,NA,0
2001,7,19,-24.16,1,826.96,1,NA,0,NA,0,NA,0,NA,NA,0
2001,7,20,-25.88,1,825.84,1,NA,0,NA,0,NA,0,NA,NA,0
2001,7,21,-28.88,0.75,823.26,1,NA,0,NA,0,NA,0,NA,NA,0
2001,7,22,-32.78,1,812.65,1,NA,0,NA,0,NA,0,NA,NA,0
2001,7,23,-34.59,1,803.26,1,NA,0,NA,0,NA,0,NA,NA,0
2001,7,24,-34.65,1,804.32,1,NA,0,NA,0,NA,0,NA,NA,0
2001,7,25,-32.09,1,809.03,1,NA,0,NA,0,NA,0,NA,NA,0
2001,7,26,-29.54,1,808.21,1,NA,0,NA,0,NA,0,NA,NA,0
2001,7,27,-26.66,1,811.73,1,NA,0,NA,0,NA,0,NA,NA,0
2001,7,28,NA,0.5,815.03,1,NA,0,NA,0,NA,0,NA,NA,0
2001,7,29,-37.45,1,816.16,1,NA,0,NA,0,NA,0,NA,NA,0
2001,7,30,-41.31,1,817,1,NA,0,NA,0,NA,0,NA,NA,0
2001,7,31,-39.87,1,804.55,1,NA,0,NA,0,NA,0,NA,NA,0
2001,8,1,-40.03,1,794.49,1,NA,0,NA,0,NA,0,NA,NA,0
2001,8,2,NA,0.625,787.43,1,NA,0,NA,0,NA,0,NA,NA,0
2001,8,3,-33.35,0.75,790.88,1,NA,0,NA,0,NA,0,NA,NA,0
2001,8,4,-35.38,0.75,793.21,1,NA,0,NA,0,NA,0,NA,NA,0
2001,8,5,-34.09,0.875,796.56,1,NA,0,NA,0,NA,0,NA,NA,0
2001,8,6,-43.43,1,795.05,1,NA,0,NA,0,NA,0,NA,NA,0
2001,8,7,-49.33,0.875,794.05,1,NA,0,NA,0,NA,0,NA,NA,0
2001,8,8,-47.12,1,793.89,1,NA,0,NA,0,NA,0,NA,NA,0
2001,8,9,NA,0.625,786.31,1,NA,0,NA,0,NA,0,NA,NA,0
2001,8,10,-38.34,1,789.06,1,NA,0,NA,0,NA,0,NA,NA,0
2001,8,11,-45.06,1,786.96,1,NA,0,NA,0,NA,0,NA,NA,0
2001,8,12,-47.21,1,787.8,1,NA,0,NA,0,NA,0,NA,NA,0
2001,8,13,-39.38,1,795.46,1,NA,0,NA,0,NA,0,NA,NA,0
2001,8,14,-37.16,1,796.28,1,NA,0,NA,0,NA,0,NA,NA,0
2001,8,15,-39.95,1,794.59,1,NA,0,NA,0,NA,0,NA,NA,0
2001,8,16,-32.88,0.75,795.11,1,NA,0,NA,0,NA,0,NA,NA,0
2001,8,17,-29,0.875,800.25,1,NA,0,NA,0,NA,0,NA,NA,0
2001,8,18,NA,0.625,816.28,1,NA,0,NA,0,NA,0,NA,NA,0
2001,8,19,-45.93,0.875,820.31,1,NA,0,NA,0,NA,0,NA,NA,0
2001,8,20,-44.98,1,820.95,1,NA,0,NA,0,NA,0,NA,NA,0
2001,8,21,NA,0.375,809.94,1,NA,0,NA,0,NA,0,NA,NA,0
2001,8,22,NA,0.625,799.14,1,NA,0,NA,0,NA,0,NA,NA,0
2001,8,23,NA,0.25,795.33,1,NA,0,NA,0,NA,0,NA,NA,0
2001,8,24,NA,0.375,798.91,1,NA,0,NA,0,NA,0,NA,NA,0
2001,8,25,-52.97,0.875,799.13,1,NA,0,NA,0,NA,0,NA,NA,0
2001,8,26,NA,0.375,793.34,1,NA,0,NA,0,NA,0,NA,NA,0
2001,8,27,-35.9,1,803.86,1,NA,0.125,NA,0.125,NA,0,NA,NA,0.125
2001,8,28,-31.24,1,803.01,1,1.53,0.75,205.57,0.875,NA,0,0.48,180.3,0.75
2001,8,29,-29.33,1,809.75,1,NA,0,NA,0.5,NA,0,NA,NA,0
2001,8,30,-31.96,1,810.64,1,NA,0.625,69,0.75,NA,0,NA,NA,0.625
2001,8,31,-33.23,1,803.55,1,NA,0.375,NA,0.5,NA,0,NA,NA,0.375
2001,9,1,-38.12,0.75,805.85,1,NA,0.5,NA,0.5,NA,0,NA,NA,0.5
2001,9,2,-40.41,0.875,814.63,1,NA,0.25,NA,0.25,NA,0,NA,NA,0.25
2001,9,3,-37.31,1,810.44,1,NA,0,NA,0,NA,0,NA,NA,0
2001,9,4,-32.48,1,799.71,1,NA,0.25,NA,0.25,NA,0,NA,NA,0.25
2001,9,5,-37.11,1,797.25,1,NA,0,NA,0,NA,0,NA,NA,0
2001,9,6,-36.98,1,805.35,1,NA,0.625,NA,0.625,NA,0,NA,NA,0.625
2001,9,7,-35.05,1,808.81,1,NA,0.125,NA,0.125,NA,0,NA,NA,0.125
2001,9,8,-32.5,1,808.25,1,NA,0.125,85.29,0.875,NA,0,NA,NA,0.125
2001,9,9,-28.81,1,806.5,1,NA,0.5,154.12,1,NA,0,NA,NA,0.5
2001,9,10,-30.34,1,801.75,1,NA,0.125,NA,0.375,NA,0,NA,NA,0.125
2001,9,11,NA,0.625,802.25,1,NA,0.125,NA,0.125,NA,0,NA,NA,0.125
2001,9,12,-27.07,0.75,803.62,1,NA,0.125,NA,0.125,NA,0,NA,NA,0.125
2001,9,13,NA,0.375,NA,0.375,NA,0,NA,0,NA,0,NA,NA,0
2001,9,14,NA,0,NA,0,NA,0,NA,0,NA,0,NA,NA,0
2001,9,15,NA,0,NA,0,NA,0,NA,0,NA,0,NA,NA,0
2001,9,16,NA,0,NA,0,NA,0,NA,0,NA,0,NA,NA,0
2001,9,17,NA,0,NA,0,NA,0,NA,0,NA,0,NA,NA,0
2001,9,18,NA,0,NA,0,NA,0,NA,0,NA,0,NA,NA,0
2001,9,19,NA,0,NA,0,NA,0,NA,0,NA,0,NA,NA,0
2001,9,20,NA,0,NA,0,NA,0,NA,0,NA,0,NA,NA,0
2001,9,21,NA,0,NA,0,NA,0,NA,0,NA,0,NA,NA,0
2001,9,22,NA,0,NA,0,NA,0,NA,0,NA,0,NA,NA,0
2001,9,23,NA,0,NA,0,NA,0,NA,0,NA,0,NA,NA,0
2001,9,24,NA,0,NA,0,NA,0,NA,0,NA,0,NA,NA,0
2001,9,25,NA,0,NA,0,NA,0,NA,0,NA,0,NA,NA,0
2001,9,26,NA,0,NA,0,NA,0,NA,0,NA,0,NA,NA,0
2001,9,27,NA,0.125,NA,0.125,NA,0,NA,0,NA,0,NA,NA,0
2001,9,28,NA,0.5,NA,0.5,NA,0.25,NA,0.25,NA,0,NA,NA,0.25
2001,9,29,-36.84,0.875,788.01,1,NA,0,NA,0,NA,0,NA,NA,0
2001,9,30,-36.08,1,792.9,1,NA,0,NA,0,NA,0,NA,NA,0
2001,10,1,-41.72,0.75,794.29,1,NA,0,NA,0,NA,0,NA,NA,0
2001,10,2,-31.1,0.75,785.51,1,NA,0,NA,0,NA,0,NA,NA,0
2001,10,3,-20.94,1,794,1,NA,0,NA,0,NA,0,NA,NA,0
2001,10,4,-20.61,1,797,1,NA,0.5,NA,0.625,NA,0,NA,NA,0.5
2001,10,5,-25.78,1,801.7,1,NA,0.375,81,0.875,NA,0,NA,NA,0.375
2001,10,6,-27.53,1,803.7,1,NA,0.375,116.33,0.75,NA,0,NA,NA,0.375
2001,10,7,-28.91,0.875,803.99,1,NA,0.125,NA,0.25,NA,0,NA,NA,0.125
2001,10,8,NA,0.625,NA,0.625,NA,0.25,NA,0.625,NA,0,NA,NA,0.25
2001,10,9,NA,0,NA,0,NA,0,NA,0,NA,0,NA,NA,0
2001,10,10,NA,0,NA,0,NA,0,NA,0,NA,0,NA,NA,0
2001,10,11,NA,0,NA,0,NA,0,NA,0,NA,0,NA,NA,0
2001,10,12,NA,0,NA,0,NA,0,NA,0,NA,0,NA,NA,0
2001,10,13,NA,0,NA,0,NA,0,NA,0,NA,0,NA,NA,0
2001,10,14,NA,0,NA,0,NA,0,NA,0,NA,0,NA,NA,0
2001,10,15,NA,0,NA,0,NA,0,NA,0,NA,0,NA,NA,0
2001,10,16,NA,0,NA,0,NA,0,NA,0,NA,0,NA,NA,0
2001,10,17,NA,0,NA,0,NA,0,NA,0,NA,0,NA,NA,0
2001,10,18,NA,0,NA,0,NA,0,NA,0,NA,0,NA,NA,0
2001,10,19,NA,0,NA,0,NA,0,NA,0,NA,0,NA,NA,0
2001,10,20,NA,0,NA,0,NA,0,NA,0,NA,0,NA,NA,0
2001,10,21,NA,0,NA,0,NA,0,NA,0,NA,0,NA,NA,0
2001,10,22,NA,0,NA,0,NA,0,NA,0,NA,0,NA,NA,0
2001,10,23,NA,0,NA,0,NA,0,NA,0,NA,0,NA,NA,0
2001,10,24,NA,0,NA,0,NA,0,NA,0,NA,0,NA,NA,0
2001,10,25,NA,0,NA,0,NA,0,NA,0,NA,0,NA,NA,0
2001,10,26,NA,0,NA,0,NA,0,NA,0,NA,0,NA,NA,0
2001,10,27,NA,0,NA,0,NA,0,NA,0,NA,0,NA,NA,0
2001,10,28,NA,0,NA,0,NA,0,NA,0,NA,0,NA,NA,0
2001,10,29,NA,0,NA,0,NA,0,NA,0,NA,0,NA,NA,0
2001,10,30,NA,0,NA,0,NA,0,NA,0,NA,0,NA,NA,0
2001,10,31,NA,0,NA,0,NA,0,NA,0,NA,0,NA,NA,0
