Year,Month,Day,Temperature(¡æ),wt_T,Pressure(hPa),wt_P,Wind Speed(m/s),wt_WS,Wind Direction,wt_WD,Relative Humidity(%),wt_RH,Vector Wind Speed(m/s),Vector Wind Direction(¡ã),wt_V
2008,12,11,NA,0.625,NA,0,NA,0.375,270,0.75,71.5,0.75,NA,NA,0.375
2008,12,12,-10.74,0.75,NA,0,4.38,1,185.62,1,89.63,1,2.12,148.29,1
2008,12,13,-10.81,0.875,NA,0,4.38,1,258.38,1,80.88,1,4.29,262.36,1
2008,12,14,-11.41,1,NA,0,6.12,1,273.88,1,80,1,5.89,273.56,1
2008,12,15,-11.55,0.875,NA,0,3,0.75,196,1,79.25,1,1.3,298.12,0.75
2008,12,16,-13.5,1,NA,0,NA,0.5,298.12,1,64,1,NA,NA,0.5
2008,12,17,-12.47,0.875,NA,0,NA,0.375,304,1,64.25,1,NA,NA,0.375
2008,12,18,-10.1,0.875,NA,0,NA,0.5,291.25,1,67.13,1,NA,NA,0.5
2008,12,19,-9.82,0.875,NA,0,NA,0.375,285,1,71.25,1,NA,NA,0.375
2008,12,20,-10.34,0.75,NA,0,6.71,0.875,311.62,1,62.88,1,6.62,308.88,0.875
2008,12,21,NA,0.5,NA,0,NA,0.625,220.12,1,61.13,1,NA,NA,0.625
2008,12,22,-10.53,0.875,NA,0,NA,0.5,256.62,1,67.88,1,NA,NA,0.5
2008,12,23,-10.95,1,NA,0,9.67,0.75,292.88,1,66.75,1,9.54,288.71,0.75
2008,12,24,-10.2,1,NA,0,10,0.75,286.25,1,68.5,1,9.9,285.82,0.75
2008,12,25,-8.5,1,NA,0,NA,0.375,286,1,68.63,1,NA,NA,0.375
2008,12,26,-7.08,1,NA,0,NA,0.5,282.75,1,64.88,1,NA,NA,0.5
2008,12,27,-5.97,1,NA,0,10.12,1,294.75,1,62.38,1,10.09,294.49,1
2008,12,28,-4.91,0.75,NA,0,NA,0.25,286.38,1,66.25,1,NA,NA,0.25
2008,12,29,-7.82,1,NA,0,17,1,285.12,1,68.25,1,16.99,285.06,1
2008,12,30,-8.8,1,NA,0,NA,0.625,282,1,69.38,1,NA,NA,0.625
2008,12,31,-7.87,0.875,NA,0,4.83,0.75,294.38,1,69.75,1,4.57,295.75,0.75
2009,1,1,-8.72,0.875,NA,0,6.5,0.75,309.25,1,66.5,1,6.31,310.01,0.75
2009,1,2,-8.63,1,NA,0,NA,0.5,288.12,1,71.5,1,NA,NA,0.5
2009,1,3,-9.6,0.875,NA,0,NA,0.625,240.25,1,85.25,1,NA,NA,0.625
2009,1,4,-9.43,1,NA,0,6.67,0.75,249.88,1,79.5,1,6.37,275.37,0.75
2009,1,5,-9.42,1,NA,0,NA,0.625,292.62,1,68.5,1,NA,NA,0.625
2009,1,6,NA,0.625,NA,0,NA,0.5,292.5,1,71.63,1,NA,NA,0.5
2009,1,7,-8.71,1,NA,0,3.86,0.875,204.88,1,85.25,1,1.85,172.08,0.875
2009,1,8,-7.93,0.875,NA,0,NA,0.625,268.75,1,69.13,1,NA,NA,0.625
2009,1,9,-9.26,1,NA,0,18.38,1,296.62,1,71.63,1,18.11,297.07,1
2009,1,10,NA,0.375,NA,0,NA,0.625,257.62,1,73,1,NA,NA,0.625
2009,1,11,-9.25,0.875,NA,0,NA,0.625,247.88,1,84.38,1,NA,NA,0.625
2009,1,12,-11.05,1,NA,0,NA,0.375,291.88,1,70.63,1,NA,NA,0.375
2009,1,13,-10.71,1,NA,0,NA,0.625,275.62,1,81.13,1,NA,NA,0.625
2009,1,14,-10.63,1,NA,0,NA,0.5,286.62,1,70.38,1,NA,NA,0.5
2009,1,15,-12.77,0.875,NA,0,20.5,0.75,293,1,69.25,1,20.35,292.94,0.75
2009,1,16,-11.26,0.875,NA,0,NA,0.625,300.25,1,76.38,1,NA,NA,0.625
2009,1,17,-12.5,1,NA,0,NA,0.5,286.62,1,69.25,1,NA,NA,0.5
2009,1,18,-13.52,0.875,NA,0,NA,0.375,288.71,0.875,75.14,0.875,NA,NA,0.375
2009,1,19,-12.39,1,NA,0,NA,0.5,301.88,1,71.38,1,NA,NA,0.5
2009,1,20,-11.61,1,NA,0,NA,0.5,209.38,1,86.5,1,NA,NA,0.5
2009,1,21,-12.9,1,NA,0,NA,0.375,290.5,1,80.13,1,NA,NA,0.375
2009,1,22,-12.21,1,NA,0,NA,0.25,286.38,1,81.63,1,NA,NA,0.25
2009,1,23,-11.76,1,NA,0,NA,0.625,288,1,75.75,1,NA,NA,0.625
2009,1,24,-12.1,1,NA,0,NA,0.5,290.5,1,68.38,1,NA,NA,0.5
2009,1,25,-12.08,1,NA,0,NA,0.5,290.38,1,65.25,1,NA,NA,0.5
2009,1,26,-11.74,0.75,NA,0,NA,0.5,295.38,1,67.5,1,NA,NA,0.5
2009,1,27,-14.14,0.875,NA,0,NA,0.5,304.5,1,72.13,1,NA,NA,0.5
2009,1,28,-13.15,1,NA,0,NA,0.5,302.62,1,70.63,1,NA,NA,0.5
2009,1,29,-15.27,0.875,NA,0,NA,0.25,307.25,1,64.88,1,NA,NA,0.25
2009,1,30,NA,0.625,NA,0,NA,0.5,279.38,1,74.5,1,NA,NA,0.5
2009,1,31,-14.24,1,NA,0,NA,0.125,285.12,1,71.63,1,NA,NA,0.125
2009,2,1,-11.93,1,NA,0,NA,0.5,303.38,1,70.88,1,NA,NA,0.5
2009,2,2,-10.37,1,NA,0,NA,0.5,217,1,67.5,1,NA,NA,0.5
2009,2,3,-10.92,1,NA,0,NA,0.5,293.38,1,73.5,1,NA,NA,0.5
2009,2,4,-11.1,0.75,NA,0,NA,0.5,302.88,1,70.13,1,NA,NA,0.5
2009,2,5,-14.76,1,NA,0,19.17,0.75,302,1,71.63,1,18.6,300.54,0.75
2009,2,6,-13.98,0.875,NA,0,NA,0.375,291.12,1,75.38,1,NA,NA,0.375
2009,2,7,-15.82,0.875,NA,0,NA,0.5,308,1,71.75,1,NA,NA,0.5
2009,2,8,-17.83,1,NA,0,NA,0.625,296,1,67.38,1,NA,NA,0.625
2009,2,9,-13.71,0.875,NA,0,NA,0.625,213,1,86.5,1,NA,NA,0.625
2009,2,10,-13.69,0.875,NA,0,4.57,0.875,212.75,1,87.13,1,0.71,253.89,0.875
2009,2,11,-15.56,0.875,NA,0,NA,0.5,283.5,1,73.25,1,NA,NA,0.5
2009,2,12,-16.02,0.75,NA,0,NA,0,300.88,1,74.75,1,NA,NA,0
2009,2,13,-20.8,1,NA,0,NA,0.5,291.38,1,73.38,1,NA,NA,0.5
2009,2,14,-21.32,1,NA,0,NA,0.625,302.88,1,74.75,1,NA,NA,0.625
2009,2,15,-20.68,1,NA,0,14.88,1,287.38,1,74.75,1,14.68,289.04,1
2009,2,16,-16.81,0.875,NA,0,NA,0.5,256,1,83.5,1,NA,NA,0.5
2009,2,17,NA,0.625,NA,0,NA,0.5,289.5,1,79,1,NA,NA,0.5
2009,2,18,-24.26,1,NA,0,NA,0.5,297,1,71.88,1,NA,NA,0.5
2009,2,19,-25.58,1,NA,0,NA,0.375,301.75,1,69.25,1,NA,NA,0.375
2009,2,20,-24.12,1,NA,0,NA,0.375,295.38,1,75,1,NA,NA,0.375
2009,2,21,-22.26,1,NA,0,35.14,0.875,286.38,1,77.75,1,35.04,286.83,0.875
2009,2,22,-23.73,0.875,NA,0,NA,0.25,292.75,1,66.75,1,NA,NA,0.25
2009,2,23,-25.49,1,NA,0,NA,0.125,295.5,1,71.75,1,NA,NA,0.125
2009,2,24,-24.99,1,NA,0,NA,0.5,291.25,1,73.88,1,NA,NA,0.5
2009,2,25,-24.47,1,NA,0,NA,0.5,293.12,1,67.25,1,NA,NA,0.5
2009,2,26,-26.72,1,NA,0,NA,0.5,307.25,1,65.25,1,NA,NA,0.5
2009,2,27,-26.48,0.75,NA,0,NA,0.375,294.88,1,70.38,1,NA,NA,0.375
2009,2,28,-28.19,1,NA,0,NA,0.375,311.12,1,70.75,1,NA,NA,0.375
2009,3,1,-23.18,1,NA,0,NA,0.625,296.88,1,59.38,1,NA,NA,0.625
2009,3,2,-24.23,0.75,NA,0,19.43,0.875,303.12,1,63.63,1,19.33,304.24,0.875
2009,3,3,-25.04,0.75,NA,0,NA,0.625,306.5,1,71.5,1,NA,NA,0.625
2009,3,4,-28.97,1,NA,0,NA,0.5,316.12,1,75.13,1,NA,NA,0.5
2009,3,5,-24.99,1,NA,0,NA,0.375,305.38,1,79.5,1,NA,NA,0.375
2009,3,6,-28.92,1,NA,0,NA,0.5,305.62,1,74.88,1,NA,NA,0.5
2009,3,7,-29.15,1,NA,0,NA,0.625,299.25,1,73.88,1,NA,NA,0.625
2009,3,8,-29.51,1,NA,0,NA,0.625,302.62,1,73.38,1,NA,NA,0.625
2009,3,9,-29.52,1,NA,0,28.33,0.75,296.38,1,70.38,1,28.32,296.59,0.75
2009,3,10,-28.61,1,NA,0,NA,0.5,296.75,1,72,1,NA,NA,0.5
2009,3,11,-30.49,1,NA,0,30,0.75,294.12,1,71.13,1,29.89,295.96,0.75
2009,3,12,-27.33,1,NA,0,NA,0.375,296,1,75.5,1,NA,NA,0.375
2009,3,13,-24.4,1,NA,0,NA,0.25,292.75,1,68.38,1,NA,NA,0.25
2009,3,14,-25.88,1,NA,0,NA,0.375,295,1,69.13,1,NA,NA,0.375
2009,3,15,-29.68,1,NA,0,24.71,0.875,292.88,1,63.75,1,24.71,293.28,0.875
2009,3,16,-34.1,1,NA,0,NA,0.625,294.5,1,62.5,1,NA,NA,0.625
2009,3,17,-34.12,1,NA,0,16.29,0.875,307.62,1,56.75,1,16.17,306.77,0.875
2009,3,18,-34.02,1,NA,0,NA,0.375,300,1,63.25,1,NA,NA,0.375
2009,3,19,-32.71,1,NA,0,NA,0.375,311.88,1,65.25,1,NA,NA,0.375
2009,3,20,-29.37,0.875,NA,0,NA,0.375,296.25,1,68.13,1,NA,NA,0.375
2009,3,21,NA,0,NA,0,NA,0,NA,0.125,NA,0.125,NA,NA,0
2009,3,22,NA,0,NA,0,NA,0,NA,0,NA,0,NA,NA,0
2009,3,23,NA,0.625,NA,0,NA,0.25,304.33,0.75,65.83,0.75,NA,NA,0.25
2009,3,24,-33.39,0.875,NA,0,NA,0.375,298.5,1,66,1,NA,NA,0.375
2009,3,25,-30.27,1,NA,0,NA,0.625,285.88,1,61.5,1,NA,NA,0.625
2009,3,26,-27.4,1,NA,0,NA,0.625,286.88,1,70.75,1,NA,NA,0.625
2009,3,27,-24.8,1,NA,0,NA,0.625,292.88,1,73.63,1,NA,NA,0.625
2009,3,28,-29.51,1,NA,0,NA,0.625,297,1,68.75,1,NA,NA,0.625
2009,3,29,-29.63,1,NA,0,NA,0.625,296.5,0.75,66.25,1,NA,NA,0.625
2009,3,30,-30.38,0.875,NA,0,36.5,0.75,296.71,0.875,71.75,1,36.46,296.12,0.75
2009,3,31,NA,0,NA,0,NA,0,NA,0.375,NA,0.375,NA,NA,0
2009,4,1,NA,0,NA,0,NA,0,NA,0,NA,0,NA,NA,0
2009,4,2,NA,0,NA,0,NA,0,NA,0,NA,0,NA,NA,0
2009,4,3,NA,0,NA,0,NA,0,NA,0,NA,0,NA,NA,0
2009,4,4,NA,0,NA,0,NA,0,NA,0,NA,0,NA,NA,0
2009,4,5,NA,0,NA,0,NA,0,NA,0,NA,0,NA,NA,0
2009,4,6,NA,0,NA,0,NA,0,NA,0,NA,0,NA,NA,0
2009,4,7,NA,0,NA,0,NA,0,NA,0,NA,0,NA,NA,0
2009,4,8,NA,0,NA,0,NA,0,NA,0,NA,0,NA,NA,0
2009,4,9,NA,0,NA,0,NA,0,NA,0,NA,0,NA,NA,0
2009,4,10,NA,0,NA,0,NA,0,NA,0,NA,0,NA,NA,0
2009,4,11,NA,0,NA,0,NA,0,NA,0,NA,0,NA,NA,0
2009,4,12,NA,0,NA,0,NA,0,NA,0,NA,0,NA,NA,0
2009,4,13,NA,0,NA,0,NA,0,NA,0,NA,0,NA,NA,0
2009,4,14,NA,0,NA,0,NA,0,NA,0,NA,0,NA,NA,0
2009,4,15,NA,0,NA,0,NA,0,NA,0,NA,0,NA,NA,0
2009,4,16,NA,0,NA,0,NA,0,NA,0,NA,0,NA,NA,0
2009,4,17,NA,0,NA,0,NA,0,NA,0,NA,0,NA,NA,0
2009,4,18,NA,0.625,NA,0,NA,0.125,NA,0.625,NA,0.625,NA,NA,0.125
2009,4,19,-27.84,1,NA,0,19,0.75,297.5,1,75.5,1,18.84,295.2,0.75
2009,4,20,-18.98,0.875,NA,0,NA,0.625,229.38,1,85.13,1,NA,NA,0.625
2009,4,21,-22.62,1,NA,0,10.38,1,268.25,1,82.25,1,9.17,269.47,1
2009,4,22,-21.23,1,NA,0,NA,0.625,274.38,1,83.38,1,NA,NA,0.625
2009,4,23,-20.01,1,NA,0,NA,0.5,268.12,1,84.38,1,NA,NA,0.5
2009,4,24,-21.7,1,NA,0,NA,0.125,276.62,1,83.5,1,NA,NA,0.125
2009,4,25,-35.6,0.75,NA,0,NA,0.25,322.25,1,69.75,1,NA,NA,0.25
2009,4,26,-37.64,1,NA,0,NA,0.625,301.75,1,66,1,NA,NA,0.625
2009,4,27,-37.82,1,NA,0,NA,0.625,305.12,1,65.5,1,NA,NA,0.625
2009,4,28,-36.63,1,NA,0,26.33,0.75,305.38,1,67,1,26.16,307.05,0.75
2009,4,29,-32.11,1,NA,0,21.5,0.75,304.62,1,72,1,21.4,303.91,0.75
2009,4,30,NA,0.625,NA,0,NA,0.25,301.25,1,73.63,1,NA,NA,0.25
2009,5,1,-34.98,1,NA,0,NA,0.5,312.12,1,68.75,1,NA,NA,0.5
2009,5,2,-31.26,0.875,NA,0,34.5,0.75,299.12,1,71.13,1,34.45,298.23,0.75
2009,5,3,-26.5,1,NA,0,27.33,0.75,291.38,1,71.88,1,27.27,291.25,0.75
2009,5,4,-28.8,1,NA,0,NA,0.625,295.62,1,67,1,NA,NA,0.625
2009,5,5,-32.24,1,NA,0,NA,0.375,294.75,1,70.25,1,NA,NA,0.375
2009,5,6,-29.16,1,NA,0,12.5,0.75,299.75,1,60,1,12.42,298.64,0.75
2009,5,7,-28.21,0.75,NA,0,NA,0.25,297.88,1,70,1,NA,NA,0.25
2009,5,8,-35.51,0.75,NA,0,NA,0.25,301.62,1,67.88,1,NA,NA,0.25
2009,5,9,-37.35,1,NA,0,NA,0.25,300.5,1,65.88,1,NA,NA,0.25
2009,5,10,-39.69,0.75,NA,0,NA,0.375,298.5,1,63.25,1,NA,NA,0.375
2009,5,11,-34.61,0.875,NA,0,NA,0.25,299.62,1,68,1,NA,NA,0.25
2009,5,12,-26.69,0.75,NA,0,NA,0,235.25,1,75.25,1,NA,NA,0
2009,5,13,-28.92,1,NA,0,NA,0.25,316.25,1,75.38,1,NA,NA,0.25
2009,5,14,-33.45,0.875,NA,0,NA,0.375,305.88,1,70.38,1,NA,NA,0.375
2009,5,15,-33.62,1,NA,0,44.67,0.75,294.38,1,69.5,1,44.61,295.38,0.75
2009,5,16,-33.6,1,NA,0,NA,0.375,290.38,1,63.63,1,NA,NA,0.375
2009,5,17,-35.93,1,NA,0,22.83,0.75,296.75,1,58.5,1,22.83,297.14,0.75
2009,5,18,-39.71,0.75,NA,0,NA,0.25,296.75,1,61.5,1,NA,NA,0.25
2009,5,19,NA,0.375,NA,0,NA,0.375,312.38,1,61.13,1,NA,NA,0.375
2009,5,20,-39.87,0.875,NA,0,NA,0.125,305.12,1,63,1,NA,NA,0.125
2009,5,21,-36.25,1,NA,0,NA,0.5,300.88,1,65,1,NA,NA,0.5
2009,5,22,-36.84,1,NA,0,NA,0.625,301.38,1,63.88,1,NA,NA,0.625
2009,5,23,-35.29,1,NA,0,NA,0.5,303.88,1,67.25,1,NA,NA,0.5
2009,5,24,-36.71,0.75,NA,0,29,0.75,315.38,1,66.5,1,28.23,318.03,0.75
2009,5,25,-27.29,0.875,NA,0,NA,0.5,295.25,1,76.38,1,NA,NA,0.5
2009,5,26,NA,0.625,NA,0,NA,0.375,302.88,1,73.75,1,NA,NA,0.375
2009,5,27,-31.74,1,NA,0,NA,0.375,297.25,1,66.88,1,NA,NA,0.375
2009,5,28,-25.59,1,NA,0,NA,0.5,300.88,1,71.63,1,NA,NA,0.5
2009,5,29,-33.26,1,NA,0,NA,0.5,308.75,1,67.38,1,NA,NA,0.5
2009,5,30,-32.41,0.875,NA,0,NA,0.625,301.12,1,72.13,1,NA,NA,0.625
2009,5,31,-34.71,0.75,NA,0,NA,0.375,302.88,1,69.38,1,NA,NA,0.375
2009,6,1,-30.51,1,NA,0,22.25,1,302,1,70,1,22.25,302.05,1
2009,6,2,-30.56,1,NA,0,NA,0.375,294,1,68.25,1,NA,NA,0.375
2009,6,3,-36.96,0.875,NA,0,NA,0.25,315,1,66.63,1,NA,NA,0.25
2009,6,4,-36.15,1,NA,0,NA,0.25,308.25,1,67.25,1,NA,NA,0.25
2009,6,5,-34.53,0.875,NA,0,NA,0.375,322,1,68.88,1,NA,NA,0.375
2009,6,6,-32.66,1,NA,0,NA,0.375,302.12,1,66.75,1,NA,NA,0.375
2009,6,7,-34.27,0.875,NA,0,10,0.75,290.38,1,68.25,1,9.97,286.97,0.75
2009,6,8,NA,0.125,NA,0,NA,0.125,300.29,0.875,60.43,0.875,NA,NA,0.125
2009,6,9,NA,0.5,NA,0,NA,0.25,301.62,1,63.75,1,NA,NA,0.25
2009,6,10,-43.5,0.75,NA,0,NA,0.625,298,1,58.13,1,NA,NA,0.625
2009,6,11,NA,0,NA,0,NA,0.125,303,0.75,61.83,0.75,NA,NA,0.125
2009,6,12,NA,0,NA,0,NA,0,NA,0,NA,0,NA,NA,0
2009,6,13,NA,0,NA,0,NA,0,NA,0,NA,0,NA,NA,0
2009,6,14,NA,0,NA,0,NA,0,NA,0,NA,0,NA,NA,0
2009,6,15,NA,0,NA,0,NA,0,NA,0,NA,0,NA,NA,0
2009,6,16,NA,0,NA,0,NA,0,NA,0,NA,0,NA,NA,0
2009,6,17,NA,0,NA,0,NA,0,NA,0,NA,0,NA,NA,0
2009,6,18,NA,0,NA,0,NA,0,NA,0,NA,0,NA,NA,0
2009,6,19,NA,0,NA,0,NA,0,NA,0,NA,0,NA,NA,0
2009,6,20,NA,0,NA,0,NA,0,NA,0,NA,0,NA,NA,0
2009,6,21,NA,0,NA,0,NA,0,NA,0,NA,0,NA,NA,0
2009,6,22,NA,0,NA,0,NA,0,NA,0,NA,0,NA,NA,0
2009,6,23,NA,0,NA,0,NA,0,NA,0,NA,0,NA,NA,0
2009,6,24,NA,0,NA,0,NA,0,NA,0,NA,0,NA,NA,0
2009,6,25,NA,0,NA,0,NA,0,NA,0,NA,0,NA,NA,0
2009,6,26,NA,0,NA,0,NA,0,NA,0,NA,0,NA,NA,0
2009,6,27,NA,0,NA,0,NA,0,NA,0,NA,0,NA,NA,0
2009,6,28,NA,0,NA,0,NA,0,NA,0,NA,0,NA,NA,0
2009,6,29,NA,0,NA,0,NA,0,NA,0,NA,0,NA,NA,0
2009,6,30,NA,0,NA,0,NA,0,NA,0,NA,0,NA,NA,0
2009,7,1,NA,0,NA,0,NA,0,NA,0,NA,0,NA,NA,0
2009,7,2,NA,0,NA,0,NA,0,NA,0,NA,0,NA,NA,0
2009,7,3,NA,0,NA,0,NA,0,NA,0,NA,0,NA,NA,0
2009,7,4,NA,0,NA,0,NA,0,NA,0,NA,0,NA,NA,0
2009,7,5,NA,0,NA,0,NA,0,NA,0,NA,0,NA,NA,0
2009,7,6,NA,0,NA,0,NA,0,NA,0,NA,0,NA,NA,0
2009,7,7,NA,0,NA,0,NA,0,NA,0,NA,0,NA,NA,0
2009,7,8,NA,0,NA,0,NA,0,NA,0,NA,0,NA,NA,0
2009,7,9,NA,0,NA,0,NA,0,NA,0,NA,0,NA,NA,0
2009,7,10,NA,0,NA,0,NA,0,NA,0,NA,0,NA,NA,0
2009,7,11,NA,0,NA,0,NA,0,NA,0,NA,0,NA,NA,0
2009,7,12,NA,0,NA,0,NA,0,NA,0,NA,0,NA,NA,0
2009,7,13,NA,0,NA,0,NA,0,NA,0,NA,0,NA,NA,0
2009,7,14,NA,0,NA,0,NA,0,NA,0,NA,0,NA,NA,0
2009,7,15,NA,0,NA,0,NA,0,NA,0,NA,0,NA,NA,0
2009,7,16,NA,0,NA,0,NA,0,NA,0,NA,0,NA,NA,0
2009,7,17,NA,0,NA,0,NA,0,NA,0,NA,0,NA,NA,0
2009,7,18,NA,0,NA,0,NA,0,NA,0,NA,0,NA,NA,0
2009,7,19,NA,0,NA,0,NA,0,NA,0,NA,0,NA,NA,0
2009,7,20,NA,0,NA,0,NA,0,NA,0,NA,0,NA,NA,0
2009,7,21,NA,0,NA,0,NA,0,NA,0,NA,0,NA,NA,0
2009,7,22,NA,0,NA,0,NA,0,NA,0,NA,0,NA,NA,0
2009,7,23,NA,0,NA,0,NA,0,NA,0,NA,0,NA,NA,0
2009,7,24,NA,0,NA,0,NA,0,NA,0,NA,0,NA,NA,0
2009,7,25,NA,0,NA,0,NA,0,NA,0,NA,0,NA,NA,0
2009,7,26,NA,0,NA,0,NA,0,NA,0,NA,0,NA,NA,0
2009,7,27,NA,0,NA,0,NA,0,NA,0,NA,0,NA,NA,0
2009,7,28,NA,0,NA,0,NA,0,NA,0,NA,0,NA,NA,0
2009,7,29,NA,0,NA,0,NA,0,NA,0,NA,0,NA,NA,0
2009,7,30,NA,0,NA,0,NA,0,NA,0,NA,0,NA,NA,0
2009,7,31,NA,0,NA,0,NA,0,NA,0,NA,0,NA,NA,0
2009,8,1,NA,0,NA,0,NA,0,NA,0,NA,0,NA,NA,0
2009,8,2,NA,0,NA,0,NA,0,NA,0,NA,0,NA,NA,0
2009,8,3,NA,0,NA,0,NA,0,NA,0,NA,0,NA,NA,0
2009,8,4,NA,0,NA,0,NA,0,NA,0,NA,0,NA,NA,0
2009,8,5,NA,0,NA,0,NA,0,NA,0,NA,0,NA,NA,0
2009,8,6,NA,0,NA,0,NA,0,NA,0,NA,0,NA,NA,0
2009,8,7,NA,0,NA,0,NA,0,NA,0,NA,0,NA,NA,0
2009,8,8,NA,0,NA,0,NA,0,NA,0,NA,0,NA,NA,0
2009,8,9,NA,0,NA,0,NA,0,NA,0,NA,0,NA,NA,0
2009,8,10,NA,0,NA,0,NA,0,NA,0,NA,0,NA,NA,0
2009,8,11,NA,0,NA,0,NA,0,NA,0,NA,0,NA,NA,0
2009,8,12,NA,0,NA,0,NA,0,NA,0,NA,0,NA,NA,0
2009,8,13,NA,0,NA,0,NA,0,NA,0,NA,0,NA,NA,0
2009,8,14,NA,0,NA,0,NA,0,NA,0,NA,0,NA,NA,0
2009,8,15,NA,0,NA,0,NA,0,NA,0,NA,0,NA,NA,0
2009,8,16,NA,0.375,NA,0,NA,0.375,298.67,0.75,64.33,0.75,NA,NA,0.375
2009,8,17,-36.99,1,NA,0,NA,0.625,294.62,1,66.88,1,NA,NA,0.625
2009,8,18,-33.01,1,NA,0,NA,0.5,295.5,1,71.75,1,NA,NA,0.5
2009,8,19,-30.75,1,NA,0,NA,0,237.5,1,74.38,1,NA,NA,0
2009,8,20,-30.59,1,NA,0,NA,0.125,298.75,1,74.63,1,NA,NA,0.125
2009,8,21,-30.96,1,NA,0,39.17,0.75,295.38,1,74.5,1,39.12,294.79,0.75
2009,8,22,-33.6,1,NA,0,NA,0.25,292.25,1,71.63,1,NA,NA,0.25
2009,8,23,-34.83,1,NA,0,NA,0.25,293.38,1,70.25,1,NA,NA,0.25
2009,8,24,NA,0.5,NA,0,NA,0.5,299.25,1,64.13,1,NA,NA,0.5
2009,8,25,-34.75,0.75,NA,0,NA,0,289.88,1,70.13,1,NA,NA,0
2009,8,26,-35.93,1,NA,0,NA,0.125,297.5,1,69.25,1,NA,NA,0.125
2009,8,27,-33.3,0.875,NA,0,NA,0.25,307.62,1,72.5,1,NA,NA,0.25
2009,8,28,-37.01,0.875,NA,0,NA,0.625,308.62,1,68,1,NA,NA,0.625
2009,8,29,-30.04,0.75,NA,0,NA,0.625,301.88,1,76.88,1,NA,NA,0.625
2009,8,30,-36.98,1,NA,0,NA,0.25,293.25,1,67.75,1,NA,NA,0.25
2009,8,31,-43.11,1,NA,0,29.75,1,295.88,1,59.63,1,29.72,295.82,1
2009,9,1,-44.4,1,NA,0,NA,0.375,299.25,1,57.75,1,NA,NA,0.375
2009,9,2,-42.39,1,NA,0,17.29,0.875,296.75,1,60.38,1,17.26,296.36,0.875
2009,9,3,-41.2,1,NA,0,27.43,0.875,295.88,1,61.63,1,27.32,295.52,0.875
2009,9,4,-30.71,1,NA,0,NA,0.125,282.88,1,75.13,1,NA,NA,0.125
2009,9,5,-22.62,0.75,NA,0,NA,0.125,282.62,1,82.38,1,NA,NA,0.125
2009,9,6,NA,0.375,NA,0,47,0.75,289.25,1,67.13,1,46.86,289.05,0.75
2009,9,7,NA,0,NA,0,NA,0,NA,0.5,NA,0.5,NA,NA,0
2009,9,8,NA,0.625,NA,0,NA,0.25,300.57,0.875,68.29,0.875,NA,NA,0.25
2009,9,9,-31.25,0.875,NA,0,NA,0.125,293.75,1,73.63,1,NA,NA,0.125
2009,9,10,-34.75,0.875,NA,0,NA,0.625,290.88,1,69.13,1,NA,NA,0.625
2009,9,11,NA,0.125,NA,0,NA,0.375,281.5,1,66.63,1,NA,NA,0.375
2009,9,12,-31.18,0.75,NA,0,NA,0,298.5,1,74.25,1,NA,NA,0
2009,9,13,-22.53,0.75,NA,0,NA,0.375,294.12,1,85.25,1,NA,NA,0.375
2009,9,14,-26.21,1,NA,0,NA,0.25,286.12,1,80.13,1,NA,NA,0.25
2009,9,15,-33.17,0.875,NA,0,NA,0.375,293.5,1,71.38,1,NA,NA,0.375
2009,9,16,-35.34,1,NA,0,NA,0.25,302.5,1,68.5,1,NA,NA,0.25
2009,9,17,-33.53,0.875,NA,0,NA,0.375,305.75,1,71,1,NA,NA,0.375
2009,9,18,-34.37,1,NA,0,NA,0.25,302,1,69.75,1,NA,NA,0.25
2009,9,19,-31.96,0.875,NA,0,NA,0.5,299.75,1,73.13,1,NA,NA,0.5
2009,9,20,-31.59,1,NA,0,NA,0.625,297.75,1,73,1,NA,NA,0.625
2009,9,21,-35.31,1,NA,0,24.17,0.75,297.29,0.875,68.25,1,NA,NA,0.625
2009,9,22,-38.57,1,NA,0,22,1,301.67,0.75,64.13,1,21.12,301.48,0.75
2009,9,23,-37,1,NA,0,22.33,0.75,299.38,1,65.75,1,22.33,299.53,0.75
2009,9,24,-34.81,1,NA,0,30.43,0.875,293.38,1,68.88,1,30.42,293.38,0.875
2009,9,25,-33.6,1,NA,0,25.17,0.75,296,1,70.25,1,25.15,295.95,0.75
2009,9,26,-34.97,0.75,NA,0,NA,0.25,294.5,1,67,1,NA,NA,0.25
2009,9,27,NA,0.5,NA,0,NA,0.5,293.62,1,67.13,1,NA,NA,0.5
2009,9,28,-34.53,1,NA,0,NA,0.375,317.38,1,69.25,1,NA,NA,0.375
2009,9,29,-33.3,1,NA,0,NA,0.125,305.5,1,71,1,NA,NA,0.125
2009,9,30,-37.16,1,NA,0,NA,0.625,295.5,1,66,1,NA,NA,0.625
2009,10,1,-37.66,1,NA,0,NA,0.375,307,1,65.13,1,NA,NA,0.375
2009,10,2,-32.8,0.875,NA,0,9.14,0.875,289.12,1,71.38,1,9.13,288.47,0.875
2009,10,3,-31.41,1,NA,0,10.88,1,296.75,1,73.25,1,10.82,297.17,1
2009,10,4,-29.77,1,NA,0,10.43,0.875,291.12,1,75.25,1,10.38,290.57,0.875
2009,10,5,-30.45,0.875,NA,0,NA,0.375,295.5,1,73.13,1,NA,NA,0.375
2009,10,6,NA,0,NA,0,NA,0.25,301.33,0.75,63.17,0.75,NA,NA,0.25
2009,10,7,NA,0.25,NA,0,NA,0.25,NA,0.25,NA,0.25,NA,NA,0.25
2009,10,8,-32.95,0.75,NA,0,NA,0.5,294.5,1,72.5,1,NA,NA,0.5
2009,10,9,-34.57,0.875,NA,0,NA,0.25,301.62,1,69.5,1,NA,NA,0.25
2009,10,10,-31.26,0.75,NA,0,NA,0.25,296.38,1,75.13,1,NA,NA,0.25
2009,10,11,-19.01,0.875,NA,0,NA,0.125,288.25,1,87.75,1,NA,NA,0.125
2009,10,12,-23.49,0.875,NA,0,NA,0.375,296.62,1,83,1,NA,NA,0.375
2009,10,13,-25.96,1,NA,0,NA,0.5,299.88,1,80.25,1,NA,NA,0.5
2009,10,14,-26.38,1,NA,0,NA,0.25,294.38,1,79.63,1,NA,NA,0.25
2009,10,15,NA,0.625,NA,0,NA,0.25,312.38,1,73.88,1,NA,NA,0.25
2009,10,16,NA,0.625,NA,0,NA,0.625,289.12,1,74.88,1,NA,NA,0.625
2009,10,17,-33.14,1,NA,0,NA,0.5,301.5,1,71.25,1,NA,NA,0.5
2009,10,18,-29.46,0.875,NA,0,NA,0.625,294.5,1,75.88,1,NA,NA,0.625
2009,10,19,-29.43,1,NA,0,NA,0.625,292.88,1,75.88,1,NA,NA,0.625
2009,10,20,-27.1,0.875,NA,0,4.17,0.75,193.38,1,78.5,1,2.04,155.36,0.75
2009,10,21,-25.61,1,NA,0,NA,0.375,265.25,1,80.25,1,NA,NA,0.375
2009,10,22,-24.83,1,NA,0,NA,0.5,298.25,1,81.13,1,NA,NA,0.5
2009,10,23,-26.49,0.875,NA,0,NA,0.5,296.38,1,78.63,1,NA,NA,0.5
2009,10,24,-28.95,0.875,NA,0,NA,0.5,298.25,1,75.75,1,NA,NA,0.5
2009,10,25,-28,0.875,NA,0,NA,0.5,295.88,1,77.75,1,NA,NA,0.5
2009,10,26,-29.7,0.875,NA,0,NA,0.625,296.25,1,74.5,1,NA,NA,0.625
2009,10,27,-29.88,1,NA,0,NA,0.5,294.38,1,74.88,1,NA,NA,0.5
2009,10,28,-26.49,0.875,NA,0,NA,0.625,260.75,1,79,1,NA,NA,0.625
2009,10,29,-25.78,0.875,NA,0,NA,0.125,288.38,1,79.25,1,NA,NA,0.125
2009,10,30,-27.37,1,NA,0,NA,0.5,294.88,1,77.75,1,NA,NA,0.5
2009,10,31,-27.38,1,NA,0,NA,0.375,295.38,1,77.75,1,NA,NA,0.375
2009,11,1,-26,0.75,NA,0,NA,0.375,305.88,1,79.88,1,NA,NA,0.375
2009,11,2,NA,0.625,NA,0,9.29,0.875,312.88,1,80.63,1,9.12,308.89,0.875
2009,11,3,-22.47,0.875,NA,0,NA,0.375,289.5,1,83,1,NA,NA,0.375
2009,11,4,NA,0.625,NA,0,NA,0.375,293.5,1,79.75,1,NA,NA,0.375
2009,11,5,-25.05,1,NA,0,NA,0.375,306.62,1,79.88,1,NA,NA,0.375
2009,11,6,NA,0.625,NA,0,NA,0.375,297.38,1,82.5,1,NA,NA,0.375
2009,11,7,-21.73,0.75,NA,0,12.67,0.75,284.38,1,82.75,1,12.48,287.85,0.75
2009,11,8,-20.74,0.875,NA,0,NA,0.625,286.12,1,83.38,1,NA,NA,0.625
2009,11,9,-21.58,0.75,NA,0,10.83,0.75,295,1,81.25,1,10.71,292.23,0.75
2009,11,10,-18.53,0.875,NA,0,11,0.875,284.25,1,76.13,1,10.93,283.76,0.875
2009,11,11,-16.72,1,NA,0,9.29,0.875,281.25,1,70.25,1,9.19,281.05,0.875
2009,11,12,-14.14,0.875,NA,0,NA,0.5,292.88,1,67.25,1,NA,NA,0.5
2009,11,13,-9.16,1,NA,0,11.62,1,248.12,1,95.5,1,9.54,250.7,1
2009,11,14,-8.2,1,NA,0,10.29,0.875,193.12,1,97.63,1,9.29,201.31,0.875
2009,11,15,-8.34,1,NA,0,NA,0.375,263.88,1,88.88,1,NA,NA,0.375
2009,11,16,-12.14,0.875,NA,0,16.12,1,300.62,1,74.5,1,15.84,301.76,1
2009,11,17,-14.13,0.75,NA,0,NA,0.5,297.62,1,71.38,1,NA,NA,0.5
2009,11,18,-14.91,0.875,NA,0,NA,0.375,278.75,1,80.13,1,NA,NA,0.375
2009,11,19,-17.34,0.75,NA,0,NA,0.625,298.62,1,68.13,1,NA,NA,0.625
2009,11,20,-17.92,0.875,NA,0,NA,0.625,311.5,1,65.25,1,NA,NA,0.625
2009,11,21,NA,0.625,NA,0,8.83,0.75,291.88,1,66.88,1,8.65,291.66,0.75
2009,11,22,-10.83,1,NA,0,7.83,0.75,249.62,1,81.75,1,7.64,270.05,0.75
2009,11,23,NA,0.625,NA,0,NA,0.25,298,1,77.63,1,NA,NA,0.25
2009,11,24,-11.15,1,NA,0,NA,0.375,209.75,1,92.63,1,NA,NA,0.375
2009,11,25,-12.6,1,NA,0,NA,0.375,280.75,1,84.63,1,NA,NA,0.375
2009,11,26,-14.37,0.875,NA,0,NA,0.375,296.5,1,79.13,1,NA,NA,0.375
2009,11,27,-11.65,1,NA,0,4.86,0.875,273.25,1,92.25,1,4.27,272.69,0.875
2009,11,28,-13.17,1,NA,0,NA,0.625,290.12,1,75.25,1,NA,NA,0.625
2009,11,29,-15.38,1,NA,0,NA,0.5,293.62,1,70.38,1,NA,NA,0.5
2009,11,30,-11.25,0.75,NA,0,NA,0.375,298.38,1,77.88,1,NA,NA,0.375
2009,12,1,-11.93,0.875,NA,0,NA,0.625,289.75,1,78.25,1,NA,NA,0.625
2009,12,2,-14.3,1,NA,0,NA,0.5,290.12,1,88.75,1,NA,NA,0.5
2009,12,3,-13.95,1,NA,0,NA,0.125,295.62,1,93.88,1,NA,NA,0.125
2009,12,4,-11.34,0.875,NA,0,NA,0.25,299,1,75.13,1,NA,NA,0.25
2009,12,5,-11.27,0.875,NA,0,NA,0.25,287.88,1,75,1,NA,NA,0.25
2009,12,6,-10.72,1,NA,0,8.67,0.75,281.62,1,79.13,1,8.31,286,0.75
2009,12,7,-9.1,0.875,NA,0,9.5,0.75,287.38,1,74.63,1,9.32,287.06,0.75
2009,12,8,-10.9,0.875,NA,0,11.17,0.75,299.62,1,70.5,1,11.11,300.73,0.75
2009,12,9,-10.51,0.875,NA,0,NA,0.25,295.88,1,75.38,1,NA,NA,0.25
2009,12,10,-11.17,1,NA,0,NA,0.5,296.25,1,73,1,NA,NA,0.5
2009,12,11,NA,0.375,NA,0,NA,0.625,284.88,1,69,1,NA,NA,0.625
2009,12,12,-10.3,0.875,NA,0,4.43,0.875,244.38,1,73.5,1,4.08,269.24,0.875
2009,12,13,-11.54,0.75,NA,0,NA,0.5,257,1,79.38,1,NA,NA,0.5
2009,12,14,-11.98,0.875,NA,0,NA,0.375,286.12,1,64.63,1,NA,NA,0.375
2009,12,15,-12.06,0.875,NA,0,NA,0.375,281.62,1,56.25,1,NA,NA,0.375
2009,12,16,-11.6,0.875,NA,0,9,0.75,294.12,1,55.75,1,8.98,295.13,0.75
2009,12,17,-11.42,0.875,NA,0,4.14,0.875,218.38,1,77.88,1,2.76,258.54,0.875
2009,12,18,-11.08,0.75,NA,0,5.5,1,285.88,1,57.13,1,5.33,286.66,1
2009,12,19,-9.24,0.875,NA,0,NA,0.625,206.38,1,61.25,1,NA,NA,0.625
2009,12,20,-10.08,0.875,NA,0,NA,0.625,302,1,63.63,1,NA,NA,0.625
2009,12,21,-12.1,0.75,NA,0,NA,0.625,298.88,1,59.63,1,NA,NA,0.625
2009,12,22,NA,0.625,NA,0,NA,0.625,292.38,1,59.13,1,NA,NA,0.625
2009,12,23,-11.83,1,NA,0,4.17,0.75,217.5,1,80.38,1,0.22,301.14,0.75
2009,12,24,-12.52,1,NA,0,7.75,1,292.5,1,53.38,1,7.29,292.42,1
2009,12,25,-13.4,0.875,NA,0,6,0.75,290.88,1,69.38,1,5.46,290.37,0.75
2009,12,26,-13.86,1,NA,0,NA,0.625,284.38,1,58.63,1,NA,NA,0.625
2009,12,27,-13.02,1,NA,0,13.86,0.875,291.5,1,54.88,1,13.75,291.34,0.875
2009,12,28,NA,0.625,NA,0,NA,0.5,298.88,1,47.75,1,NA,NA,0.5
2009,12,29,-9.61,0.75,NA,0,NA,0.625,258,1,62.75,1,NA,NA,0.625
2009,12,30,-10.16,0.75,NA,0,NA,0.5,282.38,1,53,1,NA,NA,0.5
2009,12,31,-12.29,0.875,NA,0,NA,0.375,302,1,60.63,1,NA,NA,0.375
2010,1,1,-9.5,1,NA,0,4.86,0.875,215.5,1,91.38,1,3.8,222.77,0.875
2010,1,2,-8.95,1,NA,0,4,1,243.25,1,91.13,1,3.93,245.22,1
2010,1,3,-10.18,1,NA,0,NA,0.5,291,1,76.25,1,NA,NA,0.5
2010,1,4,-11.74,1,NA,0,NA,0.5,281.75,1,68.5,1,NA,NA,0.5
2010,1,5,-10.72,1,NA,0,NA,0.5,280.88,1,58.5,1,NA,NA,0.5
2010,1,6,-10.01,0.875,NA,0,NA,0.5,267,1,83.88,1,NA,NA,0.5
2010,1,7,-9.98,1,NA,0,5.88,1,247,1,93,1,5.66,248.26,1
2010,1,8,-12.18,0.875,NA,0,NA,0.5,301.75,1,62.5,1,NA,NA,0.5
2010,1,9,-11.86,0.875,NA,0,NA,0.5,311.12,1,59.63,1,NA,NA,0.5
2010,1,10,-12.63,1,NA,0,27.62,1,298,1,72.25,1,27.57,297.93,1
2010,1,11,-11.65,1,NA,0,NA,0.25,291.38,1,60.38,1,NA,NA,0.25
2010,1,12,-11.82,1,NA,0,19.14,0.875,293.75,1,53,1,19.05,293.94,0.875
2010,1,13,-12.54,1,NA,0,16.17,0.75,288,1,54.38,1,16.09,291.2,0.75
2010,1,14,-10.36,1,NA,0,NA,0.625,177.5,1,93.13,1,NA,NA,0.625
2010,1,15,-10.71,0.875,NA,0,NA,0.375,277.38,1,86.5,1,NA,NA,0.375
2010,1,16,-12.49,1,NA,0,NA,0.125,289.12,1,93.5,1,NA,NA,0.125
2010,1,17,-11.99,1,NA,0,NA,0.5,291.62,1,93.38,1,NA,NA,0.5
2010,1,18,-10.21,1,NA,0,NA,0.375,268.5,1,83.5,1,NA,NA,0.375
2010,1,19,-12.19,1,NA,0,NA,0.375,305.62,1,81.13,1,NA,NA,0.375
2010,1,20,-11.35,1,NA,0,32.29,0.875,292.75,1,95.75,1,32.24,292.96,0.875
2010,1,21,-8.92,1,NA,0,NA,0.5,293.12,1,97.63,1,NA,NA,0.5
2010,1,22,-8.23,0.875,NA,0,NA,0.625,276.12,1,85.13,1,NA,NA,0.625
2010,1,23,-8.9,1,NA,0,NA,0.25,196.25,1,95.63,1,NA,NA,0.25
2010,1,24,-10.44,1,NA,0,NA,0.5,298.25,1,72.88,1,NA,NA,0.5
2010,1,25,-9.32,1,NA,0,NA,0.25,197.75,1,83.75,1,NA,NA,0.25
2010,1,26,-9.47,0.875,NA,0,NA,0.5,270.75,1,83.5,1,NA,NA,0.5
2010,1,27,-12.94,1,NA,0,21.71,0.875,290.88,1,71,1,21.69,291.03,0.875
2010,1,28,-14.26,0.875,NA,0,NA,0.125,291.5,1,63.75,1,NA,NA,0.125
2010,1,29,-14.35,1,NA,0,NA,0.5,290.25,1,61.25,1,NA,NA,0.5
2010,1,30,-15.17,0.75,NA,0,NA,0.5,287,1,59.13,1,NA,NA,0.5
2010,1,31,-15.88,1,NA,0,23.57,0.875,297.12,1,64,1,23.47,297.66,0.875
2010,2,1,-16.42,1,NA,0,NA,0.5,287.38,1,61.63,1,NA,NA,0.5
2010,2,2,-14.21,1,NA,0,5.83,0.75,257.88,1,77.25,1,5.66,252.2,0.75
2010,2,3,-17.34,1,NA,0,NA,0,291.12,1,67.88,1,NA,NA,0
2010,2,4,-17.54,1,NA,0,NA,0.375,289.88,1,77,1,NA,NA,0.375
2010,2,5,-16.58,0.75,NA,0,NA,0.25,254.75,1,79.75,1,NA,NA,0.25
2010,2,6,-10.11,1,NA,0,NA,0.5,183,1,88.13,1,NA,NA,0.5
2010,2,7,-14.89,1,NA,0,NA,0.375,286.88,1,83.13,1,NA,NA,0.375
2010,2,8,-16.71,1,NA,0,NA,0.5,285.62,1,81.13,1,NA,NA,0.5
2010,2,9,-18.29,1,NA,0,NA,0.5,290.25,1,79.38,1,NA,NA,0.5
2010,2,10,-18.41,0.875,NA,0,14,0.875,295.25,1,79.63,1,13.79,294.7,0.875
2010,2,11,NA,0.5,NA,0,NA,0.625,303.5,1,80.13,1,NA,NA,0.625
2010,2,12,-15.37,1,NA,0,9.83,0.75,286.5,1,82.5,1,9.8,285.93,0.75
2010,2,13,-16.36,1,NA,0,13.38,1,292.25,1,79.13,1,13.32,291.78,1
2010,2,14,-14.75,1,NA,0,NA,0.625,284.12,1,65,1,NA,NA,0.625
2010,2,15,-16.73,1,NA,0,NA,0.25,289.75,1,60.63,1,NA,NA,0.25
2010,2,16,-21.98,1,NA,0,NA,0.5,298,1,63.5,1,NA,NA,0.5
2010,2,17,-21.59,1,NA,0,23.17,0.75,300.88,1,62.5,1,23.15,301.08,0.75
2010,2,18,-20.74,1,NA,0,16.43,0.875,298.12,1,64.38,1,16.42,297.93,0.875
2010,2,19,-21.58,0.75,NA,0,NA,0.5,295.25,1,67.88,1,NA,NA,0.5
2010,2,20,-26.6,1,NA,0,NA,0.625,295.62,1,64.13,1,NA,NA,0.625
2010,2,21,-26.21,1,NA,0,31.29,0.875,302.88,1,64.5,1,31.26,303.5,0.875
2010,2,22,-23.78,1,NA,0,NA,0.375,293.88,1,68,1,NA,NA,0.375
2010,2,23,-23.81,1,NA,0,NA,0.375,285.88,1,67.13,1,NA,NA,0.375
2010,2,24,-23.03,1,NA,0,NA,0.5,302.75,1,68,1,NA,NA,0.5
2010,2,25,-21.69,1,NA,0,NA,0.625,297.62,1,68.38,1,NA,NA,0.625
2010,2,26,-17.73,0.875,NA,0,NA,0.625,278.25,1,74.75,1,NA,NA,0.625
2010,2,27,-19.14,1,NA,0,14.62,1,293,1,70.38,1,14.61,293.15,1
2010,2,28,-15.41,1,NA,0,11.71,0.875,290.62,1,76.63,1,11.68,291.95,0.875
2010,3,1,-15.13,0.875,NA,0,NA,0.375,290.75,1,68.13,1,NA,NA,0.375
2010,3,2,-18.46,0.75,NA,0,NA,0.5,298.25,1,63.25,1,NA,NA,0.5
2010,3,3,-23.43,1,NA,0,NA,0.625,292.62,1,58.63,1,NA,NA,0.625
2010,3,4,-23.29,1,NA,0,17.71,0.875,291.88,1,55.88,1,17.69,291.67,0.875
2010,3,5,-24.18,1,NA,0,NA,0.625,298.5,1,67.25,1,NA,NA,0.625
2010,3,6,-24.24,1,NA,0,35.57,0.875,291.25,1,67.63,1,35.5,291.02,0.875
2010,3,7,-26.35,1,NA,0,38.25,1,293.75,1,64.88,1,38.2,293.68,1
2010,3,8,-27.59,1,NA,0,NA,0.625,294.38,1,63.13,1,NA,NA,0.625
2010,3,9,-33.25,0.75,NA,0,NA,0.125,311,1,57.38,1,NA,NA,0.125
2010,3,10,-17.35,0.75,NA,0,NA,0.375,179.38,1,77.75,1,NA,NA,0.375
2010,3,11,NA,0.5,NA,0,NA,0.25,294.75,1,70.88,1,NA,NA,0.25
2010,3,12,-19.36,1,NA,0,NA,0.5,287.75,1,75.75,1,NA,NA,0.5
2010,3,13,-21.85,0.75,NA,0,NA,0.5,297.5,1,71.13,1,NA,NA,0.5
2010,3,14,-24.56,1,NA,0,NA,0.375,294.5,1,68.5,1,NA,NA,0.375
2010,3,15,-24.96,1,NA,0,NA,0.375,298.5,1,67.88,1,NA,NA,0.375
2010,3,16,-24.47,1,NA,0,NA,0.25,293.38,1,68.75,1,NA,NA,0.25
2010,3,17,-20.38,1,NA,0,NA,0.375,284.38,1,74.13,1,NA,NA,0.375
2010,3,18,-14.11,1,NA,0,NA,0.625,227.12,1,83.63,1,NA,NA,0.625
2010,3,19,-11.39,1,NA,0,NA,0.5,260.5,1,87.38,1,NA,NA,0.5
2010,3,20,-12.3,1,NA,0,6.5,0.75,253.88,1,87.13,1,5.72,258.71,0.75
2010,3,21,-16.35,1,NA,0,10.88,1,290.88,1,82.13,1,10.86,290.97,1
2010,3,22,-21.33,0.875,NA,0,NA,0.375,295.25,1,74.88,1,NA,NA,0.375
2010,3,23,-26.97,0.875,NA,0,NA,0.375,304.12,1,66.75,1,NA,NA,0.375
2010,3,24,-30.86,1,NA,0,NA,0.625,299,1,61.25,1,NA,NA,0.625
2010,3,25,-33.18,1,NA,0,NA,0.25,290.5,1,58.25,1,NA,NA,0.25
2010,3,26,-34.07,1,NA,0,NA,0.5,293.88,1,56.75,1,NA,NA,0.5
2010,3,27,-37.36,1,NA,0,NA,0.625,294,1,51.38,1,NA,NA,0.625
2010,3,28,-39.47,1,NA,0,NA,0.5,296.75,1,47.88,1,NA,NA,0.5
2010,3,29,-36.91,1,NA,0,NA,0.625,301.12,1,51.75,1,NA,NA,0.625
2010,3,30,-33.87,1,NA,0,NA,0.25,298.25,1,56.63,1,NA,NA,0.25
2010,3,31,-35.37,1,NA,0,NA,0.625,296.38,1,54.13,1,NA,NA,0.625
2010,4,1,-32.91,1,NA,0,32.62,1,299,1,57.63,1,32.11,299.02,1
2010,4,2,-33.74,1,NA,0,NA,0.625,289.12,1,56.63,1,NA,NA,0.625
2010,4,3,-32.89,1,NA,0,22.29,0.875,299.5,1,57.88,1,22.15,300.69,0.875
2010,4,4,-35.49,1,NA,0,24,0.75,299,1,53.75,1,23.97,298.42,0.75
2010,4,5,-32.91,0.75,NA,0,25.67,0.75,302,1,60.63,1,25.56,299.28,0.75
2010,4,6,-26.08,1,NA,0,NA,0.25,292.38,1,68.13,1,NA,NA,0.25
2010,4,7,-29.94,1,NA,0,NA,0.375,294.25,1,62.25,1,NA,NA,0.375
2010,4,8,-34.52,0.875,NA,0,NA,0.375,299.5,1,54.63,1,NA,NA,0.375
2010,4,9,-32.04,0.875,NA,0,NA,0.25,312.38,1,59.63,1,NA,NA,0.25
2010,4,10,-36.16,1,NA,0,NA,0.25,305,1,52.75,1,NA,NA,0.25
2010,4,11,-33.03,1,NA,0,NA,0.5,313.88,1,57.25,1,NA,NA,0.5
2010,4,12,-32.52,1,NA,0,NA,0.25,297,1,58.38,1,NA,NA,0.25
2010,4,13,-36.16,1,NA,0,25.83,0.75,302,1,52.75,1,25.82,300.9,0.75
2010,4,14,-38.4,1,NA,0,29.83,0.75,298.5,1,48.88,1,29.83,299.17,0.75
2010,4,15,-34.33,1,NA,0,15.83,0.75,294.75,1,55,1,15.82,294.18,0.75
2010,4,16,-29.35,1,NA,0,NA,0.5,298.25,1,63,1,NA,NA,0.5
2010,4,17,-31.27,1,NA,0,NA,0.625,306.25,1,60,1,NA,NA,0.625
2010,4,18,-32.94,1,NA,0,NA,0.125,302.25,1,57.25,1,NA,NA,0.125
2010,4,19,-36.07,1,NA,0,NA,0.375,302.12,1,52.38,1,NA,NA,0.375
2010,4,20,-35.98,1,NA,0,25.17,0.75,304.88,1,52.5,1,25.07,305.41,0.75
2010,4,21,-39.09,1,NA,0,25.33,0.75,304,1,47.5,1,25.28,305.25,0.75
2010,4,22,-38.01,1,NA,0,32.83,0.75,297.62,1,49.25,1,32.82,297.71,0.75
2010,4,23,-32.55,1,NA,0,NA,0.625,298.88,1,57.75,1,NA,NA,0.625
2010,4,24,-25.87,1,NA,0,NA,0.625,295.12,1,67.75,1,NA,NA,0.625
2010,4,25,-26.97,1,NA,0,NA,0.5,299.88,1,66.25,1,NA,NA,0.5
2010,4,26,-28.13,1,NA,0,NA,0,305,1,64.5,1,NA,NA,0
2010,4,27,-28.29,1,NA,0,NA,0.5,300.25,1,64.5,1,NA,NA,0.5
2010,4,28,-30.7,1,NA,0,NA,0.625,292.25,1,60.88,1,NA,NA,0.625
2010,4,29,-31.5,1,NA,0,NA,0.5,302.12,1,59.75,1,NA,NA,0.5
2010,4,30,-32.57,1,NA,0,NA,0.5,294.25,1,57.88,1,NA,NA,0.5
2010,5,1,-33.96,1,NA,0,NA,0.375,308.38,1,55.75,1,NA,NA,0.375
2010,5,2,-36.07,1,NA,0,NA,0.5,299.75,1,52.25,1,NA,NA,0.5
2010,5,3,-35.74,0.875,NA,0,NA,0.125,312.12,1,53.25,1,NA,NA,0.125
2010,5,4,NA,0.625,NA,0,NA,0.125,302.75,1,53.75,1,NA,NA,0.125
2010,5,5,-32.32,1,NA,0,NA,0.25,301.88,1,58,1,NA,NA,0.25
2010,5,6,-30.43,1,NA,0,NA,0,290.25,1,61,1,NA,NA,0
2010,5,7,-29.84,1,NA,0,23.5,0.75,309.25,1,61.75,1,23,311.18,0.75
2010,5,8,-29.61,1,NA,0,NA,0.5,303.38,1,62,1,NA,NA,0.5
2010,5,9,-26.62,0.875,NA,0,13.33,0.75,296.12,1,66.75,1,13.33,296.85,0.75
2010,5,10,-32.52,1,NA,0,NA,0.25,299.75,1,57.75,1,NA,NA,0.25
2010,5,11,-33.21,1,NA,0,NA,0.125,290.12,1,56.75,1,NA,NA,0.125
2010,5,12,-34.86,1,NA,0,NA,0.375,296.12,1,54.13,1,NA,NA,0.375
2010,5,13,-38.08,1,NA,0,NA,0.625,296.25,1,48.75,1,NA,NA,0.625
2010,5,14,-40.11,1,NA,0,39.38,1,293.38,1,46,1,39.26,293.37,1
2010,5,15,-40.85,1,NA,0,40.29,0.875,300.38,1,44.75,1,40.27,300.55,0.875
2010,5,16,-40.3,1,NA,0,NA,0.5,298.62,1,45.25,1,NA,NA,0.5
2010,5,17,-41.09,1,NA,0,NA,0.5,299.62,1,44.25,1,NA,NA,0.5
2010,5,18,-43.46,1,NA,0,NA,0.125,299.12,1,40.38,1,NA,NA,0.125
2010,5,19,-45.81,1,NA,0,NA,0,296.38,1,36.25,1,NA,NA,0
2010,5,20,-42.45,1,NA,0,NA,0.25,309.38,1,41.63,1,NA,NA,0.25
2010,5,21,-37.75,1,NA,0,NA,0.25,317.88,1,49.13,1,NA,NA,0.25
2010,5,22,-37.76,1,NA,0,NA,0,306.12,1,49.13,1,NA,NA,0
2010,5,23,-31.46,0.875,NA,0,NA,0.125,300,1,59.75,1,NA,NA,0.125
2010,5,24,-34.65,1,NA,0,NA,0.5,308.25,1,54.5,1,NA,NA,0.5
2010,5,25,-35.12,1,NA,0,26.86,0.875,301.38,1,53.63,1,26.83,301.31,0.875
2010,5,26,-39.94,1,NA,0,NA,0.25,296.88,1,46,1,NA,NA,0.25
2010,5,27,-39.79,1,NA,0,NA,0.625,299.75,1,45.88,1,NA,NA,0.625
2010,5,28,-37.37,1,NA,0,NA,0.25,326.88,1,49.63,1,NA,NA,0.25
2010,5,29,-34,1,NA,0,NA,0.625,299.38,1,55,1,NA,NA,0.625
2010,5,30,-28.72,1,NA,0,19.83,0.75,298.5,1,63.5,1,19.82,297.66,0.75
2010,5,31,-30.72,1,NA,0,NA,0.625,301.62,1,60.63,1,NA,NA,0.625
2010,6,1,-35.72,1,NA,0,13.25,1,302.62,1,52.63,1,13.23,302.51,1
2010,6,2,-36.25,1,NA,0,NA,0.5,295.25,1,51.38,1,NA,NA,0.5
2010,6,3,-35.4,1,NA,0,16,0.75,293.38,1,52.5,1,15.97,294.57,0.75
2010,6,4,-38.52,1,NA,0,NA,0.5,294.75,1,47.88,1,NA,NA,0.5
2010,6,5,-38.82,1,NA,0,NA,0.5,303.12,1,47,1,NA,NA,0.5
2010,6,6,-32.23,0.875,NA,0,NA,0.375,299.5,1,57.13,1,NA,NA,0.375
2010,6,7,-35.89,1,NA,0,NA,0.375,307,1,51.88,1,NA,NA,0.375
2010,6,8,-36.54,1,NA,0,NA,0.5,302.88,1,51,1,NA,NA,0.5
2010,6,9,-39.53,0.875,NA,0,NA,0.5,303.38,1,47.38,1,NA,NA,0.5
2010,6,10,-33.39,1,NA,0,NA,0.25,298.62,1,55.75,1,NA,NA,0.25
2010,6,11,-34.83,1,NA,0,NA,0,297.62,1,53.5,1,NA,NA,0
2010,6,12,-41.23,1,NA,0,NA,0.625,315.75,1,43.38,1,NA,NA,0.625
2010,6,13,-35.23,1,NA,0,NA,0.5,301.62,1,52.63,1,NA,NA,0.5
2010,6,14,-37.85,1,NA,0,NA,0.375,303.88,1,48.88,1,NA,NA,0.375
2010,6,15,-37.64,1,NA,0,NA,0.375,300.5,1,48.88,1,NA,NA,0.375
2010,6,16,-37.21,1,NA,0,NA,0.625,299.88,1,49.5,1,NA,NA,0.625
2010,6,17,-40.39,1,NA,0,NA,0,298.62,1,44.63,1,NA,NA,0
2010,6,18,-36.16,1,NA,0,NA,0.125,295.38,1,51,1,NA,NA,0.125
2010,6,19,-39.35,1,NA,0,NA,0.5,299.62,1,46.25,1,NA,NA,0.5
2010,6,20,-36.98,0.875,NA,0,NA,0.125,298.38,1,49,1,NA,NA,0.125
2010,6,21,-41.37,1,NA,0,NA,0.125,301.88,1,42.75,1,NA,NA,0.125
2010,6,22,-43.65,1,NA,0,NA,0.625,292.5,1,39,1,NA,NA,0.625
2010,6,23,-43.57,1,NA,0,NA,0.25,323.88,1,39.13,1,NA,NA,0.25
2010,6,24,-40.03,1,NA,0,20.57,0.875,304,1,44.75,1,20.48,304.81,0.875
2010,6,25,-35.63,1,NA,0,22.67,0.75,303.62,1,51.88,1,22.59,303.95,0.75
2010,6,26,-33.49,1,NA,0,NA,0.25,302.12,1,55.38,1,NA,NA,0.25
2010,6,27,-30.87,1,NA,0,NA,0.5,302.38,1,59.88,1,NA,NA,0.5
2010,6,28,-31.13,1,NA,0,NA,0.125,305.12,1,59.5,1,NA,NA,0.125
2010,6,29,-34.1,1,NA,0,NA,0.5,307.12,1,54.63,1,NA,NA,0.5
2010,6,30,-37.5,1,NA,0,NA,0.625,306.25,1,49.25,1,NA,NA,0.625
2010,7,1,-38.4,1,NA,0,21.88,1,301,1,47.5,1,21.82,300.88,1
2010,7,2,-39.79,1,NA,0,21.75,1,299.38,1,45,1,21.73,299.56,1
2010,7,3,-40.29,1,NA,0,17.25,1,300.38,1,44.25,1,17.24,300.43,1
2010,7,4,-39.13,1,NA,0,18.71,0.875,298.62,1,46,1,18.7,298.83,0.875
2010,7,5,-38.81,1,NA,0,23.67,0.75,301,1,46.63,1,23.57,302.02,0.75
2010,7,6,-38.06,1,NA,0,NA,0.625,299.5,1,47.63,1,NA,NA,0.625
2010,7,7,-39.81,1,NA,0,NA,0.375,324.62,1,44.88,1,NA,NA,0.375
2010,7,8,-34.89,0.875,NA,0,NA,0.5,309.5,1,54.13,1,NA,NA,0.5
2010,7,9,-32.26,1,NA,0,NA,0,311,1,57.63,1,NA,NA,0
2010,7,10,-32.83,0.875,NA,0,NA,0.125,292.38,1,57.13,1,NA,NA,0.125
2010,7,11,-32.1,1,NA,0,NA,0.125,288.25,1,57.75,1,NA,NA,0.125
2010,7,12,-33.59,1,NA,0,NA,0.25,293.62,1,55.38,1,NA,NA,0.25
2010,7,13,-35.42,1,NA,0,NA,0.375,306.88,1,52.5,1,NA,NA,0.375
2010,7,14,-35.69,1,NA,0,NA,0.5,294.5,1,51.75,1,NA,NA,0.5
2010,7,15,-36.91,1,NA,0,NA,0.5,294.5,1,49.75,1,NA,NA,0.5
2010,7,16,-38,1,NA,0,NA,0.375,294.5,1,48,1,NA,NA,0.375
2010,7,17,-37.24,1,NA,0,28.5,0.75,297.25,1,49.13,1,28.21,296.97,0.75
2010,7,18,-40.35,1,NA,0,NA,0.375,296.5,1,44.13,1,NA,NA,0.375
2010,7,19,-44.66,1,NA,0,48.25,1,295.38,1,37.13,1,48.23,295.38,1
2010,7,20,-40.75,1,NA,0,NA,0.125,296.62,1,43.13,1,NA,NA,0.125
2010,7,21,-37.22,0.75,NA,0,NA,0.125,306.5,1,49.63,1,NA,NA,0.125
2010,7,22,-37.56,1,NA,0,NA,0.125,309.62,1,48.25,1,NA,NA,0.125
2010,7,23,-32.66,1,NA,0,NA,0.125,287,1,56.25,1,NA,NA,0.125
2010,7,24,-39.11,1,NA,0,NA,0.625,302.25,1,46.13,1,NA,NA,0.625
2010,7,25,-40.75,1,NA,0,15.33,0.75,299.38,1,43.38,1,15.33,300.45,0.75
2010,7,26,-42.23,1,NA,0,NA,0.25,298.88,1,40.88,1,NA,NA,0.25
2010,7,27,-41.87,1,NA,0,NA,0.375,309.62,1,41.5,1,NA,NA,0.375
2010,7,28,-41.6,1,NA,0,21.67,0.75,306.5,1,41.63,1,21.52,308.05,0.75
2010,7,29,-41.08,1,NA,0,NA,0.25,301,1,42.38,1,NA,NA,0.25
2010,7,30,-45.17,1,NA,0,NA,0.125,299.5,1,36,1,NA,NA,0.125
2010,7,31,-45.83,1,NA,0,NA,0.625,300.5,1,34.88,1,NA,NA,0.625
2010,8,1,-40.83,1,NA,0,NA,0.375,295.75,1,42.5,1,NA,NA,0.375
2010,8,2,-41.66,1,NA,0,NA,0.625,296.5,1,41.63,1,NA,NA,0.625
2010,8,3,-41.95,0.875,NA,0,NA,0.25,309.75,1,40.5,1,NA,NA,0.25
2010,8,4,NA,0.625,NA,0,NA,0.25,309.62,1,49.25,1,NA,NA,0.25
2010,8,5,-30.75,1,NA,0,NA,0.25,293.25,1,59.5,1,NA,NA,0.25
2010,8,6,-23.48,0.875,NA,0,13.62,1,290.12,1,71.5,1,13.5,289.5,1
2010,8,7,-31.88,0.75,NA,0,NA,0.25,306.25,1,60,1,NA,NA,0.25
2010,8,8,-34.47,1,NA,0,NA,0.25,302,1,54.25,1,NA,NA,0.25
2010,8,9,-35.69,1,NA,0,NA,0.5,302.62,1,52,1,NA,NA,0.5
2010,8,10,-39.46,1,NA,0,NA,0.625,305.62,1,45.88,1,NA,NA,0.625
2010,8,11,-39.58,1,NA,0,NA,0.5,301.62,1,45.75,1,NA,NA,0.5
2010,8,12,-42.19,0.875,NA,0,NA,0.25,299.38,1,40.5,1,NA,NA,0.25
2010,8,13,-46.57,1,NA,0,45.83,0.75,298.38,1,34.25,1,45.78,299.44,0.75
2010,8,14,-43.95,1,NA,0,NA,0.25,297.5,1,38.13,1,NA,NA,0.25
2010,8,15,-37.7,0.875,NA,0,NA,0.125,288.38,1,49.63,1,NA,NA,0.125
2010,8,16,-29.82,1,NA,0,NA,0.5,294.62,1,61.13,1,NA,NA,0.5
2010,8,17,-33.3,0.875,NA,0,NA,0.375,293.12,1,53.75,1,NA,NA,0.375
2010,8,18,-44.62,0.875,NA,0,NA,0.5,297.88,1,38.13,1,NA,NA,0.5
2010,8,19,-40.94,0.875,NA,0,NA,0.125,294.38,1,44.5,1,NA,NA,0.125
2010,8,20,-34.78,1,NA,0,NA,0.25,298.88,1,53.75,1,NA,NA,0.25
2010,8,21,-30.67,1,NA,0,NA,0.125,308.5,1,60.75,1,NA,NA,0.125
2010,8,22,-27,1,NA,0,NA,0.25,294.5,1,67.25,1,NA,NA,0.25
2010,8,23,NA,0.625,NA,0,NA,0,295.62,1,51.63,1,NA,NA,0
2010,8,24,-38.02,0.875,NA,0,NA,0.375,317.12,1,48.38,1,NA,NA,0.375
2010,8,25,NA,0.625,NA,0,NA,0,254.88,1,66.5,1,NA,NA,0
2010,8,26,-31.28,1,NA,0,NA,0.5,296.88,1,60.5,1,NA,NA,0.5
2010,8,27,-39.28,0.875,NA,0,NA,0.625,298.25,1,47.13,1,NA,NA,0.625
2010,8,28,-36.09,1,NA,0,NA,0.25,297,1,52.13,1,NA,NA,0.25
2010,8,29,-36.06,1,NA,0,NA,0.5,292.12,1,52.13,1,NA,NA,0.5
2010,8,30,-36.56,1,NA,0,50.83,0.75,289.62,1,51.25,1,50.67,290.87,0.75
2010,8,31,-35.12,1,NA,0,NA,0.625,295.88,1,53.63,1,NA,NA,0.625
2010,9,1,-35.49,1,NA,0,NA,0.5,289.5,1,53.13,1,NA,NA,0.5
2010,9,2,-37.7,1,NA,0,27.43,0.875,303.62,1,48.88,1,27.36,303.06,0.875
2010,9,3,-38.5,1,NA,0,NA,0.375,314.38,1,47.38,1,NA,NA,0.375
2010,9,4,-31.99,0.875,NA,0,NA,0.125,300,1,58.38,1,NA,NA,0.125
2010,9,5,-32.95,1,NA,0,NA,0,297.75,1,57.13,1,NA,NA,0
2010,9,6,-36.24,0.875,NA,0,NA,0.25,297.75,1,51.13,1,NA,NA,0.25
2010,9,7,-38.44,1,NA,0,NA,0.375,298.62,1,47.5,1,NA,NA,0.375
2010,9,8,-39.98,0.875,NA,0,NA,0,297.25,1,43.75,1,NA,NA,0
2010,9,9,-41.53,0.875,NA,0,NA,0.375,299.88,1,42.38,1,NA,NA,0.375
2010,9,10,NA,0.5,NA,0,NA,0.25,301,1,43.63,1,NA,NA,0.25
2010,9,11,-33.98,0.875,NA,0,NA,0.375,283.12,1,54.75,1,NA,NA,0.375
2010,9,12,-30.75,1,NA,0,NA,0.25,280.5,1,61,1,NA,NA,0.25
2010,9,13,-37.74,0.75,NA,0,NA,0.5,294.75,1,48.88,1,NA,NA,0.5
2010,9,14,-42.72,1,NA,0,NA,0.25,304.25,1,40.25,1,NA,NA,0.25
2010,9,15,-40.91,1,NA,0,25,0.875,296.75,1,42.75,1,24.99,296.42,0.875
2010,9,16,-33,0.875,NA,0,NA,0.625,296.62,1,57.25,1,NA,NA,0.625
2010,9,17,-35.48,1,NA,0,NA,0.625,302.62,1,53,1,NA,NA,0.625
2010,9,18,-36.36,0.875,NA,0,NA,0.375,295.75,1,52,1,NA,NA,0.375
2010,9,19,-32.73,1,NA,0,7.75,1,294.12,1,57.63,1,7.74,294.44,1
2010,9,20,-30.52,1,NA,0,NA,0.375,301.12,1,61.5,1,NA,NA,0.375
2010,9,21,-26.24,1,NA,0,11.75,1,294.88,1,69.38,1,11.7,294.49,1
2010,9,22,-28.28,1,NA,0,NA,0.625,300.88,1,66.5,1,NA,NA,0.625
2010,9,23,-29.86,1,NA,0,NA,0.5,296.75,1,63.13,1,NA,NA,0.5
2010,9,24,-27.26,1,NA,0,NA,0.625,295.5,1,68,1,NA,NA,0.625
2010,9,25,-29.74,1,NA,0,23.17,0.75,293.88,1,63.38,1,23.16,293.4,0.75
2010,9,26,-33.62,1,NA,0,NA,0.625,293.38,1,56.5,1,NA,NA,0.625
2010,9,27,-39.94,1,NA,0,NA,0.625,NA,0.625,45,1,NA,NA,0.375
2010,9,28,-35.97,1,NA,0,NA,0.5,295,1,51.63,1,NA,NA,0.5
2010,9,29,-32.62,0.75,NA,0,24.33,0.75,298.62,1,59.25,1,24.26,299.92,0.75
2010,9,30,-34.53,1,NA,0,NA,0.25,310.38,1,54.38,1,NA,NA,0.25
2010,10,1,-32.96,1,NA,0,NA,0.375,295.62,1,57,1,NA,NA,0.375
2010,10,2,-32.05,0.75,NA,0,NA,0.125,NA,0.625,60.13,1,NA,NA,0
2010,10,3,-31.91,1,NA,0,NA,0,316.25,1,59,1,NA,NA,0
2010,10,4,-31.29,1,NA,0,23.33,0.75,303.62,1,60.38,1,23.31,300.98,0.75
2010,10,5,-32.26,1,NA,0,NA,0.375,300.38,1,58.38,1,NA,NA,0.375
2010,10,6,-30.18,0.875,NA,0,NA,0.25,309.88,1,62.13,1,NA,NA,0.25
2010,10,7,-22.8,0.875,NA,0,NA,0.625,290.62,1,75,1,NA,NA,0.625
2010,10,8,-21.68,1,NA,0,14,1,290,1,77.63,1,13.99,289.95,1
2010,10,9,-26.51,1,NA,0,NA,0.625,298,1,69.75,1,NA,NA,0.625
2010,10,10,-33.03,1,NA,0,NA,0.625,293.5,1,58.25,1,NA,NA,0.625
2010,10,11,-38,1,NA,0,NA,0.375,303.12,1,49.13,1,NA,NA,0.375
2010,10,12,-33.96,0.75,NA,0,NA,0.5,297.75,1,58.88,1,NA,NA,0.5
2010,10,13,-24.38,1,NA,0,NA,0.625,NA,0.625,73.38,1,NA,NA,0.25
2010,10,14,-26.97,0.75,NA,0,NA,0.5,296.5,1,67.75,1,NA,NA,0.5
2010,10,15,-28.75,0.875,NA,0,24.14,0.875,305.75,1,65,1,23.84,303.86,0.875
2010,10,16,-26.7,0.75,NA,0,NA,0.125,313.25,1,70.25,1,NA,NA,0.125
2010,10,17,-28.44,0.75,NA,0,NA,0.25,297.75,1,67.25,1,NA,NA,0.25
2010,10,18,-30.56,1,NA,0,25.29,0.875,290.88,1,62.38,1,25.28,291.6,0.875
2010,10,19,-28.05,1,NA,0,NA,0.375,290.75,1,66.5,1,NA,NA,0.375
2010,10,20,-30.25,0.875,NA,0,21.83,0.75,298.5,1,62.25,1,21.81,297.62,0.75
2010,10,21,-28.47,0.75,NA,0,20.57,0.875,302.75,1,66.63,1,20.57,302.74,0.875
2010,10,22,-24.92,0.75,NA,0,NA,0.5,288.88,1,73.5,1,NA,NA,0.5
2010,10,23,-27.86,0.75,NA,0,NA,0.375,295.38,1,67.5,1,NA,NA,0.375
2010,10,24,-25.54,0.875,NA,0,NA,0.625,294.75,1,69.5,1,NA,NA,0.625
2010,10,25,-22.39,1,NA,0,NA,0.25,277.88,1,73.38,1,NA,NA,0.25
2010,10,26,-24.09,1,NA,0,NA,0.5,292.5,1,57.38,1,NA,NA,0.5
2010,10,27,-24.44,0.875,NA,0,30.5,0.75,289.25,1,53.38,1,30.48,289.25,0.75
2010,10,28,-26.53,0.875,NA,0,NA,0.5,294.75,1,65.13,1,NA,NA,0.5
2010,10,29,-26.05,0.875,NA,0,NA,0.375,289.62,1,70,1,NA,NA,0.375
2010,10,30,-23.72,0.875,NA,0,NA,0.125,279.88,1,73,1,NA,NA,0.125
2010,10,31,NA,0.5,NA,0,NA,0.25,290.88,1,79.75,1,NA,NA,0.25
2010,11,1,NA,0.625,NA,0,NA,0.25,301.5,1,78.63,1,NA,NA,0.25
2010,11,2,-20.49,1,NA,0,NA,0.5,265,1,80,1,NA,NA,0.5
2010,11,3,-23.15,1,NA,0,15.57,0.875,294,1,75.5,1,15.52,294.16,0.875
2010,11,4,-19.4,0.75,NA,0,NA,0.375,288.88,1,82,1,NA,NA,0.375
2010,11,5,NA,0.5,NA,0,NA,0.375,299.25,1,78.25,1,NA,NA,0.375
2010,11,6,-22.97,0.75,NA,0,NA,0,299.12,1,73.38,1,NA,NA,0
2010,11,7,-22.2,0.875,NA,0,NA,0,310.5,1,73.38,1,NA,NA,0
2010,11,8,-17.14,0.875,NA,0,NA,0.375,297.75,1,83,1,NA,NA,0.375
2010,11,9,-16.27,1,NA,0,NA,0.25,278.88,1,68.75,1,NA,NA,0.25
2010,11,10,-15.49,0.875,NA,0,NA,0.5,297.75,1,55.38,1,NA,NA,0.5
2010,11,11,NA,0.625,NA,0,NA,0.125,313.25,1,57.13,1,NA,NA,0.125
2010,11,12,-14.39,0.75,NA,0,NA,0.5,297.88,1,49.88,1,NA,NA,0.5
2010,11,13,-15.09,0.75,NA,0,NA,0.25,290.38,1,73.25,1,NA,NA,0.25
2010,11,14,-14.66,1,NA,0,NA,0.125,188.12,1,87.25,1,NA,NA,0.125
2010,11,15,-17.4,1,NA,0,NA,0.5,240.62,1,84.25,1,NA,NA,0.5
2010,11,16,-19.2,0.875,NA,0,NA,0.5,300.12,1,80.5,1,NA,NA,0.5
2010,11,17,-20.23,1,NA,0,NA,0.625,298.38,1,79.38,1,NA,NA,0.625
2010,11,18,-17.69,0.75,NA,0,NA,0.25,293,1,84.38,1,NA,NA,0.25
2010,11,19,-18.42,1,NA,0,NA,0.5,289.25,1,82.75,1,NA,NA,0.5
2010,11,20,-18.94,0.75,NA,0,NA,0.375,297.62,1,81.63,1,NA,NA,0.375
2010,11,21,-18.99,0.75,NA,0,8.83,0.75,300.38,1,81.88,1,8.76,299.2,0.75
2010,11,22,-18.68,1,NA,0,15,0.875,294.25,1,81.75,1,14.99,294.36,0.875
2010,11,23,-18,1,NA,0,13.12,1,291,1,77.75,1,13.11,290.98,1
2010,11,24,-17.13,0.875,NA,0,NA,0.375,287.88,1,63,1,NA,NA,0.375
2010,11,25,-18.72,1,NA,0,NA,0.125,283.75,1,65.63,1,NA,NA,0.125
2010,11,26,-19.05,1,NA,0,NA,0.375,287.12,1,63.13,1,NA,NA,0.375
2010,11,27,-18.05,0.875,NA,0,26.5,0.75,286.5,1,63.63,1,26.48,286.08,0.75
2010,11,28,-17.95,1,NA,0,31.43,0.875,286.88,1,70,1,31.33,286.07,0.875
2010,11,29,-19.33,1,NA,0,NA,0.5,285.88,1,59.88,1,NA,NA,0.5
2010,11,30,-20.28,1,NA,0,25,0.75,286.75,1,56.88,1,24.95,286.07,0.75
2010,12,1,-17.74,0.75,NA,0,NA,0.5,279,1,61.88,1,NA,NA,0.5
2010,12,2,-17.33,1,NA,0,NA,0.5,288.88,1,64.88,1,NA,NA,0.5
2010,12,3,-13.88,0.875,NA,0,8,0.75,274,1,69.5,1,7.95,271.03,0.75
2010,12,4,-12.81,1,NA,0,NA,0.375,257.62,1,78.38,1,NA,NA,0.375
2010,12,5,-13.46,1,NA,0,9.33,0.75,247.75,1,80.38,1,8.26,258.79,0.75
2010,12,6,-14.7,1,NA,0,NA,0.5,290.88,1,65.63,1,NA,NA,0.5
2010,12,7,-15.58,1,NA,0,21,0.75,288.75,1,66,1,20.95,287.71,0.75
2010,12,8,-12.64,1,NA,0,NA,0.375,282.25,1,70.25,1,NA,NA,0.375
2010,12,9,-9.28,1,NA,0,NA,0.5,284.12,1,73.38,1,NA,NA,0.5
2010,12,10,-7.61,1,NA,0,NA,0.25,275.62,1,95.88,1,NA,NA,0.25
2010,12,11,-9.16,1,NA,0,NA,0.125,281.5,1,95,1,NA,NA,0.125
2010,12,12,NA,0.125,NA,0,NA,0,NA,0.25,NA,0.25,NA,NA,0
2010,12,13,NA,0,NA,0,NA,0,NA,0,NA,0,NA,NA,0
2010,12,14,NA,0,NA,0,NA,0,NA,0,NA,0,NA,NA,0
2010,12,15,NA,0,NA,0,NA,0,NA,0,NA,0,NA,NA,0
2010,12,16,NA,0,NA,0,NA,0,NA,0,NA,0,NA,NA,0
2010,12,17,NA,0,NA,0,NA,0,NA,0,NA,0,NA,NA,0
2010,12,18,NA,0,NA,0,NA,0,NA,0,NA,0,NA,NA,0
2010,12,19,NA,0,NA,0,NA,0,NA,0,NA,0,NA,NA,0
2010,12,20,NA,0,NA,0,NA,0,NA,0,NA,0,NA,NA,0
2010,12,21,NA,0.5,NA,0,4.67,0.75,265,0.875,68.71,0.875,4.01,286.73,0.75
2010,12,22,-8.31,1,NA,0,NA,0.625,286.75,1,64.38,1,NA,NA,0.625
2010,12,23,-8.37,0.875,NA,0,NA,0.5,296,1,66.63,1,NA,NA,0.5
2010,12,24,-8.26,1,NA,0,NA,0.625,293.12,1,68.13,1,NA,NA,0.625
2010,12,25,-7.5,0.875,NA,0,NA,0.375,244.75,1,70.38,1,NA,NA,0.375
2010,12,26,-6.76,1,NA,0,6.14,0.875,273,1,67.88,1,5.77,270.52,0.875
2010,12,27,-6.77,1,NA,0,4.57,0.875,272.38,1,70.75,1,4.36,273.11,0.875
2010,12,28,-7.23,1,NA,0,5.83,0.75,256.75,1,78.63,1,5.46,243.46,0.75
2010,12,29,-7.85,1,NA,0,NA,0.375,284.88,1,72.38,1,NA,NA,0.375
2010,12,30,-9.44,1,NA,0,NA,0.125,261,1,76.25,1,NA,NA,0.125
2010,12,31,-8.68,0.75,NA,0,NA,0.375,232.12,1,75.38,1,NA,NA,0.375
2011,1,1,-9.58,1,NA,0,NA,0.5,287.25,1,68.88,1,NA,NA,0.5
2011,1,2,-10.36,1,NA,0,NA,0.125,304.38,1,73.13,1,NA,NA,0.125
2011,1,3,-10.23,0.875,NA,0,10.33,0.75,286.62,1,67.13,1,10.12,289.88,0.75
2011,1,4,-11.41,0.875,NA,0,NA,0.375,280.25,1,66.13,1,NA,NA,0.375
2011,1,5,-11.02,1,NA,0,NA,0.375,289.88,1,64,1,NA,NA,0.375
2011,1,6,-10.88,1,NA,0,NA,0.625,278.25,1,74.13,1,NA,NA,0.625
2011,1,7,-10.18,0.875,NA,0,NA,0.625,287.5,1,66.25,1,NA,NA,0.625
2011,1,8,-10.21,0.875,NA,0,NA,0.25,283.62,1,72.88,1,NA,NA,0.25
2011,1,9,-11.76,0.875,NA,0,NA,0.5,261.25,1,76.13,1,NA,NA,0.5
2011,1,10,-11.21,1,NA,0,NA,0.375,276.38,1,70.25,1,NA,NA,0.375
2011,1,11,NA,0.5,NA,0,NA,0.5,176.38,1,79.38,1,NA,NA,0.5
2011,1,12,-12.28,1,NA,0,NA,0.625,279.12,1,71.25,1,NA,NA,0.625
2011,1,13,-9.28,1,NA,0,NA,0.375,240.75,1,87.75,1,NA,NA,0.375
2011,1,14,-9.14,1,NA,0,9.29,0.875,207.62,1,89.38,1,9.01,210.39,0.875
2011,1,15,-10.06,1,NA,0,NA,0.25,269.5,1,82.13,1,NA,NA,0.25
2011,1,16,-10.58,0.75,NA,0,NA,0.25,299.62,1,67.5,1,NA,NA,0.25
2011,1,17,-11.61,0.75,NA,0,10.17,0.75,294.12,1,64,1,10.16,297.2,0.75
2011,1,18,-12.22,1,NA,0,19.43,0.875,305.12,1,70,1,19.23,306.57,0.875
2011,1,19,-12.48,1,NA,0,NA,0.375,310.38,1,71.38,1,NA,NA,0.375
2011,1,20,-12.13,1,NA,0,24.33,0.75,290.62,1,72.25,1,24.29,290.51,0.75
2011,1,21,-12.21,1,NA,0,NA,0.375,284.75,1,74,1,NA,NA,0.375
2011,1,22,-12.09,1,NA,0,NA,0.25,288,1,72.5,1,NA,NA,0.25
2011,1,23,NA,0.5,NA,0,NA,0.375,305.75,1,68.25,1,NA,NA,0.375
2011,1,24,-13.53,1,NA,0,NA,0.375,300.88,1,65.63,1,NA,NA,0.375
2011,1,25,-12.45,0.875,NA,0,NA,0.5,295.25,1,66.25,1,NA,NA,0.5
2011,1,26,-12.35,0.875,NA,0,NA,0.375,251.62,1,77,1,NA,NA,0.375
2011,1,27,-14.1,1,NA,0,NA,0.25,286.38,1,67.88,1,NA,NA,0.25
2011,1,28,-13.89,1,NA,0,NA,0.625,294,1,70.5,1,NA,NA,0.625
2011,1,29,-13.09,0.75,NA,0,NA,0.375,284,1,71.38,1,NA,NA,0.375
2011,1,30,-12.93,0.875,NA,0,NA,0.5,286.88,1,74.75,1,NA,NA,0.5
2011,1,31,-12.96,0.875,NA,0,3.88,1,230.25,1,85.75,1,2.82,262.42,1
2011,2,1,-15.72,0.875,NA,0,NA,0.625,286.62,1,64.25,1,NA,NA,0.625
2011,2,2,-16.41,0.75,NA,0,NA,0.5,302,1,63,1,NA,NA,0.5
2011,2,3,-15.17,1,NA,0,NA,0.375,277.62,1,76.38,1,NA,NA,0.375
2011,2,4,-15.37,1,NA,0,NA,0.125,301.62,1,74.13,1,NA,NA,0.125
2011,2,5,-14.56,0.875,NA,0,5.33,0.75,251.75,1,76.63,1,5.28,250.13,0.75
2011,2,6,-14.38,0.75,NA,0,NA,0.625,258.5,1,82,1,NA,NA,0.625
2011,2,7,-17.23,1,NA,0,26.5,0.75,289.38,1,75.88,1,26.47,288.72,0.75
2011,2,8,-16.97,1,NA,0,NA,0.375,293.12,1,67.63,1,NA,NA,0.375
2011,2,9,-15.66,1,NA,0,NA,0.375,268,1,79.75,1,NA,NA,0.375
2011,2,10,-19.61,0.75,NA,0,NA,0.125,300.38,1,75,1,NA,NA,0.125
2011,2,11,-18.06,1,NA,0,NA,0.25,261.75,1,76.25,1,NA,NA,0.25
2011,2,12,-15.59,0.75,NA,0,NA,0.25,211.62,1,85.63,1,NA,NA,0.25
2011,2,13,-17.97,0.75,NA,0,NA,0.25,284.12,1,77.5,1,NA,NA,0.25
2011,2,14,-19.58,1,NA,0,NA,0,301.38,1,74.75,1,NA,NA,0
2011,2,15,-16.93,0.875,NA,0,NA,0.25,211.75,1,79.75,1,NA,NA,0.25
2011,2,16,-21.87,1,NA,0,NA,0.5,301.62,1,73,1,NA,NA,0.5
2011,2,17,-18.46,1,NA,0,NA,0.5,294.88,1,74.13,1,NA,NA,0.5
2011,2,18,-14.3,1,NA,0,11.75,1,288.38,1,75.88,1,11.69,287.67,1
2011,2,19,-14.28,1,NA,0,NA,0.5,281.75,1,79.25,1,NA,NA,0.5
2011,2,20,-18.51,1,NA,0,NA,0.5,303,1,76,1,NA,NA,0.5
2011,2,21,-13.23,0.875,NA,0,NA,0.125,181.5,1,84,1,NA,NA,0.125
2011,2,22,-11.84,0.75,NA,0,NA,0.375,172.88,1,89.63,1,NA,NA,0.375
2011,2,23,-12.94,0.75,NA,0,NA,0.25,277.75,1,84.25,1,NA,NA,0.25
2011,2,24,-19.07,0.875,NA,0,17.5,1,306.38,1,72,1,17.42,306.21,1
2011,2,25,NA,0.625,NA,0,NA,0.625,287.75,1,75.25,1,NA,NA,0.625
2011,2,26,-15.5,1,NA,0,4,0.75,255.38,1,76.13,1,3.02,255.43,0.75
2011,2,27,-19.53,0.875,NA,0,10.12,1,294.62,1,65.88,1,10.07,295.36,1
2011,2,28,-17.24,0.75,NA,0,NA,0.375,232.75,1,81.88,1,NA,NA,0.375
2011,3,1,-18.81,1,NA,0,NA,0.5,237.12,1,83.75,1,NA,NA,0.5
2011,3,2,NA,0.25,NA,0,NA,0.25,296.5,1,76.63,1,NA,NA,0.25
2011,3,3,-26.16,0.875,NA,0,NA,0.5,307.88,1,71.38,1,NA,NA,0.5
2011,3,4,-30.49,1,NA,0,NA,0.5,295.25,1,69.5,1,NA,NA,0.5
2011,3,5,-27.89,1,NA,0,NA,0.5,303,1,69.63,1,NA,NA,0.5
2011,3,6,-18.26,0.875,NA,0,6.83,0.75,226.75,1,83.38,1,5.51,212.42,0.75
2011,3,7,-18.27,1,NA,0,10.17,0.75,279.88,1,82.63,1,9.64,277.92,0.75
2011,3,8,-23.44,0.75,NA,0,NA,0.625,295.12,1,74.5,1,NA,NA,0.625
2011,3,9,-24.01,1,NA,0,NA,0.625,290.88,1,72.13,1,NA,NA,0.625
2011,3,10,NA,0.375,NA,0,NA,0.375,297.88,1,67.5,1,NA,NA,0.375
2011,3,11,-32.89,1,NA,0,36.83,0.75,300.62,1,67.88,1,36.66,298.54,0.75
2011,3,12,NA,0.625,NA,0,NA,0.375,299.38,1,67.88,1,NA,NA,0.375
2011,3,13,-35.27,1,NA,0,23.33,0.75,304.5,1,65,1,23.19,307.47,0.75
2011,3,14,-36.44,1,NA,0,NA,0.25,313,1,64.13,1,NA,NA,0.25
2011,3,15,-34.13,1,NA,0,NA,0.375,296.38,1,64.75,1,NA,NA,0.375
2011,3,16,-31.28,1,NA,0,NA,0.625,293.12,1,63.5,1,NA,NA,0.625
2011,3,17,-28.95,1,NA,0,33.5,0.75,298.5,1,68.88,1,33.45,299.57,0.75
2011,3,18,-31.19,1,NA,0,32.83,0.75,293.75,1,67.88,1,32.78,296.02,0.75
2011,3,19,-26.72,1,NA,0,NA,0.5,282.88,1,71.13,1,NA,NA,0.5
2011,3,20,-29.62,1,NA,0,NA,0.625,293,1,68.75,1,NA,NA,0.625
2011,3,21,-21.14,0.75,NA,0,NA,0.375,293.12,1,77,1,NA,NA,0.375
2011,3,22,-21.7,1,NA,0,17.17,0.75,294.25,1,77.25,1,17.15,294.54,0.75
2011,3,23,-23.03,0.875,NA,0,19.17,0.75,303.62,1,74.88,1,18.84,302.3,0.75
2011,3,24,-24.52,0.75,NA,0,NA,0.5,299.75,1,72.13,1,NA,NA,0.5
2011,3,25,-26.26,1,NA,0,NA,0.625,301.38,1,73.38,1,NA,NA,0.625
2011,3,26,NA,0.625,NA,0,NA,0.625,290.88,1,77.63,1,NA,NA,0.625
2011,3,27,NA,0.5,NA,0,NA,0.625,286.12,1,74.25,1,NA,NA,0.625
2011,3,28,-31.26,1,NA,0,NA,0.5,300,1,67.5,1,NA,NA,0.5
2011,3,29,-31.13,1,NA,0,NA,0.375,300.38,1,63.75,1,NA,NA,0.375
2011,3,30,-33.08,1,NA,0,19.38,1,296,1,56.88,1,19.36,295.88,1
2011,3,31,-32.25,1,NA,0,13.17,0.75,296.5,1,59.63,1,13.16,294.85,0.75
2011,4,1,-34.75,1,NA,0,NA,0.375,301.5,1,64.5,1,NA,NA,0.375
2011,4,2,-36.98,1,NA,0,40,0.875,303.88,1,62.75,1,39.94,304.33,0.875
2011,4,3,-33.28,1,NA,0,NA,0.375,300.62,1,66,1,NA,NA,0.375
2011,4,4,NA,0.625,NA,0,NA,0.25,297.75,1,62.38,1,NA,NA,0.25
2011,4,5,-41,0.875,NA,0,NA,0.5,298.25,1,58.63,1,NA,NA,0.5
2011,4,6,-43.42,0.75,NA,0,NA,0.375,306.25,1,54.63,1,NA,NA,0.375
2011,4,7,-39.07,1,NA,0,NA,0.625,296.88,1,59.88,1,NA,NA,0.625
2011,4,8,-39.54,1,NA,0,NA,0.5,295.38,1,59.25,1,NA,NA,0.5
2011,4,9,-39.21,1,NA,0,NA,0.625,295.38,1,58,1,NA,NA,0.625
2011,4,10,-35.59,1,NA,0,NA,0.375,321.25,1,64.75,1,NA,NA,0.375
2011,4,11,-29.85,1,NA,0,NA,0.5,300.62,1,70.88,1,NA,NA,0.5
2011,4,12,-29.68,1,NA,0,NA,0.5,292.5,1,70.75,1,NA,NA,0.5
2011,4,13,-31.18,1,NA,0,NA,0.25,301.5,1,63.75,1,NA,NA,0.25
2011,4,14,NA,0.625,NA,0,NA,0.375,267.5,1,85.38,1,NA,NA,0.375
2011,4,15,-10.89,1,NA,0,NA,0.625,218.62,1,91.75,1,NA,NA,0.625
2011,4,16,NA,0.5,NA,0,NA,0,292.25,1,85.25,1,NA,NA,0
2011,4,17,NA,0,NA,0,40,0.75,299.5,1,75,1,39.88,300.56,0.75
2011,4,18,NA,0.625,NA,0,34.86,0.875,294,1,71.5,1,34.82,293.84,0.875
2011,4,19,NA,0.5,NA,0,NA,0.375,293.62,1,72.38,1,NA,NA,0.375
2011,4,20,-22.08,0.75,NA,0,NA,0.5,295,1,73.88,1,NA,NA,0.5
2011,4,21,-24.79,0.875,NA,0,NA,0.375,288.38,1,67,1,NA,NA,0.375
2011,4,22,NA,0.375,NA,0,NA,0.25,289,1,67.38,1,NA,NA,0.25
2011,4,23,-33.74,1,NA,0,25.17,0.75,298.75,1,67.63,1,24.46,302.69,0.75
2011,4,24,-33.61,1,NA,0,22.75,1,313.25,1,68,1,21.85,313.52,1
2011,4,25,-31.63,0.875,NA,0,NA,0.625,289.5,1,69.88,1,NA,NA,0.625
2011,4,26,-29.39,1,NA,0,NA,0.5,311.75,1,71.88,1,NA,NA,0.5
2011,4,27,-30.96,1,NA,0,NA,0.625,292.25,1,68.75,1,NA,NA,0.625
2011,4,28,-30.28,1,NA,0,NA,0.375,294,1,66.38,1,NA,NA,0.375
2011,4,29,-29.08,1,NA,0,NA,0.25,299.88,1,70.88,1,NA,NA,0.25
2011,4,30,-32.75,1,NA,0,24.38,1,304.88,1,67.38,1,24.24,304.4,1
2011,5,1,-33.69,1,NA,0,NA,0.625,296.75,1,64.75,1,NA,NA,0.625
2011,5,2,-31.05,1,NA,0,NA,0.5,295.62,1,65.63,1,NA,NA,0.5
2011,5,3,-32.44,1,NA,0,29.17,0.75,296,1,66.88,1,29.15,295.15,0.75
2011,5,4,-35.67,0.875,NA,0,30.33,0.75,287.62,1,62.63,1,30.28,286.58,0.75
2011,5,5,-40.63,1,NA,0,NA,0.625,294,1,59.75,1,NA,NA,0.625
2011,5,6,-39.28,0.875,NA,0,NA,0.625,300.5,1,60.75,1,NA,NA,0.625
2011,5,7,-36.74,1,NA,0,NA,0.5,310.88,1,64,1,NA,NA,0.5
2011,5,8,-39.28,0.875,NA,0,NA,0.375,312.88,1,61,1,NA,NA,0.375
2011,5,9,-34.38,1,NA,0,NA,0.125,294.12,1,65.63,1,NA,NA,0.125
2011,5,10,NA,0.625,NA,0,NA,0.125,295.75,1,67.38,1,NA,NA,0.125
2011,5,11,-29.17,1,NA,0,NA,0.375,298.12,1,61.13,1,NA,NA,0.375
2011,5,12,-28.17,1,NA,0,NA,0.5,298.38,1,63.88,1,NA,NA,0.5
2011,5,13,-32.45,0.75,NA,0,NA,0.375,293.5,1,65.25,1,NA,NA,0.375
2011,5,14,-35.15,0.875,NA,0,NA,0.25,295.5,1,60.25,1,NA,NA,0.25
2011,5,15,-38.25,1,NA,0,NA,0.5,298.5,1,62,1,NA,NA,0.5
2011,5,16,-35.91,1,NA,0,20,0.75,301.75,1,63.88,1,19.99,300.47,0.75
2011,5,17,-27.66,0.875,NA,0,NA,0.5,284,1,72.25,1,NA,NA,0.5
2011,5,18,-24.96,1,NA,0,NA,0.5,297,1,76.13,1,NA,NA,0.5
2011,5,19,-23.6,1,NA,0,16.12,1,294,1,75.75,1,16.09,294.4,1
2011,5,20,-19.75,1,NA,0,13.5,0.75,281.5,1,81.13,1,13.44,282.4,0.75
2011,5,21,-21.52,1,NA,0,NA,0.5,275.38,1,81.38,1,NA,NA,0.5
2011,5,22,-28.42,0.75,NA,0,25.25,1,294.5,1,73.75,1,25.16,294.64,1
2011,5,23,-33.22,0.75,NA,0,NA,0.25,304.75,1,61.75,1,NA,NA,0.25
2011,5,24,-38.75,1,NA,0,31.33,0.75,299.25,1,62.13,1,31.27,296.44,0.75
2011,5,25,-37.57,1,NA,0,NA,0.5,295.88,1,63.13,1,NA,NA,0.5
2011,5,26,-38.06,1,NA,0,NA,0.375,320.5,1,62.88,1,NA,NA,0.375
2011,5,27,-37.98,1,NA,0,24.62,1,302.75,1,62.75,1,24.43,302.71,1
2011,5,28,-35,1,NA,0,NA,0.5,288.75,1,65.75,1,NA,NA,0.5
2011,5,29,-31.17,1,NA,0,NA,0.5,296.25,1,69,1,NA,NA,0.5
2011,5,30,NA,0.5,NA,0,NA,0.125,302.88,1,53.13,1,NA,NA,0.125
2011,5,31,NA,0.625,NA,0,NA,0.25,279.75,1,69.88,1,NA,NA,0.25
2011,6,1,-29.46,1,NA,0,12.5,0.75,289.12,1,72.75,1,12.48,289.33,0.75
2011,6,2,-28,1,NA,0,13,0.875,289.62,1,74.63,1,12.93,289.85,0.875
2011,6,3,-32.4,1,NA,0,NA,0.375,303.75,1,69.5,1,NA,NA,0.375
2011,6,4,-38.69,1,NA,0,NA,0.375,298.5,1,61.88,1,NA,NA,0.375
2011,6,5,-38.51,1,NA,0,36.17,0.75,300.12,1,62.13,1,36.16,300.63,0.75
2011,6,6,-35.22,1,NA,0,NA,0.625,298.88,1,64.5,1,NA,NA,0.625
2011,6,7,-36.39,1,NA,0,NA,0.5,300.12,1,61.88,1,NA,NA,0.5
2011,6,8,-32.6,1,NA,0,NA,0.125,308.12,1,64.13,1,NA,NA,0.125
2011,6,9,-22.8,0.75,NA,0,NA,0.5,289.88,1,78.13,1,NA,NA,0.5
2011,6,10,-22.84,1,NA,0,NA,0.375,298.12,1,79.38,1,NA,NA,0.375
2011,6,11,-31.92,0.75,NA,0,NA,0.125,303.12,1,70.75,1,NA,NA,0.125
2011,6,12,-26.81,1,NA,0,NA,0.5,288.5,1,75.63,1,NA,NA,0.5
2011,6,13,-23.35,1,NA,0,NA,0.5,285.38,1,79,1,NA,NA,0.5
2011,6,14,-26.6,0.875,NA,0,20.14,0.875,294,1,75,1,20.03,295.16,0.875
2011,6,15,-28.99,0.875,NA,0,NA,0.25,305,1,73.13,1,NA,NA,0.25
2011,6,16,-22.46,1,NA,0,NA,0.625,294.5,1,71.5,1,NA,NA,0.625
2011,6,17,-25.34,1,NA,0,29.83,0.75,296.25,1,72.25,1,29.77,296.86,0.75
2011,6,18,-31.58,1,NA,0,36.17,0.75,298.38,1,68.38,1,36.15,299.27,0.75
2011,6,19,-32.37,1,NA,0,NA,0.625,291.12,1,66.13,1,NA,NA,0.625
2011,6,20,-31.38,1,NA,0,24.67,0.75,290.25,1,65.38,1,24.66,290.89,0.75
2011,6,21,-39.24,0.875,NA,0,NA,0.375,299.62,1,61,1,NA,NA,0.375
2011,6,22,-32.63,0.75,NA,0,NA,0.25,NA,0.625,67.25,1,NA,NA,0
2011,6,23,-40.68,0.75,NA,0,NA,0,295.62,1,58.88,1,NA,NA,0
2011,6,24,-40.26,0.875,NA,0,NA,0.5,292.62,1,59.63,1,NA,NA,0.5
2011,6,25,-39.57,1,NA,0,NA,0.625,303.25,1,60.63,1,NA,NA,0.625
2011,6,26,-41.79,1,NA,0,NA,0.125,308,1,58.13,1,NA,NA,0.125
2011,6,27,-40.03,1,NA,0,NA,0.25,300.12,1,60.13,1,NA,NA,0.25
2011,6,28,-39.77,1,NA,0,NA,0.375,302.12,1,58.88,1,NA,NA,0.375
2011,6,29,-38.52,1,NA,0,28.83,0.75,298.62,1,57.63,1,28.82,298,0.75
2011,6,30,-39.87,1,NA,0,28.62,1,300.25,1,59.5,1,28.59,300.26,1
2011,7,1,-41.82,1,NA,0,32.33,0.75,300.75,1,57.63,1,32.3,299.58,0.75
2011,7,2,-39.84,1,NA,0,NA,0.25,297.38,1,58.88,1,NA,NA,0.25
2011,7,3,NA,0.625,NA,0,NA,0.25,280.12,1,61.63,1,NA,NA,0.25
2011,7,4,-29.5,1,NA,0,NA,0.25,284,1,71.63,1,NA,NA,0.25
2011,7,5,-35.11,0.875,NA,0,NA,0.125,312,1,65.75,1,NA,NA,0.125
2011,7,6,-37.32,1,NA,0,NA,0.375,301.38,1,62.88,1,NA,NA,0.375
2011,7,7,-37.45,1,NA,0,20.57,0.875,297.75,1,59.25,1,20.56,297.47,0.875
2011,7,8,-34.57,1,NA,0,20.86,0.875,299.12,1,59.88,1,20.85,298.54,0.875
2011,7,9,-29,1,NA,0,13.62,1,296.25,1,70.25,1,13.58,296.44,1
2011,7,10,-32.39,0.75,NA,0,NA,0.25,298.12,1,68.5,1,NA,NA,0.25
2011,7,11,-34.16,1,NA,0,NA,0.5,298.62,1,67.13,1,NA,NA,0.5
2011,7,12,-34.59,1,NA,0,NA,0.625,311.25,1,66.75,1,NA,NA,0.625
2011,7,13,-36.6,0.875,NA,0,NA,0.375,303.88,1,65.25,1,NA,NA,0.375
2011,7,14,-26.48,0.875,NA,0,9.86,0.875,264,0.875,76.5,1,7.99,279.81,0.875
2011,7,15,-20.47,1,NA,0,NA,0.375,222.67,0.75,82.5,1,NA,NA,0.25
2011,7,16,-20.29,1,NA,0,NA,0.125,236.5,1,82.88,1,NA,NA,0.125
2011,7,17,-24.74,0.875,NA,0,NA,0.25,301,1,78.75,1,NA,NA,0.25
2011,7,18,-18.45,1,NA,0,NA,0.375,254.38,1,84.38,1,NA,NA,0.375
2011,7,19,-21.06,1,NA,0,7.17,0.75,273.38,1,82.25,1,6.87,270.73,0.75
2011,7,20,-17.87,0.75,NA,0,NA,0.125,274.62,1,83,1,NA,NA,0.125
2011,7,21,-31.75,1,NA,0,NA,0.375,307.38,1,71,1,NA,NA,0.375
2011,7,22,-29.15,0.75,NA,0,NA,0.25,292.5,1,74,1,NA,NA,0.25
2011,7,23,-31.99,1,NA,0,NA,0.25,292.25,1,70.25,1,NA,NA,0.25
2011,7,24,-31.02,1,NA,0,8.43,0.875,281.25,1,71.38,1,8.32,282.69,0.875
2011,7,25,-35.4,1,NA,0,NA,0.625,299.25,1,66.38,1,NA,NA,0.625
2011,7,26,-34.31,1,NA,0,26.25,1,297.5,1,67.25,1,26.23,297.49,1
2011,7,27,-33.13,0.875,NA,0,NA,0.5,307.38,1,69.13,1,NA,NA,0.5
2011,7,28,-24.44,0.875,NA,0,NA,0.125,280.88,1,77.25,1,NA,NA,0.125
2011,7,29,-34.48,0.875,NA,0,NA,0.25,310.25,1,67.88,1,NA,NA,0.25
2011,7,30,-34.26,0.75,NA,0,NA,0.25,306.38,1,68.63,1,NA,NA,0.25
2011,7,31,NA,0.625,NA,0,NA,0.375,295.38,1,75,1,NA,NA,0.375
2011,8,1,-15.95,1,NA,0,NA,0.125,189,1,87.13,1,NA,NA,0.125
2011,8,2,-13.58,1,NA,0,NA,0.375,136.75,1,89.63,1,NA,NA,0.375
2011,8,3,-19.76,0.875,NA,0,NA,0.25,292,1,83.63,1,NA,NA,0.25
2011,8,4,-20.87,1,NA,0,34,1,290,1,80.88,1,33.97,290.07,1
2011,8,5,-25.16,1,NA,0,NA,0.625,289.25,1,76.5,1,NA,NA,0.625
2011,8,6,-26.15,1,NA,0,NA,0,293.38,1,75.5,1,NA,NA,0
2011,8,7,-29.99,1,NA,0,NA,0,302.75,1,67.38,1,NA,NA,0
2011,8,8,-37.19,1,NA,0,NA,0.625,293.75,1,63.5,1,NA,NA,0.625
2011,8,9,-40.62,0.875,NA,0,NA,0.375,304.62,1,60.63,1,NA,NA,0.375
2011,8,10,-31.74,1,NA,0,NA,0.5,291.5,1,70.38,1,NA,NA,0.5
2011,8,11,NA,0.625,NA,0,NA,0.625,296.38,1,69.63,1,NA,NA,0.625
2011,8,12,-37.51,1,NA,0,38.29,0.875,298.38,1,63.63,1,38.21,299.15,0.875
2011,8,13,-39.76,1,NA,0,30.88,1,300.5,1,61,1,30.84,300.51,1
2011,8,14,-37.51,1,NA,0,NA,0.5,307,1,63.5,1,NA,NA,0.5
2011,8,15,-34.55,0.75,NA,0,NA,0.5,297.75,1,66.13,1,NA,NA,0.5
2011,8,16,-30.36,0.75,NA,0,NA,0,298,1,68.88,1,NA,NA,0
2011,8,17,-28.17,1,NA,0,NA,0.125,298.88,1,71.63,1,NA,NA,0.125
2011,8,18,-34.51,0.875,NA,0,NA,0.25,290.5,1,61,1,NA,NA,0.25
2011,8,19,NA,0.625,NA,0,NA,0.25,289.25,1,55.63,1,NA,NA,0.25
2011,8,20,-44.3,0.75,NA,0,NA,0.375,317.38,1,55.13,1,NA,NA,0.375
2011,8,21,NA,0.5,NA,0,NA,0.625,316.38,1,58.25,1,NA,NA,0.625
2011,8,22,-38.51,1,NA,0,NA,0.25,302,1,62.5,1,NA,NA,0.25
2011,8,23,-29.94,0.875,NA,0,NA,0.5,296.25,1,69.38,1,NA,NA,0.5
2011,8,24,-25.37,1,NA,0,NA,0.5,237.75,1,77.5,1,NA,NA,0.5
2011,8,25,-25.54,0.875,NA,0,NA,0.5,295.12,1,76.75,1,NA,NA,0.5
2011,8,26,-31.94,1,NA,0,NA,0.125,298.12,1,70.13,1,NA,NA,0.125
2011,8,27,-31.59,1,NA,0,NA,0.5,308.62,1,70.75,1,NA,NA,0.5
2011,8,28,-27.45,1,NA,0,12.5,0.75,294.88,1,72.63,1,12.48,294.91,0.75
2011,8,29,-23.43,1,NA,0,NA,0.375,296.5,1,75.88,1,NA,NA,0.375
2011,8,30,-24.95,1,NA,0,NA,0.25,306.12,1,73.25,1,NA,NA,0.25
2011,8,31,-21.62,1,NA,0,NA,0.25,286.62,1,76.5,1,NA,NA,0.25
2011,9,1,-20.62,0.75,NA,0,NA,0.625,275.75,1,68.75,1,NA,NA,0.625
2011,9,2,-29.59,0.875,NA,0,NA,0.25,300.62,1,70.88,1,NA,NA,0.25
2011,9,3,-32.67,1,NA,0,NA,0.625,296.25,1,65.5,1,NA,NA,0.625
2011,9,4,-31.21,1,NA,0,33,0.875,294.5,1,66.63,1,32.95,294.96,0.875
2011,9,5,-33.64,1,NA,0,NA,0.5,293.25,1,63.88,1,NA,NA,0.5
2011,9,6,-31.74,1,NA,0,NA,0.5,295.62,1,64,1,NA,NA,0.5
2011,9,7,-35.28,0.875,NA,0,NA,0.5,296.38,1,63.25,1,NA,NA,0.5
2011,9,8,-31.2,1,NA,0,NA,0.375,298.62,1,70.38,1,NA,NA,0.375
2011,9,9,-24.63,1,NA,0,NA,0.625,294,1,70.75,1,NA,NA,0.625
2011,9,10,-18.42,1,NA,0,NA,0.375,226.5,1,84.25,1,NA,NA,0.375
2011,9,11,-19.09,1,NA,0,NA,0.625,249,1,83.5,1,NA,NA,0.625
2011,9,12,-24.24,1,NA,0,NA,0.5,292.5,1,76.5,1,NA,NA,0.5
2011,9,13,-30.63,0.875,NA,0,NA,0.5,302.25,1,71,1,NA,NA,0.5
2011,9,14,-27.15,1,NA,0,NA,0.25,294.88,1,75.13,1,NA,NA,0.25
2011,9,15,-25.67,1,NA,0,NA,0.375,297.75,1,74,1,NA,NA,0.375
2011,9,16,-26.7,1,NA,0,NA,0.375,291.38,1,61.75,1,NA,NA,0.375
2011,9,17,-31.39,1,NA,0,17.43,0.875,292.25,1,51.25,1,17.39,293.87,0.875
2011,9,18,-30.68,1,NA,0,NA,0,294.12,1,62.75,1,NA,NA,0
2011,9,19,-32.34,1,NA,0,NA,0.375,296.38,1,63.63,1,NA,NA,0.375
2011,9,20,-31.8,1,NA,0,NA,0.5,288,1,48.13,1,NA,NA,0.5
2011,9,21,-32.42,0.875,NA,0,NA,0.125,286.75,1,66.75,1,NA,NA,0.125
2011,9,22,-31.51,1,NA,0,NA,0.625,295.88,1,67.88,1,NA,NA,0.625
2011,9,23,-30.39,1,NA,0,NA,0.125,242,1,67.13,1,NA,NA,0.125
2011,9,24,-34.71,0.75,NA,0,NA,0.5,212.75,1,64.63,1,NA,NA,0.5
2011,9,25,NA,0.25,NA,0,NA,0.5,311.5,1,57.25,1,NA,NA,0.5
2011,9,26,-34.74,0.75,NA,0,NA,0.625,295.25,1,65.88,1,NA,NA,0.625
2011,9,27,NA,0.5,NA,0,NA,0.625,296.75,1,74.75,1,NA,NA,0.625
2011,9,28,-30.86,1,NA,0,NA,0.625,300.62,1,69.63,1,NA,NA,0.625
2011,9,29,-33.18,1,NA,0,NA,0,296.62,1,67.25,1,NA,NA,0
2011,9,30,-35.19,1,NA,0,NA,0.375,288.62,1,60.5,1,NA,NA,0.375
2011,10,1,-32.56,1,NA,0,NA,0.375,294.38,1,63.38,1,NA,NA,0.375
2011,10,2,-28.46,1,NA,0,NA,0.5,307.25,1,66,1,NA,NA,0.5
2011,10,3,-26.29,0.75,NA,0,NA,0.25,247,1,76.25,1,NA,NA,0.25
2011,10,4,-31.27,1,NA,0,NA,0.25,314.25,1,70.38,1,NA,NA,0.25
2011,10,5,-28.26,1,NA,0,NA,0.375,291.12,1,65.5,1,NA,NA,0.375
2011,10,6,-21.89,1,NA,0,16,0.875,286.75,1,73.75,1,15.99,287.04,0.875
2011,10,7,-19.55,0.75,NA,0,NA,0.625,292.5,1,80.25,1,NA,NA,0.625
2011,10,8,-23.72,1,NA,0,NA,0.5,294.38,1,73,1,NA,NA,0.5
2011,10,9,-22.81,1,NA,0,NA,0.5,299.5,1,59.38,1,NA,NA,0.5
2011,10,10,-20.21,0.875,NA,0,NA,0.375,251.5,1,79.25,1,NA,NA,0.375
2011,10,11,-21.83,0.75,NA,0,NA,0.125,246.62,1,71.5,1,NA,NA,0.125
2011,10,12,-32.01,1,NA,0,NA,0.5,295.75,1,66.75,1,NA,NA,0.5
2011,10,13,-29.81,1,NA,0,NA,0.5,290.12,1,71.88,1,NA,NA,0.5
2011,10,14,-27.82,1,NA,0,NA,0.625,285.88,1,72.13,1,NA,NA,0.625
2011,10,15,-31.39,1,NA,0,NA,0.125,282.25,1,69.75,1,NA,NA,0.125
2011,10,16,-25,0.875,NA,0,NA,0.375,287.12,1,61.5,1,NA,NA,0.375
2011,10,17,-24.78,1,NA,0,NA,0.125,286.25,1,52.75,1,NA,NA,0.125
2011,10,18,-27.14,1,NA,0,NA,0.625,289.5,1,55.75,1,NA,NA,0.625
2011,10,19,-30.69,1,NA,0,NA,0.375,291.88,1,52.25,1,NA,NA,0.375
2011,10,20,-31.39,1,NA,0,NA,0.375,292.38,1,48.5,1,NA,NA,0.375
2011,10,21,-28.17,0.75,NA,0,NA,0.5,296.12,1,59.38,1,NA,NA,0.5
2011,10,22,-28.82,0.875,NA,0,12.88,1,291.25,1,53.75,1,12.81,291.96,1
2011,10,23,-27.75,0.75,NA,0,9.17,0.75,290,1,59.13,1,9.07,289.59,0.75
2011,10,24,-27.19,0.75,NA,0,12.25,1,294.75,1,65.13,1,12.22,294.69,1
2011,10,25,-22.71,0.875,NA,0,NA,0.625,288.62,1,66.13,1,NA,NA,0.625
2011,10,26,-18.74,0.875,NA,0,NA,0.5,276.5,1,68.38,1,NA,NA,0.5
2011,10,27,-20.77,1,NA,0,NA,0.5,292.25,1,61.63,1,NA,NA,0.5
2011,10,28,-23.15,1,NA,0,14.29,0.875,297.12,1,59.25,1,14.26,297.22,0.875
2011,10,29,-25.88,1,NA,0,NA,0.625,290.12,1,57.13,1,NA,NA,0.625
2011,10,30,-26.13,1,NA,0,NA,0.375,282,1,65.38,1,NA,NA,0.375
2011,10,31,-22.34,0.875,NA,0,NA,0.375,274.75,1,70.63,1,NA,NA,0.375
2011,11,1,-18.41,1,NA,0,NA,0.5,281.38,1,73.25,1,NA,NA,0.5
2011,11,2,-18.12,0.75,NA,0,NA,0.625,294.12,1,65.25,1,NA,NA,0.625
2011,11,3,-20.14,0.75,NA,0,NA,0.625,290.12,1,59.13,1,NA,NA,0.625
2011,11,4,-23.35,1,NA,0,NA,0.625,291.5,1,62.75,1,NA,NA,0.625
2011,11,5,-17.03,0.75,NA,0,NA,0.5,288.25,1,63,1,NA,NA,0.5
2011,11,6,-14.84,1,NA,0,NA,0.375,279.62,1,75.13,1,NA,NA,0.375
2011,11,7,-13.94,1,NA,0,NA,0.25,282.75,1,67.75,1,NA,NA,0.25
2011,11,8,-18.34,1,NA,0,NA,0.5,297.5,1,68.25,1,NA,NA,0.5
2011,11,9,-15.97,1,NA,0,NA,0.625,299.62,1,62.88,1,NA,NA,0.625
2011,11,10,-15.63,1,NA,0,8.67,0.75,286.12,1,65.75,1,8.56,285.29,0.75
2011,11,11,-17.33,1,NA,0,NA,0.625,258.75,1,66,1,NA,NA,0.625
2011,11,12,-18.62,0.75,NA,0,NA,0.125,299.25,1,63.5,1,NA,NA,0.125
2011,11,13,-17.63,0.75,NA,0,NA,0.25,304,1,58.75,1,NA,NA,0.25
2011,11,14,-16.84,0.75,NA,0,NA,0.25,297.62,1,57.88,1,NA,NA,0.25
2011,11,15,NA,0.5,NA,0,NA,0.5,297.12,1,59.75,1,NA,NA,0.5
2011,11,16,-15.43,0.875,NA,0,NA,0.5,295.88,1,58.13,1,NA,NA,0.5
2011,11,17,-14.49,0.75,NA,0,NA,0.25,290,1,62.13,1,NA,NA,0.25
2011,11,18,-16.59,0.875,NA,0,20.83,0.75,291.5,1,63.25,1,20.8,289.58,0.75
2011,11,19,-18.57,1,NA,0,NA,0.625,288.38,1,62.38,1,NA,NA,0.625
2011,11,20,-16.97,0.875,NA,0,NA,0,285.38,1,62.13,1,NA,NA,0
2011,11,21,-14.52,1,NA,0,11.38,1,288.12,1,63.75,1,11.36,288.11,1
2011,11,22,-13.54,0.875,NA,0,NA,0.375,266.5,1,75.13,1,NA,NA,0.375
2011,11,23,-13.9,0.875,NA,0,NA,0.5,299.25,1,67.13,1,NA,NA,0.5
2011,11,24,NA,0.625,NA,0,NA,0,275.25,1,73.38,1,NA,NA,0
2011,11,25,-13.66,1,NA,0,NA,0.625,255.38,1,79.25,1,NA,NA,0.625
2011,11,26,-11.86,0.75,NA,0,NA,0.375,287.62,1,72.38,1,NA,NA,0.375
2011,11,27,-13.78,0.875,NA,0,NA,0.125,295.12,1,68.25,1,NA,NA,0.125
2011,11,28,-13.32,0.75,NA,0,NA,0.625,302.75,1,64.25,1,NA,NA,0.625
2011,11,29,-14.11,1,NA,0,19.38,1,298.12,1,66,1,19.34,298.29,1
2011,11,30,NA,0.625,NA,0,NA,0.5,284.12,1,70.5,1,NA,NA,0.5
2011,12,1,NA,0.625,NA,0,NA,0.625,235.88,1,74.5,1,NA,NA,0.625
2011,12,2,-12.65,1,NA,0,8.75,1,286,1,74.25,1,8.54,286.95,1
2011,12,3,-11.97,0.75,NA,0,NA,0.5,289.38,1,67.88,1,NA,NA,0.5
2011,12,4,-11.81,0.875,NA,0,NA,0.25,302.75,1,70.88,1,NA,NA,0.25
2011,12,5,-13.15,1,NA,0,14.12,1,287.5,1,68.13,1,14.09,287.27,1
2011,12,6,-12.13,0.875,NA,0,NA,0.625,285,1,64.63,1,NA,NA,0.625
2011,12,7,-11.18,0.875,NA,0,NA,0.5,290.75,1,66,1,NA,NA,0.5
2011,12,8,-12.28,0.875,NA,0,NA,0.375,281.25,1,75.5,1,NA,NA,0.375
2011,12,9,-11.06,0.875,NA,0,NA,0.25,292.38,1,69.25,1,NA,NA,0.25
2011,12,10,-11.37,0.875,NA,0,NA,0.375,295.38,1,67.38,1,NA,NA,0.375
2011,12,11,NA,0.125,NA,0,NA,0.125,NA,0.125,NA,0.125,NA,NA,0.125
2011,12,12,NA,0,NA,0,NA,0,NA,0,NA,0,NA,NA,0
2011,12,13,NA,0,NA,0,NA,0,NA,0,NA,0,NA,NA,0
2011,12,14,NA,0,NA,0,NA,0,NA,0,NA,0,NA,NA,0
2011,12,15,NA,0,NA,0,NA,0,NA,0,NA,0,NA,NA,0
2011,12,16,NA,0,NA,0,NA,0,NA,0,NA,0,NA,NA,0
2011,12,17,NA,0,NA,0,NA,0,NA,0,NA,0,NA,NA,0
2011,12,18,NA,0,NA,0,NA,0,NA,0,NA,0,NA,NA,0
2011,12,19,NA,0,NA,0,NA,0,NA,0,NA,0,NA,NA,0
2011,12,20,NA,0,NA,0,NA,0,NA,0,NA,0,NA,NA,0
2011,12,21,NA,0,NA,0,NA,0,NA,0,NA,0,NA,NA,0
2011,12,22,NA,0,NA,0,NA,0,NA,0,NA,0,NA,NA,0
2011,12,23,-10.41,0.75,NA,0,NA,0.125,286.17,0.75,72.17,0.75,NA,NA,0.125
2011,12,24,-10.26,1,NA,0,NA,0.625,300,1,64.5,1,NA,NA,0.625
2011,12,25,-9.78,0.875,NA,0,NA,0,296.75,1,67.63,1,NA,NA,0
2011,12,26,-8.33,0.875,NA,0,NA,0.375,296.38,1,66.75,1,NA,NA,0.375
2011,12,27,-7.59,1,NA,0,NA,0.375,301.25,1,64.5,1,NA,NA,0.375
2011,12,28,-6.93,0.875,NA,0,NA,0.125,275.5,1,70.25,1,NA,NA,0.125
2011,12,29,-6.59,1,NA,0,NA,0.375,276.5,1,68.13,1,NA,NA,0.375
2011,12,30,-7.52,1,NA,0,NA,0.5,277.88,1,72.38,1,NA,NA,0.5
2011,12,31,-7.34,1,NA,0,19,0.875,275.38,1,65.5,1,18.81,276.02,0.875
2012,1,1,-7.46,1,NA,0,NA,0.375,281.25,1,70.88,1,NA,NA,0.375
2012,1,2,-9.58,0.875,NA,0,5.83,0.75,254.75,1,81.88,1,5.69,237.4,0.75
2012,1,3,-8.52,0.875,NA,0,4.14,0.875,167,1,82.25,1,0.93,143.06,0.875
2012,1,4,NA,0.625,NA,0,4.5,0.75,286.12,1,73.25,1,4.19,292.73,0.75
2012,1,5,NA,0.5,NA,0,NA,0.375,267.62,1,64.13,1,NA,NA,0.375
2012,1,6,-13.29,0.75,NA,0,NA,0.375,288.62,1,62.13,1,NA,NA,0.375
2012,1,7,-12.11,1,NA,0,NA,0.625,307.62,1,65,1,NA,NA,0.625
2012,1,8,-9.92,0.875,NA,0,NA,0.375,303,1,69.63,1,NA,NA,0.375
2012,1,9,-10.45,1,NA,0,NA,0.375,290.5,1,72.75,1,NA,NA,0.375
2012,1,10,-8.92,1,NA,0,24.17,0.75,293.5,1,65.25,1,24.15,293.38,0.75
2012,1,11,-7.15,1,NA,0,21.12,1,291,1,63.38,1,21.08,291.06,1
2012,1,12,-6.7,1,NA,0,NA,0.625,281.38,1,66.5,1,NA,NA,0.625
2012,1,13,-8.54,1,NA,0,NA,0.5,290,1,65,1,NA,NA,0.5
2012,1,14,-8.78,0.875,NA,0,NA,0.25,262.62,1,66.63,1,NA,NA,0.25
2012,1,15,NA,0.625,NA,0,NA,0.5,140.25,1,86.13,1,NA,NA,0.5
2012,1,16,-9.63,1,NA,0,4.5,1,263,1,86.13,1,4.08,265.87,1
2012,1,17,-11.16,1,NA,0,NA,0.25,299.12,1,67.13,1,NA,NA,0.25
2012,1,18,NA,0.375,NA,0,NA,0.5,284.12,1,64.25,1,NA,NA,0.5
2012,1,19,NA,0.5,NA,0,NA,0.25,277.12,1,65.88,1,NA,NA,0.25
2012,1,20,-14.2,0.75,NA,0,NA,0,220.88,1,74.88,1,NA,NA,0
2012,1,21,-12.73,1,NA,0,NA,0.25,289.12,1,65,1,NA,NA,0.25
2012,1,22,-13.61,1,NA,0,NA,0.375,281,1,73.75,1,NA,NA,0.375
2012,1,23,-12.27,1,NA,0,7,0.875,267,1,81.25,1,6.97,265.34,0.875
2012,1,24,-12.5,1,NA,0,NA,0.625,261.88,1,81.63,1,NA,NA,0.625
2012,1,25,-15.88,1,NA,0,NA,0.125,294.5,1,71.63,1,NA,NA,0.125
2012,1,26,-14.32,1,NA,0,NA,0.625,297.12,1,67,1,NA,NA,0.625
2012,1,27,-13.97,1,NA,0,7.33,0.75,267.5,1,69,1,7.02,270.01,0.75
2012,1,28,-15.92,1,NA,0,17.17,0.75,293,1,64.25,1,16.49,294.57,0.75
2012,1,29,-16.56,1,NA,0,NA,0.375,310.75,1,60.75,1,NA,NA,0.375
2012,1,30,-17.88,1,NA,0,NA,0.625,297.38,1,61.63,1,NA,NA,0.625
2012,1,31,NA,0.625,NA,0,NA,0.5,307.38,1,70,1,NA,NA,0.5
2012,2,1,-16.85,0.875,NA,0,NA,0.5,289.88,1,72.88,1,NA,NA,0.5
2012,2,2,-15.58,1,NA,0,12.17,0.75,284.88,1,73.13,1,11.98,283.75,0.75
2012,2,3,-16.2,0.75,NA,0,NA,0.25,294.38,1,70.75,1,NA,NA,0.25
2012,2,4,-18.62,0.875,NA,0,NA,0.25,302.38,1,64.38,1,NA,NA,0.25
2012,2,5,-16.77,0.875,NA,0,NA,0.5,288.88,1,71.5,1,NA,NA,0.5
2012,2,6,-17.19,1,NA,0,NA,0.5,293.25,1,76.5,1,NA,NA,0.5
2012,2,7,-16.38,0.875,NA,0,NA,0,304.5,1,63.13,1,NA,NA,0
2012,2,8,-17.41,1,NA,0,NA,0.625,290.25,1,69.38,1,NA,NA,0.625
2012,2,9,-16.09,1,NA,0,NA,0.125,307.38,1,69.88,1,NA,NA,0.125
2012,2,10,-16.66,1,NA,0,NA,0.625,301,1,67.88,1,NA,NA,0.625
2012,2,11,-19.21,1,NA,0,NA,0.375,300.88,1,61.13,1,NA,NA,0.375
2012,2,12,-14.97,0.75,NA,0,NA,0.625,252.38,1,77.88,1,NA,NA,0.625
2012,2,13,-13.81,1,NA,0,4.86,0.875,255.88,1,86.63,1,4.67,251.2,0.875
2012,2,14,-19.4,1,NA,0,NA,0.5,288.38,1,77.5,1,NA,NA,0.5
2012,2,15,-21.07,1,NA,0,NA,0.625,287.75,1,74,1,NA,NA,0.625
2012,2,16,-22.68,1,NA,0,NA,0.5,292.88,1,67.75,1,NA,NA,0.5
2012,2,17,-20.38,0.875,NA,0,NA,0.375,293,1,71.63,1,NA,NA,0.375
2012,2,18,-17.35,0.875,NA,0,12.33,0.75,269.38,1,72.13,1,10.14,272.75,0.75
2012,2,19,-8.39,1,NA,0,NA,0.375,188.25,1,93.63,1,NA,NA,0.375
2012,2,20,-6.69,1,NA,0,12.33,0.75,278.75,1,83.5,1,12.16,279.42,0.75
2012,2,21,-14.81,0.875,NA,0,NA,0.125,283.88,1,78.38,1,NA,NA,0.125
2012,2,22,-20.3,1,NA,0,NA,0.5,286.88,1,77.13,1,NA,NA,0.5
2012,2,23,-21.65,1,NA,0,32.62,1,290.75,1,75,1,32.34,290.88,1
2012,2,24,-23.24,1,NA,0,30.5,0.75,291.62,1,72,1,30.36,292.17,0.75
2012,2,25,-25.5,1,NA,0,31.33,0.75,298.38,1,69.5,1,31.28,298.8,0.75
2012,2,26,-28.68,1,NA,0,NA,0.5,300.5,1,70.88,1,NA,NA,0.5
2012,2,27,-22.06,0.875,NA,0,NA,0.375,290.75,1,68.5,1,NA,NA,0.375
2012,2,28,-21.92,1,NA,0,NA,0.25,289,1,72.75,1,NA,NA,0.25
2012,2,29,-24.33,1,NA,0,NA,0.375,NA,0.625,76.38,1,NA,NA,0.125
2012,3,1,-24.97,0.875,NA,0,NA,0.25,290.88,1,71.5,1,NA,NA,0.25
2012,3,2,-27.9,1,NA,0,NA,0.125,293.12,1,64.75,1,NA,NA,0.125
2012,3,3,-29.08,0.875,NA,0,28,0.75,297.12,1,67.75,1,27.79,286.55,0.75
2012,3,4,-29.74,1,NA,0,NA,0.625,298,1,61.63,1,NA,NA,0.625
2012,3,5,-28.26,1,NA,0,NA,0.375,296.12,1,59.5,1,NA,NA,0.375
2012,3,6,-32.77,1,NA,0,NA,0.375,300.12,1,66.63,1,NA,NA,0.375
2012,3,7,-33.05,1,NA,0,NA,0.25,303.62,1,68.25,1,NA,NA,0.25
2012,3,8,-30.7,0.875,NA,0,NA,0.625,295,1,65.38,1,NA,NA,0.625
2012,3,9,-33.15,1,NA,0,NA,0.25,305.75,1,66.38,1,NA,NA,0.25
2012,3,10,-28.82,0.875,NA,0,NA,0.375,290.88,1,62.25,1,NA,NA,0.375
2012,3,11,-20.27,1,NA,0,NA,0.5,278.12,1,80.25,1,NA,NA,0.5
2012,3,12,-21.71,1,NA,0,NA,0.5,300.62,1,74.5,1,NA,NA,0.5
2012,3,13,-23.91,1,NA,0,NA,0.625,299.5,1,66.38,1,NA,NA,0.625
2012,3,14,-25.06,0.875,NA,0,NA,0.5,301,1,69.5,1,NA,NA,0.5
2012,3,15,-27.74,1,NA,0,26,0.75,312.88,1,72.75,1,25.14,310.78,0.75
2012,3,16,-28.71,1,NA,0,NA,0.375,298.62,1,69.5,1,NA,NA,0.375
2012,3,17,-33.59,1,NA,0,NA,0.5,292.25,1,63.13,1,NA,NA,0.5
2012,3,18,-32.09,1,NA,0,NA,0.625,293,1,54.25,1,NA,NA,0.625
2012,3,19,-31.37,1,NA,0,40.29,0.875,295.25,1,46.25,1,40.26,295.1,0.875
2012,3,20,-34.61,0.875,NA,0,NA,0.125,293.38,1,53.88,1,NA,NA,0.125
2012,3,21,-34.42,1,NA,0,NA,0.375,297.25,1,54.88,1,NA,NA,0.375
2012,3,22,-34.75,0.75,NA,0,NA,0.25,298.5,1,54.25,1,NA,NA,0.25
2012,3,23,-28.35,0.875,NA,0,NA,0.5,295.88,1,50,1,NA,NA,0.5
2012,3,24,-26.03,0.75,NA,0,NA,0.375,293.12,1,67.88,1,NA,NA,0.375
2012,3,25,-29.28,1,NA,0,NA,0.25,273,1,65,1,NA,NA,0.25
2012,3,26,-26.96,1,NA,0,8,0.75,246.5,1,75.38,1,4.42,278.64,0.75
2012,3,27,-28.1,1,NA,0,NA,0.625,297.12,1,73.75,1,NA,NA,0.625
2012,3,28,-27.78,1,NA,0,17.43,0.875,299.12,1,71.75,1,17.42,299.06,0.875
2012,3,29,-28.19,1,NA,0,NA,0.5,301.75,1,67.63,1,NA,NA,0.5
2012,3,30,-24.73,1,NA,0,20,0.875,297.25,1,69.38,1,19.96,298.49,0.875
2012,3,31,-23.92,0.75,NA,0,NA,0.25,259.88,1,78.63,1,NA,NA,0.25
2012,4,1,-31.05,1,NA,0,22,0.75,304.25,1,71.25,1,21.9,305.1,0.75
2012,4,2,-32.03,1,NA,0,NA,0.625,301.38,1,69.63,1,NA,NA,0.625
2012,4,3,-33.74,1,NA,0,NA,0.375,296.25,1,67.25,1,NA,NA,0.375
2012,4,4,-34.21,1,NA,0,NA,0.5,292.5,1,65.5,1,NA,NA,0.5
2012,4,5,-31.7,1,NA,0,NA,0.625,291.25,1,62.88,1,NA,NA,0.625
2012,4,6,-32.85,1,NA,0,31.29,0.875,286.5,1,65.38,1,31.27,286.29,0.875
2012,4,7,-38.73,1,NA,0,36.83,0.75,290.5,1,61.38,1,36.79,290.24,0.75
2012,4,8,-41.38,1,NA,0,37,0.75,292.75,1,58.5,1,36.95,290.91,0.75
2012,4,9,-37.55,0.875,NA,0,NA,0.25,295.12,1,63.13,1,NA,NA,0.25
2012,4,10,-37.56,1,NA,0,NA,0.25,299.62,1,63,1,NA,NA,0.25
2012,4,11,-38.73,0.875,NA,0,22.57,0.875,307.75,1,62.63,1,22.42,307.41,0.875
2012,4,12,-30.21,1,NA,0,NA,0.375,297.25,1,71.63,1,NA,NA,0.375
2012,4,13,-36.75,1,NA,0,NA,0.625,NA,0.625,63.88,1,NA,NA,0.375
2012,4,14,-41.14,1,NA,0,NA,0.375,294,1,59.13,1,NA,NA,0.375
2012,4,15,-39.83,1,NA,0,NA,0.5,297.75,1,60.75,1,NA,NA,0.5
2012,4,16,NA,0.5,NA,0,NA,0.375,292.12,1,65.88,1,NA,NA,0.375
2012,4,17,-39.06,1,NA,0,NA,0.5,299.12,1,61.25,1,NA,NA,0.5
2012,4,18,-36.91,0.875,NA,0,NA,0.5,310.38,1,63.63,1,NA,NA,0.5
2012,4,19,-34.51,1,NA,0,NA,0.625,302.25,1,66.63,1,NA,NA,0.625
2012,4,20,-36.39,1,NA,0,23.29,0.875,306.75,1,64.63,1,23.2,307.24,0.875
2012,4,21,-35.9,1,NA,0,NA,0.25,309.62,1,65,1,NA,NA,0.25
2012,4,22,NA,0.5,NA,0,NA,0.125,301.5,1,71.75,1,NA,NA,0.125
2012,4,23,-30.31,0.875,NA,0,NA,0.125,301.12,1,72.38,1,NA,NA,0.125
2012,4,24,-34.44,0.75,NA,0,NA,0.125,306.62,1,69.75,1,NA,NA,0.125
2012,4,25,-24.35,0.75,NA,0,NA,0.125,300.62,1,78.88,1,NA,NA,0.125
2012,4,26,-30.73,1,NA,0,14.71,0.875,310.12,1,71.63,1,14.64,308.62,0.875
2012,4,27,-28.23,1,NA,0,15.62,1,294.62,1,74.13,1,15.59,295.01,1
2012,4,28,-31.63,1,NA,0,NA,0.625,295.88,1,70.25,1,NA,NA,0.625
2012,4,29,-37.32,1,NA,0,NA,0.375,298.5,1,63.75,1,NA,NA,0.375
2012,4,30,-37.48,1,NA,0,NA,0.625,299,1,63.63,1,NA,NA,0.625
2012,5,1,-32.86,1,NA,0,NA,0.125,NA,0.375,67.38,1,NA,NA,0.125
2012,5,2,-38.57,1,NA,0,NA,0.625,295.75,1,61.75,1,NA,NA,0.625
2012,5,3,-41.81,1,NA,0,NA,0.375,306.62,1,57.75,1,NA,NA,0.375
2012,5,4,-38.34,1,NA,0,NA,0.625,316.38,1,61.63,1,NA,NA,0.625
2012,5,5,-36.3,1,NA,0,NA,0.125,316.88,1,64.25,1,NA,NA,0.125
2012,5,6,-33.21,0.75,NA,0,NA,0.375,300.88,1,68.88,1,NA,NA,0.375
2012,5,7,NA,0.625,NA,0,NA,0.375,314.25,1,73.38,1,NA,NA,0.375
2012,5,8,-19.8,0.875,NA,0,NA,0.5,291.25,1,82.25,1,NA,NA,0.5
2012,5,9,-25.15,1,NA,0,NA,0.25,286.12,1,74.63,1,NA,NA,0.25
2012,5,10,-28.48,0.875,NA,0,NA,0.375,289.5,1,69.88,1,NA,NA,0.375
2012,5,11,-29.31,0.75,NA,0,NA,0.125,315.75,1,73.63,1,NA,NA,0.125
2012,5,12,-24.97,0.75,NA,0,NA,0.375,297,1,71.13,1,NA,NA,0.375
2012,5,13,-30.3,1,NA,0,NA,0.375,290.75,1,48.88,1,NA,NA,0.375
2012,5,14,NA,0.625,NA,0,NA,0.25,301.75,1,66.5,1,NA,NA,0.25
2012,5,15,-24.45,1,NA,0,NA,0.5,276.25,1,78.5,1,NA,NA,0.5
2012,5,16,-22.93,1,NA,0,NA,0.375,245.5,1,80.25,1,NA,NA,0.375
2012,5,17,-24.45,1,NA,0,NA,0.25,224.12,1,78.75,1,NA,NA,0.25
2012,5,18,-25.02,1,NA,0,12.5,1,293.12,1,77.63,1,12.46,293.12,1
2012,5,19,NA,0.625,NA,0,NA,0.375,297.75,1,73.5,1,NA,NA,0.375
2012,5,20,-30.58,0.875,NA,0,NA,0.5,284.62,1,70.5,1,NA,NA,0.5
2012,5,21,-25.18,1,NA,0,NA,0.375,259.38,1,77.5,1,NA,NA,0.375
2012,5,22,-31.39,1,NA,0,NA,0.25,302.12,1,70.5,1,NA,NA,0.25
2012,5,23,-32.05,1,NA,0,NA,0.625,294.75,1,69.13,1,NA,NA,0.625
2012,5,24,-39.6,1,NA,0,46.5,0.75,NA,0.625,60.75,1,NA,NA,0.375
2012,5,25,-35.97,0.75,NA,0,NA,0.25,276.38,1,65.88,1,NA,NA,0.25
2012,5,26,-26.07,1,NA,0,NA,0.625,218.38,1,76.75,1,NA,NA,0.625
2012,5,27,-31.69,1,NA,0,NA,0.375,295.12,1,70.38,1,NA,NA,0.375
2012,5,28,-32.25,1,NA,0,NA,0.375,293.38,1,70,1,NA,NA,0.375
2012,5,29,-29.21,1,NA,0,NA,0.375,294.75,1,73.25,1,NA,NA,0.375
2012,5,30,-36.4,1,NA,0,27.25,1,302.62,1,65.13,1,27.18,302.46,1
2012,5,31,-39.95,1,NA,0,28.38,1,303.5,1,60.88,1,28.34,303.55,1
2012,6,1,-38.06,1,NA,0,NA,0.625,297.25,1,62.5,1,NA,NA,0.625
2012,6,2,-34.67,1,NA,0,NA,0.125,296.12,1,66.5,1,NA,NA,0.125
2012,6,3,-35.45,1,NA,0,NA,0.25,278.12,1,65.88,1,NA,NA,0.25
2012,6,4,-37.19,0.875,NA,0,NA,0,305.5,1,62.63,1,NA,NA,0
2012,6,5,-40.09,1,NA,0,26.14,0.875,293.12,1,60.63,1,25.79,293.36,0.875
2012,6,6,-46.85,1,NA,0,NA,0.375,308,1,52.75,1,NA,NA,0.375
2012,6,7,-43.06,1,NA,0,NA,0.5,297.25,1,57,1,NA,NA,0.5
2012,6,8,-36.75,1,NA,0,NA,0.5,238.75,1,64.13,1,NA,NA,0.5
2012,6,9,-31.99,1,NA,0,NA,0.625,232.38,1,69.75,1,NA,NA,0.625
2012,6,10,-32.28,1,NA,0,21.67,0.75,296.5,1,69.38,1,21.6,298.57,0.75
2012,6,11,-35.04,1,NA,0,30,0.875,296.88,1,66,1,29.96,296.57,0.875
2012,6,12,-32.06,1,NA,0,NA,0.375,294.38,1,69.13,1,NA,NA,0.375
2012,6,13,-27.71,0.875,NA,0,NA,0.375,302.62,1,72.88,1,NA,NA,0.375
2012,6,14,-24,0.75,NA,0,NA,0.5,290.88,1,65.13,1,NA,NA,0.5
2012,6,15,NA,0.625,NA,0,NA,0.125,288.12,1,66.75,1,NA,NA,0.125
2012,6,16,-31.24,0.875,NA,0,NA,0.125,299.25,1,71.38,1,NA,NA,0.125
2012,6,17,-24.83,0.875,NA,0,NA,0.25,300.5,1,75.75,1,NA,NA,0.25
2012,6,18,-30.93,0.75,NA,0,NA,0.25,301.25,1,68.5,1,NA,NA,0.25
2012,6,19,-28.21,1,NA,0,NA,0.5,288.88,1,62.25,1,NA,NA,0.5
2012,6,20,-33.89,1,NA,0,NA,0.5,290.25,1,59.5,1,NA,NA,0.5
2012,6,21,-32.68,0.875,NA,0,NA,0.375,295,1,66.25,1,NA,NA,0.375
2012,6,22,-24.35,0.75,NA,0,39.43,0.875,298.38,1,56.63,1,39.22,297.85,0.875
2012,6,23,-40.58,0.75,NA,0,44.67,0.75,289.75,1,58.88,1,44.55,289.87,0.75
2012,6,24,-38.08,1,NA,0,NA,0.625,293.75,1,61.75,1,NA,NA,0.625
2012,6,25,-36.25,1,NA,0,NA,0.625,292.12,1,63.25,1,NA,NA,0.625
2012,6,26,-28.9,0.75,NA,0,NA,0.5,295.38,1,63.75,1,NA,NA,0.5
2012,6,27,-32.53,1,NA,0,NA,0.375,298.25,1,65,1,NA,NA,0.375
2012,6,28,-35.97,1,NA,0,NA,0.5,297.62,1,64.5,1,NA,NA,0.5
2012,6,29,-38.16,1,NA,0,NA,0.375,303.75,1,62.5,1,NA,NA,0.375
2012,6,30,-31.84,1,NA,0,14.29,0.875,293.38,1,65.75,1,14.26,292.23,0.875
2012,7,1,-29.96,1,NA,0,14.83,0.75,294.62,1,51.88,1,14.79,293.37,0.75
2012,7,2,-30.6,1,NA,0,34.5,0.75,295.38,1,43.88,1,34.49,294.49,0.75
2012,7,3,-37.36,1,NA,0,NA,0.375,291.12,1,58.88,1,NA,NA,0.375
2012,7,4,-37.09,1,NA,0,NA,0.625,291.88,1,62.5,1,NA,NA,0.625
2012,7,5,-36.73,1,NA,0,32.12,1,291,1,56.5,1,32.12,291.06,1
2012,7,6,-37.35,1,NA,0,39.17,0.75,292.12,1,54.25,1,39.1,292.6,0.75
2012,7,7,-39.82,1,NA,0,NA,0.25,291.12,1,58.63,1,NA,NA,0.25
2012,7,8,-42.9,1,NA,0,NA,0.5,297.14,0.875,55.38,1,NA,NA,0.5
2012,7,9,-41.62,1,NA,0,28,1,299,0.75,57.88,1,27.66,299.01,0.75
2012,7,10,-33.6,1,NA,0,NA,0.625,300.25,1,67.13,1,NA,NA,0.625
2012,7,11,-33.79,1,NA,0,NA,0.25,295,1,67.38,1,NA,NA,0.25
2012,7,12,-36.13,1,NA,0,NA,0.25,NA,0.625,64.38,1,NA,NA,0.25
2012,7,13,-39.52,1,NA,0,25.5,0.75,306.12,1,61,1,24.95,308.41,0.75
2012,7,14,-43.57,1,NA,0,NA,0.5,296.25,1,55.63,1,NA,NA,0.5
2012,7,15,-43.89,1,NA,0,35,1,297.75,1,55.38,1,34.97,297.75,1
2012,7,16,-41.62,1,NA,0,NA,0.625,293.62,1,58,1,NA,NA,0.625
2012,7,17,-41.86,1,NA,0,NA,0.5,301.62,1,57.75,1,NA,NA,0.5
2012,7,18,-41.89,1,NA,0,NA,0.5,298.75,1,57.75,1,NA,NA,0.5
2012,7,19,-33.85,0.75,NA,0,NA,0,270.5,1,68.13,1,NA,NA,0
2012,7,20,-36.33,0.875,NA,0,NA,0,305,1,64.25,1,NA,NA,0
2012,7,21,-37.28,1,NA,0,NA,0.375,292.5,1,62.75,1,NA,NA,0.375
2012,7,22,-38.45,1,NA,0,NA,0.375,293.75,1,61.75,1,NA,NA,0.375
2012,7,23,-42.21,0.75,NA,0,NA,0.125,306.25,1,58.38,1,NA,NA,0.125
2012,7,24,-34.11,1,NA,0,13.33,0.75,293.62,1,67.13,1,13.11,296.39,0.75
2012,7,25,-32.9,1,NA,0,NA,0.375,299.5,1,68.88,1,NA,NA,0.375
2012,7,26,-34.37,1,NA,0,NA,0.125,302,1,67.13,1,NA,NA,0.125
2012,7,27,-34.23,1,NA,0,NA,0.5,295.12,1,67.5,1,NA,NA,0.5
2012,7,28,-31.91,1,NA,0,15.88,1,296,1,69.88,1,15.83,295.81,1
2012,7,29,-39.92,0.75,NA,0,NA,0.25,299.88,1,60.88,1,NA,NA,0.25
2012,7,30,-40.37,1,NA,0,25.5,0.75,297.38,1,60.13,1,25.47,297.51,0.75
2012,7,31,-42.64,1,NA,0,31.5,0.75,316.5,1,57,1,30.94,324.55,0.75
2012,8,1,-39.3,1,NA,0,NA,0.375,295.38,1,60.5,1,NA,NA,0.375
2012,8,2,-36.5,1,NA,0,NA,0.125,304,1,64.13,1,NA,NA,0.125
2012,8,3,-34.47,1,NA,0,NA,0.5,298.25,1,66.75,1,NA,NA,0.5
2012,8,4,-35.99,1,NA,0,NA,0.625,295.5,1,64.75,1,NA,NA,0.625
2012,8,5,-35.3,1,NA,0,50.33,0.75,291.75,1,65.38,1,50.01,292.58,0.75
2012,8,6,-33.29,1,NA,0,NA,0.375,298,1,68,1,NA,NA,0.375
2012,8,7,-39.85,1,NA,0,47.17,0.75,290.38,1,60.13,1,47.12,290.39,0.75
2012,8,8,-31.16,0.75,NA,0,NA,0.625,293.62,1,69.38,1,NA,NA,0.625
2012,8,9,-31.5,1,NA,0,39.67,0.75,294.38,1,56.25,1,39.6,294.26,0.75
2012,8,10,-30.52,1,NA,0,NA,0.375,273.38,1,47.63,1,NA,NA,0.375
2012,8,11,-34.45,1,NA,0,7.5,0.75,275.12,1,66.5,1,6.5,300.39,0.75
2012,8,12,-38.72,0.875,NA,0,NA,0,290.38,1,61.5,1,NA,NA,0
2012,8,13,-32.64,1,NA,0,NA,0.25,292.25,1,68.13,1,NA,NA,0.25
2012,8,14,-37.37,0.875,NA,0,NA,0.125,278,1,62.88,1,NA,NA,0.125
2012,8,15,-34.88,0.875,NA,0,NA,0.625,286.75,1,65.25,1,NA,NA,0.625
2012,8,16,-30.41,1,NA,0,NA,0.375,288.75,1,71.88,1,NA,NA,0.375
2012,8,17,-31.27,1,NA,0,44,0.875,294.5,1,71.13,1,43.92,294.96,0.875
2012,8,18,-29.18,1,NA,0,NA,0.25,277.75,1,73.25,1,NA,NA,0.25
2012,8,19,-34.21,0.875,NA,0,NA,0.5,236.62,1,67.5,1,NA,NA,0.5
2012,8,20,-33.42,1,NA,0,10.86,0.875,258.88,1,68.63,1,9.12,281.89,0.875
2012,8,21,-27.34,1,NA,0,15,0.75,263.62,1,75.38,1,14.98,275.18,0.75
2012,8,22,-20.81,0.75,NA,0,NA,0.375,292.38,1,81.5,1,NA,NA,0.375
2012,8,23,-24.71,1,NA,0,NA,0.25,226.88,1,78.5,1,NA,NA,0.25
2012,8,24,-24.37,1,NA,0,NA,0.125,233.25,1,78.88,1,NA,NA,0.125
2012,8,25,-21.36,1,NA,0,NA,0.375,268.25,1,82.25,1,NA,NA,0.375
2012,8,26,-32.77,1,NA,0,NA,0.375,298.12,1,69,1,NA,NA,0.375
2012,8,27,-37.91,0.875,NA,0,NA,0.375,287.25,1,62.5,1,NA,NA,0.375
2012,8,28,-31.85,1,NA,0,9.83,0.75,264.5,1,70.38,1,9.42,272.25,0.75
2012,8,29,-34.51,1,NA,0,NA,0.125,299.75,1,67.25,1,NA,NA,0.125
2012,8,30,-37.37,1,NA,0,NA,0.5,294.88,1,63.25,1,NA,NA,0.5
2012,8,31,-33.72,1,NA,0,23,0.75,309.5,1,68.25,1,22.52,311.98,0.75
2012,9,1,-30.89,1,NA,0,NA,0.5,318.25,1,71.38,1,NA,NA,0.5
2012,9,2,-32.79,1,NA,0,35.67,0.75,305.5,1,68.75,1,35.29,302.99,0.75
2012,9,3,-36.84,0.75,NA,0,NA,0.375,307.75,1,64.5,1,NA,NA,0.375
2012,9,4,NA,0.5,NA,0,NA,0.25,291.38,1,72.25,1,NA,NA,0.25
2012,9,5,-37.16,1,NA,0,NA,0.625,304.5,1,64.13,1,NA,NA,0.625
2012,9,6,-32.69,1,NA,0,12,0.75,289.12,1,69.13,1,11.89,286.71,0.75
2012,9,7,-32.37,1,NA,0,21,0.75,291.12,1,69.5,1,20.94,292.65,0.75
2012,9,8,-35.26,1,NA,0,32,0.875,295.12,1,65.75,1,31.98,295.45,0.875
2012,9,9,-37.27,1,NA,0,NA,0.375,293.62,1,63.38,1,NA,NA,0.375
2012,9,10,-32.01,1,NA,0,7.29,0.875,269.25,1,70,1,7.13,274.52,0.875
2012,9,11,-26.42,1,NA,0,12.67,0.75,279,1,76.5,1,12.45,283.64,0.75
2012,9,12,-24.56,1,NA,0,12.17,0.75,292.12,1,78.88,1,12.13,289.35,0.75
2012,9,13,-28.44,1,NA,0,14.86,0.875,292,1,74.5,1,14.8,293.28,0.875
2012,9,14,-33.54,1,NA,0,NA,0.625,298.5,1,67.88,1,NA,NA,0.625
2012,9,15,-32.36,1,NA,0,NA,0.625,291.62,1,69.5,1,NA,NA,0.625
2012,9,16,-31.09,1,NA,0,NA,0.625,279.12,1,71.25,1,NA,NA,0.625
2012,9,17,-35.36,1,NA,0,19.5,0.75,297.5,1,66,1,19.48,298.38,0.75
2012,9,18,-36.1,1,NA,0,NA,0.375,292.75,1,64.38,1,NA,NA,0.375
2012,9,19,-42.26,1,NA,0,NA,0.375,304,1,57.25,1,NA,NA,0.375
2012,9,20,-38.98,1,NA,0,NA,0.5,308,1,61.25,1,NA,NA,0.5
2012,9,21,-36.28,1,NA,0,NA,0.125,316.5,1,64,1,NA,NA,0.125
2012,9,22,-32.58,0.875,NA,0,NA,0.5,302.12,1,69.63,1,NA,NA,0.5
2012,9,23,-27.22,1,NA,0,NA,0.125,210.5,1,75.63,1,NA,NA,0.125
2012,9,24,-30.39,1,NA,0,NA,0.25,299.38,1,71.38,1,NA,NA,0.25
2012,9,25,-33.72,1,NA,0,NA,0.5,289.62,1,67.63,1,NA,NA,0.5
2012,9,26,-30.46,1,NA,0,NA,0.625,287.62,1,71.88,1,NA,NA,0.625
2012,9,27,-36.37,0.875,NA,0,NA,0.5,296.5,1,64.25,1,NA,NA,0.5
2012,9,28,-34.51,1,NA,0,NA,0.375,290.38,1,67,1,NA,NA,0.375
2012,9,29,-34.96,1,NA,0,NA,0.5,289.5,1,66.38,1,NA,NA,0.5
2012,9,30,-35.51,0.875,NA,0,NA,0.625,299.12,1,65.88,1,NA,NA,0.625
2012,10,1,-33.62,1,NA,0,18.38,1,295.38,1,67.88,1,18.37,295.5,1
2012,10,2,-28.72,1,NA,0,11.33,0.75,288.38,1,73.75,1,11.31,288.47,0.75
2012,10,3,-24.08,1,NA,0,11.67,0.75,281.25,1,79.13,1,11.66,279.13,0.75
2012,10,4,-31.05,0.875,NA,0,NA,0.5,301.12,1,70.75,1,NA,NA,0.5
2012,10,5,-30.54,1,NA,0,21,0.875,300.38,1,71.5,1,20.98,300.08,0.875
2012,10,6,-22.2,0.75,NA,0,NA,0.625,282.38,1,81.13,1,NA,NA,0.625
2012,10,7,-21.2,1,NA,0,NA,0.25,265.38,1,82.38,1,NA,NA,0.25
2012,10,8,-27.7,1,NA,0,21.29,0.875,312.75,1,75.13,1,20.95,314.15,0.875
2012,10,9,-26.65,1,NA,0,NA,0.375,306.5,1,76.38,1,NA,NA,0.375
2012,10,10,-31.31,1,NA,0,NA,0.625,290.12,1,69.88,1,NA,NA,0.625
2012,10,11,-33.22,0.875,NA,0,NA,0.375,305.88,1,68.75,1,NA,NA,0.375
2012,10,12,-31.58,0.875,NA,0,NA,0.5,294.75,1,68.75,1,NA,NA,0.5
2012,10,13,-31.68,0.75,NA,0,18.75,1,300,1,71.25,1,18.62,299.91,1
2012,10,14,-29.91,1,NA,0,NA,0.375,305.5,1,72.25,1,NA,NA,0.375
2012,10,15,-29.97,1,NA,0,NA,0.375,304.88,1,71.88,1,NA,NA,0.375
2012,10,16,-28.73,0.875,NA,0,NA,0.5,296,1,74,1,NA,NA,0.5
2012,10,17,-31.06,1,NA,0,17.5,0.75,311.62,1,70.75,1,16.95,313.88,0.75
2012,10,18,-30.28,0.875,NA,0,NA,0.5,298,1,70.88,1,NA,NA,0.5
2012,10,19,NA,0.625,NA,0,NA,0.125,296.12,1,72.63,1,NA,NA,0.125
2012,10,20,-28.88,1,NA,0,NA,0.5,303.88,1,65.75,1,NA,NA,0.5
2012,10,21,-26.83,0.875,NA,0,15.33,0.75,296,1,55.38,1,15.33,296.18,0.75
2012,10,22,-25.27,0.875,NA,0,18,0.875,302.5,1,56.5,1,17.96,297.8,0.875
2012,10,23,-24.29,0.75,NA,0,NA,0.375,308.88,1,55.5,1,NA,NA,0.375
2012,10,24,-23.63,0.75,NA,0,NA,0.625,289.5,1,68.13,1,NA,NA,0.625
2012,10,25,-27.32,1,NA,0,NA,0.625,NA,0.625,51,1,NA,NA,0.375
2012,10,26,-27.54,0.875,NA,0,NA,0.5,290.25,1,51.63,1,NA,NA,0.5
2012,10,27,-27.53,0.875,NA,0,NA,0.125,301.38,1,60.13,1,NA,NA,0.125
2012,10,28,-29.48,1,NA,0,NA,0.375,297.75,1,52.5,1,NA,NA,0.375
2012,10,29,-27.85,0.875,NA,0,NA,0.5,292.12,1,52.5,1,NA,NA,0.5
2012,10,30,-24.67,0.875,NA,0,10.12,1,283.75,1,57.13,1,9.93,285.78,1
2012,10,31,-23.65,1,NA,0,NA,0.375,294.62,1,50.5,1,NA,NA,0.375
2012,11,1,-23.72,1,NA,0,NA,0.625,278.25,1,60.5,1,NA,NA,0.625
2012,11,2,-20.5,1,NA,0,8.29,0.875,284.25,1,56.63,1,8.18,283.93,0.875
2012,11,3,-18.36,1,NA,0,NA,0.375,265.75,1,49,1,NA,NA,0.375
2012,11,4,-19.48,0.875,NA,0,NA,0.625,291.75,1,49.13,1,NA,NA,0.625
2012,11,5,-20,1,NA,0,NA,0.375,273.38,1,57.75,1,NA,NA,0.375
2012,11,6,-19.77,1,NA,0,10,0.75,288.75,1,63.75,1,9.91,287.48,0.75
2012,11,7,-23.28,1,NA,0,NA,0.625,302.12,1,64,1,NA,NA,0.625
2012,11,8,-20.74,0.75,NA,0,NA,0.125,289.88,1,59.75,1,NA,NA,0.125
2012,11,9,-21.43,0.875,NA,0,NA,0.125,294.5,1,54.75,1,NA,NA,0.125
2012,11,10,NA,0.375,NA,0,NA,0.5,265.25,1,63.38,1,NA,NA,0.5
2012,11,11,-22.09,1,NA,0,NA,0.25,287.12,1,66.13,1,NA,NA,0.25
2012,11,12,-20.6,0.875,NA,0,NA,0.5,299.12,1,55.25,1,NA,NA,0.5
2012,11,13,-19.98,0.75,NA,0,NA,0.625,284.75,1,67.75,1,NA,NA,0.625
2012,11,14,-17.96,0.75,NA,0,NA,0.125,297.12,1,76.13,1,NA,NA,0.125
2012,11,15,-16.1,0.875,NA,0,12.17,0.75,315,1,59.88,1,11.76,317.82,0.75
2012,11,16,-14.76,0.875,NA,0,NA,0.375,NA,0.625,74.75,1,NA,NA,0.125
2012,11,17,-14.62,1,NA,0,12.17,0.75,293,1,57,1,12.14,295.26,0.75
2012,11,18,-15.41,0.875,NA,0,6.17,0.75,281.38,1,67.75,1,5.95,280.05,0.75
2012,11,19,-16.31,0.75,NA,0,NA,0.625,304.38,1,56.5,1,NA,NA,0.625
2012,11,20,-18.37,0.875,NA,0,NA,0.625,292.38,1,56.38,1,NA,NA,0.625
2012,11,21,-16.1,1,NA,0,NA,0.5,281.12,1,60.38,1,NA,NA,0.5
2012,11,22,-16.68,0.875,NA,0,NA,0.625,310.38,1,60.63,1,NA,NA,0.625
2012,11,23,-14.83,1,NA,0,NA,0.375,214.38,1,69.63,1,NA,NA,0.375
2012,11,24,-13.44,1,NA,0,4,0.75,255.5,1,73,1,3.23,278.24,0.75
2012,11,25,-14.83,1,NA,0,5,0.75,238.12,1,76.5,1,2.45,243.01,0.75
2012,11,26,-15.74,1,NA,0,NA,0.375,301.38,1,63.5,1,NA,NA,0.375
2012,11,27,-15.5,1,NA,0,13.83,0.75,289,1,60.63,1,13.65,289.61,0.75
2012,11,28,-13.89,0.875,NA,0,10,1,283.75,1,57.63,1,9.68,285.68,1
2012,11,29,NA,0.625,NA,0,9,0.75,287.75,1,61.75,1,8.95,287.88,0.75
2012,11,30,NA,0.25,NA,0,NA,0.125,NA,0.25,NA,0.25,NA,NA,0.125
2012,12,1,NA,0,NA,0,NA,0,NA,0,NA,0,NA,NA,0
2012,12,2,NA,0,NA,0,NA,0,NA,0,NA,0,NA,NA,0
2012,12,3,NA,0,NA,0,NA,0,NA,0,NA,0,NA,NA,0
2012,12,4,NA,0,NA,0,NA,0,NA,0,NA,0,NA,NA,0
2012,12,5,NA,0,NA,0,NA,0,NA,0,NA,0,NA,NA,0
2012,12,6,NA,0,NA,0,NA,0,NA,0,NA,0,NA,NA,0
2012,12,7,NA,0,NA,0,NA,0,NA,0,NA,0,NA,NA,0
2012,12,8,NA,0,NA,0,NA,0,NA,0,NA,0,NA,NA,0
2012,12,9,NA,0,NA,0,NA,0,NA,0,NA,0,NA,NA,0
2012,12,10,NA,0,NA,0,NA,0,NA,0,NA,0,NA,NA,0
2012,12,11,NA,0,NA,0,NA,0,NA,0,NA,0,NA,NA,0
2012,12,12,NA,0,NA,0,NA,0,NA,0,NA,0,NA,NA,0
2012,12,13,NA,0,NA,0,NA,0,NA,0,NA,0,NA,NA,0
2012,12,14,NA,0,NA,0,NA,0,NA,0,NA,0,NA,NA,0
2012,12,15,NA,0,NA,0,NA,0,NA,0,NA,0,NA,NA,0
2012,12,16,NA,0,NA,0,NA,0,NA,0,NA,0,NA,NA,0
2012,12,17,NA,0,NA,0,NA,0,NA,0,NA,0,NA,NA,0
2012,12,18,NA,0.625,NA,0,NA,0.375,NA,0.625,NA,0.625,NA,NA,0.375
2012,12,19,-10.49,0.875,NA,0,NA,0.5,241.62,1,79.88,1,NA,NA,0.5
2012,12,20,-11.99,0.875,NA,0,3.83,0.75,281.5,1,73.25,1,3.5,280.71,0.75
2012,12,21,-11.71,1,NA,0,NA,0.625,274.12,1,64.75,1,NA,NA,0.625
2012,12,22,-12.55,1,NA,0,NA,0.5,277.38,1,65.75,1,NA,NA,0.5
2012,12,23,-12.06,1,NA,0,NA,0.5,253.5,1,76.13,1,NA,NA,0.5
2012,12,24,-10.65,1,NA,0,12.33,0.75,278.25,1,66.38,1,12.16,277.53,0.75
2012,12,25,-7.73,1,NA,0,6.75,1,271.5,1,68.88,1,6.37,269.07,1
2012,12,26,-8.32,1,NA,0,6.86,0.875,240.88,1,83.38,1,6.29,259.15,0.875
2012,12,27,-7.15,0.875,NA,0,8.14,0.875,264,1,64.5,1,6.7,264.59,0.875
2012,12,28,-7.92,0.875,NA,0,15.14,0.875,310.25,1,66.5,1,14.69,312.52,0.875
2012,12,29,-8.24,1,NA,0,5.83,0.75,264.62,1,78,1,5.56,261.62,0.75
2012,12,30,-7.53,0.75,NA,0,NA,0.5,300.38,1,67.13,1,NA,NA,0.5
2012,12,31,-9.57,1,NA,0,19.83,0.75,296.25,1,65.5,1,19.62,297.39,0.75
2013,1,1,-9.23,1,NA,0,NA,0.375,285.25,1,70.25,1,NA,NA,0.375
2013,1,2,-8.77,1,NA,0,24.67,0.75,289.38,1,67.88,1,24.66,290.04,0.75
2013,1,3,-8.21,1,NA,0,NA,0.625,288.5,1,64,1,NA,NA,0.625
2013,1,4,-8.53,1,NA,0,NA,0.375,236.88,1,83.25,1,NA,NA,0.375
2013,1,5,-9.13,1,NA,0,NA,0.25,283.75,1,69.5,1,NA,NA,0.25
2013,1,6,-9.72,1,NA,0,NA,0.625,284.75,1,63.5,1,NA,NA,0.625
2013,1,7,-10.84,1,NA,0,NA,0.375,277.62,1,69.38,1,NA,NA,0.375
2013,1,8,-10.39,0.875,NA,0,NA,0.375,258.75,1,62.75,1,NA,NA,0.375
2013,1,9,-10.96,1,NA,0,14.83,0.75,284.25,1,60.5,1,14.71,289.56,0.75
2013,1,10,NA,0.625,NA,0,NA,0.25,291.38,1,63.88,1,NA,NA,0.25
2013,1,11,NA,0.625,NA,0,NA,0.625,135.62,1,65.13,1,NA,NA,0.625
2013,1,12,-12.48,1,NA,0,NA,0.25,227.88,1,82,1,NA,NA,0.25
2013,1,13,-14.11,1,NA,0,NA,0.625,296.75,1,65.5,1,NA,NA,0.625
2013,1,14,-12.03,0.75,NA,0,NA,0.625,301.38,1,62,1,NA,NA,0.625
2013,1,15,-11.15,1,NA,0,NA,0.375,282.25,1,70.63,1,NA,NA,0.375
2013,1,16,-12.6,1,NA,0,NA,0.625,252.62,1,72.13,1,NA,NA,0.625
2013,1,17,-11.65,1,NA,0,NA,0.125,281.25,1,63.88,1,NA,NA,0.125
2013,1,18,-9.4,1,NA,0,NA,0.625,148.5,1,87.63,1,NA,NA,0.625
2013,1,19,-9.54,1,NA,0,6.38,1,245.62,1,86.38,1,5.28,240.34,1
2013,1,20,-9.29,0.75,NA,0,NA,0.375,255.62,1,68.25,1,NA,NA,0.375
2013,1,21,-13.47,1,NA,0,NA,0.25,285.12,1,68,1,NA,NA,0.25
2013,1,22,-14.39,1,NA,0,NA,0.375,287.38,1,68.63,1,NA,NA,0.375
2013,1,23,-14.82,1,NA,0,26.62,1,285,1,66.63,1,26.55,285.04,1
2013,1,24,-15.84,1,NA,0,NA,0.625,298.25,1,66,1,NA,NA,0.625
2013,1,25,-13.56,1,NA,0,NA,0.375,254.12,1,NA,0,NA,NA,0.375
2013,1,26,-10.7,1,NA,0,NA,0.25,158.5,1,NA,0,NA,NA,0.25
2013,1,27,-11.27,0.875,NA,0,NA,0.125,244.14,0.875,NA,0,NA,NA,0.125
2013,1,28,NA,0,NA,0,NA,0,NA,0,NA,0,NA,NA,0
2013,1,29,NA,0,NA,0,NA,0,NA,0,NA,0,NA,NA,0
2013,1,30,NA,0,NA,0,NA,0,NA,0,NA,0,NA,NA,0
2013,1,31,NA,0,NA,0,NA,0,NA,0,NA,0,NA,NA,0
2013,2,1,NA,0,NA,0,NA,0,NA,0,NA,0,NA,NA,0
2013,2,2,NA,0,NA,0,NA,0,NA,0,NA,0,NA,NA,0
2013,2,3,NA,0,NA,0,NA,0,NA,0,NA,0,NA,NA,0
2013,2,4,NA,0,NA,0,NA,0,NA,0,NA,0,NA,NA,0
2013,2,5,NA,0,NA,0,NA,0,NA,0,NA,0,NA,NA,0
2013,2,6,NA,0,NA,0,NA,0,NA,0,NA,0,NA,NA,0
2013,2,7,NA,0,NA,0,NA,0,NA,0,NA,0,NA,NA,0
2013,2,8,NA,0,NA,0,NA,0,NA,0,NA,0,NA,NA,0
2013,2,9,NA,0,NA,0,NA,0,NA,0,NA,0,NA,NA,0
2013,2,10,NA,0,NA,0,NA,0,NA,0,NA,0,NA,NA,0
2013,2,11,NA,0,NA,0,NA,0,NA,0,NA,0,NA,NA,0
2013,2,12,NA,0,NA,0,NA,0,NA,0,NA,0,NA,NA,0
2013,2,13,NA,0,NA,0,NA,0,NA,0,NA,0,NA,NA,0
2013,2,14,NA,0,NA,0,NA,0,NA,0,NA,0,NA,NA,0
2013,2,15,NA,0,NA,0,NA,0,NA,0,NA,0,NA,NA,0
2013,2,16,NA,0,NA,0,NA,0,NA,0,NA,0,NA,NA,0
2013,2,17,NA,0,NA,0,NA,0,NA,0,NA,0,NA,NA,0
2013,2,18,NA,0,NA,0,NA,0,NA,0,NA,0,NA,NA,0
2013,2,19,NA,0,NA,0,NA,0,NA,0,NA,0,NA,NA,0
2013,2,20,NA,0,NA,0,NA,0,NA,0,NA,0,NA,NA,0
2013,2,21,NA,0,NA,0,NA,0,NA,0,NA,0,NA,NA,0
2013,2,22,NA,0,NA,0,NA,0,NA,0,NA,0,NA,NA,0
2013,2,23,NA,0,NA,0,NA,0,NA,0,NA,0,NA,NA,0
2013,2,24,NA,0,NA,0,NA,0,NA,0,NA,0,NA,NA,0
2013,2,25,NA,0,NA,0,NA,0,NA,0,NA,0,NA,NA,0
2013,2,26,NA,0,NA,0,NA,0,NA,0,NA,0,NA,NA,0
2013,2,27,NA,0,NA,0,NA,0,NA,0,NA,0,NA,NA,0
2013,2,28,NA,0,NA,0,NA,0,NA,0,NA,0,NA,NA,0
2013,3,1,NA,0,NA,0,NA,0,NA,0,NA,0,NA,NA,0
2013,3,2,NA,0,NA,0,NA,0,NA,0,NA,0,NA,NA,0
2013,3,3,NA,0,NA,0,NA,0,NA,0,NA,0,NA,NA,0
2013,3,4,NA,0,NA,0,NA,0,NA,0,NA,0,NA,NA,0
2013,3,5,NA,0,NA,0,NA,0,NA,0,NA,0,NA,NA,0
2013,3,6,NA,0,NA,0,NA,0,NA,0,NA,0,NA,NA,0
2013,3,7,NA,0,NA,0,NA,0,NA,0,NA,0,NA,NA,0
2013,3,8,NA,0,NA,0,NA,0,NA,0,NA,0,NA,NA,0
2013,3,9,NA,0,NA,0,NA,0,NA,0,NA,0,NA,NA,0
2013,3,10,NA,0,NA,0,NA,0,NA,0,NA,0,NA,NA,0
2013,3,11,NA,0,NA,0,NA,0,NA,0,NA,0,NA,NA,0
2013,3,12,NA,0,NA,0,NA,0,NA,0,NA,0,NA,NA,0
2013,3,13,NA,0,NA,0,NA,0,NA,0,NA,0,NA,NA,0
2013,3,14,NA,0,NA,0,NA,0,NA,0,NA,0,NA,NA,0
2013,3,15,NA,0,NA,0,NA,0,NA,0,NA,0,NA,NA,0
2013,3,16,NA,0,NA,0,NA,0,NA,0,NA,0,NA,NA,0
2013,3,17,NA,0,NA,0,NA,0,NA,0,NA,0,NA,NA,0
2013,3,18,NA,0,NA,0,NA,0,NA,0,NA,0,NA,NA,0
2013,3,19,NA,0,NA,0,NA,0,NA,0,NA,0,NA,NA,0
2013,3,20,NA,0,NA,0,NA,0,NA,0,NA,0,NA,NA,0
2013,3,21,NA,0,NA,0,NA,0,NA,0,NA,0,NA,NA,0
2013,3,22,NA,0,NA,0,NA,0,NA,0,NA,0,NA,NA,0
2013,3,23,NA,0,NA,0,NA,0,NA,0,NA,0,NA,NA,0
2013,3,24,NA,0,NA,0,NA,0,NA,0,NA,0,NA,NA,0
2013,3,25,NA,0,NA,0,NA,0,NA,0,NA,0,NA,NA,0
2013,3,26,NA,0,NA,0,NA,0,NA,0,NA,0,NA,NA,0
2013,3,27,NA,0,NA,0,NA,0,NA,0,NA,0,NA,NA,0
2013,3,28,NA,0,NA,0,NA,0,NA,0,NA,0,NA,NA,0
2013,3,29,NA,0,NA,0,NA,0,NA,0,NA,0,NA,NA,0
2013,3,30,NA,0,NA,0,NA,0,NA,0,NA,0,NA,NA,0
2013,3,31,NA,0,NA,0,NA,0,NA,0,NA,0,NA,NA,0
2013,4,1,NA,0,NA,0,NA,0,NA,0,NA,0,NA,NA,0
2013,4,2,NA,0,NA,0,NA,0,NA,0,NA,0,NA,NA,0
2013,4,3,NA,0,NA,0,NA,0,NA,0,NA,0,NA,NA,0
2013,4,4,NA,0,NA,0,NA,0,NA,0,NA,0,NA,NA,0
2013,4,5,NA,0,NA,0,NA,0,NA,0,NA,0,NA,NA,0
2013,4,6,NA,0,NA,0,NA,0,NA,0,NA,0,NA,NA,0
2013,4,7,NA,0,NA,0,NA,0,NA,0,NA,0,NA,NA,0
2013,4,8,NA,0,NA,0,NA,0,NA,0,NA,0,NA,NA,0
2013,4,9,NA,0,NA,0,NA,0,NA,0,NA,0,NA,NA,0
2013,4,10,NA,0,NA,0,NA,0,NA,0,NA,0,NA,NA,0
2013,4,11,NA,0,NA,0,NA,0,NA,0,NA,0,NA,NA,0
2013,4,12,NA,0,NA,0,NA,0,NA,0,NA,0,NA,NA,0
2013,4,13,NA,0,NA,0,NA,0,NA,0,NA,0,NA,NA,0
2013,4,14,NA,0,NA,0,NA,0,NA,0,NA,0,NA,NA,0
2013,4,15,NA,0,NA,0,NA,0,NA,0,NA,0,NA,NA,0
2013,4,16,NA,0,NA,0,NA,0,NA,0,NA,0,NA,NA,0
2013,4,17,NA,0,NA,0,NA,0,NA,0,NA,0,NA,NA,0
2013,4,18,NA,0,NA,0,NA,0,NA,0,NA,0,NA,NA,0
2013,4,19,NA,0,NA,0,NA,0,NA,0,NA,0,NA,NA,0
2013,4,20,NA,0,NA,0,NA,0,NA,0,NA,0,NA,NA,0
2013,4,21,NA,0,NA,0,NA,0,NA,0,NA,0,NA,NA,0
2013,4,22,NA,0,NA,0,NA,0,NA,0,NA,0,NA,NA,0
2013,4,23,NA,0,NA,0,NA,0,NA,0,NA,0,NA,NA,0
2013,4,24,NA,0,NA,0,NA,0,NA,0,NA,0,NA,NA,0
2013,4,25,NA,0,NA,0,NA,0,NA,0,NA,0,NA,NA,0
2013,4,26,NA,0,NA,0,NA,0,NA,0,NA,0,NA,NA,0
2013,4,27,NA,0,NA,0,NA,0,NA,0,NA,0,NA,NA,0
2013,4,28,NA,0,NA,0,NA,0,NA,0,NA,0,NA,NA,0
2013,4,29,NA,0,NA,0,NA,0,NA,0,NA,0,NA,NA,0
2013,4,30,NA,0,NA,0,NA,0,NA,0,NA,0,NA,NA,0
2013,5,1,NA,0,NA,0,NA,0,NA,0,NA,0,NA,NA,0
2013,5,2,NA,0,NA,0,NA,0,NA,0,NA,0,NA,NA,0
2013,5,3,NA,0,NA,0,NA,0,NA,0,NA,0,NA,NA,0
2013,5,4,NA,0,NA,0,NA,0,NA,0,NA,0,NA,NA,0
2013,5,5,NA,0,NA,0,NA,0,NA,0,NA,0,NA,NA,0
2013,5,6,NA,0,NA,0,NA,0,NA,0,NA,0,NA,NA,0
2013,5,7,NA,0,NA,0,NA,0,NA,0,NA,0,NA,NA,0
2013,5,8,NA,0,NA,0,NA,0,NA,0,NA,0,NA,NA,0
2013,5,9,NA,0,NA,0,NA,0,NA,0,NA,0,NA,NA,0
2013,5,10,NA,0,NA,0,NA,0,NA,0,NA,0,NA,NA,0
2013,5,11,NA,0,NA,0,NA,0,NA,0,NA,0,NA,NA,0
2013,5,12,NA,0,NA,0,NA,0,NA,0,NA,0,NA,NA,0
2013,5,13,NA,0,NA,0,NA,0,NA,0,NA,0,NA,NA,0
2013,5,14,NA,0,NA,0,NA,0,NA,0,NA,0,NA,NA,0
2013,5,15,NA,0,NA,0,NA,0,NA,0,NA,0,NA,NA,0
2013,5,16,NA,0,NA,0,NA,0,NA,0,NA,0,NA,NA,0
2013,5,17,NA,0,NA,0,NA,0,NA,0,NA,0,NA,NA,0
2013,5,18,NA,0,NA,0,NA,0,NA,0,NA,0,NA,NA,0
2013,5,19,NA,0,NA,0,NA,0,NA,0,NA,0,NA,NA,0
2013,5,20,NA,0,NA,0,NA,0,NA,0,NA,0,NA,NA,0
2013,5,21,NA,0,NA,0,NA,0,NA,0,NA,0,NA,NA,0
2013,5,22,NA,0,NA,0,NA,0,NA,0,NA,0,NA,NA,0
2013,5,23,NA,0,NA,0,NA,0,NA,0,NA,0,NA,NA,0
2013,5,24,NA,0,NA,0,NA,0,NA,0,NA,0,NA,NA,0
2013,5,25,NA,0,NA,0,NA,0,NA,0,NA,0,NA,NA,0
2013,5,26,NA,0,NA,0,NA,0,NA,0,NA,0,NA,NA,0
2013,5,27,NA,0,NA,0,NA,0,NA,0,NA,0,NA,NA,0
2013,5,28,NA,0,NA,0,NA,0,NA,0,NA,0,NA,NA,0
2013,5,29,NA,0,NA,0,NA,0,NA,0,NA,0,NA,NA,0
2013,5,30,NA,0,NA,0,NA,0,NA,0,NA,0,NA,NA,0
2013,5,31,NA,0,NA,0,NA,0,NA,0,NA,0,NA,NA,0
2013,6,1,NA,0,NA,0,NA,0,NA,0,NA,0,NA,NA,0
2013,6,2,NA,0,NA,0,NA,0,NA,0,NA,0,NA,NA,0
2013,6,3,NA,0,NA,0,NA,0,NA,0,NA,0,NA,NA,0
2013,6,4,NA,0,NA,0,NA,0,NA,0,NA,0,NA,NA,0
2013,6,5,NA,0,NA,0,NA,0,NA,0,NA,0,NA,NA,0
2013,6,6,NA,0,NA,0,NA,0,NA,0,NA,0,NA,NA,0
2013,6,7,NA,0,NA,0,NA,0,NA,0,NA,0,NA,NA,0
2013,6,8,NA,0,NA,0,NA,0,NA,0,NA,0,NA,NA,0
2013,6,9,NA,0,NA,0,NA,0,NA,0,NA,0,NA,NA,0
2013,6,10,NA,0,NA,0,NA,0,NA,0,NA,0,NA,NA,0
2013,6,11,NA,0,NA,0,NA,0,NA,0,NA,0,NA,NA,0
2013,6,12,NA,0,NA,0,NA,0,NA,0,NA,0,NA,NA,0
2013,6,13,NA,0,NA,0,NA,0,NA,0,NA,0,NA,NA,0
2013,6,14,NA,0,NA,0,NA,0,NA,0,NA,0,NA,NA,0
2013,6,15,NA,0,NA,0,NA,0,NA,0,NA,0,NA,NA,0
2013,6,16,NA,0,NA,0,NA,0,NA,0,NA,0,NA,NA,0
2013,6,17,NA,0,NA,0,NA,0,NA,0,NA,0,NA,NA,0
2013,6,18,NA,0,NA,0,NA,0,NA,0,NA,0,NA,NA,0
2013,6,19,NA,0,NA,0,NA,0,NA,0,NA,0,NA,NA,0
2013,6,20,NA,0,NA,0,NA,0,NA,0,NA,0,NA,NA,0
2013,6,21,NA,0,NA,0,NA,0,NA,0,NA,0,NA,NA,0
2013,6,22,NA,0,NA,0,NA,0,NA,0,NA,0,NA,NA,0
2013,6,23,NA,0,NA,0,NA,0,NA,0,NA,0,NA,NA,0
2013,6,24,NA,0,NA,0,NA,0,NA,0,NA,0,NA,NA,0
2013,6,25,NA,0,NA,0,NA,0,NA,0,NA,0,NA,NA,0
2013,6,26,NA,0,NA,0,NA,0,NA,0,NA,0,NA,NA,0
2013,6,27,NA,0,NA,0,NA,0,NA,0,NA,0,NA,NA,0
2013,6,28,NA,0,NA,0,NA,0,NA,0,NA,0,NA,NA,0
2013,6,29,NA,0,NA,0,NA,0,NA,0,NA,0,NA,NA,0
2013,6,30,NA,0,NA,0,NA,0,NA,0,NA,0,NA,NA,0
2013,7,1,NA,0,NA,0,NA,0,NA,0,NA,0,NA,NA,0
2013,7,2,NA,0,NA,0,NA,0,NA,0,NA,0,NA,NA,0
2013,7,3,NA,0,NA,0,NA,0,NA,0,NA,0,NA,NA,0
2013,7,4,NA,0,NA,0,NA,0,NA,0,NA,0,NA,NA,0
2013,7,5,NA,0,NA,0,NA,0,NA,0,NA,0,NA,NA,0
2013,7,6,NA,0,NA,0,NA,0,NA,0,NA,0,NA,NA,0
2013,7,7,NA,0,NA,0,NA,0,NA,0,NA,0,NA,NA,0
2013,7,8,NA,0,NA,0,NA,0,NA,0,NA,0,NA,NA,0
2013,7,9,NA,0,NA,0,NA,0,NA,0,NA,0,NA,NA,0
2013,7,10,NA,0,NA,0,NA,0,NA,0,NA,0,NA,NA,0
2013,7,11,NA,0,NA,0,NA,0,NA,0,NA,0,NA,NA,0
2013,7,12,NA,0,NA,0,NA,0,NA,0,NA,0,NA,NA,0
2013,7,13,NA,0,NA,0,NA,0,NA,0,NA,0,NA,NA,0
2013,7,14,NA,0,NA,0,NA,0,NA,0,NA,0,NA,NA,0
2013,7,15,NA,0,NA,0,NA,0,NA,0,NA,0,NA,NA,0
2013,7,16,NA,0,NA,0,NA,0,NA,0,NA,0,NA,NA,0
2013,7,17,NA,0,NA,0,NA,0,NA,0,NA,0,NA,NA,0
2013,7,18,NA,0,NA,0,NA,0,NA,0,NA,0,NA,NA,0
2013,7,19,NA,0,NA,0,NA,0,NA,0,NA,0,NA,NA,0
2013,7,20,NA,0,NA,0,NA,0,NA,0,NA,0,NA,NA,0
2013,7,21,NA,0,NA,0,NA,0,NA,0,NA,0,NA,NA,0
2013,7,22,NA,0,NA,0,NA,0,NA,0,NA,0,NA,NA,0
2013,7,23,NA,0,NA,0,NA,0,NA,0,NA,0,NA,NA,0
2013,7,24,NA,0,NA,0,NA,0,NA,0,NA,0,NA,NA,0
2013,7,25,NA,0,NA,0,NA,0,NA,0,NA,0,NA,NA,0
2013,7,26,NA,0,NA,0,NA,0,NA,0,NA,0,NA,NA,0
2013,7,27,NA,0,NA,0,NA,0,NA,0,NA,0,NA,NA,0
2013,7,28,NA,0,NA,0,NA,0,NA,0,NA,0,NA,NA,0
2013,7,29,NA,0,NA,0,NA,0,NA,0,NA,0,NA,NA,0
2013,7,30,NA,0,NA,0,NA,0,NA,0,NA,0,NA,NA,0
2013,7,31,NA,0,NA,0,NA,0,NA,0,NA,0,NA,NA,0
2013,8,1,NA,0,NA,0,NA,0,NA,0,NA,0,NA,NA,0
2013,8,2,NA,0,NA,0,NA,0,NA,0,NA,0,NA,NA,0
2013,8,3,NA,0,NA,0,NA,0,NA,0,NA,0,NA,NA,0
2013,8,4,NA,0,NA,0,NA,0,NA,0,NA,0,NA,NA,0
2013,8,5,NA,0,NA,0,NA,0,NA,0,NA,0,NA,NA,0
2013,8,6,NA,0,NA,0,NA,0,NA,0,NA,0,NA,NA,0
2013,8,7,NA,0,NA,0,NA,0,NA,0,NA,0,NA,NA,0
2013,8,8,NA,0,NA,0,NA,0,NA,0,NA,0,NA,NA,0
2013,8,9,NA,0,NA,0,NA,0,NA,0,NA,0,NA,NA,0
2013,8,10,NA,0,NA,0,NA,0,NA,0,NA,0,NA,NA,0
2013,8,11,NA,0,NA,0,NA,0,NA,0,NA,0,NA,NA,0
2013,8,12,NA,0,NA,0,NA,0,NA,0,NA,0,NA,NA,0
2013,8,13,NA,0,NA,0,NA,0,NA,0,NA,0,NA,NA,0
2013,8,14,NA,0,NA,0,NA,0,NA,0,NA,0,NA,NA,0
2013,8,15,NA,0,NA,0,NA,0,NA,0,NA,0,NA,NA,0
2013,8,16,NA,0,NA,0,NA,0,NA,0,NA,0,NA,NA,0
2013,8,17,NA,0.25,NA,0,NA,0.25,NA,0.25,NA,0,NA,NA,0.25
2013,8,18,-24.15,1,NA,0,NA,0.625,291.62,1,NA,0,NA,NA,0.625
2013,8,19,-26.76,1,NA,0,42.86,0.875,291.12,1,NA,0,42.8,290.9,0.875
2013,8,20,-32.5,1,NA,0,NA,0.5,291.75,1,NA,0,NA,NA,0.5
2013,8,21,-35.28,1,NA,0,NA,0.375,291.88,1,NA,0,NA,NA,0.375
2013,8,22,-34.08,1,NA,0,NA,0.625,297.12,1,NA,0,NA,NA,0.625
2013,8,23,-35.77,1,NA,0,41.83,0.75,299.12,1,NA,0,41.76,299.31,0.75
2013,8,24,-36.63,1,NA,0,NA,0.375,288,1,NA,0,NA,NA,0.375
2013,8,25,-36.86,1,NA,0,NA,0.5,292.88,1,NA,0,NA,NA,0.5
2013,8,26,-41.54,1,NA,0,25.33,0.75,299.12,1,NA,0,25.32,299.47,0.75
2013,8,27,-43.6,1,NA,0,25,1,304.12,1,NA,0,24.97,303.91,1
2013,8,28,-41.26,1,NA,0,22.5,1,300.88,1,NA,0,22.49,300.93,1
2013,8,29,-38.93,0.875,NA,0,NA,0.375,294.25,1,NA,0,NA,NA,0.375
2013,8,30,-43.45,1,NA,0,NA,0.25,305.88,1,NA,0,NA,NA,0.25
2013,8,31,-33.94,1,NA,0,NA,0.625,303.62,1,NA,0,NA,NA,0.625
2013,9,1,-27.01,1,NA,0,46.5,0.75,299.12,1,NA,0,46.47,299.99,0.75
2013,9,2,-26.15,1,NA,0,NA,0.125,292.62,1,NA,0,NA,NA,0.125
2013,9,3,-26.95,1,NA,0,NA,0.5,298.62,1,NA,0,NA,NA,0.5
2013,9,4,-24.16,1,NA,0,NA,0.25,300.62,1,NA,0,NA,NA,0.25
2013,9,5,-25.18,1,NA,0,NA,0.375,275.62,1,NA,0,NA,NA,0.375
2013,9,6,-28.55,1,NA,0,NA,0.375,154,1,NA,0,NA,NA,0.375
2013,9,7,-27.64,1,NA,0,NA,0.625,275.5,1,NA,0,NA,NA,0.625
2013,9,8,-28.1,1,NA,0,25,0.875,293.38,1,NA,0,24.96,292.55,0.875
2013,9,9,-32.08,1,NA,0,NA,0.25,309.88,1,NA,0,NA,NA,0.25
2013,9,10,-31.67,1,NA,0,NA,0.375,299,1,NA,0,NA,NA,0.375
2013,9,11,-39.11,1,NA,0,NA,0.375,309.75,1,NA,0,NA,NA,0.375
2013,9,12,-35.27,1,NA,0,NA,0.375,297.62,1,NA,0,NA,NA,0.375
2013,9,13,-32.53,0.875,NA,0,NA,0.375,308.38,1,NA,0,NA,NA,0.375
2013,9,14,-31.55,1,NA,0,NA,0.375,306.12,1,NA,0,NA,NA,0.375
2013,9,15,-30.24,1,NA,0,18.75,1,305.5,1,NA,0,18.69,304.96,1
2013,9,16,NA,0.625,NA,0,NA,0.5,297.88,1,NA,0,NA,NA,0.5
2013,9,17,NA,0.375,NA,0,NA,0,NA,0.5,NA,0,NA,NA,0
2013,9,18,NA,0,NA,0,NA,0,NA,0,NA,0,NA,NA,0
2013,9,19,NA,0,NA,0,NA,0,NA,0,NA,0,NA,NA,0
2013,9,20,NA,0,NA,0,NA,0,NA,0,NA,0,NA,NA,0
2013,9,21,NA,0,NA,0,NA,0,NA,0,NA,0,NA,NA,0
2013,9,22,NA,0,NA,0,NA,0,NA,0,NA,0,NA,NA,0
2013,9,23,NA,0,NA,0,NA,0,NA,0,NA,0,NA,NA,0
2013,9,24,NA,0,NA,0,NA,0,NA,0,NA,0,NA,NA,0
2013,9,25,NA,0,NA,0,NA,0,NA,0,NA,0,NA,NA,0
2013,9,26,NA,0,NA,0,NA,0,NA,0,NA,0,NA,NA,0
2013,9,27,NA,0,NA,0,NA,0,NA,0,NA,0,NA,NA,0
2013,9,28,NA,0,NA,0,NA,0,NA,0,NA,0,NA,NA,0
2013,9,29,NA,0,NA,0,NA,0,NA,0,NA,0,NA,NA,0
2013,9,30,NA,0,NA,0,NA,0,NA,0,NA,0,NA,NA,0
2013,10,1,NA,0,NA,0,NA,0,NA,0,NA,0,NA,NA,0
2013,10,2,NA,0,NA,0,NA,0,NA,0,NA,0,NA,NA,0
2013,10,3,NA,0,NA,0,NA,0,NA,0,NA,0,NA,NA,0
2013,10,4,NA,0,NA,0,NA,0,NA,0,NA,0,NA,NA,0
2013,10,5,NA,0,NA,0,NA,0,NA,0,NA,0,NA,NA,0
2013,10,6,NA,0,NA,0,NA,0,NA,0,NA,0,NA,NA,0
2013,10,7,NA,0,NA,0,NA,0,NA,0,NA,0,NA,NA,0
2013,10,8,NA,0,NA,0,NA,0,NA,0,NA,0,NA,NA,0
2013,10,9,NA,0,NA,0,NA,0,NA,0,NA,0,NA,NA,0
2013,10,10,NA,0,NA,0,NA,0,NA,0,NA,0,NA,NA,0
2013,10,11,NA,0,NA,0,NA,0,NA,0,NA,0,NA,NA,0
2013,10,12,NA,0,NA,0,NA,0,NA,0,NA,0,NA,NA,0
2013,10,13,NA,0,NA,0,NA,0,NA,0,NA,0,NA,NA,0
2013,10,14,NA,0,NA,0,NA,0,NA,0,NA,0,NA,NA,0
2013,10,15,NA,0,NA,0,NA,0,NA,0,NA,0,NA,NA,0
2013,10,16,NA,0,NA,0,NA,0,NA,0,NA,0,NA,NA,0
2013,10,17,NA,0,NA,0,NA,0,NA,0,NA,0,NA,NA,0
2013,10,18,NA,0,NA,0,NA,0,NA,0,NA,0,NA,NA,0
2013,10,19,NA,0,NA,0,NA,0,NA,0,NA,0,NA,NA,0
2013,10,20,NA,0,NA,0,NA,0,NA,0,NA,0,NA,NA,0
2013,10,21,NA,0,NA,0,NA,0,NA,0,NA,0,NA,NA,0
2013,10,22,NA,0,NA,0,NA,0,NA,0,NA,0,NA,NA,0
2013,10,23,NA,0,NA,0,NA,0,NA,0,NA,0,NA,NA,0
2013,10,24,NA,0,NA,0,NA,0,NA,0,NA,0,NA,NA,0
2013,10,25,NA,0,NA,0,NA,0,NA,0,NA,0,NA,NA,0
2013,10,26,NA,0,NA,0,NA,0,NA,0,NA,0,NA,NA,0
2013,10,27,NA,0,NA,0,NA,0,NA,0,NA,0,NA,NA,0
2013,10,28,NA,0,NA,0,NA,0,NA,0,NA,0,NA,NA,0
2013,10,29,NA,0,NA,0,NA,0,NA,0,NA,0,NA,NA,0
2013,10,30,NA,0,NA,0,NA,0,NA,0,NA,0,NA,NA,0
2013,10,31,NA,0,NA,0,NA,0,NA,0,NA,0,NA,NA,0
2013,11,1,NA,0,NA,0,NA,0,NA,0,NA,0,NA,NA,0
2013,11,2,NA,0,NA,0,NA,0,NA,0,NA,0,NA,NA,0
2013,11,3,NA,0,NA,0,NA,0,NA,0,NA,0,NA,NA,0
2013,11,4,NA,0,NA,0,NA,0,NA,0,NA,0,NA,NA,0
2013,11,5,NA,0,NA,0,NA,0,NA,0,NA,0,NA,NA,0
2013,11,6,NA,0,NA,0,NA,0,NA,0,NA,0,NA,NA,0
2013,11,7,NA,0,NA,0,NA,0,NA,0,NA,0,NA,NA,0
2013,11,8,NA,0,NA,0,NA,0,NA,0,NA,0,NA,NA,0
2013,11,9,NA,0,NA,0,NA,0,NA,0,NA,0,NA,NA,0
2013,11,10,NA,0,NA,0,NA,0,NA,0,NA,0,NA,NA,0
2013,11,11,NA,0,NA,0,NA,0,NA,0,NA,0,NA,NA,0
2013,11,12,NA,0,NA,0,NA,0,NA,0,NA,0,NA,NA,0
2013,11,13,NA,0,NA,0,NA,0,NA,0,NA,0,NA,NA,0
2013,11,14,NA,0,NA,0,NA,0,NA,0,NA,0,NA,NA,0
2013,11,15,NA,0,NA,0,NA,0,NA,0,NA,0,NA,NA,0
2013,11,16,NA,0,NA,0,NA,0,NA,0,NA,0,NA,NA,0
2013,11,17,NA,0,NA,0,NA,0,NA,0,NA,0,NA,NA,0
2013,11,18,NA,0,NA,0,NA,0,NA,0,NA,0,NA,NA,0
2013,11,19,NA,0,NA,0,NA,0,NA,0,NA,0,NA,NA,0
2013,11,20,NA,0,NA,0,NA,0,NA,0,NA,0,NA,NA,0
2013,11,21,NA,0,NA,0,NA,0,NA,0,NA,0,NA,NA,0
2013,11,22,NA,0,NA,0,NA,0,NA,0,NA,0,NA,NA,0
2013,11,23,NA,0,NA,0,NA,0,NA,0,NA,0,NA,NA,0
2013,11,24,NA,0,NA,0,NA,0,NA,0,NA,0,NA,NA,0
2013,11,25,NA,0,NA,0,NA,0,NA,0,NA,0,NA,NA,0
2013,11,26,NA,0,NA,0,NA,0,NA,0,NA,0,NA,NA,0
2013,11,27,NA,0,NA,0,NA,0,NA,0,NA,0,NA,NA,0
2013,11,28,NA,0,NA,0,NA,0,NA,0,NA,0,NA,NA,0
2013,11,29,NA,0,NA,0,NA,0,NA,0,NA,0,NA,NA,0
2013,11,30,NA,0,NA,0,NA,0,NA,0,NA,0,NA,NA,0
2013,12,1,NA,0,NA,0,NA,0,NA,0,NA,0,NA,NA,0
2013,12,2,NA,0,NA,0,NA,0,NA,0,NA,0,NA,NA,0
2013,12,3,NA,0,NA,0,NA,0,NA,0,NA,0,NA,NA,0
2013,12,4,NA,0,NA,0,NA,0,NA,0,NA,0,NA,NA,0
2013,12,5,NA,0.625,NA,0,NA,0.375,NA,0.625,NA,0,NA,NA,0.375
2013,12,6,-14.61,1,NA,0,20.17,0.75,300.5,1,NA,0,20.05,300.36,0.75
2013,12,7,-13.44,0.75,NA,0,NA,0.5,308.25,1,NA,0,NA,NA,0.5
2013,12,8,-12.61,0.875,NA,0,NA,0.5,281.75,1,NA,0,NA,NA,0.5
2013,12,9,-13.02,1,NA,0,26.88,1,289.88,1,NA,0,26.73,290.03,1
2013,12,10,-11.08,1,NA,0,30,1,288.75,1,NA,0,29.91,288.82,1
2013,12,11,-9.84,1,NA,0,NA,0.625,287.88,1,NA,0,NA,NA,0.625
2013,12,12,-8.71,1,NA,0,NA,0.625,291.38,1,NA,0,NA,NA,0.625
2013,12,13,-9.89,1,NA,0,NA,0.5,283.38,1,NA,0,NA,NA,0.5
2013,12,14,-9.93,1,NA,0,NA,0.625,286.75,1,NA,0,NA,NA,0.625
2013,12,15,-10.47,0.75,NA,0,NA,0.625,232.75,1,NA,0,NA,NA,0.625
2013,12,16,-9.82,1,NA,0,NA,0.625,284,1,NA,0,NA,NA,0.625
2013,12,17,-8.88,1,NA,0,NA,0.625,292.12,1,NA,0,NA,NA,0.625
2013,12,18,-10.18,0.875,NA,0,NA,0.25,323.25,1,NA,0,NA,NA,0.25
2013,12,19,NA,0.5,NA,0,NA,0.5,234.12,1,NA,0,NA,NA,0.5
2013,12,20,-9.53,1,NA,0,NA,0.625,247.62,1,NA,0,NA,NA,0.625
2013,12,21,-10.96,1,NA,0,NA,0.5,255.38,1,NA,0,NA,NA,0.5
2013,12,22,-12,1,NA,0,NA,0.5,283.5,1,NA,0,NA,NA,0.5
2013,12,23,-13.08,1,NA,0,NA,0.5,301.5,1,NA,0,NA,NA,0.5
2013,12,24,-12.38,1,NA,0,19.43,0.875,304,1,NA,0,19.33,304.15,0.875
2013,12,25,-11.36,1,NA,0,NA,0.625,287.88,1,NA,0,NA,NA,0.625
2013,12,26,-11.71,1,NA,0,20.67,0.75,289.25,1,NA,0,20.62,289.41,0.75
2013,12,27,-11.49,1,NA,0,NA,0.25,284.38,1,NA,0,NA,NA,0.25
2013,12,28,-10.7,1,NA,0,NA,0.5,282.5,1,NA,0,NA,NA,0.5
2013,12,29,-10.07,1,NA,0,NA,0.625,281.62,1,NA,0,NA,NA,0.625
2013,12,30,-8.56,1,NA,0,28,0.75,293.75,1,NA,0,27.95,293.43,0.75
2013,12,31,-8.84,1,NA,0,NA,0.625,286.12,1,NA,0,NA,NA,0.625
2014,1,1,-9.62,1,NA,0,30.67,0.75,275.75,1,NA,0,30.58,275.43,0.75
2014,1,2,-8.63,1,NA,0,NA,0.125,266.12,1,NA,0,NA,NA,0.125
2014,1,3,-6.69,1,NA,0,NA,0.375,278.62,1,NA,0,NA,NA,0.375
2014,1,4,-5.77,1,NA,0,NA,0.5,287.12,1,NA,0,NA,NA,0.5
2014,1,5,-5.18,1,NA,0,NA,0.25,292.38,1,NA,0,NA,NA,0.25
2014,1,6,-5.49,1,NA,0,NA,0.5,283.12,1,NA,0,NA,NA,0.5
2014,1,7,-8.46,1,NA,0,NA,0.625,284.12,1,NA,0,NA,NA,0.625
2014,1,8,-9.09,1,NA,0,NA,0.25,289.25,1,NA,0,NA,NA,0.25
2014,1,9,-8.85,1,NA,0,7.67,0.75,288.12,1,NA,0,7.57,288.87,0.75
2014,1,10,NA,0.625,NA,0,4.5,0.75,297.88,1,NA,0,3.99,304.91,0.75
2014,1,11,-10.15,1,NA,0,NA,0.5,292.75,1,NA,0,NA,NA,0.5
2014,1,12,NA,0,NA,0,NA,0,NA,0,NA,0,NA,NA,0
2014,1,13,NA,0,NA,0,NA,0,NA,0,NA,0,NA,NA,0
2014,1,14,NA,0,NA,0,NA,0,NA,0,NA,0,NA,NA,0
2014,1,15,NA,0,NA,0,NA,0,NA,0,NA,0,NA,NA,0
2014,1,16,NA,0,NA,0,NA,0,NA,0,NA,0,NA,NA,0
2014,1,17,NA,0,NA,0,NA,0,NA,0,NA,0,NA,NA,0
2014,1,18,NA,0,NA,0,NA,0,NA,0,NA,0,NA,NA,0
2014,1,19,-8.51,1,NA,0,10.5,0.75,292.25,1,NA,0,10.34,293.56,0.75
2014,1,20,-8.53,0.75,NA,0,NA,0.125,276,1,NA,0,NA,NA,0.125
2014,1,21,-9.12,0.875,NA,0,NA,0.625,246.5,1,NA,0,NA,NA,0.625
2014,1,22,-10.02,0.875,NA,0,NA,0.375,294.88,1,NA,0,NA,NA,0.375
2014,1,23,-10.97,1,NA,0,NA,0.375,300.62,1,NA,0,NA,NA,0.375
2014,1,24,-9.77,0.875,NA,0,5.14,0.875,301.75,1,NA,0,4.43,288.57,0.875
2014,1,25,-12.64,1,NA,0,NA,0.25,303.12,1,NA,0,NA,NA,0.25
2014,1,26,-11.56,1,NA,0,NA,0.625,270.5,1,NA,0,NA,NA,0.625
2014,1,27,-11.98,1,NA,0,NA,0.25,227.38,1,NA,0,NA,NA,0.25
2014,1,28,-14.67,0.875,NA,0,22.86,0.875,298.38,1,NA,0,22.28,299.58,0.875
2014,1,29,-16.05,0.875,NA,0,NA,0.375,291.12,1,NA,0,NA,NA,0.375
2014,1,30,-15.39,1,NA,0,NA,0.625,292.25,1,NA,0,NA,NA,0.625
2014,1,31,-14.91,0.75,NA,0,12,1,297.5,1,NA,0,11.9,297.18,1
2014,2,1,-18.16,0.875,NA,0,NA,0.375,298.5,1,NA,0,NA,NA,0.375
2014,2,2,-18.16,0.875,NA,0,NA,0.5,289.62,1,NA,0,NA,NA,0.5
2014,2,3,-19.91,1,NA,0,NA,0.625,291.25,1,NA,0,NA,NA,0.625
2014,2,4,-17.5,1,NA,0,NA,0.25,267.38,1,NA,0,NA,NA,0.25
2014,2,5,-13.88,0.875,NA,0,5.5,1,185.12,1,NA,0,2.23,162.02,1
2014,2,6,-19.3,1,NA,0,NA,0.625,286.62,1,NA,0,NA,NA,0.625
2014,2,7,-13.92,0.875,NA,0,NA,0.25,294.38,1,NA,0,NA,NA,0.25
2014,2,8,-10.19,0.875,NA,0,NA,0.375,218.75,1,NA,0,NA,NA,0.375
2014,2,9,-14.63,1,NA,0,NA,0.625,291.5,1,NA,0,NA,NA,0.625
2014,2,10,-18.27,1,NA,0,NA,0.625,284,1,NA,0,NA,NA,0.625
2014,2,11,-17.83,1,NA,0,NA,0.625,287.75,1,NA,0,NA,NA,0.625
2014,2,12,-15.6,1,NA,0,NA,0.625,291.38,1,NA,0,NA,NA,0.625
2014,2,13,-13.59,1,NA,0,NA,0.25,291.5,1,NA,0,NA,NA,0.25
2014,2,14,-17.34,1,NA,0,NA,0.25,293.12,1,NA,0,NA,NA,0.25
2014,2,15,-14.21,1,NA,0,NA,0.375,220.5,1,NA,0,NA,NA,0.375
2014,2,16,-17.04,0.75,NA,0,17.83,0.75,280.38,1,NA,0,17.11,283.8,0.75
2014,2,17,-21.8,0.875,NA,0,NA,0.25,289.62,1,NA,0,NA,NA,0.25
2014,2,18,-22.99,1,NA,0,NA,0.125,305.38,1,NA,0,NA,NA,0.125
2014,2,19,-20.32,0.875,NA,0,NA,0.5,291.62,1,NA,0,NA,NA,0.5
2014,2,20,-21.74,1,NA,0,21.83,0.75,299.88,1,NA,0,20.86,303.11,0.75
2014,2,21,-21.8,0.875,NA,0,15.83,0.75,295.88,1,NA,0,15.74,296.59,0.75
2014,2,22,-17.97,0.75,NA,0,NA,0.5,282.12,1,NA,0,NA,NA,0.5
2014,2,23,-23.15,0.875,NA,0,NA,0.625,306,1,NA,0,NA,NA,0.625
2014,2,24,-25.81,1,NA,0,NA,0.375,294,1,NA,0,NA,NA,0.375
2014,2,25,-27.42,1,NA,0,25.33,0.75,299,1,NA,0,25.29,299.68,0.75
2014,2,26,-27.03,0.75,NA,0,NA,0.5,306.12,1,NA,0,NA,NA,0.5
2014,2,27,-27.58,1,NA,0,33.5,0.75,296.88,1,NA,0,33.43,299.38,0.75
2014,2,28,-28.34,1,NA,0,NA,0.25,314.75,1,NA,0,NA,NA,0.25
2014,3,1,-28.01,1,NA,0,NA,0.375,323.5,1,NA,0,NA,NA,0.375
2014,3,2,-28.78,1,NA,0,NA,0.25,309.75,1,NA,0,NA,NA,0.25
2014,3,3,-28.35,1,NA,0,28.33,0.75,295.88,1,NA,0,28.28,292.01,0.75
2014,3,4,-29.81,1,NA,0,NA,0.5,315,1,NA,0,NA,NA,0.5
2014,3,5,-27.74,0.75,NA,0,NA,0.25,301.62,1,NA,0,NA,NA,0.25
2014,3,6,-18.08,0.75,NA,0,NA,0.25,183.12,1,NA,0,NA,NA,0.25
2014,3,7,-27.08,0.875,NA,0,NA,0,294.25,1,NA,0,NA,NA,0
2014,3,8,-30.63,1,NA,0,NA,0.5,295.38,1,NA,0,NA,NA,0.5
2014,3,9,-33.42,1,NA,0,NA,0.5,301.12,1,NA,0,NA,NA,0.5
2014,3,10,-34.63,0.75,NA,0,NA,0.25,305,1,NA,0,NA,NA,0.25
2014,3,11,-30.83,1,NA,0,NA,0.25,294.38,1,NA,0,NA,NA,0.25
2014,3,12,-29.46,1,NA,0,26,0.75,293.5,1,NA,0,25.98,292.4,0.75
2014,3,13,-29.34,1,NA,0,NA,0.5,293.75,1,NA,0,NA,NA,0.5
2014,3,14,-30.65,1,NA,0,39.83,0.75,297.75,1,NA,0,39.82,298.06,0.75
2014,3,15,-32.55,1,NA,0,37.67,0.75,292.12,1,NA,0,37.66,290.15,0.75
2014,3,16,-36.98,1,NA,0,34.71,0.875,297.75,1,NA,0,34.62,297.18,0.875
2014,3,17,NA,0.375,NA,0,NA,0.125,248.88,1,NA,0,NA,NA,0.125
2014,3,18,-21.59,1,NA,0,NA,0.5,199.62,1,NA,0,NA,NA,0.5
2014,3,19,-28.68,1,NA,0,NA,0,296.38,1,NA,0,NA,NA,0
2014,3,20,-34.86,1,NA,0,NA,0.25,294.12,1,NA,0,NA,NA,0.25
2014,3,21,-33.15,1,NA,0,NA,0.375,308.12,1,NA,0,NA,NA,0.375
2014,3,22,-28.96,0.875,NA,0,NA,0.25,306.88,1,NA,0,NA,NA,0.25
2014,3,23,-26.75,1,NA,0,39.83,0.75,296.5,1,NA,0,39.81,297.78,0.75
2014,3,24,-27.69,1,NA,0,NA,0.375,284.25,1,NA,0,NA,NA,0.375
2014,3,25,-32.42,1,NA,0,NA,0.375,287.38,1,NA,0,NA,NA,0.375
2014,3,26,-36.71,1,NA,0,31,0.875,289.62,1,NA,0,30.99,289.86,0.875
2014,3,27,-38.65,1,NA,0,34,0.75,290.5,1,NA,0,33.98,291.54,0.75
2014,3,28,-36.26,1,NA,0,32.17,0.75,295.38,1,NA,0,32.13,296.07,0.75
2014,3,29,-38.18,1,NA,0,NA,0.5,297.25,1,NA,0,NA,NA,0.5
2014,3,30,-33.59,0.875,NA,0,NA,0.5,294.62,1,NA,0,NA,NA,0.5
2014,3,31,-34.84,1,NA,0,NA,0.375,286.88,1,NA,0,NA,NA,0.375
2014,4,1,-36.36,1,NA,0,NA,0.625,309,1,NA,0,NA,NA,0.625
2014,4,2,NA,0.625,NA,0,NA,0.625,305,1,NA,0,NA,NA,0.625
2014,4,3,-37.36,1,NA,0,NA,0.5,300,1,NA,0,NA,NA,0.5
2014,4,4,-36.2,1,NA,0,NA,0.5,297.38,1,NA,0,NA,NA,0.5
2014,4,5,-36.84,1,NA,0,27.33,0.75,300.25,1,NA,0,27.28,295.87,0.75
2014,4,6,-32.09,0.75,NA,0,NA,0.375,294.38,1,NA,0,NA,NA,0.375
2014,4,7,-37.15,0.875,NA,0,NA,0.375,306.62,1,NA,0,NA,NA,0.375
2014,4,8,-40.77,1,NA,0,NA,0.375,307.5,1,NA,0,NA,NA,0.375
2014,4,9,-37.06,1,NA,0,13.86,0.875,296.25,1,NA,0,13.85,295.47,0.875
2014,4,10,-36.79,1,NA,0,17.29,0.875,295.5,1,NA,0,17.24,295.24,0.875
2014,4,11,-32.43,0.875,NA,0,17,0.75,288.62,1,NA,0,16.87,292.98,0.75
2014,4,12,-38.81,0.875,NA,0,NA,0.375,302.25,1,NA,0,NA,NA,0.375
2014,4,13,-37.82,1,NA,0,NA,0.125,298.88,1,NA,0,NA,NA,0.125
2014,4,14,-33.4,1,NA,0,NA,0.5,299.25,1,NA,0,NA,NA,0.5
2014,4,15,-32.93,1,NA,0,NA,0.625,300.75,1,NA,0,NA,NA,0.625
2014,4,16,-29.68,1,NA,0,NA,0.25,293.25,1,NA,0,NA,NA,0.25
2014,4,17,-27.77,1,NA,0,NA,0.625,301.62,1,NA,0,NA,NA,0.625
2014,4,18,-24.86,1,NA,0,NA,0.125,295.88,1,NA,0,NA,NA,0.125
2014,4,19,-26.94,1,NA,0,NA,0.125,295.75,1,NA,0,NA,NA,0.125
2014,4,20,-30.41,1,NA,0,48.5,0.75,296.62,1,NA,0,48.47,297.26,0.75
2014,4,21,-35.11,1,NA,0,NA,0.625,295.25,1,NA,0,NA,NA,0.625
2014,4,22,-36.39,0.875,NA,0,44.14,0.875,289.75,1,NA,0,44.11,289.9,0.875
2014,4,23,-26.74,1,NA,0,NA,0.5,290.12,1,NA,0,NA,NA,0.5
2014,4,24,-24.99,1,NA,0,44.86,0.875,299.12,1,NA,0,44.45,297.82,0.875
2014,4,25,-32.04,0.875,NA,0,NA,0.25,300.5,1,NA,0,NA,NA,0.25
2014,4,26,-28.78,1,NA,0,NA,0.625,289.25,1,NA,0,NA,NA,0.625
2014,4,27,-30.98,1,NA,0,NA,0.625,294.25,1,NA,0,NA,NA,0.625
2014,4,28,-35.2,0.75,NA,0,NA,0.5,291.88,1,NA,0,NA,NA,0.5
2014,4,29,-42.3,1,NA,0,NA,0.25,299.25,1,NA,0,NA,NA,0.25
2014,4,30,-42.91,1,NA,0,NA,0.375,311.5,1,NA,0,NA,NA,0.375
2014,5,1,-40.71,0.75,NA,0,NA,0.25,303.5,1,NA,0,NA,NA,0.25
2014,5,2,-36.59,1,NA,0,NA,0.25,294.5,1,NA,0,NA,NA,0.25
2014,5,3,-30.23,1,NA,0,NA,0.125,304,1,NA,0,NA,NA,0.125
2014,5,4,-30.32,1,NA,0,NA,0.125,305.12,1,NA,0,NA,NA,0.125
2014,5,5,-29.59,1,NA,0,NA,0.5,311.12,1,NA,0,NA,NA,0.5
2014,5,6,-29.95,1,NA,0,NA,0.5,306.38,1,NA,0,NA,NA,0.5
2014,5,7,-29.9,1,NA,0,NA,0.625,301.12,1,NA,0,NA,NA,0.625
2014,5,8,-27.32,1,NA,0,NA,0.5,296.75,1,NA,0,NA,NA,0.5
2014,5,9,-24.51,1,NA,0,NA,0.125,292.88,1,NA,0,NA,NA,0.125
2014,5,10,-23.54,0.875,NA,0,NA,0,316.88,1,NA,0,NA,NA,0
2014,5,11,-23.56,0.875,NA,0,NA,0.5,291.12,1,NA,0,NA,NA,0.5
2014,5,12,-22.38,1,NA,0,NA,0.5,291.38,1,NA,0,NA,NA,0.5
2014,5,13,-18.05,1,NA,0,11.62,1,289.38,1,NA,0,11.56,288.81,1
2014,5,14,-20.8,1,NA,0,NA,0.25,295.88,1,NA,0,NA,NA,0.25
2014,5,15,-20.46,1,NA,0,NA,0.375,303.75,1,NA,0,NA,NA,0.375
2014,5,16,-20.75,0.75,NA,0,NA,0.375,300.62,1,NA,0,NA,NA,0.375
2014,5,17,-30.58,1,NA,0,25,0.75,294,1,NA,0,24.92,296.17,0.75
2014,5,18,-38,1,NA,0,34,0.75,293.38,1,NA,0,33.92,293.45,0.75
2014,5,19,-39.59,1,NA,0,NA,0.625,288.75,1,NA,0,NA,NA,0.625
2014,5,20,-35.88,1,NA,0,NA,0.375,297.25,1,NA,0,NA,NA,0.375
2014,5,21,-33.19,1,NA,0,NA,0.375,296,1,NA,0,NA,NA,0.375
2014,5,22,-38.56,1,NA,0,NA,0.375,297.38,1,NA,0,NA,NA,0.375
2014,5,23,-38.31,1,NA,0,NA,0.5,302.75,1,NA,0,NA,NA,0.5
2014,5,24,-36.94,1,NA,0,23,1,303.38,1,NA,0,22.9,303.56,1
2014,5,25,-34.37,1,NA,0,NA,0.625,293,1,NA,0,NA,NA,0.625
2014,5,26,-32.8,0.875,NA,0,NA,0.25,296.25,1,NA,0,NA,NA,0.25
2014,5,27,-34.98,1,NA,0,NA,0.375,301.88,1,NA,0,NA,NA,0.375
2014,5,28,-29.83,1,NA,0,NA,0.5,299.12,1,NA,0,NA,NA,0.5
2014,5,29,-26.34,1,NA,0,NA,0.375,285,1,NA,0,NA,NA,0.375
2014,5,30,-21.5,1,NA,0,18.17,0.75,286.62,1,NA,0,18.12,286.53,0.75
2014,5,31,-29.5,0.875,NA,0,NA,0.625,305.88,1,NA,0,NA,NA,0.625
2014,6,1,-30.45,0.875,NA,0,NA,0.125,306.5,1,NA,0,NA,NA,0.125
2014,6,2,-34.69,1,NA,0,NA,0.375,294.88,1,NA,0,NA,NA,0.375
2014,6,3,-33.84,1,NA,0,12.5,0.75,294,1,NA,0,12.47,287.87,0.75
2014,6,4,-35.97,1,NA,0,NA,0.625,293.75,1,NA,0,NA,NA,0.625
2014,6,5,-42.62,0.875,NA,0,NA,0.125,298.75,1,NA,0,NA,NA,0.125
2014,6,6,-41.81,1,NA,0,NA,0,298.75,1,NA,0,NA,NA,0
2014,6,7,-31.95,1,NA,0,NA,0.375,288.5,1,NA,0,NA,NA,0.375
2014,6,8,-26.05,1,NA,0,15.67,0.75,297.25,1,NA,0,15.64,295.14,0.75
2014,6,9,NA,0.625,NA,0,NA,0.125,278.75,1,NA,0,NA,NA,0.125
2014,6,10,-37.31,1,NA,0,42.67,0.75,290.12,1,NA,0,42.62,288.95,0.75
2014,6,11,-40.85,1,NA,0,NA,0.375,294.62,1,NA,0,NA,NA,0.375
2014,6,12,-36.9,0.875,NA,0,NA,0.375,301.12,1,NA,0,NA,NA,0.375
2014,6,13,-41.01,1,NA,0,NA,0.625,299.38,1,NA,0,NA,NA,0.625
2014,6,14,-41.1,1,NA,0,27.57,0.875,297.88,1,NA,0,27.57,298.26,0.875
2014,6,15,NA,0.625,NA,0,NA,0.375,307,1,NA,0,NA,NA,0.375
2014,6,16,-25.03,1,NA,0,NA,0.5,210.25,1,NA,0,NA,NA,0.5
2014,6,17,-30.34,1,NA,0,NA,0.25,295.38,1,NA,0,NA,NA,0.25
2014,6,18,-33.83,1,NA,0,NA,0.25,311.5,1,NA,0,NA,NA,0.25
2014,6,19,-31.65,1,NA,0,NA,0.375,297,1,NA,0,NA,NA,0.375
2014,6,20,-32.81,1,NA,0,31.75,1,289.88,1,NA,0,31.7,289.79,1
2014,6,21,-38.74,0.875,NA,0,NA,0.25,302.38,1,NA,0,NA,NA,0.25
2014,6,22,-39.98,1,NA,0,NA,0.5,306.25,1,NA,0,NA,NA,0.5
2014,6,23,-38.4,0.875,NA,0,NA,0.5,303.75,1,NA,0,NA,NA,0.5
2014,6,24,-35.48,1,NA,0,NA,0.5,297.75,1,NA,0,NA,NA,0.5
2014,6,25,-36.08,1,NA,0,NA,0.375,297.75,1,NA,0,NA,NA,0.375
2014,6,26,-33.35,1,NA,0,NA,0.125,298.62,1,NA,0,NA,NA,0.125
2014,6,27,-35.08,1,NA,0,NA,0.625,296.38,1,NA,0,NA,NA,0.625
2014,6,28,-37.04,1,NA,0,17,1,297.57,0.875,NA,0,17.13,297.75,0.875
2014,6,29,-41.3,1,NA,0,22.83,0.75,302.33,0.75,NA,0,NA,NA,0.5
2014,6,30,-42.63,1,NA,0,32.83,0.75,295.38,1,NA,0,32.8,293.31,0.75
2014,7,1,-41.5,1,NA,0,NA,0.375,308,1,NA,0,NA,NA,0.375
2014,7,2,-39.21,0.875,NA,0,NA,0.625,292.12,1,NA,0,NA,NA,0.625
2014,7,3,-41.56,1,NA,0,NA,0.5,298,1,NA,0,NA,NA,0.5
2014,7,4,-40.67,1,NA,0,24.62,1,299.62,1,NA,0,24.56,299.54,1
2014,7,5,-41.67,1,NA,0,NA,0.625,294.38,1,NA,0,NA,NA,0.625
2014,7,6,-39.9,1,NA,0,NA,0.625,292.38,1,NA,0,NA,NA,0.625
2014,7,7,-43.88,1,NA,0,NA,0.25,303.12,1,NA,0,NA,NA,0.25
2014,7,8,-45.24,1,NA,0,NA,0.25,294.75,1,NA,0,NA,NA,0.25
2014,7,9,-44.67,1,NA,0,NA,0.625,296.38,1,NA,0,NA,NA,0.625
2014,7,10,-39.67,1,NA,0,43.29,0.875,292.62,1,NA,0,43.18,292.95,0.875
2014,7,11,-39.58,1,NA,0,NA,0.5,293.88,1,NA,0,NA,NA,0.5
2014,7,12,-44.9,1,NA,0,31.67,0.75,293.25,1,NA,0,31.62,294.06,0.75
2014,7,13,-45.18,1,NA,0,NA,0.375,295.5,1,NA,0,NA,NA,0.375
2014,7,14,-44.21,1,NA,0,NA,0.5,305.62,1,NA,0,NA,NA,0.5
2014,7,15,-41.59,1,NA,0,NA,0.25,309.25,1,NA,0,NA,NA,0.25
2014,7,16,-36.48,1,NA,0,NA,0.375,306.62,1,NA,0,NA,NA,0.375
2014,7,17,-41.26,1,NA,0,NA,0.25,292.12,1,NA,0,NA,NA,0.25
2014,7,18,-38.21,1,NA,0,NA,0.25,313.38,1,NA,0,NA,NA,0.25
2014,7,19,-38.73,0.875,NA,0,NA,0.25,301.25,1,NA,0,NA,NA,0.25
2014,7,20,NA,0.625,NA,0,NA,0.25,290.5,1,NA,0,NA,NA,0.25
2014,7,21,-20.94,0.875,NA,0,NA,0,285.25,1,NA,0,NA,NA,0
2014,7,22,-27.38,1,NA,0,NA,0.5,297,1,NA,0,NA,NA,0.5
2014,7,23,-33.03,1,NA,0,NA,0.5,307.12,1,NA,0,NA,NA,0.5
2014,7,24,-33.12,1,NA,0,NA,0.25,294.88,1,NA,0,NA,NA,0.25
2014,7,25,-36.73,1,NA,0,NA,0.125,294,1,NA,0,NA,NA,0.125
2014,7,26,-33.51,1,NA,0,NA,0.625,290.25,1,NA,0,NA,NA,0.625
2014,7,27,-32.5,1,NA,0,NA,0,294.25,1,NA,0,NA,NA,0
2014,7,28,-36.73,1,NA,0,NA,0.625,290.25,1,NA,0,NA,NA,0.625
2014,7,29,-39.89,1,NA,0,16.33,0.75,293.75,1,NA,0,16.32,293.45,0.75
2014,7,30,-36.49,1,NA,0,9.83,0.75,293.62,1,NA,0,9.83,293.8,0.75
2014,7,31,-34.71,1,NA,0,NA,0.625,201.12,1,NA,0,NA,NA,0.625
2014,8,1,-31.44,0.875,NA,0,NA,0.125,273,1,NA,0,NA,NA,0.125
2014,8,2,-33.81,0.875,NA,0,NA,0.375,290.62,1,NA,0,NA,NA,0.375
2014,8,3,-41.06,0.875,NA,0,NA,0.125,308.5,1,NA,0,NA,NA,0.125
2014,8,4,-36.07,1,NA,0,12,0.875,287.5,1,NA,0,11.92,288.76,0.875
2014,8,5,-31.78,1,NA,0,NA,0.5,294,1,NA,0,NA,NA,0.5
2014,8,6,-29.49,1,NA,0,19.17,0.75,299.62,1,NA,0,19.14,300.03,0.75
2014,8,7,-25.49,1,NA,0,NA,0.625,293.38,1,NA,0,NA,NA,0.625
2014,8,8,-29.33,1,NA,0,NA,0.125,306,1,NA,0,NA,NA,0.125
2014,8,9,-33.45,1,NA,0,NA,0.5,316.75,1,NA,0,NA,NA,0.5
2014,8,10,-34.5,1,NA,0,NA,0.25,308.38,1,NA,0,NA,NA,0.25
2014,8,11,NA,0.625,NA,0,NA,0.25,304.62,1,NA,0,NA,NA,0.25
2014,8,12,-35.4,1,NA,0,NA,0.125,298.75,1,NA,0,NA,NA,0.125
2014,8,13,-29.88,1,NA,0,NA,0.625,282.75,1,NA,0,NA,NA,0.625
2014,8,14,-29.9,1,NA,0,NA,0.5,290.25,1,NA,0,NA,NA,0.5
2014,8,15,-35.26,1,NA,0,NA,0.5,296.62,1,NA,0,NA,NA,0.5
2014,8,16,-32.13,1,NA,0,NA,0.625,313.5,1,NA,0,NA,NA,0.625
2014,8,17,-30.89,1,NA,0,NA,0.625,293.25,1,NA,0,NA,NA,0.625
2014,8,18,NA,0.625,NA,0,NA,0.125,311,1,NA,0,NA,NA,0.125
2014,8,19,NA,0.5,NA,0,NA,0.375,284.75,1,NA,0,NA,NA,0.375
2014,8,20,-36.26,1,NA,0,NA,0.5,304.75,1,NA,0,NA,NA,0.5
2014,8,21,-32.58,1,NA,0,23.5,0.75,299.5,1,NA,0,23.3,293.98,0.75
2014,8,22,-36.36,1,NA,0,27,0.75,301.25,1,NA,0,26.86,303.06,0.75
2014,8,23,-39.26,0.875,NA,0,NA,0.25,297.38,1,NA,0,NA,NA,0.25
2014,8,24,-41.47,0.75,NA,0,NA,0.125,292.25,1,NA,0,NA,NA,0.125
2014,8,25,-32.32,0.75,NA,0,NA,0,270.5,1,NA,0,NA,NA,0
2014,8,26,-33.27,0.75,NA,0,NA,0.25,295.75,1,NA,0,NA,NA,0.25
2014,8,27,-33.03,1,NA,0,NA,0.25,296.5,1,NA,0,NA,NA,0.25
2014,8,28,-28.2,0.875,NA,0,NA,0.25,301.25,1,NA,0,NA,NA,0.25
2014,8,29,-29.53,1,NA,0,NA,0.375,294.38,1,NA,0,NA,NA,0.375
2014,8,30,-20.26,1,NA,0,15.83,0.75,258.62,1,NA,0,14.1,280.64,0.75
2014,8,31,-17.39,1,NA,0,NA,0.25,272.88,1,NA,0,NA,NA,0.25
2014,9,1,-27.83,0.75,NA,0,NA,0.375,307.12,1,NA,0,NA,NA,0.375
2014,9,2,-33.58,0.75,NA,0,NA,0.25,291.38,1,NA,0,NA,NA,0.25
2014,9,3,-33.94,0.875,NA,0,NA,0.5,306.25,1,NA,0,NA,NA,0.5
2014,9,4,-26.98,1,NA,0,NA,0.25,295.12,1,NA,0,NA,NA,0.25
2014,9,5,-31.81,1,NA,0,NA,0.5,301.12,1,NA,0,NA,NA,0.5
2014,9,6,-31.79,0.75,NA,0,NA,0.25,297.12,1,NA,0,NA,NA,0.25
2014,9,7,-36.44,1,NA,0,NA,0.375,299.25,1,NA,0,NA,NA,0.375
2014,9,8,-36,1,NA,0,19.43,0.875,307.75,1,NA,0,19.21,308.53,0.875
2014,9,9,-32.17,0.875,NA,0,NA,0.5,299.5,1,NA,0,NA,NA,0.5
2014,9,10,-31.08,1,NA,0,NA,0.375,309.38,1,NA,0,NA,NA,0.375
2014,9,11,-34.95,1,NA,0,NA,0.25,323.25,1,NA,0,NA,NA,0.25
2014,9,12,NA,0.625,NA,0,NA,0.625,298.62,1,NA,0,NA,NA,0.625
2014,9,13,-18.65,1,NA,0,13.43,0.875,291.25,1,NA,0,13.36,290.96,0.875
2014,9,14,-26.67,1,NA,0,NA,0.25,304.88,1,NA,0,NA,NA,0.25
2014,9,15,-30.51,1,NA,0,NA,0.5,296.25,1,NA,0,NA,NA,0.5
2014,9,16,-35.45,1,NA,0,NA,0.5,292.38,1,NA,0,NA,NA,0.5
2014,9,17,-38.11,1,NA,0,22,1,294.12,1,NA,0,21.91,294.38,1
2014,9,18,-33.68,1,NA,0,NA,0.625,288.12,1,NA,0,NA,NA,0.625
2014,9,19,-34.76,1,NA,0,NA,0.375,299.38,1,NA,0,NA,NA,0.375
2014,9,20,-34.51,1,NA,0,22,0.875,300.75,1,NA,0,21.96,299.29,0.875
2014,9,21,-33.14,1,NA,0,NA,0.625,304,1,NA,0,NA,NA,0.625
2014,9,22,NA,0.5,NA,0,NA,0.25,274.12,1,NA,0,NA,NA,0.25
2014,9,23,NA,0.625,NA,0,NA,0.375,296.75,1,NA,0,NA,NA,0.375
2014,9,24,-29.27,0.75,NA,0,NA,0.125,292.88,1,NA,0,NA,NA,0.125
2014,9,25,-33.62,1,NA,0,NA,0,310.5,1,NA,0,NA,NA,0
2014,9,26,-36.52,1,NA,0,22.33,0.75,306.25,1,NA,0,22.14,305.23,0.75
2014,9,27,-33.75,1,NA,0,NA,0.5,295.88,1,NA,0,NA,NA,0.5
2014,9,28,-32.63,1,NA,0,NA,0.5,298,1,NA,0,NA,NA,0.5
2014,9,29,-29.83,0.875,NA,0,NA,0.125,295,1,NA,0,NA,NA,0.125
2014,9,30,-26.84,1,NA,0,17.12,1,293.38,1,NA,0,17.1,293.74,1
2014,10,1,-20.84,1,NA,0,15.43,0.875,294.88,1,NA,0,15.4,295.32,0.875
2014,10,2,-24.48,0.75,NA,0,NA,0.125,303.75,1,NA,0,NA,NA,0.125
2014,10,3,-27.15,1,NA,0,NA,0.625,299,1,NA,0,NA,NA,0.625
2014,10,4,-23.98,1,NA,0,7,0.75,268.12,1,NA,0,6.8,269.7,0.75
2014,10,5,-23.19,1,NA,0,14.17,0.75,285.25,1,NA,0,14.12,285.18,0.75
2014,10,6,-24.29,1,NA,0,NA,0.625,302.12,1,NA,0,NA,NA,0.625
2014,10,7,-31.32,1,NA,0,NA,0.375,302,1,NA,0,NA,NA,0.375
2014,10,8,-23.91,0.875,NA,0,NA,0.125,283.88,1,NA,0,NA,NA,0.125
2014,10,9,-24.23,0.875,NA,0,NA,0.5,297.38,1,NA,0,NA,NA,0.5
2014,10,10,-35.67,0.875,NA,0,NA,0.25,302.12,1,NA,0,NA,NA,0.25
2014,10,11,NA,0.625,NA,0,NA,0.125,291.75,1,NA,0,NA,NA,0.125
2014,10,12,-36.24,0.75,NA,0,NA,0,300.62,1,NA,0,NA,NA,0
2014,10,13,-34.42,0.875,NA,0,NA,0,303.88,1,NA,0,NA,NA,0
2014,10,14,-27.49,1,NA,0,11.17,0.75,279.5,1,NA,0,11,285.82,0.75
2014,10,15,-32.4,1,NA,0,NA,0.375,282.62,1,NA,0,NA,NA,0.375
2014,10,16,-35.66,1,NA,0,NA,0.5,308.25,1,NA,0,NA,NA,0.5
2014,10,17,-27.82,0.75,NA,0,NA,0.375,294.38,1,NA,0,NA,NA,0.375
2014,10,18,-27.42,0.875,NA,0,18.17,0.75,296.25,1,NA,0,17.83,295.52,0.75
2014,10,19,-28.28,0.75,NA,0,NA,0,316.62,1,NA,0,NA,NA,0
2014,10,20,-23.08,0.875,NA,0,NA,0.125,235.25,1,NA,0,NA,NA,0.125
2014,10,21,-22.26,0.75,NA,0,NA,0.375,284.25,1,NA,0,NA,NA,0.375
2014,10,22,-26.24,1,NA,0,NA,0.125,308.25,1,NA,0,NA,NA,0.125
2014,10,23,-23.51,1,NA,0,NA,0.625,296.12,1,NA,0,NA,NA,0.625
2014,10,24,-19.49,0.875,NA,0,NA,0.375,276.5,1,NA,0,NA,NA,0.375
2014,10,25,-15.83,1,NA,0,NA,0.375,265.12,1,NA,0,NA,NA,0.375
2014,10,26,-14.71,1,NA,0,NA,0.5,259.25,1,NA,0,NA,NA,0.5
2014,10,27,-17.69,0.75,NA,0,NA,0.25,292.25,1,NA,0,NA,NA,0.25
2014,10,28,-21.65,0.75,NA,0,21.33,0.75,307.88,1,NA,0,20.25,312.25,0.75
2014,10,29,-24.94,1,NA,0,NA,0.5,313.5,1,NA,0,NA,NA,0.5
2014,10,30,-25.38,0.875,NA,0,NA,0.125,291,1,NA,0,NA,NA,0.125
2014,10,31,-25.8,1,NA,0,NA,0.375,293.5,1,NA,0,NA,NA,0.375
2014,11,1,-25.16,1,NA,0,35.5,1,297.5,1,NA,0,35.34,297.56,1
2014,11,2,-23.57,1,NA,0,NA,0,278.5,1,NA,0,NA,NA,0
2014,11,3,-23.83,0.875,NA,0,NA,0.5,294.5,1,NA,0,NA,NA,0.5
2014,11,4,-23.83,0.875,NA,0,31.33,0.75,287.88,1,NA,0,31.2,288.52,0.75
2014,11,5,-22.94,1,NA,0,NA,0.5,296.75,1,NA,0,NA,NA,0.5
2014,11,6,NA,0.625,NA,0,NA,0.125,314.38,1,NA,0,NA,NA,0.125
2014,11,7,-21.6,1,NA,0,NA,0.375,295.62,1,NA,0,NA,NA,0.375
2014,11,8,-19.78,0.875,NA,0,NA,0.5,297.5,1,NA,0,NA,NA,0.5
2014,11,9,-18.51,0.75,NA,0,NA,0.375,293.88,1,NA,0,NA,NA,0.375
2014,11,10,-18.85,0.875,NA,0,NA,0.125,289.5,1,NA,0,NA,NA,0.125
2014,11,11,NA,0.5,NA,0,NA,0.375,295.38,1,NA,0,NA,NA,0.375
2014,11,12,-19.04,0.875,NA,0,NA,0.625,290,1,NA,0,NA,NA,0.625
2014,11,13,-18.22,0.875,NA,0,NA,0.5,285.25,1,NA,0,NA,NA,0.5
2014,11,14,-20.18,1,NA,0,NA,0.375,270.88,1,NA,0,NA,NA,0.375
2014,11,15,-17.72,1,NA,0,NA,0.125,295.5,1,NA,0,NA,NA,0.125
2014,11,16,-17.14,0.875,NA,0,4.14,0.875,258.62,1,NA,0,1.23,309.35,0.875
2014,11,17,-19.42,1,NA,0,NA,0.125,281.12,1,NA,0,NA,NA,0.125
2014,11,18,NA,0.625,NA,0,NA,0.5,255,1,NA,0,NA,NA,0.5
2014,11,19,-18.31,1,NA,0,NA,0.375,289.75,1,NA,0,NA,NA,0.375
2014,11,20,-17.79,0.875,NA,0,NA,0.375,293.12,1,NA,0,NA,NA,0.375
2014,11,21,-17.18,1,NA,0,NA,0.5,258.62,1,NA,0,NA,NA,0.5
2014,11,22,-16.87,1,NA,0,7.5,0.75,280.25,1,NA,0,7.18,277.82,0.75
2014,11,23,-16.31,1,NA,0,NA,0.625,274.25,1,NA,0,NA,NA,0.625
2014,11,24,-14.7,0.875,NA,0,NA,0.625,283.62,1,NA,0,NA,NA,0.625
2014,11,25,-13.93,0.875,NA,0,NA,0.5,293.12,1,NA,0,NA,NA,0.5
2014,11,26,NA,0.5,NA,0,NA,0.25,292.62,1,NA,0,NA,NA,0.25
2014,11,27,-15.27,0.875,NA,0,NA,0.5,310.25,1,NA,0,NA,NA,0.5
2014,11,28,-15.26,1,NA,0,NA,0.625,272,1,NA,0,NA,NA,0.625
2014,11,29,-15.23,1,NA,0,NA,0.625,292.88,1,NA,0,NA,NA,0.625
2014,11,30,-15.58,0.75,NA,0,NA,0.625,306.88,1,NA,0,NA,NA,0.625
2014,12,1,-16.63,1,NA,0,NA,0.25,292.75,1,NA,0,NA,NA,0.25
2014,12,2,-16.62,1,NA,0,18.43,0.875,287.62,1,NA,0,18.37,289,0.875
2014,12,3,-15.65,1,NA,0,6.33,0.75,249.62,1,NA,0,6.04,257.64,0.75
2014,12,4,-17.11,1,NA,0,NA,0.25,297.62,1,NA,0,NA,NA,0.25
2014,12,5,-16.74,0.875,NA,0,NA,0.375,285.88,1,NA,0,NA,NA,0.375
2014,12,6,NA,0,NA,0,NA,0,NA,0,NA,0,NA,NA,0
2014,12,7,NA,0,NA,0,NA,0,NA,0,NA,0,NA,NA,0
2014,12,8,NA,0,NA,0,NA,0,NA,0,NA,0,NA,NA,0
2014,12,9,NA,0,NA,0,NA,0,NA,0,NA,0,NA,NA,0
2014,12,10,NA,0,NA,0,NA,0,NA,0,NA,0,NA,NA,0
2014,12,11,NA,0,NA,0,NA,0,NA,0,NA,0,NA,NA,0
2014,12,12,NA,0,NA,0,NA,0,NA,0,NA,0,NA,NA,0
2014,12,13,NA,0,NA,0,NA,0,NA,0,NA,0,NA,NA,0
2014,12,14,NA,0,NA,0,NA,0,NA,0,NA,0,NA,NA,0
2014,12,15,NA,0,NA,0,NA,0,NA,0,NA,0,NA,NA,0
2014,12,16,NA,0,NA,0,NA,0,NA,0,NA,0,NA,NA,0
2014,12,17,NA,0,NA,0,NA,0,NA,0,NA,0,NA,NA,0
2014,12,18,NA,0,NA,0,NA,0,NA,0,NA,0,NA,NA,0
2014,12,19,NA,0,NA,0,NA,0,NA,0,NA,0,NA,NA,0
2014,12,20,NA,0,NA,0,NA,0,NA,0,NA,0,NA,NA,0
2014,12,21,NA,0,NA,0,NA,0,NA,0,NA,0,NA,NA,0
2014,12,22,-12.26,1,870.5,1,NA,0.625,252.38,1,63.13,1,NA,NA,0.625
2014,12,23,-12.87,1,874.38,1,NA,0.5,226.12,1,67.88,1,NA,NA,0.5
2014,12,24,NA,0.625,874.25,1,NA,0.125,246.75,1,62.88,1,NA,NA,0.125
2014,12,25,-11.14,0.875,870,1,NA,0.25,248.38,1,63.5,1,NA,NA,0.25
2014,12,26,-12.29,1,869.38,1,NA,0.375,249.75,1,75.63,1,NA,NA,0.375
2014,12,27,-9.9,0.75,873.75,1,NA,0.375,255.25,1,65.13,1,NA,NA,0.375
2014,12,28,-11.2,0.875,873.88,1,NA,0.25,249.25,1,66.13,1,NA,NA,0.25
2014,12,29,-11.28,1,873.88,1,NA,0.125,250.62,1,71.63,1,NA,NA,0.125
2014,12,30,-9.61,0.75,877,1,NA,0.625,248.38,1,77.63,1,NA,NA,0.625
2014,12,31,-10.04,1,877.13,1,NA,0.625,205.62,1,69,1,NA,NA,0.625
2015,1,1,-9.99,1,875.13,1,NA,0.5,188.38,1,80.13,1,NA,NA,0.5
2015,1,2,-9.63,1,872.25,1,NA,0.625,243.38,1,66.5,1,NA,NA,0.625
2015,1,3,-7.88,0.75,874.5,1,6,0.875,260.25,1,69.88,1,5.66,261.6,0.875
2015,1,4,-6.14,0.75,877.88,1,7.33,0.75,229.25,1,74.5,1,7.29,252.37,0.75
2015,1,5,-7.3,0.875,876.75,1,NA,0.625,229.38,1,78.25,1,NA,NA,0.625
2015,1,6,-6.52,1,875.13,1,5.83,0.75,253.88,1,73.25,1,5.66,253.32,0.75
2015,1,7,-6.31,0.75,878.13,1,3.14,0.875,134.25,1,90.63,1,0.43,30.52,0.875
2015,1,8,-8.43,0.75,877.38,1,2.88,1,261.75,1,82.88,1,2.73,278.86,1
2015,1,9,-7.83,1,872.38,1,4.38,1,147,1,93.75,1,2.76,145.13,1
2015,1,10,-8.25,1,873,1,5.43,0.875,150.38,1,95.38,1,4.29,162.43,0.875
2015,1,11,-9.58,0.75,873.5,1,NA,0.625,245.12,1,90,1,NA,NA,0.625
2015,1,12,NA,0.625,872.75,1,NA,0.625,208.75,1,78.38,1,NA,NA,0.625
2015,1,13,NA,0.625,875.63,1,NA,0.625,229,1,74.38,1,NA,NA,0.625
2015,1,14,-13.63,0.75,879,1,NA,0.5,263.25,1,68.13,1,NA,NA,0.5
2015,1,15,-13.86,0.875,881.88,1,NA,0.625,267.62,1,70.75,1,NA,NA,0.625
2015,1,16,NA,0.625,881.63,1,NA,0.625,254.5,1,76.63,1,NA,NA,0.625
2015,1,17,-10.78,1,879.25,1,8.88,1,148.75,1,92.25,1,6.25,138.23,1
2015,1,18,-12.93,1,871.38,1,NA,0.5,209.25,1,88.13,1,NA,NA,0.5
2015,1,19,-13.89,1,875.25,1,NA,0.375,235,1,75.75,1,NA,NA,0.375
2015,1,20,-13.56,1,881.13,1,26,0.875,260.5,1,77.38,1,25.91,259.08,0.875
2015,1,21,-13.91,1,871.63,1,31.86,0.875,249.38,1,90.5,1,31.82,249.07,0.875
2015,1,22,-15.05,0.875,869.63,1,NA,0.375,252.62,1,74.5,1,NA,NA,0.375
2015,1,23,-14.93,0.875,872.25,1,NA,0.5,255.25,1,71,1,NA,NA,0.5
2015,1,24,-13.43,0.875,871.88,1,NA,0.375,243.62,1,68.25,1,NA,NA,0.375
2015,1,25,-13.16,1,873.25,1,NA,0.5,258.12,1,73.88,1,NA,NA,0.5
2015,1,26,-12.46,0.875,873.5,1,NA,0.25,243.62,1,80.5,1,NA,NA,0.25
2015,1,27,-11.84,1,873.5,1,NA,0.5,208,1,84.38,1,NA,NA,0.5
2015,1,28,-13.62,1,873.13,1,NA,0.25,260.62,1,75.63,1,NA,NA,0.25
2015,1,29,-14.45,1,871.88,1,NA,0.5,261.88,1,80.25,1,NA,NA,0.5
2015,1,30,-12.53,1,869,1,NA,0.375,240.88,1,81,1,NA,NA,0.375
2015,1,31,-13.43,0.75,868.88,1,NA,0.625,258.5,1,74.38,1,NA,NA,0.625
2015,2,1,-12.7,0.75,868.13,1,NA,0.625,273.25,1,69.88,1,NA,NA,0.625
2015,2,2,-10.07,1,869.75,1,5.71,0.875,226.12,1,86.13,1,4.79,235.24,0.875
2015,2,3,-12.69,1,871.63,1,6.43,0.875,261.12,1,80.38,1,6.26,259.37,0.875
2015,2,4,-12.17,1,877.88,1,NA,0.5,212.88,1,89.5,1,NA,NA,0.5
2015,2,5,-13.79,0.875,877.5,1,NA,0.25,234,1,82,1,NA,NA,0.25
2015,2,6,-12.52,0.75,867.13,1,NA,0.25,262.88,1,79.63,1,NA,NA,0.25
2015,2,7,-11.7,1,865.88,1,NA,0.5,236.25,1,86.5,1,NA,NA,0.5
2015,2,8,-12.25,1,864.13,1,NA,0.5,264.25,1,72,1,NA,NA,0.5
2015,2,9,-11.89,1,868.75,1,11.57,0.875,261.62,1,77,1,11.39,261.23,0.875
2015,2,10,-11.83,1,870.63,1,NA,0.25,248,1,80.63,1,NA,NA,0.25
2015,2,11,-17.61,0.875,867.88,1,24.67,0.75,263.5,1,82.13,1,23.84,268.91,0.75
2015,2,12,-19.96,1,866.38,1,24,0.875,281.12,1,75.13,1,23.95,282.24,0.875
2015,2,13,-17.7,0.875,865.13,1,NA,0.25,272.88,1,74,1,NA,NA,0.25
2015,2,14,-19.27,1,865.88,1,NA,0.625,281.12,1,70.25,1,NA,NA,0.625
2015,2,15,-17.73,0.75,867.88,1,NA,0.625,267.25,1,73.13,1,NA,NA,0.625
2015,2,16,-20.1,0.875,871.63,1,NA,0.375,264.38,1,84.25,1,NA,NA,0.375
2015,2,17,-20.55,1,870.75,1,NA,0.125,261,1,86.38,1,NA,NA,0.125
2015,2,18,-15.31,1,869.5,1,NA,0.375,256.38,1,73,1,NA,NA,0.375
2015,2,19,-17.89,1,865.5,1,NA,0.5,264.62,1,75.5,1,NA,NA,0.5
2015,2,20,-21.55,0.875,861.63,1,NA,0,268.5,1,74.38,1,NA,NA,0
2015,2,21,NA,0.625,856.63,1,NA,0,282.38,1,80.63,1,NA,NA,0
2015,2,22,-18.75,0.75,863,1,NA,0.375,282.12,1,75.38,1,NA,NA,0.375
2015,2,23,-19.96,0.75,868,1,NA,0.375,267.12,1,78.38,1,NA,NA,0.375
2015,2,24,-20.02,1,861.75,1,NA,0.125,252.25,1,81.63,1,NA,NA,0.125
2015,2,25,NA,0.625,861.25,1,NA,0.25,272.62,1,76,1,NA,NA,0.25
2015,2,26,-20.37,0.875,867.25,1,NA,0.625,265.5,1,77.5,1,NA,NA,0.625
2015,2,27,-20.04,1,873.13,1,NA,0.5,250.5,1,85.63,1,NA,NA,0.5
2015,2,28,-24.78,0.75,871.88,1,NA,0.125,258.88,1,82.25,1,NA,NA,0.125
2015,3,1,-26.02,1,872.88,1,NA,0.25,264.5,1,80.25,1,NA,NA,0.25
2015,3,2,-26.65,0.75,867.38,1,NA,0.25,282.75,1,77.75,1,NA,NA,0.25
2015,3,3,-29.54,0.875,859.88,1,NA,0,292.62,1,77.38,1,NA,NA,0
2015,3,4,-28.69,1,867.38,1,NA,0.375,267.12,1,77.5,1,NA,NA,0.375
2015,3,5,-24.47,1,878.88,1,22.33,0.75,260.62,1,69.63,1,22.33,261.84,0.75
2015,3,6,-22.75,1,876.88,1,NA,0.375,256.75,1,69.88,1,NA,NA,0.375
2015,3,7,-24.92,1,874.88,1,NA,0.625,258.62,1,81,1,NA,NA,0.625
2015,3,8,-26.04,1,874,1,NA,0.25,259.12,1,80.75,1,NA,NA,0.25
2015,3,9,-25.73,1,877.13,1,46.83,0.75,260,1,81.13,1,46.79,260.34,0.75
2015,3,10,NA,0,NA,0,NA,0,NA,0,NA,0,NA,NA,0
2015,3,11,NA,0,NA,0,NA,0,NA,0,NA,0,NA,NA,0
2015,3,12,NA,0,NA,0,NA,0,NA,0,NA,0,NA,NA,0
2015,3,13,NA,0,NA,0,NA,0,NA,0,NA,0,NA,NA,0
2015,3,14,NA,0,NA,0,NA,0,NA,0,NA,0,NA,NA,0
2015,3,15,NA,0,NA,0,NA,0,NA,0,NA,0,NA,NA,0
2015,3,16,NA,0,NA,0,NA,0,NA,0,NA,0,NA,NA,0
2015,3,17,NA,0,NA,0,NA,0,NA,0,NA,0,NA,NA,0
2015,3,18,NA,0,NA,0,NA,0,NA,0,NA,0,NA,NA,0
2015,3,19,NA,0,NA,0,NA,0,NA,0,NA,0,NA,NA,0
2015,3,20,NA,0,NA,0,NA,0,NA,0,NA,0,NA,NA,0
2015,3,21,NA,0,NA,0,NA,0,NA,0,NA,0,NA,NA,0
2015,3,22,NA,0,NA,0,NA,0,NA,0,NA,0,NA,NA,0
2015,3,23,NA,0,NA,0,NA,0,NA,0,NA,0,NA,NA,0
2015,3,24,NA,0,NA,0,NA,0,NA,0,NA,0,NA,NA,0
2015,3,25,NA,0,NA,0,NA,0,NA,0,NA,0,NA,NA,0
2015,3,26,NA,0,NA,0,NA,0,NA,0,NA,0,NA,NA,0
2015,3,27,NA,0,NA,0,NA,0,NA,0,NA,0,NA,NA,0
2015,3,28,NA,0,NA,0,NA,0,NA,0,NA,0,NA,NA,0
2015,3,29,NA,0,NA,0,NA,0,NA,0,NA,0,NA,NA,0
2015,3,30,NA,0,NA,0,NA,0,NA,0,NA,0,NA,NA,0
2015,3,31,NA,0,NA,0,NA,0,NA,0,NA,0,NA,NA,0
2015,4,1,NA,0,NA,0,NA,0,NA,0,NA,0,NA,NA,0
2015,4,2,NA,0,NA,0,NA,0,NA,0,NA,0,NA,NA,0
2015,4,3,NA,0,NA,0,NA,0,NA,0,NA,0,NA,NA,0
2015,4,4,NA,0,NA,0,NA,0,NA,0,NA,0,NA,NA,0
2015,4,5,NA,0,NA,0,NA,0,NA,0,NA,0,NA,NA,0
2015,4,6,NA,0,NA,0,NA,0,NA,0,NA,0,NA,NA,0
2015,4,7,NA,0,NA,0,NA,0,NA,0,NA,0,NA,NA,0
2015,4,8,NA,0,NA,0,NA,0,NA,0,NA,0,NA,NA,0
2015,4,9,NA,0,NA,0,NA,0,NA,0,NA,0,NA,NA,0
2015,4,10,NA,0,NA,0,NA,0,NA,0,NA,0,NA,NA,0
2015,4,11,NA,0,NA,0,NA,0,NA,0,NA,0,NA,NA,0
2015,4,12,NA,0,NA,0,NA,0,NA,0,NA,0,NA,NA,0
2015,4,13,NA,0,NA,0,NA,0,NA,0,NA,0,NA,NA,0
2015,4,14,NA,0,NA,0,NA,0,NA,0,NA,0,NA,NA,0
2015,4,15,NA,0,NA,0,NA,0,NA,0,NA,0,NA,NA,0
2015,4,16,NA,0,NA,0,NA,0,NA,0,NA,0,NA,NA,0
2015,4,17,NA,0,NA,0,NA,0,NA,0,NA,0,NA,NA,0
2015,4,18,NA,0,NA,0,NA,0,NA,0,NA,0,NA,NA,0
2015,4,19,NA,0,NA,0,NA,0,NA,0,NA,0,NA,NA,0
2015,4,20,NA,0,NA,0,NA,0,NA,0,NA,0,NA,NA,0
2015,4,21,NA,0,NA,0,NA,0,NA,0,NA,0,NA,NA,0
2015,4,22,NA,0,NA,0,NA,0,NA,0,NA,0,NA,NA,0
2015,4,23,NA,0,NA,0,NA,0,NA,0,NA,0,NA,NA,0
2015,4,24,NA,0,NA,0,NA,0,NA,0,NA,0,NA,NA,0
2015,4,25,NA,0,NA,0,NA,0,NA,0,NA,0,NA,NA,0
2015,4,26,NA,0,NA,0,NA,0,NA,0,NA,0,NA,NA,0
2015,4,27,NA,0,NA,0,NA,0,NA,0,NA,0,NA,NA,0
2015,4,28,NA,0,NA,0,NA,0,NA,0,NA,0,NA,NA,0
2015,4,29,NA,0,NA,0,NA,0,NA,0,NA,0,NA,NA,0
2015,4,30,NA,0,NA,0,NA,0,NA,0,NA,0,NA,NA,0
2015,5,1,NA,0,NA,0,NA,0,NA,0,NA,0,NA,NA,0
2015,5,2,NA,0,NA,0,NA,0,NA,0,NA,0,NA,NA,0
2015,5,3,NA,0,NA,0,NA,0,NA,0,NA,0,NA,NA,0
2015,5,4,NA,0,NA,0,NA,0,NA,0,NA,0,NA,NA,0
2015,5,5,NA,0,NA,0,NA,0,NA,0,NA,0,NA,NA,0
2015,5,6,NA,0,NA,0,NA,0,NA,0,NA,0,NA,NA,0
2015,5,7,NA,0,NA,0,NA,0,NA,0,NA,0,NA,NA,0
2015,5,8,NA,0,NA,0,NA,0,NA,0,NA,0,NA,NA,0
2015,5,9,NA,0,NA,0,NA,0,NA,0,NA,0,NA,NA,0
2015,5,10,NA,0,NA,0,NA,0,NA,0,NA,0,NA,NA,0
2015,5,11,NA,0,NA,0,NA,0,NA,0,NA,0,NA,NA,0
2015,5,12,NA,0,NA,0,NA,0,NA,0,NA,0,NA,NA,0
2015,5,13,NA,0,NA,0,NA,0,NA,0,NA,0,NA,NA,0
2015,5,14,NA,0,NA,0,NA,0,NA,0,NA,0,NA,NA,0
2015,5,15,NA,0,NA,0,NA,0,NA,0,NA,0,NA,NA,0
2015,5,16,NA,0,NA,0,NA,0,NA,0,NA,0,NA,NA,0
2015,5,17,NA,0,NA,0,NA,0,NA,0,NA,0,NA,NA,0
2015,5,18,NA,0,NA,0,NA,0,NA,0,NA,0,NA,NA,0
2015,5,19,NA,0,NA,0,NA,0,NA,0,NA,0,NA,NA,0
2015,5,20,NA,0,NA,0,NA,0,NA,0,NA,0,NA,NA,0
2015,5,21,NA,0,NA,0,NA,0,NA,0,NA,0,NA,NA,0
2015,5,22,NA,0,NA,0,NA,0,NA,0,NA,0,NA,NA,0
2015,5,23,NA,0,NA,0,NA,0,NA,0,NA,0,NA,NA,0
2015,5,24,NA,0,NA,0,NA,0,NA,0,NA,0,NA,NA,0
2015,5,25,NA,0,NA,0,NA,0,NA,0,NA,0,NA,NA,0
2015,5,26,NA,0,NA,0,NA,0,NA,0,NA,0,NA,NA,0
2015,5,27,NA,0,NA,0,NA,0,NA,0,NA,0,NA,NA,0
2015,5,28,NA,0,NA,0,NA,0,NA,0,NA,0,NA,NA,0
2015,5,29,NA,0,NA,0,NA,0,NA,0,NA,0,NA,NA,0
2015,5,30,NA,0,NA,0,NA,0,NA,0,NA,0,NA,NA,0
2015,5,31,NA,0,NA,0,NA,0,NA,0,NA,0,NA,NA,0
2015,6,1,NA,0,NA,0,NA,0,NA,0,NA,0,NA,NA,0
2015,6,2,NA,0,NA,0,NA,0,NA,0,NA,0,NA,NA,0
2015,6,3,NA,0,NA,0,NA,0,NA,0,NA,0,NA,NA,0
2015,6,4,NA,0,NA,0,NA,0,NA,0,NA,0,NA,NA,0
2015,6,5,NA,0,NA,0,NA,0,NA,0,NA,0,NA,NA,0
2015,6,6,NA,0,NA,0,NA,0,NA,0,NA,0,NA,NA,0
2015,6,7,NA,0,NA,0,NA,0,NA,0,NA,0,NA,NA,0
2015,6,8,NA,0,NA,0,NA,0,NA,0,NA,0,NA,NA,0
2015,6,9,NA,0,NA,0,NA,0,NA,0,NA,0,NA,NA,0
2015,6,10,NA,0,NA,0,NA,0,NA,0,NA,0,NA,NA,0
2015,6,11,NA,0,NA,0,NA,0,NA,0,NA,0,NA,NA,0
2015,6,12,NA,0,NA,0,NA,0,NA,0,NA,0,NA,NA,0
2015,6,13,NA,0,NA,0,NA,0,NA,0,NA,0,NA,NA,0
2015,6,14,NA,0,NA,0,NA,0,NA,0,NA,0,NA,NA,0
2015,6,15,NA,0,NA,0,NA,0,NA,0,NA,0,NA,NA,0
2015,6,16,NA,0,NA,0,NA,0,NA,0,NA,0,NA,NA,0
2015,6,17,NA,0,NA,0,NA,0,NA,0,NA,0,NA,NA,0
2015,6,18,NA,0,NA,0,NA,0,NA,0,NA,0,NA,NA,0
2015,6,19,NA,0,NA,0,NA,0,NA,0,NA,0,NA,NA,0
2015,6,20,NA,0,NA,0,NA,0,NA,0,NA,0,NA,NA,0
2015,6,21,NA,0,NA,0,NA,0,NA,0,NA,0,NA,NA,0
2015,6,22,NA,0,NA,0,NA,0,NA,0,NA,0,NA,NA,0
2015,6,23,NA,0,NA,0,NA,0,NA,0,NA,0,NA,NA,0
2015,6,24,NA,0,NA,0,NA,0,NA,0,NA,0,NA,NA,0
2015,6,25,NA,0,NA,0,NA,0,NA,0,NA,0,NA,NA,0
2015,6,26,NA,0,NA,0,NA,0,NA,0,NA,0,NA,NA,0
2015,6,27,NA,0,NA,0,NA,0,NA,0,NA,0,NA,NA,0
2015,6,28,NA,0,NA,0,NA,0,NA,0,NA,0,NA,NA,0
2015,6,29,NA,0,NA,0,NA,0,NA,0,NA,0,NA,NA,0
2015,6,30,NA,0,NA,0,NA,0,NA,0,NA,0,NA,NA,0
2015,7,1,NA,0,NA,0,NA,0,NA,0,NA,0,NA,NA,0
2015,7,2,NA,0,NA,0,NA,0,NA,0,NA,0,NA,NA,0
2015,7,3,NA,0,NA,0,NA,0,NA,0,NA,0,NA,NA,0
2015,7,4,NA,0,NA,0,NA,0,NA,0,NA,0,NA,NA,0
2015,7,5,NA,0,NA,0,NA,0,NA,0,NA,0,NA,NA,0
2015,7,6,NA,0,NA,0,NA,0,NA,0,NA,0,NA,NA,0
2015,7,7,NA,0,NA,0,NA,0,NA,0,NA,0,NA,NA,0
2015,7,8,NA,0,NA,0,NA,0,NA,0,NA,0,NA,NA,0
2015,7,9,NA,0,NA,0,NA,0,NA,0,NA,0,NA,NA,0
2015,7,10,NA,0,NA,0,NA,0,NA,0,NA,0,NA,NA,0
2015,7,11,NA,0,NA,0,NA,0,NA,0,NA,0,NA,NA,0
2015,7,12,NA,0,NA,0,NA,0,NA,0,NA,0,NA,NA,0
2015,7,13,NA,0,NA,0,NA,0,NA,0,NA,0,NA,NA,0
2015,7,14,NA,0,NA,0,NA,0,NA,0,NA,0,NA,NA,0
2015,7,15,NA,0,NA,0,NA,0,NA,0,NA,0,NA,NA,0
2015,7,16,NA,0,NA,0,NA,0,NA,0,NA,0,NA,NA,0
2015,7,17,NA,0,NA,0,NA,0,NA,0,NA,0,NA,NA,0
2015,7,18,NA,0,NA,0,NA,0,NA,0,NA,0,NA,NA,0
2015,7,19,NA,0,NA,0,NA,0,NA,0,NA,0,NA,NA,0
2015,7,20,NA,0,NA,0,NA,0,NA,0,NA,0,NA,NA,0
2015,7,21,NA,0,NA,0,NA,0,NA,0,NA,0,NA,NA,0
2015,7,22,NA,0,NA,0,NA,0,NA,0,NA,0,NA,NA,0
2015,7,23,NA,0,NA,0,NA,0,NA,0,NA,0,NA,NA,0
2015,7,24,NA,0,NA,0,NA,0,NA,0,NA,0,NA,NA,0
2015,7,25,NA,0,NA,0,NA,0,NA,0,NA,0,NA,NA,0
2015,7,26,NA,0,NA,0,NA,0,NA,0,NA,0,NA,NA,0
2015,7,27,NA,0,NA,0,NA,0,NA,0,NA,0,NA,NA,0
2015,7,28,NA,0,NA,0,NA,0,NA,0,NA,0,NA,NA,0
2015,7,29,NA,0,NA,0,NA,0,NA,0,NA,0,NA,NA,0
2015,7,30,NA,0,NA,0,NA,0,NA,0,NA,0,NA,NA,0
2015,7,31,NA,0,NA,0,NA,0,NA,0,NA,0,NA,NA,0
2015,8,1,NA,0,NA,0,NA,0,NA,0,NA,0,NA,NA,0
2015,8,2,NA,0,NA,0,NA,0,NA,0,NA,0,NA,NA,0
2015,8,3,NA,0,NA,0,NA,0,NA,0,NA,0,NA,NA,0
2015,8,4,NA,0,NA,0,NA,0,NA,0,NA,0,NA,NA,0
2015,8,5,NA,0,NA,0,NA,0,NA,0,NA,0,NA,NA,0
2015,8,6,NA,0,NA,0,NA,0,NA,0,NA,0,NA,NA,0
2015,8,7,NA,0,NA,0,NA,0,NA,0,NA,0,NA,NA,0
2015,8,8,NA,0,NA,0,NA,0,NA,0,NA,0,NA,NA,0
2015,8,9,NA,0,NA,0,NA,0,NA,0,NA,0,NA,NA,0
2015,8,10,NA,0,NA,0,NA,0,NA,0,NA,0,NA,NA,0
2015,8,11,NA,0,NA,0,NA,0,NA,0,NA,0,NA,NA,0
2015,8,12,NA,0,NA,0,NA,0,NA,0,NA,0,NA,NA,0
2015,8,13,NA,0,NA,0,NA,0,NA,0,NA,0,NA,NA,0
2015,8,14,NA,0,NA,0,NA,0,NA,0,NA,0,NA,NA,0
2015,8,15,NA,0,NA,0,NA,0,NA,0,NA,0,NA,NA,0
2015,8,16,NA,0,NA,0,NA,0,NA,0,NA,0,NA,NA,0
2015,8,17,NA,0,NA,0,NA,0,NA,0,NA,0,NA,NA,0
2015,8,18,NA,0,NA,0,NA,0,NA,0,NA,0,NA,NA,0
2015,8,19,NA,0,NA,0,NA,0,NA,0,NA,0,NA,NA,0
2015,8,20,NA,0,NA,0,NA,0,NA,0,NA,0,NA,NA,0
2015,8,21,NA,0,NA,0,NA,0,NA,0,NA,0,NA,NA,0
2015,8,22,NA,0,NA,0,NA,0,NA,0,NA,0,NA,NA,0
2015,8,23,NA,0,NA,0,NA,0,NA,0,NA,0,NA,NA,0
2015,8,24,NA,0,NA,0,NA,0,NA,0,NA,0,NA,NA,0
2015,8,25,NA,0,NA,0,NA,0,NA,0,NA,0,NA,NA,0
2015,8,26,NA,0,NA,0,NA,0,NA,0,NA,0,NA,NA,0
2015,8,27,NA,0,NA,0,NA,0,NA,0,NA,0,NA,NA,0
2015,8,28,NA,0,NA,0,NA,0,NA,0,NA,0,NA,NA,0
2015,8,29,NA,0,NA,0,NA,0,NA,0,NA,0,NA,NA,0
2015,8,30,NA,0,NA,0,NA,0,NA,0,NA,0,NA,NA,0
2015,8,31,NA,0,NA,0,NA,0,NA,0,NA,0,NA,NA,0
2015,9,1,NA,0,NA,0,NA,0,NA,0,NA,0,NA,NA,0
2015,9,2,NA,0,NA,0,NA,0,NA,0,NA,0,NA,NA,0
2015,9,3,NA,0,NA,0,NA,0,NA,0,NA,0,NA,NA,0
2015,9,4,NA,0,NA,0,NA,0,NA,0,NA,0,NA,NA,0
2015,9,5,NA,0,NA,0,NA,0,NA,0,NA,0,NA,NA,0
2015,9,6,NA,0,NA,0,NA,0,NA,0,NA,0,NA,NA,0
2015,9,7,NA,0,NA,0,NA,0,NA,0,NA,0,NA,NA,0
2015,9,8,NA,0,NA,0,NA,0,NA,0,NA,0,NA,NA,0
2015,9,9,NA,0,NA,0,NA,0,NA,0,NA,0,NA,NA,0
2015,9,10,NA,0,NA,0,NA,0,NA,0,NA,0,NA,NA,0
2015,9,11,NA,0,NA,0,NA,0,NA,0,NA,0,NA,NA,0
2015,9,12,NA,0,NA,0,NA,0,NA,0,NA,0,NA,NA,0
2015,9,13,NA,0,NA,0,NA,0,NA,0,NA,0,NA,NA,0
2015,9,14,NA,0,NA,0,NA,0,NA,0,NA,0,NA,NA,0
2015,9,15,NA,0,NA,0,NA,0,NA,0,NA,0,NA,NA,0
2015,9,16,NA,0,NA,0,NA,0,NA,0,NA,0,NA,NA,0
2015,9,17,NA,0,NA,0,NA,0,NA,0,NA,0,NA,NA,0
2015,9,18,NA,0,NA,0,NA,0,NA,0,NA,0,NA,NA,0
2015,9,19,NA,0,NA,0,NA,0,NA,0,NA,0,NA,NA,0
2015,9,20,NA,0,NA,0,NA,0,NA,0,NA,0,NA,NA,0
2015,9,21,NA,0,NA,0,NA,0,NA,0,NA,0,NA,NA,0
2015,9,22,NA,0,NA,0,NA,0,NA,0,NA,0,NA,NA,0
2015,9,23,NA,0,NA,0,NA,0,NA,0,NA,0,NA,NA,0
2015,9,24,NA,0,NA,0,NA,0,NA,0,NA,0,NA,NA,0
2015,9,25,NA,0,NA,0,NA,0,NA,0,NA,0,NA,NA,0
2015,9,26,NA,0,NA,0,NA,0,NA,0,NA,0,NA,NA,0
2015,9,27,NA,0,NA,0,NA,0,NA,0,NA,0,NA,NA,0
2015,9,28,NA,0,NA,0,NA,0,NA,0,NA,0,NA,NA,0
2015,9,29,NA,0,NA,0,NA,0,NA,0,NA,0,NA,NA,0
2015,9,30,NA,0,NA,0,NA,0,NA,0,NA,0,NA,NA,0
2015,10,1,NA,0,NA,0,NA,0,NA,0,NA,0,NA,NA,0
2015,10,2,NA,0,NA,0,NA,0,NA,0,NA,0,NA,NA,0
2015,10,3,NA,0,NA,0,NA,0,NA,0,NA,0,NA,NA,0
2015,10,4,NA,0,NA,0,NA,0,NA,0,NA,0,NA,NA,0
2015,10,5,NA,0,NA,0,NA,0,NA,0,NA,0,NA,NA,0
2015,10,6,NA,0,NA,0,NA,0,NA,0,NA,0,NA,NA,0
2015,10,7,NA,0,NA,0,NA,0,NA,0,NA,0,NA,NA,0
2015,10,8,NA,0,NA,0,NA,0,NA,0,NA,0,NA,NA,0
2015,10,9,NA,0,NA,0,NA,0,NA,0,NA,0,NA,NA,0
2015,10,10,NA,0,NA,0,NA,0,NA,0,NA,0,NA,NA,0
2015,10,11,NA,0,NA,0,NA,0,NA,0,NA,0,NA,NA,0
2015,10,12,NA,0,NA,0,NA,0,NA,0,NA,0,NA,NA,0
2015,10,13,NA,0,NA,0,NA,0,NA,0,NA,0,NA,NA,0
2015,10,14,NA,0,NA,0,NA,0,NA,0,NA,0,NA,NA,0
2015,10,15,NA,0,NA,0,NA,0,NA,0,NA,0,NA,NA,0
2015,10,16,NA,0,NA,0,NA,0,NA,0,NA,0,NA,NA,0
2015,10,17,NA,0,NA,0,NA,0,NA,0,NA,0,NA,NA,0
2015,10,18,NA,0,NA,0,NA,0,NA,0,NA,0,NA,NA,0
2015,10,19,NA,0,NA,0,NA,0,NA,0,NA,0,NA,NA,0
2015,10,20,NA,0,NA,0,NA,0,NA,0,NA,0,NA,NA,0
2015,10,21,NA,0,NA,0,NA,0,NA,0,NA,0,NA,NA,0
2015,10,22,NA,0,NA,0,NA,0,NA,0,NA,0,NA,NA,0
2015,10,23,NA,0,NA,0,NA,0,NA,0,NA,0,NA,NA,0
2015,10,24,NA,0,NA,0,NA,0,NA,0,NA,0,NA,NA,0
2015,10,25,NA,0,NA,0,NA,0,NA,0,NA,0,NA,NA,0
2015,10,26,NA,0,NA,0,NA,0,NA,0,NA,0,NA,NA,0
2015,10,27,NA,0,NA,0,NA,0,NA,0,NA,0,NA,NA,0
2015,10,28,NA,0,NA,0,NA,0,NA,0,NA,0,NA,NA,0
2015,10,29,NA,0,NA,0,NA,0,NA,0,NA,0,NA,NA,0
2015,10,30,NA,0,NA,0,NA,0,NA,0,NA,0,NA,NA,0
2015,10,31,NA,0,NA,0,NA,0,NA,0,NA,0,NA,NA,0
2015,11,1,NA,0,NA,0,NA,0,NA,0,NA,0,NA,NA,0
2015,11,2,NA,0,NA,0,NA,0,NA,0,NA,0,NA,NA,0
2015,11,3,NA,0,NA,0,NA,0,NA,0,NA,0,NA,NA,0
2015,11,4,NA,0,NA,0,NA,0,NA,0,NA,0,NA,NA,0
2015,11,5,NA,0,NA,0,NA,0,NA,0,NA,0,NA,NA,0
2015,11,6,NA,0,NA,0,NA,0,NA,0,NA,0,NA,NA,0
2015,11,7,NA,0,NA,0,NA,0,NA,0,NA,0,NA,NA,0
2015,11,8,NA,0,NA,0,NA,0,NA,0,NA,0,NA,NA,0
2015,11,9,NA,0,NA,0,NA,0,NA,0,NA,0,NA,NA,0
2015,11,10,NA,0,NA,0,NA,0,NA,0,NA,0,NA,NA,0
2015,11,11,NA,0,NA,0,NA,0,NA,0,NA,0,NA,NA,0
2015,11,12,NA,0,NA,0,NA,0,NA,0,NA,0,NA,NA,0
2015,11,13,NA,0,NA,0,NA,0,NA,0,NA,0,NA,NA,0
2015,11,14,NA,0,NA,0,NA,0,NA,0,NA,0,NA,NA,0
2015,11,15,NA,0,NA,0,NA,0,NA,0,NA,0,NA,NA,0
2015,11,16,NA,0,NA,0,NA,0,NA,0,NA,0,NA,NA,0
2015,11,17,NA,0,NA,0,NA,0,NA,0,NA,0,NA,NA,0
2015,11,18,NA,0,NA,0,NA,0,NA,0,NA,0,NA,NA,0
2015,11,19,NA,0,NA,0,NA,0,NA,0,NA,0,NA,NA,0
2015,11,20,NA,0,NA,0,NA,0,NA,0,NA,0,NA,NA,0
2015,11,21,NA,0.5,873,0.75,12.17,0.75,267.33,0.75,63,0.75,12.11,267.05,0.75
2015,11,22,-14.06,0.75,873,1,NA,0.375,245.62,1,59.38,1,NA,NA,0.375
2015,11,23,-12.93,0.875,873,1,7.38,1,235.62,1,73.25,1,7.04,241.64,1
2015,11,24,-13.89,1,873,1,NA,0.375,250.62,1,78.5,1,NA,NA,0.375
2015,11,25,-15.25,1,873,1,NA,0.5,261.38,1,67.88,1,NA,NA,0.5
2015,11,26,-14.35,1,873,1,NA,0.25,267.38,1,72.5,1,NA,NA,0.25
2015,11,27,-12.97,0.75,873,1,NA,0.25,206.62,1,78.13,1,NA,NA,0.25
2015,11,28,-15.13,1,873,1,NA,0.5,279.75,1,68.5,1,NA,NA,0.5
2015,11,29,-14.73,1,873,1,NA,0.375,270.12,1,69.63,1,NA,NA,0.375
2015,11,30,-11.99,1,NA,0.25,NA,0.375,226.5,1,85.5,1,NA,NA,0.375
2015,12,1,-13.4,1,NA,0,NA,0.375,269.38,1,68.75,1,NA,NA,0.375
2015,12,2,NA,0.625,NA,0,NA,0.625,261.38,1,70.63,1,NA,NA,0.625
2015,12,3,NA,0.5,870.13,0.75,NA,0.25,261.88,1,73.13,1,NA,NA,0.25
2015,12,4,-10.39,0.875,870.11,1,12.17,0.75,259,1,61.13,1,12.13,259.28,0.75
2015,12,5,-9.16,0.75,872.29,1,NA,0.375,209.38,1,65.25,1,NA,NA,0.375
2015,12,6,-12.08,0.875,871.84,1,NA,0.375,252.5,1,66.88,1,NA,NA,0.375
2015,12,7,-12.68,0.875,867.15,1,NA,0.25,256.12,1,71.88,1,NA,NA,0.25
2015,12,8,-10.09,0.75,869.26,1,NA,0.375,202.88,1,79.63,1,NA,NA,0.375
2015,12,9,-9.51,1,882.21,1,4.17,0.75,194.38,1,93.5,1,3.17,196.01,0.75
2015,12,10,-10.21,0.75,886.71,1,3.14,0.875,207.25,1,84.25,1,2,260.52,0.875
2015,12,11,-11.95,1,891.7,1,NA,0.5,246.38,1,82.13,1,NA,NA,0.5
2015,12,12,-10.83,0.875,892.65,1,NA,0.5,257.12,1,76.25,1,NA,NA,0.5
2015,12,13,-9.47,1,894.88,1,NA,0.625,255.75,1,79.5,1,NA,NA,0.625
2015,12,14,-6.92,1,889.64,1,NA,0.25,260.75,1,79.63,1,NA,NA,0.25
2015,12,15,-8.51,1,880.09,1,27.12,1,252.38,1,82.25,1,27.1,252.31,1
2015,12,16,-11.33,1,869.71,1,NA,0.25,235.25,1,85,1,NA,NA,0.25
2015,12,17,-9.98,0.75,861.84,1,NA,0.25,248.75,1,78.5,1,NA,NA,0.25
2015,12,18,-10.61,0.875,863.57,1,NA,0.5,182.38,1,77.88,1,NA,NA,0.5
2015,12,19,-11.8,1,864.96,1,15.67,0.75,261.5,1,67.38,1,15.63,261.92,0.75
2015,12,20,-10.66,0.875,870.41,1,NA,0.625,252.88,1,76.5,1,NA,NA,0.625
2015,12,21,-11.64,1,873.92,1,11.83,0.75,260,1,68.38,1,11.69,258.2,0.75
2015,12,22,-10.82,0.875,874.64,1,NA,0.5,207.75,1,80.5,1,NA,NA,0.5
2015,12,23,-10.94,1,883.65,1,10,0.75,171.25,1,89.88,1,9.91,168.62,0.75
2015,12,24,-12.29,0.75,885.28,1,NA,0.5,238.12,1,73.5,1,NA,NA,0.5
2015,12,25,-12.46,1,875.66,1,NA,0.625,266.25,1,70,1,NA,NA,0.625
2015,12,26,NA,0.625,874.95,1,NA,0.25,203.5,1,80.25,1,NA,NA,0.25
2015,12,27,-12.6,1,876.73,1,NA,0.25,233.25,1,85.13,1,NA,NA,0.25
2015,12,28,-12.25,1,871.35,1,NA,0.375,254.38,1,83.88,1,NA,NA,0.375
2015,12,29,-11.49,1,869.99,1,NA,0.625,253.5,1,76.5,1,NA,NA,0.625
2015,12,30,-10.2,1,874.91,1,NA,0.25,234.25,1,73.63,1,NA,NA,0.25
2015,12,31,NA,0.625,877.23,1,NA,0.5,232,1,77,1,NA,NA,0.5
2016,1,1,-12.59,1,869.48,1,NA,0.375,246.75,1,70.75,1,NA,NA,0.375
2016,1,2,NA,0.625,867.87,1,NA,0.5,220.5,1,67,1,NA,NA,0.5
2016,1,3,-11.13,0.875,869.46,1,11.29,0.875,268.5,1,66.88,1,10.6,268.87,0.875
2016,1,4,-10.04,0.75,869.57,1,NA,0.375,233.88,1,83.13,1,NA,NA,0.375
2016,1,5,-11.97,1,871.72,1,8.33,0.75,256.62,1,72,1,8.01,263.06,0.75
2016,1,6,-12.23,0.875,868.69,1,10.67,0.75,274.88,1,70.13,1,10.27,275.07,0.75
2016,1,7,-11.36,0.875,870.59,1,NA,0.625,229.62,1,74.75,1,NA,NA,0.625
2016,1,8,NA,0.625,871.94,1,NA,0.375,199,1,70.5,1,NA,NA,0.375
2016,1,9,-12.3,0.75,874.19,1,5.83,0.75,209,1,77.5,1,4.91,238.29,0.75
2016,1,10,-10.2,1,876.96,1,NA,0.375,164.88,1,90.75,1,NA,NA,0.375
2016,1,11,-8.43,1,882.85,1,NA,0.25,207.62,1,86.25,1,NA,NA,0.25
2016,1,12,-9,1,880.36,1,8.33,0.75,261,1,70.25,1,8.31,260.04,0.75
2016,1,13,-10.55,0.75,873.7,1,NA,0.25,269.5,1,70.63,1,NA,NA,0.25
2016,1,14,-8.33,0.75,869.39,1,NA,0.5,264.12,1,72,1,NA,NA,0.5
2016,1,15,-7.76,1,870.3,1,6.12,1,254.5,1,75,1,5.88,258.33,1
2016,1,16,-8.25,0.875,869.69,1,7.67,0.75,248.5,1,70.25,1,7.54,259.25,0.75
2016,1,17,-7.86,0.875,868.54,1,9.75,1,259,1,69.63,1,9.72,258.96,1
2016,1,18,-7.29,0.875,868.5,1,NA,0.5,220,1,76.5,1,NA,NA,0.5
2016,1,19,-10.65,1,866.13,1,NA,0.625,253,1,74.75,1,NA,NA,0.625
2016,1,20,-7.67,0.875,868.55,1,6.33,0.75,191,1,86.13,1,2.94,212.16,0.75
2016,1,21,-7.62,1,870.17,1,NA,0.625,100.62,1,95,1,NA,NA,0.625
2016,1,22,-8.63,1,870.5,1,NA,0.25,191.12,1,89,1,NA,NA,0.25
2016,1,23,-10.25,0.75,862.83,1,18.29,0.875,271,1,73.63,1,17.51,274.6,0.875
2016,1,24,-8.66,0.75,860.82,1,NA,0.5,211.38,1,81.13,1,NA,NA,0.5
2016,1,25,-10.35,0.75,869,1,7.43,0.875,197.5,1,85.63,1,5.08,229.71,0.875
2016,1,26,NA,0.5,874.46,1,11.14,0.875,277.75,1,72.25,1,10.6,278.25,0.875
2016,1,27,NA,0.5,871.29,1,NA,0.25,285,1,71.13,1,NA,NA,0.25
2016,1,28,NA,0.5,870.69,1,NA,0,253.62,1,67.75,1,NA,NA,0
2016,1,29,-11.02,0.875,870.47,1,NA,0.375,153,1,86.13,1,NA,NA,0.375
2016,1,30,-14.14,1,864.48,1,NA,0.5,262.88,1,72.25,1,NA,NA,0.5
2016,1,31,-13.63,0.875,859.14,1,NA,0.25,238.75,1,75.25,1,NA,NA,0.25
2016,2,1,-16.21,1,858.08,1,NA,0.375,260.88,1,77.13,1,NA,NA,0.375
2016,2,2,-17.36,0.875,858.1,1,NA,0.375,287.5,1,72.63,1,NA,NA,0.375
2016,2,3,-16.11,0.75,866.39,1,NA,0.25,281.62,1,72.5,1,NA,NA,0.25
2016,2,4,-11.48,0.75,870.17,1,NA,0.25,249.25,1,74.88,1,NA,NA,0.25
2016,2,5,-16.42,0.75,866.27,1,NA,0.625,260.62,1,71.38,1,NA,NA,0.625
2016,2,6,-17.44,1,867.84,1,NA,0.625,269.12,1,68.13,1,NA,NA,0.625
2016,2,7,NA,0.5,870.02,1,NA,0.375,265.62,1,70,1,NA,NA,0.375
2016,2,8,-20.12,0.875,867.82,1,NA,0.5,269,1,71.5,1,NA,NA,0.5
2016,2,9,-20.36,1,868.59,1,NA,0.5,264.12,1,66.38,1,NA,NA,0.5
2016,2,10,-17.38,0.75,869.77,1,19.17,0.75,265.88,1,63.88,1,19.11,266.03,0.75
2016,2,11,NA,0.375,868.78,1,NA,0.125,276.38,1,67.5,1,NA,NA,0.125
2016,2,12,-21.82,1,872.25,1,NA,0.625,264,1,74.38,1,NA,NA,0.625
2016,2,13,NA,0.5,880.45,1,NA,0.25,253.75,1,79,1,NA,NA,0.25
2016,2,14,-19.73,1,881.05,1,NA,0.5,259,1,76.38,1,NA,NA,0.5
2016,2,15,-19.79,1,876.47,1,NA,0.625,260.5,1,79.88,1,NA,NA,0.625
2016,2,16,-19.48,1,871.62,1,NA,0.625,254,1,82,1,NA,NA,0.625
2016,2,17,-22.35,1,865.51,1,NA,0.125,252.25,1,80.38,1,NA,NA,0.125
2016,2,18,-24.22,1,858.47,1,NA,0.625,261.88,1,71.38,1,NA,NA,0.625
2016,2,19,-26.83,1,859.33,1,NA,0.5,269.75,1,73.63,1,NA,NA,0.5
2016,2,20,-26.21,1,868.08,1,NA,0.5,269.5,1,72.25,1,NA,NA,0.5
2016,2,21,-25.8,0.75,878.15,1,22.67,0.75,259.88,1,71.5,1,22.61,260.09,0.75
2016,2,22,-24.92,1,875.06,1,NA,0.375,262.5,1,69.5,1,NA,NA,0.375
2016,2,23,-21,0.875,870.66,1,16.86,0.875,262.62,1,62.13,1,16.85,262.43,0.875
2016,2,24,-19.73,0.75,871.92,1,NA,0.5,264,1,64.5,1,NA,NA,0.5
2016,2,25,-19.48,1,868.49,1,NA,0.5,276.25,1,75.5,1,NA,NA,0.5
2016,2,26,NA,0.625,867.8,1,NA,0.125,289,1,73.13,1,NA,NA,0.125
2016,2,27,-15.59,0.75,881.04,1,NA,0.625,157.38,1,81.88,1,NA,NA,0.625
2016,2,28,-18.68,1,884.17,1,NA,0.375,227.5,1,85,1,NA,NA,0.375
2016,2,29,-21.36,0.75,878.38,1,NA,0.125,267.38,1,80.25,1,NA,NA,0.125
2016,3,1,-27.94,0.875,876.51,0.875,NA,0.625,266.86,0.875,76.29,0.875,NA,NA,0.625
2016,3,2,NA,0,NA,0,NA,0,NA,0,NA,0,NA,NA,0
2016,3,3,NA,0,NA,0,NA,0,NA,0,NA,0,NA,NA,0
2016,3,4,NA,0,NA,0,NA,0,NA,0,NA,0,NA,NA,0
2016,3,5,NA,0,NA,0,NA,0,NA,0,NA,0,NA,NA,0
2016,3,6,NA,0,NA,0,NA,0,NA,0,NA,0,NA,NA,0
2016,3,7,NA,0,NA,0,NA,0,NA,0,NA,0,NA,NA,0
2016,3,8,NA,0,NA,0,NA,0,NA,0,NA,0,NA,NA,0
2016,3,9,NA,0,NA,0,NA,0,NA,0,NA,0,NA,NA,0
2016,3,10,NA,0,NA,0,NA,0,NA,0,NA,0,NA,NA,0
2016,3,11,-32.21,1,863.87,1,NA,0.5,267.12,1,71.25,1,NA,NA,0.5
2016,3,12,-30.71,0.75,863.86,1,NA,0.375,267.12,1,72.88,1,NA,NA,0.375
2016,3,13,NA,0,NA,0,NA,0,NA,0,NA,0,NA,NA,0
2016,3,14,NA,0.125,NA,0.125,NA,0.125,NA,0.125,NA,0.125,NA,NA,0.125
2016,3,15,NA,0,NA,0,NA,0,NA,0,NA,0,NA,NA,0
2016,3,16,NA,0,NA,0,NA,0,NA,0,NA,0,NA,NA,0
2016,3,17,NA,0,NA,0,NA,0,NA,0,NA,0,NA,NA,0
2016,3,18,NA,0,NA,0,NA,0,NA,0,NA,0,NA,NA,0
2016,3,19,NA,0,NA,0,NA,0,NA,0,NA,0,NA,NA,0
2016,3,20,NA,0.375,NA,0.375,NA,0.375,NA,0.375,NA,0.375,NA,NA,0.375
2016,3,21,NA,0.25,NA,0.25,NA,0.375,NA,0.375,NA,0.25,NA,NA,0.375
2016,3,22,NA,0.375,NA,0.375,NA,0.375,NA,0.375,NA,0.375,NA,NA,0.375
2016,3,23,NA,0,NA,0,NA,0,NA,0,NA,0,NA,NA,0
2016,3,24,NA,0.625,NA,0.625,NA,0.5,NA,0.625,NA,0.625,NA,NA,0.5
2016,3,25,-28.41,1,866.27,1,NA,0.375,258.5,1,69.38,1,NA,NA,0.375
2016,3,26,-29.85,1,862.6,1,NA,0.625,258.62,1,68.13,1,NA,NA,0.625
2016,3,27,-32.11,1,861.93,1,NA,0.625,259.88,1,61.88,1,NA,NA,0.625
2016,3,28,-34.29,0.75,865.3,0.75,NA,0.375,259.43,0.875,65.83,0.75,NA,NA,0.375
2016,3,29,NA,0.5,NA,0.5,NA,0.125,NA,0.5,NA,0.5,NA,NA,0.125
2016,3,30,NA,0.25,NA,0.25,NA,0.25,NA,0.25,NA,0.25,NA,NA,0.25
2016,3,31,NA,0.375,NA,0.25,NA,0.125,NA,0.375,NA,0.375,NA,NA,0.125
2016,4,1,NA,0.25,NA,0.25,NA,0.125,NA,0.25,NA,0.25,NA,NA,0.125
2016,4,2,NA,0.25,NA,0.25,NA,0.125,NA,0.25,NA,0.25,NA,NA,0.125
2016,4,3,-36.86,1,870.08,1,NA,0.25,258.38,1,65.25,1,NA,NA,0.25
2016,4,4,-40.8,1,870,1,NA,0.375,NA,0.625,58.75,1,NA,NA,0.25
2016,4,5,-41.95,0.75,863.6,0.75,NA,0.25,264,0.75,59.17,0.75,NA,NA,0.25
2016,4,6,-36.03,1,861.01,1,NA,0.375,260.25,1,66.13,1,NA,NA,0.375
2016,4,7,-38.75,0.875,850.41,0.875,NA,0,267,0.875,63.43,0.875,NA,NA,0
2016,4,8,NA,0,NA,0,NA,0,NA,0,NA,0,NA,NA,0
2016,4,9,NA,0,NA,0,NA,0,NA,0,NA,0,NA,NA,0
2016,4,10,NA,0,NA,0,NA,0,NA,0,NA,0,NA,NA,0
2016,4,11,NA,0,NA,0,NA,0,NA,0,NA,0,NA,NA,0
2016,4,12,-43.06,0.875,850.37,1,NA,0.375,267,1,58.75,1,NA,NA,0.375
2016,4,13,-33.69,0.875,860.54,1,10.62,1,250.62,1,68.88,1,10.59,250.71,1
2016,4,14,-37.22,0.875,865.32,0.875,NA,0.25,260.57,0.875,65,0.875,NA,NA,0.25
2016,4,15,NA,0.125,NA,0.125,NA,0.125,NA,0.125,NA,0.125,NA,NA,0.125
2016,4,16,-41.46,1,870.61,1,NA,0.25,275.12,1,60,1,NA,NA,0.25
2016,4,17,-38.32,1,870.58,1,21.71,0.875,261.12,1,63.5,1,21.68,260.72,0.875
2016,4,18,-34.94,1,867.11,1,NA,0.625,265.5,1,66.63,1,NA,NA,0.625
2016,4,19,-24.8,0.875,872.11,1,19,0.75,262,1,78.5,1,18.95,260.96,0.75
2016,4,20,-25.33,1,880.18,1,NA,0.25,NA,0.625,78.5,1,NA,NA,0.25
2016,4,21,-27.94,1,884.48,1,18.5,0.75,269.75,1,74.5,1,18.39,270.6,0.75
2016,4,22,-32.87,1,883.89,1,24.17,0.75,273.75,1,70.38,1,24.03,275.21,0.75
2016,4,23,-34.82,1,877.26,1,NA,0.375,267.88,1,68,1,NA,NA,0.375
2016,4,24,-34.52,1,874.67,1,23.57,0.875,264.12,1,68,1,23.54,263.99,0.875
2016,4,25,-31.87,1,877.4,1,24.17,0.75,262.62,1,69.75,1,24.12,261.6,0.75
2016,4,26,-34.14,1,867.51,1,NA,0.5,264.88,1,68.38,1,NA,NA,0.5
2016,4,27,-33.54,1,869.71,1,NA,0.5,265.38,1,69.75,1,NA,NA,0.5
2016,4,28,-40.41,1,866.2,1,NA,0.125,262.25,1,61.5,1,NA,NA,0.125
2016,4,29,-40.22,0.875,869.16,0.875,NA,0.25,262.5,1,61.57,0.875,NA,NA,0.25
2016,4,30,NA,0.625,NA,0.625,NA,0.125,NA,0.625,NA,0.625,NA,NA,0.125
2016,5,1,NA,0.375,NA,0.25,NA,0.125,NA,0.5,NA,0.375,NA,NA,0.125
2016,5,2,NA,0.125,NA,0.125,NA,0.125,NA,0.125,NA,0.125,NA,NA,0.125
2016,5,3,-26.98,1,881.34,1,48,0.75,248.5,1,56.25,1,47.97,248.35,0.75
2016,5,4,-24.65,1,879.24,1,NA,0.5,248.12,1,53.5,1,NA,NA,0.5
2016,5,5,-27.09,1,860.57,1,NA,0.375,258.88,1,59.13,1,NA,NA,0.375
2016,5,6,NA,0.125,NA,0.25,NA,0,NA,0.25,NA,0.25,NA,NA,0
2016,5,7,NA,0,NA,0,NA,0,NA,0,NA,0,NA,NA,0
2016,5,8,NA,0,NA,0,NA,0,NA,0,NA,0,NA,NA,0
2016,5,9,NA,0,NA,0,NA,0,NA,0,NA,0,NA,NA,0
2016,5,10,NA,0,NA,0,NA,0,NA,0,NA,0,NA,NA,0
2016,5,11,NA,0,NA,0,NA,0,NA,0,NA,0,NA,NA,0
2016,5,12,NA,0,NA,0,NA,0,NA,0,NA,0,NA,NA,0
2016,5,13,NA,0,NA,0,NA,0,NA,0,NA,0,NA,NA,0
2016,5,14,NA,0,NA,0,NA,0,NA,0,NA,0,NA,NA,0
2016,5,15,NA,0,NA,0,NA,0,NA,0,NA,0,NA,NA,0
2016,5,16,NA,0,NA,0,NA,0,NA,0,NA,0,NA,NA,0
2016,5,17,NA,0.5,NA,0.5,NA,0.375,NA,0.5,NA,0.5,NA,NA,0.375
2016,5,18,-40.84,0.875,873.25,0.875,37.33,0.75,259.57,0.875,60.57,0.875,37.3,260.1,0.75
2016,5,19,NA,0.5,NA,0.5,NA,0.125,NA,0.5,NA,0.5,NA,NA,0.125
2016,5,20,NA,0.625,NA,0.625,NA,0.5,NA,0.625,NA,0.625,NA,NA,0.5
2016,5,21,-39.07,0.75,866.11,1,NA,0,278.12,1,64.13,1,NA,NA,0
2016,5,22,NA,0.375,867.12,0.75,NA,0,263,0.875,65.83,0.75,NA,NA,0
2016,5,23,NA,0.125,NA,0.125,NA,0.125,NA,0.125,NA,0.125,NA,NA,0.125
2016,5,24,NA,0.625,867.2,0.75,NA,0.375,257.33,0.75,72.67,0.75,NA,NA,0.375
2016,5,25,NA,0.5,865.28,0.75,NA,0.125,267.17,0.75,69.33,0.75,NA,NA,0.125
2016,5,26,-25.49,1,868.09,1,NA,0.375,248.88,1,77.5,1,NA,NA,0.375
2016,5,27,-27.12,1,864.85,1,NA,0.25,266,1,67.25,1,NA,NA,0.25
2016,5,28,-34.14,1,856.51,1,NA,0.375,262.88,1,58.5,1,NA,NA,0.375
2016,5,29,-34.92,1,858.08,1,NA,0.5,269.12,1,61,1,NA,NA,0.5
2016,5,30,-41.02,1,867.47,1,NA,0.125,290.62,1,60.63,1,NA,NA,0.125
2016,5,31,NA,0.375,NA,0.375,NA,0.125,NA,0.375,NA,0.375,NA,NA,0.125
2016,6,1,NA,0,NA,0,NA,0,NA,0,NA,0,NA,NA,0
2016,6,2,NA,0,NA,0,NA,0,NA,0,NA,0,NA,NA,0
2016,6,3,NA,0,NA,0,NA,0,NA,0,NA,0,NA,NA,0
2016,6,4,NA,0.375,NA,0.375,NA,0.125,NA,0.375,NA,0.375,NA,NA,0.125
2016,6,5,NA,0.375,NA,0.375,NA,0,NA,0.375,NA,0.375,NA,NA,0
2016,6,6,NA,0.375,NA,0.375,NA,0.25,NA,0.375,NA,0.375,NA,NA,0.25
2016,6,7,NA,0.125,NA,0.125,NA,0.125,NA,0.125,NA,0.125,NA,NA,0.125
2016,6,8,NA,0,NA,0,NA,0,NA,0,NA,0,NA,NA,0
2016,6,9,NA,0,NA,0,NA,0,NA,0,NA,0,NA,NA,0
2016,6,10,NA,0,NA,0,NA,0,NA,0,NA,0,NA,NA,0
2016,6,11,-43.34,0.875,853.82,0.875,NA,0.125,256,1,57.14,0.875,NA,NA,0.125
2016,6,12,-37.95,1,863.13,1,NA,0.5,245.75,1,63.75,1,NA,NA,0.5
2016,6,13,-36.54,1,869.78,1,13.83,0.75,256.62,1,65.5,1,13.75,258.02,0.75
2016,6,14,-35.05,0.875,862.38,0.875,NA,0.125,262,0.875,67.71,0.875,NA,NA,0.125
2016,6,15,NA,0.125,NA,0.125,NA,0.125,NA,0.125,NA,0.125,NA,NA,0.125
2016,6,16,-47.71,0.875,866.97,0.875,NA,0.5,262.57,0.875,52.29,0.875,NA,NA,0.5
2016,6,17,-44.91,0.75,870.57,0.75,NA,0.5,261.67,0.75,55.17,0.75,NA,NA,0.5
2016,6,18,NA,0,NA,0,NA,0,NA,0,NA,0,NA,NA,0
2016,6,19,NA,0,NA,0,NA,0,NA,0,NA,0,NA,NA,0
2016,6,20,NA,0,NA,0,NA,0,NA,0,NA,0,NA,NA,0
2016,6,21,NA,0,NA,0,NA,0,NA,0,NA,0,NA,NA,0
2016,6,22,-30.35,0.875,883.3,0.875,NA,0.5,262,0.875,51.29,0.875,NA,NA,0.5
2016,6,23,-19.95,1,882.9,1,NA,0.125,258.38,1,77,1,NA,NA,0.125
2016,6,24,-23.13,0.75,873.02,1,NA,0.125,171.12,1,80.88,1,NA,NA,0.125
2016,6,25,NA,0,NA,0,NA,0,NA,0,NA,0,NA,NA,0
2016,6,26,NA,0.5,NA,0.5,NA,0.375,NA,0.5,NA,0.5,NA,NA,0.375
2016,6,27,-39.1,1,850.3,1,22.86,0.875,267.5,1,63.13,1,22.83,266.42,0.875
2016,6,28,-38.58,1,859.14,1,19.33,0.75,266.5,1,63.63,1,19.3,264.77,0.75
2016,6,29,NA,0.625,NA,0.625,NA,0.125,261.83,0.75,NA,0.625,NA,NA,0.125
2016,6,30,-40.64,1,862.19,1,NA,0.375,265.38,1,60.88,1,NA,NA,0.375
2016,7,1,-37.75,0.75,862.8,0.75,NA,0,277.67,0.75,64.5,0.75,NA,NA,0
2016,7,2,NA,0,NA,0,NA,0.125,NA,0.125,NA,0,NA,NA,0.125
2016,7,3,NA,0,NA,0,NA,0,NA,0,NA,0,NA,NA,0
2016,7,4,-39.01,0.75,859.72,0.75,NA,0.375,219.57,0.875,63,0.75,NA,NA,0.375
2016,7,5,-41.91,1,863.26,1,NA,0.625,NA,0.625,59.5,1,NA,NA,0.375
2016,7,6,-42.33,1,860.41,1,25.5,0.75,265.88,1,58.88,1,25.5,266.16,0.75
2016,7,7,-38.76,1,859.91,1,NA,0.625,264.5,1,62.5,1,NA,NA,0.625
2016,7,8,-34.35,1,866.6,1,12,0.875,260,1,68.38,1,11.96,260.76,0.875
2016,7,9,-38.48,1,866.81,1,NA,0.5,265.38,1,63.63,1,NA,NA,0.5
2016,7,10,-36.55,1,871.88,1,22.83,0.75,263.25,1,65.88,1,22.82,262.84,0.75
2016,7,11,-34.81,1,874.99,1,NA,0.25,277.88,1,68,1,NA,NA,0.25
2016,7,12,NA,0.375,NA,0.375,NA,0.375,NA,0.5,NA,0.375,NA,NA,0.375
2016,7,13,NA,0.125,NA,0.125,NA,0.125,NA,0.125,NA,0.125,NA,NA,0.125
2016,7,14,NA,0.625,NA,0.625,NA,0.25,NA,0.625,65.83,0.75,NA,NA,0.25
2016,7,15,-30.71,1,877.82,1,NA,0.625,259.12,1,72.25,1,NA,NA,0.625
2016,7,16,-32.96,1,872.28,1,NA,0.625,264.88,1,70.25,1,NA,NA,0.625
2016,7,17,-32.42,0.75,868.89,0.75,NA,0.375,262.33,0.75,70.67,0.75,NA,NA,0.375
2016,7,18,NA,0.625,NA,0.625,NA,0.375,NA,0.625,NA,0.625,NA,NA,0.375
2016,7,19,-30.07,1,871.23,1,NA,0.375,256.38,1,65.88,1,NA,NA,0.375
2016,7,20,-33.45,0.875,868.36,0.875,26.17,0.75,256.14,0.875,64.29,0.875,26.15,256.36,0.75
2016,7,21,NA,0,NA,0,NA,0,NA,0,NA,0,NA,NA,0
2016,7,22,NA,0.125,NA,0.125,NA,0.125,NA,0.125,NA,0.125,NA,NA,0.125
2016,7,23,NA,0.125,NA,0.125,NA,0.125,NA,0.125,NA,0.125,NA,NA,0.125
2016,7,24,-30.86,0.875,872.75,0.75,NA,0.5,258.43,0.875,72,0.875,NA,NA,0.5
2016,7,25,NA,0.5,NA,0.5,NA,0.375,NA,0.5,NA,0.5,NA,NA,0.375
2016,7,26,NA,0,NA,0,NA,0,NA,0,NA,0,NA,NA,0
2016,7,27,NA,0,NA,0,NA,0,NA,0,NA,0,NA,NA,0
2016,7,28,NA,0.5,NA,0.5,NA,0.375,NA,0.5,NA,0.5,NA,NA,0.375
2016,7,29,NA,0.125,NA,0.125,NA,0.125,NA,0.125,NA,0.125,NA,NA,0.125
2016,7,30,NA,0,NA,0,NA,0,NA,0,NA,0,NA,NA,0
2016,7,31,NA,0.625,NA,0.625,NA,0.125,NA,0.625,NA,0.625,NA,NA,0.125
2016,8,1,NA,0.125,NA,0.125,NA,0,NA,0.125,NA,0.125,NA,NA,0
2016,8,2,NA,0,NA,0,NA,0,NA,0,NA,0,NA,NA,0
2016,8,3,NA,0,NA,0,NA,0,NA,0,NA,0,NA,NA,0
2016,8,4,NA,0,NA,0,NA,0,NA,0,NA,0,NA,NA,0
2016,8,5,NA,0,NA,0,NA,0,NA,0,NA,0,NA,NA,0
2016,8,6,NA,0,NA,0,NA,0,NA,0,NA,0,NA,NA,0
2016,8,7,NA,0.125,NA,0.125,NA,0.125,NA,0.125,NA,0.125,NA,NA,0.125
2016,8,8,NA,0,NA,0,NA,0,NA,0,NA,0,NA,NA,0
2016,8,9,NA,0,NA,0,NA,0,NA,0,NA,0,NA,NA,0
2016,8,10,NA,0,NA,0,NA,0,NA,0,NA,0,NA,NA,0
2016,8,11,NA,0,NA,0,NA,0,NA,0,NA,0,NA,NA,0
2016,8,12,NA,0,NA,0,NA,0,NA,0,NA,0,NA,NA,0
2016,8,13,NA,0,NA,0,NA,0,NA,0,NA,0,NA,NA,0
2016,8,14,NA,0,NA,0,NA,0,NA,0,NA,0,NA,NA,0
2016,8,15,NA,0,NA,0,NA,0,NA,0,NA,0,NA,NA,0
2016,8,16,NA,0,NA,0,NA,0,NA,0,NA,0,NA,NA,0
2016,8,17,NA,0,NA,0,NA,0,NA,0,NA,0,NA,NA,0
2016,8,18,NA,0,NA,0,NA,0,NA,0,NA,0,NA,NA,0
2016,8,19,NA,0,NA,0,NA,0,NA,0,NA,0,NA,NA,0
2016,8,20,NA,0,NA,0,NA,0,NA,0,NA,0,NA,NA,0
2016,8,21,NA,0,NA,0,NA,0,NA,0,NA,0,NA,NA,0
2016,8,22,NA,0.125,NA,0.125,NA,0,NA,0.125,NA,0.125,NA,NA,0
2016,8,23,NA,0,NA,0,NA,0,NA,0,NA,0,NA,NA,0
2016,8,24,NA,0,NA,0,NA,0,NA,0,NA,0,NA,NA,0
2016,8,25,NA,0,NA,0,NA,0,NA,0,NA,0,NA,NA,0
2016,8,26,NA,0,NA,0,NA,0,NA,0,NA,0,NA,NA,0
2016,8,27,NA,0,NA,0,NA,0,NA,0,NA,0,NA,NA,0
2016,8,28,NA,0,NA,0,NA,0,NA,0,NA,0,NA,NA,0
2016,8,29,NA,0,NA,0,NA,0,NA,0,NA,0,NA,NA,0
2016,8,30,NA,0,NA,0,NA,0,NA,0,NA,0,NA,NA,0
2016,8,31,NA,0,NA,0,NA,0,NA,0,NA,0,NA,NA,0
2016,9,1,NA,0.125,NA,0.125,NA,0.125,NA,0.125,NA,0.125,NA,NA,0.125
2016,9,2,NA,0.25,NA,0.25,NA,0.25,NA,0.375,NA,0.25,NA,NA,0.25
2016,9,3,-37.22,0.75,855.11,0.75,NA,0.375,260.67,0.75,65,0.75,NA,NA,0.375
2016,9,4,-34.59,1,853.55,1,NA,0.375,261.25,1,67.38,1,NA,NA,0.375
2016,9,5,NA,0,NA,0,NA,0,NA,0,NA,0,NA,NA,0
2016,9,6,NA,0,NA,0,NA,0,NA,0,NA,0,NA,NA,0
2016,9,7,NA,0.375,NA,0.375,NA,0.125,NA,0.375,NA,0.375,NA,NA,0.125
2016,9,8,NA,0,NA,0,NA,0,NA,0,NA,0,NA,NA,0
2016,9,9,NA,0,NA,0,NA,0,NA,0,NA,0,NA,NA,0
2016,9,10,NA,0,NA,0,NA,0,NA,0,NA,0,NA,NA,0
2016,9,11,NA,0.125,NA,0.125,NA,0.125,NA,0.125,NA,0.125,NA,NA,0.125
2016,9,12,-41.06,1,845.17,1,NA,0.375,258,1,60.5,1,NA,NA,0.375
2016,9,13,-42.37,1,839.48,1,NA,0.25,259.88,1,58.88,1,NA,NA,0.25
2016,9,14,-38.61,1,835.45,1,NA,0.375,264.62,1,63,1,NA,NA,0.375
2016,9,15,-31.63,1,853.93,1,NA,0.375,264.62,1,69.13,1,NA,NA,0.375
2016,9,16,-33.11,1,862.67,1,NA,0.375,262.75,1,68.13,1,NA,NA,0.375
2016,9,17,NA,0.625,NA,0.625,NA,0,NA,0.625,NA,0.625,NA,NA,0
2016,9,18,NA,0,NA,0,NA,0,NA,0,NA,0,NA,NA,0
2016,9,19,NA,0.375,NA,0.375,NA,0.375,NA,0.375,NA,0.375,NA,NA,0.375
2016,9,20,-32.59,0.75,864.56,1,NA,0.375,192.25,1,70.13,1,NA,NA,0.375
2016,9,21,-28.41,0.75,871.68,1,NA,0.125,262.75,1,74.38,1,NA,NA,0.125
2016,9,22,-27.79,0.75,861.03,1,NA,0.625,242.88,1,76.25,1,NA,NA,0.625
2016,9,23,NA,0.5,NA,0.5,NA,0.125,NA,0.5,NA,0.5,NA,NA,0.125
2016,9,24,NA,0,NA,0,NA,0,NA,0,NA,0,NA,NA,0
2016,9,25,NA,0,NA,0,NA,0,NA,0,NA,0,NA,NA,0
2016,9,26,NA,0,NA,0,NA,0,NA,0,NA,0,NA,NA,0
2016,9,27,NA,0,NA,0,NA,0,NA,0,NA,0,NA,NA,0
2016,9,28,NA,0,NA,0,NA,0,NA,0,NA,0,NA,NA,0
2016,9,29,NA,0,NA,0,NA,0,NA,0,NA,0,NA,NA,0
2016,9,30,NA,0,NA,0,NA,0,NA,0,NA,0,NA,NA,0
2016,10,1,NA,0,NA,0,NA,0,NA,0,NA,0,NA,NA,0
2016,10,2,NA,0,NA,0,NA,0,NA,0,NA,0,NA,NA,0
2016,10,3,NA,0,NA,0,NA,0,NA,0,NA,0,NA,NA,0
2016,10,4,NA,0,NA,0,NA,0,NA,0,NA,0,NA,NA,0
2016,10,5,NA,0,NA,0,NA,0,NA,0,NA,0,NA,NA,0
2016,10,6,NA,0,NA,0,NA,0,NA,0,NA,0,NA,NA,0
2016,10,7,NA,0,NA,0,NA,0,NA,0,NA,0,NA,NA,0
2016,10,8,NA,0,NA,0,NA,0,NA,0,NA,0,NA,NA,0
2016,10,9,NA,0,NA,0,NA,0,NA,0,NA,0,NA,NA,0
2016,10,10,NA,0,NA,0,NA,0,NA,0,NA,0,NA,NA,0
2016,10,11,NA,0,NA,0,NA,0,NA,0,NA,0,NA,NA,0
2016,10,12,NA,0,NA,0,NA,0,NA,0,NA,0,NA,NA,0
2016,10,13,NA,0,NA,0,NA,0,NA,0,NA,0,NA,NA,0
2016,10,14,NA,0,NA,0,NA,0,NA,0,NA,0,NA,NA,0
2016,10,15,NA,0,NA,0,NA,0,NA,0,NA,0,NA,NA,0
2016,10,16,NA,0,NA,0,NA,0,NA,0,NA,0,NA,NA,0
2016,10,17,NA,0,NA,0,NA,0,NA,0,NA,0,NA,NA,0
2016,10,18,NA,0.5,NA,0.5,NA,0.125,NA,0.5,NA,0.5,NA,NA,0.125
2016,10,19,-28.44,0.75,854.74,1,NA,0.375,266.38,1,76.75,1,NA,NA,0.375
2016,10,20,-28.54,1,859.01,1,NA,0,258,1,73.88,1,NA,NA,0
2016,10,21,-29.15,0.75,862.95,1,NA,0.375,275.25,1,74,1,NA,NA,0.375
2016,10,22,NA,0.625,860.07,0.75,NA,0.125,260.67,0.75,71.5,0.75,NA,NA,0.125
2016,10,23,NA,0,NA,0,NA,0,NA,0,NA,0,NA,NA,0
2016,10,24,NA,0,NA,0,NA,0,NA,0,NA,0,NA,NA,0
2016,10,25,NA,0,NA,0,NA,0,NA,0,NA,0,NA,NA,0
2016,10,26,NA,0,NA,0,NA,0,NA,0,NA,0,NA,NA,0
2016,10,27,NA,0,NA,0,NA,0,NA,0,NA,0,NA,NA,0
2016,10,28,NA,0,NA,0,NA,0,NA,0,NA,0,NA,NA,0
2016,10,29,NA,0,NA,0,NA,0,NA,0,NA,0,NA,NA,0
2016,10,30,NA,0,NA,0,NA,0,NA,0,NA,0,NA,NA,0
2016,10,31,NA,0,NA,0,NA,0,NA,0,NA,0,NA,NA,0
2016,11,1,NA,0,NA,0,NA,0,NA,0,NA,0,NA,NA,0
2016,11,2,NA,0,NA,0,NA,0,NA,0,NA,0,NA,NA,0
2016,11,3,NA,0,NA,0,NA,0,NA,0,NA,0,NA,NA,0
2016,11,4,NA,0,NA,0,NA,0,NA,0,NA,0,NA,NA,0
2016,11,5,NA,0,NA,0,NA,0,NA,0,NA,0,NA,NA,0
2016,11,6,NA,0,NA,0,NA,0,NA,0,NA,0,NA,NA,0
2016,11,7,NA,0,NA,0,NA,0,NA,0,NA,0,NA,NA,0
2016,11,8,NA,0,NA,0,NA,0,NA,0,NA,0,NA,NA,0
2016,11,9,NA,0,NA,0,NA,0,NA,0,NA,0,NA,NA,0
2016,11,10,NA,0,NA,0,NA,0,NA,0,NA,0,NA,NA,0
2016,11,11,NA,0,NA,0,NA,0,NA,0,NA,0,NA,NA,0
2016,11,12,NA,0,NA,0,NA,0,NA,0,NA,0,NA,NA,0
2016,11,13,NA,0,NA,0,NA,0,NA,0,NA,0,NA,NA,0
2016,11,14,NA,0,NA,0,NA,0,NA,0,NA,0,NA,NA,0
2016,11,15,NA,0,NA,0,NA,0,NA,0,NA,0,NA,NA,0
2016,11,16,NA,0,NA,0,NA,0,NA,0,NA,0,NA,NA,0
2016,11,17,NA,0,NA,0,NA,0,NA,0,NA,0,NA,NA,0
2016,11,18,NA,0,NA,0,NA,0,NA,0,NA,0,NA,NA,0
2016,11,19,NA,0,NA,0,NA,0,NA,0,NA,0,NA,NA,0
2016,11,20,NA,0,NA,0,NA,0,NA,0,NA,0,NA,NA,0
2016,11,21,NA,0,NA,0,NA,0,NA,0,NA,0,NA,NA,0
2016,11,22,NA,0,NA,0,NA,0,NA,0,NA,0,NA,NA,0
2016,11,23,NA,0,NA,0,NA,0,NA,0,NA,0,NA,NA,0
2016,11,24,-14.34,0.75,871.04,0.75,NA,0.25,247.67,0.75,77,0.75,NA,NA,0.25
2016,11,25,-14.37,1,872.46,1,NA,0.125,255.62,1,71,1,NA,NA,0.125
2016,11,26,-15.09,1,876.12,1,NA,0.5,256.75,1,72.25,1,NA,NA,0.5
2016,11,27,-14.43,1,880.92,1,28.43,0.875,253,1,72.88,1,28.36,251.74,0.875
2016,11,28,-11.64,1,882.24,1,NA,0.625,251.38,1,62.38,1,NA,NA,0.625
2016,11,29,-11.45,1,879.82,1,NA,0.625,253.5,1,71.13,1,NA,NA,0.625
2016,11,30,-12.67,1,879.03,1,35.12,1,253.5,1,76.25,1,35.08,253.51,1
2016,12,1,-12.29,1,874.6,1,NA,0.375,248.12,1,62.75,1,NA,NA,0.375
2016,12,2,-13.68,0.875,881.43,1,NA,0.375,186.38,1,82.88,1,NA,NA,0.375
2016,12,3,-13.09,0.875,880.87,1,NA,0.625,255.88,1,68.5,1,NA,NA,0.625
2016,12,4,-14.05,1,875.43,1,NA,0.375,245,1,67.88,1,NA,NA,0.375
2016,12,5,-13.58,1,871.29,1,NA,0.625,255,1,65.25,1,NA,NA,0.625
2016,12,6,-9.82,0.875,869.78,1,NA,0.625,191,1,75.5,1,NA,NA,0.625
2016,12,7,-12,0.875,875.3,1,3.62,1,151.12,1,86.5,1,1.35,207.9,1
2016,12,8,-16.47,0.75,875.8,1,NA,0.625,222.12,1,72.25,1,NA,NA,0.625
2016,12,9,NA,0.5,876.24,1,NA,0.375,242.38,1,63,1,NA,NA,0.375
2016,12,10,-12.56,0.75,876.61,1,NA,0.625,255.75,1,64.25,1,NA,NA,0.625
2016,12,11,NA,0,NA,0,NA,0,NA,0,NA,0,NA,NA,0
2016,12,12,NA,0,NA,0,NA,0,NA,0,NA,0,NA,NA,0
2016,12,13,NA,0,NA,0,NA,0,NA,0,NA,0,NA,NA,0
2016,12,14,NA,0,NA,0,NA,0,NA,0,NA,0,NA,NA,0
2016,12,15,NA,0,NA,0,NA,0,NA,0,NA,0,NA,NA,0
2016,12,16,NA,0.125,NA,0.125,NA,0.125,NA,0.125,NA,0.125,NA,NA,0.125
2016,12,17,-9.45,0.875,883.15,1,NA,0.25,163.88,1,79.38,1,NA,NA,0.25
2016,12,18,-9.81,0.875,883.46,1,NA,0.5,240.12,1,72.75,1,NA,NA,0.5
2016,12,19,-9.26,1,881.28,1,9.67,0.75,251,1,67.63,1,9.56,250.03,0.75
2016,12,20,-8.38,1,880.81,1,5.5,0.75,231.38,1,67.13,1,5.36,238.19,0.75
2016,12,21,-7.45,1,879.38,1,5,1,241,1,68.75,1,4.87,242.99,1
2016,12,22,NA,0.625,877.8,1,NA,0.625,248.62,1,76.88,1,NA,NA,0.625
2016,12,23,-8.83,0.75,880.04,1,NA,0.375,258.38,1,72.88,1,NA,NA,0.375
2016,12,24,-9.98,0.875,880.36,1,NA,0.25,251.5,1,78.25,1,NA,NA,0.25
2016,12,25,-10.33,1,877.47,1,17,0.75,252.88,1,70.25,1,16.97,254.43,0.75
2016,12,26,-10.65,1,875.01,1,11.62,1,255.38,1,70.88,1,11.57,255.22,1
2016,12,27,-10.25,1,875.91,1,6,0.875,254.25,1,67.25,1,5.5,256.89,0.875
2016,12,28,-10.16,0.875,874,1,NA,0.5,278.62,1,66.88,1,NA,NA,0.5
2016,12,29,-8.77,0.75,871.62,1,NA,0.5,200.38,1,77.63,1,NA,NA,0.5
2016,12,30,-9.36,0.75,875.69,1,3.5,0.75,240.5,1,72.38,1,3.25,239.87,0.75
2016,12,31,NA,0.625,878.55,1,NA,0.5,217.25,1,78.88,1,NA,NA,0.5
2017,1,1,-10.23,1,878.27,1,NA,0.5,262.12,1,67,1,NA,NA,0.5
2017,1,2,-9.47,0.875,873.86,1,NA,0.625,249.62,1,68.75,1,NA,NA,0.625
2017,1,3,-10.4,1,862.99,1,NA,0.375,254.38,1,66.13,1,NA,NA,0.375
2017,1,4,-8.22,0.75,872.98,1,3.5,0.75,191.38,1,76.63,1,1.38,213.31,0.75
2017,1,5,-8.2,1,886.65,1,NA,0.375,132.5,1,92.25,1,NA,NA,0.375
2017,1,6,-9.2,0.875,880.58,1,11.75,1,266.38,1,71.38,1,11.54,267.26,1
2017,1,7,-9.4,0.75,878.4,1,NA,0.5,211.38,1,75.13,1,NA,NA,0.5
2017,1,8,-10.35,0.875,883.1,1,7.12,1,226.88,1,81.25,1,5.15,248.31,1
2017,1,9,-10.86,0.875,881.91,1,7.83,0.75,254,1,74.88,1,7.63,257.64,0.75
2017,1,10,-9.07,0.875,882.8,1,6.17,0.75,237.62,1,72.88,1,5.33,232.74,0.75
2017,1,11,-10.29,0.75,884.16,1,8.43,0.875,252.62,1,66.25,1,8.14,253.51,0.875
2017,1,12,-10.09,0.75,885.45,1,NA,0.5,227.75,1,73.5,1,NA,NA,0.5
2017,1,13,-8.75,1,886.37,1,7.57,0.875,193.38,1,88.88,1,6.52,193.83,0.875
2017,1,14,-8.73,0.875,890.25,1,NA,0.25,162.38,1,90.13,1,NA,NA,0.25
2017,1,15,-8.12,0.75,885.95,1,NA,0.5,251.25,1,78.63,1,NA,NA,0.5
2017,1,16,-8.21,0.75,883.64,1,3.5,0.75,194.75,1,82.25,1,2.84,229.36,0.75
2017,1,17,-10.07,0.875,887.19,1,5.38,1,188.12,1,85.63,1,3.48,234.89,1
2017,1,18,-13.07,0.875,886.12,1,NA,0.375,245.75,1,71.75,1,NA,NA,0.375
2017,1,19,-14.37,1,885.66,1,NA,0.625,256,1,69.5,1,NA,NA,0.625
2017,1,20,-13.83,0.875,887.87,1,16,0.875,253.12,1,68.5,1,15.91,252.09,0.875
2017,1,21,-11.33,0.75,881.37,1,10.86,0.875,248.88,1,70,1,10.5,248.99,0.875
2017,1,22,-11.86,0.75,871.01,1,15.17,0.75,268.12,1,70.5,1,15,268.6,0.75
2017,1,23,-14.09,0.75,874.12,1,21,0.75,280.62,1,71.5,1,20.67,280.61,0.75
2017,1,24,-12.37,0.875,886.92,1,18,0.75,252.88,1,65.38,1,17.82,254.71,0.75
2017,1,25,-12.13,1,887.53,1,21.5,0.75,247.75,1,70,1,21.47,248.28,0.75
2017,1,26,-11.14,1,886.18,1,NA,0.625,233.5,1,69.5,1,NA,NA,0.625
2017,1,27,-10.48,1,885.2,1,NA,0.625,162.88,1,91.88,1,NA,NA,0.625
2017,1,28,-12.71,0.875,881.98,1,10.5,0.75,265.88,1,67.5,1,10.2,265.64,0.75
2017,1,29,-13.52,0.875,872.82,1,18.88,1,255.62,1,73,1,18.74,256.34,1
2017,1,30,-12.04,0.875,875.67,1,NA,0.375,221.5,1,75.13,1,NA,NA,0.375
2017,1,31,-12.25,1,883.56,1,NA,0.375,198.62,1,75.13,1,NA,NA,0.375
2017,2,1,-14.26,1,882.82,1,NA,0.625,252.38,1,70.25,1,NA,NA,0.625
2017,2,2,-14.76,0.875,876.14,1,NA,0.375,255.62,1,67.38,1,NA,NA,0.375
2017,2,3,-15.99,0.75,877.03,1,NA,0.625,253.12,1,72.38,1,NA,NA,0.625
2017,2,4,-13.38,0.875,878.51,1,NA,0.625,260.25,1,67.38,1,NA,NA,0.625
2017,2,5,NA,0.625,876.78,1,NA,0.5,243.5,1,76.75,1,NA,NA,0.5
2017,2,6,-16.2,1,871.78,1,NA,0.625,266.12,1,74.25,1,NA,NA,0.625
2017,2,7,-12.88,0.875,881.56,1,NA,0.5,249.12,1,81.5,1,NA,NA,0.5
2017,2,8,-11.1,1,885.27,1,10.67,0.75,253.5,1,76.13,1,10.54,249.7,0.75
2017,2,9,-15.84,0.875,880.01,1,NA,0.25,260.5,1,80.38,1,NA,NA,0.25
2017,2,10,-18.62,1,880.31,1,29.75,1,254.62,1,78.5,1,29.58,254.73,1
2017,2,11,-17.84,1,878.15,1,NA,0.625,252.75,1,78.5,1,NA,NA,0.625
2017,2,12,-18.39,1,876.1,1,NA,0.375,255.88,1,76.88,1,NA,NA,0.375
2017,2,13,-19,1,879,1,NA,0.5,253.62,1,72.13,1,NA,NA,0.5
2017,2,14,-19.02,1,877.42,1,NA,0.375,253.38,1,74.25,1,NA,NA,0.375
2017,2,15,-19.4,1,871.88,1,NA,0.375,255,1,82.13,1,NA,NA,0.375
2017,2,16,-19.05,1,871.19,1,NA,0.625,252.88,1,82.25,1,NA,NA,0.625
2017,2,17,-19.44,1,875.25,1,NA,0.25,251,1,78.75,1,NA,NA,0.25
2017,2,18,-19.88,1,872.81,1,NA,0.125,257.75,1,76.38,1,NA,NA,0.125
2017,2,19,-19.79,1,874.14,1,NA,0.375,247.88,1,79,1,NA,NA,0.375
2017,2,20,-17.9,1,869.56,1,NA,0.25,254.88,1,71.88,1,NA,NA,0.25
2017,2,21,-20.91,1,871.94,1,24.57,0.875,260.88,1,62.38,1,24.28,261.19,0.875
2017,2,22,-23.3,1,881.74,1,24.5,0.75,260.5,1,63.88,1,24.44,260.5,0.75
2017,2,23,-18.57,1,887.86,1,NA,0.125,251.5,1,68.38,1,NA,NA,0.125
2017,2,24,-17.26,1,878.53,1,16.67,0.75,255.38,1,61.63,1,16.58,254.17,0.75
2017,2,25,-19.6,0.875,871.86,1,15.33,0.75,258.12,1,57.13,1,15.25,257.3,0.75
2017,2,26,-22.79,0.875,870.94,1,23.83,0.75,NA,0.625,63.88,1,NA,NA,0.375
2017,2,27,-26.93,1,870.11,1,28.86,0.875,265.12,1,71.38,1,28.65,266.18,0.875
2017,2,28,-19.43,0.875,881.61,1,NA,0,223.75,1,82.63,1,NA,NA,0
2017,3,1,-21.1,0.875,891.26,1,NA,0.25,261,1,78.88,1,NA,NA,0.25
2017,3,2,-21,1,888.3,1,NA,0.5,232.25,1,66.13,1,NA,NA,0.5
2017,3,3,-27.19,0.75,882.08,1,NA,0.25,263.12,1,69.63,1,NA,NA,0.25
2017,3,4,-29.05,1,881.19,1,NA,0.625,263.5,1,70,1,NA,NA,0.625
2017,3,5,-19.33,0.75,888.77,1,NA,0.625,213.75,1,82.63,1,NA,NA,0.625
2017,3,6,-22.22,1,887.15,1,NA,0.5,251.5,1,73.25,1,NA,NA,0.5
2017,3,7,-24.88,1,883.28,1,NA,0.375,264.75,1,78.63,1,NA,NA,0.375
2017,3,8,NA,0,NA,0,NA,0,NA,0,NA,0,NA,NA,0
2017,3,9,NA,0,NA,0,NA,0,NA,0,NA,0,NA,NA,0
2017,3,10,NA,0,NA,0,NA,0,NA,0,NA,0,NA,NA,0
2017,3,11,NA,0,NA,0,NA,0,NA,0,NA,0,NA,NA,0
2017,3,12,NA,0,NA,0,NA,0,NA,0,NA,0,NA,NA,0
2017,3,13,NA,0,NA,0,NA,0,NA,0,NA,0,NA,NA,0
2017,3,14,NA,0,NA,0,NA,0,NA,0,NA,0,NA,NA,0
2017,3,15,NA,0,NA,0,NA,0,NA,0,NA,0,NA,NA,0
2017,3,16,NA,0,NA,0,NA,0,NA,0,NA,0,NA,NA,0
2017,3,17,NA,0,NA,0,NA,0,NA,0,NA,0,NA,NA,0
2017,3,18,NA,0,NA,0,NA,0,NA,0,NA,0,NA,NA,0
2017,3,19,NA,0,NA,0,NA,0,NA,0,NA,0,NA,NA,0
2017,3,20,NA,0,NA,0,NA,0,NA,0,NA,0,NA,NA,0
2017,3,21,NA,0,NA,0,NA,0,NA,0,NA,0,NA,NA,0
2017,3,22,NA,0,NA,0,NA,0,NA,0,NA,0,NA,NA,0
2017,3,23,NA,0,NA,0,NA,0,NA,0,NA,0,NA,NA,0
2017,3,24,NA,0,NA,0,NA,0,NA,0,NA,0,NA,NA,0
2017,3,25,NA,0,NA,0,NA,0,NA,0,NA,0,NA,NA,0
2017,3,26,NA,0,NA,0,NA,0,NA,0,NA,0,NA,NA,0
2017,3,27,NA,0,NA,0,NA,0,NA,0,NA,0,NA,NA,0
2017,3,28,NA,0,NA,0,NA,0,NA,0,NA,0,NA,NA,0
2017,3,29,NA,0,NA,0,NA,0,NA,0,NA,0,NA,NA,0
2017,3,30,NA,0,NA,0,NA,0,NA,0,NA,0,NA,NA,0
2017,3,31,NA,0,NA,0,NA,0,NA,0,NA,0,NA,NA,0
2017,4,1,NA,0,NA,0,NA,0,NA,0,NA,0,NA,NA,0
2017,4,2,NA,0,NA,0,NA,0,NA,0,NA,0,NA,NA,0
2017,4,3,NA,0,NA,0,NA,0,NA,0,NA,0,NA,NA,0
2017,4,4,NA,0,NA,0,NA,0,NA,0,NA,0,NA,NA,0
2017,4,5,NA,0,NA,0,NA,0,NA,0,NA,0,NA,NA,0
2017,4,6,NA,0,NA,0,NA,0,NA,0,NA,0,NA,NA,0
2017,4,7,NA,0,NA,0,NA,0,NA,0,NA,0,NA,NA,0
2017,4,8,NA,0,NA,0,NA,0,NA,0,NA,0,NA,NA,0
2017,4,9,NA,0,NA,0,NA,0,NA,0,NA,0,NA,NA,0
2017,4,10,NA,0,NA,0,NA,0,NA,0,NA,0,NA,NA,0
2017,4,11,NA,0,NA,0,NA,0,NA,0,NA,0,NA,NA,0
2017,4,12,NA,0,NA,0,NA,0,NA,0,NA,0,NA,NA,0
2017,4,13,NA,0,NA,0,NA,0,NA,0,NA,0,NA,NA,0
2017,4,14,NA,0,NA,0,NA,0,NA,0,NA,0,NA,NA,0
2017,4,15,NA,0,NA,0,NA,0,NA,0,NA,0,NA,NA,0
2017,4,16,NA,0,NA,0,NA,0,NA,0,NA,0,NA,NA,0
2017,4,17,NA,0,NA,0,NA,0,NA,0,NA,0,NA,NA,0
2017,4,18,NA,0,NA,0,NA,0,NA,0,NA,0,NA,NA,0
2017,4,19,NA,0,NA,0,NA,0,NA,0,NA,0,NA,NA,0
2017,4,20,NA,0,NA,0,NA,0,NA,0,NA,0,NA,NA,0
2017,4,21,NA,0,NA,0,NA,0,NA,0,NA,0,NA,NA,0
2017,4,22,NA,0,NA,0,NA,0,NA,0,NA,0,NA,NA,0
2017,4,23,NA,0,NA,0,NA,0,NA,0,NA,0,NA,NA,0
2017,4,24,NA,0,NA,0,NA,0,NA,0,NA,0,NA,NA,0
2017,4,25,NA,0,NA,0,NA,0,NA,0,NA,0,NA,NA,0
2017,4,26,NA,0,NA,0,NA,0,NA,0,NA,0,NA,NA,0
2017,4,27,NA,0,NA,0,NA,0,NA,0,NA,0,NA,NA,0
2017,4,28,NA,0,NA,0,NA,0,NA,0,NA,0,NA,NA,0
2017,4,29,NA,0,NA,0,NA,0,NA,0,NA,0,NA,NA,0
2017,4,30,NA,0,NA,0,NA,0,NA,0,NA,0,NA,NA,0
2017,5,1,NA,0,NA,0,NA,0,NA,0,NA,0,NA,NA,0
2017,5,2,NA,0,NA,0,NA,0,NA,0,NA,0,NA,NA,0
2017,5,3,NA,0,NA,0,NA,0,NA,0,NA,0,NA,NA,0
2017,5,4,NA,0,NA,0,NA,0,NA,0,NA,0,NA,NA,0
2017,5,5,NA,0,NA,0,NA,0,NA,0,NA,0,NA,NA,0
2017,5,6,NA,0,NA,0,NA,0,NA,0,NA,0,NA,NA,0
2017,5,7,NA,0,NA,0,NA,0,NA,0,NA,0,NA,NA,0
2017,5,8,NA,0,NA,0,NA,0,NA,0,NA,0,NA,NA,0
2017,5,9,NA,0,NA,0,NA,0,NA,0,NA,0,NA,NA,0
2017,5,10,NA,0,NA,0,NA,0,NA,0,NA,0,NA,NA,0
2017,5,11,NA,0,NA,0,NA,0,NA,0,NA,0,NA,NA,0
2017,5,12,NA,0,NA,0,NA,0,NA,0,NA,0,NA,NA,0
2017,5,13,NA,0,NA,0,NA,0,NA,0,NA,0,NA,NA,0
2017,5,14,NA,0,NA,0,NA,0,NA,0,NA,0,NA,NA,0
2017,5,15,NA,0,NA,0,NA,0,NA,0,NA,0,NA,NA,0
2017,5,16,NA,0,NA,0,NA,0,NA,0,NA,0,NA,NA,0
2017,5,17,NA,0,NA,0,NA,0,NA,0,NA,0,NA,NA,0
2017,5,18,NA,0,NA,0,NA,0,NA,0,NA,0,NA,NA,0
2017,5,19,NA,0,NA,0,NA,0,NA,0,NA,0,NA,NA,0
2017,5,20,NA,0,NA,0,NA,0,NA,0,NA,0,NA,NA,0
2017,5,21,NA,0,NA,0,NA,0,NA,0,NA,0,NA,NA,0
2017,5,22,NA,0,NA,0,NA,0,NA,0,NA,0,NA,NA,0
2017,5,23,NA,0,NA,0,NA,0,NA,0,NA,0,NA,NA,0
2017,5,24,NA,0,NA,0,NA,0,NA,0,NA,0,NA,NA,0
2017,5,25,NA,0,NA,0,NA,0,NA,0,NA,0,NA,NA,0
2017,5,26,NA,0,NA,0,NA,0,NA,0,NA,0,NA,NA,0
2017,5,27,NA,0,NA,0,NA,0,NA,0,NA,0,NA,NA,0
2017,5,28,NA,0,NA,0,NA,0,NA,0,NA,0,NA,NA,0
2017,5,29,NA,0,NA,0,NA,0,NA,0,NA,0,NA,NA,0
2017,5,30,NA,0,NA,0,NA,0,NA,0,NA,0,NA,NA,0
2017,5,31,NA,0,NA,0,NA,0,NA,0,NA,0,NA,NA,0
2017,6,1,NA,0,NA,0,NA,0,NA,0,NA,0,NA,NA,0
2017,6,2,NA,0,NA,0,NA,0,NA,0,NA,0,NA,NA,0
2017,6,3,NA,0,NA,0,NA,0,NA,0,NA,0,NA,NA,0
2017,6,4,NA,0,NA,0,NA,0,NA,0,NA,0,NA,NA,0
2017,6,5,NA,0,NA,0,NA,0,NA,0,NA,0,NA,NA,0
2017,6,6,NA,0,NA,0,NA,0,NA,0,NA,0,NA,NA,0
2017,6,7,NA,0,NA,0,NA,0,NA,0,NA,0,NA,NA,0
2017,6,8,NA,0,NA,0,NA,0,NA,0,NA,0,NA,NA,0
2017,6,9,NA,0,NA,0,NA,0,NA,0,NA,0,NA,NA,0
2017,6,10,NA,0,NA,0,NA,0,NA,0,NA,0,NA,NA,0
2017,6,11,NA,0,NA,0,NA,0,NA,0,NA,0,NA,NA,0
2017,6,12,NA,0,NA,0,NA,0,NA,0,NA,0,NA,NA,0
2017,6,13,NA,0,NA,0,NA,0,NA,0,NA,0,NA,NA,0
2017,6,14,NA,0,NA,0,NA,0,NA,0,NA,0,NA,NA,0
2017,6,15,NA,0,NA,0,NA,0,NA,0,NA,0,NA,NA,0
2017,6,16,NA,0,NA,0,NA,0,NA,0,NA,0,NA,NA,0
2017,6,17,NA,0,NA,0,NA,0,NA,0,NA,0,NA,NA,0
2017,6,18,NA,0,NA,0,NA,0,NA,0,NA,0,NA,NA,0
2017,6,19,NA,0,NA,0,NA,0,NA,0,NA,0,NA,NA,0
2017,6,20,NA,0,NA,0,NA,0,NA,0,NA,0,NA,NA,0
2017,6,21,NA,0,NA,0,NA,0,NA,0,NA,0,NA,NA,0
2017,6,22,NA,0,NA,0,NA,0,NA,0,NA,0,NA,NA,0
2017,6,23,NA,0,NA,0,NA,0,NA,0,NA,0,NA,NA,0
2017,6,24,NA,0,NA,0,NA,0,NA,0,NA,0,NA,NA,0
2017,6,25,NA,0,NA,0,NA,0,NA,0,NA,0,NA,NA,0
2017,6,26,NA,0,NA,0,NA,0,NA,0,NA,0,NA,NA,0
2017,6,27,NA,0,NA,0,NA,0,NA,0,NA,0,NA,NA,0
2017,6,28,NA,0,NA,0,NA,0,NA,0,NA,0,NA,NA,0
2017,6,29,NA,0,NA,0,NA,0,NA,0,NA,0,NA,NA,0
2017,6,30,NA,0,NA,0,NA,0,NA,0,NA,0,NA,NA,0
2017,7,1,NA,0,NA,0,NA,0,NA,0,NA,0,NA,NA,0
2017,7,2,NA,0,NA,0,NA,0,NA,0,NA,0,NA,NA,0
2017,7,3,NA,0,NA,0,NA,0,NA,0,NA,0,NA,NA,0
2017,7,4,NA,0,NA,0,NA,0,NA,0,NA,0,NA,NA,0
2017,7,5,NA,0,NA,0,NA,0,NA,0,NA,0,NA,NA,0
2017,7,6,NA,0,NA,0,NA,0,NA,0,NA,0,NA,NA,0
2017,7,7,NA,0,NA,0,NA,0,NA,0,NA,0,NA,NA,0
2017,7,8,NA,0,NA,0,NA,0,NA,0,NA,0,NA,NA,0
2017,7,9,NA,0,NA,0,NA,0,NA,0,NA,0,NA,NA,0
2017,7,10,NA,0,NA,0,NA,0,NA,0,NA,0,NA,NA,0
2017,7,11,NA,0,NA,0,NA,0,NA,0,NA,0,NA,NA,0
2017,7,12,NA,0,NA,0,NA,0,NA,0,NA,0,NA,NA,0
2017,7,13,NA,0,NA,0,NA,0,NA,0,NA,0,NA,NA,0
2017,7,14,NA,0,NA,0,NA,0,NA,0,NA,0,NA,NA,0
2017,7,15,NA,0,NA,0,NA,0,NA,0,NA,0,NA,NA,0
2017,7,16,NA,0,NA,0,NA,0,NA,0,NA,0,NA,NA,0
2017,7,17,NA,0,NA,0,NA,0,NA,0,NA,0,NA,NA,0
2017,7,18,NA,0,NA,0,NA,0,NA,0,NA,0,NA,NA,0
2017,7,19,NA,0.5,NA,0.5,NA,0.25,NA,0.5,NA,0.5,NA,NA,0.25
2017,7,20,-38.16,1,861,1,NA,0.625,267.75,1,62.5,1,NA,NA,0.625
2017,7,21,-32.85,0.75,860.88,1,NA,0.25,255.62,1,68.25,1,NA,NA,0.25
2017,7,22,-31.93,1,868.09,1,NA,0.125,277,1,71.5,1,NA,NA,0.125
2017,7,23,-30.63,1,881.26,1,NA,0.625,225.75,1,73,1,NA,NA,0.625
2017,7,24,-28.79,1,880.7,1,NA,0.625,252.38,1,75.13,1,NA,NA,0.625
2017,7,25,-31.67,1,872.03,1,17.5,0.75,252.12,1,72,1,17.47,253.12,0.75
2017,7,26,-35.31,1,865.56,1,NA,0.625,261,1,67.75,1,NA,NA,0.625
2017,7,27,-35.38,0.875,860.89,1,NA,0,264.75,1,68.25,1,NA,NA,0
2017,7,28,-35.67,0.875,861.23,0.875,NA,0.375,268.12,1,67.57,0.875,NA,NA,0.375
2017,7,29,NA,0.25,NA,0.125,NA,0.125,NA,0.25,NA,0.25,NA,NA,0.125
2017,7,30,NA,0,NA,0,NA,0,NA,0,NA,0,NA,NA,0
2017,7,31,NA,0,NA,0,NA,0,NA,0,NA,0,NA,NA,0
2017,8,1,NA,0,NA,0,NA,0,NA,0,NA,0,NA,NA,0
2017,8,2,NA,0,NA,0,NA,0,NA,0,NA,0,NA,NA,0
2017,8,3,NA,0,NA,0,NA,0,NA,0,NA,0,NA,NA,0
2017,8,4,NA,0,NA,0,NA,0,NA,0,NA,0,NA,NA,0
2017,8,5,NA,0,NA,0,NA,0,NA,0,NA,0,NA,NA,0
2017,8,6,NA,0,NA,0,NA,0,NA,0,NA,0,NA,NA,0
2017,8,7,NA,0,NA,0,NA,0,NA,0,NA,0,NA,NA,0
2017,8,8,NA,0,NA,0,NA,0,NA,0,NA,0,NA,NA,0
2017,8,9,NA,0,NA,0,NA,0,NA,0,NA,0,NA,NA,0
2017,8,10,NA,0,NA,0,NA,0,NA,0,NA,0,NA,NA,0
2017,8,11,NA,0,NA,0,NA,0,NA,0,NA,0,NA,NA,0
2017,8,12,NA,0,NA,0,NA,0,NA,0,NA,0,NA,NA,0
2017,8,13,NA,0,NA,0,NA,0,NA,0,NA,0,NA,NA,0
2017,8,14,NA,0,NA,0,NA,0,NA,0,NA,0,NA,NA,0
2017,8,15,NA,0,NA,0,NA,0,NA,0,NA,0,NA,NA,0
2017,8,16,NA,0,NA,0,NA,0,NA,0,NA,0,NA,NA,0
2017,8,17,NA,0,NA,0,NA,0,NA,0,NA,0,NA,NA,0
2017,8,18,NA,0,NA,0,NA,0,NA,0,NA,0,NA,NA,0
2017,8,19,NA,0,NA,0,NA,0,NA,0,NA,0,NA,NA,0
2017,8,20,NA,0,NA,0,NA,0,NA,0,NA,0,NA,NA,0
2017,8,21,NA,0,NA,0,NA,0,NA,0,NA,0,NA,NA,0
2017,8,22,NA,0,NA,0,NA,0,NA,0,NA,0,NA,NA,0
2017,8,23,NA,0,NA,0,NA,0,NA,0,NA,0,NA,NA,0
2017,8,24,NA,0,NA,0,NA,0,NA,0,NA,0,NA,NA,0
2017,8,25,NA,0,NA,0,NA,0,NA,0,NA,0,NA,NA,0
2017,8,26,NA,0,NA,0,NA,0,NA,0,NA,0,NA,NA,0
2017,8,27,NA,0,NA,0,NA,0,NA,0,NA,0,NA,NA,0
2017,8,28,NA,0,NA,0,NA,0,NA,0,NA,0,NA,NA,0
2017,8,29,NA,0,NA,0,NA,0,NA,0,NA,0,NA,NA,0
2017,8,30,NA,0,NA,0,NA,0,NA,0,NA,0,NA,NA,0
2017,8,31,NA,0,NA,0,NA,0,NA,0,NA,0,NA,NA,0
2017,9,1,NA,0,NA,0,NA,0,NA,0,NA,0,NA,NA,0
2017,9,2,NA,0,NA,0,NA,0,NA,0,NA,0,NA,NA,0
2017,9,3,NA,0,NA,0,NA,0,NA,0,NA,0,NA,NA,0
2017,9,4,NA,0,NA,0,NA,0,NA,0,NA,0,NA,NA,0
2017,9,5,NA,0,NA,0,NA,0,NA,0,NA,0,NA,NA,0
2017,9,6,NA,0,NA,0,NA,0,NA,0,NA,0,NA,NA,0
2017,9,7,NA,0,NA,0,NA,0,NA,0,NA,0,NA,NA,0
2017,9,8,NA,0,NA,0,NA,0,NA,0,NA,0,NA,NA,0
2017,9,9,NA,0,NA,0,NA,0,NA,0,NA,0,NA,NA,0
2017,9,10,NA,0,NA,0,NA,0,NA,0,NA,0,NA,NA,0
2017,9,11,NA,0,NA,0,NA,0,NA,0,NA,0,NA,NA,0
2017,9,12,NA,0,NA,0,NA,0,NA,0,NA,0,NA,NA,0
2017,9,13,NA,0,NA,0,NA,0,NA,0,NA,0,NA,NA,0
2017,9,14,NA,0,NA,0,NA,0,NA,0,NA,0,NA,NA,0
2017,9,15,NA,0,NA,0,NA,0,NA,0,NA,0,NA,NA,0
2017,9,16,NA,0,NA,0,NA,0,NA,0,NA,0,NA,NA,0
2017,9,17,NA,0,NA,0,NA,0,NA,0,NA,0,NA,NA,0
2017,9,18,NA,0,NA,0,NA,0,NA,0,NA,0,NA,NA,0
2017,9,19,NA,0,NA,0,NA,0,NA,0,NA,0,NA,NA,0
2017,9,20,NA,0,NA,0,NA,0,NA,0,NA,0,NA,NA,0
2017,9,21,NA,0,NA,0,NA,0,NA,0,NA,0,NA,NA,0
2017,9,22,NA,0,NA,0,NA,0,NA,0,NA,0,NA,NA,0
2017,9,23,NA,0,NA,0,NA,0,NA,0,NA,0,NA,NA,0
2017,9,24,NA,0,NA,0,NA,0,NA,0,NA,0,NA,NA,0
2017,9,25,NA,0,NA,0,NA,0,NA,0,NA,0,NA,NA,0
2017,9,26,NA,0,NA,0,NA,0,NA,0,NA,0,NA,NA,0
2017,9,27,NA,0,NA,0,NA,0,NA,0,NA,0,NA,NA,0
2017,9,28,NA,0,NA,0,NA,0,NA,0,NA,0,NA,NA,0
2017,9,29,NA,0,NA,0,NA,0,NA,0,NA,0,NA,NA,0
2017,9,30,NA,0,NA,0,NA,0,NA,0,NA,0,NA,NA,0
2017,10,1,NA,0,NA,0,NA,0,NA,0,NA,0,NA,NA,0
2017,10,2,NA,0,NA,0,NA,0,NA,0,NA,0,NA,NA,0
2017,10,3,NA,0,NA,0,NA,0,NA,0,NA,0,NA,NA,0
2017,10,4,NA,0,NA,0,NA,0,NA,0,NA,0,NA,NA,0
2017,10,5,NA,0,NA,0,NA,0,NA,0,NA,0,NA,NA,0
2017,10,6,NA,0,NA,0,NA,0,NA,0,NA,0,NA,NA,0
2017,10,7,NA,0,NA,0,NA,0,NA,0,NA,0,NA,NA,0
2017,10,8,NA,0,NA,0,NA,0,NA,0,NA,0,NA,NA,0
2017,10,9,NA,0,NA,0,NA,0,NA,0,NA,0,NA,NA,0
2017,10,10,NA,0,NA,0,NA,0,NA,0,NA,0,NA,NA,0
2017,10,11,NA,0,NA,0,NA,0,NA,0,NA,0,NA,NA,0
2017,10,12,NA,0,NA,0,NA,0,NA,0,NA,0,NA,NA,0
2017,10,13,NA,0,NA,0,NA,0,NA,0,NA,0,NA,NA,0
2017,10,14,NA,0,NA,0,NA,0,NA,0,NA,0,NA,NA,0
2017,10,15,NA,0,NA,0,NA,0,NA,0,NA,0,NA,NA,0
2017,10,16,NA,0,NA,0,NA,0,NA,0,NA,0,NA,NA,0
2017,10,17,NA,0,NA,0,NA,0,NA,0,NA,0,NA,NA,0
2017,10,18,NA,0,NA,0,NA,0,NA,0,NA,0,NA,NA,0
2017,10,19,NA,0,NA,0,NA,0,NA,0,NA,0,NA,NA,0
2017,10,20,NA,0,NA,0,NA,0,NA,0,NA,0,NA,NA,0
2017,10,21,NA,0,NA,0,NA,0,NA,0,NA,0,NA,NA,0
2017,10,22,NA,0,NA,0,NA,0,NA,0,NA,0,NA,NA,0
2017,10,23,NA,0,NA,0,NA,0,NA,0,NA,0,NA,NA,0
2017,10,24,NA,0,NA,0,NA,0,NA,0,NA,0,NA,NA,0
2017,10,25,NA,0,NA,0,NA,0,NA,0,NA,0,NA,NA,0
2017,10,26,-24.79,0.875,862.26,0.875,NA,0.625,267,0.875,65.71,0.875,NA,NA,0.625
2017,10,27,-22.74,1,864.98,1,NA,0.375,263.25,1,69.13,1,NA,NA,0.375
2017,10,28,-23.33,1,861.32,1,NA,0.375,257,1,75.63,1,NA,NA,0.375
2017,10,29,-23.47,0.875,866.93,1,NA,0,267.25,1,71.25,1,NA,NA,0
2017,10,30,-24.14,0.875,876.76,1,NA,0.375,258.75,1,78.13,1,NA,NA,0.375
2017,10,31,-19.09,1,879.82,1,NA,0.625,255.88,1,78.13,1,NA,NA,0.625
2017,11,1,-18.42,1,876.46,1,20.5,0.75,257.12,1,65.63,1,20.43,256.26,0.75
2017,11,2,-17.74,1,872.84,1,10.67,0.75,254.5,1,61.25,1,10.65,255.33,0.75
2017,11,3,-20.52,0.875,876.27,1,NA,0.625,NA,0.625,68,1,NA,NA,0.375
2017,11,4,-21.3,0.875,872.49,1,16.5,0.75,269.88,1,59.88,1,15.15,275.06,0.75
2017,11,5,-22,0.75,864.13,1,NA,0.25,270.75,1,62.75,1,NA,NA,0.25
2017,11,6,-23.42,0.875,868.8,1,NA,0.625,249.62,1,66.25,1,NA,NA,0.625
2017,11,7,-22.29,0.875,869.55,1,NA,0.5,254,1,61.38,1,NA,NA,0.5
2017,11,8,-23.2,1,858.93,1,NA,0.625,256.25,1,66.75,1,NA,NA,0.625
2017,11,9,-20.46,0.75,858.29,1,NA,0.375,256.88,1,61.13,1,NA,NA,0.375
2017,11,10,-20,0.875,858.42,1,NA,0.375,268.12,1,64.63,1,NA,NA,0.375
2017,11,11,-20.47,1,857.31,1,NA,0.5,266.12,1,62,1,NA,NA,0.5
2017,11,12,-20.21,0.75,855.89,1,NA,0.5,238,1,66.75,1,NA,NA,0.5
2017,11,13,-21.66,1,857.98,1,NA,0.5,140.12,1,76.88,1,NA,NA,0.5
2017,11,14,-22.55,0.875,859.74,1,NA,0.375,NA,0.625,61.63,1,NA,NA,0.125
2017,11,15,-18.19,0.875,860.98,1,NA,0,261.12,1,61.5,1,NA,NA,0
2017,11,16,-15.46,0.875,861,1,NA,0.25,254.5,1,69.38,1,NA,NA,0.25
2017,11,17,-18.11,0.875,864.02,1,NA,0.125,276.38,1,66.25,1,NA,NA,0.125
2017,11,18,NA,0.5,863.38,1,NA,0.125,273.62,1,66.63,1,NA,NA,0.125
2017,11,19,-17.66,0.75,864.28,1,NA,0.5,273,1,65.13,1,NA,NA,0.5
2017,11,20,-16.07,0.75,866.8,1,NA,0.25,213.88,1,75.63,1,NA,NA,0.25
2017,11,21,-17.4,0.875,861.99,1,26.83,0.75,262,1,69.88,1,26.78,262.52,0.75
2017,11,22,-18.74,0.75,857.71,1,NA,0.375,285.12,1,70,1,NA,NA,0.375
2017,11,23,-17.15,0.875,856.92,1,NA,0,275.5,1,60.38,1,NA,NA,0
2017,11,24,-14.35,0.75,865.58,1,NA,0,267.25,1,64.38,1,NA,NA,0
2017,11,25,-15.33,1,869.18,1,NA,0.625,250.75,1,79.25,1,NA,NA,0.625
2017,11,26,-17.03,1,862.81,1,NA,0.5,242.62,1,77.88,1,NA,NA,0.5
2017,11,27,-15.96,1,864.02,1,NA,0.5,252,1,65.75,1,NA,NA,0.5
2017,11,28,NA,0.125,NA,0.25,NA,0.125,NA,0.25,NA,0.25,NA,NA,0.125
2017,11,29,NA,0,NA,0,NA,0,NA,0,NA,0,NA,NA,0
2017,11,30,NA,0,NA,0,NA,0,NA,0,NA,0,NA,NA,0
2017,12,1,NA,0,NA,0,NA,0,NA,0,NA,0,NA,NA,0
2017,12,2,NA,0,NA,0,NA,0,NA,0,NA,0,NA,NA,0
2017,12,3,NA,0,NA,0,NA,0,NA,0,NA,0,NA,NA,0
2017,12,4,NA,0,NA,0,NA,0,NA,0,NA,0,NA,NA,0
2017,12,5,NA,0,NA,0,NA,0,NA,0,NA,0,NA,NA,0
2017,12,6,NA,0.125,NA,0.125,NA,0.125,NA,0.125,NA,0.125,NA,NA,0.125
2017,12,7,-14.26,1,867.7,1,4.62,1,231.38,1,76.25,1,4.13,229.27,1
2017,12,8,-13.1,0.875,867.51,1,6.5,0.75,251.25,1,69.25,1,6.01,246.58,0.75
2017,12,9,-13.36,1,866.45,1,6,1,249,1,67.88,1,5.52,252.06,1
2017,12,10,-13.44,0.875,869.7,1,4.5,0.75,160.75,1,80.38,1,0.73,283.08,0.75
2017,12,11,-10.64,1,871.91,1,6.67,0.75,175.25,1,81.63,1,3.14,201.65,0.75
2017,12,12,-11.96,1,876.53,1,8.29,0.875,233.5,1,75.63,1,7.12,246.96,0.875
2017,12,13,-10.8,1,879.55,1,NA,0.5,165.25,1,87,1,NA,NA,0.5
2017,12,14,-12.54,0.75,880.95,1,9,0.875,266.25,1,68.63,1,8.75,264.76,0.875
2017,12,15,-11.23,0.875,882.13,1,9,1,254.38,1,70.13,1,8.97,254.36,1
2017,12,16,-10.63,1,879.74,1,NA,0.5,257,1,71.38,1,NA,NA,0.5
2017,12,17,-10.83,0.875,870.99,1,NA,0.375,260.25,1,69.75,1,NA,NA,0.375
2017,12,18,-10.38,0.875,870.83,1,4.17,0.75,151,1,84.5,1,2.28,124.34,0.75
2017,12,19,-11.8,0.75,873.17,1,9.33,0.75,248.62,1,74,1,8.54,250.09,0.75
2017,12,20,-13.74,0.75,876.89,1,NA,0.125,258.88,1,69.13,1,NA,NA,0.125
2017,12,21,-13.94,1,875.48,1,15.75,1,247.62,1,67.13,1,15.61,247.5,1
2017,12,22,-12.42,1,874.31,1,NA,0.5,184.62,1,82.25,1,NA,NA,0.5
2017,12,23,-14.22,1,876.52,1,NA,0.25,218.25,1,82.75,1,NA,NA,0.25
2017,12,24,-12.87,0.875,873.63,1,NA,0.5,253.25,1,73.63,1,NA,NA,0.5
2017,12,25,-12.59,0.75,874.19,1,14.67,0.75,265.25,1,65.75,1,14.41,265.95,0.75
2017,12,26,-14.11,1,871.51,1,NA,0.625,262,1,69.5,1,NA,NA,0.625
2017,12,27,-13.4,1,873.56,1,NA,0.5,258.12,1,64.38,1,NA,NA,0.5
2017,12,28,-13.18,1,874.7,1,NA,0.625,251.62,1,68.88,1,NA,NA,0.625
2017,12,29,-12.87,0.875,871.89,1,NA,0.625,256.38,1,66.13,1,NA,NA,0.625
2017,12,30,-10.61,0.875,875.21,1,12.17,0.75,251.75,1,70.13,1,12.03,252.93,0.75
2017,12,31,-10.03,1,876.51,1,NA,0,250.38,1,74.63,1,NA,NA,0
2018,1,1,-8.95,0.75,873.82,1,NA,0.5,258.88,1,70.13,1,NA,NA,0.5
2018,1,2,NA,0.625,876.62,1,6.43,0.875,272.38,1,64.63,1,6.26,271.52,0.875
2018,1,3,NA,0.625,881.31,1,4.71,0.875,225.38,1,74.63,1,3.46,240.2,0.875
2018,1,4,-9.69,1,875.98,1,7.33,0.75,123.5,1,92.25,1,5.74,104.4,0.75
2018,1,5,NA,0.625,875.72,1,5,0.875,243.25,1,87.38,1,4.82,247.22,0.875
2018,1,6,-10.44,0.875,876.94,1,NA,0.625,254.5,1,75.13,1,NA,NA,0.625
2018,1,7,-10.81,0.875,877.16,1,NA,0.5,266,1,69.75,1,NA,NA,0.5
2018,1,8,-8.64,1,880.24,1,NA,0.5,158.5,1,87.88,1,NA,NA,0.5
2018,1,9,-8.72,1,886.6,1,NA,0.375,184.88,1,90.5,1,NA,NA,0.375
2018,1,10,-10.33,1,878.63,1,NA,0.375,246,1,77.5,1,NA,NA,0.375
2018,1,11,-12.78,1,870.93,1,NA,0.5,251.12,1,77.75,1,NA,NA,0.5
2018,1,12,-11.86,0.75,875.06,1,NA,0.125,256,1,73.88,1,NA,NA,0.125
2018,1,13,-9.49,1,879.25,1,NA,0.5,211.88,1,75.38,1,NA,NA,0.5
2018,1,14,-10.22,1,875.11,1,NA,0.25,172.25,1,91,1,NA,NA,0.25
2018,1,15,-11.17,1,866.54,1,NA,0.375,254,1,75.5,1,NA,NA,0.375
2018,1,16,-11.48,0.75,861.21,1,NA,0.375,256.25,1,73.75,1,NA,NA,0.375
2018,1,17,-11.52,0.875,864.68,1,4.12,1,192.62,1,91.13,1,3.54,219,1
2018,1,18,-12.43,0.75,864.87,1,NA,0.625,265.38,1,73.25,1,NA,NA,0.625
2018,1,19,-12.11,0.875,864.83,1,NA,0.375,250.88,1,70.88,1,NA,NA,0.375
2018,1,20,NA,0.125,NA,0.125,NA,0,NA,0.125,NA,0.125,NA,NA,0
2018,1,21,NA,0,NA,0,NA,0,NA,0,NA,0,NA,NA,0
2018,1,22,NA,0,NA,0,NA,0,NA,0,NA,0,NA,NA,0
2018,1,23,NA,0,NA,0,NA,0,NA,0,NA,0,NA,NA,0
2018,1,24,NA,0,NA,0,NA,0,NA,0,NA,0,NA,NA,0
2018,1,25,NA,0,NA,0,NA,0,NA,0,NA,0,NA,NA,0
2018,1,26,NA,0,NA,0,NA,0,NA,0,NA,0,NA,NA,0
2018,1,27,NA,0,NA,0,NA,0,NA,0,NA,0,NA,NA,0
2018,1,28,NA,0,NA,0,NA,0,NA,0,NA,0,NA,NA,0
2018,1,29,NA,0,NA,0,NA,0,NA,0,NA,0,NA,NA,0
2018,1,30,NA,0,NA,0,NA,0,NA,0,NA,0,NA,NA,0
2018,1,31,NA,0,NA,0,NA,0,NA,0,NA,0,NA,NA,0
2018,2,1,NA,0,NA,0,NA,0,NA,0,NA,0,NA,NA,0
2018,2,2,NA,0,NA,0,NA,0,NA,0,NA,0,NA,NA,0
2018,2,3,NA,0,NA,0,NA,0,NA,0,NA,0,NA,NA,0
2018,2,4,NA,0,NA,0,NA,0,NA,0,NA,0,NA,NA,0
2018,2,5,NA,0,NA,0,NA,0,NA,0,NA,0,NA,NA,0
2018,2,6,NA,0,NA,0,NA,0,NA,0,NA,0,NA,NA,0
2018,2,7,NA,0,NA,0,NA,0,NA,0,NA,0,NA,NA,0
2018,2,8,NA,0,NA,0,NA,0,NA,0,NA,0,NA,NA,0
2018,2,9,NA,0,NA,0,NA,0,NA,0,NA,0,NA,NA,0
2018,2,10,NA,0,NA,0,NA,0,NA,0,NA,0,NA,NA,0
2018,2,11,NA,0,NA,0,NA,0,NA,0,NA,0,NA,NA,0
2018,2,12,NA,0,NA,0,NA,0,NA,0,NA,0,NA,NA,0
2018,2,13,NA,0,NA,0,NA,0,NA,0,NA,0,NA,NA,0
2018,2,14,NA,0,NA,0,NA,0,NA,0,NA,0,NA,NA,0
2018,2,15,NA,0,NA,0,NA,0,NA,0,NA,0,NA,NA,0
2018,2,16,NA,0,NA,0,NA,0,NA,0,NA,0,NA,NA,0
2018,2,17,NA,0,NA,0,NA,0,NA,0,NA,0,NA,NA,0
2018,2,18,NA,0,NA,0,NA,0,NA,0,NA,0,NA,NA,0
2018,2,19,-24.71,1,877.44,1,NA,0.625,264.38,1,75,1,NA,NA,0.625
2018,2,20,-19.08,0.75,874.54,1,NA,0.375,238.38,1,79.88,1,NA,NA,0.375
2018,2,21,-23.17,0.875,871.41,1,NA,0.5,260.88,1,77.88,1,NA,NA,0.5
2018,2,22,-20.68,1,872.04,1,9.12,1,257.62,1,73.5,1,9.02,257.14,1
2018,2,23,-16.22,1,875.57,1,6.43,0.875,228.38,1,84.25,1,5.86,229.12,0.875
2018,2,24,-18.88,0.875,871.84,1,NA,0.625,259.12,1,73.63,1,NA,NA,0.625
2018,2,25,-22.79,1,865.36,1,NA,0.375,270,1,74.5,1,NA,NA,0.375
2018,2,26,NA,0.625,865.35,1,NA,0.125,262.75,1,72.13,1,NA,NA,0.125
2018,2,27,-26.4,0.875,863.85,1,NA,0.375,269.75,1,73.5,1,NA,NA,0.375
2018,2,28,-20.79,0.75,865.43,1,NA,0.375,262.5,1,73,1,NA,NA,0.375
2018,3,1,-19.53,0.875,868.04,1,NA,0.625,253.25,1,78.75,1,NA,NA,0.625
2018,3,2,-28.36,1,869.08,1,NA,0.375,265.88,1,75.38,1,NA,NA,0.375
2018,3,3,-31.18,1,871.13,1,NA,0.375,267.5,1,72.13,1,NA,NA,0.375
2018,3,4,-31.72,1,871.6,1,32.75,1,265.88,1,71.88,1,32.73,265.97,1
2018,3,5,-25.11,0.875,874.86,1,NA,0.5,253.62,1,74.63,1,NA,NA,0.5
2018,3,6,-27.16,0.875,872.52,0.875,NA,0.375,261.57,0.875,74.71,0.875,NA,NA,0.375
2018,3,7,NA,0,NA,0,NA,0.125,NA,0.125,NA,0,NA,NA,0.125
2018,3,8,NA,0,NA,0,NA,0,NA,0,NA,0,NA,NA,0
2018,3,9,NA,0,NA,0,NA,0,NA,0,NA,0,NA,NA,0
2018,3,10,NA,0,NA,0,NA,0,NA,0,NA,0,NA,NA,0
2018,3,11,NA,0,NA,0,NA,0,NA,0,NA,0,NA,NA,0
2018,3,12,NA,0,NA,0,NA,0,NA,0,NA,0,NA,NA,0
2018,3,13,NA,0,NA,0,NA,0,NA,0,NA,0,NA,NA,0
2018,3,14,NA,0,NA,0,NA,0,NA,0,NA,0,NA,NA,0
2018,3,15,NA,0,NA,0,NA,0,NA,0,NA,0,NA,NA,0
2018,3,16,NA,0,NA,0,NA,0,NA,0,NA,0,NA,NA,0
2018,3,17,NA,0,NA,0,NA,0,NA,0,NA,0,NA,NA,0
2018,3,18,NA,0,NA,0,NA,0,NA,0,NA,0,NA,NA,0
2018,3,19,NA,0,NA,0,NA,0,NA,0,NA,0,NA,NA,0
2018,3,20,NA,0,NA,0,NA,0,NA,0,NA,0,NA,NA,0
2018,3,21,NA,0.25,NA,0.25,NA,0.25,NA,0.25,NA,0.25,NA,NA,0.25
2018,3,22,NA,0,NA,0,NA,0,NA,0,NA,0,NA,NA,0
2018,3,23,NA,0,NA,0,NA,0,NA,0,NA,0,NA,NA,0
2018,3,24,NA,0,NA,0,NA,0,NA,0,NA,0,NA,NA,0
2018,3,25,NA,0,NA,0,NA,0,NA,0,NA,0,NA,NA,0
2018,3,26,NA,0,NA,0,NA,0,NA,0,NA,0,NA,NA,0
2018,3,27,NA,0,NA,0,NA,0,NA,0,NA,0,NA,NA,0
2018,3,28,NA,0.125,NA,0.125,NA,0.125,NA,0.125,NA,0.125,NA,NA,0.125
2018,3,29,NA,0.375,NA,0.375,NA,0.25,NA,0.5,NA,0.375,NA,NA,0.25
2018,3,30,NA,0,NA,0,NA,0,NA,0,NA,0,NA,NA,0
2018,3,31,NA,0,NA,0,NA,0,NA,0,NA,0,NA,NA,0
2018,4,1,NA,0.125,NA,0.125,NA,0.125,NA,0.125,NA,0.125,NA,NA,0.125
2018,4,2,NA,0.125,NA,0.125,NA,0.125,NA,0.125,NA,0.125,NA,NA,0.125
2018,4,3,NA,0.125,NA,0.125,NA,0.125,NA,0.125,NA,0.125,NA,NA,0.125
2018,4,4,NA,0.125,NA,0.125,NA,0.125,NA,0.125,NA,0.125,NA,NA,0.125
2018,4,5,NA,0,NA,0,NA,0,NA,0,NA,0,NA,NA,0
2018,4,6,NA,0.25,NA,0.25,NA,0.125,NA,0.25,NA,0.25,NA,NA,0.125
2018,4,7,NA,0,NA,0,NA,0,NA,0,NA,0,NA,NA,0
2018,4,8,NA,0,NA,0,NA,0,NA,0,NA,0,NA,NA,0
2018,4,9,NA,0.125,NA,0.125,NA,0.125,NA,0.125,NA,0.125,NA,NA,0.125
2018,4,10,NA,0.125,NA,0.125,NA,0.125,NA,0.125,NA,0.125,NA,NA,0.125
2018,4,11,-28.69,0.75,878.04,0.75,NA,0.625,262.83,0.75,75.5,0.75,NA,NA,0.625
2018,4,12,-31.41,0.875,874.25,0.875,44.5,0.75,264.71,0.875,72.57,0.875,44.27,265.7,0.75
2018,4,13,NA,0.5,NA,0.5,NA,0.25,NA,0.5,NA,0.5,NA,NA,0.25
2018,4,14,NA,0.375,NA,0.375,NA,0.375,NA,0.375,NA,0.375,NA,NA,0.375
2018,4,15,NA,0.5,NA,0.5,NA,0.375,NA,0.5,NA,0.5,NA,NA,0.375
2018,4,16,NA,0,NA,0,NA,0,NA,0,NA,0,NA,NA,0
2018,4,17,NA,0,NA,0,NA,0,NA,0,NA,0,NA,NA,0
2018,4,18,NA,0,NA,0,NA,0,NA,0,NA,0,NA,NA,0
2018,4,19,NA,0,NA,0,NA,0,NA,0,NA,0,NA,NA,0
2018,4,20,NA,0,NA,0,NA,0,NA,0,NA,0,NA,NA,0
2018,4,21,NA,0,NA,0,NA,0,NA,0,NA,0,NA,NA,0
2018,4,22,NA,0,NA,0,NA,0,NA,0,NA,0,NA,NA,0
2018,4,23,NA,0,NA,0,NA,0,NA,0,NA,0,NA,NA,0
2018,4,24,NA,0,NA,0,NA,0,NA,0,NA,0,NA,NA,0
2018,4,25,NA,0,NA,0,NA,0,NA,0,NA,0,NA,NA,0
2018,4,26,NA,0,NA,0,NA,0,NA,0,NA,0,NA,NA,0
2018,4,27,NA,0,NA,0,NA,0,NA,0,NA,0,NA,NA,0
2018,4,28,NA,0,NA,0,NA,0,NA,0,NA,0,NA,NA,0
2018,4,29,NA,0,NA,0,NA,0,NA,0,NA,0,NA,NA,0
2018,4,30,NA,0,NA,0,NA,0,NA,0,NA,0,NA,NA,0
2018,5,1,NA,0,NA,0,NA,0,NA,0,NA,0,NA,NA,0
2018,5,2,NA,0,NA,0,NA,0,NA,0,NA,0,NA,NA,0
2018,5,3,NA,0,NA,0,NA,0,NA,0,NA,0,NA,NA,0
2018,5,4,NA,0,NA,0,NA,0,NA,0,NA,0,NA,NA,0
2018,5,5,NA,0,NA,0,NA,0,NA,0,NA,0,NA,NA,0
2018,5,6,NA,0,NA,0,NA,0,NA,0,NA,0,NA,NA,0
2018,5,7,NA,0,NA,0,NA,0,NA,0,NA,0,NA,NA,0
2018,5,8,NA,0,NA,0,NA,0,NA,0,NA,0,NA,NA,0
2018,5,9,NA,0,NA,0,NA,0,NA,0,NA,0,NA,NA,0
2018,5,10,NA,0,NA,0,NA,0,NA,0,NA,0,NA,NA,0
2018,5,11,NA,0,NA,0,NA,0,NA,0,NA,0,NA,NA,0
2018,5,12,NA,0,NA,0,NA,0,NA,0,NA,0,NA,NA,0
2018,5,13,NA,0,NA,0,NA,0,NA,0,NA,0,NA,NA,0
2018,5,14,NA,0,NA,0,NA,0,NA,0,NA,0,NA,NA,0
2018,5,15,NA,0,NA,0,NA,0,NA,0,NA,0,NA,NA,0
2018,5,16,NA,0,NA,0,NA,0,NA,0,NA,0,NA,NA,0
2018,5,17,NA,0,NA,0,NA,0,NA,0,NA,0,NA,NA,0
2018,5,18,NA,0,NA,0,NA,0,NA,0,NA,0,NA,NA,0
2018,5,19,NA,0,NA,0,NA,0,NA,0,NA,0,NA,NA,0
2018,5,20,NA,0,NA,0,NA,0,NA,0,NA,0,NA,NA,0
2018,5,21,NA,0,NA,0,NA,0,NA,0,NA,0,NA,NA,0
2018,5,22,NA,0,NA,0,NA,0,NA,0,NA,0,NA,NA,0
2018,5,23,NA,0,NA,0,NA,0,NA,0,NA,0,NA,NA,0
2018,5,24,NA,0,NA,0,NA,0,NA,0,NA,0,NA,NA,0
2018,5,25,NA,0,NA,0,NA,0,NA,0,NA,0,NA,NA,0
2018,5,26,NA,0,NA,0,NA,0,NA,0,NA,0,NA,NA,0
2018,5,27,NA,0,NA,0,NA,0,NA,0,NA,0,NA,NA,0
2018,5,28,NA,0,NA,0,NA,0,NA,0,NA,0,NA,NA,0
2018,5,29,NA,0,NA,0,NA,0,NA,0,NA,0,NA,NA,0
2018,5,30,NA,0,NA,0,NA,0,NA,0,NA,0,NA,NA,0
2018,5,31,NA,0,NA,0,NA,0,NA,0,NA,0,NA,NA,0
2018,6,1,NA,0,NA,0,NA,0,NA,0,NA,0,NA,NA,0
2018,6,2,NA,0,NA,0,NA,0,NA,0,NA,0,NA,NA,0
2018,6,3,NA,0,NA,0,NA,0,NA,0,NA,0,NA,NA,0
2018,6,4,NA,0,NA,0,NA,0,NA,0,NA,0,NA,NA,0
2018,6,5,NA,0,NA,0,NA,0,NA,0,NA,0,NA,NA,0
2018,6,6,NA,0,NA,0,NA,0,NA,0,NA,0,NA,NA,0
2018,6,7,NA,0,NA,0,NA,0,NA,0,NA,0,NA,NA,0
2018,6,8,NA,0,NA,0,NA,0,NA,0,NA,0,NA,NA,0
2018,6,9,NA,0,NA,0,NA,0,NA,0,NA,0,NA,NA,0
2018,6,10,NA,0,NA,0,NA,0,NA,0,NA,0,NA,NA,0
2018,6,11,NA,0,NA,0,NA,0,NA,0,NA,0,NA,NA,0
2018,6,12,NA,0,NA,0,NA,0,NA,0,NA,0,NA,NA,0
2018,6,13,NA,0,NA,0,NA,0,NA,0,NA,0,NA,NA,0
2018,6,14,NA,0,NA,0,NA,0,NA,0,NA,0,NA,NA,0
2018,6,15,NA,0,NA,0,NA,0,NA,0,NA,0,NA,NA,0
2018,6,16,NA,0,NA,0,NA,0,NA,0,NA,0,NA,NA,0
2018,6,17,NA,0,NA,0,NA,0,NA,0,NA,0,NA,NA,0
2018,6,18,NA,0,NA,0,NA,0,NA,0,NA,0,NA,NA,0
2018,6,19,NA,0,NA,0,NA,0,NA,0,NA,0,NA,NA,0
2018,6,20,NA,0,NA,0,NA,0,NA,0,NA,0,NA,NA,0
2018,6,21,NA,0,NA,0,NA,0,NA,0,NA,0,NA,NA,0
2018,6,22,NA,0,NA,0,NA,0,NA,0,NA,0,NA,NA,0
2018,6,23,NA,0,NA,0,NA,0,NA,0,NA,0,NA,NA,0
2018,6,24,NA,0,NA,0,NA,0,NA,0,NA,0,NA,NA,0
2018,6,25,NA,0,NA,0,NA,0,NA,0,NA,0,NA,NA,0
2018,6,26,NA,0,NA,0,NA,0,NA,0,NA,0,NA,NA,0
2018,6,27,NA,0,NA,0,NA,0,NA,0,NA,0,NA,NA,0
2018,6,28,NA,0,NA,0,NA,0,NA,0,NA,0,NA,NA,0
2018,6,29,NA,0,NA,0,NA,0,NA,0,NA,0,NA,NA,0
2018,6,30,NA,0,NA,0,NA,0,NA,0,NA,0,NA,NA,0
2018,7,1,NA,0,NA,0,NA,0,NA,0,NA,0,NA,NA,0
2018,7,2,NA,0,NA,0,NA,0,NA,0,NA,0,NA,NA,0
2018,7,3,NA,0,NA,0,NA,0,NA,0,NA,0,NA,NA,0
2018,7,4,NA,0,NA,0,NA,0,NA,0,NA,0,NA,NA,0
2018,7,5,NA,0,NA,0,NA,0,NA,0,NA,0,NA,NA,0
2018,7,6,NA,0,NA,0,NA,0,NA,0,NA,0,NA,NA,0
2018,7,7,NA,0,NA,0,NA,0,NA,0,NA,0,NA,NA,0
2018,7,8,NA,0,NA,0,NA,0,NA,0,NA,0,NA,NA,0
2018,7,9,NA,0,NA,0,NA,0,NA,0,NA,0,NA,NA,0
2018,7,10,NA,0,NA,0,NA,0,NA,0,NA,0,NA,NA,0
2018,7,11,NA,0,NA,0,NA,0,NA,0,NA,0,NA,NA,0
2018,7,12,NA,0,NA,0,NA,0,NA,0,NA,0,NA,NA,0
2018,7,13,NA,0,NA,0,NA,0,NA,0,NA,0,NA,NA,0
2018,7,14,NA,0,NA,0,NA,0,NA,0,NA,0,NA,NA,0
2018,7,15,NA,0,NA,0,NA,0,NA,0,NA,0,NA,NA,0
2018,7,16,NA,0,NA,0,NA,0,NA,0,NA,0,NA,NA,0
2018,7,17,NA,0,NA,0,NA,0,NA,0,NA,0,NA,NA,0
2018,7,18,NA,0,NA,0,NA,0,NA,0,NA,0,NA,NA,0
2018,7,19,NA,0,NA,0,NA,0,NA,0,NA,0,NA,NA,0
2018,7,20,NA,0,NA,0,NA,0,NA,0,NA,0,NA,NA,0
2018,7,21,NA,0,NA,0,NA,0,NA,0,NA,0,NA,NA,0
2018,7,22,NA,0,NA,0,NA,0,NA,0,NA,0,NA,NA,0
2018,7,23,NA,0,NA,0,NA,0,NA,0,NA,0,NA,NA,0
2018,7,24,NA,0,NA,0,NA,0,NA,0,NA,0,NA,NA,0
2018,7,25,NA,0,NA,0,NA,0,NA,0,NA,0,NA,NA,0
2018,7,26,NA,0,NA,0,NA,0,NA,0,NA,0,NA,NA,0
2018,7,27,NA,0,NA,0,NA,0,NA,0,NA,0,NA,NA,0
2018,7,28,NA,0,NA,0,NA,0,NA,0,NA,0,NA,NA,0
2018,7,29,NA,0,NA,0,NA,0,NA,0,NA,0,NA,NA,0
2018,7,30,NA,0,NA,0,NA,0,NA,0,NA,0,NA,NA,0
2018,7,31,NA,0,NA,0,NA,0,NA,0,NA,0,NA,NA,0
2018,8,1,NA,0,NA,0,NA,0,NA,0,NA,0,NA,NA,0
2018,8,2,NA,0,NA,0,NA,0,NA,0,NA,0,NA,NA,0
2018,8,3,NA,0,NA,0,NA,0,NA,0,NA,0,NA,NA,0
2018,8,4,NA,0,NA,0,NA,0,NA,0,NA,0,NA,NA,0
2018,8,5,NA,0,NA,0,NA,0,NA,0,NA,0,NA,NA,0
2018,8,6,NA,0,NA,0,NA,0,NA,0,NA,0,NA,NA,0
2018,8,7,NA,0,NA,0,NA,0,NA,0,NA,0,NA,NA,0
2018,8,8,NA,0,NA,0,NA,0,NA,0,NA,0,NA,NA,0
2018,8,9,NA,0,NA,0,NA,0,NA,0,NA,0,NA,NA,0
2018,8,10,NA,0,NA,0,NA,0,NA,0,NA,0,NA,NA,0
2018,8,11,NA,0,NA,0,NA,0,NA,0,NA,0,NA,NA,0
2018,8,12,NA,0,NA,0,NA,0,NA,0,NA,0,NA,NA,0
2018,8,13,NA,0,NA,0,NA,0,NA,0,NA,0,NA,NA,0
2018,8,14,NA,0,NA,0,NA,0,NA,0,NA,0,NA,NA,0
2018,8,15,NA,0,NA,0,NA,0,NA,0,NA,0,NA,NA,0
2018,8,16,NA,0,NA,0,NA,0,NA,0,NA,0,NA,NA,0
2018,8,17,NA,0,NA,0,NA,0,NA,0,NA,0,NA,NA,0
2018,8,18,NA,0,NA,0,NA,0,NA,0,NA,0,NA,NA,0
2018,8,19,NA,0,NA,0,NA,0,NA,0,NA,0,NA,NA,0
2018,8,20,NA,0,NA,0,NA,0,NA,0,NA,0,NA,NA,0
2018,8,21,NA,0,NA,0,NA,0,NA,0,NA,0,NA,NA,0
2018,8,22,NA,0,NA,0,NA,0,NA,0,NA,0,NA,NA,0
2018,8,23,NA,0,NA,0,NA,0,NA,0,NA,0,NA,NA,0
2018,8,24,NA,0,NA,0,NA,0,NA,0,NA,0,NA,NA,0
2018,8,25,NA,0,NA,0,NA,0,NA,0,NA,0,NA,NA,0
2018,8,26,NA,0,NA,0,NA,0,NA,0,NA,0,NA,NA,0
2018,8,27,NA,0,NA,0,NA,0,NA,0,NA,0,NA,NA,0
2018,8,28,NA,0,NA,0,NA,0,NA,0,NA,0,NA,NA,0
2018,8,29,NA,0,NA,0,NA,0,NA,0,NA,0,NA,NA,0
2018,8,30,NA,0,NA,0,NA,0,NA,0,NA,0,NA,NA,0
2018,8,31,NA,0,NA,0,NA,0,NA,0,NA,0,NA,NA,0
2018,9,1,NA,0,NA,0,NA,0,NA,0,NA,0,NA,NA,0
2018,9,2,NA,0,NA,0,NA,0,NA,0,NA,0,NA,NA,0
2018,9,3,NA,0,NA,0,NA,0,NA,0,NA,0,NA,NA,0
2018,9,4,NA,0,NA,0,NA,0,NA,0,NA,0,NA,NA,0
2018,9,5,NA,0,NA,0,NA,0,NA,0,NA,0,NA,NA,0
2018,9,6,NA,0,NA,0,NA,0,NA,0,NA,0,NA,NA,0
2018,9,7,NA,0,NA,0,NA,0,NA,0,NA,0,NA,NA,0
2018,9,8,NA,0,NA,0,NA,0,NA,0,NA,0,NA,NA,0
2018,9,9,NA,0,NA,0,NA,0,NA,0,NA,0,NA,NA,0
2018,9,10,NA,0,NA,0,NA,0,NA,0,NA,0,NA,NA,0
2018,9,11,NA,0,NA,0,NA,0,NA,0,NA,0,NA,NA,0
2018,9,12,NA,0,NA,0,NA,0,NA,0,NA,0,NA,NA,0
2018,9,13,NA,0,NA,0,NA,0,NA,0,NA,0,NA,NA,0
2018,9,14,NA,0.125,NA,0.125,NA,0.125,NA,0.125,NA,0.125,NA,NA,0.125
2018,9,15,NA,0,NA,0,NA,0,NA,0,NA,0,NA,NA,0
2018,9,16,NA,0,NA,0,NA,0,NA,0,NA,0,NA,NA,0
2018,9,17,NA,0,NA,0,NA,0,NA,0,NA,0,NA,NA,0
2018,9,18,NA,0,NA,0,NA,0,NA,0,NA,0,NA,NA,0
2018,9,19,NA,0,NA,0,NA,0,NA,0,NA,0,NA,NA,0
2018,9,20,NA,0,NA,0,NA,0,NA,0,NA,0,NA,NA,0
2018,9,21,NA,0,NA,0,NA,0,NA,0,NA,0,NA,NA,0
2018,9,22,NA,0,NA,0,NA,0,NA,0,NA,0,NA,NA,0
2018,9,23,NA,0,NA,0,NA,0,NA,0,NA,0,NA,NA,0
2018,9,24,NA,0.125,NA,0.125,NA,0.125,NA,0.125,NA,0.125,NA,NA,0.125
2018,9,25,NA,0,NA,0,NA,0,NA,0,NA,0,NA,NA,0
2018,9,26,NA,0.375,NA,0.375,NA,0.375,NA,0.375,NA,0.375,NA,NA,0.375
2018,9,27,NA,0,NA,0,NA,0,NA,0,NA,0,NA,NA,0
2018,9,28,NA,0,NA,0,NA,0,NA,0,NA,0,NA,NA,0
2018,9,29,NA,0,NA,0,NA,0,NA,0,NA,0,NA,NA,0
2018,9,30,NA,0,NA,0,NA,0,NA,0,NA,0,NA,NA,0
2018,10,1,NA,0,NA,0,NA,0,NA,0,NA,0,NA,NA,0
2018,10,2,NA,0,NA,0,NA,0,NA,0,NA,0,NA,NA,0
2018,10,3,NA,0,NA,0,NA,0,NA,0,NA,0,NA,NA,0
2018,10,4,NA,0,NA,0,NA,0,NA,0,NA,0,NA,NA,0
2018,10,5,NA,0,NA,0,NA,0,NA,0,NA,0,NA,NA,0
2018,10,6,NA,0,NA,0,NA,0,NA,0,NA,0,NA,NA,0
2018,10,7,NA,0,NA,0,NA,0,NA,0,NA,0,NA,NA,0
2018,10,8,NA,0,NA,0,NA,0,NA,0,NA,0,NA,NA,0
2018,10,9,NA,0.25,NA,0.25,NA,0.25,NA,0.25,NA,0.25,NA,NA,0.25
2018,10,10,NA,0.125,NA,0.125,NA,0.125,NA,0.125,NA,0.125,NA,NA,0.125
2018,10,11,NA,0,NA,0,NA,0,NA,0,NA,0,NA,NA,0
2018,10,12,NA,0,NA,0,NA,0,NA,0,NA,0,NA,NA,0
2018,10,13,NA,0,NA,0,NA,0,NA,0,NA,0,NA,NA,0
2018,10,14,NA,0,NA,0,NA,0,NA,0,NA,0,NA,NA,0
2018,10,15,NA,0,NA,0,NA,0,NA,0,NA,0,NA,NA,0
2018,10,16,NA,0.25,NA,0.25,NA,0.25,NA,0.25,NA,0.25,NA,NA,0.25
2018,10,17,NA,0,NA,0,NA,0,NA,0,NA,0,NA,NA,0
2018,10,18,NA,0,NA,0,NA,0,NA,0,NA,0,NA,NA,0
2018,10,19,NA,0,NA,0,NA,0,NA,0,NA,0,NA,NA,0
2018,10,20,NA,0,NA,0,NA,0,NA,0,NA,0,NA,NA,0
2018,10,21,NA,0,NA,0,NA,0,NA,0,NA,0,NA,NA,0
2018,10,22,NA,0,NA,0,NA,0,NA,0,NA,0,NA,NA,0
2018,10,23,NA,0.125,NA,0.125,NA,0.125,NA,0.125,NA,0.125,NA,NA,0.125
2018,10,24,NA,0,NA,0,NA,0,NA,0,NA,0,NA,NA,0
2018,10,25,NA,0,NA,0,NA,0,NA,0,NA,0,NA,NA,0
2018,10,26,NA,0,NA,0,NA,0,NA,0,NA,0,NA,NA,0
2018,10,27,NA,0,NA,0,NA,0,NA,0,NA,0,NA,NA,0
2018,10,28,NA,0,NA,0,NA,0,NA,0,NA,0,NA,NA,0
2018,10,29,NA,0,NA,0,NA,0,NA,0,NA,0,NA,NA,0
2018,10,30,NA,0,NA,0,NA,0,NA,0,NA,0,NA,NA,0
2018,10,31,NA,0,NA,0,NA,0,NA,0,NA,0,NA,NA,0
2018,11,1,NA,0,NA,0,NA,0,NA,0,NA,0,NA,NA,0
2018,11,2,NA,0,NA,0,NA,0,NA,0,NA,0,NA,NA,0
2018,11,3,NA,0,NA,0,NA,0,NA,0,NA,0,NA,NA,0
2018,11,4,NA,0,NA,0,NA,0,NA,0,NA,0,NA,NA,0
2018,11,5,-22.44,0.75,866.74,0.75,NA,0.25,259,0.75,71,0.75,NA,NA,0.25
2018,11,6,-19.55,1,866.81,1,15.12,1,257.38,1,65.25,1,15.07,257.17,1
2018,11,7,-19.86,1,867,1,NA,0.5,240.38,1,77.38,1,NA,NA,0.5
2018,11,8,-18.14,1,862.68,1,15.5,0.75,256.5,1,71,1,15.43,254.47,0.75
2018,11,9,-19.17,0.75,857.33,1,NA,0.25,267.25,1,75,1,NA,NA,0.25
2018,11,10,-15.52,0.75,860.4,1,8.29,0.875,277,1,71.38,1,7.43,274.19,0.875
2018,11,11,-14.04,1,859.54,1,8.14,0.875,253.5,1,81.38,1,7.54,249.77,0.875
2018,11,12,-16.24,0.75,856.24,1,12.57,0.875,249.5,1,72.88,1,12.43,252.51,0.875
2018,11,13,-17.62,0.875,858.57,1,12.83,0.75,263,1,71.13,1,12.74,263.46,0.75
2018,11,14,-16.44,0.75,861.82,1,4,0.75,232.25,1,75.25,1,3.87,259.15,0.75
2018,11,15,NA,0.5,861.89,1,NA,0.375,272.62,1,69.63,1,NA,NA,0.375
2018,11,16,-17.29,0.875,864.09,1,NA,0.25,247,1,69.75,1,NA,NA,0.25
2018,11,17,-18.7,0.875,868.57,1,NA,0.625,270.38,1,61.75,1,NA,NA,0.625
2018,11,18,-18.16,0.875,873.93,1,NA,0.25,253.38,1,73.75,1,NA,NA,0.25
2018,11,19,-18.98,1,863.16,1,NA,0.375,250,1,79.88,1,NA,NA,0.375
2018,11,20,-20.51,1,856.41,1,NA,0.25,245.75,1,67.5,1,NA,NA,0.25
2018,11,21,-20.47,0.875,862.53,1,NA,0.125,246.75,1,63.25,1,NA,NA,0.125
2018,11,22,-13.62,0.75,868.77,1,NA,0.125,235.5,1,71.13,1,NA,NA,0.125
2018,11,23,-14.24,0.875,872.16,1,NA,0.125,252.62,1,72.5,1,NA,NA,0.125
2018,11,24,NA,0.625,871.79,1,NA,0,262.88,1,66.88,1,NA,NA,0
2018,11,25,-14.35,0.875,866.42,1,NA,0.375,265.5,1,64.88,1,NA,NA,0.375
2018,11,26,-13.32,0.75,871.16,1,NA,0.125,259.62,1,63.5,1,NA,NA,0.125
2018,11,27,-14.29,0.875,873.55,1,NA,0.375,266.38,1,66.5,1,NA,NA,0.375
2018,11,28,-14.6,1,875.8,1,NA,0.375,252,1,64.5,1,NA,NA,0.375
2018,11,29,-13.33,0.875,873.7,1,NA,0.5,232.5,1,72,1,NA,NA,0.5
2018,11,30,-15,0.875,869.62,1,NA,0.625,253.25,1,66.88,1,NA,NA,0.625
2018,12,1,-14.05,0.875,868.86,1,NA,0.375,244.12,1,66.13,1,NA,NA,0.375
2018,12,2,-13.35,0.875,869.04,1,NA,0.5,269.38,1,70.63,1,NA,NA,0.5
2018,12,3,-11.41,0.875,875.12,1,NA,0.125,161.88,1,77.13,1,NA,NA,0.125
2018,12,4,-11.65,1,876.09,1,NA,0.125,184.25,1,87.5,1,NA,NA,0.125
2018,12,5,-13.45,1,869.44,1,NA,0.375,248.62,1,85.13,1,NA,NA,0.375
2018,12,6,-13.89,1,861.83,1,NA,0.375,260,1,75.63,1,NA,NA,0.375
2018,12,7,-12.12,0.875,869.22,1,NA,0.5,222.12,1,70.63,1,NA,NA,0.5
2018,12,8,-12.75,1,871.58,1,NA,0.625,252.88,1,74.75,1,NA,NA,0.625
2018,12,9,-14.57,1,867.98,1,NA,0.375,261.12,1,77.38,1,NA,NA,0.375
2018,12,10,-11.35,0.75,869.4,1,NA,0.625,231.62,1,75.13,1,NA,NA,0.625
2018,12,11,-10.98,1,874.96,1,NA,0.625,154.25,1,87,1,NA,NA,0.625
2018,12,12,-12.42,1,871.67,1,NA,0.5,250.75,1,68,1,NA,NA,0.5
2018,12,13,-12.46,1,870.89,1,NA,0.5,191.25,1,85.38,1,NA,NA,0.5
2018,12,14,NA,0.625,867.07,1,NA,0.25,222.12,1,80,1,NA,NA,0.25
2018,12,15,-10.36,1,866.95,1,NA,0.5,189.12,1,82.25,1,NA,NA,0.5
2018,12,16,-12.22,1,870.88,1,11.33,0.75,238.88,1,70.38,1,10.08,242.43,0.75
2018,12,17,-8.49,0.875,871.17,1,11,0.875,250.12,1,67.13,1,10.08,250.17,0.875
2018,12,18,-8.47,0.875,875.92,1,NA,0.5,205.25,1,64.13,1,NA,NA,0.5
2018,12,19,-10.41,1,881.53,1,NA,0.25,231.88,1,72.88,1,NA,NA,0.25
2018,12,20,-8.59,0.875,877.87,1,NA,0.25,245.75,1,70.63,1,NA,NA,0.25
2018,12,21,-8.33,1,877.95,1,NA,0.25,170.62,1,86.5,1,NA,NA,0.25
2018,12,22,-9.02,0.75,876.24,0.75,7,0.75,202.17,0.75,79.67,0.75,6.27,205.9,0.75
2018,12,23,-10.28,1,874.9,1,NA,0.375,206.75,1,85.13,1,NA,NA,0.375
2018,12,24,-10.09,1,871.36,1,NA,0.25,183.88,1,89,1,NA,NA,0.25
2018,12,25,-10.12,1,869.53,1,NA,0.5,210.88,1,83.13,1,NA,NA,0.5
2018,12,26,-8.71,1,870.76,1,NA,0.625,203,1,84.13,1,NA,NA,0.625
2018,12,27,-9.22,1,875.13,1,NA,0.5,222.38,1,84.25,1,NA,NA,0.5
2018,12,28,-10.38,0.875,874.69,1,6.43,0.875,246.62,1,78.25,1,5.09,242.41,0.875
2018,12,29,-12.93,0.875,873.06,1,6.14,0.875,231.25,1,76.75,1,5.24,240.13,0.875
2018,12,30,NA,0.5,874.23,1,9.33,0.75,255.75,1,72,1,9.06,259.42,0.75
2018,12,31,-11.64,0.75,874.85,1,10.83,0.75,254.5,1,68.5,1,10.8,252.26,0.75
2019,1,1,-11.01,0.75,873.73,1,14.86,0.875,248,1,68.88,1,14.74,245.92,0.875
2019,1,2,NA,0.625,869.12,1,NA,0.375,280.62,1,70.63,1,NA,NA,0.375
2019,1,3,NA,0.625,866.12,1,NA,0.625,296.75,1,68.88,1,NA,NA,0.625
2019,1,4,-14.43,0.75,863.5,1,8.5,1,271.88,1,72,1,8.17,270.8,1
2019,1,5,NA,0.5,867.25,1,NA,0.5,254.25,1,69.75,1,NA,NA,0.5
2019,1,6,-11.65,0.75,871.98,1,7.57,0.875,247.12,1,69.25,1,7.29,250.99,0.875
2019,1,7,-10.34,0.75,874.02,1,NA,0.625,208.38,1,79.63,1,NA,NA,0.625
2019,1,8,-13.32,0.875,873.72,1,NA,0.5,253.38,1,73.75,1,NA,NA,0.5
2019,1,9,NA,0.375,873.55,1,NA,0.625,227.75,1,68.75,1,NA,NA,0.625
2019,1,10,-12.6,0.75,875.84,1,7,1,231,1,75.25,1,6.62,238.85,1
2019,1,11,-9.57,0.875,881.83,1,NA,0.5,230.88,1,68.38,1,NA,NA,0.5
2019,1,12,-10.06,0.75,884.04,1,NA,0.625,250.12,1,72.5,1,NA,NA,0.625
2019,1,13,-12.41,0.75,879.88,1,NA,0.375,244.5,1,77.63,1,NA,NA,0.375
2019,1,14,-9.62,0.875,884.19,1,3,0.75,182.25,1,90,1,1.78,146.7,0.75
2019,1,15,-11,1,884.31,1,NA,0.5,250,1,74,1,NA,NA,0.5
2019,1,16,-10.42,1,875.05,1,NA,0.375,253.5,1,75.13,1,NA,NA,0.375
2019,1,17,-9.09,0.75,874.12,1,NA,0.625,201.88,1,80.75,1,NA,NA,0.625
2019,1,18,NA,0.625,874.86,1,NA,0.625,195.62,1,79.75,1,NA,NA,0.625
2019,1,19,-12.01,0.875,872.21,1,NA,0.5,265.62,1,75.75,1,NA,NA,0.5
2019,1,20,-12.72,0.875,873.14,1,NA,0.625,248.12,1,69.88,1,NA,NA,0.625
2019,1,21,NA,0.625,876.5,1,NA,0.5,182.25,1,82.63,1,NA,NA,0.5
2019,1,22,-9.84,1,881.15,1,10.86,0.875,96.5,1,93.5,1,10.76,95.18,0.875
2019,1,23,-10.87,1,883.6,1,NA,0.625,205,1,82.38,1,NA,NA,0.625
2019,1,24,-10.08,1,878.61,1,10.5,0.75,251,1,73.63,1,10.45,250.58,0.75
2019,1,25,-12.16,1,869.52,1,NA,0.5,252.12,1,79.75,1,NA,NA,0.5
2019,1,26,-12.92,0.875,870.56,1,NA,0.25,248.88,1,72,1,NA,NA,0.25
2019,1,27,NA,0.625,872.11,1,NA,0.625,257.5,1,74.13,1,NA,NA,0.625
2019,1,28,-14.49,1,870.54,1,NA,0.5,255.25,1,75.38,1,NA,NA,0.5
2019,1,29,NA,0.625,869,1,NA,0.5,277.88,1,83,1,NA,NA,0.5
2019,1,30,-15.87,0.875,873.15,1,NA,0.125,259.5,1,75.38,1,NA,NA,0.125
2019,1,31,-18.66,1,876.71,1,NA,0.625,254.62,1,74.38,1,NA,NA,0.625
2019,2,1,-16.62,0.875,875.86,1,NA,0.25,271.5,1,73.25,1,NA,NA,0.25
2019,2,2,-13.23,1,871.93,1,8.33,0.75,201.62,1,84.38,1,5.59,215.49,0.75
2019,2,3,-15.59,0.75,868.49,1,NA,0.625,272.38,1,72.88,1,NA,NA,0.625
2019,2,4,-18.27,0.875,865.36,1,16.67,0.75,269.25,1,73,1,15.78,275.92,0.75
2019,2,5,-20.7,1,864.51,1,NA,0.625,249.5,1,78.5,1,NA,NA,0.625
2019,2,6,-18.66,1,867.92,1,NA,0.375,261.25,1,74.25,1,NA,NA,0.375
2019,2,7,-15.86,1,865.73,1,NA,0.375,251.38,1,78.63,1,NA,NA,0.375
2019,2,8,-19.68,0.875,860.87,1,NA,0.375,271.88,1,71.5,1,NA,NA,0.375
2019,2,9,-14.41,0.75,873.15,1,3.83,0.75,264,1,84,1,3.41,261.82,0.75
2019,2,10,NA,0.625,879.02,1,NA,0.125,218.75,1,80.88,1,NA,NA,0.125
2019,2,11,-20.69,0.875,875.48,1,NA,0.375,256.62,1,78.25,1,NA,NA,0.375
2019,2,12,-22.95,1,877.18,1,NA,0.125,266.62,1,74.88,1,NA,NA,0.125
2019,2,13,-21.07,0.875,881.43,1,NA,0.375,258.75,1,81.88,1,NA,NA,0.375
2019,2,14,-16.02,0.875,885.49,1,NA,0.25,226.62,1,81.88,1,NA,NA,0.25
2019,2,15,-16.12,1,888.5,1,NA,0.375,251.62,1,83.75,1,NA,NA,0.375
2019,2,16,-18.96,1,883.57,1,NA,0.25,251,1,81,1,NA,NA,0.25
2019,2,17,-18.21,0.875,886.17,1,NA,0.125,270.25,1,79.25,1,NA,NA,0.125
2019,2,18,-20.33,1,883.6,1,NA,0.375,267.75,1,66.75,1,NA,NA,0.375
2019,2,19,-15.73,0.75,888.71,1,NA,0.375,198.5,1,79,1,NA,NA,0.375
2019,2,20,-19.96,1,886.21,1,17.5,0.75,257.62,1,68.13,1,17.41,258.71,0.75
2019,2,21,-21.15,0.875,881.86,1,15,0.75,260.12,1,61.38,1,14.97,260.7,0.75
2019,2,22,-22.54,0.875,880.58,1,NA,0.375,263.5,1,69.38,1,NA,NA,0.375
2019,2,23,-23.62,0.75,878.41,1,NA,0.125,261,1,67.63,1,NA,NA,0.125
2019,2,24,-23.41,1,876.32,1,NA,0.5,266.75,1,66.13,1,NA,NA,0.5
2019,2,25,-21.48,0.875,868.55,1,NA,0.5,262.75,1,65.25,1,NA,NA,0.5
2019,2,26,-20.64,0.875,864.48,1,NA,0.375,263,1,66.38,1,NA,NA,0.375
2019,2,27,NA,0.625,873.77,1,NA,0.25,274.5,1,79.25,1,NA,NA,0.25
2019,2,28,-18.28,0.875,874.98,1,NA,0.5,249.5,1,81.38,1,NA,NA,0.5
2019,3,1,-24.1,0.875,870.12,1,NA,0.25,286.5,1,75.13,1,NA,NA,0.25
2019,3,2,NA,0.625,881.72,1,6.83,0.75,234,1,84.25,1,6.37,244.27,0.75
2019,3,3,-16.96,0.875,883.16,1,NA,0.5,221.75,1,78.25,1,NA,NA,0.5
2019,3,4,-21.63,0.875,883.43,1,NA,0.25,265.88,1,74.75,1,NA,NA,0.25
2019,3,5,-23.44,0.875,879.95,1,15.71,0.875,262.12,1,70.63,1,15.68,262.47,0.875
2019,3,6,-23.35,0.75,875.9,1,NA,0.625,263.38,1,73.75,1,NA,NA,0.625
2019,3,7,-22.41,0.875,874.47,1,NA,0.625,258.88,1,79.25,1,NA,NA,0.625
2019,3,8,-30.5,0.875,872.92,1,NA,0.375,277,1,74.13,1,NA,NA,0.375
2019,3,9,-32.14,0.875,870.09,1,26.5,0.75,272.62,1,68.25,1,26.29,274.63,0.75
2019,3,10,-30.81,1,872.97,1,NA,0.375,266,1,71.75,1,NA,NA,0.375
2019,3,11,-24.25,1,874.71,1,NA,0.375,261.38,1,75.88,1,NA,NA,0.375
2019,3,12,-23.5,1,878.98,1,NA,0.375,257.5,1,70.63,1,NA,NA,0.375
2019,3,13,-21.91,1,874.29,1,NA,0.25,259.88,1,69.5,1,NA,NA,0.25
2019,3,14,-21.81,1,869.64,1,NA,0.5,229,1,77.75,1,NA,NA,0.5
2019,3,15,-20.68,1,867.93,1,NA,0.375,268.12,1,79.25,1,NA,NA,0.375
2019,3,16,-25.93,0.875,859.39,1,NA,0.25,257.75,1,72.63,1,NA,NA,0.25
2019,3,17,-35.44,1,856.96,1,38.71,0.875,263.88,1,68.88,1,37.79,259.62,0.875
2019,3,18,-36.25,1,859.92,1,NA,0.625,277.38,1,67.88,1,NA,NA,0.625
2019,3,19,-31.25,0.875,863.88,1,21,0.75,254.88,1,68.63,1,20.94,253.67,0.75
2019,3,20,-32.1,0.875,873.96,1,NA,0.25,260.88,1,71.88,1,NA,NA,0.25
2019,3,21,-30.5,1,870.3,1,NA,0.25,261,1,62.13,1,NA,NA,0.25
2019,3,22,-25.05,1,871.06,1,NA,0,277.75,1,66,1,NA,NA,0
2019,3,23,-28.61,1,874.39,1,NA,0.125,267.75,1,71.63,1,NA,NA,0.125
2019,3,24,-32.45,1,866.71,1,NA,0,265.5,1,72,1,NA,NA,0
2019,3,25,NA,0.5,868.38,1,NA,0.25,252.62,1,79.75,1,NA,NA,0.25
2019,3,26,NA,0.625,876.64,1,NA,0.125,258.5,1,76.88,1,NA,NA,0.125
2019,3,27,-24.42,1,873.43,1,NA,0.25,257.12,1,69.5,1,NA,NA,0.25
2019,3,28,-27.95,1,868.6,1,NA,0.25,252.75,1,75.38,1,NA,NA,0.25
2019,3,29,-28.67,1,866.86,1,NA,0.125,249.75,1,65.25,1,NA,NA,0.125
2019,3,30,-32.8,1,867.73,1,NA,0.125,257.75,1,70.88,1,NA,NA,0.125
2019,3,31,-36.55,1,868.03,1,NA,0.5,255.62,1,66.25,1,NA,NA,0.5
2019,4,1,-35.87,1,863.73,1,NA,0.625,253.75,1,62.88,1,NA,NA,0.625
2019,4,2,-35.64,1,861.72,1,NA,0.375,251.62,1,61.63,1,NA,NA,0.375
2019,4,3,-37.38,1,861.88,1,NA,0.125,257.25,1,60.38,1,NA,NA,0.125
2019,4,4,-41.42,1,863.17,1,NA,0.5,268.25,1,61.38,1,NA,NA,0.5
2019,4,5,-40.79,1,860.56,1,34.33,0.75,256.12,1,61.75,1,34.18,254.89,0.75
2019,4,6,-39.62,1,865.62,1,NA,0.25,253.75,1,62.88,1,NA,NA,0.25
2019,4,7,-36.25,1,873.04,1,NA,0,291,1,66.63,1,NA,NA,0
2019,4,8,-33.87,1,873.97,1,NA,0.125,258.25,1,64.38,1,NA,NA,0.125
2019,4,9,-38.21,1,874.56,1,NA,0.25,253.88,1,63.63,1,NA,NA,0.25
2019,4,10,-35.81,1,868.63,1,NA,0.25,255.88,1,56.38,1,NA,NA,0.25
2019,4,11,-37.66,1,866.12,1,NA,0.25,267.88,1,58.63,1,NA,NA,0.25
2019,4,12,-37.81,1,864.21,1,NA,0.625,257.25,1,58.63,1,NA,NA,0.625
2019,4,13,-34.11,1,861.09,1,NA,0.375,259.75,1,54.75,1,NA,NA,0.375
2019,4,14,-40.64,1,862.22,1,NA,0.375,260.38,1,61.75,1,NA,NA,0.375
2019,4,15,-36.73,0.875,873.77,1,NA,0.375,262.5,1,66.13,1,NA,NA,0.375
2019,4,16,-33.36,1,876.86,1,NA,0.125,268,1,69.75,1,NA,NA,0.125
2019,4,17,-35.17,1,879.63,1,NA,0.375,270.75,1,67.5,1,NA,NA,0.375
2019,4,18,-29.75,1,873.15,1,NA,0.25,270.62,1,63,1,NA,NA,0.25
2019,4,19,-30.19,0.75,863.25,1,NA,0.125,278,1,72.13,1,NA,NA,0.125
2019,4,20,-21.62,1,870.66,1,NA,0.25,224.62,1,79.13,1,NA,NA,0.25
2019,4,21,-24.89,1,875.76,1,NA,0.25,244.12,1,74.25,1,NA,NA,0.25
2019,4,22,-32.83,1,868.21,1,NA,0.125,255.75,1,71.88,1,NA,NA,0.125
2019,4,23,NA,0.625,860.71,1,NA,0.25,266.62,1,67.88,1,NA,NA,0.25
2019,4,24,-18.04,1,859.71,1,NA,0.5,208.88,1,82.88,1,NA,NA,0.5
2019,4,25,-25.58,0.875,865.9,1,NA,0.375,274.75,1,76.25,1,NA,NA,0.375
2019,4,26,-31.55,1,869.65,1,NA,0.625,272.62,1,72.38,1,NA,NA,0.625
2019,4,27,-35.49,1,869.8,1,NA,0.5,261.88,1,68.5,1,NA,NA,0.5
2019,4,28,-32.38,1,873.25,1,19,0.75,260.75,1,67.88,1,18.96,259.03,0.75
2019,4,29,-31.76,1,874.46,1,NA,0.5,262.62,1,69.25,1,NA,NA,0.5
2019,4,30,-32.45,1,867.47,1,NA,0.5,253.5,1,71.38,1,NA,NA,0.5
2019,5,1,-30.9,1,864.72,1,16.5,0.75,253.5,1,68.63,1,16.39,253.79,0.75
2019,5,2,-35.54,1,856.79,1,NA,0.25,266,1,68.63,1,NA,NA,0.25
2019,5,3,-36.9,1,850.58,1,NA,0.5,274.75,1,65.88,1,NA,NA,0.5
2019,5,4,-27.19,1,862.81,1,NA,0.25,241,1,69.75,1,NA,NA,0.25
2019,5,5,-24.99,0.75,872.62,1,NA,0.25,258.38,1,75.88,1,NA,NA,0.25
2019,5,6,-33.36,0.875,880.19,1,NA,0.375,270.12,1,71,1,NA,NA,0.375
2019,5,7,-28.37,1,874.61,1,NA,0.375,254.75,1,76,1,NA,NA,0.375
2019,5,8,-29.3,1,869.47,1,NA,0.5,248,1,75.25,1,NA,NA,0.5
2019,5,9,-34.18,1,865.44,1,NA,0.375,272.75,1,70.25,1,NA,NA,0.375
2019,5,10,-31.22,1,867.78,1,NA,0.125,263.12,1,71.63,1,NA,NA,0.125
2019,5,11,-31.63,1,864.94,1,NA,0.5,265.12,1,70.13,1,NA,NA,0.5
2019,5,12,-32.52,1,863.48,1,26.5,0.75,257.62,1,63,1,26.42,257.57,0.75
2019,5,13,-37.1,1,864.99,1,27.71,0.875,260.88,1,62.5,1,27.6,260.66,0.875
2019,5,14,-37.62,1,866.5,1,28.86,0.875,264.75,1,65.88,1,28.76,264.61,0.875
2019,5,15,-38.02,1,865.39,1,NA,0.625,268,1,65,1,NA,NA,0.625
2019,5,16,-33.28,1,863.51,1,19.67,0.75,261.38,1,61.63,1,19.64,261.32,0.75
2019,5,17,-31.78,1,866.5,1,NA,0.625,256.12,1,70.25,1,NA,NA,0.625
2019,5,18,-34.73,1,864.96,1,17.12,1,261.62,1,65.5,1,17.11,261.44,1
2019,5,19,-30.48,0.875,864.18,1,17.75,1,249.88,1,73,1,17.65,249.99,1
2019,5,20,-20.51,1,869.7,1,NA,0.625,237.62,1,82.38,1,NA,NA,0.625
2019,5,21,-26.84,0.75,868.44,1,NA,0.125,263.75,1,76.63,1,NA,NA,0.125
2019,5,22,-31.93,1,867.31,1,NA,0.125,276.25,1,72.75,1,NA,NA,0.125
2019,5,23,-28.5,1,883.8,1,NA,0.125,256,1,74.75,1,NA,NA,0.125
2019,5,24,-27.42,1,885.89,1,NA,0.625,258.75,1,77.25,1,NA,NA,0.625
2019,5,25,-34.77,1,885.57,1,NA,0.625,258.25,1,69.5,1,NA,NA,0.625
2019,5,26,-39.13,1,885.52,1,36.14,0.875,258.38,1,65,1,36.13,258.69,0.875
2019,5,27,-40.43,1,886.22,1,NA,0.625,259.62,1,63.38,1,NA,NA,0.625
2019,5,28,-31.76,1,888.31,1,24.17,0.75,263.62,1,70.38,1,24.13,262.71,0.75
2019,5,29,-29.77,0.875,888.91,1,NA,0.5,263,1,70.5,1,NA,NA,0.5
2019,5,30,-25.93,1,886.5,1,NA,0.125,256,1,62.88,1,NA,NA,0.125
2019,5,31,NA,0.625,884.5,1,NA,0.375,250.75,1,74.13,1,NA,NA,0.375
2019,6,1,-27.89,1,885.44,1,NA,0.5,257.25,1,66.63,1,NA,NA,0.5
2019,6,2,-23.63,0.75,875.96,1,NA,0,249.62,1,66.13,1,NA,NA,0
2019,6,3,-38.86,1,870.32,1,NA,0.375,254,1,65.25,1,NA,NA,0.375
2019,6,4,-38.44,1,860.5,1,NA,0.5,260.38,1,65,1,NA,NA,0.5
2019,6,5,-43.14,1,856.14,1,NA,0.25,256.75,1,60.13,1,NA,NA,0.25
2019,6,6,-36.1,1,861.79,1,16.33,0.75,252.12,1,66.63,1,16.25,252.88,0.75
2019,6,7,-38.48,1,862.31,1,NA,0.5,263.38,1,64.63,1,NA,NA,0.5
2019,6,8,-40.88,1,860.68,1,NA,0.25,261.12,1,62.5,1,NA,NA,0.25
2019,6,9,-36.75,0.875,860.44,1,NA,0.5,261.62,1,63.25,1,NA,NA,0.5
2019,6,10,-31.09,1,844.76,1,NA,0.375,270.38,1,70.88,1,NA,NA,0.375
2019,6,11,-31.84,1,844.22,1,NA,0.5,276.38,1,72.5,1,NA,NA,0.5
2019,6,12,-32.44,0.75,852.05,1,NA,0.25,269,1,69.88,1,NA,NA,0.25
2019,6,13,-40.62,1,857.52,1,NA,0.5,255.5,1,63.13,1,NA,NA,0.5
2019,6,14,-39.66,1,856.4,1,NA,0.375,259.75,1,62.63,1,NA,NA,0.375
2019,6,15,-42.56,1,858.6,1,NA,0.375,259.12,1,57.38,1,NA,NA,0.375
2019,6,16,-41.01,0.875,863.66,1,NA,0.5,250.25,1,62,1,NA,NA,0.5
2019,6,17,-37.47,1,859.32,1,NA,0.25,254.25,1,64.5,1,NA,NA,0.25
2019,6,18,-44.63,0.875,862.01,1,51.29,0.875,250.75,1,58.25,1,51.25,250.9,0.875
2019,6,19,-44.71,1,858.72,1,NA,0.375,265.88,1,58.13,1,NA,NA,0.375
2019,6,20,-40.61,1,861.96,1,NA,0.25,248.12,1,62.25,1,NA,NA,0.25
2019,6,21,-43.26,1,852.35,1,42.67,0.75,252.25,1,59.63,1,42.64,253.36,0.75
2019,6,22,-46.39,1,853.49,1,NA,0.125,265.62,1,56,1,NA,NA,0.125
2019,6,23,-42.92,0.875,855.66,1,25.5,0.75,259.12,1,58.63,1,25.43,259.99,0.75
2019,6,24,-36.63,0.875,857.04,1,NA,0,270.38,1,65.75,1,NA,NA,0
2019,6,25,-32.42,0.75,845.82,1,NA,0,266.38,1,72.25,1,NA,NA,0
2019,6,26,-22.62,1,848.15,1,NA,0.25,239.38,1,80.5,1,NA,NA,0.25
2019,6,27,-27.91,1,855.61,1,NA,0.375,241.12,1,76.63,1,NA,NA,0.375
2019,6,28,-33.8,0.875,852.62,1,NA,0,266.62,1,68.88,1,NA,NA,0
2019,6,29,-31.07,1,858.24,1,NA,0.375,266.88,1,68.13,1,NA,NA,0.375
2019,6,30,-35.84,0.875,852.8,1,NA,0.125,267.25,1,68.25,1,NA,NA,0.125
2019,7,1,-32.29,0.875,855.22,1,NA,0.125,266.62,1,67.63,1,NA,NA,0.125
2019,7,2,-35.44,1,857.33,1,NA,0.125,263.62,1,67.75,1,NA,NA,0.125
2019,7,3,-31.59,1,869.98,1,NA,0.625,244.62,1,72.13,1,NA,NA,0.625
2019,7,4,-37.78,1,863.63,1,NA,0.375,261.88,1,66.5,1,NA,NA,0.375
2019,7,5,-41.48,1,864.81,1,NA,0.625,264.12,1,62.13,1,NA,NA,0.625
2019,7,6,-37.73,1,869.26,1,NA,0.5,266.62,1,65.75,1,NA,NA,0.5
2019,7,7,-33.99,0.75,876.59,1,NA,0.375,264.75,1,69.63,1,NA,NA,0.375
2019,7,8,-30.51,1,868.55,1,NA,0.25,268.25,1,73.13,1,NA,NA,0.25
2019,7,9,NA,0.625,863.34,1,NA,0.25,267.88,1,64,1,NA,NA,0.25
2019,7,10,-23.03,1,866.33,1,NA,0.375,263.5,1,74.13,1,NA,NA,0.375
2019,7,11,-26.9,1,870.98,1,NA,0.125,277.38,1,70.38,1,NA,NA,0.125
2019,7,12,-25.92,1,883.29,1,NA,0.375,275.38,1,75.75,1,NA,NA,0.375
2019,7,13,-25.37,1,885.2,1,NA,0.25,235.88,1,66.25,1,NA,NA,0.25
2019,7,14,-26.1,1,887.71,1,8.62,1,247.5,1,77.5,1,8.32,251.08,1
2019,7,15,-30.98,1,888.42,1,NA,0.125,251.12,1,73,1,NA,NA,0.125
2019,7,16,-31.73,1,884.85,1,NA,0.5,259.38,1,60.75,1,NA,NA,0.5
2019,7,17,-28.57,1,878.72,1,NA,0.375,253.75,1,64.25,1,NA,NA,0.375
2019,7,18,-29.82,1,876.22,1,NA,0.25,253.88,1,64.75,1,NA,NA,0.25
2019,7,19,-30.55,1,872.13,1,47.25,1,263.75,1,64,1,47.1,263.93,1
2019,7,20,-27.97,1,873.59,1,NA,0.375,255.62,1,48.25,1,NA,NA,0.375
2019,7,21,-27.78,1,874.6,1,NA,0.625,254.38,1,45.13,1,NA,NA,0.625
2019,7,22,-29.55,0.875,881.33,1,NA,0.5,256,1,55.88,1,NA,NA,0.5
2019,7,23,-27.14,1,888.17,1,NA,0.375,257,1,52,1,NA,NA,0.375
2019,7,24,-28.36,1,883.56,1,NA,0.5,258.5,1,52.63,1,NA,NA,0.5
2019,7,25,-30.54,1,879.13,1,22.86,0.875,259.12,1,49.25,1,22.8,259.23,0.875
2019,7,26,-33.35,1,871.4,1,NA,0.375,264.12,1,49.13,1,NA,NA,0.375
2019,7,27,-27.97,1,873.51,1,NA,0.125,261.75,1,63.25,1,NA,NA,0.125
2019,7,28,-26.91,1,872.03,1,NA,0.125,261,1,65.25,1,NA,NA,0.125
2019,7,29,-27.63,1,868.35,1,NA,0.5,256.5,1,43.25,1,NA,NA,0.5
2019,7,30,-35.53,1,869.53,1,NA,0.625,251,1,49.5,1,NA,NA,0.625
2019,7,31,-38.1,1,872.84,1,NA,0.375,253.25,1,54.25,1,NA,NA,0.375
2019,8,1,-36.76,1,871.98,1,NA,0.25,249.62,1,41.25,1,NA,NA,0.25
2019,8,2,-38.4,1,873.64,1,NA,0.375,251.25,1,43,1,NA,NA,0.375
2019,8,3,-32.76,1,873.65,1,NA,0.25,250.38,1,43.38,1,NA,NA,0.25
2019,8,4,-32.7,1,884.1,1,NA,0.25,193.75,1,69,1,NA,NA,0.25
2019,8,5,-27.72,1,892.58,1,NA,0.5,229.38,1,73.13,1,NA,NA,0.5
2019,8,6,-26.88,1,887.71,1,NA,0.5,254.12,1,72.88,1,NA,NA,0.5
2019,8,7,-28.51,0.875,880.69,1,NA,0.25,256.75,1,75.13,1,NA,NA,0.25
2019,8,8,-32.11,1,878.35,1,NA,0.5,259.25,1,72,1,NA,NA,0.5
2019,8,9,-35.2,1,875.67,1,NA,0.375,253.5,1,68.25,1,NA,NA,0.375
2019,8,10,-35.14,1,862.54,1,NA,0.5,279.12,1,66.38,1,NA,NA,0.5
2019,8,11,-29.05,1,858.96,1,NA,0.25,264.38,1,70.38,1,NA,NA,0.25
2019,8,12,-32.93,0.75,862.18,1,NA,0.25,281.12,1,71.5,1,NA,NA,0.25
2019,8,13,-32.88,1,867.22,1,NA,0.5,261.25,1,68.88,1,NA,NA,0.5
2019,8,14,-34.6,1,871.41,1,NA,0.625,257.62,1,56,1,NA,NA,0.625
2019,8,15,-35.01,1,870.13,1,19,1,257.88,1,53.88,1,18.99,257.95,1
2019,8,16,-37.58,1,870.39,1,17,0.75,265.38,1,60,1,16.96,265.37,0.75
2019,8,17,-38.36,1,858.09,1,NA,0.25,268.5,1,64.75,1,NA,NA,0.25
2019,8,18,-38.54,0.875,854.7,1,NA,0.375,273.88,1,64.75,1,NA,NA,0.375
2019,8,19,-32.82,1,859.14,1,NA,0.5,268.75,1,69.25,1,NA,NA,0.5
2019,8,20,-33.29,1,860.2,1,NA,0.25,272.5,1,70.38,1,NA,NA,0.25
2019,8,21,-31.53,0.75,866.77,1,NA,0.5,264,1,71.38,1,NA,NA,0.5
2019,8,22,-36.53,1,860.95,1,NA,0.5,260,1,67.38,1,NA,NA,0.5
2019,8,23,-34.32,0.75,857.78,1,NA,0,262.62,1,69.5,1,NA,NA,0
2019,8,24,-32.92,0.75,867.06,1,NA,0.5,241.62,1,71.5,1,NA,NA,0.5
2019,8,25,-29.54,1,862.16,1,NA,0.625,250.38,1,69.75,1,NA,NA,0.625
2019,8,26,-22.7,1,851.11,1,18.83,0.75,245.25,1,79.88,1,18.8,247.51,0.75
2019,8,27,-21.42,1,852.03,1,NA,0.25,240.12,1,79.5,1,NA,NA,0.25
2019,8,28,-23.41,1,861.09,1,NA,0.25,263,1,74.63,1,NA,NA,0.25
2019,8,29,-26.46,1,863.15,1,NA,0.5,250.25,1,76.63,1,NA,NA,0.5
2019,8,30,-34.3,1,864.41,1,NA,0.25,263.88,1,69.5,1,NA,NA,0.25
2019,8,31,-37.88,0.875,866.29,1,25.83,0.75,265.38,1,66.5,1,25.75,263.72,0.75
2019,9,1,-33.5,1,861.71,1,NA,0.625,261.62,1,70.5,1,NA,NA,0.625
2019,9,2,-33.74,1,855.93,1,NA,0.5,263.88,1,69.13,1,NA,NA,0.5
2019,9,3,-30.07,0.75,854.17,1,NA,0,232,1,74.63,1,NA,NA,0
2019,9,4,-27.42,1,858.71,1,NA,0,256.62,1,76.38,1,NA,NA,0
2019,9,5,-36.58,1,854.53,1,NA,0.25,274.12,1,67.63,1,NA,NA,0.25
2019,9,6,-32.58,0.75,862.65,1,NA,0,248,1,72.13,1,NA,NA,0
2019,9,7,-36.1,1,860.85,1,NA,0.25,262.38,1,68.25,1,NA,NA,0.25
2019,9,8,-38.25,1,855.73,1,NA,0.625,273.62,1,65.25,1,NA,NA,0.625
2019,9,9,-36.87,1,851.3,1,21.67,0.75,265.5,1,58.75,1,21.63,263.91,0.75
2019,9,10,-37.76,1,857.18,1,NA,0.625,257.75,1,56,1,NA,NA,0.625
2019,9,11,-42.62,1,858.15,1,NA,0.625,266.75,1,60.25,1,NA,NA,0.625
2019,9,12,-41.66,1,854.95,1,NA,0.25,276.62,1,58.75,1,NA,NA,0.25
2019,9,13,-33.77,0.75,856.44,1,NA,0.25,258.25,1,66.13,1,NA,NA,0.25
2019,9,14,-38.84,1,862,1,NA,0.25,258.88,1,64.63,1,NA,NA,0.25
2019,9,15,-38.57,1,859.83,1,30,1,255,1,63.25,1,29.98,255.06,1
2019,9,16,-37.34,1,843.36,1,NA,0.625,256.75,1,66,1,NA,NA,0.625
2019,9,17,-42.92,1,844.06,1,45.83,0.75,259.12,1,60.13,1,45.71,261.41,0.75
2019,9,18,-44.12,1,862.16,1,NA,0.25,258.12,1,58.63,1,NA,NA,0.25
2019,9,19,-38.15,0.75,867.68,1,NA,0.5,256.38,1,64.88,1,NA,NA,0.5
2019,9,20,-39.32,1,862.32,1,NA,0.375,254.25,1,61.88,1,NA,NA,0.375
2019,9,21,-40.04,1,862.19,1,NA,0.5,259.5,1,59.13,1,NA,NA,0.5
2019,9,22,NA,0.625,867.24,1,NA,0,275.38,1,67.75,1,NA,NA,0
2019,9,23,-33.68,0.875,864.59,1,NA,0,257.75,1,68.88,1,NA,NA,0
2019,9,24,-34.88,1,866.1,1,NA,0.375,260.5,1,60.88,1,NA,NA,0.375
2019,9,25,-31.78,0.875,869.67,1,NA,0.5,268.88,1,64.25,1,NA,NA,0.5
2019,9,26,-31.02,1,863.61,1,NA,0.5,261.88,1,58.63,1,NA,NA,0.5
2019,9,27,-33.71,1,867.33,1,NA,0,259.5,1,58.88,1,NA,NA,0
2019,9,28,-31.63,0.875,859.5,1,NA,0.125,250.25,1,53,1,NA,NA,0.125
2019,9,29,-36.25,1,852.68,1,NA,0.5,258.25,1,56.75,1,NA,NA,0.5
2019,9,30,-35.34,0.75,843.17,1,NA,0,283.12,1,68.5,1,NA,NA,0
2019,10,1,-26.22,0.75,851.38,1,NA,0.375,216.75,1,76,1,NA,NA,0.375
2019,10,2,-29.86,1,861.32,1,NA,0.625,255.12,1,66.13,1,NA,NA,0.625
2019,10,3,-32.13,1,859.25,1,NA,0.625,259.25,1,66.5,1,NA,NA,0.625
2019,10,4,-29.76,1,858.98,1,NA,0.625,263.5,1,69.25,1,NA,NA,0.625
2019,10,5,-28.55,1,857.6,1,16.67,0.75,258.88,1,66.63,1,16.55,258.91,0.75
2019,10,6,-30.82,1,857.6,1,NA,0.5,261.38,1,66.88,1,NA,NA,0.5
2019,10,7,-34.01,1,852.01,1,NA,0.5,NA,0.625,69,1,NA,NA,0.125
2019,10,8,-35.7,1,859.19,1,NA,0.25,254.75,1,60.88,1,NA,NA,0.25
2019,10,9,-35.65,1,867.59,1,22.17,0.75,261.75,1,61,1,22.16,260.91,0.75
2019,10,10,-32.55,0.875,867.98,1,18.17,0.75,254.62,1,65,1,18.1,255.24,0.75
2019,10,11,-30.17,1,871.09,1,NA,0.125,262.12,1,68.75,1,NA,NA,0.125
2019,10,12,-28.73,1,871.48,1,NA,0.5,255.75,1,74.25,1,NA,NA,0.5
2019,10,13,-30.97,1,863.33,1,NA,0.5,256.62,1,60.88,1,NA,NA,0.5
2019,10,14,-25.84,0.75,864.63,1,NA,0.5,246,1,65.25,1,NA,NA,0.5
2019,10,15,-26.79,0.875,862.58,1,NA,0.5,251.38,1,73.63,1,NA,NA,0.5
2019,10,16,-35.2,1,858.62,1,NA,0.5,278.75,1,68.88,1,NA,NA,0.5
2019,10,17,-33.73,1,859.66,1,NA,0.5,271,1,69.75,1,NA,NA,0.5
2019,10,18,-33.38,0.875,865.64,1,NA,0.125,268.88,1,66.25,1,NA,NA,0.125
2019,10,19,-24.68,0.75,880.11,1,9.33,0.75,248.62,1,63.75,1,9.32,250.82,0.75
2019,10,20,-23.84,1,880.18,1,NA,0.5,251.38,1,58,1,NA,NA,0.5
2019,10,21,-25.67,0.875,874.76,1,NA,0.25,251.75,1,52.5,1,NA,NA,0.25
2019,10,22,-24.93,0.875,880.89,1,NA,0.5,258,1,71.13,1,NA,NA,0.5
2019,10,23,-25.61,0.75,878.14,1,NA,0.25,255.5,1,70,1,NA,NA,0.25
2019,10,24,NA,0.625,877.32,1,NA,0.5,264.88,1,69.13,1,NA,NA,0.5
2019,10,25,-24.8,1,875.04,1,NA,0.625,258.62,1,69.5,1,NA,NA,0.625
2019,10,26,-28.11,1,871.23,1,NA,0.5,261,1,67.63,1,NA,NA,0.5
2019,10,27,-26.08,0.875,871.07,1,25,0.875,260.75,1,60,1,24.98,261.83,0.875
2019,10,28,-23.99,1,876.83,1,NA,0.375,249.5,1,64.25,1,NA,NA,0.375
2019,10,29,-20.17,0.875,880.58,1,13,0.75,245,1,68.75,1,12.72,244.92,0.75
2019,10,30,NA,0.625,878.44,1,NA,0.5,267.88,1,65.5,1,NA,NA,0.5
2019,10,31,-25.45,0.875,876.51,1,NA,0,276.62,1,72.63,1,NA,NA,0
2019,11,1,-22.51,0.875,876.34,1,NA,0.25,256.88,1,65.88,1,NA,NA,0.25
2019,11,2,NA,0.5,875.95,1,NA,0.25,266.12,1,62.88,1,NA,NA,0.25
2019,11,3,-19.71,0.875,881.17,1,NA,0.25,274,1,62.63,1,NA,NA,0.25
2019,11,4,NA,0.625,882.18,1,NA,0.375,249.25,1,63.38,1,NA,NA,0.375
2019,11,5,-18.47,0.75,881.06,1,NA,0.125,264.38,1,61.5,1,NA,NA,0.125
2019,11,6,-17.45,0.75,880.22,1,NA,0.625,263,1,63.75,1,NA,NA,0.625
2019,11,7,NA,0.5,878.45,1,16.86,0.875,261.12,1,63.13,1,16.83,259.4,0.875
2019,11,8,-17.39,0.75,878.88,1,NA,0.25,261,1,67.5,1,NA,NA,0.25
2019,11,9,-19.76,1,881.19,1,NA,0.375,252.62,1,67.25,1,NA,NA,0.375
2019,11,10,-17.69,1,883.74,1,NA,0.25,249.62,1,63.25,1,NA,NA,0.25
2019,11,11,-16.08,1,882.19,1,NA,0.625,249.88,1,61.25,1,NA,NA,0.625
2019,11,12,-15.76,1,874.51,1,NA,0.5,253.75,1,60.13,1,NA,NA,0.5
2019,11,13,-15.4,1,872.39,1,NA,0.375,261,1,59,1,NA,NA,0.375
2019,11,14,-18.17,0.875,880,1,NA,0.25,244.12,1,63.75,1,NA,NA,0.25
2019,11,15,-18.91,1,884.46,1,NA,0.375,247.25,1,65.13,1,NA,NA,0.375
2019,11,16,-18.78,0.875,880.27,1,NA,0.375,246.25,1,61.25,1,NA,NA,0.375
2019,11,17,-18.06,0.875,878.79,1,NA,0.625,241.12,1,62,1,NA,NA,0.625
2019,11,18,-16.26,0.875,880.26,1,NA,0.375,246.38,1,61.38,1,NA,NA,0.375
2019,11,19,NA,0.5,879.16,1,NA,0.25,257.75,1,62.5,1,NA,NA,0.25
2019,11,20,NA,0.625,877.29,1,NA,0.5,257.5,1,61.5,1,NA,NA,0.5
2019,11,21,NA,0.625,882.61,1,NA,0.375,245.75,1,61.38,1,NA,NA,0.375
2019,11,22,-10.38,0.875,882.82,1,9,0.75,209.5,1,82.63,1,8.1,213.74,0.75
2019,11,23,-13.92,1,882.98,1,NA,0.25,243.25,1,73.25,1,NA,NA,0.25
2019,11,24,-12.82,1,883.45,1,NA,0.625,240,1,75.25,1,NA,NA,0.625
2019,11,25,-14.6,1,881.49,1,NA,0.5,261.75,1,73.5,1,NA,NA,0.5
2019,11,26,-14.16,0.875,880.9,1,NA,0.375,236.25,1,77.88,1,NA,NA,0.375
2019,11,27,-14.09,1,872.52,1,13.5,0.75,273.62,1,66.5,1,13.24,273.18,0.75
2019,11,28,-13.32,0.75,874.03,1,7.5,0.75,257.25,1,67.5,1,7.48,252.62,0.75
2019,11,29,-11.56,0.875,880.85,1,NA,0.375,241.25,1,77.38,1,NA,NA,0.375
2019,11,30,-13.25,1,881.94,1,NA,0.5,268.62,1,76.38,1,NA,NA,0.5
2019,12,1,NA,0.625,880.85,1,NA,0.125,306.12,1,66.38,1,NA,NA,0.125
2019,12,2,-13.57,0.75,888.6,1,NA,0.5,276.25,1,69.75,1,NA,NA,0.5
2019,12,3,-14,1,888.81,1,NA,0.375,242.75,1,80.75,1,NA,NA,0.375
2019,12,4,-12.89,1,885.28,1,NA,0.625,237.5,1,74.75,1,NA,NA,0.625
2019,12,5,-11.95,0.875,882.05,1,NA,0.375,273.5,1,68.38,1,NA,NA,0.375
2019,12,6,-11.18,1,884.84,1,NA,0.5,254.25,1,78.13,1,NA,NA,0.5
2019,12,7,-11.22,0.75,882.37,1,NA,0.125,234.62,1,71.75,1,NA,NA,0.125
2019,12,8,-11.01,0.75,883.97,1,NA,0.25,215.38,1,79.75,1,NA,NA,0.25
2019,12,9,-8.64,0.875,879.88,1,8.17,0.75,207.38,1,83.13,1,6.03,216.41,0.75
2019,12,10,-11.51,1,881.4,1,NA,0.5,220.62,1,87.38,1,NA,NA,0.5
2019,12,11,NA,0.375,881.19,1,NA,0.625,264.88,1,67.13,1,NA,NA,0.625
2019,12,12,NA,0.625,882.86,1,NA,0,233.88,1,74.88,1,NA,NA,0
2019,12,13,-10.59,0.875,884.03,1,9.75,1,254.5,1,72.5,1,9.24,258.25,1
2019,12,14,-8.99,0.75,887.63,1,NA,0.5,174.25,1,77.38,1,NA,NA,0.5
2019,12,15,-9.63,1,887.9,1,15.14,0.875,104.62,1,93.25,1,15.11,105.76,0.875
2019,12,16,-8.96,1,888.93,1,NA,0.625,158.38,1,92.63,1,NA,NA,0.625
2019,12,17,-9.39,1,883.1,1,NA,0.5,249.62,1,74.75,1,NA,NA,0.5
2019,12,18,-9.6,0.875,881.37,1,NA,0.5,139.5,1,85.25,1,NA,NA,0.5
2019,12,19,-9.94,0.75,890.38,1,3.5,1,143.25,1,87.75,1,3.34,93.51,1
2019,12,20,NA,0.625,891.84,1,NA,0.625,145.38,1,88.5,1,NA,NA,0.625
2019,12,21,-10.92,1,887.42,1,NA,0.5,238.38,1,79.38,1,NA,NA,0.5
2019,12,22,-11.31,1,879.78,1,NA,0.625,243.88,1,82.25,1,NA,NA,0.625
2019,12,23,-11.89,1,875.3,1,NA,0.625,247.5,1,75.88,1,NA,NA,0.625
2019,12,24,-11.77,0.875,873.28,1,NA,0.5,254.38,1,70.13,1,NA,NA,0.5
2019,12,25,NA,0.625,874.24,1,NA,0.5,249.38,1,68,1,NA,NA,0.5
2019,12,26,-10.38,1,872.62,1,NA,0.625,265,1,70.75,1,NA,NA,0.625
2019,12,27,-11.16,0.75,874.25,1,NA,0.625,253.5,1,75.5,1,NA,NA,0.625
2019,12,28,-9.77,1,880.8,1,5.57,0.875,196.38,1,89.13,1,5.48,192.81,0.875
2019,12,29,-10.63,1,882.9,1,NA,0.375,179.12,1,88.25,1,NA,NA,0.375
2019,12,30,-10.95,1,883.18,1,NA,0.625,261.38,1,68.63,1,NA,NA,0.625
2019,12,31,-11.73,1,887,1,NA,0.5,242.75,1,73,1,NA,NA,0.5
2020,1,1,-8.43,0.875,887.88,1,6.67,0.75,247.5,1,66,1,6.23,247.29,0.75
2020,1,2,-6.24,0.875,879.81,1,NA,0.375,247.75,1,72.88,1,NA,NA,0.375
2020,1,3,-6.88,0.875,876.7,1,NA,0.5,189.62,1,79.25,1,NA,NA,0.5
2020,1,4,-7.82,0.875,876.03,1,4.83,0.75,124.75,1,90.88,1,2.06,200.56,0.75
2020,1,5,NA,0.5,877.83,1,NA,0.5,203,1,79.13,1,NA,NA,0.5
2020,1,6,-10.9,0.875,877.58,1,NA,0.5,246.88,1,69.25,1,NA,NA,0.5
2020,1,7,-11.15,0.75,885.49,1,NA,0.25,234.62,1,75.88,1,NA,NA,0.25
2020,1,8,-11.15,1,883.18,1,16.57,0.875,252,1,70.88,1,16.55,251.39,0.875
2020,1,9,-11.79,0.75,880.8,1,NA,0.25,243.38,1,79.75,1,NA,NA,0.25
2020,1,10,-11.75,1,880.24,1,12.5,0.75,249.88,1,70.13,1,12.23,253.32,0.75
2020,1,11,-11.83,1,878.83,1,15.33,0.75,257.5,1,70.25,1,15.29,258.43,0.75
2020,1,12,-10.39,0.75,881.11,1,NA,0.375,168.88,1,80.63,1,NA,NA,0.375
2020,1,13,-12.22,1,880.88,1,NA,0.5,250,1,78.75,1,NA,NA,0.5
2020,1,14,-12.67,1,877.56,1,NA,0.125,259.88,1,70.75,1,NA,NA,0.125
2020,1,15,-11.97,0.875,877.5,1,NA,0.625,261.25,1,71,1,NA,NA,0.625
2020,1,16,-11.71,1,877.28,1,5.17,0.75,232,1,81.38,1,4.64,240.95,0.75
2020,1,17,-12.44,1,874.99,1,NA,0.625,257.88,1,71.38,1,NA,NA,0.625
2020,1,18,-12.83,0.875,874.55,1,NA,0.5,250.25,1,74.63,1,NA,NA,0.5
2020,1,19,-12.88,1,871.47,1,NA,0.375,271.75,1,69.63,1,NA,NA,0.375
2020,1,20,-11.5,0.75,872.47,1,NA,0.625,257,1,70.75,1,NA,NA,0.625
2020,1,21,NA,0.625,878.29,1,13.67,0.75,258.12,1,70.13,1,13.61,256.77,0.75
2020,1,22,-12.8,0.75,885.82,1,NA,0.25,251.25,1,76.88,1,NA,NA,0.25
2020,1,23,-13.26,1,884.6,1,23.33,0.75,249.5,1,75.25,1,23.29,248.6,0.75
2020,1,24,-13.29,1,886.16,1,NA,0.25,245.12,1,78.13,1,NA,NA,0.25
2020,1,25,-11.31,0.875,882.26,1,NA,0.625,257.62,1,73.75,1,NA,NA,0.625
2020,1,26,-9.48,0.875,881.07,1,8.14,0.875,241.75,1,75.75,1,7.99,245.46,0.875
2020,1,27,-10.78,1,880.48,1,6.5,0.75,200.88,1,82.38,1,5.68,260.45,0.75
2020,1,28,-12.54,1,881.9,1,9.5,1,251.12,1,75.75,1,9.38,252.27,1
2020,1,29,-11.98,0.75,877.94,1,10.25,1,257,1,69.13,1,9.82,258.98,1
2020,1,30,-13.24,1,874.95,1,9.12,1,249.25,1,76.13,1,8.48,250.16,1
2020,1,31,-11.21,0.875,879.41,1,NA,0.25,141,1,91.63,1,NA,NA,0.25
2020,2,1,-11.26,1,880.38,1,NA,0.375,176.5,1,91.25,1,NA,NA,0.375
2020,2,2,-11.53,1,878.66,1,5.38,1,202.75,1,89.63,1,4.94,199.02,1
2020,2,3,-11.68,1,875.39,1,9.5,0.75,245.75,1,77,1,8.84,247.72,0.75
2020,2,4,-12.8,1,870.82,1,18.83,0.75,246.62,1,73.25,1,18.82,244.67,0.75
2020,2,5,-13.71,1,870.05,1,NA,0.25,262.75,1,73.5,1,NA,NA,0.25
2020,2,6,-14.79,1,868.1,1,NA,0.625,276.38,1,69.38,1,NA,NA,0.625
2020,2,7,-18.03,1,868.54,1,24.17,0.75,282.5,1,74.13,1,23.87,284.19,0.75
2020,2,8,NA,0.625,874.5,1,NA,0,227.12,1,80.88,1,NA,NA,0
2020,2,9,-11,0.875,868.26,1,NA,0.25,247.62,1,82,1,NA,NA,0.25
2020,2,10,-13.75,1,871.24,1,NA,0.125,281.38,1,80.5,1,NA,NA,0.125
2020,2,11,-12.67,0.875,872.9,1,NA,0.375,259,1,73.5,1,NA,NA,0.375
2020,2,12,-12.94,0.875,873.21,1,NA,0.125,252.38,1,74.88,1,NA,NA,0.125
2020,2,13,-16.63,1,870.19,1,20,0.75,278,1,70.75,1,19.08,280.1,0.75
2020,2,14,-17.48,1,868.25,1,20,1,269,1,71.5,1,19.83,268.78,1
2020,2,15,-16.29,0.875,875.01,1,NA,0.375,266.5,1,75.63,1,NA,NA,0.375
2020,2,16,-15.08,0.875,878.89,1,NA,0.5,251,1,78.38,1,NA,NA,0.5
2020,2,17,-21.26,1,877.02,1,NA,0.125,252.12,1,82.63,1,NA,NA,0.125
2020,2,18,-21.87,1,875.84,1,NA,0.5,243.12,1,81.88,1,NA,NA,0.5
2020,2,19,-24.31,1,873.89,1,NA,0.375,259.5,1,76.75,1,NA,NA,0.375
2020,2,20,-23.38,1,872.97,1,20.33,0.75,275.62,1,70.88,1,19.1,272.14,0.75
2020,2,21,-16.12,0.75,865.11,1,NA,0.625,254.38,1,69.63,1,NA,NA,0.625
2020,2,22,-20.28,1,860.91,1,NA,0.375,273.38,1,73.38,1,NA,NA,0.375
2020,2,23,-16.37,0.875,864.7,1,8.5,1,274.88,1,68.63,1,8.37,273.5,1
2020,2,24,-14.13,1,868.61,1,11.67,0.75,250.88,1,72.25,1,11.61,249.27,0.75
2020,2,25,-14.84,1,868.13,1,9.5,0.75,261,1,72.25,1,9.23,259.23,0.75
2020,2,26,-13.32,1,872.6,1,NA,0.5,169,1,88.38,1,NA,NA,0.5
2020,2,27,-21.8,1,878.24,1,NA,0.125,255,1,80.38,1,NA,NA,0.125
2020,2,28,-26.42,1,873.05,1,NA,0.375,252.75,1,76.25,1,NA,NA,0.375
2020,2,29,-23.99,0.875,870.5,1,NA,0.25,268,1,72.25,1,NA,NA,0.25
2020,3,1,-27.93,1,863.73,1,NA,0.25,254.88,1,73.75,1,NA,NA,0.25
2020,3,2,-33.12,1,861.19,1,NA,0.125,264.75,1,71.63,1,NA,NA,0.125
2020,3,3,-27.66,0.75,868.91,1,NA,0.5,261.88,1,75.38,1,NA,NA,0.5
2020,3,4,-19.35,0.875,873.05,1,6.5,0.75,172.88,1,83.63,1,3.22,215.23,0.75
2020,3,5,-16.48,1,866.88,1,3.57,0.875,173.88,1,87.63,1,2.47,205.1,0.875
2020,3,6,-16.99,0.75,864.74,1,NA,0.5,238.38,1,85.88,1,NA,NA,0.5
2020,3,7,NA,0.625,867.09,1,NA,0.375,219.75,1,86.5,1,NA,NA,0.375
2020,3,8,-28.96,0.75,857.36,1,NA,0.125,272.25,1,77,1,NA,NA,0.125
2020,3,9,NA,0.625,859.55,1,NA,0.5,265.25,1,76.75,1,NA,NA,0.5
2020,3,10,-31.25,1,865.28,1,NA,0.625,292.75,1,72.75,1,NA,NA,0.625
2020,3,11,-33.3,0.875,859.34,1,NA,0.375,260.5,1,71.25,1,NA,NA,0.375
2020,3,12,-33.85,1,863.15,1,NA,0.375,258.38,1,70.75,1,NA,NA,0.375
2020,3,13,-30.33,1,870.73,1,27,0.875,261.5,1,66.13,1,26.98,260.78,0.875
2020,3,14,-32.06,1,868.34,1,NA,0.375,258.88,1,66.25,1,NA,NA,0.375
2020,3,15,-36.37,1,865.88,1,NA,0.5,257.88,1,68,1,NA,NA,0.5
2020,3,16,-33.31,1,865.12,1,22.57,0.875,259,1,65.63,1,22.56,259.15,0.875
2020,3,17,-31.94,1,863.02,1,NA,0.625,264,1,67.13,1,NA,NA,0.625
2020,3,18,-33.95,1,863.99,1,22.57,0.875,262.12,1,68.5,1,22.56,262.57,0.875
2020,3,19,-35.42,1,867.01,1,NA,0.25,259.38,1,68.63,1,NA,NA,0.25
2020,3,20,-31.45,1,869.31,1,NA,0.25,261.62,1,69.25,1,NA,NA,0.25
2020,3,21,-29.56,1,871.3,1,NA,0.625,252.5,1,63.5,1,NA,NA,0.625
2020,3,22,-27.94,1,874.18,1,NA,0,252.5,1,72,1,NA,NA,0
2020,3,23,-29.07,0.75,867.48,1,NA,0.5,254.38,1,65.63,1,NA,NA,0.5
2020,3,24,-37.96,0.875,866.25,1,NA,0.125,263.38,1,65.63,1,NA,NA,0.125
2020,3,25,-28.85,0.875,859.52,1,20.38,1,273.12,1,74.25,1,19.19,272.38,1
2020,3,26,-26.49,1,855.5,1,NA,0.5,265.75,1,72.13,1,NA,NA,0.5
2020,3,27,-31.35,1,854.22,1,NA,0.375,281.25,1,72.63,1,NA,NA,0.375
2020,3,28,NA,0.625,855.6,1,NA,0.25,285.88,1,71.75,1,NA,NA,0.25
2020,3,29,-28.85,1,868.9,1,NA,0,259.25,1,75.88,1,NA,NA,0
2020,3,30,-29.61,1,877.11,1,NA,0.25,268.12,1,75.25,1,NA,NA,0.25
2020,3,31,-26.97,1,878.7,1,39,0.75,253.88,1,78,1,38.96,253.11,0.75
2020,4,1,-32.83,1,872.25,1,NA,0.5,258.75,1,70.13,1,NA,NA,0.5
2020,4,2,-32.21,1,864.64,1,NA,0.5,271.25,1,70.38,1,NA,NA,0.5
2020,4,3,-34.27,1,871.65,1,NA,0.375,297,1,70,1,NA,NA,0.375
2020,4,4,-32.55,0.875,882.25,1,NA,0.125,257.75,1,71.63,1,NA,NA,0.125
2020,4,5,-27.86,0.875,880.52,1,NA,0.125,254.12,1,66.88,1,NA,NA,0.125
2020,4,6,-31.35,1,873.59,1,NA,0.375,254.5,1,72.13,1,NA,NA,0.375
2020,4,7,-35.55,1,869.87,1,NA,0.5,NA,0.625,68.88,1,NA,NA,0.25
2020,4,8,-33.66,1,864.59,1,19.67,0.75,262.25,1,64.88,1,19.61,262.26,0.75
2020,4,9,-31.82,1,861.21,1,NA,0.625,267.38,1,60.88,1,NA,NA,0.625
2020,4,10,-30.69,1,863.29,1,16.33,0.75,258.75,1,61.5,1,16.22,258.2,0.75
2020,4,11,-36.1,1,868.32,1,NA,0,260.62,1,65.38,1,NA,NA,0
2020,4,12,-41.14,1,860.57,1,NA,0,273.62,1,62.63,1,NA,NA,0
2020,4,13,-38.84,1,864.2,1,NA,0.125,279.38,1,63.38,1,NA,NA,0.125
2020,4,14,-36.46,1,866.57,1,NA,0.125,257.5,1,67.25,1,NA,NA,0.125
2020,4,15,-33.88,0.75,855.03,1,NA,0.125,246.25,1,71.38,1,NA,NA,0.125
2020,4,16,-38.31,1,864.76,1,NA,0.125,282.62,1,65.75,1,NA,NA,0.125
2020,4,17,-36.29,1,868.4,1,NA,0.25,267.5,1,67.63,1,NA,NA,0.25
2020,4,18,-31.02,1,847.74,1,NA,0.5,238.12,1,73.63,1,NA,NA,0.5
2020,4,19,-30.58,0.75,853.74,1,NA,0.25,NA,0.625,74.25,1,NA,NA,0.125
2020,4,20,-34.45,0.875,866.68,1,NA,0.125,267.75,1,70.25,1,NA,NA,0.125
2020,4,21,-27.33,0.75,865.68,1,NA,0.125,246.62,1,77.5,1,NA,NA,0.125
2020,4,22,-22.63,1,869.11,1,46.17,0.75,243.88,1,80.63,1,46.09,241.76,0.75
2020,4,23,-26.12,1,868.75,1,NA,0.125,256.25,1,74.38,1,NA,NA,0.125
2020,4,24,-32.57,0.875,866.74,1,NA,0.5,251.5,1,71.75,1,NA,NA,0.5
2020,4,25,-34.6,0.875,868.79,1,NA,0.25,268.75,1,70.5,1,NA,NA,0.25
2020,4,26,NA,0.625,879.9,1,NA,0.125,262.62,1,61.88,1,NA,NA,0.125
2020,4,27,-33.02,1,879.02,1,NA,0.5,255.38,1,62.88,1,NA,NA,0.5
2020,4,28,-31.71,1,883.23,1,NA,0.5,256.5,1,50.13,1,NA,NA,0.5
2020,4,29,-32.42,1,881.64,1,NA,0.625,261.25,1,63.25,1,NA,NA,0.625
2020,4,30,-32.16,1,874.95,1,NA,0.625,272.75,1,69.75,1,NA,NA,0.625
2020,5,1,-31.64,1,871.93,1,NA,0.25,276.38,1,60.88,1,NA,NA,0.25
2020,5,2,-33.24,1,873.49,1,22.33,0.75,258.25,1,57,1,22.27,259.45,0.75
2020,5,3,-34.27,0.875,874.91,1,NA,0.25,265.62,1,61.88,1,NA,NA,0.25
2020,5,4,-32.91,1,875.34,1,NA,0.25,267.75,1,65,1,NA,NA,0.25
2020,5,5,-35.5,1,871.24,1,NA,0.5,259.25,1,67.25,1,NA,NA,0.5
2020,5,6,-37.6,1,863.36,1,NA,0.5,253,1,66.25,1,NA,NA,0.5
2020,5,7,-38.66,1,864.28,1,28.33,0.75,289.88,1,64.88,1,27,286.13,0.75
2020,5,8,-38.68,1,860.99,1,NA,0.375,270.88,1,65,1,NA,NA,0.375
2020,5,9,-39.62,1,871.44,1,NA,0.5,258.38,1,60.5,1,NA,NA,0.5
2020,5,10,-31.69,0.875,869.05,1,38.12,1,255.88,1,41.5,1,37.96,256,1
2020,5,11,-33.99,0.875,868.07,1,NA,0,262.38,1,54.13,1,NA,NA,0
2020,5,12,-39.09,1,871.45,1,NA,0.375,265.38,1,64.25,1,NA,NA,0.375
2020,5,13,-40.3,1,871.71,1,NA,0.5,264.12,1,58.75,1,NA,NA,0.5
2020,5,14,-33.59,1,868.4,1,18.83,0.75,261.62,1,61.25,1,18.8,261.73,0.75
2020,5,15,-36.33,1,866.38,1,NA,0.125,257.75,1,60.38,1,NA,NA,0.125
2020,5,16,-39.44,1,866.45,1,NA,0.25,251.25,1,62.88,1,NA,NA,0.25
2020,5,17,-39.57,1,861.37,1,NA,0.125,253.75,1,59.38,1,NA,NA,0.125
2020,5,18,-35.41,1,864.62,1,NA,0.25,251.38,1,63.88,1,NA,NA,0.25
2020,5,19,-35.26,1,870.61,1,NA,0.5,NA,0.625,66.88,1,NA,NA,0.125
2020,5,20,-37.43,1,866.6,1,NA,0.5,281.38,1,66.5,1,NA,NA,0.5
2020,5,21,NA,0.625,866.23,1,NA,0.5,261.38,1,69,1,NA,NA,0.5
2020,5,22,-28.3,0.75,860.58,1,NA,0.375,255.88,1,73.13,1,NA,NA,0.375
2020,5,23,-31.93,1,854.97,1,NA,0.625,275,1,72.38,1,NA,NA,0.625
2020,5,24,-34.77,1,853.81,1,NA,0.125,264.38,1,69.63,1,NA,NA,0.125
2020,5,25,-36.91,1,856.75,1,NA,0.5,268.88,1,67.13,1,NA,NA,0.5
2020,5,26,-38.14,1,859.53,1,NA,0.625,275.75,1,65.75,1,NA,NA,0.625
2020,5,27,-37.55,1,865.93,1,NA,0.125,265.62,1,66.25,1,NA,NA,0.125
2020,5,28,-37.05,1,864.82,1,NA,0.5,278.5,1,67,1,NA,NA,0.5
2020,5,29,-34.76,1,863.09,1,NA,0.125,273.62,1,66.13,1,NA,NA,0.125
2020,5,30,-32.89,1,853.05,1,NA,0.25,265.12,1,57.75,1,NA,NA,0.25
2020,5,31,-30.5,1,854.41,1,NA,0.625,264.25,1,63.63,1,NA,NA,0.625
2020,6,1,-28.89,0.875,853.99,1,NA,0.625,240,1,75.88,1,NA,NA,0.625
2020,6,2,-31.63,0.75,865.08,1,NA,0.375,252.62,1,72,1,NA,NA,0.375
2020,6,3,-34.67,1,864.14,1,NA,0.375,255.38,1,69.75,1,NA,NA,0.375
2020,6,4,-37.27,1,866.95,1,NA,0.5,261.5,1,66.75,1,NA,NA,0.5
2020,6,5,-35.47,1,858.25,1,NA,0,267.62,1,67.63,1,NA,NA,0
2020,6,6,-30.67,1,854.85,1,NA,0.5,263.75,1,64.13,1,NA,NA,0.5
2020,6,7,-30.82,0.75,858.18,1,NA,0.125,173.5,1,68.75,1,NA,NA,0.125
2020,6,8,-37.91,1,859.14,1,11.83,0.75,240.88,1,62.13,1,11.36,255.39,0.75
2020,6,9,-32.93,1,860.83,1,14,0.75,251.12,1,67.75,1,13.96,250.54,0.75
2020,6,10,-31.15,1,859.97,1,19.12,1,259,1,68.38,1,19.07,259.08,1
2020,6,11,-37.09,1,855.5,1,NA,0.5,255.88,1,66.75,1,NA,NA,0.5
2020,6,12,-42.71,1,858.66,1,NA,0.5,261.5,1,60.88,1,NA,NA,0.5
2020,6,13,-41.23,1,868.75,1,20,1,264.88,1,62.25,1,19.99,264.84,1
2020,6,14,-42.69,1,867.43,1,21.83,0.75,261.75,1,60.63,1,21.76,261.53,0.75
2020,6,15,-44.07,1,867.42,1,NA,0.5,256.5,1,58.75,1,NA,NA,0.5
2020,6,16,-41.75,1,862.05,1,NA,0.625,258.75,1,61.25,1,NA,NA,0.625
2020,6,17,-40.09,1,858.15,1,NA,0.5,251.88,1,62.5,1,NA,NA,0.5
2020,6,18,-42.91,1,857.68,1,NA,0.25,258.25,1,60,1,NA,NA,0.25
2020,6,19,-41.42,1,854.01,1,NA,0.125,249.62,1,61.63,1,NA,NA,0.125
2020,6,20,-36.98,0.875,855.89,1,NA,0.25,278.75,1,65.13,1,NA,NA,0.25
2020,6,21,-35.17,1,855.77,1,NA,0.25,276,1,67.13,1,NA,NA,0.25
2020,6,22,-36.65,1,856.05,1,NA,0.375,286.12,1,67.25,1,NA,NA,0.375
2020,6,23,NA,0.5,859.41,1,NA,0.25,252.88,1,58.25,1,NA,NA,0.25
2020,6,24,-36.34,0.75,869.55,1,NA,0.375,263.12,1,68,1,NA,NA,0.375
2020,6,25,-37.31,1,875.46,1,NA,0.25,276.12,1,62.38,1,NA,NA,0.25
2020,6,26,-33.89,1,875.96,1,NA,0.125,271.88,1,59.5,1,NA,NA,0.125
2020,6,27,-27.18,1,881.42,1,NA,0,279.75,1,61.5,1,NA,NA,0
2020,6,28,-31.41,1,873.7,1,NA,0.25,256.5,1,45.25,1,NA,NA,0.25
2020,6,29,-31.89,0.875,887.95,1,NA,0,265.38,1,65.75,1,NA,NA,0
2020,6,30,-32,1,885.89,1,NA,0.125,257.5,1,70.25,1,NA,NA,0.125
2020,7,1,-33.27,1,880.59,1,NA,0.25,266,1,64.38,1,NA,NA,0.25
2020,7,2,-26.25,1,887.29,1,NA,0.25,265.5,1,56.38,1,NA,NA,0.25
2020,7,3,-22.6,1,888.22,1,NA,0.125,253.25,1,55.75,1,NA,NA,0.125
2020,7,4,-22.34,1,871.04,1,NA,0.125,262.62,1,62.88,1,NA,NA,0.125
2020,7,5,-29.49,1,865.28,1,NA,0.5,256,1,56.75,1,NA,NA,0.5
2020,7,6,-29.12,1,863.05,1,NA,0.375,258.12,1,60.88,1,NA,NA,0.375
2020,7,7,-29.21,1,867.86,1,NA,0.5,248,1,52.25,1,NA,NA,0.5
2020,7,8,-32.09,1,875.48,1,9.67,0.75,250.75,1,70,1,9.61,252,0.75
2020,7,9,-29.66,1,879.58,1,7.62,1,242.88,1,68.5,1,7.57,243.15,1
2020,7,10,-27.27,1,880.06,1,8,0.75,235.62,1,75.13,1,7.95,232.62,0.75
2020,7,11,-26.93,1,876.57,1,NA,0.375,248,1,71.38,1,NA,NA,0.375
2020,7,12,-26.57,1,871.97,1,NA,0.5,255.88,1,66.5,1,NA,NA,0.5
2020,7,13,-31.76,0.75,867.82,1,NA,0.25,256.5,1,71.88,1,NA,NA,0.25
2020,7,14,-38.33,0.875,866,1,NA,0.25,270.12,1,64.75,1,NA,NA,0.25
2020,7,15,NA,0.625,863.97,1,NA,0.125,251.12,1,66.13,1,NA,NA,0.125
2020,7,16,-34.57,1,861.58,1,NA,0.25,269,1,69.63,1,NA,NA,0.25
2020,7,17,-37.35,1,871.32,1,NA,0.25,271.75,1,66.25,1,NA,NA,0.25
2020,7,18,-38.66,1,867.56,1,NA,0.375,275.12,1,62.88,1,NA,NA,0.375
2020,7,19,-37.36,1,855.72,1,22.83,0.75,261.88,1,59.13,1,22.76,258.72,0.75
2020,7,20,-41.72,1,861.05,1,NA,0.25,280.25,1,59.88,1,NA,NA,0.25
2020,7,21,-42.64,1,863.13,1,NA,0.625,288.38,1,60.5,1,NA,NA,0.625
2020,7,22,-39.5,1,861.72,1,NA,0.625,264.75,1,61.75,1,NA,NA,0.625
2020,7,23,-36.17,1,867.68,1,15.29,0.875,251.25,1,55.88,1,15.24,250.68,0.875
2020,7,24,-28.7,1,858.68,1,NA,0.375,251.5,1,73.75,1,NA,NA,0.375
2020,7,25,-26.16,0.75,845.14,1,NA,0.25,258,1,76.38,1,NA,NA,0.25
2020,7,26,-28.22,0.75,861.25,1,NA,0.25,232.12,1,72,1,NA,NA,0.25
2020,7,27,-37.03,1,862.25,1,NA,0.25,259.88,1,67,1,NA,NA,0.25
2020,7,28,-40.67,1,862.89,1,NA,0.625,273.5,1,63.25,1,NA,NA,0.625
2020,7,29,-34.04,1,871.95,1,NA,0.625,257,1,69.88,1,NA,NA,0.625
2020,7,30,-28.97,0.875,870.96,1,NA,0,256,1,68.88,1,NA,NA,0
2020,7,31,-33,1,869.51,1,0.86,0.875,248,1,71.13,1,0.86,226,0.875
2020,8,1,-34.16,1,872.96,1,NA,0.25,241.12,1,69,1,NA,NA,0.25
2020,8,2,-40.17,1,864.28,1,NA,0.125,249.25,1,63.63,1,NA,NA,0.125
2020,8,3,-42.9,1,854.09,1,NA,0.5,259.88,1,60.25,1,NA,NA,0.5
2020,8,4,-38.15,0.875,851.87,1,NA,0.5,258.38,1,63.88,1,NA,NA,0.5
2020,8,5,-31.89,1,862.48,1,NA,0.25,251.75,1,70.25,1,NA,NA,0.25
2020,8,6,-38.2,1,863.26,1,NA,0.375,260.62,1,65.5,1,NA,NA,0.375
2020,8,7,-38.07,1,861.14,1,NA,0.25,265.25,1,65.5,1,NA,NA,0.25
2020,8,8,-33.06,1,862.19,1,NA,0.5,256.25,1,65,1,NA,NA,0.5
2020,8,9,-32.6,1,869,1,NA,0.5,255.38,1,67.63,1,NA,NA,0.5
2020,8,10,-33.64,1,873.28,1,NA,0.5,264.75,1,70.38,1,NA,NA,0.5
2020,8,11,-33.79,0.875,877.12,1,NA,0.5,262.38,1,68.5,1,NA,NA,0.5
2020,8,12,-30.94,1,870.22,1,NA,0.375,266.5,1,69.75,1,NA,NA,0.375
2020,8,13,-21.5,0.75,872.92,1,NA,0.625,251.38,1,81.75,1,NA,NA,0.625
2020,8,14,-27.4,1,877.76,1,NA,0.125,261.38,1,77.25,1,NA,NA,0.125
2020,8,15,-34.1,1,879.95,1,NA,0.625,258.25,1,70.5,1,NA,NA,0.625
2020,8,16,-38.59,0.875,884.15,1,NA,0.5,268,1,66.5,1,NA,NA,0.5
2020,8,17,-28.3,0.875,885.33,1,NA,0.625,254.75,1,75,1,NA,NA,0.625
2020,8,18,-36.79,1,876.71,1,NA,0.5,262.12,1,67.38,1,NA,NA,0.5
2020,8,19,-39.79,1,868.03,1,25.43,0.875,262.5,1,64,1,25.18,260.86,0.875
2020,8,20,-35.79,0.75,867.78,1,NA,0.625,258,1,67.5,1,NA,NA,0.625
2020,8,21,-34.39,0.75,870.48,1,NA,0.25,264,1,66.25,1,NA,NA,0.25
2020,8,22,-38.61,1,861.97,1,22.33,0.75,261.75,1,62.88,1,22.25,263.3,0.75
2020,8,23,-38.32,0.875,847.32,1,NA,0.25,287.12,1,65.5,1,NA,NA,0.25
2020,8,24,NA,0.625,854.07,1,NA,0.375,224.25,1,76.5,1,NA,NA,0.375
2020,8,25,-27.09,1,869.19,1,NA,0.25,192,1,75,1,NA,NA,0.25
2020,8,26,-31.23,1,878.56,1,NA,0.125,248.75,1,70.13,1,NA,NA,0.125
2020,8,27,-28.91,1,883.91,1,6,0.75,NA,0.625,75.25,1,NA,NA,0.375
2020,8,28,-29.16,1,885.48,1,1.71,0.875,NA,0.125,75.25,1,NA,NA,0
2020,8,29,NA,0.625,876.89,1,NA,0.125,255.12,1,68.88,1,NA,NA,0.125
2020,8,30,-34.9,0.75,863.65,1,NA,0.125,260.25,1,70.63,1,NA,NA,0.125
2020,8,31,NA,0.625,852.48,1,NA,0.625,212,1,82.25,1,NA,NA,0.625
2020,9,1,-20.5,0.75,859.01,1,NA,0.25,121.25,1,84.63,1,NA,NA,0.25
2020,9,2,-17.47,1,872.66,1,2.5,0.75,197.38,1,87.5,1,2.4,182.5,0.75
2020,9,3,-17.14,0.75,886.43,1,NA,0.375,241.62,1,85.13,1,NA,NA,0.375
2020,9,4,-27.49,1,872.5,1,25.83,0.75,270.5,1,74.5,1,25.75,274.26,0.75
2020,9,5,-27.85,1,864.64,1,NA,0.5,261.75,1,76.25,1,NA,NA,0.5
2020,9,6,-31.52,1,865.46,1,NA,0.5,258.75,1,72.25,1,NA,NA,0.5
2020,9,7,-33.11,1,871.61,1,NA,0.125,251.12,1,71.63,1,NA,NA,0.125
2020,9,8,-35.71,0.875,875.53,1,NA,0.125,265.5,1,68.88,1,NA,NA,0.125
2020,9,9,-30.46,1,868.62,1,NA,0.5,249.38,1,74.5,1,NA,NA,0.5
2020,9,10,-32.89,1,868.86,1,NA,0,250.5,1,72,1,NA,NA,0
2020,9,11,-30.37,1,863.67,1,NA,0.625,259.62,1,74.5,1,NA,NA,0.625
2020,9,12,-34.89,1,862.53,1,NA,0.375,253.12,1,64.13,1,NA,NA,0.375
2020,9,13,-36.75,1,869.11,1,NA,0.25,257.75,1,60.25,1,NA,NA,0.25
2020,9,14,-36.51,1,865.69,1,NA,0.125,245.25,1,64.38,1,NA,NA,0.125
2020,9,15,-41.69,1,863.34,1,NA,0.5,250.62,1,61.13,1,NA,NA,0.5
2020,9,16,-36.16,1,866.46,1,NA,0.5,NA,0.5,66.25,1,NA,NA,0.25
2020,9,17,-32.95,1,864.34,1,6.57,0.875,NA,0.375,66.63,1,NA,NA,0.25
2020,9,18,-33.59,1,861.22,1,19,0.75,261.88,1,68,1,18.95,262.25,0.75
2020,9,19,-30.69,1,861.58,1,NA,0.375,254.62,1,65.75,1,NA,NA,0.375
2020,9,20,NA,0.5,865.35,1,NA,0.25,250.25,1,73.63,1,NA,NA,0.25
2020,9,21,-31.86,1,866.85,1,NA,0.375,267.88,1,71.75,1,NA,NA,0.375
2020,9,22,-35.75,1,865.22,1,NA,0.5,265.75,1,68.63,1,NA,NA,0.5
2020,9,23,-35.29,1,870.07,1,NA,0.375,266.5,1,68.63,1,NA,NA,0.375
2020,9,24,-36.14,1,868.4,1,22,0.875,261.25,1,66.88,1,21.89,260.89,0.875
2020,9,25,-35.72,1,864.32,1,20,0.75,263.75,1,63.38,1,19.75,263.81,0.75
2020,9,26,-35.36,1,870.95,1,NA,0.25,256.88,1,62.88,1,NA,NA,0.25
2020,9,27,-37.78,0.875,877.06,1,NA,0.125,261.25,1,66.5,1,NA,NA,0.125
2020,9,28,-32.54,1,876.97,1,NA,0,281.25,1,70.5,1,NA,NA,0
2020,9,29,-35.69,1,870.26,1,NA,0,267.12,1,63.88,1,NA,NA,0
2020,9,30,-37.3,0.75,870.33,1,19.67,0.75,265.5,1,63.25,1,19.61,264.29,0.75
2020,10,1,-23.58,0.75,869.6,1,13,0.875,249.88,1,72.75,1,12.97,248.35,0.875
2020,10,2,-21.43,1,862.37,1,14.5,0.75,250.25,1,76.5,1,14.46,247.79,0.75
2020,10,3,-26.22,1,857.01,1,NA,0.375,258,1,66.63,1,NA,NA,0.375
2020,10,4,-29.85,1,860.58,1,NA,0.625,260.25,1,70.63,1,NA,NA,0.625
2020,10,5,-26.15,0.75,864.22,1,NA,0.25,283.12,1,70.63,1,NA,NA,0.25
2020,10,6,-27.37,0.875,861.5,1,NA,0.625,271.12,1,71.88,1,NA,NA,0.625
2020,10,7,-27.08,0.875,860.24,1,NA,0.25,268.75,1,73.25,1,NA,NA,0.25
2020,10,8,-30.53,1,862.42,1,NA,0.5,271.75,1,74.38,1,NA,NA,0.5
2020,10,9,-30.79,0.875,861.48,1,NA,0.25,254.75,1,72.63,1,NA,NA,0.25
2020,10,10,-33.05,1,858.49,1,NA,0.375,264.12,1,71.13,1,NA,NA,0.375
2020,10,11,-29.43,0.75,855.48,1,NA,0.5,264.75,1,65,1,NA,NA,0.5
2020,10,12,-31.92,1,855.79,1,18.5,0.75,259.12,1,63.88,1,18.44,257.73,0.75
2020,10,13,-34.11,1,858.59,1,19,0.75,270.5,1,64,1,17.91,260.63,0.75
2020,10,14,-30.07,1,859.97,1,NA,0.625,248.12,1,68.88,1,NA,NA,0.625
2020,10,15,-29.92,1,859.18,1,NA,0.625,242.75,1,63.88,1,NA,NA,0.625
2020,10,16,-31.34,1,857.76,1,17.14,0.875,256.62,1,61.88,1,17.13,256.25,0.875
2020,10,17,-30.54,0.75,856.08,1,NA,0.625,258,1,61.5,1,NA,NA,0.625
2020,10,18,-35.79,1,852.74,1,NA,0.25,261.62,1,68.13,1,NA,NA,0.25
2020,10,19,-35.93,0.875,858.59,1,NA,0.125,260.75,1,63.25,1,NA,NA,0.125
2020,10,20,-35.61,0.875,859.35,1,NA,0.25,276.88,1,58.25,1,NA,NA,0.25
2020,10,21,-35.13,0.75,854.58,1,NA,0.375,262.5,1,53.88,1,NA,NA,0.375
2020,10,22,-34.91,1,847.66,1,NA,0.5,282,1,61.75,1,NA,NA,0.5
2020,10,23,-28.8,0.75,856.01,1,14.67,0.75,256.88,1,55.5,1,14.59,255.21,0.75
2020,10,24,-25.94,1,860.76,1,NA,0.5,NA,0.625,68.75,1,NA,NA,0.125
2020,10,25,-29.1,1,863.78,1,NA,0.375,254.25,1,58.88,1,NA,NA,0.375
2020,10,26,-30.73,0.875,866.2,1,NA,0.125,250.38,1,67.75,1,NA,NA,0.125
2020,10,27,NA,0.625,871.69,1,NA,0,262.62,1,68.75,1,NA,NA,0
2020,10,28,-21.6,0.875,872.45,1,NA,0,242.75,1,61.5,1,NA,NA,0
2020,10,29,-20.85,0.75,869.4,1,NA,0.375,255.25,1,56.25,1,NA,NA,0.375
2020,10,30,-22.18,0.75,862.73,1,NA,0.375,252.38,1,55.75,1,NA,NA,0.375
2020,10,31,-22.61,0.75,854.6,1,15.67,0.75,265,1,56.63,1,15.03,268.95,0.75
2020,11,1,-25.86,0.875,855.17,1,15.43,0.875,291.25,1,62.75,1,14.78,289.42,0.875
2020,11,2,-23.46,0.75,856.88,1,11.83,0.75,267.88,1,71,1,11.67,257.56,0.75
2020,11,3,-23.04,0.75,847.33,1,NA,0.125,252.12,1,65.75,1,NA,NA,0.125
2020,11,4,NA,0.625,845.91,1,NA,0.25,256.5,1,64.63,1,NA,NA,0.25
2020,11,5,-25.74,0.75,851.03,1,NA,0.625,238.25,1,66.63,1,NA,NA,0.625
2020,11,6,NA,0.625,857.38,1,NA,0.125,211.25,1,56.13,1,NA,NA,0.125
2020,11,7,-23.95,0.75,857.57,1,NA,0.5,248.5,1,60.63,1,NA,NA,0.5
2020,11,8,-21.96,0.875,851.99,1,NA,0.375,252.25,1,68.75,1,NA,NA,0.375
2020,11,9,-22.3,0.75,847.1,1,NA,0.375,275.38,1,60.63,1,NA,NA,0.375
2020,11,10,-21.56,0.875,853.13,1,NA,0.125,231.25,1,69,1,NA,NA,0.125
2020,11,11,-21.65,0.75,859.72,1,16.14,0.875,256.88,1,64.5,1,15.97,258.13,0.875
2020,11,12,NA,0.625,865.53,1,NA,0.125,266.38,1,61.75,1,NA,NA,0.125
2020,11,13,-19.26,1,869.94,1,NA,0.125,259.12,1,60,1,NA,NA,0.125
2020,11,14,-18.67,0.875,872.41,1,NA,0.25,256.5,1,64.25,1,NA,NA,0.25
2020,11,15,-18.31,1,878.09,1,NA,0.125,285.38,1,65.5,1,NA,NA,0.125
2020,11,16,-18.19,1,873.33,1,NA,0.625,266.25,1,59.88,1,NA,NA,0.625
2020,11,17,-16.97,0.75,879.01,1,NA,0.25,217.38,1,73.25,1,NA,NA,0.25
2020,11,18,-17.58,0.875,879.18,1,NA,0.125,255.12,1,64.38,1,NA,NA,0.125
2020,11,19,-18.02,1,877.6,1,NA,0.375,256.38,1,62.5,1,NA,NA,0.375
2020,11,20,-16.01,0.75,874.53,1,NA,0.625,248.62,1,66.13,1,NA,NA,0.625
2020,11,21,-16.39,0.875,878.48,1,8,0.75,236.5,1,68.63,1,7.74,238.13,0.75
2020,11,22,-14.82,0.875,880.06,1,NA,0.375,155.62,1,81.13,1,NA,NA,0.375
2020,11,23,-13.94,1,879.48,1,NA,0.5,254.38,1,65.25,1,NA,NA,0.5
2020,11,24,-14.58,1,875.86,1,11.62,1,262.38,1,62.5,1,11.6,262.64,1
2020,11,25,-13.7,0.875,870.47,1,3.33,0.75,147.62,1,65.5,1,1.83,127.34,0.75
2020,11,26,-12.76,1,866.67,1,NA,0.5,214.75,1,60.88,1,NA,NA,0.5
2020,11,27,-12.32,1,861.53,1,15.88,1,258.25,1,66.13,1,15.84,258.12,1
2020,11,28,-12.53,0.875,863.63,1,NA,0.625,248.38,1,68.63,1,NA,NA,0.625
2020,11,29,-12.76,0.875,867.1,1,8.57,0.875,230.88,1,68.5,1,8.19,232.57,0.875
2020,11,30,-11.47,1,870.83,1,8.33,0.75,226.62,1,69.38,1,8.05,230.85,0.75
2020,12,1,-12.37,1,866.27,1,NA,0.375,252.75,1,66.75,1,NA,NA,0.375
2020,12,2,-12.99,0.875,868.67,1,NA,0.25,246.12,1,69.63,1,NA,NA,0.25
2020,12,3,-14.58,1,871.45,1,NA,0.5,245.5,1,66.25,1,NA,NA,0.5
2020,12,4,-14.11,1,869.94,1,NA,0.25,244,1,65.38,1,NA,NA,0.25
2020,12,5,-12.97,0.875,867.74,1,NA,0,256,1,64.75,1,NA,NA,0
2020,12,6,-12.86,0.75,869.18,1,NA,0.125,253.75,1,66,1,NA,NA,0.125
2020,12,7,-14.18,0.875,865.16,1,NA,0.5,267,1,63.38,1,NA,NA,0.5
2020,12,8,-13.94,0.875,863.33,1,NA,0.25,268.5,1,62.25,1,NA,NA,0.25
2020,12,9,-11.34,0.875,866.4,1,NA,0.375,231,1,67.88,1,NA,NA,0.375
2020,12,10,-10.38,1,872.38,1,NA,0.625,234.38,1,63.63,1,NA,NA,0.625
2020,12,11,-8.98,1,864.97,1,NA,0.625,247.38,1,65.25,1,NA,NA,0.625
2020,12,12,-11.19,1,865.29,1,NA,0.625,217,1,82.75,1,NA,NA,0.625
2020,12,13,-10.78,1,868.76,1,3.62,1,203.25,1,77.25,1,3.29,204.57,1
2020,12,14,-11.65,1,869.94,1,5.75,1,225.5,1,83.75,1,5.28,225.58,1
2020,12,15,-10.48,1,868.48,1,7.33,0.75,227,1,80,1,6.91,222.82,0.75
2020,12,16,-10.27,1,864.94,1,21.17,0.75,242.38,1,70.63,1,20.79,233.98,0.75
2020,12,17,-8.77,1,865.17,1,5,1,229.38,1,71.38,1,4.24,229.66,1
2020,12,18,-8.89,1,866.38,1,NA,0.5,253.88,1,65.75,1,NA,NA,0.5
2020,12,19,-8.91,1,863.57,1,NA,0.625,250.88,1,70.13,1,NA,NA,0.625
2020,12,20,-8.22,0.875,864.84,1,10.5,0.75,257.75,1,70.13,1,10.44,256.1,0.75
2020,12,21,-7.78,0.75,868.1,1,NA,0.375,208.75,1,72.88,1,NA,NA,0.375
2020,12,22,-9.3,1,870.53,1,NA,0.375,242.12,1,76.88,1,NA,NA,0.375
2020,12,23,-8.83,1,872.97,1,NA,0.375,251.88,1,65.13,1,NA,NA,0.375
2020,12,24,-9.47,1,876.83,1,NA,0.5,240.5,1,73.75,1,NA,NA,0.5
2020,12,25,-8.39,1,880.55,1,6.25,1,181.88,1,88.88,1,5.84,184.82,1
2020,12,26,-9.26,1,874.41,1,NA,0.375,233.62,1,81.13,1,NA,NA,0.375
2020,12,27,-11.14,1,866.84,1,NA,0.625,253.62,1,71.13,1,NA,NA,0.625
2020,12,28,-9.6,0.75,863.71,1,NA,0.25,181,1,77.25,1,NA,NA,0.25
2020,12,29,-10.12,1,865.41,1,NA,0.5,252,1,73.63,1,NA,NA,0.5
2020,12,30,-10.85,1,859.58,1,NA,0.625,254.12,1,69.25,1,NA,NA,0.625
2020,12,31,-9.62,0.75,859.11,1,NA,0.5,243.75,1,73.5,1,NA,NA,0.5
2021,1,1,-13.46,0.875,860.95,1,NA,0.125,250.12,1,71.13,1,NA,NA,0.125
2021,1,2,-12.65,1,859.68,1,NA,0.375,247.5,1,67.63,1,NA,NA,0.375
2021,1,3,-10.67,1,861.54,1,NA,0.25,260.88,1,67.38,1,NA,NA,0.25
2021,1,4,-10.95,1,862,1,NA,0.5,257.75,1,70.5,1,NA,NA,0.5
2021,1,5,-10.25,0.75,864.97,1,NA,0.5,234.25,1,68.75,1,NA,NA,0.5
2021,1,6,-9.87,1,862.94,1,NA,0.5,249.12,1,66.13,1,NA,NA,0.5
2021,1,7,-8.76,0.875,864.55,1,NA,0.625,216.88,1,82.25,1,NA,NA,0.625
2021,1,8,-9,0.875,867.07,1,NA,0.5,196.75,1,74.38,1,NA,NA,0.5
2021,1,9,-8.76,0.75,870.25,1,NA,0.5,261.12,1,76.38,1,NA,NA,0.5
2021,1,10,NA,0.625,873.89,1,NA,0.5,240.88,1,80.88,1,NA,NA,0.5
2021,1,11,-9.89,1,873.88,1,NA,0.625,253.5,1,72.5,1,NA,NA,0.625
2021,1,12,-11.3,0.875,874.55,1,NA,0.5,246.62,1,74.88,1,NA,NA,0.5
2021,1,13,-12.21,1,872.94,1,NA,0.5,262.25,1,67.75,1,NA,NA,0.5
2021,1,14,-11.43,0.875,872.8,1,NA,0.5,206.25,1,78.5,1,NA,NA,0.5
2021,1,15,-11.58,0.875,871.19,1,NA,0.5,264.25,1,74.13,1,NA,NA,0.5
2021,1,16,-12.35,1,871.71,1,NA,0.5,244.5,1,75.5,1,NA,NA,0.5
2021,1,17,-14.25,1,875.46,1,NA,0.625,279.25,1,69.75,1,NA,NA,0.625
2021,1,18,-10.66,0.875,885.76,1,NA,0.25,183.75,1,80.5,1,NA,NA,0.25
2021,1,19,-8.71,1,888.23,1,NA,0.5,119.25,1,94.38,1,NA,NA,0.5
2021,1,20,-9.02,0.875,883.17,1,NA,0,215.88,1,93,1,NA,NA,0
2021,1,21,-9.13,1,881.59,1,NA,0.25,258,1,79.88,1,NA,NA,0.25
2021,1,22,-9.34,1,878.92,1,NA,0.25,245.62,1,76.13,1,NA,NA,0.25
2021,1,23,-10.09,1,875.95,1,NA,0.5,239,1,79.88,1,NA,NA,0.5
2021,1,24,-10.18,1,868.34,1,31.33,0.75,245.25,1,80.75,1,31.23,246.27,0.75
2021,1,25,-11.59,1,869.1,1,NA,0.25,252.12,1,77.75,1,NA,NA,0.25
2021,1,26,-13.2,1,878.39,1,NA,0.625,247.62,1,75.63,1,NA,NA,0.625
2021,1,27,-14.83,1,875.35,1,28.14,0.875,252.88,1,74.75,1,27.85,251.97,0.875
2021,1,28,-15.95,1,873.88,1,NA,0.5,265.5,1,72.63,1,NA,NA,0.5
2021,1,29,-13.31,0.875,873.85,1,6.57,0.875,265.5,1,80.5,1,5.99,262.4,0.875
2021,1,30,-15.41,0.875,866.5,1,19.83,0.75,257,1,73.25,1,19.53,257,0.75
2021,1,31,-14.25,0.75,866.41,1,NA,0,222.62,1,72,1,NA,NA,0
2021,2,1,-14.16,0.875,868.77,1,NA,0.375,261.62,1,70.5,1,NA,NA,0.375
2021,2,2,NA,0.625,871.5,1,NA,0.625,251.75,1,78.88,1,NA,NA,0.625
2021,2,3,-16.26,1,869.52,1,NA,0.375,256.12,1,76.63,1,NA,NA,0.375
2021,2,4,-18.18,0.875,863.23,1,NA,0.625,257.12,1,73.63,1,NA,NA,0.625
2021,2,5,-19,1,861.13,1,NA,0.5,248,1,75.75,1,NA,NA,0.5
2021,2,6,-19.95,1,861.36,1,NA,0.375,264.25,1,73.25,1,NA,NA,0.375
2021,2,7,-15.77,1,866.53,1,NA,0.5,262,1,75.38,1,NA,NA,0.5
2021,2,8,-15.13,1,867.24,1,NA,0.5,285,1,74,1,NA,NA,0.5
2021,2,9,NA,0.625,867.76,1,NA,0.25,220.88,1,77.13,1,NA,NA,0.25
2021,2,10,-20.66,1,860.26,1,NA,0.375,269.12,1,76.38,1,NA,NA,0.375
2021,2,11,-18.26,0.75,863.06,1,NA,0.5,284.12,1,70.75,1,NA,NA,0.5
2021,2,12,-17.21,1,867.81,1,NA,0.125,259.38,1,70.13,1,NA,NA,0.125
2021,2,13,-16.95,1,871.52,1,NA,0.25,252,1,74.25,1,NA,NA,0.25
2021,2,14,-15.05,0.875,866.81,1,24,0.75,248,1,63.88,1,23.99,249.6,0.75
2021,2,15,-14.93,1,864.51,1,NA,0.625,251.38,1,63.38,1,NA,NA,0.625
2021,2,16,-15.39,0.875,864.25,1,NA,0.375,249.5,1,62.13,1,NA,NA,0.375
2021,2,17,-14.11,0.75,866.51,1,NA,0.625,229.38,1,83.13,1,NA,NA,0.625
2021,2,18,-15.55,0.875,867.86,1,NA,0.375,199,1,78.63,1,NA,NA,0.375
2021,2,19,-21.04,1,873.69,1,16.12,1,257.5,1,68.88,1,16.1,257.8,1
2021,2,20,-23.5,1,873.6,1,NA,0.5,256.38,1,74,1,NA,NA,0.5
2021,2,21,-24.01,1,869.5,1,NA,0.5,280.88,1,78,1,NA,NA,0.5
2021,2,22,-23.64,0.75,868.26,1,NA,0.25,285.38,1,76.38,1,NA,NA,0.25
2021,2,23,-24.03,0.75,867.36,1,NA,0.625,279,1,74.25,1,NA,NA,0.625
2021,2,24,NA,0.625,869.16,1,NA,0.375,263.5,1,75,1,NA,NA,0.375
2021,2,25,-21.92,0.75,869.25,1,NA,0.125,255.75,1,76.5,1,NA,NA,0.125
2021,2,26,-25.05,1,870.38,1,NA,0.625,256.38,1,79.5,1,NA,NA,0.625
2021,2,27,NA,0.625,866.92,1,NA,0.25,278.88,1,75,1,NA,NA,0.25
2021,2,28,-20.39,0.875,865.65,1,14.29,0.875,247.88,1,80.25,1,14.11,248.26,0.875
2021,3,1,NA,0.625,865.8,1,NA,0.375,250.75,1,78.38,1,NA,NA,0.375
2021,3,2,-25.85,1,868.58,1,20.5,0.75,262,1,75.5,1,20.38,260.47,0.75
2021,3,3,-24,1,869.96,1,NA,0.375,253.62,1,77.63,1,NA,NA,0.375
2021,3,4,-25.37,0.875,877.06,1,NA,0.25,271.5,1,75.75,1,NA,NA,0.25
2021,3,5,-27.43,0.875,880.05,1,NA,0,269.25,1,71.38,1,NA,NA,0
2021,3,6,-29.13,1,879.34,1,NA,0.625,274.12,1,70.5,1,NA,NA,0.625
2021,3,7,-27.7,0.875,883.72,1,27.29,0.875,267.25,1,74.25,1,27.22,267.59,0.875
2021,3,8,-26.9,1,885.97,1,NA,0.25,255,1,71.5,1,NA,NA,0.25
2021,3,9,-25.62,1,880.4,1,NA,0.5,251.5,1,68.75,1,NA,NA,0.5
2021,3,10,-25.38,1,878.56,1,NA,0.625,245.25,1,66.25,1,NA,NA,0.625
2021,3,11,-23.07,1,878.51,1,NA,0.5,246.62,1,66.63,1,NA,NA,0.5
2021,3,12,-26.75,1,869.56,1,39.33,0.75,255,1,77,1,39.04,256.6,0.75
2021,3,13,-34.62,1,864.22,1,NA,0.375,266,1,70.25,1,NA,NA,0.375
2021,3,14,-24.83,0.75,865.77,1,NA,0.5,244.88,1,77.13,1,NA,NA,0.5
2021,3,15,-26.06,0.75,865.66,1,NA,0.375,255.38,1,76.75,1,NA,NA,0.375
2021,3,16,-27.13,1,862.82,1,NA,0.375,238.75,1,75.75,1,NA,NA,0.375
2021,3,17,-19.47,1,871.82,1,NA,0.125,164,1,85.25,1,NA,NA,0.125
2021,3,18,-26.42,0.875,874.08,1,NA,0.375,252,1,77.88,1,NA,NA,0.375
2021,3,19,-33.71,1,868.45,1,NA,0.5,247.75,1,71.13,1,NA,NA,0.5
2021,3,20,-32.98,0.875,863.73,1,NA,0.25,272.88,1,72.13,1,NA,NA,0.25
2021,3,21,-28.02,1,865.94,1,NA,0.375,263,1,70.88,1,NA,NA,0.375
2021,3,22,-22.76,0.875,869.19,1,NA,0.625,248.75,1,73.75,1,NA,NA,0.625
2021,3,23,-28.63,1,871.25,1,NA,0.625,262.62,1,72.88,1,NA,NA,0.625
2021,3,24,-31.52,1,864.85,1,NA,0.375,264,1,72,1,NA,NA,0.375
2021,3,25,-27.13,1,873.93,1,NA,0,261.12,1,76.25,1,NA,NA,0
2021,3,26,-23.99,1,875.43,1,NA,0.5,268.88,1,70.75,1,NA,NA,0.5
2021,3,27,-23.94,0.875,873.66,1,NA,0.25,257.62,1,68.75,1,NA,NA,0.25
2021,3,28,-23.3,0.75,881.3,1,NA,0.625,261.75,1,70.88,1,NA,NA,0.625
2021,3,29,-22.93,0.875,876.3,1,NA,0.375,264.12,1,72.63,1,NA,NA,0.375
2021,3,30,-28.15,1,866.53,1,NA,0,255.5,1,72.88,1,NA,NA,0
2021,3,31,-32.98,0.875,864.64,1,NA,0.5,267.62,1,67.88,1,NA,NA,0.5
2021,4,1,-30.2,0.875,860.93,1,21.71,0.875,258.5,1,66,1,21.69,258.83,0.875
2021,4,2,-29.62,0.75,855.38,1,NA,0.25,266.5,1,66,1,NA,NA,0.25
2021,4,3,-24.17,0.875,854.3,1,12.67,0.75,249.62,1,74.13,1,12.59,248.78,0.75
2021,4,4,-26.02,1,856.81,1,15.5,1,249,1,76.75,1,15.4,248.78,1
2021,4,5,-31.17,1,859.86,1,17.83,0.75,262.25,1,71.75,1,17.79,263.85,0.75
2021,4,6,-29.06,1,864.24,1,22.43,0.875,258,1,72.5,1,22.42,258.06,0.875
2021,4,7,-31.66,1,861.72,1,NA,0.25,262,1,70.5,1,NA,NA,0.25
2021,4,8,-35.34,0.875,860.68,1,NA,0.625,244.62,1,68,1,NA,NA,0.625
2021,4,9,-41.95,0.875,862.99,1,NA,0.375,262,1,61.75,1,NA,NA,0.375
2021,4,10,-36.03,1,869.11,1,39.33,0.75,259.38,1,68,1,39.25,258.34,0.75
2021,4,11,-36.33,1,869.1,1,49.33,0.75,257,1,67.5,1,49.29,256.38,0.75
2021,4,12,-33.36,1,860.89,1,NA,0.25,252.88,1,69.63,1,NA,NA,0.25
2021,4,13,-40.96,1,863.4,1,NA,0.375,255.12,1,62.5,1,NA,NA,0.375
2021,4,14,-40.6,1,867.53,1,NA,0.5,265.75,1,63,1,NA,NA,0.5
2021,4,15,-33.39,1,871.89,1,NA,0.125,252.75,1,59.13,1,NA,NA,0.125
2021,4,16,-30.86,1,879.24,1,3,0.75,208.33,0.75,73.38,1,NA,NA,0.5
2021,4,17,-31.42,0.75,881.22,1,4.33,0.75,NA,0.5,71.75,1,NA,NA,0.25
2021,4,18,-27.23,1,876.16,1,NA,0.625,258.88,1,72.88,1,NA,NA,0.625
2021,4,19,-28.68,1,864.04,1,NA,0.25,255.62,1,76.13,1,NA,NA,0.25
2021,4,20,-30.88,1,860.83,1,43.71,0.875,254.88,1,73.75,1,43.62,254.97,0.875
2021,4,21,-37.9,0.875,857.22,1,NA,0.125,255.5,1,66.13,1,NA,NA,0.125
2021,4,22,-41.55,1,860.77,1,NA,0.625,250.62,1,62.13,1,NA,NA,0.625
2021,4,23,-45.13,1,866.9,1,36.5,0.75,256,1,58,1,36.32,255.37,0.75
2021,4,24,-46.03,1,862.6,1,NA,0.625,262,1,57,1,NA,NA,0.625
2021,4,25,-46.93,1,861.81,1,NA,0.375,257.88,1,55.88,1,NA,NA,0.375
2021,4,26,-44.24,1,870.23,1,NA,0.375,257.12,1,58.25,1,NA,NA,0.375
2021,4,27,-37.25,1,861.43,1,NA,0.25,266.5,1,65.88,1,NA,NA,0.25
2021,4,28,-32.23,1,858.16,1,NA,0.375,262.75,1,64.25,1,NA,NA,0.375
2021,4,29,-36.54,1,860.74,1,NA,0.5,258.12,1,61.5,1,NA,NA,0.5
2021,4,30,-39.32,1,863.98,1,NA,0.375,266.88,1,64.38,1,NA,NA,0.375
2021,5,1,-42.42,0.875,868.21,1,NA,0.25,276.88,1,61.5,1,NA,NA,0.25
2021,5,2,-41.87,1,861.63,1,NA,0.25,290,1,61.5,1,NA,NA,0.25
2021,5,3,-36.18,1,854.78,1,NA,0.5,273,1,65.88,1,NA,NA,0.5
2021,5,4,-29.88,0.75,852.91,1,15.62,1,259.38,1,71.38,1,15.58,259.5,1
2021,5,5,-27.53,1,863,1,NA,0.5,174,1,76,1,NA,NA,0.5
2021,5,6,-29.41,1,866.31,1,NA,0.625,231.5,1,73.63,1,NA,NA,0.625
2021,5,7,-30.69,1,865.53,1,NA,0.25,266,1,73,1,NA,NA,0.25
2021,5,8,-37.3,1,869.91,1,28,0.75,274.75,1,66.88,1,27.96,276.14,0.75
2021,5,9,-40.34,1,864.52,1,NA,0.625,255.5,1,63.63,1,NA,NA,0.625
2021,5,10,-43.69,1,861.5,1,NA,0.375,254.38,1,59.75,1,NA,NA,0.375
2021,5,11,-40.94,1,856.87,1,20,0.75,256.75,1,62.5,1,19.99,257.85,0.75
2021,5,12,-34.62,1,856.8,1,NA,0.5,238.38,1,69.13,1,NA,NA,0.5
2021,5,13,-40.05,1,862.68,1,NA,0.625,263.88,1,63.63,1,NA,NA,0.625
2021,5,14,-39.42,1,865.19,1,22.33,0.75,263.25,1,64.13,1,22.33,263.68,0.75
2021,5,15,-42,1,864.97,1,NA,0.375,256.25,1,61.5,1,NA,NA,0.375
2021,5,16,-42.69,1,878.36,1,25.29,0.875,263.75,1,60.38,1,25.26,263.9,0.875
2021,5,17,-42.2,1,868.92,1,NA,0,270,1,61,1,NA,NA,0
2021,5,18,-42.05,1,870.34,1,NA,0.5,262.12,1,61,1,NA,NA,0.5
2021,5,19,-39.56,1,873.76,1,NA,0.625,262.25,1,63.38,1,NA,NA,0.625
2021,5,20,-38.15,1,869.19,1,43.5,0.75,257.25,1,65.25,1,43.38,258.42,0.75
2021,5,21,-38.61,1,859.81,1,NA,0.5,263.25,1,64.75,1,NA,NA,0.5
2021,5,22,-35.39,1,870.25,1,NA,0.25,260.88,1,61.88,1,NA,NA,0.25
2021,5,23,-37.01,1,872.92,1,NA,0.125,263.62,1,66.38,1,NA,NA,0.125
2021,5,24,-37.36,1,867.04,1,NA,0.5,275.38,1,66.13,1,NA,NA,0.5
2021,5,25,-29.22,1,869.78,1,NA,0.625,252.75,1,72.88,1,NA,NA,0.625
2021,5,26,-33.76,1,877.07,1,23.62,1,272.38,1,70.25,1,23.5,272.67,1
2021,5,27,-30.22,0.75,878.74,1,NA,0,261.25,1,73.13,1,NA,NA,0
2021,5,28,-28.8,0.875,879.87,1,NA,0,267,1,75.75,1,NA,NA,0
2021,5,29,-31.52,1,885.53,1,NA,0,275.88,1,72.88,1,NA,NA,0
2021,5,30,-28.73,1,876.13,1,NA,0.125,265.62,1,70.38,1,NA,NA,0.125
2021,5,31,-36.56,0.75,866.3,1,NA,0.125,266,1,65.88,1,NA,NA,0.125
2021,6,1,-38.11,1,870.83,1,NA,0.5,269.62,1,65.88,1,NA,NA,0.5
2021,6,2,-37.19,1,877.41,1,26,0.75,265.38,1,67,1,25.92,265.1,0.75
2021,6,3,-35.77,1,875.96,1,NA,0.25,261.12,1,68,1,NA,NA,0.25
2021,6,4,-38.48,1,868.77,1,NA,0.375,276,1,65.38,1,NA,NA,0.375
2021,6,5,-40.18,1,865.19,1,NA,0.625,294,1,63.38,1,NA,NA,0.625
2021,6,6,-40.17,1,866.78,1,NA,0.625,273,1,63.25,1,NA,NA,0.625
2021,6,7,-35.17,0.75,871.92,1,NA,0,267.88,1,69.75,1,NA,NA,0
2021,6,8,-35.61,1,869.31,1,NA,0.25,253.62,1,68.5,1,NA,NA,0.25
2021,6,9,-36.06,1,864.13,1,NA,0.25,254.62,1,61.38,1,NA,NA,0.25
2021,6,10,-42.2,1,862.76,1,34.83,0.75,252,1,59.88,1,34.79,251.63,0.75
2021,6,11,-44.77,1,870.93,1,NA,0.625,255.88,1,58,1,NA,NA,0.625
2021,6,12,-43.85,1,873.89,1,NA,0.125,272.75,1,59.25,1,NA,NA,0.125
2021,6,13,-37.64,1,873.32,1,NA,0.25,245.5,1,60.75,1,NA,NA,0.25
2021,6,14,-31.86,1,868.85,1,NA,0.25,252.25,1,46.88,1,NA,NA,0.25
2021,6,15,-37.1,1,866.88,1,NA,0,247.38,1,61.38,1,NA,NA,0
2021,6,16,-32.66,1,864.19,1,NA,0.125,256.75,1,71.25,1,NA,NA,0.125
2021,6,17,-31.38,1,858.79,1,NA,0.25,249.88,1,48.38,1,NA,NA,0.25
2021,6,18,-34.08,1,866.56,1,NA,0.375,265.38,1,56.63,1,NA,NA,0.375
2021,6,19,-34.33,1,861.63,1,NA,0,277.12,1,60.63,1,NA,NA,0
2021,6,20,-37.02,1,855.13,1,NA,0.625,286.25,1,66.63,1,NA,NA,0.625
2021,6,21,-26.43,0.75,854.97,1,NA,0.25,252.25,1,76.13,1,NA,NA,0.25
2021,6,22,-27.79,0.75,857.94,1,NA,0.5,260.38,1,76.75,1,NA,NA,0.5
2021,6,23,-22.38,1,861.77,1,NA,0.375,241.38,1,80.13,1,NA,NA,0.375
2021,6,24,-23.06,1,864.48,1,9.67,0.75,241.12,1,79.75,1,9.55,247.04,0.75
2021,6,25,-26.41,1,866.13,1,11.12,1,255.25,1,74.5,1,11.12,255.22,1
2021,6,26,-31.52,1,871.55,1,NA,0.625,260,1,69.75,1,NA,NA,0.625
2021,6,27,-34.17,1,878.78,1,24.29,0.875,260.5,1,69.88,1,24.22,260.73,0.875
2021,6,28,-38,1,878.36,1,NA,0.375,257.62,1,66.13,1,NA,NA,0.375
2021,6,29,-38.62,0.75,874.4,1,NA,0.125,272.75,1,65.63,1,NA,NA,0.125
2021,6,30,-32.98,1,867.25,1,NA,0,270.12,1,65.13,1,NA,NA,0
2021,7,1,-36.61,1,859.13,1,22.5,0.75,265,1,56.88,1,22.47,265.58,0.75
2021,7,2,-37.42,1,858.18,1,20.17,0.75,260.25,1,55,1,20.16,260.19,0.75
2021,7,3,-31.88,0.75,861.75,1,NA,0.375,262.38,1,68.25,1,NA,NA,0.375
2021,7,4,-28.52,1,868.01,1,NA,0.125,248.12,1,70.25,1,NA,NA,0.125
2021,7,5,-30.07,1,864.1,1,NA,0.5,246.62,1,73.13,1,NA,NA,0.5
2021,7,6,-32.6,1,871.43,1,NA,0.5,256.5,1,70.13,1,NA,NA,0.5
2021,7,7,-31.39,1,878.38,1,NA,0.125,261.5,1,72.25,1,NA,NA,0.125
2021,7,8,-33.01,0.875,875.92,1,NA,0.25,274.12,1,71.75,1,NA,NA,0.25
2021,7,9,-29.42,0.75,872.63,1,NA,0.25,289.5,1,76.75,1,NA,NA,0.25
2021,7,10,-24.68,0.75,882.87,1,NA,0.25,261.38,1,77.38,1,NA,NA,0.25
2021,7,11,-30.13,1,878.99,1,NA,0.625,266,1,71.63,1,NA,NA,0.625
2021,7,12,-36.7,1,874.9,1,NA,0.375,252.38,1,67.63,1,NA,NA,0.375
2021,7,13,-37.71,1,874.41,1,NA,0.625,262.38,1,66.25,1,NA,NA,0.625
2021,7,14,-34.52,0.875,870.75,1,NA,0.5,269.62,1,67.75,1,NA,NA,0.5
2021,7,15,-38.38,1,873.25,1,NA,0.625,267.25,1,65.63,1,NA,NA,0.625
2021,7,16,-36.64,1,875.49,1,NA,0.375,262.62,1,67.13,1,NA,NA,0.375
2021,7,17,-34.98,1,873.64,1,NA,0.125,268.88,1,68.38,1,NA,NA,0.125
2021,7,18,-35.59,0.875,868.46,1,NA,0.125,275.5,1,66.63,1,NA,NA,0.125
2021,7,19,-39.78,1,868.96,1,NA,0.125,272,1,63.88,1,NA,NA,0.125
2021,7,20,-30.69,1,873.07,1,16.25,1,248,1,72.63,1,16.23,248.21,1
2021,7,21,-27.04,1,872.86,1,11.57,0.875,248,1,74,1,11.44,247.5,0.875
2021,7,22,-27.57,1,868.6,1,NA,0.625,252.25,1,74.75,1,NA,NA,0.625
2021,7,23,-21.78,1,874.78,1,NA,0,215.62,1,81.38,1,NA,NA,0
2021,7,24,-22.8,1,878.75,1,NA,0,258.38,1,77.75,1,NA,NA,0
2021,7,25,-31.33,1,876.15,1,NA,0.375,266.5,1,72.88,1,NA,NA,0.375
2021,7,26,-33.88,1,874.35,1,21.29,0.875,262.38,1,68.13,1,21.25,262.44,0.875
2021,7,27,-38.38,1,872.49,1,29.17,0.75,254.88,1,65.5,1,29.16,254.98,0.75
2021,7,28,-42.44,1,875.07,1,NA,0.625,257.88,1,61,1,NA,NA,0.625
2021,7,29,-34.1,0.75,883.94,1,NA,0.25,254.5,1,67.5,1,NA,NA,0.25
2021,7,30,-29.63,1,890.3,1,NA,0.375,255.75,1,68.88,1,NA,NA,0.375
2021,7,31,NA,0.625,887.29,1,NA,0,264.75,1,76.5,1,NA,NA,0
2021,8,1,-17.68,1,878.88,1,NA,0.125,260.62,1,61.25,1,NA,NA,0.125
2021,8,2,-21.24,1,875.78,1,NA,0.375,252,1,58.13,1,NA,NA,0.375
2021,8,3,-26.64,0.875,874.45,1,NA,0,235.75,1,77.63,1,NA,NA,0
2021,8,4,-29.65,1,869.8,1,NA,0.25,256.62,1,74.25,1,NA,NA,0.25
2021,8,5,-29.84,1,868.73,1,NA,0.625,255,1,72.75,1,NA,NA,0.625
2021,8,6,-28.99,1,874.23,1,NA,0.25,204.75,1,65.88,1,NA,NA,0.25
2021,8,7,-29.82,1,877.39,1,NA,0.5,229.5,1,73.75,1,NA,NA,0.5
2021,8,8,-28.66,1,865.84,1,NA,0.375,254.12,1,73.63,1,NA,NA,0.375
2021,8,9,-32.12,1,859.21,1,NA,0.625,260.5,1,69.75,1,NA,NA,0.625
2021,8,10,-38.38,1,872.61,1,NA,0.5,245.62,1,64.75,1,NA,NA,0.5
2021,8,11,-36.8,0.75,886.53,1,NA,0.625,253,1,68.38,1,NA,NA,0.625
2021,8,12,-28.9,1,881.36,1,NA,0.5,256.88,1,75.25,1,NA,NA,0.5
2021,8,13,-27.72,1,872.24,1,43.17,0.75,252.5,1,73.25,1,43.04,252.48,0.75
2021,8,14,-30.22,1,881.29,1,NA,0.5,246.25,1,65.88,1,NA,NA,0.5
2021,8,15,-30.15,1,885.46,1,NA,0.375,250.5,1,66.5,1,NA,NA,0.375
2021,8,16,-37.29,0.75,877.87,1,NA,0.5,253,1,65.38,1,NA,NA,0.5
2021,8,17,-41.12,1,874.22,1,NA,0.375,259.38,1,58.38,1,NA,NA,0.375
2021,8,18,-38.09,1,869.21,1,NA,0.625,254.25,1,56.38,1,NA,NA,0.625
2021,8,19,-33.94,1,865.63,1,NA,0.125,253.12,1,61.63,1,NA,NA,0.125
2021,8,20,-41.97,0.875,865.33,1,NA,0.25,263.12,1,61.63,1,NA,NA,0.25
2021,8,21,-40.09,1,861.01,1,25.83,0.75,257.38,1,62.13,1,25.81,257.75,0.75
2021,8,22,-42.8,1,863.4,1,26.67,0.75,262.75,1,60.38,1,26.48,262.39,0.75
2021,8,23,-43.03,1,862.62,1,NA,0.375,260.62,1,59.13,1,NA,NA,0.375
2021,8,24,-41.14,1,858.87,1,NA,0.5,261.38,1,60.63,1,NA,NA,0.5
2021,8,25,-38.17,1,859.36,1,NA,0.5,257.38,1,63.25,1,NA,NA,0.5
2021,8,26,-36.17,1,866.42,1,NA,0.375,255.75,1,67.5,1,NA,NA,0.375
2021,8,27,-33.63,1,872.77,1,NA,0,271.5,1,70.13,1,NA,NA,0
2021,8,28,-29.23,1,862.27,1,NA,0.125,249.5,1,73.13,1,NA,NA,0.125
2021,8,29,-29.45,1,870.56,1,NA,0.375,241.25,1,68,1,NA,NA,0.375
2021,8,30,-23.29,1,877.9,1,NA,0.375,249,1,48,1,NA,NA,0.375
2021,8,31,-28.5,1,877.62,1,NA,0.5,243.38,1,51.75,1,NA,NA,0.5
2021,9,1,-29.59,1,869.27,1,NA,0.375,253.5,1,49.38,1,NA,NA,0.375
2021,9,2,-31.72,0.75,857.41,1,NA,0.25,261.88,1,56.38,1,NA,NA,0.25
2021,9,3,NA,0.625,859.68,1,NA,0.25,257,1,69.63,1,NA,NA,0.25
2021,9,4,-36.27,1,856.83,1,NA,0.5,263.38,1,64.25,1,NA,NA,0.5
2021,9,5,-38.93,1,857.08,1,NA,0.5,276.62,1,64.5,1,NA,NA,0.5
2021,9,6,-29.07,0.75,857,1,NA,0.125,267,1,71.88,1,NA,NA,0.125
2021,9,7,-29.96,1,863.64,1,NA,0.375,258.88,1,68.63,1,NA,NA,0.375
2021,9,8,-34,1,868.19,1,NA,0.25,262.12,1,66.38,1,NA,NA,0.25
2021,9,9,-35.65,1,860.2,1,30,0.875,264.62,1,65.5,1,29.75,264.36,0.875
2021,9,10,NA,0.375,857.94,1,NA,0.25,264.5,1,68.75,1,NA,NA,0.25
2021,9,11,-30.69,0.75,860.23,1,NA,0.5,262,1,72.38,1,NA,NA,0.5
2021,9,12,-31.81,1,858.12,1,NA,0.625,278.25,1,67.63,1,NA,NA,0.625
2021,9,13,-32.24,0.875,855.9,1,NA,0,248.75,1,55.88,1,NA,NA,0
2021,9,14,-38.01,1,865.9,1,NA,0.5,258,1,63.38,1,NA,NA,0.5
2021,9,15,-32.36,1,861.9,1,NA,0.25,246.5,1,70.25,1,NA,NA,0.25
2021,9,16,-31.74,1,854.39,1,NA,0.125,260.75,1,54.13,1,NA,NA,0.125
2021,9,17,-36.29,1,860.92,1,NA,0.25,292.38,1,55.38,1,NA,NA,0.25
2021,9,18,-34.35,1,869.41,1,NA,0.5,268.75,1,62.25,1,NA,NA,0.5
2021,9,19,-36.43,1,869.67,1,NA,0.5,261.5,1,61,1,NA,NA,0.5
2021,9,20,-28.22,0.875,872.82,1,NA,0.5,123.25,1,75,1,NA,NA,0.5
2021,9,21,-26.28,1,868.88,1,NA,0.5,155.75,1,78.38,1,NA,NA,0.5
2021,9,22,-22.38,1,863.3,1,NA,0.5,147.5,1,79.63,1,NA,NA,0.5
2021,9,23,-23.93,1,863.94,1,NA,0.5,178.75,1,80.88,1,NA,NA,0.5
2021,9,24,-25.21,1,862.33,1,9.25,1,256.62,1,75,1,9.11,256.57,1
2021,9,25,-29.39,1,854.83,1,NA,0.25,270.88,1,73.75,1,NA,NA,0.25
2021,9,26,-29.62,1,851.63,1,NA,0.375,256,1,70.25,1,NA,NA,0.375
2021,9,27,-38.84,1,849.45,1,NA,0.5,268,1,65.25,1,NA,NA,0.5
2021,9,28,-41.63,1,852.76,1,35.67,0.75,255,1,62,1,35.57,254.65,0.75
2021,9,29,-40.58,1,857.04,1,37.57,0.875,250.62,1,63,1,37.56,249.98,0.875
2021,9,30,-37.87,1,856.66,1,NA,0.625,262.5,1,65.63,1,NA,NA,0.625
2021,10,1,-34.09,0.875,858.34,1,NA,0.5,256.75,1,67.5,1,NA,NA,0.5
2021,10,2,-32.54,0.75,867.94,1,NA,0,263.25,1,73.38,1,NA,NA,0
2021,10,3,-25.81,1,865.44,1,NA,0.25,239.5,1,78.88,1,NA,NA,0.25
2021,10,4,-28.39,1,871.26,1,NA,0.125,234.62,1,76.5,1,NA,NA,0.125
2021,10,5,-24.36,1,872.12,1,NA,0.5,243.25,1,78.13,1,NA,NA,0.5
2021,10,6,-26.89,0.875,865.2,1,NA,0.5,249.88,1,76.5,1,NA,NA,0.5
2021,10,7,-33.67,0.875,871.38,1,NA,0.5,278.38,1,68.5,1,NA,NA,0.5
2021,10,8,-24.54,0.75,877.85,1,NA,0.125,255.25,1,59.5,1,NA,NA,0.125
2021,10,9,-27.25,0.75,874.28,1,NA,0.375,247.75,1,68.38,1,NA,NA,0.375
2021,10,10,-29.85,1,877.07,1,NA,0.5,259.25,1,61.63,1,NA,NA,0.5
2021,10,11,NA,0.625,876.06,1,NA,0.375,258.75,1,68.5,1,NA,NA,0.375
2021,10,12,-29.73,1,872.87,1,NA,0.25,248,1,68.88,1,NA,NA,0.25
2021,10,13,-31.04,0.875,872.36,1,NA,0.125,265,1,64.75,1,NA,NA,0.125
2021,10,14,-29.76,1,869.32,1,NA,0.5,269,1,58.63,1,NA,NA,0.5
2021,10,15,-28.57,1,864.76,1,NA,0.375,258.38,1,56.88,1,NA,NA,0.375
2021,10,16,-31.98,1,867.43,1,NA,0.25,281,1,57.5,1,NA,NA,0.25
2021,10,17,-28.06,0.75,867.52,1,NA,0.625,265.62,1,56.13,1,NA,NA,0.625
2021,10,18,NA,0.625,862.16,1,NA,0.375,258.5,1,59.13,1,NA,NA,0.375
2021,10,19,-27.58,0.75,863.87,1,NA,0.125,258.75,1,72,1,NA,NA,0.125
2021,10,20,-25.74,0.875,866.18,1,NA,0.125,252.88,1,53.75,1,NA,NA,0.125
2021,10,21,-24.29,1,870.71,1,46.86,0.875,245.5,1,45.63,1,46.79,244.09,0.875
2021,10,22,-20.85,1,866.2,1,NA,0.125,246.38,1,50.88,1,NA,NA,0.125
2021,10,23,-21.98,1,857.58,1,NA,0.375,251.38,1,55.38,1,NA,NA,0.375
2021,10,24,-23.99,1,860.96,1,NA,0.5,231.62,1,78.13,1,NA,NA,0.5
2021,10,25,-25.98,0.75,871.25,1,NA,0.5,256.38,1,68.63,1,NA,NA,0.5
2021,10,26,-24.93,0.875,872.22,1,NA,0.625,252.38,1,69.38,1,NA,NA,0.625
2021,10,27,-26.9,1,859.83,1,NA,0.5,254,1,68.88,1,NA,NA,0.5
2021,10,28,-22.94,0.875,857,1,NA,0.375,186,1,71.13,1,NA,NA,0.375
2021,10,29,-21.99,1,863.92,1,9.67,0.75,219.38,1,81.25,1,7.03,227.8,0.75
2021,10,30,-22.64,1,866.42,1,NA,0.5,263,1,75.38,1,NA,NA,0.5
2021,10,31,NA,0.625,862.31,1,NA,0.375,277.62,1,73.5,1,NA,NA,0.375
2021,11,1,-25.58,0.875,864.3,1,19.86,0.875,259.75,1,68.75,1,19.84,259.19,0.875
2021,11,2,-25.83,0.75,868.86,1,NA,0.625,260.12,1,73.13,1,NA,NA,0.625
2021,11,3,-26.18,1,871.89,1,35.83,0.75,252.12,1,74.13,1,35.39,253.78,0.75
2021,11,4,-24.69,0.75,868.61,1,NA,0.25,250.88,1,68.13,1,NA,NA,0.25
2021,11,5,-22.81,0.875,862.12,1,NA,0.25,265.62,1,59.75,1,NA,NA,0.25
2021,11,6,NA,0.625,864.26,1,NA,0.25,257.62,1,60.5,1,NA,NA,0.25
2021,11,7,-20.64,0.75,866.33,1,NA,0.5,242.25,1,68.63,1,NA,NA,0.5
2021,11,8,-20.14,1,869.43,1,NA,0.5,260.12,1,69.5,1,NA,NA,0.5
2021,11,9,-20.46,0.75,867.02,1,NA,0.625,257.25,1,62.88,1,NA,NA,0.625
2021,11,10,-20.08,0.75,865.57,1,NA,0.25,256.12,1,62.5,1,NA,NA,0.25
2021,11,11,-20.44,0.75,861.97,1,NA,0.375,254.62,1,63.75,1,NA,NA,0.375
2021,11,12,-19.12,0.875,864.92,1,NA,0.625,248.62,1,61.75,1,NA,NA,0.625
2021,11,13,-18.39,0.875,866.53,1,NA,0.5,254.12,1,62.63,1,NA,NA,0.5
2021,11,14,-21.05,0.75,860.96,1,NA,0.375,253.25,1,58.38,1,NA,NA,0.375
2021,11,15,-19.54,0.75,858.08,1,NA,0.5,226.25,1,71.75,1,NA,NA,0.5
2021,11,16,-18.86,1,862.19,1,NA,0.375,230.62,1,76.75,1,NA,NA,0.375
2021,11,17,-16.24,1,866.22,1,NA,0.5,250.75,1,73.75,1,NA,NA,0.5
2021,11,18,-16,0.75,865.69,1,NA,0.625,254.88,1,69.5,1,NA,NA,0.625
2021,11,19,-16.49,1,863.11,1,NA,0.375,256.62,1,78.5,1,NA,NA,0.375
2021,11,20,-16.44,1,867.74,1,NA,0.625,270.12,1,77.13,1,NA,NA,0.625
2021,11,21,-17.67,1,868.13,1,NA,0.5,251.75,1,70.38,1,NA,NA,0.5
2021,11,22,-17.44,0.875,857.71,1,NA,0.25,248.75,1,70.63,1,NA,NA,0.25
2021,11,23,NA,0.625,853.96,1,NA,0.125,247.88,1,71.63,1,NA,NA,0.125
2021,11,24,-12.25,1,859.17,1,NA,0.375,203.5,1,83.75,1,NA,NA,0.375
2021,11,25,-13.11,1,859.03,1,9.67,0.75,245.25,1,76.13,1,9.19,240.6,0.75
2021,11,26,-11.66,1,858.45,1,NA,0.625,227.38,1,78.75,1,NA,NA,0.625
2021,11,27,-15.31,0.875,864.5,1,10.17,0.75,265.5,1,72.13,1,9.78,256.4,0.75
2021,11,28,NA,0.625,867.52,1,NA,0.5,244.75,1,75.25,1,NA,NA,0.5
2021,11,29,-12.8,0.875,869.96,1,NA,0.5,242.5,1,72.5,1,NA,NA,0.5
2021,11,30,-14.79,1,872.54,1,NA,0.375,240.62,1,74.88,1,NA,NA,0.375
2021,12,1,-15.56,1,870.57,1,NA,0.5,242.88,1,77.63,1,NA,NA,0.5
2021,12,2,-14.94,1,869.83,1,NA,0.375,243.75,1,70.63,1,NA,NA,0.375
2021,12,3,-14.26,1,870,1,NA,0.625,252.88,1,65.13,1,NA,NA,0.625
2021,12,4,-13.03,0.875,863.34,1,NA,0.25,231,1,69.25,1,NA,NA,0.25
2021,12,5,NA,0.625,864.22,1,NA,0.25,241.88,1,66.75,1,NA,NA,0.25
2021,12,6,-14.97,1,860.83,1,NA,0.25,248.12,1,70,1,NA,NA,0.25
2021,12,7,-14.61,1,856.53,1,NA,0.125,274.12,1,68.13,1,NA,NA,0.125
2021,12,8,-12.43,1,853.97,1,NA,0.5,241.75,1,67.25,1,NA,NA,0.5
2021,12,9,-11.53,0.75,855.42,1,NA,0.5,252,1,65.13,1,NA,NA,0.5
2021,12,10,-13.28,1,856.62,1,NA,0.25,236.25,1,66.75,1,NA,NA,0.25
2021,12,11,-12.91,1,858.56,1,NA,0.25,256,1,66,1,NA,NA,0.25
2021,12,12,-11.33,0.75,863.69,1,NA,0.25,250,1,67.63,1,NA,NA,0.25
2021,12,13,-10.77,1,868.18,1,NA,0.125,242,1,67.88,1,NA,NA,0.125
2021,12,14,-10.27,1,874.21,1,NA,0.375,262.75,1,67.38,1,NA,NA,0.375
