Year,Month,Day,Temperature(¡æ),wt_T,Pressure(hPa),wt_P,Wind Speed(m/s),wt_WS,Wind Direction,wt_WD,Relative Humidity(%),wt_RH,Vector Wind Speed(m/s),Vector Wind Direction(¡ã),wt_V
2010,1,9,NA,0.5,764.31,1,2.49,0.875,147.5,1,NA,0,0.3,196.05,0.875
2010,1,10,NA,0.5,761.4,1,2.03,0.875,120,1,NA,0,0.91,52.94,0.875
2010,1,11,-17.27,0.875,756.93,1,5,0.75,82.5,1,NA,0,2.73,35.51,0.75
2010,1,12,NA,0.25,754.85,1,1.34,1,146.38,1,NA,0,0.63,200.75,1
2010,1,13,NA,0.25,753.04,1,1.82,1,142,1,NA,0,0.52,203.34,1
2010,1,14,NA,0.625,750.96,1,2.44,0.875,118.88,1,NA,0,1.24,50.45,0.875
2010,1,15,-13.57,0.875,749.06,1,NA,0.375,96.5,1,NA,0,NA,NA,0.375
2010,1,16,NA,0.5,749.64,1,2.1,0.75,228.5,1,NA,0,1.47,225.7,0.75
2010,1,17,NA,0.125,750.49,1,1.26,1,153,1,NA,0,0.58,118.33,1
2010,1,18,NA,0.125,751.89,1,1.18,1,159.38,1,NA,0,0.69,174.17,1
2010,1,19,NA,0.375,754.07,1,2.01,1,187.25,1,NA,0,1.32,214.96,1
2010,1,20,-14.75,1,751.29,1,4.45,1,50.12,1,NA,0,4.38,48.19,1
2010,1,21,NA,0.625,748.88,1,2.6,1,214.38,1,NA,0,1.59,236.76,1
2010,1,22,NA,0.25,755.55,1,1.23,1,171.12,1,NA,0,0.67,204.09,1
2010,1,23,NA,0.625,755.59,1,3.06,0.875,175.62,1,NA,0,1.85,242.89,0.875
2010,1,24,-18.28,0.75,749.96,1,NA,0.625,100,1,NA,0,NA,NA,0.625
2010,1,25,-18.06,1,753.84,1,NA,0.5,110.25,1,NA,0,NA,NA,0.5
2010,1,26,-17,1,757.03,1,5.62,1,50,1,NA,0,5.43,53.37,1
2010,1,27,-14.47,0.75,756.5,1,3.45,1,126.5,1,NA,0,1.76,62.29,1
2010,1,28,NA,0.125,759.51,1,1.14,1,176.38,1,NA,0,0.5,208.61,1
2010,1,29,NA,0.375,759.81,1,1.64,1,104.88,1,NA,0,0.48,37.8,1
2010,1,30,NA,0.5,759.21,1,2.06,1,151.88,1,NA,0,0.42,307.74,1
2010,1,31,NA,0.625,752.88,1,2.01,1,111.5,1,NA,0,1.61,40.15,1
2010,2,1,-11.77,0.75,749.73,1,3.25,1,84,1,NA,0,2.01,67.78,1
2010,2,2,NA,0.5,754.35,1,2.54,1,169.5,1,NA,0,0.2,142.13,1
2010,2,3,NA,0.5,750.99,1,2.17,1,98.88,1,NA,0,1.88,18.58,1
2010,2,4,-14.77,0.75,752.66,1,2.89,1,101.25,1,NA,0,0.7,56.65,1
2010,2,5,NA,0.125,761.15,1,1.56,1,189,1,NA,0,0.41,291.67,1
2010,2,6,NA,0.625,762.38,1,2.17,1,137.5,1,NA,0,0.15,9.04,1
2010,2,7,NA,0.5,754.98,1,1.93,1,176.25,1,NA,0,0.99,228.88,1
2010,2,8,NA,0.375,752.21,1,1.71,1,49.5,1,NA,0,1.46,33.09,1
2010,2,9,NA,0.25,755.94,1,1.31,1,183.38,1,NA,0,0.43,272.71,1
2010,2,10,NA,0,759.28,1,1,1,201.25,1,NA,0,0.39,355.52,1
2010,2,11,NA,0.125,758.45,1,1.32,1,86.25,1,NA,0,0.89,37.09,1
2010,2,12,NA,0.375,759.04,1,1.82,1,141.75,1,NA,0,0.12,26.58,1
2010,2,13,NA,0.5,759.45,1,2.02,0.75,169.75,1,NA,0,0.89,332.28,0.75
2010,2,14,NA,0.625,758.8,1,3,0.875,85.75,1,NA,0,1.63,29.23,0.875
2010,2,15,-12.03,0.75,756.15,1,2.62,1,88.38,1,NA,0,2.46,46.16,1
2010,2,16,-11.05,0.75,755.24,1,3.62,1,250,1,NA,0,2.4,319.36,1
2010,2,17,-12.62,0.75,756.69,1,NA,0.625,225.12,1,NA,0,NA,NA,0.625
2010,2,18,-13.77,0.875,755.54,1,3.78,1,27.25,1,NA,0,3.6,25.32,1
2010,2,19,NA,0.625,750.9,1,2.07,0.75,149.83,0.75,NA,0,1.17,351.33,0.75
2010,2,20,NA,0.625,748.36,1,7.28,0.75,172.5,1,NA,0,5.8,339.29,0.75
2010,2,21,-10.37,0.75,744.83,1,NA,0.5,156.88,1,NA,0,NA,NA,0.5
2010,2,22,NA,0.25,744.71,1,1.55,0.75,135.25,1,NA,0,0.14,14.45,0.75
2010,2,23,NA,0.625,743.36,1,NA,0.625,153.38,1,NA,0,NA,NA,0.625
2010,2,24,-14.16,0.875,748.51,1,3.62,1,133.62,1,NA,0,2.07,11.58,1
2010,2,25,NA,0.625,751.51,1,2.89,0.875,126.12,1,NA,0,0.85,296.86,0.875
2010,2,26,NA,0.625,747.9,1,3,0.875,187.12,1,NA,0,1.77,356.61,0.875
2010,2,27,-12.82,0.75,740.91,1,2.47,0.875,77.38,1,NA,0,2.08,44.07,0.875
2010,2,28,NA,0.625,742.15,1,2.76,1,165.38,1,NA,0,1.3,270,1
2010,3,1,-15.06,1,744.76,1,2.34,0.875,127.5,1,NA,0,0.79,292.2,0.875
2010,3,2,-15.75,1,749.23,1,2.24,1,75.62,1,NA,0,1.45,0.7,1
2010,3,3,-15.26,1,752.23,1,2.4,1,221.5,1,NA,0,1.42,286.97,1
2010,3,4,-17.58,1,748.83,1,3.65,1,172.12,1,NA,0,3.03,3.14,1
2010,3,5,-17.86,1,740.49,1,3.44,0.875,196.5,1,NA,0,1.99,321.91,0.875
2010,3,6,-14.16,1,729.25,1,NA,0.25,NA,0.625,NA,0,NA,NA,0.25
2010,3,7,-12.89,1,730.63,1,NA,0.625,128.12,1,NA,0,NA,NA,0.625
2010,3,8,-15.4,1,725.23,1,NA,0.375,74.5,1,NA,0,NA,NA,0.375
2010,3,9,-14.57,1,733.03,1,NA,0.625,241.75,1,NA,0,NA,NA,0.625
2010,3,10,-18.43,0.875,743.45,1,2.5,0.75,229.62,1,NA,0,1.02,312.32,0.75
2010,3,11,-18.01,1,748.22,1,4.7,0.75,175.5,1,NA,0,3.5,344.86,0.75
2010,3,12,-18.08,1,748.31,1,5.67,0.75,169.25,1,NA,0,5.15,351.2,0.75
2010,3,13,-15.69,1,752.1,1,3.59,1,100,1,NA,0,2.62,5.47,1
2010,3,14,-17.21,0.875,757.93,1,3.79,1,283.62,1,NA,0,2.78,284.33,1
2010,3,15,-13.16,1,756.33,1,3.17,1,63.12,1,NA,0,2.36,20.89,1
2010,3,16,-9.69,0.875,755.69,1,2.58,1,207.62,1,NA,0,1.13,354.21,1
2010,3,17,-5.01,1,756.18,1,3.42,1,200.62,1,NA,0,1.8,345,1
2010,3,18,NA,0.375,NA,0.375,NA,0.125,NA,0.375,NA,0,NA,NA,0.125
2010,3,19,NA,0,NA,0,NA,0,NA,0,NA,0,NA,NA,0
2010,3,20,NA,0,NA,0,NA,0,NA,0,NA,0,NA,NA,0
2010,3,21,NA,0,NA,0,NA,0,NA,0,NA,0,NA,NA,0
2010,3,22,NA,0.25,NA,0.25,NA,0.25,NA,0.25,NA,0,NA,NA,0.25
2010,3,23,-19.19,1,739.31,1,5.78,0.75,259.62,1,NA,0,3.65,309.14,0.75
2010,3,24,-21.51,1,744.15,1,4.32,1,214.62,1,NA,0,2.63,317.75,1
2010,3,25,-22.53,1,749.11,1,5.77,0.75,306.5,1,NA,0,4.44,329.78,0.75
2010,3,26,-20.59,1,745.91,1,NA,0.625,228.12,1,NA,0,NA,NA,0.625
2010,3,27,-17.22,1,738.86,1,4.5,0.875,179.12,1,NA,0,4.27,359.37,0.875
2010,3,28,-16.7,1,746.3,1,4.96,0.875,249.75,1,NA,0,4.84,352.4,0.875
2010,3,29,-20.13,1,743.13,1,5.73,0.75,166.75,1,NA,0,3.55,1.4,0.75
2010,3,30,-21.71,1,738.66,1,NA,0.625,293.62,1,NA,0,NA,NA,0.625
2010,3,31,-24.5,1,737.24,1,NA,0.25,300.25,1,NA,0,NA,NA,0.25
2010,4,1,-25.21,1,739.82,1,NA,0.5,309.62,1,NA,0,NA,NA,0.5
2010,4,2,-24.5,1,740.53,1,6.3,1,339.25,1,NA,0,5.86,345.37,1
2010,4,3,-23.43,1,737.56,1,4.74,1,329.38,1,NA,0,4.2,339,1
2010,4,4,-27.66,1,725.34,1,3.28,0.75,311.5,1,NA,0,2.95,345.55,0.75
2010,4,5,-29.57,0.75,729.4,1,NA,0.5,269.29,0.875,NA,0,NA,NA,0.5
2010,4,6,-20.19,1,745.44,1,NA,0.125,323.75,1,NA,0,NA,NA,0.125
2010,4,7,-22.43,1,745.96,1,6.45,0.75,314.88,1,NA,0,5.83,343.8,0.75
2010,4,8,-23.95,1,736.55,1,NA,0.625,239.88,1,NA,0,NA,NA,0.625
2010,4,9,-21.16,1,737.54,1,6.15,1,335.5,1,NA,0,5.7,341.68,1
2010,4,10,-22.15,1,737.96,1,5.83,0.875,337.12,1,NA,0,5.55,341.79,0.875
2010,4,11,-23.18,1,732.79,1,NA,0.375,237.38,1,NA,0,NA,NA,0.375
2010,4,12,-26.04,1,726.95,1,1.89,1,121.75,1,NA,0,0.72,354.31,1
2010,4,13,-22.47,1,725.69,1,5.19,1,292.62,1,NA,0,4.82,344.34,1
2010,4,14,NA,0.625,NA,0.625,NA,0.375,NA,0.375,NA,0,NA,NA,0.375
2010,4,15,-15.98,1,745.72,1,5.17,0.875,215,1,NA,0,4.04,358.5,0.875
2010,4,16,-13.25,1,741.48,1,NA,0.125,330,1,NA,0,NA,NA,0.125
2010,4,17,-17.1,1,747.48,1,2.85,0.75,261.12,1,NA,0,2.48,340.71,0.75
2010,4,18,-18.39,1,750.39,1,NA,0.625,213.25,1,NA,0,NA,NA,0.625
2010,4,19,NA,0.625,750.45,1,NA,0.625,206.29,0.875,NA,0,NA,NA,0.625
2010,4,20,-11.73,0.875,739.78,1,NA,0.125,279.71,0.875,NA,0,NA,NA,0.125
2010,4,21,-17.7,0.75,750.05,1,NA,0.25,165.88,1,NA,0,NA,NA,0.25
2010,4,22,NA,0.625,744.94,1,2.52,1,186.62,1,NA,0,1.18,320.09,1
2010,4,23,-8.78,1,740.75,1,NA,0.375,152.25,1,NA,0,NA,NA,0.375
2010,4,24,-10.78,1,738.36,1,NA,0.25,13.12,1,NA,0,NA,NA,0.25
2010,4,25,-13.33,1,738.72,1,NA,0.5,188.88,1,NA,0,NA,NA,0.5
2010,4,26,-20,0.875,741.24,1,2.26,1,240.25,1,NA,0,1.37,249.7,1
2010,4,27,-22.97,1,739.31,1,2.41,1,276.75,1,NA,0,1.88,330.1,1
2010,4,28,-25.53,1,736.91,1,1.41,1,142.5,1,NA,0,0.54,10.21,1
2010,4,29,-25.84,1,737.39,1,5.49,1,259.5,1,NA,0,3.78,311.38,1
2010,4,30,-21.73,0.875,737.75,1,7.23,0.75,299.5,1,NA,0,6.22,339.28,0.75
2010,5,1,-21.35,1,735.69,1,6.17,0.875,255.38,1,NA,0,5.56,349.32,0.875
2010,5,2,-18.37,1,729.89,1,NA,0.5,139.43,0.875,NA,0,NA,NA,0.5
2010,5,3,-19.87,1,730.04,1,NA,0.25,NA,0.625,NA,0,NA,NA,0.25
2010,5,4,-17.6,1,745.78,1,4.81,0.875,209.62,1,NA,0,3.54,344.65,0.875
2010,5,5,-20.72,1,749.95,1,5.76,1,265.25,1,NA,0,5.57,353.93,1
2010,5,6,-22.76,1,747.48,1,6.21,0.875,270.12,1,NA,0,6.18,353.75,0.875
2010,5,7,-22.97,1,746.38,1,NA,0.5,NA,0.625,NA,0,NA,NA,0.5
2010,5,8,-25.84,0.875,743.14,1,NA,0.375,158.5,1,NA,0,NA,NA,0.375
2010,5,9,-25.93,1,739.3,1,5.29,1,310,1,NA,0,5.11,349.52,1
2010,5,10,-23.22,1,738.97,1,6.73,0.875,346.62,1,NA,0,6.67,345.67,0.875
2010,5,11,-21.99,1,746.84,1,5.81,0.875,272.5,1,NA,0,5.75,346.43,0.875
2010,5,12,-22.11,1,752.03,1,NA,0.625,294,1,NA,0,NA,NA,0.625
2010,5,13,-21.6,1,747.81,1,4.95,0.75,299.5,1,NA,0,4.91,352.5,0.75
2010,5,14,-16.99,1,745.43,1,3.9,1,245.12,1,NA,0,2.59,333.32,1
2010,5,15,-21.16,1,744.32,1,2.62,1,226.75,1,NA,0,1.67,333.23,1
2010,5,16,-27.15,1,732.06,1,3.08,1,194.25,1,NA,0,1.63,254.22,1
2010,5,17,-25,0.75,726.83,1,3.81,1,234.75,1,NA,0,2.8,341.13,1
2010,5,18,-26.08,1,726.82,1,5.18,0.75,302.5,1,NA,0,4.82,339.46,0.75
2010,5,19,-27.4,1,729.2,1,NA,0.5,295.88,1,NA,0,NA,NA,0.5
2010,5,20,-29.3,1,725.7,1,NA,0.5,279.88,1,NA,0,NA,NA,0.5
2010,5,21,-24.38,0.75,719.48,1,NA,0.5,191.14,0.875,NA,0,NA,NA,0.5
2010,5,22,-21.9,1,723.53,1,NA,0.25,147.71,0.875,NA,0,NA,NA,0.25
2010,5,23,-22.46,0.875,726.51,1,NA,0.5,234.75,1,NA,0,NA,NA,0.5
2010,5,24,-25.43,1,725.35,1,NA,0.625,243.38,1,NA,0,NA,NA,0.625
2010,5,25,-28.74,0.875,720.69,1,NA,0.5,213,1,NA,0,NA,NA,0.5
2010,5,26,-33.11,1,718.05,1,3.61,0.875,219.62,1,NA,0,2.46,309.68,0.875
2010,5,27,NA,0.625,719.1,1,3.67,1,263.75,1,NA,0,2.5,317.79,1
2010,5,28,-30.03,1,720.19,1,3.8,0.875,254.5,1,NA,0,3.44,351.43,0.875
2010,5,29,-30.12,0.75,720.03,0.75,NA,0.25,NA,0.25,NA,0,NA,NA,0.25
2010,5,30,-27.8,1,726.55,1,NA,0.625,170.57,0.875,NA,0,NA,NA,0.625
2010,5,31,-29.9,1,719.09,1,NA,0.5,283.62,1,NA,0,NA,NA,0.5
2010,6,1,NA,0.625,715.26,1,NA,0.625,166,0.875,NA,0,NA,NA,0.625
2010,6,2,-30.62,0.75,723.5,0.875,NA,0.375,251.43,0.875,NA,0,NA,NA,0.375
2010,6,3,-29.42,0.75,728.64,1,NA,0.125,128.75,1,NA,0,NA,NA,0.125
2010,6,4,-27.65,1,725.91,1,2.86,1,230.12,1,NA,0,2.01,290.73,1
2010,6,5,-27.32,1,729.09,1,3,0.875,277.5,1,NA,0,2.42,321.45,0.875
2010,6,6,-28.25,1,729.01,1,5.83,0.875,338.75,1,NA,0,5.72,343.75,0.875
2010,6,7,-31.81,1,720.99,1,3.83,0.875,254.75,1,NA,0,3.03,275.68,0.875
2010,6,8,-29.09,0.875,722.9,1,1.81,1,176.62,1,NA,0,1.14,265.09,1
2010,6,9,-33.18,1,725.83,1,1.55,1,286.5,1,NA,0,1.19,309.13,1
2010,6,10,-36.59,1,727.36,1,NA,0.125,NA,0.125,NA,0,NA,NA,0.125
2010,6,11,-33.05,1,720.79,1,NA,0.25,NA,0.5,NA,0,NA,NA,0.25
2010,6,12,-33.15,1,728.3,1,1.36,1,268.25,1,NA,0,0.86,286.02,1
2010,6,13,-25.16,1,732.39,1,6.99,1,307.75,1,NA,0,6.94,351.91,1
2010,6,14,-26.34,0.875,722.3,1,NA,0.5,245.38,1,NA,0,NA,NA,0.5
2010,6,15,-34.31,0.875,726.76,1,NA,0.625,263.75,1,NA,0,NA,NA,0.625
2010,6,16,-23,0.75,737.44,1,7.45,0.75,296.12,1,NA,0,7.4,352.76,0.75
2010,6,17,NA,0.625,738.63,1,NA,0.625,191.86,0.875,NA,0,NA,NA,0.625
2010,6,18,NA,0.5,727.75,1,NA,0.25,180.62,1,NA,0,NA,NA,0.25
2010,6,19,-28.47,0.875,729.26,1,9.35,0.75,271,0.875,NA,0,7.85,264.62,0.75
2010,6,20,-23,1,732.05,1,6.07,0.75,328.25,1,NA,0,6.06,345.66,0.75
2010,6,21,-26.45,1,727.1,1,5.96,0.875,247.25,1,NA,0,3.65,294.6,0.875
2010,6,22,-30.29,1,725.95,1,3.02,1,181.12,1,NA,0,0.21,319.4,1
2010,6,23,-26.89,1,725.17,1,4.4,1,317.88,1,NA,0,3.71,332.53,1
2010,6,24,NA,0.625,NA,0.625,NA,0.625,NA,0.625,NA,0,NA,NA,0.625
2010,6,25,NA,0,NA,0,NA,0,NA,0,NA,0,NA,NA,0
2010,6,26,NA,0,NA,0,NA,0,NA,0,NA,0,NA,NA,0
2010,6,27,NA,0,NA,0,NA,0,NA,0,NA,0,NA,NA,0
2010,6,28,NA,0,NA,0,NA,0,NA,0,NA,0,NA,NA,0
2010,6,29,NA,0,NA,0,NA,0,NA,0,NA,0,NA,NA,0
2010,6,30,NA,0,NA,0,NA,0,NA,0,NA,0,NA,NA,0
2010,7,1,NA,0,NA,0,NA,0,NA,0,NA,0,NA,NA,0
2010,7,2,NA,0,NA,0,NA,0,NA,0,NA,0,NA,NA,0
2010,7,3,NA,0,NA,0,NA,0,NA,0,NA,0,NA,NA,0
2010,7,4,NA,0,NA,0,NA,0,NA,0,NA,0,NA,NA,0
2010,7,5,NA,0,NA,0,NA,0,NA,0,NA,0,NA,NA,0
2010,7,6,NA,0,NA,0,NA,0,NA,0,NA,0,NA,NA,0
2010,7,7,NA,0,NA,0,NA,0,NA,0,NA,0,NA,NA,0
2010,7,8,NA,0,NA,0,NA,0,NA,0,NA,0,NA,NA,0
2010,7,9,NA,0,NA,0,NA,0,NA,0,NA,0,NA,NA,0
2010,7,10,NA,0,NA,0,NA,0,NA,0,NA,0,NA,NA,0
2010,7,11,NA,0,NA,0,NA,0,NA,0,NA,0,NA,NA,0
2010,7,12,NA,0,NA,0,NA,0,NA,0,NA,0,NA,NA,0
2010,7,13,NA,0,NA,0,NA,0,NA,0,NA,0,NA,NA,0
2010,7,14,NA,0,NA,0,NA,0,NA,0,NA,0,NA,NA,0
2010,7,15,NA,0,NA,0,NA,0,NA,0,NA,0,NA,NA,0
2010,7,16,NA,0,NA,0,NA,0,NA,0,NA,0,NA,NA,0
2010,7,17,NA,0,NA,0,NA,0,NA,0,NA,0,NA,NA,0
2010,7,18,NA,0,NA,0,NA,0,NA,0,NA,0,NA,NA,0
2010,7,19,NA,0,NA,0,NA,0,NA,0,NA,0,NA,NA,0
2010,7,20,NA,0,NA,0,NA,0,NA,0,NA,0,NA,NA,0
2010,7,21,NA,0,NA,0,NA,0,NA,0,NA,0,NA,NA,0
2010,7,22,NA,0,NA,0,NA,0,NA,0,NA,0,NA,NA,0
2010,7,23,NA,0,NA,0,NA,0,NA,0,NA,0,NA,NA,0
2010,7,24,NA,0,NA,0,NA,0,NA,0,NA,0,NA,NA,0
2010,7,25,NA,0,NA,0,NA,0,NA,0,NA,0,NA,NA,0
2010,7,26,NA,0,NA,0,NA,0,NA,0,NA,0,NA,NA,0
2010,7,27,NA,0,NA,0,NA,0,NA,0,NA,0,NA,NA,0
2010,7,28,NA,0,NA,0,NA,0,NA,0,NA,0,NA,NA,0
2010,7,29,NA,0,NA,0,NA,0,NA,0,NA,0,NA,NA,0
2010,7,30,NA,0,NA,0,NA,0,NA,0,NA,0,NA,NA,0
2010,7,31,NA,0,NA,0,NA,0,NA,0,NA,0,NA,NA,0
2010,8,1,NA,0,NA,0,NA,0,NA,0,NA,0,NA,NA,0
2010,8,2,NA,0,NA,0,NA,0,NA,0,NA,0,NA,NA,0
2010,8,3,NA,0,NA,0,NA,0,NA,0,NA,0,NA,NA,0
2010,8,4,NA,0,NA,0,NA,0,NA,0,NA,0,NA,NA,0
2010,8,5,NA,0,NA,0,NA,0,NA,0,NA,0,NA,NA,0
2010,8,6,NA,0,NA,0,NA,0,NA,0,NA,0,NA,NA,0
2010,8,7,NA,0,NA,0,NA,0,NA,0,NA,0,NA,NA,0
2010,8,8,NA,0,NA,0,NA,0,NA,0,NA,0,NA,NA,0
2010,8,9,NA,0,NA,0,NA,0,NA,0,NA,0,NA,NA,0
2010,8,10,NA,0,NA,0,NA,0,NA,0,NA,0,NA,NA,0
2010,8,11,NA,0,NA,0,NA,0,NA,0,NA,0,NA,NA,0
2010,8,12,NA,0,NA,0,NA,0,NA,0,NA,0,NA,NA,0
2010,8,13,NA,0,NA,0,NA,0,NA,0,NA,0,NA,NA,0
2010,8,14,NA,0,NA,0,NA,0,NA,0,NA,0,NA,NA,0
2010,8,15,NA,0,NA,0,NA,0,NA,0,NA,0,NA,NA,0
2010,8,16,NA,0,NA,0,NA,0,NA,0,NA,0,NA,NA,0
2010,8,17,NA,0,NA,0,NA,0,NA,0,NA,0,NA,NA,0
2010,8,18,NA,0,NA,0,NA,0,NA,0,NA,0,NA,NA,0
2010,8,19,NA,0,NA,0,NA,0,NA,0,NA,0,NA,NA,0
2010,8,20,NA,0,NA,0,NA,0,NA,0,NA,0,NA,NA,0
2010,8,21,NA,0,NA,0,NA,0,NA,0,NA,0,NA,NA,0
2010,8,22,NA,0,NA,0,NA,0,NA,0,NA,0,NA,NA,0
2010,8,23,NA,0,NA,0,NA,0,NA,0,NA,0,NA,NA,0
2010,8,24,NA,0,NA,0,NA,0,NA,0,NA,0,NA,NA,0
2010,8,25,NA,0,NA,0,NA,0,NA,0,NA,0,NA,NA,0
2010,8,26,NA,0,NA,0,NA,0,NA,0,NA,0,NA,NA,0
2010,8,27,NA,0,NA,0,NA,0,NA,0,NA,0,NA,NA,0
2010,8,28,NA,0,NA,0,NA,0,NA,0,NA,0,NA,NA,0
2010,8,29,NA,0,NA,0,NA,0,NA,0,NA,0,NA,NA,0
2010,8,30,NA,0,NA,0,NA,0,NA,0,NA,0,NA,NA,0
2010,8,31,NA,0,NA,0,NA,0,NA,0,NA,0,NA,NA,0
2010,9,1,NA,0,NA,0,NA,0,NA,0,NA,0,NA,NA,0
2010,9,2,NA,0,NA,0,NA,0,NA,0,NA,0,NA,NA,0
2010,9,3,NA,0,NA,0,NA,0,NA,0,NA,0,NA,NA,0
2010,9,4,NA,0,NA,0,NA,0,NA,0,NA,0,NA,NA,0
2010,9,5,NA,0,NA,0,NA,0,NA,0,NA,0,NA,NA,0
2010,9,6,NA,0,NA,0,NA,0,NA,0,NA,0,NA,NA,0
2010,9,7,NA,0,NA,0,NA,0,NA,0,NA,0,NA,NA,0
2010,9,8,NA,0,NA,0,NA,0,NA,0,NA,0,NA,NA,0
2010,9,9,NA,0,NA,0,NA,0,NA,0,NA,0,NA,NA,0
2010,9,10,NA,0,NA,0,NA,0,NA,0,NA,0,NA,NA,0
2010,9,11,NA,0,NA,0,NA,0,NA,0,NA,0,NA,NA,0
2010,9,12,NA,0,NA,0,NA,0,NA,0,NA,0,NA,NA,0
2010,9,13,NA,0,NA,0,NA,0,NA,0,NA,0,NA,NA,0
2010,9,14,NA,0,NA,0,NA,0,NA,0,NA,0,NA,NA,0
2010,9,15,NA,0,NA,0,NA,0,NA,0,NA,0,NA,NA,0
2010,9,16,NA,0,NA,0,NA,0,NA,0,NA,0,NA,NA,0
2010,9,17,NA,0,NA,0,NA,0,NA,0,NA,0,NA,NA,0
2010,9,18,NA,0,NA,0,NA,0,NA,0,NA,0,NA,NA,0
2010,9,19,NA,0,NA,0,NA,0,NA,0,NA,0,NA,NA,0
2010,9,20,NA,0,NA,0,NA,0,NA,0,NA,0,NA,NA,0
2010,9,21,NA,0,NA,0,NA,0,NA,0,NA,0,NA,NA,0
2010,9,22,NA,0,NA,0,NA,0,NA,0,NA,0,NA,NA,0
2010,9,23,NA,0,NA,0,NA,0,NA,0,NA,0,NA,NA,0
2010,9,24,NA,0,NA,0,NA,0,NA,0,NA,0,NA,NA,0
2010,9,25,NA,0,NA,0,NA,0,NA,0,NA,0,NA,NA,0
2010,9,26,NA,0,NA,0,NA,0,NA,0,NA,0,NA,NA,0
2010,9,27,NA,0,NA,0,NA,0,NA,0,NA,0,NA,NA,0
2010,9,28,NA,0,NA,0,NA,0,NA,0,NA,0,NA,NA,0
2010,9,29,NA,0,NA,0,NA,0,NA,0,NA,0,NA,NA,0
2010,9,30,NA,0,NA,0,NA,0,NA,0,NA,0,NA,NA,0
2010,10,1,NA,0,NA,0,NA,0,NA,0,NA,0,NA,NA,0
2010,10,2,NA,0,NA,0,NA,0,NA,0,NA,0,NA,NA,0
2010,10,3,NA,0,NA,0,NA,0,NA,0,NA,0,NA,NA,0
2010,10,4,NA,0,NA,0,NA,0,NA,0,NA,0,NA,NA,0
2010,10,5,NA,0,NA,0,NA,0,NA,0,NA,0,NA,NA,0
2010,10,6,NA,0,NA,0,NA,0,NA,0,NA,0,NA,NA,0
2010,10,7,NA,0,NA,0,NA,0,NA,0,NA,0,NA,NA,0
2010,10,8,NA,0,NA,0,NA,0,NA,0,NA,0,NA,NA,0
2010,10,9,NA,0,NA,0,NA,0,NA,0,NA,0,NA,NA,0
2010,10,10,NA,0,NA,0,NA,0,NA,0,NA,0,NA,NA,0
2010,10,11,NA,0,NA,0,NA,0,NA,0,NA,0,NA,NA,0
2010,10,12,NA,0,NA,0,NA,0,NA,0,NA,0,NA,NA,0
2010,10,13,NA,0,NA,0,NA,0,NA,0,NA,0,NA,NA,0
2010,10,14,NA,0,NA,0,NA,0,NA,0,NA,0,NA,NA,0
2010,10,15,NA,0,NA,0,NA,0,NA,0,NA,0,NA,NA,0
2010,10,16,NA,0,NA,0,NA,0,NA,0,NA,0,NA,NA,0
2010,10,17,NA,0,NA,0,NA,0,NA,0,NA,0,NA,NA,0
2010,10,18,NA,0,NA,0,NA,0,NA,0,NA,0,NA,NA,0
2010,10,19,NA,0,NA,0,NA,0,NA,0,NA,0,NA,NA,0
2010,10,20,NA,0,NA,0,NA,0,NA,0,NA,0,NA,NA,0
2010,10,21,NA,0,NA,0,NA,0,NA,0,NA,0,NA,NA,0
2010,10,22,NA,0,NA,0,NA,0,NA,0,NA,0,NA,NA,0
2010,10,23,NA,0,NA,0,NA,0,NA,0,NA,0,NA,NA,0
2010,10,24,NA,0,NA,0,NA,0,NA,0,NA,0,NA,NA,0
2010,10,25,NA,0,NA,0,NA,0,NA,0,NA,0,NA,NA,0
2010,10,26,NA,0,NA,0,NA,0,NA,0,NA,0,NA,NA,0
2010,10,27,NA,0,NA,0,NA,0,NA,0,NA,0,NA,NA,0
2010,10,28,NA,0,NA,0,NA,0,NA,0,NA,0,NA,NA,0
2010,10,29,NA,0,NA,0,NA,0,NA,0,NA,0,NA,NA,0
2010,10,30,NA,0,NA,0,NA,0,NA,0,NA,0,NA,NA,0
2010,10,31,NA,0,NA,0,NA,0,NA,0,NA,0,NA,NA,0
2010,11,1,NA,0,NA,0,NA,0,NA,0,NA,0,NA,NA,0
2010,11,2,NA,0,NA,0,NA,0,NA,0,NA,0,NA,NA,0
2010,11,3,NA,0,NA,0,NA,0,NA,0,NA,0,NA,NA,0
2010,11,4,NA,0,NA,0,NA,0,NA,0,NA,0,NA,NA,0
2010,11,5,NA,0,NA,0,NA,0,NA,0,NA,0,NA,NA,0
2010,11,6,NA,0,NA,0,NA,0,NA,0,NA,0,NA,NA,0
2010,11,7,NA,0,NA,0,NA,0,NA,0,NA,0,NA,NA,0
2010,11,8,NA,0,NA,0,NA,0,NA,0,NA,0,NA,NA,0
2010,11,9,NA,0,NA,0,NA,0,NA,0,NA,0,NA,NA,0
2010,11,10,NA,0,NA,0,NA,0,NA,0,NA,0,NA,NA,0
2010,11,11,NA,0,NA,0,NA,0,NA,0,NA,0,NA,NA,0
2010,11,12,NA,0,NA,0,NA,0,NA,0,NA,0,NA,NA,0
2010,11,13,NA,0,NA,0,NA,0,NA,0,NA,0,NA,NA,0
2010,11,14,NA,0,NA,0,NA,0,NA,0,NA,0,NA,NA,0
2010,11,15,NA,0,NA,0,NA,0,NA,0,NA,0,NA,NA,0
2010,11,16,NA,0,NA,0,NA,0,NA,0,NA,0,NA,NA,0
2010,11,17,NA,0,NA,0,NA,0,NA,0,NA,0,NA,NA,0
2010,11,18,NA,0,NA,0,NA,0,NA,0,NA,0,NA,NA,0
2010,11,19,NA,0,NA,0,NA,0,NA,0,NA,0,NA,NA,0
2010,11,20,NA,0,NA,0,NA,0,NA,0,NA,0,NA,NA,0
2010,11,21,NA,0,NA,0,NA,0,NA,0,NA,0,NA,NA,0
2010,11,22,NA,0,NA,0,NA,0,NA,0,NA,0,NA,NA,0
2010,11,23,NA,0,NA,0,NA,0,NA,0,NA,0,NA,NA,0
2010,11,24,NA,0,NA,0,NA,0,NA,0,NA,0,NA,NA,0
2010,11,25,NA,0,NA,0,NA,0,NA,0,NA,0,NA,NA,0
2010,11,26,NA,0,NA,0,NA,0,NA,0,NA,0,NA,NA,0
2010,11,27,NA,0,NA,0,NA,0,NA,0,NA,0,NA,NA,0
2010,11,28,NA,0,NA,0,NA,0,NA,0,NA,0,NA,NA,0
2010,11,29,NA,0,NA,0,NA,0,NA,0,NA,0,NA,NA,0
2010,11,30,NA,0,NA,0,NA,0,NA,0,NA,0,NA,NA,0
2010,12,1,NA,0,NA,0,NA,0,NA,0,NA,0,NA,NA,0
2010,12,2,NA,0,NA,0,NA,0,NA,0,NA,0,NA,NA,0
2010,12,3,NA,0,NA,0,NA,0,NA,0,NA,0,NA,NA,0
2010,12,4,NA,0,NA,0,NA,0,NA,0,NA,0,NA,NA,0
2010,12,5,NA,0,NA,0,NA,0,NA,0,NA,0,NA,NA,0
2010,12,6,NA,0,NA,0,NA,0,NA,0,NA,0,NA,NA,0
2010,12,7,NA,0,NA,0,NA,0,NA,0,NA,0,NA,NA,0
2010,12,8,NA,0,NA,0,NA,0,NA,0,NA,0,NA,NA,0
2010,12,9,NA,0.375,753.32,0.75,2,0.75,212.5,0.75,55.72,0.75,1.8,233.34,0.75
2010,12,10,NA,0.375,740.19,1,2.21,1,207.25,1,44.84,1,1.55,259,1
2010,12,11,-15.3,0.875,741.94,1,NA,0.375,74,1,57.54,1,NA,NA,0.375
2010,12,12,NA,0.5,746.59,1,2.3,1,199.12,1,61.01,1,1.33,226.52,1
2010,12,13,-18,0.75,751.89,1,3.74,0.875,235.25,1,69.78,1,3.44,239.91,0.875
2010,12,14,NA,0.125,753.76,1,1.89,1,112.38,1,75.99,1,0.35,71.41,1
2010,12,15,NA,0.25,753.57,1,1.95,1,100.88,1,70.29,1,0.69,49.87,1
2010,12,16,-17.65,0.75,747.31,1,2.89,1,97.5,1,67.52,1,0.89,13.68,1
2010,12,17,NA,0.125,743.74,1,1.39,1,70.12,1,56.95,1,0.82,32.38,1
2010,12,18,NA,0.125,743.21,1,1.27,1,189.25,1,62.8,1,0.26,219.38,1
2010,12,19,NA,0.125,744.69,1,1.52,1,199.75,1,73.38,1,0.83,240.51,1
2010,12,20,NA,0.125,743.81,1,1.24,1,163.38,1,59.41,1,0.17,35.04,1
2010,12,21,NA,0.375,746.14,1,1.69,1,42.38,1,63.51,1,1.61,41.66,1
2010,12,22,-16.47,0.75,749.55,1,NA,0.625,72.88,1,68.53,1,NA,NA,0.625
2010,12,23,-15.56,0.875,752.95,1,10.8,0.875,77.88,1,67.25,1,10.63,44.05,0.875
2010,12,24,-16.11,0.875,754.99,1,NA,0.625,48.5,1,65.98,1,NA,NA,0.625
2010,12,25,-15.36,0.875,754.24,1,NA,0.625,75.25,1,71.29,1,NA,NA,0.625
2010,12,26,NA,0.5,756.15,1,2.28,1,143.88,1,65.2,1,0.6,358.09,1
2010,12,27,NA,0.25,759.24,1,1.56,1,118.38,1,60.64,1,0.36,33.71,1
2010,12,28,NA,0.125,756.95,1,1.36,1,159.5,1,54.44,1,0.43,245.81,1
2010,12,29,NA,0.25,753.84,1,1.36,1,153.75,1,42.62,1,0.45,309.23,1
2010,12,30,-9.82,0.75,754.55,1,2.76,1,180.12,1,55.68,1,1.71,256.34,1
2010,12,31,NA,0.625,756.7,1,NA,0.625,172.12,1,49.93,1,NA,NA,0.625
2011,1,1,NA,0.25,756.68,1,1.32,1,179.5,1,50.69,1,0.5,251.54,1
2011,1,2,NA,0.375,755.24,1,1.56,1,109.75,1,46.23,1,0.33,341.92,1
2011,1,3,NA,0.375,752.45,1,1.79,1,110.5,1,60.04,1,1.15,56.54,1
2011,1,4,NA,0.375,749.85,1,1.92,1,157.75,1,73.66,1,1.24,245.12,1
2011,1,5,NA,0.375,749.51,1,1.68,1,101,1,71.61,1,0.64,56.9,1
2011,1,6,NA,0,751.84,1,1.11,1,105.88,1,69.27,1,0.85,52.55,1
2011,1,7,NA,0.375,752.31,1,2.02,1,107.12,1,52.65,1,1.14,28.77,1
2011,1,8,-14.23,0.875,752.61,1,3.37,0.75,163.5,1,62.07,1,1.87,324.17,0.75
2011,1,9,NA,0.5,754.13,1,2.29,1,150,1,47.96,1,1.88,34.79,1
2011,1,10,NA,0.125,756.21,1,1.27,1,134,1,53.99,1,0.7,24.41,1
2011,1,11,NA,0.25,759.61,1,1.5,1,142.62,1,51.09,1,0.91,359.09,1
2011,1,12,NA,0.125,757.47,1,1.34,1,190.5,1,55.38,1,0.95,239.83,1
2011,1,13,NA,0.25,756.54,1,1.64,1,207.5,1,59.95,1,1.04,241.02,1
2011,1,14,NA,0.5,759.73,1,1.82,1,200.75,1,66.29,1,1.5,241.15,1
2011,1,15,NA,0.625,757.91,1,2.92,1,249.25,1,38.85,1,2.78,246.43,1
2011,1,16,NA,0.25,758.01,1,NA,0.625,130,1,56.54,1,NA,NA,0.625
2011,1,17,NA,0.5,761.18,1,1.79,1,93.38,1,56.95,1,1.41,44.51,1
2011,1,18,NA,0.625,761.48,1,2.83,1,119.88,1,59.8,1,2.17,36.5,1
2011,1,19,NA,0.375,762.07,1,1.44,1,166.5,1,65.68,1,0.55,217.34,1
2011,1,20,-13.98,1,759.34,1,6.7,0.875,234.75,1,52.05,1,6.65,235.04,0.875
2011,1,21,NA,0.375,753.85,1,2.41,1,144.12,1,66.6,1,1.33,237.85,1
2011,1,22,NA,0.375,751.74,1,1.6,1,150.38,1,60.29,1,0.51,358.27,1
2011,1,23,NA,0.25,752.89,1,1.48,1,98.75,1,79.96,1,1.14,62.75,1
2011,1,24,NA,0.25,752.2,1,1.83,0.875,138.75,1,78.56,1,1.5,54.91,0.875
2011,1,25,NA,0.5,753.84,1,2.19,1,116,1,63.76,1,1.13,53.94,1
2011,1,26,NA,0.375,756.58,1,1.71,1,139.88,1,77.63,1,0.86,228.26,1
2011,1,27,NA,0.25,755.78,1,1.59,1,125.62,1,71.64,1,0.42,46.31,1
2011,1,28,-19.6,1,752.15,1,6.17,0.875,244.12,1,69.79,1,6,244.34,0.875
2011,1,29,-20.63,1,747.65,1,8.88,1,247,1,74.54,1,8.77,247.77,1
2011,1,30,-22.27,0.75,746.53,1,4.01,1,174.88,1,72.88,1,1.61,244.74,1
2011,1,31,NA,0.625,748.69,1,2.01,1,210.25,1,62.14,1,0.87,265.97,1
2011,2,1,NA,0.5,748.09,1,3.84,0.875,194.38,1,57.43,1,3.32,248.84,0.875
2011,2,2,NA,0.375,745.63,1,1.57,1,175.12,1,62.15,1,0.68,257.02,1
2011,2,3,NA,0.5,743.28,1,2.89,0.875,243.43,0.875,56.93,1,1.97,256.26,0.875
2011,2,4,-12.23,1,745.71,1,NA,0.375,6.17,0.75,70.51,1,NA,NA,0.375
2011,2,5,NA,0.625,752.31,1,NA,0.625,162,1,68.39,1,NA,NA,0.625
2011,2,6,-19.27,0.75,752.47,1,2.46,1,201.12,1,81.53,1,1.3,255.69,1
2011,2,7,NA,0.625,745.74,1,1.82,1,167.38,1,69.58,1,1.04,352.84,1
2011,2,8,NA,0.25,746.99,1,1.36,1,163.5,1,59.16,1,0.83,269.46,1
2011,2,9,NA,0,746.43,1,0.89,1,123.75,1,42.69,1,0.43,23.85,1
2011,2,10,NA,0.125,743.65,1,1.14,1,220.75,1,39.5,1,0.92,261.43,1
2011,2,11,NA,0.125,748.2,1,1.06,1,159.75,1,51.14,1,0.49,308.87,1
2011,2,12,NA,0.375,750.89,1,NA,0.625,184.25,1,76.88,1,NA,NA,0.625
2011,2,13,NA,0.625,752.85,1,2.28,1,165.12,1,68.8,1,1.12,347.73,1
2011,2,14,-18.43,0.875,750.49,1,2.86,1,190,1,62.74,1,1.25,2.87,1
2011,2,15,NA,0.625,746.23,1,1.93,0.75,108.38,1,58.86,1,1.59,8.93,0.75
2011,2,16,-19.22,1,738.26,1,NA,0.5,NA,0.5,79.34,1,NA,NA,0.5
2011,2,17,-15.95,0.75,738.95,1,NA,0.625,86.5,1,68.24,1,NA,NA,0.625
2011,2,18,NA,0.5,742.05,1,2.04,1,215.38,1,56.95,1,1.49,282.73,1
2011,2,19,-15.71,1,741.16,1,NA,0.5,66,1,72.27,1,NA,NA,0.5
2011,2,20,NA,0.625,742.29,1,2.93,0.75,187.5,1,67.88,1,0.52,265.32,0.75
2011,2,21,NA,0.5,751.74,1,NA,0.625,103.38,1,70.41,1,NA,NA,0.625
2011,2,22,NA,0.375,757.28,1,NA,0.625,224.88,1,62.79,1,NA,NA,0.625
2011,2,23,-18.29,0.875,749.07,1,4.32,0.75,254,1,80.08,1,2.66,276.72,0.75
2011,2,24,NA,0.25,737.16,1,1.92,0.75,163.75,1,81.43,1,0.56,256.95,0.75
2011,2,25,NA,0.5,736.79,1,1.99,1,171.62,1,78.79,1,0.73,358.24,1
2011,2,26,NA,0.625,739.78,1,NA,0.625,230.38,1,69.98,1,NA,NA,0.625
2011,2,27,NA,0.625,739.18,1,2.74,1,230.62,1,70.51,1,1.62,295.98,1
2011,2,28,-21.5,0.875,743.6,1,NA,0.625,86.5,1,66.39,1,NA,NA,0.625
2011,3,1,-18.71,1,750.26,1,7.11,1,41.5,1,76.61,1,7.06,43.08,1
2011,3,2,-21,1,749.13,1,NA,0.375,86.88,1,73.01,1,NA,NA,0.375
2011,3,3,-15.23,1,746.99,1,2.27,0.875,216.12,1,33.68,1,1.21,291.03,0.875
2011,3,4,-14.5,1,740.66,1,2.9,0.875,247.62,1,24.5,1,2.01,267.57,0.875
2011,3,5,-16.11,1,744.06,1,2.76,1,179.62,1,44.03,1,1.62,314.72,1
2011,3,6,-16.49,1,749.01,1,NA,0.625,66.25,1,75.23,1,NA,NA,0.625
2011,3,7,-18.44,1,747.4,1,NA,0.625,234.62,1,66.3,1,NA,NA,0.625
2011,3,8,-18.34,1,752.29,1,NA,0.625,270.75,1,66.98,1,NA,NA,0.625
2011,3,9,-15.41,1,754.8,1,2.52,1,200.88,1,49.76,1,1.39,284.84,1
2011,3,10,-13.9,0.875,748.11,1,1.84,1,156.5,1,43.14,1,1.47,356.37,1
2011,3,11,-7.19,1,739.09,1,6.58,0.75,114.57,0.875,66.18,1,4.44,1.18,0.75
2011,3,12,-7.14,1,747.6,1,NA,0.625,240.86,0.875,71.23,1,NA,NA,0.625
2011,3,13,-10.24,1,741.7,1,NA,0.5,265.83,0.75,61.44,1,NA,NA,0.5
2011,3,14,-16.66,1,740.66,1,2.11,0.875,237.75,1,72.81,1,1.35,280.81,0.875
2011,3,15,-16.73,1,745.44,1,NA,0.625,151.5,1,65.9,1,NA,NA,0.625
2011,3,16,-19.88,1,750.94,1,1.38,1,244.38,1,72.44,1,1.2,333.34,1
2011,3,17,-23.13,1,750.26,1,2.29,1,169.75,1,80.69,1,1.8,12.29,1
2011,3,18,-29.69,0.875,751.34,1,NA,0.25,NA,0.5,77.21,1,NA,NA,0.25
2011,3,19,-22,1,758.51,1,NA,0.625,89,1,47.49,1,NA,NA,0.625
2011,3,20,-10.54,0.875,755.96,1,2.37,0.875,240.75,1,14.8,1,1.89,331.73,0.875
2011,3,21,-12.17,1,756.71,1,3.09,1,175.88,1,18.61,1,1.91,331.07,1
2011,3,22,-11.29,1,757.04,1,2.36,1,291.12,1,13.61,1,1.91,306.38,1
2011,3,23,-11.03,1,757.64,1,2.26,1,319.25,1,22.84,1,2.18,318.51,1
2011,3,24,-14.33,1,757.53,1,1.79,1,234.38,1,40.45,1,1.41,281.17,1
2011,3,25,-14.98,1,754.5,1,2.59,1,249,1,38.06,1,2.26,281.93,1
2011,3,26,-16.54,1,751.71,1,4.31,0.875,112.5,1,66.23,1,2.05,312,0.875
2011,3,27,-20.01,1,749.21,1,1.28,0.75,215.25,1,75.56,1,0.53,292.69,0.75
2011,3,28,-21.58,1,751.73,1,2.11,1,163.88,1,69.2,1,1.65,342.67,1
2011,3,29,-23.36,1,748.61,1,2.21,1,130.5,1,61.46,1,1.88,14.77,1
2011,3,30,-26.86,0.875,745.71,1,2.05,1,228.5,1,58.5,1,1.57,331.33,1
2011,3,31,-26.23,0.875,752.36,1,2.46,1,232.62,1,52.69,1,1.83,320.14,1
2011,4,1,-19.14,1,744.6,1,2.83,1,248.5,1,50,1,2.21,280.41,1
2011,4,2,-20.71,1,745.55,1,1.29,1,246,1,73.66,1,1.09,334.11,1
2011,4,3,-24.51,1,755.78,1,2.26,1,269.12,1,74.73,1,1.69,317.95,1
2011,4,4,-21.63,0.875,754.93,1,NA,0.625,269,1,60.1,1,NA,NA,0.625
2011,4,5,-22.91,1,750.68,1,2.85,1,135.12,1,63.54,1,1.88,2.77,1
2011,4,6,-21.64,1,754.56,1,2.29,0.875,265.38,1,64.51,1,1.67,304.59,0.875
2011,4,7,-20.78,1,757.71,1,NA,0.625,301.62,1,64.6,1,NA,NA,0.625
2011,4,8,-17.61,0.875,753.82,1,NA,0.625,259.88,1,63.03,1,NA,NA,0.625
2011,4,9,-8.8,0.875,741.64,1,NA,0.5,334.33,0.75,61.09,1,NA,NA,0.5
2011,4,10,-6.57,0.75,748.27,0.875,NA,0.25,304.86,0.875,40.13,0.875,NA,NA,0.25
2011,4,11,NA,0.5,759.25,1,NA,0.5,254.62,1,43.4,1,NA,NA,0.5
2011,4,12,-3.81,1,762.54,1,NA,0,296.88,1,29.74,1,NA,NA,0
2011,4,13,-7.53,0.75,763.09,1,NA,0.25,100.88,1,32.33,1,NA,NA,0.25
2011,4,14,-8.96,1,763.28,1,3.28,1,169.62,1,51.18,1,2.43,357.95,1
2011,4,15,-10.3,1,756.29,1,3.31,0.875,299.75,1,55.86,1,3.12,299.75,0.875
2011,4,16,-17.7,0.75,745.3,1,7.27,0.75,210.38,1,44.69,1,6.86,250.54,0.75
2011,4,17,-20.24,1,745.15,1,1.7,1,306.5,1,21.18,1,1.57,304.74,1
2011,4,18,-18,1,750.39,1,6.69,0.875,257.75,1,37.25,1,6.67,257.26,0.875
2011,4,19,-19.66,1,749.88,1,12.12,0.75,276.12,1,74.4,1,10.24,291.06,0.75
2011,4,20,NA,0.625,741.5,1,NA,0.375,258.12,1,68.16,1,NA,NA,0.375
2011,4,21,-36.23,0.875,738.69,1,2.48,0.75,227.5,1,71.29,1,1.37,283.6,0.75
2011,4,22,-28.2,1,736.14,1,2.05,1,291.88,1,36.53,1,1.81,335.31,1
2011,4,23,-22.9,1,741.03,1,1.84,1,196.75,1,44.53,1,1.29,327.71,1
2011,4,24,-19.29,1,739.63,1,3.27,0.75,294.71,0.875,55.65,1,2.96,275.74,0.75
2011,4,25,-19.46,1,741.34,1,NA,0.625,225.38,1,64.46,1,NA,NA,0.625
2011,4,26,-21.85,1,736.95,1,2.4,1,232.12,1,70.81,1,1.98,272.62,1
2011,4,27,-23.5,1,733.49,1,2.4,1,198.25,1,62.8,1,1.88,335.38,1
2011,4,28,-25.15,1,738.63,1,2.19,1,277.75,1,66.76,1,1.64,299.76,1
2011,4,29,-26.35,1,740.6,1,2.19,1,146,1,78.35,1,1.37,290.63,1
2011,4,30,-26.53,1,742.3,1,2.19,1,161.38,1,77.8,1,1.88,349.96,1
2011,5,1,-29.71,1,744.54,1,1.75,1,198.62,1,77.03,1,0.99,31.13,1
2011,5,2,-33.47,0.875,741.58,1,NA,0.5,NA,0.5,75.91,1,NA,NA,0.5
2011,5,3,-27.53,1,738.99,1,NA,0.5,NA,0.5,71.1,1,NA,NA,0.5
2011,5,4,-26.74,1,738.59,1,1.98,0.75,221,1,55.4,1,1.18,321.13,0.75
2011,5,5,-28.62,0.75,736.28,1,2.74,1,190.75,1,72.09,1,1.91,317.26,1
2011,5,6,NA,0.5,722.79,0.875,NA,0.625,173.43,0.875,52.13,0.875,NA,NA,0.625
2011,5,7,NA,0.5,721.29,1,2.68,0.75,155.5,1,67.45,1,1.44,279.03,0.75
2011,5,8,-33.24,1,722.39,1,2.66,1,156.75,1,65.49,1,1.75,326.82,1
2011,5,9,-32.75,1,720.63,1,2.79,1,267.5,1,65.61,1,2.5,268.44,1
2011,5,10,-26.05,0.75,723.14,1,NA,0.5,83.62,1,64.75,1,NA,NA,0.5
2011,5,11,-23.09,1,732.24,1,NA,0.375,NA,0.625,76.62,1,NA,NA,0.375
2011,5,12,-19.81,0.875,738.93,1,NA,0.25,128.75,1,42.65,1,NA,NA,0.25
2011,5,13,-19.28,1,741.15,1,NA,0.5,46.86,0.875,72.19,1,NA,NA,0.5
2011,5,14,-17.91,1,737.63,1,NA,0.375,NA,0.625,64.26,1,NA,NA,0.375
2011,5,15,-20.95,1,740.29,1,5.27,0.75,160.12,1,72.08,1,3.81,30.01,0.75
2011,5,16,-23.39,0.875,741.69,1,NA,0.625,223.62,1,80.75,1,NA,NA,0.625
2011,5,17,-17.7,0.75,748.4,1,NA,0.5,247.25,1,48.65,1,NA,NA,0.5
2011,5,18,-8.86,1,745.19,1,3.58,1,270,1,61.16,1,2.52,322.03,1
2011,5,19,-10.4,1,740.54,1,NA,0.25,281.5,1,58.85,1,NA,NA,0.25
2011,5,20,-12.8,1,737.18,1,NA,0.5,260.75,1,61.05,1,NA,NA,0.5
2011,5,21,-22.07,0.75,732.64,1,2.67,0.875,173.12,1,76.8,1,0.98,298.56,0.875
2011,5,22,-21.93,1,725.71,1,2.45,1,210.75,1,74.01,1,1.85,262.58,1
2011,5,23,-22.23,1,724.86,1,2.74,1,262.75,1,64.21,1,1.7,301.83,1
2011,5,24,-25.19,1,739.53,1,2.64,1,173.75,1,63.37,1,2.26,342.88,1
2011,5,25,-23.9,1,736.61,1,1.99,1,310.5,1,49.65,1,1.48,307.7,1
2011,5,26,-20.88,1,727.35,1,4.6,0.75,232.38,1,48.7,1,3.35,227.68,0.75
2011,5,27,-20.24,1,726.91,1,NA,0.5,172.86,0.875,59.91,1,NA,NA,0.5
2011,5,28,-18.96,1,739.61,1,4.63,0.875,163.38,1,50.51,1,2.81,15.11,0.875
2011,5,29,-19.86,1,741.95,1,2.27,0.875,268,1,62.46,1,1.99,294.7,0.875
2011,5,30,-19.06,1,736.66,1,NA,0.5,221.88,1,68.51,1,NA,NA,0.5
2011,5,31,-22.27,0.75,739.96,1,2.58,0.75,246.62,1,65.95,1,2.38,259.74,0.75
2011,6,1,-23.76,1,743.02,1,2.8,1,297.88,1,57.9,1,2.64,289.76,1
2011,6,2,-24.19,1,736.07,1,NA,0.625,232.38,1,70.74,1,NA,NA,0.625
2011,6,3,-24.09,1,734.2,1,2.09,1,147.62,1,71.03,1,1.71,359.89,1
2011,6,4,-18.89,0.875,741.01,1,2.16,0.875,203.57,0.875,53.6,1,1.3,344.61,0.875
2011,6,5,-10.97,0.75,732.65,1,NA,0.25,6.71,0.875,61.65,1,NA,NA,0.25
2011,6,6,-11.35,1,745.61,1,NA,0.5,63.67,0.75,67.26,1,NA,NA,0.5
2011,6,7,-11.09,1,757.89,1,NA,0.5,250.12,1,56.08,1,NA,NA,0.5
2011,6,8,-15.34,1,749.98,1,2.62,1,217.88,1,59.43,1,1.7,263.61,1
2011,6,9,-19.7,1,744.66,1,2.21,1,279.5,1,77.86,1,1.95,275.24,1
2011,6,10,-23.01,1,743.23,1,2.01,1,201.12,1,63.45,1,1.59,334.38,1
2011,6,11,-20.49,1,747.85,1,2.1,1,279.25,1,30.6,1,1.77,321.95,1
2011,6,12,-19.06,1,740.84,1,3.77,0.75,224.62,1,41.09,1,3.49,293.08,0.75
2011,6,13,-19.65,0.75,736,0.875,NA,0.5,NA,0.625,60.5,0.875,NA,NA,0.5
2011,6,14,-19.16,1,733.93,1,NA,0.125,NA,0.375,71.76,1,NA,NA,0.125
2011,6,15,-11.85,0.75,745.34,1,NA,0.375,136.86,0.875,43.76,1,NA,NA,0.375
2011,6,16,-16.6,1,752.3,1,NA,0.5,134.57,0.875,74.11,1,NA,NA,0.5
2011,6,17,-22.56,1,758.47,1,1.68,1,150,1,66.31,1,0.85,295.81,1
2011,6,18,-20.63,0.875,763.43,1,5.15,1,268.88,1,65.74,1,4.59,258.78,1
2011,6,19,-19.75,1,763.58,1,4.43,0.875,264.88,1,62.63,1,4.22,267.52,0.875
2011,6,20,-22.96,1,760.43,1,9.53,0.875,268.57,0.875,79.96,1,9.05,266.68,0.875
2011,6,21,-22.15,1,749.29,1,NA,0.625,249.38,1,74.65,1,NA,NA,0.625
2011,6,22,NA,0.625,738.11,1,13.1,0.75,253.86,0.875,72.95,1,12.13,253.01,0.75
2011,6,23,-33.43,0.875,732.75,1,NA,0.375,225.38,1,72.66,1,NA,NA,0.375
2011,6,24,-39.9,1,734.46,1,NA,0.625,243.25,1,71.26,1,NA,NA,0.625
2011,6,25,NA,0.625,732.73,1,1.96,0.875,276.38,1,72.99,1,1.7,258.03,0.875
2011,6,26,-27.95,1,729.99,1,3.08,1,127.25,1,59.31,1,2.27,355.17,1
2011,6,27,-30.13,1,733.5,1,1.64,1,134.75,1,56.1,1,0.88,320.93,1
2011,6,28,-34.83,1,735.82,1,1.85,1,211,1,68.26,1,1.05,287.79,1
2011,6,29,-36.09,1,736.32,1,1.32,1,231.5,1,73.76,1,0.83,317.04,1
2011,6,30,-28.25,0.75,734.01,1,1.9,0.875,158,1,45.69,1,1.41,6.18,0.875
2011,7,1,-17.39,0.875,731.83,1,NA,0.5,217.38,1,59.33,1,NA,NA,0.5
2011,7,2,-17.33,1,731.56,1,2,0.75,175.62,1,57.73,1,1.31,296.11,0.75
2011,7,3,-19.7,0.875,729.04,1,NA,0.375,289.75,1,46.85,1,NA,NA,0.375
2011,7,4,-19.84,0.875,726.15,1,NA,0.125,NA,0.375,70.8,1,NA,NA,0.125
2011,7,5,-18.67,0.875,719.5,1,1.57,1,195.38,1,79.68,1,0.75,349.63,1
2011,7,6,-20.2,1,733.39,1,2.52,1,268.5,1,66.18,1,1.82,311.33,1
2011,7,7,-22.1,1,737.91,1,3.2,1,276.88,1,55.41,1,2.85,257.84,1
2011,7,8,-20.16,1,740.29,1,NA,0.625,184.12,1,64.19,1,NA,NA,0.625
2011,7,9,-18.3,1,751.88,1,3.1,1,233.62,1,58.38,1,2.56,318.57,1
2011,7,10,-13.96,1,762.56,1,5.93,0.75,190.5,1,59.99,1,4.62,316.54,0.75
2011,7,11,-9.34,1,753.76,1,NA,0.375,NA,0.5,57.62,1,NA,NA,0.375
2011,7,12,-8.73,0.875,742.05,1,NA,0.125,339.38,1,51.96,1,NA,NA,0.125
2011,7,13,-16.23,0.875,749.81,1,NA,0.5,210.38,1,56.29,1,NA,NA,0.5
2011,7,14,-9.89,0.875,748.01,1,NA,0.125,333.33,0.75,64.55,1,NA,NA,0.125
2011,7,15,-19.27,0.875,752.88,1,16.33,0.875,276.5,1,63.65,1,14.78,283.59,0.875
2011,7,16,-11.13,0.875,761.01,1,NA,0.375,279,0.875,56.82,1,NA,NA,0.375
2011,7,17,-6.16,1,766.59,1,NA,0.625,243.5,1,41.68,1,NA,NA,0.625
2011,7,18,-6.84,1,767.93,1,3.24,1,295.88,1,26.19,1,2.97,343.88,1
2011,7,19,-8.57,0.875,762.48,1,NA,0.5,194.38,1,42.15,1,NA,NA,0.5
2011,7,20,-9.79,1,759.65,1,3.11,0.875,273.25,1,23.63,1,2.84,330.46,0.875
2011,7,21,-12.48,1,759.44,1,1.81,0.875,290.12,1,35.86,1,1.75,296,0.875
2011,7,22,-17.33,1,752.21,1,NA,0.625,242.38,1,55.63,1,NA,NA,0.625
2011,7,23,-22.9,1,750.39,1,1.68,0.75,81.38,1,49.61,1,1.21,350.19,0.75
2011,7,24,-17.65,1,750.53,1,3.09,0.875,141.57,0.875,48.6,1,0.59,220.14,0.875
2011,7,25,-16.2,1,744.59,1,26,0.75,179.88,1,53.73,1,25.77,359.95,0.75
2011,7,26,-22.06,1,729.12,1,NA,0.25,NA,0.375,67.64,1,NA,NA,0.25
2011,7,27,-20.41,1,732,1,NA,0.25,300.88,1,46.18,1,NA,NA,0.25
2011,7,28,-12.62,1,758.14,1,NA,0,297.88,1,46.91,1,NA,NA,0
2011,7,29,-10.84,0.875,774.11,1,NA,0.375,281.88,1,29.59,1,NA,NA,0.375
2011,7,30,-10.76,1,768.4,1,NA,0.5,274.12,1,42.46,1,NA,NA,0.5
2011,7,31,-10.61,1,768.49,1,1.98,0.75,221.88,1,52.99,1,1.64,332.19,0.75
2011,8,1,-12.43,1,766.81,1,NA,0.375,41,1,57.76,1,NA,NA,0.375
2011,8,2,-15.52,1,761.7,1,4.13,0.75,215.62,1,53.5,1,2.05,319.87,0.75
2011,8,3,-24.2,1,754.26,1,NA,0.625,202.88,1,32.53,1,NA,NA,0.625
2011,8,4,-29.1,1,749.41,1,2.28,1,207.75,1,50.79,1,1.56,350.31,1
2011,8,5,-24.59,1,739.26,1,NA,0.625,181.75,1,31.61,1,NA,NA,0.625
2011,8,6,-20.06,1,733.76,1,1.91,1,310.75,1,62.26,1,1.32,326.37,1
2011,8,7,-14.11,0.875,738.06,1,NA,0,134,1,44.85,1,NA,NA,0
2011,8,8,-14.98,1,743,1,6.28,0.75,160.75,1,61.41,1,2.77,32.96,0.75
2011,8,9,-18.68,1,752.23,1,2.79,1,285.12,1,53.54,1,2.34,284.64,1
2011,8,10,-17.8,1,750.51,1,3.18,0.75,244.62,1,64.23,1,2.14,2.16,0.75
2011,8,11,-14.49,0.875,740.41,1,NA,0.125,298.62,1,54.16,1,NA,NA,0.125
2011,8,12,-18,1,742,1,NA,0.25,292,1,47.11,1,NA,NA,0.25
2011,8,13,-19.7,1,750.16,1,2.13,0.875,209.38,1,60.49,1,1.82,333.78,0.875
2011,8,14,-20.7,1,750.45,1,2.97,0.875,231.12,1,63.83,1,1.91,313.71,0.875
2011,8,15,-24.9,0.875,747,1,2.07,0.875,163.62,1,76.83,1,1.21,24.58,0.875
2011,8,16,-27.62,1,742.36,1,1.8,1,211,1,77.55,1,1.08,276.19,1
2011,8,17,-25.59,1,741.35,1,1.98,1,164,1,60.7,1,1.11,326.81,1
2011,8,18,-26.21,1,745.44,1,2.09,1,182,1,64.84,1,1.4,5.68,1
2011,8,19,-22.23,0.875,731.01,1,NA,0.375,228,0.875,79.74,1,NA,NA,0.375
2011,8,20,NA,0.625,726.27,0.75,NA,0.375,NA,0.375,65.13,0.75,NA,NA,0.375
2011,8,21,-13.22,1,735.94,1,NA,0.125,77.14,0.875,57.88,1,NA,NA,0.125
2011,8,22,-17.89,0.875,729.65,1,NA,0.5,91.43,0.875,63.93,1,NA,NA,0.5
2011,8,23,-22.8,1,730.03,1,2.84,1,224.12,1,68.45,1,1.03,338.99,1
2011,8,24,-23.28,1,733.84,1,2.32,0.75,225.57,0.875,57.99,1,1.86,309.29,0.75
2011,8,25,-15.71,0.875,731.04,1,NA,0.25,122,0.75,59.93,1,NA,NA,0.25
2011,8,26,-17.43,1,729.46,1,NA,0.125,NA,0.125,72.04,1,NA,NA,0.125
2011,8,27,-18.72,1,732.78,1,NA,0.25,NA,0.25,75.9,1,NA,NA,0.25
2011,8,28,-16.45,1,743.9,1,NA,0.375,49.62,1,54.94,1,NA,NA,0.375
2011,8,29,-13.53,1,745.86,1,NA,0.25,51.5,1,36.7,1,NA,NA,0.25
2011,8,30,-16.27,0.875,745.98,1,7.03,0.75,171.75,1,24.97,1,2.26,324.66,0.75
2011,8,31,-18.85,1,738.15,1,3.22,1,231.38,1,32.64,1,2.18,320.34,1
2011,9,1,NA,0.625,734.31,1,NA,0.5,86.5,1,60.22,1,NA,NA,0.5
2011,9,2,-21.96,1,744.44,1,NA,0.625,180.5,1,48.08,1,NA,NA,0.625
2011,9,3,-15.5,1,747.68,1,3.01,1,255.88,1,22.09,1,2.22,300.97,1
2011,9,4,-13.7,0.75,751.8,1,NA,0.375,192.62,1,71.31,1,NA,NA,0.375
2011,9,5,-19.55,1,757.01,1,NA,0.375,103.62,1,75.55,1,NA,NA,0.375
2011,9,6,-19.45,1,755.04,1,NA,0.625,227.12,1,50.13,1,NA,NA,0.625
2011,9,7,-14.8,0.875,756.78,1,1.9,1,181.75,1,28.63,1,1.13,323.5,1
2011,9,8,-11.33,1,756.81,1,1.69,1,202.88,1,42.9,1,1.18,344.5,1
2011,9,9,-11.86,1,756.13,1,2.58,1,117.88,1,47.3,1,1.65,328.49,1
2011,9,10,-14.91,1,754.03,1,2.45,1,263.25,1,56.61,1,1.8,286.91,1
2011,9,11,-16.05,1,751.16,1,6.79,1,260,1,38.79,1,6.51,256.59,1
2011,9,12,-17.8,1,753.2,1,8.84,1,264.12,1,23.35,1,8.74,263.56,1
2011,9,13,-20.24,1,749.68,1,2.03,0.75,153.88,1,78.44,1,1.11,283.19,0.75
2011,9,14,-22.44,1,745.81,1,2.04,0.875,150.88,1,77.29,1,1.52,344.38,0.875
2011,9,15,-27.23,1,746.11,1,2.2,1,147.62,1,76.86,1,1.22,312.17,1
2011,9,16,-32.57,0.75,744.6,1,NA,0.375,NA,0.375,74.24,1,NA,NA,0.375
2011,9,17,-29.51,1,741.86,1,7.72,1,232.5,1,34.15,1,6.23,248.34,1
2011,9,18,-26.53,1,740.1,1,7.74,0.875,258,1,20.13,1,7.67,249.41,0.875
2011,9,19,-18.57,0.875,740.78,1,NA,0.5,231.5,1,51.75,1,NA,NA,0.5
2011,9,20,NA,0.625,741.59,1,NA,0.375,279.5,1,52.46,1,NA,NA,0.375
2011,9,21,-22.51,0.875,731.93,1,NA,0.25,278.83,0.75,58.5,1,NA,NA,0.25
2011,9,22,NA,0.5,724.57,1,13.08,0.75,236.12,1,69.55,1,13.03,235.34,0.75
2011,9,23,-45.24,0.875,731.57,1,NA,0,NA,0,67.39,1,NA,NA,0
2011,9,24,-38.69,0.875,728.33,1,NA,0.25,NA,0.25,50.03,1,NA,NA,0.25
2011,9,25,-32.73,0.75,709.5,1,NA,0.5,133,1,59.31,1,NA,NA,0.5
2011,9,26,-33.93,0.75,716.5,1,NA,0.125,241.38,1,60.7,1,NA,NA,0.125
2011,9,27,NA,0.625,716.85,1,NA,0.375,336.12,1,46.56,1,NA,NA,0.375
2011,9,28,NA,0.375,734.43,1,NA,0.125,319.38,1,42.88,1,NA,NA,0.125
2011,9,29,-11.46,1,743.4,1,NA,0.5,342.5,1,51.03,1,NA,NA,0.5
2011,9,30,-11.47,0.75,754.61,1,NA,0.375,224.62,1,47.94,1,NA,NA,0.375
2011,10,1,-11.79,0.875,750.29,1,NA,0.25,4,0.875,65.38,1,NA,NA,0.25
2011,10,2,-13.5,1,747.79,1,NA,0.375,7.5,0.75,71.14,1,NA,NA,0.375
2011,10,3,-15.4,0.875,739.09,0.875,NA,0.125,NA,0.25,75.6,0.875,NA,NA,0.125
2011,10,4,-14.23,1,748.56,1,NA,0.25,NA,0.625,60.54,1,NA,NA,0.25
2011,10,5,-13.1,0.875,760.21,1,NA,0.5,231.38,1,44.45,1,NA,NA,0.5
2011,10,6,-13.88,1,762.31,1,NA,0.375,211,1,56.81,1,NA,NA,0.375
2011,10,7,-16.36,1,755.63,1,5.35,1,82.12,1,63.34,1,5.17,39.67,1
2011,10,8,-20.69,1,749.6,1,4.57,0.875,96.75,1,69.84,1,2.93,39.19,0.875
2011,10,9,-19.26,1,746.54,1,1.82,1,162,1,47.64,1,0.99,318.53,1
2011,10,10,-20.43,1,745.11,1,1.66,1,106.88,1,48.56,1,0.69,5.05,1
2011,10,11,-22.59,1,741.99,1,1.4,1,146.75,1,65.15,1,0.67,313.51,1
2011,10,12,-24.18,1,737.63,1,2.33,1,133.62,1,65.66,1,1.24,0.24,1
2011,10,13,-18.81,0.875,731.73,1,1.81,1,51.75,1,45.23,1,1.61,21.13,1
2011,10,14,-18.84,0.875,727.04,1,2.24,1,205.12,1,51.96,1,1.49,330.03,1
2011,10,15,-19.72,1,728.83,1,2.47,0.75,254.25,1,58.34,1,2.3,277.77,0.75
2011,10,16,-23.91,1,733.13,1,2.52,1,146.75,1,57.26,1,1.16,286.94,1
2011,10,17,-21.74,1,735.38,1,1.34,1,241.5,1,55.6,1,0.87,306.5,1
2011,10,18,-23.36,1,729.89,1,1.93,1,176.12,1,69.28,1,1.03,329.59,1
2011,10,19,-24.29,1,727.19,1,2.1,1,187.38,1,74.45,1,0.71,45.06,1
2011,10,20,-23.24,1,726.31,1,2.89,1,216,1,75.58,1,1.02,326.02,1
2011,10,21,-24.61,1,730.38,1,3.12,0.75,184.86,0.875,66.49,1,2.65,252.59,0.75
2011,10,22,-23.45,1,735.13,1,1.69,1,190.5,1,64.51,1,0.9,291.01,1
2011,10,23,-24.6,0.875,730.74,1,2.02,0.75,249.25,1,61.51,1,1.91,257.73,0.75
2011,10,24,-19.63,0.875,726.72,1,3.47,0.75,169.25,1,34.75,1,1.7,352.63,0.75
2011,10,25,-18.96,0.875,728.5,1,1.8,0.75,214.25,1,34.44,1,1.34,273.73,0.75
2011,10,26,-20.99,1,727.9,1,1.48,1,151.5,1,50.86,1,0.67,345.77,1
2011,10,27,-21.71,1,729.2,1,1.56,1,180.75,1,33.39,1,1.15,310.31,1
2011,10,28,-20.09,1,734.89,1,1.93,1,227.38,1,49.94,1,1.44,271.1,1
2011,10,29,-18.83,0.875,741.86,1,1.43,1,194,1,54.31,1,0.42,6.18,1
2011,10,30,-17.95,1,744.46,1,1.5,1,164.38,1,55.04,1,1.11,253.33,1
2011,10,31,-19.79,0.875,742.59,1,1.54,1,230.75,1,54.54,1,0.86,284.83,1
2011,11,1,-19.68,1,738.86,1,3.76,1,270.75,1,48.45,1,3.41,263.07,1
2011,11,2,-20.36,1,746.5,1,2.19,1,229,1,45.5,1,1.82,261.27,1
2011,11,3,-22.56,1,756.79,1,2.59,1,203.62,1,67.63,1,1.11,238.84,1
2011,11,4,-24.5,1,752.2,1,4.41,0.875,75.75,1,72.91,1,3.18,48.76,0.875
2011,11,5,-23.23,1,750.95,1,2.19,1,166.88,1,60.16,1,0.44,300.92,1
2011,11,6,-23.65,1,749.55,1,1.67,0.75,176.62,1,63.84,1,0.16,320.24,0.75
2011,11,7,-22.58,1,742.66,1,NA,0.25,74.14,0.875,66.14,1,NA,NA,0.25
2011,11,8,-20.85,1,737.63,1,NA,0.25,93.86,0.875,64.21,1,NA,NA,0.25
2011,11,9,-17.44,0.875,740.16,1,11.53,0.75,40,1,55.8,1,11.47,40.31,0.75
2011,11,10,-20.4,1,742.16,1,NA,0.375,106,1,68.15,1,NA,NA,0.375
2011,11,11,-20.53,1,741.05,1,NA,0.5,101.25,1,54.81,1,NA,NA,0.5
2011,11,12,-18.49,1,736.95,1,1.75,1,198.88,1,39.85,1,0.19,344.06,1
2011,11,13,-22.13,0.875,735.45,1,1.75,1,114.88,1,58.89,1,0.3,0.03,1
2011,11,14,-19.73,1,739.21,1,NA,0.5,122.75,1,54.78,1,NA,NA,0.5
2011,11,15,-18.93,1,745.36,1,NA,0.625,216.12,1,53.94,1,NA,NA,0.625
2011,11,16,-20.88,1,752.25,1,2.89,0.875,198.62,1,60.34,1,2.07,247.83,0.875
2011,11,17,-17.79,0.875,750.86,1,1.85,1,244.25,1,64.76,1,1.36,274.66,1
2011,11,18,-8.91,1,747.03,1,NA,0.375,234.25,1,58.29,1,NA,NA,0.375
2011,11,19,-10.23,1,747.55,1,NA,0.25,10.33,0.75,61.28,1,NA,NA,0.25
2011,11,20,-13.54,0.875,748.86,1,7.63,0.75,237.75,1,53.9,1,3.91,285.91,0.75
2011,11,21,-13.4,1,746.59,1,2.2,1,234.75,1,64.3,1,1.34,251.52,1
2011,11,22,-16.05,1,746.29,1,2.22,1,159.88,1,72.96,1,0.07,43.65,1
2011,11,23,-17.09,1,745.21,1,4.53,1,53,1,65.56,1,4.47,52.49,1
2011,11,24,-17.04,1,744.78,1,1.39,1,116.38,1,68.5,1,0.29,87.96,1
2011,11,25,-14.26,1,749.81,1,2.65,1,109.88,1,56.8,1,1.42,24.19,1
2011,11,26,-12.06,1,752.29,1,1.89,1,82.62,1,59.33,1,1.29,40.86,1
2011,11,27,-10.51,1,747.26,1,2.42,0.75,120.88,1,61.61,1,0.43,70.97,0.75
2011,11,28,-8.68,1,732.08,1,NA,0.375,150.25,1,61.89,1,NA,NA,0.375
2011,11,29,-11.66,1,734.03,1,2.25,0.75,248.12,1,63.89,1,1.1,238.45,0.75
2011,11,30,-14.08,1,737.69,1,3.43,0.875,197.88,1,68.16,1,2.93,240.4,0.875
2011,12,1,NA,0.625,735.24,1,3.51,0.875,143.62,1,74.51,1,1.78,49.2,0.875
2011,12,2,NA,0.375,734.96,1,1.88,1,111.25,1,65.3,1,0.99,68.92,1
2011,12,3,NA,0.375,739.95,1,NA,0.625,168,1,68.74,1,NA,NA,0.625
2011,12,4,NA,0.625,740.11,1,NA,0.25,141.5,1,60.65,1,NA,NA,0.25
2011,12,5,NA,0.625,733.99,1,6.45,0.75,161.12,1,71.3,1,3.83,67.21,0.75
2011,12,6,-11.63,0.75,737.29,1,2.63,0.875,194.25,1,62.4,1,1.45,260.1,0.875
2011,12,7,-12.93,0.75,740.01,1,NA,0.625,96.62,1,59.95,1,NA,NA,0.625
2011,12,8,-14.67,0.875,743.89,1,3.6,1,220.75,1,75.15,1,3.44,227.44,1
2011,12,9,NA,0,741.41,1,0.78,1,168.25,1,73.29,1,0.11,119.56,1
2011,12,10,NA,0,738.99,1,0.84,1,128,1,59.46,1,0.45,37.01,1
2011,12,11,NA,0.5,739.18,1,2.24,1,85.12,1,55.28,1,1.08,40.41,1
2011,12,12,NA,0.125,742.72,1,1.59,1,161.5,1,67.83,1,0.7,220.73,1
2011,12,13,-19.55,1,745.3,1,4.61,1,110.75,1,74.85,1,1.35,65.31,1
2011,12,14,NA,0.125,739.23,1,1.19,0.875,174.12,1,42.36,1,0.9,56.04,0.875
2011,12,15,NA,0.375,743.96,1,1.9,1,152,1,65.36,1,0.65,197.78,1
2011,12,16,NA,0.25,744.96,1,1.76,0.875,167.62,1,70.35,1,1.28,198.17,0.875
2011,12,17,NA,0.625,749.55,1,2.16,1,94.75,1,75.24,1,1.11,117.56,1
2011,12,18,NA,0.625,752.88,1,3.14,1,158.38,1,69.74,1,1.23,200.62,1
2011,12,19,NA,0.375,746.18,1,NA,0.625,248,1,50.94,1,NA,NA,0.625
2011,12,20,-1.12,0.75,743.3,1,NA,0.125,266.29,0.875,57.46,1,NA,NA,0.125
2011,12,21,-9.43,0.75,752.94,1,6.82,0.75,160.43,0.875,51.89,1,2.67,357.65,0.75
2011,12,22,NA,0.5,745.82,1,NA,0.375,269,1,53.29,1,NA,NA,0.375
2011,12,23,-4.06,0.875,744.14,1,NA,0.375,25.57,0.875,71.65,1,NA,NA,0.375
2011,12,24,-9.9,1,744.66,1,NA,0.25,51.75,1,73.21,1,NA,NA,0.25
2011,12,25,-10.49,0.875,745.94,1,11.68,0.75,48.5,1,65.61,1,11.55,50.25,0.75
2011,12,26,-11.21,0.875,747.67,1,4.28,0.75,72.88,1,42.6,1,4.2,52.46,0.75
2011,12,27,NA,0.375,750.55,1,2.3,1,136.88,1,53.91,1,0.46,208.15,1
2011,12,28,NA,0.625,750.79,0.875,2.53,0.875,122.86,0.875,34.43,0.875,1.01,104.74,0.875
2011,12,29,NA,0.375,745.06,1,1.55,1,90.12,1,35.33,1,0.92,70.3,1
2011,12,30,NA,0.5,739.78,1,2.22,0.75,70.12,1,33.19,1,1.81,35.6,0.75
2011,12,31,NA,0.375,740.7,1,2.15,1,116,1,57.7,1,0.3,124.39,1
2012,1,1,NA,0.625,746.09,1,2.96,1,117.62,1,68.19,1,1.96,101.6,1
2012,1,2,-16.08,0.75,751.85,1,2.65,1,103.38,1,61.91,1,1.66,85.66,1
2012,1,3,-15.95,0.75,749.85,1,2.41,1,149.25,1,57.41,1,1.65,68.3,1
2012,1,4,-10.97,0.75,741.46,1,3.09,1,217.5,1,49.73,1,2.73,240.96,1
2012,1,5,-14.16,0.875,737,1,NA,0.5,134.88,1,68.24,1,NA,NA,0.5
2012,1,6,-14.35,0.75,737.36,1,3.06,1,96.5,1,75.61,1,1.73,49.93,1
2012,1,7,NA,0.625,740.5,1,2.15,1,169.62,1,70.63,1,0.31,223.6,1
2012,1,8,NA,0.625,748.55,1,3.08,1,135.5,1,78.59,1,1.27,68.72,1
2012,1,9,-13.75,0.75,753.09,1,3.3,1,118.38,1,63.46,1,0.53,3.36,1
2012,1,10,NA,0.5,754.92,1,2.12,1,98,1,66.11,1,1.07,58.05,1
2012,1,11,NA,0.5,750.36,1,2.59,1,145,1,79.74,1,1.31,67.11,1
2012,1,12,-17.35,0.75,746.82,1,2.98,1,96.5,1,76.49,1,1.59,55.81,1
2012,1,13,NA,0.375,740.18,1,2.5,0.875,187,1,61.19,1,1.5,261.02,0.875
2012,1,14,-19.68,0.75,736.45,1,3.79,0.875,124,1,78,1,0.07,67.04,0.875
2012,1,15,NA,0.625,739.55,1,2.85,1,115.12,1,74.69,1,2.19,70.56,1
2012,1,16,-17.37,0.75,741.45,1,NA,0.25,NA,0.625,73.25,1,NA,NA,0.25
2012,1,17,-14.09,0.875,746.51,1,3.1,0.75,193.62,1,64.39,1,0.86,275.45,0.75
2012,1,18,NA,0.5,743.61,1,2.24,0.875,92.5,1,74.26,1,0.8,77.39,0.875
2012,1,19,NA,0.25,741.13,1,1.92,1,172.12,1,60.4,1,1.04,274.31,1
2012,1,20,NA,0.125,741.8,1,1,1,148.62,1,69.81,1,0.46,173.88,1
2012,1,21,NA,0.375,743.39,1,2.28,1,117.75,1,77.3,1,0.79,354.68,1
2012,1,22,NA,0.375,745.71,1,2.39,1,139.88,1,68.7,1,0.76,39.73,1
2012,1,23,-19.13,0.75,744.64,1,3.25,1,167.38,1,76.83,1,1.12,192.98,1
2012,1,24,-15.77,0.75,749.21,1,3.5,0.75,186.5,1,62.88,1,1.31,288.79,0.75
2012,1,25,NA,0.25,747.16,1,1.84,1,105.12,1,65.25,1,0.54,312.11,1
2012,1,26,NA,0.625,744.28,1,2.13,0.875,97.12,1,76.28,1,1.23,48.69,0.875
2012,1,27,-16.65,0.75,746.11,1,3.15,0.75,163.75,1,68.05,1,1.23,18.52,0.75
2012,1,28,-10.46,0.875,743.49,1,3.07,0.875,148.14,0.875,58.38,1,1.04,332.04,0.875
2012,1,29,-12.27,1,739.09,1,NA,0.5,255.29,0.875,65.84,1,NA,NA,0.5
2012,1,30,NA,0.625,746.71,1,NA,0.375,190.88,1,59.79,1,NA,NA,0.375
2012,1,31,NA,0.5,739.11,1,2.24,0.875,80.62,1,71.68,1,1.18,11.1,0.875
2012,2,1,NA,0.5,742.59,1,3.27,0.875,210.5,1,82.7,1,2.25,238.19,0.875
2012,2,2,-16.15,0.75,739.41,1,2.16,0.875,182.88,1,63.4,1,0.96,295.87,0.875
2012,2,3,-17.78,0.75,729.75,1,NA,0.375,51.25,1,65.56,1,NA,NA,0.375
2012,2,4,NA,0.375,735.11,1,1.88,1,63,1,62.2,1,1.5,35.9,1
2012,2,5,NA,0.125,738.53,1,1.19,1,193.88,1,62.38,1,0.19,243.34,1
2012,2,6,-20.61,0.875,737.44,1,NA,0.5,53,0.75,69.46,1,NA,NA,0.5
2012,2,7,-19.06,1,740.56,1,13.33,0.75,50.71,0.875,72.05,1,13.31,45.54,0.75
2012,2,8,NA,0.375,739.75,1,1.96,0.875,176.38,1,69.98,1,1.44,25.93,0.875
2012,2,9,-18.13,0.875,746.33,1,NA,0.625,172.12,1,63.68,1,NA,NA,0.625
2012,2,10,NA,0.5,743.38,1,4.52,0.75,165.62,1,79.15,1,2.65,46.81,0.75
2012,2,11,NA,0.5,740.44,1,2.12,1,218.62,1,72.43,1,1.47,249.75,1
2012,2,12,NA,0.25,752.01,1,1.55,1,59.75,1,73.35,1,0.95,23.79,1
2012,2,13,NA,0.25,760.45,1,2.04,1,111,1,51.57,1,1.03,330.16,1
2012,2,14,NA,0.5,759.46,1,1.89,1,123.62,1,41.34,1,0.93,350.81,1
2012,2,15,NA,0.5,760.51,1,3.03,0.875,149.38,1,45.78,1,2.89,28.61,0.875
2012,2,16,0.22,0.75,763.86,1,NA,0.5,245.12,1,69.61,1,NA,NA,0.5
2012,2,17,NA,0.625,765.69,1,NA,0.5,150.75,1,66.69,1,NA,NA,0.5
2012,2,18,-5.2,0.75,765.9,1,NA,0.375,106.75,1,50.79,1,NA,NA,0.375
2012,2,19,-5.76,0.875,762.06,1,3.8,1,236.38,1,56.68,1,2.17,281,1
2012,2,20,-11.57,0.75,751.82,1,NA,0.625,125.38,1,60.73,1,NA,NA,0.625
2012,2,21,-16.17,0.875,752.35,1,4.56,0.875,214,1,62.05,1,2.42,292.22,0.875
2012,2,22,NA,0.625,749.54,1,NA,0.375,169.33,0.75,57.26,1,NA,NA,0.375
2012,2,23,-9.61,0.875,740.25,1,NA,0.625,179.86,0.875,53.13,1,NA,NA,0.625
2012,2,24,-14.72,0.75,747.43,1,2.74,1,239.25,1,72.69,1,1.36,270.04,1
2012,2,25,-15.85,0.75,758.25,1,3.42,1,249.62,1,58.56,1,2.85,325.15,1
2012,2,26,NA,0.625,751.93,1,2.63,0.875,114.12,1,52.81,1,1.22,335.98,0.875
2012,2,27,-16.74,0.875,745.29,1,4.42,0.75,237,1,72.34,1,3,255.72,0.75
2012,2,28,NA,0.25,740.9,1,1.63,0.75,136.75,1,59.31,1,0.74,317.49,0.75
2012,2,29,NA,0.125,741.03,1,1.29,1,136.88,1,76.51,1,0.39,297.01,1
2012,3,1,-24.04,1,745.94,1,1.9,1,157,1,78.34,1,0.69,320.41,1
2012,3,2,-25.89,0.875,749.59,0.875,2.52,0.75,209.86,0.875,72.66,0.875,1.6,266.74,0.75
2012,3,3,-25,1,745.71,1,2.16,1,179.38,1,50.94,1,1.36,17.07,1
2012,3,4,-23.83,0.75,748.34,1,1.91,1,207.62,1,55.21,1,1.43,358.1,1
2012,3,5,-10.84,1,747.34,1,2.6,1,212.12,1,49.07,1,2.28,350.91,1
2012,3,6,-9.34,1,748.73,1,2.26,1,171.88,1,57.69,1,1.51,305.86,1
2012,3,7,-14.99,1,743.6,1,2.21,1,114.12,1,70.42,1,1.28,332.12,1
2012,3,8,-14.62,1,739.13,1,2.83,1,297,1,56.06,1,2.33,285.73,1
2012,3,9,-15.18,1,740.26,1,NA,0.125,59.5,0.75,68.51,1,NA,NA,0.125
2012,3,10,-13.04,1,737.99,1,NA,0.125,NA,0.375,70.7,1,NA,NA,0.125
2012,3,11,-10.95,0.75,741.29,1,NA,0.625,218.75,1,57.14,1,NA,NA,0.625
2012,3,12,-13.8,0.875,746.16,1,10.04,0.875,188.14,0.875,58.25,1,4.86,30.89,0.875
2012,3,13,-16.31,1,746.53,1,2.13,0.75,232,1,53.23,1,1.07,337.9,0.75
2012,3,14,-19.38,1,744.9,1,2.54,1,292.62,1,56.26,1,2.15,291.56,1
2012,3,15,-23.01,1,743.7,1,3.01,1,198.12,1,75.57,1,2.23,250.78,1
2012,3,16,-22.24,1,743.98,1,1.97,1,163.25,1,61.01,1,1.53,350.82,1
2012,3,17,-20.81,1,747.28,1,2.65,1,52.75,1,72.95,1,2.51,31.58,1
2012,3,18,-13.67,1,747.68,1,2.09,1,232.88,1,48.31,1,1.49,311.82,1
2012,3,19,-16.38,1,741.89,1,2.19,1,97,1,70.2,1,0.85,17.88,1
2012,3,20,-20.6,1,740.11,1,1.55,1,220.75,1,79.99,1,0.99,297.86,1
2012,3,21,-22.81,1,740.09,1,2.12,1,242.62,1,68.69,1,1.4,337.46,1
2012,3,22,-22.17,0.875,740.79,1,2.15,1,287.75,1,67.91,1,1.51,290.2,1
2012,3,23,-21.05,1,751.18,1,2.66,1,86.62,1,67.33,1,1.89,359.73,1
2012,3,24,-20.4,1,751.76,1,1.88,1,115.62,1,56.32,1,1.03,13.95,1
2012,3,25,-19.88,1,748.35,1,2.21,1,192.75,1,69.44,1,1.72,313.85,1
2012,3,26,-21.86,1,739.07,1,4,0.75,124.75,1,73.84,1,2.2,29.71,0.75
2012,3,27,-11.05,1,735.4,1,2.35,1,153.25,1,37.78,1,1.42,2.5,1
2012,3,28,-11.4,1,742.59,1,3.17,1,245.5,1,67.39,1,2.46,337.25,1
2012,3,29,-13.96,1,746.9,1,3.61,0.875,148.88,1,72.65,1,1.15,59.86,0.875
2012,3,30,-16.26,1,750.45,1,1.69,1,173.25,1,73.85,1,1.23,9.36,1
2012,3,31,-18.11,1,751.98,1,2.59,1,253.75,1,64.4,1,2.08,304.65,1
2012,4,1,-19.15,1,751.19,1,2.06,1,90.38,1,71.02,1,1.78,12.98,1
2012,4,2,-21.58,1,748.13,1,1.96,1,186.12,1,79.24,1,1.37,316.55,1
2012,4,3,-22.03,1,750.58,1,2,1,201.88,1,71.5,1,1.33,325.73,1
2012,4,4,-19.91,1,751.41,1,2.08,1,318.25,1,54.31,1,1.92,323.72,1
2012,4,5,-19.54,1,750.22,1,2.49,1,165.38,1,38.44,1,2.28,346.35,1
2012,4,6,-19.31,1,747.7,1,1.81,1,216.62,1,52.93,1,1.69,350.74,1
2012,4,7,-19.22,1,751.36,1,2.89,1,177.62,1,66.32,1,2.76,0.5,1
2012,4,8,-21.41,1,753.39,1,2.33,1,89.5,1,75.74,1,1.82,356.31,1
2012,4,9,-23.8,1,750.98,1,3.09,1,157.88,1,77.64,1,0.21,127.91,1
2012,4,10,-22.63,1,747,1,NA,0.625,139.71,0.875,70.74,1,NA,NA,0.625
2012,4,11,-19.85,1,740.81,1,3.31,1,275.38,1,52.25,1,2.66,322.32,1
2012,4,12,-19.46,1,736.78,1,2.8,1,324.75,1,50.81,1,2.73,323.09,1
2012,4,13,-22.44,1,736.45,1,2.17,1,308.38,1,60.81,1,1.75,305.22,1
2012,4,14,-23.61,1,734.2,1,2.5,1,244.88,1,53.98,1,2.32,329.42,1
2012,4,15,-22.11,1,733.61,1,2.46,0.875,201.25,1,59.08,1,2.1,341.53,0.875
2012,4,16,NA,0.5,NA,0.5,NA,0.125,NA,0.25,NA,0.5,NA,NA,0.125
2012,4,17,-19.16,0.875,734.09,0.875,NA,0.5,NA,0.5,62.47,0.875,NA,NA,0.5
2012,4,18,-18.86,1,738.86,1,7.83,0.75,269.62,1,54.49,1,6.98,336.11,0.75
2012,4,19,-20.43,1,734.49,1,NA,0,219.17,0.75,59.65,1,NA,NA,0
2012,4,20,-21.01,0.875,724.34,0.875,NA,0.25,NA,0.5,55.14,0.875,NA,NA,0.25
2012,4,21,-21.1,0.875,718.95,1,NA,0.375,118.67,0.75,63.4,1,NA,NA,0.375
2012,4,22,NA,0.625,730.66,1,NA,0.25,118.17,0.75,56.61,1,NA,NA,0.25
2012,4,23,-16.28,1,720.18,1,NA,0.5,27.17,0.75,70.11,1,NA,NA,0.5
2012,4,24,-22.08,1,728.43,1,NA,0,214.62,1,47.03,1,NA,NA,0
2012,4,25,-24.58,0.75,723.69,1,NA,0.625,234.75,1,69.43,1,NA,NA,0.625
2012,4,26,NA,0.625,729.03,1,NA,0.25,177.43,0.875,50.95,1,NA,NA,0.25
2012,4,27,-25.04,1,746.79,1,NA,0.625,169.12,1,42.73,1,NA,NA,0.625
2012,4,28,-24.21,1,739.36,1,NA,0.5,122.25,1,50.43,1,NA,NA,0.5
2012,4,29,-22.24,1,737.41,1,2.1,1,182.25,1,47.93,1,1.09,326.66,1
2012,4,30,-19.25,1,754.01,1,NA,0.625,237.25,1,59.05,1,NA,NA,0.625
2012,5,1,-10.87,0.75,746.85,1,NA,0.375,281.17,0.75,65.61,1,NA,NA,0.375
2012,5,2,-18.67,0.875,739.86,1,2.95,1,141.5,1,70.39,1,1.29,329.87,1
2012,5,3,-19.51,0.875,735.65,1,2.3,1,249.88,1,54.99,1,0.95,302.15,1
2012,5,4,-17.71,0.875,724.74,1,NA,0.25,NA,0.5,56.28,1,NA,NA,0.25
2012,5,5,-18.21,1,725.15,1,NA,0.375,NA,0.625,61.64,1,NA,NA,0.375
2012,5,6,-19.46,1,721.66,1,NA,0.125,NA,0.25,74.39,1,NA,NA,0.125
2012,5,7,-21.85,1,727.11,1,NA,0.375,NA,0.625,75.77,1,NA,NA,0.375
2012,5,8,-23.01,0.875,731.48,1,NA,0.5,NA,0.5,77.89,1,NA,NA,0.5
2012,5,9,-20.63,1,740.28,1,NA,0.625,138.25,1,37.65,1,NA,NA,0.625
2012,5,10,-18.31,1,739.31,1,NA,0.25,NA,0.625,77.44,1,NA,NA,0.25
2012,5,11,-21.4,1,734.88,1,NA,0,NA,0,79.83,1,NA,NA,0
2012,5,12,-18.06,1,737.26,1,NA,0.625,144.86,0.875,56.93,1,NA,NA,0.625
2012,5,13,-21.03,1,748.03,1,2.56,0.875,99.25,1,57.86,1,2.37,11.52,0.875
2012,5,14,-24.83,1,745.88,1,2.15,1,233.75,1,67.09,1,1.81,263.31,1
2012,5,15,-27.2,1,742.16,1,2.25,1,263.5,1,77.48,1,1.96,298.6,1
2012,5,16,-25.43,1,746.69,1,3.2,1,256.38,1,76.11,1,2.74,298.65,1
2012,5,17,-25.71,0.875,753.51,1,NA,0.25,NA,0.25,73.36,1,NA,NA,0.25
2012,5,18,-15.44,1,742.88,1,2.25,1,231,1,40.26,1,1.91,331.93,1
2012,5,19,-20.56,1,740.7,1,3.62,1,213.38,1,80.7,1,0.77,260.47,1
2012,5,20,-22.37,0.875,746.93,1,4.84,0.875,204.75,1,79.48,1,2.39,266.15,0.875
2012,5,21,-29.47,0.875,757.11,1,NA,0.625,245.83,0.75,74.45,1,NA,NA,0.625
2012,5,22,-14.76,0.875,755.95,1,9.39,1,276.75,1,65.46,1,8.56,277.8,1
2012,5,23,-13.51,1,744.66,1,NA,0.5,218,1,52.53,1,NA,NA,0.5
2012,5,24,NA,0.625,737.26,1,NA,0.625,242.75,1,60.05,1,NA,NA,0.625
2012,5,25,-22.02,0.75,750.11,1,3.02,0.75,161.12,1,44.45,1,1.53,322.28,0.75
2012,5,26,-14.65,1,746.25,1,NA,0.625,307.88,1,29.05,1,NA,NA,0.625
2012,5,27,-21.51,0.875,736.89,1,4.3,0.75,66.14,0.875,67.51,1,2.25,18.47,0.75
2012,5,28,-21.9,0.875,747.88,1,2.64,0.875,87.5,1,54.9,1,2.19,25.29,0.875
2012,5,29,NA,0.625,736.69,1,NA,0.25,285.25,1,58.86,1,NA,NA,0.25
2012,5,30,-17.66,0.875,732.37,1,NA,0.375,334.62,1,53.05,1,NA,NA,0.375
2012,5,31,-18.47,0.875,737.76,1,NA,0.5,256.5,1,59.46,1,NA,NA,0.5
2012,6,1,-22.2,0.75,726.91,1,NA,0.375,260.25,1,77.98,1,NA,NA,0.375
2012,6,2,-32.62,0.75,734.48,1,NA,0.625,184.71,0.875,64.54,1,NA,NA,0.625
2012,6,3,-24.3,1,733.21,1,2.11,1,93.62,1,69.73,1,1.52,358.37,1
2012,6,4,NA,0.625,735.18,1,NA,0.625,286,0.875,62.29,1,NA,NA,0.625
2012,6,5,-27.15,0.75,730.93,1,NA,0.375,215.75,1,70.38,1,NA,NA,0.375
2012,6,6,-24.09,0.875,733.75,1,NA,0.375,172,1,54.6,1,NA,NA,0.375
2012,6,7,-26.56,0.875,741.22,1,NA,0.5,274.12,1,49.14,1,NA,NA,0.5
2012,6,8,-27.13,0.875,760.43,1,9.45,0.75,261.5,1,45.48,1,9.18,262.3,0.75
2012,6,9,-22.33,1,757.06,1,2.06,0.875,183,1,37.1,1,1.61,333.27,0.875
2012,6,10,-17.65,0.75,760.64,1,NA,0.625,121.12,1,43.09,1,NA,NA,0.625
2012,6,11,NA,0.625,768.12,1,NA,0.5,214.75,1,68.49,1,NA,NA,0.5
2012,6,12,-16.7,0.875,767.68,1,3.12,0.75,242.25,1,40.71,1,2.29,346.97,0.75
2012,6,13,-16.61,1,748.55,1,2.7,1,171.5,1,71.09,1,1.75,0.32,1
2012,6,14,NA,0.625,725.1,1,NA,0.5,202.5,1,77.44,1,NA,NA,0.5
2012,6,15,-25.5,0.75,732.61,1,2.19,0.875,159.38,1,59.2,1,1.39,341.48,0.875
2012,6,16,-14.33,0.875,746.7,1,2.74,0.875,245.5,1,54.25,1,1.68,337.81,0.875
2012,6,17,-15.19,1,750.76,1,6,1,71.38,1,66.24,1,5.85,30.97,1
2012,6,18,-18.24,1,739.75,1,NA,0.625,158.86,0.875,77.84,1,NA,NA,0.625
2012,6,19,-21.33,0.875,733.59,1,NA,0.375,NA,0.625,60.78,1,NA,NA,0.375
2012,6,20,-26.51,0.875,731.13,1,7.35,0.75,109.75,1,61.34,1,4.93,281.46,0.75
2012,6,21,-27.48,1,729.64,1,2.12,1,153.25,1,68.05,1,1.64,351.08,1
2012,6,22,-28.78,1,731.43,1,1.6,1,244.62,1,76.45,1,1.04,290.58,1
2012,6,23,-29.34,1,737.98,1,3.51,0.875,237.75,1,67.2,1,2.69,260.62,0.875
2012,6,24,-25.3,1,736.23,1,2.95,1,217.25,1,38.13,1,2.32,347.19,1
2012,6,25,-28.58,0.75,736.31,1,2,0.75,125,0.875,66.11,1,0.76,45.62,0.75
2012,6,26,-28.76,0.875,734.21,1,NA,0.5,46.62,1,68.81,1,NA,NA,0.5
2012,6,27,-29.28,1,742.59,1,5.8,0.875,230.62,1,66.71,1,2.13,18.68,0.875
2012,6,28,-24.66,0.875,753.28,1,1.98,0.75,168.62,1,20.99,1,1.34,307.99,0.75
2012,6,29,-20.64,1,757.13,1,4.33,0.75,257.12,1,18.45,1,3.19,291.53,0.75
2012,6,30,-23.8,1,748.1,1,2.72,0.75,195.75,1,63.11,1,1.84,288.02,0.75
2012,7,1,-27.47,1,742.96,1,1.87,0.75,165.5,1,52.35,1,0.52,310.03,0.75
2012,7,2,-29.73,1,747.45,1,4.61,1,102.38,1,62.58,1,4.32,19.46,1
2012,7,3,-23.7,1,750.25,1,2.55,1,86,1,57.25,1,2.49,10.91,1
2012,7,4,-16.97,1,746.35,1,2.94,0.875,244.88,1,63.01,1,1.99,284.91,0.875
2012,7,5,-14.16,0.875,744.03,1,4.17,0.75,203,0.875,58.39,1,3.63,247.22,0.75
2012,7,6,-21.86,1,742.24,1,NA,0.625,142.88,1,60.3,1,NA,NA,0.625
2012,7,7,-25.63,0.875,742.81,1,1.4,0.75,207.75,1,72.5,1,0.47,285.81,0.75
2012,7,8,NA,0.625,733.46,1,NA,0.25,124.57,0.875,71.11,1,NA,NA,0.25
2012,7,9,-25.58,1,733.43,1,2.66,1,266.25,1,62.3,1,2.14,304.33,1
2012,7,10,-25.68,1,738.76,1,2.49,1,240.62,1,68.9,1,1.33,319.29,1
2012,7,11,-25.26,1,733.88,1,3.72,0.75,238.38,1,71.24,1,3.32,258.88,0.75
2012,7,12,-29.44,0.875,727.96,1,2.26,0.875,77,1,65.34,1,1.98,21.47,0.875
2012,7,13,-22.96,0.875,726.71,0.875,NA,0,202.57,0.875,44.41,0.875,NA,NA,0
2012,7,14,NA,0.375,NA,0.375,NA,0.25,NA,0.25,NA,0.375,NA,NA,0.25
2012,7,15,-23.1,0.875,719.57,0.875,NA,0.5,181.86,0.875,49.36,0.875,NA,NA,0.5
2012,7,16,-25.21,1,726.95,1,2.62,1,255.5,1,63.22,1,1.59,290.59,1
2012,7,17,-27.83,1,727.53,1,3.5,1,43.75,1,50.5,1,2.95,6.44,1
2012,7,18,-25.74,1,722.61,1,2.49,1,177.38,1,73.86,1,1.76,352.87,1
2012,7,19,-34.51,0.875,725.36,1,3.06,1,270.62,1,72.68,1,2.84,266.61,1
2012,7,20,-33.03,0.75,726.64,1,3.34,1,118,1,60.14,1,1.45,336.27,1
2012,7,21,-25.97,0.875,716.75,1,NA,0.5,258.62,1,32.44,1,NA,NA,0.5
2012,7,22,-29.66,1,716.64,1,2.29,1,259.38,1,58.66,1,1.97,296.79,1
2012,7,23,-33.77,0.75,723.29,1,NA,0.625,148.5,1,64.91,1,NA,NA,0.625
2012,7,24,-29.76,1,726.84,1,2.14,1,219.5,1,54.64,1,1.65,311.99,1
2012,7,25,-27,1,726.29,1,3.1,0.75,271.38,1,52.86,1,2.9,260.42,0.75
2012,7,26,-26.91,1,724.32,1,NA,0.25,88.25,1,61.03,1,NA,NA,0.25
2012,7,27,-30.48,1,727.93,1,2.1,1,158.75,1,74.9,1,1.36,348.14,1
2012,7,28,-32.88,1,728.96,1,6.87,0.75,251.25,1,65.45,1,6.79,251.8,0.75
2012,7,29,-28.53,1,726.01,1,3.37,0.75,232.5,1,29.15,1,1.73,303.21,0.75
2012,7,30,-30.93,0.875,722.61,1,2.25,1,236.38,1,67.81,1,1.38,304.69,1
2012,7,31,NA,0.625,731.55,0.75,NA,0.5,173.83,0.75,51.25,0.75,NA,NA,0.5
2012,8,1,NA,0.25,NA,0.25,NA,0.125,NA,0.25,NA,0.25,NA,NA,0.125
2012,8,2,NA,0.125,NA,0.25,NA,0,NA,0.125,NA,0.25,NA,NA,0
2012,8,3,NA,0.625,722.87,0.75,NA,0.25,71.33,0.75,46.95,0.75,NA,NA,0.25
2012,8,4,-32.07,0.875,735.55,1,NA,0.625,235.5,1,44.86,1,NA,NA,0.625
2012,8,5,-25.57,0.75,734.03,1,3.79,1,292.5,1,32.03,1,3.02,283.56,1
2012,8,6,-27.57,0.75,730.3,1,2.97,0.875,245.62,1,69.74,1,2.02,263.89,0.875
2012,8,7,-36.78,1,731.76,1,NA,0.5,168.25,1,72.09,1,NA,NA,0.5
2012,8,8,-31.76,1,725.33,1,1.71,1,273.62,1,49.3,1,1.25,305.35,1
2012,8,9,-27.78,1,734.98,1,2.11,1,257.75,1,69.79,1,1.42,281.33,1
2012,8,10,-27.76,1,744.14,1,1.2,1,176.5,1,76.44,1,0.48,334.52,1
2012,8,11,-30.05,1,744.2,1,2.34,1,219,1,73.83,1,2.12,355.7,1
2012,8,12,NA,0.625,736.79,1,NA,0.5,291,1,60.12,1,NA,NA,0.5
2012,8,13,-16.28,0.75,728.28,1,NA,0.375,NA,0.625,68.02,1,NA,NA,0.375
2012,8,14,-20.54,0.875,727.13,1,NA,0.375,289.62,1,37.2,1,NA,NA,0.375
2012,8,15,-27.56,1,723.94,1,2.8,1,267.88,1,49.11,1,2.35,260.67,1
2012,8,16,-27.05,1,730.82,1,NA,0.625,64,1,48.34,1,NA,NA,0.625
2012,8,17,-31.88,1,731.69,1,2.19,1,157.5,1,71.19,1,1.19,270.97,1
2012,8,18,-32.75,0.75,728.36,1,1.86,1,244.5,1,73.93,1,1.57,261.06,1
2012,8,19,-31.46,1,727.26,1,2.06,1,177,1,74.78,1,0.97,244.77,1
2012,8,20,-24.8,1,732.89,1,2.55,0.75,204.25,1,57.8,1,2.03,5.18,0.75
2012,8,21,NA,0.5,739.79,1,NA,0.375,222,0.875,69.7,1,NA,NA,0.375
2012,8,22,-17.1,1,737.5,1,2.33,1,173.38,1,72.89,1,1.73,335.77,1
2012,8,23,-20.8,1,741.41,1,2.45,1,221.75,1,72.04,1,1.76,310.92,1
2012,8,24,-23.26,1,748.24,1,1.99,1,192.38,1,68.8,1,1.66,336.21,1
2012,8,25,-22.58,1,748.68,1,1.88,1,243.5,1,52.22,1,1.63,326.54,1
2012,8,26,-23.73,1,743.94,1,2.11,1,140.25,1,39.56,1,1.53,337.99,1
2012,8,27,-20.09,1,739.86,1,6.12,0.75,157.88,1,64.9,1,1.68,338.23,0.75
2012,8,28,-16.63,1,746.64,1,2.61,1,228.5,1,65.46,1,2.02,303.34,1
2012,8,29,-17.26,1,751.79,1,2.26,1,259,1,56.39,1,1.91,327.91,1
2012,8,30,-16.06,1,748.97,1,2.2,1,134.38,1,53.19,1,0.85,21.8,1
2012,8,31,-18.01,1,747.04,1,2.6,1,277.5,1,67.58,1,2.05,322.79,1
2012,9,1,-20.99,1,740.59,1,2.45,1,278.12,1,58.7,1,2.03,327.59,1
2012,9,2,NA,0.5,734.16,1,NA,0.5,155,1,69.63,1,NA,NA,0.5
2012,9,3,-23.41,1,735.69,1,2.51,1,282.75,1,69.73,1,2.14,325.69,1
2012,9,4,-23.06,1,739.96,1,3.36,1,312.88,1,49.29,1,3.29,313.85,1
2012,9,5,-23.95,1,739.55,1,2.04,1,310.38,1,55.47,1,1.61,296.31,1
2012,9,6,-22.8,0.875,742.55,1,NA,0.5,255,1,57.34,1,NA,NA,0.5
2012,9,7,-15.25,0.75,741.85,1,NA,0.125,229.88,1,56.36,1,NA,NA,0.125
2012,9,8,-14.15,1,736.13,1,NA,0.5,250.86,0.875,50.44,1,NA,NA,0.5
2012,9,9,-23.75,1,742.96,1,4.3,0.75,197.5,1,63.14,1,2.24,306.68,0.75
2012,9,10,-25.28,0.75,752.13,1,1.57,1,248.75,1,55.18,1,1.45,340.35,1
2012,9,11,-18.7,1,747.59,1,1.71,1,234.38,1,31.44,1,1.45,352.78,1
2012,9,12,-17.93,0.875,734.95,1,2.5,0.875,207.86,0.875,63.39,1,1.42,332.3,0.875
2012,9,13,-22.93,0.875,726.9,1,2.05,1,144,1,72.28,1,1.02,351.53,1
2012,9,14,-26.5,1,734.34,1,NA,0.5,219.75,1,59.23,1,NA,NA,0.5
2012,9,15,-27.31,1,730.31,1,2.36,1,157.12,1,61.4,1,1.44,321.51,1
2012,9,16,-32.14,0.875,732.15,1,1.53,1,230.25,1,75.89,1,0.99,298.39,1
2012,9,17,-26.25,1,729.84,1,1.79,1,264.38,1,56.39,1,1.22,312.24,1
2012,9,18,-23.79,1,720.55,1,NA,0.5,264.12,1,58.91,1,NA,NA,0.5
2012,9,19,-25.85,1,718.38,1,1.55,1,171.25,1,66.94,1,0.88,291.8,1
2012,9,20,-28.7,1,724.69,1,2.61,1,251,1,64.68,1,1.74,290.81,1
2012,9,21,-29.95,1,736.69,1,4.41,1,233.88,1,62.55,1,3.83,265.29,1
2012,9,22,-29,0.75,742.62,1,NA,0.5,176.43,0.875,69.95,1,NA,NA,0.5
2012,9,23,-30.53,1,737.11,1,2.16,1,244.88,1,62.23,1,1.66,310.23,1
2012,9,24,-27.89,1,731.95,1,2.75,1,203.5,1,44.84,1,1.99,346.25,1
2012,9,25,-27.37,1,738.85,1,1.32,1,208.38,1,50.63,1,1.18,352.68,1
2012,9,26,-26.36,1,739.48,1,1.68,1,45.75,1,59.44,1,1.4,6.47,1
2012,9,27,-25.96,1,733.68,1,1.61,1,268.62,1,67.91,1,1.32,318.11,1
2012,9,28,-27.63,0.875,729.23,1,0.9,1,217.88,1,71.41,1,0.54,321.12,1
2012,9,29,NA,0.625,721.91,1,2.19,1,162.62,1,61.36,1,1.17,311.76,1
2012,9,30,-20.83,0.875,728.13,1,2.65,1,219.75,1,29.26,1,2.54,355.92,1
2012,10,1,-15.72,1,738.52,1,3.3,0.75,206.88,1,53.15,1,1.96,288.57,0.75
2012,10,2,-18.3,1,746.13,1,3.24,0.875,212.12,1,56.36,1,2.76,355.69,0.875
2012,10,3,-16.3,1,741.46,1,1.99,1,266.75,1,55.76,1,1.68,351.03,1
2012,10,4,-12.24,1,731.06,1,NA,0.5,193.33,0.75,59.34,1,NA,NA,0.5
2012,10,5,-17.5,0.875,732,1,5.4,0.75,154,1,60.85,1,4.21,7.23,0.75
2012,10,6,-23.38,1,741.84,1,NA,0.625,239.25,1,65.58,1,NA,NA,0.625
2012,10,7,-18.4,0.75,747.89,1,NA,0.5,242.25,1,59.6,1,NA,NA,0.5
2012,10,8,-10.56,1,741.68,1,NA,0.25,338.62,1,50.95,1,NA,NA,0.25
2012,10,9,-14.12,0.75,728.8,1,NA,0.25,291,0.875,50.11,1,NA,NA,0.25
2012,10,10,-26.78,0.75,735.69,1,5.77,0.75,167.88,1,66.55,1,4.71,242.19,0.75
2012,10,11,-23.09,1,735.09,1,1.61,1,150.12,1,54.56,1,1.06,24.21,1
2012,10,12,-22.36,1,730.04,1,1.3,1,284.25,1,51.86,1,1.11,284.8,1
2012,10,13,-23.91,1,733.22,1,1.51,1,204.5,1,52.43,1,0.81,320.59,1
2012,10,14,-20.34,1,730.73,1,3.15,1,227.75,1,39.98,1,2.28,292.29,1
2012,10,15,-23.79,1,732.5,1,NA,0.625,241.62,1,73.81,1,NA,NA,0.625
2012,10,16,-26.64,1,739.06,1,1.81,1,94.62,1,73.19,1,1.5,28.42,1
2012,10,17,-25.5,0.75,741.71,1,1.11,1,64.62,1,58.17,1,0.8,42.24,1
2012,10,18,-17.63,0.75,747,1,NA,0.5,153.57,0.875,45.01,1,NA,NA,0.5
2012,10,19,-8.23,1,738.41,1,NA,0.25,214.62,1,48.45,1,NA,NA,0.25
2012,10,20,-11.63,1,739.89,1,NA,0.5,213.12,1,51.93,1,NA,NA,0.5
2012,10,21,-14.24,1,744.01,1,NA,0.375,62.62,1,67.19,1,NA,NA,0.375
2012,10,22,-20.22,1,749.96,1,3.27,0.875,207,1,69.64,1,3.04,258.27,0.875
2012,10,23,-21.76,1,749.63,1,4.98,0.75,196.29,0.875,79.54,1,3.84,224.42,0.75
2012,10,24,-19.81,0.875,743.37,1,1.07,0.875,199.38,1,65.89,1,0.53,308.36,0.875
2012,10,25,-19.91,1,741.88,1,1.86,1,211,1,65.09,1,1.09,254.05,1
2012,10,26,-21.51,1,742.49,1,1.21,1,129,1,75.26,1,0.76,16.62,1
2012,10,27,-19.63,1,746.04,1,NA,0.5,151.62,1,53.35,1,NA,NA,0.5
2012,10,28,-19.63,1,742.68,1,1.68,1,94.5,1,54.5,1,1.45,37.45,1
2012,10,29,-19.7,1,743.54,1,1.77,1,163.75,1,66.02,1,1.25,21.74,1
2012,10,30,-17.66,1,744.5,1,2.1,1,181.12,1,57.79,1,1.4,308.15,1
2012,10,31,-23.21,1,747.34,1,3.08,1,196.38,1,69.44,1,1.72,255.69,1
2012,11,1,-14.81,0.875,754.15,1,1.11,1,229.12,1,30.91,1,0.67,343.67,1
2012,11,2,-14.94,1,753.61,1,1.84,1,219.12,1,28.06,1,1.03,296.53,1
2012,11,3,-16.37,1,754.31,1,2.06,1,133.62,1,55.76,1,1.19,17.43,1
2012,11,4,-17.11,1,749.64,1,1.93,1,182.88,1,73.1,1,1.03,308.68,1
2012,11,5,-20.36,1,743.03,1,2.24,1,147.62,1,61.45,1,1.23,284.62,1
2012,11,6,NA,0.5,742.28,1,NA,0.5,195.62,1,70.99,1,NA,NA,0.5
2012,11,7,-21.83,1,743.74,1,2.47,0.875,196.25,1,59.5,1,0.96,282.63,0.875
2012,11,8,-21.51,1,749.26,1,1.14,1,197.5,1,49.58,1,0.58,259.95,1
2012,11,9,-20.5,1,748.83,1,1.68,1,250,1,47.8,1,1.11,296,1
2012,11,10,-19.2,1,750.55,1,2.52,1,167,1,48.32,1,1.4,20.92,1
2012,11,11,-15.96,1,754.19,1,1.96,1,209.38,1,56.05,1,0.78,356.96,1
2012,11,12,-15.74,1,752.65,1,2.1,1,129.38,1,36.81,1,0.94,7.28,1
2012,11,13,-14.96,1,747.19,1,0.89,1,84.75,1,37.84,1,0.65,59.02,1
2012,11,14,-15.64,1,740.64,1,1.59,1,75.62,1,40.11,1,1.09,28.2,1
2012,11,15,-16.81,1,748.96,1,NA,0.625,162.62,1,57.81,1,NA,NA,0.625
2012,11,16,-18.46,1,750.94,1,4.31,1,49.75,1,63.89,1,4.07,48.5,1
2012,11,17,-20.81,1,748.75,1,3.22,1,99.5,1,76.65,1,1.77,36.98,1
2012,11,18,-16.99,1,750.45,1,1.21,1,187.62,1,48.14,1,0.36,316.3,1
2012,11,19,-11.36,0.875,744.94,0.875,NA,0.625,167.57,0.875,48.67,0.875,NA,NA,0.625
2012,11,20,-19,0.75,746.11,1,NA,0.375,153.12,1,59.1,1,NA,NA,0.375
2012,11,21,-21.35,1,748.59,1,2.33,1,156.75,1,56.57,1,0.78,249.36,1
2012,11,22,-19.15,1,745.65,1,2.54,1,36,1,51.71,1,2.27,29.14,1
2012,11,23,-19.13,1,747.23,1,NA,0.5,137,1,66.98,1,NA,NA,0.5
2012,11,24,-20.94,1,742.61,1,1.79,0.875,170,1,73.27,1,1.07,250.98,0.875
2012,11,25,-16.81,1,737.26,1,2.88,1,228.25,1,69.91,1,2.39,257.07,1
2012,11,26,-18.98,1,745.94,1,NA,0.625,135.62,1,60.39,1,NA,NA,0.625
2012,11,27,-15.84,1,751.63,1,NA,0.625,176,1,43.58,1,NA,NA,0.625
2012,11,28,-9.94,1,751.19,1,10.4,1,278.5,1,63.04,1,9.41,278.5,1
2012,11,29,-11.41,1,755.28,1,5.15,0.75,144.38,1,62.46,1,2.44,333.26,0.75
2012,11,30,-6.73,1,756.85,1,NA,0.5,220.5,1,56.95,1,NA,NA,0.5
2012,12,1,NA,0.625,759.55,1,NA,0.625,115.5,1,63.6,1,NA,NA,0.625
2012,12,2,NA,0.5,760.35,1,1.75,0.75,61.62,1,65.2,1,1.6,43.34,0.75
2012,12,3,NA,0.5,755.34,1,2,0.875,155,1,59.93,1,0.31,300.92,0.875
2012,12,4,-6.79,0.875,745.85,1,NA,0.5,229.25,1,55.44,1,NA,NA,0.5
2012,12,5,NA,0.125,747.93,1,1.44,1,179.62,1,67.58,1,0.48,259.73,1
2012,12,6,NA,0.625,751.7,1,2.1,1,133.75,1,80.8,1,0.16,136.53,1
2012,12,7,NA,0.625,750.23,1,2.94,0.875,185.75,1,81.93,1,0.98,288.75,0.875
2012,12,8,-12.77,0.875,754,1,NA,0.5,107.38,1,72.15,1,NA,NA,0.5
2012,12,9,-11.65,0.75,753.56,1,2.75,1,125.62,1,62.01,1,1.14,28.52,1
2012,12,10,NA,0,750.45,1,0.99,1,159.38,1,60.89,1,0.28,160.82,1
2012,12,11,NA,0.375,748.84,1,2.28,1,123,1,69.86,1,0.28,206.62,1
2012,12,12,-17,0.75,750.09,1,3.08,1,152.75,1,79.59,1,0.32,132.2,1
2012,12,13,NA,0,752.79,1,1.27,1,113.88,1,74.35,1,0.97,103.44,1
2012,12,14,NA,0.5,754.61,1,2.69,1,83.88,1,67.45,1,2.06,61.85,1
2012,12,15,NA,0.25,754.34,1,1.71,0.875,163.38,1,67.6,1,0.35,184.29,0.875
2012,12,16,NA,0.625,754.85,1,2.71,0.875,213.12,1,74.74,1,2.39,253.63,0.875
2012,12,17,NA,0.25,758.13,1,1.76,1,207.25,1,63.55,1,1.33,252.18,1
2012,12,18,-14.63,0.75,757.71,0.875,3.36,0.875,39.14,0.875,53.14,0.875,3.25,40.28,0.875
2012,12,19,NA,0.625,757.66,1,2.15,1,51.62,1,66.84,1,2.13,48.67,1
2012,12,20,-6.19,0.875,756.19,1,4.08,1,204.88,1,62.78,1,3.32,226.99,1
2012,12,21,-6.6,0.875,751.18,1,NA,0.375,NA,0.625,62.91,1,NA,NA,0.375
2012,12,22,NA,0.5,760.47,1,2.17,1,189.25,1,75.44,1,0.81,11.21,1
2012,12,23,NA,0.5,762.78,1,1.86,1,186.75,1,62.74,1,0.78,281.74,1
2012,12,24,NA,0.5,758.89,1,1.45,0.75,169.75,1,43.3,1,1.17,260.45,0.75
2012,12,25,-8.85,1,755.66,1,NA,0.625,120.25,1,50.16,1,NA,NA,0.625
2012,12,26,NA,0.625,753.7,1,NA,0.375,95.5,1,67.74,1,NA,NA,0.375
2012,12,27,NA,0.5,755.51,1,NA,0.625,119.12,1,69.69,1,NA,NA,0.625
2012,12,28,NA,0.5,757.4,1,2.39,1,91,1,64.99,1,1.35,26.89,1
2012,12,29,-7.4,1,753.94,1,NA,0.5,73.12,1,62.6,1,NA,NA,0.5
2012,12,30,-9.39,0.875,752.21,1,NA,0.625,178.29,0.875,77.37,1,NA,NA,0.625
2012,12,31,NA,0.5,753.08,1,2.57,0.75,158.25,1,68.06,1,1.46,269.95,0.75
2013,1,1,NA,0.5,757.31,1,1.67,0.875,188,1,71.73,1,0.39,235.4,0.875
2013,1,2,NA,0.625,758.93,1,NA,0.625,140.25,1,72.56,1,NA,NA,0.625
2013,1,3,NA,0.625,763.31,1,3.39,0.875,140,1,74.55,1,1.37,248.97,0.875
2013,1,4,-12.75,0.75,760.94,1,3.05,0.75,194.62,1,79.23,1,2.5,238.1,0.75
2013,1,5,NA,0.375,752.5,1,2.25,0.75,102.62,1,61.49,1,1.54,58.18,0.75
2013,1,6,NA,0.375,752.16,1,1.56,1,68.38,1,70.94,1,1.42,59.26,1
2013,1,7,NA,0.625,757.71,1,1.88,1,108.12,1,65.95,1,1.53,34.1,1
2013,1,8,-10.33,0.75,763.3,1,3.9,0.875,173.62,1,74.11,1,2.73,237.86,0.875
2013,1,9,NA,0.625,763.69,1,2.29,0.875,154.38,1,71.26,1,0.38,324.39,0.875
2013,1,10,NA,0.625,760.51,1,NA,0.5,160.38,1,65.15,1,NA,NA,0.5
2013,1,11,-7.27,0.75,756.4,1,2.98,0.75,117.12,1,66.51,1,2.58,26.88,0.75
2013,1,12,-4.97,0.75,756,1,NA,0.375,219,1,48.18,1,NA,NA,0.375
2013,1,13,-4.33,0.75,762.35,1,NA,0.625,188.38,1,67.89,1,NA,NA,0.625
2013,1,14,NA,0.375,765.11,1,1.75,1,84,1,52.32,1,0.92,12.89,1
2013,1,15,NA,0.25,759.96,1,1.47,1,129.75,1,36.64,1,0.34,330.01,1
2013,1,16,NA,0.25,753.78,1,1.56,1,88.62,1,42.54,1,1.32,39.55,1
2013,1,17,NA,0.375,756.33,1,2.67,0.875,132.88,1,57.97,1,0.61,347.33,0.875
2013,1,18,NA,0.5,761.95,1,2.96,1,175.12,1,81.77,1,1.73,219.23,1
2013,1,19,NA,0.625,762.78,1,4.57,0.875,114.12,1,68.21,1,3.25,29.8,0.875
2013,1,20,NA,0.625,758.36,1,3.17,1,170.88,1,31.51,1,2.16,251.75,1
2013,1,21,NA,0.625,756.88,1,2.02,1,105.75,1,59.78,1,1.56,38.1,1
2013,1,22,-7.97,0.75,749.69,1,2.41,1,146.12,1,69.6,1,0.94,309.84,1
2013,1,23,NA,0.625,743.01,1,NA,0.5,238.88,1,65.45,1,NA,NA,0.5
2013,1,24,NA,0.25,752.57,1,1.69,0.875,192.38,1,68.51,1,0.71,287.53,0.875
2013,1,25,-13.86,0.875,759.58,1,3,0.75,189.88,1,80.9,1,1.31,270.67,0.75
2013,1,26,NA,0.375,757.72,1,2.94,0.875,121,1,83.56,1,2.74,61.26,0.875
2013,1,27,-16.42,0.75,747.97,1,3.29,1,50.5,1,74.81,1,3.25,49.86,1
2013,1,28,NA,0.5,743.93,1,1.76,1,191,1,40.03,1,0.78,325,1
2013,1,29,NA,0,745.81,1,1.41,1,154.25,1,35.64,1,0.54,321.28,1
2013,1,30,NA,0.375,747.31,1,1.61,1,200.75,1,39.2,1,0.65,315.18,1
2013,1,31,NA,0.375,744.49,1,NA,0.5,149.12,1,77.9,1,NA,NA,0.5
2013,2,1,NA,0.5,745.78,1,1.81,1,242.25,1,57.1,1,1.08,266.32,1
2013,2,2,NA,0.5,748.78,1,2.97,0.875,216.62,1,61.94,1,2.16,240.08,0.875
2013,2,3,NA,0.25,747.01,1,2.86,0.875,212.88,1,64.79,1,2.34,247.71,0.875
2013,2,4,NA,0.25,745.1,1,3.2,0.875,218.38,1,74.59,1,1.35,232.65,0.875
2013,2,5,NA,0.25,741.25,1,1.73,1,102.88,1,44.75,1,1.16,44.33,1
2013,2,6,NA,0.375,738.65,1,1.55,1,165.25,1,42.76,1,0.12,335.93,1
2013,2,7,NA,0.25,740.14,1,1.7,1,66.38,1,40.83,1,1.34,33.98,1
2013,2,8,NA,0.5,741.05,1,2.25,1,156.12,1,42.29,1,0.97,330.73,1
2013,2,9,NA,0.5,742.01,1,1.98,1,110.12,1,55.59,1,0.99,3.31,1
2013,2,10,NA,0.125,743.47,1,1.59,1,122.88,1,67.35,1,0.5,24.95,1
2013,2,11,NA,0.625,745.48,1,4.24,0.875,229.12,1,71.46,1,3.42,236.8,0.875
2013,2,12,-18.96,0.875,747.79,1,7.88,0.75,218.88,1,76.88,1,7.79,242.59,0.75
2013,2,13,NA,0.375,747.94,1,2.36,0.875,122.12,1,76.57,1,1.2,306.75,0.875
2013,2,14,-16.67,0.75,750.88,1,NA,0.5,172.75,1,73.3,1,NA,NA,0.5
2013,2,15,-12.78,0.75,746.23,1,NA,0.625,235.62,1,55.74,1,NA,NA,0.625
2013,2,16,-13.38,0.75,739.22,1,4.73,0.75,272.5,1,59.15,1,3.89,315.15,0.75
2013,2,17,NA,0.375,745.39,1,5.22,0.75,201.88,1,62.02,1,4.22,334.56,0.75
2013,2,18,NA,0.25,750,1,1.36,1,223.62,1,59.68,1,0.77,332.79,1
2013,2,19,-13.01,0.875,735.34,1,NA,0.25,NA,0.25,71.66,1,NA,NA,0.25
2013,2,20,-12.82,1,737.86,1,NA,0,NA,0,82.95,1,NA,NA,0
2013,2,21,-11.12,0.75,740.21,1,NA,0.375,NA,0.5,66.09,1,NA,NA,0.375
2013,2,22,NA,0.625,742.25,1,NA,0.625,204.5,1,71.08,1,NA,NA,0.625
2013,2,23,-12.88,0.75,741.88,1,2.47,0.75,242.25,1,56.18,1,1.48,309.38,0.75
2013,2,24,-14.77,0.75,747.48,1,4.02,0.75,241.75,1,68.18,1,3.87,252.01,0.75
2013,2,25,-18.04,0.875,749.18,1,4.61,1,204.62,1,81.95,1,2.3,267.68,1
2013,2,26,NA,0.5,740.6,1,1.78,0.75,208,1,67.89,1,1.4,287.15,0.75
2013,2,27,NA,0.375,731.06,1,1.89,0.875,110.88,1,53.03,1,1.07,342.83,0.875
2013,2,28,NA,0.625,736.59,1,2.43,0.875,282.38,1,49.7,1,1.72,337.2,0.875
2013,3,1,-18.26,1,738.69,1,2.57,0.875,279.12,1,71.8,1,1.81,274.9,0.875
2013,3,2,-18.84,1,738.45,1,1.62,1,275.75,1,67.99,1,1.33,317.37,1
2013,3,3,-18.81,1,743.1,1,1.66,1,205.75,1,73.44,1,1.11,314.18,1
2013,3,4,NA,0.5,746.35,1,2.56,1,247.25,1,64.93,1,1.22,341.8,1
2013,3,5,-11.88,1,733.88,1,NA,0.5,262.88,1,48.36,1,NA,NA,0.5
2013,3,6,-16.24,1,739.01,1,NA,0.625,235.12,1,54.06,1,NA,NA,0.625
2013,3,7,-15.51,1,745.29,1,1.89,0.875,252.38,1,63.69,1,1.36,275.44,0.875
2013,3,8,-14.61,1,736.81,1,NA,0.125,135.43,0.875,69.75,1,NA,NA,0.125
2013,3,9,-13.76,1,733.71,1,NA,0.375,123,0.75,71.09,1,NA,NA,0.375
2013,3,10,-12.83,1,742.57,1,6.88,0.75,156,1,57.31,1,3.15,311.34,0.75
2013,3,11,-14.41,1,745.09,1,NA,0.25,NA,0.375,66.83,1,NA,NA,0.25
2013,3,12,-12.09,1,737.29,1,NA,0.125,NA,0.375,72.79,1,NA,NA,0.125
2013,3,13,-12.58,1,742.4,1,NA,0.375,153.75,1,54.58,1,NA,NA,0.375
2013,3,14,-14.58,1,751.79,1,1.71,0.875,220.62,1,44.74,1,1.18,331.01,0.875
2013,3,15,-13.4,1,748.15,1,3.27,0.875,248.38,1,40.89,1,3.03,244.14,0.875
2013,3,16,-16.35,1,730.07,1,NA,0.125,73.62,1,76.16,1,NA,NA,0.125
2013,3,17,-13.79,0.875,724.16,1,NA,0.25,112.71,0.875,59.97,1,NA,NA,0.25
2013,3,18,-16.28,1,737.56,1,5,0.75,145.12,1,73.37,1,4.27,2.43,0.75
2013,3,19,-19.03,1,738.91,1,1.2,0.875,193.12,1,80.45,1,0.5,286.77,0.875
2013,3,20,-22.14,1,734.23,1,2.4,1,153.62,1,64.49,1,1.51,347.2,1
2013,3,21,-20.17,1,734.54,1,3.02,1,294.12,1,40.75,1,2.63,290.26,1
2013,3,22,-22.81,1,736.71,1,1.54,1,292.12,1,55.89,1,1.21,304.53,1
2013,3,23,-22.89,1,739.14,1,1.56,1,252.25,1,58.05,1,1.35,317.7,1
2013,3,24,-24.39,0.875,737.61,1,1.3,0.875,211.12,1,58,1,0.67,285.19,0.875
2013,3,25,-17.24,0.875,731.96,1,NA,0.25,146,0.875,60.52,1,NA,NA,0.25
2013,3,26,-13.93,1,736.88,1,NA,0.625,155.75,1,71.06,1,NA,NA,0.625
2013,3,27,-15.83,1,742.29,1,NA,0.625,219.12,1,73.86,1,NA,NA,0.625
2013,3,28,-17.28,1,745.39,1,3.49,0.875,27.25,1,49.95,1,3.38,24.39,0.875
2013,3,29,-18.1,0.75,743.78,1,6,0.75,203.25,1,51.34,1,3.38,41.82,0.75
2013,3,30,-18.58,1,749.81,1,NA,0.625,193.38,1,61.03,1,NA,NA,0.625
2013,3,31,-16.05,1,745.79,1,1.85,1,275.75,1,67.26,1,1.64,283.03,1
2013,4,1,-18.63,1,736.31,1,NA,0.625,197.12,1,61.25,1,NA,NA,0.625
2013,4,2,-17.26,1,731.31,1,2.78,1,155.88,1,42.38,1,2.38,356.17,1
2013,4,3,-20.24,1,727.81,1,2.09,1,144.88,1,71.95,1,1.59,10.17,1
2013,4,4,-26.14,1,731.54,1,1.81,1,208,1,75.41,1,1.34,332.74,1
2013,4,5,-30.24,0.875,723.1,1,2.29,1,208.75,1,73.31,1,1.42,350.51,1
2013,4,6,-22.71,0.875,722.2,1,3.49,0.875,156.25,1,50.24,1,3.06,2,0.875
2013,4,7,NA,0.625,728.14,1,NA,0.625,115.57,0.875,58.6,1,NA,NA,0.625
2013,4,8,-25.79,1,732.39,1,4.11,0.875,224.5,1,63.22,1,1.57,283.1,0.875
2013,4,9,-29.88,1,727.1,1,0.86,1,191.25,1,72.09,1,0.39,265.84,1
2013,4,10,-27.69,1,724.48,1,2.31,1,238,1,61.7,1,1.64,323.38,1
2013,4,11,-30.8,1,726.68,1,1.06,1,167.62,1,76.32,1,0.91,352.83,1
2013,4,12,-28.31,1,728.33,1,1.31,1,216,1,69.39,1,1.16,351.1,1
2013,4,13,-29.61,1,735.24,1,2.49,1,164.88,1,65.93,1,1.78,342.23,1
2013,4,14,-30.46,1,738.83,1,3.04,1,184.25,1,63.81,1,1.79,288.42,1
2013,4,15,-27.24,0.875,743.41,1,2.57,0.875,254.38,1,47.05,1,2.27,281.31,0.875
2013,4,16,-24.2,1,740.2,1,2.04,1,278.38,1,30.05,1,1.98,318.19,1
2013,4,17,-24.88,1,739.23,1,2.19,1,252,1,41.16,1,2.04,340.33,1
2013,4,18,-25.9,1,741.28,1,2,1,221.12,1,61.59,1,1.06,331.74,1
2013,4,19,-29.74,1,736.98,1,2.16,0.875,173.25,1,73.27,1,1.91,11.75,0.875
2013,4,20,-34.54,1,734.15,1,3.54,0.875,172.5,1,73.24,1,2.58,267.52,0.875
2013,4,21,-28.07,0.75,741.44,1,4.66,1,249.5,1,36.15,1,3.66,280.64,1
2013,4,22,-27.36,1,735.07,1,2.58,1,169.62,1,39.23,1,2.38,357.67,1
2013,4,23,-25.17,0.875,727.95,1,1.74,1,233.75,1,46.82,1,1.41,319.19,1
2013,4,24,-22.78,1,733.23,1,3.19,1,191.38,1,62.84,1,2.45,318.23,1
2013,4,25,-25.36,1,735.63,1,2.55,0.75,158.25,1,62.54,1,1.15,319.53,0.75
2013,4,26,-22.23,1,733.93,1,2.83,0.875,281,1,55.69,1,2.62,300.78,0.875
2013,4,27,-24.23,1,735.34,1,1.04,1,199.75,1,79.23,1,0.4,322.74,1
2013,4,28,-27.59,1,746.14,1,1.6,1,243,1,77.44,1,1.34,325.06,1
2013,4,29,-15.93,0.75,747.91,1,7.68,1,252.12,1,19.65,1,7.63,252.48,1
2013,4,30,-13.25,1,745.94,1,8.4,1,264.12,1,9.31,1,8.18,265.07,1
2013,5,1,-15.51,1,741.24,1,10.05,1,261.62,1,39.65,1,9.93,261.07,1
2013,5,2,NA,0.625,739.29,1,9.53,0.75,193,1,59.05,1,9.43,245.89,0.75
2013,5,3,-24.46,1,740.9,1,2.88,1,272.25,1,34.48,1,2.78,266.09,1
2013,5,4,-23.79,1,744.54,1,3.66,1,273.75,1,30.61,1,3.56,264.98,1
2013,5,5,-20.2,1,744.96,1,2.8,1,241.75,1,36.34,1,2.45,330.37,1
2013,5,6,-17.85,1,737.64,1,NA,0.625,NA,0.625,48.41,1,NA,NA,0.625
2013,5,7,-18.55,1,737.96,1,NA,0.625,60.83,0.75,52.39,1,NA,NA,0.625
2013,5,8,-20.34,1,743.3,1,3.29,0.875,264.12,1,53.45,1,2.71,304.06,0.875
2013,5,9,-22.69,1,743.69,1,1.89,1,279.38,1,57.64,1,1.52,324.35,1
2013,5,10,-23.16,1,740.78,1,1.43,1,226.75,1,53.79,1,1.03,313.08,1
2013,5,11,-23.84,1,746.9,1,2.25,1,260,1,68.1,1,1.93,276.3,1
2013,5,12,-21.12,1,748,1,9.27,0.75,254.75,1,60.29,1,8.73,329.43,0.75
2013,5,13,-16.08,0.75,746.7,1,NA,0.625,209.5,1,44.82,1,NA,NA,0.625
2013,5,14,-12.24,1,734.79,1,2.95,1,247.5,1,66.16,1,2.27,320.73,1
2013,5,15,-12.34,1,731.83,1,NA,0.25,NA,0.625,57.75,1,NA,NA,0.25
2013,5,16,-15.8,0.75,737.48,1,NA,0.375,124.38,1,69.1,1,NA,NA,0.375
2013,5,17,-11.47,0.75,740.88,1,2.64,1,192,1,44.84,1,1.88,344.64,1
2013,5,18,-13.13,1,740.7,1,1.94,1,259.25,1,61.5,1,1.39,294.79,1
2013,5,19,-16.51,0.875,741.64,1,4.63,0.75,92.75,1,70.23,1,2.98,32.75,0.75
2013,5,20,-20.79,1,738.82,1,NA,0.375,123.88,1,68.91,1,NA,NA,0.375
2013,5,21,-23.25,1,742.4,1,2.15,1,289,1,74.54,1,1.93,286.11,1
2013,5,22,NA,0.625,743.88,1,2.19,0.875,258.14,0.875,46.15,1,1.85,300.16,0.875
2013,5,23,-14.91,1,734.95,1,NA,0.25,NA,0.375,55.69,1,NA,NA,0.25
2013,5,24,NA,0.625,741.39,1,NA,0.375,116.12,1,41.03,1,NA,NA,0.375
2013,5,25,NA,0.625,731.34,1,NA,0.25,146.57,0.875,54.29,1,NA,NA,0.25
2013,5,26,-22.47,1,743.16,1,NA,0.375,211.12,1,40.93,1,NA,NA,0.375
2013,5,27,NA,0.625,751.58,1,NA,0.625,247.88,1,53.82,1,NA,NA,0.625
2013,5,28,-20.75,0.75,761.8,1,7.86,1,264.5,1,52.14,1,7.76,264.75,1
2013,5,29,-18.44,0.875,759.57,1,9.23,0.75,256.62,1,42.09,1,8.98,258.65,0.75
2013,5,30,-18.94,1,752.79,1,7.57,0.875,253.12,1,32.99,1,7.46,251.97,0.875
2013,5,31,-20.34,1,746.57,1,6.04,1,269.5,1,75.9,1,5.94,266.02,1
2013,6,1,-23.56,1,745.84,1,2.14,1,310.88,1,77.94,1,1.74,316.61,1
2013,6,2,-25.18,1,742.31,1,2.91,1,278.25,1,79.81,1,2.07,283.16,1
2013,6,3,-23.98,1,740.63,1,2.59,1,168.12,1,50.85,1,1.63,357.87,1
2013,6,4,-24.95,1,745.25,1,1.85,1,151.12,1,46.12,1,0.85,337.88,1
2013,6,5,-23.26,1,749.24,1,2.51,1,287.75,1,33.58,1,2.15,328.96,1
2013,6,6,-25.43,0.875,744.74,1,NA,0.625,272.62,1,64.7,1,NA,NA,0.625
2013,6,7,-34.75,1,736.7,1,1,1,167.12,1,73.21,1,0.39,330.74,1
2013,6,8,-35.16,1,729.14,1,1.62,1,151.38,1,67.64,1,0.97,329.63,1
2013,6,9,-40.81,1,730.54,1,5.65,1,254.5,1,70.65,1,5.62,252.98,1
2013,6,10,NA,0.625,734.39,1,2.3,0.875,218.62,1,54.1,1,2.12,338.17,0.875
2013,6,11,-27.95,1,727.3,1,2.12,1,314.88,1,34.4,1,1.66,312.63,1
2013,6,12,-28.29,1,726.59,1,3.04,1,275.62,1,37.66,1,2.75,327.39,1
2013,6,13,-29.09,1,733.39,1,3.33,1,278.12,1,54.6,1,3.03,271.72,1
2013,6,14,-26.61,1,739.25,1,2.44,1,278.75,1,65.7,1,2.3,271.48,1
2013,6,15,-28.95,1,738.06,1,1.81,1,273.5,1,64.73,1,1.52,317.2,1
2013,6,16,-27.71,1,737.48,1,2.54,1,307.25,1,31.83,1,2.37,304.49,1
2013,6,17,-30.36,1,741.56,1,1.31,1,238.62,1,51.9,1,1,328.53,1
2013,6,18,-28.97,1,742.83,1,1.85,1,240.75,1,54.82,1,1.56,328.03,1
2013,6,19,-27.99,1,742.07,1,2.61,1,278.88,1,40.94,1,2.45,323.03,1
2013,6,20,-26.16,1,745.14,1,3.23,0.75,190.62,1,44.69,1,1.92,306.55,0.75
2013,6,21,NA,0.625,736.99,1,NA,0.125,NA,0.375,67.85,1,NA,NA,0.125
2013,6,22,-27.6,1,740.16,1,NA,0.125,NA,0.5,76.28,1,NA,NA,0.125
2013,6,23,-20.22,1,753.53,1,6.72,0.75,106.75,1,25.19,1,6.13,31.07,0.75
2013,6,24,-18.84,1,762.98,1,2.4,1,300.62,1,18.91,1,2.31,299.77,1
2013,6,25,-22.33,1,760.31,1,5.35,1,257,1,25.16,1,5.26,254.12,1
2013,6,26,-24.49,1,754.6,1,3.64,1,273.12,1,49.79,1,3.53,269.1,1
2013,6,27,-27.31,1,748.85,1,2.9,0.75,80.75,1,66.44,1,1.37,18.56,0.75
2013,6,28,-25.76,1,749.01,1,3.8,0.875,216,1,63.4,1,2.46,283.46,0.875
2013,6,29,-21.97,1,753.45,1,1.64,1,223.88,1,52.92,1,1.19,325.41,1
2013,6,30,-23.1,1,746.56,1,NA,0.25,128.5,1,67.35,1,NA,NA,0.25
2013,7,1,-23.84,1,743.74,1,2.56,0.875,228.25,1,55.89,1,1.65,311.12,0.875
2013,7,2,-28.99,1,740.8,1,1.91,0.875,207.25,1,71.68,1,1.63,1.39,0.875
2013,7,3,-29.59,1,729.3,1,2.44,1,283.25,1,50.63,1,1.82,324.24,1
2013,7,4,-22.77,0.75,732.27,1,NA,0.625,154.75,1,47.79,1,NA,NA,0.625
2013,7,5,-27.03,1,734.93,1,1.74,1,284.12,1,68.08,1,1.54,289.2,1
2013,7,6,-33.75,1,737.39,1,1.71,0.875,257.29,0.875,73.7,1,1.3,253.39,0.875
2013,7,7,-33.38,1,741.79,1,1,1,250.5,1,74.37,1,0.67,282,1
2013,7,8,-32.46,0.875,740.31,1,NA,0.25,NA,0.25,73.88,1,NA,NA,0.25
2013,7,9,-30.5,1,745.08,1,2.5,0.75,174.33,0.75,70.91,1,1.49,231.34,0.75
2013,7,10,-28.14,1,748.45,1,2.92,1,261.75,1,56.75,1,1.94,291.35,1
2013,7,11,-26.98,1,743.59,1,3.69,1,265.75,1,35.07,1,3.56,258.31,1
2013,7,12,-22.69,0.875,743.56,1,6.75,0.75,210.12,1,50.72,1,6.18,323.18,0.75
2013,7,13,-19.25,1,743.93,1,NA,0.125,216.12,1,44.5,1,NA,NA,0.125
2013,7,14,-24.23,0.75,741.98,1,NA,0.625,248.25,1,43.6,1,NA,NA,0.625
2013,7,15,-23.44,1,734.93,1,4.35,0.75,234.88,1,51.71,1,3.38,301.57,0.75
2013,7,16,-24.56,1,728.94,1,2.25,0.75,253.75,1,59.68,1,1.87,284.51,0.75
2013,7,17,-26.03,1,730.49,1,2.85,1,153.38,1,57.15,1,0.86,325.61,1
2013,7,18,-32.2,1,730.58,1,2.55,1,151.62,1,67.78,1,0.97,341.42,1
2013,7,19,NA,0.125,721.83,0.875,NA,0.375,124.71,0.875,53.95,1,NA,NA,0.375
2013,7,20,-23.73,0.75,709.08,1,NA,0.25,120.75,1,49.84,1,NA,NA,0.25
2013,7,21,-31.29,1,714.64,1,3.36,0.875,224.12,1,60.89,1,2.48,257.32,0.875
2013,7,22,-29.16,0.875,718.44,1,3.38,1,254.12,1,59.94,1,3.22,262.63,1
2013,7,23,-25.2,1,720.58,1,3.43,0.875,276.88,1,48.85,1,2.94,342.07,0.875
2013,7,24,-32.29,1,729.26,1,2.2,1,126.38,1,69.3,1,1.42,338.94,1
2013,7,25,-25.05,0.75,728.34,1,3.39,1,209.38,1,36.7,1,1.81,326.18,1
2013,7,26,-18.07,0.875,722.72,1,NA,0.375,249.83,0.75,40.43,1,NA,NA,0.375
2013,7,27,-21.37,0.875,722.89,1,NA,0.5,14.14,0.875,56.4,1,NA,NA,0.5
2013,7,28,NA,0.5,728.89,1,3.88,0.75,224.38,1,64.81,1,2.79,282.1,0.75
2013,7,29,-31.73,0.75,732.34,0.875,1.57,0.75,143.14,0.875,75.11,0.875,0.34,260.61,0.75
2013,7,30,-24.07,0.75,739.74,1,NA,0.375,258.88,1,45.94,1,NA,NA,0.375
2013,7,31,-15.09,0.875,740.78,1,NA,0.5,271.57,0.875,48.08,1,NA,NA,0.5
2013,8,1,-9.36,0.875,738.16,1,NA,0.25,243.43,0.875,52.75,1,NA,NA,0.25
2013,8,2,NA,0.625,724.65,1,NA,0.375,31.5,1,60.71,1,NA,NA,0.375
2013,8,3,-39.86,1,730.75,1,1.87,0.875,180.38,1,67.14,1,0.31,355.52,0.875
2013,8,4,-39.01,1,724.81,1,6.02,0.75,255.5,1,63.24,1,5.96,252.21,0.75
2013,8,5,-41.93,1,721.91,1,4.17,0.875,137.38,1,69.36,1,2.79,26.74,0.875
2013,8,6,-38.69,1,725.44,1,NA,0.625,171.75,1,68.26,1,NA,NA,0.625
2013,8,7,NA,0.375,730.44,1,NA,0.25,120.88,1,57.89,1,NA,NA,0.25
2013,8,8,NA,0.5,735.41,1,NA,0.625,43.75,1,67.14,1,NA,NA,0.625
2013,8,9,-30.49,0.875,738.8,1,2.57,0.75,90,1,61.82,1,2.12,20.21,0.75
2013,8,10,-28.32,0.75,742.55,1,NA,0.125,127.25,1,46.29,1,NA,NA,0.125
2013,8,11,-30.3,1,747.61,1,NA,0.625,270.25,1,59.75,1,NA,NA,0.625
2013,8,12,-30.13,1,745.03,1,NA,0.25,45,0.875,73.16,1,NA,NA,0.25
2013,8,13,NA,0.5,751.26,1,NA,0.5,63.75,1,52.63,1,NA,NA,0.5
2013,8,14,-24.23,1,756.95,1,NA,0.625,246.25,1,59.96,1,NA,NA,0.625
2013,8,15,-26.2,1,758.4,1,2.79,0.875,266.88,1,76.11,1,2.56,262.3,0.875
2013,8,16,-26.51,1,757.3,1,2.31,1,247,1,69.15,1,1.81,288.62,1
2013,8,17,-25.21,1,754.79,1,NA,0.375,44.25,1,73.74,1,NA,NA,0.375
2013,8,18,-23.66,1,750.59,1,2.99,0.875,308,1,56.06,1,2.94,322.24,0.875
2013,8,19,-26.38,1,747.88,1,2.34,1,233.12,1,68.73,1,1.82,323.94,1
2013,8,20,-26.88,1,746.11,1,2.16,1,254.25,1,60.85,1,1.4,280.37,1
2013,8,21,-20.09,1,735.28,1,NA,0.375,NA,0.5,64.45,1,NA,NA,0.375
2013,8,22,-15.44,1,737.79,1,NA,0.125,221.12,1,39.68,1,NA,NA,0.125
2013,8,23,-15.51,1,739.34,1,NA,0.5,49,1,56.39,1,NA,NA,0.5
2013,8,24,-15.86,1,737.15,1,NA,0.125,209.5,1,54.78,1,NA,NA,0.125
2013,8,25,-19.89,1,743.78,1,1.83,0.75,224.5,1,50.21,1,1.43,326.96,0.75
2013,8,26,-15.06,1,739.59,1,NA,0.375,312.38,1,32.91,1,NA,NA,0.375
2013,8,27,-15.68,0.75,737.88,1,NA,0.5,269.62,1,53.04,1,NA,NA,0.5
2013,8,28,-13.58,1,738.26,1,NA,0.625,329.38,1,49.41,1,NA,NA,0.625
2013,8,29,-18.26,1,741.54,1,NA,0.625,238.38,1,58.44,1,NA,NA,0.625
2013,8,30,-21.04,1,736.28,1,2.19,1,147.88,1,71.49,1,1.2,322.57,1
2013,8,31,-21.36,1,734.14,1,2.56,0.875,86,1,54.23,1,2.07,15.97,0.875
2013,9,1,-26.07,0.875,733.83,1,NA,0.375,225.88,1,48.69,1,NA,NA,0.375
2013,9,2,-35.8,0.75,727.9,1,NA,0.625,98.62,1,64.46,1,NA,NA,0.625
2013,9,3,-34.61,1,729.91,1,1.54,1,168,1,52.21,1,1.18,353.53,1
2013,9,4,-33.61,1,733.5,1,1.65,1,197.75,1,47.65,1,0.81,331.46,1
2013,9,5,NA,0.625,734.05,1,2.56,1,193.38,1,53.49,1,1.21,338.93,1
2013,9,6,-32.11,0.875,743.51,1,1.23,1,177.25,1,54.94,1,0.91,2.13,1
2013,9,7,-22.31,0.875,748.53,1,7.33,0.75,267.75,1,20.59,1,7.11,278.94,0.75
2013,9,8,-19.16,0.875,743.51,1,4.24,1,174.5,1,50.53,1,2.96,265.42,1
2013,9,9,-19.1,1,738.72,1,NA,0.5,206,1,56.79,1,NA,NA,0.5
2013,9,10,-18.21,1,736.68,1,NA,0.5,192.62,1,49.94,1,NA,NA,0.5
2013,9,11,-16.85,1,739.4,1,NA,0.5,213.25,1,47.9,1,NA,NA,0.5
2013,9,12,-16.61,1,732.79,1,6.19,0.875,250,0.875,63.36,1,4.77,347.16,0.875
2013,9,13,-16.73,1,729.99,1,NA,0.5,50.38,1,52.72,1,NA,NA,0.5
2013,9,14,-18.78,0.75,738.49,1,NA,0.25,140.88,1,42.86,1,NA,NA,0.25
2013,9,15,-19.98,0.75,743.19,1,3.81,0.875,179.25,1,56.2,1,2.36,313.69,0.875
2013,9,16,-19.65,1,743.19,1,2.62,1,261.62,1,66.94,1,2.11,298.13,1
2013,9,17,-21.51,1,742.41,1,2.46,1,254.12,1,70.74,1,1.41,285.28,1
2013,9,18,-25.64,1,739.55,1,3.16,1,168.12,1,73.51,1,0.52,336.94,1
2013,9,19,-22.95,0.75,736.51,1,NA,0.375,44.83,0.75,76.29,1,NA,NA,0.375
2013,9,20,-19.7,0.875,736,1,NA,0.5,78.14,0.875,59.95,1,NA,NA,0.5
2013,9,21,-29.7,0.875,737.74,1,2.71,0.875,147.62,1,71.98,1,2.07,358.47,0.875
2013,9,22,-28.53,0.75,735.43,1,2.46,1,174.88,1,57.2,1,1.29,351.44,1
2013,9,23,-26.36,1,740.69,1,0.94,1,252.25,1,50.4,1,0.72,317.71,1
2013,9,24,-27.47,0.875,745.73,1,1.86,1,220.12,1,66.47,1,1.63,268.93,1
2013,9,25,-27.99,1,746.85,1,1.84,1,294.88,1,60.66,1,1.54,288.39,1
2013,9,26,-23.12,0.75,750.71,1,NA,0.375,97.12,1,54.99,1,NA,NA,0.375
2013,9,27,-24,1,752.19,1,NA,0.5,210,1,46.65,1,NA,NA,0.5
2013,9,28,-13.4,0.75,744.71,1,NA,0.25,134,0.75,62.03,1,NA,NA,0.25
2013,9,29,-14.66,1,741.9,1,NA,0.5,90.38,1,69.53,1,NA,NA,0.5
2013,9,30,-14.84,1,745.86,1,NA,0.5,146.12,1,52.13,1,NA,NA,0.5
2013,10,1,-17.19,1,745.66,1,NA,0.375,61.71,0.875,67.75,1,NA,NA,0.375
2013,10,2,-11.23,0.75,737,1,NA,0.25,NA,0.625,71.11,1,NA,NA,0.25
2013,10,3,-16.28,1,736.24,1,NA,0.375,NA,0.375,69.8,1,NA,NA,0.375
2013,10,4,-16.41,1,744.28,1,NA,0.625,NA,0.625,77.34,1,NA,NA,0.625
2013,10,5,-15.44,1,744.29,1,NA,0.5,NA,0.625,64,1,NA,NA,0.5
2013,10,6,-15.34,0.875,750.6,1,NA,0.375,101.75,1,57.75,1,NA,NA,0.375
2013,10,7,-16.14,1,747.13,1,NA,0.375,68.75,1,54.59,1,NA,NA,0.375
2013,10,8,-17.35,1,746.56,1,2.08,0.75,242.12,1,54.2,1,1.57,278.01,0.75
2013,10,9,-18.03,1,743.61,1,1.8,1,226.5,1,55.12,1,1.27,297.5,1
2013,10,10,-22.75,1,742.16,1,1.79,1,172.25,1,66,1,0.54,322.13,1
2013,10,11,-18.96,0.875,742.16,1,1.8,1,292.38,1,25.56,1,1.4,303.63,1
2013,10,12,-23.09,1,738.94,1,1.41,1,210,1,49.22,1,1.19,2.66,1
2013,10,13,-27.16,1,739.04,1,2.09,1,205.88,1,73.56,1,1.34,268.95,1
2013,10,14,-23.55,1,739.85,1,1.81,1,102.88,1,46.94,1,1.05,20.44,1
2013,10,15,-17.94,0.875,734.45,1,3.39,0.875,178.62,1,57.88,1,2.98,4.47,0.875
2013,10,16,NA,0.375,723.69,1,NA,0.125,NA,0.625,49.14,1,NA,NA,0.125
2013,10,17,-15.83,1,723.79,1,NA,0.375,55.62,1,51.3,1,NA,NA,0.375
2013,10,18,-19.25,0.75,733.91,1,NA,0.5,151.12,1,60.26,1,NA,NA,0.5
2013,10,19,-19.49,0.875,737.46,1,2.14,1,101.62,1,50.73,1,1.59,35.58,1
2013,10,20,-15.4,1,731.03,1,NA,0.625,215.67,0.75,58.45,1,NA,NA,0.625
2013,10,21,-25.48,0.75,738.46,1,NA,0.625,293.38,1,63.38,1,NA,NA,0.625
2013,10,22,-26,1,738.13,1,1.31,0.875,167.62,1,65.79,1,0.55,352.77,0.875
2013,10,23,-28.75,1,737.16,1,8.4,0.75,237.12,1,74.03,1,8.31,238.69,0.75
2013,10,24,-27.65,1,740.31,1,6.73,0.875,244.12,1,61.15,1,6.68,247.13,0.875
2013,10,25,-24.5,1,743.07,1,9.21,1,259.75,1,72.53,1,8.99,258.29,1
2013,10,26,-21.39,1,740.76,1,4.87,0.75,174.75,1,62.34,1,3.62,258.94,0.75
2013,10,27,-22.25,1,738.11,1,2.49,1,240.5,1,63.32,1,1.93,266.28,1
2013,10,28,-22.94,1,738.06,1,2.64,1,124.25,1,61.73,1,1.23,321.67,1
2013,10,29,-27.4,0.75,736.95,1,2.08,1,126.88,1,74.1,1,0.3,343.65,1
2013,10,30,-27.41,1,738.96,1,2.86,1,164.38,1,60.45,1,1.29,357.4,1
2013,10,31,-25.25,1,737.32,1,2.76,1,166.75,1,56.76,1,1.36,268.43,1
2013,11,1,-26.15,1,735.86,1,1.8,1,240.88,1,68.86,1,1.19,272.37,1
2013,11,2,-26.95,1,731.59,1,0.67,1,154,1,64.48,1,0.44,21.19,1
2013,11,3,-27.7,1,728.81,1,0.85,1,237.75,1,64.04,1,0.43,260.27,1
2013,11,4,-30.29,1,732.6,1,1.55,1,162.75,1,67.9,1,0.69,244.83,1
2013,11,5,-28.5,0.75,736.64,1,4.07,0.75,236.25,1,53.2,1,4.03,238.72,0.75
2013,11,6,NA,0.625,738.59,1,NA,0.5,270.88,1,55.86,1,NA,NA,0.5
2013,11,7,-15.84,1,736.58,1,2.88,0.75,190.38,1,60.83,1,1.14,282.52,0.75
2013,11,8,-11.53,0.75,738.61,1,NA,0.25,188.14,0.875,61.04,1,NA,NA,0.25
2013,11,9,-18.34,1,739.1,1,2.45,0.75,118,1,76.71,1,0.95,349.21,0.75
2013,11,10,-23.83,1,741.59,1,7.58,0.75,242.38,1,77.15,1,7.33,243.25,0.75
2013,11,11,NA,0.625,739.05,1,NA,0.25,260.62,1,68.16,1,NA,NA,0.25
2013,11,12,-20.59,1,728.55,1,2.83,0.75,205.75,1,61.54,1,2.21,253.36,0.75
2013,11,13,-23.47,1,729.64,1,3.6,0.875,161.75,1,68.23,1,0.98,342.65,0.875
2013,11,14,-22.27,0.75,728.52,0.75,NA,0.5,NA,0.625,69.53,0.75,NA,NA,0.5
2013,11,15,-21.48,0.75,731.97,0.75,NA,0.375,NA,0.375,65.52,0.75,NA,NA,0.375
2013,11,16,-21.3,1,740.44,1,2.22,0.75,175.5,1,51.59,1,1,8.59,0.75
2013,11,17,-22.18,1,743.99,1,2.15,1,174.62,1,65.3,1,1.59,237.95,1
2013,11,18,-23.69,1,745.56,1,2.56,1,211.25,1,72.9,1,2.26,230.11,1
2013,11,19,-23.83,1,737.4,1,1.15,1,149,1,72.55,1,0.55,227.47,1
2013,11,20,-23.51,1,733.93,1,1.8,1,103.5,1,61.1,1,0.2,59.46,1
2013,11,21,-23.04,1,744.18,1,1.5,1,172.25,1,64.51,1,0.52,20.82,1
2013,11,22,-21.84,1,746.65,1,2.3,1,210.62,1,61.85,1,2.06,246.27,1
2013,11,23,-19.46,1,734.54,1,NA,0.5,NA,0.625,64.56,1,NA,NA,0.5
2013,11,24,-19.09,0.875,730.19,0.875,NA,0.375,NA,0.5,69.57,0.875,NA,NA,0.375
2013,11,25,-18.89,1,735.76,1,NA,0.25,37.67,0.75,67.3,1,NA,NA,0.25
2013,11,26,-20.44,1,738.88,1,1.85,0.75,142.62,1,60.21,1,0.54,27.07,0.75
2013,11,27,-21.11,1,743.68,1,NA,0.625,124.75,1,60.29,1,NA,NA,0.625
2013,11,28,-21.7,1,744.54,1,2.96,0.875,220.75,1,72.73,1,2.84,226.66,0.875
2013,11,29,-23.24,1,737.08,1,4.08,1,209.75,1,76.95,1,3.69,225.89,1
2013,11,30,-22,0.875,737.9,1,5.97,0.75,122.25,1,70.95,1,4.48,65.12,0.75
2013,12,1,-20.2,0.75,736.85,1,5.47,0.75,181.88,1,58.32,1,3.16,52.56,0.75
2013,12,2,-14.7,0.875,734.19,1,3.19,1,242.75,1,49.08,1,2.96,244.53,1
2013,12,3,-16.26,0.875,742.99,1,3.8,1,198.62,1,46.15,1,2.53,251.67,1
2013,12,4,NA,0.5,742.65,1,NA,0.625,229,1,53.1,1,NA,NA,0.625
2013,12,5,NA,0.5,740.51,1,NA,0.5,158.38,1,71.36,1,NA,NA,0.5
2013,12,6,NA,0.625,745.89,1,2.46,1,116.75,1,69.05,1,1.47,53.92,1
2013,12,7,NA,0.25,750.4,1,1.45,1,142.12,1,69.35,1,0.25,334.58,1
2013,12,8,NA,0.625,756.24,1,1.89,1,85.62,1,56.25,1,0.98,8.43,1
2013,12,9,NA,0.375,759.99,1,1.54,1,114.38,1,67.41,1,0.45,50.46,1
2013,12,10,NA,0.375,757.11,1,1.47,0.875,150.38,1,66.68,1,0.64,233.13,0.875
2013,12,11,NA,0.625,751.47,1,3.93,0.75,68.12,1,69.7,1,2.22,29.22,0.75
2013,12,12,-9.21,0.875,748.53,1,3.79,0.875,57.12,1,78.65,1,3.27,57.85,0.875
2013,12,13,-15.34,0.875,746.05,1,3.35,1,112.62,1,73.48,1,0.81,346.88,1
2013,12,14,NA,0.25,737.91,1,1.75,1,44.25,1,57.04,1,1.47,33.9,1
2013,12,15,NA,0.625,740.45,1,2.83,1,214,1,71.18,1,1.97,234.97,1
2013,12,16,-15.81,0.875,744.26,1,4.2,0.75,157.75,1,66.86,1,2.02,10.2,0.75
2013,12,17,NA,0.25,748.68,1,1.07,0.75,231.25,1,70.55,1,0.44,320.79,0.75
2013,12,18,NA,0.5,749.9,1,NA,0.625,121.75,1,55.07,1,NA,NA,0.625
2013,12,19,NA,0.625,754.35,1,2.06,1,109,1,74.15,1,1.5,41.55,1
2013,12,20,-15.02,0.75,756.93,1,2.82,0.75,305.5,1,60.15,1,2.36,4.21,0.75
2013,12,21,-10.3,1,756.9,1,NA,0.625,286.25,1,57.55,1,NA,NA,0.625
2013,12,22,-7.04,1,754.65,1,NA,0.375,254.62,1,64.91,1,NA,NA,0.375
2013,12,23,-8.77,0.75,751.59,1,NA,0.375,264.75,1,67.2,1,NA,NA,0.375
2013,12,24,-10.29,0.875,762.54,1,4.98,0.75,221.12,1,72.16,1,4.93,238.57,0.75
2013,12,25,NA,0.5,765.05,1,2.1,1,138.38,1,73.86,1,0.5,265.25,1
2013,12,26,NA,0.375,758.03,1,2.14,0.875,65.75,1,40.58,1,1.82,41.51,0.875
2013,12,27,NA,0.5,754.86,1,4.69,0.875,186.38,1,81.11,1,2.01,227.88,0.875
2013,12,28,NA,0.25,760.48,1,1.75,1,196.75,1,49.78,1,0.73,296.44,1
2013,12,29,NA,0.5,757.79,1,1.89,1,65.75,1,71.36,1,1.28,49.47,1
2013,12,30,-14.2,0.875,754.79,1,3.28,1,91.12,1,76.03,1,1.73,33.15,1
2013,12,31,-16.47,0.875,756.36,1,2.67,1,120.62,1,73.99,1,0.82,100.62,1
2014,1,1,NA,0.25,752.59,1,1.56,1,229.88,1,59.51,1,1.11,351.09,1
2014,1,2,-12.1,0.75,748.65,1,2.74,1,204.25,1,67.36,1,1.8,231.93,1
2014,1,3,-10.95,1,746.6,1,NA,0.375,NA,0.625,74.17,1,NA,NA,0.375
2014,1,4,-8.28,0.75,755.46,1,2.67,0.75,163.43,0.875,63.6,1,1.12,226.33,0.75
2014,1,5,NA,0.25,759.55,1,2.33,1,176.88,1,67.93,1,1.19,251.37,1
2014,1,6,-11.94,1,756.57,1,4.84,1,231.38,1,79.34,1,4.75,232.67,1
2014,1,7,-12.9,0.875,753.93,1,4.47,1,237.25,1,83.84,1,4.21,240.96,1
2014,1,8,NA,0.375,752.21,1,1.76,0.875,148.62,1,75.88,1,1.04,235.03,0.875
2014,1,9,NA,0.5,757.23,1,2.08,1,95.12,1,70.86,1,1.04,21.78,1
2014,1,10,-12.95,0.75,759.31,1,2.64,1,179.62,1,76.38,1,0.95,311.99,1
2014,1,11,NA,0.5,754.59,1,1.98,1,243.12,1,77.99,1,1.38,250.57,1
2014,1,12,NA,0.375,752.99,1,1.91,1,214,1,78.56,1,1.26,240.74,1
2014,1,13,NA,0.375,755.54,1,1.75,1,191.25,1,70.23,1,1.05,273.7,1
2014,1,14,NA,0.125,754.93,1,0.87,0.875,141.25,1,63.44,1,0.69,11.57,0.875
2014,1,15,NA,0.375,751.73,1,1.8,1,214.5,1,72.45,1,0.66,0.92,1
2014,1,16,NA,0.625,754.31,1,2.6,1,157.75,1,50.3,1,1.12,318.95,1
2014,1,17,NA,0.625,760.76,1,2.44,1,152.62,1,45.57,1,1.51,341.93,1
2014,1,18,NA,0,757.87,1,1.16,1,267.62,1,34.76,1,0.91,296.86,1
2014,1,19,NA,0.125,750.06,1,1.09,1,182.5,1,45.46,1,0.49,273.94,1
2014,1,20,NA,0.375,756.45,1,1.75,0.75,179.38,1,65.93,1,0.87,275.28,0.75
2014,1,21,NA,0.5,759.43,1,1.94,0.875,101.5,1,56.5,1,1,26.59,0.875
2014,1,22,NA,0.375,749.66,1,1.73,1,117.12,1,69.63,1,0.59,11.27,1
2014,1,23,NA,0.375,742.72,1,2.18,1,181.75,1,76.55,1,1.2,272.5,1
2014,1,24,NA,0.5,748.94,1,2.33,1,106.38,1,74.14,1,0.79,337.24,1
2014,1,25,NA,0.625,756.61,1,NA,0.625,167.5,1,77.89,1,NA,NA,0.625
2014,1,26,NA,0.625,754.84,1,4.7,0.75,158.12,1,73.83,1,2.94,242.45,0.75
2014,1,27,NA,0.625,749.82,1,2.94,1,123.5,1,61.3,1,1.06,356.26,1
2014,1,28,NA,0.5,744.04,1,2.38,1,109,1,73.59,1,1.78,29.67,1
2014,1,29,NA,0.125,748.23,1,1.43,1,129.75,1,75.6,1,0.53,354.73,1
2014,1,30,NA,0.375,749.15,1,2.55,1,280.62,1,68.88,1,2.25,261.51,1
2014,1,31,-13.57,0.75,752.83,1,3.2,0.75,60.25,1,60.74,1,0.56,326.06,0.75
2014,2,1,NA,0.25,748.31,1,1.85,1,87.12,1,68.94,1,1.35,32.4,1
2014,2,2,NA,0.625,747.97,1,2.35,1,123.88,1,70.2,1,1.32,4.4,1
2014,2,3,NA,0.5,755.65,1,1.87,0.875,212.38,1,69.46,1,1.15,340.4,0.875
2014,2,4,NA,0.25,757.24,1,1.94,1,198.75,1,61.54,1,1.21,347.11,1
2014,2,5,NA,0.5,754.25,1,2.48,1,171.38,1,38.73,1,1.17,9.91,1
2014,2,6,NA,0.625,744.88,1,2.33,0.75,172,0.75,62.59,1,1.89,271.19,0.75
2014,2,7,-10.29,0.875,737.65,1,NA,0.125,NA,0.5,65.14,1,NA,NA,0.125
2014,2,8,-11.12,0.75,749.37,1,NA,0.625,232.75,1,52.59,1,NA,NA,0.625
2014,2,9,-12.74,0.875,755.01,1,3.44,1,29.62,1,62.7,1,3.34,28.23,1
2014,2,10,NA,0.625,755.35,1,1.88,1,189.5,1,58.66,1,0.14,275.44,1
2014,2,11,-15.87,0.75,754.71,1,3.79,0.875,111.38,1,66.01,1,2.45,49.53,0.875
2014,2,12,-18.57,0.75,756.06,1,3.09,0.875,128.88,1,57.3,1,1.26,348.23,0.875
2014,2,13,NA,0.125,753.5,1,1.28,0.75,213.88,1,58.85,1,0.59,12.02,0.75
2014,2,14,NA,0.125,748.65,1,1.4,1,75.75,1,61,1,1.23,30.74,1
2014,2,15,NA,0.25,745.29,1,0.95,1,188.62,1,79.41,1,0.79,226.01,1
2014,2,16,NA,0.25,746.44,1,1.96,1,107,1,68.7,1,0.87,45.14,1
2014,2,17,NA,0.5,739.74,1,1.89,1,123.25,1,55.4,1,1.32,20.48,1
2014,2,18,NA,0.375,741.14,1,1.96,1,64.88,1,62.84,1,1.86,14.55,1
2014,2,19,NA,0.375,745.34,1,2.05,1,102.88,1,71.41,1,0.7,19.73,1
2014,2,20,NA,0,741.49,1,1.18,1,120.75,1,68.84,1,0.5,7.87,1
2014,2,21,NA,0.625,739.11,1,2.39,1,230.75,1,51.89,1,1.61,309.35,1
2014,2,22,-15.66,0.875,744.66,1,NA,0.25,163.38,1,51.24,1,NA,NA,0.25
2014,2,23,NA,0.5,742.79,1,NA,0.625,227.75,1,53.5,1,NA,NA,0.625
2014,2,24,NA,0.375,731.15,1,1.75,1,231.62,1,63.39,1,1.34,278,1
2014,2,25,-18.93,0.75,734.08,1,2.7,1,207.62,1,80.35,1,1.68,256.81,1
2014,2,26,-21.04,0.875,741.04,1,NA,0.625,268.38,1,80.05,1,NA,NA,0.625
2014,2,27,-19.58,0.75,740.89,1,5.26,1,224.5,1,58.34,1,4.49,286.81,1
2014,2,28,NA,0.625,738.58,1,2.16,1,240.88,1,73.89,1,1.44,278.82,1
2014,3,1,-24.46,1,731.47,1,2.48,1,137.75,1,56.64,1,2.1,18.78,1
2014,3,2,-24.53,1,736.9,1,2.34,1,153.5,1,47.25,1,0.99,346.2,1
2014,3,3,-30.09,0.875,740.14,1,1.44,1,123.12,1,71.23,1,0.49,300.25,1
2014,3,4,-22.57,0.75,738.74,1,2.84,1,260.12,1,70.71,1,2.79,259.91,1
2014,3,5,-24.33,1,738.45,1,3.57,0.75,260.5,1,75.83,1,3.4,252.55,0.75
2014,3,6,-26.43,1,741.09,1,2.02,0.75,263.62,1,72.41,1,1.96,269.2,0.75
2014,3,7,-23.63,1,743.76,1,2.29,0.875,249.88,1,59.14,1,1.81,282.8,0.875
2014,3,8,-22.59,1,741.09,1,2.02,1,243.38,1,45.23,1,1.75,281.37,1
2014,3,9,-23.44,1,744.79,1,1.73,1,239.5,1,65.59,1,1.31,285.22,1
2014,3,10,-27.45,1,748.58,1,3.79,0.875,221,0.875,76.09,1,3.48,257.33,0.875
2014,3,11,-22.43,0.75,754.07,1,2.7,1,198,1,51.66,1,2.04,341.76,1
2014,3,12,-16.84,1,752.79,1,1.5,1,198.12,1,23.95,1,1.24,332.4,1
2014,3,13,-8.97,0.75,752.31,1,2.26,1,206,1,41.06,1,1.98,358.27,1
2014,3,14,-7.21,1,751.41,1,NA,0.625,246.12,1,54.21,1,NA,NA,0.625
2014,3,15,NA,0.625,747.91,1,NA,0.25,116,1,54.35,1,NA,NA,0.25
2014,3,16,-15.67,0.75,747.93,1,NA,0.25,94.88,1,62.8,1,NA,NA,0.25
2014,3,17,-18.59,1,754.49,1,2.29,1,98.5,1,74.5,1,1.96,15.22,1
2014,3,18,-16.54,1,748.3,1,NA,0.625,114.62,1,68.5,1,NA,NA,0.625
2014,3,19,-18.01,1,744.05,1,2.12,1,203.75,1,75.76,1,1.31,347.75,1
2014,3,20,-15.51,1,744.27,1,NA,0.25,182.88,1,65.08,1,NA,NA,0.25
2014,3,21,-23.45,0.75,737.85,1,2.21,1,104.88,1,71.41,1,2,20.33,1
2014,3,22,-21.1,1,733.99,1,3.26,1,191.5,1,50.71,1,1.85,307.65,1
2014,3,23,-22.86,1,734.66,1,2.38,1,293.5,1,69.61,1,2,292.83,1
2014,3,24,-29.47,0.75,736.8,1,NA,0.375,NA,0.375,75.5,1,NA,NA,0.375
2014,3,25,-30.97,0.75,737.32,1,NA,0,NA,0,76.09,1,NA,NA,0
2014,3,26,-15.5,0.75,740.61,1,8.33,0.875,252.25,1,46.6,1,7.55,280.74,0.875
2014,3,27,-13.43,1,742.8,1,NA,0.375,304.5,1,65.74,1,NA,NA,0.375
2014,3,28,-14.93,0.875,731.22,1,NA,0.5,243.83,0.75,79.8,1,NA,NA,0.5
2014,3,29,-20.12,0.75,746.25,1,6.87,0.875,269,1,60.98,1,6.52,268.77,0.875
2014,3,30,NA,0.625,734.29,1,NA,0.375,290.88,1,68.93,1,NA,NA,0.375
2014,3,31,-22.34,0.875,724.25,1,NA,0.625,195.38,1,77.31,1,NA,NA,0.625
2014,4,1,-25.17,0.875,732.29,1,2.98,1,138.75,1,65.16,1,1.39,12.52,1
2014,4,2,-24.05,1,735.41,1,NA,0.5,254.14,0.875,48.48,1,NA,NA,0.5
2014,4,3,-18.68,1,724.82,1,NA,0.125,NA,0.125,71.83,1,NA,NA,0.125
2014,4,4,-20.85,1,719.05,1,NA,0.5,154.29,0.875,72.16,1,NA,NA,0.5
2014,4,5,-28.67,0.875,728.11,1,4.65,0.75,92.88,1,70.99,1,3.65,21.56,0.75
2014,4,6,-27.61,1,736.21,1,2.91,1,158.12,1,52.43,1,2.14,345.02,1
2014,4,7,-24.69,1,734.33,1,3.7,1,217.38,1,57.54,1,2.39,308.07,1
2014,4,8,-26.3,1,737.87,1,2.8,1,149.88,1,63.59,1,1.85,341.38,1
2014,4,9,-26.23,1,738.33,1,2.1,1,230.88,1,56.01,1,1.26,327.38,1
2014,4,10,-26.59,1,732.04,1,2.15,1,241.5,1,47.98,1,1.83,321.04,1
2014,4,11,-25.91,1,736.33,1,2.64,0.875,137.25,1,39.99,1,2.54,8.59,0.875
2014,4,12,-20.34,1,723.39,1,NA,0.375,149.38,1,41.06,1,NA,NA,0.375
2014,4,13,-23.79,1,721.04,1,NA,0.25,31,1,52.3,1,NA,NA,0.25
2014,4,14,-28.43,0.75,724.67,0.75,NA,0.25,45,0.75,61.3,0.75,NA,NA,0.25
2014,4,15,-26.32,0.75,724.1,1,NA,0.25,69.88,1,69.54,1,NA,NA,0.25
2014,4,16,-25.17,0.875,728.66,1,NA,0.5,68.88,1,47.88,1,NA,NA,0.5
2014,4,17,-26.43,1,736.8,1,2.96,0.875,223.62,1,31.91,1,2.19,330.27,0.875
2014,4,18,-22.7,1,732.54,1,NA,0.375,177.38,1,43.21,1,NA,NA,0.375
2014,4,19,-23.88,1,723.84,1,NA,0.375,46.86,0.875,75.18,1,NA,NA,0.375
2014,4,20,-21.3,1,729.85,1,NA,0.625,203.62,1,67.34,1,NA,NA,0.625
2014,4,21,-17.49,1,755,1,3.11,1,205.12,1,41.26,1,1.89,317.84,1
2014,4,22,-19.71,1,751.49,1,2.24,1,226.88,1,73.52,1,1.21,286.78,1
2014,4,23,-16.6,1,737.65,1,NA,0.5,272.57,0.875,59.43,1,NA,NA,0.5
2014,4,24,-17.39,1,739.15,1,NA,0.625,99.25,1,71.75,1,NA,NA,0.625
2014,4,25,NA,0.625,734.65,1,NA,0.375,211.43,0.875,55.88,1,NA,NA,0.375
2014,4,26,-21.59,1,734.78,1,3.2,0.75,228.25,1,66.9,1,2.29,308.09,0.75
2014,4,27,-28.3,1,730.05,1,1.84,1,100.12,1,72.8,1,1.76,11.31,1
2014,4,28,-28.4,1,726.84,1,2.9,1,169.5,1,29.96,1,2.56,358.43,1
2014,4,29,-25.88,1,727.1,1,1.64,1,236.25,1,16.8,1,1.22,322.99,1
2014,4,30,-21.21,1,725.01,1,NA,0.5,198.25,1,37.24,1,NA,NA,0.5
2014,5,1,-23.39,1,731.82,1,1.88,0.75,154,1,43.91,1,1.3,310.39,0.75
2014,5,2,-24.12,0.75,728.98,1,NA,0.625,153.62,1,66.43,1,NA,NA,0.625
2014,5,3,-25.07,0.75,727.87,1,12.59,1,44.75,1,64.36,1,12.53,44.51,1
2014,5,4,-21.61,0.875,735.38,1,NA,0.25,117.33,0.75,64.48,1,NA,NA,0.25
2014,5,5,-15.62,0.75,740.74,1,NA,0.625,45.67,0.75,66.43,1,NA,NA,0.625
2014,5,6,-16.8,1,739.6,1,NA,0.625,38,1,51.06,1,NA,NA,0.625
2014,5,7,-18.1,0.75,740.45,1,NA,0.375,138.38,1,49.39,1,NA,NA,0.375
2014,5,8,NA,0.5,738.39,1,NA,0.625,125.75,1,73.31,1,NA,NA,0.625
2014,5,9,-17.66,0.875,725.71,1,NA,0.25,NA,0.5,73.04,1,NA,NA,0.25
2014,5,10,-22.08,0.75,742.66,1,4.9,0.75,248.5,1,45.05,1,4.43,357.74,0.75
2014,5,11,-9.99,0.875,754.01,1,2.14,1,173.5,1,36.68,1,2.07,0,1
2014,5,12,-8.04,1,757.26,1,2.73,0.875,274.12,1,62.04,1,1.69,302.2,0.875
2014,5,13,-7.94,1,751.26,1,NA,0.5,129.12,1,47.64,1,NA,NA,0.5
2014,5,14,-10.15,0.75,746.04,1,NA,0.5,186.62,1,52.1,1,NA,NA,0.5
2014,5,15,-15.36,1,748.13,1,2.96,1,184.12,1,58.7,1,2.37,320.51,1
2014,5,16,-19.89,1,742.66,1,3.53,0.875,113,1,76.51,1,2.01,19.89,0.875
2014,5,17,-22.71,1,737.7,1,5.84,0.875,97.38,1,78.9,1,5.04,40.84,0.875
2014,5,18,-22.86,1,740.01,1,2.49,1,214.5,1,72.98,1,1.91,350.64,1
2014,5,19,-23.68,1,744.52,1,1.66,1,220.25,1,70.56,1,1.59,358.14,1
2014,5,20,-20.2,0.875,748.64,1,NA,0.5,109.88,1,57.38,1,NA,NA,0.5
2014,5,21,-13.97,0.875,747.06,1,NA,0.25,305.57,0.875,51.11,1,NA,NA,0.25
2014,5,22,-13.95,1,737.69,1,NA,0.5,NA,0.5,73.06,1,NA,NA,0.5
2014,5,23,NA,0.625,730.18,1,NA,0.625,277.14,0.875,50.31,1,NA,NA,0.625
2014,5,24,-23.68,0.75,743.51,1,1.8,0.75,267.75,1,47.73,1,1.65,339.67,0.75
2014,5,25,-23.61,1,744.71,1,2.62,1,252.12,1,78.49,1,2.43,253.75,1
2014,5,26,-20.93,1,734.34,1,3.55,1,206.75,1,80.5,1,3.33,245.66,1
2014,5,27,-18.39,1,736.35,1,NA,0.5,173.43,0.875,63.81,1,NA,NA,0.5
2014,5,28,-17.91,1,745.39,1,NA,0.5,165.33,0.75,69.43,1,NA,NA,0.5
2014,5,29,-18.8,1,745.13,1,2.54,1,267.25,1,59.63,1,1.85,313.63,1
2014,5,30,-19.53,1,729.18,1,NA,0.25,151.5,1,44.36,1,NA,NA,0.25
2014,5,31,-26.39,1,734.85,1,NA,0.625,256.12,1,48.78,1,NA,NA,0.625
2014,6,1,-26.4,1,728.98,1,3.53,0.75,213.5,1,65.33,1,2.79,255.6,0.75
2014,6,2,-25.45,0.75,729.04,1,NA,0.5,288.75,1,60.21,1,NA,NA,0.5
2014,6,3,-22.6,1,742.79,1,NA,0.375,254.62,1,65.29,1,NA,NA,0.375
2014,6,4,-22.16,0.875,739.99,1,2.69,1,201.88,1,77.08,1,1.82,265.39,1
2014,6,5,-22.19,1,737.69,1,2.71,1,235.25,1,63.55,1,1.89,335.21,1
2014,6,6,NA,0.5,729.15,1,NA,0.25,NA,0.25,62.34,1,NA,NA,0.25
2014,6,7,-23.03,1,731.78,1,NA,0.125,127.75,1,56.05,1,NA,NA,0.125
2014,6,8,NA,0.625,740.28,1,NA,0.375,143.5,1,59.66,1,NA,NA,0.375
2014,6,9,-16.46,0.875,736.46,1,NA,0.125,208.25,1,48.71,1,NA,NA,0.125
2014,6,10,-27.33,0.75,728.76,1,NA,0,233.62,1,48.76,1,NA,NA,0
2014,6,11,-32.11,1,727.56,1,1.51,1,259.62,1,65.93,1,1.06,314.15,1
2014,6,12,-29.12,0.75,726.44,1,1.55,0.75,235.5,1,57.75,1,0.59,270.19,0.75
2014,6,13,-21.24,1,729.94,1,NA,0.375,76.86,0.875,58.63,1,NA,NA,0.375
2014,6,14,-20.65,1,727.13,1,14.04,1,25.12,1,60.06,1,13.9,25.55,1
2014,6,15,-25.57,0.875,726.24,1,NA,0.375,106,1,50.98,1,NA,NA,0.375
2014,6,16,-32.6,1,734.78,1,2.41,1,202.75,1,52.26,1,1.84,330.32,1
2014,6,17,-28.22,1,736.79,1,2.23,0.75,107.25,1,28,1,1.84,21.93,0.75
2014,6,18,-28.25,1,723.45,1,NA,0,101.12,1,60.94,1,NA,NA,0
2014,6,19,-22.93,0.875,724.36,1,3.94,1,227.62,1,54.53,1,2.08,308.29,1
2014,6,20,-27.31,1,730.75,1,1.79,1,214.5,1,72.28,1,0.86,334.01,1
2014,6,21,-29.61,1,734.93,1,1.74,1,224.62,1,64.45,1,1.32,298.23,1
2014,6,22,-28.1,1,733.53,1,2.74,1,313.75,1,48.81,1,2.54,305.56,1
2014,6,23,-26.73,1,734.61,1,4.1,0.875,227,1,69.58,1,3.87,251.28,0.875
2014,6,24,-29.35,1,735.61,1,NA,0.375,213.5,1,64.23,1,NA,NA,0.375
2014,6,25,-31.3,1,737.84,1,1.96,1,216.75,1,72.41,1,1.18,284.37,1
2014,6,26,-28.45,1,735.73,1,2.17,1,235,1,73.21,1,1.59,300.14,1
2014,6,27,-30.04,1,734.28,1,2.91,1,172,1,72.86,1,1.93,303.59,1
2014,6,28,-29.99,1,736.71,1,1.79,1,164,1,68.48,1,1.03,337.86,1
2014,6,29,-26.84,1,739.55,1,2.48,1,211.38,1,49.65,1,2,323.24,1
2014,6,30,-28.1,0.75,738.06,1,1.6,1,245.25,1,65.53,1,1.44,312.91,1
2014,7,1,-32.34,1,740.43,1,1.9,1,256.5,1,64.39,1,1.53,343.01,1
2014,7,2,-31.33,0.875,731.71,1,1.89,1,198.12,1,59.03,1,1.25,306.56,1
2014,7,3,-32.78,1,730.86,1,1.93,1,291.25,1,74.44,1,1.77,281.79,1
2014,7,4,-36.24,1,733.2,1,NA,0.25,NA,0.25,72.52,1,NA,NA,0.25
2014,7,5,NA,0.625,735.78,1,NA,0.375,NA,0.375,63.12,1,NA,NA,0.375
2014,7,6,-13.87,0.75,729.39,1,NA,0.5,250.86,0.875,52.06,1,NA,NA,0.5
2014,7,7,-13.8,0.875,724.75,1,NA,0.25,286.38,1,50.56,1,NA,NA,0.25
2014,7,8,-30.28,0.75,723.51,1,3.07,0.875,171.38,1,71.48,1,0.44,341.4,0.875
2014,7,9,-29.11,1,721.1,1,2,1,95.75,1,51.31,1,1.81,5.65,1
2014,7,10,NA,0.625,715.58,1,3.58,1,201.38,1,72.45,1,2.66,253.74,1
2014,7,11,-46.03,1,720.96,1,5.81,0.875,244.29,0.875,69.04,1,5.76,246.01,0.875
2014,7,12,NA,0.375,723.1,1,2.24,0.875,278.57,0.875,57.14,1,1.7,267.69,0.875
2014,7,13,-35.44,1,721.3,1,NA,0.625,285.62,1,48.41,1,NA,NA,0.625
2014,7,14,-39.44,0.875,723.8,1,3.31,1,300.5,1,67,1,3.29,299.88,1
2014,7,15,-35.66,0.875,725.49,1,2.46,0.875,313.14,0.875,68.93,1,2.42,311.47,0.875
2014,7,16,-25.83,1,726.48,1,2.11,0.875,174.62,1,35.34,1,1.83,349.46,0.875
2014,7,17,-25.17,0.75,730.49,1,4.3,0.75,203.71,0.875,63.6,1,1.95,318.35,0.75
2014,7,18,NA,0.625,728.8,1,NA,0.25,37.29,0.875,63.45,1,NA,NA,0.25
2014,7,19,-25.82,0.75,726.29,1,NA,0.625,38.33,0.75,61.51,1,NA,NA,0.625
2014,7,20,-28.15,1,729.18,1,NA,0.375,NA,0.5,69.98,1,NA,NA,0.375
2014,7,21,-28.68,1,736.41,1,NA,0.625,160.25,1,61.06,1,NA,NA,0.625
2014,7,22,-27.9,1,746.19,1,2.58,1,203.25,1,48.36,1,1.44,322.15,1
2014,7,23,-23.03,0.75,744.45,1,2.94,0.875,292.5,1,52.53,1,2.27,337.49,0.875
2014,7,24,-17.03,0.875,729.35,1,NA,0.125,247.57,0.875,50.43,1,NA,NA,0.125
2014,7,25,-19.53,1,747.05,1,NA,0.5,285.86,0.875,48.48,1,NA,NA,0.5
2014,7,26,-16.23,0.875,754.8,1,NA,0.375,241.71,0.875,47.35,1,NA,NA,0.375
2014,7,27,-13.71,0.875,743.15,1,NA,0.375,325.75,1,63.19,1,NA,NA,0.375
2014,7,28,NA,0.625,746.4,1,NA,0.375,214.12,1,35.41,1,NA,NA,0.375
2014,7,29,-17.03,1,749.45,1,9.65,0.75,325.12,1,46.84,1,9.56,326.25,0.75
2014,7,30,-16.34,1,747.23,1,NA,0.625,326.83,0.75,72.69,1,NA,NA,0.625
2014,7,31,-20.93,0.875,751.39,1,NA,0.5,290.25,1,67.25,1,NA,NA,0.5
2014,8,1,NA,0.5,748.98,1,NA,0.125,268.14,0.875,48.51,1,NA,NA,0.125
2014,8,2,-10.85,1,731.89,1,NA,0.375,NA,0.625,53.95,1,NA,NA,0.375
2014,8,3,-15.64,0.875,728.36,1,NA,0.375,283.5,0.75,51.48,1,NA,NA,0.375
2014,8,4,-19.95,1,737.66,1,NA,0.625,209.75,1,56.45,1,NA,NA,0.625
2014,8,5,-18.04,1,746.49,1,2.52,1,211.88,1,37.88,1,2.36,343.16,1
2014,8,6,-20.45,1,748.35,1,3.5,0.75,44.88,1,54.61,1,3.43,14.09,0.75
2014,8,7,-17.09,1,743.5,1,3.76,0.875,106.75,1,53.18,1,2.29,342.91,0.875
2014,8,8,-17.8,0.875,735.16,1,NA,0.25,211.75,1,49.95,1,NA,NA,0.25
2014,8,9,-13.66,1,733.1,1,NA,0.25,70.5,1,46.6,1,NA,NA,0.25
2014,8,10,-23.11,0.875,725.49,1,NA,0.375,115.33,0.75,56.03,1,NA,NA,0.375
2014,8,11,-26.85,1,730.93,1,1.86,1,250.75,1,64.85,1,1.53,290.13,1
2014,8,12,-24.79,1,733,1,2.17,1,272.75,1,51.26,1,1.82,310.77,1
2014,8,13,-24.39,0.875,746.15,1,3.7,0.75,260.5,1,69.64,1,3.32,274.75,0.75
2014,8,14,-17.64,1,752.03,1,NA,0.5,307.25,1,41.76,1,NA,NA,0.5
2014,8,15,-11.81,0.875,739.19,1,NA,0.125,329.88,1,60.23,1,NA,NA,0.125
2014,8,16,-16.43,0.875,733.06,1,NA,0.625,297.5,1,43.79,1,NA,NA,0.625
2014,8,17,-15.6,0.875,725.74,1,NA,0.25,339.14,0.875,55.24,1,NA,NA,0.25
2014,8,18,-25.52,0.75,722.99,1,13.35,0.75,308.5,0.75,64.18,1,12.36,309.11,0.75
2014,8,19,-23.5,0.75,735.59,1,NA,0.375,323.25,1,42.91,1,NA,NA,0.375
2014,8,20,-17.92,0.75,734.3,1,NA,0.25,217.12,1,61.75,1,NA,NA,0.25
2014,8,21,-18.85,0.75,726.04,1,NA,0.5,171.75,1,61.6,1,NA,NA,0.5
2014,8,22,-22.96,1,724.51,1,NA,0.625,316.62,1,52.91,1,NA,NA,0.625
2014,8,23,-30.44,1,717.91,1,NA,0.625,194,1,74.65,1,NA,NA,0.625
2014,8,24,-31.73,1,730.64,1,2.12,1,146.62,1,65.88,1,1.06,356.14,1
2014,8,25,-26.73,0.75,739.93,1,4.01,1,233.5,1,40.06,1,2.98,305.58,1
2014,8,26,-21.46,0.875,736.3,0.875,NA,0.5,NA,0.5,42.1,0.875,NA,NA,0.5
2014,8,27,NA,0.625,741.55,0.75,NA,0.25,NA,0.625,32.43,0.75,NA,NA,0.25
2014,8,28,-14.9,1,747.18,1,NA,0.375,NA,0.625,65.21,1,NA,NA,0.375
2014,8,29,-15.49,1,748.33,1,NA,0.5,NA,0.5,70.91,1,NA,NA,0.5
2014,8,30,-16.36,1,743.45,1,NA,0.5,10.83,0.75,59.54,1,NA,NA,0.5
2014,8,31,-18.33,1,741.23,1,NA,0.25,88.14,0.875,70.81,1,NA,NA,0.25
2014,9,1,-18.14,1,741.93,1,NA,0.375,148.14,0.875,52.18,1,NA,NA,0.375
2014,9,2,-18.45,1,733.46,1,NA,0.375,NA,0.375,71.54,1,NA,NA,0.375
2014,9,3,-18.31,1,740.34,1,NA,0.375,178.75,1,49.18,1,NA,NA,0.375
2014,9,4,-22.61,1,732.81,1,5.03,0.75,239.25,1,68.55,1,4.92,260.95,0.75
2014,9,5,-23.6,1,739.96,1,1.71,0.875,217.12,1,66.43,1,1.2,317.09,0.875
2014,9,6,-23.49,1,742.82,1,2.91,1,172.12,1,45.95,1,1.75,351.43,1
2014,9,7,-19.83,0.875,734.85,1,NA,0.125,126.29,0.875,48.82,1,NA,NA,0.125
2014,9,8,-23.91,0.875,730.98,1,NA,0.25,NA,0.375,63.2,1,NA,NA,0.25
2014,9,9,-22.86,1,733.94,1,NA,0.625,210.5,1,51.15,1,NA,NA,0.625
2014,9,10,-19.62,0.75,725.51,1,NA,0.5,58.83,0.75,63.64,1,NA,NA,0.5
2014,9,11,-19.44,1,727.93,1,NA,0.375,NA,0.5,66.58,1,NA,NA,0.375
2014,9,12,-22.05,1,740.39,1,NA,0.5,NA,0.5,70.93,1,NA,NA,0.5
2014,9,13,-18.85,0.75,743.34,1,NA,0.125,39.33,0.75,62.69,1,NA,NA,0.125
2014,9,14,-18.72,0.75,746.05,1,NA,0.375,194.25,1,39.59,1,NA,NA,0.375
2014,9,15,-20.24,1,747.04,1,2.06,1,186.12,1,31.98,1,1.51,276.66,1
2014,9,16,-23.6,0.875,749.69,1,1.85,1,261.75,1,80.15,1,1.54,297.38,1
2014,9,17,-24.1,0.875,750.24,1,2.45,1,217.62,1,79.04,1,0.96,308.95,1
2014,9,18,NA,0.625,741.69,1,NA,0.5,117.5,1,37.78,1,NA,NA,0.5
2014,9,19,-18.53,0.875,734.25,1,NA,0.25,147.88,1,41.89,1,NA,NA,0.25
2014,9,20,-24.22,0.75,736.65,1,NA,0.25,90,0.75,60.54,1,NA,NA,0.25
2014,9,21,-19.3,1,731.89,1,NA,0.25,NA,0.25,78.81,1,NA,NA,0.25
2014,9,22,-22.76,1,734.28,1,NA,0.25,71.5,1,61.9,1,NA,NA,0.25
2014,9,23,-27.01,1,734.26,1,3.44,1,131.75,1,62.75,1,2.33,21.37,1
2014,9,24,-28.24,0.875,741.67,1,3.49,1,131.62,1,51.2,1,2.37,357.74,1
2014,9,25,NA,0.625,741.09,1,10.88,0.75,217,0.875,51.68,1,9.38,331.73,0.75
2014,9,26,-7.12,0.75,749.36,1,NA,0.375,301,1,56.2,1,NA,NA,0.375
2014,9,27,-7.83,0.75,750.04,1,NA,0.375,148.71,0.875,53.24,1,NA,NA,0.375
2014,9,28,-7.08,0.75,759.94,1,NA,0.125,228.25,1,43.09,1,NA,NA,0.125
2014,9,29,-5.91,1,760.16,1,NA,0.375,162.38,1,47.51,1,NA,NA,0.375
2014,9,30,-7.75,1,753.11,1,NA,0.375,59,1,62.68,1,NA,NA,0.375
2014,10,1,-9.2,1,751.63,1,NA,0.5,137.12,1,44.4,1,NA,NA,0.5
2014,10,2,-14.84,1,746.88,1,1.91,1,276.12,1,47.93,1,1.57,321.08,1
2014,10,3,NA,0.5,745.24,1,NA,0.5,157.33,0.75,75.19,1,NA,NA,0.5
2014,10,4,-18.01,1,746.41,1,2.79,0.875,156.38,1,55.55,1,1.65,0.62,0.875
2014,10,5,NA,0.375,744.54,1,NA,0.25,233.62,1,47.4,1,NA,NA,0.25
2014,10,6,-7.63,1,734.99,1,NA,0.5,331.25,1,63.7,1,NA,NA,0.5
2014,10,7,-17.24,1,730.25,1,NA,0.5,258.57,0.875,62.63,1,NA,NA,0.5
2014,10,8,-20.87,0.875,740.06,1,NA,0.625,230.5,1,79.07,1,NA,NA,0.625
2014,10,9,-15.66,1,754.11,1,14.37,0.875,272.88,1,78.65,1,13.49,271.62,0.875
2014,10,10,-16.27,0.875,741.9,1,NA,0.5,301.17,0.75,65.76,1,NA,NA,0.5
2014,10,11,-24.55,0.75,741.29,1,14.79,0.875,265.75,1,77.06,1,13.5,271.48,0.875
2014,10,12,-12.61,1,737.88,1,NA,0.625,298.83,0.75,72.76,1,NA,NA,0.625
2014,10,13,-18.94,0.875,731.86,1,NA,0.625,267.62,1,73.11,1,NA,NA,0.625
2014,10,14,NA,0.625,732.93,1,3.52,0.75,190.12,1,63.11,1,2.01,243.69,0.75
2014,10,15,-18.48,1,724.11,1,NA,0.625,166.38,1,50.41,1,NA,NA,0.625
2014,10,16,-21.76,1,723.65,1,1.54,1,130,1,65.38,1,0.71,336.22,1
2014,10,17,-22.24,1,719.61,1,NA,0.375,139.38,1,52.49,1,NA,NA,0.375
2014,10,18,-22.11,0.875,710.94,0.875,NA,0,NA,0,75.51,0.875,NA,NA,0
2014,10,19,-23.1,0.75,716.51,1,NA,0.625,59.88,1,50.64,1,NA,NA,0.625
2014,10,20,-24.78,1,725.84,1,1.34,1,206.5,1,38.55,1,0.7,310.8,1
2014,10,21,-23.22,1,727.16,1,NA,0.625,131.25,1,54.69,1,NA,NA,0.625
2014,10,22,-24.53,1,724.65,1,2.6,0.875,204.5,1,51.45,1,1.48,291.93,0.875
2014,10,23,-24.3,1,727.36,1,2.01,1,205.38,1,69.29,1,1.64,255.53,1
2014,10,24,-24.98,1,725.43,1,1.69,1,248.25,1,64.35,1,1.58,252.14,1
2014,10,25,-23.88,1,733.11,1,3.78,0.75,137.38,1,65.59,1,0.52,132.44,0.75
2014,10,26,-20.35,1,742.71,1,12.37,0.75,71.88,1,72.49,1,12.24,50.34,0.75
2014,10,27,-18.03,1,745.49,1,2.3,0.875,125.5,1,51.59,1,1.42,322.34,0.875
2014,10,28,-22.06,1,746.14,1,2.34,1,156.38,1,70.25,1,1.33,249.52,1
2014,10,29,-22.47,1,747.29,1,1.43,1,214,1,59.31,1,0.47,275.78,1
2014,10,30,-22.41,1,738.65,1,1.36,1,253.62,1,66.06,1,0.78,293.95,1
2014,10,31,-27.34,1,732.86,1,1.6,0.75,173.88,1,75.85,1,0.32,281.36,0.75
2014,11,1,-29.26,1,730.04,1,NA,0.5,246.25,1,74.75,1,NA,NA,0.5
2014,11,2,-29.79,1,736.29,1,NA,0.375,212.17,0.75,74.5,1,NA,NA,0.375
2014,11,3,-21.05,0.75,737.93,1,2.11,0.875,127.75,1,78.11,1,1.42,336.26,0.875
2014,11,4,-21.63,1,740,1,1.8,1,192.5,1,70.69,1,0.78,326.67,1
2014,11,5,-22.54,1,741.04,1,1.82,1,110.12,1,65.46,1,0.93,347.82,1
2014,11,6,-17.83,1,745.43,1,3.06,0.875,185.12,1,60.23,1,2.54,44.96,0.875
2014,11,7,-18.77,0.875,746.06,1,3.6,0.875,197.75,1,50.24,1,1.05,281.98,0.875
2014,11,8,-18.96,1,745.24,1,NA,0.625,42.5,1,47.19,1,NA,NA,0.625
2014,11,9,-16.39,0.875,744.9,1,NA,0.625,146,1,48.6,1,NA,NA,0.625
2014,11,10,-17.08,1,749.35,1,1.84,1,270.75,1,68,1,1.41,255.41,1
2014,11,11,-17.26,0.875,751.71,1,1.93,1,213.25,1,59.61,1,1.07,259.45,1
2014,11,12,-17.34,1,749.35,1,1.35,1,120.5,1,57.46,1,0.21,11.22,1
2014,11,13,-22.18,1,743.78,1,2.7,0.875,105.12,1,73.98,1,1.09,50.66,0.875
2014,11,14,-20.17,1,737.69,1,2.01,1,37.12,1,48.78,1,1.81,28.99,1
2014,11,15,-19.38,1,731.58,1,3.12,1,92.88,1,65.41,1,2.87,48.18,1
2014,11,16,-22.81,1,740.95,1,8.49,1,236.88,1,76.09,1,8.44,236.73,1
2014,11,17,-23.4,1,744.1,1,4.63,0.75,155.75,1,61.51,1,2.99,234.5,0.75
2014,11,18,-19.89,1,736.48,1,0.9,1,212.12,1,36.95,1,0.28,195.22,1
2014,11,19,-25.42,1,739.82,1,3.12,1,192.12,1,65.45,1,2.44,232.36,1
2014,11,20,-21.81,1,746.36,1,1.43,1,91.12,1,47.11,1,1.18,31.54,1
2014,11,21,-15.81,1,743.73,1,2.26,1,135.38,1,42.54,1,1.24,29.72,1
2014,11,22,-13.5,1,743.68,1,1.45,1,218.62,1,59.47,1,0.99,355.95,1
2014,11,23,-15.73,1,747.35,1,2.14,1,181.5,1,76.1,1,0.58,276.9,1
2014,11,24,-18.35,1,748.63,1,1.45,1,217.38,1,70.76,1,0.91,246.82,1
2014,11,25,-19.58,1,747.18,1,1.79,1,165.38,1,67.4,1,0.98,277.71,1
2014,11,26,-19.58,1,744.04,1,2.16,1,190.88,1,64.35,1,0.81,355.93,1
2014,11,27,-18.16,1,746.21,1,2.71,0.875,223.75,1,56.65,1,2.44,259.14,0.875
2014,11,28,-19.7,1,750.38,1,4.19,0.875,172.88,1,58.01,1,1.04,170.09,0.875
2014,11,29,-23.85,1,748.41,1,NA,0.625,143.75,1,63.06,1,NA,NA,0.625
2014,11,30,-21.7,1,746.74,1,1.8,0.875,103,1,58.01,1,1.2,41.63,0.875
2014,12,1,NA,0.5,745.12,1,4.27,0.875,176.75,1,66.31,1,3.49,246.75,0.875
2014,12,2,NA,0.5,739.78,1,2.08,1,119.25,1,67.81,1,1.36,66.91,1
2014,12,3,-15.92,0.75,740.48,1,3.16,0.875,72.5,1,65.64,1,3.05,41.13,0.875
2014,12,4,-12.14,1,742.59,1,NA,0.5,232.75,1,63.45,1,NA,NA,0.5
2014,12,5,NA,0.25,743.5,1,1.26,1,211.75,1,66.68,1,0.43,324.94,1
2014,12,6,-13.13,0.75,739.78,1,2.22,1,194.62,1,61.8,1,1.71,230.67,1
2014,12,7,NA,0.5,737.33,1,2.34,1,173.38,1,72.38,1,1.88,235.35,1
2014,12,8,-16.45,0.75,735.05,1,2.93,1,196.5,1,75.13,1,2.19,223.44,1
2014,12,9,-18.67,0.875,737.24,1,3.41,1,111.12,1,72.09,1,0.5,45.45,1
2014,12,10,NA,0.375,740.18,1,NA,0.5,139,1,68.74,1,NA,NA,0.5
2014,12,11,NA,0,744.45,1,0.9,1,164.5,1,64.55,1,0.44,158.74,1
2014,12,12,NA,0.625,746.63,1,2.07,0.75,150.62,1,68.9,1,1.82,136.64,0.75
2014,12,13,NA,0.375,747.6,1,1.46,1,137.75,1,74.74,1,0.41,148.47,1
2014,12,14,NA,0,749.74,1,0.88,1,157.62,1,49.25,1,0.54,189.47,1
2014,12,15,NA,0.375,747.7,1,1.5,1,146.12,1,62.53,1,0.26,135.82,1
2014,12,16,NA,0.25,746.03,1,1.4,1,100.12,1,61.96,1,0.69,99.36,1
2014,12,17,NA,0,748.29,1,0.81,1,120.75,1,61.64,1,0.43,85.7,1
2014,12,18,NA,0.375,751.23,1,1.66,1,59.12,1,33.69,1,1.65,54.18,1
2014,12,19,NA,0.5,747.13,1,1.81,1,129.62,1,45.53,1,0.38,79.45,1
2014,12,20,NA,0.625,744.57,1,2.38,0.75,148.12,1,56.35,1,1.27,216.65,0.75
2014,12,21,NA,0.5,744.31,1,NA,0.625,134.62,1,73.96,1,NA,NA,0.625
2014,12,22,-16.85,0.75,743.94,1,NA,0.5,150.75,1,63.45,1,NA,NA,0.5
2014,12,23,-16.97,0.875,747.41,1,4.83,0.875,161.75,1,69.05,1,0.81,104.61,0.875
2014,12,24,NA,0.5,746.99,1,2.51,1,173.12,1,69.63,1,0.73,236.64,1
2014,12,25,-17.3,0.75,744.51,1,2.62,1,76.25,1,74.59,1,2.28,59.83,1
2014,12,26,-16.97,0.75,741.65,1,2.96,1,217.38,1,66.1,1,2.26,232.34,1
2014,12,27,-17.87,0.75,742.39,1,4.1,1,194.75,1,61.65,1,1.66,248.7,1
2014,12,28,NA,0.125,746.76,1,1.62,1,234.25,1,65.73,1,1.1,255.39,1
2014,12,29,NA,0.625,748.83,1,NA,0.5,157.25,1,60.51,1,NA,NA,0.5
2014,12,30,-10.86,0.875,748.78,1,NA,0.25,NA,0.625,69.49,1,NA,NA,0.25
2014,12,31,-11.9,1,746.81,1,NA,0.25,75,0.75,72.6,1,NA,NA,0.25
2015,1,1,-10.81,1,747.69,1,NA,0.5,75.12,1,78,1,NA,NA,0.5
2015,1,2,-9.93,0.75,749.84,1,4.57,0.875,191.12,1,68.18,1,0.8,278.46,0.875
2015,1,3,NA,0.625,754.03,1,NA,0.5,132.75,1,58.68,1,NA,NA,0.5
2015,1,4,-9.37,0.75,753.26,1,3.3,0.875,211.88,1,69.26,1,2.86,244.16,0.875
2015,1,5,-9.9,0.75,755.21,1,2.64,1,234.38,1,77.95,1,2.47,258.26,1
2015,1,6,-10,0.75,757.58,1,2.92,1,257.75,1,78.29,1,2.36,257.54,1
2015,1,7,NA,0.25,754.06,1,1.84,0.875,142.75,1,77.8,1,0.26,313.94,0.875
2015,1,8,NA,0.5,750.8,1,NA,0.5,165.75,1,65.96,1,NA,NA,0.5
2015,1,9,NA,0.375,751.93,1,1.63,0.75,212.62,1,61.77,1,0.81,308.84,0.75
2015,1,10,NA,0.25,748.96,1,1.81,1,142.12,1,69.03,1,0.45,309.5,1
2015,1,11,NA,0.625,744.86,1,2.03,0.75,196.75,1,81.41,1,0.67,278.05,0.75
2015,1,12,NA,0.5,746.61,1,2.08,1,127.5,1,69.91,1,0.82,21.98,1
2015,1,13,NA,0.5,750.45,1,1.85,1,149.25,1,73.35,1,0.1,285.96,1
2015,1,14,NA,0.5,756.33,1,1.86,1,143.5,1,72.64,1,0.43,258.58,1
2015,1,15,NA,0.625,756.4,1,2,1,194.38,1,60.56,1,0.67,297.71,1
2015,1,16,NA,0.5,755.16,1,2.31,1,204,1,67.9,1,1.35,238.82,1
2015,1,17,-11.83,0.75,754.21,1,2.48,1,226.38,1,70.01,1,1.36,272.29,1
2015,1,18,NA,0.625,750.64,1,2.11,1,103.75,1,73.78,1,0.46,17.15,1
2015,1,19,NA,0.5,748.65,1,1.62,1,159.88,1,65.09,1,0.03,7.9,1
2015,1,20,NA,0.5,748,1,2.87,0.75,191.38,1,73.1,1,2.2,235.52,0.75
2015,1,21,NA,0.375,744.4,1,2.86,1,155.75,1,53.83,1,1.73,253.04,1
2015,1,22,-16.07,0.875,741.04,1,3.24,0.875,218.88,1,47.44,1,3.15,251.4,0.875
2015,1,23,-15.2,0.75,743.4,1,2.83,0.875,215.62,1,66.26,1,2.35,254.2,0.875
2015,1,24,NA,0.5,745.4,1,2.12,1,222.75,1,68.68,1,1.27,266.93,1
2015,1,25,-14.13,0.75,746.05,1,2.65,1,228.62,1,67.83,1,1.7,274.72,1
2015,1,26,NA,0.625,747.06,1,2.83,0.875,122.12,1,67.09,1,1.06,27.73,0.875
2015,1,27,-15.2,0.75,746.44,1,3.29,0.875,202,1,66.94,1,1.16,45.23,0.875
2015,1,28,NA,0.625,744.65,1,NA,0.625,218.12,1,66.66,1,NA,NA,0.625
2015,1,29,NA,0.375,740.38,1,1.56,0.875,179.38,1,61.81,1,0.54,283.39,0.875
2015,1,30,-13.81,1,737.95,1,NA,0.375,148.62,1,62.84,1,NA,NA,0.375
2015,1,31,-14.06,1,739.51,1,11.95,0.75,24.88,1,72.04,1,11.49,23.6,0.75
2015,2,1,-12.93,0.75,742.96,1,NA,0.5,212,1,67.4,1,NA,NA,0.5
2015,2,2,NA,0.375,743.65,1,1.73,1,158.25,1,63.26,1,0.56,334.26,1
2015,2,3,NA,0,749.22,1,1.05,1,151.25,1,59.23,1,0.55,26.55,1
2015,2,4,NA,0.375,756.44,1,2.01,1,67.38,1,51.65,1,1.53,36.3,1
2015,2,5,NA,0.25,755.38,1,2.33,1,63.12,1,62.94,1,2.12,35.33,1
2015,2,6,NA,0.375,756.29,1,1.9,1,191.12,1,66.8,1,1.2,344.56,1
2015,2,7,-8.94,0.875,750.24,1,3.2,1,150,1,71.68,1,1.34,26.25,1
2015,2,8,NA,0.375,746.16,1,2.24,1,162.75,1,73.19,1,1.71,0.62,1
2015,2,9,NA,0.25,745.68,1,1.32,1,157.38,1,48.29,1,0.7,342.82,1
2015,2,10,NA,0.625,747.96,1,2.46,0.875,211.12,1,66.68,1,1.66,303.39,0.875
2015,2,11,NA,0.25,739.05,1,1.48,1,83.75,1,72.29,1,0.76,32.57,1
2015,2,12,NA,0.5,736.84,1,2.14,1,257.25,1,61.63,1,1.71,257.98,1
2015,2,13,NA,0.25,737.16,1,1.54,1,213.25,1,54.95,1,1.15,270.39,1
2015,2,14,NA,0.25,739.76,1,2.73,0.875,209.62,1,63.89,1,1.11,301.68,0.875
2015,2,15,-16.42,0.75,740.18,1,NA,0.625,83.75,1,66.45,1,NA,NA,0.625
2015,2,16,-14.42,0.75,737.27,0.875,NA,0.5,260.5,0.75,68.5,0.875,NA,NA,0.5
2015,2,17,-13.47,0.75,741.23,0.75,NA,0.375,NA,0.5,69.8,0.75,NA,NA,0.375
2015,2,18,-15.17,0.75,743.8,1,NA,0.25,173.88,1,40.89,1,NA,NA,0.25
2015,2,19,-17.45,0.75,735.84,1,NA,0.375,103.67,0.75,69.49,1,NA,NA,0.375
2015,2,20,NA,0.625,726.23,1,NA,0.375,78.38,1,56.15,1,NA,NA,0.375
2015,2,21,NA,0.625,739.49,1,2.4,1,178.75,1,63.07,1,1.5,317.94,1
2015,2,22,NA,0.625,745.14,1,2.67,1,165.25,1,71.66,1,1.6,346.98,1
2015,2,23,NA,0.5,742.59,1,2.22,1,177.25,1,60.4,1,1.06,317.54,1
2015,2,24,-16.86,1,744.32,1,3.81,1,91.62,1,64.01,1,2.27,4.5,1
2015,2,25,-14.25,0.75,738.64,1,NA,0.5,203.17,0.75,51.69,1,NA,NA,0.5
2015,2,26,-15.07,0.75,738.96,1,NA,0.25,171.12,1,64.99,1,NA,NA,0.25
2015,2,27,NA,0.125,743.44,1,1.55,1,157.25,1,68.84,1,0.78,276.38,1
2015,2,28,NA,0.375,747.8,1,2.2,0.75,211.62,1,76.04,1,0.65,308.52,0.75
2015,3,1,-10.53,0.875,747.89,1,1.55,1,77.25,1,29.3,1,1.09,7.65,1
2015,3,2,-6.7,1,745.55,1,1.73,0.875,210.12,1,52.71,1,1.13,215.17,0.875
2015,3,3,-9.4,1,746.49,1,NA,0.625,128.62,1,58.54,1,NA,NA,0.625
2015,3,4,-17.39,1,755.31,1,3.38,0.75,112.12,1,78.43,1,0.49,10.02,0.75
2015,3,5,-17.34,1,756.91,1,NA,0.625,262.75,1,72.09,1,NA,NA,0.625
2015,3,6,-15.44,1,752.8,1,11.22,0.75,265.62,1,74.45,1,11.05,260.27,0.75
2015,3,7,-20.49,1,749.99,1,NA,0.125,245.75,1,78.54,1,NA,NA,0.125
2015,3,8,-18.3,0.875,744.81,1,5.95,0.75,211.88,1,65.02,1,3.88,302.15,0.75
2015,3,9,-25.54,0.875,744.86,1,2.58,1,171.88,1,72.71,1,1.94,271.32,1
2015,3,10,-28.81,1,745.69,1,NA,0.625,251,1,70.8,1,NA,NA,0.625
2015,3,11,-27.08,1,743.05,1,NA,0.5,251.62,1,76.31,1,NA,NA,0.5
2015,3,12,-23.3,0.75,740.54,1,NA,0.25,189.62,1,71.75,1,NA,NA,0.25
2015,3,13,-20.25,1,739.66,1,2.21,1,144.25,1,71.79,1,1.81,15.91,1
2015,3,14,-23.9,0.875,745.7,1,2.58,1,109.5,1,68.28,1,1.94,7.84,1
2015,3,15,-19.13,0.875,734.56,1,3.69,0.875,163,1,60.33,1,1.3,261.22,0.875
2015,3,16,-24.68,1,736.24,1,6.47,0.75,271.38,1,75.09,1,5.79,251.27,0.75
2015,3,17,-24.26,1,747.01,1,7.94,1,254.38,1,65.31,1,7.77,254.9,1
2015,3,18,-19.31,1,747.4,1,NA,0.5,229.75,1,56.8,1,NA,NA,0.5
2015,3,19,-21.39,1,738.11,1,1.39,0.875,220,1,73.64,1,0.78,303.23,0.875
2015,3,20,-21.59,0.875,735.2,1,2.8,0.75,203.5,1,49.3,1,2.09,274.7,0.75
2015,3,21,-15.73,1,737.6,1,1.49,0.875,278.88,1,67.29,1,1.22,298.33,0.875
2015,3,22,-22.06,1,733.66,1,NA,0.25,194,0.75,75.76,1,NA,NA,0.25
2015,3,23,-17.97,0.75,716.07,1,NA,0.625,223.57,0.875,78.25,1,NA,NA,0.625
2015,3,24,-20.49,1,726.84,1,NA,0.5,241.5,1,57.31,1,NA,NA,0.5
2015,3,25,-22.3,1,741.27,1,2.79,0.875,278.38,1,57.69,1,2.35,324.41,0.875
2015,3,26,-20.03,1,742.38,1,NA,0.625,175.88,1,62.44,1,NA,NA,0.625
2015,3,27,-15.66,1,738.45,1,2.98,1,235.38,1,70.64,1,1.63,290.86,1
2015,3,28,-18.64,1,741.44,1,NA,0.5,203.25,1,50.1,1,NA,NA,0.5
2015,3,29,-20.81,1,744.26,1,2.54,1,299.62,1,55.03,1,2.44,308.67,1
2015,3,30,-23.45,1,740.19,1,1.7,1,277.88,1,57.41,1,1.43,303.18,1
2015,3,31,-26.34,0.875,738.91,1,4.29,0.875,270,1,72.49,1,3.72,265.9,0.875
2015,4,1,-30.65,0.75,743.55,1,3.67,0.875,210.88,1,63.93,1,2.09,273.47,0.875
2015,4,2,-22.65,1,734.9,1,NA,0.5,134.75,1,58.41,1,NA,NA,0.5
2015,4,3,-23.71,0.875,735.32,1,2.34,1,70.25,1,68.6,1,1.92,18.2,1
2015,4,4,-19.16,1,732.53,1,1.59,1,211,1,79.71,1,1.39,352.54,1
2015,4,5,-19.86,1,738.71,1,2.11,1,225.25,1,66.35,1,1.2,315.08,1
2015,4,6,-19.25,1,743.51,1,2.84,1,263.25,1,53.55,1,2.19,288.93,1
2015,4,7,-20.31,1,744.53,1,2.54,1,320.25,1,53.41,1,2.43,323.01,1
2015,4,8,-23.2,0.875,742.68,1,2.23,0.875,173.38,1,66.63,1,1.8,350.17,0.875
2015,4,9,NA,0.5,741.11,1,5.79,0.875,230,1,67.4,1,5.21,254.16,0.875
2015,4,10,-22.79,1,743.1,1,NA,0.625,256.12,1,54.43,1,NA,NA,0.625
2015,4,11,-19.61,1,742.32,1,NA,0.625,264.75,1,53.01,1,NA,NA,0.625
2015,4,12,-18.63,1,736.75,1,2.76,1,236.12,1,59.16,1,2.13,328.12,1
2015,4,13,-19.59,1,739.65,1,NA,0.125,289.88,1,58.89,1,NA,NA,0.125
2015,4,14,-21.51,1,737.65,1,1.84,1,203.75,1,68.06,1,1.18,305.99,1
2015,4,15,-21.18,0.75,731.34,1,NA,0.625,207.62,1,62.06,1,NA,NA,0.625
2015,4,16,-22.23,0.75,719.64,1,2.78,0.75,197.25,1,66.4,1,1.11,289.95,0.75
2015,4,17,-35.26,0.875,724.79,1,NA,0.375,215.38,1,69.94,1,NA,NA,0.375
2015,4,18,-28,0.75,725.76,1,NA,0.625,193.5,1,65.51,1,NA,NA,0.625
2015,4,19,-22.78,1,723.19,1,2.7,0.875,133.12,1,73.58,1,2.43,14.32,0.875
2015,4,20,-23.5,1,725.46,1,1.84,1,258.75,1,61.5,1,1.3,332.2,1
2015,4,21,-25.76,1,727.07,1,2.42,1,247.38,1,68.29,1,1.88,279.09,1
2015,4,22,-22.45,1,731.16,1,NA,0.625,131.14,0.875,65.89,1,NA,NA,0.625
2015,4,23,-21.61,1,729.45,1,NA,0.125,202.17,0.75,55.14,1,NA,NA,0.125
2015,4,24,-23.26,1,732.62,1,2.9,0.875,164.62,1,60.88,1,1.31,336.9,0.875
2015,4,25,-23.39,1,734.32,1,3.24,1,244.5,1,61.15,1,2.87,273.72,1
2015,4,26,-23.22,1,736.69,1,2.51,1,216.62,1,60.2,1,2.02,305.02,1
2015,4,27,-20.56,1,741.31,1,4.26,1,136.38,1,44.23,1,4.01,5.78,1
2015,4,28,-19.24,1,742.55,1,10.09,0.875,32.62,1,31.09,1,9.83,33.04,0.875
2015,4,29,-17,1,740.54,1,3.4,0.75,249.88,1,16.44,1,3.22,283.23,0.75
2015,4,30,-19.96,1,731.56,1,2.48,1,245.88,1,38.71,1,1.94,331.67,1
2015,5,1,NA,0.625,720.85,1,NA,0.625,NA,0.625,73.55,1,NA,NA,0.625
2015,5,2,-24.85,0.75,736.38,1,NA,0.125,233,1,66.99,1,NA,NA,0.125
2015,5,3,-18.45,0.75,741.46,1,6.31,0.875,210.43,0.875,48.46,1,4.86,316.97,0.875
2015,5,4,-11.34,0.875,732.3,1,NA,0.5,175.25,1,53.26,1,NA,NA,0.5
2015,5,5,-18.92,1,735.55,1,NA,0.125,102.86,0.875,54.26,1,NA,NA,0.125
2015,5,6,-21.59,1,743.31,1,NA,0.625,160,1,50.74,1,NA,NA,0.625
2015,5,7,-21.23,0.875,738.2,1,NA,0.375,186.29,0.875,61.65,1,NA,NA,0.375
2015,5,8,-18.99,1,743.81,1,NA,0.625,256.62,1,46.14,1,NA,NA,0.625
2015,5,9,-19.07,0.875,751.86,1,1.56,0.875,282,1,27.96,1,1.41,324.02,0.875
2015,5,10,-14.97,0.875,742.71,1,NA,0.625,158.75,1,61.24,1,NA,NA,0.625
2015,5,11,-14.91,1,739.99,1,NA,0.5,180.43,0.875,69.36,1,NA,NA,0.5
2015,5,12,-16.83,0.875,749.39,1,2.48,1,212.38,1,59.75,1,2.33,343.14,1
2015,5,13,-15.85,1,747.45,1,2.22,1,178.88,1,57.29,1,1.72,8.22,1
2015,5,14,-17.8,1,745.24,1,2.74,1,237.88,1,67.79,1,2.06,335.81,1
2015,5,15,-15.75,1,739.26,1,1.95,1,120.75,1,74.15,1,0.78,22.94,1
2015,5,16,-22.24,1,746.33,1,3.5,0.875,181.88,1,75.66,1,1.88,301.46,0.875
2015,5,17,-13.17,0.75,742.76,1,NA,0.25,230.25,1,52.75,1,NA,NA,0.25
2015,5,18,-16.54,1,729.43,1,1.64,1,208.38,1,70.9,1,0.98,290.81,1
2015,5,19,-23.57,0.875,743.07,1,2.36,0.875,196.75,1,74.98,1,1.24,335.47,0.875
2015,5,20,NA,0.625,748.53,1,NA,0.25,254.71,0.875,69.55,1,NA,NA,0.25
2015,5,21,NA,0.625,743.95,1,NA,0.375,291.17,0.75,65.43,1,NA,NA,0.375
2015,5,22,NA,0.625,752.34,1,NA,0.375,250.75,1,42.26,1,NA,NA,0.375
2015,5,23,-13.09,0.875,750.58,1,NA,0.375,306.29,0.875,63.4,1,NA,NA,0.375
2015,5,24,-11.28,1,747.58,1,NA,0.5,191.57,0.875,63.03,1,NA,NA,0.5
2015,5,25,-15.36,0.875,738.93,1,5.58,0.75,66.62,1,80.88,1,5.34,43.29,0.75
2015,5,26,-29.9,0.75,733.74,1,5,0.75,180.5,1,74,1,3.4,252.92,0.75
2015,5,27,-25.39,0.875,745.35,1,1.75,0.75,176.38,1,47.11,1,0.56,328.99,0.75
2015,5,28,-15.84,0.875,755.33,1,2.66,1,181.5,1,24.99,1,1.67,323.32,1
2015,5,29,-12.75,1,757.21,1,NA,0.5,228.12,1,61.29,1,NA,NA,0.5
2015,5,30,-11.26,0.875,756.03,1,6.53,0.875,312.38,1,59.48,1,5.91,325.78,0.875
2015,5,31,-14.21,1,755.69,1,NA,0.5,312.88,1,66.7,1,NA,NA,0.5
2015,6,1,-14.44,1,759.88,1,10.17,0.75,281.62,1,71.64,1,9.69,310.77,0.75
2015,6,2,-16.35,1,751.11,1,NA,0.5,140,0.875,64.29,1,NA,NA,0.5
2015,6,3,-17.25,1,741.55,1,2.32,0.75,199,1,61.51,1,0.77,354.89,0.75
2015,6,4,-18.14,0.875,735.83,0.875,NA,0.625,NA,0.625,61.23,0.875,NA,NA,0.625
2015,6,5,-21.96,1,734.59,1,4.43,0.75,197.71,0.875,62.44,1,2.05,348.74,0.75
2015,6,6,-22.25,1,721.79,1,NA,0.625,NA,0.625,51.68,1,NA,NA,0.625
2015,6,7,-20.59,0.875,714.24,1,NA,0.625,288.67,0.75,52.29,1,NA,NA,0.625
2015,6,8,-32.35,1,731.79,1,4.13,0.875,276.62,1,73.9,1,3.75,253.46,0.875
2015,6,9,-33.2,1,738.06,1,2.1,1,193.38,1,73.99,1,1.32,329.59,1
2015,6,10,-23.85,1,729.99,1,2.88,1,207.38,1,49.56,1,2.02,345.81,1
2015,6,11,-19.9,0.75,716.68,1,3.46,0.875,172.38,1,57.22,1,1.71,336.51,0.875
2015,6,12,-31.03,1,725.84,1,2.04,1,196,1,72.7,1,1.26,330.51,1
2015,6,13,-33.38,1,737.38,1,9.53,0.75,246.88,1,67.91,1,9.51,247.15,0.75
2015,6,14,-30.11,0.875,742.38,1,4.47,0.75,224.12,1,60.34,1,3.86,276.08,0.75
2015,6,15,-33.38,1,740.73,1,1.65,1,199.25,1,69.25,1,1.27,273.73,1
2015,6,16,-36.08,1,740.28,1,NA,0.375,NA,0.375,72.41,1,NA,NA,0.375
2015,6,17,-34.65,1,739.83,1,NA,0.25,NA,0.25,72.93,1,NA,NA,0.25
2015,6,18,-31.94,1,739.73,1,6.35,0.75,270.25,1,71.05,1,5.96,251.55,0.75
2015,6,19,-25.43,0.875,748.89,1,1.74,0.875,278.62,1,36.1,1,1.24,315.53,0.875
2015,6,20,-19.04,1,750.04,1,2.36,1,272.88,1,30.76,1,2.1,326.51,1
2015,6,21,-16.79,1,742.78,1,3.95,0.75,214.75,1,38.15,1,2.36,276.83,0.75
2015,6,22,-16.6,0.875,735.8,1,NA,0.25,96.62,1,49.4,1,NA,NA,0.25
2015,6,23,-19.28,1,737.15,1,NA,0.5,253.88,1,49.76,1,NA,NA,0.5
2015,6,24,-22.89,1,731.35,1,NA,0.375,283.5,1,43.01,1,NA,NA,0.375
2015,6,25,NA,0.625,725.01,1,NA,0.375,94.62,1,44.16,1,NA,NA,0.375
2015,6,26,-27.64,1,727.9,1,3.25,1,164.25,1,56.48,1,2.15,355.77,1
2015,6,27,-27.81,1,734.3,1,1.43,1,287,1,40.45,1,1.24,329.52,1
2015,6,28,-24.16,1,737.43,1,2.35,1,51.62,1,44.99,1,2.13,20.07,1
2015,6,29,NA,0.625,743.04,1,NA,0.375,213.75,1,46.36,1,NA,NA,0.375
2015,6,30,-29.77,0.75,752.53,1,NA,0.5,252.88,1,51.98,1,NA,NA,0.5
2015,7,1,-20.43,0.875,755.46,1,2.09,1,253.25,1,16.78,1,1.63,295.29,1
2015,7,2,-15.85,1,755.63,1,NA,0.625,315,1,41.26,1,NA,NA,0.625
2015,7,3,-12.83,1,755.7,1,18.02,0.75,332.29,0.875,69.43,1,17.97,331.73,0.75
2015,7,4,-12.96,1,754.89,1,6.67,0.875,284.43,0.875,63.1,1,5.06,328.48,0.875
2015,7,5,-18.23,1,748.8,1,2.25,1,235.12,1,69.48,1,1.1,324.35,1
2015,7,6,-22.64,1,739.91,1,2.75,1,164,1,71.36,1,2.54,358.78,1
2015,7,7,-20.83,1,736.8,1,2.86,1,135.88,1,63.84,1,2.47,356.98,1
2015,7,8,-24.09,1,733.84,1,NA,0.375,215.5,1,68.05,1,NA,NA,0.375
2015,7,9,-22.37,1,734.51,1,NA,0.625,226.38,1,22.11,1,NA,NA,0.625
2015,7,10,-24.58,1,731.38,1,2.73,0.75,116,1,50.21,1,0.69,357.18,0.75
2015,7,11,-32.16,0.875,729.9,1,2.01,1,92.88,1,61.19,1,1.3,359.13,1
2015,7,12,-25.71,0.875,719.06,1,2.63,0.75,169.38,1,56.19,1,2.29,21.54,0.75
2015,7,13,-33.68,1,715.34,1,2.57,0.875,262.5,1,73.25,1,2.07,261.77,0.875
2015,7,14,-34.31,1,715.4,1,2.07,0.875,229.88,1,69.94,1,1.38,285.74,0.875
2015,7,15,-34.93,1,717.33,1,NA,0.625,197.25,1,63.45,1,NA,NA,0.625
2015,7,16,NA,0.25,722.63,1,NA,0.5,180.14,0.875,66.41,1,NA,NA,0.5
2015,7,17,-34.01,0.875,724.76,1,3.1,1,196.62,1,73.53,1,2.1,269.04,1
2015,7,18,-37.21,1,721.68,1,2.02,1,70.75,1,71.69,1,1.75,17.04,1
2015,7,19,-39.14,1,724.79,1,1.64,0.875,267,1,70,1,1.52,266.42,0.875
2015,7,20,-39.13,1,727.71,1,8.46,1,246.5,1,70.35,1,8.42,246.19,1
2015,7,21,-32.34,1,731.71,1,10.61,1,262,1,55.6,1,10.27,261.59,1
2015,7,22,-24.84,1,729.66,1,NA,0.625,212.62,1,55.48,1,NA,NA,0.625
2015,7,23,-24.11,1,726.57,1,2.45,1,277.62,1,49.81,1,2.14,330.76,1
2015,7,24,NA,0.625,714.26,1,NA,0.5,191.43,0.875,50.17,1,NA,NA,0.5
2015,7,25,-23.47,0.75,718.81,1,NA,0.625,258.57,0.875,44.68,1,NA,NA,0.625
2015,7,26,-25.91,1,713.39,1,NA,0.25,NA,0.5,62.21,1,NA,NA,0.25
2015,7,27,-31.01,0.875,727.79,1,1.89,0.875,219.38,1,46.7,1,1.82,352.2,0.875
2015,7,28,-30.72,1,735.68,1,1.99,1,217.88,1,52.36,1,1.73,347.04,1
2015,7,29,-28.36,0.875,725.79,1,3.56,0.875,189,1,38.51,1,2.67,323.27,0.875
2015,7,30,NA,0.625,718.41,1,3.77,0.75,233.5,1,55.34,1,2.69,266.03,0.75
2015,7,31,-33.5,0.875,725.59,1,3.79,0.875,231.75,1,60.56,1,2.95,257.26,0.875
2015,8,1,-34.32,0.75,734.58,1,3.77,0.875,141.75,1,49.04,1,1.58,295.58,0.875
2015,8,2,NA,0.375,730.05,1,3.1,1,171,1,68.75,1,1.39,282.69,1
2015,8,3,NA,0.625,746.03,1,NA,0.625,259,1,71.08,1,NA,NA,0.625
2015,8,4,-31.14,1,744.33,1,12.81,1,249.5,1,49.39,1,12.61,248.91,1
2015,8,5,-29.58,1,745.06,1,NA,0.625,255.5,1,34.19,1,NA,NA,0.625
2015,8,6,-28.31,1,745.38,1,2,0.875,285.88,1,43.26,1,1.69,282.74,0.875
2015,8,7,-25.78,1,738.26,1,2.02,1,130.5,1,34.96,1,1.36,2.55,1
2015,8,8,-21,1,725.14,1,2.49,0.875,278.5,1,36.56,1,2.03,294.77,0.875
2015,8,9,-24.49,0.875,720,1,4.36,0.875,199.5,1,69.69,1,2.21,301.4,0.875
2015,8,10,NA,0.625,719.53,1,2.7,0.875,227.12,1,64.61,1,1.37,308.77,0.875
2015,8,11,-34.04,1,717.8,1,NA,0.5,143.12,1,69.71,1,NA,NA,0.5
2015,8,12,-41.47,0.875,719.95,1,3.52,1,231.12,1,70.01,1,2.62,262.42,1
2015,8,13,-37.74,1,728.76,1,2.76,1,255.88,1,68.3,1,2.06,292.63,1
2015,8,14,-32.18,0.75,734.26,1,3.87,0.875,243.5,1,35.21,1,3.56,264.13,0.875
2015,8,15,-31.41,1,738.04,1,4.82,1,267.62,1,38.23,1,4.72,266.42,1
2015,8,16,NA,0.5,721.91,1,NA,0.375,201.12,1,52.55,1,NA,NA,0.375
2015,8,17,-32.77,0.875,724.14,1,1.9,0.75,179.38,1,66.06,1,1.08,7.38,0.75
2015,8,18,-35.23,1,731.03,1,3.52,1,229.12,1,69.52,1,2.88,268,1
2015,8,19,NA,0.625,737,1,NA,0.625,257.62,1,57.43,1,NA,NA,0.625
2015,8,20,-15.74,0.875,737.78,1,NA,0.25,243.14,0.875,62.39,1,NA,NA,0.25
2015,8,21,-19.13,0.75,734.48,1,NA,0.625,336.88,1,52.14,1,NA,NA,0.625
2015,8,22,-24.09,1,729.11,1,NA,0.375,335.33,0.75,43.93,1,NA,NA,0.375
2015,8,23,-20.57,0.75,716.89,1,NA,0,297.12,1,45.6,1,NA,NA,0
2015,8,24,-29.55,0.75,723.3,1,NA,0.25,255.75,1,57.43,1,NA,NA,0.25
2015,8,25,-29.09,0.875,739.14,1,3.83,0.75,264.5,1,31.29,1,3.04,268.35,0.75
2015,8,26,-18.77,0.75,744.2,1,NA,0.25,265,1,34.89,1,NA,NA,0.25
2015,8,27,-17.25,0.75,728.85,1,NA,0.125,NA,0.375,62.9,1,NA,NA,0.125
2015,8,28,NA,0.625,727.09,1,NA,0.5,10.67,0.75,57.72,1,NA,NA,0.5
2015,8,29,-21.45,1,730.94,1,NA,0.25,130.38,1,41.02,1,NA,NA,0.25
2015,8,30,-26,0.875,729.21,1,NA,0.25,110.12,1,55.91,1,NA,NA,0.25
2015,8,31,-28.13,0.875,723.99,1,2.09,0.875,170.12,1,49.46,1,1.56,341.13,0.875
2015,9,1,-26.69,1,725.75,1,2.9,1,215.88,1,39.5,1,2.33,286.96,1
2015,9,2,-28.09,1,731.66,1,3.02,1,160.62,1,45.3,1,2.31,346.36,1
2015,9,3,-27.17,1,733.83,1,2.14,1,265.75,1,37.88,1,1.59,299.73,1
2015,9,4,-25.66,1,739.04,1,2.35,1,300.12,1,27.2,1,2.09,298.96,1
2015,9,5,-26.99,1,745.74,1,4.56,1,236.5,1,53.24,1,4.3,251.9,1
2015,9,6,-22.83,0.75,744.19,1,NA,0.375,306,1,56.71,1,NA,NA,0.375
2015,9,7,-22.24,0.875,739.88,1,11.8,0.75,239.75,1,70.01,1,9.98,283.35,0.75
2015,9,8,-18.07,0.75,746.57,1,1.89,0.875,100.25,1,55.6,1,1.43,15.16,0.875
2015,9,9,-12.91,1,736,1,NA,0.375,291,0.875,61,1,NA,NA,0.375
2015,9,10,-20.01,1,736.06,1,4.26,0.875,119.25,1,76.93,1,2.86,333.01,0.875
2015,9,11,-17.34,0.875,730.69,1,NA,0.25,299.88,1,55.86,1,NA,NA,0.25
2015,9,12,-19.7,1,732.76,1,NA,0.625,315.38,1,54.86,1,NA,NA,0.625
2015,9,13,-15.08,1,736.63,1,NA,0.625,NA,0.625,59.69,1,NA,NA,0.625
2015,9,14,NA,0.25,734.97,1,NA,0.375,279.5,0.75,57.54,1,NA,NA,0.375
2015,9,15,-12.57,0.75,741.6,1,NA,0.5,329.5,0.75,65.65,1,NA,NA,0.5
2015,9,16,-14.53,0.75,744.11,1,NA,0.375,309.88,1,52.77,1,NA,NA,0.375
2015,9,17,-15.93,0.75,753.1,1,NA,0.125,327.86,0.875,40.9,1,NA,NA,0.125
2015,9,18,-11.81,1,747.25,1,NA,0.625,295.88,1,45.18,1,NA,NA,0.625
2015,9,19,-19.15,0.75,736.97,0.875,NA,0.25,326.86,0.875,51.16,1,NA,NA,0.25
2015,9,20,-18.08,1,730.71,1,NA,0.375,335.62,1,54.56,1,NA,NA,0.375
2015,9,21,NA,0.625,727.05,1,NA,0.25,241.88,1,63,1,NA,NA,0.25
2015,9,22,-32.22,0.75,735.6,1,NA,0.375,257.12,1,69.63,1,NA,NA,0.375
2015,9,23,-23.37,0.75,723.65,1,NA,0.625,100.25,1,69.75,1,NA,NA,0.625
2015,9,24,-31.54,1,727.66,1,2.29,1,163.62,1,73.38,1,1.68,342.76,1
2015,9,25,-31.84,1,734.35,1,1.65,1,279,1,64.26,1,1.51,329.53,1
2015,9,26,-25.63,0.875,727.55,1,NA,0.5,76.67,0.75,60.18,1,NA,NA,0.5
2015,9,27,-23.15,1,715.8,1,NA,0.5,40,0.875,54.75,1,NA,NA,0.5
2015,9,28,-27.29,1,721.73,1,3.83,0.75,228.38,1,46.55,1,1.12,2.37,0.75
2015,9,29,-27.19,0.875,727.49,1,NA,0.625,154.38,1,48.14,1,NA,NA,0.625
2015,9,30,-28.83,1,720.81,1,4.67,0.75,214.57,0.875,56.84,1,2.52,340.41,0.75
2015,10,1,-23.21,1,731.81,1,10.89,1,18.38,1,41.2,1,10.57,19.63,1
2015,10,2,-24.7,0.875,733.49,1,NA,0.625,76.25,1,66.57,1,NA,NA,0.625
2015,10,3,-25,1,736.86,1,1.23,0.75,249.88,1,61.28,1,0.72,296.96,0.75
2015,10,4,-23.54,1,741.1,1,3.81,1,238.25,1,50.86,1,3.02,264.6,1
2015,10,5,-23.47,0.875,742.54,1,NA,0.625,133.88,1,53.86,1,NA,NA,0.625
2015,10,6,NA,0.625,731.61,1,NA,0.25,175.5,1,35.94,1,NA,NA,0.25
2015,10,7,-21.7,1,728.05,1,1.66,1,224,1,60.16,1,1.2,279.21,1
2015,10,8,-22.24,1,729.35,1,2.81,1,224,1,65.74,1,2.41,254.06,1
2015,10,9,-21.24,1,728.61,1,3.38,1,192.88,1,56.53,1,1.66,323.55,1
2015,10,10,-23.86,1,726.65,1,NA,0.625,99,1,70.95,1,NA,NA,0.625
2015,10,11,-27.26,1,734.45,1,2.36,1,129.62,1,68.82,1,1.66,3.81,1
2015,10,12,-23.8,1,742.13,1,2.01,1,139.25,1,47.59,1,1.93,11.64,1
2015,10,13,-16.63,0.875,735.26,1,NA,0.5,234.12,1,41.84,1,NA,NA,0.5
2015,10,14,-16.35,1,727.11,1,NA,0.125,24.83,0.75,70.57,1,NA,NA,0.125
2015,10,15,-19.65,1,724.21,1,NA,0.25,8.33,0.75,55.14,1,NA,NA,0.25
2015,10,16,-19.24,1,740.9,1,NA,0.125,143,1,42.08,1,NA,NA,0.125
2015,10,17,-12.83,1,741.85,1,NA,0.375,298.75,1,49.24,1,NA,NA,0.375
2015,10,18,-12.34,0.875,749.44,1,NA,0.375,179.38,1,43.68,1,NA,NA,0.375
2015,10,19,-10.61,0.875,754.48,1,NA,0.5,310.12,1,53.69,1,NA,NA,0.5
2015,10,20,-13.8,1,756.9,1,1.15,0.75,224,1,70.1,1,0.3,358.73,0.75
2015,10,21,-14.71,1,740.68,1,NA,0.25,99.88,1,59.16,1,NA,NA,0.25
2015,10,22,-16.44,1,726,1,2.17,0.75,240.25,1,65.05,1,1.76,241.54,0.75
2015,10,23,-16.7,1,723.91,1,3.83,0.75,116.5,1,60.44,1,1.69,7.07,0.75
2015,10,24,-17.35,1,729.88,1,NA,0.625,89.38,1,68.08,1,NA,NA,0.625
2015,10,25,-19.66,1,736.03,1,2.04,1,150.38,1,71.53,1,0.96,314.42,1
2015,10,26,-22.5,0.875,739.57,1,1.41,1,120.75,1,74.45,1,0.76,8.71,1
2015,10,27,-21.83,1,738.93,1,1.49,1,161.38,1,65.27,1,0.73,10.52,1
2015,10,28,-22.24,1,734.71,1,1.15,1,206.25,1,52.54,1,0.71,273.45,1
2015,10,29,-24.04,0.875,732.75,1,1.88,1,150.88,1,55.01,1,0.89,24.8,1
2015,10,30,-19.49,1,736.46,1,2.19,1,214.25,1,62.46,1,1.68,356.64,1
2015,10,31,-21.41,1,740.05,1,2.37,0.875,164.38,1,72.2,1,1.65,5.88,0.875
2015,11,1,-26.53,0.875,742.53,1,4.1,0.75,208.5,1,68.68,1,3.28,251.37,0.75
2015,11,2,-18.64,0.875,745.99,1,NA,0.625,208.75,1,29.84,1,NA,NA,0.625
2015,11,3,-18.99,1,742.51,1,2.64,1,136,1,29.69,1,2.32,28.99,1
2015,11,4,-13.33,1,727.44,1,NA,0.625,145,1,50.41,1,NA,NA,0.625
2015,11,5,-16.23,1,719.29,1,NA,0.375,147.71,0.875,59.11,1,NA,NA,0.375
2015,11,6,-18.58,1,731.13,1,NA,0.625,10.75,1,56.78,1,NA,NA,0.625
2015,11,7,-16.15,1,734.15,1,NA,0.125,24.25,1,45.61,1,NA,NA,0.125
2015,11,8,-18.75,1,736.83,1,NA,0.625,176.88,1,52.36,1,NA,NA,0.625
2015,11,9,-21.39,1,735.64,1,2.01,1,89.75,1,66.01,1,1.28,58.4,1
2015,11,10,-22.55,1,735.91,1,NA,0.625,69.5,1,67.41,1,NA,NA,0.625
2015,11,11,-22.79,1,737.75,1,3.6,0.75,114.25,1,52.35,1,3.26,67.51,0.75
2015,11,12,-21.71,1,738.28,1,1.14,1,143.12,1,51.98,1,0.31,198.55,1
2015,11,13,-22.86,1,738.65,1,1.96,1,153.5,1,59.77,1,1.06,240.1,1
2015,11,14,-23.84,1,742.53,1,1.99,1,161.75,1,60.76,1,0.3,261.14,1
2015,11,15,-23.41,1,744.49,1,2.08,1,251.38,1,59.71,1,1.77,253.01,1
2015,11,16,-19.59,1,745.59,1,1.21,1,177.88,1,50.21,1,0.28,252.79,1
2015,11,17,-15.94,1,735.97,1,NA,0.5,47.43,0.875,47.01,1,NA,NA,0.5
2015,11,18,-17.55,0.75,731.74,1,NA,0.5,242.71,0.875,53.2,1,NA,NA,0.5
2015,11,19,-16.31,1,727.14,1,NA,0.625,63.67,0.75,61.14,1,NA,NA,0.625
2015,11,20,-17.46,1,724.75,1,NA,0.625,86.75,1,65.85,1,NA,NA,0.625
2015,11,21,-19.99,1,730.95,1,3.92,1,211.38,1,78.3,1,3.04,233.6,1
2015,11,22,-21.65,1,733.53,1,3.77,0.75,122,1,72.96,1,0.3,46.21,0.75
2015,11,23,-24.73,1,740.15,1,3.61,0.875,178.62,1,76.35,1,1.87,235.57,0.875
2015,11,24,-21.3,1,738.48,1,1.75,1,104,1,65.23,1,0.97,48.05,1
2015,11,25,-18.7,1,736.03,1,1.27,1,148.75,1,57.39,1,0.24,269.3,1
2015,11,26,-17.41,1,736.38,1,1.43,1,217.38,1,58.59,1,0.67,278.96,1
2015,11,27,-17.81,1,738.29,1,1.94,1,123.88,1,67.56,1,0.35,233.97,1
2015,11,28,-18.65,1,725.59,1,4.53,0.75,187.25,1,54.55,1,3.51,244.41,0.75
2015,11,29,-20.63,1,722.86,1,2.15,0.75,214,1,61.51,1,1.55,252.7,0.75
2015,11,30,-22.63,1,726.14,1,2.78,1,148.38,1,68.02,1,0.53,56.07,1
2015,12,1,-20.75,0.75,728.94,1,NA,0.625,142.75,1,66.66,1,NA,NA,0.625
2015,12,2,NA,0.625,730.19,1,3.2,0.875,241.62,1,67.41,1,2.68,241.05,0.875
2015,12,3,NA,0.625,733.58,1,2.25,1,224.5,1,53.66,1,1.66,238.09,1
2015,12,4,NA,0.5,737.44,1,2.17,1,193.38,1,46.1,1,0.3,235.59,1
2015,12,5,-16.41,0.875,738.28,1,NA,0.625,134.38,1,53.4,1,NA,NA,0.625
2015,12,6,-14.04,1,732.95,1,NA,0.625,40.43,0.875,67.8,1,NA,NA,0.625
2015,12,7,-15.3,0.875,737.66,1,7.22,0.75,178.12,1,68.51,1,1.85,56.76,0.75
2015,12,8,-16.71,1,742.14,1,8.76,0.875,100.38,1,73.9,1,6.1,58.56,0.875
2015,12,9,NA,0.625,751.06,1,NA,0.5,206.25,1,64.15,1,NA,NA,0.5
2015,12,10,-18.18,1,764.62,1,7.86,0.875,230.38,1,81.54,1,7.81,230.11,0.875
2015,12,11,NA,0.5,770.18,1,2.36,1,159.75,1,81.9,1,1.67,202.48,1
2015,12,12,-11.73,0.75,767.51,1,NA,0.625,174.88,1,44.11,1,NA,NA,0.625
2015,12,13,NA,0.625,759.36,1,3.29,1,136.62,1,71.85,1,1.1,243.68,1
2015,12,14,-14.02,0.75,754.14,1,2.94,0.875,196.38,1,80.41,1,2.32,239.34,0.875
2015,12,15,-16.07,0.75,744.55,1,NA,0.625,208.12,1,69.56,1,NA,NA,0.625
2015,12,16,NA,0.625,738.16,1,2.49,1,111.12,1,71.21,1,0.74,2.17,1
2015,12,17,NA,0.625,740.33,1,2.24,1,104.88,1,59.47,1,1.96,28.4,1
2015,12,18,NA,0.5,743.31,1,2.38,1,76.12,1,70.88,1,2.18,57.16,1
2015,12,19,NA,0.375,742.94,1,1.53,1,114.75,1,76.36,1,0.64,51.41,1
2015,12,20,NA,0.625,747.16,1,NA,0.625,196.5,1,69.18,1,NA,NA,0.625
2015,12,21,NA,0.5,747.7,1,3.09,1,215.5,1,60.88,1,1.05,244.39,1
2015,12,22,-18.38,1,752.35,1,6.75,1,238.12,1,75.81,1,6.61,237.24,1
2015,12,23,NA,0.5,762.73,1,2.73,0.875,55.62,1,53.19,1,2.64,41.63,0.875
2015,12,24,NA,0.625,755.45,1,4.82,0.75,172.25,1,67.15,1,2.82,326.92,0.75
2015,12,25,-5.48,1,753.3,1,NA,0.625,237.75,1,63.51,1,NA,NA,0.625
2015,12,26,-10.01,1,755.08,1,NA,0.375,277,1,79.1,1,NA,NA,0.375
2015,12,27,-13.2,0.75,754.78,1,3.71,0.875,131,1,69.58,1,1.67,217.57,0.875
2015,12,28,-13.35,0.75,742.46,1,2.29,1,44.12,1,74.6,1,2.23,40.53,1
2015,12,29,NA,0.375,740.05,1,2.08,1,185.88,1,78.64,1,0.7,225.43,1
2015,12,30,NA,0.25,746.25,1,2,1,182.62,1,81.16,1,1.15,219.15,1
2015,12,31,NA,0.625,750.71,1,2.51,1,98.38,1,71.91,1,1.19,37.96,1
2016,1,1,NA,0,NA,0,NA,0,NA,0,NA,0,NA,NA,0
2016,1,2,NA,0,NA,0,NA,0,NA,0,NA,0,NA,NA,0
2016,1,3,NA,0,NA,0,NA,0,NA,0,NA,0,NA,NA,0
2016,1,4,NA,0,NA,0,NA,0,NA,0,NA,0,NA,NA,0
2016,1,5,NA,0,NA,0,NA,0,NA,0,NA,0,NA,NA,0
2016,1,6,NA,0,NA,0,NA,0,NA,0,NA,0,NA,NA,0
2016,1,7,NA,0,NA,0,NA,0,NA,0,NA,0,NA,NA,0
2016,1,8,NA,0,NA,0,NA,0,NA,0,NA,0,NA,NA,0
2016,1,9,NA,0,NA,0,NA,0,NA,0,NA,0,NA,NA,0
2016,1,10,NA,0,NA,0,NA,0,NA,0,NA,0,NA,NA,0
2016,1,11,NA,0,NA,0,NA,0,NA,0,NA,0,NA,NA,0
2016,1,12,NA,0,NA,0,NA,0,NA,0,NA,0,NA,NA,0
2016,1,13,NA,0,NA,0,NA,0,NA,0,NA,0,NA,NA,0
2016,1,14,NA,0,NA,0,NA,0,NA,0,NA,0,NA,NA,0
2016,1,15,NA,0,NA,0,NA,0,NA,0,NA,0,NA,NA,0
2016,1,16,NA,0,NA,0,NA,0,NA,0,NA,0,NA,NA,0
2016,1,17,NA,0,NA,0,NA,0,NA,0,NA,0,NA,NA,0
2016,1,18,NA,0,NA,0,NA,0,NA,0,NA,0,NA,NA,0
2016,1,19,NA,0.375,746.45,0.75,1.85,0.75,259.17,0.75,58.62,0.75,1.14,290.28,0.75
2016,1,20,NA,0.5,747.63,1,2.11,0.875,143,1,79.39,1,0.33,114.75,0.875
2016,1,21,NA,0.25,747.41,1,1.36,1,100.88,1,75.57,1,1.18,46.52,1
2016,1,22,NA,0.375,744.36,1,2,1,105.25,1,77.03,1,1.5,30.15,1
2016,1,23,-13.3,0.875,736.51,1,3.31,1,267,1,71.84,1,2.62,266.13,1
2016,1,24,-12.34,0.875,737.9,1,NA,0.375,141.29,0.875,58.59,1,NA,NA,0.375
2016,1,25,-14.89,1,744.38,1,NA,0.25,112.12,1,62.26,1,NA,NA,0.25
2016,1,26,-15.09,1,745.55,1,4.27,0.75,113.75,1,61.81,1,1.65,359.24,0.75
2016,1,27,-16.29,1,743.33,1,NA,0.375,82.12,1,71.26,1,NA,NA,0.375
2016,1,28,-15.26,1,744.65,1,NA,0.25,NA,0.625,68.93,1,NA,NA,0.25
2016,1,29,-13.33,1,747.95,1,NA,0.5,NA,0.625,61.66,1,NA,NA,0.5
2016,1,30,NA,0.5,741.75,1,2.48,1,194,1,76.45,1,2.11,225.42,1
2016,1,31,NA,0.5,733.63,1,1.89,1,213.25,1,67.16,1,1.3,262.9,1
2016,2,1,-15.87,0.875,719.95,1,NA,0.25,NA,0.375,75.46,1,NA,NA,0.25
2016,2,2,-15.85,1,727.88,1,NA,0.25,NA,0.25,70.59,1,NA,NA,0.25
2016,2,3,-16.74,1,739.11,1,NA,0.375,45.86,0.875,73.4,1,NA,NA,0.375
2016,2,4,-18.95,0.75,736.99,1,4.55,0.75,94.25,1,72.63,1,4.24,49.68,0.75
2016,2,5,-19.13,0.875,735.59,1,4.8,0.875,221.62,1,67.43,1,2.55,249.06,0.875
2016,2,6,NA,0.25,741.49,1,1.84,1,203.12,1,63.34,1,0.61,334.51,1
2016,2,7,-18.48,0.75,741.38,1,2.84,1,207.75,1,55.45,1,1.3,286.46,1
2016,2,8,-20.26,0.875,737.61,1,3.19,1,124,1,67.61,1,2.58,49.01,1
2016,2,9,NA,0.375,740.13,1,1.75,1,222.62,1,68.63,1,1.13,261.14,1
2016,2,10,NA,0.25,742.89,1,1.68,1,90.62,1,75.49,1,1.25,74.74,1
2016,2,11,NA,0.5,742.39,1,1.76,1,209.12,1,70.56,1,1.4,276.4,1
2016,2,12,NA,0.375,746.4,1,1.56,1,139.62,1,69.01,1,1.05,347.47,1
2016,2,13,NA,0.25,747.9,1,1.45,1,169.75,1,77.95,1,0.58,243.56,1
2016,2,14,-23.44,0.875,748.49,1,3.88,1,166.25,1,75.46,1,1.05,278.06,1
2016,2,15,-23.53,0.75,740.78,1,NA,0.625,184.62,1,66.88,1,NA,NA,0.625
2016,2,16,NA,0.625,738.76,1,2.4,1,128.38,1,75.26,1,0.06,217.14,1
2016,2,17,NA,0.625,733.29,1,3.12,1,100.12,1,75.57,1,1.91,70.55,1
2016,2,18,-24.95,0.75,726.35,1,2.64,1,155.5,1,67.08,1,1.25,303.8,1
2016,2,19,-25.5,0.75,729.53,1,4.01,0.875,192.38,1,60.15,1,3.01,260.47,0.875
2016,2,20,-25.77,0.75,738.5,1,NA,0.5,246.38,1,69.96,1,NA,NA,0.5
2016,2,21,-25.57,0.75,738.74,1,4.7,0.75,240.62,1,68.95,1,4.63,257.27,0.75
2016,2,22,-26.9,0.75,734.56,1,2.85,0.75,119,1,63.2,1,2.56,2.23,0.75
2016,2,23,NA,0.5,737.47,1,2.01,1,200.75,1,44.6,1,1.07,309.55,1
2016,2,24,NA,0.5,742.44,1,3.04,1,144.25,1,61.39,1,1.43,318.28,1
2016,2,25,-11.37,0.875,738.36,1,NA,0.5,NA,0.5,67.01,1,NA,NA,0.5
2016,2,26,-13.91,0.875,748.03,1,3.24,1,217.75,1,67.06,1,1.44,276.57,1
2016,2,27,NA,0.625,754.29,1,2.56,1,219.12,1,64.2,1,1.75,316.47,1
2016,2,28,-21.67,0.75,748.69,1,3.53,0.75,95.5,1,76.09,1,1.63,61.07,0.75
2016,2,29,-20.22,1,744.7,1,8.83,0.875,59.25,1,78.35,1,8.74,58.21,0.875
2016,3,1,-18.79,1,739.3,1,4.08,0.75,136.62,1,78.49,1,2.31,68.41,0.75
2016,3,2,-18.34,1,740.73,1,1.78,1,152.62,1,75.18,1,0.9,336.38,1
2016,3,3,-20.47,1,734.4,1,2.59,1,235.88,1,72.76,1,1.49,272.84,1
2016,3,4,-20.15,1,735.41,1,2.72,1,143,1,60.25,1,1.13,298.96,1
2016,3,5,-18.26,1,740.18,1,2.65,0.75,162.88,1,60.51,1,1.31,356.28,0.75
2016,3,6,-18.25,1,736.75,1,1.5,1,223.25,1,68.71,1,1.11,268.52,1
2016,3,7,-18.45,1,736.03,1,3.49,0.875,250.38,1,66.34,1,2.71,282.59,0.875
2016,3,8,-16.33,1,738.18,1,1.85,1,240.62,1,57.24,1,1.66,279.92,1
2016,3,9,-15.66,1,743.49,1,2.04,1,220.12,1,57.03,1,1.23,325.89,1
2016,3,10,-19.14,1,740.97,1,2.76,0.875,191,1,62.8,1,2.04,255.48,0.875
2016,3,11,-20.23,1,737.23,1,1.6,1,190.62,1,75.29,1,1.14,336.85,1
2016,3,12,-20.38,1,737.64,1,1.41,1,240.25,1,53.41,1,1.1,297.19,1
2016,3,13,-23.49,1,737.64,1,1.6,1,151.62,1,70.24,1,1.02,337.58,1
2016,3,14,-19.89,1,739.45,1,1.76,1,260.62,1,52,1,1.15,318.96,1
2016,3,15,-19.72,1,741.69,1,3.2,0.875,305.62,1,50.36,1,2.84,294.06,0.875
2016,3,16,-22.58,1,740.34,1,2.12,1,257.5,1,56.69,1,1.61,330.3,1
2016,3,17,-23.71,1,741.74,1,1.6,1,319.88,1,53.63,1,1.47,322.74,1
2016,3,18,-25.26,1,746.71,1,2.15,1,236.62,1,65.04,1,1.68,262.78,1
2016,3,19,-28.29,0.875,741.21,1,NA,0.375,207.25,1,66.9,1,NA,NA,0.375
2016,3,20,-25.29,1,727.06,1,2.45,1,193.38,1,33.84,1,1.06,314.81,1
2016,3,21,-22.14,1,719.46,1,2.21,0.875,211.5,1,61.14,1,1.12,297.8,0.875
2016,3,22,-18.59,1,720.99,1,NA,0.375,NA,0.625,68.46,1,NA,NA,0.375
2016,3,23,-17.4,0.875,721.88,1,14.17,0.75,43.88,1,65.39,1,14.13,42.11,0.75
2016,3,24,-18.21,1,726.93,1,NA,0.5,NA,0.625,64.05,1,NA,NA,0.5
2016,3,25,-23.73,0.875,733.88,1,2.81,1,274.88,1,72.21,1,2.55,266.53,1
2016,3,26,-28.98,1,732.26,1,1.88,0.75,94.17,0.75,74.27,1,0.49,300.88,0.75
2016,3,27,-29.72,1,733.81,1,NA,0.375,NA,0.375,74.89,1,NA,NA,0.375
2016,3,28,-31.09,1,734.25,1,2.1,0.75,245.67,0.75,73.45,1,1.7,291.72,0.75
2016,3,29,-31.43,0.875,737.65,1,NA,0.5,NA,0.5,73.1,1,NA,NA,0.5
2016,3,30,NA,0.625,735.93,1,NA,0.375,139.75,1,71.3,1,NA,NA,0.375
2016,3,31,-26.46,1,735.8,1,1.95,1,215.12,1,68.79,1,1.04,293.88,1
2016,4,1,-31.61,0.875,743.9,1,2.17,1,153.5,1,73.5,1,0.85,285.14,1
2016,4,2,-31.47,0.875,742.26,1,4.5,0.875,264.5,1,72.3,1,4.44,250.72,0.875
2016,4,3,-27.76,0.875,739.34,1,NA,0.5,139.88,1,57.81,1,NA,NA,0.5
2016,4,4,-27.15,0.75,739.45,1,NA,0.5,184.25,1,68.18,1,NA,NA,0.5
2016,4,5,-22.46,1,732.41,1,3.64,0.875,216.88,1,69.95,1,1.82,286.78,0.875
2016,4,6,-25.83,0.75,731.59,1,4.35,0.75,169,1,58.65,1,1.31,303.28,0.75
2016,4,7,-16.31,1,721.97,1,NA,0.625,302,0.875,63.56,1,NA,NA,0.625
2016,4,8,-16.03,0.75,725.41,0.875,NA,0.625,277.57,0.875,66.59,0.875,NA,NA,0.625
2016,4,9,NA,0.5,733.14,1,2.22,1,167.25,1,47.51,1,1.15,0.04,1
2016,4,10,-24.87,0.75,740,1,NA,0.625,218.38,1,57.11,1,NA,NA,0.625
2016,4,11,-17.58,0.75,730.31,1,14.62,0.75,314.83,0.75,52.22,1,14.14,325.98,0.75
2016,4,12,-23.89,0.875,728.53,1,NA,0.25,254.75,1,63.43,1,NA,NA,0.25
2016,4,13,-23.94,1,737.44,1,NA,0.5,263.38,1,58.91,1,NA,NA,0.5
2016,4,14,-17.29,1,748.62,1,14.87,0.875,328.75,1,71.31,1,14.76,328.93,0.875
2016,4,15,-14.39,1,757.58,1,NA,0.625,299,1,49.84,1,NA,NA,0.625
2016,4,16,-14.31,1,756.8,1,NA,0.625,199.86,0.875,60.84,1,NA,NA,0.625
2016,4,17,NA,0.625,751.09,1,NA,0.375,222.43,0.875,54.83,1,NA,NA,0.375
2016,4,18,NA,0.625,751.88,1,NA,0.25,206.88,1,62.19,1,NA,NA,0.25
2016,4,19,-8.23,1,753.96,1,NA,0.375,276.5,1,62.56,1,NA,NA,0.375
2016,4,20,-12.94,1,757.7,1,1.49,1,129.38,1,83.19,1,0.68,359.07,1
2016,4,21,-14.71,1,756.83,1,1.85,1,251.88,1,77.01,1,1.42,300.77,1
2016,4,22,-15.35,1,751.97,1,2.04,0.875,236.75,1,65.08,1,1.7,333.32,0.875
2016,4,23,-18.79,0.875,746.45,1,1.78,0.75,244.62,1,48.38,1,1.39,292.28,0.75
2016,4,24,-19.86,1,750.07,1,1.62,1,183.25,1,68.2,1,0.74,308.78,1
2016,4,25,-23.51,1,741.36,1,4.46,0.875,140.5,1,70.21,1,2.29,270.21,0.875
2016,4,26,-22.25,1,737.29,1,NA,0.625,241.12,1,54.85,1,NA,NA,0.625
2016,4,27,-19.75,1,742.22,1,NA,0.625,234.38,1,31.49,1,NA,NA,0.625
2016,4,28,-22.81,1,738.32,1,1.21,1,189.12,1,57.21,1,0.91,321.59,1
2016,4,29,-23.91,1,741.35,1,NA,0.625,239.38,1,60.75,1,NA,NA,0.625
2016,4,30,NA,0.625,752.58,1,NA,0.375,256.25,1,55.99,1,NA,NA,0.375
2016,5,1,-16.96,1,751.69,1,2.8,0.875,237.25,1,50.04,1,2.34,314.31,0.875
2016,5,2,-20.01,1,745.29,1,2.2,1,176.12,1,73.91,1,2.02,3.95,1
2016,5,3,-20.23,1,744.96,1,2.4,1,133.88,1,66.79,1,2.04,4.71,1
2016,5,4,NA,0.625,739.55,1,NA,0.375,NA,0.625,71.7,1,NA,NA,0.375
2016,5,5,-17.15,1,732.2,1,NA,0.125,NA,0.5,60.36,1,NA,NA,0.125
2016,5,6,-18.04,0.875,745.08,1,2.8,0.75,244.75,1,47.41,1,1.15,263.32,0.75
2016,5,7,-14.09,0.875,734.6,1,NA,0.375,NA,0.625,70.74,1,NA,NA,0.375
2016,5,8,NA,0.625,742.39,1,NA,0.25,238.88,1,58.74,1,NA,NA,0.25
2016,5,9,NA,0.625,746.03,1,4.34,1,224.88,1,72.88,1,3.85,242.72,1
2016,5,10,-17.8,1,742.56,1,2.64,1,276.25,1,26.13,1,2.19,325.25,1
2016,5,11,-11.66,1,742,1,NA,0.125,115.5,1,49.93,1,NA,NA,0.125
2016,5,12,-12.46,1,746.3,1,NA,0.375,244.38,1,54.07,1,NA,NA,0.375
2016,5,13,-17.95,1,745.85,1,3.67,0.75,160.12,1,67.63,1,1.76,350.85,0.75
2016,5,14,-23.56,1,735.5,1,2.12,0.75,162.62,1,77.94,1,0.9,356.57,0.75
2016,5,15,-22.93,0.875,746.36,1,1.08,0.75,202.25,1,61.88,1,0.42,4.18,0.75
2016,5,16,-17.5,1,754.05,1,2.22,1,170.38,1,31.84,1,1.31,258.57,1
2016,5,17,-15.81,1,757.66,1,2.65,1,223.25,1,45.59,1,2.36,358.01,1
2016,5,18,-16.18,1,754.04,1,2.67,1,157.38,1,53.86,1,2.23,346.2,1
2016,5,19,-13,1,750.05,1,2.62,1,250.12,1,42.53,1,1.85,347.25,1
2016,5,20,-14.5,1,748.73,1,3.41,1,290.25,1,34.05,1,2.87,281.17,1
2016,5,21,-17.81,1,740.51,1,NA,0.375,242.62,1,50.83,1,NA,NA,0.375
2016,5,22,-25.96,1,729.57,1,1.88,1,155,1,72.81,1,0.88,357.33,1
2016,5,23,-28.55,0.75,717.21,1,2.63,0.75,258.29,0.875,71.94,1,2.36,287.07,0.75
2016,5,24,-26.18,1,724.66,1,NA,0.5,200.62,1,58.64,1,NA,NA,0.5
2016,5,25,-31.79,1,723.15,1,NA,0.5,286.5,1,61.04,1,NA,NA,0.5
2016,5,26,-27.3,1,728.53,1,1.98,0.75,213.62,1,55.96,1,1.06,305.41,0.75
2016,5,27,-25.44,1,723.96,1,NA,0.125,127,0.75,58.93,1,NA,NA,0.125
2016,5,28,-27.09,1,715.78,1,NA,0.5,115.75,1,59.18,1,NA,NA,0.5
2016,5,29,-26.3,1,732.16,1,2.48,1,246.75,1,44.54,1,1.91,331.8,1
2016,5,30,-25.41,0.875,728.24,1,NA,0.5,193.88,1,61.01,1,NA,NA,0.5
2016,5,31,-25.14,1,724.06,1,2.05,1,315.75,1,61.96,1,1.47,314.29,1
2016,6,1,-25.64,1,731.59,1,2.85,1,137.38,1,59.14,1,2.18,6.86,1
2016,6,2,-15.93,0.875,732,0.875,20.69,0.875,157.14,0.875,56.4,0.875,20.17,2.85,0.875
2016,6,3,-16.09,0.875,728.59,1,NA,0.375,161.62,1,68.13,1,NA,NA,0.375
2016,6,4,-17.37,0.75,729.18,1,NA,0.25,NA,0.5,64,1,NA,NA,0.25
2016,6,5,-20.33,0.875,736.09,1,NA,0,177.12,1,45.24,1,NA,NA,0
2016,6,6,-16.13,1,728.41,1,NA,0.5,173.5,0.75,58.76,1,NA,NA,0.5
2016,6,7,-18.56,0.875,731.93,1,NA,0,263.75,1,46.94,1,NA,NA,0
2016,6,8,-22.23,1,733.7,1,NA,0.625,259.5,1,40.86,1,NA,NA,0.625
2016,6,9,-21.4,1,728.3,1,2.58,1,209.38,1,50.05,1,2,264.82,1
2016,6,10,-23.08,1,720.72,1,3.07,0.75,288.38,1,59.61,1,2.48,275.71,0.75
2016,6,11,NA,0.625,725.98,1,1.54,1,229.38,1,66.03,1,0.8,258.08,1
2016,6,12,-39.59,0.875,729.48,1,3.03,0.875,58,1,68.59,1,2.96,56.34,0.875
2016,6,13,-27.53,0.875,731.93,1,NA,0.5,72.88,1,70.77,1,NA,NA,0.5
2016,6,14,-26.95,1,726.41,1,1.89,0.875,242.25,1,65.85,1,1.53,287.88,0.875
2016,6,15,-27.15,1,727.24,1,2.56,1,202.12,1,58.49,1,2.28,354.72,1
2016,6,16,-23.19,0.875,734.73,1,3.26,0.875,162.5,1,38.95,1,1.67,307.92,0.875
2016,6,17,-16.13,0.875,733.24,1,NA,0.5,181.71,0.875,64.96,1,NA,NA,0.5
2016,6,18,-17.71,1,728.08,1,NA,0.25,195.29,0.875,59.57,1,NA,NA,0.25
2016,6,19,-20.61,1,733,1,NA,0.625,239,1,68.93,1,NA,NA,0.625
2016,6,20,-25.16,1,735.31,1,2.16,1,227.38,1,76.98,1,1.53,346.19,1
2016,6,21,-26.54,0.875,741.88,1,3.43,0.75,146,1,67.83,1,0.99,295.79,0.75
2016,6,22,-26.48,0.75,745.13,1,NA,0.625,NA,0.625,72.95,1,NA,NA,0.625
2016,6,23,-34.16,1,739.82,1,NA,0.125,NA,0.125,71.21,1,NA,NA,0.125
2016,6,24,-34.13,0.75,738.85,1,NA,0.25,NA,0.25,72.32,1,NA,NA,0.25
2016,6,25,-27.34,1,730.95,1,NA,0.25,NA,0.25,73.91,1,NA,NA,0.25
2016,6,26,-23.6,1,720.19,1,2.58,1,271.62,1,21.7,1,1.98,307.68,1
2016,6,27,-29.41,1,721.79,1,2.82,1,153.5,1,61.96,1,2.05,352.66,1
2016,6,28,-32.56,1,726.38,1,2.69,1,111,1,60.84,1,2.52,23.18,1
2016,6,29,-29.29,0.875,729.7,1,3.29,1,61.5,1,48.66,1,3.18,14.32,1
2016,6,30,NA,0.625,727.48,1,NA,0.375,262.75,1,51.87,1,NA,NA,0.375
2016,7,1,-35.03,0.75,729.82,1,2.38,1,193.12,1,69.24,1,1.1,319.74,1
2016,7,2,-35.67,0.75,732.44,1,NA,0.5,254.67,0.75,60.29,1,NA,NA,0.5
2016,7,3,NA,0.5,736.34,1,NA,0.25,NA,0.625,63.11,1,NA,NA,0.25
2016,7,4,-17.6,0.75,736.24,1,NA,0.625,313.17,0.75,57.46,1,NA,NA,0.625
2016,7,5,-16.03,0.875,742.36,1,NA,0.625,328.5,1,56.12,1,NA,NA,0.625
2016,7,6,-12.6,1,740.95,1,NA,0.375,338.88,1,48.11,1,NA,NA,0.375
2016,7,7,-15.59,1,749.76,1,NA,0.5,256.12,1,32.4,1,NA,NA,0.5
2016,7,8,-13.89,0.875,748.2,1,NA,0.25,262.62,1,37.57,1,NA,NA,0.25
2016,7,9,-15.55,1,748.46,1,NA,0.5,257.75,1,38.3,1,NA,NA,0.5
2016,7,10,-18.01,1,746.78,1,4.5,0.875,175.62,1,50.51,1,2.83,299.12,0.875
2016,7,11,-18.96,1,739.28,1,NA,0.125,10,1,54.41,1,NA,NA,0.125
2016,7,12,-17.41,1,745.08,1,NA,0.5,81.75,1,44.48,1,NA,NA,0.5
2016,7,13,-17.85,1,740.1,1,NA,0.5,244.25,1,54.8,1,NA,NA,0.5
2016,7,14,-21.93,1,732.7,1,3.35,1,203.5,1,75,1,2.41,253.84,1
2016,7,15,-24.59,0.875,742.71,1,2.79,0.875,214.38,1,71.13,1,1.71,286.16,0.875
2016,7,16,-26.94,1,741.54,1,NA,0,NA,0,75.06,1,NA,NA,0
2016,7,17,NA,0.625,731.3,1,NA,0.375,NA,0.625,62.43,1,NA,NA,0.375
2016,7,18,-31.24,0.875,730.87,1,11.24,0.875,246.75,1,68.9,1,11.15,246.87,0.875
2016,7,19,-35.78,1,733.34,1,6.35,0.75,117.25,1,65.01,1,1.65,292.59,0.75
2016,7,20,-30.8,1,736.88,1,7.37,0.875,268.62,1,63.23,1,6.96,267.73,0.875
2016,7,21,-22.34,0.875,739.28,1,9.81,1,274.62,1,42.72,1,9.12,275.88,1
2016,7,22,-18.16,0.875,744.8,1,NA,0.375,227.5,1,62.28,1,NA,NA,0.375
2016,7,23,-14.04,0.875,750.75,1,NA,0.375,247.12,1,53.38,1,NA,NA,0.375
2016,7,24,-13.81,1,754,1,5.76,0.875,319.12,1,50.41,1,5.28,319.68,0.875
2016,7,25,-15.91,1,752.78,1,3.96,0.875,245.88,1,47.06,1,2.99,311.7,0.875
2016,7,26,-20.18,1,745.63,1,1.56,1,257.25,1,74.44,1,1.24,305.45,1
2016,7,27,NA,0.625,743.88,1,NA,0.25,NA,0.25,69.26,1,NA,NA,0.25
2016,7,28,-18.25,1,745.87,1,1.85,1,165.62,1,15.08,1,1.54,353.16,1
2016,7,29,-19.45,1,746.24,1,3.33,1,174.5,1,42.24,1,2.67,6.05,1
2016,7,30,-22.44,0.875,746.31,1,NA,0.25,239.88,1,45.2,1,NA,NA,0.25
2016,7,31,NA,0.625,735.44,1,6.66,0.875,160.5,1,45.76,1,3.41,277.27,0.875
2016,8,1,-36.43,0.75,731.74,1,NA,0.375,270.38,1,60.22,1,NA,NA,0.375
2016,8,2,-35.01,1,736.81,1,8.1,0.875,250.5,1,49.84,1,8.05,243.33,0.875
2016,8,3,-36.18,1,741.83,1,4.03,0.875,235.38,1,55.91,1,3.58,257.18,0.875
2016,8,4,-33.61,1,742.79,1,1.26,1,191,1,43.83,1,0.58,317.48,1
2016,8,5,-28.48,1,746.56,1,2.14,1,248.25,1,45.61,1,1.93,343.94,1
2016,8,6,-26.05,1,750.59,1,7.47,0.75,269.5,1,67.16,1,7.26,271.83,0.75
2016,8,7,-26.91,1,745.55,1,7.1,0.875,262.38,1,59.86,1,6.94,259.81,0.875
2016,8,8,-27.15,1,738.95,1,4.4,0.75,231.88,1,50.21,1,4.05,277.06,0.75
2016,8,9,-28.2,1,733.99,1,4.57,0.75,252.12,1,34.71,1,4.22,265.45,0.75
2016,8,10,-24.75,1,735.13,1,3.39,0.875,230,0.875,50.25,1,2.33,315.51,0.875
2016,8,11,-17.2,0.75,737.99,1,24.25,0.75,12,0.75,65.53,1,24.2,12.07,0.75
2016,8,12,-19.5,1,745.78,1,NA,0,NA,0,78.01,1,NA,NA,0
2016,8,13,-20.06,1,747.33,0.875,NA,0.125,70.43,0.875,54.11,1,NA,NA,0.125
2016,8,14,NA,0.625,760.38,1,NA,0.25,213.62,1,42.9,1,NA,NA,0.25
2016,8,15,-15.03,0.75,755.9,1,NA,0.125,248.38,1,48.33,1,NA,NA,0.125
2016,8,16,-21.29,0.875,752.85,1,NA,0.375,132.62,1,66.06,1,NA,NA,0.375
2016,8,17,-16.97,0.875,747.28,1,NA,0.375,NA,0.625,70.1,1,NA,NA,0.375
2016,8,18,-10.54,1,743.74,1,NA,0.5,291.57,0.875,58.71,1,NA,NA,0.5
2016,8,19,-17.66,1,742.21,1,NA,0.125,NA,0.625,59.26,1,NA,NA,0.125
2016,8,20,-15.51,1,746.3,1,NA,0.375,5.62,1,55.8,1,NA,NA,0.375
2016,8,21,-14.21,1,755.19,1,NA,0.375,274.38,1,42.09,1,NA,NA,0.375
2016,8,22,-16.94,1,755.57,1,2.6,1,228,1,30.6,1,1.72,294.59,1
2016,8,23,-21.51,1,748.69,1,2.24,0.875,254.88,1,42.51,1,1.66,261.4,0.875
2016,8,24,-20.85,1,740.68,1,2.88,1,219.5,1,46.6,1,1.68,304.96,1
2016,8,25,-21.74,1,734.74,1,NA,0.5,78.5,1,48.54,1,NA,NA,0.5
2016,8,26,-23.47,1,732.74,1,2.3,1,113.25,1,63.49,1,1.69,349.64,1
2016,8,27,-26.01,0.875,735.65,1,1.93,1,252.12,1,52.13,1,1.77,347.92,1
2016,8,28,NA,0.25,730.54,1,NA,0.5,242.14,0.875,46.06,1,NA,NA,0.5
2016,8,29,-16.63,0.75,730.46,1,NA,0.625,281.62,1,58.89,1,NA,NA,0.625
2016,8,30,NA,0.625,740.24,1,NA,0.375,254.67,0.75,71.25,1,NA,NA,0.375
2016,8,31,-21.11,0.875,733.46,1,1.59,1,123.75,1,21.09,1,1.35,7.36,1
2016,9,1,-21.57,0.875,722.29,1,2.28,0.75,131.86,0.875,70.23,1,1.54,358.69,0.75
2016,9,2,-21.01,0.875,718.14,1,NA,0.5,206.43,0.875,62.31,1,NA,NA,0.5
2016,9,3,-23.1,1,724.85,1,3.51,1,122.88,1,50.45,1,2.22,353.27,1
2016,9,4,NA,0.625,711.04,1,3.54,1,186.25,1,65.63,1,1.91,246.25,1
2016,9,5,-33.52,0.75,717.66,1,5.46,0.875,140,0.875,72.18,1,1.99,294.89,0.875
2016,9,6,NA,0.625,728.59,1,NA,0.5,279.75,1,48.35,1,NA,NA,0.5
2016,9,7,-18.8,0.875,720.91,1,NA,0.375,198.14,0.875,53.85,1,NA,NA,0.375
2016,9,8,NA,0.5,724.48,1,2.39,1,175.88,1,75.13,1,1.18,336.14,1
2016,9,9,-29.5,0.875,714.24,1,2.31,1,56.5,1,62.39,1,2.02,26.67,1
2016,9,10,-32.25,1,710.2,1,1.93,1,129.62,1,69.94,1,1.25,33.05,1
2016,9,11,-28.35,1,711.96,1,2.61,0.875,186.5,1,34,1,2.14,20.87,0.875
2016,9,12,-22.24,1,711.61,1,9.55,0.75,201.33,0.75,56.81,1,8.59,4.82,0.75
2016,9,13,-23.36,1,705.14,1,NA,0.5,NA,0.625,52.46,1,NA,NA,0.5
2016,9,14,-28.86,0.875,713.66,1,2.89,1,297.25,1,61.53,1,2.45,289.7,1
2016,9,15,-27.22,1,726.54,1,1.61,1,212.75,1,38.61,1,1.39,351.63,1
2016,9,16,-24.14,1,729.19,1,2.44,1,246.38,1,22.34,1,2.13,338.58,1
2016,9,17,-22.16,1,728.39,1,3.03,0.875,241.62,1,39.24,1,1.76,281.98,0.875
2016,9,18,-25.4,0.875,728.15,1,2.02,1,224.38,1,54.13,1,1.28,292.8,1
2016,9,19,-24.56,0.875,729.76,1,2.96,1,296.88,1,54.98,1,2.48,295.2,1
2016,9,20,-27.49,1,734.88,1,1.76,1,291.25,1,69.79,1,1.3,341.84,1
2016,9,21,-28.46,1,732.14,1,2.19,1,223.88,1,58.68,1,1.62,312.9,1
2016,9,22,-30.03,1,733.76,1,5.38,0.75,228.5,1,65.15,1,4.91,256.74,0.75
2016,9,23,-26.05,1,727.41,1,3.3,0.75,230.88,1,33.13,1,1.85,327.73,0.75
2016,9,24,-28.11,1,722.31,1,2.1,1,195.25,1,48.6,1,1.49,350.06,1
2016,9,25,-32.06,1,724.24,1,NA,0.625,178.5,1,66.06,1,NA,NA,0.625
2016,9,26,-23.17,0.75,721.09,1,NA,0.25,67.29,0.875,61.72,1,NA,NA,0.25
2016,9,27,-25.1,1,727.45,1,NA,0.5,48.83,0.75,73.63,1,NA,NA,0.5
2016,9,28,-29.1,1,730.56,1,NA,0.5,52.75,1,62.2,1,NA,NA,0.5
2016,9,29,-28.76,0.875,720.13,1,NA,0.375,NA,0.5,63.26,1,NA,NA,0.375
2016,9,30,-28.26,1,726.56,1,NA,0.625,238.75,1,44.3,1,NA,NA,0.625
2016,10,1,-30.33,1,730.81,1,4.03,0.75,213.62,1,49.05,1,1.66,264.46,0.75
2016,10,2,-29.56,0.875,734.09,0.875,1.67,0.875,133,0.875,62.09,0.875,1.09,338.37,0.875
2016,10,3,-25.59,1,742.25,1,2.1,1,206.62,1,42.26,1,1.73,337.97,1
2016,10,4,-19.56,1,737.85,1,NA,0.25,166.62,1,33.11,1,NA,NA,0.25
2016,10,5,-21,0.875,737.55,1,2.6,0.75,242.12,1,46.19,1,2.25,271.57,0.75
2016,10,6,-12.96,0.875,745.03,1,NA,0.25,175.12,1,46.58,1,NA,NA,0.25
2016,10,7,-19.63,0.875,746.33,1,2.45,1,138.12,1,45.31,1,0.69,11.62,1
2016,10,8,-15.96,1,746,1,1.98,1,188.88,1,43.11,1,1.12,327.8,1
2016,10,9,-15.53,0.875,756.09,1,2.22,1,242.75,1,58.47,1,1.65,327.16,1
2016,10,10,-12.58,0.75,752.48,1,NA,0.25,324,1,53.46,1,NA,NA,0.25
2016,10,11,-22.92,0.75,762.16,1,NA,0.625,253.29,0.875,60.84,1,NA,NA,0.625
2016,10,12,-11.32,0.75,757.88,1,12.26,1,273.25,1,63.08,1,10.43,272.48,1
2016,10,13,-9.81,1,749.19,1,NA,0.5,317.12,1,50.96,1,NA,NA,0.5
2016,10,14,-12.92,1,745.18,1,2.37,0.75,135.43,0.875,59.29,1,1.35,348.84,0.75
2016,10,15,-13.28,0.75,742.28,1,NA,0.125,298.88,1,63.59,1,NA,NA,0.125
2016,10,16,-9,1,743.39,1,NA,0.25,316.38,1,46.41,1,NA,NA,0.25
2016,10,17,-12.63,0.875,735.88,1,NA,0.625,197.29,0.875,55.16,1,NA,NA,0.625
2016,10,18,-10.16,0.875,733.4,1,NA,0.125,336.38,1,53.65,1,NA,NA,0.125
2016,10,19,-19.6,0.875,729.93,1,NA,0.5,118.25,1,74.59,1,NA,NA,0.5
2016,10,20,NA,0.625,736.68,1,11.77,0.875,260.38,1,67.66,1,11.46,254.42,0.875
2016,10,21,-16.8,1,739.75,1,NA,0.5,249.43,0.875,65.25,1,NA,NA,0.5
2016,10,22,-20.76,0.875,737.23,0.875,1.51,0.875,159.86,0.875,60.94,0.875,0.67,50.48,0.875
2016,10,23,-23.11,0.875,720.33,1,NA,0.375,140.71,0.875,69.61,1,NA,NA,0.375
2016,10,24,-19.93,0.75,707.6,1,NA,0.625,90.29,0.875,52,1,NA,NA,0.625
2016,10,25,-22.86,1,722.94,1,2.46,1,197.12,1,50.16,1,1.51,273.53,1
2016,10,26,-25.53,1,733.29,1,1.97,0.75,143.38,1,69.11,1,0.81,283.09,0.75
2016,10,27,-26.19,0.875,731.12,1,1.95,1,220.5,1,66.99,1,1.05,351.76,1
2016,10,28,-23.38,1,732.21,1,2,1,226,1,49.49,1,0.96,299.62,1
2016,10,29,-18.45,1,732.03,1,1.8,0.875,223.38,1,38.83,1,1.47,257.02,0.875
2016,10,30,-17.01,1,731.44,1,4.14,0.875,125.75,1,55.76,1,2.02,1.86,0.875
2016,10,31,-19.31,1,734.04,1,NA,0.375,41.5,1,64.81,1,NA,NA,0.375
2016,11,1,-19.9,1,736.55,1,1.66,1,191.75,1,70.83,1,0.47,284.68,1
2016,11,2,-20.21,0.875,740.35,1,NA,0.625,91.75,1,74.95,1,NA,NA,0.625
2016,11,3,-17.16,1,751.8,1,1.81,1,78.25,1,59.64,1,1.38,44.37,1
2016,11,4,-15.74,0.875,749.74,1,1.76,0.875,205.75,1,57.84,1,0.66,289.6,0.875
2016,11,5,-21.95,1,746.36,1,NA,0.625,199.12,1,76.76,1,NA,NA,0.625
2016,11,6,-16.79,0.875,748.89,1,1.35,1,163.12,1,49.63,1,0.46,270.32,1
2016,11,7,-14.23,1,755.65,1,1.51,1,210,1,39.41,1,0.67,286.75,1
2016,11,8,-15.59,1,756.2,1,2.44,1,106,1,48.58,1,1.19,336.81,1
2016,11,9,-17.35,1,750.85,1,1.99,1,182.5,1,65.78,1,0.62,283.02,1
2016,11,10,-16.33,0.875,746.71,1,NA,0.5,171.38,1,64.8,1,NA,NA,0.5
2016,11,11,-21.01,1,751.3,1,NA,0.375,173.5,1,68.94,1,NA,NA,0.375
2016,11,12,-18.76,1,751.29,1,NA,0.25,186.38,1,58.35,1,NA,NA,0.25
2016,11,13,-22.15,1,748.58,1,4.09,0.875,143.75,1,62.8,1,1.02,330.12,0.875
2016,11,14,-24.43,1,745.86,1,1.68,1,132.12,1,65.91,1,0.76,96.83,1
2016,11,15,-25.31,1,747.73,1,1.8,1,161.62,1,60.06,1,0.4,123.87,1
2016,11,16,-21.53,0.75,748.11,0.875,6.46,0.875,282.43,0.875,52.14,0.875,4.78,308.37,0.875
2016,11,17,-16.54,1,748.7,1,NA,0.125,220.5,1,63.29,1,NA,NA,0.125
2016,11,18,-16.3,1,746.55,1,NA,0.5,188.38,1,74.63,1,NA,NA,0.5
2016,11,19,-13.54,1,741.21,1,NA,0.5,117,0.75,70.33,1,NA,NA,0.5
2016,11,20,-14.74,1,738.15,1,13.2,0.875,79,1,69.53,1,13.03,54.72,0.875
2016,11,21,-16.78,1,746.4,1,NA,0.375,143.12,1,67.14,1,NA,NA,0.375
2016,11,22,-18.74,1,748.93,1,1.74,1,177.88,1,68.06,1,0.71,245.24,1
2016,11,23,-16.58,1,746.74,1,2.03,0.875,187.88,1,60.24,1,1.5,238.05,0.875
2016,11,24,-17.42,1,746.29,1,2.07,0.75,85,1,66.44,1,1.87,64.79,0.75
2016,11,25,-17.29,1,748.89,1,1.51,0.875,189.5,1,49.69,1,0.98,218.35,0.875
2016,11,26,-19.16,1,753.2,1,3.54,0.875,228.62,1,69.88,1,3.47,229.22,0.875
2016,11,27,-18.55,1,753.31,1,2.84,1,158,1,68.45,1,0.3,202.09,1
2016,11,28,-19.26,1,750.81,1,2.88,1,89.62,1,67.12,1,2.46,91.8,1
2016,11,29,-20.99,1,749.55,1,2.28,1,148.25,1,76.02,1,1.63,128.49,1
2016,11,30,-19.2,1,743.31,1,2.48,1,106.25,1,49.61,1,0.62,25.33,1
2016,12,1,-20.62,0.75,742.53,1,3.44,0.875,152,1,67.38,1,0.46,39.35,0.875
2016,12,2,NA,0.625,746.53,1,NA,0.5,159.75,1,63.96,1,NA,NA,0.5
2016,12,3,NA,0.5,748.36,1,1.63,0.875,189,1,55.23,1,1.07,269.07,0.875
2016,12,4,-18.46,0.875,741.21,1,NA,0.625,58,1,71.31,1,NA,NA,0.625
2016,12,5,-14.78,1,742.53,1,4.73,0.75,240.75,1,47.7,1,3.63,254.94,0.75
2016,12,6,-17.56,1,750.09,1,3.9,0.75,186,1,52.94,1,1.14,323.98,0.75
2016,12,7,NA,0.375,752.98,1,1.86,1,99.12,1,54.93,1,1.18,98.76,1
2016,12,8,NA,0.5,752.38,1,1.8,1,136.75,1,51.16,1,0.36,72.21,1
2016,12,9,-12.42,0.75,753.64,1,2.44,0.875,65.62,1,52.86,1,1.97,65.42,0.875
2016,12,10,NA,0.375,753.91,1,2.13,0.875,141.12,1,62.1,1,0.62,24.15,0.875
2016,12,11,-10.19,0.875,748.59,1,2.44,1,254.12,1,64.18,1,1.9,254.11,1
2016,12,12,-10.3,0.875,749.3,1,NA,0.625,103.86,0.875,61.39,1,NA,NA,0.625
2016,12,13,-10.98,0.75,759.26,1,2.68,1,221.25,1,73.2,1,2.35,230.58,1
2016,12,14,-12.32,0.75,761.15,1,3.16,1,134,1,76.64,1,0.25,152.97,1
2016,12,15,NA,0.375,754.86,1,2.12,1,157.25,1,64.94,1,0.9,234.49,1
2016,12,16,NA,0.125,753.13,1,1.15,1,160.25,1,65,1,0.59,72.62,1
2016,12,17,-14.3,1,755.74,1,7.5,0.75,252.12,1,61.79,1,7.35,249.69,0.75
2016,12,18,NA,0.375,755.78,1,1.48,0.75,104.62,1,58.73,1,1.29,51.62,0.75
2016,12,19,NA,0.375,755,1,1.51,1,92.62,1,56.64,1,0.84,48.79,1
2016,12,20,NA,0.625,755.29,1,1.86,1,54.75,1,61.07,1,1.68,40.45,1
2016,12,21,NA,0.5,758.03,1,2.72,1,171.38,1,76.71,1,1.47,220.43,1
2016,12,22,-10.87,0.875,760.69,1,3,1,133,1,78.04,1,0.65,279.1,1
2016,12,23,NA,0.5,762.39,1,2.93,0.75,184.75,1,77.69,1,1.95,234.93,0.75
2016,12,24,NA,0.375,763.21,1,1.52,1,108.12,1,60.3,1,1.05,59.24,1
2016,12,25,-9.8,0.75,756.76,1,2.71,1,77.62,1,58.03,1,1.45,32.95,1
2016,12,26,NA,0.25,758.04,1,1.91,1,127.12,1,75.76,1,0.3,324.04,1
2016,12,27,-8.82,0.75,757.61,1,3.02,1,117.12,1,60.95,1,2.09,42.49,1
2016,12,28,-5.38,0.75,755.09,1,3.99,0.875,144,1,73.65,1,0.86,311.71,0.875
2016,12,29,-6.46,0.875,756.3,1,3.55,1,145.62,1,75.37,1,0.54,218.63,1
2016,12,30,NA,0.625,757.9,1,2.05,1,158.88,1,69.79,1,1.19,7.25,1
2016,12,31,NA,0,NA,0,NA,0,NA,0,NA,0,NA,NA,0
2017,1,1,NA,0.375,756.45,1,2.82,0.75,169.75,1,64.66,1,1.47,342.81,0.75
2017,1,2,-2.52,0.75,750.73,0.75,NA,0.25,NA,0.5,62.6,0.75,NA,NA,0.25
2017,1,3,-8.3,1,753.3,1,NA,0.375,213.75,1,60.11,1,NA,NA,0.375
2017,1,4,-10.31,0.875,764.11,1,2.93,0.75,208.88,1,68.96,1,1.75,238.05,0.75
2017,1,5,NA,0.5,762.61,1,2.3,1,85.5,1,55.29,1,0.91,50.06,1
2017,1,6,NA,0.5,754.86,1,1.88,1,81.5,1,71.75,1,1.57,63.98,1
2017,1,7,NA,0.625,755.81,1,NA,0.375,167.75,1,49.45,1,NA,NA,0.375
2017,1,8,-8.4,0.75,755.6,1,3.35,0.75,141.12,1,59.47,1,2,234.12,0.75
2017,1,9,NA,0.5,754.59,1,3.1,1,141.12,1,73.71,1,0.35,293.29,1
2017,1,10,NA,0.625,755.43,1,2.71,0.875,117.12,1,77.26,1,1.26,132.7,0.875
2017,1,11,-14.12,0.75,760.14,1,3.39,1,205.12,1,70.08,1,2.86,220.4,1
2017,1,12,-13.81,0.875,765.14,1,5.89,1,156.75,1,62.24,1,1.45,284.14,1
2017,1,13,-11.94,0.875,767.14,1,NA,0.5,232.88,1,64.45,1,NA,NA,0.5
2017,1,14,NA,0.625,762.09,1,NA,0.625,133.75,1,76.5,1,NA,NA,0.625
2017,1,15,-14.05,0.75,753.95,1,3.12,0.75,97.62,1,76.93,1,0.33,37.12,0.75
2017,1,16,NA,0.25,756.54,1,2.01,0.875,128.12,1,74.75,1,0.85,180.36,0.875
2017,1,17,NA,0.625,759.19,1,2.39,1,212.75,1,75.28,1,2.07,233.21,1
2017,1,18,NA,0.375,755.98,1,1.59,1,117.75,1,46.46,1,0.54,346.42,1
2017,1,19,NA,0.25,755.06,1,1.51,1,121,1,32.35,1,0.59,14.37,1
2017,1,20,-16.09,0.875,759.05,1,2.59,1,163.62,1,56.4,1,1.17,64.56,1
2017,1,21,NA,0.5,752.09,1,6.28,0.75,192.75,1,63.93,1,5.58,356.95,0.75
2017,1,22,-10,0.875,741.57,1,7.52,0.75,221.5,1,66.66,1,6.68,339.68,0.75
2017,1,23,NA,0.625,750.88,1,2.24,1,174,1,71.32,1,1.18,257.97,1
2017,1,24,-16.59,0.875,761.18,1,4.23,0.875,230.75,1,80.29,1,4.07,233.39,0.875
2017,1,25,NA,0.25,757.84,1,1.29,1,199.62,1,75.58,1,1.14,219.6,1
2017,1,26,-19.6,0.875,754.18,1,5.17,0.75,233.12,1,71.85,1,5.05,235.07,0.75
2017,1,27,-19.37,0.75,760.16,1,4.26,0.875,98.75,1,63.83,1,2.17,44.62,0.875
2017,1,28,NA,0.375,750.7,1,2.33,1,94.5,1,53.81,1,0.64,34.38,1
2017,1,29,-10.44,1,744.29,1,NA,0.375,243.38,1,64.19,1,NA,NA,0.375
2017,1,30,NA,0.375,749.8,1,2.87,0.75,189.62,1,76.3,1,1.79,213.82,0.75
2017,1,31,-18.87,0.75,753.31,1,4,0.875,198.5,1,56.51,1,3.12,263.51,0.875
2017,2,1,-14.49,1,748.09,1,NA,0.5,278.12,1,37.81,1,NA,NA,0.5
2017,2,2,-15.18,1,744.82,1,7.13,0.75,213.88,1,45.21,1,4.27,281.65,0.75
2017,2,3,NA,0.625,746.53,1,2.84,1,88,1,73.63,1,2.16,44.28,1
2017,2,4,NA,0.625,753.05,1,2.99,0.875,108.5,1,72.73,1,1.01,296.69,0.875
2017,2,5,-11.39,0.875,745.11,1,NA,0.125,NA,0.625,70.98,1,NA,NA,0.125
2017,2,6,-12.37,0.75,761.53,1,NA,0.5,137.38,1,66.54,1,NA,NA,0.5
2017,2,7,NA,0.375,764.36,1,1.84,1,276,1,56.81,1,1.46,270.1,1
2017,2,8,NA,0.125,757.24,1,1.4,1,202.38,1,40.49,1,0.54,284.04,1
2017,2,9,NA,0.375,754.95,1,1.88,1,227.12,1,61.24,1,1.3,263.82,1
2017,2,10,NA,0.125,755.38,1,1.11,1,218,1,61.31,1,0.48,288.1,1
2017,2,11,NA,0.125,753.72,1,1.14,1,166.25,1,68.96,1,0.45,241.02,1
2017,2,12,NA,0.5,752.66,1,2.58,1,191.12,1,80.59,1,1.29,247.51,1
2017,2,13,NA,0.625,756.99,1,3.24,0.875,151.5,1,81.11,1,1.49,123.38,0.875
2017,2,14,NA,0.625,750.35,1,NA,0.25,230.25,1,55.04,1,NA,NA,0.25
2017,2,15,-10.94,1,743.29,1,4.01,0.875,97.5,1,69.35,1,1.42,5.77,0.875
2017,2,16,NA,0.625,746.21,1,NA,0.625,73.12,1,71.14,1,NA,NA,0.625
2017,2,17,-9.6,0.75,750.81,1,2.45,1,221.38,1,64.63,1,0.68,24.95,1
2017,2,18,-8.2,1,750.21,1,NA,0.5,239.25,1,54.25,1,NA,NA,0.5
2017,2,19,-8.38,0.75,747.05,1,NA,0.125,292.57,0.875,48.33,1,NA,NA,0.125
2017,2,20,-8.27,0.875,747.05,1,NA,0.25,180.75,1,48.51,1,NA,NA,0.25
2017,2,21,NA,0.625,751.13,1,4.4,0.875,199.62,1,60.11,1,3.58,257.71,0.875
2017,2,22,NA,0.375,756.54,1,2.41,1,190.5,1,60.14,1,1.5,262.86,1
2017,2,23,NA,0.375,753.65,1,1.43,1,224,1,51.65,1,0.75,277.95,1
2017,2,24,NA,0.5,745.78,1,1.48,1,177.25,1,54.39,1,0.74,268.89,1
2017,2,25,-14.26,0.875,743.95,1,NA,0.625,161.38,1,62.42,1,NA,NA,0.625
2017,2,26,-12.43,0.875,742.07,1,NA,0.625,129.17,0.75,68.15,1,NA,NA,0.625
2017,2,27,NA,0.5,748.63,1,NA,0.5,136.62,1,52.38,1,NA,NA,0.5
2017,2,28,NA,0.625,759.46,1,2.46,1,160.75,1,55.8,1,1.28,307.42,1
2017,3,1,-13.94,1,761.83,1,2.77,0.75,119,1,64.4,1,1.39,28.51,0.75
2017,3,2,-14.3,1,752.91,1,3.3,1,231.75,1,75.2,1,3,263.3,1
2017,3,3,-9.7,1,753.31,1,1.55,0.75,210.25,1,71.78,1,0.64,212.44,0.75
2017,3,4,-7.24,1,762.89,1,NA,0.375,180.38,1,48.65,1,NA,NA,0.375
2017,3,5,-9.5,1,766.3,1,NA,0.625,214.12,1,48.73,1,NA,NA,0.625
2017,3,6,-13.76,1,763.04,1,NA,0.625,231.88,1,61.33,1,NA,NA,0.625
2017,3,7,-14.26,1,754.97,1,NA,0.625,91.25,1,50.04,1,NA,NA,0.625
2017,3,8,NA,0.625,749.06,1,1.09,1,223.88,1,51.98,1,0.65,323.21,1
2017,3,9,-12.86,0.875,746.64,1,1.74,1,229.75,1,63.71,1,0.99,327.02,1
2017,3,10,-16.24,1,748.79,1,2.05,1,184.12,1,72.26,1,1.05,319.92,1
2017,3,11,-15.96,1,749.8,1,2.11,1,182,1,52.36,1,1.33,340.15,1
2017,3,12,-15.41,1,749.51,1,NA,0.625,214.38,1,51.7,1,NA,NA,0.625
2017,3,13,-19.83,1,745.61,1,1.93,0.875,164.12,1,70.7,1,1.06,331.78,0.875
2017,3,14,-20.68,1,745.86,1,1.75,1,205.62,1,61.57,1,0.92,327.74,1
2017,3,15,-21.75,1,744.37,1,1.38,1,187.38,1,69.2,1,0.7,330.23,1
2017,3,16,-19.34,1,744.53,1,1.45,1,152.5,1,40.39,1,0.8,0.09,1
2017,3,17,-19.68,1,738.85,1,4.09,0.875,276,1,32.22,1,3.86,262.2,0.875
2017,3,18,-17.81,1,740.19,1,1.74,1,223.38,1,17,1,1.33,319.57,1
2017,3,19,-17.8,1,746.3,1,2.17,0.75,213,1,41.14,1,1.77,263.24,0.75
2017,3,20,-15.63,0.75,742.16,1,NA,0.625,186.62,1,55.84,1,NA,NA,0.625
2017,3,21,-11.39,1,739.91,1,NA,0.125,222.83,0.75,57.6,1,NA,NA,0.125
2017,3,22,-13.79,1,746.63,1,2.48,1,136.75,1,59.86,1,1.31,319.36,1
2017,3,23,-16.92,1,745.43,1,2.2,0.875,179.25,1,70.2,1,0.73,353.72,0.875
2017,3,24,-16.03,1,743.45,1,2.26,0.875,272.62,1,52.09,1,1.44,310.62,0.875
2017,3,25,-17.56,1,744,1,1.3,0.75,196.75,1,75.41,1,0.71,356.03,0.75
2017,3,26,-16,1,741.31,1,1.91,1,259.38,1,57.72,1,1.57,297.88,1
2017,3,27,-19.05,1,734.81,1,NA,0.375,138.38,1,75.51,1,NA,NA,0.375
2017,3,28,-17.8,1,736.63,1,2.24,1,213.38,1,73.93,1,1.55,309.22,1
2017,3,29,-20.35,1,740.97,1,2.84,1,203.88,1,69.44,1,1.97,340.69,1
2017,3,30,-22.09,1,742.4,1,2.8,1,177.75,1,60,1,1.64,311.65,1
2017,3,31,-26.98,0.75,742.41,1,1.7,1,177.25,1,74.66,1,0.7,346.52,1
2017,4,1,-23.19,0.875,747.41,1,4.73,0.75,260.12,1,63.8,1,3.68,295.79,0.75
2017,4,2,-15.49,1,752.64,1,NA,0.625,322.29,0.875,65.29,1,NA,NA,0.625
2017,4,3,-7.63,1,751.71,1,NA,0.375,335.5,0.75,53.89,1,NA,NA,0.375
2017,4,4,-8.14,0.875,762.81,1,NA,0.125,151.12,1,52.94,1,NA,NA,0.125
2017,4,5,-9.21,1,758.08,1,2.11,1,230.5,1,62.4,1,1.1,284.49,1
2017,4,6,-10.89,1,744.49,1,3.31,1,225.25,1,66.61,1,2.55,318.47,1
2017,4,7,-14.9,1,742.21,1,1.97,0.75,210.38,1,72.69,1,1.4,307.01,0.75
2017,4,8,-16.35,1,738.59,1,2.31,1,167.75,1,75.86,1,0.91,353.86,1
2017,4,9,-15.68,1,742.8,1,1.68,1,231.25,1,65.81,1,1.29,329.18,1
2017,4,10,-15.08,1,740.62,1,2.64,1,270.12,1,41.15,1,2.11,310.22,1
2017,4,11,-17.59,1,735.88,1,2.04,1,265.75,1,35.99,1,1.59,296.9,1
2017,4,12,-18.8,1,734.01,1,3.28,0.75,257.88,1,54.35,1,2.8,276.18,0.75
2017,4,13,-20.24,1,737.5,1,2.4,0.875,214,1,73.74,1,1.34,283.77,0.875
2017,4,14,-23.47,1,741.7,1,1.73,1,200.88,1,70.4,1,1.41,339.81,1
2017,4,15,-20.78,1,748.55,1,8.42,0.75,293,1,61.38,1,8.31,334.49,0.75
2017,4,16,-22.41,1,754.23,1,NA,0.625,272.88,1,51.6,1,NA,NA,0.625
2017,4,17,-18,1,753.54,1,2.1,1,208.38,1,19.24,1,1.72,340.4,1
2017,4,18,-15.45,1,750.41,1,2.85,1,109.38,1,54.76,1,2.65,13.45,1
2017,4,19,-13.93,1,750.09,1,2.5,1,137.12,1,73.95,1,2.38,4.97,1
2017,4,20,-12.69,1,752.24,1,2.74,1,258.88,1,43.33,1,2.53,350.48,1
2017,4,21,-11.49,1,747.24,1,NA,0.375,299.62,1,46.16,1,NA,NA,0.375
2017,4,22,-13.24,1,746.06,1,NA,0.5,288,1,51.99,1,NA,NA,0.5
2017,4,23,-14.62,1,746.89,1,2.92,1,208.75,1,65.06,1,2.37,350.73,1
2017,4,24,-6.35,0.75,747.66,1,NA,0.25,141.38,1,47.66,1,NA,NA,0.25
2017,4,25,-7.06,1,745.99,1,NA,0.5,8.12,1,58.19,1,NA,NA,0.5
2017,4,26,-8.79,1,759.07,1,3.48,0.75,262.5,1,32.56,1,2.95,291.23,0.75
2017,4,27,-12.72,1,758.47,1,2.33,1,234,1,51.3,1,1.89,315.54,1
2017,4,28,-14.85,1,758.86,1,2.3,1,294.25,1,68.83,1,2.02,286.68,1
2017,4,29,-16.98,1,758.16,1,2.74,1,245,1,79.51,1,2.62,250.96,1
2017,4,30,-18.69,1,752.54,1,2.24,1,264.88,1,67.74,1,1.81,308.19,1
2017,5,1,-18.84,1,748.06,1,2.62,1,244.25,1,51.25,1,2.46,343.55,1
2017,5,2,-15.81,1,738.25,1,NA,0.625,202.5,1,50.05,1,NA,NA,0.625
2017,5,3,-14.09,1,736.58,1,NA,0.625,237.38,1,45.59,1,NA,NA,0.625
2017,5,4,-20.33,1,735.26,1,2.12,1,307,1,63.05,1,1.75,311.68,1
2017,5,5,-23.49,1,729.2,1,1.68,1,231.62,1,72.8,1,1.08,351.8,1
2017,5,6,-23.25,1,732.26,1,2.61,1,107.38,1,69.01,1,2.4,13.84,1
2017,5,7,-25.29,1,736.43,1,4.04,0.875,267.12,1,64.76,1,3.89,263.6,0.875
2017,5,8,-22.1,1,735.93,1,3.94,1,306.12,1,49.32,1,3.55,303.55,1
2017,5,9,-22.3,1,733.69,1,2.4,1,244.38,1,38.8,1,2.1,334.09,1
2017,5,10,-19.74,0.875,729.48,1,6.15,0.75,223.83,0.75,56.74,1,4.64,356.41,0.75
2017,5,11,-16.94,1,726.09,1,NA,0.25,15,1,58.2,1,NA,NA,0.25
2017,5,12,-17.09,1,730.16,1,NA,0.5,29.86,0.875,57.16,1,NA,NA,0.5
2017,5,13,-19.01,1,727.51,1,NA,0.5,NA,0.625,64.7,1,NA,NA,0.5
2017,5,14,-14.11,0.875,732.04,1,NA,0,NA,0.5,62.98,1,NA,NA,0
2017,5,15,-14.14,1,732.51,1,NA,0.375,NA,0.375,75.71,1,NA,NA,0.375
2017,5,16,-13.55,1,734.41,1,NA,0.625,27.5,1,57.35,1,NA,NA,0.625
2017,5,17,-17.59,1,738.82,1,NA,0.25,43.43,0.875,62.9,1,NA,NA,0.25
2017,5,18,-19.79,1,737.7,1,NA,0.5,36,0.875,67.34,1,NA,NA,0.5
2017,5,19,-19.34,1,744.32,1,2.71,0.875,258.25,1,50.39,1,2.28,285.44,0.875
2017,5,20,-19.62,1,746.05,1,2.98,1,166.25,1,36.56,1,2.06,344.7,1
2017,5,21,-15.13,1,732.4,1,NA,0.625,181.5,1,53.05,1,NA,NA,0.625
2017,5,22,-16.33,0.875,732.31,1,NA,0.125,185.25,1,39.84,1,NA,NA,0.125
2017,5,23,-22.14,1,735.11,1,2.49,0.875,180.38,1,52.13,1,1.4,277.99,0.875
2017,5,24,-24.4,1,747.04,1,2.3,1,200.62,1,67.91,1,1.5,347.83,1
2017,5,25,-21.86,1,749.67,1,2.06,1,293.62,1,46.56,1,1.72,288.44,1
2017,5,26,-6.87,0.75,734.36,0.875,NA,0.5,250.14,0.875,55.66,0.875,NA,NA,0.5
2017,5,27,-11.6,1,737.36,1,NA,0.25,232.88,1,55.58,1,NA,NA,0.25
2017,5,28,-17.88,1,737.73,1,2.84,0.875,196.5,1,67.88,1,2.06,296.44,0.875
2017,5,29,-19.13,1,735.48,1,NA,0.625,74.17,0.75,69.9,1,NA,NA,0.625
2017,5,30,-14.9,0.75,727.73,1,NA,0.375,43.38,1,72.96,1,NA,NA,0.375
2017,5,31,-18.36,1,730.97,1,NA,0.125,228.75,1,64.1,1,NA,NA,0.125
2017,6,1,-23.73,0.75,738.36,1,3.97,0.75,178.12,1,63.54,1,2.87,14.75,0.75
2017,6,2,-17.7,1,732.55,1,12.47,0.875,19.29,0.875,58.76,1,12.24,18.02,0.875
2017,6,3,-20.1,1,731.21,1,NA,0.375,25.43,0.875,58.84,1,NA,NA,0.375
2017,6,4,-24.28,1,731.04,1,NA,0.375,66.5,0.75,56.46,1,NA,NA,0.375
2017,6,5,-28.73,1,733.05,1,2.54,1,211.62,1,70.82,1,1.45,305.64,1
2017,6,6,-27.6,1,736.74,1,2.28,1,267.12,1,63.65,1,2.15,270.41,1
2017,6,7,-27.51,1,737.96,1,2.38,1,216.75,1,68.91,1,1.53,270.75,1
2017,6,8,-27.58,1,734.56,1,1.81,1,293.12,1,49.91,1,1.57,292.41,1
2017,6,9,-27.3,1,735.16,1,2.06,1,258.12,1,37.3,1,1.97,350.2,1
2017,6,10,-24.69,1,742.6,1,2.41,1,243,1,47.85,1,2.32,324.5,1
2017,6,11,-22.13,1,746.24,1,3.48,1,280.88,1,34.78,1,3.15,328.5,1
2017,6,12,-22.37,0.75,751.78,1,2.83,0.875,140.38,1,56.51,1,0.59,303.13,0.875
2017,6,13,-9.1,0.875,746.4,1,NA,0.375,330.88,1,51.84,1,NA,NA,0.375
2017,6,14,NA,0.375,739.41,1,NA,0.25,212,1,49.74,1,NA,NA,0.25
2017,6,15,-20.95,1,747.58,1,NA,0.5,327.14,0.875,56.25,1,NA,NA,0.5
2017,6,16,NA,0.625,737.95,1,25.57,0.75,298.12,1,57.58,1,25.3,339.85,0.75
2017,6,17,NA,0.625,738.69,1,NA,0.125,323.14,0.875,58.65,1,NA,NA,0.125
2017,6,18,-18.49,1,738.63,1,NA,0.25,NA,0.625,69.23,1,NA,NA,0.25
2017,6,19,-19.74,0.875,737.72,1,11.02,0.75,252.57,0.875,69.48,1,9.17,287.34,0.75
2017,6,20,-22.51,0.875,739.66,1,NA,0.5,257.25,1,71.44,1,NA,NA,0.5
2017,6,21,-12.68,0.75,752.19,1,NA,0.25,289.62,1,58.68,1,NA,NA,0.25
2017,6,22,-17.74,0.875,744.6,1,NA,0.375,210.12,1,51.89,1,NA,NA,0.375
2017,6,23,-27.3,0.875,747.88,1,2.48,1,145.62,1,72,1,1.13,296.46,1
2017,6,24,-22.33,0.875,746.88,1,NA,0.625,217,1,55.43,1,NA,NA,0.625
2017,6,25,-16.79,1,736.94,1,NA,0.25,NA,0.25,76.51,1,NA,NA,0.25
2017,6,26,-28.02,0.75,728.16,1,NA,0.625,148.38,1,73.81,1,NA,NA,0.625
2017,6,27,-35.47,0.75,729.95,1,NA,0.5,201.75,1,66.79,1,NA,NA,0.5
2017,6,28,-34.89,0.875,723.6,1,2.39,0.875,167.12,1,48.05,1,1.19,320.47,0.875
2017,6,29,-38.54,1,720.51,1,4.82,1,223.88,1,63.59,1,4.12,254.56,1
2017,6,30,-37.9,0.875,723.66,1,2.85,1,280.12,1,58.44,1,2.54,268.61,1
2017,7,1,-32.02,0.75,717.71,1,NA,0.375,NA,0.375,55.61,1,NA,NA,0.375
2017,7,2,NA,0.375,720.69,1,NA,0.625,47.71,0.875,62.8,1,NA,NA,0.625
2017,7,3,NA,0.625,729.84,1,NA,0.5,121,0.75,56.08,1,NA,NA,0.5
2017,7,4,-28.62,0.75,732.16,1,NA,0.375,155.38,1,59.59,1,NA,NA,0.375
2017,7,5,-29.64,0.875,724.91,1,3.23,0.75,267.88,1,54.65,1,2.34,302.28,0.75
2017,7,6,-35.26,0.875,717.4,1,2.38,1,215.75,1,71.71,1,1.46,303.13,1
2017,7,7,-35.43,1,718.76,1,1.93,1,134.12,1,71.94,1,0.96,358.43,1
2017,7,8,-36.86,1,719.63,1,3.89,1,112.38,1,70.39,1,2.44,351.55,1
2017,7,9,-39.76,1,722.61,1,2.9,1,228.38,1,70.25,1,2.15,298.66,1
2017,7,10,-39.91,1,729.01,1,NA,0.375,NA,0.5,69.26,1,NA,NA,0.375
2017,7,11,NA,0.625,748.71,1,NA,0.375,NA,0.5,63.11,1,NA,NA,0.375
2017,7,12,-14.81,0.875,746.94,1,NA,0.25,NA,0.5,56.8,1,NA,NA,0.25
2017,7,13,NA,0.5,731.07,1,NA,0.125,257.5,1,57.06,1,NA,NA,0.125
2017,7,14,-30.06,1,728.08,1,2.66,1,103.12,1,61.42,1,2.46,16,1
2017,7,15,NA,0.625,724.01,1,2.99,0.875,177.38,1,62.25,1,1.38,324.6,0.875
2017,7,16,-44.14,1,720.68,1,NA,0.625,211.71,0.875,68.09,1,NA,NA,0.625
2017,7,17,-44.9,1,718.04,1,NA,0,NA,0,66.45,1,NA,NA,0
2017,7,18,-33.91,1,714.75,1,NA,0.25,NA,0.25,39.08,1,NA,NA,0.25
2017,7,19,-24.31,0.875,716.41,1,NA,0.625,228.88,1,43.7,1,NA,NA,0.625
2017,7,20,-25.59,1,722.25,1,NA,0.125,NA,0.5,58.89,1,NA,NA,0.125
2017,7,21,-27.59,1,725.26,1,NA,0.375,198.88,1,35.89,1,NA,NA,0.375
2017,7,22,-23.66,0.875,742.7,1,3.1,0.875,137.12,1,33.45,1,2.94,5.21,0.875
2017,7,23,-23.74,1,758.1,1,2.53,0.875,306,1,49.11,1,2.3,304.12,0.875
2017,7,24,-21.94,1,754.97,1,NA,0.625,253.43,0.875,47.61,1,NA,NA,0.625
2017,7,25,-21.18,1,748.94,1,NA,0.5,221,1,59.39,1,NA,NA,0.5
2017,7,26,NA,0.625,746.24,1,NA,0.25,228.88,1,68.13,1,NA,NA,0.25
2017,7,27,NA,0.5,737.75,1,NA,0.375,189.5,1,51.95,1,NA,NA,0.375
2017,7,28,-23.69,1,727.54,1,7.14,0.875,77.38,1,42.55,1,6.97,42.84,0.875
2017,7,29,-23.67,1,726.73,1,3.61,0.875,314.25,1,38.26,1,3.28,303.75,0.875
2017,7,30,-28.19,1,730.38,1,3.94,1,277.75,1,46.25,1,3.64,265.94,1
2017,7,31,-28.25,1,729.86,1,2.82,1,240.12,1,37.58,1,1.87,303.93,1
2017,8,1,-33.55,1,718.8,1,3.09,0.875,150.75,1,61.56,1,1.94,347.45,0.875
2017,8,2,-35.11,1,715.05,1,1.75,1,319.25,1,64.03,1,1.56,323.04,1
2017,8,3,-34.59,1,717.98,1,2.91,1,212.5,1,58.58,1,2.23,291.28,1
2017,8,4,-33.35,1,722.7,1,2.35,1,291.75,1,56.2,1,2.14,290.22,1
2017,8,5,-30.3,1,720.76,1,2.6,0.875,251.25,1,35.86,1,1.77,273.34,0.875
2017,8,6,-30.28,1,722.84,1,NA,0.625,248.38,1,61.79,1,NA,NA,0.625
2017,8,7,-34.43,1,730.98,1,1.89,1,277.25,1,61.05,1,1.29,296.06,1
2017,8,8,-29.85,0.75,727.34,1,3.28,1,129.88,1,49.26,1,1.96,35.11,1
2017,8,9,-23.99,1,726.7,1,7.27,0.75,158.29,0.875,57.63,1,4.85,351.08,0.75
2017,8,10,-23.6,1,725.8,1,NA,0.125,242.12,1,46.06,1,NA,NA,0.125
2017,8,11,-25.11,1,725.24,1,NA,0.625,270.5,1,55.51,1,NA,NA,0.625
2017,8,12,-30.45,0.75,736.2,1,NA,0.5,141,1,58.55,1,NA,NA,0.5
2017,8,13,-17.31,0.875,737.26,1,2.93,0.875,186.75,1,25.93,1,1.98,337.03,0.875
2017,8,14,NA,0.625,726.48,1,NA,0.375,129.12,1,49.05,1,NA,NA,0.375
2017,8,15,NA,0.625,722.26,1,NA,0.5,134.25,1,57.33,1,NA,NA,0.5
2017,8,16,-26.23,0.75,719.71,1,NA,0.625,253.5,0.75,50.53,1,NA,NA,0.625
2017,8,17,-29.99,0.875,728.68,1,NA,0.5,88.17,0.75,66.53,1,NA,NA,0.5
2017,8,18,-31.48,0.75,750.32,1,3.66,1,70.88,1,70.7,1,2.29,36.54,1
2017,8,19,-18.09,1,760.84,1,3.67,1,269.88,1,39.94,1,3.06,306.02,1
2017,8,20,-15.39,1,754.23,1,3.09,1,87.62,1,37.04,1,2.46,1.99,1
2017,8,21,-10.25,1,735.12,1,NA,0.25,221.62,1,48.67,1,NA,NA,0.25
2017,8,22,-15.18,0.75,745.13,1,NA,0.625,154.62,1,54.08,1,NA,NA,0.625
2017,8,23,-18.1,0.75,745.81,1,NA,0.375,220.25,1,51.46,1,NA,NA,0.375
2017,8,24,-19.64,0.875,743.46,1,3.47,0.75,170.62,1,50.34,1,1.37,2.1,0.75
2017,8,25,-25.16,0.875,735.65,1,NA,0.625,145.38,1,63.59,1,NA,NA,0.625
2017,8,26,NA,0.625,736.1,1,NA,0.5,248.75,1,60.64,1,NA,NA,0.5
2017,8,27,-22.39,0.875,729.86,1,NA,0.5,331.38,1,59.23,1,NA,NA,0.5
2017,8,28,-25.43,0.75,726.46,1,NA,0.25,245.5,1,55.86,1,NA,NA,0.25
2017,8,29,-22.61,1,724.45,1,NA,0.125,275.62,1,55.59,1,NA,NA,0.125
2017,8,30,-29.15,0.75,732.74,1,NA,0.5,145.62,1,73.45,1,NA,NA,0.5
2017,8,31,NA,0.625,720.8,1,NA,0.625,246.43,0.875,49.79,1,NA,NA,0.625
2017,9,1,-25.28,1,703.88,1,NA,0.25,57.86,0.875,46.14,1,NA,NA,0.25
2017,9,2,-30.44,1,718.96,1,4.64,0.875,259.62,1,56.94,1,4.08,258.03,0.875
2017,9,3,-29.92,0.75,724,1,NA,0.5,202.38,1,52.2,1,NA,NA,0.5
2017,9,4,-32.63,0.875,720.03,1,8.05,0.75,100.38,1,61.28,1,6.98,54.2,0.75
2017,9,5,-29.8,0.75,714.84,1,NA,0.5,47.5,1,62.01,1,NA,NA,0.5
2017,9,6,-36.18,1,713.59,1,2.07,0.75,240.12,1,54.46,1,1.52,333.76,0.75
2017,9,7,-36.84,1,713.54,1,3.55,1,194.38,1,56.84,1,1.52,355.81,1
2017,9,8,NA,0.625,713.76,1,NA,0.5,146.75,1,59.96,1,NA,NA,0.5
2017,9,9,-37.23,0.875,721.74,1,NA,0.625,180.38,1,62.67,1,NA,NA,0.625
2017,9,10,-31.41,1,733.24,1,4.76,0.875,257.88,1,50.38,1,4.28,256.86,0.875
2017,9,11,-31.84,0.875,742.63,1,10.9,0.75,227.38,1,54.93,1,10.82,258.18,0.75
2017,9,12,NA,0.5,736.19,1,NA,0.5,269.5,0.75,74.91,1,NA,NA,0.5
2017,9,13,NA,0.5,732.9,1,NA,0.5,184,1,67.73,1,NA,NA,0.5
2017,9,14,NA,0.5,728.23,1,NA,0,234,1,67.74,1,NA,NA,0
2017,9,15,-38.1,1,732.56,1,4.83,0.875,223.25,1,70.54,1,4.14,252.05,0.875
2017,9,16,-36.39,1,732.49,1,2.96,1,164.5,1,70.52,1,1.39,336.75,1
2017,9,17,-26.46,1,728.89,1,1.76,1,206.88,1,38.64,1,0.83,324.58,1
2017,9,18,-23.13,0.75,719.37,0.875,NA,0.125,NA,0.25,68.56,0.875,NA,NA,0.125
2017,9,19,-24.68,0.75,731.28,1,NA,0.625,175.71,0.875,66.4,1,NA,NA,0.625
2017,9,20,-29.66,1,730.3,1,2.09,1,254.38,1,67.65,1,1.7,286.82,1
2017,9,21,-30.66,0.875,729.28,1,1.95,1,256.25,1,48.21,1,1.53,346.23,1
2017,9,22,-26.14,1,721.86,1,NA,0.5,204.62,1,53.24,1,NA,NA,0.5
2017,9,23,NA,0.5,711.13,1,3.47,0.75,153,1,67.98,1,1.66,295.9,0.75
2017,9,24,-38.47,1,705.96,1,1.9,1,231.38,1,58.5,1,1.51,300.57,1
2017,9,25,-39.59,1,710.8,1,2.59,1,199.25,1,68.48,1,1.93,280.51,1
2017,9,26,-32.76,1,717.8,1,1.57,1,264,1,43.3,1,0.96,331.22,1
2017,9,27,-32.98,1,717.01,1,2.21,1,115.25,1,45.88,1,1.7,343.56,1
2017,9,28,-33.73,1,721.94,1,2.64,1,157.25,1,51.8,1,1.85,14.83,1
2017,9,29,-31.81,1,728.4,1,2.93,0.875,200,1,59.61,1,1.79,272.78,0.875
2017,9,30,-22.35,0.75,722.3,1,2.19,1,213.62,1,38.01,1,1.84,358.76,1
2017,10,1,-25.52,0.75,729.84,1,2.1,0.75,152.38,1,74.88,1,0.84,11.41,0.75
2017,10,2,NA,0.625,744.06,1,7.54,1,44,1,69.43,1,7.32,50.07,1
2017,10,3,-19.92,1,752.24,1,NA,0.625,113.5,1,45.91,1,NA,NA,0.625
2017,10,4,-21.11,1,745.86,1,2.26,1,127.25,1,46.84,1,2.03,359.97,1
2017,10,5,-25.44,1,737.65,1,1.99,0.875,194.88,1,61.75,1,1,330.58,0.875
2017,10,6,-26.37,0.875,737.9,1,2.1,1,248.12,1,54.52,1,1.31,312.93,1
2017,10,7,-22.39,1,738.29,1,1.34,1,185.5,1,51.28,1,0.74,335.71,1
2017,10,8,-22.38,1,730.79,1,2.99,0.875,223.62,1,59.29,1,2.3,293.18,0.875
2017,10,9,-16.78,1,732.55,1,NA,0.375,NA,0.375,67.61,1,NA,NA,0.375
2017,10,10,-16.7,0.875,739.59,1,NA,0.25,100.5,1,57.05,1,NA,NA,0.25
2017,10,11,-20.35,0.75,740.9,1,NA,0.375,48.12,1,65.39,1,NA,NA,0.375
2017,10,12,-21.39,1,738.54,1,NA,0.625,175.38,1,64.45,1,NA,NA,0.625
2017,10,13,-26.22,1,739.08,1,2.33,0.875,249.29,0.875,74.66,1,2.25,253.15,0.875
2017,10,14,-24.12,1,744.55,1,1.95,1,211.88,1,66.43,1,1.65,247.96,1
2017,10,15,-21.71,1,741.11,1,1.93,1,106.75,1,62.33,1,1.5,14.17,1
2017,10,16,-20.54,1,738.81,1,2.4,1,102.38,1,59.73,1,2.01,6.88,1
2017,10,17,NA,0.375,736.04,1,NA,0.5,128.14,0.875,65.64,1,NA,NA,0.5
2017,10,18,-12.61,1,737.88,1,NA,0,184.12,1,46.01,1,NA,NA,0
2017,10,19,-15.79,1,741.61,1,NA,0.25,66.38,1,43.46,1,NA,NA,0.25
2017,10,20,-18.38,1,741.06,1,NA,0.5,163.62,1,42.64,1,NA,NA,0.5
2017,10,21,-23.37,1,742.56,1,3.06,1,183.62,1,54.06,1,1.22,325.17,1
2017,10,22,-22.89,1,745.28,1,1.94,1,170.62,1,55.43,1,1.1,346.88,1
2017,10,23,-22.36,0.875,741.38,1,2.04,1,270.62,1,50.83,1,1.44,277.36,1
2017,10,24,-15,1,729.14,1,NA,0.625,72.71,0.875,57.91,1,NA,NA,0.625
2017,10,25,-15.31,1,734.36,1,NA,0.25,12.86,0.875,62.04,1,NA,NA,0.25
2017,10,26,-20.66,0.875,741.61,1,NA,0.25,143.12,1,49.47,1,NA,NA,0.25
2017,10,27,-15.23,0.75,738.81,1,NA,0.625,147.75,1,50.06,1,NA,NA,0.625
2017,10,28,-17.05,1,733.38,1,NA,0.125,127.25,1,52.17,1,NA,NA,0.125
2017,10,29,-22.83,0.875,741.75,1,NA,0.375,190.25,1,70.09,1,NA,NA,0.375
2017,10,30,-27.37,0.875,744.82,1,1.65,1,84.25,1,73.25,1,1.2,51.69,1
2017,10,31,-27.74,1,740.46,1,2.02,1,146.75,1,70.68,1,0.44,260.4,1
2017,11,1,-24.89,1,739.51,1,1.09,1,95.88,1,55.85,1,0.35,21.18,1
2017,11,2,-23.71,1,740.11,1,1.89,1,177.38,1,50.15,1,0.9,301.69,1
2017,11,3,-25.39,1,739.75,1,1.98,1,58.38,1,55.74,1,1.73,45.48,1
2017,11,4,-23.67,0.875,734.63,1,1.84,1,239.62,1,60.69,1,0.8,258.89,1
2017,11,5,-18.61,1,733.13,1,2.87,0.875,121.25,1,59.25,1,1.16,22.76,0.875
2017,11,6,-21.94,1,739.43,1,1.74,1,160.88,1,65.26,1,0.73,274.95,1
2017,11,7,-24.24,1,736.41,1,4.08,1,207.25,1,76.65,1,3.56,228.88,1
2017,11,8,-26.44,1,730.48,1,8.72,0.75,243.17,0.75,73.46,1,8.44,243.57,0.75
2017,11,9,-20.41,0.875,733.15,1,2.26,1,102.12,1,50.01,1,1.74,15.13,1
2017,11,10,-15.74,1,732.26,1,1.72,1,228.62,1,58.36,1,1.27,257.94,1
2017,11,11,-16.79,1,733.99,1,1.64,1,202.25,1,63.05,1,0.92,264.11,1
2017,11,12,-18.46,1,730.19,1,1.21,1,169.12,1,64.48,1,0.73,347.45,1
2017,11,13,-19.8,1,728.89,1,1.82,1,239.75,1,63.45,1,0.82,294.36,1
2017,11,14,-20.2,1,730.95,1,3.05,1,186.12,1,60.56,1,1.66,238.72,1
2017,11,15,-19.66,0.875,733.99,1,1.4,0.75,219,1,65.9,1,1.32,268.18,0.75
2017,11,16,-16.5,1,734,1,NA,0.125,12.14,0.875,56.81,1,NA,NA,0.125
2017,11,17,-16.59,1,731.1,1,NA,0.375,25.57,0.875,57.21,1,NA,NA,0.375
2017,11,18,-18.61,1,739.74,1,3.47,0.75,241.62,1,41.36,1,2.74,245.13,0.75
2017,11,19,-18.24,1,741.74,1,4.27,0.75,99.25,1,57.01,1,2.54,46.62,0.75
2017,11,20,-16.47,0.75,732.9,1,NA,0.5,106.75,1,62.51,1,NA,NA,0.5
2017,11,21,-15.99,1,727.76,1,NA,0.125,NA,0.375,66.71,1,NA,NA,0.125
2017,11,22,-14.29,1,728.1,1,NA,0,145.5,1,54.16,1,NA,NA,0
2017,11,23,-17.81,1,737.82,1,3.27,0.875,207.5,1,71.76,1,2.55,240.11,0.875
2017,11,24,-17.88,1,738.63,1,1.32,1,114.5,1,69.88,1,0.08,329.96,1
2017,11,25,-21.71,1,735.23,1,4.91,1,231.25,1,77.1,1,4.71,233.95,1
2017,11,26,-21.31,1,733.69,1,3.01,0.875,115.75,1,70.58,1,1.52,245.18,0.875
2017,11,27,-22.4,1,734.31,1,3.22,1,88.75,1,66.19,1,1.25,48.26,1
2017,11,28,-20.18,1,733.96,1,3,0.875,96.75,1,55.55,1,1.32,34.88,0.875
2017,11,29,-20.27,0.875,734.5,1,NA,0.625,91.12,1,63.39,1,NA,NA,0.625
2017,11,30,-18.49,1,738.33,1,NA,0.5,53.43,0.875,65.81,1,NA,NA,0.5
2017,12,1,-15.75,1,739.6,1,10.05,0.75,114.75,1,59.06,1,7.26,28.98,0.75
2017,12,2,NA,0.25,742.64,1,1.41,0.875,178.5,1,64.61,1,0.8,214.65,0.875
2017,12,3,NA,0.25,744.29,1,1.56,1,183.25,1,69.69,1,0.94,200.05,1
2017,12,4,-18.47,0.875,741.16,1,NA,0.375,83,1,69.75,1,NA,NA,0.375
2017,12,5,NA,0.5,740.45,1,1.61,0.875,242,1,43.86,1,1.24,245.06,0.875
2017,12,6,NA,0.375,743.84,1,1.88,1,192.62,1,59.68,1,1.09,242.62,1
2017,12,7,NA,0.375,744.81,1,1.86,1,158.38,1,71.41,1,0.99,194.45,1
2017,12,8,NA,0.625,745.21,1,2.42,1,143.62,1,77.76,1,0.6,237.09,1
2017,12,9,NA,0.625,744.55,1,2.26,1,159.62,1,59.96,1,0.06,322.31,1
2017,12,10,-15.2,0.75,746.17,1,4.74,1,186.62,1,65.89,1,0.78,190.46,1
2017,12,11,NA,0.625,748.31,1,3.2,0.875,225.5,1,63.91,1,3.01,237.01,0.875
2017,12,12,-15.83,1,751.01,1,3.7,0.75,145.38,1,65.88,1,1.7,248.46,0.75
2017,12,13,-15.46,0.875,753.31,1,NA,0.625,184.5,1,66.18,1,NA,NA,0.625
2017,12,14,-15.46,0.875,753.4,1,NA,0.125,60.38,1,70.08,1,NA,NA,0.125
2017,12,15,-14.37,0.75,754.39,1,2.91,0.875,66.38,1,56.21,1,2.81,68.95,0.875
2017,12,16,NA,0.625,750.89,1,3.13,0.875,154.25,1,43.24,1,1.11,55.81,0.875
2017,12,17,NA,0,749.38,1,1.06,1,195.62,1,56.16,1,0.82,198.73,1
2017,12,18,NA,0,750.5,1,1.16,1,105.5,1,56.1,1,0.37,109.2,1
2017,12,19,NA,0.125,750.93,1,1.2,1,215.5,1,69.4,1,1.1,214.01,1
2017,12,20,NA,0.25,750.38,1,1.43,1,127.88,1,45.98,1,0.74,80.81,1
2017,12,21,-13.96,0.875,748.26,1,2.66,1,153.5,1,51.44,1,0.28,60.36,1
2017,12,22,NA,0.5,748.91,1,1.53,0.75,165.25,1,66.3,1,0.47,220.51,0.75
2017,12,23,-15.03,0.875,749.1,1,NA,0.5,155.12,1,64.23,1,NA,NA,0.5
2017,12,24,-11.85,0.75,751.6,1,2.79,0.875,181.5,1,66.98,1,0.57,215.31,0.875
2017,12,25,NA,0.25,748.31,0.875,NA,0.625,203.43,0.875,53.47,0.875,NA,NA,0.625
2017,12,26,NA,0,750.21,1,1.1,1,120,1,60.8,1,0.58,95.81,1
2017,12,27,NA,0.5,750.94,1,2.31,1,100.75,1,62.81,1,1.67,62.74,1
2017,12,28,NA,0.375,745.96,1,1.91,1,120.38,1,77.25,1,1.38,111.48,1
2017,12,29,-16.2,0.875,745.34,1,3.26,1,185.5,1,76.14,1,1.38,203.95,1
2017,12,30,-16.86,0.875,747.45,1,2.88,1,109.62,1,72.2,1,1.97,90.65,1
2017,12,31,NA,0.625,745.69,1,1.95,1,140.75,1,59.58,1,0.65,315.64,1
2018,1,1,-13.42,0.75,747.31,1,2.86,1,191.12,1,55.89,1,1.53,246.89,1
2018,1,2,-13.72,0.75,751.05,1,3.32,0.75,163.86,0.875,59.47,1,0.69,212.31,0.75
2018,1,3,-16,1,748.59,1,12.13,0.75,63.29,0.875,68.61,1,12.01,61.26,0.75
2018,1,4,-13.46,1,746.18,1,NA,0.625,86.57,0.875,63.58,1,NA,NA,0.625
2018,1,5,-13.63,0.875,752.98,1,5.2,0.75,118.5,1,66.61,1,1.73,44.88,0.75
2018,1,6,NA,0.375,750.74,1,NA,0.625,218.5,1,61.35,1,NA,NA,0.625
2018,1,7,-9.13,0.75,752.28,1,NA,0.5,194.5,1,54.43,1,NA,NA,0.5
2018,1,8,NA,0.625,762.66,1,2.52,1,75.75,1,61.82,1,1.37,39.52,1
2018,1,9,NA,0.625,761.94,1,3.08,1,105.62,1,65.93,1,2.08,77.76,1
2018,1,10,-10.94,0.875,754.44,1,4.39,1,240.5,1,61.56,1,4.12,242.02,1
2018,1,11,NA,0.125,749.79,1,1.11,1,133.12,1,54.58,1,0.15,97.28,1
2018,1,12,-12.13,0.75,752.68,1,4.06,1,193.75,1,74.74,1,3.52,239.18,1
2018,1,13,NA,0.25,757.15,1,1.83,0.875,164.5,1,76.14,1,0.48,202.56,0.875
2018,1,14,NA,0.625,754.14,1,2.8,1,138.62,1,79.21,1,0.92,104.91,1
2018,1,15,NA,0.375,744.93,1,2.31,1,138.75,1,75.48,1,0.19,21.58,1
2018,1,16,NA,0.5,740.5,1,1.71,1,156.12,1,70.12,1,0.37,229.88,1
2018,1,17,NA,0,739.33,1,0.86,1,140.38,1,64.43,1,0.16,104.58,1
2018,1,18,NA,0.5,736.15,1,NA,0.625,97.62,1,73.21,1,NA,NA,0.625
2018,1,19,-14.98,0.75,732.3,1,NA,0.625,50.75,1,77.93,1,NA,NA,0.625
2018,1,20,-12.39,1,737.78,1,NA,0.625,NA,0.625,78.79,1,NA,NA,0.625
2018,1,21,-12.75,0.75,745.41,1,6.95,0.75,143.38,1,64.35,1,3.82,36.15,0.75
2018,1,22,NA,0.5,750.11,1,2.8,0.875,141.88,1,59.54,1,1.55,58.58,0.875
2018,1,23,NA,0.625,747.68,1,2.97,0.75,112.5,1,48.05,1,2.22,61.64,0.75
2018,1,24,NA,0.5,747.31,1,2.52,1,115.25,1,65.4,1,0.38,63.03,1
2018,1,25,NA,0.375,749.41,1,1.75,1,129.62,1,73.38,1,0.35,88.53,1
2018,1,26,NA,0.5,748.43,1,1.88,1,109.38,1,69.81,1,0.68,108.87,1
2018,1,27,NA,0,749.39,1,1.4,1,110.12,1,57.43,1,0.39,14.36,1
2018,1,28,NA,0.375,751.76,1,2.14,1,156.38,1,60.39,1,1.05,257.92,1
2018,1,29,NA,0.375,748.43,1,2.05,1,182.12,1,44.73,1,1.15,285.99,1
2018,1,30,NA,0.5,747.19,1,1.88,1,76.62,1,46.79,1,1.04,10.83,1
2018,1,31,NA,0.125,749.9,1,1.15,1,135.12,1,54.49,1,0.19,359.48,1
2018,2,1,NA,0.5,752.56,1,2.04,0.875,112.38,1,56.56,1,0.86,35.11,0.875
2018,2,2,NA,0.5,751.83,1,NA,0.625,137.62,1,71.84,1,NA,NA,0.625
2018,2,3,-17.03,0.75,747.25,1,3.1,0.75,177,1,68.94,1,0.34,297.95,0.75
2018,2,4,-17.13,0.875,741.13,1,NA,0.5,160.14,0.875,73.33,1,NA,NA,0.5
2018,2,5,NA,0,748.03,1,1.45,1,235.75,1,72.65,1,1.14,261.35,1
2018,2,6,NA,0.375,745.81,1,1.91,1,154.62,1,64.15,1,1.68,31.71,1
2018,2,7,-14.99,0.875,743.56,1,2.65,1,101.88,1,64.4,1,1.93,11.86,1
2018,2,8,NA,0.5,735.83,1,NA,0.625,210,0.875,53.13,1,NA,NA,0.625
2018,2,9,-13.13,0.75,735.19,1,NA,0.25,261.38,1,62.12,1,NA,NA,0.25
2018,2,10,NA,0.5,755.06,1,2.23,0.75,160,1,55.05,1,1.63,3.82,0.75
2018,2,11,NA,0.5,752.98,1,1.74,1,141.62,1,66.74,1,0.93,332.8,1
2018,2,12,NA,0.375,743.57,1,1.74,1,158.38,1,67.32,1,0.66,325.5,1
2018,2,13,NA,0.25,739.61,1,1.61,1,152.62,1,62.15,1,0.99,45.63,1
2018,2,14,NA,0.25,737.71,1,1.71,1,134.5,1,76.93,1,0.56,336.62,1
2018,2,15,-25.75,0.75,735.88,1,2.54,1,104.5,1,74.51,1,1.09,27.68,1
2018,2,16,-21.1,0.875,737.14,1,NA,0.25,210.75,1,55.51,1,NA,NA,0.25
2018,2,17,-19.32,0.75,748.78,1,6.67,0.75,192.62,1,50.29,1,5.07,281.05,0.75
2018,2,18,NA,0.625,755.5,1,2.21,1,117.75,1,51.56,1,1.75,14.88,1
2018,2,19,NA,0.625,753.35,1,2.85,1,98.12,1,51.81,1,2.33,18.72,1
2018,2,20,NA,0.625,751.89,1,2.85,1,148.12,1,57.21,1,1.11,333.36,1
2018,2,21,NA,0.625,749.01,1,3.17,0.875,199.88,1,68.3,1,1.59,324.5,0.875
2018,2,22,NA,0.25,750.32,1,1.25,1,229.75,1,49.41,1,0.78,306.79,1
2018,2,23,NA,0.5,749.18,1,2.67,1,269.12,1,30.06,1,2.31,258.76,1
2018,2,24,-10.72,0.75,746.86,1,4.71,1,247.88,1,30.13,1,4.15,269.93,1
2018,2,25,NA,0.625,747.79,1,2.38,1,220.38,1,32.4,1,1.66,340.24,1
2018,2,26,-11,0.75,748.06,1,2.76,1,201.38,1,34.09,1,1.62,353.95,1
2018,2,27,NA,0.5,747.19,1,NA,0.5,120.5,1,50.88,1,NA,NA,0.5
2018,2,28,NA,0.5,748.21,1,2.13,0.75,124.5,1,74.71,1,1.54,43.02,0.75
2018,3,1,-17.17,1,745.76,1,1.43,1,129.75,1,71.58,1,0.73,325.87,1
2018,3,2,-16.94,1,738.91,1,1.87,0.75,174.5,1,56.54,1,1.18,3.08,0.75
2018,3,3,-12.64,1,738.22,1,3.5,0.875,159,0.875,51.79,1,1.72,286.15,0.875
2018,3,4,-11.85,1,749.53,1,5.3,0.75,222.62,1,65.69,1,4.86,268.29,0.75
2018,3,5,-14.68,1,756.26,1,1.26,0.875,174.62,1,80.6,1,0.5,272.8,0.875
2018,3,6,-14.4,1,747.86,1,2.17,1,134.38,1,38.74,1,1.36,345.06,1
2018,3,7,-16.06,0.875,735.66,1,3.04,1,194.62,1,53.96,1,1.95,280.47,1
2018,3,8,-17.46,1,735.16,1,1.98,1,267.75,1,75.04,1,1.68,265.51,1
2018,3,9,-22.76,1,736.45,1,1.25,1,217.75,1,78.2,1,0.57,314.05,1
2018,3,10,-23.78,1,736.06,1,1.56,1,233.5,1,74.94,1,0.95,271.52,1
2018,3,11,-24.39,1,736.15,1,1.95,0.75,233.5,1,72.2,1,1.61,262.96,0.75
2018,3,12,-24.37,0.875,744.05,1,1.88,1,155.38,1,68.6,1,1.2,331.74,1
2018,3,13,-19.75,1,744.28,1,2.61,1,238.88,1,41.75,1,2.03,283.72,1
2018,3,14,-18.81,0.875,747.16,1,2.52,1,117.62,1,38.24,1,2.07,13.35,1
2018,3,15,-12.16,0.875,731.49,1,NA,0.375,297.14,0.875,60.28,1,NA,NA,0.375
2018,3,16,-13.41,0.875,743.36,1,NA,0.125,291,1,51.14,1,NA,NA,0.125
2018,3,17,NA,0.625,746.75,1,NA,0.125,258,1,58.41,1,NA,NA,0.125
2018,3,18,NA,0.5,747.04,1,NA,0.375,284.75,1,70.09,1,NA,NA,0.375
2018,3,19,-24.41,1,751.28,1,8.07,0.75,256.75,1,74.93,1,7.94,257,0.75
2018,3,20,-25.6,0.75,745.84,1,2.77,0.75,200.33,0.75,76.14,1,2.09,260.16,0.75
2018,3,21,-21.21,1,734.21,1,1.88,1,191.75,1,25.25,1,1.38,332.42,1
2018,3,22,-24.75,0.75,730.38,1,1.39,1,192.88,1,30.67,1,0.57,324.76,1
2018,3,23,-27,1,727.86,1,2.32,1,280.12,1,54.64,1,2.13,271.65,1
2018,3,24,-26.11,1,731.61,1,NA,0.375,NA,0.5,66.45,1,NA,NA,0.375
2018,3,25,-25.13,1,732.68,1,4.31,1,264,1,49.28,1,4.25,264.57,1
2018,3,26,-26.36,1,734.76,1,1.52,1,208.25,1,63.2,1,0.93,319.15,1
2018,3,27,-26.25,1,734.51,1,6.92,0.75,108.14,0.875,67.27,1,3.35,42.09,0.75
2018,3,28,-23.35,1,739.45,1,NA,0.25,58,0.75,71.44,1,NA,NA,0.25
2018,3,29,-22.66,1,742.49,1,NA,0.375,49,0.75,73.84,1,NA,NA,0.375
2018,3,30,-21.56,0.875,739.34,0.875,NA,0.625,58.17,0.75,78.56,0.875,NA,NA,0.625
2018,3,31,-21.98,0.75,746,1,NA,0.375,184.75,1,53.04,1,NA,NA,0.375
2018,4,1,-22.25,1,747.88,1,NA,0.625,40.57,0.875,69.08,1,NA,NA,0.625
2018,4,2,-21.6,1,752.55,1,3.6,0.75,200.62,1,65.18,1,2.32,28.28,0.75
2018,4,3,-19.69,1,751.65,1,2.02,1,189.62,1,46.07,1,1.61,341.27,1
2018,4,4,-17.47,1,750.68,1,1.41,1,209.62,1,28.53,1,1.08,335.34,1
2018,4,5,-12.44,1,754.5,1,2.44,1,269.38,1,35.21,1,2.01,308.62,1
2018,4,6,-14.37,1,751.85,1,3,1,242.88,1,61.06,1,1.95,293.28,1
2018,4,7,-19.98,1,747.85,1,1.96,1,290.25,1,73.82,1,1.76,294.39,1
2018,4,8,-22.98,1,749.1,1,2.41,1,280.5,1,77.86,1,2.02,266.81,1
2018,4,9,-23.48,1,755.41,1,3.02,1,164.38,1,78.63,1,2.32,250.58,1
2018,4,10,-21.54,1,749.1,1,1.94,0.875,267.71,0.875,53.66,1,1.76,319.69,0.875
2018,4,11,-19.46,1,738.59,1,1.9,1,211.12,1,58.38,1,1.66,279.49,1
2018,4,12,-19.74,1,741.04,1,2.01,1,238.25,1,76.5,1,1.68,273.39,1
2018,4,13,-20.81,1,739.46,1,2.72,0.75,101.5,1,75.63,1,2.63,24.28,0.75
2018,4,14,-16.5,0.875,736.19,1,NA,0.625,263.88,1,52.84,1,NA,NA,0.625
2018,4,15,-16.5,0.75,728.96,1,NA,0,96.38,1,56.19,1,NA,NA,0
2018,4,16,NA,0.625,733.15,1,NA,0.25,70.12,1,61.59,1,NA,NA,0.25
2018,4,17,-24.86,0.875,737.44,1,NA,0.375,76,1,67.43,1,NA,NA,0.375
2018,4,18,-25.45,1,741.6,1,4.65,0.75,156.62,1,66.45,1,2.81,44.19,0.75
2018,4,19,-22.6,1,752.73,1,4.67,0.875,232.75,1,42.33,1,4.48,263.38,0.875
2018,4,20,-16.35,1,751.32,1,2.45,1,225.62,1,45.84,1,1.75,318.88,1
2018,4,21,-15.89,1,751.5,1,NA,0.625,253.25,1,67.39,1,NA,NA,0.625
2018,4,22,-15.11,1,755.81,1,4.75,0.75,150.38,1,72.61,1,2.36,283.48,0.75
2018,4,23,-12.66,1,759.15,1,2.96,1,136.5,1,64.46,1,2.54,3.6,1
2018,4,24,-11,0.75,738.66,1,NA,0.5,177.29,0.875,53.58,1,NA,NA,0.5
2018,4,25,-15.83,1,742.01,1,NA,0.125,296.25,1,50.91,1,NA,NA,0.125
2018,4,26,-15.33,1,747.01,1,2.85,1,200.5,1,55.38,1,2.4,343.16,1
2018,4,27,-19.84,1,739.06,1,2.2,1,169.88,1,75.21,1,1.27,299.15,1
2018,4,28,-19.39,1,730.74,1,3.02,1,257.62,1,53.76,1,2.4,302.52,1
2018,4,29,-23.85,0.75,728.26,1,1.75,1,211.12,1,75.8,1,0.99,314.5,1
2018,4,30,-27.69,1,729.4,1,2.29,1,249.75,1,74.39,1,1.81,275.52,1
2018,5,1,-27.87,1,731.35,1,1.79,0.875,223.86,0.875,73.08,1,1.14,303.36,0.875
2018,5,2,-24.44,1,726.19,1,1.8,1,228.75,1,53.71,1,1.38,314.6,1
2018,5,3,-27,1,730.88,1,2.02,1,151.38,1,70.49,1,1.87,9.85,1
2018,5,4,-29.04,1,736.64,1,1.6,1,181,1,75.7,1,1.35,4.16,1
2018,5,5,-31.29,1,736.5,1,2.39,1,236.12,1,62.78,1,1.96,323.29,1
2018,5,6,-34.14,1,730.44,1,2.01,1,247,1,64.89,1,1.72,340.31,1
2018,5,7,-26.62,0.75,728.93,1,NA,0.625,142.88,1,46.19,1,NA,NA,0.625
2018,5,8,-26.21,0.875,736.1,1,2.17,1,117.38,1,63.68,1,1.62,18.27,1
2018,5,9,-21.43,0.875,732.44,1,3.55,1,122.12,1,56.79,1,1.59,338.96,1
2018,5,10,-15.96,1,725.09,1,NA,0.25,181,0.875,65.5,1,NA,NA,0.25
2018,5,11,-18.66,1,725.25,1,NA,0.25,NA,0.5,72.16,1,NA,NA,0.25
2018,5,12,-19.63,1,730.78,1,NA,0.25,61.86,0.875,55.05,1,NA,NA,0.25
2018,5,13,-20.85,1,729.3,1,NA,0.375,80,0.875,62.8,1,NA,NA,0.375
2018,5,14,-23.67,0.75,727.53,1,NA,0.375,180.5,1,65.03,1,NA,NA,0.375
2018,5,15,-19.06,0.875,741.94,1,NA,0.25,77.62,1,51.56,1,NA,NA,0.25
2018,5,16,-21.25,1,743.7,1,NA,0.375,123.75,1,67.1,1,NA,NA,0.375
2018,5,17,-25.1,1,755.51,1,2.9,1,58,1,64.05,1,2.24,2.96,1
2018,5,18,-27.98,0.75,749.81,1,2.23,0.875,31.12,1,59.05,1,2.15,28.71,0.875
2018,5,19,-24.49,1,732.55,1,5.86,0.875,155.62,1,32.63,1,2.68,24.4,0.875
2018,5,20,-31.77,0.875,732.53,1,2.86,0.875,178.86,0.875,64.85,1,1.33,288.17,0.875
2018,5,21,-28.94,0.875,747.01,1,2.18,0.75,215.12,1,52.34,1,1.71,277.69,0.75
2018,5,22,-18.58,0.75,754.94,1,NA,0.625,199.25,1,44.14,1,NA,NA,0.625
2018,5,23,-14.17,0.875,744.35,1,4.97,0.75,164.5,1,65,1,1.19,353.13,0.75
2018,5,24,NA,0.5,744.44,1,4.77,0.875,217.43,0.875,65.89,1,4.07,339.64,0.875
2018,5,25,-18.3,1,737.21,1,NA,0.5,269.88,1,60.08,1,NA,NA,0.5
2018,5,26,-30.18,0.75,743.26,1,NA,0.5,209,1,72.46,1,NA,NA,0.5
2018,5,27,-30.74,1,744.66,1,2.35,1,252.88,1,70.08,1,1.79,271.51,1
2018,5,28,-26.17,0.75,740.83,1,2.5,0.75,254.88,1,49.54,1,1.97,299.49,0.75
2018,5,29,-25.35,1,730.7,1,1.8,1,228.88,1,68.93,1,1.03,296.24,1
2018,5,30,-28.45,1,734.83,1,2.83,0.875,222.38,1,63.66,1,1.84,304.82,0.875
2018,5,31,-29.76,1,739.53,1,NA,0.5,148.5,1,62.51,1,NA,NA,0.5
2018,6,1,-30.44,1,736.1,1,NA,0.625,169.25,1,62.83,1,NA,NA,0.625
2018,6,2,-34.43,1,727.26,1,1.76,1,213,1,60.59,1,0.77,303.77,1
2018,6,3,-32.32,1,724.26,1,1.75,1,213.25,1,57.83,1,1.63,353.22,1
2018,6,4,-31.55,1,738.16,1,2.65,1,211.75,1,53.86,1,2.29,345.93,1
2018,6,5,-30.53,1,735.44,1,3.39,1,88.62,1,55.71,1,3.07,8.08,1
2018,6,6,-29.6,1,729,1,2.71,1,319.25,1,59.59,1,2.54,321.17,1
2018,6,7,-29.65,1,724.95,1,3.08,1,120.38,1,48.13,1,2.37,352.54,1
2018,6,8,-21.04,0.875,714.94,0.875,NA,0.5,NA,0.625,52.83,0.875,NA,NA,0.5
2018,6,9,-22.65,1,719.99,1,5.83,0.75,128.5,1,49.9,1,3.58,356.18,0.75
2018,6,10,-25.74,1,723.96,1,2.91,1,207.88,1,67.09,1,2,282.05,1
2018,6,11,-33.27,0.75,722.68,1,NA,0.5,230.71,0.875,72.2,1,NA,NA,0.5
2018,6,12,-30.11,1,731.3,1,NA,0.375,194.17,0.75,59.44,1,NA,NA,0.375
2018,6,13,-24.37,0.875,736.85,1,NA,0.25,285.88,1,52.31,1,NA,NA,0.25
2018,6,14,-24.44,1,735.19,1,NA,0.25,54.88,1,45.83,1,NA,NA,0.25
2018,6,15,-22.01,1,732.54,1,NA,0.125,58.43,0.875,51.93,1,NA,NA,0.125
2018,6,16,-21.9,1,739.56,1,NA,0.5,202.25,1,58.75,1,NA,NA,0.5
2018,6,17,-24.44,1,742.9,1,NA,0.625,190.12,1,53.24,1,NA,NA,0.625
2018,6,18,-16.57,0.75,741.76,1,3.46,1,297.25,1,27.09,1,3.12,293.23,1
2018,6,19,-17.5,0.875,748.48,1,2.9,1,231.62,1,33.66,1,1.94,288.18,1
2018,6,20,-19.54,1,750.83,1,2.3,1,210.12,1,33.76,1,1.63,344.35,1
2018,6,21,-16.43,1,748.15,1,3.8,0.875,208,1,48.54,1,2.91,285.8,0.875
2018,6,22,-14.31,1,754.28,1,2.34,1,249.5,1,50.57,1,1.38,310.47,1
2018,6,23,-14.51,1,750.16,1,NA,0.5,145.88,1,41.58,1,NA,NA,0.5
2018,6,24,-15.77,0.875,740.59,1,NA,0.25,80.33,0.75,67.74,1,NA,NA,0.25
2018,6,25,-21.04,0.875,747.64,1,2.7,0.875,259,1,49.49,1,2.32,284.48,0.875
2018,6,26,-19.16,1,758.94,1,1.68,1,257.62,1,46.65,1,1.38,295.66,1
2018,6,27,-17.94,1,759.35,1,2.3,1,240.62,1,38.75,1,2.05,328.54,1
2018,6,28,-19.86,1,752.44,1,2,1,190.5,1,39.53,1,1.57,321.1,1
2018,6,29,-23.76,1,749.07,1,1.02,1,215.12,1,48.39,1,0.76,309.74,1
2018,6,30,-20.36,1,749.09,1,2.81,1,242,1,40.5,1,2.42,328.5,1
2018,7,1,-17.54,1,742.59,1,2.62,1,153,1,63.81,1,2.18,20.55,1
2018,7,2,-14.7,1,740.14,1,NA,0.375,116,0.75,59.56,1,NA,NA,0.375
2018,7,3,-11.74,0.875,748.6,1,NA,0.25,117.38,1,53.88,1,NA,NA,0.25
2018,7,4,-17.34,1,754.11,1,NA,0.5,169.12,1,61.8,1,NA,NA,0.5
2018,7,5,-21.66,1,751.99,1,2.22,1,202.38,1,66.08,1,2,349.81,1
2018,7,6,-21.56,1,746.25,1,2.66,1,222.25,1,53.66,1,2.36,355.65,1
2018,7,7,NA,0.625,746.56,1,2.12,1,157.75,1,69.08,1,1.28,348.1,1
2018,7,8,NA,0.5,740.81,1,NA,0.5,133.25,1,59.55,1,NA,NA,0.5
2018,7,9,NA,0.625,736.06,1,NA,0.625,173,0.875,69.75,1,NA,NA,0.625
2018,7,10,-14.71,0.875,733.87,1,NA,0.625,NA,0.625,69.26,1,NA,NA,0.625
2018,7,11,-12.33,1,733.81,1,NA,0.25,NA,0.5,69.86,1,NA,NA,0.25
2018,7,12,NA,0.5,726.26,1,NA,0.25,335.83,0.75,62.03,1,NA,NA,0.25
2018,7,13,-13.46,0.875,732.4,1,NA,0.375,242.86,0.875,45.76,1,NA,NA,0.375
2018,7,14,-16.33,1,743.36,1,NA,0.625,248,1,42.04,1,NA,NA,0.625
2018,7,15,-14.77,1,738.35,1,NA,0.375,223,1,43.2,1,NA,NA,0.375
2018,7,16,-17.09,0.875,727.81,1,NA,0.25,66.57,0.875,63.74,1,NA,NA,0.25
2018,7,17,-22.73,1,732.91,1,7.9,0.75,172.88,1,43.31,1,6.8,346.74,0.75
2018,7,18,-15.22,0.75,723.6,1,NA,0.625,NA,0.625,73.35,1,NA,NA,0.625
2018,7,19,NA,0.625,720.26,1,NA,0.375,114.62,1,55.14,1,NA,NA,0.375
2018,7,20,-31.7,1,724.64,1,2.65,0.75,197.25,1,62.63,1,1.56,338.08,0.75
2018,7,21,-28.08,1,726,1,4.11,0.875,117,1,62.45,1,2.3,14.2,0.875
2018,7,22,-25.43,1,725.02,1,2.76,1,264.38,1,60.34,1,2.16,297.82,1
2018,7,23,-27.46,1,728.75,1,2.25,1,271.75,1,50.31,1,1.84,297.09,1
2018,7,24,-27.35,1,728.83,1,4.88,0.75,245.12,1,57.81,1,4.61,257.53,0.75
2018,7,25,-32.14,1,722.33,1,7.4,0.875,208.88,1,66.41,1,6.31,261.63,0.875
2018,7,26,-29.27,0.875,727.46,1,5.05,0.75,160.43,0.875,48.81,1,1.75,25.02,0.75
2018,7,27,-23.13,0.875,726.58,1,NA,0.5,41.33,0.75,60.35,1,NA,NA,0.5
2018,7,28,-27.02,0.75,735.05,1,2.94,0.875,288.62,1,68.78,1,2.11,326.64,0.875
2018,7,29,-29.35,1,743.83,1,2.29,1,143.25,1,73.49,1,1.76,27.52,1
2018,7,30,-26.3,1,747.43,1,3.45,1,49,1,52.33,1,3.04,13.99,1
2018,7,31,-24.71,1,748.26,1,2.38,1,261.75,1,45.41,1,2.04,310.99,1
2018,8,1,-29.79,1,744.95,1,1.73,1,231.88,1,55.88,1,1.35,294.8,1
2018,8,2,-34.1,1,740.66,1,5.79,1,231.75,1,61.58,1,5.03,262.55,1
2018,8,3,-30.93,0.875,745.26,1,7.45,1,259.38,1,62.19,1,7.37,259.5,1
2018,8,4,-31.58,1,739.31,1,6.7,0.75,176.62,1,53.56,1,5.63,267.27,0.75
2018,8,5,-29.36,1,729.94,1,2.99,1,185.12,1,38.28,1,2.48,16.43,1
2018,8,6,NA,0.625,729.77,0.875,4.43,0.75,195.83,0.75,56.2,0.875,3.55,352.55,0.75
2018,8,7,NA,0.625,730.27,0.875,NA,0.25,112.17,0.75,51.36,0.875,NA,NA,0.25
2018,8,8,-15.96,0.875,746.65,1,NA,0.25,61.62,1,48.09,1,NA,NA,0.25
2018,8,9,-16.6,0.75,754.85,1,NA,0.375,257.75,1,37.18,1,NA,NA,0.375
2018,8,10,-14.16,1,748.04,1,NA,0.125,72,1,23.09,1,NA,NA,0.125
2018,8,11,-20.5,1,741.59,1,NA,0.25,43.12,1,28.28,1,NA,NA,0.25
2018,8,12,-26.18,1,732.76,1,NA,0.375,208.75,1,68.99,1,NA,NA,0.375
2018,8,13,NA,0.625,730.88,1,NA,0.625,148.25,1,49.74,1,NA,NA,0.625
2018,8,14,NA,0.375,740.7,1,NA,0.375,143.12,1,49.83,1,NA,NA,0.375
2018,8,15,-24.67,0.875,746.78,1,NA,0.375,94.38,1,56.4,1,NA,NA,0.375
2018,8,16,-24.9,1,743.6,1,3.75,1,99.12,1,73.85,1,3.57,11.89,1
2018,8,17,-31.06,0.875,739.38,1,NA,0.125,NA,0.125,72.71,1,NA,NA,0.125
2018,8,18,-30.48,1,736.25,1,NA,0,NA,0,73.04,1,NA,NA,0
2018,8,19,-28.59,0.875,733.45,1,NA,0.25,NA,0.25,69.63,1,NA,NA,0.25
2018,8,20,-28.1,1,738.84,1,2.54,1,220,1,55.48,1,1.59,322.03,1
2018,8,21,-25.44,1,748.11,1,2.59,1,53.75,1,54.39,1,2.25,8.42,1
2018,8,22,-24.21,1,747.6,1,6.19,1,32.5,1,44.84,1,5.94,39.25,1
2018,8,23,-24.56,0.875,743.94,1,6.1,0.75,221,1,34.9,1,5.3,32.74,0.75
2018,8,24,-27.73,1,740.7,1,2.78,1,194.12,1,51.55,1,1.76,308.71,1
2018,8,25,-27.29,1,742.09,1,2.95,1,252.38,1,36.29,1,2.56,278.4,1
2018,8,26,-25.9,1,743.16,1,1.88,1,165.25,1,22.39,1,1.69,338.63,1
2018,8,27,-24.13,1,731.13,1,2.41,1,206.38,1,20.65,1,2.27,348.68,1
2018,8,28,-26.66,1,726.41,1,2.25,1,256.5,1,67.75,1,2.1,353.52,1
2018,8,29,-24.84,1,730.95,1,2.98,1,286.62,1,48.11,1,2.61,323.86,1
2018,8,30,-29.64,1,727.46,1,4.45,0.75,185.38,1,70.89,1,1.35,336.68,0.75
2018,8,31,-28.56,1,724.49,1,6.57,0.875,218.62,1,53.88,1,5.93,280.86,0.875
2018,9,1,-33.69,0.875,726.49,1,NA,0.5,219.17,0.75,65.37,1,NA,NA,0.5
2018,9,2,NA,0.625,739.06,1,7.78,0.75,185.5,1,46.85,1,6.26,269.71,0.75
2018,9,3,-17.38,0.75,720.06,1,4.24,0.875,134.62,1,62.64,1,2.21,8.58,0.875
2018,9,4,-25.53,1,716.45,1,3.57,0.875,33.62,1,39.3,1,3.24,21.07,0.875
2018,9,5,-25.65,0.75,713,1,NA,0.625,236.62,1,47.49,1,NA,NA,0.625
2018,9,6,-29.03,0.75,704.72,1,NA,0.375,159.17,0.75,66.55,1,NA,NA,0.375
2018,9,7,-29.2,1,706.84,1,NA,0.5,115.57,0.875,50.46,1,NA,NA,0.5
2018,9,8,-29.25,1,718.88,1,2.87,0.75,204.14,0.875,50.28,1,1.55,346.71,0.75
2018,9,9,-25.45,1,728.62,1,NA,0.5,80.38,1,49.95,1,NA,NA,0.5
2018,9,10,-29.51,1,730.91,1,NA,0.5,201.75,1,68.38,1,NA,NA,0.5
2018,9,11,-27.26,1,739.84,1,2.99,0.875,110,1,42.58,1,2.4,30.34,0.875
2018,9,12,-24.92,1,739.84,1,5.37,0.75,96.62,1,21.74,1,3.71,27.41,0.75
2018,9,13,-23.21,1,738.88,1,8.55,1,259.88,1,25.21,1,8.4,259.96,1
2018,9,14,-22.49,1,738.93,1,9.51,1,260.12,1,30.96,1,9.4,259.89,1
2018,9,15,-20.74,0.875,744.74,1,NA,0.5,239.88,1,55.39,1,NA,NA,0.5
2018,9,16,-20.67,0.875,748.28,1,2.54,1,238,1,38.34,1,1.52,313.2,1
2018,9,17,-19.23,1,741.69,1,2.03,0.875,239.25,1,24.17,1,1.68,328.96,0.875
2018,9,18,-17.19,1,724.09,1,NA,0.25,41.38,1,49.69,1,NA,NA,0.25
2018,9,19,-22.89,0.875,720.13,1,2.21,0.875,199.12,1,66.52,1,0.99,321.19,0.875
2018,9,20,-22.83,0.875,714.96,1,NA,0.125,162.57,0.875,61.11,1,NA,NA,0.125
2018,9,21,-28.64,0.875,736.6,1,2.35,0.75,190.25,1,56.2,1,2,348.64,0.75
2018,9,22,-27.97,0.75,745.83,1,4.17,0.75,90,1,43.81,1,3.99,15.55,0.75
2018,9,23,-21.18,1,738.8,1,NA,0.5,119.12,1,44.04,1,NA,NA,0.5
2018,9,24,-19.03,1,732.18,1,NA,0.625,205,1,51.79,1,NA,NA,0.625
2018,9,25,-19.59,1,731.56,1,NA,0.5,161.62,1,62.82,1,NA,NA,0.5
2018,9,26,-23.33,0.875,740.01,1,6.37,0.75,195.88,1,72.06,1,5.86,252.88,0.75
2018,9,27,-11.48,0.75,746.07,1,NA,0.625,291.62,1,43.24,1,NA,NA,0.625
2018,9,28,-9.1,0.875,740.98,1,NA,0.125,297.88,1,44.36,1,NA,NA,0.125
2018,9,29,-10.86,1,737.14,1,NA,0.125,221,1,41.1,1,NA,NA,0.125
2018,9,30,NA,0.625,739.09,1,NA,0.5,203.38,1,70.68,1,NA,NA,0.5
2018,10,1,-15.37,0.75,745.45,1,NA,0.625,195.75,1,31.7,1,NA,NA,0.625
2018,10,2,-15.31,1,742.78,1,2.2,1,169,1,52.11,1,1.08,330.6,1
2018,10,3,-14.86,1,730.82,1,NA,0.25,153.62,1,44.3,1,NA,NA,0.25
2018,10,4,-18.36,1,724.39,1,26.8,0.75,9.62,1,46.93,1,26.72,8.42,0.75
2018,10,5,-18.98,1,729.04,1,2.2,0.75,242,1,50.35,1,2,275.86,0.75
2018,10,6,-21.31,1,730.51,1,NA,0.625,180.88,1,59.86,1,NA,NA,0.625
2018,10,7,-19.9,1,730.8,1,4.33,0.875,174.62,1,40.9,1,2.69,326.82,0.875
2018,10,8,-21.1,0.875,728.78,1,NA,0,92.75,1,44.29,1,NA,NA,0
2018,10,9,-23.6,1,724.04,1,NA,0.125,NA,0.625,49.44,1,NA,NA,0.125
2018,10,10,-20.89,1,723.82,1,NA,0,NA,0.25,69.18,1,NA,NA,0
2018,10,11,-18.97,0.875,733.07,1,NA,0.25,26.25,1,52.83,1,NA,NA,0.25
2018,10,12,-19.2,0.75,738.94,1,NA,0.375,234.38,1,61.78,1,NA,NA,0.375
2018,10,13,-21.99,1,743.75,1,NA,0.375,189.88,1,64.95,1,NA,NA,0.375
2018,10,14,-23.16,1,747.69,1,NA,0.375,73.62,1,55.83,1,NA,NA,0.375
2018,10,15,-21.06,1,748.78,1,2.26,0.875,146,1,30.74,1,1.47,320.12,0.875
2018,10,16,-17.47,0.875,724.54,0.875,NA,0.375,157,0.875,59.59,1,NA,NA,0.375
2018,10,17,-16.53,1,726.06,1,NA,0.375,21.17,0.75,64.14,1,NA,NA,0.375
2018,10,18,-18.34,1,730.73,1,NA,0,171,1,49.26,1,NA,NA,0
2018,10,19,-16.34,1,734.44,1,1.37,0.75,113.12,1,72.48,1,0.29,10.73,0.75
2018,10,20,-17.55,1,740.09,1,2.31,1,126.75,1,71.96,1,1.95,5.86,1
2018,10,21,-20.75,0.75,741.24,1,1.35,0.75,144.88,1,55.81,1,0.95,43.29,0.75
2018,10,22,-20.5,1,738.95,1,2.12,1,87.88,1,29.74,1,1.4,42.38,1
2018,10,23,-18.58,0.75,736.69,1,2.59,0.875,173.88,1,48.63,1,1.44,352.54,0.875
2018,10,24,-14.06,1,723.23,1,NA,0.625,33.83,0.75,68.49,1,NA,NA,0.625
2018,10,25,-19.66,1,724.76,1,NA,0.25,NA,0.625,64.94,1,NA,NA,0.25
2018,10,26,-19.91,0.875,728.71,1,NA,0.25,NA,0.625,73.39,1,NA,NA,0.25
2018,10,27,-15.65,1,731.3,1,NA,0.125,NA,0.375,78.6,1,NA,NA,0.125
2018,10,28,-14.86,1,736.83,1,NA,0.25,53.67,0.75,75.81,1,NA,NA,0.25
2018,10,29,-16.75,1,737.45,1,NA,0.5,87.38,1,74.09,1,NA,NA,0.5
2018,10,30,-16.63,1,737.75,1,NA,0.375,106.38,1,71.52,1,NA,NA,0.375
2018,10,31,-14.49,1,739.35,1,3.42,1,257.5,1,60.78,1,3.39,259.32,1
2018,11,1,-14.19,1,743.28,1,1.26,1,125.62,1,53.43,1,0.45,348.48,1
2018,11,2,-13.9,1,745.23,1,1.95,1,105,1,47.35,1,1.29,20.42,1
2018,11,3,-16.39,1,745.09,1,1.99,1,101.12,1,53.43,1,0.49,314.64,1
2018,11,4,-17.18,1,747.49,1,1.79,1,107.12,1,66.63,1,0.73,48.17,1
2018,11,5,-12.93,1,740.66,1,NA,0.5,170,0.875,58.28,1,NA,NA,0.5
2018,11,6,-17.05,0.75,743.3,1,NA,0.25,278.62,1,66.69,1,NA,NA,0.25
2018,11,7,-10.86,0.875,744.94,1,2.17,0.75,155.5,1,51.53,1,0.97,39.41,0.75
2018,11,8,-8.81,1,734.36,1,NA,0.375,132,1,51.51,1,NA,NA,0.375
2018,11,9,-14.64,1,730.78,1,NA,0.5,89.88,1,52.6,1,NA,NA,0.5
2018,11,10,-19.14,1,739.46,1,1.99,1,108.25,1,61.86,1,1.36,61.72,1
2018,11,11,-18.11,1,738.4,1,1.84,1,173.38,1,64.11,1,0.96,232.12,1
2018,11,12,-17.44,1,731.63,1,1.52,1,147.25,1,59.26,1,0.34,337.69,1
2018,11,13,-18.51,1,731.39,1,1.53,1,221.88,1,53.14,1,0.99,258.26,1
2018,11,14,-18.34,1,734.56,1,1.93,1,142,1,53.02,1,0.78,57.34,1
2018,11,15,-16.66,1,737.18,1,2.83,1,63.62,1,48.55,1,2.47,36.73,1
2018,11,16,-14.7,1,740.69,1,2.96,1,69.62,1,60.23,1,2.34,51,1
2018,11,17,-15.8,1,744.85,1,NA,0.625,178.75,1,61.6,1,NA,NA,0.625
2018,11,18,-18.08,1,742.4,1,NA,0.625,117,1,66.83,1,NA,NA,0.625
2018,11,19,-21.71,1,731.95,1,3.49,0.875,132.88,1,66.06,1,2.48,85.71,0.875
2018,11,20,-22.84,1,722.23,1,NA,0.125,105.12,1,60.79,1,NA,NA,0.125
2018,11,21,-22.47,0.875,724.74,0.875,NA,0.125,NA,0.5,66.79,0.875,NA,NA,0.125
2018,11,22,-17.92,0.75,735.28,1,NA,0.5,47.71,0.875,65.08,1,NA,NA,0.5
2018,11,23,-19.19,1,737.37,1,NA,0.5,109.62,1,58.88,1,NA,NA,0.5
2018,11,24,-20.41,1,733.52,1,9.17,0.875,85.5,1,71.39,1,6.74,59.36,0.875
2018,11,25,-16.63,1,737.85,1,2.61,0.875,234.75,1,58.9,1,2.29,260.73,0.875
2018,11,26,-16.31,1,742.54,1,2.21,1,121,1,70.66,1,0.31,59.2,1
2018,11,27,-18.46,1,745.81,1,2.42,1,184.38,1,75.16,1,0.85,238.52,1
2018,11,28,-21.18,1,747.95,1,3.28,1,103,1,78.76,1,2.44,85.47,1
2018,11,29,-22.35,1,744.46,1,2.67,1,88.88,1,76.89,1,1.46,59.36,1
2018,11,30,-22.66,1,734.84,1,3.14,1,75.62,1,76.58,1,3.07,83.05,1
2018,12,1,-19.2,0.875,729.08,1,NA,0.375,66.12,1,70.73,1,NA,NA,0.375
2018,12,2,-19.41,1,733.29,1,8.74,0.875,103.62,1,69.54,1,5.91,69.98,0.875
2018,12,3,-19.34,0.875,747.15,1,5.16,1,79.12,1,70.39,1,4.93,72.99,1
2018,12,4,-16.3,0.75,755.21,1,NA,0.5,63.88,1,65.19,1,NA,NA,0.5
2018,12,5,NA,0.375,743.45,1,1.9,1,161.12,1,55.66,1,0.8,68.79,1
2018,12,6,NA,0.625,736.15,1,3.11,0.875,188.88,1,75.46,1,2.58,242.94,0.875
2018,12,7,-17.23,0.75,743.93,1,3.07,0.875,64.12,1,69.26,1,2.81,55.23,0.875
2018,12,8,NA,0.5,744.41,1,1.86,1,142,1,67.58,1,0.11,351.22,1
2018,12,9,NA,0.25,741.2,1,1.55,1,149.62,1,57.99,1,0.62,248.45,1
2018,12,10,NA,0.375,743.94,1,1.84,1,173.88,1,77.38,1,1.41,207.6,1
2018,12,11,NA,0.375,746.99,1,1.69,0.875,220.25,1,75.78,1,1.52,226.6,0.875
2018,12,12,NA,0.125,745.79,1,1.51,1,152.62,1,75.34,1,0.33,104.59,1
2018,12,13,NA,0.5,743.1,1,2.24,0.875,156.62,1,63.55,1,0.52,273.95,0.875
2018,12,14,-18.29,1,740.75,1,NA,0.625,106.75,1,62.01,1,NA,NA,0.625
2018,12,15,-18.11,1,738.33,1,NA,0.375,49.14,0.875,69.7,1,NA,NA,0.375
2018,12,16,-17.51,0.875,737.44,1,NA,0.625,121.62,1,70.19,1,NA,NA,0.625
2018,12,17,NA,0.5,741.22,1,2.12,0.75,174.25,1,64.31,1,1.61,236.91,0.75
2018,12,18,NA,0.625,748.46,1,2.41,0.875,227.38,1,61.9,1,2.18,240.37,0.875
2018,12,19,NA,0.625,748.74,1,2.7,1,143.5,1,59.46,1,0.19,226.85,1
2018,12,20,-17.46,0.875,745.79,1,2.95,1,196,1,60.26,1,1.22,227.45,1
2018,12,21,NA,0.375,751.9,1,2.11,1,136.25,1,64.8,1,1.12,101.53,1
2018,12,22,-18.34,1,750.26,1,5.71,1,234.75,1,77.87,1,5.47,238.65,1
2018,12,23,-17.38,0.75,747.39,1,2.8,0.75,201.62,1,75.39,1,1.98,260.32,0.75
2018,12,24,-16.41,1,743.43,1,NA,0.625,89.43,0.875,70.09,1,NA,NA,0.625
2018,12,25,-15.39,0.875,742.56,1,3.55,1,178.62,1,65.75,1,0.67,243.11,1
2018,12,26,-14.1,0.875,748.95,1,4.6,0.875,243.75,1,64.03,1,4.35,246.87,0.875
2018,12,27,NA,0.125,756.01,1,1.44,1,161.88,1,60.81,1,0.38,68.17,1
2018,12,28,NA,0.375,752.15,1,1.62,1,187.75,1,71.7,1,0.8,221.19,1
2018,12,29,NA,0.625,748.31,1,2.24,1,157.25,1,71.27,1,0.82,241.31,1
2018,12,30,NA,0.625,749.59,1,2.5,1,170.88,1,57.94,1,1.1,274.52,1
2018,12,31,NA,0.375,751.83,1,1.79,0.875,199.62,1,53.68,1,0.7,225.58,0.875
2019,1,1,NA,0.25,749.21,1,1.82,0.75,188.12,1,59.74,1,0.62,259.45,0.75
2019,1,2,NA,0.5,745.38,1,2.12,1,144.88,1,58,1,1.11,260.91,1
2019,1,3,NA,0.5,738.6,1,1.82,1,210.62,1,76.6,1,1.46,240.14,1
2019,1,4,NA,0.5,739.23,1,1.99,1,167.38,1,75.75,1,0.4,237.84,1
2019,1,5,NA,0.125,745.65,1,1.38,1,138.12,1,78.63,1,0.9,140.33,1
2019,1,6,-17.93,0.875,750.93,1,2.86,1,183.88,1,79.06,1,1.89,202.36,1
2019,1,7,NA,0.625,751.49,1,2.41,1,87.12,1,43.99,1,1.86,53.08,1
2019,1,8,NA,0.625,748.1,1,2.24,1,99,1,51.2,1,1.24,35.94,1
2019,1,9,NA,0.25,753.03,1,1.68,1,120.38,1,73.74,1,0.1,219.52,1
2019,1,10,NA,0.625,757.86,1,2.74,1,153.88,1,76.93,1,0.3,45.21,1
2019,1,11,NA,0.625,760.35,1,3.2,1,249.12,1,69.48,1,3.16,252.1,1
2019,1,12,NA,0.125,761.65,1,1.03,1,95.38,1,56.88,1,0.92,61.06,1
2019,1,13,NA,0.625,761.01,1,2.15,1,70.62,1,59.42,1,1.88,46.37,1
2019,1,14,NA,0.5,760.21,0.875,NA,0.625,173.71,0.875,74.93,0.875,NA,NA,0.625
2019,1,15,NA,0.25,755.81,1,1.41,1,136.88,1,83.15,1,0.79,129.84,1
2019,1,16,NA,0.5,748.65,1,2.35,1,207.25,1,70.88,1,1.19,32.01,1
2019,1,17,-17.42,0.75,744.59,1,NA,0.5,77.5,1,76.06,1,NA,NA,0.5
2019,1,18,-17.75,0.75,744.32,1,NA,0.625,165,1,71.24,1,NA,NA,0.625
2019,1,19,NA,0.375,745.23,1,1.84,1,147.25,1,74.64,1,1.12,68.09,1
2019,1,20,NA,0,747.75,1,1.06,1,188.88,1,78.04,1,0.4,199.01,1
2019,1,21,NA,0.625,752.11,1,2.33,1,65.62,1,78.11,1,1.75,34.64,1
2019,1,22,NA,0.5,757.28,1,2.28,1,85.88,1,48.98,1,0.94,353.49,1
2019,1,23,NA,0.5,759.71,1,NA,0.625,140.75,1,69.04,1,NA,NA,0.625
2019,1,24,NA,0.625,754.14,1,2.84,0.875,82.75,1,67.75,1,2.46,16.15,0.875
2019,1,25,NA,0.125,750.81,1,1.19,1,184.38,1,74.93,1,0.37,302.76,1
2019,1,26,-9.15,0.75,751.41,1,2.92,1,200.62,1,74.25,1,0.54,269.75,1
2019,1,27,NA,0.375,751.78,1,NA,0.625,212.12,1,75.33,1,NA,NA,0.625
2019,1,28,-10.42,0.75,751.61,1,2.61,1,124.5,1,68.44,1,0.63,327.41,1
2019,1,29,NA,0.375,751.23,1,1.71,1,127.25,1,67,1,0.57,16.63,1
2019,1,30,NA,0.25,752.21,1,1.56,1,96.88,1,73.84,1,1.12,61.44,1
2019,1,31,NA,0.375,754.37,1,1.81,1,178.12,1,77.73,1,1,249.14,1
2019,2,1,-17.6,0.75,756.58,1,3.3,0.875,213.12,1,75.58,1,3.03,212.27,0.875
2019,2,2,NA,0.5,756.03,1,3.3,0.875,87.25,1,66.33,1,1.43,54.66,0.875
2019,2,3,NA,0.375,750.2,1,1.86,1,98.38,1,30.17,1,1.68,30.45,1
2019,2,4,NA,0.125,745.4,1,1.45,1,115.62,1,70.96,1,0.55,347.9,1
2019,2,5,NA,0.5,748.03,1,2.25,1,163.5,1,62.15,1,1.04,356.95,1
2019,2,6,NA,0.375,748.25,1,2.44,1,110.5,1,68.55,1,0.87,21.91,1
2019,2,7,NA,0.125,740.5,1,1.27,1,182.75,1,73.9,1,0.52,249.04,1
2019,2,8,-17,0.875,744.06,1,NA,0.625,253,1,63.49,1,NA,NA,0.625
2019,2,9,NA,0.5,757.64,1,3.06,0.875,214.12,1,46.5,1,2.49,347.72,0.875
2019,2,10,NA,0.625,757.31,1,2.06,1,212.88,1,60.91,1,1.29,354.57,1
2019,2,11,NA,0.625,748.91,1,2.81,1,238.75,1,71.61,1,2.29,261.43,1
2019,2,12,NA,0.25,746.25,1,1.49,1,186.38,1,50.25,1,0.77,355.9,1
2019,2,13,NA,0.5,745.16,1,1.94,0.875,198.62,1,69.45,1,1.45,249.39,0.875
2019,2,14,NA,0.625,751.36,1,2.54,1,75.38,1,75.08,1,2.07,59.63,1
2019,2,15,-23.73,1,751.6,1,6.49,0.875,53.75,1,63.31,1,6.21,53.73,0.875
2019,2,16,NA,0.625,747.83,1,NA,0.625,163.75,1,55.49,1,NA,NA,0.625
2019,2,17,NA,0.625,751.94,1,2.09,1,226.88,1,70.16,1,1.44,311.79,1
2019,2,18,NA,0.25,755.64,1,1.79,1,193.88,1,63.69,1,1.44,354.43,1
2019,2,19,-19.31,1,758.74,1,3.96,1,87.38,1,64.38,1,3.4,6.64,1
2019,2,20,-10.18,1,755.51,1,13.28,0.75,257,0.875,63.65,1,12.74,346.88,0.75
2019,2,21,NA,0.375,761.09,1,NA,0.625,192.12,1,65,1,NA,NA,0.625
2019,2,22,-11.54,0.875,764.14,1,2.96,1,150.75,1,62.05,1,2.74,10.8,1
2019,2,23,NA,0.625,762.97,0.875,3.19,0.875,184.43,0.875,58.36,0.875,1.83,290.24,0.875
2019,2,24,-8.38,0.75,749.75,1,NA,0.25,NA,0.625,66.51,1,NA,NA,0.25
2019,2,25,-10.23,0.875,740.76,1,NA,0.5,200.88,1,64.21,1,NA,NA,0.5
2019,2,26,NA,0.5,747.89,1,NA,0.625,179.62,1,55.04,1,NA,NA,0.625
2019,2,27,-15.21,0.875,749.64,1,NA,0.5,39.57,0.875,68.58,1,NA,NA,0.5
2019,2,28,-13.85,0.75,738.6,1,5,0.75,158.75,1,65.88,1,2.29,42.74,0.75
2019,3,1,-17.11,1,755.9,1,NA,0.625,174.75,1,69.85,1,NA,NA,0.625
2019,3,2,-18.98,1,763.51,1,2.89,1,226.5,1,69.33,1,2.49,253.19,1
2019,3,3,-21.92,0.75,764.89,1,2.78,1,153.38,1,67.48,1,1.14,311.23,1
2019,3,4,-11.09,1,759.31,1,NA,0.5,242.5,1,58.45,1,NA,NA,0.5
2019,3,5,-12.16,1,751.51,1,2.04,0.875,110.88,1,77.46,1,1.76,17.4,0.875
2019,3,6,-13.71,1,745.68,1,1.6,1,134.5,1,81.91,1,1.04,24.91,1
2019,3,7,-11.75,1,746.62,1,1.99,1,82.38,1,74.5,1,1.62,19.99,1
2019,3,8,-12.41,1,745.3,1,2.28,1,149,1,79.26,1,1.15,314.45,1
2019,3,9,-14.24,1,744.99,1,3.64,1,204.12,1,73.02,1,1.85,283.58,1
2019,3,10,-14.78,1,738.96,1,2.95,0.75,164.57,0.875,66.4,1,1.8,24.21,0.75
2019,3,11,-17.39,0.875,750.53,1,1.89,1,130.12,1,63.75,1,1.36,355.39,1
2019,3,12,-19.48,1,750.44,1,6.07,0.75,261.62,1,62.97,1,4.71,276.38,0.75
2019,3,13,-23.2,0.875,744.54,1,NA,0.625,238.43,0.875,76.68,1,NA,NA,0.625
2019,3,14,-27,0.875,741.55,1,1.68,1,127.62,1,75.81,1,0.73,351.04,1
2019,3,15,-18.88,1,731.19,1,2.14,1,86,1,37.24,1,1.66,3.71,1
2019,3,16,-22.91,1,728.63,1,1.54,1,146.62,1,73.1,1,0.73,347.39,1
2019,3,17,-21.17,1,729.78,1,1.43,1,205,1,30.14,1,0.78,331.95,1
2019,3,18,-19.93,1,734.21,1,2.86,1,257.62,1,48.09,1,2.34,296.6,1
2019,3,19,NA,0.625,739.43,1,NA,0.625,112.5,1,69.78,1,NA,NA,0.625
2019,3,20,-16.33,0.875,737.19,1,NA,0.375,NA,0.5,69.19,1,NA,NA,0.375
2019,3,21,-19.23,0.875,743.95,1,2.55,0.75,265.88,1,61.11,1,2.09,264.08,0.75
2019,3,22,-22.26,1,741.23,1,2.36,1,240.25,1,65.21,1,1.68,340.95,1
2019,3,23,-24.58,0.75,728.59,1,NA,0.375,92.25,1,74.61,1,NA,NA,0.375
2019,3,24,-17.76,0.875,721.72,1,NA,0.25,NA,0.375,68.51,1,NA,NA,0.25
2019,3,25,-20.69,1,741.51,1,NA,0.5,253.38,1,48.49,1,NA,NA,0.5
2019,3,26,-21.33,1,744.63,1,NA,0.625,255.38,1,56.33,1,NA,NA,0.625
2019,3,27,-20.36,0.875,738.23,1,NA,0.375,164.25,1,60.78,1,NA,NA,0.375
2019,3,28,-25.2,1,734.91,1,3.31,1,246.12,1,72.16,1,2.84,272.3,1
2019,3,29,-24.64,1,733.75,1,3.02,1,219.12,1,53.5,1,1.93,250.18,1
2019,3,30,-30.57,0.75,735.58,1,1.31,1,206.12,1,72.41,1,0.94,336.24,1
2019,3,31,NA,0.625,736.69,1,4.5,0.75,179.14,0.875,63.99,1,3.2,279.64,0.75
2019,4,1,-34.51,0.875,729.86,1,2.84,1,141.75,1,64.03,1,1.6,356.23,1
2019,4,2,-26.53,1,725.04,1,3.28,1,51.38,1,40.58,1,2.83,9.03,1
2019,4,3,-21.43,1,730.39,1,2.54,0.875,213.38,1,62.6,1,1.65,354.43,0.875
2019,4,4,-20.45,1,736.23,1,2.85,0.75,177.62,1,52.09,1,2.11,352.85,0.75
2019,4,5,-17.98,1,732.43,1,3.3,1,273.38,1,45.23,1,1.67,276.47,1
2019,4,6,-19.15,1,736.34,1,NA,0.25,25.71,0.875,47.48,1,NA,NA,0.25
2019,4,7,-22.45,1,741.44,1,2.35,0.75,228.62,1,66.34,1,1.81,278.22,0.75
2019,4,8,-24.29,1,741.56,1,1.61,1,245.5,1,59.78,1,1.43,303.87,1
2019,4,9,-22.69,1,733.91,1,NA,0.5,196.25,1,42.79,1,NA,NA,0.5
2019,4,10,-22.61,1,733.19,1,NA,0.625,201.25,1,67.83,1,NA,NA,0.625
2019,4,11,-23.48,1,733.25,1,2.31,1,126.25,1,63.76,1,1.31,337.15,1
2019,4,12,-25.6,0.875,737.51,1,NA,0.5,NA,0.5,67.76,1,NA,NA,0.5
2019,4,13,-19.93,0.875,731.23,1,2.71,1,247.88,1,65.64,1,2.18,284.55,1
2019,4,14,-26.98,1,733.31,1,2.95,1,177.38,1,75.2,1,1.52,296.58,1
2019,4,15,-27.64,1,735.26,1,NA,0.375,NA,0.375,71.86,1,NA,NA,0.375
2019,4,16,-25.88,1,738.14,1,3.93,0.75,198.38,1,36.1,1,2.43,313.53,0.75
2019,4,17,-16.2,0.875,739.61,1,3.55,0.75,262,1,45.46,1,3.22,247.73,0.75
2019,4,18,-14.03,0.875,731.24,0.875,NA,0.5,112.17,0.75,56.31,0.875,NA,NA,0.5
2019,4,19,-21.72,0.75,733.05,1,NA,0.625,15.83,0.75,58.83,1,NA,NA,0.625
2019,4,20,-19.92,1,737.14,1,NA,0.25,NA,0.5,65.53,1,NA,NA,0.25
2019,4,21,-14.56,1,738.04,1,NA,0.375,179.5,1,51.79,1,NA,NA,0.375
2019,4,22,-13.68,0.75,726.74,1,NA,0.375,NA,0.625,71.48,1,NA,NA,0.375
2019,4,23,-21.44,1,726.71,1,3.9,1,150,1,62.4,1,1.35,329.61,1
2019,4,24,-24.41,1,731.32,1,2.16,1,287.75,1,68.82,1,1.66,305.64,1
2019,4,25,-24.94,1,737.7,1,1.97,0.875,247.12,1,65.39,1,1.46,313.06,0.875
2019,4,26,-25.43,0.875,741.55,1,1.92,0.75,299.12,1,70.09,1,1.71,308.16,0.75
2019,4,27,-20.15,1,745.85,1,3.61,0.875,252.75,1,67.3,1,2.96,283.89,0.875
2019,4,28,-26.01,1,742.69,1,2.84,0.875,124.14,0.875,74.65,1,2.12,357.92,0.875
2019,4,29,-30.18,1,737.35,1,NA,0.125,NA,0.125,75.01,1,NA,NA,0.125
2019,4,30,-24.55,1,735.69,1,2.26,0.875,270,0.875,51.68,1,2.15,316.87,0.875
2019,5,1,-24.15,1,726.21,1,2.17,1,287.5,1,37.83,1,2.07,282.45,1
2019,5,2,-23.01,0.875,713.06,1,NA,0.375,155.38,1,55.8,1,NA,NA,0.375
2019,5,3,-19.18,1,723.53,1,3.24,1,288.88,1,44.61,1,2.79,287.04,1
2019,5,4,-23.94,1,733.05,1,NA,0.625,195.75,1,58.36,1,NA,NA,0.625
2019,5,5,-27.19,1,737.57,1,NA,0.625,218.88,1,51.8,1,NA,NA,0.625
2019,5,6,-27.58,1,739.46,1,1.99,1,325.38,1,44.01,1,1.88,325.77,1
2019,5,7,-27.44,1,733.64,1,2.31,1,65,1,57.38,1,2.16,13.46,1
2019,5,8,-27.33,0.875,723.56,1,NA,0.5,159.12,1,71.58,1,NA,NA,0.5
2019,5,9,-29.19,1,725.76,1,2.45,1,233.62,1,62.55,1,1.96,293.62,1
2019,5,10,-26.11,1,727.03,1,2.15,1,288.38,1,56.96,1,1.98,276.02,1
2019,5,11,-27.89,1,724.22,1,2.15,1,326.62,1,69.74,1,2.03,326.55,1
2019,5,12,-28.88,1,727.18,1,2.66,0.875,195.43,0.875,74.39,1,1.53,326.69,0.875
2019,5,13,-32.94,1,731.78,1,NA,0.375,NA,0.375,73.81,1,NA,NA,0.375
2019,5,14,-30.63,1,731.86,1,NA,0.125,NA,0.125,74.34,1,NA,NA,0.125
2019,5,15,-23.8,1,730.04,1,2.44,0.875,324.86,0.875,42.55,1,2.28,320.49,0.875
2019,5,16,-23.59,1,738.64,1,2.35,1,314.25,1,61.4,1,2.17,313.81,1
2019,5,17,-21.39,1,744.94,1,2.61,1,171,1,58.81,1,2.07,352.14,1
2019,5,18,-22.77,1,742.59,1,2.2,0.875,169.62,1,64.11,1,1.89,350.69,0.875
2019,5,19,-22.01,1,743.56,1,2.02,1,167.38,1,62.96,1,1.68,355.44,1
2019,5,20,-18.95,0.75,754.28,1,2.52,1,145.62,1,48.34,1,1.98,9.37,1
2019,5,21,-6.04,0.875,755.83,1,NA,0.375,295.86,0.875,59.53,1,NA,NA,0.375
2019,5,22,-10.95,1,766.69,1,NA,0,245.25,1,28.75,1,NA,NA,0
2019,5,23,-10.3,1,763.1,1,NA,0.5,328,0.875,51,1,NA,NA,0.5
2019,5,24,-14.57,0.875,760.88,1,NA,0.375,228.38,1,34.38,1,NA,NA,0.375
2019,5,25,-16.24,1,760.19,1,2.22,1,161,1,23.6,1,2,346.53,1
2019,5,26,-16.58,1,761.09,1,2.3,1,283.88,1,30.25,1,2.1,326.5,1
2019,5,27,-14.91,1,759.66,1,NA,0.375,107.25,1,33,1,NA,NA,0.375
2019,5,28,-16.24,1,756.48,1,2.43,0.875,287.88,1,31.28,1,1.98,294.24,0.875
2019,5,29,-12.88,1,756.01,1,1.91,1,301.38,1,48.93,1,1.72,305.68,1
2019,5,30,-19.03,1,753.45,1,NA,0.625,194.75,1,77.07,1,NA,NA,0.625
2019,5,31,-17.59,1,757.99,1,3.98,0.75,149.75,1,72.06,1,3.14,28.14,0.75
2019,6,1,-17.62,1,759.5,1,2.24,0.875,169,1,67.84,1,1.64,358.14,0.875
2019,6,2,-24.33,1,756.03,1,NA,0.5,NA,0.5,73.84,1,NA,NA,0.5
2019,6,3,-19.33,1,747.74,1,3.06,1,300.25,1,51.2,1,2.62,292.86,1
2019,6,4,-19.3,1,738.43,1,3.03,0.75,154.12,1,53.7,1,2.43,346.57,0.75
2019,6,5,-23.86,1,732.14,1,2.29,1,251.75,1,70.04,1,1.54,332.21,1
2019,6,6,-27.3,1,730.85,1,1.69,0.875,171.25,1,75.65,1,0.65,351.69,0.875
2019,6,7,-19.69,0.875,735.14,1,5.09,0.875,242.38,1,49.1,1,2.94,294,0.875
2019,6,8,-20.01,0.875,744.98,1,NA,0.5,202.5,1,46.95,1,NA,NA,0.5
2019,6,9,-10.33,0.75,743.85,1,3.2,0.75,191.25,1,52,1,1.79,357.35,0.75
2019,6,10,-10.64,0.875,737.02,1,NA,0.625,292.5,0.75,53.58,1,NA,NA,0.625
2019,6,11,-15.82,0.75,728.05,1,NA,0.25,220.25,1,65.43,1,NA,NA,0.25
2019,6,12,NA,0.375,731.68,1,NA,0.375,323.67,0.75,59.48,1,NA,NA,0.375
2019,6,13,-14.53,1,730.02,1,NA,0.25,344.88,1,41.19,1,NA,NA,0.25
2019,6,14,-22.93,1,738.4,1,NA,0.125,161.38,1,54.74,1,NA,NA,0.125
2019,6,15,-22.49,1,738.08,1,2.43,1,159.38,1,34.7,1,1.66,333.82,1
2019,6,16,-21.68,0.75,730.91,1,NA,0.625,139.5,1,38.65,1,NA,NA,0.625
2019,6,17,-31.24,0.875,724.04,1,NA,0.375,118.75,1,63.44,1,NA,NA,0.375
2019,6,18,-27.31,0.875,731.93,1,NA,0.625,101.75,1,50.3,1,NA,NA,0.625
2019,6,19,-26.57,0.875,734.43,1,NA,0.625,154.12,1,35.56,1,NA,NA,0.625
2019,6,20,-20.3,0.875,732.01,1,NA,0.5,276.25,1,66.29,1,NA,NA,0.5
2019,6,21,-26.08,1,721.94,1,NA,0.625,118.12,1,67.51,1,NA,NA,0.625
2019,6,22,-23.7,0.875,718.05,1,NA,0.375,NA,0.5,71.79,1,NA,NA,0.375
2019,6,23,NA,0.5,729.96,1,NA,0.625,174.57,0.875,69.56,1,NA,NA,0.625
2019,6,24,NA,0.25,738.64,1,NA,0.375,124.57,0.875,43.99,1,NA,NA,0.375
2019,6,25,-17.56,1,734.54,1,NA,0.625,9.83,0.75,55.41,1,NA,NA,0.625
2019,6,26,NA,0.625,732.94,1,4.03,0.75,251,1,43.64,1,3.75,349.39,0.75
2019,6,27,-20.65,0.75,727.01,1,NA,0.375,128.62,1,55.81,1,NA,NA,0.375
2019,6,28,-20.19,0.875,728.51,1,NA,0.375,210.43,0.875,33.14,1,NA,NA,0.375
2019,6,29,-20.78,1,725.88,1,NA,0.125,NA,0.375,65.98,1,NA,NA,0.125
2019,6,30,-24.28,0.75,721.15,1,NA,0.5,110.71,0.875,56.2,1,NA,NA,0.5
2019,7,1,-18.33,0.875,719.28,1,NA,0.625,53.12,1,56.99,1,NA,NA,0.625
2019,7,2,-29.18,0.75,735.55,1,NA,0.5,223.88,1,56.11,1,NA,NA,0.5
2019,7,3,-28.54,1,737.46,1,2.7,0.875,136.25,1,64.21,1,1.44,359.58,0.875
2019,7,4,-28.99,0.875,728.15,1,NA,0.625,57,0.875,54.94,1,NA,NA,0.625
2019,7,5,-26.4,1,723.54,1,4.39,0.875,252.62,1,50.15,1,4.26,276.81,0.875
2019,7,6,-24.7,0.75,731.58,1,2.7,0.75,207.88,1,41.11,1,2.41,328.64,0.75
2019,7,7,-16.79,1,733.19,1,NA,0.25,NA,0.25,71.86,1,NA,NA,0.25
2019,7,8,-18.79,1,731.48,1,NA,0,NA,0,79.94,1,NA,NA,0
2019,7,9,-17.58,0.75,737.4,1,NA,0,NA,0,80.34,1,NA,NA,0
2019,7,10,-15.49,0.875,740.65,1,NA,0.125,NA,0.25,72.19,1,NA,NA,0.125
2019,7,11,-20.16,1,746.3,1,NA,0.5,74.83,0.75,54.78,1,NA,NA,0.5
2019,7,12,-19.73,1,749.36,1,NA,0.375,163.12,1,46.35,1,NA,NA,0.375
2019,7,13,-24.3,1,752.19,1,4.35,1,133.12,1,70.76,1,2.26,33.74,1
2019,7,14,NA,0.625,753.81,1,NA,0.5,134.38,1,70.53,1,NA,NA,0.5
2019,7,15,-16.23,0.75,757.01,1,3.21,0.875,219.62,1,66.45,1,2,311.84,0.875
2019,7,16,-16.41,1,757.1,1,3.38,0.75,264.38,1,56.76,1,3.07,276.6,0.75
2019,7,17,-24.5,0.75,754.31,1,10.02,0.75,256,0.875,51.37,1,9.79,258.42,0.75
2019,7,18,NA,0.625,750.2,1,NA,0.625,308.88,1,58.47,1,NA,NA,0.625
2019,7,19,-13.37,0.75,734.38,1,NA,0.125,289.17,0.75,66.51,1,NA,NA,0.125
2019,7,20,NA,0.5,737.82,1,12.38,0.75,255.5,1,47.53,1,12.27,254.52,0.75
2019,7,21,NA,0.625,731.6,1,NA,0.5,240.29,0.875,59.53,1,NA,NA,0.5
2019,7,22,-34.97,0.75,728.31,1,NA,0.25,206.5,1,40.28,1,NA,NA,0.25
2019,7,23,-38.59,1,723.1,1,2.47,0.875,179.38,1,60.26,1,1.09,345.65,0.875
2019,7,24,NA,0.5,724.87,0.75,NA,0.25,NA,0.25,69.42,0.75,NA,NA,0.25
2019,7,25,-21.64,1,727.71,1,NA,0.375,NA,0.375,64.76,1,NA,NA,0.375
2019,7,26,-24.85,1,737.91,1,NA,0.25,51.83,0.75,67.61,1,NA,NA,0.25
2019,7,27,NA,0.5,736.9,1,NA,0.625,160.62,1,64.6,1,NA,NA,0.625
2019,7,28,-25.64,1,735.97,1,2.41,1,276,1,61.18,1,2.24,321.14,1
2019,7,29,-25.46,1,736.61,1,2.28,1,144.75,1,57.64,1,1.7,15.09,1
2019,7,30,-22.78,0.75,741.09,1,NA,0.625,298.38,1,56.58,1,NA,NA,0.625
2019,7,31,-28.86,0.875,741.3,1,2.17,0.875,117.62,1,68.18,1,1.26,30.22,0.875
2019,8,1,-29.25,1,739.15,1,2.98,1,211.12,1,50.05,1,2.6,263.03,1
2019,8,2,NA,0.625,743.6,1,3,0.75,191.88,1,48.2,1,1.63,294.39,0.75
2019,8,3,-25.8,0.875,738.3,1,6.62,0.75,172.38,1,69.4,1,5.38,253.99,0.75
2019,8,4,-33.35,0.75,751.18,1,11.09,1,251.12,1,56.83,1,10.97,250.87,1
2019,8,5,-22.09,1,756.21,1,14.1,0.875,271.62,1,62.91,1,13.89,270.86,0.875
2019,8,6,-22.6,0.75,745.94,1,NA,0.375,NA,0.625,62.64,1,NA,NA,0.375
2019,8,7,-23.15,0.75,741.64,1,10.27,0.75,265.38,1,53.81,1,9.45,284.69,0.75
2019,8,8,-21.13,0.75,745.88,1,NA,0.375,114.33,0.75,39.15,1,NA,NA,0.375
2019,8,9,-10.11,1,745.85,1,22.93,0.75,340.75,1,61.14,1,22.86,339.59,0.75
2019,8,10,-10.3,0.875,739.55,1,NA,0.125,277,1,44.68,1,NA,NA,0.125
2019,8,11,-12.97,0.875,738.26,1,NA,0.125,177.33,0.75,49.69,1,NA,NA,0.125
2019,8,12,-20.53,0.75,742.66,1,NA,0,267.62,1,46.3,1,NA,NA,0
2019,8,13,NA,0.625,752.26,1,NA,0.5,120.12,1,36.59,1,NA,NA,0.5
2019,8,14,-18.67,0.75,753.21,1,6.1,0.875,181,1,30.67,1,3.66,286.96,0.875
2019,8,15,-16.5,0.75,751.7,1,2.88,1,268.12,1,37.55,1,2.61,352.31,1
2019,8,16,-7.95,0.75,740.18,1,NA,0.25,202.86,0.875,56.21,1,NA,NA,0.25
2019,8,17,-10.74,0.875,735.75,1,NA,0.125,326,1,42.83,1,NA,NA,0.125
2019,8,18,-14.08,1,740.6,1,NA,0,96.75,1,46.6,1,NA,NA,0
2019,8,19,-16.04,1,733.41,1,NA,0.125,NA,0.125,75.18,1,NA,NA,0.125
2019,8,20,-21.05,1,736.6,1,NA,0.125,238.57,0.875,61.64,1,NA,NA,0.125
2019,8,21,-24.25,0.75,733,1,NA,0.25,NA,0.5,61.49,1,NA,NA,0.25
2019,8,22,-21.14,1,726.68,1,NA,0.125,68,0.75,61.36,1,NA,NA,0.125
2019,8,23,-25.8,0.875,739.46,1,4.93,0.75,203.12,1,64.43,1,1.79,22.71,0.75
2019,8,24,-22.33,0.875,745.51,1,2.65,0.75,315.25,1,43.94,1,2.44,338.57,0.75
2019,8,25,-11.29,1,750.32,1,NA,0.375,334.38,1,59.18,1,NA,NA,0.375
2019,8,26,-12.33,0.75,738.49,1,NA,0.25,154.14,0.875,47.62,1,NA,NA,0.25
2019,8,27,-20.19,1,737.88,1,NA,0.25,288,1,41.71,1,NA,NA,0.25
2019,8,28,-23.34,1,743.85,1,NA,0.5,126.75,1,42.2,1,NA,NA,0.5
2019,8,29,-23.19,1,736.69,1,2.5,1,297,1,29.55,1,2.3,293.29,1
2019,8,30,-21.84,1,730.29,1,2.21,1,266.38,1,62.46,1,1.68,338.76,1
2019,8,31,-18.93,0.875,739.12,1,NA,0.5,138.88,1,53.81,1,NA,NA,0.5
2019,9,1,-14.63,0.875,741.25,1,NA,0.625,260.62,1,53.19,1,NA,NA,0.625
2019,9,2,NA,0.625,737.44,1,NA,0.125,NA,0.375,62.26,1,NA,NA,0.125
2019,9,3,-13.75,1,742.09,1,NA,0.125,50.5,1,58.54,1,NA,NA,0.125
2019,9,4,-11.24,0.875,729.78,1,NA,0.25,70.38,1,45.44,1,NA,NA,0.25
2019,9,5,NA,0.5,731.88,1,NA,0.25,145,1,36.41,1,NA,NA,0.25
2019,9,6,-32.13,1,733.89,1,2.66,1,46.88,1,62.71,1,2.24,28.59,1
2019,9,7,-30.89,1,727.75,1,2.3,1,92,1,54.15,1,1.81,4.59,1
2019,9,8,-25.8,0.75,716.14,1,2.12,0.75,102.75,1,39.2,1,1.85,39.97,0.75
2019,9,9,NA,0.625,708.41,1,NA,0.25,215.33,0.75,61.6,1,NA,NA,0.25
2019,9,10,NA,0.25,725.76,1,NA,0.625,188,0.875,59.3,1,NA,NA,0.625
2019,9,11,-23.59,0.875,734.56,1,NA,0.625,123.62,1,60.75,1,NA,NA,0.625
2019,9,12,-13.13,0.75,738.46,1,NA,0.25,302,1,47.05,1,NA,NA,0.25
2019,9,13,-20.47,0.875,739.04,1,NA,0.25,189.25,1,62.1,1,NA,NA,0.25
2019,9,14,-20.5,0.875,746.66,1,3.34,1,68.25,1,58.64,1,2.81,30.92,1
2019,9,15,-13.7,0.875,724.68,1,NA,0.25,62.5,0.75,54.03,1,NA,NA,0.25
2019,9,16,-19.88,0.75,712.91,1,3.61,1,208.12,1,69.85,1,2.23,289.78,1
2019,9,17,-25.85,1,731.71,1,2.35,1,103.25,1,62.81,1,1.77,16.05,1
2019,9,18,-24.25,1,737.21,1,1.71,1,282.88,1,53.99,1,1.44,322.44,1
2019,9,19,-23.14,1,735.84,1,2.19,1,311,1,34.14,1,1.91,311.74,1
2019,9,20,-24.3,1,733.04,1,2.74,0.875,196.38,1,36.9,1,1.45,313.31,0.875
2019,9,21,-24.78,1,728.6,1,2.26,1,249.12,1,50.63,1,1.97,342.17,1
2019,9,22,-25.83,1,727.35,1,2.06,1,325.25,1,54.78,1,1.94,330.58,1
2019,9,23,-20.91,1,727.38,1,NA,0.625,109.5,0.75,56.35,1,NA,NA,0.625
2019,9,24,-21.33,1,734.15,1,NA,0.375,68.25,1,51.94,1,NA,NA,0.375
2019,9,25,-25.03,0.75,732.59,1,NA,0.625,231.14,0.875,62.81,1,NA,NA,0.625
2019,9,26,-23.89,1,740.2,1,2.19,1,169.62,1,60.15,1,0.63,18.84,1
2019,9,27,-16.11,0.875,745.48,1,NA,0.625,268.12,1,41.4,1,NA,NA,0.625
2019,9,28,-10.79,1,741.96,1,NA,0.625,344.62,1,52.44,1,NA,NA,0.625
2019,9,29,-7.99,1,736.65,1,NA,0.625,222.25,1,50.61,1,NA,NA,0.625
2019,9,30,-12.14,1,733.54,1,NA,0.125,92.38,1,49.29,1,NA,NA,0.125
2019,10,1,-22.88,0.75,735.86,1,NA,0.125,NA,0.5,74.2,1,NA,NA,0.125
2019,10,2,NA,0.625,739.58,1,NA,0.25,NA,0.25,73.37,1,NA,NA,0.25
2019,10,3,-18.54,1,742.31,1,6.43,0.75,198.12,1,61.06,1,5.43,294.95,0.75
2019,10,4,-21.09,0.875,733.15,1,NA,0.625,95.38,1,51.91,1,NA,NA,0.625
2019,10,5,-24.49,1,732.24,1,NA,0.5,157,0.75,67.71,1,NA,NA,0.5
2019,10,6,-17.81,0.875,726.29,1,NA,0.5,292.33,0.75,61.46,1,NA,NA,0.5
2019,10,7,-19.69,0.875,725.31,1,NA,0.25,205.88,1,49,1,NA,NA,0.25
2019,10,8,-25.76,0.875,731.44,1,1.87,0.875,214.25,1,68.56,1,0.57,231.12,0.875
2019,10,9,-27.04,1,735.71,1,2.25,1,48.5,1,63.79,1,1.99,22.48,1
2019,10,10,-25.53,1,736.68,1,2.91,1,32.88,1,47.31,1,2.72,29.27,1
2019,10,11,-20.34,1,738.43,1,2.99,0.875,188.75,1,45.41,1,2.31,349.13,0.875
2019,10,12,-20.59,1,729.89,1,NA,0.125,80.62,1,50.45,1,NA,NA,0.125
2019,10,13,-23.3,1,735.4,1,NA,0.5,69.88,1,48.65,1,NA,NA,0.5
2019,10,14,-19.76,1,738.18,1,1.86,1,213.5,1,30.94,1,0.89,343.85,1
2019,10,15,-19.37,0.875,738.43,0.875,2.57,0.875,174.14,0.875,33.81,0.875,1.93,9.54,0.875
2019,10,16,-21.29,1,733.18,1,5.61,0.875,46.88,1,37.25,1,5.54,49.9,0.875
2019,10,17,-23.06,1,723.21,1,3.33,0.875,141.75,1,62.78,1,2.22,53.51,0.875
2019,10,18,-23.2,1,731.07,1,2.36,1,114,1,66.38,1,1.25,18.43,1
2019,10,19,-23.91,0.875,737,1,2.06,1,193.12,1,62.64,1,1.37,329.71,1
2019,10,20,-29.89,0.875,735.26,1,4.7,0.75,88.14,0.875,70.26,1,4.01,42.45,0.75
2019,10,21,-28.21,1,737,1,NA,0.5,NA,0.625,67.66,1,NA,NA,0.5
2019,10,22,-27.03,1,747.61,1,5.4,1,98.5,1,61.61,1,3.14,47.71,1
2019,10,23,-19.4,1,752.39,1,7.51,0.875,273.88,1,37.78,1,7.12,276.74,0.875
2019,10,24,-13.49,1,755.51,1,2.79,1,132.12,1,35.54,1,1.89,351.03,1
2019,10,25,-11.06,1,752.84,1,2.16,1,109.38,1,61.26,1,1.81,0.89,1
2019,10,26,-14.84,1,750.66,1,2.5,1,99.88,1,65.52,1,2.12,16.72,1
2019,10,27,-20.4,1,748.44,1,2.08,1,160.12,1,72.35,1,1.34,347.25,1
2019,10,28,-20.64,1,746.83,1,2.2,1,144.12,1,64.66,1,1.04,307.8,1
2019,10,29,-23.79,0.875,746.94,1,2.06,1,166.75,1,73.91,1,1.41,8.73,1
2019,10,30,-24.22,1,745.18,1,1.7,1,264.5,1,68.93,1,1.51,273.82,1
2019,10,31,-23.2,1,740.88,1,1.95,1,193.12,1,64.79,1,1.2,278.58,1
2019,11,1,-22.66,1,740.38,1,0.89,1,198.62,1,63.63,1,0.49,292.29,1
2019,11,2,-23.99,1,742.28,1,1.61,1,102.75,1,71.51,1,1.06,18.75,1
2019,11,3,-21.8,1,744.46,1,1.93,1,194.25,1,50.45,1,0.91,317.31,1
2019,11,4,-23.3,0.75,742.76,1,NA,0.5,153.29,0.875,66.99,1,NA,NA,0.5
2019,11,5,-16.4,1,748.05,1,3.77,0.75,190.75,1,67.43,1,2.03,255.84,0.75
2019,11,6,-17.38,1,747.18,1,3.48,1,255,1,67.99,1,2.87,246.54,1
2019,11,7,-20.53,0.875,745.79,0.875,1.76,0.875,216.86,0.875,75.61,0.875,1.4,251.62,0.875
2019,11,8,-24.17,1,746.46,1,2.43,0.875,230.88,1,73.77,1,1.83,251.71,0.875
2019,11,9,-22.57,0.875,750.94,1,NA,0.625,224,0.75,71.65,1,NA,NA,0.625
2019,11,10,-17.24,1,754.43,1,2.8,0.75,130.12,1,54.73,1,0.98,41.24,0.75
2019,11,11,-19.5,1,748.31,1,1.49,1,141.88,1,57.8,1,0.33,6.13,1
2019,11,12,-21.45,0.75,741.03,1,1.73,1,126.75,1,59.93,1,0.1,264.67,1
2019,11,13,-30.18,1,740.54,1,3.05,0.75,222.43,0.875,72.04,1,2.28,230.08,0.75
2019,11,14,-28.72,1,747,1,NA,0.625,118.5,1,71.85,1,NA,NA,0.625
2019,11,15,-22.85,1,752.78,1,1.8,1,228.5,1,62.71,1,1.06,239.86,1
2019,11,16,NA,0.5,747.08,1,NA,0.5,200.5,1,64.86,1,NA,NA,0.5
2019,11,17,-20.87,0.75,740.41,1,1.88,1,127.88,1,45.39,1,0.84,30.68,1
2019,11,18,-21.25,1,742.74,1,2.34,0.875,113.38,1,53.39,1,1.57,40.33,0.875
2019,11,19,-18.89,1,739.89,1,1.8,1,96.75,1,65.7,1,0.63,2.48,1
2019,11,20,-19.78,1,744.45,1,3.77,0.75,178.57,0.875,74.11,1,0.79,296.19,0.75
2019,11,21,-15.49,0.875,749.84,0.875,NA,0.375,NA,0.5,71.77,0.875,NA,NA,0.375
2019,11,22,-16.22,1,754.63,1,6.97,0.75,153.38,1,63.63,1,5.99,56.44,0.75
2019,11,23,-18.83,1,749.25,1,1.65,1,95.75,1,62.31,1,0.71,30.84,1
2019,11,24,-18.73,1,750.53,1,2.51,1,181.12,1,51.16,1,1.03,294.01,1
2019,11,25,-16.94,1,755.65,1,3.42,0.75,167,1,57.55,1,2.04,34.21,0.75
2019,11,26,-11.47,0.75,747.68,1,NA,0.625,171,0.75,59.55,1,NA,NA,0.625
2019,11,27,-10.61,0.875,746.3,1,NA,0.375,202.43,0.875,52.79,1,NA,NA,0.375
2019,11,28,-9.9,1,759.62,1,NA,0.125,238.5,1,54.57,1,NA,NA,0.125
2019,11,29,-10.11,1,762.24,1,1.88,1,158.5,1,59.75,1,0.56,57.27,1
2019,11,30,-8.44,1,757.82,1,2.4,1,166.88,1,70.04,1,0.72,316.59,1
2019,12,1,-11.71,1,758.19,1,3.44,0.875,182.62,1,79.51,1,1.39,256.39,0.875
2019,12,2,NA,0.125,759.3,1,1.1,1,107.38,1,82.54,1,0.52,87.04,1
2019,12,3,NA,0.25,756.08,1,1.35,1,260,1,76.74,1,1.21,263.89,1
2019,12,4,NA,0.5,752.64,1,2.69,1,185.38,1,74.4,1,0.94,287.09,1
2019,12,5,NA,0.625,756.63,1,NA,0.625,211.75,1,65.04,1,NA,NA,0.625
2019,12,6,-9.17,1,756.7,1,NA,0.625,141,0.875,62.84,1,NA,NA,0.625
2019,12,7,NA,0.625,761.03,1,2.43,0.75,237.38,1,50.93,1,1.37,256.59,0.75
2019,12,8,NA,0.625,760.57,1,3.06,0.875,243.62,1,62.75,1,2.73,267.59,0.875
2019,12,9,NA,0.25,758.36,0.875,1.61,0.875,170.86,0.875,66,0.875,0.89,238.37,0.875
2019,12,10,NA,0.125,758.07,1,1.3,1,149.62,1,64.61,1,0.15,32.15,1
2019,12,11,NA,0.625,759.34,1,1.89,1,210.5,1,62.03,1,1.53,276.94,1
2019,12,12,NA,0.5,760.62,1,2.11,1,128.62,1,77.63,1,0.88,3.13,1
2019,12,13,NA,0.375,763.26,1,1.96,1,127.75,1,68.54,1,0.59,321.66,1
2019,12,14,NA,0.375,762.59,1,1.96,1,155.38,1,58.65,1,1.23,348.1,1
2019,12,15,-14.6,0.75,759.75,1,2.71,0.875,187.43,0.875,74.41,1,2.11,240.47,0.875
2019,12,16,-17.83,1,758.69,1,5.44,1,247,1,77.6,1,5.35,248.39,1
2019,12,17,NA,0.375,756.29,1,2.06,1,145.12,1,74.38,1,1.13,301.09,1
2019,12,18,NA,0.5,758.75,1,2.36,1,53.62,1,60.11,1,2.22,50.88,1
2019,12,19,-11.83,1,767.68,1,7.92,0.75,255.5,1,75.01,1,7.88,252.41,0.75
2019,12,20,-11.5,1,768.91,1,6.97,0.875,238.62,1,78.4,1,6.84,260.78,0.875
2019,12,21,NA,0.625,759.54,1,4.78,0.75,239,1,70.71,1,4.29,265.47,0.75
2019,12,22,NA,0.625,750.32,1,3.27,0.75,199,1,57.95,1,2,327.31,0.75
2019,12,23,NA,0.5,749.62,1,2.15,1,67.25,1,73.63,1,1.84,43.83,1
2019,12,24,-11.32,0.75,753.58,1,2.59,1,120.88,1,78.69,1,0.88,27.27,1
2019,12,25,-13.57,0.75,753.08,1,3.06,1,112.88,1,76.93,1,1.46,38.68,1
2019,12,26,NA,0.375,749.01,1,1.91,1,147.5,1,68.96,1,0.9,9.77,1
2019,12,27,NA,0.5,750.5,1,2.1,1,109.5,1,68.09,1,1.23,35.36,1
2019,12,28,NA,0.25,757.73,1,2.16,0.875,139.88,1,50.85,1,1.12,303.35,0.875
2019,12,29,NA,0.625,758.08,1,2.72,1,193,1,74.61,1,1.31,248.55,1
2019,12,30,NA,0.25,754.49,1,2.2,1,136,1,61.41,1,0.26,271.99,1
2019,12,31,-18.6,1,760.71,1,3.76,1,143,1,78.48,1,2.4,133.15,1
2020,1,1,-19.59,0.875,754.21,1,3.59,1,89.5,1,75.16,1,2.86,75.31,1
2020,1,2,NA,0.5,747.59,1,2.21,1,203.75,1,78.08,1,1.54,227.2,1
2020,1,3,-18.65,0.75,744.1,1,2.64,1,111.75,1,67.49,1,1.49,30.91,1
2020,1,4,NA,0.375,746.29,1,1.67,0.875,151.38,1,72,1,0.99,355.75,0.875
2020,1,5,-17.47,0.875,746.68,1,2.67,0.875,66.25,1,68.45,1,2.27,26.31,0.875
2020,1,6,NA,0.375,752.49,1,1.65,1,43,1,61.36,1,1.48,26.64,1
2020,1,7,NA,0.625,757.79,1,2.02,1,132.88,1,56.64,1,1.21,16.57,1
2020,1,8,NA,0.625,753.84,1,3.56,1,205.62,1,75.36,1,3.05,250.08,1
2020,1,9,-17.79,1,751.3,1,5.14,1,250.25,1,74.4,1,4.94,252.51,1
2020,1,10,NA,0.5,750.9,1,2.07,0.875,135.62,1,51.5,1,1.23,31.16,0.875
2020,1,11,-15.43,0.875,753.15,1,3.28,1,106.38,1,79.3,1,1.62,61.57,1
2020,1,12,NA,0.625,752.71,1,2.46,1,97.38,1,75.51,1,2.04,61.29,1
2020,1,13,NA,0.125,750.51,1,0.89,1,102,1,72.01,1,0.57,6.82,1
2020,1,14,NA,0.375,750.26,1,1.94,1,282.38,1,73.08,1,1.64,262.8,1
2020,1,15,-17.95,0.75,751.28,1,2.76,1,190.38,1,67.94,1,1.58,261.54,1
2020,1,16,-19.6,1,751.15,1,5.29,1,254.62,1,77.89,1,5.1,255.38,1
2020,1,17,NA,0.625,747.75,1,3.23,0.75,176.14,0.875,78.54,1,1.76,278.95,0.75
2020,1,18,NA,0.25,744.55,1,1.4,1,141.12,1,57.6,1,1.15,20.55,1
2020,1,19,NA,0.25,746.34,1,1.77,1,154.88,1,52.41,1,0.93,16.1,1
2020,1,20,NA,0.625,751.49,1,NA,0.5,160.62,1,57.59,1,NA,NA,0.5
2020,1,21,-12.3,0.75,759.7,1,2.54,1,130.12,1,65.21,1,1.26,7.1,1
2020,1,22,NA,0.625,762.01,1,2.35,1,130.38,1,53.61,1,1.67,2.78,1
2020,1,23,NA,0.625,759.94,1,2.7,1,166.5,1,63.63,1,1.37,346.95,1
2020,1,24,NA,0.125,757.3,1,1.26,1,201.62,1,78.08,1,0.45,351.14,1
2020,1,25,NA,0.25,755.69,1,1.69,1,137.25,1,63.95,1,1.16,19.13,1
2020,1,26,-13.69,1,754.35,1,2.83,1,117.12,1,66.98,1,1.78,338.53,1
2020,1,27,NA,0.625,753.94,1,2.42,1,223.25,1,64.21,1,2.02,311.18,1
2020,1,28,NA,0.125,754.79,1,1.45,1,269.38,1,59.79,1,1.11,309.56,1
2020,1,29,NA,0.625,752.19,1,2.09,1,219.5,1,51.22,1,1.27,315.69,1
2020,1,30,NA,0,752.5,1,0.94,1,107.62,1,61.71,1,0.81,57.33,1
2020,1,31,NA,0.375,757.46,1,1.71,1,164.62,1,45.68,1,1.41,358.52,1
2020,2,1,NA,0.625,760.36,1,2.34,1,70.5,1,45.34,1,1.61,44.35,1
2020,2,2,-8.71,0.875,753.05,1,3.42,0.75,56.25,1,66.81,1,3.08,28.34,0.75
2020,2,3,NA,0.625,744.57,1,2.75,0.75,185.17,0.75,78.34,1,1.25,249.65,0.75
2020,2,4,-9.29,1,739.14,1,NA,0.375,NA,0.375,77.11,1,NA,NA,0.375
2020,2,5,-8.36,1,739.28,1,NA,0,NA,0,80.14,1,NA,NA,0
2020,2,6,-9.73,1,739.26,1,NA,0.5,NA,0.625,70.24,1,NA,NA,0.5
2020,2,7,-10.11,1,747.85,1,NA,0.25,NA,0.625,64.58,1,NA,NA,0.25
2020,2,8,-8.35,0.75,743.49,1,NA,0.375,NA,0.625,67.5,1,NA,NA,0.375
2020,2,9,-9.03,0.75,748.09,1,2.95,1,142.25,1,65.81,1,1.46,343.69,1
2020,2,10,-12.53,0.75,756.51,1,3.16,1,141.25,1,77.21,1,1.49,115.23,1
2020,2,11,-13.71,1,752.11,1,4.57,0.875,70.29,0.875,75.21,1,4.49,72.23,0.875
2020,2,12,-14.95,0.75,745.73,1,2.95,1,159.38,1,71.53,1,0.41,107.72,1
2020,2,13,NA,0.5,743.68,1,1.61,1,157.5,1,56.01,1,0.63,336.37,1
2020,2,14,-15.87,0.875,746.64,1,2.55,1,64.62,1,72.76,1,1.74,35.67,1
2020,2,15,NA,0.625,749.4,1,1.73,0.875,178,0.875,72.8,1,0.65,320.97,0.875
2020,2,16,NA,0.25,748.14,1,1.65,1,199.62,1,67.1,1,1.01,280.92,1
2020,2,17,-14.47,0.875,747.98,1,3.12,1,274.88,1,62,1,2.84,272.54,1
2020,2,18,-12.67,0.875,746.38,1,NA,0.625,77.12,1,67.59,1,NA,NA,0.625
2020,2,19,-14.36,0.875,747.13,1,NA,0.25,NA,0.625,66.13,1,NA,NA,0.25
2020,2,20,-11.09,1,740.09,1,NA,0,NA,0,80.16,1,NA,NA,0
2020,2,21,-11.19,1,735.71,1,NA,0.125,NA,0.375,71.16,1,NA,NA,0.125
2020,2,22,-12.69,1,742.29,1,NA,0.125,NA,0.25,60.49,1,NA,NA,0.125
2020,2,23,-15.61,0.875,743.74,1,NA,0.25,NA,0.25,65.9,1,NA,NA,0.25
2020,2,24,-12.7,1,741.09,1,NA,0.5,NA,0.5,54.63,1,NA,NA,0.5
2020,2,25,-17.39,0.875,745.31,1,NA,0.375,NA,0.5,64.9,1,NA,NA,0.375
2020,2,26,-19.54,0.875,750.2,1,NA,0.375,NA,0.375,65.98,1,NA,NA,0.375
2020,2,27,-18.68,0.75,749.35,1,NA,0.5,NA,0.5,45.35,1,NA,NA,0.5
2020,2,28,NA,0.5,748.48,1,NA,0.625,NA,0.625,53.87,1,NA,NA,0.625
2020,2,29,-16.93,0.75,744.55,1,NA,0.5,NA,0.5,42.08,1,NA,NA,0.5
2020,3,1,-14.46,1,731.08,1,NA,0.625,NA,0.625,58.4,1,NA,NA,0.625
2020,3,2,-14.8,1,738.72,1,NA,0.375,NA,0.375,64.76,1,NA,NA,0.375
2020,3,3,-16.35,1,746.68,1,NA,0.25,NA,0.25,73.88,1,NA,NA,0.25
2020,3,4,-16.84,1,741.46,1,2.97,0.875,206.43,0.875,49.43,1,1.66,288.44,0.875
2020,3,5,-16.99,1,737.1,1,NA,0.375,NA,0.375,66.26,1,NA,NA,0.375
2020,3,6,-17.78,1,733.11,1,NA,0.625,NA,0.625,67.23,1,NA,NA,0.625
2020,3,7,-21.5,1,726.59,1,NA,0.375,NA,0.375,66.99,1,NA,NA,0.375
2020,3,8,-25.66,0.875,726.31,1,3.23,0.75,64,0.75,57.38,1,2.41,65.38,0.75
2020,3,9,-23.11,1,737.59,1,NA,0.5,NA,0.5,51.57,1,NA,NA,0.5
2020,3,10,-20.11,1,733.16,1,NA,0.375,NA,0.375,52.75,1,NA,NA,0.375
2020,3,11,-18.29,1,733.6,1,2.75,0.75,89.83,0.75,69.36,1,0.99,314.66,0.75
2020,3,12,-20,1,741.39,1,NA,0.5,NA,0.5,54.03,1,NA,NA,0.5
2020,3,13,-21.1,0.875,738.73,1,NA,0.5,NA,0.5,74.86,1,NA,NA,0.5
2020,3,14,-18.81,1,742.86,1,NA,0.5,NA,0.5,62.89,1,NA,NA,0.5
2020,3,15,-17.21,1,741.81,1,NA,0.5,NA,0.5,57.85,1,NA,NA,0.5
2020,3,16,-21.76,1,739.38,1,NA,0.5,NA,0.5,77.61,1,NA,NA,0.5
2020,3,17,-25.64,1,733.36,1,NA,0.625,NA,0.625,77.31,1,NA,NA,0.625
2020,3,18,-26.64,1,733.59,1,3.72,0.75,202.83,0.75,43.73,1,3,246.65,0.75
2020,3,19,-21.26,1,734.64,1,2,0.875,226.71,0.875,20.16,1,1.57,336.78,0.875
2020,3,20,-22.98,1,738.8,1,5.9,0.75,258.71,0.875,66.9,1,5.26,248.26,0.75
2020,3,21,NA,0.625,745.51,1,NA,0.5,NA,0.625,72.26,1,NA,NA,0.5
2020,3,22,-24.37,0.875,742.16,1,5.53,0.75,206,0.875,53.76,1,3.3,226.89,0.75
2020,3,23,-26.35,1,741.78,1,11.35,0.75,253.33,0.75,62.98,1,11.14,256.06,0.75
2020,3,24,-20.05,1,743.93,1,NA,0.125,NA,0.125,75.15,1,NA,NA,0.125
2020,3,25,-14.92,1,743.76,1,NA,0.5,NA,0.625,66.85,1,NA,NA,0.5
2020,3,26,-8.51,0.875,732.59,1,NA,0.5,340.5,0.75,60.14,1,NA,NA,0.5
2020,3,27,NA,0.5,730.43,1,NA,0.375,NA,0.5,68.48,1,NA,NA,0.375
2020,3,28,-23.2,1,733.7,1,NA,0.5,NA,0.5,78.55,1,NA,NA,0.5
2020,3,29,-25.74,1,729.49,1,NA,0,NA,0,77.13,1,NA,NA,0
2020,3,30,-19.51,0.875,734.33,1,NA,0.25,NA,0.375,65.29,1,NA,NA,0.25
2020,3,31,-25.12,0.75,738.94,1,2.69,0.875,266.14,0.875,68.51,1,1.89,247.93,0.875
2020,4,1,NA,0.625,736.19,1,NA,0.5,NA,0.5,70.15,1,NA,NA,0.5
2020,4,2,-18.33,0.75,735.98,1,NA,0.375,NA,0.375,69.06,1,NA,NA,0.375
2020,4,3,-20.17,1,745.08,1,2.14,0.875,283,0.875,62.46,1,0.95,295.86,0.875
2020,4,4,-23.23,1,748.44,1,NA,0.5,NA,0.5,74.11,1,NA,NA,0.5
2020,4,5,-24.75,1,746.58,1,NA,0.125,NA,0.125,77.35,1,NA,NA,0.125
2020,4,6,-26.04,1,739.5,1,NA,0.125,NA,0.125,71.38,1,NA,NA,0.125
2020,4,7,-26.2,1,734.8,1,NA,0.5,NA,0.5,67.03,1,NA,NA,0.5
2020,4,8,-25.19,1,733.49,1,2.82,0.75,243.83,0.75,50.31,1,1.69,266.91,0.75
2020,4,9,-24.38,1,734.38,1,NA,0.625,153.62,1,59.19,1,NA,NA,0.625
2020,4,10,-24.03,0.875,744.22,1,3.56,0.875,41,0.875,71.49,1,3.22,38.49,0.875
2020,4,11,-10.28,0.75,748.21,1,NA,0.375,NA,0.5,44.49,1,NA,NA,0.375
2020,4,12,-3.39,1,743.51,1,NA,0.5,NA,0.625,51.14,1,NA,NA,0.5
2020,4,13,-6.43,0.75,757.6,1,NA,0.375,133,0.875,24.66,1,NA,NA,0.375
2020,4,14,NA,0.625,736.88,1,NA,0.375,331.17,0.75,46.16,1,NA,NA,0.375
2020,4,15,NA,0.625,738.19,1,NA,0.375,NA,0.625,61.46,1,NA,NA,0.375
2020,4,16,-19.44,1,739.85,1,NA,0.5,321,0.75,61.29,1,NA,NA,0.5
2020,4,17,-8.82,0.75,742.04,1,NA,0.375,NA,0.5,74.99,1,NA,NA,0.375
2020,4,18,NA,0.5,727.1,1,NA,0.125,NA,0.5,54.9,1,NA,NA,0.125
2020,4,19,-29.15,1,728.84,1,NA,0.625,198.62,1,56.18,1,NA,NA,0.625
2020,4,20,-25.74,0.875,724.71,1,NA,0.625,232,0.75,51.81,1,NA,NA,0.625
2020,4,21,-23.99,0.875,727.29,1,NA,0.375,127.33,0.75,53.96,1,NA,NA,0.375
2020,4,22,-21.54,0.875,725.4,1,NA,0.5,174.86,0.875,50.29,1,NA,NA,0.5
2020,4,23,-23.32,0.75,728.8,1,NA,0.375,150.5,0.75,49.89,1,NA,NA,0.375
2020,4,24,-19.1,0.75,723.14,1,NA,0.125,NA,0.5,70.16,1,NA,NA,0.125
2020,4,25,NA,0.625,732.06,1,NA,0.25,81.67,0.75,65.05,1,NA,NA,0.25
2020,4,26,-35.89,1,728.86,1,2.14,0.875,184.75,1,70.09,1,0.67,291.13,0.875
2020,4,27,-35.1,1,738.57,1,5.9,0.75,195.38,1,68.05,1,3.97,253.87,0.75
2020,4,28,-31.56,0.875,747.08,1,NA,0.125,NA,0.25,73.59,1,NA,NA,0.125
2020,4,29,-28.78,1,744.69,1,NA,0.5,NA,0.5,74.59,1,NA,NA,0.5
2020,4,30,-24.81,1,737.19,1,NA,0.5,268.29,0.875,40.74,1,NA,NA,0.5
2020,5,1,-21.68,1,738.14,1,2.1,0.875,41.71,0.875,42.26,1,1.7,23.15,0.875
2020,5,2,-16.29,1,743.7,1,NA,0.625,145,0.75,32.74,1,NA,NA,0.625
2020,5,3,-20.51,0.875,748.95,1,NA,0.5,NA,0.625,65.08,1,NA,NA,0.5
2020,5,4,-23.8,0.75,754.32,1,2.67,0.75,139.33,0.75,53.51,1,2.38,2.79,0.75
2020,5,5,-15.34,1,748.8,1,3.62,0.75,233.33,0.75,29.45,1,3.43,354.23,0.75
2020,5,6,-12.93,0.75,739.3,1,NA,0.25,NA,0.625,57.15,1,NA,NA,0.25
2020,5,7,NA,0.625,732.1,1,NA,0.375,68.17,0.75,62.48,1,NA,NA,0.375
2020,5,8,NA,0.375,743.05,1,NA,0.375,NA,0.625,58.54,1,NA,NA,0.375
2020,5,9,-10.69,0.875,752.06,1,NA,0.375,345,1,51.21,1,NA,NA,0.375
2020,5,10,NA,0.625,749.13,1,NA,0.625,282.57,0.875,61.03,1,NA,NA,0.625
2020,5,11,NA,0.5,749.19,1,NA,0.25,281.88,1,45.14,1,NA,NA,0.25
2020,5,12,-16.67,0.875,744.66,1,NA,0.25,NA,0.625,55.39,1,NA,NA,0.25
2020,5,13,-22.85,1,744.76,1,3.28,0.75,90.67,0.75,70.09,1,2.7,16.79,0.75
2020,5,14,-16.68,0.75,737.72,1,NA,0.625,NA,0.625,58.15,1,NA,NA,0.625
2020,5,15,-21.49,1,740.14,1,NA,0.5,NA,0.5,75.46,1,NA,NA,0.5
2020,5,16,-22.86,1,734.98,1,2.8,0.875,184.71,0.875,70.29,1,1.58,265.44,0.875
2020,5,17,-24.18,1,735.99,1,3.1,0.75,211.17,0.75,68.28,1,1.37,260.19,0.75
2020,5,18,-17.27,0.875,737.43,1,NA,0.125,NA,0.125,59.95,1,NA,NA,0.125
2020,5,19,-16.11,1,739.48,1,NA,0.5,NA,0.5,58.06,1,NA,NA,0.5
2020,5,20,-17.55,1,738.79,1,NA,0.125,NA,0.25,55.29,1,NA,NA,0.125
2020,5,21,-16.93,1,739.88,1,NA,0.625,NA,0.625,57.69,1,NA,NA,0.625
2020,5,22,-21.15,1,734.7,1,4.6,0.75,191.38,1,52.64,1,2.4,332,0.75
2020,5,23,-20.33,0.75,726.84,1,NA,0.5,303.88,1,59.05,1,NA,NA,0.5
2020,5,24,-18.11,1,724.65,1,NA,0.375,102.83,0.75,58.01,1,NA,NA,0.375
2020,5,25,-20.78,1,724.7,1,NA,0.625,NA,0.625,57.24,1,NA,NA,0.625
2020,5,26,-23.58,0.75,731.43,1,3.3,0.875,283.57,0.875,50.55,1,2.58,271.85,0.875
2020,5,27,-17.92,0.75,728.6,1,NA,0.125,NA,0.125,63.75,1,NA,NA,0.125
2020,5,28,-20.43,1,725.24,1,NA,0.375,NA,0.375,62.04,1,NA,NA,0.375
2020,5,29,-13.84,0.875,713.34,1,NA,0.375,43.33,0.75,62.81,1,NA,NA,0.375
2020,5,30,-17.87,0.75,723.9,1,NA,0.125,NA,0.5,57.34,1,NA,NA,0.125
2020,5,31,-17.63,1,726.84,1,NA,0.25,NA,0.25,61.85,1,NA,NA,0.25
2020,6,1,-26.73,1,737.76,1,2.92,0.75,187.17,0.75,74.7,1,1.04,257.87,0.75
2020,6,2,-28.33,1,734.59,1,2.25,1,202,1,74.36,1,1.29,314.31,1
2020,6,3,-24.36,1,738.09,1,1.95,1,156.12,1,62.74,1,0.93,324.03,1
2020,6,4,-23.74,1,733.58,1,2.64,0.875,274.43,0.875,53.48,1,2.06,260.27,0.875
2020,6,5,-24.71,1,724.16,1,2.42,0.75,259.17,0.75,41.51,1,1.95,258.21,0.75
2020,6,6,-27.26,1,730.51,1,2.4,1,212.12,1,46.01,1,1.37,306.51,1
2020,6,7,-25.13,1,732.85,1,2.02,1,243.12,1,33,1,1.21,299.22,1
2020,6,8,-23.46,1,737.03,1,NA,0.625,NA,0.625,47.47,1,NA,NA,0.625
2020,6,9,-22.1,1,734.75,1,2.51,0.875,240.43,0.875,50.88,1,1.01,242.96,0.875
2020,6,10,-20.11,0.875,727.7,1,NA,0.5,NA,0.625,42.99,1,NA,NA,0.5
2020,6,11,-23.12,0.75,722.35,1,NA,0.125,186.14,0.875,48.54,1,NA,NA,0.125
2020,6,12,-30.71,1,731.74,1,2.24,0.875,185.25,1,62.24,1,0.51,264.35,0.875
2020,6,13,NA,0.625,741.15,1,NA,0.375,158.83,0.75,45.88,1,NA,NA,0.375
2020,6,14,NA,0.375,739.16,1,NA,0.625,265.5,0.75,59.49,1,NA,NA,0.625
2020,6,15,NA,0.5,733.2,1,NA,0.375,NA,0.375,73.54,1,NA,NA,0.375
2020,6,16,-28.96,1,723.48,1,1.67,0.75,249,0.75,48.59,1,0.68,355.72,0.75
2020,6,17,NA,0.625,721.78,1,NA,0.5,NA,0.625,69.25,1,NA,NA,0.5
2020,6,18,NA,0.625,720.25,1,NA,0,NA,0,40.6,1,NA,NA,0
2020,6,19,-25.96,1,724.93,1,2.75,0.75,258,0.75,18.56,1,1.27,278.56,0.75
2020,6,20,-22.81,1,719.89,1,NA,0,115,1,43.7,1,NA,NA,0
2020,6,21,-22.36,1,720,1,NA,0.5,NA,0.5,49.36,1,NA,NA,0.5
2020,6,22,-23.08,1,726.49,1,NA,0.125,NA,0.25,70.84,1,NA,NA,0.125
2020,6,23,-27.74,1,730.54,1,NA,0.125,231.5,1,41.28,1,NA,NA,0.125
2020,6,24,-23.09,0.875,739.03,1,19.62,0.75,336.17,0.75,48.3,1,19.52,338.54,0.75
2020,6,25,-16.29,1,744.82,1,NA,0.375,222.25,1,45.06,1,NA,NA,0.375
2020,6,26,NA,0.625,747.61,1,NA,0.25,NA,0.375,68.51,1,NA,NA,0.25
2020,6,27,-16.61,1,741.29,1,NA,0.25,NA,0.25,73.05,1,NA,NA,0.25
2020,6,28,NA,0.125,741.03,1,NA,0.625,186.14,0.875,45.38,1,NA,NA,0.625
2020,6,29,-19.42,0.75,753.75,1,NA,0.25,286.57,0.875,56.53,1,NA,NA,0.25
2020,6,30,-10.03,0.75,749.2,1,NA,0.375,NA,0.5,62.56,1,NA,NA,0.375
2020,7,1,-15,0.75,751.72,1,NA,0,NA,0.125,73.59,1,NA,NA,0
2020,7,2,-11.91,1,754.93,1,NA,0.5,14.17,0.75,57.65,1,NA,NA,0.5
2020,7,3,-17.45,1,744.28,1,NA,0.25,NA,0.375,54.44,1,NA,NA,0.25
2020,7,4,-21.59,0.875,737.9,1,NA,0.25,45.83,0.75,62.68,1,NA,NA,0.25
2020,7,5,-19.8,1,724.85,1,NA,0.375,NA,0.375,54.88,1,NA,NA,0.375
2020,7,6,-25.05,1,734.34,1,3.67,0.875,161.75,1,51.66,1,1.59,336.61,0.875
2020,7,7,-23.21,0.875,741.82,1,2.74,1,176.5,1,53.58,1,0.92,317.52,1
2020,7,8,-18.82,1,743.14,1,NA,0.375,NA,0.375,60.95,1,NA,NA,0.375
2020,7,9,-21.26,1,747.68,1,NA,0.5,NA,0.5,59.59,1,NA,NA,0.5
2020,7,10,-21.33,1,754.36,1,NA,0.625,222.33,0.75,56.21,1,NA,NA,0.625
2020,7,11,-13.08,1,751,1,NA,0.625,144.17,0.75,22.81,1,NA,NA,0.625
2020,7,12,-8.91,1,744.51,1,NA,0.25,291.86,0.875,49.69,1,NA,NA,0.25
2020,7,13,-10.99,1,749.07,1,NA,0.375,NA,0.5,56.65,1,NA,NA,0.375
2020,7,14,-17.51,0.875,745.83,1,NA,0.25,NA,0.5,57.53,1,NA,NA,0.25
2020,7,15,-19.25,1,733.4,1,NA,0.375,NA,0.5,60.11,1,NA,NA,0.375
2020,7,16,NA,0.625,736.11,1,NA,0.5,264,0.75,60.21,1,NA,NA,0.5
2020,7,17,-18.54,1,738.04,1,NA,0.5,290.43,0.875,55.15,1,NA,NA,0.5
2020,7,18,-19.83,0.875,728.5,1,NA,0.625,NA,0.625,60.21,1,NA,NA,0.625
2020,7,19,-26.88,1,724.69,1,NA,0.625,NA,0.625,75.56,1,NA,NA,0.625
2020,7,20,-27.9,1,729.35,1,2.37,0.75,107.67,0.75,55.05,1,1.62,2.67,0.75
2020,7,21,-25.56,0.875,720.23,1,2.62,0.75,214.57,0.875,58.66,1,1.86,298.7,0.75
2020,7,22,NA,0.5,720.41,0.875,NA,0.25,NA,0.25,69.26,0.875,NA,NA,0.25
2020,7,23,NA,0.375,744.9,1,NA,0.375,NA,0.625,47.46,1,NA,NA,0.375
2020,7,24,-7.93,0.875,745.8,1,NA,0.5,342.67,0.75,46.06,1,NA,NA,0.5
2020,7,25,-12.33,0.75,737.53,1,NA,0.125,228.75,1,40.39,1,NA,NA,0.125
2020,7,26,NA,0.375,740.01,1,NA,0.25,271,1,56.96,1,NA,NA,0.25
2020,7,27,-19.3,0.75,731.13,1,NA,0.5,342.38,1,47.1,1,NA,NA,0.5
2020,7,28,NA,0.5,731.96,1,NA,0.5,244.5,1,70.28,1,NA,NA,0.5
2020,7,29,-29.24,0.875,732.68,1,2.25,1,112.88,1,47.95,1,0.86,358.64,1
2020,7,30,-32.24,0.875,728.64,1,2.45,1,187.75,1,61.7,1,1.49,219.59,1
2020,7,31,-33.24,1,734.38,1,1.94,1,169,1,53.98,1,0.51,276.26,1
2020,8,1,-30.6,1,740.93,1,1.73,1,241,1,52.47,1,1.48,242.67,1
2020,8,2,-28.08,1,739,1,2.65,1,163.38,1,27.7,1,1.42,270.21,1
2020,8,3,-22.11,1,732.06,1,3,0.875,173.12,1,31.88,1,2.07,285.98,0.875
2020,8,4,-18.83,1,733.68,1,NA,0.625,NA,0.625,48.65,1,NA,NA,0.625
2020,8,5,-24.21,0.875,732.29,1,2.14,0.875,196,0.875,67.18,1,0.93,241.81,0.875
2020,8,6,-22.31,1,726.89,1,NA,0.375,NA,0.5,45.26,1,NA,NA,0.375
2020,8,7,-22.41,1,724.16,1,NA,0.25,NA,0.375,67.41,1,NA,NA,0.25
2020,8,8,-24.04,1,731.95,1,4.13,0.75,160,0.75,51.13,1,1.09,214.36,0.75
2020,8,9,-23.56,1,741.1,1,2.93,0.75,252.83,0.75,44.19,1,1.6,311.37,0.75
2020,8,10,-20.46,1,745.83,1,NA,0.625,NA,0.625,30.66,1,NA,NA,0.625
2020,8,11,-14.23,0.875,745.1,1,NA,0.375,120,0.75,42.28,1,NA,NA,0.375
2020,8,12,-19.8,0.75,736.81,1,NA,0.375,26.67,0.75,62.46,1,NA,NA,0.375
2020,8,13,-16.79,1,744.11,1,16.72,0.75,21.83,0.75,51.68,1,16.68,21.71,0.75
2020,8,14,-15.61,1,747.75,1,NA,0.25,NA,0.5,32.9,1,NA,NA,0.25
2020,8,15,-21.63,0.75,751.31,1,NA,0.375,NA,0.625,47.03,1,NA,NA,0.375
2020,8,16,-28.36,1,753.34,1,1.69,0.875,211.43,0.875,73.76,1,0.49,265.38,0.875
2020,8,17,-28.84,1,752.45,1,1.71,0.875,193.43,0.875,44.23,1,0.3,26.87,0.875
2020,8,18,-25.54,0.875,741,1,4.75,0.75,214.29,0.875,25.8,1,1.2,54.19,0.75
2020,8,19,-25.93,0.75,727.99,1,NA,0.25,NA,0.5,52.94,1,NA,NA,0.25
2020,8,20,-22.14,1,739.8,1,3.88,0.75,105.33,0.75,49.21,1,3.23,25.51,0.75
2020,8,21,-26.63,1,744.53,1,2.14,0.875,132,0.875,65.51,1,0.88,66.21,0.875
2020,8,22,NA,0.5,735.89,1,13.33,0.75,196.17,0.75,37.93,1,12.75,355.81,0.75
2020,8,23,NA,0.5,719.42,1,NA,0.125,19.14,0.875,47.93,1,NA,NA,0.125
2020,8,24,-33.69,0.875,733.69,1,NA,0.625,170.12,1,55.84,1,NA,NA,0.625
2020,8,25,-36.04,1,739.63,1,3.22,0.75,225.25,1,57.35,1,2.28,286.13,0.75
2020,8,26,-30.88,0.75,749.9,1,NA,0.5,250.88,1,58.71,1,NA,NA,0.5
2020,8,27,-14.93,0.75,754.63,1,NA,0.5,NA,0.5,52.1,1,NA,NA,0.5
2020,8,28,-15.97,1,755.87,1,NA,0.5,NA,0.5,33.33,1,NA,NA,0.5
2020,8,29,-13.53,1,753.03,1,2.86,0.875,19.71,0.875,35.85,1,2.85,19.5,0.875
2020,8,30,-11.3,1,751.06,1,NA,0.5,205.57,0.875,52.54,1,NA,NA,0.5
2020,8,31,-10.51,1,755.46,1,NA,0.375,NA,0.375,51.36,1,NA,NA,0.375
2020,9,1,-10.71,1,746.95,1,NA,0.375,NA,0.625,59.25,1,NA,NA,0.375
2020,9,2,-14.36,1,753.45,1,2.82,0.75,128.17,0.75,64.54,1,2.71,12.34,0.75
2020,9,3,-17.24,1,743.33,1,NA,0.625,NA,0.625,81.21,1,NA,NA,0.625
2020,9,4,-15.83,1,736.43,1,NA,0.375,NA,0.375,62.17,1,NA,NA,0.375
2020,9,5,-16.14,1,732.12,1,NA,0.25,NA,0.625,52,1,NA,NA,0.25
2020,9,6,-20.09,1,739.58,1,NA,0.5,305.17,0.75,37.86,1,NA,NA,0.5
2020,9,7,-24.75,0.75,750.95,1,NA,0.5,146.38,1,48.71,1,NA,NA,0.5
2020,9,8,-22.92,1,749.51,1,NA,0.5,220.14,0.875,58.23,1,NA,NA,0.5
2020,9,9,-23.49,1,744.66,1,NA,0.625,NA,0.625,71.11,1,NA,NA,0.625
2020,9,10,-19.53,0.875,745.75,1,NA,0.5,NA,0.625,60.99,1,NA,NA,0.5
2020,9,11,-19.09,1,743.7,1,2.55,1,94.38,1,44.19,1,2.39,5.05,1
2020,9,12,-20.28,1,741.61,1,NA,0.625,230.33,0.75,51.99,1,NA,NA,0.625
2020,9,13,-22.97,1,739.79,1,NA,0.625,NA,0.625,52.03,1,NA,NA,0.625
2020,9,14,-32.02,0.75,733.31,1,NA,0.625,253.75,1,67.85,1,NA,NA,0.625
2020,9,15,-35.29,1,732.45,1,9.37,0.875,249.5,1,52.2,1,9.32,249.22,0.875
2020,9,16,-28.16,1,735.76,1,NA,0.625,206.43,0.875,35.86,1,NA,NA,0.625
2020,9,17,-23.33,1,730.56,1,2.67,0.75,131.83,0.75,61.82,1,0.98,348.54,0.75
2020,9,18,-22.14,1,727.45,1,NA,0.375,NA,0.375,56.38,1,NA,NA,0.375
2020,9,19,-17.77,0.875,729.96,1,NA,0.375,51.86,0.875,43.07,1,NA,NA,0.375
2020,9,20,-25.88,0.75,735.13,1,NA,0.625,208.71,0.875,68.27,1,NA,NA,0.625
2020,9,21,NA,0.625,732.88,0.75,NA,0.375,NA,0.625,38.27,0.75,NA,NA,0.375
2020,9,22,-22.43,1,735.13,1,3.17,0.75,170.5,0.75,44.68,1,2.07,274.79,0.75
2020,9,23,-19.74,1,737.28,1,NA,0.25,NA,0.25,34.29,1,NA,NA,0.25
2020,9,24,NA,0.5,736.75,0.75,NA,0.5,NA,0.5,24.43,0.75,NA,NA,0.5
2020,9,25,NA,0,NA,0,NA,0,NA,0,NA,0,NA,NA,0
2020,9,26,NA,0,NA,0,NA,0,NA,0,NA,0,NA,NA,0
2020,9,27,NA,0,NA,0,NA,0,NA,0,NA,0,NA,NA,0
2020,9,28,NA,0,NA,0,NA,0,NA,0,NA,0,NA,NA,0
2020,9,29,NA,0,NA,0,NA,0,NA,0,NA,0,NA,NA,0
2020,9,30,NA,0,NA,0,NA,0,NA,0,NA,0,NA,NA,0
2020,10,1,NA,0,NA,0,NA,0,NA,0,NA,0,NA,NA,0
2020,10,2,NA,0,NA,0,NA,0,NA,0,NA,0,NA,NA,0
2020,10,3,NA,0,NA,0,NA,0,NA,0,NA,0,NA,NA,0
2020,10,4,NA,0,NA,0,NA,0,NA,0,NA,0,NA,NA,0
2020,10,5,NA,0,NA,0,NA,0,NA,0,NA,0,NA,NA,0
2020,10,6,NA,0,NA,0,NA,0,NA,0,NA,0,NA,NA,0
2020,10,7,NA,0,NA,0,NA,0,NA,0,NA,0,NA,NA,0
2020,10,8,NA,0,NA,0,NA,0,NA,0,NA,0,NA,NA,0
2020,10,9,NA,0,NA,0,NA,0,NA,0,NA,0,NA,NA,0
2020,10,10,NA,0,NA,0,NA,0,NA,0,NA,0,NA,NA,0
2020,10,11,NA,0,NA,0,NA,0,NA,0,NA,0,NA,NA,0
2020,10,12,NA,0,NA,0,NA,0,NA,0,NA,0,NA,NA,0
2020,10,13,NA,0,NA,0,NA,0,NA,0,NA,0,NA,NA,0
2020,10,14,NA,0,NA,0,NA,0,NA,0,NA,0,NA,NA,0
2020,10,15,NA,0,NA,0,NA,0,NA,0,NA,0,NA,NA,0
2020,10,16,NA,0,NA,0,NA,0,NA,0,NA,0,NA,NA,0
2020,10,17,NA,0.5,NA,0.625,NA,0.375,NA,0.375,NA,0.625,NA,NA,0.375
2020,10,18,NA,0.125,NA,0.125,NA,0,NA,0,NA,0.125,NA,NA,0
2020,10,19,NA,0.25,NA,0.25,NA,0.125,NA,0.125,NA,0.25,NA,NA,0.125
2020,10,20,NA,0,NA,0,NA,0,NA,0,NA,0,NA,NA,0
2020,10,21,NA,0,NA,0,NA,0,NA,0,NA,0,NA,NA,0
2020,10,22,NA,0,NA,0,NA,0,NA,0,NA,0,NA,NA,0
2020,10,23,NA,0,NA,0,NA,0,NA,0,NA,0,NA,NA,0
2020,10,24,NA,0,NA,0,NA,0,NA,0,NA,0,NA,NA,0
2020,10,25,NA,0,NA,0,NA,0,NA,0,NA,0,NA,NA,0
2020,10,26,NA,0.25,NA,0.25,NA,0.125,NA,0.125,NA,0.25,NA,NA,0.125
2020,10,27,NA,0.375,NA,0.5,NA,0.5,NA,0.5,NA,0.5,NA,NA,0.5
2020,10,28,NA,0,NA,0,NA,0,NA,0,NA,0,NA,NA,0
2020,10,29,NA,0,NA,0,NA,0,NA,0,NA,0,NA,NA,0
2020,10,30,NA,0,NA,0,NA,0,NA,0,NA,0,NA,NA,0
2020,10,31,NA,0,NA,0,NA,0,NA,0,NA,0,NA,NA,0
2020,11,1,NA,0,NA,0,NA,0,NA,0,NA,0,NA,NA,0
2020,11,2,NA,0,NA,0,NA,0,NA,0,NA,0,NA,NA,0
2020,11,3,NA,0,NA,0,NA,0,NA,0,NA,0,NA,NA,0
2020,11,4,NA,0,NA,0,NA,0,NA,0,NA,0,NA,NA,0
2020,11,5,NA,0.125,NA,0.125,NA,0.125,NA,0.125,NA,0.125,NA,NA,0.125
2020,11,6,-22,1,729.19,1,NA,0.625,NA,0.625,51.28,1,NA,NA,0.625
2020,11,7,-21.7,1,727.18,1,NA,0.375,NA,0.375,51.95,1,NA,NA,0.375
2020,11,8,NA,0.625,NA,0.625,NA,0.125,NA,0.125,NA,0.625,NA,NA,0.125
2020,11,9,NA,0.375,NA,0.375,NA,0.125,NA,0.125,NA,0.375,NA,NA,0.125
2020,11,10,NA,0.125,NA,0.125,NA,0,NA,0,NA,0.125,NA,NA,0
2020,11,11,NA,0,NA,0,NA,0,NA,0,NA,0,NA,NA,0
2020,11,12,NA,0,NA,0,NA,0,NA,0,NA,0,NA,NA,0
2020,11,13,NA,0,NA,0,NA,0,NA,0,NA,0,NA,NA,0
2020,11,14,NA,0,NA,0,NA,0,NA,0,NA,0,NA,NA,0
2020,11,15,NA,0,NA,0,NA,0,NA,0,NA,0,NA,NA,0
2020,11,16,NA,0,NA,0,NA,0,NA,0,NA,0,NA,NA,0
2020,11,17,NA,0,NA,0,NA,0,NA,0,NA,0,NA,NA,0
2020,11,18,NA,0,NA,0,NA,0,NA,0,NA,0,NA,NA,0
2020,11,19,NA,0,NA,0,NA,0,NA,0,NA,0,NA,NA,0
2020,11,20,NA,0,NA,0,NA,0,NA,0,NA,0,NA,NA,0
2020,11,21,NA,0,NA,0,NA,0,NA,0,NA,0,NA,NA,0
2020,11,22,NA,0,NA,0,NA,0,NA,0,NA,0,NA,NA,0
2020,11,23,NA,0,NA,0,NA,0,NA,0,NA,0,NA,NA,0
2020,11,24,NA,0,NA,0,NA,0,NA,0,NA,0,NA,NA,0
2020,11,25,NA,0,NA,0,NA,0,NA,0,NA,0,NA,NA,0
2020,11,26,NA,0,NA,0,NA,0,NA,0,NA,0,NA,NA,0
2020,11,27,NA,0.25,NA,0.25,NA,0.125,NA,0.125,NA,0.25,NA,NA,0.125
2020,11,28,-20.03,0.75,730.5,0.875,NA,0.375,NA,0.5,53.27,0.875,NA,NA,0.375
2020,11,29,-22.9,1,739.63,1,NA,0.5,237.33,0.75,69.59,1,NA,NA,0.5
2020,11,30,-19.93,0.75,742.02,0.75,NA,0.375,NA,0.375,50.28,0.75,NA,NA,0.375
2020,12,1,NA,0.125,NA,0.125,NA,0.125,NA,0.125,NA,0.125,NA,NA,0.125
2020,12,2,NA,0,NA,0,NA,0,NA,0,NA,0,NA,NA,0
2020,12,3,NA,0,NA,0,NA,0,NA,0,NA,0,NA,NA,0
2020,12,4,NA,0,NA,0,NA,0,NA,0,NA,0,NA,NA,0
2020,12,5,NA,0,NA,0,NA,0,NA,0,NA,0,NA,NA,0
2020,12,6,NA,0,NA,0,NA,0,NA,0,NA,0,NA,NA,0
2020,12,7,NA,0,NA,0,NA,0,NA,0,NA,0,NA,NA,0
2020,12,8,NA,0,NA,0,NA,0,NA,0,NA,0,NA,NA,0
2020,12,9,NA,0,NA,0,NA,0,NA,0,NA,0,NA,NA,0
2020,12,10,NA,0.25,NA,0.25,NA,0.125,NA,0.125,NA,0.25,NA,NA,0.125
2020,12,11,NA,0.125,NA,0.125,NA,0,NA,0,NA,0.125,NA,NA,0
2020,12,12,NA,0,NA,0,NA,0,NA,0,NA,0,NA,NA,0
2020,12,13,NA,0,NA,0,NA,0,NA,0,NA,0,NA,NA,0
2020,12,14,NA,0,NA,0,NA,0,NA,0,NA,0,NA,NA,0
2020,12,15,NA,0,NA,0,NA,0,NA,0,NA,0,NA,NA,0
2020,12,16,NA,0,NA,0,NA,0,NA,0,NA,0,NA,NA,0
2020,12,17,NA,0,NA,0,NA,0,NA,0,NA,0,NA,NA,0
2020,12,18,NA,0,NA,0,NA,0,NA,0,NA,0,NA,NA,0
2020,12,19,NA,0,NA,0,NA,0,NA,0,NA,0,NA,NA,0
2020,12,20,NA,0,NA,0,NA,0,NA,0,NA,0,NA,NA,0
2020,12,21,NA,0,NA,0,NA,0,NA,0,NA,0,NA,NA,0
2020,12,22,NA,0,NA,0,NA,0,NA,0,NA,0,NA,NA,0
2020,12,23,NA,0.125,NA,0.125,NA,0.125,NA,0.125,NA,0.125,NA,NA,0.125
2020,12,24,NA,0.125,NA,0.125,NA,0,NA,0,NA,0.125,NA,NA,0
2020,12,25,NA,0.125,NA,0.125,NA,0,NA,0,NA,0.125,NA,NA,0
