Year,Month,Day,Temperature(¡æ),wt_T,Pressure(hPa),wt_P,Wind Speed(m/s),wt_WS,Wind Direction,wt_WD,Relative Humidity(%),wt_RH,Vector Wind Speed(m/s),Vector Wind Direction(¡ã),wt_V
2008,1,14,NA,0,NA,0.125,NA,0,NA,0,NA,0.125,NA,NA,0
2008,1,15,NA,0.5,586.51,1,2.29,1,86.75,1,36.6,1,2.27,83.11,1
2008,1,16,-34.38,0.75,585.39,1,2.81,1,80.5,1,47.76,1,2.77,79.65,1
2008,1,17,-35.14,0.875,583.59,1,3.2,1,38,1,49.98,1,3.08,40.13,1
2008,1,18,NA,0.625,582.99,1,2.38,1,145.12,1,38.23,1,2.23,12.3,1
2008,1,19,NA,0.5,583.25,1,3.34,1,298.25,1,39.41,1,3.2,337.91,1
2008,1,20,NA,0.25,584.69,1,3.52,1,332.5,1,43.05,1,3.36,330.89,1
2008,1,21,-34.85,0.75,584.52,1,3.2,1,339.62,1,39.96,1,3.1,340.68,1
2008,1,22,NA,0.625,583.64,1,5.5,1,307.12,1,50.39,1,5.13,304.32,1
2008,1,23,-36.67,0.75,584.78,1,4.58,1,273.62,1,49.7,1,4.55,273.07,1
2008,1,24,NA,0.375,585.11,1,2.98,1,305,1,43.35,1,2.88,302.02,1
2008,1,25,-38.75,0.75,584.42,1,3.38,1,255.62,1,32.95,1,3.19,255.82,1
2008,1,26,-39.53,0.75,583.9,1,4.38,1,235.25,1,36.06,1,4.32,234.97,1
2008,1,27,NA,0.375,582.55,1,1.71,1,209.5,0.75,29.31,1,1.81,217.42,0.75
2008,1,28,NA,0.25,581.71,1,2.4,1,295.12,1,34.42,1,2.13,272.39,1
2008,1,29,NA,0.5,581.35,1,3.58,1,249.75,1,33.17,1,3.49,252.82,1
2008,1,30,NA,0.5,577.01,1,5.38,1,248.12,1,38.09,1,5.3,248.88,1
2008,1,31,NA,0.625,577,1,3.9,1,249.75,1,36.88,1,3.71,249.92,1
2008,2,1,NA,0.625,578.12,1,3.38,1,251,1,34.95,1,3.06,252.39,1
2008,2,2,-45.22,0.75,577.24,1,5.05,1,259.62,1,35.12,1,4.93,263.08,1
2008,2,3,-41.73,0.75,577.26,1,6.2,1,265.25,1,43.35,1,6.14,264.97,1
2008,2,4,NA,0.5,576.25,1,5.03,1,277.5,1,47.21,1,4.97,277.83,1
2008,2,5,-44.7,0.875,576.19,1,6.3,1,263.62,1,41.81,1,6.17,264.21,1
2008,2,6,-43.6,0.875,580.2,1,7.61,1,260.38,1,44.1,1,7.56,261.11,1
2008,2,7,-41.65,0.75,579.96,1,7.25,1,258.38,1,44.12,1,7.24,258.14,1
2008,2,8,-43.35,0.75,576.09,1,4.91,1,255,1,40.27,1,4.9,254.99,1
2008,2,9,NA,0.625,576.62,1,4.94,1,253.5,1,42.14,1,4.91,253,1
2008,2,10,-44.19,0.875,578.72,1,5.5,1,238.12,1,40.89,1,5.46,238.07,1
2008,2,11,NA,0.625,578.34,1,5.29,1,235.12,1,40.84,1,5.26,235.26,1
2008,2,12,NA,0.375,577.38,1,4.53,1,225.25,1,40.67,1,4.48,225.47,1
2008,2,13,NA,0.375,578.14,1,4.55,1,213,1,40.01,1,4.53,212.81,1
2008,2,14,-48.47,0.875,578.81,1,4.18,1,187.38,1,33.71,1,4.07,188.21,1
2008,2,15,NA,0.625,578.72,1,5.81,1,181.25,1,38.14,1,5.69,180.84,1
2008,2,16,NA,0.5,582.3,1,5.23,0.875,186.75,1,40.54,1,5.19,187.46,0.875
2008,2,17,-45.44,1,583.9,1,3.15,1,143.38,1,39.38,1,2.83,144.67,1
2008,2,18,NA,0.625,583.58,1,3.01,1,205.12,1,47.46,1,2.42,211.41,1
2008,2,19,-47.1,0.875,582.82,1,5.08,1,216.75,1,46.69,1,5.04,216.02,1
2008,2,20,NA,0.625,582.49,1,6.47,1,186.88,1,44.8,1,6.3,187.28,1
2008,2,21,-45.94,0.875,583.15,1,5.32,1,187.5,1,45.88,1,5.27,186.7,1
2008,2,22,-45.77,0.75,582.66,1,4.7,1,162.25,1,41.88,1,4.27,161.81,1
2008,2,23,-49.83,0.75,580.85,1,4.96,1,104.25,1,41.71,1,4.25,110.5,1
2008,2,24,NA,0.375,582.36,1,5.61,1,344.12,1,45.17,1,5.53,343.74,1
2008,2,25,-48.68,0.75,584.45,1,5.72,1,323.12,1,48.24,1,5.59,322.38,1
2008,2,26,-48.17,1,588.75,1,7.12,1,295.75,1,46.95,1,7.07,295.49,1
2008,2,27,-47.79,0.875,587.4,1,7.25,1,275.5,1,47.61,1,7.19,275.84,1
2008,2,28,-50.29,1,583,1,5.78,1,255,1,43.15,1,5.73,255.42,1
2008,2,29,-49.97,0.75,580.94,1,5.22,1,248.88,1,44.62,1,5.18,249.08,1
2008,3,1,NA,0,NA,0,NA,0,NA,0,NA,0,NA,NA,0
2008,3,2,NA,0,NA,0,NA,0,NA,0,NA,0,NA,NA,0
2008,3,3,NA,0,NA,0,NA,0,NA,0,NA,0,NA,NA,0
2008,3,4,NA,0,NA,0,NA,0,NA,0,NA,0,NA,NA,0
2008,3,5,NA,0,NA,0,NA,0,NA,0,NA,0,NA,NA,0
2008,3,6,NA,0,NA,0,NA,0,NA,0,NA,0,NA,NA,0
2008,3,7,NA,0,NA,0,NA,0,NA,0,NA,0,NA,NA,0
2008,3,8,NA,0,NA,0,NA,0,NA,0,NA,0,NA,NA,0
2008,3,9,NA,0,NA,0,NA,0,NA,0,NA,0,NA,NA,0
2008,3,10,NA,0,NA,0,NA,0,NA,0,NA,0,NA,NA,0
2008,3,11,NA,0,NA,0,NA,0,NA,0,NA,0,NA,NA,0
2008,3,12,NA,0,NA,0,NA,0,NA,0,NA,0,NA,NA,0
2008,3,13,NA,0,NA,0,NA,0,NA,0,NA,0,NA,NA,0
2008,3,14,NA,0,NA,0,NA,0,NA,0,NA,0,NA,NA,0
2008,3,15,NA,0,NA,0,NA,0,NA,0,NA,0,NA,NA,0
2008,3,16,NA,0,NA,0,NA,0,NA,0,NA,0,NA,NA,0
2008,3,17,NA,0,NA,0,NA,0,NA,0,NA,0,NA,NA,0
2008,3,18,NA,0,NA,0,NA,0,NA,0,NA,0,NA,NA,0
2008,3,19,NA,0,NA,0,NA,0,NA,0,NA,0,NA,NA,0
2008,3,20,NA,0,NA,0,NA,0,NA,0,NA,0,NA,NA,0
2008,3,21,NA,0,NA,0,NA,0,NA,0,NA,0,NA,NA,0
2008,3,22,NA,0,NA,0,NA,0,NA,0,NA,0,NA,NA,0
2008,3,23,NA,0,NA,0,NA,0,NA,0,NA,0,NA,NA,0
2008,3,24,NA,0,NA,0,NA,0,NA,0,NA,0,NA,NA,0
2008,3,25,NA,0,NA,0,NA,0,NA,0,NA,0,NA,NA,0
2008,3,26,NA,0,NA,0,NA,0,NA,0,NA,0,NA,NA,0
2008,3,27,NA,0,NA,0,NA,0,NA,0,NA,0,NA,NA,0
2008,3,28,NA,0,NA,0,NA,0,NA,0,NA,0,NA,NA,0
2008,3,29,NA,0,NA,0,NA,0,NA,0,NA,0,NA,NA,0
2008,3,30,NA,0,NA,0,NA,0,NA,0,NA,0,NA,NA,0
2008,3,31,NA,0,NA,0,NA,0,NA,0,NA,0,NA,NA,0
2008,4,1,NA,0,NA,0,NA,0,NA,0,NA,0,NA,NA,0
2008,4,2,NA,0,NA,0,NA,0,NA,0,NA,0,NA,NA,0
2008,4,3,NA,0,NA,0,NA,0,NA,0,NA,0,NA,NA,0
2008,4,4,NA,0,NA,0,NA,0,NA,0,NA,0,NA,NA,0
2008,4,5,NA,0,NA,0,NA,0,NA,0,NA,0,NA,NA,0
2008,4,6,NA,0,NA,0,NA,0,NA,0,NA,0,NA,NA,0
2008,4,7,NA,0,NA,0,NA,0,NA,0,NA,0,NA,NA,0
2008,4,8,NA,0,NA,0,NA,0,NA,0,NA,0,NA,NA,0
2008,4,9,NA,0,NA,0,NA,0,NA,0,NA,0,NA,NA,0
2008,4,10,NA,0,NA,0,NA,0,NA,0,NA,0,NA,NA,0
2008,4,11,NA,0,NA,0,NA,0,NA,0,NA,0,NA,NA,0
2008,4,12,NA,0,NA,0,NA,0,NA,0,NA,0,NA,NA,0
2008,4,13,NA,0,NA,0,NA,0,NA,0,NA,0,NA,NA,0
2008,4,14,NA,0,NA,0,NA,0,NA,0,NA,0,NA,NA,0
2008,4,15,NA,0,NA,0,NA,0,NA,0,NA,0,NA,NA,0
2008,4,16,NA,0,NA,0,NA,0,NA,0,NA,0,NA,NA,0
2008,4,17,NA,0,NA,0,NA,0,NA,0,NA,0,NA,NA,0
2008,4,18,NA,0,NA,0,NA,0,NA,0,NA,0,NA,NA,0
2008,4,19,NA,0,NA,0,NA,0,NA,0,NA,0,NA,NA,0
2008,4,20,NA,0,NA,0,NA,0,NA,0,NA,0,NA,NA,0
2008,4,21,NA,0,NA,0,NA,0,NA,0,NA,0,NA,NA,0
2008,4,22,NA,0,NA,0,NA,0,NA,0,NA,0,NA,NA,0
2008,4,23,NA,0,NA,0,NA,0,NA,0,NA,0,NA,NA,0
2008,4,24,NA,0,NA,0,NA,0,NA,0,NA,0,NA,NA,0
2008,4,25,NA,0,NA,0,NA,0,NA,0,NA,0,NA,NA,0
2008,4,26,NA,0,NA,0,NA,0,NA,0,NA,0,NA,NA,0
2008,4,27,NA,0,NA,0,NA,0,NA,0,NA,0,NA,NA,0
2008,4,28,NA,0,NA,0,NA,0,NA,0,NA,0,NA,NA,0
2008,4,29,NA,0,NA,0,NA,0,NA,0,NA,0,NA,NA,0
2008,4,30,NA,0,NA,0,NA,0,NA,0,NA,0,NA,NA,0
2008,5,1,NA,0,NA,0,NA,0,NA,0,NA,0,NA,NA,0
2008,5,2,NA,0,NA,0,NA,0,NA,0,NA,0,NA,NA,0
2008,5,3,NA,0,NA,0,NA,0,NA,0,NA,0,NA,NA,0
2008,5,4,NA,0,NA,0,NA,0,NA,0,NA,0,NA,NA,0
2008,5,5,NA,0,NA,0,NA,0,NA,0,NA,0,NA,NA,0
2008,5,6,NA,0,NA,0,NA,0,NA,0,NA,0,NA,NA,0
2008,5,7,NA,0,NA,0,NA,0,NA,0,NA,0,NA,NA,0
2008,5,8,NA,0,NA,0,NA,0,NA,0,NA,0,NA,NA,0
2008,5,9,NA,0,NA,0,NA,0,NA,0,NA,0,NA,NA,0
2008,5,10,NA,0,NA,0,NA,0,NA,0,NA,0,NA,NA,0
2008,5,11,NA,0,NA,0,NA,0,NA,0,NA,0,NA,NA,0
2008,5,12,NA,0,NA,0,NA,0,NA,0,NA,0,NA,NA,0
2008,5,13,NA,0,NA,0,NA,0,NA,0,NA,0,NA,NA,0
2008,5,14,NA,0,NA,0,NA,0,NA,0,NA,0,NA,NA,0
2008,5,15,NA,0,NA,0,NA,0,NA,0,NA,0,NA,NA,0
2008,5,16,NA,0,NA,0,NA,0,NA,0,NA,0,NA,NA,0
2008,5,17,NA,0,NA,0,NA,0,NA,0,NA,0,NA,NA,0
2008,5,18,NA,0,NA,0,NA,0,NA,0,NA,0,NA,NA,0
2008,5,19,NA,0,NA,0,NA,0,NA,0,NA,0,NA,NA,0
2008,5,20,NA,0,NA,0,NA,0,NA,0,NA,0,NA,NA,0
2008,5,21,NA,0,NA,0,NA,0,NA,0,NA,0,NA,NA,0
2008,5,22,NA,0,NA,0,NA,0,NA,0,NA,0,NA,NA,0
2008,5,23,NA,0,NA,0,NA,0,NA,0,NA,0,NA,NA,0
2008,5,24,NA,0,NA,0,NA,0,NA,0,NA,0,NA,NA,0
2008,5,25,NA,0,NA,0,NA,0,NA,0,NA,0,NA,NA,0
2008,5,26,NA,0,NA,0,NA,0,NA,0,NA,0,NA,NA,0
2008,5,27,NA,0,NA,0,NA,0,NA,0,NA,0,NA,NA,0
2008,5,28,NA,0,NA,0,NA,0,NA,0,NA,0,NA,NA,0
2008,5,29,NA,0,NA,0,NA,0,NA,0,NA,0,NA,NA,0
2008,5,30,NA,0,NA,0,NA,0,NA,0,NA,0,NA,NA,0
2008,5,31,NA,0,NA,0,NA,0,NA,0,NA,0,NA,NA,0
2008,6,1,NA,0,NA,0,NA,0,NA,0,NA,0,NA,NA,0
2008,6,2,NA,0,NA,0,NA,0,NA,0,NA,0,NA,NA,0
2008,6,3,NA,0,NA,0,NA,0,NA,0,NA,0,NA,NA,0
2008,6,4,NA,0,NA,0,NA,0,NA,0,NA,0,NA,NA,0
2008,6,5,NA,0,NA,0,NA,0,NA,0,NA,0,NA,NA,0
2008,6,6,NA,0,NA,0,NA,0,NA,0,NA,0,NA,NA,0
2008,6,7,NA,0,NA,0,NA,0,NA,0,NA,0,NA,NA,0
2008,6,8,NA,0,NA,0,NA,0,NA,0,NA,0,NA,NA,0
2008,6,9,NA,0,NA,0,NA,0,NA,0,NA,0,NA,NA,0
2008,6,10,NA,0,NA,0,NA,0,NA,0,NA,0,NA,NA,0
2008,6,11,NA,0,NA,0,NA,0,NA,0,NA,0,NA,NA,0
2008,6,12,NA,0,NA,0,NA,0,NA,0,NA,0,NA,NA,0
2008,6,13,NA,0,NA,0,NA,0,NA,0,NA,0,NA,NA,0
2008,6,14,NA,0,NA,0,NA,0,NA,0,NA,0,NA,NA,0
2008,6,15,NA,0,NA,0,NA,0,NA,0,NA,0,NA,NA,0
2008,6,16,NA,0,NA,0,NA,0,NA,0,NA,0,NA,NA,0
2008,6,17,NA,0,NA,0,NA,0,NA,0,NA,0,NA,NA,0
2008,6,18,NA,0,NA,0,NA,0,NA,0,NA,0,NA,NA,0
2008,6,19,NA,0,NA,0,NA,0,NA,0,NA,0,NA,NA,0
2008,6,20,NA,0,NA,0,NA,0,NA,0,NA,0,NA,NA,0
2008,6,21,NA,0,NA,0,NA,0,NA,0,NA,0,NA,NA,0
2008,6,22,NA,0,NA,0,NA,0,NA,0,NA,0,NA,NA,0
2008,6,23,NA,0,NA,0,NA,0,NA,0,NA,0,NA,NA,0
2008,6,24,NA,0,NA,0,NA,0,NA,0,NA,0,NA,NA,0
2008,6,25,NA,0,NA,0,NA,0,NA,0,NA,0,NA,NA,0
2008,6,26,NA,0,NA,0,NA,0,NA,0,NA,0,NA,NA,0
2008,6,27,NA,0,NA,0,NA,0,NA,0,NA,0,NA,NA,0
2008,6,28,NA,0,NA,0,NA,0,NA,0,NA,0,NA,NA,0
2008,6,29,NA,0,NA,0,NA,0,NA,0,NA,0,NA,NA,0
2008,6,30,NA,0,NA,0,NA,0,NA,0,NA,0,NA,NA,0
2008,7,1,NA,0,NA,0,NA,0,NA,0,NA,0,NA,NA,0
2008,7,2,NA,0,NA,0,NA,0,NA,0,NA,0,NA,NA,0
2008,7,3,NA,0,NA,0,NA,0,NA,0,NA,0,NA,NA,0
2008,7,4,NA,0,NA,0,NA,0,NA,0,NA,0,NA,NA,0
2008,7,5,NA,0,NA,0,NA,0,NA,0,NA,0,NA,NA,0
2008,7,6,NA,0,NA,0,NA,0,NA,0,NA,0,NA,NA,0
2008,7,7,NA,0,NA,0,NA,0,NA,0,NA,0,NA,NA,0
2008,7,8,NA,0,NA,0,NA,0,NA,0,NA,0,NA,NA,0
2008,7,9,NA,0,NA,0,NA,0,NA,0,NA,0,NA,NA,0
2008,7,10,NA,0,NA,0,NA,0,NA,0,NA,0,NA,NA,0
2008,7,11,NA,0,NA,0,NA,0,NA,0,NA,0,NA,NA,0
2008,7,12,NA,0,NA,0,NA,0,NA,0,NA,0,NA,NA,0
2008,7,13,NA,0,NA,0,NA,0,NA,0,NA,0,NA,NA,0
2008,7,14,NA,0,NA,0,NA,0,NA,0,NA,0,NA,NA,0
2008,7,15,NA,0,NA,0,NA,0,NA,0,NA,0,NA,NA,0
2008,7,16,NA,0,NA,0,NA,0,NA,0,NA,0,NA,NA,0
2008,7,17,NA,0,NA,0,NA,0,NA,0,NA,0,NA,NA,0
2008,7,18,NA,0,NA,0,NA,0,NA,0,NA,0,NA,NA,0
2008,7,19,NA,0,NA,0,NA,0,NA,0,NA,0,NA,NA,0
2008,7,20,NA,0,NA,0,NA,0,NA,0,NA,0,NA,NA,0
2008,7,21,NA,0,NA,0,NA,0,NA,0,NA,0,NA,NA,0
2008,7,22,NA,0,NA,0,NA,0,NA,0,NA,0,NA,NA,0
2008,7,23,NA,0,NA,0,NA,0,NA,0,NA,0,NA,NA,0
2008,7,24,NA,0,NA,0,NA,0,NA,0,NA,0,NA,NA,0
2008,7,25,NA,0,NA,0,NA,0,NA,0,NA,0,NA,NA,0
2008,7,26,NA,0,NA,0,NA,0,NA,0,NA,0,NA,NA,0
2008,7,27,NA,0,NA,0,NA,0,NA,0,NA,0,NA,NA,0
2008,7,28,NA,0,NA,0,NA,0,NA,0,NA,0,NA,NA,0
2008,7,29,NA,0,NA,0,NA,0,NA,0,NA,0,NA,NA,0
2008,7,30,NA,0,NA,0,NA,0,NA,0,NA,0,NA,NA,0
2008,7,31,NA,0,NA,0,NA,0,NA,0,NA,0,NA,NA,0
2008,8,1,NA,0,NA,0,NA,0,NA,0,NA,0,NA,NA,0
2008,8,2,NA,0,NA,0,NA,0,NA,0,NA,0,NA,NA,0
2008,8,3,NA,0,NA,0,NA,0,NA,0,NA,0,NA,NA,0
2008,8,4,NA,0,NA,0,NA,0,NA,0,NA,0,NA,NA,0
2008,8,5,NA,0,NA,0,NA,0,NA,0,NA,0,NA,NA,0
2008,8,6,NA,0,NA,0,NA,0,NA,0,NA,0,NA,NA,0
2008,8,7,NA,0,NA,0,NA,0,NA,0,NA,0,NA,NA,0
2008,8,8,NA,0,NA,0,NA,0,NA,0,NA,0,NA,NA,0
2008,8,9,NA,0,NA,0,NA,0,NA,0,NA,0,NA,NA,0
2008,8,10,NA,0,NA,0,NA,0,NA,0,NA,0,NA,NA,0
2008,8,11,NA,0,NA,0,NA,0,NA,0,NA,0,NA,NA,0
2008,8,12,NA,0,NA,0,NA,0,NA,0,NA,0,NA,NA,0
2008,8,13,NA,0,NA,0,NA,0,NA,0,NA,0,NA,NA,0
2008,8,14,NA,0,NA,0,NA,0,NA,0,NA,0,NA,NA,0
2008,8,15,NA,0,NA,0,NA,0,NA,0,NA,0,NA,NA,0
2008,8,16,NA,0,NA,0,NA,0,NA,0,NA,0,NA,NA,0
2008,8,17,NA,0,NA,0,NA,0,NA,0,NA,0,NA,NA,0
2008,8,18,NA,0,NA,0,NA,0,NA,0,NA,0,NA,NA,0
2008,8,19,NA,0,NA,0,NA,0,NA,0,NA,0,NA,NA,0
2008,8,20,NA,0,NA,0,NA,0,NA,0,NA,0,NA,NA,0
2008,8,21,NA,0,NA,0,NA,0,NA,0,NA,0,NA,NA,0
2008,8,22,NA,0,NA,0,NA,0,NA,0,NA,0,NA,NA,0
2008,8,23,NA,0,NA,0,NA,0,NA,0,NA,0,NA,NA,0
2008,8,24,NA,0,NA,0,NA,0,NA,0,NA,0,NA,NA,0
2008,8,25,NA,0,NA,0,NA,0,NA,0,NA,0,NA,NA,0
2008,8,26,NA,0,NA,0,NA,0,NA,0,NA,0,NA,NA,0
2008,8,27,NA,0,NA,0,NA,0,NA,0,NA,0,NA,NA,0
2008,8,28,NA,0,NA,0,NA,0,NA,0,NA,0,NA,NA,0
2008,8,29,NA,0,NA,0,NA,0,NA,0,NA,0,NA,NA,0
2008,8,30,NA,0,NA,0,NA,0,NA,0,NA,0,NA,NA,0
2008,8,31,NA,0,NA,0,NA,0,NA,0,NA,0,NA,NA,0
2008,9,1,NA,0,NA,0,NA,0,NA,0,NA,0,NA,NA,0
2008,9,2,NA,0,NA,0,NA,0,NA,0,NA,0,NA,NA,0
2008,9,3,NA,0,NA,0,NA,0,NA,0,NA,0,NA,NA,0
2008,9,4,NA,0,NA,0,NA,0,NA,0,NA,0,NA,NA,0
2008,9,5,NA,0,NA,0,NA,0,NA,0,NA,0,NA,NA,0
2008,9,6,NA,0,NA,0,NA,0,NA,0,NA,0,NA,NA,0
2008,9,7,NA,0,NA,0,NA,0,NA,0,NA,0,NA,NA,0
2008,9,8,NA,0,NA,0,NA,0,NA,0,NA,0,NA,NA,0
2008,9,9,NA,0,NA,0,NA,0,NA,0,NA,0,NA,NA,0
2008,9,10,NA,0,NA,0,NA,0,NA,0,NA,0,NA,NA,0
2008,9,11,NA,0,NA,0,NA,0,NA,0,NA,0,NA,NA,0
2008,9,12,NA,0,NA,0,NA,0,NA,0,NA,0,NA,NA,0
2008,9,13,NA,0,NA,0,NA,0,NA,0,NA,0,NA,NA,0
2008,9,14,NA,0,NA,0,NA,0,NA,0,NA,0,NA,NA,0
2008,9,15,NA,0,NA,0,NA,0,NA,0,NA,0,NA,NA,0
2008,9,16,NA,0,NA,0,NA,0,NA,0,NA,0,NA,NA,0
2008,9,17,NA,0,NA,0,NA,0,NA,0,NA,0,NA,NA,0
2008,9,18,NA,0,NA,0,NA,0,NA,0,NA,0,NA,NA,0
2008,9,19,NA,0,NA,0,NA,0,NA,0,NA,0,NA,NA,0
2008,9,20,NA,0,NA,0,NA,0,NA,0,NA,0,NA,NA,0
2008,9,21,NA,0,NA,0,NA,0,NA,0,NA,0,NA,NA,0
2008,9,22,NA,0,NA,0,NA,0,NA,0,NA,0,NA,NA,0
2008,9,23,NA,0,NA,0,NA,0,NA,0,NA,0,NA,NA,0
2008,9,24,NA,0,NA,0,NA,0,NA,0,NA,0,NA,NA,0
2008,9,25,NA,0,NA,0,NA,0,NA,0,NA,0,NA,NA,0
2008,9,26,NA,0,NA,0,NA,0,NA,0,NA,0,NA,NA,0
2008,9,27,NA,0,NA,0,NA,0,NA,0,NA,0,NA,NA,0
2008,9,28,NA,0,NA,0,NA,0,NA,0,NA,0,NA,NA,0
2008,9,29,NA,0,NA,0,NA,0,NA,0,NA,0,NA,NA,0
2008,9,30,NA,0,NA,0,NA,0,NA,0,NA,0,NA,NA,0
2008,10,1,NA,0,NA,0,NA,0,NA,0,NA,0,NA,NA,0
2008,10,2,NA,0,NA,0,NA,0,NA,0,NA,0,NA,NA,0
2008,10,3,NA,0,NA,0,NA,0,NA,0,NA,0,NA,NA,0
2008,10,4,NA,0,NA,0,NA,0,NA,0,NA,0,NA,NA,0
2008,10,5,NA,0,NA,0,NA,0,NA,0,NA,0,NA,NA,0
2008,10,6,NA,0,NA,0,NA,0,NA,0,NA,0,NA,NA,0
2008,10,7,NA,0,NA,0,NA,0,NA,0,NA,0,NA,NA,0
2008,10,8,NA,0,NA,0,NA,0,NA,0,NA,0,NA,NA,0
2008,10,9,NA,0,NA,0,NA,0,NA,0,NA,0,NA,NA,0
2008,10,10,NA,0,NA,0,NA,0,NA,0,NA,0,NA,NA,0
2008,10,11,NA,0,NA,0,NA,0,NA,0,NA,0,NA,NA,0
2008,10,12,NA,0,NA,0,NA,0,NA,0,NA,0,NA,NA,0
2008,10,13,NA,0,NA,0,NA,0,NA,0,NA,0,NA,NA,0
2008,10,14,NA,0,NA,0,NA,0,NA,0,NA,0,NA,NA,0
2008,10,15,NA,0,NA,0,NA,0,NA,0,NA,0,NA,NA,0
2008,10,16,NA,0,NA,0,NA,0,NA,0,NA,0,NA,NA,0
2008,10,17,NA,0,NA,0,NA,0,NA,0,NA,0,NA,NA,0
2008,10,18,NA,0,NA,0,NA,0,NA,0,NA,0,NA,NA,0
2008,10,19,NA,0,NA,0,NA,0,NA,0,NA,0,NA,NA,0
2008,10,20,NA,0,NA,0,NA,0,NA,0,NA,0,NA,NA,0
2008,10,21,NA,0,NA,0,NA,0,NA,0,NA,0,NA,NA,0
2008,10,22,NA,0,NA,0,NA,0,NA,0,NA,0,NA,NA,0
2008,10,23,NA,0,NA,0,NA,0,NA,0,NA,0,NA,NA,0
2008,10,24,NA,0,NA,0,NA,0,NA,0,NA,0,NA,NA,0
2008,10,25,NA,0,NA,0,NA,0,NA,0,NA,0,NA,NA,0
2008,10,26,NA,0,NA,0,NA,0,NA,0,NA,0,NA,NA,0
2008,10,27,NA,0,NA,0,NA,0,NA,0,NA,0,NA,NA,0
2008,10,28,NA,0,NA,0,NA,0,NA,0,NA,0,NA,NA,0
2008,10,29,NA,0,NA,0,NA,0,NA,0,NA,0,NA,NA,0
2008,10,30,NA,0,NA,0,NA,0,NA,0,NA,0,NA,NA,0
2008,10,31,NA,0,NA,0,NA,0,NA,0,NA,0,NA,NA,0
2008,11,1,NA,0,NA,0,NA,0,NA,0,NA,0,NA,NA,0
2008,11,2,NA,0,NA,0,NA,0,NA,0,NA,0,NA,NA,0
2008,11,3,NA,0,NA,0,NA,0,NA,0,NA,0,NA,NA,0
2008,11,4,NA,0,NA,0,NA,0,NA,0,NA,0,NA,NA,0
2008,11,5,NA,0,NA,0,NA,0,NA,0,NA,0,NA,NA,0
2008,11,6,NA,0,NA,0,NA,0,NA,0,NA,0,NA,NA,0
2008,11,7,NA,0,NA,0,NA,0,NA,0,NA,0,NA,NA,0
2008,11,8,NA,0,NA,0,NA,0,NA,0,NA,0,NA,NA,0
2008,11,9,NA,0,NA,0,NA,0,NA,0,NA,0,NA,NA,0
2008,11,10,NA,0,NA,0,NA,0,NA,0,NA,0,NA,NA,0
2008,11,11,NA,0,NA,0,NA,0,NA,0,NA,0,NA,NA,0
2008,11,12,NA,0,NA,0,NA,0,NA,0,NA,0,NA,NA,0
2008,11,13,NA,0,NA,0,NA,0,NA,0,NA,0,NA,NA,0
2008,11,14,NA,0,NA,0,NA,0,NA,0,NA,0,NA,NA,0
2008,11,15,NA,0,NA,0,NA,0,NA,0,NA,0,NA,NA,0
2008,11,16,NA,0,NA,0,NA,0,NA,0,NA,0,NA,NA,0
2008,11,17,NA,0,NA,0,NA,0,NA,0,NA,0,NA,NA,0
2008,11,18,NA,0,NA,0,NA,0,NA,0,NA,0,NA,NA,0
2008,11,19,NA,0,NA,0,NA,0,NA,0,NA,0,NA,NA,0
2008,11,20,NA,0,NA,0,NA,0,NA,0,NA,0,NA,NA,0
2008,11,21,NA,0,NA,0,NA,0,NA,0,NA,0,NA,NA,0
2008,11,22,NA,0,NA,0,NA,0,NA,0,NA,0,NA,NA,0
2008,11,23,NA,0,NA,0,NA,0,NA,0,NA,0,NA,NA,0
2008,11,24,NA,0,NA,0,NA,0,NA,0,NA,0,NA,NA,0
2008,11,25,NA,0,NA,0,NA,0,NA,0,NA,0,NA,NA,0
2008,11,26,NA,0,NA,0,NA,0,NA,0,NA,0,NA,NA,0
2008,11,27,NA,0,NA,0,NA,0,NA,0,NA,0,NA,NA,0
2008,11,28,NA,0,NA,0,NA,0,NA,0,NA,0,NA,NA,0
2008,11,29,NA,0,NA,0,NA,0,NA,0,NA,0,NA,NA,0
2008,11,30,NA,0,NA,0,NA,0,NA,0,NA,0,NA,NA,0
2008,12,1,NA,0.5,580.04,1,3.89,1,136.88,1,41.1,1,3.42,1.49,1
2008,12,2,-37.9,0.75,579.61,1,6.51,1,289.88,1,47.71,1,6.32,288.81,1
2008,12,3,-37.74,0.875,581.76,1,5.8,1,271.88,1,37.11,1,5.77,270.76,1
2008,12,4,NA,0.125,582.16,1,2.24,1,134,1,33.11,1,0.88,106.89,1
2008,12,5,NA,0.375,580.8,1,2.78,1,171.38,1,40.64,1,1.86,330.83,1
2008,12,6,NA,0.625,584.68,1,3.01,1,270,1,30.51,1,2.76,262.86,1
2008,12,7,NA,0.625,585.09,1,4.36,1,210.75,1,45.2,1,3.93,344.37,1
2008,12,8,NA,0.625,582.81,1,3.02,1,235.5,1,30.96,1,2.86,235.76,1
2008,12,9,NA,0.25,582.51,1,2.65,1,251.75,1,28.69,1,2.48,256.94,1
2008,12,10,-34.02,0.75,584.22,1,3.85,1,274.75,1,39.16,1,3.77,275.47,1
2008,12,11,NA,0.5,585.65,1,3.1,1,292.25,1,41.59,1,2.9,289.55,1
2008,12,12,-33.54,0.875,587.7,1,2.83,1,257,1,27.64,1,2.79,257.43,1
2008,12,13,-33.41,0.875,590.3,1,3.88,1,276.38,1,42.85,1,3.84,276.02,1
2008,12,14,-32.92,0.75,591.79,0.875,5.3,0.875,245.86,0.875,34.06,0.875,5.16,245.46,0.875
2008,12,15,NA,0.25,592.25,1,1.99,1,152.62,1,29.38,1,1.28,178.33,1
2008,12,16,-27.45,0.75,591.45,1,3.15,1,92,1,43.46,1,3.14,1.91,1
2008,12,17,NA,0.625,591.35,1,3.67,1,339.62,1,47.86,1,3.59,338.95,1
2008,12,18,NA,0.5,591.46,1,2.89,1,94.75,1,40.85,1,2.72,5.27,1
2008,12,19,NA,0.375,593.62,1,4.27,0.75,182.88,1,45.81,1,4.15,355.68,0.75
2008,12,20,-27.5,0.75,593.8,1,4.6,1,262,1,48.42,1,4.49,350.9,1
2008,12,21,-26.47,0.875,594.61,1,5.24,1,327.12,1,54.99,1,5.13,325.12,1
2008,12,22,-27.64,0.875,596.39,1,5.34,1,323.12,1,52.31,1,5.33,323.17,1
2008,12,23,NA,0.375,596.35,1,3.44,1,166.38,1,44.49,1,2.42,35.67,1
2008,12,24,NA,0.625,597.95,1,4.53,1,93,1,52.71,1,4.47,92.12,1
2008,12,25,NA,0.5,601.18,1,2.69,1,263,1,28.15,1,2.57,256.03,1
2008,12,26,-29.73,1,600.1,1,4.25,1,272.75,1,41.74,1,3.98,276.5,1
2008,12,27,-30,0.875,596.91,1,5.9,1,265.38,1,43,1,5.84,264.6,1
2008,12,28,-31.57,0.75,596.18,1,4.46,1,249.12,1,32.77,1,4.41,248.12,1
2008,12,29,-32.59,1,595.49,1,7.2,1,265.38,1,42.02,1,7.09,266.19,1
2008,12,30,-27.89,0.875,594.92,1,5.28,1,208.62,1,44.14,1,5.01,212.29,1
2008,12,31,-26.16,0.875,597.49,1,3.4,1,183.38,1,37.73,1,3.22,183.07,1
2009,1,1,NA,0.125,597.36,1,2.45,1,266.75,1,36.7,1,1.85,282.17,1
2009,1,2,-28.49,1,595.91,1,5.81,1,236.38,1,46.45,1,5.6,240.12,1
2009,1,3,-26.9,0.75,594.39,1,2.36,1,111,1,34.86,1,1.98,110.11,1
2009,1,4,NA,0.5,594.25,1,4.12,1,252.5,1,53.89,1,3.74,342.71,1
2009,1,5,-29.8,0.875,594.26,1,5.11,1,279.38,1,53.3,1,5,280.03,1
2009,1,6,-29.24,0.875,594.72,1,NA,0.625,203.38,1,37.99,1,NA,NA,0.625
2009,1,7,NA,0.625,594.11,1,2.84,1,107.75,1,39.17,1,2.7,103.78,1
2009,1,8,NA,0.25,592.02,1,2.07,1,185.5,1,37.58,1,0.48,76.25,1
2009,1,9,NA,0.625,589.79,1,3.12,1,244.25,1,35.64,1,2.94,243.42,1
2009,1,10,NA,0.125,588.36,1,1.93,1,273.88,1,35.77,1,1.49,292.25,1
2009,1,11,NA,0.5,587.79,1,3.33,1,270.75,1,34.5,1,3.28,270.66,1
2009,1,12,-33.61,0.875,588.68,1,5.11,1,248.5,1,36.79,1,5.09,248.34,1
2009,1,13,-31.53,0.875,590.72,1,5.19,1,222.75,1,46.08,1,5.14,222.57,1
2009,1,14,-30.73,0.75,591.07,1,4.3,1,233.75,1,38.9,1,4.13,233.55,1
2009,1,15,-30.78,0.75,590.42,1,6.36,1,250.75,1,38.95,1,6.32,250.99,1
2009,1,16,-31.77,0.875,588.11,1,4.53,1,240,1,41.51,1,4.47,240.05,1
2009,1,17,-33.09,0.875,585.78,1,4.31,1,175,1,37.81,1,4.15,172.48,1
2009,1,18,NA,0.625,585.8,1,3.8,1,252.12,1,32.96,1,3.6,259.1,1
2009,1,19,-32.56,0.875,583.89,1,7.27,1,270.5,1,46.7,1,7.23,271.21,1
2009,1,20,NA,0.25,585.2,1,2.16,1,170.25,1,32.91,1,0.89,209.53,1
2009,1,21,NA,0.375,587.69,1,2.25,1,292.88,1,37.42,1,2.04,274.85,1
2009,1,22,NA,0.625,587.52,1,3.15,1,263.62,1,35.1,1,3.13,262.82,1
2009,1,23,NA,0.625,587.44,1,3.2,1,273.5,1,40.27,1,3.15,273.68,1
2009,1,24,NA,0.625,586.48,1,3.75,1,297.5,1,53.46,1,3.63,294.99,1
2009,1,25,NA,0.125,586.26,1,1.86,1,135.25,1,39.2,1,1.39,352.27,1
2009,1,26,NA,0.5,588.34,1,2.94,1,222.75,1,39.05,1,2.79,221.02,1
2009,1,27,NA,0.5,592.04,1,3.72,1,226.88,1,40.26,1,3.63,228.09,1
2009,1,28,-37.28,0.75,594.1,1,5.9,1,261.62,1,43.21,1,5.83,263.54,1
2009,1,29,NA,0.625,595.55,1,12.55,0.75,298.62,1,66.83,1,12.27,299.74,0.75
2009,1,30,-26.09,1,595.02,1,10.51,1,282.5,1,70.51,1,10.48,282.59,1
2009,1,31,-25.08,1,592.46,1,7.27,1,288.5,1,65.85,1,6.94,284.46,1
2009,2,1,-23.37,0.75,588.92,1,8.06,1,307.88,1,70.44,1,7.97,308.11,1
2009,2,2,-31.5,0.75,586.56,1,5.55,1,282.5,1,58.74,1,5.45,284.05,1
2009,2,3,NA,0.625,586.22,1,4.12,1,285.38,1,55.11,1,4.08,285.58,1
2009,2,4,-38.08,1,591.61,1,6.38,1,280.62,1,51.5,1,6.31,280.31,1
2009,2,5,-32.19,0.875,591.16,1,6.27,0.875,288.75,1,59.67,1,5.86,329.57,0.875
2009,2,6,-29.9,0.75,583.8,1,6.45,1,301.75,1,63.29,1,6.38,303.36,1
2009,2,7,-36.4,0.75,581.76,1,3.1,1,251.25,1,44.64,1,2.7,253.56,1
2009,2,8,NA,0.25,580.34,1,1.88,1,128.12,1,31.46,1,1.55,137.9,1
2009,2,9,-40.55,0.75,582.29,1,3.22,1,313.12,1,46.89,1,3.05,311.12,1
2009,2,10,NA,0.5,583.3,1,4.18,1,310.25,1,50.08,1,4.12,309.87,1
2009,2,11,NA,0.5,583.31,1,5.15,1,322.38,1,49.3,1,5.06,322.17,1
2009,2,12,-47.05,0.75,584.1,1,4.08,1,256.75,1,38.79,1,3.84,258.4,1
2009,2,13,-47.81,0.875,584.36,1,3.83,1,185,1,37.64,1,3.5,181.99,1
2009,2,14,-47.06,1,582.86,1,4.28,1,150.25,1,41.27,1,4.23,151.31,1
2009,2,15,-46.86,0.875,581.69,1,2.66,1,88.12,1,39.58,1,2.06,96.23,1
2009,2,16,NA,0.375,580.5,1,2.15,1,289,1,38.52,1,1.86,298.17,1
2009,2,17,-48.08,1,583.2,1,4.62,1,294,1,49,1,4.56,294.24,1
2009,2,18,NA,0.625,585.89,1,4.82,1,299.5,1,48.58,1,4.79,299.28,1
2009,2,19,NA,0.25,589.49,1,3.31,1,313.62,1,46.85,1,2.92,309.21,1
2009,2,20,NA,0.375,589.08,1,4.68,1,141.5,1,48.9,1,2.56,343.05,1
2009,2,21,NA,0.375,592.06,1,NA,0.625,277.5,1,59.45,1,NA,NA,0.625
2009,2,22,-39.57,0.75,592.51,1,7.12,1,249.38,1,50.34,1,7.11,249.77,1
2009,2,23,NA,0.625,588.78,1,NA,0.375,NA,0.375,49.19,1,NA,NA,0.375
2009,2,24,-44.06,1,582.3,1,5.88,0.75,294.17,0.75,54.75,1,5.84,294.01,0.75
2009,2,25,-43.29,0.875,583.15,1,5.5,1,290.12,1,53.9,1,5.48,289.98,1
2009,2,26,-42.83,0.75,582.8,1,4.85,1,293.25,1,57.73,1,4.69,294.06,1
2009,2,27,-44.04,1,583,1,5.6,1,293.62,1,56.01,1,5.58,293.84,1
2009,2,28,-45.42,0.75,584.62,1,NA,0.625,297.88,1,54.31,1,NA,NA,0.625
2009,3,1,-46.9,0.75,583.78,1,4.9,1,298.75,1,51.88,1,4.87,298.16,1
2009,3,2,NA,0.5,581.76,0.875,5.07,0.875,287.86,0.875,49.14,0.875,5.06,287.91,0.875
2009,3,3,-50.67,0.75,580.69,0.875,5.04,0.875,265.71,0.875,48.84,0.875,5.04,265.71,0.875
2009,3,4,-50.6,0.875,578.44,1,4.45,1,242.12,1,45.41,1,4.38,243.62,1
2009,3,5,NA,0,NA,0,NA,0,NA,0,NA,0,NA,NA,0
2009,3,6,NA,0.625,575.02,0.75,4.93,0.75,310,0.75,NA,0.625,4.83,310.24,0.75
2009,3,7,NA,0.375,578.82,0.75,2.48,0.75,322.17,0.75,49.15,0.75,2.38,318.17,0.75
2009,3,8,NA,0.375,580.22,0.75,2.35,0.75,277.67,0.75,50.05,0.75,2.06,269.13,0.75
2009,3,9,NA,0.625,581.12,0.75,5.22,0.75,244.33,0.75,44.58,0.75,5.17,244.41,0.75
2009,3,10,-49.67,0.875,579.25,1,4.9,1,205.12,1,48.33,1,4.77,204.34,1
2009,3,11,-49.26,0.875,581.26,0.875,3.99,0.875,162.86,0.875,51.66,0.875,3.66,160.53,0.875
2009,3,12,-49.48,0.75,577.51,0.875,3.61,0.875,124.86,0.875,50.2,0.875,3.6,124.48,0.875
2009,3,13,NA,0,NA,0,NA,0,NA,0,NA,0,NA,NA,0
2009,3,14,NA,0,NA,0,NA,0,NA,0,NA,0,NA,NA,0
2009,3,15,NA,0.625,NA,0.625,NA,0.625,NA,0.625,NA,0.625,NA,NA,0.625
2009,3,16,NA,0.25,NA,0.375,NA,0.375,NA,0.375,NA,0.375,NA,NA,0.375
2009,3,17,NA,0.375,NA,0.625,NA,0.5,NA,0.625,NA,0.625,NA,NA,0.5
2009,3,18,NA,0,NA,0,NA,0,NA,0,NA,0,NA,NA,0
2009,3,19,NA,0.125,NA,0.5,NA,0.5,NA,0.5,NA,0.5,NA,NA,0.5
2009,3,20,NA,0.625,584.7,0.75,1.52,0.75,230.17,0.75,48.48,0.75,1.32,225.76,0.75
2009,3,21,NA,0,NA,0,NA,0,NA,0,NA,0,NA,NA,0
2009,3,22,NA,0,NA,0,NA,0,NA,0,NA,0,NA,NA,0
2009,3,23,NA,0.625,NA,0.5,NA,0.625,NA,0.625,NA,0.625,NA,NA,0.625
2009,3,24,-51.39,0.875,589.35,1,3.55,1,122.5,1,47.76,1,3.17,128.76,1
2009,3,25,NA,0.25,NA,0.5,NA,0.5,NA,0.5,NA,0.5,NA,NA,0.5
2009,3,26,NA,0,NA,0,NA,0,NA,0,NA,0,NA,NA,0
2009,3,27,NA,0.125,NA,0.375,NA,0.375,NA,0.375,NA,0.375,NA,NA,0.375
2009,3,28,NA,0,NA,0,NA,0,NA,0,NA,0,NA,NA,0
2009,3,29,NA,0,NA,0,NA,0,NA,0,NA,0,NA,NA,0
2009,3,30,NA,0,NA,0,NA,0,NA,0,NA,0,NA,NA,0
2009,3,31,NA,0,NA,0,NA,0,NA,0,NA,0,NA,NA,0
2009,4,1,NA,0,NA,0,NA,0,NA,0,NA,0,NA,NA,0
2009,4,2,NA,0,NA,0,NA,0,NA,0,NA,0,NA,NA,0
2009,4,3,NA,0,NA,0,NA,0,NA,0,NA,0,NA,NA,0
2009,4,4,NA,0,NA,0,NA,0,NA,0,NA,0,NA,NA,0
2009,4,5,NA,0,NA,0,NA,0,NA,0,NA,0,NA,NA,0
2009,4,6,NA,0,NA,0,NA,0,NA,0,NA,0,NA,NA,0
2009,4,7,NA,0,NA,0,NA,0,NA,0,NA,0,NA,NA,0
2009,4,8,NA,0,NA,0,NA,0,NA,0,NA,0,NA,NA,0
2009,4,9,NA,0,NA,0,NA,0,NA,0,NA,0,NA,NA,0
2009,4,10,NA,0,NA,0,NA,0,NA,0,NA,0,NA,NA,0
2009,4,11,NA,0,NA,0,NA,0,NA,0,NA,0,NA,NA,0
2009,4,12,NA,0,NA,0,NA,0,NA,0,NA,0,NA,NA,0
2009,4,13,NA,0,NA,0,NA,0,NA,0,NA,0,NA,NA,0
2009,4,14,NA,0,NA,0,NA,0,NA,0,NA,0,NA,NA,0
2009,4,15,NA,0,NA,0,NA,0,NA,0,NA,0,NA,NA,0
2009,4,16,NA,0,NA,0,NA,0,NA,0,NA,0,NA,NA,0
2009,4,17,NA,0,NA,0,NA,0,NA,0,NA,0,NA,NA,0
2009,4,18,NA,0,NA,0,NA,0,NA,0,NA,0,NA,NA,0
2009,4,19,NA,0,NA,0,NA,0,NA,0,NA,0,NA,NA,0
2009,4,20,NA,0,NA,0,NA,0,NA,0,NA,0,NA,NA,0
2009,4,21,NA,0,NA,0,NA,0,NA,0,NA,0,NA,NA,0
2009,4,22,NA,0,NA,0,NA,0,NA,0,NA,0,NA,NA,0
2009,4,23,NA,0,NA,0,NA,0,NA,0,NA,0,NA,NA,0
2009,4,24,NA,0,NA,0,NA,0,NA,0,NA,0,NA,NA,0
2009,4,25,NA,0,NA,0,NA,0,NA,0,NA,0,NA,NA,0
2009,4,26,NA,0,NA,0,NA,0,NA,0,NA,0,NA,NA,0
2009,4,27,NA,0,NA,0,NA,0,NA,0,NA,0,NA,NA,0
2009,4,28,NA,0.125,NA,0.125,NA,0.125,NA,0.125,NA,0.125,NA,NA,0.125
2009,4,29,NA,0,NA,0,NA,0,NA,0,NA,0,NA,NA,0
2009,4,30,NA,0,NA,0,NA,0,NA,0,NA,0,NA,NA,0
2009,5,1,NA,0.125,NA,0.25,NA,0.25,NA,0.25,NA,0.25,NA,NA,0.25
2009,5,2,NA,0,NA,0,NA,0,NA,0,NA,0,NA,NA,0
2009,5,3,NA,0,NA,0,NA,0,NA,0,NA,0,NA,NA,0
2009,5,4,NA,0,NA,0,NA,0,NA,0,NA,0,NA,NA,0
2009,5,5,NA,0,NA,0,NA,0,NA,0,NA,0,NA,NA,0
2009,5,6,NA,0,NA,0,NA,0,NA,0,NA,0,NA,NA,0
2009,5,7,NA,0,NA,0,NA,0,NA,0,NA,0,NA,NA,0
2009,5,8,NA,0,NA,0,NA,0,NA,0,NA,0,NA,NA,0
2009,5,9,NA,0,NA,0,NA,0,NA,0,NA,0,NA,NA,0
2009,5,10,NA,0,NA,0,NA,0,NA,0,NA,0,NA,NA,0
2009,5,11,NA,0,NA,0,NA,0,NA,0,NA,0,NA,NA,0
2009,5,12,NA,0,NA,0,NA,0,NA,0,NA,0,NA,NA,0
2009,5,13,NA,0,NA,0,NA,0,NA,0,NA,0,NA,NA,0
2009,5,14,NA,0,NA,0,NA,0,NA,0,NA,0,NA,NA,0
2009,5,15,NA,0,NA,0,NA,0,NA,0,NA,0,NA,NA,0
2009,5,16,NA,0,NA,0,NA,0,NA,0,NA,0,NA,NA,0
2009,5,17,NA,0,NA,0,NA,0,NA,0,NA,0,NA,NA,0
2009,5,18,NA,0,NA,0,NA,0,NA,0,NA,0,NA,NA,0
2009,5,19,NA,0,NA,0,NA,0,NA,0,NA,0,NA,NA,0
2009,5,20,NA,0,NA,0,NA,0,NA,0,NA,0,NA,NA,0
2009,5,21,NA,0,NA,0,NA,0,NA,0,NA,0,NA,NA,0
2009,5,22,NA,0,NA,0,NA,0,NA,0,NA,0,NA,NA,0
2009,5,23,NA,0,NA,0,NA,0,NA,0,NA,0,NA,NA,0
2009,5,24,NA,0,NA,0,NA,0,NA,0,NA,0,NA,NA,0
2009,5,25,NA,0,NA,0,NA,0,NA,0,NA,0,NA,NA,0
2009,5,26,NA,0,NA,0,NA,0,NA,0,NA,0,NA,NA,0
2009,5,27,NA,0,NA,0,NA,0,NA,0,NA,0,NA,NA,0
2009,5,28,NA,0,NA,0,NA,0,NA,0,NA,0,NA,NA,0
2009,5,29,NA,0,NA,0,NA,0,NA,0,NA,0,NA,NA,0
2009,5,30,NA,0,NA,0,NA,0,NA,0,NA,0,NA,NA,0
2009,5,31,NA,0,NA,0,NA,0,NA,0,NA,0,NA,NA,0
2009,6,1,NA,0,NA,0,NA,0,NA,0,NA,0,NA,NA,0
2009,6,2,NA,0,NA,0,NA,0,NA,0,NA,0,NA,NA,0
2009,6,3,NA,0,NA,0,NA,0,NA,0,NA,0,NA,NA,0
2009,6,4,NA,0,NA,0,NA,0,NA,0,NA,0,NA,NA,0
2009,6,5,NA,0,NA,0,NA,0,NA,0,NA,0,NA,NA,0
2009,6,6,NA,0,NA,0,NA,0,NA,0,NA,0,NA,NA,0
2009,6,7,NA,0,NA,0,NA,0,NA,0,NA,0,NA,NA,0
2009,6,8,NA,0,NA,0,NA,0,NA,0,NA,0,NA,NA,0
2009,6,9,NA,0,NA,0,NA,0,NA,0,NA,0,NA,NA,0
2009,6,10,NA,0,NA,0,NA,0,NA,0,NA,0,NA,NA,0
2009,6,11,NA,0,NA,0,NA,0,NA,0,NA,0,NA,NA,0
2009,6,12,NA,0,NA,0,NA,0,NA,0,NA,0,NA,NA,0
2009,6,13,NA,0,NA,0,NA,0,NA,0,NA,0,NA,NA,0
2009,6,14,NA,0,NA,0,NA,0,NA,0,NA,0,NA,NA,0
2009,6,15,NA,0,NA,0,NA,0,NA,0,NA,0,NA,NA,0
2009,6,16,NA,0,NA,0,NA,0,NA,0,NA,0,NA,NA,0
2009,6,17,NA,0,NA,0,NA,0,NA,0,NA,0,NA,NA,0
2009,6,18,NA,0,NA,0,NA,0,NA,0,NA,0,NA,NA,0
2009,6,19,NA,0,NA,0,NA,0,NA,0,NA,0,NA,NA,0
2009,6,20,NA,0,NA,0,NA,0,NA,0,NA,0,NA,NA,0
2009,6,21,NA,0,NA,0,NA,0,NA,0,NA,0,NA,NA,0
2009,6,22,NA,0,NA,0,NA,0,NA,0,NA,0,NA,NA,0
2009,6,23,NA,0,NA,0,NA,0,NA,0,NA,0,NA,NA,0
2009,6,24,NA,0,NA,0,NA,0,NA,0,NA,0,NA,NA,0
2009,6,25,NA,0,NA,0,NA,0,NA,0,NA,0,NA,NA,0
2009,6,26,NA,0,NA,0,NA,0,NA,0,NA,0,NA,NA,0
2009,6,27,NA,0,NA,0,NA,0,NA,0,NA,0,NA,NA,0
2009,6,28,NA,0,NA,0,NA,0,NA,0,NA,0,NA,NA,0
2009,6,29,NA,0,NA,0,NA,0,NA,0,NA,0,NA,NA,0
2009,6,30,NA,0,NA,0,NA,0,NA,0,NA,0,NA,NA,0
2009,7,1,NA,0,NA,0,NA,0,NA,0,NA,0,NA,NA,0
2009,7,2,NA,0,NA,0,NA,0,NA,0,NA,0,NA,NA,0
2009,7,3,NA,0,NA,0,NA,0,NA,0,NA,0,NA,NA,0
2009,7,4,NA,0,NA,0,NA,0,NA,0,NA,0,NA,NA,0
2009,7,5,NA,0,NA,0,NA,0,NA,0,NA,0,NA,NA,0
2009,7,6,NA,0,NA,0,NA,0,NA,0,NA,0,NA,NA,0
2009,7,7,NA,0,NA,0,NA,0,NA,0,NA,0,NA,NA,0
2009,7,8,NA,0,NA,0,NA,0,NA,0,NA,0,NA,NA,0
2009,7,9,NA,0,NA,0,NA,0,NA,0,NA,0,NA,NA,0
2009,7,10,NA,0,NA,0,NA,0,NA,0,NA,0,NA,NA,0
2009,7,11,NA,0,NA,0,NA,0,NA,0,NA,0,NA,NA,0
2009,7,12,NA,0,NA,0,NA,0,NA,0,NA,0,NA,NA,0
2009,7,13,NA,0,NA,0,NA,0,NA,0,NA,0,NA,NA,0
2009,7,14,NA,0,NA,0,NA,0,NA,0,NA,0,NA,NA,0
2009,7,15,NA,0,NA,0,NA,0,NA,0,NA,0,NA,NA,0
2009,7,16,NA,0,NA,0,NA,0,NA,0,NA,0,NA,NA,0
2009,7,17,NA,0,NA,0,NA,0,NA,0,NA,0,NA,NA,0
2009,7,18,NA,0,NA,0,NA,0,NA,0,NA,0,NA,NA,0
2009,7,19,NA,0,NA,0,NA,0,NA,0,NA,0,NA,NA,0
2009,7,20,NA,0,NA,0,NA,0,NA,0,NA,0,NA,NA,0
2009,7,21,NA,0,NA,0,NA,0,NA,0,NA,0,NA,NA,0
2009,7,22,NA,0,NA,0,NA,0,NA,0,NA,0,NA,NA,0
2009,7,23,NA,0,NA,0,NA,0,NA,0,NA,0,NA,NA,0
2009,7,24,NA,0,NA,0,NA,0,NA,0,NA,0,NA,NA,0
2009,7,25,NA,0,NA,0,NA,0,NA,0,NA,0,NA,NA,0
2009,7,26,NA,0,NA,0,NA,0,NA,0,NA,0,NA,NA,0
2009,7,27,NA,0,NA,0,NA,0,NA,0,NA,0,NA,NA,0
2009,7,28,NA,0,NA,0,NA,0,NA,0,NA,0,NA,NA,0
2009,7,29,NA,0,NA,0,NA,0,NA,0,NA,0,NA,NA,0
2009,7,30,NA,0,NA,0,NA,0,NA,0,NA,0,NA,NA,0
2009,7,31,NA,0,NA,0,NA,0,NA,0,NA,0,NA,NA,0
2009,8,1,NA,0,NA,0,NA,0,NA,0,NA,0,NA,NA,0
2009,8,2,NA,0,NA,0,NA,0,NA,0,NA,0,NA,NA,0
2009,8,3,NA,0,NA,0,NA,0,NA,0,NA,0,NA,NA,0
2009,8,4,NA,0,NA,0,NA,0,NA,0,NA,0,NA,NA,0
2009,8,5,NA,0,NA,0,NA,0,NA,0,NA,0,NA,NA,0
2009,8,6,NA,0,NA,0,NA,0,NA,0,NA,0,NA,NA,0
2009,8,7,NA,0,NA,0,NA,0,NA,0,NA,0,NA,NA,0
2009,8,8,NA,0,NA,0,NA,0,NA,0,NA,0,NA,NA,0
2009,8,9,NA,0,NA,0,NA,0,NA,0,NA,0,NA,NA,0
2009,8,10,NA,0,NA,0,NA,0,NA,0,NA,0,NA,NA,0
2009,8,11,NA,0,NA,0,NA,0,NA,0,NA,0,NA,NA,0
2009,8,12,NA,0,NA,0,NA,0,NA,0,NA,0,NA,NA,0
2009,8,13,NA,0,NA,0,NA,0,NA,0,NA,0,NA,NA,0
2009,8,14,NA,0,NA,0,NA,0,NA,0,NA,0,NA,NA,0
2009,8,15,NA,0,NA,0,NA,0,NA,0,NA,0,NA,NA,0
2009,8,16,NA,0,NA,0,NA,0,NA,0,NA,0,NA,NA,0
2009,8,17,NA,0,NA,0,NA,0,NA,0,NA,0,NA,NA,0
2009,8,18,NA,0,NA,0,NA,0,NA,0,NA,0,NA,NA,0
2009,8,19,NA,0,NA,0,NA,0,NA,0,NA,0,NA,NA,0
2009,8,20,NA,0,NA,0,NA,0,NA,0,NA,0,NA,NA,0
2009,8,21,NA,0,NA,0,NA,0,NA,0,NA,0,NA,NA,0
2009,8,22,NA,0,NA,0,NA,0,NA,0,NA,0,NA,NA,0
2009,8,23,NA,0,NA,0,NA,0,NA,0,NA,0,NA,NA,0
2009,8,24,NA,0,NA,0,NA,0,NA,0,NA,0,NA,NA,0
2009,8,25,NA,0,NA,0,NA,0,NA,0,NA,0,NA,NA,0
2009,8,26,NA,0,NA,0,NA,0,NA,0,NA,0,NA,NA,0
2009,8,27,NA,0,NA,0,NA,0,NA,0,NA,0,NA,NA,0
2009,8,28,NA,0,NA,0,NA,0,NA,0,NA,0,NA,NA,0
2009,8,29,NA,0,NA,0,NA,0,NA,0,NA,0,NA,NA,0
2009,8,30,NA,0,NA,0,NA,0,NA,0,NA,0,NA,NA,0
2009,8,31,NA,0,NA,0,NA,0,NA,0,NA,0,NA,NA,0
2009,9,1,NA,0,NA,0,NA,0,NA,0,NA,0,NA,NA,0
2009,9,2,NA,0,NA,0,NA,0,NA,0,NA,0,NA,NA,0
2009,9,3,NA,0,NA,0,NA,0,NA,0,NA,0,NA,NA,0
2009,9,4,NA,0,NA,0,NA,0,NA,0,NA,0,NA,NA,0
2009,9,5,NA,0,NA,0,NA,0,NA,0,NA,0,NA,NA,0
2009,9,6,NA,0,NA,0,NA,0,NA,0,NA,0,NA,NA,0
2009,9,7,NA,0,NA,0,NA,0,NA,0,NA,0,NA,NA,0
2009,9,8,NA,0,NA,0,NA,0,NA,0,NA,0,NA,NA,0
2009,9,9,NA,0,NA,0,NA,0,NA,0,NA,0,NA,NA,0
2009,9,10,NA,0,NA,0,NA,0,NA,0,NA,0,NA,NA,0
2009,9,11,NA,0,NA,0,NA,0,NA,0,NA,0,NA,NA,0
2009,9,12,NA,0,NA,0,NA,0,NA,0,NA,0,NA,NA,0
2009,9,13,NA,0,NA,0,NA,0,NA,0,NA,0,NA,NA,0
2009,9,14,NA,0,NA,0,NA,0,NA,0,NA,0,NA,NA,0
2009,9,15,NA,0,NA,0,NA,0,NA,0,NA,0,NA,NA,0
2009,9,16,NA,0,NA,0,NA,0,NA,0,NA,0,NA,NA,0
2009,9,17,NA,0,NA,0,NA,0,NA,0,NA,0,NA,NA,0
2009,9,18,NA,0,NA,0,NA,0,NA,0,NA,0,NA,NA,0
2009,9,19,NA,0,NA,0,NA,0,NA,0,NA,0,NA,NA,0
2009,9,20,NA,0,NA,0,NA,0,NA,0,NA,0,NA,NA,0
2009,9,21,NA,0,NA,0,NA,0,NA,0,NA,0,NA,NA,0
2009,9,22,NA,0,NA,0,NA,0,NA,0,NA,0,NA,NA,0
2009,9,23,NA,0,NA,0,NA,0,NA,0,NA,0,NA,NA,0
2009,9,24,NA,0,NA,0,NA,0,NA,0,NA,0,NA,NA,0
2009,9,25,NA,0,NA,0,NA,0,NA,0,NA,0,NA,NA,0
2009,9,26,NA,0,NA,0,NA,0,NA,0,NA,0,NA,NA,0
2009,9,27,NA,0,NA,0,NA,0,NA,0,NA,0,NA,NA,0
2009,9,28,NA,0,NA,0,NA,0,NA,0,NA,0,NA,NA,0
2009,9,29,NA,0,NA,0,NA,0,NA,0,NA,0,NA,NA,0
2009,9,30,NA,0,NA,0,NA,0,NA,0,NA,0,NA,NA,0
2009,10,1,NA,0,NA,0,NA,0,NA,0,NA,0,NA,NA,0
2009,10,2,NA,0,NA,0,NA,0,NA,0,NA,0,NA,NA,0
2009,10,3,NA,0,NA,0,NA,0,NA,0,NA,0,NA,NA,0
2009,10,4,NA,0,NA,0,NA,0,NA,0,NA,0,NA,NA,0
2009,10,5,NA,0,NA,0,NA,0,NA,0,NA,0,NA,NA,0
2009,10,6,NA,0,NA,0,NA,0,NA,0,NA,0,NA,NA,0
2009,10,7,NA,0,NA,0,NA,0,NA,0,NA,0,NA,NA,0
2009,10,8,NA,0,NA,0,NA,0,NA,0,NA,0,NA,NA,0
2009,10,9,NA,0,NA,0,NA,0,NA,0,NA,0,NA,NA,0
2009,10,10,NA,0,NA,0,NA,0,NA,0,NA,0,NA,NA,0
2009,10,11,NA,0,NA,0,NA,0,NA,0,NA,0,NA,NA,0
2009,10,12,NA,0,NA,0,NA,0,NA,0,NA,0,NA,NA,0
2009,10,13,NA,0,NA,0,NA,0,NA,0,NA,0,NA,NA,0
2009,10,14,NA,0,NA,0,NA,0,NA,0,NA,0,NA,NA,0
2009,10,15,NA,0,NA,0,NA,0,NA,0,NA,0,NA,NA,0
2009,10,16,NA,0,NA,0,NA,0,NA,0,NA,0,NA,NA,0
2009,10,17,NA,0,NA,0,NA,0,NA,0,NA,0,NA,NA,0
2009,10,18,NA,0,NA,0,NA,0,NA,0,NA,0,NA,NA,0
2009,10,19,NA,0,NA,0,NA,0,NA,0,NA,0,NA,NA,0
2009,10,20,NA,0,NA,0,NA,0,NA,0,NA,0,NA,NA,0
2009,10,21,NA,0,NA,0,NA,0,NA,0,NA,0,NA,NA,0
2009,10,22,NA,0,NA,0,NA,0,NA,0,NA,0,NA,NA,0
2009,10,23,NA,0,NA,0,NA,0,NA,0,NA,0,NA,NA,0
2009,10,24,NA,0,NA,0,NA,0,NA,0,NA,0,NA,NA,0
2009,10,25,NA,0,NA,0,NA,0,NA,0,NA,0,NA,NA,0
2009,10,26,NA,0,NA,0,NA,0,NA,0,NA,0,NA,NA,0
2009,10,27,NA,0,NA,0,NA,0,NA,0,NA,0,NA,NA,0
2009,10,28,NA,0,NA,0,NA,0,NA,0,NA,0,NA,NA,0
2009,10,29,NA,0.375,NA,0.375,NA,0,NA,0,NA,0.375,NA,NA,0
2009,10,30,NA,0.375,NA,0.375,NA,0,NA,0,NA,0.375,NA,NA,0
2009,10,31,NA,0.25,NA,0.375,NA,0,NA,0,NA,0.375,NA,NA,0
2009,11,1,NA,0.375,NA,0.375,NA,0,NA,0,NA,0.375,NA,NA,0
2009,11,2,NA,0.25,NA,0.375,NA,0,NA,0,NA,0.375,NA,NA,0
2009,11,3,NA,0.375,NA,0.375,NA,0,NA,0,NA,0.375,NA,NA,0
2009,11,4,NA,0.125,NA,0.375,NA,0,NA,0,NA,0.375,NA,NA,0
2009,11,5,NA,0.625,577.5,0.75,NA,0,NA,0,27.65,0.75,NA,NA,0
2009,11,6,-42.92,0.75,581.78,1,NA,0,NA,0,35.48,1,NA,NA,0
2009,11,7,-45.4,0.875,586.38,1,NA,0,NA,0,30.02,1,NA,NA,0
2009,11,8,NA,0.5,593.09,1,NA,0,NA,0,34.86,1,NA,NA,0
2009,11,9,-41.63,0.75,595.34,1,NA,0,NA,0,42.42,1,NA,NA,0
2009,11,10,-42.29,1,595.74,1,NA,0,NA,0,42.9,1,NA,NA,0
2009,11,11,-39.95,0.75,598.24,1,NA,0,NA,0,36.14,1,NA,NA,0
2009,11,12,-40.22,0.75,598.89,1,NA,0,NA,0,36.17,1,NA,NA,0
2009,11,13,NA,0.375,594.52,1,NA,0,NA,0,35.99,1,NA,NA,0
2009,11,14,-42.12,0.75,598.79,1,NA,0,NA,0,50,1,NA,NA,0
2009,11,15,-36.36,1,594.61,1,NA,0,NA,0,55.54,1,NA,NA,0
2009,11,16,-33.25,0.75,593.82,1,NA,0,NA,0,53.91,1,NA,NA,0
2009,11,17,-36.91,0.875,595.61,1,NA,0,NA,0,49.51,1,NA,NA,0
2009,11,18,-39.33,1,593.1,1,NA,0,NA,0,40.5,1,NA,NA,0
2009,11,19,NA,0.625,586.05,1,NA,0,NA,0,47.45,1,NA,NA,0
2009,11,20,-37.83,0.75,585.16,1,NA,0.625,NA,0.625,50.06,1,NA,NA,0.625
2009,11,21,-36.22,0.75,584.31,1,3.7,1,278.62,1,46.7,1,3.34,316.79,1
2009,11,22,-39.13,0.75,584.12,1,3.55,1,277.12,1,42.24,1,3.5,278.44,1
2009,11,23,-38.23,1,584.46,1,3.98,1,248.12,1,46.08,1,3.78,249.98,1
2009,11,24,-36.76,0.875,586.74,1,2.81,1,266.12,1,43.05,1,2.65,268.02,1
2009,11,25,NA,0.625,588.09,1,3.34,1,295.62,1,42.12,1,3.3,295.37,1
2009,11,26,-35.12,0.75,588.09,1,2.81,1,293.88,1,32,1,2.68,290.32,1
2009,11,27,NA,0.625,590.06,1,2.75,1,288.38,1,29.61,1,2.59,292.41,1
2009,11,28,-35.78,0.75,590.69,1,3.3,1,271.38,1,39.6,1,3.21,272.01,1
2009,11,29,NA,0.5,590.41,0.875,2.11,1,219.62,1,31.31,1,1.9,213.59,1
2009,11,30,-34.79,0.875,591.91,1,1.57,1,157.5,1,20.86,1,1.39,157,1
2009,12,1,NA,0,591.24,1,1.46,0.875,130.14,0.875,32.55,1,0.95,9.07,0.875
2009,12,2,NA,0.25,589.24,1,1.96,1,245.88,1,28.51,1,1.56,241.29,1
2009,12,3,NA,0.375,587.22,1,1.79,1,149.5,1,27.74,1,1.36,147.5,1
2009,12,4,NA,0.25,588.79,1,3.21,1,121,1,46.4,1,2.62,28.7,1
2009,12,5,NA,0.375,592.85,1,3.26,1,187.5,1,45.21,1,2.7,0.43,1
2009,12,6,NA,0.375,593.66,1,3.92,1,116.38,1,47.02,1,3.32,32.32,1
2009,12,7,-29.93,0.875,592.11,1,3.67,1,319,1,49.35,1,3.54,319.77,1
2009,12,8,-34.04,0.875,592.6,1,5.59,1,259.25,1,35.7,1,5.56,258.5,1
2009,12,9,NA,0.625,589.29,1,4.4,1,248.75,1,33.16,1,4.18,250.92,1
2009,12,10,NA,0.625,587.55,1,3.57,1,217,1,32.94,1,3.56,216.47,1
2009,12,11,-33.51,0.875,588.15,1,4.45,1,230.62,1,35.94,1,4.28,230.95,1
2009,12,12,NA,0.625,586.62,1,3.6,1,205.75,1,35.62,1,2.65,209.37,1
2009,12,13,NA,0.25,588.69,1,1.53,1,132.75,1,21.48,1,1.43,134.54,1
2009,12,14,NA,0.125,589.5,1,2.05,1,192,1,26.7,1,2.02,193.63,1
2009,12,15,NA,0.375,591.42,1,2.35,1,180.75,1,27.44,1,2.23,178.03,1
2009,12,16,-32.25,1,591.49,1,3.2,1,121,1,44.59,1,2.41,79.57,1
2009,12,17,NA,0.5,587.68,1,3.17,1,309,1,47.51,1,3.14,307.68,1
2009,12,18,-33.42,1,584.22,1,5.1,1,274,1,46.23,1,5.03,273.87,1
2009,12,19,-32.97,0.875,581.06,1,4.38,1,264.88,1,36.34,1,4.32,263.59,1
2009,12,20,-31.64,0.875,580.6,1,3.25,1,270.75,1,36.84,1,3.22,270.16,1
2009,12,21,NA,0.625,581.36,1,3.16,1,312.12,1,45.26,1,3.07,316.29,1
2009,12,22,-33.41,1,583.82,1,6,1,301.25,1,54.11,1,5.95,300.41,1
2009,12,23,-34.91,1,585.35,1,5.8,1,277.5,1,49.25,1,5.72,275.16,1
2009,12,24,-33.17,0.875,585.59,1,3.15,1,250.5,1,27.92,1,3.12,251.02,1
2009,12,25,NA,0.125,585.42,1,2.11,1,228,1,25.48,1,2.07,226.69,1
2009,12,26,NA,0.375,584.71,1,2.28,1,202.12,1,24.7,1,2.22,203.85,1
2009,12,27,-33.4,0.75,585,1,3.15,1,237.62,1,30.9,1,3.12,237.63,1
2009,12,28,-31.92,0.75,584.1,1,3.25,1,226.5,1,32.8,1,3.19,226.76,1
2009,12,29,NA,0.375,585.71,1,1.86,1,160.62,1,22.55,1,1.66,161.27,1
2009,12,30,-33.87,0.875,589.26,1,4.25,1,253.25,1,30.9,1,4.22,254.21,1
2009,12,31,-32.7,0.875,593.32,1,4.6,1,246.62,1,36.06,1,4.42,246.54,1
2010,1,1,-30.13,0.875,596.81,1,4.1,1,239.62,1,37.69,1,3.92,237.7,1
2010,1,2,NA,0.625,599.68,1,3.7,1,210.12,1,35.98,1,3.46,209.32,1
2010,1,3,NA,0.5,600.52,1,3.72,1,221.88,1,39.77,1,3.5,223.01,1
2010,1,4,-28.67,0.875,603.06,1,4.15,1,195.62,1,40.49,1,3.89,193.48,1
2010,1,5,NA,0.5,602.69,1,3.78,1,221.12,1,37.88,1,3.56,219.73,1
2010,1,6,-29.17,0.875,603.2,1,4.21,1,238.38,1,39.27,1,4.1,238.47,1
2010,1,7,NA,0.625,606.35,1,3.48,1,214.12,1,39.11,1,3.4,213.67,1
2010,1,8,-29.09,0.875,604.18,1,4.32,1,236.25,1,42.76,1,4.26,236.99,1
2010,1,9,NA,0.5,599.54,1,1.76,1,238.5,1,33.38,1,1.15,221.18,1
2010,1,10,-29.86,0.875,596.2,1,4.22,1,256.12,1,36.56,1,4.18,255.38,1
2010,1,11,NA,0.375,592.72,1,2.64,1,217.38,1,34.9,1,2.6,216.55,1
2010,1,12,NA,0.625,592.32,1,3,1,226,1,37.56,1,2.99,225.74,1
2010,1,13,NA,0.625,595.46,1,2.76,1,257.38,1,35.33,1,2.66,259.63,1
2010,1,14,NA,0.625,598.01,1,3,1,265,1,30.75,1,2.99,264.91,1
2010,1,15,NA,0.5,597.89,1,2.82,1,267.62,1,32.38,1,2.74,267.1,1
2010,1,16,-29.05,0.75,599.69,1,6.01,0.875,277.62,1,54.69,1,5.95,277.03,0.875
2010,1,17,-27.11,1,599.6,1,8.76,1,250.88,1,53.85,1,8.64,253.14,1
2010,1,18,-27.29,1,599.42,1,3.48,1,219.38,1,46.99,1,3.42,219.05,1
2010,1,19,NA,0.25,598.49,1,2.26,0.875,261,0.875,40.84,1,1.49,318.46,0.875
2010,1,20,-27.74,0.875,598.38,1,7.01,1,269.12,1,56.79,1,6.94,268.04,1
2010,1,21,-28.13,0.875,598.76,1,4.49,1,238.5,1,45.01,1,4.43,238.5,1
2010,1,22,NA,0.375,596.24,1,2.31,1,173,1,42.02,1,1.39,353.85,1
2010,1,23,-33.16,1,595.44,1,4.46,1,292.5,1,55.66,1,4.41,291.57,1
2010,1,24,-32.86,0.875,594.41,1,6.38,1,275.75,1,52.39,1,6.32,275.74,1
2010,1,25,-34.41,0.875,595.1,1,4.74,1,250.5,1,39.5,1,4.64,253.18,1
2010,1,26,NA,0.125,594.32,1,2.16,1,165.5,1,34.75,1,0.93,348.11,1
2010,1,27,-34.63,0.75,596.95,1,4.51,1,300.12,1,54.12,1,4.3,298.11,1
2010,1,28,-35.55,1,597.78,1,3.67,1,239,1,39.51,1,3.58,239.4,1
2010,1,29,NA,0.625,596.59,1,2.91,1,186.62,1,32.29,1,2.82,188.59,1
2010,1,30,NA,0.625,595.25,1,2.95,1,199,1,34.8,1,2.92,199.02,1
2010,1,31,NA,0.625,594.4,1,3.52,1,248.12,1,34.85,1,3.21,253.46,1
2010,2,1,-38.09,0.875,591.95,1,4.77,1,239.88,1,41.98,1,4.56,241.49,1
2010,2,2,NA,0.625,589.72,1,3.88,1,208.25,1,41.01,1,3.82,207.66,1
2010,2,3,NA,0.375,589.46,1,2.51,1,210.88,1,31.8,1,2.41,214.36,1
2010,2,4,-40.05,0.75,593.56,1,4.12,1,227.75,1,44.48,1,4.03,228.32,1
2010,2,5,NA,0.625,593.61,1,3.35,1,195.75,1,36.29,1,2.56,201.17,1
2010,2,6,NA,0.625,593.31,1,3.1,1,161,1,40.88,1,1.48,66.98,1
2010,2,7,NA,0.625,595.3,1,4.91,1,281.25,1,47.45,1,4.6,279.63,1
2010,2,8,-39.02,0.75,596.78,1,6.34,1,247.12,1,44.8,1,6.24,249.12,1
2010,2,9,-36.32,0.75,599.46,1,2.83,1,170.12,1,43.27,1,2.27,187.95,1
2010,2,10,NA,0.5,598.69,1,3.2,1,178.38,1,47.42,1,1.8,330.1,1
2010,2,11,-39.78,0.75,599.44,1,4.4,1,249.75,1,47.67,1,4.33,249.34,1
2010,2,12,-38.18,0.75,596.91,1,3.72,1,208.88,1,46.34,1,2.25,300.54,1
2010,2,13,NA,0.375,590.49,1,7.04,1,290.5,1,55.66,1,6.72,333.29,1
2010,2,14,-39.11,1,589.05,1,8.91,1,298.12,1,56.38,1,8.76,297.97,1
2010,2,15,NA,0.625,585.7,1,6.49,1,268.38,1,48.89,1,6.38,270.65,1
2010,2,16,NA,0.5,587.12,1,3.38,1,240.38,1,42.49,1,3.33,239.8,1
2010,2,17,NA,0.375,586.95,1,1.7,1,215.62,1,43.9,1,1.64,213.51,1
2010,2,18,NA,0.375,584.78,1,1.85,1,278.5,1,45.04,1,1.78,279.19,1
2010,2,19,-41.48,1,585.26,1,2.78,1,258.88,1,51.7,1,2.75,260.19,1
2010,2,20,-42.96,0.875,585.82,1,3.7,1,251.5,1,53.25,1,3.65,251.9,1
2010,2,21,-45.04,1,584.27,0.75,3.4,1,203.62,1,50.85,1,3.14,202.74,1
2010,2,22,-46.69,0.875,583.37,0.875,3.01,1,143.62,1,49.35,1,2.82,143.92,1
2010,2,23,-49.53,0.875,584.9,1,2.56,1,90.62,1,46.26,1,2.34,47.48,1
2010,2,24,NA,0.375,585.84,1,2,1,142.25,1,44.02,1,1.24,142.29,1
2010,2,25,NA,0.5,583.36,1,3.21,1,129.38,1,47.66,1,3.02,135.3,1
2010,2,26,NA,0.625,581.59,1,2.74,1,256.38,1,48.89,1,1.99,317.72,1
2010,2,27,NA,0.375,580.87,0.875,2.1,0.75,192.67,0.75,54.71,0.875,1.14,188.69,0.75
2010,2,28,-46.89,1,582.22,1,3.3,1,134.75,1,51.35,1,3.26,135.86,1
2010,3,1,-48.24,1,584.62,1,2.67,1,87.88,1,50.44,1,2.43,90.64,1
2010,3,2,-48.35,0.75,586.26,0.875,1.83,0.875,62,0.875,48.1,0.875,1.74,57.59,0.875
2010,3,3,NA,0.625,589.33,0.875,2.67,0.875,204.43,0.875,55.26,0.875,2.5,212.9,0.875
2010,3,4,NA,0.625,NA,0.625,NA,0.625,NA,0.625,NA,0.625,NA,NA,0.625
2010,3,5,NA,0.25,580.92,0.75,1.83,0.75,289.83,0.75,60.63,0.75,1.45,315.58,0.75
2010,3,6,NA,0.625,NA,0.625,NA,0.625,NA,0.625,NA,0.625,NA,NA,0.625
2010,3,7,NA,0.625,NA,0.5,NA,0.625,NA,0.625,NA,0.625,NA,NA,0.625
2010,3,8,NA,0,NA,0,NA,0,NA,0,NA,0,NA,NA,0
2010,3,9,NA,0,NA,0,NA,0,NA,0,NA,0,NA,NA,0
2010,3,10,NA,0,NA,0,NA,0,NA,0,NA,0,NA,NA,0
2010,3,11,NA,0,NA,0,NA,0,NA,0,NA,0,NA,NA,0
2010,3,12,NA,0.625,NA,0.625,NA,0.625,NA,0.625,NA,0.625,NA,NA,0.625
2010,3,13,NA,0.625,NA,0.625,NA,0.625,NA,0.625,NA,0.625,NA,NA,0.625
2010,3,14,NA,0.125,NA,0.375,NA,0.375,NA,0.375,NA,0.375,NA,NA,0.375
2010,3,15,NA,0.5,NA,0.5,NA,0.5,NA,0.5,NA,0.5,NA,NA,0.5
2010,3,16,NA,0.375,NA,0.375,NA,0.5,NA,0.5,NA,0.375,NA,NA,0.5
2010,3,17,NA,0.625,NA,0.625,NA,0.625,NA,0.625,NA,0.625,NA,NA,0.625
2010,3,18,NA,0.5,593.98,0.75,4.73,0.75,326,0.75,51.27,0.75,4.66,323.39,0.75
2010,3,19,NA,0.5,NA,0.625,NA,0.5,NA,0.5,NA,0.625,NA,NA,0.5
2010,3,20,NA,0.5,NA,0.5,NA,0.625,NA,0.625,NA,0.5,NA,NA,0.625
2010,3,21,-49.62,0.75,582.43,0.75,5.38,0.75,276.83,0.75,49.45,0.75,4.91,337.73,0.75
2010,3,22,NA,0.5,NA,0.5,NA,0.5,NA,0.5,NA,0.5,NA,NA,0.5
2010,3,23,NA,0.125,NA,0.125,NA,0.125,NA,0.125,NA,0.125,NA,NA,0.125
2010,3,24,NA,0.125,NA,0.125,NA,0.125,NA,0.125,NA,0.125,NA,NA,0.125
2010,3,25,NA,0,NA,0.25,NA,0.125,NA,0.25,NA,0.25,NA,NA,0.125
2010,3,26,NA,0.375,NA,0.5,NA,0.5,NA,0.5,NA,0.5,NA,NA,0.5
2010,3,27,NA,0.5,NA,0.5,NA,0.5,NA,0.5,NA,0.5,NA,NA,0.5
2010,3,28,NA,0.125,NA,0.125,NA,0.125,NA,0.125,NA,0.125,NA,NA,0.125
2010,3,29,NA,0.25,NA,0.375,NA,0.5,NA,0.5,NA,0.375,NA,NA,0.5
2010,3,30,NA,0.5,NA,0.5,NA,0.5,NA,0.5,NA,0.5,NA,NA,0.5
2010,3,31,NA,0.125,NA,0.125,NA,0.125,NA,0.125,NA,0.125,NA,NA,0.125
2010,4,1,NA,0.125,NA,0.25,NA,0.25,NA,0.25,NA,0.25,NA,NA,0.25
2010,4,2,NA,0.25,NA,0.25,NA,0.375,NA,0.375,NA,0.25,NA,NA,0.375
2010,4,3,NA,0,NA,0,NA,0,NA,0,NA,0,NA,NA,0
2010,4,4,NA,0,NA,0,NA,0,NA,0,NA,0,NA,NA,0
2010,4,5,NA,0,NA,0,NA,0,NA,0,NA,0,NA,NA,0
2010,4,6,NA,0.375,NA,0.5,NA,0,NA,0.5,NA,0.5,NA,NA,0
2010,4,7,NA,0,NA,0,NA,0,NA,0,NA,0,NA,NA,0
2010,4,8,NA,0,NA,0,NA,0,NA,0,NA,0,NA,NA,0
2010,4,9,NA,0,NA,0,NA,0,NA,0,NA,0,NA,NA,0
2010,4,10,NA,0,NA,0,NA,0,NA,0,NA,0,NA,NA,0
2010,4,11,NA,0,NA,0,NA,0,NA,0,NA,0,NA,NA,0
2010,4,12,NA,0,NA,0,NA,0,NA,0,NA,0,NA,NA,0
2010,4,13,NA,0.125,NA,0.125,NA,0.125,NA,0.125,NA,0.125,NA,NA,0.125
2010,4,14,NA,0,NA,0,NA,0,NA,0,NA,0,NA,NA,0
2010,4,15,NA,0,NA,0,NA,0,NA,0,NA,0,NA,NA,0
2010,4,16,NA,0,NA,0,NA,0,NA,0,NA,0,NA,NA,0
2010,4,17,NA,0,NA,0,NA,0,NA,0,NA,0,NA,NA,0
2010,4,18,NA,0,NA,0,NA,0,NA,0,NA,0,NA,NA,0
2010,4,19,NA,0,NA,0,NA,0,NA,0,NA,0,NA,NA,0
2010,4,20,NA,0,NA,0,NA,0,NA,0,NA,0,NA,NA,0
2010,4,21,NA,0,NA,0,NA,0,NA,0,NA,0,NA,NA,0
2010,4,22,NA,0,NA,0,NA,0,NA,0,NA,0,NA,NA,0
2010,4,23,NA,0,NA,0,NA,0,NA,0,NA,0,NA,NA,0
2010,4,24,NA,0,NA,0,NA,0,NA,0,NA,0,NA,NA,0
2010,4,25,NA,0,NA,0,NA,0,NA,0,NA,0,NA,NA,0
2010,4,26,NA,0,NA,0,NA,0,NA,0,NA,0,NA,NA,0
2010,4,27,NA,0,NA,0,NA,0,NA,0,NA,0,NA,NA,0
2010,4,28,NA,0,NA,0,NA,0,NA,0,NA,0,NA,NA,0
2010,4,29,NA,0,NA,0,NA,0,NA,0,NA,0,NA,NA,0
2010,4,30,NA,0,NA,0,NA,0,NA,0,NA,0,NA,NA,0
2010,5,1,NA,0,NA,0,NA,0,NA,0,NA,0,NA,NA,0
2010,5,2,NA,0,NA,0,NA,0,NA,0,NA,0,NA,NA,0
2010,5,3,NA,0,NA,0,NA,0,NA,0,NA,0,NA,NA,0
2010,5,4,NA,0,NA,0,NA,0,NA,0,NA,0,NA,NA,0
2010,5,5,NA,0,NA,0,NA,0,NA,0,NA,0,NA,NA,0
2010,5,6,NA,0,NA,0,NA,0,NA,0,NA,0,NA,NA,0
2010,5,7,NA,0,NA,0,NA,0,NA,0,NA,0,NA,NA,0
2010,5,8,NA,0,NA,0,NA,0,NA,0,NA,0,NA,NA,0
2010,5,9,NA,0,NA,0,NA,0,NA,0,NA,0,NA,NA,0
2010,5,10,NA,0,NA,0,NA,0,NA,0,NA,0,NA,NA,0
2010,5,11,NA,0,NA,0,NA,0,NA,0,NA,0,NA,NA,0
2010,5,12,NA,0,NA,0,NA,0,NA,0,NA,0,NA,NA,0
2010,5,13,NA,0,NA,0,NA,0,NA,0,NA,0,NA,NA,0
2010,5,14,NA,0,NA,0,NA,0,NA,0,NA,0,NA,NA,0
2010,5,15,NA,0,NA,0,NA,0,NA,0,NA,0,NA,NA,0
2010,5,16,NA,0,NA,0,NA,0,NA,0,NA,0,NA,NA,0
2010,5,17,NA,0,NA,0,NA,0,NA,0,NA,0,NA,NA,0
2010,5,18,NA,0,NA,0,NA,0,NA,0,NA,0,NA,NA,0
2010,5,19,NA,0,NA,0,NA,0,NA,0,NA,0,NA,NA,0
2010,5,20,NA,0,NA,0,NA,0,NA,0,NA,0,NA,NA,0
2010,5,21,NA,0,NA,0,NA,0,NA,0,NA,0,NA,NA,0
2010,5,22,NA,0,NA,0,NA,0,NA,0,NA,0,NA,NA,0
2010,5,23,NA,0,NA,0,NA,0,NA,0,NA,0,NA,NA,0
2010,5,24,NA,0,NA,0,NA,0,NA,0,NA,0,NA,NA,0
2010,5,25,NA,0,NA,0,NA,0,NA,0,NA,0,NA,NA,0
2010,5,26,NA,0,NA,0,NA,0,NA,0,NA,0,NA,NA,0
2010,5,27,NA,0,NA,0,NA,0,NA,0,NA,0,NA,NA,0
2010,5,28,NA,0,NA,0,NA,0,NA,0,NA,0,NA,NA,0
2010,5,29,NA,0,NA,0,NA,0,NA,0,NA,0,NA,NA,0
2010,5,30,NA,0,NA,0,NA,0,NA,0,NA,0,NA,NA,0
2010,5,31,NA,0,NA,0,NA,0,NA,0,NA,0,NA,NA,0
2010,6,1,NA,0,NA,0,NA,0,NA,0,NA,0,NA,NA,0
2010,6,2,NA,0,NA,0,NA,0,NA,0,NA,0,NA,NA,0
2010,6,3,NA,0,NA,0,NA,0,NA,0,NA,0,NA,NA,0
2010,6,4,NA,0,NA,0,NA,0,NA,0,NA,0,NA,NA,0
2010,6,5,NA,0,NA,0,NA,0,NA,0,NA,0,NA,NA,0
2010,6,6,NA,0,NA,0,NA,0,NA,0,NA,0,NA,NA,0
2010,6,7,NA,0,NA,0,NA,0,NA,0,NA,0,NA,NA,0
2010,6,8,NA,0,NA,0,NA,0,NA,0,NA,0,NA,NA,0
2010,6,9,NA,0,NA,0,NA,0,NA,0,NA,0,NA,NA,0
2010,6,10,NA,0,NA,0,NA,0,NA,0,NA,0,NA,NA,0
2010,6,11,NA,0,NA,0,NA,0,NA,0,NA,0,NA,NA,0
2010,6,12,NA,0,NA,0,NA,0,NA,0,NA,0,NA,NA,0
2010,6,13,NA,0,NA,0,NA,0,NA,0,NA,0,NA,NA,0
2010,6,14,NA,0,NA,0,NA,0,NA,0,NA,0,NA,NA,0
2010,6,15,NA,0,NA,0,NA,0,NA,0,NA,0,NA,NA,0
2010,6,16,NA,0,NA,0,NA,0,NA,0,NA,0,NA,NA,0
2010,6,17,NA,0,NA,0,NA,0,NA,0,NA,0,NA,NA,0
2010,6,18,NA,0,NA,0,NA,0,NA,0,NA,0,NA,NA,0
2010,6,19,NA,0,NA,0,NA,0,NA,0,NA,0,NA,NA,0
2010,6,20,NA,0,NA,0,NA,0,NA,0,NA,0,NA,NA,0
2010,6,21,NA,0,NA,0,NA,0,NA,0,NA,0,NA,NA,0
2010,6,22,NA,0,NA,0,NA,0,NA,0,NA,0,NA,NA,0
2010,6,23,NA,0,NA,0,NA,0,NA,0,NA,0,NA,NA,0
2010,6,24,NA,0,NA,0,NA,0,NA,0,NA,0,NA,NA,0
2010,6,25,NA,0,NA,0,NA,0,NA,0,NA,0,NA,NA,0
2010,6,26,NA,0,NA,0,NA,0,NA,0,NA,0,NA,NA,0
2010,6,27,NA,0,NA,0,NA,0,NA,0,NA,0,NA,NA,0
2010,6,28,NA,0,NA,0,NA,0,NA,0,NA,0,NA,NA,0
2010,6,29,NA,0,NA,0,NA,0,NA,0,NA,0,NA,NA,0
2010,6,30,NA,0,NA,0,NA,0,NA,0,NA,0,NA,NA,0
2010,7,1,NA,0,NA,0,NA,0,NA,0,NA,0,NA,NA,0
2010,7,2,NA,0,NA,0,NA,0,NA,0,NA,0,NA,NA,0
2010,7,3,NA,0,NA,0,NA,0,NA,0,NA,0,NA,NA,0
2010,7,4,NA,0,NA,0,NA,0,NA,0,NA,0,NA,NA,0
2010,7,5,NA,0,NA,0,NA,0,NA,0,NA,0,NA,NA,0
2010,7,6,NA,0,NA,0,NA,0,NA,0,NA,0,NA,NA,0
2010,7,7,NA,0,NA,0,NA,0,NA,0,NA,0,NA,NA,0
2010,7,8,NA,0,NA,0,NA,0,NA,0,NA,0,NA,NA,0
2010,7,9,NA,0,NA,0,NA,0,NA,0,NA,0,NA,NA,0
2010,7,10,NA,0,NA,0,NA,0,NA,0,NA,0,NA,NA,0
2010,7,11,NA,0,NA,0,NA,0,NA,0,NA,0,NA,NA,0
2010,7,12,NA,0,NA,0,NA,0,NA,0,NA,0,NA,NA,0
2010,7,13,NA,0,NA,0,NA,0,NA,0,NA,0,NA,NA,0
2010,7,14,NA,0,NA,0,NA,0,NA,0,NA,0,NA,NA,0
2010,7,15,NA,0,NA,0,NA,0,NA,0,NA,0,NA,NA,0
2010,7,16,NA,0,NA,0,NA,0,NA,0,NA,0,NA,NA,0
2010,7,17,NA,0,NA,0,NA,0,NA,0,NA,0,NA,NA,0
2010,7,18,NA,0,NA,0,NA,0,NA,0,NA,0,NA,NA,0
2010,7,19,NA,0,NA,0,NA,0,NA,0,NA,0,NA,NA,0
2010,7,20,NA,0,NA,0,NA,0,NA,0,NA,0,NA,NA,0
2010,7,21,NA,0,NA,0,NA,0,NA,0,NA,0,NA,NA,0
2010,7,22,NA,0,NA,0,NA,0,NA,0,NA,0,NA,NA,0
2010,7,23,NA,0,NA,0,NA,0,NA,0,NA,0,NA,NA,0
2010,7,24,NA,0,NA,0,NA,0,NA,0,NA,0,NA,NA,0
2010,7,25,NA,0,NA,0,NA,0,NA,0,NA,0,NA,NA,0
2010,7,26,NA,0,NA,0,NA,0,NA,0,NA,0,NA,NA,0
2010,7,27,NA,0,NA,0,NA,0,NA,0,NA,0,NA,NA,0
2010,7,28,NA,0,NA,0,NA,0,NA,0,NA,0,NA,NA,0
2010,7,29,NA,0,NA,0,NA,0,NA,0,NA,0,NA,NA,0
2010,7,30,NA,0,NA,0,NA,0,NA,0,NA,0,NA,NA,0
2010,7,31,NA,0,NA,0,NA,0,NA,0,NA,0,NA,NA,0
2010,8,1,NA,0,NA,0,NA,0,NA,0,NA,0,NA,NA,0
2010,8,2,NA,0,NA,0,NA,0,NA,0,NA,0,NA,NA,0
2010,8,3,NA,0,NA,0,NA,0,NA,0,NA,0,NA,NA,0
2010,8,4,NA,0,NA,0,NA,0,NA,0,NA,0,NA,NA,0
2010,8,5,NA,0,NA,0,NA,0,NA,0,NA,0,NA,NA,0
2010,8,6,NA,0,NA,0,NA,0,NA,0,NA,0,NA,NA,0
2010,8,7,NA,0,NA,0,NA,0,NA,0,NA,0,NA,NA,0
2010,8,8,NA,0,NA,0,NA,0,NA,0,NA,0,NA,NA,0
2010,8,9,NA,0,NA,0,NA,0,NA,0,NA,0,NA,NA,0
2010,8,10,NA,0,NA,0,NA,0,NA,0,NA,0,NA,NA,0
2010,8,11,NA,0,NA,0,NA,0,NA,0,NA,0,NA,NA,0
2010,8,12,NA,0,NA,0,NA,0,NA,0,NA,0,NA,NA,0
2010,8,13,NA,0,NA,0,NA,0,NA,0,NA,0,NA,NA,0
2010,8,14,NA,0,NA,0,NA,0,NA,0,NA,0,NA,NA,0
2010,8,15,NA,0,NA,0,NA,0,NA,0,NA,0,NA,NA,0
2010,8,16,NA,0,NA,0,NA,0,NA,0,NA,0,NA,NA,0
2010,8,17,NA,0,NA,0,NA,0,NA,0,NA,0,NA,NA,0
2010,8,18,NA,0,NA,0,NA,0,NA,0,NA,0,NA,NA,0
2010,8,19,NA,0,NA,0,NA,0,NA,0,NA,0,NA,NA,0
2010,8,20,NA,0,NA,0,NA,0,NA,0,NA,0,NA,NA,0
2010,8,21,NA,0,NA,0,NA,0,NA,0,NA,0,NA,NA,0
2010,8,22,NA,0,NA,0,NA,0,NA,0,NA,0,NA,NA,0
2010,8,23,NA,0,NA,0,NA,0,NA,0,NA,0,NA,NA,0
2010,8,24,NA,0,NA,0,NA,0,NA,0,NA,0,NA,NA,0
2010,8,25,NA,0,NA,0,NA,0,NA,0,NA,0,NA,NA,0
2010,8,26,NA,0,NA,0,NA,0,NA,0,NA,0,NA,NA,0
2010,8,27,NA,0,NA,0,NA,0,NA,0,NA,0,NA,NA,0
2010,8,28,NA,0,NA,0,NA,0,NA,0,NA,0,NA,NA,0
2010,8,29,NA,0,NA,0,NA,0,NA,0,NA,0,NA,NA,0
2010,8,30,NA,0,NA,0,NA,0,NA,0,NA,0,NA,NA,0
2010,8,31,NA,0,NA,0,NA,0,NA,0,NA,0,NA,NA,0
2010,9,1,NA,0,NA,0,NA,0,NA,0,NA,0,NA,NA,0
2010,9,2,NA,0,NA,0,NA,0,NA,0,NA,0,NA,NA,0
2010,9,3,NA,0,NA,0,NA,0,NA,0,NA,0,NA,NA,0
2010,9,4,NA,0,NA,0,NA,0,NA,0,NA,0,NA,NA,0
2010,9,5,NA,0,NA,0,NA,0,NA,0,NA,0,NA,NA,0
2010,9,6,NA,0,NA,0,NA,0,NA,0,NA,0,NA,NA,0
2010,9,7,NA,0,NA,0,NA,0,NA,0,NA,0,NA,NA,0
2010,9,8,NA,0,NA,0,NA,0,NA,0,NA,0,NA,NA,0
2010,9,9,NA,0,NA,0,NA,0,NA,0,NA,0,NA,NA,0
2010,9,10,NA,0,NA,0,NA,0,NA,0,NA,0,NA,NA,0
2010,9,11,NA,0,NA,0,NA,0,NA,0,NA,0,NA,NA,0
2010,9,12,NA,0,NA,0,NA,0,NA,0,NA,0,NA,NA,0
2010,9,13,NA,0,NA,0,NA,0,NA,0,NA,0,NA,NA,0
2010,9,14,NA,0,NA,0,NA,0,NA,0,NA,0,NA,NA,0
2010,9,15,NA,0,NA,0,NA,0,NA,0,NA,0,NA,NA,0
2010,9,16,NA,0,NA,0,NA,0,NA,0,NA,0,NA,NA,0
2010,9,17,NA,0,NA,0,NA,0,NA,0,NA,0,NA,NA,0
2010,9,18,NA,0,NA,0,NA,0,NA,0,NA,0,NA,NA,0
2010,9,19,NA,0,NA,0,NA,0,NA,0,NA,0,NA,NA,0
2010,9,20,NA,0,NA,0,NA,0,NA,0,NA,0,NA,NA,0
2010,9,21,NA,0,NA,0,NA,0,NA,0,NA,0,NA,NA,0
2010,9,22,NA,0,NA,0,NA,0,NA,0,NA,0,NA,NA,0
2010,9,23,NA,0,NA,0,NA,0,NA,0,NA,0,NA,NA,0
2010,9,24,NA,0,NA,0,NA,0,NA,0,NA,0,NA,NA,0
2010,9,25,NA,0,NA,0,NA,0,NA,0,NA,0,NA,NA,0
2010,9,26,NA,0,NA,0,NA,0,NA,0,NA,0,NA,NA,0
2010,9,27,NA,0,NA,0,NA,0,NA,0,NA,0,NA,NA,0
2010,9,28,NA,0,NA,0,NA,0,NA,0,NA,0,NA,NA,0
2010,9,29,NA,0,NA,0,NA,0,NA,0,NA,0,NA,NA,0
2010,9,30,NA,0,NA,0,NA,0,NA,0,NA,0,NA,NA,0
2010,10,1,NA,0,NA,0,NA,0,NA,0,NA,0,NA,NA,0
2010,10,2,NA,0,NA,0,NA,0,NA,0,NA,0,NA,NA,0
2010,10,3,NA,0,NA,0,NA,0,NA,0,NA,0,NA,NA,0
2010,10,4,NA,0,NA,0,NA,0,NA,0,NA,0,NA,NA,0
2010,10,5,NA,0,NA,0,NA,0,NA,0,NA,0,NA,NA,0
2010,10,6,NA,0,NA,0,NA,0,NA,0,NA,0,NA,NA,0
2010,10,7,NA,0,NA,0,NA,0,NA,0,NA,0,NA,NA,0
2010,10,8,NA,0,NA,0,NA,0,NA,0,NA,0,NA,NA,0
2010,10,9,NA,0,NA,0,NA,0,NA,0,NA,0,NA,NA,0
2010,10,10,NA,0,NA,0,NA,0,NA,0,NA,0,NA,NA,0
2010,10,11,NA,0,NA,0,NA,0,NA,0,NA,0,NA,NA,0
2010,10,12,NA,0,NA,0,NA,0,NA,0,NA,0,NA,NA,0
2010,10,13,NA,0,NA,0,NA,0,NA,0,NA,0,NA,NA,0
2010,10,14,NA,0.125,NA,0.125,NA,0.125,NA,0.125,NA,0.125,NA,NA,0.125
2010,10,15,NA,0.125,NA,0.375,NA,0.375,NA,0.375,NA,0.375,NA,NA,0.375
2010,10,16,NA,0,NA,0,NA,0,NA,0,NA,0,NA,NA,0
2010,10,17,NA,0.375,NA,0.375,NA,0.375,NA,0.375,NA,0.375,NA,NA,0.375
2010,10,18,NA,0.375,NA,0.375,NA,0.375,NA,0.375,NA,0.375,NA,NA,0.375
2010,10,19,NA,0.25,NA,0.375,NA,0.375,NA,0.375,NA,0.375,NA,NA,0.375
2010,10,20,NA,0.375,NA,0.375,NA,0.375,NA,0.375,NA,0.375,NA,NA,0.375
2010,10,21,NA,0.125,NA,0.375,NA,0.375,NA,0.375,NA,0.375,NA,NA,0.375
2010,10,22,NA,0,NA,0,NA,0,NA,0,NA,0,NA,NA,0
2010,10,23,NA,0,NA,0,NA,0,NA,0,NA,0,NA,NA,0
2010,10,24,NA,0.375,NA,0.375,NA,0.375,NA,0.375,NA,0.375,NA,NA,0.375
2010,10,25,NA,0.375,NA,0.375,NA,0.375,NA,0.375,NA,0.375,NA,NA,0.375
2010,10,26,NA,0.375,NA,0.375,NA,0.375,NA,0.375,NA,0.375,NA,NA,0.375
2010,10,27,NA,0.375,NA,0.375,NA,0.375,NA,0.375,NA,0.375,NA,NA,0.375
2010,10,28,NA,0.25,NA,0.375,NA,0.375,NA,0.375,NA,0.375,NA,NA,0.375
2010,10,29,NA,0.25,NA,0.375,NA,0.375,NA,0.375,NA,0.375,NA,NA,0.375
2010,10,30,NA,0.125,NA,0.375,NA,0.375,NA,0.375,NA,0.375,NA,NA,0.375
2010,10,31,NA,0.25,NA,0.25,NA,0.25,NA,0.25,NA,0.25,NA,NA,0.25
2010,11,1,NA,0,NA,0,NA,0,NA,0,NA,0,NA,NA,0
2010,11,2,NA,0.125,NA,0.375,NA,0.375,NA,0.375,NA,0.375,NA,NA,0.375
2010,11,3,NA,0.25,NA,0.375,NA,0.375,NA,0.375,NA,0.375,NA,NA,0.375
2010,11,4,NA,0.125,NA,0.375,NA,0.375,NA,0.375,NA,0.375,NA,NA,0.375
2010,11,5,NA,0.375,NA,0.375,NA,0.375,NA,0.375,NA,0.375,NA,NA,0.375
2010,11,6,NA,0.25,NA,0.375,NA,0.375,NA,0.375,NA,0.375,NA,NA,0.375
2010,11,7,NA,0.375,NA,0.375,NA,0.375,NA,0.375,NA,0.375,NA,NA,0.375
2010,11,8,NA,0.125,NA,0.375,NA,0.375,NA,0.375,NA,0.375,NA,NA,0.375
2010,11,9,NA,0.375,NA,0.375,NA,0.375,NA,0.375,NA,0.375,NA,NA,0.375
2010,11,10,-36.73,0.75,596,0.75,3.3,0.75,117.17,0.75,33.45,0.75,3.27,117.4,0.75
2010,11,11,NA,0.5,586.15,1,2.83,1,129.38,1,41.24,1,1.9,92,1
2010,11,12,NA,0.375,577.51,1,3.17,0.875,280.14,0.875,38.08,1,2.93,321.51,0.875
2010,11,13,NA,0.375,576.24,1,3.72,1,325.75,1,46.06,1,3.6,323.29,1
2010,11,14,NA,0.625,575.91,1,4.88,1,302.38,1,48.58,1,4.8,301.86,1
2010,11,15,-42.92,0.75,575.42,1,4.22,1,275.5,1,42.09,1,4.09,273.84,1
2010,11,16,-41.87,0.75,576.32,1,2.81,1,220.12,1,27.79,1,2.49,220.39,1
2010,11,17,-40.88,1,578.36,1,2.38,1,164.25,1,23.62,1,2.31,163.73,1
2010,11,18,-41.2,1,579.18,1,2.15,1,129,1,20.45,1,2.05,130.2,1
2010,11,19,-41.36,0.875,576.89,1,2.66,1,120.38,1,21.64,1,2.64,120.13,1
2010,11,20,-41.97,0.875,574.26,1,1.93,1,100.88,1,23.23,1,1.86,106.08,1
2010,11,21,NA,0,573.16,1,1.98,0.75,193.67,0.75,17.27,1,1.95,196.35,0.75
2010,11,22,NA,0.5,570.91,1,2.5,1,142.88,1,22.39,1,2.08,139.84,1
2010,11,23,-45.04,0.875,568.64,1,2.94,1,106,1,36.1,1,2.07,57.28,1
2010,11,24,NA,0.25,569.11,1,3.67,1,339,1,34.61,1,3.63,337.31,1
2010,11,25,NA,0.625,569.58,1,3.9,1,313.88,1,41.58,1,3.88,313.63,1
2010,11,26,NA,0.375,569.18,1,2.7,1,290.38,1,34.02,1,2.59,334.7,1
2010,11,27,NA,0.5,571.28,1,4.78,1,327.75,1,40.42,1,4.72,326.06,1
2010,11,28,NA,0.625,572.12,1,5.41,1,293.5,1,39.46,1,5.2,294.82,1
2010,11,29,-44.41,1,571.09,1,4.46,1,226.12,1,24.75,1,4.18,224.6,1
2010,11,30,-43.36,0.875,571.8,1,3.45,1,191.5,1,20.21,1,3.3,191.79,1
2010,12,1,NA,0.375,573.88,1,1.72,0.75,114.83,0.75,19.54,1,1.59,117.02,0.75
2010,12,2,NA,0.25,576.79,1,2.04,0.875,141.29,0.875,18.34,1,2.01,140.28,0.875
2010,12,3,-42.83,0.75,577.89,1,3.04,1,110,1,19.27,1,3,109.28,1
2010,12,4,NA,0.125,580.08,1,3.41,1,155.5,1,37,1,1.34,357.83,1
2010,12,5,-40.1,0.75,585.5,1,6.29,1,249.25,1,23.38,1,6.12,252.93,1
2010,12,6,-40.34,1,590.49,1,5.26,1,163.38,1,28.08,1,5.17,160.49,1
2010,12,7,-39.03,0.875,600.25,1,5,1,139.25,1,33.35,1,4.9,141.3,1
2010,12,8,-36.01,1,602.66,1,NA,0.375,90.5,1,47.51,1,NA,NA,0.375
2010,12,9,-28.73,0.875,599.2,1,5.53,1,42.5,1,56.9,1,5.4,44.55,1
2010,12,10,-26.72,0.75,599.2,1,4.85,1,69.5,1,54.74,1,4.32,25.34,1
2010,12,11,NA,0.625,597.04,1,3.26,1,236.5,1,38.06,1,2.53,238.12,1
2010,12,12,-32.76,0.875,593.16,1,4.65,1,140.62,1,34.69,1,4.48,139.83,1
2010,12,13,NA,0.5,592.05,1,3.35,1,150.5,1,45.98,1,2.12,356.08,1
2010,12,14,NA,0.625,594.06,1,3.01,1,218.62,1,32.48,1,2.71,219.7,1
2010,12,15,NA,0.25,595.75,1,1.61,1,200.5,1,21.68,1,1.48,196.3,1
2010,12,16,-31.51,0.875,596.99,1,3.3,1,258.38,1,31.31,1,3.23,257.66,1
2010,12,17,NA,0.625,599.79,1,3.75,1,235.25,1,34.9,1,3.71,235.34,1
2010,12,18,-28.57,0.75,597.76,1,3.62,1,180.5,1,34.3,1,3.52,181.02,1
2010,12,19,NA,0.375,595.46,1,2.34,0.875,108.25,1,29.58,1,1.93,105.06,0.875
2010,12,20,-28.53,0.75,595.5,1,3.05,1,66,1,45.98,1,2.88,21.05,1
2010,12,21,-26.45,0.75,597.25,1,3.17,1,171.5,1,46.48,1,2.89,348.52,1
2010,12,22,NA,0.375,597.84,1,1.59,1,207,1,27.61,1,1.25,240.13,1
2010,12,23,NA,0.5,598.22,1,2.47,0.875,324.71,0.875,38.76,1,2.24,318.28,0.875
2010,12,24,NA,0.625,598.81,1,2.6,1,268.75,1,36.19,1,2.51,269.8,1
2010,12,25,-27.43,0.875,598.94,1,3.67,1,272.88,1,39.77,1,3.63,272.01,1
2010,12,26,-27.55,0.75,598.95,1,2.82,1,255.25,1,36.74,1,2.71,256.79,1
2010,12,27,NA,0.25,598.08,1,2.17,0.875,154.86,0.875,35.99,1,1.86,357.79,0.875
2010,12,28,NA,0.5,597.2,1,3.02,1,345.25,1,44.64,1,2.97,345.46,1
2010,12,29,-26,0.75,595.31,1,3.94,1,328.38,1,53.25,1,3.87,327.02,1
2010,12,30,NA,0.375,592.62,1,2.28,1,329.75,1,41.06,1,2.17,327.53,1
2010,12,31,NA,0.5,590.06,1,2.49,1,325,1,43.94,1,2.33,322.48,1
2011,1,1,-30.9,0.75,589.68,1,3.5,1,289.88,1,46.65,1,3.37,289.98,1
2011,1,2,NA,0.625,591.51,1,3.35,1,254.12,1,30.44,1,3.3,252.44,1
2011,1,3,-30.82,0.75,591.11,1,3.38,1,248.62,1,32.09,1,3.33,247.62,1
2011,1,4,-31.9,0.875,591.51,1,4.12,1,253,1,33.69,1,4.1,252.29,1
2011,1,5,-30.67,0.75,591.12,1,3.5,1,265.62,1,36.81,1,3.4,264,1
2011,1,6,NA,0.625,593.84,1,3.45,1,273.38,1,37.58,1,3.39,272.98,1
2011,1,7,-30.19,1,595.76,1,4.88,1,261.62,1,41.98,1,4.83,261.6,1
2011,1,8,-29.23,0.75,594.29,1,4,1,240.38,1,39.41,1,3.98,239.58,1
2011,1,9,NA,0.375,593.39,1,2.29,1,242.88,1,27.72,1,2.25,243.87,1
2011,1,10,-30.03,0.875,593.98,1,3.25,1,254.25,1,32.23,1,3.23,254.29,1
2011,1,11,NA,0.125,593.62,1,1.99,0.875,127.86,0.875,30.98,1,1.33,98.92,0.875
2011,1,12,NA,0.5,593.01,1,2.75,1,252.12,1,42.79,1,2.3,328.39,1
2011,1,13,-31.58,0.75,593.69,1,3.61,1,246.38,1,35.51,1,3.46,243.75,1
2011,1,14,NA,0.5,595.29,1,2.98,1,258.88,1,37.55,1,2.8,258.2,1
2011,1,15,-32.2,1,597,1,4.71,1,294.88,1,54.11,1,4.62,296.16,1
2011,1,16,-32.31,0.875,599,1,4.84,1,308.62,1,56.26,1,4.75,307.82,1
2011,1,17,-32.51,1,599.41,1,5.71,1,307.75,1,57.09,1,5.65,308.03,1
2011,1,18,-32.6,0.75,597.55,1,3.65,1,268.38,1,40.69,1,3.51,270.41,1
2011,1,19,-34.33,0.75,597.5,1,3.83,1,187.62,1,35.14,1,3.74,185.58,1
2011,1,20,NA,0.25,598.55,1,2.31,1,222.75,1,29.08,1,2.19,224.03,1
2011,1,21,-31.97,0.875,596.18,1,3.1,1,235.12,1,34.96,1,3,233.95,1
2011,1,22,NA,0.5,591.88,1,3.2,1,253.62,1,35.79,1,3.06,257.05,1
2011,1,23,-32.98,0.75,590.54,1,2.78,1,213.62,1,36.59,1,2.45,213.76,1
2011,1,24,NA,0.625,591.7,1,3.08,1,237,1,38.26,1,3.01,235.67,1
2011,1,25,NA,0.5,594.72,1,2.12,1,172.75,1,40.6,1,1.41,184.02,1
2011,1,26,NA,0.25,596.16,1,1.66,1,118.75,1,47.83,1,1.04,10.9,1
2011,1,27,NA,0.25,597.32,1,2.49,1,283.12,1,39.56,1,2.25,316.71,1
2011,1,28,NA,0.5,598.36,1,3.75,1,286.25,1,54.58,1,3.69,285.77,1
2011,1,29,NA,0.5,598.89,1,3.09,1,242.75,1,47.51,1,3,243.69,1
2011,1,30,NA,0.125,597.24,1,1.56,0.875,161.71,0.875,39.46,1,0.53,324.43,0.875
2011,1,31,-29.27,0.75,595.04,1,3.41,0.875,80.5,1,60.24,1,3.04,35.98,0.875
2011,2,1,NA,0.125,591,1,1.97,0.875,124.86,0.875,40.65,1,1.79,24.97,0.875
2011,2,2,NA,0.25,588.32,1,3.08,1,196.88,1,45.8,1,1.73,336.39,1
2011,2,3,NA,0.375,590.9,1,3.12,1,292.38,1,48.51,1,3.09,293.96,1
2011,2,4,NA,0.25,590.35,1,2.17,0.875,116.86,0.875,45.8,1,1.43,15.14,0.875
2011,2,5,NA,0.5,588.75,1,2.18,0.75,100.62,1,47.6,1,2.08,73.35,0.75
2011,2,6,NA,0.125,589.88,1,2.89,0.875,336.88,1,42.58,1,2.69,329.6,0.875
2011,2,7,-38.92,0.75,590.44,1,3.2,1,281.75,1,49.25,1,3.12,280.91,1
2011,2,8,NA,0.625,590.09,1,3.35,1,224.75,1,40.34,1,3.11,224.65,1
2011,2,9,-40.2,0.75,590.49,1,2.75,1,180.38,1,39.97,1,2.64,179.5,1
2011,2,10,-40.05,0.75,588.51,1,3.95,1,258.25,1,43.15,1,3.9,259.94,1
2011,2,11,NA,0.625,584.68,1,3.36,1,188.5,1,36.56,1,1.69,193.54,1
2011,2,12,-45.26,0.875,587.74,1,4,1,114.75,1,36.69,1,3.98,114.61,1
2011,2,13,NA,0.125,591.79,1,2.66,1,178.88,1,40.04,1,1.65,318.33,1
2011,2,14,NA,0.625,588.34,1,7.24,0.875,261.25,1,49.8,1,6.86,260.71,0.875
2011,2,15,-42.65,0.75,590.81,1,5.89,1,215.75,1,43.86,1,5.67,213.99,1
2011,2,16,NA,0.625,591.56,1,5.65,1,252.5,1,49.65,1,5.57,251.97,1
2011,2,17,NA,0.5,588.6,1,4.26,1,237.12,1,48.84,1,4.16,238.31,1
2011,2,18,NA,0.375,587.69,1,3.12,1,127.62,1,42.64,1,2.14,121.79,1
2011,2,19,NA,0.25,592.02,1,2.17,1,128.75,1,53.55,1,1.8,1.52,1
2011,2,20,NA,0.5,590.89,1,4.85,1,294.38,1,55.04,1,4.48,291.88,1
2011,2,21,NA,0.5,588.28,1,5.01,1,226.12,1,47.48,1,4.6,227.01,1
2011,2,22,-46.49,0.875,NA,0.625,6.45,1,126.75,1,43.5,1,6.11,123.53,1
2011,2,23,NA,0.625,585.33,0.75,4.18,1,66,1,49.05,1,4.03,66.51,1
2011,2,24,NA,0.5,582.07,0.75,2.46,1,52.5,1,45.88,1,2.34,55.74,1
2011,2,25,-46.2,0.75,579.09,1,4.55,1,132.38,1,46.48,1,4.49,134.96,1
2011,2,26,NA,0.25,NA,0.5,NA,0.5,NA,0.5,NA,0.5,NA,NA,0.5
2011,2,27,NA,0.5,578.22,0.75,4.83,0.875,329.86,0.875,48.27,0.875,4.75,328.48,0.875
2011,2,28,NA,0.25,579.1,0.75,2.73,0.75,242.5,0.75,54.7,0.75,2.15,267.59,0.75
2011,3,1,NA,0.25,NA,0.5,NA,0.375,NA,0.375,NA,0.375,NA,NA,0.375
2011,3,2,NA,0.5,NA,0.5,NA,0.5,NA,0.5,NA,0.5,NA,NA,0.5
2011,3,3,NA,0.375,NA,0.625,NA,0.625,NA,0.625,NA,0.625,NA,NA,0.625
2011,3,4,NA,0.5,NA,0.375,NA,0.5,NA,0.5,NA,0.5,NA,NA,0.5
2011,3,5,NA,0,NA,0,NA,0,NA,0,NA,0,NA,NA,0
2011,3,6,NA,0.625,NA,0.625,NA,0.625,NA,0.625,NA,0.625,NA,NA,0.625
2011,3,7,NA,0.5,NA,0.5,NA,0.5,NA,0.5,NA,0.5,NA,NA,0.5
2011,3,8,NA,0.375,NA,0.5,NA,0.5,NA,0.5,NA,0.5,NA,NA,0.5
2011,3,9,NA,0.375,NA,0.375,NA,0.375,NA,0.375,NA,0.375,NA,NA,0.375
2011,3,10,NA,0.5,NA,0.625,NA,0.625,NA,0.625,NA,0.625,NA,NA,0.625
2011,3,11,NA,0.5,NA,0.625,NA,0.625,NA,0.625,NA,0.625,NA,NA,0.625
2011,3,12,NA,0,NA,0,NA,0,NA,0,NA,0,NA,NA,0
2011,3,13,NA,0.125,NA,0.125,NA,0.125,NA,0.125,NA,0.125,NA,NA,0.125
2011,3,14,NA,0.25,NA,0.125,NA,0.25,NA,0.25,NA,0.25,NA,NA,0.25
2011,3,15,NA,0.375,NA,0.5,NA,0.5,NA,0.5,NA,0.5,NA,NA,0.5
2011,3,16,NA,0.375,NA,0.375,NA,0.375,NA,0.375,NA,0.375,NA,NA,0.375
2011,3,17,NA,0.25,NA,0.5,NA,0.5,NA,0.5,NA,0.5,NA,NA,0.5
2011,3,18,NA,0,NA,0,NA,0,NA,0,NA,0,NA,NA,0
2011,3,19,NA,0.375,587.03,0.875,2.67,0.75,169.5,0.75,55.31,0.875,0.29,110.5,0.75
2011,3,20,NA,0.5,NA,0.5,NA,0.5,NA,0.5,NA,0.5,NA,NA,0.5
2011,3,21,NA,0.25,NA,0.5,NA,0.5,NA,0.5,NA,0.5,NA,NA,0.5
2011,3,22,NA,0.375,NA,0.375,NA,0.375,NA,0.375,NA,0.375,NA,NA,0.375
2011,3,23,NA,0.5,NA,0.5,NA,0.5,NA,0.5,NA,0.5,NA,NA,0.5
2011,3,24,NA,0.5,NA,0.5,NA,0.5,NA,0.5,NA,0.5,NA,NA,0.5
2011,3,25,NA,0,NA,0,NA,0,NA,0,NA,0,NA,NA,0
2011,3,26,NA,0,NA,0,NA,0,NA,0,NA,0,NA,NA,0
2011,3,27,NA,0,NA,0,NA,0,NA,0,NA,0,NA,NA,0
2011,3,28,NA,0.375,NA,0.375,NA,0.375,NA,0.375,NA,0.375,NA,NA,0.375
2011,3,29,NA,0.375,NA,0.375,NA,0.375,NA,0.375,NA,0.375,NA,NA,0.375
2011,3,30,NA,0,NA,0,NA,0,NA,0,NA,0,NA,NA,0
2011,3,31,NA,0,NA,0,NA,0,NA,0,NA,0,NA,NA,0
2011,4,1,NA,0,NA,0,NA,0,NA,0,NA,0,NA,NA,0
2011,4,2,NA,0,NA,0,NA,0,NA,0,NA,0,NA,NA,0
2011,4,3,NA,0,NA,0,NA,0,NA,0,NA,0,NA,NA,0
2011,4,4,NA,0,NA,0,NA,0,NA,0,NA,0,NA,NA,0
2011,4,5,NA,0,NA,0,NA,0,NA,0,NA,0,NA,NA,0
2011,4,6,NA,0,NA,0,NA,0,NA,0,NA,0,NA,NA,0
2011,4,7,NA,0,NA,0,NA,0,NA,0,NA,0,NA,NA,0
2011,4,8,NA,0.125,NA,0.125,NA,0.125,NA,0.125,NA,0.125,NA,NA,0.125
2011,4,9,-54.46,1,582.48,1,7.57,1,271.12,1,42.55,1,7.57,271.16,1
2011,4,10,NA,0.25,NA,0.25,NA,0.25,NA,0.25,NA,0.25,NA,NA,0.25
2011,4,11,NA,0.125,NA,0.125,NA,0.125,NA,0.125,NA,0.125,NA,NA,0.125
2011,4,12,NA,0,NA,0,NA,0,NA,0,NA,0,NA,NA,0
2011,4,13,NA,0,NA,0,NA,0,NA,0,NA,0,NA,NA,0
2011,4,14,NA,0.25,NA,0.25,NA,0.375,NA,0.375,NA,0.25,NA,NA,0.375
2011,4,15,NA,0.125,NA,0.125,NA,0.125,NA,0.125,NA,0.125,NA,NA,0.125
2011,4,16,NA,0.25,NA,0.25,NA,0.25,NA,0.25,NA,0.25,NA,NA,0.25
2011,4,17,NA,0.125,NA,0.25,NA,0.25,NA,0.25,NA,0.25,NA,NA,0.25
2011,4,18,NA,0.125,NA,0.125,NA,0.125,NA,0.125,NA,0.125,NA,NA,0.125
2011,4,19,NA,0,NA,0,NA,0.125,NA,0.125,NA,0,NA,NA,0.125
2011,4,20,NA,0,NA,0,NA,0,NA,0,NA,0,NA,NA,0
2011,4,21,NA,0.125,NA,0.125,NA,0.125,NA,0.125,NA,0.125,NA,NA,0.125
2011,4,22,NA,0,NA,0,NA,0,NA,0,NA,0,NA,NA,0
2011,4,23,NA,0,NA,0,NA,0,NA,0,NA,0,NA,NA,0
2011,4,24,NA,0,NA,0,NA,0,NA,0,NA,0,NA,NA,0
2011,4,25,NA,0.125,NA,0.125,NA,0.125,NA,0.125,NA,0.125,NA,NA,0.125
2011,4,26,NA,0,NA,0,NA,0,NA,0,NA,0,NA,NA,0
2011,4,27,NA,0,NA,0,NA,0,NA,0,NA,0,NA,NA,0
2011,4,28,NA,0,NA,0,NA,0,NA,0,NA,0,NA,NA,0
2011,4,29,NA,0,NA,0,NA,0,NA,0,NA,0,NA,NA,0
2011,4,30,NA,0,NA,0,NA,0,NA,0,NA,0,NA,NA,0
2011,5,1,NA,0,NA,0,NA,0,NA,0,NA,0,NA,NA,0
2011,5,2,NA,0,NA,0,NA,0,NA,0,NA,0,NA,NA,0
2011,5,3,NA,0,NA,0,NA,0,NA,0,NA,0,NA,NA,0
2011,5,4,NA,0,NA,0,NA,0,NA,0,NA,0,NA,NA,0
2011,5,5,NA,0,NA,0,NA,0,NA,0,NA,0,NA,NA,0
2011,5,6,NA,0,NA,0,NA,0,NA,0,NA,0,NA,NA,0
2011,5,7,NA,0,NA,0,NA,0,NA,0,NA,0,NA,NA,0
2011,5,8,NA,0,NA,0,NA,0,NA,0,NA,0,NA,NA,0
2011,5,9,NA,0,NA,0,NA,0,NA,0,NA,0,NA,NA,0
2011,5,10,NA,0,NA,0,NA,0,NA,0,NA,0,NA,NA,0
2011,5,11,NA,0,NA,0,NA,0,NA,0,NA,0,NA,NA,0
2011,5,12,NA,0,NA,0,NA,0,NA,0,NA,0,NA,NA,0
2011,5,13,NA,0,NA,0,NA,0,NA,0,NA,0,NA,NA,0
2011,5,14,NA,0,NA,0,NA,0,NA,0,NA,0,NA,NA,0
2011,5,15,NA,0,NA,0,NA,0,NA,0,NA,0,NA,NA,0
2011,5,16,NA,0,NA,0,NA,0,NA,0,NA,0,NA,NA,0
2011,5,17,NA,0,NA,0,NA,0,NA,0,NA,0,NA,NA,0
2011,5,18,NA,0,NA,0,NA,0,NA,0,NA,0,NA,NA,0
2011,5,19,NA,0,NA,0,NA,0,NA,0,NA,0,NA,NA,0
2011,5,20,NA,0,NA,0,NA,0,NA,0,NA,0,NA,NA,0
2011,5,21,NA,0,NA,0,NA,0,NA,0,NA,0,NA,NA,0
2011,5,22,NA,0,NA,0,NA,0,NA,0,NA,0,NA,NA,0
2011,5,23,NA,0,NA,0,NA,0,NA,0,NA,0,NA,NA,0
2011,5,24,NA,0,NA,0,NA,0,NA,0,NA,0,NA,NA,0
2011,5,25,NA,0,NA,0,NA,0,NA,0,NA,0,NA,NA,0
2011,5,26,NA,0,NA,0,NA,0,NA,0,NA,0,NA,NA,0
2011,5,27,NA,0,NA,0,NA,0,NA,0,NA,0,NA,NA,0
2011,5,28,NA,0,NA,0,NA,0,NA,0,NA,0,NA,NA,0
2011,5,29,NA,0,NA,0,NA,0,NA,0,NA,0,NA,NA,0
2011,5,30,NA,0,NA,0,NA,0,NA,0,NA,0,NA,NA,0
2011,5,31,NA,0,NA,0,NA,0,NA,0,NA,0,NA,NA,0
2011,6,1,NA,0,NA,0,NA,0,NA,0,NA,0,NA,NA,0
2011,6,2,NA,0,NA,0,NA,0,NA,0,NA,0,NA,NA,0
2011,6,3,NA,0,NA,0,NA,0,NA,0,NA,0,NA,NA,0
2011,6,4,NA,0,NA,0,NA,0,NA,0,NA,0,NA,NA,0
2011,6,5,NA,0,NA,0,NA,0,NA,0,NA,0,NA,NA,0
2011,6,6,NA,0,NA,0,NA,0,NA,0,NA,0,NA,NA,0
2011,6,7,NA,0,NA,0,NA,0,NA,0,NA,0,NA,NA,0
2011,6,8,NA,0,NA,0,NA,0,NA,0,NA,0,NA,NA,0
2011,6,9,NA,0,NA,0,NA,0,NA,0,NA,0,NA,NA,0
2011,6,10,NA,0,NA,0,NA,0,NA,0,NA,0,NA,NA,0
2011,6,11,NA,0,NA,0,NA,0,NA,0,NA,0,NA,NA,0
2011,6,12,NA,0,NA,0,NA,0,NA,0,NA,0,NA,NA,0
2011,6,13,NA,0,NA,0,NA,0,NA,0,NA,0,NA,NA,0
2011,6,14,NA,0,NA,0,NA,0,NA,0,NA,0,NA,NA,0
2011,6,15,NA,0,NA,0,NA,0,NA,0,NA,0,NA,NA,0
2011,6,16,NA,0,NA,0,NA,0,NA,0,NA,0,NA,NA,0
2011,6,17,NA,0,NA,0,NA,0,NA,0,NA,0,NA,NA,0
2011,6,18,NA,0,NA,0,NA,0,NA,0,NA,0,NA,NA,0
2011,6,19,NA,0,NA,0,NA,0,NA,0,NA,0,NA,NA,0
2011,6,20,NA,0,NA,0,NA,0,NA,0,NA,0,NA,NA,0
2011,6,21,NA,0,NA,0,NA,0,NA,0,NA,0,NA,NA,0
2011,6,22,NA,0,NA,0,NA,0,NA,0,NA,0,NA,NA,0
2011,6,23,NA,0,NA,0,NA,0,NA,0,NA,0,NA,NA,0
2011,6,24,NA,0,NA,0,NA,0,NA,0,NA,0,NA,NA,0
2011,6,25,NA,0,NA,0,NA,0,NA,0,NA,0,NA,NA,0
2011,6,26,NA,0,NA,0,NA,0,NA,0,NA,0,NA,NA,0
2011,6,27,NA,0,NA,0,NA,0,NA,0,NA,0,NA,NA,0
2011,6,28,NA,0,NA,0,NA,0,NA,0,NA,0,NA,NA,0
2011,6,29,NA,0,NA,0,NA,0,NA,0,NA,0,NA,NA,0
2011,6,30,NA,0,NA,0,NA,0,NA,0,NA,0,NA,NA,0
2011,7,1,NA,0,NA,0,NA,0,NA,0,NA,0,NA,NA,0
2011,7,2,NA,0,NA,0,NA,0,NA,0,NA,0,NA,NA,0
2011,7,3,NA,0,NA,0,NA,0,NA,0,NA,0,NA,NA,0
2011,7,4,NA,0,NA,0,NA,0,NA,0,NA,0,NA,NA,0
2011,7,5,NA,0,NA,0,NA,0,NA,0,NA,0,NA,NA,0
2011,7,6,NA,0,NA,0,NA,0,NA,0,NA,0,NA,NA,0
2011,7,7,NA,0,NA,0,NA,0,NA,0,NA,0,NA,NA,0
2011,7,8,NA,0,NA,0,NA,0,NA,0,NA,0,NA,NA,0
2011,7,9,NA,0,NA,0,NA,0,NA,0,NA,0,NA,NA,0
2011,7,10,NA,0,NA,0,NA,0,NA,0,NA,0,NA,NA,0
2011,7,11,NA,0,NA,0,NA,0,NA,0,NA,0,NA,NA,0
2011,7,12,NA,0,NA,0,NA,0,NA,0,NA,0,NA,NA,0
2011,7,13,NA,0,NA,0,NA,0,NA,0,NA,0,NA,NA,0
2011,7,14,NA,0,NA,0,NA,0,NA,0,NA,0,NA,NA,0
2011,7,15,NA,0,NA,0,NA,0,NA,0,NA,0,NA,NA,0
2011,7,16,NA,0,NA,0,NA,0,NA,0,NA,0,NA,NA,0
2011,7,17,NA,0,NA,0,NA,0,NA,0,NA,0,NA,NA,0
2011,7,18,NA,0,NA,0,NA,0,NA,0,NA,0,NA,NA,0
2011,7,19,NA,0,NA,0,NA,0,NA,0,NA,0,NA,NA,0
2011,7,20,NA,0,NA,0,NA,0,NA,0,NA,0,NA,NA,0
2011,7,21,NA,0,NA,0,NA,0,NA,0,NA,0,NA,NA,0
2011,7,22,NA,0,NA,0,NA,0,NA,0,NA,0,NA,NA,0
2011,7,23,NA,0,NA,0,NA,0,NA,0,NA,0,NA,NA,0
2011,7,24,NA,0,NA,0,NA,0,NA,0,NA,0,NA,NA,0
2011,7,25,NA,0,NA,0,NA,0,NA,0,NA,0,NA,NA,0
2011,7,26,NA,0,NA,0,NA,0,NA,0,NA,0,NA,NA,0
2011,7,27,NA,0,NA,0,NA,0,NA,0,NA,0,NA,NA,0
2011,7,28,NA,0,NA,0,NA,0,NA,0,NA,0,NA,NA,0
2011,7,29,NA,0,NA,0,NA,0,NA,0,NA,0,NA,NA,0
2011,7,30,NA,0,NA,0,NA,0,NA,0,NA,0,NA,NA,0
2011,7,31,NA,0,NA,0,NA,0,NA,0,NA,0,NA,NA,0
2011,8,1,NA,0,NA,0,NA,0,NA,0,NA,0,NA,NA,0
2011,8,2,NA,0,NA,0,NA,0,NA,0,NA,0,NA,NA,0
2011,8,3,NA,0,NA,0,NA,0,NA,0,NA,0,NA,NA,0
2011,8,4,NA,0,NA,0,NA,0,NA,0,NA,0,NA,NA,0
2011,8,5,NA,0,NA,0,NA,0,NA,0,NA,0,NA,NA,0
2011,8,6,NA,0,NA,0,NA,0,NA,0,NA,0,NA,NA,0
2011,8,7,NA,0,NA,0,NA,0,NA,0,NA,0,NA,NA,0
2011,8,8,NA,0,NA,0,NA,0,NA,0,NA,0,NA,NA,0
2011,8,9,NA,0,NA,0,NA,0,NA,0,NA,0,NA,NA,0
2011,8,10,NA,0,NA,0,NA,0,NA,0,NA,0,NA,NA,0
2011,8,11,NA,0,NA,0,NA,0,NA,0,NA,0,NA,NA,0
2011,8,12,NA,0,NA,0,NA,0,NA,0,NA,0,NA,NA,0
2011,8,13,NA,0,NA,0,NA,0,NA,0,NA,0,NA,NA,0
2011,8,14,NA,0,NA,0,NA,0,NA,0,NA,0,NA,NA,0
2011,8,15,NA,0,NA,0,NA,0,NA,0,NA,0,NA,NA,0
2011,8,16,NA,0,NA,0,NA,0,NA,0,NA,0,NA,NA,0
2011,8,17,NA,0,NA,0,NA,0,NA,0,NA,0,NA,NA,0
2011,8,18,NA,0,NA,0,NA,0,NA,0,NA,0,NA,NA,0
2011,8,19,NA,0,NA,0,NA,0,NA,0,NA,0,NA,NA,0
2011,8,20,NA,0,NA,0,NA,0,NA,0,NA,0,NA,NA,0
2011,8,21,NA,0,NA,0,NA,0,NA,0,NA,0,NA,NA,0
2011,8,22,NA,0,NA,0,NA,0,NA,0,NA,0,NA,NA,0
2011,8,23,NA,0,NA,0,NA,0,NA,0,NA,0,NA,NA,0
2011,8,24,NA,0,NA,0,NA,0,NA,0,NA,0,NA,NA,0
2011,8,25,NA,0,NA,0,NA,0,NA,0,NA,0,NA,NA,0
2011,8,26,NA,0,NA,0,NA,0,NA,0,NA,0,NA,NA,0
2011,8,27,NA,0,NA,0,NA,0,NA,0,NA,0,NA,NA,0
2011,8,28,NA,0,NA,0,NA,0,NA,0,NA,0,NA,NA,0
2011,8,29,NA,0,NA,0,NA,0,NA,0,NA,0,NA,NA,0
2011,8,30,NA,0,NA,0,NA,0,NA,0,NA,0,NA,NA,0
2011,8,31,NA,0,NA,0,NA,0,NA,0,NA,0,NA,NA,0
2011,9,1,NA,0,NA,0,NA,0,NA,0,NA,0,NA,NA,0
2011,9,2,NA,0,NA,0,NA,0,NA,0,NA,0,NA,NA,0
2011,9,3,NA,0,NA,0,NA,0,NA,0,NA,0,NA,NA,0
2011,9,4,NA,0,NA,0,NA,0,NA,0,NA,0,NA,NA,0
2011,9,5,NA,0,NA,0,NA,0,NA,0,NA,0,NA,NA,0
2011,9,6,NA,0,NA,0,NA,0,NA,0,NA,0,NA,NA,0
2011,9,7,NA,0,NA,0,NA,0,NA,0,NA,0,NA,NA,0
2011,9,8,NA,0,NA,0,NA,0,NA,0,NA,0,NA,NA,0
2011,9,9,NA,0,NA,0,NA,0,NA,0,NA,0,NA,NA,0
2011,9,10,NA,0,NA,0,NA,0,NA,0,NA,0,NA,NA,0
2011,9,11,NA,0,NA,0,NA,0,NA,0,NA,0,NA,NA,0
2011,9,12,NA,0,NA,0,NA,0,NA,0,NA,0,NA,NA,0
2011,9,13,NA,0,NA,0,NA,0,NA,0,NA,0,NA,NA,0
2011,9,14,NA,0,NA,0,NA,0,NA,0,NA,0,NA,NA,0
2011,9,15,NA,0,NA,0,NA,0,NA,0,NA,0,NA,NA,0
2011,9,16,NA,0,NA,0,NA,0,NA,0,NA,0,NA,NA,0
2011,9,17,NA,0,NA,0,NA,0,NA,0,NA,0,NA,NA,0
2011,9,18,NA,0,NA,0,NA,0,NA,0,NA,0,NA,NA,0
2011,9,19,NA,0,NA,0,NA,0,NA,0,NA,0,NA,NA,0
2011,9,20,NA,0,NA,0,NA,0,NA,0,NA,0,NA,NA,0
2011,9,21,NA,0,NA,0,NA,0,NA,0,NA,0,NA,NA,0
2011,9,22,NA,0,NA,0,NA,0,NA,0,NA,0,NA,NA,0
2011,9,23,NA,0,NA,0,NA,0,NA,0,NA,0,NA,NA,0
2011,9,24,NA,0,NA,0,NA,0,NA,0,NA,0,NA,NA,0
2011,9,25,NA,0,NA,0,NA,0,NA,0,NA,0,NA,NA,0
2011,9,26,NA,0,NA,0,NA,0,NA,0,NA,0,NA,NA,0
2011,9,27,NA,0,NA,0,NA,0,NA,0,NA,0,NA,NA,0
2011,9,28,NA,0,NA,0,NA,0,NA,0,NA,0,NA,NA,0
2011,9,29,NA,0,NA,0,NA,0,NA,0,NA,0,NA,NA,0
2011,9,30,NA,0,NA,0,NA,0,NA,0,NA,0,NA,NA,0
2011,10,1,NA,0,NA,0,NA,0,NA,0,NA,0,NA,NA,0
2011,10,2,NA,0,NA,0,NA,0,NA,0,NA,0,NA,NA,0
2011,10,3,NA,0,NA,0,NA,0,NA,0,NA,0,NA,NA,0
2011,10,4,NA,0,NA,0,NA,0,NA,0,NA,0,NA,NA,0
2011,10,5,NA,0.125,NA,0.125,NA,0.125,NA,0.125,NA,0.125,NA,NA,0.125
2011,10,6,NA,0.25,NA,0.375,NA,0.375,NA,0.375,NA,0.375,NA,NA,0.375
2011,10,7,NA,0.375,NA,0.375,NA,0.375,NA,0.375,NA,0.375,NA,NA,0.375
2011,10,8,NA,0,NA,0,NA,0,NA,0,NA,0,NA,NA,0
2011,10,9,NA,0.375,NA,0.375,NA,0.375,NA,0.375,NA,0.375,NA,NA,0.375
2011,10,10,NA,0.125,NA,0.375,NA,0.375,NA,0.375,NA,0.375,NA,NA,0.375
2011,10,11,NA,0.375,NA,0.375,NA,0.375,NA,0.375,NA,0.375,NA,NA,0.375
2011,10,12,NA,0.375,NA,0.375,NA,0.375,NA,0.375,NA,0.375,NA,NA,0.375
2011,10,13,NA,0.25,NA,0.25,NA,0.25,NA,0.25,NA,0.25,NA,NA,0.25
2011,10,14,NA,0.25,NA,0.375,NA,0.375,NA,0.375,NA,0.375,NA,NA,0.375
2011,10,15,NA,0.375,NA,0.375,NA,0.375,NA,0.375,NA,0.375,NA,NA,0.375
2011,10,16,NA,0.25,NA,0.375,NA,0.375,NA,0.375,NA,0.375,NA,NA,0.375
2011,10,17,NA,0.25,NA,0.375,NA,0.375,NA,0.375,NA,0.375,NA,NA,0.375
2011,10,18,NA,0.125,NA,0.375,NA,0.375,NA,0.375,NA,0.375,NA,NA,0.375
2011,10,19,NA,0.25,NA,0.375,NA,0.375,NA,0.375,NA,0.375,NA,NA,0.375
2011,10,20,NA,0,NA,0,NA,0,NA,0,NA,0,NA,NA,0
2011,10,21,NA,0.125,NA,0.125,NA,0.125,NA,0.125,NA,0.125,NA,NA,0.125
2011,10,22,NA,0.125,NA,0.375,NA,0.375,NA,0.375,NA,0.375,NA,NA,0.375
2011,10,23,NA,0.25,NA,0.375,NA,0.375,NA,0.375,NA,0.375,NA,NA,0.375
2011,10,24,NA,0.375,NA,0.375,NA,0.375,NA,0.375,NA,0.375,NA,NA,0.375
2011,10,25,NA,0.125,NA,0.375,NA,0.375,NA,0.375,NA,0.375,NA,NA,0.375
2011,10,26,NA,0.375,NA,0.375,NA,0.375,NA,0.375,NA,0.375,NA,NA,0.375
2011,10,27,NA,0.25,NA,0.375,NA,0.375,NA,0.375,NA,0.375,NA,NA,0.375
2011,10,28,NA,0.125,NA,0.375,NA,0.375,NA,0.375,NA,0.375,NA,NA,0.375
2011,10,29,NA,0.375,NA,0.375,NA,0.375,NA,0.375,NA,0.375,NA,NA,0.375
2011,10,30,NA,0.25,NA,0.375,NA,0.375,NA,0.375,NA,0.375,NA,NA,0.375
2011,10,31,NA,0.25,NA,0.375,NA,0.375,NA,0.375,NA,0.375,NA,NA,0.375
2011,11,1,NA,0.25,NA,0.375,NA,0.375,NA,0.375,NA,0.375,NA,NA,0.375
2011,11,2,NA,0.25,NA,0.375,NA,0.375,NA,0.375,NA,0.375,NA,NA,0.375
2011,11,3,NA,0.125,NA,0.375,NA,0.375,NA,0.375,NA,0.375,NA,NA,0.375
2011,11,4,NA,0.25,NA,0.25,NA,0.375,NA,0.375,NA,0.375,NA,NA,0.375
2011,11,5,NA,0.25,NA,0.125,NA,0.375,NA,0.375,NA,0.375,NA,NA,0.375
2011,11,6,NA,0.25,NA,0.375,NA,0.375,NA,0.375,NA,0.375,NA,NA,0.375
2011,11,7,NA,0.25,NA,0.375,NA,0.375,NA,0.375,NA,0.375,NA,NA,0.375
2011,11,8,NA,0.5,NA,0.5,NA,0.5,NA,0.5,NA,0.5,NA,NA,0.5
2011,11,9,NA,0.5,NA,0.5,NA,0.5,NA,0.5,NA,0.5,NA,NA,0.5
2011,11,10,NA,0.625,593.85,1,4.54,1,257.12,1,35.71,1,4.53,257.08,1
2011,11,11,NA,0.625,590.99,1,4.58,1,223.88,1,29.11,1,4.49,222.44,1
2011,11,12,-41.77,0.75,594.55,1,4.79,0.875,197.57,0.875,37.21,1,4.75,196.79,0.875
2011,11,13,NA,0.5,598.24,1,4.58,1,177,1,35.51,1,4.5,176.6,1
2011,11,14,-41.43,0.875,596.7,1,5.19,1,136.12,1,37.86,1,5.08,134.32,1
2011,11,15,NA,0.625,592.89,1,5.82,1,119.62,1,43.06,1,4.88,27.99,1
2011,11,16,NA,0.625,589.95,1,7.4,1,321,1,49.96,1,7.29,321.43,1
2011,11,17,NA,0.625,589.49,1,4.46,1,270,1,42.42,1,4.35,271.34,1
2011,11,18,NA,0.625,591.24,1,2.8,1,284.5,1,44.65,1,2.73,283.5,1
2011,11,19,-34.63,0.75,591.26,1,1.6,0.875,146.29,0.875,35.1,1,0.87,340.84,0.875
2011,11,20,NA,0.625,590.42,1,2.93,0.875,289,0.875,40.95,1,2.68,325.4,0.875
2011,11,21,NA,0.5,590.32,1,3.38,1,264.12,1,38.25,1,3.29,262.73,1
2011,11,22,NA,0.5,592.02,1,4.16,1,282.25,1,40.08,1,3.93,283.57,1
2011,11,23,-35.43,0.75,593.58,1,6.29,1,309.5,1,54.52,1,6.18,311.87,1
2011,11,24,-31.73,0.875,595.34,1,7.03,1,297,1,56.01,1,6.9,299.2,1
2011,11,25,NA,0.5,596.05,1,2.04,1,248,1,34.85,1,1.64,339.75,1
2011,11,26,NA,0.625,594.25,1,2.45,1,31,1,38.09,1,2.34,27.68,1
2011,11,27,NA,0.5,591.38,1,2.28,1,43.88,1,41.38,1,2.16,48.17,1
2011,11,28,-32.2,0.75,586.51,1,2.84,1,70,1,30.5,1,2.67,23.54,1
2011,11,29,NA,0.5,584.02,1,2.59,0.875,106.57,0.875,34.24,1,2.5,3.21,0.875
2011,11,30,NA,0.5,580.98,1,3.5,1,57.38,1,33.31,1,3.44,12.92,1
2011,12,1,NA,0.375,579.29,1,4,1,142.12,1,39.81,1,3.92,6.2,1
2011,12,2,NA,0.5,581.3,1,4.14,1,340.25,1,43.46,1,4.05,338.69,1
2011,12,3,NA,0.5,581.16,1,2.74,1,114.88,1,37.86,1,2.45,27.73,1
2011,12,4,NA,0.625,579.24,1,2.81,1,46.75,1,42.06,1,2.64,48.44,1
2011,12,5,NA,0.375,578.55,1,2.46,1,76.88,1,39.25,1,2.29,31.36,1
2011,12,6,NA,0.625,576.24,1,2.52,1,52.5,1,40.11,1,2.44,49.83,1
2011,12,7,NA,0.5,576,1,3.14,1,76.75,1,42.85,1,2.97,76.91,1
2011,12,8,-37.09,0.875,576.69,1,3.52,1,68.62,1,41.35,1,3.29,68.06,1
2011,12,9,NA,0.5,575.82,1,2.91,1,105.25,1,37.71,1,2.76,13.66,1
2011,12,10,NA,0.375,577.26,1,2.99,1,310.62,1,40.99,1,2.77,306.07,1
2011,12,11,NA,0.375,578.75,1,1.77,1,205.38,1,25.58,1,1.05,194.99,1
2011,12,12,NA,0.625,579.16,1,2.11,1,103.75,1,36.42,1,1.89,102.18,1
2011,12,13,NA,0.25,577.41,1,2,1,81.38,1,39.99,1,1.61,24.9,1
2011,12,14,-33.43,0.75,577.84,1,2.39,1,285.12,1,34.44,1,2.05,280.71,1
2011,12,15,NA,0.5,581.71,1,2.75,1,228.5,1,29.79,1,2.71,228.16,1
2011,12,16,-34.77,0.75,586.69,1,4.65,1,255.25,1,36.29,1,4.43,256.53,1
2011,12,17,NA,0.625,590.34,1,7.85,1,246.12,1,43.94,1,7.61,245.59,1
2011,12,18,NA,0.5,591.62,1,8.28,1,256.88,1,58.69,1,7.69,254.63,1
2011,12,19,-20.23,1,593.21,1,NA,0.625,237.5,1,59.56,1,NA,NA,0.625
2011,12,20,-26.46,1,588.94,1,NA,0.625,216.88,1,48.39,1,NA,NA,0.625
2011,12,21,-28.07,0.875,589,1,4.4,1,170,1,37,1,4.31,169.45,1
2011,12,22,-28.91,0.875,590.88,1,4.59,1,172.5,1,37.66,1,4.33,171.17,1
2011,12,23,-26.6,1,590.71,1,6.89,1,186,1,45.98,1,6.82,186.05,1
2011,12,24,-27.43,0.875,583.57,0.875,NA,0.625,134.25,1,47.35,1,NA,NA,0.625
2011,12,25,-30.11,1,587.15,1,6.73,0.875,337.75,1,53.39,1,6.58,337.76,0.875
2011,12,26,-28.63,0.75,589.89,1,5.65,1,347.75,1,49.19,1,5.62,347.66,1
2011,12,27,-29.41,0.875,589.02,1,5.91,1,344.5,1,52.16,1,5.9,344.14,1
2011,12,28,-29.27,0.75,589.79,1,6.06,1,329.12,1,54.11,1,6.03,328.31,1
2011,12,29,NA,0.625,590.39,1,2.48,1,181.62,1,39.67,1,2.16,359.18,1
2011,12,30,-30.64,1,588.16,1,4.77,0.75,83.75,1,53.25,1,4.46,83.6,0.75
2011,12,31,-30.21,1,586.38,1,5.94,1,250,1,46.41,1,5.22,244.79,1
2012,1,1,-29.9,0.75,586.96,1,4.32,1,127.75,1,34.56,1,3.83,129.24,1
2012,1,2,NA,0.5,587.26,1,3,1,109.12,1,42.64,1,2.51,11.03,1
2012,1,3,-31.27,0.75,587.26,1,4.47,1,302.5,1,53.25,1,4.34,301.97,1
2012,1,4,-34.46,1,589.95,1,6.12,1,264.62,1,39.25,1,6.08,263.66,1
2012,1,5,-33.25,1,591.48,1,5.45,1,268,1,42.24,1,5.17,267.09,1
2012,1,6,-30.46,1,589.52,1,6.48,1,276.62,1,52.23,1,6.42,276.1,1
2012,1,7,-29.08,0.75,586.15,1,4.45,1,256,1,35.74,1,4.42,256.04,1
2012,1,8,-30.47,0.75,585.26,1,3.35,1,252.62,1,32.27,1,3.31,252.83,1
2012,1,9,NA,0.625,587.84,1,3.92,1,263.25,1,39.15,1,3.85,263.6,1
2012,1,10,NA,0.625,588.91,1,3.52,1,244.62,1,34.85,1,3.4,245.17,1
2012,1,11,NA,0.625,586.31,1,3.22,1,162.75,1,37.42,1,2.97,161.72,1
2012,1,12,NA,0.5,584.4,1,2.81,1,90.62,1,42.99,1,2.69,84.91,1
2012,1,13,NA,0.5,584.84,1,4.25,1,180.75,1,53.05,1,3.32,0.69,1
2012,1,14,NA,0.375,585.25,1,1.98,1,244.62,1,38.09,1,1,304.17,1
2012,1,15,NA,0.625,584.16,1,3.7,1,83.5,1,52.51,1,3.57,82.2,1
2012,1,16,NA,0.625,583.51,1,3.88,1,169.12,1,46.9,1,2.94,27.13,1
2012,1,17,-32.2,0.875,584.41,1,3.67,1,317.5,1,53.25,1,3.63,316.53,1
2012,1,18,NA,0.375,585.92,1,2.16,1,279.62,1,41,1,1.94,320.64,1
2012,1,19,NA,0.25,585.72,1,2.31,1,254.62,1,37.98,1,2.19,345.46,1
2012,1,20,NA,0.25,585.05,1,3.11,1,311.38,1,47.41,1,3.04,310.67,1
2012,1,21,NA,0.5,584.52,1,2.25,1,286.25,1,43,1,2.21,288.87,1
2012,1,22,NA,0.5,582.92,1,2.75,1,302.88,1,45.42,1,2.7,302.24,1
2012,1,23,NA,0.625,580.66,1,4.42,1,293.75,1,52.27,1,4.4,293.84,1
2012,1,24,NA,0.5,580.36,1,3.33,1,208,1,38.52,1,2.32,202.99,1
2012,1,25,NA,0.5,585.04,1,2.84,1,194.38,1,32.49,1,2.73,196.41,1
2012,1,26,NA,0.375,586,1,2.45,1,205.75,1,33.21,1,2.41,204.12,1
2012,1,27,NA,0.5,584.76,1,1.19,0.875,187.86,0.875,28.7,1,0.36,191.38,0.875
2012,1,28,NA,0.125,583,1,2.67,1,325.88,1,37.79,0.875,2.49,320.45,1
2012,1,29,NA,0.375,579.96,1,3.42,1,320.25,1,46.16,1,3.28,317.11,1
2012,1,30,NA,0.375,580.2,1,3.57,1,298.75,1,48.24,1,3.55,298.4,1
2012,1,31,NA,0.5,580.12,1,4.12,1,264,1,36.79,1,4.09,264,1
2012,2,1,NA,0.5,578.32,1,3.35,1,206.5,1,37.46,1,2.85,205.39,1
2012,2,2,NA,0.375,578.66,1,1.85,0.75,197.17,0.75,30.14,1,0.3,4.27,0.75
2012,2,3,-41.07,0.75,577.92,1,3.5,1,278.25,1,45.19,1,3.42,278.76,1
2012,2,4,NA,0.375,580.01,1,3.6,1,286.5,1,44.34,1,3.5,286.2,1
2012,2,5,NA,0.25,583.16,1,2.01,1,219,1,38.79,1,1.28,276.56,1
2012,2,6,-41.99,0.875,587.22,1,2.29,1,57.5,1,44.34,1,2.1,58.03,1
2012,2,7,NA,0.375,590.94,1,2.31,1,114.12,1,35.46,1,2.17,123.93,1
2012,2,8,-42.53,0.875,591.91,1,3.55,1,124.75,1,39.23,1,3.47,124.95,1
2012,2,9,NA,0.5,592.78,1,2.51,1,149.38,1,38.08,1,2.37,145.35,1
2012,2,10,NA,0.25,587.48,1,3.31,1,218.88,1,47.65,1,2.49,317.16,1
2012,2,11,NA,0.625,583.05,1,5.69,1,263.25,1,46.89,1,5.49,264.24,1
2012,2,12,-42.88,0.75,583.72,1,5.11,1,210.25,1,43.83,1,4.98,210.14,1
2012,2,13,-44.27,0.875,584.64,1,3.7,1,177.88,1,39.1,1,3.64,179.12,1
2012,2,14,NA,0.375,584.96,1,2.48,1,248.62,1,36.44,1,1.95,269.03,1
2012,2,15,NA,0.375,583.88,1,5.09,1,309.88,1,48.08,1,5.02,310.03,1
2012,2,16,NA,0.625,584.99,1,6.28,1,302.12,1,46.85,1,6.24,302.24,1
2012,2,17,NA,0.5,NA,0.5,NA,0.5,NA,0.5,NA,0.625,NA,NA,0.5
2012,2,18,NA,0.375,NA,0.625,NA,0.625,NA,0.625,NA,0.625,NA,NA,0.625
2012,2,19,NA,0.625,588.85,0.75,5.88,0.75,72.5,0.75,42.2,0.75,5.77,71.8,0.75
2012,2,20,NA,0.25,588.27,0.75,4.55,0.75,124.5,0.75,39.27,0.75,4.43,2.56,0.75
2012,2,21,NA,0.25,584.27,0.75,3.76,0.875,337.86,0.875,43.66,0.875,3.72,338.14,0.875
2012,2,22,NA,0.125,NA,0.375,NA,0.375,NA,0.5,NA,0.5,NA,NA,0.375
2012,2,23,NA,0.5,NA,0.5,NA,0.5,NA,0.5,NA,0.5,NA,NA,0.5
2012,2,24,NA,0.5,NA,0.5,NA,0.5,NA,0.5,NA,0.625,NA,NA,0.5
2012,2,25,NA,0.5,580.78,0.75,2.17,0.75,121.33,0.75,36.58,0.75,1.67,125.09,0.75
2012,2,26,NA,0,NA,0,NA,0,NA,0,NA,0,NA,NA,0
2012,2,27,NA,0,NA,0,NA,0,NA,0,NA,0,NA,NA,0
2012,2,28,NA,0,NA,0,NA,0,NA,0,NA,0,NA,NA,0
2012,2,29,NA,0,NA,0,NA,0,NA,0,NA,0,NA,NA,0
2012,3,1,NA,0,NA,0,NA,0,NA,0,NA,0,NA,NA,0
2012,3,2,NA,0,NA,0,NA,0,NA,0,NA,0,NA,NA,0
2012,3,3,NA,0,NA,0,NA,0,NA,0,NA,0,NA,NA,0
2012,3,4,NA,0.5,NA,0.5,NA,0.5,NA,0.5,NA,0.5,NA,NA,0.5
2012,3,5,NA,0,NA,0,NA,0,NA,0,NA,0,NA,NA,0
2012,3,6,NA,0.375,NA,0.5,NA,0.5,NA,0.5,NA,0.5,NA,NA,0.5
2012,3,7,NA,0.375,NA,0.625,NA,0.625,NA,0.625,NA,0.625,NA,NA,0.625
2012,3,8,NA,0.375,NA,0.5,NA,0.5,NA,0.5,NA,0.5,NA,NA,0.5
2012,3,9,NA,0.625,582.75,0.75,NA,0.625,NA,0.625,52.93,0.75,NA,NA,0.625
2012,3,10,NA,0.5,NA,0.375,NA,0.375,NA,0.375,NA,0.375,NA,NA,0.375
2012,3,11,NA,0.25,NA,0.375,NA,0.375,NA,0.375,NA,0.375,NA,NA,0.375
2012,3,12,NA,0.5,NA,0.5,NA,0.5,NA,0.5,NA,0.5,NA,NA,0.5
2012,3,13,NA,0.375,NA,0.375,NA,0.375,NA,0.375,NA,0.375,NA,NA,0.375
2012,3,14,NA,0.625,NA,0.625,NA,0.625,NA,0.625,NA,0.625,NA,NA,0.625
2012,3,15,NA,0.125,NA,0.125,NA,0.125,NA,0.125,NA,0.125,NA,NA,0.125
2012,3,16,-56.44,0.875,NA,0.625,NA,0.625,227.17,0.75,40.54,0.875,NA,NA,0.625
2012,3,17,NA,0.25,NA,0.25,NA,0.25,NA,0.25,NA,0.25,NA,NA,0.25
2012,3,18,NA,0,NA,0,NA,0,NA,0,NA,0,NA,NA,0
2012,3,19,NA,0,NA,0,NA,0,NA,0,NA,0,NA,NA,0
2012,3,20,NA,0.625,583.48,0.75,6.6,0.75,207.17,0.75,46.59,0.875,6.54,206.83,0.75
2012,3,21,NA,0.625,NA,0.625,NA,0.625,NA,0.625,NA,0.625,NA,NA,0.625
2012,3,22,-53.73,0.75,593.4,0.75,5.13,0.75,176.5,0.75,44.05,0.75,5.02,177.22,0.75
2012,3,23,NA,0,NA,0,NA,0,NA,0,NA,0,NA,NA,0
2012,3,24,NA,0.125,NA,0.125,NA,0.125,NA,0.125,NA,0.125,NA,NA,0.125
2012,3,25,NA,0,NA,0,NA,0,NA,0,NA,0,NA,NA,0
2012,3,26,NA,0.25,NA,0.125,NA,0.25,NA,0.25,NA,0.25,NA,NA,0.25
2012,3,27,NA,0,NA,0,NA,0,NA,0,NA,0,NA,NA,0
2012,3,28,NA,0.125,NA,0.25,NA,0.25,NA,0.25,NA,0.25,NA,NA,0.25
2012,3,29,NA,0,NA,0,NA,0,NA,0,NA,0,NA,NA,0
2012,3,30,NA,0.125,NA,0.125,NA,0.125,NA,0.125,NA,0.125,NA,NA,0.125
2012,3,31,NA,0,NA,0,NA,0,NA,0,NA,0,NA,NA,0
2012,4,1,NA,0,NA,0,NA,0,NA,0,NA,0,NA,NA,0
2012,4,2,NA,0,NA,0,NA,0,NA,0,NA,0,NA,NA,0
2012,4,3,-51.89,1,585.06,1,6.66,1,331.75,1,45.85,1,6.59,331.64,1
2012,4,4,NA,0.25,NA,0.25,NA,0.25,NA,0.25,NA,0.25,NA,NA,0.25
2012,4,5,NA,0,NA,0,NA,0,NA,0,NA,0,NA,NA,0
2012,4,6,NA,0,NA,0,NA,0,NA,0,NA,0,NA,NA,0
2012,4,7,NA,0,NA,0,NA,0,NA,0,NA,0,NA,NA,0
2012,4,8,NA,0,NA,0,NA,0,NA,0,NA,0,NA,NA,0
2012,4,9,NA,0,NA,0,NA,0,NA,0,NA,0,NA,NA,0
2012,4,10,NA,0,NA,0,NA,0,NA,0,NA,0,NA,NA,0
2012,4,11,NA,0,NA,0,NA,0,NA,0,NA,0,NA,NA,0
2012,4,12,NA,0,NA,0,NA,0,NA,0,NA,0,NA,NA,0
2012,4,13,NA,0,NA,0,NA,0,NA,0,NA,0,NA,NA,0
2012,4,14,NA,0,NA,0,NA,0,NA,0,NA,0,NA,NA,0
2012,4,15,NA,0,NA,0,NA,0,NA,0,NA,0,NA,NA,0
2012,4,16,NA,0,NA,0,NA,0,NA,0,NA,0,NA,NA,0
2012,4,17,NA,0.25,NA,0.25,NA,0.25,NA,0.25,NA,0.25,NA,NA,0.25
2012,4,18,NA,0.625,NA,0.625,NA,0.625,NA,0.625,NA,0.625,NA,NA,0.625
2012,4,19,NA,0.125,NA,0,NA,0.125,NA,0.125,NA,0.125,NA,NA,0.125
2012,4,20,NA,0,NA,0,NA,0,NA,0,NA,0,NA,NA,0
2012,4,21,NA,0,NA,0,NA,0,NA,0,NA,0,NA,NA,0
2012,4,22,NA,0,NA,0,NA,0,NA,0,NA,0,NA,NA,0
2012,4,23,NA,0.5,NA,0.375,NA,0.375,NA,0.375,NA,0.5,NA,NA,0.375
2012,4,24,NA,0,NA,0,NA,0,NA,0,NA,0,NA,NA,0
2012,4,25,NA,0,NA,0,NA,0,NA,0,NA,0,NA,NA,0
2012,4,26,NA,0,NA,0,NA,0,NA,0,NA,0,NA,NA,0
2012,4,27,NA,0,NA,0,NA,0,NA,0,NA,0,NA,NA,0
2012,4,28,NA,0,NA,0,NA,0,NA,0,NA,0,NA,NA,0
2012,4,29,NA,0,NA,0,NA,0,NA,0,NA,0,NA,NA,0
2012,4,30,NA,0,NA,0,NA,0,NA,0,NA,0,NA,NA,0
2012,5,1,NA,0,NA,0,NA,0,NA,0,NA,0,NA,NA,0
2012,5,2,NA,0,NA,0,NA,0,NA,0,NA,0,NA,NA,0
2012,5,3,NA,0,NA,0,NA,0,NA,0,NA,0,NA,NA,0
2012,5,4,NA,0,NA,0,NA,0,NA,0,NA,0,NA,NA,0
2012,5,5,NA,0,NA,0,NA,0,NA,0,NA,0,NA,NA,0
2012,5,6,NA,0,NA,0,NA,0,NA,0,NA,0,NA,NA,0
2012,5,7,NA,0,NA,0,NA,0,NA,0,NA,0,NA,NA,0
2012,5,8,NA,0,NA,0,NA,0,NA,0,NA,0,NA,NA,0
2012,5,9,NA,0,NA,0,NA,0,NA,0,NA,0,NA,NA,0
2012,5,10,NA,0,NA,0,NA,0,NA,0,NA,0,NA,NA,0
2012,5,11,NA,0,NA,0,NA,0,NA,0,NA,0,NA,NA,0
2012,5,12,NA,0,NA,0,NA,0,NA,0,NA,0,NA,NA,0
2012,5,13,NA,0,NA,0,NA,0,NA,0,NA,0,NA,NA,0
2012,5,14,NA,0,NA,0,NA,0,NA,0,NA,0,NA,NA,0
2012,5,15,NA,0,NA,0,NA,0,NA,0,NA,0,NA,NA,0
2012,5,16,NA,0,NA,0,NA,0,NA,0,NA,0,NA,NA,0
2012,5,17,NA,0,NA,0,NA,0,NA,0,NA,0,NA,NA,0
2012,5,18,NA,0,NA,0,NA,0,NA,0,NA,0,NA,NA,0
2012,5,19,NA,0,NA,0,NA,0,NA,0,NA,0,NA,NA,0
2012,5,20,NA,0,NA,0,NA,0,NA,0,NA,0,NA,NA,0
2012,5,21,NA,0,NA,0,NA,0,NA,0,NA,0,NA,NA,0
2012,5,22,NA,0,NA,0,NA,0,NA,0,NA,0,NA,NA,0
2012,5,23,NA,0,NA,0,NA,0,NA,0,NA,0,NA,NA,0
2012,5,24,NA,0,NA,0,NA,0,NA,0,NA,0,NA,NA,0
2012,5,25,NA,0,NA,0,NA,0,NA,0,NA,0,NA,NA,0
2012,5,26,NA,0,NA,0,NA,0,NA,0,NA,0,NA,NA,0
2012,5,27,NA,0,NA,0,NA,0,NA,0,NA,0,NA,NA,0
2012,5,28,NA,0,NA,0,NA,0,NA,0,NA,0,NA,NA,0
2012,5,29,NA,0,NA,0,NA,0,NA,0,NA,0,NA,NA,0
2012,5,30,NA,0,NA,0,NA,0,NA,0,NA,0,NA,NA,0
2012,5,31,NA,0,NA,0,NA,0,NA,0,NA,0,NA,NA,0
2012,6,1,NA,0,NA,0,NA,0,NA,0,NA,0,NA,NA,0
2012,6,2,NA,0,NA,0,NA,0,NA,0,NA,0,NA,NA,0
2012,6,3,NA,0,NA,0,NA,0,NA,0,NA,0,NA,NA,0
2012,6,4,NA,0,NA,0,NA,0,NA,0,NA,0,NA,NA,0
2012,6,5,NA,0,NA,0,NA,0,NA,0,NA,0,NA,NA,0
2012,6,6,NA,0,NA,0,NA,0,NA,0,NA,0,NA,NA,0
2012,6,7,NA,0,NA,0,NA,0,NA,0,NA,0,NA,NA,0
2012,6,8,NA,0,NA,0,NA,0,NA,0,NA,0,NA,NA,0
2012,6,9,NA,0,NA,0,NA,0,NA,0,NA,0,NA,NA,0
2012,6,10,NA,0,NA,0,NA,0,NA,0,NA,0,NA,NA,0
2012,6,11,NA,0,NA,0,NA,0,NA,0,NA,0,NA,NA,0
2012,6,12,NA,0,NA,0,NA,0,NA,0,NA,0,NA,NA,0
2012,6,13,NA,0,NA,0,NA,0,NA,0,NA,0,NA,NA,0
2012,6,14,NA,0,NA,0,NA,0,NA,0,NA,0,NA,NA,0
2012,6,15,NA,0,NA,0,NA,0,NA,0,NA,0,NA,NA,0
2012,6,16,NA,0,NA,0,NA,0,NA,0,NA,0,NA,NA,0
2012,6,17,NA,0,NA,0,NA,0,NA,0,NA,0,NA,NA,0
2012,6,18,NA,0,NA,0,NA,0,NA,0,NA,0,NA,NA,0
2012,6,19,NA,0,NA,0,NA,0,NA,0,NA,0,NA,NA,0
2012,6,20,NA,0,NA,0,NA,0,NA,0,NA,0,NA,NA,0
2012,6,21,NA,0,NA,0,NA,0,NA,0,NA,0,NA,NA,0
2012,6,22,NA,0,NA,0,NA,0,NA,0,NA,0,NA,NA,0
2012,6,23,NA,0,NA,0,NA,0,NA,0,NA,0,NA,NA,0
2012,6,24,NA,0,NA,0,NA,0,NA,0,NA,0,NA,NA,0
2012,6,25,NA,0,NA,0,NA,0,NA,0,NA,0,NA,NA,0
2012,6,26,NA,0,NA,0,NA,0,NA,0,NA,0,NA,NA,0
2012,6,27,NA,0,NA,0,NA,0,NA,0,NA,0,NA,NA,0
2012,6,28,NA,0,NA,0,NA,0,NA,0,NA,0,NA,NA,0
2012,6,29,NA,0,NA,0,NA,0,NA,0,NA,0,NA,NA,0
2012,6,30,NA,0,NA,0,NA,0,NA,0,NA,0,NA,NA,0
2012,7,1,NA,0,NA,0,NA,0,NA,0,NA,0,NA,NA,0
2012,7,2,NA,0,NA,0,NA,0,NA,0,NA,0,NA,NA,0
2012,7,3,NA,0,NA,0,NA,0,NA,0,NA,0,NA,NA,0
2012,7,4,NA,0,NA,0,NA,0,NA,0,NA,0,NA,NA,0
2012,7,5,NA,0,NA,0,NA,0,NA,0,NA,0,NA,NA,0
2012,7,6,NA,0,NA,0,NA,0,NA,0,NA,0,NA,NA,0
2012,7,7,NA,0,NA,0,NA,0,NA,0,NA,0,NA,NA,0
2012,7,8,NA,0,NA,0,NA,0,NA,0,NA,0,NA,NA,0
2012,7,9,NA,0,NA,0,NA,0,NA,0,NA,0,NA,NA,0
2012,7,10,NA,0,NA,0,NA,0,NA,0,NA,0,NA,NA,0
2012,7,11,NA,0,NA,0,NA,0,NA,0,NA,0,NA,NA,0
2012,7,12,NA,0,NA,0,NA,0,NA,0,NA,0,NA,NA,0
2012,7,13,NA,0,NA,0,NA,0,NA,0,NA,0,NA,NA,0
2012,7,14,NA,0,NA,0,NA,0,NA,0,NA,0,NA,NA,0
2012,7,15,NA,0,NA,0,NA,0,NA,0,NA,0,NA,NA,0
2012,7,16,NA,0,NA,0,NA,0,NA,0,NA,0,NA,NA,0
2012,7,17,NA,0,NA,0,NA,0,NA,0,NA,0,NA,NA,0
2012,7,18,NA,0,NA,0,NA,0,NA,0,NA,0,NA,NA,0
2012,7,19,NA,0,NA,0,NA,0,NA,0,NA,0,NA,NA,0
2012,7,20,NA,0,NA,0,NA,0,NA,0,NA,0,NA,NA,0
2012,7,21,NA,0,NA,0,NA,0,NA,0,NA,0,NA,NA,0
2012,7,22,NA,0,NA,0,NA,0,NA,0,NA,0,NA,NA,0
2012,7,23,NA,0,NA,0,NA,0,NA,0,NA,0,NA,NA,0
2012,7,24,NA,0,NA,0,NA,0,NA,0,NA,0,NA,NA,0
2012,7,25,NA,0,NA,0,NA,0,NA,0,NA,0,NA,NA,0
2012,7,26,NA,0,NA,0,NA,0,NA,0,NA,0,NA,NA,0
2012,7,27,NA,0,NA,0,NA,0,NA,0,NA,0,NA,NA,0
2012,7,28,NA,0,NA,0,NA,0,NA,0,NA,0,NA,NA,0
2012,7,29,NA,0,NA,0,NA,0,NA,0,NA,0,NA,NA,0
2012,7,30,NA,0,NA,0,NA,0,NA,0,NA,0,NA,NA,0
2012,7,31,NA,0,NA,0,NA,0,NA,0,NA,0,NA,NA,0
2012,8,1,NA,0,NA,0,NA,0,NA,0,NA,0,NA,NA,0
2012,8,2,NA,0,NA,0,NA,0,NA,0,NA,0,NA,NA,0
2012,8,3,NA,0,NA,0,NA,0,NA,0,NA,0,NA,NA,0
2012,8,4,NA,0,NA,0,NA,0,NA,0,NA,0,NA,NA,0
2012,8,5,NA,0,NA,0,NA,0,NA,0,NA,0,NA,NA,0
2012,8,6,NA,0,NA,0,NA,0,NA,0,NA,0,NA,NA,0
2012,8,7,NA,0,NA,0,NA,0,NA,0,NA,0,NA,NA,0
2012,8,8,NA,0,NA,0,NA,0,NA,0,NA,0,NA,NA,0
2012,8,9,NA,0,NA,0,NA,0,NA,0,NA,0,NA,NA,0
2012,8,10,NA,0,NA,0,NA,0,NA,0,NA,0,NA,NA,0
2012,8,11,NA,0,NA,0,NA,0,NA,0,NA,0,NA,NA,0
2012,8,12,NA,0,NA,0,NA,0,NA,0,NA,0,NA,NA,0
2012,8,13,NA,0,NA,0,NA,0,NA,0,NA,0,NA,NA,0
2012,8,14,NA,0,NA,0,NA,0,NA,0,NA,0,NA,NA,0
2012,8,15,NA,0,NA,0,NA,0,NA,0,NA,0,NA,NA,0
2012,8,16,NA,0,NA,0,NA,0,NA,0,NA,0,NA,NA,0
2012,8,17,NA,0,NA,0,NA,0,NA,0,NA,0,NA,NA,0
2012,8,18,NA,0,NA,0,NA,0,NA,0,NA,0,NA,NA,0
2012,8,19,NA,0,NA,0,NA,0,NA,0,NA,0,NA,NA,0
2012,8,20,NA,0,NA,0,NA,0,NA,0,NA,0,NA,NA,0
2012,8,21,NA,0,NA,0,NA,0,NA,0,NA,0,NA,NA,0
2012,8,22,NA,0,NA,0,NA,0,NA,0,NA,0,NA,NA,0
2012,8,23,NA,0,NA,0,NA,0,NA,0,NA,0,NA,NA,0
2012,8,24,NA,0,NA,0,NA,0,NA,0,NA,0,NA,NA,0
2012,8,25,NA,0,NA,0,NA,0,NA,0,NA,0,NA,NA,0
2012,8,26,NA,0,NA,0,NA,0,NA,0,NA,0,NA,NA,0
2012,8,27,NA,0,NA,0,NA,0,NA,0,NA,0,NA,NA,0
2012,8,28,NA,0,NA,0,NA,0,NA,0,NA,0,NA,NA,0
2012,8,29,NA,0,NA,0,NA,0,NA,0,NA,0,NA,NA,0
2012,8,30,NA,0,NA,0,NA,0,NA,0,NA,0,NA,NA,0
2012,8,31,NA,0,NA,0,NA,0,NA,0,NA,0,NA,NA,0
2012,9,1,NA,0,NA,0,NA,0,NA,0,NA,0,NA,NA,0
2012,9,2,NA,0,NA,0,NA,0,NA,0,NA,0,NA,NA,0
2012,9,3,NA,0,NA,0,NA,0,NA,0,NA,0,NA,NA,0
2012,9,4,NA,0,NA,0,NA,0,NA,0,NA,0,NA,NA,0
2012,9,5,NA,0,NA,0,NA,0,NA,0,NA,0,NA,NA,0
2012,9,6,NA,0,NA,0,NA,0,NA,0,NA,0,NA,NA,0
2012,9,7,NA,0,NA,0,NA,0,NA,0,NA,0,NA,NA,0
2012,9,8,NA,0,NA,0,NA,0,NA,0,NA,0,NA,NA,0
2012,9,9,NA,0,NA,0,NA,0,NA,0,NA,0,NA,NA,0
2012,9,10,NA,0,NA,0,NA,0,NA,0,NA,0,NA,NA,0
2012,9,11,NA,0,NA,0,NA,0,NA,0,NA,0,NA,NA,0
2012,9,12,NA,0,NA,0,NA,0,NA,0,NA,0,NA,NA,0
2012,9,13,NA,0,NA,0,NA,0,NA,0,NA,0,NA,NA,0
2012,9,14,NA,0,NA,0,NA,0,NA,0,NA,0,NA,NA,0
2012,9,15,NA,0,NA,0,NA,0,NA,0,NA,0,NA,NA,0
2012,9,16,NA,0,NA,0,NA,0,NA,0,NA,0,NA,NA,0
2012,9,17,NA,0,NA,0,NA,0,NA,0,NA,0,NA,NA,0
2012,9,18,NA,0,NA,0,NA,0,NA,0,NA,0,NA,NA,0
2012,9,19,NA,0,NA,0,NA,0,NA,0,NA,0,NA,NA,0
2012,9,20,NA,0,NA,0,NA,0,NA,0,NA,0,NA,NA,0
2012,9,21,NA,0,NA,0,NA,0,NA,0,NA,0,NA,NA,0
2012,9,22,NA,0,NA,0,NA,0,NA,0,NA,0,NA,NA,0
2012,9,23,NA,0,NA,0,NA,0,NA,0,NA,0,NA,NA,0
2012,9,24,NA,0,NA,0,NA,0,NA,0,NA,0,NA,NA,0
2012,9,25,NA,0,NA,0,NA,0,NA,0,NA,0,NA,NA,0
2012,9,26,NA,0,NA,0,NA,0,NA,0,NA,0,NA,NA,0
2012,9,27,NA,0,NA,0,NA,0,NA,0,NA,0,NA,NA,0
2012,9,28,NA,0,NA,0,NA,0,NA,0,NA,0,NA,NA,0
2012,9,29,NA,0,NA,0,NA,0,NA,0,NA,0,NA,NA,0
2012,9,30,NA,0,NA,0,NA,0,NA,0,NA,0,NA,NA,0
2012,10,1,NA,0,NA,0,NA,0,NA,0,NA,0,NA,NA,0
2012,10,2,NA,0,NA,0,NA,0,NA,0,NA,0,NA,NA,0
2012,10,3,NA,0,NA,0,NA,0,NA,0,NA,0,NA,NA,0
2012,10,4,NA,0,NA,0,NA,0,NA,0,NA,0,NA,NA,0
2012,10,5,NA,0,NA,0,NA,0,NA,0,NA,0,NA,NA,0
2012,10,6,NA,0,NA,0,NA,0,NA,0,NA,0,NA,NA,0
2012,10,7,NA,0,NA,0,NA,0,NA,0,NA,0,NA,NA,0
2012,10,8,NA,0,NA,0,NA,0,NA,0,NA,0,NA,NA,0
2012,10,9,NA,0,NA,0,NA,0,NA,0,NA,0,NA,NA,0
2012,10,10,NA,0,NA,0,NA,0,NA,0,NA,0,NA,NA,0
2012,10,11,NA,0,NA,0,NA,0,NA,0,NA,0,NA,NA,0
2012,10,12,NA,0,NA,0,NA,0,NA,0,NA,0,NA,NA,0
2012,10,13,NA,0,NA,0,NA,0,NA,0,NA,0,NA,NA,0
2012,10,14,NA,0,NA,0,NA,0,NA,0,NA,0,NA,NA,0
2012,10,15,NA,0,NA,0,NA,0,NA,0,NA,0,NA,NA,0
2012,10,16,NA,0,NA,0,NA,0,NA,0,NA,0,NA,NA,0
2012,10,17,NA,0,NA,0,NA,0,NA,0,NA,0,NA,NA,0
2012,10,18,NA,0.25,NA,0.375,NA,0,NA,0,NA,0.375,NA,NA,0
2012,10,19,NA,0.125,NA,0.375,NA,0,NA,0,NA,0.375,NA,NA,0
2012,10,20,NA,0.375,NA,0.375,NA,0,NA,0,NA,0.375,NA,NA,0
2012,10,21,NA,0.125,NA,0.375,NA,0,NA,0,NA,0.375,NA,NA,0
2012,10,22,NA,0.375,NA,0.375,NA,0.375,NA,0.375,NA,0.375,NA,NA,0.375
2012,10,23,NA,0,NA,0,NA,0,NA,0,NA,0,NA,NA,0
2012,10,24,NA,0.125,NA,0.375,NA,0.375,NA,0.375,NA,0.375,NA,NA,0.375
2012,10,25,NA,0.375,NA,0.375,NA,0.375,NA,0.375,NA,0.375,NA,NA,0.375
2012,10,26,NA,0.375,NA,0.375,NA,0.375,NA,0.375,NA,0.375,NA,NA,0.375
2012,10,27,NA,0.25,NA,0.375,NA,0.375,NA,0.375,NA,0.375,NA,NA,0.375
2012,10,28,NA,0.375,NA,0.375,NA,0.375,NA,0.375,NA,0.375,NA,NA,0.375
2012,10,29,NA,0.125,NA,0.375,NA,0.25,NA,0.375,NA,0.375,NA,NA,0.25
2012,10,30,NA,0,NA,0,NA,0,NA,0,NA,0,NA,NA,0
2012,10,31,NA,0,NA,0,NA,0,NA,0,NA,0,NA,NA,0
2012,11,1,NA,0,NA,0,NA,0,NA,0,NA,0,NA,NA,0
2012,11,2,NA,0,NA,0,NA,0,NA,0,NA,0,NA,NA,0
2012,11,3,NA,0,NA,0,NA,0,NA,0,NA,0,NA,NA,0
2012,11,4,NA,0,NA,0,NA,0,NA,0,NA,0,NA,NA,0
2012,11,5,NA,0,NA,0,NA,0,NA,0,NA,0,NA,NA,0
2012,11,6,NA,0,NA,0,NA,0,NA,0,NA,0,NA,NA,0
2012,11,7,NA,0,NA,0,NA,0,NA,0,NA,0,NA,NA,0
2012,11,8,NA,0,NA,0,NA,0,NA,0,NA,0,NA,NA,0
2012,11,9,NA,0,NA,0,NA,0,NA,0,NA,0,NA,NA,0
2012,11,10,NA,0,NA,0,NA,0,NA,0,NA,0,NA,NA,0
2012,11,11,NA,0,NA,0,NA,0,NA,0,NA,0,NA,NA,0
2012,11,12,NA,0,NA,0,NA,0,NA,0,NA,0,NA,NA,0
2012,11,13,NA,0,NA,0,NA,0,NA,0,NA,0,NA,NA,0
2012,11,14,NA,0,NA,0,NA,0,NA,0,NA,0,NA,NA,0
2012,11,15,NA,0,NA,0,NA,0,NA,0,NA,0,NA,NA,0
2012,11,16,NA,0,NA,0,NA,0,NA,0,NA,0,NA,NA,0
2012,11,17,NA,0,NA,0,NA,0,NA,0,NA,0,NA,NA,0
2012,11,18,NA,0,NA,0,NA,0,NA,0,NA,0,NA,NA,0
2012,11,19,NA,0,NA,0,NA,0,NA,0,NA,0,NA,NA,0
2012,11,20,NA,0,NA,0,NA,0,NA,0,NA,0,NA,NA,0
2012,11,21,NA,0,NA,0,NA,0,NA,0,NA,0,NA,NA,0
2012,11,22,NA,0,NA,0,NA,0,NA,0,NA,0,NA,NA,0
2012,11,23,NA,0,NA,0,NA,0,NA,0,NA,0,NA,NA,0
2012,11,24,NA,0,NA,0,NA,0,NA,0,NA,0,NA,NA,0
2012,11,25,NA,0,NA,0,NA,0,NA,0,NA,0,NA,NA,0
2012,11,26,NA,0,NA,0,NA,0,NA,0,NA,0,NA,NA,0
2012,11,27,NA,0,NA,0,NA,0,NA,0,NA,0,NA,NA,0
2012,11,28,NA,0,NA,0,NA,0,NA,0,NA,0,NA,NA,0
2012,11,29,NA,0,NA,0,NA,0,NA,0,NA,0,NA,NA,0
2012,11,30,NA,0,NA,0,NA,0,NA,0,NA,0,NA,NA,0
2012,12,1,NA,0,NA,0,NA,0,NA,0,NA,0,NA,NA,0
2012,12,2,NA,0,NA,0,NA,0,NA,0,NA,0,NA,NA,0
2012,12,3,NA,0,NA,0,NA,0,NA,0,NA,0,NA,NA,0
2012,12,4,NA,0,NA,0,NA,0,NA,0,NA,0,NA,NA,0
2012,12,5,NA,0,NA,0,NA,0,NA,0,NA,0,NA,NA,0
2012,12,6,NA,0,NA,0,NA,0,NA,0,NA,0,NA,NA,0
2012,12,7,NA,0,NA,0,NA,0,NA,0,NA,0,NA,NA,0
2012,12,8,NA,0,NA,0,NA,0,NA,0,NA,0,NA,NA,0
2012,12,9,NA,0,NA,0,NA,0,NA,0,NA,0,NA,NA,0
2012,12,10,NA,0,NA,0,NA,0,NA,0,NA,0,NA,NA,0
2012,12,11,NA,0,NA,0,NA,0,NA,0,NA,0,NA,NA,0
2012,12,12,NA,0,NA,0,NA,0,NA,0,NA,0,NA,NA,0
2012,12,13,NA,0,NA,0,NA,0,NA,0,NA,0,NA,NA,0
2012,12,14,NA,0,NA,0,NA,0,NA,0,NA,0,NA,NA,0
2012,12,15,NA,0,NA,0,NA,0,NA,0,NA,0,NA,NA,0
2012,12,16,NA,0,NA,0,NA,0,NA,0,NA,0,NA,NA,0
2012,12,17,NA,0,NA,0,NA,0,NA,0,NA,0,NA,NA,0
2012,12,18,NA,0,NA,0,NA,0,NA,0,NA,0,NA,NA,0
2012,12,19,NA,0,NA,0,NA,0,NA,0,NA,0,NA,NA,0
2012,12,20,NA,0,NA,0,NA,0,NA,0,NA,0,NA,NA,0
2012,12,21,NA,0,NA,0,NA,0,NA,0,NA,0,NA,NA,0
2012,12,22,NA,0,NA,0,NA,0,NA,0,NA,0,NA,NA,0
2012,12,23,NA,0,NA,0,NA,0,NA,0,NA,0,NA,NA,0
2012,12,24,NA,0,NA,0,NA,0,NA,0,NA,0,NA,NA,0
2012,12,25,NA,0,NA,0,NA,0,NA,0,NA,0,NA,NA,0
2012,12,26,NA,0,NA,0,NA,0,NA,0,NA,0,NA,NA,0
2012,12,27,NA,0,NA,0,NA,0,NA,0,NA,0,NA,NA,0
2012,12,28,NA,0,NA,0,NA,0,NA,0,NA,0,NA,NA,0
2012,12,29,NA,0,NA,0,NA,0,NA,0,NA,0,NA,NA,0
2012,12,30,NA,0,NA,0,NA,0,NA,0,NA,0,NA,NA,0
2012,12,31,NA,0,NA,0,NA,0,NA,0,NA,0,NA,NA,0
2013,1,1,NA,0,NA,0,NA,0,NA,0,NA,0,NA,NA,0
2013,1,2,NA,0,NA,0,NA,0,NA,0,NA,0,NA,NA,0
2013,1,3,NA,0,NA,0,NA,0,NA,0,NA,0,NA,NA,0
2013,1,4,NA,0,NA,0,NA,0,NA,0,NA,0,NA,NA,0
2013,1,5,NA,0,NA,0,NA,0,NA,0,NA,0,NA,NA,0
2013,1,6,NA,0,NA,0,NA,0,NA,0,NA,0,NA,NA,0
2013,1,7,NA,0,NA,0,NA,0,NA,0,NA,0,NA,NA,0
2013,1,8,NA,0,NA,0,NA,0,NA,0,NA,0,NA,NA,0
2013,1,9,NA,0,NA,0,NA,0,NA,0,NA,0,NA,NA,0
2013,1,10,NA,0,NA,0,NA,0,NA,0,NA,0,NA,NA,0
2013,1,11,NA,0,NA,0,NA,0,NA,0,NA,0,NA,NA,0
2013,1,12,NA,0,NA,0,NA,0,NA,0,NA,0,NA,NA,0
2013,1,13,NA,0,NA,0,NA,0,NA,0,NA,0,NA,NA,0
2013,1,14,NA,0,NA,0,NA,0,NA,0,NA,0,NA,NA,0
2013,1,15,NA,0,NA,0,NA,0,NA,0,NA,0,NA,NA,0
2013,1,16,NA,0,NA,0,NA,0,NA,0,NA,0,NA,NA,0
2013,1,17,NA,0,NA,0,NA,0,NA,0,NA,0,NA,NA,0
2013,1,18,NA,0,NA,0,NA,0,NA,0,NA,0,NA,NA,0
2013,1,19,NA,0,NA,0,NA,0,NA,0,NA,0,NA,NA,0
2013,1,20,NA,0,NA,0,NA,0,NA,0,NA,0,NA,NA,0
2013,1,21,NA,0,NA,0,NA,0,NA,0,NA,0,NA,NA,0
2013,1,22,NA,0,NA,0,NA,0,NA,0,NA,0,NA,NA,0
2013,1,23,NA,0,NA,0,NA,0,NA,0,NA,0,NA,NA,0
2013,1,24,NA,0,NA,0,NA,0,NA,0,NA,0,NA,NA,0
2013,1,25,NA,0,NA,0,NA,0,NA,0,NA,0,NA,NA,0
2013,1,26,NA,0,NA,0,NA,0,NA,0,NA,0,NA,NA,0
2013,1,27,NA,0,NA,0,NA,0,NA,0,NA,0,NA,NA,0
2013,1,28,NA,0,NA,0,NA,0,NA,0,NA,0,NA,NA,0
2013,1,29,NA,0,NA,0,NA,0,NA,0,NA,0,NA,NA,0
2013,1,30,NA,0,NA,0,NA,0,NA,0,NA,0,NA,NA,0
2013,1,31,NA,0,NA,0,NA,0,NA,0,NA,0,NA,NA,0
2013,2,1,NA,0,NA,0,NA,0,NA,0,NA,0,NA,NA,0
2013,2,2,NA,0,NA,0,NA,0,NA,0,NA,0,NA,NA,0
2013,2,3,NA,0,NA,0,NA,0,NA,0,NA,0,NA,NA,0
2013,2,4,NA,0,NA,0,NA,0,NA,0,NA,0,NA,NA,0
2013,2,5,NA,0,NA,0,NA,0,NA,0,NA,0,NA,NA,0
2013,2,6,NA,0,NA,0,NA,0,NA,0,NA,0,NA,NA,0
2013,2,7,NA,0,NA,0,NA,0,NA,0,NA,0,NA,NA,0
2013,2,8,NA,0,NA,0,NA,0,NA,0,NA,0,NA,NA,0
2013,2,9,NA,0,NA,0,NA,0,NA,0,NA,0,NA,NA,0
2013,2,10,NA,0,NA,0,NA,0,NA,0,NA,0,NA,NA,0
2013,2,11,NA,0,NA,0,NA,0,NA,0,NA,0,NA,NA,0
2013,2,12,NA,0,NA,0,NA,0,NA,0,NA,0,NA,NA,0
2013,2,13,NA,0,NA,0,NA,0,NA,0,NA,0,NA,NA,0
2013,2,14,NA,0,NA,0,NA,0,NA,0,NA,0,NA,NA,0
2013,2,15,NA,0,NA,0,NA,0,NA,0,NA,0,NA,NA,0
2013,2,16,NA,0,NA,0,NA,0,NA,0,NA,0,NA,NA,0
2013,2,17,NA,0.375,NA,0.5,NA,0.5,NA,0.5,NA,0.625,NA,NA,0.5
2013,2,18,NA,0,NA,0,NA,0,NA,0,NA,0,NA,NA,0
2013,2,19,NA,0,NA,0,NA,0,NA,0,NA,0,NA,NA,0
2013,2,20,NA,0,NA,0,NA,0,NA,0,NA,0,NA,NA,0
2013,2,21,NA,0,NA,0,NA,0,NA,0,NA,0,NA,NA,0
2013,2,22,NA,0.5,NA,0.625,NA,0.625,NA,0.625,NA,0.625,NA,NA,0.625
2013,2,23,NA,0.625,586.34,1,3.04,1,320.12,1,55.46,1,2.79,325.05,1
2013,2,24,NA,0.5,584.87,0.75,2.52,0.75,322,0.75,58.27,0.75,2.26,324.75,0.75
2013,2,25,NA,0.5,NA,0.625,NA,0.625,NA,0.625,NA,0.625,NA,NA,0.625
2013,2,26,NA,0.5,586.35,0.75,6.98,0.75,253.5,0.75,45.15,0.75,6.73,255.54,0.75
2013,2,27,NA,0,NA,0,NA,0,NA,0,NA,0,NA,NA,0
2013,2,28,NA,0,NA,0,NA,0,NA,0,NA,0,NA,NA,0
2013,3,1,NA,0,NA,0,NA,0,NA,0,NA,0,NA,NA,0
2013,3,2,NA,0,NA,0,NA,0,NA,0,NA,0,NA,NA,0
2013,3,3,NA,0.5,583.42,0.75,NA,0.5,NA,0.5,52.97,0.75,NA,NA,0.5
2013,3,4,NA,0.5,581.97,0.75,2.82,0.75,234,0.75,54.3,0.75,2.76,232.41,0.75
2013,3,5,NA,0.5,NA,0.5,NA,0.5,NA,0.5,NA,0.5,NA,NA,0.5
2013,3,6,NA,0,NA,0,NA,0,NA,0,NA,0,NA,NA,0
2013,3,7,NA,0.375,NA,0.375,NA,0.375,NA,0.375,NA,0.375,NA,NA,0.375
2013,3,8,NA,0,NA,0,NA,0,NA,0,NA,0,NA,NA,0
2013,3,9,NA,0,NA,0,NA,0,NA,0,NA,0,NA,NA,0
2013,3,10,NA,0,NA,0,NA,0,NA,0,NA,0,NA,NA,0
2013,3,11,NA,0,NA,0,NA,0,NA,0,NA,0,NA,NA,0
2013,3,12,NA,0.25,NA,0.25,NA,0.25,NA,0.25,NA,0.25,NA,NA,0.25
2013,3,13,NA,0.125,NA,0.25,NA,0.25,NA,0.25,NA,0.25,NA,NA,0.25
2013,3,14,NA,0,NA,0,NA,0,NA,0,NA,0,NA,NA,0
2013,3,15,NA,0,NA,0,NA,0,NA,0,NA,0,NA,NA,0
2013,3,16,NA,0,NA,0,NA,0,NA,0,NA,0,NA,NA,0
2013,3,17,NA,0.125,NA,0.375,NA,0.375,NA,0.375,NA,0.375,NA,NA,0.375
2013,3,18,NA,0.5,NA,0.5,NA,0.625,NA,0.625,NA,0.625,NA,NA,0.625
2013,3,19,NA,0,NA,0,NA,0,NA,0,NA,0,NA,NA,0
2013,3,20,NA,0,NA,0,NA,0,NA,0,NA,0,NA,NA,0
2013,3,21,NA,0,NA,0,NA,0,NA,0,NA,0,NA,NA,0
2013,3,22,NA,0,NA,0,NA,0,NA,0,NA,0,NA,NA,0
2013,3,23,NA,0,NA,0,NA,0,NA,0,NA,0,NA,NA,0
2013,3,24,NA,0.125,NA,0.125,NA,0.25,NA,0.25,NA,0.125,NA,NA,0.25
2013,3,25,NA,0,NA,0,NA,0,NA,0,NA,0,NA,NA,0
2013,3,26,NA,0,NA,0,NA,0,NA,0,NA,0,NA,NA,0
2013,3,27,NA,0,NA,0,NA,0,NA,0,NA,0,NA,NA,0
2013,3,28,NA,0,NA,0,NA,0,NA,0,NA,0,NA,NA,0
2013,3,29,NA,0,NA,0,NA,0,NA,0,NA,0,NA,NA,0
2013,3,30,NA,0,NA,0,NA,0,NA,0,NA,0,NA,NA,0
2013,3,31,NA,0,NA,0,NA,0,NA,0,NA,0,NA,NA,0
2013,4,1,NA,0,NA,0,NA,0,NA,0,NA,0,NA,NA,0
2013,4,2,NA,0,NA,0,NA,0,NA,0,NA,0,NA,NA,0
2013,4,3,NA,0,NA,0,NA,0,NA,0,NA,0,NA,NA,0
2013,4,4,NA,0,NA,0,NA,0,NA,0,NA,0,NA,NA,0
2013,4,5,NA,0,NA,0,NA,0,NA,0,NA,0,NA,NA,0
2013,4,6,NA,0,NA,0,NA,0,NA,0,NA,0,NA,NA,0
2013,4,7,NA,0,NA,0,NA,0,NA,0,NA,0,NA,NA,0
2013,4,8,NA,0,NA,0,NA,0,NA,0,NA,0,NA,NA,0
2013,4,9,NA,0,NA,0,NA,0,NA,0,NA,0,NA,NA,0
2013,4,10,NA,0,NA,0,NA,0,NA,0,NA,0,NA,NA,0
2013,4,11,NA,0,NA,0,NA,0,NA,0,NA,0,NA,NA,0
2013,4,12,NA,0,NA,0,NA,0,NA,0,NA,0,NA,NA,0
2013,4,13,NA,0,NA,0,NA,0,NA,0,NA,0,NA,NA,0
2013,4,14,NA,0,NA,0,NA,0,NA,0,NA,0,NA,NA,0
2013,4,15,NA,0,NA,0,NA,0,NA,0,NA,0,NA,NA,0
2013,4,16,NA,0,NA,0,NA,0,NA,0,NA,0,NA,NA,0
2013,4,17,NA,0,NA,0,NA,0,NA,0,NA,0,NA,NA,0
2013,4,18,NA,0,NA,0,NA,0,NA,0,NA,0,NA,NA,0
2013,4,19,NA,0.375,NA,0.375,NA,0.375,NA,0.375,NA,0.375,NA,NA,0.375
2013,4,20,NA,0,NA,0,NA,0,NA,0,NA,0,NA,NA,0
2013,4,21,NA,0,NA,0,NA,0,NA,0,NA,0,NA,NA,0
2013,4,22,NA,0,NA,0,NA,0,NA,0,NA,0,NA,NA,0
2013,4,23,NA,0,NA,0,NA,0,NA,0,NA,0,NA,NA,0
2013,4,24,NA,0,NA,0,NA,0,NA,0,NA,0,NA,NA,0
2013,4,25,NA,0,NA,0,NA,0,NA,0,NA,0,NA,NA,0
2013,4,26,NA,0,NA,0,NA,0,NA,0,NA,0,NA,NA,0
2013,4,27,NA,0,NA,0,NA,0,NA,0,NA,0,NA,NA,0
2013,4,28,NA,0,NA,0,NA,0,NA,0,NA,0,NA,NA,0
2013,4,29,NA,0,NA,0,NA,0,NA,0,NA,0,NA,NA,0
2013,4,30,NA,0,NA,0,NA,0,NA,0,NA,0,NA,NA,0
2013,5,1,NA,0,NA,0,NA,0,NA,0,NA,0,NA,NA,0
2013,5,2,NA,0,NA,0,NA,0,NA,0,NA,0,NA,NA,0
2013,5,3,NA,0.25,NA,0.375,NA,0.375,NA,0.375,NA,0.375,NA,NA,0.375
2013,5,4,-48.45,1,575.58,1,1.99,0.875,307.62,1,49.14,1,1.98,353.52,0.875
2013,5,5,-51.96,0.875,572.06,0.875,NA,0.625,339,0.875,45.13,0.875,NA,NA,0.625
2013,5,6,NA,0,NA,0,NA,0,NA,0,NA,0,NA,NA,0
2013,5,7,NA,0,NA,0,NA,0,NA,0,NA,0,NA,NA,0
2013,5,8,NA,0,NA,0,NA,0,NA,0,NA,0,NA,NA,0
2013,5,9,NA,0,NA,0,NA,0,NA,0,NA,0,NA,NA,0
2013,5,10,NA,0,NA,0,NA,0,NA,0,NA,0,NA,NA,0
2013,5,11,NA,0,NA,0,NA,0,NA,0,NA,0,NA,NA,0
2013,5,12,NA,0,NA,0,NA,0,NA,0,NA,0,NA,NA,0
2013,5,13,NA,0,NA,0,NA,0,NA,0,NA,0,NA,NA,0
2013,5,14,NA,0,NA,0,NA,0,NA,0,NA,0,NA,NA,0
2013,5,15,NA,0,NA,0,NA,0,NA,0,NA,0,NA,NA,0
2013,5,16,NA,0,NA,0,NA,0,NA,0,NA,0,NA,NA,0
2013,5,17,NA,0,NA,0,NA,0,NA,0,NA,0,NA,NA,0
2013,5,18,NA,0,NA,0,NA,0,NA,0,NA,0,NA,NA,0
2013,5,19,NA,0,NA,0,NA,0,NA,0,NA,0,NA,NA,0
2013,5,20,NA,0,NA,0,NA,0,NA,0,NA,0,NA,NA,0
2013,5,21,NA,0,NA,0,NA,0,NA,0,NA,0,NA,NA,0
2013,5,22,NA,0,NA,0,NA,0,NA,0,NA,0,NA,NA,0
2013,5,23,NA,0,NA,0,NA,0,NA,0,NA,0,NA,NA,0
2013,5,24,NA,0,NA,0,NA,0,NA,0,NA,0,NA,NA,0
2013,5,25,NA,0,NA,0,NA,0,NA,0,NA,0,NA,NA,0
2013,5,26,NA,0,NA,0,NA,0,NA,0,NA,0,NA,NA,0
2013,5,27,NA,0,NA,0,NA,0,NA,0,NA,0,NA,NA,0
2013,5,28,NA,0,NA,0,NA,0,NA,0,NA,0,NA,NA,0
2013,5,29,NA,0,NA,0,NA,0,NA,0,NA,0,NA,NA,0
2013,5,30,NA,0,NA,0,NA,0,NA,0,NA,0,NA,NA,0
2013,5,31,NA,0,NA,0,NA,0,NA,0,NA,0,NA,NA,0
2013,6,1,NA,0,NA,0,NA,0,NA,0,NA,0,NA,NA,0
2013,6,2,NA,0,NA,0,NA,0,NA,0,NA,0,NA,NA,0
2013,6,3,NA,0,NA,0,NA,0,NA,0,NA,0,NA,NA,0
2013,6,4,NA,0,NA,0,NA,0,NA,0,NA,0,NA,NA,0
2013,6,5,NA,0,NA,0,NA,0,NA,0,NA,0,NA,NA,0
2013,6,6,NA,0,NA,0,NA,0,NA,0,NA,0,NA,NA,0
2013,6,7,NA,0,NA,0,NA,0,NA,0,NA,0,NA,NA,0
2013,6,8,NA,0,NA,0,NA,0,NA,0,NA,0,NA,NA,0
2013,6,9,NA,0,NA,0,NA,0,NA,0,NA,0,NA,NA,0
2013,6,10,NA,0,NA,0,NA,0,NA,0,NA,0,NA,NA,0
2013,6,11,NA,0,NA,0,NA,0,NA,0,NA,0,NA,NA,0
2013,6,12,NA,0,NA,0,NA,0,NA,0,NA,0,NA,NA,0
2013,6,13,NA,0,NA,0,NA,0,NA,0,NA,0,NA,NA,0
2013,6,14,NA,0,NA,0,NA,0,NA,0,NA,0,NA,NA,0
2013,6,15,NA,0,NA,0,NA,0,NA,0,NA,0,NA,NA,0
2013,6,16,NA,0,NA,0,NA,0,NA,0,NA,0,NA,NA,0
2013,6,17,NA,0,NA,0,NA,0,NA,0,NA,0,NA,NA,0
2013,6,18,NA,0,NA,0,NA,0,NA,0,NA,0,NA,NA,0
2013,6,19,NA,0,NA,0,NA,0,NA,0,NA,0,NA,NA,0
2013,6,20,NA,0,NA,0,NA,0,NA,0,NA,0,NA,NA,0
2013,6,21,NA,0,NA,0,NA,0,NA,0,NA,0,NA,NA,0
2013,6,22,NA,0,NA,0,NA,0,NA,0,NA,0,NA,NA,0
2013,6,23,NA,0,NA,0,NA,0,NA,0,NA,0,NA,NA,0
2013,6,24,NA,0,NA,0,NA,0,NA,0,NA,0,NA,NA,0
2013,6,25,NA,0,NA,0,NA,0,NA,0,NA,0,NA,NA,0
2013,6,26,NA,0,NA,0,NA,0,NA,0,NA,0,NA,NA,0
2013,6,27,NA,0,NA,0,NA,0,NA,0,NA,0,NA,NA,0
2013,6,28,NA,0,NA,0,NA,0,NA,0,NA,0,NA,NA,0
2013,6,29,NA,0,NA,0,NA,0,NA,0,NA,0,NA,NA,0
2013,6,30,NA,0,NA,0,NA,0,NA,0,NA,0,NA,NA,0
2013,7,1,NA,0,NA,0,NA,0,NA,0,NA,0,NA,NA,0
2013,7,2,NA,0,NA,0,NA,0,NA,0,NA,0,NA,NA,0
2013,7,3,NA,0,NA,0,NA,0,NA,0,NA,0,NA,NA,0
2013,7,4,NA,0,NA,0,NA,0,NA,0,NA,0,NA,NA,0
2013,7,5,NA,0,NA,0,NA,0,NA,0,NA,0,NA,NA,0
2013,7,6,NA,0,NA,0,NA,0,NA,0,NA,0,NA,NA,0
2013,7,7,NA,0,NA,0,NA,0,NA,0,NA,0,NA,NA,0
2013,7,8,NA,0,NA,0,NA,0,NA,0,NA,0,NA,NA,0
2013,7,9,NA,0,NA,0,NA,0,NA,0,NA,0,NA,NA,0
2013,7,10,NA,0,NA,0,NA,0,NA,0,NA,0,NA,NA,0
2013,7,11,NA,0,NA,0,NA,0,NA,0,NA,0,NA,NA,0
2013,7,12,NA,0,NA,0,NA,0,NA,0,NA,0,NA,NA,0
2013,7,13,NA,0,NA,0,NA,0,NA,0,NA,0,NA,NA,0
2013,7,14,NA,0,NA,0,NA,0,NA,0,NA,0,NA,NA,0
2013,7,15,NA,0,NA,0,NA,0,NA,0,NA,0,NA,NA,0
2013,7,16,NA,0,NA,0,NA,0,NA,0,NA,0,NA,NA,0
2013,7,17,NA,0,NA,0,NA,0,NA,0,NA,0,NA,NA,0
2013,7,18,NA,0,NA,0,NA,0,NA,0,NA,0,NA,NA,0
2013,7,19,NA,0,NA,0,NA,0,NA,0,NA,0,NA,NA,0
2013,7,20,NA,0,NA,0,NA,0,NA,0,NA,0,NA,NA,0
2013,7,21,NA,0,NA,0,NA,0,NA,0,NA,0,NA,NA,0
2013,7,22,NA,0,NA,0,NA,0,NA,0,NA,0,NA,NA,0
2013,7,23,NA,0,NA,0,NA,0,NA,0,NA,0,NA,NA,0
2013,7,24,NA,0,NA,0,NA,0,NA,0,NA,0,NA,NA,0
2013,7,25,NA,0,NA,0,NA,0,NA,0,NA,0,NA,NA,0
2013,7,26,NA,0,NA,0,NA,0,NA,0,NA,0,NA,NA,0
2013,7,27,NA,0,NA,0,NA,0,NA,0,NA,0,NA,NA,0
2013,7,28,NA,0,NA,0,NA,0,NA,0,NA,0,NA,NA,0
2013,7,29,NA,0,NA,0,NA,0,NA,0,NA,0,NA,NA,0
2013,7,30,NA,0,NA,0,NA,0,NA,0,NA,0,NA,NA,0
2013,7,31,NA,0,NA,0,NA,0,NA,0,NA,0,NA,NA,0
2013,8,1,NA,0,NA,0,NA,0,NA,0,NA,0,NA,NA,0
2013,8,2,NA,0,NA,0,NA,0,NA,0,NA,0,NA,NA,0
2013,8,3,NA,0,NA,0,NA,0,NA,0,NA,0,NA,NA,0
2013,8,4,NA,0,NA,0,NA,0,NA,0,NA,0,NA,NA,0
2013,8,5,NA,0,NA,0,NA,0,NA,0,NA,0,NA,NA,0
2013,8,6,NA,0,NA,0,NA,0,NA,0,NA,0,NA,NA,0
2013,8,7,NA,0,NA,0,NA,0,NA,0,NA,0,NA,NA,0
2013,8,8,NA,0,NA,0,NA,0,NA,0,NA,0,NA,NA,0
2013,8,9,NA,0,NA,0,NA,0,NA,0,NA,0,NA,NA,0
2013,8,10,NA,0,NA,0,NA,0,NA,0,NA,0,NA,NA,0
2013,8,11,NA,0,NA,0,NA,0,NA,0,NA,0,NA,NA,0
2013,8,12,NA,0,NA,0,NA,0,NA,0,NA,0,NA,NA,0
2013,8,13,NA,0,NA,0,NA,0,NA,0,NA,0,NA,NA,0
2013,8,14,NA,0,NA,0,NA,0,NA,0,NA,0,NA,NA,0
2013,8,15,NA,0,NA,0,NA,0,NA,0,NA,0,NA,NA,0
2013,8,16,NA,0,NA,0,NA,0,NA,0,NA,0,NA,NA,0
2013,8,17,NA,0,NA,0,NA,0,NA,0,NA,0,NA,NA,0
2013,8,18,NA,0,NA,0,NA,0,NA,0,NA,0,NA,NA,0
2013,8,19,NA,0,NA,0,NA,0,NA,0,NA,0,NA,NA,0
2013,8,20,NA,0,NA,0,NA,0,NA,0,NA,0,NA,NA,0
2013,8,21,NA,0,NA,0,NA,0,NA,0,NA,0,NA,NA,0
2013,8,22,NA,0,NA,0,NA,0,NA,0,NA,0,NA,NA,0
2013,8,23,NA,0,NA,0,NA,0,NA,0,NA,0,NA,NA,0
2013,8,24,NA,0,NA,0,NA,0,NA,0,NA,0,NA,NA,0
2013,8,25,NA,0,NA,0,NA,0,NA,0,NA,0,NA,NA,0
2013,8,26,NA,0,NA,0,NA,0,NA,0,NA,0,NA,NA,0
2013,8,27,NA,0,NA,0,NA,0,NA,0,NA,0,NA,NA,0
2013,8,28,NA,0,NA,0,NA,0,NA,0,NA,0,NA,NA,0
2013,8,29,NA,0,NA,0,NA,0,NA,0,NA,0,NA,NA,0
2013,8,30,NA,0,NA,0,NA,0,NA,0,NA,0,NA,NA,0
2013,8,31,NA,0,NA,0,NA,0,NA,0,NA,0,NA,NA,0
2013,9,1,NA,0,NA,0,NA,0,NA,0,NA,0,NA,NA,0
2013,9,2,NA,0,NA,0,NA,0,NA,0,NA,0,NA,NA,0
2013,9,3,NA,0,NA,0,NA,0,NA,0,NA,0,NA,NA,0
2013,9,4,NA,0,NA,0,NA,0,NA,0,NA,0,NA,NA,0
2013,9,5,NA,0,NA,0,NA,0,NA,0,NA,0,NA,NA,0
2013,9,6,NA,0,NA,0,NA,0,NA,0,NA,0,NA,NA,0
2013,9,7,NA,0,NA,0,NA,0,NA,0,NA,0,NA,NA,0
2013,9,8,NA,0,NA,0,NA,0,NA,0,NA,0,NA,NA,0
2013,9,9,NA,0,NA,0,NA,0,NA,0,NA,0,NA,NA,0
2013,9,10,NA,0,NA,0,NA,0,NA,0,NA,0,NA,NA,0
2013,9,11,NA,0,NA,0,NA,0,NA,0,NA,0,NA,NA,0
2013,9,12,NA,0,NA,0,NA,0,NA,0,NA,0,NA,NA,0
2013,9,13,NA,0,NA,0,NA,0,NA,0,NA,0,NA,NA,0
2013,9,14,NA,0,NA,0,NA,0,NA,0,NA,0,NA,NA,0
2013,9,15,NA,0,NA,0,NA,0,NA,0,NA,0,NA,NA,0
2013,9,16,NA,0,NA,0,NA,0,NA,0,NA,0,NA,NA,0
2013,9,17,NA,0,NA,0,NA,0,NA,0,NA,0,NA,NA,0
2013,9,18,NA,0,NA,0,NA,0,NA,0,NA,0,NA,NA,0
2013,9,19,NA,0,NA,0,NA,0,NA,0,NA,0,NA,NA,0
2013,9,20,NA,0,NA,0,NA,0,NA,0,NA,0,NA,NA,0
2013,9,21,NA,0,NA,0,NA,0,NA,0,NA,0,NA,NA,0
2013,9,22,NA,0,NA,0,NA,0,NA,0,NA,0,NA,NA,0
2013,9,23,NA,0,NA,0,NA,0,NA,0,NA,0,NA,NA,0
2013,9,24,NA,0,NA,0,NA,0,NA,0,NA,0,NA,NA,0
2013,9,25,NA,0,NA,0,NA,0,NA,0,NA,0,NA,NA,0
2013,9,26,NA,0,NA,0,NA,0,NA,0,NA,0,NA,NA,0
2013,9,27,NA,0,NA,0,NA,0,NA,0,NA,0,NA,NA,0
2013,9,28,NA,0,NA,0,NA,0,NA,0,NA,0,NA,NA,0
2013,9,29,NA,0,NA,0,NA,0,NA,0,NA,0,NA,NA,0
2013,9,30,NA,0.125,NA,0.25,NA,0.25,NA,0.25,NA,0.25,NA,NA,0.25
2013,10,1,NA,0.375,NA,0.375,NA,0.375,NA,0.375,NA,0.375,NA,NA,0.375
2013,10,2,NA,0.125,NA,0.375,NA,0,NA,0,NA,0.375,NA,NA,0
2013,10,3,NA,0,NA,0,NA,0,NA,0,NA,0,NA,NA,0
2013,10,4,NA,0.375,NA,0.375,NA,0.375,NA,0.375,NA,0.375,NA,NA,0.375
2013,10,5,NA,0.25,NA,0.375,NA,0.375,NA,0.375,NA,0.375,NA,NA,0.375
2013,10,6,NA,0.25,NA,0.375,NA,0.25,NA,0.25,NA,0.375,NA,NA,0.25
2013,10,7,NA,0,NA,0,NA,0,NA,0,NA,0,NA,NA,0
2013,10,8,NA,0.375,NA,0.375,NA,0.375,NA,0.375,NA,0.375,NA,NA,0.375
2013,10,9,NA,0.375,NA,0.375,NA,0.375,NA,0.375,NA,0.375,NA,NA,0.375
2013,10,10,NA,0.25,NA,0.25,NA,0,NA,0.25,NA,0.25,NA,NA,0
2013,10,11,NA,0.125,NA,0.375,NA,0,NA,0.25,NA,0.375,NA,NA,0
2013,10,12,NA,0.125,NA,0.125,NA,0,NA,0.125,NA,0.125,NA,NA,0
2013,10,13,NA,0.25,NA,0.375,NA,0.375,NA,0.375,NA,0.375,NA,NA,0.375
2013,10,14,NA,0.375,NA,0.375,NA,0.375,NA,0.375,NA,0.375,NA,NA,0.375
2013,10,15,NA,0.375,NA,0.375,NA,0.375,NA,0.375,NA,0.375,NA,NA,0.375
2013,10,16,NA,0.375,NA,0.375,NA,0.375,NA,0.375,NA,0.375,NA,NA,0.375
2013,10,17,NA,0.375,NA,0.375,NA,0.375,NA,0.375,NA,0.375,NA,NA,0.375
2013,10,18,NA,0,NA,0.375,NA,0.375,NA,0.375,NA,0.375,NA,NA,0.375
2013,10,19,NA,0.25,NA,0.375,NA,0.375,NA,0.375,NA,0.375,NA,NA,0.375
2013,10,20,NA,0.125,NA,0.375,NA,0.375,NA,0.375,NA,0.375,NA,NA,0.375
2013,10,21,NA,0.25,NA,0.375,NA,0.375,NA,0.375,NA,0.375,NA,NA,0.375
2013,10,22,NA,0,NA,0,NA,0,NA,0,NA,0,NA,NA,0
2013,10,23,NA,0.375,NA,0.375,NA,0.375,NA,0.375,NA,0.375,NA,NA,0.375
2013,10,24,NA,0,NA,0,NA,0,NA,0,NA,0,NA,NA,0
2013,10,25,NA,0.375,NA,0.375,NA,0.125,NA,0.375,NA,0.375,NA,NA,0.125
2013,10,26,NA,0.125,NA,0.375,NA,0.375,NA,0.375,NA,0.375,NA,NA,0.375
2013,10,27,NA,0,NA,0,NA,0,NA,0,NA,0,NA,NA,0
2013,10,28,NA,0.125,NA,0.125,NA,0.125,NA,0.125,NA,0.125,NA,NA,0.125
2013,10,29,NA,0.25,NA,0.375,NA,0.375,NA,0.375,NA,0.375,NA,NA,0.375
2013,10,30,NA,0.125,NA,0.25,NA,0.375,NA,0.375,NA,0.375,NA,NA,0.375
2013,10,31,NA,0.375,NA,0.375,NA,0.375,NA,0.375,NA,0.375,NA,NA,0.375
2013,11,1,NA,0,NA,0,NA,0,NA,0,NA,0,NA,NA,0
2013,11,2,NA,0.125,NA,0.125,NA,0.125,NA,0.125,NA,0.125,NA,NA,0.125
2013,11,3,NA,0.125,NA,0.375,NA,0.375,NA,0.375,NA,0.375,NA,NA,0.375
2013,11,4,NA,0.125,NA,0.375,NA,0.375,NA,0.375,NA,0.375,NA,NA,0.375
2013,11,5,NA,0.375,NA,0.375,NA,0.375,NA,0.375,NA,0.375,NA,NA,0.375
2013,11,6,NA,0.375,NA,0.5,NA,0.5,NA,0.5,NA,0.5,NA,NA,0.5
2013,11,7,NA,0.375,NA,0.5,NA,0.5,NA,0.5,NA,0.5,NA,NA,0.5
2013,11,8,-46.86,0.875,584.1,0.75,4.84,0.875,250.57,0.875,34,0.75,4.8,250.54,0.875
2013,11,9,NA,0.5,589.74,1,9.31,1,244,1,47.76,1,9.13,244.8,1
2013,11,10,-34.83,0.75,595.5,1,6.78,1,236.12,1,50.84,1,6.76,236.01,1
2013,11,11,NA,0.5,595.92,1,5.47,1,264.88,1,47.24,1,4.69,268.06,1
2013,11,12,-35.6,1,592.48,1,8.6,1,287.5,1,52.84,1,8.52,287.25,1
2013,11,13,-36.54,0.875,593.22,1,7.51,1,271.88,1,38.04,1,7.4,270.28,1
2013,11,14,NA,0.625,591.62,1,5.95,1,300.38,1,56.38,1,5.88,300.32,1
2013,11,15,-36.2,0.875,589.11,1,4.82,1,277.75,1,34.75,1,4.65,277.79,1
2013,11,16,NA,0.625,585.68,1,4.95,1,292.88,1,52.23,1,4.91,293.64,1
2013,11,17,-40.27,0.75,584.31,1,5.29,1,262.75,1,34.74,1,5.03,263.54,1
2013,11,18,NA,0.625,592.75,1,6.14,1,301,1,42.23,1,5.47,304.2,1
2013,11,19,-26.55,0.75,595.31,1,9.82,1,318.12,1,66.74,1,9.68,317.73,1
2013,11,20,-31.02,0.75,594.01,1,6.14,1,294.38,1,58.94,1,5.78,292.69,1
2013,11,21,NA,0.5,590.38,1,3,1,186.12,1,30.55,1,2.16,178.16,1
2013,11,22,-37.76,1,590.8,1,2.89,1,121.12,1,34.33,1,2.24,102.29,1
2013,11,23,-39.38,0.75,594.94,1,4.72,1,224.75,1,31,1,4.38,227.04,1
2013,11,24,NA,0.5,595.86,1,4.94,1,241,1,26.5,1,4.88,241.07,1
2013,11,25,NA,0.625,594.89,1,4.28,1,233.88,1,31.56,1,4.21,233.37,1
2013,11,26,NA,0.5,588.38,1,4.2,0.875,228.86,0.875,29.69,1,4.03,232.51,0.875
2013,11,27,NA,0.625,588.49,1,4.54,0.875,286.75,1,47.41,1,4.28,333.06,0.875
2013,11,28,NA,0.5,592.56,1,3.6,1,291.62,1,47.89,1,3.56,292.63,1
2013,11,29,NA,0.625,592.56,1,2.29,1,268.5,1,32.52,1,2.05,273.71,1
2013,11,30,NA,0.5,593.41,1,3.09,1,307.88,1,47.04,1,3.04,308.89,1
2013,12,1,NA,0.5,592.35,1,5.41,1,275.5,1,46.52,1,5.27,275.68,1
2013,12,2,NA,0.625,591.12,1,4.95,1,271.62,1,38.09,1,4.85,271.36,1
2013,12,3,-29.55,0.75,588.34,1,3.25,1,229.5,1,29.77,1,3.05,240.45,1
2013,12,4,NA,0.25,586.44,1,2.01,0.875,204.86,0.875,35.21,1,1.53,307.75,0.875
2013,12,5,-30.29,0.875,587.22,1,4.68,1,254.5,1,46.39,1,4.59,254.36,1
2013,12,6,-29.77,0.75,587.2,1,4.9,1,276.5,1,47.85,1,4.84,276.61,1
2013,12,7,-30.13,0.875,588.15,1,4.12,1,270.62,1,37.16,1,4.11,270.98,1
2013,12,8,-30.79,0.875,590.61,1,3,1,178.25,1,28.65,1,2.64,176.47,1
2013,12,9,NA,0.5,591.3,1,2.42,1,133.62,1,35.95,1,1.59,29.3,1
2013,12,10,-31.03,0.75,592.36,1,4.56,1,294.75,1,52.94,1,4.49,293.76,1
2013,12,11,-31.62,0.75,593.01,1,4.15,1,266.62,1,32.48,1,4.09,266.22,1
2013,12,12,NA,0.25,591.29,1,1.88,1,222.62,1,22.21,1,1.77,230.28,1
2013,12,13,NA,0.375,589.96,1,2,1,137.38,1,35.25,1,1.83,14.75,1
2013,12,14,-28.86,0.875,590.45,1,3.8,1,300.75,1,51.15,1,3.72,299.38,1
2013,12,15,NA,0.5,590.98,1,2.7,1,279.5,1,45.36,1,2.59,283.17,1
2013,12,16,NA,0.5,590.44,1,1.94,1,172.88,1,33.99,1,0.97,28.59,1
2013,12,17,NA,0.375,589.99,1,3.08,1,287.75,1,42.64,1,2.95,330.51,1
2013,12,18,-30.7,0.75,590,1,3.8,1,274.12,1,39.15,1,3.71,273.9,1
2013,12,19,-30.63,0.75,589.21,1,3.55,1,271,1,37.82,1,3.4,270.47,1
2013,12,20,-30.43,0.75,588.4,1,2.98,1,251.5,1,33.26,1,2.77,249.9,1
2013,12,21,-32.4,0.75,588.86,1,5.03,1,241,1,37.11,1,4.95,240.48,1
2013,12,22,-30.5,0.75,587.74,1,5.54,1,231.38,1,42.64,1,5.45,229.14,1
2013,12,23,-28.87,0.75,583.95,1,5.12,1,213.25,1,39.46,1,4.65,218.05,1
2013,12,24,NA,0.625,583.52,1,2.85,1,189.12,1,27.62,1,2.78,188.46,1
2013,12,25,NA,0.125,583.62,1,2.31,1,241.38,1,29.77,1,1.08,276.4,1
2013,12,26,-33.58,1,586.5,1,5.36,1,299.38,1,51.75,1,5.23,298.14,1
2013,12,27,-31.3,0.75,589.69,1,3.8,1,308.25,1,48.08,1,3.63,306.2,1
2013,12,28,NA,0.375,591.85,1,3.02,1,323,1,45.86,1,2.84,320.19,1
2013,12,29,NA,0.5,592.6,1,4.24,1,282.5,1,46.6,1,4.13,279.65,1
2013,12,30,-34.15,1,595.26,1,6.89,1,273.12,1,47.42,1,6.87,272.8,1
2013,12,31,-33.33,1,598.1,1,7.46,1,273.88,1,47.98,1,7.42,273.68,1
2014,1,1,NA,0.625,600.78,1,3.66,1,204.12,1,33.41,1,2.32,232.62,1
2014,1,2,NA,0.5,597.62,1,6.4,0.75,128.5,1,62.56,1,4.45,49.48,0.75
2014,1,3,-26,0.75,597.01,1,4.65,1,249.88,1,41.21,1,4.48,248.45,1
2014,1,4,-28.51,0.875,595.44,1,3.72,1,165.25,1,39.64,1,3.22,170.73,1
2014,1,5,NA,0.625,597.01,1,2.98,1,198.12,1,43,1,1.36,344.7,1
2014,1,6,-28.74,0.875,601.41,1,4.85,1,290.12,1,53.65,1,4.58,286.33,1
2014,1,7,-28.56,0.875,600.95,1,2.76,1,122.5,1,47.76,1,2.17,30.01,1
2014,1,8,-28.25,0.75,599.65,1,2.92,1,251.5,1,35.76,1,2.68,252.41,1
2014,1,9,NA,0.625,598.16,1,3.48,1,251.38,1,34.23,1,3.44,250.73,1
2014,1,10,NA,0.625,597.76,1,3.8,1,267,1,44.29,1,3.71,265.9,1
2014,1,11,NA,0.5,598.24,1,4.97,1,232.75,1,42.34,1,4.96,232.61,1
2014,1,12,NA,0.625,598.4,1,4.45,1,248.75,1,37.11,1,4.37,249.72,1
2014,1,13,-27.21,0.875,597.8,1,3.24,1,246.62,1,32.23,1,3.21,246.07,1
2014,1,14,NA,0.25,596.06,1,2.05,1,274.62,1,35.12,1,1.89,272.97,1
2014,1,15,NA,0.25,594.2,1,1.85,1,203.38,1,28.45,1,1.36,194.76,1
2014,1,16,NA,0.5,593.89,1,2.5,1,224.62,1,27.36,1,2.27,232.29,1
2014,1,17,NA,0.5,592.24,1,2.28,1,180.62,1,30.29,1,1.45,200.43,1
2014,1,18,-31.02,0.75,589.05,1,2.95,1,143.62,1,41.36,1,2.66,6.41,1
2014,1,19,-33.49,1,592.15,1,5.11,1,300.25,1,55.98,1,5.03,299.37,1
2014,1,20,NA,0.625,594.48,1,3.22,1,191.5,1,49.45,1,1.86,4.54,1
2014,1,21,-31.97,0.75,592.28,1,5.54,1,88.75,1,54.88,1,5.05,44.49,1
2014,1,22,NA,0.625,591.49,1,4.91,1,291.25,1,53.65,1,4.76,337.84,1
2014,1,23,NA,0.625,591.22,1,3.92,1,297.62,1,52.89,1,3.77,296.61,1
2014,1,24,NA,0.125,589.9,1,2.04,1,112.88,1,41.98,1,1.26,35.08,1
2014,1,25,NA,0.625,587.38,1,3.52,1,120,1,51.85,1,2.24,42.32,1
2014,1,26,-35.76,0.875,584.86,1,3.62,1,278.25,1,48.11,1,3.52,277.06,1
2014,1,27,NA,0.5,581.34,1,2.09,1,170.62,1,31.76,1,1.28,130.89,1
2014,1,28,NA,0.5,579.88,1,2.59,1,132.5,1,39.61,1,1.82,45.15,1
2014,1,29,NA,0.375,580.7,1,2.16,1,84.38,1,38.55,1,1.88,44.07,1
2014,1,30,NA,0.375,582.15,1,3.1,1,98.12,1,40.35,1,2.8,6.15,1
2014,1,31,NA,0.5,583.35,1,2.92,1,309.25,1,41.88,1,2.63,298.01,1
2014,2,1,NA,0.5,583.54,1,3.45,1,261.62,1,36.04,1,3.43,262.6,1
2014,2,2,-41.72,0.75,585.54,1,3.57,1,265.88,1,37.32,1,3.53,265.09,1
2014,2,3,-40.6,0.75,586.8,1,3.48,1,268.38,1,40.74,1,3.43,266.68,1
2014,2,4,NA,0.625,585.05,1,3.95,1,247.5,1,36.54,1,3.92,247.78,1
2014,2,5,NA,0.375,582.68,1,4.68,1,245.88,1,36.24,1,4.57,246.63,1
2014,2,6,NA,0.375,585.51,1,4.2,1,216,1,40.75,1,4.19,216.09,1
2014,2,7,NA,0.375,585.09,1,3.5,1,204.88,1,37.79,1,3.47,204.21,1
2014,2,8,NA,0.625,586.52,1,3.61,1,280.5,1,43.62,1,3.12,289.01,1
2014,2,9,NA,0.5,592.36,1,3.52,1,319.75,1,45.25,1,3.34,318.3,1
2014,2,10,NA,0.5,593.36,1,4,1,311.5,1,48.67,1,3.95,309.69,1
2014,2,11,-42.75,0.75,592.6,1,NA,0.625,305.12,1,48.41,1,NA,NA,0.625
2014,2,12,NA,0.625,591.09,1,3.02,1,188.12,1,47.19,1,1.96,349.22,1
2014,2,13,NA,0.5,588.78,1,4.26,1,315.38,1,48.23,1,4.18,315.84,1
2014,2,14,-41.73,0.75,587.58,1,5.89,1,320.62,1,49.44,1,5.88,320.72,1
2014,2,15,NA,0.625,585.19,0.875,4.49,0.875,303.29,0.875,48.16,0.875,4.44,303.32,0.875
2014,2,16,NA,0.625,582.76,0.875,4.76,0.875,304.14,0.875,51.5,0.875,4.64,305.3,0.875
2014,2,17,-45.87,0.875,582.72,0.75,7,0.875,279.14,0.875,47.51,0.875,6.84,279.6,0.875
2014,2,18,-44.95,0.75,NA,0.625,4.04,0.875,252,0.875,43.81,0.875,4,252.49,0.875
2014,2,19,NA,0.5,583,0.75,3.15,1,66.12,1,48.12,1,2.63,44.83,1
2014,2,20,NA,0,NA,0,NA,0,NA,0,NA,0,NA,NA,0
2014,2,21,NA,0,NA,0,NA,0,NA,0,NA,0,NA,NA,0
2014,2,22,NA,0,NA,0,NA,0,NA,0,NA,0,NA,NA,0
2014,2,23,NA,0,NA,0,NA,0,NA,0,NA,0,NA,NA,0
2014,2,24,NA,0,NA,0,NA,0,NA,0,NA,0,NA,NA,0
2014,2,25,NA,0.5,NA,0.5,NA,0.5,NA,0.5,NA,0.5,NA,NA,0.5
2014,2,26,NA,0.375,581.9,0.75,5.2,0.75,273,0.75,51.75,0.75,4.63,275.44,0.75
2014,2,27,NA,0,NA,0,NA,0,NA,0,NA,0,NA,NA,0
2014,2,28,NA,0.5,NA,0.5,NA,0.5,NA,0.5,NA,0.5,NA,NA,0.5
2014,3,1,NA,0.5,NA,0.625,NA,0.625,NA,0.625,NA,0.625,NA,NA,0.625
2014,3,2,NA,0.5,NA,0.5,NA,0.5,NA,0.5,NA,0.5,NA,NA,0.5
2014,3,3,NA,0,NA,0,NA,0,NA,0,NA,0,NA,NA,0
2014,3,4,NA,0,NA,0,NA,0,NA,0,NA,0,NA,NA,0
2014,3,5,NA,0,NA,0,NA,0,NA,0,NA,0,NA,NA,0
2014,3,6,NA,0,NA,0,NA,0,NA,0,NA,0,NA,NA,0
2014,3,7,NA,0,NA,0,NA,0,NA,0,NA,0,NA,NA,0
2014,3,8,NA,0,NA,0,NA,0,NA,0,NA,0,NA,NA,0
2014,3,9,NA,0.375,NA,0.375,NA,0.375,NA,0.375,NA,0.375,NA,NA,0.375
2014,3,10,NA,0,NA,0,NA,0,NA,0,NA,0,NA,NA,0
2014,3,11,NA,0,NA,0,NA,0,NA,0,NA,0,NA,NA,0
2014,3,12,NA,0.5,NA,0.5,NA,0.25,NA,0.625,NA,0.5,NA,NA,0.25
2014,3,13,NA,0.25,NA,0.25,NA,0.125,NA,0.125,NA,0.25,NA,NA,0.125
2014,3,14,NA,0.125,NA,0.125,NA,0.125,NA,0.125,NA,0.125,NA,NA,0.125
2014,3,15,NA,0.25,NA,0.25,NA,0.25,NA,0.25,NA,0.25,NA,NA,0.25
2014,3,16,NA,0,NA,0,NA,0,NA,0,NA,0,NA,NA,0
2014,3,17,NA,0.125,NA,0.125,NA,0.125,NA,0.125,NA,0.25,NA,NA,0.125
2014,3,18,NA,0.125,NA,0.5,NA,0.5,NA,0.5,NA,0.5,NA,NA,0.5
2014,3,19,NA,0.5,NA,0.5,NA,0.5,NA,0.5,NA,0.625,NA,NA,0.5
2014,3,20,NA,0.375,NA,0.375,NA,0.25,NA,0.25,NA,0.375,NA,NA,0.25
2014,3,21,NA,0.125,NA,0.125,NA,0.125,NA,0.125,NA,0.125,NA,NA,0.125
2014,3,22,NA,0,NA,0,NA,0,NA,0,NA,0,NA,NA,0
2014,3,23,NA,0,NA,0,NA,0,NA,0,NA,0,NA,NA,0
2014,3,24,NA,0,NA,0,NA,0,NA,0,NA,0,NA,NA,0
2014,3,25,NA,0,NA,0,NA,0.125,NA,0.125,NA,0,NA,NA,0.125
2014,3,26,NA,0.125,NA,0.125,NA,0.125,NA,0.125,NA,0.125,NA,NA,0.125
2014,3,27,NA,0,NA,0,NA,0,NA,0,NA,0,NA,NA,0
2014,3,28,NA,0,NA,0,NA,0,NA,0,NA,0,NA,NA,0
2014,3,29,NA,0,NA,0,NA,0,NA,0,NA,0,NA,NA,0
2014,3,30,NA,0.25,NA,0.25,NA,0.25,NA,0.25,NA,0.25,NA,NA,0.25
2014,3,31,NA,0,NA,0,NA,0,NA,0,NA,0,NA,NA,0
2014,4,1,NA,0,NA,0,NA,0,NA,0,NA,0,NA,NA,0
2014,4,2,NA,0,NA,0,NA,0,NA,0,NA,0,NA,NA,0
2014,4,3,NA,0.25,NA,0.375,NA,0.375,NA,0.375,NA,0.375,NA,NA,0.375
2014,4,4,NA,0,NA,0,NA,0,NA,0,NA,0,NA,NA,0
2014,4,5,NA,0.125,NA,0.125,NA,0.25,NA,0.25,NA,0.125,NA,NA,0.25
2014,4,6,NA,0,NA,0,NA,0,NA,0,NA,0,NA,NA,0
2014,4,7,NA,0,NA,0,NA,0,NA,0,NA,0,NA,NA,0
2014,4,8,NA,0,NA,0,NA,0,NA,0,NA,0,NA,NA,0
2014,4,9,NA,0,NA,0,NA,0,NA,0,NA,0,NA,NA,0
2014,4,10,NA,0,NA,0,NA,0,NA,0,NA,0,NA,NA,0
2014,4,11,NA,0,NA,0,NA,0,NA,0,NA,0,NA,NA,0
2014,4,12,NA,0,NA,0,NA,0,NA,0,NA,0,NA,NA,0
2014,4,13,NA,0,NA,0,NA,0,NA,0,NA,0,NA,NA,0
2014,4,14,NA,0.25,NA,0.25,NA,0.25,NA,0.25,NA,0.25,NA,NA,0.25
2014,4,15,NA,0,NA,0,NA,0,NA,0,NA,0,NA,NA,0
2014,4,16,NA,0,NA,0,NA,0,NA,0,NA,0,NA,NA,0
2014,4,17,NA,0,NA,0,NA,0,NA,0,NA,0,NA,NA,0
2014,4,18,NA,0.125,NA,0.125,NA,0.125,NA,0.125,NA,0.125,NA,NA,0.125
2014,4,19,NA,0,NA,0,NA,0,NA,0,NA,0,NA,NA,0
2014,4,20,NA,0,NA,0,NA,0,NA,0,NA,0,NA,NA,0
2014,4,21,NA,0,NA,0,NA,0,NA,0,NA,0,NA,NA,0
2014,4,22,NA,0,NA,0,NA,0.125,NA,0.125,NA,0,NA,NA,0.125
2014,4,23,NA,0,NA,0,NA,0,NA,0,NA,0,NA,NA,0
2014,4,24,NA,0,NA,0,NA,0,NA,0,NA,0,NA,NA,0
2014,4,25,NA,0,NA,0,NA,0,NA,0,NA,0,NA,NA,0
2014,4,26,NA,0,NA,0,NA,0,NA,0,NA,0,NA,NA,0
2014,4,27,NA,0,NA,0,NA,0,NA,0,NA,0,NA,NA,0
2014,4,28,NA,0,NA,0,NA,0,NA,0,NA,0,NA,NA,0
2014,4,29,NA,0,NA,0,NA,0,NA,0,NA,0,NA,NA,0
2014,4,30,NA,0,NA,0,NA,0,NA,0,NA,0,NA,NA,0
2014,5,1,NA,0,NA,0,NA,0,NA,0,NA,0,NA,NA,0
2014,5,2,NA,0,NA,0,NA,0,NA,0,NA,0,NA,NA,0
2014,5,3,NA,0,NA,0,NA,0,NA,0,NA,0,NA,NA,0
2014,5,4,NA,0,NA,0,NA,0,NA,0,NA,0,NA,NA,0
2014,5,5,NA,0,NA,0,NA,0,NA,0,NA,0,NA,NA,0
2014,5,6,NA,0,NA,0,NA,0,NA,0,NA,0,NA,NA,0
2014,5,7,NA,0,NA,0,NA,0,NA,0,NA,0,NA,NA,0
2014,5,8,NA,0,NA,0,NA,0,NA,0,NA,0,NA,NA,0
2014,5,9,-52.93,0.875,589.83,0.875,7.29,0.875,299.71,0.875,43.14,0.875,7.26,350.95,0.875
2014,5,10,NA,0.125,NA,0.25,NA,0.25,NA,0.25,NA,0.25,NA,NA,0.25
2014,5,11,NA,0,NA,0,NA,0,NA,0,NA,0,NA,NA,0
2014,5,12,NA,0,NA,0,NA,0,NA,0,NA,0,NA,NA,0
2014,5,13,NA,0,NA,0,NA,0,NA,0,NA,0,NA,NA,0
2014,5,14,NA,0,NA,0,NA,0,NA,0,NA,0,NA,NA,0
2014,5,15,NA,0,NA,0,NA,0,NA,0,NA,0,NA,NA,0
2014,5,16,NA,0,NA,0,NA,0,NA,0,NA,0,NA,NA,0
2014,5,17,NA,0,NA,0,NA,0,NA,0,NA,0,NA,NA,0
2014,5,18,NA,0,NA,0,NA,0,NA,0,NA,0,NA,NA,0
2014,5,19,NA,0,NA,0,NA,0,NA,0,NA,0,NA,NA,0
2014,5,20,NA,0,NA,0,NA,0,NA,0,NA,0,NA,NA,0
2014,5,21,NA,0,NA,0,NA,0,NA,0,NA,0,NA,NA,0
2014,5,22,NA,0,NA,0,NA,0,NA,0,NA,0,NA,NA,0
2014,5,23,NA,0,NA,0,NA,0,NA,0,NA,0,NA,NA,0
2014,5,24,NA,0,NA,0,NA,0,NA,0,NA,0,NA,NA,0
2014,5,25,NA,0,NA,0,NA,0,NA,0,NA,0,NA,NA,0
2014,5,26,NA,0,NA,0,NA,0,NA,0,NA,0,NA,NA,0
2014,5,27,NA,0,NA,0,NA,0,NA,0,NA,0,NA,NA,0
2014,5,28,NA,0,NA,0,NA,0,NA,0,NA,0,NA,NA,0
2014,5,29,NA,0,NA,0,NA,0,NA,0,NA,0,NA,NA,0
2014,5,30,NA,0,NA,0,NA,0,NA,0,NA,0,NA,NA,0
2014,5,31,NA,0,NA,0,NA,0,NA,0,NA,0,NA,NA,0
2014,6,1,NA,0,NA,0,NA,0,NA,0,NA,0,NA,NA,0
2014,6,2,NA,0,NA,0,NA,0,NA,0,NA,0,NA,NA,0
2014,6,3,NA,0,NA,0,NA,0,NA,0,NA,0,NA,NA,0
2014,6,4,NA,0,NA,0,NA,0,NA,0,NA,0,NA,NA,0
2014,6,5,NA,0,NA,0,NA,0,NA,0,NA,0,NA,NA,0
2014,6,6,NA,0,NA,0,NA,0,NA,0,NA,0,NA,NA,0
2014,6,7,NA,0,NA,0,NA,0,NA,0,NA,0,NA,NA,0
2014,6,8,NA,0,NA,0,NA,0,NA,0,NA,0,NA,NA,0
2014,6,9,NA,0,NA,0,NA,0,NA,0,NA,0,NA,NA,0
2014,6,10,NA,0,NA,0,NA,0,NA,0,NA,0,NA,NA,0
2014,6,11,NA,0,NA,0,NA,0,NA,0,NA,0,NA,NA,0
2014,6,12,NA,0,NA,0,NA,0,NA,0,NA,0,NA,NA,0
2014,6,13,NA,0,NA,0,NA,0,NA,0,NA,0,NA,NA,0
2014,6,14,NA,0,NA,0,NA,0,NA,0,NA,0,NA,NA,0
2014,6,15,NA,0,NA,0,NA,0,NA,0,NA,0,NA,NA,0
2014,6,16,NA,0,NA,0,NA,0,NA,0,NA,0,NA,NA,0
2014,6,17,NA,0,NA,0,NA,0,NA,0,NA,0,NA,NA,0
2014,6,18,NA,0,NA,0,NA,0,NA,0,NA,0,NA,NA,0
2014,6,19,NA,0,NA,0,NA,0,NA,0,NA,0,NA,NA,0
2014,6,20,NA,0,NA,0,NA,0,NA,0,NA,0,NA,NA,0
2014,6,21,NA,0,NA,0,NA,0,NA,0,NA,0,NA,NA,0
2014,6,22,NA,0,NA,0,NA,0,NA,0,NA,0,NA,NA,0
2014,6,23,NA,0,NA,0,NA,0,NA,0,NA,0,NA,NA,0
2014,6,24,NA,0,NA,0,NA,0,NA,0,NA,0,NA,NA,0
2014,6,25,NA,0,NA,0,NA,0,NA,0,NA,0,NA,NA,0
2014,6,26,NA,0,NA,0,NA,0,NA,0,NA,0,NA,NA,0
2014,6,27,NA,0,NA,0,NA,0,NA,0,NA,0,NA,NA,0
2014,6,28,NA,0,NA,0,NA,0,NA,0,NA,0,NA,NA,0
2014,6,29,NA,0,NA,0,NA,0,NA,0,NA,0,NA,NA,0
2014,6,30,NA,0,NA,0,NA,0,NA,0,NA,0,NA,NA,0
2014,7,1,NA,0,NA,0,NA,0,NA,0,NA,0,NA,NA,0
2014,7,2,NA,0,NA,0,NA,0,NA,0,NA,0,NA,NA,0
2014,7,3,NA,0,NA,0,NA,0,NA,0,NA,0,NA,NA,0
2014,7,4,NA,0,NA,0,NA,0,NA,0,NA,0,NA,NA,0
2014,7,5,NA,0,NA,0,NA,0,NA,0,NA,0,NA,NA,0
2014,7,6,NA,0,NA,0,NA,0,NA,0,NA,0,NA,NA,0
2014,7,7,NA,0,NA,0,NA,0,NA,0,NA,0,NA,NA,0
2014,7,8,NA,0,NA,0,NA,0,NA,0,NA,0,NA,NA,0
2014,7,9,NA,0,NA,0,NA,0,NA,0,NA,0,NA,NA,0
2014,7,10,NA,0,NA,0,NA,0,NA,0,NA,0,NA,NA,0
2014,7,11,NA,0,NA,0,NA,0,NA,0,NA,0,NA,NA,0
2014,7,12,NA,0,NA,0,NA,0,NA,0,NA,0,NA,NA,0
2014,7,13,NA,0,NA,0,NA,0,NA,0,NA,0,NA,NA,0
2014,7,14,NA,0,NA,0,NA,0,NA,0,NA,0,NA,NA,0
2014,7,15,NA,0,NA,0,NA,0,NA,0,NA,0,NA,NA,0
2014,7,16,NA,0,NA,0,NA,0,NA,0,NA,0,NA,NA,0
2014,7,17,NA,0,NA,0,NA,0,NA,0,NA,0,NA,NA,0
2014,7,18,NA,0,NA,0,NA,0,NA,0,NA,0,NA,NA,0
2014,7,19,NA,0,NA,0,NA,0,NA,0,NA,0,NA,NA,0
2014,7,20,NA,0,NA,0,NA,0,NA,0,NA,0,NA,NA,0
2014,7,21,NA,0,NA,0,NA,0,NA,0,NA,0,NA,NA,0
2014,7,22,NA,0,NA,0,NA,0,NA,0,NA,0,NA,NA,0
2014,7,23,NA,0,NA,0,NA,0,NA,0,NA,0,NA,NA,0
2014,7,24,NA,0,NA,0,NA,0,NA,0,NA,0,NA,NA,0
2014,7,25,NA,0,NA,0,NA,0,NA,0,NA,0,NA,NA,0
2014,7,26,NA,0,NA,0,NA,0,NA,0,NA,0,NA,NA,0
2014,7,27,NA,0,NA,0,NA,0,NA,0,NA,0,NA,NA,0
2014,7,28,NA,0,NA,0,NA,0,NA,0,NA,0,NA,NA,0
2014,7,29,NA,0,NA,0,NA,0,NA,0,NA,0,NA,NA,0
2014,7,30,NA,0,NA,0,NA,0,NA,0,NA,0,NA,NA,0
2014,7,31,NA,0,NA,0,NA,0,NA,0,NA,0,NA,NA,0
2014,8,1,NA,0,NA,0,NA,0,NA,0,NA,0,NA,NA,0
2014,8,2,NA,0,NA,0,NA,0,NA,0,NA,0,NA,NA,0
2014,8,3,NA,0,NA,0,NA,0,NA,0,NA,0,NA,NA,0
2014,8,4,NA,0,NA,0,NA,0,NA,0,NA,0,NA,NA,0
2014,8,5,NA,0,NA,0,NA,0,NA,0,NA,0,NA,NA,0
2014,8,6,NA,0,NA,0,NA,0,NA,0,NA,0,NA,NA,0
2014,8,7,NA,0,NA,0,NA,0,NA,0,NA,0,NA,NA,0
2014,8,8,NA,0,NA,0,NA,0,NA,0,NA,0,NA,NA,0
2014,8,9,NA,0,NA,0,NA,0,NA,0,NA,0,NA,NA,0
2014,8,10,NA,0,NA,0,NA,0,NA,0,NA,0,NA,NA,0
2014,8,11,NA,0,NA,0,NA,0,NA,0,NA,0,NA,NA,0
2014,8,12,NA,0,NA,0,NA,0,NA,0,NA,0,NA,NA,0
2014,8,13,NA,0,NA,0,NA,0,NA,0,NA,0,NA,NA,0
2014,8,14,NA,0,NA,0,NA,0,NA,0,NA,0,NA,NA,0
2014,8,15,NA,0,NA,0,NA,0,NA,0,NA,0,NA,NA,0
2014,8,16,NA,0,NA,0,NA,0,NA,0,NA,0,NA,NA,0
2014,8,17,NA,0,NA,0,NA,0,NA,0,NA,0,NA,NA,0
2014,8,18,NA,0,NA,0,NA,0,NA,0,NA,0,NA,NA,0
2014,8,19,NA,0,NA,0,NA,0,NA,0,NA,0,NA,NA,0
2014,8,20,NA,0,NA,0,NA,0,NA,0,NA,0,NA,NA,0
2014,8,21,NA,0,NA,0,NA,0,NA,0,NA,0,NA,NA,0
2014,8,22,NA,0,NA,0,NA,0,NA,0,NA,0,NA,NA,0
2014,8,23,NA,0,NA,0,NA,0,NA,0,NA,0,NA,NA,0
2014,8,24,NA,0,NA,0,NA,0,NA,0,NA,0,NA,NA,0
2014,8,25,NA,0,NA,0,NA,0,NA,0,NA,0,NA,NA,0
2014,8,26,NA,0,NA,0,NA,0,NA,0,NA,0,NA,NA,0
2014,8,27,NA,0,NA,0,NA,0,NA,0,NA,0,NA,NA,0
2014,8,28,NA,0,NA,0,NA,0,NA,0,NA,0,NA,NA,0
2014,8,29,NA,0,NA,0,NA,0,NA,0,NA,0,NA,NA,0
2014,8,30,NA,0,NA,0,NA,0,NA,0,NA,0,NA,NA,0
2014,8,31,NA,0,NA,0,NA,0,NA,0,NA,0,NA,NA,0
2014,9,1,NA,0,NA,0,NA,0,NA,0,NA,0,NA,NA,0
2014,9,2,NA,0,NA,0,NA,0,NA,0,NA,0,NA,NA,0
2014,9,3,NA,0,NA,0,NA,0,NA,0,NA,0,NA,NA,0
2014,9,4,NA,0,NA,0,NA,0,NA,0,NA,0,NA,NA,0
2014,9,5,NA,0,NA,0,NA,0,NA,0,NA,0,NA,NA,0
2014,9,6,NA,0,NA,0,NA,0,NA,0,NA,0,NA,NA,0
2014,9,7,NA,0,NA,0,NA,0,NA,0,NA,0,NA,NA,0
2014,9,8,NA,0,NA,0,NA,0,NA,0,NA,0,NA,NA,0
2014,9,9,NA,0,NA,0,NA,0,NA,0,NA,0,NA,NA,0
2014,9,10,NA,0,NA,0,NA,0,NA,0,NA,0,NA,NA,0
2014,9,11,NA,0,NA,0,NA,0,NA,0,NA,0,NA,NA,0
2014,9,12,NA,0,NA,0,NA,0,NA,0,NA,0,NA,NA,0
2014,9,13,NA,0,NA,0,NA,0,NA,0,NA,0,NA,NA,0
2014,9,14,NA,0,NA,0,NA,0,NA,0,NA,0,NA,NA,0
2014,9,15,NA,0,NA,0,NA,0,NA,0,NA,0,NA,NA,0
2014,9,16,NA,0,NA,0,NA,0,NA,0,NA,0,NA,NA,0
2014,9,17,NA,0,NA,0,NA,0,NA,0,NA,0,NA,NA,0
2014,9,18,NA,0,NA,0,NA,0,NA,0,NA,0,NA,NA,0
2014,9,19,NA,0,NA,0,NA,0,NA,0,NA,0,NA,NA,0
2014,9,20,NA,0,NA,0,NA,0,NA,0,NA,0,NA,NA,0
2014,9,21,NA,0,NA,0,NA,0,NA,0,NA,0,NA,NA,0
2014,9,22,NA,0,NA,0,NA,0,NA,0,NA,0,NA,NA,0
2014,9,23,NA,0,NA,0,NA,0,NA,0,NA,0,NA,NA,0
2014,9,24,NA,0,NA,0,NA,0,NA,0,NA,0,NA,NA,0
2014,9,25,NA,0,NA,0,NA,0,NA,0,NA,0,NA,NA,0
2014,9,26,NA,0,NA,0,NA,0,NA,0,NA,0,NA,NA,0
2014,9,27,NA,0,NA,0,NA,0,NA,0,NA,0,NA,NA,0
2014,9,28,NA,0,NA,0,NA,0,NA,0,NA,0,NA,NA,0
2014,9,29,NA,0,NA,0,NA,0,NA,0,NA,0,NA,NA,0
2014,9,30,NA,0,NA,0,NA,0,NA,0,NA,0,NA,NA,0
2014,10,1,NA,0,NA,0,NA,0,NA,0,NA,0,NA,NA,0
2014,10,2,NA,0,NA,0,NA,0,NA,0,NA,0,NA,NA,0
2014,10,3,NA,0,NA,0,NA,0,NA,0,NA,0,NA,NA,0
2014,10,4,NA,0,NA,0,NA,0,NA,0,NA,0,NA,NA,0
2014,10,5,NA,0,NA,0,NA,0,NA,0,NA,0,NA,NA,0
2014,10,6,NA,0,NA,0,NA,0,NA,0,NA,0,NA,NA,0
2014,10,7,NA,0,NA,0,NA,0,NA,0,NA,0,NA,NA,0
2014,10,8,NA,0,NA,0,NA,0,NA,0,NA,0,NA,NA,0
2014,10,9,NA,0,NA,0,NA,0,NA,0,NA,0,NA,NA,0
2014,10,10,NA,0,NA,0,NA,0,NA,0,NA,0,NA,NA,0
2014,10,11,NA,0,NA,0,NA,0,NA,0,NA,0,NA,NA,0
2014,10,12,NA,0,NA,0,NA,0,NA,0,NA,0,NA,NA,0
2014,10,13,NA,0,NA,0,NA,0,NA,0,NA,0,NA,NA,0
2014,10,14,NA,0,NA,0,NA,0,NA,0,NA,0,NA,NA,0
2014,10,15,NA,0,NA,0,NA,0,NA,0,NA,0,NA,NA,0
2014,10,16,NA,0,NA,0,NA,0,NA,0,NA,0,NA,NA,0
2014,10,17,NA,0,NA,0,NA,0,NA,0,NA,0,NA,NA,0
2014,10,18,NA,0,NA,0,NA,0,NA,0,NA,0,NA,NA,0
2014,10,19,NA,0,NA,0,NA,0,NA,0,NA,0,NA,NA,0
2014,10,20,NA,0,NA,0,NA,0,NA,0,NA,0,NA,NA,0
2014,10,21,NA,0,NA,0,NA,0,NA,0,NA,0,NA,NA,0
2014,10,22,NA,0,NA,0,NA,0,NA,0,NA,0,NA,NA,0
2014,10,23,NA,0,NA,0,NA,0,NA,0,NA,0,NA,NA,0
2014,10,24,NA,0,NA,0,NA,0,NA,0,NA,0,NA,NA,0
2014,10,25,NA,0,NA,0,NA,0,NA,0,NA,0,NA,NA,0
2014,10,26,NA,0,NA,0,NA,0,NA,0,NA,0,NA,NA,0
2014,10,27,NA,0,NA,0,NA,0,NA,0,NA,0,NA,NA,0
2014,10,28,NA,0,NA,0,NA,0,NA,0,NA,0,NA,NA,0
2014,10,29,NA,0.25,NA,0.25,NA,0.375,NA,0.375,NA,0.25,NA,NA,0.375
2014,10,30,NA,0.375,NA,0.375,NA,0.375,NA,0.375,NA,0.375,NA,NA,0.375
2014,10,31,NA,0.375,NA,0.5,NA,0.375,NA,0.375,NA,0.375,NA,NA,0.375
2014,11,1,NA,0.375,NA,0.375,NA,0.375,NA,0.375,NA,0.375,NA,NA,0.375
2014,11,2,NA,0.5,NA,0.5,NA,0.5,NA,0.5,NA,0.5,NA,NA,0.5
2014,11,3,NA,0.375,NA,0.375,NA,0.375,NA,0.375,NA,0.375,NA,NA,0.375
2014,11,4,NA,0.5,NA,0.5,NA,0.5,NA,0.5,NA,0.5,NA,NA,0.5
2014,11,5,NA,0.625,589.12,1,3.7,1,288.12,1,44.59,1,3.55,288.76,1
2014,11,6,NA,0.5,588.05,1,4.12,1,271.62,1,39.15,1,4.11,271.73,1
2014,11,7,NA,0.625,587.65,1,3.69,1,313.5,1,47.35,1,3.43,309.61,1
2014,11,8,-38.09,0.875,588.54,1,3.3,1,316.25,1,49.96,1,3.22,317.43,1
2014,11,9,-38.27,0.75,588.51,1,3.55,1,332.5,1,45.58,1,3.38,328.96,1
2014,11,10,-36.48,0.75,588.48,1,3.26,1,315.75,1,50.49,1,3.23,314.26,1
2014,11,11,NA,0.625,587.48,1,3.22,1,342.12,1,47.36,1,3.17,341.23,1
2014,11,12,NA,0.5,584.69,1,2.75,1,184.5,1,35.16,1,2.62,1.98,1
2014,11,13,-38.38,0.75,584.8,1,3.52,1,144.5,1,40.02,1,3.36,8.19,1
2014,11,14,-34.67,0.875,584.44,1,4.58,1,336.62,1,50.73,1,4.47,334.76,1
2014,11,15,-37.18,0.75,580.16,1,3.16,1,279.38,1,43.26,1,2.98,316.36,1
2014,11,16,NA,0.5,576.99,1,2.45,1,87.75,1,37.41,1,2.34,89.47,1
2014,11,17,NA,0.5,575.35,1,3.22,1,186.12,1,37.26,1,1.84,321.4,1
2014,11,18,-44.58,0.75,577.98,1,4.95,1,294.75,1,44.89,1,4.84,294.77,1
2014,11,19,NA,0.625,579.18,1,3.75,1,243.12,1,31.32,1,3.15,246.81,1
2014,11,20,NA,0.375,578.74,1,1.94,1,192.88,1,26.65,1,0.65,285.12,1
2014,11,21,-44.62,0.75,581.44,1,6.3,1,284.12,1,40.74,1,6.29,284.32,1
2014,11,22,-44.15,0.75,581.15,1,5.88,1,262.25,1,30.52,1,5.77,263.59,1
2014,11,23,NA,0.375,579.48,1,1.41,1,194.75,1,19.64,1,0.71,233.76,1
2014,11,24,NA,0.625,580.58,1,2.45,1,171.62,1,30.99,1,2.36,349.61,1
2014,11,25,NA,0.625,582.42,1,4.5,1,338.25,1,39.86,1,4.41,334.94,1
2014,11,26,-37.98,0.75,586.25,1,6.42,1,316.75,1,51.06,1,6.37,316.1,1
2014,11,27,NA,0.625,587.65,1,4.91,1,318.12,1,50.31,1,4.89,318.36,1
2014,11,28,NA,0.25,587.88,1,3.08,1,343.5,1,39.2,1,2.98,343.51,1
2014,11,29,-35.76,0.875,588.22,1,4.34,1,341.5,1,44.09,1,4.3,341.65,1
2014,11,30,-35.73,0.875,587.88,1,7.12,1,309.25,1,52.52,1,6.85,311.74,1
2014,12,1,-37.29,0.875,587.11,1,6.09,1,286.12,1,50.16,1,6.06,285.66,1
2014,12,2,-37.6,1,585.45,1,5.16,1,245.12,1,36.08,1,5.01,245.61,1
2014,12,3,-32.73,0.75,582.04,1,NA,0.625,191.75,1,46.6,1,NA,NA,0.625
2014,12,4,-32.59,0.875,584.25,1,8,1,179.25,1,42.21,1,7.91,178.06,1
2014,12,5,NA,0.625,585.12,1,6.36,1,197.25,1,34.79,1,6.2,196.46,1
2014,12,6,-32.71,0.875,582.46,1,6.47,1,195,1,35.92,1,6.44,194.9,1
2014,12,7,-34.71,1,581.42,1,4.78,1,145,1,33.57,1,4.5,144.98,1
2014,12,8,NA,0.625,581.59,1,4.74,1,152.75,1,35.56,1,4.65,151.95,1
2014,12,9,-34.62,0.75,581.6,1,4.69,1,107.88,1,34.8,1,4.6,111.11,1
2014,12,10,NA,0.5,582.95,1,2.3,1,109.25,1,21.06,1,2.29,108.7,1
2014,12,11,NA,0.375,581.65,1,2.54,1,172.25,1,23.32,1,2.45,174.33,1
2014,12,12,-32.57,0.75,581.19,1,3.08,1,157.38,1,28.59,1,2.95,156.38,1
2014,12,13,-31.85,0.75,583.8,1,3.9,1,177.12,1,31.31,1,3.83,175.77,1
2014,12,14,-33.18,0.75,586.46,1,3.96,1,189.5,1,29.96,1,3.86,186.2,1
2014,12,15,NA,0.5,585.72,1,3.38,1,237.5,1,30.27,1,3.11,238.93,1
2014,12,16,-33.86,0.875,585.32,1,5.09,1,269.38,1,36.74,1,5.05,268.8,1
2014,12,17,-34.02,1,587.08,1,4.15,1,281.75,1,37.9,1,3.83,278.23,1
2014,12,18,-30.63,0.75,589.01,1,3.15,1,335.88,1,42.71,1,2.99,335.63,1
2014,12,19,NA,0.5,590.22,1,4.18,1,220.5,1,46.74,1,3.7,341.53,1
2014,12,20,-29.84,0.875,592.41,1,5.28,1,287.62,1,53.2,1,5.06,288.34,1
2014,12,21,-32,1,592.95,1,4.99,1,274.62,1,43.4,1,4.94,273.61,1
2014,12,22,-31.26,1,592.34,1,4.4,1,260.75,1,37.25,1,4.36,259.85,1
2014,12,23,NA,0.5,592.62,1,2.45,1,249.62,1,34.85,1,2.17,251.63,1
2014,12,24,NA,0.625,591.48,1,3.48,1,283.5,1,49.67,1,3.43,284.07,1
2014,12,25,-29.85,1,591.36,1,6.35,1,268.38,1,46.49,1,6.29,267.73,1
2014,12,26,-30.56,1,590.46,1,5.45,1,259.75,1,37.02,1,5.42,260.36,1
2014,12,27,-28.32,0.75,589.56,1,3.52,1,223.5,1,37.21,1,3.48,223.39,1
2014,12,28,NA,0.625,587.78,1,3.12,1,211.75,1,33.99,1,3.02,211.34,1
2014,12,29,-28.35,0.75,587.41,1,3.1,1,247.75,1,33.83,1,2.87,248.18,1
2014,12,30,-30.75,1,589.41,1,4.69,1,259.5,1,33.98,1,4.65,258.22,1
2014,12,31,-31.16,1,591.38,1,5.25,1,244.12,1,39.35,1,5.14,245.16,1
2015,1,1,-28.93,0.75,592.15,1,3.85,1,198.12,1,35.92,1,3.73,197.77,1
2015,1,2,-30.12,1,591.8,1,2.85,1,136.75,1,27.72,1,2.69,135.61,1
2015,1,3,NA,0.625,592.09,1,2.11,1,102.25,1,32.75,1,2.09,100.64,1
2015,1,4,NA,0.625,593.22,1,2.91,1,120.88,1,27.59,1,2.87,120.46,1
2015,1,5,-30,0.75,594.11,1,2.59,1,98.75,1,35.36,1,2.51,98.4,1
2015,1,6,-31.31,0.875,591.85,1,3.28,1,46.62,1,46.98,1,3.1,48.03,1
2015,1,7,NA,0.25,588.1,1,2.39,1,70,1,37.84,1,2.17,21.25,1
2015,1,8,NA,0.5,584.5,1,3.35,1,87.75,1,43.3,1,3.21,48.3,1
2015,1,9,NA,0.5,583.52,1,4.42,1,237.75,1,45.8,1,3.84,325.66,1
2015,1,10,NA,0.5,588.68,1,4,1,293,1,52.56,1,3.88,292.58,1
2015,1,11,-30.34,0.875,592,1,4.39,1,283.88,1,50.23,1,4.29,284.18,1
2015,1,12,-30.42,0.75,591.9,1,3.62,1,269.75,1,35.92,1,3.58,268.98,1
2015,1,13,-31.4,0.75,590.94,1,4.25,1,256,1,35.32,1,4.18,256.28,1
2015,1,14,NA,0.375,590.88,1,2.02,1,170.12,1,25.16,1,1.73,173.05,1
2015,1,15,-32.75,0.75,591.29,1,3.62,1,225.5,1,38.82,1,3.61,224.96,1
2015,1,16,NA,0.625,593.7,1,4.28,1,222.62,1,42.09,1,4.24,222.69,1
2015,1,17,-32.9,1,595.5,1,5.79,1,260.5,1,44.95,1,5.43,263.22,1
2015,1,18,-31.02,1,586.88,1,9,0.75,272.88,1,56.36,1,8.78,276.35,0.75
2015,1,19,-31.79,0.875,585.92,1,5.81,1,188.12,1,40.4,1,5.49,185.4,1
2015,1,20,-33.93,0.875,587.55,1,3.27,0.875,173.5,1,33.84,1,3.24,175.48,0.875
2015,1,21,NA,0.5,590.72,1,3.16,1,235.38,1,32.2,1,3.02,240.8,1
2015,1,22,-32.66,0.875,593.3,1,4.72,1,204.25,1,42.49,1,4.5,205,1
2015,1,23,NA,0.625,593,1,4.03,1,211,1,40.55,1,3.98,211.18,1
2015,1,24,NA,0.25,591.34,1,2.52,1,208.12,1,33.11,1,2.48,208.54,1
2015,1,25,NA,0.625,591.88,1,3.15,1,244.75,1,34.39,1,3.01,245.96,1
2015,1,26,NA,0.25,593.81,1,2.7,1,292.38,1,44.2,1,2.37,294.62,1
2015,1,27,NA,0.375,593.48,1,3.48,1,315.75,1,51.05,1,3.42,315.15,1
2015,1,28,-32.25,0.75,593.1,1,3.9,1,321.5,1,50.95,1,3.87,321.73,1
2015,1,29,-32.15,0.75,593.5,1,4.97,1,301.25,1,56.31,1,4.95,301.6,1
2015,1,30,-33.85,0.75,593.5,1,5.01,1,249.12,1,45,1,4.76,249.54,1
2015,1,31,-34.36,1,592.02,1,3.7,1,262.38,1,41.24,1,3.61,263,1
2015,2,1,-34.75,0.75,587.68,1,3.95,1,252.5,1,37.71,1,3.88,252.77,1
2015,2,2,-38.07,0.875,585.7,1,3.85,1,242.12,1,37.66,1,3.79,242.75,1
2015,2,3,-38.07,0.75,584.99,1,3.8,1,272.62,1,44.6,1,3.7,272.49,1
2015,2,4,NA,0.5,586.19,1,2.79,1,255.62,1,37.73,1,2.71,257.79,1
2015,2,5,NA,0.25,586.45,1,2.31,1,207.25,1,39.12,1,2.05,349.28,1
2015,2,6,-39.13,0.75,586.55,1,3.74,1,106,1,46.08,1,3.25,11.83,1
2015,2,7,-38.13,0.75,588.35,1,4.84,1,304.75,1,51.91,1,4.67,305.23,1
2015,2,8,-41.55,0.75,587.08,1,3.25,1,250.12,1,42.48,1,2.99,251.32,1
2015,2,9,NA,0.5,584.74,1,2.58,1,119.5,1,38.92,1,2.02,114.35,1
2015,2,10,NA,0.5,582.64,1,2.85,1,122.12,1,44.7,1,2.48,28.57,1
2015,2,11,NA,0.5,581.81,1,3.83,1,314.25,1,49.01,1,3.69,315.15,1
2015,2,12,NA,0.5,581.2,1,3.81,1,298.12,1,48.41,1,3.76,298.71,1
2015,2,13,-43.8,0.75,580.68,1,4.32,1,286.12,1,49.14,1,4.3,286.45,1
2015,2,14,-44.6,0.75,582.2,1,4.88,1,293.12,1,48.59,1,4.81,292.99,1
2015,2,15,-45.78,0.75,584.57,0.75,5.21,0.875,293,0.875,46.7,0.875,5.14,293.57,0.875
2015,2,16,NA,0.625,NA,0.25,4.98,0.75,314,0.75,47.45,0.75,4.96,314.14,0.75
2015,2,17,-45.9,0.75,583.51,1,4.91,1,311.5,1,47.8,1,4.89,311.04,1
2015,2,18,NA,0.625,582.52,1,5.18,1,318.75,1,48.95,1,5.15,318.8,1
2015,2,19,NA,0.625,582.1,0.875,4.39,0.875,302.14,0.875,52.14,0.875,4.34,302.27,0.875
2015,2,20,-44.24,0.875,NA,0.625,3.91,1,328.12,1,49.49,1,3.76,326.21,1
2015,2,21,NA,0.625,583.03,0.75,3.97,0.75,252.67,0.75,48.97,0.75,3.17,254.08,0.75
2015,2,22,-44.47,0.75,580.92,0.75,3.17,0.75,189,0.75,46.77,0.75,3.14,188.85,0.75
2015,2,23,NA,0.25,582.04,0.875,3.28,0.75,293.83,0.75,53.79,0.875,2.15,320.04,0.75
2015,2,24,-47.85,0.75,581.15,0.75,4.77,0.75,248.17,0.75,51.83,0.75,4.62,246.99,0.75
2015,2,25,-45.57,0.75,579.78,0.75,5.1,0.875,244.43,0.875,47.1,0.875,4.98,244.59,0.875
2015,2,26,NA,0.375,578.48,0.75,2.85,0.75,141.83,0.75,47.6,0.75,2.56,25.41,0.75
2015,2,27,NA,0,NA,0,NA,0,NA,0,NA,0,NA,NA,0
2015,2,28,NA,0,NA,0,NA,0,NA,0,NA,0,NA,NA,0
2015,3,1,NA,0,NA,0,NA,0,NA,0,NA,0,NA,NA,0
2015,3,2,NA,0,NA,0,NA,0,NA,0,NA,0,NA,NA,0
2015,3,3,NA,0,NA,0,NA,0,NA,0,NA,0,NA,NA,0
2015,3,4,NA,0,NA,0,NA,0,NA,0,NA,0,NA,NA,0
2015,3,5,NA,0,NA,0,NA,0,NA,0,NA,0,NA,NA,0
2015,3,6,NA,0,NA,0,NA,0,NA,0,NA,0,NA,NA,0
2015,3,7,NA,0,NA,0,NA,0,NA,0,NA,0,NA,NA,0
2015,3,8,NA,0,NA,0,NA,0,NA,0,NA,0,NA,NA,0
2015,3,9,NA,0,NA,0,NA,0,NA,0,NA,0,NA,NA,0
2015,3,10,NA,0,NA,0,NA,0,NA,0,NA,0,NA,NA,0
2015,3,11,NA,0,NA,0,NA,0,NA,0,NA,0,NA,NA,0
2015,3,12,NA,0,NA,0,NA,0,NA,0,NA,0,NA,NA,0
2015,3,13,NA,0,NA,0,NA,0,NA,0,NA,0,NA,NA,0
2015,3,14,NA,0,NA,0,NA,0,NA,0,NA,0,NA,NA,0
2015,3,15,NA,0,NA,0,NA,0,NA,0,NA,0,NA,NA,0
2015,3,16,NA,0,NA,0,NA,0,NA,0,NA,0,NA,NA,0
2015,3,17,NA,0,NA,0,NA,0,NA,0,NA,0,NA,NA,0
2015,3,18,NA,0,NA,0,NA,0,NA,0,NA,0,NA,NA,0
2015,3,19,NA,0,NA,0,NA,0,NA,0,NA,0,NA,NA,0
2015,3,20,NA,0,NA,0,NA,0,NA,0,NA,0,NA,NA,0
2015,3,21,NA,0,NA,0,NA,0,NA,0,NA,0,NA,NA,0
2015,3,22,NA,0,NA,0,NA,0,NA,0,NA,0,NA,NA,0
2015,3,23,NA,0,NA,0,NA,0,NA,0,NA,0,NA,NA,0
2015,3,24,NA,0,NA,0,NA,0,NA,0,NA,0,NA,NA,0
2015,3,25,NA,0,NA,0,NA,0,NA,0,NA,0,NA,NA,0
2015,3,26,NA,0,NA,0,NA,0,NA,0,NA,0,NA,NA,0
2015,3,27,NA,0,NA,0,NA,0,NA,0,NA,0,NA,NA,0
2015,3,28,NA,0,NA,0,NA,0,NA,0,NA,0,NA,NA,0
2015,3,29,NA,0,NA,0,NA,0,NA,0,NA,0,NA,NA,0
2015,3,30,NA,0,NA,0,NA,0,NA,0,NA,0,NA,NA,0
2015,3,31,NA,0,NA,0,NA,0,NA,0,NA,0,NA,NA,0
2015,4,1,NA,0,NA,0,NA,0,NA,0,NA,0,NA,NA,0
2015,4,2,NA,0,NA,0,NA,0,NA,0,NA,0,NA,NA,0
2015,4,3,NA,0,NA,0,NA,0,NA,0,NA,0,NA,NA,0
2015,4,4,NA,0,NA,0,NA,0,NA,0,NA,0,NA,NA,0
2015,4,5,NA,0,NA,0,NA,0,NA,0,NA,0,NA,NA,0
2015,4,6,NA,0,NA,0,NA,0,NA,0,NA,0,NA,NA,0
2015,4,7,NA,0,NA,0,NA,0,NA,0,NA,0,NA,NA,0
2015,4,8,NA,0,NA,0,NA,0,NA,0,NA,0,NA,NA,0
2015,4,9,NA,0,NA,0,NA,0,NA,0,NA,0,NA,NA,0
2015,4,10,NA,0,NA,0,NA,0,NA,0,NA,0,NA,NA,0
2015,4,11,NA,0,NA,0,NA,0,NA,0,NA,0,NA,NA,0
2015,4,12,NA,0,NA,0,NA,0,NA,0,NA,0,NA,NA,0
2015,4,13,NA,0,NA,0,NA,0,NA,0,NA,0,NA,NA,0
2015,4,14,NA,0,NA,0,NA,0,NA,0,NA,0,NA,NA,0
2015,4,15,NA,0,NA,0,NA,0,NA,0,NA,0,NA,NA,0
2015,4,16,NA,0,NA,0,NA,0,NA,0,NA,0,NA,NA,0
2015,4,17,NA,0,NA,0,NA,0,NA,0,NA,0,NA,NA,0
2015,4,18,NA,0,NA,0,NA,0,NA,0,NA,0,NA,NA,0
2015,4,19,NA,0,NA,0,NA,0,NA,0,NA,0,NA,NA,0
2015,4,20,NA,0,NA,0,NA,0,NA,0,NA,0,NA,NA,0
2015,4,21,NA,0,NA,0,NA,0,NA,0,NA,0,NA,NA,0
2015,4,22,NA,0,NA,0,NA,0,NA,0,NA,0,NA,NA,0
2015,4,23,NA,0,NA,0,NA,0,NA,0,NA,0,NA,NA,0
2015,4,24,NA,0,NA,0,NA,0,NA,0,NA,0,NA,NA,0
2015,4,25,NA,0,NA,0,NA,0,NA,0,NA,0,NA,NA,0
2015,4,26,NA,0,NA,0,NA,0,NA,0,NA,0,NA,NA,0
2015,4,27,NA,0,NA,0,NA,0,NA,0,NA,0,NA,NA,0
2015,4,28,NA,0,NA,0,NA,0,NA,0,NA,0,NA,NA,0
2015,4,29,NA,0,NA,0,NA,0,NA,0,NA,0,NA,NA,0
2015,4,30,NA,0,NA,0,NA,0,NA,0,NA,0,NA,NA,0
2015,5,1,NA,0,NA,0,NA,0,NA,0,NA,0,NA,NA,0
2015,5,2,NA,0,NA,0,NA,0,NA,0,NA,0,NA,NA,0
2015,5,3,NA,0,NA,0,NA,0,NA,0,NA,0,NA,NA,0
2015,5,4,NA,0,NA,0,NA,0,NA,0,NA,0,NA,NA,0
2015,5,5,NA,0,NA,0,NA,0,NA,0,NA,0,NA,NA,0
2015,5,6,NA,0,NA,0,NA,0,NA,0,NA,0,NA,NA,0
2015,5,7,NA,0,NA,0,NA,0,NA,0,NA,0,NA,NA,0
2015,5,8,NA,0,NA,0,NA,0,NA,0,NA,0,NA,NA,0
2015,5,9,NA,0,NA,0,NA,0,NA,0,NA,0,NA,NA,0
2015,5,10,NA,0,NA,0,NA,0,NA,0,NA,0,NA,NA,0
2015,5,11,NA,0,NA,0,NA,0,NA,0,NA,0,NA,NA,0
2015,5,12,NA,0,NA,0,NA,0,NA,0,NA,0,NA,NA,0
2015,5,13,NA,0,NA,0,NA,0,NA,0,NA,0,NA,NA,0
2015,5,14,NA,0,NA,0,NA,0,NA,0,NA,0,NA,NA,0
2015,5,15,NA,0,NA,0,NA,0,NA,0,NA,0,NA,NA,0
2015,5,16,NA,0,NA,0,NA,0,NA,0,NA,0,NA,NA,0
2015,5,17,NA,0,NA,0,NA,0,NA,0,NA,0,NA,NA,0
2015,5,18,NA,0,NA,0,NA,0,NA,0,NA,0,NA,NA,0
2015,5,19,NA,0,NA,0,NA,0,NA,0,NA,0,NA,NA,0
2015,5,20,NA,0,NA,0,NA,0,NA,0,NA,0,NA,NA,0
2015,5,21,NA,0,NA,0,NA,0,NA,0,NA,0,NA,NA,0
2015,5,22,NA,0,NA,0,NA,0,NA,0,NA,0,NA,NA,0
2015,5,23,NA,0,NA,0,NA,0,NA,0,NA,0,NA,NA,0
2015,5,24,NA,0,NA,0,NA,0,NA,0,NA,0,NA,NA,0
2015,5,25,NA,0,NA,0,NA,0,NA,0,NA,0,NA,NA,0
2015,5,26,NA,0,NA,0,NA,0,NA,0,NA,0,NA,NA,0
2015,5,27,NA,0,NA,0,NA,0,NA,0,NA,0,NA,NA,0
2015,5,28,NA,0,NA,0,NA,0,NA,0,NA,0,NA,NA,0
2015,5,29,NA,0,NA,0,NA,0,NA,0,NA,0,NA,NA,0
2015,5,30,NA,0,NA,0,NA,0,NA,0,NA,0,NA,NA,0
2015,5,31,NA,0,NA,0,NA,0,NA,0,NA,0,NA,NA,0
2015,6,1,NA,0,NA,0,NA,0,NA,0,NA,0,NA,NA,0
2015,6,2,NA,0,NA,0,NA,0,NA,0,NA,0,NA,NA,0
2015,6,3,NA,0,NA,0,NA,0,NA,0,NA,0,NA,NA,0
2015,6,4,NA,0,NA,0,NA,0,NA,0,NA,0,NA,NA,0
2015,6,5,NA,0,NA,0,NA,0,NA,0,NA,0,NA,NA,0
2015,6,6,NA,0,NA,0,NA,0,NA,0,NA,0,NA,NA,0
2015,6,7,NA,0,NA,0,NA,0,NA,0,NA,0,NA,NA,0
2015,6,8,NA,0,NA,0,NA,0,NA,0,NA,0,NA,NA,0
2015,6,9,NA,0,NA,0,NA,0,NA,0,NA,0,NA,NA,0
2015,6,10,NA,0,NA,0,NA,0,NA,0,NA,0,NA,NA,0
2015,6,11,NA,0,NA,0,NA,0,NA,0,NA,0,NA,NA,0
2015,6,12,NA,0,NA,0,NA,0,NA,0,NA,0,NA,NA,0
2015,6,13,NA,0,NA,0,NA,0,NA,0,NA,0,NA,NA,0
2015,6,14,NA,0,NA,0,NA,0,NA,0,NA,0,NA,NA,0
2015,6,15,NA,0,NA,0,NA,0,NA,0,NA,0,NA,NA,0
2015,6,16,NA,0,NA,0,NA,0,NA,0,NA,0,NA,NA,0
2015,6,17,NA,0,NA,0,NA,0,NA,0,NA,0,NA,NA,0
2015,6,18,NA,0,NA,0,NA,0,NA,0,NA,0,NA,NA,0
2015,6,19,NA,0,NA,0,NA,0,NA,0,NA,0,NA,NA,0
2015,6,20,NA,0,NA,0,NA,0,NA,0,NA,0,NA,NA,0
2015,6,21,NA,0,NA,0,NA,0,NA,0,NA,0,NA,NA,0
2015,6,22,NA,0,NA,0,NA,0,NA,0,NA,0,NA,NA,0
2015,6,23,NA,0,NA,0,NA,0,NA,0,NA,0,NA,NA,0
2015,6,24,NA,0,NA,0,NA,0,NA,0,NA,0,NA,NA,0
2015,6,25,NA,0,NA,0,NA,0,NA,0,NA,0,NA,NA,0
2015,6,26,NA,0,NA,0,NA,0,NA,0,NA,0,NA,NA,0
2015,6,27,NA,0,NA,0,NA,0,NA,0,NA,0,NA,NA,0
2015,6,28,NA,0,NA,0,NA,0,NA,0,NA,0,NA,NA,0
2015,6,29,NA,0,NA,0,NA,0,NA,0,NA,0,NA,NA,0
2015,6,30,NA,0,NA,0,NA,0,NA,0,NA,0,NA,NA,0
2015,7,1,NA,0,NA,0,NA,0,NA,0,NA,0,NA,NA,0
2015,7,2,NA,0,NA,0,NA,0,NA,0,NA,0,NA,NA,0
2015,7,3,NA,0,NA,0,NA,0,NA,0,NA,0,NA,NA,0
2015,7,4,NA,0,NA,0,NA,0,NA,0,NA,0,NA,NA,0
2015,7,5,NA,0,NA,0,NA,0,NA,0,NA,0,NA,NA,0
2015,7,6,NA,0,NA,0,NA,0,NA,0,NA,0,NA,NA,0
2015,7,7,NA,0,NA,0,NA,0,NA,0,NA,0,NA,NA,0
2015,7,8,NA,0,NA,0,NA,0,NA,0,NA,0,NA,NA,0
2015,7,9,NA,0,NA,0,NA,0,NA,0,NA,0,NA,NA,0
2015,7,10,NA,0,NA,0,NA,0,NA,0,NA,0,NA,NA,0
2015,7,11,NA,0,NA,0,NA,0,NA,0,NA,0,NA,NA,0
2015,7,12,NA,0,NA,0,NA,0,NA,0,NA,0,NA,NA,0
2015,7,13,NA,0,NA,0,NA,0,NA,0,NA,0,NA,NA,0
2015,7,14,NA,0,NA,0,NA,0,NA,0,NA,0,NA,NA,0
2015,7,15,NA,0,NA,0,NA,0,NA,0,NA,0,NA,NA,0
2015,7,16,NA,0,NA,0,NA,0,NA,0,NA,0,NA,NA,0
2015,7,17,NA,0,NA,0,NA,0,NA,0,NA,0,NA,NA,0
2015,7,18,NA,0,NA,0,NA,0,NA,0,NA,0,NA,NA,0
2015,7,19,NA,0,NA,0,NA,0,NA,0,NA,0,NA,NA,0
2015,7,20,NA,0,NA,0,NA,0,NA,0,NA,0,NA,NA,0
2015,7,21,NA,0,NA,0,NA,0,NA,0,NA,0,NA,NA,0
2015,7,22,NA,0,NA,0,NA,0,NA,0,NA,0,NA,NA,0
2015,7,23,NA,0,NA,0,NA,0,NA,0,NA,0,NA,NA,0
2015,7,24,NA,0,NA,0,NA,0,NA,0,NA,0,NA,NA,0
2015,7,25,NA,0,NA,0,NA,0,NA,0,NA,0,NA,NA,0
2015,7,26,NA,0,NA,0,NA,0,NA,0,NA,0,NA,NA,0
2015,7,27,NA,0,NA,0,NA,0,NA,0,NA,0,NA,NA,0
2015,7,28,NA,0,NA,0,NA,0,NA,0,NA,0,NA,NA,0
2015,7,29,NA,0,NA,0,NA,0,NA,0,NA,0,NA,NA,0
2015,7,30,NA,0,NA,0,NA,0,NA,0,NA,0,NA,NA,0
2015,7,31,NA,0,NA,0,NA,0,NA,0,NA,0,NA,NA,0
2015,8,1,NA,0,NA,0,NA,0,NA,0,NA,0,NA,NA,0
2015,8,2,NA,0,NA,0,NA,0,NA,0,NA,0,NA,NA,0
2015,8,3,NA,0,NA,0,NA,0,NA,0,NA,0,NA,NA,0
2015,8,4,NA,0,NA,0,NA,0,NA,0,NA,0,NA,NA,0
2015,8,5,NA,0,NA,0,NA,0,NA,0,NA,0,NA,NA,0
2015,8,6,NA,0,NA,0,NA,0,NA,0,NA,0,NA,NA,0
2015,8,7,NA,0,NA,0,NA,0,NA,0,NA,0,NA,NA,0
2015,8,8,NA,0,NA,0,NA,0,NA,0,NA,0,NA,NA,0
2015,8,9,NA,0,NA,0,NA,0,NA,0,NA,0,NA,NA,0
2015,8,10,NA,0,NA,0,NA,0,NA,0,NA,0,NA,NA,0
2015,8,11,NA,0,NA,0,NA,0,NA,0,NA,0,NA,NA,0
2015,8,12,NA,0,NA,0,NA,0,NA,0,NA,0,NA,NA,0
2015,8,13,NA,0,NA,0,NA,0,NA,0,NA,0,NA,NA,0
2015,8,14,NA,0,NA,0,NA,0,NA,0,NA,0,NA,NA,0
2015,8,15,NA,0,NA,0,NA,0,NA,0,NA,0,NA,NA,0
2015,8,16,NA,0,NA,0,NA,0,NA,0,NA,0,NA,NA,0
2015,8,17,NA,0,NA,0,NA,0,NA,0,NA,0,NA,NA,0
2015,8,18,NA,0,NA,0,NA,0,NA,0,NA,0,NA,NA,0
2015,8,19,NA,0,NA,0,NA,0,NA,0,NA,0,NA,NA,0
2015,8,20,NA,0,NA,0,NA,0,NA,0,NA,0,NA,NA,0
2015,8,21,NA,0,NA,0,NA,0,NA,0,NA,0,NA,NA,0
2015,8,22,NA,0,NA,0,NA,0,NA,0,NA,0,NA,NA,0
2015,8,23,NA,0,NA,0,NA,0,NA,0,NA,0,NA,NA,0
2015,8,24,NA,0,NA,0,NA,0,NA,0,NA,0,NA,NA,0
2015,8,25,NA,0,NA,0,NA,0,NA,0,NA,0,NA,NA,0
2015,8,26,NA,0,NA,0,NA,0,NA,0,NA,0,NA,NA,0
2015,8,27,NA,0,NA,0,NA,0,NA,0,NA,0,NA,NA,0
2015,8,28,NA,0,NA,0,NA,0,NA,0,NA,0,NA,NA,0
2015,8,29,NA,0,NA,0,NA,0,NA,0,NA,0,NA,NA,0
2015,8,30,NA,0,NA,0,NA,0,NA,0,NA,0,NA,NA,0
2015,8,31,NA,0,NA,0,NA,0,NA,0,NA,0,NA,NA,0
2015,9,1,NA,0,NA,0,NA,0,NA,0,NA,0,NA,NA,0
2015,9,2,NA,0,NA,0,NA,0,NA,0,NA,0,NA,NA,0
2015,9,3,NA,0,NA,0,NA,0,NA,0,NA,0,NA,NA,0
2015,9,4,NA,0,NA,0,NA,0,NA,0,NA,0,NA,NA,0
2015,9,5,NA,0,NA,0,NA,0,NA,0,NA,0,NA,NA,0
2015,9,6,NA,0,NA,0,NA,0,NA,0,NA,0,NA,NA,0
2015,9,7,NA,0,NA,0,NA,0,NA,0,NA,0,NA,NA,0
2015,9,8,NA,0,NA,0,NA,0,NA,0,NA,0,NA,NA,0
2015,9,9,NA,0,NA,0,NA,0,NA,0,NA,0,NA,NA,0
2015,9,10,NA,0,NA,0,NA,0,NA,0,NA,0,NA,NA,0
2015,9,11,NA,0,NA,0,NA,0,NA,0,NA,0,NA,NA,0
2015,9,12,NA,0,NA,0,NA,0,NA,0,NA,0,NA,NA,0
2015,9,13,NA,0,NA,0,NA,0,NA,0,NA,0,NA,NA,0
2015,9,14,NA,0,NA,0,NA,0,NA,0,NA,0,NA,NA,0
2015,9,15,NA,0,NA,0,NA,0,NA,0,NA,0,NA,NA,0
2015,9,16,NA,0,NA,0,NA,0,NA,0,NA,0,NA,NA,0
2015,9,17,NA,0,NA,0,NA,0,NA,0,NA,0,NA,NA,0
2015,9,18,NA,0,NA,0,NA,0,NA,0,NA,0,NA,NA,0
2015,9,19,NA,0,NA,0,NA,0,NA,0,NA,0,NA,NA,0
2015,9,20,NA,0,NA,0,NA,0,NA,0,NA,0,NA,NA,0
2015,9,21,NA,0,NA,0,NA,0,NA,0,NA,0,NA,NA,0
2015,9,22,NA,0,NA,0,NA,0,NA,0,NA,0,NA,NA,0
2015,9,23,NA,0,NA,0,NA,0,NA,0,NA,0,NA,NA,0
2015,9,24,NA,0,NA,0,NA,0,NA,0,NA,0,NA,NA,0
2015,9,25,NA,0,NA,0,NA,0,NA,0,NA,0,NA,NA,0
2015,9,26,NA,0,NA,0,NA,0,NA,0,NA,0,NA,NA,0
2015,9,27,NA,0,NA,0,NA,0,NA,0,NA,0,NA,NA,0
2015,9,28,NA,0,NA,0,NA,0,NA,0,NA,0,NA,NA,0
2015,9,29,NA,0,NA,0,NA,0,NA,0,NA,0,NA,NA,0
2015,9,30,NA,0,NA,0,NA,0,NA,0,NA,0,NA,NA,0
2015,10,1,NA,0,NA,0,NA,0,NA,0,NA,0,NA,NA,0
2015,10,2,NA,0,NA,0,NA,0,NA,0,NA,0,NA,NA,0
2015,10,3,NA,0,NA,0,NA,0,NA,0,NA,0,NA,NA,0
2015,10,4,NA,0,NA,0,NA,0,NA,0,NA,0,NA,NA,0
2015,10,5,NA,0,NA,0,NA,0,NA,0,NA,0,NA,NA,0
2015,10,6,NA,0,NA,0,NA,0,NA,0,NA,0,NA,NA,0
2015,10,7,NA,0,NA,0,NA,0,NA,0,NA,0,NA,NA,0
2015,10,8,NA,0,NA,0,NA,0,NA,0,NA,0,NA,NA,0
2015,10,9,NA,0,NA,0,NA,0,NA,0,NA,0,NA,NA,0
2015,10,10,NA,0,NA,0,NA,0,NA,0,NA,0,NA,NA,0
2015,10,11,NA,0,NA,0,NA,0,NA,0,NA,0,NA,NA,0
2015,10,12,NA,0,NA,0,NA,0,NA,0,NA,0,NA,NA,0
2015,10,13,NA,0,NA,0,NA,0,NA,0,NA,0,NA,NA,0
2015,10,14,NA,0,NA,0,NA,0,NA,0,NA,0,NA,NA,0
2015,10,15,NA,0,NA,0,NA,0,NA,0,NA,0,NA,NA,0
2015,10,16,NA,0,NA,0,NA,0,NA,0,NA,0,NA,NA,0
2015,10,17,NA,0,NA,0,NA,0,NA,0,NA,0,NA,NA,0
2015,10,18,NA,0,NA,0,NA,0,NA,0,NA,0,NA,NA,0
2015,10,19,NA,0,NA,0,NA,0,NA,0,NA,0,NA,NA,0
2015,10,20,NA,0,NA,0,NA,0,NA,0,NA,0,NA,NA,0
2015,10,21,NA,0,NA,0,NA,0,NA,0,NA,0,NA,NA,0
2015,10,22,NA,0,NA,0,NA,0,NA,0,NA,0,NA,NA,0
2015,10,23,NA,0,NA,0,NA,0,NA,0,NA,0,NA,NA,0
2015,10,24,NA,0,NA,0,NA,0,NA,0,NA,0,NA,NA,0
2015,10,25,NA,0,NA,0,NA,0,NA,0,NA,0,NA,NA,0
2015,10,26,NA,0,NA,0,NA,0,NA,0,NA,0,NA,NA,0
2015,10,27,NA,0,NA,0,NA,0,NA,0,NA,0,NA,NA,0
2015,10,28,NA,0,NA,0,NA,0,NA,0,NA,0,NA,NA,0
2015,10,29,NA,0,NA,0,NA,0,NA,0,NA,0,NA,NA,0
2015,10,30,NA,0,NA,0,NA,0,NA,0,NA,0,NA,NA,0
2015,10,31,NA,0,NA,0,NA,0,NA,0,NA,0,NA,NA,0
2015,11,1,NA,0,NA,0,NA,0,NA,0,NA,0,NA,NA,0
2015,11,2,NA,0,NA,0,NA,0,NA,0,NA,0,NA,NA,0
2015,11,3,NA,0.125,NA,0.125,NA,0.125,NA,0.125,NA,0.125,NA,NA,0.125
2015,11,4,NA,0,NA,0,NA,0,NA,0,NA,0,NA,NA,0
2015,11,5,NA,0,NA,0,NA,0,NA,0,NA,0,NA,NA,0
2015,11,6,NA,0,NA,0,NA,0,NA,0,NA,0,NA,NA,0
2015,11,7,NA,0,NA,0,NA,0,NA,0,NA,0,NA,NA,0
2015,11,8,NA,0,NA,0,NA,0,NA,0,NA,0,NA,NA,0
2015,11,9,NA,0,NA,0,NA,0,NA,0,NA,0,NA,NA,0
2015,11,10,NA,0,NA,0,NA,0,NA,0,NA,0,NA,NA,0
2015,11,11,NA,0,NA,0,NA,0,NA,0,NA,0,NA,NA,0
2015,11,12,NA,0,NA,0,NA,0,NA,0,NA,0,NA,NA,0
2015,11,13,NA,0,NA,0,NA,0,NA,0,NA,0,NA,NA,0
2015,11,14,NA,0,NA,0,NA,0,NA,0,NA,0,NA,NA,0
2015,11,15,NA,0,NA,0,NA,0,NA,0,NA,0,NA,NA,0
2015,11,16,NA,0,NA,0,NA,0,NA,0,NA,0,NA,NA,0
2015,11,17,NA,0,NA,0,NA,0,NA,0,NA,0,NA,NA,0
2015,11,18,NA,0,NA,0,NA,0,NA,0,NA,0,NA,NA,0
2015,11,19,NA,0,NA,0,NA,0,NA,0,NA,0,NA,NA,0
2015,11,20,NA,0,NA,0,NA,0,NA,0,NA,0,NA,NA,0
2015,11,21,NA,0,NA,0,NA,0,NA,0,NA,0,NA,NA,0
2015,11,22,NA,0,NA,0,NA,0,NA,0,NA,0,NA,NA,0
2015,11,23,NA,0,NA,0,NA,0,NA,0,NA,0,NA,NA,0
2015,11,24,NA,0,NA,0,NA,0,NA,0,NA,0,NA,NA,0
2015,11,25,NA,0,NA,0,NA,0,NA,0,NA,0,NA,NA,0
2015,11,26,NA,0,NA,0,NA,0,NA,0,NA,0,NA,NA,0
2015,11,27,NA,0,NA,0,NA,0,NA,0,NA,0,NA,NA,0
2015,11,28,NA,0,NA,0,NA,0,NA,0,NA,0,NA,NA,0
2015,11,29,NA,0,NA,0,NA,0,NA,0,NA,0,NA,NA,0
2015,11,30,NA,0,NA,0,NA,0,NA,0,NA,0,NA,NA,0
2015,12,1,NA,0,NA,0,NA,0,NA,0,NA,0,NA,NA,0
2015,12,2,NA,0,NA,0,NA,0,NA,0,NA,0,NA,NA,0
2015,12,3,NA,0,NA,0,NA,0,NA,0,NA,0,NA,NA,0
2015,12,4,NA,0,NA,0,NA,0,NA,0,NA,0,NA,NA,0
2015,12,5,NA,0,NA,0,NA,0,NA,0,NA,0,NA,NA,0
2015,12,6,NA,0,NA,0,NA,0,NA,0,NA,0,NA,NA,0
2015,12,7,NA,0,NA,0,NA,0,NA,0,NA,0,NA,NA,0
2015,12,8,NA,0,NA,0,NA,0,NA,0,NA,0,NA,NA,0
2015,12,9,NA,0,NA,0,NA,0,NA,0,NA,0,NA,NA,0
2015,12,10,NA,0,NA,0,NA,0,NA,0,NA,0,NA,NA,0
2015,12,11,NA,0,NA,0,NA,0,NA,0,NA,0,NA,NA,0
2015,12,12,NA,0,NA,0,NA,0,NA,0,NA,0,NA,NA,0
2015,12,13,NA,0,NA,0,NA,0,NA,0,NA,0,NA,NA,0
2015,12,14,NA,0,NA,0,NA,0,NA,0,NA,0,NA,NA,0
2015,12,15,NA,0,NA,0,NA,0,NA,0,NA,0,NA,NA,0
2015,12,16,NA,0,NA,0,NA,0,NA,0,NA,0,NA,NA,0
2015,12,17,NA,0,NA,0,NA,0,NA,0,NA,0,NA,NA,0
2015,12,18,NA,0,NA,0,NA,0,NA,0,NA,0,NA,NA,0
2015,12,19,NA,0,NA,0,NA,0,NA,0,NA,0,NA,NA,0
2015,12,20,NA,0,NA,0,NA,0,NA,0,NA,0,NA,NA,0
2015,12,21,NA,0,NA,0,NA,0,NA,0,NA,0,NA,NA,0
2015,12,22,NA,0,NA,0,NA,0,NA,0,NA,0,NA,NA,0
2015,12,23,NA,0,NA,0,NA,0,NA,0,NA,0,NA,NA,0
2015,12,24,NA,0,NA,0,NA,0,NA,0,NA,0,NA,NA,0
2015,12,25,NA,0,NA,0,NA,0,NA,0,NA,0,NA,NA,0
2015,12,26,NA,0,NA,0,NA,0,NA,0,NA,0,NA,NA,0
2015,12,27,NA,0,NA,0,NA,0,NA,0,NA,0,NA,NA,0
2015,12,28,NA,0,NA,0,NA,0,NA,0,NA,0,NA,NA,0
2015,12,29,NA,0,NA,0,NA,0,NA,0,NA,0,NA,NA,0
2015,12,30,NA,0,NA,0,NA,0,NA,0,NA,0,NA,NA,0
2015,12,31,NA,0,NA,0,NA,0,NA,0,NA,0,NA,NA,0
2016,1,1,NA,0,NA,0,NA,0,NA,0,NA,0,NA,NA,0
2016,1,2,NA,0,NA,0,NA,0,NA,0,NA,0,NA,NA,0
2016,1,3,NA,0,NA,0,NA,0,NA,0,NA,0,NA,NA,0
2016,1,4,NA,0,NA,0,NA,0,NA,0,NA,0,NA,NA,0
2016,1,5,NA,0,NA,0,NA,0,NA,0,NA,0,NA,NA,0
2016,1,6,NA,0,NA,0,NA,0,NA,0,NA,0,NA,NA,0
2016,1,7,NA,0,NA,0,NA,0,NA,0,NA,0,NA,NA,0
2016,1,8,NA,0,NA,0,NA,0,NA,0,NA,0,NA,NA,0
2016,1,9,NA,0,NA,0,NA,0,NA,0,NA,0,NA,NA,0
2016,1,10,NA,0,NA,0,NA,0,NA,0,NA,0,NA,NA,0
2016,1,11,NA,0,NA,0,NA,0,NA,0,NA,0,NA,NA,0
2016,1,12,NA,0,NA,0,NA,0,NA,0,NA,0,NA,NA,0
2016,1,13,NA,0,NA,0,NA,0,NA,0,NA,0,NA,NA,0
2016,1,14,NA,0,NA,0,NA,0,NA,0,NA,0,NA,NA,0
2016,1,15,NA,0,NA,0,NA,0,NA,0,NA,0,NA,NA,0
2016,1,16,NA,0,NA,0,NA,0,NA,0,NA,0,NA,NA,0
2016,1,17,NA,0,NA,0,NA,0,NA,0,NA,0,NA,NA,0
2016,1,18,NA,0,NA,0,NA,0,NA,0,NA,0,NA,NA,0
2016,1,19,NA,0,NA,0,NA,0,NA,0,NA,0,NA,NA,0
2016,1,20,NA,0,NA,0,NA,0,NA,0,NA,0,NA,NA,0
2016,1,21,NA,0,NA,0,NA,0,NA,0,NA,0,NA,NA,0
2016,1,22,NA,0,NA,0,NA,0,NA,0,NA,0,NA,NA,0
2016,1,23,NA,0,NA,0,NA,0,NA,0,NA,0,NA,NA,0
2016,1,24,NA,0,NA,0,NA,0,NA,0,NA,0,NA,NA,0
2016,1,25,NA,0,NA,0,NA,0,NA,0,NA,0,NA,NA,0
2016,1,26,NA,0,NA,0,NA,0,NA,0,NA,0,NA,NA,0
2016,1,27,NA,0,NA,0,NA,0,NA,0,NA,0,NA,NA,0
2016,1,28,NA,0,NA,0,NA,0,NA,0,NA,0,NA,NA,0
2016,1,29,NA,0,NA,0,NA,0,NA,0,NA,0,NA,NA,0
2016,1,30,NA,0,NA,0,NA,0,NA,0,NA,0,NA,NA,0
2016,1,31,NA,0,NA,0,NA,0,NA,0,NA,0,NA,NA,0
2016,2,1,NA,0,NA,0,NA,0,NA,0,NA,0,NA,NA,0
2016,2,2,NA,0,NA,0,NA,0,NA,0,NA,0,NA,NA,0
2016,2,3,NA,0,NA,0,NA,0,NA,0,NA,0,NA,NA,0
2016,2,4,NA,0,NA,0,NA,0,NA,0,NA,0,NA,NA,0
2016,2,5,NA,0,NA,0,NA,0,NA,0,NA,0,NA,NA,0
2016,2,6,NA,0,NA,0,NA,0,NA,0,NA,0,NA,NA,0
2016,2,7,NA,0,NA,0,NA,0,NA,0,NA,0,NA,NA,0
2016,2,8,NA,0,NA,0,NA,0,NA,0,NA,0,NA,NA,0
2016,2,9,NA,0,NA,0,NA,0,NA,0,NA,0,NA,NA,0
2016,2,10,NA,0,NA,0,NA,0,NA,0,NA,0,NA,NA,0
2016,2,11,NA,0,NA,0,NA,0,NA,0,NA,0,NA,NA,0
2016,2,12,NA,0,NA,0,NA,0,NA,0,NA,0,NA,NA,0
2016,2,13,NA,0,NA,0,NA,0,NA,0,NA,0,NA,NA,0
2016,2,14,NA,0,NA,0,NA,0,NA,0,NA,0,NA,NA,0
2016,2,15,NA,0,NA,0,NA,0,NA,0,NA,0,NA,NA,0
2016,2,16,NA,0,NA,0,NA,0,NA,0,NA,0,NA,NA,0
2016,2,17,NA,0,NA,0,NA,0,NA,0,NA,0,NA,NA,0
2016,2,18,NA,0,NA,0,NA,0,NA,0,NA,0,NA,NA,0
2016,2,19,NA,0,NA,0,NA,0,NA,0,NA,0,NA,NA,0
2016,2,20,NA,0,NA,0,NA,0,NA,0,NA,0,NA,NA,0
2016,2,21,NA,0,NA,0,NA,0,NA,0,NA,0,NA,NA,0
2016,2,22,NA,0.375,NA,0.5,NA,0.5,NA,0.5,NA,0.5,NA,NA,0.5
2016,2,23,NA,0.5,NA,0.5,NA,0.5,NA,0.5,NA,0.625,NA,NA,0.5
2016,2,24,NA,0.25,NA,0.5,NA,0.5,NA,0.5,NA,0.5,NA,NA,0.5
2016,2,25,-42.27,0.75,595.69,0.875,5.97,0.875,249.57,0.875,47.39,0.875,5.9,248.82,0.875
2016,2,26,NA,0.375,593.18,1,4.58,1,220.88,1,47.91,1,4.5,221.49,1
2016,2,27,NA,0.625,NA,0.5,NA,0.5,NA,0.625,NA,0.625,NA,NA,0.5
2016,2,28,NA,0,NA,0,NA,0,NA,0,NA,0,NA,NA,0
2016,2,29,NA,0.625,NA,0.625,NA,0.625,NA,0.625,NA,0.625,NA,NA,0.625
2016,3,1,-43.17,0.75,589.05,0.75,6.39,0.875,230.25,1,50.46,0.875,6.33,223.82,0.875
2016,3,2,-45.69,0.875,581.63,0.75,4.51,0.875,193.29,0.875,47.34,0.875,4.34,194.17,0.875
2016,3,3,NA,0,NA,0,NA,0,NA,0,NA,0,NA,NA,0
2016,3,4,NA,0,NA,0,NA,0,NA,0,NA,0,NA,NA,0
2016,3,5,NA,0,NA,0,NA,0,NA,0,NA,0,NA,NA,0
2016,3,6,NA,0,NA,0,NA,0,NA,0,NA,0,NA,NA,0
2016,3,7,NA,0,NA,0,NA,0,NA,0,NA,0,NA,NA,0
2016,3,8,NA,0,NA,0,NA,0,NA,0,NA,0,NA,NA,0
2016,3,9,NA,0,NA,0,NA,0,NA,0,NA,0,NA,NA,0
2016,3,10,NA,0.375,NA,0.375,NA,0.375,NA,0.375,NA,0.375,NA,NA,0.375
2016,3,11,NA,0.375,NA,0.375,NA,0.375,NA,0.375,NA,0.375,NA,NA,0.375
2016,3,12,NA,0.375,NA,0.375,NA,0.375,NA,0.375,NA,0.375,NA,NA,0.375
2016,3,13,NA,0.25,NA,0.25,NA,0.25,NA,0.25,NA,0.25,NA,NA,0.25
2016,3,14,NA,0.125,NA,0.125,NA,0.25,NA,0.25,NA,0.125,NA,NA,0.25
2016,3,15,NA,0,NA,0,NA,0,NA,0,NA,0,NA,NA,0
2016,3,16,NA,0.25,NA,0.25,NA,0.375,NA,0.375,NA,0.375,NA,NA,0.375
2016,3,17,NA,0,NA,0,NA,0,NA,0,NA,0,NA,NA,0
2016,3,18,NA,0.25,NA,0.25,NA,0.25,NA,0.25,NA,0.25,NA,NA,0.25
2016,3,19,NA,0.25,NA,0.25,NA,0.25,NA,0.25,NA,0.25,NA,NA,0.25
2016,3,20,NA,0,NA,0,NA,0,NA,0,NA,0,NA,NA,0
2016,3,21,NA,0.125,NA,0.125,NA,0.125,NA,0.125,NA,0.125,NA,NA,0.125
2016,3,22,NA,0.5,NA,0.5,NA,0.375,NA,0.5,NA,0.5,NA,NA,0.375
2016,3,23,NA,0.25,NA,0.375,NA,0.5,NA,0.5,NA,0.5,NA,NA,0.5
2016,3,24,NA,0.125,NA,0.375,NA,0.25,NA,0.25,NA,0.25,NA,NA,0.25
2016,3,25,NA,0,NA,0,NA,0,NA,0,NA,0,NA,NA,0
2016,3,26,NA,0,NA,0,NA,0,NA,0,NA,0,NA,NA,0
2016,3,27,NA,0,NA,0,NA,0,NA,0,NA,0,NA,NA,0
2016,3,28,NA,0,NA,0,NA,0,NA,0,NA,0,NA,NA,0
2016,3,29,NA,0,NA,0,NA,0,NA,0,NA,0,NA,NA,0
2016,3,30,NA,0.5,NA,0.5,NA,0.5,NA,0.5,NA,0.5,NA,NA,0.5
2016,3,31,NA,0.625,NA,0.625,NA,0.625,NA,0.625,NA,0.625,NA,NA,0.625
2016,4,1,NA,0,NA,0,NA,0,NA,0,NA,0,NA,NA,0
2016,4,2,NA,0,NA,0,NA,0,NA,0,NA,0,NA,NA,0
2016,4,3,NA,0,NA,0,NA,0,NA,0,NA,0,NA,NA,0
2016,4,4,NA,0,NA,0,NA,0,NA,0,NA,0,NA,NA,0
2016,4,5,NA,0,NA,0,NA,0,NA,0,NA,0,NA,NA,0
2016,4,6,NA,0,NA,0,NA,0,NA,0,NA,0,NA,NA,0
2016,4,7,NA,0.25,NA,0.375,NA,0.375,NA,0.375,NA,0.375,NA,NA,0.375
2016,4,8,NA,0,NA,0,NA,0,NA,0,NA,0,NA,NA,0
2016,4,9,NA,0,NA,0,NA,0,NA,0,NA,0,NA,NA,0
2016,4,10,NA,0,NA,0,NA,0,NA,0,NA,0,NA,NA,0
2016,4,11,NA,0,NA,0,NA,0,NA,0,NA,0,NA,NA,0
2016,4,12,NA,0,NA,0,NA,0,NA,0,NA,0,NA,NA,0
2016,4,13,NA,0,NA,0,NA,0,NA,0,NA,0,NA,NA,0
2016,4,14,NA,0,NA,0,NA,0,NA,0,NA,0,NA,NA,0
2016,4,15,NA,0,NA,0,NA,0,NA,0,NA,0,NA,NA,0
2016,4,16,NA,0,NA,0,NA,0,NA,0,NA,0,NA,NA,0
2016,4,17,NA,0,NA,0,NA,0,NA,0,NA,0,NA,NA,0
2016,4,18,NA,0,NA,0,NA,0,NA,0,NA,0,NA,NA,0
2016,4,19,NA,0,NA,0,NA,0,NA,0,NA,0,NA,NA,0
2016,4,20,NA,0,NA,0,NA,0,NA,0,NA,0,NA,NA,0
2016,4,21,NA,0,NA,0,NA,0,NA,0,NA,0,NA,NA,0
2016,4,22,NA,0,NA,0,NA,0,NA,0,NA,0,NA,NA,0
2016,4,23,NA,0,NA,0,NA,0,NA,0,NA,0,NA,NA,0
2016,4,24,NA,0,NA,0,NA,0,NA,0,NA,0,NA,NA,0
2016,4,25,NA,0,NA,0,NA,0,NA,0,NA,0,NA,NA,0
2016,4,26,NA,0,NA,0,NA,0,NA,0,NA,0,NA,NA,0
2016,4,27,NA,0,NA,0,NA,0,NA,0,NA,0,NA,NA,0
2016,4,28,NA,0,NA,0,NA,0,NA,0,NA,0,NA,NA,0
2016,4,29,NA,0,NA,0,NA,0,NA,0,NA,0,NA,NA,0
2016,4,30,NA,0,NA,0,NA,0,NA,0,NA,0,NA,NA,0
2016,5,1,NA,0,NA,0,NA,0,NA,0,NA,0,NA,NA,0
2016,5,2,NA,0,NA,0,NA,0,NA,0,NA,0,NA,NA,0
2016,5,3,NA,0,NA,0,NA,0,NA,0,NA,0,NA,NA,0
2016,5,4,NA,0,NA,0,NA,0,NA,0,NA,0,NA,NA,0
2016,5,5,NA,0,NA,0,NA,0,NA,0,NA,0,NA,NA,0
2016,5,6,NA,0,NA,0,NA,0,NA,0,NA,0,NA,NA,0
2016,5,7,NA,0,NA,0,NA,0,NA,0,NA,0,NA,NA,0
2016,5,8,NA,0,NA,0,NA,0,NA,0,NA,0,NA,NA,0
2016,5,9,NA,0,NA,0,NA,0,NA,0,NA,0,NA,NA,0
2016,5,10,NA,0,NA,0,NA,0,NA,0,NA,0,NA,NA,0
2016,5,11,NA,0,NA,0,NA,0,NA,0,NA,0,NA,NA,0
2016,5,12,NA,0,NA,0,NA,0,NA,0,NA,0,NA,NA,0
2016,5,13,NA,0,NA,0,NA,0,NA,0,NA,0,NA,NA,0
2016,5,14,NA,0,NA,0,NA,0,NA,0,NA,0,NA,NA,0
2016,5,15,NA,0,NA,0,NA,0,NA,0,NA,0,NA,NA,0
2016,5,16,NA,0,NA,0,NA,0,NA,0,NA,0,NA,NA,0
2016,5,17,NA,0,NA,0,NA,0,NA,0,NA,0,NA,NA,0
2016,5,18,NA,0,NA,0,NA,0,NA,0,NA,0,NA,NA,0
2016,5,19,NA,0,NA,0,NA,0,NA,0,NA,0,NA,NA,0
2016,5,20,NA,0,NA,0,NA,0,NA,0,NA,0,NA,NA,0
2016,5,21,NA,0,NA,0,NA,0,NA,0,NA,0,NA,NA,0
2016,5,22,NA,0,NA,0,NA,0,NA,0,NA,0,NA,NA,0
2016,5,23,NA,0,NA,0,NA,0,NA,0,NA,0,NA,NA,0
2016,5,24,NA,0,NA,0,NA,0,NA,0,NA,0,NA,NA,0
2016,5,25,NA,0,NA,0,NA,0,NA,0,NA,0,NA,NA,0
2016,5,26,NA,0,NA,0,NA,0,NA,0,NA,0,NA,NA,0
2016,5,27,NA,0,NA,0,NA,0,NA,0,NA,0,NA,NA,0
2016,5,28,NA,0,NA,0,NA,0,NA,0,NA,0,NA,NA,0
2016,5,29,NA,0,NA,0,NA,0,NA,0,NA,0,NA,NA,0
2016,5,30,NA,0,NA,0,NA,0,NA,0,NA,0,NA,NA,0
2016,5,31,NA,0,NA,0,NA,0,NA,0,NA,0,NA,NA,0
2016,6,1,NA,0,NA,0,NA,0,NA,0,NA,0,NA,NA,0
2016,6,2,NA,0,NA,0,NA,0,NA,0,NA,0,NA,NA,0
2016,6,3,NA,0,NA,0,NA,0,NA,0,NA,0,NA,NA,0
2016,6,4,NA,0,NA,0,NA,0,NA,0,NA,0,NA,NA,0
2016,6,5,NA,0,NA,0,NA,0,NA,0,NA,0,NA,NA,0
2016,6,6,NA,0,NA,0,NA,0,NA,0,NA,0,NA,NA,0
2016,6,7,NA,0,NA,0,NA,0,NA,0,NA,0,NA,NA,0
2016,6,8,NA,0,NA,0,NA,0,NA,0,NA,0,NA,NA,0
2016,6,9,NA,0,NA,0,NA,0,NA,0,NA,0,NA,NA,0
2016,6,10,NA,0,NA,0,NA,0,NA,0,NA,0,NA,NA,0
2016,6,11,NA,0,NA,0,NA,0,NA,0,NA,0,NA,NA,0
2016,6,12,NA,0,NA,0,NA,0,NA,0,NA,0,NA,NA,0
2016,6,13,NA,0,NA,0,NA,0,NA,0,NA,0,NA,NA,0
2016,6,14,NA,0,NA,0,NA,0,NA,0,NA,0,NA,NA,0
2016,6,15,NA,0,NA,0,NA,0,NA,0,NA,0,NA,NA,0
2016,6,16,NA,0,NA,0,NA,0,NA,0,NA,0,NA,NA,0
2016,6,17,NA,0,NA,0,NA,0,NA,0,NA,0,NA,NA,0
2016,6,18,NA,0,NA,0,NA,0,NA,0,NA,0,NA,NA,0
2016,6,19,NA,0,NA,0,NA,0,NA,0,NA,0,NA,NA,0
2016,6,20,NA,0,NA,0,NA,0,NA,0,NA,0,NA,NA,0
2016,6,21,NA,0,NA,0,NA,0,NA,0,NA,0,NA,NA,0
2016,6,22,NA,0,NA,0,NA,0,NA,0,NA,0,NA,NA,0
2016,6,23,NA,0,NA,0,NA,0,NA,0,NA,0,NA,NA,0
2016,6,24,NA,0,NA,0,NA,0,NA,0,NA,0,NA,NA,0
2016,6,25,NA,0,NA,0,NA,0,NA,0,NA,0,NA,NA,0
2016,6,26,NA,0,NA,0,NA,0,NA,0,NA,0,NA,NA,0
2016,6,27,NA,0,NA,0,NA,0,NA,0,NA,0,NA,NA,0
2016,6,28,NA,0,NA,0,NA,0,NA,0,NA,0,NA,NA,0
2016,6,29,NA,0,NA,0,NA,0,NA,0,NA,0,NA,NA,0
2016,6,30,NA,0,NA,0,NA,0,NA,0,NA,0,NA,NA,0
2016,7,1,NA,0,NA,0,NA,0,NA,0,NA,0,NA,NA,0
2016,7,2,NA,0,NA,0,NA,0,NA,0,NA,0,NA,NA,0
2016,7,3,NA,0,NA,0,NA,0,NA,0,NA,0,NA,NA,0
2016,7,4,NA,0,NA,0,NA,0,NA,0,NA,0,NA,NA,0
2016,7,5,NA,0,NA,0,NA,0,NA,0,NA,0,NA,NA,0
2016,7,6,NA,0,NA,0,NA,0,NA,0,NA,0,NA,NA,0
2016,7,7,NA,0,NA,0,NA,0,NA,0,NA,0,NA,NA,0
2016,7,8,NA,0,NA,0,NA,0,NA,0,NA,0,NA,NA,0
2016,7,9,NA,0,NA,0,NA,0,NA,0,NA,0,NA,NA,0
2016,7,10,NA,0,NA,0,NA,0,NA,0,NA,0,NA,NA,0
2016,7,11,NA,0,NA,0,NA,0,NA,0,NA,0,NA,NA,0
2016,7,12,NA,0,NA,0,NA,0,NA,0,NA,0,NA,NA,0
2016,7,13,NA,0,NA,0,NA,0,NA,0,NA,0,NA,NA,0
2016,7,14,NA,0,NA,0,NA,0,NA,0,NA,0,NA,NA,0
2016,7,15,NA,0,NA,0,NA,0,NA,0,NA,0,NA,NA,0
2016,7,16,NA,0,NA,0,NA,0,NA,0,NA,0,NA,NA,0
2016,7,17,NA,0,NA,0,NA,0,NA,0,NA,0,NA,NA,0
2016,7,18,NA,0,NA,0,NA,0,NA,0,NA,0,NA,NA,0
2016,7,19,NA,0,NA,0,NA,0,NA,0,NA,0,NA,NA,0
2016,7,20,NA,0,NA,0,NA,0,NA,0,NA,0,NA,NA,0
2016,7,21,NA,0,NA,0,NA,0,NA,0,NA,0,NA,NA,0
2016,7,22,NA,0,NA,0,NA,0,NA,0,NA,0,NA,NA,0
2016,7,23,NA,0,NA,0,NA,0,NA,0,NA,0,NA,NA,0
2016,7,24,NA,0,NA,0,NA,0,NA,0,NA,0,NA,NA,0
2016,7,25,NA,0,NA,0,NA,0,NA,0,NA,0,NA,NA,0
2016,7,26,NA,0,NA,0,NA,0,NA,0,NA,0,NA,NA,0
2016,7,27,NA,0,NA,0,NA,0,NA,0,NA,0,NA,NA,0
2016,7,28,NA,0,NA,0,NA,0,NA,0,NA,0,NA,NA,0
2016,7,29,NA,0,NA,0,NA,0,NA,0,NA,0,NA,NA,0
2016,7,30,NA,0,NA,0,NA,0,NA,0,NA,0,NA,NA,0
2016,7,31,NA,0,NA,0,NA,0,NA,0,NA,0,NA,NA,0
2016,8,1,NA,0,NA,0,NA,0,NA,0,NA,0,NA,NA,0
2016,8,2,NA,0,NA,0,NA,0,NA,0,NA,0,NA,NA,0
2016,8,3,NA,0,NA,0,NA,0,NA,0,NA,0,NA,NA,0
2016,8,4,NA,0,NA,0,NA,0,NA,0,NA,0,NA,NA,0
2016,8,5,NA,0,NA,0,NA,0,NA,0,NA,0,NA,NA,0
2016,8,6,NA,0,NA,0,NA,0,NA,0,NA,0,NA,NA,0
2016,8,7,NA,0,NA,0,NA,0,NA,0,NA,0,NA,NA,0
2016,8,8,NA,0,NA,0,NA,0,NA,0,NA,0,NA,NA,0
2016,8,9,NA,0,NA,0,NA,0,NA,0,NA,0,NA,NA,0
2016,8,10,NA,0,NA,0,NA,0,NA,0,NA,0,NA,NA,0
2016,8,11,NA,0,NA,0,NA,0,NA,0,NA,0,NA,NA,0
2016,8,12,NA,0,NA,0,NA,0,NA,0,NA,0,NA,NA,0
2016,8,13,NA,0,NA,0,NA,0,NA,0,NA,0,NA,NA,0
2016,8,14,NA,0,NA,0,NA,0,NA,0,NA,0,NA,NA,0
2016,8,15,NA,0,NA,0,NA,0,NA,0,NA,0,NA,NA,0
2016,8,16,NA,0,NA,0,NA,0,NA,0,NA,0,NA,NA,0
2016,8,17,NA,0,NA,0,NA,0,NA,0,NA,0,NA,NA,0
2016,8,18,NA,0,NA,0,NA,0,NA,0,NA,0,NA,NA,0
2016,8,19,NA,0,NA,0,NA,0,NA,0,NA,0,NA,NA,0
2016,8,20,NA,0,NA,0,NA,0,NA,0,NA,0,NA,NA,0
2016,8,21,NA,0,NA,0,NA,0,NA,0,NA,0,NA,NA,0
2016,8,22,NA,0,NA,0,NA,0,NA,0,NA,0,NA,NA,0
2016,8,23,NA,0,NA,0,NA,0,NA,0,NA,0,NA,NA,0
2016,8,24,NA,0,NA,0,NA,0,NA,0,NA,0,NA,NA,0
2016,8,25,NA,0,NA,0,NA,0,NA,0,NA,0,NA,NA,0
2016,8,26,NA,0,NA,0,NA,0,NA,0,NA,0,NA,NA,0
2016,8,27,NA,0,NA,0,NA,0,NA,0,NA,0,NA,NA,0
2016,8,28,NA,0,NA,0,NA,0,NA,0,NA,0,NA,NA,0
2016,8,29,NA,0,NA,0,NA,0,NA,0,NA,0,NA,NA,0
2016,8,30,NA,0,NA,0,NA,0,NA,0,NA,0,NA,NA,0
2016,8,31,NA,0,NA,0,NA,0,NA,0,NA,0,NA,NA,0
2016,9,1,NA,0,NA,0,NA,0,NA,0,NA,0,NA,NA,0
2016,9,2,NA,0,NA,0,NA,0,NA,0,NA,0,NA,NA,0
2016,9,3,NA,0,NA,0,NA,0,NA,0,NA,0,NA,NA,0
2016,9,4,NA,0,NA,0,NA,0,NA,0,NA,0,NA,NA,0
2016,9,5,NA,0,NA,0,NA,0,NA,0,NA,0,NA,NA,0
2016,9,6,NA,0,NA,0,NA,0,NA,0,NA,0,NA,NA,0
2016,9,7,NA,0,NA,0,NA,0,NA,0,NA,0,NA,NA,0
2016,9,8,NA,0,NA,0,NA,0,NA,0,NA,0,NA,NA,0
2016,9,9,NA,0,NA,0,NA,0,NA,0,NA,0,NA,NA,0
2016,9,10,NA,0,NA,0,NA,0,NA,0,NA,0,NA,NA,0
2016,9,11,NA,0,NA,0,NA,0,NA,0,NA,0,NA,NA,0
2016,9,12,NA,0,NA,0,NA,0,NA,0,NA,0,NA,NA,0
2016,9,13,NA,0,NA,0,NA,0,NA,0,NA,0,NA,NA,0
2016,9,14,NA,0,NA,0,NA,0,NA,0,NA,0,NA,NA,0
2016,9,15,NA,0,NA,0,NA,0,NA,0,NA,0,NA,NA,0
2016,9,16,NA,0,NA,0,NA,0,NA,0,NA,0,NA,NA,0
2016,9,17,NA,0,NA,0,NA,0,NA,0,NA,0,NA,NA,0
2016,9,18,NA,0,NA,0,NA,0,NA,0,NA,0,NA,NA,0
2016,9,19,NA,0,NA,0,NA,0,NA,0,NA,0,NA,NA,0
2016,9,20,NA,0,NA,0,NA,0,NA,0,NA,0,NA,NA,0
2016,9,21,NA,0,NA,0,NA,0,NA,0,NA,0,NA,NA,0
2016,9,22,NA,0,NA,0,NA,0,NA,0,NA,0,NA,NA,0
2016,9,23,NA,0,NA,0,NA,0,NA,0,NA,0,NA,NA,0
2016,9,24,NA,0,NA,0,NA,0,NA,0,NA,0,NA,NA,0
2016,9,25,NA,0.125,NA,0.125,NA,0.125,NA,0.125,NA,0.125,NA,NA,0.125
2016,9,26,NA,0,NA,0,NA,0,NA,0,NA,0,NA,NA,0
2016,9,27,NA,0,NA,0,NA,0,NA,0,NA,0,NA,NA,0
2016,9,28,NA,0.125,NA,0.125,NA,0,NA,0,NA,0.125,NA,NA,0
2016,9,29,NA,0.125,NA,0.125,NA,0.125,NA,0.125,NA,0.125,NA,NA,0.125
2016,9,30,NA,0,NA,0,NA,0,NA,0,NA,0,NA,NA,0
2016,10,1,NA,0.25,NA,0.25,NA,0.125,NA,0.125,NA,0.25,NA,NA,0.125
2016,10,2,NA,0,NA,0.125,NA,0.125,NA,0.125,NA,0.125,NA,NA,0.125
2016,10,3,NA,0.25,NA,0.375,NA,0.25,NA,0.25,NA,0.25,NA,NA,0.25
2016,10,4,NA,0.25,NA,0.25,NA,0.25,NA,0.25,NA,0.25,NA,NA,0.25
2016,10,5,NA,0.375,NA,0.375,NA,0.25,NA,0.25,NA,0.375,NA,NA,0.25
2016,10,6,NA,0,NA,0,NA,0,NA,0,NA,0,NA,NA,0
2016,10,7,NA,0,NA,0,NA,0,NA,0,NA,0,NA,NA,0
2016,10,8,NA,0.375,NA,0.375,NA,0,NA,0,NA,0.375,NA,NA,0
2016,10,9,NA,0.125,NA,0.125,NA,0.125,NA,0.125,NA,0.125,NA,NA,0.125
2016,10,10,NA,0.25,NA,0.25,NA,0,NA,0,NA,0.25,NA,NA,0
2016,10,11,NA,0.25,NA,0.25,NA,0,NA,0,NA,0.25,NA,NA,0
2016,10,12,NA,0.375,NA,0.375,NA,0.125,NA,0.125,NA,0.375,NA,NA,0.125
2016,10,13,NA,0,NA,0,NA,0,NA,0,NA,0,NA,NA,0
2016,10,14,NA,0.375,NA,0.375,NA,0.125,NA,0.125,NA,0.375,NA,NA,0.125
2016,10,15,NA,0.375,NA,0.375,NA,0,NA,0,NA,0.375,NA,NA,0
2016,10,16,NA,0.25,NA,0.375,NA,0.375,NA,0.375,NA,0.375,NA,NA,0.375
2016,10,17,NA,0.375,NA,0.375,NA,0.375,NA,0.375,NA,0.375,NA,NA,0.375
2016,10,18,NA,0.375,NA,0.375,NA,0.375,NA,0.375,NA,0.375,NA,NA,0.375
2016,10,19,NA,0.25,NA,0.375,NA,0.375,NA,0.375,NA,0.375,NA,NA,0.375
2016,10,20,NA,0.375,NA,0.375,NA,0.375,NA,0.375,NA,0.375,NA,NA,0.375
2016,10,21,NA,0.375,NA,0.375,NA,0.375,NA,0.375,NA,0.375,NA,NA,0.375
2016,10,22,NA,0.375,NA,0.375,NA,0.375,NA,0.375,NA,0.375,NA,NA,0.375
2016,10,23,NA,0,NA,0,NA,0,NA,0,NA,0,NA,NA,0
2016,10,24,NA,0,NA,0,NA,0,NA,0,NA,0,NA,NA,0
2016,10,25,NA,0.375,NA,0.375,NA,0.375,NA,0.375,NA,0.375,NA,NA,0.375
2016,10,26,NA,0.25,NA,0.375,NA,0.375,NA,0.375,NA,0.375,NA,NA,0.375
2016,10,27,NA,0,NA,0,NA,0,NA,0,NA,0,NA,NA,0
2016,10,28,NA,0,NA,0,NA,0,NA,0,NA,0,NA,NA,0
2016,10,29,NA,0,NA,0,NA,0,NA,0,NA,0,NA,NA,0
2016,10,30,NA,0.125,NA,0.125,NA,0.125,NA,0.125,NA,0.125,NA,NA,0.125
2016,10,31,NA,0.125,NA,0.125,NA,0.125,NA,0.125,NA,0.125,NA,NA,0.125
2016,11,1,NA,0,NA,0,NA,0,NA,0,NA,0,NA,NA,0
2016,11,2,NA,0,NA,0,NA,0,NA,0,NA,0,NA,NA,0
2016,11,3,NA,0,NA,0,NA,0,NA,0,NA,0,NA,NA,0
2016,11,4,NA,0,NA,0,NA,0,NA,0,NA,0,NA,NA,0
2016,11,5,NA,0,NA,0,NA,0,NA,0,NA,0,NA,NA,0
2016,11,6,NA,0,NA,0,NA,0,NA,0,NA,0,NA,NA,0
2016,11,7,NA,0,NA,0,NA,0,NA,0,NA,0,NA,NA,0
2016,11,8,NA,0,NA,0,NA,0,NA,0,NA,0,NA,NA,0
2016,11,9,NA,0,NA,0,NA,0,NA,0,NA,0,NA,NA,0
2016,11,10,NA,0,NA,0,NA,0,NA,0,NA,0,NA,NA,0
2016,11,11,NA,0,NA,0,NA,0,NA,0,NA,0,NA,NA,0
2016,11,12,NA,0,NA,0,NA,0,NA,0,NA,0,NA,NA,0
2016,11,13,NA,0,NA,0,NA,0,NA,0,NA,0,NA,NA,0
2016,11,14,NA,0,NA,0,NA,0,NA,0,NA,0,NA,NA,0
2016,11,15,NA,0,NA,0,NA,0,NA,0,NA,0,NA,NA,0
2016,11,16,NA,0,NA,0,NA,0,NA,0,NA,0,NA,NA,0
2016,11,17,NA,0,NA,0,NA,0,NA,0,NA,0,NA,NA,0
2016,11,18,NA,0,NA,0,NA,0,NA,0,NA,0,NA,NA,0
2016,11,19,NA,0,NA,0,NA,0,NA,0,NA,0,NA,NA,0
2016,11,20,NA,0,NA,0,NA,0,NA,0,NA,0,NA,NA,0
2016,11,21,NA,0,NA,0,NA,0,NA,0,NA,0,NA,NA,0
2016,11,22,NA,0,NA,0,NA,0,NA,0,NA,0,NA,NA,0
2016,11,23,NA,0,NA,0,NA,0,NA,0,NA,0,NA,NA,0
2016,11,24,NA,0,NA,0,NA,0,NA,0,NA,0,NA,NA,0
2016,11,25,NA,0,NA,0,NA,0,NA,0,NA,0,NA,NA,0
2016,11,26,NA,0,NA,0,NA,0,NA,0,NA,0,NA,NA,0
2016,11,27,NA,0,NA,0,NA,0,NA,0,NA,0,NA,NA,0
2016,11,28,NA,0,NA,0,NA,0,NA,0,NA,0,NA,NA,0
2016,11,29,NA,0,NA,0,NA,0,NA,0,NA,0,NA,NA,0
2016,11,30,NA,0,NA,0,NA,0,NA,0,NA,0,NA,NA,0
2016,12,1,NA,0,NA,0,NA,0,NA,0,NA,0,NA,NA,0
2016,12,2,NA,0,NA,0,NA,0,NA,0,NA,0,NA,NA,0
2016,12,3,NA,0,NA,0,NA,0,NA,0,NA,0,NA,NA,0
2016,12,4,NA,0,NA,0,NA,0,NA,0,NA,0,NA,NA,0
2016,12,5,NA,0,NA,0,NA,0,NA,0,NA,0,NA,NA,0
2016,12,6,NA,0,NA,0,NA,0,NA,0,NA,0,NA,NA,0
2016,12,7,NA,0,NA,0,NA,0,NA,0,NA,0,NA,NA,0
2016,12,8,NA,0,NA,0,NA,0,NA,0,NA,0,NA,NA,0
2016,12,9,NA,0,NA,0,NA,0,NA,0,NA,0,NA,NA,0
2016,12,10,NA,0,NA,0,NA,0,NA,0,NA,0,NA,NA,0
2016,12,11,NA,0,NA,0,NA,0,NA,0,NA,0,NA,NA,0
2016,12,12,NA,0,NA,0,NA,0,NA,0,NA,0,NA,NA,0
2016,12,13,NA,0,NA,0,NA,0,NA,0,NA,0,NA,NA,0
2016,12,14,NA,0,NA,0,NA,0,NA,0,NA,0,NA,NA,0
2016,12,15,NA,0,NA,0,NA,0,NA,0,NA,0,NA,NA,0
2016,12,16,NA,0,NA,0,NA,0,NA,0,NA,0,NA,NA,0
2016,12,17,NA,0,NA,0,NA,0,NA,0,NA,0,NA,NA,0
2016,12,18,NA,0,NA,0,NA,0,NA,0,NA,0,NA,NA,0
2016,12,19,NA,0,NA,0,NA,0,NA,0,NA,0,NA,NA,0
2016,12,20,NA,0,NA,0,NA,0,NA,0,NA,0,NA,NA,0
2016,12,21,NA,0,NA,0,NA,0,NA,0,NA,0,NA,NA,0
2016,12,22,NA,0,NA,0,NA,0,NA,0,NA,0,NA,NA,0
2016,12,23,NA,0,NA,0,NA,0,NA,0,NA,0,NA,NA,0
2016,12,24,NA,0,NA,0,NA,0,NA,0,NA,0,NA,NA,0
2016,12,25,NA,0,NA,0,NA,0,NA,0,NA,0,NA,NA,0
2016,12,26,NA,0,NA,0,NA,0,NA,0,NA,0,NA,NA,0
2016,12,27,NA,0,NA,0,NA,0,NA,0,NA,0,NA,NA,0
2016,12,28,NA,0,NA,0,NA,0,NA,0,NA,0,NA,NA,0
2016,12,29,NA,0,NA,0,NA,0,NA,0,NA,0,NA,NA,0
2016,12,30,NA,0,NA,0,NA,0,NA,0,NA,0,NA,NA,0
2016,12,31,NA,0,NA,0,NA,0,NA,0,NA,0,NA,NA,0
2017,1,1,NA,0,NA,0,NA,0,NA,0,NA,0,NA,NA,0
2017,1,2,NA,0,NA,0,NA,0,NA,0,NA,0,NA,NA,0
2017,1,3,NA,0,NA,0,NA,0,NA,0,NA,0,NA,NA,0
2017,1,4,NA,0,NA,0,NA,0,NA,0,NA,0,NA,NA,0
2017,1,5,NA,0,NA,0,NA,0,NA,0,NA,0,NA,NA,0
2017,1,6,NA,0,NA,0,NA,0,NA,0,NA,0,NA,NA,0
2017,1,7,NA,0,NA,0,NA,0,NA,0,NA,0,NA,NA,0
2017,1,8,NA,0,NA,0,NA,0,NA,0,NA,0,NA,NA,0
2017,1,9,NA,0,NA,0,NA,0,NA,0,NA,0,NA,NA,0
2017,1,10,NA,0,NA,0,NA,0,NA,0,NA,0,NA,NA,0
2017,1,11,NA,0,NA,0,NA,0,NA,0,NA,0,NA,NA,0
2017,1,12,NA,0,NA,0,NA,0,NA,0,NA,0,NA,NA,0
2017,1,13,NA,0,NA,0,NA,0,NA,0,NA,0,NA,NA,0
2017,1,14,NA,0,NA,0,NA,0,NA,0,NA,0,NA,NA,0
2017,1,15,NA,0,NA,0,NA,0,NA,0,NA,0,NA,NA,0
2017,1,16,NA,0,NA,0,NA,0,NA,0,NA,0,NA,NA,0
2017,1,17,NA,0,NA,0,NA,0,NA,0,NA,0,NA,NA,0
2017,1,18,NA,0,NA,0,NA,0,NA,0,NA,0,NA,NA,0
2017,1,19,NA,0,NA,0,NA,0,NA,0,NA,0,NA,NA,0
2017,1,20,NA,0,NA,0,NA,0,NA,0,NA,0,NA,NA,0
2017,1,21,NA,0,NA,0,NA,0,NA,0,NA,0,NA,NA,0
2017,1,22,NA,0,NA,0,NA,0,NA,0,NA,0,NA,NA,0
2017,1,23,NA,0,NA,0,NA,0,NA,0,NA,0,NA,NA,0
2017,1,24,NA,0,NA,0,NA,0,NA,0,NA,0,NA,NA,0
2017,1,25,NA,0,NA,0,NA,0,NA,0,NA,0,NA,NA,0
2017,1,26,NA,0,NA,0,NA,0,NA,0,NA,0,NA,NA,0
2017,1,27,NA,0,NA,0,NA,0,NA,0,NA,0,NA,NA,0
2017,1,28,NA,0,NA,0,NA,0,NA,0,NA,0,NA,NA,0
2017,1,29,NA,0,NA,0,NA,0,NA,0,NA,0,NA,NA,0
2017,1,30,NA,0,NA,0,NA,0,NA,0,NA,0,NA,NA,0
2017,1,31,NA,0,NA,0,NA,0,NA,0,NA,0,NA,NA,0
2017,2,1,NA,0,NA,0,NA,0,NA,0,NA,0,NA,NA,0
2017,2,2,NA,0,NA,0,NA,0,NA,0,NA,0,NA,NA,0
2017,2,3,NA,0,NA,0,NA,0,NA,0,NA,0,NA,NA,0
2017,2,4,NA,0,NA,0,NA,0,NA,0,NA,0,NA,NA,0
2017,2,5,NA,0,NA,0,NA,0,NA,0,NA,0,NA,NA,0
2017,2,6,NA,0,NA,0,NA,0,NA,0,NA,0,NA,NA,0
2017,2,7,NA,0,NA,0,NA,0,NA,0,NA,0,NA,NA,0
2017,2,8,NA,0,NA,0,NA,0,NA,0,NA,0,NA,NA,0
2017,2,9,NA,0,NA,0,NA,0,NA,0,NA,0,NA,NA,0
2017,2,10,NA,0,NA,0,NA,0,NA,0,NA,0,NA,NA,0
2017,2,11,NA,0,NA,0,NA,0,NA,0,NA,0,NA,NA,0
2017,2,12,NA,0,NA,0,NA,0,NA,0,NA,0,NA,NA,0
2017,2,13,NA,0,NA,0,NA,0,NA,0,NA,0,NA,NA,0
2017,2,14,NA,0,NA,0,NA,0,NA,0,NA,0,NA,NA,0
2017,2,15,NA,0,NA,0,NA,0,NA,0,NA,0,NA,NA,0
2017,2,16,NA,0,NA,0,NA,0,NA,0,NA,0,NA,NA,0
2017,2,17,NA,0,NA,0,NA,0,NA,0,NA,0,NA,NA,0
2017,2,18,NA,0,NA,0,NA,0,NA,0,NA,0,NA,NA,0
2017,2,19,NA,0,NA,0,NA,0,NA,0,NA,0,NA,NA,0
2017,2,20,NA,0,NA,0,NA,0,NA,0,NA,0,NA,NA,0
2017,2,21,NA,0,NA,0,NA,0,NA,0,NA,0,NA,NA,0
2017,2,22,NA,0,NA,0,NA,0,NA,0,NA,0,NA,NA,0
2017,2,23,NA,0,NA,0,NA,0,NA,0,NA,0,NA,NA,0
2017,2,24,NA,0,NA,0,NA,0,NA,0,NA,0,NA,NA,0
2017,2,25,NA,0,NA,0,NA,0,NA,0,NA,0,NA,NA,0
2017,2,26,NA,0,NA,0,NA,0,NA,0,NA,0,NA,NA,0
2017,2,27,NA,0,NA,0,NA,0,NA,0,NA,0,NA,NA,0
2017,2,28,NA,0,NA,0,NA,0,NA,0,NA,0,NA,NA,0
2017,3,1,NA,0,NA,0,NA,0,NA,0,NA,0,NA,NA,0
2017,3,2,NA,0,NA,0,NA,0,NA,0,NA,0,NA,NA,0
2017,3,3,NA,0,NA,0,NA,0,NA,0,NA,0,NA,NA,0
2017,3,4,NA,0,NA,0,NA,0,NA,0,NA,0,NA,NA,0
2017,3,5,NA,0,NA,0,NA,0,NA,0,NA,0,NA,NA,0
2017,3,6,NA,0,NA,0,NA,0,NA,0,NA,0,NA,NA,0
2017,3,7,NA,0,NA,0,NA,0,NA,0,NA,0,NA,NA,0
2017,3,8,NA,0,NA,0,NA,0,NA,0,NA,0,NA,NA,0
2017,3,9,NA,0,NA,0,NA,0,NA,0,NA,0,NA,NA,0
2017,3,10,NA,0,NA,0,NA,0,NA,0,NA,0,NA,NA,0
2017,3,11,NA,0,NA,0,NA,0,NA,0,NA,0,NA,NA,0
2017,3,12,NA,0,NA,0,NA,0,NA,0,NA,0,NA,NA,0
2017,3,13,NA,0,NA,0,NA,0,NA,0,NA,0,NA,NA,0
2017,3,14,NA,0,NA,0,NA,0,NA,0,NA,0,NA,NA,0
2017,3,15,NA,0,NA,0,NA,0,NA,0,NA,0,NA,NA,0
2017,3,16,NA,0,NA,0,NA,0,NA,0,NA,0,NA,NA,0
2017,3,17,NA,0,NA,0,NA,0,NA,0,NA,0,NA,NA,0
2017,3,18,NA,0,NA,0,NA,0,NA,0,NA,0,NA,NA,0
2017,3,19,NA,0,NA,0,NA,0,NA,0,NA,0,NA,NA,0
2017,3,20,NA,0,NA,0,NA,0,NA,0,NA,0,NA,NA,0
2017,3,21,NA,0,NA,0,NA,0,NA,0,NA,0,NA,NA,0
2017,3,22,NA,0,NA,0,NA,0,NA,0,NA,0,NA,NA,0
2017,3,23,NA,0,NA,0,NA,0,NA,0,NA,0,NA,NA,0
2017,3,24,NA,0,NA,0,NA,0,NA,0,NA,0,NA,NA,0
2017,3,25,NA,0,NA,0,NA,0,NA,0,NA,0,NA,NA,0
2017,3,26,NA,0,NA,0,NA,0,NA,0,NA,0,NA,NA,0
2017,3,27,NA,0,NA,0,NA,0,NA,0,NA,0,NA,NA,0
2017,3,28,NA,0,NA,0,NA,0,NA,0,NA,0,NA,NA,0
2017,3,29,NA,0,NA,0,NA,0,NA,0,NA,0,NA,NA,0
2017,3,30,NA,0,NA,0,NA,0,NA,0,NA,0,NA,NA,0
2017,3,31,NA,0,NA,0,NA,0,NA,0,NA,0,NA,NA,0
2017,4,1,NA,0,NA,0,NA,0,NA,0,NA,0,NA,NA,0
2017,4,2,NA,0,NA,0,NA,0,NA,0,NA,0,NA,NA,0
2017,4,3,NA,0,NA,0,NA,0,NA,0,NA,0,NA,NA,0
2017,4,4,NA,0,NA,0,NA,0,NA,0,NA,0,NA,NA,0
2017,4,5,NA,0,NA,0,NA,0,NA,0,NA,0,NA,NA,0
2017,4,6,NA,0.125,NA,0.125,NA,0.125,NA,0.125,NA,0.125,NA,NA,0.125
2017,4,7,NA,0,NA,0,NA,0,NA,0,NA,0,NA,NA,0
2017,4,8,NA,0,NA,0,NA,0,NA,0,NA,0,NA,NA,0
2017,4,9,NA,0,NA,0,NA,0,NA,0,NA,0,NA,NA,0
2017,4,10,NA,0,NA,0,NA,0,NA,0,NA,0,NA,NA,0
2017,4,11,NA,0,NA,0,NA,0,NA,0,NA,0,NA,NA,0
2017,4,12,NA,0,NA,0,NA,0,NA,0,NA,0,NA,NA,0
2017,4,13,NA,0,NA,0,NA,0,NA,0,NA,0,NA,NA,0
2017,4,14,NA,0,NA,0,NA,0,NA,0,NA,0,NA,NA,0
2017,4,15,NA,0,NA,0,NA,0,NA,0,NA,0,NA,NA,0
2017,4,16,NA,0,NA,0,NA,0,NA,0,NA,0,NA,NA,0
2017,4,17,NA,0,NA,0,NA,0,NA,0,NA,0,NA,NA,0
2017,4,18,NA,0,NA,0,NA,0,NA,0,NA,0,NA,NA,0
2017,4,19,NA,0,NA,0,NA,0,NA,0,NA,0,NA,NA,0
2017,4,20,NA,0,NA,0,NA,0,NA,0,NA,0,NA,NA,0
2017,4,21,NA,0,NA,0,NA,0,NA,0,NA,0,NA,NA,0
2017,4,22,NA,0,NA,0,NA,0,NA,0,NA,0,NA,NA,0
2017,4,23,NA,0,NA,0,NA,0,NA,0,NA,0,NA,NA,0
2017,4,24,NA,0,NA,0,NA,0,NA,0,NA,0,NA,NA,0
2017,4,25,NA,0,NA,0,NA,0,NA,0,NA,0,NA,NA,0
2017,4,26,NA,0,NA,0,NA,0,NA,0,NA,0,NA,NA,0
2017,4,27,NA,0,NA,0,NA,0,NA,0,NA,0,NA,NA,0
2017,4,28,NA,0,NA,0,NA,0,NA,0,NA,0,NA,NA,0
2017,4,29,NA,0,NA,0,NA,0,NA,0,NA,0,NA,NA,0
2017,4,30,NA,0,NA,0,NA,0,NA,0,NA,0,NA,NA,0
2017,5,1,NA,0,NA,0,NA,0,NA,0,NA,0,NA,NA,0
2017,5,2,NA,0,NA,0,NA,0,NA,0,NA,0,NA,NA,0
2017,5,3,NA,0,NA,0,NA,0,NA,0,NA,0,NA,NA,0
2017,5,4,NA,0,NA,0,NA,0,NA,0,NA,0,NA,NA,0
2017,5,5,NA,0,NA,0,NA,0,NA,0,NA,0,NA,NA,0
2017,5,6,NA,0,NA,0,NA,0,NA,0,NA,0,NA,NA,0
2017,5,7,NA,0,NA,0,NA,0,NA,0,NA,0,NA,NA,0
2017,5,8,NA,0,NA,0,NA,0,NA,0,NA,0,NA,NA,0
2017,5,9,NA,0,NA,0,NA,0,NA,0,NA,0,NA,NA,0
2017,5,10,NA,0,NA,0,NA,0,NA,0,NA,0,NA,NA,0
2017,5,11,NA,0,NA,0,NA,0,NA,0,NA,0,NA,NA,0
2017,5,12,NA,0,NA,0,NA,0,NA,0,NA,0,NA,NA,0
2017,5,13,NA,0,NA,0,NA,0,NA,0,NA,0,NA,NA,0
2017,5,14,NA,0,NA,0,NA,0,NA,0,NA,0,NA,NA,0
2017,5,15,NA,0,NA,0,NA,0,NA,0,NA,0,NA,NA,0
2017,5,16,NA,0,NA,0,NA,0,NA,0,NA,0,NA,NA,0
2017,5,17,NA,0,NA,0,NA,0,NA,0,NA,0,NA,NA,0
2017,5,18,NA,0,NA,0,NA,0,NA,0,NA,0,NA,NA,0
2017,5,19,NA,0,NA,0,NA,0,NA,0,NA,0,NA,NA,0
2017,5,20,NA,0,NA,0,NA,0,NA,0,NA,0,NA,NA,0
2017,5,21,NA,0,NA,0,NA,0,NA,0,NA,0,NA,NA,0
2017,5,22,NA,0,NA,0,NA,0,NA,0,NA,0,NA,NA,0
2017,5,23,NA,0,NA,0,NA,0,NA,0,NA,0,NA,NA,0
2017,5,24,NA,0,NA,0,NA,0,NA,0,NA,0,NA,NA,0
2017,5,25,NA,0,NA,0,NA,0,NA,0,NA,0,NA,NA,0
2017,5,26,NA,0,NA,0,NA,0,NA,0,NA,0,NA,NA,0
2017,5,27,NA,0,NA,0,NA,0,NA,0,NA,0,NA,NA,0
2017,5,28,NA,0,NA,0,NA,0,NA,0,NA,0,NA,NA,0
2017,5,29,NA,0,NA,0,NA,0,NA,0,NA,0,NA,NA,0
2017,5,30,NA,0,NA,0,NA,0,NA,0,NA,0,NA,NA,0
2017,5,31,NA,0,NA,0,NA,0,NA,0,NA,0,NA,NA,0
2017,6,1,NA,0,NA,0,NA,0,NA,0,NA,0,NA,NA,0
2017,6,2,NA,0,NA,0,NA,0,NA,0,NA,0,NA,NA,0
2017,6,3,NA,0,NA,0,NA,0,NA,0,NA,0,NA,NA,0
2017,6,4,NA,0,NA,0,NA,0,NA,0,NA,0,NA,NA,0
2017,6,5,NA,0,NA,0,NA,0,NA,0,NA,0,NA,NA,0
2017,6,6,NA,0,NA,0,NA,0,NA,0,NA,0,NA,NA,0
2017,6,7,NA,0,NA,0,NA,0,NA,0,NA,0,NA,NA,0
2017,6,8,NA,0,NA,0,NA,0,NA,0,NA,0,NA,NA,0
2017,6,9,NA,0,NA,0,NA,0,NA,0,NA,0,NA,NA,0
2017,6,10,NA,0,NA,0,NA,0,NA,0,NA,0,NA,NA,0
2017,6,11,NA,0,NA,0,NA,0,NA,0,NA,0,NA,NA,0
2017,6,12,NA,0,NA,0,NA,0,NA,0,NA,0,NA,NA,0
2017,6,13,NA,0,NA,0,NA,0,NA,0,NA,0,NA,NA,0
2017,6,14,NA,0,NA,0,NA,0,NA,0,NA,0,NA,NA,0
2017,6,15,NA,0,NA,0,NA,0,NA,0,NA,0,NA,NA,0
2017,6,16,NA,0,NA,0,NA,0,NA,0,NA,0,NA,NA,0
2017,6,17,NA,0,NA,0,NA,0,NA,0,NA,0,NA,NA,0
2017,6,18,NA,0,NA,0,NA,0,NA,0,NA,0,NA,NA,0
2017,6,19,NA,0,NA,0,NA,0,NA,0,NA,0,NA,NA,0
2017,6,20,NA,0,NA,0,NA,0,NA,0,NA,0,NA,NA,0
2017,6,21,NA,0,NA,0,NA,0,NA,0,NA,0,NA,NA,0
2017,6,22,NA,0,NA,0,NA,0,NA,0,NA,0,NA,NA,0
2017,6,23,NA,0,NA,0,NA,0,NA,0,NA,0,NA,NA,0
2017,6,24,NA,0,NA,0,NA,0,NA,0,NA,0,NA,NA,0
2017,6,25,NA,0,NA,0,NA,0,NA,0,NA,0,NA,NA,0
2017,6,26,NA,0,NA,0,NA,0,NA,0,NA,0,NA,NA,0
2017,6,27,NA,0,NA,0,NA,0,NA,0,NA,0,NA,NA,0
2017,6,28,NA,0,NA,0,NA,0,NA,0,NA,0,NA,NA,0
2017,6,29,NA,0,NA,0,NA,0,NA,0,NA,0,NA,NA,0
2017,6,30,NA,0,NA,0,NA,0,NA,0,NA,0,NA,NA,0
2017,7,1,NA,0,NA,0,NA,0,NA,0,NA,0,NA,NA,0
2017,7,2,NA,0,NA,0,NA,0,NA,0,NA,0,NA,NA,0
2017,7,3,NA,0,NA,0,NA,0,NA,0,NA,0,NA,NA,0
2017,7,4,NA,0,NA,0,NA,0,NA,0,NA,0,NA,NA,0
2017,7,5,NA,0,NA,0,NA,0,NA,0,NA,0,NA,NA,0
2017,7,6,NA,0,NA,0,NA,0,NA,0,NA,0,NA,NA,0
2017,7,7,NA,0,NA,0,NA,0,NA,0,NA,0,NA,NA,0
2017,7,8,NA,0,NA,0,NA,0,NA,0,NA,0,NA,NA,0
2017,7,9,NA,0,NA,0,NA,0,NA,0,NA,0,NA,NA,0
2017,7,10,NA,0,NA,0,NA,0,NA,0,NA,0,NA,NA,0
2017,7,11,NA,0,NA,0,NA,0,NA,0,NA,0,NA,NA,0
2017,7,12,NA,0,NA,0,NA,0,NA,0,NA,0,NA,NA,0
2017,7,13,NA,0,NA,0,NA,0,NA,0,NA,0,NA,NA,0
2017,7,14,NA,0,NA,0,NA,0,NA,0,NA,0,NA,NA,0
2017,7,15,NA,0,NA,0,NA,0,NA,0,NA,0,NA,NA,0
2017,7,16,NA,0,NA,0,NA,0,NA,0,NA,0,NA,NA,0
2017,7,17,NA,0,NA,0,NA,0,NA,0,NA,0,NA,NA,0
2017,7,18,NA,0,NA,0,NA,0,NA,0,NA,0,NA,NA,0
2017,7,19,NA,0,NA,0,NA,0,NA,0,NA,0,NA,NA,0
2017,7,20,NA,0,NA,0,NA,0,NA,0,NA,0,NA,NA,0
2017,7,21,NA,0,NA,0,NA,0,NA,0,NA,0,NA,NA,0
2017,7,22,NA,0,NA,0,NA,0,NA,0,NA,0,NA,NA,0
2017,7,23,NA,0,NA,0,NA,0,NA,0,NA,0,NA,NA,0
2017,7,24,NA,0,NA,0,NA,0,NA,0,NA,0,NA,NA,0
2017,7,25,NA,0,NA,0,NA,0,NA,0,NA,0,NA,NA,0
2017,7,26,NA,0,NA,0,NA,0,NA,0,NA,0,NA,NA,0
2017,7,27,NA,0,NA,0,NA,0,NA,0,NA,0,NA,NA,0
2017,7,28,NA,0,NA,0,NA,0,NA,0,NA,0,NA,NA,0
2017,7,29,NA,0,NA,0,NA,0,NA,0,NA,0,NA,NA,0
2017,7,30,NA,0,NA,0,NA,0,NA,0,NA,0,NA,NA,0
2017,7,31,NA,0,NA,0,NA,0,NA,0,NA,0,NA,NA,0
2017,8,1,NA,0,NA,0,NA,0,NA,0,NA,0,NA,NA,0
2017,8,2,NA,0,NA,0,NA,0,NA,0,NA,0,NA,NA,0
2017,8,3,NA,0,NA,0,NA,0,NA,0,NA,0,NA,NA,0
2017,8,4,NA,0,NA,0,NA,0,NA,0,NA,0,NA,NA,0
2017,8,5,NA,0,NA,0,NA,0,NA,0,NA,0,NA,NA,0
2017,8,6,NA,0,NA,0,NA,0,NA,0,NA,0,NA,NA,0
2017,8,7,NA,0,NA,0,NA,0,NA,0,NA,0,NA,NA,0
2017,8,8,NA,0,NA,0,NA,0,NA,0,NA,0,NA,NA,0
2017,8,9,NA,0,NA,0,NA,0,NA,0,NA,0,NA,NA,0
2017,8,10,NA,0,NA,0,NA,0,NA,0,NA,0,NA,NA,0
2017,8,11,NA,0,NA,0,NA,0,NA,0,NA,0,NA,NA,0
2017,8,12,NA,0,NA,0,NA,0,NA,0,NA,0,NA,NA,0
2017,8,13,NA,0,NA,0,NA,0,NA,0,NA,0,NA,NA,0
2017,8,14,NA,0,NA,0,NA,0,NA,0,NA,0,NA,NA,0
2017,8,15,NA,0,NA,0,NA,0,NA,0,NA,0,NA,NA,0
2017,8,16,NA,0,NA,0,NA,0,NA,0,NA,0,NA,NA,0
2017,8,17,NA,0,NA,0,NA,0,NA,0,NA,0,NA,NA,0
2017,8,18,NA,0,NA,0,NA,0,NA,0,NA,0,NA,NA,0
2017,8,19,NA,0,NA,0,NA,0,NA,0,NA,0,NA,NA,0
2017,8,20,NA,0,NA,0,NA,0,NA,0,NA,0,NA,NA,0
2017,8,21,NA,0,NA,0,NA,0,NA,0,NA,0,NA,NA,0
2017,8,22,NA,0,NA,0,NA,0,NA,0,NA,0,NA,NA,0
2017,8,23,NA,0,NA,0,NA,0,NA,0,NA,0,NA,NA,0
2017,8,24,NA,0,NA,0,NA,0,NA,0,NA,0,NA,NA,0
2017,8,25,NA,0,NA,0,NA,0,NA,0,NA,0,NA,NA,0
2017,8,26,NA,0,NA,0,NA,0,NA,0,NA,0,NA,NA,0
2017,8,27,NA,0,NA,0,NA,0,NA,0,NA,0,NA,NA,0
2017,8,28,NA,0,NA,0,NA,0,NA,0,NA,0,NA,NA,0
2017,8,29,NA,0,NA,0,NA,0,NA,0,NA,0,NA,NA,0
2017,8,30,NA,0,NA,0,NA,0,NA,0,NA,0,NA,NA,0
2017,8,31,NA,0,NA,0,NA,0,NA,0,NA,0,NA,NA,0
2017,9,1,NA,0,NA,0,NA,0,NA,0,NA,0,NA,NA,0
2017,9,2,NA,0,NA,0,NA,0,NA,0,NA,0,NA,NA,0
2017,9,3,NA,0,NA,0,NA,0,NA,0,NA,0,NA,NA,0
2017,9,4,NA,0,NA,0,NA,0,NA,0,NA,0,NA,NA,0
2017,9,5,NA,0,NA,0,NA,0,NA,0,NA,0,NA,NA,0
2017,9,6,NA,0,NA,0,NA,0,NA,0,NA,0,NA,NA,0
2017,9,7,NA,0,NA,0,NA,0,NA,0,NA,0,NA,NA,0
2017,9,8,NA,0,NA,0,NA,0,NA,0,NA,0,NA,NA,0
2017,9,9,NA,0,NA,0,NA,0,NA,0,NA,0,NA,NA,0
2017,9,10,NA,0,NA,0,NA,0,NA,0,NA,0,NA,NA,0
2017,9,11,NA,0,NA,0,NA,0,NA,0,NA,0,NA,NA,0
2017,9,12,NA,0,NA,0,NA,0,NA,0,NA,0,NA,NA,0
2017,9,13,NA,0,NA,0,NA,0,NA,0,NA,0,NA,NA,0
2017,9,14,NA,0,NA,0,NA,0,NA,0,NA,0,NA,NA,0
2017,9,15,NA,0,NA,0,NA,0,NA,0,NA,0,NA,NA,0
2017,9,16,NA,0,NA,0,NA,0,NA,0,NA,0,NA,NA,0
2017,9,17,NA,0,NA,0,NA,0,NA,0,NA,0,NA,NA,0
2017,9,18,NA,0,NA,0,NA,0,NA,0,NA,0,NA,NA,0
2017,9,19,NA,0,NA,0,NA,0,NA,0,NA,0,NA,NA,0
2017,9,20,NA,0,NA,0,NA,0,NA,0,NA,0,NA,NA,0
2017,9,21,NA,0,NA,0,NA,0,NA,0,NA,0,NA,NA,0
2017,9,22,NA,0,NA,0,NA,0,NA,0,NA,0,NA,NA,0
2017,9,23,NA,0,NA,0,NA,0,NA,0,NA,0,NA,NA,0
2017,9,24,NA,0,NA,0,NA,0,NA,0,NA,0,NA,NA,0
2017,9,25,NA,0,NA,0,NA,0,NA,0,NA,0,NA,NA,0
2017,9,26,NA,0,NA,0,NA,0,NA,0,NA,0,NA,NA,0
2017,9,27,NA,0,NA,0,NA,0,NA,0,NA,0,NA,NA,0
2017,9,28,NA,0,NA,0,NA,0,NA,0,NA,0,NA,NA,0
2017,9,29,NA,0,NA,0,NA,0,NA,0,NA,0,NA,NA,0
2017,9,30,NA,0.125,NA,0.125,NA,0.125,NA,0.125,NA,0.125,NA,NA,0.125
2017,10,1,NA,0,NA,0,NA,0,NA,0,NA,0,NA,NA,0
2017,10,2,NA,0,NA,0,NA,0,NA,0,NA,0,NA,NA,0
2017,10,3,NA,0.125,NA,0.125,NA,0.125,NA,0.125,NA,0.125,NA,NA,0.125
2017,10,4,NA,0,NA,0,NA,0,NA,0,NA,0,NA,NA,0
2017,10,5,NA,0.25,NA,0.25,NA,0.25,NA,0.25,NA,0.25,NA,NA,0.25
2017,10,6,NA,0,NA,0,NA,0,NA,0,NA,0,NA,NA,0
2017,10,7,NA,0.25,NA,0.375,NA,0.375,NA,0.375,NA,0.375,NA,NA,0.375
2017,10,8,NA,0.25,NA,0.375,NA,0.375,NA,0.375,NA,0.375,NA,NA,0.375
2017,10,9,NA,0.25,NA,0.375,NA,0.375,NA,0.375,NA,0.375,NA,NA,0.375
2017,10,10,NA,0.25,NA,0.375,NA,0.375,NA,0.375,NA,0.375,NA,NA,0.375
2017,10,11,NA,0.25,NA,0.375,NA,0,NA,0,NA,0.375,NA,NA,0
2017,10,12,NA,0.25,NA,0.375,NA,0.375,NA,0.375,NA,0.375,NA,NA,0.375
2017,10,13,NA,0.25,NA,0.375,NA,0.375,NA,0.375,NA,0.375,NA,NA,0.375
2017,10,14,NA,0.375,NA,0.375,NA,0.375,NA,0.375,NA,0.375,NA,NA,0.375
2017,10,15,NA,0.375,NA,0.375,NA,0.375,NA,0.375,NA,0.375,NA,NA,0.375
2017,10,16,NA,0.375,NA,0.375,NA,0.375,NA,0.375,NA,0.375,NA,NA,0.375
2017,10,17,NA,0.25,NA,0.375,NA,0.375,NA,0.375,NA,0.375,NA,NA,0.375
2017,10,18,NA,0,NA,0,NA,0,NA,0,NA,0,NA,NA,0
2017,10,19,NA,0.25,NA,0.25,NA,0.25,NA,0.25,NA,0.25,NA,NA,0.25
2017,10,20,NA,0.375,NA,0.375,NA,0.375,NA,0.375,NA,0.375,NA,NA,0.375
2017,10,21,NA,0,NA,0,NA,0,NA,0,NA,0,NA,NA,0
2017,10,22,NA,0.25,NA,0.375,NA,0.375,NA,0.375,NA,0.375,NA,NA,0.375
2017,10,23,NA,0.375,NA,0.375,NA,0.375,NA,0.375,NA,0.375,NA,NA,0.375
2017,10,24,NA,0.375,NA,0.375,NA,0.375,NA,0.375,NA,0.375,NA,NA,0.375
2017,10,25,NA,0.25,NA,0.25,NA,0.25,NA,0.25,NA,0.25,NA,NA,0.25
2017,10,26,NA,0.125,NA,0.125,NA,0.125,NA,0.125,NA,0.125,NA,NA,0.125
2017,10,27,NA,0.25,NA,0.25,NA,0.25,NA,0.25,NA,0.25,NA,NA,0.25
2017,10,28,NA,0.25,NA,0.375,NA,0.375,NA,0.375,NA,0.375,NA,NA,0.375
2017,10,29,NA,0.25,NA,0.375,NA,0.375,NA,0.375,NA,0.375,NA,NA,0.375
2017,10,30,NA,0.125,NA,0.375,NA,0.25,NA,0.25,NA,0.375,NA,NA,0.25
2017,10,31,NA,0.375,NA,0.375,NA,0.375,NA,0.375,NA,0.375,NA,NA,0.375
2017,11,1,NA,0,NA,0,NA,0,NA,0,NA,0,NA,NA,0
2017,11,2,NA,0,NA,0,NA,0,NA,0,NA,0,NA,NA,0
2017,11,3,NA,0,NA,0,NA,0,NA,0,NA,0,NA,NA,0
2017,11,4,NA,0,NA,0,NA,0,NA,0,NA,0,NA,NA,0
2017,11,5,NA,0,NA,0,NA,0,NA,0,NA,0,NA,NA,0
2017,11,6,NA,0,NA,0,NA,0,NA,0,NA,0,NA,NA,0
2017,11,7,NA,0,NA,0,NA,0,NA,0,NA,0,NA,NA,0
2017,11,8,NA,0,NA,0,NA,0,NA,0,NA,0,NA,NA,0
2017,11,9,NA,0,NA,0,NA,0,NA,0,NA,0,NA,NA,0
2017,11,10,NA,0,NA,0,NA,0,NA,0,NA,0,NA,NA,0
2017,11,11,NA,0,NA,0,NA,0,NA,0,NA,0,NA,NA,0
2017,11,12,NA,0,NA,0,NA,0,NA,0,NA,0,NA,NA,0
2017,11,13,NA,0,NA,0,NA,0,NA,0,NA,0,NA,NA,0
2017,11,14,NA,0,NA,0,NA,0,NA,0,NA,0,NA,NA,0
2017,11,15,NA,0,NA,0,NA,0,NA,0,NA,0,NA,NA,0
2017,11,16,NA,0,NA,0,NA,0,NA,0,NA,0,NA,NA,0
2017,11,17,NA,0,NA,0,NA,0,NA,0,NA,0,NA,NA,0
2017,11,18,NA,0,NA,0,NA,0,NA,0,NA,0,NA,NA,0
2017,11,19,NA,0,NA,0,NA,0,NA,0,NA,0,NA,NA,0
2017,11,20,NA,0,NA,0,NA,0,NA,0,NA,0,NA,NA,0
2017,11,21,NA,0,NA,0,NA,0,NA,0,NA,0,NA,NA,0
2017,11,22,NA,0,NA,0,NA,0,NA,0,NA,0,NA,NA,0
2017,11,23,NA,0,NA,0,NA,0,NA,0,NA,0,NA,NA,0
2017,11,24,NA,0,NA,0,NA,0,NA,0,NA,0,NA,NA,0
2017,11,25,NA,0,NA,0,NA,0,NA,0,NA,0,NA,NA,0
2017,11,26,NA,0,NA,0,NA,0,NA,0,NA,0,NA,NA,0
2017,11,27,NA,0,NA,0,NA,0,NA,0,NA,0,NA,NA,0
2017,11,28,NA,0,NA,0,NA,0,NA,0,NA,0,NA,NA,0
2017,11,29,NA,0,NA,0,NA,0,NA,0,NA,0,NA,NA,0
2017,11,30,NA,0,NA,0,NA,0,NA,0,NA,0,NA,NA,0
2017,12,1,NA,0,NA,0,NA,0,NA,0,NA,0,NA,NA,0
2017,12,2,NA,0,NA,0,NA,0,NA,0,NA,0,NA,NA,0
2017,12,3,NA,0,NA,0,NA,0,NA,0,NA,0,NA,NA,0
2017,12,4,NA,0,NA,0,NA,0,NA,0,NA,0,NA,NA,0
2017,12,5,NA,0,NA,0,NA,0,NA,0,NA,0,NA,NA,0
2017,12,6,NA,0,NA,0,NA,0,NA,0,NA,0,NA,NA,0
2017,12,7,NA,0,NA,0,NA,0,NA,0,NA,0,NA,NA,0
2017,12,8,NA,0,NA,0,NA,0,NA,0,NA,0,NA,NA,0
2017,12,9,NA,0,NA,0,NA,0,NA,0,NA,0,NA,NA,0
2017,12,10,NA,0,NA,0,NA,0,NA,0,NA,0,NA,NA,0
2017,12,11,NA,0,NA,0,NA,0,NA,0,NA,0,NA,NA,0
2017,12,12,NA,0,NA,0,NA,0,NA,0,NA,0,NA,NA,0
2017,12,13,NA,0,NA,0,NA,0,NA,0,NA,0,NA,NA,0
2017,12,14,NA,0,NA,0,NA,0,NA,0,NA,0,NA,NA,0
2017,12,15,NA,0,NA,0,NA,0,NA,0,NA,0,NA,NA,0
2017,12,16,NA,0,NA,0,NA,0,NA,0,NA,0,NA,NA,0
2017,12,17,NA,0,NA,0,NA,0,NA,0,NA,0,NA,NA,0
2017,12,18,NA,0,NA,0,NA,0,NA,0,NA,0,NA,NA,0
2017,12,19,NA,0,NA,0,NA,0,NA,0,NA,0,NA,NA,0
2017,12,20,NA,0,NA,0,NA,0,NA,0,NA,0,NA,NA,0
2017,12,21,NA,0,NA,0,NA,0,NA,0,NA,0,NA,NA,0
2017,12,22,NA,0,NA,0,NA,0,NA,0,NA,0,NA,NA,0
2017,12,23,NA,0,NA,0,NA,0,NA,0,NA,0,NA,NA,0
2017,12,24,NA,0,NA,0,NA,0,NA,0,NA,0,NA,NA,0
2017,12,25,NA,0,NA,0,NA,0,NA,0,NA,0,NA,NA,0
2017,12,26,NA,0,NA,0,NA,0,NA,0,NA,0,NA,NA,0
2017,12,27,NA,0,NA,0,NA,0,NA,0,NA,0,NA,NA,0
2017,12,28,NA,0,NA,0,NA,0,NA,0,NA,0,NA,NA,0
2017,12,29,NA,0,NA,0,NA,0,NA,0,NA,0,NA,NA,0
2017,12,30,NA,0,NA,0,NA,0,NA,0,NA,0,NA,NA,0
2017,12,31,NA,0,NA,0,NA,0,NA,0,NA,0,NA,NA,0
2018,1,1,NA,0,NA,0,NA,0,NA,0,NA,0,NA,NA,0
2018,1,2,NA,0,NA,0,NA,0,NA,0,NA,0,NA,NA,0
2018,1,3,NA,0,NA,0,NA,0,NA,0,NA,0,NA,NA,0
2018,1,4,NA,0,NA,0,NA,0,NA,0,NA,0,NA,NA,0
2018,1,5,NA,0,NA,0,NA,0,NA,0,NA,0,NA,NA,0
2018,1,6,NA,0,NA,0,NA,0,NA,0,NA,0,NA,NA,0
2018,1,7,NA,0,NA,0,NA,0,NA,0,NA,0,NA,NA,0
2018,1,8,NA,0,NA,0,NA,0,NA,0,NA,0,NA,NA,0
2018,1,9,NA,0,NA,0,NA,0,NA,0,NA,0,NA,NA,0
2018,1,10,NA,0,NA,0,NA,0,NA,0,NA,0,NA,NA,0
2018,1,11,NA,0,NA,0,NA,0,NA,0,NA,0,NA,NA,0
2018,1,12,NA,0,NA,0,NA,0,NA,0,NA,0,NA,NA,0
2018,1,13,NA,0,NA,0,NA,0,NA,0,NA,0,NA,NA,0
2018,1,14,NA,0,NA,0,NA,0,NA,0,NA,0,NA,NA,0
2018,1,15,NA,0,NA,0,NA,0,NA,0,NA,0,NA,NA,0
2018,1,16,NA,0,NA,0,NA,0,NA,0,NA,0,NA,NA,0
2018,1,17,NA,0,NA,0,NA,0,NA,0,NA,0,NA,NA,0
2018,1,18,NA,0,NA,0,NA,0,NA,0,NA,0,NA,NA,0
2018,1,19,NA,0,NA,0,NA,0,NA,0,NA,0,NA,NA,0
2018,1,20,NA,0,NA,0,NA,0,NA,0,NA,0,NA,NA,0
2018,1,21,NA,0,NA,0,NA,0,NA,0,NA,0,NA,NA,0
2018,1,22,NA,0,NA,0,NA,0,NA,0,NA,0,NA,NA,0
2018,1,23,NA,0,NA,0,NA,0,NA,0,NA,0,NA,NA,0
2018,1,24,NA,0,NA,0,NA,0,NA,0,NA,0,NA,NA,0
2018,1,25,NA,0,NA,0,NA,0,NA,0,NA,0,NA,NA,0
2018,1,26,NA,0,NA,0,NA,0,NA,0,NA,0,NA,NA,0
2018,1,27,NA,0,NA,0,NA,0,NA,0,NA,0,NA,NA,0
2018,1,28,NA,0,NA,0,NA,0,NA,0,NA,0,NA,NA,0
2018,1,29,NA,0,NA,0,NA,0,NA,0,NA,0,NA,NA,0
2018,1,30,NA,0,NA,0,NA,0,NA,0,NA,0,NA,NA,0
2018,1,31,NA,0,NA,0,NA,0,NA,0,NA,0,NA,NA,0
2018,2,1,NA,0,NA,0,NA,0,NA,0,NA,0,NA,NA,0
2018,2,2,NA,0,NA,0,NA,0,NA,0,NA,0,NA,NA,0
2018,2,3,NA,0,NA,0,NA,0,NA,0,NA,0,NA,NA,0
2018,2,4,NA,0,NA,0,NA,0,NA,0,NA,0,NA,NA,0
2018,2,5,NA,0,NA,0,NA,0,NA,0,NA,0,NA,NA,0
2018,2,6,NA,0,NA,0,NA,0,NA,0,NA,0,NA,NA,0
2018,2,7,NA,0,NA,0,NA,0,NA,0,NA,0,NA,NA,0
2018,2,8,NA,0,NA,0,NA,0,NA,0,NA,0,NA,NA,0
2018,2,9,NA,0,NA,0,NA,0,NA,0,NA,0,NA,NA,0
2018,2,10,NA,0,NA,0,NA,0,NA,0,NA,0,NA,NA,0
2018,2,11,NA,0,NA,0,NA,0,NA,0,NA,0,NA,NA,0
2018,2,12,NA,0,NA,0,NA,0,NA,0,NA,0,NA,NA,0
2018,2,13,NA,0,NA,0,NA,0,NA,0,NA,0,NA,NA,0
2018,2,14,NA,0,NA,0,NA,0,NA,0,NA,0,NA,NA,0
2018,2,15,NA,0,NA,0,NA,0,NA,0,NA,0,NA,NA,0
2018,2,16,NA,0,NA,0,NA,0,NA,0,NA,0,NA,NA,0
2018,2,17,NA,0,NA,0,NA,0,NA,0,NA,0,NA,NA,0
2018,2,18,NA,0,NA,0,NA,0,NA,0,NA,0,NA,NA,0
2018,2,19,NA,0.25,NA,0.5,NA,0.5,NA,0.5,NA,0.5,NA,NA,0.5
2018,2,20,NA,0.5,582.17,0.75,6.12,0.75,305.17,0.75,43.58,0.75,6.07,305.14,0.75
2018,2,21,NA,0,NA,0,NA,0,NA,0,NA,0,NA,NA,0
2018,2,22,NA,0,NA,0,NA,0,NA,0,NA,0,NA,NA,0
2018,2,23,NA,0,NA,0,NA,0,NA,0,NA,0,NA,NA,0
2018,2,24,NA,0,NA,0,NA,0,NA,0,NA,0,NA,NA,0
2018,2,25,NA,0,NA,0,NA,0,NA,0,NA,0,NA,NA,0
2018,2,26,NA,0,NA,0,NA,0,NA,0,NA,0,NA,NA,0
2018,2,27,NA,0,NA,0,NA,0,NA,0,NA,0,NA,NA,0
2018,2,28,NA,0,NA,0,NA,0,NA,0,NA,0,NA,NA,0
2018,3,1,NA,0,NA,0,NA,0,NA,0,NA,0,NA,NA,0
2018,3,2,NA,0,NA,0,NA,0,NA,0,NA,0,NA,NA,0
2018,3,3,NA,0,NA,0,NA,0,NA,0,NA,0,NA,NA,0
2018,3,4,NA,0,NA,0,NA,0,NA,0,NA,0,NA,NA,0
2018,3,5,NA,0,NA,0,NA,0,NA,0,NA,0,NA,NA,0
2018,3,6,NA,0,NA,0,NA,0,NA,0,NA,0,NA,NA,0
2018,3,7,NA,0,NA,0,NA,0,NA,0,NA,0,NA,NA,0
2018,3,8,NA,0,NA,0,NA,0,NA,0,NA,0,NA,NA,0
2018,3,9,NA,0.375,NA,0.375,NA,0.375,NA,0.375,NA,0.375,NA,NA,0.375
2018,3,10,NA,0.375,NA,0.375,NA,0.375,NA,0.375,NA,0.375,NA,NA,0.375
2018,3,11,NA,0,NA,0,NA,0,NA,0,NA,0,NA,NA,0
2018,3,12,NA,0,NA,0,NA,0,NA,0,NA,0,NA,NA,0
2018,3,13,NA,0,NA,0,NA,0,NA,0,NA,0,NA,NA,0
2018,3,14,NA,0,NA,0,NA,0,NA,0,NA,0,NA,NA,0
2018,3,15,NA,0.625,NA,0.625,NA,0.625,NA,0.625,NA,0.625,NA,NA,0.625
2018,3,16,NA,0.375,NA,0.375,NA,0.375,NA,0.375,NA,0.375,NA,NA,0.375
2018,3,17,NA,0.25,NA,0.25,NA,0.25,NA,0.25,NA,0.25,NA,NA,0.25
2018,3,18,NA,0,NA,0,NA,0,NA,0,NA,0,NA,NA,0
2018,3,19,NA,0.375,NA,0.375,NA,0.375,NA,0.375,NA,0.375,NA,NA,0.375
2018,3,20,NA,0,NA,0,NA,0,NA,0,NA,0,NA,NA,0
2018,3,21,NA,0,NA,0,NA,0,NA,0,NA,0,NA,NA,0
2018,3,22,NA,0.25,NA,0.25,NA,0.25,NA,0.25,NA,0.25,NA,NA,0.25
2018,3,23,NA,0.5,NA,0.625,NA,0.625,NA,0.625,50.18,0.75,NA,NA,0.625
2018,3,24,-42.42,0.75,603.12,1,3.94,1,104.25,1,56,1,1.37,135.35,1
2018,3,25,NA,0.5,596.76,0.875,6.94,0.875,314.57,0.875,56.11,0.875,6.41,314.83,0.875
2018,3,26,NA,0.375,NA,0.5,NA,0.5,NA,0.5,NA,0.375,NA,NA,0.5
2018,3,27,NA,0.25,NA,0.25,NA,0.25,NA,0.25,NA,0.25,NA,NA,0.25
2018,3,28,NA,0,NA,0,NA,0,NA,0,NA,0,NA,NA,0
2018,3,29,NA,0,NA,0,NA,0,NA,0,NA,0,NA,NA,0
2018,3,30,NA,0.375,NA,0.625,NA,0.625,NA,0.625,NA,0.625,NA,NA,0.625
2018,3,31,NA,0.5,NA,0.5,NA,0.5,NA,0.5,NA,0.5,NA,NA,0.5
2018,4,1,NA,0,NA,0,NA,0,NA,0,NA,0,NA,NA,0
2018,4,2,NA,0,NA,0,NA,0,NA,0,NA,0,NA,NA,0
2018,4,3,NA,0,NA,0,NA,0,NA,0,NA,0,NA,NA,0
2018,4,4,NA,0,NA,0,NA,0,NA,0,NA,0,NA,NA,0
2018,4,5,NA,0,NA,0,NA,0,NA,0,NA,0,NA,NA,0
2018,4,6,NA,0,NA,0,NA,0,NA,0,NA,0,NA,NA,0
2018,4,7,NA,0,NA,0,NA,0,NA,0,NA,0,NA,NA,0
2018,4,8,NA,0,NA,0,NA,0,NA,0,NA,0,NA,NA,0
2018,4,9,NA,0,NA,0,NA,0,NA,0,NA,0,NA,NA,0
2018,4,10,NA,0,NA,0,NA,0,NA,0,NA,0,NA,NA,0
2018,4,11,NA,0,NA,0,NA,0,NA,0,NA,0,NA,NA,0
2018,4,12,NA,0,NA,0,NA,0,NA,0,NA,0,NA,NA,0
2018,4,13,NA,0,NA,0,NA,0,NA,0,NA,0,NA,NA,0
2018,4,14,NA,0,NA,0,NA,0,NA,0,NA,0,NA,NA,0
2018,4,15,NA,0,NA,0,NA,0,NA,0,NA,0,NA,NA,0
2018,4,16,NA,0,NA,0,NA,0,NA,0,NA,0,NA,NA,0
2018,4,17,NA,0,NA,0,NA,0,NA,0,NA,0,NA,NA,0
2018,4,18,NA,0,NA,0,NA,0,NA,0,NA,0,NA,NA,0
2018,4,19,NA,0,NA,0,NA,0,NA,0,NA,0,NA,NA,0
2018,4,20,NA,0,NA,0,NA,0,NA,0,NA,0,NA,NA,0
2018,4,21,NA,0,NA,0,NA,0,NA,0,NA,0,NA,NA,0
2018,4,22,NA,0,NA,0,NA,0,NA,0,NA,0,NA,NA,0
2018,4,23,NA,0,NA,0,NA,0,NA,0,NA,0,NA,NA,0
2018,4,24,NA,0,NA,0,NA,0,NA,0,NA,0,NA,NA,0
2018,4,25,NA,0,NA,0,NA,0,NA,0,NA,0,NA,NA,0
2018,4,26,NA,0,NA,0,NA,0,NA,0,NA,0,NA,NA,0
2018,4,27,NA,0,NA,0,NA,0,NA,0,NA,0,NA,NA,0
2018,4,28,NA,0,NA,0,NA,0,NA,0,NA,0,NA,NA,0
2018,4,29,NA,0,NA,0,NA,0,NA,0,NA,0,NA,NA,0
2018,4,30,NA,0,NA,0,NA,0,NA,0,NA,0,NA,NA,0
2018,5,1,NA,0,NA,0,NA,0,NA,0,NA,0,NA,NA,0
2018,5,2,NA,0,NA,0,NA,0,NA,0,NA,0,NA,NA,0
2018,5,3,NA,0,NA,0,NA,0,NA,0,NA,0,NA,NA,0
2018,5,4,NA,0,NA,0,NA,0,NA,0,NA,0,NA,NA,0
2018,5,5,NA,0,NA,0,NA,0,NA,0,NA,0,NA,NA,0
2018,5,6,NA,0,NA,0,NA,0,NA,0,NA,0,NA,NA,0
2018,5,7,NA,0,NA,0,NA,0,NA,0,NA,0,NA,NA,0
2018,5,8,NA,0,NA,0,NA,0,NA,0,NA,0,NA,NA,0
2018,5,9,NA,0,NA,0,NA,0,NA,0,NA,0,NA,NA,0
2018,5,10,NA,0,NA,0,NA,0,NA,0,NA,0,NA,NA,0
2018,5,11,NA,0,NA,0,NA,0,NA,0,NA,0,NA,NA,0
2018,5,12,NA,0,NA,0,NA,0,NA,0,NA,0,NA,NA,0
2018,5,13,NA,0,NA,0,NA,0,NA,0,NA,0,NA,NA,0
2018,5,14,NA,0,NA,0,NA,0,NA,0,NA,0,NA,NA,0
2018,5,15,NA,0,NA,0,NA,0,NA,0,NA,0,NA,NA,0
2018,5,16,NA,0,NA,0,NA,0,NA,0,NA,0,NA,NA,0
2018,5,17,NA,0,NA,0,NA,0,NA,0,NA,0,NA,NA,0
2018,5,18,NA,0,NA,0,NA,0,NA,0,NA,0,NA,NA,0
2018,5,19,NA,0,NA,0,NA,0,NA,0,NA,0,NA,NA,0
2018,5,20,NA,0,NA,0,NA,0,NA,0,NA,0,NA,NA,0
2018,5,21,NA,0,NA,0,NA,0,NA,0,NA,0,NA,NA,0
2018,5,22,NA,0,NA,0,NA,0,NA,0,NA,0,NA,NA,0
2018,5,23,NA,0,NA,0,NA,0,NA,0,NA,0,NA,NA,0
2018,5,24,NA,0,NA,0,NA,0,NA,0,NA,0,NA,NA,0
2018,5,25,NA,0,NA,0,NA,0,NA,0,NA,0,NA,NA,0
2018,5,26,NA,0,NA,0,NA,0,NA,0,NA,0,NA,NA,0
2018,5,27,NA,0,NA,0,NA,0,NA,0,NA,0,NA,NA,0
2018,5,28,NA,0,NA,0,NA,0,NA,0,NA,0,NA,NA,0
2018,5,29,NA,0,NA,0,NA,0,NA,0,NA,0,NA,NA,0
2018,5,30,NA,0,NA,0,NA,0,NA,0,NA,0,NA,NA,0
2018,5,31,NA,0,NA,0,NA,0,NA,0,NA,0,NA,NA,0
2018,6,1,NA,0,NA,0,NA,0,NA,0,NA,0,NA,NA,0
2018,6,2,NA,0,NA,0,NA,0,NA,0,NA,0,NA,NA,0
2018,6,3,NA,0,NA,0,NA,0,NA,0,NA,0,NA,NA,0
2018,6,4,NA,0,NA,0,NA,0,NA,0,NA,0,NA,NA,0
2018,6,5,NA,0,NA,0,NA,0,NA,0,NA,0,NA,NA,0
2018,6,6,NA,0,NA,0,NA,0,NA,0,NA,0,NA,NA,0
2018,6,7,NA,0,NA,0,NA,0,NA,0,NA,0,NA,NA,0
2018,6,8,NA,0,NA,0,NA,0,NA,0,NA,0,NA,NA,0
2018,6,9,NA,0,NA,0,NA,0,NA,0,NA,0,NA,NA,0
2018,6,10,NA,0,NA,0,NA,0,NA,0,NA,0,NA,NA,0
2018,6,11,NA,0,NA,0,NA,0,NA,0,NA,0,NA,NA,0
2018,6,12,NA,0,NA,0,NA,0,NA,0,NA,0,NA,NA,0
2018,6,13,NA,0,NA,0,NA,0,NA,0,NA,0,NA,NA,0
2018,6,14,NA,0,NA,0,NA,0,NA,0,NA,0,NA,NA,0
2018,6,15,NA,0,NA,0,NA,0,NA,0,NA,0,NA,NA,0
2018,6,16,NA,0,NA,0,NA,0,NA,0,NA,0,NA,NA,0
2018,6,17,NA,0,NA,0,NA,0,NA,0,NA,0,NA,NA,0
2018,6,18,NA,0,NA,0,NA,0,NA,0,NA,0,NA,NA,0
2018,6,19,NA,0,NA,0,NA,0,NA,0,NA,0,NA,NA,0
2018,6,20,NA,0,NA,0,NA,0,NA,0,NA,0,NA,NA,0
2018,6,21,NA,0,NA,0,NA,0,NA,0,NA,0,NA,NA,0
2018,6,22,NA,0,NA,0,NA,0,NA,0,NA,0,NA,NA,0
2018,6,23,NA,0,NA,0,NA,0,NA,0,NA,0,NA,NA,0
2018,6,24,NA,0,NA,0,NA,0,NA,0,NA,0,NA,NA,0
2018,6,25,NA,0,NA,0,NA,0,NA,0,NA,0,NA,NA,0
2018,6,26,NA,0,NA,0,NA,0,NA,0,NA,0,NA,NA,0
2018,6,27,NA,0,NA,0,NA,0,NA,0,NA,0,NA,NA,0
2018,6,28,NA,0,NA,0,NA,0,NA,0,NA,0,NA,NA,0
2018,6,29,NA,0,NA,0,NA,0,NA,0,NA,0,NA,NA,0
2018,6,30,NA,0,NA,0,NA,0,NA,0,NA,0,NA,NA,0
2018,7,1,NA,0,NA,0,NA,0,NA,0,NA,0,NA,NA,0
2018,7,2,NA,0,NA,0,NA,0,NA,0,NA,0,NA,NA,0
2018,7,3,NA,0,NA,0,NA,0,NA,0,NA,0,NA,NA,0
2018,7,4,NA,0,NA,0,NA,0,NA,0,NA,0,NA,NA,0
2018,7,5,NA,0,NA,0,NA,0,NA,0,NA,0,NA,NA,0
2018,7,6,NA,0,NA,0,NA,0,NA,0,NA,0,NA,NA,0
2018,7,7,NA,0,NA,0,NA,0,NA,0,NA,0,NA,NA,0
2018,7,8,NA,0,NA,0,NA,0,NA,0,NA,0,NA,NA,0
2018,7,9,NA,0,NA,0,NA,0,NA,0,NA,0,NA,NA,0
2018,7,10,NA,0,NA,0,NA,0,NA,0,NA,0,NA,NA,0
2018,7,11,NA,0,NA,0,NA,0,NA,0,NA,0,NA,NA,0
2018,7,12,NA,0,NA,0,NA,0,NA,0,NA,0,NA,NA,0
2018,7,13,NA,0,NA,0,NA,0,NA,0,NA,0,NA,NA,0
2018,7,14,NA,0,NA,0,NA,0,NA,0,NA,0,NA,NA,0
2018,7,15,NA,0,NA,0,NA,0,NA,0,NA,0,NA,NA,0
2018,7,16,NA,0,NA,0,NA,0,NA,0,NA,0,NA,NA,0
2018,7,17,NA,0,NA,0,NA,0,NA,0,NA,0,NA,NA,0
2018,7,18,NA,0,NA,0,NA,0,NA,0,NA,0,NA,NA,0
2018,7,19,NA,0,NA,0,NA,0,NA,0,NA,0,NA,NA,0
2018,7,20,NA,0,NA,0,NA,0,NA,0,NA,0,NA,NA,0
2018,7,21,NA,0,NA,0,NA,0,NA,0,NA,0,NA,NA,0
2018,7,22,NA,0,NA,0,NA,0,NA,0,NA,0,NA,NA,0
2018,7,23,NA,0,NA,0,NA,0,NA,0,NA,0,NA,NA,0
2018,7,24,NA,0,NA,0,NA,0,NA,0,NA,0,NA,NA,0
2018,7,25,NA,0,NA,0,NA,0,NA,0,NA,0,NA,NA,0
2018,7,26,NA,0,NA,0,NA,0,NA,0,NA,0,NA,NA,0
2018,7,27,NA,0,NA,0,NA,0,NA,0,NA,0,NA,NA,0
2018,7,28,NA,0,NA,0,NA,0,NA,0,NA,0,NA,NA,0
2018,7,29,NA,0,NA,0,NA,0,NA,0,NA,0,NA,NA,0
2018,7,30,NA,0,NA,0,NA,0,NA,0,NA,0,NA,NA,0
2018,7,31,NA,0,NA,0,NA,0,NA,0,NA,0,NA,NA,0
2018,8,1,NA,0,NA,0,NA,0,NA,0,NA,0,NA,NA,0
2018,8,2,NA,0,NA,0,NA,0,NA,0,NA,0,NA,NA,0
2018,8,3,NA,0,NA,0,NA,0,NA,0,NA,0,NA,NA,0
2018,8,4,NA,0,NA,0,NA,0,NA,0,NA,0,NA,NA,0
2018,8,5,NA,0,NA,0,NA,0,NA,0,NA,0,NA,NA,0
2018,8,6,NA,0,NA,0,NA,0,NA,0,NA,0,NA,NA,0
2018,8,7,NA,0,NA,0,NA,0,NA,0,NA,0,NA,NA,0
2018,8,8,NA,0,NA,0,NA,0,NA,0,NA,0,NA,NA,0
2018,8,9,NA,0,NA,0,NA,0,NA,0,NA,0,NA,NA,0
2018,8,10,NA,0,NA,0,NA,0,NA,0,NA,0,NA,NA,0
2018,8,11,NA,0,NA,0,NA,0,NA,0,NA,0,NA,NA,0
2018,8,12,NA,0,NA,0,NA,0,NA,0,NA,0,NA,NA,0
2018,8,13,NA,0,NA,0,NA,0,NA,0,NA,0,NA,NA,0
2018,8,14,NA,0,NA,0,NA,0,NA,0,NA,0,NA,NA,0
2018,8,15,NA,0,NA,0,NA,0,NA,0,NA,0,NA,NA,0
2018,8,16,NA,0,NA,0,NA,0,NA,0,NA,0,NA,NA,0
2018,8,17,NA,0,NA,0,NA,0,NA,0,NA,0,NA,NA,0
2018,8,18,NA,0,NA,0,NA,0,NA,0,NA,0,NA,NA,0
2018,8,19,NA,0,NA,0,NA,0,NA,0,NA,0,NA,NA,0
2018,8,20,NA,0,NA,0,NA,0,NA,0,NA,0,NA,NA,0
2018,8,21,NA,0,NA,0,NA,0,NA,0,NA,0,NA,NA,0
2018,8,22,NA,0,NA,0,NA,0,NA,0,NA,0,NA,NA,0
2018,8,23,NA,0,NA,0,NA,0,NA,0,NA,0,NA,NA,0
2018,8,24,NA,0,NA,0,NA,0,NA,0,NA,0,NA,NA,0
2018,8,25,NA,0,NA,0,NA,0,NA,0,NA,0,NA,NA,0
2018,8,26,NA,0,NA,0,NA,0,NA,0,NA,0,NA,NA,0
2018,8,27,NA,0,NA,0,NA,0,NA,0,NA,0,NA,NA,0
2018,8,28,NA,0,NA,0,NA,0,NA,0,NA,0,NA,NA,0
2018,8,29,NA,0,NA,0,NA,0,NA,0,NA,0,NA,NA,0
2018,8,30,NA,0,NA,0,NA,0,NA,0,NA,0,NA,NA,0
2018,8,31,NA,0,NA,0,NA,0,NA,0,NA,0,NA,NA,0
2018,9,1,NA,0,NA,0,NA,0,NA,0,NA,0,NA,NA,0
2018,9,2,NA,0,NA,0,NA,0,NA,0,NA,0,NA,NA,0
2018,9,3,NA,0,NA,0,NA,0,NA,0,NA,0,NA,NA,0
2018,9,4,NA,0,NA,0,NA,0,NA,0,NA,0,NA,NA,0
2018,9,5,NA,0,NA,0,NA,0,NA,0,NA,0,NA,NA,0
2018,9,6,NA,0,NA,0,NA,0,NA,0,NA,0,NA,NA,0
2018,9,7,NA,0,NA,0,NA,0,NA,0,NA,0,NA,NA,0
2018,9,8,NA,0,NA,0,NA,0,NA,0,NA,0,NA,NA,0
2018,9,9,NA,0,NA,0,NA,0,NA,0,NA,0,NA,NA,0
2018,9,10,NA,0,NA,0,NA,0,NA,0,NA,0,NA,NA,0
2018,9,11,NA,0,NA,0,NA,0,NA,0,NA,0,NA,NA,0
2018,9,12,NA,0,NA,0,NA,0,NA,0,NA,0,NA,NA,0
2018,9,13,NA,0,NA,0,NA,0,NA,0,NA,0,NA,NA,0
2018,9,14,NA,0,NA,0,NA,0,NA,0,NA,0,NA,NA,0
2018,9,15,NA,0,NA,0,NA,0,NA,0,NA,0,NA,NA,0
2018,9,16,NA,0,NA,0,NA,0,NA,0,NA,0,NA,NA,0
2018,9,17,NA,0,NA,0,NA,0,NA,0,NA,0,NA,NA,0
2018,9,18,NA,0,NA,0,NA,0,NA,0,NA,0,NA,NA,0
2018,9,19,NA,0,NA,0,NA,0,NA,0,NA,0,NA,NA,0
2018,9,20,NA,0,NA,0,NA,0,NA,0,NA,0,NA,NA,0
2018,9,21,NA,0,NA,0,NA,0,NA,0,NA,0,NA,NA,0
2018,9,22,NA,0,NA,0,NA,0,NA,0,NA,0,NA,NA,0
2018,9,23,NA,0,NA,0,NA,0,NA,0,NA,0,NA,NA,0
2018,9,24,NA,0,NA,0,NA,0,NA,0,NA,0,NA,NA,0
2018,9,25,NA,0,NA,0,NA,0,NA,0,NA,0,NA,NA,0
2018,9,26,NA,0,NA,0,NA,0,NA,0,NA,0,NA,NA,0
2018,9,27,NA,0,NA,0,NA,0,NA,0,NA,0,NA,NA,0
2018,9,28,NA,0,NA,0,NA,0,NA,0,NA,0,NA,NA,0
2018,9,29,NA,0,NA,0,NA,0,NA,0,NA,0,NA,NA,0
2018,9,30,NA,0,NA,0,NA,0,NA,0,NA,0,NA,NA,0
2018,10,1,NA,0,NA,0,NA,0,NA,0,NA,0,NA,NA,0
2018,10,2,NA,0,NA,0,NA,0,NA,0,NA,0,NA,NA,0
2018,10,3,NA,0,NA,0,NA,0,NA,0,NA,0,NA,NA,0
2018,10,4,NA,0,NA,0,NA,0,NA,0,NA,0,NA,NA,0
2018,10,5,NA,0,NA,0,NA,0,NA,0,NA,0,NA,NA,0
2018,10,6,NA,0,NA,0,NA,0,NA,0,NA,0,NA,NA,0
2018,10,7,NA,0,NA,0,NA,0,NA,0,NA,0,NA,NA,0
2018,10,8,NA,0,NA,0,NA,0,NA,0,NA,0,NA,NA,0
2018,10,9,NA,0,NA,0,NA,0,NA,0,NA,0,NA,NA,0
2018,10,10,NA,0,NA,0,NA,0,NA,0,NA,0,NA,NA,0
2018,10,11,NA,0,NA,0,NA,0,NA,0,NA,0,NA,NA,0
2018,10,12,NA,0,NA,0,NA,0,NA,0,NA,0,NA,NA,0
2018,10,13,NA,0,NA,0,NA,0,NA,0,NA,0,NA,NA,0
2018,10,14,NA,0,NA,0,NA,0,NA,0,NA,0,NA,NA,0
2018,10,15,NA,0,NA,0,NA,0,NA,0,NA,0,NA,NA,0
2018,10,16,NA,0,NA,0,NA,0,NA,0,NA,0,NA,NA,0
2018,10,17,NA,0,NA,0,NA,0,NA,0,NA,0,NA,NA,0
2018,10,18,NA,0,NA,0,NA,0,NA,0,NA,0,NA,NA,0
2018,10,19,NA,0,NA,0,NA,0,NA,0,NA,0,NA,NA,0
2018,10,20,NA,0,NA,0,NA,0,NA,0,NA,0,NA,NA,0
2018,10,21,NA,0,NA,0,NA,0,NA,0,NA,0,NA,NA,0
2018,10,22,NA,0,NA,0,NA,0,NA,0,NA,0,NA,NA,0
2018,10,23,NA,0,NA,0,NA,0,NA,0,NA,0,NA,NA,0
2018,10,24,NA,0.125,NA,0,NA,0,NA,0,NA,0,NA,NA,0
2018,10,25,NA,0.125,NA,0.125,NA,0,NA,0,NA,0.125,NA,NA,0
2018,10,26,NA,0.125,NA,0.125,NA,0,NA,0,NA,0.125,NA,NA,0
2018,10,27,NA,0.125,NA,0.125,NA,0.125,NA,0.125,NA,0.125,NA,NA,0.125
2018,10,28,NA,0.125,NA,0.125,NA,0.125,NA,0.125,NA,0.125,NA,NA,0.125
2018,10,29,NA,0.125,NA,0.125,NA,0.125,NA,0.125,NA,0.125,NA,NA,0.125
2018,10,30,NA,0,NA,0,NA,0,NA,0,NA,0,NA,NA,0
2018,10,31,NA,0.125,NA,0.125,NA,0.125,NA,0.125,NA,0.125,NA,NA,0.125
2018,11,1,NA,0.25,NA,0.125,NA,0.125,NA,0.125,NA,0.125,NA,NA,0.125
2018,11,2,NA,0.25,NA,0.25,NA,0.25,NA,0.25,NA,0.25,NA,NA,0.25
2018,11,3,NA,0.375,NA,0.375,NA,0.375,NA,0.375,NA,0.375,NA,NA,0.375
2018,11,4,NA,0.5,NA,0.375,NA,0.375,NA,0.375,NA,0.375,NA,NA,0.375
2018,11,5,NA,0.375,NA,0.375,NA,0.375,NA,0.375,NA,0.375,NA,NA,0.375
2018,11,6,NA,0.375,NA,0.5,NA,0.625,NA,0.625,NA,0.5,NA,NA,0.625
2018,11,7,NA,0.625,NA,0.375,2.39,0.875,159.29,0.875,27.45,1,1.88,138.93,0.875
2018,11,8,-46,0.75,580.88,0.75,4.01,0.875,119.43,0.875,32.94,0.875,4,119.69,0.875
2018,11,9,NA,0.625,580.92,0.75,2.59,1,149.75,1,31.07,0.875,1.7,169.34,1
2018,11,10,NA,0.625,NA,0.375,4.71,1,153,1,31.68,1,3.88,157.07,1
2018,11,11,NA,0.375,NA,0.5,2.95,1,96.12,1,32.45,1,2.21,45.41,1
2018,11,12,NA,0.5,NA,0.625,3.65,1,325.5,1,37.52,1,3.59,322.56,1
2018,11,13,NA,0.375,574.61,1,1.95,0.75,235.17,0.75,27.31,1,1.64,273.35,0.75
2018,11,14,NA,0.5,573.01,1,1.3,1,104.62,1,14.96,1,1.26,104.61,1
2018,11,15,NA,0.5,573.36,1,3.05,1,127.5,1,27.16,1,2.41,22.66,1
2018,11,16,NA,0.5,577.16,1,2.3,1,341.38,1,25.58,1,2.27,341.36,1
2018,11,17,NA,0.5,581.91,1,3.01,1,179,1,27.52,1,2.78,352.44,1
2018,11,18,NA,0.25,580.98,1,2.71,1,287.12,1,22.75,1,1.36,307.59,1
2018,11,19,NA,0.625,575.71,1,2.66,1,151.75,1,22.45,1,2.44,155.57,1
2018,11,20,NA,0.625,578.44,1,6.28,1,214.38,1,31.06,1,6.17,213.72,1
2018,11,21,-38.47,0.875,587.02,1,5.18,1,178.5,1,32.79,1,4.91,178.85,1
2018,11,22,NA,0.625,592.68,1,5.61,1,172,1,36.9,1,5.26,170.67,1
2018,11,23,-34.47,0.75,593.05,1,5.18,1,123.75,1,43.45,1,4.86,129.26,1
2018,11,24,-33.7,0.875,593.86,1,1.6,1,189.25,1,33.56,1,1.33,3.58,1
2018,11,25,NA,0.5,590.02,1,2.69,1,91.12,1,28.11,1,2.54,94.48,1
2018,11,26,NA,0.5,586.2,1,5.04,1,66.5,1,49.3,1,4.8,65.25,1
2018,11,27,NA,0.5,581.74,1,3.67,1,31.5,1,36.64,1,3.39,26.09,1
2018,11,28,NA,0.625,580.25,1,4.52,1,62.25,1,37.41,1,4.38,16.08,1
2018,11,29,NA,0.625,586.36,1,4.49,1,301,1,43.1,1,4.4,347.13,1
2018,11,30,NA,0.5,589.89,1,2.83,0.875,53.14,0.875,44.17,1,2.54,47.65,0.875
2018,12,1,NA,0.5,589.92,1,4.45,1,300.62,1,45.14,1,3.83,298.14,1
2018,12,2,-34.88,0.75,590.5,1,5.15,1,228.5,1,33.94,1,5.08,229.19,1
2018,12,3,-33.53,0.875,591.61,1,4.69,1,165.5,1,36.19,1,4.54,165.47,1
2018,12,4,-33.6,0.75,589.71,1,3.52,1,155.88,1,29.1,1,3.38,152.37,1
2018,12,5,NA,0.5,587.31,1,3.38,1,217.38,1,25.41,1,3.11,222.32,1
2018,12,6,-33.13,0.875,586.98,1,7.18,1,187.62,1,37.88,1,7.04,188.21,1
2018,12,7,-31.53,0.875,587.16,1,4.85,1,157.5,1,36.8,1,4.76,156.26,1
2018,12,8,-31.23,0.875,587.52,1,4.59,1,168,1,35.66,1,4.52,166.95,1
2018,12,9,NA,0.625,589.1,1,4.42,1,169.5,1,36.7,1,4.36,169.11,1
2018,12,10,NA,0.625,592.46,1,3.31,1,159.25,1,33.36,1,3.16,157.24,1
2018,12,11,-29.57,0.75,595.35,1,4.56,1,188.12,1,35.11,1,4.52,187.08,1
2018,12,12,NA,0.625,595.25,1,6.1,1,185,1,41.36,1,6.03,184.31,1
2018,12,13,-24.62,0.75,591.65,1,6.34,1,159.75,1,48.06,1,6.17,161.26,1
2018,12,14,-26.8,0.875,591.32,1,5.74,1,179.75,1,43.92,1,5.45,181.06,1
2018,12,15,-25.55,1,591.14,1,5.82,1,162.75,1,46.64,1,5.76,160.97,1
2018,12,16,-27.34,0.875,591.34,1,8.63,0.75,141.38,1,45.86,1,8.25,147.11,0.75
2018,12,17,-29.13,0.75,593.38,1,3.92,1,58,1,42.38,1,2.94,67.09,1
2018,12,18,NA,0.5,595.46,1,2.54,1,152.38,1,35.01,1,1.75,73.91,1
2018,12,19,-31.7,1,600.71,1,7.62,1,NA,0.5,39.89,1,NA,NA,0.5
2018,12,20,-31.25,1,605.85,1,8.25,1,92.12,1,53.36,1,8.14,93.19,1
2018,12,21,NA,0.625,605.76,1,5.91,1,40.38,1,54.69,1,5.79,40.13,1
2018,12,22,NA,0.625,603.82,1,6.54,1,269.38,1,66.33,1,5.75,350.01,1
2018,12,23,-19.62,1,602.65,1,7.18,1,285.5,1,69.51,1,7.04,285.23,1
2018,12,24,-20.49,1,599.42,1,6.29,1,284.62,1,65,1,6.21,282.99,1
2018,12,25,-21.21,1,595.5,1,7.42,0.75,243.38,1,54.64,1,7.32,242.83,0.75
2018,12,26,-23.07,0.75,592.78,1,5.24,0.875,228.5,1,51.5,1,5.08,226.08,0.875
2018,12,27,-26.49,0.875,591.41,1,5.75,1,261.88,1,46.17,1,5.57,262.1,1
2018,12,28,-27.85,0.75,589.18,1,4.61,1,247.12,1,38.59,1,4.31,243.85,1
2018,12,29,-28.32,0.75,588.04,1,4.96,1,224.62,1,38.8,1,4.39,225.28,1
2018,12,30,NA,0.625,588.46,1,2.84,1,252.12,1,32.54,1,2.63,252.45,1
2018,12,31,NA,0.375,587.84,1,2.55,1,241.12,1,33.31,1,2.01,250.4,1
2019,1,1,-31.66,0.875,585.99,1,5.39,1,251.12,1,41.71,1,5.24,248.96,1
2019,1,2,-31.35,1,583.79,1,4.82,1,242.75,1,38.57,1,4.81,242.87,1
2019,1,3,-28.63,0.75,581.56,1,3.52,1,222.5,1,35.88,1,3.32,219.17,1
2019,1,4,-31.36,0.875,581.02,1,4.41,1,219,1,37.26,1,4.29,217.1,1
2019,1,5,-33.99,1,581.72,1,5.39,1,188,1,35,1,5.11,187.29,1
2019,1,6,NA,0.25,583.56,1,2.35,1,210.62,1,29.56,1,1.07,247.21,1
2019,1,7,NA,0.5,583.28,1,4.38,1,227.62,1,37.01,1,4.24,227.43,1
2019,1,8,NA,0.625,585.8,1,4.08,1,213,1,32.96,1,3.84,209.79,1
2019,1,9,-33.94,1,590.9,1,4.95,1,256.62,1,32.75,1,4.89,257.27,1
2019,1,10,-32.59,1,595.01,1,6.34,1,266.38,1,43.16,1,6.26,265.11,1
2019,1,11,NA,0.625,594.66,1,3.01,1,224.75,1,33.88,1,2.53,238.17,1
2019,1,12,NA,0,596,1,1.88,1,206.88,1,24.45,1,1.48,231.71,1
2019,1,13,-31.72,0.75,598.2,1,5.22,1,249.38,1,38.74,1,5.17,248.72,1
2019,1,14,NA,0.625,597.44,1,3.74,0.875,194,0.875,36.81,1,3.65,193.9,0.875
2019,1,15,-28.18,0.75,596.12,1,3.61,1,293.88,1,49.61,1,3.43,294.49,1
2019,1,16,-30.46,0.875,593.8,1,4.05,1,266.62,1,42.62,1,3.69,265.2,1
2019,1,17,NA,0.625,589.84,1,4.74,1,291,1,55.61,1,4.64,290.11,1
2019,1,18,NA,0.375,587.11,1,2.6,1,256.5,1,38.85,1,2.05,265.54,1
2019,1,19,NA,0.375,589.24,1,2.64,1,208.12,1,28.49,1,2.47,211.99,1
2019,1,20,NA,0.625,593.16,1,3.83,1,168.75,1,37.31,1,3.68,166.58,1
2019,1,21,-34.26,1,593.21,1,4.85,1,177.75,1,40.09,1,4.73,179.06,1
2019,1,22,NA,0.625,588.49,1,5.03,1,149.5,1,42.67,1,4.93,150.24,1
2019,1,23,NA,0.25,583.51,1,2.99,1,259.88,1,39.92,1,2.78,312.39,1
2019,1,24,-35.84,1,581.8,1,8.24,1,310.12,1,53.85,1,8.21,310.15,1
2019,1,25,-35.23,0.75,582.48,1,6.24,1,295.25,1,52.48,1,6.2,295.56,1
2019,1,26,-36.12,0.75,582.68,1,5.47,1,283.38,1,50.49,1,5.41,282.14,1
2019,1,27,-37.31,0.875,581.88,1,5.26,1,277.88,1,45.6,1,5.2,277.26,1
2019,1,28,-37.89,1,584.62,1,6.18,1,269.88,1,44.23,1,6.14,269.96,1
2019,1,29,-37.75,0.75,588.32,1,5.84,1,251.88,1,38.34,1,5.82,252.08,1
2019,1,30,NA,0.5,589.05,1,4.15,1,224.88,1,42.23,1,4.01,226.3,1
2019,1,31,NA,0.375,588.18,1,4.97,1,226.75,1,45.67,1,4.93,226.76,1
2019,2,1,-37.3,0.875,586.75,1,3.75,1,196.5,1,37.11,1,3.61,197.18,1
2019,2,2,NA,0.5,585.14,1,3.4,1,204.75,1,37.36,1,3.35,205.14,1
2019,2,3,NA,0.5,580.76,1,3.38,1,203.75,1,36.86,1,3.34,203.1,1
2019,2,4,NA,0.25,577.34,1,2.09,1,130.5,1,30.5,1,1.96,134.37,1
2019,2,5,NA,0.375,578.91,1,3,1,171,1,32.09,1,2.97,171.6,1
2019,2,6,NA,0.5,577.29,1,4.2,1,148.5,1,36.02,1,4.12,149.34,1
2019,2,7,NA,0.375,576.89,1,2.75,1,199.25,1,31.41,1,2.44,207.29,1
2019,2,8,NA,0.375,579.8,1,5.04,1,223.62,1,39.52,1,4.87,223.26,1
2019,2,9,NA,0.625,588.26,1,4.25,1,219.62,1,41.98,1,3.89,217.93,1
2019,2,10,NA,0.5,594.19,1,6.15,1,276.25,1,46.34,1,6.09,275.82,1
2019,2,11,NA,0.625,594.46,1,5.8,1,240.12,1,44.15,1,5.55,244.32,1
2019,2,12,NA,0.5,594.78,1,2.13,0.75,201.14,0.875,36.99,1,0.31,192.29,0.75
2019,2,13,-39.18,0.75,597.64,1,6.31,1,301.25,1,53.55,1,6.21,300.55,1
2019,2,14,NA,0.625,599.09,1,4.54,1,267.25,1,50.19,1,4.26,269.31,1
2019,2,15,NA,0.625,600.59,1,4.1,1,275.75,1,52.02,1,3.82,277.36,1
2019,2,16,NA,0.375,605.74,1,5.64,1,315.25,1,57.14,1,5.49,316.16,1
2019,2,17,NA,0.5,608.4,1,7.64,1,320.75,1,62.85,1,7.62,320.93,1
2019,2,18,-33.16,0.875,606.68,1,7.04,1,281.12,1,61.35,1,6.9,282.5,1
2019,2,19,NA,0.625,599.9,1,5.15,1,230.62,1,54.99,1,4.96,230.89,1
2019,2,20,-39.82,0.75,593.88,1,3.05,1,228.12,1,53.05,1,2.89,229.89,1
2019,2,21,NA,0.625,592.3,1,5.29,1,280.88,1,49.91,1,5.06,283.83,1
2019,2,22,-40,1,594.12,1,8.8,1,269.88,1,52.21,1,8.75,269.69,1
2019,2,23,NA,0.375,595.42,1,7.96,1,244.38,1,62.06,1,7.85,245.61,1
2019,2,24,NA,0.5,594.19,1,6.62,1,210.12,1,48.94,1,6.46,209.28,1
2019,2,25,-46.42,0.75,592.17,0.875,4.81,0.875,189.29,0.875,46.76,0.875,4.78,189.4,0.875
2019,2,26,NA,0.5,593.32,0.75,3.1,0.75,102,0.75,44.49,0.875,2.67,108.87,0.75
2019,2,27,NA,0,NA,0,NA,0,NA,0,NA,0,NA,NA,0
2019,2,28,NA,0,NA,0,NA,0,NA,0,NA,0,NA,NA,0
2019,3,1,NA,0,NA,0,NA,0,NA,0,NA,0,NA,NA,0
2019,3,2,NA,0,NA,0,NA,0,NA,0,NA,0,NA,NA,0
2019,3,3,NA,0,NA,0,NA,0,NA,0,NA,0,NA,NA,0
2019,3,4,NA,0,NA,0,NA,0,NA,0,NA,0,NA,NA,0
2019,3,5,NA,0,NA,0,NA,0,NA,0,NA,0,NA,NA,0
2019,3,6,NA,0,NA,0,NA,0,NA,0,NA,0,NA,NA,0
2019,3,7,NA,0,NA,0,NA,0,NA,0,NA,0,NA,NA,0
2019,3,8,NA,0,NA,0,NA,0,NA,0,NA,0,NA,NA,0
2019,3,9,NA,0,NA,0,NA,0,NA,0,NA,0,NA,NA,0
2019,3,10,NA,0,NA,0,NA,0,NA,0,NA,0,NA,NA,0
2019,3,11,NA,0,NA,0,NA,0,NA,0,NA,0,NA,NA,0
2019,3,12,NA,0,NA,0,NA,0,NA,0,NA,0,NA,NA,0
2019,3,13,NA,0,NA,0,NA,0,NA,0,NA,0,NA,NA,0
2019,3,14,NA,0,NA,0,NA,0,NA,0,NA,0,NA,NA,0
2019,3,15,NA,0,NA,0,NA,0,NA,0,NA,0,NA,NA,0
2019,3,16,NA,0,NA,0,NA,0,NA,0,NA,0,NA,NA,0
2019,3,17,NA,0,NA,0,NA,0,NA,0,NA,0,NA,NA,0
2019,3,18,NA,0,NA,0,NA,0,NA,0,NA,0,NA,NA,0
2019,3,19,NA,0,NA,0,NA,0,NA,0,NA,0,NA,NA,0
2019,3,20,NA,0,NA,0,NA,0,NA,0,NA,0,NA,NA,0
2019,3,21,NA,0,NA,0,NA,0,NA,0,NA,0,NA,NA,0
2019,3,22,NA,0,NA,0,NA,0,NA,0,NA,0,NA,NA,0
2019,3,23,NA,0,NA,0,NA,0,NA,0,NA,0,NA,NA,0
2019,3,24,NA,0,NA,0,NA,0,NA,0,NA,0,NA,NA,0
2019,3,25,NA,0,NA,0,NA,0,NA,0,NA,0,NA,NA,0
2019,3,26,NA,0,NA,0,NA,0,NA,0,NA,0,NA,NA,0
2019,3,27,NA,0,NA,0,NA,0,NA,0,NA,0,NA,NA,0
2019,3,28,NA,0,NA,0,NA,0,NA,0,NA,0,NA,NA,0
2019,3,29,NA,0,NA,0,NA,0,NA,0,NA,0,NA,NA,0
2019,3,30,NA,0,NA,0,NA,0,NA,0,NA,0,NA,NA,0
2019,3,31,NA,0,NA,0,NA,0,NA,0,NA,0,NA,NA,0
2019,4,1,NA,0,NA,0,NA,0,NA,0,NA,0,NA,NA,0
2019,4,2,NA,0,NA,0,NA,0,NA,0,NA,0,NA,NA,0
2019,4,3,NA,0,NA,0,NA,0,NA,0,NA,0,NA,NA,0
2019,4,4,NA,0,NA,0,NA,0,NA,0,NA,0,NA,NA,0
2019,4,5,NA,0,NA,0,NA,0,NA,0,NA,0,NA,NA,0
2019,4,6,NA,0,NA,0,NA,0,NA,0,NA,0,NA,NA,0
2019,4,7,NA,0,NA,0,NA,0,NA,0,NA,0,NA,NA,0
2019,4,8,NA,0,NA,0,NA,0,NA,0,NA,0,NA,NA,0
2019,4,9,NA,0,NA,0,NA,0,NA,0,NA,0,NA,NA,0
2019,4,10,NA,0,NA,0.125,NA,0,NA,0,NA,0,NA,NA,0
2019,4,11,NA,0.125,NA,0.125,NA,0.125,NA,0.125,NA,0.125,NA,NA,0.125
2019,4,12,NA,0,NA,0,NA,0,NA,0,NA,0,NA,NA,0
2019,4,13,NA,0,NA,0,NA,0,NA,0,NA,0,NA,NA,0
2019,4,14,NA,0,NA,0,NA,0,NA,0,NA,0,NA,NA,0
2019,4,15,NA,0,NA,0,NA,0,NA,0,NA,0,NA,NA,0
2019,4,16,NA,0,NA,0,NA,0,NA,0,NA,0,NA,NA,0
2019,4,17,NA,0,NA,0,NA,0,NA,0,NA,0,NA,NA,0
2019,4,18,-53.98,0.75,583.65,0.75,6.73,0.75,110.33,0.75,42.62,0.75,4.55,58.21,0.75
2019,4,19,NA,0,NA,0,NA,0,NA,0,NA,0.125,NA,NA,0
2019,4,20,NA,0,NA,0,NA,0,NA,0,NA,0,NA,NA,0
2019,4,21,NA,0,NA,0,NA,0,NA,0,NA,0,NA,NA,0
2019,4,22,NA,0,NA,0,NA,0,NA,0,NA,0,NA,NA,0
2019,4,23,NA,0,NA,0,NA,0,NA,0,NA,0,NA,NA,0
2019,4,24,NA,0,NA,0,NA,0,NA,0,NA,0,NA,NA,0
2019,4,25,NA,0,NA,0,NA,0,NA,0,NA,0,NA,NA,0
2019,4,26,NA,0,NA,0,NA,0,NA,0,NA,0,NA,NA,0
2019,4,27,NA,0,NA,0,NA,0,NA,0,NA,0,NA,NA,0
2019,4,28,NA,0,NA,0,NA,0,NA,0,NA,0,NA,NA,0
2019,4,29,NA,0,NA,0,NA,0,NA,0,NA,0,NA,NA,0
2019,4,30,NA,0,NA,0,NA,0,NA,0,NA,0,NA,NA,0
2019,5,1,NA,0,NA,0,NA,0,NA,0,NA,0,NA,NA,0
2019,5,2,NA,0,NA,0,NA,0,NA,0,NA,0,NA,NA,0
2019,5,3,NA,0,NA,0,NA,0,NA,0,NA,0,NA,NA,0
2019,5,4,NA,0.375,NA,0.375,NA,0.375,NA,0.375,NA,0.375,NA,NA,0.375
2019,5,5,NA,0,NA,0,NA,0,NA,0,NA,0,NA,NA,0
2019,5,6,NA,0,NA,0,NA,0,NA,0,NA,0,NA,NA,0
2019,5,7,NA,0,NA,0,NA,0,NA,0,NA,0,NA,NA,0
2019,5,8,NA,0,NA,0,NA,0,NA,0,NA,0,NA,NA,0
2019,5,9,NA,0,NA,0,NA,0,NA,0,NA,0,NA,NA,0
2019,5,10,NA,0,NA,0,NA,0,NA,0,NA,0,NA,NA,0
2019,5,11,NA,0,NA,0,NA,0,NA,0,NA,0,NA,NA,0
2019,5,12,NA,0,NA,0,NA,0,NA,0,NA,0,NA,NA,0
2019,5,13,NA,0,NA,0,NA,0,NA,0,NA,0,NA,NA,0
2019,5,14,NA,0,NA,0,NA,0,NA,0,NA,0,NA,NA,0
2019,5,15,NA,0,NA,0,NA,0,NA,0,NA,0,NA,NA,0
2019,5,16,NA,0,NA,0,NA,0,NA,0,NA,0,NA,NA,0
2019,5,17,NA,0,NA,0,NA,0,NA,0,NA,0,NA,NA,0
2019,5,18,NA,0,NA,0,NA,0,NA,0,NA,0,NA,NA,0
2019,5,19,NA,0,NA,0,NA,0,NA,0,NA,0,NA,NA,0
2019,5,20,NA,0,NA,0,NA,0,NA,0,NA,0,NA,NA,0
2019,5,21,NA,0,NA,0,NA,0,NA,0,NA,0,NA,NA,0
2019,5,22,NA,0,NA,0,NA,0,NA,0,NA,0,NA,NA,0
2019,5,23,NA,0,NA,0,NA,0,NA,0,NA,0,NA,NA,0
2019,5,24,NA,0,NA,0,NA,0,NA,0,NA,0,NA,NA,0
2019,5,25,NA,0,NA,0,NA,0,NA,0,NA,0,NA,NA,0
2019,5,26,NA,0,NA,0,NA,0,NA,0,NA,0,NA,NA,0
2019,5,27,NA,0,NA,0,NA,0,NA,0,NA,0,NA,NA,0
2019,5,28,NA,0,NA,0,NA,0,NA,0,NA,0,NA,NA,0
2019,5,29,NA,0,NA,0,NA,0,NA,0,NA,0,NA,NA,0
2019,5,30,NA,0,NA,0,NA,0,NA,0,NA,0,NA,NA,0
2019,5,31,NA,0,NA,0,NA,0,NA,0,NA,0,NA,NA,0
2019,6,1,NA,0,NA,0,NA,0,NA,0,NA,0,NA,NA,0
2019,6,2,NA,0,NA,0,NA,0,NA,0,NA,0,NA,NA,0
2019,6,3,NA,0,NA,0,NA,0,NA,0,NA,0,NA,NA,0
2019,6,4,NA,0,NA,0,NA,0,NA,0,NA,0,NA,NA,0
2019,6,5,NA,0,NA,0,NA,0,NA,0,NA,0,NA,NA,0
2019,6,6,NA,0,NA,0,NA,0,NA,0,NA,0,NA,NA,0
2019,6,7,NA,0,NA,0,NA,0,NA,0,NA,0,NA,NA,0
2019,6,8,NA,0,NA,0,NA,0,NA,0,NA,0,NA,NA,0
2019,6,9,NA,0,NA,0,NA,0,NA,0,NA,0,NA,NA,0
2019,6,10,NA,0,NA,0,NA,0,NA,0,NA,0,NA,NA,0
2019,6,11,NA,0,NA,0,NA,0,NA,0,NA,0,NA,NA,0
2019,6,12,NA,0,NA,0,NA,0,NA,0,NA,0,NA,NA,0
2019,6,13,NA,0,NA,0,NA,0,NA,0,NA,0,NA,NA,0
2019,6,14,NA,0,NA,0,NA,0,NA,0,NA,0,NA,NA,0
2019,6,15,NA,0,NA,0,NA,0,NA,0,NA,0,NA,NA,0
2019,6,16,NA,0,NA,0,NA,0,NA,0,NA,0,NA,NA,0
2019,6,17,NA,0,NA,0,NA,0,NA,0,NA,0,NA,NA,0
2019,6,18,NA,0,NA,0,NA,0,NA,0,NA,0,NA,NA,0
2019,6,19,NA,0,NA,0,NA,0,NA,0,NA,0,NA,NA,0
2019,6,20,NA,0,NA,0,NA,0,NA,0,NA,0,NA,NA,0
2019,6,21,NA,0,NA,0,NA,0,NA,0,NA,0,NA,NA,0
2019,6,22,NA,0,NA,0,NA,0,NA,0,NA,0,NA,NA,0
2019,6,23,NA,0,NA,0,NA,0,NA,0,NA,0,NA,NA,0
2019,6,24,NA,0,NA,0,NA,0,NA,0,NA,0,NA,NA,0
2019,6,25,NA,0,NA,0,NA,0,NA,0,NA,0,NA,NA,0
2019,6,26,NA,0,NA,0,NA,0,NA,0,NA,0,NA,NA,0
2019,6,27,NA,0,NA,0,NA,0,NA,0,NA,0,NA,NA,0
2019,6,28,NA,0,NA,0,NA,0,NA,0,NA,0,NA,NA,0
2019,6,29,NA,0,NA,0,NA,0,NA,0,NA,0,NA,NA,0
2019,6,30,NA,0,NA,0,NA,0,NA,0,NA,0,NA,NA,0
2019,7,1,NA,0,NA,0,NA,0,NA,0,NA,0,NA,NA,0
2019,7,2,NA,0,NA,0,NA,0,NA,0,NA,0,NA,NA,0
2019,7,3,NA,0,NA,0,NA,0,NA,0,NA,0,NA,NA,0
2019,7,4,NA,0,NA,0,NA,0,NA,0,NA,0,NA,NA,0
2019,7,5,NA,0,NA,0,NA,0,NA,0,NA,0,NA,NA,0
2019,7,6,NA,0,NA,0,NA,0,NA,0,NA,0,NA,NA,0
2019,7,7,NA,0,NA,0,NA,0,NA,0,NA,0,NA,NA,0
2019,7,8,NA,0,NA,0,NA,0,NA,0,NA,0,NA,NA,0
2019,7,9,NA,0,NA,0,NA,0,NA,0,NA,0,NA,NA,0
2019,7,10,NA,0,NA,0,NA,0,NA,0,NA,0,NA,NA,0
2019,7,11,NA,0,NA,0,NA,0,NA,0,NA,0,NA,NA,0
2019,7,12,NA,0,NA,0,NA,0,NA,0,NA,0,NA,NA,0
2019,7,13,NA,0,NA,0,NA,0,NA,0,NA,0,NA,NA,0
2019,7,14,NA,0,NA,0,NA,0,NA,0,NA,0,NA,NA,0
2019,7,15,NA,0,NA,0,NA,0,NA,0,NA,0,NA,NA,0
2019,7,16,NA,0,NA,0,NA,0,NA,0,NA,0,NA,NA,0
2019,7,17,NA,0,NA,0,NA,0,NA,0,NA,0,NA,NA,0
2019,7,18,NA,0,NA,0,NA,0,NA,0,NA,0,NA,NA,0
2019,7,19,NA,0,NA,0,NA,0,NA,0,NA,0,NA,NA,0
2019,7,20,NA,0,NA,0,NA,0,NA,0,NA,0,NA,NA,0
2019,7,21,NA,0,NA,0,NA,0,NA,0,NA,0,NA,NA,0
2019,7,22,NA,0,NA,0,NA,0,NA,0,NA,0,NA,NA,0
2019,7,23,NA,0,NA,0,NA,0,NA,0,NA,0,NA,NA,0
2019,7,24,NA,0,NA,0,NA,0,NA,0,NA,0,NA,NA,0
2019,7,25,NA,0,NA,0,NA,0,NA,0,NA,0,NA,NA,0
2019,7,26,NA,0,NA,0,NA,0,NA,0,NA,0,NA,NA,0
2019,7,27,NA,0,NA,0,NA,0,NA,0,NA,0,NA,NA,0
2019,7,28,NA,0,NA,0,NA,0,NA,0,NA,0,NA,NA,0
2019,7,29,NA,0,NA,0,NA,0,NA,0,NA,0,NA,NA,0
2019,7,30,NA,0,NA,0,NA,0,NA,0,NA,0,NA,NA,0
2019,7,31,NA,0,NA,0,NA,0,NA,0,NA,0,NA,NA,0
2019,8,1,NA,0,NA,0,NA,0,NA,0,NA,0,NA,NA,0
2019,8,2,NA,0,NA,0,NA,0,NA,0,NA,0,NA,NA,0
2019,8,3,NA,0,NA,0,NA,0,NA,0,NA,0,NA,NA,0
2019,8,4,NA,0,NA,0,NA,0,NA,0,NA,0,NA,NA,0
2019,8,5,NA,0,NA,0,NA,0,NA,0,NA,0,NA,NA,0
2019,8,6,NA,0,NA,0,NA,0,NA,0,NA,0,NA,NA,0
2019,8,7,NA,0,NA,0,NA,0,NA,0,NA,0,NA,NA,0
2019,8,8,NA,0,NA,0,NA,0,NA,0,NA,0,NA,NA,0
2019,8,9,NA,0,NA,0,NA,0,NA,0,NA,0,NA,NA,0
2019,8,10,NA,0,NA,0,NA,0,NA,0,NA,0,NA,NA,0
2019,8,11,NA,0,NA,0,NA,0,NA,0,NA,0,NA,NA,0
2019,8,12,NA,0,NA,0,NA,0,NA,0,NA,0,NA,NA,0
2019,8,13,NA,0,NA,0,NA,0,NA,0,NA,0,NA,NA,0
2019,8,14,NA,0,NA,0,NA,0,NA,0,NA,0,NA,NA,0
2019,8,15,NA,0,NA,0,NA,0,NA,0,NA,0,NA,NA,0
2019,8,16,NA,0,NA,0,NA,0,NA,0,NA,0,NA,NA,0
2019,8,17,NA,0,NA,0,NA,0,NA,0,NA,0,NA,NA,0
2019,8,18,NA,0,NA,0,NA,0,NA,0,NA,0,NA,NA,0
2019,8,19,NA,0,NA,0,NA,0,NA,0,NA,0,NA,NA,0
2019,8,20,NA,0,NA,0,NA,0,NA,0,NA,0,NA,NA,0
2019,8,21,NA,0,NA,0,NA,0,NA,0,NA,0,NA,NA,0
2019,8,22,NA,0,NA,0,NA,0,NA,0,NA,0,NA,NA,0
2019,8,23,NA,0,NA,0,NA,0,NA,0,NA,0,NA,NA,0
2019,8,24,NA,0,NA,0,NA,0,NA,0,NA,0,NA,NA,0
2019,8,25,NA,0,NA,0,NA,0,NA,0,NA,0,NA,NA,0
2019,8,26,NA,0,NA,0,NA,0,NA,0,NA,0,NA,NA,0
2019,8,27,NA,0,NA,0,NA,0,NA,0,NA,0,NA,NA,0
2019,8,28,NA,0,NA,0,NA,0,NA,0,NA,0,NA,NA,0
2019,8,29,NA,0,NA,0,NA,0,NA,0,NA,0,NA,NA,0
2019,8,30,NA,0,NA,0,NA,0,NA,0,NA,0,NA,NA,0
2019,8,31,NA,0,NA,0,NA,0,NA,0,NA,0,NA,NA,0
2019,9,1,NA,0,NA,0,NA,0,NA,0,NA,0,NA,NA,0
2019,9,2,NA,0,NA,0,NA,0,NA,0,NA,0,NA,NA,0
2019,9,3,NA,0,NA,0,NA,0,NA,0,NA,0,NA,NA,0
2019,9,4,NA,0,NA,0,NA,0,NA,0,NA,0,NA,NA,0
2019,9,5,NA,0,NA,0,NA,0,NA,0,NA,0,NA,NA,0
2019,9,6,NA,0,NA,0,NA,0,NA,0,NA,0,NA,NA,0
2019,9,7,NA,0,NA,0,NA,0,NA,0,NA,0,NA,NA,0
2019,9,8,NA,0,NA,0,NA,0,NA,0,NA,0,NA,NA,0
2019,9,9,NA,0,NA,0,NA,0,NA,0,NA,0,NA,NA,0
2019,9,10,NA,0,NA,0,NA,0,NA,0,NA,0,NA,NA,0
2019,9,11,NA,0,NA,0,NA,0,NA,0,NA,0,NA,NA,0
2019,9,12,NA,0,NA,0,NA,0,NA,0,NA,0,NA,NA,0
2019,9,13,NA,0,NA,0,NA,0,NA,0,NA,0,NA,NA,0
2019,9,14,NA,0,NA,0,NA,0,NA,0,NA,0,NA,NA,0
2019,9,15,NA,0,NA,0,NA,0,NA,0,NA,0,NA,NA,0
2019,9,16,NA,0,NA,0,NA,0,NA,0,NA,0,NA,NA,0
2019,9,17,NA,0,NA,0,NA,0,NA,0,NA,0,NA,NA,0
2019,9,18,NA,0,NA,0,NA,0,NA,0,NA,0,NA,NA,0
2019,9,19,NA,0,NA,0,NA,0,NA,0,NA,0,NA,NA,0
2019,9,20,NA,0,NA,0,NA,0,NA,0,NA,0,NA,NA,0
2019,9,21,NA,0,NA,0,NA,0,NA,0,NA,0,NA,NA,0
2019,9,22,NA,0,NA,0,NA,0,NA,0,NA,0,NA,NA,0
2019,9,23,NA,0,NA,0,NA,0,NA,0,NA,0,NA,NA,0
2019,9,24,NA,0,NA,0,NA,0,NA,0,NA,0,NA,NA,0
2019,9,25,NA,0,NA,0,NA,0,NA,0,NA,0,NA,NA,0
2019,9,26,NA,0,NA,0,NA,0,NA,0,NA,0,NA,NA,0
2019,9,27,NA,0,NA,0,NA,0,NA,0,NA,0,NA,NA,0
2019,9,28,NA,0,NA,0,NA,0,NA,0,NA,0,NA,NA,0
2019,9,29,NA,0,NA,0,NA,0,NA,0,NA,0,NA,NA,0
2019,9,30,NA,0,NA,0,NA,0,NA,0,NA,0,NA,NA,0
2019,10,1,NA,0.25,NA,0.25,NA,0.375,NA,0.375,NA,0.25,NA,NA,0.375
2019,10,2,NA,0.25,NA,0.375,NA,0.25,NA,0.25,NA,0.25,NA,NA,0.25
2019,10,3,NA,0.25,NA,0.25,NA,0.25,NA,0.25,NA,0.25,NA,NA,0.25
2019,10,4,NA,0,NA,0,NA,0,NA,0,NA,0,NA,NA,0
2019,10,5,NA,0,NA,0,NA,0,NA,0,NA,0,NA,NA,0
2019,10,6,NA,0.375,NA,0.375,NA,0,NA,0,NA,0.375,NA,NA,0
2019,10,7,NA,0,NA,0,NA,0,NA,0,NA,0,NA,NA,0
2019,10,8,NA,0,NA,0,NA,0,NA,0,NA,0,NA,NA,0
2019,10,9,NA,0.25,NA,0.25,NA,0.25,NA,0.25,NA,0.25,NA,NA,0.25
2019,10,10,NA,0.375,NA,0.375,NA,0.375,NA,0.375,NA,0.375,NA,NA,0.375
2019,10,11,NA,0.375,NA,0.375,NA,0.375,NA,0.375,NA,0.375,NA,NA,0.375
2019,10,12,NA,0,NA,0,NA,0,NA,0,NA,0,NA,NA,0
2019,10,13,NA,0.375,NA,0.375,NA,0.375,NA,0.375,NA,0.375,NA,NA,0.375
2019,10,14,NA,0.375,NA,0.375,NA,0.375,NA,0.375,NA,0.375,NA,NA,0.375
2019,10,15,NA,0.375,NA,0.375,NA,0.375,NA,0.375,NA,0.375,NA,NA,0.375
2019,10,16,NA,0,NA,0,NA,0,NA,0,NA,0,NA,NA,0
2019,10,17,NA,0.125,NA,0.375,NA,0.375,NA,0.375,NA,0.375,NA,NA,0.375
2019,10,18,NA,0.375,NA,0.375,NA,0.375,NA,0.375,NA,0.375,NA,NA,0.375
2019,10,19,NA,0,NA,0,NA,0,NA,0,NA,0,NA,NA,0
2019,10,20,NA,0.375,NA,0.375,NA,0.375,NA,0.375,NA,0.375,NA,NA,0.375
2019,10,21,NA,0.375,NA,0.375,NA,0.375,NA,0.375,NA,0.375,NA,NA,0.375
2019,10,22,NA,0.125,NA,0.125,NA,0.125,NA,0.125,NA,0.125,NA,NA,0.125
2019,10,23,NA,0,NA,0,NA,0,NA,0,NA,0,NA,NA,0
2019,10,24,NA,0,NA,0,NA,0,NA,0,NA,0,NA,NA,0
2019,10,25,NA,0.25,NA,0.375,NA,0.375,NA,0.375,NA,0.375,NA,NA,0.375
2019,10,26,NA,0.25,NA,0.375,NA,0.375,NA,0.375,NA,0.375,NA,NA,0.375
2019,10,27,NA,0.25,NA,0.375,NA,0.375,NA,0.375,NA,0.375,NA,NA,0.375
2019,10,28,NA,0.375,NA,0.375,NA,0.375,NA,0.375,NA,0.375,NA,NA,0.375
2019,10,29,NA,0.25,NA,0.375,NA,0.375,NA,0.375,NA,0.375,NA,NA,0.375
2019,10,30,NA,0.375,NA,0.375,NA,0.375,NA,0.375,NA,0.375,NA,NA,0.375
2019,10,31,NA,0.125,NA,0.125,NA,0.25,NA,0.25,NA,0.125,NA,NA,0.25
2019,11,1,NA,0,NA,0,NA,0,NA,0,NA,0,NA,NA,0
2019,11,2,NA,0,NA,0,NA,0,NA,0,NA,0,NA,NA,0
2019,11,3,NA,0,NA,0,NA,0,NA,0,NA,0,NA,NA,0
2019,11,4,NA,0,NA,0,NA,0,NA,0,NA,0,NA,NA,0
2019,11,5,NA,0,NA,0,NA,0,NA,0,NA,0,NA,NA,0
2019,11,6,NA,0,NA,0,NA,0,NA,0,NA,0,NA,NA,0
2019,11,7,NA,0,NA,0,NA,0,NA,0,NA,0,NA,NA,0
2019,11,8,NA,0,NA,0,NA,0,NA,0,NA,0,NA,NA,0
2019,11,9,NA,0,NA,0,NA,0,NA,0,NA,0,NA,NA,0
2019,11,10,NA,0,NA,0,NA,0,NA,0,NA,0,NA,NA,0
2019,11,11,NA,0,NA,0,NA,0,NA,0,NA,0,NA,NA,0
2019,11,12,NA,0,NA,0,NA,0,NA,0,NA,0,NA,NA,0
2019,11,13,NA,0,NA,0,NA,0,NA,0,NA,0,NA,NA,0
2019,11,14,NA,0,NA,0,NA,0,NA,0,NA,0,NA,NA,0
2019,11,15,NA,0,NA,0,NA,0,NA,0,NA,0,NA,NA,0
2019,11,16,NA,0,NA,0,NA,0,NA,0,NA,0,NA,NA,0
2019,11,17,NA,0,NA,0,NA,0,NA,0,NA,0,NA,NA,0
2019,11,18,NA,0,NA,0,NA,0,NA,0,NA,0,NA,NA,0
2019,11,19,NA,0,NA,0,NA,0,NA,0,NA,0,NA,NA,0
2019,11,20,NA,0,NA,0,NA,0,NA,0,NA,0,NA,NA,0
2019,11,21,NA,0,NA,0,NA,0,NA,0,NA,0,NA,NA,0
2019,11,22,NA,0,NA,0,NA,0,NA,0,NA,0,NA,NA,0
2019,11,23,NA,0,NA,0,NA,0,NA,0,NA,0,NA,NA,0
2019,11,24,NA,0,NA,0,NA,0,NA,0,NA,0,NA,NA,0
2019,11,25,NA,0,NA,0,NA,0,NA,0,NA,0,NA,NA,0
2019,11,26,NA,0,NA,0,NA,0,NA,0,NA,0,NA,NA,0
2019,11,27,NA,0,NA,0,NA,0,NA,0,NA,0,NA,NA,0
2019,11,28,NA,0,NA,0,NA,0,NA,0,NA,0,NA,NA,0
2019,11,29,NA,0,NA,0,NA,0,NA,0,NA,0,NA,NA,0
2019,11,30,NA,0,NA,0,NA,0,NA,0,NA,0,NA,NA,0
2019,12,1,-33.51,0.875,598.26,1,5.68,1,265.75,1,44.19,1,5.61,266.77,1
2019,12,2,NA,0.375,599.86,1,2.51,1,200.75,1,28.5,1,2.37,199.61,1
2019,12,3,NA,0.25,601.56,1,1.86,1,183.38,1,21.68,1,1.83,187.32,1
2019,12,4,NA,0.25,603.38,1,1.65,1,206,1,22.97,1,1.63,205.45,1
2019,12,5,NA,0.125,603.51,1,2.5,1,260.5,1,23.74,1,2.49,261.08,1
2019,12,6,NA,0.625,601.46,1,3.95,1,260.75,1,32.8,1,3.9,260.89,1
2019,12,7,NA,0.375,601.6,1,2.05,1,155.62,1,28.34,1,1.32,151.41,1
2019,12,8,NA,0,603.99,1,0.7,0.75,96,0.75,22.88,1,0.58,61.57,0.75
2019,12,9,NA,0.25,602.62,1,1.69,0.875,137,0.875,29.61,1,0.81,21.25,0.875
2019,12,10,-30.5,0.75,600.16,1,3.88,1,276.12,1,43.79,1,3.54,277.03,1
2019,12,11,NA,0.625,598.1,1,3.57,1,235.5,1,36.04,1,3.54,235.28,1
2019,12,12,NA,0.125,595.01,1,1.89,1,243.62,1,28.16,1,1.86,244.71,1
2019,12,13,NA,0.125,593.02,1,2.35,1,269.5,1,32.35,1,2.29,268.59,1
2019,12,14,NA,0.625,592.16,1,3.28,1,234.62,1,34.38,1,3.2,233.64,1
2019,12,15,NA,0.625,590.34,1,2.55,1,198.12,1,30.02,1,2.25,205.11,1
2019,12,16,NA,0.125,589.4,1,2.15,1,311.75,1,35.41,1,2.09,320.24,1
2019,12,17,-32.86,1,590.02,1,5.64,1,282,1,50.74,1,5.56,281.21,1
2019,12,18,-32.25,1,592.91,1,5.18,1,242,1,39.42,1,5.05,244,1
2019,12,19,NA,0.625,595.7,1,3.1,1,191.62,1,32.8,1,2.78,193.46,1
2019,12,20,NA,0.625,596.79,1,3.15,1,114.38,1,28.49,1,3.09,113,1
2019,12,21,-33.94,0.875,595.04,1,3.86,1,75.75,1,46.54,1,3.78,76.2,1
2019,12,22,NA,0.375,591.86,1,2.05,1,115.88,1,35.23,1,1.89,28.98,1
2019,12,23,NA,0.625,590.68,1,3.1,1,88.12,1,38.69,1,3.02,91.25,1
2019,12,24,-32.21,1,591.2,1,5.6,1,73.38,1,51.34,1,5.29,78.67,1
2019,12,25,-28.83,0.875,590.55,1,3.42,1,59.5,1,42.92,1,3.12,13.32,1
2019,12,26,NA,0.625,590.04,1,3.49,1,334.25,1,44.94,1,3.44,332.54,1
2019,12,27,NA,0.25,591.52,1,1.66,1,32.12,1,35.11,1,1.51,29.54,1
2019,12,28,NA,0.625,590.76,1,3.05,1,74.75,1,48.64,1,2.93,78.35,1
2019,12,29,NA,0.375,588.79,1,2,0.875,147.86,0.875,28.81,1,0.99,195.76,0.875
2019,12,30,-31.7,0.875,591.56,1,5.31,1,203,1,35.46,1,4.93,200.09,1
2019,12,31,-30.08,0.75,590.56,1,5.81,1,230.5,1,42.91,1,5.8,229.98,1
2020,1,1,NA,0.375,591.32,1,1.93,1,193.62,1,24.24,1,1.58,216.37,1
2020,1,2,-29.71,0.875,590.44,1,3.55,1,106.38,1,34.23,1,3.5,106.93,1
2020,1,3,NA,0.25,589.62,1,2.06,1,165.12,1,27.64,1,1.9,167.38,1
2020,1,4,NA,0,590.16,1,2.16,1,239.62,1,27.08,1,2.12,242.25,1
2020,1,5,NA,0.625,591.58,1,3.2,1,248.62,1,33.38,1,3.1,250.03,1
2020,1,6,NA,0.5,593.08,1,4.79,1,254.75,1,37.58,1,4.66,255.25,1
2020,1,7,NA,0.25,593.52,1,1.69,1,181,1,26.19,1,1.12,171.92,1
2020,1,8,NA,0.25,594.48,1,2.34,1,288.25,1,30.45,1,2.16,280.97,1
2020,1,9,NA,0.625,594.68,1,5.34,1,269.12,1,40.49,1,5.25,268.48,1
2020,1,10,NA,0.625,591.56,1,4.3,1,217.5,1,37,1,2.27,251.65,1
2020,1,11,-34.36,0.875,594.16,1,3.8,1,130.62,1,30.39,1,3.74,129.28,1
2020,1,12,-33.67,0.75,597.38,1,4.08,1,184.62,1,31.11,1,4.03,184.97,1
2020,1,13,NA,0.625,596.45,1,3.75,1,173.5,1,32.85,1,3.69,174.57,1
2020,1,14,NA,0,594.06,1,1.59,1,132.12,1,24.85,1,0.98,127.7,1
2020,1,15,NA,0,593.24,1,2.26,0.875,281.29,0.875,32.09,1,1.96,280.08,0.875
2020,1,16,NA,0.25,593.81,1,1.34,0.875,134.43,0.875,30.75,1,0.35,350.35,0.875
2020,1,17,NA,0.5,593.82,1,2.56,1,135.75,1,39.71,1,2.39,355.48,1
2020,1,18,NA,0.25,593.85,1,3.25,1,312.25,1,52.7,1,3.22,310.47,1
2020,1,19,-31.67,0.75,590.81,1,4.97,1,293.38,1,54.95,1,4.86,293.19,1
2020,1,20,-34.31,0.875,590.76,1,5.39,1,256.5,1,40.01,1,5.28,256.97,1
2020,1,21,-33.38,0.75,593.04,1,4.28,1,228.75,1,41.96,1,4.21,227.78,1
2020,1,22,-33.53,0.75,593.72,1,3.92,1,241.25,1,36.34,1,3.89,242.41,1
2020,1,23,NA,0.625,594.96,1,4.8,1,257.5,1,41.36,1,4.67,258.3,1
2020,1,24,-33.37,0.75,599.78,1,4.65,1,282.75,1,45.14,1,4.44,280.56,1
2020,1,25,NA,0.5,600.96,1,3.02,1,215.62,1,45.06,1,2.57,347.96,1
2020,1,26,NA,0.5,596.22,1,4.89,1,321.25,1,57.54,1,4.65,319.31,1
2020,1,27,-31.12,0.75,592.01,1,4.45,1,292.75,1,58.01,1,4.39,292.72,1
2020,1,28,NA,0.375,588.41,1,2.83,1,199.12,1,46.23,1,2.53,327.74,1
2020,1,29,NA,0.125,586.12,1,3.35,1,282,1,43.1,1,3.27,281.64,1
2020,1,30,NA,0.625,587.94,1,5.69,1,264.62,1,39.3,1,5.64,264.75,1
2020,1,31,-38.6,0.75,590.7,1,4.3,1,250,1,36.08,1,4.23,249.5,1
2020,2,1,NA,0.5,592.75,1,2.86,1,252.25,1,38.45,1,2.81,253.27,1
2020,2,2,NA,0.375,592.98,1,2.36,0.875,208.71,0.875,38.44,1,1.6,342.96,0.875
2020,2,3,-39.08,0.75,589.05,1,4.42,1,268.12,1,42.23,1,4.19,267.24,1
2020,2,4,NA,0.375,586.15,1,3.8,1,224.62,1,40.94,1,3.76,224.28,1
2020,2,5,NA,0.375,583.91,1,3.58,1,213,1,40.5,1,3.56,212.47,1
2020,2,6,NA,0.375,583.39,1,3.6,1,219.5,1,41.46,1,3.58,219.42,1
2020,2,7,NA,0.375,586.8,1,2.17,1,147.62,1,36.95,1,1.35,158.39,1
2020,2,8,-44.35,0.75,589.46,1,4.3,1,76.75,1,44.27,1,3.91,29.37,1
2020,2,9,NA,0.25,591.05,1,4.94,1,321.62,1,49.91,1,4.79,321.05,1
2020,2,10,NA,0.5,594.04,1,3.74,1,307.62,1,51.31,1,3.58,302.62,1
2020,2,11,NA,0.625,592.4,1,3.12,1,140.75,1,45.46,1,2.95,5.17,1
2020,2,12,NA,0.5,587.71,1,3.4,1,213.75,1,44.62,1,3.18,345.73,1
2020,2,13,-43.37,0.75,585.15,1,4.28,1,286.5,1,49.35,1,4.21,285.48,1
2020,2,14,NA,0.625,583.59,1,4.15,1,261.38,1,51.04,1,3.68,263.85,1
2020,2,15,NA,0.5,NA,0.625,NA,0.625,NA,0.625,NA,0.625,NA,NA,0.625
2020,2,16,NA,0.25,NA,0.5,NA,0.5,NA,0.5,NA,0.5,NA,NA,0.5
2020,2,17,NA,0,NA,0,NA,0,NA,0,NA,0,NA,NA,0
2020,2,18,NA,0,NA,0,NA,0,NA,0,NA,0,NA,NA,0
2020,2,19,NA,0,NA,0,NA,0,NA,0,NA,0,NA,NA,0
2020,2,20,NA,0,NA,0,NA,0,NA,0,NA,0,NA,NA,0
2020,2,21,NA,0,NA,0,NA,0,NA,0,NA,0,NA,NA,0
2020,2,22,NA,0,NA,0,NA,0,NA,0,NA,0,NA,NA,0
2020,2,23,NA,0,NA,0,NA,0,NA,0,NA,0,NA,NA,0
2020,2,24,NA,0,NA,0,NA,0,NA,0,NA,0,NA,NA,0
2020,2,25,NA,0,NA,0,NA,0,NA,0,NA,0,NA,NA,0
2020,2,26,NA,0,NA,0,NA,0,NA,0,NA,0,NA,NA,0
2020,2,27,NA,0,NA,0,NA,0,NA,0,NA,0,NA,NA,0
2020,2,28,NA,0,NA,0,NA,0,NA,0,NA,0,NA,NA,0
2020,2,29,NA,0,NA,0,NA,0,NA,0,NA,0,NA,NA,0
2020,3,1,NA,0,NA,0,NA,0,NA,0,NA,0,NA,NA,0
2020,3,2,NA,0,NA,0,NA,0,NA,0,NA,0,NA,NA,0
2020,3,3,NA,0,NA,0,NA,0,NA,0,NA,0,NA,NA,0
2020,3,4,NA,0,NA,0,NA,0,NA,0,NA,0,NA,NA,0
2020,3,5,NA,0,NA,0,NA,0,NA,0,NA,0,NA,NA,0
2020,3,6,NA,0,NA,0,NA,0,NA,0,NA,0,NA,NA,0
2020,3,7,NA,0,NA,0,NA,0,NA,0,NA,0,NA,NA,0
2020,3,8,NA,0,NA,0,NA,0,NA,0,NA,0,NA,NA,0
2020,3,9,NA,0,NA,0,NA,0,NA,0,NA,0,NA,NA,0
2020,3,10,NA,0,NA,0,NA,0,NA,0,NA,0,NA,NA,0
2020,3,11,NA,0,NA,0,NA,0,NA,0,NA,0,NA,NA,0
2020,3,12,NA,0,NA,0,NA,0,NA,0,NA,0,NA,NA,0
2020,3,13,NA,0,NA,0,NA,0,NA,0,NA,0,NA,NA,0
2020,3,14,NA,0,NA,0,NA,0,NA,0,NA,0,NA,NA,0
2020,3,15,NA,0,NA,0,NA,0,NA,0,NA,0,NA,NA,0
2020,3,16,NA,0,NA,0,NA,0,NA,0,NA,0,NA,NA,0
2020,3,17,NA,0,NA,0,NA,0,NA,0,NA,0,NA,NA,0
2020,3,18,NA,0,NA,0,NA,0,NA,0,NA,0,NA,NA,0
2020,3,19,NA,0,NA,0,NA,0,NA,0,NA,0,NA,NA,0
2020,3,20,NA,0,NA,0,NA,0,NA,0,NA,0,NA,NA,0
2020,3,21,NA,0,NA,0,NA,0,NA,0,NA,0,NA,NA,0
2020,3,22,NA,0,NA,0,NA,0,NA,0,NA,0,NA,NA,0
2020,3,23,NA,0,NA,0,NA,0,NA,0,NA,0,NA,NA,0
2020,3,24,NA,0,NA,0,NA,0,NA,0,NA,0,NA,NA,0
2020,3,25,NA,0,NA,0,NA,0,NA,0,NA,0,NA,NA,0
2020,3,26,NA,0,NA,0,NA,0,NA,0,NA,0,NA,NA,0
2020,3,27,NA,0,NA,0,NA,0,NA,0,NA,0,NA,NA,0
2020,3,28,NA,0,NA,0,NA,0,NA,0,NA,0,NA,NA,0
2020,3,29,NA,0,NA,0,NA,0,NA,0,NA,0,NA,NA,0
2020,3,30,NA,0,NA,0,NA,0,NA,0,NA,0,NA,NA,0
2020,3,31,NA,0,NA,0,NA,0,NA,0,NA,0,NA,NA,0
2020,4,1,NA,0.125,NA,0.125,NA,0.125,NA,0.125,NA,0.125,NA,NA,0.125
2020,4,2,NA,0,NA,0,NA,0,NA,0,NA,0,NA,NA,0
2020,4,3,NA,0.125,NA,0.25,NA,0.25,NA,0.25,NA,0.25,NA,NA,0.25
2020,4,4,NA,0,NA,0,NA,0,NA,0,NA,0,NA,NA,0
2020,4,5,NA,0,NA,0,NA,0,NA,0,NA,0,NA,NA,0
2020,4,6,NA,0,NA,0,NA,0,NA,0,NA,0,NA,NA,0
2020,4,7,NA,0,NA,0,NA,0,NA,0,NA,0,NA,NA,0
2020,4,8,NA,0,NA,0,NA,0,NA,0,NA,0,NA,NA,0
2020,4,9,NA,0,NA,0,NA,0,NA,0,NA,0,NA,NA,0
2020,4,10,NA,0,NA,0,NA,0,NA,0,NA,0,NA,NA,0
2020,4,11,NA,0,NA,0,NA,0,NA,0,NA,0,NA,NA,0
2020,4,12,NA,0,NA,0,NA,0,NA,0,NA,0,NA,NA,0
2020,4,13,NA,0,NA,0,NA,0,NA,0,NA,0,NA,NA,0
2020,4,14,NA,0,NA,0,NA,0,NA,0,NA,0,NA,NA,0
2020,4,15,NA,0.125,NA,0.125,NA,0.125,NA,0.125,NA,0.125,NA,NA,0.125
2020,4,16,-53.17,0.75,586.18,0.75,5.75,0.75,251.67,0.75,NA,0.625,5.68,251.52,0.75
2020,4,17,NA,0,NA,0,NA,0,NA,0,NA,0,NA,NA,0
2020,4,18,NA,0.125,NA,0.125,NA,0.125,NA,0.125,NA,0.125,NA,NA,0.125
2020,4,19,NA,0,NA,0,NA,0,NA,0,NA,0,NA,NA,0
2020,4,20,NA,0,NA,0,NA,0,NA,0,NA,0,NA,NA,0
2020,4,21,NA,0,NA,0,NA,0,NA,0,NA,0,NA,NA,0
2020,4,22,NA,0,NA,0,NA,0,NA,0,NA,0,NA,NA,0
2020,4,23,NA,0.125,NA,0,NA,0.125,NA,0.125,NA,0.125,NA,NA,0.125
2020,4,24,NA,0,NA,0,NA,0,NA,0,NA,0,NA,NA,0
2020,4,25,NA,0,NA,0,NA,0,NA,0,NA,0,NA,NA,0
2020,4,26,NA,0,NA,0,NA,0,NA,0,NA,0,NA,NA,0
2020,4,27,NA,0.375,NA,0.375,NA,0.125,NA,0.375,NA,0.375,NA,NA,0.125
2020,4,28,-51.37,0.75,591.72,0.75,NA,0.125,147.67,0.75,44.78,0.75,NA,NA,0.125
2020,4,29,NA,0,NA,0,NA,0,NA,0,NA,0,NA,NA,0
2020,4,30,NA,0.25,NA,0.25,NA,0.25,NA,0.25,NA,0.25,NA,NA,0.25
2020,5,1,NA,0.5,NA,0.625,NA,0,NA,0,NA,0.625,NA,NA,0
2020,5,2,NA,0,NA,0,NA,0,NA,0,NA,0,NA,NA,0
2020,5,3,NA,0.5,NA,0.625,NA,0,NA,0,NA,0.625,NA,NA,0
2020,5,4,NA,0,NA,0,NA,0,NA,0,NA,0,NA,NA,0
2020,5,5,NA,0,NA,0,NA,0,NA,0,NA,0,NA,NA,0
2020,5,6,NA,0,NA,0,NA,0,NA,0,NA,0,NA,NA,0
2020,5,7,NA,0,NA,0,NA,0,NA,0,NA,0,NA,NA,0
2020,5,8,NA,0,NA,0,NA,0,NA,0,NA,0,NA,NA,0
2020,5,9,NA,0,NA,0,NA,0,NA,0,NA,0,NA,NA,0
2020,5,10,NA,0,NA,0,NA,0,NA,0,NA,0,NA,NA,0
2020,5,11,NA,0,NA,0,NA,0,NA,0,NA,0,NA,NA,0
2020,5,12,NA,0,NA,0,NA,0,NA,0,NA,0,NA,NA,0
2020,5,13,NA,0,NA,0,NA,0,NA,0,NA,0,NA,NA,0
2020,5,14,NA,0,NA,0,NA,0,NA,0,NA,0,NA,NA,0
2020,5,15,NA,0,NA,0,NA,0,NA,0,NA,0,NA,NA,0
2020,5,16,NA,0,NA,0,NA,0,NA,0,NA,0,NA,NA,0
2020,5,17,NA,0,NA,0,NA,0,NA,0,NA,0,NA,NA,0
2020,5,18,NA,0,NA,0,NA,0,NA,0,NA,0,NA,NA,0
2020,5,19,NA,0,NA,0,NA,0,NA,0,NA,0,NA,NA,0
2020,5,20,NA,0,NA,0,NA,0,NA,0,NA,0,NA,NA,0
2020,5,21,NA,0,NA,0,NA,0,NA,0,NA,0,NA,NA,0
2020,5,22,NA,0,NA,0,NA,0,NA,0,NA,0,NA,NA,0
2020,5,23,NA,0,NA,0,NA,0,NA,0,NA,0,NA,NA,0
2020,5,24,NA,0,NA,0,NA,0,NA,0,NA,0,NA,NA,0
2020,5,25,NA,0,NA,0,NA,0,NA,0,NA,0,NA,NA,0
2020,5,26,NA,0,NA,0,NA,0,NA,0,NA,0,NA,NA,0
2020,5,27,NA,0,NA,0,NA,0,NA,0,NA,0,NA,NA,0
2020,5,28,NA,0,NA,0,NA,0,NA,0,NA,0,NA,NA,0
2020,5,29,NA,0,NA,0,NA,0,NA,0,NA,0,NA,NA,0
2020,5,30,NA,0,NA,0,NA,0,NA,0,NA,0,NA,NA,0
2020,5,31,NA,0,NA,0,NA,0,NA,0,NA,0,NA,NA,0
2020,6,1,NA,0,NA,0,NA,0,NA,0,NA,0,NA,NA,0
2020,6,2,NA,0,NA,0,NA,0,NA,0,NA,0,NA,NA,0
2020,6,3,NA,0,NA,0,NA,0,NA,0,NA,0,NA,NA,0
2020,6,4,NA,0,NA,0,NA,0,NA,0,NA,0,NA,NA,0
2020,6,5,NA,0,NA,0,NA,0,NA,0,NA,0,NA,NA,0
2020,6,6,NA,0,NA,0,NA,0,NA,0,NA,0,NA,NA,0
2020,6,7,NA,0,NA,0,NA,0,NA,0,NA,0,NA,NA,0
2020,6,8,NA,0,NA,0,NA,0,NA,0,NA,0,NA,NA,0
2020,6,9,NA,0,NA,0,NA,0,NA,0,NA,0,NA,NA,0
2020,6,10,NA,0,NA,0,NA,0,NA,0,NA,0,NA,NA,0
2020,6,11,NA,0,NA,0,NA,0,NA,0,NA,0,NA,NA,0
2020,6,12,NA,0,NA,0,NA,0,NA,0,NA,0,NA,NA,0
2020,6,13,NA,0,NA,0,NA,0,NA,0,NA,0,NA,NA,0
2020,6,14,NA,0,NA,0,NA,0,NA,0,NA,0,NA,NA,0
2020,6,15,NA,0,NA,0,NA,0,NA,0,NA,0,NA,NA,0
2020,6,16,NA,0,NA,0,NA,0,NA,0,NA,0,NA,NA,0
2020,6,17,NA,0,NA,0,NA,0,NA,0,NA,0,NA,NA,0
2020,6,18,NA,0,NA,0,NA,0,NA,0,NA,0,NA,NA,0
2020,6,19,NA,0,NA,0,NA,0,NA,0,NA,0,NA,NA,0
2020,6,20,NA,0,NA,0,NA,0,NA,0,NA,0,NA,NA,0
2020,6,21,NA,0,NA,0,NA,0,NA,0,NA,0,NA,NA,0
2020,6,22,NA,0,NA,0,NA,0,NA,0,NA,0,NA,NA,0
2020,6,23,NA,0,NA,0,NA,0,NA,0,NA,0,NA,NA,0
2020,6,24,NA,0,NA,0,NA,0,NA,0,NA,0,NA,NA,0
2020,6,25,NA,0,NA,0,NA,0,NA,0,NA,0,NA,NA,0
2020,6,26,NA,0,NA,0,NA,0,NA,0,NA,0,NA,NA,0
2020,6,27,NA,0,NA,0,NA,0,NA,0,NA,0,NA,NA,0
2020,6,28,NA,0,NA,0,NA,0,NA,0,NA,0,NA,NA,0
2020,6,29,NA,0,NA,0,NA,0,NA,0,NA,0,NA,NA,0
2020,6,30,NA,0,NA,0,NA,0,NA,0,NA,0,NA,NA,0
2020,7,1,NA,0,NA,0,NA,0,NA,0,NA,0,NA,NA,0
2020,7,2,NA,0,NA,0,NA,0,NA,0,NA,0,NA,NA,0
2020,7,3,NA,0,NA,0,NA,0,NA,0,NA,0,NA,NA,0
2020,7,4,NA,0,NA,0,NA,0,NA,0,NA,0,NA,NA,0
2020,7,5,NA,0,NA,0,NA,0,NA,0,NA,0,NA,NA,0
2020,7,6,NA,0,NA,0,NA,0,NA,0,NA,0,NA,NA,0
2020,7,7,NA,0,NA,0,NA,0,NA,0,NA,0,NA,NA,0
2020,7,8,NA,0,NA,0,NA,0,NA,0,NA,0,NA,NA,0
2020,7,9,NA,0,NA,0,NA,0,NA,0,NA,0,NA,NA,0
2020,7,10,NA,0,NA,0,NA,0,NA,0,NA,0,NA,NA,0
2020,7,11,NA,0,NA,0,NA,0,NA,0,NA,0,NA,NA,0
2020,7,12,NA,0,NA,0,NA,0,NA,0,NA,0,NA,NA,0
2020,7,13,NA,0,NA,0,NA,0,NA,0,NA,0,NA,NA,0
2020,7,14,NA,0,NA,0,NA,0,NA,0,NA,0,NA,NA,0
2020,7,15,NA,0,NA,0,NA,0,NA,0,NA,0,NA,NA,0
2020,7,16,NA,0,NA,0,NA,0,NA,0,NA,0,NA,NA,0
2020,7,17,NA,0,NA,0,NA,0,NA,0,NA,0,NA,NA,0
2020,7,18,NA,0,NA,0,NA,0,NA,0,NA,0,NA,NA,0
2020,7,19,NA,0,NA,0,NA,0,NA,0,NA,0,NA,NA,0
2020,7,20,NA,0,NA,0,NA,0,NA,0,NA,0,NA,NA,0
2020,7,21,NA,0,NA,0,NA,0,NA,0,NA,0,NA,NA,0
2020,7,22,NA,0,NA,0,NA,0,NA,0,NA,0,NA,NA,0
2020,7,23,NA,0,NA,0,NA,0,NA,0,NA,0,NA,NA,0
2020,7,24,NA,0,NA,0,NA,0,NA,0,NA,0,NA,NA,0
2020,7,25,NA,0,NA,0,NA,0,NA,0,NA,0,NA,NA,0
2020,7,26,NA,0,NA,0,NA,0,NA,0,NA,0,NA,NA,0
2020,7,27,NA,0,NA,0,NA,0,NA,0,NA,0,NA,NA,0
2020,7,28,NA,0,NA,0,NA,0,NA,0,NA,0,NA,NA,0
2020,7,29,NA,0,NA,0,NA,0,NA,0,NA,0,NA,NA,0
2020,7,30,NA,0,NA,0,NA,0,NA,0,NA,0,NA,NA,0
2020,7,31,NA,0,NA,0,NA,0,NA,0,NA,0,NA,NA,0
2020,8,1,NA,0,NA,0,NA,0,NA,0,NA,0,NA,NA,0
2020,8,2,NA,0,NA,0,NA,0,NA,0,NA,0,NA,NA,0
2020,8,3,NA,0,NA,0,NA,0,NA,0,NA,0,NA,NA,0
2020,8,4,NA,0,NA,0,NA,0,NA,0,NA,0,NA,NA,0
2020,8,5,NA,0,NA,0,NA,0,NA,0,NA,0,NA,NA,0
2020,8,6,NA,0,NA,0,NA,0,NA,0,NA,0,NA,NA,0
2020,8,7,NA,0,NA,0,NA,0,NA,0,NA,0,NA,NA,0
2020,8,8,NA,0,NA,0,NA,0,NA,0,NA,0,NA,NA,0
2020,8,9,NA,0,NA,0,NA,0,NA,0,NA,0,NA,NA,0
2020,8,10,NA,0,NA,0,NA,0,NA,0,NA,0,NA,NA,0
2020,8,11,NA,0,NA,0,NA,0,NA,0,NA,0,NA,NA,0
2020,8,12,NA,0,NA,0,NA,0,NA,0,NA,0,NA,NA,0
2020,8,13,NA,0,NA,0,NA,0,NA,0,NA,0,NA,NA,0
2020,8,14,NA,0,NA,0,NA,0,NA,0,NA,0,NA,NA,0
2020,8,15,NA,0,NA,0,NA,0,NA,0,NA,0,NA,NA,0
2020,8,16,NA,0,NA,0,NA,0,NA,0,NA,0,NA,NA,0
2020,8,17,NA,0,NA,0,NA,0,NA,0,NA,0,NA,NA,0
2020,8,18,NA,0,NA,0,NA,0,NA,0,NA,0,NA,NA,0
2020,8,19,NA,0,NA,0,NA,0,NA,0,NA,0,NA,NA,0
2020,8,20,NA,0,NA,0,NA,0,NA,0,NA,0,NA,NA,0
2020,8,21,NA,0,NA,0,NA,0,NA,0,NA,0,NA,NA,0
2020,8,22,NA,0,NA,0,NA,0,NA,0,NA,0,NA,NA,0
2020,8,23,NA,0,NA,0,NA,0,NA,0,NA,0,NA,NA,0
2020,8,24,NA,0,NA,0,NA,0,NA,0,NA,0,NA,NA,0
2020,8,25,NA,0,NA,0,NA,0,NA,0,NA,0,NA,NA,0
2020,8,26,NA,0,NA,0,NA,0,NA,0,NA,0,NA,NA,0
2020,8,27,NA,0,NA,0,NA,0,NA,0,NA,0,NA,NA,0
2020,8,28,NA,0,NA,0,NA,0,NA,0,NA,0,NA,NA,0
2020,8,29,NA,0,NA,0,NA,0,NA,0,NA,0,NA,NA,0
2020,8,30,NA,0,NA,0,NA,0,NA,0,NA,0,NA,NA,0
2020,8,31,NA,0,NA,0,NA,0,NA,0,NA,0,NA,NA,0
2020,9,1,NA,0,NA,0,NA,0,NA,0,NA,0,NA,NA,0
2020,9,2,NA,0,NA,0,NA,0,NA,0,NA,0,NA,NA,0
2020,9,3,NA,0,NA,0,NA,0,NA,0,NA,0,NA,NA,0
2020,9,4,NA,0,NA,0,NA,0,NA,0,NA,0,NA,NA,0
2020,9,5,NA,0,NA,0,NA,0,NA,0,NA,0,NA,NA,0
2020,9,6,NA,0,NA,0,NA,0,NA,0,NA,0,NA,NA,0
2020,9,7,NA,0,NA,0,NA,0,NA,0,NA,0,NA,NA,0
2020,9,8,NA,0,NA,0,NA,0,NA,0,NA,0,NA,NA,0
2020,9,9,NA,0,NA,0,NA,0,NA,0,NA,0,NA,NA,0
2020,9,10,NA,0,NA,0,NA,0,NA,0,NA,0,NA,NA,0
2020,9,11,NA,0,NA,0,NA,0,NA,0,NA,0,NA,NA,0
2020,9,12,NA,0,NA,0,NA,0,NA,0,NA,0,NA,NA,0
2020,9,13,NA,0,NA,0,NA,0,NA,0,NA,0,NA,NA,0
2020,9,14,NA,0,NA,0,NA,0,NA,0,NA,0,NA,NA,0
2020,9,15,NA,0,NA,0,NA,0,NA,0,NA,0,NA,NA,0
2020,9,16,NA,0,NA,0,NA,0,NA,0,NA,0,NA,NA,0
2020,9,17,NA,0,NA,0,NA,0,NA,0,NA,0,NA,NA,0
2020,9,18,NA,0,NA,0,NA,0,NA,0,NA,0,NA,NA,0
2020,9,19,NA,0,NA,0,NA,0,NA,0,NA,0,NA,NA,0
2020,9,20,NA,0,NA,0,NA,0,NA,0,NA,0,NA,NA,0
2020,9,21,NA,0,NA,0,NA,0,NA,0,NA,0,NA,NA,0
2020,9,22,NA,0,NA,0,NA,0,NA,0,NA,0,NA,NA,0
2020,9,23,NA,0,NA,0,NA,0,NA,0,NA,0,NA,NA,0
2020,9,24,NA,0,NA,0,NA,0,NA,0,NA,0,NA,NA,0
2020,9,25,NA,0,NA,0,NA,0,NA,0,NA,0,NA,NA,0
2020,9,26,NA,0,NA,0,NA,0,NA,0,NA,0,NA,NA,0
2020,9,27,NA,0,NA,0,NA,0,NA,0,NA,0,NA,NA,0
2020,9,28,NA,0,NA,0,NA,0,NA,0,NA,0,NA,NA,0
2020,9,29,NA,0,NA,0,NA,0,NA,0,NA,0,NA,NA,0
2020,9,30,NA,0,NA,0,NA,0,NA,0,NA,0,NA,NA,0
2020,10,1,NA,0.25,NA,0.375,NA,0.375,NA,0.375,NA,0.375,NA,NA,0.375
2020,10,2,NA,0.25,NA,0.25,NA,0.25,NA,0.25,NA,0.25,NA,NA,0.25
2020,10,3,NA,0.25,NA,0.25,NA,0.25,NA,0.25,NA,0.25,NA,NA,0.25
2020,10,4,NA,0.25,NA,0.25,NA,0.25,NA,0.25,NA,0.25,NA,NA,0.25
2020,10,5,NA,0.5,NA,0.5,NA,0.5,NA,0.5,NA,0.5,NA,NA,0.5
2020,10,6,NA,0.375,NA,0.5,NA,0,NA,0,NA,0.5,NA,NA,0
2020,10,7,NA,0.25,NA,0.375,NA,0,NA,0,NA,0.375,NA,NA,0
2020,10,8,NA,0.125,NA,0.375,NA,0,NA,0,NA,0.375,NA,NA,0
2020,10,9,NA,0.25,NA,0.5,NA,0,NA,0,NA,0.5,NA,NA,0
2020,10,10,NA,0.25,NA,0.5,NA,0,NA,0,NA,0.5,NA,NA,0
2020,10,11,NA,0,NA,0,NA,0,NA,0,NA,0,NA,NA,0
2020,10,12,NA,0,NA,0,NA,0,NA,0,NA,0,NA,NA,0
2020,10,13,NA,0,NA,0,NA,0,NA,0,NA,0,NA,NA,0
2020,10,14,NA,0.25,NA,0.25,NA,0,NA,0,NA,0.25,NA,NA,0
2020,10,15,NA,0.375,NA,0.375,NA,0,NA,0,NA,0.375,NA,NA,0
2020,10,16,NA,0.25,NA,0.375,NA,0,NA,0,NA,0.375,NA,NA,0
2020,10,17,NA,0.25,NA,0.375,NA,0,NA,0,NA,0.375,NA,NA,0
2020,10,18,NA,0.125,NA,0.25,NA,0,NA,0,NA,0.25,NA,NA,0
2020,10,19,NA,0.125,NA,0.375,NA,0,NA,0,NA,0.5,NA,NA,0
2020,10,20,NA,0,NA,0,NA,0,NA,0,NA,0,NA,NA,0
2020,10,21,NA,0.5,NA,0.5,NA,0.5,NA,0.5,NA,0.5,NA,NA,0.5
2020,10,22,NA,0.375,NA,0.625,NA,0.625,NA,0.625,NA,0.625,NA,NA,0.625
2020,10,23,NA,0.125,NA,0.5,NA,0.5,NA,0.5,NA,0.5,NA,NA,0.5
2020,10,24,NA,0.125,NA,0.375,NA,0.5,NA,0.5,NA,0.5,NA,NA,0.5
2020,10,25,NA,0.25,NA,0.25,NA,0.25,NA,0.25,NA,0.25,NA,NA,0.25
2020,10,26,NA,0.25,NA,0.25,NA,0.25,NA,0.25,NA,0.25,NA,NA,0.25
2020,10,27,NA,0.25,NA,0.25,NA,0.25,NA,0.25,NA,0.25,NA,NA,0.25
2020,10,28,NA,0.125,NA,0.25,NA,0.375,NA,0.375,NA,0.25,NA,NA,0.375
2020,10,29,NA,0.5,579.4,0.75,6.4,0.75,110.67,0.75,40.55,0.75,6.35,110.4,0.75
2020,10,30,NA,0.375,NA,0.5,NA,0.5,NA,0.5,NA,0.5,NA,NA,0.5
2020,10,31,NA,0.25,NA,0.375,NA,0.375,NA,0.375,NA,0.375,NA,NA,0.375
2020,11,1,NA,0.625,571.46,0.875,1.76,0.875,194.43,0.875,36.97,0.875,1.66,348.83,0.875
2020,11,2,-45.5,0.75,570.7,1,1.79,1,177.38,1,32.2,1,1.13,4.32,1
2020,11,3,NA,0.125,569.6,1,2.39,0.875,162,0.875,33.86,1,2.02,143.78,0.875
2020,11,4,-46.44,1,573.49,1,2.51,1,107.75,1,34.23,1,2.43,111.58,1
2020,11,5,-43.17,0.75,578.38,1,1.75,1,93.88,1,37.35,1,1.68,99.84,1
2020,11,6,NA,0.625,579.89,1,3.42,1,72,1,39.92,1,2.9,71.3,1
2020,11,7,NA,0.25,579.71,1,3.56,1,184.5,1,35.41,1,3.34,359.17,1
2020,11,8,-43.36,0.875,578.22,1,8.16,1,313.38,1,45.66,1,8.1,313.04,1
2020,11,9,-40.69,1,576.38,1,10.59,1,304.5,1,50.89,1,10.52,305.24,1
2020,11,10,-40.6,0.75,577.91,0.875,7.42,1,286.62,1,46.58,1,7.39,286.92,1
2020,11,11,NA,0.5,NA,0.375,5.97,1,286.62,1,46.9,1,5.87,286.8,1
2020,11,12,NA,0.625,NA,0,6.88,1,284,1,46.34,1,6.84,283.96,1
2020,11,13,-38.77,0.75,NA,0.5,5.79,1,280.12,1,47.85,1,5.64,280.77,1
2020,11,14,NA,0.375,600.72,0.75,9.6,0.875,276.88,1,53.98,1,9.28,280.89,0.875
2020,11,15,NA,0.5,603.24,1,8.26,1,262.88,1,51.06,1,8.19,262.35,1
2020,11,16,NA,0.625,600.87,0.875,8.88,1,223.62,1,66.01,1,8.56,224.46,1
2020,11,17,-27.36,0.875,598.61,1,6.49,1,237.25,1,53.86,1,6.41,237.41,1
2020,11,18,-31.74,0.875,593.86,1,4.28,1,209.88,1,42.38,1,3.35,208.98,1
2020,11,19,NA,0.625,594.49,1,5.11,1,256,1,40.24,1,4.89,257.33,1
2020,11,20,NA,0.375,595.25,1,4.95,1,231.12,1,41.62,1,4.73,231.85,1
2020,11,21,-33.12,0.75,597.11,1,3.62,1,179.88,1,33.27,1,3.59,180.76,1
2020,11,22,NA,0.625,597.69,1,2.96,1,166.5,1,31.46,1,2.69,166.56,1
2020,11,23,-30.84,0.875,597.08,1,2.39,1,115.38,1,30.94,1,2.29,116.03,1
2020,11,24,-31.56,0.875,594.84,1,2.05,1,93.38,1,34.76,1,1.76,89.95,1
2020,11,25,-33.07,0.75,590.15,1,2.92,1,42.88,1,44.86,1,2.7,41.57,1
2020,11,26,NA,0.5,586.99,1,4.76,1,100.12,1,45.05,1,4.63,8.18,1
2020,11,27,-28.67,0.75,586.1,1,7.95,1,345.38,1,56.51,1,7.91,345.43,1
2020,11,28,-31.1,0.75,586.51,1,5.31,1,134.12,1,46.74,1,5.14,357.44,1
2020,11,29,-31.87,0.75,583.09,1,5.54,1,74.38,1,47.36,1,5.31,30.52,1
2020,11,30,-32.02,0.75,579.4,1,NA,0.625,218.25,1,51.46,1,NA,NA,0.625
2020,12,1,NA,0.125,NA,0.125,NA,0.125,NA,0.125,NA,0.125,NA,NA,0.125
2020,12,2,-36.95,0.75,586.88,1,4.05,0.75,249.38,1,36.09,1,3.7,248.19,0.75
2020,12,3,NA,0.625,591.88,1,3.3,1,249,1,31.86,1,3.08,253.48,1
2020,12,4,-33.83,1,590.41,1,5.95,1,245.75,1,38.34,1,5.78,247.48,1
2020,12,5,-32.36,0.875,589.54,1,NA,0.625,199.12,1,31.73,1,NA,NA,0.625
2020,12,6,NA,0.625,591.06,1,3.56,1,169.12,1,33.16,1,3.46,165.62,1
2020,12,7,NA,0.625,591.49,1,2.67,1,205.5,1,29.23,1,2.59,205.69,1
2020,12,8,NA,0.625,588.74,1,6.14,1,219.75,1,43.51,1,5.96,218.66,1
2020,12,9,-29.43,0.75,585.71,1,7.22,1,174.25,1,40.64,1,7.17,173.78,1
2020,12,10,-31.05,0.75,585.76,1,4.44,1,166.38,1,36.5,1,4.38,165.13,1
2020,12,11,NA,0.625,585.44,1,4,1,197.62,1,32.08,1,3.7,196.23,1
2020,12,12,NA,0.625,584.99,1,4.15,1,210.12,1,36.7,1,4.01,207.92,1
2020,12,13,-29.62,0.75,585.69,1,4.2,1,189.38,1,31.99,1,4.18,188.77,1
2020,12,14,-31.57,0.875,585.96,1,4.75,1,145.38,1,34.39,1,4.57,144.61,1
2020,12,15,-32.11,1,590.3,1,4.32,1,144.62,1,32.71,1,4.23,141.3,1
2020,12,16,NA,0.625,593.15,1,3.5,1,186.75,1,30.85,1,3.4,183.52,1
2020,12,17,-28.93,0.875,592.29,1,5.56,1,195.88,1,40.17,1,5.52,195.32,1
2020,12,18,-29.39,0.875,590.6,1,5.64,1,178.75,1,36.44,1,5.61,178.05,1
2020,12,19,-28.39,0.875,588.29,1,4.78,1,190.88,1,35.5,1,4.75,190.44,1
2020,12,20,-28.53,0.875,587.66,1,4.34,1,188.88,1,33.73,1,4.31,188.37,1
2020,12,21,-28.81,1,587.64,1,3.22,1,141.75,1,35.26,1,2.96,140.69,1
2020,12,22,NA,0,587.68,1,1.03,0.875,158.86,0.875,18.14,1,0.62,138.52,0.875
2020,12,23,NA,0,588.26,1,NA,0.625,NA,0.625,15.54,1,NA,NA,0.625
2020,12,24,NA,0.5,589.2,1,2.31,1,130.38,1,23.31,1,2.22,121.45,1
2020,12,25,NA,0.25,589.61,1,2.1,1,100.25,1,27.16,1,1.82,104.65,1
2020,12,26,NA,0,587.64,1,1.76,1,304.62,1,28.55,1,1.54,287.18,1
2020,12,27,NA,0.5,585.51,1,2.67,1,286.88,1,36.96,1,2.45,292.13,1
2020,12,28,-30.77,0.875,583.59,1,5.26,1,281.38,1,52.51,1,5.22,280.45,1
2020,12,29,-31.76,1,580.66,1,5.92,1,289.38,1,52.85,1,5.78,288.64,1
2020,12,30,-31.46,1,580.54,1,5.26,1,297,1,52.89,1,5.14,293.48,1
2020,12,31,NA,0.5,579.79,1,2.69,1,311.25,1,42.24,1,2.61,309.87,1
2021,1,1,NA,0,NA,0,NA,0,NA,0,NA,0,NA,NA,0
2021,1,2,-31.68,0.75,582.89,0.875,5.26,0.875,301.71,0.875,52.73,0.875,5.13,299.77,0.875
2021,1,3,NA,0.625,581.89,1,3.04,1,333.12,1,39.39,0.875,2.91,331.63,1
2021,1,4,NA,0.625,580.32,1,2.9,1,338.5,1,39.51,1,2.83,336.92,1
2021,1,5,NA,0.5,579.82,1,2.67,1,230.38,1,32.81,1,2.01,230.23,1
2021,1,6,NA,0.25,582.31,1,1.29,0.875,154.14,0.875,19.06,1,0.91,183,0.875
2021,1,7,NA,0.5,584.06,1,3.04,1,320.25,1,43.11,1,2.91,316.73,1
2021,1,8,NA,0.625,585.64,1,3.46,1,246.88,1,35.77,1,3.31,248.28,1
2021,1,9,NA,0.125,586.5,1,1.26,0.875,153.86,0.875,20.76,1,0.86,164.45,0.875
2021,1,10,NA,0,585.45,1,1.8,0.75,251.83,0.75,23.06,1,1.73,246.21,0.75
2021,1,11,NA,0.375,585.75,1,2.15,1,242.25,1,27.16,1,2.14,241.81,1
2021,1,12,NA,0.5,584.3,1,2.34,1,257.75,1,27.88,1,2.27,260.64,1
2021,1,13,-34.27,0.75,583.94,1,3.98,1,273.12,1,40.17,1,3.93,271.76,1
2021,1,14,-34.99,0.875,585.14,1,3.78,1,271.38,1,37.62,1,3.69,270.89,1
2021,1,15,-34.32,0.75,586.35,1,3.65,1,260.25,1,34.58,1,3.49,260.92,1
2021,1,16,NA,0.5,587.66,1,2.3,1,202.75,1,27.73,1,2.24,203.45,1
2021,1,17,NA,0.375,590.55,1,2.41,1,190.5,1,25.38,1,2.35,187.99,1
2021,1,18,NA,0.625,593.9,1,2.88,1,118.88,1,33.38,1,2.42,118.2,1
2021,1,19,NA,0.625,594.2,1,4.7,1,79.88,1,50.08,1,4.39,76.71,1
2021,1,20,-35.16,1,589.06,1,NA,0.5,79.25,1,50.58,1,NA,NA,0.5
2021,1,21,NA,0.25,589.41,1,3.06,1,261.25,1,40.23,1,2.95,351.45,1
2021,1,22,NA,0.625,591.38,1,3.6,1,212.62,1,45.92,1,3.42,345.46,1
2021,1,23,NA,0,590.71,1,1.76,1,193.62,1,33.77,1,0.67,267.64,1
2021,1,24,-33.34,0.875,591.32,1,5.49,0.875,252,1,41.1,1,5.46,250.44,0.875
2021,1,25,-31.33,0.75,595.9,1,6.19,1,246.5,1,40.84,1,6.15,246.45,1
2021,1,26,NA,0.5,596.41,1,5.42,1,236.12,1,47.76,1,5.42,236.42,1
2021,1,27,NA,0.625,593.12,1,4.32,1,241.5,1,42.8,1,4.29,241.29,1
2021,1,28,-29.69,0.875,590.84,1,2.96,1,202,1,46.27,1,2.91,200.15,1
2021,1,29,NA,0.5,594,1,3.59,1,259.88,1,51.71,1,3.45,261.66,1
2021,1,30,NA,0.375,593.12,1,3.31,1,199.25,1,48.01,1,3.15,199.87,1
2021,1,31,NA,0.375,590.15,1,2.24,1,139.62,1,36.56,1,2.08,140.97,1
2021,2,1,NA,0,588.49,1,0.87,0.75,166.67,0.75,25.23,1,0.52,347.8,0.75
2021,2,2,NA,0.625,587.29,1,2.59,1,320.88,1,45.45,1,2.44,317.79,1
2021,2,3,NA,0.5,584.4,1,2.48,1,238.25,1,38.7,1,1.86,241.32,1
2021,2,4,NA,0.125,582.5,1,2.3,1,206.62,1,34.45,1,2.27,207.26,1
2021,2,5,NA,0.625,582.38,1,3.3,1,259.75,1,35.67,1,3.17,262.53,1
2021,2,6,-39.7,0.75,583.2,1,3.8,1,254.75,1,39.05,1,3.67,254.19,1
2021,2,7,-40.17,0.875,585.4,1,3.2,1,218.62,1,42.6,1,3.04,217.66,1
2021,2,8,NA,0.25,585.6,1,1.2,0.75,197.33,0.75,34.95,1,0.77,191.08,0.75
2021,2,9,NA,0.125,582.86,1,1.29,1,262.5,1,34.95,1,1.25,348.74,1
2021,2,10,NA,0.375,581.82,1,2,0.875,163,0.875,38.8,1,1.48,131.37,0.875
2021,2,11,-43.4,0.875,581.36,1,2.86,1,118.88,1,37.25,1,2.8,119.77,1
2021,2,12,NA,0.25,581.71,1,1.77,1,78.62,1,37.21,1,1.58,81.28,1
2021,2,13,NA,0.375,580.8,1,2.08,1,303.12,1,42.44,1,2.05,349.64,1
2021,2,14,-46.4,0.875,578.85,1,3.14,1,128.5,1,45,1,2.7,35.48,1
2021,2,15,NA,0.5,578.56,1,3.79,1,257.62,1,45.26,1,3.38,291.25,1
2021,2,16,NA,0.5,580.65,0.75,4.47,0.75,269.67,0.75,43.65,0.75,4.46,269.71,0.75
2021,2,17,-44.25,0.75,578.53,0.75,3.13,0.75,221.83,0.75,43.07,0.75,3.01,221.1,0.75
2021,2,18,NA,0.125,579.85,0.75,2.95,0.75,279,0.75,45.07,0.75,2.72,289.19,0.75
2021,2,19,NA,0,NA,0,NA,0,NA,0,NA,0,NA,NA,0
2021,2,20,NA,0,NA,0,NA,0,NA,0,NA,0,NA,NA,0
2021,2,21,NA,0.375,NA,0.375,NA,0.375,NA,0.375,NA,0.375,NA,NA,0.375
2021,2,22,NA,0,NA,0,NA,0,NA,0,NA,0,NA,NA,0
2021,2,23,NA,0,NA,0,NA,0,NA,0,NA,0,NA,NA,0
2021,2,24,NA,0,NA,0,NA,0,NA,0,NA,0,NA,NA,0
2021,2,25,NA,0,NA,0,NA,0,NA,0,NA,0,NA,NA,0
2021,2,26,NA,0,NA,0,NA,0,NA,0,NA,0,NA,NA,0
2021,2,27,NA,0,NA,0,NA,0,NA,0,NA,0,NA,NA,0
2021,2,28,NA,0,NA,0,NA,0,NA,0,NA,0,NA,NA,0
2021,3,1,NA,0.375,NA,0,NA,0.5,NA,0.5,NA,0.5,NA,NA,0.5
2021,3,2,NA,0.25,NA,0.25,NA,0.25,NA,0.25,NA,0.25,NA,NA,0.25
2021,3,3,NA,0.25,NA,0.25,NA,0.25,NA,0.25,NA,0.375,NA,NA,0.25
2021,3,4,NA,0.375,NA,0.375,NA,0.375,NA,0.375,NA,0.375,NA,NA,0.375
2021,3,5,NA,0.25,NA,0.625,NA,0.625,NA,0.625,NA,0.625,NA,NA,0.625
2021,3,6,-44.11,0.875,592.76,0.875,6.54,0.875,236.57,0.875,52.73,0.875,6.34,237.29,0.875
2021,3,7,NA,0.5,593.51,0.875,5.59,0.875,214.14,0.875,51.79,0.875,5.48,213.73,0.875
2021,3,8,NA,0.375,NA,0.5,NA,0.5,NA,0.5,NA,0.5,NA,NA,0.5
2021,3,9,NA,0.375,NA,0.375,NA,0.375,NA,0.375,NA,0.375,NA,NA,0.375
2021,3,10,NA,0.25,NA,0.125,NA,0.125,NA,0.125,NA,0.125,NA,NA,0.125
2021,3,11,NA,0,NA,0,NA,0,NA,0,NA,0,NA,NA,0
2021,3,12,NA,0,NA,0,NA,0,NA,0,NA,0,NA,NA,0
2021,3,13,NA,0,NA,0,NA,0,NA,0,NA,0,NA,NA,0
2021,3,14,NA,0,NA,0,NA,0,NA,0,NA,0,NA,NA,0
2021,3,15,NA,0,NA,0,NA,0,NA,0,NA,0,NA,NA,0
2021,3,16,NA,0,NA,0,NA,0,NA,0,NA,0,NA,NA,0
2021,3,17,NA,0,NA,0,NA,0,NA,0,NA,0,NA,NA,0
2021,3,18,NA,0.375,NA,0.25,NA,0.25,NA,0.25,NA,0.25,NA,NA,0.25
2021,3,19,NA,0,NA,0.25,NA,0.25,NA,0.25,NA,0.25,NA,NA,0.25
2021,3,20,NA,0,NA,0,NA,0,NA,0,NA,0,NA,NA,0
2021,3,21,NA,0.5,NA,0.625,NA,0.625,NA,0.625,NA,0.625,NA,NA,0.625
2021,3,22,NA,0,NA,0,NA,0,NA,0,NA,0,NA,NA,0
2021,3,23,NA,0,NA,0,NA,0,NA,0,NA,0,NA,NA,0
2021,3,24,NA,0,NA,0,NA,0,NA,0,NA,0,NA,NA,0
2021,3,25,NA,0.625,NA,0.625,NA,0.625,NA,0.625,NA,0.625,NA,NA,0.625
2021,3,26,-49.84,1,594.91,1,6.64,1,339.38,1,48.17,1,6.52,338.71,1
2021,3,27,NA,0.625,NA,0.625,NA,0.625,NA,0.625,NA,0.625,NA,NA,0.625
2021,3,28,NA,0,NA,0.125,NA,0,NA,0,NA,0,NA,NA,0
2021,3,29,NA,0,NA,0,NA,0,NA,0,NA,0,NA,NA,0
2021,3,30,NA,0.375,NA,0.375,NA,0.375,NA,0.375,NA,0.375,NA,NA,0.375
2021,3,31,NA,0.25,NA,0.375,NA,0.375,NA,0.375,NA,0.375,NA,NA,0.375
2021,4,1,NA,0,NA,0,NA,0,NA,0,NA,0,NA,NA,0
2021,4,2,NA,0,NA,0,NA,0,NA,0,NA,0,NA,NA,0
2021,4,3,NA,0,NA,0,NA,0,NA,0,NA,0,NA,NA,0
2021,4,4,NA,0,NA,0,NA,0,NA,0,NA,0,NA,NA,0
2021,4,5,NA,0.25,NA,0.25,NA,0.25,NA,0.25,NA,0.25,NA,NA,0.25
2021,4,6,NA,0,NA,0,NA,0,NA,0,NA,0,NA,NA,0
2021,4,7,NA,0,NA,0,NA,0,NA,0,NA,0,NA,NA,0
2021,4,8,NA,0,NA,0,NA,0,NA,0,NA,0,NA,NA,0
2021,4,9,NA,0,NA,0,NA,0,NA,0,NA,0,NA,NA,0
2021,4,10,NA,0,NA,0,NA,0,NA,0,NA,0,NA,NA,0
2021,4,11,NA,0,NA,0,NA,0,NA,0,NA,0,NA,NA,0
2021,4,12,NA,0,NA,0,NA,0,NA,0,NA,0,NA,NA,0
2021,4,13,NA,0,NA,0,NA,0,NA,0,NA,0,NA,NA,0
2021,4,14,NA,0,NA,0,NA,0,NA,0,NA,0,NA,NA,0
2021,4,15,NA,0,NA,0,NA,0,NA,0,NA,0,NA,NA,0
2021,4,16,NA,0,NA,0,NA,0,NA,0,NA,0,NA,NA,0
2021,4,17,NA,0,NA,0,NA,0,NA,0,NA,0,NA,NA,0
2021,4,18,NA,0,NA,0,NA,0,NA,0,NA,0,NA,NA,0
2021,4,19,NA,0,NA,0,NA,0,NA,0,NA,0,NA,NA,0
2021,4,20,NA,0,NA,0,NA,0,NA,0,NA,0,NA,NA,0
2021,4,21,NA,0,NA,0,NA,0,NA,0,NA,0,NA,NA,0
2021,4,22,NA,0,NA,0,NA,0,NA,0,NA,0,NA,NA,0
2021,4,23,NA,0,NA,0,NA,0,NA,0,NA,0,NA,NA,0
2021,4,24,NA,0,NA,0,NA,0,NA,0,NA,0,NA,NA,0
2021,4,25,NA,0,NA,0,NA,0,NA,0,NA,0,NA,NA,0
2021,4,26,NA,0,NA,0,NA,0,NA,0,NA,0,NA,NA,0
2021,4,27,NA,0,NA,0,NA,0,NA,0,NA,0,NA,NA,0
2021,4,28,NA,0,NA,0,NA,0,NA,0,NA,0,NA,NA,0
2021,4,29,NA,0,NA,0,NA,0,NA,0,NA,0,NA,NA,0
2021,4,30,NA,0,NA,0,NA,0,NA,0,NA,0,NA,NA,0
2021,5,1,NA,0,NA,0,NA,0,NA,0,NA,0,NA,NA,0
2021,5,2,NA,0,NA,0,NA,0,NA,0,NA,0,NA,NA,0
2021,5,3,NA,0,NA,0,NA,0,NA,0,NA,0,NA,NA,0
2021,5,4,NA,0,NA,0,NA,0,NA,0,NA,0,NA,NA,0
2021,5,5,NA,0,NA,0,NA,0,NA,0,NA,0,NA,NA,0
2021,5,6,NA,0,NA,0,NA,0,NA,0,NA,0,NA,NA,0
2021,5,7,NA,0,NA,0,NA,0,NA,0,NA,0,NA,NA,0
2021,5,8,NA,0,NA,0,NA,0,NA,0,NA,0,NA,NA,0
2021,5,9,NA,0,NA,0,NA,0,NA,0,NA,0,NA,NA,0
2021,5,10,NA,0,NA,0,NA,0,NA,0,NA,0,NA,NA,0
2021,5,11,NA,0,NA,0,NA,0,NA,0,NA,0,NA,NA,0
2021,5,12,NA,0,NA,0,NA,0,NA,0,NA,0,NA,NA,0
2021,5,13,NA,0,NA,0,NA,0,NA,0,NA,0,NA,NA,0
2021,5,14,NA,0,NA,0,NA,0,NA,0,NA,0,NA,NA,0
2021,5,15,NA,0,NA,0,NA,0,NA,0,NA,0,NA,NA,0
2021,5,16,NA,0,NA,0,NA,0,NA,0,NA,0,NA,NA,0
2021,5,17,NA,0,NA,0,NA,0,NA,0,NA,0,NA,NA,0
2021,5,18,NA,0,NA,0,NA,0,NA,0,NA,0,NA,NA,0
2021,5,19,NA,0,NA,0,NA,0,NA,0,NA,0,NA,NA,0
2021,5,20,NA,0,NA,0,NA,0,NA,0,NA,0,NA,NA,0
2021,5,21,NA,0,NA,0,NA,0,NA,0,NA,0,NA,NA,0
2021,5,22,NA,0,NA,0,NA,0,NA,0,NA,0,NA,NA,0
2021,5,23,NA,0,NA,0,NA,0,NA,0,NA,0,NA,NA,0
2021,5,24,NA,0,NA,0,NA,0,NA,0,NA,0,NA,NA,0
2021,5,25,NA,0,NA,0,NA,0,NA,0,NA,0,NA,NA,0
2021,5,26,NA,0,NA,0,NA,0,NA,0,NA,0,NA,NA,0
2021,5,27,NA,0,NA,0,NA,0,NA,0,NA,0,NA,NA,0
2021,5,28,NA,0,NA,0,NA,0,NA,0,NA,0,NA,NA,0
2021,5,29,NA,0,NA,0,NA,0,NA,0,NA,0,NA,NA,0
2021,5,30,NA,0,NA,0,NA,0,NA,0,NA,0,NA,NA,0
2021,5,31,NA,0,NA,0,NA,0,NA,0,NA,0,NA,NA,0
2021,6,1,NA,0,NA,0,NA,0,NA,0,NA,0,NA,NA,0
2021,6,2,NA,0,NA,0,NA,0,NA,0,NA,0,NA,NA,0
2021,6,3,NA,0,NA,0,NA,0,NA,0,NA,0,NA,NA,0
2021,6,4,NA,0,NA,0,NA,0,NA,0,NA,0,NA,NA,0
2021,6,5,NA,0,NA,0,NA,0,NA,0,NA,0,NA,NA,0
2021,6,6,NA,0,NA,0,NA,0,NA,0,NA,0,NA,NA,0
2021,6,7,NA,0,NA,0,NA,0,NA,0,NA,0,NA,NA,0
2021,6,8,NA,0,NA,0,NA,0,NA,0,NA,0,NA,NA,0
2021,6,9,NA,0,NA,0,NA,0,NA,0,NA,0,NA,NA,0
2021,6,10,NA,0,NA,0,NA,0,NA,0,NA,0,NA,NA,0
2021,6,11,NA,0,NA,0,NA,0,NA,0,NA,0,NA,NA,0
2021,6,12,NA,0,NA,0,NA,0,NA,0,NA,0,NA,NA,0
2021,6,13,NA,0,NA,0,NA,0,NA,0,NA,0,NA,NA,0
2021,6,14,NA,0,NA,0,NA,0,NA,0,NA,0,NA,NA,0
2021,6,15,NA,0,NA,0,NA,0,NA,0,NA,0,NA,NA,0
2021,6,16,NA,0,NA,0,NA,0,NA,0,NA,0,NA,NA,0
2021,6,17,NA,0,NA,0,NA,0,NA,0,NA,0,NA,NA,0
2021,6,18,NA,0,NA,0,NA,0,NA,0,NA,0,NA,NA,0
2021,6,19,NA,0,NA,0,NA,0,NA,0,NA,0,NA,NA,0
2021,6,20,NA,0,NA,0,NA,0,NA,0,NA,0,NA,NA,0
2021,6,21,NA,0,NA,0,NA,0,NA,0,NA,0,NA,NA,0
2021,6,22,NA,0,NA,0,NA,0,NA,0,NA,0,NA,NA,0
2021,6,23,NA,0,NA,0,NA,0,NA,0,NA,0,NA,NA,0
2021,6,24,NA,0,NA,0,NA,0,NA,0,NA,0,NA,NA,0
2021,6,25,NA,0,NA,0,NA,0,NA,0,NA,0,NA,NA,0
2021,6,26,NA,0,NA,0,NA,0,NA,0,NA,0,NA,NA,0
2021,6,27,NA,0,NA,0,NA,0,NA,0,NA,0,NA,NA,0
2021,6,28,NA,0,NA,0,NA,0,NA,0,NA,0,NA,NA,0
2021,6,29,NA,0,NA,0,NA,0,NA,0,NA,0,NA,NA,0
2021,6,30,NA,0,NA,0,NA,0,NA,0,NA,0,NA,NA,0
2021,7,1,NA,0,NA,0,NA,0,NA,0,NA,0,NA,NA,0
2021,7,2,NA,0,NA,0,NA,0,NA,0,NA,0,NA,NA,0
2021,7,3,NA,0,NA,0,NA,0,NA,0,NA,0,NA,NA,0
2021,7,4,NA,0,NA,0,NA,0,NA,0,NA,0,NA,NA,0
2021,7,5,NA,0,NA,0,NA,0,NA,0,NA,0,NA,NA,0
2021,7,6,NA,0,NA,0,NA,0,NA,0,NA,0,NA,NA,0
2021,7,7,NA,0,NA,0,NA,0,NA,0,NA,0,NA,NA,0
2021,7,8,NA,0,NA,0,NA,0,NA,0,NA,0,NA,NA,0
2021,7,9,NA,0,NA,0,NA,0,NA,0,NA,0,NA,NA,0
2021,7,10,NA,0,NA,0,NA,0,NA,0,NA,0,NA,NA,0
2021,7,11,NA,0,NA,0,NA,0,NA,0,NA,0,NA,NA,0
2021,7,12,NA,0,NA,0,NA,0,NA,0,NA,0,NA,NA,0
2021,7,13,NA,0,NA,0,NA,0,NA,0,NA,0,NA,NA,0
2021,7,14,NA,0,NA,0,NA,0,NA,0,NA,0,NA,NA,0
2021,7,15,NA,0,NA,0,NA,0,NA,0,NA,0,NA,NA,0
2021,7,16,NA,0,NA,0,NA,0,NA,0,NA,0,NA,NA,0
2021,7,17,NA,0,NA,0,NA,0,NA,0,NA,0,NA,NA,0
2021,7,18,NA,0,NA,0,NA,0,NA,0,NA,0,NA,NA,0
2021,7,19,NA,0,NA,0,NA,0,NA,0,NA,0,NA,NA,0
2021,7,20,NA,0,NA,0,NA,0,NA,0,NA,0,NA,NA,0
2021,7,21,NA,0,NA,0,NA,0,NA,0,NA,0,NA,NA,0
2021,7,22,NA,0,NA,0,NA,0,NA,0,NA,0,NA,NA,0
2021,7,23,NA,0,NA,0,NA,0,NA,0,NA,0,NA,NA,0
2021,7,24,NA,0,NA,0,NA,0,NA,0,NA,0,NA,NA,0
2021,7,25,NA,0,NA,0,NA,0,NA,0,NA,0,NA,NA,0
2021,7,26,NA,0,NA,0,NA,0,NA,0,NA,0,NA,NA,0
2021,7,27,NA,0,NA,0,NA,0,NA,0,NA,0,NA,NA,0
2021,7,28,NA,0,NA,0,NA,0,NA,0,NA,0,NA,NA,0
2021,7,29,NA,0,NA,0,NA,0,NA,0,NA,0,NA,NA,0
2021,7,30,NA,0,NA,0,NA,0,NA,0,NA,0,NA,NA,0
2021,7,31,NA,0,NA,0,NA,0,NA,0,NA,0,NA,NA,0
2021,8,1,NA,0,NA,0,NA,0,NA,0,NA,0,NA,NA,0
2021,8,2,NA,0,NA,0,NA,0,NA,0,NA,0,NA,NA,0
2021,8,3,NA,0,NA,0,NA,0,NA,0,NA,0,NA,NA,0
2021,8,4,NA,0,NA,0,NA,0,NA,0,NA,0,NA,NA,0
2021,8,5,NA,0,NA,0,NA,0,NA,0,NA,0,NA,NA,0
2021,8,6,NA,0,NA,0,NA,0,NA,0,NA,0,NA,NA,0
2021,8,7,NA,0,NA,0,NA,0,NA,0,NA,0,NA,NA,0
2021,8,8,NA,0,NA,0,NA,0,NA,0,NA,0,NA,NA,0
2021,8,9,NA,0,NA,0,NA,0,NA,0,NA,0,NA,NA,0
2021,8,10,NA,0,NA,0,NA,0,NA,0,NA,0,NA,NA,0
2021,8,11,NA,0,NA,0,NA,0,NA,0,NA,0,NA,NA,0
2021,8,12,NA,0,NA,0,NA,0,NA,0,NA,0,NA,NA,0
2021,8,13,NA,0,NA,0,NA,0,NA,0,NA,0,NA,NA,0
2021,8,14,NA,0,NA,0,NA,0,NA,0,NA,0,NA,NA,0
2021,8,15,NA,0,NA,0,NA,0,NA,0,NA,0,NA,NA,0
2021,8,16,NA,0,NA,0,NA,0,NA,0,NA,0,NA,NA,0
2021,8,17,NA,0,NA,0,NA,0,NA,0,NA,0,NA,NA,0
2021,8,18,NA,0,NA,0,NA,0,NA,0,NA,0,NA,NA,0
2021,8,19,NA,0,NA,0,NA,0,NA,0,NA,0,NA,NA,0
2021,8,20,NA,0,NA,0,NA,0,NA,0,NA,0,NA,NA,0
2021,8,21,NA,0,NA,0,NA,0,NA,0,NA,0,NA,NA,0
2021,8,22,NA,0,NA,0,NA,0,NA,0,NA,0,NA,NA,0
2021,8,23,NA,0,NA,0,NA,0,NA,0,NA,0,NA,NA,0
2021,8,24,NA,0,NA,0,NA,0,NA,0,NA,0,NA,NA,0
2021,8,25,NA,0,NA,0,NA,0,NA,0,NA,0,NA,NA,0
2021,8,26,NA,0,NA,0,NA,0,NA,0,NA,0,NA,NA,0
2021,8,27,NA,0,NA,0,NA,0,NA,0,NA,0,NA,NA,0
2021,8,28,NA,0,NA,0,NA,0,NA,0,NA,0,NA,NA,0
2021,8,29,NA,0,NA,0,NA,0,NA,0,NA,0,NA,NA,0
2021,8,30,NA,0,NA,0,NA,0,NA,0,NA,0,NA,NA,0
2021,8,31,NA,0,NA,0,NA,0,NA,0,NA,0,NA,NA,0
2021,9,1,NA,0,NA,0,NA,0,NA,0,NA,0,NA,NA,0
2021,9,2,NA,0,NA,0,NA,0,NA,0,NA,0,NA,NA,0
2021,9,3,NA,0,NA,0,NA,0,NA,0,NA,0,NA,NA,0
2021,9,4,NA,0,NA,0,NA,0,NA,0,NA,0,NA,NA,0
2021,9,5,NA,0,NA,0,NA,0,NA,0,NA,0,NA,NA,0
2021,9,6,NA,0,NA,0,NA,0,NA,0,NA,0,NA,NA,0
2021,9,7,NA,0,NA,0,NA,0,NA,0,NA,0,NA,NA,0
2021,9,8,NA,0,NA,0,NA,0,NA,0,NA,0,NA,NA,0
2021,9,9,NA,0,NA,0,NA,0,NA,0,NA,0,NA,NA,0
2021,9,10,NA,0,NA,0,NA,0,NA,0,NA,0,NA,NA,0
2021,9,11,NA,0,NA,0,NA,0,NA,0,NA,0,NA,NA,0
2021,9,12,NA,0,NA,0,NA,0,NA,0,NA,0,NA,NA,0
2021,9,13,NA,0,NA,0,NA,0,NA,0,NA,0,NA,NA,0
2021,9,14,NA,0,NA,0,NA,0,NA,0,NA,0,NA,NA,0
2021,9,15,NA,0,NA,0,NA,0,NA,0,NA,0,NA,NA,0
2021,9,16,NA,0,NA,0,NA,0,NA,0,NA,0,NA,NA,0
2021,9,17,NA,0,NA,0,NA,0,NA,0,NA,0,NA,NA,0
2021,9,18,NA,0,NA,0,NA,0,NA,0,NA,0,NA,NA,0
2021,9,19,NA,0,NA,0,NA,0,NA,0,NA,0,NA,NA,0
2021,9,20,NA,0,NA,0,NA,0,NA,0,NA,0,NA,NA,0
2021,9,21,NA,0,NA,0,NA,0,NA,0,NA,0,NA,NA,0
2021,9,22,NA,0,NA,0,NA,0,NA,0,NA,0,NA,NA,0
2021,9,23,NA,0,NA,0,NA,0,NA,0,NA,0,NA,NA,0
2021,9,24,NA,0,NA,0,NA,0,NA,0,NA,0,NA,NA,0
2021,9,25,NA,0,NA,0,NA,0,NA,0,NA,0,NA,NA,0
2021,9,26,NA,0,NA,0,NA,0,NA,0,NA,0,NA,NA,0
2021,9,27,NA,0,NA,0,NA,0,NA,0,NA,0,NA,NA,0
2021,9,28,NA,0,NA,0,NA,0,NA,0,NA,0,NA,NA,0
2021,9,29,NA,0,NA,0,NA,0,NA,0,NA,0,NA,NA,0
2021,9,30,NA,0,NA,0,NA,0,NA,0,NA,0,NA,NA,0
2021,10,1,NA,0,NA,0,NA,0,NA,0,NA,0,NA,NA,0
2021,10,2,NA,0,NA,0,NA,0,NA,0,NA,0,NA,NA,0
2021,10,3,NA,0,NA,0,NA,0,NA,0,NA,0,NA,NA,0
2021,10,4,NA,0,NA,0,NA,0,NA,0,NA,0,NA,NA,0
2021,10,5,NA,0,NA,0,NA,0,NA,0,NA,0,NA,NA,0
2021,10,6,NA,0,NA,0,NA,0,NA,0,NA,0,NA,NA,0
2021,10,7,NA,0,NA,0,NA,0,NA,0,NA,0,NA,NA,0
2021,10,8,NA,0,NA,0,NA,0,NA,0,NA,0,NA,NA,0
2021,10,9,NA,0,NA,0,NA,0,NA,0,NA,0,NA,NA,0
2021,10,10,NA,0,NA,0,NA,0,NA,0,NA,0,NA,NA,0
2021,10,11,NA,0,NA,0,NA,0,NA,0,NA,0,NA,NA,0
2021,10,12,NA,0,NA,0,NA,0,NA,0,NA,0,NA,NA,0
2021,10,13,NA,0,NA,0,NA,0,NA,0,NA,0,NA,NA,0
2021,10,14,NA,0,NA,0,NA,0,NA,0,NA,0,NA,NA,0
2021,10,15,NA,0,NA,0,NA,0,NA,0,NA,0,NA,NA,0
2021,10,16,NA,0,NA,0,NA,0,NA,0,NA,0,NA,NA,0
2021,10,17,NA,0,NA,0,NA,0,NA,0,NA,0,NA,NA,0
2021,10,18,NA,0,NA,0,NA,0,NA,0,NA,0,NA,NA,0
2021,10,19,NA,0,NA,0,NA,0,NA,0,NA,0,NA,NA,0
2021,10,20,NA,0,NA,0,NA,0,NA,0,NA,0,NA,NA,0
2021,10,21,NA,0,NA,0,NA,0,NA,0,NA,0,NA,NA,0
2021,10,22,NA,0,NA,0,NA,0,NA,0,NA,0,NA,NA,0
2021,10,23,NA,0,NA,0,NA,0,NA,0,NA,0,NA,NA,0
2021,10,24,NA,0.25,NA,0.375,NA,0.375,NA,0.375,NA,0.375,NA,NA,0.375
2021,10,25,NA,0,NA,0,NA,0,NA,0,NA,0,NA,NA,0
2021,10,26,NA,0.625,578.37,0.75,7.87,0.75,228.17,0.75,53.93,0.75,6.14,339.14,0.75
2021,10,27,-42.63,0.75,578.14,1,10.35,1,284.62,1,47.88,1,9.9,285.18,1
2021,10,28,-47.69,0.875,575.84,1,8.14,1,184.62,1,39.78,1,7.83,186.21,1
2021,10,29,NA,0.625,579.31,0.875,5.97,0.875,149.43,0.875,38.51,0.875,5.91,150.37,0.875
2021,10,30,NA,0.5,578.7,1,4.7,1,141.25,1,38.23,1,4.65,141.3,1
2021,10,31,NA,0.625,577.42,1,4.42,1,148.88,1,41.29,1,4.41,148.81,1
2021,11,1,NA,0.625,578.95,1,4.22,1,138.62,1,39.56,1,4.19,138.64,1
2021,11,2,-43.92,0.75,582.98,1,3.85,1,168.62,1,40.95,1,3.78,168.32,1
2021,11,3,NA,0.625,584.64,1,3.92,1,181.12,1,34.96,1,3.91,180.82,1
2021,11,4,-45.5,0.75,582.65,1,3.16,1,148.25,1,36.09,1,3.03,153.54,1
2021,11,5,NA,0.625,NA,0.25,2.61,1,137.75,1,31.46,1,1.83,337.83,1
2021,11,6,NA,0.25,582.4,1,3.65,1,254.62,1,40.06,1,3.58,254.61,1
2021,11,7,NA,0.375,581.45,1,2.48,1,166.75,1,33.92,1,1.87,168.31,1
2021,11,8,NA,0.625,578.41,1,2.02,1,89,1,33.36,1,2.01,88.94,1
2021,11,9,NA,0.5,575.68,1,1.86,0.875,78.14,0.875,34.04,1,1.68,84.63,0.875
2021,11,10,NA,0.25,573.2,1,2.28,0.75,242.33,0.75,21.92,1,2.22,239.93,0.75
2021,11,11,NA,0.625,572.19,1,2.95,1,241.62,1,27.46,1,2.89,241.15,1
2021,11,12,NA,0.25,575.99,1,2.54,0.875,294.71,0.875,28.96,1,2.14,304.07,0.875
2021,11,13,NA,0.375,575.25,1,3.19,1,250.88,1,37.25,1,2.78,338.59,1
2021,11,14,NA,0.5,571.31,1,2.48,1,130.12,1,33.55,1,0.78,1.79,1
2021,11,15,NA,0.625,574.44,1,4.69,1,284.12,1,41.86,1,4.66,283.93,1
2021,11,16,NA,0.375,576.61,1,4.3,1,267.75,1,33.67,1,4.29,267.46,1
2021,11,17,NA,0.625,583.32,1,5.68,1,283.38,1,41.1,1,5.58,284.6,1
2021,11,18,-39.57,0.75,591.8,1,8.74,1,289.88,1,48.02,1,8.54,289.71,1
2021,11,19,-33.38,1,588.3,1,12.44,0.875,257.38,1,56.69,1,11.73,255.78,0.875
2021,11,20,-34.74,0.875,589.38,1,6.75,1,231.25,1,42.73,1,6.66,230.52,1
2021,11,21,-30.64,1,592.08,1,4.74,1,210.25,1,46.69,1,4.66,209.61,1
2021,11,22,-26.3,0.875,592.04,1,5.03,0.75,217.25,1,52.08,1,5,211.26,0.75
2021,11,23,-28.37,0.875,589.26,1,4.32,1,226.38,1,47.71,1,4.25,226.73,1
2021,11,24,-33.81,0.875,588.28,1,3.48,1,216.75,1,35.21,1,3.44,215.72,1
2021,11,25,-33.17,0.75,585.39,1,5.66,0.875,251.25,1,42.75,1,5.63,251.27,0.875
2021,11,26,NA,0.625,582.28,1,4.54,1,243.75,1,37.1,1,4.39,241.48,1
2021,11,27,NA,0.625,582.68,1,4,1,228.12,1,35.69,1,3.77,226.57,1
2021,11,28,-34.35,0.75,581.35,1,2.63,0.875,193.57,0.875,28.66,1,1.99,192.68,0.875
2021,11,29,-36.34,1,579.96,1,6.05,1,273.62,1,40.24,1,5.8,271.93,1
2021,11,30,-34.53,0.875,584.24,1,5.6,1,249.88,1,37.2,1,5.49,249.06,1
2021,12,1,-33.2,0.75,584.3,1,5.92,1,250.25,1,38.39,1,5.8,251.78,1
2021,12,2,-34.62,0.75,583.6,1,4.15,1,240.88,1,32.35,1,4.07,240.32,1
2021,12,3,-36.06,0.875,584.29,1,4.72,1,251.62,1,32.8,1,4.65,251.25,1
2021,12,4,-35.21,0.875,586.05,1,4.47,1,267.5,1,35.36,1,4.3,266.84,1
2021,12,5,NA,0.625,586.55,1,4.86,1,332.88,1,44.02,1,4.72,334.99,1
2021,12,6,-28.46,0.875,585.92,1,5.76,1,293.62,1,52.11,1,5.57,340.15,1
2021,12,7,NA,0.625,587.11,1,4.22,1,264.62,1,41.4,1,3.51,272.5,1
2021,12,8,NA,0.5,584.15,1,2.14,1,157,1,25.69,1,2.06,160.54,1
2021,12,9,NA,0.625,581.75,1,2.6,1,67.88,1,38.31,1,2.11,70.1,1
2021,12,10,NA,0.375,579.46,1,2.25,1,125,1,35.58,1,2.07,39.88,1
2021,12,11,NA,0.5,578.7,1,2.95,1,109.25,1,36.65,1,2.7,11.54,1
2021,12,12,-30.6,0.75,582.96,1,4.81,1,305.62,1,51.35,1,4.76,304.97,1
2021,12,13,-31.88,0.75,589.4,1,4.68,1,288.5,1,50.27,1,4.63,287.59,1
2021,12,14,NA,0.375,595.89,1,2.56,1,220.25,1,42.84,1,1.96,353.61,1
2021,12,15,NA,0.625,595.54,1,5.3,1,44,1,55.25,1,4.85,40.17,1
2021,12,16,-25.71,1,593.86,1,NA,0.625,211.5,1,60.59,1,NA,NA,0.625
2021,12,17,-29.88,1,595.54,1,8.07,1,264.5,1,53.86,1,7.65,270.33,1
2021,12,18,-25.53,1,599.72,1,3.35,1,224.12,1,42.58,1,3.3,223.58,1
2021,12,19,NA,0.625,599.36,1,4.86,1,224.62,1,47.61,1,4.61,221.02,1
2021,12,20,-25.16,0.875,598.25,1,3.75,1,223.38,1,41.95,1,3.66,224.56,1
2021,12,21,NA,0.25,596.28,1,2.45,1,297.88,1,40.19,1,2.13,304.77,1
2021,12,22,-27.41,0.875,592.79,1,4.28,1,248.5,1,45.76,1,4.06,249.95,1
2021,12,23,-26.7,0.75,589.5,1,4.76,0.875,284.12,1,51.42,1,4.64,289.21,0.875
2021,12,24,-27.52,1,587.96,1,6.39,0.875,262.88,1,52.05,1,5.56,281.6,0.875
2021,12,25,-25.68,0.75,587.99,1,4.2,1,306.25,1,56.73,1,3.95,301.44,1
2021,12,26,-30.19,1,584.8,1,4.66,1,262.75,1,39.36,1,4.59,261.56,1
2021,12,27,-30.34,1,584.56,1,7.09,1,267.5,1,46.01,1,6.91,266.61,1
2021,12,28,-29.65,1,581.98,1,9.86,0.875,263.88,1,52.08,1,9.5,263.32,0.875
2021,12,29,-28.84,0.875,582.31,1,5.29,1,222.38,1,41.86,1,5.22,222.55,1
2021,12,30,-30.33,0.875,585.92,1,3.6,1,161.25,1,30.45,1,3.33,164.1,1
2021,12,31,NA,0.5,589.59,1,2.17,1,119.25,1,34.85,1,1.39,74.61,1
,,,,,,,,,,,,,,,
,,,,,,,,,,,,,,,
