Year,Month,Day,Temperature(¡æ),wt_T,Pressure(hPa),wt_P,Wind Speed(m/s),wt_WS,Wind Direction,wt_WD,Relative Humidity(%),wt_RH,Vector Wind Speed(m/s),Vector Wind Direction(¡ã),wt_V
1989,1,1,NA,0,NA,0,NA,0,NA,0,NA,0,NA,NA,0
1989,1,2,NA,0,NA,0,NA,0,NA,0,NA,0,NA,NA,0
1989,1,3,NA,0,NA,0,NA,0,NA,0,NA,0,NA,NA,0
1989,1,4,NA,0,NA,0,NA,0,NA,0,NA,0,NA,NA,0
1989,1,5,NA,0,NA,0,NA,0,NA,0,NA,0,NA,NA,0
1989,1,6,NA,0,NA,0,NA,0,NA,0,NA,0,NA,NA,0
1989,1,7,NA,0,NA,0,NA,0,NA,0,NA,0,NA,NA,0
1989,1,8,NA,0,NA,0,NA,0,NA,0,NA,0,NA,NA,0
1989,1,9,NA,0,NA,0,NA,0,NA,0,NA,0,NA,NA,0
1989,1,10,NA,0,NA,0,NA,0,NA,0,NA,0,NA,NA,0
1989,1,11,NA,0,NA,0,NA,0,NA,0,NA,0,NA,NA,0
1989,1,12,NA,0,NA,0,NA,0,NA,0,NA,0,NA,NA,0
1989,1,13,NA,0,NA,0,NA,0,NA,0,NA,0,NA,NA,0
1989,1,14,NA,0,NA,0,NA,0,NA,0,NA,0,NA,NA,0
1989,1,15,NA,0,NA,0,NA,0,NA,0,NA,0,NA,NA,0
1989,1,16,NA,0,NA,0,NA,0,NA,0,NA,0,NA,NA,0
1989,1,17,NA,0,NA,0,NA,0,NA,0,NA,0,NA,NA,0
1989,1,18,NA,0,NA,0,NA,0,NA,0,NA,0,NA,NA,0
1989,1,19,NA,0,NA,0,NA,0,NA,0,NA,0,NA,NA,0
1989,1,20,NA,0,NA,0,NA,0,NA,0,NA,0,NA,NA,0
1989,1,21,NA,0,NA,0,NA,0,NA,0,NA,0,NA,NA,0
1989,1,22,NA,0,NA,0,NA,0,NA,0,NA,0,NA,NA,0
1989,1,23,NA,0,NA,0,NA,0,NA,0,NA,0,NA,NA,0
1989,1,24,NA,0,NA,0,NA,0,NA,0,NA,0,NA,NA,0
1989,1,25,NA,0,NA,0,NA,0,NA,0,NA,0,NA,NA,0
1989,1,26,NA,0,NA,0,NA,0,NA,0,NA,0,NA,NA,0
1989,1,27,NA,0,NA,0,NA,0,NA,0,NA,0,NA,NA,0
1989,1,28,NA,0,NA,0,NA,0,NA,0,NA,0,NA,NA,0
1989,1,29,NA,0,NA,0,NA,0,NA,0,NA,0,NA,NA,0
1989,1,30,NA,0,NA,0,NA,0,NA,0,NA,0,NA,NA,0
1989,1,31,NA,0,NA,0,NA,0,NA,0,NA,0,NA,NA,0
1989,2,1,NA,0,766.58,1,6.25,1,320.5,1,NA,0,5.66,323.36,1
1989,2,2,NA,0,772.48,1,11.29,0.875,291.75,1,NA,0,10.55,341.75,0.875
1989,2,3,NA,0,767.83,1,11.33,0.75,334.25,1,NA,0,11.12,332.32,0.75
1989,2,4,NA,0,759.54,1,9.33,0.75,284,0.625,NA,0,5.81,303.66,0.375
1989,2,5,NA,0,767.01,1,10,0.5,220,0.625,NA,0,4.62,245.13,0.375
1989,2,6,NA,0,774.26,1,6,0.25,251.75,1,NA,0,5.8,313,0.25
1989,2,7,NA,0,774.94,1,10.57,0.875,335.5,1,NA,0,10.42,335.73,0.875
1989,2,8,NA,0,773.87,0.375,11.33,0.375,344.67,0.375,NA,0,11.29,344.47,0.375
1989,2,9,NA,0,774.66,1,9.67,0.75,289.25,1,NA,0,9.58,299.38,0.75
1989,2,10,NA,0,772.05,1,10.6,0.625,301.75,1,NA,0,10.47,298.76,0.625
1989,2,11,NA,0,764.25,1,18.6,0.625,314,0.625,NA,0,18.93,313.97,0.375
1989,2,12,NA,0,763.51,1,15.67,0.375,300,0.625,NA,0,15.62,300.97,0.375
1989,2,13,NA,0,763.41,1,6.2,0.625,268,1,NA,0,5.73,276.63,0.625
1989,2,14,NA,0,765.59,1,3.83,0.75,255.5,1,NA,0,2.91,259.72,0.75
1989,2,15,NA,0,764,1,11.86,0.875,299.25,1,NA,0,11.66,299.54,0.875
1989,2,16,NA,0,761.42,1,14.25,0.5,299.25,1,NA,0,14.2,292.91,0.5
1989,2,17,NA,0,757.25,1,14.25,0.5,303,1,NA,0,14.06,308.22,0.5
1989,2,18,NA,0,759.83,1,11.8,0.625,310.5,1,NA,0,11.76,302.07,0.625
1989,2,19,NA,0,762.2,1,12.33,0.375,316.75,1,NA,0,12.29,315.03,0.375
1989,2,20,NA,0,759.32,1,18.4,0.625,319.25,1,NA,0,18.34,324.42,0.625
1989,2,21,NA,0,759.45,1,19.38,1,313,1,NA,0,19.3,312.77,1
1989,2,22,NA,0,761.33,1,15,0.75,310,0.625,NA,0,13.9,306.93,0.5
1989,2,23,NA,0,757.1,1,15.33,0.75,299.25,1,NA,0,15.14,298.77,0.75
1989,2,24,NA,0,755.14,1,17.67,0.75,298,1,NA,0,17.3,297.1,0.75
1989,2,25,NA,0,756.34,1,12.83,0.75,300,0.625,NA,0,12.3,305.3,0.375
1989,2,26,NA,0,750.99,1,18.29,0.875,300.5,1,NA,0,17.77,301.95,0.875
1989,2,27,NA,0,747.58,1,16,0.375,300.5,0.5,NA,0,12.95,303,0.25
1989,2,28,NA,0,757.47,1,12.6,0.625,306.57,0.875,NA,0,12.49,302.62,0.625
1989,3,1,NA,0,762.49,1,6.75,0.5,316.75,1,NA,0,6.53,317.97,0.5
1989,3,2,NA,0,754.46,1,16.5,0.75,311.75,1,NA,0,16.39,309.92,0.75
1989,3,3,NA,0,753.04,1,14,0.625,305.5,1,NA,0,13.63,299.96,0.625
1989,3,4,NA,0,755.84,1,18.75,1,316,0.625,NA,0,19.04,316.43,0.625
1989,3,5,NA,0,760.09,1,13.17,0.75,308,0.625,NA,0,14.64,307.32,0.5
1989,3,6,NA,0,758.69,1,13,0.625,280.5,1,NA,0,12.84,299.08,0.625
1989,3,7,NA,0,755.85,1,NA,0.125,248,1,NA,0,NA,NA,0.125
1989,3,8,NA,0,758.91,1,9.83,0.75,308,1,NA,0,9.72,306,0.75
1989,3,9,NA,0,760.1,1,13.86,0.875,301.75,1,NA,0,13.69,303.47,0.875
1989,3,10,NA,0,764.95,1,16.38,1,301.75,1,NA,0,15.74,304.04,1
1989,3,11,NA,0,760.64,1,21.25,0.5,309.25,1,NA,0,21.25,308,0.5
1989,3,12,NA,0,756.21,1,15,0.5,314.25,1,NA,0,14.75,306.21,0.5
1989,3,13,NA,0,761.23,1,20.5,0.5,310.5,1,NA,0,20.44,315.44,0.5
1989,3,14,NA,0,766.1,1,19.8,0.625,311.33,0.375,NA,0,NA,NA,0.125
1989,3,15,NA,0,768.84,1,16.83,0.75,300,0.625,NA,0,17.68,303.07,0.5
1989,3,16,NA,0,768.94,1,NA,0.125,169.25,1,NA,0,NA,NA,0.125
1989,3,17,NA,0,770.45,1,8,0.25,224.4,0.625,NA,0,NA,NA,0.125
1989,3,18,NA,0,768.11,1,11,0.875,306.33,0.75,NA,0,10.26,306.38,0.75
1989,3,19,NA,0,758.55,1,12.86,0.875,294.67,0.375,NA,0,12.5,298,0.25
1989,3,20,NA,0,757.36,1,NA,0,32,0.5,NA,0,NA,NA,0
1989,3,21,NA,0,760.54,1,6.67,0.75,308,0.625,NA,0,6.41,309.22,0.625
1989,3,22,NA,0,758.08,1,15.33,0.75,338,1,NA,0,14.91,328.58,0.75
1989,3,23,NA,0,752.74,1,19.75,0.5,314.25,1,NA,0,19.42,314.21,0.5
1989,3,24,NA,0,752.75,1,19.29,0.875,312.29,0.875,NA,0,19.27,311.44,0.75
1989,3,25,NA,0,759.84,1,16.75,1,NA,0,NA,0,NA,NA,0
1989,3,26,NA,0,763.33,1,19.5,1,308,0.75,NA,0,19.63,308.42,0.75
1989,3,27,NA,0,764.05,1,19.62,1,314,0.625,NA,0,19.13,314.15,0.625
1989,3,28,NA,0,759.64,1,18.25,1,308,0.625,NA,0,18.68,307.89,0.625
1989,3,29,NA,0,760.98,1,17,0.75,305.14,0.875,NA,0,16.84,303.5,0.625
1989,3,30,NA,0,764.46,1,18,0.875,302,0.625,NA,0,18.43,302.73,0.5
1989,3,31,NA,0,767.78,1,17.62,1,303,0.25,NA,0,14.44,302.83,0.25
1989,4,1,NA,0,768.09,1,21.88,1,318,0.25,NA,0,22.5,318,0.25
1989,4,2,NA,0,774.13,1,19.83,0.75,313,1,NA,0,19.57,314.83,0.75
1989,4,3,NA,0,778.54,1,19.12,1,306.75,1,NA,0,19.02,307.08,1
1989,4,4,NA,0,767.29,1,15.43,0.875,302,0.625,NA,0,14.37,302.23,0.625
1989,4,5,NA,0,763.14,1,18.5,1,313,0.25,NA,0,18.93,313.53,0.25
1989,4,6,NA,0,763.61,1,18.33,0.75,303,1,NA,0,18.26,303,0.75
1989,4,7,NA,0,771.16,1,9,0.75,276,0.625,NA,0,4.62,290.87,0.375
1989,4,8,NA,0,779.07,1,8.25,1,300.5,1,NA,0,8.2,300.58,1
1989,4,9,NA,0,773.53,1,12.71,0.875,308,1,NA,0,12.66,307.78,0.875
1989,4,10,NA,0,771.98,1,15.62,1,293,0.5,NA,0,14.69,292.92,0.5
1989,4,11,NA,0,768.4,1,18.5,1,NA,0.125,NA,0,NA,NA,0.125
1989,4,12,NA,0,764.91,1,15.5,1,313,0.5,NA,0,16.69,312.78,0.5
1989,4,13,NA,0,768.16,1,15,0.875,312,0.625,NA,0,15.46,310.25,0.5
1989,4,14,NA,0,769.66,1,7,0.875,306.33,0.75,NA,0,7.11,305.9,0.75
1989,4,15,NA,0,767.1,1,8.25,1,303,0.25,NA,0,7.97,303,0.25
1989,4,16,NA,0,763.41,1,6.62,1,298,0.875,NA,0,6.48,299.13,0.875
1989,4,17,NA,0,766.93,1,9.67,0.75,304,0.625,NA,0,10.58,300.2,0.375
1989,4,18,NA,0,776.66,1,7,0.625,323,1,NA,0,6.79,321.63,0.625
1989,4,19,NA,0,778.48,1,13.5,0.25,265,0.75,NA,0,13.5,308,0.25
1989,4,20,NA,0,774.43,1,15.33,0.375,314.67,0.375,NA,0,13.95,303,0.25
1989,4,21,NA,0,767.49,1,10,0.625,281.75,1,NA,0,9.84,274.22,0.625
1989,4,22,NA,0,765.36,1,17.75,1,305.5,0.5,NA,0,17.45,305.58,0.5
1989,4,23,NA,0,764.53,1,18.57,0.875,313,0.75,NA,0,17.91,312.38,0.625
1989,4,24,NA,0,757.44,1,18.88,1,NA,0.125,NA,0,NA,NA,0.125
1989,4,25,NA,0,752.75,1,21.38,1,313,0.5,NA,0,21.17,313.18,0.5
1989,4,26,NA,0,746.16,1,18.83,0.75,308,0.5,NA,0,21.92,303.46,0.25
1989,4,27,NA,0,751.5,0.5,20.2,0.625,312.29,0.875,NA,0,19.65,310.23,0.625
1989,4,28,NA,0,745.96,1,20,0.625,299.25,1,NA,0,19.81,302.02,0.625
1989,4,29,NA,0,NA,0.125,15,0.25,313,0.5,NA,0,15,318,0.25
1989,4,30,NA,0,740,1,9,0.25,195.14,0.875,NA,0,8.97,192.44,0.25
1989,5,1,NA,0,761.06,1,21.5,0.25,289.25,1,NA,0,21.5,318,0.25
1989,5,2,NA,0,756.59,1,19.33,0.75,311.75,1,NA,0,18.98,316.04,0.75
1989,5,3,NA,0,747.28,1,17.33,0.75,314.25,1,NA,0,17.01,314.73,0.75
1989,5,4,NA,0,745.84,1,23,0.75,310.5,1,NA,0,22.61,309.86,0.75
1989,5,5,NA,0,747.84,1,14.33,0.375,294,0.625,NA,0,NA,NA,0.125
1989,5,6,NA,0,746.69,1,5,0.625,271.75,1,NA,0,4.47,268.95,0.625
1989,5,7,NA,0,750,1,14.4,0.625,304.67,0.75,NA,0,13,308,0.375
1989,5,8,NA,0,749.24,1,16.88,1,NA,0,NA,0,NA,NA,0
1989,5,9,NA,0,747.38,1,16.25,1,304.25,1,NA,0,16.19,304.31,1
1989,5,10,NA,0,751.75,1,19.5,1,318,0.25,NA,0,24.5,318,0.25
1989,5,11,NA,0,762.34,1,19,0.5,303,1,NA,0,18.71,318.27,0.5
1989,5,12,NA,0,764.09,1,14.83,0.75,295.5,1,NA,0,14.6,295.68,0.75
1989,5,13,NA,0,755.93,1,13,0.625,300.5,1,NA,0,12.9,300.16,0.625
1989,5,14,NA,0,753.13,1,9.33,0.75,298,0.625,NA,0,9.04,298.63,0.5
1989,5,15,NA,0,749.93,1,18.25,1,316,0.625,NA,0,19.23,316.14,0.625
1989,5,16,NA,0,747.77,0.375,21.2,0.625,332.29,0.875,NA,0,21.15,326.02,0.625
1989,5,17,NA,0,745.96,1,10.67,0.375,314.25,1,NA,0,10.45,339.19,0.375
1989,5,18,NA,0,738.96,0.875,19.2,0.625,309.67,0.75,NA,0,19.25,308,0.5
1989,5,19,NA,0,737.47,0.375,18.43,0.875,302,0.625,NA,0,17.93,302,0.625
1989,5,20,NA,0,734.3,0.25,16,0.25,300,0.625,NA,0,15.94,303.94,0.25
1989,5,21,NA,0,NA,0,20.5,0.25,318,0.5,NA,0,20.19,318.25,0.25
1989,5,22,NA,0,NA,0,NA,0.125,301.33,0.375,NA,0,NA,NA,0.125
1989,5,23,NA,0,751.32,0.75,NA,0,NA,0,NA,0,NA,NA,0
1989,5,24,NA,0,749.18,0.625,NA,0,NA,0,NA,0,NA,NA,0
1989,5,25,NA,0,750.84,1,NA,0,NA,0,NA,0,NA,NA,0
1989,5,26,NA,0,753.88,1,NA,0,NA,0,NA,0,NA,NA,0
1989,5,27,NA,0,NA,0,NA,0,NA,0,NA,0,NA,NA,0
1989,5,28,NA,0,NA,0,NA,0,NA,0,NA,0,NA,NA,0
1989,5,29,NA,0,NA,0.125,NA,0,NA,0,NA,0,NA,NA,0
1989,5,30,NA,0,NA,0,NA,0,NA,0,NA,0,NA,NA,0
1989,5,31,NA,0,NA,0,NA,0,NA,0,NA,0,NA,NA,0
1989,6,1,NA,0,NA,0,NA,0,NA,0,NA,0,NA,NA,0
1989,6,2,NA,0,NA,0,NA,0,NA,0,NA,0,NA,NA,0
1989,6,3,NA,0,NA,0,NA,0,NA,0,NA,0,NA,NA,0
1989,6,4,NA,0,NA,0,NA,0,NA,0,NA,0,NA,NA,0
1989,6,5,NA,0,NA,0,NA,0,NA,0,NA,0,NA,NA,0
1989,6,6,NA,0,NA,0,NA,0,NA,0,NA,0,NA,NA,0
1989,6,7,NA,0,NA,0,NA,0,NA,0,NA,0,NA,NA,0
1989,6,8,NA,0,NA,0,NA,0,NA,0,NA,0,NA,NA,0
1989,6,9,NA,0,NA,0,NA,0,NA,0,NA,0,NA,NA,0
1989,6,10,NA,0,NA,0.125,NA,0,NA,0,NA,0,NA,NA,0
1989,6,11,NA,0,NA,0,NA,0,NA,0,NA,0,NA,NA,0
1989,6,12,NA,0,NA,0,NA,0,NA,0,NA,0,NA,NA,0
1989,6,13,NA,0,NA,0,NA,0,NA,0,NA,0,NA,NA,0
1989,6,14,NA,0,757.3,0.625,NA,0,NA,0,NA,0,NA,NA,0
1989,6,15,NA,0,762.45,1,NA,0,NA,0,NA,0,NA,NA,0
1989,6,16,NA,0,758.71,1,NA,0,NA,0,NA,0,NA,NA,0
1989,6,17,NA,0,755.46,0.875,NA,0,NA,0,NA,0,NA,NA,0
1989,6,18,NA,0,NA,0.125,NA,0,NA,0,NA,0,NA,NA,0
1989,6,19,NA,0,NA,0,NA,0,NA,0,NA,0,NA,NA,0
1989,6,20,NA,0,757.4,0.375,NA,0,NA,0,NA,0,NA,NA,0
1989,6,21,NA,0,760.75,0.75,NA,0,NA,0,NA,0,NA,NA,0
1989,6,22,NA,0,755.32,1,NA,0,NA,0,NA,0,NA,NA,0
1989,6,23,NA,0,748.92,0.75,NA,0,NA,0,NA,0,NA,NA,0
1989,6,24,NA,0,NA,0,NA,0,NA,0,NA,0,NA,NA,0
1989,6,25,NA,0,NA,0,NA,0,NA,0,NA,0,NA,NA,0
1989,6,26,NA,0,NA,0,NA,0,NA,0,NA,0,NA,NA,0
1989,6,27,NA,0,NA,0,NA,0,NA,0,NA,0,NA,NA,0
1989,6,28,NA,0,NA,0,NA,0,NA,0,NA,0,NA,NA,0
1989,6,29,NA,0,753.6,0.375,NA,0,NA,0,NA,0,NA,NA,0
1989,6,30,NA,0,NA,0,NA,0,NA,0,NA,0,NA,NA,0
1989,7,1,NA,0,752.45,0.25,NA,0,NA,0,NA,0,NA,NA,0
1989,7,2,NA,0,NA,0,NA,0,NA,0,NA,0,NA,NA,0
1989,7,3,NA,0,759.1,0.375,NA,0,NA,0,NA,0,NA,NA,0
1989,7,4,NA,0,758.18,1,NA,0,NA,0,NA,0,NA,NA,0
1989,7,5,NA,0,762.99,1,NA,0,NA,0,NA,0,NA,NA,0
1989,7,6,NA,0,758.01,1,NA,0,NA,0,NA,0,NA,NA,0
1989,7,7,NA,0,753.33,1,NA,0,NA,0,NA,0,NA,NA,0
1989,7,8,NA,0,754.66,1,NA,0,NA,0,NA,0,NA,NA,0
1989,7,9,NA,0,746.63,1,NA,0,NA,0,NA,0,NA,NA,0
1989,7,10,NA,0,745.06,1,NA,0,NA,0,NA,0,NA,NA,0
1989,7,11,NA,0,737.4,0.25,NA,0,NA,0,NA,0,NA,NA,0
1989,7,12,NA,0,NA,0,NA,0,NA,0,NA,0,NA,NA,0
1989,7,13,NA,0,NA,0.125,NA,0,NA,0,NA,0,NA,NA,0
1989,7,14,NA,0,759.03,0.5,NA,0,NA,0,NA,0,NA,NA,0
1989,7,15,NA,0,NA,0,NA,0,NA,0,NA,0,NA,NA,0
1989,7,16,NA,0,764.63,0.875,NA,0,NA,0,NA,0,NA,NA,0
1989,7,17,NA,0,764.28,0.625,NA,0,NA,0,NA,0,NA,NA,0
1989,7,18,NA,0,769.73,0.5,NA,0,NA,0,NA,0,NA,NA,0
1989,7,19,NA,0,766.56,0.875,NA,0,NA,0,NA,0,NA,NA,0
1989,7,20,NA,0,766.6,0.875,NA,0,NA,0,NA,0,NA,NA,0
1989,7,21,NA,0,761.27,0.375,NA,0,NA,0,NA,0,NA,NA,0
1989,7,22,NA,0,758.13,0.875,NA,0,NA,0,NA,0,NA,NA,0
1989,7,23,NA,0,761.75,1,NA,0,NA,0,NA,0,NA,NA,0
1989,7,24,NA,0,751.49,1,NA,0,NA,0,NA,0,NA,NA,0
1989,7,25,NA,0,746.48,0.625,NA,0,NA,0,NA,0,NA,NA,0
1989,7,26,NA,0,746.88,0.625,NA,0,NA,0,NA,0,NA,NA,0
1989,7,27,NA,0,NA,0.125,NA,0,NA,0,NA,0,NA,NA,0
1989,7,28,NA,0,755.68,1,NA,0,NA,0,NA,0,NA,NA,0
1989,7,29,NA,0,777.96,0.875,NA,0,NA,0,NA,0,NA,NA,0
1989,7,30,NA,0,775.34,1,NA,0.125,312,0.625,NA,0,NA,NA,0.125
1989,7,31,NA,0,764.71,1,16,0.75,316.75,1,NA,0,15.76,317.79,0.75
1989,8,1,NA,0,756.72,0.625,12.33,0.75,324.25,1,NA,0,11.14,330.17,0.75
1989,8,2,NA,0,751.98,0.625,12.5,0.5,332,0.625,NA,0,11.79,338.59,0.375
1989,8,3,NA,0,748.19,0.875,21,0.25,319.43,0.875,NA,0,20.92,322.52,0.25
1989,8,4,NA,0,750.68,0.625,NA,0,310.5,0.5,NA,0,NA,NA,0
1989,8,5,NA,0,NA,0,NA,0,NA,0.125,NA,0,NA,NA,0
1989,8,6,NA,0,NA,0,NA,0,NA,0,NA,0,NA,NA,0
1989,8,7,NA,0,NA,0,NA,0,NA,0,NA,0,NA,NA,0
1989,8,8,NA,0,760.95,0.25,NA,0,NA,0,NA,0,NA,NA,0
1989,8,9,NA,0,773.39,1,NA,0,NA,0,NA,0,NA,NA,0
1989,8,10,NA,0,767.64,1,NA,0,NA,0,NA,0,NA,NA,0
1989,8,11,NA,0,762.99,0.875,NA,0,NA,0,NA,0,NA,NA,0
1989,8,12,NA,0,759.5,0.25,NA,0,NA,0,NA,0,NA,NA,0
1989,8,13,NA,0,NA,0,NA,0,NA,0,NA,0,NA,NA,0
1989,8,14,NA,0,NA,0,NA,0,NA,0,NA,0,NA,NA,0
1989,8,15,NA,0,NA,0,NA,0,NA,0,NA,0,NA,NA,0
1989,8,16,NA,0,NA,0,NA,0,NA,0,NA,0,NA,NA,0
1989,8,17,NA,0,NA,0,NA,0,NA,0,NA,0,NA,NA,0
1989,8,18,NA,0,NA,0,NA,0,NA,0,NA,0,NA,NA,0
1989,8,19,NA,0,745.85,0.25,NA,0,NA,0,NA,0,NA,NA,0
1989,8,20,NA,0,745.9,0.5,NA,0,NA,0,NA,0,NA,NA,0
1989,8,21,NA,0,NA,0,NA,0,NA,0,NA,0,NA,NA,0
1989,8,22,NA,0,NA,0,NA,0,NA,0,NA,0,NA,NA,0
1989,8,23,NA,0,NA,0,NA,0,NA,0,NA,0,NA,NA,0
1989,8,24,NA,0,NA,0.125,NA,0,NA,0,NA,0,NA,NA,0
1989,8,25,NA,0,765.44,0.625,NA,0,NA,0,NA,0,NA,NA,0
1989,8,26,NA,0,762.45,0.25,NA,0,NA,0,NA,0,NA,NA,0
1989,8,27,NA,0,770.27,0.75,NA,0,NA,0,NA,0,NA,NA,0
1989,8,28,NA,0,773.03,1,NA,0,NA,0,NA,0,NA,NA,0
1989,8,29,NA,0,780.11,1,NA,0,NA,0,NA,0,NA,NA,0
1989,8,30,NA,0,772.83,1,NA,0,NA,0,NA,0,NA,NA,0
1989,8,31,NA,0,774.04,1,NA,0,NA,0,NA,0,NA,NA,0
1989,9,1,NA,0,774.51,1,NA,0,NA,0,NA,0,NA,NA,0
1989,9,2,NA,0,770.33,0.875,NA,0,NA,0,NA,0,NA,NA,0
1989,9,3,NA,0,769.79,1,NA,0,NA,0,NA,0,NA,NA,0
1989,9,4,NA,0,769.05,1,NA,0,NA,0,NA,0,NA,NA,0
1989,9,5,NA,0,765.63,0.875,NA,0,NA,0,NA,0,NA,NA,0
1989,9,6,NA,0,762,0.375,NA,0,NA,0,NA,0,NA,NA,0
1989,9,7,NA,0,760.58,0.625,NA,0,NA,0,NA,0,NA,NA,0
1989,9,8,NA,0,760.89,0.875,NA,0,NA,0,NA,0,NA,NA,0
1989,9,9,NA,0,763.58,0.5,NA,0,NA,0,NA,0,NA,NA,0
1989,9,10,NA,0,770.41,1,NA,0,NA,0,NA,0,NA,NA,0
1989,9,11,NA,0,766.79,1,NA,0,NA,0,NA,0,NA,NA,0
1989,9,12,NA,0,774.32,1,NA,0,NA,0,NA,0,NA,NA,0
1989,9,13,NA,0,759.99,1,NA,0,NA,0,NA,0,NA,NA,0
1989,9,14,NA,0,756.63,1,NA,0,NA,0,NA,0,NA,NA,0
1989,9,15,NA,0,754.83,0.875,21.75,0.5,305.5,0.5,NA,0,22.41,303.33,0.25
1989,9,16,NA,0,756.19,1,8.67,0.375,258,1,NA,0,6.9,241.07,0.375
1989,9,17,NA,0,765.74,1,16,0.5,318,1,NA,0,15.94,322.69,0.5
1989,9,18,NA,0,767.11,0.875,19.83,0.75,319.25,1,NA,0,19.18,322.52,0.75
1989,9,19,NA,0,777.81,1,6,0.25,245.5,1,NA,0,5.92,214.64,0.25
1989,9,20,NA,0,775.71,1,10.5,0.5,289.25,1,NA,0,8.98,301.48,0.5
1989,9,21,NA,0,774.84,1,11,0.375,313,1,NA,0,10.97,310.72,0.375
1989,9,22,NA,0,776.57,1,NA,0,310.5,1,NA,0,NA,NA,0
1989,9,23,NA,0,771.06,1,NA,0.125,318,1,NA,0,NA,NA,0.125
1989,9,24,NA,0,761.44,1,20.86,0.875,309.43,0.875,NA,0,21.18,309.72,0.75
1989,9,25,NA,0,752.59,1,16.86,0.875,303,0.25,NA,0,NA,NA,0.125
1989,9,26,NA,0,747.44,1,16.2,0.625,312,0.625,NA,0,16.44,315.49,0.5
1989,9,27,NA,0,736.84,0.875,21.25,0.5,316.75,1,NA,0,21.03,321.43,0.5
1989,9,28,NA,0,738.56,0.875,16.57,0.875,318,0.875,NA,0,16.36,317.78,0.875
1989,9,29,NA,0,741,0.375,16,0.625,316.33,0.75,NA,0,15.49,314.51,0.625
1989,9,30,NA,0,740.17,0.375,18.33,0.75,311.75,1,NA,0,18.17,313.03,0.75
1989,10,1,NA,0,748.11,1,12.25,0.5,311.75,1,NA,0,11.43,301.28,0.5
1989,10,2,NA,0,751.06,0.875,15,0.25,316.75,1,NA,0,15,308,0.25
1989,10,3,NA,0,762.43,0.875,13.43,0.875,314.25,1,NA,0,13.27,314.29,0.875
1989,10,4,NA,0,769.63,1,20.75,0.5,321.75,1,NA,0,20.53,320.3,0.5
1989,10,5,NA,0,761.94,1,19.2,0.625,310.5,1,NA,0,19.15,309.97,0.625
1989,10,6,NA,0,760.84,1,18.12,1,305.5,1,NA,0,18,305.79,1
1989,10,7,NA,0,758.54,1,12.5,0.25,284.25,1,NA,0,12.31,319.21,0.25
1989,10,8,NA,0,766.04,1,17.6,0.625,325.5,0.5,NA,0,NA,NA,0.125
1989,10,9,NA,0,764.54,1,16,0.75,314.25,1,NA,0,15.73,316.99,0.75
1989,10,10,NA,0,770.28,1,8.67,0.375,285.5,1,NA,0,7.15,301.88,0.375
1989,10,11,NA,0,770.91,1,NA,0.125,249.25,1,NA,0,NA,NA,0.125
1989,10,12,NA,0,765.99,1,12.6,0.625,324.25,1,NA,0,12.24,319.61,0.625
1989,10,13,NA,0,761.63,1,16.8,0.625,313,0.75,NA,0,13.74,309.9,0.375
1989,10,14,NA,0,764.02,1,13.75,0.5,306.33,0.75,NA,0,9.18,295.42,0.25
1989,10,15,NA,0,763.53,0.75,14.67,0.375,323,0.5,NA,0,NA,NA,0.125
1989,10,16,NA,0,762.76,1,19.5,0.5,314.25,1,NA,0,19.15,311.17,0.5
1989,10,17,NA,0,756.79,1,9,0.625,231.75,1,NA,0,6.47,221.55,0.625
1989,10,18,NA,0,754.64,1,17.4,0.625,313,1,NA,0,17.34,315.02,0.625
1989,10,19,NA,0,749.4,1,15.4,0.625,308,1,NA,0,15.31,308.65,0.625
1989,10,20,NA,0,750.4,1,10.6,0.625,318,1,NA,0,10.23,326.71,0.625
1989,10,21,NA,0,744.3,1,14.75,0.5,299.25,1,NA,0,13.42,310.62,0.5
1989,10,22,NA,0,741.57,0.875,16.62,1,306.75,1,NA,0,16.41,307.24,1
1989,10,23,NA,0,744.05,1,9.6,0.625,225.5,1,NA,0,4.43,241.41,0.625
1989,10,24,NA,0,749.04,1,10,0.25,193.71,0.875,NA,0,9.76,170.54,0.25
1989,10,25,NA,0,744.89,1,14.5,0.25,306.75,1,NA,0,14.29,300.44,0.25
1989,10,26,NA,0,739.24,1,20.5,0.5,314.25,1,NA,0,20.3,311.07,0.5
1989,10,27,NA,0,751.04,1,14.25,0.5,306.75,1,NA,0,14.14,308.53,0.5
1989,10,28,NA,0,754.6,1,11,0.75,315.5,1,NA,0,10.81,315.76,0.75
1989,10,29,NA,0,743.16,1,16.67,0.375,320.5,1,NA,0,16.49,317.6,0.375
1989,10,30,NA,0,737.64,1,16.5,0.5,310.5,1,NA,0,16.27,310.69,0.5
1989,10,31,NA,0,741.46,1,17.33,0.75,296,0.625,NA,0,17.45,295.95,0.625
1989,11,1,NA,0,741.98,1,9,0.25,288,1,NA,0,8.89,302.48,0.25
1989,11,2,NA,0,743.05,1,14.14,0.875,309.25,1,NA,0,13.82,310.16,0.875
1989,11,3,NA,0,742.69,1,9.33,0.375,290.5,1,NA,0,9.3,302.64,0.375
1989,11,4,NA,0,747.78,1,16.17,0.75,311.33,0.375,NA,0,NA,NA,0.125
1989,11,5,NA,0,745.58,1,15.67,0.75,305.14,0.875,NA,0,15.17,310.69,0.625
1989,11,6,NA,0,745.54,1,14.71,0.875,318,1,NA,0,14.4,318.45,0.875
1989,11,7,NA,0,749.57,1,8,0.375,283,1,NA,0,6.39,290.36,0.375
1989,11,8,NA,0,752.28,1,12.57,0.875,300.86,0.875,NA,0,12.25,299.76,0.75
1989,11,9,NA,0,749.11,1,11,0.5,268,0.75,NA,0,9.96,301.66,0.375
1989,11,10,NA,0,749.43,1,11.86,0.875,165.5,1,NA,0,11.68,166.1,0.875
1989,11,11,NA,0,756.4,1,16,0.5,156.75,1,NA,0,15.69,157.46,0.5
1989,11,12,NA,0,758.75,1,10.83,0.75,194.25,1,NA,0,8.64,142.25,0.75
1989,11,13,NA,0,756.06,1,6.86,0.875,271.75,1,NA,0,6.35,272.56,0.875
1989,11,14,NA,0,754.91,1,10.75,0.5,288,1,NA,0,10.66,288.23,0.5
1989,11,15,NA,0,760.04,1,12,0.75,296.75,1,NA,0,11.9,301.35,0.75
1989,11,16,NA,0,758.48,1,12.5,0.25,301.75,1,NA,0,12.46,300.8,0.25
1989,11,17,NA,0,757.41,1,NA,0.125,285.5,1,NA,0,NA,NA,0.125
1989,11,18,NA,0,762.61,1,11,0.5,171.75,1,NA,0,10.14,179.11,0.5
1989,11,19,NA,0,762.87,1,9.67,0.375,283,1,NA,0,9.57,308.69,0.375
1989,11,20,NA,0,760.34,1,8.8,0.625,284.25,1,NA,0,7.55,292.47,0.625
1989,11,21,NA,0,757.88,1,10,0.375,288,1,NA,0,9.36,299.05,0.375
1989,11,22,NA,0,759.15,1,7.33,0.375,236.75,1,NA,0,7.31,154.37,0.375
1989,11,23,NA,0,762.95,1,14.5,0.25,308,1,NA,0,14.45,303.86,0.25
1989,11,24,NA,0,764.78,1,6,0.25,238,1,NA,0,5.5,261.84,0.25
1989,11,25,NA,0,767.76,1,9.67,0.375,298,1,NA,0,9.67,308,0.375
1989,11,26,NA,0,766.46,1,12.5,0.5,294.25,1,NA,0,12.47,299.8,0.5
1989,11,27,NA,0,765.79,1,4.67,0.375,218,1,NA,0,4.29,275.19,0.375
1989,11,28,NA,0,769.53,1,9.75,0.5,275.5,1,NA,0,9.65,299.55,0.5
1989,11,29,NA,0,769.38,1,NA,0.125,216.75,1,NA,0,NA,NA,0.125
1989,11,30,NA,0,764.69,1,7.8,0.625,219.25,1,NA,0,5.86,216.47,0.625
1989,12,1,NA,0,762.31,1,6.86,0.875,190.5,1,NA,0,4.77,188.92,0.875
1989,12,2,NA,0,766.55,1,5.8,0.625,251.75,1,NA,0,4.69,273.19,0.625
1989,12,3,NA,0,763.43,1,9.6,0.625,292,0.625,NA,0,5.31,274.4,0.25
1989,12,4,NA,0,760.68,1,12.25,0.5,302.29,0.875,NA,0,12,308,0.375
1989,12,5,NA,0,768.95,1,7,0.375,288,1,NA,0,6.78,283.68,0.375
1989,12,6,NA,0,774.88,1,10,0.75,200.5,1,NA,0,9.84,186.87,0.75
1989,12,7,NA,0,774.07,1,6.4,0.625,249.25,1,NA,0,4.35,247.97,0.625
1989,12,8,NA,0,774.15,1,7,0.875,291.75,1,NA,0,6.69,302.4,0.875
1989,12,9,NA,0,774.64,1,5,0.875,249.25,1,NA,0,4.08,243,0.875
1989,12,10,NA,0,772.86,1,6.8,0.625,234.67,0.75,NA,0,3.63,174.4,0.375
1989,12,11,NA,0,772.51,1,10,0.375,292.29,0.875,NA,0,8.89,291,0.25
1989,12,12,NA,0,774.26,1,6.2,0.625,284.25,1,NA,0,3.91,329.76,0.625
1989,12,13,NA,0,774.89,1,8.2,0.625,163,1,NA,0,7.95,166.52,0.625
1989,12,14,NA,0,771.78,1,12.86,0.875,164,0.625,NA,0,12.95,162.81,0.5
1989,12,15,NA,0,771.1,1,11,0.5,125.43,0.875,NA,0,9,155.77,0.375
1989,12,16,NA,0,772.54,1,3.86,0.875,189.43,0.875,NA,0,1.9,211.26,0.875
1989,12,17,NA,0,773.61,1,3.5,0.5,269.25,1,NA,0,2.09,208.57,0.5
1989,12,18,NA,0,771.14,1,6.67,0.375,251.75,1,NA,0,4.67,284.22,0.375
1989,12,19,NA,0,768.73,1,10.86,0.875,309.43,0.875,NA,0,10.49,309.67,0.75
1989,12,20,NA,0,767.85,1,9.75,1,298,1,NA,0,9.45,299.95,1
1989,12,21,NA,0,773.25,1,9,0.375,268,1,NA,0,8.4,301.79,0.375
1989,12,22,NA,0,772.5,1,6.67,0.375,275.5,1,NA,0,5.1,297.37,0.375
1989,12,23,NA,0,774.34,1,9.67,0.375,289.25,1,NA,0,9.52,296.95,0.375
1989,12,24,NA,0,778.56,1,NA,0.125,245.5,1,NA,0,NA,NA,0.125
1989,12,25,NA,0,774.29,1,9,0.25,194.25,1,NA,0,8.86,198,0.25
1989,12,26,NA,0,768.2,1,9.33,0.375,256.75,1,NA,0,5.9,270.08,0.375
1989,12,27,NA,0,768.64,1,8.67,0.375,309.25,1,NA,0,8.28,318.08,0.375
1989,12,28,NA,0,769.83,1,16.25,0.5,300.5,1,NA,0,16.19,333.23,0.5
1989,12,29,NA,0,762.63,1,4,0.25,170.5,1,NA,0,3.46,248,0.25
1989,12,30,NA,0,765.69,1,9.25,0.5,170.5,1,NA,0,9.02,160.04,0.5
1989,12,31,NA,0,770.16,1,6.43,0.875,201.75,1,NA,0,4.32,198.43,0.875
1990,1,1,NA,0,768.56,1,4.43,0.875,273,1,NA,0,2.01,255.75,0.875
1990,1,2,NA,0,768.74,1,5.2,0.625,245.14,0.875,NA,0,2.93,272.97,0.625
1990,1,3,NA,0,770.32,1,7,0.375,261.75,1,NA,0,5.58,300.97,0.375
1990,1,4,NA,0,764.76,1,13.5,1,311.75,1,NA,0,13.15,312.25,1
1990,1,5,NA,0,766.45,1,6.2,0.625,300.5,1,NA,0,5.02,308.65,0.625
1990,1,6,NA,0,770.83,1,8,0.5,211.75,1,NA,0,5.5,264.8,0.5
1990,1,7,NA,0,771.69,1,5.8,0.625,276.75,1,NA,0,4.81,273.24,0.625
1990,1,8,NA,0,766.44,1,9.4,0.625,306,0.625,NA,0,9.96,302.25,0.5
1990,1,9,NA,0,763.18,1,7.25,0.5,184,0.625,NA,0,NA,NA,0.125
1990,1,10,NA,0,767.33,1,9.33,0.375,190.5,1,NA,0,2.89,167.59,0.375
1990,1,11,NA,0,772.03,1,6.43,0.875,271.75,1,NA,0,5.29,264.74,0.875
1990,1,12,NA,0,773.29,1,9.67,0.375,295.5,1,NA,0,9.64,305.94,0.375
1990,1,13,NA,0,775.53,1,5.33,0.375,291.75,1,NA,0,4.81,291.26,0.375
1990,1,14,NA,0,779.01,1,4.67,0.375,214.25,1,NA,0,4,191.51,0.375
1990,1,15,NA,0,775.68,1,6.57,0.875,228,1,NA,0,5.6,202.28,0.875
1990,1,16,NA,0,778.23,1,8,0.375,206,0.625,NA,0,2.78,223.63,0.25
1990,1,17,NA,0,780.44,1,7.6,0.625,279.25,1,NA,0,6.87,295.95,0.625
1990,1,18,NA,0,777.4,1,11.2,0.625,302.29,0.875,NA,0,11.07,298.72,0.625
1990,1,19,NA,0,776.7,0.25,NA,0.125,293,0.25,NA,0,NA,NA,0.125
1990,1,20,NA,0,778.69,1,2.5,0.25,293.75,1,NA,0,2.48,276.04,0.25
1990,1,21,NA,0,776.79,1,11.75,1,306,0.625,NA,0,10.3,306.52,0.625
1990,1,22,NA,0,772.06,1,4,0.625,203.75,1,NA,0,3.57,177.54,0.625
1990,1,23,NA,0,774.24,1,5.6,0.625,197.5,1,NA,0,4.31,177.19,0.625
1990,1,24,NA,0,775.09,1,7.83,0.75,282.5,1,NA,0,7.38,285.63,0.75
1990,1,25,NA,0,769.11,1,5.75,0.5,215,1,NA,0,2.72,225.98,0.5
1990,1,26,NA,0,759.94,1,11.4,0.625,271.25,1,NA,0,9,295,0.625
1990,1,27,NA,0,762.29,1,12.33,0.75,298.75,1,NA,0,12.24,304.34,0.75
1990,1,28,NA,0,772.61,1,9.67,0.375,282.5,1,NA,0,8.89,318.4,0.375
1990,1,29,NA,0,767.21,1,NA,0.125,298.75,1,NA,0,NA,NA,0.125
1990,1,30,NA,0,756.18,1,9.43,0.875,296.25,1,NA,0,9.3,295.46,0.875
1990,1,31,NA,0,756.01,1,6.2,0.625,242.86,0.875,NA,0,4.49,274.32,0.5
1990,2,1,NA,0,756.33,1,6,0.5,305,0.75,NA,0,5.63,282.54,0.25
1990,2,2,NA,0,762.35,0.25,NA,0.125,295,0.25,NA,0,NA,NA,0.125
1990,2,3,NA,0,NA,0,NA,0,NA,0,NA,0,NA,NA,0
1990,2,4,NA,0,NA,0,NA,0,NA,0,NA,0,NA,NA,0
1990,2,5,NA,0,NA,0,NA,0,NA,0,NA,0,NA,NA,0
1990,2,6,NA,0,NA,0,NA,0,NA,0,NA,0,NA,NA,0
1990,2,7,NA,0,NA,0,NA,0,NA,0,NA,0,NA,NA,0
1990,2,8,NA,0,NA,0,NA,0,NA,0,NA,0,NA,NA,0
1990,2,9,NA,0,NA,0,NA,0,NA,0,NA,0,NA,NA,0
1990,2,10,NA,0,NA,0,NA,0,NA,0,NA,0,NA,NA,0
1990,2,11,NA,0,NA,0,NA,0,NA,0,NA,0,NA,NA,0
1990,2,12,NA,0,NA,0,NA,0,NA,0,NA,0,NA,NA,0
1990,2,13,NA,0,NA,0,NA,0,NA,0,NA,0,NA,NA,0
1990,2,14,NA,0,NA,0,NA,0,NA,0,NA,0,NA,NA,0
1990,2,15,NA,0,NA,0,NA,0,NA,0,NA,0,NA,NA,0
1990,2,16,NA,0,NA,0,NA,0,NA,0,NA,0,NA,NA,0
1990,2,17,NA,0,NA,0,NA,0,NA,0,NA,0,NA,NA,0
1990,2,18,NA,0,777.83,0.375,14.67,0.375,306.67,0.375,NA,0,13.44,306.56,0.375
1990,2,19,NA,0,776.11,1,11.83,0.75,313.75,1,NA,0,11.61,313.22,0.75
1990,2,20,NA,0,778.96,1,19,0.25,308.33,0.75,NA,0,NA,NA,0.125
1990,2,21,NA,0,774.64,1,18,0.5,305,0.5,NA,0,17.43,305.14,0.25
1990,2,22,NA,0,762.61,1,16.5,0.5,288.75,1,NA,0,16.15,290.69,0.5
1990,2,23,NA,0,759.28,1,11,0.875,291.43,0.875,NA,0,11.08,292.4,0.75
1990,2,24,NA,0,769.95,1,5.5,0.25,207.5,1,NA,0,5.5,180,0.25
1990,2,25,NA,0,768.31,1,17.6,0.625,312.5,1,NA,0,17.44,318.29,0.625
1990,2,26,NA,0,757.24,1,20.2,0.625,300,1,NA,0,19.9,301.5,0.625
1990,2,27,NA,0,755.33,0.875,3.83,0.75,265.71,0.875,NA,0,3.42,282.86,0.75
1990,2,28,NA,0,766.18,1,4,0.625,260,1,NA,0,3.06,255.79,0.625
1990,3,1,NA,0,767.55,1,15.57,0.875,310,1,NA,0,15.5,309.72,0.875
1990,3,2,NA,0,768.08,1,16.17,0.75,307.5,0.5,NA,0,18.61,307.33,0.375
1990,3,3,NA,0,768.73,1,14,0.375,292.5,1,NA,0,13.95,283.09,0.375
1990,3,4,NA,0,769.78,1,22.33,0.75,NA,0.125,NA,0,NA,NA,0
1990,3,5,NA,0,769.48,1,24.67,0.75,353.33,0.375,NA,0,NA,NA,0.125
1990,3,6,NA,0,771.61,1,13,0.625,292.5,1,NA,0,12.9,293.24,0.625
1990,3,7,NA,0,765.51,1,15.2,0.625,287.5,1,NA,0,15.15,286.32,0.625
1990,3,8,NA,0,765.07,1,12,0.5,280,1,NA,0,11.86,284.96,0.5
1990,3,9,NA,0,767.8,1,17,0.25,328.75,1,NA,0,17,350,0.25
1990,3,10,NA,0,765.39,1,9.4,0.625,251.25,1,NA,0,4.11,288.79,0.625
1990,3,11,NA,0,763.59,1,10,0.5,146.25,1,NA,0,6.69,114.4,0.5
1990,3,12,NA,0,767.54,1,8.75,0.5,277.5,0.5,NA,0,5.92,283.36,0.25
1990,3,13,NA,0,767.51,1,16.6,0.625,NA,0.125,NA,0,NA,NA,0.125
1990,3,14,NA,0,761.96,1,20,0.375,305,0.75,NA,0,18.93,305,0.25
1990,3,15,NA,0,757.34,1,18.5,0.5,312.5,1,NA,0,18.43,314.59,0.5
1990,3,16,NA,0,758,1,13.8,0.625,302.5,1,NA,0,13.41,305.06,0.625
1990,3,17,NA,0,762.74,1,15.71,0.875,301.25,1,NA,0,15.47,300.77,0.875
1990,3,18,NA,0,762.69,1,22,0.625,301.25,1,NA,0,21.87,300.18,0.625
1990,3,19,NA,0,761.15,1,20.38,1,295,0.5,NA,0,20.17,294.81,0.5
1990,3,20,NA,0,762.35,1,17,0.5,297.5,1,NA,0,16.83,297.34,0.5
1990,3,21,NA,0,766.36,1,13.62,1,298,0.625,NA,0,14.56,297.95,0.625
1990,3,22,NA,0,774.66,1,13.57,0.875,303.75,1,NA,0,13.48,305.17,0.875
1990,3,23,NA,0,779.05,1,12.6,0.625,311.43,0.875,NA,0,11.95,315.21,0.5
1990,3,24,NA,0,772.64,1,17.75,0.5,310,1,NA,0,17.69,312.95,0.5
1990,3,25,NA,0,764.34,1,18.4,0.625,300,0.375,NA,0,NA,NA,0
1990,3,26,NA,0,760.47,0.75,21,0.625,306.67,0.75,NA,0,20.79,306.17,0.625
1990,3,27,NA,0,NA,0,NA,0,NA,0,NA,0,NA,NA,0
1990,3,28,NA,0,NA,0,NA,0,NA,0,NA,0,NA,NA,0
1990,3,29,NA,0,762.93,0.375,16.33,0.375,300,0.375,NA,0,16.17,300,0.375
1990,3,30,NA,0,765.7,1,20.5,0.75,303.75,1,NA,0,20.42,305.29,0.75
1990,3,31,NA,0,NA,0,NA,0,NA,0,NA,0,NA,NA,0
1990,4,1,NA,0,NA,0.125,NA,0.125,NA,0.125,NA,0,NA,NA,0.125
1990,4,2,NA,0,NA,0,NA,0,NA,0,NA,0,NA,NA,0
1990,4,3,NA,0,NA,0,NA,0,NA,0,NA,0,NA,NA,0
1990,4,4,NA,0,765.53,0.5,16.5,0.5,287.5,0.5,NA,0,16.45,287.58,0.5
1990,4,5,NA,0,769.16,0.625,17,0.625,294,0.625,NA,0,16.94,294.23,0.625
1990,4,6,NA,0,779.24,1,9.5,0.5,253.75,1,NA,0,5.92,266.68,0.5
1990,4,7,NA,0,782.03,1,15.75,0.5,295,1,NA,0,15.66,301.91,0.5
1990,4,8,NA,0,774.34,0.875,20,0.25,308.57,0.875,NA,0,20,310,0.25
1990,4,9,NA,0,NA,0,NA,0,NA,0,NA,0,NA,NA,0
1990,4,10,NA,0,NA,0,NA,0,NA,0,NA,0,NA,NA,0
1990,4,11,NA,0,771.57,0.5,19.25,0.5,295,0.25,NA,0,19.92,295,0.25
1990,4,12,NA,0,773.8,1,18.29,0.875,311.43,0.875,NA,0,17.86,311.16,0.75
1990,4,13,NA,0,772.55,1,20.29,0.875,314,0.625,NA,0,19.33,313.91,0.625
1990,4,14,NA,0,NA,0.125,NA,0.125,NA,0,NA,0,NA,NA,0
1990,4,15,NA,0,NA,0,NA,0,NA,0,NA,0,NA,NA,0
1990,4,16,NA,0,762.92,0.75,22,0.375,303.33,0.75,NA,0,21.92,306.52,0.375
1990,4,17,NA,0,766.19,1,21.25,0.5,300,1,NA,0,20.69,297.2,0.5
1990,4,18,NA,0,766.29,1,22,1,303.75,1,NA,0,21.59,304.07,1
1990,4,19,NA,0,766.53,0.375,22.5,0.25,296.67,0.375,NA,0,22.41,294.67,0.25
1990,4,20,NA,0,NA,0,NA,0,NA,0,NA,0,NA,NA,0
1990,4,21,NA,0,NA,0,NA,0,NA,0,NA,0,NA,NA,0
1990,4,22,NA,0,NA,0,NA,0,NA,0,NA,0,NA,NA,0
1990,4,23,NA,0,NA,0,NA,0,NA,0,NA,0,NA,NA,0
1990,4,24,NA,0,NA,0,NA,0,NA,0,NA,0,NA,NA,0
1990,4,25,NA,0,NA,0,NA,0,NA,0,NA,0,NA,NA,0
1990,4,26,NA,0,NA,0,NA,0,NA,0,NA,0,NA,NA,0
1990,4,27,NA,0,788.72,0.5,13,0.375,305,0.5,NA,0,12.81,308.19,0.375
1990,4,28,NA,0,788.5,1,12.2,0.625,260,1,NA,0,10.74,293,0.625
1990,4,29,NA,0,791,1,12.8,0.625,226.25,1,NA,0,6.09,233.62,0.625
1990,4,30,NA,0,793.93,1,17,1,298,0.625,NA,0,19.15,298.03,0.625
1990,5,1,NA,0,790.32,1,22,1,306.25,1,NA,0,21.92,306.42,1
1990,5,2,NA,0,785.86,1,18.67,0.375,313.75,1,NA,0,18.41,313.24,0.375
1990,5,3,NA,0,784,1,14,0.75,295,1,NA,0,13.9,294.06,0.75
1990,5,4,NA,0,784.16,1,20,0.875,300,0.25,NA,0,21.67,300.46,0.25
1990,5,5,NA,0,786.64,1,19.38,1,300,0.5,NA,0,18.36,299.73,0.5
1990,5,6,NA,0,784.53,0.375,20,0.375,306.67,0.375,NA,0,19.93,306.67,0.375
1990,5,7,NA,0,789.73,0.375,12.33,0.375,303.33,0.375,NA,0,12.29,303.24,0.375
1990,5,8,NA,0,792.48,1,9.2,0.625,297.5,1,NA,0,9.18,301.3,0.625
1990,5,9,NA,0,793.94,1,11.5,1,293.75,1,NA,0,11.46,293.69,1
1990,5,10,NA,0,795.33,1,12,1,302,0.625,NA,0,11.64,301.65,0.625
1990,5,11,NA,0,787.8,1,13.6,0.625,303.75,1,NA,0,13.55,303.97,0.625
1990,5,12,NA,0,776.23,0.375,16,0.375,303.33,0.375,NA,0,15.95,303.33,0.375
1990,5,13,NA,0,775.9,0.625,13.8,0.625,295,0.5,NA,0,13.7,295.09,0.5
1990,5,14,NA,0,777.63,1,13.12,1,NA,0.125,NA,0,NA,NA,0.125
1990,5,15,NA,0,770.09,1,10.5,0.75,255,0.5,NA,0,10.83,300,0.25
1990,5,16,NA,0,766.31,1,12.8,0.625,162.86,0.875,NA,0,14.84,160.84,0.5
1990,5,17,NA,0,766.49,1,17.33,0.375,266.25,1,NA,0,17.27,303.65,0.375
1990,5,18,NA,0,764,0.25,17,0.25,305,0.25,NA,0,16.94,305.59,0.25
1990,5,19,NA,0,NA,0.125,NA,0.125,NA,0.125,NA,0,NA,NA,0.125
1990,5,20,NA,0,757.91,0.875,15.57,0.875,307.5,0.5,NA,0,15.71,307.62,0.5
1990,5,21,NA,0,759.68,0.75,20,0.75,293.33,0.375,NA,0,19.94,293,0.375
1990,5,22,NA,0,NA,0,NA,0,NA,0,NA,0,NA,NA,0
1990,5,23,NA,0,NA,0,NA,0,NA,0,NA,0,NA,NA,0
1990,5,24,NA,0,NA,0.125,NA,0.125,NA,0.125,NA,0,NA,NA,0.125
1990,5,25,NA,0,755.03,0.875,17,0.625,322.86,0.875,NA,0,16.73,336.01,0.625
1990,5,26,NA,0,763.52,0.75,14.2,0.625,288.33,0.75,NA,0,14.17,288.03,0.625
1990,5,27,NA,0,767.45,0.75,11.83,0.75,288.33,0.75,NA,0,11.76,287.74,0.75
1990,5,28,NA,0,766.65,1,6.25,0.5,186.25,1,NA,0,6.2,166.39,0.5
1990,5,29,NA,0,768.58,1,9,0.75,272.5,1,NA,0,6.79,299.42,0.75
1990,5,30,NA,0,769.05,1,15,0.625,296.25,1,NA,0,14.66,296.8,0.625
1990,5,31,NA,0,762.19,0.875,17.43,0.875,298.57,0.875,NA,0,17.33,298.85,0.875
1990,6,1,NA,0,NA,0,NA,0,NA,0,NA,0,NA,NA,0
1990,6,2,NA,0,NA,0,NA,0,NA,0,NA,0,NA,NA,0
1990,6,3,NA,0,776.47,0.375,14.67,0.375,290,0.375,NA,0,14.51,290.23,0.375
1990,6,4,NA,0,771.6,1,14.14,0.875,285,1,NA,0,14.06,288.79,0.875
1990,6,5,NA,0,760.45,1,6.75,0.5,198.33,0.75,NA,0,4.8,184.5,0.5
1990,6,6,NA,0,763.73,1,14.67,0.375,302.86,0.875,NA,0,14.54,302.28,0.375
1990,6,7,NA,0,760.45,1,19,0.75,300,0.625,NA,0,17.76,300.82,0.375
1990,6,8,NA,0,753.22,0.75,16.67,0.375,281.67,0.75,NA,0,16.61,283.4,0.375
1990,6,9,NA,0,NA,0.125,NA,0.125,NA,0.125,NA,0,NA,NA,0.125
1990,6,10,NA,0,766.66,1,15.75,0.5,293.75,1,NA,0,15.02,287.72,0.5
1990,6,11,NA,0,756.07,0.375,24.33,0.375,313.33,0.375,NA,0,24.25,313.28,0.375
1990,6,12,NA,0,NA,0.125,NA,0.125,NA,0.125,NA,0,NA,NA,0.125
1990,6,13,NA,0,761.61,0.875,17.5,0.25,306,0.625,NA,0,17.24,308.56,0.25
1990,6,14,NA,0,NA,0.125,NA,0.125,NA,0.125,NA,0,NA,NA,0.125
1990,6,15,NA,0,NA,0,NA,0,NA,0,NA,0,NA,NA,0
1990,6,16,NA,0,NA,0,NA,0,NA,0,NA,0,NA,NA,0
1990,6,17,NA,0,773.43,0.375,20.33,0.375,300,0.375,NA,0,20.33,300,0.375
1990,6,18,NA,0,NA,0,NA,0,NA,0,NA,0,NA,NA,0
1990,6,19,NA,0,NA,0,NA,0,NA,0,NA,0,NA,NA,0
1990,6,20,NA,0,NA,0,NA,0,NA,0,NA,0,NA,NA,0
1990,6,21,NA,0,NA,0,NA,0,NA,0,NA,0,NA,NA,0
1990,6,22,NA,0,764.57,0.375,NA,0,NA,0,NA,0,NA,NA,0
1990,6,23,NA,0,768.2,0.875,NA,0,NA,0,NA,0,NA,NA,0
1990,6,24,NA,0,NA,0.125,NA,0,NA,0,NA,0,NA,NA,0
1990,6,25,NA,0,765.81,0.875,NA,0,NA,0,NA,0,NA,NA,0
1990,6,26,NA,0,762.88,0.625,NA,0,NA,0,NA,0,NA,NA,0
1990,6,27,NA,0,765.3,0.375,NA,0,NA,0,NA,0,NA,NA,0
1990,6,28,NA,0,NA,0,NA,0,NA,0,NA,0,NA,NA,0
1990,6,29,NA,0,NA,0,NA,0,NA,0,NA,0,NA,NA,0
1990,6,30,NA,0,778.63,0.375,NA,0,NA,0,NA,0,NA,NA,0
1990,7,1,NA,0,774.44,1,NA,0,NA,0,NA,0,NA,NA,0
1990,7,2,NA,0,778.33,1,NA,0,NA,0,NA,0,NA,NA,0
1990,7,3,NA,0,787.23,0.875,15.33,0.375,316.67,0.375,NA,0,15.28,316.31,0.375
1990,7,4,NA,0,786.55,1,17,0.25,305,1,NA,0,16.75,311.78,0.25
1990,7,5,NA,0,787.31,1,20.33,0.375,302.5,1,NA,0,19.64,304.25,0.375
1990,7,6,NA,0,790.2,1,17.43,0.875,300,1,NA,0,17.35,300,0.875
1990,7,7,NA,0,774.87,1,17.17,0.75,296.25,1,NA,0,16.88,298.57,0.75
1990,7,8,NA,0,765.93,0.375,17,0.375,290,0.375,NA,0,17,290,0.375
1990,7,9,NA,0,769.15,0.75,15.8,0.625,290,0.75,NA,0,15.76,292.27,0.625
1990,7,10,NA,0,772.93,1,8.43,0.875,281.25,1,NA,0,8.31,282.22,0.875
1990,7,11,NA,0,775.13,1,10.5,0.5,283.75,1,NA,0,10.5,290,0.5
1990,7,12,NA,0,773.28,1,12.4,0.625,293.75,1,NA,0,12.35,294.35,0.625
1990,7,13,NA,0,777.83,1,5.5,0.5,240,1,NA,0,5.3,281.35,0.5
1990,7,14,NA,0,783.01,1,12.25,0.5,280,0.25,NA,0,NA,NA,0.125
1990,7,15,NA,0,779.23,1,19.5,0.5,314.29,0.875,NA,0,19.31,316.26,0.5
1990,7,16,NA,0,773.75,0.25,NA,0.125,305,0.25,NA,0,NA,NA,0.125
1990,7,17,NA,0,782.38,0.5,NA,0.125,307.5,0.5,NA,0,NA,NA,0.125
1990,7,18,NA,0,775.63,0.875,NA,0.125,262.86,0.875,NA,0,NA,NA,0.125
1990,7,19,NA,0,775.66,0.875,16,0.5,305.71,0.875,NA,0,15.9,302.03,0.5
1990,7,20,NA,0,768.47,0.375,11.67,0.375,300,0.375,NA,0,11.55,299.71,0.375
1990,7,21,NA,0,768.6,1,11,0.625,298,0.625,NA,0,9.57,299.65,0.375
1990,7,22,NA,0,766.95,1,17,0.625,296.67,0.75,NA,0,16.94,296.47,0.625
1990,7,23,NA,0,771.91,1,16,0.875,301.25,1,NA,0,15.88,302.87,0.875
1990,7,24,NA,0,777.15,1,17.14,0.875,292.5,0.5,NA,0,17.31,292.59,0.5
1990,7,25,NA,0,779.75,1,12.5,0.25,302.5,1,NA,0,12.08,303.16,0.25
1990,7,26,NA,0,778.13,1,NA,0,182.5,1,NA,0,NA,NA,0
1990,7,27,NA,0,771.13,1,NA,0.125,140,1,NA,0,NA,NA,0.125
1990,7,28,NA,0,767.78,1,21.67,0.375,328.75,1,NA,0,21.59,316.62,0.375
1990,7,29,NA,0,771.23,1,15.67,0.75,298.75,1,NA,0,15.55,298.29,0.75
1990,7,30,NA,0,765.2,1,20.67,0.375,NA,0.125,NA,0,NA,NA,0
1990,7,31,NA,0,755.42,0.625,21,0.625,NA,0.125,NA,0,NA,NA,0.125
1990,8,1,NA,0,NA,0,NA,0,NA,0,NA,0,NA,NA,0
1990,8,2,NA,0,NA,0,NA,0,NA,0,NA,0,NA,NA,0
1990,8,3,NA,0,NA,0,NA,0,NA,0,NA,0,NA,NA,0
1990,8,4,NA,0,NA,0,NA,0,NA,0,NA,0,NA,NA,0
1990,8,5,NA,0,NA,0,NA,0,NA,0,NA,0,NA,NA,0
1990,8,6,NA,0,757.72,0.5,13.5,0.5,300,0.5,NA,0,13.41,300.56,0.5
1990,8,7,NA,0,758.14,1,16.57,0.875,300,1,NA,0,16.32,301.05,0.875
1990,8,8,NA,0,NA,0.125,NA,0.125,NA,0.125,NA,0,NA,NA,0.125
1990,8,9,NA,0,NA,0,NA,0,NA,0,NA,0,NA,NA,0
1990,8,10,NA,0,NA,0,NA,0,NA,0,NA,0,NA,NA,0
1990,8,11,NA,0,NA,0,NA,0,NA,0,NA,0,NA,NA,0
1990,8,12,NA,0,NA,0,NA,0,NA,0,NA,0,NA,NA,0
1990,8,13,NA,0,NA,0,NA,0,NA,0,NA,0,NA,NA,0
1990,8,14,NA,0,NA,0,NA,0,NA,0,NA,0,NA,NA,0
1990,8,15,NA,0,NA,0,NA,0,NA,0,NA,0,NA,NA,0
1990,8,16,NA,0,NA,0,NA,0,NA,0,NA,0,NA,NA,0
1990,8,17,NA,0,NA,0.125,NA,0.125,NA,0.125,NA,0,NA,NA,0.125
1990,8,18,NA,0,NA,0.125,NA,0.125,NA,0.125,NA,0,NA,NA,0.125
1990,8,19,NA,0,763.2,0.875,12.25,0.5,324.29,0.875,NA,0,11.44,334.62,0.5
1990,8,20,NA,0,763.85,1,NA,0,323.75,1,NA,0,NA,NA,0
1990,8,21,NA,0,757.64,1,13.8,0.625,293.75,1,NA,0,13.59,293.59,0.625
1990,8,22,NA,0,763.19,1,22,0.375,310,1,NA,0,21.92,316.52,0.375
1990,8,23,NA,0,763.26,0.875,NA,0.125,308.75,1,NA,0,NA,NA,0.125
1990,8,24,NA,0,758.4,0.375,NA,0.125,303.33,0.375,NA,0,NA,NA,0.125
1990,8,25,NA,0,NA,0,NA,0,NA,0,NA,0,NA,NA,0
1990,8,26,NA,0,NA,0,NA,0,NA,0,NA,0,NA,NA,0
1990,8,27,NA,0,NA,0,NA,0,NA,0,NA,0,NA,NA,0
1990,8,28,NA,0,NA,0,NA,0,NA,0,NA,0,NA,NA,0
1990,8,29,NA,0,NA,0,NA,0,NA,0,NA,0,NA,NA,0
1990,8,30,NA,0,NA,0,NA,0,NA,0,NA,0,NA,NA,0
1990,8,31,NA,0,NA,0,NA,0,NA,0,NA,0,NA,NA,0
1990,9,1,NA,0,777.68,0.75,16.8,0.625,296.67,0.75,NA,0,16.4,299.94,0.625
1990,9,2,NA,0,767.21,1,11.38,1,288.75,1,NA,0,11.31,289.56,1
1990,9,3,NA,0,759.3,0.875,15.33,0.75,282.5,0.5,NA,0,16.28,286.33,0.375
1990,9,4,NA,0,761.83,0.875,14.2,0.625,311.43,0.875,NA,0,11.86,328.94,0.625
1990,9,5,NA,0,759.15,1,8.17,0.75,282.5,1,NA,0,8.02,282.63,0.75
1990,9,6,NA,0,755.46,1,8.38,1,293.75,1,NA,0,8.32,294.49,1
1990,9,7,NA,0,758.95,1,10.5,0.5,306.25,1,NA,0,10.15,305.81,0.5
1990,9,8,NA,0,753.76,1,NA,0,242.5,1,NA,0,NA,NA,0
1990,9,9,NA,0,761.66,1,NA,0,311.25,1,NA,0,NA,NA,0
1990,9,10,NA,0,745.38,1,18,0.5,295,1,NA,0,17.86,300.56,0.5
1990,9,11,NA,0,735.2,0.5,NA,0.125,297.5,0.5,NA,0,NA,NA,0.125
1990,9,12,NA,0,NA,0,NA,0,NA,0,NA,0,NA,NA,0
1990,9,13,NA,0,NA,0,NA,0,NA,0,NA,0,NA,NA,0
1990,9,14,NA,0,NA,0,NA,0,NA,0,NA,0,NA,NA,0
1990,9,15,NA,0,NA,0,NA,0,NA,0,NA,0,NA,NA,0
1990,9,16,NA,0,NA,0,NA,0,NA,0,NA,0,NA,NA,0
1990,9,17,NA,0,NA,0,NA,0,NA,0,NA,0,NA,NA,0
1990,9,18,NA,0,NA,0,NA,0,NA,0,NA,0,NA,NA,0
1990,9,19,NA,0,NA,0,NA,0,NA,0,NA,0,NA,NA,0
1990,9,20,NA,0,740.05,0.25,17.5,0.25,295,0.25,NA,0,17.43,294.86,0.25
1990,9,21,NA,0,NA,0,NA,0,NA,0,NA,0,NA,NA,0
1990,9,22,NA,0,754.2,0.25,16,0.25,320,0.25,NA,0,15.76,320,0.25
1990,9,23,NA,0,NA,0,NA,0,NA,0,NA,0,NA,NA,0
1990,9,24,NA,0,NA,0,NA,0,NA,0,NA,0,NA,NA,0
1990,9,25,NA,0,NA,0,NA,0,NA,0,NA,0,NA,NA,0
1990,9,26,NA,0,NA,0,NA,0,NA,0,NA,0,NA,NA,0
1990,9,27,NA,0,NA,0,NA,0,NA,0,NA,0,NA,NA,0
1990,9,28,NA,0,750.95,0.75,11.8,0.625,273.33,0.75,NA,0,9.69,264.57,0.625
1990,9,29,NA,0,755.79,0.875,NA,0.125,290,0.875,NA,0,NA,NA,0.125
1990,9,30,NA,0,756.91,0.875,22.14,0.875,311.43,0.875,NA,0,22,311.62,0.875
1990,10,1,NA,0,758.37,1,19.4,0.625,305,1,NA,0,19.35,307.94,0.625
1990,10,2,NA,0,753.33,1,18.5,0.5,NA,0.125,NA,0,NA,NA,0
1990,10,3,NA,0,757.06,1,15,0.75,298,0.625,NA,0,15.96,297.66,0.5
1990,10,4,NA,0,755.64,0.625,20.5,0.25,306,0.625,NA,0,20.42,305.12,0.25
1990,10,5,NA,0,758.36,0.625,16.6,0.625,296,0.625,NA,0,16.54,296.15,0.625
1990,10,6,NA,0,761.97,1,14.5,1,296.25,1,NA,0,14.4,296.37,1
1990,10,7,NA,0,760.01,1,13.12,1,297.5,1,NA,0,13.03,297.52,1
1990,10,8,NA,0,757.71,1,22,0.75,305,0.25,NA,0,NA,NA,0
1990,10,9,NA,0,755.79,0.875,21,0.25,300,0.875,NA,0,21,300,0.25
1990,10,10,NA,0,NA,0,NA,0,NA,0,NA,0,NA,NA,0
1990,10,11,NA,0,NA,0,NA,0,NA,0,NA,0,NA,NA,0
1990,10,12,NA,0,NA,0.125,NA,0.125,NA,0.125,NA,0,NA,NA,0.125
1990,10,13,NA,0,766.5,1,18.5,1,303.33,0.375,NA,0,19.73,303.36,0.375
1990,10,14,NA,0,773.71,1,18.14,0.875,300,1,NA,0,17.87,298.76,0.875
1990,10,15,NA,0,774.59,1,19.17,0.75,315,1,NA,0,18.91,313.19,0.75
1990,10,16,NA,0,772.85,1,15.67,0.375,303.75,1,NA,0,15.45,316.78,0.375
1990,10,17,NA,0,778.78,1,16.86,0.875,311.25,1,NA,0,16.73,314.51,0.875
1990,10,18,NA,0,779.4,1,15.14,0.875,302.5,1,NA,0,14.84,302.01,0.875
1990,10,19,NA,0,770.78,1,22.83,0.75,312.5,1,NA,0,22.23,311.48,0.75
1990,10,20,NA,0,764.06,1,NA,0.125,292.5,1,NA,0,NA,NA,0.125
1990,10,21,NA,0,757.1,1,7,0.375,250,0.5,NA,0,6.36,253.58,0.375
1990,10,22,NA,0,758.79,1,16.8,0.625,301.25,1,NA,0,16.64,303.23,0.625
1990,10,23,NA,0,753.95,1,14.5,0.25,316.25,1,NA,0,14.45,316.56,0.25
1990,10,24,NA,0,751.59,1,16.75,0.5,302.5,1,NA,0,16.69,305.37,0.5
1990,10,25,NA,0,755.03,1,10,0.25,295.71,0.875,NA,0,9.85,298.99,0.25
1990,10,26,NA,0,755.74,1,14,0.625,270,0.625,NA,0,12.71,308.26,0.375
1990,10,27,NA,0,756.6,1,11.33,0.375,230,0.375,NA,0,NA,NA,0.125
1990,10,28,NA,0,765.56,1,6.83,0.75,216.25,1,NA,0,3.43,207.3,0.75
1990,10,29,NA,0,766.85,1,11.8,0.625,291.25,1,NA,0,11.78,288.82,0.625
1990,10,30,NA,0,762.94,1,17.25,1,298,0.625,NA,0,16.26,298.04,0.625
1990,10,31,NA,0,765.59,1,15.14,0.875,297.5,0.5,NA,0,15.96,297.66,0.5
1990,11,1,NA,0,767.88,1,19.12,1,310,1,NA,0,18.98,310.46,1
1990,11,2,NA,0,760.31,1,16.86,0.875,295.71,0.875,NA,0,16.85,297.24,0.75
1990,11,3,NA,0,758.6,1,6.5,0.5,257.5,1,NA,0,2.86,225.61,0.5
1990,11,4,NA,0,758.24,0.875,12.83,0.75,302.86,0.875,NA,0,12.62,303.77,0.75
1990,11,5,NA,0,758.6,1,18.4,0.625,310,1,NA,0,18.06,309.61,0.625
1990,11,6,NA,0,759.53,1,12.67,0.375,306.25,1,NA,0,11.65,305.25,0.375
1990,11,7,NA,0,763.11,1,12,0.25,297.5,1,NA,0,11.6,277.56,0.25
1990,11,8,NA,0,765.89,1,13.6,0.625,297.5,1,NA,0,13.03,304.5,0.625
1990,11,9,NA,0,768.72,1,13.33,0.375,290,1,NA,0,13.29,303,0.375
1990,11,10,NA,0,772.59,1,14.71,0.875,300,0.5,NA,0,14.86,300.34,0.375
1990,11,11,NA,0,770.93,1,12.33,0.75,296.67,0.375,NA,0,11,300,0.25
1990,11,12,NA,0,766.79,1,14.2,0.625,294,0.625,NA,0,13.97,291.96,0.5
1990,11,13,NA,0,764.73,1,15.86,0.875,310,1,NA,0,15.73,309.91,0.875
1990,11,14,NA,0,761.6,1,NA,0.125,204.29,0.875,NA,0,NA,NA,0.125
1990,11,15,NA,0,765.42,1,11,0.25,133.75,1,NA,0,10.63,133.6,0.25
1990,11,16,NA,0,769.6,1,7,0.625,262.5,1,NA,0,3.89,221.56,0.625
1990,11,17,NA,0,767.94,1,8.75,0.5,295,1,NA,0,8.68,297.71,0.5
1990,11,18,NA,0,767.87,0.875,11.67,0.75,297.14,0.875,NA,0,11.16,300.61,0.75
1990,11,19,NA,0,772.14,1,12.8,0.625,295,1,NA,0,12.68,297.65,0.625
1990,11,20,NA,0,774.15,1,14.75,0.5,296.25,1,NA,0,14.33,302.44,0.5
1990,11,21,NA,0,778.4,1,12.25,0.5,294,0.625,NA,0,12.96,292.56,0.375
1990,11,22,NA,0,780.46,1,11.5,0.25,291.25,1,NA,0,11.46,285.65,0.25
1990,11,23,NA,0,776.99,1,13.8,0.625,297.5,1,NA,0,13.5,301.82,0.625
1990,11,24,NA,0,777.23,1,16.5,0.75,300,0.5,NA,0,15.02,300.17,0.5
1990,11,25,NA,0,777.21,1,18.67,0.375,320,0.375,NA,0,NA,NA,0
1990,11,26,NA,0,777.19,1,14,0.625,293.75,1,NA,0,13.95,296.43,0.625
1990,11,27,NA,0,776.94,1,12.6,0.625,288.75,1,NA,0,12.57,292.38,0.625
1990,11,28,NA,0,772.81,1,11.67,0.375,284,0.625,NA,0,12.5,290,0.25
1990,11,29,NA,0,771.4,0.875,6,0.25,261.25,1,NA,0,5.8,275,0.25
1990,11,30,NA,0,769.4,1,5.83,0.75,261.25,1,NA,0,5.48,270.65,0.75
1990,12,1,NA,0,770.46,1,7.2,0.625,153.75,1,NA,0,6.99,133.86,0.625
1990,12,2,NA,0,768.19,1,11.5,0.75,152.5,1,NA,0,11.1,151.32,0.75
1990,12,3,NA,0,765.39,0.875,14.2,0.625,152.86,0.875,NA,0,14.15,155.49,0.625
1990,12,4,NA,0,767.2,1,9.5,0.5,167.5,1,NA,0,9.26,151.18,0.5
1990,12,5,NA,0,762.37,0.875,5.2,0.625,273.75,1,NA,0,4.81,273.47,0.625
1990,12,6,NA,0,761.38,1,6.8,0.625,272.5,1,NA,0,6.71,285.37,0.625
1990,12,7,NA,0,761.32,1,6,0.75,265,1,NA,0,5.31,271.25,0.75
1990,12,8,NA,0,761.06,1,8.4,0.625,285,1,NA,0,8.02,290.71,0.625
1990,12,9,NA,0,757.78,1,5.75,0.5,258.75,1,NA,0,5.73,293.47,0.5
1990,12,10,NA,0,759.21,1,6.25,0.5,220,1,NA,0,4.83,287.79,0.5
1990,12,11,NA,0,763.3,1,8,0.625,175,1,NA,0,6.51,148.24,0.625
1990,12,12,NA,0,766.33,0.875,4.83,0.75,197.14,0.875,NA,0,4.03,195.27,0.75
1990,12,13,NA,0,769.46,0.875,11.25,0.5,195.71,0.875,NA,0,10.86,168.28,0.5
1990,12,14,NA,0,775.71,1,10.4,0.625,181.25,1,NA,0,8.35,184.65,0.625
1990,12,15,NA,0,775.91,1,NA,0.125,182.5,1,NA,0,NA,NA,0.125
1990,12,16,NA,0,773.36,1,6.4,0.625,267.5,1,NA,0,6.12,280.77,0.625
1990,12,17,NA,0,772.91,1,5.67,0.375,231.25,1,NA,0,5.6,284.15,0.375
1990,12,18,NA,0,772.39,1,7.5,0.5,301.25,1,NA,0,7.39,292.69,0.5
1990,12,19,NA,0,777.39,1,4.17,0.75,236.25,1,NA,0,2.6,213.62,0.75
1990,12,20,NA,0,776.65,1,6.5,0.5,275,1,NA,0,5.99,247.35,0.5
1990,12,21,NA,0,775.56,1,8.67,0.375,245,1,NA,0,8.65,281.92,0.375
1990,12,22,NA,0,779.75,1,6.83,0.75,275,1,NA,0,5.87,279.01,0.75
1990,12,23,NA,0,776.83,1,7,1,241.25,1,NA,0,5.67,240.4,1
1990,12,24,NA,0,775.56,0.875,6.25,0.5,238.75,1,NA,0,5.68,286.73,0.5
1990,12,25,NA,0,780.39,1,9.5,0.5,271.25,1,NA,0,8.21,251.08,0.5
1990,12,26,NA,0,778.19,0.875,6.8,0.625,255.71,0.875,NA,0,6.26,278.09,0.625
1990,12,27,NA,0,778.84,1,6.8,0.625,206.25,1,NA,0,5.25,189.05,0.625
1990,12,28,NA,0,775.96,1,6,0.5,247.5,1,NA,0,4.66,247.54,0.5
1990,12,29,NA,0,777.95,1,6.33,0.375,272.5,1,NA,0,6.24,290.53,0.375
1990,12,30,NA,0,780.53,1,6.6,0.625,263.75,1,NA,0,5.39,275.16,0.625
1990,12,31,NA,0,778.53,1,6.25,0.5,271.25,1,NA,0,5.58,255.92,0.5
1991,1,1,NA,0,774.15,1,7.17,0.75,274.75,1,NA,0,5.79,278.67,0.75
1991,1,2,NA,0,774.75,1,9.33,0.375,296,1,NA,0,9.08,304.64,0.375
1991,1,3,NA,0,772.13,1,8.2,0.625,272.25,1,NA,0,8.05,302.76,0.625
1991,1,4,NA,0,767.73,1,15,0.375,136,0.5,NA,0,NA,NA,0
1991,1,5,NA,0,767.56,1,20.6,0.625,144.75,1,NA,0,19.95,145.67,0.625
1991,1,6,NA,0,768.84,1,30.33,0.375,146,0.5,NA,0,NA,NA,0.125
1991,1,7,NA,0,772.86,1,4,0.625,159,1,NA,0,3.1,207.86,0.625
1991,1,8,NA,0,772.51,1,4,0.625,248.86,0.875,NA,0,2.92,247.8,0.625
1991,1,9,NA,0,773.19,1,4.6,0.625,253.5,1,NA,0,3.59,267.78,0.625
1991,1,10,NA,0,774.64,1,2.25,0.5,216.5,1,NA,0,1.59,270.79,0.5
1991,1,11,NA,0,775.89,1,4.8,0.625,279.75,1,NA,0,4.54,279.3,0.625
1991,1,12,NA,0,767.72,1,8.8,0.625,286,1,NA,0,8.04,278.85,0.625
1991,1,13,NA,0,759.15,1,6.75,0.5,283.5,1,NA,0,6.1,280.95,0.5
1991,1,14,NA,0,756.38,1,7,0.25,286,0.875,NA,0,6.98,278.14,0.25
1991,1,15,NA,0,757.88,1,2.25,0.5,283.14,0.875,NA,0,2.14,285.72,0.5
1991,1,16,NA,0,758.9,1,3.67,0.75,227.43,0.875,NA,0,1.83,298.83,0.75
1991,1,17,NA,0,761.54,1,7.25,0.5,279.75,1,NA,0,7.16,302.14,0.5
1991,1,18,NA,0,763.46,1,12,0.5,307.25,1,NA,0,11.71,316.91,0.5
1991,1,19,NA,0,761.43,1,13,0.375,286,1,NA,0,12.54,303.11,0.375
1991,1,20,NA,0,769.55,1,12.25,0.5,316,1,NA,0,11.67,326.08,0.5
1991,1,21,NA,0,767.75,1,8.33,0.375,207.25,1,NA,0,7.58,180.61,0.375
1991,1,22,NA,0,763.2,1,22.5,0.25,162.25,1,NA,0,22.41,141.11,0.25
1991,1,23,NA,0,764.81,1,10.8,0.625,301,1,NA,0,10.39,306.29,0.625
1991,1,24,NA,0,759.94,1,9,0.375,297.25,1,NA,0,8.83,297.94,0.375
1991,1,25,NA,0,764.84,1,6,0.25,209.75,1,NA,0,5.82,186.1,0.25
1991,1,26,NA,0,773.39,1,7.5,0.5,239.75,1,NA,0,4.47,261.96,0.5
1991,1,27,NA,0,776.55,1,NA,0.125,276,1,NA,0,NA,NA,0.125
1991,1,28,NA,0,770.41,1,8,0.5,269.75,1,NA,0,6.51,297.2,0.5
1991,1,29,NA,0,766.88,1,7.2,0.625,283.5,1,NA,0,6.93,290.6,0.625
1991,1,30,NA,0,763.15,1,7.67,0.75,269.75,1,NA,0,5.68,279.68,0.75
1991,1,31,NA,0,763.49,1,3.5,0.25,289.33,0.75,NA,0,3.49,287.42,0.25
1991,2,1,NA,0,771.08,1,8.4,0.625,174.75,1,NA,0,8.2,174.57,0.625
1991,2,2,NA,0,770.09,1,23.67,0.375,140,0.625,NA,0,22.5,136,0.25
1991,2,3,NA,0,769.9,1,7.6,0.625,194.75,1,NA,0,6.72,206.74,0.625
1991,2,4,NA,0,770.81,1,5.12,1,281,1,NA,0,4.96,279.32,1
1991,2,5,NA,0,771.94,1,5,0.25,180.75,1,NA,0,2.33,217.18,0.25
1991,2,6,NA,0,769.18,1,11,0.75,296,0.625,NA,0,11.74,295.51,0.375
1991,2,7,NA,0,767.63,1,14.33,0.75,311,0.75,NA,0,13.22,312.8,0.625
1991,2,8,NA,0,779.73,1,9,0.5,314.57,0.875,NA,0,8.71,319.44,0.5
1991,2,9,NA,0,782.93,1,8.33,0.375,308.5,1,NA,0,7.76,300.42,0.375
1991,2,10,NA,0,777.38,1,10.25,0.5,291,1,NA,0,10.18,298.2,0.5
1991,2,11,NA,0,772.88,1,13.33,0.375,298.5,1,NA,0,12.98,301.24,0.375
1991,2,12,NA,0,770.68,1,11.17,0.75,304.75,1,NA,0,11.01,303.1,0.75
1991,2,13,NA,0,767.21,1,14.2,0.625,309.75,1,NA,0,14.15,309.8,0.625
1991,2,14,NA,0,763.53,1,14.4,0.625,298.5,1,NA,0,14.27,301.11,0.625
1991,2,15,NA,0,762.16,1,6.33,0.375,294.75,1,NA,0,6.19,289.69,0.375
1991,2,16,NA,0,766.54,1,12.5,0.75,314,0.625,NA,0,11.54,315.36,0.5
1991,2,17,NA,0,771.18,1,8.8,0.625,286,1,NA,0,8,289.69,0.625
1991,2,18,NA,0,769.8,1,8.6,0.625,288.5,1,NA,0,7.21,284.68,0.625
1991,2,19,NA,0,764.71,1,12,0.75,308,0.625,NA,0,11.84,312.64,0.375
1991,2,20,NA,0,772.43,1,6.2,0.625,210.29,0.875,NA,0,3.3,236.42,0.625
1991,2,21,NA,0,779.74,1,NA,0,179.33,0.75,NA,0,NA,NA,0
1991,2,22,NA,0,773.57,1,7,0.625,287.25,1,NA,0,6.85,281.45,0.625
1991,2,23,NA,0,773.54,1,4.57,0.875,266,1,NA,0,3.69,280.04,0.875
1991,2,24,NA,0,771.16,1,5,0.75,237.25,1,NA,0,3.05,236.85,0.75
1991,2,25,NA,0,763.94,1,13.4,0.625,306,0.75,NA,0,12.31,304.38,0.5
1991,2,26,NA,0,763.7,1,11.33,0.75,320,0.625,NA,0,10.31,318.6,0.5
1991,2,27,NA,0,763.39,1,3.88,1,311,1,NA,0,3.72,311.15,1
1991,2,28,NA,0,767.64,1,4.14,0.875,297.43,0.875,NA,0,3.92,299.17,0.875
1991,3,1,NA,0,765.15,1,5.75,1,311,1,NA,0,5.58,307.62,1
1991,3,2,NA,0,761.61,1,5.38,1,296,0.5,NA,0,5.46,296.46,0.5
1991,3,3,NA,0,764.09,1,6,0.875,294.75,1,NA,0,5.84,295.28,0.875
1991,3,4,NA,0,758.81,1,NA,0,313.5,1,NA,0,NA,NA,0
1991,3,5,NA,0,756.96,1,15,0.375,292.25,1,NA,0,14.71,305.62,0.375
1991,3,6,NA,0,761.53,1,12,1,294,0.625,NA,0,11.37,294.25,0.625
1991,3,7,NA,0,763.86,1,12.33,0.75,283.14,0.875,NA,0,12.09,298.96,0.625
1991,3,8,NA,0,757.41,1,29,0.25,156,1,NA,0,28.89,130.65,0.25
1991,3,9,NA,0,766.7,1,12.17,0.75,302.25,1,NA,0,11.24,304.15,0.75
1991,3,10,NA,0,760.16,1,18.75,0.5,313.5,1,NA,0,18.61,306.53,0.5
1991,3,11,NA,0,759.6,1,21.33,0.375,322,0.625,NA,0,23.41,301.11,0.25
1991,3,12,NA,0,764.47,1,17.6,0.625,308.5,1,NA,0,17.54,312.03,0.625
1991,3,13,NA,0,765.03,1,18.75,1,306,1,NA,0,18.54,305.8,1
1991,3,14,NA,0,758.4,1,15.43,0.875,306,1,NA,0,15.33,307.85,0.875
1991,3,15,NA,0,751.1,1,19,0.75,319.75,1,NA,0,18.83,321.29,0.75
1991,3,16,NA,0,748.66,1,20,0.75,319.75,1,NA,0,20,316,0.75
1991,3,17,NA,0,753.01,1,18.5,0.75,311,0.25,NA,0,16.44,310.85,0.25
1991,3,18,NA,0,749.31,1,19.5,0.25,313.5,1,NA,0,19.21,314.19,0.25
1991,3,19,NA,0,754.46,1,13.25,1,306,1,NA,0,13.2,306.19,1
1991,3,20,NA,0,756.89,1,14.6,0.625,303.5,1,NA,0,14.19,306.65,0.625
1991,3,21,NA,0,757.86,0.875,17.43,0.875,316,0.875,NA,0,17.28,316.58,0.875
1991,3,22,NA,0,758.54,1,18.75,1,324.75,1,NA,0,18.65,324.8,1
1991,3,23,NA,0,763.66,1,15.5,0.5,324.75,1,NA,0,15.5,316,0.5
1991,3,24,NA,0,760.08,1,15.6,0.625,317.25,1,NA,0,15.29,325.29,0.625
1991,3,25,NA,0,755.39,1,17,1,327.25,1,NA,0,16.72,326.26,1
1991,3,26,NA,0,766.39,1,20.75,0.5,327.25,1,NA,0,20.54,323.33,0.5
1991,3,27,NA,0,770.76,1,11.8,0.625,294.75,1,NA,0,11.46,298.71,0.625
1991,3,28,NA,0,771.05,1,12,0.375,297.25,1,NA,0,10.95,308.12,0.375
1991,3,29,NA,0,770.89,1,16.67,0.75,319.75,1,NA,0,16.33,320.21,0.75
1991,3,30,NA,0,759.45,1,20.5,0.5,314.75,1,NA,0,20.42,310.88,0.5
1991,3,31,NA,0,758.2,1,16.67,0.375,312,0.625,NA,0,NA,NA,0.125
1991,4,1,NA,0,763.28,1,7.43,0.875,268.5,1,NA,0,5.58,280.39,0.875
1991,4,2,NA,0,765.83,1,16,0.625,301,1,NA,0,15.31,313.49,0.625
1991,4,3,NA,0,765.91,1,19.5,0.75,314.75,1,NA,0,19.37,314.46,0.75
1991,4,4,NA,0,759.36,1,15.6,0.625,310,0.625,NA,0,14.94,311.33,0.25
1991,4,5,NA,0,762.66,1,21.33,0.75,316,0.875,NA,0,22.12,319.87,0.625
1991,4,6,NA,0,762.58,1,24.33,0.375,317.43,0.875,NA,0,25.11,315.41,0.25
1991,4,7,NA,0,762.01,1,16.88,1,309.33,0.375,NA,0,14.61,310.09,0.375
1991,4,8,NA,0,762.29,1,14,0.75,308.5,1,NA,0,13.74,310.58,0.75
1991,4,9,NA,0,762.58,1,18.4,0.625,313.5,1,NA,0,18.09,312.21,0.625
1991,4,10,NA,0,762.11,1,14.6,0.625,319.75,1,NA,0,14.5,323.53,0.625
1991,4,11,NA,0,765.28,1,13,0.25,326,1,NA,0,12.95,320.61,0.25
1991,4,12,NA,0,768.81,1,11.2,0.625,324.75,1,NA,0,11.11,324.57,0.625
1991,4,13,NA,0,774.04,1,17.38,1,316,1,NA,0,17.25,316.07,1
1991,4,14,NA,0,767.69,1,18.25,1,316,0.875,NA,0,18.35,315.92,0.875
1991,4,15,NA,0,756.29,1,16.43,0.875,306,0.375,NA,0,15.44,301.16,0.25
1991,4,16,NA,0,749.46,1,17.88,1,NA,0,NA,0,NA,NA,0
1991,4,17,NA,0,753.81,1,11.25,1,303.14,0.875,NA,0,11.49,301.79,0.875
1991,4,18,NA,0,764.25,1,6,1,307.25,1,NA,0,5.97,307.87,1
1991,4,19,NA,0,765.82,1,7.4,0.625,306,0.875,NA,0,7.81,308.13,0.5
1991,4,20,NA,0,768.85,1,6.5,0.75,248.5,1,NA,0,4.94,282.44,0.75
1991,4,21,NA,0,774.78,1,5.25,0.5,144.75,1,NA,0,2.36,49.76,0.5
1991,4,22,NA,0,773.78,1,NA,0.125,233.5,1,NA,0,NA,NA,0.125
1991,4,23,NA,0,778.03,1,NA,0.125,297.25,1,NA,0,NA,NA,0.125
1991,4,24,NA,0,777.7,1,NA,0,321,1,NA,0,NA,NA,0
1991,4,25,NA,0,777.87,1,12.33,0.375,312.25,1,NA,0,12.08,310.46,0.375
1991,4,26,NA,0,763.82,1,16.25,1,309.75,1,NA,0,15.64,311,1
1991,4,27,NA,0,757.95,1,17.6,0.625,298.5,1,NA,0,17.1,298.08,0.625
1991,4,28,NA,0,764.55,1,16.25,0.5,312,0.625,NA,0,NA,NA,0.125
1991,4,29,NA,0,766.61,1,17,0.75,309.75,1,NA,0,16.17,305.91,0.75
1991,4,30,NA,0,761.66,1,20.8,0.625,321,0.25,NA,0,NA,NA,0
1991,5,1,NA,0,765.13,0.875,23.14,0.875,316,0.875,NA,0,23.01,316.26,0.75
1991,5,2,NA,0,771.81,1,13,0.5,294.75,1,NA,0,12.79,294.1,0.5
1991,5,3,NA,0,763.29,1,4.4,0.625,187.25,1,NA,0,2.25,197.17,0.625
1991,5,4,NA,0,765.24,1,16.75,0.5,326,1,NA,0,16.55,330.66,0.5
1991,5,5,NA,0,758.84,1,9.86,0.875,284.75,1,NA,0,9.63,287.15,0.875
1991,5,6,NA,0,757.32,1,NA,0.125,302,0.625,NA,0,NA,NA,0.125
1991,5,7,NA,0,760,1,19.75,1,304,0.625,NA,0,18.84,303.99,0.625
1991,5,8,NA,0,757.11,1,11.75,0.5,276,0.375,NA,0,5.48,270.54,0.25
1991,5,9,NA,0,760.5,1,13.4,0.625,296,0.75,NA,0,11.21,294.82,0.375
1991,5,10,NA,0,762.43,1,14.33,0.75,292,0.625,NA,0,14.44,291.17,0.5
1991,5,11,NA,0,761.21,1,16.5,0.5,291,1,NA,0,16.45,298.42,0.5
1991,5,12,NA,0,760.68,1,15.5,0.75,309.75,1,NA,0,15.37,310.97,0.75
1991,5,13,NA,0,749.65,1,15.75,1,299.75,1,NA,0,15.7,299.49,1
1991,5,14,NA,0,750.4,1,8.8,0.625,292.67,0.375,NA,0,NA,NA,0.125
1991,5,15,NA,0,756.24,0.625,15,0.625,302,0.625,NA,0,14.95,302.27,0.625
1991,5,16,NA,0,756.03,0.875,18.71,0.875,307.43,0.875,NA,0,18.6,307.99,0.875
1991,5,17,NA,0,747.03,1,19.71,0.875,308.5,1,NA,0,19.31,313.2,0.875
1991,5,18,NA,0,742.64,1,8.67,0.375,184.75,1,NA,0,8.18,160.96,0.375
1991,5,19,NA,0,750.8,1,13.67,0.375,298.5,1,NA,0,13.44,311.73,0.375
1991,5,20,NA,0,750.1,1,18.6,0.625,301,1,NA,0,18.49,306.32,0.625
1991,5,21,NA,0,747.86,1,14.62,1,301,0.5,NA,0,13.75,301.9,0.5
1991,5,22,NA,0,761.79,1,12.57,0.875,302,0.625,NA,0,13.2,300.91,0.5
1991,5,23,NA,0,766.31,0.875,20.17,0.75,307.43,0.875,NA,0,19.91,306.75,0.75
1991,5,24,NA,0,771.55,1,14.5,0.75,296,0.5,NA,0,15.27,304.37,0.25
1991,5,25,NA,0,776.09,1,13.88,1,312.25,1,NA,0,13.82,312.13,1
1991,5,26,NA,0,771.04,1,9.12,1,292.25,1,NA,0,9.05,294.78,1
1991,5,27,NA,0,764.69,1,10.33,0.75,308.5,1,NA,0,10.16,308.88,0.75
1991,5,28,NA,0,762.61,1,10,1,313.5,1,NA,0,9.94,313.62,1
1991,5,29,NA,0,764.15,1,9,1,304,0.625,NA,0,9.32,304.72,0.625
1991,5,30,NA,0,765,1,11.5,1,306,1,NA,0,11.46,305.89,1
1991,5,31,NA,0,770.09,1,11.25,1,303.5,1,NA,0,11.18,303.44,1
1991,6,1,NA,0,771.66,1,NA,0,NA,0,NA,0,NA,NA,0
1991,6,2,NA,0,761.38,1,NA,0,NA,0,NA,0,NA,NA,0
1991,6,3,NA,0,754.71,1,NA,0,NA,0,NA,0,NA,NA,0
1991,6,4,NA,0,749.9,1,NA,0,NA,0,NA,0,NA,NA,0
1991,6,5,NA,0,757.95,1,NA,0,NA,0,NA,0,NA,NA,0
1991,6,6,NA,0,768.29,1,NA,0,NA,0,NA,0,NA,NA,0
1991,6,7,NA,0,766.24,1,NA,0,NA,0,NA,0,NA,NA,0
1991,6,8,NA,0,765.28,1,NA,0,NA,0,NA,0,NA,NA,0
1991,6,9,NA,0,766.58,1,NA,0,NA,0,NA,0,NA,NA,0
1991,6,10,NA,0,771.37,0.875,NA,0,NA,0,NA,0,NA,NA,0
1991,6,11,NA,0,765.53,1,NA,0,NA,0,NA,0,NA,NA,0
1991,6,12,NA,0,765.44,1,NA,0,NA,0,NA,0,NA,NA,0
1991,6,13,NA,0,763.65,1,NA,0,NA,0,NA,0,NA,NA,0
1991,6,14,NA,0,766.68,1,NA,0,NA,0,NA,0,NA,NA,0
1991,6,15,NA,0,767.51,1,NA,0,NA,0,NA,0,NA,NA,0
1991,6,16,NA,0,773.54,1,NA,0,NA,0,NA,0,NA,NA,0
1991,6,17,NA,0,769.88,1,NA,0,NA,0,NA,0,NA,NA,0
1991,6,18,NA,0,761.98,1,NA,0,NA,0,NA,0,NA,NA,0
1991,6,19,NA,0,759.48,1,NA,0,NA,0,NA,0,NA,NA,0
1991,6,20,NA,0,760.21,1,NA,0,NA,0,NA,0,NA,NA,0
1991,6,21,NA,0,767.01,0.875,NA,0,NA,0,NA,0,NA,NA,0
1991,6,22,NA,0,769.09,1,NA,0,NA,0,NA,0,NA,NA,0
1991,6,23,NA,0,776.33,1,NA,0,NA,0,NA,0,NA,NA,0
1991,6,24,NA,0,783.39,1,NA,0,NA,0,NA,0,NA,NA,0
1991,6,25,NA,0,791.99,1,NA,0,NA,0,NA,0,NA,NA,0
1991,6,26,NA,0,782.18,1,NA,0,NA,0,NA,0,NA,NA,0
1991,6,27,NA,0,772.8,1,NA,0,NA,0,NA,0,NA,NA,0
1991,6,28,NA,0,770.26,1,NA,0,NA,0,NA,0,NA,NA,0
1991,6,29,NA,0,768.57,1,NA,0,NA,0,NA,0,NA,NA,0
1991,6,30,NA,0,760.64,0.875,NA,0,NA,0,NA,0,NA,NA,0
1991,7,1,NA,0,754.33,1,17.62,1,307.25,1,NA,0,17.47,308.14,1
1991,7,2,NA,0,759.15,1,18.57,0.875,314,0.625,NA,0,18.24,314.36,0.625
1991,7,3,NA,0,756.15,1,18,0.625,322,0.625,NA,0,19.36,314.58,0.375
1991,7,4,NA,0,760.7,1,21.83,0.75,313.5,0.5,NA,0,21.75,310.81,0.375
1991,7,5,NA,0,761.36,1,20.29,0.875,302.25,1,NA,0,20.22,303.05,0.875
1991,7,6,NA,0,758,1,17.6,0.625,306,0.375,NA,0,17.93,301,0.25
1991,7,7,NA,0,753.46,1,20.5,0.5,309.33,0.375,NA,0,NA,NA,0.125
1991,7,8,NA,0,752.53,1,22.5,1,321,0.25,NA,0,24.41,321.1,0.25
1991,7,9,NA,0,758.64,1,19.25,1,312.67,0.75,NA,0,18.93,312.49,0.75
1991,7,10,NA,0,764.4,1,18.75,1,312.67,0.75,NA,0,18.94,312.76,0.75
1991,7,11,NA,0,766.75,1,19.57,0.875,316,0.375,NA,0,17.24,315.13,0.25
1991,7,12,NA,0,764.65,1,16.2,0.625,312,0.625,NA,0,16.38,316.46,0.5
1991,7,13,NA,0,751.89,1,16,0.875,296,1,NA,0,15.89,308.77,0.875
1991,7,14,NA,0,764.69,1,7.2,0.625,207.25,1,NA,0,5.6,201.02,0.625
1991,7,15,NA,0,762.81,1,19.25,0.5,310.29,0.875,NA,0,18.27,319.45,0.375
1991,7,16,NA,0,756.27,0.875,17.25,1,308.5,0.5,NA,0,15.21,308.45,0.5
1991,7,17,NA,0,761.74,1,13.62,1,309.75,1,NA,0,13.58,309.76,1
1991,7,18,NA,0,766.75,1,8,0.375,258.5,1,NA,0,7.97,311,0.375
1991,7,19,NA,0,771.9,1,7.25,1,293.14,0.875,NA,0,6.83,294.3,0.875
1991,7,20,NA,0,775.29,1,11.25,1,321,0.25,NA,0,11.46,321.65,0.25
1991,7,21,NA,0,770.06,0.875,11.86,0.875,318.5,0.5,NA,0,11.47,318.17,0.5
1991,7,22,NA,0,768.78,1,10.5,1,327.25,1,NA,0,10.37,326.56,1
1991,7,23,NA,0,762.51,0.875,10,0.875,318.86,0.875,NA,0,9.93,319.01,0.875
1991,7,24,NA,0,762.66,1,8.29,0.875,293.5,1,NA,0,7.14,307.8,0.875
1991,7,25,NA,0,771.87,0.875,7,0.25,162.29,0.875,NA,0,6.9,167.44,0.25
1991,7,26,NA,0,765.76,1,15,0.375,307.25,1,NA,0,14.95,302.45,0.375
1991,7,27,NA,0,770.53,1,9,0.375,234.57,0.875,NA,0,8.71,336.47,0.375
1991,7,28,NA,0,779.16,1,16.33,0.375,314,0.625,NA,0,16.16,315.59,0.375
1991,7,29,NA,0,780.91,1,13.29,0.875,311,0.5,NA,0,13.62,309.41,0.375
1991,7,30,NA,0,778.91,1,15.12,1,314.57,0.875,NA,0,15.76,315.55,0.875
1991,7,31,NA,0,773.3,1,18.43,0.875,319.75,1,NA,0,18.19,320.8,0.875
1991,8,1,NA,0,768.01,1,NA,0,NA,0,NA,0,NA,NA,0
1991,8,2,NA,0,762.58,1,NA,0,NA,0,NA,0,NA,NA,0
1991,8,3,NA,0,756.38,1,NA,0,NA,0,NA,0,NA,NA,0
1991,8,4,NA,0,756.4,1,NA,0,NA,0,NA,0,NA,NA,0
1991,8,5,NA,0,756.36,1,NA,0,NA,0,NA,0,NA,NA,0
1991,8,6,NA,0,755.34,1,NA,0,NA,0,NA,0,NA,NA,0
1991,8,7,NA,0,755.33,1,NA,0,NA,0,NA,0,NA,NA,0
1991,8,8,NA,0,756.15,1,NA,0,NA,0,NA,0,NA,NA,0
1991,8,9,NA,0,759.48,1,NA,0,NA,0,NA,0,NA,NA,0
1991,8,10,NA,0,757.88,1,NA,0,NA,0,NA,0,NA,NA,0
1991,8,11,NA,0,754.85,1,NA,0,NA,0,NA,0,NA,NA,0
1991,8,12,NA,0,754.79,1,NA,0,NA,0,NA,0,NA,NA,0
1991,8,13,NA,0,764.28,1,NA,0,NA,0,NA,0,NA,NA,0
1991,8,14,NA,0,772.3,1,NA,0,NA,0,NA,0,NA,NA,0
1991,8,15,NA,0,771.11,1,NA,0,NA,0,NA,0,NA,NA,0
1991,8,16,NA,0,772.3,1,NA,0,NA,0,NA,0,NA,NA,0
1991,8,17,NA,0,764.73,1,NA,0,NA,0,NA,0,NA,NA,0
1991,8,18,NA,0,760.89,1,NA,0,NA,0,NA,0,NA,NA,0
1991,8,19,NA,0,755.1,1,NA,0,NA,0,NA,0,NA,NA,0
1991,8,20,NA,0,761.56,1,NA,0,NA,0,NA,0,NA,NA,0
1991,8,21,NA,0,773.93,1,NA,0,NA,0,NA,0,NA,NA,0
1991,8,22,NA,0,770.75,1,NA,0,NA,0,NA,0,NA,NA,0
1991,8,23,NA,0,764.74,1,NA,0,NA,0,NA,0,NA,NA,0
1991,8,24,NA,0,753.41,1,NA,0,NA,0,NA,0,NA,NA,0
1991,8,25,NA,0,758.3,1,NA,0,NA,0,NA,0,NA,NA,0
1991,8,26,NA,0,763.61,0.875,NA,0,NA,0,NA,0,NA,NA,0
1991,8,27,NA,0,766.49,1,NA,0,NA,0,NA,0,NA,NA,0
1991,8,28,NA,0,764.31,1,NA,0,NA,0,NA,0,NA,NA,0
1991,8,29,NA,0,758.64,1,NA,0,NA,0,NA,0,NA,NA,0
1991,8,30,NA,0,753.34,1,NA,0,NA,0,NA,0,NA,NA,0
1991,8,31,NA,0,749.95,1,NA,0,NA,0,NA,0,NA,NA,0
1991,9,1,NA,0,757.03,1,11.25,0.5,316,1,NA,0,10.19,307.15,0.5
1991,9,2,NA,0,757,1,NA,0,321,1,NA,0,NA,NA,0
1991,9,3,NA,0,753.95,1,20,0.625,302.25,1,NA,0,19.83,304.19,0.625
1991,9,4,NA,0,755.71,1,11,0.25,197.25,1,NA,0,11,186,0.25
1991,9,5,NA,0,761.93,1,18.8,0.625,311,0.25,NA,0,19.92,311,0.25
1991,9,6,NA,0,756.23,0.875,20.83,0.75,303.5,0.5,NA,0,20.69,303.23,0.5
1991,9,7,NA,0,754.76,1,10.5,0.75,301,0.5,NA,0,8.97,301.28,0.5
1991,9,8,NA,0,754.1,1,10.57,0.875,273.5,0.5,NA,0,5.04,292.97,0.375
1991,9,9,NA,0,747.45,1,5.67,0.375,186,0.75,NA,0,3.73,180.14,0.375
1991,9,10,NA,0,748.63,1,10,0.375,249.75,1,NA,0,9.15,292.11,0.375
1991,9,11,NA,0,748.99,1,18.29,0.875,309.33,0.75,NA,0,17.44,308.05,0.625
1991,9,12,NA,0,742.36,1,19,0.875,323.5,0.5,NA,0,18.45,323.71,0.5
1991,9,13,NA,0,737.89,1,22.62,1,316,0.5,NA,0,22.57,315.56,0.5
1991,9,14,NA,0,738.96,0.875,NA,0.125,317.43,0.875,NA,0,NA,NA,0.125
1991,9,15,NA,0,752.74,0.875,24.2,0.625,318.5,0.5,NA,0,18.93,320.74,0.25
1991,9,16,NA,0,767.05,1,15,0.375,324.75,1,NA,0,14.8,319.36,0.375
1991,9,17,NA,0,766.4,1,18.75,0.5,324.75,1,NA,0,18.69,318.66,0.5
1991,9,18,NA,0,763.04,1,15.2,0.625,314.75,1,NA,0,14.95,322.67,0.625
1991,9,19,NA,0,761.81,1,17.17,0.75,317.25,1,NA,0,16.88,314.77,0.75
1991,9,20,NA,0,750.2,1,17.33,0.75,306,0.375,NA,0,14.44,311.17,0.25
1991,9,21,NA,0,764.34,1,12,0.625,303.5,1,NA,0,11.79,309.8,0.625
1991,9,22,NA,0,776.33,1,16.33,0.375,322.25,1,NA,0,16.2,333.34,0.375
1991,9,23,NA,0,778.03,1,13.33,0.375,279.75,1,NA,0,13.22,329.46,0.375
1991,9,24,NA,0,777.76,1,17.5,0.5,321,1,NA,0,17.18,320.57,0.5
1991,9,25,NA,0,774.18,1,16.25,1,307.25,1,NA,0,16.16,307.15,1
1991,9,26,NA,0,770.13,1,16.71,0.875,308.86,0.875,NA,0,16.2,309.03,0.75
1991,9,27,NA,0,762.43,1,17,0.375,322.67,0.375,NA,0,NA,NA,0.125
1991,9,28,NA,0,762.29,1,11.5,0.25,264.75,1,NA,0,8.32,283.26,0.25
1991,9,29,NA,0,764.65,1,19.6,0.625,314.75,1,NA,0,19.5,316.31,0.625
1991,9,30,NA,0,762.86,1,20.14,0.875,312.25,1,NA,0,19.99,313.37,0.875
1991,10,1,NA,0,767.14,1,19.6,0.625,317.25,1,NA,0,19.53,322.02,0.625
1991,10,2,NA,0,775.32,1,22.25,0.5,318.5,1,NA,0,22.19,313.42,0.5
1991,10,3,NA,0,777.61,1,16.33,0.75,302,0.625,NA,0,16.71,303.77,0.5
1991,10,4,NA,0,775.6,1,7.14,0.875,261,1,NA,0,5.89,286.15,0.875
1991,10,5,NA,0,774.03,1,3,0.375,242.67,0.375,NA,0,2.38,256.97,0.375
1991,10,6,NA,0,770.1,1,10.86,0.875,294,0.625,NA,0,10.18,294.24,0.625
1991,10,7,NA,0,770.9,0.875,6.6,0.625,174.57,0.875,NA,0,6.55,176.61,0.625
1991,10,8,NA,0,769.56,1,8,0.5,277.25,1,NA,0,4.25,274.69,0.5
1991,10,9,NA,0,765.05,1,19,0.5,322,0.625,NA,0,NA,NA,0.125
1991,10,10,NA,0,765.77,1,16,0.875,312,0.625,NA,0,15.69,311.08,0.5
1991,10,11,NA,0,764.25,1,16.43,0.875,318.5,1,NA,0,16.26,317.92,0.875
1991,10,12,NA,0,752.15,1,19.12,1,329.33,0.375,NA,0,17.27,327.64,0.375
1991,10,13,NA,0,750.74,1,14.62,1,311,1,NA,0,14.57,311.04,1
1991,10,14,NA,0,754.98,1,12.25,1,NA,0.125,NA,0,NA,NA,0.125
1991,10,15,NA,0,757.53,1,9.57,0.875,293.5,1,NA,0,9.47,294.08,0.875
1991,10,16,NA,0,753.29,1,NA,0.125,169.75,1,NA,0,NA,NA,0.125
1991,10,17,NA,0,750.28,1,9.25,0.5,247.25,1,NA,0,5.08,250.64,0.5
1991,10,18,NA,0,745.83,1,10.71,0.875,302.25,1,NA,0,10.61,301.77,0.875
1991,10,19,NA,0,745.18,1,16.83,0.75,302.25,1,NA,0,16.44,302.95,0.75
1991,10,20,NA,0,748.09,1,12.5,0.25,304.75,1,NA,0,12.31,297.21,0.25
1991,10,21,NA,0,751.81,1,12.14,0.875,301,0.5,NA,0,11.95,300.58,0.5
1991,10,22,NA,0,753.09,1,15.71,0.875,304.57,0.875,NA,0,15.18,306.76,0.75
1991,10,23,NA,0,748.71,1,16.6,0.625,309.33,0.75,NA,0,16.16,307.44,0.375
1991,10,24,NA,0,747.07,1,13.8,0.625,306,1,NA,0,13.6,304.39,0.625
1991,10,25,NA,0,747.75,1,15.67,0.75,314,0.625,NA,0,15.61,319.4,0.375
1991,10,26,NA,0,747.16,1,17.25,1,308,0.625,NA,0,17.84,308.23,0.625
1991,10,27,NA,0,744.46,1,15,0.75,298.5,1,NA,0,14.88,302.21,0.75
1991,10,28,NA,0,739.18,1,19,0.375,314,0.625,NA,0,19.92,311,0.25
1991,10,29,NA,0,734.6,1,9.75,0.5,303.5,1,NA,0,9.72,303.18,0.5
1991,10,30,NA,0,732.61,1,12.57,0.875,310,0.625,NA,0,12.59,310.52,0.625
1991,10,31,NA,0,739.55,1,17.5,0.5,306,0.5,NA,0,NA,NA,0
1991,11,1,NA,0,746.22,1,15,0.5,308.5,1,NA,0,14.86,312.82,0.5
1991,11,2,NA,0,748.96,1,NA,0.125,288,0.625,NA,0,NA,NA,0
1991,11,3,NA,0,749.58,1,13.75,0.5,308,0.625,NA,0,14.45,312.56,0.25
1991,11,4,NA,0,751.25,1,16.57,0.875,306,1,NA,0,16.47,304.79,0.875
1991,11,5,NA,0,752.15,1,14.25,0.5,299.75,1,NA,0,14.11,303.88,0.5
1991,11,6,NA,0,756.88,1,13.83,0.75,316,1,NA,0,13.66,315.47,0.75
1991,11,7,NA,0,768.81,1,11,0.25,293.5,1,NA,0,10.97,318.72,0.25
1991,11,8,NA,0,777.09,1,15.2,0.625,321,0.5,NA,0,14.95,322.89,0.375
1991,11,9,NA,0,780.14,1,15.88,1,313.5,0.5,NA,0,15.59,312.81,0.5
1991,11,10,NA,0,774.03,1,16.25,0.5,319.75,1,NA,0,15.68,316.39,0.5
1991,11,11,NA,0,767.36,1,11,0.5,301,1,NA,0,10.36,312.36,0.5
1991,11,12,NA,0,766.8,1,9.2,0.625,279.75,1,NA,0,7.08,279.19,0.625
1991,11,13,NA,0,766.13,1,4,0.5,224.75,1,NA,0,1.67,226.47,0.5
1991,11,14,NA,0,764.96,1,11.43,0.875,168,0.625,NA,0,13.29,167.65,0.625
1991,11,15,NA,0,770.14,1,10.8,0.625,291,1,NA,0,9.53,290.75,0.625
1991,11,16,NA,0,771.71,1,11.75,0.5,314.75,1,NA,0,11.62,318.57,0.5
1991,11,17,NA,0,765.43,1,9.5,0.25,303.5,1,NA,0,8.63,325.21,0.25
1991,11,18,NA,0,758.07,1,11,0.25,292.25,1,NA,0,10.83,316.92,0.25
1991,11,19,NA,0,757.66,1,7.67,0.75,291,1,NA,0,7.43,295.02,0.75
1991,11,20,NA,0,769.61,1,3.33,0.75,208.5,1,NA,0,1,178.04,0.75
1991,11,21,NA,0,776.22,1,5.4,0.625,241,1,NA,0,2.53,229.8,0.625
1991,11,22,NA,0,771.59,1,10.4,0.625,304.75,1,NA,0,10.26,308.87,0.625
1991,11,23,NA,0,764.58,1,13.75,0.5,311,1,NA,0,13.71,313.82,0.5
1991,11,24,NA,0,765.24,1,14,0.375,313.5,1,NA,0,13.83,310.32,0.375
1991,11,25,NA,0,767.94,1,10.67,0.375,274.75,1,NA,0,10.63,312.25,0.375
1991,11,26,NA,0,767.1,1,10.8,0.625,302.25,1,NA,0,10.52,296.76,0.625
1991,11,27,NA,0,763.51,1,11,0.25,173.5,1,NA,0,10.01,146.15,0.25
1991,11,28,NA,0,770.59,1,4.17,0.75,213.14,0.875,NA,0,2.59,257.2,0.625
1991,11,29,NA,0,774.24,1,8,0.625,298.5,1,NA,0,6.84,303.89,0.625
1991,11,30,NA,0,773.91,1,10.5,0.75,292.25,1,NA,0,9.46,303.03,0.75
1991,12,1,NA,0,777.58,1,5.5,0.75,258.5,1,NA,0,3.21,283.15,0.75
1991,12,2,NA,0,779.25,1,12,1,303.5,1,NA,0,11.74,304.63,1
1991,12,3,NA,0,773.01,1,8.43,0.875,282.25,1,NA,0,7.55,281.78,0.875
1991,12,4,NA,0,776.11,1,10.5,0.75,302.25,1,NA,0,10.22,299.4,0.75
1991,12,5,NA,0,780.79,1,11.4,0.625,303.14,0.875,NA,0,10.75,286.31,0.5
1991,12,6,NA,0,776.93,1,7,0.375,204.75,1,NA,0,4.4,220.84,0.375
1991,12,7,NA,0,774,1,8.5,0.25,217.25,1,NA,0,8.47,161.88,0.25
1991,12,8,NA,0,778.11,1,10.75,0.5,306,0.625,NA,0,9.24,305.28,0.375
1991,12,9,NA,0,777.76,1,11.2,0.625,308.5,1,NA,0,11.01,311,0.625
1991,12,10,NA,0,770.45,1,10.14,0.875,298.5,1,NA,0,9.74,301.86,0.875
1991,12,11,NA,0,770.71,1,4.25,0.5,272.25,1,NA,0,3.1,294.11,0.5
1991,12,12,NA,0,773.64,1,NA,0.125,294.57,0.875,NA,0,NA,NA,0.125
1991,12,13,NA,0,773.54,1,4.5,0.5,254.75,1,NA,0,3.75,308.08,0.5
1991,12,14,NA,0,775.16,1,5.25,0.5,232.25,1,NA,0,2.57,209.66,0.5
1991,12,15,NA,0,778.65,1,8,0.5,297.25,1,NA,0,7.97,302.88,0.5
1991,12,16,NA,0,777.13,1,14.5,0.5,302.25,1,NA,0,14.36,309.47,0.5
1991,12,17,NA,0,778.11,1,11.67,0.375,304.75,1,NA,0,11.12,309.53,0.375
1991,12,18,NA,0,777.51,1,5.75,0.5,168.5,1,NA,0,5.46,159.19,0.5
1991,12,19,NA,0,776.03,1,5.2,0.625,194.75,1,NA,0,3.75,159.76,0.625
1991,12,20,NA,0,772.43,1,7.8,0.625,151,1,NA,0,7.06,147,0.625
1991,12,21,NA,0,774.39,1,12,0.25,156,1,NA,0,11.62,147.17,0.25
1991,12,22,NA,0,776.64,1,10.8,0.625,164.75,1,NA,0,10.47,165.24,0.625
1991,12,23,NA,0,779.45,1,18.33,0.375,151,1,NA,0,18.27,149.27,0.375
1991,12,24,NA,0,780.95,1,19.5,0.25,162.25,1,NA,0,19.5,156,0.25
1991,12,25,NA,0,781.71,1,NA,0.125,160,0.625,NA,0,NA,NA,0
1991,12,26,NA,0,778.68,0.625,8.75,0.5,184,0.625,NA,0,8.56,187.23,0.5
1991,12,27,NA,0,774.71,1,11.4,0.625,162.25,1,NA,0,10.76,153.48,0.625
1991,12,28,NA,0,780.7,1,10,0.625,161,1,NA,0,9.68,162.03,0.625
1991,12,29,NA,0,780.65,1,12.5,0.75,222,0.625,NA,0,11.4,183.19,0.375
1991,12,30,NA,0,777.64,1,7,0.5,244.75,1,NA,0,4.16,243.99,0.5
1991,12,31,NA,0,774.44,1,5.5,0.25,258.5,1,NA,0,5.31,302.4,0.25
1992,1,1,NA,0,777.54,1,7.17,0.75,158.5,1,NA,0,6.49,165.25,0.75
1992,1,2,NA,0,780.79,1,5,0.625,257.25,1,NA,0,2.4,251.69,0.625
1992,1,3,NA,0,779.43,0.875,5.6,0.625,273.14,0.875,NA,0,4.92,281.67,0.625
1992,1,4,NA,0,779.25,1,7,0.375,187.25,1,NA,0,6.93,185.04,0.375
1992,1,5,NA,0,786.4,1,8.25,0.5,251,1,NA,0,3.7,242.94,0.5
1992,1,6,NA,0,781.48,1,11.25,0.5,304.75,1,NA,0,10.88,301.04,0.5
1992,1,7,NA,0,766.14,1,4.75,0.5,256,1,NA,0,3.4,245.95,0.5
1992,1,8,NA,0,763.78,1,4.25,0.5,130.25,1,NA,0,3.82,154.39,0.5
1992,1,9,NA,0,764.09,1,8,0.75,166,1,NA,0,7.56,165.4,0.75
1992,1,10,NA,0,763.93,1,8.83,0.75,202.25,1,NA,0,6.92,162.34,0.75
1992,1,11,NA,0,764.9,1,2.2,0.625,220.29,0.875,NA,0,0.68,272.97,0.625
1992,1,12,NA,0,764.86,1,9.33,0.375,293.5,1,NA,0,9.09,289.17,0.375
1992,1,13,NA,0,768.35,1,13,0.375,289.75,1,NA,0,12.82,282.64,0.375
1992,1,14,NA,0,776.81,1,8.4,0.625,301,1,NA,0,7.82,290.94,0.625
1992,1,15,NA,0,777.61,1,4,0.25,224,1,NA,0,3.94,286,0.25
1992,1,16,NA,0,771.36,1,3.5,0.5,264.75,1,NA,0,3.1,286.32,0.5
1992,1,17,NA,0,772.76,1,NA,0.125,218.5,1,NA,0,NA,NA,0.125
1992,1,18,NA,0,771.31,1,8,0.25,204.75,1,NA,0,7.26,194.34,0.25
1992,1,19,NA,0,768.94,1,5.5,0.25,232.75,1,NA,0,4.78,284.1,0.25
1992,1,20,NA,0,774.5,1,10.71,0.875,302.25,1,NA,0,9.64,307.13,0.875
1992,1,21,NA,0,779.24,1,10.5,0.5,312.25,1,NA,0,9.78,314.2,0.5
1992,1,22,NA,0,777.79,1,7.33,0.375,287.25,1,NA,0,7.08,313.14,0.375
1992,1,23,NA,0,773.25,1,9.75,0.5,300,0.625,NA,0,9.21,299.6,0.375
1992,1,24,NA,0,768.13,1,6.5,0.25,229.75,1,NA,0,4.2,230.76,0.25
1992,1,25,NA,0,766.5,1,12.2,0.625,309.75,1,NA,0,12.17,313.87,0.625
1992,1,26,NA,0,765.32,1,9,0.75,291,1,NA,0,8.64,299.01,0.75
1992,1,27,NA,0,767.25,1,3.4,0.625,227.25,1,NA,0,2.89,231.43,0.625
1992,1,28,NA,0,770.9,1,7.67,0.375,321,1,NA,0,7.11,315.23,0.375
1992,1,29,NA,0,767.26,1,14.67,0.375,327.25,1,NA,0,14.46,323.71,0.375
1992,1,30,NA,0,767.26,1,16.57,0.875,318.5,1,NA,0,16.22,320.82,0.875
1992,1,31,NA,0,770.15,1,10.5,0.25,291,0.75,NA,0,10.35,293.6,0.25
1992,2,1,NA,0,772.31,1,9.67,0.375,311,1,NA,0,9.43,308.89,0.375
1992,2,2,NA,0,773.91,1,10,0.375,307.25,1,NA,0,9.97,299.33,0.375
1992,2,3,NA,0,777.23,1,14.33,0.375,302.25,1,NA,0,14.33,296,0.375
1992,2,4,NA,0,774.09,1,7.6,0.625,276,1,NA,0,7.49,287.59,0.625
1992,2,5,NA,0,774.38,1,10,0.75,292.25,1,NA,0,9.1,295.48,0.75
1992,2,6,NA,0,772.06,1,12.33,0.375,307.25,1,NA,0,12.29,312.49,0.375
1992,2,7,NA,0,764.24,1,8,0.375,303.5,1,NA,0,6.58,292.83,0.375
1992,2,8,NA,0,760.15,1,10.5,0.5,292.25,1,NA,0,10.18,315.76,0.5
1992,2,9,NA,0,761.31,1,11.33,0.75,304.33,0.75,NA,0,11.47,303.4,0.5
1992,2,10,NA,0,764.69,1,8.2,0.625,304.75,1,NA,0,8.12,310.17,0.625
1992,2,11,NA,0,760.35,1,15.75,1,311,1,NA,0,15.5,310.94,1
1992,2,12,NA,0,765.91,1,NA,0.125,268,0.625,NA,0,NA,NA,0
1992,2,13,NA,0,776.51,1,NA,0.125,169.75,1,NA,0,NA,NA,0.125
1992,2,14,NA,0,780.76,1,3,0.5,234.75,1,NA,0,2.82,149.09,0.5
1992,2,15,NA,0,776.52,1,15.33,0.375,308.5,1,NA,0,15.12,308.63,0.375
1992,2,16,NA,0,777.49,1,5,0.5,271,1,NA,0,3.7,284.05,0.5
1992,2,17,NA,0,788,1,5.4,0.625,186,0.875,NA,0,5.29,185.93,0.625
1992,2,18,NA,0,786.03,1,10.83,0.75,297.67,0.75,NA,0,10.47,299.09,0.5
1992,2,19,NA,0,776.79,1,15.67,0.375,312.25,1,NA,0,15.67,316,0.375
1992,2,20,NA,0,773.33,1,17,0.375,312.25,1,NA,0,16.94,319.72,0.375
1992,2,21,NA,0,773.81,1,18,0.625,311,1,NA,0,17.85,313.44,0.625
1992,2,22,NA,0,777.84,1,17.67,0.75,316,0.75,NA,0,17.06,314.13,0.625
1992,2,23,NA,0,778.7,1,11.33,0.375,298.5,1,NA,0,11.22,304.52,0.375
1992,2,24,NA,0,778.08,1,8.33,0.75,292.25,1,NA,0,8.12,291.9,0.75
1992,2,25,NA,0,777.31,1,10.8,0.625,280,0.625,NA,0,11.79,283.74,0.5
1992,2,26,NA,0,773.3,1,11.25,1,279.75,1,NA,0,11.17,280.57,1
1992,2,27,NA,0,773.42,1,4.67,0.375,239.75,1,NA,0,4.06,271,0.375
1992,2,28,NA,0,775.6,1,4.8,0.625,189.75,1,NA,0,4.67,190.49,0.625
1992,2,29,NA,0,776.46,1,13,0.25,244.75,1,NA,0,6.56,238.41,0.25
1992,3,1,NA,0,770.51,1,12,0.5,304.75,1,NA,0,11.87,308.31,0.5
1992,3,2,NA,0,762.6,1,14.6,0.625,316,0.75,NA,0,13.65,315.45,0.5
1992,3,3,NA,0,761.95,1,18.5,1,318,0.625,NA,0,18.05,317.87,0.625
1992,3,4,NA,0,761.46,1,16.5,0.75,318.5,0.5,NA,0,13.53,319.9,0.25
1992,3,5,NA,0,757.11,1,16.14,0.875,311,0.25,NA,0,16.44,311.15,0.25
1992,3,6,NA,0,754.29,1,10.33,0.375,239.75,1,NA,0,6.69,288.44,0.375
1992,3,7,NA,0,759.34,1,18.25,0.5,172.67,0.75,NA,0,15.94,170.37,0.25
1992,3,8,NA,0,762.43,1,NA,0.125,164.33,0.75,NA,0,NA,NA,0
1992,3,9,NA,0,761.88,1,10,0.375,282.25,1,NA,0,9.44,301.54,0.375
1992,3,10,NA,0,762.1,1,17.25,1,309.33,0.75,NA,0,17.77,309.64,0.75
1992,3,11,NA,0,764.6,1,17.12,1,NA,0.125,NA,0,NA,NA,0.125
1992,3,12,NA,0,761.84,1,12,0.75,294.33,0.75,NA,0,10.15,294.77,0.5
1992,3,13,NA,0,755.56,1,NA,0.125,282.75,1,NA,0,NA,NA,0.125
1992,3,14,NA,0,757.66,1,17,0.25,292.25,1,NA,0,16.42,291.9,0.25
1992,3,15,NA,0,760.96,1,15.5,0.25,306,1,NA,0,15.5,296,0.25
1992,3,16,NA,0,769.1,1,18,0.375,188.5,1,NA,0,17.94,2.86,0.375
1992,3,17,NA,0,771.95,1,6,0.5,242.25,1,NA,0,3.94,213.19,0.5
1992,3,18,NA,0,772.11,1,5.83,0.75,243.5,1,NA,0,5.41,251.53,0.75
1992,3,19,NA,0,773.15,1,10,0.75,269.33,0.75,NA,0,8.71,284.6,0.5
1992,3,20,NA,0,775.7,1,13.75,0.5,304.33,0.75,NA,0,13.6,303.26,0.5
1992,3,21,NA,0,766.89,1,14.67,0.75,314,0.625,NA,0,12.98,311.48,0.5
1992,3,22,NA,0,762.24,1,16.2,0.625,316,0.5,NA,0,NA,NA,0.125
1992,3,23,NA,0,754.06,1,18.25,0.5,322.67,0.375,NA,0,16.5,326,0.25
1992,3,24,NA,0,755.7,1,13.6,0.625,307.25,1,NA,0,13.57,304.39,0.625
1992,3,25,NA,0,762.99,1,14,1,299.33,0.375,NA,0,12.96,299.07,0.375
1992,3,26,NA,0,772.38,1,12.86,0.875,299.33,0.375,NA,0,13.62,299.17,0.375
1992,3,27,NA,0,774.49,1,13.38,1,294.75,1,NA,0,13.3,295.25,1
1992,3,28,NA,0,769.61,1,17,1,306,0.75,NA,0,17.08,306,0.75
1992,3,29,NA,0,768.5,1,19.4,0.625,304,0.625,NA,0,18.22,296.82,0.25
1992,3,30,NA,0,765.01,1,21.33,0.375,309.33,0.75,NA,0,20.5,306,0.25
1992,3,31,NA,0,757.7,1,22.2,0.625,306,0.375,NA,0,20.92,310.76,0.25
1992,4,1,NA,0,760.1,1,24,0.25,296,0.75,NA,0,NA,NA,0.125
1992,4,2,NA,0,764.8,1,15.25,0.5,303.5,1,NA,0,15.09,298.31,0.5
1992,4,3,NA,0,762.31,1,18.17,0.75,311,0.5,NA,0,17.16,306.19,0.375
1992,4,4,NA,0,757.98,1,17.8,0.625,310,0.625,NA,0,16.95,308.64,0.5
1992,4,5,NA,0,762.83,1,16.33,0.375,312,0.625,NA,0,15.5,316,0.25
1992,4,6,NA,0,765.1,1,21.29,0.875,NA,0,NA,0,NA,NA,0
1992,4,7,NA,0,766.22,1,18.8,0.625,307.43,0.875,NA,0,18.31,308.85,0.5
1992,4,8,NA,0,763.59,1,12,0.625,302.67,0.75,NA,0,12.95,302.41,0.375
1992,4,9,NA,0,762.07,1,14.67,0.75,306,0.75,NA,0,15.25,306,0.5
1992,4,10,NA,0,762.11,1,16.71,0.875,314.75,1,NA,0,16.59,313,0.875
1992,4,11,NA,0,750.33,1,18.67,0.375,326,0.625,NA,0,18.6,329.75,0.375
1992,4,12,NA,0,748.09,1,16.8,0.625,303.14,0.875,NA,0,16.57,304.61,0.625
1992,4,13,NA,0,752.38,1,15,0.5,307.43,0.875,NA,0,15.28,309.26,0.375
1992,4,14,NA,0,752.81,1,19.5,0.5,323.5,1,NA,0,19.35,326.13,0.5
1992,4,15,NA,0,755.68,1,16.67,0.375,302.67,0.75,NA,0,16.61,302.8,0.375
1992,4,16,NA,0,760.27,1,16.67,0.375,308.86,0.875,NA,0,16.61,309.4,0.375
1992,4,17,NA,0,753.69,1,NA,0.125,308.5,1,NA,0,NA,NA,0.125
1992,4,18,NA,0,756.34,1,NA,0.125,299.75,1,NA,0,NA,NA,0.125
1992,4,19,NA,0,768.56,1,NA,0.125,213.5,1,NA,0,NA,NA,0.125
1992,4,20,NA,0,763.54,1,NA,0.125,277.43,0.875,NA,0,NA,NA,0.125
1992,4,21,NA,0,767.41,1,NA,0.125,327.25,1,NA,0,NA,NA,0.125
1992,4,22,NA,0,754.29,1,NA,0.125,281,1,NA,0,NA,NA,0.125
1992,4,23,NA,0,749.61,1,NA,0.125,296,0.25,NA,0,NA,NA,0
1992,4,24,NA,0,761.39,1,12.29,0.875,307.67,0.75,NA,0,12.95,309.84,0.625
1992,4,25,NA,0,757.82,1,20.43,0.875,306,0.75,NA,0,19.68,306.3,0.625
1992,4,26,NA,0,755.54,1,20.33,0.75,298,0.625,NA,0,18.6,302.61,0.375
1992,4,27,NA,0,761.45,1,17.4,0.625,310.29,0.875,NA,0,17.34,312.09,0.625
1992,4,28,NA,0,773.86,1,15,0.75,327.43,0.875,NA,0,14.47,327.65,0.625
1992,4,29,NA,0,777.53,1,NA,0.125,323.14,0.875,NA,0,NA,NA,0
1992,4,30,NA,0,771.34,1,17.25,0.5,309.33,0.75,NA,0,17.43,311.14,0.25
1992,5,1,NA,0,774.18,1,17.67,0.75,NA,0,NA,0,NA,NA,0
1992,5,2,NA,0,767.45,1,20.67,0.75,316,0.75,NA,0,20.62,314.14,0.5
1992,5,3,NA,0,755.32,1,25.33,0.375,302.25,1,NA,0,25.25,299.42,0.375
1992,5,4,NA,0,759.85,1,25,0.375,317.25,1,NA,0,24.91,319.6,0.375
1992,5,5,NA,0,769.9,1,20,0.25,321,0.75,NA,0,19.71,318.02,0.25
1992,5,6,NA,0,771.58,1,24.5,0.25,148,0.875,NA,0,24.14,357.44,0.25
1992,5,7,NA,0,779.59,1,NA,0.125,312.25,1,NA,0,NA,NA,0.125
1992,5,8,NA,0,776.5,1,16,0.5,318.5,1,NA,0,15.72,311.32,0.5
1992,5,9,NA,0,764.74,1,17.5,0.5,318.5,1,NA,0,17.43,320.86,0.5
1992,5,10,NA,0,753.84,1,17,0.5,323.5,1,NA,0,16.87,326,0.5
1992,5,11,NA,0,751.77,1,16.8,0.625,309.33,0.75,NA,0,16.71,303.77,0.5
1992,5,12,NA,0,764.15,1,19.33,0.375,311.71,0.875,NA,0,19.27,312.9,0.375
1992,5,13,NA,0,764.27,1,19.2,0.625,314,0.625,NA,0,19.6,316,0.5
1992,5,14,NA,0,756.9,1,NA,0.125,307.25,1,NA,0,NA,NA,0.125
1992,5,15,NA,0,762.69,1,17.75,1,308.5,0.5,NA,0,16.7,308.38,0.5
1992,5,16,NA,0,756.54,1,17.12,1,NA,0,NA,0,NA,NA,0
1992,5,17,NA,0,752.66,1,11.88,1,306,0.25,NA,0,10.34,307.44,0.25
1992,5,18,NA,0,756.51,1,3.5,0.5,214,1,NA,0,2.95,230.06,0.5
1992,5,19,NA,0,768.68,1,6,0.5,266,0.75,NA,0,2.77,266.21,0.375
1992,5,20,NA,0,776.51,1,13.38,1,312.67,0.375,NA,0,13.95,312.67,0.375
1992,5,21,NA,0,775.26,1,12.29,0.875,316,1,NA,0,12.16,313.78,0.875
1992,5,22,NA,0,762.19,1,14.5,0.25,287.25,1,NA,0,14.45,339.79,0.25
1992,5,23,NA,0,755.45,1,18,0.375,46,1,NA,0,17.83,24.88,0.375
1992,5,24,NA,0,765.85,1,4.5,0.5,146,0.75,NA,0,4.24,156.26,0.5
1992,5,25,NA,0,771.25,1,6.5,0.5,294.57,0.875,NA,0,6.07,292.85,0.375
1992,5,26,NA,0,773.19,1,16.33,0.75,308.5,0.5,NA,0,16.94,310.71,0.25
1992,5,27,NA,0,776.1,1,11.6,0.625,296,0.875,NA,0,11.56,289.96,0.625
1992,5,28,NA,0,765.67,1,7,0.25,231.5,1,NA,0,4.02,241,0.25
1992,5,29,NA,0,760.27,0.875,10.5,0.25,228.5,1,NA,0,5.41,222.1,0.25
1992,5,30,NA,0,757.1,1,19.5,0.75,311,1,NA,0,19.23,311.47,0.75
1992,5,31,NA,0,755.74,1,17.57,0.875,309.33,0.75,NA,0,17.96,307.88,0.625
1992,6,1,NA,0,762.29,1,15.29,0.875,NA,0.125,NA,0,NA,NA,0.125
1992,6,2,NA,0,764.22,1,16,0.375,318.5,0.5,NA,0,NA,NA,0.125
1992,6,3,NA,0,761.41,1,18.5,0.25,328.5,1,NA,0,18.43,331.14,0.25
1992,6,4,NA,0,771.23,1,20,0.5,314,0.625,NA,0,20.22,313.63,0.375
1992,6,5,NA,0,770.14,1,12.33,0.375,292.25,1,NA,0,12.29,289.51,0.375
1992,6,6,NA,0,765.68,1,NA,0,312.25,1,NA,0,NA,NA,0
1992,6,7,NA,0,754.49,1,NA,0.125,312.25,1,NA,0,NA,NA,0.125
1992,6,8,NA,0,759.91,1,NA,0,314.75,1,NA,0,NA,NA,0
1992,6,9,NA,0,763.8,1,20.25,0.5,316,0.5,NA,0,NA,NA,0
1992,6,10,NA,0,762.88,1,21,0.375,311.71,0.875,NA,0,20.93,312.35,0.375
1992,6,11,NA,0,762.26,1,22.5,0.25,314.57,0.875,NA,0,22.41,321.11,0.25
1992,6,12,NA,0,755.1,1,NA,0,150.25,1,NA,0,NA,NA,0
1992,6,13,NA,0,759.9,1,13.33,0.375,306,0.625,NA,0,13.04,293.29,0.375
1992,6,14,NA,0,768,1,19.75,0.5,324,0.625,NA,0,21.92,321.23,0.25
1992,6,15,NA,0,783.31,1,19.4,0.625,321,1,NA,0,19.22,320.46,0.625
1992,6,16,NA,0,774.39,1,NA,0,318.5,1,NA,0,NA,NA,0
1992,6,17,NA,0,773.56,1,11.8,0.625,309.75,1,NA,0,11.57,315.54,0.625
1992,6,18,NA,0,774.55,1,15.12,1,313.14,0.875,NA,0,15.24,313.2,0.875
1992,6,19,NA,0,774.89,1,16,1,309.33,0.375,NA,0,15.28,309.69,0.375
1992,6,20,NA,0,777.76,1,12.88,1,309.75,1,NA,0,12.78,309.89,1
1992,6,21,NA,0,774.86,1,15.43,0.875,313.5,1,NA,0,15.31,313.49,0.875
1992,6,22,NA,0,770.13,1,20.33,0.375,311,0.5,NA,0,20.27,312.73,0.375
1992,6,23,NA,0,773.65,1,NA,0.125,301,1,NA,0,NA,NA,0.125
1992,6,24,NA,0,772.61,1,NA,0.125,303.5,1,NA,0,NA,NA,0.125
1992,6,25,NA,0,771.13,1,14.67,0.375,311,1,NA,0,14.62,309.63,0.375
1992,6,26,NA,0,772.14,1,13.33,0.75,302.25,1,NA,0,13.14,304.2,0.75
1992,6,27,NA,0,778.93,1,9.33,0.75,301,1,NA,0,9.26,298.33,0.75
1992,6,28,NA,0,781.63,1,11.4,0.625,296,1,NA,0,11.24,301.08,0.625
1992,6,29,NA,0,777.11,1,8.8,0.625,286,1,NA,0,8.14,301.86,0.625
1992,6,30,NA,0,773.35,1,7.29,0.875,294.75,1,NA,0,6.99,294.66,0.875
1992,7,1,NA,0,779.22,1,16.83,0.75,310,0.625,NA,0,16.61,309.2,0.375
1992,7,2,NA,0,779.68,1,17.71,0.875,300,0.625,NA,0,17.2,298.89,0.5
1992,7,3,NA,0,778.14,1,18.5,0.75,311,0.25,NA,0,18.43,310.86,0.25
1992,7,4,NA,0,783.99,1,16.43,0.875,311,0.5,NA,0,14.95,309.55,0.375
1992,7,5,NA,0,786.68,1,16.12,1,312.25,1,NA,0,16.07,312.28,1
1992,7,6,NA,0,782.16,1,16.4,0.625,323.5,1,NA,0,16.25,319.31,0.625
1992,7,7,NA,0,781.03,1,13.8,0.625,316,0.875,NA,0,13.71,308.9,0.5
1992,7,8,NA,0,776.57,1,NA,0.125,314.57,0.875,NA,0,NA,NA,0
1992,7,9,NA,0,770.66,1,NA,0.125,319.75,1,NA,0,NA,NA,0.125
1992,7,10,NA,0,771.48,1,7.67,0.375,313.5,1,NA,0,7.64,333.4,0.375
1992,7,11,NA,0,777.75,1,15,0.625,326,1,NA,0,14.68,327.7,0.625
1992,7,12,NA,0,776.99,1,15.33,0.375,323.5,1,NA,0,15.18,316,0.375
1992,7,13,NA,0,773.85,1,18,0.5,328.5,1,NA,0,17.69,328.18,0.5
1992,7,14,NA,0,761.5,1,15,0.5,316,1,NA,0,14.94,310.67,0.5
1992,7,15,NA,0,746.95,1,15.86,0.875,313.14,0.875,NA,0,15.2,312.83,0.75
1992,7,16,NA,0,745.38,1,13.38,1,308.5,0.5,NA,0,11.72,308.12,0.5
1992,7,17,NA,0,748.69,1,11.12,1,308.5,1,NA,0,11.09,308.35,1
1992,7,18,NA,0,751.78,1,12.5,0.75,298.5,0.5,NA,0,11.95,300.58,0.25
1992,7,19,NA,0,747.56,1,19.29,0.875,311,0.5,NA,0,17.94,312.48,0.375
1992,7,20,NA,0,747.44,1,18.75,0.5,302.67,0.375,NA,0,NA,NA,0.125
1992,7,21,NA,0,750.21,1,21,0.75,311,0.25,NA,0,NA,NA,0
1992,7,22,NA,0,746.99,1,21.75,1,NA,0,NA,0,NA,NA,0
1992,7,23,NA,0,740.4,1,20.38,1,301,0.25,NA,0,21.42,300.88,0.25
1992,7,24,NA,0,740.62,1,17,0.5,319.33,0.375,NA,0,NA,NA,0
1992,7,25,NA,0,745.43,1,13.67,0.75,296,0.25,NA,0,NA,NA,0.125
1992,7,26,NA,0,741.96,1,11,0.75,278.86,0.875,NA,0,10.3,301.55,0.625
1992,7,27,NA,0,740.56,1,NA,0.125,249.75,1,NA,0,NA,NA,0.125
1992,7,28,NA,0,748.56,1,15.5,0.25,321,1,NA,0,15.45,312.45,0.25
1992,7,29,NA,0,756.04,1,NA,0,301,1,NA,0,NA,NA,0
1992,7,30,NA,0,761.8,1,15.25,0.5,301,1,NA,0,15.14,316,0.5
1992,7,31,NA,0,761.97,1,NA,0.125,318.5,1,NA,0,NA,NA,0.125
1992,8,1,NA,0,747.51,1,17.5,0.25,322.25,1,NA,0,16.45,314.21,0.25
1992,8,2,NA,0,746.34,1,4.75,0.5,251.5,1,NA,0,4.72,298.11,0.5
1992,8,3,NA,0,751.6,1,6.8,0.625,224,0.625,NA,0,2.8,214.24,0.5
1992,8,4,NA,0,761.46,1,19,0.25,231,0.5,NA,0,NA,NA,0
1992,8,5,NA,0,770.75,1,13.33,0.75,302.25,1,NA,0,13.29,302.38,0.75
1992,8,6,NA,0,773.89,1,13.57,0.875,313.5,1,NA,0,13.3,311.93,0.875
1992,8,7,NA,0,777.15,1,11.5,0.5,328.5,1,NA,0,11.37,331.26,0.5
1992,8,8,NA,0,775.41,1,13.33,0.375,317.25,1,NA,0,12.94,326.36,0.375
1992,8,9,NA,0,774.79,1,13.67,0.375,317.25,1,NA,0,13.54,305.76,0.375
1992,8,10,NA,0,776.77,1,14.2,0.625,322.25,1,NA,0,14.15,322.2,0.625
1992,8,11,NA,0,773.43,1,12.67,0.375,322.25,1,NA,0,12.31,317.44,0.375
1992,8,12,NA,0,767.71,1,NA,0.125,314.75,1,NA,0,NA,NA,0.125
1992,8,13,NA,0,764.15,1,NA,0,294.75,1,NA,0,NA,NA,0
1992,8,14,NA,0,771.91,1,NA,0,313.5,1,NA,0,NA,NA,0
1992,8,15,NA,0,771.54,1,18,0.375,326,0.625,NA,0,17.43,331.43,0.25
1992,8,16,NA,0,771.16,1,19.14,0.875,318.86,0.875,NA,0,19.32,319.18,0.75
1992,8,17,NA,0,768.51,1,13.75,1,302.67,0.75,NA,0,13.55,303.18,0.75
1992,8,18,NA,0,765.88,1,12.8,0.625,316,1,NA,0,12.75,322.25,0.625
1992,8,19,NA,0,770.5,1,15.67,0.75,307.67,0.75,NA,0,15.84,303.49,0.5
1992,8,20,NA,0,767.05,1,14.71,0.875,301,0.75,NA,0,14.78,301.06,0.75
1992,8,21,NA,0,764.64,1,18.5,0.75,308.86,0.875,NA,0,18.45,308.59,0.625
1992,8,22,NA,0,766.22,1,15.71,0.875,297.67,0.75,NA,0,14.17,298.88,0.625
1992,8,23,NA,0,760.09,1,4.5,0.5,261,1,NA,0,4.1,250.35,0.5
1992,8,24,NA,0,768.19,1,17,0.75,328.5,1,NA,0,16.87,324.92,0.75
1992,8,25,NA,0,771.89,1,13,0.25,331,1,NA,0,12.95,331.39,0.25
1992,8,26,NA,0,762.96,1,NA,0.125,313.5,1,NA,0,NA,NA,0.125
1992,8,27,NA,0,760.05,1,7.25,0.5,279.75,1,NA,0,6.67,263.3,0.5
1992,8,28,NA,0,758.76,1,7.33,0.375,319.75,1,NA,0,6.43,322.5,0.375
1992,8,29,NA,0,748.55,1,14,0.25,321,1,NA,0,13.95,320.28,0.25
1992,8,30,NA,0,742.21,1,NA,0.125,316,0.75,NA,0,NA,NA,0.125
1992,8,31,NA,0,734.91,1,12.8,0.625,297.25,1,NA,0,12.75,299.75,0.625
1992,9,1,NA,0,732.3,1,17.17,0.75,304.75,1,NA,0,17.05,308.33,0.75
1992,9,2,NA,0,733.53,1,23.33,0.375,306,1,NA,0,23.1,305.43,0.375
1992,9,3,NA,0,743.38,1,21.5,0.75,317.25,1,NA,0,21.34,317.55,0.75
1992,9,4,NA,0,752.11,1,21.8,0.625,321,1,NA,0,21.62,317.84,0.625
1992,9,5,NA,0,766.06,0.875,NA,0.125,307.25,1,NA,0,NA,NA,0.125
1992,9,6,NA,0,768.7,1,19,0.25,318.5,1,NA,0,19,316,0.25
1992,9,7,NA,0,774.94,1,20,0.25,316,1,NA,0,20,316,0.25
1992,9,8,NA,0,781.69,1,15.67,0.75,316,1,NA,0,15.54,312.48,0.75
1992,9,9,NA,0,782.76,1,16.8,0.625,322.25,1,NA,0,16.7,326.12,0.625
1992,9,10,NA,0,773.3,1,18.8,0.625,322,0.625,NA,0,19.26,322.21,0.375
1992,9,11,NA,0,757.99,1,17.43,0.875,321,0.25,NA,0,NA,NA,0.125
1992,9,12,NA,0,749.25,1,17.5,0.75,307.25,1,NA,0,17.41,306.29,0.75
1992,9,13,NA,0,744.36,1,16,0.375,306,1,NA,0,15.84,297.05,0.375
1992,9,14,NA,0,739.11,1,NA,0.125,313.5,0.5,NA,0,NA,NA,0
1992,9,15,NA,0,742.57,0.875,NA,0.125,311,1,NA,0,NA,NA,0.125
1992,9,16,NA,0,746.85,1,16.5,0.25,316,0.625,NA,0,15.51,317.9,0.25
1992,9,17,NA,0,745.49,1,17.83,0.75,328.5,1,NA,0,17.69,329.47,0.75
1992,9,18,NA,0,741.18,1,17.33,0.375,304.57,0.875,NA,0,18.71,307.06,0.25
1992,9,19,NA,0,745.14,1,14.5,0.5,302.67,0.375,NA,0,NA,NA,0.125
1992,9,20,NA,0,749.75,1,10.83,0.75,276,0.5,NA,0,8.97,301.56,0.25
1992,9,21,NA,0,760.86,1,7.5,0.75,260.29,0.875,NA,0,4.52,255.99,0.625
1992,9,22,NA,0,758.79,1,16.43,0.875,311,0.25,NA,0,19.43,310.87,0.25
1992,9,23,NA,0,751.32,1,19.12,1,321,0.5,NA,0,20.42,321.12,0.5
1992,9,24,NA,0,744.55,1,18.12,1,319.33,0.375,NA,0,16.76,318.57,0.375
1992,9,25,NA,0,749.78,1,10,0.25,312,0.625,NA,0,10,316,0.25
1992,9,26,NA,0,749.51,1,19.5,0.25,320,0.625,NA,0,NA,NA,0.125
1992,9,27,NA,0,745.49,1,20,0.5,313.5,1,NA,0,19.78,321.29,0.5
1992,9,28,NA,0,745.96,1,13.67,0.375,301,0.75,NA,0,NA,NA,0.125
1992,9,29,NA,0,745.71,1,14.75,0.5,301,0.5,NA,0,NA,NA,0.125
1992,9,30,NA,0,745.58,1,16.6,0.625,307.67,0.75,NA,0,16.5,297,0.375
1992,10,1,NA,0,748.33,1,3.5,0.5,199,1,NA,0,3.37,224.79,0.5
1992,10,2,NA,0,753.53,1,NA,0,172.25,1,NA,0,NA,NA,0
1992,10,3,NA,0,758.49,1,13.75,0.5,301,0.75,NA,0,13.18,308.44,0.5
1992,10,4,NA,0,750.76,1,15.75,1,294.33,0.75,NA,0,15.23,294.85,0.75
1992,10,5,NA,0,749.35,1,17,1,301,0.25,NA,0,16.44,301.15,0.25
1992,10,6,NA,0,739.3,1,17.25,1,311,0.25,NA,0,17.43,311.14,0.25
1992,10,7,NA,0,728.71,1,15.62,1,306,0.375,NA,0,15,306,0.375
1992,10,8,NA,0,739.55,1,12,0.375,202.75,1,NA,0,6.58,280.56,0.375
1992,10,9,NA,0,744.94,1,12.2,0.625,317.25,1,NA,0,12.11,320.11,0.625
1992,10,10,NA,0,745.75,1,18,0.875,308,0.625,NA,0,17.81,303.62,0.5
1992,10,11,NA,0,748.65,1,9,0.5,197.67,0.75,NA,0,10.46,171.24,0.25
1992,10,12,NA,0,758.26,1,14,0.25,249.75,1,NA,0,13.95,311,0.25
1992,10,13,NA,0,765.11,1,19.75,0.5,319.75,1,NA,0,19.75,316,0.5
1992,10,14,NA,0,763.29,1,18.29,0.875,306,0.25,NA,0,18.5,306,0.25
1992,10,15,NA,0,767.49,1,13.2,0.625,306,0.75,NA,0,11.57,309.1,0.375
1992,10,16,NA,0,762.26,1,16.17,0.75,303.5,0.5,NA,0,15.33,304.38,0.5
1992,10,17,NA,0,753.35,1,17.5,0.75,313.14,0.875,NA,0,17.05,314.25,0.625
1992,10,18,NA,0,754.36,1,15.88,1,309.33,0.375,NA,0,15.61,310.04,0.375
1992,10,19,NA,0,761.46,1,14.5,1,312.67,0.375,NA,0,13.48,312.8,0.375
1992,10,20,NA,0,766.39,1,8.5,0.25,286,1,NA,0,7.12,279.95,0.25
1992,10,21,NA,0,765.34,1,17.8,0.625,320,0.625,NA,0,17.33,316,0.375
1992,10,22,NA,0,762.55,1,17.6,0.625,312.67,0.75,NA,0,17.34,309.16,0.625
1992,10,23,NA,0,756.98,1,17.57,0.875,307.43,0.875,NA,0,17.54,307.89,0.75
1992,10,24,NA,0,761.18,1,15,0.375,266,0.75,NA,0,14.84,315.33,0.375
1992,10,25,NA,0,764.69,1,18,0.25,318.5,1,NA,0,17.73,325.44,0.25
1992,10,26,NA,0,764.28,1,13,0.25,318.86,0.875,NA,0,NA,NA,0.125
1992,10,27,NA,0,761.93,1,5.75,0.5,282.25,1,NA,0,5.61,293.06,0.5
1992,10,28,NA,0,759.8,1,20.33,0.375,326,1,NA,0,19.42,331.75,0.375
1992,10,29,NA,0,757.04,1,NA,0.125,321.71,0.875,NA,0,NA,NA,0.125
1992,10,30,NA,0,758.81,1,17.2,0.625,311,0.75,NA,0,16.44,311.3,0.5
1992,10,31,NA,0,763.89,1,12.33,0.75,294.57,0.875,NA,0,12.17,297.63,0.625
1992,11,1,NA,0,766.2,1,14.43,0.875,293.5,0.5,NA,0,12.62,289.94,0.375
1992,11,2,NA,0,759.38,1,13.2,0.625,298,0.625,NA,0,13.71,298.54,0.5
1992,11,3,NA,0,756.05,1,NA,0,186,0.75,NA,0,NA,NA,0
1992,11,4,NA,0,758.25,1,NA,0.125,169.75,1,NA,0,NA,NA,0.125
1992,11,5,NA,0,760.05,1,14.5,0.25,168.5,1,NA,0,14.29,163.56,0.25
1992,11,6,NA,0,761.09,1,7,0.25,221,1,NA,0,6.97,281.72,0.25
1992,11,7,NA,0,760.04,1,11.17,0.75,279.33,0.75,NA,0,9.4,278.06,0.625
1992,11,8,NA,0,755.99,1,16.33,0.75,301,0.5,NA,0,15.48,300.5,0.375
1992,11,9,NA,0,755.03,1,16.25,0.5,309.75,1,NA,0,16.08,313.37,0.5
1992,11,10,NA,0,757,1,18.25,0.5,302.67,0.375,NA,0,NA,NA,0.125
1992,11,11,NA,0,750.03,0.5,NA,0.125,308.5,0.5,NA,0,NA,NA,0.125
1992,11,12,NA,0,NA,0,NA,0,NA,0,NA,0,NA,NA,0
1992,11,13,NA,0,NA,0,NA,0,NA,0,NA,0,NA,NA,0
1992,11,14,NA,0,NA,0,NA,0,NA,0,NA,0,NA,NA,0
1992,11,15,NA,0,NA,0,NA,0,NA,0,NA,0,NA,NA,0
1992,11,16,NA,0,NA,0,NA,0,NA,0,NA,0,NA,NA,0
1992,11,17,NA,0,NA,0,NA,0,NA,0,NA,0,NA,NA,0
1992,11,18,NA,0,NA,0,NA,0,NA,0,NA,0,NA,NA,0
1992,11,19,NA,0,NA,0,NA,0,NA,0,NA,0,NA,NA,0
1992,11,20,NA,0,NA,0,NA,0,NA,0,NA,0,NA,NA,0
1992,11,21,NA,0,NA,0,NA,0,NA,0,NA,0,NA,NA,0
1992,11,22,NA,0,NA,0,NA,0,NA,0,NA,0,NA,NA,0
1992,11,23,NA,0,NA,0,NA,0,NA,0,NA,0,NA,NA,0
1992,11,24,NA,0,NA,0,NA,0,NA,0,NA,0,NA,NA,0
1992,11,25,NA,0,NA,0,NA,0,NA,0,NA,0,NA,NA,0
1992,11,26,NA,0,NA,0,NA,0,NA,0,NA,0,NA,NA,0
1992,11,27,NA,0,NA,0,NA,0,NA,0,NA,0,NA,NA,0
1992,11,28,NA,0,NA,0,NA,0,NA,0,NA,0,NA,NA,0
1992,11,29,NA,0,NA,0,NA,0,NA,0,NA,0,NA,NA,0
1992,11,30,NA,0,NA,0,NA,0,NA,0,NA,0,NA,NA,0
1992,12,1,NA,0,NA,0,NA,0,NA,0,NA,0,NA,NA,0
1992,12,2,NA,0,NA,0,NA,0,NA,0,NA,0,NA,NA,0
1992,12,3,NA,0,NA,0,NA,0,NA,0,NA,0,NA,NA,0
1992,12,4,NA,0,NA,0,NA,0,NA,0,NA,0,NA,NA,0
1992,12,5,NA,0,NA,0,NA,0,NA,0,NA,0,NA,NA,0
1992,12,6,NA,0,NA,0,NA,0,NA,0,NA,0,NA,NA,0
1992,12,7,NA,0,NA,0,NA,0,NA,0,NA,0,NA,NA,0
1992,12,8,NA,0,NA,0,NA,0,NA,0,NA,0,NA,NA,0
1992,12,9,NA,0,NA,0,NA,0,NA,0,NA,0,NA,NA,0
1992,12,10,NA,0,NA,0,NA,0,NA,0,NA,0,NA,NA,0
1992,12,11,NA,0,NA,0,NA,0,NA,0,NA,0,NA,NA,0
1992,12,12,NA,0,NA,0,NA,0,NA,0,NA,0,NA,NA,0
1992,12,13,NA,0,NA,0,NA,0,NA,0,NA,0,NA,NA,0
1992,12,14,NA,0,NA,0,NA,0,NA,0,NA,0,NA,NA,0
1992,12,15,NA,0,NA,0,NA,0,NA,0,NA,0,NA,NA,0
1992,12,16,NA,0,NA,0,NA,0,NA,0,NA,0,NA,NA,0
1992,12,17,NA,0,NA,0,NA,0,NA,0,NA,0,NA,NA,0
1992,12,18,NA,0,770.12,0.75,13.2,0.625,312.67,0.75,NA,0,12.84,316.32,0.625
1992,12,19,NA,0,772.51,0.875,13,0.5,304.57,0.875,NA,0,12.86,313.29,0.5
1992,12,20,NA,0,769.18,1,5.67,0.375,209.75,1,NA,0,2.68,240.57,0.375
1992,12,21,NA,0,765.05,1,3.71,0.875,231,1,NA,0,2.13,229.37,0.875
1992,12,22,NA,0,763.4,1,7,0.25,168.86,0.875,NA,0,6.97,171,0.25
1992,12,23,NA,0,767.86,1,26.5,0.75,130,0.625,NA,0,26.18,128.47,0.5
1992,12,24,NA,0,772.25,1,7.5,0.25,189.33,0.75,NA,0,NA,NA,0.125
1992,12,25,NA,0,768.61,0.875,7.4,0.625,277.43,0.875,NA,0,6.68,269.59,0.625
1992,12,26,NA,0,768.4,0.75,11,0.75,264.33,0.75,NA,0,9.97,265.09,0.75
1992,12,27,NA,0,770.65,0.75,9,0.625,284.33,0.75,NA,0,7.18,265.4,0.625
1992,12,28,NA,0,766.65,0.75,13.67,0.375,286,0.75,NA,0,12.67,283.19,0.375
1992,12,29,NA,0,767.6,0.875,8.5,0.5,287.43,0.875,NA,0,8.37,303.32,0.5
1992,12,30,NA,0,770.46,1,3.4,0.625,276,0.875,NA,0,2.69,281.92,0.625
1992,12,31,NA,0,772.34,1,4.6,0.625,176.5,1,NA,0,3.93,148.29,0.625
1993,1,1,NA,0,774.46,0.875,7,0.5,290.29,0.875,NA,0,6.54,274.43,0.5
1993,1,2,NA,0,775.88,1,NA,0.125,304,0.625,NA,0,NA,NA,0.125
1993,1,3,NA,0,781.34,1,7.75,0.5,292.25,1,NA,0,7.3,299.36,0.5
1993,1,4,NA,0,781.4,0.875,NA,0.125,298,0.625,NA,0,NA,NA,0.125
1993,1,5,NA,0,780.51,1,13,0.5,249.75,1,NA,0,11.54,273.34,0.5
1993,1,6,NA,0,775.76,0.875,12.83,0.75,310.29,0.875,NA,0,12.3,302.27,0.75
1993,1,7,NA,0,775.7,0.625,8.25,0.5,292,0.625,NA,0,7.84,293.63,0.5
1993,1,8,NA,0,775.58,0.75,6.25,0.5,264,0.625,NA,0,5.46,298.87,0.5
1993,1,9,NA,0,774,0.75,3,0.5,192.67,0.75,NA,0,2.49,171.53,0.5
1993,1,10,NA,0,767.8,0.875,9.71,0.875,304.57,0.875,NA,0,9,309.17,0.875
1993,1,11,NA,0,773.3,0.875,5.17,0.75,214.57,0.875,NA,0,1.29,13.38,0.75
1993,1,12,NA,0,783.79,1,6.75,0.5,248.5,1,NA,0,5.71,309.93,0.5
1993,1,13,NA,0,779.13,1,8,1,273.5,1,NA,0,7.7,272,1
1993,1,14,NA,0,777.36,1,5,0.625,173.5,1,NA,0,4.96,163.99,0.625
1993,1,15,NA,0,786.5,0.875,4.17,0.75,243.14,0.875,NA,0,2.75,283.13,0.75
1993,1,16,NA,0,784.36,0.875,10.17,0.75,298.86,0.875,NA,0,9.43,302.85,0.75
1993,1,17,NA,0,782.77,0.75,5.4,0.625,271,0.75,NA,0,5.03,282.22,0.625
1993,1,18,NA,0,785.38,0.75,7.75,0.5,167.67,0.75,NA,0,7.56,168.56,0.5
1993,1,19,NA,0,782.04,0.875,15,0.375,160.29,0.875,NA,0,14.95,162.89,0.375
1993,1,20,NA,0,784.08,0.75,8.6,0.625,167.67,0.75,NA,0,8.28,166.97,0.625
1993,1,21,NA,0,783.89,1,2,0.375,178.5,1,NA,0,1.83,191.99,0.375
1993,1,22,NA,0,781.94,1,6,0.375,209.43,0.875,NA,0,2.48,305.16,0.375
1993,1,23,NA,0,778.34,1,3.8,0.625,206,1,NA,0,2.81,292.04,0.625
1993,1,24,NA,0,776.44,1,4,0.875,153.5,1,NA,0,2.23,133.97,0.875
1993,1,25,NA,0,774.39,0.875,11.75,0.5,293.14,0.875,NA,0,11.21,296.71,0.5
1993,1,26,NA,0,774.04,0.875,3.5,0.75,229.33,0.75,NA,0,2.83,229.09,0.75
1993,1,27,NA,0,773.48,0.625,NA,0.125,142,0.625,NA,0,NA,NA,0.125
1993,1,28,NA,0,772.91,0.875,13.6,0.625,230.29,0.875,NA,0,4.07,226.34,0.625
1993,1,29,NA,0,770.62,0.75,11.83,0.75,287.67,0.75,NA,0,11.47,291.65,0.75
1993,1,30,NA,0,777.41,0.875,11.2,0.625,298.86,0.875,NA,0,10.99,298.3,0.625
1993,1,31,NA,0,777.45,0.75,6.6,0.625,191,0.75,NA,0,3.76,176,0.625
1993,2,1,NA,0,782.26,1,5.33,0.75,248.5,1,NA,0,2.59,254.25,0.75
1993,2,2,NA,0,781.36,0.875,7.75,0.5,281.71,0.875,NA,0,7.34,277.13,0.5
1993,2,3,NA,0,773.9,1,6.17,0.75,216,1,NA,0,5.51,227.11,0.75
1993,2,4,NA,0,770.93,1,9.75,0.5,196,1,NA,0,8.28,194.33,0.5
1993,2,5,NA,0,770.99,1,9.2,0.625,303.5,1,NA,0,8.88,307.22,0.625
1993,2,6,NA,0,768.02,0.75,14.17,0.75,304.33,0.75,NA,0,14.06,304.59,0.75
1993,2,7,NA,0,763.87,0.75,11.33,0.75,307.67,0.75,NA,0,11.26,308.06,0.75
1993,2,8,NA,0,760.12,0.625,8.4,0.625,284,0.625,NA,0,8.08,292.72,0.625
1993,2,9,NA,0,759.9,0.75,9.75,0.5,299.33,0.75,NA,0,9.69,297.54,0.5
1993,2,10,NA,0,763.34,1,10.8,0.625,294.75,1,NA,0,10.48,296.17,0.625
1993,2,11,NA,0,769.96,0.875,14.6,0.625,307.43,0.875,NA,0,14.48,309.3,0.625
1993,2,12,NA,0,770.34,1,14.25,0.5,302,0.625,NA,0,14.21,303.9,0.5
1993,2,13,NA,0,765.58,1,11.33,0.75,306,1,NA,0,11.22,305.85,0.75
1993,2,14,NA,0,760.07,1,10.67,0.375,282.25,1,NA,0,10.41,279.4,0.375
1993,2,15,NA,0,758.94,1,18.25,0.5,316,0.625,NA,0,18.48,316.18,0.375
1993,2,16,NA,0,755.84,1,15,0.375,313.5,1,NA,0,14.95,308.88,0.375
1993,2,17,NA,0,754.23,0.75,15.33,0.75,301,0.75,NA,0,15.28,301.11,0.75
1993,2,18,NA,0,752.57,0.75,10.4,0.625,299.33,0.75,NA,0,10.32,298.51,0.625
1993,2,19,NA,0,751.38,0.625,7.25,0.5,310,0.625,NA,0,7.17,312.53,0.5
1993,2,20,NA,0,752.53,0.75,8,0.5,287.67,0.75,NA,0,7.71,283.18,0.5
1993,2,21,NA,0,749.77,0.75,13,0.5,317.67,0.75,NA,0,12.96,313.31,0.5
1993,2,22,NA,0,749.06,0.875,11,0.375,297.43,0.875,NA,0,10.5,291.91,0.375
1993,2,23,NA,0,765.67,0.875,12,0.25,290.29,0.875,NA,0,9.19,286,0.25
1993,2,24,NA,0,778.01,1,10,0.25,317.25,1,NA,0,9.4,318.08,0.25
1993,2,25,NA,0,771.05,1,11.67,0.375,300.29,0.875,NA,0,11.33,306.44,0.25
1993,2,26,NA,0,758.39,0.875,5,0.25,304.57,0.875,NA,0,3.88,315.53,0.25
1993,2,27,NA,0,761.34,0.875,13,0.375,307.43,0.875,NA,0,10.41,286.94,0.375
1993,2,28,NA,0,762.71,0.875,14.43,0.875,306,0.5,NA,0,14.89,306.33,0.5
1993,3,1,NA,0,775.57,0.75,18.4,0.625,316,0.75,NA,0,18.23,313.93,0.625
1993,3,2,NA,0,775.58,0.75,10,0.375,246,0.75,NA,0,9.85,287.35,0.375
1993,3,3,NA,0,763.6,0.75,8,0.375,242.67,0.75,NA,0,3.16,337.57,0.375
1993,3,4,NA,0,762.03,0.875,15.25,0.5,310.29,0.875,NA,0,14.96,304.94,0.5
1993,3,5,NA,0,762.75,1,16,0.375,316,1,NA,0,15.6,311.23,0.375
1993,3,6,NA,0,760.13,1,16.14,0.875,319.33,0.375,NA,0,13.45,320.81,0.25
1993,3,7,NA,0,758.3,0.875,9,0.375,283.14,0.875,NA,0,8.44,298.89,0.375
1993,3,8,NA,0,762.4,1,10.33,0.375,303.5,1,NA,0,10.3,298.9,0.375
1993,3,9,NA,0,766.1,0.875,NA,0.125,288.86,0.875,NA,0,NA,NA,0.125
1993,3,10,NA,0,760.38,0.75,18.4,0.625,207.67,0.75,NA,0,15.38,343.89,0.625
1993,3,11,NA,0,758.18,0.75,15.83,0.75,299.33,0.75,NA,0,15.78,299.26,0.75
1993,3,12,NA,0,756.63,0.75,19,0.5,316,0.75,NA,0,18.84,314.94,0.5
1993,3,13,NA,0,755.16,0.625,18.2,0.625,302,0.625,NA,0,18.03,301.69,0.625
1993,3,14,NA,0,756.63,0.75,16.8,0.625,294.33,0.75,NA,0,16.55,294.56,0.625
1993,3,15,NA,0,755.8,1,9.5,0.25,286,1,NA,0,9.46,281.26,0.25
1993,3,16,NA,0,754.66,1,2.5,0.25,169.75,1,NA,0,2.46,78.02,0.25
1993,3,17,NA,0,760.63,0.875,17.4,0.625,292.67,0.375,NA,0,12.95,300.61,0.25
1993,3,18,NA,0,757.85,1,15.2,0.625,314.75,1,NA,0,15.07,313.62,0.625
1993,3,19,NA,0,754.26,1,19.25,0.5,312,0.625,NA,0,19,316,0.25
1993,3,20,NA,0,760.81,0.875,13.4,0.625,303.14,0.875,NA,0,13.3,306.6,0.625
1993,3,21,NA,0,766.6,0.75,18,0.625,311,0.75,NA,0,17.93,311.78,0.625
1993,3,22,NA,0,770.34,0.875,18.4,0.625,321.71,0.875,NA,0,18.33,322.31,0.625
1993,3,23,NA,0,771.85,0.75,20.5,0.75,319.33,0.75,NA,0,20.14,319.5,0.75
1993,3,24,NA,0,775.4,0.75,16.2,0.625,306,0.75,NA,0,16.06,301.09,0.625
1993,3,25,NA,0,774.58,0.75,12.4,0.625,296,0.75,NA,0,12.17,296.1,0.625
1993,3,26,NA,0,774.45,1,18,0.875,311.71,0.875,NA,0,17.94,312.58,0.75
1993,3,27,NA,0,776.05,1,17.75,1,321,0.75,NA,0,17.59,321.05,0.75
1993,3,28,NA,0,773.07,0.875,20.67,0.375,311.71,0.875,NA,0,20.6,312.62,0.375
1993,3,29,NA,0,769.99,1,21.17,0.75,312,0.625,NA,0,19.81,312.86,0.5
1993,3,30,NA,0,768.17,0.875,20.5,0.5,302.67,0.375,NA,0,NA,NA,0.125
1993,3,31,NA,0,772.43,0.875,18.75,0.5,310.29,0.875,NA,0,18.57,307.61,0.5
1993,4,1,NA,0,764.93,0.75,19.75,0.5,314.33,0.75,NA,0,19.75,316,0.5
1993,4,2,NA,0,759.46,0.625,21.25,0.5,308,0.625,NA,0,21.17,311.18,0.5
1993,4,3,NA,0,762.7,0.75,15,0.5,264.33,0.75,NA,0,10,285.2,0.5
1993,4,4,NA,0,772.34,0.875,17.33,0.75,320.29,0.875,NA,0,16.89,318.27,0.75
1993,4,5,NA,0,763.53,0.875,12,0.25,327.43,0.875,NA,0,11.82,326,0.25
1993,4,6,NA,0,754.21,0.875,14,0.375,313.14,0.875,NA,0,13.73,314.87,0.375
1993,4,7,NA,0,759.9,0.875,21,0.75,316,0.25,NA,0,19.5,316,0.25
1993,4,8,NA,0,767.75,1,18.5,0.5,310,0.625,NA,0,18.94,308.98,0.375
1993,4,9,NA,0,767.86,1,18.14,0.875,317.25,1,NA,0,17.99,315.76,0.875
1993,4,10,NA,0,756.81,0.875,14.5,0.25,307.43,0.875,NA,0,14.45,331.52,0.25
1993,4,11,NA,0,753.76,0.875,16.33,0.75,306,0.5,NA,0,15.94,309.96,0.375
1993,4,12,NA,0,765.18,0.75,14.8,0.625,306,0.75,NA,0,14.77,304.11,0.625
1993,4,13,NA,0,771.25,0.25,22,0.25,301,0.25,NA,0,21.92,300.54,0.25
1993,4,14,NA,0,NA,0,NA,0,NA,0,NA,0,NA,NA,0
1993,4,15,NA,0,NA,0,NA,0,NA,0,NA,0,NA,NA,0
1993,4,16,NA,0,NA,0,NA,0,NA,0,NA,0,NA,NA,0
1993,4,17,NA,0,NA,0,NA,0,NA,0,NA,0,NA,NA,0
1993,4,18,NA,0,NA,0,NA,0,NA,0,NA,0,NA,NA,0
1993,4,19,NA,0,NA,0,NA,0,NA,0,NA,0,NA,NA,0
1993,4,20,NA,0,NA,0,NA,0,NA,0,NA,0,NA,NA,0
1993,4,21,NA,0,NA,0,NA,0,NA,0,NA,0,NA,NA,0
1993,4,22,NA,0,NA,0,NA,0,NA,0,NA,0,NA,NA,0
1993,4,23,NA,0,NA,0,NA,0,NA,0,NA,0,NA,NA,0
1993,4,24,NA,0,NA,0,NA,0,NA,0,NA,0,NA,NA,0
1993,4,25,NA,0,NA,0,NA,0,NA,0,NA,0,NA,NA,0
1993,4,26,NA,0,NA,0,NA,0,NA,0,NA,0,NA,NA,0
1993,4,27,NA,0,NA,0,NA,0,NA,0,NA,0,NA,NA,0
1993,4,28,NA,0,NA,0,NA,0,NA,0,NA,0,NA,NA,0
1993,4,29,NA,0,NA,0,NA,0,NA,0,NA,0,NA,NA,0
1993,4,30,NA,0,NA,0,NA,0,NA,0,NA,0,NA,NA,0
1993,5,1,NA,0,NA,0,NA,0,NA,0,NA,0,NA,NA,0
1993,5,2,NA,0,NA,0,NA,0,NA,0,NA,0,NA,NA,0
1993,5,3,NA,0,NA,0,NA,0,NA,0,NA,0,NA,NA,0
1993,5,4,NA,0,NA,0,NA,0,NA,0,NA,0,NA,NA,0
1993,5,5,NA,0,NA,0,NA,0,NA,0,NA,0,NA,NA,0
1993,5,6,NA,0,NA,0,NA,0,NA,0,NA,0,NA,NA,0
1993,5,7,NA,0,NA,0,NA,0,NA,0,NA,0,NA,NA,0
1993,5,8,NA,0,NA,0,NA,0,NA,0,NA,0,NA,NA,0
1993,5,9,NA,0,NA,0,NA,0,NA,0,NA,0,NA,NA,0
1993,5,10,NA,0,NA,0,NA,0,NA,0,NA,0,NA,NA,0
1993,5,11,NA,0,NA,0,NA,0,NA,0,NA,0,NA,NA,0
1993,5,12,NA,0,NA,0,NA,0,NA,0,NA,0,NA,NA,0
1993,5,13,NA,0,NA,0,NA,0,NA,0,NA,0,NA,NA,0
1993,5,14,NA,0,NA,0,NA,0,NA,0,NA,0,NA,NA,0
1993,5,15,NA,0,NA,0,NA,0,NA,0,NA,0,NA,NA,0
1993,5,16,NA,0,NA,0,NA,0,NA,0,NA,0,NA,NA,0
1993,5,17,NA,0,NA,0,NA,0,NA,0,NA,0,NA,NA,0
1993,5,18,NA,0,NA,0,NA,0,NA,0,NA,0,NA,NA,0
1993,5,19,NA,0,NA,0,NA,0,NA,0,NA,0,NA,NA,0
1993,5,20,NA,0,NA,0,NA,0,NA,0,NA,0,NA,NA,0
1993,5,21,NA,0,NA,0,NA,0,NA,0,NA,0,NA,NA,0
1993,5,22,NA,0,NA,0,NA,0,NA,0,NA,0,NA,NA,0
1993,5,23,NA,0,NA,0,NA,0,NA,0,NA,0,NA,NA,0
1993,5,24,NA,0,NA,0,NA,0,NA,0,NA,0,NA,NA,0
1993,5,25,NA,0,NA,0,NA,0,NA,0,NA,0,NA,NA,0
1993,5,26,NA,0,NA,0,NA,0,NA,0,NA,0,NA,NA,0
1993,5,27,NA,0,NA,0,NA,0,NA,0,NA,0,NA,NA,0
1993,5,28,NA,0,NA,0,NA,0,NA,0,NA,0,NA,NA,0
1993,5,29,NA,0,NA,0,NA,0,NA,0,NA,0,NA,NA,0
1993,5,30,NA,0,NA,0,NA,0,NA,0,NA,0,NA,NA,0
1993,5,31,NA,0,NA,0,NA,0,NA,0,NA,0,NA,NA,0
1993,6,1,NA,0,NA,0,NA,0,NA,0,NA,0,NA,NA,0
1993,6,2,NA,0,NA,0,NA,0,NA,0,NA,0,NA,NA,0
1993,6,3,NA,0,NA,0,NA,0,NA,0,NA,0,NA,NA,0
1993,6,4,NA,0,NA,0,NA,0,NA,0,NA,0,NA,NA,0
1993,6,5,NA,0,NA,0,NA,0,NA,0,NA,0,NA,NA,0
1993,6,6,NA,0,NA,0,NA,0,NA,0,NA,0,NA,NA,0
1993,6,7,NA,0,NA,0,NA,0,NA,0,NA,0,NA,NA,0
1993,6,8,NA,0,NA,0,NA,0,NA,0,NA,0,NA,NA,0
1993,6,9,NA,0,NA,0,NA,0,NA,0,NA,0,NA,NA,0
1993,6,10,NA,0,NA,0,NA,0,NA,0,NA,0,NA,NA,0
1993,6,11,NA,0,NA,0,NA,0,NA,0,NA,0,NA,NA,0
1993,6,12,NA,0,NA,0,NA,0,NA,0,NA,0,NA,NA,0
1993,6,13,NA,0,NA,0,NA,0,NA,0,NA,0,NA,NA,0
1993,6,14,NA,0,NA,0,NA,0,NA,0,NA,0,NA,NA,0
1993,6,15,NA,0,NA,0,NA,0,NA,0,NA,0,NA,NA,0
1993,6,16,NA,0,NA,0,NA,0,NA,0,NA,0,NA,NA,0
1993,6,17,NA,0,NA,0,NA,0,NA,0,NA,0,NA,NA,0
1993,6,18,NA,0,NA,0,NA,0,NA,0,NA,0,NA,NA,0
1993,6,19,NA,0,NA,0,NA,0,NA,0,NA,0,NA,NA,0
1993,6,20,NA,0,NA,0,NA,0,NA,0,NA,0,NA,NA,0
1993,6,21,NA,0,NA,0,NA,0,NA,0,NA,0,NA,NA,0
1993,6,22,NA,0,NA,0,NA,0,NA,0,NA,0,NA,NA,0
1993,6,23,NA,0,NA,0,NA,0,NA,0,NA,0,NA,NA,0
1993,6,24,NA,0,NA,0,NA,0,NA,0,NA,0,NA,NA,0
1993,6,25,NA,0,NA,0,NA,0,NA,0,NA,0,NA,NA,0
1993,6,26,NA,0,NA,0,NA,0,NA,0,NA,0,NA,NA,0
1993,6,27,NA,0,NA,0,NA,0,NA,0,NA,0,NA,NA,0
1993,6,28,NA,0,NA,0,NA,0,NA,0,NA,0,NA,NA,0
1993,6,29,NA,0,NA,0,NA,0,NA,0,NA,0,NA,NA,0
1993,6,30,NA,0,NA,0,NA,0,NA,0,NA,0,NA,NA,0
1993,7,1,NA,0,NA,0,NA,0,NA,0,NA,0,NA,NA,0
1993,7,2,NA,0,NA,0,NA,0,NA,0,NA,0,NA,NA,0
1993,7,3,NA,0,NA,0,NA,0,NA,0,NA,0,NA,NA,0
1993,7,4,NA,0,NA,0,NA,0,NA,0,NA,0,NA,NA,0
1993,7,5,NA,0,NA,0,NA,0,NA,0,NA,0,NA,NA,0
1993,7,6,NA,0,NA,0,NA,0,NA,0,NA,0,NA,NA,0
1993,7,7,NA,0,NA,0,NA,0,NA,0,NA,0,NA,NA,0
1993,7,8,NA,0,NA,0,NA,0,NA,0,NA,0,NA,NA,0
1993,7,9,NA,0,NA,0,NA,0,NA,0,NA,0,NA,NA,0
1993,7,10,NA,0,NA,0,NA,0,NA,0,NA,0,NA,NA,0
1993,7,11,NA,0,NA,0,NA,0,NA,0,NA,0,NA,NA,0
1993,7,12,NA,0,NA,0,NA,0,NA,0,NA,0,NA,NA,0
1993,7,13,NA,0,NA,0,NA,0,NA,0,NA,0,NA,NA,0
1993,7,14,NA,0,NA,0,NA,0,NA,0,NA,0,NA,NA,0
1993,7,15,NA,0,NA,0,NA,0,NA,0,NA,0,NA,NA,0
1993,7,16,NA,0,NA,0,NA,0,NA,0,NA,0,NA,NA,0
1993,7,17,NA,0,NA,0,NA,0,NA,0,NA,0,NA,NA,0
1993,7,18,NA,0,NA,0,NA,0,NA,0,NA,0,NA,NA,0
1993,7,19,NA,0,NA,0,NA,0,NA,0,NA,0,NA,NA,0
1993,7,20,NA,0,NA,0,NA,0,NA,0,NA,0,NA,NA,0
1993,7,21,NA,0,NA,0,NA,0,NA,0,NA,0,NA,NA,0
1993,7,22,NA,0,NA,0,NA,0,NA,0,NA,0,NA,NA,0
1993,7,23,NA,0,NA,0,NA,0,NA,0,NA,0,NA,NA,0
1993,7,24,NA,0,NA,0,NA,0,NA,0,NA,0,NA,NA,0
1993,7,25,NA,0,NA,0,NA,0,NA,0,NA,0,NA,NA,0
1993,7,26,NA,0,NA,0,NA,0,NA,0,NA,0,NA,NA,0
1993,7,27,NA,0,NA,0,NA,0,NA,0,NA,0,NA,NA,0
1993,7,28,NA,0,NA,0,NA,0,NA,0,NA,0,NA,NA,0
1993,7,29,NA,0,NA,0,NA,0,NA,0,NA,0,NA,NA,0
1993,7,30,NA,0,NA,0,NA,0,NA,0,NA,0,NA,NA,0
1993,7,31,NA,0,NA,0,NA,0,NA,0,NA,0,NA,NA,0
1993,8,1,NA,0,NA,0,NA,0,NA,0,NA,0,NA,NA,0
1993,8,2,NA,0,NA,0,NA,0,NA,0,NA,0,NA,NA,0
1993,8,3,NA,0,NA,0,NA,0,NA,0,NA,0,NA,NA,0
1993,8,4,NA,0,NA,0,NA,0,NA,0,NA,0,NA,NA,0
1993,8,5,NA,0,NA,0,NA,0,NA,0,NA,0,NA,NA,0
1993,8,6,NA,0,NA,0,NA,0,NA,0,NA,0,NA,NA,0
1993,8,7,NA,0,NA,0,NA,0,NA,0,NA,0,NA,NA,0
1993,8,8,NA,0,NA,0,NA,0,NA,0,NA,0,NA,NA,0
1993,8,9,NA,0,NA,0,NA,0,NA,0,NA,0,NA,NA,0
1993,8,10,NA,0,NA,0,NA,0,NA,0,NA,0,NA,NA,0
1993,8,11,NA,0,NA,0,NA,0,NA,0,NA,0,NA,NA,0
1993,8,12,NA,0,NA,0,NA,0,NA,0,NA,0,NA,NA,0
1993,8,13,NA,0,NA,0,NA,0,NA,0,NA,0,NA,NA,0
1993,8,14,NA,0,NA,0,NA,0,NA,0,NA,0,NA,NA,0
1993,8,15,NA,0,NA,0,NA,0,NA,0,NA,0,NA,NA,0
1993,8,16,NA,0,NA,0,NA,0,NA,0,NA,0,NA,NA,0
1993,8,17,NA,0,NA,0,NA,0,NA,0,NA,0,NA,NA,0
1993,8,18,NA,0,NA,0,NA,0,NA,0,NA,0,NA,NA,0
1993,8,19,NA,0,NA,0,NA,0,NA,0,NA,0,NA,NA,0
1993,8,20,NA,0,NA,0,NA,0,NA,0,NA,0,NA,NA,0
1993,8,21,NA,0,NA,0,NA,0,NA,0,NA,0,NA,NA,0
1993,8,22,NA,0,NA,0,NA,0,NA,0,NA,0,NA,NA,0
1993,8,23,NA,0,NA,0,NA,0,NA,0,NA,0,NA,NA,0
1993,8,24,NA,0,NA,0,NA,0,NA,0,NA,0,NA,NA,0
1993,8,25,NA,0,NA,0,NA,0,NA,0,NA,0,NA,NA,0
1993,8,26,NA,0,NA,0,NA,0,NA,0,NA,0,NA,NA,0
1993,8,27,NA,0,NA,0,NA,0,NA,0,NA,0,NA,NA,0
1993,8,28,NA,0,NA,0,NA,0,NA,0,NA,0,NA,NA,0
1993,8,29,NA,0,NA,0,NA,0,NA,0,NA,0,NA,NA,0
1993,8,30,NA,0,NA,0,NA,0,NA,0,NA,0,NA,NA,0
1993,8,31,NA,0,NA,0,NA,0,NA,0,NA,0,NA,NA,0
1993,9,1,NA,0,NA,0,NA,0,NA,0,NA,0,NA,NA,0
1993,9,2,NA,0,NA,0,NA,0,NA,0,NA,0,NA,NA,0
1993,9,3,NA,0,NA,0,NA,0,NA,0,NA,0,NA,NA,0
1993,9,4,NA,0,NA,0,NA,0,NA,0,NA,0,NA,NA,0
1993,9,5,NA,0,NA,0,NA,0,NA,0,NA,0,NA,NA,0
1993,9,6,NA,0,NA,0,NA,0,NA,0,NA,0,NA,NA,0
1993,9,7,NA,0,NA,0,NA,0,NA,0,NA,0,NA,NA,0
1993,9,8,NA,0,NA,0,NA,0,NA,0,NA,0,NA,NA,0
1993,9,9,NA,0,NA,0,NA,0,NA,0,NA,0,NA,NA,0
1993,9,10,NA,0,NA,0,NA,0,NA,0,NA,0,NA,NA,0
1993,9,11,NA,0,NA,0,NA,0,NA,0,NA,0,NA,NA,0
1993,9,12,NA,0,NA,0,NA,0,NA,0,NA,0,NA,NA,0
1993,9,13,NA,0,NA,0,NA,0,NA,0,NA,0,NA,NA,0
1993,9,14,NA,0,NA,0,NA,0,NA,0,NA,0,NA,NA,0
1993,9,15,NA,0,NA,0,NA,0,NA,0,NA,0,NA,NA,0
1993,9,16,NA,0,NA,0,NA,0,NA,0,NA,0,NA,NA,0
1993,9,17,NA,0,NA,0,NA,0,NA,0,NA,0,NA,NA,0
1993,9,18,NA,0,NA,0,NA,0,NA,0,NA,0,NA,NA,0
1993,9,19,NA,0,NA,0,NA,0,NA,0,NA,0,NA,NA,0
1993,9,20,NA,0,NA,0,NA,0,NA,0,NA,0,NA,NA,0
1993,9,21,NA,0,NA,0,NA,0,NA,0,NA,0,NA,NA,0
1993,9,22,NA,0,NA,0,NA,0,NA,0,NA,0,NA,NA,0
1993,9,23,NA,0,NA,0,NA,0,NA,0,NA,0,NA,NA,0
1993,9,24,NA,0,NA,0,NA,0,NA,0,NA,0,NA,NA,0
1993,9,25,NA,0,NA,0,NA,0,NA,0,NA,0,NA,NA,0
1993,9,26,NA,0,NA,0,NA,0,NA,0,NA,0,NA,NA,0
1993,9,27,NA,0,NA,0,NA,0,NA,0,NA,0,NA,NA,0
1993,9,28,NA,0,NA,0,NA,0,NA,0,NA,0,NA,NA,0
1993,9,29,NA,0,NA,0,NA,0,NA,0,NA,0,NA,NA,0
1993,9,30,NA,0,NA,0,NA,0,NA,0,NA,0,NA,NA,0
1993,10,1,NA,0,NA,0,NA,0,NA,0,NA,0,NA,NA,0
1993,10,2,NA,0,NA,0,NA,0,NA,0,NA,0,NA,NA,0
1993,10,3,NA,0,NA,0,NA,0,NA,0,NA,0,NA,NA,0
1993,10,4,NA,0,NA,0,NA,0,NA,0,NA,0,NA,NA,0
1993,10,5,NA,0,NA,0,NA,0,NA,0,NA,0,NA,NA,0
1993,10,6,NA,0,NA,0,NA,0,NA,0,NA,0,NA,NA,0
1993,10,7,NA,0,NA,0,NA,0,NA,0,NA,0,NA,NA,0
1993,10,8,NA,0,NA,0,NA,0,NA,0,NA,0,NA,NA,0
1993,10,9,NA,0,NA,0,NA,0,NA,0,NA,0,NA,NA,0
1993,10,10,NA,0,NA,0,NA,0,NA,0,NA,0,NA,NA,0
1993,10,11,NA,0,NA,0,NA,0,NA,0,NA,0,NA,NA,0
1993,10,12,NA,0,NA,0,NA,0,NA,0,NA,0,NA,NA,0
1993,10,13,NA,0,NA,0,NA,0,NA,0,NA,0,NA,NA,0
1993,10,14,NA,0,NA,0,NA,0,NA,0,NA,0,NA,NA,0
1993,10,15,NA,0,NA,0,NA,0,NA,0,NA,0,NA,NA,0
1993,10,16,NA,0,NA,0,NA,0,NA,0,NA,0,NA,NA,0
1993,10,17,NA,0,NA,0,NA,0,NA,0,NA,0,NA,NA,0
1993,10,18,NA,0,NA,0,NA,0,NA,0,NA,0,NA,NA,0
1993,10,19,NA,0,NA,0,NA,0,NA,0,NA,0,NA,NA,0
1993,10,20,NA,0,NA,0,NA,0,NA,0,NA,0,NA,NA,0
1993,10,21,NA,0,NA,0,NA,0,NA,0,NA,0,NA,NA,0
1993,10,22,NA,0,NA,0,NA,0,NA,0,NA,0,NA,NA,0
1993,10,23,NA,0,NA,0,NA,0,NA,0,NA,0,NA,NA,0
1993,10,24,NA,0,NA,0,NA,0,NA,0,NA,0,NA,NA,0
1993,10,25,NA,0,NA,0,NA,0,NA,0,NA,0,NA,NA,0
1993,10,26,NA,0,NA,0,NA,0,NA,0,NA,0,NA,NA,0
1993,10,27,NA,0,NA,0,NA,0,NA,0,NA,0,NA,NA,0
1993,10,28,NA,0,NA,0,NA,0,NA,0,NA,0,NA,NA,0
1993,10,29,NA,0,NA,0,NA,0,NA,0,NA,0,NA,NA,0
1993,10,30,NA,0,758.52,0.75,10.75,0.5,292.67,0.75,NA,0,10.49,298.99,0.5
1993,10,31,NA,0,762.83,1,12.25,0.5,284.75,1,NA,0,11.46,298.64,0.5
1993,11,1,NA,0,761.38,1,16,0.375,312,0.625,NA,0,16.25,315.08,0.25
1993,11,2,NA,0,751.66,1,13.67,0.375,217.67,0.75,NA,0,12.45,170.4,0.25
1993,11,3,NA,0,756.51,1,15.33,0.375,246,0.875,NA,0,2.74,246.37,0.25
1993,11,4,NA,0,758.96,1,15.67,0.375,316,1,NA,0,15.61,319.61,0.375
1993,11,5,NA,0,764.3,1,18,0.25,313.5,1,NA,0,17.93,321,0.25
1993,11,6,NA,0,760.65,1,15.25,0.5,304.75,1,NA,0,15.13,306.49,0.5
1993,11,7,NA,0,754.63,1,NA,0.125,311,1,NA,0,NA,NA,0.125
1993,11,8,NA,0,756.14,1,16.67,0.75,311,1,NA,0,16.48,314.54,0.75
1993,11,9,NA,0,757.29,1,9.4,0.625,292.25,1,NA,0,9.35,295.79,0.625
1993,11,10,NA,0,756.01,1,13.5,0.25,225.75,1,NA,0,13.45,311.19,0.25
1993,11,11,NA,0,753.07,1,11.75,0.5,302.25,1,NA,0,11.72,298.12,0.5
1993,11,12,NA,0,757.16,1,8.75,0.5,288.5,1,NA,0,8.1,298.73,0.5
1993,11,13,NA,0,768.3,1,10.25,0.5,304.75,1,NA,0,10.25,296,0.5
1993,11,14,NA,0,765.56,1,3.5,0.25,199.75,1,NA,0,3.04,211.28,0.25
1993,11,15,NA,0,763.69,1,8.5,0.75,297.67,0.75,NA,0,6.35,296.13,0.625
1993,11,16,NA,0,764.89,1,11.75,0.5,297.43,0.875,NA,0,10.24,296,0.375
1993,11,17,NA,0,769.85,1,5,0.5,192.75,1,NA,0,3.22,186.72,0.5
1993,11,18,NA,0,769.3,1,12,0.375,276,1,NA,0,11.89,322.15,0.375
1993,11,19,NA,0,766.68,1,NA,0.125,277.25,1,NA,0,NA,NA,0.125
1993,11,20,NA,0,767.5,1,NA,0.125,279.75,1,NA,0,NA,NA,0.125
1993,11,21,NA,0,766.07,1,13.75,0.5,304.57,0.875,NA,0,12.29,312.49,0.375
1993,11,22,NA,0,764.85,1,15.5,0.75,309.33,0.75,NA,0,15.14,305.67,0.5
1993,11,23,NA,0,758.75,1,6.6,0.625,198.5,1,NA,0,6.55,173.87,0.625
1993,11,24,NA,0,761,1,9.25,0.5,246,1,NA,0,5.21,194.69,0.5
1993,11,25,NA,0,758.8,1,13.25,0.5,307.25,1,NA,0,13.16,316.38,0.5
1993,11,26,NA,0,755.84,1,2.67,0.75,145.75,1,NA,0,0.88,185.43,0.75
1993,11,27,NA,0,758.99,1,7.67,0.375,232.25,1,NA,0,4.5,249.85,0.375
1993,11,28,NA,0,759.55,1,12.2,0.625,306,1,NA,0,12,304.95,0.625
1993,11,29,NA,0,759.36,1,4.5,0.75,263.5,1,NA,0,4.26,285.74,0.75
1993,11,30,NA,0,764.23,1,NA,0.125,151,1,NA,0,NA,NA,0.125
1993,12,1,NA,0,768.29,1,6,0.5,207.25,1,NA,0,3.02,177.06,0.5
1993,12,2,NA,0,767.68,1,8.5,0.5,298.5,1,NA,0,7.8,301.65,0.5
1993,12,3,NA,0,764.93,1,11.2,0.625,292.25,1,NA,0,11.08,299.77,0.625
1993,12,4,NA,0,768,1,3,0.375,216.5,1,NA,0,2.68,247.34,0.375
1993,12,5,NA,0,768.25,1,6.67,0.375,287.25,1,NA,0,4.73,297.58,0.375
1993,12,6,NA,0,762.94,1,NA,0.125,270.29,0.875,NA,0,NA,NA,0.125
1993,12,7,NA,0,761.94,1,8,0.5,282.25,1,NA,0,7.97,289.75,0.5
1993,12,8,NA,0,764.7,1,5,0.375,179.75,1,NA,0,4.85,146.1,0.375
1993,12,9,NA,0,764.96,1,4.25,0.5,280.29,0.875,NA,0,3.77,281.21,0.5
1993,12,10,NA,0,764.59,1,6.75,0.5,279.33,0.75,NA,0,6.32,287.57,0.375
1993,12,11,NA,0,765.08,1,7.25,0.5,193.5,1,NA,0,6.06,177.48,0.5
1993,12,12,NA,0,765.99,1,6.4,0.625,291,1,NA,0,5.55,286.06,0.625
1993,12,13,NA,0,764.64,1,5.33,0.375,293.14,0.875,NA,0,4.7,308.56,0.25
1993,12,14,NA,0,763.39,1,3.75,0.5,260.25,1,NA,0,3.37,294.94,0.5
1993,12,15,NA,0,766.98,1,14,0.25,288.5,1,NA,0,13.95,320.64,0.25
1993,12,16,NA,0,772.04,1,5.33,0.375,262.25,1,NA,0,4.81,295.85,0.375
1993,12,17,NA,0,765.23,1,NA,0.125,176,1,NA,0,NA,NA,0.125
1993,12,18,NA,0,766.5,1,11.2,0.625,286,1,NA,0,9.58,293.33,0.625
1993,12,19,NA,0,771.34,1,14.75,0.5,308.5,1,NA,0,13.5,307.09,0.5
1993,12,20,NA,0,767.81,1,5.33,0.375,167.25,1,NA,0,5.22,152.92,0.375
1993,12,21,NA,0,769.45,1,3.8,0.625,254.75,1,NA,0,1.69,151.68,0.625
1993,12,22,NA,0,770.68,1,4.67,0.375,229,1,NA,0,3.59,248.91,0.375
1993,12,23,NA,0,771.28,1,12.5,0.25,286,1,NA,0,10.85,282.04,0.25
1993,12,24,NA,0,768.31,1,5.5,0.5,271,1,NA,0,4.95,258.57,0.5
1993,12,25,NA,0,769.38,1,11,0.25,282.25,1,NA,0,9.58,291.99,0.25
1993,12,26,NA,0,765.51,1,8.75,0.5,272.25,1,NA,0,7.75,276.21,0.5
1993,12,27,NA,0,760,1,9.5,0.25,262.75,1,NA,0,8.92,286.11,0.25
1993,12,28,NA,0,759.89,1,NA,0.125,278.5,1,NA,0,NA,NA,0.125
1993,12,29,NA,0,767.96,1,10.5,0.25,243.5,1,NA,0,10.34,276.48,0.25
1993,12,30,NA,0,771.58,1,NA,0.125,263.5,1,NA,0,NA,NA,0.125
1993,12,31,NA,0,768.99,1,4.75,0.5,208.5,1,NA,0,4.32,251.99,0.5
1994,1,1,NA,0,768.24,1,3,0.625,221.25,1,NA,0,1.97,277.44,0.625
1994,1,2,NA,0,770.38,1,8,0.625,282.5,1,NA,0,7.88,294.74,0.625
1994,1,3,NA,0,778.49,1,4.67,0.375,213.75,1,NA,0,3.06,169.11,0.375
1994,1,4,NA,0,780.55,1,6.88,1,290,1,NA,0,6.54,288.87,1
1994,1,5,NA,0,781.39,1,6.8,0.625,280,1,NA,0,6.5,269.83,0.625
1994,1,6,NA,0,777.64,1,9,0.5,285,1,NA,0,8.93,287.26,0.5
1994,1,7,NA,0,771.8,1,11.5,0.5,277.5,1,NA,0,10.79,282.07,0.5
1994,1,8,NA,0,772.9,1,9.83,0.75,262.5,1,NA,0,9.01,271.55,0.75
1994,1,9,NA,0,771.23,1,10,0.625,292.5,1,NA,0,9.88,296.78,0.625
1994,1,10,NA,0,768.19,1,9.5,0.25,264,0.625,NA,0,NA,NA,0
1994,1,11,NA,0,769.63,1,7,0.25,286.67,0.75,NA,0,6.72,288.25,0.25
1994,1,12,NA,0,769.93,1,9.5,0.25,275,1,NA,0,9.36,271.59,0.25
1994,1,13,NA,0,770.03,1,8,0.375,187.5,1,NA,0,3.56,132.94,0.375
1994,1,14,NA,0,766.96,1,8,0.5,216.25,1,NA,0,4.55,231.29,0.5
1994,1,15,NA,0,765.86,1,10.4,0.625,300,1,NA,0,10.29,300.97,0.625
1994,1,16,NA,0,770.14,1,NA,0.125,233.75,1,NA,0,NA,NA,0.125
1994,1,17,NA,0,771.16,1,8,0.375,236.25,1,NA,0,7.06,243.27,0.375
1994,1,18,NA,0,766.46,1,7.5,0.25,265,1,NA,0,7.06,299.37,0.25
1994,1,19,NA,0,764.25,1,5,0.5,185,1,NA,0,3.98,250.72,0.5
1994,1,20,NA,0,764.4,1,5,0.25,176.25,1,NA,0,4.61,174.43,0.25
1994,1,21,NA,0,766.86,1,6.33,0.375,186.25,1,NA,0,4.01,206.38,0.375
1994,1,22,NA,0,763.85,1,10.33,0.375,243.75,1,NA,0,10.19,302.93,0.375
1994,1,23,NA,0,764.89,1,6.67,0.75,296.25,1,NA,0,5.94,294.83,0.75
1994,1,24,NA,0,763.79,1,5.67,0.375,287.5,1,NA,0,5.57,277.69,0.375
1994,1,25,NA,0,767.76,1,10.25,0.5,297.5,1,NA,0,9.85,303.5,0.5
1994,1,26,NA,0,774.21,1,13.25,0.5,293.75,1,NA,0,13.21,292.64,0.5
1994,1,27,NA,0,766.98,1,4.6,0.625,233.75,1,NA,0,3.37,209.89,0.625
1994,1,28,NA,0,761.05,1,7.8,0.625,212.5,1,NA,0,7.32,171.69,0.625
1994,1,29,NA,0,760.14,1,12.33,0.75,293.75,1,NA,0,11.98,296.88,0.75
1994,1,30,NA,0,764.68,1,12.6,0.625,292.5,1,NA,0,12.49,298.57,0.625
1994,1,31,NA,0,765.96,0.625,14.5,0.5,300,0.625,NA,0,14.35,303.12,0.5
1994,2,1,NA,0,766.44,0.625,NA,0.125,296,0.625,NA,0,NA,NA,0.125
1994,2,2,NA,0,765.78,1,11.5,0.5,306.25,1,NA,0,11.03,308.38,0.5
1994,2,3,NA,0,766.16,1,7.33,0.375,286,0.625,NA,0,NA,NA,0.125
1994,2,4,NA,0,761.49,1,19,0.25,262.5,1,NA,0,19,320,0.25
1994,2,5,NA,0,759.65,1,14.4,0.625,308,0.625,NA,0,12.8,300.78,0.25
1994,2,6,NA,0,762.1,1,7.33,0.375,280,1,NA,0,7.25,284.58,0.375
1994,2,7,NA,0,762.32,1,15.62,1,310,1,NA,0,15.51,309.84,1
1994,2,8,NA,0,759.38,1,13.5,0.5,295,1,NA,0,13.46,297.41,0.5
1994,2,9,NA,0,760.24,1,10,0.375,296.25,1,NA,0,9.97,306.67,0.375
1994,2,10,NA,0,761.47,1,12,0.625,296,0.625,NA,0,11.2,300.45,0.625
1994,2,11,NA,0,755.4,1,13.33,0.375,265,1,NA,0,13.2,299.25,0.375
1994,2,12,NA,0,758.7,1,4.71,0.875,220,1,NA,0,2.66,233.54,0.875
1994,2,13,NA,0,760.23,1,15.17,0.75,306.25,1,NA,0,15.06,308.24,0.75
1994,2,14,NA,0,757.69,1,6.2,0.625,286.25,1,NA,0,5.52,283.48,0.625
1994,2,15,NA,0,761.49,1,8.67,0.75,298.75,1,NA,0,8.41,303.28,0.75
1994,2,16,NA,0,768.26,1,14,0.625,311.25,1,NA,0,13.82,310.72,0.625
1994,2,17,NA,0,769.21,1,14.5,0.5,303.75,1,NA,0,14.46,297.94,0.5
1994,2,18,NA,0,759.15,1,5,0.5,267.5,1,NA,0,4.99,288,0.5
1994,2,19,NA,0,758.45,1,4,0.875,253.75,1,NA,0,3.31,264.04,0.875
1994,2,20,NA,0,759.01,1,14,0.25,313.75,1,NA,0,13.53,316.1,0.25
1994,2,21,NA,0,759.5,1,12.67,0.375,311.25,1,NA,0,12.56,309.21,0.375
1994,2,22,NA,0,770.29,1,NA,0,316.25,1,NA,0,NA,NA,0
1994,2,23,NA,0,773.13,1,12.2,0.625,293.75,1,NA,0,12.02,287.24,0.625
1994,2,24,NA,0,773.3,1,11,0.625,288.75,1,NA,0,10.6,285.9,0.625
1994,2,25,NA,0,771.85,1,14,0.375,305,1,NA,0,13.87,300,0.375
1994,2,26,NA,0,764.88,1,14,0.375,316.25,1,NA,0,13.68,317.43,0.375
1994,2,27,NA,0,761.16,1,17.2,0.625,316,0.625,NA,0,18.27,316.55,0.375
1994,2,28,NA,0,762,1,16.33,0.375,321.67,0.75,NA,0,14.94,325,0.25
1994,3,1,NA,0,762.96,1,19.5,0.25,317.14,0.875,NA,0,19.5,320,0.25
1994,3,2,NA,0,764.91,1,16.25,0.5,307.5,1,NA,0,16.2,307.54,0.5
1994,3,3,NA,0,769.3,1,17.14,0.875,311.25,1,NA,0,16.97,311.84,0.875
1994,3,4,NA,0,766.84,1,11,0.375,281.25,1,NA,0,10.89,282.13,0.375
1994,3,5,NA,0,764.66,1,11.67,0.75,291.25,1,NA,0,11.39,288.69,0.75
1994,3,6,NA,0,756.41,1,11,0.375,287.5,1,NA,0,10.96,286.37,0.375
1994,3,7,NA,0,752.87,1,11.5,0.25,302,0.625,NA,0,11.46,305.65,0.25
1994,3,8,NA,0,749.61,1,NA,0,318.75,1,NA,0,NA,NA,0
1994,3,9,NA,0,751.84,1,15.67,0.375,272.5,0.5,NA,0,NA,NA,0.125
1994,3,10,NA,0,755.78,1,19,0.375,307.5,1,NA,0,18.93,316.49,0.375
1994,3,11,NA,0,751.16,1,16.67,0.375,316.67,0.75,NA,0,16.43,302.83,0.375
1994,3,12,NA,0,754.66,1,14.4,0.625,313.33,0.75,NA,0,14.28,312.37,0.625
1994,3,13,NA,0,761.43,1,13,0.5,310,1,NA,0,12.75,308.18,0.5
1994,3,14,NA,0,761.54,1,21,0.625,311.25,1,NA,0,20.81,308.37,0.625
1994,3,15,NA,0,763.89,1,NA,0,327.5,1,NA,0,NA,NA,0
1994,3,16,NA,0,762.56,1,NA,0.125,313.75,1,NA,0,NA,NA,0.125
1994,3,17,NA,0,763.45,1,18.6,0.625,310,0.5,NA,0,20.42,304.88,0.25
1994,3,18,NA,0,760.26,1,NA,0.125,316.25,1,NA,0,NA,NA,0.125
1994,3,19,NA,0,751.46,1,18.88,1,310,0.5,NA,0,18.61,310.13,0.5
1994,3,20,NA,0,746.4,1,17.43,0.875,306.67,0.75,NA,0,16.6,306.41,0.75
1994,3,21,NA,0,749.25,1,NA,0.125,210,1,NA,0,NA,NA,0.125
1994,3,22,NA,0,750.46,1,19,0.75,NA,0.125,NA,0,NA,NA,0
1994,3,23,NA,0,749.06,1,17.2,0.625,312.86,0.875,NA,0,17.14,316.28,0.625
1994,3,24,NA,0,750.15,1,15.86,0.875,318,0.625,NA,0,16.63,319.63,0.5
1994,3,25,NA,0,756.85,1,13.33,0.75,325,0.5,NA,0,13.62,323.17,0.375
1994,3,26,NA,0,748.65,1,17.67,0.375,316.25,1,NA,0,17.61,313.39,0.375
1994,3,27,NA,0,739.69,1,15.67,0.75,316,0.625,NA,0,15.58,312.08,0.5
1994,3,28,NA,0,746.78,1,16.5,0.75,315,0.25,NA,0,NA,NA,0
1994,3,29,NA,0,757.54,1,14,0.75,316.25,1,NA,0,13.65,319.57,0.75
1994,3,30,NA,0,755.3,1,16.5,0.5,316.25,1,NA,0,16.44,315.15,0.5
1994,3,31,NA,0,760.35,1,12.75,0.5,303.33,0.75,NA,0,12.72,302.35,0.5
1994,4,1,NA,0,762.18,1,11.14,0.875,302.5,0.5,NA,0,11.96,306.95,0.375
1994,4,2,NA,0,760.21,1,11.25,1,293.33,0.375,NA,0,10.63,292.81,0.375
1994,4,3,NA,0,762.53,1,10.29,0.875,296.25,1,NA,0,10.22,297.36,0.875
1994,4,4,NA,0,765.28,1,16.75,1,315,1,NA,0,16.55,314.48,1
1994,4,5,NA,0,760.58,1,19,0.375,312.5,1,NA,0,18.93,313.51,0.375
1994,4,6,NA,0,760.55,1,18,1,298.33,0.75,NA,0,18.7,298.49,0.75
1994,4,7,NA,0,763.93,1,15.33,0.375,297.5,0.5,NA,0,NA,NA,0.125
1994,4,8,NA,0,764.41,1,16,0.875,308,0.625,NA,0,15.88,309.61,0.5
1994,4,9,NA,0,765.79,1,4.6,0.625,305,1,NA,0,4.53,302.13,0.625
1994,4,10,NA,0,763.24,1,7,1,290,0.75,NA,0,6.03,292.95,0.75
1994,4,11,NA,0,759.26,1,11,1,312.86,0.875,NA,0,10.92,312.6,0.875
1994,4,12,NA,0,755.95,1,8.88,1,308.33,0.75,NA,0,8.61,308.07,0.75
1994,4,13,NA,0,757.63,1,8.43,0.875,305.71,0.875,NA,0,8.64,306.93,0.75
1994,4,14,NA,0,759.29,1,NA,0.125,215,1,NA,0,NA,NA,0.125
1994,4,15,NA,0,764.9,1,4.86,0.875,297.5,1,NA,0,4.78,294.59,0.875
1994,4,16,NA,0,765.89,1,8.62,1,302,0.625,NA,0,8.93,302.45,0.625
1994,4,17,NA,0,755.6,1,10.2,0.625,313.33,0.75,NA,0,9.97,316.67,0.375
1994,4,18,NA,0,760.03,1,7.38,1,308,0.625,NA,0,7.53,308.68,0.625
1994,4,19,NA,0,769,1,4.29,0.875,150,0.375,NA,0,1.8,213.69,0.25
1994,4,20,NA,0,777.18,1,4.6,0.625,298.75,1,NA,0,4.59,298.27,0.625
1994,4,21,NA,0,776.56,1,3.75,0.5,300,0.75,NA,0,3.45,298.56,0.25
1994,4,22,NA,0,773.51,1,3.71,0.875,266.67,0.75,NA,0,2.68,301.45,0.75
1994,4,23,NA,0,768.49,1,4.25,1,304,0.625,NA,0,4.38,307.74,0.625
1994,4,24,NA,0,760.49,1,10.25,1,308.75,1,NA,0,10.2,308.54,1
1994,4,25,NA,0,758.63,1,11.75,1,310,0.375,NA,0,11.55,310.29,0.375
1994,4,26,NA,0,760.79,1,9.86,0.875,286,0.625,NA,0,9.5,286.44,0.625
1994,4,27,NA,0,758.69,1,NA,0.125,293.75,1,NA,0,NA,NA,0.125
1994,4,28,NA,0,753.59,1,13.88,1,296.67,0.375,NA,0,12.96,296.67,0.375
1994,4,29,NA,0,752.76,1,14.62,1,317.5,0.5,NA,0,14.85,316.98,0.5
1994,4,30,NA,0,750.35,1,16.4,0.625,317.5,0.5,NA,0,15.28,316.53,0.375
1994,5,1,NA,0,746.4,1,NA,0.125,292.86,0.875,NA,0,NA,NA,0
1994,5,2,NA,0,749.35,1,13.83,0.75,297.5,0.5,NA,0,13.62,296.83,0.375
1994,5,3,NA,0,751.37,1,11.38,1,301.67,0.75,NA,0,10.42,301.11,0.75
1994,5,4,NA,0,747.61,1,13.17,0.75,305,0.5,NA,0,11.29,304.71,0.375
1994,5,5,NA,0,738.71,1,15.67,0.75,316.67,0.375,NA,0,14.94,315.67,0.25
1994,5,6,NA,0,738.85,1,16.6,0.625,317.5,0.5,NA,0,15.61,316.6,0.375
1994,5,7,NA,0,750.98,1,14.62,1,317.5,0.5,NA,0,14.85,317.15,0.5
1994,5,8,NA,0,756.14,1,NA,0.125,317.5,1,NA,0,NA,NA,0.125
1994,5,9,NA,0,748.53,1,17,0.25,313.75,1,NA,0,16.74,319.41,0.25
1994,5,10,NA,0,746.09,1,14.5,0.5,310,0.625,NA,0,NA,NA,0.125
1994,5,11,NA,0,750.69,1,13.62,1,306,0.625,NA,0,13.26,305.56,0.625
1994,5,12,NA,0,750.74,1,13.88,1,298.57,0.875,NA,0,14.06,298.79,0.875
1994,5,13,NA,0,755.49,1,11.88,1,292,0.625,NA,0,11.77,292.03,0.625
1994,5,14,NA,0,753.7,1,NA,0.125,285,0.25,NA,0,NA,NA,0.125
1994,5,15,NA,0,759.69,1,NA,0,310,0.25,NA,0,NA,NA,0
1994,5,16,NA,0,769.36,1,NA,0,NA,0.125,NA,0,NA,NA,0
1994,5,17,NA,0,766.84,1,NA,0,NA,0,NA,0,NA,NA,0
1994,5,18,NA,0,759.01,1,NA,0,190,0.25,NA,0,NA,NA,0
1994,5,19,NA,0,746.81,1,NA,0,181.67,0.75,NA,0,NA,NA,0
1994,5,20,NA,0,762.43,1,NA,0,312.86,0.875,NA,0,NA,NA,0
1994,5,21,NA,0,774.27,1,30.5,0.25,308,0.625,NA,0,NA,NA,0
1994,5,22,NA,0,778.78,1,NA,0.125,322.5,1,NA,0,NA,NA,0.125
1994,5,23,NA,0,768.15,1,NA,0.125,250,1,NA,0,NA,NA,0.125
1994,5,24,NA,0,765.56,1,3.5,0.5,221.25,1,NA,0,2.47,247.02,0.5
1994,5,25,NA,0,757.2,1,4.5,0.75,230,1,NA,0,2.76,289.7,0.75
1994,5,26,NA,0,756.61,1,6,0.875,308.75,1,NA,0,5.21,308.86,0.875
1994,5,27,NA,0,756.2,1,8.71,0.875,313.75,1,NA,0,8.6,314.25,0.875
1994,5,28,NA,0,757.61,1,6,0.25,297.5,1,NA,0,6,300,0.25
1994,5,29,NA,0,763.8,1,4.33,0.75,225,1,NA,0,2.45,258.15,0.75
1994,5,30,NA,0,772.6,1,2,0.375,282.5,1,NA,0,1.09,236.09,0.375
1994,5,31,NA,0,776.6,1,5,0.625,281.25,1,NA,0,3.79,291.87,0.625
1994,6,1,NA,0,770.19,1,4.17,0.75,295,0.5,NA,0,2.91,290.1,0.25
1994,6,2,NA,0,770.5,1,7,0.375,310,0.375,NA,0,6.48,313.84,0.25
1994,6,3,NA,0,757.04,1,11.5,0.25,313.75,1,NA,0,11.46,314.35,0.25
1994,6,4,NA,0,756.14,1,6.88,1,317.5,1,NA,0,6.74,318.4,1
1994,6,5,NA,0,762.83,1,9,0.625,321.25,1,NA,0,8.95,319.78,0.625
1994,6,6,NA,0,761.41,1,8,0.625,320,1,NA,0,7.93,322.76,0.625
1994,6,7,NA,0,761.37,1,7,0.625,312.5,1,NA,0,6.89,311.67,0.625
1994,6,8,NA,0,763.07,1,7.14,0.875,315,1,NA,0,7.03,317.01,0.875
1994,6,9,NA,0,752.69,1,8.43,0.875,314,0.625,NA,0,7.67,311.95,0.5
1994,6,10,NA,0,754.31,1,6.25,1,311.43,0.875,NA,0,5.82,315.05,0.875
1994,6,11,NA,0,755.81,1,7,1,323.33,0.75,NA,0,6.81,323.17,0.75
1994,6,12,NA,0,766.54,1,6.62,1,315,0.25,NA,0,6.97,315,0.25
1994,6,13,NA,0,774.88,1,8.57,0.875,305,0.75,NA,0,7.89,304.36,0.625
1994,6,14,NA,0,779.28,1,9.75,1,312.5,1,NA,0,9.54,312.73,1
1994,6,15,NA,0,782.72,1,9,0.5,316,0.625,NA,0,8.92,316.65,0.5
1994,6,16,NA,0,777.09,1,8.88,1,316.25,1,NA,0,8.84,316.48,1
1994,6,17,NA,0,777.93,1,6.88,1,310,0.625,NA,0,6.95,310.29,0.625
1994,6,18,NA,0,780.19,1,2.5,1,276.25,1,NA,0,2.27,284.34,1
1994,6,19,NA,0,774.04,1,6.88,1,305,1,NA,0,6.8,306,1
1994,6,20,NA,0,774.49,1,6.75,1,298.75,1,NA,0,6.56,300.66,1
1994,6,21,NA,0,777.16,1,6.5,0.25,308.33,0.75,NA,0,6.48,304.61,0.25
1994,6,22,NA,0,781,1,7.5,0.25,308,0.625,NA,0,NA,NA,0.125
1994,6,23,NA,0,782.44,1,8.5,1,293.33,0.75,NA,0,8.47,292.94,0.75
1994,6,24,NA,0,781.69,1,10.8,0.625,300,0.625,NA,0,10.74,300.19,0.625
1994,6,25,NA,0,776.55,1,7,0.625,312.5,0.5,NA,0,6.4,310.78,0.25
1994,6,26,NA,0,772.14,1,6.88,1,301.25,1,NA,0,6.76,302.93,1
1994,6,27,NA,0,775.91,1,7.38,1,307.5,1,NA,0,7.29,307.65,1
1994,6,28,NA,0,782.53,1,8.75,1,308.57,0.875,NA,0,8.66,308.19,0.875
1994,6,29,NA,0,779.96,1,8.5,0.5,314,0.625,NA,0,8.3,313.6,0.375
1994,6,30,NA,0,773.83,1,8.33,0.75,316.67,0.375,NA,0,7.97,315,0.25
1994,7,1,NA,0,772.43,1,8.75,1,315,0.25,NA,0,9.46,315.26,0.25
1994,7,2,NA,0,775.91,1,8.12,1,NA,0.125,NA,0,NA,NA,0.125
1994,7,3,NA,0,773.84,1,9,0.75,305,0.75,NA,0,8.97,304.81,0.75
1994,7,4,NA,0,769.59,1,7.67,0.75,304,0.625,NA,0,7.57,304.21,0.625
1994,7,5,NA,0,770.41,1,NA,0.125,308.33,0.75,NA,0,NA,NA,0.125
1994,7,6,NA,0,769.04,1,6.2,0.625,277.5,1,NA,0,5.72,312.39,0.625
1994,7,7,NA,0,762.18,1,4.25,0.5,298,0.625,NA,0,3.76,310,0.25
1994,7,8,NA,0,762.81,1,5.33,0.375,250,1,NA,0,5.31,283.75,0.375
1994,7,9,NA,0,761.96,1,8.4,0.625,306,0.625,NA,0,8.55,313.88,0.375
1994,7,10,NA,0,757.34,1,9.2,0.625,312,0.625,NA,0,9.14,314.63,0.5
1994,7,11,NA,0,754.61,1,7.83,0.75,327.5,0.5,NA,0,7.64,325.65,0.375
1994,7,12,NA,0,762.43,1,7.12,1,NA,0.125,NA,0,NA,NA,0.125
1994,7,13,NA,0,762.68,1,9.8,0.625,NA,0.125,NA,0,NA,NA,0.125
1994,7,14,NA,0,760.76,1,7.29,0.875,264,0.625,NA,0,7.47,306.34,0.5
1994,7,15,NA,0,763.88,1,3.33,0.375,170,1,NA,0,1.45,166.07,0.375
1994,7,16,NA,0,772.76,1,6,0.5,196.25,1,NA,0,2.26,173.56,0.5
1994,7,17,NA,0,769.7,1,7.5,1,303.33,0.75,NA,0,6.79,305.47,0.75
1994,7,18,NA,0,761.25,1,9,1,312.86,0.875,NA,0,9.11,312.81,0.875
1994,7,19,NA,0,761.14,1,7,1,293.33,0.75,NA,0,7.41,294.2,0.75
1994,7,20,NA,0,765.95,1,5.5,1,NA,0.125,NA,0,NA,NA,0.125
1994,7,21,NA,0,763.55,1,9,1,305.71,0.875,NA,0,9.07,305.29,0.875
1994,7,22,NA,0,758.33,1,10.12,1,NA,0.125,NA,0,NA,NA,0.125
1994,7,23,NA,0,757.87,1,9.75,1,NA,0.125,NA,0,NA,NA,0.125
1994,7,24,NA,0,761.85,1,10,0.625,308.75,1,NA,0,9.8,308.63,0.625
1994,7,25,NA,0,760.73,1,10,0.625,304,0.625,NA,0,10.5,310,0.25
1994,7,26,NA,0,765.6,1,12.33,0.375,310,1,NA,0,12.22,299.73,0.375
1994,7,27,NA,0,779.14,1,NA,0,287.5,1,NA,0,NA,NA,0
1994,7,28,NA,0,782.73,1,10,0.75,330,0.875,NA,0,9.68,329.59,0.625
1994,7,29,NA,0,762.63,1,9.88,1,315,0.75,NA,0,9.06,315.09,0.75
1994,7,30,NA,0,758.65,1,6.2,0.625,290,1,NA,0,5.82,313.44,0.625
1994,7,31,NA,0,756.01,1,8,0.25,306.25,1,NA,0,7.97,294.37,0.25
1994,8,1,NA,0,762.84,1,7.5,0.25,317.5,1,NA,0,7.47,315.33,0.25
1994,8,2,NA,0,760.26,1,8,0.875,310,1,NA,0,7.96,310.89,0.875
1994,8,3,NA,0,758.38,1,8.75,1,318.75,1,NA,0,8.6,319.09,1
1994,8,4,NA,0,756.7,1,7,0.875,325,1,NA,0,6.78,324.99,0.875
1994,8,5,NA,0,749.79,1,9.88,1,320,0.75,NA,0,9.62,320,0.75
1994,8,6,NA,0,751.48,1,9.8,0.625,320,0.375,NA,0,9.85,321.01,0.25
1994,8,7,NA,0,754.9,1,10.33,0.75,315,0.25,NA,0,9.96,315,0.25
1994,8,8,NA,0,759.03,1,NA,0.125,314.29,0.875,NA,0,NA,NA,0.125
1994,8,9,NA,0,754.14,1,9.29,0.875,326.25,1,NA,0,9.2,327.68,0.875
1994,8,10,NA,0,745.79,1,10.33,0.375,306,0.625,NA,0,10.23,310.32,0.375
1994,8,11,NA,0,743.75,1,8,0.875,287.5,1,NA,0,7.98,287.33,0.875
1994,8,12,NA,0,740.69,1,10,0.625,292.5,0.5,NA,0,9.5,300,0.25
1994,8,13,NA,0,742.21,1,8.25,1,290,0.25,NA,0,8,290,0.25
1994,8,14,NA,0,738.88,1,10.88,1,NA,0.125,NA,0,NA,NA,0.125
1994,8,15,NA,0,740.69,1,9.5,1,308,0.625,NA,0,9.32,308.93,0.625
1994,8,16,NA,0,748.26,1,9.17,0.75,302,0.625,NA,0,9.32,302.35,0.625
1994,8,17,NA,0,745.15,1,9.5,1,308.75,1,NA,0,9.39,309.63,1
1994,8,18,NA,0,740.88,1,6.2,0.625,234,0.625,NA,0,5.65,297.65,0.375
1994,8,19,NA,0,741.3,1,7.5,0.5,NA,0.125,NA,0,NA,NA,0
1994,8,20,NA,0,737.61,1,NA,0.125,306,0.625,NA,0,NA,NA,0.125
1994,8,21,NA,0,744.15,1,9,0.75,305,0.5,NA,0,8.97,305,0.25
1994,8,22,NA,0,750.34,1,9.25,1,316.67,0.75,NA,0,9.14,316.73,0.75
1994,8,23,NA,0,751.06,1,9.33,0.75,304,0.625,NA,0,9.25,304.02,0.625
1994,8,24,NA,0,748.5,1,8.86,0.875,300,0.25,NA,0,8,300,0.25
1994,8,25,NA,0,748.68,1,8,0.25,305,0.5,NA,0,NA,NA,0
1994,8,26,NA,0,751.45,1,6,1,298,0.625,NA,0,6.58,297.88,0.625
1994,8,27,NA,0,750.09,1,8.38,1,310,1,NA,0,8.31,309.7,1
1994,8,28,NA,0,753.36,1,7.88,1,318,0.625,NA,0,8.58,318.38,0.625
1994,8,29,NA,0,758.95,1,7.57,0.875,312.5,0.5,NA,0,7.6,310.87,0.375
1994,8,30,NA,0,757.44,1,9.75,1,308.33,0.75,NA,0,9.64,308.11,0.75
1994,8,31,NA,0,756.09,1,7.38,1,310,0.875,NA,0,7.36,310.77,0.875
1994,9,1,NA,0,757.43,1,7.5,0.5,312.5,0.5,NA,0,NA,NA,0.125
1994,9,2,NA,0,758.08,1,8.2,0.625,311.43,0.875,NA,0,7.97,295.31,0.5
1994,9,3,NA,0,761.14,1,6.5,0.75,311.25,1,NA,0,6.19,326.17,0.75
1994,9,4,NA,0,764.04,1,5,0.625,NA,0,NA,0,NA,NA,0
1994,9,5,NA,0,766.13,1,6.12,1,296.67,0.75,NA,0,6.21,297.65,0.75
1994,9,6,NA,0,762.01,1,8.33,0.75,318.75,1,NA,0,8.25,313.62,0.75
1994,9,7,NA,0,759.59,1,NA,0,258.75,1,NA,0,NA,NA,0
1994,9,8,NA,0,754.66,1,11.17,0.75,317.5,1,NA,0,11.08,317.9,0.75
1994,9,9,NA,0,747.34,1,4.2,0.625,283.75,1,NA,0,4.15,281.44,0.625
1994,9,10,NA,0,751,1,1.6,0.625,176,0.625,NA,0,1.37,170.18,0.625
1994,9,11,NA,0,757.6,1,5,1,291.25,1,NA,0,4.85,298.01,1
1994,9,12,NA,0,755.55,1,8.5,0.5,300,0.625,NA,0,8.31,306.8,0.375
1994,9,13,NA,0,754.43,1,9.62,1,308.57,0.875,NA,0,9.61,308.22,0.875
1994,9,14,NA,0,752.76,1,9.75,0.5,315,0.75,NA,0,10,320,0.25
1994,9,15,NA,0,752.51,1,10.43,0.875,316.25,1,NA,0,10.26,316.17,0.875
1994,9,16,NA,0,756.2,1,10.25,1,312.5,1,NA,0,10.11,311.94,1
1994,9,17,NA,0,759.79,1,7,0.625,300,0.5,NA,0,6.94,299.04,0.375
1994,9,18,NA,0,769.11,1,5.83,0.75,306.67,0.375,NA,0,5.5,310,0.25
1994,9,19,NA,0,765.94,1,6.33,0.75,NA,0.125,NA,0,NA,NA,0.125
1994,9,20,NA,0,769.81,1,6.75,1,302.86,0.875,NA,0,6.69,302.76,0.875
1994,9,21,NA,0,773.95,1,9.62,1,302.5,0.5,NA,0,8.52,303.71,0.5
1994,9,22,NA,0,777.4,1,9.5,0.75,307.5,0.5,NA,0,9.07,306.52,0.5
1994,9,23,NA,0,783.83,1,7.75,1,321.25,1,NA,0,7.6,320.5,1
1994,9,24,NA,0,782.76,1,7.33,0.75,330,1,NA,0,7.2,326.15,0.75
1994,9,25,NA,0,779.94,1,7.75,1,320,1,NA,0,7.69,320.32,1
1994,9,26,NA,0,777.65,1,6.62,1,330,0.625,NA,0,6.16,330.65,0.625
1994,9,27,NA,0,769.44,1,7.25,0.5,303.75,1,NA,0,7.23,307.59,0.5
1994,9,28,NA,0,768.95,1,7.83,0.75,306.25,1,NA,0,7.57,305.47,0.75
1994,9,29,NA,0,777.81,1,6.88,1,327.5,1,NA,0,6.78,326.92,1
1994,9,30,NA,0,774.38,1,7.71,0.875,320,1,NA,0,7.64,320.74,0.875
1994,10,1,NA,0,767.14,1,9.88,1,316.67,0.75,NA,0,10.13,316.73,0.75
1994,10,2,NA,0,771.01,1,7.67,0.375,290,1,NA,0,7.64,306.53,0.375
1994,10,3,NA,0,774.51,1,7,0.75,303.75,1,NA,0,6.82,308.45,0.75
1994,10,4,NA,0,768.5,1,9.57,0.875,323.75,1,NA,0,9.22,321.25,0.875
1994,10,5,NA,0,762.31,1,8.14,0.875,312.5,1,NA,0,7.99,311.29,0.875
1994,10,6,NA,0,768.7,1,8.57,0.875,328.75,1,NA,0,8.46,323.99,0.875
1994,10,7,NA,0,761.93,1,9.8,0.625,313.75,1,NA,0,9.1,320.97,0.625
1994,10,8,NA,0,759.55,1,8,0.625,308,0.625,NA,0,7.45,310.67,0.5
1994,10,9,NA,0,758.79,1,10.2,0.625,310,1,NA,0,10.11,305.07,0.625
1994,10,10,NA,0,751.79,1,6.12,1,306.67,0.375,NA,0,4.65,307.15,0.375
1994,10,11,NA,0,754.54,1,2.33,0.75,290,0.875,NA,0,2.27,293.87,0.75
1994,10,12,NA,0,754.54,1,7.43,0.875,302,0.625,NA,0,7.11,305.17,0.5
1994,10,13,NA,0,757.26,1,6.38,1,301.25,1,NA,0,6.16,305.29,1
1994,10,14,NA,0,754.18,1,6.75,0.5,323.75,1,NA,0,6.63,325.56,0.5
1994,10,15,NA,0,746.82,1,7.12,1,310,1,NA,0,6.99,309.47,1
1994,10,16,NA,0,743.1,1,7.43,0.875,316.25,1,NA,0,7.35,316.95,0.875
1994,10,17,NA,0,750.38,1,6.14,0.875,303.75,1,NA,0,6.12,303.48,0.875
1994,10,18,NA,0,755.1,1,3.57,0.875,237.5,1,NA,0,1.67,245.13,0.875
1994,10,19,NA,0,750.41,1,6.2,0.625,210,0.625,NA,0,1.8,226.1,0.25
1994,10,20,NA,0,743.14,1,8.88,1,300,0.625,NA,0,7.95,300.5,0.625
1994,10,21,NA,0,750.8,1,3.57,0.875,285,1,NA,0,3.37,305.18,0.875
1994,10,22,NA,0,750.71,1,3.12,1,252.5,1,NA,0,1.89,271.33,1
1994,10,23,NA,0,751.8,1,2,0.5,195.71,0.875,NA,0,0.98,221.92,0.5
1994,10,24,NA,0,757.5,1,4,0.75,230,1,NA,0,2.37,280.75,0.75
1994,10,25,NA,0,757.39,1,10.14,0.875,312.5,1,NA,0,9.93,310.99,0.875
1994,10,26,NA,0,754.2,1,6.17,0.75,298.75,1,NA,0,6.14,303.78,0.75
1994,10,27,NA,0,756.16,1,4.33,0.375,302.86,0.875,NA,0,4.32,296.93,0.375
1994,10,28,NA,0,755.01,1,6,0.625,303.33,0.375,NA,0,5.48,304.54,0.25
1994,10,29,NA,0,755.69,1,8.14,0.875,315,0.75,NA,0,8.47,314.9,0.75
1994,10,30,NA,0,760.9,1,9.25,1,311.25,1,NA,0,9.2,311.76,1
1994,10,31,NA,0,764.12,1,9.86,0.875,316.67,0.375,NA,0,8.64,316.16,0.375
1994,11,1,NA,0,757.94,1,9.4,0.625,317.14,0.875,NA,0,8.93,319.44,0.5
1994,11,2,NA,0,752.24,1,5.75,1,292.5,1,NA,0,4.44,303.67,1
1994,11,3,NA,0,757.35,1,5.38,1,177.5,1,NA,0,4.95,174.94,1
1994,11,4,NA,0,762.61,1,3.8,0.625,167.5,1,NA,0,2.93,187.55,0.625
1994,11,5,NA,0,765.62,1,3.8,0.625,216.25,1,NA,0,3.23,284.74,0.625
1994,11,6,NA,0,762,1,6.62,1,312,0.625,NA,0,6.15,311.29,0.625
1994,11,7,NA,0,762.79,1,2.57,0.875,233.75,1,NA,0,1.48,251.88,0.875
1994,11,8,NA,0,762.13,1,7.83,0.75,171.25,1,NA,0,7.79,169.15,0.75
1994,11,9,NA,0,762.38,1,6.4,0.625,183.33,0.75,NA,0,4.77,171.75,0.375
1994,11,10,NA,0,764.06,1,3.83,0.75,190,1,NA,0,3.82,175.65,0.75
1994,11,11,NA,0,764.23,1,4,1,225,0.75,NA,0,2.28,215.02,0.75
1994,11,12,NA,0,765.08,1,6,0.625,298.75,1,NA,0,5.4,294.92,0.625
1994,11,13,NA,0,763.43,1,6.71,0.875,301.25,1,NA,0,6.67,302.77,0.875
1994,11,14,NA,0,763.68,1,6.75,0.5,273.75,1,NA,0,6.36,314.78,0.5
1994,11,15,NA,0,767.12,1,3.33,0.75,298.57,0.875,NA,0,3.21,294.56,0.75
1994,11,16,NA,0,768.98,1,2.88,1,190,1,NA,0,2.55,178.21,1
1994,11,17,NA,0,768.49,1,1.33,0.375,233.75,1,NA,0,1.25,244.52,0.375
1994,11,18,NA,0,768.2,0.25,NA,0,185,0.25,NA,0,NA,NA,0
1994,11,19,NA,0,NA,0,NA,0,NA,0,NA,0,NA,NA,0
1994,11,20,NA,0,NA,0,NA,0,NA,0,NA,0,NA,NA,0
1994,11,21,NA,0,NA,0,NA,0,NA,0,NA,0,NA,NA,0
1994,11,22,NA,0,NA,0,NA,0,NA,0,NA,0,NA,NA,0
1994,11,23,NA,0,NA,0,NA,0,NA,0,NA,0,NA,NA,0
1994,11,24,NA,0,NA,0,NA,0,NA,0,NA,0,NA,NA,0
1994,11,25,NA,0,NA,0,NA,0,NA,0,NA,0,NA,NA,0
1994,11,26,NA,0,NA,0,NA,0,NA,0,NA,0,NA,NA,0
1994,11,27,NA,0,NA,0,NA,0,NA,0,NA,0,NA,NA,0
1994,11,28,NA,0,NA,0,NA,0,NA,0,NA,0,NA,NA,0
1994,11,29,NA,0,NA,0,NA,0,NA,0,NA,0,NA,NA,0
1994,11,30,NA,0,NA,0,NA,0,NA,0,NA,0,NA,NA,0
1994,12,1,NA,0,NA,0,NA,0,NA,0,NA,0,NA,NA,0
1994,12,2,NA,0,NA,0,NA,0,NA,0,NA,0,NA,NA,0
1994,12,3,NA,0,NA,0,NA,0,NA,0,NA,0,NA,NA,0
1994,12,4,NA,0,NA,0,NA,0,NA,0,NA,0,NA,NA,0
1994,12,5,NA,0,NA,0,NA,0,NA,0,NA,0,NA,NA,0
1994,12,6,NA,0,NA,0,NA,0,NA,0,NA,0,NA,NA,0
1994,12,7,NA,0,NA,0,NA,0,NA,0,NA,0,NA,NA,0
1994,12,8,NA,0,NA,0,NA,0,NA,0,NA,0,NA,NA,0
1994,12,9,NA,0,NA,0,NA,0,NA,0,NA,0,NA,NA,0
1994,12,10,NA,0,NA,0,NA,0,NA,0,NA,0,NA,NA,0
1994,12,11,NA,0,NA,0,NA,0,NA,0,NA,0,NA,NA,0
1994,12,12,NA,0,NA,0,NA,0,NA,0,NA,0,NA,NA,0
1994,12,13,NA,0,NA,0,NA,0,NA,0,NA,0,NA,NA,0
1994,12,14,NA,0,NA,0,NA,0,NA,0,NA,0,NA,NA,0
1994,12,15,NA,0,NA,0,NA,0,NA,0,NA,0,NA,NA,0
1994,12,16,NA,0,NA,0,NA,0,NA,0,NA,0,NA,NA,0
1994,12,17,NA,0,NA,0,NA,0,NA,0,NA,0,NA,NA,0
1994,12,18,NA,0,NA,0,NA,0,NA,0,NA,0,NA,NA,0
1994,12,19,NA,0,NA,0,NA,0,NA,0,NA,0,NA,NA,0
1994,12,20,NA,0,NA,0,NA,0,NA,0,NA,0,NA,NA,0
1994,12,21,NA,0,NA,0,NA,0,NA,0,NA,0,NA,NA,0
1994,12,22,NA,0,NA,0,NA,0,NA,0,NA,0,NA,NA,0
1994,12,23,NA,0,NA,0,NA,0,NA,0,NA,0,NA,NA,0
1994,12,24,NA,0,NA,0,NA,0,NA,0,NA,0,NA,NA,0
1994,12,25,NA,0,NA,0,NA,0,NA,0,NA,0,NA,NA,0
1994,12,26,NA,0,NA,0,NA,0,NA,0,NA,0,NA,NA,0
1994,12,27,NA,0,NA,0,NA,0,NA,0,NA,0,NA,NA,0
1994,12,28,NA,0,NA,0,NA,0,NA,0,NA,0,NA,NA,0
1994,12,29,NA,0,NA,0,NA,0,NA,0,NA,0,NA,NA,0
1994,12,30,NA,0,NA,0,NA,0,NA,0,NA,0,NA,NA,0
1994,12,31,NA,0,NA,0,NA,0,NA,0,NA,0,NA,NA,0
1995,1,1,NA,0,NA,0,NA,0,NA,0,NA,0,NA,NA,0
1995,1,2,NA,0,NA,0,NA,0,NA,0,NA,0,NA,NA,0
1995,1,3,NA,0,NA,0,NA,0,NA,0,NA,0,NA,NA,0
1995,1,4,NA,0,NA,0,NA,0,NA,0,NA,0,NA,NA,0
1995,1,5,NA,0,NA,0,NA,0,NA,0,NA,0,NA,NA,0
1995,1,6,NA,0,NA,0,NA,0,NA,0,NA,0,NA,NA,0
1995,1,7,NA,0,NA,0,NA,0,NA,0,NA,0,NA,NA,0
1995,1,8,NA,0,NA,0,NA,0,NA,0,NA,0,NA,NA,0
1995,1,9,NA,0,NA,0,NA,0,NA,0,NA,0,NA,NA,0
1995,1,10,NA,0,NA,0,NA,0,NA,0,NA,0,NA,NA,0
1995,1,11,NA,0,NA,0,NA,0,NA,0,NA,0,NA,NA,0
1995,1,12,NA,0,NA,0,NA,0,NA,0,NA,0,NA,NA,0
1995,1,13,NA,0,NA,0,NA,0,NA,0,NA,0,NA,NA,0
1995,1,14,NA,0,NA,0,NA,0,NA,0,NA,0,NA,NA,0
1995,1,15,NA,0,NA,0,NA,0,NA,0,NA,0,NA,NA,0
1995,1,16,NA,0,NA,0,NA,0,NA,0,NA,0,NA,NA,0
1995,1,17,NA,0,NA,0,NA,0,NA,0,NA,0,NA,NA,0
1995,1,18,NA,0,NA,0,NA,0,NA,0,NA,0,NA,NA,0
1995,1,19,NA,0,NA,0,NA,0,NA,0,NA,0,NA,NA,0
1995,1,20,NA,0,NA,0,NA,0,NA,0,NA,0,NA,NA,0
1995,1,21,NA,0,NA,0,NA,0,NA,0,NA,0,NA,NA,0
1995,1,22,NA,0,NA,0,NA,0,NA,0,NA,0,NA,NA,0
1995,1,23,NA,0,NA,0,NA,0,NA,0,NA,0,NA,NA,0
1995,1,24,NA,0,NA,0,NA,0,NA,0,NA,0,NA,NA,0
1995,1,25,NA,0,761.99,1,4.25,0.5,305.71,0.875,NA,0,4.18,312.92,0.5
1995,1,26,NA,0,762.82,1,9.4,0.625,312,0.625,NA,0,9.51,315.65,0.5
1995,1,27,NA,0,761.73,0.875,9.5,0.5,320,0.875,NA,0,9.46,315,0.5
1995,1,28,NA,0,760.39,1,3.5,0.25,293.75,1,NA,0,3.49,295.72,0.25
1995,1,29,NA,0,766.18,1,3.33,0.375,231.43,0.875,NA,0,2.34,281.5,0.375
1995,1,30,NA,0,771.75,1,8.83,0.75,306.25,1,NA,0,8.08,305.14,0.75
1995,1,31,NA,0,780.75,1,5.6,0.625,308,0.625,NA,0,5.29,298.6,0.5
1995,2,1,NA,0,780.29,0.875,9.5,0.25,302.86,0.875,NA,0,9.36,300.53,0.25
1995,2,2,NA,0,773.59,0.875,11,0.375,312.86,0.875,NA,0,10.71,309.17,0.375
1995,2,3,NA,0,765.91,0.875,15,0.375,320,0.875,NA,0,14.95,316.89,0.375
1995,2,4,NA,0,762.58,1,NA,0,305,1,NA,0,NA,NA,0
1995,2,5,NA,0,768.28,1,NA,0.125,315,1,NA,0,NA,NA,0.125
1995,2,6,NA,0,763.97,1,5.57,0.875,255,1,NA,0,5.07,257.99,0.875
1995,2,7,NA,0,767.94,1,8.5,0.5,296.25,1,NA,0,8.4,295.26,0.5
1995,2,8,NA,0,768.13,1,10.33,0.375,311.25,1,NA,0,10.16,318.11,0.375
1995,2,9,NA,0,765.19,1,11,0.375,307.5,1,NA,0,10.77,309.46,0.375
1995,2,10,NA,0,763.76,0.875,14.57,0.875,322.86,0.875,NA,0,14.47,323.14,0.875
1995,2,11,NA,0,760.46,0.875,12.8,0.625,327.5,0.5,NA,0,11,330,0.375
1995,2,12,NA,0,759.25,1,14.4,0.625,310,0.75,NA,0,15.29,307.4,0.375
1995,2,13,NA,0,759.64,1,10.75,0.5,312,0.625,NA,0,11.5,300,0.25
1995,2,14,NA,0,757.23,0.875,5.75,0.5,292.86,0.875,NA,0,5.31,286.9,0.5
1995,2,15,NA,0,763.95,1,10.2,0.625,306.25,1,NA,0,10.11,309.41,0.625
1995,2,16,NA,0,765.16,1,11.2,0.625,304,0.625,NA,0,10.63,303.75,0.375
1995,2,17,NA,0,764.2,0.625,12.6,0.625,313.33,0.75,NA,0,12.39,316.68,0.625
1995,2,18,NA,0,763.72,0.625,15,0.625,320,0.625,NA,0,14.7,320.47,0.625
1995,2,19,NA,0,766.52,0.75,15,0.625,310,0.75,NA,0,14.88,312.14,0.625
1995,2,20,NA,0,762.06,0.875,16,0.625,318,0.625,NA,0,15.96,318.25,0.625
1995,2,21,NA,0,757.59,0.875,14.62,1,310,1,NA,0,14.42,311.07,1
1995,2,22,NA,0,762.43,0.5,13.25,0.5,315,0.5,NA,0,13.2,315.28,0.5
1995,2,23,NA,0,764.5,0.5,6.33,0.375,310,0.5,NA,0,6.31,296.85,0.375
1995,2,24,NA,0,763.43,0.875,9,0.25,274.29,0.875,NA,0,8.2,339.08,0.25
1995,2,25,NA,0,766.85,0.5,9.67,0.375,312.5,0.5,NA,0,9.58,309.31,0.375
1995,2,26,NA,0,760.84,0.875,18.2,0.625,152.86,0.875,NA,0,18.05,5.08,0.625
1995,2,27,NA,0,760.93,0.5,5.67,0.375,276,0.625,NA,0,5.5,280.75,0.375
1995,2,28,NA,0,765.5,0.875,2.5,0.5,288,0.625,NA,0,2.48,293,0.5
1995,3,1,NA,0,764.81,0.875,NA,0.125,260,0.75,NA,0,NA,NA,0.125
1995,3,2,NA,0,762.86,0.625,14.8,0.625,315,0.5,NA,0,14.44,314.83,0.5
1995,3,3,NA,0,761.41,0.875,13.33,0.375,320,0.5,NA,0,NA,NA,0.125
1995,3,4,NA,0,760.16,0.875,10.43,0.875,312.86,0.875,NA,0,10.34,313.25,0.875
1995,3,5,NA,0,760.57,0.75,12.83,0.75,314.29,0.875,NA,0,12.16,310.7,0.75
1995,3,6,NA,0,758.16,0.625,14.75,0.5,324,0.625,NA,0,14.38,329.38,0.5
1995,3,7,NA,0,762.73,0.875,6.8,0.625,292.5,1,NA,0,6.72,306.48,0.625
1995,3,8,NA,0,764.7,0.625,9.5,0.5,302,0.625,NA,0,9.09,306.11,0.5
1995,3,9,NA,0,769.22,0.75,15.33,0.375,333.33,0.75,NA,0,15.18,320,0.375
1995,3,10,NA,0,774.37,0.875,16.8,0.625,320,0.875,NA,0,16.59,318.49,0.625
1995,3,11,NA,0,771.67,0.75,16,0.5,312.86,0.875,NA,0,15.83,318.43,0.5
1995,3,12,NA,0,770.86,0.625,13.75,0.5,268.33,0.75,NA,0,13,328.47,0.5
1995,3,13,NA,0,759.9,0.625,9.2,0.625,274,0.625,NA,0,8.35,278.63,0.625
1995,3,14,NA,0,758.41,0.875,19.67,0.375,322.86,0.875,NA,0,19.41,316.41,0.375
1995,3,15,NA,0,758.74,0.625,22.5,0.25,322,0.625,NA,0,22.5,320,0.25
1995,3,16,NA,0,769.17,0.875,16.75,0.5,318.57,0.875,NA,0,16.5,319.85,0.5
1995,3,17,NA,0,773.25,0.5,21.33,0.375,320,0.625,NA,0,21.26,333.43,0.375
1995,3,18,NA,0,776.43,0.5,15,0.5,312.5,0.5,NA,0,14.96,312.5,0.5
1995,3,19,NA,0,773.43,1,8.67,0.75,270,0.625,NA,0,7.2,275.77,0.5
1995,3,20,NA,0,772.67,0.875,11.75,0.5,305.71,0.875,NA,0,11.31,307.88,0.5
1995,3,21,NA,0,766.28,0.75,14.5,0.75,303.33,0.75,NA,0,14.45,303.1,0.75
1995,3,22,NA,0,764.86,0.625,13.67,0.75,298.33,0.75,NA,0,13.5,298.4,0.75
1995,3,23,NA,0,763.24,0.625,15.83,0.75,308.33,0.75,NA,0,15.8,308.43,0.75
1995,3,24,NA,0,755.4,0.625,20,0.25,302.5,0.5,NA,0,19.92,295.25,0.25
1995,3,25,NA,0,754.43,0.875,15.4,0.625,295,0.25,NA,0,15.94,295,0.25
1995,3,26,NA,0,765.58,0.75,12.8,0.625,298.33,0.75,NA,0,12.69,297.02,0.625
1995,3,27,NA,0,775.62,0.625,9.5,0.5,304,0.625,NA,0,9.47,303.15,0.5
1995,3,28,NA,0,771.3,0.75,12.71,0.875,304.29,0.875,NA,0,12.55,305.62,0.875
1995,3,29,NA,0,770.17,0.75,15,0.75,315,0.75,NA,0,14.94,315,0.75
1995,3,30,NA,0,776.4,0.625,13.75,0.5,302,0.625,NA,0,13.43,301.58,0.5
1995,3,31,NA,0,777.6,0.75,20.33,0.75,323.33,0.75,NA,0,20.27,323.27,0.75
1995,4,1,NA,0,768.85,0.75,19.5,0.75,315.71,0.875,NA,0,19.34,313.17,0.75
1995,4,2,NA,0,771.51,0.875,16.5,0.75,318.57,0.875,NA,0,16.38,317.98,0.75
1995,4,3,NA,0,774.05,0.75,17.75,0.5,328.33,0.75,NA,0,17.61,330,0.5
1995,4,4,NA,0,776.53,0.875,20,0.25,320,0.875,NA,0,19.93,315.75,0.25
1995,4,5,NA,0,772.52,0.625,19.5,0.75,310,0.75,NA,0,19.4,310.26,0.75
1995,4,6,NA,0,764.65,0.75,15.75,0.5,320,0.75,NA,0,15.46,317.02,0.5
1995,4,7,NA,0,761.43,0.875,16,0.875,326.67,0.75,NA,0,16.28,326.53,0.75
1995,4,8,NA,0,755.43,0.875,17.67,0.375,328,0.625,NA,0,18.43,324.32,0.25
1995,4,9,NA,0,757.19,0.875,13.6,0.625,315,0.75,NA,0,14.46,312.58,0.5
1995,4,10,NA,0,762.33,0.75,9,0.75,305,0.5,NA,0,8.64,306.93,0.375
1995,4,11,NA,0,755.82,0.625,7.5,0.5,302,0.625,NA,0,7.39,302.4,0.5
1995,4,12,NA,0,751.52,0.625,10.4,0.625,308,0.625,NA,0,10.31,308.07,0.625
1995,4,13,NA,0,760.44,0.625,7.8,0.625,308.33,0.75,NA,0,7.72,314.93,0.625
1995,4,14,NA,0,764.46,0.875,13.5,0.25,301.43,0.875,NA,0,13.45,304.81,0.25
1995,4,15,NA,0,757.77,0.75,12.8,0.625,306.67,0.75,NA,0,12.54,304.68,0.625
1995,4,16,NA,0,760.95,0.5,NA,0.125,255,0.5,NA,0,NA,NA,0.125
1995,4,17,NA,0,760.94,0.875,21.33,0.375,320,1,NA,0,18.57,301.52,0.375
1995,4,18,NA,0,753.14,0.625,21.33,0.375,320,0.625,NA,0,20.86,321.19,0.375
1995,4,19,NA,0,755.42,0.75,24,0.25,326.67,0.75,NA,0,23.91,325.42,0.25
1995,4,20,NA,0,759.32,0.75,10.2,0.625,294.29,0.875,NA,0,8.36,314.02,0.625
1995,4,21,NA,0,753.25,0.75,13.33,0.375,101.43,0.875,NA,0,8.12,94.65,0.375
1995,4,22,NA,0,759.42,0.75,14.5,0.5,212,0.625,NA,0,13.35,339.11,0.5
1995,4,23,NA,0,756.53,0.75,20.33,0.375,321.43,0.875,NA,0,20.14,320.66,0.375
1995,4,24,NA,0,748.66,0.625,15,0.375,314.29,0.875,NA,0,14.95,313.33,0.375
1995,4,25,NA,0,751.93,0.875,18,0.375,318.57,0.875,NA,0,17.64,321.99,0.375
1995,4,26,NA,0,754.06,0.625,20.5,0.25,328,0.625,NA,0,20.5,310,0.25
1995,4,27,NA,0,759.4,0.75,22.25,0.5,318.57,0.875,NA,0,21.91,320.34,0.5
1995,4,28,NA,0,759.18,0.625,19.25,0.5,315,0.25,NA,0,19.92,315.5,0.25
1995,4,29,NA,0,759.23,0.75,22.2,0.625,326.67,0.75,NA,0,22.12,325.77,0.625
1995,4,30,NA,0,766.6,0.625,NA,0.125,303.33,0.75,NA,0,NA,NA,0.125
1995,5,1,NA,0,769.86,0.625,12,0.375,276,0.625,NA,0,11.83,290.28,0.375
1995,5,2,NA,0,767.21,0.875,17.5,0.75,300,0.625,NA,0,18.06,307.66,0.5
1995,5,3,NA,0,752.8,0.625,13.75,0.5,316,0.625,NA,0,13.7,315.27,0.5
1995,5,4,NA,0,744.13,0.875,15.5,0.75,327.14,0.875,NA,0,15.38,323.95,0.75
1995,5,5,NA,0,738.4,0.625,15.75,0.5,323.33,0.375,NA,0,14.95,323.77,0.375
1995,5,6,NA,0,746.14,0.875,13.14,0.875,310,0.75,NA,0,13.1,310.25,0.75
1995,5,7,NA,0,758.6,0.625,12,0.625,306,0.625,NA,0,11.96,306,0.625
1995,5,8,NA,0,763.13,0.5,8.5,0.5,317.5,0.5,NA,0,8.48,317.95,0.5
1995,5,9,NA,0,761.83,0.875,7,0.5,313.33,0.75,NA,0,6.92,311.8,0.5
1995,5,10,NA,0,758.37,0.75,9.17,0.75,306.67,0.75,NA,0,9.14,306.55,0.75
1995,5,11,NA,0,758.75,1,10.62,1,310,0.5,NA,0,10.42,310,0.5
1995,5,12,NA,0,761.41,0.875,13.71,0.875,307.5,0.5,NA,0,12.61,308.42,0.5
1995,5,13,NA,0,764.5,0.875,18.57,0.875,320,0.875,NA,0,18.25,320.19,0.875
1995,5,14,NA,0,764.64,0.875,12.25,0.5,270,0.875,NA,0,7.49,281.19,0.5
1995,5,15,NA,0,760.21,0.875,4,0.25,198.57,0.875,NA,0,2.09,290.57,0.25
1995,5,16,NA,0,768.59,0.875,16.67,0.375,320,0.75,NA,0,16.61,313.4,0.375
1995,5,17,NA,0,765.99,0.875,16.57,0.875,310,0.875,NA,0,16.49,310,0.875
1995,5,18,NA,0,763.13,0.875,18.5,0.5,322.86,0.875,NA,0,18.43,315.14,0.5
1995,5,19,NA,0,763.99,0.875,17.33,0.75,318.57,0.875,NA,0,16.92,316.4,0.75
1995,5,20,NA,0,752.96,1,15.75,0.5,330,0.625,NA,0,14.45,325.52,0.25
1995,5,21,NA,0,743.51,1,NA,0.125,321.67,0.75,NA,0,NA,NA,0.125
1995,5,22,NA,0,747.97,0.375,19.5,0.25,320,0.375,NA,0,19.43,324.61,0.25
1995,5,23,NA,0,746.59,1,16.33,0.375,303.75,1,NA,0,16.12,303.5,0.375
1995,5,24,NA,0,735.27,0.875,15.8,0.625,326.67,0.375,NA,0,NA,NA,0.125
1995,5,25,NA,0,745.3,0.875,15.12,1,316,0.625,NA,0,14.36,315.35,0.625
1995,5,26,NA,0,755.79,0.875,17.29,0.875,320,0.25,NA,0,17.5,320,0.25
1995,5,27,NA,0,749.2,0.875,8.6,0.625,211.67,0.75,NA,0,3.87,194.59,0.375
1995,5,28,NA,0,750.19,0.875,17.5,0.25,315,0.75,NA,0,NA,NA,0.125
1995,5,29,NA,0,746.39,0.875,20,0.375,325,0.75,NA,0,20.92,335,0.25
1995,5,30,NA,0,748.98,0.75,15.67,0.375,311.67,0.75,NA,0,15.04,315.71,0.375
1995,5,31,NA,0,746.57,0.875,NA,0.125,305,0.75,NA,0,NA,NA,0.125
1995,6,1,NA,0,744.27,0.75,20.5,0.25,310,0.5,NA,0,20.42,315.37,0.25
1995,6,2,NA,0,746.01,0.875,17.8,0.625,320,0.5,NA,0,17.16,320,0.375
1995,6,3,NA,0,742.87,0.75,18.17,0.75,317.5,0.5,NA,0,19.6,316.95,0.375
1995,6,4,NA,0,739.19,1,17.5,0.75,321.25,1,NA,0,17.44,323.33,0.75
1995,6,5,NA,0,746.36,0.875,10.5,0.75,303.33,0.75,NA,0,9.17,318.64,0.625
1995,6,6,NA,0,758.49,0.875,6.5,0.5,280,0.25,NA,0,1.93,280,0.25
1995,6,7,NA,0,773.26,0.875,15.2,0.625,312.5,0.5,NA,0,15.83,310.21,0.375
1995,6,8,NA,0,780.33,0.75,15.67,0.375,321.43,0.875,NA,0,15.67,320,0.375
1995,6,9,NA,0,786.46,0.875,16,0.375,331.43,0.875,NA,0,15.06,330.44,0.375
1995,6,10,NA,0,774.1,1,29.33,0.375,288.75,1,NA,0,26.46,354,0.375
1995,6,11,NA,0,772.88,0.75,14.67,0.375,311.67,0.75,NA,0,14.18,302.21,0.375
1995,6,12,NA,0,765.5,0.875,10.33,0.375,321.43,0.875,NA,0,9.17,319.84,0.375
1995,6,13,NA,0,769.43,0.875,18.5,0.25,325.71,0.875,NA,0,17.93,310.45,0.25
1995,6,14,NA,0,765.94,1,15.5,0.25,310,1,NA,0,15.5,310,0.25
1995,6,15,NA,0,772.2,0.875,22.29,0.875,320,0.625,NA,0,22.25,320.18,0.625
1995,6,16,NA,0,771.67,0.875,19,0.75,315.71,0.875,NA,0,18.84,316.57,0.75
1995,6,17,NA,0,766.46,0.875,20.71,0.875,321.43,0.875,NA,0,20.49,321.32,0.875
1995,6,18,NA,0,761.67,0.75,21.6,0.625,327.14,0.875,NA,0,21.21,329.78,0.625
1995,6,19,NA,0,756.81,0.875,17.67,0.75,317.5,0.5,NA,0,18.31,317.69,0.5
1995,6,20,NA,0,756.27,0.875,16.4,0.625,328.57,0.875,NA,0,16.27,327.92,0.625
1995,6,21,NA,0,760.94,0.875,15.83,0.75,315,0.5,NA,0,14.69,314.92,0.5
1995,6,22,NA,0,761.27,1,19.6,0.625,330,1,NA,0,19.44,331.74,0.625
1995,6,23,NA,0,762.02,0.75,14,0.5,323.33,0.75,NA,0,13.75,326.26,0.5
1995,6,24,NA,0,767.5,0.875,17.29,0.875,336.67,0.375,NA,0,16.28,336.33,0.375
1995,6,25,NA,0,772.65,1,13.5,0.5,330,0.625,NA,0,NA,NA,0.125
1995,6,26,NA,0,771.87,0.75,19,0.5,314.29,0.875,NA,0,18.93,324.87,0.5
1995,6,27,NA,0,763.8,0.5,14,0.5,326.67,0.375,NA,0,13.95,326.19,0.375
1995,6,28,NA,0,767.37,0.875,14,0.75,324,0.625,NA,0,13.61,327.62,0.5
1995,6,29,NA,0,772.78,0.625,8.6,0.625,321.43,0.875,NA,0,8.3,324.36,0.625
1995,6,30,NA,0,772.29,0.875,11.5,0.5,311.43,0.875,NA,0,10.98,311.25,0.5
1995,7,1,NA,0,765.52,0.625,19.83,0.75,326.67,0.75,NA,0,19.66,326.51,0.75
1995,7,2,NA,0,767.57,0.75,22.33,0.375,328.33,0.75,NA,0,22.26,327.17,0.375
1995,7,3,NA,0,773.29,0.875,23,0.625,320,0.5,NA,0,22.41,324.67,0.25
1995,7,4,NA,0,774.65,0.75,19.2,0.625,323.33,0.75,NA,0,19.13,324.06,0.625
1995,7,5,NA,0,773.25,0.75,16.17,0.75,313.33,0.75,NA,0,16.04,313.83,0.75
1995,7,6,NA,0,784.53,0.75,17.8,0.625,310,0.75,NA,0,17.57,313.74,0.625
1995,7,7,NA,0,781.23,0.875,19.25,0.5,328.57,0.875,NA,0,18.85,324.28,0.5
1995,7,8,NA,0,779.2,0.875,16.86,0.875,327.14,0.875,NA,0,16.74,326.94,0.875
1995,7,9,NA,0,770.91,0.875,14.5,0.25,335.71,0.875,NA,0,14.01,335.53,0.25
1995,7,10,NA,0,758.77,0.75,13.33,0.75,320,0.375,NA,0,13.86,321.2,0.375
1995,7,11,NA,0,759.79,0.875,13,0.5,312.86,0.875,NA,0,12.97,312.11,0.5
1995,7,12,NA,0,753.66,0.875,13.33,0.375,314.29,0.875,NA,0,13.3,307.75,0.375
1995,7,13,NA,0,760.74,0.875,4,0.625,145,0.25,NA,0,NA,NA,0.125
1995,7,14,NA,0,767.78,0.75,16.6,0.625,325,0.75,NA,0,16.54,326.75,0.625
1995,7,15,NA,0,759.54,0.875,18.33,0.75,325.71,0.875,NA,0,18.2,325.11,0.75
1995,7,16,NA,0,771.28,0.75,10.67,0.75,306.67,0.375,NA,0,10.63,307.19,0.375
1995,7,17,NA,0,774.02,0.625,13.5,0.5,230,0.625,NA,0,6.04,211.3,0.5
1995,7,18,NA,0,776.71,0.875,24,0.375,180,0.875,NA,0,23.77,179.72,0.375
1995,7,19,NA,0,778.53,0.75,NA,0.125,NA,0.125,NA,0,NA,NA,0.125
1995,7,20,NA,0,773.94,0.625,NA,0,NA,0,NA,0,NA,NA,0
1995,7,21,NA,0,771.17,0.75,NA,0,NA,0,NA,0,NA,NA,0
1995,7,22,NA,0,780.05,0.75,17,0.25,330,0.25,NA,0,16.74,330.59,0.25
1995,7,23,NA,0,779.17,0.875,13.67,0.375,337.14,0.875,NA,0,13.49,336.31,0.375
1995,7,24,NA,0,771.89,0.875,15.29,0.875,322.5,0.5,NA,0,15.24,321.89,0.5
1995,7,25,NA,0,775.3,0.625,12,0.75,315,0.5,NA,0,11.95,315.21,0.5
1995,7,26,NA,0,775.93,1,14.4,0.625,326.25,1,NA,0,14.08,331.47,0.625
1995,7,27,NA,0,772.88,0.5,14,0.375,332.5,0.5,NA,0,13.95,326.43,0.375
1995,7,28,NA,0,762.88,0.75,14,0.75,323.33,0.75,NA,0,13.91,325.61,0.75
1995,7,29,NA,0,765.88,0.75,17.17,0.75,305.71,0.875,NA,0,16.96,307.69,0.75
1995,7,30,NA,0,778.12,0.75,12.8,0.625,297.14,0.875,NA,0,12.69,318.9,0.625
1995,7,31,NA,0,792.9,0.5,15,0.25,335,0.5,NA,0,14.53,330.91,0.25
1995,8,1,NA,0,792.23,0.875,16.5,0.5,324.29,0.875,NA,0,16.44,324.7,0.5
1995,8,2,NA,0,786,0.625,NA,0.125,328,0.625,NA,0,NA,NA,0.125
1995,8,3,NA,0,783.66,0.625,12.5,0.25,318.33,0.75,NA,0,12.07,315.61,0.25
1995,8,4,NA,0,780.52,0.75,8.33,0.375,290,0.75,NA,0,5.13,300.5,0.375
1995,8,5,NA,0,774.56,0.625,5.5,0.25,263.33,0.75,NA,0,5.5,290,0.25
1995,8,6,NA,0,774.89,0.875,10.83,0.75,322.86,0.875,NA,0,10.67,324.32,0.75
1995,8,7,NA,0,765.4,0.75,19,0.75,NA,0.125,NA,0,NA,NA,0.125
1995,8,8,NA,0,759.12,0.625,19.67,0.375,327.5,0.5,NA,0,19.92,325.25,0.25
1995,8,9,NA,0,758.58,0.625,17.5,0.75,316.67,0.375,NA,0,17.61,317.17,0.375
1995,8,10,NA,0,764.07,0.75,16.25,0.5,320,0.875,NA,0,16.12,320.46,0.5
1995,8,11,NA,0,772.64,0.875,11.75,0.5,334.29,0.875,NA,0,11.63,337,0.5
1995,8,12,NA,0,766.24,1,15,0.375,328.75,1,NA,0,14.95,333.33,0.375
1995,8,13,NA,0,757.96,0.625,12,0.5,320,0.75,NA,0,11.82,320.84,0.5
1995,8,14,NA,0,753.43,0.875,15.17,0.75,317.14,0.875,NA,0,15.12,316.71,0.75
1995,8,15,NA,0,748.06,0.625,11,0.5,308,0.625,NA,0,10.97,307.05,0.5
1995,8,16,NA,0,738.22,0.75,17,0.875,317.5,0.5,NA,0,16.95,317.36,0.5
1995,8,17,NA,0,741.76,0.625,20.5,0.25,276,0.625,NA,0,20.42,5.12,0.25
1995,8,18,NA,0,748.9,0.625,23,0.25,180,0.25,NA,0,NA,NA,0.125
1995,8,19,NA,0,756.25,0.75,4,0.5,156,0.625,NA,0,2.89,155.34,0.5
1995,8,20,NA,0,757.9,0.875,4.8,0.625,292.86,0.875,NA,0,4.68,292.71,0.625
1995,8,21,NA,0,757.57,0.75,13.83,0.75,310,0.75,NA,0,13.75,310.84,0.75
1995,8,22,NA,0,751.77,0.75,19,0.5,326.67,0.75,NA,0,18.93,324.74,0.5
1995,8,23,NA,0,749.1,0.75,12,0.625,314.29,0.875,NA,0,11.92,312.5,0.625
1995,8,24,NA,0,759.68,0.75,8.2,0.625,298.33,0.75,NA,0,8.1,305.68,0.625
1995,8,25,NA,0,762.32,0.625,16,0.25,320,0.625,NA,0,15.04,321.3,0.25
1995,8,26,NA,0,757.9,0.625,15.33,0.375,308.33,0.75,NA,0,14.94,307.42,0.375
1995,8,27,NA,0,762.96,0.875,16.17,0.75,330,0.5,NA,0,16.57,327.85,0.5
1995,8,28,NA,0,756.08,0.75,16,0.25,330,0.75,NA,0,15.94,334.69,0.25
1995,8,29,NA,0,758.3,0.5,17.5,0.25,327.5,0.5,NA,0,17.23,330.29,0.25
1995,8,30,NA,0,767.03,0.875,19.25,0.5,305,0.25,NA,0,17.93,305.84,0.25
1995,8,31,NA,0,770.67,0.75,11.75,0.5,300,0.375,NA,0,9.5,300,0.25
1995,9,1,NA,0,769.2,0.5,4,0.625,286.67,0.75,NA,0,3.71,291.02,0.625
1995,9,2,NA,0,769.97,0.75,6,0.5,211.67,0.75,NA,0,2.7,296.62,0.5
1995,9,3,NA,0,763.13,0.75,13,0.625,288.57,0.875,NA,0,12.9,291.7,0.625
1995,9,4,NA,0,758.8,0.75,16.8,0.625,320,0.75,NA,0,16.56,322.58,0.625
1995,9,5,NA,0,751.9,0.875,17,0.375,325.71,0.875,NA,0,16.95,327.06,0.375
1995,9,6,NA,0,751.49,1,13.33,0.75,331.25,1,NA,0,13.02,330.6,0.75
1995,9,7,NA,0,753.2,0.875,12,0.5,321.43,0.875,NA,0,11.96,322.7,0.5
1995,9,8,NA,0,755.16,0.875,16.67,0.75,316,0.625,NA,0,17.18,314.78,0.5
1995,9,9,NA,0,759.02,0.75,7,0.25,218,0.625,NA,0,5.44,284.25,0.25
1995,9,10,NA,0,760.2,0.875,10.6,0.625,310,0.375,NA,0,11.51,310.86,0.375
1995,9,11,NA,0,761.73,0.875,20,0.625,322.86,0.875,NA,0,19.84,322.51,0.625
1995,9,12,NA,0,752.21,0.875,4.5,0.25,228.75,1,NA,0,4.48,283.33,0.25
1995,9,13,NA,0,744.96,0.875,9,0.25,190,0.5,NA,0,4.17,282.48,0.25
1995,9,14,NA,0,743.89,0.875,15,0.5,320,0.875,NA,0,14.96,317.84,0.5
1995,9,15,NA,0,743.12,0.75,15.67,0.375,320,0.875,NA,0,15.5,319.79,0.375
1995,9,16,NA,0,744.34,1,11.8,0.625,327.5,1,NA,0,11.65,329.66,0.625
1995,9,17,NA,0,747.82,0.75,11.8,0.625,320,0.75,NA,0,11.6,319.77,0.625
1995,9,18,NA,0,752.87,0.875,19,0.875,317.5,0.5,NA,0,17.2,317.69,0.5
1995,9,19,NA,0,754.9,0.875,15,0.5,302,0.625,NA,0,12.33,300,0.375
1995,9,20,NA,0,746.23,0.75,7.33,0.375,203.33,0.75,NA,0,2.71,199.49,0.375
1995,9,21,NA,0,748.73,0.75,14.5,0.25,320,0.75,NA,0,14.5,310,0.25
1995,9,22,NA,0,743.93,0.75,12.5,0.25,308.57,0.875,NA,0,12.45,315.6,0.25
1995,9,23,NA,0,742.48,1,10.71,0.875,312.5,1,NA,0,10.63,312.68,0.875
1995,9,24,NA,0,750.54,0.875,12.57,0.875,320,1,NA,0,12.54,317.5,0.875
1995,9,25,NA,0,762.43,0.875,19.33,0.375,282.86,0.875,NA,0,18.89,322.71,0.375
1995,9,26,NA,0,760.93,0.875,16,0.375,304.29,0.875,NA,0,15.35,308.94,0.375
1995,9,27,NA,0,751.46,0.625,13.33,0.375,306,0.625,NA,0,13.09,310.06,0.375
1995,9,28,NA,0,747.37,0.75,13.67,0.375,316.67,0.75,NA,0,13.62,313.66,0.375
1995,9,29,NA,0,744.19,0.875,13.33,0.75,312.86,0.875,NA,0,13.24,311.38,0.75
1995,9,30,NA,0,749.05,0.75,17,0.5,320,0.75,NA,0,16.96,317.8,0.5
1995,10,1,NA,0,753.81,0.875,17.86,0.875,318.57,0.875,NA,0,17.74,318.96,0.875
1995,10,2,NA,0,755.2,0.5,11.5,0.5,305,0.5,NA,0,11.29,305.44,0.5
1995,10,3,NA,0,755.57,0.75,17.4,0.625,325.71,0.875,NA,0,17.23,325.9,0.625
1995,10,4,NA,0,755.4,0.875,17.75,0.5,322.86,0.875,NA,0,17.75,320,0.5
1995,10,5,NA,0,756.97,0.875,16.14,0.875,327.14,0.875,NA,0,16.02,327.51,0.875
1995,10,6,NA,0,761.11,0.875,15.25,0.5,324.29,0.875,NA,0,15.2,327.22,0.5
1995,10,7,NA,0,764.51,0.875,14.6,0.625,316,0.625,NA,0,15.61,316.81,0.375
1995,10,8,NA,0,763.43,0.75,6,0.5,317.5,0.5,NA,0,5.93,316.22,0.5
1995,10,9,NA,0,758.2,0.875,13.71,0.875,312.86,0.875,NA,0,13.62,313.34,0.875
1995,10,10,NA,0,752.9,0.625,18,0.625,310,0.375,NA,0,17.67,310,0.375
1995,10,11,NA,0,750.2,0.625,10.83,0.75,300,0.375,NA,0,9.57,300.35,0.375
1995,10,12,NA,0,752.64,0.875,12.17,0.75,305.71,0.875,NA,0,12.01,307.01,0.75
1995,10,13,NA,0,755.08,0.625,12.67,0.375,321.67,0.75,NA,0,12.62,316.58,0.375
1995,10,14,NA,0,746.05,0.75,14.5,0.5,317.14,0.875,NA,0,14.46,312.75,0.5
1995,10,15,NA,0,741.34,0.875,7.8,0.625,285.71,0.875,NA,0,6.43,299.27,0.625
1995,10,16,NA,0,748.03,0.75,NA,0.125,132,0.625,NA,0,NA,NA,0.125
1995,10,17,NA,0,756.4,0.625,10.33,0.375,244,0.625,NA,0,10.3,302.9,0.375
1995,10,18,NA,0,752.73,0.875,4.67,0.375,248,0.625,NA,0,2.78,285.62,0.25
1995,10,19,NA,0,750.26,0.875,5.67,0.75,172,0.625,NA,0,4.89,172.96,0.5
1995,10,20,NA,0,751.4,0.75,17.17,0.75,165,0.25,NA,0,19.43,165.9,0.25
1995,10,21,NA,0,755.65,0.75,NA,0,156.67,0.75,NA,0,NA,NA,0
1995,10,22,NA,0,759.11,0.875,10.5,0.25,230,0.5,NA,0,NA,NA,0.125
1995,10,23,NA,0,761.55,1,13.71,0.875,311.25,1,NA,0,13.66,311.04,0.875
1995,10,24,NA,0,762.23,0.875,15.57,0.875,305,0.5,NA,0,15.44,304.84,0.5
1995,10,25,NA,0,759.84,0.875,14,0.625,308.57,0.875,NA,0,13.97,311.57,0.625
1995,10,26,NA,0,760.4,0.875,NA,0.125,257.14,0.875,NA,0,NA,NA,0.125
1995,10,27,NA,0,759.49,0.875,14.4,0.625,305.71,0.875,NA,0,14.17,311.59,0.625
1995,10,28,NA,0,759.5,0.75,16.71,0.875,320,1,NA,0,16.56,320.43,0.875
1995,10,29,NA,0,759.16,0.875,17.2,0.625,324.29,0.875,NA,0,17.05,325.33,0.625
1995,10,30,NA,0,749.78,0.75,9,0.25,305,0.75,NA,0,8.46,302.32,0.25
1995,10,31,NA,0,750.14,0.625,6.5,0.25,178,0.625,NA,0,3.28,267.59,0.25
1995,11,1,NA,0,748.72,0.75,13,0.5,324.29,0.875,NA,0,12.72,324.24,0.5
1995,11,2,NA,0,745.1,0.625,12.33,0.375,316.67,0.75,NA,0,12.33,310,0.375
1995,11,3,NA,0,753.33,0.875,9.5,0.75,308.75,1,NA,0,9.14,308,0.75
1995,11,4,NA,0,758.53,0.875,17,0.625,271.43,0.875,NA,0,16.35,317.23,0.625
1995,11,5,NA,0,757.95,1,15.8,0.625,324,0.625,NA,0,14.19,329.53,0.375
1995,11,6,NA,0,757.87,0.75,13.4,0.625,317.14,0.875,NA,0,13.37,317.92,0.625
1995,11,7,NA,0,759.48,0.75,13,0.375,318.33,0.75,NA,0,12.84,321.29,0.375
1995,11,8,NA,0,757.37,0.75,11.75,0.5,325,0.75,NA,0,11.25,332.61,0.5
1995,11,9,NA,0,749.53,0.875,7,0.5,275,1,NA,0,3.5,270.51,0.5
1995,11,10,NA,0,750.9,0.625,8,0.375,288,0.625,NA,0,7.97,317.09,0.375
1995,11,11,NA,0,756.72,0.625,NA,0,202,0.625,NA,0,NA,NA,0
1995,11,12,NA,0,763.28,0.75,15,0.25,261.67,0.75,NA,0,11.56,213.62,0.25
1995,11,13,NA,0,761.17,0.75,10.33,0.375,304.29,0.875,NA,0,8.9,303.45,0.375
1995,11,14,NA,0,754.07,0.875,12.5,0.5,274,0.625,NA,0,11.5,300,0.25
1995,11,15,NA,0,756.24,0.625,8.75,0.5,295,0.5,NA,0,7.41,296.18,0.375
1995,11,16,NA,0,764.18,1,4.75,0.5,251.25,1,NA,0,2.57,279.09,0.5
1995,11,17,NA,0,763.97,0.75,13,0.75,300,0.5,NA,0,10.98,301.27,0.5
1995,11,18,NA,0,763.33,0.75,15.14,0.875,312.86,0.875,NA,0,15.03,313.41,0.875
1995,11,19,NA,0,766.6,0.75,11,0.5,316.67,0.75,NA,0,10.96,315,0.5
1995,11,20,NA,0,763.3,0.875,9.5,0.5,265.71,0.875,NA,0,8.84,266.4,0.5
1995,11,21,NA,0,755.7,0.625,11,0.375,206.67,0.75,NA,0,9.46,292.66,0.375
1995,11,22,NA,0,759.6,0.75,10,0.25,316.67,0.75,NA,0,9.69,320.4,0.25
1995,11,23,NA,0,769.1,0.75,6.5,0.5,240,0.75,NA,0,5.59,204.22,0.5
1995,11,24,NA,0,773.2,1,8.8,0.625,293.75,1,NA,0,8.14,285.13,0.625
1995,11,25,NA,0,772.78,0.75,12.2,0.625,310,0.75,NA,0,11.91,308.75,0.625
1995,11,26,NA,0,NA,0.125,NA,0.125,NA,0.125,NA,0,NA,NA,0.125
1995,11,27,NA,0,NA,0,NA,0,NA,0,NA,0,NA,NA,0
1995,11,28,NA,0,NA,0,NA,0,NA,0,NA,0,NA,NA,0
1995,11,29,NA,0,NA,0,NA,0,NA,0,NA,0,NA,NA,0
1995,11,30,NA,0,NA,0,NA,0,NA,0,NA,0,NA,NA,0
1995,12,1,NA,0,NA,0,NA,0,NA,0,NA,0,NA,NA,0
1995,12,2,NA,0,NA,0,NA,0,NA,0,NA,0,NA,NA,0
1995,12,3,NA,0,NA,0,NA,0,NA,0,NA,0,NA,NA,0
1995,12,4,NA,0,NA,0,NA,0,NA,0,NA,0,NA,NA,0
1995,12,5,NA,0,NA,0,NA,0,NA,0,NA,0,NA,NA,0
1995,12,6,NA,0,NA,0,NA,0,NA,0,NA,0,NA,NA,0
1995,12,7,NA,0,NA,0,NA,0,NA,0,NA,0,NA,NA,0
1995,12,8,NA,0,NA,0,NA,0,NA,0,NA,0,NA,NA,0
1995,12,9,NA,0,NA,0,NA,0,NA,0,NA,0,NA,NA,0
1995,12,10,NA,0,NA,0,NA,0,NA,0,NA,0,NA,NA,0
1995,12,11,NA,0,NA,0,NA,0,NA,0,NA,0,NA,NA,0
1995,12,12,NA,0,NA,0,NA,0,NA,0,NA,0,NA,NA,0
1995,12,13,NA,0,NA,0,NA,0,NA,0,NA,0,NA,NA,0
1995,12,14,NA,0,NA,0,NA,0,NA,0,NA,0,NA,NA,0
1995,12,15,NA,0,NA,0,NA,0,NA,0,NA,0,NA,NA,0
1995,12,16,NA,0,NA,0,NA,0,NA,0,NA,0,NA,NA,0
1995,12,17,NA,0,NA,0,NA,0,NA,0,NA,0,NA,NA,0
1995,12,18,NA,0,NA,0,NA,0,NA,0,NA,0,NA,NA,0
1995,12,19,NA,0,NA,0,NA,0,NA,0,NA,0,NA,NA,0
1995,12,20,NA,0,NA,0,NA,0,NA,0,NA,0,NA,NA,0
1995,12,21,NA,0,NA,0,NA,0,NA,0,NA,0,NA,NA,0
1995,12,22,NA,0,NA,0,NA,0,NA,0,NA,0,NA,NA,0
1995,12,23,NA,0,NA,0,NA,0,NA,0,NA,0,NA,NA,0
1995,12,24,NA,0,NA,0,NA,0,NA,0,NA,0,NA,NA,0
1995,12,25,NA,0,NA,0,NA,0,NA,0,NA,0,NA,NA,0
1995,12,26,NA,0,NA,0,NA,0,NA,0,NA,0,NA,NA,0
1995,12,27,NA,0,NA,0,NA,0,NA,0,NA,0,NA,NA,0
1995,12,28,NA,0,NA,0,NA,0,NA,0,NA,0,NA,NA,0
1995,12,29,NA,0,NA,0,NA,0,NA,0,NA,0,NA,NA,0
1995,12,30,NA,0,NA,0,NA,0,NA,0,NA,0,NA,NA,0
1995,12,31,NA,0,NA,0,NA,0,NA,0,NA,0,NA,NA,0
1996,1,1,NA,0,760.91,1,7.14,0.875,271.25,1,NA,0,6,278.95,0.875
1996,1,2,NA,0,764.76,1,NA,0.125,207.5,1,NA,0,NA,NA,0.125
1996,1,3,NA,0,765.59,1,7,0.25,265,1,NA,0,2.96,225,0.25
1996,1,4,NA,0,763.99,1,4.33,0.75,252.5,1,NA,0,2.95,298.08,0.75
1996,1,5,NA,0,768.21,1,1.75,0.5,175,1,NA,0,1.05,121.25,0.5
1996,1,6,NA,0,771.63,1,13.5,0.25,281.25,1,NA,0,13.05,276.71,0.25
1996,1,7,NA,0,770.39,1,NA,0.125,263.75,1,NA,0,NA,NA,0.125
1996,1,8,NA,0,771,1,NA,0.125,260,1,NA,0,NA,NA,0.125
1996,1,9,NA,0,776.04,1,NA,0.125,240,0.875,NA,0,NA,NA,0.125
1996,1,10,NA,0,777.39,1,4.67,0.375,242.5,1,NA,0,4.09,220.94,0.375
1996,1,11,NA,0,774.85,1,10,0.25,282.5,1,NA,0,10,310,0.25
1996,1,12,NA,0,768.71,1,13,0.375,217.5,1,NA,0,13,290,0.375
1996,1,13,NA,0,767.9,1,5.5,0.25,195.71,0.875,NA,0,4.03,199.74,0.25
1996,1,14,NA,0,763.12,1,7,0.625,296.25,1,NA,0,5.96,299.07,0.625
1996,1,15,NA,0,762.31,1,3.75,0.5,185.71,0.875,NA,0,3.07,194.72,0.5
1996,1,16,NA,0,763.68,1,4,1,232.5,1,NA,0,3.68,249.04,1
1996,1,17,NA,0,762.34,1,4.4,0.625,211.25,1,NA,0,4.2,207.56,0.625
1996,1,18,NA,0,762.55,1,2.33,0.375,252.86,0.875,NA,0,0.67,339.79,0.375
1996,1,19,NA,0,763.03,1,9.5,0.25,283.75,1,NA,0,9.18,297.42,0.25
1996,1,20,NA,0,758.13,1,4.33,0.375,246.25,1,NA,0,2.63,272.49,0.375
1996,1,21,NA,0,758.8,1,12,0.25,246.25,1,NA,0,12,310,0.25
1996,1,22,NA,0,765.31,1,10.5,0.25,250,1,NA,0,9.57,301.34,0.25
1996,1,23,NA,0,768.21,1,11.25,0.5,315,1,NA,0,10.9,312.95,0.5
1996,1,24,NA,0,765.69,1,8.8,0.625,307.5,1,NA,0,7.97,300.94,0.625
1996,1,25,NA,0,764.58,1,NA,0.125,198.75,1,NA,0,NA,NA,0.125
1996,1,26,NA,0,771.03,1,6.83,0.75,276.25,1,NA,0,6.03,275.71,0.75
1996,1,27,NA,0,777.9,1,7.5,0.25,238.75,1,NA,0,7.5,310,0.25
1996,1,28,NA,0,781.69,1,7,0.25,276.25,1,NA,0,4.95,235,0.25
1996,1,29,NA,0,777.46,1,NA,0.125,272.5,1,NA,0,NA,NA,0.125
1996,1,30,NA,0,779.73,1,NA,0,200,1,NA,0,NA,NA,0
1996,1,31,NA,0,779.94,1,7.17,0.75,290,0.625,NA,0,5.84,294.17,0.625
1996,2,1,NA,0,780.03,1,9,0.625,295,0.5,NA,0,4.98,284,0.25
1996,2,2,NA,0,777.6,1,12.67,0.75,301.25,1,NA,0,12.3,300.24,0.75
1996,2,3,NA,0,779.55,1,12.33,0.375,295,1,NA,0,12.04,293.75,0.375
1996,2,4,NA,0,779.36,1,13.2,0.625,315,1,NA,0,12.81,316.6,0.625
1996,2,5,NA,0,778,1,12.67,0.375,305,1,NA,0,12.19,313.75,0.375
1996,2,6,NA,0,774.57,1,NA,0.125,278.75,1,NA,0,NA,NA,0.125
1996,2,7,NA,0,772.38,1,10.25,0.5,307.5,1,NA,0,9.52,312.85,0.5
1996,2,8,NA,0,773.13,1,5,0.25,306.25,1,NA,0,4.7,320,0.25
1996,2,9,NA,0,779.06,1,NA,0.125,267.5,1,NA,0,NA,NA,0.125
1996,2,10,NA,0,775.99,1,6,0.625,278.75,1,NA,0,5.79,288.7,0.625
1996,2,11,NA,0,772.5,1,8.67,0.375,311.25,1,NA,0,8.57,294.58,0.375
1996,2,12,NA,0,769.91,1,13,0.375,290,0.75,NA,0,9.63,293.84,0.25
1996,2,13,NA,0,769.8,1,16.5,0.25,316.67,0.75,NA,0,16.25,310.31,0.25
1996,2,14,NA,0,767.7,1,6.67,0.375,318.75,1,NA,0,6.03,307.91,0.375
1996,2,15,NA,0,758.49,1,10,0.375,312.86,0.875,NA,0,9.93,312.63,0.375
1996,2,16,NA,0,757.15,1,11.25,0.5,298.75,1,NA,0,11.12,300,0.5
1996,2,17,NA,0,765.18,1,NA,0.125,256.25,1,NA,0,NA,NA,0.125
1996,2,18,NA,0,765.88,1,11.67,0.375,318.75,1,NA,0,11.39,307.48,0.375
1996,2,19,NA,0,762.04,0.875,12.83,0.75,295,1,NA,0,11.99,341.56,0.75
1996,2,20,NA,0,763.04,1,NA,0,157.5,1,NA,0,NA,NA,0
1996,2,21,NA,0,765.58,1,10.75,0.5,137.5,0.5,NA,0,NA,NA,0.125
1996,2,22,NA,0,766.3,1,NA,0.125,230,0.5,NA,0,NA,NA,0
1996,2,23,NA,0,765.56,1,8.67,0.375,292.5,1,NA,0,8.64,303.07,0.375
1996,2,24,NA,0,765.91,1,7.25,0.5,302.5,1,NA,0,7.05,305.66,0.5
1996,2,25,NA,0,762.61,1,NA,0.125,285,1,NA,0,NA,NA,0.125
1996,2,26,NA,0,764.84,1,16,0.375,301.25,1,NA,0,15.79,293.78,0.375
1996,2,27,NA,0,766.96,1,17.75,0.5,318.75,1,NA,0,17.61,320.56,0.5
1996,2,28,NA,0,764.6,1,18.71,0.875,315,1,NA,0,18.56,314.37,0.875
1996,2,29,NA,0,763.11,1,12.14,0.875,307.5,1,NA,0,12.07,307.76,0.875
1996,3,1,NA,0,766.01,1,6.12,1,301.25,1,NA,0,5.98,300.21,1
1996,3,2,NA,0,760.7,1,11,0.625,235,0.25,NA,0,4.72,222.01,0.25
1996,3,3,NA,0,761.5,1,10.4,0.625,215,0.5,NA,0,10.96,193.63,0.375
1996,3,4,NA,0,761.26,1,14.8,0.625,315,0.75,NA,0,15.61,316.81,0.375
1996,3,5,NA,0,756.08,1,17.12,1,307.5,1,NA,0,17.01,307.44,1
1996,3,6,NA,0,757.24,1,9.2,0.625,302.5,1,NA,0,8.99,306.56,0.625
1996,3,7,NA,0,760.53,1,16.33,0.75,297.5,1,NA,0,16.08,300.03,0.75
1996,3,8,NA,0,760.36,1,16.83,0.75,321.25,1,NA,0,16.72,321.98,0.75
1996,3,9,NA,0,758.7,1,13,0.625,317.14,0.875,NA,0,13.3,319.63,0.5
1996,3,10,NA,0,766.26,1,NA,0,317.5,1,NA,0,NA,NA,0
1996,3,11,NA,0,767.72,1,10,0.625,296,0.625,NA,0,8.47,294.71,0.25
1996,3,12,NA,0,765.78,1,12.5,0.75,310,1,NA,0,12.37,309.73,0.75
1996,3,13,NA,0,755.5,1,NA,0.125,308,0.625,NA,0,NA,NA,0.125
1996,3,14,NA,0,761.34,1,12.2,0.625,298,0.625,NA,0,12.45,306,0.25
1996,3,15,NA,0,777.91,1,17,0.375,328.75,1,NA,0,16.94,333.13,0.375
1996,3,16,NA,0,786.66,1,NA,0.125,322.5,1,NA,0,NA,NA,0.125
1996,3,17,NA,0,782.79,1,NA,0,287.5,1,NA,0,NA,NA,0
1996,3,18,NA,0,769.78,1,NA,0,266.25,1,NA,0,NA,NA,0
1996,3,19,NA,0,772.82,1,NA,0.125,315,1,NA,0,NA,NA,0.125
1996,3,20,NA,0,770,1,15.4,0.625,308.75,1,NA,0,15.31,310.39,0.625
1996,3,21,NA,0,764.91,1,16.4,0.625,306,0.625,NA,0,15.3,304.23,0.375
1996,3,22,NA,0,762.44,1,17.25,1,308.75,1,NA,0,17.02,309.16,1
1996,3,23,NA,0,765.93,1,16.67,0.375,318.75,1,NA,0,16.67,310,0.375
1996,3,24,NA,0,767.24,1,13.67,0.375,320,0.625,NA,0,13.47,322.71,0.375
1996,3,25,NA,0,759.45,1,13.83,0.75,306.25,1,NA,0,13.74,307.95,0.75
1996,3,26,NA,0,756.6,1,8.71,0.875,297.5,0.5,NA,0,6.98,296.67,0.375
1996,3,27,NA,0,761.85,1,9.29,0.875,305,0.25,NA,0,8.47,305.88,0.25
1996,3,28,NA,0,761.96,1,14.57,0.875,306.25,1,NA,0,14.39,304.7,0.875
1996,3,29,NA,0,759.2,1,17.5,0.5,315,1,NA,0,17.43,315.43,0.5
1996,3,30,NA,0,757.09,1,NA,0.125,222,0.625,NA,0,NA,NA,0.125
1996,3,31,NA,0,764.72,1,NA,0.125,278.75,1,NA,0,NA,NA,0.125
1996,4,1,NA,0,769.89,1,22,0.25,323.33,0.375,NA,0,NA,NA,0.125
1996,4,2,NA,0,771.65,1,NA,0,320,1,NA,0,NA,NA,0
1996,4,3,NA,0,769.56,1,NA,0,318.75,1,NA,0,NA,NA,0
1996,4,4,NA,0,751.14,1,20,0.5,323.75,1,NA,0,19.84,319.75,0.5
1996,4,5,NA,0,744.18,1,19.6,0.625,306,0.625,NA,0,19.53,306.13,0.625
1996,4,6,NA,0,750.6,1,9.67,0.375,321.25,1,NA,0,9.64,327.59,0.375
1996,4,7,NA,0,759.3,1,NA,0.125,320,0.625,NA,0,NA,NA,0.125
1996,4,8,NA,0,766.19,1,NA,0.125,288.75,1,NA,0,NA,NA,0.125
1996,4,9,NA,0,761.33,1,8,0.25,313.75,1,NA,0,8,310,0.25
1996,4,10,NA,0,746.53,1,14.14,0.875,326.25,1,NA,0,13.98,326.27,0.875
1996,4,11,NA,0,741.31,1,14.71,0.875,313.75,1,NA,0,14.61,313.31,0.875
1996,4,12,NA,0,752.48,1,15,0.375,325,1,NA,0,14.65,317.6,0.375
1996,4,13,NA,0,762.29,1,18.33,0.75,320,0.625,NA,0,17.62,319.58,0.5
1996,4,14,NA,0,760.43,1,12,0.375,318.75,1,NA,0,11.96,313.33,0.375
1996,4,15,NA,0,761.75,1,12,0.25,313.75,1,NA,0,12,310,0.25
1996,4,16,NA,0,754.6,1,NA,0.125,315,0.25,NA,0,NA,NA,0
1996,4,17,NA,0,748.61,1,7.67,0.375,285,0.5,NA,0,2.49,266,0.25
1996,4,18,NA,0,754.13,1,16,0.25,311.25,1,NA,0,15.94,305.31,0.25
1996,4,19,NA,0,757.36,1,17,0.625,320,1,NA,0,16.91,321.29,0.625
1996,4,20,NA,0,762.95,1,7,0.375,267.5,1,NA,0,6.99,298.58,0.375
1996,4,21,NA,0,771.04,1,11.33,0.75,312.5,1,NA,0,11.24,305.32,0.75
1996,4,22,NA,0,764.61,1,4.14,0.875,318.75,1,NA,0,4.08,319.6,0.875
1996,4,23,NA,0,758.11,1,5,1,310,1,NA,0,4.87,309.74,1
1996,4,24,NA,0,759.53,1,4.38,1,307.14,0.875,NA,0,4.44,306.22,0.875
1996,4,25,NA,0,764.54,1,4.5,1,310,0.375,NA,0,4.62,310,0.375
1996,4,26,NA,0,766.5,1,4.6,0.625,307.5,1,NA,0,4.58,306.53,0.625
1996,4,27,NA,0,769.11,1,7.6,0.625,306.67,0.75,NA,0,8.67,310,0.375
1996,4,28,NA,0,766.43,1,12.43,0.875,321.25,1,NA,0,12.33,324.38,0.875
1996,4,29,NA,0,761.58,1,NA,0.125,308.75,1,NA,0,NA,NA,0.125
1996,4,30,NA,0,758.48,1,13,0.25,323.75,1,NA,0,13,340,0.25
1996,5,1,NA,0,753.68,1,14.75,0.5,320,0.625,NA,0,NA,NA,0.125
1996,5,2,NA,0,754.35,1,16.12,1,315,0.75,NA,0,15.94,315,0.75
1996,5,3,NA,0,755.26,1,14.88,1,316.67,0.375,NA,0,14.95,316.67,0.375
1996,5,4,NA,0,758.29,1,16.75,0.5,322.5,1,NA,0,16.62,320.15,0.5
1996,5,5,NA,0,760.38,1,NA,0.125,320,1,NA,0,NA,NA,0.125
1996,5,6,NA,0,757.35,1,15,0.625,316.25,1,NA,0,14.94,314.26,0.625
1996,5,7,NA,0,753.7,1,17.5,1,317.5,0.5,NA,0,16.7,317.32,0.5
1996,5,8,NA,0,753.7,1,15.62,1,316.25,1,NA,0,15.57,316.24,1
1996,5,9,NA,0,751.49,1,14.43,0.875,318.33,0.75,NA,0,14.8,318.21,0.75
1996,5,10,NA,0,754.69,1,11.75,1,307.5,1,NA,0,11.72,307.56,1
1996,5,11,NA,0,757.45,1,8,0.875,302.5,1,NA,0,7.84,305.26,0.875
1996,5,12,NA,0,758.13,1,14.43,0.875,316.25,1,NA,0,14.37,315.74,0.875
1996,5,13,NA,0,748.99,1,14.57,0.875,316.67,0.75,NA,0,14.04,317.4,0.75
1996,5,14,NA,0,737.19,1,14.5,1,315,0.5,NA,0,13.74,317.88,0.5
1996,5,15,NA,0,749.6,1,NA,0,235,0.5,NA,0,NA,NA,0
1996,5,16,NA,0,753.82,1,NA,0.125,303.33,0.375,NA,0,NA,NA,0.125
1996,5,17,NA,0,748.81,1,NA,0.125,316.25,1,NA,0,NA,NA,0.125
1996,5,18,NA,0,752.89,1,12.5,0.5,307.5,1,NA,0,11.65,305.95,0.5
1996,5,19,NA,0,759.54,1,9.67,0.375,251.25,1,NA,0,7.43,289.65,0.375
1996,5,20,NA,0,763.68,1,10.25,0.5,253.33,0.75,NA,0,8.99,309.26,0.375
1996,5,21,NA,0,760.05,1,17.5,1,311.25,1,NA,0,17.14,310.8,1
1996,5,22,NA,0,756.06,1,15.75,0.5,292.5,1,NA,0,13.36,321.47,0.5
1996,5,23,NA,0,757.5,1,8.75,0.5,126.25,1,NA,0,6.05,4.55,0.5
1996,5,24,NA,0,765.56,1,4,0.375,152.5,0.5,NA,0,3.7,180.6,0.375
1996,5,25,NA,0,774.79,1,3.5,0.5,196.67,0.75,NA,0,3.43,191.5,0.5
1996,5,26,NA,0,777.33,1,5.67,0.75,271.25,1,NA,0,4.37,289.73,0.75
1996,5,27,NA,0,771.9,1,7.67,0.375,310,0.5,NA,0,5.48,304.54,0.25
1996,5,28,NA,0,764.25,1,13.5,0.75,313.75,1,NA,0,13.39,313.59,0.75
1996,5,29,NA,0,757.09,1,15.38,1,322,0.625,NA,0,15.66,322.29,0.625
1996,5,30,NA,0,751.65,1,15.75,0.5,265,1,NA,0,15.22,306.71,0.5
1996,5,31,NA,0,754.3,1,12,0.375,294,0.625,NA,0,NA,NA,0
1996,6,1,NA,0,761.18,1,11.5,1,313.33,0.75,NA,0,10.96,313.63,0.75
1996,6,2,NA,0,761.39,1,10.83,0.75,302.86,0.875,NA,0,10.04,306.87,0.625
1996,6,3,NA,0,753.85,1,13.83,0.75,316.67,0.75,NA,0,13.03,316.99,0.5
1996,6,4,NA,0,749.35,1,NA,0,303.75,1,NA,0,NA,NA,0
1996,6,5,NA,0,743.48,1,4,0.5,184.29,0.875,NA,0,3.85,158.04,0.5
1996,6,6,NA,0,756.54,1,NA,0,220,1,NA,0,NA,NA,0
1996,6,7,NA,0,756.93,1,NA,0,307.5,0.5,NA,0,NA,NA,0
1996,6,8,NA,0,757.64,1,16.6,0.625,298.57,0.875,NA,0,16.46,297.94,0.625
1996,6,9,NA,0,757.96,1,13.57,0.875,310,0.375,NA,0,12.2,310,0.375
1996,6,10,NA,0,763.75,1,17,1,330,0.875,NA,0,16.85,329.66,0.875
1996,6,11,NA,0,760.81,1,NA,0.125,322.5,1,NA,0,NA,NA,0.125
1996,6,12,NA,0,761.71,1,NA,0,336.25,1,NA,0,NA,NA,0
1996,6,13,NA,0,756.43,1,14.5,0.75,320,0.25,NA,0,13.79,320,0.25
1996,6,14,NA,0,755.91,1,9,0.25,282.5,1,NA,0,7.46,293.84,0.25
1996,6,15,NA,0,753.51,1,16.43,0.875,306.67,0.75,NA,0,16.44,306.57,0.75
1996,6,16,NA,0,753.61,1,16,0.625,323.33,0.375,NA,0,NA,NA,0
1996,6,17,NA,0,747.36,1,18.75,0.5,312.5,0.5,NA,0,NA,NA,0.125
1996,6,18,NA,0,741.35,1,14.33,0.75,NA,0.125,NA,0,NA,NA,0
1996,6,19,NA,0,741.19,1,7.71,0.875,306,0.625,NA,0,6.42,307.68,0.5
1996,6,20,NA,0,744.68,1,5,0.375,306.25,1,NA,0,4.87,293.32,0.375
1996,6,21,NA,0,758.25,1,13.4,0.625,323.75,1,NA,0,12.9,321.53,0.625
1996,6,22,NA,0,768.51,1,12.67,0.375,327.5,1,NA,0,12.48,327.87,0.375
1996,6,23,NA,0,758.26,1,11.17,0.75,296.67,0.375,NA,0,NA,NA,0.125
1996,6,24,NA,0,758.78,1,14.62,1,316.25,1,NA,0,14.58,316.67,1
1996,6,25,NA,0,757.68,1,11.67,0.75,253.75,1,NA,0,11.55,310.14,0.75
1996,6,26,NA,0,761.5,1,14.5,0.25,256.25,1,NA,0,7.37,260.16,0.25
1996,6,27,NA,0,763.76,1,14.29,0.875,316.67,0.375,NA,0,16.1,317.32,0.375
1996,6,28,NA,0,767.04,1,12.2,0.625,321.25,1,NA,0,12,313.76,0.625
1996,6,29,NA,0,771.1,1,14.67,0.375,311.25,1,NA,0,14.49,324.58,0.375
1996,6,30,NA,0,754.46,1,15,0.5,326.25,1,NA,0,14.96,322.5,0.5
1996,7,1,NA,0,745.94,1,10.75,0.5,303.33,0.375,NA,0,NA,NA,0.125
1996,7,2,NA,0,757.9,1,18.67,0.375,323.75,1,NA,0,18.6,316.79,0.375
1996,7,3,NA,0,766.18,1,NA,0.125,320,1,NA,0,NA,NA,0.125
1996,7,4,NA,0,764.68,1,8.67,0.375,311.25,1,NA,0,8.26,319.54,0.375
1996,7,5,NA,0,758.64,1,9.67,0.375,286.25,1,NA,0,8.81,318.61,0.375
1996,7,6,NA,0,750.41,1,16.33,0.75,325,0.25,NA,0,NA,NA,0.125
1996,7,7,NA,0,756.19,1,14.2,0.625,331.25,1,NA,0,14.05,336.32,0.625
1996,7,8,NA,0,759.26,1,NA,0,326.25,1,NA,0,NA,NA,0
1996,7,9,NA,0,756.84,1,NA,0.125,336.25,1,NA,0,NA,NA,0.125
1996,7,10,NA,0,755.03,1,10.2,0.625,316.25,1,NA,0,9.61,317.97,0.625
1996,7,11,NA,0,760.61,1,10.75,0.5,327.5,1,NA,0,10.67,320,0.5
1996,7,12,NA,0,759.8,1,18.67,0.75,324,0.625,NA,0,19.33,320,0.375
1996,7,13,NA,0,760.1,1,20,0.875,325,0.75,NA,0,19.33,326.5,0.625
1996,7,14,NA,0,763.45,1,15.8,0.625,327.5,0.5,NA,0,16.94,323.53,0.375
1996,7,15,NA,0,766.53,1,NA,0.125,330,0.625,NA,0,NA,NA,0
1996,7,16,NA,0,762.7,1,14.75,1,306.25,1,NA,0,14.7,306.44,1
1996,7,17,NA,0,758.23,1,14.2,0.625,315,0.75,NA,0,13.4,315.11,0.5
1996,7,18,NA,0,758.13,1,15,0.25,307.5,1,NA,0,14.49,316.02,0.25
1996,7,19,NA,0,757.74,1,14.67,0.375,298,0.625,NA,0,12.95,294.61,0.25
1996,7,20,NA,0,753.9,1,15.67,0.375,302,0.625,NA,0,15.61,293.61,0.375
1996,7,21,NA,0,753.45,1,12.67,0.375,324,0.625,NA,0,13.95,315,0.25
1996,7,22,NA,0,752.35,1,16.71,0.875,325,0.5,NA,0,16.94,325,0.5
1996,7,23,NA,0,762.58,1,NA,0.125,320,1,NA,0,NA,NA,0.125
1996,7,24,NA,0,756.09,1,NA,0,332,0.625,NA,0,NA,NA,0
1996,7,25,NA,0,763.69,1,17.67,0.375,317.5,1,NA,0,17.25,315.27,0.375
1996,7,26,NA,0,770.4,1,16,0.25,291.25,1,NA,0,16,320,0.25
1996,7,27,NA,0,770.04,1,15.75,0.5,318.33,0.75,NA,0,13.95,314.28,0.25
1996,7,28,NA,0,773.6,1,16.5,0.5,334,0.625,NA,0,14.5,340,0.25
1996,7,29,NA,0,772.1,1,NA,0.125,291.25,1,NA,0,NA,NA,0.125
1996,7,30,NA,0,761.2,1,10.25,0.5,325,1,NA,0,10.22,322.92,0.5
1996,7,31,NA,0,762.18,1,12.25,0.5,280,1,NA,0,12.22,337.56,0.5
1996,8,1,NA,0,768.16,1,11,0.75,330,1,NA,0,10.88,332.08,0.75
1996,8,2,NA,0,766.54,1,11.33,0.375,335,1,NA,0,11.22,329.7,0.375
1996,8,3,NA,0,755.89,1,13.17,0.75,327.5,0.5,NA,0,12.21,329.73,0.375
1996,8,4,NA,0,747.84,1,14.29,0.875,312.5,0.5,NA,0,12.83,313.88,0.375
1996,8,5,NA,0,749.83,1,13,0.875,315,0.5,NA,0,13.7,314.91,0.5
1996,8,6,NA,0,756.12,1,17,0.625,325.71,0.875,NA,0,16.86,328.11,0.625
1996,8,7,NA,0,753.68,1,11.57,0.875,311.25,1,NA,0,11.43,309.46,0.875
1996,8,8,NA,0,751.75,1,9.62,1,NA,0,NA,0,NA,NA,0
1996,8,9,NA,0,748.63,1,10.62,1,325,0.25,NA,0,10.96,325.46,0.25
1996,8,10,NA,0,750.09,1,8.62,1,315,0.25,NA,0,5.98,315,0.25
1996,8,11,NA,0,758.19,1,9.5,1,314,0.625,NA,0,8.37,313.57,0.625
1996,8,12,NA,0,763.65,1,11.8,0.625,321.25,1,NA,0,11.56,322.69,0.625
1996,8,13,NA,0,765.72,1,7.25,1,308,0.625,NA,0,7.78,308.21,0.625
1996,8,14,NA,0,768.13,1,5.43,0.875,291.25,1,NA,0,4.93,306.18,0.875
1996,8,15,NA,0,770.49,1,2.4,0.625,294,0.625,NA,0,2.37,290.74,0.625
1996,8,16,NA,0,770.65,1,1,0.375,140,0.875,NA,0,1,246.67,0.375
1996,8,17,NA,0,764.68,1,5.14,0.875,286.25,1,NA,0,4.52,293.9,0.875
1996,8,18,NA,0,756.31,1,3.33,0.375,285,0.25,NA,0,3.99,286.25,0.25
1996,8,19,NA,0,747.08,1,7.25,1,314,0.625,NA,0,7.77,314.61,0.625
1996,8,20,NA,0,750.9,1,7.62,1,315,0.25,NA,0,7.97,314.37,0.25
1996,8,21,NA,0,757.48,1,9.4,0.625,310,0.75,NA,0,9.42,310,0.5
1996,8,22,NA,0,764.99,1,10.12,1,334,0.625,NA,0,9.1,333.06,0.625
1996,8,23,NA,0,763.44,1,2,0.625,263.75,1,NA,0,1.96,303.94,0.625
1996,8,24,NA,0,765.25,1,7.5,0.25,181.25,1,NA,0,2.57,179.71,0.25
1996,8,25,NA,0,774.25,1,19.67,0.375,158.75,1,NA,0,19.21,163.01,0.375
1996,8,26,NA,0,781.31,1,14.67,0.75,172.5,1,NA,0,14.55,174.18,0.75
1996,8,27,NA,0,787.6,1,9.8,0.625,251.25,1,NA,0,7.17,246.56,0.625
1996,8,28,NA,0,780.31,1,13.25,1,325,1,NA,0,13.2,324.72,1
1996,8,29,NA,0,770.81,1,9.38,1,322.5,1,NA,0,9.31,323.21,1
1996,8,30,NA,0,768.3,1,8.25,1,314,0.625,NA,0,8.13,314.9,0.625
1996,8,31,NA,0,772.53,1,7.5,1,311.25,1,NA,0,7.37,310.47,1
1996,9,1,NA,0,775.04,1,11.12,1,316.25,1,NA,0,11,316.31,1
1996,9,2,NA,0,772.88,1,11.88,1,315,0.25,NA,0,12.45,315.2,0.25
1996,9,3,NA,0,772.26,1,12.12,1,310,0.75,NA,0,11.38,310.44,0.75
1996,9,4,NA,0,772.81,1,14.5,0.25,NA,0,NA,0,NA,NA,0
1996,9,5,NA,0,774.19,1,14.67,0.75,NA,0,NA,0,NA,NA,0
1996,9,6,NA,0,776.6,1,13.25,0.5,320,0.25,NA,0,13.79,319.28,0.25
1996,9,7,NA,0,773.7,1,10.38,1,315,0.5,NA,0,9.96,315.25,0.5
1996,9,8,NA,0,773.39,1,9.88,1,308.33,0.75,NA,0,9.65,308.8,0.75
1996,9,9,NA,0,776.2,1,9.12,1,307.14,0.875,NA,0,8.83,307.1,0.875
1996,9,10,NA,0,774.11,1,12.38,1,295,0.5,NA,0,11.03,296.23,0.5
1996,9,11,NA,0,768.46,1,13.86,0.875,318.33,0.75,NA,0,13.95,315.57,0.625
1996,9,12,NA,0,763.75,1,13.67,0.375,318,0.625,NA,0,NA,NA,0
1996,9,13,NA,0,762.39,1,14.25,0.5,326.25,1,NA,0,14.2,324.56,0.5
1996,9,14,NA,0,761.9,1,16.33,0.75,316.67,0.375,NA,0,NA,NA,0.125
1996,9,15,NA,0,759.68,1,10.38,1,310,0.25,NA,0,9.5,310,0.25
1996,9,16,NA,0,755.75,1,10.6,0.625,318.75,1,NA,0,10.53,319.81,0.625
1996,9,17,NA,0,757.74,1,13.5,0.25,330,1,NA,0,13.04,334.43,0.25
1996,9,18,NA,0,763.06,1,12.6,0.625,325,1,NA,0,12.22,324.82,0.625
1996,9,19,NA,0,768.64,0.875,NA,0,276.25,1,NA,0,NA,NA,0
1996,9,20,NA,0,767.47,1,NA,0.125,276.25,1,NA,0,NA,NA,0.125
1996,9,21,NA,0,766.68,1,11.67,0.375,326.25,1,NA,0,11.19,331.17,0.375
1996,9,22,NA,0,765.35,1,NA,0,331.25,1,NA,0,NA,NA,0
1996,9,23,NA,0,758.26,1,9.33,0.375,300,1,NA,0,9.3,293.93,0.375
1996,9,24,NA,0,755.96,1,16.5,0.75,326,0.625,NA,0,17.28,326.73,0.375
1996,9,25,NA,0,746.96,1,16,0.375,322.5,1,NA,0,15.95,326.67,0.375
1996,9,26,NA,0,746.53,1,15,0.75,323.75,1,NA,0,14.63,325.92,0.75
1996,9,27,NA,0,750.98,1,13,1,312.5,1,NA,0,12.92,312.7,1
1996,9,28,NA,0,752.4,1,11.38,1,308.33,0.75,NA,0,11.25,309.26,0.75
1996,9,29,NA,0,750.72,1,12.5,1,315,0.5,NA,0,13.2,315.09,0.5
1996,9,30,NA,0,760.89,1,16.2,0.625,320,1,NA,0,16.16,318.15,0.625
1996,10,1,NA,0,770.58,1,12.5,0.25,327.5,1,NA,0,12.45,344.8,0.25
1996,10,2,NA,0,762.93,1,10.2,0.625,320,1,NA,0,10.07,319.6,0.625
1996,10,3,NA,0,753.93,1,11,0.375,317.5,1,NA,0,10.96,334.24,0.375
1996,10,4,NA,0,747.55,1,8,0.5,310,0.5,NA,0,7.94,308.12,0.5
1996,10,5,NA,0,752.8,1,10.5,0.5,307.14,0.875,NA,0,9.06,308.76,0.375
1996,10,6,NA,0,757.73,1,12.5,1,318,0.625,NA,0,11.66,317.28,0.625
1996,10,7,NA,0,761.18,1,16,0.5,312.5,0.5,NA,0,NA,NA,0.125
1996,10,8,NA,0,755.34,1,16.86,0.875,312.5,0.5,NA,0,15.95,312.65,0.5
1996,10,9,NA,0,751.46,1,13.71,0.875,315,1,NA,0,13.55,315.94,0.875
1996,10,10,NA,0,747.94,1,17.86,0.875,316.67,0.75,NA,0,16.54,316.15,0.625
1996,10,11,NA,0,750.28,1,16.8,0.625,312.86,0.875,NA,0,15.95,317.19,0.5
1996,10,12,NA,0,755.36,1,18.8,0.625,304,0.625,NA,0,19.43,304.74,0.5
1996,10,13,NA,0,759.15,1,9.8,0.625,303.33,0.375,NA,0,10.34,301.44,0.25
1996,10,14,NA,0,756.07,1,13.88,1,301.25,1,NA,0,13.55,302.56,1
1996,10,15,NA,0,755.41,1,14.5,0.5,308,0.625,NA,0,NA,NA,0.125
1996,10,16,NA,0,753.86,1,14.67,0.375,310,0.5,NA,0,NA,NA,0.125
1996,10,17,NA,0,744.5,1,19.67,0.375,298,0.625,NA,0,NA,NA,0.125
1996,10,18,NA,0,740.45,1,NA,0,275,1,NA,0,NA,NA,0
1996,10,19,NA,0,745.65,1,NA,0.125,203.33,0.75,NA,0,NA,NA,0.125
1996,10,20,NA,0,744.89,1,15.25,0.5,310,0.5,NA,0,15,310,0.25
1996,10,21,NA,0,740.2,1,16.17,0.75,323.33,0.75,NA,0,17.12,330.29,0.5
1996,10,22,NA,0,734.49,1,NA,0,318.75,1,NA,0,NA,NA,0
1996,10,23,NA,0,728.65,1,13,0.375,318.33,0.75,NA,0,NA,NA,0.125
1996,10,24,NA,0,727.8,1,NA,0.125,311.43,0.875,NA,0,NA,NA,0.125
1996,10,25,NA,0,738.03,1,9.33,0.375,321.25,1,NA,0,9.33,330,0.375
1996,10,26,NA,0,743.85,1,14,0.25,326.25,1,NA,0,13.95,323.93,0.25
1996,10,27,NA,0,746.71,1,15.67,0.375,316.25,1,NA,0,15.51,311.28,0.375
1996,10,28,NA,0,748.86,1,16,0.25,321.67,0.75,NA,0,NA,NA,0.125
1996,10,29,NA,0,756.3,1,17,0.25,322.5,1,NA,0,16.94,304.71,0.25
1996,10,30,NA,0,757.55,1,8.4,0.625,291.25,1,NA,0,8.28,292.4,0.625
1996,10,31,NA,0,763.3,1,4.67,0.375,192.5,1,NA,0,3.51,240.74,0.375
1996,11,1,NA,0,762.09,1,15,0.25,318.75,1,NA,0,15,320,0.25
1996,11,2,NA,0,760.05,1,NA,0.125,317.5,1,NA,0,NA,NA,0.125
1996,11,3,NA,0,760.11,1,15,0.25,323.75,1,NA,0,14.77,330,0.25
1996,11,4,NA,0,760.28,1,11.4,0.625,321.25,1,NA,0,11.16,320.7,0.625
1996,11,5,NA,0,758.39,1,NA,0.125,300,1,NA,0,NA,NA,0.125
1996,11,6,NA,0,759.21,1,14.6,0.625,318.57,0.875,NA,0,13.61,321.83,0.5
1996,11,7,NA,0,763.9,1,15.75,1,314.29,0.875,NA,0,15.59,314.84,0.875
1996,11,8,NA,0,771.58,1,15.67,0.375,310,1,NA,0,15.67,310,0.375
1996,11,9,NA,0,782.55,1,19,0.25,325,0.75,NA,0,18.93,314.47,0.25
1996,11,10,NA,0,782.83,1,18,0.25,322.5,1,NA,0,17.93,315.28,0.25
1996,11,11,NA,0,769.74,1,19.67,0.375,321.25,1,NA,0,19.6,323.56,0.375
1996,11,12,NA,0,766.11,1,10,0.25,312,0.625,NA,0,NA,NA,0.125
1996,11,13,NA,0,772.16,1,NA,0.125,323.75,1,NA,0,NA,NA,0.125
1996,11,14,NA,0,778.11,1,15,0.5,310,1,NA,0,14.94,314.33,0.5
1996,11,15,NA,0,769.65,1,14,0.625,311.25,1,NA,0,13.81,314.56,0.625
1996,11,16,NA,0,772.98,1,6.5,0.5,228,0.625,NA,0,4.98,174,0.25
1996,11,17,NA,0,783.56,1,4.6,0.625,198.75,1,NA,0,2.34,193.09,0.625
1996,11,18,NA,0,782.26,1,7.33,0.375,293.75,1,NA,0,6.55,274.47,0.375
1996,11,19,NA,0,774.86,1,7,0.5,285,1,NA,0,6.65,292.34,0.5
1996,11,20,NA,0,770.74,1,9.75,0.5,310,0.875,NA,0,9.68,313.08,0.5
1996,11,21,NA,0,769.54,1,12.75,0.5,308.75,1,NA,0,12.72,311.96,0.5
1996,11,22,NA,0,769.97,1,7,0.25,258.75,1,NA,0,6.93,305.75,0.25
1996,11,23,NA,0,764.66,1,NA,0.125,250,1,NA,0,NA,NA,0.125
1996,11,24,NA,0,761.91,1,NA,0,157.5,1,NA,0,NA,NA,0
1996,11,25,NA,0,766.06,1,NA,0.125,157.5,1,NA,0,NA,NA,0.125
1996,11,26,NA,0,767.46,1,NA,0.125,172.5,0.5,NA,0,NA,NA,0
1996,11,27,NA,0,767.79,1,4,0.375,167.5,1,NA,0,3.66,171.61,0.375
1996,11,28,NA,0,765.93,1,5.86,0.875,231.25,1,NA,0,4.71,234.1,0.875
1996,11,29,NA,0,763.34,1,5,0.625,265,1,NA,0,4.61,265.46,0.625
1996,11,30,NA,0,762.26,1,4.83,0.75,231.25,1,NA,0,4.2,272.02,0.75
1996,12,1,NA,0,763.23,1,NA,0.125,257.5,1,NA,0,NA,NA,0.125
1996,12,2,NA,0,766.43,1,5,0.5,218.75,1,NA,0,3.71,231.15,0.5
1996,12,3,NA,0,776.88,1,11.5,0.5,270,1,NA,0,9.06,290.96,0.5
1996,12,4,NA,0,770.34,1,8.33,0.375,276.25,1,NA,0,8.21,286.51,0.375
1996,12,5,NA,0,767.75,1,6.67,0.75,290,1,NA,0,6.05,295.08,0.75
1996,12,6,NA,0,767.43,1,8.8,0.625,306.25,1,NA,0,8.61,309.88,0.625
1996,12,7,NA,0,767.6,1,5,0.5,307.5,1,NA,0,4.99,297.5,0.5
1996,12,8,NA,0,763.18,1,1.75,0.5,173.75,1,NA,0,0.66,229.11,0.5
1996,12,9,NA,0,767.07,1,2,0.25,186.25,1,NA,0,1.99,337.5,0.25
1996,12,10,NA,0,770.55,1,5,0.25,243.33,0.75,NA,0,4.93,282.02,0.25
1996,12,11,NA,0,773.01,1,6.75,0.5,295,1,NA,0,6.17,306.39,0.5
1996,12,12,NA,0,772.82,1,6,0.375,300,1,NA,0,5.88,304.42,0.375
1996,12,13,NA,0,774,1,2.67,0.75,141.43,0.875,NA,0,2.38,157.72,0.75
1996,12,14,NA,0,773.9,1,3.75,0.5,192.5,1,NA,0,3.63,162.77,0.5
1996,12,15,NA,0,772.1,1,4.8,0.625,198.75,1,NA,0,3.21,215.21,0.625
1996,12,16,NA,0,771.8,1,4.4,0.625,253.75,1,NA,0,2.89,265.21,0.625
1996,12,17,NA,0,773.75,1,6,0.375,210,0.875,NA,0,3.22,232.08,0.375
1996,12,18,NA,0,769.68,1,8,0.375,282.5,1,NA,0,7.74,292.44,0.375
1996,12,19,NA,0,769.34,1,5,0.25,248.75,1,NA,0,5,280,0.25
1996,12,20,NA,0,770.09,1,4.5,0.75,261.25,1,NA,0,3.7,250.1,0.75
1996,12,21,NA,0,767.76,1,4,0.25,220,1,NA,0,3.63,275,0.25
1996,12,22,NA,0,769.66,1,5.33,0.375,221.43,0.875,NA,0,3.88,15.3,0.375
1996,12,23,NA,0,774.69,1,4,0.625,236.25,1,NA,0,3.08,311.43,0.625
1996,12,24,NA,0,771.56,1,5.6,0.625,307.5,1,NA,0,4.89,304.05,0.625
1996,12,25,NA,0,768.25,1,10.5,0.5,311.25,1,NA,0,10.5,310,0.5
1996,12,26,NA,0,763.49,1,7.2,0.625,186.25,1,NA,0,6.4,172.2,0.625
1996,12,27,NA,0,761.33,1,15.8,0.625,171.25,1,NA,0,14.65,164.43,0.625
1996,12,28,NA,0,760.21,1,NA,0.125,218.75,1,NA,0,NA,NA,0.125
1996,12,29,NA,0,761.85,1,6,0.5,228.57,0.875,NA,0,4.37,306.25,0.5
1996,12,30,NA,0,765.19,1,9.25,0.5,303.75,1,NA,0,9.22,292.43,0.5
1996,12,31,NA,0,767.84,1,10,0.25,272.5,1,NA,0,9.85,328.99,0.25
1997,1,1,NA,0,770.69,1,5.2,0.625,243.75,1,NA,0,3.64,280.16,0.625
1997,1,2,NA,0,767.06,1,5.67,0.375,196.25,1,NA,0,3.86,220.68,0.375
1997,1,3,NA,0,767.79,1,4.33,0.375,243.75,1,NA,0,4.27,192.33,0.375
1997,1,4,NA,0,768.03,1,10,0.5,297.5,1,NA,0,9.85,297.98,0.5
1997,1,5,NA,0,768.63,1,8,0.25,300,1,NA,0,7.98,308.13,0.25
1997,1,6,NA,0,769.06,1,12.5,0.5,293.33,0.75,NA,0,11.94,301.27,0.375
1997,1,7,NA,0,766.26,1,10.5,0.25,311.25,1,NA,0,10.47,327.15,0.25
1997,1,8,NA,0,764.89,1,15,0.75,325,1,NA,0,14.71,325.42,0.75
1997,1,9,NA,0,765.7,1,NA,0.125,311.25,1,NA,0,NA,NA,0.125
1997,1,10,NA,0,770.01,1,7,0.75,290,0.875,NA,0,6.54,294.3,0.625
1997,1,11,NA,0,769.66,1,4,0.25,261.25,1,NA,0,3.97,292.47,0.25
1997,1,12,NA,0,767.91,1,2.75,1,173.75,1,NA,0,2.39,170.14,1
1997,1,13,NA,0,769.71,1,3.67,0.375,178.33,0.75,NA,0,2.37,222.57,0.375
1997,1,14,NA,0,769.73,1,4,0.5,275,1,NA,0,3.59,312.12,0.5
1997,1,15,NA,0,771.51,1,7.5,0.25,248.75,1,NA,0,7.47,245.33,0.25
1997,1,16,NA,0,773.43,1,8.67,0.375,296.25,1,NA,0,8.53,301.6,0.375
1997,1,17,NA,0,775.81,1,11.25,0.5,306.25,1,NA,0,11.08,309.61,0.5
1997,1,18,NA,0,775.66,1,12.4,0.625,304.29,0.875,NA,0,13.46,312.22,0.5
1997,1,19,NA,0,773.93,1,1,0.25,238,0.625,NA,0,0.97,355,0.25
1997,1,20,NA,0,771.81,1,11,0.375,185,1,NA,0,7.68,165.39,0.375
1997,1,21,NA,0,771.74,1,7.2,0.625,308.57,0.875,NA,0,7.89,298.77,0.5
1997,1,22,NA,0,775.15,1,6.67,0.375,275.71,0.875,NA,0,5.26,285.43,0.375
1997,1,23,NA,0,776.25,1,11,0.5,306,0.625,NA,0,NA,NA,0.125
1997,1,24,NA,0,772.19,1,7.75,0.5,260,1,NA,0,7.31,294.7,0.5
1997,1,25,NA,0,769.66,1,11.33,0.375,301.25,1,NA,0,11.07,327.1,0.375
1997,1,26,NA,0,765.81,1,10.67,0.375,312.5,1,NA,0,10.21,303.84,0.375
1997,1,27,NA,0,767.89,1,9.67,0.375,313.75,1,NA,0,9.45,313.93,0.375
1997,1,28,NA,0,769.35,1,7.5,0.25,178.75,1,NA,0,7.48,287.34,0.25
1997,1,29,NA,0,770.36,1,4.75,0.5,241.25,1,NA,0,4.13,285.21,0.5
1997,1,30,NA,0,778.08,1,7.33,0.375,322.5,1,NA,0,7.15,306.37,0.375
1997,1,31,NA,0,779.7,1,9,0.25,318.75,1,NA,0,9,320,0.25
1997,2,1,NA,0,778.86,1,7.5,0.25,302.5,1,NA,0,7.34,324.13,0.25
1997,2,2,NA,0,779.64,1,10.33,0.375,315,0.75,NA,0,9.94,314.02,0.375
1997,2,3,NA,0,778.3,1,9.33,0.375,301.43,0.875,NA,0,9.19,299.28,0.375
1997,2,4,NA,0,777.84,1,12.5,0.25,311.25,1,NA,0,12.31,300.4,0.25
1997,2,5,NA,0,775.7,1,13,0.375,322.5,1,NA,0,12.59,320.68,0.375
1997,2,6,NA,0,774.11,1,11.25,0.5,316,0.625,NA,0,NA,NA,0.125
1997,2,7,NA,0,769.9,1,8.75,0.5,297.5,1,NA,0,8.72,287.43,0.5
1997,2,8,NA,0,767.39,1,14.43,0.875,312.5,0.5,NA,0,14.29,313.02,0.375
1997,2,9,NA,0,769.54,1,9.43,0.875,297.5,1,NA,0,9.33,299.36,0.875
1997,2,10,NA,0,769.64,1,8.62,1,296.67,0.75,NA,0,8.42,297.64,0.75
1997,2,11,NA,0,771.16,1,8,0.625,266.25,1,NA,0,7.72,311.59,0.625
1997,2,12,NA,0,769.1,1,10.33,0.375,300,1,NA,0,10.28,316.12,0.375
1997,2,13,NA,0,762.19,1,8.33,0.375,297.5,1,NA,0,8.15,309.64,0.375
1997,2,14,NA,0,761.75,1,11.5,0.25,322.5,1,NA,0,11.13,321.67,0.25
1997,2,15,NA,0,764.68,1,12.6,0.625,321.25,1,NA,0,12.44,320.64,0.625
1997,2,16,NA,0,765.91,1,11.2,0.625,302,0.625,NA,0,11,299.6,0.375
1997,2,17,NA,0,769.69,1,11.6,0.625,305,1,NA,0,11.43,305.18,0.625
1997,2,18,NA,0,768.63,1,NA,0,257.5,1,NA,0,NA,NA,0
1997,2,19,NA,0,760.5,1,7,0.375,171.25,1,NA,0,5.77,181.29,0.375
1997,2,20,NA,0,762.72,1,8,0.375,312.5,1,NA,0,7.78,310.84,0.375
1997,2,21,NA,0,762.74,1,11.29,0.875,310,1,NA,0,11.16,311.43,0.875
1997,2,22,NA,0,761.1,1,12.57,0.875,312.5,0.5,NA,0,12.13,313.28,0.5
1997,2,23,NA,0,765.04,1,12.12,1,306,0.625,NA,0,12.55,306.19,0.625
1997,2,24,NA,0,764.94,1,12.17,0.75,300,0.875,NA,0,12.06,297.03,0.625
1997,2,25,NA,0,767.98,1,11.86,0.875,305,1,NA,0,11.77,305.53,0.875
1997,2,26,NA,0,766.66,1,9,0.25,200,1,NA,0,3.22,256.98,0.25
1997,2,27,NA,0,764.96,1,NA,0.125,231.25,1,NA,0,NA,NA,0.125
1997,2,28,NA,0,761.11,1,8,0.375,316.25,1,NA,0,7.92,310,0.375
1997,3,1,NA,0,760.14,1,20,0.75,328.75,1,NA,0,19.75,322.9,0.75
1997,3,2,NA,0,771.54,1,11.33,0.375,326.25,1,NA,0,9.77,315.57,0.375
1997,3,3,NA,0,773.01,1,14.5,0.25,333.75,1,NA,0,14.5,340,0.25
1997,3,4,NA,0,762.5,1,15,0.625,328.75,1,NA,0,14.82,329.6,0.625
1997,3,5,NA,0,759.25,1,10.33,0.375,323.75,1,NA,0,10.33,320,0.375
1997,3,6,NA,0,759.23,1,NA,0,316.25,1,NA,0,NA,NA,0
1997,3,7,NA,0,753.54,1,18,0.625,310,1,NA,0,17.93,314,0.625
1997,3,8,NA,0,754.37,1,17.5,0.25,144,0.625,NA,0,NA,NA,0
1997,3,9,NA,0,752.54,1,NA,0.125,193.75,1,NA,0,NA,NA,0.125
1997,3,10,NA,0,755.81,1,13,0.25,188.75,1,NA,0,10.83,156.89,0.25
1997,3,11,NA,0,754.49,1,17.5,0.25,328.75,1,NA,0,17.43,335.43,0.25
1997,3,12,NA,0,748.18,1,17,0.375,325,1,NA,0,16.77,326.64,0.375
1997,3,13,NA,0,750.96,1,13.25,0.5,330,1,NA,0,13.03,319.68,0.5
1997,3,14,NA,0,755.36,1,17.33,0.375,321.25,1,NA,0,17.11,313.88,0.375
1997,3,15,NA,0,760.44,1,12.8,0.625,312,0.625,NA,0,12.96,317.44,0.375
1997,3,16,NA,0,760.55,1,14.14,0.875,310,1,NA,0,14.12,311.21,0.875
1997,3,17,NA,0,759.19,1,11.5,0.75,296,0.625,NA,0,9.97,297.34,0.375
1997,3,18,NA,0,763.24,1,13.33,0.75,296.67,0.75,NA,0,13.05,300.95,0.5
1997,3,19,NA,0,764.07,1,13,0.625,311.25,1,NA,0,12.78,307.1,0.625
1997,3,20,NA,0,758.5,1,NA,0,323.75,1,NA,0,NA,NA,0
1997,3,21,NA,0,754.29,1,NA,0,305,0.5,NA,0,NA,NA,0
1997,3,22,NA,0,758.78,1,NA,0.125,321.25,1,NA,0,NA,NA,0.125
1997,3,23,NA,0,766.53,1,17.67,0.75,323.75,1,NA,0,17.55,321.8,0.75
1997,3,24,NA,0,773.35,1,15.5,0.5,318.75,1,NA,0,15.23,318.44,0.5
1997,3,25,NA,0,769.39,1,7.5,0.25,301.25,1,NA,0,7.48,297.34,0.25
1997,3,26,NA,0,770.01,1,NA,0.125,320,1,NA,0,NA,NA,0.125
1997,3,27,NA,0,762.7,1,NA,0.125,333.75,1,NA,0,NA,NA,0.125
1997,3,28,NA,0,749.49,1,NA,0.125,323.75,1,NA,0,NA,NA,0.125
1997,3,29,NA,0,740.68,1,NA,0,323.33,0.75,NA,0,NA,NA,0
1997,3,30,NA,0,743.35,1,11.8,0.625,302.5,1,NA,0,11.76,306.78,0.625
1997,3,31,NA,0,747.75,1,13.14,0.875,308.33,0.75,NA,0,11.49,309.13,0.625
1997,4,1,NA,0,756.3,1,19.67,0.375,330,0.75,NA,0,NA,NA,0.125
1997,4,2,NA,0,758.93,1,NA,0,335,1,NA,0,NA,NA,0
1997,4,3,NA,0,764.46,1,12,0.25,330,0.625,NA,0,11.95,315,0.25
1997,4,4,NA,0,766.04,1,15.25,0.5,321.25,1,NA,0,15.19,315.41,0.5
1997,4,5,NA,0,758.91,1,17.75,0.5,332,0.625,NA,0,17.49,329.43,0.375
1997,4,6,NA,0,755.46,1,15.57,0.875,322.5,1,NA,0,15.44,324.42,0.875
1997,4,7,NA,0,754.24,1,14.67,0.375,312.5,1,NA,0,14.27,321.94,0.375
1997,4,8,NA,0,755.68,1,13.4,0.625,312.5,0.5,NA,0,8.97,313.89,0.25
1997,4,9,NA,0,758.09,1,7.75,0.5,250,1,NA,0,7.69,189.03,0.5
1997,4,10,NA,0,756.23,1,14.75,1,321.25,1,NA,0,14.61,321.19,1
1997,4,11,NA,0,750.91,1,16.6,0.625,324.29,0.875,NA,0,16.54,324.09,0.625
1997,4,12,NA,0,750.33,1,NA,0.125,325,0.25,NA,0,NA,NA,0
1997,4,13,NA,0,752.03,1,16.38,1,312.5,0.5,NA,0,15.21,312.62,0.5
1997,4,14,NA,0,752.75,1,16.71,0.875,326.25,1,NA,0,16.65,325.56,0.875
1997,4,15,NA,0,758.04,1,16.5,1,316.67,0.375,NA,0,15.95,316.88,0.375
1997,4,16,NA,0,764.47,1,15.12,1,315,1,NA,0,15.07,315.12,1
1997,4,17,NA,0,768.09,1,10.43,0.875,300,0.625,NA,0,10.08,302.57,0.625
1997,4,18,NA,0,776.24,1,6,0.625,300,1,NA,0,5.96,301.67,0.625
1997,4,19,NA,0,777.38,1,3.5,0.75,300,0.875,NA,0,3.49,300.95,0.75
1997,4,20,NA,0,776.93,1,9.75,1,310,0.75,NA,0,10.12,310.16,0.75
1997,4,21,NA,0,776.39,1,13,0.625,310,0.875,NA,0,13.16,310.19,0.5
1997,4,22,NA,0,773.63,1,11.25,1,310,0.25,NA,0,11,310,0.25
1997,4,23,NA,0,766.37,1,15.17,0.75,320,0.625,NA,0,14.15,320.35,0.5
1997,4,24,NA,0,759.49,1,16,0.375,320,1,NA,0,15.94,316.46,0.375
1997,4,25,NA,0,758.84,1,19,0.375,326.25,1,NA,0,18.93,326.49,0.375
1997,4,26,NA,0,751.09,1,8.75,0.5,322.5,1,NA,0,8.56,324.13,0.5
1997,4,27,NA,0,752.55,1,14.67,0.375,330,0.625,NA,0,NA,NA,0.125
1997,4,28,NA,0,755.85,1,15.5,0.5,325,1,NA,0,15.45,322.58,0.5
1997,4,29,NA,0,754.73,1,19.33,0.75,318,0.625,NA,0,18.8,319.65,0.375
1997,4,30,NA,0,748.91,1,17.75,0.5,324.29,0.875,NA,0,18.28,327.1,0.375
1997,5,1,NA,0,749.82,1,14,1,318.33,0.75,NA,0,13.57,319.27,0.75
1997,5,2,NA,0,744.56,1,16,0.875,317.5,0.5,NA,0,13.96,317.39,0.375
1997,5,3,NA,0,744.56,1,17,0.75,326.25,1,NA,0,16.85,327.34,0.75
1997,5,4,NA,0,746.93,1,14.5,0.25,328.75,1,NA,0,14.5,340,0.25
1997,5,5,NA,0,747.53,1,NA,0.125,317.5,1,NA,0,NA,NA,0.125
1997,5,6,NA,0,746.6,1,15.14,0.875,313.33,0.375,NA,0,15.61,313.4,0.375
1997,5,7,NA,0,754.19,1,16,0.25,328.75,1,NA,0,15.94,325.31,0.25
1997,5,8,NA,0,759.08,1,20.5,0.5,328.33,0.75,NA,0,20.37,327.39,0.375
1997,5,9,NA,0,751.02,1,19.67,0.375,322.5,1,NA,0,19.61,322.71,0.375
1997,5,10,NA,0,746.73,1,18.5,0.5,328.75,1,NA,0,18.37,329.86,0.5
1997,5,11,NA,0,744.14,1,NA,0.125,314,0.625,NA,0,NA,NA,0
1997,5,12,NA,0,743.93,1,15.6,0.625,310,0.25,NA,0,15.5,310,0.25
1997,5,13,NA,0,748.85,1,15.12,1,310,0.25,NA,0,14.77,310,0.25
1997,5,14,NA,0,754.17,1,17.33,0.75,316.67,0.75,NA,0,17.18,315.36,0.5
1997,5,15,NA,0,751.54,1,19.86,0.875,325,0.25,NA,0,19.43,325.39,0.25
1997,5,16,NA,0,742.61,1,20.75,1,326.67,0.75,NA,0,20.6,326.86,0.75
1997,5,17,NA,0,747,1,13.5,0.5,253.75,1,NA,0,13.35,313.54,0.5
1997,5,18,NA,0,755.56,1,15.67,0.375,320,1,NA,0,15.61,323.19,0.375
1997,5,19,NA,0,752.86,1,19.33,0.75,325,0.25,NA,0,NA,NA,0.125
1997,5,20,NA,0,754.26,1,11.25,0.5,261.67,0.75,NA,0,7.49,318.67,0.25
1997,5,21,NA,0,758.83,1,10,0.5,302,0.625,NA,0,8.46,312.45,0.375
1997,5,22,NA,0,754.5,1,17.67,0.375,332.5,1,NA,0,17.61,332.64,0.375
1997,5,23,NA,0,742.45,1,14.5,0.25,325.71,0.875,NA,0,14.45,325.52,0.25
1997,5,24,NA,0,748.3,1,10.33,0.375,268.33,0.75,NA,0,NA,NA,0.125
1997,5,25,NA,0,758.29,1,15.83,0.75,327.5,1,NA,0,15.72,331.58,0.75
1997,5,26,NA,0,764.19,1,10.33,0.375,332.5,1,NA,0,10.08,343.54,0.375
1997,5,27,NA,0,772,1,14.17,0.75,328.33,0.75,NA,0,13.43,330.5,0.5
1997,5,28,NA,0,766.68,1,17,0.25,325,1,NA,0,17,320,0.25
1997,5,29,NA,0,756.31,1,NA,0.125,331.25,1,NA,0,NA,NA,0.125
1997,5,30,NA,0,749.49,1,17.14,0.875,317.5,1,NA,0,17.03,319.08,0.875
1997,5,31,NA,0,752.29,1,21.4,0.625,NA,0.125,NA,0,NA,NA,0.125
1997,6,1,NA,0,754.04,1,8.75,0.5,308.57,0.875,NA,0,8.69,309.14,0.5
1997,6,2,NA,0,758.43,1,9.5,0.25,252,0.625,NA,0,9.37,317.34,0.25
1997,6,3,NA,0,770.95,1,12,1,298.75,1,NA,0,11.89,299.16,1
1997,6,4,NA,0,774.36,1,13,0.375,331.25,1,NA,0,12.87,329.74,0.375
1997,6,5,NA,0,766.51,1,NA,0,321.25,1,NA,0,NA,NA,0
1997,6,6,NA,0,765.85,1,13.33,0.375,328.75,1,NA,0,13.29,333.25,0.375
1997,6,7,NA,0,763.86,1,NA,0,300,1,NA,0,NA,NA,0
1997,6,8,NA,0,758.18,1,17,0.625,326.25,1,NA,0,16.96,327.89,0.625
1997,6,9,NA,0,752.01,1,16.67,0.375,328.75,1,NA,0,16.61,326.4,0.375
1997,6,10,NA,0,744.35,1,15.71,0.875,305,0.25,NA,0,9.96,306,0.25
1997,6,11,NA,0,750.64,1,NA,0.125,277.5,1,NA,0,NA,NA,0.125
1997,6,12,NA,0,757.86,1,12.25,0.5,326,0.625,NA,0,11.06,328.59,0.375
1997,6,13,NA,0,755.18,1,18.33,0.75,326,0.625,NA,0,17.94,323.33,0.375
1997,6,14,NA,0,756.54,1,NA,0.125,310,0.25,NA,0,NA,NA,0
1997,6,15,NA,0,760.05,1,NA,0,243.75,1,NA,0,NA,NA,0
1997,6,16,NA,0,763.25,1,9.33,0.375,262.5,1,NA,0,9.14,307.19,0.375
1997,6,17,NA,0,760.25,1,6.75,0.5,308.75,1,NA,0,6.48,318.16,0.5
1997,6,18,NA,0,750.94,1,NA,0.125,221.67,0.75,NA,0,NA,NA,0.125
1997,6,19,NA,0,761.16,1,NA,0,181.25,1,NA,0,NA,NA,0
1997,6,20,NA,0,773.35,1,NA,0.125,240,1,NA,0,NA,NA,0.125
1997,6,21,NA,0,776.54,1,7.67,0.375,310,1,NA,0,7.31,319.87,0.375
1997,6,22,NA,0,781.29,1,15.17,0.75,315,0.5,NA,0,15.44,315.32,0.5
1997,6,23,NA,0,777.36,1,21.67,0.375,321.25,1,NA,0,21.45,329.38,0.375
1997,6,24,NA,0,766.99,1,NA,0.125,311.25,1,NA,0,NA,NA,0.125
1997,6,25,NA,0,768.54,1,14.5,0.25,303.75,1,NA,0,14.44,295.17,0.25
1997,6,26,NA,0,766.95,1,17.6,0.625,301.67,0.75,NA,0,17.3,305.12,0.625
1997,6,27,NA,0,763.41,1,NA,0.125,302.5,0.5,NA,0,NA,NA,0.125
1997,6,28,NA,0,763.03,1,10.8,0.625,312.86,0.875,NA,0,9.71,304.87,0.5
1997,6,29,NA,0,764.66,1,6.75,0.5,322,0.625,NA,0,4.98,314,0.25
1997,6,30,NA,0,762.25,1,20.4,0.625,326,0.625,NA,0,21.59,326.62,0.375
1997,7,1,NA,0,755.09,1,22.5,0.5,322.86,0.875,NA,0,22.33,319.78,0.5
1997,7,2,NA,0,753.75,1,18.67,0.375,321.67,0.75,NA,0,18.43,325.14,0.25
1997,7,3,NA,0,751.91,1,NA,0,NA,0,NA,0,NA,NA,0
1997,7,4,NA,0,756.65,1,NA,0.125,NA,0.125,NA,0,NA,NA,0.125
1997,7,5,NA,0,756.87,1,NA,0.125,264,0.625,NA,0,NA,NA,0.125
1997,7,6,NA,0,750.14,1,NA,0,333.33,0.375,NA,0,NA,NA,0
1997,7,7,NA,0,749,1,NA,0,NA,0,NA,0,NA,NA,0
1997,7,8,NA,0,749.36,1,10.67,0.375,NA,0.125,NA,0,NA,NA,0.125
1997,7,9,NA,0,750.64,1,NA,0,260,0.5,NA,0,NA,NA,0
1997,7,10,NA,0,749.56,1,NA,0.125,280,0.75,NA,0,NA,NA,0.125
1997,7,11,NA,0,740.31,1,NA,0.125,326.25,1,NA,0,NA,NA,0.125
1997,7,12,NA,0,754.21,1,14.67,0.375,326.67,0.375,NA,0,NA,NA,0
1997,7,13,NA,0,765.68,1,NA,0.125,313.75,1,NA,0,NA,NA,0.125
1997,7,14,NA,0,753.44,1,NA,0.125,327.5,1,NA,0,NA,NA,0.125
1997,7,15,NA,0,746.03,1,14.67,0.375,326,0.625,NA,0,18.5,330,0.25
1997,7,16,NA,0,757.22,1,16.5,0.25,298.33,0.75,NA,0,16.45,307.28,0.25
1997,7,17,NA,0,758.6,1,10.2,0.625,305,1,NA,0,10.16,304.51,0.625
1997,7,18,NA,0,752.83,1,14,0.25,321.25,1,NA,0,13.95,314.64,0.25
1997,7,19,NA,0,753.18,1,NA,0.125,315,0.75,NA,0,NA,NA,0.125
1997,7,20,NA,0,759.16,1,9,0.25,320,0.25,NA,0,NA,NA,0
1997,7,21,NA,0,753.41,1,7.14,0.875,310,0.25,NA,0,NA,NA,0.125
1997,7,22,NA,0,749.85,1,16.25,0.5,326.67,0.375,NA,0,NA,NA,0.125
1997,7,23,NA,0,746.41,1,15.8,0.625,315,1,NA,0,15.6,319.27,0.625
1997,7,24,NA,0,746.26,1,6,0.5,316,0.625,NA,0,4.5,310,0.25
1997,7,25,NA,0,753.98,1,18.75,0.5,324,0.625,NA,0,18.71,331.06,0.25
1997,7,26,NA,0,759.98,1,19.5,0.25,331.25,1,NA,0,19.43,324.87,0.25
1997,7,27,NA,0,762.46,1,NA,0.125,221.25,1,NA,0,NA,NA,0.125
1997,7,28,NA,0,762.23,1,NA,0,316.25,1,NA,0,NA,NA,0
1997,7,29,NA,0,768.45,0.75,NA,0,315,0.75,NA,0,NA,NA,0
1997,7,30,NA,0,NA,0,NA,0,NA,0,NA,0,NA,NA,0
1997,7,31,NA,0,NA,0,NA,0,NA,0,NA,0,NA,NA,0
1997,8,1,NA,0,NA,0,NA,0,NA,0,NA,0,NA,NA,0
1997,8,2,NA,0,NA,0,NA,0,NA,0,NA,0,NA,NA,0
1997,8,3,NA,0,NA,0,NA,0,NA,0,NA,0,NA,NA,0
1997,8,4,NA,0,NA,0,NA,0,NA,0,NA,0,NA,NA,0
1997,8,5,NA,0,NA,0,NA,0,NA,0,NA,0,NA,NA,0
1997,8,6,NA,0,NA,0,NA,0,NA,0,NA,0,NA,NA,0
1997,8,7,NA,0,NA,0,NA,0,NA,0,NA,0,NA,NA,0
1997,8,8,NA,0,NA,0,NA,0,NA,0,NA,0,NA,NA,0
1997,8,9,NA,0,NA,0,NA,0,NA,0,NA,0,NA,NA,0
1997,8,10,NA,0,NA,0,NA,0,NA,0,NA,0,NA,NA,0
1997,8,11,NA,0,NA,0,NA,0,NA,0,NA,0,NA,NA,0
1997,8,12,NA,0,NA,0,NA,0,NA,0,NA,0,NA,NA,0
1997,8,13,NA,0,NA,0,NA,0,NA,0,NA,0,NA,NA,0
1997,8,14,NA,0,NA,0,NA,0,NA,0,NA,0,NA,NA,0
1997,8,15,NA,0,NA,0,NA,0,NA,0,NA,0,NA,NA,0
1997,8,16,NA,0,NA,0,NA,0,NA,0,NA,0,NA,NA,0
1997,8,17,NA,0,NA,0,NA,0,NA,0,NA,0,NA,NA,0
1997,8,18,NA,0,NA,0,NA,0,NA,0,NA,0,NA,NA,0
1997,8,19,NA,0,NA,0,NA,0,NA,0,NA,0,NA,NA,0
1997,8,20,NA,0,NA,0,NA,0,NA,0,NA,0,NA,NA,0
1997,8,21,NA,0,NA,0,NA,0,NA,0,NA,0,NA,NA,0
1997,8,22,NA,0,NA,0,NA,0,NA,0,NA,0,NA,NA,0
1997,8,23,NA,0,NA,0,NA,0,NA,0,NA,0,NA,NA,0
1997,8,24,NA,0,NA,0,NA,0,NA,0,NA,0,NA,NA,0
1997,8,25,NA,0,NA,0,NA,0,NA,0,NA,0,NA,NA,0
1997,8,26,NA,0,NA,0,NA,0,NA,0,NA,0,NA,NA,0
1997,8,27,NA,0,NA,0,NA,0,NA,0,NA,0,NA,NA,0
1997,8,28,NA,0,NA,0,NA,0,NA,0,NA,0,NA,NA,0
1997,8,29,NA,0,NA,0,NA,0,NA,0,NA,0,NA,NA,0
1997,8,30,NA,0,NA,0,NA,0,NA,0,NA,0,NA,NA,0
1997,8,31,NA,0,NA,0,NA,0,NA,0,NA,0,NA,NA,0
1997,9,1,NA,0,NA,0,NA,0,NA,0,NA,0,NA,NA,0
1997,9,2,NA,0,NA,0,NA,0,NA,0,NA,0,NA,NA,0
1997,9,3,NA,0,NA,0,NA,0,NA,0,NA,0,NA,NA,0
1997,9,4,NA,0,NA,0,NA,0,NA,0,NA,0,NA,NA,0
1997,9,5,NA,0,NA,0,NA,0,NA,0,NA,0,NA,NA,0
1997,9,6,NA,0,NA,0,NA,0,NA,0,NA,0,NA,NA,0
1997,9,7,NA,0,NA,0,NA,0,NA,0,NA,0,NA,NA,0
1997,9,8,NA,0,NA,0,NA,0,NA,0,NA,0,NA,NA,0
1997,9,9,NA,0,NA,0,NA,0,NA,0,NA,0,NA,NA,0
1997,9,10,NA,0,NA,0,NA,0,NA,0,NA,0,NA,NA,0
1997,9,11,NA,0,NA,0,NA,0,NA,0,NA,0,NA,NA,0
1997,9,12,NA,0,NA,0,NA,0,NA,0,NA,0,NA,NA,0
1997,9,13,NA,0,NA,0,NA,0,NA,0,NA,0,NA,NA,0
1997,9,14,NA,0,NA,0,NA,0,NA,0,NA,0,NA,NA,0
1997,9,15,NA,0,NA,0,NA,0,NA,0,NA,0,NA,NA,0
1997,9,16,NA,0,NA,0,NA,0,NA,0,NA,0,NA,NA,0
1997,9,17,NA,0,NA,0,NA,0,NA,0,NA,0,NA,NA,0
1997,9,18,NA,0,NA,0,NA,0,NA,0,NA,0,NA,NA,0
1997,9,19,NA,0,NA,0,NA,0,NA,0,NA,0,NA,NA,0
1997,9,20,NA,0,NA,0,NA,0,NA,0,NA,0,NA,NA,0
1997,9,21,NA,0,NA,0,NA,0,NA,0,NA,0,NA,NA,0
1997,9,22,NA,0,NA,0,NA,0,NA,0,NA,0,NA,NA,0
1997,9,23,NA,0,NA,0,NA,0,NA,0,NA,0,NA,NA,0
1997,9,24,NA,0,NA,0,NA,0,NA,0,NA,0,NA,NA,0
1997,9,25,NA,0,NA,0,NA,0,NA,0,NA,0,NA,NA,0
1997,9,26,NA,0,NA,0,NA,0,NA,0,NA,0,NA,NA,0
1997,9,27,NA,0,NA,0,NA,0,NA,0,NA,0,NA,NA,0
1997,9,28,NA,0,NA,0,NA,0,NA,0,NA,0,NA,NA,0
1997,9,29,NA,0,NA,0,NA,0,NA,0,NA,0,NA,NA,0
1997,9,30,NA,0,NA,0,NA,0,NA,0,NA,0,NA,NA,0
1997,10,1,NA,0,NA,0,NA,0,NA,0,NA,0,NA,NA,0
1997,10,2,NA,0,NA,0,NA,0,NA,0,NA,0,NA,NA,0
1997,10,3,NA,0,NA,0,NA,0,NA,0,NA,0,NA,NA,0
1997,10,4,NA,0,NA,0,NA,0,NA,0,NA,0,NA,NA,0
1997,10,5,NA,0,NA,0,NA,0,NA,0,NA,0,NA,NA,0
1997,10,6,NA,0,NA,0,NA,0,NA,0,NA,0,NA,NA,0
1997,10,7,NA,0,NA,0,NA,0,NA,0,NA,0,NA,NA,0
1997,10,8,NA,0,NA,0,NA,0,NA,0,NA,0,NA,NA,0
1997,10,9,NA,0,NA,0,NA,0,NA,0,NA,0,NA,NA,0
1997,10,10,NA,0,NA,0,NA,0,NA,0,NA,0,NA,NA,0
1997,10,11,NA,0,NA,0,NA,0,NA,0,NA,0,NA,NA,0
1997,10,12,NA,0,NA,0,NA,0,NA,0,NA,0,NA,NA,0
1997,10,13,NA,0,NA,0,NA,0,NA,0,NA,0,NA,NA,0
1997,10,14,NA,0,NA,0,NA,0,NA,0,NA,0,NA,NA,0
1997,10,15,NA,0,NA,0,NA,0,NA,0,NA,0,NA,NA,0
1997,10,16,NA,0,NA,0,NA,0,NA,0,NA,0,NA,NA,0
1997,10,17,NA,0,NA,0,NA,0,NA,0,NA,0,NA,NA,0
1997,10,18,NA,0,NA,0,NA,0,NA,0,NA,0,NA,NA,0
1997,10,19,NA,0,NA,0,NA,0,NA,0,NA,0,NA,NA,0
1997,10,20,NA,0,NA,0,NA,0,NA,0,NA,0,NA,NA,0
1997,10,21,NA,0,NA,0,NA,0,NA,0,NA,0,NA,NA,0
1997,10,22,NA,0,NA,0,NA,0,NA,0,NA,0,NA,NA,0
1997,10,23,NA,0,NA,0,NA,0,NA,0,NA,0,NA,NA,0
1997,10,24,NA,0,NA,0,NA,0,NA,0,NA,0,NA,NA,0
1997,10,25,NA,0,NA,0,NA,0,NA,0,NA,0,NA,NA,0
1997,10,26,NA,0,NA,0,NA,0,NA,0,NA,0,NA,NA,0
1997,10,27,NA,0,NA,0,NA,0,NA,0,NA,0,NA,NA,0
1997,10,28,NA,0,NA,0,NA,0,NA,0,NA,0,NA,NA,0
1997,10,29,NA,0,NA,0,NA,0,NA,0,NA,0,NA,NA,0
1997,10,30,NA,0,NA,0,NA,0,NA,0,NA,0,NA,NA,0
1997,10,31,NA,0,NA,0,NA,0,NA,0,NA,0,NA,NA,0
1997,11,1,NA,0,NA,0,NA,0,NA,0,NA,0,NA,NA,0
1997,11,2,NA,0,NA,0,NA,0,NA,0,NA,0,NA,NA,0
1997,11,3,NA,0,NA,0,NA,0,NA,0,NA,0,NA,NA,0
1997,11,4,NA,0,NA,0,NA,0,NA,0,NA,0,NA,NA,0
1997,11,5,NA,0,NA,0,NA,0,NA,0,NA,0,NA,NA,0
1997,11,6,NA,0,NA,0,NA,0,NA,0,NA,0,NA,NA,0
1997,11,7,NA,0,NA,0,NA,0,NA,0,NA,0,NA,NA,0
1997,11,8,NA,0,NA,0,NA,0,NA,0,NA,0,NA,NA,0
1997,11,9,NA,0,NA,0,NA,0,NA,0,NA,0,NA,NA,0
1997,11,10,NA,0,NA,0,NA,0,NA,0,NA,0,NA,NA,0
1997,11,11,NA,0,NA,0,NA,0,NA,0,NA,0,NA,NA,0
1997,11,12,NA,0,NA,0,NA,0,NA,0,NA,0,NA,NA,0
1997,11,13,NA,0,768.48,1,5,0.75,271.25,1,NA,0,4.71,270.86,0.75
1997,11,14,NA,0,766.7,1,8,0.375,182,0.625,NA,0,NA,NA,0.125
1997,11,15,NA,0,766.7,1,3.33,0.375,291.25,1,NA,0,2.79,318.33,0.375
1997,11,16,NA,0,768.9,1,NA,0,188.75,1,NA,0,NA,NA,0
1997,11,17,NA,0,767.15,1,14,0.25,265,1,NA,0,9.92,269.09,0.25
1997,11,18,NA,0,767.24,1,12.33,0.375,305,1,NA,0,12.23,311.36,0.375
1997,11,19,NA,0,772.03,1,NA,0.125,221.25,1,NA,0,NA,NA,0.125
1997,11,20,NA,0,777.34,1,NA,0.125,177.14,0.875,NA,0,NA,NA,0.125
1997,11,21,NA,0,779.74,1,10.33,0.375,267.5,1,NA,0,10.21,309.35,0.375
1997,11,22,NA,0,782,1,6,0.625,171.25,1,NA,0,5.81,181.74,0.625
1997,11,23,NA,0,781.48,1,8.33,0.375,182,0.625,NA,0,NA,NA,0.125
1997,11,24,NA,0,780.45,1,18,0.25,157.5,1,NA,0,17.73,158.88,0.25
1997,11,25,NA,0,782.08,1,7.5,0.25,178,0.625,NA,0,7.47,175.33,0.25
1997,11,26,NA,0,780.83,1,4.5,0.5,183.75,1,NA,0,2.65,277.08,0.5
1997,11,27,NA,0,777.03,1,7.17,0.75,285,1,NA,0,6.4,290.95,0.75
1997,11,28,NA,0,769.36,1,10.2,0.625,311.67,0.75,NA,0,11.29,314.12,0.375
1997,11,29,NA,0,768.53,1,3.5,0.75,178.75,1,NA,0,0.65,281.23,0.75
1997,11,30,NA,0,775.71,1,8.5,0.25,304.29,0.875,NA,0,NA,NA,0.125
1997,12,1,NA,0,776.34,1,11.67,0.75,312.5,1,NA,0,11.33,314.19,0.75
1997,12,2,NA,0,771.69,1,13,0.25,308.75,1,NA,0,12.95,315,0.25
1997,12,3,NA,0,774.23,1,11.5,0.25,303.75,1,NA,0,11.46,305.65,0.25
1997,12,4,NA,0,778.99,1,10.75,0.5,306.25,1,NA,0,10.72,307.21,0.5
1997,12,5,NA,0,781.26,1,10.14,0.875,316.25,1,NA,0,10.02,317.73,0.875
1997,12,6,NA,0,773.69,1,8,0.25,237.5,1,NA,0,7.37,350.16,0.25
1997,12,7,NA,0,774.05,1,2.75,0.5,142.5,1,NA,0,2.72,121.83,0.5
1997,12,8,NA,0,775.28,1,5.6,0.625,103.75,1,NA,0,5.38,98.95,0.625
1997,12,9,NA,0,771.4,1,2.2,0.625,236.25,1,NA,0,0.68,320.23,0.625
1997,12,10,NA,0,767.4,1,3.25,0.5,282.5,1,NA,0,3.21,296.12,0.5
1997,12,11,NA,0,766.59,1,5,0.25,231.25,1,NA,0,4.53,175,0.25
1997,12,12,NA,0,764.45,1,5.5,0.25,216.25,1,NA,0,3.56,236.18,0.25
1997,12,13,NA,0,762.98,1,4.67,0.375,300,1,NA,0,4.57,319.21,0.375
1997,12,14,NA,0,765.34,1,10,0.5,282.5,1,NA,0,8.49,288.14,0.5
1997,12,15,NA,0,773.78,1,11,0.5,311.25,1,NA,0,10.96,316.82,0.5
1997,12,16,NA,0,769,1,6.5,0.25,285,1,NA,0,6.48,296.93,0.25
1997,12,17,NA,0,767.61,1,NA,0.125,196.25,1,NA,0,NA,NA,0.125
1997,12,18,NA,0,767.25,1,5.4,0.625,223.75,1,NA,0,4.73,191.14,0.625
1997,12,19,NA,0,767.96,1,5.67,0.375,240,1,NA,0,3.24,250.11,0.375
1997,12,20,NA,0,768.84,1,8,0.75,292,0.625,NA,0,5.64,287.97,0.375
1997,12,21,NA,0,775.1,1,6,0.25,221.25,1,NA,0,5.82,179.9,0.25
1997,12,22,NA,0,773.46,1,15.5,0.25,261.25,1,NA,0,15.02,250.55,0.25
1997,12,23,NA,0,767.86,1,6,0.25,161.67,0.75,NA,0,NA,NA,0.125
1997,12,24,NA,0,772.75,1,13.33,0.75,176.25,1,NA,0,13.14,175.37,0.75
1997,12,25,NA,0,776.71,1,10.8,0.625,218.57,0.875,NA,0,11.36,205.62,0.5
1997,12,26,NA,0,772.56,1,8.5,0.25,266.67,0.75,NA,0,NA,NA,0.125
1997,12,27,NA,0,770.24,1,7,0.5,181.25,1,NA,0,6.75,239.6,0.5
1997,12,28,NA,0,772.7,1,3.6,0.625,275,1,NA,0,3.1,264.49,0.625
1997,12,29,NA,0,773.2,1,7,0.25,246.25,1,NA,0,5,286.87,0.25
1997,12,30,NA,0,772.64,1,9,0.5,320,0.875,NA,0,8.55,319.75,0.5
1997,12,31,NA,0,772.8,1,12,0.75,321.25,1,NA,0,11.2,321.46,0.75
1998,1,1,NA,0,771.38,1,11,0.5,311.43,0.875,NA,0,10.93,309.09,0.5
1998,1,2,NA,0,767.4,1,8.5,0.5,253.75,1,NA,0,8.27,302.82,0.5
1998,1,3,NA,0,765.99,1,2.5,0.25,211.67,0.75,NA,0,1.94,210.47,0.25
1998,1,4,NA,0,767.3,1,4.4,0.625,197.5,1,NA,0,2.08,130.02,0.625
1998,1,5,NA,0,768.88,1,6.29,0.875,300,0.75,NA,0,6.96,300,0.625
1998,1,6,NA,0,766.95,1,3.5,0.75,260,1,NA,0,3.44,254.2,0.75
1998,1,7,NA,0,767.05,1,2.67,0.75,208.33,0.75,NA,0,2.36,186.65,0.75
1998,1,8,NA,0,770.87,1,10,0.5,142.5,1,NA,0,9.9,116.48,0.5
1998,1,9,NA,0,773.06,1,7.5,0.25,244.29,0.875,NA,0,6.85,296.06,0.25
1998,1,10,NA,0,770.25,1,7,0.5,258.57,0.875,NA,0,5.14,253.72,0.375
1998,1,11,NA,0,766.94,1,9.8,0.625,308.57,0.875,NA,0,9.4,315.24,0.5
1998,1,12,NA,0,764.86,1,11.17,0.75,315,1,NA,0,11.08,309.25,0.75
1998,1,13,NA,0,764.74,1,3.4,0.625,255,1,NA,0,2.66,224.36,0.625
1998,1,14,NA,0,771.91,1,6.25,0.5,210,1,NA,0,4.02,303.82,0.5
1998,1,15,NA,0,771.15,1,8.5,0.75,316.25,1,NA,0,8.1,317.87,0.75
1998,1,16,NA,0,764.35,1,7.4,0.625,302.5,1,NA,0,6.85,305.86,0.625
1998,1,17,NA,0,765.03,1,3.6,0.625,155,1,NA,0,2.7,198.65,0.625
1998,1,18,NA,0,766.6,1,5.33,0.375,271.43,0.875,NA,0,2.36,134.16,0.25
1998,1,19,NA,0,763.51,1,6.75,0.5,283.33,0.75,NA,0,5.45,279.44,0.25
1998,1,20,NA,0,767,1,2.6,0.625,178.75,1,NA,0,0.54,160,0.625
1998,1,21,NA,0,764.99,1,11.86,0.875,316,0.625,NA,0,10.64,322.1,0.5
1998,1,22,NA,0,766.7,1,11.5,0.5,340,1,NA,0,11.4,343.49,0.5
1998,1,23,NA,0,764.69,1,9.8,0.625,315,1,NA,0,9.13,314.93,0.625
1998,1,24,NA,0,764.35,1,11.6,0.625,315,1,NA,0,11.27,320.37,0.625
1998,1,25,NA,0,759.43,1,13.6,0.625,317.5,1,NA,0,13.55,313.82,0.625
1998,1,26,NA,0,761.1,1,3.2,0.625,255.71,0.875,NA,0,1.49,295,0.5
1998,1,27,NA,0,767.98,1,2.75,0.5,145,1,NA,0,2.31,110.82,0.5
1998,1,28,NA,0,767.21,1,9.6,0.625,305,1,NA,0,8.96,297.83,0.625
1998,1,29,NA,0,766.23,1,13.5,0.5,312.5,1,NA,0,12.36,311.16,0.5
1998,1,30,NA,0,768.24,1,11,0.375,318.33,0.75,NA,0,11,320,0.375
1998,1,31,NA,0,766.39,1,11.67,0.375,287.5,0.5,NA,0,NA,NA,0.125
1998,2,1,NA,0,765.16,1,NA,0.125,270,0.875,NA,0,NA,NA,0.125
1998,2,2,NA,0,765.55,1,11.2,0.625,312.5,1,NA,0,11.09,304.31,0.625
1998,2,3,NA,0,769.29,1,8.33,0.375,275,0.75,NA,0,4.99,252.57,0.25
1998,2,4,NA,0,762.8,1,10.5,0.5,305.71,0.875,NA,0,10.08,309.49,0.5
1998,2,5,NA,0,757.98,1,10.33,0.375,292.5,1,NA,0,8.67,306.76,0.375
1998,2,6,NA,0,759.21,1,13.6,0.625,301.25,1,NA,0,12.96,315.74,0.625
1998,2,7,NA,0,757.71,1,17,0.625,320,1,NA,0,16.94,314.23,0.625
1998,2,8,NA,0,758.19,1,4.67,0.375,256.25,1,NA,0,3.54,298.66,0.375
1998,2,9,NA,0,757.94,1,13.67,0.375,232.5,1,NA,0,12.81,276.19,0.375
1998,2,10,NA,0,746.8,1,12,0.625,301.25,1,NA,0,11.89,326.15,0.625
1998,2,11,NA,0,757.03,1,5.25,0.5,231.25,1,NA,0,4.45,193.1,0.5
1998,2,12,NA,0,768.06,1,15,0.375,312.5,1,NA,0,14.84,319.78,0.375
1998,2,13,NA,0,760.8,1,7.75,0.5,282.5,1,NA,0,7.31,311.06,0.5
1998,2,14,NA,0,755.84,1,NA,0,155,0.75,NA,0,NA,NA,0
1998,2,15,NA,0,762.63,1,NA,0.125,150,1,NA,0,NA,NA,0.125
1998,2,16,NA,0,768.86,1,NA,0.125,240,1,NA,0,NA,NA,0.125
1998,2,17,NA,0,771.69,1,9,0.25,316.25,1,NA,0,8.97,303.89,0.25
1998,2,18,NA,0,774.68,1,13.5,0.25,321.25,1,NA,0,13.07,331.03,0.25
1998,2,19,NA,0,775.14,1,9.33,0.375,326.25,1,NA,0,9.14,331.01,0.375
1998,2,20,NA,0,773.24,1,13,0.625,321.67,0.75,NA,0,11.73,322.73,0.375
1998,2,21,NA,0,768.36,1,14.29,0.875,313.75,1,NA,0,14.16,314.32,0.875
1998,2,22,NA,0,767.2,1,11.14,0.875,300,0.625,NA,0,10.47,297.86,0.5
1998,2,23,NA,0,767.6,1,10,0.375,302.86,0.875,NA,0,9.36,299.47,0.25
1998,2,24,NA,0,768.44,1,11.5,0.25,318.75,1,NA,0,11.37,304.82,0.25
1998,2,25,NA,0,769.65,1,NA,0.125,336.25,1,NA,0,NA,NA,0.125
1998,2,26,NA,0,769.62,1,NA,0.125,321.25,1,NA,0,NA,NA,0.125
1998,2,27,NA,0,768.44,1,16,1,327.5,1,NA,0,15.41,326.85,1
1998,2,28,NA,0,764.24,1,9.67,0.375,288.75,1,NA,0,9.43,282.89,0.375
1998,3,1,NA,0,771.2,1,17,0.75,314,0.625,NA,0,15.94,313.54,0.375
1998,3,2,NA,0,767.56,1,NA,0.125,316.25,1,NA,0,NA,NA,0.125
1998,3,3,NA,0,764.79,1,12.8,0.625,305,1,NA,0,12.65,300.79,0.625
1998,3,4,NA,0,766.45,1,NA,0.125,296.25,1,NA,0,NA,NA,0.125
1998,3,5,NA,0,760.63,1,18.5,0.5,308,0.625,NA,0,17.93,315.56,0.25
1998,3,6,NA,0,758.06,1,18.25,0.5,310,0.375,NA,0,17.93,305,0.25
1998,3,7,NA,0,756.84,1,19.57,0.875,314,0.625,NA,0,19.33,313.81,0.625
1998,3,8,NA,0,752.86,1,17.5,0.25,318.75,1,NA,0,17.43,324.86,0.25
1998,3,9,NA,0,751.14,1,12.25,0.5,318,0.625,NA,0,NA,NA,0.125
1998,3,10,NA,0,759.54,1,14.14,0.875,316,0.625,NA,0,13.45,316.6,0.625
1998,3,11,NA,0,762.96,1,15.71,0.875,320,0.625,NA,0,15.88,320.31,0.5
1998,3,12,NA,0,767.44,1,16.12,1,314,0.625,NA,0,16.65,314.43,0.625
1998,3,13,NA,0,765.48,1,17.12,1,315,0.25,NA,0,16.94,315,0.25
1998,3,14,NA,0,760.56,1,17.71,0.875,NA,0,NA,0,NA,NA,0
1998,3,15,NA,0,756.97,1,17.5,1,308.57,0.875,NA,0,17.33,308.77,0.875
1998,3,16,NA,0,759.98,1,14.6,0.625,300,0.625,NA,0,15.5,300,0.25
1998,3,17,NA,0,764.08,1,NA,0.125,325.71,0.875,NA,0,NA,NA,0.125
1998,3,18,NA,0,759.05,1,NA,0,320,0.875,NA,0,NA,NA,0
1998,3,19,NA,0,753.21,1,19,0.875,310,0.375,NA,0,19.15,310.52,0.375
1998,3,20,NA,0,750.94,1,14,0.625,310,0.625,NA,0,13.64,310,0.5
1998,3,21,NA,0,751.09,1,17.6,0.625,311.67,0.75,NA,0,17.44,314.57,0.625
1998,3,22,NA,0,751.85,1,19,0.875,315,0.75,NA,0,19.73,316.06,0.625
1998,3,23,NA,0,747.58,1,21.25,0.5,328.75,1,NA,0,21.03,327.04,0.5
1998,3,24,NA,0,748.36,1,20.5,0.25,314,0.625,NA,0,NA,NA,0.125
1998,3,25,NA,0,747.3,1,NA,0.125,304,0.625,NA,0,NA,NA,0.125
1998,3,26,NA,0,744.55,1,18.33,0.375,300,1,NA,0,18.14,299.63,0.375
1998,3,27,NA,0,747.95,1,11.75,0.5,304,0.625,NA,0,12.5,320,0.25
1998,3,28,NA,0,752.14,1,12.14,0.875,312.5,0.5,NA,0,12.63,312.96,0.5
1998,3,29,NA,0,758.43,1,13.5,0.75,312.5,0.5,NA,0,13.95,315.36,0.25
1998,3,30,NA,0,767.06,1,10.75,0.5,187.5,0.5,NA,0,NA,NA,0.125
1998,3,31,NA,0,771.48,1,3.67,0.375,250,1,NA,0,3.25,306.98,0.375
1998,4,1,NA,0,764.4,1,1.75,0.5,292,0.625,NA,0,1.97,300,0.25
1998,4,2,NA,0,754.14,1,1.8,0.625,290,0.625,NA,0,1.69,296.06,0.625
1998,4,3,NA,0,750.38,1,17.75,0.5,318.75,1,NA,0,17.57,318.87,0.5
1998,4,4,NA,0,747.39,1,25,0.5,317.5,0.5,NA,0,NA,NA,0.125
1998,4,5,NA,0,753.71,1,23,0.25,315,1,NA,0,23,320,0.25
1998,4,6,NA,0,761.85,1,20,0.5,318.75,1,NA,0,19.92,315,0.5
1998,4,7,NA,0,761.1,1,21.25,0.5,320,0.5,NA,0,NA,NA,0
1998,4,8,NA,0,752.7,1,20.67,0.75,312.5,0.5,NA,0,18.33,310,0.375
1998,4,9,NA,0,751.9,1,20.29,0.875,306.25,1,NA,0,20.21,305.78,0.875
1998,4,10,NA,0,756.2,1,NA,0.125,314,0.625,NA,0,NA,NA,0
1998,4,11,NA,0,756.45,1,20.5,0.5,320,0.625,NA,0,20.39,316.42,0.375
1998,4,12,NA,0,750.53,1,19.25,0.5,305.71,0.875,NA,0,19.18,304.67,0.5
1998,4,13,NA,0,749.49,1,NA,0.125,301.25,1,NA,0,NA,NA,0.125
1998,4,14,NA,0,752.46,1,18.6,0.625,321.25,1,NA,0,17.72,316.31,0.625
1998,4,15,NA,0,760.29,1,20.67,0.375,328.75,1,NA,0,20.59,326.45,0.375
1998,4,16,NA,0,760.29,1,19.29,0.875,316,0.625,NA,0,19.43,314.87,0.5
1998,4,17,NA,0,754.47,1,17.25,1,317.5,0.5,NA,0,17.7,317.61,0.5
1998,4,18,NA,0,747.55,1,19.14,0.875,315,0.75,NA,0,18.93,315,0.75
1998,4,19,NA,0,743.6,1,25.5,0.25,276.67,0.75,NA,0,NA,NA,0
1998,4,20,NA,0,751.25,1,NA,0,313.75,1,NA,0,NA,NA,0
1998,4,21,NA,0,756.84,1,NA,0,281.25,1,NA,0,NA,NA,0
1998,4,22,NA,0,766.09,1,NA,0,337.5,1,NA,0,NA,NA,0
1998,4,23,NA,0,763.09,1,NA,0.125,334,0.625,NA,0,NA,NA,0.125
1998,4,24,NA,0,744.35,1,16.33,0.375,273.75,1,NA,0,16.12,303.5,0.375
1998,4,25,NA,0,738.49,1,17,0.375,318.75,1,NA,0,16.82,310.2,0.375
1998,4,26,NA,0,737.85,1,12.8,0.625,323.75,1,NA,0,12.69,321.88,0.625
1998,4,27,NA,0,750,1,NA,0,318.75,1,NA,0,NA,NA,0
1998,4,28,NA,0,747.91,1,21,0.5,325,0.25,NA,0,20.92,325.24,0.25
1998,4,29,NA,0,750.51,1,21.67,0.375,323.33,0.375,NA,0,NA,NA,0
1998,4,30,NA,0,758.69,1,NA,0,302.5,0.5,NA,0,NA,NA,0
1998,5,1,NA,0,754.54,1,10.8,0.625,302,0.625,NA,0,14,300,0.25
1998,5,2,NA,0,759.51,1,18.75,1,322,0.625,NA,0,18.65,322.67,0.625
1998,5,3,NA,0,753.49,1,NA,0.125,301.25,1,NA,0,NA,NA,0.125
1998,5,4,NA,0,759.06,1,NA,0.125,223.75,1,NA,0,NA,NA,0.125
1998,5,5,NA,0,769.79,1,NA,0.125,313.75,1,NA,0,NA,NA,0.125
1998,5,6,NA,0,778.31,1,NA,0.125,280,1,NA,0,NA,NA,0.125
1998,5,7,NA,0,766.13,1,22,0.375,208.75,1,NA,0,21.78,330,0.375
1998,5,8,NA,0,763.49,1,18,0.25,320,1,NA,0,17.93,325,0.25
1998,5,9,NA,0,753.9,1,19.83,0.75,326,0.625,NA,0,19.67,320,0.375
1998,5,10,NA,0,750.85,1,18.2,0.625,326.67,0.375,NA,0,NA,NA,0
1998,5,11,NA,0,760.38,1,15.71,0.875,306.67,0.375,NA,0,17.93,304.72,0.25
1998,5,12,NA,0,761.34,1,23,0.25,327.5,0.5,NA,0,NA,NA,0.125
1998,5,13,NA,0,761.07,1,21.12,1,320,0.375,NA,0,18.81,320.18,0.375
1998,5,14,NA,0,754.69,1,16.5,0.75,315,0.25,NA,0,14.44,314.83,0.25
1998,5,15,NA,0,753.64,1,13.33,0.75,311.67,0.75,NA,0,14.14,312.29,0.5
1998,5,16,NA,0,750.84,1,19.83,0.75,330,1,NA,0,19.69,327.81,0.75
1998,5,17,NA,0,746.46,1,22,0.625,326.25,1,NA,0,21.95,322,0.625
1998,5,18,NA,0,754.73,1,20,0.25,332.86,0.875,NA,0,19.93,334.25,0.25
1998,5,19,NA,0,762.18,1,NA,0,324,0.625,NA,0,NA,NA,0
1998,5,20,NA,0,757.65,1,21.5,0.25,325,1,NA,0,21.17,320.23,0.25
1998,5,21,NA,0,757.74,1,NA,0,326.25,1,NA,0,NA,NA,0
1998,5,22,NA,0,768.23,1,20.5,0.25,330,1,NA,0,20.5,330,0.25
1998,5,23,NA,0,765.24,1,17.33,0.375,318,0.625,NA,0,NA,NA,0.125
1998,5,24,NA,0,762.8,1,NA,0,331.25,1,NA,0,NA,NA,0
1998,5,25,NA,0,751.91,1,15,0.375,261.25,1,NA,0,12.24,296.62,0.375
1998,5,26,NA,0,754.81,1,12,0.625,276.25,1,NA,0,11.96,316,0.625
1998,5,27,NA,0,754.65,1,14.57,0.875,312.5,1,NA,0,14.54,311.56,0.875
1998,5,28,NA,0,751.12,1,15.6,0.625,313.75,1,NA,0,15.54,313.84,0.625
1998,5,29,NA,0,750.36,1,20.33,0.375,316.25,1,NA,0,20.04,317.52,0.375
1998,5,30,NA,0,764.2,1,8,0.375,300,0.875,NA,0,4.98,287,0.25
1998,5,31,NA,0,762.39,1,17.12,1,313.33,0.375,NA,0,19.27,313.44,0.375
1998,6,1,NA,0,753.6,1,20.8,0.625,325,0.25,NA,0,NA,NA,0.125
1998,6,2,NA,0,754.72,1,22.67,0.375,327.5,0.5,NA,0,NA,NA,0.125
1998,6,3,NA,0,756.3,1,22.29,0.875,322.5,0.5,NA,0,22.92,326.53,0.375
1998,6,4,NA,0,757.01,1,22.67,0.75,320,0.625,NA,0,21.92,323.48,0.375
1998,6,5,NA,0,768.69,1,22.33,0.375,327.5,1,NA,0,22.03,326.84,0.375
1998,6,6,NA,0,770.4,1,NA,0.125,318.75,1,NA,0,NA,NA,0.125
1998,6,7,NA,0,762.15,1,NA,0.125,190,1,NA,0,NA,NA,0.125
1998,6,8,NA,0,765.9,1,4,0.375,247.5,1,NA,0,3.96,321.67,0.375
1998,6,9,NA,0,762.8,1,5.38,1,332,0.625,NA,0,5.95,331.34,0.625
1998,6,10,NA,0,749.84,1,8.29,0.875,332.5,0.5,NA,0,8.73,332.28,0.5
1998,6,11,NA,0,747.93,1,5.17,0.75,295,1,NA,0,4.82,317.96,0.75
1998,6,12,NA,0,751.83,1,5.83,0.75,306.25,1,NA,0,5.53,320.76,0.75
1998,6,13,NA,0,752.29,1,7,0.75,326.25,1,NA,0,6.95,328.57,0.75
1998,6,14,NA,0,754.05,1,7.25,0.5,320,0.5,NA,0,NA,NA,0.125
1998,6,15,NA,0,753.41,1,8.75,1,320,0.625,NA,0,8.75,320.23,0.625
1998,6,16,NA,0,747.9,1,8.6,0.625,327.5,1,NA,0,8.53,327.43,0.625
1998,6,17,NA,0,747.86,1,8.2,0.625,NA,0,NA,0,NA,NA,0
1998,6,18,NA,0,749.84,1,5.83,0.75,315,1,NA,0,5.76,315.72,0.75
1998,6,19,NA,0,755.65,1,6.75,0.5,312.5,0.5,NA,0,NA,NA,0.125
1998,6,20,NA,0,754.06,1,7.33,0.375,326.67,0.375,NA,0,NA,NA,0.125
1998,6,21,NA,0,753.24,1,8.8,0.625,326.67,0.375,NA,0,NA,NA,0.125
1998,6,22,NA,0,754.1,1,8.75,1,326.67,0.375,NA,0,8.23,325.56,0.375
1998,6,23,NA,0,764.3,1,7,0.625,320,1,NA,0,6.96,319.71,0.625
1998,6,24,NA,0,759.11,1,9,0.75,320,0.625,NA,0,9.15,320,0.625
1998,6,25,NA,0,747.95,1,8.33,0.375,330,0.5,NA,0,8.37,329.41,0.25
1998,6,26,NA,0,752.34,1,7,0.25,310,0.625,NA,0,7,300,0.25
1998,6,27,NA,0,762.34,1,6.5,0.75,310,1,NA,0,6.4,309,0.75
1998,6,28,NA,0,759.55,1,7.33,0.375,251.67,0.75,NA,0,7.25,303.98,0.25
1998,6,29,NA,0,759.34,1,6.62,1,305,1,NA,0,6.57,304.74,1
1998,6,30,NA,0,755.39,1,7.5,0.25,NA,0.125,NA,0,NA,NA,0
1998,7,1,NA,0,750.51,1,4.83,0.75,311.25,1,NA,0,4.79,313.84,0.75
1998,7,2,NA,0,750.3,1,NA,0,283.33,0.375,NA,0,NA,NA,0
1998,7,3,NA,0,752.09,1,6.5,0.5,325,0.5,NA,0,6.48,324.61,0.5
1998,7,4,NA,0,764.6,1,7,1,321.25,1,NA,0,6.91,321.44,1
1998,7,5,NA,0,766.76,1,8,0.25,194,0.625,NA,0,7.88,310,0.25
1998,7,6,NA,0,766.23,1,16,0.5,310,1,NA,0,15.51,313.36,0.5
1998,7,7,NA,0,754.78,1,6,0.25,205,1,NA,0,5.45,219.44,0.25
1998,7,8,NA,0,757.2,1,NA,0.125,297.5,1,NA,0,NA,NA,0.125
1998,7,9,NA,0,755.3,1,15.4,0.625,305,0.5,NA,0,13.95,303.57,0.375
1998,7,10,NA,0,745.36,1,16.8,0.625,325,0.5,NA,0,16.94,324.71,0.25
1998,7,11,NA,0,739.31,1,18.12,1,315,0.25,NA,0,17.93,314.44,0.25
1998,7,12,NA,0,743.59,1,15.17,0.75,316,0.625,NA,0,15.44,315,0.5
1998,7,13,NA,0,745.41,1,16.14,0.875,315,0.25,NA,0,15.94,315.31,0.25
1998,7,14,NA,0,749.91,1,15.67,0.75,317.5,0.5,NA,0,15.94,315,0.25
1998,7,15,NA,0,749.46,1,19.29,0.875,320,0.5,NA,0,19.48,320.68,0.375
1998,7,16,NA,0,748.84,1,18.71,0.875,NA,0.125,NA,0,NA,NA,0
1998,7,17,NA,0,759.56,1,14.8,0.625,313.33,0.75,NA,0,14.44,315.17,0.5
1998,7,18,NA,0,763.75,1,20.33,0.75,320,0.625,NA,0,19.63,320.63,0.5
1998,7,19,NA,0,767.46,1,16.5,0.25,347.5,1,NA,0,16.44,354.54,0.25
1998,7,20,NA,0,765.55,1,15.33,0.375,338.75,1,NA,0,15.14,346.05,0.375
1998,7,21,NA,0,752.69,1,NA,0.125,331.25,1,NA,0,NA,NA,0.125
1998,7,22,NA,0,751.18,1,NA,0.125,321.25,1,NA,0,NA,NA,0.125
1998,7,23,NA,0,751.36,1,18,0.25,316.25,1,NA,0,17.39,324.15,0.25
1998,7,24,NA,0,750.07,1,14.57,0.875,316.67,0.375,NA,0,11.96,316.95,0.375
1998,7,25,NA,0,758.14,1,11.62,1,315.71,0.875,NA,0,11.2,315.55,0.875
1998,7,26,NA,0,761.98,1,18.75,0.5,310,0.5,NA,0,19.5,310,0.25
1998,7,27,NA,0,762.18,1,17.4,0.625,308.57,0.875,NA,0,17.18,309.77,0.625
1998,7,28,NA,0,760.39,1,19.25,1,NA,0.125,NA,0,NA,NA,0.125
1998,7,29,NA,0,760.53,1,19.12,1,314.29,0.875,NA,0,19.21,314.37,0.875
1998,7,30,NA,0,757,1,18,1,318.33,0.75,NA,0,17.63,318.4,0.75
1998,7,31,NA,0,752.05,1,19.62,1,324.29,0.875,NA,0,19.78,324.31,0.875
1998,8,1,NA,0,745.12,1,21.75,1,NA,0.125,NA,0,NA,NA,0.125
1998,8,2,NA,0,747.4,1,22,0.625,320,0.375,NA,0,NA,NA,0.125
1998,8,3,NA,0,748.41,1,12.67,0.75,326.25,1,NA,0,12.57,326.44,0.75
1998,8,4,NA,0,752.43,1,11.67,0.375,312.5,0.5,NA,0,NA,NA,0.125
1998,8,5,NA,0,760.03,1,11.5,0.5,326.25,1,NA,0,11.22,328.74,0.5
1998,8,6,NA,0,768.28,1,NA,0.125,253.75,1,NA,0,NA,NA,0.125
1998,8,7,NA,0,757.78,1,NA,0,321.25,1,NA,0,NA,NA,0
1998,8,8,NA,0,743.69,1,16,0.375,310,0.625,NA,0,16,310,0.375
1998,8,9,NA,0,747.36,1,12.43,0.875,NA,0.125,NA,0,NA,NA,0.125
1998,8,10,NA,0,750.75,1,13.88,1,310,0.25,NA,0,15,310,0.25
1998,8,11,NA,0,753.16,1,14.75,0.5,316,0.625,NA,0,NA,NA,0.125
1998,8,12,NA,0,746.56,1,16.14,0.875,315,1,NA,0,16.08,314.42,0.875
1998,8,13,NA,0,749.76,1,14.38,1,314,0.625,NA,0,16.05,314.34,0.625
1998,8,14,NA,0,756.96,1,15,1,316.67,0.375,NA,0,12.29,316.76,0.375
1998,8,15,NA,0,756.82,1,18.57,0.875,315,0.25,NA,0,NA,NA,0.125
1998,8,16,NA,0,761.49,1,21,0.75,335,0.25,NA,0,NA,NA,0.125
1998,8,17,NA,0,768.6,1,NA,0,282.5,1,NA,0,NA,NA,0
1998,8,18,NA,0,761,1,5,0.25,160,1,NA,0,3.3,215.26,0.25
1998,8,19,NA,0,760.9,1,NA,0.125,312.5,1,NA,0,NA,NA,0.125
1998,8,20,NA,0,758.19,1,20,0.625,326.67,0.375,NA,0,NA,NA,0
1998,8,21,NA,0,760.25,1,15.12,1,314.29,0.875,NA,0,14.8,314.42,0.875
1998,8,22,NA,0,759.8,1,13,0.625,266.25,1,NA,0,12.95,304,0.625
1998,8,23,NA,0,757.13,1,8,0.375,296.25,1,NA,0,7.97,296.67,0.375
1998,8,24,NA,0,758.5,1,8.67,0.75,292.86,0.875,NA,0,7.51,297.61,0.625
1998,8,25,NA,0,763.73,1,18,0.25,325,0.75,NA,0,NA,NA,0.125
1998,8,26,NA,0,756.64,1,10.5,0.5,306,0.625,NA,0,12.16,321.72,0.25
1998,8,27,NA,0,748.51,1,8.5,0.25,315,1,NA,0,8.47,295.88,0.25
1998,8,28,NA,0,749.45,1,13,0.25,323.75,1,NA,0,13,320,0.25
1998,8,29,NA,0,748.2,1,14.67,0.75,318.75,1,NA,0,14.55,317.15,0.75
1998,8,30,NA,0,749.26,1,15.5,0.75,314,0.625,NA,0,14.14,310.18,0.5
1998,8,31,NA,0,748.15,1,20.57,0.875,320,0.375,NA,0,22,320,0.375
1998,9,1,NA,0,745.57,1,NA,0.125,295,1,NA,0,NA,NA,0.125
1998,9,2,NA,0,747.65,1,24,0.25,317.5,1,NA,0,23.91,324.79,0.25
1998,9,3,NA,0,749.73,1,16.8,0.625,298.33,0.75,NA,0,16.94,296.87,0.375
1998,9,4,NA,0,748.68,1,NA,0.125,281.25,1,NA,0,NA,NA,0.125
1998,9,5,NA,0,753.72,1,19.33,0.375,323.75,1,NA,0,19.27,326.9,0.375
1998,9,6,NA,0,756.73,1,15.5,0.5,315,0.75,NA,0,16.21,311.77,0.375
1998,9,7,NA,0,762.03,1,6.29,0.875,225.71,0.875,NA,0,4.15,215.47,0.75
1998,9,8,NA,0,766.66,1,9.83,0.75,310,0.5,NA,0,9.46,314.74,0.25
1998,9,9,NA,0,763.72,1,14.25,0.5,306.25,1,NA,0,14.2,305.44,0.5
1998,9,10,NA,0,762.26,1,16,1,310,0.625,NA,0,15.02,310.13,0.625
1998,9,11,NA,0,767.15,1,18,0.875,308.33,0.75,NA,0,16.96,308.12,0.625
1998,9,12,NA,0,763.89,1,21,0.75,NA,0.125,NA,0,NA,NA,0.125
1998,9,13,NA,0,762.48,1,12,0.25,266.25,1,NA,0,12,310,0.25
1998,9,14,NA,0,771.21,1,2.86,0.875,231.43,0.875,NA,0,1.32,266.31,0.875
1998,9,15,NA,0,774.33,1,12,0.875,313.75,1,NA,0,11.91,312.98,0.875
1998,9,16,NA,0,764.59,1,9.5,0.25,216.25,1,NA,0,9.46,304.21,0.25
1998,9,17,NA,0,760.6,1,6.5,0.25,233.75,1,NA,0,6.34,313.21,0.25
1998,9,18,NA,0,761.65,1,9,0.75,291.25,1,NA,0,8.94,288.33,0.75
1998,9,19,NA,0,766.48,1,NA,0.125,321.25,1,NA,0,NA,NA,0.125
1998,9,20,NA,0,767.54,1,19.6,0.625,322,0.625,NA,0,21.42,314.88,0.25
1998,9,21,NA,0,766.84,1,13.29,0.875,303.33,0.375,NA,0,12.96,303.07,0.375
1998,9,22,NA,0,763.1,1,13.29,0.875,310,1,NA,0,12.99,310.98,0.875
1998,9,23,NA,0,752.35,1,17.83,0.75,314,0.625,NA,0,17.33,310,0.375
1998,9,24,NA,0,752.61,1,17.6,0.625,320,0.625,NA,0,17.93,324.72,0.25
1998,9,25,NA,0,753.1,1,NA,0.125,327.5,0.5,NA,0,NA,NA,0
1998,9,26,NA,0,753.29,1,18.43,0.875,318,0.625,NA,0,19.1,320.52,0.5
1998,9,27,NA,0,754.65,1,16.8,0.625,327.14,0.875,NA,0,16.53,324.15,0.625
1998,9,28,NA,0,752.91,1,18.88,1,325,0.5,NA,0,17.43,325.14,0.5
1998,9,29,NA,0,754.63,1,17.83,0.75,326.67,0.375,NA,0,17.28,327.12,0.375
1998,9,30,NA,0,759.91,1,11.86,0.875,315,1,NA,0,11.81,314.82,0.875
1998,10,1,NA,0,765.46,1,4.62,1,303.75,1,NA,0,4.5,306.75,1
1998,10,2,NA,0,761.48,1,11,0.625,320,1,NA,0,10.84,323.71,0.625
1998,10,3,NA,0,756.03,1,16,0.25,303.75,1,NA,0,15.94,305.31,0.25
1998,10,4,NA,0,752.04,1,9,0.375,228.57,0.875,NA,0,8.01,319.44,0.375
1998,10,5,NA,0,754.16,1,12.5,0.75,316.25,1,NA,0,12.14,317.98,0.75
1998,10,6,NA,0,761.95,1,15.8,0.625,322.5,1,NA,0,15.67,327.97,0.625
1998,10,7,NA,0,757.9,1,13,0.25,312.5,1,NA,0,12.95,315.39,0.25
1998,10,8,NA,0,747.53,1,11.8,0.625,321.25,1,NA,0,11.47,325.77,0.625
1998,10,9,NA,0,744.75,1,17.71,0.875,330,1,NA,0,17.61,329.03,0.875
1998,10,10,NA,0,742.86,1,19.5,0.25,325,1,NA,0,19.5,320,0.25
1998,10,11,NA,0,744.05,1,16.62,1,320,1,NA,0,16.49,320.15,1
1998,10,12,NA,0,753.44,1,13,0.5,316.25,1,NA,0,12.64,315.04,0.5
1998,10,13,NA,0,758.45,1,18.6,0.625,318.75,1,NA,0,18.56,318.28,0.625
1998,10,14,NA,0,762.7,1,13,0.75,313.75,1,NA,0,12.96,316.67,0.75
1998,10,15,NA,0,770.79,1,20,0.375,325,1,NA,0,20,330,0.375
1998,10,16,NA,0,772.44,1,19.25,0.5,330,0.625,NA,0,18.43,335.14,0.25
1998,10,17,NA,0,773.18,1,15.25,0.5,316.25,1,NA,0,15.09,318.19,0.5
1998,10,18,NA,0,767.5,1,16.57,0.875,322.5,0.5,NA,0,16.2,322.61,0.5
1998,10,19,NA,0,763.95,1,16.86,0.875,320,0.875,NA,0,16.69,316.82,0.75
1998,10,20,NA,0,764.56,1,20,0.25,321.25,1,NA,0,20,320,0.25
1998,10,21,NA,0,761.16,1,13.62,1,308.33,0.75,NA,0,13.01,308.94,0.75
1998,10,22,NA,0,761.84,1,13.67,0.75,314,0.625,NA,0,10.96,313.94,0.375
1998,10,23,NA,0,763.21,1,NA,0.125,318.75,1,NA,0,NA,NA,0.125
1998,10,24,NA,0,762.16,1,14.5,0.25,316.25,1,NA,0,14.45,315.52,0.25
1998,10,25,NA,0,758.18,1,10.4,0.625,308.75,1,NA,0,9.53,316.2,0.625
1998,10,26,NA,0,753.49,1,15.67,0.375,317.5,1,NA,0,15.43,308.5,0.375
1998,10,27,NA,0,756.55,1,13.5,0.5,312.5,1,NA,0,13.46,312.77,0.5
1998,10,28,NA,0,759.2,1,14.14,0.875,312.86,0.875,NA,0,14.11,315.18,0.75
1998,10,29,NA,0,758.09,1,15.71,0.875,306.67,0.375,NA,0,14.62,307.05,0.375
1998,10,30,NA,0,758.38,1,8.8,0.625,300,1,NA,0,8.77,303.41,0.625
1998,10,31,NA,0,755.33,1,9.5,0.5,302.86,0.875,NA,0,5.32,284.64,0.375
1998,11,1,NA,0,747.69,1,16.25,0.5,317.14,0.875,NA,0,16.08,322.94,0.5
1998,11,2,NA,0,748.49,1,14.5,0.25,320,0.625,NA,0,14.46,322.75,0.25
1998,11,3,NA,0,745.43,1,12.25,0.5,312.5,1,NA,0,12.21,317.35,0.5
1998,11,4,NA,0,752.56,1,11,0.375,322,0.625,NA,0,9.18,314.19,0.25
1998,11,5,NA,0,752.09,1,11.75,0.5,308.57,0.875,NA,0,10.54,300.8,0.375
1998,11,6,NA,0,747.33,1,NA,0.125,305,0.75,NA,0,NA,NA,0
1998,11,7,NA,0,747.33,1,NA,0.125,315,0.75,NA,0,NA,NA,0.125
1998,11,8,NA,0,747.6,1,11.4,0.625,318.75,1,NA,0,11.15,318.1,0.625
1998,11,9,NA,0,746.1,1,14.62,1,311.25,1,NA,0,14.38,311.78,1
1998,11,10,NA,0,750.24,1,8,0.625,302.5,1,NA,0,7.62,297.46,0.625
1998,11,11,NA,0,754.34,1,10.6,0.625,306.25,1,NA,0,10.4,309.45,0.625
1998,11,12,NA,0,752.63,1,14,0.5,306.25,1,NA,0,13.72,306.26,0.5
1998,11,13,NA,0,754.93,1,15.5,0.25,317.5,1,NA,0,15.5,310,0.25
1998,11,14,NA,0,752.39,1,9.75,0.5,301.25,1,NA,0,9.65,298.45,0.5
1998,11,15,NA,0,752.55,1,16,0.25,332,0.625,NA,0,15.76,330.63,0.25
1998,11,16,NA,0,753.72,1,11,0.5,312.5,1,NA,0,10.75,311.46,0.5
1998,11,17,NA,0,755.78,1,13.33,0.375,318.75,1,NA,0,13.13,321.01,0.375
1998,11,18,NA,0,759.81,1,NA,0,316.25,1,NA,0,NA,NA,0
1998,11,19,NA,0,760.43,1,15.17,0.75,318.33,0.75,NA,0,14.85,316.48,0.5
1998,11,20,NA,0,764.34,1,14,0.375,315,1,NA,0,13.82,329.76,0.375
1998,11,21,NA,0,762.84,1,14.14,0.875,313.75,1,NA,0,13.98,312.8,0.875
1998,11,22,NA,0,761.66,1,7,0.25,234,0.625,NA,0,NA,NA,0.125
1998,11,23,NA,0,768.63,1,NA,0.125,296.67,0.75,NA,0,NA,NA,0.125
1998,11,24,NA,0,770.24,1,11.5,0.5,292.86,0.875,NA,0,10.57,310.31,0.375
1998,11,25,NA,0,764.74,1,NA,0.125,312.5,1,NA,0,NA,NA,0.125
1998,11,26,NA,0,762.65,1,13.5,0.25,317.5,1,NA,0,13.45,326.3,0.25
1998,11,27,NA,0,764.36,1,14.4,0.625,321.25,1,NA,0,14.15,320.06,0.625
1998,11,28,NA,0,755,1,NA,0,178.75,1,NA,0,NA,NA,0
1998,11,29,NA,0,766.54,1,13,0.375,241.25,1,NA,0,1.86,135.4,0.375
1998,11,30,NA,0,763.74,1,11.8,0.625,311.25,1,NA,0,11.71,312.55,0.625
1998,12,1,NA,0,760.1,1,6.5,0.25,238.75,1,NA,0,3.75,228.73,0.25
1998,12,2,NA,0,765.9,1,7.83,0.75,281.25,1,NA,0,7.6,287.33,0.75
1998,12,3,NA,0,771.56,1,12,0.25,276.25,1,NA,0,10.5,261.79,0.25
1998,12,4,NA,0,762.96,1,12.2,0.625,305.71,0.875,NA,0,11.47,310.28,0.625
1998,12,5,NA,0,764.36,1,13.5,0.5,312.5,1,NA,0,13.4,310.56,0.5
1998,12,6,NA,0,761.63,1,9.8,0.625,315,1,NA,0,9.19,317.27,0.625
1998,12,7,NA,0,756.34,1,11,0.375,300,1,NA,0,10.98,308.19,0.375
1998,12,8,NA,0,758.21,1,9.33,0.375,294,0.625,NA,0,7.97,313.75,0.25
1998,12,9,NA,0,758.53,1,10.8,0.625,305,1,NA,0,9.91,313.94,0.625
1998,12,10,NA,0,752.15,1,9,0.25,292.5,1,NA,0,8.86,311.12,0.25
1998,12,11,NA,0,752.06,1,NA,0.125,152.5,1,NA,0,NA,NA,0.125
1998,12,12,NA,0,756.3,1,10,0.375,292.5,1,NA,0,9.91,312.01,0.375
1998,12,13,NA,0,759.61,1,4,0.25,286.25,1,NA,0,3.5,251.79,0.25
1998,12,14,NA,0,758.28,1,7.33,0.375,287.14,0.875,NA,0,6.68,300.29,0.375
1998,12,15,NA,0,761.2,1,12,0.25,172.5,1,NA,0,11.82,168.32,0.25
1998,12,16,NA,0,764.19,1,8.4,0.625,220,1,NA,0,4.62,219.53,0.625
1998,12,17,NA,0,771.2,1,9,0.375,271.25,1,NA,0,8.97,313.7,0.375
1998,12,18,NA,0,776.82,1,8.5,0.75,310,1,NA,0,8.16,319.65,0.75
1998,12,19,NA,0,770.24,1,3.67,0.375,273.75,1,NA,0,2.88,247.63,0.375
1998,12,20,NA,0,773.88,1,11.5,0.25,333.75,1,NA,0,11.46,314.35,0.25
1998,12,21,NA,0,766.03,1,NA,0.125,233.75,1,NA,0,NA,NA,0.125
1998,12,22,NA,0,777.56,1,NA,0.125,287.5,1,NA,0,NA,NA,0.125
1998,12,23,NA,0,781.44,1,6.17,0.75,321.25,1,NA,0,5.74,324.49,0.75
1998,12,24,NA,0,779.41,1,NA,0,290,1,NA,0,NA,NA,0
1998,12,25,NA,0,772.11,1,8.5,0.25,242.5,1,NA,0,8,256.32,0.25
1998,12,26,NA,0,769.65,1,4.67,0.375,241.25,1,NA,0,4.55,280.18,0.375
1998,12,27,NA,0,771.44,1,3.67,0.375,220,1,NA,0,1.18,306.52,0.375
1998,12,28,NA,0,775.41,1,11.75,0.5,315,0.75,NA,0,9.55,313.03,0.375
1998,12,29,NA,0,775.41,1,11.67,0.75,312,0.625,NA,0,11.04,306.46,0.5
1998,12,30,NA,0,772.63,1,6,0.625,271.43,0.875,NA,0,6.69,299.63,0.5
1998,12,31,NA,0,771.23,1,7,0.375,231.25,1,NA,0,6.14,208.13,0.375
1999,1,1,NA,0,769.57,1,5.29,0.875,257.5,1,NA,0,3.68,261.93,0.875
1999,1,2,NA,0,767.33,1,7,0.25,265,1,NA,0,6.76,205,0.25
1999,1,3,NA,0,763.11,1,11.33,0.375,296.25,1,NA,0,11.2,304.74,0.375
1999,1,4,NA,0,765.01,1,6.33,0.375,252.86,0.875,NA,0,6.17,297.93,0.375
1999,1,5,NA,0,767.19,1,3,0.25,240,0.875,NA,0,2.95,260,0.25
1999,1,6,NA,0,767.6,1,4.17,0.75,218.75,1,NA,0,2.79,266.8,0.75
1999,1,7,NA,0,764.15,1,NA,0.125,178.75,1,NA,0,NA,NA,0.125
1999,1,8,NA,0,763.96,1,NA,0.125,225.71,0.875,NA,0,NA,NA,0.125
1999,1,9,NA,0,761.25,1,8,0.5,230,1,NA,0,6.04,184.92,0.5
1999,1,10,NA,0,762.01,1,8,0.5,301.25,1,NA,0,6.95,301.7,0.5
1999,1,11,NA,0,765.33,1,8.33,0.375,301.25,1,NA,0,7.95,324.11,0.375
1999,1,12,NA,0,765.15,1,3,0.25,298.75,1,NA,0,2.82,260,0.25
1999,1,13,NA,0,763.65,1,5,0.5,284.29,0.875,NA,0,4.85,253.48,0.5
1999,1,14,NA,0,761.11,1,9.5,0.25,245.71,0.875,NA,0,6.8,253.97,0.25
1999,1,15,NA,0,764.09,1,8.25,0.5,306.25,1,NA,0,7.97,316.39,0.5
1999,1,16,NA,0,767.76,1,6.67,0.375,258.75,1,NA,0,5.64,314.07,0.375
1999,1,17,NA,0,770.75,1,1.5,0.25,233.75,1,NA,0,1.49,303.33,0.25
1999,1,18,NA,0,771.21,1,8.6,0.625,333.75,1,NA,0,8.41,329,0.625
1999,1,19,NA,0,770.61,1,8.5,0.5,296,0.625,NA,0,7.55,290.2,0.375
1999,1,20,NA,0,773.44,1,10.8,0.625,308.75,1,NA,0,10.68,310.19,0.625
1999,1,21,NA,0,770.66,1,6.86,0.875,326.25,1,NA,0,6.46,323.36,0.875
1999,1,22,NA,0,767.43,1,6.71,0.875,288.75,1,NA,0,6.08,294.64,0.875
1999,1,23,NA,0,772.57,1,6.25,0.5,232.5,1,NA,0,3.78,296.98,0.5
1999,1,24,NA,0,773.5,1,9.5,0.75,318.75,1,NA,0,8.88,321.17,0.75
1999,1,25,NA,0,767.1,1,12,0.5,313.75,1,NA,0,11.75,315.21,0.5
1999,1,26,NA,0,766.26,1,9.17,0.75,292.5,1,NA,0,9.1,296.02,0.75
1999,1,27,NA,0,767.07,1,11,0.25,286.25,1,NA,0,8.81,316.97,0.25
1999,1,28,NA,0,766.15,1,7,0.375,278.75,1,NA,0,6.88,310.06,0.375
1999,1,29,NA,0,768.45,1,9.12,1,303.33,0.75,NA,0,9.59,304.16,0.75
1999,1,30,NA,0,767.06,1,10.6,0.625,312.5,1,NA,0,10.01,311.23,0.625
1999,1,31,NA,0,763.49,1,7.57,0.875,307.5,1,NA,0,7.36,318.63,0.875
1999,2,1,NA,0,762.51,1,3.83,0.75,221.25,1,NA,0,1.02,188.75,0.75
1999,2,2,NA,0,763.05,1,14.33,0.375,313.75,1,NA,0,13.46,314.15,0.375
1999,2,3,NA,0,763.61,1,15.2,0.625,318.75,1,NA,0,14.74,316.29,0.625
1999,2,4,NA,0,753.86,1,5.5,0.5,297.5,1,NA,0,5.37,298.2,0.5
1999,2,5,NA,0,768.72,1,3.5,1,256.25,1,NA,0,1.86,262.34,1
1999,2,6,NA,0,778.61,1,NA,0.125,206.25,1,NA,0,NA,NA,0.125
1999,2,7,NA,0,771.79,1,7.8,0.625,292.5,1,NA,0,6.58,307.68,0.625
1999,2,8,NA,0,770.27,1,16.33,0.375,322.5,1,NA,0,15.72,312.08,0.375
1999,2,9,NA,0,763.95,1,8.25,0.5,297.5,1,NA,0,8.15,314.58,0.5
1999,2,10,NA,0,771.18,1,13.6,0.625,310,0.625,NA,0,14.44,305.17,0.25
1999,2,11,NA,0,769.45,1,8.5,0.5,271.25,1,NA,0,6.58,291.83,0.5
1999,2,12,NA,0,774.63,1,12.6,0.625,320,1,NA,0,12.19,310.34,0.625
1999,2,13,NA,0,770.4,1,12,0.5,301.67,0.75,NA,0,10.36,303.36,0.25
1999,2,14,NA,0,768.96,1,10.25,0.5,311.43,0.875,NA,0,9.86,309.99,0.375
1999,2,15,NA,0,767.6,1,14.33,0.375,322.5,1,NA,0,13.97,323.22,0.375
1999,2,16,NA,0,766.85,1,12.6,0.625,313.33,0.75,NA,0,12.29,313.78,0.375
1999,2,17,NA,0,766.49,1,NA,0,295,1,NA,0,NA,NA,0
1999,2,18,NA,0,766.89,1,17.5,0.25,330,1,NA,0,16.45,318.21,0.25
1999,2,19,NA,0,768.59,1,9.17,0.75,295,1,NA,0,8.18,304.5,0.75
1999,2,20,NA,0,769,1,13.67,0.75,310,0.625,NA,0,12.97,307.89,0.5
1999,2,21,NA,0,769.12,1,13.5,0.75,300,0.875,NA,0,13.17,302.12,0.625
1999,2,22,NA,0,766.95,1,13.57,0.875,308.57,0.875,NA,0,13.23,308.37,0.75
1999,2,23,NA,0,766.86,1,14.25,0.5,315,0.25,NA,0,NA,NA,0.125
1999,2,24,NA,0,767.29,1,8,0.75,318,0.625,NA,0,6.81,331.55,0.375
1999,2,25,NA,0,761.8,1,14.86,0.875,321.25,1,NA,0,14.79,320.1,0.875
1999,2,26,NA,0,761.86,1,9.67,0.375,296.25,1,NA,0,9.58,307.23,0.375
1999,2,27,NA,0,767.71,1,10,0.75,301.43,0.875,NA,0,9.25,302.62,0.625
1999,2,28,NA,0,769.23,1,13,1,297.5,1,NA,0,12.78,298.86,1
1999,3,1,NA,0,771.44,1,15.2,0.625,311.25,1,NA,0,15.07,312.38,0.625
1999,3,2,NA,0,769.81,1,15.62,1,312.5,1,NA,0,15.53,312.32,1
1999,3,3,NA,0,772.13,1,12.67,0.375,312,0.625,NA,0,NA,NA,0.125
1999,3,4,NA,0,771.1,1,16,0.25,282.5,1,NA,0,15.76,349.37,0.25
1999,3,5,NA,0,766.61,1,21,0.375,333.75,1,NA,0,20.93,333.01,0.375
1999,3,6,NA,0,762,1,19.5,0.25,330,1,NA,0,19.43,324.87,0.25
1999,3,7,NA,0,752.88,1,12.5,0.5,288.75,1,NA,0,12.39,291.41,0.5
1999,3,8,NA,0,752.91,1,NA,0.125,113.75,1,NA,0,NA,NA,0.125
1999,3,9,NA,0,753.34,1,4.5,0.25,172.5,1,NA,0,3.7,219.45,0.25
1999,3,10,NA,0,754.18,1,8.33,0.375,278.33,0.75,NA,0,6.97,285,0.25
1999,3,11,NA,0,754.01,1,12.2,0.625,314.29,0.875,NA,0,13.98,321.07,0.5
1999,3,12,NA,0,755.65,1,18.43,0.875,316,0.625,NA,0,18.19,312.87,0.5
1999,3,13,NA,0,756.09,1,18,0.75,336,0.625,NA,0,17.7,337.19,0.5
1999,3,14,NA,0,758.41,1,16.25,0.5,326.67,0.75,NA,0,15.94,316.46,0.375
1999,3,15,NA,0,762.95,1,19.5,1,317.5,1,NA,0,19.24,318.74,1
1999,3,16,NA,0,766.3,1,NA,0.125,324.29,0.875,NA,0,NA,NA,0.125
1999,3,17,NA,0,766.51,1,17.86,0.875,315,0.75,NA,0,17.27,314.9,0.75
1999,3,18,NA,0,764.99,1,14.5,1,313.75,1,NA,0,14.45,313.7,1
1999,3,19,NA,0,766.14,1,14.6,0.625,318.75,1,NA,0,14.52,319.73,0.625
1999,3,20,NA,0,767.64,1,18.4,0.625,323.33,0.75,NA,0,17.67,320,0.375
1999,3,21,NA,0,768.94,1,17.25,0.5,315,0.75,NA,0,17.18,314.64,0.5
1999,3,22,NA,0,767.04,1,19.2,0.625,326.67,0.375,NA,0,19.94,327.17,0.375
1999,3,23,NA,0,757.21,1,NA,0.125,323.75,1,NA,0,NA,NA,0.125
1999,3,24,NA,0,752.9,1,17,0.75,307.5,1,NA,0,16.59,306.09,0.75
1999,3,25,NA,0,755.51,1,10,0.375,292.5,1,NA,0,9.87,304.03,0.375
1999,3,26,NA,0,757.69,1,NA,0.125,135.71,0.875,NA,0,NA,NA,0.125
1999,3,27,NA,0,759.82,1,20.2,0.625,NA,0.125,NA,0,NA,NA,0.125
1999,3,28,NA,0,758.18,1,NA,0,272.5,1,NA,0,NA,NA,0
1999,3,29,NA,0,760.9,1,20,0.25,331.25,1,NA,0,19.93,325.75,0.25
1999,3,30,NA,0,760.96,1,18.4,0.625,320,0.375,NA,0,18.48,319.82,0.375
1999,3,31,NA,0,751.32,1,17.38,1,320,0.5,NA,0,17.13,320.29,0.5
1999,4,1,NA,0,753.69,1,13,0.375,260,1,NA,0,12.95,316.41,0.375
1999,4,2,NA,0,753.19,1,3.5,0.5,268.75,1,NA,0,2.82,245.37,0.5
1999,4,3,NA,0,751.86,1,13.67,0.375,278.33,0.75,NA,0,NA,NA,0.125
1999,4,4,NA,0,756.43,1,18.67,0.75,313.33,0.375,NA,0,17.93,314.44,0.25
1999,4,5,NA,0,759.14,1,21.86,0.875,316.67,0.375,NA,0,22,320,0.25
1999,4,6,NA,0,759.23,1,20,1,325,1,NA,0,19.92,325,1
1999,4,7,NA,0,753.03,1,19,0.5,304,0.625,NA,0,19.21,320.78,0.25
1999,4,8,NA,0,751.62,1,NA,0.125,318.57,0.875,NA,0,NA,NA,0.125
1999,4,9,NA,0,758.4,1,17.67,0.75,332,0.625,NA,0,16.88,333,0.625
1999,4,10,NA,0,755.91,1,7.8,0.625,243.75,1,NA,0,6.83,294.07,0.625
1999,4,11,NA,0,754.87,1,6.4,0.625,277.14,0.875,NA,0,5.53,306.35,0.625
1999,4,12,NA,0,753.01,1,16.57,0.875,305,0.5,NA,0,17.28,306.93,0.375
1999,4,13,NA,0,752.49,1,18.33,0.375,312,0.625,NA,0,16.44,314.85,0.25
1999,4,14,NA,0,757.78,1,18.43,0.875,311.43,0.875,NA,0,17.34,312.62,0.75
1999,4,15,NA,0,766.57,1,17,0.75,308,0.625,NA,0,14.95,306.67,0.375
1999,4,16,NA,0,763.05,1,13,0.25,320,0.875,NA,0,12.8,329.22,0.25
1999,4,17,NA,0,757.7,1,19.38,1,315,0.5,NA,0,17.93,314.86,0.5
1999,4,18,NA,0,753.65,1,20.6,0.625,318.33,0.75,NA,0,20.67,320,0.375
1999,4,19,NA,0,749.76,1,19,0.25,291.25,1,NA,0,18.93,295.53,0.25
1999,4,20,NA,0,759.68,1,7,0.625,173.75,1,NA,0,6.56,170.93,0.625
1999,4,21,NA,0,760.26,1,11.5,0.5,278.33,0.75,NA,0,3.17,310.95,0.5
1999,4,22,NA,0,751.75,1,19,0.25,331.25,1,NA,0,18.93,324.74,0.25
1999,4,23,NA,0,750.48,1,19.33,0.375,317.14,0.875,NA,0,19.43,315.13,0.25
1999,4,24,NA,0,747.76,1,19.33,0.375,323.33,0.75,NA,0,19.27,323.27,0.375
1999,4,25,NA,0,754.16,1,18,0.25,325,1,NA,0,16.93,322.32,0.25
1999,4,26,NA,0,748.88,1,10.5,0.25,215,0.75,NA,0,NA,NA,0.125
1999,4,27,NA,0,748.94,1,3.67,0.375,211.25,1,NA,0,3.29,245.05,0.375
1999,4,28,NA,0,746.18,1,16.33,0.75,312.5,0.5,NA,0,13.06,322.15,0.375
1999,4,29,NA,0,738.25,1,17.62,1,311.43,0.875,NA,0,17.11,312.16,0.875
1999,4,30,NA,0,742.06,1,12.8,0.625,306,0.625,NA,0,11.97,307.5,0.5
1999,5,1,NA,0,746.86,1,10.67,0.75,311.25,1,NA,0,10.58,312.35,0.75
1999,5,2,NA,0,757.54,1,22.33,0.75,320,0.5,NA,0,22.08,320,0.5
1999,5,3,NA,0,758.62,1,16.4,0.625,308.75,1,NA,0,16.2,310.74,0.625
1999,5,4,NA,0,755.91,1,19.12,1,318,0.625,NA,0,18.44,318.38,0.625
1999,5,5,NA,0,751.55,1,21.25,1,NA,0,NA,0,NA,NA,0
1999,5,6,NA,0,747.3,1,20.62,1,NA,0.125,NA,0,NA,NA,0.125
1999,5,7,NA,0,740.66,1,22,0.375,330,1,NA,0,21.78,329.85,0.375
1999,5,8,NA,0,741.19,1,23.67,0.375,321.25,1,NA,0,23.67,330,0.375
1999,5,9,NA,0,755.21,1,19.33,0.375,317.5,1,NA,0,19.27,323.27,0.375
1999,5,10,NA,0,758.72,1,12.88,1,305,0.5,NA,0,11.71,305.32,0.5
1999,5,11,NA,0,759.8,1,14.75,1,313.33,0.375,NA,0,16.94,313.13,0.375
1999,5,12,NA,0,759.75,1,19.29,0.875,317.5,1,NA,0,19.12,317.92,0.875
1999,5,13,NA,0,755.95,1,23.17,0.75,332,0.625,NA,0,23.99,331.97,0.5
1999,5,14,NA,0,751.81,1,19.25,1,328.75,1,NA,0,19,328.49,1
1999,5,15,NA,0,748.93,1,17.83,0.75,317.5,1,NA,0,17.79,318.23,0.75
1999,5,16,NA,0,745.43,1,20.5,0.75,302.5,1,NA,0,20.14,301.51,0.75
1999,5,17,NA,0,741.64,0.625,22.25,0.5,300,0.25,NA,0,NA,NA,0.125
1999,5,18,NA,0,743.43,1,15.57,0.875,316.25,1,NA,0,15.52,316.88,0.875
1999,5,19,NA,0,739.06,1,22.29,0.875,320,0.625,NA,0,21.42,314.77,0.5
1999,5,20,NA,0,748.64,1,20.67,0.375,331.25,1,NA,0,20.21,332.21,0.375
1999,5,21,NA,0,766.39,1,17.5,0.25,295,1,NA,0,17.43,335.14,0.25
1999,5,22,NA,0,766.73,1,19.8,0.625,318.33,0.75,NA,0,19.33,320,0.375
1999,5,23,NA,0,760.71,1,16,0.25,327.5,1,NA,0,15.94,324.37,0.25
1999,5,24,NA,0,750.49,1,21.86,0.875,326,0.625,NA,0,21.72,326.24,0.625
1999,5,25,NA,0,750.66,1,23.67,0.375,308.57,0.875,NA,0,23.67,310,0.375
1999,5,26,NA,0,757.62,1,18,0.25,306.67,0.375,NA,0,NA,NA,0
1999,5,27,NA,0,761.04,1,15,1,312.5,0.5,NA,0,14.36,314.16,0.5
1999,5,28,NA,0,761.51,1,NA,0,207.5,1,NA,0,NA,NA,0
1999,5,29,NA,0,761.14,1,12,0.5,322.5,0.5,NA,0,11.92,323.34,0.375
1999,5,30,NA,0,754.18,1,21.5,0.25,322.5,1,NA,0,21.5,330,0.25
1999,5,31,NA,0,762.1,1,19.33,0.75,317.5,1,NA,0,19.26,315,0.75
1999,6,1,NA,0,767.64,1,NA,0,308.75,1,NA,0,NA,NA,0
1999,6,2,NA,0,767.18,1,NA,0,321.25,1,NA,0,NA,NA,0
1999,6,3,NA,0,754.99,1,18.67,0.75,320,0.75,NA,0,18.89,320.63,0.625
1999,6,4,NA,0,757.59,1,15,1,316.25,1,NA,0,14.89,316.57,1
1999,6,5,NA,0,759.51,1,13,0.375,265,1,NA,0,12.83,316.12,0.375
1999,6,6,NA,0,771.3,1,NA,0.125,195,1,NA,0,NA,NA,0.125
1999,6,7,NA,0,772.78,1,11,0.5,262,0.625,NA,0,10.5,320,0.25
1999,6,8,NA,0,767.88,1,16.33,0.75,312.5,1,NA,0,16.22,312.66,0.75
1999,6,9,NA,0,765.98,1,17.33,0.375,310,0.625,NA,0,17.27,306.35,0.375
1999,6,10,NA,0,767.28,1,20,0.875,322,0.625,NA,0,20.19,322.46,0.5
1999,6,11,NA,0,768.76,1,19,0.875,323.33,0.375,NA,0,19.6,323.73,0.375
1999,6,12,NA,0,768.98,1,20.83,0.75,325,0.5,NA,0,20.12,324.88,0.5
1999,6,13,NA,0,772.45,1,19.25,0.5,322.5,1,NA,0,19.18,314.93,0.5
1999,6,14,NA,0,773.89,1,20.75,1,312.5,0.5,NA,0,19.94,312.75,0.5
1999,6,15,NA,0,778.18,1,9,0.5,308.75,1,NA,0,8.83,306.96,0.5
1999,6,16,NA,0,777.39,1,10.8,0.625,248.75,1,NA,0,5.13,250.53,0.625
1999,6,17,NA,0,778.35,1,NA,0,168.75,1,NA,0,NA,NA,0
1999,6,18,NA,0,780.78,1,NA,0,155,1,NA,0,NA,NA,0
1999,6,19,NA,0,784.74,1,7,0.375,260,1,NA,0,6.83,325.26,0.375
1999,6,20,NA,0,783.86,1,12.75,1,317.5,1,NA,0,12.71,317.36,1
1999,6,21,NA,0,780.97,1,20.25,0.5,320,0.625,NA,0,21.42,324.88,0.25
1999,6,22,NA,0,776.95,1,19.67,0.75,323.75,1,NA,0,19.6,326.87,0.75
1999,6,23,NA,0,771.39,1,19.4,0.625,328,0.625,NA,0,20.42,325.12,0.5
1999,6,24,NA,0,768.38,1,16.4,0.625,321.25,1,NA,0,16.27,326.94,0.625
1999,6,25,NA,0,765,1,19.71,0.875,317.5,0.5,NA,0,19.19,317.41,0.5
1999,6,26,NA,0,760.24,1,19.62,1,NA,0.125,NA,0,NA,NA,0.125
1999,6,27,NA,0,754.35,1,20,1,315,0.25,NA,0,19.92,314.5,0.25
1999,6,28,NA,0,760.8,1,16.5,1,316.67,0.75,NA,0,16.45,316.77,0.75
1999,6,29,NA,0,767.03,1,15,0.5,313.33,0.375,NA,0,NA,NA,0.125
1999,6,30,NA,0,764.12,1,9.2,0.625,273.33,0.375,NA,0,4.23,296.09,0.375
1999,7,1,NA,0,759.86,1,7.5,0.25,187.5,1,NA,0,7.5,190,0.25
1999,7,2,NA,0,760.07,1,11,0.25,255,1,NA,0,8.81,286.97,0.25
1999,7,3,NA,0,757.69,1,16.6,0.625,320,0.625,NA,0,15.33,310,0.375
1999,7,4,NA,0,754.64,1,18,0.75,325,0.5,NA,0,16.5,320,0.25
1999,7,5,NA,0,751.2,1,14.14,0.875,316.67,0.75,NA,0,14.17,318.17,0.625
1999,7,6,NA,0,749.14,1,10,0.5,310,1,NA,0,9.96,314.25,0.5
1999,7,7,NA,0,745.51,1,18.8,0.625,322.5,1,NA,0,18.65,322.35,0.625
1999,7,8,NA,0,745.46,1,17,0.625,327.5,0.5,NA,0,18.27,323.82,0.375
1999,7,9,NA,0,747.14,1,14.83,0.75,312.5,1,NA,0,14.68,310.23,0.75
1999,7,10,NA,0,749.43,1,18.33,0.75,323.75,1,NA,0,18.27,323.27,0.75
1999,7,11,NA,0,751.88,1,18,0.375,317.5,1,NA,0,18,320,0.375
1999,7,12,NA,0,750,1,21,0.875,328,0.625,NA,0,21.03,327.63,0.625
1999,7,13,NA,0,749.05,1,20.17,0.75,318.75,1,NA,0,19.96,320.08,0.75
1999,7,14,NA,0,751.16,1,20.83,0.75,313.75,1,NA,0,20.44,316.81,0.75
1999,7,15,NA,0,744.25,1,4.33,0.75,185,1,NA,0,2.38,269.41,0.75
1999,7,16,NA,0,755.49,1,18,0.5,318,0.625,NA,0,20.5,320,0.25
1999,7,17,NA,0,762.45,1,22,1,326,0.625,NA,0,21.92,326.09,0.625
1999,7,18,NA,0,765.14,1,21.8,0.625,NA,0.125,NA,0,NA,NA,0
1999,7,19,NA,0,765.3,1,23.62,1,326,0.625,NA,0,23.51,326.02,0.625
1999,7,20,NA,0,760.65,1,18.5,0.25,242.5,1,NA,0,18.5,320,0.25
1999,7,21,NA,0,754.46,1,NA,0,257.14,0.875,NA,0,NA,NA,0
1999,7,22,NA,0,754.2,1,18.8,0.625,326.25,1,NA,0,18.73,326.07,0.625
1999,7,23,NA,0,756.94,1,NA,0.125,315,1,NA,0,NA,NA,0.125
1999,7,24,NA,0,752.23,1,22.71,0.875,312,0.625,NA,0,21.28,312.57,0.5
1999,7,25,NA,0,750.47,1,20.33,0.375,326.25,1,NA,0,20.06,303.47,0.375
1999,7,26,NA,0,756.81,1,NA,0.125,287.5,1,NA,0,NA,NA,0.125
1999,7,27,NA,0,765.47,1,18.67,0.375,332.5,1,NA,0,18.6,336.61,0.375
1999,7,28,NA,0,768.81,1,NA,0.125,335,1,NA,0,NA,NA,0.125
1999,7,29,NA,0,771.82,1,12,0.25,317.5,1,NA,0,12,290,0.25
1999,7,30,NA,0,765.18,1,11.5,0.25,287.5,1,NA,0,11.46,285.65,0.25
1999,7,31,NA,0,763.41,1,16,0.375,301.25,1,NA,0,15.95,293.33,0.375
1999,8,1,NA,0,757.71,1,19.86,0.875,313.75,1,NA,0,19.78,314.31,0.875
1999,8,2,NA,0,752.65,1,20.14,0.875,316,0.625,NA,0,20.52,316.02,0.625
1999,8,3,NA,0,762.05,1,21.4,0.625,324,0.625,NA,0,20.93,316.67,0.375
1999,8,4,NA,0,765.03,1,NA,0.125,330,0.875,NA,0,NA,NA,0.125
1999,8,5,NA,0,758.31,1,17.83,0.75,320,0.25,NA,0,NA,NA,0
1999,8,6,NA,0,759.35,1,17,0.75,315,0.5,NA,0,17.43,314.86,0.25
1999,8,7,NA,0,756.59,1,17.67,0.75,323.33,0.375,NA,0,18.94,322.98,0.375
1999,8,8,NA,0,749.54,1,19.33,0.75,333.75,1,NA,0,18.99,337.35,0.75
1999,8,9,NA,0,756.21,1,17.67,0.375,324,0.625,NA,0,17.5,330,0.25
1999,8,10,NA,0,769.75,1,19.5,0.25,333.75,1,NA,0,19.5,330,0.25
1999,8,11,NA,0,775.16,1,17.5,0.25,335,1,NA,0,17.23,329.71,0.25
1999,8,12,NA,0,769.97,1,NA,0.125,325,1,NA,0,NA,NA,0.125
1999,8,13,NA,0,763.32,1,NA,0,261.25,1,NA,0,NA,NA,0
1999,8,14,NA,0,755.28,1,9,0.375,306.25,1,NA,0,9,300,0.375
1999,8,15,NA,0,748.45,1,20,0.25,322.5,1,NA,0,19.92,325,0.25
1999,8,16,NA,0,742.36,1,20.17,0.75,312,0.625,NA,0,22.59,316.62,0.375
1999,8,17,NA,0,750.72,1,10.33,0.75,308.33,0.75,NA,0,9.97,312.75,0.5
1999,8,18,NA,0,759.83,1,16.5,0.75,317.5,0.5,NA,0,18.27,316.37,0.375
1999,8,19,NA,0,757.55,1,21.75,1,317.5,0.5,NA,0,21.19,317.42,0.5
1999,8,20,NA,0,752.03,0.875,19.88,1,316,0.625,NA,0,19.53,316.02,0.625
1999,8,21,NA,0,752.68,1,17.88,1,314,0.625,NA,0,18.13,314.06,0.625
1999,8,22,NA,0,751.34,1,18.8,0.625,315,1,NA,0,18.51,312.19,0.625
1999,8,23,NA,0,748.16,1,23.67,0.375,327.5,1,NA,0,23.34,332.99,0.375
1999,8,24,NA,0,755.65,1,22.33,0.75,315,1,NA,0,22.18,318.58,0.75
1999,8,25,NA,0,767.55,1,NA,0,326.25,1,NA,0,NA,NA,0
1999,8,26,NA,0,772.35,1,19.5,0.5,322.5,1,NA,0,19.07,319.15,0.5
1999,8,27,NA,0,758.6,1,17.33,0.75,314,0.625,NA,0,18.93,313.68,0.375
1999,8,28,NA,0,753.64,1,10.8,0.625,302,0.625,NA,0,11.3,306.77,0.375
1999,8,29,NA,0,756.54,1,17,0.75,317.5,0.5,NA,0,15.34,319.68,0.5
1999,8,30,NA,0,757.9,1,21.6,0.625,330,0.25,NA,0,21.5,330,0.25
1999,8,31,NA,0,758.55,1,19.4,0.625,338,0.625,NA,0,19.43,345.39,0.25
1999,9,1,NA,0,751.36,1,18.67,0.75,326,0.625,NA,0,18.74,329.75,0.375
1999,9,2,NA,0,751.66,1,20.75,1,324.29,0.875,NA,0,20.78,324.45,0.875
1999,9,3,NA,0,748.71,1,23.67,0.375,325,0.75,NA,0,23.59,326.76,0.375
1999,9,4,NA,0,753.71,1,13.2,0.625,310,0.625,NA,0,11.29,316.47,0.375
1999,9,5,NA,0,758.2,1,14.75,0.5,307.5,1,NA,0,14.69,314.75,0.5
1999,9,6,NA,0,759.47,1,18.43,0.875,322,0.625,NA,0,17.66,323.16,0.625
1999,9,7,NA,0,763.68,1,18.29,0.875,311.25,1,NA,0,18.09,312.28,0.875
1999,9,8,NA,0,764.24,1,15.86,0.875,311.67,0.75,NA,0,15.39,313.06,0.75
1999,9,9,NA,0,765.25,1,18.5,0.25,332,0.625,NA,0,18.43,324.86,0.25
1999,9,10,NA,0,757.39,1,20,0.875,320,0.5,NA,0,19.67,320,0.375
1999,9,11,NA,0,758.28,1,12.4,0.625,320,0.625,NA,0,11.95,314.58,0.25
1999,9,12,NA,0,763.15,1,5.25,0.5,272.5,1,NA,0,4.18,282.08,0.5
1999,9,13,NA,0,769.09,1,16.2,0.625,306.25,1,NA,0,15.86,324.01,0.625
1999,9,14,NA,0,777.66,1,19.8,0.625,321.25,1,NA,0,19.75,322.22,0.625
1999,9,15,NA,0,774.93,1,16.67,0.375,318.75,1,NA,0,16.26,315.19,0.375
1999,9,16,NA,0,762.48,1,17.25,1,310,1,NA,0,17,311.06,1
1999,9,17,NA,0,764.35,1,21.33,0.75,315,0.5,NA,0,22.26,316.57,0.375
1999,9,18,NA,0,767.35,1,19.57,0.875,310,0.375,NA,0,19.5,310,0.25
1999,9,19,NA,0,763.04,1,15.67,0.75,302,0.625,NA,0,15.33,300,0.375
1999,9,20,NA,0,756.47,1,6.83,0.75,305,1,NA,0,6.78,306.08,0.75
1999,9,21,NA,0,753.06,1,12.5,0.5,306.25,1,NA,0,12.46,307.2,0.5
1999,9,22,NA,0,752.68,1,17,0.75,315,0.25,NA,0,13.95,315,0.25
1999,9,23,NA,0,749.71,1,20.5,1,322.5,0.5,NA,0,20.44,322.43,0.5
1999,9,24,NA,0,743.78,1,20.62,1,316,0.625,NA,0,20.13,316.34,0.625
1999,9,25,NA,0,744.53,1,17.62,1,315,1,NA,0,17.56,315.04,1
1999,9,26,NA,0,748.71,1,14.86,0.875,314,0.625,NA,0,15.44,314.84,0.5
1999,9,27,NA,0,749.24,1,11.33,0.375,323.75,1,NA,0,10.85,326.33,0.375
1999,9,28,NA,0,749.79,1,19.2,0.625,320,0.625,NA,0,19.27,316.9,0.375
1999,9,29,NA,0,754.88,1,15.33,0.75,326,0.625,NA,0,16.49,329.8,0.375
1999,9,30,NA,0,757.66,1,21.8,0.625,326.67,0.75,NA,0,21.62,328.44,0.625
1999,10,1,NA,0,751.25,1,22,0.625,317.5,0.5,NA,0,NA,NA,0.125
1999,10,2,NA,0,747.41,1,20.2,0.625,324,0.625,NA,0,19.6,320.51,0.5
1999,10,3,NA,0,739.38,1,NA,0,333.75,1,NA,0,NA,NA,0
1999,10,4,NA,0,735.53,1,23.75,0.5,322,0.625,NA,0,22.41,324.89,0.25
1999,10,5,NA,0,744.11,1,15,0.25,305.71,0.875,NA,0,14.77,320.67,0.25
1999,10,6,NA,0,742.71,1,15,0.75,332.5,1,NA,0,14.7,333.55,0.75
1999,10,7,NA,0,734.7,1,18.5,0.75,325,0.5,NA,0,18.5,320,0.25
1999,10,8,NA,0,743.85,1,13.86,0.875,316.67,0.75,NA,0,13.48,317.34,0.75
1999,10,9,NA,0,745.88,1,15,0.25,312.5,1,NA,0,14.95,324,0.25
1999,10,10,NA,0,743.64,1,17.33,0.75,328,0.625,NA,0,16.94,326.47,0.375
1999,10,11,NA,0,741.91,1,17.2,0.625,323.75,1,NA,0,16.99,330.23,0.625
1999,10,12,NA,0,749.55,1,12.6,0.625,323.75,1,NA,0,12.4,321.49,0.625
1999,10,13,NA,0,752.85,1,NA,0,313.75,1,NA,0,NA,NA,0
1999,10,14,NA,0,765.18,1,NA,0,280,1,NA,0,NA,NA,0
1999,10,15,NA,0,775.38,1,NA,0,320,1,NA,0,NA,NA,0
1999,10,16,NA,0,757.24,1,NA,0,276.25,1,NA,0,NA,NA,0
1999,10,17,NA,0,755.64,1,NA,0.125,227.5,1,NA,0,NA,NA,0.125
1999,10,18,NA,0,758.5,1,10.14,0.875,308,0.625,NA,0,8.52,309.3,0.625
1999,10,19,NA,0,751.93,1,16.4,0.625,316,0.625,NA,0,14.62,316.59,0.375
1999,10,20,NA,0,757.03,1,16.25,0.5,305,0.5,NA,0,NA,NA,0.125
1999,10,21,NA,0,761.95,1,18,0.625,325.71,0.875,NA,0,18.38,320.54,0.5
1999,10,22,NA,0,752.26,1,17,0.375,317.5,1,NA,0,16.94,313.53,0.375
1999,10,23,NA,0,749.66,1,NA,0.125,300,0.75,NA,0,NA,NA,0.125
1999,10,24,NA,0,750.01,1,20,0.625,318,0.625,NA,0,19.07,317.39,0.5
1999,10,25,NA,0,747.33,1,NA,0.125,326.25,1,NA,0,NA,NA,0.125
1999,10,26,NA,0,749.7,1,16,0.25,330,1,NA,0,15.76,331.26,0.25
1999,10,27,NA,0,750.02,1,15.75,0.5,305,1,NA,0,15.69,305.4,0.5
1999,10,28,NA,0,746.39,1,10.2,0.625,307.5,1,NA,0,9.96,310.85,0.625
1999,10,29,NA,0,745.51,1,14,0.5,322.5,1,NA,0,13.83,319.64,0.5
1999,10,30,NA,0,737.08,1,NA,0.125,322.5,1,NA,0,NA,NA,0.125
1999,10,31,NA,0,739.2,1,NA,0.125,318,0.625,NA,0,NA,NA,0.125
1999,11,1,NA,0,743.74,1,6.5,0.25,228.75,1,NA,0,5.63,312.54,0.25
1999,11,2,NA,0,743.66,1,6,0.375,303.75,1,NA,0,5.98,293.89,0.375
1999,11,3,NA,0,739.64,1,14.71,0.875,330,1,NA,0,14.41,333.16,0.875
1999,11,4,NA,0,743.48,1,16.67,0.375,314,0.625,NA,0,NA,NA,0.125
1999,11,5,NA,0,751.08,1,7.6,0.625,323.75,1,NA,0,7.55,331.58,0.625
1999,11,6,NA,0,758.23,1,9,0.25,291.25,1,NA,0,8.97,315.56,0.25
1999,11,7,NA,0,764.31,1,6.67,0.375,255,1,NA,0,6.64,304.5,0.375
1999,11,8,NA,0,771.81,1,NA,0.125,282.5,1,NA,0,NA,NA,0.125
1999,11,9,NA,0,765.15,1,14.67,0.375,315,1,NA,0,14.61,316.14,0.375
1999,11,10,NA,0,765.94,1,12,0.25,261.25,1,NA,0,11.82,329.16,0.25
1999,11,11,NA,0,765.38,1,NA,0.125,288.75,1,NA,0,NA,NA,0.125
1999,11,12,NA,0,761.85,1,11.5,0.25,273.75,1,NA,0,11.15,340.34,0.25
1999,11,13,NA,0,762.33,1,7.67,0.375,258.75,1,NA,0,6.23,322.18,0.375
1999,11,14,NA,0,761.29,1,13,0.25,302.5,1,NA,0,12.8,300,0.25
1999,11,15,NA,0,759.74,1,14.67,0.375,321.25,1,NA,0,14.48,334.13,0.375
1999,11,16,NA,0,756.65,1,14.8,0.625,320,1,NA,0,14.71,320.41,0.625
1999,11,17,NA,0,753.95,1,8.67,0.375,150,1,NA,0,8.64,112.69,0.375
1999,11,18,NA,0,755.61,1,4.5,0.25,205,1,NA,0,4.43,181.12,0.25
1999,11,19,NA,0,754.36,1,12.2,0.625,311.67,0.75,NA,0,12,313.57,0.625
1999,11,20,NA,0,751.74,1,11,0.25,308.75,1,NA,0,11,310,0.25
1999,11,21,NA,0,749.51,1,7,0.75,306.25,1,NA,0,6.36,306.39,0.75
1999,11,22,NA,0,753.14,1,4.25,0.5,288.75,1,NA,0,2.9,260.48,0.5
1999,11,23,NA,0,760.26,1,13.5,0.25,291.25,1,NA,0,13.45,314.44,0.25
1999,11,24,NA,0,761.55,1,9.33,0.375,308.75,1,NA,0,9.22,315.68,0.375
1999,11,25,NA,0,760.4,1,10.2,0.625,308.75,1,NA,0,9.89,323.26,0.625
1999,11,26,NA,0,757.55,1,14.67,0.375,318.75,1,NA,0,14.62,326.59,0.375
1999,11,27,NA,0,752.54,1,3.25,0.5,255,1,NA,0,2.57,270.73,0.5
1999,11,28,NA,0,752.68,1,7.25,0.5,221.25,1,NA,0,4.62,232.37,0.5
1999,11,29,NA,0,753.49,1,6,0.625,297.5,1,NA,0,5.73,293.99,0.625
1999,11,30,NA,0,752.25,1,3,0.25,301.25,1,NA,0,2.96,296.64,0.25
1999,12,1,NA,0,751.78,1,15,0.5,314,0.625,NA,0,NA,NA,0.125
1999,12,2,NA,0,751.75,1,13.75,0.5,312.5,1,NA,0,13.59,317.99,0.5
1999,12,3,NA,0,752.82,1,9,0.5,307.5,1,NA,0,8.17,297.97,0.5
1999,12,4,NA,0,744.11,1,11.25,0.5,220,0.625,NA,0,NA,NA,0.125
1999,12,5,NA,0,743.66,1,18.5,0.75,156,0.625,NA,0,16.94,154.09,0.5
1999,12,6,NA,0,755,1,15.4,0.625,221.25,1,NA,0,11.97,163.64,0.625
1999,12,7,NA,0,758.7,1,5.67,0.375,275.71,0.875,NA,0,5.03,279.23,0.375
1999,12,8,NA,0,755.44,1,7,0.625,300,1,NA,0,6.63,302.01,0.625
1999,12,9,NA,0,755.63,0.75,4.25,0.5,253.33,0.75,NA,0,3.83,220.49,0.5
1999,12,10,NA,0,756.87,0.875,7.25,0.5,301.43,0.875,NA,0,6.84,303.69,0.5
1999,12,11,NA,0,756,1,11.5,0.25,315,1,NA,0,11.5,320,0.25
1999,12,12,NA,0,754.87,1,NA,0.125,285,1,NA,0,NA,NA,0.125
1999,12,13,NA,0,758.43,1,5,0.25,127.5,1,NA,0,4.53,85,0.25
1999,12,14,NA,0,764.01,1,5.4,0.625,208.75,1,NA,0,2.35,47.24,0.625
1999,12,15,NA,0,768.24,1,12,0.25,323.75,1,NA,0,11.62,328.83,0.25
1999,12,16,NA,0,767.05,1,3.25,0.5,216.25,1,NA,0,1.7,274.1,0.5
1999,12,17,NA,0,768.76,1,NA,0.125,260,1,NA,0,NA,NA,0.125
1999,12,18,NA,0,767.76,1,1.33,0.375,282.5,1,NA,0,1.09,325,0.375
1999,12,19,NA,0,766.44,1,6.2,0.625,191.25,1,NA,0,5.82,180.04,0.625
1999,12,20,NA,0,764,1,5.29,0.875,255,1,NA,0,3.72,294.57,0.875
1999,12,21,NA,0,761.13,1,5.5,0.25,192.5,1,NA,0,5.5,180,0.25
1999,12,22,NA,0,760.95,1,4.8,0.625,212.5,1,NA,0,1.87,235.06,0.625
1999,12,23,NA,0,762.36,1,10.33,0.375,310,1,NA,0,10.3,317.42,0.375
1999,12,24,NA,0,761.18,1,NA,0.125,257.5,1,NA,0,NA,NA,0.125
1999,12,25,NA,0,759.43,1,6.25,0.5,283.75,1,NA,0,5.73,288.59,0.5
1999,12,26,NA,0,761.07,1,8.5,0.25,298.75,1,NA,0,7.43,295.34,0.25
1999,12,27,NA,0,763.8,1,10.25,0.5,311.25,1,NA,0,10.08,319.55,0.5
1999,12,28,NA,0,758.69,1,NA,0,263.75,1,NA,0,NA,NA,0
1999,12,29,NA,0,757.93,1,NA,0.125,230,1,NA,0,NA,NA,0.125
1999,12,30,NA,0,759.8,1,7,0.375,290,1,NA,0,6.7,301.43,0.375
1999,12,31,NA,0,758.35,1,5,0.375,202.5,1,NA,0,4.89,195.87,0.375
2000,1,1,-18.58,0.75,759.85,1,7,0.25,225,1,76.63,1,6.14,299.37,0.25
2000,1,2,-21.47,0.75,757.11,1,10.6,0.625,296.25,1,66.63,1,9.99,303.89,0.625
2000,1,3,-21.71,0.875,751.25,1,7,0.5,210,1,68.13,1,3.73,286.69,0.5
2000,1,4,-19,1,753.07,1,4.29,0.875,165,1,69.63,1,0.45,57.9,0.875
2000,1,5,-18.33,1,756.63,1,3.8,0.625,230,1,67,1,2.3,250.16,0.625
2000,1,6,-20.33,0.75,759.32,1,4,0.375,307.5,1,63.38,1,3.61,316.64,0.375
2000,1,7,-19.41,0.875,762.26,1,8.2,0.625,180,0.625,77,1,7.64,176.53,0.375
2000,1,8,-18.31,0.875,766.96,1,NA,0,201.25,1,74.88,1,NA,NA,0
2000,1,9,-21.78,0.75,770.49,1,NA,0.125,278.75,1,63.63,1,NA,NA,0.125
2000,1,10,-22.2,0.5,772.3,1,11,0.25,315,1,63.88,1,10.96,316.82,0.25
2000,1,11,-21.15,0.5,768.71,1,7.6,0.625,295,1,63.75,1,7.5,302.95,0.625
2000,1,12,-22.57,0.375,764.76,1,5.67,0.375,262,0.625,60.5,1,2.94,234.87,0.25
2000,1,13,-21.98,0.5,761.16,1,8.67,0.375,262.5,1,66.38,1,7.97,304.14,0.375
2000,1,14,-19.74,0.875,758.11,1,11,0.25,210,1,73.5,1,11,190,0.25
2000,1,15,-21.74,1,756.58,1,7.67,0.375,245,1,67.88,1,7.21,340.91,0.375
2000,1,16,-21.63,0.875,759.2,1,4.4,0.625,253.75,1,76.63,1,1.81,239.24,0.625
2000,1,17,-22.2,0.875,759.64,1,5.75,0.5,240,1,75.88,1,5.03,232.47,0.5
2000,1,18,-21.96,0.875,757.21,1,5,0.5,237.5,1,74,1,4.49,254.2,0.5
2000,1,19,-22.6,0.875,757.36,1,8.5,0.25,245,1,74.25,1,4.89,240.2,0.25
2000,1,20,-24.28,0.75,760.65,1,3.33,0.375,300,0.875,66.13,1,3.06,272.96,0.375
2000,1,21,-24.55,0.5,766.28,1,NA,0.125,313.33,0.375,66.13,1,NA,NA,0.125
2000,1,22,-25.68,0.5,765.11,1,11,0.375,313.75,1,64.5,1,10.74,329.13,0.375
2000,1,23,-25.57,0.375,762.55,1,7.33,0.375,307.5,1,67.25,1,7.14,308.06,0.375
2000,1,24,-22.27,0.75,765.51,1,6,0.25,228.75,1,75.63,1,3.12,276.1,0.25
2000,1,25,-25.04,0.875,761.36,1,9,0.375,308.75,1,67.63,1,8.76,311.49,0.375
2000,1,26,-25.88,0.5,758.89,1,16,0.25,303.75,1,67.13,1,16,330,0.25
2000,1,27,-28.65,0.5,759.3,1,NA,0.125,301.25,1,66.5,1,NA,NA,0.125
2000,1,28,-26.24,0.625,761.96,1,9.5,0.5,298.75,1,69.13,1,9.05,310.03,0.5
2000,1,29,-25.88,0.75,764.4,1,11.67,0.375,303.75,1,67.5,1,11.41,310.94,0.375
2000,1,30,-26.4,0.625,766.38,1,12,0.5,315,1,66.88,1,11.86,314.96,0.5
2000,1,31,-26.1,0.875,769.89,1,7.75,0.5,290,1,70.63,1,7.62,302.22,0.5
2000,2,1,-22.49,0.875,776.25,1,2,0.25,260,1,72.5,1,1.97,340,0.25
2000,2,2,-26.8,0.75,773.89,1,14.5,0.25,302.5,1,62.13,1,14.04,308.7,0.25
2000,2,3,-27.94,0.625,768.78,1,5,0.25,297.5,1,64.75,1,4.98,305,0.25
2000,2,4,-20.1,0.625,771.75,1,NA,0.125,113.75,1,66.75,1,NA,NA,0.125
2000,2,5,-23.65,0.5,773.13,1,5.43,0.875,280,0.75,61.38,1,4.03,285.93,0.75
2000,2,6,-24.32,0.75,766.11,1,5.5,0.5,212.86,0.875,65.88,1,3.37,231.06,0.375
2000,2,7,-22.25,1,762.69,1,12,0.625,183.75,1,75,1,11.95,185.5,0.625
2000,2,8,-20.15,0.75,761.73,1,2.5,0.75,280,1,78.5,1,0.98,252.52,0.75
2000,2,9,-19.85,0.75,763.88,1,3.6,0.625,243.75,1,74.5,1,2.11,219,0.625
2000,2,10,-25.1,0.5,768.88,1,NA,0,285,1,67.88,1,NA,NA,0
2000,2,11,-24.34,1,768.49,1,NA,0.125,238.75,1,70.13,1,NA,NA,0.125
2000,2,12,-21.53,1,768.27,1,NA,0.125,208.75,1,76.25,1,NA,NA,0.125
2000,2,13,-23.8,0.625,765.58,1,12.33,0.375,302.5,1,65.38,1,12.09,308.7,0.375
2000,2,14,-31.2,0.75,761.69,1,15,0.5,308.75,1,54.88,1,14.9,311.34,0.5
2000,2,15,-35.26,0.625,762.28,1,18,0.25,310,0.625,55.75,1,NA,NA,0.125
2000,2,16,-34.86,0.625,769.14,1,16,0.25,325,1,51,1,16,320,0.25
2000,2,17,-31.24,0.625,768.55,1,14.2,0.625,313.75,1,49.38,1,14.15,316.2,0.625
2000,2,18,-29.13,0.375,756.96,1,13,0.625,317.5,1,58,1,12.89,312.94,0.625
2000,2,19,-36.18,0.75,751.68,1,14.8,0.625,316.67,0.375,50.75,1,NA,NA,0
2000,2,20,-34.48,0.5,753.81,1,14.5,0.5,305,1,54.13,1,13.73,311.35,0.5
2000,2,21,-36.53,0.75,753.5,1,NA,0,328.75,1,54.63,1,NA,NA,0
2000,2,22,-36.62,0.75,757.01,1,7,0.25,321.25,1,58.88,1,6.97,335.72,0.25
2000,2,23,-38.54,0.625,766.69,1,15,0.25,315,1,56.5,1,14.77,320.67,0.25
2000,2,24,-39.07,1,763.39,1,NA,0,314,0.625,56.38,1,NA,NA,0
2000,2,25,-37.93,0.5,756.99,1,16,0.375,331.25,1,58.38,1,15.95,326.67,0.375
2000,2,26,-32.78,0.625,755.96,1,14.5,0.25,308.75,1,64.88,1,14.01,326.59,0.25
2000,2,27,-34.66,0.625,756.6,1,11.5,0.75,317.5,1,63,1,11.32,319.3,0.75
2000,2,28,-34.32,0.75,762.4,1,16,0.25,325,1,58.43,0.875,16,340,0.25
2000,2,29,-36.63,1,759.54,1,NA,0.125,318.75,1,53.63,1,NA,NA,0.125
2000,3,1,-35.8,0.875,755.23,1,16.8,0.625,306.25,1,54.63,1,16.71,310.6,0.625
2000,3,2,-34.39,1,759.95,1,11.2,0.625,307.5,0.5,60.75,1,11.29,304.41,0.375
2000,3,3,-39.23,0.75,761.43,1,NA,0.125,320,0.875,55.5,1,NA,NA,0.125
2000,3,4,-40.77,0.75,762.18,1,NA,0.125,325.71,0.875,55,1,NA,NA,0.125
2000,3,5,-40.84,0.875,764,1,15.67,0.375,318.57,0.875,55.13,1,15.51,320.64,0.375
2000,3,6,-41.79,1,763.98,1,NA,0,312.5,1,54.38,1,NA,NA,0
2000,3,7,-42.61,1,759.43,1,19.25,0.5,314,0.625,52.88,1,18,320,0.25
2000,3,8,-41.84,0.875,756.79,1,17,0.5,296.25,1,53.75,1,16.81,298.22,0.5
2000,3,9,-36.08,0.75,760.68,1,11.4,0.625,300,1,58.63,1,11.36,303.68,0.625
2000,3,10,-37.93,1,761.41,1,14,0.875,310,1,58.63,1,13.98,308.68,0.875
2000,3,11,-42.35,1,760.98,1,18.67,0.375,320,0.625,53.63,1,18.5,320,0.25
2000,3,12,-44.59,1,761.2,1,16.33,0.75,316.25,1,51.38,1,16.27,314.8,0.75
2000,3,13,-44.03,0.875,763.64,1,17.6,0.625,322.5,1,52.38,1,17.56,321.93,0.625
2000,3,14,-45.51,1,761.91,1,23,0.25,312,0.625,50.5,1,NA,NA,0
2000,3,15,-45.22,0.75,759.36,1,19,0.375,264,0.625,53.5,1,NA,NA,0.125
2000,3,16,-24.07,0.375,761.66,1,NA,0.125,273.75,1,65.75,1,NA,NA,0.125
2000,3,17,-37.41,1,762.38,1,18.8,0.625,320,1,57.5,1,18.66,322.45,0.625
2000,3,18,-35.3,0.75,758.2,1,15.67,0.375,303.75,1,59.88,1,15.29,302.5,0.375
2000,3,19,-34.8,0.5,760.78,1,NA,0,276.25,1,60.75,1,NA,NA,0
2000,3,20,-24.38,0.75,771.94,1,4,0.375,207.5,1,72.88,1,3.99,278.34,0.375
2000,3,21,-26.08,0.625,772,1,NA,0.125,323.75,1,70.75,1,NA,NA,0.125
2000,3,22,-32.8,0.625,762.9,1,15,0.5,305,1,61.38,1,14.86,303.35,0.5
2000,3,23,-34.06,1,761.49,1,8,0.375,193.75,1,63.25,1,7.97,184.16,0.375
2000,3,24,-31.66,1,763.89,1,5.75,0.5,248.57,0.875,65.88,1,4.15,225.97,0.5
2000,3,25,-35.67,0.875,755.71,1,14.33,0.375,300,0.5,61.13,1,NA,NA,0.125
2000,3,26,-46.43,0.875,748.59,1,19.5,0.25,304,0.625,50.25,1,19.43,305.13,0.25
2000,3,27,-50.08,1,755.18,1,23,0.5,316.67,0.375,46,1,NA,NA,0
2000,3,28,-43.29,1,767.94,1,NA,0.125,323.75,1,53.38,1,NA,NA,0.125
2000,3,29,-38.11,1,769.43,1,NA,0,318.75,1,55.38,1,NA,NA,0
2000,3,30,-36.91,0.875,766.47,1,16,0.375,316,0.625,58,1,NA,NA,0.125
2000,3,31,-34.08,0.75,764.23,1,13.67,0.375,316.25,1,63.38,1,13.62,323.41,0.375
2000,4,1,-35,1,760.53,1,14.67,0.375,316.67,0.75,61.75,1,13.95,314.64,0.25
2000,4,2,-31.58,1,760.74,1,11.33,0.375,305,1,65.13,1,9.33,291.55,0.375
2000,4,3,-33.46,0.875,760.59,1,14.25,0.5,317.5,1,62.25,1,14.09,318.41,0.5
2000,4,4,-40.83,0.75,756.13,1,12.17,0.75,305.71,0.875,55.5,1,12.01,307.83,0.75
2000,4,5,-41.78,1,750.65,1,13.29,0.875,320,0.875,55.13,1,13.18,319.35,0.875
2000,4,6,-43.24,1,750.03,1,16.83,0.75,315,0.5,53.25,1,16.61,313.2,0.375
2000,4,7,-41.99,0.875,748.15,1,21,0.25,313.75,1,54.25,1,20.92,315.48,0.25
2000,4,8,-40.74,1,747.63,1,23.5,0.25,323.75,1,56,1,23.5,330,0.25
2000,4,9,-46.67,0.875,746.15,1,18.25,0.5,306,0.625,48.88,1,17.43,314.86,0.25
2000,4,10,-51.18,1,749.85,1,19.6,0.625,315,0.25,44.25,1,NA,NA,0.125
2000,4,11,-49.1,1,754.41,1,17.83,0.75,314.29,0.875,46.13,1,17.77,313.55,0.75
2000,4,12,-50.09,1,758.28,1,19.71,0.875,310,0.875,45.38,1,19.63,309.92,0.75
2000,4,13,-50.53,1,762.25,1,21.67,0.375,NA,0.125,44.63,1,NA,NA,0
2000,4,14,-52.02,1,767.74,1,22,0.5,310,0.875,43,1,22.44,309.56,0.375
2000,4,15,-52.09,1,761.91,1,19.67,0.375,NA,0.125,42.5,1,NA,NA,0
2000,4,16,-50.45,1,760.8,1,19.88,1,315.71,0.875,44.38,1,20.07,315.39,0.875
2000,4,17,-52.66,1,767.68,1,NA,0,301.25,1,42,1,NA,NA,0
2000,4,18,-54.08,1,768.88,1,23.71,0.875,322,0.625,40.38,1,22.76,322.73,0.5
2000,4,19,-53.54,1,765.45,1,22,0.625,315,0.5,40.88,1,20.6,316.62,0.375
2000,4,20,-51.61,1,769.65,1,21.25,1,NA,0.125,42.88,1,NA,NA,0.125
2000,4,21,-46.91,1,766.9,1,19,0.875,321.43,0.875,48,1,18.68,323.64,0.75
2000,4,22,-48.39,1,764.66,1,19.14,0.875,326.67,0.375,46.63,1,17.94,326.67,0.375
2000,4,23,-49.64,1,765.98,1,22,0.25,315,0.5,45.25,1,NA,NA,0.125
2000,4,24,-50.05,1,765.66,1,20.88,1,318,0.625,44.75,1,20.03,317.91,0.625
2000,4,25,-50.07,1,768.74,1,18.88,1,317.5,0.5,44.75,1,18.95,317.77,0.5
2000,4,26,-47.48,1,768.28,1,18.5,1,310,0.25,47.25,1,19.5,310,0.25
2000,4,27,-39.23,0.75,763.4,0.875,13,0.5,272.5,1,57.13,1,8.23,297.91,0.5
2000,4,28,-39.66,0.875,762.14,1,13,0.75,312,0.625,56.88,1,12.77,311.71,0.625
2000,4,29,-42.43,1,757.79,1,16.38,1,320,0.375,54,1,15.51,320.86,0.375
2000,4,30,-43.67,0.75,753.29,1,17.2,0.625,258.33,0.75,55.5,1,16.28,305.63,0.375
2000,5,1,-38.35,0.75,753.93,1,14.5,0.5,300,0.75,58.57,0.875,13.45,305.19,0.25
2000,5,2,-46.06,1,756.41,1,NA,0.125,314.29,0.875,50.5,1,NA,NA,0.125
2000,5,3,-48.39,1,754.73,1,21.67,0.75,320,0.25,47.63,1,20.5,320,0.25
2000,5,4,-50.28,1,752.51,1,20,0.25,312,0.625,45.25,1,NA,NA,0.125
2000,5,5,-46.94,1,755.55,1,18.14,0.875,325,0.5,48.88,1,19.06,322.78,0.375
2000,5,6,-46.28,1,758.56,1,15.62,1,NA,0.125,49.38,1,NA,NA,0.125
2000,5,7,-47.71,1,757.59,1,16.88,1,313.33,0.75,48,1,16.11,313.3,0.75
2000,5,8,-48.01,1,754.19,1,16.6,0.625,307.5,0.5,47.5,1,17,310,0.375
2000,5,9,-46.26,1,752.74,1,16,1,312,0.625,49.5,1,15.67,312.54,0.625
2000,5,10,-45.78,1,747.59,1,18.67,0.375,327.5,1,50.13,1,18.61,326.97,0.375
2000,5,11,-46.83,0.5,743.55,1,14.5,0.25,314,0.625,53.63,1,NA,NA,0.125
2000,5,12,-38.05,0.75,751.16,1,NA,0.125,297.5,1,58.5,1,NA,NA,0.125
2000,5,13,-40.21,1,757.01,1,16.14,0.875,325,1,56.38,1,15.95,323.25,0.875
2000,5,14,-41.39,1,766.51,1,NA,0,285,1,52.88,1,NA,NA,0
2000,5,15,-36.68,0.75,752.85,1,9,0.75,307.5,1,56.63,1,8.85,308.72,0.75
2000,5,16,-42.46,1,752.08,1,NA,0.125,296.25,1,53.75,1,NA,NA,0.125
2000,5,17,-41.73,0.75,752.41,1,12.75,0.5,303.75,1,54.25,1,12.71,312.94,0.5
2000,5,18,-38.46,1,754.59,1,11.6,0.625,301.25,1,57.63,1,11.49,298.79,0.625
2000,5,19,-35.79,1,755,1,6,0.25,252.5,1,61.5,1,5.98,305.84,0.25
2000,5,20,-37.52,0.75,762.18,1,5,0.625,251.25,1,58.63,1,3.79,240.57,0.625
2000,5,21,-35.26,0.875,761.3,1,5.67,0.375,201.25,1,61.75,1,5.67,190,0.375
2000,5,22,-35.79,1,762.18,1,7.75,0.5,306,0.625,61.75,1,6.48,302.3,0.25
2000,5,23,-34.84,1,757.25,1,8.38,1,305,1,63,1,8.34,305.07,1
2000,5,24,-46.26,0.625,762.82,1,13.33,0.75,315,0.25,51.63,1,11.95,314.58,0.25
2000,5,25,-50.09,1,763.79,1,20,0.5,305,0.25,46,1,21.92,304.54,0.25
2000,5,26,-37.5,0.5,755.12,1,NA,0,288.75,1,57.88,1,NA,NA,0
2000,5,27,-36.13,0.875,770.54,1,NA,0.125,331.25,1,59.5,1,NA,NA,0.125
2000,5,28,-38.87,0.875,780.61,1,9,0.25,287.5,1,57.38,1,8.33,276.71,0.25
2000,5,29,-39.4,1,781.55,1,8,0.625,251.25,1,55,1,6.01,257.86,0.625
2000,5,30,-49.5,0.75,780.55,1,11.75,0.5,321.25,1,46.25,1,11.32,309.35,0.5
2000,5,31,-49.35,1,767,1,13.67,0.75,326.25,1,46.25,1,13.64,328.3,0.75
2000,6,1,-49.91,1,763.89,1,15.83,0.75,332.5,1,45.5,1,15.77,335.16,0.75
2000,6,2,-41.57,0.875,756.78,1,13,0.25,335,1,54.38,1,12.95,335,0.25
2000,6,3,-41.16,1,764.75,1,12.67,0.375,327.5,1,55.25,1,12.62,333.68,0.375
2000,6,4,-25.93,0.375,765.93,1,10,0.25,252.5,1,68.88,1,5.48,316.81,0.25
2000,6,5,-32.84,1,763.71,1,14.2,0.625,310,1,65.5,1,14.08,318.45,0.625
2000,6,6,-37.47,0.875,760.32,1,15.25,0.5,318,0.625,59.75,1,15.18,320.44,0.375
2000,6,7,-38.22,1,762.29,1,14.25,1,315,1,59.38,1,14.2,315.09,1
2000,6,8,-41.94,1,760.57,1,17,0.375,310,0.5,55.25,1,NA,NA,0
2000,6,9,-48.54,0.875,763.73,1,18.5,0.25,305,0.75,47.38,1,18.22,310.82,0.25
2000,6,10,-49.21,1,768.94,1,19.33,0.75,314,0.625,46.75,1,19.33,314.02,0.625
2000,6,11,-49.41,1,771.03,1,21.2,0.625,321.67,0.75,46.38,1,21.08,320.24,0.5
2000,6,12,-45.44,1,769.05,1,20,0.375,328.75,1,50.38,1,19.74,326.3,0.375
2000,6,13,-45.7,1,760.81,1,20.5,0.75,328.33,0.75,50.38,1,20.67,325.3,0.5
2000,6,14,-53.06,1,756.95,1,NA,0,NA,0.125,42.38,1,NA,NA,0
2000,6,15,-52.11,0.875,756.41,1,NA,0,NA,0,43.38,1,NA,NA,0
2000,6,16,-44.06,1,757.98,1,NA,0,NA,0,50.88,1,NA,NA,0
2000,6,17,-44.34,1,760.44,1,NA,0,NA,0,51.5,1,NA,NA,0
2000,6,18,-46.99,1,756.01,1,NA,0,NA,0,48.5,1,NA,NA,0
2000,6,19,-46.1,1,747.29,1,NA,0,NA,0,49.63,1,NA,NA,0
2000,6,20,-46.36,1,759.84,1,NA,0,NA,0,49.25,1,NA,NA,0
2000,6,21,-46.89,1,774,1,NA,0,NA,0,48.63,1,NA,NA,0
2000,6,22,-43.5,1,770.81,1,NA,0,NA,0,50,1,NA,NA,0
2000,6,23,-47.18,1,769.11,1,NA,0,NA,0,48.13,1,NA,NA,0
2000,6,24,-50.39,1,770.69,1,NA,0,NA,0,44.75,1,NA,NA,0
2000,6,25,-48.16,1,765.94,1,NA,0,NA,0,46.88,1,NA,NA,0
2000,6,26,-47.14,1,761.16,1,NA,0,NA,0,48,1,NA,NA,0
2000,6,27,-47.07,1,759.53,1,NA,0,NA,0,48,1,NA,NA,0
2000,6,28,-50.43,1,761.88,1,NA,0,NA,0,44.25,1,NA,NA,0
2000,6,29,-53.52,1,759.64,1,NA,0,NA,0,40.75,1,NA,NA,0
2000,6,30,-54.83,1,752.14,1,NA,0,NA,0,39.63,1,NA,NA,0
2000,7,1,-55.14,1,749.81,1,NA,0,NA,0,39.25,1,NA,NA,0
2000,7,2,-54.9,1,749.76,1,NA,0,NA,0,39.63,1,NA,NA,0
2000,7,3,-53.53,1,746.25,1,NA,0,NA,0,40.63,1,NA,NA,0
2000,7,4,-48.63,1,749.13,1,NA,0,NA,0,45.88,1,NA,NA,0
2000,7,5,-49.7,0.5,759.7,1,NA,0,NA,0,45.75,1,NA,NA,0
2000,7,6,-43,0.75,769.99,1,NA,0,NA,0,52,1,NA,NA,0
2000,7,7,-43.1,1,774.88,1,NA,0,NA,0,49.88,1,NA,NA,0
2000,7,8,-40.95,1,759.24,1,NA,0,NA,0,53,1,NA,NA,0
2000,7,9,-44,0.75,753.56,1,NA,0,NA,0,48.88,1,NA,NA,0
2000,7,10,-50.27,0.875,758.34,1,NA,0,NA,0,44.5,1,NA,NA,0
2000,7,11,-45.63,0.75,764.39,1,NA,0,NA,0,49.38,1,NA,NA,0
2000,7,12,-40.09,1,765.89,1,NA,0,NA,0,38.63,1,NA,NA,0
2000,7,13,-43.48,0.75,756.39,1,NA,0,NA,0,40.75,1,NA,NA,0
2000,7,14,-51.71,0.875,761.61,1,NA,0,NA,0,42.75,1,NA,NA,0
2000,7,15,-47.95,1,769.84,1,NA,0,NA,0,46.88,1,NA,NA,0
2000,7,16,-44.6,0.5,775.68,1,NA,0,NA,0,53.88,1,NA,NA,0
2000,7,17,-43.79,1,766.45,1,NA,0,NA,0,52.13,1,NA,NA,0
2000,7,18,-45.92,0.75,755.84,1,NA,0,NA,0,49.25,1,NA,NA,0
2000,7,19,-47.51,0.875,764.54,1,NA,0,NA,0,48.63,1,NA,NA,0
2000,7,20,-42.41,1,765.53,1,NA,0,NA,0,53.5,1,NA,NA,0
2000,7,21,-37.39,1,767.54,1,NA,0,NA,0,59.13,1,NA,NA,0
2000,7,22,-39.56,0.875,770.73,1,NA,0,NA,0,56.75,1,NA,NA,0
2000,7,23,-37.43,1,764.11,1,NA,0,NA,0,59.25,1,NA,NA,0
2000,7,24,-40.85,1,775.45,1,NA,0,NA,0,56,1,NA,NA,0
2000,7,25,-37.13,0.5,773.55,1,NA,0,NA,0,60.88,1,NA,NA,0
2000,7,26,-35.21,1,758.59,1,NA,0,NA,0,60.5,1,NA,NA,0
2000,7,27,-40.97,0.75,757.34,1,NA,0,NA,0,52.5,1,NA,NA,0
2000,7,28,-49.19,1,760.75,1,NA,0,NA,0,46.5,1,NA,NA,0
2000,7,29,-51.69,1,765.53,1,NA,0,NA,0,43.63,1,NA,NA,0
2000,7,30,-53.88,1,766.65,1,NA,0,NA,0,41.38,1,NA,NA,0
2000,7,31,-52.61,1,766.84,1,NA,0,NA,0,42.38,1,NA,NA,0
2000,8,1,-52.8,1,765.95,1,NA,0,NA,0,42,1,NA,NA,0
2000,8,2,-52.03,0.375,764.33,1,NA,0,NA,0,52.5,1,NA,NA,0
2000,8,3,-32.94,0.875,766.95,1,NA,0,NA,0,65.25,1,NA,NA,0
2000,8,4,-32.07,0.875,766.89,1,NA,0,NA,0,66.25,1,NA,NA,0
2000,8,5,-36.06,1,770.26,1,NA,0,NA,0,60.88,1,NA,NA,0
2000,8,6,-33.67,0.375,767.71,1,NA,0,NA,0,62,1,NA,NA,0
2000,8,7,-44.68,0.75,767.76,1,NA,0,NA,0,51.25,1,NA,NA,0
2000,8,8,-55.42,0.75,763.76,1,NA,0,NA,0,40.38,1,NA,NA,0
2000,8,9,-51.87,0.75,762.51,1,NA,0,NA,0,43.38,1,NA,NA,0
2000,8,10,-51.94,1,754.75,1,NA,0,NA,0,43.5,1,NA,NA,0
2000,8,11,-57.28,1,744.94,1,NA,0,NA,0,38,1,NA,NA,0
2000,8,12,-57.88,0.5,750.49,1,NA,0,NA,0,38,1,NA,NA,0
2000,8,13,-51.49,1,757.66,1,NA,0,NA,0,43.5,1,NA,NA,0
2000,8,14,-49.53,1,753.59,1,NA,0,NA,0,45.75,1,NA,NA,0
2000,8,15,-54.89,0.875,751.14,1,NA,0,NA,0,40.38,1,NA,NA,0
2000,8,16,-56.58,1,758.7,1,NA,0,NA,0,38.13,1,NA,NA,0
2000,8,17,-55.28,1,759.95,1,NA,0,NA,0,39.5,1,NA,NA,0
2000,8,18,-50.46,1,759.79,1,NA,0,NA,0,44,1,NA,NA,0
2000,8,19,-46.47,0.875,763.24,1,NA,0,NA,0,49.63,1,NA,NA,0
2000,8,20,-38.95,1,762.75,1,NA,0,NA,0,57,1,NA,NA,0
2000,8,21,-42.49,1,763.76,1,NA,0,NA,0,53.13,1,NA,NA,0
2000,8,22,-50.96,0.875,766.36,1,NA,0,NA,0,44.63,1,NA,NA,0
2000,8,23,-47.64,0.875,764.11,1,NA,0,NA,0,47.63,1,NA,NA,0
2000,8,24,-47.95,1,754.46,1,NA,0,NA,0,46.88,1,NA,NA,0
2000,8,25,-49.46,1,769.88,1,NA,0,NA,0,45.88,1,NA,NA,0
2000,8,26,-43.53,0.75,771.89,1,NA,0,NA,0,51.25,1,NA,NA,0
2000,8,27,-37.37,0.75,768.29,1,NA,0,NA,0,60.75,1,NA,NA,0
2000,8,28,-38.28,0.625,760.24,1,NA,0,NA,0,52.63,1,NA,NA,0
2000,8,29,-38.91,1,764.19,1,NA,0,NA,0,52,1,NA,NA,0
2000,8,30,-45.88,0.5,764.51,1,NA,0,NA,0,49.38,1,NA,NA,0
2000,8,31,-46.59,0.875,770.91,1,NA,0,NA,0,49.38,1,NA,NA,0
2000,9,1,-42.32,1,782.31,1,NA,0,NA,0,54,1,NA,NA,0
2000,9,2,-40.39,0.875,790.8,1,NA,0,NA,0,53.75,1,NA,NA,0
2000,9,3,-34.2,0.5,797.01,1,NA,0,NA,0,45.5,1,NA,NA,0
2000,9,4,-36.79,1,787.46,1,NA,0,NA,0,58.14,0.875,NA,NA,0
2000,9,5,-37.75,0.75,780.66,1,NA,0,NA,0,55.13,1,NA,NA,0
2000,9,6,-43.04,0.875,770.31,1,NA,0,NA,0,53.5,1,NA,NA,0
2000,9,7,-45.34,0.875,756.89,1,NA,0,NA,0,50.13,1,NA,NA,0
2000,9,8,-48.16,1,771.6,1,NA,0,NA,0,47.38,1,NA,NA,0
2000,9,9,-46.51,1,772.55,1,NA,0,NA,0,49,1,NA,NA,0
2000,9,10,-48.46,0.875,775.4,1,NA,0,NA,0,47.25,1,NA,NA,0
2000,9,11,-35.47,0.375,779.3,1,NA,0,NA,0,53.25,1,NA,NA,0
2000,9,12,-34.5,0.875,776.25,1,NA,0,NA,0,59.5,1,NA,NA,0
2000,9,13,-37.52,0.75,775.94,1,NA,0,NA,0,57.38,1,NA,NA,0
2000,9,14,-34.25,1,777.63,1,NA,0,NA,0,56.13,1,NA,NA,0
2000,9,15,-35.43,0.75,773.13,1,NA,0,NA,0,56,1,NA,NA,0
2000,9,16,-40.14,1,765.51,1,NA,0,NA,0,49.38,1,NA,NA,0
2000,9,17,-44.3,1,756.23,1,NA,0,NA,0,51,1,NA,NA,0
2000,9,18,-44.72,1,750.93,1,NA,0,NA,0,51.13,1,NA,NA,0
2000,9,19,-43.63,1,752.04,1,NA,0,NA,0,50,1,NA,NA,0
2000,9,20,-46.03,1,760.85,1,NA,0,NA,0,46.88,1,NA,NA,0
2000,9,21,-43.5,1,758.59,1,NA,0,NA,0,46,1,NA,NA,0
2000,9,22,-45.23,1,751.06,1,NA,0,NA,0,45.75,1,NA,NA,0
2000,9,23,-41.73,0.875,749.79,1,NA,0,NA,0,52.88,1,NA,NA,0
2000,9,24,-35.24,1,751.89,1,NA,0,NA,0,61.63,1,NA,NA,0
2000,9,25,-30.36,1,751.34,1,NA,0,NA,0,67,1,NA,NA,0
2000,9,26,-28.33,1,758.07,1,NA,0,NA,0,69.75,1,NA,NA,0
2000,9,27,-38.2,0.75,759.38,1,NA,0,NA,0,52.5,1,NA,NA,0
2000,9,28,-43.28,1,749.38,1,NA,0,NA,0,49.75,1,NA,NA,0
2000,9,29,-40.29,1,759.25,1,NA,0,NA,0,55.75,1,NA,NA,0
2000,9,30,-31.2,0.75,757.8,1,NA,0,NA,0,59.25,1,NA,NA,0
2000,10,1,-41.55,0.75,751.35,1,NA,0,NA,0,53.63,1,NA,NA,0
2000,10,2,-36.07,0.75,748.48,1,NA,0,NA,0,61.25,1,NA,NA,0
2000,10,3,-38.87,0.875,745.06,1,NA,0,NA,0,57.38,1,NA,NA,0
2000,10,4,-44.2,0.875,742.07,1,NA,0,NA,0,51.25,1,NA,NA,0
2000,10,5,-45.93,0.875,742,1,NA,0,NA,0,49.13,1,NA,NA,0
2000,10,6,-44.44,1,743.79,1,NA,0,NA,0,51.63,1,NA,NA,0
2000,10,7,-34.97,0.75,750.09,1,NA,0,NA,0,59.88,1,NA,NA,0
2000,10,8,-38.68,0.75,752.45,1,NA,0,NA,0,57.5,1,NA,NA,0
2000,10,9,-37.5,0.75,755.13,1,NA,0,NA,0,52.75,1,NA,NA,0
2000,10,10,-24.07,0.375,763.54,1,NA,0,NA,0,45.75,1,NA,NA,0
2000,10,11,-33.43,0.875,767.81,1,NA,0,NA,0,61.63,1,NA,NA,0
2000,10,12,-30.75,0.75,763.01,1,NA,0,NA,0,66.25,1,NA,NA,0
2000,10,13,-29.4,0.875,758.4,1,NA,0,NA,0,69.13,1,NA,NA,0
2000,10,14,-37.1,0.375,755.13,1,NA,0,NA,0,62.5,1,NA,NA,0
2000,10,15,-42.63,0.75,755.23,1,NA,0,NA,0,54.13,1,NA,NA,0
2000,10,16,-43.97,0.75,759.84,1,NA,0,NA,0,53.75,1,NA,NA,0
2000,10,17,-43.74,0.875,757.25,1,NA,0,NA,0,52.5,1,NA,NA,0
2000,10,18,-43.25,0.5,757.6,1,NA,0,NA,0,53.38,1,NA,NA,0
2000,10,19,-42.7,0.75,752.85,1,NA,0,NA,0,51.88,1,NA,NA,0
2000,10,20,-40.98,1,750.24,1,NA,0,NA,0,49.38,1,NA,NA,0
2000,10,21,-44.27,0.75,751.41,1,NA,0,NA,0,46,1,NA,NA,0
2000,10,22,-44.04,0.625,754.71,1,NA,0,NA,0,43.38,1,NA,NA,0
2000,10,23,-44.27,0.375,751.26,1,NA,0,NA,0,41.88,1,NA,NA,0
2000,10,24,-45.7,0.75,746.1,1,NA,0,NA,0,47.75,1,NA,NA,0
2000,10,25,-33.26,0.625,737.26,1,NA,0,NA,0,62.25,1,NA,NA,0
2000,10,26,-28.48,0.5,751.1,1,NA,0,NA,0,65.5,1,NA,NA,0
2000,10,27,-30.77,0.875,754.47,1,NA,0,NA,0,64.38,1,NA,NA,0
2000,10,28,-29.99,1,755.25,1,NA,0,NA,0,66.13,1,NA,NA,0
2000,10,29,-28.15,0.5,760.76,1,NA,0,NA,0,65.25,1,NA,NA,0
2000,10,30,-33,0.625,756.26,1,NA,0,NA,0,61.63,1,NA,NA,0
2000,10,31,-35.55,0.5,745.2,1,NA,0,NA,0,57,1,NA,NA,0
2000,11,1,-37.15,0.75,739.55,1,NA,0,NA,0,53.38,1,NA,NA,0
2000,11,2,-38.8,0.75,752.1,1,NA,0,NA,0,53.25,1,NA,NA,0
2000,11,3,-37.5,0.875,761.39,1,NA,0,NA,0,58.25,1,NA,NA,0
2000,11,4,-35.9,0.25,760.61,1,NA,0,NA,0,61,1,NA,NA,0
2000,11,5,-26.56,0.625,758.14,1,NA,0,NA,0,69,1,NA,NA,0
2000,11,6,-20.2,1,761.51,1,NA,0,NA,0,77,1,NA,NA,0
2000,11,7,-24.37,0.75,765.5,1,NA,0,NA,0,67.63,1,NA,NA,0
2000,11,8,-33.65,0.25,763.16,1,NA,0,NA,0,59.75,1,NA,NA,0
2000,11,9,-33.67,0.75,768.18,1,NA,0,NA,0,59.88,1,NA,NA,0
2000,11,10,-34.08,0.5,761.69,1,NA,0,NA,0,60,1,NA,NA,0
2000,11,11,-30.4,0.75,756.3,1,NA,0,NA,0,63.25,1,NA,NA,0
2000,11,12,-25.67,0.875,758.3,1,NA,0,NA,0,72.38,1,NA,NA,0
2000,11,13,-26.67,0.75,757.95,1,NA,0,NA,0,66,1,NA,NA,0
2000,11,14,-29.78,0.75,749.55,1,NA,0,NA,0,61.5,1,NA,NA,0
2000,11,15,-27.66,0.625,756.98,1,NA,0,NA,0,67.63,1,NA,NA,0
2000,11,16,-27.62,0.625,760.28,1,NA,0,NA,0,69.13,1,NA,NA,0
2000,11,17,-29.3,0.375,764,1,NA,0,NA,0,67.5,1,NA,NA,0
2000,11,18,-22.93,0.875,770.25,1,NA,0,NA,0,73.13,1,NA,NA,0
2000,11,19,-26.4,0.625,766.39,1,NA,0,NA,0,65.88,1,NA,NA,0
2000,11,20,-31.2,0.375,761.01,1,NA,0,NA,0,63.13,1,NA,NA,0
2000,11,21,-25.1,0.75,766.88,1,NA,0,NA,0,73.13,1,NA,NA,0
2000,11,22,-25.27,0.75,767.21,1,NA,0,NA,0,69.38,1,NA,NA,0
2000,11,23,-24.09,0.875,762.38,1,5.29,0.875,283.75,1,70,1,4.26,294.72,0.875
2000,11,24,-19.55,0.75,766.66,1,9.5,0.25,263.75,1,76.63,1,9.18,284.19,0.25
2000,11,25,-19.62,0.625,771.08,1,8,0.25,246.25,1,74,1,7.09,272.22,0.25
2000,11,26,-18.23,1,768.22,1,NA,0,198.75,1,79.13,1,NA,NA,0
2000,11,27,-19.47,1,770.49,1,NA,0.125,175,0.75,78.63,1,NA,NA,0
2000,11,28,-18.09,1,779.34,1,23.67,0.375,162,0.625,80.13,1,24,170,0.25
2000,11,29,-17.2,0.75,782.46,1,9.25,0.5,276.25,1,69,1,8.81,322.43,0.5
2000,11,30,-20.78,0.75,774.1,1,11.5,0.25,313.75,1,65.88,1,11.46,314.35,0.25
2000,12,1,-22.15,0.5,770.01,1,11.25,0.5,305,1,69.13,1,11.16,310.22,0.5
2000,12,2,-21.15,0.75,770.06,1,8.5,0.5,287.5,1,72.13,1,8.25,300.31,0.5
2000,12,3,-20.36,0.625,769.9,1,4.5,0.25,242.5,1,71.25,1,0.92,227.78,0.25
2000,12,4,-21.58,0.75,767.49,1,4,0.25,196.25,1,75.63,1,2.68,213.41,0.25
2000,12,5,-20.43,0.75,767.43,1,8.5,0.25,174,0.625,76.13,1,8.47,174.71,0.25
2000,12,6,-18.67,1,771.21,1,8.33,0.75,158.75,1,72.63,1,8.18,157.95,0.75
2000,12,7,-18.88,1,773.41,1,7,0.625,186.25,1,71,1,3.79,273.68,0.625
2000,12,8,-23.5,0.375,772.58,1,6.5,0.25,297.5,1,69.5,1,6.47,308.49,0.25
2000,12,9,-21.27,0.375,772.94,1,9.5,0.25,303.75,1,71.25,1,9.47,296.32,0.25
2000,12,10,-22.1,0.5,773.46,1,12.5,0.5,300,1,68.25,1,12.24,306.22,0.5
2000,12,11,-21.67,0.375,774.41,1,9.33,0.375,298.75,1,67.75,1,9.3,303.57,0.375
2000,12,12,-25.55,0.25,776.03,1,11,0.5,288.75,1,72.29,0.875,10.48,293.47,0.5
2000,12,13,-20.58,0.75,776.74,1,9.71,0.875,183.75,1,74.63,1,9.51,168.78,0.875
2000,12,14,-20.2,1,775.21,1,11.5,0.75,192.5,1,77.63,1,10.16,175.17,0.75
2000,12,15,-20.8,0.625,776,1,7.5,0.5,257.5,1,67.75,1,7.07,289.52,0.5
2000,12,16,-21.72,0.75,774.58,1,6.75,0.5,283.75,1,66.63,1,4.8,273.43,0.5
2000,12,17,-23.83,0.5,772.99,1,5.8,0.625,272.5,1,66.13,1,5.23,293.96,0.625
2000,12,18,-21.73,0.75,771.96,1,4.5,0.5,241.25,1,71.5,1,3.99,250,0.5
2000,12,19,-20.8,0.875,770.98,1,3.67,0.375,222.5,1,75.75,1,3.2,257.75,0.375
2000,12,20,-20.16,1,770.54,1,5.33,0.375,166.25,1,77.5,1,5.27,144.96,0.375
2000,12,21,-19.88,0.75,770.74,1,4.5,0.5,262.5,1,70.88,1,3.84,264.66,0.5
2000,12,22,-23.43,0.5,769.68,1,3.8,0.625,252.5,1,66.88,1,2.41,280.5,0.625
2000,12,23,-22.68,0.5,769.49,1,2.5,0.75,226.25,1,68,0.875,1.08,234.08,0.75
2000,12,24,-21.11,0.875,772.96,1,7,0.375,177.5,1,76.57,0.875,6.87,171.42,0.375
2000,12,25,-19.85,1,779.06,1,10,0.375,162.5,1,78.88,1,9.91,139,0.375
2000,12,26,-20.49,1,783.64,1,6.4,0.625,242.5,1,70.25,1,4.95,194.51,0.625
2000,12,27,-18.87,0.75,783.34,1,3.33,0.75,177.5,1,68.5,1,3.19,196.48,0.75
2000,12,28,-19.87,0.875,785.64,1,6.4,0.625,276,0.625,73.63,1,4.53,269.44,0.375
2000,12,29,-21.93,0.5,783.51,1,NA,0.125,273.75,1,65.63,1,NA,NA,0.125
2000,12,30,-22.57,0.375,776.84,1,9.33,0.375,308.75,1,67.38,1,8.85,315.68,0.375
2000,12,31,-22.05,0.25,774.01,1,11,0.25,285,1,68.5,1,10.96,315,0.25
2001,1,1,-22.95,0.5,773.89,1,10.5,0.25,281.25,1,69.38,1,7.83,293.43,0.25
2001,1,2,-22.68,0.5,773,1,NA,0.125,325,1,65,1,NA,NA,0.125
2001,1,3,-21.1,0.75,771.72,1,12,0.375,312.5,1,67.38,1,11.39,322.27,0.375
2001,1,4,-21.74,0.625,771.97,1,14,0.375,316.25,1,65.88,1,13.87,331.67,0.375
2001,1,5,-18.9,0.875,771.04,1,4.83,0.75,261.25,1,66.88,1,3.08,255.32,0.75
2001,1,6,-18.84,1,767.16,1,8.33,0.75,187.5,1,77.75,1,8.23,184,0.75
2001,1,7,-18.5,0.875,766.94,1,5,0.625,175,1,78.13,1,4.38,163.05,0.625
2001,1,8,-19.1,0.875,767.85,1,3,0.5,307.5,1,73.13,1,2.61,305.5,0.5
2001,1,9,-20.61,0.875,766.09,1,8.6,0.625,296.25,1,66,1,8.22,305.38,0.625
2001,1,10,-21.6,0.875,764.86,1,3.6,0.625,135,1,68.88,1,2.65,137.8,0.625
2001,1,11,-20.86,0.875,769.05,1,NA,0.125,195,1,77.38,1,NA,NA,0.125
2001,1,12,-20.87,0.75,771.99,1,6,0.5,201.25,1,72.38,1,2.01,223.23,0.5
2001,1,13,-23.6,0.5,771.44,1,7.5,0.25,250,1,68.38,1,6.31,288.14,0.25
2001,1,14,-24.92,0.625,771.5,1,8.75,0.5,318.75,1,65.13,1,8.2,319.26,0.5
2001,1,15,-23.95,0.5,769.94,1,11,0.75,308.75,1,64.88,1,10.96,306.97,0.75
2001,1,16,-22.17,0.75,771.85,1,5,0.375,197.5,1,66.63,1,4.6,177.92,0.375
2001,1,17,-18.44,0.875,773.79,1,5.6,0.625,197.5,1,77.25,1,5.21,174.99,0.625
2001,1,18,-14.11,1,772.79,1,4.33,0.375,158.75,1,77.5,1,4.02,7.34,0.375
2001,1,19,-15.87,0.75,774.1,1,5.33,0.75,238.75,1,76.63,1,3.54,242.55,0.75
2001,1,20,-19.72,0.75,772.13,1,5.5,0.5,265,1,72.25,1,4.69,287.43,0.5
2001,1,21,-20.83,0.375,774.7,1,9.75,0.5,296.25,1,68.5,1,9.57,310.13,0.5
2001,1,22,-17.25,0.5,780.95,1,5.67,0.375,281.25,1,66.63,1,5.42,275.47,0.375
2001,1,23,-16.54,0.625,781.71,1,7.17,0.75,298.75,1,65.38,1,6.99,299.4,0.75
2001,1,24,-20.48,0.5,774.16,1,10,0.75,313.75,1,68,1,9.37,310.11,0.75
2001,1,25,-23.05,0.5,771.6,1,12,0.25,295,1,64.63,1,10.95,311.65,0.25
2001,1,26,-21.5,0.5,770.85,1,10,0.375,313.75,1,65.88,1,9.57,307.27,0.375
2001,1,27,-23.65,0.5,768.02,1,9.5,0.25,311.25,1,65.25,1,9.46,304.21,0.25
2001,1,28,-23.2,0.25,771.34,1,14,0.5,323.75,1,63.63,1,13.79,328.56,0.5
2001,1,29,-23.7,0.25,775.64,1,9.5,0.5,303.75,1,64.13,1,9.4,303.97,0.5
2001,1,30,-24.92,0.5,773.18,1,12.75,0.5,306.25,1,66.25,1,12.61,308.22,0.5
2001,1,31,-23.5,0.25,767.88,1,12.5,0.25,296.25,1,66.5,1,12.08,306.84,0.25
2001,2,1,-23.08,1,771.01,1,4.33,0.75,251.25,1,75.25,1,3.48,263.24,0.75
2001,2,2,-24.48,1,771.35,1,6,0.25,280,1,69.88,1,5.82,279.9,0.25
2001,2,3,-26.7,0.625,767.49,1,6.75,0.5,270,1,66.25,1,4.52,294.79,0.5
2001,2,4,-29.28,0.5,766.86,1,9.83,0.75,313.75,1,68.38,1,9.8,314.58,0.75
2001,2,5,-23.88,0.75,773.21,1,7.67,0.375,207.5,1,74.25,1,5.31,229.26,0.375
2001,2,6,-20.64,0.875,775.66,1,11,0.5,223.75,1,77.38,1,10.97,187.73,0.5
2001,2,7,-22.95,0.75,773.46,1,6.25,0.5,278.33,0.75,68.13,1,5.99,286.56,0.5
2001,2,8,-25.59,0.875,773.78,1,12.5,0.75,311.43,0.875,59.38,1,12.26,311.25,0.625
2001,2,9,-30.38,0.625,770.11,1,14,0.375,311.25,1,61.13,1,13.86,315.75,0.375
2001,2,10,-33.08,0.5,768.09,1,16,0.375,312.5,1,61.88,1,16,310,0.375
2001,2,11,-32.47,0.375,770.14,1,14.5,0.25,310,1,64.25,1,14.29,312.44,0.25
2001,2,12,-30.7,0.5,768.7,1,NA,0.125,311.25,1,63.75,1,NA,NA,0.125
2001,2,13,-30.22,0.625,768.7,1,10.25,0.5,313.75,1,64.75,1,10.13,308.04,0.5
2001,2,14,-30.4,0.5,773.95,1,10.29,0.875,307.5,0.5,68,1,7.91,307.8,0.5
2001,2,15,-31.16,0.625,769.04,1,14.5,0.75,312.5,0.5,66.25,1,14.52,311.83,0.375
2001,2,16,-30,0.25,762.19,1,17.75,0.5,312,0.625,62.25,1,17.5,310,0.25
2001,2,17,-25.78,0.75,766.29,1,11.33,0.375,278.75,1,69.38,1,10.37,293.5,0.375
2001,2,18,-31.53,0.75,768.44,1,15.6,0.625,315,1,62.88,1,15.54,316.03,0.625
2001,2,19,-31.26,0.625,767.35,1,15.75,0.5,313.75,1,63.38,1,15.51,319.84,0.5
2001,2,20,-32.15,0.5,761.3,1,NA,0.125,323.75,1,61,1,NA,NA,0.125
2001,2,21,-33.66,0.625,763.8,1,15,0.375,306.25,1,59,1,14.95,316.67,0.375
2001,2,22,-29.9,0.5,767.54,1,12,0.375,318.75,1,69.25,1,11.96,313.61,0.375
2001,2,23,-30.13,0.75,765.72,1,14,0.25,306.25,1,64.38,1,13.53,306.1,0.25
2001,2,24,-35.38,0.5,763.75,1,18.67,0.375,312.5,0.5,60.63,1,NA,NA,0.125
2001,2,25,-31.99,0.875,765,1,18,0.25,321.67,0.75,64.38,1,17.93,324.72,0.25
2001,2,26,-34.11,0.875,769.51,1,18.75,0.5,330,1,55.5,1,18.39,324.53,0.5
2001,2,27,-27.27,0.875,772.5,1,13.25,0.5,302.5,1,56.63,1,12.5,307.59,0.5
2001,2,28,-24.38,0.625,769.9,1,7.6,0.625,285,1,68.63,1,6.97,280.3,0.625
2001,3,1,-26.99,1,769.51,1,10.2,0.625,302.5,1,63.25,1,9.92,298.56,0.625
2001,3,2,-30.59,1,770.26,1,14.5,0.25,327.5,1,56.5,1,14.28,319.65,0.25
2001,3,3,-35.6,1,770.97,1,NA,0.125,322.5,1,50.13,1,NA,NA,0.125
2001,3,4,-37.8,0.5,771.35,1,14.6,0.625,313.33,0.375,46.25,1,15,310,0.25
2001,3,5,-39.08,0.5,765.99,1,11.4,0.625,317.5,0.5,54,1,9.21,313.6,0.375
2001,3,6,-40.3,0.625,762.07,1,17,0.5,330,0.875,52.25,1,17.93,334.07,0.375
2001,3,7,-39.66,0.625,757.81,1,18,0.5,320,1,51.63,1,17.81,322.51,0.5
2001,3,8,-42.58,0.75,758.3,1,NA,0,307.5,1,49.88,1,NA,NA,0
2001,3,9,-44.21,1,756.26,1,20,0.25,326.25,1,51.38,1,19.73,326.47,0.25
2001,3,10,-44.04,0.875,754.09,1,15.5,0.5,312,0.625,50.75,1,NA,NA,0.125
2001,3,11,-40.79,0.875,759.5,1,18.4,0.625,325,1,55.5,1,18.17,330.55,0.625
2001,3,12,-38.24,1,762.28,1,NA,0,331.43,0.875,58.63,1,NA,NA,0
2001,3,13,-34.63,0.75,772.6,1,16,0.375,326.67,0.75,54.75,1,15.95,326.67,0.375
2001,3,14,-37.03,1,771.74,1,16.67,0.375,320,1,51.38,1,16.61,323.4,0.375
2001,3,15,-40.54,0.875,763.51,1,19,0.25,320,1,51.63,1,18.71,330.53,0.25
2001,3,16,-42.83,0.75,756.34,1,NA,0,331.25,1,50.38,1,NA,NA,0
2001,3,17,-45.05,1,758.16,1,NA,0.125,318.75,1,51,1,NA,NA,0.125
2001,3,18,-47.72,0.625,757.83,1,19,0.25,325,1,48.75,1,19,320,0.25
2001,3,19,-44.5,0.875,759.5,1,15,0.25,325,1,51.63,1,14.78,322.02,0.25
2001,3,20,-41.93,0.5,754.55,1,21,0.25,314,0.625,54.75,1,NA,NA,0.125
2001,3,21,-47.97,0.75,751.71,1,15.17,0.75,306,0.625,46.13,1,15.11,307.8,0.375
2001,3,22,-42.48,0.625,756.29,1,16.33,0.375,306.67,0.75,54.63,1,16.28,303.47,0.375
2001,3,23,-43.64,0.625,756.8,1,19.5,0.25,317.5,0.5,52,1,NA,NA,0.125
2001,3,24,-48.2,1,755.78,1,19.75,0.5,330,0.5,47.63,1,19.6,326.44,0.375
2001,3,25,-43.85,1,760.76,1,16.5,0.75,318.75,1,52.71,0.875,16.04,319.27,0.75
2001,3,26,-32.6,0.5,770.44,1,9.5,0.5,311.25,1,65.5,1,9.13,310.41,0.5
2001,3,27,-27.95,0.75,778.05,1,10.2,0.625,297.5,1,66.5,1,9.28,290.95,0.625
2001,3,28,-38.1,0.75,770.55,1,16.5,0.25,327.5,1,59.88,1,16.44,324.54,0.25
2001,3,29,-37.01,0.875,764.84,1,15.5,0.25,331.43,0.875,56.38,1,NA,NA,0.125
2001,3,30,-38.84,0.875,767.71,1,14.83,0.75,330,0.5,52,1,14.56,329.66,0.5
2001,3,31,-37.93,1,769.48,1,17.75,0.5,322,0.625,51.25,1,17.73,321.68,0.25
2001,4,1,-37.75,0.25,759.24,1,NA,0.125,312,0.625,57.75,1,NA,NA,0
2001,4,2,-44.64,1,762.39,1,18,0.375,328,0.625,52,1,NA,NA,0.125
2001,4,3,-46.23,1,758.33,1,20.5,0.25,325,1,50.25,1,19.33,324.57,0.25
2001,4,4,-41.93,0.75,756.6,1,NA,0.125,267.5,1,54.75,1,NA,NA,0.125
2001,4,5,-37,1,758.11,1,10.5,0.5,214,0.625,60.38,1,NA,NA,0.125
2001,4,6,-39.65,0.75,761.58,1,15,0.625,322.5,1,57,1,14.79,322.56,0.625
2001,4,7,-39.16,1,760.68,1,22.33,0.375,330,1,57.38,1,22.26,336.57,0.375
2001,4,8,-43.83,0.875,753.16,1,18.75,0.5,308.57,0.875,52.13,1,20.45,310.16,0.375
2001,4,9,-47.47,0.75,757.35,1,16.67,0.75,310,0.625,48.25,1,17.93,314.07,0.375
2001,4,10,-51.36,1,760.64,1,20.57,0.875,NA,0,44.13,1,NA,NA,0
2001,4,11,-50.5,1,753.79,1,23.6,0.625,313.75,1,45.25,1,23.51,314.07,0.625
2001,4,12,-48.05,1,746.38,1,20.83,0.75,315,0.25,47.63,1,20.42,314.88,0.25
2001,4,13,-41.91,0.875,740.28,1,16.33,0.75,315,1,55,1,16.27,314.8,0.75
2001,4,14,-37.78,0.625,744.89,1,NA,0.125,310,1,59.5,1,NA,NA,0.125
2001,4,15,-43.66,0.875,748.4,1,14.5,1,315,0.5,53.63,1,14.94,315,0.5
2001,4,16,-36.67,0.75,755.36,1,12.83,0.75,310,0.75,59.25,1,13.03,314.71,0.5
2001,4,17,-44.06,1,758.21,1,15.25,1,316,0.625,52.75,1,15.14,316.06,0.625
2001,4,18,-38.13,0.5,760.69,1,14.5,0.25,306,0.625,63.13,1,14.5,310,0.25
2001,4,19,-43.7,0.625,756.74,1,NA,0.125,288,0.625,53.38,1,NA,NA,0.125
2001,4,20,-44.53,0.875,750.75,1,14.33,0.375,306.25,1,52,1,14.28,313.72,0.375
2001,4,21,-49.18,1,745.11,1,22,0.375,318.75,1,47,1,22,320,0.375
2001,4,22,-47.43,0.875,750.83,1,14.33,0.75,298.75,1,48.25,1,14.22,304.08,0.75
2001,4,23,-52.2,1,762.06,1,19,0.25,317.5,1,43.5,1,19,320,0.25
2001,4,24,-52.13,1,768.51,1,NA,0,326.25,1,43.5,1,NA,NA,0
2001,4,25,-43.22,0.75,777.39,1,NA,0,327.5,1,50.75,1,NA,NA,0
2001,4,26,-41.71,1,773.59,1,16.2,0.625,316.25,1,48.75,1,16.06,318.14,0.625
2001,4,27,-44.73,1,763.96,1,18.33,0.375,333.75,1,50.5,1,18.27,333.09,0.375
2001,4,28,-45.11,0.875,756.99,1,17.33,0.375,333.75,1,49.88,1,17.27,343.46,0.375
2001,4,29,-46.31,1,754.07,1,NA,0,310,1,47.29,0.875,NA,NA,0
2001,4,30,-48.26,1,760.43,1,NA,0.125,326.25,1,47.75,1,NA,NA,0.125
2001,5,1,-49.56,1,757.55,1,20.6,0.625,325,1,45.75,1,20.52,324.17,0.625
2001,5,2,-47,1,756.71,1,18.8,0.625,331.67,0.75,48.5,1,19.94,332.75,0.5
2001,5,3,-48.59,0.875,756.36,1,23.14,0.875,326,0.625,47.63,1,22.02,327.85,0.5
2001,5,4,-41.57,0.75,755.41,1,22,0.375,314,0.625,52.63,1,NA,NA,0
2001,5,5,-54.11,1,756.55,1,21,0.375,320,0.5,41.25,1,20.42,325.12,0.25
2001,5,6,-51.66,1,760.84,1,19,1,NA,0.125,43.5,1,NA,NA,0.125
2001,5,7,-47.71,1,768.84,1,18.33,0.75,317.14,0.875,47.63,1,18.36,318.05,0.625
2001,5,8,-46.61,0.875,770.56,1,21.67,0.375,336,0.625,49.38,1,NA,NA,0.125
2001,5,9,-48.89,1,772.15,1,20.6,0.625,322.5,1,45.88,1,20.53,326.22,0.625
2001,5,10,-43.5,0.75,771.94,1,19.83,0.75,328,0.625,52.25,1,20.9,328.04,0.5
2001,5,11,-41.49,1,780.6,1,17,0.5,336.25,1,53.38,1,16.87,339.12,0.5
2001,5,12,-38.95,0.5,777.72,1,NA,0,322,0.625,56.75,1,NA,NA,0
2001,5,13,-42.57,0.875,766.9,1,16.5,0.25,333.75,1,51.13,1,16.5,320,0.25
2001,5,14,-46.78,1,759.44,1,17.8,0.625,NA,0.125,48.75,1,NA,NA,0.125
2001,5,15,-49.37,0.375,759.57,0.375,20,0.25,330,0.25,46.33,0.375,NA,NA,0.125
2001,5,16,NA,0,NA,0,NA,0,NA,0,NA,0,NA,NA,0
2001,5,17,NA,0,NA,0,NA,0,NA,0,NA,0,NA,NA,0
2001,5,18,NA,0,NA,0,NA,0,NA,0,NA,0,NA,NA,0
2001,5,19,NA,0,NA,0,NA,0,NA,0,NA,0,NA,NA,0
2001,5,20,NA,0,NA,0,NA,0,NA,0,NA,0,NA,NA,0
2001,5,21,NA,0,NA,0,NA,0,NA,0,NA,0,NA,NA,0
2001,5,22,NA,0,NA,0,NA,0,NA,0,NA,0,NA,NA,0
2001,5,23,NA,0,NA,0,NA,0,NA,0,NA,0,NA,NA,0
2001,5,24,NA,0,NA,0,NA,0,NA,0,NA,0,NA,NA,0
2001,5,25,NA,0,NA,0,NA,0,NA,0,NA,0,NA,NA,0
2001,5,26,NA,0,NA,0,NA,0,NA,0,NA,0,NA,NA,0
2001,5,27,NA,0,NA,0,NA,0,NA,0,NA,0,NA,NA,0
2001,5,28,NA,0,NA,0,NA,0,NA,0,NA,0,NA,NA,0
2001,5,29,NA,0,NA,0,NA,0,NA,0,NA,0,NA,NA,0
2001,5,30,NA,0,NA,0,NA,0,NA,0,NA,0,NA,NA,0
2001,5,31,NA,0,NA,0,NA,0,NA,0,NA,0,NA,NA,0
2001,6,1,NA,0,NA,0,NA,0,NA,0,NA,0,NA,NA,0
2001,6,2,NA,0,NA,0,NA,0,NA,0,NA,0,NA,NA,0
2001,6,3,NA,0,NA,0,NA,0,NA,0,NA,0,NA,NA,0
2001,6,4,NA,0,NA,0,NA,0,NA,0,NA,0,NA,NA,0
2001,6,5,NA,0,NA,0,NA,0,NA,0,NA,0,NA,NA,0
2001,6,6,NA,0,NA,0,NA,0,NA,0,NA,0,NA,NA,0
2001,6,7,NA,0,NA,0,NA,0,NA,0,NA,0,NA,NA,0
2001,6,8,NA,0,NA,0,NA,0,NA,0,NA,0,NA,NA,0
2001,6,9,NA,0,NA,0,NA,0,NA,0,NA,0,NA,NA,0
2001,6,10,NA,0,NA,0,NA,0,NA,0,NA,0,NA,NA,0
2001,6,11,NA,0,NA,0,NA,0,NA,0,NA,0,NA,NA,0
2001,6,12,NA,0,NA,0,NA,0,NA,0,NA,0,NA,NA,0
2001,6,13,NA,0,NA,0,NA,0,NA,0,NA,0,NA,NA,0
2001,6,14,NA,0,NA,0,NA,0,NA,0,NA,0,NA,NA,0
2001,6,15,NA,0,NA,0,NA,0,NA,0,NA,0,NA,NA,0
2001,6,16,NA,0,NA,0,NA,0,NA,0,NA,0,NA,NA,0
2001,6,17,NA,0,NA,0,NA,0,NA,0,NA,0,NA,NA,0
2001,6,18,NA,0,NA,0,NA,0,NA,0,NA,0,NA,NA,0
2001,6,19,NA,0,NA,0,NA,0,NA,0,NA,0,NA,NA,0
2001,6,20,NA,0,NA,0,NA,0,NA,0,NA,0,NA,NA,0
2001,6,21,NA,0,NA,0,NA,0,NA,0,NA,0,NA,NA,0
2001,6,22,NA,0,NA,0,NA,0,NA,0,NA,0,NA,NA,0
2001,6,23,NA,0,NA,0,NA,0,NA,0,NA,0,NA,NA,0
2001,6,24,NA,0,NA,0,NA,0,NA,0,NA,0,NA,NA,0
2001,6,25,NA,0,NA,0,NA,0,NA,0,NA,0,NA,NA,0
2001,6,26,NA,0,NA,0,NA,0,NA,0,NA,0,NA,NA,0
2001,6,27,NA,0,NA,0,NA,0,NA,0,NA,0,NA,NA,0
2001,6,28,NA,0,NA,0,NA,0,NA,0,NA,0,NA,NA,0
2001,6,29,NA,0,NA,0,NA,0,NA,0,NA,0,NA,NA,0
2001,6,30,NA,0,NA,0,NA,0,NA,0,NA,0,NA,NA,0
2001,7,1,NA,0,NA,0,NA,0,NA,0,NA,0,NA,NA,0
2001,7,2,NA,0,NA,0,NA,0,NA,0,NA,0,NA,NA,0
2001,7,3,NA,0,NA,0,NA,0,NA,0,NA,0,NA,NA,0
2001,7,4,NA,0,NA,0,NA,0,NA,0,NA,0,NA,NA,0
2001,7,5,NA,0,NA,0,NA,0,NA,0,NA,0,NA,NA,0
2001,7,6,NA,0,NA,0,NA,0,NA,0,NA,0,NA,NA,0
2001,7,7,NA,0,NA,0,NA,0,NA,0,NA,0,NA,NA,0
2001,7,8,NA,0,NA,0,NA,0,NA,0,NA,0,NA,NA,0
2001,7,9,NA,0,NA,0,NA,0,NA,0,NA,0,NA,NA,0
2001,7,10,NA,0,NA,0,NA,0,NA,0,NA,0,NA,NA,0
2001,7,11,NA,0,NA,0,NA,0,NA,0,NA,0,NA,NA,0
2001,7,12,NA,0,NA,0,NA,0,NA,0,NA,0,NA,NA,0
2001,7,13,NA,0,NA,0,NA,0,NA,0,NA,0,NA,NA,0
2001,7,14,NA,0,NA,0,NA,0,NA,0,NA,0,NA,NA,0
2001,7,15,NA,0,NA,0,NA,0,NA,0,NA,0,NA,NA,0
2001,7,16,NA,0,NA,0,NA,0,NA,0,NA,0,NA,NA,0
2001,7,17,NA,0,NA,0,NA,0,NA,0,NA,0,NA,NA,0
2001,7,18,NA,0,NA,0,NA,0,NA,0,NA,0,NA,NA,0
2001,7,19,NA,0,NA,0,NA,0,NA,0,NA,0,NA,NA,0
2001,7,20,NA,0,NA,0,NA,0,NA,0,NA,0,NA,NA,0
2001,7,21,NA,0,NA,0,NA,0,NA,0,NA,0,NA,NA,0
2001,7,22,NA,0,NA,0,NA,0,NA,0,NA,0,NA,NA,0
2001,7,23,NA,0,NA,0,NA,0,NA,0,NA,0,NA,NA,0
2001,7,24,NA,0,NA,0,NA,0,NA,0,NA,0,NA,NA,0
2001,7,25,NA,0,NA,0,NA,0,NA,0,NA,0,NA,NA,0
2001,7,26,NA,0,NA,0,NA,0,NA,0,NA,0,NA,NA,0
2001,7,27,NA,0,NA,0,NA,0,NA,0,NA,0,NA,NA,0
2001,7,28,NA,0,NA,0,NA,0,NA,0,NA,0,NA,NA,0
2001,7,29,NA,0,NA,0,NA,0,NA,0,NA,0,NA,NA,0
2001,7,30,NA,0,NA,0,NA,0,NA,0,NA,0,NA,NA,0
2001,7,31,NA,0,NA,0,NA,0,NA,0,NA,0,NA,NA,0
2001,8,1,NA,0,NA,0,NA,0,NA,0,NA,0,NA,NA,0
2001,8,2,NA,0,NA,0,NA,0,NA,0,NA,0,NA,NA,0
2001,8,3,NA,0,NA,0,NA,0,NA,0,NA,0,NA,NA,0
2001,8,4,NA,0,NA,0,NA,0,NA,0,NA,0,NA,NA,0
2001,8,5,NA,0,NA,0,NA,0,NA,0,NA,0,NA,NA,0
2001,8,6,NA,0,NA,0,NA,0,NA,0,NA,0,NA,NA,0
2001,8,7,NA,0,NA,0,NA,0,NA,0,NA,0,NA,NA,0
2001,8,8,NA,0,NA,0,NA,0,NA,0,NA,0,NA,NA,0
2001,8,9,NA,0,NA,0,NA,0,NA,0,NA,0,NA,NA,0
2001,8,10,NA,0,NA,0,NA,0,NA,0,NA,0,NA,NA,0
2001,8,11,NA,0,NA,0,NA,0,NA,0,NA,0,NA,NA,0
2001,8,12,NA,0,NA,0,NA,0,NA,0,NA,0,NA,NA,0
2001,8,13,NA,0,NA,0,NA,0,NA,0,NA,0,NA,NA,0
2001,8,14,NA,0,NA,0,NA,0,NA,0,NA,0,NA,NA,0
2001,8,15,NA,0,NA,0,NA,0,NA,0,NA,0,NA,NA,0
2001,8,16,NA,0,NA,0,NA,0,NA,0,NA,0,NA,NA,0
2001,8,17,NA,0,NA,0,NA,0,NA,0,NA,0,NA,NA,0
2001,8,18,NA,0,NA,0,NA,0,NA,0,NA,0,NA,NA,0
2001,8,19,NA,0,NA,0,NA,0,NA,0,NA,0,NA,NA,0
2001,8,20,NA,0,NA,0,NA,0,NA,0,NA,0,NA,NA,0
2001,8,21,NA,0,NA,0,NA,0,NA,0,NA,0,NA,NA,0
2001,8,22,NA,0,NA,0,NA,0,NA,0,NA,0,NA,NA,0
2001,8,23,NA,0,NA,0,NA,0,NA,0,NA,0,NA,NA,0
2001,8,24,NA,0,NA,0,NA,0,NA,0,NA,0,NA,NA,0
2001,8,25,NA,0,NA,0,NA,0,NA,0,NA,0,NA,NA,0
2001,8,26,NA,0,NA,0,NA,0,NA,0,NA,0,NA,NA,0
2001,8,27,NA,0,NA,0,NA,0,NA,0,NA,0,NA,NA,0
2001,8,28,NA,0,NA,0,NA,0,NA,0,NA,0,NA,NA,0
2001,8,29,NA,0,NA,0,NA,0,NA,0,NA,0,NA,NA,0
2001,8,30,NA,0,NA,0,NA,0,NA,0,NA,0,NA,NA,0
2001,8,31,NA,0,NA,0,NA,0,NA,0,NA,0,NA,NA,0
2001,9,1,NA,0,NA,0,NA,0,NA,0,NA,0,NA,NA,0
2001,9,2,NA,0,NA,0,NA,0,NA,0,NA,0,NA,NA,0
2001,9,3,NA,0,NA,0,NA,0,NA,0,NA,0,NA,NA,0
2001,9,4,NA,0,NA,0,NA,0,NA,0,NA,0,NA,NA,0
2001,9,5,NA,0,NA,0,NA,0,NA,0,NA,0,NA,NA,0
2001,9,6,NA,0,NA,0,NA,0,NA,0,NA,0,NA,NA,0
2001,9,7,NA,0,NA,0,NA,0,NA,0,NA,0,NA,NA,0
2001,9,8,NA,0,NA,0,NA,0,NA,0,NA,0,NA,NA,0
2001,9,9,-46.7,0.25,774.35,0.25,NA,0,330,0.25,49,0.25,NA,NA,0
2001,9,10,NA,0.125,NA,0.125,NA,0.125,NA,0.125,NA,0.125,NA,NA,0.125
2001,9,11,-45.87,0.375,757.7,0.375,NA,0,340,0.375,49.33,0.375,NA,NA,0
2001,9,12,-46.35,0.25,757.07,0.5,19.33,0.375,325,0.5,50.75,0.5,19.27,323.62,0.375
2001,9,13,-38.13,0.75,759.55,0.75,16,0.5,308.33,0.75,58.5,0.75,15.89,310.78,0.5
2001,9,14,-39.3,1,765.74,1,18.67,0.75,315,0.5,58,1,18.43,315,0.5
2001,9,15,-34.63,1,760.24,1,13.83,0.75,308.57,0.875,61.13,1,13.31,310.6,0.625
2001,9,16,-33.53,0.75,759.97,0.75,13.8,0.625,298.33,0.75,60.83,0.75,13.54,299.9,0.625
2001,9,17,-41.63,0.75,753.04,1,19.25,0.5,316,0.625,53.13,1,19.05,313,0.5
2001,9,18,-45.04,1,748.86,1,20.88,1,320,1,49.38,1,20.8,320.18,1
2001,9,19,-50.83,0.875,749.99,1,21,0.75,314,0.625,44.63,1,21.52,313.7,0.625
2001,9,20,-52.81,1,752.71,1,21,0.75,317.5,0.5,42.88,1,20.33,320,0.375
2001,9,21,-48.97,0.75,756.34,1,17.75,1,313.75,1,47.13,1,17.69,313.8,1
2001,9,22,-46.85,0.75,759.98,0.75,NA,0.125,325,0.75,48.67,0.75,NA,NA,0.125
2001,9,23,-47.93,0.5,752.54,0.625,NA,0.125,316,0.625,46.6,0.625,NA,NA,0.125
2001,9,24,-48.28,0.5,750.98,0.625,18.25,0.5,316,0.625,47.2,0.625,18.18,314.93,0.5
2001,9,25,-47.93,0.5,752.25,0.5,21.5,0.5,NA,0,47.25,0.5,NA,NA,0
2001,9,26,-48.8,0.625,746.9,0.625,20.75,0.5,316,0.625,46.4,0.625,20.52,317.45,0.5
2001,9,27,-50.05,0.5,741.45,0.5,21.5,0.5,317.5,0.5,44.75,0.5,21.44,317.68,0.5
2001,9,28,-46.64,0.625,741.4,0.625,20.5,0.5,322,0.625,48.6,0.625,20.3,326.14,0.5
2001,9,29,-47.68,0.5,746.6,0.625,17.4,0.625,312,0.625,47.6,0.625,17.36,311.72,0.625
2001,9,30,-48.4,0.625,746.1,0.625,20.4,0.625,316,0.625,46.4,0.625,20.33,316.38,0.625
2001,10,1,-50.58,0.5,742.92,0.625,22.6,0.625,322,0.625,44.4,0.625,22.41,321.95,0.625
2001,10,2,-47.36,0.625,739.86,0.625,22,0.25,326,0.625,47.6,0.625,21.92,325.68,0.25
2001,10,3,-48.28,0.5,742.47,0.5,NA,0.125,320,0.5,46.5,0.5,NA,NA,0.125
2001,10,4,-33.73,0.375,749.33,0.5,12.33,0.375,310,0.5,62.25,0.5,12.04,308.16,0.375
2001,10,5,-30.34,0.625,757.26,0.625,11,0.5,298,0.625,67.2,0.625,9.57,307.81,0.5
2001,10,6,-30.55,0.5,756.94,0.625,3.5,0.25,290,0.625,67,0.625,2.05,296.53,0.25
2001,10,7,-37.7,0.625,756.02,0.625,14,0.375,NA,0.125,59.6,0.625,NA,NA,0.125
2001,10,8,-35.9,0.625,753.62,0.625,14.75,0.5,306,0.625,59.8,0.625,14.47,304.91,0.5
2001,10,9,-37.86,0.625,757.58,0.625,NA,0.125,314,0.625,58.4,0.625,NA,NA,0.125
2001,10,10,-35.45,0.5,758.98,0.625,NA,0.125,318,0.625,57.8,0.625,NA,NA,0.125
2001,10,11,-39.06,0.625,751.98,0.625,15,0.25,322,0.625,51.4,0.625,15,320,0.25
2001,10,12,-39.57,0.375,751.92,0.625,23,0.25,322,0.625,50.2,0.625,23,320,0.25
2001,10,13,-42.18,0.625,755.18,0.625,21.5,0.25,316,0.625,51,0.625,21.5,320,0.25
2001,10,14,-42.94,0.625,756.66,0.625,20.33,0.375,328,0.625,44.8,0.625,20.07,326.2,0.375
2001,10,15,-44.16,0.625,753.1,0.625,16.5,0.25,318,0.625,48.2,0.625,16.44,313.94,0.25
2001,10,16,-43.83,0.375,755.16,0.625,18,0.625,320,0.625,48.6,0.625,17.64,318.72,0.625
2001,10,17,-39.37,0.375,756.44,0.625,NA,0.125,284,0.625,52.8,0.625,NA,NA,0.125
2001,10,18,-35.88,0.625,756.98,0.625,6.67,0.375,294,0.625,55.8,0.625,6.64,293.5,0.375
2001,10,19,-37.64,0.625,748.27,0.75,17,0.25,313.33,0.75,53,0.75,17,310,0.25
2001,10,20,-43.07,0.375,745.28,0.75,14,0.25,321.67,0.75,54.33,0.75,13.95,325,0.25
2001,10,21,-44.14,0.625,752.48,0.75,14,0.25,306.67,0.75,51.83,0.75,13.16,301.49,0.25
2001,10,22,-40.16,0.625,756.53,0.75,13.5,0.5,314,0.625,55.17,0.75,11.55,322.87,0.375
2001,10,23,-39.87,0.375,754.35,0.75,14,0.25,324,0.625,56.5,0.75,13.95,323.93,0.25
2001,10,24,-40.85,0.5,751.63,0.75,18,0.5,323.33,0.75,52.17,0.75,17.34,327.17,0.5
2001,10,25,-39.1,0.25,753.35,0.5,NA,0.125,325,0.5,51.5,0.5,NA,NA,0.125
2001,10,26,-44.5,0.25,756.6,0.25,21,0.25,315,0.25,51.5,0.25,20.92,315.48,0.25
2001,10,27,-42.73,0.5,754.65,0.75,19,0.25,312,0.625,51.33,0.75,19,310,0.25
2001,10,28,-38.23,0.375,753.67,0.75,NA,0.125,322.5,0.5,54.83,0.75,NA,NA,0.125
2001,10,29,-35.2,0.625,753.3,0.75,18,0.375,305,0.25,53.83,0.75,17.43,305.43,0.25
2001,10,30,-36.28,0.5,750.85,0.75,NA,0.125,273.33,0.75,56,0.75,NA,NA,0.125
2001,10,31,-31.3,0.375,752.63,0.75,18,0.25,328.33,0.75,60.83,0.75,16.93,317.68,0.25
2001,11,1,-34.13,0.375,758.67,0.75,3.5,0.25,146.67,0.75,65.33,0.75,2.99,271.7,0.25
2001,11,2,-34.85,0.75,757.57,0.75,9.75,0.5,315,0.75,60.5,0.75,9.42,304.61,0.5
2001,11,3,-36.16,0.625,755.36,0.875,14.5,0.5,308.57,0.875,57.29,0.875,14.34,310.17,0.5
2001,11,4,-36.4,0.5,757.59,0.875,16.17,0.75,315,0.5,58.71,0.875,17.27,316.54,0.375
2001,11,5,-36.7,0.5,754.39,0.875,18.8,0.625,315.71,0.875,59.14,0.875,18.76,318.3,0.625
2001,11,6,-36.35,0.5,745.69,0.875,17,0.25,325.71,0.875,57.29,0.875,16.94,335.29,0.25
2001,11,7,-32.73,0.375,742.7,0.875,NA,0.125,311.43,0.875,60.86,0.875,NA,NA,0.125
2001,11,8,-31.77,0.375,754.19,0.875,10.75,0.5,284.29,0.875,65.29,0.875,9.1,310.2,0.5
2001,11,9,-29.63,0.375,754.99,0.875,NA,0.125,318.57,0.875,63.14,0.875,NA,NA,0.125
2001,11,10,-26.93,0.375,754.29,0.875,7.33,0.375,212.86,0.875,71.29,0.875,3.4,263.42,0.375
2001,11,11,-23.8,0.75,752.84,0.875,4,0.75,248.57,0.875,70.29,0.875,2.29,251.37,0.75
2001,11,12,-24.04,0.625,750.89,0.875,3,0.625,240,0.875,69.83,0.75,1.36,276.78,0.625
2001,11,13,-24.97,0.75,755.3,0.875,7.5,0.5,202.86,0.875,74.14,0.875,6.84,178.36,0.5
2001,11,14,-27.05,0.75,758.53,1,NA,0.125,226.25,1,70.5,1,NA,NA,0.125
2001,11,15,-29.62,0.75,757.59,1,3.67,0.375,267.5,1,67.25,1,3.23,202.39,0.375
2001,11,16,-28.61,0.875,759.46,1,NA,0.125,243.75,1,65.75,1,NA,NA,0.125
2001,11,17,-32.17,0.875,759.78,1,11.6,0.625,310,1,60.25,1,11.13,304.73,0.625
2001,11,18,-32.68,0.5,757.59,1,13.6,0.625,310,1,58.38,1,13.55,313.97,0.625
2001,11,19,-32.47,0.375,758.54,1,6.2,0.625,282,0.625,58.5,1,4.69,292.21,0.375
2001,11,20,-30.6,0.5,760.19,1,5,0.625,256.25,1,64.63,1,2.89,243.41,0.625
2001,11,21,-26.3,0.75,758.95,1,6.33,0.375,227.5,1,69.13,1,2.58,234.49,0.375
2001,11,22,-28.72,0.625,760.94,1,9.8,0.625,307.5,1,62.88,1,9.63,307.56,0.625
2001,11,23,-27.17,0.5,762.08,1,8.33,0.375,293.75,1,64.75,1,8.31,256.8,0.375
2001,11,24,-27.47,0.375,757.87,1,10.25,0.5,326.25,1,67.38,1,9.99,327.83,0.5
2001,11,25,-22.78,0.5,762.65,1,10,0.25,275,1,71,1,8.37,316.86,0.25
2001,11,26,-26.12,0.625,771.05,1,12,0.25,332.5,1,54.25,1,11.82,329.16,0.25
2001,11,27,-26.07,0.75,762.14,1,11.5,0.25,301.25,1,63.88,1,11.46,304.78,0.25
2001,11,28,-26.53,0.75,754.47,1,5.75,0.5,285,1,64.75,1,4.93,293.41,0.5
2001,11,29,-22.43,0.75,762.19,1,4.8,0.625,238.75,1,72.63,1,4.31,298.12,0.625
2001,11,30,-25.61,0.875,763.97,1,10.33,0.375,313.75,1,65.13,1,9.98,304.5,0.375
2001,12,1,-25.78,0.75,755.38,1,12.8,0.625,315,1,65.25,1,12.43,312.85,0.625
2001,12,2,-25.55,0.25,756.06,1,16,0.25,315,1,65,1,15.94,324.37,0.25
2001,12,3,-23.2,0.375,754.98,1,10.5,0.5,293.75,1,66.88,1,10.24,315.5,0.5
2001,12,4,-22.1,0.875,756.69,1,NA,0.125,195,1,75.63,1,NA,NA,0.125
2001,12,5,-23.64,0.625,758.26,1,NA,0,263.75,1,66.88,1,NA,NA,0
2001,12,6,-25.86,0.625,752.1,1,6,0.25,278.75,1,65.5,1,5.82,310.1,0.25
2001,12,7,-22.4,0.5,753.05,1,4.6,0.625,265,1,70.38,1,2.66,270.57,0.625
2001,12,8,-23.7,0.625,755.09,1,6.67,0.375,285,1,68.25,1,4.86,282.43,0.375
2001,12,9,-26.7,0.25,756.66,1,NA,0.125,287.5,1,70.57,0.875,NA,NA,0.125
2001,12,10,-24.42,0.5,753.97,1,14.33,0.375,317.5,1,67.63,1,14.14,326.48,0.375
2001,12,11,-21.74,0.625,749.28,1,NA,0,208.75,1,74.38,1,NA,NA,0
2001,12,12,-22.55,0.5,750.59,1,6.6,0.625,227.5,1,66.38,1,2.08,245.64,0.625
2001,12,13,-22.53,0.875,747.56,1,NA,0,223.75,1,71.63,1,NA,NA,0
2001,12,14,-17.07,0.875,748.36,1,14.33,0.375,185,1,79.13,1,14.16,185.54,0.375
2001,12,15,-17.58,1,748.71,1,NA,0,197.5,1,79.88,1,NA,NA,0
2001,12,16,-18.32,0.75,753.63,1,NA,0.125,205,1,75.38,1,NA,NA,0.125
2001,12,17,-18.13,0.75,761.81,1,NA,0,254.29,0.875,72,1,NA,NA,0
2001,12,18,-21.33,0.875,762.98,1,13,0.25,333.33,0.375,66.75,1,NA,NA,0
2001,12,19,-21.2,0.5,761.74,1,16.5,0.25,310,1,67.38,1,16.5,310,0.25
2001,12,20,-18.88,0.5,770.71,1,13.5,0.25,317.5,1,69.13,1,13.45,326.3,0.25
2001,12,21,-17.17,0.875,772.41,1,6.75,0.5,282.5,1,70.88,1,6.32,289.6,0.5
2001,12,22,-16.04,0.625,768.44,1,8.4,0.625,303.75,1,69.88,1,8.06,299.03,0.625
2001,12,23,-17.45,0.75,766.59,1,5.33,0.375,257.5,1,75.63,1,4.41,260.78,0.375
2001,12,24,-20.12,0.625,766.28,1,8.6,0.625,301.25,1,71.25,1,8.28,294.78,0.625
2001,12,25,-20.85,0.5,767.32,1,NA,0.125,302.5,1,68.63,1,NA,NA,0.125
2001,12,26,-18.73,0.5,776.59,1,9.5,0.25,250,1,74.5,1,9.2,299.03,0.25
2001,12,27,-18.2,0.375,781.64,1,NA,0.125,303.75,1,72.25,1,NA,NA,0.125
2001,12,28,-16.15,0.5,785.29,1,7.8,0.625,300,1,69.75,1,6.58,310.96,0.625
2001,12,29,-15.62,0.625,789.23,1,7.5,0.25,246.25,1,64.75,1,7.47,225.33,0.25
2001,12,30,-13.34,0.875,782.81,1,NA,0,233.75,1,63.5,1,NA,NA,0
2001,12,31,-15.8,0.75,776.04,1,14,0.25,212.5,1,76.88,1,13.95,196.07,0.25
2002,1,1,-17.36,0.875,772.81,1,14,0.25,203.75,1,77.38,1,13.95,224.64,0.25
2002,1,2,-17.5,0.75,769.79,1,NA,0.125,210,1,75.63,1,NA,NA,0.125
2002,1,3,-15,1,769.16,1,NA,0,193.75,1,80.5,1,NA,NA,0
2002,1,4,-13.59,1,770.96,1,12,0.25,217.5,1,80.13,1,11.95,195.42,0.25
2002,1,5,-15.48,0.75,771.61,1,4.83,0.75,273.75,1,68.88,1,4.21,275.49,0.75
2002,1,6,-18.78,0.5,771.47,1,7,0.75,281.25,1,69.13,1,6.3,297.7,0.75
2002,1,7,-17.15,0.25,771.19,1,6.67,0.375,295,1,71.88,1,6.61,308.5,0.375
2002,1,8,-16.08,0.75,773.27,1,6,0.5,205,1,73.5,1,5.36,234.74,0.5
2002,1,9,-17.07,0.75,781.05,1,NA,0.125,266,0.625,70.75,1,NA,NA,0.125
2002,1,10,-15.09,0.875,789.24,1,NA,0.125,278.75,1,68.25,1,NA,NA,0.125
2002,1,11,-13.53,0.875,786.41,1,NA,0,296.25,1,60.75,1,NA,NA,0
2002,1,12,-13.43,0.75,770.4,1,5.67,0.375,265,1,71.38,1,5.26,265.27,0.375
2002,1,13,-16.03,0.75,771.54,1,9.8,0.625,306,0.625,72.25,1,6.7,303.47,0.375
2002,1,14,-16.18,0.625,775.09,1,3,0.25,294.29,0.875,71.25,1,2.84,286.92,0.25
2002,1,15,-14.59,0.875,776.51,1,5.33,0.375,308.33,0.75,70.88,1,3.94,270,0.25
2002,1,16,-16.26,0.875,775.45,1,12.8,0.625,295,1,68,1,12.3,288.44,0.625
2002,1,17,-17.38,0.625,769.01,1,6.5,0.25,313.75,1,72.13,1,6.41,297.67,0.25
2002,1,18,-16.94,0.875,764.01,1,7.33,0.75,183.75,1,78.88,1,6.4,161.49,0.75
2002,1,19,-18.05,1,762.54,1,7.5,0.75,215,1,78.25,1,5.86,195.79,0.75
2002,1,20,-18.56,0.625,761.04,1,6.71,0.875,250,1,73.5,1,4.51,253.39,0.875
2002,1,21,-18.95,0.75,762.14,1,5.83,0.75,295,1,71.5,1,5.78,296.84,0.75
2002,1,22,-18.3,0.875,765.28,1,4.33,0.75,281.25,1,70,1,3.34,280.65,0.75
2002,1,23,-23.23,0.75,763.58,1,15,0.375,306,0.625,67.88,1,NA,NA,0.125
2002,1,24,-19.62,0.75,762.05,1,5.5,0.5,257.5,1,75.88,1,5.05,295.06,0.5
2002,1,25,-22.76,1,760.39,1,7.5,0.25,253.75,1,67.88,1,6.31,321.86,0.25
2002,1,26,-22.79,0.875,757.7,1,6.5,0.25,300,1,65.75,1,5.93,311.14,0.25
2002,1,27,-27.6,0.25,755.69,1,NA,0,296.25,1,64.25,1,NA,NA,0
2002,1,28,-21.6,0.75,760.03,1,4.5,0.25,291.25,1,76.38,1,4.23,252.32,0.25
2002,1,29,-21.94,0.625,759.73,1,6.75,0.5,291.25,1,70.63,1,6.69,294.84,0.5
2002,1,30,-22.84,0.875,761.06,1,7.33,0.375,241.25,1,75.13,1,3.84,257.48,0.375
2002,1,31,-21.67,0.75,766.09,1,2.5,0.5,251.25,1,74.88,1,1.84,265.94,0.5
2002,2,1,-27.33,0.75,768.16,1,10.14,0.875,307.5,1,61,1,9.87,308.28,0.875
2002,2,2,-30.88,0.5,764.95,1,10.6,0.625,318.75,1,59,1,10.45,317.19,0.625
2002,2,3,-27.13,0.5,758.89,1,NA,0.125,305,1,67.75,1,NA,NA,0.125
2002,2,4,-24.9,0.5,762.9,1,5,0.25,306.25,1,66.75,1,4.71,264.16,0.25
2002,2,5,-25.18,0.75,760.89,1,10.2,0.625,311.25,1,60.25,1,10.14,310.39,0.625
2002,2,6,-26.72,0.625,755.44,1,10.67,0.375,305,1,68,1,10.61,311.85,0.375
2002,2,7,-22.75,0.25,754.93,1,10.5,0.75,316.25,1,72.63,1,10.43,318.09,0.75
2002,2,8,-23.68,0.75,759.16,1,12.75,0.5,311.25,1,68.71,0.875,12.3,315.21,0.5
2002,2,9,-23.27,0.75,757.49,1,9.67,0.375,253.75,1,72.63,1,5.99,252.72,0.375
2002,2,10,-21.87,0.75,753.55,1,7.25,0.5,262.5,1,74.5,1,3.56,278.38,0.5
2002,2,11,-27.67,0.75,753.06,1,16.25,0.5,322,0.625,62.5,1,NA,NA,0.125
2002,2,12,-31.41,0.875,757.34,1,16.5,0.5,318.75,1,61.5,1,16.45,316.82,0.5
2002,2,13,-30.65,0.5,765.86,1,16.5,0.5,318.75,1,56.88,1,16.35,326.4,0.5
2002,2,14,-30.85,1,770.8,1,NA,0.125,305,1,58.25,1,NA,NA,0.125
2002,2,15,-31.36,0.625,762.76,1,13.5,0.25,308.75,1,55.25,1,13.5,300,0.25
2002,2,16,-32.77,0.75,766.39,1,NA,0,325,1,56.88,1,NA,NA,0
2002,2,17,-30.38,0.75,771.6,1,11.2,0.625,300,1,62.25,1,11.1,297.85,0.625
2002,2,18,-31.8,0.375,771.09,1,13.33,0.375,321.25,1,63.5,1,12.4,317.56,0.375
2002,2,19,-33.44,0.625,765.64,1,17.4,0.625,325,1,63.25,1,16.88,331.92,0.625
2002,2,20,-32.03,0.5,764.8,1,NA,0.125,332.5,1,58,1,NA,NA,0.125
2002,2,21,-29.75,0.5,762.81,1,17,0.375,330,0.75,53.25,1,15.27,330.98,0.25
2002,2,22,-35.75,0.75,756.19,1,11,0.375,310,0.875,58.38,1,10.89,320,0.375
2002,2,23,-37.23,0.875,754.23,1,NA,0.125,327.5,1,57.38,1,NA,NA,0.125
2002,2,24,-38.26,1,752.56,1,18.25,0.5,325,1,52.75,1,18.06,322.07,0.5
2002,2,25,-40.08,0.75,756.85,1,17.5,0.25,321.25,1,53,1,17.5,330,0.25
2002,2,26,-38.91,1,764.69,1,NA,0.125,315,0.25,53.75,1,NA,NA,0.125
2002,2,27,-39.03,0.75,765.09,0.875,16.33,0.375,306,0.625,51.63,1,16.44,315.15,0.25
2002,2,28,-34.87,0.75,764.69,1,16.67,0.375,312,0.625,56.5,1,17.39,324.15,0.25
2002,3,1,-35.83,0.75,763.04,1,17.67,0.375,323.33,0.375,52.25,1,NA,NA,0
2002,3,2,-36.73,0.75,767.7,1,17.67,0.375,321.25,1,59.5,1,17.6,316.42,0.375
2002,3,3,-32.47,0.875,768.1,1,13.67,0.75,292,0.625,60.13,1,12.6,295.06,0.5
2002,3,4,-32.29,0.875,771.86,1,11,0.375,300,1,57.5,1,10.96,283.33,0.375
2002,3,5,-24.4,0.25,772.31,1,NA,0.125,280,1,68.63,1,NA,NA,0.125
2002,3,6,-30.98,0.625,766.18,1,16,0.375,322,0.625,61.88,1,15.83,328.74,0.375
2002,3,7,-38.46,0.875,762.34,1,22,0.375,307.5,0.5,55.88,1,NA,NA,0.125
2002,3,8,-42.97,1,758.9,1,15,0.5,312.5,1,51.63,1,14.96,317.67,0.5
2002,3,9,-42.83,0.375,760.69,1,13,0.375,310,1,53.38,1,12.86,300.77,0.375
2002,3,10,-43.26,1,759.51,1,16,0.25,330,0.625,53.63,1,16,330,0.25
2002,3,11,-38.43,0.75,763.61,1,16.5,0.25,318.33,0.75,59.5,1,NA,NA,0.125
2002,3,12,-37.13,1,769.11,1,NA,0,315,1,59.63,1,NA,NA,0
2002,3,13,-35.4,0.75,768.06,1,NA,0.125,325,1,54.63,1,NA,NA,0.125
2002,3,14,-38.82,1,777.65,1,NA,0,307.5,1,53.88,1,NA,NA,0
2002,3,15,-38.29,1,778.11,1,18,0.375,327.5,1,52.88,1,17.56,334.64,0.375
2002,3,16,-41.95,0.75,766.3,1,15.25,0.5,325,1,53.25,1,15.21,327.38,0.5
2002,3,17,-45.76,1,768.74,1,16.33,0.375,328.33,0.75,49.75,1,16.18,330.21,0.375
2002,3,18,-46.73,0.875,765.9,1,14.2,0.625,316.25,1,46.88,1,14.15,314.08,0.625
2002,3,19,-45.75,0.5,766.9,1,10.67,0.375,308.75,1,50.5,1,10.63,314.37,0.375
2002,3,20,-41.1,0.75,769.93,1,NA,0.125,320,1,55.5,1,NA,NA,0.125
2002,3,21,-41.26,0.875,768.36,1,17,0.375,314,0.625,54.38,1,NA,NA,0.125
2002,3,22,-35.6,1,768.48,1,14.29,0.875,304,0.625,57.38,1,13.75,303.91,0.625
2002,3,23,-31.57,0.875,768.77,1,15,0.375,303.75,1,65.38,1,14.95,303.33,0.375
2002,3,24,-24.52,0.625,768.24,1,NA,0.125,201.25,1,70.75,1,NA,NA,0.125
2002,3,25,-27.9,0.625,771.43,1,NA,0.125,238.75,1,68.38,1,NA,NA,0.125
2002,3,26,-34.67,0.875,776,1,15.33,0.375,301.25,1,61.63,1,14.83,303.97,0.375
2002,3,27,-29.01,1,772.91,1,NA,0.125,241.25,1,68.5,1,NA,NA,0.125
2002,3,28,-29.7,1,774.84,1,9.33,0.75,292,0.625,66.25,1,8,298.3,0.5
2002,3,29,-36.41,1,770.63,1,15.5,0.75,318.75,1,56.38,1,15.19,317.12,0.75
2002,3,30,-39.3,1,766.7,1,NA,0.125,303.75,1,55,1,NA,NA,0.125
2002,3,31,-39.69,1,776.69,1,NA,0,322.86,0.875,56.38,1,NA,NA,0
2002,4,1,-31.61,0.875,773.65,1,13,0.75,300,0.625,57.88,1,11.66,300,0.5
2002,4,2,-36.2,1,762.28,1,NA,0.125,295,0.5,53.5,1,NA,NA,0
2002,4,3,-38.11,1,754.19,1,19,0.5,295,0.25,53.38,1,NA,NA,0.125
2002,4,4,-44.48,1,748.55,1,16,0.5,287.5,1,52.5,1,15.83,278.11,0.5
2002,4,5,-42.78,1,753.81,1,17.5,0.25,316.67,0.75,53.88,1,17.5,310,0.25
2002,4,6,-38.74,0.875,749.79,1,16,0.375,301.25,1,57.88,1,15.94,303.54,0.375
2002,4,7,-50.33,0.875,758.69,1,21.57,0.875,312.5,1,46.75,1,21.08,313.08,0.875
2002,4,8,-48.98,1,763.2,1,21.83,0.75,316.67,0.375,46.88,1,23,320,0.25
2002,4,9,-45.11,1,762.98,1,21.25,0.5,334,0.625,51.13,1,20.42,334.88,0.25
2002,4,10,-41.72,1,759.96,1,18,0.5,325,1,52.88,1,17.95,327.5,0.5
2002,4,11,-43.43,1,757.74,1,19.25,0.5,316.25,1,48.75,1,19.18,315.07,0.5
2002,4,12,-47.16,1,754.53,1,20,0.25,325,1,48.38,1,19.92,315.25,0.25
2002,4,13,-47.74,1,747.31,1,23,0.25,318.75,1,48.25,1,23,320,0.25
2002,4,14,-49.69,1,754.9,1,20.75,1,NA,0,45.88,1,NA,NA,0
2002,4,15,-49.12,1,754.06,1,23.5,0.5,315,0.75,46.38,1,23.07,312.62,0.5
2002,4,16,-48.53,0.875,750.99,1,20.14,0.875,316.67,0.375,47,1,21.5,320,0.25
2002,4,17,-51.01,1,759.8,1,16.6,0.625,312.5,1,44.38,1,16.6,310,0.625
2002,4,18,-49.21,1,772.76,1,17.6,0.625,320,0.375,46,1,17.67,320,0.375
2002,4,19,-46.79,1,770.34,1,23,0.25,320,0.625,48.38,1,NA,NA,0.125
2002,4,20,-48.51,1,764.31,1,20.67,0.375,NA,0.125,46.5,1,NA,NA,0
2002,4,21,-49.5,0.875,762.84,1,NA,0.125,293.75,1,45.13,1,NA,NA,0.125
2002,4,22,-52.84,1,761.1,1,18.83,0.75,290,0.25,42.13,1,NA,NA,0.125
2002,4,23,-53.93,1,756.13,1,16.6,0.625,315,0.25,41,1,15.44,315.16,0.25
2002,4,24,-50.75,0.75,756.3,1,15,0.75,315,1,44.63,1,14.95,317.23,0.75
2002,4,25,-54.37,1,757.07,1,20.8,0.625,313.33,0.375,40.38,1,20,310,0.25
2002,4,26,-54.14,1,755.63,1,20.75,1,325,0.25,40.38,1,21.92,325,0.25
2002,4,27,-49.25,0.75,758.62,1,17,0.75,328.75,1,48,1,16.91,330.1,0.75
2002,4,28,-39,0.375,766.41,1,12,0.375,295,1,59.13,1,11.88,329.44,0.375
2002,4,29,-39.96,0.875,762.64,1,12.8,0.625,311.25,1,56.5,1,12.56,308.62,0.625
2002,4,30,-41.91,0.875,757.68,1,18.67,0.375,320,1,53.88,1,18.19,313.9,0.375
2002,5,1,-36.18,1,756.18,1,15.17,0.75,308,0.625,60.88,1,13.86,320.24,0.375
2002,5,2,-43.98,0.75,762.99,1,16.67,0.375,296.25,1,52.75,1,16.51,319.8,0.375
2002,5,3,-48.81,1,763.68,1,21.5,0.5,322,0.625,47.5,1,21.59,323.69,0.375
2002,5,4,-49.51,1,757.66,1,19.83,0.75,325,1,46.5,1,19.76,323.53,0.75
2002,5,5,-44.67,0.875,756.61,1,16.12,1,315,0.5,52.13,1,15.44,315.32,0.5
2002,5,6,-35.3,0.625,753.4,1,9.33,0.375,222.5,1,61.5,1,5.13,274.14,0.375
2002,5,7,-25.78,0.75,754.5,1,NA,0,201.25,1,73.38,1,NA,NA,0
2002,5,8,-31.26,1,766.43,1,6.33,0.375,252,0.625,67.13,1,4.84,231.93,0.25
2002,5,9,-28.28,1,781.82,1,6.25,0.5,233.75,1,70.5,1,6.14,236.44,0.5
2002,5,10,-32.08,0.625,786.29,1,12.75,0.5,271.25,1,66.13,1,12.56,319.46,0.5
2002,5,11,-38.76,1,778.39,1,12.8,0.625,336.25,1,58.63,1,12.6,331.47,0.625
2002,5,12,-38.83,0.875,768.4,1,17.5,0.25,326.25,1,58.63,1,17.44,336.86,0.25
2002,5,13,-44.79,1,766.84,1,18.17,0.75,318,0.625,52.13,1,16.28,313.26,0.375
2002,5,14,-49.49,1,763.78,1,22.25,0.5,325,0.25,47.25,1,NA,NA,0.125
2002,5,15,-51.93,1,752.16,1,23.38,1,325,0.5,44.25,1,23.16,324.73,0.5
2002,5,16,-48.05,1,755.1,1,21.12,1,324,0.625,48.13,1,20.87,324.04,0.625
2002,5,17,-46.57,0.875,763.34,1,14.75,0.5,316.25,1,50.63,1,14.44,316.45,0.5
2002,5,18,-46.82,1,763.43,1,20.5,0.25,322.5,1,49.75,1,20.42,314.14,0.25
2002,5,19,-49.05,1,760.1,1,20.6,0.625,316,0.625,47.25,1,18.93,315,0.25
2002,5,20,-50.53,1,767.84,1,22.83,0.75,331.43,0.875,45.38,1,22.26,329.91,0.625
2002,5,21,-51.13,1,761.66,1,NA,0.125,333.33,0.75,44.5,1,NA,NA,0
2002,5,22,-50.5,1,752.55,1,17,0.375,323.33,0.75,45,1,NA,NA,0.125
2002,5,23,-48.48,0.75,759,1,16.14,0.875,NA,0.125,47.25,1,NA,NA,0.125
2002,5,24,-53.29,1,772.74,1,20.25,1,325,1,42.13,1,20.1,324.79,1
2002,5,25,-50.23,1,780.91,1,17.57,0.875,327.5,1,45.25,1,17.43,327.63,0.875
2002,5,26,-47.36,1,783.99,1,18.88,1,316.67,0.75,48.13,1,18.07,316.29,0.75
2002,5,27,-51.99,1,783.93,1,15.75,1,316,0.625,43.13,1,14.95,316.27,0.625
2002,5,28,-51.31,1,782.69,1,17,1,315,0.5,43.88,1,16.44,315.15,0.5
2002,5,29,-34.04,0.625,780.63,1,7.8,0.625,288.75,1,59.88,1,7.22,297.5,0.625
2002,5,30,-33.3,0.75,787.4,1,7.4,0.625,311.25,1,66.75,1,7.29,306.23,0.625
2002,5,31,-26.24,0.625,784.88,1,6.71,0.875,313.33,0.75,69.5,1,5.77,305.09,0.625
2002,6,1,-38.28,1,778.93,1,8.5,1,322.5,0.5,59.75,1,8.98,322.22,0.5
2002,6,2,-40.25,1,773.88,1,9.5,0.75,313.33,0.375,57.63,1,8.97,313.7,0.375
2002,6,3,-43.2,1,764.99,1,14.29,0.875,312.86,0.875,53.88,1,14.4,318.27,0.75
2002,6,4,-41.88,0.5,766.48,1,13.29,0.875,303.75,1,53.75,1,12.86,301.39,0.875
2002,6,5,-43.32,0.75,778.9,1,15.25,0.5,307.5,1,54.13,1,15.19,304.75,0.5
2002,6,6,-35.58,1,784.09,1,17,0.25,322.5,1,60.75,1,16.74,330.59,0.25
2002,6,7,-29.16,0.625,782.08,1,NA,0,332.5,1,70.88,1,NA,NA,0
2002,6,8,-21.2,0.375,773.66,1,16.5,0.25,238.75,1,64.25,1,16.25,320.31,0.25
2002,6,9,-39.93,1,774.14,1,NA,0,337.5,1,54.75,1,NA,NA,0
2002,6,10,-41.03,1,769.16,1,NA,0,280,1,54.88,1,NA,NA,0
2002,6,11,-48.76,1,767.91,1,18.67,0.375,328.33,0.75,48,1,NA,NA,0.125
2002,6,12,-49.05,1,771.3,1,20,0.625,307.14,0.875,46.88,1,19.94,307.63,0.5
2002,6,13,-52.04,1,779.61,1,20,0.5,316.25,1,44.13,1,19.92,315,0.5
2002,6,14,-53.36,1,774.79,1,16.14,0.875,316.67,0.375,42.5,1,15.61,316.81,0.375
2002,6,15,-44.5,0.875,767.88,1,7,0.5,251.43,0.875,51.5,1,6.9,308.56,0.5
2002,6,16,-37.71,1,771.4,1,7.5,0.5,241.25,1,59.63,1,6.61,263.17,0.5
2002,6,17,-40.55,1,769.09,1,11.5,0.25,320,1,56.5,1,11.46,305.22,0.25
2002,6,18,-45.38,1,760.96,1,15,0.5,326.25,1,51.5,1,14.94,334.5,0.5
2002,6,19,-37.83,0.375,764.36,1,14.75,0.5,311.43,0.875,55.5,1,14.17,318.37,0.5
2002,6,20,-49.52,0.75,763.36,1,NA,0.125,318.33,0.75,48.13,1,NA,NA,0.125
2002,6,21,-48.91,1,756.28,1,22.5,0.5,328,0.625,47.5,1,21.67,330,0.375
2002,6,22,-51.65,1,755.65,1,24.67,0.75,305,0.5,44.25,1,23,310,0.25
2002,6,23,-44.4,1,757.65,1,13.33,0.75,303.33,0.75,50.5,1,13.72,308.19,0.5
2002,6,24,-37.63,0.75,759.04,1,12.67,0.375,300,0.5,56.88,1,NA,NA,0.125
2002,6,25,-36.61,1,757.05,1,13,0.5,296.25,1,58.63,1,12.6,297.64,0.5
2002,6,26,-40.81,1,760.63,1,16.33,0.75,306,0.625,52.25,1,16.28,306.53,0.375
2002,6,27,-38.32,0.625,771.36,1,20.67,0.375,298.75,1,48.5,1,20.6,323.38,0.375
2002,6,28,NA,0.125,771.03,1,18.6,0.625,245,0.5,66.38,1,NA,NA,0.125
2002,6,29,-45.07,0.875,769.35,1,NA,0.125,320,0.5,52.25,1,NA,NA,0.125
2002,6,30,-46.4,1,756.45,1,21.4,0.625,320,0.625,50.5,1,20.42,325.12,0.25
2002,7,1,-45.3,1,754.89,1,NA,0.125,313.75,1,51.5,1,NA,NA,0.125
2002,7,2,-49.61,1,752.34,1,NA,0,322.5,0.5,47.13,1,NA,NA,0
2002,7,3,-53.51,1,753.11,1,19.8,0.625,322,0.625,42.5,1,19.4,323.25,0.375
2002,7,4,-50.29,0.875,757.3,1,22,0.625,323.75,1,45.88,1,21.78,326.25,0.625
2002,7,5,-49.5,1,761.53,1,16.75,0.5,326.25,1,46.63,1,16.69,325.22,0.5
2002,7,6,-44,1,753.89,1,17,0.625,335,1,52.38,1,16.86,334.56,0.625
2002,7,7,-45.61,1,753.58,1,11.14,0.875,320,0.75,50.88,1,8.68,318.44,0.625
2002,7,8,-51.16,1,766.89,1,19.5,0.25,320,0.375,44.75,1,NA,NA,0.125
2002,7,9,-49.94,1,767.04,1,NA,0,313.33,0.75,45.5,1,NA,NA,0
2002,7,10,-48.34,1,770.72,1,18,0.5,306.67,0.375,47.25,1,17.73,300,0.25
2002,7,11,-47.85,1,781.44,1,NA,0.125,315.71,0.875,47.88,1,NA,NA,0.125
2002,7,12,-46.61,1,785.65,1,19,0.25,331.25,1,48.38,1,18.72,317.87,0.25
2002,7,13,-44,1,780.83,1,16.33,0.75,308.57,0.875,49.13,1,16.26,302.08,0.625
2002,7,14,-39.58,0.5,787.26,1,NA,0.125,318.33,0.75,55.38,1,NA,NA,0.125
2002,7,15,-38.65,0.75,780.06,1,NA,0.125,313.75,1,55.13,1,NA,NA,0.125
2002,7,16,-39.6,0.625,776.74,1,NA,0,322.5,1,55.63,1,NA,NA,0
2002,7,17,-43.89,1,769.14,1,21,0.25,320,1,52.63,1,21,320,0.25
2002,7,18,-51.15,1,772.04,1,NA,0.125,323.33,0.75,44.75,1,NA,NA,0.125
2002,7,19,-54.03,1,768.41,1,21.29,0.875,320,0.375,41.75,1,21.42,315.35,0.25
2002,7,20,-52.05,1,757.95,1,24.2,0.625,318.33,0.75,43.63,1,23.31,314.2,0.5
2002,7,21,-56.43,1,755.39,1,22.2,0.625,322,0.625,38.75,1,22.26,323.28,0.375
2002,7,22,-55.83,1,757.9,1,16.67,0.75,317.5,1,39.25,1,16.6,315.3,0.75
2002,7,23,-56.03,1,763.39,1,14.25,1,313.75,1,39,1,14.2,313.86,1
2002,7,24,-50.3,1,764.76,1,12,0.875,316.67,0.375,44.75,1,13.62,317.08,0.375
2002,7,25,-47.08,1,769.48,1,14,0.375,320,1,48.5,1,13.95,313.33,0.375
2002,7,26,-42.99,0.875,772.06,1,NA,0,330,0.625,51.5,1,NA,NA,0
2002,7,27,-45.35,1,772.32,1,NA,0,322.5,0.5,48.13,1,NA,NA,0
2002,7,28,-48.23,1,762.91,1,20.33,0.375,321.25,1,46.13,1,20.13,320.82,0.375
2002,7,29,-45.29,1,753.56,1,NA,0,340,1,50.5,1,NA,NA,0
2002,7,30,-46.38,1,749.38,1,22.33,0.375,315,0.25,48.25,1,NA,NA,0
2002,7,31,-52.27,0.875,753.38,1,17,0.75,306,0.625,42.5,1,17.33,306.7,0.5
2002,8,1,-49.9,0.875,756.16,1,12.5,0.5,303.75,1,45.38,1,12.37,308.39,0.5
2002,8,2,-53.26,1,758.63,1,NA,0.125,322,0.625,41.88,1,NA,NA,0.125
2002,8,3,-51.81,1,757.43,1,NA,0.125,331.25,1,43.38,1,NA,NA,0.125
2002,8,4,-52.91,1,756.44,1,22,0.375,334,0.625,42.13,1,NA,NA,0.125
2002,8,5,-53.23,1,752.74,1,24,0.25,322.5,0.5,41.88,1,23.91,325,0.25
2002,8,6,-52.61,1,754.04,1,19.86,0.875,310,0.5,42.38,1,20.08,314.13,0.375
2002,8,7,-52.69,0.875,762.6,1,NA,0,295,1,41.75,1,NA,NA,0
2002,8,8,-55.69,1,766.8,1,21.5,0.25,318.75,1,38.75,1,21.42,335.12,0.25
2002,8,9,-52.49,0.875,759.83,1,21.75,0.5,324.29,0.875,42,1,21.59,323.38,0.375
2002,8,10,-57.23,1,752.34,1,17,0.625,320,0.875,37.25,1,16.85,321.54,0.625
2002,8,11,-59.28,1,748.65,1,14.75,0.5,326.25,1,34.88,1,14.45,331.27,0.5
2002,8,12,-58.24,1,746.54,1,16,0.5,327.5,1,35.63,1,15.89,321.25,0.5
2002,8,13,-50.57,0.875,759.9,1,14,0.25,305,0.5,44.13,1,NA,NA,0
2002,8,14,-42.3,1,770.37,1,NA,0.125,317.5,1,53.25,1,NA,NA,0.125
2002,8,15,-43.16,1,759.54,1,NA,0.125,327.5,1,51.88,1,NA,NA,0.125
2002,8,16,-49.91,1,748.66,1,18.25,0.5,323.75,1,45.63,1,18.05,324.62,0.5
2002,8,17,-50.19,0.875,748.11,1,18.8,0.625,322.86,0.875,45.88,1,20.05,322.98,0.5
2002,8,18,-46.35,1,748.25,1,10.4,0.625,304,0.625,49.13,1,9.5,300,0.25
2002,8,19,-49.85,1,753.28,1,15.38,1,315,0.75,45.63,1,15.28,315.22,0.75
2002,8,20,-47.8,1,755.64,1,15.5,1,305,0.75,47.5,1,15.45,305.43,0.75
2002,8,21,-46.85,1,759.3,1,15,0.75,313.33,0.375,48.25,1,15.5,310,0.25
2002,8,22,-47.06,1,762.49,1,18.25,0.5,335,0.75,48.63,1,18.43,324.59,0.25
2002,8,23,-45.81,1,761.34,1,20,0.25,317.5,0.5,50,1,NA,NA,0
2002,8,24,-50,1,759.08,1,NA,0.125,320,1,45.5,1,NA,NA,0.125
2002,8,25,-51.05,1,756.79,1,20.4,0.625,326.25,1,44,1,20.33,325.98,0.625
2002,8,26,-51.26,1,758.15,1,20,0.375,331.25,1,43.63,1,19.94,327,0.375
2002,8,27,-49.3,1,758.31,1,20.67,0.375,322.5,0.5,45.63,1,NA,NA,0
2002,8,28,-48.96,0.625,751.69,1,19,0.25,305,0.5,45.5,1,NA,NA,0
2002,8,29,-57.89,1,754.9,1,19.6,0.625,316.67,0.375,36.88,1,17.93,314.72,0.25
2002,8,30,-52.71,1,759.21,1,15,0.625,321.25,1,42,1,14.58,324.09,0.625
2002,8,31,-51.85,1,766.51,1,14,0.25,325,1,42.88,1,13.79,320,0.25
2002,9,1,-45.82,1,767.14,1,18.17,0.75,312.5,0.5,49.13,1,17.94,312.7,0.5
2002,9,2,-45.54,1,763.03,1,17.62,1,307.5,0.5,49.75,1,16.68,307.25,0.5
2002,9,3,-47.49,1,762.85,1,16.43,0.875,NA,0,47.75,1,NA,NA,0
2002,9,4,-46.98,1,763.8,1,13.57,0.875,303.33,0.375,48.25,1,13.29,302.75,0.375
2002,9,5,-43.07,0.75,759.51,1,8.83,0.75,260,0.625,53.13,1,8.55,313.11,0.375
2002,9,6,-37.53,1,763.59,1,7.75,0.5,253.75,1,58.75,1,3.8,277.11,0.5
2002,9,7,-37.4,0.875,772.44,1,12.57,0.875,304.29,0.875,58.13,1,12.05,304.82,0.75
2002,9,8,-41.08,1,772.53,1,18.29,0.875,316.67,0.75,51.5,1,19.13,316.04,0.625
2002,9,9,-43.09,1,766.64,0.875,20,0.875,NA,0.125,50.88,1,NA,NA,0.125
2002,9,10,-46.03,1,765.56,1,19.43,0.875,NA,0.125,48,1,NA,NA,0.125
2002,9,11,-49.06,1,763.89,1,21.38,1,315,0.25,46.63,1,20.42,315.37,0.25
2002,9,12,-43.96,1,760.86,1,NA,0.125,310,0.25,50.88,1,NA,NA,0
2002,9,13,-41.09,0.875,763.76,1,20,0.25,326.67,0.75,56,1,NA,NA,0.125
2002,9,14,-44.18,1,765.31,1,21,0.5,315,0.5,52.13,1,NA,NA,0
2002,9,15,-44.84,1,766.63,1,20.29,0.875,310,0.375,51.63,1,20,310,0.375
2002,9,16,-47.65,1,756.68,1,20.75,0.5,322.5,0.5,48.38,1,NA,NA,0.125
2002,9,17,-46.69,1,746.9,1,22,0.375,320,0.375,49.13,1,NA,NA,0.125
2002,9,18,-41.5,0.75,759.85,1,17.67,0.75,310,0.375,50.5,1,NA,NA,0.125
2002,9,19,-40.19,0.875,772.65,1,17.14,0.875,301.25,1,56.5,1,16.95,302.89,0.875
2002,9,20,-33.59,1,764.53,1,8.4,0.625,241.25,1,61.88,1,6.17,259.92,0.625
2002,9,21,-36.72,0.75,764.03,1,9.5,0.5,265,1,59.25,1,4.12,257.72,0.5
2002,9,22,-44,1,763.5,1,13.88,1,315,1,52.88,1,13.76,315.39,1
2002,9,23,-42.88,1,758.93,1,19.43,0.875,322,0.625,53.63,1,19.05,323,0.5
2002,9,24,-43.33,1,758.95,1,17.83,0.75,325,1,53.13,1,17.6,326.94,0.75
2002,9,25,-41.64,0.875,762.44,1,18.8,0.625,318.75,1,52.88,1,18.62,315.93,0.625
2002,9,26,-42.48,0.75,762.44,1,15.43,0.875,302.5,0.5,48.5,1,15.71,302.22,0.5
2002,9,27,-40.19,1,761.47,1,12.8,0.625,300,0.625,52.13,1,12.64,300.63,0.625
2002,9,28,-41.55,1,760.4,1,16,0.75,310,0.25,53.25,1,NA,NA,0.125
2002,9,29,-40.11,1,756.25,1,18.38,1,312.5,0.5,56.13,1,17.95,312.5,0.5
2002,9,30,-37.58,1,756.95,1,14.38,1,302,0.625,56.5,1,13.89,302.15,0.625
2002,10,1,-38.68,1,759.24,1,15.2,0.625,298,0.625,56.13,1,14.29,297.45,0.375
2002,10,2,-41.24,0.875,759.8,1,15.71,0.875,300,0.375,54.38,1,14.33,300,0.375
2002,10,3,-42.81,1,761.35,1,14.71,0.875,306.67,0.375,53.13,1,14.29,306.98,0.375
2002,10,4,-45.21,0.875,762.56,1,18,1,325,0.25,51.63,1,19.43,325.39,0.25
2002,10,5,-43.82,0.625,756.39,1,NA,0.125,308.75,1,51.38,1,NA,NA,0.125
2002,10,6,-35.52,0.625,760.7,1,12,0.25,178.75,1,59.75,1,11.84,176.64,0.25
2002,10,7,-33.86,0.625,769.28,1,10,0.25,272.5,1,61.13,1,3.89,206.77,0.25
2002,10,8,-37.23,0.75,775.46,1,16.25,0.5,312,0.625,58,1,16.44,304.54,0.25
2002,10,9,-34.63,1,778.99,1,8.5,0.5,296.25,1,61,1,8.47,302.64,0.5
2002,10,10,-37.44,0.875,777.58,1,16,0.75,316,0.625,57.5,1,16.72,318.36,0.5
2002,10,11,-37.43,0.75,771.78,1,NA,0.125,320,0.75,51,1,NA,NA,0
2002,10,12,-41.2,0.625,764.88,1,15,0.5,321.67,0.75,51.5,1,15.94,315.31,0.25
2002,10,13,-39.68,0.625,767.36,1,12.67,0.375,310,0.25,57,1,NA,NA,0
2002,10,14,-39.99,1,768.18,1,16.33,0.75,311.25,1,54.5,1,16.1,312.06,0.75
2002,10,15,-38.65,0.5,765.1,1,16.75,0.5,302.5,1,50,1,16.46,307.81,0.5
2002,10,16,-40.32,0.5,763.72,1,2,0.375,277.5,1,55.25,1,1.76,259.22,0.375
2002,10,17,-33.62,0.75,763.93,1,2.71,0.875,191.67,0.75,61.71,0.875,2.3,194.82,0.75
2002,10,18,-34.16,0.875,763.74,1,3.88,1,206.25,1,63,1,1.88,172.9,1
2002,10,19,-37.96,1,763.23,1,15.5,0.25,278,0.625,56.5,1,NA,NA,0
2002,10,20,-40.15,0.75,757.93,1,14.67,0.75,297.5,1,54.5,1,14.57,298.86,0.75
2002,10,21,-36.62,0.75,751.28,1,9.8,0.625,292.5,1,58.75,1,7.75,297.24,0.625
2002,10,22,-36.33,0.5,749.61,1,14,0.5,300,0.25,58.13,1,NA,NA,0
2002,10,23,-38.73,0.5,754.44,1,NA,0.125,326.25,1,57,1,NA,NA,0.125
2002,10,24,-34.63,0.75,762,1,NA,0.125,287.5,1,57.63,1,NA,NA,0.125
2002,10,25,-29.97,0.875,766.81,1,5.2,0.625,187.5,1,66.25,1,4.34,214.6,0.625
2002,10,26,-33.53,0.5,770.6,1,7,0.25,212.5,1,65.25,1,6.58,260,0.25
2002,10,27,-40.72,0.625,766.59,1,16,0.25,316.25,1,55.63,1,15.45,315,0.25
2002,10,28,-40.42,0.75,758.18,1,15.83,0.75,312,0.625,55.38,1,14.47,303.67,0.375
2002,10,29,-40.56,0.625,760.46,1,14,0.25,311.25,1,54.88,1,13.95,315,0.25
2002,10,30,-35,0.5,760.5,1,NA,0,307.5,1,60,1,NA,NA,0
2002,10,31,-28.83,0.75,761.6,1,9,0.25,250,1,66.38,1,8.97,334.44,0.25
2002,11,1,-27.58,1,774.64,1,NA,0.125,184,0.625,69.75,1,NA,NA,0.125
2002,11,2,-25.2,0.375,780.08,1,3.25,0.5,273.75,1,71.25,1,1.46,230.55,0.5
2002,11,3,-25.18,0.625,774.54,1,15.5,0.25,313.75,1,64.25,1,15.26,329.67,0.25
2002,11,4,-32,0.625,767.08,1,16,0.5,315,1,54.25,1,15.46,314.21,0.5
2002,11,5,-35.68,0.75,764.8,1,17,0.75,321.25,1,57.5,1,16.69,323.33,0.75
2002,11,6,-34.88,0.625,765.1,1,14.25,0.5,315,0.5,57.63,1,14.82,315.3,0.375
2002,11,7,-35.83,0.75,763,1,16.67,0.75,311.67,0.75,57.63,1,17.12,310.15,0.5
2002,11,8,-34,0.375,761.97,1,10.25,0.5,307.14,0.875,61,1,8.9,299.63,0.375
2002,11,9,-27.93,0.875,759.2,1,5.17,0.75,282,0.625,68.38,1,4.62,290.72,0.375
2002,11,10,-25.4,0.875,760.05,1,3.6,0.625,161.25,1,72.75,1,3.5,178.21,0.625
2002,11,11,-25.05,1,766.94,1,7.4,0.625,166.25,1,73,1,7.02,159.68,0.625
2002,11,12,-25.06,1,767.4,1,9.33,0.75,170,1,72.75,1,8.92,161.8,0.75
2002,11,13,-24.11,0.875,765.49,1,0.67,0.375,203.75,1,71,1,0.6,215,0.375
2002,11,14,-24.95,1,761.63,1,5,0.375,130,0.5,72.63,1,4.48,116.67,0.25
2002,11,15,-26.48,0.75,764.28,1,8.5,0.25,235,1,69.88,1,5.66,194.54,0.25
2002,11,16,-25.73,0.875,767.71,1,7,0.75,266.25,1,60.75,1,6.56,262.4,0.75
2002,11,17,-29.33,0.5,767.51,1,11.5,0.5,308.75,1,52.88,1,11.16,305.98,0.5
2002,11,18,-25.6,0.5,764.29,1,6.6,0.625,283.75,1,54.38,1,5.47,289.63,0.625
2002,11,19,-28.67,0.375,761.59,1,11,0.375,301.25,1,56.25,1,10.34,299.37,0.375
2002,11,20,-31.9,0.5,753.15,1,NA,0.125,315,1,59.88,1,NA,NA,0.125
2002,11,21,-30.2,0.375,752.4,1,14.17,0.75,311.67,0.75,59,1,14.55,313.83,0.625
2002,11,22,-26.75,0.25,757.84,1,NA,0.125,320,1,59.88,1,NA,NA,0.125
2002,11,23,-29.07,0.375,762.22,1,12.75,1,317.5,1,56.88,1,12.67,317.64,1
2002,11,24,-30.7,0.625,763.52,1,11.33,0.375,321.25,1,55.13,1,10.64,310.11,0.375
2002,11,25,-30.37,0.375,757.96,1,10,0.5,293.75,1,54.63,1,9.96,304,0.5
2002,11,26,-34.35,0.5,748.28,1,12.2,0.625,306.25,1,56.75,1,11.73,308.99,0.625
2002,11,27,-32.57,0.375,747.48,1,NA,0.125,280,1,58,1,NA,NA,0.125
2002,11,28,-30.63,0.75,755.03,1,3.8,0.625,238.75,1,65,1,2.9,234.07,0.625
2002,11,29,-31.88,0.625,760.44,1,8.5,0.75,290,0.375,61.63,1,5.71,290,0.375
2002,11,30,-30.8,0.25,756.44,1,11.33,0.375,306.25,1,58.5,1,10.94,310.36,0.375
2002,12,1,-30.15,0.25,750.83,1,NA,0,226,0.625,56.13,1,NA,NA,0
2002,12,2,-29.12,0.625,746.83,1,NA,0.125,273.75,1,62.88,1,NA,NA,0.125
2002,12,3,-24.97,0.875,751.97,1,8,0.25,233.75,1,70,1,7.88,280,0.25
2002,12,4,-24.48,0.5,764.38,1,9.67,0.75,296.25,1,64.88,1,6.62,299.51,0.75
2002,12,5,-25.1,0.5,770.58,1,NA,0.125,283.75,1,58.88,1,NA,NA,0.125
2002,12,6,-21.85,0.5,772,1,9.25,0.5,305,1,60.38,1,8.63,314.15,0.5
2002,12,7,-16.43,0.875,765.81,1,4.4,0.625,241.25,1,71.25,1,2.71,235.91,0.625
2002,12,8,-15.84,1,763.73,1,4.38,1,208.57,0.875,69.5,1,4.01,207.83,0.875
2002,12,9,-15.83,1,760.84,1,3.75,0.5,296.67,0.75,64.75,1,3.03,279.67,0.375
2002,12,10,-16.1,0.75,753.97,1,10.33,0.375,248.75,1,74.88,1,10.09,313.36,0.375
2002,12,11,-17.11,0.875,757.6,1,5.33,0.75,158.75,1,77,1,4.6,123.46,0.75
2002,12,12,-16.37,0.875,762.68,1,5.33,0.75,180,1,77.25,1,4.69,189.96,0.75
2002,12,13,-17.99,0.875,764.59,1,3.25,0.5,232.5,1,64.25,1,2.84,254.28,0.5
2002,12,14,-18.93,0.5,763.2,1,5.12,1,275,1,60,1,4.58,282.05,1
2002,12,15,-19.57,0.875,759.51,1,3.4,0.625,210,1,65.25,1,2.69,217.01,0.625
2002,12,16,-22.7,0.625,758.57,1,10.25,0.5,253.75,1,67.88,1,4.73,250.6,0.5
2002,12,17,-23.15,0.5,758.7,1,6.33,0.375,265,1,65.25,1,5.03,330.21,0.375
2002,12,18,-23.92,0.75,758.3,1,4.67,0.375,206.25,1,64.13,1,1.81,226.58,0.375
2002,12,19,-21.62,0.625,760.28,1,NA,0.125,202.5,1,72.75,1,NA,NA,0.125
2002,12,20,-18,1,760.22,1,NA,0.125,177.5,1,78.88,1,NA,NA,0.125
2002,12,21,-19.79,1,760.74,1,NA,0.125,180,1,77.25,1,NA,NA,0.125
2002,12,22,-19.77,0.875,763.56,1,5.2,0.625,220,1,76.57,0.875,2.14,224.03,0.625
2002,12,23,-18.85,0.75,766.26,1,5.75,0.5,287.5,1,69.75,1,5.49,285.32,0.5
2002,12,24,-18.51,1,768.35,1,4.5,0.25,240,1,76.13,1,3.46,214.67,0.25
2002,12,25,-18.8,0.625,764.61,1,4.5,0.75,266.25,1,69.88,1,4.41,273.82,0.75
2002,12,26,-20.18,0.75,762.97,1,9.17,0.75,306.67,0.75,69.38,1,7.97,302.88,0.625
2002,12,27,-19.12,0.625,766.78,1,6,0.375,192.5,1,73.5,1,5.84,176.14,0.375
2002,12,28,-18.85,1,769.73,1,5.75,0.5,221.25,1,78.25,1,5.4,188.15,0.5
2002,12,29,-19.85,0.75,767.86,1,6,0.25,270,1,71,1,5.98,215,0.25
2002,12,30,-20.67,0.375,766.53,1,6,0.5,263.75,1,71.86,0.875,5.95,303.3,0.5
2002,12,31,-20.06,0.875,766.76,1,7,0.5,282.5,1,72.38,1,6.19,278.38,0.5
2003,1,1,-18.92,0.75,768.93,1,9.17,0.75,277.5,1,70,1,7.88,265.57,0.75
2003,1,2,-19.15,0.5,777.28,1,NA,0.125,270,1,64,1,NA,NA,0.125
2003,1,3,-20.25,0.5,774.86,1,NA,0.125,306.25,1,64.25,1,NA,NA,0.125
2003,1,4,-19.4,0.25,772.34,1,NA,0.125,308.75,1,67.63,1,NA,NA,0.125
2003,1,5,-18.44,0.875,771.9,1,NA,0.125,251.25,1,68.5,1,NA,NA,0.125
2003,1,6,-17.18,0.625,771.94,1,NA,0.125,280,1,70.88,1,NA,NA,0.125
2003,1,7,-17.11,1,772.2,1,4.5,0.25,218.75,1,80.25,1,1.61,266.98,0.25
2003,1,8,-17.87,0.875,775.78,1,8,0.25,231.25,1,69.5,1,2.11,165.71,0.25
2003,1,9,-19.42,0.625,778.99,1,NA,0,315,1,64,1,NA,NA,0
2003,1,10,-18.72,0.625,779.96,1,11.33,0.75,310,0.625,70.75,1,11.96,312.77,0.375
2003,1,11,-19.68,0.625,778.05,1,8.67,0.375,332.5,1,61.88,1,8.32,323.14,0.375
2003,1,12,-18.34,0.625,774.91,1,10,0.25,303.75,1,66,1,9.4,330,0.25
2003,1,13,-18.16,0.875,774.74,1,3.8,0.625,245,1,69.75,1,2.41,236.46,0.625
2003,1,14,-18.83,0.75,777.24,1,9.25,0.5,243.75,1,74.38,1,6.05,254.49,0.5
2003,1,15,-22.46,0.625,773.45,1,8.5,0.5,256.25,1,67,1,6.29,250.98,0.5
2003,1,16,-20.68,0.75,773.78,1,5.4,0.625,193.75,1,68,1,3.03,299.14,0.625
2003,1,17,-19.98,1,776.95,1,5.8,0.625,252,0.625,72,1,4.93,255.02,0.5
2003,1,18,-18.85,1,775.24,1,5.6,0.625,250,1,75.63,1,4.65,250.26,0.625
2003,1,19,-19,0.5,772.03,1,NA,0,213.75,1,71.5,1,NA,NA,0
2003,1,20,-15.08,1,772.16,1,NA,0,160,1,82.5,1,NA,NA,0
2003,1,21,-13.96,1,777.26,1,NA,0.125,165.71,0.875,84.25,1,NA,NA,0.125
2003,1,22,-13.23,1,778.35,1,NA,0.125,158.33,0.75,84.38,1,NA,NA,0.125
2003,1,23,-12.64,1,775.9,1,8,0.25,182.5,1,83.63,1,7.77,179.26,0.25
2003,1,24,-13.01,1,777.79,1,4.29,0.875,216.25,1,79.5,1,3.74,223.84,0.875
2003,1,25,-13.33,0.75,777.29,1,2,0.75,172.5,1,75.25,1,0.51,318.24,0.75
2003,1,26,-18.12,0.75,777.26,1,10,0.25,296.25,1,70.13,1,9.96,315.5,0.25
2003,1,27,-20.33,0.5,774.54,1,8.75,0.5,300,1,64.13,1,8.41,291.75,0.5
2003,1,28,-24.73,0.5,769.95,1,12.5,0.25,310,1,62.75,1,12.31,309.6,0.25
2003,1,29,-26.25,0.5,766.29,1,12,0.25,302.5,0.5,63.13,1,NA,NA,0.125
2003,1,30,-24.56,0.625,761.55,1,9.5,0.75,300,1,65.75,1,9.31,298.46,0.75
2003,1,31,-22.9,0.75,760.74,1,5.75,0.5,220,1,70,1,3.86,246.28,0.5
2003,2,1,-20.1,1,760.6,1,14.5,0.25,172.5,1,77.75,1,14.45,163.79,0.25
2003,2,2,-22.05,0.5,762.38,1,14,0.375,292.5,1,67.13,1,13.95,306.67,0.375
2003,2,3,-26.05,0.75,764.7,1,11,0.5,302.5,1,66.88,1,10.97,307.5,0.5
2003,2,4,-25.04,0.875,766.63,1,7.67,0.375,285,1,70.63,1,7.41,297.36,0.375
2003,2,5,-27.12,0.75,765.5,1,7.75,0.5,302.5,1,70.63,1,7.24,300.45,0.5
2003,2,6,-28.53,0.75,767.66,1,12.43,0.875,305,0.5,68.25,1,11.09,306.21,0.375
2003,2,7,-27.73,0.5,770.16,1,12.2,0.625,314,0.625,65.5,1,12.48,312.13,0.375
2003,2,8,-28,0.875,769.39,1,15.43,0.875,310,1,67.88,1,15.2,311.82,0.875
2003,2,9,-29.58,0.625,768.28,1,10.8,0.625,300,1,66.13,1,10.58,307.99,0.625
2003,2,10,-24.85,0.75,770.95,1,6.2,0.625,295,1,69.63,1,6.08,290.91,0.625
2003,2,11,-20.3,0.75,770.65,1,3,0.25,271.25,1,66.5,1,1.11,297.88,0.25
2003,2,12,-24.8,0.5,770.23,1,12.5,0.5,320,1,69.5,1,12.28,342.15,0.5
2003,2,13,-27.62,0.625,771.4,1,9.67,0.375,298.75,1,67.5,1,9.3,299,0.375
2003,2,14,-31.72,0.625,771.11,1,9.4,0.625,287.5,1,65.38,1,9.37,296.6,0.625
2003,2,15,-30.18,0.75,772.34,1,7.43,0.875,278.75,1,59.88,1,6.86,283.69,0.875
2003,2,16,-26.21,0.875,776.39,1,6.67,0.75,213.75,1,69.5,1,4.86,199.18,0.75
2003,2,17,-30.83,0.75,780.78,1,11.5,0.5,302,0.625,61.38,1,9.93,323.73,0.5
2003,2,18,-35.48,0.5,772.35,1,14.4,0.625,316.25,1,61.38,1,14.4,320,0.625
2003,2,19,-34.72,0.75,769.9,1,14.67,0.75,321.25,1,61.38,1,14.27,318.95,0.75
2003,2,20,-35.97,0.75,764.95,1,14.67,0.375,310,0.75,58.75,1,12.96,326.54,0.25
2003,2,21,-33.15,0.5,764.98,1,15,0.25,316.67,0.75,62.38,1,NA,NA,0.125
2003,2,22,-31.24,0.875,767.78,1,16.75,0.5,322,0.625,60.63,1,15.94,325,0.25
2003,2,23,-31.6,1,773.5,1,15,0.375,325,0.75,62.63,1,NA,NA,0.125
2003,2,24,-32.89,1,770.41,1,16,0.25,324.29,0.875,62.75,1,15.46,325.96,0.25
2003,2,25,-33.57,0.875,768.75,1,17.2,0.625,317.5,1,62.38,1,17.05,318.6,0.625
2003,2,26,-32.23,0.375,772.11,1,10.25,0.5,310,1,68.13,1,10.21,314.63,0.5
2003,2,27,-29.18,0.5,770.83,1,14,0.625,303.75,1,65.5,1,13.81,320.66,0.625
2003,2,28,-35.24,1,769.54,1,15.5,0.5,317.5,1,58.38,1,15.22,322.21,0.5
2003,3,1,-35.22,0.625,771.89,1,19,0.625,308,0.625,54.13,1,17.82,310.56,0.375
2003,3,2,-35.79,0.875,771.53,1,14,0.25,313.75,1,58.63,1,14,310,0.25
2003,3,3,-37.97,1,775.06,1,NA,0,325,1,55.63,1,NA,NA,0
2003,3,4,-34.14,1,773.93,1,11.67,0.375,242.5,0.5,57.13,1,NA,NA,0
2003,3,5,-29.75,1,771.74,1,7.5,0.25,210,1,68.5,1,7.25,306.02,0.25
2003,3,6,-34.09,0.875,769.33,1,13.8,0.625,305,0.5,59.88,1,12.32,307.58,0.5
2003,3,7,-35.35,1,764.15,1,20,0.625,312,0.625,60,1,20.45,319.68,0.375
2003,3,8,-30.25,0.75,763.08,1,NA,0.125,180,1,66.63,1,NA,NA,0.125
2003,3,9,-31.7,0.5,763,1,7.33,0.375,241.25,1,63.88,1,6.69,334.95,0.375
2003,3,10,-28.93,0.75,759.31,1,10,0.25,161.25,1,63.5,1,6,10,0.25
2003,3,11,-35.81,1,761.26,1,6.5,0.5,287.5,1,60.13,1,6.32,279.42,0.5
2003,3,12,-39.61,0.875,767.15,1,12.25,0.5,290,0.625,55.25,1,11.04,301.68,0.5
2003,3,13,-44.07,0.375,764,1,20.33,0.375,298.75,1,53.75,1,20.09,304.46,0.375
2003,3,14,-47.85,1,764.69,1,19.75,0.5,313.33,0.75,48.38,1,18.93,315,0.25
2003,3,15,-43.08,1,762.84,0.875,9.5,0.5,305,0.75,52.29,0.875,8.47,305.88,0.25
2003,3,16,-42.7,1,761.84,1,19.83,0.75,316,0.625,53.13,1,21.42,314.65,0.5
2003,3,17,-43.36,1,756.66,1,22,0.25,317.5,0.5,53.13,1,NA,NA,0.125
2003,3,18,-40.71,1,755.79,1,15.83,0.75,308,0.625,55.25,1,15.94,304.53,0.5
2003,3,19,-43.8,0.625,753.71,1,17.67,0.375,312,0.625,54,1,16.74,300,0.25
2003,3,20,-48.26,0.875,748.13,1,20,0.375,325,0.75,47.75,1,19.79,329.5,0.375
2003,3,21,-47.13,1,746.15,1,15.88,1,330,0.375,48.63,1,16.82,330.2,0.375
2003,3,22,-47.31,1,744.41,1,18.5,0.5,314,0.625,49.13,1,17.24,312.02,0.25
2003,3,23,-37.13,0.375,748.65,1,17.5,0.25,321.43,0.875,58,1,NA,NA,0.125
2003,3,24,-42.95,1,759.26,1,NA,0.125,326.25,1,53.63,1,NA,NA,0.125
2003,3,25,-42.71,1,767,1,21.67,0.375,320,0.375,54.38,1,NA,NA,0.125
2003,3,26,-40.71,1,768.76,1,18,0.25,325,1,55.88,1,18,330,0.25
2003,3,27,-42.2,1,759.65,1,19.5,0.75,332.5,1,54.13,1,19.36,331.8,0.75
2003,3,28,-43.04,0.875,755.38,1,15.5,0.25,327.5,1,53.63,1,15.5,340,0.25
2003,3,29,-42.78,1,755.46,1,NA,0.125,330,1,54,1,NA,NA,0.125
2003,3,30,-41.29,1,762.5,1,20,0.625,316.25,1,55.63,1,19.95,312.2,0.625
2003,3,31,-37.15,1,762.13,1,11.71,0.875,310,0.5,60.13,1,12.15,308.98,0.5
2003,4,1,-37.7,1,763.48,1,15.17,0.75,315,1,59.63,1,14.9,312.06,0.75
2003,4,2,-45.88,1,763.34,1,NA,0.125,317.5,0.5,51.25,1,NA,NA,0
2003,4,3,-46.76,1,759.39,1,13,0.625,322,0.625,49.75,1,12.62,326.32,0.375
2003,4,4,-50.21,1,757.13,1,19.33,0.75,326.67,0.375,46,1,NA,NA,0.125
2003,4,5,-52.01,1,761.05,1,22.43,0.875,320,0.5,43.88,1,22.33,320.45,0.5
2003,4,6,-46.19,0.875,761.21,1,24.67,0.375,322,0.625,50.25,1,25,320,0.25
2003,4,7,-47.55,1,757.16,1,18,0.25,330,1,48.75,1,17.73,330,0.25
2003,4,8,-49.17,0.875,751.13,1,21,0.25,322.5,1,47.5,1,20.92,325,0.25
2003,4,9,-45.65,0.75,749.66,1,15.83,0.75,318.75,1,52.13,1,15.78,316.64,0.75
2003,4,10,-42.03,1,754.85,1,12.75,0.5,313.75,1,54.75,1,12.65,320.39,0.5
2003,4,11,-44.93,1,764.49,1,17.6,0.625,321.25,1,51.63,1,17.45,318.29,0.625
2003,4,12,-44.21,1,760.99,1,NA,0.125,334,0.625,52.5,1,NA,NA,0.125
2003,4,13,-48.49,1,746.18,1,NA,0.125,315.71,0.875,47.63,1,NA,NA,0.125
2003,4,14,-50.09,1,744.54,1,NA,0,322.5,1,45.88,1,NA,NA,0
2003,4,15,-43.4,0.875,749.86,1,9.25,0.5,297.5,1,53.25,1,9.22,304.05,0.5
2003,4,16,-36.8,0.875,745.14,1,6,0.25,272.5,1,59,1,4.95,271.66,0.25
2003,4,17,-44.44,1,748.33,1,17,0.25,326.25,1,52.5,1,16.75,328.81,0.25
2003,4,18,-42.96,1,748.03,1,NA,0,282.5,1,53.75,1,NA,NA,0
2003,4,19,-49.39,1,749.88,1,NA,0,320,1,46.88,1,NA,NA,0
2003,4,20,-48.39,1,741.99,1,21,0.625,326,0.625,47.75,1,20.42,324.88,0.25
2003,4,21,-38.95,0.5,739.39,1,17.33,0.375,286.25,1,61.63,1,17.27,324.04,0.375
2003,4,22,-35.45,0.5,751.54,1,NA,0,252.5,1,60.88,1,NA,NA,0
2003,4,23,-43.08,1,761.11,1,14.6,0.625,320,1,54.38,1,14.31,318.25,0.625
2003,4,24,-43.21,1,767.35,1,19.67,0.375,220,0.375,53.88,1,NA,NA,0
2003,4,25,-45.93,1,757.19,1,17.67,0.375,330,0.5,50.88,1,16.94,325,0.25
2003,4,26,-45.2,1,757.96,1,17.67,0.75,313.33,0.375,51.5,1,16.94,313.33,0.375
2003,4,27,-50.53,0.75,763.61,1,20.67,0.375,248,0.625,49.25,1,21,290,0.25
2003,4,28,-38.54,1,758.68,1,2.25,0.5,222.5,1,58.25,1,0.93,177.33,0.5
2003,4,29,-42.43,1,759.7,1,9.6,0.625,307.5,1,54.75,1,9.57,306.25,0.625
2003,4,30,-48.28,1,757.6,1,17,1,310,0.5,48.5,1,16.87,310.29,0.5
2003,5,1,-47.8,1,761.55,1,16.33,0.75,298.33,0.75,48.25,1,15.63,300.64,0.5
2003,5,2,-51.51,1,767.22,1,15.5,1,313.33,0.75,44.5,1,14.95,313.33,0.75
2003,5,3,-48.76,1,770.07,1,13.2,0.625,318.75,1,47.13,1,13.13,318.94,0.625
2003,5,4,-47.7,1,769.56,1,14.62,1,NA,0,48.5,1,NA,NA,0
2003,5,5,-45.33,1,764.84,1,13.5,1,304,0.625,50.63,1,13.15,304.09,0.625
2003,5,6,-41.42,0.625,759.65,1,8.75,0.5,292.86,0.875,54.63,1,7.64,293.47,0.375
2003,5,7,-45.32,0.625,757.33,1,12,0.25,272.5,0.5,54,1,NA,NA,0.125
2003,5,8,-29.51,0.875,757.46,1,4,0.375,237.5,1,67.88,1,2.52,245.51,0.375
2003,5,9,-35.53,0.75,763.44,1,18,0.25,306.25,1,61.38,1,18,320,0.25
2003,5,10,-42.29,1,760.98,1,14.4,0.625,326.25,1,52.88,1,14.16,323.45,0.625
2003,5,11,-45.44,1,752.65,1,NA,0,328.75,1,50.75,1,NA,NA,0
2003,5,12,-48.81,1,751.05,1,12.5,0.25,311.25,1,48,1,12.45,314.4,0.25
2003,5,13,-46.78,1,743.86,1,18.5,0.5,318.75,1,49.5,1,18.3,331.9,0.5
2003,5,14,-44.24,1,736.3,1,3.67,0.375,241.25,1,52.25,1,3.58,199.16,0.375
2003,5,15,-46.85,0.75,738.48,1,14,0.25,325,1,50.38,1,14,320,0.25
2003,5,16,-48.17,0.75,745.18,1,16,0.375,316.25,1,48.25,1,15.95,326.88,0.375
2003,5,17,-46.56,0.625,748.91,1,19.33,0.375,326.25,1,50,1,19.27,323.27,0.375
2003,5,18,-46.18,1,747.95,1,18.38,1,320,0.375,50.13,1,19.13,320,0.375
2003,5,19,-49.31,0.875,749.89,1,19.57,0.875,317.5,0.5,47.25,1,19.19,317.41,0.5
2003,5,20,-53.73,1,749.23,1,21.75,0.5,325,1,42.13,1,21.67,325.06,0.5
2003,5,21,-45.11,1,753.95,1,16,0.5,316.67,0.375,51.13,1,NA,NA,0.125
2003,5,22,-46.76,0.875,758.54,1,18.33,0.75,316.25,1,49.5,1,17.51,318.26,0.75
2003,5,23,-51.23,0.75,752.89,1,20.67,0.375,317.5,0.5,46.38,1,NA,NA,0
2003,5,24,-38.57,0.875,756.29,1,13.33,0.75,313.75,1,58.38,1,13.01,314.39,0.75
2003,5,25,-41.46,1,763.99,1,15.33,0.375,321.67,0.75,55.5,1,15,320,0.25
2003,5,26,-41.67,0.375,760.76,1,15.5,0.25,300,1,63,1,15.5,330,0.25
2003,5,27,-32.23,0.875,766.95,1,11.2,0.625,298.75,1,65.25,1,10.84,307.44,0.625
2003,5,28,-43.03,1,771.58,1,16.43,0.875,318,0.625,54,1,16.94,315.29,0.5
2003,5,29,-46.44,0.875,766.83,1,21.6,0.625,320,1,49.63,1,21.46,319.44,0.625
2003,5,30,-48.03,1,769.6,1,19.5,0.75,315,0.5,48.63,1,19.27,313.44,0.375
2003,5,31,-40.35,1,773.6,1,15.38,1,310,0.375,57,1,15.33,310,0.375
2003,6,1,-44.16,1,775.23,1,19,0.875,NA,0.125,52.88,1,NA,NA,0.125
2003,6,2,-46.28,1,771.53,1,21.8,0.625,316,0.625,50.63,1,21.67,314.71,0.5
2003,6,3,-52.26,1,767.89,1,27,0.25,305,0.5,44,1,26.9,305,0.25
2003,6,4,-51.61,1,764.41,1,20.4,0.625,310,0.5,44.38,1,20.13,309.67,0.375
2003,6,5,-50.06,1,764.13,1,18.71,0.875,NA,0.125,45.63,1,NA,NA,0.125
2003,6,6,-42.3,0.75,764.24,1,18.14,0.875,326.67,0.375,55.5,1,18.93,335,0.25
2003,6,7,-45.29,1,769.89,1,21.6,0.625,323.33,0.375,51.13,1,NA,NA,0.125
2003,6,8,-48.78,1,772.74,1,17.17,0.75,320,0.625,47.38,1,16.95,317.94,0.375
2003,6,9,-49.01,1,768.78,1,13.8,0.625,307.5,1,46.88,1,13.49,312.89,0.625
2003,6,10,-45.7,1,761.29,1,12.33,0.75,303.75,1,50.25,1,12.11,305.83,0.75
2003,6,11,-53.29,1,762.44,1,20.4,0.625,NA,0.125,42.25,1,NA,NA,0
2003,6,12,-51.54,1,764.44,1,17,0.875,315,0.5,44.13,1,16.44,315.15,0.5
2003,6,13,-51.48,1,766.45,1,19.17,0.75,316,0.625,44.13,1,18.2,317.54,0.5
2003,6,14,-47.11,1,772.88,1,NA,0,320,0.875,48.5,1,NA,NA,0
2003,6,15,-49.97,1,773.22,1,18.17,0.75,316.67,0.375,45.63,1,NA,NA,0.125
2003,6,16,-43.91,1,768.56,1,11.4,0.625,303.33,0.75,51.5,1,11.96,307.23,0.375
2003,6,17,-35.19,1,774.64,1,4,0.625,295,0.75,61,1,3.73,295.66,0.625
2003,6,18,-33.12,0.75,781.21,1,9.25,0.5,297.5,1,62,1,9.18,301.9,0.5
2003,6,19,-37.01,0.875,778.66,1,12.2,0.625,306.67,0.75,56.5,1,12.02,307.4,0.625
2003,6,20,-44.06,1,770.25,1,17,0.75,322.5,0.5,52.63,1,16.61,323.8,0.375
2003,6,21,-50.6,1,765.1,1,19.86,0.875,325,0.75,46,1,20.09,325.21,0.75
2003,6,22,-56.54,0.875,763.89,1,22,0.875,315,0.25,39.63,1,22.41,314.89,0.25
2003,6,23,-56.29,1,763.5,1,22.2,0.625,314,0.625,39.38,1,22.17,314.94,0.5
2003,6,24,-56.84,1,766.74,1,NA,0.125,298.57,0.875,38.5,1,NA,NA,0.125
2003,6,25,-44.78,0.5,764.71,1,16,0.25,266.25,1,50.25,1,16,300,0.25
2003,6,26,-37.1,1,760.68,1,NA,0.125,176,0.625,60,1,NA,NA,0.125
2003,6,27,-36.76,1,762.3,1,6.5,0.5,240,1,60.63,1,5.65,265.08,0.5
2003,6,28,-37.6,1,764.64,1,11.33,0.375,283.75,1,59.75,1,11.01,311.3,0.375
2003,6,29,-47.47,1,766.13,1,14.2,0.625,291.25,1,49.38,1,12.73,336.46,0.625
2003,6,30,-52.32,1,750.47,1,12.25,0.5,320,1,44,1,12.11,314.86,0.5
2003,7,1,-53.35,1,758.74,1,12.17,0.75,NA,0,42.38,1,NA,NA,0
2003,7,2,-46.83,1,771.31,1,17.17,0.75,322.5,0.5,49.5,1,16.18,320.62,0.375
2003,7,3,-47.71,1,762.16,1,20,0.625,326.67,0.75,48.38,1,18.58,326.7,0.375
2003,7,4,-48.88,0.75,765.43,1,17.67,0.75,320,0.875,48.63,1,16.76,317.86,0.625
2003,7,5,-41.32,0.625,774.07,1,14,0.25,276.25,1,55.25,1,14,310,0.25
2003,7,6,-47.81,1,774.65,1,19.6,0.625,322.5,1,48.38,1,19.44,322.25,0.625
2003,7,7,-36.6,0.375,766.93,1,NA,0,248.75,1,60.88,1,NA,NA,0
2003,7,8,-45.97,0.875,768.61,1,16.29,0.875,320,0.375,51.13,1,14.85,321.12,0.375
2003,7,9,-46.73,1,766.06,1,15.33,0.375,320,0.75,49.75,1,13.45,324.81,0.25
2003,7,10,-50.43,1,767.05,1,20.5,0.5,325,1,45.63,1,20.42,325.37,0.5
2003,7,11,-50.21,1,767.36,1,24.67,0.375,328,0.625,45.5,1,24.58,326.49,0.375
2003,7,12,-51,1,766.3,1,24.83,0.75,325,0.5,44.63,1,26.24,326.46,0.375
2003,7,13,-46.76,1,757.38,1,20.83,0.75,313.33,0.375,48.25,1,19.92,315,0.25
2003,7,14,-45.15,1,755.05,1,NA,0.125,310,0.75,51,1,NA,NA,0.125
2003,7,15,-41.46,0.875,751.56,1,NA,0,246.67,0.375,54.75,1,NA,NA,0
2003,7,16,-38.93,1,750.1,1,5.67,0.75,287.5,1,58,1,4.8,299.24,0.75
2003,7,17,-38.6,0.875,752.85,1,9.8,0.625,302.5,0.5,58.75,1,8.97,306.67,0.25
2003,7,18,-41.54,1,754.41,1,17,0.5,NA,0.125,54.88,1,NA,NA,0
2003,7,19,-46.85,1,752.98,1,14.5,0.25,316.25,1,49.5,1,14.44,324.83,0.25
2003,7,20,-53.1,1,748.86,1,16,0.25,332.5,1,42.88,1,15.76,328.74,0.25
2003,7,21,-47.32,1,749.35,1,17.6,0.625,330,0.375,49,1,18.43,335.41,0.25
2003,7,22,-49.5,1,755.21,1,NA,0.125,321.25,1,46.38,1,NA,NA,0.125
2003,7,23,-53.44,0.875,755.61,1,NA,0,318,0.625,42.88,1,NA,NA,0
2003,7,24,-50.03,0.5,752.3,1,NA,0.125,325,1,47,1,NA,NA,0.125
2003,7,25,-46.48,0.625,756.11,1,NA,0,311.25,1,51,1,NA,NA,0
2003,7,26,-37.8,0.25,750.06,1,NA,0,220,1,64.5,1,NA,NA,0
2003,7,27,-55.7,0.375,751.94,1,12.8,0.625,280,1,46.25,1,10.34,288.04,0.625
2003,7,28,-46.75,0.75,764.7,1,NA,0,266.25,1,50.5,1,NA,NA,0
2003,7,29,-47.08,0.75,762.12,1,24.5,0.25,281.25,1,49.63,1,24.13,330.21,0.25
2003,7,30,-53.21,1,755.83,1,NA,0.125,325,1,43.38,1,NA,NA,0.125
2003,7,31,-50.51,1,756.38,1,17.67,0.375,325,1,46,1,17.43,323.24,0.375
2003,8,1,-48.96,1,759,1,21,0.625,325,1,47.38,1,20.54,326.18,0.625
2003,8,2,-51.09,0.875,754.79,1,22,0.25,330,1,44.88,1,21.92,325,0.25
2003,8,3,-51.15,1,748.3,1,23.83,0.75,320,0.375,44.63,1,NA,NA,0.125
2003,8,4,-51.09,0.875,751.9,1,20,0.75,323.33,0.75,44.88,1,19.75,320,0.5
2003,8,5,-47.5,0.5,748.38,1,NA,0,332.86,0.875,49.38,1,NA,NA,0
2003,8,6,-47.48,0.75,753.59,1,17,0.375,326,0.625,49.38,1,16.94,314.71,0.25
2003,8,7,-51.43,1,757.98,1,23.5,0.25,314.29,0.875,44.25,1,23.41,315.11,0.25
2003,8,8,-50.28,1,752.2,1,24.4,0.625,314.29,0.875,45.5,1,24.34,317.96,0.625
2003,8,9,-46.08,1,745.47,1,18.5,0.75,305,0.25,49.88,1,16.44,305.46,0.25
2003,8,10,-48.91,0.875,749.28,1,19.88,1,312.5,1,46.88,1,19.74,312.71,1
2003,8,11,-46.74,0.875,765.9,1,NA,0.125,337.5,1,49.38,1,NA,NA,0.125
2003,8,12,-19.75,0.25,767.54,1,NA,0,177.5,1,74.13,1,NA,NA,0
2003,8,13,-22.65,0.5,754.18,1,NA,0,220,0.75,73.63,1,NA,NA,0
2003,8,14,-47.02,0.75,750.35,1,NA,0,323.75,1,52.75,1,NA,NA,0
2003,8,15,-43.81,1,753.71,1,NA,0,325,1,51.38,1,NA,NA,0
2003,8,16,-47.53,0.75,754.13,1,NA,0,305,1,47.75,1,NA,NA,0
2003,8,17,-48.19,0.875,755.63,1,NA,0,271.67,0.75,48.63,1,NA,NA,0
2003,8,18,-48.65,0.75,754.49,1,NA,0,288.75,1,45.88,1,NA,NA,0
2003,8,19,-53.08,1,750.46,1,NA,0,312.5,0.5,43.5,1,NA,NA,0
2003,8,20,-52.41,0.875,748.19,1,NA,0,314,0.625,43.63,1,NA,NA,0
2003,8,21,-48.54,1,762.18,1,NA,0,330,1,47.75,1,NA,NA,0
2003,8,22,-44.41,1,763.03,1,NA,0,325,1,51.5,1,NA,NA,0
2003,8,23,-45.9,1,765.99,1,NA,0,330,1,50,1,NA,NA,0
2003,8,24,-37.83,1,758.47,1,NA,0,307.5,1,55.13,1,NA,NA,0
2003,8,25,-45.25,0.75,761.74,1,NA,0,316.25,1,51.88,1,NA,NA,0
2003,8,26,-43.88,1,767.8,1,NA,0,328.57,0.875,52.88,1,NA,NA,0
2003,8,27,-45,1,756.93,1,NA,0,306,0.625,49.38,1,NA,NA,0
2003,8,28,-44.2,0.875,760.68,1,NA,0,302,0.625,50.75,1,NA,NA,0
2003,8,29,-43.9,1,757.34,1,NA,0,300,1,51.63,1,NA,NA,0
2003,8,30,-50.35,1,759.24,1,NA,0,323.33,0.375,46,1,NA,NA,0
2003,8,31,-49.1,1,747.39,1,NA,0,306.67,0.375,46.38,1,NA,NA,0
2003,9,1,-52.26,1,747.34,1,NA,0,290,0.5,43.38,1,NA,NA,0
2003,9,2,-48.62,0.75,745.69,1,NA,0,260,0.375,47.38,1,NA,NA,0
2003,9,3,-43.88,0.75,746.55,1,NA,0,247.5,1,53.25,1,NA,NA,0
2003,9,4,-45.87,0.875,748.98,1,NA,0,318.33,0.75,50.88,1,NA,NA,0
2003,9,5,-43.35,1,751.05,1,NA,0,316,0.625,53.38,1,NA,NA,0
2003,9,6,-43.23,1,754.76,1,NA,0,300,0.25,53.88,1,NA,NA,0
2003,9,7,-46.55,1,764.94,1,NA,0,317.5,1,50.13,1,NA,NA,0
2003,9,8,-38.39,1,766.63,1,NA,0,312.5,1,48.63,1,NA,NA,0
2003,9,9,-39.87,0.75,768.98,1,NA,0,310,1,55.63,1,NA,NA,0
2003,9,10,-36.37,0.875,772.96,1,NA,0,315,1,51.63,1,NA,NA,0
2003,9,11,-32.87,0.75,758.91,1,NA,0,323.75,1,59.75,1,NA,NA,0
2003,9,12,-47.81,0.875,744.85,1,NA,0,310,1,48.75,1,NA,NA,0
2003,9,13,-49.6,0.875,749.91,1,NA,0,293.75,1,46.38,1,NA,NA,0
2003,9,14,-54.19,1,758.39,1,NA,0,336.67,0.375,41.88,1,NA,NA,0
2003,9,15,-47.08,0.75,759.81,1,NA,0,323.75,1,48.63,1,NA,NA,0
2003,9,16,-42.24,1,760.64,1,NA,0,270,1,54,1,NA,NA,0
2003,9,17,-45.5,0.625,759.93,1,NA,0,321.25,1,49.63,1,NA,NA,0
2003,9,18,-47.78,0.75,762.08,1,NA,0,325,1,49.38,1,NA,NA,0
2003,9,19,-43.13,1,760.53,1,NA,0,326,0.625,53.5,1,NA,NA,0
2003,9,20,-41.48,0.5,754.63,1,NA,0,286.25,1,57.13,1,NA,NA,0
2003,9,21,-33.7,0.875,756.03,1,NA,0,215,1,63.63,1,NA,NA,0
2003,9,22,-40.11,0.875,756.79,1,NA,0,313.75,1,56.75,1,NA,NA,0
2003,9,23,-45.54,0.875,761.18,1,NA,0,310,0.5,52.25,1,NA,NA,0
2003,9,24,-31.68,0.625,754.49,1,NA,0,165,1,66.57,0.875,NA,NA,0
2003,9,25,-31.23,1,755.3,1,NA,0,166,0.625,67.25,1,NA,NA,0
2003,9,26,-29.54,1,755.04,1,NA,0,158,0.625,69.5,1,NA,NA,0
2003,9,27,-29.1,1,758.69,1,NA,0,191.67,0.75,69.63,1,NA,NA,0
2003,9,28,-33.69,0.875,761.84,1,NA,0,284.29,0.875,62.75,1,NA,NA,0
2003,9,29,-38.39,1,760.31,1,NA,0,NA,0.125,58.75,1,NA,NA,0
2003,9,30,-43.98,0.75,756.88,1,NA,0,300,0.75,52.75,1,NA,NA,0
2003,10,1,-48.28,1,754.64,1,NA,0,NA,0,47.63,1,NA,NA,0
2003,10,2,-44.86,0.875,757.7,1,NA,0,317.5,1,51.63,1,NA,NA,0
2003,10,3,-37.9,0.5,758.58,1,NA,0,324,0.625,59.88,1,NA,NA,0
2003,10,4,-36.96,0.625,762.16,1,NA,0,308.75,1,60.38,1,NA,NA,0
2003,10,5,-41.13,1,761.44,1,NA,0,312.5,1,55.38,1,NA,NA,0
2003,10,6,-37.79,0.875,758.07,1,NA,0,296.25,1,58.75,1,NA,NA,0
2003,10,7,-41.01,0.875,754.94,1,NA,0,322.5,1,52,1,NA,NA,0
2003,10,8,-43.83,0.5,754.96,1,NA,0,324,0.625,46.5,1,NA,NA,0
2003,10,9,-42.03,0.75,753,1,NA,0,320,1,44.75,1,NA,NA,0
2003,10,10,-45.63,0.75,748.21,1,NA,0,320,0.625,46.13,1,NA,NA,0
2003,10,11,-46.54,0.875,743.31,1,NA,0,310,0.25,49.5,1,NA,NA,0
2003,10,12,-49.07,0.875,740.93,1,NA,0,317.5,1,45.5,1,NA,NA,0
2003,10,13,-48.94,0.625,742.86,1,NA,0,322,0.625,47.38,1,NA,NA,0
2003,10,14,-46.7,0.875,745.6,1,NA,0,316.67,0.375,49.13,1,NA,NA,0
2003,10,15,-37.9,0.375,750.66,1,NA,0,307.5,1,58.13,1,NA,NA,0
2003,10,16,-41.74,0.625,751.16,1,NA,0,325,0.75,53.88,1,NA,NA,0
2003,10,17,-46.54,1,747.86,1,NA,0,322.86,0.875,49.25,1,NA,NA,0
2003,10,18,-45.99,1,749.34,1,NA,0,310,1,49,1,NA,NA,0
2003,10,19,-39,0.75,752.25,1,NA,0,311.25,1,57.25,1,NA,NA,0
2003,10,20,-40.56,0.875,750.7,1,NA,0,300,0.25,54.13,1,NA,NA,0
2003,10,21,-34.83,0.75,746.75,1,NA,0,275,1,62.38,1,NA,NA,0
2003,10,22,-35.46,0.625,750.4,1,NA,0,297.5,0.5,58.75,1,NA,NA,0
2003,10,23,-40.76,0.625,748.95,1,NA,0,330,0.75,54.5,1,NA,NA,0
2003,10,24,-33.58,0.75,755.13,1,NA,0,230,1,62.88,1,NA,NA,0
2003,10,25,-36.46,0.625,759.41,1,NA,0,315,1,55.13,1,NA,NA,0
2003,10,26,-41.25,0.5,759.25,1,NA,0,321.25,1,54.88,1,NA,NA,0
2003,10,27,-40.36,1,760.88,1,NA,0,318.75,1,55.38,1,NA,NA,0
2003,10,28,-38.93,0.375,770.33,1,NA,0,333.75,1,40.25,1,NA,NA,0
2003,10,29,-39.54,0.625,772.2,1,NA,0,265,1,47.63,1,NA,NA,0
2003,10,30,-39.1,0.375,769.52,1,NA,0,322.5,1,48.88,1,NA,NA,0
2003,10,31,-36.27,0.75,766.36,1,NA,0,323.75,1,58.25,1,NA,NA,0
2003,11,1,-38.3,0.625,762.79,1,NA,0,318,0.625,55.25,1,NA,NA,0
2003,11,2,-39,0.5,759.26,1,NA,0,310,0.625,49.63,1,NA,NA,0
2003,11,3,-38.58,0.5,756.08,1,NA,0,303.75,1,51.88,1,NA,NA,0
2003,11,4,-31.62,0.75,756.56,1,NA,0,197.5,1,64.63,1,NA,NA,0
2003,11,5,-28.6,1,759.05,1,NA,0,172.5,1,69.25,1,NA,NA,0
2003,11,6,-27.14,0.875,762.86,1,NA,0,232.5,1,69.75,1,NA,NA,0
2003,11,7,-27.18,0.75,762.39,1,NA,0,313.75,1,66.88,1,NA,NA,0
2003,11,8,-30.18,0.625,756.7,1,NA,0,315,1,62.38,1,NA,NA,0
2003,11,9,-31.46,0.625,753.34,1,NA,0,305,1,63.75,1,NA,NA,0
2003,11,10,-27.77,0.875,756.6,1,NA,0,233.75,1,71.25,1,NA,NA,0
2003,11,11,-24,0.875,758.45,1,NA,0,184.29,0.875,74.63,1,NA,NA,0
2003,11,12,-23.19,1,764.04,1,NA,0,218,0.625,76,1,NA,NA,0
2003,11,13,-24.94,1,766.31,1,NA,0,290,0.75,74.13,1,NA,NA,0
2003,11,14,-29.48,0.5,762.83,0.875,13.25,0.5,301.67,0.75,65.43,0.875,13.09,304.02,0.5
2003,11,15,-30.23,0.5,760.54,1,13.67,0.75,287.5,1,57.5,1,13.55,293.18,0.75
2003,11,16,-29.38,0.625,760.01,1,6.5,0.5,235,1,63.5,1,2.91,286.06,0.5
2003,11,17,-32.23,0.875,754.85,1,12.83,0.75,300,1,62.63,1,12.68,297.7,0.75
2003,11,18,-28.76,0.875,750.29,1,6.25,0.5,222.5,1,69,1,4.05,239.64,0.5
2003,11,19,-28.43,0.75,752.36,1,3.2,0.625,270,1,63.75,1,3.13,272.6,0.625
2003,11,20,-26.54,0.875,756.3,1,7.5,0.5,165,1,71.5,1,6.47,171.32,0.5
2003,11,21,-27.3,0.625,756.99,1,8.33,0.75,273.75,1,64.38,1,6.56,284.19,0.75
2003,11,22,-29.4,0.5,755.54,1,11.25,0.5,277.5,0.5,61,1,8.88,286.64,0.25
2003,11,23,-30.57,0.5,759.14,1,16,0.75,310,0.625,59.75,1,17.33,320,0.375
2003,11,24,-29.31,1,764.54,1,8.5,0.25,251.25,1,63.88,1,4.5,310,0.25
2003,11,25,-28.1,0.625,767.91,1,5.8,0.625,271.25,1,61.38,1,5.47,290.57,0.625
2003,11,26,-28.65,0.75,767.11,1,4,0.25,231.25,1,63.88,1,3.33,235.07,0.25
2003,11,27,-26.02,0.75,765.86,1,NA,0,238.75,1,68.63,1,NA,NA,0
2003,11,28,-25.47,0.5,764.11,1,3.5,0.5,238.75,1,67.13,1,2.39,247.45,0.5
2003,11,29,-21.93,1,761.71,1,16,0.375,163.75,1,75.63,1,15.94,163.54,0.375
2003,11,30,-19.25,1,766.21,1,12.5,0.5,155,1,78.88,1,11.94,155.79,0.5
2003,12,1,-17.16,1,765.61,1,NA,0,181.25,1,80.5,1,NA,NA,0
2003,12,2,-16.77,0.75,767.88,1,15.33,0.375,156.25,1,80.63,1,15.12,152.63,0.375
2003,12,3,-18.39,1,775.84,1,NA,0,177.5,1,76.5,1,NA,NA,0
2003,12,4,-18.49,1,772.64,1,4,0.25,177.5,1,76,1,3.76,200,0.25
2003,12,5,-16.81,1,772.21,1,4.5,0.75,187.5,1,78.63,1,3.28,176.34,0.75
2003,12,6,-16.24,1,770.63,1,6.5,0.25,164,0.625,81.13,1,5.89,152.95,0.25
2003,12,7,-18.9,0.875,774.55,1,NA,0.125,202,0.625,72.43,0.875,NA,NA,0
2003,12,8,-19.58,0.75,776.14,1,10.75,0.5,288,0.625,71.38,1,10.96,306.37,0.25
2003,12,9,-19.34,0.625,775.96,1,12.5,0.25,295,0.5,69,1,NA,NA,0.125
2003,12,10,-18.4,0.625,774.94,1,11,0.25,272.5,1,67.5,1,9.58,275.99,0.25
2003,12,11,-21.52,0.625,773.98,1,10,0.5,298.75,1,69,1,9.91,303.77,0.5
2003,12,12,-20.38,0.625,776.48,1,10,0.375,265,1,72,1,9.84,306.12,0.375
2003,12,13,-19.63,0.75,780.04,1,NA,0.125,231.25,1,72.13,1,NA,NA,0.125
2003,12,14,-20.75,0.5,780.89,1,13.5,0.25,295,1,69.25,1,13.3,321.87,0.25
2003,12,15,-19.96,0.875,781.79,1,2.4,0.625,217.5,1,68.75,1,1.16,257.69,0.625
2003,12,16,-20.75,0.5,779.54,1,5.33,0.375,268.75,1,65.63,1,4.82,305.49,0.375
2003,12,17,-23.14,0.625,776.56,1,6,0.375,258.75,1,68.63,1,5.61,286.9,0.375
2003,12,18,-19.99,0.875,776.03,1,8,0.25,211.25,1,75.88,1,7.97,174.37,0.25
2003,12,19,-21.57,0.75,779.41,1,10.5,0.5,290,1,67.88,1,10.39,291.47,0.5
2003,12,20,-22.08,0.625,776.93,1,11.5,0.5,318.75,1,61.88,1,11.19,311.45,0.5
2003,12,21,-21.93,0.5,772.19,1,NA,0.125,253.75,1,72.38,1,NA,NA,0.125
2003,12,22,-20.65,0.75,774.21,1,9,0.25,285,1,72.63,1,8.97,306.11,0.25
2003,12,23,-21.07,0.875,779.75,1,NA,0,241.25,1,71.75,1,NA,NA,0
2003,12,24,-20.54,0.625,781.78,1,NA,0.125,261.25,1,70.38,1,NA,NA,0.125
2003,12,25,-20,0.375,772.74,1,NA,0,285,1,66.88,1,NA,NA,0
2003,12,26,-19.92,0.75,769.4,1,NA,0.125,298.75,1,70.63,1,NA,NA,0.125
2003,12,27,-18.94,0.625,769.35,1,12,0.5,293.75,1,68.13,1,11.59,299.12,0.5
2003,12,28,-18.67,0.75,770.1,1,9.5,0.5,258.75,1,72.75,1,9.16,310.82,0.5
2003,12,29,-16.52,0.75,770.11,1,1,0.375,210,1,62.63,1,1,190,0.375
2003,12,30,-16.02,0.625,771.98,1,7,0.375,225,1,68.5,1,4.43,220.08,0.375
2003,12,31,-15.73,0.875,770.34,1,7.33,0.375,185,1,80.88,1,6.06,168.91,0.375
2004,1,1,NA,0,NA,0,NA,0,NA,0,NA,0,NA,NA,0
2004,1,2,NA,0,NA,0,NA,0,NA,0,NA,0,NA,NA,0
2004,1,3,NA,0,NA,0,NA,0,NA,0,NA,0,NA,NA,0
2004,1,4,NA,0,NA,0,NA,0,NA,0,NA,0,NA,NA,0
2004,1,5,NA,0,NA,0,NA,0,NA,0,NA,0,NA,NA,0
2004,1,6,NA,0,NA,0,NA,0,NA,0,NA,0,NA,NA,0
2004,1,7,NA,0,NA,0,NA,0,NA,0,NA,0,NA,NA,0
2004,1,8,NA,0,NA,0,NA,0,NA,0,NA,0,NA,NA,0
2004,1,9,NA,0,NA,0,NA,0,NA,0,NA,0,NA,NA,0
2004,1,10,NA,0,NA,0,NA,0,NA,0,NA,0,NA,NA,0
2004,1,11,NA,0,NA,0,NA,0,NA,0,NA,0,NA,NA,0
2004,1,12,NA,0,NA,0,NA,0,NA,0,NA,0,NA,NA,0
2004,1,13,NA,0,NA,0,NA,0,NA,0,NA,0,NA,NA,0
2004,1,14,NA,0,NA,0,NA,0,NA,0,NA,0,NA,NA,0
2004,1,15,NA,0,NA,0,NA,0,NA,0,NA,0,NA,NA,0
2004,1,16,NA,0,NA,0,NA,0,NA,0,NA,0,NA,NA,0
2004,1,17,NA,0,NA,0,NA,0,NA,0,NA,0,NA,NA,0
2004,1,18,NA,0,NA,0,NA,0,NA,0,NA,0,NA,NA,0
2004,1,19,NA,0,NA,0,NA,0,NA,0,NA,0,NA,NA,0
2004,1,20,NA,0,NA,0,NA,0,NA,0,NA,0,NA,NA,0
2004,1,21,NA,0,NA,0,NA,0,NA,0,NA,0,NA,NA,0
2004,1,22,NA,0,NA,0,NA,0,NA,0,NA,0,NA,NA,0
2004,1,23,NA,0,NA,0,NA,0,NA,0,NA,0,NA,NA,0
2004,1,24,NA,0,NA,0,NA,0,NA,0,NA,0,NA,NA,0
2004,1,25,NA,0,NA,0,NA,0,NA,0,NA,0,NA,NA,0
2004,1,26,NA,0,NA,0,NA,0,NA,0,NA,0,NA,NA,0
2004,1,27,NA,0,NA,0,NA,0,NA,0,NA,0,NA,NA,0
2004,1,28,NA,0,NA,0,NA,0,NA,0,NA,0,NA,NA,0
2004,1,29,NA,0,NA,0,NA,0,NA,0,NA,0,NA,NA,0
2004,1,30,NA,0,NA,0,NA,0,NA,0,NA,0,NA,NA,0
2004,1,31,NA,0,NA,0,NA,0,NA,0,NA,0,NA,NA,0
2004,2,1,NA,0,NA,0,NA,0,NA,0,NA,0,NA,NA,0
2004,2,2,NA,0,NA,0,NA,0,NA,0,NA,0,NA,NA,0
2004,2,3,NA,0,NA,0,NA,0,NA,0,NA,0,NA,NA,0
2004,2,4,NA,0,NA,0,NA,0,NA,0,NA,0,NA,NA,0
2004,2,5,NA,0,NA,0,NA,0,NA,0,NA,0,NA,NA,0
2004,2,6,NA,0,NA,0,NA,0,NA,0,NA,0,NA,NA,0
2004,2,7,NA,0,NA,0,NA,0,NA,0,NA,0,NA,NA,0
2004,2,8,NA,0,NA,0,NA,0,NA,0,NA,0,NA,NA,0
2004,2,9,NA,0,NA,0,NA,0,NA,0,NA,0,NA,NA,0
2004,2,10,NA,0,NA,0,NA,0,NA,0,NA,0,NA,NA,0
2004,2,11,NA,0,NA,0,NA,0,NA,0,NA,0,NA,NA,0
2004,2,12,NA,0,NA,0,NA,0,NA,0,NA,0,NA,NA,0
2004,2,13,NA,0,NA,0,NA,0,NA,0,NA,0,NA,NA,0
2004,2,14,NA,0,NA,0,NA,0,NA,0,NA,0,NA,NA,0
2004,2,15,NA,0,NA,0,NA,0,NA,0,NA,0,NA,NA,0
2004,2,16,NA,0,NA,0,NA,0,NA,0,NA,0,NA,NA,0
2004,2,17,NA,0,NA,0,NA,0,NA,0,NA,0,NA,NA,0
2004,2,18,NA,0,NA,0,NA,0,NA,0,NA,0,NA,NA,0
2004,2,19,NA,0,NA,0,NA,0,NA,0,NA,0,NA,NA,0
2004,2,20,NA,0,NA,0,NA,0,NA,0,NA,0,NA,NA,0
2004,2,21,NA,0,NA,0,NA,0,NA,0,NA,0,NA,NA,0
2004,2,22,NA,0,NA,0,NA,0,NA,0,NA,0,NA,NA,0
2004,2,23,NA,0,NA,0,NA,0,NA,0,NA,0,NA,NA,0
2004,2,24,NA,0,NA,0,NA,0,NA,0,NA,0,NA,NA,0
2004,2,25,NA,0,NA,0,NA,0,NA,0,NA,0,NA,NA,0
2004,2,26,NA,0,NA,0,NA,0,NA,0,NA,0,NA,NA,0
2004,2,27,NA,0,NA,0,NA,0,NA,0,NA,0,NA,NA,0
2004,2,28,NA,0,NA,0,NA,0,NA,0,NA,0,NA,NA,0
2004,2,29,NA,0,NA,0,NA,0,NA,0,NA,0,NA,NA,0
2004,3,1,NA,0,NA,0,NA,0,NA,0,NA,0,NA,NA,0
2004,3,2,NA,0,NA,0,NA,0,NA,0,NA,0,NA,NA,0
2004,3,3,NA,0,NA,0,NA,0,NA,0,NA,0,NA,NA,0
2004,3,4,NA,0,NA,0,NA,0,NA,0,NA,0,NA,NA,0
2004,3,5,NA,0,NA,0,NA,0,NA,0,NA,0,NA,NA,0
2004,3,6,NA,0,NA,0,NA,0,NA,0,NA,0,NA,NA,0
2004,3,7,NA,0,NA,0,NA,0,NA,0,NA,0,NA,NA,0
2004,3,8,NA,0,NA,0,NA,0,NA,0,NA,0,NA,NA,0
2004,3,9,NA,0,NA,0,NA,0,NA,0,NA,0,NA,NA,0
2004,3,10,NA,0,NA,0,NA,0,NA,0,NA,0,NA,NA,0
2004,3,11,NA,0,NA,0,NA,0,NA,0,NA,0,NA,NA,0
2004,3,12,NA,0,NA,0,NA,0,NA,0,NA,0,NA,NA,0
2004,3,13,NA,0,NA,0,NA,0,NA,0,NA,0,NA,NA,0
2004,3,14,NA,0,NA,0,NA,0,NA,0,NA,0,NA,NA,0
2004,3,15,NA,0,NA,0,NA,0,NA,0,NA,0,NA,NA,0
2004,3,16,NA,0,NA,0,NA,0,NA,0,NA,0,NA,NA,0
2004,3,17,NA,0,NA,0,NA,0,NA,0,NA,0,NA,NA,0
2004,3,18,NA,0,NA,0,NA,0,NA,0,NA,0,NA,NA,0
2004,3,19,NA,0,NA,0,NA,0,NA,0,NA,0,NA,NA,0
2004,3,20,NA,0,NA,0,NA,0,NA,0,NA,0,NA,NA,0
2004,3,21,NA,0,NA,0,NA,0,NA,0,NA,0,NA,NA,0
2004,3,22,NA,0,NA,0,NA,0,NA,0,NA,0,NA,NA,0
2004,3,23,NA,0,NA,0,NA,0,NA,0,NA,0,NA,NA,0
2004,3,24,NA,0,NA,0,NA,0,NA,0,NA,0,NA,NA,0
2004,3,25,NA,0,NA,0,NA,0,NA,0,NA,0,NA,NA,0
2004,3,26,NA,0,NA,0,NA,0,NA,0,NA,0,NA,NA,0
2004,3,27,NA,0,NA,0,NA,0,NA,0,NA,0,NA,NA,0
2004,3,28,NA,0,NA,0,NA,0,NA,0,NA,0,NA,NA,0
2004,3,29,NA,0,NA,0,NA,0,NA,0,NA,0,NA,NA,0
2004,3,30,NA,0,NA,0,NA,0,NA,0,NA,0,NA,NA,0
2004,3,31,NA,0,NA,0,NA,0,NA,0,NA,0,NA,NA,0
2004,4,1,NA,0,NA,0,NA,0,NA,0,NA,0,NA,NA,0
2004,4,2,NA,0,NA,0,NA,0,NA,0,NA,0,NA,NA,0
2004,4,3,NA,0,NA,0,NA,0,NA,0,NA,0,NA,NA,0
2004,4,4,NA,0,NA,0,NA,0,NA,0,NA,0,NA,NA,0
2004,4,5,NA,0,NA,0,NA,0,NA,0,NA,0,NA,NA,0
2004,4,6,NA,0,NA,0,NA,0,NA,0,NA,0,NA,NA,0
2004,4,7,NA,0,NA,0,NA,0,NA,0,NA,0,NA,NA,0
2004,4,8,NA,0,NA,0,NA,0,NA,0,NA,0,NA,NA,0
2004,4,9,NA,0,NA,0,NA,0,NA,0,NA,0,NA,NA,0
2004,4,10,NA,0,NA,0,NA,0,NA,0,NA,0,NA,NA,0
2004,4,11,NA,0,NA,0,NA,0,NA,0,NA,0,NA,NA,0
2004,4,12,NA,0,NA,0,NA,0,NA,0,NA,0,NA,NA,0
2004,4,13,NA,0,NA,0,NA,0,NA,0,NA,0,NA,NA,0
2004,4,14,NA,0,NA,0,NA,0,NA,0,NA,0,NA,NA,0
2004,4,15,NA,0,NA,0,NA,0,NA,0,NA,0,NA,NA,0
2004,4,16,NA,0,NA,0,NA,0,NA,0,NA,0,NA,NA,0
2004,4,17,NA,0,NA,0,NA,0,NA,0,NA,0,NA,NA,0
2004,4,18,NA,0,NA,0,NA,0,NA,0,NA,0,NA,NA,0
2004,4,19,NA,0,NA,0,NA,0,NA,0,NA,0,NA,NA,0
2004,4,20,NA,0,NA,0,NA,0,NA,0,NA,0,NA,NA,0
2004,4,21,NA,0,NA,0,NA,0,NA,0,NA,0,NA,NA,0
2004,4,22,NA,0,NA,0,NA,0,NA,0,NA,0,NA,NA,0
2004,4,23,NA,0,NA,0,NA,0,NA,0,NA,0,NA,NA,0
2004,4,24,NA,0,NA,0,NA,0,NA,0,NA,0,NA,NA,0
2004,4,25,NA,0,NA,0,NA,0,NA,0,NA,0,NA,NA,0
2004,4,26,NA,0,NA,0,NA,0,NA,0,NA,0,NA,NA,0
2004,4,27,NA,0,NA,0,NA,0,NA,0,NA,0,NA,NA,0
2004,4,28,NA,0,NA,0,NA,0,NA,0,NA,0,NA,NA,0
2004,4,29,NA,0,NA,0,NA,0,NA,0,NA,0,NA,NA,0
2004,4,30,NA,0,NA,0,NA,0,NA,0,NA,0,NA,NA,0
2004,5,1,NA,0,NA,0,NA,0,NA,0,NA,0,NA,NA,0
2004,5,2,NA,0,NA,0,NA,0,NA,0,NA,0,NA,NA,0
2004,5,3,NA,0,NA,0,NA,0,NA,0,NA,0,NA,NA,0
2004,5,4,NA,0,NA,0,NA,0,NA,0,NA,0,NA,NA,0
2004,5,5,NA,0,NA,0,NA,0,NA,0,NA,0,NA,NA,0
2004,5,6,NA,0,NA,0,NA,0,NA,0,NA,0,NA,NA,0
2004,5,7,NA,0,NA,0,NA,0,NA,0,NA,0,NA,NA,0
2004,5,8,NA,0,NA,0,NA,0,NA,0,NA,0,NA,NA,0
2004,5,9,NA,0,NA,0,NA,0,NA,0,NA,0,NA,NA,0
2004,5,10,NA,0,NA,0,NA,0,NA,0,NA,0,NA,NA,0
2004,5,11,NA,0,NA,0,NA,0,NA,0,NA,0,NA,NA,0
2004,5,12,NA,0,NA,0,NA,0,NA,0,NA,0,NA,NA,0
2004,5,13,NA,0,NA,0,NA,0,NA,0,NA,0,NA,NA,0
2004,5,14,NA,0,NA,0,NA,0,NA,0,NA,0,NA,NA,0
2004,5,15,NA,0,NA,0,NA,0,NA,0,NA,0,NA,NA,0
2004,5,16,NA,0,NA,0,NA,0,NA,0,NA,0,NA,NA,0
2004,5,17,NA,0,NA,0,NA,0,NA,0,NA,0,NA,NA,0
2004,5,18,NA,0,NA,0,NA,0,NA,0,NA,0,NA,NA,0
2004,5,19,NA,0,NA,0,NA,0,NA,0,NA,0,NA,NA,0
2004,5,20,NA,0,NA,0,NA,0,NA,0,NA,0,NA,NA,0
2004,5,21,NA,0,NA,0,NA,0,NA,0,NA,0,NA,NA,0
2004,5,22,NA,0,NA,0,NA,0,NA,0,NA,0,NA,NA,0
2004,5,23,NA,0,NA,0,NA,0,NA,0,NA,0,NA,NA,0
2004,5,24,NA,0,NA,0,NA,0,NA,0,NA,0,NA,NA,0
2004,5,25,NA,0,NA,0,NA,0,NA,0,NA,0,NA,NA,0
2004,5,26,NA,0,NA,0,NA,0,NA,0,NA,0,NA,NA,0
2004,5,27,NA,0,NA,0,NA,0,NA,0,NA,0,NA,NA,0
2004,5,28,NA,0,NA,0,NA,0,NA,0,NA,0,NA,NA,0
2004,5,29,NA,0,NA,0,NA,0,NA,0,NA,0,NA,NA,0
2004,5,30,NA,0,NA,0,NA,0,NA,0,NA,0,NA,NA,0
2004,5,31,NA,0,NA,0,NA,0,NA,0,NA,0,NA,NA,0
2004,6,1,NA,0,NA,0,NA,0,NA,0,NA,0,NA,NA,0
2004,6,2,NA,0,NA,0,NA,0,NA,0,NA,0,NA,NA,0
2004,6,3,NA,0,NA,0,NA,0,NA,0,NA,0,NA,NA,0
2004,6,4,NA,0,NA,0,NA,0,NA,0,NA,0,NA,NA,0
2004,6,5,NA,0,NA,0,NA,0,NA,0,NA,0,NA,NA,0
2004,6,6,NA,0,NA,0,NA,0,NA,0,NA,0,NA,NA,0
2004,6,7,NA,0,NA,0,NA,0,NA,0,NA,0,NA,NA,0
2004,6,8,NA,0,NA,0,NA,0,NA,0,NA,0,NA,NA,0
2004,6,9,NA,0,NA,0,NA,0,NA,0,NA,0,NA,NA,0
2004,6,10,NA,0,NA,0,NA,0,NA,0,NA,0,NA,NA,0
2004,6,11,NA,0,NA,0,NA,0,NA,0,NA,0,NA,NA,0
2004,6,12,NA,0,NA,0,NA,0,NA,0,NA,0,NA,NA,0
2004,6,13,NA,0,NA,0,NA,0,NA,0,NA,0,NA,NA,0
2004,6,14,NA,0,NA,0,NA,0,NA,0,NA,0,NA,NA,0
2004,6,15,NA,0,NA,0,NA,0,NA,0,NA,0,NA,NA,0
2004,6,16,NA,0,NA,0,NA,0,NA,0,NA,0,NA,NA,0
2004,6,17,NA,0,NA,0,NA,0,NA,0,NA,0,NA,NA,0
2004,6,18,NA,0,NA,0,NA,0,NA,0,NA,0,NA,NA,0
2004,6,19,NA,0,NA,0,NA,0,NA,0,NA,0,NA,NA,0
2004,6,20,NA,0,NA,0,NA,0,NA,0,NA,0,NA,NA,0
2004,6,21,NA,0,NA,0,NA,0,NA,0,NA,0,NA,NA,0
2004,6,22,NA,0,NA,0,NA,0,NA,0,NA,0,NA,NA,0
2004,6,23,NA,0,NA,0,NA,0,NA,0,NA,0,NA,NA,0
2004,6,24,NA,0,NA,0,NA,0,NA,0,NA,0,NA,NA,0
2004,6,25,NA,0,NA,0,NA,0,NA,0,NA,0,NA,NA,0
2004,6,26,NA,0,NA,0,NA,0,NA,0,NA,0,NA,NA,0
2004,6,27,NA,0,NA,0,NA,0,NA,0,NA,0,NA,NA,0
2004,6,28,NA,0,NA,0,NA,0,NA,0,NA,0,NA,NA,0
2004,6,29,NA,0,NA,0,NA,0,NA,0,NA,0,NA,NA,0
2004,6,30,NA,0,NA,0,NA,0,NA,0,NA,0,NA,NA,0
2004,7,1,NA,0,NA,0,NA,0,NA,0,NA,0,NA,NA,0
2004,7,2,NA,0,NA,0,NA,0,NA,0,NA,0,NA,NA,0
2004,7,3,NA,0,NA,0,NA,0,NA,0,NA,0,NA,NA,0
2004,7,4,NA,0,NA,0,NA,0,NA,0,NA,0,NA,NA,0
2004,7,5,NA,0,NA,0,NA,0,NA,0,NA,0,NA,NA,0
2004,7,6,NA,0,NA,0,NA,0,NA,0,NA,0,NA,NA,0
2004,7,7,NA,0,NA,0,NA,0,NA,0,NA,0,NA,NA,0
2004,7,8,NA,0,NA,0,NA,0,NA,0,NA,0,NA,NA,0
2004,7,9,NA,0,NA,0,NA,0,NA,0,NA,0,NA,NA,0
2004,7,10,NA,0,NA,0,NA,0,NA,0,NA,0,NA,NA,0
2004,7,11,NA,0,NA,0,NA,0,NA,0,NA,0,NA,NA,0
2004,7,12,NA,0,NA,0,NA,0,NA,0,NA,0,NA,NA,0
2004,7,13,NA,0,NA,0,NA,0,NA,0,NA,0,NA,NA,0
2004,7,14,NA,0,NA,0,NA,0,NA,0,NA,0,NA,NA,0
2004,7,15,NA,0,NA,0,NA,0,NA,0,NA,0,NA,NA,0
2004,7,16,NA,0,NA,0,NA,0,NA,0,NA,0,NA,NA,0
2004,7,17,NA,0,NA,0,NA,0,NA,0,NA,0,NA,NA,0
2004,7,18,NA,0,NA,0,NA,0,NA,0,NA,0,NA,NA,0
2004,7,19,NA,0,NA,0,NA,0,NA,0,NA,0,NA,NA,0
2004,7,20,NA,0,NA,0,NA,0,NA,0,NA,0,NA,NA,0
2004,7,21,NA,0,NA,0,NA,0,NA,0,NA,0,NA,NA,0
2004,7,22,NA,0,NA,0,NA,0,NA,0,NA,0,NA,NA,0
2004,7,23,NA,0,NA,0,NA,0,NA,0,NA,0,NA,NA,0
2004,7,24,NA,0,NA,0,NA,0,NA,0,NA,0,NA,NA,0
2004,7,25,NA,0,NA,0,NA,0,NA,0,NA,0,NA,NA,0
2004,7,26,NA,0,NA,0,NA,0,NA,0,NA,0,NA,NA,0
2004,7,27,NA,0,NA,0,NA,0,NA,0,NA,0,NA,NA,0
2004,7,28,NA,0,NA,0,NA,0,NA,0,NA,0,NA,NA,0
2004,7,29,NA,0,NA,0,NA,0,NA,0,NA,0,NA,NA,0
2004,7,30,NA,0,NA,0,NA,0,NA,0,NA,0,NA,NA,0
2004,7,31,NA,0,NA,0,NA,0,NA,0,NA,0,NA,NA,0
2004,8,1,NA,0,NA,0,NA,0,NA,0,NA,0,NA,NA,0
2004,8,2,NA,0,NA,0,NA,0,NA,0,NA,0,NA,NA,0
2004,8,3,NA,0,NA,0,NA,0,NA,0,NA,0,NA,NA,0
2004,8,4,NA,0,NA,0,NA,0,NA,0,NA,0,NA,NA,0
2004,8,5,NA,0,NA,0,NA,0,NA,0,NA,0,NA,NA,0
2004,8,6,NA,0,NA,0,NA,0,NA,0,NA,0,NA,NA,0
2004,8,7,NA,0,NA,0,NA,0,NA,0,NA,0,NA,NA,0
2004,8,8,NA,0,NA,0,NA,0,NA,0,NA,0,NA,NA,0
2004,8,9,NA,0,NA,0,NA,0,NA,0,NA,0,NA,NA,0
2004,8,10,NA,0,NA,0,NA,0,NA,0,NA,0,NA,NA,0
2004,8,11,NA,0,NA,0,NA,0,NA,0,NA,0,NA,NA,0
2004,8,12,NA,0,NA,0,NA,0,NA,0,NA,0,NA,NA,0
2004,8,13,NA,0,NA,0,NA,0,NA,0,NA,0,NA,NA,0
2004,8,14,NA,0,NA,0,NA,0,NA,0,NA,0,NA,NA,0
2004,8,15,NA,0,NA,0,NA,0,NA,0,NA,0,NA,NA,0
2004,8,16,NA,0,NA,0,NA,0,NA,0,NA,0,NA,NA,0
2004,8,17,NA,0,NA,0,NA,0,NA,0,NA,0,NA,NA,0
2004,8,18,NA,0,NA,0,NA,0,NA,0,NA,0,NA,NA,0
2004,8,19,NA,0,NA,0,NA,0,NA,0,NA,0,NA,NA,0
2004,8,20,NA,0,NA,0,NA,0,NA,0,NA,0,NA,NA,0
2004,8,21,NA,0,NA,0,NA,0,NA,0,NA,0,NA,NA,0
2004,8,22,NA,0,NA,0,NA,0,NA,0,NA,0,NA,NA,0
2004,8,23,NA,0,NA,0,NA,0,NA,0,NA,0,NA,NA,0
2004,8,24,NA,0,NA,0,NA,0,NA,0,NA,0,NA,NA,0
2004,8,25,NA,0,NA,0,NA,0,NA,0,NA,0,NA,NA,0
2004,8,26,NA,0,NA,0,NA,0,NA,0,NA,0,NA,NA,0
2004,8,27,NA,0,NA,0,NA,0,NA,0,NA,0,NA,NA,0
2004,8,28,NA,0,NA,0,NA,0,NA,0,NA,0,NA,NA,0
2004,8,29,NA,0,NA,0,NA,0,NA,0,NA,0,NA,NA,0
2004,8,30,NA,0,NA,0,NA,0,NA,0,NA,0,NA,NA,0
2004,8,31,NA,0,NA,0,NA,0,NA,0,NA,0,NA,NA,0
2004,9,1,NA,0,NA,0,NA,0,NA,0,NA,0,NA,NA,0
2004,9,2,NA,0,NA,0,NA,0,NA,0,NA,0,NA,NA,0
2004,9,3,NA,0,NA,0,NA,0,NA,0,NA,0,NA,NA,0
2004,9,4,NA,0,NA,0,NA,0,NA,0,NA,0,NA,NA,0
2004,9,5,NA,0,NA,0,NA,0,NA,0,NA,0,NA,NA,0
2004,9,6,NA,0,NA,0,NA,0,NA,0,NA,0,NA,NA,0
2004,9,7,NA,0,NA,0,NA,0,NA,0,NA,0,NA,NA,0
2004,9,8,NA,0,NA,0,NA,0,NA,0,NA,0,NA,NA,0
2004,9,9,NA,0,NA,0,NA,0,NA,0,NA,0,NA,NA,0
2004,9,10,NA,0,NA,0,NA,0,NA,0,NA,0,NA,NA,0
2004,9,11,NA,0,NA,0,NA,0,NA,0,NA,0,NA,NA,0
2004,9,12,NA,0,NA,0,NA,0,NA,0,NA,0,NA,NA,0
2004,9,13,NA,0,NA,0,NA,0,NA,0,NA,0,NA,NA,0
2004,9,14,NA,0,NA,0,NA,0,NA,0,NA,0,NA,NA,0
2004,9,15,NA,0,NA,0,NA,0,NA,0,NA,0,NA,NA,0
2004,9,16,NA,0,NA,0,NA,0,NA,0,NA,0,NA,NA,0
2004,9,17,NA,0,NA,0,NA,0,NA,0,NA,0,NA,NA,0
2004,9,18,NA,0,NA,0,NA,0,NA,0,NA,0,NA,NA,0
2004,9,19,NA,0,NA,0,NA,0,NA,0,NA,0,NA,NA,0
2004,9,20,NA,0,NA,0,NA,0,NA,0,NA,0,NA,NA,0
2004,9,21,NA,0,NA,0,NA,0,NA,0,NA,0,NA,NA,0
2004,9,22,NA,0,NA,0,NA,0,NA,0,NA,0,NA,NA,0
2004,9,23,NA,0,NA,0,NA,0,NA,0,NA,0,NA,NA,0
2004,9,24,NA,0,NA,0,NA,0,NA,0,NA,0,NA,NA,0
2004,9,25,NA,0,NA,0,NA,0,NA,0,NA,0,NA,NA,0
2004,9,26,NA,0,NA,0,NA,0,NA,0,NA,0,NA,NA,0
2004,9,27,NA,0,NA,0,NA,0,NA,0,NA,0,NA,NA,0
2004,9,28,NA,0,NA,0,NA,0,NA,0,NA,0,NA,NA,0
2004,9,29,NA,0,NA,0,NA,0,NA,0,NA,0,NA,NA,0
2004,9,30,NA,0,NA,0,NA,0,NA,0,NA,0,NA,NA,0
2004,10,1,NA,0,NA,0,NA,0,NA,0,NA,0,NA,NA,0
2004,10,2,NA,0,NA,0,NA,0,NA,0,NA,0,NA,NA,0
2004,10,3,NA,0,NA,0,NA,0,NA,0,NA,0,NA,NA,0
2004,10,4,NA,0,NA,0,NA,0,NA,0,NA,0,NA,NA,0
2004,10,5,NA,0,NA,0,NA,0,NA,0,NA,0,NA,NA,0
2004,10,6,NA,0,NA,0,NA,0,NA,0,NA,0,NA,NA,0
2004,10,7,NA,0,NA,0,NA,0,NA,0,NA,0,NA,NA,0
2004,10,8,NA,0,NA,0,NA,0,NA,0,NA,0,NA,NA,0
2004,10,9,NA,0,NA,0,NA,0,NA,0,NA,0,NA,NA,0
2004,10,10,NA,0,NA,0,NA,0,NA,0,NA,0,NA,NA,0
2004,10,11,NA,0,NA,0,NA,0,NA,0,NA,0,NA,NA,0
2004,10,12,NA,0,NA,0,NA,0,NA,0,NA,0,NA,NA,0
2004,10,13,NA,0,NA,0,NA,0,NA,0,NA,0,NA,NA,0
2004,10,14,NA,0,NA,0,NA,0,NA,0,NA,0,NA,NA,0
2004,10,15,NA,0,NA,0,NA,0,NA,0,NA,0,NA,NA,0
2004,10,16,NA,0,NA,0,NA,0,NA,0,NA,0,NA,NA,0
2004,10,17,NA,0,NA,0,NA,0,NA,0,NA,0,NA,NA,0
2004,10,18,NA,0,NA,0,NA,0,NA,0,NA,0,NA,NA,0
2004,10,19,NA,0,NA,0,NA,0,NA,0,NA,0,NA,NA,0
2004,10,20,NA,0,NA,0,NA,0,NA,0,NA,0,NA,NA,0
2004,10,21,NA,0,NA,0,NA,0,NA,0,NA,0,NA,NA,0
2004,10,22,NA,0,NA,0,NA,0,NA,0,NA,0,NA,NA,0
2004,10,23,NA,0,NA,0,NA,0,NA,0,NA,0,NA,NA,0
2004,10,24,NA,0,NA,0,NA,0,NA,0,NA,0,NA,NA,0
2004,10,25,NA,0,NA,0,NA,0,NA,0,NA,0,NA,NA,0
2004,10,26,NA,0,NA,0,NA,0,NA,0,NA,0,NA,NA,0
2004,10,27,NA,0,NA,0,NA,0,NA,0,NA,0,NA,NA,0
2004,10,28,NA,0,NA,0,NA,0,NA,0,NA,0,NA,NA,0
2004,10,29,NA,0,NA,0,NA,0,NA,0,NA,0,NA,NA,0
2004,10,30,NA,0,NA,0,NA,0,NA,0,NA,0,NA,NA,0
2004,10,31,NA,0,NA,0,NA,0,NA,0,NA,0,NA,NA,0
2004,11,1,NA,0,NA,0,NA,0,NA,0,NA,0,NA,NA,0
2004,11,2,NA,0,NA,0,NA,0,NA,0,NA,0,NA,NA,0
2004,11,3,NA,0,NA,0,NA,0,NA,0,NA,0,NA,NA,0
2004,11,4,NA,0,NA,0,NA,0,NA,0,NA,0,NA,NA,0
2004,11,5,NA,0,NA,0,NA,0,NA,0,NA,0,NA,NA,0
2004,11,6,-37.93,0.875,745.43,0.875,10.25,0.5,310,0.875,56.86,0.875,9.95,304.48,0.5
2004,11,7,-36.62,0.75,749.89,1,11.33,0.75,306.25,1,58.38,1,10.79,304.66,0.75
2004,11,8,-37.68,0.5,753.98,1,14.33,0.375,305,1,58.13,1,14.14,316.48,0.375
2004,11,9,-39.67,0.375,754.12,1,15,0.375,306.25,1,55.5,1,14.71,319.39,0.375
2004,11,10,-36.9,0.25,750.84,1,11,0.5,311.25,1,56.88,1,10.84,310.86,0.5
2004,11,11,-31.78,0.5,759.06,1,11.67,0.375,306.25,1,62.38,1,10.21,313.61,0.375
2004,11,12,-34.2,0.75,760.09,1,15.5,0.25,311.25,1,60.38,1,15.5,320,0.25
2004,11,13,-32.78,0.625,764.87,1,16.25,0.5,315,0.5,62.88,1,13.5,310,0.25
2004,11,14,-30.47,0.375,766.39,1,17,0.375,316.25,1,62.63,1,16.94,313.53,0.375
2004,11,15,-24.8,0.75,770.08,1,10.4,0.625,316.67,0.75,72.38,1,10.38,314.38,0.375
2004,11,16,-24.42,0.75,768.36,1,9.5,0.5,281.25,1,74.25,1,9.34,301.27,0.5
2004,11,17,-19.89,1,767.04,1,14,0.25,170,1,78.5,1,14,160,0.25
2004,11,18,-20.7,0.875,768.61,1,12.33,0.375,227.5,1,74.13,1,12.3,167.3,0.375
2004,11,19,-25.5,0.375,765.21,1,12,0.625,315,1,69,1,11.8,315.84,0.625
2004,11,20,-25.43,0.375,759.91,1,12.25,0.5,321.25,1,67.25,1,12.12,322.87,0.5
2004,11,21,-23.5,0.625,759.75,1,7.4,0.625,288.33,0.75,61.38,1,5.66,280.44,0.5
2004,11,22,-27.5,0.375,760.53,1,10.25,0.5,295,0.75,65.13,1,9.07,291.55,0.375
2004,11,23,-28,0.5,761.01,1,9.75,0.5,300,1,66.5,1,9.65,302.06,0.5
2004,11,24,-24.62,0.625,760,1,2.25,0.5,202.5,1,67.13,1,2,182.28,0.5
2004,11,25,-22.45,1,768.27,1,7.33,0.75,175,1,75.13,1,6.95,177.43,0.75
2004,11,26,-23.94,0.625,775.61,1,9.5,0.25,241.25,1,71,1,9.5,310,0.25
2004,11,27,-28.06,0.625,778.36,1,9.4,0.625,313.75,1,62.5,1,8.27,320.9,0.625
2004,11,28,-25.98,0.5,774.96,1,NA,0,251.25,1,61.63,1,NA,NA,0
2004,11,29,-24.9,0.25,768.39,1,NA,0.125,255,1,67.5,1,NA,NA,0.125
2004,11,30,-24.7,0.75,764.34,1,6,0.375,290,1,68.88,1,4.72,254.68,0.375
2004,12,1,-22.5,0.5,764.06,1,14.5,0.5,316.25,1,68.38,1,14.4,320.35,0.5
2004,12,2,-23.46,0.625,765.29,1,7.5,0.25,295,1,66.5,1,7.43,306.04,0.25
2004,12,3,-28,0.25,764.85,1,NA,0.125,298.75,1,68.13,1,NA,NA,0.125
2004,12,4,-22.33,0.375,767.98,1,NA,0.125,305,1,70.38,1,NA,NA,0.125
2004,12,5,-21.4,0.5,772.75,1,11,0.5,315,1,67.38,1,10.8,321.26,0.5
2004,12,6,-21.4,0.5,770.82,1,10.5,0.5,290,0.625,69,1,7.25,298.07,0.25
2004,12,7,-19.7,0.5,769.49,1,3,0.375,255,1,72.38,1,2.95,281.12,0.375
2004,12,8,-18.68,0.625,769.15,1,4.75,0.5,278.75,1,72.88,1,3.65,275.79,0.5
2004,12,9,-19.33,0.375,769.59,1,NA,0,227.5,1,72.38,1,NA,NA,0
2004,12,10,-17.29,0.875,771.6,1,6.5,0.25,235,1,72,1,5.33,261.92,0.25
2004,12,11,-20.43,0.375,776.53,1,9,0.25,206,0.625,67.5,1,NA,NA,0.125
2004,12,12,-20.94,0.625,778.53,1,12,0.25,271.25,1,69.63,1,11.82,289.16,0.25
2004,12,13,-19.67,0.875,775.23,1,4.5,0.5,258.75,1,66.88,1,3.67,249.5,0.5
2004,12,14,-20.15,0.5,773.06,1,8,0.75,302.5,1,69,1,7.68,303.68,0.75
2004,12,15,-21.6,0.625,775.02,1,10.6,0.625,316.25,1,68,1,10.51,308.48,0.625
2004,12,16,-19.65,0.25,777.88,1,11.25,0.5,301.25,1,70.75,1,11.15,310.45,0.5
2004,12,17,-19.73,0.375,779.73,1,10,0.375,305,1,67.5,1,9.9,300,0.375
2004,12,18,-17.4,0.5,782.08,1,12.2,0.625,310,1,70.43,0.875,11.56,320.16,0.625
2004,12,19,-20.38,0.75,788.48,1,10,0.375,303.75,1,66.88,1,9.77,310.94,0.375
2004,12,20,-17.28,0.625,787.93,1,8.33,0.75,306.25,1,65.38,1,7.9,303.21,0.75
2004,12,21,-16.5,0.5,783.68,1,NA,0,285,1,66.25,1,NA,NA,0
2004,12,22,-17.23,0.5,777.66,1,NA,0.125,301.25,1,65.5,1,NA,NA,0.125
2004,12,23,-17.23,0.75,776.14,1,10.2,0.625,257.5,1,70.88,1,8.01,262.13,0.625
2004,12,24,-18.88,0.5,778.4,1,8.33,0.375,272.5,1,70.13,1,6.2,261.76,0.375
2004,12,25,-16.9,0.75,776.86,1,NA,0.125,181.25,1,69.88,1,NA,NA,0.125
2004,12,26,-17.89,1,771.93,1,NA,0.125,215,1,76.25,1,NA,NA,0.125
2004,12,27,-17.06,1,769.59,1,NA,0.125,248.75,1,77,0.875,NA,NA,0.125
2004,12,28,-17.7,0.625,767.53,1,8.33,0.375,232.5,1,75.13,1,5.25,228.52,0.375
2004,12,29,-16.75,0.5,765.25,1,6,0.25,231.25,1,73.5,1,5.98,314.16,0.25
2004,12,30,-20.57,0.375,768.21,1,9.75,0.5,288.75,1,76.5,1,9.66,290.77,0.5
2004,12,31,-20.97,0.75,770.87,1,9.25,0.5,306.25,1,75,1,8.91,304.68,0.5
2005,1,1,-17.38,0.75,769.1,1,5.2,0.625,223.33,0.75,73.25,1,3.86,231.08,0.375
2005,1,2,-18.03,1,769.45,1,5.8,0.625,277.14,0.875,75,1,5.06,283.16,0.625
2005,1,3,-17.42,0.625,770.68,1,5.8,0.625,273.75,1,73,1,4.26,275.14,0.625
2005,1,4,-14.14,0.875,769.36,1,12.5,0.25,182.5,1,82.25,1,12.45,185.2,0.25
2005,1,5,-13.43,1,768.4,1,5,0.25,250,1,78.88,1,4.58,230.89,0.25
2005,1,6,-14.77,0.875,767.23,1,NA,0.125,190,1,80.25,1,NA,NA,0.125
2005,1,7,-13.41,1,764.68,1,8.5,0.5,206.25,1,81.5,1,8.47,204.41,0.5
2005,1,8,-15.92,1,767.69,1,NA,0,172.5,1,81.13,1,NA,NA,0
2005,1,9,-16.3,1,763.81,1,6.5,0.5,213.75,1,75.75,1,4.99,201.54,0.5
2005,1,10,-18.07,0.875,765.88,1,4.67,0.375,197.5,1,79.13,1,4.46,186.58,0.375
2005,1,11,-19.34,0.625,770.77,1,7.2,0.625,268.75,1,70.88,1,5.74,292.4,0.625
2005,1,12,-21.33,0.375,778.36,1,10.5,0.25,277.5,1,72.88,1,10.46,294.76,0.25
2005,1,13,-16.7,0.625,779.58,1,5,0.375,212.5,1,80.63,1,3.86,300.37,0.375
2005,1,14,-16.37,0.875,774.86,1,6.67,0.375,203.75,1,80.63,1,3.51,224.45,0.375
2005,1,15,-16.7,1,771.68,1,7.8,0.625,193.75,1,80.5,1,6.64,191.44,0.625
2005,1,16,-16.54,0.625,771.57,1,7.5,0.25,258.75,1,75.63,1,3.45,268.21,0.25
2005,1,17,-19,0.75,770.87,1,10.67,0.75,292.5,1,74.75,1,10.53,294.84,0.75
2005,1,18,-18.38,0.75,769.1,1,8.6,0.625,297.5,1,72.88,1,8.01,293.17,0.625
2005,1,19,-19.6,0.75,770.36,1,10,0.375,293.75,1,70,1,9.97,297.34,0.375
2005,1,20,-21.43,0.5,772.39,1,11.25,0.5,301.25,1,67.25,1,11.19,299.78,0.5
2005,1,21,-23.3,0.375,771.63,1,10.5,0.25,278,0.625,68.75,1,8.98,281.7,0.25
2005,1,22,-22.08,0.5,768.16,1,12.33,0.375,291.67,0.75,68,1,11.46,296.96,0.25
2005,1,23,-23.8,0.75,770.76,1,11.67,0.375,293.75,1,70,1,11.57,302.01,0.375
2005,1,24,-24.48,0.5,774.66,1,12.5,0.75,302.5,1,68.5,1,12.05,302.17,0.75
2005,1,25,-24.88,0.5,770.84,1,NA,0,265,1,63,1,NA,NA,0
2005,1,26,-22.75,0.75,766.7,1,NA,0.125,221.25,1,69.13,1,NA,NA,0.125
2005,1,27,-22.91,0.875,764.01,1,10,0.25,272.5,1,65.63,1,9.96,285.5,0.25
2005,1,28,-26.17,0.75,766.16,1,7,0.375,268.75,1,66.75,1,5.53,309.75,0.375
2005,1,29,-25.83,0.5,769.05,1,NA,0.125,283.75,1,62.5,1,NA,NA,0.125
2005,1,30,-28.15,0.5,765.7,1,NA,0,302.5,1,62.38,1,NA,NA,0
2005,1,31,-28.9,0.375,761.36,1,12,0.25,308.33,0.75,63.25,1,12,310,0.25
2005,2,1,-27.08,0.5,760.13,1,11,0.25,308.75,1,63.88,1,10.97,317.73,0.25
2005,2,2,-27.2,0.5,757.74,1,NA,0,320,1,63.63,1,NA,NA,0
2005,2,3,-26.88,0.625,757.94,1,12.33,0.375,305,1,65.25,1,12.29,307.03,0.375
2005,2,4,-27.25,0.5,756.32,1,12,0.375,297.5,1,66.38,1,10.93,299.08,0.375
2005,2,5,-24.39,0.875,760.06,1,4.67,0.375,257.5,1,68.25,1,4.42,197.61,0.375
2005,2,6,-26.18,0.5,767.81,1,14.33,0.375,291.25,1,67.63,1,14.13,317.89,0.375
2005,2,7,-29.28,0.5,768.61,1,15.67,0.375,306.25,1,63.63,1,15.67,310,0.375
2005,2,8,-30.03,0.875,769.66,0.875,12.43,0.875,308.57,0.875,62.43,0.875,12.04,307.67,0.875
2005,2,9,-29.75,0.5,768.08,1,9.33,0.375,281.25,1,63.25,1,7.7,285.72,0.375
2005,2,10,-31.13,0.5,766.32,1,12.75,0.5,311.25,1,58.88,1,12.71,307.26,0.5
2005,2,11,-32.53,0.5,760.21,1,NA,0.125,311.25,1,58.25,1,NA,NA,0.125
2005,2,12,-34.12,0.75,755.95,1,16.67,0.375,310,0.625,60.38,1,NA,NA,0
2005,2,13,-32.3,0.625,756.59,1,14.14,0.875,300,0.625,61.63,1,13.52,300.44,0.625
2005,2,14,-30.93,0.5,756.18,1,13,0.375,300,0.625,63.13,1,NA,NA,0.125
2005,2,15,-28.68,0.625,750.99,1,13.5,0.5,298,0.625,67.75,1,14,310,0.25
2005,2,16,-22.53,0.5,755.88,1,17,0.25,307.5,1,70.38,1,16.42,305,0.25
2005,2,17,-28.01,1,754.64,1,16.33,0.375,308.75,1,65.5,1,16.17,310.41,0.375
2005,2,18,-24.88,0.625,755.31,1,1.5,0.5,243.75,1,68.5,1,1.07,219.7,0.5
2005,2,19,-21.23,0.875,760.47,1,NA,0.125,228.75,1,71,1,NA,NA,0.125
2005,2,20,-25.3,1,760.96,1,NA,0.125,170,1,73.25,1,NA,NA,0.125
2005,2,21,-24.49,1,762.1,1,NA,0.125,143.33,0.75,73.88,1,NA,NA,0
2005,2,22,-24.85,0.75,763.76,1,NA,0,264.29,0.875,69.13,1,NA,NA,0
2005,2,23,-31.47,0.75,756.57,1,15.43,0.875,306.25,1,59.13,1,15.37,305.74,0.875
2005,2,24,-29.67,0.375,761.47,1,9.5,0.25,283.75,1,63.5,1,9.38,293.72,0.25
2005,2,25,-30.58,0.5,769.61,1,12,0.375,308.75,1,63.13,1,11.7,313.86,0.375
2005,2,26,-34.09,1,769.16,1,15.5,0.75,303.75,1,60.63,1,15.37,303.45,0.75
2005,2,27,-36.79,0.875,763.96,1,18,0.75,306,0.625,56.63,1,17.68,304.65,0.5
2005,2,28,-37.58,0.75,769.94,1,17.6,0.625,293.75,1,58.38,1,17.53,294.2,0.625
2005,3,1,-33.75,0.5,769.96,1,19,0.25,300,1,62.13,1,18.71,301.06,0.25
2005,3,2,-33.38,0.625,766.54,1,NA,0,306.25,1,54.38,1,NA,NA,0
2005,3,3,-32.17,0.875,772.43,1,12.5,0.25,291.25,1,60.38,1,12.08,296.84,0.25
2005,3,4,-32.95,0.75,771.93,1,14.4,0.625,298.75,1,55.75,1,14.28,303.21,0.625
2005,3,5,-32.2,1,766.29,1,17.29,0.875,307.5,0.5,51.5,1,15.83,310,0.375
2005,3,6,-33.57,0.5,761.97,1,15,0.25,300,1,52.13,1,15,310,0.25
2005,3,7,-34.56,0.875,764.63,1,11.8,0.625,284,0.625,58.5,1,9.9,285.34,0.375
2005,3,8,-37.67,0.75,765.89,1,17,0.75,306,0.625,56,1,19.79,308.49,0.375
2005,3,9,-41.56,0.875,764.19,1,21,0.5,301.67,0.75,52.75,1,20.27,306.73,0.375
2005,3,10,-37.98,0.75,763,1,17.75,0.5,298.57,0.875,59.13,1,17.68,304.93,0.5
2005,3,11,-39.3,1,761.1,1,16.12,1,305,1,56.75,1,15.95,304.96,1
2005,3,12,-38.68,1,754.59,1,20,0.25,316.25,1,58.75,1,19.92,314.75,0.25
2005,3,13,-41.88,0.75,749.9,1,20.2,0.625,310,0.5,53.88,1,20.19,319.75,0.25
2005,3,14,-42.83,0.75,754.81,1,16,0.75,290,0.25,54.88,1,14.5,290,0.25
2005,3,15,-36.13,0.375,755.7,1,16,0.5,298.75,1,60.88,1,15.76,301.26,0.5
2005,3,16,-35.92,0.75,753.29,1,14.75,0.5,303.75,1,55.63,1,14.59,292.39,0.5
2005,3,17,-36.05,1,758.04,1,12.2,0.625,296.67,0.75,58.63,1,13.29,296.75,0.375
2005,3,18,-31.47,0.375,764.3,1,14.5,0.25,307.5,1,64.75,1,14.44,315.17,0.25
2005,3,19,-36.86,1,762.94,1,NA,0.125,314,0.625,56.75,1,NA,NA,0
2005,3,20,-40.71,1,761.09,1,15.25,0.5,317.5,1,55.63,1,15.19,325.41,0.5
2005,3,21,-42.73,1,756.24,0.875,18.5,0.25,318.33,0.75,54.5,1,NA,NA,0.125
2005,3,22,-39.4,0.625,757.44,1,15,0.25,311.67,0.75,58.63,1,NA,NA,0.125
2005,3,23,-42.16,1,753.84,1,15.75,0.5,306,0.625,55,1,15.44,304.84,0.25
2005,3,24,-39.89,1,759.8,1,13.67,0.375,304.29,0.875,57.5,1,13.62,303.41,0.375
2005,3,25,-44.66,1,764.97,1,18.14,0.875,NA,0,52.13,1,NA,NA,0
2005,3,26,-42.63,0.875,763,1,18.71,0.875,300,0.375,54.63,1,18.5,300,0.25
2005,3,27,-44.22,1,764.82,1,21.57,0.875,310,0.25,52.88,1,22.5,310,0.25
2005,3,28,-42.02,0.75,764,1,NA,0.125,310,0.375,55,1,NA,NA,0
2005,3,29,-48.55,1,760.69,1,19.17,0.75,306.67,0.75,48,1,18.9,307.31,0.5
2005,3,30,-46.96,1,756.76,1,18.5,1,311.43,0.875,49.25,1,18.18,311.8,0.875
2005,3,31,-44.2,0.875,754.48,1,15,0.75,305,0.75,51.75,1,14.28,307.63,0.625
2005,4,1,-45.05,1,754.89,1,16.88,1,NA,0,51.25,1,NA,NA,0
2005,4,2,-45.68,1,752.41,1,18.62,1,304,0.625,50.75,1,18.73,303.93,0.625
2005,4,3,-49.32,1,749.49,1,19.71,0.875,310,0.5,46.75,1,19.48,309.49,0.375
2005,4,4,-48.09,1,750.76,1,16.14,0.875,310,0.625,48.13,1,16.1,311.15,0.5
2005,4,5,-46.78,1,746.01,1,NA,0.125,317.5,1,49.13,1,NA,NA,0.125
2005,4,6,-46.25,1,746.05,1,18,1,314,0.625,49.75,1,18.93,314,0.625
2005,4,7,-44.7,1,752.64,1,17.67,0.375,308,0.625,51.75,1,NA,NA,0.125
2005,4,8,-45.81,1,750.79,1,NA,0,311.25,1,50.75,1,NA,NA,0
2005,4,9,-50.55,1,746.68,1,20.17,0.75,317.14,0.875,45.25,1,20.35,318.14,0.625
2005,4,10,-48.46,1,748.06,1,17.29,0.875,306.67,0.375,48,0.875,17.43,305.43,0.25
2005,4,11,-46.59,1,750.28,1,18,0.25,310,0.875,49.63,1,NA,NA,0.125
2005,4,12,-47.01,1,751.61,1,16,0.25,310,0.75,49.38,1,NA,NA,0.125
2005,4,13,-50.2,1,753.83,1,NA,0.125,316.25,1,45.63,1,NA,NA,0.125
2005,4,14,-47.96,1,753.8,1,16.57,0.875,310,0.625,47.63,1,17.2,312.89,0.5
2005,4,15,-45.07,0.75,759.58,1,19.5,0.75,313.75,1,52.13,1,19.34,313.95,0.75
2005,4,16,-44.04,1,755.19,1,19,0.25,312.5,1,52.5,1,18.93,315,0.25
2005,4,17,-48.59,1,759.04,1,NA,0,315,1,47.5,1,NA,NA,0
2005,4,18,-47.07,0.875,766.58,1,NA,0,318.75,1,49.75,1,NA,NA,0
2005,4,19,-40.43,0.875,769.04,0.875,NA,0,315,1,53.88,1,NA,NA,0
2005,4,20,-37.14,1,764.99,1,14.33,0.75,290,0.625,52.25,1,15.28,293.91,0.375
2005,4,21,-36.59,1,758.98,1,5,0.75,236.25,1,59.5,1,4.27,246.85,0.75
2005,4,22,-42.06,0.875,754.95,1,3.43,0.875,287.5,1,54.75,1,3.03,314.65,0.875
2005,4,23,-41.23,0.375,757.8,1,4,0.375,283.75,1,55.88,1,3.3,258.43,0.375
2005,4,24,-47.54,1,761.15,1,NA,0.125,315,0.5,49.25,1,NA,NA,0.125
2005,4,25,-46.25,1,761.84,1,NA,0,312,0.625,50.38,1,NA,NA,0
2005,4,26,-46.26,1,765.45,1,19.5,0.25,313.33,0.375,50.25,1,NA,NA,0.125
2005,4,27,-46.28,1,770.14,1,20.2,0.625,317.5,1,50.25,1,20.13,314.16,0.625
2005,4,28,-46.04,1,770.64,1,18,0.25,318.75,1,50.38,1,17.73,321.12,0.25
2005,4,29,-50.06,1,769.04,1,17.17,0.75,307.5,0.5,46,1,17.23,309.71,0.25
2005,4,30,-46.75,1,763.62,1,16.43,0.875,306.25,1,49.5,1,16.37,305.83,0.875
2005,5,1,-45.56,1,757.76,1,15,0.25,322.5,1,50.75,1,15,320,0.25
2005,5,2,-45.25,1,754.74,1,24.67,0.375,306.25,1,51.25,1,24.58,303.24,0.375
2005,5,3,-47.18,1,753.04,1,15,0.375,315,1,48.88,1,14.95,306.45,0.375
2005,5,4,-49.21,1,755.71,1,17.17,0.75,311.25,1,46.88,1,16.95,311.86,0.75
2005,5,5,-47.89,0.875,753.9,1,19.33,0.375,313.75,1,48.25,1,19.33,310,0.375
2005,5,6,-48.79,0.875,750.32,1,17.12,1,308.75,1,47.63,1,17.03,308.83,1
2005,5,7,-44.9,1,752.97,1,15.57,0.875,302.5,0.5,51.25,1,15.46,302.25,0.5
2005,5,8,-48.18,1,753.91,1,17.88,1,306.67,0.375,48,1,17.75,307.01,0.375
2005,5,9,-45,1,758.2,1,16,0.625,306.25,1,50.88,1,15.9,310.25,0.625
2005,5,10,-46.07,1,761.43,1,19.12,1,308.75,1,50.25,1,18.88,308.68,1
2005,5,11,-45.64,0.875,760.28,1,20,0.75,306.67,0.375,50.25,1,NA,NA,0.125
2005,5,12,-51.24,1,763.81,1,19,0.5,316.67,0.375,44.38,1,NA,NA,0.125
2005,5,13,-48.7,0.875,767.09,1,20.12,1,311.25,1,47.25,1,20.01,311.43,1
2005,5,14,-48.81,1,769.46,1,18.5,0.25,315,0.5,47,1,18.43,314.59,0.25
2005,5,15,-50.38,1,771.08,1,17,0.875,314,0.625,45.25,1,16.83,314.02,0.625
2005,5,16,-51.44,0.875,767.59,1,NA,0,323.33,0.75,44.75,1,NA,NA,0
2005,5,17,-47.95,1,761.71,1,NA,0,326.25,1,47.63,1,NA,NA,0
2005,5,18,-47.63,0.75,761.13,1,19,0.375,316,0.625,50,1,16.94,315.59,0.25
2005,5,19,-39.57,0.75,760.8,1,19.75,0.5,312.5,1,57,1,19.55,312.42,0.5
2005,5,20,-46.33,0.875,759.31,1,14.5,0.25,314,0.625,50.5,1,NA,NA,0.125
2005,5,21,-40.29,1,757.3,1,NA,0,286,0.625,56.38,1,NA,NA,0
2005,5,22,-47.16,1,760.19,1,19,0.25,313.75,1,49.25,1,18.93,315,0.25
2005,5,23,-52.76,1,764.55,1,14.75,0.5,307.5,0.5,42.88,1,NA,NA,0.125
2005,5,24,-53.44,1,764.85,1,11.25,1,304,0.625,42,1,10.96,304,0.625
2005,5,25,-49.54,1,762.74,1,13.14,0.875,303.33,0.75,46,1,13.37,301.94,0.625
2005,5,26,-48.09,1,764.2,1,16,1,300,0.25,47.63,1,15.5,300,0.25
2005,5,27,-42.63,1,765.91,1,12.17,0.75,294,0.625,53.38,1,8.63,294.61,0.375
2005,5,28,-40.31,0.875,765.84,1,5.75,0.5,290,1,55.13,1,5.54,296.83,0.5
2005,5,29,-43.37,0.875,765.31,1,12.33,0.375,305,1,52.75,1,12.33,300,0.375
2005,5,30,-45.76,1,768.3,1,19.14,0.875,317.5,1,49.5,1,19.02,318.95,0.875
2005,5,31,-42.59,1,764.59,1,19,0.25,305,0.5,53.25,1,NA,NA,0
2005,6,1,-34.31,1,767.31,1,15.33,0.375,243.75,1,58.75,1,15.28,296.96,0.375
2005,6,2,-35.36,1,772.84,1,12,0.25,175,1,62.38,1,11.95,165.42,0.25
2005,6,3,-36.49,0.875,772.08,1,7.29,0.875,287.5,1,60.63,1,5.93,293.78,0.875
2005,6,4,-35.71,1,767.39,1,7,0.875,297.5,1,60.25,1,6.97,295.92,0.875
2005,6,5,-31.23,0.5,759.6,1,12,0.25,317.5,1,65.25,1,11.95,305.42,0.25
2005,6,6,-41.33,0.75,754.13,1,18.33,0.375,308.75,1,56.38,1,17.9,314.89,0.375
2005,6,7,-47.05,1,758.23,1,16.17,0.75,304.29,0.875,50,1,15.88,304.02,0.75
2005,6,8,-49.99,1,760.05,1,16.67,0.375,315,0.75,46.25,1,15.94,315.47,0.25
2005,6,9,-52.45,1,756.18,1,NA,0,315,1,44.13,1,NA,NA,0
2005,6,10,-51.76,1,770.2,1,10.75,1,316.25,1,44.5,1,10.71,316.4,1
2005,6,11,-43.11,1,767.26,1,NA,0,320,1,53.88,1,NA,NA,0
2005,6,12,-47.45,1,765.76,1,NA,0.125,311.25,1,49.38,1,NA,NA,0.125
2005,6,13,-47.85,1,770.36,1,14.25,0.5,310,0.625,48.5,1,12.18,300.47,0.375
2005,6,14,-39.36,1,772.25,1,NA,0,316.25,1,57.25,1,NA,NA,0
2005,6,15,-43.17,0.75,772.56,1,10.5,0.25,310,1,53.63,1,10.14,315.73,0.25
2005,6,16,-41.13,0.875,786.89,1,NA,0,322.5,1,52.38,1,NA,NA,0
2005,6,17,-42.01,1,786.4,1,NA,0,317.5,1,53,1,NA,NA,0
2005,6,18,-44.8,1,779.65,1,10.5,0.25,317.5,1,51.5,1,10.46,306.19,0.25
2005,6,19,-51.1,1,762.43,1,10.33,0.375,308.75,1,45.13,1,10.3,303.22,0.375
2005,6,20,-49.91,0.875,757.1,1,13.33,0.375,312.5,1,46.88,1,13.2,309.25,0.375
2005,6,21,-40.78,0.5,753.11,1,12,0.25,278.75,1,56.88,1,11.95,315,0.25
2005,6,22,-40.6,0.75,755.43,1,NA,0.125,254.29,0.875,55.88,1,NA,NA,0.125
2005,6,23,-45.04,0.625,754.99,1,14.86,0.875,310,0.5,51.25,1,13.53,310.49,0.375
2005,6,24,-37.26,0.625,759.47,1,NA,0,213.75,1,61.25,1,NA,NA,0
2005,6,25,-45.65,0.75,762.79,1,13.5,0.25,312.5,1,50.13,1,13.3,320.37,0.25
2005,6,26,-46.1,0.75,764.25,1,14.5,0.5,307.5,1,51.13,1,14.36,307.05,0.5
2005,6,27,-50.21,1,764.39,1,18.6,0.625,308,0.625,46.38,1,16.44,316.06,0.25
2005,6,28,-53.45,1,763.85,1,15.5,0.75,307.5,0.5,42.25,1,15.44,305.16,0.25
2005,6,29,-51.23,0.375,758.74,1,12.2,0.625,275.71,0.875,54.13,1,11.97,312.08,0.5
2005,6,30,-26.12,0.75,756.03,1,NA,0.125,152.5,1,72.75,1,NA,NA,0.125
2005,7,1,-29.85,0.75,767.73,1,NA,0.125,281.25,1,68.25,1,NA,NA,0.125
2005,7,2,-39.19,1,765.85,1,13.5,0.75,313.75,1,59.25,1,13.45,313.45,0.75
2005,7,3,-41.18,1,758.56,1,10,1,302.5,1,56.75,1,9.86,302.86,1
2005,7,4,-46.04,1,758.15,1,12.38,1,313.75,1,51.13,1,12.33,313.84,1
2005,7,5,-47.58,1,762.06,1,12.5,0.75,322.5,1,49.13,1,12.28,320.73,0.75
2005,7,6,-48.3,0.75,761.26,1,13.67,0.375,320,1,48.88,1,13.53,319.51,0.375
2005,7,7,-46.78,1,757.15,1,15.75,0.5,322.5,1,49.13,1,15.7,317.15,0.5
2005,7,8,-49.61,1,753.64,1,15.33,0.375,313.75,1,44,1,15.28,313.04,0.375
2005,7,9,-52.38,1,753.1,1,17,1,315,0.5,43.5,1,15.94,314.69,0.5
2005,7,10,-50.25,1,752.21,1,17.33,0.375,313.33,0.75,45.75,1,19,310,0.25
2005,7,11,-52.84,1,758.45,1,13.86,0.875,303.33,0.375,43.13,1,14.62,303.63,0.375
2005,7,12,-51.5,1,756.71,1,10.12,1,295,0.25,44.38,1,9.96,295,0.25
2005,7,13,-51.65,1,759.14,1,11.75,1,NA,0.125,44.25,1,NA,NA,0.125
2005,7,14,-51.76,0.875,766.41,1,13.4,0.625,292,0.625,43.75,1,12.29,293.78,0.375
2005,7,15,-46.68,0.75,763.48,1,12.5,0.5,298.75,1,49.38,1,12.28,297.04,0.5
2005,7,16,-42.66,0.625,755.26,1,7.33,0.375,301.25,1,54.5,1,6.85,302.5,0.375
2005,7,17,-42,0.875,749.13,1,8.14,0.875,297.5,1,54.88,1,8.09,297.01,0.875
2005,7,18,-41.98,1,753.83,1,12.62,1,315,1,55.13,1,12.53,315.23,1
2005,7,19,-44.89,0.875,748.05,1,11.88,1,310,0.5,51.5,1,13.15,309.62,0.5
2005,7,20,-46.35,0.75,752.76,1,10.38,1,297.5,1,50.38,1,10.27,297.49,1
2005,7,21,-50.25,1,756.93,1,11,0.875,305,0.5,46,1,11.29,303.53,0.375
2005,7,22,-48.01,1,757.21,1,10.8,0.625,306,0.625,48.13,1,11.46,304.78,0.25
2005,7,23,-50.95,1,757.51,1,11.71,0.875,313.75,1,45.25,1,11.68,313.04,0.875
2005,7,24,-48.98,1,757.56,1,13,0.875,308.75,1,47,1,12.95,310.22,0.875
2005,7,25,-47.83,0.75,756.04,1,12.33,0.375,301.25,1,49.38,1,12.33,310,0.375
2005,7,26,-42.17,0.875,755.35,1,4,0.625,266.25,1,54.13,1,3.77,303.3,0.625
2005,7,27,-44.2,1,763.81,1,8.8,0.625,291.25,1,52.38,1,8.72,290.23,0.625
2005,7,28,-43.04,0.875,754.88,1,5.43,0.875,298.57,0.875,53.38,1,4.94,299.68,0.75
2005,7,29,-46.44,1,759.69,1,7.43,0.875,301.43,0.875,50.13,1,7.13,309,0.75
2005,7,30,-38.97,0.75,769.89,1,NA,0,296.25,1,55.88,1,NA,NA,0
2005,7,31,-33.78,0.625,772.85,1,NA,0,293.75,1,62.25,1,NA,NA,0
2005,8,1,-33.48,0.75,763.64,1,12.67,0.375,306.25,1,65,1,12.62,293.68,0.375
2005,8,2,-32.43,0.5,753.34,1,6.25,0.5,195,1,68.25,1,2.61,205.98,0.5
2005,8,3,-38.35,1,757.45,1,4,0.625,265,1,60.25,1,1.89,264.01,0.625
2005,8,4,-38.08,0.625,765.96,1,NA,0,318.75,1,59.13,1,NA,NA,0
2005,8,5,-42.43,0.75,765.91,1,17,0.25,277.5,1,53,1,16.94,314.71,0.25
2005,8,6,-46.5,1,758.49,1,19,0.625,310,1,49.63,1,18.84,311.8,0.625
2005,8,7,-42.61,1,763.92,1,19,0.25,312.5,1,48,1,18.93,325,0.25
2005,8,8,-36.71,0.875,760.89,1,6,0.5,257.5,1,59.63,1,4.86,261.42,0.5
2005,8,9,-44.57,0.75,763.41,1,12.67,0.375,303.75,1,51.75,1,11.23,297.58,0.375
2005,8,10,-42.97,1,750.14,1,NA,0.125,197.5,1,54.13,1,NA,NA,0.125
2005,8,11,-40.86,1,749.1,1,NA,0,302.5,1,56.63,1,NA,NA,0
2005,8,12,-46.29,1,763.21,1,12,0.25,326.25,1,50.75,1,11.59,326.28,0.25
2005,8,13,-42.19,1,773.45,1,15.2,0.625,300,1,50,1,15.08,302.11,0.625
2005,8,14,-46.16,0.875,765.8,1,13.43,0.875,297.5,1,47.25,1,13.09,297.94,0.875
2005,8,15,-50.71,1,757.34,1,13,1,308.33,0.75,45.13,1,12.84,308.58,0.75
2005,8,16,-48.93,1,753.44,1,14.17,0.75,300,0.5,47,1,14.13,298.59,0.5
2005,8,17,-47.14,1,753.82,1,14,0.625,300,0.625,48.88,1,13.45,304.81,0.25
2005,8,18,-46.05,1,751.14,1,19.17,0.75,305,1,50.38,1,19.09,305.04,0.75
2005,8,19,-44.58,1,748.49,1,17.33,0.75,306,0.625,52,1,16.94,306,0.625
2005,8,20,-44.6,0.75,755.48,1,15.75,0.5,303.33,0.75,53.13,1,16,310,0.25
2005,8,21,-44.9,0.375,752.61,1,12.5,0.25,300,1,53.88,1,12.45,305.6,0.25
2005,8,22,-50.75,1,747.01,1,18.6,0.625,297.5,1,45.63,1,18.49,299.57,0.625
2005,8,23,-48.7,0.875,746.68,1,13.5,0.25,247.5,1,48.13,1,8.26,275.21,0.25
2005,8,24,-38.33,1,743.04,1,NA,0,152.5,1,59.13,1,NA,NA,0
2005,8,25,-37.44,1,744.14,1,NA,0,208.75,1,60.25,1,NA,NA,0
2005,8,26,-48.5,0.875,741.98,1,16,0.375,316.25,1,49.25,1,16,320,0.375
2005,8,27,-54.49,1,739.35,1,21.5,0.75,312,0.625,41.88,1,20.93,313.49,0.375
2005,8,28,-52.83,1,753.99,1,17.4,0.625,306,0.625,43.5,1,17.2,307.69,0.5
2005,8,29,-47.42,0.625,751.5,1,22.5,0.25,313.75,1,48.13,1,22.41,325.11,0.25
2005,8,30,-52.97,0.875,743.79,1,NA,0,318.75,1,42.5,1,NA,NA,0
2005,8,31,-58.57,1,749.19,1,NA,0.125,316.25,1,37.13,1,NA,NA,0.125
2005,9,1,-53.63,0.875,758.4,1,19.67,0.375,316.67,0.375,42.38,1,NA,NA,0.125
2005,9,2,-49.83,0.875,750.54,1,NA,0.125,320,0.375,46.38,1,NA,NA,0.125
2005,9,3,-54.1,1,747.07,1,22.5,0.25,313.33,0.75,41.5,1,22.5,310,0.25
2005,9,4,-53.4,1,755.44,1,21.75,0.5,315.71,0.875,42.13,1,21.67,315.17,0.5
2005,9,5,-54.75,0.5,753.31,1,18.67,0.375,311.67,0.75,43.38,1,NA,NA,0.125
2005,9,6,-53.18,1,763.77,1,21.71,0.875,315,0.5,42.38,1,21.92,313.63,0.375
2005,9,7,-47.88,0.75,769.68,1,NA,0,312.5,1,49.75,1,NA,NA,0
2005,9,8,-42.79,1,770.78,1,17,0.375,308.75,1,53.25,1,16.94,306.67,0.375
2005,9,9,-44.91,1,768.53,1,19.75,0.5,313.33,0.375,50.88,1,NA,NA,0.125
2005,9,10,-43.67,0.875,756.31,1,20.6,0.625,312,0.625,52.75,1,20.34,310,0.5
2005,9,11,-46.15,1,757.15,1,21.5,0.25,306.67,0.75,49.25,1,NA,NA,0.125
2005,9,12,-47.15,1,752.2,1,20.75,0.5,306.67,0.75,46.88,1,20.6,306.62,0.375
2005,9,13,-45.71,1,759,1,16,0.875,NA,0.125,49.13,1,NA,NA,0.125
2005,9,14,-41.22,0.75,765.31,1,18.6,0.625,305,0.25,56,1,NA,NA,0.125
2005,9,15,-31.18,0.75,760.45,1,6.29,0.875,292,0.625,66.88,1,6.24,303.65,0.5
2005,9,16,-41.58,0.5,761.75,1,8.8,0.625,308.75,1,57.13,1,8.73,313.42,0.625
2005,9,17,-42.68,1,769.04,1,13.33,0.75,320,0.625,55,1,11.23,320.3,0.375
2005,9,18,-34.7,0.625,767.73,1,13.5,0.25,325,1,61,1,13.45,325.19,0.25
2005,9,19,-35.45,0.25,759.01,1,NA,0,303.75,1,65,1,NA,NA,0
2005,9,20,-36.84,0.875,755.78,1,17,0.5,312.5,1,53.38,1,16.88,310.44,0.5
2005,9,21,-35.11,1,752.86,1,NA,0.125,297.5,1,51.88,1,NA,NA,0.125
2005,9,22,-41.73,0.75,753.65,1,15,0.375,305,1,53,1,14.7,318.72,0.375
2005,9,23,-46.68,1,752.65,1,18,0.5,317.5,0.5,50.13,1,17.94,313.14,0.375
2005,9,24,-49.2,1,744.56,1,19.17,0.75,310,0.625,47.25,1,19.46,310.34,0.375
2005,9,25,-51.2,1,747.46,1,16.6,0.625,313.75,1,45.13,1,16.45,311.57,0.625
2005,9,26,-49.78,1,751.25,1,17.25,0.5,312.5,0.5,46.13,1,16.5,310,0.25
2005,9,27,-49.78,0.75,748.76,1,16.8,0.625,301.25,1,45.13,1,16.74,303.93,0.625
2005,9,28,-48.46,0.875,759.09,1,17.29,0.875,313.75,1,47.38,1,17.22,316.04,0.875
2005,9,29,-43.6,0.75,771.3,1,12.33,0.375,331.25,1,53.38,1,12.18,324.09,0.375
2005,9,30,-35.48,0.625,773.95,1,NA,0.125,320,1,56.25,1,NA,NA,0.125
2005,10,1,-30.95,0.75,761.13,1,NA,0.125,311.25,1,65.5,1,NA,NA,0.125
2005,10,2,-39.06,0.625,750.25,1,23,0.5,318.75,1,59.75,1,22.59,317.54,0.5
2005,10,3,-41.44,1,754.95,1,NA,0.125,325,1,55.5,1,NA,NA,0.125
2005,10,4,-31.5,0.375,750.93,1,NA,0,325,0.5,60.88,1,NA,NA,0
2005,10,5,-14.82,0.75,753.04,1,NA,0,176.25,1,84.29,0.875,NA,NA,0
2005,10,6,-14.96,0.625,752.3,1,NA,0,173.75,1,79.25,1,NA,NA,0
2005,10,7,-32.41,0.875,754.8,1,NA,0,323.75,1,52.63,1,NA,NA,0
2005,10,8,-35.1,0.625,749.08,1,12.5,0.25,330,1,49.75,1,12.31,330.4,0.25
2005,10,9,-43.36,0.625,748.66,1,NA,0.125,305,1,47.75,1,NA,NA,0.125
2005,10,10,-46.61,1,748.87,1,14.5,0.5,303.75,1,50,1,14.24,306.21,0.5
2005,10,11,-43.7,1,757.81,1,19.2,0.625,316.67,0.375,52.13,1,19.27,316.56,0.375
2005,10,12,-38.76,0.625,763.59,1,16,0.5,312.5,1,57.88,1,15.95,312.65,0.5
2005,10,13,-41.3,1,759.89,1,NA,0,325,1,55.88,1,NA,NA,0
2005,10,14,-41.53,0.75,746.83,1,17,0.25,192,0.625,56.25,1,NA,NA,0
2005,10,15,-38.67,0.375,741.43,1,13.67,0.375,237.5,1,57.5,1,13.53,300.49,0.375
2005,10,16,-34.54,0.625,751.65,1,NA,0,223.75,1,62.63,1,NA,NA,0
2005,10,17,-41.34,0.625,752.54,1,NA,0.125,312.5,1,55.75,1,NA,NA,0.125
2005,10,18,-40.53,0.875,755.04,1,18.5,0.25,320,1,56,1,18.5,330,0.25
2005,10,19,-40.34,0.875,753.49,1,10.8,0.625,307.5,1,57.38,1,10.56,312,0.625
2005,10,20,-34.73,0.375,758.15,1,9.67,0.375,295,1,60.86,0.875,8.37,287.7,0.375
2005,10,21,-30.4,0.5,761.99,1,6.5,0.25,261.25,1,65.5,1,6.48,315.39,0.25
2005,10,22,-37.55,0.5,760.89,1,17,0.5,311.25,1,57.13,1,16.84,313.25,0.5
2005,10,23,-35.51,0.875,758.23,1,7,0.375,315,1,61,1,6.8,313.59,0.375
2005,10,24,-28.3,0.875,758,1,3.12,1,293.75,1,70.88,1,2.98,298.22,1
2005,10,25,-30.22,0.75,756.19,1,11.8,0.625,282.5,0.5,66.75,1,NA,NA,0.125
2005,10,26,-34.47,0.75,759.28,1,14.5,0.25,306.25,1,60.75,1,14.29,312.44,0.25
2005,10,27,-29.37,0.375,762.46,1,NA,0.125,318.75,1,68.5,1,NA,NA,0.125
2005,10,28,-32.97,0.75,757.6,1,15.62,1,295,1,59.75,1,15.39,294.3,1
2005,10,29,-33.8,0.75,762.06,1,14.33,0.375,308.75,1,56.88,1,14.01,294.16,0.375
2005,10,30,-35.8,0.625,760.34,1,NA,0,307.5,1,53.38,1,NA,NA,0
2005,10,31,-37.9,0.5,748.76,1,14.75,0.5,313.75,1,56.5,1,14.48,316.1,0.5
2005,11,1,-36.33,0.375,742.98,1,15.71,0.875,314,0.625,55.88,1,15.1,312.97,0.5
2005,11,2,-32.8,0.375,747.56,1,10.75,0.5,288.75,1,65.88,1,10.71,305.12,0.5
2005,11,3,-25.8,0.75,756.15,1,5.43,0.875,277.5,1,72.75,1,4.44,293.05,0.875
2005,11,4,-29.42,0.75,756.44,1,12.67,0.375,308,0.625,67,1,NA,NA,0.125
2005,11,5,-32.02,0.625,754.74,1,NA,0.125,265,1,53.5,1,NA,NA,0.125
2005,11,6,-32.68,0.5,751.49,1,12.33,0.375,301.25,1,53.63,1,12.17,303.55,0.375
2005,11,7,-33.78,0.625,749.74,1,9.67,0.375,295,1,51.63,1,9.2,298.61,0.375
2005,11,8,-36.17,0.375,753.18,1,7,0.375,256.25,1,57,1,6.9,288.56,0.375
2005,11,9,-33.35,0.25,753.78,1,8.5,0.25,283.75,1,52.38,1,8.37,261.78,0.25
2005,11,10,-32.88,0.5,746.32,1,7,0.5,281.25,1,58.63,1,6.14,276.94,0.5
2005,11,11,-34.64,0.625,747.88,1,11,0.625,302.5,1,57.38,1,10.91,303.85,0.625
2005,11,12,-26.77,0.375,761.3,1,NA,0.125,256.25,1,69,1,NA,NA,0.125
2005,11,13,-25.88,0.625,766.13,1,7,0.625,291.25,1,69,1,6.2,295.81,0.625
2005,11,14,-25.29,1,764.08,1,7,0.375,280,1,66.63,1,6.41,276.98,0.375
2005,11,15,-29.42,0.75,766.4,1,16,0.375,301.25,1,62.88,1,15.95,307.09,0.375
2005,11,16,-31.2,0.5,770.4,1,11.75,0.5,296.25,1,63.38,1,11.71,297.03,0.5
2005,11,17,-28.66,0.625,770.86,1,8.75,0.5,290,0.75,65.88,1,7.97,294.16,0.375
2005,11,18,-26.85,0.75,769.96,1,8.38,1,290,1,63.38,1,8.29,290.78,1
2005,11,19,-23.2,0.75,769.19,1,3.8,0.625,245,1,69.75,1,0.81,260.51,0.625
2005,11,20,-26.6,0.75,769.45,1,10.8,0.625,293.75,1,63.5,1,10.65,297.38,0.625
2005,11,21,-29.4,0.5,771.1,1,14,0.375,305,1,57.13,1,13.7,318.63,0.375
2005,11,22,-30.22,0.5,769.04,1,10.67,0.375,290,0.625,60.13,1,8.48,334.62,0.25
2005,11,23,-26.54,0.625,765.34,1,6,0.25,256.25,1,65.75,1,4.49,290.79,0.25
2005,11,24,-24.24,0.625,766.31,1,9,0.25,252.5,1,66.25,1,5.68,287.59,0.25
2005,11,25,-28.3,0.375,768.68,1,9.5,0.25,303.75,1,63.75,1,8.93,268.9,0.25
2005,11,26,-24.88,0.5,778.2,1,NA,0.125,308.75,1,59.38,1,NA,NA,0.125
2005,11,27,-17,0.75,779.81,1,9,0.375,280,1,67.75,1,7.8,298.78,0.375
2005,11,28,-21.7,0.75,772.19,1,8.88,1,250,1,69.38,1,6.35,250.03,1
2005,11,29,-25.7,0.25,763.26,1,7.2,0.625,285,1,63.25,1,5.52,281.59,0.625
2005,11,30,-25.6,0.5,760.74,1,2.5,0.25,257.5,1,65.38,1,2.42,298.07,0.25
2005,12,1,-24.52,0.75,769.03,1,8.6,0.625,232.5,1,68.38,1,5.25,257.49,0.625
2005,12,2,-22.05,0.75,772.37,1,7.67,0.375,201.25,1,72.88,1,2.9,258.89,0.375
2005,12,3,-21.92,0.5,775.11,1,6.33,0.375,276.25,1,69.25,1,6.04,240.22,0.375
2005,12,4,-21.75,0.5,779.74,1,9,0.25,257.5,1,67.88,1,6.55,287.91,0.25
2005,12,5,-22.85,0.5,773.72,1,12,0.25,302.5,1,70.13,1,11.59,305,0.25
2005,12,6,-21.6,0.625,770.48,1,6,0.5,301.25,1,71.88,1,5.69,284.22,0.5
2005,12,7,-17.07,0.75,775.68,1,NA,0.125,183.75,1,77.88,1,NA,NA,0.125
2005,12,8,-16.9,0.625,772.81,0.875,4.6,0.625,281.25,1,75.88,1,3.92,263.07,0.625
2005,12,9,-16.78,0.5,775.18,1,4.5,0.25,216.25,1,70.38,1,3.58,305.63,0.25
2005,12,10,-19,0.625,780.41,1,8.2,0.625,281.25,1,70.75,1,7.4,289.03,0.625
2005,12,11,-20.1,0.75,779,1,9.75,0.5,296.25,1,76,1,7.91,301.96,0.5
2005,12,12,-22.13,0.875,774.6,1,10.2,0.625,300,1,67.63,1,8.87,295.29,0.625
2005,12,13,-18.87,0.375,779.25,1,NA,0.125,312.5,1,72.63,1,NA,NA,0.125
2005,12,14,-18.17,0.5,782.46,0.875,NA,0.125,314.29,0.875,66,0.875,NA,NA,0.125
2005,12,15,-12.6,0.375,780.75,1,NA,0.125,260,0.625,71.5,1,NA,NA,0
2005,12,16,-5.5,0.375,773.93,1,9.25,0.5,303.75,1,74.63,1,8.86,303.87,0.5
2005,12,17,-17.03,1,774.74,1,NA,0.125,191.25,1,75,1,NA,NA,0.125
2005,12,18,-18.93,0.75,780.75,1,8,0.25,268.75,1,69.25,1,7.93,306.29,0.25
2005,12,19,-19.65,0.75,781.04,1,10,0.25,253.75,1,69.25,1,10,300,0.25
2005,12,20,-18.27,0.75,778.55,1,7.17,0.75,286.25,1,73.75,1,6.95,283.38,0.75
2005,12,21,-16.64,0.625,780.57,1,8.67,0.375,276.25,1,77.25,1,7.12,307.69,0.375
2005,12,22,-15.9,1,779.68,1,8.75,0.5,197.5,1,78.13,1,4.74,186.54,0.5
2005,12,23,-13.69,1,779.16,1,7.33,0.375,177.5,1,80.5,1,7.05,170.99,0.375
2005,12,24,-15.21,1,780.4,1,6,0.375,190,1,80.25,1,2.33,164.64,0.375
2005,12,25,-14.33,0.75,778.75,1,1.33,0.375,188.75,1,75.13,1,1.33,140,0.375
2005,12,26,-14.52,1,777.58,1,3.67,0.375,293.75,1,76.13,1,3.57,268.06,0.375
2005,12,27,-15.65,0.5,780.48,1,NA,0.125,213.75,1,69.75,1,NA,NA,0.125
2005,12,28,-13.4,0.5,783.65,1,4.75,0.5,246.25,1,73.63,1,3.06,276.6,0.5
2005,12,29,-11.27,0.75,780.07,1,2,0.375,210,1,73,1,1,220,0.375
2005,12,30,-12.24,1,775.93,1,5,0.75,161.25,1,79.38,1,4.4,152.18,0.75
2005,12,31,-12.43,0.875,774.94,1,2.33,0.375,191.25,1,81.88,1,2.27,151.55,0.375
2006,1,1,-14.46,1,768.71,1,NA,0.125,142.5,1,81.63,1,NA,NA,0.125
2006,1,2,-14.62,0.625,767.02,1,3.8,0.625,203.75,1,81.25,1,3.73,137.93,0.625
2006,1,3,-17.08,0.625,771.44,1,4.5,0.75,241.25,1,73.5,1,4.03,275.13,0.75
2006,1,4,-17.93,0.375,772.4,1,8.5,0.25,272.5,1,66,1,7.99,301.23,0.25
2006,1,5,-19.75,0.5,769.78,1,4.29,0.875,232.5,1,71.5,1,2.71,204.94,0.875
2006,1,6,-16.29,0.875,771.19,1,2.75,0.5,187.5,1,74.25,1,2.68,176.4,0.5
2006,1,7,-16.86,1,769.44,1,11.2,0.625,175,1,77.75,1,11.18,178.22,0.625
2006,1,8,-17.12,0.75,769.04,1,12,0.625,215,1,74.63,1,11.96,173.83,0.625
2006,1,9,-19.7,0.625,769.47,1,8.8,0.625,266,0.625,68.13,1,6,260,0.375
2006,1,10,-22.78,0.5,765.76,1,10.5,0.5,286.25,1,69.25,1,10.4,300.48,0.5
2006,1,11,-22.95,0.25,765.79,1,11,0.625,298.75,1,68.88,1,10.75,306.87,0.625
2006,1,12,-22.05,0.25,769.14,1,8.67,0.375,295,1,61.13,1,8.67,310,0.375
2006,1,13,-22.98,0.5,772.2,1,6.6,0.625,288.75,1,63.13,1,5.99,283.03,0.625
2006,1,14,-20.13,0.375,774.47,1,6,0.375,282.5,1,67.25,1,5.66,281.81,0.375
2006,1,15,-17.64,0.625,774.06,1,5,0.5,261.25,1,73.63,1,3.93,270.3,0.5
2006,1,16,-17.6,0.75,774.99,1,8.6,0.625,226.25,1,80.25,1,3.14,262.01,0.625
2006,1,17,-20.4,0.375,770.53,1,10,0.625,293.75,1,67.88,1,9.77,298.52,0.625
2006,1,18,-17.17,0.75,766.78,1,NA,0.125,168.75,1,73.25,1,NA,NA,0.125
2006,1,19,-15.62,0.75,772.1,1,3.5,0.25,176.25,1,79,1,3.5,150,0.25
2006,1,20,-19.52,0.75,770.15,1,9.6,0.625,302.5,1,72.25,1,9.38,303.53,0.625
2006,1,21,-21.49,0.875,767.38,1,8.5,0.75,312.5,1,67.63,1,7.79,313.8,0.75
2006,1,22,-21.15,0.5,767.91,1,8,0.5,296.25,1,67.75,1,7.55,291.12,0.5
2006,1,23,-20.7,0.875,765.78,1,NA,0.125,183.75,1,76,1,NA,NA,0.125
2006,1,24,-25.33,0.75,764.34,1,12.33,0.375,295,1,68.13,1,12.22,306.26,0.375
2006,1,25,-25.8,0.25,764.79,1,10.4,0.625,302.5,1,68.13,1,10.4,310,0.625
2006,1,26,-21.64,0.625,767.3,1,12.33,0.375,263.75,1,74.13,1,12.05,286.8,0.375
2006,1,27,-24.3,0.625,767.72,1,11.25,0.5,287.5,1,68.38,1,11.14,306.2,0.5
2006,1,28,-24.78,0.5,767.46,1,11,0.625,295,0.75,69.38,1,11.19,296.85,0.5
2006,1,29,-24.03,0.5,768.48,1,6.5,0.25,300,1,70.38,1,6.17,307.97,0.25
2006,1,30,-25.88,0.5,769.18,1,13,0.25,312.5,1,70.88,1,13,320,0.25
2006,1,31,-26.45,0.5,769,1,15,0.375,322,0.625,65.25,1,14.86,321.12,0.375
2006,2,1,-28.85,0.25,770.71,1,12,0.25,306.25,1,65,1,12,300,0.25
2006,2,2,-25.97,0.375,771.53,1,8.67,0.375,305,1,70.25,1,8.49,299.68,0.375
2006,2,3,-21.75,1,769.76,1,6,0.625,175,1,76,1,5.96,176.66,0.625
2006,2,4,-22.89,1,771.49,1,4.83,0.75,231.43,0.875,70.75,1,3.61,231.12,0.75
2006,2,5,-28.5,0.75,773.44,1,15.67,0.375,315,0.25,62.5,1,NA,NA,0
2006,2,6,-28.03,0.375,773.26,1,NA,0.125,302,0.625,61.63,1,NA,NA,0
2006,2,7,-26.5,0.5,770.8,1,13,0.625,302.5,1,55.75,1,12.47,303.45,0.625
2006,2,8,-29.28,0.75,763.95,1,6.25,0.5,247.5,1,60.88,1,5.37,221.07,0.5
2006,2,9,-30.62,0.75,763.6,1,12.33,0.75,292,0.625,59.63,1,12.98,296,0.375
2006,2,10,-31.42,0.5,762.1,1,13.5,0.5,310,0.875,60.5,1,13.68,299.35,0.375
2006,2,11,-30.68,0.625,761.45,1,NA,0,306,0.625,60.13,1,NA,NA,0
2006,2,12,-31.6,0.75,760.26,1,16,0.25,303.75,1,59.75,1,15.45,305,0.25
2006,2,13,-31.58,0.75,762.24,1,NA,0,315,1,62,1,NA,NA,0
2006,2,14,-31.4,0.375,764.08,1,NA,0.125,318.75,1,61,1,NA,NA,0.125
2006,2,15,-31.85,0.25,762.65,1,11,0.5,303.75,1,63.75,1,10.93,299.77,0.5
2006,2,16,-25.27,0.75,764.23,1,10.8,0.625,190,0.625,71.5,1,9.18,181.89,0.5
2006,2,17,-26.52,0.75,765,1,7,0.25,237.5,1,67.88,1,5.99,261.7,0.25
2006,2,18,-33.16,1,761.46,1,15.5,0.75,315,1,62,1,15.07,311.1,0.75
2006,2,19,-32.58,0.625,760.14,1,16.8,0.625,310,0.5,61.13,1,16.28,313.26,0.375
2006,2,20,-27.03,0.5,765.13,1,3.8,0.625,290,1,72.25,1,3.61,300.61,0.625
2006,2,21,-29.7,0.625,766.94,1,10.83,0.75,286,0.625,70.13,1,9.28,295.8,0.5
2006,2,22,-30.3,0.375,766.51,1,12,0.875,298.33,0.75,67,1,11.75,297.88,0.75
2006,2,23,-28.74,0.625,767.29,1,9,0.375,272,0.625,68.5,1,NA,NA,0.125
2006,2,24,-29.98,0.75,765.94,1,12.25,0.5,290,1,63.63,1,10.43,293.22,0.5
2006,2,25,-28.58,0.5,761.74,1,NA,0.125,320,1,60.75,1,NA,NA,0.125
2006,2,26,-34.83,0.5,766.49,1,19.33,0.375,317.5,1,60.63,1,19.14,320,0.375
2006,2,27,-29.18,0.75,772.68,1,8.8,0.625,292.5,1,68,1,8.77,295.46,0.625
2006,2,28,-32.1,0.75,772.75,1,13,0.75,301.25,1,59.13,1,12.67,302.07,0.75
2006,3,1,-36.08,0.75,776.54,1,NA,0.125,311.25,1,55.5,1,NA,NA,0.125
2006,3,2,-36.45,0.5,779.84,1,12.67,0.375,316.25,1,52.88,1,12.48,317.87,0.375
2006,3,3,-32.82,0.5,780.18,1,NA,0.125,312.5,1,49.63,1,NA,NA,0.125
2006,3,4,-26.86,0.875,771.96,1,8.5,0.5,291.25,1,61.25,1,8.47,285.29,0.5
2006,3,5,-29,0.875,768.55,1,15.25,0.5,306,0.625,61.25,1,14.77,310,0.25
2006,3,6,-28.88,0.75,765.49,1,15,1,310,0.375,59.63,1,15.17,310.87,0.375
2006,3,7,-30.93,0.875,765.12,1,15,0.375,310,1,56.75,1,15,310,0.375
2006,3,8,-34.33,0.75,767.54,1,19,0.25,311.67,0.75,56.5,1,NA,NA,0
2006,3,9,-38.46,0.875,772.21,1,16,0.625,292.86,0.875,53.88,1,15.36,294.61,0.5
2006,3,10,-41.44,0.625,772.93,1,13,0.375,316.25,1,55.13,1,12.74,317.22,0.375
2006,3,11,-41.27,0.75,766.39,1,16.25,0.5,316,0.625,54.75,1,17.43,315.14,0.25
2006,3,12,-39.84,1,766.03,1,16.67,0.75,314,0.625,56.38,1,16.95,312.64,0.5
2006,3,13,-37.53,1,766.9,1,17,0.625,314.29,0.875,59.5,1,16.69,315.07,0.5
2006,3,14,-36.8,1,767.89,1,13,0.25,313.75,1,59.5,1,12.56,326.18,0.25
2006,3,15,-38.8,0.75,766.88,1,NA,0.125,320,1,55.13,1,NA,NA,0.125
2006,3,16,-40.29,0.875,768.69,1,NA,0,317.5,1,56.63,1,NA,NA,0
2006,3,17,-36.2,0.875,760.57,1,16.5,0.25,306.25,1,51,1,16.5,310,0.25
2006,3,18,-42.07,1,755.16,1,16,0.625,303.33,0.75,49.38,1,15.71,302.38,0.5
2006,3,19,-45.65,0.75,753.93,1,20,0.25,285,0.5,51.5,1,NA,NA,0
2006,3,20,-45.5,0.75,752.95,1,22,0.5,290,0.25,49.38,1,NA,NA,0
2006,3,21,-46.89,1,755.1,1,20.67,0.375,306.67,0.375,48.13,1,21,310,0.25
2006,3,22,-43.05,0.75,754.95,1,NA,0,296.25,1,51.63,1,NA,NA,0
2006,3,23,-44.34,0.625,753.21,1,20.5,0.25,290,1,53.13,1,20.42,295.12,0.25
2006,3,24,-48.21,0.875,757.82,1,NA,0.125,303.33,0.75,47.5,1,NA,NA,0.125
2006,3,25,-47.1,1,762.2,1,19,0.375,310,0.25,49.13,1,NA,NA,0.125
2006,3,26,-48.1,1,757.21,1,19.25,0.5,NA,0.125,48,1,NA,NA,0.125
2006,3,27,-44.18,1,757.9,1,22.67,0.75,NA,0.125,52.5,1,NA,NA,0.125
2006,3,28,-43.68,0.75,757.6,1,20.2,0.625,306,0.625,52.25,1,19.55,302.67,0.5
2006,3,29,-49.51,1,757.85,1,22.83,0.75,300,0.625,47,1,23.75,300,0.5
2006,3,30,-48.06,1,755.16,1,19.4,0.625,313.33,0.375,48,1,20.92,315,0.25
2006,3,31,-49.04,1,752.75,1,19.86,0.875,NA,0.125,47,1,NA,NA,0.125
2006,4,1,-48.34,1,754.85,1,22,0.75,310,0.625,47.63,1,22.08,310.45,0.5
2006,4,2,-45.46,1,756.63,1,22.4,0.625,317.5,1,50.75,1,22.32,315.81,0.625
2006,4,3,-48.74,1,760.16,1,NA,0,318,0.625,47.25,1,NA,NA,0
2006,4,4,-49.28,1,766.15,1,24.33,0.375,311.25,1,46.5,1,24.09,310,0.375
2006,4,5,-39.96,0.625,768.16,1,19.8,0.625,300,0.625,58.5,1,19.32,301.52,0.375
2006,4,6,-39.09,1,766.41,1,21,0.375,317.5,1,58.38,1,20.5,324.74,0.375
2006,4,7,-44.34,0.875,767.14,1,NA,0.125,325.71,0.875,51.88,1,NA,NA,0.125
2006,4,8,-41.74,1,770.57,1,12.5,0.25,326.67,0.75,45.38,1,12.45,314.4,0.25
2006,4,9,-41.74,0.875,777.95,1,NA,0,323.75,1,52.38,1,NA,NA,0
2006,4,10,-41.69,0.875,771.61,1,NA,0,311.25,1,52.25,1,NA,NA,0
2006,4,11,-45.25,1,760.38,1,19,0.5,324,0.625,51.63,1,19.5,330,0.25
2006,4,12,-43.28,0.75,762.34,1,NA,0.125,297.5,1,53.63,1,NA,NA,0.125
2006,4,13,-41.18,0.75,771.94,1,10,0.5,280,0.875,53.88,1,8.91,285.59,0.375
2006,4,14,-36.31,1,772.37,1,16.75,0.5,306.67,0.375,58.25,1,NA,NA,0.125
2006,4,15,-40.69,1,763.66,1,18.5,0.75,NA,0.125,54,1,NA,NA,0.125
2006,4,16,-49.63,1,761.73,1,NA,0,310,1,47.25,1,NA,NA,0
2006,4,17,-43.6,0.75,764.58,1,NA,0.125,298.57,0.875,53.38,1,NA,NA,0.125
2006,4,18,-39.45,1,766.25,1,NA,0.125,324,0.625,52.88,1,NA,NA,0
2006,4,19,-37.24,1,760.84,1,NA,0.125,293.33,0.75,48.75,1,NA,NA,0.125
2006,4,20,-37.68,1,758.8,1,15.5,0.75,287.5,1,58.63,1,15.31,287.51,0.75
2006,4,21,-42,0.875,758.38,1,14.75,0.5,286.25,1,53.63,1,14.63,289.66,0.5
2006,4,22,-51.82,0.75,761.3,1,23.5,0.25,291.67,0.75,45.13,1,NA,NA,0.125
2006,4,23,-50.09,1,761.35,1,13.67,0.75,304.29,0.875,46.13,1,13.62,303.04,0.75
2006,4,24,-51.51,1,759.98,1,18.5,0.5,313.75,1,44.63,1,18.5,320,0.5
2006,4,25,-42.92,0.625,769.39,1,15.75,0.5,317.5,1,53.25,1,15.59,322.39,0.5
2006,4,26,-38.31,0.875,773.61,1,NA,0.125,308.57,0.875,58.63,1,NA,NA,0.125
2006,4,27,-43.18,0.625,765.06,1,19.2,0.625,310,0.875,53.13,1,20.09,310.37,0.5
2006,4,28,-44.16,0.875,768.24,1,NA,0.125,310,1,53.13,1,NA,NA,0.125
2006,4,29,-44.81,1,764.39,1,18.33,0.375,306.67,0.75,50.88,1,18.27,296.37,0.375
2006,4,30,-49.56,1,758.61,1,16,0.25,320,1,46.75,1,15.76,329.37,0.25
2006,5,1,-50.45,1,756.79,1,20.67,0.375,317.5,1,45.63,1,20.44,314.8,0.375
2006,5,2,-44.46,1,767.44,1,NA,0.125,316.25,1,51.88,1,NA,NA,0.125
2006,5,3,-32.24,0.625,774.33,1,15.75,0.5,310,1,62.38,1,14.65,312.96,0.5
2006,5,4,-15.83,0.5,768.36,1,NA,0.125,271.25,1,77.5,1,NA,NA,0.125
2006,5,5,-31.14,0.875,762.31,1,15.5,0.25,296,0.625,63.25,1,NA,NA,0.125
2006,5,6,-42.46,0.875,759.49,1,17.29,0.875,306.25,1,52.25,1,17.22,305.7,0.875
2006,5,7,-40.58,0.75,761.15,0.75,18.33,0.75,NA,0.125,54,0.75,NA,NA,0.125
2006,5,8,NA,0,NA,0,NA,0,NA,0,NA,0,NA,NA,0
2006,5,9,NA,0,NA,0,NA,0,NA,0,NA,0,NA,NA,0
2006,5,10,-22.83,0.5,751.74,0.875,NA,0,185,0.75,75.43,0.875,NA,NA,0
2006,5,11,-26.68,0.625,756.43,1,NA,0.125,316,0.625,66.38,1,NA,NA,0
2006,5,12,-39.92,0.625,752.46,1,16.5,0.25,313.75,1,59.13,1,16.5,310,0.25
2006,5,13,-36.13,0.5,755.81,1,16,0.25,310,1,60.75,1,15.76,331.26,0.25
2006,5,14,-38.61,1,755.53,1,10,0.25,218.75,1,58.63,1,5.79,243.13,0.25
2006,5,15,-46.03,0.875,751.14,1,12.67,0.375,270,1,51.38,1,8.26,288.32,0.375
2006,5,16,-44.64,0.875,746.66,1,21,0.375,321.25,1,53.13,1,20.93,316.67,0.375
2006,5,17,-44.93,0.5,743.47,0.5,NA,0,332.5,0.5,52.5,0.5,NA,NA,0
2006,5,18,NA,0,NA,0,NA,0,NA,0,NA,0,NA,NA,0
2006,5,19,NA,0,NA,0,NA,0,NA,0,NA,0,NA,NA,0
2006,5,20,NA,0.125,742,0.25,NA,0.125,330,0.25,64,0.25,NA,NA,0.125
2006,5,21,NA,0.125,745.83,0.5,NA,0.125,302.5,0.5,44,0.5,NA,NA,0.125
2006,5,22,NA,0,NA,0,NA,0,NA,0,NA,0,NA,NA,0
2006,5,23,NA,0,NA,0,NA,0,NA,0,NA,0,NA,NA,0
2006,5,24,NA,0,NA,0,NA,0,NA,0,NA,0,NA,NA,0
2006,5,25,NA,0,NA,0,NA,0,NA,0,NA,0,NA,NA,0
2006,5,26,NA,0,NA,0,NA,0,NA,0,NA,0,NA,NA,0
2006,5,27,NA,0,NA,0,NA,0,NA,0,NA,0,NA,NA,0
2006,5,28,NA,0,NA,0,NA,0,NA,0,NA,0,NA,NA,0
2006,5,29,NA,0,NA,0,NA,0,NA,0,NA,0,NA,NA,0
2006,5,30,NA,0,NA,0,NA,0,NA,0,NA,0,NA,NA,0
2006,5,31,NA,0,NA,0,NA,0,NA,0,NA,0,NA,NA,0
2006,6,1,NA,0,NA,0,NA,0,NA,0,NA,0,NA,NA,0
2006,6,2,NA,0,NA,0,NA,0,NA,0,NA,0,NA,NA,0
2006,6,3,NA,0,NA,0,NA,0,NA,0,NA,0,NA,NA,0
2006,6,4,NA,0,NA,0,NA,0,NA,0,NA,0,NA,NA,0
2006,6,5,NA,0,NA,0,NA,0,NA,0,NA,0,NA,NA,0
2006,6,6,NA,0,NA,0,NA,0,NA,0,NA,0,NA,NA,0
2006,6,7,NA,0,NA,0,NA,0,NA,0,NA,0,NA,NA,0
2006,6,8,NA,0,NA,0,NA,0,NA,0,NA,0,NA,NA,0
2006,6,9,NA,0,NA,0,NA,0,NA,0,NA,0,NA,NA,0
2006,6,10,NA,0,NA,0,NA,0,NA,0,NA,0,NA,NA,0
2006,6,11,NA,0,NA,0,NA,0,NA,0,NA,0,NA,NA,0
2006,6,12,NA,0,NA,0,NA,0,NA,0,NA,0,NA,NA,0
2006,6,13,NA,0,NA,0,NA,0,NA,0,NA,0,NA,NA,0
2006,6,14,NA,0,NA,0,NA,0,NA,0,NA,0,NA,NA,0
2006,6,15,NA,0,NA,0,NA,0,NA,0,NA,0,NA,NA,0
2006,6,16,NA,0,NA,0,NA,0,NA,0,NA,0,NA,NA,0
2006,6,17,NA,0,NA,0,NA,0,NA,0,NA,0,NA,NA,0
2006,6,18,NA,0,NA,0,NA,0,NA,0,NA,0,NA,NA,0
2006,6,19,NA,0,NA,0,NA,0,NA,0,NA,0,NA,NA,0
2006,6,20,NA,0,NA,0,NA,0,NA,0,NA,0,NA,NA,0
2006,6,21,NA,0,NA,0,NA,0,NA,0,NA,0,NA,NA,0
2006,6,22,NA,0,NA,0,NA,0,NA,0,NA,0,NA,NA,0
2006,6,23,NA,0,NA,0,NA,0,NA,0,NA,0,NA,NA,0
2006,6,24,NA,0,NA,0,NA,0,NA,0,NA,0,NA,NA,0
2006,6,25,NA,0,NA,0,NA,0,NA,0,NA,0,NA,NA,0
2006,6,26,NA,0,NA,0,NA,0,NA,0,NA,0,NA,NA,0
2006,6,27,NA,0,NA,0,NA,0,NA,0,NA,0,NA,NA,0
2006,6,28,NA,0,NA,0,NA,0,NA,0,NA,0,NA,NA,0
2006,6,29,NA,0,NA,0,NA,0,NA,0,NA,0,NA,NA,0
2006,6,30,NA,0,NA,0,NA,0,NA,0,NA,0,NA,NA,0
2006,7,1,NA,0,NA,0,NA,0,NA,0,NA,0,NA,NA,0
2006,7,2,NA,0,NA,0,NA,0,NA,0,NA,0,NA,NA,0
2006,7,3,NA,0,NA,0,NA,0,NA,0,NA,0,NA,NA,0
2006,7,4,NA,0,NA,0,NA,0,NA,0,NA,0,NA,NA,0
2006,7,5,NA,0,NA,0,NA,0,NA,0,NA,0,NA,NA,0
2006,7,6,NA,0,NA,0,NA,0,NA,0,NA,0,NA,NA,0
2006,7,7,NA,0,NA,0,NA,0,NA,0,NA,0,NA,NA,0
2006,7,8,NA,0,NA,0,NA,0,NA,0,NA,0,NA,NA,0
2006,7,9,NA,0,NA,0,NA,0,NA,0,NA,0,NA,NA,0
2006,7,10,NA,0,NA,0,NA,0,NA,0,NA,0,NA,NA,0
2006,7,11,NA,0,NA,0,NA,0,NA,0,NA,0,NA,NA,0
2006,7,12,NA,0,NA,0,NA,0,NA,0,NA,0,NA,NA,0
2006,7,13,NA,0,NA,0,NA,0,NA,0,NA,0,NA,NA,0
2006,7,14,NA,0,NA,0,NA,0,NA,0,NA,0,NA,NA,0
2006,7,15,NA,0,NA,0,NA,0,NA,0,NA,0,NA,NA,0
2006,7,16,NA,0,NA,0,NA,0,NA,0,NA,0,NA,NA,0
2006,7,17,NA,0,NA,0,NA,0,NA,0,NA,0,NA,NA,0
2006,7,18,NA,0,NA,0,NA,0,NA,0,NA,0,NA,NA,0
2006,7,19,NA,0,NA,0,NA,0,NA,0,NA,0,NA,NA,0
2006,7,20,NA,0,NA,0,NA,0,NA,0,NA,0,NA,NA,0
2006,7,21,NA,0,NA,0,NA,0,NA,0,NA,0,NA,NA,0
2006,7,22,NA,0,NA,0,NA,0,NA,0,NA,0,NA,NA,0
2006,7,23,NA,0,NA,0,NA,0,NA,0,NA,0,NA,NA,0
2006,7,24,NA,0,NA,0,NA,0,NA,0,NA,0,NA,NA,0
2006,7,25,NA,0,NA,0,NA,0,NA,0,NA,0,NA,NA,0
2006,7,26,NA,0,NA,0,NA,0,NA,0,NA,0,NA,NA,0
2006,7,27,NA,0,NA,0,NA,0,NA,0,NA,0,NA,NA,0
2006,7,28,NA,0,NA,0,NA,0,NA,0,NA,0,NA,NA,0
2006,7,29,NA,0,NA,0,NA,0,NA,0,NA,0,NA,NA,0
2006,7,30,NA,0,NA,0,NA,0,NA,0,NA,0,NA,NA,0
2006,7,31,NA,0,NA,0,NA,0,NA,0,NA,0,NA,NA,0
2006,8,1,NA,0,NA,0,NA,0,NA,0,NA,0,NA,NA,0
2006,8,2,NA,0,NA,0,NA,0,NA,0,NA,0,NA,NA,0
2006,8,3,NA,0,NA,0,NA,0,NA,0,NA,0,NA,NA,0
2006,8,4,NA,0,NA,0,NA,0,NA,0,NA,0,NA,NA,0
2006,8,5,NA,0,NA,0,NA,0,NA,0,NA,0,NA,NA,0
2006,8,6,NA,0,NA,0,NA,0,NA,0,NA,0,NA,NA,0
2006,8,7,NA,0,NA,0,NA,0,NA,0,NA,0,NA,NA,0
2006,8,8,NA,0,NA,0,NA,0,NA,0,NA,0,NA,NA,0
2006,8,9,NA,0,NA,0,NA,0,NA,0,NA,0,NA,NA,0
2006,8,10,NA,0,NA,0,NA,0,NA,0,NA,0,NA,NA,0
2006,8,11,NA,0,NA,0,NA,0,NA,0,NA,0,NA,NA,0
2006,8,12,NA,0,NA,0,NA,0,NA,0,NA,0,NA,NA,0
2006,8,13,NA,0,NA,0,NA,0,NA,0,NA,0,NA,NA,0
2006,8,14,NA,0,NA,0,NA,0,NA,0,NA,0,NA,NA,0
2006,8,15,NA,0,NA,0,NA,0,NA,0,NA,0,NA,NA,0
2006,8,16,NA,0,NA,0,NA,0,NA,0,NA,0,NA,NA,0
2006,8,17,NA,0,NA,0,NA,0,NA,0,NA,0,NA,NA,0
2006,8,18,NA,0,NA,0,NA,0,NA,0,NA,0,NA,NA,0
2006,8,19,NA,0,NA,0,NA,0,NA,0,NA,0,NA,NA,0
2006,8,20,NA,0,NA,0,NA,0,NA,0,NA,0,NA,NA,0
2006,8,21,NA,0,NA,0,NA,0,NA,0,NA,0,NA,NA,0
2006,8,22,NA,0,NA,0,NA,0,NA,0,NA,0,NA,NA,0
2006,8,23,NA,0,NA,0,NA,0,NA,0,NA,0,NA,NA,0
2006,8,24,NA,0,NA,0,NA,0,NA,0,NA,0,NA,NA,0
2006,8,25,NA,0,NA,0,NA,0,NA,0,NA,0,NA,NA,0
2006,8,26,NA,0,NA,0,NA,0,NA,0,NA,0,NA,NA,0
2006,8,27,NA,0,NA,0,NA,0,NA,0,NA,0,NA,NA,0
2006,8,28,NA,0,NA,0,NA,0,NA,0,NA,0,NA,NA,0
2006,8,29,NA,0,NA,0,NA,0,NA,0,NA,0,NA,NA,0
2006,8,30,NA,0,NA,0,NA,0,NA,0,NA,0,NA,NA,0
2006,8,31,NA,0,NA,0,NA,0,NA,0,NA,0,NA,NA,0
2006,9,1,NA,0,NA,0,NA,0,NA,0,NA,0,NA,NA,0
2006,9,2,NA,0,NA,0,NA,0,NA,0,NA,0,NA,NA,0
2006,9,3,NA,0,NA,0,NA,0,NA,0,NA,0,NA,NA,0
2006,9,4,NA,0,NA,0,NA,0,NA,0,NA,0,NA,NA,0
2006,9,5,NA,0,NA,0,NA,0,NA,0,NA,0,NA,NA,0
2006,9,6,NA,0,NA,0,NA,0,NA,0,NA,0,NA,NA,0
2006,9,7,NA,0,NA,0,NA,0,NA,0,NA,0,NA,NA,0
2006,9,8,NA,0,NA,0,NA,0,NA,0,NA,0,NA,NA,0
2006,9,9,NA,0,NA,0,NA,0,NA,0,NA,0,NA,NA,0
2006,9,10,NA,0,NA,0,NA,0,NA,0,NA,0,NA,NA,0
2006,9,11,NA,0,NA,0,NA,0,NA,0,NA,0,NA,NA,0
2006,9,12,NA,0,NA,0,NA,0,NA,0,NA,0,NA,NA,0
2006,9,13,NA,0,NA,0,NA,0,NA,0,NA,0,NA,NA,0
2006,9,14,NA,0,NA,0,NA,0,NA,0,NA,0,NA,NA,0
2006,9,15,NA,0,NA,0,NA,0,NA,0,NA,0,NA,NA,0
2006,9,16,NA,0,NA,0,NA,0,NA,0,NA,0,NA,NA,0
2006,9,17,NA,0,NA,0,NA,0,NA,0,NA,0,NA,NA,0
2006,9,18,NA,0,NA,0,NA,0,NA,0,NA,0,NA,NA,0
2006,9,19,NA,0,NA,0,NA,0,NA,0,NA,0,NA,NA,0
2006,9,20,NA,0,NA,0,NA,0,NA,0,NA,0,NA,NA,0
2006,9,21,NA,0,NA,0,NA,0,NA,0,NA,0,NA,NA,0
2006,9,22,NA,0,NA,0,NA,0,NA,0,NA,0,NA,NA,0
2006,9,23,NA,0,NA,0,NA,0,NA,0,NA,0,NA,NA,0
2006,9,24,NA,0,NA,0,NA,0,NA,0,NA,0,NA,NA,0
2006,9,25,NA,0,NA,0,NA,0,NA,0,NA,0,NA,NA,0
2006,9,26,NA,0,NA,0,NA,0,NA,0,NA,0,NA,NA,0
2006,9,27,NA,0,NA,0,NA,0,NA,0,NA,0,NA,NA,0
2006,9,28,NA,0,NA,0,NA,0,NA,0,NA,0,NA,NA,0
2006,9,29,-46.32,0.75,758.54,1,15.75,1,307.5,0.5,50.88,1,16.95,307.5,0.5
2006,9,30,-42.77,0.75,760.16,1,14.67,0.75,307.5,0.5,54.13,1,13.59,308.54,0.5
2006,10,1,-42.2,1,758.24,1,19.75,0.5,315,0.5,53.13,1,19.92,315,0.25
2006,10,2,-47.67,0.875,760.81,1,18.6,0.625,311.25,1,48,1,18.35,311.68,0.625
2006,10,3,-46.19,0.875,764.18,1,NA,0.125,327.5,1,50.38,1,NA,NA,0.125
2006,10,4,-38.54,0.875,770.23,1,12,0.25,313.33,0.75,58.5,1,NA,NA,0.125
2006,10,5,-32.01,0.875,767.26,0.875,11,0.25,304.29,0.875,66.25,1,NA,NA,0.125
2006,10,6,-36.89,0.875,767.48,1,NA,0,308.75,1,60.13,1,NA,NA,0
2006,10,7,-39.58,1,764.81,1,NA,0,298,0.625,57.5,1,NA,NA,0
2006,10,8,-35.84,0.625,760.28,1,NA,0,301.25,1,60.5,1,NA,NA,0
2006,10,9,-43.42,0.625,749.48,1,NA,0,307.5,1,51.13,1,NA,NA,0
2006,10,10,-45.86,0.875,745.39,1,NA,0,296.25,1,49.38,1,NA,NA,0
2006,10,11,-45.17,0.75,749.78,1,19.5,0.25,320,0.625,51.25,1,19.43,325.39,0.25
2006,10,12,-43.47,0.75,747.2,1,19,0.25,308,0.625,51,1,18.71,310,0.25
2006,10,13,-45.11,1,747.36,1,18.86,0.875,302.5,0.5,51.75,1,19.27,303.44,0.375
2006,10,14,-43.32,0.625,751.21,1,17.14,0.875,305,0.25,53.88,1,17.43,304.57,0.25
2006,10,15,-43.5,0.5,753.96,1,20.33,0.375,311.25,1,53.25,1,20.14,308.85,0.375
2006,10,16,-37.43,0.5,757.48,1,NA,0.125,318.75,1,53.5,1,NA,NA,0.125
2006,10,17,-21.37,0.75,748.91,1,18,0.375,257.5,1,69.88,1,18,0,0.375
2006,10,18,-31.7,0.75,747.2,1,NA,0.125,284,0.625,60,1,NA,NA,0.125
2006,10,19,-36.2,1,747.36,1,9,0.625,286.25,1,54.75,1,8.91,286.2,0.625
2006,10,20,-34.16,0.875,746.56,1,4.75,0.5,172.5,1,60.13,1,4.26,184.7,0.5
2006,10,21,-36.61,1,746.96,1,8,0.375,301.25,1,59.13,1,7.89,303.36,0.375
2006,10,22,-30.92,0.75,745.68,1,NA,0,190,1,65.5,1,NA,NA,0
2006,10,23,-29.68,1,749.64,1,3.5,0.25,247.5,1,65.75,1,3.5,290,0.25
2006,10,24,-33.62,0.75,748.54,1,15.33,0.375,283.33,0.75,60.75,1,NA,NA,0.125
2006,10,25,-36.42,0.625,747.38,1,13.2,0.625,318.33,0.75,63.88,1,12.63,312.89,0.375
2006,10,26,-40.07,0.5,751.85,1,13.14,0.875,300,0.625,56.38,1,11.97,297.71,0.5
2006,10,27,-42.09,0.875,748.69,1,18.4,0.625,320,0.875,54.5,1,19.67,324.94,0.5
2006,10,28,-40.98,0.5,743.32,1,15.6,0.625,311.25,1,53.13,1,15.47,307.94,0.625
2006,10,29,-41.22,0.625,750.23,1,12.33,0.375,297.5,1,52.75,1,12.17,306.45,0.375
2006,10,30,-34.75,0.5,756.28,1,10,0.75,316.25,1,60.63,1,9.91,317.49,0.75
2006,10,31,-38,0.625,752.73,1,14,0.5,304,0.625,56.5,1,12.97,291.88,0.375
2006,11,1,-39.35,0.5,754.9,1,14.33,0.375,296.67,0.375,53.13,1,NA,NA,0
2006,11,2,-35.13,0.5,759.97,1,NA,0.125,303.75,1,60.75,1,NA,NA,0.125
2006,11,3,-26.98,0.75,755.23,1,NA,0,191.25,1,69.5,1,NA,NA,0
2006,11,4,-28.91,1,758.43,1,NA,0.125,156.25,1,70.25,1,NA,NA,0.125
2006,11,5,-27.07,0.75,764.38,1,10,0.25,291.25,1,64.13,1,9.69,289.6,0.25
2006,11,6,-30.95,0.75,766.81,1,15,0.375,306,0.625,61,1,NA,NA,0.125
2006,11,7,-35.1,0.375,763.4,1,17.5,0.25,310,0.5,57.38,1,17.44,304,0.25
2006,11,8,-32.1,0.5,758.38,1,5,0.25,235,1,63.13,1,4.71,314.16,0.25
2006,11,9,-27.26,0.875,760.16,1,7,0.5,172.5,1,71.38,1,6.28,181.84,0.5
2006,11,10,-26.02,0.625,764.86,1,11,0.25,210,0.625,68.75,1,NA,NA,0.125
2006,11,11,-31.57,0.375,765.09,1,12.29,0.875,297.5,0.5,59.38,1,13.29,303.75,0.375
2006,11,12,-32.42,0.75,759.69,1,10,0.375,292.5,1,57.75,1,9.96,294.67,0.375
2006,11,13,-34.2,1,757.86,1,11.4,0.625,306.25,1,60.25,1,10.96,294.84,0.625
2006,11,14,-34.35,0.5,755,1,14,0.375,300,0.5,58.75,1,12.45,295.6,0.25
2006,11,15,-35.2,0.625,750.94,1,15.67,0.375,306.25,1,59,1,15.61,306.6,0.375
2006,11,16,-30.66,0.625,753.63,1,7.33,0.375,302.5,1,64.75,1,7.13,305.47,0.375
2006,11,17,-29.05,0.5,755.68,1,13.67,0.375,295,1,69.88,1,13.62,303.17,0.375
2006,11,18,-28.36,0.625,753.69,1,13.5,0.25,296.25,1,66,1,13.45,305.56,0.25
2006,11,19,-25.08,0.625,752.45,1,NA,0.125,238.75,1,69.25,1,NA,NA,0.125
2006,11,20,-23.96,0.625,752.86,1,NA,0,180,1,74.75,1,NA,NA,0
2006,11,21,-20.49,0.875,756.89,1,NA,0.125,167.5,1,77.38,1,NA,NA,0.125
2006,11,22,-19.82,0.625,759.46,1,11.33,0.375,237.5,1,75.5,1,1.66,167.78,0.375
2006,11,23,-21.26,0.625,764.44,1,5.33,0.375,296.25,1,70.63,1,5.32,311.25,0.375
2006,11,24,-22.9,0.625,765.53,1,7.6,0.625,286.25,1,68.25,1,7.48,286.86,0.625
2006,11,25,-21.65,1,765.48,1,5.5,0.5,271.25,1,70.63,1,5.11,286.28,0.5
2006,11,26,-22.43,0.375,765.81,1,11,0.25,306.25,1,69.75,1,11,310,0.25
2006,11,27,-25.97,0.375,763.73,1,10.25,0.5,316.25,1,63.75,1,9.9,317.18,0.5
2006,11,28,-24.02,0.625,761.31,1,7.67,0.375,291.25,1,68,1,7.14,291.03,0.375
2006,11,29,-21.73,0.5,764.81,1,6,0.5,288.75,1,68.88,1,5.84,286.28,0.5
2006,11,30,-18.78,1,764.53,1,3,0.625,226.25,1,68.63,1,2.07,251.32,0.625
2006,12,1,-19.71,0.875,767.47,1,12,0.25,258.75,1,72.5,1,11.95,195.42,0.25
2006,12,2,-22.4,0.625,770.63,1,12,0.375,311.25,1,67.63,1,11.69,312.63,0.375
2006,12,3,-23.46,0.625,769.48,1,14.5,0.25,307.5,1,66.63,1,14.44,305.17,0.25
2006,12,4,-21.25,0.75,770.44,1,3,0.25,258.75,1,72.88,1,1.93,180,0.25
2006,12,5,-22.07,0.75,770.7,1,7,0.25,296.25,1,68,1,7,300,0.25
2006,12,6,-23.63,0.5,767.97,1,10.33,0.375,302.5,1,67.38,1,10.22,302.27,0.375
2006,12,7,-22.8,0.375,766.43,1,11,0.25,302,0.625,68.88,1,NA,NA,0.125
2006,12,8,-23.2,0.375,764.63,1,8,0.625,293.75,1,68.5,1,7.64,289.54,0.625
2006,12,9,-19.22,0.75,763.83,1,NA,0.125,177.5,1,78.5,1,NA,NA,0.125
2006,12,10,-19.51,0.875,765.78,1,7.75,0.5,200,1,77.63,1,3.79,196.88,0.5
2006,12,11,-22.75,0.75,763.85,1,5.17,0.75,224,0.625,67.75,1,1.95,277.76,0.5
2006,12,12,-22.04,0.625,763.24,1,1.5,0.25,211.25,1,69.75,1,1.5,160,0.25
2006,12,13,-21.48,0.75,764.14,1,6,0.25,241.25,1,63.88,1,5.27,329.22,0.25
2006,12,14,-22.97,0.75,765.75,1,14,0.25,290,1,66.63,1,13.53,302.81,0.25
2006,12,15,-22.58,0.5,764.2,1,3,0.375,228.75,1,63.38,1,2.72,233.66,0.375
2006,12,16,-22.56,0.875,764.89,1,7,0.375,250,0.625,73.43,0.875,4.08,282.03,0.25
2006,12,17,-23.33,0.5,767.86,1,11.33,0.375,272.5,1,72.5,1,10.81,313.22,0.375
2006,12,18,-22.7,0.5,765.01,1,8,0.25,301.25,1,66.38,1,7.77,290.74,0.25
2006,12,19,-22.18,0.625,764.74,1,5.25,0.5,210,1,68.25,1,5.08,187.67,0.5
2006,12,20,-22.02,0.75,768.16,1,9.86,0.875,253.75,1,70.38,1,5.55,241.25,0.875
2006,12,21,-23.97,0.375,768.28,1,13,0.5,305,1,66.63,1,12.74,307.74,0.5
2006,12,22,-22.72,0.5,765.73,1,11.33,0.375,290,0.5,65.38,1,NA,NA,0.125
2006,12,23,-25.05,0.25,763.24,1,8.5,0.25,256.67,0.75,65.63,1,8.48,298.24,0.25
2006,12,24,-23.46,0.625,763.74,1,11.5,0.75,293.75,1,67,1,11.44,299.71,0.75
2006,12,25,-19.8,0.25,762.2,1,NA,0,263.75,1,64.25,1,NA,NA,0
2006,12,26,-21.97,0.875,762.61,1,6.6,0.625,226.25,1,71.13,1,4.28,216.56,0.625
2006,12,27,-25.57,0.375,765.8,1,8,0.5,275,1,60.75,1,6.81,296.37,0.5
2006,12,28,-24.7,0.5,768.94,1,8,0.5,261.25,1,62.63,1,7.73,285,0.5
2006,12,29,-24.36,0.625,767.86,1,14.5,0.25,258.75,1,67,1,13.22,238.58,0.25
2006,12,30,-22.83,0.875,767.09,1,10.33,0.375,222.5,1,68.63,1,10.3,226.78,0.375
2006,12,31,-20.5,0.375,761.25,1,14.5,0.25,258.75,1,67.25,1,13.28,266.77,0.25
2007,1,1,-16.92,0.75,766.91,1,15,0.5,208,0.625,79.29,0.875,NA,NA,0.125
2007,1,2,-16.85,0.75,767.99,1,11.67,0.375,252.5,1,73.38,1,7.99,275.92,0.375
2007,1,3,-17.94,0.875,761.71,1,8.4,0.625,286.25,1,73.5,1,8.33,288.8,0.625
2007,1,4,-17.86,0.625,763.34,1,3.75,0.5,213.75,1,75,1,3.69,270.67,0.5
2007,1,5,-16.9,0.75,767.29,1,6,0.375,238.75,1,75.38,1,5.63,252.61,0.375
2007,1,6,-17.13,1,768.84,1,7.25,0.5,223.75,1,78.75,1,6.07,204.79,0.5
2007,1,7,-17,0.375,766.63,1,6,0.5,292.5,1,67,1,5.78,304.28,0.5
2007,1,8,-19.36,0.875,766.04,1,11,0.25,307.5,1,67.88,1,10.34,311.9,0.25
2007,1,9,-17.36,0.625,767.4,1,3,0.5,268.75,1,66.88,1,2.96,276.64,0.5
2007,1,10,-18.42,0.75,770.78,1,5.75,0.5,190,1,69.88,1,5.53,183.73,0.5
2007,1,11,-18.14,0.625,779.18,1,11,0.5,292.5,1,67.88,1,10.53,305.03,0.5
2007,1,12,-18.92,0.625,777.2,1,12.33,0.375,301.25,1,70.25,1,12.29,293.24,0.375
2007,1,13,-20,0.625,772.14,1,6.33,0.75,273.75,1,69.13,1,5.37,282.88,0.75
2007,1,14,-19.47,0.75,763.25,1,4.57,0.875,230,1,68.38,1,2.93,226.37,0.875
2007,1,15,-19.81,0.875,768.34,1,7.5,0.25,217.5,0.5,78.25,1,7.39,249.33,0.25
2007,1,16,-20.21,0.875,773.53,1,NA,0,255,1,77,1,NA,NA,0
2007,1,17,-17.99,1,775.66,1,11.5,0.25,176.25,1,79.5,1,11.46,164.78,0.25
2007,1,18,-15.39,0.875,777.07,1,11.5,0.25,151.25,1,82.13,1,11.46,144.78,0.25
2007,1,19,-14.73,1,776.24,1,18,0.25,163.33,0.75,83.75,1,17.73,168.32,0.25
2007,1,20,-15.78,1,770.13,1,12.67,0.375,180,1,81.5,1,12.62,184.21,0.375
2007,1,21,-18.06,1,768,0.875,9,0.375,225,1,78.38,1,5.76,210.79,0.375
2007,1,22,-20.99,0.875,768.03,1,8.33,0.375,288.75,1,71.25,1,8.31,287.6,0.375
2007,1,23,-21.4,0.625,769.32,1,9.75,0.5,290,1,73.63,1,9.63,287.93,0.5
2007,1,24,-21.8,0.875,766.74,1,13.4,0.625,316.25,1,74.63,1,13.22,317.95,0.625
2007,1,25,-18.28,0.625,766.53,1,1.75,0.5,232.5,1,73.88,1,1.52,154.72,0.5
2007,1,26,-16.64,0.875,773.96,1,1.75,0.5,211.25,1,82.38,1,0.89,243.19,0.5
2007,1,27,-17,1,772.65,1,2.5,0.25,280,1,72.13,1,2.07,312.97,0.25
2007,1,28,-19,0.75,776.43,1,10.67,0.375,306.25,1,65,1,9.63,311.83,0.375
2007,1,29,-16.92,0.625,781.26,1,2,0.375,241.25,1,67.63,1,1.94,199.9,0.375
2007,1,30,-11.82,0.625,782.68,1,NA,0,261.25,1,77.38,1,NA,NA,0
2007,1,31,-18.08,0.75,779.79,1,8.8,0.625,285.71,0.875,67.38,1,8.1,287.41,0.625
2007,2,1,-21.7,0.5,774.3,1,11.75,0.5,300,0.375,64.63,1,11.11,297,0.25
2007,2,2,-24.07,0.75,768.53,0.875,13.75,0.5,287.5,1,67.88,1,13.62,287.08,0.5
2007,2,3,-23.64,0.875,765.66,1,10,0.5,276.25,1,69.13,1,9.91,276.99,0.5
2007,2,4,-24.08,0.75,763.59,1,9.5,0.5,280,1,72.38,1,8.57,288.18,0.5
2007,2,5,-27.35,0.75,763.89,1,11.67,0.375,301.25,1,68.75,1,11.55,300.57,0.375
2007,2,6,-22.97,0.75,763.78,1,11,0.25,190,1,74,1,10.96,175,0.25
2007,2,7,-24.3,1,768.84,1,9.25,0.5,231.25,1,71.5,1,5.23,208.83,0.5
2007,2,8,-23.92,0.625,770.81,1,9.8,0.625,298.75,1,64,1,9.57,296.6,0.625
2007,2,9,-28.14,0.625,769.39,1,NA,0.125,306.25,1,59.38,1,NA,NA,0.125
2007,2,10,-32.78,0.5,767.46,1,14,0.75,303.75,1,59,1,13.39,308.21,0.75
2007,2,11,-31.85,0.5,762.75,1,NA,0.125,313.75,1,60.13,1,NA,NA,0.125
2007,2,12,-33.7,0.375,761.56,1,13.33,0.375,313.75,1,59.63,1,13.04,308.3,0.375
2007,2,13,-30.86,0.625,769.79,1,10.33,0.75,303.75,1,62.5,1,9.84,303.64,0.75
2007,2,14,-32.66,0.625,772.76,1,NA,0.125,310,0.625,62.38,1,NA,NA,0
2007,2,15,-31.55,0.75,765.11,1,13,0.25,312.5,1,60.75,1,12.8,310,0.25
2007,2,16,-23.98,0.75,760.19,1,NA,0.125,231.25,1,73.38,1,NA,NA,0.125
2007,2,17,-27.88,0.5,762.9,1,9,0.25,288.75,1,65.75,1,7.9,299.22,0.25
2007,2,18,-31.36,0.625,767.36,1,13,0.5,310,1,65.13,1,12.48,309.41,0.5
2007,2,19,-30.03,0.75,767.11,1,11,0.75,293.33,0.375,62.63,1,11.5,300,0.25
2007,2,20,-30.1,0.75,768.34,1,13.2,0.625,305,1,58.63,1,12.71,305.81,0.625
2007,2,21,-34.72,0.625,760.71,1,13,0.25,313.75,1,54.63,1,13,310,0.25
2007,2,22,-35.32,0.625,758.35,1,NA,0.125,308.75,1,53,1,NA,NA,0.125
2007,2,23,-36.34,0.625,758.5,1,15.33,0.375,305,0.25,51.75,1,NA,NA,0
2007,2,24,-38.84,0.875,754.79,1,15,0.875,NA,0.125,51.25,1,NA,NA,0.125
2007,2,25,-36.95,0.5,751.99,1,12,0.375,208.75,1,59.13,1,11.82,278.88,0.375
2007,2,26,-24.63,0.75,755.91,1,1.33,0.375,153.75,1,70.63,1,1.33,270,0.375
2007,2,27,-25.7,0.5,759.91,1,6.33,0.375,288.75,1,70.75,1,6.06,288.85,0.375
2007,2,28,-36.38,0.625,757.15,1,15,0.25,292.5,0.5,56.75,1,NA,NA,0.125
2007,3,1,-37.04,0.875,761.24,1,13.17,0.75,305,0.25,59,1,NA,NA,0.125
2007,3,2,-39.34,0.625,765.24,1,14.5,0.5,300,0.375,57,1,10.96,295.46,0.25
2007,3,3,-40.43,1,771.1,1,NA,0,321.43,0.875,56.5,1,NA,NA,0
2007,3,4,-36.16,0.875,775.81,1,15.4,0.625,306.25,1,59.5,1,15.36,302.07,0.625
2007,3,5,-29.16,0.625,768.75,1,14.5,0.5,306.67,0.375,59.25,1,NA,NA,0
2007,3,6,-29.9,0.75,759.49,1,14.67,0.75,313.33,0.375,62.38,1,14.32,314.98,0.375
2007,3,7,-35.33,0.75,765.46,1,17.25,0.5,307.5,1,56.38,1,17.2,312.75,0.5
2007,3,8,-39.72,0.75,770.24,1,16,0.625,312.5,1,53.75,1,15.96,318,0.625
2007,3,9,-39.15,0.75,768.16,1,15.33,0.75,315,0.75,53.38,1,16.25,310,0.5
2007,3,10,-38.78,0.75,768.3,1,19.5,0.5,313.33,0.75,53.75,1,20.92,315,0.25
2007,3,11,-39.43,0.75,773.34,1,16.5,0.25,313.75,1,53.5,1,16.44,324.85,0.25
2007,3,12,-39.07,0.75,774.41,1,16.8,0.625,310,0.625,50.63,1,15.94,316.25,0.25
2007,3,13,-36.89,0.875,774.75,1,16.62,1,305,0.25,48.88,1,15.94,305.31,0.25
2007,3,14,-29.06,0.875,774.4,1,9.75,0.5,272.5,1,62.25,1,8.8,281.96,0.5
2007,3,15,-29.38,0.75,779.74,1,7.33,0.375,233.75,1,67.38,1,1.36,216.61,0.375
2007,3,16,-30.66,1,781.59,1,10.88,1,298.75,1,62,1,10.78,298.96,1
2007,3,17,-25.55,1,777.36,1,8.5,0.75,292.5,1,67.25,1,8.44,292.95,0.75
2007,3,18,-24.67,0.75,776.51,1,9.83,0.75,288.75,1,66,1,9.36,297.38,0.75
2007,3,19,-34.56,0.875,771.05,1,14.43,0.875,315,0.75,58.5,1,13.35,316.12,0.625
2007,3,20,-36.39,1,764,1,19.25,1,315,0.5,56.75,1,20.42,314.88,0.5
2007,3,21,-39.39,1,760.07,1,19.25,1,300,0.375,55.38,1,19.33,300,0.375
2007,3,22,-38.48,0.75,760.76,1,16.5,0.5,285,1,58.75,1,16.37,290.3,0.5
2007,3,23,-26.73,0.75,765.8,1,16.67,0.375,318.75,1,70.75,1,16.61,333.2,0.375
2007,3,24,-32.2,0.5,761.55,1,17,0.375,313.75,1,61.63,1,16.94,333.33,0.375
2007,3,25,-44.43,1,764.66,1,18.4,0.625,305,0.75,52.88,1,17.1,306.51,0.375
2007,3,26,-42.54,1,767.11,1,NA,0.125,314,0.625,54.13,1,NA,NA,0
2007,3,27,-43.15,1,762.81,1,NA,0,322.5,1,52.38,1,NA,NA,0
2007,3,28,-46.23,1,754.16,1,NA,0,315,1,49.88,1,NA,NA,0
2007,3,29,-48.44,1,758.71,1,17.25,0.5,323.75,1,48.25,1,16.85,320.95,0.5
2007,3,30,-43.69,1,767.49,1,NA,0.125,306.25,1,53.38,1,NA,NA,0.125
2007,3,31,-44.35,1,770.45,1,16,0.25,320,0.625,52.75,1,16,320,0.25
2007,4,1,-43.93,1,769.63,1,NA,0,308.75,1,53,1,NA,NA,0
2007,4,2,-36.76,0.875,770.69,1,12.8,0.625,284,0.625,59,1,11.22,282.66,0.5
2007,4,3,-40.81,0.875,767.65,1,16,0.625,296,0.625,55.13,1,13.53,290.49,0.375
2007,4,4,-45.96,1,762.56,1,18,0.5,305,0.25,50.63,1,NA,NA,0.125
2007,4,5,-44.65,0.5,761.79,1,13,0.375,288.75,1,54.88,1,12.72,289.04,0.375
2007,4,6,-42.68,0.75,759.61,1,NA,0,286.67,0.375,54.5,1,NA,NA,0
2007,4,7,-40.33,0.875,754.79,1,18.33,0.375,308.75,1,56.88,1,18.27,323.09,0.375
2007,4,8,-34.4,0.875,753.16,1,NA,0,128.75,1,64,1,NA,NA,0
2007,4,9,-38.99,0.875,752.81,1,6,0.75,245,0.75,58.38,1,3.41,271.49,0.5
2007,4,10,-43.9,1,755.29,1,6.17,0.75,281.67,0.75,53.63,1,4.75,284.9,0.625
2007,4,11,-43.75,1,759.41,1,11.38,1,305,0.25,53.63,1,10.46,304.28,0.25
2007,4,12,-36.04,1,770.43,1,11.75,1,298.75,1,61.25,1,11.69,298.94,1
2007,4,13,-37,1,775.31,1,14.62,1,303.33,0.375,58.75,1,14.62,302.95,0.375
2007,4,14,-39.89,1,772.16,1,16.75,0.5,303.33,0.75,57.88,1,15.94,315.63,0.25
2007,4,15,-38.09,1,766.6,1,11.71,0.875,300,0.5,58.38,1,13.16,299.43,0.5
2007,4,16,-43.15,1,763.25,1,15.43,0.875,320,0.25,51.13,1,NA,NA,0.125
2007,4,17,-49.96,0.875,753.61,1,NA,0,312.5,1,46.88,1,NA,NA,0
2007,4,18,-45.26,1,751.45,1,NA,0.125,316,0.625,51.63,1,NA,NA,0.125
2007,4,19,-47.1,0.625,747.49,1,NA,0.125,295.71,0.875,48.88,1,NA,NA,0.125
2007,4,20,-43.61,0.875,762.35,1,NA,0,310,1,53.5,1,NA,NA,0
2007,4,21,-42.74,1,760.53,1,NA,0.125,248,0.625,54.38,1,NA,NA,0.125
2007,4,22,-44.05,1,750.9,1,NA,0,305,1,53,1,NA,NA,0
2007,4,23,-43.54,0.875,749.29,1,16,0.375,313.75,1,53.5,1,15.83,310.63,0.375
2007,4,24,-45.15,1,752.89,1,17,0.625,313.75,1,51.75,1,16.86,318.11,0.625
2007,4,25,-43.5,0.5,764.48,1,12.5,0.25,273.75,1,56,1,12.08,316.84,0.25
2007,4,26,-37.99,0.875,775.2,1,16.33,0.375,303.33,0.75,59.13,1,NA,NA,0.125
2007,4,27,-47.3,1,772.05,1,19.6,0.625,315,0.25,49.75,1,19.92,315,0.25
2007,4,28,-49.64,1,767.1,1,20.5,0.75,308.33,0.75,47.13,1,20.2,310,0.625
2007,4,29,-47.99,1,762.7,1,22.33,0.75,323.33,0.375,48.63,1,22.92,323.18,0.375
2007,4,30,-47.75,0.75,770.34,1,16.6,0.625,312.86,0.875,51.5,1,16.54,314.21,0.625
2007,5,1,-40.94,1,774.38,1,15.6,0.625,312.5,1,56.38,1,15.3,312.79,0.625
2007,5,2,-47.79,1,763.63,1,18.86,0.875,312,0.625,48.88,1,19.35,312.06,0.625
2007,5,3,-47.6,0.75,765.61,1,19,0.625,306.25,1,49.13,1,18.46,304.19,0.625
2007,5,4,-40.8,0.625,767.54,1,16.25,0.5,311.43,0.875,58.25,1,18.27,316.37,0.375
2007,5,5,-38.17,0.875,765.99,1,6,0.875,275,0.75,60.13,1,3.85,295.06,0.625
2007,5,6,-31.78,1,763.46,1,3.29,0.875,270,1,66.5,1,2.96,291.57,0.875
2007,5,7,-35.41,1,767.61,1,8.88,1,304.29,0.875,63,1,8.97,304.12,0.875
2007,5,8,-37.09,0.875,766.71,1,12.12,1,305,0.5,61.38,1,12.45,305.2,0.5
2007,5,9,-40.93,0.75,761.14,1,11.2,0.625,297.5,1,58.25,1,10.85,302.14,0.625
2007,5,10,-39.23,0.75,759.08,1,9,0.75,293.33,0.375,58.13,1,2.28,279.67,0.25
2007,5,11,-41.16,1,760.55,1,14,0.625,312.86,0.875,56.63,1,14.2,314.91,0.5
2007,5,12,-42.29,1,760.85,1,15.25,1,307.5,1,55.38,1,15.15,307.54,1
2007,5,13,-43.66,0.875,759.9,1,14.67,0.375,301.43,0.875,53.25,1,12.95,315,0.25
2007,5,14,-46.05,1,759.91,1,15.5,1,300,0.375,51,1,15.33,300,0.375
2007,5,15,-49,1,761.84,1,16.57,0.875,311.67,0.75,47.75,1,16.06,311.73,0.625
2007,5,16,-53.06,1,764.05,1,13.88,1,306.25,1,43,1,13.73,306.5,1
2007,5,17,-49.2,0.5,759.14,1,14,0.375,308.75,1,49,1,13.95,293.57,0.375
2007,5,18,-50.41,0.875,761.6,1,13.5,0.5,287.14,0.875,46,1,13.24,285.75,0.5
2007,5,19,-53.03,0.875,761.73,1,15.25,0.5,296.67,0.75,42.75,1,15.48,294.5,0.375
2007,5,20,-54.59,1,758.9,1,16,0.875,314,0.625,41.25,1,16.69,314.93,0.5
2007,5,21,-48.09,1,762.94,1,14.14,0.875,312.5,0.5,48,1,13.75,312.46,0.5
2007,5,22,-44.16,1,778.53,1,13.67,0.375,325,1,52.38,1,13.52,330,0.375
2007,5,23,-37.62,0.625,781.4,1,13,0.375,322.5,1,58.38,1,12.64,328.34,0.375
2007,5,24,-38.31,1,780.25,1,NA,0,318.75,1,53.88,1,NA,NA,0
2007,5,25,-39.36,1,780.11,1,13,0.25,320,1,49.13,1,13,300,0.25
2007,5,26,-38.59,1,773.11,1,18,0.25,317.5,0.5,55.25,1,NA,NA,0.125
2007,5,27,-37,1,767.04,1,21.57,0.875,306.67,0.75,58.25,1,21.35,308.14,0.625
2007,5,28,-38.28,1,762.41,1,21,0.5,308,0.625,56,1,20.27,306.89,0.375
2007,5,29,-43.51,0.875,762.3,1,19.25,0.5,305,0.5,52,1,19.43,304.87,0.25
2007,5,30,-43.69,0.875,764.75,1,16,0.875,310,0.625,54,1,16.4,309.64,0.625
2007,5,31,-38.9,0.625,764.94,1,14,0.875,308,0.625,58.13,1,12.81,310.42,0.5
2007,6,1,-38.26,1,764.7,1,13.4,0.625,302.86,0.875,59.38,1,12.06,299.79,0.5
2007,6,2,-41.75,0.75,760.56,1,18.67,0.375,288.57,0.875,54.88,1,17.93,304.44,0.25
2007,6,3,-42.36,0.875,755.61,1,13.67,0.375,292.5,1,54.75,1,13.54,300.98,0.375
2007,6,4,-45.44,1,756.26,1,NA,0.125,302,0.625,51.75,1,NA,NA,0
2007,6,5,-47.14,1,758.04,1,17.75,1,311.67,0.75,50,1,17.71,311.69,0.75
2007,6,6,-47.75,1,759.15,1,17.6,0.625,318,0.625,49.13,1,18.5,320,0.5
2007,6,7,-31.8,0.5,764.9,1,10.5,0.25,242.5,1,65.5,1,10.46,314.28,0.25
2007,6,8,-38.92,0.625,766.11,1,15.2,0.625,292.86,0.875,59.13,1,14.09,308.94,0.5
2007,6,9,-44.24,1,766.77,1,16.2,0.625,305,0.5,53.38,1,13,310,0.25
2007,6,10,-48.33,1,767.82,1,13.43,0.875,310,0.75,49,1,13.32,310.15,0.625
2007,6,11,-44.47,0.875,759.65,1,17.17,0.75,306.67,0.75,53.25,1,16.69,304.93,0.5
2007,6,12,-48.93,1,752.88,1,20.8,0.625,298.33,0.75,48,1,20.5,300,0.5
2007,6,13,-45.8,1,760.11,1,16,0.5,312.86,0.875,51,1,14.95,312.88,0.375
2007,6,14,-48.34,0.875,761.98,1,16.29,0.875,295,0.75,47.75,1,14.94,298.06,0.625
2007,6,15,-47.25,0.5,762.22,1,14.67,0.375,311.25,1,51.63,1,14.49,304.58,0.375
2007,6,16,-51.8,0.875,765.35,1,17,0.375,305,1,44.63,1,16.94,306.28,0.375
2007,6,17,-51.58,1,772.79,1,17.14,0.875,305,0.25,44.63,1,16.44,305.15,0.25
2007,6,18,-46.82,1,774.66,1,17,0.5,308.33,0.75,49.63,1,15.51,310.43,0.375
2007,6,19,-49.44,1,770.95,1,16.88,1,310,1,46.63,1,16.75,310.67,1
2007,6,20,-49.24,1,768.39,1,16.8,0.625,315,0.25,46.63,1,NA,NA,0.125
2007,6,21,-47.62,0.75,750.76,1,18.5,0.25,315,0.75,48,1,NA,NA,0
2007,6,22,-44.6,0.625,755.48,1,16.2,0.625,317.5,0.5,53.25,1,NA,NA,0.125
2007,6,23,-47.55,1,772.96,1,14.33,0.75,300,0.5,49.13,1,11.96,304.16,0.25
2007,6,24,-50.79,1,775.35,1,16,0.75,307.5,0.5,45.38,1,14.95,313.33,0.375
2007,6,25,-44.4,0.875,773.55,1,NA,0.125,317.5,1,52.5,1,NA,NA,0.125
2007,6,26,-40.76,0.625,768.39,1,20,0.25,306.25,1,54.88,1,19.7,309.49,0.25
2007,6,27,-46.03,1,762.01,1,18.25,0.5,313.75,1,49.75,1,18.18,314.93,0.5
2007,6,28,-46.93,0.875,761.22,1,21.6,0.625,312.5,0.5,48.5,1,21.45,310.15,0.375
2007,6,29,-52.29,1,767.47,1,NA,0.125,320,0.5,43.63,1,NA,NA,0.125
2007,6,30,-52.6,1,772.25,1,NA,0.125,315.71,0.875,43.25,1,NA,NA,0.125
2007,7,1,-49.93,1,765,1,17.5,0.5,324.29,0.875,46,1,17.94,323.52,0.375
2007,7,2,-46.71,0.875,763.26,1,NA,0.125,310,1,48.63,1,NA,NA,0.125
2007,7,3,-50.23,1,772.7,1,17.17,0.75,316.67,0.375,45.5,1,15.26,309.67,0.25
2007,7,4,-47.1,1,764.28,1,12.43,0.875,320,0.75,49,1,12.06,320.17,0.625
2007,7,5,-50.24,1,760.05,1,16.4,0.625,314.29,0.875,45.63,1,17.2,317.25,0.5
2007,7,6,-48.31,1,766.18,1,15.83,0.75,316.25,1,47.63,1,15.44,317.94,0.75
2007,7,7,-52.73,1,760.91,1,NA,0.125,320,1,42.88,1,NA,NA,0.125
2007,7,8,-52.19,1,766.75,1,20.86,0.875,315,0.5,43.38,1,20.17,314.81,0.5
2007,7,9,-47.26,1,758.63,1,NA,0.125,325,1,48.88,1,NA,NA,0.125
2007,7,10,-53.55,1,764.3,1,19,0.5,318.33,0.75,41.75,1,18.81,320.18,0.375
2007,7,11,-54.68,1,771.51,1,22.6,0.625,310,0.375,40,1,24.41,315.1,0.25
2007,7,12,-57.3,1,769.41,1,18.5,0.5,305,0.5,37.63,1,19,300,0.25
2007,7,13,-58.66,1,772.2,1,19.2,0.625,308.33,0.75,36.25,1,18.27,316.91,0.375
2007,7,14,-55.26,1,770.06,1,21.29,0.875,313.33,0.375,39.63,1,21.59,313.54,0.375
2007,7,15,-50.96,0.875,763.29,1,20.14,0.875,313.33,0.375,44.88,1,21.5,310,0.25
2007,7,16,-38.57,0.875,775.5,1,13.5,0.25,312.86,0.875,57.63,1,13.45,314.44,0.25
2007,7,17,-38.89,0.875,786.14,1,13.6,0.625,310,1,61.13,1,13.47,308.38,0.625
2007,7,18,-15.61,0.875,781.2,1,NA,0.125,278.75,1,78.63,1,NA,NA,0.125
2007,7,19,NA,0.125,770.35,1,NA,0.125,300,1,63.63,1,NA,NA,0.125
2007,7,20,-47.21,1,764.21,1,17.67,0.375,317.5,0.5,51,1,NA,NA,0
2007,7,21,-50.13,1,764.9,1,17.86,0.875,317.14,0.875,47.5,1,17.19,316.72,0.75
2007,7,22,-51.9,0.625,768.98,1,12.4,0.625,245,0.75,47.88,1,12.29,313.24,0.375
2007,7,23,-42.63,1,777.73,1,11.25,0.5,241.25,1,55.38,1,5.44,267.91,0.5
2007,7,24,-38.36,0.875,782.83,1,8,0.5,245,1,59.63,1,3.13,235.84,0.5
2007,7,25,-32.76,1,788.12,1,7,0.25,245,1,66.13,1,2.57,271.43,0.25
2007,7,26,-38.07,0.75,788.45,1,15.33,0.375,312.5,1,58.14,0.875,15.18,310.66,0.375
2007,7,27,-39.38,1,785.01,1,18,0.375,315,1,58,1,17.94,313.14,0.375
2007,7,28,-41.31,1,776.49,1,11.33,0.375,282.5,1,54.75,1,10.91,296.71,0.375
2007,7,29,-42.5,0.875,778.65,1,10.33,0.75,306,0.625,54.25,1,8.63,305.77,0.375
2007,7,30,-46.75,1,776.93,1,13,0.75,306.25,1,50.38,1,12.9,303.99,0.75
2007,7,31,-48.16,1,780.41,1,24,0.875,318,0.625,48.75,1,23.54,317.97,0.625
2007,8,1,-43.32,0.75,789.24,1,21.5,0.25,318.75,1,54.63,1,21.17,310.7,0.25
2007,8,2,-35.51,1,791.66,1,NA,0.125,318.75,1,55,1,NA,NA,0.125
2007,8,3,-27.9,0.375,774.57,1,NA,0.125,310,1,64.75,1,NA,NA,0.125
2007,8,4,-39.84,1,760.33,1,NA,0,252.5,1,58.63,1,NA,NA,0
2007,8,5,-45.61,1,759.65,1,12.25,0.5,318.75,1,52.25,1,12.11,325.14,0.5
2007,8,6,-49.55,1,757.14,1,13.5,0.75,323.75,1,47.63,1,13.41,328.02,0.75
2007,8,7,-50.54,1,759.04,1,15.5,1,320,0.875,46.25,1,15.16,319.81,0.875
2007,8,8,-50.52,1,757.23,1,20.67,0.75,314,0.625,46.13,1,21.12,313.68,0.625
2007,8,9,-49.83,1,754.4,1,19.25,0.5,320,0.75,46.88,1,19.2,317.67,0.5
2007,8,10,-56.53,0.75,753.07,1,15.5,0.25,312,0.625,41.5,1,15.5,310,0.25
2007,8,11,-49.29,1,752.07,1,13.5,0.5,306.67,0.75,47,1,12.62,314.21,0.375
2007,8,12,-49.83,1,748.81,1,17.75,0.5,320,0.625,46.63,1,16.94,316.87,0.375
2007,8,13,-54.58,1,749.65,1,19.33,0.375,320,0.5,41.5,1,18.93,325,0.25
2007,8,14,-50.54,1,742.86,1,20,0.25,315,1,45.63,1,19.92,325,0.25
2007,8,15,-55.84,1,745.05,1,21.4,0.625,305,0.25,40.13,1,20.92,304.76,0.25
2007,8,16,-53.09,0.875,744.04,1,18.86,0.875,311.25,1,43.13,1,18.66,311.98,0.875
2007,8,17,-57.82,1,747.74,1,20.17,0.75,315,0.25,37.63,1,20.92,315,0.25
2007,8,18,-56.5,1,745.14,1,21.33,0.75,315,0.5,38.88,1,21.92,315.23,0.25
2007,8,19,-51.34,0.875,748.88,1,12.83,0.75,304,0.625,44.5,1,14.62,303.63,0.375
2007,8,20,-50.99,1,753.38,1,16.6,0.625,312,0.625,44.75,1,15.18,310.66,0.375
2007,8,21,-51.03,1,758.63,1,17.4,0.625,314,0.625,44.5,1,17.43,315.43,0.5
2007,8,22,-49.68,1,755.25,1,NA,0.125,NA,0.125,46.13,1,NA,NA,0
2007,8,23,-44.3,1,755.15,1,13.29,0.875,310,0.875,52,1,12.75,312.08,0.75
2007,8,24,-42.18,1,760.03,1,14,0.625,312.5,0.5,54.5,1,13.79,310.72,0.25
2007,8,25,-48.48,1,764.88,1,18.17,0.75,312.5,0.5,48,1,17.94,313.33,0.375
2007,8,26,-54.58,1,765.84,1,21.5,0.25,300,0.625,41.63,1,NA,NA,0.125
2007,8,27,-56.36,1,768.73,1,22.5,0.25,NA,0.125,39.25,1,NA,NA,0.125
2007,8,28,-54.41,1,767.31,1,21.67,0.375,291.67,0.75,41.13,1,NA,NA,0.125
2007,8,29,-51.49,1,767.6,1,19.75,0.5,326.67,0.75,44,1,19,330,0.375
2007,8,30,-53.1,1,762.57,1,19,0.5,320,0.875,42.5,1,18.93,313.51,0.375
2007,8,31,-42.88,0.5,755.44,1,10,0.25,215,0.75,51.88,1,NA,NA,0.125
2007,9,1,-38.25,1,758.65,1,NA,0.125,198,0.625,59.13,1,NA,NA,0
2007,9,2,-38.38,1,757.99,1,NA,0,293.75,1,59,1,NA,NA,0
2007,9,3,-40.9,0.875,759.24,1,NA,0.125,258.75,1,56.38,1,NA,NA,0.125
2007,9,4,-44.68,1,759.9,1,18,0.625,308.33,0.75,52.63,1,16.83,309.61,0.375
2007,9,5,-48.99,1,758.64,1,19,0.25,315.71,0.875,48,1,NA,NA,0.125
2007,9,6,-48.76,1,754.96,1,15.75,0.5,316.25,1,48,1,15.7,312.85,0.5
2007,9,7,-50.6,1,752.15,1,17.2,0.625,305,0.5,45.5,1,16.28,303.06,0.375
2007,9,8,-51.31,1,754.15,1,19,0.5,318.57,0.875,44.88,1,18.67,320,0.375
2007,9,9,-54.94,1,753.86,1,17,1,310,1,40.88,1,16.87,310.15,1
2007,9,10,-52.9,1,753,1,20,1,314.29,0.875,43,1,19.78,314.46,0.875
2007,9,11,-54.35,1,756.05,1,20,0.5,294,0.625,41.38,1,NA,NA,0.125
2007,9,12,-51.6,0.625,756.25,1,NA,0.125,281.43,0.875,44.88,1,NA,NA,0
2007,9,13,-51.6,1,759.38,1,14.62,1,305,0.75,43.88,1,13.95,304.88,0.75
2007,9,14,-49.34,1,758.84,1,16,0.625,316.25,1,46.25,1,15.94,316.38,0.625
2007,9,15,-44.54,0.875,747.65,1,NA,0.125,262.5,1,51.25,1,NA,NA,0.125
2007,9,16,-49.21,1,755.12,1,15.43,0.875,313.75,1,46.75,1,15.38,312.87,0.875
2007,9,17,-51.04,0.875,756.14,1,18.75,0.5,308,0.625,44.5,1,17.43,305.14,0.25
2007,9,18,-50.14,0.625,753.63,1,13.4,0.625,303.75,1,46.5,1,13.35,306.12,0.625
2007,9,19,-47.71,1,759.09,1,14.43,0.875,305,1,48.38,1,14.37,305.74,0.875
2007,9,20,-45.99,1,767.23,1,14.8,0.625,316.25,1,50,1,14.68,317.97,0.625
2007,9,21,-45.07,1,766.95,1,16.88,1,NA,0,51.13,1,NA,NA,0
2007,9,22,-45.96,1,761.39,1,14.75,1,312.5,1,49.63,1,14.71,312.54,1
2007,9,23,-45.35,0.5,763.09,1,13.67,0.375,313.75,1,52.88,1,13.37,317.61,0.375
2007,9,24,-41.37,0.75,766.26,1,13.6,0.625,315,1,56.38,1,13.55,324.41,0.625
2007,9,25,-35.47,0.375,768.96,1,NA,0.125,292.5,1,61.13,1,NA,NA,0.125
2007,9,26,-32.8,0.375,751.4,0.875,9.5,0.25,295,0.75,59.88,1,9.18,295.81,0.25
2007,9,27,-44.32,0.75,749.34,1,17,0.375,291.67,0.75,52.13,1,15.94,295.63,0.25
2007,9,28,-46.57,1,747.33,1,14.2,0.625,306.25,1,50.25,1,14.15,306.06,0.625
2007,9,29,-45.55,1,750.5,1,16,0.625,307.5,1,51.5,1,15.96,307.75,0.625
2007,9,30,-46.4,1,752.54,1,14.75,0.5,306.67,0.375,50.5,1,14.95,306.67,0.375
2007,10,1,-45.9,0.875,752.7,1,13.5,1,306.67,0.75,51.5,1,12.96,306.54,0.75
2007,10,2,-43.28,1,754.93,1,11,0.75,306.25,1,54,1,10.86,308.07,0.75
2007,10,3,-44.8,1,761.36,1,13.8,0.625,318,0.625,52.25,1,14.94,314.33,0.25
2007,10,4,-41.03,0.5,766.25,1,11.75,0.5,325,1,53,1,11.62,322.78,0.5
2007,10,5,-29.72,0.75,761.34,1,20.33,0.375,318.75,1,59.88,1,20.27,306.89,0.375
2007,10,6,-24.95,0.75,754.71,1,NA,0.125,330,1,45.25,1,NA,NA,0.125
2007,10,7,NA,0.125,752.54,1,NA,0,308.75,1,55.88,1,NA,NA,0
2007,10,8,-43.7,0.625,753.16,1,16,0.25,321.25,1,46.13,1,15.76,319.37,0.25
2007,10,9,-49.61,1,749.88,1,NA,0.125,322,0.625,47,1,NA,NA,0.125
2007,10,10,-49.53,1,748.91,1,17.67,0.375,318.75,1,47,1,17.67,320,0.375
2007,10,11,-43.78,0.5,758.91,1,NA,0.125,310,1,55,1,NA,NA,0.125
2007,10,12,-44.13,0.5,762.34,1,16,0.375,322.5,0.5,54.5,1,NA,NA,0
2007,10,13,-37.24,0.875,760.22,1,NA,0.125,248.57,0.875,59.5,1,NA,NA,0.125
2007,10,14,-33.86,0.875,764.2,1,NA,0.125,202,0.625,63.5,1,NA,NA,0.125
2007,10,15,-39.7,0.625,763.62,1,16.2,0.625,317.5,0.5,57.25,1,17.93,314.72,0.25
2007,10,16,-41.19,1,754.69,1,15.83,0.75,297.5,0.5,54.75,1,15.71,297.78,0.5
2007,10,17,-37.6,1,754.18,1,10,0.75,283.75,1,58.13,1,9.92,300.84,0.75
2007,10,18,-36.1,0.875,758.34,1,5,0.375,245,1,60.5,1,4.98,185.33,0.375
2007,10,19,-40.52,0.625,752.96,1,16.2,0.625,300,0.625,54,1,14.28,304.18,0.375
2007,10,20,-41.48,0.75,751.22,1,16.6,0.625,303.33,0.75,53.75,1,16,300,0.375
2007,10,21,-38.52,0.625,751.66,1,13,0.75,308.33,0.75,58.88,1,12.72,309.84,0.625
2007,10,22,-34.02,0.625,751.98,1,NA,0.125,233.75,1,64.13,1,NA,NA,0.125
2007,10,23,-32.55,0.75,752.25,1,2.5,0.25,181.25,1,63.75,1,1.94,199.53,0.25
2007,10,24,-33.48,1,760.08,1,NA,0.125,161.25,1,64.63,1,NA,NA,0.125
2007,10,25,-33.54,0.625,769.88,1,8.33,0.375,265,1,63,1,6.59,285.57,0.375
2007,10,26,-32.7,0.75,768.35,1,13.33,0.75,298.75,1,65.5,1,13.14,299.95,0.75
2007,10,27,-33.6,0.625,763.74,1,15.33,0.75,298.33,0.75,58.5,1,14.85,296.98,0.5
2007,10,28,-36.77,0.375,765.25,1,15.33,0.375,307.5,1,57.88,1,15.13,306.84,0.375
2007,10,29,-35.68,0.625,771.7,1,18.5,0.25,302,0.625,50.25,1,NA,NA,0.125
2007,10,30,-31.88,0.625,770.59,1,9.6,0.625,282.5,1,58.13,1,9.35,285.65,0.625
2007,10,31,-33.38,0.75,766.53,1,4.5,0.25,273.33,0.375,57.13,1,4.35,253.29,0.25
2007,11,1,-34.53,0.5,761.23,1,15.33,0.375,320,1,54.63,1,15.12,326.93,0.375
2007,11,2,-36.77,0.375,756.86,1,7,0.25,268.75,1,60,1,6.24,263.9,0.25
2007,11,3,-37.62,0.75,760.2,1,18.25,0.5,310,1,56,1,18.2,317.68,0.5
2007,11,4,-36.38,0.5,761.96,1,17.5,0.5,311.25,1,56.75,1,17.19,311.09,0.5
2007,11,5,-37.03,0.5,762.75,1,15.4,0.625,300,0.375,57,1,NA,NA,0.125
2007,11,6,-37.13,0.375,761.69,1,12.2,0.625,315.71,0.875,60.63,1,11.22,312.66,0.5
2007,11,7,-32.18,0.5,759.56,1,10.25,0.5,237.5,1,65.5,1,8.53,310.03,0.5
2007,11,8,-25.7,0.625,762.4,1,15.5,0.25,281.25,1,65.75,1,15.44,304.84,0.25
2007,11,9,-27.4,0.875,766.36,1,7,0.5,300,1,68.38,1,6.83,310.81,0.5
2007,11,10,-21.73,0.75,774.01,1,6,0.625,278.75,1,76.88,1,5.91,297.98,0.625
2007,11,11,-25.06,1,773.4,1,9.75,1,287.14,0.875,69.88,1,9.16,287.53,0.875
2007,11,12,-31.88,1,764.2,1,13.25,0.5,300,0.75,63.63,1,13.12,302.66,0.5
2007,11,13,-24.9,0.25,761.4,1,4,0.375,166.25,1,63.5,1,1.8,75.33,0.375
2007,11,14,-25.32,0.75,765.22,1,2.75,0.5,165,1,69.88,1,1.68,226.68,0.5
2007,11,15,-25.88,0.75,765.63,1,NA,0.125,228.75,1,71.63,1,NA,NA,0.125
2007,11,16,-31.88,0.5,765.3,1,14,0.5,306.25,1,65.5,1,13.96,307.5,0.5
2007,11,17,-32.15,0.5,764.95,1,11.25,0.5,303.75,1,65.63,1,11.21,304.67,0.5
2007,11,18,-30.95,0.25,764.94,1,13,0.375,310,1,63.38,1,12.86,310.26,0.375
2007,11,19,-28.41,0.875,763.51,1,7.5,0.25,296.25,1,64.75,1,5.75,303.2,0.25
2007,11,20,-25.05,0.75,762.3,1,5.67,0.375,265,1,71.13,1,4.91,275.01,0.375
2007,11,21,-29.3,0.5,761.75,1,11.33,0.375,295,0.75,62.38,1,11.2,291.48,0.375
2007,11,22,-30.44,0.625,761.1,1,15,0.75,305,1,63.88,1,14.82,308.21,0.75
2007,11,23,-29.57,0.375,760.19,0.875,12,0.375,300,0.875,67,0.875,11.96,303.89,0.375
2007,11,24,-28.33,0.5,756.47,1,15,0.875,300,0.5,65.13,1,13.65,305.5,0.375
2007,11,25,-23.57,0.75,757.06,1,4,0.25,287.5,1,70.75,1,3.99,311.25,0.25
2007,11,26,-21.94,0.875,760.72,1,3.6,0.625,232.5,1,73.13,1,2.52,272.18,0.625
2007,11,27,-26.35,0.75,761.21,1,12.57,0.875,293.75,1,63.63,1,12.17,292.9,0.875
2007,11,28,-25.18,0.75,757.81,1,6.4,0.625,277.5,1,66.88,1,5.54,283.5,0.625
2007,11,29,-24.95,1,756.39,1,8.25,0.5,240,0.625,67.5,1,5.98,265,0.25
2007,11,30,-22.94,1,760.37,1,11,0.25,174.29,0.875,76.13,1,9.64,181.05,0.25
2007,12,1,-22.78,1,764.19,1,5.33,0.375,215,1,69.38,1,5.21,184.98,0.375
2007,12,2,-25.78,0.75,757.48,1,NA,0.125,262.5,1,59.5,1,NA,NA,0.125
2007,12,3,-29.03,0.5,754.36,1,10.5,0.25,295,1,62,1,10.5,310,0.25
2007,12,4,-25.97,0.375,756.87,1,NA,0,256.25,1,63.88,1,NA,NA,0
2007,12,5,-27.37,0.375,757.16,1,NA,0,237.5,1,71.25,1,NA,NA,0
2007,12,6,-25.05,0.5,755.19,1,NA,0.125,290,1,66.88,1,NA,NA,0.125
2007,12,7,-25.43,0.75,757.24,1,8,0.375,282.5,1,65,1,7.58,285.23,0.375
2007,12,8,-25.92,0.5,755.34,1,10,0.25,290,1,62.75,1,9.97,287,0.25
2007,12,9,-25.58,0.5,753.99,1,16.25,0.5,308.75,1,63.5,1,15.7,303.82,0.5
2007,12,10,-25.28,0.75,754.52,1,13.29,0.875,308.75,1,62.13,1,12.96,306.15,0.875
2007,12,11,-23.88,0.75,761.2,1,10.5,0.25,256.25,1,66.5,1,9.87,290.99,0.25
2007,12,12,-22.64,0.625,759.64,1,8.67,0.75,286.25,1,65.38,1,7.97,293.66,0.75
2007,12,13,-21.95,0.5,757.64,1,11.67,0.375,287.5,1,69.13,1,11.46,290.06,0.375
2007,12,14,-20.98,0.5,759.25,1,5.2,0.625,256.25,1,67,1,4.17,269.99,0.625
2007,12,15,-18.55,0.5,767.13,1,8.33,0.375,270,1,68.38,1,6.26,284.19,0.375
2007,12,16,-20.23,0.375,766.03,1,NA,0.125,268.75,1,72.88,1,NA,NA,0.125
2007,12,17,-17.6,0.625,765.35,1,NA,0,180,1,79.13,1,NA,NA,0
2007,12,18,-16.73,1,765.29,1,5.2,0.625,211.25,1,66.63,1,3.24,192.3,0.625
2007,12,19,-16.8,0.625,760.2,1,5,0.375,215,1,69.29,0.875,4.98,285.33,0.375
2007,12,20,-18.9,0.625,756.45,1,8,0.375,258.75,1,68.63,1,7.52,270,0.375
2007,12,21,-20.2,0.25,761.71,1,NA,0.125,290,1,71.63,1,NA,NA,0.125
2007,12,22,-16.14,0.875,764,1,NA,0.125,180,0.625,81.63,1,NA,NA,0.125
2007,12,23,-18.1,0.75,766.7,1,NA,0,223.75,1,68.13,1,NA,NA,0
2007,12,24,-20.58,0.5,762.05,1,7.75,0.5,290,1,62.13,1,6.93,284.59,0.5
2007,12,25,NA,0.125,758.31,1,2.67,0.375,205,1,68.75,1,0,284.59,0.375
2007,12,26,-17.16,1,762.63,1,10,0.25,126.25,1,81.63,1,9.85,111.01,0.25
2007,12,27,-20.16,1,768.37,1,4.5,0.5,256.25,1,75.63,1,4.08,256.95,0.5
2007,12,28,-17.59,0.875,768.35,1,NA,0.125,152.5,1,76.5,1,NA,NA,0.125
2007,12,29,-17.82,0.75,769.29,1,11.5,0.25,207.5,1,78.5,1,1.12,61.43,0.25
2007,12,30,-19.13,1,767.58,1,6,0.5,258.75,1,73.5,1,4.92,270.43,0.5
2007,12,31,-20.29,0.875,765.75,1,8.5,0.5,255,1,72,1,7.99,290.34,0.5
2008,1,1,-19.65,0.5,764.25,1,NA,0.125,175.71,0.875,70.13,1,NA,NA,0.125
2008,1,2,-20.13,1,764.58,1,16,0.25,170,0.375,78.13,1,NA,NA,0.125
2008,1,3,-20.81,1,761.22,1,5.5,0.5,181.25,1,73.5,1,5.38,171.22,0.5
2008,1,4,-20.43,1,764.1,1,7.67,0.375,167.5,1,77.25,1,4.66,175.6,0.375
2008,1,5,-18.93,0.875,769.1,1,NA,0,206.25,1,76.71,0.875,NA,NA,0
2008,1,6,-17.44,1,769.83,1,4.6,0.625,172.5,1,79.88,1,4.08,179.32,0.625
2008,1,7,-18.53,0.75,764.2,1,3.14,0.875,216.25,1,68.75,1,2.81,215.83,0.875
2008,1,8,-19.88,1,761.19,1,NA,0.125,174,0.625,76.25,1,NA,NA,0
2008,1,9,-15.44,1,762.73,1,NA,0,145,1,82.88,1,NA,NA,0
2008,1,10,-14.26,1,771.53,1,17,0.25,138.75,1,84,1,16.94,144.71,0.25
2008,1,11,-15.36,1,769.25,1,19,0.25,150,0.75,83.38,1,NA,NA,0
2008,1,12,-15.81,1,770.45,1,NA,0,174.29,0.875,81.38,1,NA,NA,0
2008,1,13,-18.73,0.75,770.64,1,NA,0.125,242.5,1,68,1,NA,NA,0.125
2008,1,14,-20.17,0.75,762.59,1,NA,0.125,225,1,71.5,1,NA,NA,0.125
2008,1,15,-21.26,0.875,758.19,1,6.75,0.5,236.25,1,69.25,1,5.91,242.82,0.5
2008,1,16,-17.95,0.75,761.5,1,6,0.5,240,1,73.88,1,5.81,279.53,0.5
2008,1,17,-17.97,0.875,764.5,1,11.8,0.625,282.5,0.5,72,1,10.18,289.67,0.375
2008,1,18,-18.86,0.625,763.25,1,14.5,0.5,295,0.75,69,1,12.58,288.54,0.25
2008,1,19,-20.62,0.625,762.99,1,12.75,0.5,287.14,0.875,70.75,1,12.52,290.26,0.375
2008,1,20,-20.86,0.625,764.69,1,14.17,0.75,298.75,1,67.88,1,13.83,296.15,0.75
2008,1,21,-23.2,0.5,765.13,1,9.25,0.5,267.5,1,66.25,1,8.78,291.1,0.5
2008,1,22,-23.22,0.625,763.59,1,9,0.375,275,1,65.5,1,8.98,288.52,0.375
2008,1,23,-23.25,1,763.81,1,10.75,0.5,286.25,1,66.75,1,10.04,285.37,0.5
2008,1,24,-24.5,0.625,766.04,1,8.5,0.25,283.75,1,66.63,1,8.26,281.3,0.25
2008,1,25,-25.16,0.625,765.55,1,12,0.375,293.75,1,69.13,1,11.89,306.15,0.375
2008,1,26,-24.78,0.5,763.61,1,13.67,0.375,290,1,64.38,1,13.49,295.82,0.375
2008,1,27,-25.28,0.5,767.28,1,NA,0,290,1,61,1,NA,NA,0
2008,1,28,-24.3,0.5,766.61,1,NA,0.125,302.5,1,60.25,1,NA,NA,0.125
2008,1,29,-27.75,0.25,761.04,1,4.67,0.375,268.75,1,64.88,1,4.67,300,0.375
2008,1,30,-26.77,0.75,757.64,1,11.67,0.375,290,0.625,62.13,1,11.34,291.55,0.375
2008,1,31,-27.05,1,755.98,1,11.75,0.5,305.71,0.875,63.13,1,11.72,302.12,0.5
2008,2,1,-23.96,1,759.49,1,6.33,0.375,240,1,72.88,1,5.4,290,0.375
2008,2,2,-26.46,0.625,761.91,1,6.67,0.375,278,0.625,62,1,5.49,252.57,0.375
2008,2,3,-28.62,0.5,759.3,1,8.75,0.5,290,1,62.63,1,8.59,290.35,0.5
2008,2,4,-30.18,0.75,760.64,1,12,0.625,291.25,1,63.63,1,11.83,294.65,0.625
2008,2,5,-31.24,0.875,760.31,1,11.25,0.5,302,0.625,62.63,1,9.87,303.36,0.375
2008,2,6,-29.79,0.875,755.29,1,14.67,0.375,308.75,1,63.75,1,14.48,304.13,0.375
2008,2,7,-29.68,0.625,756.66,1,9.5,0.5,278.75,1,61.63,1,9.38,289.2,0.5
2008,2,8,-26.1,0.875,755.07,1,6.67,0.375,186.67,0.375,70.75,1,NA,NA,0
2008,2,9,-24.11,0.875,752.99,1,NA,0.125,150,1,74.25,1,NA,NA,0.125
2008,2,10,-28.16,0.625,754.57,1,NA,0.125,202.5,1,68.5,1,NA,NA,0.125
2008,2,11,-31.2,0.75,756.93,1,8,0.625,280,1,60.25,1,7.76,285.69,0.625
2008,2,12,-26.5,0.5,755.15,1,14.5,0.25,297.5,1,66.13,1,14.05,309.75,0.25
2008,2,13,-26.13,0.375,754.52,1,NA,0,283.75,1,64,1,NA,NA,0
2008,2,14,-32.84,0.875,757.28,1,9,0.375,262.5,0.5,59.88,1,NA,NA,0.125
2008,2,15,-30.82,0.625,760.38,1,NA,0.125,240,1,63.38,1,NA,NA,0.125
2008,2,16,-34.49,0.875,761.3,1,9.67,0.375,287.5,1,57.88,1,9.44,286.24,0.375
2008,2,17,-38.38,0.5,760.56,1,16.8,0.625,302.5,1,52.38,1,16.7,299.52,0.625
2008,2,18,-37.73,0.375,760.35,1,13.2,0.625,295,0.5,53.25,1,NA,NA,0.125
2008,2,19,-32.67,0.375,758.56,1,6.5,0.5,293.75,1,62.88,1,6.42,293.44,0.5
2008,2,20,-38.28,0.75,754.73,1,15.67,0.375,303.75,1,57,1,15.62,297.66,0.375
2008,2,21,-40.23,0.875,750.34,1,NA,0.125,301.25,1,56.38,1,NA,NA,0.125
2008,2,22,-36.7,0.5,758.75,1,12.67,0.375,297.5,1,61,1,12.54,300,0.375
2008,2,23,-33.39,1,763.56,1,16.6,0.625,307.5,1,61.63,1,16.43,306,0.625
2008,2,24,-34.1,0.875,762.3,1,18.8,0.625,306.67,0.375,60.13,1,NA,NA,0
2008,2,25,-35.65,0.5,765.49,1,18,0.25,300,0.875,59.63,1,NA,NA,0.125
2008,2,26,-26.44,0.625,767.64,1,9.67,0.375,288.57,0.875,72.38,1,7.73,269.7,0.25
2008,2,27,-31.34,0.875,769.6,1,14,0.875,291.67,0.75,67.5,1,14.68,292.58,0.625
2008,2,28,-29.52,0.625,768.8,1,NA,0,310,1,65.88,1,NA,NA,0
2008,2,29,-36.92,0.75,764.7,1,18.67,0.375,300,1,53.38,1,18.47,300.18,0.375
2008,3,1,-39.41,0.875,769.15,1,17,0.25,301.25,1,55.5,1,17,300,0.25
2008,3,2,-36.82,0.625,771.19,1,NA,0,301.25,1,57.75,1,NA,NA,0
2008,3,3,-36.74,0.875,762.26,1,18,0.625,300,0.75,59,1,17.62,300,0.5
2008,3,4,-33.61,0.875,757.44,1,15.5,0.5,295.71,0.875,63,1,13.7,297.67,0.375
2008,3,5,-30.6,0.875,761.74,1,11.4,0.625,305,0.75,68.75,1,10.63,312.81,0.375
2008,3,6,-35.73,0.875,760.5,1,17.4,0.625,300,0.625,62.25,1,17.73,301.12,0.25
2008,3,7,-32.14,1,758.13,1,8,0.625,252.5,1,65.38,1,4.49,257.24,0.625
2008,3,8,-27.11,1,760.48,1,6.67,0.75,176.25,1,71.75,1,6,153.11,0.75
2008,3,9,-29.1,1,763.79,1,10.88,1,292.5,1,66.5,1,10.81,293.34,1
2008,3,10,-33.51,1,761.43,1,17.2,0.625,302.5,1,61.5,1,17.07,302.57,0.625
2008,3,11,-38.64,1,757.31,1,14.33,0.375,302,0.625,57.88,1,NA,NA,0.125
2008,3,12,-33.25,0.25,752.64,1,2.67,0.375,180,0.875,63.88,1,1.22,4.66,0.375
2008,3,13,-37.41,1,757,1,8.14,0.875,293.75,1,60.5,1,8.08,295.42,0.875
2008,3,14,-40.24,0.875,762.68,1,15,0.375,293.75,1,56.13,1,14.68,309.4,0.375
2008,3,15,-46.94,1,759.54,1,NA,0.125,297.5,1,50.25,1,NA,NA,0.125
2008,3,16,-48.58,0.625,759.19,1,24,0.25,292.5,1,49,1,23.64,299.16,0.25
2008,3,17,-47.06,1,757.65,1,19.5,0.25,306,0.625,49.5,1,NA,NA,0.125
2008,3,18,-46.7,0.625,753.82,1,21,0.375,295,0.25,50.25,1,NA,NA,0
2008,3,19,-45.2,1,757.65,1,18,0.5,317.5,1,51.75,1,17.93,315,0.5
2008,3,20,-44.78,1,756.61,1,17.33,0.375,311.67,0.75,52,1,17.17,309.81,0.375
2008,3,21,-46.36,1,751.58,1,19.5,0.25,305.71,0.875,50.25,1,19.43,305.39,0.25
2008,3,22,-47.44,0.875,754.08,1,13,0.5,300,1,49.13,1,12.7,299.53,0.5
2008,3,23,-44.22,0.625,752.79,1,17.2,0.625,284,0.625,57.38,1,15.62,313.93,0.375
2008,3,24,-22.34,0.875,756.96,1,NA,0,160,1,76.75,1,NA,NA,0
2008,3,25,-27.35,0.75,769.61,1,NA,0.125,263.75,1,69.5,1,NA,NA,0.125
2008,3,26,-36.06,0.625,768.24,1,19.25,0.5,300,0.625,62.5,1,20.68,310.96,0.25
2008,3,27,-36.85,1,764.61,1,12.5,0.5,297.5,1,61.25,1,12.15,297.77,0.5
2008,3,28,-41.31,1,767.44,1,16.33,0.375,315,1,54.38,1,15.91,314.88,0.375
2008,3,29,-34.77,0.75,768.44,1,14,0.25,291.25,1,56.63,1,13.95,285.36,0.25
2008,3,30,-35.2,0.875,771.38,1,14.6,0.625,278.75,1,58.88,1,14.47,277.8,0.625
2008,3,31,-34.63,1,774.47,1,12.8,0.625,281.25,1,58.88,1,12.7,278.43,0.625
2008,4,1,-40.49,0.875,772.06,1,14.83,0.75,293.75,1,53.38,1,14.54,291.08,0.75
2008,4,2,-44.6,0.875,759.64,1,15.5,0.25,306,0.625,52,1,NA,NA,0.125
2008,4,3,-45.23,0.875,751.41,1,22.25,0.5,305,1,52,1,22.17,305.17,0.5
2008,4,4,-47.16,1,751.64,1,17,0.375,305,0.5,49.38,1,NA,NA,0
2008,4,5,-43.9,1,757.37,1,24.5,0.5,305,1,53.25,1,24.09,308.41,0.5
2008,4,6,-44.91,0.875,759.96,1,18,0.5,293.75,1,53.13,1,17.95,297.37,0.5
2008,4,7,-37.17,0.75,765.1,1,8,0.375,291.25,1,60.13,1,7.89,287.48,0.375
2008,4,8,-42.03,1,766.1,1,14.71,0.875,295,0.25,54.75,1,10.96,294.54,0.25
2008,4,9,-44.81,1,764.08,1,19.17,0.75,297.5,0.5,52.25,1,17.28,296.73,0.375
2008,4,10,-44.36,1,764.06,1,20,0.875,296.67,0.375,52.5,1,20.42,294.88,0.25
2008,4,11,-40.89,1,771.94,1,16.5,0.25,303.75,1,56.63,1,16.25,300.31,0.25
2008,4,12,-43.68,1,758.81,1,21.5,0.25,307.5,0.5,53.38,1,NA,NA,0.125
2008,4,13,-47.39,1,753.61,1,NA,0,315,1,49.63,1,NA,NA,0
2008,4,14,-42.43,1,750.88,1,19.25,0.5,310,0.625,54.75,1,18.93,315,0.25
2008,4,15,-34.13,0.875,757.36,1,11.67,0.75,301.25,1,64.38,1,11.51,297.45,0.75
2008,4,16,-39.37,0.75,760.09,1,21,0.5,300,0.375,59.25,1,NA,NA,0.125
2008,4,17,-42.55,1,763.7,1,19.5,0.5,298,0.625,55.25,1,19.27,296.56,0.375
2008,4,18,-44.41,1,764.6,1,21.33,0.375,310,0.625,53.13,1,21.17,310.23,0.25
2008,4,19,-44.54,1,757.28,1,18,0.25,305,0.75,49.88,1,17.93,295.28,0.25
2008,4,20,-48.04,1,750.82,1,18,0.75,305,0.5,48.25,1,17.93,305.28,0.5
2008,4,21,-47.38,1,752.53,1,14.67,0.75,300,0.375,49.13,1,13.86,300.72,0.375
2008,4,22,-49.86,1,754.05,1,21.8,0.625,NA,0,46.63,1,NA,NA,0
2008,4,23,-51.1,1,760.14,1,20.71,0.875,NA,0.125,45,1,NA,NA,0.125
2008,4,24,-47.34,1,771.3,1,20.17,0.75,316.67,0.75,49,1,19.64,315.5,0.5
2008,4,25,-43.6,1,775.73,1,18,0.25,314,0.625,53,1,NA,NA,0
2008,4,26,-35.84,1,776.46,1,13.83,0.75,294.29,0.875,61.13,1,13.79,293.25,0.75
2008,4,27,-33.43,1,776.03,1,14.14,0.875,300,1,64,1,14.02,299.8,0.875
2008,4,28,-33.76,0.625,778.38,1,18.5,0.5,295,0.75,61.5,1,18.41,296.76,0.375
2008,4,29,-37.16,0.875,777.86,1,13.33,0.75,293.75,1,52,1,13.16,296.15,0.75
2008,4,30,-40.57,0.75,774.69,1,11,0.25,302.5,1,53.75,1,10.63,296.4,0.25
2008,5,1,-44.78,1,764.88,1,NA,0,316.25,1,52.63,1,NA,NA,0
2008,5,2,-45.79,1,768.05,1,19.5,0.25,313.75,1,51.38,1,19.5,310,0.25
2008,5,3,-44.3,0.375,764.7,0.375,NA,0,NA,0,53,0.375,NA,NA,0
2008,5,4,NA,0,NA,0,NA,0,NA,0,NA,0,NA,NA,0
2008,5,5,NA,0,NA,0,NA,0,NA,0,NA,0,NA,NA,0
2008,5,6,NA,0,NA,0,NA,0,NA,0,NA,0,NA,NA,0
2008,5,7,NA,0,NA,0,NA,0,NA,0,NA,0,NA,NA,0
2008,5,8,NA,0,NA,0,NA,0,NA,0,NA,0,NA,NA,0
2008,5,9,NA,0,NA,0,NA,0,NA,0,NA,0,NA,NA,0
2008,5,10,NA,0,NA,0,NA,0,NA,0,NA,0,NA,NA,0
2008,5,11,NA,0,NA,0,NA,0,NA,0,NA,0,NA,NA,0
2008,5,12,NA,0,NA,0,NA,0,NA,0,NA,0,NA,NA,0
2008,5,13,NA,0,NA,0,NA,0,NA,0,NA,0,NA,NA,0
2008,5,14,NA,0,NA,0,NA,0,NA,0,NA,0,NA,NA,0
2008,5,15,NA,0,NA,0,NA,0,NA,0,NA,0,NA,NA,0
2008,5,16,NA,0,NA,0,NA,0,NA,0,NA,0,NA,NA,0
2008,5,17,NA,0,NA,0,NA,0,NA,0,NA,0,NA,NA,0
2008,5,18,NA,0,NA,0,NA,0,NA,0,NA,0,NA,NA,0
2008,5,19,NA,0,NA,0,NA,0,NA,0,NA,0,NA,NA,0
2008,5,20,NA,0,NA,0,NA,0,NA,0,NA,0,NA,NA,0
2008,5,21,NA,0,NA,0,NA,0,NA,0,NA,0,NA,NA,0
2008,5,22,NA,0,NA,0,NA,0,NA,0,NA,0,NA,NA,0
2008,5,23,NA,0,NA,0,NA,0,NA,0,NA,0,NA,NA,0
2008,5,24,NA,0,NA,0,NA,0,NA,0,NA,0,NA,NA,0
2008,5,25,NA,0,NA,0,NA,0,NA,0,NA,0,NA,NA,0
2008,5,26,NA,0,NA,0,NA,0,NA,0,NA,0,NA,NA,0
2008,5,27,NA,0,NA,0,NA,0,NA,0,NA,0,NA,NA,0
2008,5,28,NA,0,NA,0,NA,0,NA,0,NA,0,NA,NA,0
2008,5,29,NA,0,NA,0,NA,0,NA,0,NA,0,NA,NA,0
2008,5,30,NA,0,NA,0,NA,0,NA,0,NA,0,NA,NA,0
2008,5,31,NA,0,NA,0,NA,0,NA,0,NA,0,NA,NA,0
2008,6,1,NA,0,NA,0,NA,0,NA,0,NA,0,NA,NA,0
2008,6,2,NA,0,NA,0,NA,0,NA,0,NA,0,NA,NA,0
2008,6,3,NA,0,NA,0,NA,0,NA,0,NA,0,NA,NA,0
2008,6,4,NA,0,NA,0,NA,0,NA,0,NA,0,NA,NA,0
2008,6,5,NA,0,NA,0,NA,0,NA,0,NA,0,NA,NA,0
2008,6,6,NA,0,NA,0,NA,0,NA,0,NA,0,NA,NA,0
2008,6,7,NA,0,NA,0,NA,0,NA,0,NA,0,NA,NA,0
2008,6,8,NA,0,NA,0,NA,0,NA,0,NA,0,NA,NA,0
2008,6,9,NA,0,NA,0,NA,0,NA,0,NA,0,NA,NA,0
2008,6,10,NA,0,NA,0,NA,0,NA,0,NA,0,NA,NA,0
2008,6,11,NA,0,NA,0,NA,0,NA,0,NA,0,NA,NA,0
2008,6,12,NA,0,NA,0,NA,0,NA,0,NA,0,NA,NA,0
2008,6,13,NA,0,NA,0,NA,0,NA,0,NA,0,NA,NA,0
2008,6,14,NA,0,NA,0,NA,0,NA,0,NA,0,NA,NA,0
2008,6,15,NA,0,NA,0,NA,0,NA,0,NA,0,NA,NA,0
2008,6,16,NA,0,NA,0,NA,0,NA,0,NA,0,NA,NA,0
2008,6,17,NA,0,NA,0,NA,0,NA,0,NA,0,NA,NA,0
2008,6,18,NA,0,NA,0,NA,0,NA,0,NA,0,NA,NA,0
2008,6,19,NA,0,NA,0,NA,0,NA,0,NA,0,NA,NA,0
2008,6,20,NA,0,NA,0,NA,0,NA,0,NA,0,NA,NA,0
2008,6,21,NA,0,NA,0,NA,0,NA,0,NA,0,NA,NA,0
2008,6,22,NA,0,NA,0,NA,0,NA,0,NA,0,NA,NA,0
2008,6,23,NA,0,NA,0,NA,0,NA,0,NA,0,NA,NA,0
2008,6,24,NA,0,NA,0,NA,0,NA,0,NA,0,NA,NA,0
2008,6,25,NA,0,NA,0,NA,0,NA,0,NA,0,NA,NA,0
2008,6,26,NA,0,NA,0,NA,0,NA,0,NA,0,NA,NA,0
2008,6,27,NA,0,NA,0,NA,0,NA,0,NA,0,NA,NA,0
2008,6,28,NA,0,NA,0,NA,0,NA,0,NA,0,NA,NA,0
2008,6,29,NA,0,NA,0,NA,0,NA,0,NA,0,NA,NA,0
2008,6,30,NA,0,NA,0,NA,0,NA,0,NA,0,NA,NA,0
2008,7,1,NA,0,NA,0,NA,0,NA,0,NA,0,NA,NA,0
2008,7,2,NA,0,NA,0,NA,0,NA,0,NA,0,NA,NA,0
2008,7,3,NA,0,NA,0,NA,0,NA,0,NA,0,NA,NA,0
2008,7,4,NA,0,NA,0,NA,0,NA,0,NA,0,NA,NA,0
2008,7,5,NA,0,NA,0,NA,0,NA,0,NA,0,NA,NA,0
2008,7,6,NA,0,NA,0,NA,0,NA,0,NA,0,NA,NA,0
2008,7,7,NA,0,NA,0,NA,0,NA,0,NA,0,NA,NA,0
2008,7,8,NA,0,NA,0,NA,0,NA,0,NA,0,NA,NA,0
2008,7,9,NA,0,NA,0,NA,0,NA,0,NA,0,NA,NA,0
2008,7,10,NA,0,NA,0,NA,0,NA,0,NA,0,NA,NA,0
2008,7,11,NA,0,NA,0,NA,0,NA,0,NA,0,NA,NA,0
2008,7,12,NA,0,NA,0,NA,0,NA,0,NA,0,NA,NA,0
2008,7,13,NA,0,NA,0,NA,0,NA,0,NA,0,NA,NA,0
2008,7,14,NA,0,NA,0,NA,0,NA,0,NA,0,NA,NA,0
2008,7,15,NA,0,NA,0,NA,0,NA,0,NA,0,NA,NA,0
2008,7,16,NA,0,NA,0,NA,0,NA,0,NA,0,NA,NA,0
2008,7,17,NA,0,NA,0,NA,0,NA,0,NA,0,NA,NA,0
2008,7,18,NA,0,NA,0,NA,0,NA,0,NA,0,NA,NA,0
2008,7,19,NA,0,NA,0,NA,0,NA,0,NA,0,NA,NA,0
2008,7,20,NA,0,NA,0,NA,0,NA,0,NA,0,NA,NA,0
2008,7,21,NA,0,NA,0,NA,0,NA,0,NA,0,NA,NA,0
2008,7,22,NA,0,NA,0,NA,0,NA,0,NA,0,NA,NA,0
2008,7,23,NA,0,NA,0,NA,0,NA,0,NA,0,NA,NA,0
2008,7,24,NA,0,NA,0,NA,0,NA,0,NA,0,NA,NA,0
2008,7,25,NA,0,NA,0,NA,0,NA,0,NA,0,NA,NA,0
2008,7,26,NA,0,NA,0,NA,0,NA,0,NA,0,NA,NA,0
2008,7,27,NA,0,NA,0,NA,0,NA,0,NA,0,NA,NA,0
2008,7,28,NA,0,NA,0,NA,0,NA,0,NA,0,NA,NA,0
2008,7,29,NA,0,NA,0,NA,0,NA,0,NA,0,NA,NA,0
2008,7,30,NA,0,NA,0,NA,0,NA,0,NA,0,NA,NA,0
2008,7,31,NA,0,NA,0,NA,0,NA,0,NA,0,NA,NA,0
2008,8,1,NA,0,NA,0,NA,0,NA,0,NA,0,NA,NA,0
2008,8,2,NA,0,NA,0,NA,0,NA,0,NA,0,NA,NA,0
2008,8,3,NA,0,NA,0,NA,0,NA,0,NA,0,NA,NA,0
2008,8,4,NA,0,NA,0,NA,0,NA,0,NA,0,NA,NA,0
2008,8,5,NA,0,NA,0,NA,0,NA,0,NA,0,NA,NA,0
2008,8,6,NA,0,NA,0,NA,0,NA,0,NA,0,NA,NA,0
2008,8,7,NA,0,NA,0,NA,0,NA,0,NA,0,NA,NA,0
2008,8,8,NA,0,NA,0,NA,0,NA,0,NA,0,NA,NA,0
2008,8,9,NA,0,NA,0,NA,0,NA,0,NA,0,NA,NA,0
2008,8,10,NA,0,NA,0,NA,0,NA,0,NA,0,NA,NA,0
2008,8,11,NA,0,NA,0,NA,0,NA,0,NA,0,NA,NA,0
2008,8,12,NA,0,NA,0,NA,0,NA,0,NA,0,NA,NA,0
2008,8,13,NA,0,NA,0,NA,0,NA,0,NA,0,NA,NA,0
2008,8,14,NA,0,NA,0,NA,0,NA,0,NA,0,NA,NA,0
2008,8,15,NA,0,NA,0,NA,0,NA,0,NA,0,NA,NA,0
2008,8,16,NA,0,NA,0,NA,0,NA,0,NA,0,NA,NA,0
2008,8,17,NA,0,NA,0,NA,0,NA,0,NA,0,NA,NA,0
2008,8,18,NA,0,NA,0,NA,0,NA,0,NA,0,NA,NA,0
2008,8,19,NA,0,NA,0,NA,0,NA,0,NA,0,NA,NA,0
2008,8,20,NA,0,NA,0,NA,0,NA,0,NA,0,NA,NA,0
2008,8,21,NA,0,NA,0,NA,0,NA,0,NA,0,NA,NA,0
2008,8,22,NA,0,NA,0,NA,0,NA,0,NA,0,NA,NA,0
2008,8,23,NA,0,NA,0,NA,0,NA,0,NA,0,NA,NA,0
2008,8,24,NA,0,NA,0,NA,0,NA,0,NA,0,NA,NA,0
2008,8,25,NA,0,NA,0,NA,0,NA,0,NA,0,NA,NA,0
2008,8,26,NA,0,NA,0,NA,0,NA,0,NA,0,NA,NA,0
2008,8,27,NA,0,NA,0,NA,0,NA,0,NA,0,NA,NA,0
2008,8,28,NA,0,NA,0,NA,0,NA,0,NA,0,NA,NA,0
2008,8,29,NA,0,NA,0,NA,0,NA,0,NA,0,NA,NA,0
2008,8,30,-46.28,0.625,751.32,0.625,NA,0,310,0.625,47.6,0.625,NA,NA,0
2008,8,31,-44.93,0.5,746.6,0.5,NA,0,255,0.5,51.75,0.5,NA,NA,0
2008,9,1,-44.8,1,772.5,1,17,0.625,305,0.75,42.13,1,16.37,308.95,0.5
2008,9,2,-39.26,0.625,766.5,0.625,17.4,0.625,288,0.625,50,0.625,17.24,288.38,0.625
2008,9,3,-45.43,1,763.35,1,18.8,0.625,308,0.625,46.5,1,19,310,0.25
2008,9,4,-46.29,1,751.38,1,19.2,0.625,311.25,1,46.63,1,18.91,314.05,0.625
2008,9,5,-47.58,1,745.21,1,18,0.25,293.33,0.375,48.63,1,NA,NA,0.125
2008,9,6,-44.39,1,751.26,1,19.5,0.25,300,1,52.38,1,19.43,294.87,0.25
2008,9,7,-48.1,1,759.06,1,18.75,0.5,307.5,1,48.38,1,18.68,305.07,0.5
2008,9,8,-44.32,0.75,765.75,1,NA,0.125,317.5,1,52.75,1,NA,NA,0.125
2008,9,9,-42.88,1,761.18,1,17,0.25,305,1,49.38,1,17,300,0.25
2008,9,10,-46.18,1,760.65,1,NA,0.125,311.43,0.875,50.25,1,NA,NA,0
2008,9,11,-43.59,1,760,1,16.2,0.625,315,0.75,52.75,1,15.6,313.99,0.5
2008,9,12,-43.96,0.875,757.15,1,NA,0,302.5,1,52.38,1,NA,NA,0
2008,9,13,-43.68,0.75,755.36,1,15.83,0.75,303.33,0.375,53.38,1,16.44,305.15,0.25
2008,9,14,-42.25,1,755.74,1,16.17,0.75,304,0.625,54.63,1,15.51,299.79,0.375
2008,9,15,-45.96,1,756.72,1,23.17,0.75,306.67,0.375,50.75,1,21.93,306.97,0.375
2008,9,16,-49.24,1,756.2,1,22,0.5,314,0.625,47.13,1,21.75,315.04,0.5
2008,9,17,-51.88,1,750.93,1,23.4,0.625,NA,0,44,1,NA,NA,0
2008,9,18,-51.65,1,753.76,1,21.83,0.75,305.71,0.875,44.13,1,21.32,306.08,0.625
2008,9,19,-43.57,1,764.97,1,NA,0.125,298.75,1,52.88,1,NA,NA,0.125
2008,9,20,-37.46,0.875,764.96,1,NA,0,271.25,1,57.38,1,NA,NA,0
2008,9,21,-40.68,0.5,754.1,1,NA,0.125,291.25,1,52.5,1,NA,NA,0.125
2008,9,22,-43.13,0.5,748.74,1,15.33,0.375,303.75,1,55.75,1,15.12,296.93,0.375
2008,9,23,-48.91,1,746.56,1,19.5,0.75,308.75,1,47.88,1,19.37,308.46,0.75
2008,9,24,-45.18,1,746.05,1,20.29,0.875,302.5,1,51.5,1,20.05,302.84,0.875
2008,9,25,-44.45,1,744.45,1,18.43,0.875,298.75,1,52.25,1,18.35,299.92,0.875
2008,9,26,-47.8,1,743.64,1,19.8,0.625,297.5,1,48.5,1,19.68,300.2,0.625
2008,9,27,-47.13,0.875,752.94,1,19.62,1,300,1,49.5,1,19.47,300.51,1
2008,9,28,-48.11,1,756.26,1,18,1,298.57,0.875,48,1,17.89,298.81,0.875
2008,9,29,-48.01,1,752.93,1,18.38,1,NA,0.125,48,1,NA,NA,0.125
2008,9,30,-43.42,0.75,753.53,1,20,0.75,303.33,0.375,52.75,1,19.27,303.44,0.375
2008,10,1,-46.01,1,748.57,1,23,0.25,305,1,50.38,1,22.91,305.44,0.25
2008,10,2,-46.56,0.625,747.76,1,19.29,0.875,300,0.625,50.88,1,18.89,299.68,0.625
2008,10,3,-47.2,0.875,748.54,1,14.29,0.875,290,0.25,49.88,1,14.5,290,0.25
2008,10,4,-38.5,0.75,755.45,1,NA,0.125,234,0.625,58.38,1,NA,NA,0.125
2008,10,5,-40.34,1,761.36,1,13.86,0.875,297.5,1,55.5,1,13.69,296.78,0.875
2008,10,6,-37.23,1,755.85,1,13.4,0.625,288.75,1,58.88,1,13.04,296.6,0.625
2008,10,7,-38.7,0.875,747.51,1,17,0.75,295,0.75,57.75,1,17.12,289.27,0.5
2008,10,8,-40.28,0.75,744.38,1,NA,0,282.5,1,58.25,1,NA,NA,0
2008,10,9,-36.5,0.375,744.1,1,NA,0,276.25,1,55.13,1,NA,NA,0
2008,10,10,-43.73,0.5,745.38,1,14.67,0.375,295,1,53.25,1,14.52,290.23,0.375
2008,10,11,-44.82,0.75,748.96,1,20.75,0.5,NA,0.125,50.75,1,NA,NA,0
2008,10,12,-39.88,0.5,757.26,1,19,0.375,301.25,1,48.25,1,18.82,300,0.375
2008,10,13,-34.38,0.625,759.86,1,10.33,0.375,276.25,1,58.13,1,10.21,274.88,0.375
2008,10,14,-31.95,0.75,755.55,1,13.33,0.375,294.29,0.875,60.88,1,13.2,288.74,0.375
2008,10,15,-22.48,0.5,749.32,1,NA,0,285,0.5,65,1,NA,NA,0
2008,10,16,-41.83,0.75,745.08,1,19.33,0.375,295,0.75,50.75,1,19,290,0.25
2008,10,17,-43.11,0.875,747.95,1,13.8,0.625,277.5,0.5,50.75,1,NA,NA,0.125
2008,10,18,-38.73,0.875,752.94,1,13.33,0.75,294.29,0.875,55.5,1,13.55,296.33,0.625
2008,10,19,-36.43,0.875,751.76,1,8,0.375,281.25,1,60.25,1,7.98,277.92,0.375
2008,10,20,-34.06,0.875,753.64,1,4.25,1,215,1,64.75,1,3.24,207.97,1
2008,10,21,-34.85,1,753.37,1,6,0.625,276.25,1,60.5,1,5.83,276.21,0.625
2008,10,22,-35.56,0.875,751.51,1,6.33,0.375,266.25,1,57.38,1,6.04,279.78,0.375
2008,10,23,-36.81,0.875,750.53,1,12.71,0.875,290,0.875,56.88,1,12.2,290.82,0.75
2008,10,24,-37.28,0.5,749.01,1,11.33,0.75,298.33,0.75,58.5,1,11.16,300.89,0.5
2008,10,25,-32.76,0.625,753.58,1,10.4,0.625,246.25,1,63.88,1,7.14,268.87,0.625
2008,10,26,-33.77,0.875,753.09,1,11.4,0.625,293.75,1,61.88,1,11.08,296.42,0.625
2008,10,27,-31.28,0.625,752.76,1,NA,0.125,285,1,66.38,1,NA,NA,0.125
2008,10,28,-39.12,0.75,752.12,1,14,0.25,306.25,1,56.88,1,13.95,305,0.25
2008,10,29,-40.17,0.375,752.16,1,16.33,0.375,306.25,1,56.88,1,16.28,307.35,0.375
2008,10,30,-36.37,0.75,750.63,1,20,0.25,304.29,0.875,60.25,1,NA,NA,0.125
2008,10,31,-38,0.5,752.62,1,13.33,0.75,293.33,0.75,59.63,1,13.23,293.76,0.75
2008,11,1,-31.82,0.75,755.94,1,8.5,0.25,166.25,1,66.75,1,8.47,174.71,0.25
2008,11,2,-29,1,759.91,1,14.5,0.25,158,0.625,70.13,1,NA,NA,0.125
2008,11,3,-29.5,1,764.45,1,NA,0.125,208.75,1,68.75,1,NA,NA,0.125
2008,11,4,-31.22,0.75,769.28,1,NA,0,270,1,60.88,1,NA,NA,0
2008,11,5,-35.64,0.625,766.34,1,NA,0.125,295,1,58.38,1,NA,NA,0.125
2008,11,6,-33.82,0.625,767.98,1,16.2,0.625,304,0.625,61.25,1,12.95,304.61,0.25
2008,11,7,-31.8,0.375,767.66,1,14.75,0.5,301.67,0.75,64.13,1,14.51,301.37,0.375
2008,11,8,-28.6,0.375,766.3,1,17.83,0.75,308,0.625,56.88,1,18.93,313.68,0.375
2008,11,9,-27.75,0.5,771.7,1,NA,0,272.5,1,55.13,1,NA,NA,0
2008,11,10,-23.03,0.5,765.71,1,NA,0.125,273.75,1,59.25,1,NA,NA,0.125
2008,11,11,-27.66,0.625,758.7,1,NA,0,241.25,1,58.75,1,NA,NA,0
2008,11,12,-29.32,0.625,758.68,1,NA,0.125,247.5,0.5,61.25,1,NA,NA,0
2008,11,13,-27.07,0.75,760.68,1,9,0.5,283.75,1,56,1,7.92,308.9,0.5
2008,11,14,-27.3,0.25,761.2,1,13.67,0.375,306.25,1,55.38,1,13.67,300,0.375
2008,11,15,-28.5,0.5,761.3,1,5.5,0.5,215,1,62.38,1,4.99,192.52,0.5
2008,11,16,-30.14,0.625,761.82,1,NA,0.125,257.5,1,62.63,1,NA,NA,0.125
2008,11,17,-30.32,0.5,758.61,1,16.33,0.375,308.75,1,61.13,1,16.18,309.59,0.375
2008,11,18,-28.45,0.25,761.44,1,NA,0.125,291.25,1,60.13,1,NA,NA,0.125
2008,11,19,-27.73,0.375,762.56,1,NA,0.125,273.75,1,52.25,1,NA,NA,0.125
2008,11,20,-29.3,0.5,760.65,1,NA,0.125,281.67,0.75,60.13,1,NA,NA,0
2008,11,21,-27.95,0.25,752.41,0.875,11.33,0.375,288.57,0.875,61.13,1,11.29,284.12,0.375
2008,11,22,-27.3,0.25,752.55,1,14.67,0.375,308.75,1,64.75,1,14.08,320.46,0.375
2008,11,23,-27.45,0.5,755.46,1,3.5,0.25,223.75,1,68,1,2.7,296.84,0.25
2008,11,24,-27.42,0.625,757.44,1,5,0.25,256.25,1,67,1,4.84,271.93,0.25
2008,11,25,-26.2,0.625,755.84,1,12,0.25,240,1,63.13,1,6.54,253.41,0.25
2008,11,26,-28.44,0.625,751.86,1,NA,0.125,292.5,1,65.5,1,NA,NA,0.125
2008,11,27,-28.7,0.5,753.11,1,NA,0.125,270,1,69.63,1,NA,NA,0.125
2008,11,28,-24.15,0.5,753.23,1,NA,0,283.75,1,66.75,1,NA,NA,0
2008,11,29,-24.7,0.75,753.3,1,7.67,0.375,275,1,66.75,1,7.36,271.62,0.375
2008,11,30,-23.53,0.5,762.98,1,NA,0.125,297.5,1,61.13,1,NA,NA,0.125
2008,12,1,-22.4,0.875,766.69,1,14,0.25,307.5,1,65.63,1,13.53,322.81,0.25
2008,12,2,-24.13,0.75,756.3,1,NA,0.125,258.75,1,63,1,NA,NA,0.125
2008,12,3,-26.57,0.375,751,1,11.67,0.375,282.5,1,63,1,11.49,291.78,0.375
2008,12,4,-25.9,0.5,753.96,1,9.67,0.375,275,1,64.5,1,9.51,290.4,0.375
2008,12,5,-24.33,0.375,759.88,1,9,0.375,276.25,1,64.75,1,7.44,282,0.375
2008,12,6,-24.35,0.5,758.14,1,12,0.25,282.5,1,63,1,11.95,305.42,0.25
2008,12,7,-24.63,0.375,762.86,1,12.5,0.25,296.25,1,63.88,1,10.9,286.59,0.25
2008,12,8,-20.83,0.5,758.74,1,6.75,0.5,278.75,1,63,1,6.71,282.22,0.5
2008,12,9,-20.42,0.625,756.5,1,5.8,0.625,235,1,63.75,1,3.64,267.92,0.625
2008,12,10,-20.53,0.375,761.89,1,7.6,0.625,270,1,61.25,1,6.94,267.22,0.625
2008,12,11,-18.4,0.625,756.53,1,4.4,0.625,210,1,67,1,2.98,234.38,0.625
2008,12,12,-17.66,1,757.24,1,11.6,0.625,126.67,0.375,79.5,1,9.56,124.79,0.375
2008,12,13,-18.29,1,762.08,1,14.5,0.75,153.33,0.375,79.38,1,16.5,150,0.25
2008,12,14,-19,1,760.1,1,11,0.5,186,0.625,78,1,7.47,175.33,0.25
2008,12,15,-19.13,0.875,762.45,1,7,0.375,220,1,69.75,1,6.97,156.19,0.375
2008,12,16,-21.8,0.625,765.05,1,8.5,0.25,286.25,1,65.88,1,8.21,264.1,0.25
2008,12,17,-22.27,0.75,766.36,1,12.67,0.375,260,0.625,68.75,1,NA,NA,0.125
2008,12,18,-20.5,0.375,770.5,1,NA,0.125,275,1,69.25,1,NA,NA,0.125
2008,12,19,-19.8,0.5,772.24,1,NA,0,258.75,1,68.75,1,NA,NA,0
2008,12,20,-20.36,0.875,768.21,1,6.6,0.625,258.75,1,70.25,1,6.09,250.54,0.625
2008,12,21,-21.38,0.75,765.68,1,10.5,0.25,282.5,1,69.25,1,10.34,280.48,0.25
2008,12,22,-19.9,0.75,767.8,1,8,0.25,266.25,1,72.13,1,7.89,292.52,0.25
2008,12,23,-20.04,0.875,770.74,1,6.25,0.5,252,0.625,69.25,1,5.83,279.64,0.375
2008,12,24,-19.12,0.625,774.84,1,7.4,0.625,255,1,67.63,1,4.93,233.48,0.625
2008,12,25,-20.23,0.75,775.89,1,13.5,0.25,263.75,1,68.75,1,13.5,300,0.25
2008,12,26,-16.1,0.375,775.88,1,NA,0,245,1,70.38,1,NA,NA,0
2008,12,27,-16.43,0.5,775.43,1,7,0.25,252.86,0.875,68.13,1,NA,NA,0.125
2008,12,28,-16.55,0.5,776.09,1,NA,0.125,258.33,0.75,68.38,1,NA,NA,0
2008,12,29,-18.57,0.375,774.46,1,5.25,0.5,250,0.625,67.38,1,1.5,200,0.25
2008,12,30,-18.44,0.625,769.89,1,4.25,0.5,240,1,68.88,1,2.71,250.58,0.5
2008,12,31,-18.87,0.75,770.06,1,5,0.375,253.75,1,71.75,1,4.68,183.22,0.375
2009,1,1,-19.33,0.5,773.87,1,NA,0.125,290,1,70.88,1,NA,NA,0.125
2009,1,2,-18.98,0.5,769.01,1,NA,0.125,285,1,70,1,NA,NA,0.125
2009,1,3,-16.63,0.875,767.75,1,6.75,0.5,162.5,1,79.38,1,6.53,142.82,0.5
2009,1,4,-16.5,0.625,766.49,1,1.33,0.375,195.71,0.875,73.25,1,1.33,250,0.375
2009,1,5,-17.4,1,762.98,1,9,0.25,276,0.625,74,1,NA,NA,0
2009,1,6,-19.58,0.75,762.31,1,NA,0.125,200,0.625,71.38,1,NA,NA,0.125
2009,1,7,-16.72,1,767.41,1,22.33,0.375,148,0.625,81.5,1,NA,NA,0.125
2009,1,8,-16.26,1,771,1,6,0.625,205,1,77,1,4.05,195.82,0.625
2009,1,9,-17.93,0.75,767.12,1,9,0.625,272.5,1,69.75,1,8.02,291.16,0.625
2009,1,10,-21.52,0.75,763.49,1,10.75,0.5,295,1,67.38,1,10.43,296.43,0.5
2009,1,11,-17.66,0.625,764.82,1,2,0.375,218,0.625,73.38,1,1,250,0.25
2009,1,12,-19.07,0.75,765.57,1,12.5,0.5,272.5,1,65.38,1,11.65,282.26,0.5
2009,1,13,-20.95,0.5,764.8,1,7,0.375,278.75,1,70.38,1,6.82,280.66,0.375
2009,1,14,-19.23,0.75,765.19,1,NA,0,208.75,1,76.88,1,NA,NA,0
2009,1,15,-21.96,0.625,763.07,1,10.5,0.5,285,1,64.63,1,9.89,272.19,0.5
2009,1,16,-23.4,0.5,760.81,1,7.4,0.625,283.75,1,68.5,1,6.83,291.54,0.625
2009,1,17,-21.18,0.5,764.2,1,5,0.25,241.25,1,68.38,1,3.81,253.2,0.25
2009,1,18,-23.2,0.5,767.8,1,NA,0,273.75,1,66.38,1,NA,NA,0
2009,1,19,-19.3,0.75,768.44,1,8.33,0.75,290,1,64.5,1,8.17,295.41,0.75
2009,1,20,-17.53,1,767.71,1,7.25,0.5,183.75,1,70.25,1,3.71,198.96,0.5
2009,1,21,-20.55,0.75,770.08,1,NA,0.125,243.75,1,69.5,1,NA,NA,0.125
2009,1,22,-21.7,0.5,768.89,1,16.33,0.375,275,1,64.25,1,15.12,308.84,0.375
2009,1,23,-21.7,0.5,767.04,1,10,0.375,263.75,1,65.75,1,9.86,297.31,0.375
2009,1,24,-22.85,0.5,766.74,1,9.75,0.5,302.5,1,67.88,1,9.56,303.07,0.5
2009,1,25,-21.77,0.375,763.48,1,12.5,0.25,282.5,1,68.25,1,11.76,302.5,0.25
2009,1,26,-23.68,0.5,762.31,1,11.75,0.5,283.75,1,67,1,11.66,294.48,0.5
2009,1,27,-22,0.5,762.43,1,NA,0.125,267.5,1,67.88,1,NA,NA,0.125
2009,1,28,-22.65,1,760.8,1,8.33,0.375,235,1,69.38,1,5.44,278.53,0.375
2009,1,29,-25.22,0.625,757.98,1,14,0.375,256.25,1,63.25,1,13.55,313.86,0.375
2009,1,30,-25.48,0.5,759.18,1,11,0.25,203.75,1,68.5,1,10.97,287.28,0.25
2009,1,31,-23.2,0.75,765.86,1,NA,0.125,176.25,1,74.38,1,NA,NA,0.125
2009,2,1,-20.91,1,766.94,1,13.83,0.75,157.5,1,77.63,1,13.73,161.57,0.75
2009,2,2,-19.54,1,771.1,1,NA,0,142.5,1,79.13,1,NA,NA,0
2009,2,3,-17.57,0.75,776.4,1,10,0.25,240,1,70.13,1,3.89,283.23,0.25
2009,2,4,-23.57,0.375,772.84,1,14.8,0.625,304,0.625,66.13,1,12.45,305.6,0.25
2009,2,5,-25.33,0.75,767.04,1,17.33,0.75,300,0.375,63.13,1,17.43,304.57,0.25
2009,2,6,-28.82,0.75,759.49,1,15.17,0.75,300,0.625,65.75,1,14.7,298.75,0.5
2009,2,7,-31.18,0.5,762.26,1,13,0.5,286.25,1,64.25,1,13,290,0.5
2009,2,8,-28.68,0.5,764.05,1,15.43,0.875,301.25,1,62.38,1,15.32,302.78,0.875
2009,2,9,-26.45,0.5,766.78,1,NA,0.125,287.5,1,65.38,1,NA,NA,0.125
2009,2,10,-23.46,0.625,769.96,1,1,0.375,262.5,1,74.88,1,1,190,0.375
2009,2,11,-22.23,1,770.43,1,4.8,0.625,260,1,74.75,1,4.78,283.33,0.625
2009,2,12,-25.83,0.75,768.85,1,9.25,0.5,268.75,1,62.75,1,8.93,265.8,0.5
2009,2,13,-28.58,0.75,764.35,1,11,0.5,288,0.625,58.63,1,NA,NA,0.125
2009,2,14,-33.43,1,759.68,1,7.75,0.5,271.25,1,57.13,1,7.22,265.84,0.5
2009,2,15,-32.59,0.875,760.94,1,7.2,0.625,286.25,1,62.75,1,7.1,278.36,0.625
2009,2,16,-31.31,0.875,763.23,1,10.4,0.625,288.75,1,63.25,1,10.33,290,0.625
2009,2,17,-26.38,0.5,768.15,1,12.67,0.375,223.75,1,64.13,1,10.28,294.5,0.375
2009,2,18,-34.64,0.875,765.46,1,16.14,0.875,295,0.75,57.25,1,15.38,295.08,0.75
2009,2,19,-35.38,0.75,771.06,1,15.29,0.875,310,0.625,57.38,1,16.13,310.46,0.5
2009,2,20,-34.8,0.625,774.76,1,NA,0.125,298.75,1,61.63,1,NA,NA,0.125
2009,2,21,-31.13,0.5,767.94,1,NA,0,307.5,1,54,1,NA,NA,0
2009,2,22,-32.44,0.625,760.48,1,14.5,0.25,303.75,1,53,1,14.01,306.59,0.25
2009,2,23,-30.02,0.625,766.88,1,NA,0.125,300,1,57.88,1,NA,NA,0.125
2009,2,24,-33.71,0.875,761.23,1,12,0.25,310,1,56.13,1,11.82,311.68,0.25
2009,2,25,-36.45,0.5,752.55,1,16.67,0.375,308.75,1,58.75,1,16.45,303.63,0.375
2009,2,26,-38.03,0.75,755.4,1,16.86,0.875,303.75,1,56.25,1,16.53,303.09,0.875
2009,2,27,-39.65,0.75,758.06,1,12.5,0.25,311.25,1,56.13,1,12.45,304.4,0.25
2009,2,28,-39.47,1,757.41,1,17.67,0.375,316.25,1,55.13,1,17.42,312.86,0.375
2009,3,1,-39.4,0.75,758.32,1,16.8,0.625,303.33,0.75,55.13,1,16.61,303.2,0.375
2009,3,2,-35,0.25,760.43,1,NA,0.125,292.86,0.875,63.25,1,NA,NA,0.125
2009,3,3,-40.2,0.875,758.83,1,18,0.5,288,0.625,55,1,17.81,292.51,0.5
2009,3,4,-40.74,0.875,751.54,1,20,0.375,312.5,1,56.88,1,19.72,306.97,0.375
2009,3,5,-41.49,0.875,754.34,1,15.6,0.625,293.75,1,54.25,1,15.46,291.42,0.625
2009,3,6,-33.1,0.75,763.1,1,15.2,0.625,303.75,1,63.13,1,14.47,296.98,0.625
2009,3,7,-34.46,1,767.45,1,20,0.25,310,0.625,60,1,NA,NA,0.125
2009,3,8,-31.67,1,764.71,1,12.67,0.375,297.5,1,57,1,12.62,296.58,0.375
2009,3,9,-33.14,0.875,761.56,1,13.33,0.375,297.5,1,63,1,13.29,302.75,0.375
2009,3,10,-35.93,0.75,760.54,1,18.5,0.5,308,0.625,57.38,1,18.6,306.43,0.375
2009,3,11,-39.88,0.75,759.35,1,NA,0.125,312.5,1,55.25,1,NA,NA,0.125
2009,3,12,-36.89,1,761.6,1,NA,0,316.25,1,57.63,1,NA,NA,0
2009,3,13,-36.15,1,759.44,1,15.6,0.625,302,0.625,52.75,1,15.35,303.08,0.5
2009,3,14,-37.97,0.875,759.06,1,17,0.375,314,0.625,47.63,1,NA,NA,0.125
2009,3,15,-39.53,1,753.24,1,19,0.375,300,0.875,48.13,1,18.93,303.51,0.375
2009,3,16,-43.78,1,748.31,1,17.8,0.625,305,0.5,47.5,1,18.27,303.09,0.375
2009,3,17,-47.06,1,748.39,1,19,0.625,306.25,1,48.5,1,18.96,308.11,0.625
2009,3,18,-47.44,1,758.69,1,19,0.375,306.67,0.75,48.75,1,18.93,303.51,0.375
2009,3,19,-44.53,0.875,770.66,1,19,0.25,314.29,0.875,51.38,1,19,310,0.25
2009,3,20,-38.47,0.875,777.01,1,NA,0,306.67,0.375,50.63,1,NA,NA,0
2009,3,21,-37.09,1,773.71,1,16,0.25,292.5,1,53.75,1,16,280,0.25
2009,3,22,-38.7,0.875,764.78,1,17,0.25,312.5,1,53.63,1,16.94,305.59,0.25
2009,3,23,-41.38,0.5,760.25,1,NA,0,303.75,1,55.75,1,NA,NA,0
2009,3,24,-43.73,1,759.16,1,19,0.375,302.5,1,53.13,1,18.94,303.33,0.375
2009,3,25,-42.82,0.625,755.1,1,NA,0,271.25,1,54.63,1,NA,NA,0
2009,3,26,-43.73,0.75,757.1,1,13.29,0.875,300,0.625,53.5,1,12.65,300,0.5
2009,3,27,-35.96,1,758.81,1,9.25,0.5,286.25,1,60.13,1,9.16,293.8,0.5
2009,3,28,-41.03,1,761.49,1,18.25,1,292.5,0.5,56,1,17.2,292.6,0.5
2009,3,29,-37.74,1,763.84,1,14.67,0.75,288.75,1,57.38,1,14.48,289.2,0.75
2009,3,30,-38.81,1,763.79,1,19.4,0.625,300,0.625,55.63,1,18.6,296.61,0.375
2009,3,31,-43.67,0.875,756.85,1,NA,0.125,302.5,1,50.38,1,NA,NA,0.125
2009,4,1,-47.21,1,749.47,0.875,20,0.375,304,0.625,49.63,1,19.92,305.25,0.25
2009,4,2,-48.69,0.875,747.46,1,22,0.375,305,1,47.88,1,21.93,306.82,0.375
2009,4,3,-45.3,0.875,756.64,1,17.5,0.75,300,0.5,51.25,1,17.5,300,0.25
2009,4,4,-42.34,0.875,767.85,1,18.33,0.75,305,0.5,54.75,1,19.6,306.27,0.375
2009,4,5,-41.38,1,775.65,1,18.2,0.625,302.86,0.875,55.38,1,17.94,301.73,0.5
2009,4,6,-44.84,0.875,771.82,1,17.75,0.5,305,0.75,50.38,1,17.7,307.33,0.5
2009,4,7,-44.9,1,766.46,1,19.67,0.375,315,0.25,51.63,1,NA,NA,0
2009,4,8,-40.14,0.875,760.31,1,NA,0,317.5,1,55.5,1,NA,NA,0
2009,4,9,-48.28,1,754.05,1,16.5,0.25,308.75,1,48.25,1,16.5,310,0.25
2009,4,10,-48.1,1,749.5,1,18.75,0.5,306,0.625,48,1,16.5,300,0.25
2009,4,11,-48.01,1,747.12,1,18.5,0.75,305,0.5,48.5,1,17.43,304.28,0.25
2009,4,12,-47.06,1,749.75,1,20.25,1,311.25,1,49.13,1,20,311.33,1
2009,4,13,-39.23,0.5,757.15,1,13,0.375,263.75,1,58.13,1,6.77,292.37,0.375
2009,4,14,-42.75,1,766.1,1,17,0.75,302,0.625,54.5,1,17.82,301.12,0.375
2009,4,15,-45.01,0.875,761.32,1,20.75,0.5,301.67,0.75,51.13,1,20.59,300.48,0.5
2009,4,16,-48.25,1,758.3,1,12.75,0.5,293.33,0.75,48.13,1,10.63,296.57,0.375
2009,4,17,-45.89,1,764.21,1,12.29,0.875,293.33,0.375,50.75,1,13.45,295.56,0.25
2009,4,18,-50.05,1,763.82,1,17.83,0.75,307.5,0.5,46.13,1,17.19,309.81,0.375
2009,4,19,-46.69,1,762.24,1,17,0.5,303.33,0.375,49.63,1,17.28,303.27,0.375
2009,4,20,-33.36,0.625,758.81,1,NA,0.125,205,1,64.5,1,NA,NA,0.125
2009,4,21,-36.34,0.875,763.24,1,NA,0.125,243.75,1,61.38,1,NA,NA,0.125
2009,4,22,-43.21,1,760.28,1,19,0.75,304,0.625,54.38,1,17.93,305.14,0.5
2009,4,23,-41.73,1,759.05,1,18.75,0.5,310,0.75,55.75,1,16.61,306.8,0.375
2009,4,24,-43.9,1,759.26,1,18,0.625,300,0.5,53.38,1,NA,NA,0.125
2009,4,25,-47.69,1,760.89,1,17.5,0.75,308.75,1,49.38,1,17.35,307.04,0.75
2009,4,26,-51.4,1,759.16,1,21.6,0.625,300,0.25,45,1,NA,NA,0
2009,4,27,-49.89,1,756.51,1,19,0.875,301.67,0.75,46.63,1,19.03,302.09,0.75
2009,4,28,-50.29,1,762.51,1,20,0.5,300,0.25,45.88,1,22,300,0.25
2009,4,29,-47.8,1,763.24,1,21.4,0.625,302.86,0.875,48.38,1,21.43,307.21,0.5
2009,4,30,-43.25,0.5,769.7,1,19,0.625,302.86,0.875,54.38,1,18.6,300.13,0.5
2009,5,1,-44.73,1,774.89,1,23,0.25,301.25,1,52.13,1,22.65,300.44,0.25
2009,5,2,-42.2,1,776.81,1,21,0.25,297.5,0.5,53.63,1,NA,NA,0.125
2009,5,3,-36.25,1,771.19,1,14,0.875,NA,0.125,52.63,1,NA,NA,0.125
2009,5,4,-40.93,1,769.63,1,17.86,0.875,302.86,0.875,44.75,1,17.96,301.75,0.75
2009,5,5,-44.31,1,768.71,1,21,0.625,304,0.625,48.38,1,20.93,303.65,0.375
2009,5,6,-43.56,1,770.63,1,18.12,1,296.67,0.375,53.5,1,17.27,296.35,0.375
2009,5,7,-43.65,1,774.43,1,15.6,0.625,300,0.375,53.38,1,15.52,300.21,0.375
2009,5,8,-46.11,1,770.69,1,23.5,0.5,318.33,0.75,50.5,1,23.41,315.32,0.5
2009,5,9,-49.8,1,761.86,1,NA,0.125,302,0.625,46.5,1,NA,NA,0.125
2009,5,10,-47.67,0.75,768.79,1,22.33,0.75,305,1,49.5,1,22.25,305.15,0.75
2009,5,11,-37.5,0.875,773.56,1,NA,0,302,0.625,56.13,1,NA,NA,0
2009,5,12,-30.1,0.75,758.54,1,6.67,0.375,222.5,1,69,1,3.48,189.05,0.375
2009,5,13,-30.13,0.875,762.31,1,NA,0,320,1,69.75,1,NA,NA,0
2009,5,14,-33.85,1,769.01,1,NA,0.125,316.25,1,56,1,NA,NA,0.125
2009,5,15,-37.78,1,772.68,1,15,0.875,288.75,1,50.5,1,14.54,291.58,0.875
2009,5,16,-38.44,1,770.38,1,13,1,272,0.625,57,1,11.77,271.86,0.625
2009,5,17,-45.97,0.875,767.78,1,20.6,0.625,300,1,51.5,1,20.43,302.44,0.625
2009,5,18,-49.29,1,763.85,1,20,0.75,304.29,0.875,47.5,1,19.73,305.92,0.75
2009,5,19,-52.56,1,759.43,1,NA,0.125,315,0.75,43.75,1,NA,NA,0.125
2009,5,20,-47.21,1,748.39,1,NA,0,312,0.625,49.38,1,NA,NA,0
2009,5,21,-44.99,0.875,754.86,1,18,0.5,288,0.625,50.88,1,21,290,0.25
2009,5,22,-50.2,0.875,757.85,1,18.67,0.75,300,1,46.13,1,18.63,298.4,0.75
2009,5,23,-47.15,1,756.25,1,21.67,0.375,313.75,1,49.38,1,21.59,313.69,0.375
2009,5,24,-47.81,1,764.06,1,16.5,0.5,306.67,0.75,48.25,1,13.95,315.72,0.25
2009,5,25,-47.03,0.75,767.94,1,18.67,0.375,316.67,0.375,51.75,1,NA,NA,0
2009,5,26,-41.9,0.75,766.15,1,NA,0.125,306.67,0.75,54.5,1,NA,NA,0
2009,5,27,-47.23,0.875,764.86,1,18.12,1,292.5,0.5,50,1,17.7,292.39,0.5
2009,5,28,-35.1,0.625,763.05,1,15.5,0.25,298.57,0.875,60.38,1,NA,NA,0.125
2009,5,29,-45.89,0.875,766.16,1,19.83,0.75,306.25,1,51.63,1,19.77,306.56,0.75
2009,5,30,-47.76,1,766.44,1,18,0.25,292,0.625,48.75,1,NA,NA,0
2009,5,31,-47.74,1,761.51,1,20.4,0.625,298.57,0.875,48.75,1,18.7,302,0.5
2009,6,1,-47.96,1,762.81,1,20.43,0.875,305,0.75,48.38,1,19.92,305.33,0.75
2009,6,2,-43.61,1,765.33,1,19.75,1,298.75,1,53.25,1,19.64,298.86,1
2009,6,3,-48.3,0.875,766.95,1,20.25,0.5,307.5,1,48.25,1,20.19,307.54,0.5
2009,6,4,-49.56,1,768.21,1,18.67,0.75,310,0.875,46.38,1,18.57,310.09,0.75
2009,6,5,-45.46,1,768.24,1,19.33,0.375,316,0.625,50.88,1,NA,NA,0.125
2009,6,6,-41.73,1,757.78,1,19,0.375,302.86,0.875,53.25,1,19.5,300,0.25
2009,6,7,-47.54,1,756.79,1,12.5,0.5,NA,0.125,47.5,1,NA,NA,0
2009,6,8,-45,0.75,766.99,1,20.5,0.25,314,0.625,51.63,1,NA,NA,0.125
2009,6,9,-39.86,0.875,766.56,1,NA,0.125,316.25,1,42.5,1,NA,NA,0.125
2009,6,10,-54.32,0.625,759.65,1,NA,0.125,300,0.375,42.63,1,NA,NA,0.125
2009,6,11,-48.06,1,761.09,1,22.5,0.25,315,1,48,1,21.74,303.98,0.25
2009,6,12,-51.46,0.875,760.81,1,19,0.25,308.75,1,44.5,1,18.93,314.47,0.25
2009,6,13,-50.91,1,764.63,1,15,0.5,315,1,44.88,1,14.96,317.5,0.5
2009,6,14,-45.95,1,765.71,1,17.75,0.5,320,1,50.25,1,17.7,317.61,0.5
2009,6,15,-45.7,1,765.14,1,19,0.625,314,0.625,50.88,1,20.5,310,0.25
2009,6,16,-49.4,1,770.21,1,20.86,0.875,316,0.625,46.38,1,21.44,317.68,0.5
2009,6,17,-49.9,1,759.88,1,24,0.25,316,0.625,45.63,1,NA,NA,0
2009,6,18,-51.4,1,755.8,1,24,0.5,297.14,0.875,44.13,1,23.78,301.12,0.375
2009,6,19,-46.91,0.875,769.89,1,15,0.375,297.5,1,48.75,1,14.84,299.78,0.375
2009,6,20,-42.44,0.875,775.04,1,14.5,0.25,308.75,1,54.5,1,14.28,309.65,0.25
2009,6,21,-37.96,0.625,761.78,1,15.75,0.5,293.75,1,58,1,15.59,292.71,0.5
2009,6,22,-47.64,1,761.34,1,14.75,0.5,308.33,0.75,49.13,1,14.15,313.99,0.375
2009,6,23,-46.76,1,769.33,1,14,0.625,305.71,0.875,49.75,1,13.61,306.71,0.5
2009,6,24,-39.13,0.875,773.79,1,7.2,0.625,224,0.625,58.13,1,4.12,197.58,0.375
2009,6,25,-31.44,1,773.96,1,10,0.375,172.5,1,66.75,1,9.73,157.87,0.375
2009,6,26,-32.82,1,775.78,1,4,0.5,262.5,1,65.88,1,2.24,253.61,0.5
2009,6,27,-38.84,1,771.46,1,2,0.875,300,1,59.38,1,1.99,302.15,0.875
2009,6,28,-44.18,1,770.44,1,NA,0,284,0.625,53.38,1,NA,NA,0
2009,6,29,-43.34,1,779.14,1,NA,0,302.5,1,53.88,1,NA,NA,0
2009,6,30,-36.65,0.75,784,1,2,0.25,315,1,63.25,1,2,320,0.25
2009,7,1,-22.36,0.625,793.89,1,2.5,0.25,255,1,76.75,1,2.18,353.41,0.25
2009,7,2,-15.41,0.875,790.65,1,NA,0.125,316.25,1,78.88,1,NA,NA,0.125
2009,7,3,-20.37,0.75,785.44,1,NA,0.125,235,1,69.88,1,NA,NA,0.125
2009,7,4,-23.15,0.75,769.15,1,NA,0,303.75,1,71.63,1,NA,NA,0
2009,7,5,-48.96,0.625,759.38,1,NA,0.125,307.5,1,51.25,1,NA,NA,0.125
2009,7,6,-49.16,1,756.79,1,NA,0.125,293.75,1,48.5,1,NA,NA,0.125
2009,7,7,-45.78,1,767.36,1,3.33,0.375,237.5,1,51.75,1,3.27,188.92,0.375
2009,7,8,-42.16,1,773.51,1,10,0.5,291.25,1,55,1,9.92,289.5,0.5
2009,7,9,-43.79,1,777.19,1,NA,0,308.75,1,53.75,1,NA,NA,0
2009,7,10,-43.1,0.5,780.62,1,NA,0,325,1,56.63,1,NA,NA,0
2009,7,11,-43.1,0.625,770,1,NA,0,261.25,1,55.14,0.875,NA,NA,0
2009,7,12,-45.71,1,769.16,1,10.33,0.75,302.5,1,52,1,10.13,305.51,0.75
2009,7,13,-46.85,1,769.61,1,14,0.5,312.86,0.875,50.38,1,13.69,315.94,0.375
2009,7,14,-47.19,1,765.14,1,18,0.75,NA,0.125,49.88,1,NA,NA,0.125
2009,7,15,-50.53,1,761.26,1,15.8,0.625,NA,0.125,46.13,1,NA,NA,0
2009,7,16,-51.61,1,758.03,1,17.14,0.875,300,0.5,44.38,1,18,300,0.5
2009,7,17,-52.33,1,759.04,1,20,0.625,307.5,0.5,43.88,1,20.26,306.56,0.375
2009,7,18,-49.08,1,754.61,1,17.33,0.375,307.5,1,47.13,1,17.27,315.77,0.375
2009,7,19,-49.46,1,750.21,1,16.43,0.875,317.5,0.5,46.75,1,15.47,314.08,0.375
2009,7,20,-51.75,1,761.05,1,16.71,0.875,307.5,0.5,44.13,1,15.28,306.53,0.375
2009,7,21,-44.86,0.875,758.41,1,13.43,0.875,297.5,1,51.38,1,13.18,300.17,0.875
2009,7,22,-37.84,1,753.05,1,12.86,0.875,311.25,1,59.5,1,12.65,310.04,0.875
2009,7,23,-34.72,1,753.45,1,9.33,0.375,293.33,0.375,63,1,NA,NA,0.125
2009,7,24,-40.16,0.875,758.95,1,14.8,0.625,310,0.625,57.38,1,16.94,313.53,0.375
2009,7,25,-45.2,0.375,766.9,1,14.75,0.5,296.67,0.75,56.75,1,14.61,297.27,0.5
2009,7,26,-43.08,1,770.09,1,20.71,0.875,304,0.625,54.13,1,21.12,303.96,0.625
2009,7,27,-41.61,1,771.41,1,22,0.5,301.25,1,54.88,1,21.94,292.61,0.5
2009,7,28,-40.74,1,771.61,1,15.2,0.625,287.5,1,50.75,1,15.02,291.33,0.625
2009,7,29,-43.78,1,769.81,1,16.4,0.625,303.75,1,50.75,1,16.31,301.1,0.625
2009,7,30,-47.83,1,767.62,1,21.4,0.625,306.25,1,48.25,1,21.32,303.92,0.625
2009,7,31,-54.5,1,759.36,1,19,0.375,310,0.625,41.88,1,NA,NA,0.125
2009,8,1,-47.98,0.75,761.65,1,13,0.75,296.25,1,48.25,1,12.92,298.85,0.75
2009,8,2,-39.46,0.875,764.44,1,11.38,1,304,0.625,57.63,1,11.69,304.6,0.625
2009,8,3,-33.66,0.875,762.04,1,NA,0,330,0.625,61.63,1,NA,NA,0
2009,8,4,-34.2,0.75,767.41,1,9.5,0.25,253.75,1,61,1,5.22,244.5,0.25
2009,8,5,-38.1,0.875,768.45,1,6,0.375,253.75,1,59.25,1,5.89,171.06,0.375
2009,8,6,-33.6,0.75,775.35,1,14.75,0.5,274,0.625,63.13,1,NA,NA,0.125
2009,8,7,-24.7,0.5,766.13,1,18,0.25,216.25,1,74.38,1,16.91,330,0.25
2009,8,8,-36.45,0.75,752.59,1,NA,0,208.75,1,62.38,1,NA,NA,0
2009,8,9,-43.25,1,752.01,1,NA,0,310,1,55,1,NA,NA,0
2009,8,10,-42.72,0.625,751.71,1,NA,0,300,1,55,1,NA,NA,0
2009,8,11,-52.04,0.875,741.64,1,NA,0.125,263.75,1,45.63,1,NA,NA,0.125
2009,8,12,-47.2,0.75,754.96,1,NA,0.125,296.25,1,50.5,1,NA,NA,0.125
2009,8,13,-48.15,1,768.83,1,15.33,0.75,303.75,1,48.88,1,15.14,301.75,0.75
2009,8,14,-48.31,1,773.4,1,18.33,0.75,310,0.625,48.5,1,16.13,310.46,0.5
2009,8,15,-49.74,1,773.84,1,23.17,0.75,288,0.625,47,1,21.59,290.23,0.5
2009,8,16,-48.39,0.875,774.29,1,22,0.25,300,0.25,48.25,1,NA,NA,0
2009,8,17,-45.1,0.875,765.95,1,20.8,0.625,284.29,0.875,50.88,1,20.75,291.92,0.625
2009,8,18,-36.48,0.75,763.25,1,11,0.375,283.33,0.75,63,1,1.5,330,0.25
2009,8,19,-29.53,0.5,758.41,1,NA,0,271.25,1,68.75,1,NA,NA,0
2009,8,20,-37.83,0.75,763.69,1,18,0.375,306.25,1,60.5,1,17.94,303.7,0.375
2009,8,21,-41.55,1,768.85,1,19.5,0.25,296,0.625,55.13,1,19.5,300,0.25
2009,8,22,-42.73,1,770.48,1,NA,0.125,307.14,0.875,52,1,NA,NA,0.125
2009,8,23,-43.77,0.75,766.25,1,NA,0,313.75,1,50.75,1,NA,NA,0
2009,8,24,-48.88,1,763.2,1,NA,0,311.25,1,48,1,NA,NA,0
2009,8,25,-47.99,0.875,766.1,1,NA,0,315,1,46.5,1,NA,NA,0
2009,8,26,-48.5,1,765,1,14.5,0.5,320,0.5,48.13,1,14.39,319.65,0.5
2009,8,27,-45.86,1,763.75,1,18,0.5,314.29,0.875,50.88,1,18.67,320,0.375
2009,8,28,-45.93,0.875,753.23,0.875,18.67,0.375,304.29,0.875,50.13,1,17.43,314.57,0.25
2009,8,29,-45.73,0.875,754.75,1,15.86,0.875,301.67,0.75,51.63,1,15.22,301.74,0.75
2009,8,30,-46.69,1,756.31,1,20.6,0.625,301.25,1,49.75,1,20.44,303.02,0.625
2009,8,31,-53.09,1,762.95,1,25,0.5,298,0.625,43.25,1,24.91,303.46,0.375
2009,9,1,-56.61,1,768.34,1,NA,0.125,300,0.625,39.13,1,NA,NA,0.125
2009,9,2,-55.93,1,763.58,1,13.57,0.875,302,0.625,39.75,1,14.09,302.83,0.5
2009,9,3,-52.56,1,768.36,1,20.25,0.5,313.75,1,43.25,1,20.09,309.63,0.5
2009,9,4,-41.05,0.5,772.5,1,9,0.25,330,1,55,1,9,340,0.25
2009,9,5,-31.75,0.75,758.2,1,NA,0,282,0.625,65.38,1,NA,NA,0
2009,9,6,-47.43,0.75,753.23,1,NA,0,276.25,1,52.13,1,NA,NA,0
2009,9,7,-50.26,1,763.45,1,NA,0.125,307.5,1,47,1,NA,NA,0.125
2009,9,8,-44.35,1,768,1,NA,0.125,301.25,1,50.63,1,NA,NA,0.125
2009,9,9,-41.71,1,760.14,1,11.33,0.375,312.5,1,49.88,1,11.22,310.59,0.375
2009,9,10,-45.84,1,758.48,1,NA,0.125,318.75,1,50.13,1,NA,NA,0.125
2009,9,11,-43.9,1,758.91,1,NA,0,281.25,1,53.13,1,NA,NA,0
2009,9,12,-43.41,1,776.44,1,NA,0,288,0.625,53.75,1,NA,NA,0
2009,9,13,-38.84,0.875,776.68,1,NA,0.125,305,1,46.13,1,NA,NA,0.125
2009,9,14,-40.28,0.75,770.78,1,11,0.25,310,1,46.13,1,10.83,290,0.25
2009,9,15,-45.03,1,764.86,0.875,20,0.375,306.25,1,50.88,1,19.93,306.84,0.375
2009,9,16,-48.34,1,764.83,1,17,0.25,312,0.625,48.13,1,NA,NA,0
2009,9,17,-49.18,1,765.07,1,18.86,0.875,306.25,1,46.88,1,18.7,305.74,0.875
2009,9,18,-48.95,1,765.13,1,22.43,0.875,306,0.625,47.13,1,22.93,307.29,0.5
2009,9,19,-47.69,1,768.31,1,19.25,1,302,0.625,48.5,1,19.04,302.3,0.625
2009,9,20,-45.08,1,766.22,1,20.62,1,305,0.25,51.75,1,21.42,304.65,0.25
2009,9,21,-46,1,764.66,1,23,0.5,NA,0,50.25,1,NA,NA,0
2009,9,22,-50.04,1,768.31,1,22,0.625,NA,0.125,46,1,NA,NA,0.125
2009,9,23,-49.08,1,770.8,1,22.5,0.75,295,0.25,46.63,1,22.41,294.89,0.25
2009,9,24,-47.43,1,770.75,1,22,0.375,304,0.625,48.13,1,22.41,305.33,0.25
2009,9,25,-44.65,1,766.9,1,17,0.625,298,0.625,48.13,1,17.5,300,0.25
2009,9,26,-46.51,1,764.84,1,17,0.25,314.29,0.875,46.25,1,NA,NA,0.125
2009,9,27,-44.36,0.875,756.19,1,NA,0,298.75,1,51.88,1,NA,NA,0
2009,9,28,-45.88,1,747.16,1,NA,0,314,0.625,50.5,1,NA,NA,0
2009,9,29,-47.04,1,748.03,1,21.2,0.625,313.33,0.375,49,1,NA,NA,0.125
2009,9,30,-45.7,0.5,750.6,1,21.75,0.5,304.29,0.875,49.38,1,21.32,304.59,0.5
2009,10,1,-50.19,1,755.94,1,20.5,0.25,303.33,0.75,45.25,1,20.5,300,0.25
2009,10,2,-49.09,1,752.55,1,11.4,0.625,301.25,1,46.38,1,11.31,298.06,0.625
2009,10,3,-48.86,0.875,750.25,1,16.14,0.875,300,0.375,46.25,1,13.19,300.5,0.375
2009,10,4,-48.61,1,746.93,1,17.12,1,306,0.625,46.75,1,16.54,306.15,0.625
2009,10,5,-44.9,1,754.44,1,11.75,0.5,302,0.625,50.63,1,11.5,304.39,0.5
2009,10,6,-49.55,0.25,755.88,1,NA,0,300,0.5,46.88,1,NA,NA,0
2009,10,7,-49.61,1,755.09,1,17,0.375,306.67,0.75,46.25,1,16.83,310.79,0.375
2009,10,8,-44.1,0.5,755.65,1,NA,0.125,315,1,51.88,1,NA,NA,0.125
2009,10,9,-47.82,0.625,751.71,1,14.75,0.5,303.75,1,47.75,1,14.51,298.86,0.5
2009,10,10,-47.02,0.75,751.13,1,16.33,0.75,302.5,1,49.88,1,16.21,301.64,0.75
2009,10,11,-30.88,0.625,751.89,1,14,0.25,252.5,1,64.88,1,14,320,0.25
2009,10,12,-32.38,0.75,762.62,1,NA,0,241.25,1,65.38,1,NA,NA,0
2009,10,13,-33.83,0.5,754.04,1,NA,0.125,290,1,59,1,NA,NA,0.125
2009,10,14,-38.8,0.875,745.65,1,13,0.625,288.75,1,57.5,1,12.44,288.57,0.625
2009,10,15,-41.39,1,751.68,1,NA,0.125,308.75,1,55.88,1,NA,NA,0.125
2009,10,16,-41.23,0.5,753.55,1,NA,0,295,1,55,1,NA,NA,0
2009,10,17,-43.23,0.875,753.38,1,NA,0,303.33,0.375,49,1,NA,NA,0
2009,10,18,-42.87,0.75,754.99,1,13.6,0.625,NA,0,54.63,1,NA,NA,0
2009,10,19,-42.23,0.75,756.29,1,16,0.625,297.14,0.875,53.75,1,16.39,301.06,0.5
2009,10,20,-37.3,0.75,754.93,1,12,0.5,202.5,1,60.13,1,11.91,169.79,0.5
2009,10,21,-35.14,1,758.06,1,8.67,0.75,193.75,1,60.63,1,8.29,168.99,0.75
2009,10,22,-37.45,1,758.21,1,20.2,0.625,307.5,1,57.38,1,20.13,306.64,0.625
2009,10,23,-39.43,0.75,753.03,1,20.57,0.875,301.25,1,52.75,1,20.35,300.91,0.875
2009,10,24,-34.23,0.5,755.5,1,19.67,0.375,321.25,1,56.63,1,16.92,323.76,0.375
2009,10,25,-35.32,0.625,758.68,1,11.75,0.5,288.57,0.875,56.75,1,11.56,279.43,0.375
2009,10,26,-41.44,0.875,755.21,1,13.33,0.375,310,0.625,53.63,1,NA,NA,0.125
2009,10,27,-44.32,0.5,744.73,1,20,0.25,300,0.75,54.13,1,20,300,0.25
2009,10,28,-38.13,0.75,749.13,1,5,0.75,258.75,1,58.38,1,3.52,271.69,0.75
2009,10,29,-38.24,0.625,758.24,1,NA,0.125,282.5,1,57.75,1,NA,NA,0.125
2009,10,30,-40.13,0.375,757.61,1,NA,0.125,311.25,1,55,1,NA,NA,0.125
2009,10,31,-39.03,0.375,753.21,1,NA,0.125,308,0.625,54.25,1,NA,NA,0.125
2009,11,1,-40.43,0.5,749.65,1,NA,0.125,301.25,1,55.5,1,NA,NA,0.125
2009,11,2,-40.53,0.5,756.39,1,18.25,0.5,293.33,0.375,53.63,1,NA,NA,0.125
2009,11,3,-39.47,0.375,760.3,1,11,0.25,253.75,1,60,1,4.21,246.54,0.25
2009,11,4,-38.78,0.75,753.32,1,14,0.375,302.5,1,57.13,1,13.84,300.24,0.375
2009,11,5,-39.1,0.5,749.81,1,20,0.25,308.75,1,54.13,1,19.92,305,0.25
2009,11,6,-37.65,0.75,756.75,1,18.75,0.5,308.75,1,57.88,1,18.56,307.99,0.5
2009,11,7,-37.4,0.5,761.61,1,15.33,0.375,296.25,1,59.38,1,15.28,296.31,0.375
2009,11,8,-33.1,0.625,771.88,1,NA,0.125,246.25,1,65.38,1,NA,NA,0.125
2009,11,9,-33.13,0.375,771.38,1,10,0.25,305,1,61.75,1,9.85,297.98,0.25
2009,11,10,-29.45,0.5,770.07,1,7.75,0.5,301.25,1,63.63,1,7.16,307.05,0.5
2009,11,11,-27.1,0.625,768.84,1,7.33,0.375,200,1,69.25,1,7.26,175.49,0.375
2009,11,12,-23.96,1,768.96,1,7.5,0.25,175,1,71,1,6.88,173.84,0.25
2009,11,13,-19.06,1,768.84,1,NA,0.125,151.25,1,78.88,1,NA,NA,0.125
2009,11,14,-16.61,1,772.77,1,NA,0.125,160,0.625,81.88,1,NA,NA,0
2009,11,15,-15.55,1,777.54,1,NA,0.125,178.75,1,81.75,1,NA,NA,0.125
2009,11,16,-20.37,0.75,776.78,1,10,0.625,256.25,1,71.88,1,6.38,264.64,0.625
2009,11,17,-20.7,0.25,770.1,1,11.57,0.875,296.25,1,69.75,1,11.48,295.54,0.875
2009,11,18,-23.6,0.625,771.26,1,7.2,0.625,217.5,1,74.25,1,4.39,204.34,0.625
2009,11,19,-25.38,0.625,767.68,1,NA,0.125,240,1,70.13,1,NA,NA,0.125
2009,11,20,-30,0.5,756.3,1,11.8,0.625,293.75,1,65.63,1,11.15,295.13,0.625
2009,11,21,-30.4,0.375,755.21,1,13,0.5,290,0.625,63.88,1,12.67,290,0.375
2009,11,22,-19.05,0.75,757.03,1,NA,0,193.75,1,77,1,NA,NA,0
2009,11,23,-19.76,1,753.26,1,4.5,0.5,238.75,1,72.63,1,3.49,251.51,0.5
2009,11,24,-21.23,1,758.84,1,3.67,0.75,212.5,1,76.71,0.875,1.87,215.88,0.75
2009,11,25,-20.98,0.625,764.09,1,8.67,0.375,238.75,1,74.86,0.875,8.63,265.77,0.375
2009,11,26,-24.75,0.75,761.44,1,11.71,0.875,287.5,1,67.75,1,11.47,290.07,0.875
2009,11,27,-22.13,0.875,765.07,1,5,0.5,270,1,67.5,1,4.79,282.05,0.5
2009,11,28,-20.04,1,765.89,1,1.6,0.625,208.75,1,70.5,1,1.59,145,0.625
2009,11,29,-22.7,0.875,764.23,1,6.2,0.625,276.25,1,65.13,1,5.77,282.43,0.625
2009,11,30,-23.4,0.375,764.85,1,NA,0.125,273.75,1,67.75,1,NA,NA,0.125
2009,12,1,-16.9,0.375,769.18,1,NA,0.125,240,1,71,1,NA,NA,0.125
2009,12,2,-24.68,0.5,769.79,1,NA,0.125,293.75,1,61.75,1,NA,NA,0.125
2009,12,3,-23.1,0.5,761.78,1,8,0.375,285,1,63.75,1,7.9,280.42,0.375
2009,12,4,-22.68,0.75,761.05,1,7.4,0.625,271.25,1,69.13,1,5.81,262.95,0.625
2009,12,5,-21.77,0.375,766.16,1,12,0.375,271.67,0.75,68.25,1,NA,NA,0.125
2009,12,6,-18.85,0.75,766.3,1,4,0.625,258.75,1,72.13,1,2.41,272.76,0.625
2009,12,7,-16.25,1,767.76,1,4.83,0.75,222.5,1,77.75,1,2.46,192.21,0.75
2009,12,8,-18.63,0.5,766.07,1,8.5,0.75,293.75,1,70.63,1,7.64,292.22,0.75
2009,12,9,-17.88,0.75,766.35,1,10.33,0.375,287.5,1,70.38,1,9.96,322.05,0.375
2009,12,10,-20.63,0.75,764.9,1,9,0.375,276.25,1,69.38,1,8.52,276.92,0.375
2009,12,11,-21.04,0.625,764.25,1,8.33,0.375,247.5,1,69.38,1,7.76,259.67,0.375
2009,12,12,-18.32,0.75,765.62,1,3.75,0.5,206.25,1,70.75,1,3.41,236.27,0.5
2009,12,13,-18.78,0.75,768.36,1,12,0.25,210,0.625,78.13,1,NA,NA,0
2009,12,14,-20.82,0.625,767,1,7.33,0.375,241.67,0.75,70.5,1,NA,NA,0.125
2009,12,15,-22.27,0.375,765.65,1,5,0.625,272.5,1,68.88,1,4.18,279.39,0.625
2009,12,16,-21.88,0.5,765.81,1,6.25,0.5,264,0.625,67.5,1,4.62,265.75,0.375
2009,12,17,-20.58,0.75,760.09,1,7.5,0.5,178.75,1,72.38,1,7.43,161.67,0.5
2009,12,18,-19.85,0.75,757.35,1,11.25,0.5,182.5,1,76,1,11.17,159.55,0.5
2009,12,19,-18.1,1,761.19,1,4.83,0.75,165,1,77.5,1,4.64,167.92,0.75
2009,12,20,-16.76,0.875,765.84,1,NA,0.125,253.75,1,68.38,1,NA,NA,0.125
2009,12,21,-19.88,0.75,765.35,1,13,0.625,292,0.625,66.88,1,9.2,272.88,0.375
2009,12,22,-21.93,0.375,764.51,1,7,0.5,287.5,1,66.25,1,6.97,286.07,0.5
2009,12,23,-19.98,0.625,763.7,1,3.75,0.5,166.25,1,77.38,1,0.53,256.02,0.5
2009,12,24,-19.61,0.875,764.29,1,6,0.75,138.75,1,76.63,1,4.91,141.47,0.75
2009,12,25,-21.72,0.625,763.46,1,4.75,0.5,216.25,1,66,1,2.73,268.36,0.5
2009,12,26,-23.82,0.625,762.35,1,11.2,0.625,277.5,1,67.13,1,10.07,266.73,0.625
2009,12,27,-23,0.375,763.7,1,7.67,0.375,270,1,65.38,1,5.39,268.76,0.375
2009,12,28,-22.2,0.375,765.73,1,6.5,0.25,285,1,69.25,1,6.34,273.21,0.25
2009,12,29,-23.05,0.5,768.39,1,8.75,0.5,266.25,1,74.5,1,8.64,285.68,0.5
2009,12,30,-19.11,0.875,769.35,1,5.6,0.625,266.25,1,75.63,1,4.65,290.26,0.625
2009,12,31,-20.73,0.75,772.19,1,7.5,0.5,255,1,68.75,1,3.92,251.32,0.5
2010,1,1,NA,0,NA,0,NA,0,NA,0,NA,0,NA,NA,0
2010,1,2,NA,0,NA,0,NA,0,NA,0,NA,0,NA,NA,0
2010,1,3,NA,0,NA,0,NA,0,NA,0,NA,0,NA,NA,0
2010,1,4,NA,0,NA,0,NA,0,NA,0,NA,0,NA,NA,0
2010,1,5,NA,0,NA,0,NA,0,NA,0,NA,0,NA,NA,0
2010,1,6,NA,0,NA,0,NA,0,NA,0,NA,0,NA,NA,0
2010,1,7,NA,0,NA,0,NA,0,NA,0,NA,0,NA,NA,0
2010,1,8,NA,0,NA,0,NA,0,NA,0,NA,0,NA,NA,0
2010,1,9,NA,0,NA,0,NA,0,NA,0,NA,0,NA,NA,0
2010,1,10,NA,0,NA,0,NA,0,NA,0,NA,0,NA,NA,0
2010,1,11,NA,0,NA,0,NA,0,NA,0,NA,0,NA,NA,0
2010,1,12,NA,0,NA,0,NA,0,NA,0,NA,0,NA,NA,0
2010,1,13,NA,0,NA,0,NA,0,NA,0,NA,0,NA,NA,0
2010,1,14,NA,0,NA,0,NA,0,NA,0,NA,0,NA,NA,0
2010,1,15,NA,0,NA,0,NA,0,NA,0,NA,0,NA,NA,0
2010,1,16,NA,0,NA,0,NA,0,NA,0,NA,0,NA,NA,0
2010,1,17,NA,0,NA,0,NA,0,NA,0,NA,0,NA,NA,0
2010,1,18,NA,0,NA,0,NA,0,NA,0,NA,0,NA,NA,0
2010,1,19,NA,0,NA,0,NA,0,NA,0,NA,0,NA,NA,0
2010,1,20,NA,0,NA,0,NA,0,NA,0,NA,0,NA,NA,0
2010,1,21,NA,0,NA,0,NA,0,NA,0,NA,0,NA,NA,0
2010,1,22,NA,0,NA,0,NA,0,NA,0,NA,0,NA,NA,0
2010,1,23,NA,0,NA,0,NA,0,NA,0,NA,0,NA,NA,0
2010,1,24,NA,0,NA,0,NA,0,NA,0,NA,0,NA,NA,0
2010,1,25,NA,0,NA,0,NA,0,NA,0,NA,0,NA,NA,0
2010,1,26,NA,0,NA,0,NA,0,NA,0,NA,0,NA,NA,0
2010,1,27,NA,0,NA,0,NA,0,NA,0,NA,0,NA,NA,0
2010,1,28,NA,0,NA,0,NA,0,NA,0,NA,0,NA,NA,0
2010,1,29,NA,0,NA,0,NA,0,NA,0,NA,0,NA,NA,0
2010,1,30,NA,0,NA,0,NA,0,NA,0,NA,0,NA,NA,0
2010,1,31,NA,0,NA,0,NA,0,NA,0,NA,0,NA,NA,0
2010,2,1,NA,0,NA,0,NA,0,NA,0,NA,0,NA,NA,0
2010,2,2,NA,0,NA,0,NA,0,NA,0,NA,0,NA,NA,0
2010,2,3,NA,0,NA,0,NA,0,NA,0,NA,0,NA,NA,0
2010,2,4,NA,0,NA,0,NA,0,NA,0,NA,0,NA,NA,0
2010,2,5,NA,0,NA,0,NA,0,NA,0,NA,0,NA,NA,0
2010,2,6,NA,0,NA,0,NA,0,NA,0,NA,0,NA,NA,0
2010,2,7,NA,0,NA,0,NA,0,NA,0,NA,0,NA,NA,0
2010,2,8,NA,0,NA,0,NA,0,NA,0,NA,0,NA,NA,0
2010,2,9,NA,0,NA,0,NA,0,NA,0,NA,0,NA,NA,0
2010,2,10,NA,0,NA,0,NA,0,NA,0,NA,0,NA,NA,0
2010,2,11,NA,0,NA,0,NA,0,NA,0,NA,0,NA,NA,0
2010,2,12,NA,0,NA,0,NA,0,NA,0,NA,0,NA,NA,0
2010,2,13,NA,0,NA,0,NA,0,NA,0,NA,0,NA,NA,0
2010,2,14,NA,0,NA,0,NA,0,NA,0,NA,0,NA,NA,0
2010,2,15,NA,0,NA,0,NA,0,NA,0,NA,0,NA,NA,0
2010,2,16,NA,0,NA,0,NA,0,NA,0,NA,0,NA,NA,0
2010,2,17,NA,0,NA,0,NA,0,NA,0,NA,0,NA,NA,0
2010,2,18,NA,0,NA,0,NA,0,NA,0,NA,0,NA,NA,0
2010,2,19,NA,0,NA,0,NA,0,NA,0,NA,0,NA,NA,0
2010,2,20,NA,0,NA,0,NA,0,NA,0,NA,0,NA,NA,0
2010,2,21,NA,0,NA,0,NA,0,NA,0,NA,0,NA,NA,0
2010,2,22,NA,0,NA,0,NA,0,NA,0,NA,0,NA,NA,0
2010,2,23,NA,0,NA,0,NA,0,NA,0,NA,0,NA,NA,0
2010,2,24,NA,0,NA,0,NA,0,NA,0,NA,0,NA,NA,0
2010,2,25,NA,0,NA,0,NA,0,NA,0,NA,0,NA,NA,0
2010,2,26,NA,0,NA,0,NA,0,NA,0,NA,0,NA,NA,0
2010,2,27,NA,0,NA,0,NA,0,NA,0,NA,0,NA,NA,0
2010,2,28,NA,0,NA,0,NA,0,NA,0,NA,0,NA,NA,0
2010,3,1,NA,0,NA,0,NA,0,NA,0,NA,0,NA,NA,0
2010,3,2,NA,0,NA,0,NA,0,NA,0,NA,0,NA,NA,0
2010,3,3,NA,0,NA,0,NA,0,NA,0,NA,0,NA,NA,0
2010,3,4,NA,0,NA,0,NA,0,NA,0,NA,0,NA,NA,0
2010,3,5,NA,0,NA,0,NA,0,NA,0,NA,0,NA,NA,0
2010,3,6,NA,0,NA,0,NA,0,NA,0,NA,0,NA,NA,0
2010,3,7,NA,0,NA,0,NA,0,NA,0,NA,0,NA,NA,0
2010,3,8,NA,0,NA,0,NA,0,NA,0,NA,0,NA,NA,0
2010,3,9,NA,0,NA,0,NA,0,NA,0,NA,0,NA,NA,0
2010,3,10,NA,0,NA,0,NA,0,NA,0,NA,0,NA,NA,0
2010,3,11,NA,0,NA,0,NA,0,NA,0,NA,0,NA,NA,0
2010,3,12,NA,0,NA,0,NA,0,NA,0,NA,0,NA,NA,0
2010,3,13,NA,0,NA,0,NA,0,NA,0,NA,0,NA,NA,0
2010,3,14,NA,0,NA,0,NA,0,NA,0,NA,0,NA,NA,0
2010,3,15,NA,0,NA,0,NA,0,NA,0,NA,0,NA,NA,0
2010,3,16,NA,0,NA,0,NA,0,NA,0,NA,0,NA,NA,0
2010,3,17,NA,0,NA,0,NA,0,NA,0,NA,0,NA,NA,0
2010,3,18,NA,0,NA,0,NA,0,NA,0,NA,0,NA,NA,0
2010,3,19,NA,0,NA,0,NA,0,NA,0,NA,0,NA,NA,0
2010,3,20,NA,0,NA,0,NA,0,NA,0,NA,0,NA,NA,0
2010,3,21,NA,0,NA,0,NA,0,NA,0,NA,0,NA,NA,0
2010,3,22,NA,0,NA,0,NA,0,NA,0,NA,0,NA,NA,0
2010,3,23,NA,0,NA,0,NA,0,NA,0,NA,0,NA,NA,0
2010,3,24,NA,0,NA,0,NA,0,NA,0,NA,0,NA,NA,0
2010,3,25,NA,0,NA,0,NA,0,NA,0,NA,0,NA,NA,0
2010,3,26,NA,0,NA,0,NA,0,NA,0,NA,0,NA,NA,0
2010,3,27,NA,0,NA,0,NA,0,NA,0,NA,0,NA,NA,0
2010,3,28,NA,0,NA,0,NA,0,NA,0,NA,0,NA,NA,0
2010,3,29,NA,0,NA,0,NA,0,NA,0,NA,0,NA,NA,0
2010,3,30,NA,0,NA,0,NA,0,NA,0,NA,0,NA,NA,0
2010,3,31,NA,0,NA,0,NA,0,NA,0,NA,0,NA,NA,0
2010,4,1,NA,0,NA,0,NA,0,NA,0,NA,0,NA,NA,0
2010,4,2,NA,0,NA,0,NA,0,NA,0,NA,0,NA,NA,0
2010,4,3,NA,0,NA,0,NA,0,NA,0,NA,0,NA,NA,0
2010,4,4,NA,0,NA,0,NA,0,NA,0,NA,0,NA,NA,0
2010,4,5,NA,0,NA,0,NA,0,NA,0,NA,0,NA,NA,0
2010,4,6,NA,0,NA,0,NA,0,NA,0,NA,0,NA,NA,0
2010,4,7,NA,0,NA,0,NA,0,NA,0,NA,0,NA,NA,0
2010,4,8,NA,0,NA,0,NA,0,NA,0,NA,0,NA,NA,0
2010,4,9,NA,0,NA,0,NA,0,NA,0,NA,0,NA,NA,0
2010,4,10,NA,0,NA,0,NA,0,NA,0,NA,0,NA,NA,0
2010,4,11,NA,0,NA,0,NA,0,NA,0,NA,0,NA,NA,0
2010,4,12,NA,0,NA,0,NA,0,NA,0,NA,0,NA,NA,0
2010,4,13,NA,0,NA,0,NA,0,NA,0,NA,0,NA,NA,0
2010,4,14,NA,0,NA,0,NA,0,NA,0,NA,0,NA,NA,0
2010,4,15,NA,0,NA,0,NA,0,NA,0,NA,0,NA,NA,0
2010,4,16,NA,0,NA,0,NA,0,NA,0,NA,0,NA,NA,0
2010,4,17,NA,0,NA,0,NA,0,NA,0,NA,0,NA,NA,0
2010,4,18,NA,0,NA,0,NA,0,NA,0,NA,0,NA,NA,0
2010,4,19,NA,0,NA,0,NA,0,NA,0,NA,0,NA,NA,0
2010,4,20,NA,0,NA,0,NA,0,NA,0,NA,0,NA,NA,0
2010,4,21,NA,0,NA,0,NA,0,NA,0,NA,0,NA,NA,0
2010,4,22,NA,0,NA,0,NA,0,NA,0,NA,0,NA,NA,0
2010,4,23,NA,0,NA,0,NA,0,NA,0,NA,0,NA,NA,0
2010,4,24,NA,0,NA,0,NA,0,NA,0,NA,0,NA,NA,0
2010,4,25,NA,0,NA,0,NA,0,NA,0,NA,0,NA,NA,0
2010,4,26,NA,0,NA,0,NA,0,NA,0,NA,0,NA,NA,0
2010,4,27,NA,0,NA,0,NA,0,NA,0,NA,0,NA,NA,0
2010,4,28,NA,0,NA,0,NA,0,NA,0,NA,0,NA,NA,0
2010,4,29,NA,0,NA,0,NA,0,NA,0,NA,0,NA,NA,0
2010,4,30,NA,0,NA,0,NA,0,NA,0,NA,0,NA,NA,0
2010,5,1,NA,0,NA,0,NA,0,NA,0,NA,0,NA,NA,0
2010,5,2,NA,0,NA,0,NA,0,NA,0,NA,0,NA,NA,0
2010,5,3,NA,0,NA,0,NA,0,NA,0,NA,0,NA,NA,0
2010,5,4,NA,0,NA,0,NA,0,NA,0,NA,0,NA,NA,0
2010,5,5,NA,0,NA,0,NA,0,NA,0,NA,0,NA,NA,0
2010,5,6,NA,0,NA,0,NA,0,NA,0,NA,0,NA,NA,0
2010,5,7,NA,0,NA,0,NA,0,NA,0,NA,0,NA,NA,0
2010,5,8,NA,0,NA,0,NA,0,NA,0,NA,0,NA,NA,0
2010,5,9,NA,0,NA,0,NA,0,NA,0,NA,0,NA,NA,0
2010,5,10,NA,0,NA,0,NA,0,NA,0,NA,0,NA,NA,0
2010,5,11,NA,0,NA,0,NA,0,NA,0,NA,0,NA,NA,0
2010,5,12,NA,0,NA,0,NA,0,NA,0,NA,0,NA,NA,0
2010,5,13,NA,0,NA,0,NA,0,NA,0,NA,0,NA,NA,0
2010,5,14,NA,0,NA,0,NA,0,NA,0,NA,0,NA,NA,0
2010,5,15,NA,0,NA,0,NA,0,NA,0,NA,0,NA,NA,0
2010,5,16,NA,0,NA,0,NA,0,NA,0,NA,0,NA,NA,0
2010,5,17,NA,0,NA,0,NA,0,NA,0,NA,0,NA,NA,0
2010,5,18,NA,0,NA,0,NA,0,NA,0,NA,0,NA,NA,0
2010,5,19,NA,0,NA,0,NA,0,NA,0,NA,0,NA,NA,0
2010,5,20,NA,0,NA,0,NA,0,NA,0,NA,0,NA,NA,0
2010,5,21,NA,0,NA,0,NA,0,NA,0,NA,0,NA,NA,0
2010,5,22,NA,0,NA,0,NA,0,NA,0,NA,0,NA,NA,0
2010,5,23,NA,0,NA,0,NA,0,NA,0,NA,0,NA,NA,0
2010,5,24,NA,0,NA,0,NA,0,NA,0,NA,0,NA,NA,0
2010,5,25,NA,0,NA,0,NA,0,NA,0,NA,0,NA,NA,0
2010,5,26,NA,0,NA,0,NA,0,NA,0,NA,0,NA,NA,0
2010,5,27,NA,0,NA,0,NA,0,NA,0,NA,0,NA,NA,0
2010,5,28,NA,0,NA,0,NA,0,NA,0,NA,0,NA,NA,0
2010,5,29,NA,0,NA,0,NA,0,NA,0,NA,0,NA,NA,0
2010,5,30,NA,0,NA,0,NA,0,NA,0,NA,0,NA,NA,0
2010,5,31,NA,0,NA,0,NA,0,NA,0,NA,0,NA,NA,0
2010,6,1,NA,0,NA,0,NA,0,NA,0,NA,0,NA,NA,0
2010,6,2,NA,0,NA,0,NA,0,NA,0,NA,0,NA,NA,0
2010,6,3,NA,0,NA,0,NA,0,NA,0,NA,0,NA,NA,0
2010,6,4,NA,0,NA,0,NA,0,NA,0,NA,0,NA,NA,0
2010,6,5,NA,0,NA,0,NA,0,NA,0,NA,0,NA,NA,0
2010,6,6,NA,0,NA,0,NA,0,NA,0,NA,0,NA,NA,0
2010,6,7,NA,0,NA,0,NA,0,NA,0,NA,0,NA,NA,0
2010,6,8,NA,0,NA,0,NA,0,NA,0,NA,0,NA,NA,0
2010,6,9,NA,0,NA,0,NA,0,NA,0,NA,0,NA,NA,0
2010,6,10,NA,0,NA,0,NA,0,NA,0,NA,0,NA,NA,0
2010,6,11,NA,0,NA,0,NA,0,NA,0,NA,0,NA,NA,0
2010,6,12,NA,0,NA,0,NA,0,NA,0,NA,0,NA,NA,0
2010,6,13,NA,0,NA,0,NA,0,NA,0,NA,0,NA,NA,0
2010,6,14,NA,0,NA,0,NA,0,NA,0,NA,0,NA,NA,0
2010,6,15,NA,0,NA,0,NA,0,NA,0,NA,0,NA,NA,0
2010,6,16,NA,0,NA,0,NA,0,NA,0,NA,0,NA,NA,0
2010,6,17,NA,0,NA,0,NA,0,NA,0,NA,0,NA,NA,0
2010,6,18,NA,0,NA,0,NA,0,NA,0,NA,0,NA,NA,0
2010,6,19,NA,0,NA,0,NA,0,NA,0,NA,0,NA,NA,0
2010,6,20,NA,0,NA,0,NA,0,NA,0,NA,0,NA,NA,0
2010,6,21,NA,0,NA,0,NA,0,NA,0,NA,0,NA,NA,0
2010,6,22,NA,0,NA,0,NA,0,NA,0,NA,0,NA,NA,0
2010,6,23,NA,0,NA,0,NA,0,NA,0,NA,0,NA,NA,0
2010,6,24,NA,0,NA,0,NA,0,NA,0,NA,0,NA,NA,0
2010,6,25,NA,0,NA,0,NA,0,NA,0,NA,0,NA,NA,0
2010,6,26,NA,0,NA,0,NA,0,NA,0,NA,0,NA,NA,0
2010,6,27,NA,0,NA,0,NA,0,NA,0,NA,0,NA,NA,0
2010,6,28,NA,0,NA,0,NA,0,NA,0,NA,0,NA,NA,0
2010,6,29,NA,0,NA,0,NA,0,NA,0,NA,0,NA,NA,0
2010,6,30,NA,0,NA,0,NA,0,NA,0,NA,0,NA,NA,0
2010,7,1,NA,0,NA,0,NA,0,NA,0,NA,0,NA,NA,0
2010,7,2,NA,0,NA,0,NA,0,NA,0,NA,0,NA,NA,0
2010,7,3,NA,0,NA,0,NA,0,NA,0,NA,0,NA,NA,0
2010,7,4,NA,0,NA,0,NA,0,NA,0,NA,0,NA,NA,0
2010,7,5,NA,0,NA,0,NA,0,NA,0,NA,0,NA,NA,0
2010,7,6,NA,0,NA,0,NA,0,NA,0,NA,0,NA,NA,0
2010,7,7,NA,0,NA,0,NA,0,NA,0,NA,0,NA,NA,0
2010,7,8,NA,0,NA,0,NA,0,NA,0,NA,0,NA,NA,0
2010,7,9,NA,0,NA,0,NA,0,NA,0,NA,0,NA,NA,0
2010,7,10,NA,0,NA,0,NA,0,NA,0,NA,0,NA,NA,0
2010,7,11,NA,0,NA,0,NA,0,NA,0,NA,0,NA,NA,0
2010,7,12,NA,0,NA,0,NA,0,NA,0,NA,0,NA,NA,0
2010,7,13,NA,0,NA,0,NA,0,NA,0,NA,0,NA,NA,0
2010,7,14,NA,0,NA,0,NA,0,NA,0,NA,0,NA,NA,0
2010,7,15,NA,0,NA,0,NA,0,NA,0,NA,0,NA,NA,0
2010,7,16,NA,0,NA,0,NA,0,NA,0,NA,0,NA,NA,0
2010,7,17,NA,0,NA,0,NA,0,NA,0,NA,0,NA,NA,0
2010,7,18,NA,0,NA,0,NA,0,NA,0,NA,0,NA,NA,0
2010,7,19,NA,0,NA,0,NA,0,NA,0,NA,0,NA,NA,0
2010,7,20,NA,0,NA,0,NA,0,NA,0,NA,0,NA,NA,0
2010,7,21,NA,0,NA,0,NA,0,NA,0,NA,0,NA,NA,0
2010,7,22,NA,0,NA,0,NA,0,NA,0,NA,0,NA,NA,0
2010,7,23,NA,0,NA,0,NA,0,NA,0,NA,0,NA,NA,0
2010,7,24,NA,0,NA,0,NA,0,NA,0,NA,0,NA,NA,0
2010,7,25,NA,0,NA,0,NA,0,NA,0,NA,0,NA,NA,0
2010,7,26,NA,0,NA,0,NA,0,NA,0,NA,0,NA,NA,0
2010,7,27,NA,0,NA,0,NA,0,NA,0,NA,0,NA,NA,0
2010,7,28,NA,0,NA,0,NA,0,NA,0,NA,0,NA,NA,0
2010,7,29,NA,0,NA,0,NA,0,NA,0,NA,0,NA,NA,0
2010,7,30,NA,0,NA,0,NA,0,NA,0,NA,0,NA,NA,0
2010,7,31,NA,0,NA,0,NA,0,NA,0,NA,0,NA,NA,0
2010,8,1,NA,0,NA,0,NA,0,NA,0,NA,0,NA,NA,0
2010,8,2,NA,0,NA,0,NA,0,NA,0,NA,0,NA,NA,0
2010,8,3,NA,0,NA,0,NA,0,NA,0,NA,0,NA,NA,0
2010,8,4,NA,0,NA,0,NA,0,NA,0,NA,0,NA,NA,0
2010,8,5,NA,0,NA,0,NA,0,NA,0,NA,0,NA,NA,0
2010,8,6,NA,0,NA,0,NA,0,NA,0,NA,0,NA,NA,0
2010,8,7,NA,0,NA,0,NA,0,NA,0,NA,0,NA,NA,0
2010,8,8,NA,0,NA,0,NA,0,NA,0,NA,0,NA,NA,0
2010,8,9,NA,0,NA,0,NA,0,NA,0,NA,0,NA,NA,0
2010,8,10,NA,0,NA,0,NA,0,NA,0,NA,0,NA,NA,0
2010,8,11,NA,0,NA,0,NA,0,NA,0,NA,0,NA,NA,0
2010,8,12,NA,0,NA,0,NA,0,NA,0,NA,0,NA,NA,0
2010,8,13,NA,0,NA,0,NA,0,NA,0,NA,0,NA,NA,0
2010,8,14,NA,0,NA,0,NA,0,NA,0,NA,0,NA,NA,0
2010,8,15,NA,0,NA,0,NA,0,NA,0,NA,0,NA,NA,0
2010,8,16,NA,0,NA,0,NA,0,NA,0,NA,0,NA,NA,0
2010,8,17,NA,0,NA,0,NA,0,NA,0,NA,0,NA,NA,0
2010,8,18,NA,0,NA,0,NA,0,NA,0,NA,0,NA,NA,0
2010,8,19,NA,0,NA,0,NA,0,NA,0,NA,0,NA,NA,0
2010,8,20,NA,0,NA,0,NA,0,NA,0,NA,0,NA,NA,0
2010,8,21,NA,0,NA,0,NA,0,NA,0,NA,0,NA,NA,0
2010,8,22,NA,0,NA,0,NA,0,NA,0,NA,0,NA,NA,0
2010,8,23,NA,0,NA,0,NA,0,NA,0,NA,0,NA,NA,0
2010,8,24,NA,0,NA,0,NA,0,NA,0,NA,0,NA,NA,0
2010,8,25,NA,0,NA,0,NA,0,NA,0,NA,0,NA,NA,0
2010,8,26,NA,0,NA,0,NA,0,NA,0,NA,0,NA,NA,0
2010,8,27,NA,0,NA,0,NA,0,NA,0,NA,0,NA,NA,0
2010,8,28,NA,0,NA,0,NA,0,NA,0,NA,0,NA,NA,0
2010,8,29,NA,0,NA,0,NA,0,NA,0,NA,0,NA,NA,0
2010,8,30,NA,0,NA,0,NA,0,NA,0,NA,0,NA,NA,0
2010,8,31,NA,0,NA,0,NA,0,NA,0,NA,0,NA,NA,0
2010,9,1,NA,0,NA,0,NA,0,NA,0,NA,0,NA,NA,0
2010,9,2,NA,0,NA,0,NA,0,NA,0,NA,0,NA,NA,0
2010,9,3,NA,0,NA,0,NA,0,NA,0,NA,0,NA,NA,0
2010,9,4,NA,0,NA,0,NA,0,NA,0,NA,0,NA,NA,0
2010,9,5,NA,0,NA,0,NA,0,NA,0,NA,0,NA,NA,0
2010,9,6,NA,0,NA,0,NA,0,NA,0,NA,0,NA,NA,0
2010,9,7,NA,0,NA,0,NA,0,NA,0,NA,0,NA,NA,0
2010,9,8,NA,0,NA,0,NA,0,NA,0,NA,0,NA,NA,0
2010,9,9,NA,0,NA,0,NA,0,NA,0,NA,0,NA,NA,0
2010,9,10,NA,0,NA,0,NA,0,NA,0,NA,0,NA,NA,0
2010,9,11,NA,0,NA,0,NA,0,NA,0,NA,0,NA,NA,0
2010,9,12,NA,0,NA,0,NA,0,NA,0,NA,0,NA,NA,0
2010,9,13,NA,0,NA,0,NA,0,NA,0,NA,0,NA,NA,0
2010,9,14,NA,0,NA,0,NA,0,NA,0,NA,0,NA,NA,0
2010,9,15,NA,0,NA,0,NA,0,NA,0,NA,0,NA,NA,0
2010,9,16,NA,0,NA,0,NA,0,NA,0,NA,0,NA,NA,0
2010,9,17,NA,0,NA,0,NA,0,NA,0,NA,0,NA,NA,0
2010,9,18,NA,0,NA,0,NA,0,NA,0,NA,0,NA,NA,0
2010,9,19,NA,0,NA,0,NA,0,NA,0,NA,0,NA,NA,0
2010,9,20,NA,0,NA,0,NA,0,NA,0,NA,0,NA,NA,0
2010,9,21,NA,0,NA,0,NA,0,NA,0,NA,0,NA,NA,0
2010,9,22,NA,0,NA,0,NA,0,NA,0,NA,0,NA,NA,0
2010,9,23,NA,0,NA,0,NA,0,NA,0,NA,0,NA,NA,0
2010,9,24,NA,0,NA,0,NA,0,NA,0,NA,0,NA,NA,0
2010,9,25,NA,0,NA,0,NA,0,NA,0,NA,0,NA,NA,0
2010,9,26,NA,0,NA,0,NA,0,NA,0,NA,0,NA,NA,0
2010,9,27,NA,0,NA,0,NA,0,NA,0,NA,0,NA,NA,0
2010,9,28,NA,0,NA,0,NA,0,NA,0,NA,0,NA,NA,0
2010,9,29,NA,0,NA,0,NA,0,NA,0,NA,0,NA,NA,0
2010,9,30,NA,0,NA,0,NA,0,NA,0,NA,0,NA,NA,0
2010,10,1,NA,0,NA,0,NA,0,NA,0,NA,0,NA,NA,0
2010,10,2,NA,0,NA,0,NA,0,NA,0,NA,0,NA,NA,0
2010,10,3,NA,0,NA,0,NA,0,NA,0,NA,0,NA,NA,0
2010,10,4,NA,0,NA,0,NA,0,NA,0,NA,0,NA,NA,0
2010,10,5,NA,0,NA,0,NA,0,NA,0,NA,0,NA,NA,0
2010,10,6,NA,0,NA,0,NA,0,NA,0,NA,0,NA,NA,0
2010,10,7,NA,0,NA,0,NA,0,NA,0,NA,0,NA,NA,0
2010,10,8,NA,0,NA,0,NA,0,NA,0,NA,0,NA,NA,0
2010,10,9,NA,0,NA,0,NA,0,NA,0,NA,0,NA,NA,0
2010,10,10,NA,0,NA,0,NA,0,NA,0,NA,0,NA,NA,0
2010,10,11,NA,0,NA,0,NA,0,NA,0,NA,0,NA,NA,0
2010,10,12,NA,0,NA,0,NA,0,NA,0,NA,0,NA,NA,0
2010,10,13,NA,0,NA,0,NA,0,NA,0,NA,0,NA,NA,0
2010,10,14,NA,0,NA,0,NA,0,NA,0,NA,0,NA,NA,0
2010,10,15,NA,0,NA,0,NA,0,NA,0,NA,0,NA,NA,0
2010,10,16,NA,0,NA,0,NA,0,NA,0,NA,0,NA,NA,0
2010,10,17,NA,0,NA,0,NA,0,NA,0,NA,0,NA,NA,0
2010,10,18,NA,0,NA,0,NA,0,NA,0,NA,0,NA,NA,0
2010,10,19,NA,0,NA,0,NA,0,NA,0,NA,0,NA,NA,0
2010,10,20,NA,0,NA,0,NA,0,NA,0,NA,0,NA,NA,0
2010,10,21,NA,0,NA,0,NA,0,NA,0,NA,0,NA,NA,0
2010,10,22,NA,0,NA,0,NA,0,NA,0,NA,0,NA,NA,0
2010,10,23,NA,0,NA,0,NA,0,NA,0,NA,0,NA,NA,0
2010,10,24,NA,0,NA,0,NA,0,NA,0,NA,0,NA,NA,0
2010,10,25,NA,0,NA,0,NA,0,NA,0,NA,0,NA,NA,0
2010,10,26,NA,0,NA,0,NA,0,NA,0,NA,0,NA,NA,0
2010,10,27,NA,0,NA,0,NA,0,NA,0,NA,0,NA,NA,0
2010,10,28,NA,0,NA,0,NA,0,NA,0,NA,0,NA,NA,0
2010,10,29,NA,0,NA,0,NA,0,NA,0,NA,0,NA,NA,0
2010,10,30,NA,0,NA,0,NA,0,NA,0,NA,0,NA,NA,0
2010,10,31,NA,0,NA,0,NA,0,NA,0,NA,0,NA,NA,0
2010,11,1,NA,0,NA,0,NA,0,NA,0,NA,0,NA,NA,0
2010,11,2,NA,0,NA,0,NA,0,NA,0,NA,0,NA,NA,0
2010,11,3,NA,0,NA,0,NA,0,NA,0,NA,0,NA,NA,0
2010,11,4,NA,0,NA,0,NA,0,NA,0,NA,0,NA,NA,0
2010,11,5,NA,0,NA,0,NA,0,NA,0,NA,0,NA,NA,0
2010,11,6,NA,0,NA,0,NA,0,NA,0,NA,0,NA,NA,0
2010,11,7,NA,0,NA,0,NA,0,NA,0,NA,0,NA,NA,0
2010,11,8,NA,0,NA,0,NA,0,NA,0,NA,0,NA,NA,0
2010,11,9,NA,0,NA,0,NA,0,NA,0,NA,0,NA,NA,0
2010,11,10,NA,0,NA,0,NA,0,NA,0,NA,0,NA,NA,0
2010,11,11,NA,0,NA,0,NA,0,NA,0,NA,0,NA,NA,0
2010,11,12,NA,0,NA,0,NA,0,NA,0,NA,0,NA,NA,0
2010,11,13,NA,0,NA,0,NA,0,NA,0,NA,0,NA,NA,0
2010,11,14,NA,0,NA,0,NA,0,NA,0,NA,0,NA,NA,0
2010,11,15,NA,0,NA,0,NA,0,NA,0,NA,0,NA,NA,0
2010,11,16,NA,0,NA,0,NA,0,NA,0,NA,0,NA,NA,0
2010,11,17,NA,0,NA,0,NA,0,NA,0,NA,0,NA,NA,0
2010,11,18,NA,0,NA,0,NA,0,NA,0,NA,0,NA,NA,0
2010,11,19,NA,0,NA,0,NA,0,NA,0,NA,0,NA,NA,0
2010,11,20,NA,0,NA,0,NA,0,NA,0,NA,0,NA,NA,0
2010,11,21,NA,0,NA,0,NA,0,NA,0,NA,0,NA,NA,0
2010,11,22,NA,0,NA,0,NA,0,NA,0,NA,0,NA,NA,0
2010,11,23,NA,0,NA,0,NA,0,NA,0,NA,0,NA,NA,0
2010,11,24,NA,0,NA,0,NA,0,NA,0,NA,0,NA,NA,0
2010,11,25,NA,0,NA,0,NA,0,NA,0,NA,0,NA,NA,0
2010,11,26,NA,0,NA,0,NA,0,NA,0,NA,0,NA,NA,0
2010,11,27,NA,0,NA,0,NA,0,NA,0,NA,0,NA,NA,0
2010,11,28,NA,0,NA,0,NA,0,NA,0,NA,0,NA,NA,0
2010,11,29,NA,0,NA,0,NA,0,NA,0,NA,0,NA,NA,0
2010,11,30,NA,0,NA,0,NA,0,NA,0,NA,0,NA,NA,0
2010,12,1,NA,0,NA,0,NA,0,NA,0,NA,0,NA,NA,0
2010,12,2,NA,0,NA,0,NA,0,NA,0,NA,0,NA,NA,0
2010,12,3,NA,0,NA,0,NA,0,NA,0,NA,0,NA,NA,0
2010,12,4,NA,0,NA,0,NA,0,NA,0,NA,0,NA,NA,0
2010,12,5,NA,0,NA,0,NA,0,NA,0,NA,0,NA,NA,0
2010,12,6,NA,0,NA,0,NA,0,NA,0,NA,0,NA,NA,0
2010,12,7,NA,0,NA,0,NA,0,NA,0,NA,0,NA,NA,0
2010,12,8,NA,0,NA,0,NA,0,NA,0,NA,0,NA,NA,0
2010,12,9,NA,0,NA,0,NA,0,NA,0,NA,0,NA,NA,0
2010,12,10,NA,0,NA,0,NA,0,NA,0,NA,0,NA,NA,0
2010,12,11,NA,0,NA,0,NA,0,NA,0,NA,0,NA,NA,0
2010,12,12,NA,0,NA,0,NA,0,NA,0,NA,0,NA,NA,0
2010,12,13,NA,0,NA,0,NA,0,NA,0,NA,0,NA,NA,0
2010,12,14,NA,0,NA,0,NA,0,NA,0,NA,0,NA,NA,0
2010,12,15,NA,0,NA,0,NA,0,NA,0,NA,0,NA,NA,0
2010,12,16,NA,0,NA,0,NA,0,NA,0,NA,0,NA,NA,0
2010,12,17,NA,0,NA,0,NA,0,NA,0,NA,0,NA,NA,0
2010,12,18,NA,0,NA,0,NA,0,NA,0,NA,0,NA,NA,0
2010,12,19,NA,0,NA,0,NA,0,NA,0,NA,0,NA,NA,0
2010,12,20,NA,0,NA,0,NA,0,NA,0,NA,0,NA,NA,0
2010,12,21,NA,0,NA,0,NA,0,NA,0,NA,0,NA,NA,0
2010,12,22,NA,0,NA,0,NA,0,NA,0,NA,0,NA,NA,0
2010,12,23,NA,0,NA,0,NA,0,NA,0,NA,0,NA,NA,0
2010,12,24,NA,0,NA,0,NA,0,NA,0,NA,0,NA,NA,0
2010,12,25,NA,0,NA,0,NA,0,NA,0,NA,0,NA,NA,0
2010,12,26,NA,0,NA,0,NA,0,NA,0,NA,0,NA,NA,0
2010,12,27,NA,0,NA,0,NA,0,NA,0,NA,0,NA,NA,0
2010,12,28,NA,0,NA,0,NA,0,NA,0,NA,0,NA,NA,0
2010,12,29,NA,0,NA,0,NA,0,NA,0,NA,0,NA,NA,0
2010,12,30,NA,0,NA,0,NA,0,NA,0,NA,0,NA,NA,0
2010,12,31,NA,0,NA,0,NA,0,NA,0,NA,0,NA,NA,0
2011,1,1,-16.34,0.625,770.79,1,8.8,0.625,252.5,1,71.63,1,2.94,297,0.625
2011,1,2,-19.96,0.625,770.89,1,12.67,0.375,308,0.625,67.13,1,NA,NA,0.125
2011,1,3,-20.53,0.5,770.03,1,11.5,0.25,311.25,1,66.63,1,11.15,320.34,0.25
2011,1,4,-22,0.375,767.46,1,2.5,0.25,283.75,1,66,1,2.49,252,0.25
2011,1,5,-20.14,0.625,765.95,1,6.25,0.5,303.75,1,69.13,1,5.92,297.32,0.5
2011,1,6,-21.42,0.625,765.68,1,8,0.5,241.25,1,66,1,7.13,276.49,0.5
2011,1,7,-20.33,0.75,770.03,1,6.5,0.25,277.5,1,68.13,1,3.5,281.79,0.25
2011,1,8,-20.14,0.625,771.8,1,9.67,0.375,290,1,68.25,1,8.01,288.2,0.375
2011,1,9,-20.93,0.5,771.59,1,11,0.25,288.75,1,68.38,1,10.87,304.58,0.25
2011,1,10,-19.76,0.625,771.53,1,NA,0.125,246.25,1,70.88,1,NA,NA,0.125
2011,1,11,-20.58,0.75,772.54,1,9,0.75,247.5,0.5,70,1,4.62,245.82,0.5
2011,1,12,-20.74,0.625,770.09,1,NA,0.125,261.25,1,72,1,NA,NA,0.125
2011,1,13,-18.71,1,766.8,1,7,0.25,213.75,1,72.63,1,6.57,220.08,0.25
2011,1,14,-17.7,1,770.06,1,13.5,0.25,177.5,1,79.25,1,13.45,185.56,0.25
2011,1,15,-16.66,1,776.64,1,13.6,0.625,175,1,78.63,1,13.53,180,0.625
2011,1,16,-18.6,0.75,777.64,1,8.67,0.375,267.5,1,72.13,1,7.35,278.89,0.375
2011,1,17,-20.7,0.5,780.15,1,11.33,0.375,287.5,1,70.5,1,11.24,302.07,0.375
2011,1,18,-20.55,0.5,781.79,1,13.25,0.5,301.67,0.75,69.38,1,11.17,302.38,0.375
2011,1,19,-19.3,0.875,780.1,1,17,0.25,252.86,0.875,69.63,1,NA,NA,0.125
2011,1,20,-21.88,0.75,781.56,1,12.5,0.25,292,0.625,65.5,1,NA,NA,0.125
2011,1,21,-21.06,0.875,779.28,1,15.5,0.25,286.25,1,65.5,1,15.26,290.33,0.25
2011,1,22,-20.65,0.5,773.41,1,NA,0.125,272.5,1,60.88,1,NA,NA,0.125
2011,1,23,-22.52,0.625,769.96,1,NA,0.125,316,0.625,65.88,1,NA,NA,0
2011,1,24,-22.25,0.5,772.31,1,16,0.25,308.75,1,65.88,1,15.94,305.31,0.25
2011,1,25,-19.63,0.5,773.25,1,14,0.375,290,1,63.13,1,13.66,314.74,0.375
2011,1,26,-20.5,0.375,772.9,1,6.33,0.375,273.75,1,64,1,6.05,299.55,0.375
2011,1,27,-18.74,0.875,775.96,1,6,0.5,285,1,67.63,1,5.89,275,0.5
2011,1,28,-22.36,0.625,774.35,1,13.67,0.375,305,1,64.25,1,12.97,297.44,0.375
2011,1,29,-23.65,0.5,768.11,1,11.5,0.25,308.75,1,69.13,1,11.46,305.22,0.25
2011,1,30,-23.03,0.5,768.31,1,4.67,0.375,252.5,1,70.63,1,4.66,318.58,0.375
2011,1,31,-20.64,0.625,769.93,1,6.2,0.625,195,1,77.29,0.875,6.11,176.18,0.625
2011,2,1,-23.16,1,769.78,1,NA,0.125,218.75,1,73.88,1,NA,NA,0.125
2011,2,2,-25.38,0.625,766.7,1,8,0.375,305,0.75,66.63,1,7.97,297.09,0.375
2011,2,3,-26.47,0.75,765.33,1,16,0.375,300,0.625,66.5,1,14.45,294.48,0.25
2011,2,4,-27.3,1,765.14,1,9.4,0.625,293.75,1,68.38,1,8.52,295.63,0.625
2011,2,5,-25.53,0.75,762.36,1,7,0.375,217.5,1,69,1,3.74,266.16,0.375
2011,2,6,-20.97,0.875,767.9,1,7.5,0.25,155,1,78,1,6.96,167.28,0.25
2011,2,7,-24.4,0.625,770.28,1,7.33,0.375,286.25,1,62.25,1,4.65,265.21,0.375
2011,2,8,-27.93,0.875,764.78,1,9,0.375,301.25,1,65.75,1,8.68,292.4,0.375
2011,2,9,-26.41,0.875,765.59,1,4.4,0.625,256.25,1,69.5,1,3.45,289.58,0.625
2011,2,10,-30,0.625,764.11,1,NA,0,315,1,68.13,1,NA,NA,0
2011,2,11,-28.23,0.75,762.96,1,9.25,0.5,287.5,1,64.25,1,9.17,298.91,0.5
2011,2,12,-25.83,0.5,769.79,1,8,0.375,275,1,68.63,1,7.83,289.23,0.375
2011,2,13,-29.12,0.75,767.11,1,9.25,0.5,287.5,1,64.38,1,8.52,283.23,0.5
2011,2,14,-32.77,0.875,761.84,1,15,0.375,306,0.625,63.25,1,15.94,315,0.25
2011,2,15,-31.73,0.5,765.99,1,NA,0.125,297.5,1,65.13,1,NA,NA,0.125
2011,2,16,-31.73,0.375,768.95,1,17.33,0.375,318.75,1,64.75,1,17.08,317.67,0.375
2011,2,17,-32.27,0.75,758.35,1,14.75,0.5,310,1,62.5,1,14.6,303.24,0.5
2011,2,18,-25.63,0.75,755.74,1,5,0.375,303.75,1,68.63,1,4.98,304,0.375
2011,2,19,-25.4,0.75,763.75,1,10,0.375,306.67,0.75,71.5,1,7.47,304.67,0.25
2011,2,20,-23.41,0.875,769.28,1,13.75,0.5,305,0.5,66.5,1,NA,NA,0.125
2011,2,21,-18.97,0.875,760.15,1,NA,0,NA,0.125,80.25,1,NA,NA,0
2011,2,22,-19.99,1,761.36,1,NA,0.125,152.5,1,79.38,1,NA,NA,0.125
2011,2,23,-22.96,0.875,762.51,1,NA,0,272,0.625,75.63,1,NA,NA,0
2011,2,24,-29.71,0.875,758.6,1,15.6,0.625,305,1,64.63,1,15.54,304.49,0.625
2011,2,25,-23.53,0.375,757.55,1,2.33,0.375,228.75,1,73.5,1,2.29,225.83,0.375
2011,2,26,-24.79,1,762.9,1,4,0.875,270,1,74.5,1,3.45,277.33,0.875
2011,2,27,-24.94,0.875,763.01,1,7.5,0.5,296.25,1,74.38,1,7.42,291.68,0.5
2011,2,28,-28.5,0.375,758.91,1,NA,0,255,1,69.25,1,NA,NA,0
2011,3,1,-26.5,1,766.06,1,NA,0.125,204,0.625,72.88,1,NA,NA,0.125
2011,3,2,-28.64,0.625,772.88,1,8.8,0.625,300,1,64.38,1,8.57,299.28,0.625
2011,3,3,-38.29,0.875,759.21,1,13.75,0.5,301.25,1,57.88,1,13.66,309.82,0.5
2011,3,4,-39.34,1,753.55,1,16.33,0.375,316,0.625,53.13,1,16.17,320,0.375
2011,3,5,-38,0.75,751.05,1,14.25,0.5,294,0.625,54.75,1,NA,NA,0.125
2011,3,6,-29.89,0.875,755.55,1,7,0.375,232,0.625,67.63,1,NA,NA,0.125
2011,3,7,-29.67,0.875,761.71,1,4.5,0.25,238.75,1,68.13,1,4.13,236.16,0.25
2011,3,8,-35.33,0.75,773.14,1,15.86,0.875,304,0.625,61.88,1,15.36,303.57,0.625
2011,3,9,-29.43,0.5,769.73,1,NA,0.125,291.25,1,62.88,1,NA,NA,0.125
2011,3,10,-36.78,0.75,763.69,1,14,0.375,320,1,57.88,1,13.68,324.26,0.375
2011,3,11,-42.49,1,761.2,1,NA,0,306.25,1,54.75,1,NA,NA,0
2011,3,12,-41.31,0.875,757.72,1,NA,0,276.25,1,54,1,NA,NA,0
2011,3,13,-45.09,0.875,756.1,1,18,0.75,308,0.625,48.63,1,19.27,306.73,0.375
2011,3,14,-45.6,0.5,755.35,1,21.5,0.5,305,1,49.75,1,21.17,310.47,0.5
2011,3,15,-43.29,0.875,757.93,1,16.8,0.625,298.75,1,52.5,1,16.7,300.24,0.625
2011,3,16,-38.93,1,764.84,1,13,0.875,296,0.625,50.63,1,12.15,295.74,0.625
2011,3,17,-37.35,1,769.39,1,16.88,1,293.33,0.75,52.88,1,16.45,293.58,0.75
2011,3,18,-36.29,1,767.04,1,12.67,0.75,286.25,1,55.5,1,12.62,286.45,0.75
2011,3,19,-34.56,1,765.24,1,8.25,0.5,226.25,1,61.38,1,5.23,216.65,0.5
2011,3,20,-36.18,0.75,766.4,1,11,0.625,288.75,1,58,1,10.51,295.19,0.625
2011,3,21,-39.11,0.875,765.39,1,16.33,0.375,305,1,57.63,1,16.33,310,0.375
2011,3,22,-31.07,0.75,770.36,1,7.71,0.875,306.25,1,67.25,1,7.47,307.64,0.875
2011,3,23,-35.82,0.625,770.76,1,14.2,0.625,313.75,1,61.13,1,14.15,314.93,0.625
2011,3,24,-30.96,0.625,778.9,1,6.5,0.5,308.75,1,67.25,1,6.25,313.14,0.5
2011,3,25,-36.74,1,783.81,1,17.67,0.375,308.75,1,60.63,1,17.61,306.61,0.375
2011,3,26,-33.34,1,781.16,1,16.8,0.625,311.25,1,62.13,1,16.66,312.51,0.625
2011,3,27,-37.13,1,777.21,1,12,0.375,302.5,0.5,56.75,1,NA,NA,0.125
2011,3,28,-39.91,0.875,771.31,1,13,0.25,311.25,1,56.88,1,12.58,321.46,0.25
2011,3,29,-41.76,1,768.89,1,20.6,0.625,320,0.625,55.63,1,21.26,316.57,0.375
2011,3,30,-44.05,1,767.61,1,20.33,0.75,305,0.75,53,1,19.18,305.07,0.5
2011,3,31,-45.9,1,767.1,1,16.71,0.875,305,0.5,50.25,1,17.43,305.14,0.5
2011,4,1,-35.1,0.5,764.26,1,19.5,0.5,331.25,1,62.5,1,18.5,327.37,0.5
2011,4,2,-24.63,0.75,764.3,1,NA,0,251.25,1,72.88,1,NA,NA,0
2011,4,3,-24.39,0.875,772.11,1,21.5,0.5,325,1,70.25,1,21.42,334.88,0.5
2011,4,4,-29.37,0.75,767.94,1,23,0.25,323.75,1,63.25,1,22.91,335,0.25
2011,4,5,-35.82,0.75,762.26,1,NA,0.125,321.25,1,54.63,1,NA,NA,0.125
2011,4,6,-43.07,0.375,763.82,1,NA,0,312.5,1,54.13,1,NA,NA,0
2011,4,7,-47.07,1,768.63,1,16.2,0.625,296.25,1,48.63,1,15.75,294.3,0.625
2011,4,8,-50.28,1,761.9,1,18.8,0.625,306.25,1,46.88,1,18.64,308.72,0.625
2011,4,9,-51.91,1,750.78,1,20.6,0.625,316.25,1,44.88,1,20.53,313.88,0.625
2011,4,10,-50.59,1,743.13,1,NA,0.125,315,1,46.5,1,NA,NA,0.125
2011,4,11,-39.05,0.75,752.46,1,10.67,0.375,296.25,1,59.88,1,10.53,296.22,0.375
2011,4,12,-41.16,0.875,764.85,1,13.4,0.625,294,0.625,56.38,1,12.16,297.54,0.375
2011,4,13,-45.1,1,763,1,19,0.875,313.33,0.75,52.5,1,18.82,314.02,0.625
2011,4,14,-37.59,0.875,763.23,1,19.2,0.625,294.29,0.875,61.75,1,18.68,324.93,0.5
2011,4,15,-21.96,0.875,774.33,1,3.75,0.5,187.5,1,77,1,3.55,175.53,0.5
2011,4,16,-24.61,0.875,774.9,1,3.2,0.625,301.25,1,74.5,1,3.11,306.9,0.625
2011,4,17,-34.3,0.625,768.29,1,5.25,0.5,303.75,1,64.75,1,5.1,304.81,0.5
2011,4,18,-35.99,1,767.09,1,18.5,0.75,307.5,1,52.38,1,18.43,304.95,0.75
2011,4,19,-32.95,1,773.66,1,18.25,0.5,312.5,0.5,53.38,1,NA,NA,0.125
2011,4,20,-36.58,1,774.05,1,16.5,0.75,305,0.25,57.75,1,16.94,304.71,0.25
2011,4,21,-37.07,1,766.95,1,16.29,0.875,310,0.75,58.88,1,14.76,307.98,0.625
2011,4,22,-42.5,0.875,768.79,1,15.6,0.625,324.29,0.875,53.63,1,14.93,331.4,0.5
2011,4,23,-42.14,1,770.53,1,NA,0.125,312,0.625,55.25,1,NA,NA,0.125
2011,4,24,-43.61,1,764.73,1,16,0.375,333.33,0.75,53.75,1,15.5,330,0.25
2011,4,25,-40.06,1,768.89,1,NA,0.125,296.25,1,57.5,1,NA,NA,0.125
2011,4,26,-40.65,1,769.11,1,14.5,0.25,320,1,56.5,1,14.45,324.14,0.25
2011,4,27,-40.93,1,760.55,1,18.33,0.375,317.5,1,55.63,1,18.28,322.9,0.375
2011,4,28,-45.79,1,758.5,1,16,0.75,298,0.625,51,1,15.17,300,0.375
2011,4,29,-43.9,1,764.49,1,14.75,0.5,304,0.625,53.38,1,13.95,303.33,0.375
2011,4,30,-44.1,1,764.54,1,20.83,0.75,310,0.25,53.25,1,NA,NA,0.125
2011,5,1,-40.86,1,764.07,1,18,0.875,305,1,56.38,1,17.78,306.36,0.875
2011,5,2,-40.96,0.625,758.75,1,12.25,0.5,297.5,1,58.5,1,11.98,289.92,0.5
2011,5,3,-25.4,0.625,759.66,1,19.5,0.25,231.25,1,69.5,1,19.5,0,0.25
2011,5,4,-37.4,1,758.49,1,NA,0.125,312.5,1,60.88,1,NA,NA,0.125
2011,5,5,-50.05,0.75,752.91,1,NA,0.125,308.75,1,48.38,1,NA,NA,0.125
2011,5,6,-52.71,1,753.03,1,20.2,0.625,318.33,0.75,44.5,1,19.6,316.78,0.375
2011,5,7,-47.45,1,746.15,1,16.25,0.5,320,1,49.75,1,16.1,323.4,0.5
2011,5,8,-51.65,1,752.5,1,14,0.75,316.25,1,45.25,1,13.67,314.86,0.75
2011,5,9,-49.91,1,755.59,1,17.25,0.5,310,0.625,46.75,1,20.29,313.54,0.25
2011,5,10,-42.43,0.5,765.16,1,NA,0.125,296,0.625,55.13,1,NA,NA,0.125
2011,5,11,-40.25,1,764.38,1,13.83,0.75,302,0.625,57.13,1,14.52,299.09,0.375
2011,5,12,-39.74,1,766.76,1,16.4,0.625,312,0.625,58,1,15.44,305.16,0.25
2011,5,13,-41.75,1,766.15,1,NA,0.125,315,1,55.63,1,NA,NA,0.125
2011,5,14,-45.65,1,763.04,1,19,0.375,314,0.625,51.38,1,19,310,0.25
2011,5,15,-47.53,1,759.76,1,21.67,0.375,320,1,49.38,1,21.59,316.62,0.375
2011,5,16,-51.19,1,759.86,1,20.6,0.625,312.5,0.5,45.5,1,20.46,310.81,0.375
2011,5,17,-41.37,0.75,754.73,1,13.4,0.625,190,0.25,56.13,1,NA,NA,0
2011,5,18,-35.97,1,751.21,1,8,0.75,252.5,1,62,1,4.83,280.03,0.75
2011,5,19,-39.49,1,743.54,1,15.25,1,305,0.5,57.38,1,13.7,304.91,0.5
2011,5,20,-32.6,1,740.88,1,9.83,0.75,285,1,64.38,1,9.74,305.74,0.75
2011,5,21,-31.01,0.875,743.71,1,NA,0.125,248.75,1,66.5,1,NA,NA,0.125
2011,5,22,-40.61,1,745.53,1,18.5,0.25,307.5,1,56.38,1,18.5,300,0.25
2011,5,23,-49.51,1,750.03,1,23.5,0.25,320,0.625,48,1,NA,NA,0.125
2011,5,24,-51.55,1,752.84,1,20.5,0.75,305,0.5,45.63,1,20.92,305,0.25
2011,5,25,-49.36,1,756.07,1,18.4,0.625,314,0.625,47.5,1,18.94,316.85,0.375
2011,5,26,-49.71,1,753.2,1,NA,0,326.25,1,47.25,1,NA,NA,0
2011,5,27,-51.11,1,749.6,1,22,0.25,306.67,0.375,45.5,1,NA,NA,0
2011,5,28,-43.74,1,754.75,1,4.67,0.375,288.57,0.875,52.88,1,4.49,294.44,0.375
2011,5,29,-40.79,0.875,759.95,1,10.4,0.625,297.5,0.5,55.5,1,NA,NA,0.125
2011,5,30,-51.76,0.875,757.56,1,NA,0.125,282,0.625,45,1,NA,NA,0.125
2011,5,31,-49.88,0.75,756.28,1,11.67,0.375,292,0.625,48.88,1,11.33,299.56,0.25
2011,6,1,-39.24,0.875,753.18,1,9,0.25,181.25,1,58.63,1,9,180,0.25
2011,6,2,-41.04,1,755.79,1,3.5,0.25,298.75,1,56.75,1,3.23,263.7,0.25
2011,6,3,-46.39,1,759.09,1,17.17,0.75,323.75,1,51,1,17.1,325.24,0.75
2011,6,4,-48.34,1,763.65,1,22.5,0.25,315,1,48.88,1,22.16,309.33,0.25
2011,6,5,-43.85,0.75,762.19,1,19.8,0.625,315,1,52.75,1,19.38,317.81,0.625
2011,6,6,-45,1,757.6,1,18.17,0.75,303.33,0.75,52,1,17.8,302.52,0.5
2011,6,7,-47.36,0.875,756.94,1,18.4,0.625,298,0.625,50,1,16.28,303.26,0.375
2011,6,8,-45.7,1,754.78,1,18.4,0.625,315,0.5,51.13,1,19.27,316.38,0.375
2011,6,9,-43.27,0.375,751.89,1,12.33,0.375,266,0.625,56.25,1,9.86,299.02,0.25
2011,6,10,-36.36,1,758.71,1,13.4,0.625,245,1,61.75,1,12.88,306.25,0.625
2011,6,11,-46.03,0.875,762.79,1,17.4,0.625,307.5,1,52,1,17.3,309.88,0.625
2011,6,12,-43.64,1,758.25,1,13.43,0.875,306.25,1,53.75,1,13.39,307.24,0.875
2011,6,13,-40.78,1,756.66,1,13.4,0.625,307.5,1,56.63,1,13.35,313.88,0.625
2011,6,14,-42.78,0.75,761.84,1,15.6,0.625,306,0.625,54.5,1,14.47,306.79,0.375
2011,6,15,-43.01,0.875,767.23,1,16.75,0.5,310,0.625,53.88,1,16.28,306.53,0.375
2011,6,16,-32.08,0.625,777.45,1,6.4,0.625,302.5,1,66.38,1,6.32,306.59,0.625
2011,6,17,-36.34,0.625,780.32,1,8.5,0.75,307.5,0.5,61.25,1,8.97,304.44,0.25
2011,6,18,-39.3,1,774.19,1,9.33,0.75,300,0.5,58.75,1,8.97,296.67,0.375
2011,6,19,-34.18,0.5,772.16,1,0.8,0.625,240,1,67.25,1,0.27,260,0.625
2011,6,20,-34.14,0.875,771.84,1,4.67,0.75,285,1,65.75,1,4.61,278.97,0.75
2011,6,21,-29.62,0.75,766.91,1,10,0.25,316.25,1,68.75,1,8.67,303.3,0.25
2011,6,22,-31.63,0.75,754.93,1,9.33,0.375,241.67,0.75,69.88,1,9.3,273.21,0.375
2011,6,23,-37.53,0.5,766.63,1,18,0.25,314.29,0.875,58.25,1,17.93,304.72,0.25
2011,6,24,-46.21,1,767.33,1,14.25,0.5,288.33,0.75,51,1,13.95,285.72,0.25
2011,6,25,-49.49,1,759.36,1,NA,0.125,316.25,1,48,1,NA,NA,0.125
2011,6,26,-53.41,1,756.41,1,22.5,0.25,308.75,1,43.63,1,22.5,310,0.25
2011,6,27,-47.95,1,758.91,1,NA,0.125,318.75,1,49.13,1,NA,NA,0.125
2011,6,28,-49.32,0.75,761.3,1,20.33,0.375,304,0.625,47.38,1,NA,NA,0
2011,6,29,-45.84,0.875,761.66,1,18.5,0.5,310,0.875,51.88,1,17.61,312.83,0.375
2011,6,30,-53.78,0.625,759.73,1,21.5,0.25,302.5,0.5,43.75,1,NA,NA,0.125
2011,7,1,-53.71,1,754.14,1,23.33,0.375,300,0.25,42.75,1,NA,NA,0
2011,7,2,-54.14,1,750.86,1,19.75,0.5,305,0.25,42.13,1,NA,NA,0.125
2011,7,3,-53.76,0.875,749.83,1,23,0.25,307.5,0.5,43,1,NA,NA,0.125
2011,7,4,-44.17,0.75,755.76,1,15.25,0.5,315.71,0.875,52.63,1,15.47,314.08,0.375
2011,7,5,-47.79,1,754.29,1,19.33,0.375,323.33,0.375,48.75,1,NA,NA,0.125
2011,7,6,-45.6,1,749.68,1,17.75,0.5,310,0.75,50.75,1,16.83,310.39,0.375
2011,7,7,-47.89,1,759.68,1,17.6,0.625,303.33,0.375,48.63,1,18.43,304.59,0.25
2011,7,8,-48.04,1,762.11,1,14.5,1,305,0.75,48.38,1,14.11,305.06,0.75
2011,7,9,-47.85,1,760.65,1,12.71,0.875,300,0.375,48.13,1,13.67,300,0.375
2011,7,10,-47.64,1,770.01,1,16.33,0.75,305.71,0.875,48.63,1,16.24,306.08,0.625
2011,7,11,-48.01,1,768.01,1,18.8,0.625,315,0.75,48.25,1,18.2,312.6,0.5
2011,7,12,-47.36,1,757.24,1,18.43,0.875,324,0.625,49,1,19.18,325.2,0.5
2011,7,13,-50.81,1,757.56,1,12.75,1,313.33,0.75,45.38,1,13.65,314.08,0.75
2011,7,14,-46.2,0.5,758.71,1,11.43,0.875,256,0.625,55.13,1,6.93,285.54,0.5
2011,7,15,-29.42,0.75,753.57,1,NA,0,173.75,1,70,1,NA,NA,0
2011,7,16,-31.58,1,755.98,1,NA,0,183.75,1,67.5,1,NA,NA,0
2011,7,17,-39.33,0.75,754.53,1,17.67,0.375,303.75,1,58.29,0.875,17.49,310,0.375
2011,7,18,-31.89,0.875,753.73,1,13.17,0.75,256.67,0.375,66,1,NA,NA,0.125
2011,7,19,-34.83,1,758.4,1,5.33,0.375,272.5,1,64.25,1,4.28,264.63,0.375
2011,7,20,-31.49,0.875,767.56,1,NA,0.125,245,1,66.5,1,NA,NA,0.125
2011,7,21,-43.9,0.75,770.26,1,12,0.875,321.25,1,54.38,1,11.76,321.92,0.875
2011,7,22,-43,0.75,774.75,1,11.67,0.375,311.25,1,56,1,11.37,329.88,0.375
2011,7,23,-43.01,1,760.15,1,16.5,0.5,316.25,1,54.13,1,15.93,317.96,0.5
2011,7,24,-44.4,1,761.19,1,8.5,0.75,304,0.625,52.75,1,9.71,303.84,0.5
2011,7,25,-49.51,1,766.44,1,14,0.875,304,0.625,47.5,1,13.45,305.19,0.5
2011,7,26,-44.85,1,763.36,1,14.67,0.75,298,0.625,51.75,1,13.7,295.09,0.5
2011,7,27,-46.46,1,756.98,1,19.25,0.5,312.5,1,50.38,1,19.19,312.59,0.5
2011,7,28,-41.83,0.875,761.68,1,14.33,0.75,303.33,0.375,55,1,11,300,0.25
2011,7,29,-45.81,1,772.03,1,16.8,0.625,310,0.75,51.5,1,16.45,312.57,0.5
2011,7,30,-51.03,1,773.22,1,18.12,1,310,0.25,45.75,1,18,310,0.25
2011,7,31,-45.53,0.75,773.45,1,16,0.875,308.57,0.875,52,1,15.89,308.33,0.75
2011,8,1,-29.02,0.625,776.98,1,NA,0.125,198.75,1,68.5,1,NA,NA,0.125
2011,8,2,-28.42,1,790,1,4,0.375,267.5,1,70.75,1,3.47,264.3,0.375
2011,8,3,-29.44,1,795,1,NA,0.125,297.5,1,69.63,1,NA,NA,0.125
2011,8,4,-28.5,1,793.38,1,10.75,0.5,302.5,1,60.63,1,10.72,296.98,0.5
2011,8,5,-36.39,1,780.24,1,13,0.5,303.75,1,55.13,1,12.85,298.84,0.5
2011,8,6,-38.45,1,766.91,1,18.5,0.25,320,1,58.13,1,18.43,324.86,0.25
2011,8,7,-43.64,1,758.73,1,14.67,0.375,315,1,54.25,1,14.62,322.95,0.375
2011,8,8,-48.84,1,758.5,1,16.67,0.375,311.25,1,48.38,1,16.67,310,0.375
2011,8,9,-54.91,0.875,757.91,1,NA,0,312,0.625,41.75,1,NA,NA,0
2011,8,10,-46.34,0.625,771.44,1,13.83,0.75,305,0.75,49.5,1,12.2,304.9,0.5
2011,8,11,-45.98,1,766.68,1,19.33,0.75,314.29,0.875,50.75,1,19.73,314.04,0.625
2011,8,12,-45.59,1,759.22,1,20.12,1,314,0.625,51.38,1,20.2,314.24,0.625
2011,8,13,-47.41,1,770.31,1,19.6,0.625,301.67,0.75,49.38,1,19.18,305.33,0.5
2011,8,14,-51.62,0.5,775.86,1,19.5,0.25,297.5,0.5,48.88,1,NA,NA,0.125
2011,8,15,-40.06,0.625,770.89,1,NA,0.125,286.67,0.75,57.75,1,NA,NA,0
2011,8,16,-39.64,0.875,776.13,1,NA,0.125,320,0.875,54.63,1,NA,NA,0
2011,8,17,-35.98,0.625,772.24,1,19,0.25,320,1,54.63,1,18.35,314.19,0.25
2011,8,18,-38.4,0.5,758.79,1,14.25,0.5,291.43,0.875,56.13,1,13.34,293.38,0.375
2011,8,19,-46.14,0.875,756.75,1,NA,0.125,308.33,0.75,50.5,1,NA,NA,0.125
2011,8,20,-54.75,1,748.73,1,16,0.25,321.25,1,42.25,1,15.94,325.31,0.25
2011,8,21,-54.28,1,751.41,1,14,0.375,320,1,42.5,1,13.95,323.33,0.375
2011,8,22,-52.85,1,754.1,1,19,0.375,315,1,43.63,1,18.82,310.7,0.375
2011,8,23,-50.3,0.875,738.65,1,17,1,315,0.5,47.13,1,18.68,315.07,0.5
2011,8,24,-43.65,0.75,745.18,1,13.5,0.25,297.5,1,52,1,13.45,304.81,0.25
2011,8,25,-40.92,0.75,753.21,1,8,0.5,300,1,57.38,1,7.65,296.58,0.5
2011,8,26,-45.1,1,755.96,1,15.25,0.5,315,0.25,52.38,1,NA,NA,0.125
2011,8,27,-47.41,1,749.14,1,14,0.625,310,0.5,49.75,1,13.3,310.37,0.25
2011,8,28,-41.37,0.875,755.24,1,11,1,306.67,0.375,55.75,1,11.96,306.39,0.375
2011,8,29,-37.81,1,762.36,1,10.5,1,311.43,0.875,60,1,10.28,311.07,0.875
2011,8,30,-36.78,0.75,760.42,1,9.4,0.625,303.75,1,61.88,1,9.3,301.07,0.625
2011,8,31,-37.26,1,760.3,1,10.57,0.875,312.5,1,61,1,10.51,311.49,0.875
2011,9,1,-35.19,0.875,760.76,1,9.6,0.625,303.75,1,62.63,1,9.34,309.13,0.625
2011,9,2,-41.23,0.875,764.01,1,13.5,0.75,286.67,0.75,56.88,1,12.92,291.25,0.5
2011,9,3,-45.02,0.75,768.11,1,15,0.75,311.43,0.875,54,1,15.26,312.22,0.625
2011,9,4,-39.7,1,768.05,1,15,1,302,0.625,53.13,1,13.96,302.14,0.625
2011,9,5,-36.01,1,770.8,1,11.38,1,291.25,1,55.63,1,11.18,292.29,1
2011,9,6,-41.71,1,768.76,1,16.29,0.875,305,0.25,52.25,1,14.94,304.67,0.25
2011,9,7,-48.12,0.75,759.94,1,15,0.75,305,0.5,48.5,1,14.44,305,0.5
2011,9,8,-48.74,0.875,761.09,1,13.75,1,311.25,1,48.38,1,13.68,311,1
2011,9,9,-38.89,0.875,758.86,1,9.86,0.875,308.75,1,58.13,1,9.79,308.4,0.875
2011,9,10,-29.97,0.75,763.94,1,NA,0,198.75,1,68,1,NA,NA,0
2011,9,11,-30.42,1,769.32,1,5.33,0.75,246.25,1,68.75,1,3.44,237.29,0.75
2011,9,12,-34.7,0.875,769.19,1,11,0.5,307.5,1,62.88,1,10.92,312.28,0.5
2011,9,13,-39.89,0.875,769.71,1,19,0.5,317.5,0.5,58,1,NA,NA,0
2011,9,14,-39.84,1,776.79,1,15.6,0.625,318.75,1,50.13,1,15.18,321.32,0.625
2011,9,15,-36.83,1,778.28,1,13,0.5,312.5,0.5,50.63,1,12.55,309.47,0.375
2011,9,16,-36.73,1,773.9,1,13.38,1,307.5,0.5,49.63,1,12.71,307.46,0.5
2011,9,17,-41.3,1,770.41,1,14.43,0.875,303.33,0.75,49.38,1,12.16,304.1,0.625
2011,9,18,-42.99,1,767.71,1,19.71,0.875,314,0.625,52.13,1,19.69,312.65,0.5
2011,9,19,-44.21,1,765.39,1,19.8,0.625,303.33,0.75,45,1,18.43,303.96,0.375
2011,9,20,-43.58,0.75,756.55,1,18.8,0.625,287.5,1,47.75,1,18.73,303.93,0.625
2011,9,21,-40.76,1,765.05,1,NA,0.125,281.25,1,54.88,1,NA,NA,0.125
2011,9,22,-39.22,0.75,767.73,1,NA,0.125,307.5,1,52,1,NA,NA,0.125
2011,9,23,-37.32,0.625,755.25,1,11,0.25,292,0.625,57.5,1,11,290,0.25
2011,9,24,-42.87,0.75,754.11,1,NA,0,225,1,51.63,1,NA,NA,0
2011,9,25,-53.31,1,751.45,1,NA,0,322.5,1,43.25,1,NA,NA,0
2011,9,26,-52.05,1,748.78,1,16,0.625,310,0.75,44.13,1,16.61,306.8,0.375
2011,9,27,-39.32,0.75,754.53,1,16.14,0.875,302,0.625,56.63,1,15.49,301.93,0.5
2011,9,28,-44.37,0.875,759.56,1,19.67,0.375,320,0.375,52.88,1,NA,NA,0
2011,9,29,-44.39,1,765.3,1,NA,0.125,316,0.625,52.13,1,NA,NA,0.125
2011,9,30,-44.78,0.75,762.09,1,NA,0.125,311.67,0.75,50.63,1,NA,NA,0.125
2011,10,1,-47.4,0.875,766.75,1,18,0.25,312.5,0.5,49.13,1,NA,NA,0
2011,10,2,-40.79,0.875,757.22,1,NA,0.125,320,0.875,55.88,1,NA,NA,0.125
2011,10,3,-40.63,0.875,755.45,1,14,0.5,298,0.625,56.13,1,13.84,298.2,0.5
2011,10,4,-39.44,0.875,755.28,1,NA,0.125,312.5,0.5,58.38,1,NA,NA,0.125
2011,10,5,-41.6,0.875,760.63,1,15.29,0.875,301.67,0.75,49,1,14.73,301.91,0.75
2011,10,6,-35.57,0.75,771.36,1,11.71,0.875,306.25,1,60.38,1,11.62,305.84,0.875
2011,10,7,-29.08,0.625,777.92,1,7.33,0.375,283.75,1,67.13,1,7.31,312.72,0.375
2011,10,8,-32.31,1,777.14,1,18.25,0.5,313.75,1,65.38,1,18.07,317.38,0.5
2011,10,9,-26.58,0.625,768.95,1,NA,0,250,1,73.63,1,NA,NA,0
2011,10,10,-18.82,0.625,758.94,1,22,0.25,256.25,1,74,1,21.92,335,0.25
2011,10,11,-23.09,0.875,755.39,1,15.5,0.25,283.75,1,66.5,1,15.44,355.49,0.25
2011,10,12,-44.6,0.375,751.73,1,14,0.375,293.75,1,54,1,13.58,300.1,0.375
2011,10,13,-39.64,1,757.84,1,11.5,0.5,315,1,56.63,1,11.07,313.17,0.5
2011,10,14,-38.7,0.25,753.54,1,11.5,0.5,308.75,1,53.75,1,11.38,312.41,0.5
2011,10,15,-38.03,0.875,757.65,1,NA,0.125,282.5,1,58,1,NA,NA,0.125
2011,10,16,-33.36,0.875,763.46,1,8,0.25,308.75,1,55.13,1,7.88,310,0.25
2011,10,17,-31.16,0.625,757.34,1,9.5,0.5,273.75,1,56.38,1,8.75,289.45,0.5
2011,10,18,-38.76,0.625,755.21,1,17.5,0.25,312.5,1,49.5,1,17.43,314.86,0.25
2011,10,19,-42.97,0.375,747.71,1,17,0.375,315,1,51.25,1,16.95,312.54,0.375
2011,10,20,-44.75,0.5,746.71,1,16.5,0.5,305,0.75,49.5,1,16.28,313.26,0.375
2011,10,21,-41.8,0.375,747.16,1,NA,0.125,308.75,1,53.25,1,NA,NA,0.125
2011,10,22,-44.76,0.625,747.81,1,12.17,0.75,308.57,0.875,53.25,1,11.58,308.45,0.625
2011,10,23,-44.34,0.625,745.52,1,14,0.875,307.14,0.875,52.88,1,14.05,306.34,0.75
2011,10,24,-44.77,0.375,744.12,1,13.88,1,307.5,1,53.13,1,13.78,307.2,1
2011,10,25,-35.78,0.5,750.28,1,NA,0.125,246.25,1,63.88,1,NA,NA,0.125
2011,10,26,-32.17,0.75,753.81,1,8.67,0.375,260,1,66.5,1,8.34,295.16,0.375
2011,10,27,-30.05,1,756.53,1,NA,0.125,205,0.5,68.5,1,NA,NA,0
2011,10,28,-31.42,0.625,756.99,1,10.8,0.625,288.75,1,61.63,1,10.74,290.74,0.625
2011,10,29,-33.85,0.75,754.44,1,10,0.375,288.75,1,62.63,1,9.76,293.13,0.375
2011,10,30,-33.05,0.5,756.18,1,9.5,0.5,287.5,1,61.13,1,9.07,283.15,0.5
2011,10,31,-37.35,0.5,756.28,1,10.25,0.5,305,1,58.88,1,10.06,307.83,0.5
2011,11,1,-29.14,0.625,761.94,1,NA,0.125,180,1,68.25,1,NA,NA,0.125
2011,11,2,-31.42,0.625,772.94,1,17,0.25,278.33,0.75,63.5,1,NA,NA,0.125
2011,11,3,-32.68,0.5,781.35,1,11,0.5,297.5,1,61.38,1,10.8,297.75,0.5
2011,11,4,-36.58,0.5,779.21,1,12,0.25,296,0.625,57.13,1,11.85,294.2,0.25
2011,11,5,-35.33,0.375,777.63,1,11.6,0.625,305,1,60.5,1,11.53,310,0.625
2011,11,6,-26.7,0.5,773.79,1,6,0.25,228.75,1,70.63,1,5.22,245.5,0.25
2011,11,7,-22.4,0.75,774.95,1,NA,0.125,181.25,1,76,1,NA,NA,0.125
2011,11,8,-26.32,0.625,771.25,1,8.67,0.375,285,1,66.13,1,7.04,302.19,0.375
2011,11,9,-29.95,0.5,765.81,1,14.33,0.75,303.75,1,63.88,1,14.07,307.1,0.75
2011,11,10,-26.77,0.75,763.45,1,4.67,0.375,237.5,1,72,1,3.05,211.91,0.375
2011,11,11,-27.78,0.75,762.63,1,NA,0,241.25,1,70.5,1,NA,NA,0
2011,11,12,-30.68,0.625,765,1,15.5,0.5,315,1,62.38,1,15.05,315.92,0.5
2011,11,13,-30.58,0.625,769.39,1,15.6,0.625,310,1,62.25,1,15.48,313.04,0.625
2011,11,14,-29.65,0.5,773.28,1,18.5,0.5,310,0.625,59.5,1,19.27,316.73,0.375
2011,11,15,-28.4,0.5,775.08,1,16,0.5,310,0.625,60.63,1,17.61,306.8,0.375
2011,11,16,-25.5,0.375,773.8,1,17.4,0.625,318,0.625,56.25,1,18.6,323.57,0.375
2011,11,17,-23.96,0.625,774.09,1,16.25,0.5,313.75,1,58.13,1,16.2,303.07,0.5
2011,11,18,-27.73,0.375,770.54,1,13.5,0.25,308.75,1,58.25,1,13.45,306.67,0.25
2011,11,19,-28.85,0.5,768.03,1,NA,0.125,291.25,1,58.75,1,NA,NA,0.125
2011,11,20,-28.7,0.25,764.93,1,NA,0.125,287.5,1,63.75,1,NA,NA,0.125
2011,11,21,-27.47,0.375,760.85,1,NA,0.125,257.5,1,71.13,1,NA,NA,0.125
2011,11,22,-23.05,0.5,761.23,1,8.33,0.375,311.25,1,73.63,1,8.3,314,0.375
2011,11,23,-24.08,0.625,758.72,1,9.43,0.875,303.75,1,73.88,1,8.93,303.69,0.875
2011,11,24,-23.43,0.75,756.56,1,7.5,0.75,287.5,1,73.5,1,7.27,294.25,0.75
2011,11,25,-23.16,0.875,764.16,1,4.33,0.75,231.25,1,76.38,1,2.25,255.24,0.75
2011,11,26,-22.38,0.5,765.13,1,5.8,0.625,305,1,74.5,1,5.35,300.17,0.625
2011,11,27,-21.47,1,763.61,1,NA,0.125,181.25,1,72.63,1,NA,NA,0.125
2011,11,28,-22.28,0.75,759.41,1,9,0.5,295,1,71.88,1,8.71,302.27,0.5
2011,11,29,-19.9,0.25,754.59,1,NA,0,296.25,1,67,1,NA,NA,0
2011,11,30,-22.23,0.375,753.54,1,8.33,0.375,286.25,1,68.88,1,8.26,292.81,0.375
2011,12,1,-20.38,0.75,751.11,1,5.25,0.5,170,1,75.75,1,4.6,160.9,0.5
2011,12,2,-19.23,1,751.23,1,4.67,0.375,197.5,1,74.88,1,4.21,187.41,0.375
2011,12,3,-20.23,0.75,754.33,1,5.75,0.5,265,1,70.38,1,4.85,264.31,0.5
2011,12,4,-22.94,0.625,759.56,1,9,0.25,298.75,1,68.25,1,8.97,294.44,0.25
2011,12,5,-22.85,0.5,759.33,1,4.5,0.25,268,0.625,69.75,1,NA,NA,0.125
2011,12,6,-21.13,1,753.96,1,3.86,0.875,200,1,70.25,1,2.81,191.66,0.875
2011,12,7,-21.02,0.625,754.96,1,NA,0.125,282.5,1,65.38,1,NA,NA,0.125
2011,12,8,-21.8,0.25,757.1,1,11.33,0.375,301.25,1,70.5,1,11.24,301.77,0.375
2011,12,9,-21.1,0.75,757.65,1,11.75,1,301.25,1,70.25,1,11.65,300.85,1
2011,12,10,-21.2,0.625,755.91,1,11.2,0.625,301.25,1,67.88,1,10.6,300.51,0.625
2011,12,11,-21.34,0.625,758.89,1,10.5,0.25,295,1,67.75,1,10.35,312.4,0.25
2011,12,12,-20.07,0.75,761.51,1,7.5,0.5,252.5,1,66.13,1,7.2,280.76,0.5
2011,12,13,-19.96,0.875,758.84,0.875,6.29,0.875,211.43,0.875,73.57,0.875,5.36,215.66,0.875
2011,12,14,-22.07,0.75,761.9,1,9.8,0.625,296.25,1,65.75,1,9.24,296.04,0.625
2011,12,15,-22.6,0.5,760.68,1,4,0.25,285,1,64.25,1,3.46,260,0.25
2011,12,16,-20.38,0.75,761.16,1,7.5,0.25,163.75,1,70.63,1,6.8,136.78,0.25
2011,12,17,-21.79,0.875,764.81,1,9.17,0.75,213.75,1,69.63,1,7.74,192.8,0.75
2011,12,18,-22.75,0.5,772.53,1,NA,0,236.25,1,67.5,1,NA,NA,0
2011,12,19,-20.88,0.5,769.2,1,NA,0.125,275,1,66.13,1,NA,NA,0.125
2011,12,20,-19.88,0.5,764.64,1,8,0.375,282.5,1,66.88,1,7.92,290,0.375
2011,12,21,-20.16,0.625,757.63,1,4,0.25,226.25,1,71,1,3.63,245,0.25
2011,12,22,-18.72,0.75,766.51,1,4.67,0.375,251.25,1,75.38,1,4.29,263.42,0.375
2011,12,23,-17.97,0.75,765.9,1,8.67,0.375,282.5,1,66.75,1,8.14,270,0.375
2011,12,24,-19.2,0.5,766.84,1,8.5,0.5,287.5,1,67.75,1,7.71,283.82,0.5
2011,12,25,-18.76,0.625,769.46,1,10.67,0.75,298.75,1,70.25,1,10.45,300.05,0.75
2011,12,26,-18.56,0.625,770.84,1,11.5,0.5,303.75,1,69,1,10.18,309.34,0.5
2011,12,27,-11.6,0.625,770.38,1,6.33,0.375,266.25,1,67.25,1,6.09,276.13,0.375
2011,12,28,-13.6,1,768.38,1,3.5,0.75,227.5,1,70.29,0.875,2.79,232.43,0.75
2011,12,29,-14.32,0.625,770.05,1,5.33,0.375,243.75,1,66.75,1,4.16,294.8,0.375
2011,12,30,-15.66,0.625,770.23,1,7.29,0.875,230,1,62.75,1,4.92,248.3,0.875
2011,12,31,-15.34,0.625,766.22,1,NA,0.125,253.75,1,66.38,1,NA,NA,0.125
2012,1,1,-16.65,0.5,764.6,1,7.6,0.625,268.75,1,68.38,1,6.58,264.33,0.625
2012,1,2,-16.01,1,764.84,1,6,0.25,203.75,1,71.63,1,5.29,240.89,0.25
2012,1,3,-18.73,1,763.68,1,NA,0.125,221.25,1,71,1,NA,NA,0.125
2012,1,4,-18.9,0.75,762,1,3.25,0.5,178.75,1,71.25,1,1.03,252.22,0.5
2012,1,5,-21.4,0.5,758.59,1,7,0.625,272.5,1,71.75,1,5.61,304.21,0.625
2012,1,6,-22.02,0.75,756.39,1,11.67,0.375,305,1,66.38,1,11.59,313.44,0.375
2012,1,7,-22.18,0.75,757.26,1,13,0.5,282.5,1,61.88,1,12.12,287.92,0.5
2012,1,8,-20.73,0.375,760.54,1,8.2,0.625,286.25,1,67.5,1,7.49,291.96,0.625
2012,1,9,-18.48,0.75,773.65,1,13.5,0.25,290,1,68.5,1,11.36,308.14,0.25
2012,1,10,-15.35,0.75,774.36,1,3.25,0.5,281.25,1,65.75,1,3.05,273.35,0.5
2012,1,11,-11.9,0.875,771.61,1,5.25,0.5,281.25,1,75.75,1,5.21,260,0.5
2012,1,12,-12.92,0.75,770.24,1,5.4,0.625,242.5,1,70.75,1,3.85,258.29,0.625
2012,1,13,-17.02,0.75,769.14,1,7.8,0.625,280,1,66.88,1,6.27,283.55,0.625
2012,1,14,-17.67,0.875,765.88,1,10.4,0.625,293.75,1,74.25,1,10.25,301.79,0.625
2012,1,15,-17.82,0.75,762.59,1,6,0.375,270,1,74.13,1,5.93,284.48,0.375
2012,1,16,-16.48,1,764.24,1,6,0.625,160,1,82,1,5.74,153.94,0.625
2012,1,17,-19.12,0.75,764.71,1,9.5,0.5,260,1,72.75,1,5.75,293.19,0.5
2012,1,18,-19.83,0.5,763.43,1,10.29,0.875,293.33,0.75,68.75,1,9.8,295.27,0.625
2012,1,19,-21.33,0.5,762.84,1,7.6,0.625,272,0.625,69.75,1,6.55,281.51,0.5
2012,1,20,-22.78,0.5,761.57,1,10.25,0.5,293.75,1,69,1,10.18,309.27,0.5
2012,1,21,-26.95,0.25,761.45,1,NA,0.125,296,0.625,66.75,1,NA,NA,0.125
2012,1,22,-24.73,0.375,758.64,1,NA,0.125,293.75,1,66,1,NA,NA,0.125
2012,1,23,-20.45,0.75,756.3,1,NA,0.125,221.25,1,77.25,1,NA,NA,0.125
2012,1,24,-20.49,1,757.06,1,9.75,0.5,182,0.625,77.75,1,8.86,191.12,0.25
2012,1,25,-22.38,0.625,760.66,1,2,0.25,208.75,1,69.88,1,2,290,0.25
2012,1,26,-27.2,0.875,758.6,1,11.25,0.5,313.75,1,66.75,1,10.7,321.36,0.5
2012,1,27,-23.06,0.625,757.66,1,2,0.375,201.25,1,70,1,1.49,133.43,0.375
2012,1,28,-24.09,0.875,758.64,1,4.33,0.75,240,1,62.88,1,3.3,199.92,0.75
2012,1,29,-23.55,0.75,756,1,8,0.25,257.5,1,63.38,1,7.73,293.08,0.25
2012,1,30,-24.98,0.5,753.1,1,NA,0,288.75,1,63.75,1,NA,NA,0
2012,1,31,-24.4,0.5,753.64,1,12,0.25,310,1,64.38,1,12,290,0.25
2012,2,1,-27.28,0.75,752.77,1,14.33,0.375,287.5,1,63.75,1,14.13,302.58,0.375
2012,2,2,-24.26,0.625,756.71,1,NA,0,236.25,1,70.88,1,NA,NA,0
2012,2,3,-25.24,0.625,758.52,1,8.5,0.25,287.5,1,64.25,1,8.29,286.93,0.25
2012,2,4,-27.64,0.875,758.84,1,NA,0.125,313.75,1,59.5,1,NA,NA,0.125
2012,2,5,-22.6,0.625,757.56,1,NA,0.125,277.5,1,65.13,1,NA,NA,0.125
2012,2,6,-25.78,0.5,769.15,1,12,0.25,296.25,1,65,1,11.64,310.1,0.25
2012,2,7,-27.73,0.75,772.51,1,11.29,0.875,301.25,1,65.75,1,11.12,298.38,0.875
2012,2,8,-27.7,0.625,772.69,1,16,0.25,311.25,1,59.25,1,15.13,306.49,0.25
2012,2,9,-28.75,0.5,767.51,1,16,0.625,296,0.625,61.38,1,16.19,289.39,0.375
2012,2,10,-29.43,0.5,765.24,1,14.75,0.5,302.5,1,59.88,1,14.32,301.03,0.5
2012,2,11,-31.6,0.75,759.54,1,14,0.5,310,1,63,1,13.96,307.86,0.5
2012,2,12,-31.5,0.5,763.11,1,9,0.625,286,0.625,62.5,1,9,290,0.25
2012,2,13,-22.93,0.75,775.96,1,3.33,0.375,205,1,76.13,1,3.3,220,0.375
2012,2,14,-27.73,0.75,779.94,1,11.83,0.75,291.25,1,66,1,11.18,297.4,0.75
2012,2,15,-31.28,0.5,777.13,1,13.8,0.625,307.5,0.5,58,1,14.95,306.45,0.375
2012,2,16,-32.85,0.5,772.15,1,15.67,0.375,300,0.625,55.88,1,15.76,290,0.25
2012,2,17,-34,0.625,766.15,1,10.67,0.375,295,1,58.88,1,10.63,296.25,0.375
2012,2,18,-26.97,0.75,763.75,1,NA,0.125,243.33,0.75,65.88,1,NA,NA,0.125
2012,2,19,-17.6,0.75,771.41,1,NA,0,160,1,81.75,1,NA,NA,0
2012,2,20,-14.98,1,771.37,1,NA,0.125,223.75,1,82.38,1,NA,NA,0.125
2012,2,21,-23.7,0.5,771.21,1,11.5,0.5,272.5,1,70.13,1,11.41,310.22,0.5
2012,2,22,-32.2,0.5,769.81,1,15,0.5,320,1,57.75,1,14.94,315,0.5
2012,2,23,-33.2,0.625,765.74,1,13.25,0.5,313.75,1,53.25,1,13.25,320,0.5
2012,2,24,-33.37,0.75,761.54,1,15.8,0.625,304,0.625,52.5,1,15.98,302.2,0.375
2012,2,25,-32.4,0.375,765.28,1,15.2,0.625,287.5,1,57.63,1,15.17,301.84,0.625
2012,2,26,-25.06,0.625,769.99,1,17.67,0.375,301.25,1,67,1,16.95,311.54,0.375
2012,2,27,-28.3,1,764.95,1,7,0.625,270,1,65,1,6.52,264.02,0.625
2012,2,28,-28.25,0.5,769.81,1,13,0.25,311.25,1,59.63,1,12.26,305.2,0.25
2012,2,29,-30.1,0.5,774.54,1,NA,0.125,285,1,55.38,1,NA,NA,0.125
2012,3,1,-31.34,0.625,769.06,1,14.67,0.375,308.75,1,55.88,1,14.31,305.25,0.375
2012,3,2,-37.1,0.875,767.79,1,13.6,0.625,290,0.5,55.88,1,NA,NA,0.125
2012,3,3,-38.22,0.625,766.24,1,15.5,1,310,0.75,53.25,1,14.93,309.89,0.75
2012,3,4,-42.07,0.75,764.27,1,NA,0.125,305.71,0.875,53.38,1,NA,NA,0.125
2012,3,5,-39.75,0.75,762.49,1,14,1,297.5,0.5,55.38,1,13.86,296.95,0.5
2012,3,6,-39.27,0.75,760.41,1,13.5,0.25,300,1,53.5,1,13.45,285.56,0.25
2012,3,7,-44.65,1,756.24,1,NA,0,310,1,52.38,1,NA,NA,0
2012,3,8,-42.98,0.75,758.7,1,NA,0,310,1,53.13,1,NA,NA,0
2012,3,9,-44.76,0.625,760.66,1,19,0.25,310,0.75,52.63,1,NA,NA,0.125
2012,3,10,-40.8,0.375,756.47,1,15.33,0.375,293.75,1,56.75,1,15.28,296.96,0.375
2012,3,11,-33.78,1,756.14,1,11.17,0.75,310,0.625,62.38,1,11.1,316.77,0.5
2012,3,12,-32.28,0.5,758.7,1,13,0.5,305,1,64.88,1,12.87,305.81,0.5
2012,3,13,-37.44,1,761.76,1,18.25,0.5,315,0.25,59.38,1,NA,NA,0.125
2012,3,14,-35.81,1,760.61,1,14.5,0.5,295,1,61.38,1,14.13,297.61,0.5
2012,3,15,-38.73,0.875,762.32,1,18.2,0.625,315,0.25,59.13,1,21.92,315.23,0.25
2012,3,16,-37.49,1,762.6,1,18.4,0.625,320,0.75,56.63,1,17.16,320,0.375
2012,3,17,-41.16,0.875,764.31,1,NA,0,320,0.625,51.75,1,NA,NA,0
2012,3,18,-40.34,0.875,768.13,1,NA,0,320,0.5,47.88,1,NA,NA,0
2012,3,19,-35.55,1,764.23,1,14.67,0.375,295,0.25,51.63,1,NA,NA,0.125
2012,3,20,-42.46,0.875,756.8,1,17.75,0.5,305,0.5,47.75,1,18.93,305.26,0.25
2012,3,21,-40.66,0.875,761.98,1,NA,0.125,293.75,1,54.75,1,NA,NA,0.125
2012,3,22,-39.39,1,770.34,1,19.5,0.25,312.5,1,54.25,1,19.43,314.87,0.25
2012,3,23,-38,0.875,763.61,1,11.86,0.875,293.75,1,54.25,1,11.76,292.54,0.875
2012,3,24,-35.05,0.75,766.66,1,12.2,0.625,301.25,1,59.75,1,12.08,296.21,0.625
2012,3,25,-38.56,0.875,761.55,1,13.5,0.25,258.57,0.875,58.88,1,NA,NA,0.125
2012,3,26,-37.61,0.875,754.33,1,7.5,0.25,208,0.625,60.13,1,NA,NA,0.125
2012,3,27,-39.96,1,752.29,1,16.83,0.75,310,0.875,57.75,1,17.69,310.34,0.625
2012,3,28,-39.82,1,750,1,15.71,0.875,305,0.75,57.13,1,15.54,306.16,0.625
2012,3,29,-40.55,1,753.3,1,17,0.875,298.75,1,56.13,1,16.82,298.82,0.875
2012,3,30,-39.17,0.75,757.2,1,17,0.375,300,1,59,1,16.85,301.38,0.375
2012,3,31,-36.13,0.75,761.26,1,8.25,0.5,262.5,1,60.13,1,7.65,286.44,0.5
2012,4,1,-44.68,1,768.73,1,20,0.5,302,0.625,52.5,1,21.5,310,0.25
2012,4,2,-44.04,0.875,770.29,1,18,0.625,302.5,1,53.25,1,17.93,304,0.625
2012,4,3,-44.7,1,775.23,1,19,0.375,316.67,0.75,52.25,1,17.5,310,0.25
2012,4,4,-43.89,1,770.64,1,17,0.25,308.33,0.75,52.25,1,17,300,0.25
2012,4,5,-42.03,1,766.45,1,17.57,0.875,312,0.625,54.63,1,17.38,311.35,0.5
2012,4,6,-38.73,0.875,763.06,1,NA,0,316.25,1,58.13,1,NA,NA,0
2012,4,7,-42.1,1,762.59,1,22.75,0.5,298.33,0.75,52.13,1,22.67,300,0.375
2012,4,8,-50.83,1,763.15,1,21.25,0.5,302.5,1,45.25,1,21.09,299.65,0.5
2012,4,9,-49.78,1,767.73,1,18,0.625,310,0.625,46.5,1,18.44,307.3,0.5
2012,4,10,-48.07,1,759.15,1,15.33,0.375,312.5,1,48.25,1,15.28,313.26,0.375
2012,4,11,-50.19,1,755.45,1,19.2,0.625,310,1,45.88,1,19.04,311.78,0.625
2012,4,12,-45.91,1,755.51,1,17.38,1,306,0.625,50.5,1,17.73,305.96,0.625
2012,4,13,-48.55,1,752.55,1,19.75,0.5,312,0.625,47.5,1,19.72,307.31,0.375
2012,4,14,-50.83,1,752.1,1,21,0.25,314,0.625,45.38,1,NA,NA,0
2012,4,15,-52.6,1,757.18,1,20,0.375,312.5,1,43.38,1,19.93,316.34,0.375
2012,4,16,-48.94,1,760.51,1,15,0.375,310,0.5,46.75,1,NA,NA,0.125
2012,4,17,-51.8,1,761.07,1,21,0.375,316.67,0.75,44,1,20.93,313.33,0.375
2012,4,18,-49.85,1,760.78,1,22,0.25,314.29,0.875,46.13,1,NA,NA,0.125
2012,4,19,-47.8,1,757.06,1,21.67,0.375,316.67,0.75,48.13,1,21.59,316.46,0.375
2012,4,20,-47.68,1,754.4,1,20.67,0.75,306.67,0.375,48.25,1,NA,NA,0.125
2012,4,21,-50.05,1,752.07,1,25,0.375,313.33,0.375,45.88,1,NA,NA,0.125
2012,4,22,-45.02,0.625,748.43,1,NA,0.125,305.71,0.875,51.25,1,NA,NA,0.125
2012,4,23,-46.83,0.75,755.31,1,19.5,0.5,315,1,50.38,1,19.43,315.13,0.5
2012,4,24,-47.49,1,744.75,1,21.83,0.75,312.5,1,48.75,1,21.78,311.83,0.75
2012,4,25,-40.63,0.75,745.76,1,17.67,0.75,313.75,1,56.63,1,17.51,313.79,0.75
2012,4,26,-44.01,1,749.88,1,16.67,0.375,297.5,1,52.88,1,16.61,303.6,0.375
2012,4,27,-45.5,1,759.15,1,16.25,1,301.43,0.875,51,1,16.19,301.23,0.875
2012,4,28,-43.73,1,762.8,1,17.43,0.875,305,0.25,53.13,1,13.45,305.19,0.25
2012,4,29,-49.29,1,760.44,1,23.5,0.25,312.5,0.5,47.38,1,NA,NA,0.125
2012,4,30,-49.48,1,766.71,1,21.8,0.625,302.5,0.5,46.75,1,NA,NA,0.125
2012,5,1,NA,0.125,757.14,1,NA,0,225,1,64.88,1,NA,NA,0
2012,5,2,-44.3,0.5,749.29,1,NA,0,310,1,53.63,1,NA,NA,0
2012,5,3,-50.09,1,748.58,1,NA,0,326.25,1,47.13,1,NA,NA,0
2012,5,4,-50.3,0.875,747,1,16.33,0.375,316.25,1,47.13,1,16.13,324.32,0.375
2012,5,5,-47.28,0.5,752.6,0.625,NA,0.125,302,0.625,50.8,0.625,NA,NA,0.125
2012,5,6,NA,0,NA,0,NA,0,NA,0,NA,0,NA,NA,0
2012,5,7,NA,0,NA,0,NA,0,NA,0,NA,0,NA,NA,0
2012,5,8,NA,0,NA,0,NA,0,NA,0,NA,0,NA,NA,0
2012,5,9,NA,0,NA,0,NA,0,NA,0,NA,0,NA,NA,0
2012,5,10,NA,0.125,NA,0.125,NA,0.125,NA,0.125,NA,0.125,NA,NA,0.125
2012,5,11,NA,0,NA,0,NA,0,NA,0,NA,0,NA,NA,0
2012,5,12,NA,0,NA,0,NA,0,NA,0,NA,0,NA,NA,0
2012,5,13,NA,0,NA,0,NA,0,NA,0,NA,0,NA,NA,0
2012,5,14,NA,0,NA,0,NA,0,NA,0,NA,0,NA,NA,0
2012,5,15,NA,0,NA,0,NA,0,NA,0,NA,0,NA,NA,0
2012,5,16,NA,0,NA,0,NA,0,NA,0,NA,0,NA,NA,0
2012,5,17,NA,0,NA,0,NA,0,NA,0,NA,0,NA,NA,0
2012,5,18,NA,0,NA,0,NA,0,NA,0,NA,0,NA,NA,0
2012,5,19,NA,0,NA,0,NA,0,NA,0,NA,0,NA,NA,0
2012,5,20,NA,0,NA,0,NA,0,NA,0,NA,0,NA,NA,0
2012,5,21,NA,0,NA,0,NA,0,NA,0,NA,0,NA,NA,0
2012,5,22,NA,0,NA,0,NA,0,NA,0,NA,0,NA,NA,0
2012,5,23,NA,0,NA,0,NA,0,NA,0,NA,0,NA,NA,0
2012,5,24,NA,0,NA,0,NA,0,NA,0,NA,0,NA,NA,0
2012,5,25,NA,0,NA,0,NA,0,NA,0,NA,0,NA,NA,0
2012,5,26,NA,0,NA,0,NA,0,NA,0,NA,0,NA,NA,0
2012,5,27,NA,0,NA,0,NA,0,NA,0,NA,0,NA,NA,0
2012,5,28,NA,0,NA,0,NA,0,NA,0,NA,0,NA,NA,0
2012,5,29,NA,0,NA,0,NA,0,NA,0,NA,0,NA,NA,0
2012,5,30,NA,0,NA,0,NA,0,NA,0,NA,0,NA,NA,0
2012,5,31,NA,0,NA,0,NA,0,NA,0,NA,0,NA,NA,0
2012,6,1,NA,0,NA,0,NA,0,NA,0,NA,0,NA,NA,0
2012,6,2,NA,0,NA,0,NA,0,NA,0,NA,0,NA,NA,0
2012,6,3,NA,0,NA,0,NA,0,NA,0,NA,0,NA,NA,0
2012,6,4,NA,0,NA,0,NA,0,NA,0,NA,0,NA,NA,0
2012,6,5,NA,0,NA,0,NA,0,NA,0,NA,0,NA,NA,0
2012,6,6,NA,0,NA,0,NA,0,NA,0,NA,0,NA,NA,0
2012,6,7,NA,0,NA,0,NA,0,NA,0,NA,0,NA,NA,0
2012,6,8,NA,0,NA,0,NA,0,NA,0,NA,0,NA,NA,0
2012,6,9,NA,0,NA,0,NA,0,NA,0,NA,0,NA,NA,0
2012,6,10,NA,0,NA,0,NA,0,NA,0,NA,0,NA,NA,0
2012,6,11,NA,0,NA,0,NA,0,NA,0,NA,0,NA,NA,0
2012,6,12,NA,0,NA,0,NA,0,NA,0,NA,0,NA,NA,0
2012,6,13,NA,0,NA,0,NA,0,NA,0,NA,0,NA,NA,0
2012,6,14,NA,0,NA,0,NA,0,NA,0,NA,0,NA,NA,0
2012,6,15,NA,0,NA,0,NA,0,NA,0,NA,0,NA,NA,0
2012,6,16,NA,0,NA,0,NA,0,NA,0,NA,0,NA,NA,0
2012,6,17,NA,0,NA,0,NA,0,NA,0,NA,0,NA,NA,0
2012,6,18,NA,0,NA,0,NA,0,NA,0,NA,0,NA,NA,0
2012,6,19,NA,0,NA,0,NA,0,NA,0,NA,0,NA,NA,0
2012,6,20,NA,0,NA,0,NA,0,NA,0,NA,0,NA,NA,0
2012,6,21,NA,0,NA,0,NA,0,NA,0,NA,0,NA,NA,0
2012,6,22,NA,0,NA,0,NA,0,NA,0,NA,0,NA,NA,0
2012,6,23,NA,0,NA,0,NA,0,NA,0,NA,0,NA,NA,0
2012,6,24,NA,0,NA,0,NA,0,NA,0,NA,0,NA,NA,0
2012,6,25,NA,0,NA,0,NA,0,NA,0,NA,0,NA,NA,0
2012,6,26,NA,0,NA,0,NA,0,NA,0,NA,0,NA,NA,0
2012,6,27,NA,0,NA,0,NA,0,NA,0,NA,0,NA,NA,0
2012,6,28,NA,0,NA,0,NA,0,NA,0,NA,0,NA,NA,0
2012,6,29,NA,0,NA,0,NA,0,NA,0,NA,0,NA,NA,0
2012,6,30,NA,0,NA,0,NA,0,NA,0,NA,0,NA,NA,0
2012,7,1,NA,0,NA,0,NA,0,NA,0,NA,0,NA,NA,0
2012,7,2,NA,0,NA,0,NA,0,NA,0,NA,0,NA,NA,0
2012,7,3,NA,0,NA,0,NA,0,NA,0,NA,0,NA,NA,0
2012,7,4,NA,0,NA,0,NA,0,NA,0,NA,0,NA,NA,0
2012,7,5,NA,0,NA,0,NA,0,NA,0,NA,0,NA,NA,0
2012,7,6,NA,0,NA,0,NA,0,NA,0,NA,0,NA,NA,0
2012,7,7,NA,0,NA,0,NA,0,NA,0,NA,0,NA,NA,0
2012,7,8,NA,0,NA,0,NA,0,NA,0,NA,0,NA,NA,0
2012,7,9,NA,0,NA,0,NA,0,NA,0,NA,0,NA,NA,0
2012,7,10,NA,0,NA,0,NA,0,NA,0,NA,0,NA,NA,0
2012,7,11,NA,0,NA,0,NA,0,NA,0,NA,0,NA,NA,0
2012,7,12,NA,0,NA,0,NA,0,NA,0,NA,0,NA,NA,0
2012,7,13,NA,0,NA,0,NA,0,NA,0,NA,0,NA,NA,0
2012,7,14,NA,0,NA,0,NA,0,NA,0,NA,0,NA,NA,0
2012,7,15,NA,0,NA,0,NA,0,NA,0,NA,0,NA,NA,0
2012,7,16,NA,0,NA,0,NA,0,NA,0,NA,0,NA,NA,0
2012,7,17,NA,0,NA,0,NA,0,NA,0,NA,0,NA,NA,0
2012,7,18,NA,0,NA,0,NA,0,NA,0,NA,0,NA,NA,0
2012,7,19,NA,0,NA,0,NA,0,NA,0,NA,0,NA,NA,0
2012,7,20,NA,0,NA,0,NA,0,NA,0,NA,0,NA,NA,0
2012,7,21,NA,0.125,NA,0.125,NA,0.125,NA,0.125,NA,0.125,NA,NA,0.125
2012,7,22,NA,0,NA,0,NA,0,NA,0,NA,0,NA,NA,0
2012,7,23,NA,0,NA,0,NA,0,NA,0,NA,0,NA,NA,0
2012,7,24,NA,0,NA,0,NA,0,NA,0,NA,0,NA,NA,0
2012,7,25,NA,0,NA,0,NA,0,NA,0,NA,0,NA,NA,0
2012,7,26,NA,0,NA,0,NA,0,NA,0,NA,0,NA,NA,0
2012,7,27,NA,0,NA,0,NA,0,NA,0,NA,0,NA,NA,0
2012,7,28,NA,0,NA,0,NA,0,NA,0,NA,0,NA,NA,0
2012,7,29,NA,0,NA,0,NA,0,NA,0,NA,0,NA,NA,0
2012,7,30,NA,0,NA,0,NA,0,NA,0,NA,0,NA,NA,0
2012,7,31,NA,0,NA,0,NA,0,NA,0,NA,0,NA,NA,0
2012,8,1,NA,0,NA,0,NA,0,NA,0,NA,0,NA,NA,0
2012,8,2,NA,0,NA,0,NA,0,NA,0,NA,0,NA,NA,0
2012,8,3,NA,0,NA,0,NA,0,NA,0,NA,0,NA,NA,0
2012,8,4,NA,0,NA,0,NA,0,NA,0,NA,0,NA,NA,0
2012,8,5,NA,0,NA,0,NA,0,NA,0,NA,0,NA,NA,0
2012,8,6,NA,0,NA,0,NA,0,NA,0,NA,0,NA,NA,0
2012,8,7,NA,0,NA,0,NA,0,NA,0,NA,0,NA,NA,0
2012,8,8,NA,0,NA,0,NA,0,NA,0,NA,0,NA,NA,0
2012,8,9,NA,0,NA,0,NA,0,NA,0,NA,0,NA,NA,0
2012,8,10,NA,0,NA,0,NA,0,NA,0,NA,0,NA,NA,0
2012,8,11,NA,0,NA,0,NA,0,NA,0,NA,0,NA,NA,0
2012,8,12,NA,0,NA,0,NA,0,NA,0,NA,0,NA,NA,0
2012,8,13,NA,0,NA,0,NA,0,NA,0,NA,0,NA,NA,0
2012,8,14,NA,0,NA,0,NA,0,NA,0,NA,0,NA,NA,0
2012,8,15,NA,0,NA,0,NA,0,NA,0,NA,0,NA,NA,0
2012,8,16,NA,0,NA,0,NA,0,NA,0,NA,0,NA,NA,0
2012,8,17,NA,0,NA,0,NA,0,NA,0,NA,0,NA,NA,0
2012,8,18,NA,0,NA,0,NA,0,NA,0,NA,0,NA,NA,0
2012,8,19,NA,0,NA,0,NA,0,NA,0,NA,0,NA,NA,0
2012,8,20,NA,0,NA,0,NA,0,NA,0,NA,0,NA,NA,0
2012,8,21,NA,0,NA,0,NA,0,NA,0,NA,0,NA,NA,0
2012,8,22,NA,0,NA,0,NA,0,NA,0,NA,0,NA,NA,0
2012,8,23,NA,0,NA,0,NA,0,NA,0,NA,0,NA,NA,0
2012,8,24,NA,0,NA,0,NA,0,NA,0,NA,0,NA,NA,0
2012,8,25,NA,0,NA,0,NA,0,NA,0,NA,0,NA,NA,0
2012,8,26,NA,0,NA,0,NA,0,NA,0,NA,0,NA,NA,0
2012,8,27,NA,0,NA,0,NA,0,NA,0,NA,0,NA,NA,0
2012,8,28,NA,0,NA,0,NA,0,NA,0,NA,0,NA,NA,0
2012,8,29,NA,0,NA,0,NA,0,NA,0,NA,0,NA,NA,0
2012,8,30,NA,0,NA,0,NA,0,NA,0,NA,0,NA,NA,0
2012,8,31,NA,0,NA,0,NA,0,NA,0,NA,0,NA,NA,0
2012,9,1,NA,0,NA,0,NA,0,NA,0,NA,0,NA,NA,0
2012,9,2,NA,0,NA,0,NA,0,NA,0,NA,0,NA,NA,0
2012,9,3,NA,0,NA,0,NA,0,NA,0,NA,0,NA,NA,0
2012,9,4,NA,0,NA,0,NA,0,NA,0,NA,0,NA,NA,0
2012,9,5,NA,0,NA,0,NA,0,NA,0,NA,0,NA,NA,0
2012,9,6,NA,0,NA,0,NA,0,NA,0,NA,0,NA,NA,0
2012,9,7,NA,0,NA,0,NA,0,NA,0,NA,0,NA,NA,0
2012,9,8,NA,0,NA,0,NA,0,NA,0,NA,0,NA,NA,0
2012,9,9,NA,0,NA,0,NA,0,NA,0,NA,0,NA,NA,0
2012,9,10,NA,0,NA,0,NA,0,NA,0,NA,0,NA,NA,0
2012,9,11,NA,0,NA,0,NA,0,NA,0,NA,0,NA,NA,0
2012,9,12,NA,0,NA,0,NA,0,NA,0,NA,0,NA,NA,0
2012,9,13,NA,0,NA,0,NA,0,NA,0,NA,0,NA,NA,0
2012,9,14,NA,0,NA,0,NA,0,NA,0,NA,0,NA,NA,0
2012,9,15,NA,0,NA,0,NA,0,NA,0,NA,0,NA,NA,0
2012,9,16,NA,0,NA,0,NA,0,NA,0,NA,0,NA,NA,0
2012,9,17,NA,0,NA,0,NA,0,NA,0,NA,0,NA,NA,0
2012,9,18,NA,0,NA,0,NA,0,NA,0,NA,0,NA,NA,0
2012,9,19,-53.95,0.75,750.14,1,NA,0,312.86,0.875,42,1,NA,NA,0
2012,9,20,-50.73,0.875,756.02,1,18,0.375,320,0.875,45.38,1,17.94,316.48,0.375
2012,9,21,-47.74,1,771.14,1,15,0.375,323.75,1,48.38,1,13.8,324.99,0.375
2012,9,22,-41.92,0.75,772.85,1,NA,0.125,273.75,1,54.75,1,NA,NA,0.125
2012,9,23,-33.33,0.375,760.69,1,NA,0.125,225,1,63,1,NA,NA,0.125
2012,9,24,-40.18,1,767.51,1,20.75,0.5,317.5,1,57.38,1,20.67,315.06,0.5
2012,9,25,-39.84,0.875,762.43,1,18,0.25,308.75,1,52,1,17.39,305.85,0.25
2012,9,26,-40.45,1,755.46,1,9.5,0.75,270,0.75,54,1,7.85,280.48,0.5
2012,9,27,-45.59,1,758.18,1,16.33,0.375,297.14,0.875,51.13,1,17.23,310.29,0.25
2012,9,28,-41.74,0.875,747.35,1,14.88,1,286.25,1,51.5,1,14.82,286.31,1
2012,9,29,-47.69,0.875,739.3,1,12.25,0.5,295,0.75,47.25,1,11.93,287.58,0.5
2012,9,30,-48.94,0.875,741.34,1,17.5,1,295,0.25,47.25,1,16.44,295.15,0.25
2012,10,1,-47.82,0.75,748.41,1,16.43,0.875,302.5,1,48.75,1,16.3,302.79,0.875
2012,10,2,-44.96,1,747.46,1,13.71,0.875,302.5,1,51.13,1,13.66,304.48,0.875
2012,10,3,-36.35,0.75,748.78,1,8.5,0.25,208.75,1,61.75,1,8.22,172.29,0.25
2012,10,4,-42.27,0.875,747.33,1,12,0.25,296.67,0.75,54.88,1,11.32,295.2,0.25
2012,10,5,-44.63,0.75,745.69,1,20,0.5,304.29,0.875,53.25,1,19.94,302.62,0.5
2012,10,6,-35.91,0.875,747.24,1,7.5,0.5,280,1,61.25,1,6.15,311.62,0.5
2012,10,7,-32.7,0.875,750.92,1,NA,0.125,227.5,1,66.38,1,NA,NA,0.125
2012,10,8,-37.59,1,750.54,1,17.67,0.375,297.5,1,60,1,17.49,298.67,0.375
2012,10,9,-39.7,0.875,745.45,1,21.5,0.5,322,0.625,56.75,1,21.92,326.37,0.375
2012,10,10,-42.87,0.75,746.01,1,14.75,0.5,312.5,1,53.25,1,14.69,315.25,0.5
2012,10,11,-46.14,1,748.3,1,16,0.5,305,1,50.38,1,15.7,306.1,0.5
2012,10,12,-44.82,0.625,748.55,1,14.75,0.5,317.5,1,52.63,1,14.34,321.48,0.5
2012,10,13,-45.24,0.875,749.66,1,17.5,0.5,300,0.25,51.13,1,18,300,0.25
2012,10,14,-46.08,1,754.74,1,19,0.75,313.75,1,50.25,1,18.96,318.25,0.75
2012,10,15,-42.72,0.625,758.09,1,19,0.5,305,0.5,54.25,1,NA,NA,0.125
2012,10,16,-40.58,0.5,759.81,1,17.67,0.375,315.71,0.875,56.25,1,17.6,316.42,0.375
2012,10,17,-41.63,0.75,763.99,1,19,0.5,311.25,1,53.63,1,18.93,315.13,0.5
2012,10,18,-43.83,0.5,766.22,1,17.67,0.75,315,0.75,53.13,1,17.74,316.18,0.625
2012,10,19,-40.88,0.625,759.8,1,16.75,0.5,312.5,1,54.63,1,16.62,313.6,0.5
2012,10,20,-43.5,0.5,751.93,1,19.25,0.5,NA,0.125,53.63,1,NA,NA,0.125
2012,10,21,-41.36,0.875,758.11,1,17.86,0.875,305,1,53,1,17.79,304.32,0.875
2012,10,22,-39.18,0.75,764.29,1,17.38,1,317.5,1,58.13,1,17.14,317.64,1
2012,10,23,-37.89,0.875,761.39,1,16.5,0.75,306,0.625,58.25,1,16.61,303.8,0.375
2012,10,24,-35.24,0.625,761.29,1,13.5,1,298.75,1,59.63,1,13.39,298.7,1
2012,10,25,-35.7,1,759.35,1,13,0.625,291.25,1,54.5,1,12.77,296,0.625
2012,10,26,-35.99,1,756.34,1,16.6,0.625,288,0.625,54.63,1,16.84,290,0.375
2012,10,27,-33.4,0.75,762.52,1,7.25,0.5,272.5,1,57.88,1,7.07,273.44,0.5
2012,10,28,-32.63,0.5,760,1,7,0.25,285,1,57.38,1,6.98,266.43,0.25
2012,10,29,-36.12,0.75,754.35,1,13.2,0.625,294,0.625,55.75,1,12,290,0.25
2012,10,30,-35,0.5,761.24,1,8.67,0.375,281.25,1,56.75,1,8.64,293.46,0.375
2012,10,31,-33.61,1,764.44,1,9.5,0.75,295,1,59.75,1,9.44,294.22,0.75
2012,11,1,-30.23,0.5,766.65,1,4.5,0.25,240,1,63.25,1,4.5,310,0.25
2012,11,2,-28.63,1,769.82,1,6.33,0.375,218.75,1,70.25,1,6.04,194.55,0.375
2012,11,3,-28.62,0.75,771.48,1,NA,0,257.5,1,66.75,1,NA,NA,0
2012,11,4,-32.83,0.5,773.04,1,13,0.625,305,1,58,1,12.8,306.64,0.625
2012,11,5,-25.8,0.375,765.75,1,14.5,0.25,316.25,1,60.75,1,14.45,304.48,0.25
2012,11,6,-30.14,0.625,765.26,1,11.75,0.5,290,0.625,63.75,1,12.31,290.4,0.25
2012,11,7,-33.28,0.75,765.31,1,15,0.25,307.5,1,62.13,1,14.16,305.54,0.25
2012,11,8,-34.25,0.25,770.18,1,13,0.25,307.5,1,56.38,1,12.95,305,0.25
2012,11,9,-36.42,0.625,769.74,1,9.5,0.25,298.75,1,59.75,1,9.5,300,0.25
2012,11,10,-35.33,0.375,764.22,1,12.33,0.375,305,1,59.63,1,12.29,296.49,0.375
2012,11,11,-32.67,0.375,769.4,0.875,3.5,0.25,304.29,0.875,63.29,0.875,3.49,295.72,0.25
2012,11,12,-32.45,0.5,772.38,1,12,0.25,300,1,62.13,1,12,300,0.25
2012,11,13,-32.2,0.625,768.94,1,8.75,0.5,310,1,55.75,1,7.79,308.5,0.5
2012,11,14,-29.99,1,764.29,1,NA,0,255,1,64.75,1,NA,NA,0
2012,11,15,-27.53,0.5,766.56,1,16.25,0.5,306.25,1,65,1,16.19,305.23,0.5
2012,11,16,-24,0.375,769.8,1,10.2,0.625,287.5,1,69.75,1,10.16,294.71,0.625
2012,11,17,-25.15,0.75,765.89,1,9,0.25,275,1,67.25,1,8.7,276.71,0.25
2012,11,18,-27.1,0.5,762.99,1,10,0.25,285,1,67.25,1,9.96,284.5,0.25
2012,11,19,-28.34,0.875,761.21,1,NA,0.125,291.67,0.75,67.38,1,NA,NA,0.125
2012,11,20,-29.48,0.625,761.91,1,12.75,0.5,277.5,1,61.25,1,11.97,297.74,0.5
2012,11,21,-26.1,0.625,767.32,1,8,0.25,293.75,1,65.75,1,8,270,0.25
2012,11,22,-26.48,0.75,771.6,1,12.33,0.375,302.5,1,62.25,1,12.21,300.54,0.375
2012,11,23,-23.52,0.75,767.3,1,5,0.375,205,1,71.63,1,4.93,196.64,0.375
2012,11,24,-22.4,0.625,762.73,1,6.33,0.375,275,1,71.63,1,5.71,308.03,0.375
2012,11,25,-21.59,1,761.14,1,4.5,1,198.75,1,76.38,1,3.43,168.55,1
2012,11,26,-21.62,1,761.59,1,2.2,0.625,220,1,71.38,1,2.16,216.34,0.625
2012,11,27,-22.14,1,766.34,1,4,0.75,148.75,1,74.25,1,3.25,153.68,0.75
2012,11,28,-23.1,0.75,766.05,1,7.33,0.375,237.5,1,71.5,1,3.7,229.11,0.375
2012,11,29,-24.55,0.5,765.09,1,8,0.625,300,1,72.88,1,7.9,301.26,0.625
2012,11,30,-23.43,0.5,761.47,1,8.33,0.375,293.75,1,71.63,1,8.33,290,0.375
2012,12,1,-21.99,0.875,765.5,1,4,0.625,221.25,1,77,1,0.54,178.16,0.625
2012,12,2,-21.33,0.75,767.95,1,7.4,0.625,233.75,1,69.88,1,2.43,245.52,0.625
2012,12,3,-20.91,0.875,766.3,1,7.33,0.375,261.25,1,67.25,1,7.17,283.14,0.375
2012,12,4,-19.32,0.625,763.45,1,4,0.375,211.25,1,71.38,1,2.12,294.3,0.375
2012,12,5,-19.78,0.75,765.74,1,5.6,0.625,247.5,1,67.13,1,2.48,277.52,0.625
2012,12,6,-16.15,0.5,766.03,1,5.8,0.625,300,1,74.88,1,5.4,305.61,0.625
2012,12,7,-15.03,0.875,766.54,1,4.57,0.875,248.75,1,78.38,1,3.47,266.5,0.875
2012,12,8,-15.09,0.875,768.87,1,5,0.625,236.25,1,76.38,1,3.54,236.01,0.625
2012,12,9,-20.04,0.625,770.19,1,12.8,0.625,302.5,1,66.38,1,11.74,306.62,0.625
2012,12,10,-18.64,0.625,767.66,1,NA,0,250,1,76,1,NA,NA,0
2012,12,11,-17.22,0.625,767.41,1,4,0.625,196.25,1,73.5,1,2.9,312.55,0.625
2012,12,12,-17.18,1,765.19,1,6.17,0.75,226.25,1,74.75,1,4.74,220.76,0.75
2012,12,13,-16.06,0.875,768.8,1,2.25,0.5,210,0.625,74.88,1,1.24,234.64,0.375
2012,12,14,-18.01,0.875,771.2,1,3.75,0.5,240,1,75.25,1,1.86,220.16,0.5
2012,12,15,-19.62,0.75,773.5,0.875,10.6,0.625,288.57,0.875,69.14,0.875,10.35,294.41,0.625
2012,12,16,-19.83,0.875,776.59,1,8.75,0.5,278.75,1,67.88,1,8.33,284.57,0.5
2012,12,17,-18.8,0.5,776.55,1,6,0.625,278.75,1,66.63,1,5.92,283.36,0.625
2012,12,18,-18.1,0.375,775.87,0.875,7.75,0.5,268.57,0.875,67.29,0.875,7.55,290.73,0.5
2012,12,19,-17.55,0.5,775.36,1,8.4,0.625,286.25,1,70.13,1,7.68,288.43,0.625
2012,12,20,-21.8,0.25,775.21,1,6.33,0.375,267.5,1,65.5,1,6.28,293.12,0.375
2012,12,21,-19.3,0.625,769.53,1,8.5,0.25,251.25,1,69.13,1,8.47,205.29,0.25
2012,12,22,-21.2,0.625,766.34,1,9,0.375,262.5,1,64.5,1,8.64,261.51,0.375
2012,12,23,-20.59,0.875,775.36,1,5,0.625,216.25,1,69,1,4.17,197.35,0.625
2012,12,24,-19.5,0.625,776.6,0.875,NA,0.125,241.43,0.875,71,0.875,NA,NA,0.125
2012,12,25,-16.39,1,775.05,1,4,0.25,175,1,79.13,1,3.98,205,0.25
2012,12,26,-15.58,0.75,775.11,1,7.6,0.625,152.5,1,80.38,1,6.87,141.9,0.625
2012,12,27,-14.5,0.875,776.67,0.875,NA,0.125,178.57,0.875,81.86,0.875,NA,NA,0.125
2012,12,28,-13.64,1,773.71,1,4,0.625,267.5,1,71.63,1,3.93,281.04,0.625
2012,12,29,-15.6,0.875,770.07,1,3.8,0.625,197.5,1,76.5,1,2.9,197.76,0.625
2012,12,30,-16.73,0.5,771.06,1,5,0.5,276.25,1,77.75,1,4.05,326.11,0.5
2012,12,31,-18.27,0.375,771.96,1,9,0.5,297.5,1,69.88,1,8.97,297.23,0.5
2013,1,1,-16.36,0.625,775.63,1,4.2,0.625,251.25,1,69,1,3.51,242.53,0.625
2013,1,2,-16.22,0.75,779.33,1,6,0.5,255,1,64.5,1,5.37,251.58,0.5
2013,1,3,-14.93,0.375,780.38,1,6.75,0.5,248,0.625,66.5,1,4.97,278.03,0.25
2013,1,4,-16.08,1,776.44,0.875,11.2,0.625,161.67,0.75,76.75,1,11.17,158.22,0.375
2013,1,5,-16.67,0.5,773.3,1,9.83,0.75,255,1,73.75,1,5.33,264.62,0.75
2013,1,6,-18.83,0.5,765.28,1,8.43,0.875,288.75,1,70.5,1,8.22,291.12,0.875
2013,1,7,-22.9,0.25,768.64,1,10,0.375,288.75,1,64,1,9.92,296.7,0.375
2013,1,8,-20.43,0.5,772.39,1,13,0.25,296.25,1,65.5,1,12.95,305.77,0.25
2013,1,9,-21.37,0.375,770.33,1,9.33,0.375,297.5,1,68.38,1,8.41,306.1,0.375
2013,1,10,-17.27,0.375,767.8,1,NA,0.125,301.25,1,65.63,1,NA,NA,0.125
2013,1,11,-18.47,0.875,761.83,1,5.5,0.75,293.75,1,61.63,1,5.33,294.17,0.75
2013,1,12,-20.13,0.875,760.89,1,2,0.375,225,1,68.63,1,1.89,276.92,0.375
2013,1,13,-20.78,0.75,764.94,1,4.33,0.375,296.25,1,65.75,1,3.79,296.76,0.375
2013,1,14,-21.05,0.75,772.03,1,9.75,0.5,266.25,1,68.88,1,7.83,251.49,0.5
2013,1,15,-20.43,0.5,777.48,1,NA,0.125,263.75,1,68.25,1,NA,NA,0.125
2013,1,16,-22.42,0.5,771.2,1,NA,0.125,291.25,1,67.25,1,NA,NA,0.125
2013,1,17,-20.56,0.625,768.83,1,8.75,0.5,271.25,1,72.25,1,8.72,295.14,0.5
2013,1,18,-15.49,1,773.2,1,22,0.375,125,0.5,83.13,1,NA,NA,0.125
2013,1,19,-15.79,1,775.35,1,8.33,0.375,160,0.75,82.88,1,8.25,159.6,0.375
2013,1,20,-15.26,0.875,773.09,1,6,0.5,207.5,1,75.25,1,5.81,164.88,0.5
2013,1,21,-20.38,0.625,770.53,1,8,0.625,292.5,1,64.63,1,7.64,291.65,0.625
2013,1,22,-23.37,0.375,769.1,1,11.5,0.5,293.75,1,63.38,1,11.33,297.8,0.5
2013,1,23,-24.63,0.5,764.83,1,8,0.625,290,1,63.63,1,7.77,298.43,0.625
2013,1,24,-24.6,0.375,766.88,1,12.5,0.5,295,0.75,62.75,1,9.97,296.5,0.25
2013,1,25,-18.46,0.875,769.03,1,NA,0.125,220,0.75,71.5,1,NA,NA,0.125
2013,1,26,-16.55,1,759.45,1,20,0.25,150,0.625,82.5,1,19.92,155.25,0.25
2013,1,27,-18.69,1,767.32,1,13,0.25,196.25,1,79.75,1,12.95,125.39,0.25
2013,1,28,-20.5,0.875,764.08,1,15.5,0.25,300,1,72.25,1,15.29,293.58,0.25
2013,1,29,-17.34,0.875,764.03,1,5.6,0.625,270,1,73.75,1,4.81,284.17,0.625
2013,1,30,-19.67,0.875,766.34,1,9.86,0.875,296.25,1,69.88,1,9.73,295.78,0.875
2013,1,31,-24.85,0.5,765.07,0.875,7.67,0.375,275,0.5,70.43,0.875,6.28,273.82,0.25
2013,2,1,-23.53,0.75,765.42,1,10.2,0.625,290,0.625,71.13,1,9.37,292.27,0.625
2013,2,2,-24,0.625,766.19,1,14.25,0.5,308.75,1,65.38,1,13.93,308.32,0.5
2013,2,3,-20.75,0.75,764.5,1,7.2,0.625,278,0.625,68.88,1,10.46,286.67,0.25
2013,2,4,-22,0.625,761.24,1,9,0.625,282.86,0.875,70.75,1,6.86,282.3,0.5
2013,2,5,-28.14,0.625,758.28,1,12.2,0.625,308,0.625,60.75,1,12.95,315,0.25
2013,2,6,-22.8,0.75,758.13,1,NA,0.125,297.5,1,61.88,1,NA,NA,0.125
2013,2,7,-21.28,0.625,756.09,1,NA,0.125,308.75,1,63.5,1,NA,NA,0.125
2013,2,8,-32.03,0.75,755.8,1,14.8,0.625,302.5,1,53.13,1,14.77,301.48,0.625
2013,2,9,-27.9,0.5,751.81,1,NA,0.125,212.5,1,63.25,1,NA,NA,0.125
2013,2,10,-22.9,1,751.68,1,17.5,0.25,130,0.625,76.75,1,NA,NA,0.125
2013,2,11,-19.85,1,759.7,1,25.67,0.375,125,0.25,79.25,1,NA,NA,0.125
2013,2,12,-23.13,0.875,764.25,1,NA,0,185,1,75.13,1,NA,NA,0
2013,2,13,-30.18,0.75,765.53,1,10.5,0.5,298,0.625,65.88,1,10.46,295.24,0.5
2013,2,14,-31,0.5,765.32,1,11.6,0.625,290,1,56,1,11.27,291.37,0.625
2013,2,15,-37.65,0.75,760.21,1,14.33,0.375,302.5,1,56,1,14.16,300.47,0.375
2013,2,16,-37.53,0.875,755.5,1,14.5,0.25,308.75,1,57.38,1,14.45,305.86,0.25
2013,2,17,-36.83,0.75,754.76,1,15.25,0.5,310,0.75,57.88,1,14.51,308.86,0.375
2013,2,18,-34.18,0.5,758.44,1,13.75,0.5,301.25,1,59.88,1,13.62,297.08,0.5
2013,2,19,-26.6,0.5,761.96,1,6,0.375,240,1,72.63,1,4.35,227.5,0.375
2013,2,20,-32.08,0.625,758.98,1,15.33,0.375,311.25,1,62.38,1,15.19,318.69,0.375
2013,2,21,-36.28,0.5,752.03,1,16.5,0.5,311.25,1,59.88,1,16.47,318.34,0.5
2013,2,22,-25.43,0.75,752.24,1,6.75,0.5,281.25,1,71.38,1,6.51,300.87,0.5
2013,2,23,-28.7,0.75,765.28,1,10.5,0.25,286.25,1,67.75,1,9.88,282.98,0.25
2013,2,24,-27.53,1,768.9,1,15,0.375,307.5,1,67.25,1,14.95,306.45,0.375
2013,2,25,-30.85,0.75,764.63,1,16.33,0.375,301.25,1,58.88,1,16.28,303.26,0.375
2013,2,26,-31.16,1,759.63,1,10.67,0.375,302.5,1,65.25,1,10.36,310.74,0.375
2013,2,27,-33.13,0.75,752.89,1,15,0.375,290,0.5,62.63,1,15.76,279.37,0.25
2013,2,28,-30.8,0.875,755.25,1,10.25,0.5,295,0.75,67.25,1,10.67,290,0.375
2013,3,1,-32.53,0.75,757.85,1,NA,0.125,293.75,1,61.88,1,NA,NA,0.125
2013,3,2,-39.11,0.875,754.6,1,16.75,0.5,302.5,1,53.88,1,16.7,297.62,0.5
2013,3,3,-37.66,0.875,756.98,1,11.5,0.5,292.5,1,60,1,11.46,295.44,0.5
2013,3,4,-39.32,0.625,762.5,1,13.5,0.5,300,0.625,60.38,1,11.5,300,0.25
2013,3,5,-40.38,0.5,755.46,1,17.33,0.375,315,0.75,57.75,1,NA,NA,0.125
2013,3,6,-38.75,0.5,744.94,1,NA,0,305.71,0.875,55.88,1,NA,NA,0
2013,3,7,-35.95,1,749.94,1,12.5,0.25,277.5,1,60.88,1,12.45,315.2,0.25
2013,3,8,-40.45,0.5,752.32,1,18.33,0.375,292.5,0.5,55.29,0.875,17.93,295.28,0.25
2013,3,9,-39.16,1,755.2,1,17.12,1,304.29,0.875,58.38,1,16.65,304.74,0.875
2013,3,10,-39.22,1,757.43,1,19.67,0.75,310,0.375,58.38,1,19.5,310,0.25
2013,3,11,-39.75,0.75,760.4,1,23.75,0.5,315,0.75,57.25,1,23.92,316.67,0.375
2013,3,12,-33.2,0.625,761.96,1,12,0.5,295,1,62.88,1,11.95,295,0.5
2013,3,13,-32.92,0.75,756.28,1,16.67,0.375,304,0.625,62,1,NA,NA,0.125
2013,3,14,-40.77,0.875,753.74,1,17.8,0.625,298.75,1,55.88,1,17.74,296.07,0.625
2013,3,15,-36.82,0.75,762.04,1,17.5,0.5,303.75,1,61.88,1,17.33,313.16,0.5
2013,3,16,-33.68,0.75,757.23,1,14.2,0.625,308.75,1,64,1,14.07,312.12,0.625
2013,3,17,-37.34,0.625,747.09,1,18.33,0.375,300,0.5,60.25,1,NA,NA,0
2013,3,18,-35.73,0.5,744.76,1,16.17,0.75,264,0.625,64.13,1,15.61,303.61,0.375
2013,3,19,-33.86,0.625,755.28,1,NA,0,217.5,1,66.25,1,NA,NA,0
2013,3,20,-39.83,0.75,753.99,1,17,0.25,310,1,57.13,1,17,320,0.25
2013,3,21,-41.95,1,753.7,1,20.75,0.5,316.25,1,55.5,1,20.52,312.18,0.5
2013,3,22,-38.95,1,763.03,1,NA,0.125,316.25,1,53.5,1,NA,NA,0.125
2013,3,23,-33.92,0.625,767.49,1,15,0.25,298.75,1,52.38,1,14.94,304.67,0.25
2013,3,24,-30.83,1,762.49,1,10.6,0.625,301.25,1,61.88,1,10.39,302.43,0.625
2013,3,25,-33.25,0.75,756.44,1,18,0.5,310,1,57.5,1,17.95,312.5,0.5
2013,3,26,-41.37,0.375,750.93,1,18,0.375,296,0.625,50.5,1,17.6,302.55,0.375
2013,3,27,-47.86,1,751.64,1,21,0.625,294,0.625,49.25,1,20.3,293.19,0.5
2013,3,28,-46.88,1,752.45,1,20,0.25,308.75,1,49.88,1,19.92,315.25,0.25
2013,3,29,-45.14,1,754.25,1,NA,0.125,314,0.625,52.13,1,NA,NA,0
2013,3,30,-45.79,1,755.04,1,NA,0.125,306,0.625,51.25,1,NA,NA,0.125
2013,3,31,-40.33,0.75,761.28,1,17.75,0.5,295.71,0.875,58.38,1,18.6,293.21,0.375
2013,4,1,-43.1,0.75,754.6,1,18.67,0.75,NA,0.125,51.75,1,NA,NA,0.125
2013,4,2,-45.9,0.875,746.43,1,21.33,0.75,305,0.25,51.13,1,NA,NA,0.125
2013,4,3,-40.4,0.5,738.16,1,NA,0.125,326.67,0.75,56.88,1,NA,NA,0
2013,4,4,-46.1,0.625,738.99,1,11,0.25,246.25,1,53.63,1,10.64,287.79,0.25
2013,4,5,-47.66,1,748.14,1,19.2,0.625,310,0.75,49.38,1,17.29,307.7,0.375
2013,4,6,-48.44,1,750,1,23.4,0.625,310,0.25,48.5,1,23,310,0.25
2013,4,7,-41.96,0.625,756.11,1,26,0.25,304.29,0.875,52.75,1,25.9,315.19,0.25
2013,4,8,-46.71,0.875,760.84,1,13.67,0.75,301.67,0.75,50.25,1,13.52,300.15,0.625
2013,4,9,-45.35,1,756.05,1,19.43,0.875,310,1,51.38,1,19.3,311.55,0.875
2013,4,10,-48.09,0.875,750.15,1,20,0.875,292.5,0.5,48.63,1,19.94,292.87,0.5
2013,4,11,-43.26,1,754.47,1,18.5,1,306.67,0.375,53.63,1,17.94,306.86,0.375
2013,4,12,-45.71,1,755.14,1,23,0.25,303.33,0.375,51.13,1,NA,NA,0.125
2013,4,13,-48.57,1,753.51,1,24.4,0.625,303.33,0.375,48.13,1,25.61,310,0.25
2013,4,14,-49.45,1,756.06,1,15.33,0.75,296.67,0.375,46.63,1,16.94,296.08,0.375
2013,4,15,-45.62,0.75,758.08,1,11,0.625,253.33,0.75,51.63,1,8.48,297.01,0.375
2013,4,16,-40.33,0.5,761.93,1,NA,0,278.75,1,57.25,1,NA,NA,0
2013,4,17,-46.86,1,756.26,1,18.67,0.375,303.75,1,50,1,17.89,288.9,0.375
2013,4,18,-53.33,0.875,761.85,1,16.6,0.625,295,1,42.5,1,16.56,297.96,0.625
2013,4,19,-50.4,1,764.68,1,19.5,0.5,312.5,1,45.88,1,19.29,312.45,0.5
2013,4,20,-51.99,1,757.45,1,21.5,0.5,307.14,0.875,44.25,1,21,310,0.375
2013,4,21,-52.21,1,767.38,1,23.67,0.375,321.67,0.75,43.88,1,23.91,315,0.25
2013,4,22,-44.09,1,775.19,1,NA,0.125,322.86,0.875,52.13,1,NA,NA,0.125
2013,4,23,-38.13,1,769.96,1,18.4,0.625,305,0.75,47.38,1,18.33,303.91,0.625
2013,4,24,-40.71,1,768.78,1,NA,0.125,320,1,51.5,1,NA,NA,0.125
2013,4,25,-41.9,0.75,765.5,1,19,0.25,310,0.625,45.38,1,NA,NA,0
2013,4,26,-48.17,1,761.09,1,NA,0.125,318,0.625,47.88,1,NA,NA,0.125
2013,4,27,-53.08,0.75,756.64,1,23,0.5,295,1,44.88,1,22.93,297.29,0.5
2013,4,28,-39.1,0.875,751.96,1,7.67,0.375,191.43,0.875,57.75,1,7.65,172.17,0.375
2013,4,29,-32.84,1,754.7,1,NA,0.125,145,0.75,65.25,1,NA,NA,0.125
2013,4,30,-32.11,1,758.15,1,4,0.25,176.25,1,66.75,1,3.76,180,0.25
2013,5,1,-39.18,1,761.68,1,11.5,0.75,296.25,1,59.13,1,11.46,295.07,0.75
2013,5,2,-44.55,1,761.95,1,18.38,1,305,0.5,53,1,19.68,304.68,0.5
2013,5,3,-46.99,1,761.99,1,22,0.75,297.5,0.5,50.63,1,23.41,304.89,0.25
2013,5,4,-41.64,1,762.71,1,18.6,0.625,302.5,1,55.88,1,18.31,303.86,0.625
2013,5,5,-44.14,0.875,762.61,1,22,0.5,311.25,1,52.75,1,21.74,314.58,0.5
2013,5,6,-45.18,1,764.02,1,20,0.5,315,1,52,1,20,310,0.5
2013,5,7,-48.94,0.875,758.93,1,NA,0.125,316.25,1,47.88,1,NA,NA,0.125
2013,5,8,-54.9,1,756.88,1,18,0.25,307.5,0.5,41.38,1,NA,NA,0
2013,5,9,-43.5,0.625,765.13,1,9,0.25,310,1,55.88,1,8.69,295,0.25
2013,5,10,-40.77,0.75,766.51,1,16.5,0.25,313.75,1,57,1,16.26,322.14,0.25
2013,5,11,-38.11,1,761.6,1,16.88,1,300,0.625,51.63,1,17.89,300.56,0.625
2013,5,12,-35.05,0.75,758.2,1,NA,0.125,275.71,0.875,57.63,1,NA,NA,0.125
2013,5,13,-45.54,1,762.38,1,13.12,1,295,0.75,49.25,1,12.62,295,0.75
2013,5,14,-50.43,1,761.41,1,20.71,0.875,NA,0.125,46.38,1,NA,NA,0.125
2013,5,15,-49.75,1,750.29,1,21,0.5,306.67,0.375,46.88,1,NA,NA,0
2013,5,16,-42.1,0.875,748.05,1,15.6,0.625,310,0.75,55.88,1,15.84,309.58,0.375
2013,5,17,-37.73,1,755.59,1,14.67,0.375,302.5,0.5,60,1,13.79,310,0.25
2013,5,18,-37.1,0.5,760.58,1,13.5,0.25,308.57,0.875,60.38,1,13.3,300.37,0.25
2013,5,19,-40.94,1,761.26,1,16.67,0.375,292,0.625,56.63,1,NA,NA,0.125
2013,5,20,-42.48,1,763.66,1,21.8,0.625,300,0.625,55,1,20.5,300,0.25
2013,5,21,-42.78,0.625,761.14,1,18,0.5,311.67,0.75,54.75,1,17.44,316,0.25
2013,5,22,-46.88,1,762.18,1,17.5,0.25,321.67,0.75,50.13,1,NA,NA,0.125
2013,5,23,-48.84,1,762.35,1,17.4,0.625,313.33,0.75,47.88,1,16.33,310,0.375
2013,5,24,-48.35,1,755.06,1,21.33,0.375,315,0.25,48.38,1,NA,NA,0.125
2013,5,25,-45.66,1,756.15,1,18.5,0.75,308.75,1,51.25,1,18.37,308.29,0.75
2013,5,26,-46.75,1,753.89,1,21,0.5,300,0.875,50,1,20.72,296.64,0.375
2013,5,27,-50.92,1,766.59,1,19.25,1,306.67,0.375,45.5,1,20.26,306.56,0.375
2013,5,28,-52.07,0.875,770.55,1,21.25,0.5,310,0.25,44.75,1,NA,NA,0.125
2013,5,29,-36.52,0.75,764.49,1,NA,0.125,173.75,1,59.75,1,NA,NA,0.125
2013,5,30,-38.5,1,770.06,1,8.8,0.625,273.75,1,59.38,1,6.35,292.17,0.625
2013,5,31,-41.13,1,769.55,1,18,0.5,305,0.75,56.63,1,17.93,305.28,0.5
2013,6,1,-42.79,1,765.97,1,21,0.25,312.86,0.875,52.5,1,21,320,0.25
2013,6,2,-49.67,0.875,757.62,1,21,0.25,303.75,1,46.88,1,20.92,315.48,0.25
2013,6,3,-52.3,0.75,758.05,1,15,0.375,302.5,1,45.25,1,14.95,303.11,0.375
2013,6,4,-51.31,1,765.07,1,17.5,0.75,306.67,0.375,44.88,1,17.27,306.54,0.375
2013,6,5,-42.76,1,767.95,1,16.8,0.625,284,0.625,53.88,1,15.94,295.63,0.25
2013,6,6,-39.88,1,769.76,1,20,0.25,318.75,1,54.38,1,20,320,0.25
2013,6,7,-40.81,1,761.98,1,16,0.25,290,1,52.38,1,15.76,279.37,0.25
2013,6,8,-43.1,0.875,759.38,1,21,0.25,305,1,50.38,1,20.92,305,0.25
2013,6,9,-58.12,0.75,758.89,1,NA,0.125,302.5,1,38.88,1,NA,NA,0.125
2013,6,10,-49.32,0.75,758.34,1,7.5,0.5,240,1,47.25,1,4.94,295.57,0.5
2013,6,11,-51.59,1,762.13,1,15.83,0.75,308.33,0.75,44.25,1,14.69,305.08,0.5
2013,6,12,-48.07,1,763.79,1,21.67,0.75,310,0.375,48,1,19.43,305.13,0.25
2013,6,13,-50.49,1,763.74,1,17.67,0.75,315,0.25,45.5,1,NA,NA,0
2013,6,14,-52.57,1,767.02,1,17,1,302.5,0.5,43.13,1,16.45,302.42,0.5
2013,6,15,-48.31,0.875,770.25,1,15.83,0.75,307.5,1,47.88,1,15.69,307.46,0.75
2013,6,16,-49.64,1,769,1,20.75,0.5,316,0.625,46.38,1,NA,NA,0.125
2013,6,17,-46.6,0.5,770.24,1,16,0.625,306.25,1,51.88,1,15.86,302.01,0.625
2013,6,18,-49.7,0.75,776.14,1,20,0.625,305.71,0.875,47.75,1,19.18,305.2,0.5
2013,6,19,-48.03,1,777.07,1,NA,0,320,0.875,48.13,1,NA,NA,0
2013,6,20,-45.45,0.75,775.93,1,16.67,0.375,298,0.625,53,1,NA,NA,0.125
2013,6,21,-36.27,0.875,772.24,1,8.25,0.5,296.25,1,60.5,1,8.02,294.63,0.5
2013,6,22,-35.45,0.75,769.9,1,6.33,0.375,255,1,62.5,1,3.5,256.58,0.375
2013,6,23,-40.32,0.625,768.8,1,10.8,0.625,293.33,0.75,58.38,1,8.72,298.71,0.375
2013,6,24,-35.48,0.75,776.74,1,11,0.25,177.14,0.875,61.5,1,NA,NA,0.125
2013,6,25,-37.31,1,782.38,1,11,0.625,267.5,1,60.75,1,6.93,300.28,0.625
2013,6,26,-38.01,1,781.6,1,12.88,1,305,0.5,59.88,1,12.7,305.1,0.5
2013,6,27,-40.52,0.75,773.13,1,12.8,0.625,295,0.5,56.13,1,12.58,296.24,0.5
2013,6,28,-45.03,0.875,771.49,1,10.83,0.75,306,0.625,52.75,1,9.9,306.04,0.625
2013,6,29,-39.07,0.875,772.32,1,11,0.75,300,1,58.38,1,10.89,300.76,0.75
2013,6,30,-44.45,1,766.59,1,15.43,0.875,295,0.25,53,1,13.95,294.28,0.25
2013,7,1,-46.44,1,766.46,1,16.75,1,303.33,0.75,50.75,1,17.27,303.46,0.75
2013,7,2,-46.8,1,768.35,1,17.57,0.875,305,0.5,50.25,1,16.78,303.76,0.375
2013,7,3,-48.63,0.75,763.01,1,17.33,0.75,315,0.5,49.38,1,16.94,305,0.25
2013,7,4,-41.49,0.875,755.05,1,20,0.25,330,0.625,56.38,1,NA,NA,0
2013,7,5,-27.68,0.75,756.16,1,17,0.25,12.5,0.5,66.25,1,16.94,5.29,0.25
2013,7,6,-41,0.5,756.71,1,14,0.25,255,1,56.25,1,5.56,339.51,0.25
2013,7,7,-48.66,1,759.34,1,17.25,1,310,0.25,49,1,16,310,0.25
2013,7,8,-48.56,1,755.26,1,18.5,0.75,313.33,0.75,49,1,17.07,315.69,0.5
2013,7,9,-47.55,1,753.28,1,13,0.75,296,0.625,49.63,1,10.1,299.42,0.375
2013,7,10,-46.25,1,766.74,1,13.5,0.5,292.5,0.5,51.13,1,13.46,292.22,0.5
2013,7,11,-46.06,1,761.34,1,16.8,0.625,310,1,51.13,1,16.65,309.28,0.625
2013,7,12,-48.81,1,753.44,1,22.25,0.5,302.86,0.875,48,1,22.38,304.15,0.375
2013,7,13,-53.97,1,756.85,1,25,0.25,305,0.75,42.5,1,NA,NA,0.125
2013,7,14,-53.72,1,759.54,1,21.17,0.75,313.33,0.375,42.38,1,NA,NA,0.125
2013,7,15,-52.25,1,758.14,1,22.33,0.375,304,0.625,43.75,1,NA,NA,0.125
2013,7,16,-52.22,1,753.18,1,23,0.25,308.57,0.875,43.88,1,23,310,0.25
2013,7,17,-59.09,1,748.9,1,22.6,0.625,NA,0.125,36.63,1,NA,NA,0.125
2013,7,18,-57.46,1,751.81,1,20.6,0.625,311.43,0.875,38,1,20.52,314.17,0.625
2013,7,19,-56.06,1,755.93,1,22,0.875,303.33,0.375,39.63,1,22.26,303.58,0.375
2013,7,20,-57.46,1,742.71,1,24.33,0.375,314.29,0.875,37.88,1,24.26,313.01,0.375
2013,7,21,-56.38,1,734.13,1,18.33,0.75,NA,0.125,39.13,1,NA,NA,0.125
2013,7,22,-51.71,0.875,746.04,1,18,0.375,306.25,1,44.25,1,17.82,310.37,0.375
2013,7,23,-54.33,0.875,751.12,1,17.4,0.625,310,0.75,41.75,1,17.94,306.48,0.375
2013,7,24,-41.55,0.5,752.95,1,12,0.25,287.5,1,55,1,12,310,0.25
2013,7,25,-45.52,0.625,749.51,0.875,16.67,0.375,298,0.625,52.43,0.875,NA,NA,0.125
2013,7,26,-53.26,1,750.73,1,21.62,1,314,0.625,43,1,21.12,313.77,0.625
2013,7,27,-53.1,1,760.84,1,21.33,0.375,318.75,1,43,1,21.26,323.28,0.375
2013,7,28,-44.2,1,765.49,1,20,0.25,316.25,1,49.5,1,19.7,320,0.25
2013,7,29,NA,0.125,757.33,0.75,NA,0.125,303.33,0.75,71.17,0.75,NA,NA,0.125
2013,7,30,NA,0.125,NA,0.125,NA,0,NA,0.125,NA,0.125,NA,NA,0
2013,7,31,-56.12,0.75,745.37,0.75,18.83,0.75,306.67,0.75,41.67,0.75,18.57,306.48,0.75
2013,8,1,-54.41,1,749.05,1,18.33,0.375,320,1,42.88,1,18.33,320,0.375
2013,8,2,-51.73,0.75,746.31,1,NA,0,321.25,1,47.38,1,NA,NA,0
2013,8,3,-49.17,0.75,749.5,1,NA,0,285,1,45.57,0.875,NA,NA,0
2013,8,4,-46.3,1,757.01,1,24,0.25,313.75,1,50.88,1,23.91,315.42,0.25
2013,8,5,-47.02,0.75,758.01,1,21,0.25,318,0.625,48.13,1,20.92,325,0.25
2013,8,6,-47.72,0.75,763.98,1,22.5,0.25,323.75,1,50.38,1,22.41,324.89,0.25
2013,8,7,-43.65,1,773.85,1,NA,0.125,306.25,1,53.88,1,NA,NA,0.125
2013,8,8,-43.6,0.875,781.56,1,20.5,0.5,318,0.625,53.75,1,21,320,0.25
2013,8,9,NA,0.125,NA,0.125,NA,0.125,NA,0.125,NA,0.125,NA,NA,0.125
2013,8,10,NA,0.125,NA,0.125,NA,0.125,NA,0.125,NA,0.125,NA,NA,0.125
2013,8,11,-49.62,0.625,774.62,0.625,NA,0.125,NA,0.125,47.2,0.625,NA,NA,0.125
2013,8,12,-47.85,0.25,774.4,0.25,NA,0.125,NA,0,49,0.25,NA,NA,0
2013,8,13,NA,0,NA,0,NA,0,NA,0,NA,0,NA,NA,0
2013,8,14,NA,0,NA,0,NA,0,NA,0,NA,0,NA,NA,0
2013,8,15,NA,0,NA,0,NA,0,NA,0,NA,0,NA,NA,0
2013,8,16,NA,0,NA,0,NA,0,NA,0,NA,0,NA,NA,0
2013,8,17,-38.9,0.25,786.6,0.25,NA,0.125,315,0.25,59.5,0.25,NA,NA,0.125
2013,8,18,-36.67,0.375,792.57,0.375,18,0.375,310,0.375,52.67,0.375,17.8,308.51,0.375
2013,8,19,-38.73,1,782.19,1,18.4,0.625,316.25,1,48.13,1,18.06,320.06,0.625
2013,8,20,NA,0,NA,0,NA,0,NA,0,NA,0,NA,NA,0
2013,8,21,-43.13,0.375,773.3,0.375,19.67,0.375,300,0.375,51,0.375,19.47,300.51,0.375
2013,8,22,-42.9,0.375,769.47,0.375,23.33,0.375,206.67,0.375,52.67,0.375,21.27,328.92,0.375
2013,8,23,NA,0,NA,0,NA,0,NA,0,NA,0,NA,NA,0
2013,8,24,-39.92,0.625,755.54,0.625,14,0.5,276.67,0.375,57,0.625,15,280,0.25
2013,8,25,-44.22,0.5,753.2,0.5,12.67,0.375,280,0.375,52,0.5,12.95,275,0.25
2013,8,26,-49.29,1,749.16,1,23,0.5,288,0.625,47.38,1,22.93,286.96,0.375
2013,8,27,-57.08,1,743.01,1,NA,0.125,285,0.5,39,1,NA,NA,0.125
2013,8,28,-56.47,1,739.83,1,24,0.25,306.67,0.75,39.5,1,NA,NA,0.125
2013,8,29,-55.34,1,744.09,1,20.5,0.75,NA,0.125,40.75,1,NA,NA,0
2013,8,30,-54.81,1,752.04,1,19.83,0.75,311.67,0.75,41.13,1,19.94,317.63,0.5
2013,8,31,-48.24,0.875,772.09,1,19.5,0.25,322.5,1,47.5,1,19.21,328.7,0.25
2013,9,1,-38.96,0.625,778.75,1,NA,0.125,308.75,1,57.25,1,NA,NA,0.125
2013,9,2,-40.16,0.875,775.79,1,14.5,0.25,NA,0.125,55.5,1,NA,NA,0
2013,9,3,-41.89,0.875,771.19,1,18,0.875,312.5,1,54.13,1,17.81,313.75,0.875
2013,9,4,-38.62,0.625,772.91,1,23.67,0.375,315,1,56.5,1,23.11,316.51,0.375
2013,9,5,-27.6,0.375,758.48,1,NA,0.125,261.25,1,68.75,1,NA,NA,0.125
2013,9,6,-35.5,0.875,752.96,1,NA,0,138.75,1,63.63,1,NA,NA,0
2013,9,7,-39.29,1,763.85,1,NA,0,238.75,1,59,1,NA,NA,0
2013,9,8,-41.16,0.875,765.83,0.875,20,0.5,310,0.875,56.86,0.875,19.8,306.61,0.5
2013,9,9,NA,0,NA,0,NA,0,NA,0,NA,0,NA,NA,0
2013,9,10,NA,0,NA,0,NA,0,NA,0,NA,0,NA,NA,0
2013,9,11,NA,0,NA,0,NA,0,NA,0,NA,0,NA,NA,0
2013,9,12,NA,0,NA,0,NA,0,NA,0,NA,0,NA,NA,0
2013,9,13,NA,0,NA,0,NA,0,NA,0,NA,0,NA,NA,0
2013,9,14,NA,0,NA,0,NA,0,NA,0,NA,0,NA,NA,0
2013,9,15,-41.93,0.5,764.8,0.5,21,0.375,NA,0.125,55.25,0.5,NA,NA,0.125
2013,9,16,-43.03,0.5,765.42,0.75,18,0.625,296.67,0.375,56.17,0.75,17.23,310.29,0.25
2013,9,17,-43.7,0.75,768.52,0.75,14,0.375,320,0.75,53.5,0.75,13.95,313.81,0.375
2013,9,18,-46.03,1,765.55,1,17.5,0.75,310,0.375,50.5,1,17,310,0.375
2013,9,19,-43.4,0.375,767.58,0.625,18,0.5,305,0.5,53.2,0.625,16.94,303.53,0.375
2013,9,20,-43.94,0.625,774.08,0.625,18.33,0.375,316,0.625,52.8,0.625,18.27,316.91,0.375
2013,9,21,-40.48,0.5,773.2,0.625,12.5,0.25,304,0.625,56.2,0.625,11.81,305.82,0.25
2013,9,22,-39.35,0.75,765.91,0.875,17,0.375,302.86,0.875,57.57,0.875,16.8,304.94,0.375
2013,9,23,-46.55,1,767.09,1,18.75,1,302.5,0.5,50.13,1,17.2,302.46,0.5
2013,9,24,-44.6,0.75,776.18,1,18.17,0.75,312.5,0.5,52.75,1,17.42,317.14,0.375
2013,9,25,-43.09,1,778.91,1,20,0.75,314,0.625,53.88,1,18.67,320,0.375
2013,9,26,-45.1,1,783.45,1,21.2,0.625,315,0.5,52,1,NA,NA,0.125
2013,9,27,-42.91,1,787.41,1,NA,0.125,312.86,0.875,54.13,1,NA,NA,0
2013,9,28,-39.69,0.875,777.11,1,21.2,0.625,318.75,1,58.13,1,21.12,316.13,0.625
2013,9,29,-41.41,1,764.39,1,17.75,0.5,312.5,1,55.75,1,17.6,320,0.5
2013,9,30,-43.6,0.875,758.25,1,14.86,0.875,303.75,1,54.25,1,14.62,307.03,0.875
2013,10,1,-32.41,0.875,764.51,1,7.29,0.875,296.25,1,64.5,1,7.22,295.86,0.875
2013,10,2,-29.78,1,766.5,1,1.67,0.375,250,1,67.75,1,1.45,226.59,0.375
2013,10,3,-37.25,0.75,761.2,1,18,0.375,303.75,1,60.63,1,18,310,0.375
2013,10,4,-41.97,0.875,758.61,1,16.83,0.75,306.67,0.375,54.75,1,NA,NA,0.125
2013,10,5,-33.88,0.75,764.06,1,12.6,0.625,311.43,0.875,64.38,1,12.42,312.28,0.625
2013,10,6,-34.38,0.625,763.75,1,5.57,0.875,308.75,1,65.38,1,5.52,314.33,0.875
2013,10,7,-33.41,0.875,764.94,1,3.6,0.625,298.75,1,64.63,1,3.59,294.44,0.625
2013,10,8,-34.04,1,762.76,1,2.4,0.625,301.67,0.75,64.38,1,2.49,305,0.5
2013,10,9,-33.48,1,764.06,1,4.33,0.375,305,1,64.88,1,4.32,303.84,0.375
2013,10,10,-36.72,0.625,764.25,1,3.38,1,303.75,1,60.13,1,3.36,303.33,1
2013,10,11,-39.48,0.625,762.24,1,9.25,0.5,307.5,0.5,56.25,1,4.95,303.96,0.375
2013,10,12,-41.02,0.75,762.98,1,17.57,0.875,310,0.375,54.38,1,16.16,310.41,0.375
2013,10,13,-44.3,0.5,758.49,1,18,0.625,305,1,53.5,1,17.5,309.96,0.625
2013,10,14,-47.48,0.5,756.15,1,15,0.375,305,0.25,51,1,NA,NA,0
2013,10,15,-45.85,0.5,752.73,1,16.14,0.875,311.25,1,50.75,1,15.96,311.1,0.875
2013,10,16,-44.31,0.875,747.02,1,19.25,1,313.75,1,52.5,1,19.11,314.1,1
2013,10,17,-43.5,0.75,743.5,1,23.5,0.5,310,0.375,53.75,1,NA,NA,0.125
2013,10,18,-38.2,0.5,746,1,13.5,0.5,295,0.25,60.13,1,NA,NA,0
2013,10,19,-31.23,0.875,749.3,1,9.17,0.75,313.75,1,67,1,8.85,309.63,0.75
2013,10,20,-33.52,0.75,750.83,1,14.5,0.5,306.67,0.75,63.25,1,14.41,311.9,0.5
2013,10,21,-37.35,0.5,750.97,1,17.5,0.75,297.5,0.5,58.88,1,15.94,304.69,0.25
2013,10,22,-38.23,0.375,757.47,1,9.75,0.5,286.67,0.375,60.25,1,NA,NA,0.125
2013,10,23,-36.44,0.625,757.3,1,NA,0.125,314,0.625,60,1,NA,NA,0.125
2013,10,24,-40.3,0.5,756.4,1,NA,0.125,308,0.625,55.75,1,NA,NA,0.125
2013,10,25,-41.62,0.625,760.19,1,15,0.25,296.67,0.75,54.88,1,14.77,289.33,0.25
2013,10,26,-40.25,0.25,760.66,1,18,0.25,310,0.5,55.5,1,NA,NA,0
2013,10,27,-40.06,0.625,762.36,1,14.67,0.75,295,0.25,56.25,1,NA,NA,0.125
2013,10,28,-39.87,0.375,760.59,1,12.33,0.75,291.25,1,58.5,1,12.28,290.41,0.75
2013,10,29,-34.6,0.625,761.71,1,7.5,0.25,275,0.25,61.13,1,NA,NA,0.125
2013,10,30,-36.78,0.625,769.06,1,7.8,0.625,291.25,1,60.25,1,7.66,293.31,0.625
2013,10,31,-38.58,0.625,764.79,1,14.33,0.375,305,1,55.75,1,14.15,303.99,0.375
2013,11,1,-41.36,0.625,758.81,1,13.8,0.625,301.25,1,55.13,1,13.66,303.5,0.625
2013,11,2,-38.27,0.5,756.53,1,13.67,0.75,306.25,1,58.88,1,13.48,304.76,0.75
2013,11,3,-36.27,0.75,754.1,1,17.4,0.625,300,0.75,59.13,1,17.58,297.31,0.5
2013,11,4,-35.95,0.5,753.13,1,13.2,0.625,290,0.5,61.13,1,12.63,292.63,0.375
2013,11,5,-37.05,0.5,750,0.875,16.75,0.5,313.75,1,59.88,1,16.57,318.05,0.5
2013,11,6,NA,0,NA,0.125,NA,0.125,NA,0.125,NA,0.125,NA,NA,0.125
2013,11,7,NA,0,NA,0,NA,0,NA,0,NA,0,NA,NA,0
2013,11,8,NA,0,NA,0,NA,0,NA,0,NA,0,NA,NA,0
2013,11,9,NA,0,NA,0,NA,0,NA,0,NA,0,NA,NA,0
2013,11,10,NA,0,NA,0,NA,0,NA,0,NA,0,NA,NA,0
2013,11,11,NA,0,NA,0,NA,0,NA,0,NA,0,NA,NA,0
2013,11,12,NA,0,NA,0,NA,0,NA,0,NA,0,NA,NA,0
2013,11,13,NA,0,NA,0,NA,0,NA,0,NA,0,NA,NA,0
2013,11,14,NA,0,NA,0,NA,0,NA,0,NA,0,NA,NA,0
2013,11,15,NA,0,NA,0,NA,0,NA,0,NA,0,NA,NA,0
2013,11,16,NA,0,NA,0,NA,0,NA,0,NA,0,NA,NA,0
2013,11,17,NA,0,NA,0,NA,0,NA,0,NA,0,NA,NA,0
2013,11,18,NA,0,NA,0,NA,0,NA,0,NA,0,NA,NA,0
2013,11,19,NA,0,NA,0,NA,0,NA,0,NA,0,NA,NA,0
2013,11,20,NA,0,NA,0,NA,0,NA,0,NA,0,NA,NA,0
2013,11,21,NA,0,NA,0,NA,0,NA,0,NA,0,NA,NA,0
2013,11,22,NA,0,NA,0,NA,0,NA,0,NA,0,NA,NA,0
2013,11,23,NA,0,NA,0,NA,0,NA,0,NA,0,NA,NA,0
2013,11,24,NA,0,NA,0,NA,0,NA,0,NA,0,NA,NA,0
2013,11,25,NA,0,NA,0,NA,0,NA,0,NA,0,NA,NA,0
2013,11,26,NA,0,NA,0,NA,0,NA,0,NA,0,NA,NA,0
2013,11,27,NA,0,NA,0,NA,0,NA,0,NA,0,NA,NA,0
2013,11,28,NA,0,NA,0,NA,0,NA,0,NA,0,NA,NA,0
2013,11,29,NA,0,NA,0,NA,0,NA,0,NA,0,NA,NA,0
2013,11,30,NA,0,NA,0,NA,0,NA,0,NA,0,NA,NA,0
2013,12,1,NA,0,NA,0,NA,0,NA,0,NA,0,NA,NA,0
2013,12,2,NA,0,NA,0,NA,0,NA,0,NA,0,NA,NA,0
2013,12,3,NA,0,NA,0,NA,0,NA,0,NA,0,NA,NA,0
2013,12,4,NA,0,NA,0,NA,0,NA,0,NA,0,NA,NA,0
2013,12,5,NA,0,NA,0,NA,0,NA,0,NA,0,NA,NA,0
2013,12,6,NA,0,NA,0,NA,0,NA,0,NA,0,NA,NA,0
2013,12,7,NA,0,NA,0,NA,0,NA,0,NA,0,NA,NA,0
2013,12,8,NA,0,NA,0,NA,0,NA,0,NA,0,NA,NA,0
2013,12,9,NA,0,NA,0,NA,0,NA,0,NA,0,NA,NA,0
2013,12,10,NA,0,NA,0,NA,0,NA,0,NA,0,NA,NA,0
2013,12,11,NA,0,NA,0,NA,0,NA,0,NA,0,NA,NA,0
2013,12,12,NA,0,NA,0,NA,0,NA,0,NA,0,NA,NA,0
2013,12,13,NA,0,NA,0,NA,0,NA,0,NA,0,NA,NA,0
2013,12,14,NA,0,NA,0,NA,0,NA,0,NA,0,NA,NA,0
2013,12,15,NA,0,NA,0,NA,0,NA,0,NA,0,NA,NA,0
2013,12,16,NA,0,NA,0,NA,0,NA,0,NA,0,NA,NA,0
2013,12,17,NA,0,NA,0,NA,0,NA,0,NA,0,NA,NA,0
2013,12,18,NA,0,NA,0,NA,0,NA,0,NA,0,NA,NA,0
2013,12,19,NA,0,NA,0,NA,0,NA,0,NA,0,NA,NA,0
2013,12,20,NA,0,NA,0,NA,0,NA,0,NA,0,NA,NA,0
2013,12,21,NA,0,NA,0,NA,0,NA,0,NA,0,NA,NA,0
2013,12,22,NA,0,NA,0,NA,0,NA,0,NA,0,NA,NA,0
2013,12,23,NA,0,NA,0,NA,0,NA,0,NA,0,NA,NA,0
2013,12,24,NA,0,NA,0,NA,0,NA,0,NA,0,NA,NA,0
2013,12,25,NA,0,NA,0,NA,0,NA,0,NA,0,NA,NA,0
2013,12,26,NA,0,NA,0,NA,0,NA,0,NA,0,NA,NA,0
2013,12,27,NA,0,NA,0,NA,0,NA,0,NA,0,NA,NA,0
2013,12,28,NA,0,NA,0,NA,0,NA,0,NA,0,NA,NA,0
2013,12,29,NA,0,NA,0,NA,0,NA,0,NA,0,NA,NA,0
2013,12,30,NA,0,NA,0,NA,0,NA,0,NA,0,NA,NA,0
2013,12,31,NA,0,NA,0,NA,0,NA,0,NA,0,NA,NA,0
2014,1,1,NA,0,NA,0,NA,0,NA,0,NA,0,NA,NA,0
2014,1,2,NA,0,NA,0,NA,0,NA,0,NA,0,NA,NA,0
2014,1,3,NA,0,NA,0,NA,0,NA,0,NA,0,NA,NA,0
2014,1,4,NA,0,NA,0,NA,0,NA,0,NA,0,NA,NA,0
2014,1,5,NA,0,NA,0,NA,0,NA,0,NA,0,NA,NA,0
2014,1,6,NA,0,NA,0,NA,0,NA,0,NA,0,NA,NA,0
2014,1,7,NA,0,NA,0,NA,0,NA,0,NA,0,NA,NA,0
2014,1,8,NA,0,NA,0,NA,0,NA,0,NA,0,NA,NA,0
2014,1,9,NA,0,NA,0,NA,0,NA,0,NA,0,NA,NA,0
2014,1,10,NA,0,NA,0,NA,0,NA,0,NA,0,NA,NA,0
2014,1,11,NA,0,NA,0,NA,0,NA,0,NA,0,NA,NA,0
2014,1,12,NA,0,NA,0,NA,0,NA,0,NA,0,NA,NA,0
2014,1,13,NA,0,NA,0,NA,0,NA,0,NA,0,NA,NA,0
2014,1,14,NA,0,NA,0,NA,0,NA,0,NA,0,NA,NA,0
2014,1,15,NA,0,NA,0,NA,0,NA,0,NA,0,NA,NA,0
2014,1,16,NA,0,NA,0,NA,0,NA,0,NA,0,NA,NA,0
2014,1,17,NA,0,NA,0,NA,0,NA,0,NA,0,NA,NA,0
2014,1,18,NA,0,NA,0,NA,0,NA,0,NA,0,NA,NA,0
2014,1,19,NA,0,NA,0,NA,0,NA,0,NA,0,NA,NA,0
2014,1,20,NA,0,NA,0,NA,0,NA,0,NA,0,NA,NA,0
2014,1,21,NA,0,NA,0,NA,0,NA,0,NA,0,NA,NA,0
2014,1,22,NA,0,NA,0,NA,0,NA,0,NA,0,NA,NA,0
2014,1,23,NA,0,NA,0,NA,0,NA,0,NA,0,NA,NA,0
2014,1,24,NA,0,NA,0,NA,0,NA,0,NA,0,NA,NA,0
2014,1,25,-23.07,0.75,771.33,1,13,0.25,302.5,1,76.13,1,13,290,0.25
2014,1,26,-19.83,0.75,767.98,1,9.67,0.375,191.25,1,78.88,1,9.64,167.25,0.375
2014,1,27,-19.41,1,766.18,1,10,0.375,196.25,1,82,1,8.79,143.11,0.375
2014,1,28,-20.38,0.625,764.96,1,8,0.625,291.25,1,70.5,1,7.9,294,0.625
2014,1,29,-26.6,0.5,764.25,1,9.5,0.25,286.25,1,69,1,9.46,294.21,0.25
2014,1,30,-26.45,0.25,764.38,1,6,0.25,278.75,1,69.63,1,6,300,0.25
2014,1,31,-24.2,0.5,766.55,1,6.25,0.5,273.75,1,72.13,1,5.78,285.11,0.5
2014,2,1,-27.67,0.875,767.25,1,13.43,0.875,303.75,1,66,1,13.06,303.34,0.875
2014,2,2,-27.6,0.5,765.46,1,14.33,0.375,308.75,1,63.13,1,14.28,306.28,0.375
2014,2,3,-29.33,0.5,766,1,11,0.5,290,0.625,63.5,1,11.34,293.07,0.25
2014,2,4,-28.8,0.625,764.82,1,5.2,0.625,242,0.625,66.88,1,3.62,275.42,0.375
2014,2,5,-26.22,0.5,764.35,1,2.2,0.625,243.75,1,73.5,1,1.44,280.61,0.625
2014,2,6,-27.63,0.375,764.95,1,8.5,0.75,290,1,73.13,1,8.45,288.04,0.75
2014,2,7,-28.28,0.75,759.13,1,9,0.5,291.25,1,73.75,1,8.91,303.35,0.5
2014,2,8,-19.33,0.875,760.29,1,NA,0,157.5,1,82.13,1,NA,NA,0
2014,2,9,-22.63,0.75,772.79,1,12,0.5,275,1,73.5,1,11.09,301.78,0.5
2014,2,10,-27.42,0.625,778.75,1,9,0.375,283.75,1,61,1,7.66,293.49,0.375
2014,2,11,-26.08,0.5,783.75,1,NA,0,302.5,1,53.75,1,NA,NA,0
2014,2,12,-23.12,0.75,788.46,1,9.8,0.625,302.5,1,54,1,9.7,293.9,0.625
2014,2,13,-20.74,0.625,778.93,1,10,0.25,298.75,1,76.75,1,9.87,314.03,0.25
2014,2,14,-24.13,1,774.14,1,11.62,1,291.25,1,65,1,11.28,293.44,1
2014,2,15,-21.71,1,769.64,0.875,5.8,0.625,171.25,1,78.25,1,5.29,168.66,0.625
2014,2,16,-20.78,0.75,767.96,1,NA,0.125,260,1,72.75,1,NA,NA,0.125
2014,2,17,-31.2,0.875,761.38,1,13.67,0.375,305,1,62.75,1,13.62,313.41,0.375
2014,2,18,-35.14,0.625,755.11,0.875,12.86,0.875,295,1,59.29,0.875,12.69,293.88,0.875
2014,2,19,-31.15,0.5,760.2,1,10,0.25,290,1,66.88,1,9.42,295.84,0.25
2014,2,20,-32.7,0.625,763.96,1,8.5,0.25,296.25,1,69.63,1,8.39,304.15,0.25
2014,2,21,-34.83,0.5,756.46,1,11.5,0.75,310,0.75,68.13,1,10.51,312.84,0.625
2014,2,22,-36.45,0.5,758.4,1,9.33,0.375,298.57,0.875,65,1,9.21,306.4,0.375
2014,2,23,-35,0.75,761.11,1,14.33,0.375,305,1,65.88,1,14.29,306.75,0.375
2014,2,24,-35.58,1,756.06,1,15.25,0.5,301.67,0.75,63.63,1,15.12,302.63,0.375
2014,2,25,-34,0.625,752.57,1,NA,0.125,303.75,1,62.63,1,NA,NA,0.125
2014,2,26,-32.73,0.875,758.01,1,17.5,0.25,298,0.625,65.75,1,NA,NA,0
2014,2,27,-32.3,0.375,762.39,1,NA,0.125,297.5,1,63.75,1,NA,NA,0.125
2014,2,28,-37.59,0.875,759.15,1,14,0.25,306.25,1,60,1,14,300,0.25
2014,3,1,-37.76,1,761.04,1,16.33,0.75,305,0.75,62.88,1,15.47,307.56,0.625
2014,3,2,-35.33,0.5,762.57,1,12.67,0.375,312.86,0.875,61.75,1,12.63,312.89,0.375
2014,3,3,-38.19,0.875,767.04,1,NA,0,301.25,1,61.63,1,NA,NA,0
2014,3,4,-39.01,1,766.05,1,NA,0,310,1,61.5,1,NA,NA,0
2014,3,5,-39.89,1,762.14,1,14.67,0.375,300,1,60.5,1,14.67,300,0.375
2014,3,6,-28.48,0.625,759.2,1,NA,0,185,1,73,1,NA,NA,0
2014,3,7,-33.27,0.75,767.6,1,NA,0.125,291.25,1,68.75,1,NA,NA,0.125
2014,3,8,-36.66,0.625,763.68,1,14.67,0.375,316.25,1,65.88,1,14.31,315.94,0.375
2014,3,9,-41.5,0.75,760.24,1,13.5,0.25,301.67,0.75,59,1,NA,NA,0.125
2014,3,10,-44.43,1,762.54,1,NA,0.125,302.5,1,55.75,1,NA,NA,0.125
2014,3,11,-43.13,1,769.1,1,12.86,0.875,303.75,1,57.25,1,12.81,304.33,0.875
2014,3,12,-42.46,0.875,771.05,1,13.33,0.75,302.5,1,57.25,1,13.29,303.37,0.75
2014,3,13,-42.28,0.75,768.45,1,11.12,1,294,0.625,58.75,1,11.22,293.49,0.625
2014,3,14,-41.1,1,764.5,0.875,14.4,0.625,295,0.5,58.5,1,13.62,296.83,0.375
2014,3,15,-40.96,1,763.7,1,17.25,0.5,304.29,0.875,58.25,1,17.61,306.61,0.375
2014,3,16,-46.1,0.75,760.96,1,19.2,0.625,286.67,0.75,52.5,1,18.61,287.15,0.375
2014,3,17,-34.78,0.625,754.08,1,5.5,0.25,228.75,1,63.25,1,5.48,184.54,0.25
2014,3,18,-28.76,0.875,756.22,1,NA,0.125,156.25,1,73.63,1,NA,NA,0.125
2014,3,19,-37.58,0.75,760.04,1,NA,0.125,306.25,1,63.75,1,NA,NA,0.125
2014,3,20,-39.36,1,761.51,1,17.5,0.25,311.25,1,61.13,1,17.5,300,0.25
2014,3,21,-43.15,1,756.43,1,NA,0.125,310,1,57.13,1,NA,NA,0.125
2014,3,22,-41.05,1,762.11,1,NA,0.125,318.75,1,59,1,NA,NA,0.125
2014,3,23,-36.33,0.875,762.55,1,15,0.375,272.5,1,64.63,1,14.84,310.45,0.375
2014,3,24,-31.87,0.75,754.55,1,10.5,1,281.25,1,69.5,1,10.37,280.92,1
2014,3,25,-37.45,1,751.69,1,12,0.75,275,1,63.88,1,11.84,275,0.75
2014,3,26,-43.99,1,751.23,1,14.25,1,296,0.625,56,1,14.35,296.11,0.625
2014,3,27,-44.75,0.75,750.33,1,NA,0.125,287.5,1,54.38,1,NA,NA,0.125
2014,3,28,-45.1,1,747.5,1,13,0.625,283.33,0.375,54.25,1,12.95,284.61,0.25
2014,3,29,-44.06,1,755.29,1,15.17,0.75,323.33,0.375,55.25,1,15,320,0.25
2014,3,30,-44.57,0.875,760.75,1,12.5,0.25,295,0.5,54.5,1,NA,NA,0.125
2014,3,31,-40.66,1,751.54,1,NA,0,291.25,1,59.63,1,NA,NA,0
2014,4,1,-46.23,1,749.15,1,NA,0,305,1,53.13,1,NA,NA,0
2014,4,2,-46.93,1,757.32,1,18.75,0.5,303.33,0.75,51.88,1,19.92,305,0.25
2014,4,3,-48.44,1,757.59,1,NA,0.125,306.25,1,49.88,1,NA,NA,0.125
2014,4,4,-49.3,1,750.29,1,17,0.25,NA,0.125,48.5,1,NA,NA,0.125
2014,4,5,-48.74,1,747.44,1,16,0.25,306.67,0.375,49.38,1,NA,NA,0
2014,4,6,-48.32,1,752.26,1,12.57,0.875,305,0.25,49.5,1,12.45,305.2,0.25
2014,4,7,-49.26,1,754.53,1,14.17,0.75,308.75,1,48.5,1,14.04,306.81,0.75
2014,4,8,-53.31,1,751.41,0.875,NA,0.125,304,0.625,44.13,1,NA,NA,0
2014,4,9,-52.09,1,752.78,1,10.14,0.875,296.67,0.75,44.75,1,9.96,295.8,0.625
2014,4,10,-50.8,1,751.86,1,11.71,0.875,297.5,1,46.38,1,11.69,298.42,0.875
2014,4,11,-46.8,0.875,748.15,1,12.33,0.75,305,1,51.88,1,12.18,307.59,0.75
2014,4,12,-47.1,0.625,754.93,1,10.33,0.375,307.5,0.5,50,1,9.95,309.34,0.375
2014,4,13,-48.39,0.875,754.26,0.875,16.67,0.375,295,0.25,50,1,NA,NA,0.125
2014,4,14,-44.63,1,756.08,1,13.33,0.75,300,0.375,54.25,1,13.5,300,0.25
2014,4,15,-44.55,1,762.89,1,16.5,0.25,303.33,0.75,54.13,1,NA,NA,0.125
2014,4,16,-40.78,1,770.04,1,13,0.25,321.25,1,58.63,1,13,330,0.25
2014,4,17,-35.44,1,771.41,1,12,0.375,293.75,1,64.5,1,11.96,286.67,0.375
2014,4,18,-37.63,1,774.82,1,17,0.25,312.5,1,62.25,1,17,320,0.25
2014,4,19,-38.7,1,763.5,1,13.25,0.5,315,0.5,61.25,1,12.95,315,0.25
2014,4,20,-36.26,1,764.55,1,16,0.625,310,1,63.38,1,15.79,311.58,0.625
2014,4,21,-37.26,1,771.59,1,16,0.5,285,1,62.88,1,15.69,285.79,0.5
2014,4,22,-42.21,1,777.94,1,15.33,0.375,310,0.625,58,1,14.99,287.22,0.375
2014,4,23,-37.59,1,778.97,1,NA,0.125,315,1,60.5,1,NA,NA,0.125
2014,4,24,-34.63,0.5,771.42,1,NA,0,272.5,1,68.5,1,NA,NA,0
2014,4,25,-36.8,1,770.69,1,NA,0.125,313.75,1,62.38,1,NA,NA,0.125
2014,4,26,-35.69,1,769.41,1,11,0.375,314,0.625,59.75,1,NA,NA,0.125
2014,4,27,-40.04,1,765.13,1,NA,0.125,311.25,1,59.5,1,NA,NA,0.125
2014,4,28,-42.55,1,754.39,1,NA,0.125,310,1,57.38,1,NA,NA,0.125
2014,4,29,-51.28,0.75,750.75,1,NA,0.125,303.75,1,47.13,1,NA,NA,0.125
2014,4,30,-55.01,1,752.24,1,NA,0.125,308.75,1,42.75,1,NA,NA,0.125
2014,5,1,-53.69,0.875,752.25,1,NA,0,315,1,44.25,1,NA,NA,0
2014,5,2,-45.98,0.75,758.39,1,NA,0,312.5,1,53.5,1,NA,NA,0
2014,5,3,-43.4,0.75,767.35,1,11,0.25,318.75,1,56.88,1,10.96,314.54,0.25
2014,5,4,-44.09,1,772.75,1,16,0.625,300,0.25,55.63,1,15.5,300,0.25
2014,5,5,-45.16,1,771.89,1,17.67,0.375,303.33,0.375,54.5,1,NA,NA,0
2014,5,6,-40.86,1,762.68,1,13.5,0.5,297.14,0.875,58.88,1,12.63,292.89,0.375
2014,5,7,-42.4,0.625,755.55,1,11.38,1,300,1,57.5,1,11.22,301.03,1
2014,5,8,-42.8,0.75,762.31,1,11.6,0.625,302,0.625,56.63,1,10.63,303.12,0.375
2014,5,9,-38.2,0.875,764.51,1,10.33,0.75,303.75,1,62.63,1,9.94,308.81,0.75
2014,5,10,-38.21,1,759.75,1,10,0.875,310,1,62.38,1,9.92,313.3,0.875
2014,5,11,-39.99,0.875,765.9,1,10.62,1,305,1,61.13,1,10.44,306.31,1
2014,5,12,-38.06,0.875,765.37,1,9,0.875,305,1,62.38,1,8.89,303.04,0.875
2014,5,13,-30.87,0.875,768.05,1,5,0.625,290,1,71,1,4.85,296.31,0.625
2014,5,14,-31.24,1,767.31,1,10.14,0.875,300,0.5,70.75,1,10.43,300.95,0.5
2014,5,15,-34.75,1,764.1,1,10.62,1,300,0.375,66.88,1,9.89,300.34,0.375
2014,5,16,-34.1,0.75,762.89,1,11.5,0.75,305,1,66,1,11.29,306.23,0.75
2014,5,17,-43.01,1,758.25,1,11,1,316,0.625,57.63,1,10.56,316.23,0.625
2014,5,18,-45.55,1,755.28,1,10,0.375,307.5,1,53.63,1,9.97,312.66,0.375
2014,5,19,-44.35,1,755.45,1,12.5,0.25,295,0.5,55.75,1,12.45,294.8,0.25
2014,5,20,-45.17,0.75,758.6,1,11.6,0.625,296.67,0.75,55.88,1,11.2,295.26,0.375
2014,5,21,-41.6,0.625,766.85,1,NA,0.125,250,0.75,59,1,NA,NA,0
2014,5,22,-48.87,0.75,761.49,1,14.25,0.5,300,0.625,49.88,1,14.22,298.6,0.5
2014,5,23,-53.26,1,755.69,1,13.67,0.375,302,0.625,44.25,1,13.5,300,0.25
2014,5,24,-51.86,1,756.65,1,13,1,295,0.25,45.88,1,12.45,295.6,0.25
2014,5,25,-44.5,0.625,761.85,1,5,0.875,291.67,0.75,52.88,1,4.11,288.79,0.75
2014,5,26,-40.11,1,762.69,1,6.14,0.875,300,1,59.75,1,6.09,300.47,0.875
2014,5,27,-49.04,0.875,759.71,1,12.4,0.625,300,1,49.5,1,12.29,301.78,0.625
2014,5,28,-42.06,0.875,760.7,1,7.12,1,301.25,1,58,1,7.06,301.41,1
2014,5,29,-42,1,755.8,1,7.33,0.75,308.75,1,58,1,7.3,310.23,0.75
2014,5,30,-35.97,0.75,753.71,1,5.5,0.75,291.25,1,64.5,1,4.59,304.9,0.75
2014,5,31,-42.79,1,757.23,1,11.17,0.75,305,0.75,57.38,1,10.71,308.33,0.625
2014,6,1,-44.48,1,759.85,1,10.75,0.5,287.5,1,55.63,1,10.55,284.89,0.5
2014,6,2,-45.61,1,750.98,1,11.83,0.75,307.5,0.5,53.75,1,12.17,306.45,0.375
2014,6,3,-51.25,1,757.6,1,8.12,1,305,0.25,46.5,1,7.97,305.63,0.25
2014,6,4,-51.91,1,761.26,1,8.38,1,300,0.375,45.5,1,8.57,299.61,0.375
2014,6,5,-52.7,0.875,762.5,1,10,0.25,311.25,1,44.5,1,10,320,0.25
2014,6,6,-48.31,1,761.98,1,10.67,0.375,313.33,0.75,49.63,1,10.96,294.54,0.25
2014,6,7,-41.43,1,749.73,1,7.4,0.625,293.33,0.75,58.13,1,6.92,290.48,0.375
2014,6,8,-42.79,1,750.81,1,8.86,0.875,295,1,56.75,1,8.79,302.75,0.875
2014,6,9,-40.7,0.375,753,1,10.25,0.5,295,1,59.75,1,10.22,302.43,0.5
2014,6,10,-44.13,1,752.01,1,13.5,0.25,307.5,1,55.38,1,13.3,309.63,0.25
2014,6,11,-43.94,0.625,748.33,1,13.67,0.375,298.75,1,52.13,1,13.53,310.74,0.375
2014,6,12,-54.03,0.875,747.95,1,8.17,0.75,296.25,1,44,1,8.1,295.9,0.75
2014,6,13,-53.79,0.875,754.14,0.875,11.83,0.75,306,0.625,43.25,1,11.13,301.34,0.5
2014,6,14,-52.56,1,755.18,1,13.88,1,300,0.625,44.63,1,13.83,300.43,0.625
2014,6,15,-48.57,0.75,751.24,1,11.5,0.5,311.25,1,50.88,1,11.46,304.78,0.5
2014,6,16,-32.48,0.5,757.65,1,7,0.25,220,1,68.38,1,5.15,280.95,0.25
2014,6,17,-39.8,0.625,766.35,1,13.75,0.5,283.75,1,59.13,1,13.7,315.46,0.5
2014,6,18,-47.78,1,765.58,1,13.75,0.5,317.5,0.5,51.63,1,15,320,0.25
2014,6,19,-45.16,1,761.19,1,12.4,0.625,315,1,54.75,1,12.37,317.75,0.625
2014,6,20,-46.7,1,760.53,1,11.17,0.75,317.5,1,52.13,1,11.09,318.2,0.75
2014,6,21,-51.69,1,765.26,1,11,0.375,308,0.625,46.25,1,NA,NA,0.125
2014,6,22,-49.57,1,763.45,1,12.8,0.625,310,0.375,48.25,1,13.2,309,0.375
2014,6,23,-51.68,1,759.03,1,10.2,0.625,312.5,1,45.88,1,10.06,314.1,0.625
2014,6,24,-51.16,1,758.81,1,10.12,1,308,0.625,46.5,1,10.17,307.85,0.625
2014,6,25,-48.86,0.875,765.16,1,13,0.5,305,1,49.13,1,12.96,307.31,0.5
2014,6,26,-48.29,1,767.18,1,11.71,0.875,304,0.625,49.5,1,11.72,302.34,0.5
2014,6,27,-47.53,1,765.65,1,12.71,0.875,306,0.625,50.75,1,13.2,305.09,0.5
2014,6,28,-49.14,1,761.07,1,12.38,1,306.67,0.75,48.25,1,12.06,307.66,0.75
2014,6,29,-53.55,0.75,761.31,1,9.33,0.375,295,1,44.25,1,9.3,303.93,0.375
2014,6,30,-47.81,0.875,762.7,1,NA,0,300,1,50,1,NA,NA,0
2014,7,1,-56.42,0.625,771.31,1,13,0.25,318,0.625,41.63,1,13,320,0.25
2014,7,2,-44.47,0.75,768.18,1,12.2,0.625,308.75,1,54.63,1,11.95,308.23,0.625
2014,7,3,-48.54,0.625,759.15,1,11,0.25,277.5,1,50,1,10.96,285.46,0.25
2014,7,4,-52.64,1,756.45,1,13.14,0.875,295,0.25,44.63,1,12.95,295.39,0.25
2014,7,5,-49.45,0.75,758.32,1,15.5,0.25,314.29,0.875,48.88,1,15.5,310,0.25
2014,7,6,-45.49,1,755.11,1,12.6,0.625,296.67,0.75,53,1,13,300,0.5
2014,7,7,-41.72,1,754.66,1,NA,0.125,321.25,1,56.88,1,NA,NA,0.125
2014,7,8,-44.84,1,749.47,1,NA,0.125,310,1,53.63,1,NA,NA,0.125
2014,7,9,-44.43,0.75,753.9,1,11.5,0.25,295,1,55.75,1,11.46,274.35,0.25
2014,7,10,-39.71,1,752.35,1,NA,0,297.5,1,59.38,1,NA,NA,0
2014,7,11,-41.89,0.875,749.16,1,11.86,0.875,293.33,0.75,55.38,1,10.89,293.84,0.625
2014,7,12,-45.81,1,751.3,1,11,0.25,275.71,0.875,52.63,1,10.63,275,0.25
2014,7,13,-54.2,1,753.21,1,NA,0.125,291.25,1,42.88,1,NA,NA,0.125
2014,7,14,-55.21,0.875,756.46,1,15.57,0.875,305,0.5,41.38,1,15.19,304.59,0.5
2014,7,15,-53.71,1,760.1,1,15,0.375,316.25,1,43.5,1,14.95,316.89,0.375
2014,7,16,-48.48,1,760.69,1,16.33,0.375,318,0.625,49.25,1,NA,NA,0.125
2014,7,17,-49.35,1,763.46,1,NA,0.125,321.67,0.75,48.38,1,NA,NA,0
2014,7,18,-50.74,0.875,764.64,1,13,0.25,324,0.625,47.13,1,13,320,0.25
2014,7,19,-47.79,0.875,758.76,1,12.33,0.375,311.25,1,49.63,1,12.29,312.97,0.375
2014,7,20,-45.69,0.875,757.95,1,12,0.375,307.5,1,53.13,1,11.97,302.5,0.375
2014,7,21,-34.4,0.5,762.09,1,10.5,0.5,236.25,1,67.63,1,7.28,272.25,0.5
2014,7,22,-40.3,0.75,768.36,1,12.5,0.25,302.5,1,61.13,1,12.31,301.21,0.25
2014,7,23,-44.88,1,766.11,1,NA,0.125,306.25,1,55,1,NA,NA,0.125
2014,7,24,-43.7,0.875,758.31,1,15,0.25,296.25,1,56.75,1,15,310,0.25
2014,7,25,-47.87,1,765.09,1,11,0.625,314,0.625,50.63,1,13.3,319.63,0.25
2014,7,26,-42.49,1,770.76,1,11.67,0.75,301.25,1,56.25,1,11.55,299.86,0.75
2014,7,27,-42.33,1,761.55,1,12,0.5,296,0.625,53.13,1,11.97,292.5,0.5
2014,7,28,-46.44,1,761.03,1,15.67,0.375,297.14,0.875,52.88,1,14.78,302.02,0.25
2014,7,29,-47.01,1,766.45,1,14.8,0.625,NA,0,51.25,1,NA,NA,0
2014,7,30,-42.38,1,763.71,1,10.5,0.5,273.33,0.75,57,1,7.05,296.08,0.375
2014,7,31,-40.6,1,759.81,1,NA,0,181.25,1,59.63,1,NA,NA,0
2014,8,1,-40.87,0.875,763.03,1,5,0.375,243.75,1,58.88,1,4.11,271.38,0.375
2014,8,2,-46.14,1,757.7,1,13.67,0.375,312,0.625,53,1,13.35,313.62,0.375
2014,8,3,-55.56,0.625,742.85,1,12.8,0.625,312.5,1,42.5,1,12.7,312.35,0.625
2014,8,4,-52.89,1,742.16,1,10,0.75,304,0.625,44.5,1,10.3,303.22,0.375
2014,8,5,-52.08,1,751.19,1,10,1,303.75,1,45.38,1,9.97,303.37,1
2014,8,6,-49.29,1,753.85,1,12.29,0.875,302.5,1,48.5,1,12.26,301.27,0.875
2014,8,7,-43.14,1,751.94,1,12.14,0.875,310,0.625,56.13,1,13.21,312.26,0.5
2014,8,8,-41.92,0.75,754.36,1,16,0.5,307.5,1,57.75,1,15.84,302.99,0.5
2014,8,9,-45.4,1,757.63,1,16.6,0.625,308,0.625,54,1,15.61,306.39,0.375
2014,8,10,-46.62,1,759.85,1,16,0.5,310,0.375,52,1,15.44,315.16,0.25
2014,8,11,-49.1,1,757.84,1,18,0.25,305,0.5,48.63,1,NA,NA,0.125
2014,8,12,-40.47,0.875,753.51,1,14.2,0.625,292,0.625,59,1,14.85,290.45,0.375
2014,8,13,-39.14,0.875,751.7,1,5,0.75,273.75,1,60.38,1,4.66,279.92,0.75
2014,8,14,-45.89,0.875,758.11,1,7.8,0.625,303.75,1,53.38,1,7.73,308.2,0.625
2014,8,15,-51.53,1,750.98,1,13.29,0.875,NA,0,46.13,1,NA,NA,0
2014,8,16,-49.3,1,741.11,1,19.2,0.625,311.43,0.875,48.38,1,19.16,312.39,0.5
2014,8,17,-46.34,1,738.96,1,12.4,0.625,302,0.625,52.25,1,13,300,0.25
2014,8,18,-47.28,0.75,738.51,1,14.29,0.875,306,0.625,49.75,1,14.55,306.3,0.625
2014,8,19,-48.04,0.625,743.8,1,11.17,0.75,293.75,1,50.38,1,10.68,297.71,0.75
2014,8,20,-53.21,1,753.11,1,16.14,0.875,310,0.625,43.25,1,15.21,312.45,0.5
2014,8,21,-49.63,0.75,755.08,1,15.17,0.75,308,0.625,46.88,1,16.28,306.53,0.375
2014,8,22,-49.91,1,757.8,1,15.5,0.5,305,0.5,48,1,15.94,305.31,0.25
2014,8,23,-47.2,1,754.96,1,16.2,0.625,298.75,1,50.88,1,16.06,291.74,0.625
2014,8,24,-49.1,0.875,751.5,1,14.33,0.75,300,1,48.25,1,14.1,299.7,0.75
2014,8,25,-47.16,0.875,758.56,1,9.43,0.875,306.25,1,50.75,1,9.35,307.42,0.875
2014,8,26,-49.65,0.75,763.36,1,13.25,0.5,298.75,1,48.63,1,13.2,294.72,0.5
2014,8,27,-47.08,1,762.38,1,14.43,0.875,301.25,1,51.25,1,14.34,298.71,0.875
2014,8,28,-40.78,0.75,764.93,1,NA,0.125,307.5,1,58.75,1,NA,NA,0.125
2014,8,29,-44.06,1,768.85,1,12.67,0.375,310,1,55,1,12.62,306.58,0.375
2014,8,30,-37.65,0.75,760.03,1,14.67,0.375,263.75,1,64.25,1,14.62,316.59,0.375
2014,8,31,-29.59,1,764.09,1,5.33,0.375,215,1,71.88,1,4.21,222.1,0.375
2014,9,1,-40.3,0.625,770.88,1,14.75,0.5,310,1,62,1,14.6,313.24,0.5
2014,9,2,-46.8,1,765.73,1,10.57,0.875,315.71,0.875,52.63,1,10.24,316.76,0.75
2014,9,3,-48.82,1,755.34,1,11.75,1,305,0.75,50,1,11.01,305.22,0.75
2014,9,4,-42.64,1,753.93,1,11,0.75,297.5,1,57.5,1,10.93,298.79,0.75
2014,9,5,-45.9,1,753.91,1,15.17,0.75,297.5,1,53.5,1,15.05,298.57,0.75
2014,9,6,-45.91,1,760.96,1,14.17,0.75,300,1,53.25,1,14.01,300.24,0.75
2014,9,7,-48.3,1,759.36,1,16.14,0.875,301.67,0.75,50,1,16.36,301.95,0.625
2014,9,8,-53.43,1,763.05,1,15.67,0.75,300,0.625,43.75,1,16.61,303,0.375
2014,9,9,-46.75,0.75,764.71,1,13.6,0.625,303.33,0.375,51.25,1,NA,NA,0.125
2014,9,10,-45.53,1,760.13,1,16.86,0.875,305,0.25,53.63,1,NA,NA,0.125
2014,9,11,-46.81,1,761.16,1,16,0.5,312.86,0.875,51.75,1,15.45,312.79,0.375
2014,9,12,-41.65,0.5,760.58,1,8.5,0.25,314,0.625,61.63,1,8.47,315.88,0.25
2014,9,13,-32.34,0.875,770.74,1,6.25,1,306.25,1,69,1,6.18,306.01,1
2014,9,14,-35.15,0.75,772.2,1,3.25,1,308.75,1,65.88,1,3.19,307.71,1
2014,9,15,-42.21,1,766.2,1,3.12,1,303.33,0.75,57.88,1,3.13,302.12,0.75
2014,9,16,-46.89,1,761.41,1,1.4,0.625,304,0.625,52.13,1,1.49,306.67,0.25
2014,9,17,-50.49,1,765.26,1,1,0.625,305,1,47.38,1,0.95,306.14,0.625
2014,9,18,-50.7,1,769.99,1,1.6,0.625,307.5,1,47,1,1.59,308.74,0.625
2014,9,19,-48.27,0.875,767.19,1,3,0.625,304,0.625,50.38,1,2.99,303.33,0.375
2014,9,20,-47.13,0.5,762.88,0.5,2.25,0.5,NA,0.125,51.25,0.5,NA,NA,0.125
2014,9,21,NA,0,NA,0,NA,0,NA,0,NA,0,NA,NA,0
2014,9,22,NA,0,NA,0,NA,0,NA,0,NA,0,NA,NA,0
2014,9,23,NA,0,NA,0,NA,0,NA,0,NA,0,NA,NA,0
2014,9,24,NA,0,NA,0,NA,0,NA,0,NA,0,NA,NA,0
2014,9,25,NA,0,NA,0,NA,0,NA,0,NA,0,NA,NA,0
2014,9,26,-46.6,0.25,759.9,0.25,2,0.25,305,0.25,52,0.25,1.99,305,0.25
2014,9,27,-46.48,0.5,758.25,0.5,1.25,0.5,NA,0.125,52,0.5,NA,NA,0.125
2014,9,28,-45.83,0.5,760.13,0.5,1,0.5,302.5,0.5,52.5,0.5,1,300,0.5
2014,9,29,-43.53,0.375,758.7,0.5,1,0.5,225,0.5,54.5,0.5,0.87,330,0.5
2014,9,30,NA,0.125,NA,0.125,NA,0.125,NA,0.125,NA,0.125,NA,NA,0.125
2014,10,1,-32,0.375,760.17,0.375,1.33,0.375,276.67,0.375,68.67,0.375,1.33,277.5,0.375
2014,10,2,-27.2,0.375,758.87,0.375,1,0.375,273.33,0.375,73,0.375,1,280,0.375
2014,10,3,-30.87,0.375,756.04,1,1,1,305,1,65.88,1,0.98,298.73,1
2014,10,4,-36.19,0.875,753.99,1,0.5,0.5,280,1,64.63,1,0.48,285,0.5
2014,10,5,-34.88,0.625,751.64,0.875,1.33,0.375,227.14,0.875,67,0.875,1.33,300,0.375
2014,10,6,-38.32,0.75,744.92,0.75,2.67,0.75,295,0.75,61.67,0.75,2.63,293.74,0.75
2014,10,7,-36.8,0.625,746.4,1,2,1,251.25,1,65.5,1,1.45,308.33,1
2014,10,8,-24.75,0.5,744.48,1,NA,0,72.5,1,80.25,1,NA,NA,0
2014,10,9,-27.67,0.375,743.49,1,8,0.25,320,0.5,76.38,1,7.84,314.51,0.25
2014,10,10,-32.23,0.75,749.05,1,NA,0.125,291.25,1,69.25,1,NA,NA,0.125
2014,10,11,-35.78,1,746.23,1,7.4,0.625,271.25,1,65.25,1,7.06,269.81,0.625
2014,10,12,-41.23,0.75,747.46,1,16,0.5,301.25,1,57,1,15.4,300.32,0.5
2014,10,13,-48.56,1,739.38,1,11,0.25,303.75,1,51.13,1,10.84,311.84,0.25
2014,10,14,-37.3,0.625,741.85,1,NA,0.125,191.25,1,63,1,NA,NA,0.125
2014,10,15,-38,0.625,746.22,1,NA,0.125,257.5,1,62,1,NA,NA,0.125
2014,10,16,-47.43,1,740.71,1,12.5,0.25,306.25,1,52.25,1,12.45,305.2,0.25
2014,10,17,-44.42,0.75,740.53,1,12.29,0.875,305,1,56.75,1,12.13,303.95,0.875
2014,10,18,-43.46,0.875,741.55,1,12.14,0.875,306,0.625,57.13,1,11.96,305.84,0.625
2014,10,19,-42.3,0.5,735.41,1,15,0.375,307.14,0.875,59,1,15,310,0.25
2014,10,20,-37.03,0.375,744.49,1,9,0.5,302.5,1,63.63,1,8.8,298.36,0.5
2014,10,21,-37.45,0.75,751.59,1,9.8,0.625,302.5,1,64.25,1,9.38,303.97,0.625
2014,10,22,-40.01,1,751.55,1,14,0.625,305,0.75,60.38,1,13.95,306.19,0.375
2014,10,23,-38.48,0.5,752.04,1,13.4,0.625,294,0.625,61.88,1,12.55,295.02,0.5
2014,10,24,-35.58,0.5,753.85,1,11.5,0.75,306.25,1,65.75,1,11.35,305.67,0.75
2014,10,25,-28.4,0.625,760.36,1,8.67,0.375,248.75,1,73.5,1,5.15,200.29,0.375
2014,10,26,-22.93,1,766.73,1,NA,0,187.5,1,80.63,1,NA,NA,0
2014,10,27,-27.54,0.625,769.96,1,12,0.25,251.25,1,73.63,1,7.75,265.67,0.25
2014,10,28,-34.12,0.75,770.19,1,13.5,0.5,316,0.625,62.63,1,12.63,313.15,0.375
2014,10,29,-37.11,0.875,768.1,1,16.33,0.75,312.5,1,60.13,1,16.28,313.06,0.75
2014,10,30,-38.33,0.5,764.65,1,13.67,0.375,317.5,1,56.88,1,13.63,312.68,0.375
2014,10,31,-35.96,0.625,763.33,1,15.6,0.625,305,1,53.38,1,15.54,305.9,0.625
2014,11,1,-36.5,0.5,759.31,1,14,0.5,301.25,1,54.25,1,13.95,305.72,0.5
2014,11,2,-32.17,0.75,755.74,1,3.5,0.25,273.75,1,63,1,3.18,278.81,0.25
2014,11,3,-33.8,0.75,764.7,1,NA,0.125,301.25,1,64.5,1,NA,NA,0.125
2014,11,4,-34.78,0.5,766.4,1,NA,0,308.75,1,67.5,1,NA,NA,0
2014,11,5,-33.78,0.75,763.34,1,NA,0.125,306.25,1,64.75,1,NA,NA,0.125
2014,11,6,-33.03,0.5,767.01,1,15.57,0.875,303.33,0.75,62.25,1,15.04,304.3,0.75
2014,11,7,-31.65,0.25,770.21,1,15,0.25,308.75,1,59.88,1,14.94,305.67,0.25
2014,11,8,-31.6,0.625,767.7,1,15,0.75,300,1,64.25,1,14.89,297.77,0.75
2014,11,9,-28.47,0.75,765.3,1,11.17,0.75,288,0.625,62.88,1,12.33,290,0.375
2014,11,10,-26.2,0.75,765.6,1,9.4,0.625,272,0.625,70.88,1,8.55,286.89,0.375
2014,11,11,-29.4,0.75,766.89,1,13.25,0.5,303.75,1,65.13,1,13.02,303.38,0.5
2014,11,12,-30.63,0.75,768.04,1,NA,0.125,301.25,1,65.63,1,NA,NA,0.125
2014,11,13,-30.78,0.5,765.95,1,12.33,0.75,305,1,63.5,1,12.17,303.78,0.75
2014,11,14,-31.07,0.375,760.81,1,12.25,0.5,298.75,1,65.25,1,11.98,299.04,0.5
2014,11,15,-28.78,0.5,754.21,1,10.5,0.25,301.25,1,64.13,1,10.5,310,0.25
2014,11,16,-28.1,0.25,759.13,1,9,0.25,292.5,1,68.13,1,8.97,294.44,0.25
2014,11,17,-28.38,0.5,764.54,1,9,0.375,255,1,74,1,6.22,295.16,0.375
2014,11,18,-26.68,0.5,760.91,1,13.33,0.75,306.67,0.75,61,1,12.65,310.39,0.5
2014,11,19,-27.93,0.5,762.61,1,8.33,0.375,292.5,1,64.13,1,7.54,272.81,0.375
2014,11,20,-28.8,0.25,768.13,1,6.75,0.5,282.86,0.875,65.13,1,5.68,278.14,0.5
2014,11,21,-25.55,0.5,761.93,1,11.33,0.375,310,0.375,61,1,NA,NA,0
2014,11,22,-26.28,1,759.47,1,4.25,0.5,306.25,1,74.38,1,4.21,311.77,0.5
2014,11,23,-25.43,0.75,758.91,1,6.5,0.5,241.25,1,70.5,1,5.11,261.5,0.5
2014,11,24,-25.83,0.75,760.83,1,6.25,0.5,286.25,1,76,1,5.78,285.11,0.5
2014,11,25,-24.43,0.75,762.94,1,8.5,0.75,288.75,1,75.5,1,8.26,284.81,0.75
2014,11,26,-25.05,0.5,763.61,1,8,0.25,261.43,0.875,70.5,1,7.89,292.52,0.25
2014,11,27,-26.94,0.625,763.65,1,10.8,0.625,290,0.875,68.38,1,9.65,295.41,0.5
2014,11,28,-25.3,0.375,766.9,1,2.5,0.5,273.75,1,68.13,1,2.49,287,0.5
2014,11,29,-24.66,0.625,769.14,1,8,0.5,286.25,1,68.88,1,7.39,302.86,0.5
2014,11,30,-26.5,0.25,767.64,1,7.67,0.375,275,1,68.13,1,6.14,272.5,0.375
2014,12,1,-27.13,0.75,764.63,1,9,0.25,286.25,1,67.88,1,8.25,273.84,0.25
2014,12,2,-27.27,0.375,759.95,1,10,0.375,300,1,67,1,9.96,296.34,0.375
2014,12,3,-27.1,0.625,754.36,1,6.6,0.625,241.25,1,69.5,1,4.9,221.62,0.625
2014,12,4,-26.77,0.75,760.15,1,12,0.5,303.75,1,65.13,1,11.91,300.63,0.5
2014,12,5,-27,0.5,757.9,1,6.5,0.25,293.75,1,67.38,1,5.93,308.86,0.25
2014,12,6,-30.9,0.25,754.26,1,8,0.5,295,1,62,1,7.91,309.69,0.5
2014,12,7,-25.08,0.5,755.03,1,5.5,0.5,278.75,1,70.63,1,5.42,290.92,0.5
2014,12,8,-21.66,0.625,755.55,1,3.5,0.5,215,1,76.38,1,2.05,216.22,0.5
2014,12,9,-18.96,0.625,757.38,1,3.33,0.75,221.25,1,74,1,2.09,265.93,0.75
2014,12,10,-21.82,0.75,762.28,1,8,0.875,288,0.625,73,1,6.91,287.47,0.625
2014,12,11,NA,0.125,761.89,1,9,0.5,298.75,1,68.13,1,8.91,297.49,0.5
2014,12,12,-20.95,0.5,765.31,1,7.25,0.5,252.5,1,76.25,1,4.64,280.74,0.5
2014,12,13,-23.27,0.375,770.8,1,7.25,0.5,287.5,1,75.25,1,7.09,302.46,0.5
2014,12,14,-23.65,0.5,773.46,1,12,0.375,302.5,1,71.75,1,11.96,296.39,0.375
2014,12,15,-21.72,0.625,770,1,8.67,0.375,290,1,66.25,1,8.31,293.87,0.375
2014,12,16,-23.03,0.5,766.95,1,11,0.75,287.5,1,64.38,1,10.64,283.2,0.75
2014,12,17,-21.22,0.625,774.06,1,11.75,1,280,0.625,65.38,1,10.61,280.51,0.625
2014,12,18,-20.37,0.375,776.06,1,8.33,0.375,286.25,1,65.88,1,8.25,289.2,0.375
2014,12,19,-19.45,0.5,774.61,1,8.25,0.5,290,1,70,1,7.86,284.23,0.5
2014,12,20,-20.25,0.5,769.31,1,6.25,0.5,256.25,1,67.75,1,4.63,261.18,0.5
2014,12,21,-20.33,0.5,766.7,1,10.67,0.375,301.25,1,72.5,1,10.63,306.57,0.375
2014,12,22,-20.33,0.5,764.88,1,6.67,0.375,277.5,1,69.75,1,6.59,301.54,0.375
2014,12,23,NA,0.125,767.05,1,6,0.5,270,1,67.38,1,5.93,287.9,0.5
2014,12,24,-21.6,0.5,765.85,1,7.5,0.25,252.5,1,70.63,1,7.21,292.32,0.25
2014,12,25,-21.25,0.5,764.36,1,7.25,0.5,296.25,1,76.88,1,7.18,306.19,0.5
2014,12,26,-19.63,0.5,763,1,4.25,0.5,271.25,1,66.88,1,3.33,253.3,0.5
2014,12,27,-18.05,0.75,769.24,1,8.4,0.625,282.5,1,73,1,7.84,269.77,0.625
2014,12,28,-19.23,0.5,768.71,1,7.33,0.375,262.5,1,68.25,1,4.48,240.88,0.375
2014,12,29,-20.25,0.5,767.55,1,9.5,0.75,292.5,1,68.63,1,8.87,293.86,0.75
2014,12,30,-19.7,0.5,768.62,1,2.5,0.25,275,1,72.63,1,2.18,263.41,0.25
2014,12,31,-17.1,0.25,768.32,1,3,0.375,198.75,1,72.25,1,2.29,201,0.375
2015,1,1,-17.78,1,765.28,1,11.33,0.375,156.67,0.75,82.13,1,11.23,160.3,0.375
2015,1,2,-18.22,0.75,765.33,1,7.67,0.375,207.5,1,77.5,1,5.55,188.27,0.375
2015,1,3,-17.35,0.5,767.65,1,8.5,0.25,240,1,75.5,1,8.5,290,0.25
2015,1,4,-14.75,0.5,771.46,1,6.6,0.625,258.57,0.875,81,1,4.58,268.39,0.5
2015,1,5,-16.81,0.875,769.25,1,6.67,0.75,283.33,0.75,76.75,1,5.74,286.8,0.625
2015,1,6,-15.13,0.875,768.22,1,3.62,1,270,1,78.13,1,2.85,277.37,1
2015,1,7,-14.03,0.875,770,1,3,0.75,190,1,82.13,1,0.91,204.72,0.75
2015,1,8,-14.13,1,768.86,1,5,0.75,128.75,1,89.25,1,4.8,113.62,0.75
2015,1,9,-15.94,1,763.06,1,13,0.25,148.75,1,86.5,1,12.58,141.46,0.25
2015,1,10,-16.31,1,763.26,1,NA,0.125,145,1,87.13,1,NA,NA,0.125
2015,1,11,-17.36,1,765.33,1,5.33,0.375,192.5,1,85.25,1,5.24,280.69,0.375
2015,1,12,-19.64,0.875,765.1,1,6,0.625,280,1,78.88,1,5.7,281.61,0.625
2015,1,13,-20.8,0.375,767.43,1,7,0.75,287.5,1,77,1,6.55,284.06,0.75
2015,1,14,NA,0.125,770.54,1,6.25,0.5,253.75,1,72.5,1,6.17,276,0.5
2015,1,15,-21.37,0.375,772.49,1,6,0.75,277.5,1,73.25,1,5.87,280.38,0.75
2015,1,16,-24.5,0.625,771.59,1,8.83,0.75,287.5,1,74.25,1,8.57,285.67,0.75
2015,1,17,-23.22,0.625,768.68,1,7.75,0.5,297.5,1,75.63,1,7.73,292.25,0.5
2015,1,18,-21.7,0.75,761.63,1,NA,0,167.5,1,81.75,1,NA,NA,0
2015,1,19,-22.65,0.5,767.41,1,5.33,0.75,243.75,1,70.63,1,2.99,237.76,0.75
2015,1,20,-21.73,0.5,775.32,1,8.5,0.75,295,1,71.88,1,8.09,292.89,0.75
2015,1,21,-22.65,0.75,769.75,1,NA,0.125,295,1,67.63,1,NA,NA,0.125
2015,1,22,-23.5,0.5,763.39,1,7.67,0.375,288.75,1,70.5,1,7.64,293.04,0.375
2015,1,23,-25.48,0.625,765.15,1,8.8,0.625,288.75,1,68.88,1,8.54,298.08,0.625
2015,1,24,-22.48,0.625,763.45,1,6,0.5,220,1,72.38,1,3.65,227.29,0.5
2015,1,25,-23.68,0.625,768.05,1,9.8,0.625,280,0.625,72.25,1,7.7,265.3,0.375
2015,1,26,-23.37,0.375,765.38,1,6.71,0.875,272.5,1,68.25,1,5.35,272.44,0.875
2015,1,27,-20.37,0.75,764.54,1,6.5,0.25,202.5,1,84,1,6.5,300,0.25
2015,1,28,-22.65,0.75,767.35,1,11.67,0.375,292.5,1,72.5,1,11.64,302.28,0.375
2015,1,29,-24.7,0.625,768.76,1,10.8,0.625,301.25,1,72,1,10.48,301.9,0.625
2015,1,30,-23.3,0.5,761.51,1,4.5,0.25,238.75,1,73.88,1,4.5,260,0.25
2015,1,31,-21.58,0.75,761.73,1,5,0.375,248.33,0.75,77.88,1,4,320,0.25
2015,2,1,-25.43,0.375,760.39,1,9.2,0.625,293.75,1,70,1,9.05,297.19,0.625
2015,2,2,-19.2,0.75,761.56,1,4.33,0.375,241.25,1,83.63,1,4.21,301.77,0.375
2015,2,3,-21,0.5,763.34,1,11.33,0.375,250,1,73.88,1,10.48,290.48,0.375
2015,2,4,-23.58,0.5,767.89,1,4,0.5,236.25,1,76.25,1,2.91,257.37,0.5
2015,2,5,-21.56,0.625,770,1,5,0.25,235,1,78.75,1,4.98,203,0.25
2015,2,6,-22.68,0.75,760.46,1,8,0.75,283.75,1,75.75,1,7.69,288.87,0.75
2015,2,7,-22.01,0.875,758.51,1,NA,0.125,218.57,0.875,81.13,1,NA,NA,0.125
2015,2,8,-24.34,0.875,757.89,1,11.33,0.375,305,0.75,75.25,1,11.46,304.35,0.25
2015,2,9,-25.52,0.75,761.24,1,9.8,0.625,287.5,0.5,76.25,1,NA,NA,0.125
2015,2,10,-20.53,0.75,763.76,1,4.6,0.625,268.75,1,80.5,1,4.29,256.44,0.625
2015,2,11,-26.18,0.625,762.95,1,NA,0.125,295,1,69.75,1,NA,NA,0.125
2015,2,12,-32.56,0.625,759.93,1,15.14,0.875,303.33,0.75,65,1,13.89,302.72,0.625
2015,2,13,-26.32,0.75,757,1,6.5,0.5,280,1,75,1,5.63,279.13,0.5
2015,2,14,-29.72,0.625,757.3,1,11,0.875,295,1,69,1,10.37,304.51,0.875
2015,2,15,-27.15,0.5,760.15,1,4.67,0.375,288.57,0.875,71.5,1,3.99,291.7,0.375
2015,2,16,-31.65,0.5,769.19,1,12,0.375,325,0.75,71.88,1,11.97,331.94,0.375
2015,2,17,-27.87,0.75,766.93,1,10.25,0.5,293.75,1,61.88,1,10.22,292.43,0.5
2015,2,18,-19.41,0.875,762.2,1,7.75,0.5,282.5,1,75.63,1,7.45,280.35,0.5
2015,2,19,-25.84,0.625,759.76,1,13.5,0.25,287.5,1,70.25,1,13.45,305.56,0.25
2015,2,20,-32.58,0.75,755.76,1,14,0.25,300,1,64.75,1,13.95,305.72,0.25
2015,2,21,-34.53,0.75,752,1,17,0.25,308,0.625,67.5,1,NA,NA,0.125
2015,2,22,-33.9,0.875,756.12,1,12.33,0.375,301.25,1,68.75,1,12.29,303.24,0.375
2015,2,23,-31.1,0.875,764.04,1,NA,0.125,290,1,70.5,1,NA,NA,0.125
2015,2,24,-33.78,0.5,753.86,1,9.25,0.5,303.75,1,67.88,1,9.09,297.61,0.5
2015,2,25,-36.4,1,752.94,1,12,0.375,285,1,65.5,1,11.85,294.48,0.375
2015,2,26,-32.07,0.375,756.69,1,NA,0.125,146,0.625,68.88,1,NA,NA,0
2015,2,27,-28.98,0.75,763,1,6.43,0.875,283.75,1,72.88,1,6.33,282.65,0.875
2015,2,28,-32.32,0.75,765.16,1,10,0.875,288,0.625,67.25,1,8.99,289.04,0.625
2015,3,1,-34.45,0.5,765.75,1,14.8,0.625,312.5,1,66.25,1,14.75,313.78,0.625
2015,3,2,-40.53,0.5,760.69,1,11,0.375,312.5,1,63.5,1,10.97,302.72,0.375
2015,3,3,-40.26,0.875,753.13,0.875,NA,0.125,302.5,1,61.63,1,NA,NA,0.125
2015,3,4,NA,0.125,759.5,1,NA,0.125,258.75,1,65.5,1,NA,NA,0.125
2015,3,5,-30.71,0.875,769.01,1,10,0.625,298.75,1,71.63,1,9.96,303.8,0.625
2015,3,6,-29.17,0.875,770.66,1,9.17,0.75,291.67,0.75,68.75,1,9.72,291.84,0.625
2015,3,7,-33.53,0.875,770.57,1,11.33,0.75,305,1,59.88,1,11.25,302.91,0.75
2015,3,8,-32.88,0.75,769.49,1,14.75,0.5,297.5,0.5,61.75,1,14.44,305.17,0.25
2015,3,9,-29.94,0.875,774.86,1,15.5,0.25,308,0.625,51.63,1,NA,NA,0.125
2015,3,10,-30.95,1,774.86,1,11.25,0.5,282.5,0.5,58.25,1,11.3,283.23,0.375
2015,3,11,-36.4,0.875,765.05,1,12.6,0.625,286,0.625,59.25,1,12.37,287.39,0.5
2015,3,12,-37.94,0.875,762.43,1,16.33,0.375,NA,0.125,63,1,NA,NA,0.125
2015,3,13,-35.64,0.875,763.28,1,15,0.625,304,0.625,64.13,1,14,303.92,0.375
2015,3,14,-39.34,1,759.36,1,13.6,0.625,296.25,1,57.88,1,13.52,299.56,0.625
2015,3,15,-40.41,0.875,761.11,1,15.67,0.375,302,0.625,60.88,1,15,310,0.25
2015,3,16,-43.3,0.5,757.95,1,17,0.25,313.75,1,60,1,16.75,308.22,0.25
2015,3,17,-44.92,0.75,762.24,1,14.33,0.375,318.75,1,55.88,1,14.28,316.28,0.375
2015,3,18,-43.21,1,769.35,1,NA,0.125,312.5,1,57.38,1,NA,NA,0.125
2015,3,19,-32.88,0.75,772.93,1,11.5,0.25,307.5,1,56.38,1,11.5,300,0.25
2015,3,20,-25.6,0.875,767.13,1,6.5,0.5,267.5,1,68.75,1,5.53,291.81,0.5
2015,3,21,-26.38,0.5,760.69,1,6.5,0.5,260,1,74.5,1,6.46,279.61,0.5
2015,3,22,-36.68,0.75,756.26,1,14.75,0.5,305.71,0.875,65,1,14.52,309.09,0.375
2015,3,23,-40.44,1,746.89,1,17,0.25,NA,0,60.88,1,NA,NA,0
2015,3,24,-41.9,1,739.61,1,16.4,0.625,303.75,1,59,1,16.36,302.07,0.625
2015,3,25,-43.63,0.75,744.96,1,11,0.25,282,0.625,58.38,1,NA,NA,0.125
2015,3,26,-36.13,1,753.75,1,2,0.375,286.25,1,65.75,1,1.96,278.25,0.375
2015,3,27,-34.53,0.375,752.82,1,NA,0.125,266.25,1,65.25,1,NA,NA,0.125
2015,3,28,-49.31,0.875,751.91,1,16.67,0.375,302.5,1,50.88,1,16.5,299.4,0.375
2015,3,29,-46.62,0.75,752.19,1,13,0.75,296.67,0.375,54.25,1,15.44,295.49,0.25
2015,3,30,-42.03,0.875,754.51,1,14.25,0.5,297.5,1,58.25,1,14.2,296.85,0.5
2015,3,31,-35.34,0.875,756.28,1,6.83,0.75,260,1,66,1,5.98,281.2,0.75
2015,4,1,-36.28,1,759.15,1,6.4,0.625,258.57,0.875,65.63,1,3.81,275.84,0.5
2015,4,2,-38.95,0.5,759.2,1,11,0.5,300,0.75,64.5,1,11.76,302.5,0.25
2015,4,3,-44.39,1,754.56,1,14.5,0.5,306,0.625,56.38,1,13.95,305.36,0.25
2015,4,4,-48.54,1,754.49,1,NA,0.125,302.5,1,51,1,NA,NA,0.125
2015,4,5,-46.05,0.75,750.94,1,NA,0,302.5,1,53.75,1,NA,NA,0
2015,4,6,-45.69,1,755.56,1,13.75,0.5,290,0.5,54,1,NA,NA,0.125
2015,4,7,-38.98,0.5,764.43,1,11,0.5,302,0.625,60.25,1,11.62,304,0.375
2015,4,8,-37,1,760.86,1,7.67,0.375,290,0.5,62.25,1,NA,NA,0.125
2015,4,9,-38.18,1,759.9,1,10.38,1,296.67,0.75,63.13,1,10.13,296.4,0.75
2015,4,10,-40.19,0.875,757.33,1,10.25,0.5,275,1,60.75,1,10.21,284.88,0.5
2015,4,11,-43.4,0.75,760.74,1,NA,0,312.5,0.5,55.75,1,NA,NA,0
2015,4,12,-44.75,1,756.37,1,13.25,0.5,315,1,55.63,1,12.93,319.32,0.5
2015,4,13,-49.54,0.625,747.8,1,14,0.75,298.57,0.875,49.75,1,13.75,304.06,0.625
2015,4,14,-47.47,0.875,759.05,1,15,0.25,320,0.75,52.13,1,NA,NA,0.125
2015,4,15,-44.21,1,759.17,0.875,NA,0,316,0.625,56.13,1,NA,NA,0
2015,4,16,-42.5,1,754.65,1,NA,0.125,316,0.625,57.75,1,NA,NA,0
2015,4,17,-44.21,1,745.64,1,14.67,0.75,293.33,0.75,55.63,1,15.51,290.8,0.5
2015,4,18,-45.65,1,746.66,1,13.75,0.5,292,0.625,53.88,1,12.81,291.55,0.25
2015,4,19,-46.66,0.875,746.43,1,13.33,0.375,301.25,1,53.75,1,13.29,307,0.375
2015,4,20,-51.16,1,751.19,1,16.5,0.25,311.25,1,47,1,16.44,315.15,0.25
2015,4,21,-53.63,0.875,757,1,NA,0,311.25,1,45,1,NA,NA,0
2015,4,22,-47.21,1,758.73,1,10.33,0.375,308,0.625,51.88,1,11,300,0.25
2015,4,23,-46.07,1,759.31,1,13.5,0.75,308.75,1,53.63,1,13.4,308.64,0.75
2015,4,24,-43.16,0.875,759.26,1,14.17,0.75,305,1,56.5,1,14.12,306.71,0.75
2015,4,25,-38.71,1,756.18,1,10.33,0.75,300,0.625,61.75,1,10.96,303.03,0.375
2015,4,26,-44.65,1,760.3,1,14,0.625,306.25,1,55.38,1,13.67,308.91,0.625
2015,4,27,-49.46,1,758.76,1,15,0.25,312.5,1,49.38,1,15,320,0.25
2015,4,28,-52.28,1,758.55,1,12,0.625,300,0.25,45.63,1,NA,NA,0.125
2015,4,29,-50.38,1,761.06,1,12.83,0.75,303.75,1,47.88,1,12.79,303.5,0.75
2015,4,30,-49.81,1,755.62,1,15.33,0.375,305,1,48.25,1,15.28,303.26,0.375
2015,5,1,-51.74,0.875,751.38,1,18,0.25,285,0.25,45.63,1,NA,NA,0.125
2015,5,2,-50.77,0.875,750.38,1,14,0.625,303.33,0.75,47.13,1,13.62,303.9,0.375
2015,5,3,-49.54,1,760.4,1,13,0.875,300,0.5,48.38,1,11.96,297.23,0.375
2015,5,4,-47.57,1,759.29,1,14.2,0.625,305,0.5,51.13,1,13.45,305.19,0.25
2015,5,5,-51.78,1,758.81,1,17,0.625,298,0.625,46.13,1,15,300,0.25
2015,5,6,-48.5,0.875,772.55,1,15.67,0.375,306.67,0.75,50.13,1,16.44,294.85,0.25
2015,5,7,-40.55,1,769.61,1,15.75,0.5,301.25,1,59.75,1,15.59,302.87,0.5
2015,5,8,-37.91,1,762.78,1,13.25,0.5,297.5,1,62.75,1,13.05,300.57,0.5
2015,5,9,-39.04,1,771.2,1,12.33,0.375,298,0.625,60.63,1,12.29,293.51,0.375
2015,5,10,-34.1,0.875,775.43,1,10.5,0.25,290,1,66.43,0.875,10.5,280,0.25
2015,5,11,-43.73,0.875,768.94,1,12.67,0.375,307.5,1,55.38,1,12.63,306.85,0.375
2015,5,12,-51.43,0.875,760.03,1,17.75,0.5,302.5,0.5,48.25,1,17.67,300,0.375
2015,5,13,-45.93,0.75,759.69,1,17,0.25,305,1,56,1,16.94,295,0.25
2015,5,14,-44.82,1,758.39,1,14.5,0.25,308.75,1,55.38,1,14.44,305.17,0.25
2015,5,15,-44.74,1,751.76,1,14.6,0.625,298.57,0.875,54.75,1,14.51,300,0.625
2015,5,16,-50.71,1,754.74,1,14,0.5,285,0.25,47.63,1,11.95,285,0.25
2015,5,17,-49.5,0.875,756.24,1,12.57,0.875,298,0.625,49.13,1,12.45,295,0.5
2015,5,18,-50.44,1,754.35,1,NA,0.125,308,0.625,47.75,1,NA,NA,0.125
2015,5,19,-47.28,1,747.48,1,11.33,0.75,293.33,0.75,51,1,11.86,295.04,0.5
2015,5,20,-46.9,1,753.84,1,7.67,0.375,300,1,52,1,7.56,302.2,0.375
2015,5,21,-43.46,0.875,753.59,1,9.33,0.375,297.5,1,56.5,1,9.3,293.21,0.375
2015,5,22,-38.32,1,758.5,1,4.57,0.875,252.5,1,62,1,4,277.65,0.875
2015,5,23,-42.5,1,768.65,1,8,0.25,303.75,1,57.63,1,7.84,304.51,0.25
2015,5,24,-44.18,1,770.76,1,NA,0.125,320,1,55.63,1,NA,NA,0.125
2015,5,25,-38.3,0.75,768.93,1,NA,0.125,311.25,1,62.88,1,NA,NA,0.125
2015,5,26,-35.64,0.875,754.73,1,14.8,0.625,296.67,0.75,66.5,1,14.21,292.45,0.5
2015,5,27,-41.17,0.75,753.65,1,NA,0,256.25,1,58.75,1,NA,NA,0
2015,5,28,-34.7,0.5,765.03,1,NA,0,260,1,67.13,1,NA,NA,0
2015,5,29,-31.15,0.5,769.7,1,2,0.375,203.75,1,69.5,1,1.06,318.98,0.375
2015,5,30,-41.44,0.875,767.98,1,12.33,0.375,294,0.625,60.25,1,12.29,294.05,0.375
2015,5,31,-42.09,1,761.18,1,12.83,0.75,281.25,1,58.75,1,12.79,283.24,0.75
2015,6,1,-44.15,1,758.65,1,9.4,0.625,267.5,0.5,56.25,1,6.9,271.44,0.25
2015,6,2,-44.98,1,763.11,1,12.8,0.625,308,0.625,55.25,1,11.31,309.81,0.375
2015,6,3,-38.2,0.625,765.75,1,10.67,0.375,285,1,62.63,1,10.56,309.06,0.375
2015,6,4,-40.56,1,757.86,1,NA,0.125,258.75,1,60.63,1,NA,NA,0.125
2015,6,5,-45.46,1,761,1,12.57,0.875,316.25,1,55.13,1,12.52,315.68,0.875
2015,6,6,-44.99,1,758.15,1,11.25,0.5,314,0.625,55.63,1,9,310,0.25
2015,6,7,-46.25,1,750.78,1,9,0.5,315,1,53.75,1,9,320,0.5
2015,6,8,-51.9,0.875,754.9,1,16,0.25,310,0.625,46.5,1,15.94,305.63,0.25
2015,6,9,-38.12,0.75,753.71,1,11.25,0.5,187.5,1,62.13,1,11.18,168.67,0.5
2015,6,10,-43.61,0.875,755.05,1,9.67,0.375,261.25,1,56.63,1,9.55,300.69,0.375
2015,6,11,-47.26,1,755.38,1,14.6,0.625,311.25,1,51.75,1,14.56,307.81,0.625
2015,6,12,-40.95,0.25,758.4,1,16.5,0.25,313.75,1,64.5,1,16.5,320,0.25
2015,6,13,-46.35,1,766.09,1,NA,0,305,1,54,1,NA,NA,0
2015,6,14,-42.46,1,769.69,1,15.8,0.625,283.75,1,58.13,1,15.57,285.18,0.625
2015,6,15,-45.3,0.875,765.75,1,9.6,0.625,296,0.625,54.25,1,9.3,296.07,0.375
2015,6,16,-51.94,1,767.54,1,9.71,0.875,295,0.75,46.25,1,9.37,296.17,0.625
2015,6,17,-50.64,0.875,770.49,1,13.86,0.875,300,0.25,47.25,1,16.25,300.31,0.25
2015,6,18,-53.61,1,765.74,1,16.12,1,303.33,0.375,44,1,15.95,303.12,0.375
2015,6,19,-55.84,1,763.51,1,14,0.75,295,0.25,41,1,NA,NA,0.125
2015,6,20,-49.07,1,765.99,1,10.88,1,302,0.625,49.13,1,10.78,301.66,0.625
2015,6,21,-51.2,1,765.06,1,12.17,0.75,300,0.625,46.5,1,12.86,297.68,0.5
2015,6,22,-41.76,0.875,749.95,1,6.8,0.625,225,1,58,1,3.26,231.39,0.625
2015,6,23,-36.56,1,753.73,1,NA,0.125,212.5,1,64.88,1,NA,NA,0.125
2015,6,24,-44.53,0.75,761.18,1,NA,0.125,308.75,1,56.63,1,NA,NA,0.125
2015,6,25,-48.5,0.875,758.55,1,NA,0,311.25,1,50.5,1,NA,NA,0
2015,6,26,-53.01,0.875,755.86,1,14.17,0.75,320,0.5,45.13,1,12.66,319.8,0.5
2015,6,27,-54.34,1,754.09,1,15.33,0.75,305,0.25,44,1,14.44,304.83,0.25
2015,6,28,-50.83,1,756.65,1,16.43,0.875,306,0.625,47.88,1,16.7,307.17,0.5
2015,6,29,-43.75,1,759.15,1,11.62,1,282.5,0.5,56.13,1,10.21,283.41,0.5
2015,6,30,-41.46,1,765.39,1,4.88,1,290,1,59.38,1,4.83,290,1
2015,7,1,-41.01,1,769.26,1,6.43,0.875,290,0.625,59.88,1,5.91,292.74,0.625
2015,7,2,-42.89,0.875,767.63,1,13.5,0.25,296.25,1,58.25,1,13.5,300,0.25
2015,7,3,-38.5,0.75,766.34,1,12,0.5,285,0.75,63.13,1,12.5,290,0.25
2015,7,4,-44.59,1,770.21,1,15.8,0.625,300,0.75,56,1,16.28,297.15,0.375
2015,7,5,-50.31,1,774.85,1,13.67,0.375,311.25,1,48.5,1,13.61,295.37,0.375
2015,7,6,-44.36,0.875,767.94,1,NA,0,317.5,1,56.13,1,NA,NA,0
2015,7,7,-34.35,0.5,762.74,1,13,0.25,317.5,1,68.38,1,12.56,315,0.25
2015,7,8,-26.7,0.25,741.86,1,NA,0.125,243.75,1,80,1,NA,NA,0.125
2015,7,9,-51.6,0.375,734.4,1,NA,0.125,303.75,1,54.75,1,NA,NA,0.125
2015,7,10,-48.3,0.5,741.12,1,NA,0,262.5,1,54.88,1,NA,NA,0
2015,7,11,-48.43,1,742.73,1,7.5,0.25,285,0.75,52.25,1,7.39,279.33,0.25
2015,7,12,-50.16,1,754.59,1,NA,0.125,312.86,0.875,49.38,1,NA,NA,0
2015,7,13,-50.14,1,750.56,1,NA,0.125,308.75,1,49.38,1,NA,NA,0.125
2015,7,14,-53.44,1,753.31,1,NA,0.125,308.75,1,45,1,NA,NA,0.125
2015,7,15,-51.36,1,755.24,1,NA,0.125,306.67,0.75,47.38,1,NA,NA,0
2015,7,16,-51.49,1,752.46,1,12.33,0.375,306,0.625,47.38,1,10.96,305,0.25
2015,7,17,-47.3,0.625,755.71,1,8.5,0.75,306.25,1,54,1,8.38,308.25,0.75
2015,7,18,-45.59,1,757.2,1,13,0.375,315,1,54.75,1,13,310,0.375
2015,7,19,-56.31,0.875,751.89,1,NA,0,298.57,0.875,42,1,NA,NA,0
2015,7,20,-56.08,1,753.45,1,16,0.75,300,0.5,41.5,1,16.63,299.55,0.5
2015,7,21,-57.1,1,755.95,1,12,0.625,305,1,40.5,1,11.96,304,0.625
2015,7,22,-53.03,1,750.5,1,17.67,0.375,303.33,0.375,45,1,NA,NA,0.125
2015,7,23,-47.63,1,751.45,1,15,0.5,312.86,0.875,51.5,1,14.19,309.77,0.375
2015,7,24,-50.3,0.625,750.86,1,NA,0.125,313.75,1,49.38,1,NA,NA,0.125
2015,7,25,NA,0.125,NA,0.125,NA,0,NA,0.125,NA,0.125,NA,NA,0
2015,7,26,NA,0,NA,0,NA,0,NA,0,NA,0,NA,NA,0
2015,7,27,-47.87,0.75,751.97,0.75,17.5,0.5,310,0.75,51.33,0.75,17.32,311.72,0.5
2015,7,28,NA,0,NA,0,NA,0,NA,0,NA,0,NA,NA,0
2015,7,29,-54.56,0.625,752.74,0.625,18.33,0.375,315,0.25,42.8,0.625,NA,NA,0.125
2015,7,30,-49.7,0.75,745.01,1,NA,0.125,315,1,49.5,1,NA,NA,0.125
2015,7,31,-54.57,0.375,750.8,0.375,NA,0,300,0.375,43,0.375,NA,NA,0
2015,8,1,NA,0.125,NA,0.125,NA,0,NA,0.125,NA,0.125,NA,NA,0
2015,8,2,NA,0,NA,0,NA,0,NA,0,NA,0,NA,NA,0
2015,8,3,NA,0,NA,0,NA,0,NA,0,NA,0,NA,NA,0
2015,8,4,NA,0,NA,0,NA,0,NA,0,NA,0,NA,NA,0
2015,8,5,NA,0.125,765.45,0.25,17,0.25,0,0.25,NA,0.125,17,0,0.25
2015,8,6,NA,0,NA,0,NA,0,NA,0,NA,0,NA,NA,0
2015,8,7,-51.62,0.625,764.64,0.625,13.67,0.375,316,0.625,47.4,0.625,13.62,315.86,0.375
2015,8,8,-49.6,0.625,752.36,0.625,18.5,0.25,324,0.625,49.6,0.625,17.45,324.94,0.25
2015,8,9,-52.1,0.375,748.47,0.375,17,0.375,313.33,0.375,46.33,0.375,16.94,313.53,0.375
2015,8,10,-48.58,0.625,756.33,0.75,NA,0.125,305,0.25,50.83,0.75,NA,NA,0.125
2015,8,11,-40.32,0.625,756.82,1,NA,0.125,320,0.375,61.63,1,NA,NA,0
2015,8,12,-27.58,0.5,754.22,0.625,15.67,0.375,300,0.625,75,0.625,14.94,313.13,0.375
2015,8,13,NA,0,NA,0,NA,0,NA,0,NA,0,NA,NA,0
2015,8,14,NA,0,NA,0,NA,0,NA,0,NA,0,NA,NA,0
2015,8,15,NA,0,NA,0,NA,0,NA,0,NA,0,NA,NA,0
2015,8,16,-45.99,0.875,743.5,0.875,19,0.5,308.57,0.875,55.29,0.875,19,310,0.5
2015,8,17,NA,0,NA,0,NA,0,NA,0,NA,0,NA,NA,0
2015,8,18,NA,0,NA,0,NA,0,NA,0,NA,0,NA,NA,0
2015,8,19,NA,0,NA,0,NA,0,NA,0,NA,0,NA,NA,0
2015,8,20,NA,0,NA,0,NA,0,NA,0,NA,0,NA,NA,0
2015,8,21,NA,0.125,NA,0.125,NA,0.125,NA,0.125,NA,0.125,NA,NA,0.125
2015,8,22,NA,0,NA,0,NA,0,NA,0,NA,0,NA,NA,0
2015,8,23,NA,0,NA,0,NA,0,NA,0,NA,0,NA,NA,0
2015,8,24,-43.63,0.375,737.26,0.625,15,0.25,316,0.625,54.8,0.625,14.94,315,0.25
2015,8,25,NA,0,NA,0,NA,0,NA,0,NA,0,NA,NA,0
2015,8,26,-61.05,0.5,746.05,0.5,20,0.25,315,0.5,36.5,0.5,20,310,0.25
2015,8,27,-56.57,0.375,735.39,0.875,9,0.25,312.5,0.5,47.57,0.875,NA,NA,0.125
2015,8,28,NA,0,NA,0,NA,0,NA,0,NA,0,NA,NA,0
2015,8,29,NA,0,NA,0,NA,0,NA,0,NA,0,NA,NA,0
2015,8,30,NA,0,NA,0,NA,0,NA,0,NA,0,NA,NA,0
2015,8,31,-43.6,0.25,757.25,0.25,15.5,0.25,315,0.25,58,0.25,15.44,314.84,0.25
2015,9,1,NA,0.125,NA,0.125,NA,0.125,NA,0.125,NA,0.125,NA,NA,0.125
2015,9,2,-46.25,0.5,759.63,0.5,13.25,0.5,322.5,0.5,54,0.5,13.22,322.07,0.5
2015,9,3,-45.16,0.875,761.11,0.875,16,0.25,306.67,0.375,55,0.875,15.94,304.69,0.25
2015,9,4,NA,0.125,764.15,0.25,15,0.25,155,0.25,NA,0.125,13.6,333.22,0.25
2015,9,5,-48.62,0.625,775.56,0.625,13.75,0.5,320,0.25,50.8,0.625,14,320,0.25
2015,9,6,-41.58,0.75,775.5,0.75,13.6,0.625,332.5,0.5,59.17,0.75,13.36,332.42,0.5
2015,9,7,-21.5,0.25,757.21,1,NA,0.125,312.5,0.5,78.25,1,NA,NA,0.125
2015,9,8,NA,0.125,752.9,0.375,NA,0,286.67,0.375,61.33,0.375,NA,NA,0
2015,9,9,NA,0.125,NA,0.125,NA,0.125,NA,0.125,NA,0.125,NA,NA,0.125
2015,9,10,-45.7,0.75,745.43,0.75,17,0.5,303.33,0.75,54.5,0.75,16.95,302.35,0.5
2015,9,11,-47.43,0.5,743.2,0.5,13,0.5,295,0.5,53.25,0.5,12.59,299.13,0.5
2015,9,12,-52.6,1,742.8,1,10.14,0.875,303.75,1,46.13,1,10.06,305.61,0.875
2015,9,13,-48.48,0.625,746.7,1,10.5,0.25,312.5,1,53.25,1,10.46,324.76,0.25
2015,9,14,-51.48,0.75,733.4,1,14.17,0.75,291.25,1,49.38,1,14.02,290.83,0.75
2015,9,15,-52.34,1,742.56,1,7.5,0.75,292,0.625,46.13,1,6.6,299.5,0.375
2015,9,16,-52.03,1,739.83,1,10.33,0.75,295,1,46.13,1,10.19,295.97,0.75
2015,9,17,-54.2,1,743.84,1,13,0.75,305,1,43.75,1,12.95,305.39,0.75
2015,9,18,-50.7,1,740.71,1,NA,0.125,307.5,1,47.88,1,NA,NA,0.125
2015,9,19,-51.49,1,740.24,1,17.67,0.375,300,0.25,46.88,1,NA,NA,0
2015,9,20,-51.33,0.75,744.99,1,NA,0.125,308.33,0.75,48.75,1,NA,NA,0
2015,9,21,NA,0,746.74,1,NA,0,255,1,66.38,1,NA,NA,0
2015,9,22,-41.04,1,750.16,1,6.67,0.375,197.5,1,60.38,1,5.12,173.21,0.375
2015,9,23,-45,0.75,754.08,1,NA,0.125,296.25,1,54.13,1,NA,NA,0.125
2015,9,24,-51.87,1,758.55,1,11.25,0.5,305,1,47.25,1,11.25,310,0.5
2015,9,25,-50.59,1,762.79,1,16,0.375,312.5,1,48.5,1,15.95,302.91,0.375
2015,9,26,-51.4,1,756.78,1,15.75,0.5,300,0.75,47.5,1,16.28,306.33,0.375
2015,9,27,-50.77,0.75,750.1,1,15.43,0.875,305,1,48,1,15.37,305.56,0.875
2015,9,28,-49.51,1,747.14,1,16.43,0.875,305.71,0.875,49.13,1,16.77,305.05,0.75
2015,9,29,-46.54,1,756.18,1,13,0.625,301.67,0.75,53,1,13.33,300,0.375
2015,9,30,-47.76,1,757,1,NA,0.125,304,0.625,51.38,1,NA,NA,0.125
2015,10,1,-43.1,0.875,757.31,1,14.2,0.625,300,1,58,1,14.09,302.4,0.625
2015,10,2,-40.36,0.625,759.5,1,8.67,0.75,286.25,1,63,1,8.43,297.63,0.75
2015,10,3,-34.25,0.5,755.73,1,NA,0.125,223.75,1,67.88,1,NA,NA,0.125
2015,10,4,-31.91,0.875,757.43,1,14,0.25,162.86,0.875,72.13,1,NA,NA,0.125
2015,10,5,-35.83,0.5,757.24,1,NA,0.125,243.33,0.75,65.63,1,NA,NA,0.125
2015,10,6,-29.21,0.875,762.51,1,8.33,0.375,195,1,74.25,1,3.35,201.05,0.375
2015,10,7,-34.63,1,761.68,1,12.33,0.375,300,0.75,68.63,1,NA,NA,0.125
2015,10,8,-36.7,1,752.45,1,12,0.5,296,0.625,65.88,1,9.97,296.67,0.375
2015,10,9,-38.01,0.875,751.49,1,10.33,0.75,303.75,1,64.5,1,10.21,303.53,0.75
2015,10,10,-37.2,0.875,751.21,1,11.5,1,301.25,1,65.5,1,11.4,301.16,1
2015,10,11,-40.99,0.875,752.9,1,11.38,1,276.67,0.375,60.88,1,10.1,276.81,0.375
2015,10,12,-41.58,0.5,757.89,1,11,0.875,303.75,1,61.25,1,10.91,303.91,0.875
2015,10,13,-41.13,0.875,755.5,1,12.57,0.875,296.67,0.375,60.5,1,12.63,296.85,0.375
2015,10,14,-44.83,0.875,752,1,17,0.75,301.43,0.875,55.88,1,16.87,301.97,0.75
2015,10,15,-45.24,0.625,748.36,1,18.5,0.75,292.5,1,55,1,18.34,293.62,0.75
2015,10,16,-45.55,0.75,745.39,1,17,1,301.25,1,55.75,1,16.83,300.66,1
2015,10,17,-34.22,0.75,750.2,1,10.4,0.625,304,0.625,68.63,1,8.64,306.93,0.375
2015,10,18,-38.75,0.75,752.8,1,15,0.5,298.33,0.75,62.63,1,13.45,295.93,0.25
2015,10,19,-37.83,0.375,756.24,1,11.33,0.75,276,0.625,64.38,1,12.11,301.64,0.5
2015,10,20,-28.6,0.75,759.53,1,NA,0.125,130,0.375,75.13,1,NA,NA,0
2015,10,21,-28.56,1,767.31,1,6.5,0.25,231.43,0.875,75.13,1,6.29,291.46,0.25
2015,10,22,-30.79,0.875,762.09,1,9.14,0.875,297.5,1,72.13,1,9.07,300.63,0.875
2015,10,23,-36.35,0.75,752.78,1,12,0.625,300,1,65.63,1,11.86,300.5,0.625
2015,10,24,-40.91,0.875,747.91,1,17.4,0.625,305,1,60.88,1,17.25,302.31,0.625
2015,10,25,-37.25,0.75,748.18,1,10.83,0.75,298.75,1,65.38,1,10.78,300,0.75
2015,10,26,-35.96,1,750.33,1,8.86,0.875,290,1,66.5,1,8.71,289.15,0.875
2015,10,27,-33.8,0.875,752.5,1,5,0.5,218.75,1,69.5,1,3.48,243.55,0.5
2015,10,28,-35.78,0.75,755.31,1,8.83,0.75,288,0.625,66.5,1,5.07,286.43,0.375
2015,10,29,-36.09,0.875,755.41,1,14.25,0.5,291.43,0.875,66.75,1,14.21,287.2,0.5
2015,10,30,-36.5,0.5,753.26,1,13.5,0.25,303.33,0.75,66.13,1,NA,NA,0.125
2015,10,31,-36.03,0.5,753.03,1,NA,0,296.25,1,68,1,NA,NA,0
2015,11,1,-37.88,0.5,752.58,1,7.33,0.375,280,1,64.63,1,5.16,288.31,0.375
2015,11,2,-36.43,0.875,758.35,1,7,0.25,203.75,1,66.25,1,6.89,260,0.25
2015,11,3,-39.96,0.625,757.22,1,8.2,0.625,288.75,1,62.25,1,7.51,290.78,0.625
2015,11,4,-40.28,0.5,753.28,1,6.86,0.875,287.5,1,60.5,1,6.08,291.89,0.875
2015,11,5,-36.73,0.5,746.46,1,8.43,0.875,288.75,1,66.38,1,8.32,287.13,0.875
2015,11,6,-40.7,0.5,742.84,1,11,0.625,300,0.875,62.75,1,10.25,300,0.5
2015,11,7,-37.98,0.625,755.34,1,14.4,0.625,308,0.625,64.38,1,14.67,310,0.375
2015,11,8,-36.25,0.25,762.61,1,13.5,0.75,307.5,1,67.75,1,13.45,306.3,0.75
2015,11,9,-31.77,0.375,751.63,1,NA,0.125,272.5,1,72.13,1,NA,NA,0.125
2015,11,10,-35.74,0.625,753.35,1,5.5,0.25,296,0.625,67.25,1,5.42,312.75,0.25
2015,11,11,-34.68,0.5,762.8,1,NA,0.125,260,0.625,69.5,1,NA,NA,0.125
2015,11,12,-30.28,0.5,762.04,1,NA,0,272.5,1,74.13,1,NA,NA,0
2015,11,13,-33.04,0.625,760.55,1,11.71,0.875,297.5,1,67.71,0.875,11.49,296.42,0.875
2015,11,14,-30.72,0.625,763.71,1,11.62,1,301.25,1,64.5,1,11.47,301.56,1
2015,11,15,-31.04,0.875,766.78,1,10.12,1,292.5,1,66.25,1,9.64,293.24,1
2015,11,16,-30.98,0.5,763.97,1,10,0.75,277.5,0.5,68.13,1,8.08,277.15,0.5
2015,11,17,-31.37,0.375,763.37,1,11.5,0.5,303.75,1,67.13,1,11.2,310,0.5
2015,11,18,-30.8,0.5,757.83,1,9.8,0.625,303.75,1,68.63,1,9.71,300.41,0.625
2015,11,19,-26.13,0.5,750.73,1,NA,0,221.25,1,74,1,NA,NA,0
2015,11,20,-29.8,0.625,747,1,10.67,0.375,300,1,65.63,1,10.55,310.31,0.375
2015,11,21,-28.15,0.5,751.15,1,8.75,0.5,311.25,1,73,1,8.72,315.14,0.5
2015,11,22,-26.37,0.375,757.79,1,8,0.375,273.75,1,73.75,1,7.55,295.2,0.375
2015,11,23,-22.2,0.375,762.3,1,7.6,0.625,175,1,76.5,1,7.57,173.94,0.625
2015,11,24,-23.3,0.5,763.34,1,8.75,0.5,260,1,71.25,1,5.9,287.37,0.5
2015,11,25,-26.18,0.75,762.21,1,12,0.375,298.75,1,73.63,1,11.6,292.44,0.375
2015,11,26,-24.64,0.625,759.93,1,10.33,0.375,300,1,72.63,1,10.22,295.52,0.375
2015,11,27,-22,0.375,753.38,1,5.6,0.625,251.25,1,73.13,1,3.77,257.41,0.625
2015,11,28,-23.88,0.625,754.63,1,9.8,0.625,286.25,1,72.38,1,9.53,287.09,0.625
2015,11,29,-26.19,0.875,754.54,1,13.62,1,311.25,1,71.75,1,13.5,311.75,1
2015,11,30,-25.35,0.25,756.36,1,10.6,0.625,295,1,71.75,1,10.42,303.57,0.625
2015,12,1,-25.47,0.375,761.36,1,9.75,0.5,291.25,1,76.25,1,9.67,299.49,0.5
2015,12,2,-22.9,0.375,761.41,1,NA,0.125,260,0.875,68.88,1,NA,NA,0.125
2015,12,3,-23.93,0.5,761.35,1,12.67,0.375,293.33,0.75,67.63,1,NA,NA,0.125
2015,12,4,-24.67,0.375,763.9,1,8.5,0.5,288.75,1,76.75,1,8.18,294.63,0.5
2015,12,5,-20.95,0.5,765.18,1,10.25,0.5,288.33,0.75,71.25,1,11.17,288.22,0.375
2015,12,6,-19.94,0.875,764.64,1,8,0.25,268.75,1,77.5,1,7.91,275.04,0.25
2015,12,7,-21.77,0.75,762.01,1,6.17,0.75,241.25,1,70.5,1,4.27,229.37,0.75
2015,12,8,-21.17,0.5,760.89,1,4,0.5,263.75,1,74.13,1,3.65,297.28,0.5
2015,12,9,-17.1,0.75,772.18,1,3.4,0.625,133.75,1,83.63,1,3.07,120.97,0.625
2015,12,10,-17.1,0.625,776.23,1,3.5,0.75,215,1,75.38,1,2.28,270.53,0.75
2015,12,11,-18,0.625,781.46,1,5.4,0.625,228.75,1,79,1,3.45,201.37,0.625
2015,12,12,-18.86,0.875,786.15,1,9.4,0.625,302.5,1,81.25,1,9.36,305.53,0.625
2015,12,13,-17.03,1,790.1,1,8.6,0.625,298.75,1,67,1,8.53,303.03,0.625
2015,12,14,-9,0.625,784.6,1,7.4,0.625,265,1,77.13,1,5.11,272.61,0.625
2015,12,15,-12.57,0.75,777.66,1,9,0.25,277.5,1,73.63,1,8.97,285,0.25
2015,12,16,-18.26,0.625,767.83,1,NA,0.125,201.25,1,66.63,1,NA,NA,0.125
2015,12,17,-17.68,0.75,756.51,1,NA,0.125,216.25,1,71,1,NA,NA,0.125
2015,12,18,-21.37,0.875,755.1,1,6,0.5,202.5,1,80.57,0.875,3.27,165.02,0.5
2015,12,19,-22.17,0.375,759.43,1,6.33,0.375,298.75,1,69.75,1,5.86,305.11,0.375
2015,12,20,-21.42,0.5,763.05,1,7.4,0.625,293.75,1,70.75,1,7.34,294.88,0.625
2015,12,21,NA,0.125,766.63,1,8.5,0.25,285,1,63.38,1,8.47,296.47,0.25
2015,12,22,-18.17,0.375,765.5,1,7,0.5,256.25,1,71.75,1,6.05,282.06,0.5
2015,12,23,-18.18,1,771.66,1,11,0.375,147.5,1,83.75,1,10.89,155.8,0.375
2015,12,24,-19.74,1,774.29,1,11.67,0.375,176.25,1,80.13,1,9.73,147.49,0.375
2015,12,25,-21.65,0.5,769.64,1,7.33,0.75,301.25,1,64,1,6.96,306.24,0.75
2015,12,26,-19.68,0.75,765.23,1,6.5,0.25,216,0.625,72,1,6.22,311.09,0.25
2015,12,27,-19.13,1,767.79,1,NA,0.125,183.75,1,81.88,1,NA,NA,0.125
2015,12,28,-19.88,0.75,769.04,1,10.8,0.625,280,0.625,70.5,1,10.94,282.62,0.5
2015,12,29,-20.28,0.5,767.64,1,10.6,0.625,297.5,1,68.88,1,10.43,302.22,0.625
2015,12,30,-18,0.75,766.59,1,11,0.25,188,0.625,74,1,NA,NA,0.125
2015,12,31,-17.8,0.75,768.86,1,12.5,0.25,210,1,80.88,1,3.54,190.87,0.25
2016,1,1,-22.17,0.375,763.76,1,8.2,0.625,267.5,1,67,1,7.57,284.36,0.625
2016,1,2,NA,0,759.98,1,4.67,0.375,282.5,1,65.25,1,4.28,290.19,0.375
2016,1,3,-21.52,0.625,762.3,1,7.5,0.5,277.5,1,71.75,1,7.04,304.96,0.5
2016,1,4,-17.9,0.875,762.16,1,4.8,0.625,238.75,1,77.13,1,3.73,261.3,0.625
2016,1,5,-20.12,0.75,763.38,1,3.75,0.5,217.5,1,77,1,1.74,270.47,0.5
2016,1,6,-22.93,0.75,761.21,1,9.2,0.625,303.75,1,74.38,1,8.96,304.32,0.625
2016,1,7,-21.24,0.625,761.94,1,4.2,0.625,253.75,1,77.38,1,3.91,269.92,0.625
2016,1,8,-23,0.625,763.58,1,3,0.625,227.5,1,79.38,1,2.55,303.9,0.625
2016,1,9,-20.3,0.75,763.7,1,5.67,0.375,187.5,1,74.5,1,4.62,229.2,0.375
2016,1,10,-17.84,1,764.93,1,NA,0,141.67,0.75,84.38,1,NA,NA,0
2016,1,11,-15.4,1,772.43,1,NA,0.125,145,1,86.38,1,NA,NA,0.125
2016,1,12,-17.06,1,771.99,1,7.25,0.5,196.25,1,81.75,1,6.05,189.51,0.5
2016,1,13,-19.56,0.625,768.2,1,6,0.625,288.75,1,75.75,1,5.57,288.91,0.625
2016,1,14,-19.07,0.75,762.96,1,9,0.875,287.5,1,75.38,1,8.72,289.29,0.875
2016,1,15,-18.4,0.5,763.45,1,4,0.375,271.25,1,81,1,3.64,290,0.375
2016,1,16,-16.14,0.625,762.88,1,4.33,0.375,251.25,1,83.14,0.875,4.32,304.61,0.375
2016,1,17,-16.77,0.75,762.54,1,5.33,0.75,293.75,1,80.88,1,5.31,293.75,0.75
2016,1,18,-16.73,0.75,763.28,1,5.33,0.75,305,1,79.5,1,5.11,298.98,0.75
2016,1,19,-15.93,0.375,760.35,1,4.5,0.75,247.5,1,71.75,1,3.59,269.97,0.75
2016,1,20,-16.6,0.5,760.32,1,4,0.375,205,1,75.75,1,3.32,274.48,0.375
2016,1,21,-14.94,1,757.81,1,NA,0.125,133.75,1,87.63,1,NA,NA,0.125
2016,1,22,-15.49,1,761.39,1,NA,0,135,1,86.13,1,NA,NA,0
2016,1,23,-15.93,0.75,759.69,1,9.5,0.25,263.75,1,75.38,1,9.36,300.53,0.25
2016,1,24,-19.55,1,754.45,1,7,0.625,270,0.625,72.63,1,3.33,288,0.5
2016,1,25,-17.6,0.75,760.64,1,NA,0.125,192,0.625,83.63,1,NA,NA,0.125
2016,1,26,-19.4,0.875,766.96,1,6.83,0.75,306.25,1,74.5,1,6.65,307.67,0.75
2016,1,27,-18.48,0.625,764.85,1,7.25,0.5,300,1,67.75,1,6.22,293.67,0.5
2016,1,28,-25.42,0.75,761.34,1,NA,0.125,303.75,1,66,1,NA,NA,0.125
2016,1,29,-20.07,0.375,760.69,1,6.75,0.5,197.5,1,79.5,1,3.12,171.97,0.5
2016,1,30,-22.66,0.625,758.28,1,6.5,0.75,251.25,1,77.75,1,6.12,274.56,0.75
2016,1,31,-24.56,0.625,752.4,1,9.43,0.875,290,1,71.75,1,9.23,291.39,0.875
2016,2,1,-25.19,0.875,754.16,1,8.14,0.875,293.75,1,73.75,1,7.86,290.91,0.875
2016,2,2,-28.14,0.875,754.45,1,12,0.75,296.25,1,66.38,1,11.4,301.99,0.75
2016,2,3,-28.55,0.5,760.66,1,11.5,0.25,298.75,1,68.38,1,11.5,310,0.25
2016,2,4,-20.18,0.625,763.93,1,6,0.25,206.25,1,78.25,1,2.05,220,0.25
2016,2,5,-25.95,0.75,760.75,1,14,0.375,291.67,0.75,64.38,1,NA,NA,0.125
2016,2,6,-29.23,0.5,758.67,1,11.29,0.875,294.29,0.875,67.13,1,10.96,294.54,0.75
2016,2,7,-28.34,0.625,761.65,1,10,0.25,295,1,72.13,1,9.97,313,0.25
2016,2,8,-26.74,0.625,759.97,1,7,0.25,303.75,1,69,1,6.72,321.75,0.25
2016,2,9,-25.87,0.75,760.32,1,4.67,0.375,236.25,1,70.5,1,4.46,273.42,0.375
2016,2,10,-21.85,0.75,762.64,1,15.25,0.5,328.75,1,73,1,14.86,333.6,0.5
2016,2,11,-20.99,0.875,761.4,1,NA,0,325,1,71.38,1,NA,NA,0
2016,2,12,-25.53,0.75,762.53,1,3.33,0.75,251.25,1,70,1,3.06,251.07,0.75
2016,2,13,-22.92,0.75,770.55,1,5.5,0.25,281.25,1,70.75,1,5.43,284.58,0.25
2016,2,14,-24.46,1,773.26,1,6.5,0.5,245,1,70.63,1,5.41,254.7,0.5
2016,2,15,-28.99,0.875,773.03,1,11.5,0.25,308.75,1,60.25,1,11.46,304.35,0.25
2016,2,16,-29.9,0.5,769.44,1,NA,0,305,1,59.88,1,NA,NA,0
2016,2,17,-30.72,0.625,762.2,1,NA,0.125,306.25,1,57.88,1,NA,NA,0.125
2016,2,18,-33.84,0.625,753.06,1,13.75,0.5,311.25,1,61.25,1,13.11,308.13,0.5
2016,2,19,-34.72,0.625,752.04,1,13,0.375,305,1,59.75,1,12.87,311.03,0.375
2016,2,20,-31.22,0.75,759.78,1,13,0.375,301.25,1,55,1,12.96,306.67,0.375
2016,2,21,-34.43,1,768.76,1,14,0.25,294,0.625,60.13,1,13.53,296.1,0.25
2016,2,22,-35.76,0.875,766.53,1,14,0.625,296.67,0.75,62.13,1,14.09,301.94,0.5
2016,2,23,-35.02,0.625,762.35,1,13.5,1,304.29,0.875,65.88,1,13.11,304.51,0.875
2016,2,24,-33.13,0.875,763.4,1,12.67,0.75,298.75,1,67.5,1,12.44,301.94,0.75
2016,2,25,-33.89,0.875,757.99,1,6,0.25,280,1,66.88,1,6,270,0.25
2016,2,26,-31,0.5,757.79,1,NA,0,298.33,0.75,67,1,NA,NA,0
2016,2,27,-29.51,0.875,768.04,1,8.25,0.5,285,1,72.5,1,8.22,283.33,0.5
2016,2,28,-27.16,0.625,772.45,1,5.5,0.5,245,1,73.38,1,3.01,269.54,0.5
2016,2,29,NA,0.125,768.38,1,NA,0.125,293.75,1,73.63,1,NA,NA,0.125
2016,3,1,-34.39,1,771.08,1,15.5,0.25,318.75,1,58.38,1,14.61,305.3,0.25
2016,3,2,-29.04,0.875,763.55,1,8.5,0.5,281.25,1,67.13,1,8.35,285.59,0.5
2016,3,3,-31.81,0.875,753.91,1,13.14,0.875,295,0.75,69,1,12.03,293.46,0.625
2016,3,4,-33.05,1,749.33,1,12.67,0.75,291.25,1,67.88,1,12.54,290.79,0.75
2016,3,5,-29.57,0.75,755.23,1,4.25,0.5,282.5,1,71.13,1,4.22,278.82,0.5
2016,3,6,-30.71,0.875,758.76,1,5.25,0.5,184,0.625,69.38,1,4.76,307.99,0.5
2016,3,7,-36.37,0.875,751.99,1,NA,0,287.5,1,62.63,1,NA,NA,0
2016,3,8,-26.2,0.375,751.46,1,NA,0.125,130,1,73.13,1,NA,NA,0.125
2016,3,9,-23.49,1,758.11,1,17.2,0.625,198.75,1,77.13,1,15.97,11.64,0.625
2016,3,10,-29.23,0.5,761.1,1,8.6,0.625,263.75,1,67.75,1,6.06,265.46,0.625
2016,3,11,-38.07,0.75,757.01,1,NA,0.125,293.75,1,60.5,1,NA,NA,0.125
2016,3,12,-43.26,1,754.82,1,17.67,0.375,302.5,1,58.13,1,17.48,308.67,0.375
2016,3,13,-40.87,0.875,753.76,1,15.5,0.25,280,0.625,60.38,1,NA,NA,0.125
2016,3,14,-39.85,0.5,756.94,1,NA,0.125,287.5,0.5,62.5,1,NA,NA,0
2016,3,15,-42.3,0.875,757.69,1,15,0.625,306.25,1,58.38,1,14.94,305.74,0.625
2016,3,16,-46.24,0.875,755.4,1,NA,0.125,302.5,1,53.75,1,NA,NA,0.125
2016,3,17,-46.75,0.75,758.18,1,14.6,0.625,298.33,0.75,53.75,1,16.28,296.94,0.375
2016,3,18,-35.76,0.625,756.93,1,10.67,0.375,184.29,0.875,63.13,1,6.04,221.11,0.25
2016,3,19,-34.09,0.875,761.58,1,NA,0.125,215,1,67.63,1,NA,NA,0.125
2016,3,20,-35.72,0.625,760.7,1,15.5,0.25,298.75,1,66.13,1,15.5,310,0.25
2016,3,21,-42.15,1,748.41,1,NA,0,300,1,59.13,1,NA,NA,0
2016,3,22,-44.55,1,749.58,1,NA,0,296.25,1,56.25,1,NA,NA,0
2016,3,23,-44.41,1,752.52,1,NA,0.125,305,1,56.13,1,NA,NA,0.125
2016,3,24,-38.81,1,759,1,12.4,0.625,304.29,0.875,61.75,1,12.31,310,0.5
2016,3,25,-37.83,0.75,759.03,1,12.29,0.875,290,0.5,61.75,1,11.17,290.22,0.5
2016,3,26,-40.91,1,756.54,1,NA,0.125,310,0.875,59.5,1,NA,NA,0.125
2016,3,27,-44.49,1,752.11,1,17.67,0.375,303.33,0.75,55.25,1,18.43,304.86,0.25
2016,3,28,-45.8,1,757.34,1,18,0.25,310,0.5,54.5,1,NA,NA,0.125
2016,3,29,-44.59,1,764.95,1,17.5,0.25,312.5,1,55,1,17.5,310,0.25
2016,3,30,-43.7,1,762.94,1,17.25,0.5,306,0.625,57.13,1,NA,NA,0.125
2016,3,31,-43.96,0.875,760.23,1,18,0.25,306,0.625,57.25,1,17.93,305.28,0.25
2016,4,1,-35.25,0.75,764.5,1,9,0.25,288.75,1,66.88,1,8.97,285,0.25
2016,4,2,-36.74,0.875,768.93,1,NA,0,297.5,1,65.13,1,NA,NA,0
2016,4,3,-44.43,1,755.44,0.875,16.2,0.625,288.33,0.75,56,1,15.59,292.87,0.5
2016,4,4,-46.46,1,755.1,1,17.2,0.625,285,0.5,53.25,1,NA,NA,0.125
2016,4,5,-46.88,0.625,751.81,1,NA,0.125,292,0.625,52.88,1,NA,NA,0.125
2016,4,6,-47.08,0.75,747.56,1,13,0.375,282.5,1,53.38,1,12.96,282.82,0.375
2016,4,7,-43.22,0.75,745.66,1,18.5,0.25,311.25,1,57.63,1,17.41,317.18,0.25
2016,4,8,-48.1,1,740.14,1,NA,0,297.5,1,52,1,NA,NA,0
2016,4,9,-52.75,1,745.96,1,21.5,0.25,277.5,1,46.38,1,21.5,280,0.25
2016,4,10,-52,1,749.19,1,10.75,0.5,296.67,0.375,46.88,1,NA,NA,0.125
2016,4,11,-46.16,0.875,748.41,1,10,0.25,290,1,52.88,1,9.96,285.5,0.25
2016,4,12,-52.48,0.5,741.62,1,NA,0.125,296.67,0.75,45.5,1,NA,NA,0.125
2016,4,13,-48.92,0.75,747.16,1,9.83,0.75,303.33,0.375,49.5,1,10.46,304.76,0.25
2016,4,14,-48.34,0.875,756.32,1,13.4,0.625,302.5,1,50.75,1,13.31,301.79,0.625
2016,4,15,-49.54,0.875,762.73,1,NA,0.125,313.75,1,49.63,1,NA,NA,0.125
2016,4,16,-52.28,0.75,761.93,1,14,0.375,311.25,1,46.38,1,13.95,306.91,0.375
2016,4,17,-49.94,1,759.49,1,13.14,0.875,294,0.625,49.13,1,12.16,293.77,0.625
2016,4,18,-46.72,0.75,758.14,1,16.43,0.875,296.67,0.75,52.13,1,16.45,296.87,0.75
2016,4,19,-39.06,1,762,1,12,0.75,292.5,1,61.13,1,11.91,291.25,0.75
2016,4,20,-37.44,1,771.43,1,18,0.75,301.25,1,63.75,1,17.85,303.53,0.75
2016,4,21,-41.48,1,774.25,1,18,0.875,304,0.625,59.38,1,18.68,304.93,0.5
2016,4,22,-43.7,1,772.95,1,19.71,0.875,293.33,0.375,57.13,1,19.27,293.44,0.375
2016,4,23,-49.11,0.875,768.71,1,NA,0.125,302.5,0.5,50.38,1,NA,NA,0.125
2016,4,24,-47.35,1,765.76,1,19,0.625,300,0.25,52.63,1,NA,NA,0.125
2016,4,25,-45.01,1,767.44,1,15.75,0.5,295,0.25,55,1,NA,NA,0.125
2016,4,26,-46.84,0.875,760.85,1,15.5,0.25,302.86,0.875,53.25,1,NA,NA,0.125
2016,4,27,-49.1,0.75,760.51,1,16,0.75,304,0.625,50.63,1,13.62,306.59,0.375
2016,4,28,-47.35,0.75,757.36,1,16.17,0.75,300,0.375,50.63,1,15.94,295.63,0.25
2016,4,29,-49.3,0.875,762.89,1,17.5,0.25,322,0.625,50,1,17.24,320.87,0.25
2016,4,30,NA,0,763.71,1,NA,0,307.5,1,66.5,1,NA,NA,0
2016,5,1,-39.57,0.375,764.95,1,NA,0,235,1,66.13,1,NA,NA,0
2016,5,2,-42.19,0.875,774.36,1,NA,0.125,320,1,59.88,1,NA,NA,0.125
2016,5,3,-38.16,0.875,781,1,NA,0,311.25,1,64.13,1,NA,NA,0
2016,5,4,-39.86,1,774.68,1,12.5,0.5,316.25,1,61.88,1,12.46,312.8,0.5
2016,5,5,-40.8,1,756.88,1,12.75,0.5,322.5,1,60.88,1,12.64,329.41,0.5
2016,5,6,-45.37,0.75,752.3,1,14,0.375,302.5,1,54.38,1,13.85,310.24,0.375
2016,5,7,-49.47,0.75,757.05,1,15.17,0.75,310,0.625,52.13,1,18.15,309.45,0.375
2016,5,8,-45.32,1,750.26,1,17,0.375,290,0.375,54.88,1,NA,NA,0.125
2016,5,9,-41.43,1,765.64,1,11,1,301.25,1,59.38,1,10.87,300.54,1
2016,5,10,-38.67,0.875,770.93,1,13.67,0.375,312.5,1,63.38,1,13.04,303.8,0.375
2016,5,11,-43.24,0.875,763.89,1,18.25,0.5,300,0.625,57.63,1,NA,NA,0.125
2016,5,12,-34.56,0.875,761.04,1,12,0.625,284,0.625,67.25,1,16,290,0.25
2016,5,13,-31.38,1,764.26,1,10.71,0.875,285,0.75,71.13,1,11.12,284.93,0.75
2016,5,14,-30.4,0.75,760.15,1,11.5,0.5,275,0.25,71.5,1,NA,NA,0
2016,5,15,-30.54,1,758.28,1,9.17,0.75,271.43,0.875,71.88,1,8.07,269.95,0.625
2016,5,16,-34.49,0.875,762.14,1,10.14,0.875,282.5,1,66.5,1,9.93,282.28,0.875
2016,5,17,-43.17,0.875,763.24,1,18.4,0.625,302.5,1,57.25,1,18.25,301.64,0.625
2016,5,18,-51.66,0.875,766.53,1,17,0.375,303.75,1,48.13,1,16.75,302.18,0.375
2016,5,19,-46.59,0.875,766.6,1,NA,0,315,1,54,1,NA,NA,0
2016,5,20,-42.67,0.875,760.4,1,NA,0,303.75,1,57.75,1,NA,NA,0
2016,5,21,-50.52,0.75,764.78,1,NA,0,318.33,0.75,50.63,1,NA,NA,0
2016,5,22,-42.58,1,768.31,1,NA,0.125,300,1,58.25,1,NA,NA,0.125
2016,5,23,-34.1,0.875,775.89,1,NA,0,315,0.25,63.75,1,NA,NA,0
2016,5,24,-35.36,0.875,764.86,1,NA,0,NA,0,56.88,1,NA,NA,0
2016,5,25,-41.51,1,765.18,1,NA,0,NA,0,59.75,1,NA,NA,0
2016,5,26,-37.83,0.875,770.64,1,NA,0,NA,0,64.13,1,NA,NA,0
2016,5,27,-40.54,1,762.35,1,NA,0,NA,0,61.13,1,NA,NA,0
2016,5,28,-46.3,0.875,749.14,1,NA,0,NA,0,54.25,1,NA,NA,0
2016,5,29,-47.2,1,750.83,1,NA,0,NA,0,52.75,1,NA,NA,0
2016,5,30,-52.4,1,760.56,1,NA,0,NA,0,46.75,1,NA,NA,0
2016,5,31,-48.13,0.875,750.53,1,NA,0,NA,0,51.38,1,NA,NA,0
2016,6,1,-49.84,0.875,750.3,1,NA,0,NA,0,49.5,1,NA,NA,0
2016,6,2,-51.72,0.75,752.84,1,NA,0,NA,0,47.25,1,NA,NA,0
2016,6,3,-51.27,0.875,744.99,1,NA,0,NA,0,47.75,1,NA,NA,0
2016,6,4,-50.04,0.875,746.84,1,NA,0,NA,0,48.5,1,NA,NA,0
2016,6,5,-47.12,1,755.31,1,NA,0,NA,0,52.38,1,NA,NA,0
2016,6,6,-44.62,0.75,760.75,1,NA,0,NA,0,54.25,1,NA,NA,0
2016,6,7,-42.44,0.625,759.87,1,NA,0,NA,0,57.29,0.875,NA,NA,0
2016,6,8,-40.8,0.75,750.26,1,NA,0,NA,0,60,1,NA,NA,0
2016,6,9,-57.63,0.75,751.25,1,NA,0,NA,0,43.38,1,NA,NA,0
2016,6,10,-47.9,0.5,750.6,1,NA,0,NA,0,51.88,1,NA,NA,0
2016,6,11,-47.26,0.625,745.19,1,NA,0,NA,0,52.75,1,NA,NA,0
2016,6,12,-47.96,1,748.36,1,NA,0,NA,0,51.75,1,NA,NA,0
2016,6,13,-41.69,1,755.01,1,NA,0,NA,0,58.25,1,NA,NA,0
2016,6,14,-40.45,0.5,752.61,1,NA,0,NA,0,60,1,NA,NA,0
2016,6,15,-43.68,0.5,746.68,1,NA,0,NA,0,56.75,1,NA,NA,0
2016,6,16,-46.52,0.75,756.23,1,NA,0,NA,0,53.13,1,NA,NA,0
2016,6,17,-47.81,0.875,765.54,1,NA,0,NA,0,52,1,NA,NA,0
2016,6,18,-49.93,0.75,757.51,1,NA,0,NA,0,48.88,1,NA,NA,0
2016,6,19,-51.13,0.875,751.01,1,NA,0,NA,0,47.88,1,NA,NA,0
2016,6,20,-49.35,1,755.4,1,NA,0,NA,0,49.13,1,NA,NA,0
2016,6,21,-42.83,1,766.03,1,NA,0,NA,0,57.25,1,NA,NA,0
2016,6,22,-39.81,0.875,778.66,1,NA,0,NA,0,59.25,1,NA,NA,0
2016,6,23,-14.98,0.75,771.04,1,NA,0,NA,0,85,1,NA,NA,0
2016,6,24,-23.6,0.625,763.63,1,NA,0,NA,0,79.63,1,NA,NA,0
2016,6,25,-37.56,0.875,759.61,1,NA,0,NA,0,65.38,1,NA,NA,0
2016,6,26,-48.77,0.75,743.98,1,NA,0,NA,0,54,1,NA,NA,0
2016,6,27,-52.82,1,740.26,1,NA,0,NA,0,47.13,1,NA,NA,0
2016,6,28,-51.19,0.875,748.14,1,NA,0,NA,0,49,1,NA,NA,0
2016,6,29,-44.89,0.875,750.25,1,NA,0,NA,0,54.75,1,NA,NA,0
2016,6,30,-42.59,1,751.35,1,NA,0,NA,0,58.5,1,NA,NA,0
2016,7,1,-42.07,0.75,749.4,1,NA,0,NA,0,59.13,1,NA,NA,0
2016,7,2,-45.54,0.875,753.68,1,NA,0,NA,0,55.5,1,NA,NA,0
2016,7,3,-47.55,1,754.76,1,NA,0,NA,0,53.25,1,NA,NA,0
2016,7,4,-49.24,1,752.3,1,NA,0,NA,0,50.5,1,NA,NA,0
2016,7,5,-53.24,1,754.19,1,NA,0,NA,0,46,1,NA,NA,0
2016,7,6,-55.88,0.75,753.44,1,NA,0,NA,0,42.25,1,NA,NA,0
2016,7,7,-53.63,0.875,752.35,1,NA,0,NA,0,45.5,1,NA,NA,0
2016,7,8,-50.56,1,755.79,1,NA,0,NA,0,47.75,1,NA,NA,0
2016,7,9,-53.96,1,758.09,1,NA,0,NA,0,44.88,1,NA,NA,0
2016,7,10,-54.1,0.75,763.65,1,NA,0,NA,0,45.63,1,NA,NA,0
2016,7,11,-49.97,0.75,770.01,1,NA,0,NA,0,49.63,1,NA,NA,0
2016,7,12,-44.32,1,774.38,1,NA,0,NA,0,55.63,1,NA,NA,0
2016,7,13,-39.54,0.875,762.01,1,NA,0,NA,0,60.5,1,NA,NA,0
2016,7,14,-43.19,1,761.7,0.875,NA,0,NA,0,57.25,1,NA,NA,0
2016,7,15,-37.64,0.875,763.8,1,NA,0,NA,0,63,1,NA,NA,0
2016,7,16,-43.22,1,762,1,NA,0,NA,0,57.88,1,NA,NA,0
2016,7,17,-44.99,0.875,765.59,1,NA,0,NA,0,56.75,1,NA,NA,0
2016,7,18,-39.18,0.75,761.73,1,NA,0,NA,0,62.13,1,NA,NA,0
2016,7,19,-43.08,1,764.32,1,NA,0,NA,0,58.25,1,NA,NA,0
2016,7,20,-41.73,0.875,759.86,1,NA,0,NA,0,58.5,1,NA,NA,0
2016,7,21,-47.81,1,758.6,1,NA,0,NA,0,52.13,1,NA,NA,0
2016,7,22,-47.82,0.75,759.95,1,NA,0,NA,0,52.25,1,NA,NA,0
2016,7,23,-45.75,1,762.74,1,NA,0,NA,0,54.38,1,NA,NA,0
2016,7,24,-42.9,1,766.01,1,NA,0,NA,0,57.75,1,NA,NA,0
2016,7,25,-42.57,1,768.7,1,NA,0,NA,0,58.25,1,NA,NA,0
2016,7,26,-42.11,1,769.48,1,NA,0,NA,0,58.75,1,NA,NA,0
2016,7,27,-43.28,1,766.46,1,NA,0,NA,0,57.38,1,NA,NA,0
2016,7,28,-44.14,1,765.96,1,NA,0,NA,0,56.13,1,NA,NA,0
2016,7,29,-42.96,1,768.69,1,NA,0,NA,0,57.13,1,NA,NA,0
2016,7,30,-42.89,1,775.56,1,NA,0,NA,0,56.63,1,NA,NA,0
2016,7,31,-43.76,0.625,781.15,1,NA,0,NA,0,57,1,NA,NA,0
2016,8,1,-34.93,0.5,777.85,1,NA,0,NA,0,67.5,1,NA,NA,0
2016,8,2,-36.11,1,782.2,1,NA,0,NA,0,65.88,1,NA,NA,0
2016,8,3,-38.48,1,782.69,1,NA,0,NA,0,62.5,1,NA,NA,0
2016,8,4,-40.89,1,779.85,1,NA,0,NA,0,59.25,1,NA,NA,0
2016,8,5,-40.54,1,770.66,1,NA,0,NA,0,61,1,NA,NA,0
2016,8,6,-47.55,1,769.05,1,NA,0,NA,0,53.38,1,NA,NA,0
2016,8,7,-49.65,1,772.63,1,NA,0,NA,0,50.5,1,NA,NA,0
2016,8,8,-51.31,1,766.95,1,NA,0,NA,0,48.25,1,NA,NA,0
2016,8,9,-50.78,1,764.38,1,NA,0,NA,0,48.75,1,NA,NA,0
2016,8,10,-51,1,766.85,1,NA,0,NA,0,48.25,1,NA,NA,0
2016,8,11,-52.4,0.875,762.83,1,NA,0,NA,0,46.63,1,NA,NA,0
2016,8,12,-50.16,1,766.1,1,NA,0,NA,0,49,1,NA,NA,0
2016,8,13,-47.56,1,766.04,1,NA,0,NA,0,51.5,1,NA,NA,0
2016,8,14,-40.94,0.875,771.29,1,NA,0,NA,0,59.63,1,NA,NA,0
2016,8,15,-34.64,1,772.04,1,NA,0,NA,0,67,1,NA,NA,0
2016,8,16,-45.88,0.625,765.64,1,NA,0,NA,0,56.63,1,NA,NA,0
2016,8,17,-48.31,1,758.2,1,NA,0,NA,0,52,1,NA,NA,0
2016,8,18,-46.46,1,758.68,1,NA,0,NA,0,53.63,1,NA,NA,0
2016,8,19,-46.46,1,758.5,1,NA,0,NA,0,53.63,1,NA,NA,0
2016,8,20,-43.24,0.875,763.51,1,NA,0,NA,0,56.63,1,NA,NA,0
2016,8,21,-48.2,1,773.47,1,NA,0,NA,0,51.63,1,NA,NA,0
2016,8,22,-44.64,1,769.74,1,NA,0,NA,0,55.13,1,NA,NA,0
2016,8,23,-50.26,1,769.5,1,NA,0,NA,0,48.75,1,NA,NA,0
2016,8,24,-49.84,1,766.16,1,NA,0,NA,0,49.13,1,NA,NA,0
2016,8,25,-47.13,0.875,758.84,0.875,NA,0,NA,0,52.14,0.875,NA,NA,0
2016,8,26,NA,0,NA,0,NA,0,NA,0,NA,0,NA,NA,0
2016,8,27,NA,0,NA,0,NA,0,NA,0,NA,0,NA,NA,0
2016,8,28,NA,0,NA,0,NA,0,NA,0,NA,0,NA,NA,0
2016,8,29,NA,0.125,NA,0.125,NA,0,NA,0,NA,0.125,NA,NA,0
2016,8,30,NA,0.125,NA,0.125,NA,0,NA,0,NA,0.125,NA,NA,0
2016,8,31,NA,0,NA,0,NA,0,NA,0,NA,0,NA,NA,0
2016,9,1,-45.57,0.75,751.93,0.875,NA,0,NA,0,54.29,0.875,NA,NA,0
2016,9,2,-43.68,0.625,754.8,0.625,NA,0.125,NA,0.125,56.2,0.625,NA,NA,0.125
2016,9,3,-41.1,0.75,753.25,1,9,0.5,312.5,1,60.38,1,8.9,313.07,0.5
2016,9,4,-44.58,1,751.16,1,12.25,0.5,295,0.25,55.75,1,NA,NA,0
2016,9,5,-48.04,1,749.61,1,14.14,0.875,303.33,0.375,51.88,1,12.95,305,0.25
2016,9,6,-48,1,749.11,1,12.88,1,316.67,0.375,51.38,1,11.96,316.67,0.375
2016,9,7,-41.17,0.75,752.07,1,15.6,0.625,322.5,1,62.38,1,15.51,320.13,0.625
2016,9,8,-33.72,0.5,740.99,1,4.67,0.375,273.75,1,70.63,1,4.28,260.19,0.375
2016,9,9,-40.87,0.75,741.78,1,NA,0.125,312.5,1,63.88,1,NA,NA,0.125
2016,9,10,-28.18,0.75,727.86,1,NA,0,326.25,1,75.13,1,NA,NA,0
2016,9,11,-30.6,0.375,731.14,1,12.5,0.5,295,1,63.38,1,12.34,320.96,0.5
2016,9,12,-48.77,0.375,730.53,1,7.5,0.25,275,1,57.38,1,7.5,270,0.25
2016,9,13,-51.93,1,726.76,1,7,0.375,256.67,0.375,48.5,1,7.21,276.1,0.25
2016,9,14,-52.42,0.75,729.08,1,17.17,0.75,295.71,0.875,49.13,1,16.73,296.73,0.625
2016,9,15,-44.41,1,743.03,1,11.5,0.25,300,1,56,1,11.46,294.78,0.25
2016,9,16,-47.03,1,753.1,1,12.5,1,300,0.5,53.25,1,12.9,300.19,0.5
2016,9,17,-46.59,0.875,755.09,1,19.5,0.5,NA,0.125,53.25,1,NA,NA,0.125
2016,9,18,-51.51,0.875,754.58,1,15,0.875,305,0.75,48,1,13.55,306.18,0.625
2016,9,19,-47.49,0.875,755.39,1,17,0.5,303.33,0.375,52.25,1,NA,NA,0.125
2016,9,20,-38.87,0.75,748.66,1,12,0.375,221.25,1,61.57,0.875,6.98,227.24,0.375
2016,9,21,-39.2,0.75,761.76,1,NA,0,302.5,1,61.75,1,NA,NA,0
2016,9,22,NA,0,748.25,1,NA,0.125,267.5,1,71.5,1,NA,NA,0.125
2016,9,23,-44.84,0.875,750.54,1,12.6,0.625,300,0.625,56.5,1,11.32,300.05,0.5
2016,9,24,-47.15,0.75,751.04,1,18.5,0.5,308.33,0.75,53.38,1,18.43,315.14,0.25
2016,9,25,-50.03,1,756.33,1,14.67,0.375,310,1,50.38,1,14.62,312.95,0.375
2016,9,26,-47.89,1,764.44,1,16,0.375,311.67,0.75,52.13,1,16,300,0.25
2016,9,27,-43.91,1,767.18,1,14.8,0.625,276.25,1,56.38,1,13.55,319.91,0.625
2016,9,28,-43.85,1,774.64,1,23.5,0.25,308.75,1,56.88,1,23.41,304.89,0.25
2016,9,29,-41.84,0.875,768.41,1,17,0.25,304,0.625,59.25,1,16.94,305.29,0.25
2016,9,30,-41.67,0.75,761.61,1,11.67,0.375,312.5,1,59.13,1,11.39,315.42,0.375
2016,10,1,-47.18,0.625,756.34,1,16,0.375,318,0.625,53.75,1,NA,NA,0.125
2016,10,2,-45.3,0.75,761.7,1,15.33,0.375,305.71,0.875,55.63,1,15.28,313.69,0.375
2016,10,3,-47.01,0.875,766.45,1,18.4,0.625,306.25,1,53.63,1,18.01,301.81,0.625
2016,10,4,-41.9,0.75,769.36,1,NA,0.125,321.25,1,60,1,NA,NA,0.125
2016,10,5,-46.27,0.375,763.01,1,10,0.25,288.75,1,61.75,1,9.66,315,0.25
2016,10,6,-46.13,1,760.01,1,10,0.375,317.14,0.875,54.38,1,9.97,327,0.375
2016,10,7,-48.61,0.875,755.76,1,17,0.375,313.33,0.375,51,1,18.43,315.14,0.25
2016,10,8,-43.2,0.5,753.58,1,10.6,0.625,273.75,1,59.13,1,10.47,310.38,0.625
2016,10,9,-36.89,0.875,756.35,1,9.5,0.25,280,1,63.25,1,5.46,230.7,0.25
2016,10,10,-37.28,0.625,761.16,1,NA,0.125,307.5,1,65.63,1,NA,NA,0.125
2016,10,11,-32.65,1,759.29,1,5.67,0.375,213.75,1,69,1,2.71,218.07,0.375
2016,10,12,-32.46,0.875,763.94,1,5,0.375,196.25,1,69.38,1,3.54,185.84,0.375
2016,10,13,-35.51,0.875,758.85,1,7.5,0.75,295,1,65.38,1,7.22,294.04,0.75
2016,10,14,-38.45,1,752.8,0.875,12.71,0.875,297.5,1,62,1,12.62,297.3,0.875
2016,10,15,-36.9,0.75,751.56,1,13.2,0.625,291.25,1,62.25,1,13.09,292.89,0.625
2016,10,16,-41.71,0.875,753.24,1,14.83,0.75,295,1,58.38,1,14.65,296.31,0.75
2016,10,17,-37.73,0.5,751.24,1,NA,0.125,302.5,1,61.38,1,NA,NA,0.125
2016,10,18,-39.93,0.5,748.24,1,21,0.25,307.5,1,60.75,1,20.92,304.76,0.25
2016,10,19,-35.7,0.5,749.25,1,11,0.25,298.75,1,64.13,1,11,300,0.25
2016,10,20,-34.33,0.75,750.16,1,11.17,0.75,283.75,1,66,1,11.07,286.7,0.75
2016,10,21,-33.63,0.5,749.19,1,1.33,0.375,195,0.75,64.88,1,1.03,179.06,0.375
2016,10,22,-44.17,0.875,751.89,1,12,0.25,308.57,0.875,57,1,11.82,309.16,0.25
2016,10,23,-41.23,0.875,752.73,1,11,0.375,298.75,1,59.5,1,9.89,279.31,0.375
2016,10,24,-38.94,0.625,752.84,1,10.33,0.375,307.5,1,62.25,1,10.1,313.19,0.375
2016,10,25,-39.75,0.75,751.3,1,11,0.375,298.57,0.875,59.38,1,9.5,300,0.25
2016,10,26,-37.78,0.75,759.29,1,13.83,0.75,306.67,0.375,62.13,1,14.01,305.53,0.25
2016,10,27,-36.72,0.75,759.82,1,16,0.5,296.67,0.375,61.88,1,13,300,0.25
2016,10,28,-40.83,0.75,755.26,1,18.67,0.375,304,0.625,58.75,1,18,310,0.25
2016,10,29,-38.65,0.5,756.94,1,12.33,0.375,311.25,1,60.5,1,12.29,317.03,0.375
2016,10,30,-38.5,0.375,755.49,1,17,0.25,303.33,0.75,59,1,17,300,0.25
2016,10,31,-37.6,0.875,755.68,1,10.75,0.5,288.33,0.75,63.38,1,10.67,280.7,0.5
2016,11,1,-32.56,0.875,766.43,1,9.25,0.5,297.5,1,69.75,1,8.9,289.42,0.5
2016,11,2,-26.12,0.625,779.45,1,8.2,0.625,292.5,1,73.5,1,8.08,291.42,0.625
2016,11,3,-25,1,779.49,1,11.8,0.625,280,0.625,75.88,1,9.24,279.28,0.375
2016,11,4,-27.27,0.75,777.13,1,11,0.375,303.75,1,67.25,1,10.87,299.39,0.375
2016,11,5,-30.35,0.5,777.98,1,11.2,0.625,295,1,60.5,1,10.79,300.09,0.625
2016,11,6,-29.78,0.625,782.74,1,12.5,0.25,308.75,1,61.88,1,12.5,330,0.25
2016,11,7,-25.05,0.5,783.84,1,11.38,1,298.75,1,62.88,1,11.17,298.77,1
2016,11,8,-19.61,0.875,778.76,1,8.17,0.75,288.75,1,75.5,1,7.97,296.55,0.75
2016,11,9,-22.98,0.5,776.84,1,9.8,0.625,291.25,1,62.75,1,9.29,295.19,0.625
2016,11,10,-27.35,0.25,772.41,1,10.57,0.875,310,1,59.63,1,10.4,306.9,0.875
2016,11,11,-26.91,0.875,772.13,1,9,0.375,265,1,66.25,1,8.9,260.75,0.375
2016,11,12,-30.81,0.875,773.51,1,9.8,0.625,298,0.625,65.38,1,8.47,305.29,0.25
2016,11,13,-27.84,0.625,775.63,1,5,0.25,206.25,1,73.71,0.875,4.04,278.55,0.25
2016,11,14,-30.8,0.75,774.14,1,11.33,0.75,314,0.625,67,1,8.8,311.91,0.5
2016,11,15,-31.28,0.5,770.44,1,9.6,0.625,293.75,1,68,1,9.41,297.19,0.625
2016,11,16,-28.2,0.625,770.63,1,5.8,0.625,226.25,1,71.75,1,1.74,197.66,0.625
2016,11,17,-30.92,0.625,767.93,1,6.8,0.625,290,1,67.38,1,6.62,291.17,0.625
2016,11,18,-32.13,0.375,766.79,1,10.75,0.5,301.25,1,71.63,1,10.71,296.75,0.5
2016,11,19,-24.88,0.625,765.91,1,8,0.5,285,1,76.25,1,7.61,295.61,0.5
2016,11,20,-25.05,0.5,763.25,1,9.33,0.375,297.5,1,75.75,1,8.78,301.26,0.375
2016,11,21,-21.22,0.625,761.34,1,5.5,0.5,272.5,1,75.88,1,3.77,271.35,0.5
2016,11,22,-21.68,0.625,764.05,1,NA,0,190,1,77.5,1,NA,NA,0
2016,11,23,-22.67,0.75,767.65,1,7.75,0.5,311.25,1,76.88,1,7.27,311.55,0.5
2016,11,24,-22.27,0.75,766.87,1,10.4,0.625,292,0.625,68.88,1,9.71,291.12,0.375
2016,11,25,-23.35,0.5,766.71,1,12.5,0.5,288,0.625,68.63,1,11.46,294.35,0.25
2016,11,26,-20.95,0.5,770.19,1,NA,0.125,296.25,1,68.5,1,NA,NA,0.125
2016,11,27,-16.78,0.5,774.46,1,NA,0.125,246.25,1,73.63,1,NA,NA,0.125
2016,11,28,-17.21,0.875,775.38,1,2.83,0.75,253.75,1,68.88,1,2.68,259.52,0.75
2016,11,29,-17.17,0.75,775.96,1,5,0.5,252.5,1,71.38,1,4.02,299.41,0.5
2016,11,30,-21.4,0.375,777.69,1,8.5,0.5,275,1,61.38,1,7.9,326.19,0.5
2016,12,1,-21.38,0.625,769.76,1,6.33,0.75,267.5,0.5,66.13,1,6.11,271.07,0.375
2016,12,2,-21.19,0.875,770.24,1,5.33,0.375,190,1,73.38,1,4.17,146.38,0.375
2016,12,3,-24.43,0.375,773.29,1,5.2,0.625,260,1,65.13,1,3.25,251.23,0.625
2016,12,4,-25.87,0.375,767.94,1,7.33,0.375,288.75,1,66.75,1,6.23,270.13,0.375
2016,12,5,-23.4,0.25,764.24,1,NA,0.125,268.75,1,70.86,0.875,NA,NA,0.125
2016,12,6,-20.85,1,762.36,1,5.75,0.5,262.5,1,75.38,1,3.7,278.05,0.5
2016,12,7,-18.73,0.75,765.63,1,7.4,0.625,242.5,1,76.25,1,4.7,233.39,0.625
2016,12,8,-17.9,0.5,766.61,1,4.17,0.75,182.5,1,67.75,1,1.81,225.7,0.75
2016,12,9,-19.82,0.75,766.43,1,3.83,0.75,240,1,72.75,1,2.75,263.42,0.75
2016,12,10,-21.65,0.5,768.2,1,4.75,0.5,257.5,1,67.13,1,1.84,222.84,0.5
2016,12,11,-21.42,0.625,769.7,1,8.5,0.25,260,1,70.75,1,8.37,220.59,0.25
2016,12,12,-21.77,0.375,770.46,1,9,0.375,288.75,1,71.75,1,8.46,285.89,0.375
2016,12,13,-19.97,0.875,772.69,1,7.4,0.625,287.5,1,73.5,1,7.34,295.38,0.625
2016,12,14,-20.65,0.25,778.66,1,5.2,0.625,250,1,66.5,1,4.74,291.41,0.625
2016,12,15,-17.58,0.625,779.69,1,7.67,0.75,292.5,1,63.88,1,7.33,295.2,0.75
2016,12,16,-18.75,0.5,775.38,1,NA,0.125,270,1,67.63,1,NA,NA,0.125
2016,12,17,-17.46,0.875,772.48,1,NA,0,182.5,1,78.13,1,NA,NA,0
2016,12,18,-17.31,1,773.71,1,10.67,0.375,170,0.625,85.25,1,4.48,174.44,0.25
2016,12,19,-17.08,0.625,773,1,6.75,0.5,251.25,1,78.71,0.875,6.7,294.46,0.5
2016,12,20,-18.15,0.75,772,1,4.4,0.625,231.25,1,78.13,1,2.49,225.17,0.625
2016,12,21,-20.5,0.25,771.55,1,3.2,0.625,232.5,1,72.38,1,2.92,298.49,0.625
2016,12,22,-16.94,0.625,769.76,1,5.33,0.375,241.25,1,75.13,1,4.29,237.79,0.375
2016,12,23,-18.67,0.75,771.68,1,7.5,0.75,280,1,73.63,1,6.93,286,0.75
2016,12,24,-19.04,0.875,771.91,1,6.5,0.25,272.5,1,73.13,1,6.4,289.22,0.25
2016,12,25,-17.7,0.625,771.06,1,NA,0.125,261.25,1,69.38,1,NA,NA,0.125
2016,12,26,-19.78,0.75,767.71,1,6,0.5,281.25,1,73.88,1,5.98,275.42,0.5
2016,12,27,-23.63,0.375,767.8,1,NA,0.125,281.25,1,76.63,1,NA,NA,0.125
2016,12,28,-19.55,0.5,767.73,1,NA,0,220,1,73.13,1,NA,NA,0
2016,12,29,-21.33,0.375,763.83,1,5.6,0.625,251.25,1,73.13,1,5.13,267.6,0.625
2016,12,30,-16.68,0.625,767.57,1,2.75,0.5,196.25,1,77.75,1,2.54,216.59,0.5
2016,12,31,-15.9,0.875,769.7,1,2.67,0.375,185,1,73.63,1,2.31,165.7,0.375
2017,1,1,-17.77,0.75,770.8,1,6.17,0.75,236.25,1,68.5,1,4.51,266.64,0.75
2017,1,2,-16.73,0.75,767.33,1,8,0.375,235,1,72.88,1,5.72,222.67,0.375
2017,1,3,-19.21,0.875,759.94,1,11,0.25,250,0.5,70.5,1,NA,NA,0.125
2017,1,4,-17.47,0.375,764.31,1,5.6,0.625,208.75,1,72.25,1,3.64,200.29,0.625
2017,1,5,-15.91,1,775,1,NA,0.125,145,0.75,86.13,1,NA,NA,0.125
2017,1,6,-15.74,0.875,774.05,1,5,0.25,203.75,1,73.5,1,3.21,320,0.25
2017,1,7,-15.78,1,769.22,1,4.67,0.75,153.75,1,80.25,1,4.09,165.11,0.75
2017,1,8,-16.43,1,773.9,1,7.67,0.375,177.5,1,83.38,1,7.06,134.66,0.375
2017,1,9,-16.97,1,772.73,1,4.29,0.875,221.25,1,78.38,1,3.4,231.77,0.875
2017,1,10,-16.98,1,772.99,1,6.67,0.75,160,1,82.13,1,5.66,156.43,0.75
2017,1,11,-18.71,1,774.49,1,6.4,0.625,180,1,82.13,1,5.84,169.01,0.625
2017,1,12,-17.78,0.75,774.74,1,NA,0.125,161.25,1,82.57,0.875,NA,NA,0.125
2017,1,13,-17.56,1,775.91,1,8.5,0.25,170,1,84.13,1,8.21,174.1,0.25
2017,1,14,-16.33,1,778.51,1,NA,0.125,150,1,86.13,1,NA,NA,0.125
2017,1,15,-15.84,0.875,777.76,1,7.2,0.625,232.5,1,85.13,1,2.85,271.12,0.625
2017,1,16,-14.04,0.875,774.34,1,4.5,0.5,212.5,1,79,1,3.74,222.78,0.5
2017,1,17,-15.48,1,777.14,1,5,0.625,163.75,1,82.88,1,4.95,162.81,0.625
2017,1,18,-17.75,0.75,777.55,1,5.83,0.75,232.5,1,72.88,1,3.63,242.15,0.75
2017,1,19,-23.32,0.625,778,1,8.67,0.75,295,1,71.13,1,8.15,299.79,0.75
2017,1,20,-22.87,0.375,778.84,1,NA,0.125,295,1,72.38,1,NA,NA,0.125
2017,1,21,-20.54,0.625,773.04,1,2.75,0.5,258.75,1,77.25,1,0.71,143.08,0.5
2017,1,22,-21.93,0.875,765.56,1,6.75,0.5,290,0.5,74,1,6.59,291.8,0.5
2017,1,23,-21.33,0.75,769.23,1,15.25,0.5,311.25,1,71.63,1,14.69,310.33,0.5
2017,1,24,-17.6,0.625,778.36,1,4.75,0.5,247.5,1,68.13,1,4.62,264.72,0.5
2017,1,25,-20.12,0.625,780.21,1,5,0.75,253.75,1,63.88,1,3.02,265.04,0.75
2017,1,26,-19.7,0.75,775.31,1,6.6,0.625,176.25,1,73.25,1,6.36,176.03,0.625
2017,1,27,-17.19,1,771.79,1,NA,0,143.33,0.75,85,1,NA,NA,0
2017,1,28,-19.82,0.75,774.1,1,10.5,0.25,255.71,0.875,77.25,1,10.34,289.52,0.25
2017,1,29,-22.85,0.5,767.94,1,7.4,0.625,276.25,1,68.13,1,7.02,291.14,0.625
2017,1,30,-19.28,0.625,765.64,1,6.33,0.375,195,1,74.13,1,3.45,224.37,0.375
2017,1,31,-19.8,1,770.11,1,19.33,0.375,145,1,83.25,1,18.59,148.95,0.375
2017,2,1,-21.47,0.75,773.95,1,12,0.375,231.25,1,76.25,1,5.15,247.52,0.375
2017,2,2,-25.27,0.75,769.55,1,9,0.625,300,1,71.88,1,8.93,303.12,0.625
2017,2,3,-28.05,0.5,767.51,1,8.67,0.75,297.5,1,70.63,1,8.48,300.24,0.75
2017,2,4,-25.28,0.75,770.04,1,9.43,0.875,301.25,1,74.63,1,9.34,299.09,0.875
2017,2,5,-21.06,0.875,768.76,1,7.75,0.5,232.5,1,79.5,1,5.08,192.37,0.5
2017,2,6,-23.78,0.75,765.23,1,11.86,0.875,298.75,1,72.13,1,11.74,297.13,0.875
2017,2,7,-24.9,0.875,771.94,1,6.67,0.75,302.5,1,75.25,1,6.38,304.12,0.75
2017,2,8,-18.45,0.75,776.3,1,3.5,0.5,218.75,1,84.25,1,2.27,253.12,0.5
2017,2,9,-23.33,0.75,775.54,1,7.2,0.625,285,1,75.5,1,6.75,291.71,0.625
2017,2,10,-26.4,0.875,775.05,1,13.25,0.5,304,0.625,60.13,1,13.21,302.45,0.5
2017,2,11,-27.15,0.75,773.85,1,9.83,0.75,295,1,59.63,1,9.66,290.45,0.75
2017,2,12,-28.44,0.625,771.13,1,11,0.875,297.5,1,61.88,1,10.84,298.86,0.875
2017,2,13,-28.65,0.5,772.11,1,11.6,0.625,297.14,0.875,63.25,1,10.91,299.54,0.5
2017,2,14,-28.56,0.625,771.65,1,8.5,0.5,304,0.625,61.88,1,8.47,295.29,0.25
2017,2,15,-28.35,0.5,770.3,1,10.33,0.375,310,0.625,62.5,1,10.23,309.35,0.375
2017,2,16,-29.14,0.625,770.44,1,10,0.25,305,1,62.13,1,9.67,298.07,0.25
2017,2,17,-29.76,0.625,772.44,1,10,0.75,320,1,62.5,1,9.57,316.95,0.75
2017,2,18,-27.43,0.375,770.05,1,NA,0.125,313.75,1,60.13,1,NA,NA,0.125
2017,2,19,-29.2,0.625,772.75,1,NA,0,291.25,1,61.38,1,NA,NA,0
2017,2,20,-23.77,0.375,767.9,1,NA,0.125,310,1,66.13,1,NA,NA,0.125
2017,2,21,-30.41,0.875,765.95,1,13,0.5,311.25,1,60.63,1,12.87,314.26,0.5
2017,2,22,-31.44,0.625,772.19,1,17.5,0.25,293.75,1,58.13,1,17.23,290.29,0.25
2017,2,23,-25.72,0.75,777.15,1,5,0.5,260,1,71.63,1,2.94,258.34,0.5
2017,2,24,-28.68,0.75,770.35,1,9,0.375,313.75,1,70.13,1,8.9,320.37,0.375
2017,2,25,-30.56,0.625,763.86,1,7,0.5,301.25,1,68.88,1,6.97,295,0.5
2017,2,26,-32.34,0.875,764,1,15.75,1,302.5,1,64.88,1,15.64,302.23,1
2017,2,27,-36.53,1,762.79,1,16,0.375,308.75,1,62.88,1,15.94,306.04,0.375
2017,2,28,-35.41,0.875,768.59,1,12,0.375,282.5,1,66.25,1,11.97,282.5,0.375
2017,3,1,-29.67,0.5,781.28,1,8,0.375,291.25,1,71.63,1,7.97,294.16,0.375
2017,3,2,-31.8,0.5,781.19,1,13.5,0.25,308.57,0.875,70.88,1,13.5,290,0.25
2017,3,3,-32.03,0.375,773.54,1,NA,0.125,320,0.375,71.25,1,NA,NA,0
2017,3,4,-35.78,0.75,769.4,1,NA,0.125,302.5,1,62.75,1,NA,NA,0.125
2017,3,5,-36.13,0.875,773.96,1,12.5,0.25,243.75,1,66.25,1,12.45,294.4,0.25
2017,3,6,-24.67,0.75,773.69,1,8.33,0.375,106.25,1,71,1,8.07,357.37,0.375
2017,3,7,-26.88,0.625,773.45,1,10,0.375,281.25,1,68.25,1,9.26,301.07,0.375
2017,3,8,-30.49,0.875,773.44,1,8.83,0.75,283.75,1,63.63,1,8.52,283.61,0.75
2017,3,9,-34.49,0.875,765.85,1,12.17,0.75,295,0.5,56.25,1,10.79,295.23,0.5
2017,3,10,-36.5,1,760.33,1,12,0.625,296,0.625,59.5,1,11.47,292.17,0.5
2017,3,11,-29.73,0.5,762.21,1,2,0.25,173.75,1,73.5,1,1.99,52.5,0.25
2017,3,12,-32.8,0.625,763.14,1,11,0.25,305,1,68.25,1,9.08,322.26,0.25
2017,3,13,-40.89,1,761.49,1,17,0.375,286.25,1,60.38,1,16.94,283.13,0.375
2017,3,14,-38.1,0.5,763,1,10.5,0.5,288.75,1,64,1,10.21,291.86,0.5
2017,3,15,-36.99,0.875,761.7,1,9.43,0.875,288.75,1,64.63,1,9.34,291.48,0.875
2017,3,16,-37.32,0.625,763.48,1,9,0.375,295,1,62.38,1,8.86,299.31,0.375
2017,3,17,-46.63,0.75,757.05,1,18,0.25,300,1,53.38,1,17.93,295,0.25
2017,3,18,-46.83,1,755.06,1,12.57,0.875,293.33,0.375,53.38,1,13.62,293.41,0.375
2017,3,19,-41.01,0.875,760.68,1,11.17,0.75,300,0.75,59.88,1,10.45,302.1,0.625
2017,3,20,-42.81,1,762.1,1,17,0.75,302.5,1,57.13,1,16.94,303.43,0.75
2017,3,21,-33.24,0.625,761.05,1,13.14,0.875,295,1,67.88,1,13.04,295.42,0.875
2017,3,22,-40.91,0.875,761.69,1,14.71,0.875,300,0.5,59.88,1,15.25,300,0.5
2017,3,23,-40.29,1,762.84,1,15,1,297.5,0.5,60.88,1,14.83,297.99,0.5
2017,3,24,-39.68,1,762.56,1,14.29,0.875,300,0.75,61.63,1,13.52,300.29,0.625
2017,3,25,-40.26,1,761.21,1,14.33,0.75,296.67,0.375,61.25,1,14.62,296.82,0.375
2017,3,26,-40.39,1,761.03,1,11.6,0.625,308.33,0.75,60.75,1,10.97,312.5,0.5
2017,3,27,-42.88,0.75,761.31,1,18,0.75,304,0.625,57.13,1,20.12,300.66,0.375
2017,3,28,-43.66,1,757.06,1,17.75,0.5,290,0.5,57.13,1,18.93,295.26,0.25
2017,3,29,-40.84,0.875,760.75,1,19,0.5,293.33,0.75,60.38,1,18.93,295,0.25
2017,3,30,-32.53,0.875,761.41,1,NA,0.125,285,1,68.63,1,NA,NA,0.125
2017,3,31,-36.4,0.875,760.5,1,15.5,0.25,298.75,1,64.5,1,15.27,309.02,0.25
2017,4,1,-42.15,0.25,757.23,1,NA,0,283.75,1,66.13,1,NA,NA,0
2017,4,2,-48.83,1,760.61,1,NA,0.125,301.25,1,52,1,NA,NA,0.125
2017,4,3,-43.05,1,764.65,1,NA,0,302.5,1,57.75,1,NA,NA,0
2017,4,4,-39.84,1,753.58,1,10.33,0.75,261.25,1,61,1,9.85,266.12,0.75
2017,4,5,-38.93,1,757.96,1,4.71,0.875,240,1,62.13,1,3.57,255.47,0.875
2017,4,6,-40.3,1,761.56,1,12,0.25,308.75,1,61,1,11.82,311.68,0.25
2017,4,7,-45.34,1,759.84,1,16.5,0.5,311.25,1,55.13,1,16.45,302.57,0.5
2017,4,8,-49.56,0.875,756.55,1,16,0.5,308.75,1,50,1,15.95,307.5,0.5
2017,4,9,-49.99,1,751.49,1,13.67,0.375,297.5,0.5,49.5,1,NA,NA,0
2017,4,10,-47.9,0.875,749.99,1,15.14,0.875,310,0.25,52.5,1,15.26,310.33,0.25
2017,4,11,-43.45,1,750.9,1,NA,0.125,306,0.625,57,1,NA,NA,0
2017,4,12,-44.05,1,761.8,1,NA,0,305,1,56.25,1,NA,NA,0
2017,4,13,-38.51,1,760.18,1,NA,0.125,296,0.625,62.5,1,NA,NA,0
2017,4,14,-43.84,1,762.8,1,18,0.375,308.75,1,56.63,1,17.94,313.52,0.375
2017,4,15,-41.5,0.75,759.98,1,15,0.25,288.75,1,58.25,1,15,290,0.25
2017,4,16,-46.4,0.875,763.65,1,16.67,0.375,306.67,0.75,53.5,1,16.44,305.15,0.25
2017,4,17,-49.27,0.875,767.25,1,16.83,0.75,290,0.375,50.63,1,14.44,285.17,0.25
2017,4,18,-50.06,1,764.39,1,19.33,0.375,315,1,49.38,1,19.27,313.1,0.375
2017,4,19,-48.58,0.75,762.15,1,17.75,0.5,312,0.625,51.38,1,18.43,315.14,0.25
2017,4,20,-51.01,1,756.93,1,15,0.5,312.5,1,48.5,1,14.85,313.02,0.5
2017,4,21,-47.78,0.75,761.16,1,12.4,0.625,302.5,0.5,51.38,1,11.46,304.35,0.25
2017,4,22,-51.97,0.875,756.15,1,18.5,0.25,307.5,0.5,46.5,1,NA,NA,0.125
2017,4,23,-49.96,1,754.23,1,13.67,0.75,306.67,0.375,48.86,0.875,13.95,306.07,0.25
2017,4,24,-48.68,1,758.46,1,11.43,0.875,293.33,0.375,50.38,1,11.46,295.22,0.25
2017,4,25,-41.06,0.625,760.43,1,11.2,0.625,310,0.375,60,1,NA,NA,0
2017,4,26,-44.66,0.625,760.03,1,11.5,0.5,300,1,57.5,1,11.33,300,0.5
2017,4,27,-42,0.75,764.69,1,9.71,0.875,300,0.375,59.13,1,9.46,305.26,0.25
2017,4,28,-39.8,1,769.95,1,9,0.5,300,0.25,61.25,1,NA,NA,0.125
2017,4,29,-40.95,1,771.22,1,11,1,302,0.625,60,1,10.7,302.23,0.625
2017,4,30,-39.28,1,768,1,11.25,1,303.33,0.375,61.75,1,12.37,303.65,0.375
2017,5,1,-47.93,1,766.04,1,14.5,0.5,306.25,1,52.13,1,14.35,302.25,0.5
2017,5,2,-48.77,0.75,754.38,1,8.5,0.75,306.67,0.75,52.75,1,8.04,315.42,0.5
2017,5,3,-43.12,1,751.92,1,11.17,0.75,300,0.625,57.25,1,8.97,302.77,0.5
2017,5,4,-46.58,0.75,756.25,1,16.4,0.625,313.33,0.375,53.25,1,16.44,314.85,0.25
2017,5,5,-45.13,1,761.63,1,15.67,0.375,318.75,1,55,1,15.45,307.21,0.375
2017,5,6,-39.19,1,753.31,1,8.75,0.5,296.25,1,60.5,1,8.62,289.71,0.5
2017,5,7,-46.3,1,754.65,1,13,0.75,295,0.25,53.5,1,10.46,294.76,0.25
2017,5,8,-52.73,0.875,758.55,1,NA,0.125,305,0.5,46.38,1,NA,NA,0
2017,5,9,-52.95,0.75,751.79,1,NA,0,295,0.75,46.25,1,NA,NA,0
2017,5,10,-52.9,0.875,750.39,1,11.67,0.75,298,0.625,46.25,1,14.2,298.37,0.375
2017,5,11,-44.11,1,750.76,1,10.14,0.875,NA,0,55.75,1,NA,NA,0
2017,5,12,-50.51,0.875,749.76,1,19,0.25,295.71,0.875,48.88,1,18.93,304.47,0.25
2017,5,13,-52.81,0.875,752.25,1,16.4,0.625,300,0.625,46.38,1,16.5,300,0.25
2017,5,14,-48.7,1,748.46,1,15.33,0.375,300,0.625,50.38,1,NA,NA,0.125
2017,5,15,-43.15,0.75,753.64,1,11,0.75,304,0.625,57.88,1,10.92,310,0.5
2017,5,16,-36.47,0.75,751.09,1,9.86,0.875,300,1,65.5,1,9.79,301.45,0.875
2017,5,17,-30.66,1,758.14,1,5.67,0.375,217.5,1,71.25,1,5.11,260.49,0.375
2017,5,18,-34.37,0.75,772.45,1,4,0.375,268.75,1,67.13,1,1.8,341.48,0.375
2017,5,19,-38.58,0.625,773.01,1,NA,0.125,321.25,1,64.75,1,NA,NA,0.125
2017,5,20,-42.24,0.875,756.2,1,14.5,0.5,306.67,0.75,59.75,1,13.45,305.19,0.25
2017,5,21,-44.69,1,753.99,1,12.57,0.875,307.14,0.875,56.25,1,12.37,304.44,0.75
2017,5,22,-47.91,1,754.58,1,10.29,0.875,320,1,52.13,1,10.2,320.14,0.875
2017,5,23,-44.2,1,756.08,1,11.29,0.875,310,0.375,56.13,1,11.82,311.68,0.25
2017,5,24,-37.08,0.625,765.29,1,12,0.75,298.75,1,63.5,1,11.76,298.17,0.75
2017,5,25,-47.43,0.75,772.03,1,17.4,0.625,300,0.625,52.38,1,17.45,297.72,0.5
2017,5,26,-50.7,1,768.14,1,18,0.375,305,0.5,49,1,17.94,303.7,0.375
2017,5,27,-50.14,0.625,755.99,1,14,0.25,306,0.625,48.75,1,NA,NA,0.125
2017,5,28,-51.23,1,754.79,1,8.4,0.625,304.29,0.875,48.13,1,8.37,304.52,0.625
2017,5,29,-45.43,0.75,759.43,1,NA,0.125,310,0.75,54.5,1,NA,NA,0.125
2017,5,30,-41.76,1,757.07,1,12,0.375,300,0.625,58.88,1,NA,NA,0.125
2017,5,31,-43.53,0.875,757.23,1,NA,0.125,313.75,1,57.13,1,NA,NA,0.125
2017,6,1,-45.9,0.375,758.83,1,13.5,0.25,308.75,1,56.63,1,13.45,315.93,0.25
2017,6,2,-38.11,0.875,762.33,1,13.4,0.625,303.75,1,62.38,1,13.28,305.65,0.625
2017,6,3,-45.84,1,760.11,1,NA,0,300,0.25,54.88,1,NA,NA,0
2017,6,4,-43.28,0.625,755.03,1,10,0.375,302.5,0.5,58.5,1,NA,NA,0.125
2017,6,5,-38.73,1,757.2,1,10,0.875,298.57,0.875,62.5,1,9.78,298.98,0.75
2017,6,6,-38.96,1,758.94,1,10,1,300,0.625,62.38,1,8.75,299.54,0.625
2017,6,7,-47.31,1,760.41,1,15,0.375,288.57,0.875,53.25,1,14.95,293.33,0.375
2017,6,8,-49.6,1,761.2,1,14.25,0.5,306.25,1,50.13,1,14.13,309.3,0.5
2017,6,9,-51.04,0.875,760.41,1,16,0.875,304,0.625,48.5,1,16.94,304.85,0.5
2017,6,10,-53.42,0.625,761.06,0.875,14.17,0.75,310,0.25,45.14,0.875,NA,NA,0.125
2017,6,11,-52.62,1,763.6,1,13.12,1,303.33,0.75,46,1,13.12,303.16,0.75
2017,6,12,-52.77,0.75,763.88,1,13.2,0.625,303.75,1,46.25,1,13.15,304.09,0.625
2017,6,13,-49.82,1,757.75,1,13.8,0.625,304,0.625,48.75,1,12.62,306.58,0.375
2017,6,14,-54.06,1,751.69,1,11.33,0.375,305.71,0.875,44.5,1,11.5,300,0.25
2017,6,15,-50.96,1,747.8,1,12.43,0.875,308.33,0.75,47,1,11.92,308.89,0.75
2017,6,16,-47.26,0.625,751.84,1,14.25,0.5,307.5,1,51.88,1,14.21,312.8,0.5
2017,6,17,-51.43,0.875,753.5,1,17.5,0.25,311.25,1,47.25,1,17.5,310,0.25
2017,6,18,-53.81,0.875,752.1,1,15.14,0.875,NA,0,44.5,1,NA,NA,0
2017,6,19,-50.95,0.75,755.95,1,14.83,0.75,303.75,1,48,1,14.71,303.38,0.75
2017,6,20,-47.07,0.75,759.68,1,10.8,0.625,298.75,1,50.88,1,10.62,297.06,0.625
2017,6,21,-45.13,0.5,762.74,1,7.33,0.375,286.25,1,59.13,1,5.88,297.46,0.375
2017,6,22,-28.82,0.625,758.28,1,18.5,0.25,242.5,1,71.25,1,18.5,0,0.25
2017,6,23,-44.74,1,755.66,1,13.4,0.625,283.75,1,56.5,1,13.19,284.32,0.625
2017,6,24,-42.62,0.75,755.3,1,5,0.375,267.5,1,59,1,4.84,283.14,0.375
2017,6,25,-43.08,1,760.56,1,11.33,0.375,303.75,1,57.75,1,11.29,303.82,0.375
2017,6,26,-45.2,1,759.96,1,13.5,0.75,302.5,1,54.75,1,13.43,300,0.75
2017,6,27,-45.73,1,754.08,1,13.5,0.75,290,0.5,53.75,1,13.2,289.75,0.375
2017,6,28,-48.27,0.875,757.35,1,14.5,0.25,227.5,0.5,51.88,1,NA,NA,0
2017,6,29,-49.36,1,763.78,1,NA,0,295,1,50.5,1,NA,NA,0
2017,6,30,-50.21,0.875,763.55,1,13,0.375,293.75,1,49.75,1,12.67,296.68,0.375
2017,7,1,-47.88,1,768.5,1,NA,0.125,306.25,1,51.75,1,NA,NA,0.125
2017,7,2,-42.68,1,763.2,1,NA,0.125,300,1,57.63,1,NA,NA,0.125
2017,7,3,-41.21,0.875,750.96,1,5.67,0.375,286.25,1,58.63,1,5.65,277.06,0.375
2017,7,4,-54.25,0.75,754.93,1,NA,0.125,301.25,1,45.63,1,NA,NA,0.125
2017,7,5,-54.61,0.875,758.74,1,NA,0,313.75,1,44.5,1,NA,NA,0
2017,7,6,-54.39,0.875,754.41,1,NA,0,305,0.5,44.5,1,NA,NA,0
2017,7,7,-51.43,0.75,755.63,1,NA,0.125,311.67,0.75,48.38,1,NA,NA,0.125
2017,7,8,-49.3,0.75,751.95,1,17,1,NA,0.125,49.88,1,NA,NA,0.125
2017,7,9,-53.38,1,750.9,1,17,0.5,288.75,1,45.25,1,16.82,287.93,0.5
2017,7,10,-43.62,0.5,754.3,1,NA,0.125,245,1,56.75,1,NA,NA,0.125
2017,7,11,-44.44,0.875,758.51,1,NA,0.125,212,0.625,55.25,1,NA,NA,0.125
2017,7,12,-46.48,0.5,759.55,1,NA,0,326.25,1,58.63,1,NA,NA,0
2017,7,13,-40.22,0.75,751.96,1,15.5,0.25,312.5,1,61.5,1,15.5,310,0.25
2017,7,14,-45.22,1,755.91,1,NA,0,NA,0.125,55.88,1,NA,NA,0
2017,7,15,-49.31,1,758,1,NA,0,NA,0,51,1,NA,NA,0
2017,7,16,-51.95,1,760.74,1,NA,0,NA,0,47.5,1,NA,NA,0
2017,7,17,-52.74,1,759.84,1,NA,0,NA,0,46.5,1,NA,NA,0
2017,7,18,-49.96,0.875,756.69,1,NA,0,NA,0,49.5,1,NA,NA,0
2017,7,19,-51.69,1,748.48,1,NA,0,NA,0,47.5,1,NA,NA,0
2017,7,20,-53.9,1,753.94,1,NA,0,NA,0,44.75,1,NA,NA,0
2017,7,21,-48.47,1,757,1,NA,0,NA,0,50.75,1,NA,NA,0
2017,7,22,-49.24,1,759.45,1,NA,0,NA,0,50,1,NA,NA,0
2017,7,23,-40.28,0.625,762.59,1,NA,0,NA,0,59.75,1,NA,NA,0
2017,7,24,-40.7,0.875,767.07,1,NA,0,NA,0,59.88,1,NA,NA,0
2017,7,25,-44.94,1,758.58,1,NA,0,NA,0,55.63,1,NA,NA,0
2017,7,26,-50.58,1,757.27,1,NA,0,NA,0,49,1,NA,NA,0
2017,7,27,-50.43,1,755.75,1,NA,0,NA,0,49,1,NA,NA,0
2017,7,28,-49.6,1,758.26,1,NA,0,NA,0,49.75,1,NA,NA,0
2017,7,29,-48.93,0.875,754.86,1,NA,0,NA,0,51,1,NA,NA,0
2017,7,30,-51.5,1,752.39,1,NA,0,NA,0,47.63,1,NA,NA,0
2017,7,31,-53.28,1,757.59,1,NA,0,NA,0,45.63,1,NA,NA,0
2017,8,1,-48.32,0.75,756.44,1,NA,0,NA,0,51.88,1,NA,NA,0
2017,8,2,-48.15,1,757.01,1,NA,0,NA,0,51.13,1,NA,NA,0
2017,8,3,-50.53,1,753.53,1,NA,0,NA,0,48.38,1,NA,NA,0
2017,8,4,-53.28,1,759.35,1,NA,0,NA,0,45.63,1,NA,NA,0
2017,8,5,-47.57,0.75,763.01,1,NA,0,NA,0,51.88,1,NA,NA,0
2017,8,6,-49.96,1,759.99,1,NA,0,NA,0,49.13,1,NA,NA,0
2017,8,7,-50.77,0.75,766.75,1,NA,0,NA,0,49.5,1,NA,NA,0
2017,8,8,-45.22,0.625,767.24,1,NA,0,NA,0,57.75,1,NA,NA,0
2017,8,9,-49.35,0.25,746.56,1,NA,0,NA,0,58.88,1,NA,NA,0
2017,8,10,-52.19,1,754.24,1,NA,0,NA,0,47.75,1,NA,NA,0
2017,8,11,-50.49,1,750.95,1,NA,0,NA,0,49.5,1,NA,NA,0
2017,8,12,-56.44,1,749.35,1,NA,0,NA,0,42.63,1,NA,NA,0
2017,8,13,-50.53,0.875,748.53,1,NA,0,NA,0,49.13,1,NA,NA,0
2017,8,14,-46.25,1,748.89,1,NA,0,NA,0,53.63,1,NA,NA,0
2017,8,15,-46.66,1,754.32,1,NA,0,NA,0,53.5,1,NA,NA,0
2017,8,16,-41.55,0.75,757.11,1,NA,0,NA,0,60,1,NA,NA,0
2017,8,17,-34.85,0.5,758.31,1,NA,0,NA,0,64.75,1,NA,NA,0
2017,8,18,NA,0,755.43,0.875,NA,0,NA,0,NA,0,NA,NA,0
2017,8,19,NA,0,758.81,1,NA,0,NA,0,NA,0,NA,NA,0
2017,8,20,NA,0,754.34,1,NA,0,NA,0,NA,0,NA,NA,0
2017,8,21,NA,0,746.56,1,NA,0,NA,0,NA,0,NA,NA,0
2017,8,22,NA,0,737.61,1,NA,0,NA,0,NA,0,NA,NA,0
2017,8,23,NA,0,747.29,1,NA,0,NA,0,NA,0,NA,NA,0
2017,8,24,NA,0,759.23,1,NA,0,NA,0,NA,0,NA,NA,0
2017,8,25,NA,0,750,1,NA,0,NA,0,NA,0,NA,NA,0
2017,8,26,NA,0,748.09,1,NA,0,NA,0,NA,0,NA,NA,0
2017,8,27,NA,0,746.25,1,NA,0,NA,0,NA,0,NA,NA,0
2017,8,28,NA,0,742.51,1,NA,0,NA,0,NA,0,NA,NA,0
2017,8,29,NA,0,744.74,1,NA,0,NA,0,NA,0,NA,NA,0
2017,8,30,NA,0,751.45,1,NA,0,NA,0,NA,0,NA,NA,0
2017,8,31,NA,0,753.45,1,NA,0,NA,0,NA,0,NA,NA,0
2017,9,1,NA,0,744.88,1,NA,0,NA,0,NA,0,NA,NA,0
2017,9,2,NA,0,751.87,0.875,NA,0,NA,0,NA,0,NA,NA,0
2017,9,3,NA,0,NA,0.125,NA,0,NA,0,NA,0,NA,NA,0
2017,9,4,NA,0,NA,0.125,NA,0,NA,0,NA,0,NA,NA,0
2017,9,5,NA,0,NA,0,NA,0,NA,0,NA,0,NA,NA,0
2017,9,6,NA,0,763.47,0.375,NA,0,NA,0,NA,0,NA,NA,0
2017,9,7,NA,0,773.9,0.5,NA,0,NA,0,NA,0,NA,NA,0
2017,9,8,NA,0,771.78,0.75,NA,0,NA,0,NA,0,NA,NA,0
2017,9,9,NA,0,763.43,0.375,NA,0,NA,0,NA,0,NA,NA,0
2017,9,10,NA,0,756.73,0.875,NA,0,NA,0,NA,0,NA,NA,0
2017,9,11,NA,0,747.05,1,NA,0,NA,0,NA,0,NA,NA,0
2017,9,12,NA,0,755.26,1,NA,0,NA,0,NA,0,NA,NA,0
2017,9,13,NA,0,764.83,1,NA,0,NA,0,NA,0,NA,NA,0
2017,9,14,NA,0,764.82,1,NA,0,NA,0,NA,0,NA,NA,0
2017,9,15,NA,0,763.19,1,NA,0,NA,0,NA,0,NA,NA,0
2017,9,16,NA,0,754.5,1,NA,0,NA,0,NA,0,NA,NA,0
2017,9,17,NA,0,760.28,1,NA,0,NA,0,NA,0,NA,NA,0
2017,9,18,NA,0,766.41,1,NA,0,NA,0,NA,0,NA,NA,0
2017,9,19,NA,0,762.01,1,NA,0,NA,0,NA,0,NA,NA,0
2017,9,20,NA,0,755.59,1,NA,0,NA,0,NA,0,NA,NA,0
2017,9,21,NA,0,750.36,1,NA,0,NA,0,NA,0,NA,NA,0
2017,9,22,NA,0,748.68,1,NA,0,NA,0,NA,0,NA,NA,0
2017,9,23,NA,0,740.3,1,NA,0,NA,0,NA,0,NA,NA,0
2017,9,24,NA,0,736.45,1,NA,0,NA,0,NA,0,NA,NA,0
2017,9,25,NA,0,739.1,1,NA,0,NA,0,NA,0,NA,NA,0
2017,9,26,NA,0,745.43,1,NA,0,NA,0,NA,0,NA,NA,0
2017,9,27,NA,0,747.28,1,NA,0,NA,0,NA,0,NA,NA,0
2017,9,28,NA,0,746.99,1,NA,0,NA,0,NA,0,NA,NA,0
2017,9,29,NA,0,750.93,1,NA,0,NA,0,NA,0,NA,NA,0
2017,9,30,NA,0,750.06,1,NA,0,NA,0,NA,0,NA,NA,0
2017,10,1,NA,0,744.72,1,NA,0,NA,0,NA,0,NA,NA,0
2017,10,2,NA,0,745.55,1,NA,0,NA,0,NA,0,NA,NA,0
2017,10,3,NA,0,746.39,1,NA,0,NA,0,NA,0,NA,NA,0
2017,10,4,NA,0,754.75,1,NA,0,NA,0,NA,0,NA,NA,0
2017,10,5,NA,0,764.36,1,NA,0,NA,0,NA,0,NA,NA,0
2017,10,6,NA,0,763.8,1,NA,0,NA,0,NA,0,NA,NA,0
2017,10,7,NA,0,761.99,1,NA,0,NA,0,NA,0,NA,NA,0
2017,10,8,NA,0,764.65,1,NA,0,NA,0,NA,0,NA,NA,0
2017,10,9,NA,0,753.09,1,NA,0,NA,0,NA,0,NA,NA,0
2017,10,10,NA,0,753.81,1,NA,0,NA,0,NA,0,NA,NA,0
2017,10,11,NA,0,759.84,1,NA,0,NA,0,NA,0,NA,NA,0
2017,10,12,NA,0,765.24,1,NA,0,NA,0,NA,0,NA,NA,0
2017,10,13,NA,0,762.13,1,NA,0,NA,0,NA,0,NA,NA,0
2017,10,14,NA,0,760.39,1,NA,0,NA,0,NA,0,NA,NA,0
2017,10,15,NA,0,762.29,1,NA,0,NA,0,NA,0,NA,NA,0
2017,10,16,NA,0,761.85,1,NA,0,NA,0,NA,0,NA,NA,0
2017,10,17,NA,0,758.41,1,NA,0,NA,0,NA,0,NA,NA,0
2017,10,18,NA,0,750.65,1,NA,0,NA,0,NA,0,NA,NA,0
2017,10,19,NA,0,752.28,1,NA,0,NA,0,NA,0,NA,NA,0
2017,10,20,NA,0,762.54,1,NA,0,NA,0,NA,0,NA,NA,0
2017,10,21,NA,0,766.24,1,NA,0,NA,0,NA,0,NA,NA,0
2017,10,22,NA,0,762.94,1,NA,0,NA,0,NA,0,NA,NA,0
2017,10,23,NA,0,764.28,1,NA,0,NA,0,NA,0,NA,NA,0
2017,10,24,NA,0,758.51,1,NA,0,NA,0,NA,0,NA,NA,0
2017,10,25,NA,0,751.8,1,NA,0,NA,0,NA,0,NA,NA,0
2017,10,26,NA,0,752.86,1,NA,0,NA,0,NA,0,NA,NA,0
2017,10,27,NA,0,755.63,1,NA,0,NA,0,NA,0,NA,NA,0
2017,10,28,NA,0,757.43,1,NA,0,NA,0,NA,0,NA,NA,0
2017,10,29,NA,0,759.51,1,NA,0,NA,0,NA,0,NA,NA,0
2017,10,30,NA,0,771.61,1,NA,0,NA,0,NA,0,NA,NA,0
2017,10,31,NA,0,774.63,1,NA,0,NA,0,NA,0,NA,NA,0
2017,11,1,NA,0,769.44,1,NA,0,NA,0,NA,0,NA,NA,0
2017,11,2,NA,0,764.04,1,NA,0,NA,0,NA,0,NA,NA,0
2017,11,3,NA,0,765.33,1,NA,0,NA,0,NA,0,NA,NA,0
2017,11,4,NA,0,762.93,1,NA,0,NA,0,NA,0,NA,NA,0
2017,11,5,NA,0,754.44,1,NA,0,NA,0,NA,0,NA,NA,0
2017,11,6,NA,0,757.11,1,NA,0,NA,0,NA,0,NA,NA,0
2017,11,7,NA,0,758.85,1,NA,0,NA,0,NA,0,NA,NA,0
2017,11,8,NA,0,NA,0.125,NA,0,NA,0,NA,0,NA,NA,0
2017,11,9,NA,0,NA,0,NA,0,NA,0,NA,0,NA,NA,0
2017,11,10,NA,0,NA,0,NA,0,NA,0,NA,0,NA,NA,0
2017,11,11,NA,0,NA,0,NA,0,NA,0,NA,0,NA,NA,0
2017,11,12,-30.82,0.625,747.87,0.875,8.8,0.625,298,0.625,66.43,0.875,7.58,299.5,0.5
2017,11,13,-31.08,0.5,747.2,1,12.4,0.625,304.29,0.875,65.63,1,11.91,310.63,0.5
2017,11,14,-31.07,0.375,750.14,1,10.67,0.75,321.25,1,64.5,1,10.09,308.54,0.75
2017,11,15,-30.67,0.375,753.62,1,9.67,0.375,305,1,67.88,1,9.16,302.77,0.375
2017,11,16,-26.64,0.625,754.26,1,8.6,0.625,295,1,73.13,1,8.04,303.25,0.625
2017,11,17,-26.94,1,755.73,1,5.33,0.75,277.5,1,73.38,1,4.96,275.38,0.75
2017,11,18,-28.98,0.625,757.11,1,11,0.5,286,0.625,69.5,1,10.23,299.85,0.5
2017,11,19,-29.9,0.375,757.5,1,12.67,0.375,301.25,1,66.88,1,12.36,296.62,0.375
2017,11,20,-27.77,0.375,758.25,1,9,0.5,296,0.625,72.38,1,8.97,304.44,0.25
2017,11,21,-25.03,0.5,757.23,1,10.5,0.25,306,0.625,65.38,1,10.34,310.48,0.25
2017,11,22,-29.9,0.75,750.94,1,NA,0.125,302.5,1,63.88,1,NA,NA,0.125
2017,11,23,-30.56,0.625,751.33,1,10.2,0.625,298.75,1,68.13,1,10,297.42,0.625
2017,11,24,-24.7,0.25,760.36,1,8,0.5,293.75,1,72.63,1,7.24,315.18,0.5
2017,11,25,-25.13,0.375,767.26,1,9.25,0.5,297.5,1,64.38,1,9.03,309.81,0.5
2017,11,26,-25.8,0.5,759.91,1,8,0.25,198.75,1,58,1,7.26,248.34,0.25
2017,11,27,-25.63,0.5,759.05,1,10.25,0.5,292.5,1,65.38,1,10.08,303.65,0.5
2017,11,28,-26.2,0.625,758.26,1,12.25,0.5,295,1,68.5,1,12.01,295.72,0.5
2017,11,29,-24.1,0.375,759.98,1,7.8,0.625,305,1,69.13,1,7.77,304.36,0.625
2017,11,30,-20.45,0.5,761.11,1,5.67,0.375,173.75,1,69.25,1,1,280,0.375
2017,12,1,-20.24,0.875,761.64,1,16,0.25,173.75,1,80.5,1,15.94,115,0.25
2017,12,2,-24.63,1,766.03,1,NA,0.125,272.5,1,72,1,NA,NA,0.125
2017,12,3,-21.43,0.375,762.86,1,6,0.25,248.75,1,65.25,1,5.45,259.44,0.25
2017,12,4,-21.57,0.75,758.95,1,4.4,0.625,275,1,70.13,1,4.37,284.1,0.625
2017,12,5,-21.78,0.625,760.21,1,5.25,0.5,245,1,73.75,1,3.24,222.9,0.5
2017,12,6,-24.68,0.75,758.65,1,10.67,0.375,298.75,1,67.13,1,10.42,315.02,0.375
2017,12,7,-24.25,0.25,758.45,1,2.5,0.25,245,1,71.63,1,1.54,303.62,0.25
2017,12,8,-23.12,0.625,758.51,1,4.5,0.5,211.25,1,75.57,0.875,1.23,316.74,0.5
2017,12,9,-22.75,0.75,758.13,1,3,0.625,231.25,1,75.5,1,1.11,304.42,0.625
2017,12,10,-20.86,0.875,760.64,1,4.33,0.75,271.25,1,74.13,1,3.94,287.78,0.75
2017,12,11,-19.56,1,763.2,1,6.5,0.25,176.25,1,76.25,1,6.11,191.6,0.25
2017,12,12,-18.37,0.875,767.81,1,7,0.25,191.25,1,76.38,1,6.89,190,0.25
2017,12,13,-19.55,0.75,770.75,1,6.83,0.75,250,1,76.13,1,5.82,243.89,0.75
2017,12,14,-22.58,0.5,772.18,1,4.33,0.375,272.5,1,75.38,1,2.64,258.74,0.375
2017,12,15,-20,0.375,772.85,1,4.67,0.375,262.5,1,78.5,1,2.94,229.13,0.375
2017,12,16,-16.93,0.75,772.95,1,3.33,0.375,201.25,1,73.38,1,2.76,208.29,0.375
2017,12,17,-20.23,0.875,764.54,1,6.14,0.875,281.25,1,71.63,1,5.74,277.89,0.875
2017,12,18,-18.7,0.375,761.64,1,2.17,0.75,191.25,1,71.13,1,1.47,192.71,0.75
2017,12,19,-18.54,0.875,765.39,1,7,0.625,237.5,1,76.88,1,3.29,284.32,0.625
2017,12,20,-16.37,0.75,768.94,1,9,0.25,297.5,1,70.75,1,6.89,300,0.25
2017,12,21,-18.97,0.75,767.54,1,6.83,0.75,241.25,1,70.88,1,2.94,275.65,0.75
2017,12,22,-20.68,0.625,764,1,9,0.25,172.5,1,77.29,0.875,8.97,163.89,0.25
2017,12,23,-20.06,0.875,767.9,1,8.33,0.375,216.25,1,79.38,1,2.13,233.52,0.375
2017,12,24,-22.13,0.75,768.45,1,9,0.375,266.25,1,70.5,1,6.7,265.59,0.375
2017,12,25,-21.03,0.5,767.14,1,11.25,0.5,307.5,1,68.63,1,10.66,307.79,0.5
2017,12,26,-18.93,0.375,765.49,1,12,0.25,312.5,1,70.88,1,11.95,325.42,0.25
2017,12,27,-18.92,0.625,766.33,1,10,0.625,297.5,1,70.5,1,9.65,293.79,0.625
2017,12,28,-20.58,0.75,769.24,1,8.5,0.25,292.5,1,68.63,1,8.37,311.78,0.25
2017,12,29,-20.04,0.625,765.5,1,10,0.375,282.5,1,71.63,1,9.32,281.23,0.375
2017,12,30,-18.18,0.5,769.32,1,5.5,0.5,250,1,66.25,1,4.63,282.48,0.5
2017,12,31,-18.8,0.5,772.54,1,5,0.625,255,1,69.38,1,2.64,311.37,0.625
2018,1,1,-19.15,0.5,767.53,1,5,0.5,261.25,1,72.25,1,4.02,311.9,0.5
2018,1,2,-18.84,0.625,768.66,1,7.33,0.75,293.75,1,71.75,1,7.15,290.3,0.75
2018,1,3,-14.55,0.25,771.55,1,6.5,0.25,241.25,1,69.38,1,4.6,254.63,0.25
2018,1,4,-17.68,0.75,766.07,1,NA,0.125,180,1,82.88,1,NA,NA,0.125
2018,1,5,-16.93,0.875,766.75,1,3,0.5,197.5,1,78.38,1,2.24,209.27,0.5
2018,1,6,-16.16,0.875,769.96,1,4.25,0.5,198.75,1,75.38,1,2.51,239.15,0.5
2018,1,7,-17.36,0.625,770.78,1,7.67,0.75,305,1,76.38,1,7.46,314.68,0.75
2018,1,8,-16.07,0.875,770,1,6.25,0.5,146.25,1,85.25,1,6.1,152.93,0.5
2018,1,9,-14.49,1,776.23,1,NA,0.125,145,1,87.25,1,NA,NA,0.125
2018,1,10,-15.48,0.625,774.34,1,7.67,0.375,246.25,1,70.25,1,6.01,287.97,0.375
2018,1,11,-20.25,0.75,767.54,1,8.14,0.875,297.5,1,69.5,1,7.43,300.86,0.875
2018,1,12,-21.4,0.625,769.15,1,8.25,0.5,296.25,1,75,1,7.81,302.02,0.5
2018,1,13,-15.52,0.75,771.4,1,NA,0,231.43,0.875,78.5,1,NA,NA,0
2018,1,14,-16.81,1,766,1,10.5,0.25,240,0.375,85,1,NA,NA,0.125
2018,1,15,-18.95,0.5,763.3,1,6.4,0.625,305,1,76,1,6.21,299.15,0.625
2018,1,16,-18.23,0.375,756.4,1,10.2,0.625,307.5,1,71.5,1,10.01,309.45,0.625
2018,1,17,-16.73,0.5,756.76,1,3.25,0.5,247.5,1,71.75,1,2.08,228.93,0.5
2018,1,18,-18.75,0.5,758.29,1,3.6,0.625,280,1,76.38,1,3.44,282.07,0.625
2018,1,19,-22.2,0.5,759.36,1,5.5,0.5,272.5,1,73.13,1,4.01,283,0.5
2018,1,20,-24.23,0.5,757.75,1,8.83,0.75,307.5,1,70.75,1,8.53,312.03,0.75
2018,1,21,-20.08,0.5,758.38,1,8,0.375,293.75,1,76.38,1,7.74,287.56,0.375
2018,1,22,-21.8,0.25,761.58,1,7.8,0.625,306.25,1,77.25,1,7.39,300.56,0.625
2018,1,23,-19.98,0.625,764.25,1,9.5,0.25,248.75,1,81.86,0.875,9.01,277.64,0.25
2018,1,24,-20.32,0.75,762.36,1,6,0.375,263.75,1,79.25,1,5.98,307.23,0.375
2018,1,25,-18.63,0.375,765.64,1,5,0.5,242.5,1,77.5,1,2.44,295.02,0.5
2018,1,26,-19.53,0.5,769.78,1,5.5,0.5,276.25,1,77,1,4.95,291.75,0.5
2018,1,27,-24.13,0.75,768.21,1,10,0.375,300,1,69.88,1,9.29,297.08,0.375
2018,1,28,-27.4,0.625,768.79,1,11.33,0.375,295,1,68.88,1,11.29,305.88,0.375
2018,1,29,-22.3,0.75,764.96,1,3.5,0.25,226.25,1,79.88,1,2.35,196.47,0.25
2018,1,30,-24.42,0.625,762.75,1,6.5,0.25,286.25,1,70.14,0.875,6.45,286.96,0.25
2018,1,31,-22.75,0.25,765.6,1,3,0.375,225,1,72,1,0.73,250.26,0.375
2018,2,1,-25.36,0.625,769.15,1,NA,0.125,303.75,1,68.63,1,NA,NA,0.125
2018,2,2,-30.28,0.625,766.95,1,10.67,0.375,301.25,1,66.25,1,10.63,313.12,0.375
2018,2,3,-28.45,0.25,767.24,1,9,0.375,303.75,1,68.25,1,8.93,298.51,0.375
2018,2,4,-29.7,0.25,764.81,1,13,0.25,283.75,1,71.13,1,12.95,295,0.25
2018,2,5,-27.13,0.375,762.84,1,NA,0.125,196.25,1,75.75,1,NA,NA,0.125
2018,2,6,-25.52,0.625,764.51,1,NA,0.125,288,0.625,74.5,1,NA,NA,0.125
2018,2,7,-31.6,0.5,759.44,1,12.83,0.75,305,1,65.63,1,12.4,303.29,0.75
2018,2,8,-28.52,0.75,755.51,1,8.67,0.375,275,1,74.38,1,8.64,307.7,0.375
2018,2,9,-28.1,0.875,753.63,1,NA,0,303.75,1,73.88,1,NA,NA,0
2018,2,10,-26.93,0.75,756.43,1,13,0.75,301.67,0.75,69.5,1,13.2,304.72,0.5
2018,2,11,-24.88,0.5,765.93,1,8.25,0.5,280,0.875,71.13,1,7.97,271.88,0.5
2018,2,12,-27.2,0.5,774.03,1,11.67,0.375,318.33,0.75,62.13,1,11.44,318.05,0.375
2018,2,13,-25.83,0.375,767.74,1,NA,0.125,316.25,1,60.63,1,NA,NA,0.125
2018,2,14,-19.38,0.5,770.7,1,NA,0,328.75,1,73.63,1,NA,NA,0
2018,2,15,-13.88,0.5,767.46,1,16,0.25,298.75,1,76.88,1,15.07,296.1,0.25
2018,2,16,-26.19,0.875,765.08,1,15.5,0.25,301.25,1,66.38,1,15.5,290,0.25
2018,2,17,-30.1,0.625,765.59,1,11.5,0.5,290,0.75,64.13,1,12.29,296.22,0.375
2018,2,18,-26.04,0.625,769.88,1,11.4,0.625,302.5,1,60.63,1,11.26,298.59,0.625
2018,2,19,-32.4,0.75,769.94,1,8.5,0.25,298.75,1,63.25,1,8.37,318.22,0.25
2018,2,20,-29.18,0.625,763.1,1,6,0.25,245,1,72.5,1,4.23,290.53,0.25
2018,2,21,-36.03,0.375,762.48,1,11.4,0.625,296.25,1,66.63,1,11.13,295.54,0.625
2018,2,22,-35.4,0.75,760.88,1,10.5,0.75,296,0.625,66.63,1,11.67,298.21,0.375
2018,2,23,-25.03,0.75,764.55,1,4.33,0.75,228.75,1,78.14,0.875,2.48,214.03,0.75
2018,2,24,-27.38,0.75,763.78,1,6.43,0.875,298.75,1,75.25,1,6.36,298.02,0.875
2018,2,25,-29.08,0.625,757.05,1,NA,0.125,296.67,0.375,73.88,1,NA,NA,0.125
2018,2,26,-35.43,0.75,756.45,1,11.33,0.375,287.5,1,66.25,1,10.54,290.9,0.375
2018,2,27,-32.58,0.625,756.04,1,NA,0.125,281.25,1,70.13,1,NA,NA,0.125
2018,2,28,-34.07,0.75,755.56,1,8.6,0.625,298.75,1,68.25,1,8.48,312.58,0.625
2018,3,1,-36.94,0.625,758,1,11.17,0.75,302.5,0.5,66.13,1,10.14,302.7,0.5
2018,3,2,-38.07,0.5,760.75,1,13.5,0.5,307.5,1,65,1,13.35,302.61,0.5
2018,3,3,-37.36,1,762.39,1,15,0.375,307.5,1,63.13,1,14.95,306.45,0.375
2018,3,4,-38.07,0.75,762.01,1,NA,0.125,294,0.625,60.88,1,NA,NA,0.125
2018,3,5,-33.72,0.75,762.28,1,7,0.625,274.29,0.875,68.38,1,6.27,282.07,0.625
2018,3,6,-33.24,0.625,764.4,1,7.67,0.375,285,1,67.25,1,7.64,273.47,0.375
2018,3,7,-37.34,1,757.35,1,15,0.25,312.5,0.5,64.38,1,NA,NA,0
2018,3,8,-37.82,0.625,747.13,1,NA,0.125,287.5,1,62.5,1,NA,NA,0.125
2018,3,9,-39.59,0.875,747.07,1,10.75,0.5,297.5,1,62.63,1,10.72,307.45,0.5
2018,3,10,-29.77,0.75,758.39,1,NA,0.125,196.25,1,74.5,1,NA,NA,0.125
2018,3,11,-37.78,1,764.5,1,15.67,0.375,300,0.75,64.88,1,15.61,303.19,0.375
2018,3,12,-39.9,1,765.96,1,14.25,1,311.43,0.875,62.13,1,13.77,311.55,0.875
2018,3,13,-35.68,0.75,766.29,1,12.4,0.625,297.5,1,67,1,12.24,298.91,0.625
2018,3,14,-38.71,1,762.95,1,11,0.625,312.5,1,63.13,1,10.91,312.01,0.625
2018,3,15,-39.76,1,757.09,1,15.6,0.625,310,1,62,1,15.48,308.84,0.625
2018,3,16,-45.87,0.75,747.6,1,16.6,0.625,301.67,0.75,54.88,1,16.25,301.41,0.625
2018,3,17,-41.83,0.375,745.68,1,16.5,0.25,303.75,1,61.75,1,16.26,291.53,0.25
2018,3,18,-36.06,0.875,763.45,1,NA,0.125,306,0.625,67,1,NA,NA,0
2018,3,19,-22.44,0.875,767.38,1,NA,0,151.25,1,80.38,1,NA,NA,0
2018,3,20,-25.37,0.75,763.78,1,6,0.25,188,0.625,77.38,1,NA,NA,0.125
2018,3,21,-34.5,1,762.09,1,NA,0.125,316,0.625,68,1,NA,NA,0.125
2018,3,22,-40.16,0.625,756.63,1,14.75,0.5,307.5,0.5,58.63,1,14.95,306.89,0.375
2018,3,23,-42.4,0.875,758.95,1,16.25,0.5,311.25,1,59.75,1,16.13,310.93,0.5
2018,3,24,-35.08,0.625,763.25,1,NA,0.125,293.75,1,68.38,1,NA,NA,0.125
2018,3,25,-31.6,0.5,767.11,1,10.75,0.5,302.5,1,72.13,1,10.64,297.43,0.5
2018,3,26,-37.74,1,767.16,1,15.5,0.75,301.25,1,64.75,1,15.37,303.35,0.75
2018,3,27,-33.3,0.875,774.45,1,13.5,0.25,306.67,0.75,69.38,1,NA,NA,0.125
2018,3,28,-35.94,0.875,782.71,1,11.5,0.25,313.75,1,65.25,1,11.46,314.78,0.25
2018,3,29,-37.26,1,781.36,1,NA,0,321.25,1,62.75,1,NA,NA,0
2018,3,30,-41.3,0.75,775.33,1,NA,0.125,310,0.375,59,1,NA,NA,0
2018,3,31,-39.58,0.75,774.8,1,13.57,0.875,296.25,1,62.25,1,13.47,295.56,0.875
2018,4,1,-37.98,0.75,776.34,1,11,0.75,291.67,0.75,64.63,1,10.71,295.35,0.5
2018,4,2,-35.79,1,774.94,1,12.43,0.875,297.5,1,64.88,1,12.39,296.79,0.875
2018,4,3,-32.58,0.75,773.38,1,12.4,0.625,292.5,1,67.25,1,12.15,292.52,0.625
2018,4,4,-43.74,1,768.22,1,16,0.375,303.75,1,57.5,1,15.95,303.33,0.375
2018,4,5,-45.5,1,768.25,1,14.4,0.625,310,0.5,55.5,1,13.87,310,0.375
2018,4,6,-45.03,1,767.45,1,16,0.375,304,0.625,56,1,NA,NA,0.125
2018,4,7,-44,1,765.59,1,16,0.5,315,0.25,57.25,1,NA,NA,0.125
2018,4,8,-38.3,0.375,768.93,1,13.33,0.375,298.75,1,63.88,1,12.83,296.69,0.375
2018,4,9,-39.3,0.75,775.91,1,14,0.25,310,0.625,61.5,1,NA,NA,0.125
2018,4,10,-37.78,0.5,777.51,1,NA,0,315,1,68.63,1,NA,NA,0
2018,4,11,-33.5,0.875,774.24,1,NA,0.125,313.75,1,67.13,1,NA,NA,0.125
2018,4,12,-35.47,0.875,771.18,1,17,0.25,313.75,1,65.25,1,17,320,0.25
2018,4,13,-41.6,1,763.61,1,NA,0,318.75,1,60.5,1,NA,NA,0
2018,4,14,-40.57,1,768.21,1,NA,0,285,1,59.88,1,NA,NA,0
2018,4,15,-38.86,1,772.56,1,17.5,0.25,273.75,1,60,1,17.43,304.86,0.25
2018,4,16,-34.27,0.75,781.28,1,7.4,0.625,301.25,1,54.5,1,6.84,287.4,0.625
2018,4,17,-30.29,1,778.14,1,8.2,0.625,288.75,1,61.38,1,7.93,284.22,0.625
2018,4,18,-28.39,1,771.2,1,11.83,0.75,290,1,63.38,1,11.71,295.75,0.75
2018,4,19,-31.82,0.75,769.66,1,9.25,0.5,275,1,67.5,1,9.19,282.71,0.5
2018,4,20,-42.92,1,769.1,1,15.5,0.25,307.5,1,59.13,1,15.5,300,0.25
2018,4,21,-45.13,1,763.69,1,18.75,0.5,306.67,0.375,56.5,1,18.5,310,0.25
2018,4,22,-47.34,1,762.01,1,16.83,0.75,305,0.25,53.63,1,NA,NA,0.125
2018,4,23,-49.26,1,763.83,1,17,0.375,305,0.5,51.38,1,NA,NA,0.125
2018,4,24,-47.18,1,756.91,1,NA,0.125,313.33,0.375,53.25,1,NA,NA,0
2018,4,25,-44.87,0.75,746.78,1,13.8,0.625,314,0.625,57.38,1,13.66,314.08,0.625
2018,4,26,-38.04,0.875,756.29,1,12.5,0.5,300,0.5,63,1,11.46,304.78,0.25
2018,4,27,-45.11,0.875,758.49,1,17,0.375,302.5,1,55.38,1,16.94,304.31,0.375
2018,4,28,-47.79,1,752.75,1,16.83,0.75,315,1,52.63,1,16.77,315.65,0.75
2018,4,29,-48.3,1,750.54,1,18.4,0.625,310,0.375,52,1,20,310,0.25
2018,4,30,-48.43,1,754,1,14.62,1,NA,0.125,51.63,1,NA,NA,0.125
2018,5,1,-48.34,1,754.1,1,16.6,0.625,305,0.25,51.63,1,NA,NA,0.125
2018,5,2,-48.81,1,749.8,1,16.43,0.875,300,0.75,51.25,1,17.3,300,0.625
2018,5,3,-53.55,1,751.79,1,19.6,0.625,287.5,0.5,45.75,1,20.29,287.18,0.5
2018,5,4,-47.75,1,760.79,1,15.6,0.625,308,0.625,51.88,1,15.52,299.9,0.375
2018,5,5,-45.96,1,768.19,1,NA,0.125,306.25,1,54,1,NA,NA,0.125
2018,5,6,-48.79,1,758.69,1,14.33,0.75,313.33,0.75,51.25,1,12.54,318.48,0.5
2018,5,7,-53.58,1,753.46,1,17.75,1,307.5,0.5,45.75,1,17.45,307.43,0.5
2018,5,8,-56.84,1,757.49,1,14,0.75,292,0.625,41.75,1,14.84,291.12,0.375
2018,5,9,-52.58,0.75,756.05,1,NA,0.125,298.75,1,47.13,1,NA,NA,0.125
2018,5,10,-54.2,1,748.35,1,17.83,0.75,303.33,0.375,44.5,1,17.27,303.84,0.375
2018,5,11,-52.41,1,747.29,1,18,0.25,305,0.5,46.5,1,NA,NA,0.125
2018,5,12,-49.56,1,746.8,1,18,0.375,313.33,0.75,49.63,1,NA,NA,0.125
2018,5,13,-44.34,0.625,754.01,1,11.43,0.875,310,1,57.38,1,11.38,310.12,0.875
2018,5,14,-41.9,0.375,755.93,1,15,0.625,315,0.25,60.25,1,15.44,314.84,0.25
2018,5,15,-44.1,0.875,756.46,1,17.75,1,315,0.25,57,1,17.43,315.14,0.25
2018,5,16,-41.46,1,761.39,1,14.5,0.5,312.5,1,59.5,1,14.45,315.52,0.5
2018,5,17,-45.85,0.75,765.36,1,16.33,0.375,312,0.625,54.63,1,16.28,303.67,0.375
2018,5,18,-46.82,0.75,772.25,1,13.14,0.875,296,0.625,54.25,1,12.22,297.56,0.5
2018,5,19,-41.64,1,765.21,1,15.4,0.625,300,0.375,59.13,1,14.77,299.33,0.25
2018,5,20,-40.93,1,759.21,1,16.4,0.625,292.5,1,59.75,1,16.34,293.78,0.625
2018,5,21,-46.06,1,763.53,1,11,0.5,275,0.75,54.13,1,9.47,276.32,0.25
2018,5,22,-44.43,0.5,767.25,1,8,0.25,240,0.875,56.13,1,NA,NA,0.125
2018,5,23,-50.45,1,768.26,1,13.43,0.875,305.71,0.875,49.75,1,13.13,307.09,0.75
2018,5,24,-52.6,0.875,759.25,1,18,0.5,NA,0,47.13,1,NA,NA,0
2018,5,25,-47.62,0.75,757.88,1,17.67,0.75,303.75,1,53.13,1,17.53,306.21,0.75
2018,5,26,-49.34,0.875,760.03,1,17.2,0.625,301.67,0.75,50.88,1,17.27,303.46,0.375
2018,5,27,-48.11,1,771.74,1,17.57,0.875,315,0.75,51.75,1,16.83,315.74,0.625
2018,5,28,-46.78,1,772.06,1,NA,0.125,308.75,1,53.25,1,NA,NA,0.125
2018,5,29,-43.58,0.625,763.56,1,13,0.25,292.5,1,57.38,1,12.81,291.55,0.25
2018,5,30,-47.17,0.75,765.1,1,17,0.5,298.57,0.875,52.38,1,17.28,296.73,0.375
2018,5,31,-48.51,1,769.68,1,16.4,0.625,310,0.375,51,1,17,310,0.25
2018,6,1,-48.84,1,777.65,1,14,0.375,315,0.75,50.63,1,13.5,320,0.25
2018,6,2,-49.97,0.75,770.86,1,18,0.5,306.67,0.375,49.75,1,NA,NA,0.125
2018,6,3,-46.44,0.875,752.66,1,NA,0,317.5,1,53.63,1,NA,NA,0
2018,6,4,-39.37,0.375,750.85,1,NA,0.125,202.5,1,60.5,1,NA,NA,0.125
2018,6,5,-50,0.75,757.71,1,13.8,0.625,306,0.625,51.5,1,13.95,304.64,0.25
2018,6,6,-52.29,1,754.7,1,13.43,0.875,306.25,1,47.25,1,13.25,305.96,0.875
2018,6,7,-51.71,1,753.19,1,11,0.5,313.75,1,48,1,10.97,322.04,0.5
2018,6,8,-52.04,1,751.31,1,14.57,0.875,312.5,1,47.25,1,14.53,312.94,0.875
2018,6,9,-49.08,1,750.71,1,15.5,0.75,315,1,50.38,1,15.28,314.95,0.75
2018,6,10,-45.86,1,754.14,1,13.2,0.625,312.86,0.875,54,1,13.15,316.37,0.625
2018,6,11,-50.23,1,756.56,1,17.5,0.5,310,0.375,49.5,1,NA,NA,0.125
2018,6,12,-51.21,1,757.58,1,15.67,0.375,321.67,0.75,48,1,15.62,322.97,0.375
2018,6,13,-50.86,1,765.1,1,18.33,0.75,308.75,1,48.5,1,18.3,308.37,0.75
2018,6,14,-52.94,1,771.1,1,17.5,0.5,325,0.25,46,1,NA,NA,0.125
2018,6,15,-53.39,1,768.13,1,16.5,0.25,321.25,1,45.38,1,15.94,313.6,0.25
2018,6,16,-46.6,0.5,765.98,1,NA,0,298.57,0.875,54.13,1,NA,NA,0
2018,6,17,-39.08,0.75,764.26,1,NA,0.125,218.33,0.75,61.25,1,NA,NA,0.125
2018,6,18,-43.78,1,771.98,1,12.67,0.375,300,0.25,56.75,1,NA,NA,0.125
2018,6,19,-44.95,0.75,766.6,1,13.2,0.625,310,1,56.75,1,13.09,308.17,0.625
2018,6,20,-31.53,0.75,770.86,1,NA,0.125,233.75,1,70.63,1,NA,NA,0.125
2018,6,21,-40.2,0.5,768.24,1,13.5,0.25,298,0.625,59.25,1,NA,NA,0.125
2018,6,22,-48.72,1,766.96,1,15.12,1,292.5,0.5,52.13,1,15.95,292.5,0.5
2018,6,23,-44.6,0.25,769.75,0.25,12,0.25,NA,0.125,56,0.25,NA,NA,0.125
2018,6,24,NA,0,NA,0,NA,0,NA,0,NA,0,NA,NA,0
2018,6,25,NA,0,NA,0,NA,0,NA,0,NA,0,NA,NA,0
2018,6,26,NA,0,NA,0,NA,0,NA,0,NA,0,NA,NA,0
2018,6,27,NA,0,NA,0,NA,0,NA,0,NA,0,NA,NA,0
2018,6,28,NA,0,NA,0,NA,0,NA,0,NA,0,NA,NA,0
2018,6,29,NA,0,NA,0,NA,0,NA,0,NA,0,NA,NA,0
2018,6,30,NA,0,NA,0,NA,0,NA,0,NA,0,NA,NA,0
2018,7,1,NA,0,NA,0,NA,0,NA,0,NA,0,NA,NA,0
2018,7,2,NA,0,NA,0,NA,0,NA,0,NA,0,NA,NA,0
2018,7,3,-38.93,0.375,751.97,0.375,NA,0.125,163.33,0.375,62,0.375,NA,NA,0.125
2018,7,4,-36.75,1,758.36,1,NA,0,150,1,64.88,1,NA,NA,0
2018,7,5,-43.13,0.75,769.32,1,11,0.5,296.25,1,57.38,1,10.77,311.68,0.5
2018,7,6,-34.94,0.875,765.35,1,8.88,1,282,0.625,66.25,1,7.49,282.66,0.625
2018,7,7,-37.82,0.5,763.2,0.5,NA,0.125,310,0.5,64,0.5,NA,NA,0.125
2018,7,8,-43.9,1,765.18,1,15.17,0.75,300,0.5,57.13,1,15.38,300.49,0.5
2018,7,9,-49.8,0.25,755.05,0.25,NA,0.125,300,0.25,50.5,0.25,NA,NA,0.125
2018,7,10,NA,0,NA,0,NA,0,NA,0,NA,0,NA,NA,0
2018,7,11,NA,0,NA,0,NA,0,NA,0,NA,0,NA,NA,0
2018,7,12,NA,0,NA,0,NA,0,NA,0,NA,0,NA,NA,0
2018,7,13,NA,0,NA,0,NA,0,NA,0,NA,0,NA,NA,0
2018,7,14,NA,0.125,NA,0.125,NA,0.125,NA,0.125,NA,0.125,NA,NA,0.125
2018,7,15,-52.5,0.25,767.15,0.25,19.5,0.25,310,0.25,46.5,0.25,19.5,310,0.25
2018,7,16,-50.38,0.625,770.59,0.875,18.5,0.25,325,0.5,50.29,0.875,NA,NA,0.125
2018,7,17,-44.12,0.625,774.55,1,11.67,0.375,331.25,1,57.13,1,11.56,329.43,0.375
2018,7,18,-42.78,0.75,770.78,1,NA,0.125,310,0.625,57.5,1,NA,NA,0.125
2018,7,19,-39.98,0.5,757.04,0.625,NA,0.125,250,0.625,61.6,0.625,NA,NA,0.125
2018,7,20,-46.9,0.375,755.9,0.375,14.5,0.25,296.67,0.375,53.67,0.375,14.45,314.14,0.25
2018,7,21,NA,0.125,NA,0.125,NA,0.125,NA,0.125,NA,0.125,NA,NA,0.125
2018,7,22,-44.37,0.875,758.97,0.875,17.4,0.625,315.71,0.875,56.43,0.875,17.34,314.02,0.625
2018,7,23,-42.57,0.75,764.83,0.875,NA,0.125,294.29,0.875,58,0.875,NA,NA,0.125
2018,7,24,NA,0.125,770.1,0.25,11.5,0.25,330,0.25,59,0.25,11.5,330,0.25
2018,7,25,-39.2,0.375,769.93,0.375,NA,0.125,163.33,0.375,62.33,0.375,NA,NA,0.125
2018,7,26,-45.08,0.5,769.9,0.5,6.25,0.5,322.5,0.5,56,0.5,6.16,319.6,0.5
2018,7,27,-44.76,1,771,1,NA,0.125,325,0.25,56.13,1,NA,NA,0
2018,7,28,-47,0.875,763.4,1,NA,0,310,0.75,53.29,0.875,NA,NA,0
2018,7,29,-48.45,1,770.39,1,NA,0,304,0.625,51.63,1,NA,NA,0
2018,7,30,-52.55,1,770.11,1,NA,0,294,0.625,47.38,1,NA,NA,0
2018,7,31,-42.49,0.875,771.3,1,NA,0,282.5,1,57.5,1,NA,NA,0
2018,8,1,-44.5,1,772.34,1,NA,0,300,0.875,55.88,1,NA,NA,0
2018,8,2,-46.24,0.875,770.18,1,NA,0,312.5,0.5,54.38,1,NA,NA,0
2018,8,3,-43.28,1,769.04,1,NA,0,288.33,0.75,57.25,1,NA,NA,0
2018,8,4,-47.75,1,767.95,1,NA,0,302.86,0.875,52.38,1,NA,NA,0
2018,8,5,-49.24,1,764.44,1,NA,0,297.5,1,50.5,1,NA,NA,0
2018,8,6,-52.48,0.625,759.26,1,NA,0,305,1,48.63,1,NA,NA,0
2018,8,7,-46.18,0.625,763.05,1,NA,0,308.57,0.875,54.75,1,NA,NA,0
2018,8,8,-49.95,0.75,765.43,1,NA,0,316,0.625,51.63,1,NA,NA,0
2018,8,9,-46,1,772.2,1,NA,0,318.57,0.875,53.75,1,NA,NA,0
2018,8,10,-50.28,1,770.81,1,NA,0,308,0.625,49.25,1,NA,NA,0
2018,8,11,-42.02,0.75,760.11,1,NA,0,262.5,1,59.88,1,NA,NA,0
2018,8,12,-37,0.625,755.76,1,NA,0,256.25,1,63.63,1,NA,NA,0
2018,8,13,-45.99,0.875,759.25,1,NA,0,300,1,54.88,1,NA,NA,0
2018,8,14,-47.6,0.75,768.91,1,NA,0,300,1,53,1,NA,NA,0
2018,8,15,-41.49,1,777.78,1,NA,0,315,0.25,59.38,1,NA,NA,0
2018,8,16,-40.55,1,783.99,1,NA,0,301.67,0.75,60.5,1,NA,NA,0
2018,8,17,-38.31,1,781.79,1,NA,0,303.33,0.75,62.88,1,NA,NA,0
2018,8,18,-36.26,1,776.49,1,NA,0,302,0.625,64.38,1,NA,NA,0
2018,8,19,-38.19,1,769.48,1,15.4,0.625,306.67,0.75,63.13,1,15.34,305.98,0.625
2018,8,20,-40.28,0.75,761.16,1,11.67,0.75,306.25,1,58.38,1,11.47,308.02,0.75
2018,8,21,-50.18,1,759.53,1,17.67,0.75,311.43,0.875,50.25,1,17.65,312.26,0.625
2018,8,22,-50.93,0.875,762.14,1,18.25,0.5,303.33,0.75,49.75,1,18.27,303.45,0.375
2018,8,23,-48.23,0.875,765.88,1,17.33,0.375,305,0.5,51.5,1,NA,NA,0.125
2018,8,24,-50.93,0.875,766.14,1,17,0.625,306.25,1,49.13,1,16.82,305.57,0.625
2018,8,25,-47.44,0.875,758.06,1,11.33,0.375,248.75,1,52.63,1,11.29,294.12,0.375
2018,8,26,-43.73,1,757.66,1,10,0.375,210,0.875,56.63,1,9.9,179.33,0.375
2018,8,27,-47.16,1,758.66,1,10,0.625,303.33,0.375,52.88,1,NA,NA,0.125
2018,8,28,-40.52,0.75,750.8,1,16.5,0.25,323.75,1,61.38,1,16.5,320,0.25
2018,8,29,-33.05,0.25,743.38,1,NA,0,182.5,1,71,1,NA,NA,0
2018,8,30,-43.98,0.75,747.46,1,6.12,1,261.43,0.875,56.75,1,3.87,286.46,0.875
2018,8,31,-51.65,0.75,755.24,1,NA,0.125,316.67,0.375,49.13,1,NA,NA,0
2018,9,1,-48.49,1,750.1,1,13,0.25,293.75,1,52.13,1,11.9,303.17,0.25
2018,9,2,-48.93,1,741.56,1,6,0.375,290,1,51.5,1,5.86,303.33,0.375
2018,9,3,-50.16,1,737.86,1,13.5,0.25,312.5,1,50.13,1,13.3,318.88,0.25
2018,9,4,-47.18,1,736.74,1,NA,0,311.25,1,53.38,1,NA,NA,0
2018,9,5,-52.31,0.875,742.98,1,18.25,0.5,303.75,1,47.38,1,17.9,302.42,0.5
2018,9,6,-47.6,1,755.72,1,15.33,0.375,310,1,52.25,1,15.14,323.95,0.375
2018,9,7,-43.57,1,757.93,1,NA,0,306.25,1,57,1,NA,NA,0
2018,9,8,-43.77,0.75,761.93,1,NA,0.125,302.5,1,56.63,1,NA,NA,0.125
2018,9,9,-44.76,1,771.96,1,9.2,0.625,318.75,1,54.38,1,9.06,315.88,0.625
2018,9,10,-41.87,0.875,773.66,1,13,0.375,302.5,1,48.88,1,12.52,298.96,0.375
2018,9,11,-36.66,0.625,768.46,1,14.25,0.5,288,0.625,53.75,1,13.5,290,0.25
2018,9,12,-23.28,0.75,764.7,1,5.5,0.25,234.29,0.875,73,1,NA,NA,0.125
2018,9,13,-37.32,0.5,763.28,1,NA,0,312.5,1,62.63,1,NA,NA,0
2018,9,14,-48.4,1,755.84,1,15,0.5,314,0.625,52.75,1,15.44,315.16,0.25
2018,9,15,-48.96,1,750.7,1,10,0.625,311.43,0.875,51.5,1,9.85,308.38,0.625
2018,9,16,-51.56,1,750.66,1,18,0.625,310,0.25,48.25,1,18.5,310,0.25
2018,9,17,-48.37,0.875,751.88,1,12.75,0.5,308.75,1,52.13,1,12.75,310,0.5
2018,9,18,-39.4,0.875,750.6,1,8.83,0.75,301.25,1,62,1,8.53,305.48,0.75
2018,9,19,-42.21,0.875,747.66,1,14.75,0.5,306.25,1,57.38,1,14.69,304.41,0.5
2018,9,20,-45.35,0.25,748.27,1,3,0.25,215,1,61.13,1,2.52,248.14,0.25
2018,9,21,-37.29,1,749.43,1,4.8,0.625,256.25,1,64.38,1,3.09,275.84,0.625
2018,9,22,-43.96,1,754.51,1,10,1,303.33,0.75,57.13,1,9.1,303.28,0.75
2018,9,23,-45.09,1,756.54,1,11.86,0.875,307.5,0.5,55.63,1,10.33,310,0.375
2018,9,24,-47.93,1,756.54,1,16.6,0.625,307.5,0.5,52.5,1,17.93,305,0.25
2018,9,25,-48.68,0.75,755.01,1,16,0.375,313.33,0.375,52.25,1,NA,NA,0.125
2018,9,26,-50.19,1,751.49,1,NA,0.125,307.5,1,49.63,1,NA,NA,0.125
2018,9,27,-50.36,1,748.09,1,13.5,0.25,313.33,0.75,49.25,1,13.5,310,0.25
2018,9,28,-43.72,0.75,733.26,1,12.33,0.375,316.25,1,56.75,1,12.3,317.3,0.375
2018,9,29,-43.5,1,737.85,1,15,0.375,310,1,57.13,1,14.95,313.11,0.375
2018,9,30,-38.08,0.75,734.38,1,7.75,0.5,222.5,1,63,1,4.68,257.68,0.5
2018,10,1,-36.23,0.75,740.36,1,NA,0,182.5,1,64.63,1,NA,NA,0
2018,10,2,-44.63,0.875,742.28,1,14.5,0.5,308.75,1,57.13,1,14.45,306.73,0.5
2018,10,3,-45.5,1,740.48,1,15,0.875,306.67,0.375,55.25,1,16.25,309.69,0.25
2018,10,4,-42.68,1,738.72,1,13.29,0.875,303.75,1,57.88,1,13.24,304.62,0.875
2018,10,5,-34.2,0.5,740.83,1,10,0.875,302.5,1,66.75,1,9.92,302.58,0.875
2018,10,6,-39.16,0.875,746.65,1,11.67,0.75,312.5,1,62.25,1,11.57,313.44,0.75
2018,10,7,-42.45,0.75,753.04,1,14,0.875,306,0.625,58.88,1,13.45,306.89,0.625
2018,10,8,-37.92,0.75,752.36,1,13.43,0.875,307.5,1,62.88,1,13.22,307.57,0.875
2018,10,9,-36.98,1,754.1,1,12.6,0.625,295,0.5,64.5,1,14.28,296.52,0.375
2018,10,10,-42.26,0.875,748.36,1,16.8,0.625,305.71,0.875,58.75,1,16.95,312.79,0.5
2018,10,11,-42.13,0.75,747.66,1,14.8,0.625,312.86,0.875,59.5,1,14.44,315.17,0.5
2018,10,12,-38.57,0.75,753.41,1,10,0.25,308.75,1,61.75,1,9.85,312.02,0.25
2018,10,13,-40.18,0.75,758.66,1,15.5,0.25,313.33,0.375,60.88,1,NA,NA,0
2018,10,14,-42.56,1,766.36,1,19,0.375,308.75,1,58.13,1,18.93,306.32,0.375
2018,10,15,-40.84,1,772.15,1,16,0.25,312.5,1,59.63,1,15.49,311.17,0.25
2018,10,16,-38.53,0.5,765.06,1,NA,0,308.75,1,62.13,1,NA,NA,0
2018,10,17,-38.81,0.875,746.65,1,9.33,0.375,290,0.5,58.13,1,NA,NA,0.125
2018,10,18,-40.38,1,742.88,1,11.67,0.75,291.25,1,60.38,1,11.48,293.71,0.75
2018,10,19,-37.72,0.5,757.08,1,7.67,0.375,310,1,65.43,0.875,7.57,306.05,0.375
2018,10,20,-29.48,0.625,757.2,1,NA,0.125,292,0.625,71.5,1,NA,NA,0.125
2018,10,21,-35.38,1,752.28,1,6.33,0.375,242.5,1,66.38,1,5.96,285.97,0.375
2018,10,22,-36.46,0.875,756.6,1,6.75,0.5,303.75,1,64.88,1,6.68,299.26,0.5
2018,10,23,-37.83,0.5,753.46,1,14,0.625,302.5,0.5,61.63,1,15.76,300,0.25
2018,10,24,-42.13,0.5,751.64,1,12.5,0.25,288.75,1,59.25,1,12.45,295.2,0.25
2018,10,25,-39,0.75,753.29,1,14.83,0.75,302,0.625,62.13,1,10.63,296.57,0.375
2018,10,26,-33.42,0.625,756.83,1,16.25,0.5,277.14,0.875,69.25,1,15.01,308.53,0.375
2018,10,27,-30.2,0.625,758.6,1,NA,0.125,271.25,1,72.25,1,NA,NA,0.125
2018,10,28,-30.84,0.625,758.93,1,10,0.5,300,1,72.5,1,9.39,307.12,0.5
2018,10,29,-25.35,1,763.55,1,8.5,0.75,308.75,1,76.38,1,8.13,304.74,0.75
2018,10,30,-28.5,0.75,759.69,1,14,0.625,306.25,1,74.13,1,13.87,313.73,0.625
2018,10,31,-30.76,0.625,755.38,1,13.14,0.875,296.25,1,70.88,1,12.8,295.4,0.875
2018,11,1,-31.24,1,753.76,1,10,0.75,296.25,1,67.88,1,9.92,297.66,0.75
2018,11,2,-37.2,0.375,755.68,1,5,0.375,282.5,1,67,1,3.81,258.7,0.375
2018,11,3,-35.94,0.625,758.32,1,14.5,0.25,302.5,0.5,64.13,1,NA,NA,0.125
2018,11,4,-38.97,0.375,755.91,1,13.6,0.625,305,1,62.63,1,13.33,311,0.625
2018,11,5,-36.57,0.75,757.5,1,11.4,0.625,311.25,1,64.88,1,11.05,311.79,0.625
2018,11,6,-33.8,0.5,757.44,1,11.83,0.75,297.5,1,67.63,1,11.6,299.52,0.75
2018,11,7,-33.73,0.375,756.55,1,10.5,0.5,291.25,1,66.88,1,10.47,296.91,0.5
2018,11,8,-36.07,0.375,755.04,1,9.33,0.375,285,1,66.13,1,9.18,305.83,0.375
2018,11,9,-31.33,0.5,753.43,1,8.5,0.25,292.5,1,67.63,1,8.47,295.88,0.25
2018,11,10,-31.4,0.375,753.63,1,14.5,0.25,300,1,71.13,1,14.5,300,0.25
2018,11,11,-25.72,0.75,752.9,1,8,0.5,302.5,1,76.63,1,7.94,309.37,0.5
2018,11,12,-25.3,0.5,750.71,1,8.5,0.5,295,1,73,1,8.37,291.19,0.5
2018,11,13,-28.9,0.25,752.13,1,13.2,0.625,303.75,1,66.88,1,12.8,301.11,0.625
2018,11,14,-29.03,0.75,753.01,1,7,0.25,291.25,1,70.13,1,6.98,292.85,0.25
2018,11,15,-29.08,0.5,754.98,1,9.33,0.375,266.25,1,71.63,1,8.1,315.19,0.375
2018,11,16,-27.1,0.875,755.76,1,6.33,0.75,295,1,71.63,1,6.14,300.98,0.75
2018,11,17,-27.68,0.5,759.76,1,5.5,0.75,286.25,1,65,1,4.96,299.03,0.75
2018,11,18,NA,0.125,769.31,1,9.5,0.5,306.25,1,64.38,1,8.99,306.23,0.5
2018,11,19,-28.05,0.25,760.56,1,5.67,0.375,305,1,59.5,1,5.53,313.49,0.375
2018,11,20,-29.05,0.25,752.66,1,8.25,0.5,307.5,1,58.25,1,7.88,320.17,0.5
2018,11,21,-31.7,0.5,754.3,1,9.67,0.375,302.5,1,64.63,1,9.63,305.52,0.375
2018,11,22,-24.9,0.5,761.68,1,8.75,0.5,288.75,1,74,1,8.3,311.86,0.5
2018,11,23,-22.8,0.375,766,1,10.67,0.375,275,1,72.75,1,6.7,280.91,0.375
2018,11,24,-25.5,0.25,764.44,1,11.2,0.625,307.5,1,67.63,1,10.96,307.52,0.625
2018,11,25,-26.04,0.625,760.25,1,9,0.5,293.33,0.75,64.88,1,7.64,283.91,0.375
2018,11,26,-23.6,0.375,764.79,1,11,0.25,236.25,1,72.75,1,10.83,310.92,0.25
2018,11,27,-24.3,0.25,767.85,1,11.4,0.625,302.5,1,67.75,1,11.17,308.1,0.625
2018,11,28,-25.37,0.375,768.33,1,10.33,0.375,300,1,69.63,1,10.16,308.65,0.375
2018,11,29,-23.45,0.25,764.31,1,7.67,0.75,288.75,1,71.13,1,7.6,290,0.75
2018,11,30,-25.48,0.625,761.76,1,9.4,0.625,292.5,1,75.25,1,8.4,295.22,0.625
2018,12,1,-22.87,0.5,761.79,1,3,0.25,266.25,1,71.5,1,2.9,325,0.25
2018,12,2,-24.16,0.625,766.09,1,11,0.5,306.25,1,70.88,1,10.61,319.55,0.5
2018,12,3,-18.05,0.75,764.89,1,18.67,0.375,177.5,1,76.88,1,13.25,147.61,0.375
2018,12,4,-18.58,1,766.43,1,12.67,0.375,160,1,82.88,1,10.61,163.68,0.375
2018,12,5,-20.75,0.75,767.01,1,NA,0.125,282.5,1,68.63,1,NA,NA,0.125
2018,12,6,-26,0.375,758.29,1,7.38,1,307.5,1,67.25,1,6.95,301.59,1
2018,12,7,-20.17,0.75,761.28,1,5.67,0.375,176.25,1,77.63,1,4.68,169.11,0.375
2018,12,8,-18.26,0.625,767.09,1,6,0.75,233.75,1,71,1,3.65,309.99,0.75
2018,12,9,-22.22,0.625,763.84,1,7,0.375,305,1,67.25,1,6.5,295.12,0.375
2018,12,10,-19.53,0.75,761.4,1,5.33,0.375,236.25,1,73.63,1,2.78,289.72,0.375
2018,12,11,-18.39,1,765.65,1,3,0.25,208.75,1,83.38,1,2.82,330,0.25
2018,12,12,-17.8,0.75,763.85,1,5.6,0.625,253.75,1,69.63,1,3.57,270.45,0.625
2018,12,13,-20.04,0.875,761.26,1,NA,0,166.25,1,81.75,1,NA,NA,0
2018,12,14,-19,0.5,759.57,1,3,0.375,190,1,75.25,1,2.31,163.51,0.375
2018,12,15,-17.9,0.875,759.72,1,11,0.25,192.5,1,76.38,1,10.96,165.46,0.25
2018,12,16,-19.59,0.875,763.24,1,NA,0.125,221.25,1,78.88,1,NA,NA,0.125
2018,12,17,-18.04,0.625,764.84,1,NA,0,236.25,1,77.88,1,NA,NA,0
2018,12,18,-16.4,0.375,768.7,0.75,8.33,0.375,273.33,0.75,76.67,0.75,6.3,271.79,0.375
2018,12,19,-17.57,0.75,773.05,1,NA,0.125,216.25,1,80.63,1,NA,NA,0.125
2018,12,20,-18.1,0.5,770.94,1,NA,0.125,266.25,1,74.5,1,NA,NA,0.125
2018,12,21,-16.23,0.5,769.6,1,NA,0.125,190,1,83,1,NA,NA,0.125
2018,12,22,-15.72,0.75,768.21,1,6,0.25,186.25,1,76.25,1,6,210,0.25
2018,12,23,-18.63,1,765.8,1,4,0.25,166.25,1,83.5,1,3.94,170,0.25
2018,12,24,-18.12,0.75,762.25,1,NA,0.125,153.75,1,82.75,1,NA,NA,0.125
2018,12,25,-18.29,1,761.41,1,7.5,0.25,192,0.625,83.13,1,5.83,249.53,0.25
2018,12,26,-17.17,0.875,762.51,1,14.5,0.25,186,0.625,83.13,1,NA,NA,0.125
2018,12,27,-17.83,0.75,767.9,1,NA,0,261.25,1,74.5,1,NA,NA,0
2018,12,28,-20.65,0.5,767.06,1,8.5,0.25,302.5,1,74.38,1,8.5,310,0.25
2018,12,29,NA,0.125,765.61,1,9,0.375,253.75,1,72.5,1,8.48,293.86,0.375
2018,12,30,-20.74,0.625,766.15,1,6,0.625,301.25,1,70.5,1,5.62,296.96,0.625
2018,12,31,-20.85,0.5,767.75,1,8.75,0.5,292.5,1,74.38,1,8.25,299.17,0.5
2019,1,1,-18.53,0.375,767.46,1,3,0.5,223.75,1,70.88,1,1.1,241.28,0.5
2019,1,2,NA,0.125,762.75,1,4.75,0.5,281.25,1,67.5,1,2.99,261.76,0.5
2019,1,3,-21,0.75,759.55,1,6.5,0.5,292,0.625,73.63,1,4.12,289.24,0.375
2019,1,4,-23,0.375,756.6,1,5,0.25,302.86,0.875,71,1,4.33,280,0.25
2019,1,5,NA,0.125,758.63,1,1.8,0.625,225,1,69.25,1,1.31,214.49,0.625
2019,1,6,-19.37,0.875,763.18,1,3,0.875,215,1,75,1,2.02,206.51,0.875
2019,1,7,-19.43,0.875,765.16,1,5,0.25,203.75,1,79.75,1,4.12,174.04,0.25
2019,1,8,-19.68,0.625,765.5,1,NA,0.125,242.5,1,71.5,1,NA,NA,0.125
2019,1,9,-23.67,0.375,764.31,1,5.75,0.5,290,1,70.38,1,5.64,296.36,0.5
2019,1,10,-20.68,0.75,765.35,1,11,0.375,175,1,80.88,1,10.88,169.7,0.375
2019,1,11,-17.64,1,772.51,1,6.83,0.75,166.25,1,82.25,1,6.6,165.49,0.75
2019,1,12,-15.34,0.625,777.56,1,7.5,0.5,237.5,1,70,1,5.5,244.95,0.5
2019,1,13,-23.04,0.625,771,1,8,0.625,295,1,72.25,1,7.87,291.82,0.625
2019,1,14,-19.2,0.75,773.1,1,3.33,0.375,171.43,0.875,82,1,3.18,155.89,0.375
2019,1,15,-17.1,1,776.58,1,4.33,0.75,261.67,0.75,79.75,1,2.24,251.62,0.625
2019,1,16,-18.13,0.75,770.35,1,8.2,0.625,292.5,1,76.88,1,8.08,292.71,0.625
2019,1,17,-18.22,0.75,765.9,1,5.75,0.5,271.25,1,77.38,1,5.73,284.35,0.5
2019,1,18,-17.46,1,766.25,1,4.17,0.75,262.5,1,76.38,1,4.03,265.24,0.75
2019,1,19,-19.79,1,765.26,1,8.12,1,297.5,1,69.75,1,6.42,294.27,1
2019,1,20,-19.82,0.75,764.2,1,3,0.5,215,1,68.63,1,2.47,275.1,0.5
2019,1,21,-19.5,1,765.31,1,6.8,0.625,160,0.625,78.13,1,5,170,0.25
2019,1,22,-17.26,1,766.78,1,NA,0,140,0.25,85.5,1,NA,NA,0
2019,1,23,-17.44,1,771.63,1,NA,0,152.5,1,85,1,NA,NA,0
2019,1,24,-17.06,0.875,771.36,1,10,0.5,233.75,1,81.63,1,8.01,179.26,0.5
2019,1,25,-17.9,0.875,767.03,1,6.38,1,267.5,1,70,1,5.99,266.71,1
2019,1,26,-17.62,1,764.71,1,7,0.625,282.5,1,70,1,6.68,280.62,0.625
2019,1,27,-16.2,0.5,767.82,1,13.33,0.375,300,1,76.63,1,12.1,302.33,0.375
2019,1,28,-21.92,0.75,767.01,1,9.75,0.5,298.33,0.75,65.63,1,7.53,297.4,0.25
2019,1,29,-25.05,0.75,760.9,1,10.6,0.625,288,0.625,70.13,1,12.8,290.78,0.25
2019,1,30,-22.9,0.375,765.19,1,4.75,0.5,291.25,1,75.38,1,4.3,278.33,0.5
2019,1,31,-15.3,1,768.98,1,14.67,0.375,333.75,1,78.13,1,14.52,325.95,0.375
2019,2,1,-23.1,0.625,766.28,1,7.17,0.75,270,1,69.38,1,6.31,271.22,0.75
2019,2,2,-22.23,0.875,760.94,1,9.5,0.25,157.5,0.5,80.38,1,NA,NA,0.125
2019,2,3,-22.05,0.5,761.21,1,7.25,0.5,252.5,1,72.88,1,3.6,268.64,0.5
2019,2,4,-26.75,0.75,759.69,1,10.33,0.375,293.75,1,71.5,1,10.29,294.51,0.375
2019,2,5,-28.9,0.75,761.03,1,8.4,0.625,298.75,1,58.5,1,7.41,297.7,0.625
2019,2,6,-28.86,0.625,762.2,1,10,0.625,293.75,1,59.88,1,9.91,294.02,0.625
2019,2,7,-25.18,0.75,758.91,1,6,0.625,281.25,1,71.5,1,5.89,281.62,0.625
2019,2,8,-28.2,0.75,754.84,1,11.67,0.375,298.75,1,65.75,1,11.56,292.87,0.375
2019,2,9,-30.38,0.5,763.06,1,13.5,0.25,290,0.25,65.88,1,NA,NA,0
2019,2,10,-26.25,0.5,770.26,1,9,0.5,261.43,0.875,76,1,4.34,235.72,0.375
2019,2,11,-30.53,0.875,768.88,1,16,0.375,305.71,0.875,65.38,1,15.5,310,0.25
2019,2,12,-29.3,0.75,770.68,1,14.8,0.625,317.14,0.875,58.38,1,14.58,319.15,0.5
2019,2,13,-27.18,1,776.84,1,NA,0.125,302.5,1,65.38,1,NA,NA,0.125
2019,2,14,-16.73,0.375,776.55,1,10,0.375,283.75,1,79.13,1,8.5,305.94,0.375
2019,2,15,-24.8,0.5,784.38,1,10.25,0.5,302.5,1,66.88,1,10.15,302.94,0.5
2019,2,16,-26.64,0.625,779.68,1,9.62,1,303.75,1,63,1,9.27,305.34,1
2019,2,17,-27.9,0.875,774.95,1,9,0.375,306.25,1,69.88,1,8.86,310.37,0.375
2019,2,18,-30.28,0.75,773.46,1,10.5,0.75,298,0.625,69.25,1,10.11,303.51,0.375
2019,2,19,-28.73,0.875,776.14,1,7,0.625,300,1,73.5,1,6.97,300.29,0.625
2019,2,20,-28.55,0.75,776.74,1,8.5,0.75,295,1,70.13,1,8.21,297.57,0.75
2019,2,21,-31.94,1,771.94,1,14.5,0.5,301.25,1,66.63,1,14.38,299.83,0.5
2019,2,22,-32.62,0.625,770.15,1,13.75,0.5,300,0.5,63,1,12.45,304.8,0.25
2019,2,23,-34.6,0.5,767.78,1,14.75,1,302,0.625,62.25,1,15.07,302.11,0.625
2019,2,24,-35.7,0.75,767.05,1,17,0.75,301.67,0.75,65.75,1,16.09,303.4,0.5
2019,2,25,-33.88,0.75,761.85,1,13.25,0.5,308,0.625,68.63,1,13.45,315.19,0.25
2019,2,26,-33.9,0.5,757.45,1,13.33,0.75,297.5,1,66.38,1,13.16,296.89,0.75
2019,2,27,-30.34,0.625,765.7,1,18,0.25,306.25,1,72.25,1,17.93,325,0.25
2019,2,28,-28.6,0.625,767.16,1,10,0.5,311.67,0.75,73.25,1,9.59,309.65,0.375
2019,3,1,-34.5,0.375,763.32,1,13.75,0.5,315,1,69.38,1,13.65,319.09,0.5
2019,3,2,-29.4,0.75,771.09,1,7.67,0.375,312.5,1,73.13,1,7.6,310,0.375
2019,3,3,-24.7,0.75,771.85,1,4.33,0.375,244,0.625,79.13,1,2.44,244.65,0.25
2019,3,4,-26.85,0.75,773.6,1,9,0.375,291.25,1,74.13,1,8.43,295.14,0.375
2019,3,5,-33.1,1,769.55,1,14.38,1,307.5,0.5,69,1,12.96,307.12,0.5
2019,3,6,-35.76,0.625,766.38,1,18,0.375,307.5,0.5,67.75,1,18.5,310,0.25
2019,3,7,-38.78,0.75,763.06,1,13.33,0.375,296.25,1,62.5,1,13.2,310.75,0.375
2019,3,8,-29.28,0.5,762.63,1,NA,0,288.75,1,71.25,1,NA,NA,0
2019,3,9,-40.06,0.625,759.96,1,18.4,0.625,296.25,1,62.5,1,18.35,302.06,0.625
2019,3,10,-35.72,0.625,766.03,1,18.33,0.375,308.75,1,65.88,1,18.14,299.63,0.375
2019,3,11,-30.86,0.875,768.26,1,8.33,0.375,295,0.5,71.5,1,NA,NA,0
2019,3,12,-28.69,0.875,772.46,1,12,0.75,297.5,1,73.25,1,11.79,298.63,0.75
2019,3,13,-30.02,0.75,770.08,1,13.5,0.25,288,0.625,69.25,1,NA,NA,0.125
2019,3,14,-30.1,0.75,757.34,1,NA,0.125,206.25,1,71.38,1,NA,NA,0.125
2019,3,15,-31.21,0.875,758.45,1,NA,0.125,276.25,1,71.13,1,NA,NA,0.125
2019,3,16,-36.98,1,753.63,1,15.5,0.25,301.43,0.875,65.13,1,15.44,305.16,0.25
2019,3,17,-44.45,1,750.85,1,17,0.25,323.33,0.75,56.88,1,16.74,330,0.25
2019,3,18,-46.91,1,750.99,1,13,0.25,315,0.75,54.25,1,12.95,315.39,0.25
2019,3,19,-46.14,1,753.8,1,NA,0.125,315.71,0.875,54.5,1,NA,NA,0.125
2019,3,20,-39.34,0.875,767.2,1,14.29,0.875,308.75,1,61.75,1,14.26,311.6,0.875
2019,3,21,-40.32,0.75,761.04,1,12.6,0.625,298.75,1,61.13,1,12.55,304.12,0.625
2019,3,22,-38.86,1,764.03,1,NA,0.125,321.25,1,62.13,1,NA,NA,0.125
2019,3,23,-39.78,1,767.98,1,14.2,0.625,317.5,1,61.25,1,14,317.06,0.625
2019,3,24,-40.66,1,763.06,1,NA,0.125,315,1,59.13,1,NA,NA,0.125
2019,3,25,-43.04,0.875,759.25,1,NA,0.125,305,1,58.63,1,NA,NA,0.125
2019,3,26,-36.22,0.625,768.13,1,12.5,0.5,303.33,0.375,66.13,1,NA,NA,0.125
2019,3,27,-31.42,0.75,764.36,1,NA,0.125,310,0.625,70.13,1,NA,NA,0.125
2019,3,28,-38.09,1,764.55,1,16.25,0.5,308.33,0.75,62.38,1,15.61,313.4,0.375
2019,3,29,-35.09,1,759.46,1,12,0.625,295,0.25,58.63,1,NA,NA,0
2019,3,30,-36.75,1,762.99,1,13.67,0.375,308,0.625,55,1,13.95,304.64,0.25
2019,3,31,-40.73,0.75,759.63,1,15.17,0.75,294,0.625,59.63,1,14.44,295.17,0.5
2019,4,1,-44.8,1,755.53,1,18.5,0.25,304,0.625,56.5,1,18.5,310,0.25
2019,4,2,-44.43,1,755.06,1,NA,0.125,321.25,1,56,1,NA,NA,0.125
2019,4,3,-46.16,1,752.41,1,NA,0.125,315,0.75,54,1,NA,NA,0.125
2019,4,4,-50.96,1,751.03,1,17,0.25,313.33,0.75,48.5,1,NA,NA,0.125
2019,4,5,-49.88,1,752.3,1,18.67,0.375,315,0.75,49.75,1,18.6,316.79,0.375
2019,4,6,-48.09,1,762.2,1,NA,0.125,307.5,1,51.75,1,NA,NA,0.125
2019,4,7,-46.11,1,765.3,1,NA,0,311.67,0.75,54,1,NA,NA,0
2019,4,8,-41.46,1,769.51,1,NA,0,308.75,1,59.25,1,NA,NA,0
2019,4,9,-44.71,1,769.34,1,NA,0,313.75,1,55.13,1,NA,NA,0
2019,4,10,-45.79,1,761.75,1,15.5,0.25,313.75,1,53.75,1,15.44,315.16,0.25
2019,4,11,-47.84,1,758.94,1,17.75,0.5,318,0.625,51.63,1,16.94,315,0.25
2019,4,12,-45.07,1,758.22,1,18,0.5,310,0.5,54.5,1,17.61,313.39,0.375
2019,4,13,-41.82,1,755.63,1,17,0.25,315,1,58.38,1,16.94,314.71,0.25
2019,4,14,-45.86,0.875,754.9,1,NA,0.125,296.67,0.375,53.38,1,NA,NA,0.125
2019,4,15,-51.85,0.75,766.46,1,17,0.5,317.14,0.875,49.63,1,16.78,316.24,0.375
2019,4,16,-43.98,1,772.64,1,NA,0.125,314,0.625,56.38,1,NA,NA,0.125
2019,4,17,-44.19,1,773.84,1,NA,0,310,1,55.88,1,NA,NA,0
2019,4,18,-43.42,1,766.56,1,14.33,0.375,314,0.625,56.88,1,NA,NA,0.125
2019,4,19,-44.31,1,757.64,1,18,0.375,316.25,1,56.13,1,17.94,323.33,0.375
2019,4,20,-36.97,0.875,759.9,1,10.14,0.875,307.5,1,63.88,1,10.02,307.73,0.875
2019,4,21,-38.2,0.875,766.46,1,8,0.75,301.43,0.875,63.5,1,7.97,303.54,0.75
2019,4,22,-40.74,1,765.14,1,10.67,0.75,325,0.75,60.75,1,10.63,324.53,0.75
2019,4,23,-47.7,0.5,754.94,1,11,0.375,311.25,1,55.5,1,10.9,310.91,0.375
2019,4,24,-36.05,1,750.09,1,8.8,0.625,297.5,1,65.5,1,8.68,315.67,0.625
2019,4,25,-33.94,0.875,756.68,1,7.43,0.875,303.75,1,68.38,1,7.38,302.89,0.875
2019,4,26,-40.55,0.75,759.39,1,10.25,0.5,294,0.625,61.75,1,8.86,300,0.25
2019,4,27,-42.13,0.75,759.34,1,11,0.375,280,0.75,58.38,1,NA,NA,0.125
2019,4,28,-42.95,1,760.75,1,10.14,0.875,292.86,0.875,57.88,1,9.74,293.41,0.75
2019,4,29,-41.24,1,764.5,1,11.86,0.875,310,0.625,60,1,10.94,310,0.625
2019,4,30,-42.08,1,759.5,1,13,0.875,302.5,1,59.25,1,12.93,301.65,0.875
2019,5,1,-45.93,1,754.39,1,13,1,301.43,0.875,54.63,1,12.86,301.33,0.875
2019,5,2,-48.44,0.875,752.78,1,16.57,0.875,310,0.5,51.75,1,16.37,310.61,0.5
2019,5,3,-51.34,1,746.24,1,18.75,0.5,315,0.5,48.13,1,19.33,320,0.375
2019,5,4,-44.48,0.75,752.61,1,11,0.375,281.25,1,56.63,1,10.85,312.75,0.375
2019,5,5,-38.55,1,765.19,1,7.5,0.5,301.25,1,62.63,1,7.42,308.66,0.5
2019,5,6,-45.23,0.875,774.94,1,14.75,0.5,313.75,1,55.75,1,14.7,317.12,0.5
2019,5,7,-38.52,0.625,772.2,1,13,0.625,311.25,1,63.5,1,12.7,316.25,0.625
2019,5,8,-43.14,1,767.89,1,9,0.5,323.75,1,56.88,1,8.97,324.72,0.5
2019,5,9,-44.6,0.875,760.11,1,13.6,0.625,312,0.625,56.13,1,14.33,310,0.375
2019,5,10,-46.96,0.875,762.59,1,13.57,0.875,310,1,53.88,1,13.46,310.21,0.875
2019,5,11,-45.39,0.875,760.65,1,16,0.375,304.29,0.875,55.13,1,15.94,304.69,0.25
2019,5,12,-45.43,1,757.87,1,16.29,0.875,310,0.25,55.13,1,15.27,310.98,0.25
2019,5,13,-49.28,1,758.14,1,17,1,310,0.5,50.5,1,16.62,310.6,0.5
2019,5,14,-51.28,0.75,760.3,1,16.12,1,313.33,0.375,47.75,1,15.94,313.75,0.375
2019,5,15,-50.77,0.875,759.49,1,16.67,0.375,315,0.25,48.75,1,NA,NA,0
2019,5,16,-48.85,1,755.96,1,13.29,0.875,306.67,0.75,50.5,1,11.89,309,0.625
2019,5,17,-46.09,1,755.2,1,9.12,1,305,0.5,53.75,1,8.97,304.44,0.5
2019,5,18,-47.79,0.875,754.86,1,11,0.875,304.29,0.875,51.88,1,10.96,305.15,0.75
2019,5,19,-47.45,0.75,754.46,1,10.75,1,312,0.625,52.5,1,9.92,311.2,0.625
2019,5,20,-31.87,0.75,757.54,1,6.75,0.5,186,0.625,68.88,1,6.69,186.34,0.5
2019,5,21,-36.28,1,761.16,1,9.67,0.375,300,1,65.63,1,9.33,297.73,0.375
2019,5,22,-44.54,1,760.79,1,16.5,0.75,306,0.625,56.5,1,16.67,310,0.375
2019,5,23,-41.45,0.75,769.81,1,9.83,0.75,296,0.625,60.25,1,9.71,294.61,0.5
2019,5,24,-38.24,1,771.95,1,7.75,1,303.75,1,63.13,1,7.72,304.19,1
2019,5,25,-43.2,1,773.21,1,12.2,0.625,292,0.625,57.63,1,12.09,291.65,0.625
2019,5,26,-44.09,1,774.73,1,10.67,0.75,287.5,0.5,56.5,1,10,290,0.375
2019,5,27,-48.99,0.875,777.95,1,12.71,0.875,310,0.25,50.75,1,14,310,0.25
2019,5,28,-48.11,1,778.11,1,10.67,0.75,298.75,1,51.88,1,10.56,300.63,0.75
2019,5,29,-27.9,0.25,777.5,1,NA,0.125,296.25,1,65.75,1,NA,NA,0.125
2019,5,30,-27.33,0.5,773.59,1,5,0.25,192.5,1,71.13,1,4.98,294,0.25
2019,5,31,-20.84,1,772.94,1,NA,0.125,344,0.625,77.75,1,NA,NA,0.125
2019,6,1,-27.02,0.75,774.15,1,8,0.375,281.25,1,75.38,1,7.38,327.1,0.375
2019,6,2,-21.98,0.625,766.85,1,17,0.375,163.75,1,76.88,1,15.34,331.88,0.375
2019,6,3,-43.84,0.875,763.38,1,NA,0,312.5,1,57.63,1,NA,NA,0
2019,6,4,-46.25,1,754.36,1,18.25,0.5,310,0.625,53.5,1,18.43,305.14,0.25
2019,6,5,-50.26,1,744.46,1,NA,0.125,286.67,0.375,50.13,1,NA,NA,0
2019,6,6,-50.19,1,746.59,1,10.67,0.75,296,0.625,49.88,1,10.43,295.86,0.625
2019,6,7,-52.1,0.875,752.84,1,15.86,0.875,305,0.75,48.13,1,14.94,304.4,0.625
2019,6,8,-53.79,1,753.65,1,18.67,0.375,NA,0.125,46.63,1,NA,NA,0.125
2019,6,9,-51,0.875,750.3,1,14.83,0.75,295,0.25,48.38,1,12.95,295,0.25
2019,6,10,-43.08,1,738.28,1,12.12,1,305,1,57.75,1,12.08,304.84,1
2019,6,11,-45.75,1,741.59,1,16.67,0.75,312.5,1,54.75,1,16.55,312,0.75
2019,6,12,-45.06,0.875,748.75,1,18.67,0.375,310,1,56.13,1,18.6,306.43,0.375
2019,6,13,-44.97,0.875,750.26,1,14.5,0.25,292.5,0.5,55.13,1,NA,NA,0
2019,6,14,-43.68,1,752.25,1,16,0.375,303.75,1,56.5,1,15.95,303.33,0.375
2019,6,15,-44.82,0.75,755.21,1,16.5,0.25,316.25,1,54.13,1,16.25,319.69,0.25
2019,6,16,-48.61,0.875,764.06,1,NA,0,306.25,1,51.88,1,NA,NA,0
2019,6,17,-46.04,1,759.18,1,14,0.375,311.25,1,53.13,1,13.42,314.2,0.375
2019,6,18,-48.58,1,758.7,1,15,0.25,316.25,1,50.13,1,14.79,317.31,0.25
2019,6,19,-52.64,0.625,756.91,1,NA,0,317.5,1,47.38,1,NA,NA,0
2019,6,20,-49.79,0.875,757.91,1,NA,0.125,263.75,1,50.75,1,NA,NA,0.125
2019,6,21,-52.93,1,750.22,1,18,0.25,316.25,1,46.5,1,18,320,0.25
2019,6,22,-60.16,0.875,746.26,1,13.33,0.375,313.75,1,38.38,1,13.29,313,0.375
2019,6,23,-56.74,0.875,749.25,1,12.86,0.875,306.25,1,41.63,1,12.76,307.77,0.875
2019,6,24,-52.52,0.75,750.41,1,13.86,0.875,312.5,1,47,1,13.75,314.14,0.875
2019,6,25,-48.38,0.5,743.5,1,15.25,0.5,316,0.625,52,1,NA,NA,0.125
2019,6,26,-39.84,0.875,740.8,1,NA,0.125,316.25,1,61.63,1,NA,NA,0.125
2019,6,27,-40.81,0.875,749.48,1,6,0.25,295,1,60.5,1,4.91,255,0.25
2019,6,28,-49.24,1,748.4,1,20,0.25,307.5,0.5,51.13,1,NA,NA,0.125
2019,6,29,-47.68,0.75,751.71,1,18.25,0.5,313.33,0.75,52.25,1,18.27,313.45,0.375
2019,6,30,-48.17,0.875,750.91,1,NA,0,313.75,1,51.75,1,NA,NA,0
2019,7,1,-46.63,0.75,751.21,1,17.57,0.875,312,0.625,52.88,1,17.61,310,0.5
2019,7,2,-50.2,1,749.96,1,18,0.375,303.33,0.75,49.75,1,NA,NA,0.125
2019,7,3,-51.14,0.625,758.3,1,12,0.875,295,0.25,49.5,1,13.45,295.93,0.25
2019,7,4,-49.84,0.875,755.46,1,14.75,0.5,308.75,1,49,1,14.7,312.88,0.5
2019,7,5,-56.63,1,756.99,1,18,0.75,305,0.75,42.38,1,17.02,306.02,0.625
2019,7,6,-51.48,1,761.97,1,15,0.625,306.67,0.75,47.75,1,15.94,306.25,0.375
2019,7,7,-48.6,0.875,769.93,1,11.6,0.625,312.86,0.875,51.38,1,11.39,316.13,0.5
2019,7,8,-45.06,1,764.6,1,13.67,0.75,315,0.25,54.75,1,15.94,315.31,0.25
2019,7,9,-33.45,0.75,757.01,1,10.5,0.25,308,0.625,67.75,1,NA,NA,0
2019,7,10,-33.13,1,761.81,1,NA,0.125,297.5,1,69.38,1,NA,NA,0.125
2019,7,11,-40.37,1,763.9,1,16.25,0.5,316.25,1,61.88,1,15.99,311.8,0.5
2019,7,12,-40.24,0.875,774.07,1,14.57,0.875,306,0.625,61.75,1,14.26,305.81,0.625
2019,7,13,-31.1,0.75,773.29,1,7,0.375,250,1,70.25,1,5.02,291.98,0.375
2019,7,14,-33.77,0.875,772.01,1,2,0.75,211.25,1,68.5,1,1.39,178.4,0.75
2019,7,15,-36.09,1,777.09,1,9.29,0.875,288.75,1,66.13,1,9.03,288.59,0.875
2019,7,16,-42.14,0.875,772.74,1,14.5,0.75,301.25,1,59.88,1,14.38,303.46,0.75
2019,7,17,-35.32,0.625,769.36,1,10.83,0.75,286,0.625,64.88,1,10.43,284.72,0.625
2019,7,18,-42.18,1,768.95,1,14.12,1,302.5,0.5,58.63,1,12.96,302.5,0.5
2019,7,19,-41.3,1,768.6,1,16.86,0.875,307.5,1,59.38,1,16.76,308.47,0.875
2019,7,20,-37.24,1,769.06,1,13.67,0.75,310,0.625,63.13,1,13.86,301.2,0.375
2019,7,21,-40.19,1,770.53,1,13.4,0.625,312,0.625,60.13,1,15.44,315.16,0.25
2019,7,22,-36.69,0.875,779.03,1,NA,0,317.5,1,64.13,1,NA,NA,0
2019,7,23,-36.53,0.75,783.41,1,10.33,0.375,305,1,57.25,1,10.11,306.49,0.375
2019,7,24,-38.21,0.875,777.11,1,17.67,0.375,307.5,1,59.38,1,17.67,320,0.375
2019,7,25,-43.94,1,769.86,1,15.62,1,310,0.25,57.13,1,16.5,310,0.25
2019,7,26,-45.33,1,763.01,1,16.57,0.875,305,0.25,55.5,1,14.94,304.67,0.25
2019,7,27,-43.52,0.75,764.75,1,14,0.75,313.75,1,59.63,1,13.9,312.03,0.75
2019,7,28,-37.34,0.625,765.66,1,16.67,0.375,307.5,1,64.63,1,16.61,316,0.375
2019,7,29,-41.41,1,762.11,1,18,0.625,311.67,0.75,58.63,1,17.27,306.54,0.375
2019,7,30,-43.89,1,761.68,1,13.75,0.5,300,0.75,56.25,1,13.71,302.54,0.5
2019,7,31,-47.23,0.875,764.88,1,17,0.375,NA,0.125,53.5,1,NA,NA,0
2019,8,1,-43.84,0.875,761.65,1,14.17,0.75,NA,0,56.25,1,NA,NA,0
2019,8,2,-43.63,1,760.57,1,12.86,0.875,304.29,0.875,56.75,1,13.06,304.19,0.75
2019,8,3,-43.76,0.875,764.26,1,13.14,0.875,303.75,1,56.63,1,13.04,303.16,0.875
2019,8,4,-37.39,1,766.03,1,NA,0.125,211.25,1,63.88,1,NA,NA,0.125
2019,8,5,-38.92,0.625,776.5,1,4,0.75,283.75,1,61.38,1,2.96,312.34,0.75
2019,8,6,-37.84,0.875,777.43,1,10.2,0.625,304,0.625,63.88,1,10.5,310,0.25
2019,8,7,-42.29,1,776.3,1,12.14,0.875,311.25,1,58.75,1,11.97,310.91,0.875
2019,8,8,-44.38,1,771.6,1,15.75,0.5,318.75,1,56.63,1,15.63,319.52,0.5
2019,8,9,-46.54,1,768.07,1,12.5,0.5,318.75,1,54,1,12.46,323.2,0.5
2019,8,10,-47.15,1,756.76,1,13,0.875,322.5,1,52.88,1,12.92,321.1,0.875
2019,8,11,-42.99,1,753.08,1,15.33,0.75,292.5,0.5,57.25,1,13.45,295.19,0.25
2019,8,12,-43.21,0.875,756.98,1,15.71,0.875,302.5,1,57.63,1,15.49,301.15,0.875
2019,8,13,-45.24,1,760.69,1,16,1,312.5,0.5,55,1,15.57,312.24,0.5
2019,8,14,-45.08,1,762.45,1,16.33,0.75,312.5,0.5,53.63,1,14.77,310,0.25
2019,8,15,-44.28,1,761,1,14.4,0.625,305,0.5,54,1,13.62,303.17,0.375
2019,8,16,-49.48,0.75,760.16,1,15.14,0.875,296.67,0.375,49.5,1,15.44,294.84,0.25
2019,8,17,-53.8,0.875,754.6,1,18.14,0.875,306.67,0.375,46.13,1,17.93,304.44,0.25
2019,8,18,-53.18,1,751.2,1,18.83,0.75,313.75,1,46,1,18.77,313.18,0.75
2019,8,19,-47.03,0.875,754.68,1,15.88,1,313.75,1,52.75,1,15.82,313.86,1
2019,8,20,-48.8,1,755.93,1,18.43,0.875,314.29,0.875,50.88,1,18.26,315,0.75
2019,8,21,-47.95,1,760.94,1,16.71,0.875,307.5,0.5,52,1,16.83,310.2,0.375
2019,8,22,-45.63,1,756.04,1,16.33,0.375,302,0.625,54.25,1,NA,NA,0.125
2019,8,23,-49.5,1,751.24,1,15.62,1,304,0.625,50.25,1,15.34,304.02,0.625
2019,8,24,-48.69,1,755.71,1,11.12,1,313.33,0.375,50.75,1,11.52,314.32,0.375
2019,8,25,-36.64,0.625,749.82,1,7.5,0.25,216.25,1,62,1,5.59,283.43,0.25
2019,8,26,-36.65,1,743.28,1,7.5,0.75,305,0.75,64.63,1,7.73,307.42,0.5
2019,8,27,-37.45,1,744.04,1,10,1,308.75,1,64.13,1,9.91,308.74,1
2019,8,28,-40.84,0.875,751.69,1,11.33,0.375,300,1,61.13,1,11.3,307.36,0.375
2019,8,29,-40.07,1,754.11,1,NA,0,275,1,61.13,1,NA,NA,0
2019,8,30,-45.68,1,756.6,1,14.5,0.75,310,0.375,54.63,1,12.54,309.74,0.375
2019,8,31,-49.44,1,757.98,1,15.71,0.875,NA,0.125,50.25,1,NA,NA,0.125
2019,9,1,-44.5,1,756.29,1,15.75,1,305,1,54.63,1,15.69,305,1
2019,9,2,-47.88,1,751.24,1,17.38,1,306.67,0.375,51.75,1,16.94,306.67,0.375
2019,9,3,-47.33,0.75,748.79,1,15.6,0.625,307.5,0.5,52.75,1,14.7,306.95,0.5
2019,9,4,-43.26,0.875,754.5,1,12.33,0.375,317.5,1,57.14,0.875,12.21,309.46,0.375
2019,9,5,-45.67,0.75,748.63,0.875,15.5,0.25,306.25,1,53.88,1,15.27,309.02,0.25
2019,9,6,-47.8,0.875,752.76,1,9.67,0.75,301.43,0.875,52.75,1,9.12,307.82,0.625
2019,9,7,-48.38,1,755.01,1,13.5,0.25,310,0.375,51.5,1,NA,NA,0.125
2019,9,8,-49.59,1,750.5,1,NA,0.125,316.25,1,50.13,1,NA,NA,0.125
2019,9,9,-49.83,0.875,745.74,1,16.4,0.625,310,0.5,49.75,1,NA,NA,0.125
2019,9,10,-50.52,0.75,749.18,1,13.71,0.875,305,0.5,49.75,1,13.7,304.91,0.5
2019,9,11,-54.61,1,751,1,16,0.875,315.71,0.875,44.63,1,15.94,315.45,0.875
2019,9,12,-54.12,1,749.35,1,15,0.375,318,0.625,44.38,1,14.94,314.67,0.25
2019,9,13,-47.66,1,752.29,1,12.38,1,313.33,0.375,51.5,1,12.62,313.42,0.375
2019,9,14,-50,0.875,756.31,1,16.4,0.625,304,0.625,48.63,1,17,310,0.25
2019,9,15,-48.14,0.875,752.82,1,15.67,0.75,302.5,1,50.5,1,15.63,301.59,0.75
2019,9,16,-47.68,1,742.61,1,15.25,0.5,307.5,0.5,51.38,1,15.61,306.81,0.375
2019,9,17,-48.88,1,741.54,1,14.5,0.75,301.25,1,49.88,1,14.4,301.84,0.75
2019,9,18,-47.19,0.875,754.56,1,14.17,0.75,302.5,0.5,50.38,1,14.94,305.33,0.25
2019,9,19,-45.09,0.875,765.98,1,NA,0.125,322.5,1,54.63,1,NA,NA,0.125
2019,9,20,-46.65,0.75,753.25,1,10.75,0.5,297.5,1,52,1,10.47,296.52,0.5
2019,9,21,-50.33,1,754.91,1,13.33,0.75,310,1,48.38,1,13.13,311.6,0.75
2019,9,22,-45.66,0.875,760.59,1,9.5,0.75,312.5,1,53.88,1,9.38,311.59,0.75
2019,9,23,-46.58,1,761.14,1,19,0.25,312.5,1,53.38,1,18.72,312.13,0.25
2019,9,24,-46.63,1,759.3,1,16.25,0.5,317.5,0.5,53.13,1,15.94,315,0.25
2019,9,25,-46.64,1,763.24,1,15,0.375,316.25,1,52.88,1,14.8,316.64,0.375
2019,9,26,-44.45,0.75,759.39,1,13.14,0.875,320,0.625,55.38,1,12.87,323.48,0.5
2019,9,27,-46.7,0.875,758.57,1,12.38,1,311.43,0.875,52.88,1,11.78,310.45,0.875
2019,9,28,-44,0.75,755.79,1,13.75,0.5,320,0.875,55.25,1,12.86,320.77,0.375
2019,9,29,-45.79,1,751.13,1,13.8,0.625,317.5,1,52.63,1,13.68,318.25,0.625
2019,9,30,-48.53,1,740.46,1,21,0.25,316.25,1,50.88,1,21,310,0.25
2019,10,1,-43.8,0.5,742.14,1,12.5,0.25,286.25,1,57.5,1,12.31,310.4,0.25
2019,10,2,-42.75,0.75,749.29,1,8.5,0.75,273.75,1,56.5,1,6.29,291.3,0.75
2019,10,3,-44.04,0.875,748.16,1,10.83,0.75,310,0.375,56.13,1,10,310,0.375
2019,10,4,-44.6,1,749.71,1,11.14,0.875,300,0.875,55.25,1,11.15,298.71,0.75
2019,10,5,-40.64,0.625,748.27,0.875,12.57,0.875,300,0.375,59.5,1,11.89,300.56,0.375
2019,10,6,-43.6,0.75,748.21,1,14.5,0.75,300,1,56.13,1,14.36,300.35,0.75
2019,10,7,-41.95,0.75,744.86,1,14.25,0.5,303.75,1,58.38,1,14.11,302.82,0.5
2019,10,8,-43.38,0.75,749.3,1,NA,0.125,308.75,1,54.88,1,NA,NA,0.125
2019,10,9,-43.75,1,754.54,1,13.67,0.375,296.25,1,52.38,1,13.47,307.29,0.375
2019,10,10,-41.95,0.75,755.55,1,10.33,0.375,244,0.625,57.63,1,NA,NA,0
2019,10,11,-42.25,0.75,764.39,1,NA,0.125,311.43,0.875,58.88,1,NA,NA,0.125
2019,10,12,-39.4,0.75,767.35,1,14.33,0.375,310,1,61.5,1,14.14,316.95,0.375
2019,10,13,-39.25,0.75,755.55,1,14.67,0.375,287.5,0.5,61,1,12,280,0.25
2019,10,14,-42.1,1,753.09,1,10.8,0.625,307.14,0.875,58.63,1,10.67,309.81,0.625
2019,10,15,-42.2,0.5,751.99,1,9.25,0.5,308,0.625,60.38,1,4.48,304.44,0.25
2019,10,16,-45.11,0.875,750.73,1,NA,0.125,306.67,0.75,55.13,1,NA,NA,0.125
2019,10,17,-45.76,0.875,753.66,1,NA,0.125,316.67,0.375,55,1,NA,NA,0.125
2019,10,18,-44.9,0.5,756.96,1,NA,0.125,308.75,1,55.88,1,NA,NA,0.125
2019,10,19,-35.08,0.625,766.46,1,7.17,0.75,297.5,1,64.5,1,6.8,306.5,0.75
2019,10,20,-31.78,0.625,769.35,1,NA,0.125,253.75,1,69.88,1,NA,NA,0.125
2019,10,21,-34.37,0.75,766.35,1,10.62,1,297.5,1,62.13,1,10.43,298.25,1
2019,10,22,-36.98,0.75,766.46,1,7.8,0.625,282.5,1,58.38,1,7.66,284.62,0.625
2019,10,23,-38.06,0.625,765.8,1,6.25,0.5,288.33,0.75,62.75,1,5.54,280.56,0.5
2019,10,24,-35.94,1,765.69,1,9,0.625,307.14,0.875,65.13,1,8.81,313.99,0.625
2019,10,25,-33.83,0.875,766.44,1,13,0.625,296,0.625,64.88,1,13.74,298.38,0.375
2019,10,26,-37.73,0.75,762.9,1,19,0.625,296,0.625,62,1,19.05,297.13,0.5
2019,10,27,-38.79,0.875,762.65,1,17.5,0.5,300,0.625,62.25,1,19,300,0.25
2019,10,28,-36.53,0.5,764.28,1,8.25,0.5,298.75,1,64,1,8.22,305.46,0.5
2019,10,29,-30.08,0.75,768.43,1,5,0.75,282.5,1,70.75,1,3.25,292.56,0.75
2019,10,30,-30.64,0.625,767.6,1,7.6,0.625,311.25,1,67.88,1,7.36,310.54,0.625
2019,10,31,-36.53,0.75,764.5,1,15.83,0.75,303.75,1,63.63,1,15.75,299.16,0.75
2019,11,1,-34.4,0.625,766.85,1,11,0.5,308.75,1,66.5,1,10.59,309.07,0.5
2019,11,2,-34.82,0.75,767.44,1,14.33,0.75,306.25,1,65.5,1,14.19,308.83,0.75
2019,11,3,-34.02,0.625,771.3,1,16,0.375,301.25,1,64.88,1,15.95,302.5,0.375
2019,11,4,-26.13,0.375,774.7,0.875,11.2,0.625,307.14,0.875,72.14,0.875,10.89,304.53,0.625
2019,11,5,-28.72,0.625,773.14,1,14,0.5,310,1,68.13,1,13.87,304.31,0.5
2019,11,6,-29.76,0.625,771.76,1,13,0.75,298,0.625,68.75,1,12.95,294.23,0.5
2019,11,7,-27.65,0.75,770.94,1,12.57,0.875,NA,0.125,70.63,1,NA,NA,0.125
2019,11,8,-27.24,0.625,771.58,1,13.5,0.5,298.57,0.875,59.5,1,12.95,296.41,0.375
2019,11,9,-27.8,0.875,775.2,1,12.33,0.375,301.25,1,59.88,1,12.21,298.64,0.375
2019,11,10,-24.26,0.875,776.99,1,8.57,0.875,293.33,0.375,65.25,1,8.47,294.12,0.25
2019,11,11,-23.75,0.75,776.41,1,9.33,0.75,297.5,1,64.38,1,9.16,298.78,0.75
2019,11,12,-25.07,0.375,770.15,1,11.2,0.625,313.75,1,66.63,1,10.92,312.09,0.625
2019,11,13,-24.9,0.75,766.65,1,11.71,0.875,315,1,67.25,1,11.43,313.69,0.875
2019,11,14,-25.88,0.5,772.16,1,6,0.625,281.25,1,64.13,1,5.93,291.34,0.625
2019,11,15,-25.73,0.375,776.6,1,5,0.75,262.5,1,60.63,1,4.31,269.98,0.75
2019,11,16,-27.74,0.625,771.7,1,6,0.5,287.5,1,64.63,1,5.82,270,0.5
2019,11,17,-29.3,0.25,768,1,8.25,0.5,281.25,1,66.5,1,8.13,303.6,0.5
2019,11,18,-30.05,0.25,769.89,1,6,0.375,293.75,1,72.38,1,5.52,283.4,0.375
2019,11,19,-29,0.625,770.16,1,10,0.375,303.75,1,71,1,9.74,295.66,0.375
2019,11,20,-28,0.625,768.3,1,NA,0.125,300,1,70.38,1,NA,NA,0.125
2019,11,21,-27.87,0.375,771.97,1,8.4,0.625,301.25,1,69.5,1,8.38,312.38,0.625
2019,11,22,-20.48,0.75,773,1,8,0.25,253.75,1,77.63,1,7.88,308.74,0.25
2019,11,23,-21.29,0.875,773.48,1,14,0.25,223.75,1,80.5,1,6.94,193.5,0.25
2019,11,24,-23.08,0.5,773.64,1,6,0.5,283.75,1,73.75,1,5.44,285.37,0.5
2019,11,25,-24.28,0.625,774.2,1,8.75,0.5,306.25,1,77.38,1,8.62,310.24,0.5
2019,11,26,-23.05,1,771.48,1,7.5,0.75,301.25,1,75.5,1,6.92,308.61,0.75
2019,11,27,-23.75,0.75,765.11,1,6.6,0.625,280,1,75.63,1,5.08,285.87,0.625
2019,11,28,-24.75,0.75,765.66,1,10.25,0.5,295,1,74.38,1,9.94,297.54,0.5
2019,11,29,-23.73,0.5,772.3,1,7.5,0.5,305,1,76.75,1,7.23,311.36,0.5
2019,11,30,-19.13,0.375,772.79,1,5.6,0.625,275,1,70.25,1,4.85,284.53,0.625
2019,12,1,-21.64,0.625,772.46,1,7,0.375,306.25,1,73.25,1,6.46,305.55,0.375
2019,12,2,-23.13,0.5,780.57,1,NA,0.125,303.75,1,67.5,1,NA,NA,0.125
2019,12,3,-21.54,0.625,786.26,1,12.5,0.5,292.5,1,66.63,1,12,301.48,0.5
2019,12,4,-21.44,0.625,780.54,1,NA,0,261.25,1,71.63,1,NA,NA,0
2019,12,5,-22.5,0.5,774.19,1,10.67,0.375,253.75,1,72.25,1,10.21,311.46,0.375
2019,12,6,-20.3,0.75,775.15,1,7,0.25,240,1,75,1,5.15,210.95,0.25
2019,12,7,-18.58,0.75,774.4,1,8.75,0.5,233.75,1,72.25,1,8.36,234.28,0.5
2019,12,8,-19.23,0.5,774.51,1,6.33,0.375,238.75,1,72.63,1,4.48,285.08,0.375
2019,12,9,-17.97,0.75,771.86,1,7.75,0.5,302.5,1,76.5,1,7.37,290.88,0.5
2019,12,10,-17.01,0.875,771.5,1,7,0.375,157.5,1,82.14,0.875,6.93,136.23,0.375
2019,12,11,-19.07,0.875,771.59,1,2,0.375,166.25,1,70.5,1,1.02,115.88,0.375
2019,12,12,-17.35,0.5,774.56,1,4.5,0.75,228.75,1,78.13,1,1.11,295.36,0.75
2019,12,13,-15.9,0.625,775.5,1,3.8,0.625,242.5,1,69.75,1,2.84,308.01,0.625
2019,12,14,-16.36,1,776.29,1,7.5,0.25,148.75,1,74.25,1,3.77,53.41,0.25
2019,12,15,-16.5,1,774.05,1,20.67,0.375,130,1,86,1,20.61,132.41,0.375
2019,12,16,-15.69,1,777.26,1,NA,0.125,140,1,86.63,1,NA,NA,0.125
2019,12,17,-15.07,0.875,776.66,1,5.83,0.75,256.25,1,75,1,5.23,274.55,0.75
2019,12,18,-17.12,0.75,772.99,1,7,0.375,260,0.625,71,1,6.13,264.8,0.25
2019,12,19,-17.65,1,777.89,1,12,0.25,145,1,81.75,1,11.82,119.16,0.25
2019,12,20,-19.24,1,777.14,1,NA,0,146,0.625,83.38,1,NA,NA,0
2019,12,21,-17.88,1,778.15,1,9.5,0.25,183.75,1,83.88,1,7.42,155.4,0.25
2019,12,22,-16.96,0.625,776.65,1,3.33,0.375,280,1,66.38,1,3.28,300,0.375
2019,12,23,-19.8,0.625,771.68,1,6.6,0.625,271.25,1,66.25,1,5.26,270.01,0.625
2019,12,24,-20.46,0.625,767.17,1,10.25,0.5,290,1,71.13,1,10.18,299.02,0.5
2019,12,25,-19.14,0.625,766.5,1,6.5,0.25,222.5,1,76.57,0.875,3.5,281.79,0.25
2019,12,26,-18.12,0.625,767.55,1,8.75,0.5,265,1,72.13,1,5.73,270.76,0.5
2019,12,27,-18.92,0.75,766.93,1,9.5,0.5,288,0.625,75,1,10.83,290.92,0.25
2019,12,28,-16.52,0.75,770.56,1,5.2,0.625,160,1,85.43,0.875,5.08,134.91,0.625
2019,12,29,-17.3,0.875,772.89,1,10.5,0.5,193.75,1,80.63,1,10.39,126.65,0.5
2019,12,30,-15.61,0.875,776.09,1,7,0.25,275,1,69.75,1,6.98,293.57,0.25
2019,12,31,-17.38,0.625,778.46,1,4.2,0.625,213.75,1,71.43,0.875,3.32,204.17,0.625
2020,1,1,-15.58,1,779.26,1,4.67,0.375,241.25,1,79.38,1,2.87,217.33,0.375
2020,1,2,-15.34,0.875,774.74,1,8.17,0.75,290,0.625,76.75,1,7.39,290.8,0.625
2020,1,3,-13.5,1,770.7,1,7,0.875,288.75,1,79.5,1,6.89,289.01,0.875
2020,1,4,-14.3,0.75,769.57,1,9.6,0.625,272,0.625,73.38,1,8.17,268.86,0.375
2020,1,5,-15.23,0.75,771.3,1,5.8,0.625,283.75,1,74,1,5.78,285.86,0.625
2020,1,6,-18.63,0.75,771.51,1,7.2,0.625,281.25,1,71.13,1,6.94,270.44,0.625
2020,1,7,-18.27,0.375,777,1,3.75,0.5,251.25,1,71.75,1,3.03,232.06,0.5
2020,1,8,-20.4,0.5,776.45,1,8.2,0.625,293.75,1,73.25,1,7.87,300.61,0.625
2020,1,9,-20.83,0.5,772.04,0.875,9,0.375,256.25,1,69,1,8.47,293.36,0.375
2020,1,10,-20.03,0.375,772.53,1,8,0.25,278.75,1,76,1,7.97,286.88,0.25
2020,1,11,-20.28,0.75,771.74,1,9.2,0.625,290,1,76.5,1,9.1,295.62,0.625
2020,1,12,-18.1,0.75,771.08,1,6.5,0.5,182.5,1,76.25,1,6.35,170,0.5
2020,1,13,-19.29,0.875,772.76,1,9.2,0.625,225,1,79.25,1,4.14,204.3,0.625
2020,1,14,-21.03,0.75,771.4,1,9.29,0.875,293.75,1,72.5,1,8.7,297.89,0.875
2020,1,15,-20.16,0.625,771.13,1,10,0.625,310,1,72.75,1,9.69,309.29,0.625
2020,1,16,-19.33,0.5,768.13,1,5.17,0.75,262.5,1,74.75,1,3.76,276.51,0.75
2020,1,17,-20.25,0.75,768.86,1,12,0.375,310,1,77.63,1,11.96,326.39,0.375
2020,1,18,-20.82,0.625,768.38,1,12.5,0.5,302.5,1,72.13,1,11.63,303.54,0.5
2020,1,19,-22.3,0.5,764.78,1,11.4,0.625,292.5,1,74,1,11.07,295.71,0.625
2020,1,20,-18.88,0.5,765.68,1,5.33,0.375,273.75,1,72.63,1,4.54,285.36,0.375
2020,1,21,-20.45,0.75,771.5,1,13,0.875,307.5,1,71.63,1,12.82,307.59,0.875
2020,1,22,-22,0.5,779.06,1,11.67,0.375,305,1,69.88,1,11.16,311.52,0.375
2020,1,23,-21.33,0.5,779.23,1,7,0.375,303.75,1,66.75,1,6.92,291.92,0.375
2020,1,24,-22.33,0.75,781.23,1,NA,0.125,278.75,1,70.5,1,NA,NA,0.125
2020,1,25,-23.1,0.375,774.9,1,11,0.375,291.25,1,71.63,1,10.89,300.3,0.375
2020,1,26,-17.82,0.625,772.15,1,4.4,0.625,161.25,1,81.88,1,1.8,355.6,0.625
2020,1,27,-19.78,0.5,770.89,1,3.29,0.875,293.75,1,71.13,1,3.01,297.18,0.875
2020,1,28,-19.48,1,772.59,1,6,0.625,290,1,72.38,1,5.96,284.31,0.625
2020,1,29,-20.18,0.75,769.11,1,9,0.625,300,1,67.75,1,8.45,301.65,0.625
2020,1,30,-21.45,0.5,765.65,1,5.5,0.5,290,1,73.38,1,5.46,293.19,0.5
2020,1,31,-20.48,1,767.76,1,6.33,0.375,156.25,1,81.38,1,6.24,152.66,0.375
2020,2,1,-19.11,1,768.23,1,16,0.25,138.75,1,83.5,1,15.94,144.69,0.25
2020,2,2,-19.31,1,767.28,1,NA,0.125,153.75,1,83.25,1,NA,NA,0.125
2020,2,3,-18,0.5,767.9,1,4.67,0.75,247.5,1,82,1,2.13,215.85,0.75
2020,2,4,-19.33,0.75,765.84,1,7.4,0.625,288.75,1,73.38,1,7.37,294.32,0.625
2020,2,5,-19.38,0.75,764.55,1,9.5,0.5,296.25,1,71.38,1,9.26,305.28,0.5
2020,2,6,-19.74,1,761.81,1,5.25,0.5,296.25,1,71,1,5.15,295.72,0.5
2020,2,7,-22.27,0.75,762.46,1,7.5,0.25,296.25,1,74,1,7.47,276,0.25
2020,2,8,-21.97,0.75,768.11,1,10.14,0.875,296.25,1,76.5,1,9.57,297.09,0.875
2020,2,9,-18.2,0.5,766.95,1,12.25,0.5,281.25,1,78.25,1,11.18,281,0.5
2020,2,10,-24.98,1,764.79,1,12,0.5,294,0.625,71.88,1,10.82,297.28,0.25
2020,2,11,-18.8,0.75,767.55,1,7,0.375,276.25,1,79.13,1,6.93,311.91,0.375
2020,2,12,-24.3,0.5,765.57,1,7.4,0.625,296.25,1,72.75,1,7.38,297.57,0.625
2020,2,13,-21.04,0.625,764.19,1,NA,0.125,311.25,1,76.5,1,NA,NA,0.125
2020,2,14,-23.12,0.625,761.97,1,13.17,0.75,316.25,1,70.88,1,13.08,312.41,0.75
2020,2,15,-24.44,0.625,765.96,1,4.5,0.25,271.25,1,64.88,1,4.48,296.67,0.25
2020,2,16,-20.38,0.5,769.68,1,9.17,0.75,306.25,1,70.5,1,8.61,303.72,0.75
2020,2,17,-30.13,0.875,773.1,1,NA,0,282.5,1,68,1,NA,NA,0
2020,2,18,-28.3,0.375,772.08,1,6.67,0.375,233.75,1,62.38,1,6.17,295.31,0.375
2020,2,19,-31.54,0.625,766.31,0.875,10.75,0.5,282.86,0.875,62.25,1,9.89,290.67,0.375
2020,2,20,-35.06,0.625,763.93,1,NA,0.125,301.67,0.75,66.63,1,NA,NA,0.125
2020,2,21,-33.95,0.5,757.7,1,12.71,0.875,306.67,0.75,69.25,1,11.71,307.79,0.625
2020,2,22,-26.52,0.625,754.55,1,8.17,0.75,298.75,1,74.5,1,8.05,296.16,0.75
2020,2,23,-26.17,0.875,757.31,1,11,0.375,302.5,1,76.88,1,10.79,302.68,0.375
2020,2,24,-27.26,0.875,761.11,1,9.71,0.875,316.25,1,75.5,1,9.6,314.99,0.875
2020,2,25,-27.87,0.75,760,1,14.5,0.75,313.75,1,72.63,1,14.23,315.32,0.75
2020,2,26,-28.03,0.5,761.75,1,3.4,0.625,260,1,73.71,0.875,3.27,255.55,0.625
2020,2,27,-26.78,0.625,769.47,1,6.17,0.75,280,1,75.13,1,4.67,280.95,0.75
2020,2,28,-34.15,0.75,764.61,1,12.4,0.625,292,0.625,66.88,1,11.3,296.77,0.375
2020,2,29,-32.79,1,759.19,1,9.5,0.5,272.5,1,64,1,9.36,285.53,0.5
2020,3,1,-35.46,0.875,757.45,1,15,0.25,297.5,1,62.63,1,15,290,0.25
2020,3,2,-39.23,0.5,753.76,1,NA,0,300,1,56.63,1,NA,NA,0
2020,3,3,-23.2,0.5,755.38,1,NA,0.125,72,0.625,72.25,1,NA,NA,0.125
2020,3,4,-24.02,0.75,760.58,1,14,0.375,97.5,1,78,0.875,9.28,60.79,0.375
2020,3,5,-24.18,1,756.21,1,4.5,0.5,85,1,78.88,1,4.45,98.32,0.5
2020,3,6,-23.03,1,754.35,1,NA,0,111.25,1,80.38,1,NA,NA,0
2020,3,7,-24.88,0.75,758.89,1,NA,0,197.5,1,76.88,1,NA,NA,0
2020,3,8,-36.08,0.75,753.78,1,NA,0.125,307.5,1,65,1,NA,NA,0.125
2020,3,9,-42.67,0.75,749.46,1,14.5,0.5,294,0.625,60,1,15.11,292.2,0.375
2020,3,10,-33.44,0.625,755.56,1,14,0.375,288.75,1,68.13,1,13.62,293.56,0.375
2020,3,11,-38.55,0.75,753.8,1,NA,0,300,0.625,63.13,1,NA,NA,0
2020,3,12,-42.6,0.75,753.89,1,17,0.375,298.75,1,57.63,1,16.95,297.06,0.375
2020,3,13,-35.74,0.625,760.05,1,9.67,0.375,298.75,1,67.5,1,9.56,287.92,0.375
2020,3,14,-24.91,0.875,758.13,1,19.67,0.375,297.5,1,76.63,1,19.67,0,0.375
2020,3,15,-34.14,0.875,756.23,1,12,0.5,270,0.75,68,1,12.45,275.2,0.25
2020,3,16,-38.96,1,752.94,1,12,0.75,276.25,1,63.38,1,11.8,278.22,0.75
2020,3,17,-42.69,0.875,749.31,1,11.5,0.25,271.25,1,59.13,1,11.46,265.65,0.25
2020,3,18,-42.37,0.75,752.19,1,12.86,0.875,288,0.625,59.13,1,11.41,290.22,0.5
2020,3,19,-36.62,0.75,757.86,1,NA,0.125,303.75,1,65.5,1,NA,NA,0.125
2020,3,20,-37.04,0.625,760.45,1,NA,0,292.5,1,69.13,1,NA,NA,0
2020,3,21,-26.81,0.875,761.32,1,NA,0.125,328.75,1,73.13,1,NA,NA,0.125
2020,3,22,-17.08,0.75,762.86,1,NA,0.125,6.25,1,85.75,1,NA,NA,0.125
2020,3,23,-30.08,0.625,756.96,1,4.5,0.25,243.75,1,72.63,1,4.48,255.56,0.25
2020,3,24,-48.73,0.75,752.35,1,15,0.375,278.75,1,53.38,1,14.68,280.6,0.375
2020,3,25,-44.63,1,750.66,1,14,1,310,1,57.25,1,13.84,310.48,1
2020,3,26,-42.84,0.875,746.75,1,15.2,0.625,298.75,1,59.75,1,15.1,299.74,0.625
2020,3,27,-34.81,0.875,747.56,1,NA,0.125,311.25,1,67.13,1,NA,NA,0.125
2020,3,28,-40.77,0.75,748.53,1,NA,0.125,311.25,1,60.13,1,NA,NA,0.125
2020,3,29,-39.44,0.625,766.76,1,NA,0.125,318.75,1,63.5,1,NA,NA,0.125
2020,3,30,-35.3,0.625,773.61,1,20.5,0.25,307.5,1,66.63,1,19.26,330.51,0.25
2020,3,31,-36.84,1,774.15,1,13,0.375,296.25,1,65,1,12.96,296.67,0.375
2020,4,1,-44.08,1,762.4,1,16,0.5,307.5,1,57.63,1,15.82,304.96,0.5
2020,4,2,-44.5,1,756.2,1,17.25,0.5,310,1,56.75,1,17.13,310.29,0.5
2020,4,3,-45.38,1,763.61,1,NA,0.125,316.67,0.75,55.63,1,NA,NA,0
2020,4,4,-42.36,1,774.07,1,20,0.375,298.57,0.875,59.25,1,19.79,300.17,0.375
2020,4,5,-35.98,0.625,768.99,1,12,0.375,276,0.625,65.75,1,11.76,268.67,0.375
2020,4,6,-42.01,1,768.83,1,NA,0.125,317.5,1,59.75,1,NA,NA,0.125
2020,4,7,-45.6,1,760.95,1,19.67,0.375,311.67,0.75,55,1,NA,NA,0.125
2020,4,8,-48.06,0.875,754.2,1,17.62,1,305,0.25,52.88,1,17.93,304.72,0.25
2020,4,9,-46.23,1,751.35,1,17,0.875,302.5,1,54.38,1,16.97,301.51,0.875
2020,4,10,-46.31,1,751.87,1,14.5,1,305,1,54.13,1,14.44,305,1
2020,4,11,-47.72,1,756.76,1,15.57,0.875,305,0.5,53.13,1,13.7,305.09,0.5
2020,4,12,-49.9,0.5,753.25,1,NA,0.125,308,0.625,51.75,1,NA,NA,0
2020,4,13,-51.11,1,754.11,1,NA,0.125,310,0.625,48.88,1,NA,NA,0
2020,4,14,-44.55,0.75,761.95,1,NA,0.125,307.5,1,55.63,1,NA,NA,0.125
2020,4,15,-41.49,1,755.64,1,NA,0,315,0.75,59.13,1,NA,NA,0
2020,4,16,-47.83,1,759.08,1,16,0.375,302.86,0.875,52.5,1,15.61,316.92,0.375
2020,4,17,-45.04,1,759.75,1,9.86,0.875,313.75,1,55.5,1,9.7,318.28,0.875
2020,4,18,-39.78,1,747.65,1,NA,0,296.25,1,61.75,1,NA,NA,0
2020,4,19,-44.7,1,746.68,1,11.5,0.5,310,0.75,56.5,1,11.96,304.16,0.375
2020,4,20,-44.8,0.875,759.32,1,15,0.375,318.57,0.875,57.25,1,17.93,314.72,0.25
2020,4,21,-37.47,0.75,765.23,1,10.5,0.25,212.5,1,64.25,1,10.15,307.19,0.25
2020,4,22,-30.94,1,771.66,1,NA,0,261.25,1,71.38,1,NA,NA,0
2020,4,23,-35.42,0.75,767.69,1,NA,0.125,318.75,1,66.63,1,NA,NA,0.125
2020,4,24,-39.86,0.875,764.26,1,NA,0.125,311.25,1,60.75,1,NA,NA,0.125
2020,4,25,-45.19,1,763.97,1,15,0.25,315.71,0.875,56,1,NA,NA,0.125
2020,4,26,-41.78,0.75,767.65,1,12.5,0.25,283.33,0.375,60.63,1,NA,NA,0.125
2020,4,27,-42.68,1,769.16,1,15,0.875,302.5,0.5,57.88,1,15.2,302.95,0.5
2020,4,28,-43.69,1,770.84,1,12.88,1,295,0.75,55.88,1,13.28,295,0.75
2020,4,29,-44.25,1,773.26,1,16.4,0.625,305,0.75,56,1,16.69,304.93,0.5
2020,4,30,-44.05,1,768.89,1,19,0.375,316.25,1,56.13,1,19,320,0.375
2020,5,1,-44.03,1,763.5,1,14.29,0.875,317.5,1,56.63,1,14.19,318.6,0.875
2020,5,2,-48.11,1,765.1,1,13.67,0.375,300,0.625,52.25,1,13.62,302.92,0.375
2020,5,3,-48.7,0.75,765.7,1,18.6,0.625,310,0.375,50.75,1,17.93,315,0.25
2020,5,4,-47.67,0.875,764.1,1,14.12,1,296.67,0.75,52.13,1,13.55,297.43,0.75
2020,5,5,-44.2,1,762.15,1,13.8,0.625,305,0.5,56.13,1,13.29,303.25,0.375
2020,5,6,-48.01,1,756.69,1,20.25,0.5,312.5,0.5,52.13,1,19.5,310,0.25
2020,5,7,-50.31,0.875,759.9,1,17.5,0.5,310,1,49.5,1,17.45,307.72,0.5
2020,5,8,-46.54,1,758.32,1,NA,0.125,320,1,53.63,1,NA,NA,0.125
2020,5,9,-45.68,1,764.83,1,14,0.25,298.75,1,53.63,1,14,290,0.25
2020,5,10,-40.75,1,763.44,1,14.29,0.875,295,1,58.5,1,14.23,295.4,0.875
2020,5,11,-41.5,1,763.9,1,14.67,0.375,311.25,1,58.5,1,14.62,303.18,0.375
2020,5,12,-38.15,0.75,765.61,1,16,0.25,250,0.75,61.13,1,NA,NA,0.125
2020,5,13,-49.36,0.875,762.24,1,18,0.25,290,0.5,51.13,1,NA,NA,0.125
2020,5,14,-44.08,1,758.04,1,13.5,0.75,300,0.375,56.5,1,14.44,294.83,0.25
2020,5,15,-43.81,1,758.78,1,16,0.5,302,0.625,57.25,1,16.5,300,0.25
2020,5,16,-41.85,1,758.59,1,NA,0.125,305.71,0.875,59,1,NA,NA,0.125
2020,5,17,-44.54,1,754.5,1,18.67,0.375,293.75,1,54.13,1,18.6,293.39,0.375
2020,5,18,-43.55,1,750.59,1,9.5,0.25,272.5,1,56.5,1,9.46,274.21,0.25
2020,5,19,-50.46,0.875,760.01,1,11.86,0.875,306.25,1,49.75,1,11.81,305.91,0.875
2020,5,20,-49.83,0.75,761.63,1,NA,0,310,1,50.25,1,NA,NA,0
2020,5,21,-51.08,0.625,757.19,1,16,0.375,210,0.375,52.75,1,NA,NA,0.125
2020,5,22,-39.22,0.625,750.65,1,NA,0,257.5,1,60.75,1,NA,NA,0
2020,5,23,-47.52,0.75,749.36,1,18.2,0.625,307.5,0.5,54,1,18.67,310,0.375
2020,5,24,-48.43,0.75,749.76,1,21.2,0.625,305,0.25,52.13,1,21.42,305.12,0.25
2020,5,25,-50.72,1,752.88,1,20.8,0.625,322.5,0.5,49.38,1,22.5,320,0.25
2020,5,26,-48.14,1,754.56,1,12.67,0.375,312,0.625,51.5,1,14,310,0.25
2020,5,27,-48.73,0.75,761.29,1,19,0.375,307.5,0.5,51.25,1,NA,NA,0.125
2020,5,28,-47.67,0.875,760.85,1,NA,0.125,316.25,1,51.75,1,NA,NA,0.125
2020,5,29,-46.56,0.625,758.96,1,18,0.625,304.29,0.875,54.75,1,17.95,297.5,0.5
2020,5,30,-44.03,0.875,749.43,1,17.75,0.5,305,0.75,56.5,1,18.71,301.06,0.25
2020,5,31,-44.64,0.875,748.29,1,17.4,0.625,305,1,55.13,1,17.33,304.6,0.625
2020,6,1,-44.5,1,745.81,1,12.57,0.875,308,0.625,55.88,1,12.17,308.37,0.625
2020,6,2,-42.68,0.75,756.36,1,12,0.375,301.25,1,57.13,1,11.87,301.68,0.375
2020,6,3,-45.6,1,757.76,1,17.2,0.625,312.5,1,54.88,1,16.95,311.88,0.625
2020,6,4,-45.03,0.875,758.1,1,14.33,0.375,298.75,1,55.63,1,14.19,299.3,0.375
2020,6,5,-44.74,0.875,752.96,1,13.5,0.5,308.75,1,55.5,1,13.24,307.64,0.5
2020,6,6,-48.14,1,748.79,1,13.6,0.625,308.75,1,52,1,13.47,308.97,0.625
2020,6,7,-45.8,1,748.8,1,13.2,0.625,305,1,54.5,1,13.09,308.17,0.625
2020,6,8,-52.53,0.75,750.5,1,16.5,0.25,312.5,1,48.13,1,16.44,315.46,0.25
2020,6,9,-49.26,0.875,751.54,1,11.25,1,305,1,51,1,11.21,305.33,1
2020,6,10,-45.15,1,751.93,1,12.75,1,303.33,0.75,55,1,12.29,303.37,0.75
2020,6,11,-49.1,0.875,752.18,1,17.5,0.5,305,0.75,51,1,20,310,0.25
2020,6,12,-52.26,0.875,753.84,1,NA,0,280,0.625,47.38,1,NA,NA,0
2020,6,13,-55.44,0.625,760.11,1,17.5,0.25,288.75,1,45.5,1,17.5,280,0.25
2020,6,14,-52.18,0.75,757.3,1,16.5,0.25,298,0.625,48.5,1,16.5,290,0.25
2020,6,15,-51.53,1,760.04,1,18,0.375,301.25,1,48,1,17.94,296.3,0.375
2020,6,16,-45.95,0.75,758.48,1,17.75,0.5,296,0.625,54,1,17.7,297.61,0.5
2020,6,17,-44.67,0.875,750.71,1,13.5,0.75,287.5,1,54.88,1,13.21,290.82,0.75
2020,6,18,-50.66,1,753.44,1,NA,0.125,306.25,1,49.5,1,NA,NA,0.125
2020,6,19,-51.41,1,749.45,1,11.5,0.25,268.75,1,47.63,1,9.53,293.66,0.25
2020,6,20,-48.14,1,751.15,1,10,0.25,311.25,1,51.38,1,9.85,320,0.25
2020,6,21,-47.85,1,753.81,1,11,0.5,321.25,1,51.88,1,10.86,324.13,0.5
2020,6,22,-48.18,1,752.28,1,10.75,0.5,312.5,1,51.5,1,10.66,311.17,0.5
2020,6,23,-45.1,0.625,755.79,1,13,0.625,311.25,1,56.38,1,12.81,316.32,0.625
2020,6,24,-48.05,0.75,763.76,1,13,0.25,310,1,51.71,0.875,12.6,309.71,0.25
2020,6,25,-49.48,1,769.75,1,11,0.375,317.5,1,50,1,10.68,321.03,0.375
2020,6,26,-47.77,0.75,772.8,1,18.25,0.5,316.25,1,52.25,1,18.2,307.4,0.5
2020,6,27,-40.48,1,776,1,NA,0.125,318.33,0.75,60,1,NA,NA,0.125
2020,6,28,-45.21,1,771.06,1,14.8,0.625,307.14,0.875,55.38,1,14.74,304.32,0.625
2020,6,29,-46.24,1,777.15,1,12.14,0.875,301.25,1,53.75,1,12.1,299.76,0.875
2020,6,30,-42.49,1,780.34,1,11.67,0.375,312.5,1,58,1,11.55,311.15,0.375
2020,7,1,-41.65,1,775.14,1,12.5,0.25,310,0.625,59,1,NA,NA,0.125
2020,7,2,-39.74,1,783.99,1,13,0.5,321.25,1,60.88,1,12.71,316.21,0.5
2020,7,3,-37.9,0.75,783.69,1,14.5,0.75,313.75,1,64.88,1,14.3,313.13,0.75
2020,7,4,-31.64,0.875,769.57,1,12.33,0.375,320,1,69.5,1,12.05,316.8,0.375
2020,7,5,-41.77,0.875,760.75,1,13.5,0.5,311.67,0.75,58.25,1,13.95,306.67,0.375
2020,7,6,-43.74,1,760.64,1,12.8,0.625,317.5,1,52.5,1,12.69,318.12,0.625
2020,7,7,-40.02,0.75,760.74,1,14,0.5,301.25,1,60.13,1,13.74,305.9,0.5
2020,7,8,-35.45,0.5,759,1,NA,0,107.5,1,68.43,0.875,NA,NA,0
2020,7,9,-38.91,1,762.89,1,5.33,0.375,247.5,1,63,1,5.2,302.63,0.375
2020,7,10,-36.45,1,762.4,1,NA,0.125,198.33,0.75,65.5,1,NA,NA,0.125
2020,7,11,-35.06,1,761.85,1,10.5,0.25,205.71,0.875,67.38,1,5.55,170.34,0.25
2020,7,12,-39.48,1,760.36,1,10.14,0.875,303.75,1,62.38,1,10.02,302.7,0.875
2020,7,13,-41.2,0.625,763.95,1,9,0.375,307.5,1,60.75,1,8.7,292.16,0.375
2020,7,14,-47.63,1,759.1,1,NA,0,302.5,1,53.13,1,NA,NA,0
2020,7,15,-44.97,0.75,756.81,1,10.5,0.25,296.25,1,57,1,9.88,302.98,0.25
2020,7,16,-44.83,1,756.23,1,9.75,0.5,310,1,56.13,1,9.6,310.78,0.5
2020,7,17,-49.81,1,765.11,1,16.5,0.25,315,1,50.13,1,16.5,310,0.25
2020,7,18,-51.85,0.75,759.68,1,16.25,0.5,312.5,0.5,47.88,1,NA,NA,0
2020,7,19,-48.36,1,750.32,1,14.4,0.625,317.5,0.5,51.5,1,12.55,320.53,0.375
2020,7,20,-52.05,1,753.29,1,10.67,0.75,306.25,1,47.75,1,10.41,308.08,0.75
2020,7,21,-54.11,1,756.9,1,11.86,0.875,328,0.625,44.63,1,11.77,327.97,0.625
2020,7,22,-51.68,1,754.16,1,11.5,1,316.25,1,47.88,1,11.41,317.05,1
2020,7,23,-47.82,0.75,754.45,1,8,0.25,220,0.625,52.63,1,NA,NA,0
2020,7,24,-43.01,1,749.61,1,NA,0.125,255,1,57.38,1,NA,NA,0.125
2020,7,25,-41.08,0.75,740.94,1,11.4,0.625,320,1,59.38,1,11.21,318.64,0.625
2020,7,26,-41.54,0.875,751.95,1,10.17,0.75,308.75,1,58.75,1,9.68,311.43,0.75
2020,7,27,-44.13,0.875,754.94,1,13,0.5,305,1,57.13,1,12.97,297.89,0.5
2020,7,28,-47.68,0.625,759.05,1,18.67,0.375,311.25,1,51.25,1,17.66,316.67,0.375
2020,7,29,-43.26,0.625,766.83,1,16,0.375,315,1,60.38,1,14.68,316.16,0.375
2020,7,30,-27.98,0.75,761.1,1,NA,0,245,1,74.5,1,NA,NA,0
2020,7,31,-28.5,0.625,752.15,1,3,0.375,165,1,75.63,1,2.76,109.75,0.375
2020,8,1,-31.42,0.625,759.39,1,2.75,0.5,242.86,0.875,69.25,1,1.88,212,0.5
2020,8,2,-48.1,0.875,757.6,1,10.5,0.25,261.67,0.75,53.25,1,9.88,312.98,0.25
2020,8,3,-50.36,1,741.6,1,7.4,0.625,288.75,1,50.75,1,7.03,291.25,0.625
2020,8,4,-52.34,1,740.19,1,7,1,316.25,1,48,1,6.89,316.43,1
2020,8,5,-45.71,0.875,750.64,1,NA,0.125,282.5,1,55.63,1,NA,NA,0.125
2020,8,6,-50.48,1,757.89,1,14,0.625,297.5,0.5,49.88,1,16,300,0.25
2020,8,7,-53.85,1,753.76,1,16.88,1,293.75,1,46,1,16.81,294,1
2020,8,8,-50.8,1,753.76,1,12,0.625,295,0.25,49.13,1,12.95,295,0.25
2020,8,9,-46.13,1,759.94,1,12.86,0.875,306,0.625,54.25,1,12.26,305.81,0.5
2020,8,10,-48.66,1,764.21,1,13.14,0.875,313.33,0.375,51.5,1,13.5,310,0.25
2020,8,11,-49.44,1,766.36,1,11.6,0.625,305,0.5,50.38,1,11,300,0.25
2020,8,12,-46.31,1,763.54,1,14.2,0.625,304.29,0.875,53.75,1,13.7,305.46,0.5
2020,8,13,-37.84,1,761.21,1,11.67,0.375,265,0.75,62.75,1,NA,NA,0.125
2020,8,14,-36.81,1,770.18,1,9.83,0.75,305,1,65.13,1,9.77,304.42,0.75
2020,8,15,-44.68,1,770.61,1,10,0.75,302,0.625,56.5,1,9.96,306.34,0.375
2020,8,16,NA,0.125,NA,0.125,NA,0,NA,0.125,NA,0.125,NA,NA,0
2020,8,17,NA,0,NA,0,NA,0,NA,0,NA,0,NA,NA,0
2020,8,18,NA,0,NA,0,NA,0,NA,0,NA,0,NA,NA,0
2020,8,19,NA,0,NA,0,NA,0,NA,0,NA,0,NA,NA,0
2020,8,20,NA,0,NA,0,NA,0,NA,0,NA,0,NA,NA,0
2020,8,21,NA,0,NA,0,NA,0,NA,0,NA,0,NA,NA,0
2020,8,22,NA,0,NA,0,NA,0,NA,0,NA,0,NA,NA,0
2020,8,23,NA,0,NA,0,NA,0,NA,0,NA,0,NA,NA,0
2020,8,24,NA,0,NA,0,NA,0,NA,0,NA,0,NA,NA,0
2020,8,25,NA,0,NA,0,NA,0,NA,0,NA,0,NA,NA,0
2020,8,26,NA,0,NA,0,NA,0,NA,0,NA,0,NA,NA,0
2020,8,27,NA,0,NA,0,NA,0,NA,0,NA,0,NA,NA,0
2020,8,28,NA,0,NA,0,NA,0,NA,0,NA,0,NA,NA,0
2020,8,29,NA,0,NA,0,NA,0,NA,0,NA,0,NA,NA,0
2020,8,30,NA,0,NA,0,NA,0,NA,0,NA,0,NA,NA,0
2020,8,31,NA,0,NA,0,NA,0,NA,0,NA,0,NA,NA,0
2020,9,1,NA,0,NA,0,NA,0,NA,0,NA,0,NA,NA,0
2020,9,2,NA,0,NA,0,NA,0,NA,0,NA,0,NA,NA,0
2020,9,3,NA,0,NA,0,NA,0,NA,0,NA,0,NA,NA,0
2020,9,4,NA,0,NA,0,NA,0,NA,0,NA,0,NA,NA,0
2020,9,5,NA,0,NA,0,NA,0,NA,0,NA,0,NA,NA,0
2020,9,6,NA,0,NA,0,NA,0,NA,0,NA,0,NA,NA,0
2020,9,7,NA,0,NA,0,NA,0,NA,0,NA,0,NA,NA,0
2020,9,8,NA,0,NA,0,NA,0,NA,0,NA,0,NA,NA,0
2020,9,9,NA,0,NA,0,NA,0,NA,0,NA,0,NA,NA,0
2020,9,10,NA,0.125,NA,0.125,NA,0.125,NA,0.125,NA,0.125,NA,NA,0.125
2020,9,11,-41.48,0.5,759.8,0.5,11.25,0.5,310,0.5,59.75,0.5,11.16,309.11,0.5
2020,9,12,-44.48,0.625,751.93,0.75,12.83,0.75,305,0.75,56.17,0.75,12.71,304.7,0.75
2020,9,13,-46.32,0.75,757.68,0.75,13,0.75,305,0.75,52.5,0.75,12.95,305.13,0.75
2020,9,14,-42.05,0.25,756.1,0.25,13.5,0.25,295,0.25,55.5,0.25,13.45,295.56,0.25
2020,9,15,-42.4,0.25,750.1,0.25,6.5,0.25,265,0.25,58,0.25,6.48,265.39,0.25
2020,9,16,-49.6,0.375,746.43,0.375,4.67,0.375,NA,0,50.33,0.375,NA,NA,0
2020,9,17,NA,0,NA,0,NA,0,NA,0,NA,0,NA,NA,0
2020,9,18,-45.02,0.625,751.06,0.625,12.4,0.625,270,0.25,55.2,0.625,11.3,264.92,0.25
2020,9,19,-43.14,0.875,750.87,0.875,10.5,0.75,281.43,0.875,57.43,0.875,8.99,276.1,0.75
2020,9,20,-42.56,0.625,755.12,0.625,11.6,0.625,294,0.625,58,0.625,10.21,293.53,0.625
2020,9,21,-45.28,0.75,760.28,0.75,14,0.375,310,0.375,55.33,0.75,13.5,310,0.25
2020,9,22,-47.07,0.875,759.09,0.875,11.83,0.75,NA,0.125,53,0.875,NA,NA,0.125
2020,9,23,-48.87,0.375,756.87,0.375,7.5,0.25,NA,0,51,0.375,NA,NA,0
2020,9,24,-48.85,0.5,758,0.5,11.25,0.5,NA,0,51,0.5,NA,NA,0
2020,9,25,-48.56,0.625,754.52,0.75,14.17,0.75,NA,0.125,51.5,0.75,NA,NA,0.125
2020,9,26,-49.17,0.875,760.36,0.875,13.67,0.75,NA,0.125,50.43,0.875,NA,NA,0.125
2020,9,27,-49.12,0.625,767.46,0.625,16.75,0.5,NA,0.125,50.2,0.625,NA,NA,0.125
2020,9,28,-43.03,0.375,768.67,0.375,12.67,0.375,313.33,0.375,57,0.375,12.63,313.15,0.375
2020,9,29,-45,0.75,758.5,0.75,14.6,0.625,308,0.625,54.67,0.75,14.44,305,0.5
2020,9,30,-49.68,0.75,758.4,0.75,12.2,0.625,NA,0.125,49.33,0.75,NA,NA,0.125
2020,10,1,NA,0.125,757.9,0.375,10.33,0.375,306.67,0.375,58.33,0.375,10.2,306.42,0.375
2020,10,2,NA,0.125,NA,0.125,NA,0.125,NA,0.125,NA,0.125,NA,NA,0.125
2020,10,3,-35.38,0.75,749.13,0.75,10,0.25,290,0.25,64.67,0.75,NA,NA,0.125
2020,10,4,-37.53,0.5,751.9,0.5,12.25,0.5,285,0.5,62.5,0.5,12.08,286.91,0.5
2020,10,5,-39.95,1,755.93,1,14.25,0.5,301.67,0.75,60.63,1,14.1,301.76,0.5
2020,10,6,-42.77,0.75,751.69,1,14.4,0.625,302.5,1,56.25,1,14.25,303.35,0.625
2020,10,7,-41.7,0.625,752.68,1,12.83,0.75,304,0.625,59.88,1,13.6,305.31,0.5
2020,10,8,-41.49,1,756.44,1,NA,0,305,1,59.75,1,NA,NA,0
2020,10,9,-41.16,1,757.31,1,NA,0,305,1,59.63,1,NA,NA,0
2020,10,10,-43.58,0.625,751.38,1,14.25,0.5,303.75,1,56.88,1,14.11,303.35,0.5
2020,10,11,-44.37,0.875,745.88,1,15.6,0.625,305,1,56,1,15.54,305.51,0.625
2020,10,12,-44.7,0.875,745.71,1,15,1,297.5,0.5,55.25,1,14.84,297.65,0.5
2020,10,13,-48.22,1,746.94,1,13.43,0.875,311.43,0.875,51.13,1,12.66,311.71,0.75
2020,10,14,-47.14,0.875,747.63,1,13.12,1,320,0.375,52.75,1,12.33,320,0.375
2020,10,15,-41.07,0.75,744.71,1,9.5,0.5,238.75,1,58.5,1,5.6,281.89,0.5
2020,10,16,-42.28,1,746.19,1,9.75,0.5,301.43,0.875,57.75,1,9.67,300,0.5
2020,10,17,-41.83,1,746.46,1,12.43,0.875,302.5,0.5,57.75,1,11.72,302.55,0.5
2020,10,18,-45.57,0.75,744.08,1,14.83,0.75,308.33,0.75,52.13,1,14.11,307.71,0.5
2020,10,19,-47.75,1,747.84,1,13.4,0.625,290,1,50.5,1,11.67,279.32,0.625
2020,10,20,-47.82,0.625,746.85,1,9.67,0.375,308.33,0.75,51.5,1,7.47,305.33,0.25
2020,10,21,-48.6,0.875,743.29,1,14.57,0.875,320,0.25,50.25,1,14,320,0.25
2020,10,22,-47.65,0.75,739.59,1,17.67,0.75,312.5,1,51.13,1,17.5,314.74,0.75
2020,10,23,-44.9,0.875,744.97,1,13.5,0.75,306.25,1,54.25,1,13.31,305.43,0.75
2020,10,24,-38.36,0.625,748.86,1,9.67,0.375,262.5,1,63.38,1,7.42,283.25,0.375
2020,10,25,-41.07,0.75,752.95,1,13.83,0.75,295,0.5,59.13,1,13.51,301.23,0.375
2020,10,26,-41.6,1,758.11,1,NA,0.125,298.75,1,58.5,1,NA,NA,0.125
2020,10,27,-40.1,0.625,765.2,1,NA,0.125,281.25,1,61.88,1,NA,NA,0.125
2020,10,28,-32.88,0.75,770.78,1,7.5,0.25,285,1,65.63,1,6.83,270.33,0.25
2020,10,29,-35.5,0.25,763.76,1,NA,0.125,254,0.625,60.38,1,NA,NA,0
2020,10,30,-33.97,0.75,757.16,1,13,0.375,303.75,1,62.5,1,12.68,304.63,0.375
2020,10,31,-36.15,0.75,748,1,13.5,0.75,306.25,1,56.38,1,13.45,306.55,0.75
2020,11,1,-41.27,0.375,746.8,1,13.8,0.625,306.25,1,56,1,13.68,304.9,0.625
2020,11,2,-40.62,0.625,747.05,1,14.86,0.875,311.25,1,60.5,1,14.68,310.68,0.875
2020,11,3,-38.75,0.5,741.73,1,NA,0.125,317.5,0.5,64,1,NA,NA,0.125
2020,11,4,-38.2,0.5,738.51,1,13.5,0.5,310,0.875,62.13,1,13.23,305.56,0.5
2020,11,5,-40.18,0.625,741.4,1,12.25,0.5,311.25,1,61.5,1,12.03,308.7,0.5
2020,11,6,-40.42,0.625,746.29,1,11.5,0.75,306.25,1,60.63,1,11.42,308.11,0.75
2020,11,7,-38.8,0.625,747.33,1,10.62,1,306.67,0.75,63.63,1,9.54,306.17,0.75
2020,11,8,-35.88,0.75,746.25,1,9.75,0.5,315,1,65.88,1,9.71,314.87,0.5
2020,11,9,-35.23,0.875,742.03,1,13.5,0.25,310,1,65.38,1,13.5,310,0.25
2020,11,10,-35.37,0.375,745.19,1,14.67,0.375,305,1,63.5,1,14.25,298.74,0.375
2020,11,11,-33.17,0.375,752.08,1,14,0.25,260,0.5,66.88,1,NA,NA,0
2020,11,12,-34.72,0.75,757.48,1,17,0.25,302,0.625,63.25,1,NA,NA,0
2020,11,13,NA,0.125,761.36,1,13.25,0.5,302.5,1,66.13,1,13.01,302.22,0.5
2020,11,14,-33.38,0.625,765.64,1,11.8,0.625,302.5,0.5,66.38,1,10.62,302.12,0.5
2020,11,15,-31.8,0.5,768.68,1,14.25,0.5,313.33,0.375,68.5,1,NA,NA,0.125
2020,11,16,-30.61,0.875,764.73,1,15.67,0.375,302.5,1,67,1,15.19,300.11,0.375
2020,11,17,-26.26,0.625,769.03,1,4.2,0.625,268.75,1,69.75,1,3.75,286.74,0.625
2020,11,18,-26.55,0.5,772.28,1,13.5,0.25,316.25,1,70.25,1,13.45,324.07,0.25
2020,11,19,-26.27,0.375,770.41,1,12.67,0.375,294,0.625,65.38,1,NA,NA,0.125
2020,11,20,-30.18,0.5,766.04,1,12.25,0.5,303.33,0.75,66.88,1,12.13,301.64,0.5
2020,11,21,-28.58,0.5,768.43,1,11.67,0.375,286.25,1,71.25,1,11.63,307.15,0.375
2020,11,22,-26.17,0.5,769.39,1,10.2,0.625,298.75,1,75.75,1,10.05,305.31,0.625
2020,11,23,-25.47,0.75,769.79,1,10,0.25,265,1,74.75,1,9.55,290.31,0.25
2020,11,24,-28.9,0.375,766.76,1,11.33,0.75,298.75,1,73.88,1,11.19,300.89,0.75
2020,11,25,-22.58,0.75,758.86,1,7.5,0.25,182.5,1,77.75,1,7.47,174.67,0.25
2020,11,26,-21.39,1,757,1,NA,0,146.25,1,80.63,1,NA,NA,0
2020,11,27,-22.47,0.5,756.96,1,11.25,0.5,290,1,70.13,1,10.79,313.54,0.5
2020,11,28,-23.78,0.625,757,1,11,0.625,308.75,1,73.13,1,10.77,305.63,0.625
2020,11,29,-22.25,0.75,758.41,1,6.33,0.375,231.25,1,77.13,1,3.43,228.91,0.375
2020,11,30,-19.55,1,761.74,1,4.5,0.25,175,1,82.38,1,4.48,175.56,0.25
2020,12,1,NA,0.125,761.55,1,8,0.625,297.5,1,67.63,1,7.4,303.54,0.625
2020,12,2,-22.95,0.5,762.09,1,10.29,0.875,300,1,70,1,10.14,300.28,0.875
2020,12,3,-26.57,0.375,766.25,1,5,0.375,286.25,1,65.25,1,4.85,298.23,0.375
2020,12,4,-25.23,0.375,764.88,1,7.17,0.75,271.25,1,67.38,1,5.78,279.49,0.75
2020,12,5,-23.43,0.5,762.1,1,7.5,0.75,280,1,71.25,1,6.05,294.14,0.75
2020,12,6,-24.33,0.375,761.86,1,8,0.25,295,1,70.88,1,7.4,302.71,0.25
2020,12,7,-24.16,0.875,759.95,1,10.67,0.75,305,1,72.5,1,10.05,309.16,0.75
2020,12,8,-22.82,0.625,758.26,1,7.83,0.75,303.75,1,68.75,1,7.68,302.74,0.75
2020,12,9,-21.27,0.375,758.9,1,4.25,0.5,266.25,1,68.5,1,3.49,191.29,0.5
2020,12,10,-20.67,0.75,765,1,8.75,0.5,221.25,1,80,1,2.65,217.77,0.5
2020,12,11,-19.94,0.625,761.29,1,7.5,0.75,313.75,1,66.63,1,7.3,313.38,0.75
2020,12,12,-20.63,0.375,757.59,1,7.33,0.375,262.5,1,72.38,1,7.27,286.4,0.375
2020,12,13,-18.37,0.75,759.85,1,4.43,0.875,188.75,1,81.25,1,3.42,155.54,0.875
2020,12,14,-18,0.625,761.03,1,2.14,0.875,142.5,1,81.63,1,1.24,141.66,0.875
2020,12,15,-18.13,1,760.13,1,7.67,0.375,158.75,1,84,1,7.09,154.67,0.375
2020,12,16,-18.38,0.625,761.09,1,11,0.25,266.25,1,69.63,1,5.57,268.95,0.25
2020,12,17,-18.65,0.75,758.11,1,3.75,0.5,232.5,1,77.25,1,3.49,156.6,0.5
2020,12,18,-18.34,0.625,761.03,1,6,0.875,298.75,1,79.38,1,5.84,302.58,0.875
2020,12,19,-17.48,0.5,759.09,1,6.43,0.875,255,1,72.25,1,4.41,259.48,0.875
2020,12,20,-19.05,0.75,759.68,1,11,0.25,313.75,1,78.13,1,10.83,310.92,0.25
2020,12,21,-17.86,0.625,761.54,1,2.75,0.5,255,1,78.63,1,1.6,234.24,0.5
2020,12,22,-17.8,0.625,764.98,1,6.25,0.5,243.75,1,73.88,1,5.76,337.43,0.5
2020,12,23,-17.5,0.5,767.62,1,9.88,1,301.25,1,76.13,1,9.41,301.23,1
2020,12,24,-16.77,0.875,768.89,1,4.6,0.625,221.25,1,72.88,1,2.84,207.59,0.625
2020,12,25,-16.48,1,769.78,1,12,0.625,163.75,1,85.25,1,11.88,165.81,0.625
2020,12,26,-16.53,0.875,767.13,1,11.25,0.5,272.5,0.5,83.5,1,5.91,291.68,0.25
2020,12,27,-18.87,0.75,764.95,1,10,0.625,307.5,1,67.5,1,8.96,314.51,0.625
2020,12,28,-18.19,0.875,757.54,1,6,0.375,237.5,1,77,1,3.98,229.97,0.375
2020,12,29,-16.95,0.25,762.05,1,6.25,0.5,283.75,1,73.13,1,4.83,289.12,0.5
2020,12,30,-18.95,0.5,758.06,1,7,0.25,306.25,1,72.25,1,6.89,310,0.25
2020,12,31,-24.45,0.25,753.48,1,6,0.75,286.25,1,70.88,1,5.58,292.84,0.75
2021,1,1,-22.08,0.5,755.23,1,8.6,0.625,241.25,1,71.38,1,5.26,271.54,0.625
2021,1,2,-21.68,0.75,753.86,1,6.2,0.625,261.25,1,71.88,1,5.22,271.39,0.625
2021,1,3,-24.3,0.375,755.74,1,7.33,0.75,282.5,1,67.75,1,6.01,295.59,0.75
2021,1,4,-22.35,0.5,757.28,1,11.5,0.25,295,1,74.25,1,11.46,304.78,0.25
2021,1,5,-22.63,0.5,758.51,1,6,0.75,288.75,1,70.75,1,5.63,289.36,0.75
2021,1,6,-22.33,0.375,757.36,1,8.67,0.375,293.75,1,72.88,1,8.42,300.88,0.375
2021,1,7,-19.6,0.5,757.09,1,6.6,0.625,242,0.625,76.25,1,2.64,244.96,0.375
2021,1,8,-17.57,0.875,760.14,1,6.2,0.625,243.75,1,78.13,1,2.34,194.7,0.625
2021,1,9,-18.81,0.875,763.15,1,6.25,0.5,256.25,1,72.88,1,6.23,304.4,0.5
2021,1,10,-18.22,0.625,765.95,1,5.4,0.625,257.5,1,77.25,1,2.68,265.25,0.625
2021,1,11,-19.72,0.625,766.56,1,8,0.75,291.25,1,75.25,1,7.47,301.38,0.75
2021,1,12,-20.07,0.875,765.91,1,5.17,0.75,231.25,1,75.75,1,3.18,234.66,0.75
2021,1,13,-21.89,0.875,766.36,1,7,0.5,300,1,74.75,1,6.9,288.56,0.5
2021,1,14,-21.36,0.625,763.91,1,4.5,0.5,230,1,73.25,1,2.99,263.27,0.5
2021,1,15,-20.19,1,763.74,1,6.12,1,295,1,77.13,1,5.65,298.05,1
2021,1,16,-19.33,0.75,764.36,1,7.4,0.625,270,1,74.88,1,5.79,274.39,0.625
2021,1,17,-22.29,0.875,769.3,1,12.4,0.625,312.5,1,72.25,1,12.3,316.92,0.625
2021,1,18,-18.5,0.5,774.47,1,8.4,0.625,201.25,1,73,1,4.71,197.25,0.625
2021,1,19,-15.2,1,775.5,1,24,0.25,136.25,1,86.88,1,23.91,135,0.25
2021,1,20,-16.65,0.75,774.93,1,10.5,0.75,245,1,80.75,1,2.05,221.73,0.75
2021,1,21,-18.38,0.625,778.34,1,10,0.625,308.75,1,74.88,1,9.9,303.96,0.625
2021,1,22,-16.85,0.5,774.05,1,6.25,0.5,268.75,1,71.5,1,4.98,285.62,0.5
2021,1,23,-18.57,0.375,775.06,1,7.8,0.625,298.75,1,64.88,1,7.39,307.51,0.625
2021,1,24,-18.28,0.5,768.54,1,9,0.5,310,1,65.75,1,8.55,310.14,0.5
2021,1,25,-20.03,0.75,763.19,1,10,0.625,296.25,1,73.88,1,9.91,302.01,0.625
2021,1,26,-15.8,0.5,769.94,1,NA,0.125,252.5,1,73.38,1,NA,NA,0.125
2021,1,27,-18.92,0.625,770.75,1,8,0.75,285,1,68.25,1,7.47,285.93,0.75
2021,1,28,-25.83,0.5,767.31,1,10.17,0.75,296.25,1,68.5,1,9.87,293.46,0.75
2021,1,29,-25.7,0.5,764.68,1,6,0.25,291.25,1,71.38,1,6,310,0.25
2021,1,30,-27.08,0.5,760.55,1,12.75,0.5,307.5,1,68.75,1,12.48,313.91,0.5
2021,1,31,-27.15,0.5,758.91,1,11.5,0.25,292.86,0.875,69.88,1,11.46,304.35,0.25
2021,2,1,-24.96,0.625,763.41,1,13.4,0.625,316,0.625,77,1,13.07,314.3,0.375
2021,2,2,-24.56,0.625,763.06,1,10.75,0.5,288.57,0.875,72.88,1,10.3,292.58,0.375
2021,2,3,-19.33,0.5,764.13,1,9.5,1,290,0.75,76.13,1,7.84,297.32,0.75
2021,2,4,-27.23,0.75,758.56,1,9,0.625,293.75,1,64.38,1,8.65,292.18,0.625
2021,2,5,-29.32,0.625,754.74,1,8,0.5,295,1,67.63,1,7.95,312.47,0.5
2021,2,6,-30.65,0.5,756.07,1,12.33,0.75,307.5,1,66.88,1,11.95,306.72,0.75
2021,2,7,-24.97,0.75,758.69,1,10.29,0.875,297.5,1,69.88,1,9.41,304.83,0.875
2021,2,8,-23.82,0.75,759.53,1,5.17,0.75,291.25,1,72.38,1,4.71,289.8,0.75
2021,2,9,-26.07,0.5,761.94,1,8.5,0.25,305,1,72.13,1,8.37,299.41,0.25
2021,2,10,-26.5,0.375,756.45,1,13.67,0.375,316.25,1,64,1,13.35,312.88,0.375
2021,2,11,-30.7,0.75,755.63,1,11.33,0.75,308.75,1,66.75,1,11.04,315.26,0.75
2021,2,12,-28.33,0.75,763.2,1,NA,0.125,298.75,1,73.13,1,NA,NA,0.125
2021,2,13,-28.2,0.375,768.44,1,13.67,0.375,291.25,1,60.75,1,13.38,316.38,0.375
2021,2,14,-27,0.5,762.61,1,11.33,0.75,305,1,67,1,11.25,305.57,0.75
2021,2,15,-27.48,0.625,760.81,1,12,0.875,308.75,1,65.88,1,11.92,307.97,0.875
2021,2,16,-28.36,0.625,759.39,1,11.29,0.875,307.5,1,66.25,1,11.16,306.69,0.875
2021,2,17,-25.37,0.75,757.69,1,9.6,0.625,268.75,1,71.13,1,9.53,298.96,0.625
2021,2,18,-21.94,0.625,758.89,1,4.5,0.75,231.25,1,74.38,1,2.4,293.75,0.75
2021,2,19,-28.96,0.625,763.56,1,6.71,0.875,288,0.625,71.13,1,6.06,286.46,0.625
2021,2,20,-28.24,0.625,764.98,1,6.5,0.25,286.25,1,71.5,1,6.48,286.93,0.25
2021,2,21,-33.54,0.625,761.06,1,13.2,0.625,307.5,1,63.38,1,12.75,306.62,0.625
2021,2,22,-37.66,0.875,759.78,1,14.14,0.875,315,1,64.88,1,13.97,312.8,0.875
2021,2,23,-37.52,0.75,757.86,1,14.29,0.875,303.75,1,64.63,1,14.16,303.92,0.875
2021,2,24,-32.52,0.75,760.46,1,12.33,0.75,300,0.5,69.88,1,13.29,297,0.375
2021,2,25,-32.13,0.875,759.32,1,8.75,0.5,294.29,0.875,68.88,1,8.49,307.35,0.5
2021,2,26,-37.49,0.875,760.48,1,13.5,0.75,304,0.625,63.63,1,13.2,305.09,0.5
2021,2,27,-40.78,1,757.75,1,19.57,0.875,310,0.625,59.75,1,18.69,310.11,0.625
2021,2,28,-35.78,0.75,755.89,1,12,0.25,307.5,1,65,1,11.96,313.33,0.25
2021,3,1,-32.75,0.75,756.32,1,8.33,0.75,291.43,0.875,67.5,1,7.45,298.13,0.75
2021,3,2,-38.63,0.875,757.79,1,11.5,0.5,NA,0.125,63,1,NA,NA,0.125
2021,3,3,-36.92,0.625,759.86,1,12,0.625,307.5,0.5,65.38,1,11.11,305.67,0.25
2021,3,4,-37.2,0.625,767.75,1,15.4,0.625,306.25,1,64.75,1,15.34,305.85,0.625
2021,3,5,-39.64,0.875,769.49,1,16,0.875,301.25,1,61.25,1,15.94,299.64,0.875
2021,3,6,-42.3,1,768.5,1,18.5,0.25,271.25,1,58.63,1,18.5,290,0.25
2021,3,7,-41.43,0.875,772.64,1,17.67,0.75,302.5,1,58.88,1,17.49,302.66,0.75
2021,3,8,-33.53,0.875,775.44,1,14.33,0.375,300,0.625,63.88,1,14.95,303.66,0.25
2021,3,9,-31.31,1,771.21,1,12.57,0.875,305,1,68.5,1,12.3,304.18,0.875
2021,3,10,-28.29,1,768.73,1,8.25,1,285,1,72.63,1,8.1,288.06,1
2021,3,11,-28.27,0.75,770.01,1,7.71,0.875,288.75,1,70.5,1,7.28,285.91,0.875
2021,3,12,-35.14,1,765.24,1,14,0.5,311.25,1,62.63,1,13.95,305.54,0.5
2021,3,13,-39.97,0.75,753.94,1,16.6,0.625,292.86,0.875,59.5,1,16.34,294.2,0.625
2021,3,14,-44.03,0.875,752.38,1,11.5,0.5,NA,0.125,57.38,1,NA,NA,0
2021,3,15,-28.25,0.75,754.9,1,9.33,0.375,180,1,74.5,1,9,358.99,0.375
2021,3,16,-33.9,0.75,750.74,1,7.4,0.625,261.25,1,67,1,7.29,261.58,0.625
2021,3,17,-28.83,0.875,759.13,1,9.5,0.25,166.25,1,73.88,1,9.48,177.9,0.25
2021,3,18,-30.1,0.75,767.54,1,9.5,0.5,295,1,70.38,1,8.8,316.32,0.5
2021,3,19,-39.11,1,764.91,1,13.5,0.5,297.5,1,63.13,1,13.37,294.97,0.5
2021,3,20,-43.64,0.875,754.09,1,19,0.375,310,0.625,57.13,1,18.63,310.82,0.375
2021,3,21,-41.36,0.875,756.63,1,13.88,1,316.25,1,60,1,13.73,316.05,1
2021,3,22,-38.29,0.875,759.19,1,11.88,1,315,1,62.88,1,11.75,315.16,1
2021,3,23,-40.6,0.75,761.94,1,15.67,0.75,307.5,1,60,1,15.4,311.29,0.75
2021,3,24,-45.99,1,755.19,1,18.5,1,NA,0.125,54.75,1,NA,NA,0.125
2021,3,25,-42.61,1,763.08,1,12.25,0.5,316,0.625,58.13,1,12.86,320.52,0.375
2021,3,26,-38.68,0.75,768.01,1,15.29,0.875,311.25,1,63.75,1,15.18,313.65,0.875
2021,3,27,-33.09,1,765.61,1,13.43,0.875,293.75,1,67.88,1,13.08,296.04,0.875
2021,3,28,-38.31,1,771.91,1,18.33,0.75,300,1,63.25,1,18.2,302.01,0.75
2021,3,29,-36.18,0.5,770.62,1,NA,0,280,1,67.38,1,NA,NA,0
2021,3,30,-36.55,1,760.06,1,10.8,0.625,300,1,65.63,1,10.54,297.33,0.625
2021,3,31,-43.74,1,751.56,1,13.8,0.625,285,0.5,57.88,1,9.96,275.5,0.25
2021,4,1,-44.7,0.875,750.8,1,13.8,0.625,301.67,0.75,57.5,1,13.65,303.21,0.625
2021,4,2,-40.12,0.625,747.24,1,13.25,0.5,305,0.5,60.75,1,8.47,305.29,0.25
2021,4,3,-43.26,1,744.19,1,12.29,0.875,NA,0,58,1,NA,NA,0
2021,4,4,-44.13,1,745.99,1,10.38,1,316.67,0.375,56.88,1,9.96,316.34,0.375
2021,4,5,-44.14,1,748.95,1,13.12,1,NA,0.125,56.75,1,NA,NA,0.125
2021,4,6,-39.35,1,753.94,1,13.71,0.875,292.86,0.875,61.13,1,12.96,292.45,0.75
2021,4,7,-41.24,0.875,752.7,1,13.75,0.5,297.5,0.5,58.88,1,11,300,0.25
2021,4,8,-34.76,0.875,751.61,1,17.33,0.75,331.25,1,66,1,16.9,327.34,0.75
2021,4,9,-37.73,0.75,752.71,1,18,0.375,305,1,62.63,1,17.37,306.03,0.375
2021,4,10,-43.68,1,761,1,17.14,0.875,307.5,0.5,57.88,1,17.95,307.37,0.5
2021,4,11,-42.49,1,765.01,1,15,0.375,342.5,0.5,58.88,1,NA,NA,0.125
2021,4,12,-44.49,1,758.25,1,13.8,0.625,318.57,0.875,55.25,1,13.74,313.01,0.5
2021,4,13,-49.19,1,752.53,1,17,0.5,301.67,0.75,49.75,1,17.27,303.46,0.375
2021,4,14,-52.36,0.875,757.39,1,17.71,0.875,298.75,1,48.38,1,17.58,296.52,0.875
2021,4,15,-35.58,0.625,758.61,1,6.33,0.375,273.75,1,63.13,1,4.71,274.58,0.375
2021,4,16,-37.86,0.875,760.7,1,4.33,0.375,165,1,63.63,1,4.29,181.57,0.375
2021,4,17,-37.87,1,764.12,1,6.4,0.625,240,1,63.63,1,3.45,241.98,0.625
2021,4,18,-34.28,1,764.18,1,7.14,0.875,306.25,1,67.5,1,6.98,306.46,0.875
2021,4,19,-38.95,1,760.15,1,14.25,1,316.67,0.375,62.38,1,14.62,316.59,0.375
2021,4,20,-42.14,1,758.09,1,13.33,0.75,307.5,1,58.38,1,13.24,307.62,0.75
2021,4,21,-44.4,0.75,752.58,1,16,0.375,317.5,1,55.5,1,15.95,327.09,0.375
2021,4,22,-46.54,0.875,752.2,1,17.75,0.5,306.25,1,53.63,1,17.4,311.49,0.5
2021,4,23,-54.89,1,758.68,1,15.2,0.625,306.25,1,45.13,1,14.92,304.48,0.625
2021,4,24,-54.78,0.625,756.19,1,17.75,1,301.67,0.75,45,1,17.04,301.27,0.75
2021,4,25,-50.75,0.5,751.76,1,19,0.5,275,0.5,48.63,1,NA,NA,0.125
2021,4,26,-57.13,0.875,757.24,1,11.6,0.625,300,0.375,42.5,1,NA,NA,0.125
2021,4,27,-51.41,1,754.16,1,11.88,1,311.67,0.75,48,1,12.58,311.98,0.75
2021,4,28,-47.65,1,749.55,1,12,1,300,0.375,52.25,1,10.67,300,0.375
2021,4,29,-48.39,1,751.7,1,13.38,1,307.5,0.5,51.38,1,13.71,307.64,0.5
2021,4,30,-51.18,0.75,757.21,1,16,0.375,316,0.625,48,1,NA,NA,0
2021,5,1,-51.57,0.875,762.29,1,16.33,0.375,320,0.625,47.38,1,NA,NA,0.125
2021,5,2,-53.44,1,756.9,1,16.8,0.625,316.25,1,45.75,1,16.65,314.79,0.625
2021,5,3,-53.06,0.875,749.31,1,14.6,0.625,314.29,0.875,45.88,1,14.71,312.54,0.5
2021,5,4,-47.08,0.75,745.88,1,12.8,0.625,NA,0.125,51.5,1,NA,NA,0.125
2021,5,5,-39.48,0.75,748.75,1,5,0.75,206.67,0.75,61.38,1,2.67,203.46,0.5
2021,5,6,-41.72,0.75,754.01,1,8.5,1,270,0.375,58.5,1,3.93,279.85,0.375
2021,5,7,-46.35,1,757.79,1,16.33,0.75,310,0.5,53.88,1,14.85,310.45,0.375
2021,5,8,-52.36,1,763.49,1,20.25,0.5,303.33,0.375,48.5,1,20,300,0.25
2021,5,9,-51.68,0.625,760.11,1,17,0.25,317.14,0.875,47.63,1,16.94,315.29,0.25
2021,5,10,-51.2,0.625,751.89,1,15.33,0.75,302.5,1,46.75,1,15.05,302.8,0.75
2021,5,11,-58.29,1,749.16,1,14.83,0.75,312.5,1,40.63,1,14.73,313.94,0.75
2021,5,12,-55.31,1,748.69,1,11.33,0.75,314,0.625,43.63,1,11.29,313.53,0.375
2021,5,13,-56.62,1,754.8,1,15.88,1,315,0.75,42.63,1,16.11,315.16,0.75
2021,5,14,-53.67,0.875,757.89,1,17.33,0.75,315,0.5,45.25,1,18.5,320,0.25
2021,5,15,-51.85,0.5,758.39,1,19.4,0.625,302.5,1,47.75,1,19.33,296.09,0.625
2021,5,16,-52.63,1,767.49,1,16.5,0.5,296,0.625,46.38,1,15.44,294.51,0.25
2021,5,17,-48.06,0.875,764.36,1,NA,0,310,1,50.5,1,NA,NA,0
2021,5,18,-54.7,0.875,760.34,1,12,0.375,300,0.625,44.63,1,12,290,0.25
2021,5,19,-52.28,0.625,765.08,1,14.25,0.5,301.25,1,47.38,1,14.21,312.28,0.5
2021,5,20,-49.54,0.625,766.16,1,18.2,0.625,312.5,1,49.88,1,18.05,312.09,0.625
2021,5,21,-49.01,1,756.6,1,16.8,0.625,312.5,1,50,1,16.74,313.93,0.625
2021,5,22,-47.41,1,758.31,1,13.14,0.875,300,1,51.63,1,13.06,302.29,0.875
2021,5,23,-47.85,0.75,764.84,1,12.5,0.25,310,1,52.25,1,12.46,316.4,0.25
2021,5,24,-50.58,0.75,760.44,1,13.67,0.375,316.25,1,49.5,1,13.67,310,0.375
2021,5,25,-47.7,1,761.74,1,12.43,0.875,317.5,1,51.75,1,12.34,317,0.875
2021,5,26,-46.45,1,768.23,1,16.67,0.75,312.5,1,53.38,1,16.61,313.5,0.75
2021,5,27,-48.81,0.875,771.63,1,16.86,0.875,318,0.625,51.38,1,17.75,320,0.5
2021,5,28,-40.53,0.875,773.36,1,15.29,0.875,310,0.375,60,1,13.79,310.72,0.25
2021,5,29,-42.77,1,778.7,1,17.33,0.375,318.33,0.75,57.75,1,NA,NA,0.125
2021,5,30,-42.25,1,773.59,1,15,0.5,NA,0.125,58.5,1,NA,NA,0
2021,5,31,-46.23,0.875,763.22,1,12.33,0.375,317.5,1,53.63,1,12.16,327.54,0.375
2021,6,1,-52.63,1,763.95,1,15.62,1,313.75,1,47.25,1,15.57,314.08,1
2021,6,2,-54.09,1,768.88,1,14,0.75,NA,0,45.38,1,NA,NA,0
2021,6,3,-50.81,1,766.18,1,13,0.625,308.75,1,48.5,1,12.89,312.78,0.625
2021,6,4,-52.04,1,763.46,1,17.8,0.625,318.75,1,47.25,1,17.65,317.74,0.625
2021,6,5,NA,0.125,760.45,1,19,0.25,321.25,1,48,1,18.93,315,0.25
2021,6,6,-51.7,0.375,763.1,1,17.5,0.75,320,1,47.63,1,17.42,319.52,0.75
2021,6,7,-51.13,1,764.26,1,15.38,1,302,0.625,47.88,1,14.09,302.4,0.625
2021,6,8,-48.34,1,765.46,1,11.67,0.75,313.75,1,51.38,1,11.52,313.41,0.75
2021,6,9,-45.06,1,761.56,1,10.83,0.75,333.75,1,54.5,1,10.64,336.21,0.75
2021,6,10,-48.41,1,754.7,1,17.33,0.375,303.75,1,50.25,1,17.27,303.65,0.375
2021,6,11,-54.89,1,764.5,1,17.67,0.75,312.5,1,44.13,1,17.6,315.09,0.75
2021,6,12,-54.98,1,769.61,1,14.2,0.625,322.5,1,43.63,1,14.08,318.16,0.625
2021,6,13,-46.4,1,771.86,1,4.67,0.375,212.5,1,52.88,1,1.84,334.18,0.375
2021,6,14,-43.7,1,766.78,1,12.8,0.625,322.5,1,56.13,1,12.53,320.58,0.625
2021,6,15,-46.74,1,764.34,1,6.25,0.5,300,1,53,1,5.19,324.12,0.5
2021,6,16,-42.59,0.875,763.15,1,6.43,0.875,327.5,1,57.13,1,6.37,327.35,0.875
2021,6,17,-39,1,756.49,1,10.75,0.5,308.75,1,61.13,1,8.86,321.5,0.5
2021,6,18,-42.84,1,755.49,1,11.25,1,295,0.5,57.38,1,10.57,295.12,0.5
2021,6,19,-45.69,1,755.63,1,12.25,1,314,0.625,54.88,1,11.71,315.79,0.625
2021,6,20,-50.21,1,750.15,1,14.43,0.875,318.75,1,50,1,14.25,316.66,0.875
2021,6,21,-45,1,748.23,1,12.17,0.75,315,1,55,1,12.12,315.07,0.75
2021,6,22,-45.93,0.75,751.33,1,13.83,0.75,312.5,1,54.13,1,13.73,315.2,0.75
2021,6,23,-39.59,0.875,751.95,1,10.38,1,312,0.625,60.88,1,10.71,312.04,0.625
2021,6,24,-39.89,0.875,754.3,1,10.75,1,315,1,60.5,1,10.71,315.35,1
2021,6,25,-40.63,0.875,755.46,1,12,1,305,0.5,60.75,1,10.21,305.12,0.5
2021,6,26,-45.59,0.875,761.31,1,14.6,0.625,296,0.625,54.5,1,13.45,295.56,0.25
2021,6,27,-47.34,1,769.99,1,15.38,1,NA,0.125,53.13,1,NA,NA,0.125
2021,6,28,-48.63,1,775.04,1,17.25,0.5,318.33,0.75,51.25,1,19,320,0.25
2021,6,29,-48.24,0.875,771.84,1,15.5,0.5,318.75,1,52.25,1,15.15,324.68,0.5
2021,6,30,-46.05,1,761.25,1,16.83,0.75,316.25,1,53.38,1,16.77,314.95,0.75
2021,7,1,-50,1,753.56,1,20.5,1,316.67,0.375,49.25,1,17.94,316.86,0.375
2021,7,2,-52.33,1,751.4,1,17,0.875,311.67,0.75,47.25,1,16.13,311.64,0.75
2021,7,3,-51.6,0.625,755.31,1,14,0.875,316,0.625,49.88,1,14.44,314.83,0.5
2021,7,4,-44.45,1,758.1,1,9.25,1,311.25,1,55.38,1,9.04,312.01,1
2021,7,5,-45.95,1,753.92,1,8.8,0.625,295.71,0.875,54.13,1,8.55,299.96,0.625
2021,7,6,-46.46,1,762.04,1,8,0.5,308.75,1,53.63,1,7.99,310.93,0.5
2021,7,7,-47.76,0.875,771,1,14.17,0.75,315,1,52.63,1,13.99,313.63,0.75
2021,7,8,-46.8,1,771.08,1,15.38,1,316.25,1,53.25,1,15.32,316.34,1
2021,7,9,-42.3,1,767.8,1,13.86,0.875,327.5,0.5,58,1,15.09,327.03,0.5
2021,7,10,-38.14,1,775.03,1,14.38,1,308.75,1,62.38,1,14.18,308.73,1
2021,7,11,-41.95,1,770.72,1,16,1,306.25,1,58.88,1,15.94,306.17,1
2021,7,12,-44.49,1,768.7,1,17.62,1,305,1,56.13,1,17.42,304.82,1
2021,7,13,-47.85,1,766.89,1,20.4,0.625,306.67,0.375,52.38,1,NA,NA,0.125
2021,7,14,-46.89,1,762.19,1,17,1,304,0.625,53.25,1,17.34,304.25,0.625
2021,7,15,-52.01,1,764.79,1,17.67,0.75,NA,0,48,1,NA,NA,0
2021,7,16,-50.94,0.625,769.36,1,16.88,1,316.25,1,47.88,1,16.82,316.37,1
2021,7,17,-46.43,0.5,766.99,1,15.12,1,310,0.5,51.75,1,14.15,310.53,0.5
2021,7,18,-49.29,1,760.38,1,15.38,1,NA,0.125,50,1,NA,NA,0.125
2021,7,19,-53.86,0.875,760.3,1,16.25,1,312.5,0.5,45.13,1,15.59,312.87,0.5
2021,7,20,-44.56,0.625,761.21,1,10.12,1,316,0.625,52.5,1,9.17,316.53,0.625
2021,7,21,-38.78,0.75,759.34,1,NA,0,263.75,1,61.38,1,NA,NA,0
2021,7,22,-40.74,1,758.05,1,NA,0,302.5,0.5,60.13,1,NA,NA,0
2021,7,23,-33.26,1,761.51,1,8.25,0.5,240,1,68.13,1,3.1,228.56,0.5
2021,7,24,-36.93,0.875,767.01,1,8.88,1,312.86,0.875,64.38,1,8.83,313.22,0.875
2021,7,25,-41.5,1,768.09,1,18,0.75,315,0.25,59.63,1,19.92,315,0.25
2021,7,26,-48.23,1,765.04,1,17,0.875,306.67,0.375,52.63,1,16.12,306.09,0.375
2021,7,27,-48.74,1,763.18,1,18.5,0.5,297.5,0.5,52,1,18,300,0.25
2021,7,28,-43.06,0.625,767.34,1,16.33,0.375,310,1,55.38,1,16.28,303.26,0.375
2021,7,29,-35.84,0.875,774.51,1,10.17,0.75,286.25,1,65.13,1,9.62,288.39,0.75
2021,7,30,-32.39,0.875,782.1,1,10.5,0.5,285,1,68.25,1,10.12,291.43,0.5
2021,7,31,-28.77,0.75,786.4,1,13,0.5,327.5,1,73.63,1,12.95,335.19,0.5
2021,8,1,-25.44,1,776.71,1,13.8,0.625,317.5,1,76.88,1,13.69,317.67,0.625
2021,8,2,-26.29,1,769.7,1,7.33,0.75,295,1,76.38,1,6.91,307.25,0.75
2021,8,3,-24.47,0.875,765.84,1,16,0.5,321.25,1,76.88,1,15.96,322.34,0.5
2021,8,4,-37.24,0.875,764.3,1,11.33,0.375,320,1,64.75,1,11.29,323.53,0.375
2021,8,5,-39.89,1,764.01,1,16.5,0.75,311.25,1,61.13,1,16.3,311.98,0.75
2021,8,6,-33.56,1,762.15,1,8.25,0.5,258.75,1,67.63,1,8.22,285.15,0.5
2021,8,7,-34.91,1,762.55,1,5.2,0.625,205,1,67,1,2.64,297.86,0.625
2021,8,8,-39.66,1,754.39,1,8.43,0.875,295,1,62.25,1,8.21,298.94,0.875
2021,8,9,-43.91,1,750.79,1,17.33,0.75,312.5,1,57.5,1,17.22,312.22,0.75
2021,8,10,-45.38,1,760.75,1,16.8,0.625,310,0.625,54.88,1,17.61,313.01,0.375
2021,8,11,-38.77,0.875,775.86,1,13.33,0.75,298,0.625,60.25,1,13.4,300.19,0.5
2021,8,12,-38.21,0.875,776.7,1,13.25,0.5,311.25,1,63.63,1,13.12,313.04,0.5
2021,8,13,-35.67,0.875,766.15,1,10.88,1,298.75,1,66.5,1,10.7,299.92,1
2021,8,14,-33.13,1,767.79,1,8.88,1,268,0.625,68.88,1,8.12,269.24,0.625
2021,8,15,-34.07,0.875,775.41,1,8.71,0.875,296.25,1,66.88,1,8.52,294.98,0.875
2021,8,16,-41.22,0.75,767.11,1,14.6,0.625,306.25,1,57.63,1,14.28,308.41,0.625
2021,8,17,-51.78,0.5,759.38,1,17.33,0.75,306,0.625,49.13,1,16.94,304.12,0.5
2021,8,18,-47.63,0.5,758.73,1,15,0.625,304,0.625,52.25,1,14.94,304.13,0.625
2021,8,19,-47.16,1,760.56,1,19,0.625,317.14,0.875,53.75,1,18.07,316.97,0.5
2021,8,20,-50.46,0.625,757.4,1,18.8,0.625,314.29,0.875,47.75,1,19.2,312.07,0.5
2021,8,21,-55,1,752.24,1,14.67,0.75,306.67,0.375,44.25,1,10.96,306.67,0.375
2021,8,22,-57.56,1,755.09,1,13.67,0.75,315,0.5,41.75,1,13.2,314.91,0.5
2021,8,23,-57.92,0.625,753.84,1,15.4,0.625,310,0.375,40.13,1,NA,NA,0.125
2021,8,24,-56.12,0.625,751.43,1,16.17,0.75,302.5,0.5,42.75,1,17.94,296.86,0.375
2021,8,25,-53.76,1,751.75,1,14.62,1,311.25,1,45.25,1,14.55,311.45,1
2021,8,26,-51,1,758.2,1,10.75,1,310,0.625,48.38,1,9.68,309.18,0.625
2021,8,27,-47.05,1,765.59,1,11.88,1,314,0.625,52.75,1,13.35,313.88,0.625
2021,8,28,-40.6,0.75,760.64,1,10.6,0.625,288.75,1,60.63,1,9.86,318.85,0.625
2021,8,29,-39.76,1,769.65,1,8.5,0.5,316.25,1,61.13,1,8.17,331.55,0.5
2021,8,30,-34.3,0.5,776.01,1,12.67,0.375,331.25,1,67.88,1,12.49,332.66,0.375
2021,8,31,-37.8,0.75,776,1,14.2,0.625,320,1,62.88,1,13.97,323.5,0.625
2021,9,1,-40.55,0.75,765.88,1,11.67,0.375,303.75,1,60,1,10.45,306.89,0.375
2021,9,2,-43.66,1,750.38,1,17,0.25,307.5,1,58,1,17,320,0.25
2021,9,3,-46.75,0.75,750.94,1,10.5,0.5,316.25,1,55,1,10.17,312.94,0.5
2021,9,4,-48.18,1,750.75,1,13,0.625,327.5,1,52.5,1,12.92,329.38,0.625
2021,9,5,-48.46,1,749.11,1,12,0.75,317.5,1,51.88,1,11.87,320.1,0.75
2021,9,6,-44.91,0.875,749.2,1,14.5,0.75,318,0.625,55.88,1,15.63,319.68,0.5
2021,9,7,-43.45,1,754.34,1,13.5,1,308,0.625,57.25,1,12.69,308.27,0.625
2021,9,8,-48.2,0.625,755.66,1,12.12,1,305,0.25,51.75,1,11.46,305.22,0.25
2021,9,9,-47.05,0.5,751.85,1,14.8,0.625,310,1,51.75,1,14.77,308.11,0.625
2021,9,10,-44.18,1,750.28,1,14.38,1,316.25,1,56.5,1,14.32,316.18,1
2021,9,11,-44.8,1,751.6,1,13.12,1,312.5,1,55.75,1,13.05,312.96,1
2021,9,12,-45.65,1,752.3,1,15.5,0.25,325,0.25,54.88,1,NA,NA,0
2021,9,13,-42.91,1,747.63,1,13.25,1,305,0.5,56.63,1,11.87,304.54,0.5
2021,9,14,-47.46,1,757.15,1,11.71,0.875,311.25,1,52.38,1,11.16,310.95,0.875
2021,9,15,-41.14,1,758.13,1,6.8,0.625,317.5,1,59.5,1,6.59,316.36,0.625
2021,9,16,-43.43,1,750.54,1,11.4,0.625,326,0.625,57.25,1,5.42,329.08,0.25
2021,9,17,-46.84,1,752.66,1,13.83,0.75,316.67,0.375,52.5,1,NA,NA,0.125
2021,9,18,-50.81,1,758.59,1,15.71,0.875,306,0.625,48.75,1,15.44,304.68,0.5
2021,9,19,-46.59,0.875,757.88,1,10.67,0.75,300,0.875,54,1,10.59,299.06,0.75
2021,9,20,-37.19,0.875,754.04,1,7.67,0.75,187.5,1,63.75,1,7.23,192.28,0.75
2021,9,21,-35.55,1,752.76,1,7,0.625,191.25,1,66.13,1,5.79,178.61,0.625
2021,9,22,-33.93,1,750.22,1,5,0.625,192.5,1,68,1,4.17,185.36,0.625
2021,9,23,-32.88,1,749.81,1,10.33,0.375,165,1,69,1,9.86,150.01,0.375
2021,9,24,-34.18,1,751.04,1,5,0.5,310,1,68,1,4.89,309.1,0.5
2021,9,25,-35.98,0.625,747.03,1,6.5,0.25,311.25,1,67.38,1,6.48,295.39,0.25
2021,9,26,-38.08,1,740.58,1,10.5,0.5,286.25,1,64.13,1,10.4,293.77,0.5
2021,9,27,-37.18,0.75,741.78,1,17,0.25,325,1,65.88,1,16.94,334.41,0.25
2021,9,28,-42.94,0.625,742.49,1,9.5,0.25,296.25,1,58.13,1,9.18,307.42,0.25
2021,9,29,-44.6,0.5,746.91,1,NA,0.125,275,1,58.75,1,NA,NA,0.125
2021,9,30,-49.27,0.75,747.15,1,17,0.625,313.75,1,51.5,1,16.84,311.06,0.625
2021,10,1,-47.27,0.75,749.39,1,13.25,1,314,0.625,53.5,1,12.95,314.15,0.625
2021,10,2,-42.92,0.75,763.14,1,12.4,0.625,277.5,1,60.13,1,12.17,302.67,0.625
2021,10,3,-33.51,1,764.66,1,NA,0,242.5,1,68.38,1,NA,NA,0
2021,10,4,-34.66,1,771.44,1,NA,0,215,1,67.13,1,NA,NA,0
2021,10,5,-33.87,0.75,770.46,1,10,0.5,248.75,1,63.88,1,8.16,353.2,0.5
2021,10,6,-33.73,0.375,763.05,1,7.67,0.375,307.5,1,66.13,1,5.36,314.64,0.375
2021,10,7,-44.54,1,762.91,1,15.25,0.5,316.67,0.75,56.63,1,14.62,316.82,0.375
2021,10,8,-39.97,0.75,768.16,1,NA,0.125,311.43,0.875,61.13,1,NA,NA,0.125
2021,10,9,-37.83,1,767.24,1,15.43,0.875,313.75,1,62.5,1,15.37,314.07,0.875
2021,10,10,-41.84,0.875,765.49,1,15.86,0.875,306,0.625,57.88,1,16.95,307.5,0.5
2021,10,11,-44.93,0.5,767.86,1,17.29,0.875,316,0.625,57.13,1,17.73,316.69,0.625
2021,10,12,-40.45,0.75,766.23,1,13,0.875,326.25,1,60.75,1,12.57,325.98,0.875
2021,10,13,-41.61,0.875,762.9,1,10.4,0.625,310,1,58.63,1,10.08,302.94,0.625
2021,10,14,-42.89,0.875,759.65,1,16,0.75,320,1,57,1,15.88,321.04,0.75
2021,10,15,-42,1,756.11,1,16.86,0.875,317.5,0.5,58.25,1,18.27,316.91,0.375
2021,10,16,-43.84,0.625,757.32,1,18.75,0.5,310,0.625,55,1,NA,NA,0.125
2021,10,17,-45.11,0.875,755.49,1,15.67,0.375,311.25,1,55.25,1,15.51,307.86,0.375
2021,10,18,-41.5,0.5,753.53,1,9.33,0.75,313.75,1,60.38,1,9.15,313.91,0.75
2021,10,19,-37.8,0.5,757.39,1,11,0.25,312.5,1,62.63,1,10.39,335.67,0.25
2021,10,20,-38.08,0.5,764,1,15.25,0.5,335,0.25,59.63,1,NA,NA,0.125
2021,10,21,-35.3,0.625,768.99,1,11.67,0.75,327.14,0.875,49,1,11.41,328.43,0.625
2021,10,22,-29.03,0.875,759.3,1,8.75,1,294,0.625,60.5,1,8.85,296,0.625
2021,10,23,-30.82,0.75,751.48,1,10.33,0.375,305,1,65.13,1,10.11,300.73,0.375
2021,10,24,-31.7,0.75,749.39,1,10.67,0.375,275,1,67.13,1,8.32,251.3,0.375
2021,10,25,-39.43,0.75,760.19,1,10.4,0.625,307.5,1,61.38,1,10.23,301.71,0.625
2021,10,26,-38.74,1,762.25,1,11.4,0.625,298.75,1,62.38,1,11.22,295.09,0.625
2021,10,27,-37.04,0.625,754.6,1,15.33,0.75,316,0.625,62.63,1,12.53,314.77,0.5
2021,10,28,-32.56,0.875,745.58,1,6.67,0.375,247.5,1,67.25,1,3.82,281.51,0.375
2021,10,29,-31.6,0.875,752.69,1,16,0.25,236.25,1,70.5,1,3.3,170.01,0.25
2021,10,30,-34.25,1,758.63,1,15.67,0.375,312,0.625,67.63,1,14.5,310,0.25
2021,10,31,-35.27,0.75,755.26,1,NA,0.125,311.25,1,60.88,1,NA,NA,0.125
2021,11,1,-33.12,0.75,755.56,1,15.33,0.375,296.25,1,60.25,1,15.29,297.18,0.375
2021,11,2,-32.15,0.5,762.18,1,13.33,0.375,314,0.625,66.88,1,NA,NA,0.125
2021,11,3,-35.28,0.75,766.24,1,15.4,0.625,312.5,1,56.13,1,15.26,311.43,0.625
2021,11,4,-36.74,0.625,762.62,1,13.67,0.375,308.75,1,61.5,1,13.62,323.41,0.375
2021,11,5,-36.1,0.25,755.49,1,14.5,0.75,306,0.625,61.25,1,13.13,308.48,0.5
2021,11,6,-35.75,0.5,755.88,1,15.86,0.875,307.5,1,59.75,1,15.69,308.19,0.875
2021,11,7,-33.6,0.625,754.6,1,10,0.375,225,1,66.5,1,5.45,220.63,0.375
2021,11,8,-31.02,0.625,761.13,1,15,0.375,273.75,1,68.75,1,8.55,310.76,0.375
2021,11,9,-29.5,0.625,758.24,1,9.75,0.5,292.5,1,68.88,1,9.37,295.24,0.5
2021,11,10,-29.08,1,757.47,1,9.83,0.75,291.25,1,62.5,1,9.31,292.68,0.75
2021,11,11,NA,0.125,NA,0.125,NA,0.125,NA,0.125,NA,0.125,NA,NA,0.125
