Year,Month,Day,Temperature(¡æ),wt_T,Pressure(hPa),wt_P,Wind Speed(m/s),wt_WS,Wind Direction,wt_WD,Relative Humidity(%),wt_RH,Vector Wind Speed(m/s),Vector Wind Direction(¡ã),wt_V
1997,1,1,NA,0,NA,0,NA,0,NA,0,NA,0,NA,NA,0
1997,1,2,NA,0,NA,0,NA,0,NA,0,NA,0,NA,NA,0
1997,1,3,NA,0,NA,0,NA,0,NA,0,NA,0,NA,NA,0
1997,1,4,NA,0,NA,0,NA,0,NA,0,NA,0,NA,NA,0
1997,1,5,NA,0,NA,0,NA,0,NA,0,NA,0,NA,NA,0
1997,1,6,NA,0,NA,0,NA,0,NA,0,NA,0,NA,NA,0
1997,1,7,NA,0,NA,0,NA,0,NA,0,NA,0,NA,NA,0
1997,1,8,NA,0,NA,0,NA,0,NA,0,NA,0,NA,NA,0
1997,1,9,NA,0,NA,0,NA,0,NA,0,NA,0,NA,NA,0
1997,1,10,NA,0,NA,0,NA,0,NA,0,NA,0,NA,NA,0
1997,1,11,NA,0,NA,0,NA,0,NA,0,NA,0,NA,NA,0
1997,1,12,NA,0,NA,0,NA,0,NA,0,NA,0,NA,NA,0
1997,1,13,NA,0,NA,0,NA,0,NA,0,NA,0,NA,NA,0
1997,1,14,NA,0,NA,0,NA,0,NA,0,NA,0,NA,NA,0
1997,1,15,NA,0,NA,0,NA,0,NA,0,NA,0,NA,NA,0
1997,1,16,NA,0,NA,0,NA,0,NA,0,NA,0,NA,NA,0
1997,1,17,NA,0,NA,0,NA,0,NA,0,NA,0,NA,NA,0
1997,1,18,NA,0,NA,0,NA,0,NA,0,NA,0,NA,NA,0
1997,1,19,NA,0,NA,0,NA,0,NA,0,NA,0,NA,NA,0
1997,1,20,NA,0,NA,0,NA,0,NA,0,NA,0,NA,NA,0
1997,1,21,-6.05,0.75,NA,0,3.34,1,146.88,1,NA,0,3.15,21.16,1
1997,1,22,-7.82,0.625,NA,0,1.74,0.875,145.71,0.875,NA,0,1.1,72.55,0.875
1997,1,23,-9.25,0.75,NA,0,3.74,1,247.5,1,NA,0,3.41,244.81,1
1997,1,24,-9.88,1,NA,0,2.82,1,89.5,1,NA,0,1.89,66.45,1
1997,1,25,-9.45,1,NA,0,3.59,1,41,1,NA,0,3.49,41.85,1
1997,1,26,-9.01,1,NA,0,4.19,1,126.12,1,NA,0,3.25,10.43,1
1997,1,27,-12.47,1,NA,0,6.4,1,94.75,1,NA,0,6.35,5.06,1
1997,1,28,-12.39,1,NA,0,5.66,1,36.88,1,NA,0,5.35,34.11,1
1997,1,29,-11.46,1,NA,0,4.79,0.875,113.62,1,NA,0,4.17,83.1,0.875
1997,1,30,-9.25,1,NA,0,3.71,1,252.88,1,NA,0,2.68,4.23,1
1997,1,31,-6.78,1,NA,0,10.4,1,176.75,1,NA,0,10.21,357.07,1
1997,2,1,-6.19,1,NA,0,9.91,1,354.75,1,NA,0,9.88,354.39,1
1997,2,2,-6.33,0.875,NA,0,7.1,0.75,225,0.875,NA,0,6.06,5.34,0.75
1997,2,3,-6.88,0.625,NA,0,4.95,1,155.38,1,NA,0,4.02,20.4,1
1997,2,4,-5.46,1,NA,0,8.69,1,262.25,1,NA,0,7.99,347.1,1
1997,2,5,-6,1,NA,0,9.05,1,303.12,1,NA,0,8.93,349.26,1
1997,2,6,-7.26,1,NA,0,5.14,1,255.75,1,NA,0,4.6,345.9,1
1997,2,7,-9.07,0.75,NA,0,5.65,1,207.25,1,NA,0,1.72,317.6,1
1997,2,8,-14.86,0.875,NA,0,3.06,1,152.12,1,NA,0,1.93,348.15,1
1997,2,9,-14,0.875,NA,0,2.97,1,30.38,1,NA,0,2.82,26.81,1
1997,2,10,-15.82,0.75,NA,0,3.29,1,212.25,1,NA,0,3.02,209.27,1
1997,2,11,-18,0.75,NA,0,2.64,1,123.62,1,NA,0,2.11,356.78,1
1997,2,12,-14.7,0.75,NA,0,2.21,0.875,56.43,0.875,NA,0,2.2,55.6,0.875
1997,2,13,NA,0.125,NA,0,1.29,1,155.75,1,NA,0,0.33,7.98,1
1997,2,14,-21.55,0.25,NA,0,3.76,1,35.12,1,NA,0,3.74,37.49,1
1997,2,15,-18.66,0.875,NA,0,3.92,1,89.5,1,NA,0,3.66,93.05,1
1997,2,16,-17.77,0.75,NA,0,3.62,1,220.5,1,NA,0,2.26,280.14,1
1997,2,17,-18.66,1,NA,0,4.1,1,191.62,1,NA,0,1.92,93.65,1
1997,2,18,-17.49,1,NA,0,5.01,1,138.5,1,NA,0,0.91,358.21,1
1997,2,19,-20.55,1,NA,0,4.99,1,133.88,1,NA,0,2.42,332.76,1
1997,2,20,-19.06,1,NA,0,6.99,1,38.75,1,NA,0,6.87,39.66,1
1997,2,21,-9.98,1,NA,0,8.05,1,215.38,1,NA,0,7.7,347.44,1
1997,2,22,-9.73,1,NA,0,5.7,0.875,206,1,NA,0,4.98,344.54,0.875
1997,2,23,-10.35,0.5,NA,0,2.21,0.875,95.29,0.875,NA,0,1.86,5.99,0.875
1997,2,24,-18.78,0.625,NA,0,2.79,1,214.88,1,NA,0,2.71,213.82,1
1997,2,25,-19.81,0.875,NA,0,2.18,0.75,195.83,0.75,NA,0,1.31,326.33,0.75
1997,2,26,-19.89,1,NA,0,3.71,1,58,1,NA,0,3.62,58.65,1
1997,2,27,-20.61,1,NA,0,9.24,0.625,57,1,NA,0,8.82,61.95,0.625
1997,2,28,-15.32,0.625,NA,0,3.11,1,153.75,1,NA,0,2.82,8.09,1
1997,3,1,-11.25,1,NA,0,1.12,0.75,123.17,0.75,NA,0,0.64,76.52,0.75
1997,3,2,-14.19,1,NA,0,3.6,1,135.88,1,NA,0,2.37,124.69,1
1997,3,3,-15.3,1,NA,0,3.75,1,137.12,1,NA,0,3.66,133.49,1
1997,3,4,-17.19,1,NA,0,2.6,1,203.75,1,NA,0,1.62,174.04,1
1997,3,5,-18.92,0.75,NA,0,2.53,0.875,215.29,0.875,NA,0,1.33,219.64,0.875
1997,3,6,-24.49,0.875,NA,0,3.32,1,263.12,1,NA,0,3.28,262.88,1
1997,3,7,-22.43,0.75,NA,0,3.28,1,305,1,NA,0,3.01,306.04,1
1997,3,8,-18.38,0.75,NA,0,5.46,1,29.25,1,NA,0,5.4,26.4,1
1997,3,9,-29.84,1,NA,0,5.6,0.875,111.62,1,NA,0,5.43,9.88,0.875
1997,3,10,-27.7,0.875,NA,0,3.71,1,67.12,1,NA,0,3.58,64.15,1
1997,3,11,-23.3,1,NA,0,5.31,1,111.12,1,NA,0,5,114.75,1
1997,3,12,-14.85,0.75,NA,0,2.51,1,97.38,1,NA,0,2.02,45.24,1
1997,3,13,-14.66,0.625,NA,0,6.53,0.875,176.5,1,NA,0,6.1,351.81,0.875
1997,3,14,-21.14,1,NA,0,7.28,0.75,323.17,0.75,NA,0,6.87,322.73,0.75
1997,3,15,-20.38,1,NA,0,NA,0,NA,0,NA,0,NA,NA,0
1997,3,16,-25.54,1,NA,0,NA,0.125,NA,0.125,NA,0,NA,NA,0.125
1997,3,17,-28.39,1,NA,0,5.91,0.875,216.5,1,NA,0,5.69,203.64,0.875
1997,3,18,-30.02,0.625,NA,0,1.68,0.75,127.67,0.75,NA,0,1.04,54.03,0.75
1997,3,19,-28.91,1,NA,0,3.14,1,47.62,1,NA,0,3.08,49.23,1
1997,3,20,-21.66,1,NA,0,4.15,1,42,1,NA,0,4.05,41.51,1
1997,3,21,-18.55,1,NA,0,5.26,1,64.38,1,NA,0,5.19,20.92,1
1997,3,22,-14.62,0.625,NA,0,2.36,0.875,92.43,0.875,NA,0,1.95,87.02,0.875
1997,3,23,-16.91,1,NA,0,NA,0.125,NA,0.125,NA,0,NA,NA,0.125
1997,3,24,-20.89,1,NA,0,4.21,1,197.62,1,NA,0,4.18,197.07,1
1997,3,25,-20.83,1,NA,0,3.72,1,72.38,1,NA,0,1.34,28.03,1
1997,3,26,-22.41,1,NA,0,2.3,0.375,320,0.375,NA,0,2.04,334.75,0.375
1997,3,27,-24.08,0.625,NA,0,4.92,1,102,1,NA,0,4.68,99.25,1
1997,3,28,-17.74,0.625,NA,0,4.41,1,77,1,NA,0,3.01,82.77,1
1997,3,29,-29.55,0.75,NA,0,4.86,1,142.88,1,NA,0,4.63,6.88,1
1997,3,30,-25.93,0.375,NA,0,7.44,1,114.62,1,NA,0,6.09,23.77,1
1997,3,31,-29.78,0.75,NA,0,5.15,1,118.5,1,NA,0,3.55,55.63,1
1997,4,1,-32.47,0.375,NA,0,5.75,0.75,82.67,0.75,NA,0,5.24,23.54,0.75
1997,4,2,-24.8,0.875,NA,0,1.53,0.375,50,0.375,NA,0,1.52,45.6,0.375
1997,4,3,-27.94,1,NA,0,NA,0,NA,0,NA,0,NA,NA,0
1997,4,4,-27.87,0.375,NA,0,NA,0,NA,0,NA,0,NA,NA,0
1997,4,5,-21.83,0.375,NA,0,6.06,0.625,102.2,0.625,NA,0,5.62,32.05,0.625
1997,4,6,-24.03,0.5,NA,0,4,1,63.25,1,NA,0,2.98,64.15,1
1997,4,7,-24.46,0.875,NA,0,5.18,1,27.12,1,NA,0,5.12,25.44,1
1997,4,8,-31.36,0.875,NA,0,4.59,1,332.88,1,NA,0,4.19,334.65,1
1997,4,9,-25.75,1,NA,0,2.14,0.625,136.75,1,NA,0,1.93,8.88,0.625
1997,4,10,-27.67,1,NA,0,2.38,0.625,80.62,1,NA,0,2.29,69.94,0.625
1997,4,11,-30.01,1,NA,0,2.93,0.375,148,0.375,NA,0,2.86,149.38,0.375
1997,4,12,-31.01,1,NA,0,NA,0,NA,0,NA,0,NA,NA,0
1997,4,13,-34.86,1,NA,0,NA,0,NA,0,NA,0,NA,NA,0
1997,4,14,-36.83,0.875,NA,0,NA,0,NA,0,NA,0,NA,NA,0
1997,4,15,-31.52,0.75,NA,0,4.1,0.25,43.5,0.25,NA,0,4.09,43.5,0.25
1997,4,16,-34.26,0.875,NA,0,2.8,0.25,40,0.25,NA,0,2.8,40.86,0.25
1997,4,17,-38.58,0.75,NA,0,NA,0,NA,0,NA,0,NA,NA,0
1997,4,18,-39.53,1,NA,0,NA,0,NA,0,NA,0,NA,NA,0
1997,4,19,-32.47,0.875,NA,0,1.82,0.5,121,0.5,NA,0,1.78,123.2,0.5
1997,4,20,-30.02,0.625,NA,0,2.29,1,94.88,1,NA,0,2.11,96.7,1
1997,4,21,-21.43,0.75,NA,0,2.4,0.5,108.25,0.5,NA,0,2.26,108.02,0.5
1997,4,22,-26.1,0.5,NA,0,4.63,0.75,294,0.75,NA,0,3.77,302.99,0.75
1997,4,23,-35.1,0.625,NA,0,6.12,1,61.5,1,NA,0,5.86,13.25,1
1997,4,24,-26.63,0.375,NA,0,2.71,0.875,241,0.875,NA,0,2.25,279.63,0.875
1997,4,25,NA,0,NA,0,9.21,0.875,106,0.875,NA,0,5.34,357.21,0.875
1997,4,26,-28.14,0.625,NA,0,8.65,0.25,95.75,0.5,NA,0,7.93,335.85,0.25
1997,4,27,-22.43,0.5,NA,0,NA,0.125,328,0.5,NA,0,NA,NA,0.125
1997,4,28,-37.09,1,NA,0,3.38,0.5,50.2,0.625,NA,0,2.68,50.22,0.5
1997,4,29,-36.96,1,NA,0,NA,0,NA,0,NA,0,NA,NA,0
1997,4,30,-40.21,0.875,NA,0,NA,0,NA,0,NA,0,NA,NA,0
1997,5,1,-40.25,0.5,NA,0,9.25,0.25,103.5,0.25,NA,0,8.28,103.96,0.25
1997,5,2,-23.37,0.75,NA,0,7.5,0.75,25.88,1,NA,0,7.15,26.04,0.75
1997,5,3,-22.83,0.75,NA,0,7.07,0.875,71.75,1,NA,0,6.88,65.62,0.875
1997,5,4,-26.34,0.625,NA,0,3.17,0.375,256.86,0.875,NA,0,2.07,21.9,0.375
1997,5,5,-34.98,1,NA,0,1.53,0.375,227.33,0.375,NA,0,1.52,341.55,0.375
1997,5,6,-34.56,1,NA,0,NA,0,NA,0,NA,0,NA,NA,0
1997,5,7,-34.2,0.75,NA,0,NA,0,NA,0,NA,0,NA,NA,0
1997,5,8,-40.92,0.75,NA,0,NA,0.125,NA,0.125,NA,0,NA,NA,0.125
1997,5,9,-37.35,1,NA,0,NA,0,NA,0,NA,0,NA,NA,0
1997,5,10,-39.95,1,NA,0,NA,0,NA,0,NA,0,NA,NA,0
1997,5,11,-47.1,0.75,NA,0,NA,0.125,NA,0.125,NA,0,NA,NA,0.125
1997,5,12,-44.11,1,NA,0,NA,0,NA,0,NA,0,NA,NA,0
1997,5,13,-37.33,1,NA,0,NA,0,NA,0,NA,0,NA,NA,0
1997,5,14,-34.5,1,NA,0,NA,0,NA,0,NA,0,NA,NA,0
1997,5,15,-16.45,0.5,NA,0,10.3,0.25,103.4,0.625,NA,0,8.45,56.5,0.25
1997,5,16,-14.58,0.5,NA,0,10.75,0.5,197.5,1,NA,0,10.11,24.37,0.5
1997,5,17,-15.88,0.75,NA,0,NA,0.125,NA,0.125,NA,0,NA,NA,0.125
1997,5,18,-17.24,0.625,NA,0,NA,0,NA,0,NA,0,NA,NA,0
1997,5,19,-24.35,1,NA,0,NA,0,NA,0,NA,0,NA,NA,0
1997,5,20,-27.88,1,NA,0,NA,0,NA,0,NA,0,NA,NA,0
1997,5,21,-28.11,1,NA,0,2.34,0.625,46,0.625,NA,0,2.3,44.23,0.625
1997,5,22,-32.93,0.75,NA,0,NA,0,NA,0,NA,0,NA,NA,0
1997,5,23,-36.56,0.625,NA,0,NA,0.125,NA,0.125,NA,0,NA,NA,0.125
1997,5,24,-31.39,0.875,NA,0,NA,0.125,NA,0.125,NA,0,NA,NA,0.125
1997,5,25,-30.41,0.875,NA,0,NA,0,NA,0,NA,0,NA,NA,0
1997,5,26,-29.3,0.5,NA,0,NA,0,NA,0,NA,0,NA,NA,0
1997,5,27,-22.53,0.75,NA,0,NA,0,NA,0,NA,0,NA,NA,0
1997,5,28,-20.64,0.625,NA,0,NA,0,NA,0,NA,0,NA,NA,0
1997,5,29,-29.91,1,NA,0,NA,0,NA,0,NA,0,NA,NA,0
1997,5,30,-28.21,1,NA,0,NA,0,NA,0,NA,0,NA,NA,0
1997,5,31,-25.45,1,NA,0,NA,0,NA,0,NA,0,NA,NA,0
1997,6,1,-23.83,1,NA,0,NA,0,NA,0,NA,0,NA,NA,0
1997,6,2,-23.61,1,NA,0,NA,0,NA,0,NA,0,NA,NA,0
1997,6,3,-22.64,1,NA,0,NA,0,NA,0,NA,0,NA,NA,0
1997,6,4,-20.44,1,NA,0,NA,0,NA,0,NA,0,NA,NA,0
1997,6,5,-23.2,1,NA,0,NA,0,NA,0,NA,0,NA,NA,0
1997,6,6,-17.7,0.75,NA,0,NA,0,NA,0,NA,0,NA,NA,0
1997,6,7,-18.8,0.625,NA,0,11.84,0.625,72,0.75,NA,0,11.35,11.58,0.625
1997,6,8,-23.19,0.875,NA,0,8.64,0.625,32,1,NA,0,8.56,11.58,0.625
1997,6,9,-19.31,0.875,NA,0,7.1,0.75,115.12,1,NA,0,5.88,27.95,0.75
1997,6,10,-22.13,0.875,NA,0,4.51,1,23.38,1,NA,0,4.45,21.24,1
1997,6,11,-17.83,1,NA,0,4.4,0.375,120,0.375,NA,0,3.95,356.29,0.375
1997,6,12,-16.76,1,NA,0,NA,0,NA,0,NA,0,NA,NA,0
1997,6,13,-18.31,0.875,NA,0,11.62,0.5,22.83,0.75,NA,0,11.59,21.91,0.5
1997,6,14,-22.94,1,NA,0,8.19,0.875,305.38,1,NA,0,7.97,343.8,0.875
1997,6,15,-25.01,1,NA,0,13.22,0.75,323.75,1,NA,0,12.64,328.76,0.75
1997,6,16,-26.1,0.875,NA,0,NA,0.125,322,0.25,NA,0,NA,NA,0.125
1997,6,17,-22.46,1,NA,0,NA,0,NA,0,NA,0,NA,NA,0
1997,6,18,-19.99,0.875,NA,0,NA,0,NA,0,NA,0,NA,NA,0
1997,6,19,-13.58,1,NA,0,1.8,0.25,6,0.25,NA,0,1.8,6.56,0.25
1997,6,20,-15.99,1,NA,0,NA,0,NA,0,NA,0,NA,NA,0
1997,6,21,-16.7,0.75,NA,0,NA,0,NA,0,NA,0,NA,NA,0
1997,6,22,-21.63,0.75,NA,0,NA,0,NA,0,NA,0,NA,NA,0
1997,6,23,-19,1,NA,0,NA,0,NA,0,NA,0,NA,NA,0
1997,6,24,-23.7,0.375,NA,0,2.11,1,316.5,1,NA,0,2.11,316.64,1
1997,6,25,-28.89,1,NA,0,NA,0.125,NA,0.125,NA,0,NA,NA,0.125
1997,6,26,-32.19,1,NA,0,NA,0,NA,0,NA,0,NA,NA,0
1997,6,27,-36.5,0.875,NA,0,NA,0,NA,0,NA,0,NA,NA,0
1997,6,28,-35.79,1,NA,0,NA,0,NA,0,NA,0,NA,NA,0
1997,6,29,-31.2,1,NA,0,NA,0,NA,0,NA,0,NA,NA,0
1997,6,30,-31.72,1,NA,0,NA,0,NA,0,NA,0,NA,NA,0
1997,7,1,-28.45,1,NA,0,NA,0,NA,0,NA,0,NA,NA,0
1997,7,2,-24.52,0.625,NA,0,2.92,0.5,53.75,0.5,NA,0,2.89,53.01,0.5
1997,7,3,-17.98,0.75,NA,0,12.8,0.375,128.67,0.375,NA,0,12.23,8.16,0.375
1997,7,4,-27.76,1,NA,0,9.49,0.875,54.5,1,NA,0,9.39,9.43,0.875
1997,7,5,-26.26,0.875,NA,0,NA,0,NA,0,NA,0,NA,NA,0
1997,7,6,-24.53,0.75,NA,0,NA,0,NA,0,NA,0,NA,NA,0
1997,7,7,-19.12,0.75,NA,0,NA,0.125,NA,0.125,NA,0,NA,NA,0.125
1997,7,8,-18.03,0.5,NA,0,9.35,0.5,201.6,0.625,NA,0,8.17,359.57,0.5
1997,7,9,-27.91,1,NA,0,NA,0.125,16,0.375,NA,0,NA,NA,0.125
1997,7,10,-28.37,0.875,NA,0,NA,0,NA,0,NA,0,NA,NA,0
1997,7,11,-28.9,0.875,NA,0,7.4,0.25,228.5,0.25,NA,0,7.4,228.7,0.25
1997,7,12,-29.99,0.875,NA,0,NA,0,NA,0,NA,0,NA,NA,0
1997,7,13,-28.96,0.625,NA,0,NA,0,NA,0,NA,0,NA,NA,0
1997,7,14,-28.14,0.875,NA,0,NA,0,NA,0,NA,0,NA,NA,0
1997,7,15,-34.58,0.625,NA,0,NA,0,NA,0,NA,0,NA,NA,0
1997,7,16,-30.68,1,NA,0,NA,0,NA,0,NA,0,NA,NA,0
1997,7,17,-30.53,1,NA,0,NA,0,NA,0,NA,0,NA,NA,0
1997,7,18,-37.3,0.5,NA,0,NA,0,NA,0,NA,0,NA,NA,0
1997,7,19,-38.71,0.875,NA,0,NA,0,NA,0,NA,0,NA,NA,0
1997,7,20,-42.12,1,NA,0,NA,0,NA,0,NA,0,NA,NA,0
1997,7,21,-41.5,1,NA,0,NA,0,NA,0,NA,0,NA,NA,0
1997,7,22,-39.02,0.75,NA,0,NA,0,NA,0,NA,0,NA,NA,0
1997,7,23,-29.36,0.625,NA,0,NA,0.125,NA,0.125,NA,0,NA,NA,0.125
1997,7,24,-43.23,0.5,NA,0,NA,0,NA,0,NA,0,NA,NA,0
1997,7,25,-18.67,0.375,NA,0,NA,0,292,0.25,NA,0,NA,NA,0
1997,7,26,-29.13,1,NA,0,11.56,0.875,280.71,0.875,NA,0,10.77,332.04,0.875
1997,7,27,-35.89,0.875,NA,0,5.82,0.5,328,0.625,NA,0,5.28,321.74,0.5
1997,7,28,-43.12,0.75,NA,0,7.9,0.25,169.5,0.25,NA,0,7.07,347.69,0.25
1997,7,29,-42.28,1,NA,0,NA,0,NA,0,NA,0,NA,NA,0
1997,7,30,-46.77,0.75,NA,0,3.38,1,117,1,NA,0,2.25,351.26,1
1997,7,31,-42.41,1,NA,0,1.27,0.5,16.25,0.5,NA,0,1.26,17.45,0.5
1997,8,1,NA,0.125,NA,0,6.48,0.75,131.25,1,NA,0,5.23,307.74,0.75
1997,8,2,-40.43,0.375,NA,0,17.4,0.25,317,0.5,NA,0,14.59,320.79,0.25
1997,8,3,-36.17,0.375,NA,0,NA,0,NA,0,NA,0,NA,NA,0
1997,8,4,-43.15,1,NA,0,2.48,0.5,37,0.5,NA,0,2.46,35.79,0.5
1997,8,5,-48.1,0.75,NA,0,NA,0,NA,0,NA,0,NA,NA,0
1997,8,6,-47.3,0.625,NA,0,3.17,0.375,42.33,0.375,NA,0,3.16,45.08,0.375
1997,8,7,-42.04,0.625,NA,0,2.8,0.875,28.43,0.875,NA,0,2.78,29.19,0.875
1997,8,8,-42.85,0.5,NA,0,NA,0.125,81,0.375,NA,0,NA,NA,0.125
1997,8,9,-46.76,0.875,NA,0,9.9,0.5,69.75,0.5,NA,0,9.88,69.56,0.5
1997,8,10,-22.78,0.5,NA,0,17.08,0.5,49,0.875,NA,0,16.87,51.24,0.5
1997,8,11,-35.02,0.75,NA,0,NA,0,NA,0,NA,0,NA,NA,0
1997,8,12,-34.52,0.75,NA,0,NA,0,NA,0,NA,0,NA,NA,0
1997,8,13,-35.83,0.375,NA,0,NA,0,NA,0,NA,0,NA,NA,0
1997,8,14,-36.93,0.875,NA,0,6.83,0.375,24.2,0.625,NA,0,6.57,15.62,0.375
1997,8,15,-33.68,0.75,NA,0,1.91,0.875,46.86,0.875,NA,0,1.91,45.43,0.875
1997,8,16,-34.3,0.5,NA,0,8.9,0.75,56.5,1,NA,0,8.76,5.6,0.75
1997,8,17,-32.9,0.625,NA,0,4.88,0.5,21.75,0.5,NA,0,4.87,21.87,0.5
1997,8,18,-23.89,0.875,NA,0,NA,0.125,NA,0.125,NA,0,NA,NA,0.125
1997,8,19,-29.76,0.625,NA,0,NA,0,NA,0,NA,0,NA,NA,0
1997,8,20,-32.69,1,NA,0,NA,0,NA,0,NA,0,NA,NA,0
1997,8,21,-31.43,1,NA,0,NA,0,NA,0,NA,0,NA,NA,0
1997,8,22,-32.36,1,NA,0,NA,0,NA,0,NA,0,NA,NA,0
1997,8,23,-34.52,0.75,NA,0,NA,0,NA,0,NA,0,NA,NA,0
1997,8,24,-38.16,0.875,NA,0,NA,0,NA,0,NA,0,NA,NA,0
1997,8,25,-34.97,0.75,NA,0,NA,0,NA,0,NA,0,NA,NA,0
1997,8,26,-36.43,0.75,NA,0,NA,0,NA,0,NA,0,NA,NA,0
1997,8,27,-43.17,0.75,NA,0,2.35,0.75,20.83,0.75,NA,0,2.35,20.96,0.75
1997,8,28,-37.71,1,NA,0,NA,0,NA,0,NA,0,NA,NA,0
1997,8,29,-36.28,1,NA,0,NA,0,NA,0,NA,0,NA,NA,0
1997,8,30,-28.3,0.875,NA,0,0.87,0.375,41.67,0.375,NA,0,0.86,38.22,0.375
1997,8,31,-24.15,1,NA,0,NA,0,NA,0,NA,0,NA,NA,0
1997,9,1,-25.32,0.75,NA,0,NA,0,NA,0,NA,0,NA,NA,0
1997,9,2,-24.53,0.75,NA,0,NA,0,NA,0,NA,0,NA,NA,0
1997,9,3,-24.09,0.875,NA,0,NA,0,NA,0,NA,0,NA,NA,0
1997,9,4,-21.37,0.875,NA,0,NA,0,NA,0,NA,0,NA,NA,0
1997,9,5,-22.18,1,NA,0,NA,0,NA,0,NA,0,NA,NA,0
1997,9,6,-26.44,1,NA,0,NA,0,NA,0,NA,0,NA,NA,0
1997,9,7,-29.21,1,NA,0,NA,0,NA,0,NA,0,NA,NA,0
1997,9,8,-32.02,0.625,NA,0,NA,0,NA,0,NA,0,NA,NA,0
1997,9,9,-32.39,0.875,NA,0,NA,0,NA,0,NA,0,NA,NA,0
1997,9,10,-29.13,0.5,NA,0,12.05,0.25,21.5,1,NA,0,11.65,54.74,0.25
1997,9,11,-39.1,0.75,NA,0,6.17,0.375,220,0.5,NA,0,4.86,336.22,0.375
1997,9,12,-36.62,0.625,NA,0,NA,0,NA,0,NA,0,NA,NA,0
1997,9,13,-38.2,0.625,NA,0,NA,0,NA,0,NA,0,NA,NA,0
1997,9,14,-37.77,0.75,NA,0,NA,0,NA,0,NA,0,NA,NA,0
1997,9,15,-38.51,0.875,NA,0,NA,0,NA,0,NA,0,NA,NA,0
1997,9,16,-33.85,1,NA,0,NA,0,NA,0,NA,0,NA,NA,0
1997,9,17,-26.63,0.875,NA,0,NA,0,NA,0,NA,0,NA,NA,0
1997,9,18,-24.33,0.75,NA,0,NA,0,NA,0,NA,0,NA,NA,0
1997,9,19,-24.18,0.5,NA,0,NA,0,NA,0,NA,0,NA,NA,0
1997,9,20,-23.1,0.625,NA,0,NA,0,NA,0,NA,0,NA,NA,0
1997,9,21,-19.97,0.75,NA,0,NA,0,NA,0,NA,0,NA,NA,0
1997,9,22,-18.42,0.625,NA,0,NA,0,NA,0,NA,0,NA,NA,0
1997,9,23,-18.14,1,NA,0,9.67,0.5,71.43,0.875,NA,0,8.81,73.85,0.5
1997,9,24,-11.4,0.75,NA,0,17.45,0.5,86.5,1,NA,0,16.94,75.34,0.5
1997,9,25,-15.44,1,NA,0,11.1,0.5,89.4,0.625,NA,0,11.06,89.22,0.5
1997,9,26,-19.03,0.875,NA,0,12.1,0.375,86,0.375,NA,0,12.05,88.76,0.375
1997,9,27,-22.85,0.25,NA,0,12.35,0.25,318,0.25,NA,0,12.13,319.04,0.25
1997,9,28,-24.99,1,NA,0,9.67,0.375,126,0.375,NA,0,9.11,2.38,0.375
1997,9,29,-24,0.75,NA,0,NA,0,NA,0,NA,0,NA,NA,0
1997,9,30,-20.33,0.75,NA,0,NA,0,NA,0,NA,0,NA,NA,0
1997,10,1,-18.37,0.875,NA,0,NA,0,NA,0,NA,0,NA,NA,0
1997,10,2,-21.2,1,NA,0,8.14,0.625,34,0.625,NA,0,8.13,34.06,0.625
1997,10,3,-21.53,0.875,NA,0,NA,0,NA,0,NA,0,NA,NA,0
1997,10,4,-18.58,1,NA,0,NA,0,NA,0,NA,0,NA,NA,0
1997,10,5,-19.43,0.75,NA,0,NA,0,NA,0,NA,0,NA,NA,0
1997,10,6,-24.11,1,NA,0,NA,0,NA,0,NA,0,NA,NA,0
1997,10,7,-17.29,0.875,NA,0,NA,0,NA,0,NA,0,NA,NA,0
1997,10,8,-16.09,1,NA,0,NA,0,NA,0,NA,0,NA,NA,0
1997,10,9,-18.2,1,NA,0,NA,0,NA,0,NA,0,NA,NA,0
1997,10,10,-16.2,1,NA,0,NA,0,NA,0,NA,0,NA,NA,0
1997,10,11,-15.2,1,NA,0,NA,0,NA,0,NA,0,NA,NA,0
1997,10,12,-14.63,0.875,NA,0,NA,0,NA,0,NA,0,NA,NA,0
1997,10,13,-17.87,0.875,NA,0,NA,0,NA,0,NA,0,NA,NA,0
1997,10,14,-18.18,1,NA,0,NA,0,NA,0,NA,0,NA,NA,0
1997,10,15,-19.03,0.75,NA,0,NA,0,NA,0,NA,0,NA,NA,0
1997,10,16,-28.31,0.875,NA,0,NA,0,NA,0,NA,0,NA,NA,0
1997,10,17,-29.16,1,NA,0,NA,0,NA,0,NA,0,NA,NA,0
1997,10,18,-24.96,1,NA,0,NA,0,NA,0,NA,0,NA,NA,0
1997,10,19,-19.98,1,NA,0,NA,0,NA,0,NA,0,NA,NA,0
1997,10,20,-19.54,1,NA,0,NA,0,NA,0,NA,0,NA,NA,0
1997,10,21,-23.06,1,NA,0,NA,0,NA,0,NA,0,NA,NA,0
1997,10,22,-17.12,0.75,NA,0,NA,0,NA,0,NA,0,NA,NA,0
1997,10,23,-13.99,0.875,NA,0,12.97,0.375,144.17,0.75,NA,0,11.6,20.36,0.375
1997,10,24,-15.82,0.625,NA,0,NA,0.125,200.43,0.875,NA,0,NA,NA,0.125
1997,10,25,-14.13,1,NA,0,7.1,0.375,191.14,0.875,NA,0,7.05,134.96,0.375
1997,10,26,-15.61,1,NA,0,4.92,0.5,202.25,1,NA,0,4.12,340.79,0.5
1997,10,27,-16.81,1,NA,0,3.17,0.75,128.25,1,NA,0,3.05,354.24,0.75
1997,10,28,-16.98,1,NA,0,4.19,1,101.12,1,NA,0,3.41,108.93,1
1997,10,29,-16.14,0.875,NA,0,4.1,1,228.75,1,NA,0,3.31,232.42,1
1997,10,30,-21.84,0.875,NA,0,6.07,0.75,211.14,0.875,NA,0,4.61,226.3,0.75
1997,10,31,-24.81,1,NA,0,4.2,1,190.38,1,NA,0,3.48,194.08,1
1997,11,1,-23.51,1,NA,0,4.53,0.75,146.14,0.875,NA,0,1.92,193.38,0.75
1997,11,2,-21.64,0.875,NA,0,8.2,0.875,132,1,NA,0,6.59,46.81,0.875
1997,11,3,-16.67,0.75,NA,0,10.25,0.75,148.25,1,NA,0,5.59,304.19,0.75
1997,11,4,-14.2,1,NA,0,7.26,0.875,60.25,1,NA,0,7.04,56.37,0.875
1997,11,5,-13.2,0.875,NA,0,4.71,0.875,132.75,1,NA,0,3.53,86.88,0.875
1997,11,6,-12.49,0.875,NA,0,3.09,0.875,153.29,0.875,NA,0,1.65,137.58,0.875
1997,11,7,-13.9,0.875,NA,0,6.21,1,103,1,NA,0,6.12,102.55,1
1997,11,8,-9.92,1,NA,0,8.85,0.75,73,1,NA,0,8.46,64.04,0.75
1997,11,9,-13.78,1,NA,0,10.6,1,87.25,1,NA,0,10.5,86.4,1
1997,11,10,-12.76,1,NA,0,11.41,1,87.38,1,NA,0,11.27,87.51,1
1997,11,11,-11.64,1,NA,0,5.14,1,105,1,NA,0,4.7,92.29,1
1997,11,12,-12.35,0.75,NA,0,2.52,1,101,1,NA,0,0.74,52.75,1
1997,11,13,-16.42,0.75,NA,0,3.55,1,46.25,1,NA,0,3.43,42.34,1
1997,11,14,-10.73,1,NA,0,5.77,0.75,88,1,NA,0,5.64,89.28,0.75
1997,11,15,-12.2,0.75,NA,0,7.79,1,77.38,1,NA,0,7.61,78.48,1
1997,11,16,-10.1,0.875,NA,0,4.41,1,137.75,1,NA,0,2.93,136.24,1
1997,11,17,-13.8,1,NA,0,7.3,1,92.62,1,NA,0,6.08,93.37,1
1997,11,18,-10.76,1,NA,0,7.72,0.75,79.88,1,NA,0,7.33,75.01,0.75
1997,11,19,-9.05,1,NA,0,12.67,0.875,73.38,1,NA,0,12.16,74.18,0.875
1997,11,20,-8.79,1,NA,0,10.78,1,77.88,1,NA,0,10.18,77.74,1
1997,11,21,-8.33,0.875,NA,0,4.45,0.75,191,1,NA,0,3.68,356.3,0.75
1997,11,22,-6.96,1,NA,0,9.89,1,280.62,1,NA,0,9.54,279.6,1
1997,11,23,-8.81,0.875,NA,0,4.48,0.75,145.25,1,NA,0,0.56,172.59,0.75
1997,11,24,-8.2,1,NA,0,3.67,1,270.5,1,NA,0,2.93,258.64,1
1997,11,25,-10.1,1,NA,0,2.35,1,249.62,1,NA,0,2.02,260.24,1
1997,11,26,-13.46,0.625,NA,0,5.5,1,166.75,1,NA,0,4.45,170.76,1
1997,11,27,-14.92,1,NA,0,5.19,1,146.62,1,NA,0,4.34,151.03,1
1997,11,28,-15.29,1,NA,0,2.5,0.875,205.14,0.875,NA,0,1.57,180.58,0.875
1997,11,29,-15.08,1,NA,0,2.86,1,120.88,1,NA,0,2.46,98.9,1
1997,11,30,-12.96,1,NA,0,2.4,0.875,167.29,0.875,NA,0,1.48,153.23,0.875
1997,12,1,-13.94,1,NA,0,3.76,0.625,93.6,0.625,NA,0,3.23,88.13,0.625
1997,12,2,-13.96,1,NA,0,7.96,0.875,278.62,1,NA,0,5.27,335.14,0.875
1997,12,3,-13.56,0.625,NA,0,4.23,0.875,163.75,1,NA,0,3.76,173.3,0.875
1997,12,4,-13.05,0.5,NA,0,1.93,0.875,101,0.875,NA,0,1.49,93.89,0.875
1997,12,5,-14.93,1,NA,0,5.74,1,174.38,1,NA,0,5.53,172.51,1
1997,12,6,-14.76,1,NA,0,5.66,1,148.5,1,NA,0,5.58,149.06,1
1997,12,7,-14.94,1,NA,0,6.06,1,138.75,1,NA,0,5.97,139.8,1
1997,12,8,-14.16,1,NA,0,4.43,0.75,116.75,1,NA,0,4.4,115.91,0.75
1997,12,9,-14.9,1,NA,0,6.65,0.75,124,1,NA,0,6.47,123.18,0.75
1997,12,10,-12.23,0.875,NA,0,4.97,1,153.12,1,NA,0,4.87,150.7,1
1997,12,11,-10.14,1,NA,0,2.85,1,103.88,1,NA,0,1.37,94.51,1
1997,12,12,-7.1,0.875,NA,0,2.55,1,74,1,NA,0,2.11,38.05,1
1997,12,13,-5.94,0.625,NA,0,2.22,1,293.12,1,NA,0,2.04,286.65,1
1997,12,14,-5.6,0.25,NA,0,1.46,0.875,97.71,0.875,NA,0,0.97,76.19,0.875
1997,12,15,-7.87,0.375,NA,0,1.97,1,215.88,1,NA,0,1.58,211.87,1
1997,12,16,-10.6,0.5,NA,0,2.19,1,113.25,1,NA,0,1.39,77.99,1
1997,12,17,-11.57,0.75,NA,0,2.92,1,94.75,1,NA,0,2.8,82.23,1
1997,12,18,-10.05,0.75,NA,0,4.32,1,68.75,1,NA,0,3.75,65.57,1
1997,12,19,-10.45,0.75,NA,0,2.74,1,170.12,1,NA,0,2.1,160.68,1
1997,12,20,-11.29,0.875,NA,0,3.28,1,73,1,NA,0,3.11,76.11,1
1997,12,21,-6.02,1,NA,0,6.79,1,163.38,1,NA,0,3.59,36.47,1
1997,12,22,-5.16,1,NA,0,7.54,1,172.75,1,NA,0,6.82,349.74,1
1997,12,23,-5.9,1,NA,0,13.37,0.875,202.62,1,NA,0,12.06,333.82,0.875
1997,12,24,-9.39,1,NA,0,8.3,0.875,152.62,1,NA,0,6.15,21.48,0.875
1997,12,25,-6.11,1,NA,0,7.96,1,83.75,1,NA,0,6.89,35.59,1
1997,12,26,-4.88,1,NA,0,9.41,1,173.38,1,NA,0,9.03,354.07,1
1997,12,27,-3.77,0.875,NA,0,3.6,0.75,110.14,0.875,NA,0,2,17.97,0.75
1997,12,28,-3.97,1,NA,0,3.54,0.875,262.5,1,NA,0,1.71,253.96,0.875
1997,12,29,-6.89,1,NA,0,6.64,1,214.12,1,NA,0,6.3,347.7,1
1997,12,30,-6.88,1,NA,0,6.39,1,69,1,NA,0,6.17,22.9,1
1997,12,31,-6.79,1,NA,0,3.91,1,50.62,1,NA,0,3.85,48.84,1
1998,1,1,-7.26,1,NA,0,5.44,1,222.38,1,NA,0,5.13,357.22,1
1998,1,2,-8.41,1,NA,0,5.75,1,352.88,1,NA,0,5.73,353.01,1
1998,1,3,-7.79,1,NA,0,4.8,1,55.5,1,NA,0,4.75,8.7,1
1998,1,4,-8.15,1,NA,0,4.89,1,62,1,NA,0,4.78,16.83,1
1998,1,5,-7.25,0.5,NA,0,0.98,0.625,47.8,0.625,NA,0,0.91,42.59,0.625
1998,1,6,-9.58,0.625,NA,0,1.96,0.875,44.29,0.875,NA,0,1.91,46.81,0.875
1998,1,7,-9.62,0.75,NA,0,2.61,0.875,223.29,0.875,NA,0,2.45,226.73,0.875
1998,1,8,-11.27,0.75,NA,0,2.64,1,247,1,NA,0,2.53,245.05,1
1998,1,9,-13.4,0.75,NA,0,2.79,1,189.62,1,NA,0,1.46,254.71,1
1998,1,10,-13.3,0.25,NA,0,1.73,1,128.12,1,NA,0,0.89,55.17,1
1998,1,11,-13.89,0.875,NA,0,4.46,1,73.12,1,NA,0,4.14,71.89,1
1998,1,12,-12.78,1,NA,0,5.54,1,237,0.625,NA,0,3.5,240.4,0.625
1998,1,13,-11.83,0.75,NA,0,2.69,1,269.75,1,NA,0,1.08,301.48,1
1998,1,14,-12.86,0.875,NA,0,2.84,0.625,185.2,0.625,NA,0,2.82,185.72,0.625
1998,1,15,-12.36,1,NA,0,3.62,0.5,207,0.5,NA,0,2.47,297.89,0.5
1998,1,16,-11.52,0.625,NA,0,2.4,0.875,168.57,0.875,NA,0,0.73,14.61,0.875
1998,1,17,-11.96,0.625,NA,0,3.34,1,78.75,1,NA,0,2.9,73.52,1
1998,1,18,-9.75,0.5,NA,0,4.76,0.875,201.86,0.875,NA,0,4.41,3.44,0.875
1998,1,19,-8.43,0.875,NA,0,2.87,0.875,108.57,0.875,NA,0,1.96,34.15,0.875
1998,1,20,-10.25,0.75,NA,0,4.08,1,128.5,1,NA,0,3.89,134.34,1
1998,1,21,-7.52,0.75,NA,0,3.65,1,71.12,1,NA,0,3.56,69.53,1
1998,1,22,-11.38,1,NA,0,7.51,1,103.25,1,NA,0,7.09,13.18,1
1998,1,23,-14.53,1,NA,0,7.08,1,320.75,1,NA,0,5.16,339,1
1998,1,24,-11.5,0.625,NA,0,2.59,0.875,143.62,1,NA,0,1.32,78.59,0.875
1998,1,25,-13.38,0.625,NA,0,4.16,1,170,1,NA,0,3.95,164.51,1
1998,1,26,-14.24,0.875,NA,0,5.03,1,181.12,1,NA,0,4.34,7.73,1
1998,1,27,-14.92,0.5,NA,0,1.85,1,224.12,1,NA,0,1.16,350.61,1
1998,1,28,-16.49,0.875,NA,0,3.14,1,221.62,1,NA,0,2.74,358.28,1
1998,1,29,-16.12,0.75,NA,0,2.28,0.75,169.33,0.75,NA,0,1.44,118.64,0.75
1998,1,30,-17.5,0.5,NA,0,1.99,0.875,118.29,0.875,NA,0,1.16,124.6,0.875
1998,1,31,-18.93,0.875,NA,0,5.21,1,162,1,NA,0,5.07,168.26,1
1998,2,1,-19.75,1,NA,0,8.01,1,172.5,0.25,NA,0,11.06,173.01,0.25
1998,2,2,-18.63,0.75,NA,0,3.17,1,173.57,0.875,NA,0,1.31,163.42,0.875
1998,2,3,-20.22,0.625,NA,0,2.67,1,188.8,0.625,NA,0,2.71,188.11,0.625
1998,2,4,-17.08,0.625,NA,0,2.17,0.875,150.71,0.875,NA,0,1.8,183.33,0.875
1998,2,5,-12.7,1,NA,0,2.69,1,132,1,NA,0,1.65,34.1,1
1998,2,6,-10.96,0.875,NA,0,3.85,1,53.88,1,NA,0,2.99,66.82,1
1998,2,7,-9.93,0.75,NA,0,2.43,0.75,144.62,1,NA,0,1.75,22.67,0.75
1998,2,8,-11.12,0.625,NA,0,2.26,0.875,74.62,1,NA,0,1.94,86.02,0.875
1998,2,9,-9.73,1,NA,0,4.99,1,81.75,1,NA,0,3.54,81.25,1
1998,2,10,-8,0.875,NA,0,7.58,1,81.5,1,NA,0,6.08,25.25,1
1998,2,11,-10.77,0.75,NA,0,2.99,1,132.75,1,NA,0,1.89,125.76,1
1998,2,12,-7.66,0.875,NA,0,2.64,1,238.5,1,NA,0,2.32,245.26,1
1998,2,13,-13.02,0.75,NA,0,4,1,250.62,1,NA,0,3.8,341.33,1
1998,2,14,-14.64,1,NA,0,3.94,1,266.12,1,NA,0,1.76,270.92,1
1998,2,15,-12.68,0.5,NA,0,2.19,1,244.5,1,NA,0,0.71,279.02,1
1998,2,16,-20.28,0.5,NA,0,3.46,1,189.5,1,NA,0,3.39,191.33,1
1998,2,17,-13.75,0.75,NA,0,2.15,0.5,124.25,0.5,NA,0,0.89,167.49,0.5
1998,2,18,-16.83,0.5,NA,0,3.16,1,76,1,NA,0,3.03,72.47,1
1998,2,19,-13.14,0.875,NA,0,4.04,1,96.88,1,NA,0,2.88,91.85,1
1998,2,20,-12.25,0.5,NA,0,4.06,1,60.62,1,NA,0,3.81,15.66,1
1998,2,21,-10.55,0.75,NA,0,3.06,1,243.12,1,NA,0,2.14,274.5,1
1998,2,22,-12.62,0.75,NA,0,2.8,1,259.5,1,NA,0,2.34,256.03,1
1998,2,23,-15.1,0.375,NA,0,1.49,0.875,263.14,0.875,NA,0,0.77,253.91,0.875
1998,2,24,-15.64,0.875,NA,0,2.89,1,125.5,1,NA,0,1.9,50.4,1
1998,2,25,-14,1,NA,0,4.1,0.875,46.75,1,NA,0,3.07,32.9,0.875
1998,2,26,-15.66,0.875,NA,0,13.67,0.75,257.5,1,NA,0,12.46,351.06,0.75
1998,2,27,-17.55,1,NA,0,5.86,0.875,53.88,1,NA,0,5.59,53.44,0.875
1998,2,28,-20.24,0.875,NA,0,3.2,1,226.75,1,NA,0,1.39,241.85,1
1998,3,1,-24.34,1,NA,0,4.9,1,156.25,1,NA,0,1.92,123.75,1
1998,3,2,-24.81,1,NA,0,6.24,1,217,1,NA,0,5.93,218.23,1
1998,3,3,-20.96,1,NA,0,2.53,0.75,217.33,0.75,NA,0,2.18,201.96,0.75
1998,3,4,-27,0.625,NA,0,5.54,1,128.12,1,NA,0,5.4,124.97,1
1998,3,5,-17.8,0.875,NA,0,6.68,1,36.38,1,NA,0,5.53,33.74,1
1998,3,6,-13.13,0.875,NA,0,6.22,1,289,1,NA,0,5.96,332.89,1
1998,3,7,-13.01,1,NA,0,2.16,1,139,1,NA,0,1.65,20.34,1
1998,3,8,-15.91,1,NA,0,2,0.75,119.5,0.75,NA,0,1.78,133.35,0.75
1998,3,9,-14,1,NA,0,NA,0,NA,0,NA,0,NA,NA,0
1998,3,10,-13.81,1,NA,0,NA,0,NA,0,NA,0,NA,NA,0
1998,3,11,-14.01,1,NA,0,NA,0,NA,0,NA,0,NA,NA,0
1998,3,12,-17.23,0.875,NA,0,2.48,0.625,26.6,0.625,NA,0,2.44,27.48,0.625
1998,3,13,-19.2,0.875,NA,0,NA,0,NA,0,NA,0,NA,NA,0
1998,3,14,-19.76,0.625,NA,0,NA,0,NA,0,NA,0,NA,NA,0
1998,3,15,-19.79,1,NA,0,NA,0,NA,0,NA,0,NA,NA,0
1998,3,16,-19.59,1,NA,0,NA,0.125,NA,0.125,NA,0,NA,NA,0.125
1998,3,17,-17.34,1,NA,0,3.45,0.5,167.6,0.625,NA,0,1.21,143.18,0.5
1998,3,18,-21.19,0.875,NA,0,4.66,1,48.38,1,NA,0,4.54,48.71,1
1998,3,19,-23.87,0.75,NA,0,9.06,1,147,1,NA,0,4.54,47.82,1
1998,3,20,-28.47,1,NA,0,5.87,0.75,47.62,1,NA,0,5.8,49.54,0.75
1998,3,21,-30.64,0.875,NA,0,5.85,1,59.12,1,NA,0,5.52,13.19,1
1998,3,22,-31.08,1,NA,0,6.55,1,197.38,1,NA,0,4.82,343.86,1
1998,3,23,-33.97,0.875,NA,0,2.9,0.625,311.2,0.625,NA,0,2.43,310.89,0.625
1998,3,24,-30.83,0.5,NA,0,7.11,1,112.75,1,NA,0,3.08,25.5,1
1998,3,25,-15.14,1,NA,0,7.33,0.875,106.62,1,NA,0,6.93,17.6,0.875
1998,3,26,-16.84,0.875,NA,0,4.27,0.75,49.5,0.75,NA,0,4.23,50.1,0.75
1998,3,27,-15.66,1,NA,0,2.97,0.375,202.33,0.375,NA,0,2.94,204.08,0.375
1998,3,28,-18.97,0.75,NA,0,NA,0,NA,0,NA,0,NA,NA,0
1998,3,29,-23.7,1,NA,0,NA,0,NA,0,NA,0,NA,NA,0
1998,3,30,-18.1,1,NA,0,NA,0,NA,0,NA,0,NA,NA,0
1998,3,31,-24.9,0.875,NA,0,NA,0,NA,0,NA,0,NA,NA,0
1998,4,1,-29.41,0.875,NA,0,NA,0,NA,0,NA,0,NA,NA,0
1998,4,2,-26.3,0.875,NA,0,NA,0,NA,0,NA,0,NA,NA,0
1998,4,3,-14.48,1,NA,0,9.57,0.375,98.75,0.5,NA,0,8.47,7.69,0.375
1998,4,4,-18.83,1,NA,0,6.96,0.625,73.86,0.875,NA,0,6.82,24.24,0.625
1998,4,5,-21,1,NA,0,NA,0,NA,0,NA,0,NA,NA,0
1998,4,6,-22.3,1,NA,0,NA,0,NA,0,NA,0,NA,NA,0
1998,4,7,-22.88,1,NA,0,NA,0,NA,0,NA,0,NA,NA,0
1998,4,8,-24.27,0.875,NA,0,NA,0,NA,0,NA,0,NA,NA,0
1998,4,9,-35.13,0.875,NA,0,NA,0,NA,0,NA,0,NA,NA,0
1998,4,10,-32.37,0.875,NA,0,NA,0,NA,0,NA,0,NA,NA,0
1998,4,11,-28.41,1,NA,0,NA,0,NA,0,NA,0,NA,NA,0
1998,4,12,-27.4,0.75,NA,0,2.5,0.25,302.5,0.25,NA,0,2.5,302.5,0.25
1998,4,13,-34.17,0.375,NA,0,NA,0,NA,0,NA,0,NA,NA,0
1998,4,14,-33.16,1,NA,0,NA,0,NA,0,NA,0,NA,NA,0
1998,4,15,-33.36,1,NA,0,NA,0,NA,0,NA,0,NA,NA,0
1998,4,16,-26.21,1,NA,0,NA,0,NA,0,NA,0,NA,NA,0
1998,4,17,-30.06,0.625,NA,0,NA,0,NA,0,NA,0,NA,NA,0
1998,4,18,-32.77,0.75,NA,0,NA,0,NA,0,NA,0,NA,NA,0
1998,4,19,-25.81,0.875,NA,0,NA,0,NA,0,NA,0,NA,NA,0
1998,4,20,-33.48,0.75,NA,0,NA,0,NA,0,NA,0,NA,NA,0
1998,4,21,-30.59,1,NA,0,NA,0.125,NA,0.125,NA,0,NA,NA,0.125
1998,4,22,-29.13,0.875,NA,0,NA,0,NA,0,NA,0,NA,NA,0
1998,4,23,-29.83,0.875,NA,0,NA,0,NA,0,NA,0,NA,NA,0
1998,4,24,-27.35,0.75,NA,0,NA,0,NA,0,NA,0,NA,NA,0
1998,4,25,-24.18,0.625,NA,0,2.66,0.875,83.43,0.875,NA,0,2.04,32.77,0.875
1998,4,26,-29.52,0.625,NA,0,NA,0,NA,0,NA,0,NA,NA,0
1998,4,27,-25.89,1,NA,0,NA,0,NA,0,NA,0,NA,NA,0
1998,4,28,-27.2,1,NA,0,NA,0.125,NA,0.125,NA,0,NA,NA,0.125
1998,4,29,-26.5,1,NA,0,3.1,0.625,304.4,0.625,NA,0,2.48,285.78,0.625
1998,4,30,-30.61,1,NA,0,2.3,0.25,194,0.25,NA,0,2.23,190.9,0.25
1998,5,1,-33.66,1,NA,0,2.91,1,163.25,1,NA,0,0.83,236.48,1
1998,5,2,-25.3,0.375,NA,0,4.26,0.625,175.29,0.875,NA,0,3.56,330.29,0.625
1998,5,3,-35.28,0.75,NA,0,1.7,0.375,306.67,0.375,NA,0,1.7,308.31,0.375
1998,5,4,-21.1,0.625,NA,0,NA,0,NA,0,NA,0,NA,NA,0
1998,5,5,-16.58,1,NA,0,NA,0,NA,0,NA,0,NA,NA,0
1998,5,6,-13.76,0.875,NA,0,9.97,0.5,320,0.5,NA,0,8.69,314.61,0.5
1998,5,7,-18,0.5,NA,0,8.32,0.625,259.29,0.875,NA,0,6.55,288.43,0.625
1998,5,8,-18.88,0.75,NA,0,5.64,0.625,47.6,0.625,NA,0,5.63,47.09,0.625
1998,5,9,-13.45,0.75,NA,0,1.98,0.75,49.33,0.75,NA,0,1.98,49.65,0.75
1998,5,10,-26.86,0.625,NA,0,2.7,0.5,52.8,0.625,NA,0,2.64,40.48,0.5
1998,5,11,-27.25,1,NA,0,NA,0,NA,0,NA,0,NA,NA,0
1998,5,12,-31.28,1,NA,0,NA,0,NA,0,NA,0,NA,NA,0
1998,5,13,-32.63,1,NA,0,NA,0,NA,0,NA,0,NA,NA,0
1998,5,14,-33.48,1,NA,0,NA,0,NA,0,NA,0,NA,NA,0
1998,5,15,-34.13,0.375,NA,0,NA,0,NA,0,NA,0,NA,NA,0
1998,5,16,-25.38,0.75,NA,0,NA,0,NA,0,NA,0,NA,NA,0
1998,5,17,-32.23,0.75,NA,0,NA,0,NA,0,NA,0,NA,NA,0
1998,5,18,-32.64,0.875,NA,0,NA,0,NA,0,NA,0,NA,NA,0
1998,5,19,-33.93,0.75,NA,0,NA,0,NA,0,NA,0,NA,NA,0
1998,5,20,-33.5,0.875,NA,0,NA,0,NA,0,NA,0,NA,NA,0
1998,5,21,-34.5,0.375,NA,0,NA,0,NA,0,NA,0,NA,NA,0
1998,5,22,-33.3,0.5,NA,0,NA,0,NA,0,NA,0,NA,NA,0
1998,5,23,-33.05,0.75,NA,0,NA,0,NA,0,NA,0,NA,NA,0
1998,5,24,-35.9,0.25,NA,0,NA,0,NA,0,NA,0,NA,NA,0
1998,5,25,-28.22,0.625,NA,0,NA,0,NA,0,NA,0,NA,NA,0
1998,5,26,-27.54,0.625,NA,0,NA,0,NA,0,NA,0,NA,NA,0
1998,5,27,-12.42,0.625,NA,0,NA,0,NA,0,NA,0,NA,NA,0
1998,5,28,-10.9,0.75,NA,0,NA,0,NA,0,NA,0,NA,NA,0
1998,5,29,-22.53,0.75,NA,0,NA,0,NA,0,NA,0,NA,NA,0
1998,5,30,-26.99,0.875,NA,0,NA,0,NA,0,NA,0,NA,NA,0
1998,5,31,-29.68,0.75,NA,0,NA,0,NA,0,NA,0,NA,NA,0
1998,6,1,-27.89,1,NA,0,NA,0,NA,0,NA,0,NA,NA,0
1998,6,2,-22.1,0.625,NA,0,NA,0,NA,0,NA,0,NA,NA,0
1998,6,3,-19.35,1,NA,0,NA,0,NA,0,NA,0,NA,NA,0
1998,6,4,-15.94,1,NA,0,NA,0,NA,0,NA,0,NA,NA,0
1998,6,5,-12.85,1,NA,0,NA,0,NA,0,NA,0,NA,NA,0
1998,6,6,-11.21,1,NA,0,NA,0,NA,0,NA,0,NA,NA,0
1998,6,7,-13.9,1,NA,0,NA,0,NA,0,NA,0,NA,NA,0
1998,6,8,-19.19,0.875,NA,0,NA,0,NA,0,NA,0,NA,NA,0
1998,6,9,-20.72,0.75,NA,0,NA,0,NA,0,NA,0,NA,NA,0
1998,6,10,-19.29,1,NA,0,NA,0,NA,0,NA,0,NA,NA,0
1998,6,11,-21.38,0.625,NA,0,NA,0,NA,0,NA,0,NA,NA,0
1998,6,12,-27.46,0.625,NA,0,NA,0,NA,0,NA,0,NA,NA,0
1998,6,13,-26.71,0.875,NA,0,NA,0,NA,0,NA,0,NA,NA,0
1998,6,14,-27.02,0.75,NA,0,NA,0,NA,0,NA,0,NA,NA,0
1998,6,15,-22.2,0.625,NA,0,NA,0,NA,0,NA,0,NA,NA,0
1998,6,16,-25.87,0.375,NA,0,NA,0,NA,0,NA,0,NA,NA,0
1998,6,17,-26.36,0.625,NA,0,NA,0,NA,0,NA,0,NA,NA,0
1998,6,18,-29.06,1,NA,0,NA,0,NA,0,NA,0,NA,NA,0
1998,6,19,-27.49,0.875,NA,0,NA,0,NA,0,NA,0,NA,NA,0
1998,6,20,-29.33,0.875,NA,0,NA,0,NA,0,NA,0,NA,NA,0
1998,6,21,-20.54,0.625,NA,0,NA,0,NA,0,NA,0,NA,NA,0
1998,6,22,-17.13,1,NA,0,NA,0,NA,0,NA,0,NA,NA,0
1998,6,23,-19.86,1,NA,0,NA,0,NA,0,NA,0,NA,NA,0
1998,6,24,-25.6,1,NA,0,NA,0,NA,0,NA,0,NA,NA,0
1998,6,25,-26.26,0.625,NA,0,NA,0,NA,0,NA,0,NA,NA,0
1998,6,26,-34.44,0.875,NA,0,NA,0,NA,0,NA,0,NA,NA,0
1998,6,27,-31.19,1,NA,0,NA,0,NA,0,NA,0,NA,NA,0
1998,6,28,-27.56,1,NA,0,NA,0,NA,0,NA,0,NA,NA,0
1998,6,29,-24.53,1,NA,0,NA,0,NA,0,NA,0,NA,NA,0
1998,6,30,-27.62,0.75,NA,0,NA,0,NA,0,NA,0,NA,NA,0
1998,7,1,-26.36,1,NA,0,NA,0,NA,0,NA,0,NA,NA,0
1998,7,2,-25.24,1,NA,0,NA,0,NA,0,NA,0,NA,NA,0
1998,7,3,-23.89,0.875,NA,0,NA,0,NA,0,NA,0,NA,NA,0
1998,7,4,-18.4,1,NA,0,NA,0,NA,0,NA,0,NA,NA,0
1998,7,5,-26.46,1,NA,0,NA,0,NA,0,NA,0,NA,NA,0
1998,7,6,-28.09,1,NA,0,NA,0,NA,0,NA,0,NA,NA,0
1998,7,7,-31.11,1,NA,0,NA,0,NA,0,NA,0,NA,NA,0
1998,7,8,-34.59,0.875,NA,0,NA,0,NA,0,NA,0,NA,NA,0
1998,7,9,-29.44,1,NA,0,NA,0,NA,0,NA,0,NA,NA,0
1998,7,10,-31.93,0.875,NA,0,NA,0,NA,0,NA,0,NA,NA,0
1998,7,11,-33.3,1,NA,0,NA,0,NA,0,NA,0,NA,NA,0
1998,7,12,-38.9,1,NA,0,NA,0,NA,0,NA,0,NA,NA,0
1998,7,13,-40.67,0.75,NA,0,NA,0,NA,0,NA,0,NA,NA,0
1998,7,14,-36.41,1,NA,0,NA,0,NA,0,NA,0,NA,NA,0
1998,7,15,-29.41,1,NA,0,NA,0,NA,0,NA,0,NA,NA,0
1998,7,16,-29.78,0.75,NA,0,NA,0,NA,0,NA,0,NA,NA,0
1998,7,17,-27.86,0.875,NA,0,NA,0,NA,0,NA,0,NA,NA,0
1998,7,18,-31.69,1,NA,0,NA,0,NA,0,NA,0,NA,NA,0
1998,7,19,-34.44,1,NA,0,NA,0,NA,0,NA,0,NA,NA,0
1998,7,20,-37.19,1,NA,0,NA,0,NA,0,NA,0,NA,NA,0
1998,7,21,-38.25,0.5,NA,0,NA,0,NA,0,NA,0,NA,NA,0
1998,7,22,-32.27,0.875,NA,0,NA,0,NA,0,NA,0,NA,NA,0
1998,7,23,-26.72,0.625,NA,0,NA,0,NA,0,NA,0,NA,NA,0
1998,7,24,-29.6,0.875,NA,0,NA,0,NA,0,NA,0,NA,NA,0
1998,7,25,-35.5,1,NA,0,NA,0,NA,0,NA,0,NA,NA,0
1998,7,26,-30.85,1,NA,0,NA,0,NA,0,NA,0,NA,NA,0
1998,7,27,-30.69,0.875,NA,0,NA,0,NA,0,NA,0,NA,NA,0
1998,7,28,-34.86,1,NA,0,NA,0,NA,0,NA,0,NA,NA,0
1998,7,29,-35.03,1,NA,0,NA,0,NA,0,NA,0,NA,NA,0
1998,7,30,-26.47,0.875,NA,0,NA,0,NA,0,NA,0,NA,NA,0
1998,7,31,-25.63,1,NA,0,NA,0,NA,0,NA,0,NA,NA,0
1998,8,1,-27.93,1,NA,0,NA,0,NA,0,NA,0,NA,NA,0
1998,8,2,-25.51,1,NA,0,NA,0,NA,0,NA,0,NA,NA,0
1998,8,3,-23.8,0.625,NA,0,NA,0,NA,0,NA,0,NA,NA,0
1998,8,4,-26.37,0.75,NA,0,NA,0,NA,0,NA,0,NA,NA,0
1998,8,5,-30.46,0.875,NA,0,NA,0,NA,0,NA,0,NA,NA,0
1998,8,6,-26.16,1,NA,0,NA,0,NA,0,NA,0,NA,NA,0
1998,8,7,-24.79,1,NA,0,NA,0,NA,0,NA,0,NA,NA,0
1998,8,8,-21.36,1,NA,0,NA,0,NA,0,NA,0,NA,NA,0
1998,8,9,-20.9,0.875,NA,0,NA,0,NA,0,NA,0,NA,NA,0
1998,8,10,-25.17,1,NA,0,NA,0,NA,0,NA,0,NA,NA,0
1998,8,11,-27.61,1,NA,0,NA,0,NA,0,NA,0,NA,NA,0
1998,8,12,-31.48,1,NA,0,NA,0,NA,0,NA,0,NA,NA,0
1998,8,13,-31.39,1,NA,0,NA,0,NA,0,NA,0,NA,NA,0
1998,8,14,-29.98,1,NA,0,NA,0,NA,0,NA,0,NA,NA,0
1998,8,15,-40.52,0.625,NA,0,NA,0,NA,0,NA,0,NA,NA,0
1998,8,16,-43.14,1,NA,0,NA,0,NA,0,NA,0,NA,NA,0
1998,8,17,-42.76,1,NA,0,NA,0,NA,0,NA,0,NA,NA,0
1998,8,18,-39.8,1,NA,0,NA,0,NA,0,NA,0,NA,NA,0
1998,8,19,-36.5,1,NA,0,NA,0,NA,0,NA,0,NA,NA,0
1998,8,20,-27.54,1,NA,0,NA,0,NA,0,NA,0,NA,NA,0
1998,8,21,-21.84,1,NA,0,NA,0,NA,0,NA,0,NA,NA,0
1998,8,22,-20.09,1,NA,0,NA,0,NA,0,NA,0,NA,NA,0
1998,8,23,-20.91,1,NA,0,NA,0,NA,0,NA,0,NA,NA,0
1998,8,24,-22.07,0.75,NA,0,NA,0,NA,0,NA,0,NA,NA,0
1998,8,25,-21.85,1,NA,0,NA,0,NA,0,NA,0,NA,NA,0
1998,8,26,-23.6,0.75,NA,0,NA,0,NA,0,NA,0,NA,NA,0
1998,8,27,-32.59,1,NA,0,NA,0,NA,0,NA,0,NA,NA,0
1998,8,28,-20.81,0.875,NA,0,NA,0,NA,0,NA,0,NA,NA,0
1998,8,29,-21.93,0.875,NA,0,NA,0,NA,0,NA,0,NA,NA,0
1998,8,30,-20.33,1,NA,0,NA,0,NA,0,NA,0,NA,NA,0
1998,8,31,-27.37,0.75,NA,0,NA,0,NA,0,NA,0,NA,NA,0
1998,9,1,-28.32,0.625,NA,0,NA,0,NA,0,NA,0,NA,NA,0
1998,9,2,-38.75,0.75,NA,0,NA,0,NA,0,NA,0,NA,NA,0
1998,9,3,-43.83,0.875,NA,0,NA,0,NA,0,NA,0,NA,NA,0
1998,9,4,-31.74,0.625,NA,0,NA,0,NA,0,NA,0,NA,NA,0
1998,9,5,-33.28,1,NA,0,NA,0,NA,0,NA,0,NA,NA,0
1998,9,6,-42.78,0.75,NA,0,NA,0,NA,0,NA,0,NA,NA,0
1998,9,7,-43.15,0.75,NA,0,NA,0,NA,0,NA,0,NA,NA,0
1998,9,8,-36.1,0.875,NA,0,NA,0,NA,0,NA,0,NA,NA,0
1998,9,9,-34.32,1,NA,0,NA,0,NA,0,NA,0,NA,NA,0
1998,9,10,-30.33,1,NA,0,NA,0,NA,0,NA,0,NA,NA,0
1998,9,11,-28.83,1,NA,0,NA,0,NA,0,NA,0,NA,NA,0
1998,9,12,-22.7,0.625,NA,0,NA,0,NA,0,NA,0,NA,NA,0
1998,9,13,-33.58,0.5,NA,0,NA,0,NA,0,NA,0,NA,NA,0
1998,9,14,-28,1,NA,0,NA,0,NA,0,NA,0,NA,NA,0
1998,9,15,-22.95,0.75,NA,0,NA,0,NA,0,NA,0,NA,NA,0
1998,9,16,-28.48,0.625,NA,0,NA,0,NA,0,NA,0,NA,NA,0
1998,9,17,-34.68,0.5,NA,0,NA,0,NA,0,NA,0,NA,NA,0
1998,9,18,-26.9,0.875,NA,0,NA,0,NA,0,NA,0,NA,NA,0
1998,9,19,-26.73,1,NA,0,NA,0,NA,0,NA,0,NA,NA,0
1998,9,20,-33.28,1,NA,0,NA,0,NA,0,NA,0,NA,NA,0
1998,9,21,-32.15,1,NA,0,NA,0,NA,0,NA,0,NA,NA,0
1998,9,22,-37.83,0.875,NA,0,NA,0,NA,0,NA,0,NA,NA,0
1998,9,23,-40.18,0.5,NA,0,0.8,0.25,58.5,0.25,NA,0,0.77,58.5,0.25
1998,9,24,-33.72,0.625,NA,0,NA,0,NA,0,NA,0,NA,NA,0
1998,9,25,-32.01,0.875,NA,0,2.02,0.5,57.5,0.5,NA,0,1.98,61.36,0.5
1998,9,26,-29.71,1,NA,0,NA,0.125,NA,0.125,NA,0,NA,NA,0.125
1998,9,27,-28.41,1,NA,0,NA,0,NA,0,NA,0,NA,NA,0
1998,9,28,-25.08,0.5,NA,0,NA,0,NA,0,NA,0,NA,NA,0
1998,9,29,-18.28,1,NA,0,NA,0,NA,0,NA,0,NA,NA,0
1998,9,30,-16.66,0.875,NA,0,NA,0,NA,0,NA,0,NA,NA,0
1998,10,1,-18.29,0.875,NA,0,NA,0,NA,0,NA,0,NA,NA,0
1998,10,2,-19.09,0.875,NA,0,NA,0,NA,0,NA,0,NA,NA,0
1998,10,3,-17.45,1,NA,0,NA,0,NA,0,NA,0,NA,NA,0
1998,10,4,-22.03,0.75,NA,0,NA,0,NA,0,NA,0,NA,NA,0
1998,10,5,-27.96,0.875,NA,0,NA,0,NA,0,NA,0,NA,NA,0
1998,10,6,-29.08,0.5,NA,0,NA,0.125,NA,0.125,NA,0,NA,NA,0.125
1998,10,7,-24.84,0.875,NA,0,NA,0,NA,0,NA,0,NA,NA,0
1998,10,8,-32.08,0.625,NA,0,3.7,0.25,54.5,0.25,NA,0,3.69,54.99,0.25
1998,10,9,-21.4,0.625,NA,0,NA,0,NA,0,NA,0,NA,NA,0
1998,10,10,-24.25,0.75,NA,0,NA,0,NA,0,NA,0,NA,NA,0
1998,10,11,-30.74,1,NA,0,5.42,0.75,61.67,0.75,NA,0,5.27,59.98,0.75
1998,10,12,-33.17,0.375,NA,0,5.63,0.75,64.12,1,NA,0,5.01,23.57,0.75
1998,10,13,-25.54,0.625,NA,0,3.18,0.625,55.12,1,NA,0,2.78,44.43,0.625
1998,10,14,-23.53,0.375,NA,0,3.5,0.625,39.5,1,NA,0,3.48,26.11,0.625
1998,10,15,-15.2,0.875,NA,0,13.27,1,62,1,NA,0,13.13,62.86,1
1998,10,16,-17.12,0.75,NA,0,6.8,1,117.5,1,NA,0,4.82,33.01,1
1998,10,17,-10.63,0.75,NA,0,NA,0.125,NA,0.125,NA,0,NA,NA,0.125
1998,10,18,-21.7,0.875,NA,0,4.85,1,253.38,1,NA,0,3.57,257.48,1
1998,10,19,-27.28,0.5,NA,0,4.88,1,303.88,1,NA,0,3.69,316.85,1
1998,10,20,-29.6,0.5,NA,0,6.75,0.75,278.62,1,NA,0,3.95,271.43,0.75
1998,10,21,-31.15,1,NA,0,4.22,0.5,257.62,1,NA,0,2.28,312.15,0.5
1998,10,22,-31.57,0.875,NA,0,1.87,0.375,148,0.375,NA,0,1.59,37.31,0.375
1998,10,23,-29.07,0.875,NA,0,NA,0,NA,0,NA,0,NA,NA,0
1998,10,24,-29.33,0.875,NA,0,NA,0,NA,0,NA,0,NA,NA,0
1998,10,25,-27.66,1,NA,0,NA,0,NA,0,NA,0,NA,NA,0
1998,10,26,-24.3,1,NA,0,NA,0,NA,0,NA,0,NA,NA,0
1998,10,27,-22.78,1,NA,0,2.08,0.5,107.5,0.5,NA,0,2.01,21.23,0.5
1998,10,28,-23.23,0.75,NA,0,1.77,1,271.75,1,NA,0,1.4,320.94,1
1998,10,29,-25.92,0.75,NA,0,3.43,0.875,197,0.875,NA,0,3.35,200.48,0.875
1998,10,30,-26.49,1,NA,0,3.52,1,201.25,1,NA,0,3.13,196.45,1
1998,10,31,-29.23,1,NA,0,2.35,0.5,274.25,0.5,NA,0,1.7,261.59,0.5
1998,11,1,-34.98,0.75,NA,0,3.96,1,157.38,1,NA,0,3.77,156.57,1
1998,11,2,-32.85,1,NA,0,3.75,1,244.62,1,NA,0,2.41,234.57,1
1998,11,3,-31.77,0.75,NA,0,3.95,1,128.88,1,NA,0,2.78,29.64,1
1998,11,4,-23.69,0.875,NA,0,5.75,1,72.5,1,NA,0,4.93,61.08,1
1998,11,5,-21.5,0.875,NA,0,5.54,1,56.75,1,NA,0,4.6,58.8,1
1998,11,6,-23.76,0.875,NA,0,5.71,1,98,1,NA,0,3.84,62.83,1
1998,11,7,-19.62,0.625,NA,0,7.74,0.875,149.25,1,NA,0,2.07,336.82,0.875
1998,11,8,-19.06,1,NA,0,7.9,0.75,99.5,1,NA,0,5.07,49.33,0.75
1998,11,9,-19.73,1,NA,0,10.29,0.875,137.12,1,NA,0,10.08,2.55,0.875
1998,11,10,-16.96,1,NA,0,9.1,0.875,256.75,1,NA,0,8.56,346.02,0.875
1998,11,11,-16.89,1,NA,0,7.11,1,105.88,1,NA,0,6.35,13.36,1
1998,11,12,-20.24,1,NA,0,4.39,1,105.62,1,NA,0,2.62,46.74,1
1998,11,13,-20.1,1,NA,0,4.68,1,170.88,1,NA,0,4.56,170.56,1
1998,11,14,-19.34,1,NA,0,3.12,1,226.75,1,NA,0,2.03,197.01,1
1998,11,15,-17.9,0.75,NA,0,4.77,0.875,103.25,1,NA,0,4.23,60.63,0.875
1998,11,16,-14.03,0.875,NA,0,3.3,1,104,1,NA,0,2.38,51.62,1
1998,11,17,-15.16,1,NA,0,2.6,1,146.75,1,NA,0,0.45,85.24,1
1998,11,18,-19.1,0.875,NA,0,3.7,1,218.88,1,NA,0,2.84,209.95,1
1998,11,19,-21.43,0.75,NA,0,3.65,1,182.38,1,NA,0,2.37,334.12,1
1998,11,20,-19.51,1,NA,0,3.84,1,241.12,1,NA,0,1.85,241.31,1
1998,11,21,-19.03,1,NA,0,5.6,1,155.25,1,NA,0,5.21,19.08,1
1998,11,22,-17.03,1,NA,0,6.12,1,74.5,1,NA,0,5.63,29.06,1
1998,11,23,-15.63,1,NA,0,2.38,1,72,1,NA,0,1.63,71.21,1
1998,11,24,-16.45,1,NA,0,2.98,1,160.12,1,NA,0,2.63,19.39,1
1998,11,25,-16.75,0.75,NA,0,2.31,1,121.88,1,NA,0,1.89,16.04,1
1998,11,26,-19.2,0.75,NA,0,5.31,1,178.75,1,NA,0,5.24,180.13,1
1998,11,27,-20.31,1,NA,0,4.16,1,215,1,NA,0,3.81,212.55,1
1998,11,28,-20.68,1,NA,0,4,1,143.5,0.5,NA,0,2.01,190.08,0.5
1998,11,29,-21.05,1,NA,0,6.26,0.875,152.62,1,NA,0,4.42,124.42,0.875
1998,11,30,-20.8,0.625,NA,0,3.49,1,172.12,1,NA,0,1.66,59.58,1
1998,12,1,-16.4,0.875,NA,0,3.54,1,50.75,1,NA,0,3.24,50.32,1
1998,12,2,-8.3,0.25,NA,0,1.17,0.875,151.14,0.875,NA,0,1.03,172.07,0.875
1998,12,3,-12.35,1,NA,0,3.17,1,220.62,1,NA,0,3.09,219.77,1
1998,12,4,-12.91,1,NA,0,2.99,1,269.62,1,NA,0,2.3,260.56,1
1998,12,5,-17.16,1,NA,0,4.77,1,23,1,NA,0,4.77,22.68,1
1998,12,6,-14.4,1,NA,0,7.71,1,181,1,NA,0,7.63,1.85,1
1998,12,7,-16.12,0.625,NA,0,3.3,0.75,32.5,1,NA,0,3.21,29.23,0.75
1998,12,8,-15.83,0.75,NA,0,2.36,1,124.62,1,NA,0,2.01,42.5,1
1998,12,9,-15.01,1,NA,0,4.76,1,177,1,NA,0,4.44,175.73,1
1998,12,10,-14.31,0.875,NA,0,3.81,1,186.4,0.625,NA,0,3.45,187.04,0.625
1998,12,11,-14.33,0.875,NA,0,3.46,1,121.38,1,NA,0,2.81,118.34,1
1998,12,12,-13.85,1,NA,0,4.64,1,71.12,1,NA,0,4.41,69.61,1
1998,12,13,-12.28,1,NA,0,4.5,1,140,1,NA,0,4.02,4.15,1
1998,12,14,-12.93,0.75,NA,0,3.2,0.625,268.75,1,NA,0,2.27,356.07,0.625
1998,12,15,-12.09,1,NA,0,7.01,1,115.88,1,NA,0,6.91,115.63,1
1998,12,16,-8.63,0.75,NA,0,3.42,1,176.38,1,NA,0,1.15,120.42,1
1998,12,17,-9.08,0.75,NA,0,3.48,1,206.12,1,NA,0,3.33,210.63,1
1998,12,18,-12.12,0.75,NA,0,3.59,0.875,104.86,0.875,NA,0,1.13,47.05,0.875
1998,12,19,-13.3,1,NA,0,6.26,1,243,1,NA,0,4.97,336.88,1
1998,12,20,-12.05,1,NA,0,7.54,1,164.75,1,NA,0,5.32,343.18,1
1998,12,21,-10.08,0.75,NA,0,2.83,0.875,137.14,0.875,NA,0,1.21,56.8,0.875
1998,12,22,-10.96,1,NA,0,2.81,1,245,0.625,NA,0,1.07,290.44,0.625
1998,12,23,-10.5,0.875,NA,0,3.08,1,90.75,1,NA,0,1.84,40.53,1
1998,12,24,-9.2,0.25,NA,0,1.36,1,73.88,1,NA,0,1.23,25.85,1
1998,12,25,-10.26,0.625,NA,0,2.16,1,92.12,1,NA,0,1.99,90.97,1
1998,12,26,-8.7,0.75,NA,0,2.12,1,157.38,1,NA,0,1.73,167.31,1
1998,12,27,-13.03,0.375,NA,0,1.98,1,109.75,1,NA,0,1.86,27.73,1
1998,12,28,-8.93,0.375,NA,0,1.65,1,107.38,1,NA,0,0.7,77.43,1
1998,12,29,-7.52,0.5,NA,0,2.07,0.75,114,0.75,NA,0,1.74,115.29,0.75
1998,12,30,NA,0.125,NA,0,0.8,0.875,169.29,0.875,NA,0,0.17,222.95,0.875
1998,12,31,-9.6,0.5,NA,0,1.27,0.5,200,0.5,NA,0,1.18,205.17,0.5
1999,1,1,-11.58,0.5,NA,0,3.39,0.875,122,0.875,NA,0,3.04,142.73,0.875
1999,1,2,-10.88,0.5,NA,0,3.74,0.875,49.14,0.875,NA,0,3.49,48.2,0.875
1999,1,3,-8.7,1,NA,0,5.72,0.75,84.25,1,NA,0,5.67,81.35,0.75
1999,1,4,-11.7,0.875,NA,0,6.17,0.875,115.88,1,NA,0,5.61,33.62,0.875
1999,1,5,-8.75,0.75,NA,0,2.41,1,114,1,NA,0,1.84,62.9,1
1999,1,6,-9.24,0.625,NA,0,2.01,0.875,110.14,0.875,NA,0,1.14,117.81,0.875
1999,1,7,-10.38,0.625,NA,0,3.58,1,178.88,1,NA,0,2.59,162.43,1
1999,1,8,-12.57,0.875,NA,0,5.54,1,105,1,NA,0,5.08,23.01,1
1999,1,9,-11.46,0.625,NA,0,4,1,266.88,1,NA,0,1.62,257.81,1
1999,1,10,-10.65,1,NA,0,4.82,0.75,214.12,1,NA,0,4.53,335.15,0.75
1999,1,11,-10.38,0.625,NA,0,2.62,0.75,90,0.875,NA,0,2.08,23.72,0.75
1999,1,12,-10.78,0.625,NA,0,2.86,1,180.25,0.5,NA,0,0.62,112.13,0.5
1999,1,13,NA,0.125,NA,0,1.94,0.875,121.8,0.625,NA,0,1.27,138.87,0.625
1999,1,14,-16.25,0.75,NA,0,3.25,1,236.75,1,NA,0,2.42,351.41,1
1999,1,15,-15.14,1,NA,0,4.2,1,34.75,1,NA,0,4.11,33.81,1
1999,1,16,-11,1,NA,0,3.4,1,111.25,1,NA,0,2.34,33.94,1
1999,1,17,-9.27,0.375,NA,0,2,0.875,119.43,0.875,NA,0,0.91,114.41,0.875
1999,1,18,-8.54,0.625,NA,0,2.21,1,142.88,1,NA,0,1.15,116.83,1
1999,1,19,-8.62,0.625,NA,0,3.26,1,188.25,1,NA,0,1.89,146.42,1
1999,1,20,-7.63,1,NA,0,3.5,1,85.38,1,NA,0,2.92,89.04,1
1999,1,21,-8.83,0.5,NA,0,2.45,0.75,254.71,0.875,NA,0,1.5,306.85,0.75
1999,1,22,-10.12,0.625,NA,0,4.16,1,140.38,1,NA,0,3.17,358.74,1
1999,1,23,-9.02,0.75,NA,0,3.07,1,195,0.5,NA,0,3.24,193.6,0.5
1999,1,24,-10.6,0.875,NA,0,3.11,1,53.75,1,NA,0,2.5,36.89,1
1999,1,25,-12.53,0.75,NA,0,2.76,1,155.25,1,NA,0,0.93,201.01,1
1999,1,26,-11.16,0.875,NA,0,4.86,1,277.12,1,NA,0,4.7,274.53,1
1999,1,27,-15.8,0.625,NA,0,5.42,0.75,225.5,1,NA,0,5.13,225.03,0.75
1999,1,28,-9.9,0.375,NA,0,2.8,1,236.38,1,NA,0,2.61,221.16,1
1999,1,29,-10.63,0.75,NA,0,2.21,1,286.38,1,NA,0,2.17,287.55,1
1999,1,30,-8.9,0.25,NA,0,1.07,0.75,215.33,0.75,NA,0,0.86,211.74,0.75
1999,1,31,-9.83,0.375,NA,0,1.63,0.875,111.14,0.875,NA,0,1.34,64.59,0.875
1999,2,1,-11.9,0.375,NA,0,2.04,1,180.62,1,NA,0,0.98,194.26,1
1999,2,2,-14.2,0.875,NA,0,3.2,1,237.62,1,NA,0,2.59,327.14,1
1999,2,3,-17.88,0.75,NA,0,2.53,0.875,241.71,0.875,NA,0,1.15,240.18,0.875
1999,2,4,-21.35,1,NA,0,4.82,1,179.88,1,NA,0,4.64,181.82,1
1999,2,5,-22.06,0.625,NA,0,3.38,1,233.5,1,NA,0,2.97,215.46,1
1999,2,6,-16.9,0.875,NA,0,2.6,1,126.25,1,NA,0,2.16,46.38,1
1999,2,7,-16.85,0.5,NA,0,2.14,1,128.12,1,NA,0,1.69,119.03,1
1999,2,8,-16.45,0.5,NA,0,1.77,1,268.12,1,NA,0,0.68,314.25,1
1999,2,9,-15.23,0.75,NA,0,2.39,1,260.38,1,NA,0,1.99,250.75,1
1999,2,10,-13.4,0.75,NA,0,3.54,1,220.38,1,NA,0,2.84,308.67,1
1999,2,11,-17.8,0.375,NA,0,2.44,1,256.88,1,NA,0,1.94,237.06,1
1999,2,12,-15.66,0.625,NA,0,4.55,1,297.88,1,NA,0,4.22,293.11,1
1999,2,13,-15.8,0.75,NA,0,2.41,0.875,222.43,0.875,NA,0,2.36,224.12,0.875
1999,2,14,-11.15,0.25,NA,0,1.1,0.75,210.33,0.75,NA,0,0.26,37.26,0.75
1999,2,15,-17.18,0.5,NA,0,1.96,1,78.62,1,NA,0,1.81,77.09,1
1999,2,16,-16,0.25,NA,0,1.86,0.875,225.57,0.875,NA,0,1.7,220.3,0.875
1999,2,17,-16.36,0.875,NA,0,3.89,1,238,1,NA,0,3.35,229.45,1
1999,2,18,-13.95,0.5,NA,0,1.63,0.875,262.57,0.875,NA,0,1.5,255.93,0.875
1999,2,19,-16.22,0.625,NA,0,1.94,0.875,215.57,0.875,NA,0,1.46,225.61,0.875
1999,2,20,-17.9,0.75,NA,0,3.15,1,202.12,1,NA,0,3.09,206.03,1
1999,2,21,-18.4,0.875,NA,0,5.62,1,201.25,1,NA,0,5.48,201.26,1
1999,2,22,-22,1,NA,0,3.03,0.75,114.5,0.75,NA,0,1.05,92.47,0.75
1999,2,23,-23.71,1,NA,0,3.86,1,81.12,1,NA,0,3.72,83.13,1
1999,2,24,-20.5,0.625,NA,0,1.98,0.625,190,0.625,NA,0,1.28,336.86,0.625
1999,2,25,-27.83,0.875,NA,0,3.3,1,52.25,1,NA,0,3.03,54.32,1
1999,2,26,-27.6,0.75,NA,0,3.19,1,31.5,1,NA,0,3.16,32.83,1
1999,2,27,-24.35,0.75,NA,0,2.63,0.875,21.43,0.875,NA,0,2.59,20.23,0.875
1999,2,28,-20.8,0.25,NA,0,1.34,0.875,87.57,0.875,NA,0,1.17,85.34,0.875
1999,3,1,-24.88,0.5,NA,0,2.23,0.875,253.57,0.875,NA,0,1.81,337.15,0.875
1999,3,2,-23.51,1,NA,0,3.79,1,309.75,1,NA,0,3.43,316.56,1
1999,3,3,-17.53,1,NA,0,2.19,0.875,272.43,0.875,NA,0,1.76,359.68,0.875
1999,3,4,-16.1,1,NA,0,1.49,0.875,82.29,0.875,NA,0,1.38,85.42,0.875
1999,3,5,-21.08,1,NA,0,1.43,0.75,92.67,0.75,NA,0,1.27,53.55,0.75
1999,3,6,-26.8,0.75,NA,0,1.71,1,169.5,1,NA,0,1.61,173.53,1
1999,3,7,-25.88,0.75,NA,0,4.32,1,173,1,NA,0,3.12,174.16,1
1999,3,8,-23.84,0.875,NA,0,3.22,1,211.38,1,NA,0,2.07,291.58,1
1999,3,9,-21.97,0.75,NA,0,2.1,0.875,212.86,0.875,NA,0,1.85,224.1,0.875
1999,3,10,-22.52,0.625,NA,0,2.46,1,267.38,1,NA,0,2.06,268.25,1
1999,3,11,-23.92,0.75,NA,0,2.45,0.75,251.33,0.75,NA,0,2.08,251.69,0.75
1999,3,12,-28.24,1,NA,0,3.54,1,229.38,1,NA,0,3.41,230.06,1
1999,3,13,-26.58,1,NA,0,2.8,1,270,1,NA,0,2.43,269.51,1
1999,3,14,-26.42,0.625,NA,0,3.3,1,252.88,1,NA,0,3.2,250.98,1
1999,3,15,-23.22,0.75,NA,0,3.86,1,268.75,1,NA,0,3.37,268.86,1
1999,3,16,-24.77,0.875,NA,0,3.51,0.875,275.57,0.875,NA,0,2.97,275.22,0.875
1999,3,17,-27.28,0.5,NA,0,2.85,0.75,257.83,0.75,NA,0,2.12,246.19,0.75
1999,3,18,-27.79,0.875,NA,0,1.93,0.875,98,0.875,NA,0,1.72,42.14,0.875
1999,3,19,-26.47,0.75,NA,0,1.45,0.5,297.75,0.5,NA,0,1.35,297.95,0.5
1999,3,20,-29.13,0.5,NA,0,2.65,1,202.62,1,NA,0,0.84,331.62,1
1999,3,21,-29.45,0.25,NA,0,2.94,1,236.5,1,NA,0,2.46,247.55,1
1999,3,22,-27.94,0.625,NA,0,5.8,0.75,217.38,1,NA,0,5.05,353.3,0.75
1999,3,23,-28.14,0.625,NA,0,4.08,1,125.38,1,NA,0,2.56,142.97,1
1999,3,24,-29.58,1,NA,0,3.57,1,83.43,0.875,NA,0,3.3,29.34,0.875
1999,3,25,-30.86,0.625,NA,0,3.92,1,128,0.75,NA,0,3.45,7.97,0.75
1999,3,26,-23.67,0.875,NA,0,3.34,0.625,314.88,1,NA,0,3.16,314.92,0.625
1999,3,27,-24.63,0.5,NA,0,2.67,1,217.38,1,NA,0,1.62,205.07,1
1999,3,28,-21.8,1,NA,0,1.61,0.875,266.71,0.875,NA,0,1.32,264.23,0.875
1999,3,29,-27.51,0.875,NA,0,1.75,0.5,226,0.5,NA,0,0.98,326.85,0.5
1999,3,30,-22.78,0.625,NA,0,NA,0,NA,0,NA,0,NA,NA,0
1999,3,31,-21.45,0.5,NA,0,NA,0,NA,0,NA,0,NA,NA,0
1999,4,1,-20.33,1,NA,0,NA,0,NA,0,NA,0,NA,NA,0
1999,4,2,-17.66,0.875,NA,0,4.45,1,280.88,1,NA,0,4.33,279.28,1
1999,4,3,-19.44,0.875,NA,0,1.43,0.875,155.57,0.875,NA,0,0.78,45.25,0.875
1999,4,4,-21.02,0.75,NA,0,2.38,1,156.88,1,NA,0,2.09,153.01,1
1999,4,5,-27.02,0.625,NA,0,0.9,0.25,93.5,0.25,NA,0,0.88,87.87,0.25
1999,4,6,-29.04,0.875,NA,0,NA,0,NA,0,NA,0,NA,NA,0
1999,4,7,-26.25,1,NA,0,3.95,0.25,220,0.25,NA,0,3.86,220.46,0.25
1999,4,8,-30.43,0.875,NA,0,2.48,1,198,1,NA,0,2.44,194.47,1
1999,4,9,-31.24,1,NA,0,NA,0.125,NA,0.125,NA,0,NA,NA,0.125
1999,4,10,-33.02,0.75,NA,0,0.87,0.375,210.33,0.375,NA,0,0.86,211.93,0.375
1999,4,11,-35.6,0.75,NA,0,NA,0,NA,0,NA,0,NA,NA,0
1999,4,12,-34.1,1,NA,0,NA,0,NA,0,NA,0,NA,NA,0
1999,4,13,-31.36,1,NA,0,NA,0,NA,0,NA,0,NA,NA,0
1999,4,14,-28.92,1,NA,0,NA,0,NA,0,NA,0,NA,NA,0
1999,4,15,-30.31,1,NA,0,NA,0,NA,0,NA,0,NA,NA,0
1999,4,16,-37.4,1,NA,0,NA,0,NA,0,NA,0,NA,NA,0
1999,4,17,-35.61,0.875,NA,0,NA,0,NA,0,NA,0,NA,NA,0
1999,4,18,-26.13,0.875,NA,0,NA,0,NA,0,NA,0,NA,NA,0
1999,4,19,-21.03,0.375,NA,0,5.73,0.75,131.25,1,NA,0,3.4,76.18,0.75
1999,4,20,-29.63,0.5,NA,0,6,0.375,244.14,0.875,NA,0,5.91,309.26,0.375
1999,4,21,-28.83,1,NA,0,5.4,0.375,332,0.375,NA,0,5.12,328.65,0.375
1999,4,22,-26.47,0.875,NA,0,3.89,0.875,99.71,0.875,NA,0,3.62,0.11,0.875
1999,4,23,-22.05,0.5,NA,0,4.76,0.625,247.62,1,NA,0,3.78,277.08,0.625
1999,4,24,-24.44,0.875,NA,0,2.21,1,240.12,1,NA,0,2.17,243.54,1
1999,4,25,-23.78,1,NA,0,1.27,0.5,213.75,0.5,NA,0,1.25,209.54,0.5
1999,4,26,-32.14,0.875,NA,0,NA,0,NA,0,NA,0,NA,NA,0
1999,4,27,-32.93,1,NA,0,NA,0,NA,0,NA,0,NA,NA,0
1999,4,28,-27.08,0.75,NA,0,NA,0,NA,0,NA,0,NA,NA,0
1999,4,29,-27.97,0.75,NA,0,NA,0,NA,0,NA,0,NA,NA,0
1999,4,30,-25.7,0.75,NA,0,NA,0,NA,0,NA,0,NA,NA,0
1999,5,1,-25.87,0.875,NA,0,NA,0,NA,0,NA,0,NA,NA,0
1999,5,2,-28.66,1,NA,0,NA,0,NA,0,NA,0,NA,NA,0
1999,5,3,-30.28,1,NA,0,NA,0,NA,0,NA,0,NA,NA,0
1999,5,4,-31.89,0.875,NA,0,NA,0,NA,0,NA,0,NA,NA,0
1999,5,5,-33.98,1,NA,0,NA,0,NA,0,NA,0,NA,NA,0
1999,5,6,-36,0.875,NA,0,NA,0,NA,0,NA,0,NA,NA,0
1999,5,7,-37.02,0.75,NA,0,NA,0,NA,0,NA,0,NA,NA,0
1999,5,8,-38.18,0.5,NA,0,NA,0,NA,0,NA,0,NA,NA,0
1999,5,9,-36.4,0.625,NA,0,NA,0,NA,0,NA,0,NA,NA,0
1999,5,10,-28.64,0.625,NA,0,NA,0,NA,0,NA,0,NA,NA,0
1999,5,11,-39.81,0.875,NA,0,NA,0,NA,0,NA,0,NA,NA,0
1999,5,12,-34.61,0.875,NA,0,NA,0,NA,0,NA,0,NA,NA,0
1999,5,13,-36.13,0.875,NA,0,NA,0,NA,0,NA,0,NA,NA,0
1999,5,14,-41.81,0.875,NA,0,NA,0,NA,0,NA,0,NA,NA,0
1999,5,15,-41.34,1,NA,0,NA,0,NA,0,NA,0,NA,NA,0
1999,5,16,-39.3,0.875,NA,0,NA,0,NA,0,NA,0,NA,NA,0
1999,5,17,-38.35,1,NA,0,NA,0,NA,0,NA,0,NA,NA,0
1999,5,18,-35.43,1,NA,0,NA,0,NA,0,NA,0,NA,NA,0
1999,5,19,-32.53,1,NA,0,NA,0,NA,0,NA,0,NA,NA,0
1999,5,20,-26.96,0.875,NA,0,NA,0,NA,0,NA,0,NA,NA,0
1999,5,21,-30.69,1,NA,0,NA,0,NA,0,NA,0,NA,NA,0
1999,5,22,-29.4,1,NA,0,NA,0,NA,0,NA,0,NA,NA,0
1999,5,23,-27.44,0.625,NA,0,NA,0,NA,0,NA,0,NA,NA,0
1999,5,24,-23.4,0.75,NA,0,NA,0,NA,0,NA,0,NA,NA,0
1999,5,25,-26.03,0.75,NA,0,NA,0,NA,0,NA,0,NA,NA,0
1999,5,26,-29.17,0.75,NA,0,NA,0,NA,0,NA,0,NA,NA,0
1999,5,27,-28.02,0.625,NA,0,NA,0,NA,0,NA,0,NA,NA,0
1999,5,28,-29.36,1,NA,0,NA,0,NA,0,NA,0,NA,NA,0
1999,5,29,-30.1,0.5,NA,0,NA,0,NA,0,NA,0,NA,NA,0
1999,5,30,-32.95,0.5,NA,0,NA,0,NA,0,NA,0,NA,NA,0
1999,5,31,-32.08,0.625,NA,0,NA,0,NA,0,NA,0,NA,NA,0
1999,6,1,-23.18,0.625,NA,0,NA,0,NA,0,NA,0,NA,NA,0
1999,6,2,-16.1,0.875,NA,0,NA,0,NA,0,NA,0,NA,NA,0
1999,6,3,-13.56,0.875,NA,0,NA,0,NA,0,NA,0,NA,NA,0
1999,6,4,-17.05,1,NA,0,NA,0,NA,0,NA,0,NA,NA,0
1999,6,5,-15.58,0.625,NA,0,NA,0,NA,0,NA,0,NA,NA,0
1999,6,6,-12.47,0.75,NA,0,NA,0,NA,0,NA,0,NA,NA,0
1999,6,7,-15.68,0.75,NA,0,NA,0,NA,0,NA,0,NA,NA,0
1999,6,8,-29.6,0.5,NA,0,NA,0,NA,0,NA,0,NA,NA,0
1999,6,9,-40.3,0.875,NA,0,NA,0,NA,0,NA,0,NA,NA,0
1999,6,10,-38.74,1,NA,0,NA,0,NA,0,NA,0,NA,NA,0
1999,6,11,-38.84,0.625,NA,0,NA,0,NA,0,NA,0,NA,NA,0
1999,6,12,-37.43,0.875,NA,0,NA,0,NA,0,NA,0,NA,NA,0
1999,6,13,-25.35,0.75,NA,0,NA,0,NA,0,NA,0,NA,NA,0
1999,6,14,-33.03,0.5,NA,0,NA,0,NA,0,NA,0,NA,NA,0
1999,6,15,-30.83,0.75,NA,0,NA,0,NA,0,NA,0,NA,NA,0
1999,6,16,-24.39,1,NA,0,NA,0,NA,0,NA,0,NA,NA,0
1999,6,17,-22.43,1,NA,0,NA,0,NA,0,NA,0,NA,NA,0
1999,6,18,-24.47,0.75,NA,0,NA,0,NA,0,NA,0,NA,NA,0
1999,6,19,-29.06,1,NA,0,NA,0,NA,0,NA,0,NA,NA,0
1999,6,20,-27.49,0.875,NA,0,NA,0,NA,0,NA,0,NA,NA,0
1999,6,21,-42.5,0.375,NA,0,NA,0,NA,0,NA,0,NA,NA,0
1999,6,22,-40.35,1,NA,0,NA,0,NA,0,NA,0,NA,NA,0
1999,6,23,-40.73,1,NA,0,NA,0,NA,0,NA,0,NA,NA,0
1999,6,24,-42.09,1,NA,0,NA,0,NA,0,NA,0,NA,NA,0
1999,6,25,-37.3,0.625,NA,0,NA,0,NA,0,NA,0,NA,NA,0
1999,6,26,-29.11,1,NA,0,NA,0,NA,0,NA,0,NA,NA,0
1999,6,27,-28.05,1,NA,0,NA,0,NA,0,NA,0,NA,NA,0
1999,6,28,-28.47,0.875,NA,0,NA,0,NA,0,NA,0,NA,NA,0
1999,6,29,-23.65,1,NA,0,NA,0,NA,0,NA,0,NA,NA,0
1999,6,30,-19.51,1,NA,0,NA,0,NA,0,NA,0,NA,NA,0
1999,7,1,-16.72,0.75,NA,0,4.6,0.25,15,0.25,NA,0,4.53,17.2,0.25
1999,7,2,-19.86,1,NA,0,NA,0,NA,0,NA,0,NA,NA,0
1999,7,3,-18.25,0.75,NA,0,NA,0,NA,0,NA,0,NA,NA,0
1999,7,4,-21.16,1,NA,0,NA,0,NA,0,NA,0,NA,NA,0
1999,7,5,-24.12,0.625,NA,0,4.53,0.75,86.67,0.75,NA,0,4,24.89,0.75
1999,7,6,-19.92,0.625,NA,0,4.05,1,131.75,1,NA,0,3.35,51.85,1
1999,7,7,-13.32,0.75,NA,0,6.52,0.625,73.38,1,NA,0,6.24,75.92,0.625
1999,7,8,-18.16,1,NA,0,5.4,1,70.5,1,NA,0,4.28,61.01,1
1999,7,9,-23.14,1,NA,0,5.55,1,70.38,1,NA,0,5.39,69.51,1
1999,7,10,-30.22,0.75,NA,0,6.31,1,73.75,1,NA,0,6.1,71.53,1
1999,7,11,-25.16,0.875,NA,0,3.55,0.25,89.5,0.25,NA,0,3.55,90.03,0.25
1999,7,12,-23.06,1,NA,0,NA,0,NA,0,NA,0,NA,NA,0
1999,7,13,-22.94,1,NA,0,NA,0,NA,0,NA,0,NA,NA,0
1999,7,14,-29.18,1,NA,0,NA,0,NA,0,NA,0,NA,NA,0
1999,7,15,-33.88,0.75,NA,0,NA,0,NA,0,NA,0,NA,NA,0
1999,7,16,-31.83,0.75,NA,0,3.9,0.25,170,0.25,NA,0,3.87,168.38,0.25
1999,7,17,-31.6,1,NA,0,NA,0,NA,0,NA,0,NA,NA,0
1999,7,18,-23.8,0.75,NA,0,3.11,1,111.5,1,NA,0,2.46,122.63,1
1999,7,19,-17.31,0.875,NA,0,4.28,1,58.88,1,NA,0,3.58,71.02,1
1999,7,20,-15.69,1,NA,0,NA,0.125,NA,0.125,NA,0,NA,NA,0.125
1999,7,21,-16.49,0.875,NA,0,6.25,0.25,33.5,0.25,NA,0,6.25,33.46,0.25
1999,7,22,-17.61,0.875,NA,0,8.34,0.875,146,1,NA,0,7.29,13.67,0.875
1999,7,23,-19.74,0.625,NA,0,10.23,0.375,281.25,1,NA,0,10.2,330.92,0.375
1999,7,24,-22.67,0.375,NA,0,6.56,0.625,57.25,1,NA,0,5.36,66.47,0.625
1999,7,25,-11.7,0.25,NA,0,NA,0,147.62,1,NA,0,NA,NA,0
1999,7,26,-30.16,0.625,NA,0,11.5,0.625,161.12,1,NA,0,8.6,357.63,0.625
1999,7,27,-30.56,1,NA,0,NA,0.125,34,0.375,NA,0,NA,NA,0.125
1999,7,28,-38.83,0.75,NA,0,2.94,0.625,33.6,0.625,NA,0,2.88,31.08,0.625
1999,7,29,-38.73,1,NA,0,NA,0,NA,0,NA,0,NA,NA,0
1999,7,30,-39.83,0.75,NA,0,NA,0,NA,0,NA,0,NA,NA,0
1999,7,31,-38.93,0.5,NA,0,NA,0,NA,0,NA,0,NA,NA,0
1999,8,1,-32.71,0.875,NA,0,NA,0,NA,0,NA,0,NA,NA,0
1999,8,2,-27.46,0.875,NA,0,NA,0,NA,0,NA,0,NA,NA,0
1999,8,3,-32.23,0.375,NA,0,NA,0,NA,0,NA,0,NA,NA,0
1999,8,4,-30.14,1,NA,0,NA,0,NA,0,NA,0,NA,NA,0
1999,8,5,-32.49,0.875,NA,0,NA,0,NA,0,NA,0,NA,NA,0
1999,8,6,-34,0.625,NA,0,NA,0,NA,0,NA,0,NA,NA,0
1999,8,7,-31.38,1,NA,0,NA,0,NA,0,NA,0,NA,NA,0
1999,8,8,-33.06,0.625,NA,0,NA,0,NA,0,NA,0,NA,NA,0
1999,8,9,-28.39,0.875,NA,0,NA,0,NA,0,NA,0,NA,NA,0
1999,8,10,-29.45,0.75,NA,0,NA,0,NA,0,NA,0,NA,NA,0
1999,8,11,-25,0.875,NA,0,NA,0,NA,0,NA,0,NA,NA,0
1999,8,12,-26.12,0.75,NA,0,NA,0,NA,0,NA,0,NA,NA,0
1999,8,13,-24.55,0.5,NA,0,NA,0,NA,0,NA,0,NA,NA,0
1999,8,14,-25.5,1,NA,0,NA,0,NA,0,NA,0,NA,NA,0
1999,8,15,-25.3,0.75,NA,0,NA,0,NA,0,NA,0,NA,NA,0
1999,8,16,-27.83,0.875,NA,0,NA,0,NA,0,NA,0,NA,NA,0
1999,8,17,-23.01,1,NA,0,NA,0,NA,0,NA,0,NA,NA,0
1999,8,18,-21.34,1,NA,0,NA,0,NA,0,NA,0,NA,NA,0
1999,8,19,-28.16,1,NA,0,NA,0,NA,0,NA,0,NA,NA,0
1999,8,20,-38.14,1,NA,0,NA,0,NA,0,NA,0,NA,NA,0
1999,8,21,-41.46,1,NA,0,NA,0,NA,0,NA,0,NA,NA,0
1999,8,22,-40.32,1,NA,0,NA,0,NA,0,NA,0,NA,NA,0
1999,8,23,-44.35,0.75,NA,0,NA,0,NA,0,NA,0,NA,NA,0
1999,8,24,-44.86,1,NA,0,NA,0,NA,0,NA,0,NA,NA,0
1999,8,25,-36.22,0.75,NA,0,NA,0,NA,0,NA,0,NA,NA,0
1999,8,26,-30.27,0.875,NA,0,NA,0,NA,0,NA,0,NA,NA,0
1999,8,27,-38.03,0.75,NA,0,NA,0,NA,0,NA,0,NA,NA,0
1999,8,28,-41.59,0.875,NA,0,NA,0,NA,0,NA,0,NA,NA,0
1999,8,29,-40.83,1,NA,0,NA,0,NA,0,NA,0,NA,NA,0
1999,8,30,-31.57,0.75,NA,0,NA,0,NA,0,NA,0,NA,NA,0
1999,8,31,-25.55,0.75,NA,0,NA,0,NA,0,NA,0,NA,NA,0
1999,9,1,-25.78,1,NA,0,NA,0,NA,0,NA,0,NA,NA,0
1999,9,2,-13.3,0.25,NA,0,NA,0.125,NA,0.125,NA,0,NA,NA,0.125
1999,9,3,-24.67,0.875,NA,0,9.78,1,13.12,1,NA,0,9.72,12.77,1
1999,9,4,-25.84,0.625,NA,0,NA,0.125,11.5,0.25,NA,0,NA,NA,0.125
1999,9,5,-27.47,0.75,NA,0,NA,0,NA,0,NA,0,NA,NA,0
1999,9,6,-20.49,1,NA,0,NA,0,NA,0,NA,0,NA,NA,0
1999,9,7,-20.3,1,NA,0,NA,0,NA,0,NA,0,NA,NA,0
1999,9,8,-17.44,1,NA,0,NA,0,NA,0,NA,0,NA,NA,0
1999,9,9,-9.86,1,NA,0,10.15,0.75,7.33,0.75,NA,0,10.12,7.16,0.75
1999,9,10,-11.53,1,NA,0,NA,0,NA,0,NA,0,NA,NA,0
1999,9,11,-11.64,1,NA,0,NA,0,NA,0,NA,0,NA,NA,0
1999,9,12,-12.7,1,NA,0,NA,0,NA,0,NA,0,NA,NA,0
1999,9,13,-15.58,0.75,NA,0,NA,0,NA,0,NA,0,NA,NA,0
1999,9,14,-23.64,0.875,NA,0,NA,0,NA,0,NA,0,NA,NA,0
1999,9,15,-24.33,0.75,NA,0,NA,0,NA,0,NA,0,NA,NA,0
1999,9,16,-30.83,0.5,NA,0,NA,0,NA,0,NA,0,NA,NA,0
1999,9,17,-31.02,0.625,NA,0,NA,0,NA,0,NA,0,NA,NA,0
1999,9,18,-26.05,0.5,NA,0,NA,0,NA,0,NA,0,NA,NA,0
1999,9,19,-37.21,0.875,NA,0,NA,0,NA,0,NA,0,NA,NA,0
1999,9,20,-36.58,1,NA,0,NA,0,NA,0,NA,0,NA,NA,0
1999,9,21,-32.13,0.75,NA,0,NA,0,NA,0,NA,0,NA,NA,0
1999,9,22,-28.12,0.5,NA,0,NA,0,NA,0,NA,0,NA,NA,0
1999,9,23,-36.45,0.75,NA,0,NA,0,NA,0,NA,0,NA,NA,0
1999,9,24,-42.27,0.875,NA,0,NA,0,NA,0,NA,0,NA,NA,0
1999,9,25,-32.93,0.875,NA,0,NA,0,NA,0,NA,0,NA,NA,0
1999,9,26,-33.57,0.875,NA,0,NA,0,NA,0,NA,0,NA,NA,0
1999,9,27,-25.23,0.5,NA,0,NA,0,NA,0,NA,0,NA,NA,0
1999,9,28,-26.25,0.5,NA,0,NA,0,NA,0,NA,0,NA,NA,0
1999,9,29,-25.1,0.875,NA,0,NA,0,NA,0,NA,0,NA,NA,0
1999,9,30,-25.86,0.625,NA,0,NA,0,NA,0,NA,0,NA,NA,0
1999,10,1,-22.18,1,NA,0,NA,0,NA,0,NA,0,NA,NA,0
1999,10,2,-26.7,0.875,NA,0,NA,0,NA,0,NA,0,NA,NA,0
1999,10,3,-22.94,0.875,NA,0,NA,0,NA,0,NA,0,NA,NA,0
1999,10,4,-31.6,0.5,NA,0,4.7,0.25,36,0.25,NA,0,4.7,36,0.25
1999,10,5,-30.68,0.75,NA,0,NA,0,NA,0,NA,0,NA,NA,0
1999,10,6,-27.88,0.75,NA,0,NA,0,NA,0,NA,0,NA,NA,0
1999,10,7,-26.9,0.5,NA,0,NA,0,NA,0,NA,0,NA,NA,0
1999,10,8,-28.87,0.875,NA,0,NA,0,NA,0,NA,0,NA,NA,0
1999,10,9,-29.36,0.625,NA,0,NA,0,NA,0,NA,0,NA,NA,0
1999,10,10,-26.83,0.875,NA,0,NA,0,NA,0,NA,0,NA,NA,0
1999,10,11,-34.26,0.625,NA,0,NA,0,NA,0,NA,0,NA,NA,0
1999,10,12,-28.87,0.875,NA,0,NA,0,NA,0,NA,0,NA,NA,0
1999,10,13,-28.8,0.75,NA,0,NA,0,NA,0,NA,0,NA,NA,0
1999,10,14,-27.39,0.875,NA,0,NA,0,NA,0,NA,0,NA,NA,0
1999,10,15,-28.44,0.625,NA,0,NA,0,NA,0,NA,0,NA,NA,0
1999,10,16,-23.8,0.5,NA,0,NA,0,NA,0,NA,0,NA,NA,0
1999,10,17,-22.83,1,NA,0,NA,0,NA,0,NA,0,NA,NA,0
1999,10,18,-20.95,0.75,NA,0,NA,0,NA,0,NA,0,NA,NA,0
1999,10,19,-19.68,0.75,NA,0,NA,0,NA,0,NA,0,NA,NA,0
1999,10,20,-23.13,0.875,NA,0,NA,0,NA,0,NA,0,NA,NA,0
1999,10,21,-27.25,0.5,NA,0,NA,0,NA,0,NA,0,NA,NA,0
1999,10,22,-24.25,1,NA,0,NA,0,NA,0,NA,0,NA,NA,0
1999,10,23,-30.97,0.75,NA,0,NA,0,NA,0,NA,0,NA,NA,0
1999,10,24,-26.27,0.75,NA,0,NA,0,NA,0,NA,0,NA,NA,0
1999,10,25,-22.6,0.5,NA,0,NA,0,NA,0,NA,0,NA,NA,0
1999,10,26,-16.57,0.75,NA,0,NA,0,NA,0,NA,0,NA,NA,0
1999,10,27,-20.22,1,NA,0,NA,0,NA,0,NA,0,NA,NA,0
1999,10,28,-21.88,1,NA,0,NA,0,NA,0,NA,0,NA,NA,0
1999,10,29,-17.59,0.875,NA,0,NA,0,NA,0,NA,0,NA,NA,0
1999,10,30,-13.3,1,NA,0,NA,0,NA,0,NA,0,NA,NA,0
1999,10,31,-20.53,0.75,NA,0,6.35,0.5,52,0.5,NA,0,6.31,52.81,0.5
1999,11,1,-21.32,0.75,NA,0,NA,0,NA,0,NA,0,NA,NA,0
1999,11,2,-16.94,0.875,NA,0,NA,0,NA,0,NA,0,NA,NA,0
1999,11,3,-15.43,1,NA,0,NA,0,NA,0,NA,0,NA,NA,0
1999,11,4,-14.18,1,NA,0,10.73,0.375,59.33,0.375,NA,0,10.73,59.41,0.375
1999,11,5,-13.71,1,NA,0,NA,0,NA,0,NA,0,NA,NA,0
1999,11,6,-10.66,0.875,NA,0,8.03,0.375,61.67,0.375,NA,0,8.03,61.71,0.375
1999,11,7,-12.91,1,NA,0,NA,0,NA,0,NA,0,NA,NA,0
1999,11,8,-13.65,1,NA,0,10.23,0.375,73.67,0.375,NA,0,10.22,73.72,0.375
1999,11,9,-13.27,0.875,NA,0,NA,0.125,NA,0.125,NA,0,NA,NA,0.125
1999,11,10,-16.62,0.75,NA,0,NA,0,NA,0,NA,0,NA,NA,0
1999,11,11,-17.48,1,NA,0,NA,0.125,NA,0.125,NA,0,NA,NA,0.125
1999,11,12,-17.25,1,NA,0,4.55,0.25,57.5,0.25,NA,0,4.54,57.69,0.25
1999,11,13,-13.45,1,NA,0,NA,0,NA,0,NA,0,NA,NA,0
1999,11,14,-17.14,0.875,NA,0,NA,0,NA,0,NA,0,NA,NA,0
1999,11,15,-21.06,1,NA,0,NA,0,NA,0,NA,0,NA,NA,0
1999,11,16,-19.76,1,NA,0,NA,0,NA,0,NA,0,NA,NA,0
1999,11,17,-19.14,1,NA,0,NA,0,NA,0,NA,0,NA,NA,0
1999,11,18,-18.21,1,NA,0,NA,0,NA,0,NA,0,NA,NA,0
1999,11,19,-19.79,1,NA,0,5.85,0.5,63.5,0.5,NA,0,5.74,67.87,0.5
1999,11,20,-17.27,0.75,NA,0,NA,0,NA,0,NA,0,NA,NA,0
1999,11,21,-13.68,1,NA,0,NA,0,NA,0,NA,0,NA,NA,0
1999,11,22,-14.28,0.75,NA,0,3,0.875,59.86,0.875,NA,0,2.96,58.2,0.875
1999,11,23,-12.89,1,NA,0,3.36,1,69.88,1,NA,0,3.31,70.94,1
1999,11,24,-12.39,0.875,NA,0,NA,0,NA,0,NA,0,NA,NA,0
1999,11,25,-12.16,1,NA,0,NA,0,NA,0,NA,0,NA,NA,0
1999,11,26,-15.3,0.875,NA,0,4.7,0.25,56.5,0.25,NA,0,4.7,56.54,0.25
1999,11,27,-17.54,0.875,NA,0,5.27,0.875,41,1,NA,0,5.23,45.72,0.875
1999,11,28,-13.99,0.875,NA,0,1.91,1,85,1,NA,0,1.89,85.51,1
1999,11,29,-13.53,0.875,NA,0,3.52,0.5,28.25,0.5,NA,0,3.49,27.23,0.5
1999,11,30,-13.05,1,NA,0,3.05,1,79,1,NA,0,2.7,82.29,1
1999,12,1,-11.93,0.75,NA,0,3.3,1,52.75,1,NA,0,3.19,54.4,1
1999,12,2,-10.25,1,NA,0,7.31,0.875,35.75,1,NA,0,5.87,30.61,0.875
1999,12,3,-8.2,1,NA,0,5.75,1,77.75,1,NA,0,4.05,71.91,1
1999,12,4,-6.08,1,NA,0,7.61,0.875,28.12,1,NA,0,7.44,29.16,0.875
1999,12,5,-10.06,0.875,NA,0,4.62,0.625,76.6,0.625,NA,0,3.07,31.56,0.625
1999,12,6,-10.67,0.5,NA,0,1.76,0.875,121,0.875,NA,0,1.62,138.84,0.875
1999,12,7,-13.7,0.75,NA,0,4.09,0.875,203,0.875,NA,0,3.89,201.76,0.875
1999,12,8,-14.49,0.875,NA,0,3.95,0.75,251.71,0.875,NA,0,0.8,233.04,0.75
1999,12,9,-15.81,1,NA,0,8.01,0.875,188.88,1,NA,0,7.35,13.74,0.875
1999,12,10,-13.88,0.75,NA,0,4.34,1,183.12,1,NA,0,3.85,17.1,1
1999,12,11,-14.16,1,NA,0,4.2,0.75,210.29,0.875,NA,0,3.94,208.56,0.75
1999,12,12,-14.77,0.75,NA,0,2.45,0.75,180.67,0.75,NA,0,2.44,182.19,0.75
1999,12,13,-15.32,0.625,NA,0,2.79,1,190.12,1,NA,0,2.52,205.11,1
1999,12,14,-16.86,0.625,NA,0,2.05,1,169.12,1,NA,0,1.65,169.31,1
1999,12,15,-14.94,1,NA,0,3.5,1,176,1,NA,0,3.1,184.04,1
1999,12,16,-12.66,1,NA,0,4.1,1,167.62,1,NA,0,1.33,167.22,1
1999,12,17,-15.31,1,NA,0,7.45,1,45.5,1,NA,0,7.23,43.87,1
1999,12,18,-12.65,1,NA,0,6.71,1,22.25,1,NA,0,6.65,22.68,1
1999,12,19,-10.38,0.5,NA,0,2.09,1,264.75,1,NA,0,0.81,283.32,1
1999,12,20,-14.25,0.5,NA,0,1.98,1,238.62,1,NA,0,1.65,226.57,1
1999,12,21,-12.23,0.375,NA,0,2,0.875,131.71,0.875,NA,0,1.86,129.79,0.875
1999,12,22,-13.84,0.625,NA,0,2.55,1,188.88,1,NA,0,2.27,170.49,1
1999,12,23,-13.73,0.5,NA,0,2.65,1,136,1,NA,0,1.68,26.6,1
1999,12,24,-7.19,1,NA,0,4.59,1,46,1,NA,0,4.45,44.94,1
1999,12,25,-8.18,0.625,NA,0,2.3,1,153.12,1,NA,0,2.02,0.01,1
1999,12,26,-8.67,0.75,NA,0,2.89,1,100.38,1,NA,0,1.81,104.51,1
1999,12,27,-12.25,1,NA,0,4.7,1,120.62,1,NA,0,1.43,111.29,1
1999,12,28,NA,0.125,NA,0,1.3,0.5,56.8,0.625,NA,0,0.63,31.46,0.5
1999,12,29,-12.1,0.625,NA,0,2.8,0.875,50.29,0.875,NA,0,2.66,48.09,0.875
1999,12,30,-10.83,0.375,NA,0,1.67,0.875,134.29,0.875,NA,0,0.52,16.58,0.875
1999,12,31,-8.35,0.5,NA,0,1.44,0.875,204.29,0.875,NA,0,0.88,286.5,0.875
2000,1,1,-11.71,0.875,NA,0,4.06,1,132.75,1,NA,0,4,136.75,1
2000,1,2,-9.34,0.625,NA,0,3.17,1,69.38,1,NA,0,2.82,70.65,1
2000,1,3,-12.33,1,NA,0,4.03,0.875,142.25,1,NA,0,3.46,10.64,0.875
2000,1,4,-10.09,1,NA,0,6.1,0.75,157.38,1,NA,0,5.58,24.57,0.75
2000,1,5,-11.14,1,NA,0,3.33,1,103.25,1,NA,0,3.22,104.3,1
2000,1,6,NA,0.125,NA,0,1.09,0.875,146,0.875,NA,0,0.22,188.97,0.875
2000,1,7,-11.43,0.875,NA,0,3.91,1,256.62,1,NA,0,3.87,257.12,1
2000,1,8,-9.66,0.625,NA,0,1.82,0.75,172.17,0.75,NA,0,1.23,173.26,0.75
2000,1,9,-14.9,0.5,NA,0,2.98,1,182.75,1,NA,0,2.72,189.53,1
2000,1,10,-14.5,0.75,NA,0,3.39,1,239.75,1,NA,0,3.19,235.15,1
2000,1,11,-15.91,1,NA,0,4.27,1,240,1,NA,0,4.2,240.44,1
2000,1,12,-17.09,0.875,NA,0,3.51,1,141,1,NA,0,2.79,149.79,1
2000,1,13,-17.18,0.625,NA,0,3.15,1,166.62,1,NA,0,3.07,172.3,1
2000,1,14,-15.4,0.625,NA,0,2.01,1,306.88,1,NA,0,1.7,306.48,1
2000,1,15,-14.94,0.625,NA,0,3.45,1,92.38,1,NA,0,3.35,59.89,1
2000,1,16,-14,0.875,NA,0,4.39,1,82.5,1,NA,0,4.19,72.8,1
2000,1,17,-11.53,0.75,NA,0,3.57,1,93.75,1,NA,0,3.5,94.1,1
2000,1,18,-12.6,0.5,NA,0,3.32,1,85.88,1,NA,0,3.23,87.37,1
2000,1,19,-11.37,0.75,NA,0,3.01,1,110.88,1,NA,0,2.64,105,1
2000,1,20,-10.58,0.5,NA,0,1.95,1,81.62,1,NA,0,1.67,79.76,1
2000,1,21,-11.48,0.5,NA,0,2.36,1,242.25,1,NA,0,2.22,238.63,1
2000,1,22,-14.44,0.625,NA,0,4.26,1,237.88,1,NA,0,4.19,235.22,1
2000,1,23,-14.87,0.75,NA,0,2.95,1,180.75,1,NA,0,2.24,191.16,1
2000,1,24,-14.17,0.5,NA,0,1.69,0.875,138.71,0.875,NA,0,1.04,114.42,0.875
2000,1,25,-16.86,1,NA,0,3.32,1,94.88,1,NA,0,2.39,58.1,1
2000,1,26,-13.68,0.625,NA,0,2.13,0.875,151.71,0.875,NA,0,0.38,162.75,0.875
2000,1,27,-14.04,0.625,NA,0,2.66,1,60.38,1,NA,0,2.36,54.22,1
2000,1,28,-12.47,0.75,NA,0,2.8,1,87.25,1,NA,0,2.59,49.65,1
2000,1,29,-14.1,0.25,NA,0,1.54,1,259.62,1,NA,0,1.5,254.97,1
2000,1,30,-9.03,0.375,NA,0,1.27,0.75,216.33,0.75,NA,0,1.21,213.44,0.75
2000,1,31,-15,0.5,NA,0,1.86,1,133.5,1,NA,0,0.47,350.77,1
2000,2,1,-16.03,0.875,NA,0,3.04,1,214.88,1,NA,0,1.71,296.4,1
2000,2,2,-14.32,0.625,NA,0,2.74,1,199.88,1,NA,0,2.13,343.5,1
2000,2,3,-15.41,0.875,NA,0,3.56,0.875,170.57,0.875,NA,0,3.53,170.48,0.875
2000,2,4,NA,0.125,NA,0,1.2,0.875,145.29,0.875,NA,0,0.87,127.31,0.875
2000,2,5,-13.2,0.375,NA,0,1.71,1,187.62,1,NA,0,1.52,186.52,1
2000,2,6,-14.38,0.75,NA,0,3.01,1,95.25,1,NA,0,2.32,20.7,1
2000,2,7,-15.32,0.625,NA,0,3.27,0.75,63.62,1,NA,0,3.12,50.81,0.75
2000,2,8,-18.2,0.375,NA,0,0.94,0.625,104.6,0.625,NA,0,0.57,81.13,0.625
2000,2,9,-18.7,0.25,NA,0,1.41,1,53.12,1,NA,0,1.34,57.03,1
2000,2,10,NA,0.125,NA,0,1.46,1,240.62,1,NA,0,1.03,319.2,1
2000,2,11,-10.01,0.875,NA,0,2.57,0.75,113.83,0.75,NA,0,2.46,112.18,0.75
2000,2,12,-13.88,1,NA,0,3.75,1,159.75,1,NA,0,3.57,157.2,1
2000,2,13,-13.96,1,NA,0,2.91,1,153.5,1,NA,0,2.19,148.06,1
2000,2,14,-12.94,1,NA,0,3.22,0.5,227,0.875,NA,0,1.01,178.55,0.5
2000,2,15,-11.77,0.875,NA,0,2.65,0.75,63.83,0.75,NA,0,1.28,20.18,0.75
2000,2,16,-14.15,0.25,NA,0,2.72,1,205.25,1,NA,0,2.59,198.49,1
2000,2,17,-18.25,0.5,NA,0,3.46,1,173.62,1,NA,0,3.35,166.68,1
2000,2,18,-19.39,0.875,NA,0,3.56,1,198.25,1,NA,0,3.49,195.95,1
2000,2,19,-18.96,0.625,NA,0,2.7,1,175.5,1,NA,0,2.57,178.97,1
2000,2,20,-19.7,0.875,NA,0,2.55,1,144,1,NA,0,1.43,144.23,1
2000,2,21,-20.88,0.625,NA,0,2.64,1,245,1,NA,0,2.24,326.32,1
2000,2,22,-18.91,0.875,NA,0,2.92,1,53.12,1,NA,0,2.9,54.07,1
2000,2,23,-18.5,0.25,NA,0,1.68,1,209.75,1,NA,0,0.74,336.05,1
2000,2,24,-23.04,0.875,NA,0,5.27,1,144.75,1,NA,0,4.73,147.6,1
2000,2,25,-15.79,1,NA,0,5.05,1,61,1,NA,0,4.94,59.06,1
2000,2,26,-12.98,0.75,NA,0,4.47,1,211.25,1,NA,0,1.86,230.3,1
2000,2,27,-17.09,1,NA,0,7.42,1,63.5,1,NA,0,7.13,19.06,1
2000,2,28,-12.6,0.75,NA,0,3.88,1,66.25,1,NA,0,3.38,61.58,1
2000,2,29,-13.53,0.875,NA,0,3.17,1,102.62,1,NA,0,3.16,102.83,1
2000,3,1,-18.06,1,NA,0,2.31,1,204.25,1,NA,0,1.56,227.27,1
2000,3,2,-21.95,1,NA,0,4.32,1,237.12,1,NA,0,4.13,237.79,1
2000,3,3,-20.9,1,NA,0,1.82,0.5,159,0.5,NA,0,0.64,276.49,0.5
2000,3,4,-22.6,1,NA,0,0.97,0.375,172.33,0.375,NA,0,0.03,283.48,0.375
2000,3,5,-19.76,1,NA,0,1.52,0.625,71.43,0.875,NA,0,1.29,25.12,0.625
2000,3,6,-20.67,0.75,NA,0,3.23,0.875,74.62,1,NA,0,3.02,70.39,0.875
2000,3,7,-11.98,1,NA,0,7.33,0.875,41.25,1,NA,0,7.21,36.62,0.875
2000,3,8,-16.14,0.875,NA,0,5.38,0.75,41.75,1,NA,0,5.29,43.37,0.75
2000,3,9,-17.17,1,NA,0,7.86,1,55.25,1,NA,0,7.8,10.81,1
2000,3,10,-17.84,1,NA,0,2.67,0.75,76.67,0.75,NA,0,2.54,9.64,0.75
2000,3,11,-20.31,1,NA,0,5.15,1,101.75,1,NA,0,4.95,106.97,1
2000,3,12,-20.15,1,NA,0,5.49,1,151.38,1,NA,0,5.35,149.12,1
2000,3,13,-22.2,0.75,NA,0,4.32,1,83.62,1,NA,0,3.62,72.51,1
2000,3,14,-24.41,0.875,NA,0,6.1,1,41.38,1,NA,0,5.87,40.78,1
2000,3,15,-17.68,0.625,NA,0,1.67,0.875,144.29,0.875,NA,0,0.94,175.29,0.875
2000,3,16,-22.85,0.75,NA,0,3.29,1,159.25,1,NA,0,2.57,173.38,1
2000,3,17,-26.8,0.375,NA,0,1.8,1,92.88,1,NA,0,0.92,45.49,1
2000,3,18,-32.43,0.5,NA,0,2.31,0.875,134,1,NA,0,1.51,20.99,0.875
2000,3,19,-25.3,0.75,NA,0,2.01,0.875,66,1,NA,0,1.31,49.04,0.875
2000,3,20,-19.31,1,NA,0,2.5,0.75,64,0.875,NA,0,2.41,35.06,0.75
2000,3,21,-23.03,0.875,NA,0,2.51,1,194.75,1,NA,0,2.35,199.72,1
2000,3,22,-27.94,0.625,NA,0,4.01,0.875,123.5,1,NA,0,1.64,280.15,0.875
2000,3,23,-23.83,0.75,NA,0,3.96,1,30.38,1,NA,0,3.89,28.58,1
2000,3,24,-22.32,0.625,NA,0,2.58,0.625,77.5,1,NA,0,2.35,76.7,0.625
2000,3,25,-16.4,0.875,NA,0,2.06,1,40.5,1,NA,0,1.95,40.36,1
2000,3,26,-14.39,1,NA,0,3.49,1,63.12,1,NA,0,3.28,64.61,1
2000,3,27,-14.32,0.625,NA,0,5.27,1,46,1,NA,0,4.89,38.45,1
2000,3,28,-15.5,0.5,NA,0,2.88,1,89.88,1,NA,0,2.34,104.01,1
2000,3,29,-18.67,0.375,NA,0,3.5,1,47,1,NA,0,3.28,49.33,1
2000,3,30,-18.6,0.5,NA,0,3.53,0.875,102.71,0.875,NA,0,2.88,102.03,0.875
2000,3,31,-12.37,0.875,NA,0,3.17,1,107.12,1,NA,0,1.66,86.54,1
2000,4,1,-17.9,0.875,NA,0,4.86,0.875,73.12,1,NA,0,4.84,66.49,0.875
2000,4,2,-15.3,0.75,NA,0,3.56,1,106.25,1,NA,0,3.27,102.58,1
2000,4,3,-15.74,0.625,NA,0,2.63,0.875,132.86,0.875,NA,0,2.35,109.71,0.875
2000,4,4,-25.56,0.625,NA,0,2,1,137.12,1,NA,0,1.79,10.14,1
2000,4,5,-25.35,0.75,NA,0,2.21,1,40.12,1,NA,0,1.85,49.54,1
2000,4,6,-22.9,0.875,NA,0,2.39,1,99.62,1,NA,0,2.06,109.83,1
2000,4,7,-19.53,1,NA,0,1.93,1,55.12,1,NA,0,1.75,52.7,1
2000,4,8,-20.34,0.875,NA,0,1.57,1,44.5,1,NA,0,1.5,48.32,1
2000,4,9,-19.04,1,NA,0,NA,0.125,NA,0.125,NA,0,NA,NA,0.125
2000,4,10,-26.62,0.75,NA,0,NA,0,NA,0,NA,0,NA,NA,0
2000,4,11,-25.39,1,NA,0,2.15,0.25,91,0.25,NA,0,2.15,90.84,0.25
2000,4,12,-30.86,0.625,NA,0,2.4,0.25,9,0.25,NA,0,2.4,9,0.25
2000,4,13,-28.54,1,NA,0,1.53,0.375,122,0.375,NA,0,1.53,1.74,0.375
2000,4,14,-39.75,0.75,NA,0,NA,0,NA,0,NA,0,NA,NA,0
2000,4,15,-41.19,1,NA,0,NA,0,NA,0,NA,0,NA,NA,0
2000,4,16,-42.01,1,NA,0,NA,0,NA,0,NA,0,NA,NA,0
2000,4,17,-33.08,0.625,NA,0,NA,0,NA,0,NA,0,NA,NA,0
2000,4,18,-22.46,0.625,NA,0,NA,0,NA,0,NA,0,NA,NA,0
2000,4,19,-25.83,1,NA,0,NA,0,NA,0,NA,0,NA,NA,0
2000,4,20,-27.74,0.625,NA,0,NA,0,NA,0,NA,0,NA,NA,0
2000,4,21,-31.21,1,NA,0,NA,0,NA,0,NA,0,NA,NA,0
2000,4,22,-32.86,1,NA,0,NA,0.125,NA,0.125,NA,0,NA,NA,0.125
2000,4,23,-26.8,0.625,NA,0,NA,0,NA,0,NA,0,NA,NA,0
2000,4,24,-22.15,1,NA,0,NA,0,NA,0,NA,0,NA,NA,0
2000,4,25,-25.26,0.875,NA,0,NA,0,NA,0,NA,0,NA,NA,0
2000,4,26,-23.29,0.875,NA,0,3.05,0.25,133.5,0.25,NA,0,3.02,132.8,0.25
2000,4,27,-31.3,0.5,NA,0,2.75,1,40,1,NA,0,2.71,40.14,1
2000,4,28,-23.05,0.75,NA,0,5.46,1,108.88,1,NA,0,5.41,110.65,1
2000,4,29,-9.94,0.875,NA,0,2.5,0.875,150,1,NA,0,1.03,88.49,0.875
2000,4,30,-19.92,0.75,NA,0,6.41,0.875,38.75,1,NA,0,6.16,38.99,0.875
2000,5,1,-17.43,0.75,NA,0,2.06,1,93.75,1,NA,0,1.77,99.73,1
2000,5,2,-19.82,0.625,NA,0,2.09,1,31.12,1,NA,0,2.06,31.46,1
2000,5,3,-18.49,1,NA,0,3.81,1,86,1,NA,0,3.14,89.23,1
2000,5,4,-22.2,0.75,NA,0,6.5,1,58.25,1,NA,0,6.03,57.87,1
2000,5,5,-22.72,0.75,NA,0,5,1,34.25,1,NA,0,4.93,32.87,1
2000,5,6,-22.34,1,NA,0,2.17,1,110.75,1,NA,0,1.86,112.44,1
2000,5,7,-20.09,1,NA,0,1.62,0.75,164.67,0.75,NA,0,0.71,106.46,0.75
2000,5,8,-20.43,0.875,NA,0,2.93,0.875,243.86,0.875,NA,0,1.42,239.24,0.875
2000,5,9,-17.86,1,NA,0,4.61,1,80.75,1,NA,0,4.14,80.58,1
2000,5,10,-18.36,1,NA,0,7.4,0.875,58.25,1,NA,0,7.34,60.72,0.875
2000,5,11,-19.14,0.625,NA,0,3.09,1,125.62,1,NA,0,2.18,119.9,1
2000,5,12,-19.52,0.625,NA,0,2.98,0.75,108.5,0.75,NA,0,2.44,32.82,0.75
2000,5,13,-24.12,0.625,NA,0,1.96,0.875,100.86,0.875,NA,0,1.29,67.52,0.875
2000,5,14,-27.61,1,NA,0,2.15,1,183.12,1,NA,0,1.91,178.16,1
2000,5,15,-31.5,0.5,NA,0,3.76,1,94,1,NA,0,2.37,70.01,1
2000,5,16,-37.28,0.5,NA,0,3.64,1,30.38,1,NA,0,3.59,33.58,1
2000,5,17,-24.48,0.625,NA,0,2.45,0.25,10.5,0.25,NA,0,2.45,8.86,0.25
2000,5,18,-28.21,1,NA,0,2.8,0.25,41,0.25,NA,0,2.76,34.5,0.25
2000,5,19,-35.24,1,NA,0,3.3,0.875,241.29,0.875,NA,0,3.04,348.48,0.875
2000,5,20,-35.57,0.375,NA,0,1.92,0.5,129.5,0.5,NA,0,1.24,68.46,0.5
2000,5,21,-26.73,0.75,NA,0,2.52,1,93.5,1,NA,0,2.08,89.39,1
2000,5,22,-25.98,0.75,NA,0,3.14,1,236.88,1,NA,0,2.95,236.25,1
2000,5,23,-32.07,0.375,NA,0,3.07,1,140,1,NA,0,1.4,154.66,1
2000,5,24,-28.02,0.75,NA,0,1.94,0.625,118,0.625,NA,0,1.67,93.09,0.625
2000,5,25,-24.74,1,NA,0,1.61,1,280.38,1,NA,0,1.36,288.79,1
2000,5,26,-24.41,1,NA,0,1.39,1,43.62,1,NA,0,1.25,30.5,1
2000,5,27,-27.81,0.875,NA,0,5.46,1,142.75,1,NA,0,5.34,7.33,1
2000,5,28,-33.01,1,NA,0,4.6,0.75,24,0.75,NA,0,4.49,20.28,0.75
2000,5,29,-32.95,1,NA,0,2.14,0.625,199,0.625,NA,0,2.04,347.12,0.625
2000,5,30,-38.22,0.75,NA,0,2.66,0.875,71.57,0.875,NA,0,2.42,15.81,0.875
2000,5,31,-28.24,0.625,NA,0,4.7,0.25,72,0.25,NA,0,4.68,70.85,0.25
2000,6,1,-14.52,0.75,NA,0,4.62,1,67.38,1,NA,0,4.29,60.52,1
2000,6,2,-23.5,0.25,NA,0,6.77,0.375,57,0.5,NA,0,5.67,61.12,0.375
2000,6,3,-18.45,1,NA,0,9.44,1,93.38,1,NA,0,9.38,93.61,1
2000,6,4,-20.66,1,NA,0,12.66,0.875,98.88,1,NA,0,12.53,98.54,0.875
2000,6,5,-24.3,1,NA,0,8.8,0.75,74.88,1,NA,0,8.27,81.8,0.75
2000,6,6,-26.15,1,NA,0,NA,0,NA,0,NA,0,NA,NA,0
2000,6,7,-35.43,1,NA,0,NA,0,NA,0,NA,0,NA,NA,0
2000,6,8,-36.82,0.75,NA,0,3.01,0.875,32.43,0.875,NA,0,2.9,30.3,0.875
2000,6,9,-28.6,0.875,NA,0,2.02,0.5,107.5,0.5,NA,0,0.98,120.6,0.5
2000,6,10,-31.74,0.875,NA,0,1.66,0.625,102.6,0.625,NA,0,0.65,112.4,0.625
2000,6,11,-29.18,0.625,NA,0,2.03,0.375,78,0.375,NA,0,2.01,77.99,0.375
2000,6,12,-33.65,0.75,NA,0,1.48,1,60.25,1,NA,0,1.36,62.18,1
2000,6,13,-32,0.625,NA,0,1.16,0.875,57.14,0.875,NA,0,1.14,58.44,0.875
2000,6,14,-30.36,0.875,NA,0,NA,0,NA,0,NA,0,NA,NA,0
2000,6,15,-31.49,1,NA,0,NA,0,NA,0,NA,0,NA,NA,0
2000,6,16,-30.08,1,NA,0,NA,0,NA,0,NA,0,NA,NA,0
2000,6,17,-37.9,1,NA,0,NA,0,NA,0,NA,0,NA,NA,0
2000,6,18,-36.38,0.75,NA,0,NA,0,NA,0,NA,0,NA,NA,0
2000,6,19,-40.73,1,NA,0,NA,0,NA,0,NA,0,NA,NA,0
2000,6,20,-37.05,0.75,NA,0,NA,0,NA,0,NA,0,NA,NA,0
2000,6,21,-32.3,0.875,NA,0,NA,0,NA,0,NA,0,NA,NA,0
2000,6,22,-23.37,0.75,NA,0,NA,0,NA,0,NA,0,NA,NA,0
2000,6,23,-21,0.75,NA,0,NA,0,NA,0,NA,0,NA,NA,0
2000,6,24,-22.03,0.5,NA,0,NA,0,NA,0,NA,0,NA,NA,0
2000,6,25,-20.13,0.875,NA,0,NA,0,NA,0,NA,0,NA,NA,0
2000,6,26,-29.47,0.75,NA,0,NA,0,NA,0,NA,0,NA,NA,0
2000,6,27,-37.01,1,NA,0,NA,0,NA,0,NA,0,NA,NA,0
2000,6,28,-31.66,0.875,NA,0,NA,0,NA,0,NA,0,NA,NA,0
2000,6,29,-23.81,1,NA,0,NA,0,NA,0,NA,0,NA,NA,0
2000,6,30,-24.03,0.375,NA,0,NA,0,NA,0,NA,0,NA,NA,0
2000,7,1,-20.31,1,NA,0,13.94,0.875,141.75,1,NA,0,13.72,2.79,0.875
2000,7,2,-20.1,1,NA,0,7.14,1,50.62,1,NA,0,6.41,51.57,1
2000,7,3,-25.31,0.875,NA,0,7.4,0.75,35.25,1,NA,0,6.52,38.42,0.75
2000,7,4,-25.02,0.625,NA,0,6.8,0.5,46.5,1,NA,0,6.43,55.63,0.5
2000,7,5,-31.63,0.875,NA,0,NA,0.125,30.67,0.375,NA,0,NA,NA,0.125
2000,7,6,-29.14,1,NA,0,NA,0,NA,0,NA,0,NA,NA,0
2000,7,7,-29.2,1,NA,0,NA,0,NA,0,NA,0,NA,NA,0
2000,7,8,-30.3,0.375,NA,0,NA,0,NA,0,NA,0,NA,NA,0
2000,7,9,-37.77,0.75,NA,0,7.94,0.625,33.17,0.75,NA,0,7.94,31.34,0.625
2000,7,10,-33.85,1,NA,0,6.45,0.25,245.5,0.25,NA,0,6.42,244.09,0.25
2000,7,11,-38.53,0.5,NA,0,8.44,1,15.25,1,NA,0,8.33,15.48,1
2000,7,12,-35.29,1,NA,0,9.6,0.625,96.4,0.625,NA,0,9.29,23.72,0.625
2000,7,13,-33.64,1,NA,0,NA,0,NA,0,NA,0,NA,NA,0
2000,7,14,-33.76,1,NA,0,NA,0,NA,0,NA,0,NA,NA,0
2000,7,15,-32.41,0.875,NA,0,6.25,0.25,88,0.375,NA,0,6.25,94.49,0.25
2000,7,16,-28.96,1,NA,0,8.82,1,99.38,1,NA,0,8.7,99.06,1
2000,7,17,-27.49,0.875,NA,0,6.62,0.5,112.5,0.5,NA,0,6.49,114.23,0.5
2000,7,18,-22.93,0.75,NA,0,8.53,0.5,88.25,0.5,NA,0,8.47,88.52,0.5
2000,7,19,-26.15,0.5,NA,0,8.22,0.75,87.38,1,NA,0,7.03,68.58,0.75
2000,7,20,-26.32,0.625,NA,0,11.82,0.5,60.83,0.75,NA,0,11.42,59.78,0.5
2000,7,21,-24.73,1,NA,0,NA,0,NA,0,NA,0,NA,NA,0
2000,7,22,-19.59,0.875,NA,0,NA,0,NA,0,NA,0,NA,NA,0
2000,7,23,-20.41,0.875,NA,0,NA,0,NA,0,NA,0,NA,NA,0
2000,7,24,-20.95,1,NA,0,NA,0,NA,0,NA,0,NA,NA,0
2000,7,25,-24.21,1,NA,0,NA,0,NA,0,NA,0,NA,NA,0
2000,7,26,-31.87,0.75,NA,0,NA,0,NA,0,NA,0,NA,NA,0
2000,7,27,-35.7,1,NA,0,NA,0,NA,0,NA,0,NA,NA,0
2000,7,28,-36.44,0.625,NA,0,NA,0,NA,0,NA,0,NA,NA,0
2000,7,29,-44.9,1,NA,0,NA,0,NA,0,NA,0,NA,NA,0
2000,7,30,-32.9,0.875,NA,0,NA,0,NA,0,NA,0,NA,NA,0
2000,7,31,-19.62,0.75,NA,0,NA,0,NA,0,NA,0,NA,NA,0
2000,8,1,-14.27,1,NA,0,NA,0,NA,0,NA,0,NA,NA,0
2000,8,2,-16.48,1,NA,0,NA,0,NA,0,NA,0,NA,NA,0
2000,8,3,-14.7,0.75,NA,0,NA,0,NA,0,NA,0,NA,NA,0
2000,8,4,-19.14,1,NA,0,NA,0,NA,0,NA,0,NA,NA,0
2000,8,5,-21.69,0.875,NA,0,NA,0,NA,0,NA,0,NA,NA,0
2000,8,6,-20.69,1,NA,0,NA,0,NA,0,NA,0,NA,NA,0
2000,8,7,-23.1,1,NA,0,NA,0,NA,0,NA,0,NA,NA,0
2000,8,8,-22.13,0.75,NA,0,NA,0,NA,0,NA,0,NA,NA,0
2000,8,9,-20.33,1,NA,0,NA,0,NA,0,NA,0,NA,NA,0
2000,8,10,-24.85,1,NA,0,NA,0,NA,0,NA,0,NA,NA,0
2000,8,11,-26.03,1,NA,0,NA,0,NA,0,NA,0,NA,NA,0
2000,8,12,-33.37,0.75,NA,0,NA,0,NA,0,NA,0,NA,NA,0
2000,8,13,-34.04,0.625,NA,0,NA,0,NA,0,NA,0,NA,NA,0
2000,8,14,-25.9,0.875,NA,0,NA,0,NA,0,NA,0,NA,NA,0
2000,8,15,-40.18,0.625,NA,0,NA,0,NA,0,NA,0,NA,NA,0
2000,8,16,-36.81,0.875,NA,0,NA,0,NA,0,NA,0,NA,NA,0
2000,8,17,-36.35,0.75,NA,0,NA,0,NA,0,NA,0,NA,NA,0
2000,8,18,-38.21,1,NA,0,NA,0,NA,0,NA,0,NA,NA,0
2000,8,19,-33.42,0.75,NA,0,NA,0,NA,0,NA,0,NA,NA,0
2000,8,20,-37.97,0.75,NA,0,NA,0,NA,0,NA,0,NA,NA,0
2000,8,21,-37.43,0.75,NA,0,NA,0,NA,0,NA,0,NA,NA,0
2000,8,22,-38.1,0.75,NA,0,NA,0,NA,0,NA,0,NA,NA,0
2000,8,23,-37.4,0.375,NA,0,NA,0,NA,0,NA,0,NA,NA,0
2000,8,24,-31.17,0.375,NA,0,11.5,0.5,111,0.5,NA,0,10.95,20.57,0.5
2000,8,25,-24.6,0.625,NA,0,NA,0,NA,0,NA,0,NA,NA,0
2000,8,26,-18.39,1,NA,0,NA,0,NA,0,NA,0,NA,NA,0
2000,8,27,-16.35,1,NA,0,NA,0,NA,0,NA,0,NA,NA,0
2000,8,28,-21.69,0.875,NA,0,NA,0,NA,0,NA,0,NA,NA,0
2000,8,29,-22.4,0.75,NA,0,NA,0,NA,0,NA,0,NA,NA,0
2000,8,30,-19.73,1,NA,0,NA,0,NA,0,NA,0,NA,NA,0
2000,8,31,-22.91,1,NA,0,NA,0,NA,0,NA,0,NA,NA,0
2000,9,1,-24.23,0.875,NA,0,NA,0,NA,0,NA,0,NA,NA,0
2000,9,2,-34.4,0.25,NA,0,NA,0,NA,0,NA,0,NA,NA,0
2000,9,3,-30.74,0.625,NA,0,NA,0,NA,0,NA,0,NA,NA,0
2000,9,4,-28.41,0.875,NA,0,NA,0,NA,0,NA,0,NA,NA,0
2000,9,5,-30.35,0.75,NA,0,NA,0,NA,0,NA,0,NA,NA,0
2000,9,6,-24.78,0.5,NA,0,NA,0,NA,0,NA,0,NA,NA,0
2000,9,7,-23.18,0.75,NA,0,4.8,0.875,46,0.5,NA,0,5.13,44.76,0.5
2000,9,8,-29.6,1,NA,0,3.73,0.75,39.17,0.75,NA,0,3.57,32.67,0.625
2000,9,9,-32.62,0.75,NA,0,NA,0,NA,0,NA,0,NA,NA,0
2000,9,10,-30.32,0.5,NA,0,3.7,0.25,120.5,0.25,NA,0,3.7,120.46,0.25
2000,9,11,-33.58,0.75,NA,0,NA,0,NA,0,NA,0,NA,NA,0
2000,9,12,-42.13,1,NA,0,NA,0,NA,0,NA,0,NA,NA,0
2000,9,13,-40.53,1,NA,0,NA,0,NA,0,NA,0,NA,NA,0
2000,9,14,-43.4,0.875,NA,0,NA,0,NA,0,NA,0,NA,NA,0
2000,9,15,-37.87,0.75,NA,0,NA,0,NA,0,NA,0,NA,NA,0
2000,9,16,-40.7,0.875,NA,0,NA,0,NA,0,NA,0,NA,NA,0
2000,9,17,-35.23,0.875,NA,0,NA,0,NA,0,NA,0,NA,NA,0
2000,9,18,-34.03,0.375,NA,0,NA,0,NA,0,NA,0,NA,NA,0
2000,9,19,-44,0.625,NA,0,NA,0,NA,0,NA,0,NA,NA,0
2000,9,20,-32.34,0.625,NA,0,NA,0,NA,0,NA,0,NA,NA,0
2000,9,21,-11.45,0.75,NA,0,10.83,0.875,153.14,0.875,NA,0,10.63,359.39,0.875
2000,9,22,-10.88,1,NA,0,9.07,0.75,21.38,1,NA,0,9.04,21.31,0.75
2000,9,23,-22.1,0.75,NA,0,NA,0,NA,0,NA,0,NA,NA,0
2000,9,24,-20.2,1,NA,0,NA,0,NA,0,NA,0,NA,NA,0
2000,9,25,-13.66,1,NA,0,NA,0,NA,0,NA,0,NA,NA,0
2000,9,26,-14.21,1,NA,0,NA,0,NA,0,NA,0,NA,NA,0
2000,9,27,-20.54,1,NA,0,NA,0,NA,0,NA,0,NA,NA,0
2000,9,28,-23.98,0.75,NA,0,NA,0,NA,0,NA,0,NA,NA,0
2000,9,29,-24.8,1,NA,0,NA,0,NA,0,NA,0,NA,NA,0
2000,9,30,-28.2,0.875,NA,0,NA,0,NA,0,NA,0,NA,NA,0
2000,10,1,-31.81,1,NA,0,NA,0,NA,0,NA,0,NA,NA,0
2000,10,2,-28.31,1,NA,0,NA,0,NA,0,NA,0,NA,NA,0
2000,10,3,-27.26,1,NA,0,NA,0,NA,0,NA,0,NA,NA,0
2000,10,4,-20.7,0.75,NA,0,NA,0,NA,0,NA,0,NA,NA,0
2000,10,5,-16.46,1,NA,0,NA,0,NA,0,NA,0,NA,NA,0
2000,10,6,-21,0.875,NA,0,NA,0,NA,0,NA,0,NA,NA,0
2000,10,7,-22.11,1,NA,0,NA,0,NA,0,NA,0,NA,NA,0
2000,10,8,-19.6,1,NA,0,NA,0,NA,0,NA,0,NA,NA,0
2000,10,9,-19.92,0.75,NA,0,NA,0,NA,0,NA,0,NA,NA,0
2000,10,10,-22.44,1,NA,0,NA,0,NA,0,NA,0,NA,NA,0
2000,10,11,-24.23,0.875,NA,0,NA,0,NA,0,NA,0,NA,NA,0
2000,10,12,-26.13,0.75,NA,0,NA,0,NA,0,NA,0,NA,NA,0
2000,10,13,-33.72,0.625,NA,0,NA,0,NA,0,NA,0,NA,NA,0
2000,10,14,-31.91,0.875,NA,0,NA,0,NA,0,NA,0,NA,NA,0
2000,10,15,-36.05,0.5,NA,0,NA,0,NA,0,NA,0,NA,NA,0
2000,10,16,-28.44,1,NA,0,NA,0,NA,0,NA,0,NA,NA,0
2000,10,17,-37.28,0.5,NA,0,NA,0,NA,0,NA,0,NA,NA,0
2000,10,18,-30.53,0.75,NA,0,NA,0,NA,0,NA,0,NA,NA,0
2000,10,19,-26.96,0.625,NA,0,NA,0,NA,0,NA,0,NA,NA,0
2000,10,20,-25.26,1,NA,0,NA,0,NA,0,NA,0,NA,NA,0
2000,10,21,-26.45,0.5,NA,0,NA,0,NA,0,NA,0,NA,NA,0
2000,10,22,-20.75,1,NA,0,NA,0,NA,0,NA,0,NA,NA,0
2000,10,23,-18.84,1,NA,0,NA,0,NA,0,NA,0,NA,NA,0
2000,10,24,-16.93,0.75,NA,0,NA,0.125,202.5,0.25,NA,0,NA,NA,0.125
2000,10,25,-14.46,0.875,NA,0,NA,0.125,59,0.375,NA,0,NA,NA,0.125
2000,10,26,-18.5,0.75,NA,0,NA,0,NA,0,NA,0,NA,NA,0
2000,10,27,-22.31,1,NA,0,3.8,0.25,67,0.25,NA,0,3.8,67,0.25
2000,10,28,-23.5,1,NA,0,3.97,0.375,104.5,0.5,NA,0,3.97,63.17,0.375
2000,10,29,-23.32,0.75,NA,0,NA,0.125,304.5,0.25,NA,0,NA,NA,0.125
2000,10,30,-22.58,0.625,NA,0,NA,0,NA,0,NA,0,NA,NA,0
2000,10,31,-26.64,1,NA,0,NA,0,NA,0,NA,0,NA,NA,0
2000,11,1,-28.34,0.875,NA,0,7.97,0.5,16.75,0.5,NA,0,7.97,16.62,0.5
2000,11,2,-27.9,0.75,NA,0,NA,0.125,NA,0.125,NA,0,NA,NA,0.125
2000,11,3,-18.49,1,NA,0,NA,0,NA,0,NA,0,NA,NA,0
2000,11,4,-15.53,0.875,NA,0,4.87,0.875,80.71,0.875,NA,0,4.67,82.32,0.875
2000,11,5,-10.58,1,NA,0,5.56,1,89.25,1,NA,0,5.47,88.12,1
2000,11,6,-15.58,0.75,NA,0,7.03,0.375,33.75,0.5,NA,0,6.26,30.51,0.375
2000,11,7,-16.96,0.625,NA,0,NA,0,NA,0,NA,0,NA,NA,0
2000,11,8,-16.9,0.625,NA,0,2.86,0.625,123.4,0.625,NA,0,1.71,125.97,0.625
2000,11,9,-14.21,0.875,NA,0,1.9,0.5,81.5,0.5,NA,0,1.65,89.03,0.5
2000,11,10,-14.03,0.75,NA,0,6.6,0.25,106,0.25,NA,0,6.19,101.01,0.25
2000,11,11,-15.58,1,NA,0,9.5,0.875,50,1,NA,0,9.16,48.19,0.875
2000,11,12,-14.01,1,NA,0,5.57,0.5,55,0.5,NA,0,5.37,51.43,0.5
2000,11,13,-17.76,0.625,NA,0,4.82,0.75,166.43,0.875,NA,0,4.56,123.01,0.75
2000,11,14,-17.54,0.625,NA,0,7.8,0.5,38,0.75,NA,0,7.8,30.19,0.5
2000,11,15,-14.78,0.625,NA,0,NA,0,NA,0,NA,0,NA,NA,0
2000,11,16,-14.8,1,NA,0,NA,0,NA,0,NA,0,NA,NA,0
2000,11,17,-13.04,0.875,NA,0,1.93,0.375,267,0.375,NA,0,1.93,264.3,0.375
2000,11,18,-12.04,1,NA,0,1.68,0.75,201,0.75,NA,0,1.35,289.04,0.75
2000,11,19,-15.2,0.875,NA,0,3.42,0.5,116.5,0.5,NA,0,3.18,100.62,0.5
2000,11,20,-13.3,1,NA,0,4.75,1,70,1,NA,0,4.57,72.35,1
2000,11,21,-11.55,1,NA,0,5.22,1,78.12,1,NA,0,4.49,86.39,1
2000,11,22,-6.73,1,NA,0,4.69,0.875,124.12,1,NA,0,3.36,115.37,0.875
2000,11,23,-6.29,1,NA,0,2.47,0.875,76.25,1,NA,0,1.82,81.53,0.875
2000,11,24,-9.58,1,NA,0,6.76,0.625,79.14,0.875,NA,0,6.3,27.09,0.625
2000,11,25,-9.74,1,NA,0,2.92,1,239.88,1,NA,0,2.08,259.21,1
2000,11,26,-11.46,0.875,NA,0,7.12,1,159.88,1,NA,0,5.42,22.39,1
2000,11,27,-8.8,0.875,NA,0,2.61,0.875,116.86,0.875,NA,0,2.23,89.18,0.875
2000,11,28,-9.39,1,NA,0,1.57,1,194.25,1,NA,0,1.47,198.56,1
2000,11,29,-8,1,NA,0,1.69,0.875,105.29,0.875,NA,0,1.53,100.26,0.875
2000,11,30,-8.79,0.875,NA,0,1.82,1,224.62,1,NA,0,0.99,253.69,1
2000,12,1,-11.08,0.5,NA,0,3.67,1,148.5,1,NA,0,3.19,15.24,1
2000,12,2,-11.77,0.875,NA,0,3.55,1,20.25,1,NA,0,3.46,21.1,1
2000,12,3,-8.4,0.625,NA,0,1.7,0.75,129.33,0.75,NA,0,1.5,36.27,0.75
2000,12,4,-7.14,0.625,NA,0,NA,0.125,NA,0.125,NA,0,NA,NA,0.125
2000,12,5,-10.4,0.25,NA,0,1.77,1,128.75,1,NA,0,1.19,103.66,1
2000,12,6,-10.2,0.375,NA,0,1.18,0.625,134.2,0.625,NA,0,1.12,130.54,0.625
2000,12,7,NA,0.125,NA,0,1.17,0.75,225.67,0.75,NA,0,0.84,307.06,0.75
2000,12,8,NA,0.125,NA,0,1.08,0.75,77.33,0.75,NA,0,1.05,14.44,0.75
2000,12,9,-5.78,0.5,NA,0,0.9,0.5,11.75,0.5,NA,0,0.89,15.86,0.5
2000,12,10,-13.55,0.25,NA,0,1.28,0.625,79.12,1,NA,0,1.17,19.37,0.625
2000,12,11,NA,0.125,NA,0,0.71,1,168,1,NA,0,0.23,34.21,1
2000,12,12,-14.25,0.25,NA,0,2.24,1,102.5,1,NA,0,2.01,5.68,1
2000,12,13,-16.48,0.5,NA,0,1.45,0.75,176.33,0.75,NA,0,0.92,7.37,0.75
2000,12,14,-14.71,1,NA,0,5.4,1,70.38,1,NA,0,5.28,72.8,1
2000,12,15,-14.97,0.875,NA,0,3.92,1,126.38,1,NA,0,1.74,74.65,1
2000,12,16,-13.44,0.875,NA,0,2.71,1,261.25,1,NA,0,1.72,313.26,1
2000,12,17,-12.35,0.75,NA,0,2.08,1,90.62,1,NA,0,1.38,80.32,1
2000,12,18,-12.45,0.25,NA,0,1.67,0.875,280.57,0.875,NA,0,1.27,284.14,0.875
2000,12,19,-9.37,0.375,NA,0,0.78,0.625,107.6,0.625,NA,0,0.39,25.64,0.625
2000,12,20,-11.72,0.625,NA,0,1.93,1,122.25,1,NA,0,1.65,30.26,1
2000,12,21,-11.55,0.5,NA,0,2.41,0.875,191,0.875,NA,0,1.91,178.13,0.875
2000,12,22,-13.27,0.75,NA,0,3.15,1,200.75,1,NA,0,3.06,198.07,1
2000,12,23,-10.83,0.375,NA,0,2.48,1,238.5,1,NA,0,1.86,245.52,1
2000,12,24,-12.06,0.875,NA,0,3.21,1,223.75,1,NA,0,1.92,312.56,1
2000,12,25,-12.57,0.75,NA,0,3.17,1,95.75,1,NA,0,2.25,80.14,1
2000,12,26,-13.08,0.625,NA,0,2.32,1,164.62,1,NA,0,2.26,171.89,1
2000,12,27,-11.5,0.375,NA,0,1.17,0.75,241.67,0.75,NA,0,0.99,219.85,0.75
2000,12,28,-13.74,1,NA,0,2.89,1,207.88,1,NA,0,0.88,291.24,1
2000,12,29,-16.21,0.875,NA,0,3.47,0.875,83.14,0.875,NA,0,2.82,0.74,0.875
2000,12,30,-14.45,0.25,NA,0,1.24,0.875,91.57,0.875,NA,0,0.93,83.9,0.875
2000,12,31,-13,0.25,NA,0,1.61,0.875,214,0.875,NA,0,1.28,193.71,0.875
2001,1,1,-18.58,0.625,NA,0,2.65,1,33.12,1,NA,0,2.34,36.4,1
2001,1,2,-14.83,0.75,NA,0,2.56,1,65.88,1,NA,0,2.41,64.52,1
2001,1,3,-8.6,1,NA,0,5.25,1,39.5,1,NA,0,4.95,38.79,1
2001,1,4,-10.98,0.75,NA,0,7.47,1,180.38,1,NA,0,6.77,356.22,1
2001,1,5,-14.39,0.875,NA,0,5.34,1,39,1,NA,0,5.12,34.55,1
2001,1,6,NA,0.125,NA,0,1.56,1,64.75,1,NA,0,1.26,52.04,1
2001,1,7,-13.79,1,NA,0,3.22,1,84.5,1,NA,0,3.02,88.49,1
2001,1,8,-13.87,0.75,NA,0,2.82,1,181.62,1,NA,0,2.33,176.2,1
2001,1,9,-13.25,0.5,NA,0,3.04,0.625,223.4,0.625,NA,0,2.95,230.66,0.625
2001,1,10,NA,0.125,NA,0,1.07,0.75,142.67,0.75,NA,0,1.02,139.85,0.75
2001,1,11,-7.7,0.25,NA,0,0.91,0.875,166.14,0.875,NA,0,0.52,21.03,0.875
2001,1,12,-7.88,0.5,NA,0,1.56,0.875,110.71,0.875,NA,0,0.43,300.09,0.875
2001,1,13,-7.23,0.5,NA,0,0.8,0.5,184.75,0.5,NA,0,0.73,172.73,0.5
2001,1,14,NA,0.125,NA,0,0.63,0.75,208,0.75,NA,0,0.6,204.83,0.75
2001,1,15,-8.3,0.25,NA,0,1.29,0.875,114.43,0.875,NA,0,1.25,110.51,0.875
2001,1,16,-10.27,0.375,NA,0,1.02,0.5,196.14,0.875,NA,0,0.67,329.95,0.5
2001,1,17,-17.88,0.5,NA,0,4.78,1,239.38,1,NA,0,4.6,235.98,1
2001,1,18,-12.64,0.875,NA,0,3.6,1,248,1,NA,0,3.06,252.05,1
2001,1,19,-12,0.5,NA,0,1.8,0.75,62.83,0.75,NA,0,1.37,57.27,0.75
2001,1,20,-16.2,0.875,NA,0,3.75,1,175.75,1,NA,0,3.4,184.38,1
2001,1,21,-15.13,0.75,NA,0,4.56,0.875,81.86,0.875,NA,0,2.3,27.32,0.875
2001,1,22,-17.93,0.5,NA,0,2.54,1,106.5,1,NA,0,2.42,23.82,1
2001,1,23,-13.9,0.25,NA,0,1.14,0.875,185.29,0.875,NA,0,0.51,354.61,0.875
2001,1,24,-12.8,0.375,NA,0,1.81,1,38.12,1,NA,0,1.72,35.6,1
2001,1,25,-14.1,0.875,NA,0,2.55,1,178.62,1,NA,0,2.43,0.9,1
2001,1,26,-12.76,0.875,NA,0,3.69,1,39.75,1,NA,0,3.51,42.18,1
2001,1,27,-12.2,1,NA,0,3.52,1,91.12,1,NA,0,3.15,92.1,1
2001,1,28,-11.43,0.375,NA,0,1.89,1,179.25,1,NA,0,1.55,165.8,1
2001,1,29,-14.14,0.625,NA,0,2.82,1,166.5,1,NA,0,2.24,0.21,1
2001,1,30,-13.9,0.375,NA,0,1.68,1,55.88,1,NA,0,1.42,44.51,1
2001,1,31,-13.95,0.25,NA,0,1.39,0.875,89.86,0.875,NA,0,1.21,94.03,0.875
2001,2,1,-16.38,0.75,NA,0,2.64,0.875,168.86,0.875,NA,0,1.53,35.08,0.875
2001,2,2,NA,0,NA,0,NA,0,NA,0,NA,0,NA,NA,0
2001,2,3,-12.56,0.625,NA,0,2.25,1,167.12,1,NA,0,0.87,92.28,1
2001,2,4,-11.27,0.75,NA,0,4.46,0.875,99.14,0.875,NA,0,3.61,55.33,0.875
2001,2,5,-11.53,0.5,NA,0,4.1,0.75,79.88,1,NA,0,3.92,14,0.75
2001,2,6,-13.87,0.375,NA,0,1.4,0.875,80.29,0.875,NA,0,1.14,30.38,0.875
2001,2,7,-13.74,1,NA,0,4.46,1,44.5,1,NA,0,4.19,40.78,1
2001,2,8,-14.44,0.875,NA,0,2.59,1,132.88,1,NA,0,1.48,117.76,1
2001,2,9,-17.12,0.625,NA,0,2.31,1,164.62,1,NA,0,0.98,24.01,1
2001,2,10,-17.03,1,NA,0,3.02,1,72.12,1,NA,0,2.89,72.94,1
2001,2,11,-12.98,0.625,NA,0,2.66,0.875,127.57,0.875,NA,0,2.27,119.06,0.875
2001,2,12,-13.55,0.5,NA,0,2.29,1,256.38,1,NA,0,2.1,254.85,1
2001,2,13,NA,0,NA,0,NA,0,NA,0,NA,0,NA,NA,0
2001,2,14,-15.5,0.375,NA,0,1.79,1,219.25,1,NA,0,0.76,252.74,1
2001,2,15,-16.1,0.375,NA,0,2.36,1,155.12,1,NA,0,0.22,110.38,1
2001,2,16,-15.63,0.75,NA,0,3.41,1,50.5,1,NA,0,3.28,45.53,1
2001,2,17,NA,0.125,NA,0,1.65,1,100.88,1,NA,0,1.39,95.33,1
2001,2,18,-11.5,0.25,NA,0,1.3,0.875,139.71,0.875,NA,0,0.74,150.66,0.875
2001,2,19,-17.9,0.375,NA,0,2.5,1,157.75,1,NA,0,2.38,155.28,1
2001,2,20,-21.34,0.625,NA,0,4.53,0.75,41.88,1,NA,0,4.16,42.31,0.75
2001,2,21,-22.05,0.25,NA,0,2.64,1,72.25,1,NA,0,2.42,69.07,1
2001,2,22,-13.86,1,NA,0,3.49,0.875,94.71,0.875,NA,0,2.45,95.12,0.875
2001,2,23,-15.26,0.875,NA,0,3.54,1,39.38,1,NA,0,3.36,41.48,1
2001,2,24,NA,0.125,NA,0,1.26,0.875,151.71,0.875,NA,0,0.58,206.61,0.875
2001,2,25,-11.6,0.25,NA,0,1.56,0.875,103.14,0.875,NA,0,1.34,114.47,0.875
2001,2,26,-15.98,0.75,NA,0,1.78,0.625,243,0.625,NA,0,1.36,356.05,0.625
2001,2,27,-16.4,0.375,NA,0,1.74,1,236.38,1,NA,0,1.04,212.91,1
2001,2,28,-19.93,0.875,NA,0,2.95,1,243.25,1,NA,0,2.79,239.53,1
2001,3,1,-19.16,1,NA,0,1.68,1,277.25,1,NA,0,1.4,333.68,1
2001,3,2,-18.59,1,NA,0,2.8,0.375,150.67,0.375,NA,0,2.78,150.25,0.375
2001,3,3,-23.4,1,NA,0,2.61,1,81.5,1,NA,0,2.45,85.34,1
2001,3,4,-25.64,0.625,NA,0,3.46,1,36.12,1,NA,0,3.19,34.15,1
2001,3,5,NA,0.125,NA,0,NA,0.125,NA,0.125,NA,0,NA,NA,0.125
2001,3,6,-24.81,1,NA,0,3.81,1,156.38,1,NA,0,2.62,84.87,1
2001,3,7,-27.8,0.25,NA,0,3.69,1,159.12,1,NA,0,3.14,13.4,1
2001,3,8,-13,0.75,NA,0,3.29,1,48.12,1,NA,0,2.97,46.77,1
2001,3,9,NA,0,NA,0,NA,0,NA,0,NA,0,NA,NA,0
2001,3,10,-26.3,0.625,NA,0,2.32,0.75,96.83,0.75,NA,0,2.17,102.37,0.75
2001,3,11,-17.28,0.75,NA,0,1.53,0.375,115.33,0.375,NA,0,1.16,112.56,0.375
2001,3,12,-23.48,1,NA,0,1.2,0.875,233.43,0.875,NA,0,0.76,214.34,0.875
2001,3,13,-26.03,0.875,NA,0,NA,0.125,NA,0.125,NA,0,NA,NA,0.125
2001,3,14,-30.95,0.75,NA,0,0.9,0.25,22,0.25,NA,0,0.87,23.82,0.25
2001,3,15,-35.48,0.625,NA,0,NA,0,NA,0,NA,0,NA,NA,0
2001,3,16,-30.18,0.75,NA,0,NA,0,NA,0,NA,0,NA,NA,0
2001,3,17,-20.64,1,NA,0,1.2,0.375,165,0.375,NA,0,1.08,21.23,0.375
2001,3,18,-25.97,0.75,NA,0,5.6,1,15.12,1,NA,0,5.58,14.56,1
2001,3,19,-27,1,NA,0,2.36,0.875,206.29,0.875,NA,0,2.34,0.06,0.875
2001,3,20,-27.66,0.625,NA,0,2.32,1,76,1,NA,0,1.94,85.25,1
2001,3,21,-22.9,0.625,NA,0,4.42,1,147.25,1,NA,0,4.31,9.56,1
2001,3,22,-26.81,0.875,NA,0,1.4,0.875,85.25,1,NA,0,1.34,96.28,0.875
2001,3,23,-21.88,0.75,NA,0,0.98,0.625,83.4,0.625,NA,0,0.78,84.14,0.625
2001,3,24,NA,0.125,NA,0,NA,0.125,NA,0.125,NA,0,NA,NA,0.125
2001,3,25,-16.81,1,NA,0,2.14,0.875,66.14,0.875,NA,0,1.79,48.68,0.875
2001,3,26,-19.4,1,NA,0,2.38,1,46,1,NA,0,2.31,47.05,1
2001,3,27,-21.77,0.875,NA,0,1.44,1,211,1,NA,0,1.26,353.38,1
2001,3,28,-29.63,0.375,NA,0,0.7,0.375,278.33,0.375,NA,0,0.68,287,0.375
2001,3,29,-31.15,0.75,NA,0,0.55,0.25,348.5,0.25,NA,0,0.55,344.61,0.25
2001,3,30,-30.94,0.875,NA,0,0.87,0.875,52.29,0.875,NA,0,0.86,52.66,0.875
2001,3,31,-32.81,1,NA,0,1.91,1,112.75,1,NA,0,1.83,117.28,1
2001,4,1,-27.66,0.625,NA,0,2.2,0.375,353.67,0.375,NA,0,2.19,352.21,0.375
2001,4,2,-12.58,0.5,NA,0,3.6,0.75,42.43,0.875,NA,0,3.57,46.72,0.75
2001,4,3,-12.1,0.625,NA,0,5.58,0.625,84.33,0.75,NA,0,5.43,27.04,0.625
2001,4,4,-21.53,1,NA,0,1.32,0.625,105.6,0.625,NA,0,1.11,112.67,0.625
2001,4,5,-24.49,1,NA,0,0.98,0.75,266.83,0.75,NA,0,0.95,259.49,0.75
2001,4,6,-26.9,0.75,NA,0,0.9,0.75,20,0.75,NA,0,0.89,15.8,0.75
2001,4,7,-22.37,0.75,NA,0,3.65,1,104.25,1,NA,0,3.52,4.93,1
2001,4,8,-31,0.75,NA,0,5.02,0.625,9.4,0.625,NA,0,5.01,9.35,0.625
2001,4,9,-26.88,0.75,NA,0,NA,0,NA,0,NA,0,NA,NA,0
2001,4,10,-16.28,0.75,NA,0,NA,0,NA,0,NA,0,NA,NA,0
2001,4,11,-9.23,1,NA,0,NA,0,NA,0,NA,0,NA,NA,0
2001,4,12,-14.9,0.625,NA,0,NA,0,NA,0,NA,0,NA,NA,0
2001,4,13,-15.46,0.625,NA,0,NA,0,NA,0,NA,0,NA,NA,0
2001,4,14,-17.88,1,NA,0,NA,0,NA,0,NA,0,NA,NA,0
2001,4,15,-22.19,1,NA,0,NA,0,NA,0,NA,0,NA,NA,0
2001,4,16,-27.13,0.75,NA,0,NA,0,NA,0,NA,0,NA,NA,0
2001,4,17,-26.03,1,NA,0,NA,0,NA,0,NA,0,NA,NA,0
2001,4,18,-28.68,1,NA,0,NA,0,NA,0,NA,0,NA,NA,0
2001,4,19,-34.57,0.875,NA,0,NA,0,NA,0,NA,0,NA,NA,0
2001,4,20,-31.7,1,NA,0,NA,0,NA,0,NA,0,NA,NA,0
2001,4,21,-24.26,0.625,NA,0,NA,0,NA,0,NA,0,NA,NA,0
2001,4,22,-34.73,0.375,NA,0,NA,0,NA,0,NA,0,NA,NA,0
2001,4,23,-30.28,1,NA,0,NA,0,NA,0,NA,0,NA,NA,0
2001,4,24,-23.88,0.75,NA,0,NA,0,NA,0,NA,0,NA,NA,0
2001,4,25,-16.61,0.875,NA,0,NA,0,NA,0,NA,0,NA,NA,0
2001,4,26,-19.1,1,NA,0,NA,0,NA,0,NA,0,NA,NA,0
2001,4,27,-24.19,1,NA,0,NA,0,NA,0,NA,0,NA,NA,0
2001,4,28,-26.86,0.875,NA,0,NA,0,NA,0,NA,0,NA,NA,0
2001,4,29,-29.88,1,NA,0,NA,0,NA,0,NA,0,NA,NA,0
2001,4,30,-30.03,1,NA,0,NA,0,NA,0,NA,0,NA,NA,0
2001,5,1,-27.34,0.875,NA,0,NA,0,NA,0,NA,0,NA,NA,0
2001,5,2,-27.6,0.75,NA,0,NA,0,NA,0,NA,0,NA,NA,0
2001,5,3,-37.15,0.75,NA,0,NA,0,NA,0,NA,0,NA,NA,0
2001,5,4,-32.27,0.875,NA,0,NA,0,NA,0,NA,0,NA,NA,0
2001,5,5,-38.43,1,NA,0,NA,0,NA,0,NA,0,NA,NA,0
2001,5,6,-38.33,1,NA,0,NA,0,NA,0,NA,0,NA,NA,0
2001,5,7,-36.55,0.75,NA,0,NA,0,NA,0,NA,0,NA,NA,0
2001,5,8,-33.17,0.75,NA,0,NA,0,NA,0,NA,0,NA,NA,0
2001,5,9,-20.22,0.75,NA,0,NA,0,NA,0,NA,0,NA,NA,0
2001,5,10,-21.12,0.75,NA,0,NA,0,NA,0,NA,0,NA,NA,0
2001,5,11,-18.9,1,NA,0,NA,0,NA,0,NA,0,NA,NA,0
2001,5,12,-20.06,1,NA,0,NA,0,NA,0,NA,0,NA,NA,0
2001,5,13,-22.98,0.75,NA,0,NA,0,NA,0,NA,0,NA,NA,0
2001,5,14,-26.86,0.875,NA,0,NA,0,NA,0,NA,0,NA,NA,0
2001,5,15,-21.18,0.75,NA,0,NA,0,NA,0,NA,0,NA,NA,0
2001,5,16,-28.44,0.625,NA,0,NA,0,NA,0,NA,0,NA,NA,0
2001,5,17,-28.37,0.75,NA,0,NA,0,NA,0,NA,0,NA,NA,0
2001,5,18,-26.18,0.75,NA,0,NA,0,NA,0,NA,0,NA,NA,0
2001,5,19,-23.39,0.875,NA,0,NA,0,NA,0,NA,0,NA,NA,0
2001,5,20,-19.99,1,NA,0,NA,0,NA,0,NA,0,NA,NA,0
2001,5,21,-21.93,0.75,NA,0,NA,0,NA,0,NA,0,NA,NA,0
2001,5,22,-24.93,0.875,NA,0,NA,0,NA,0,NA,0,NA,NA,0
2001,5,23,-29.71,0.875,NA,0,NA,0,NA,0,NA,0,NA,NA,0
2001,5,24,-37.37,0.75,NA,0,NA,0,NA,0,NA,0,NA,NA,0
2001,5,25,-40.83,1,NA,0,NA,0,NA,0,NA,0,NA,NA,0
2001,5,26,-31.6,0.75,NA,0,NA,0,NA,0,NA,0,NA,NA,0
2001,5,27,-28.31,1,NA,0,NA,0,NA,0,NA,0,NA,NA,0
2001,5,28,-32.8,1,NA,0,NA,0,NA,0,NA,0,NA,NA,0
2001,5,29,-36.33,1,NA,0,NA,0,NA,0,NA,0,NA,NA,0
2001,5,30,-38.38,0.625,NA,0,NA,0,NA,0,NA,0,NA,NA,0
2001,5,31,-25.85,0.25,NA,0,NA,0,NA,0,NA,0,NA,NA,0
2001,6,1,-42.3,0.375,NA,0,NA,0,NA,0,NA,0,NA,NA,0
2001,6,2,-13.33,0.875,NA,0,NA,0,NA,0,NA,0,NA,NA,0
2001,6,3,-20.66,1,NA,0,NA,0,NA,0,NA,0,NA,NA,0
2001,6,4,-16.58,0.75,NA,0,NA,0,NA,0,NA,0,NA,NA,0
2001,6,5,-16.68,1,NA,0,NA,0,NA,0,NA,0,NA,NA,0
2001,6,6,-17.35,0.75,NA,0,NA,0,NA,0,NA,0,NA,NA,0
2001,6,7,-22.7,1,NA,0,NA,0,NA,0,NA,0,NA,NA,0
2001,6,8,-21.3,1,NA,0,NA,0,NA,0,NA,0,NA,NA,0
2001,6,9,-16.58,0.625,NA,0,NA,0,NA,0,NA,0,NA,NA,0
2001,6,10,-23.5,0.75,NA,0,NA,0,NA,0,NA,0,NA,NA,0
2001,6,11,-20.78,1,NA,0,NA,0,NA,0,NA,0,NA,NA,0
2001,6,12,-22.3,1,NA,0,NA,0,NA,0,NA,0,NA,NA,0
2001,6,13,-28.5,1,NA,0,NA,0,NA,0,NA,0,NA,NA,0
2001,6,14,-27.08,0.75,NA,0,NA,0,NA,0,NA,0,NA,NA,0
2001,6,15,-30.42,0.625,NA,0,NA,0,NA,0,NA,0,NA,NA,0
2001,6,16,-28.76,0.625,NA,0,NA,0,NA,0,NA,0,NA,NA,0
2001,6,17,-29.39,1,NA,0,NA,0,NA,0,NA,0,NA,NA,0
2001,6,18,-26.61,1,NA,0,NA,0,NA,0,NA,0,NA,NA,0
2001,6,19,-30.64,0.625,NA,0,NA,0,NA,0,NA,0,NA,NA,0
2001,6,20,-31.14,0.625,NA,0,NA,0,NA,0,NA,0,NA,NA,0
2001,6,21,-34.71,0.875,NA,0,NA,0,NA,0,NA,0,NA,NA,0
2001,6,22,-29.48,0.75,NA,0,NA,0,NA,0,NA,0,NA,NA,0
2001,6,23,-34.82,0.75,NA,0,NA,0,NA,0,NA,0,NA,NA,0
2001,6,24,-28.45,1,NA,0,NA,0,NA,0,NA,0,NA,NA,0
2001,6,25,-19.99,1,NA,0,NA,0,NA,0,NA,0,NA,NA,0
2001,6,26,-21.9,0.5,NA,0,NA,0,NA,0,NA,0,NA,NA,0
2001,6,27,-26.05,1,NA,0,NA,0,NA,0,NA,0,NA,NA,0
2001,6,28,-27.3,0.75,NA,0,NA,0,NA,0,NA,0,NA,NA,0
2001,6,29,-26.2,1,NA,0,NA,0,NA,0,NA,0,NA,NA,0
2001,6,30,-24.91,0.875,NA,0,NA,0,NA,0,NA,0,NA,NA,0
2001,7,1,-22.78,0.5,NA,0,NA,0,NA,0,NA,0,NA,NA,0
2001,7,2,-25.53,0.75,NA,0,NA,0,NA,0,NA,0,NA,NA,0
2001,7,3,-32.74,0.875,NA,0,NA,0,NA,0,NA,0,NA,NA,0
2001,7,4,-30.12,0.75,NA,0,NA,0,NA,0,NA,0,NA,NA,0
2001,7,5,-43.57,0.875,NA,0,NA,0,NA,0,NA,0,NA,NA,0
2001,7,6,-39.43,0.875,NA,0,NA,0,NA,0,NA,0,NA,NA,0
2001,7,7,-37.32,1,NA,0,NA,0,NA,0,NA,0,NA,NA,0
2001,7,8,-36.9,0.875,NA,0,NA,0,NA,0,NA,0,NA,NA,0
2001,7,9,-22.97,0.375,NA,0,NA,0,NA,0,NA,0,NA,NA,0
2001,7,10,-19.16,0.875,NA,0,NA,0,NA,0,NA,0,NA,NA,0
2001,7,11,-19.77,0.875,NA,0,NA,0,NA,0,NA,0,NA,NA,0
2001,7,12,-21.27,0.75,NA,0,NA,0,NA,0,NA,0,NA,NA,0
2001,7,13,-19.1,0.75,NA,0,NA,0,NA,0,NA,0,NA,NA,0
2001,7,14,-25.03,0.875,NA,0,NA,0,NA,0,NA,0,NA,NA,0
2001,7,15,-19.1,0.875,NA,0,NA,0,NA,0,NA,0,NA,NA,0
2001,7,16,-18.24,0.875,NA,0,NA,0,NA,0,NA,0,NA,NA,0
2001,7,17,-15.42,0.75,NA,0,NA,0,NA,0,NA,0,NA,NA,0
2001,7,18,-13.25,1,NA,0,NA,0,NA,0,NA,0,NA,NA,0
2001,7,19,-14.86,1,NA,0,NA,0,NA,0,NA,0,NA,NA,0
2001,7,20,-15.93,1,NA,0,NA,0,NA,0,NA,0,NA,NA,0
2001,7,21,-22.69,1,NA,0,NA,0,NA,0,NA,0,NA,NA,0
2001,7,22,-20.4,1,NA,0,NA,0,NA,0,NA,0,NA,NA,0
2001,7,23,-19.46,1,NA,0,NA,0,NA,0,NA,0,NA,NA,0
2001,7,24,-24.57,0.875,NA,0,NA,0,NA,0,NA,0,NA,NA,0
2001,7,25,-25.59,1,NA,0,NA,0,NA,0,NA,0,NA,NA,0
2001,7,26,-24.45,0.75,NA,0,NA,0,NA,0,NA,0,NA,NA,0
2001,7,27,-22.51,0.875,NA,0,NA,0,NA,0,NA,0,NA,NA,0
2001,7,28,-26.24,0.875,NA,0,NA,0,NA,0,NA,0,NA,NA,0
2001,7,29,-27.34,1,NA,0,NA,0,NA,0,NA,0,NA,NA,0
2001,7,30,-29.09,1,NA,0,NA,0,NA,0,NA,0,NA,NA,0
2001,7,31,-33.83,0.75,NA,0,NA,0,NA,0,NA,0,NA,NA,0
2001,8,1,-39.06,1,NA,0,NA,0,NA,0,NA,0,NA,NA,0
2001,8,2,-40.84,1,NA,0,NA,0,NA,0,NA,0,NA,NA,0
2001,8,3,-37.11,1,NA,0,NA,0,NA,0,NA,0,NA,NA,0
2001,8,4,-34.08,1,NA,0,NA,0,NA,0,NA,0,NA,NA,0
2001,8,5,-36.05,0.5,NA,0,NA,0,NA,0,NA,0,NA,NA,0
2001,8,6,-41.64,1,NA,0,NA,0,NA,0,NA,0,NA,NA,0
2001,8,7,-41.9,1,NA,0,NA,0,NA,0,NA,0,NA,NA,0
2001,8,8,-41.75,1,NA,0,NA,0,NA,0,NA,0,NA,NA,0
2001,8,9,-43.8,1,NA,0,NA,0,NA,0,NA,0,NA,NA,0
2001,8,10,-43.11,1,NA,0,NA,0,NA,0,NA,0,NA,NA,0
2001,8,11,-42.49,0.875,NA,0,NA,0,NA,0,NA,0,NA,NA,0
2001,8,12,-50.34,1,NA,0,NA,0,NA,0,NA,0,NA,NA,0
2001,8,13,-42.77,0.75,NA,0,NA,0,NA,0,NA,0,NA,NA,0
2001,8,14,-39.06,1,NA,0,NA,0,NA,0,NA,0,NA,NA,0
2001,8,15,-39.7,0.75,NA,0,NA,0,NA,0,NA,0,NA,NA,0
2001,8,16,-38.34,0.875,NA,0,NA,0,NA,0,NA,0,NA,NA,0
2001,8,17,-34.3,0.75,NA,0,NA,0,NA,0,NA,0,NA,NA,0
2001,8,18,-26.81,1,NA,0,NA,0,NA,0,NA,0,NA,NA,0
2001,8,19,-26.1,1,NA,0,NA,0,NA,0,NA,0,NA,NA,0
2001,8,20,-29.26,0.875,NA,0,NA,0,NA,0,NA,0,NA,NA,0
2001,8,21,-22.73,0.375,NA,0,NA,0,NA,0,NA,0,NA,NA,0
2001,8,22,-32.6,0.5,NA,0,NA,0,NA,0,NA,0,NA,NA,0
2001,8,23,-31.28,0.625,NA,0,NA,0,NA,0,NA,0,NA,NA,0
2001,8,24,-43.1,1,NA,0,NA,0,NA,0,NA,0,NA,NA,0
2001,8,25,-43.61,0.875,NA,0,NA,0,NA,0,NA,0,NA,NA,0
2001,8,26,-46.6,1,NA,0,NA,0,NA,0,NA,0,NA,NA,0
2001,8,27,-47.2,0.375,NA,0,NA,0,NA,0,NA,0,NA,NA,0
2001,8,28,-39.87,0.875,NA,0,NA,0,NA,0,NA,0,NA,NA,0
2001,8,29,-34.19,1,NA,0,NA,0,NA,0,NA,0,NA,NA,0
2001,8,30,-31.93,1,NA,0,NA,0,NA,0,NA,0,NA,NA,0
2001,8,31,-29.08,1,NA,0,NA,0,NA,0,NA,0,NA,NA,0
2001,9,1,-35.15,1,NA,0,NA,0,NA,0,NA,0,NA,NA,0
2001,9,2,-39.55,1,NA,0,NA,0,NA,0,NA,0,NA,NA,0
2001,9,3,-31.41,1,NA,0,NA,0,NA,0,NA,0,NA,NA,0
2001,9,4,-28.69,1,NA,0,NA,0,NA,0,NA,0,NA,NA,0
2001,9,5,-26.11,1,NA,0,NA,0,NA,0,NA,0,NA,NA,0
2001,9,6,-28.89,0.875,NA,0,NA,0,NA,0,NA,0,NA,NA,0
2001,9,7,-32.88,0.625,NA,0,NA,0,NA,0,NA,0,NA,NA,0
2001,9,8,-31.9,1,NA,0,NA,0,NA,0,NA,0,NA,NA,0
2001,9,9,-31.51,1,NA,0,NA,0,NA,0,NA,0,NA,NA,0
2001,9,10,-31.49,1,NA,0,NA,0,NA,0,NA,0,NA,NA,0
2001,9,11,-30.6,0.75,NA,0,NA,0,NA,0,NA,0,NA,NA,0
2001,9,12,-33.6,0.625,NA,0,NA,0.125,NA,0.125,NA,0,NA,NA,0.125
2001,9,13,-21.7,0.625,NA,0,12.82,0.5,87.33,0.75,NA,0,12.8,86.22,0.5
2001,9,14,-25.74,0.875,NA,0,7.7,0.875,89.62,1,NA,0,6.64,97.3,0.875
2001,9,15,-24.21,1,NA,0,6.18,1,89.25,1,NA,0,6.05,90.35,1
2001,9,16,-26.5,1,NA,0,5.34,0.875,70.12,1,NA,0,4.65,63.48,0.875
2001,9,17,-24.89,0.875,NA,0,3.26,1,119.12,1,NA,0,3.08,116.22,1
2001,9,18,-29,0.625,NA,0,2.24,0.875,110.71,0.875,NA,0,1.28,102.32,0.875
2001,9,19,-39.55,0.75,NA,0,5.76,1,49.12,1,NA,0,5.7,48.5,1
2001,9,20,-31.78,1,NA,0,3.54,1,45.25,1,NA,0,3.52,44.33,1
2001,9,21,-32.6,0.875,NA,0,4.72,0.75,45.86,0.875,NA,0,4.71,53.07,0.75
2001,9,22,-32.2,0.875,NA,0,2.22,0.625,133.2,0.625,NA,0,2.18,134.89,0.625
2001,9,23,-29.1,0.625,NA,0,NA,0,NA,0,NA,0,NA,NA,0
2001,9,24,-42.34,0.625,NA,0,NA,0,NA,0,NA,0,NA,NA,0
2001,9,25,-35.98,0.75,NA,0,NA,0,NA,0,NA,0,NA,NA,0
2001,9,26,-36.11,1,NA,0,NA,0,NA,0,NA,0,NA,NA,0
2001,9,27,-27.64,1,NA,0,3.62,0.625,118.57,0.875,NA,0,3.22,126.42,0.625
2001,9,28,-36.47,0.375,NA,0,6.05,1,59.12,1,NA,0,5.89,57.16,1
2001,9,29,-31.95,1,NA,0,2.75,0.25,78.25,0.5,NA,0,2.75,93,0.25
2001,9,30,-34.4,0.5,NA,0,NA,0,NA,0,NA,0,NA,NA,0
2001,10,1,-33.84,0.875,NA,0,2.97,0.375,73.33,0.375,NA,0,2.93,75.64,0.375
2001,10,2,-24.96,1,NA,0,5.05,1,82.75,1,NA,0,4.3,91.14,1
2001,10,3,-18.58,0.75,NA,0,7.03,0.75,74.75,1,NA,0,6.87,72.72,0.75
2001,10,4,-15.75,1,NA,0,17.3,0.375,98.25,1,NA,0,17.28,88.63,0.375
2001,10,5,-24.36,0.875,NA,0,7.43,0.875,89.75,1,NA,0,7.27,92.09,0.875
2001,10,6,-29.35,0.75,NA,0,8.19,1,114,1,NA,0,8.13,114.47,1
2001,10,7,-22.87,0.875,NA,0,9.4,0.375,100.67,0.375,NA,0,9.37,100.52,0.375
2001,10,8,-20.96,0.625,NA,0,10.83,0.375,108.75,0.5,NA,0,10.79,105.4,0.375
2001,10,9,-24.15,0.75,NA,0,15.4,0.25,90.88,1,NA,0,13.96,78.44,0.25
2001,10,10,-24.23,1,NA,0,9,0.875,105.12,1,NA,0,8.81,102.37,0.875
2001,10,11,-26.52,0.625,NA,0,NA,0.125,67.4,0.625,NA,0,NA,NA,0.125
2001,10,12,-24.12,1,NA,0,NA,0,NA,0,NA,0,NA,NA,0
2001,10,13,-32.22,1,NA,0,NA,0,NA,0,NA,0,NA,NA,0
2001,10,14,-35.19,1,NA,0,NA,0,NA,0,NA,0,NA,NA,0
2001,10,15,-41.33,0.75,NA,0,NA,0,NA,0,NA,0,NA,NA,0
2001,10,16,-35.98,1,NA,0,NA,0,NA,0,NA,0,NA,NA,0
2001,10,17,-37.3,0.625,NA,0,NA,0,NA,0,NA,0,NA,NA,0
2001,10,18,-30.35,0.5,NA,0,NA,0,NA,0,NA,0,NA,NA,0
2001,10,19,-27.01,1,NA,0,NA,0,NA,0,NA,0,NA,NA,0
2001,10,20,-28.93,0.75,NA,0,NA,0,NA,0,NA,0,NA,NA,0
2001,10,21,-35.48,0.5,NA,0,NA,0,NA,0,NA,0,NA,NA,0
2001,10,22,-23.51,1,NA,0,NA,0,NA,0,NA,0,NA,NA,0
2001,10,23,-19.99,1,NA,0,NA,0,NA,0,NA,0,NA,NA,0
2001,10,24,-20.26,0.875,NA,0,NA,0,NA,0,NA,0,NA,NA,0
2001,10,25,-19.74,0.875,NA,0,NA,0,NA,0,NA,0,NA,NA,0
2001,10,26,-23.6,0.75,NA,0,NA,0,NA,0,NA,0,NA,NA,0
2001,10,27,-24.01,1,NA,0,NA,0,NA,0,NA,0,NA,NA,0
2001,10,28,-23.8,0.5,NA,0,NA,0,NA,0,NA,0,NA,NA,0
2001,10,29,-23.45,0.25,NA,0,NA,0.125,NA,0.125,NA,0,NA,NA,0.125
2001,10,30,-24.46,0.625,NA,0,NA,0,NA,0,NA,0,NA,NA,0
2001,10,31,-24.1,0.5,NA,0,NA,0,NA,0,NA,0,NA,NA,0
2001,11,1,-24.33,0.875,NA,0,NA,0,NA,0,NA,0,NA,NA,0
2001,11,2,-26.17,0.75,NA,0,NA,0,NA,0,NA,0,NA,NA,0
2001,11,3,-23.03,0.875,NA,0,6.76,1,94.62,1,NA,0,6.49,95.39,1
2001,11,4,-20.84,1,NA,0,5.55,1,73,1,NA,0,5.46,71.72,1
2001,11,5,-19.49,1,NA,0,5.92,1,104,1,NA,0,4.92,102.72,1
2001,11,6,-14.1,1,NA,0,7.4,1,66.62,1,NA,0,6.82,63.04,1
2001,11,7,-12.75,1,NA,0,12.4,0.25,70.75,1,NA,0,12.13,40,0.25
2001,11,8,-12.78,1,NA,0,13.94,1,73,1,NA,0,13.9,73.23,1
2001,11,9,-15,0.875,NA,0,4.66,0.625,82.57,0.875,NA,0,4.48,75.07,0.625
2001,11,10,-13.6,0.75,NA,0,2.06,1,219.12,1,NA,0,1.97,217.24,1
2001,11,11,-12.26,0.875,NA,0,NA,0.125,NA,0.125,NA,0,NA,NA,0.125
2001,11,12,-12.92,1,NA,0,1.35,1,154.75,1,NA,0,1.33,156.21,1
2001,11,13,-16.44,0.625,NA,0,2.55,0.75,202.57,0.875,NA,0,1.75,339.35,0.75
2001,11,14,-17.96,0.875,NA,0,8.3,1,175.75,1,NA,0,8.08,356.74,1
2001,11,15,-16.09,1,NA,0,2.39,0.875,102.43,0.875,NA,0,1.27,39.17,0.875
2001,11,16,-18.2,0.875,NA,0,1.8,0.25,176,0.25,NA,0,1.8,172.67,0.25
2001,11,17,-19.53,0.875,NA,0,3.38,0.5,113.5,0.75,NA,0,3.24,3.64,0.5
2001,11,18,-16.43,0.875,NA,0,NA,0,NA,0,NA,0,NA,NA,0
2001,11,19,-15.36,0.625,NA,0,1.48,0.75,273.17,0.75,NA,0,1.4,274.43,0.75
2001,11,20,-16.9,1,NA,0,2.75,0.75,194.5,0.75,NA,0,2.74,197.34,0.75
2001,11,21,-20.61,0.875,NA,0,3.44,1,157,1,NA,0,3.09,158.16,1
2001,11,22,-17.69,1,NA,0,4.24,1,115.38,1,NA,0,2.47,107.21,1
2001,11,23,-11.01,0.875,NA,0,2.25,1,141.12,1,NA,0,0.88,104,1
2001,11,24,-10.96,0.625,NA,0,2.12,1,148.25,1,NA,0,1.28,27.43,1
2001,11,25,-10.63,0.75,NA,0,2.23,0.875,93.71,0.875,NA,0,1.65,79.47,0.875
2001,11,26,-9.49,0.875,NA,0,1.58,0.625,170.8,0.625,NA,0,1.45,167.55,0.625
2001,11,27,-14.36,0.625,NA,0,2.33,1,237.62,1,NA,0,1.96,335.68,1
2001,11,28,-14.84,1,NA,0,5.08,1,326.5,1,NA,0,4.97,324.74,1
2001,11,29,-14.19,1,NA,0,3.54,1,141.12,1,NA,0,3.39,154.57,1
2001,11,30,-15.71,1,NA,0,3.54,1,238.75,1,NA,0,2.71,228.45,1
2001,12,1,-17.09,1,NA,0,3.85,1,139.12,1,NA,0,2.54,40.54,1
2001,12,2,-18.57,0.375,NA,0,2.22,1,147.88,1,NA,0,1.99,148.98,1
2001,12,3,-18.36,0.625,NA,0,2.03,0.75,110.67,0.75,NA,0,1.84,62.85,0.75
2001,12,4,-16.62,0.75,NA,0,2.79,1,90.88,1,NA,0,2.17,89.28,1
2001,12,5,-13.77,0.75,NA,0,3.78,1,105,1,NA,0,3.74,104.56,1
2001,12,6,-14.3,1,NA,0,3.81,1,78.5,1,NA,0,3.48,76.65,1
2001,12,7,-12.78,0.75,NA,0,2.48,1,89.12,1,NA,0,2.24,90.13,1
2001,12,8,-13.1,0.375,NA,0,1.98,0.75,148.5,0.75,NA,0,1.32,54.23,0.75
2001,12,9,NA,0.125,NA,0,1.71,0.875,184.86,0.875,NA,0,1.68,180.37,0.875
2001,12,10,-11.86,0.625,NA,0,2.35,1,234,1,NA,0,2.3,232.79,1
2001,12,11,-11.96,0.625,NA,0,2.71,1,225.25,1,NA,0,2.54,228.33,1
2001,12,12,-10.88,0.625,NA,0,7.53,1,98.88,1,NA,0,6.41,44.58,1
2001,12,13,-6.81,1,NA,0,9.93,1,41.75,1,NA,0,9.17,42.7,1
2001,12,14,-3.22,0.625,NA,0,3.21,0.875,91,1,NA,0,2.57,61.73,0.875
2001,12,15,-6.89,1,NA,0,4.5,1,178.25,1,NA,0,3.06,355.23,1
2001,12,16,-9.98,0.625,NA,0,3.38,1,70.5,1,NA,0,3.24,69.67,1
2001,12,17,-4.86,0.625,NA,0,1.1,0.375,106.33,0.375,NA,0,0.6,2.18,0.375
2001,12,18,-8.43,0.875,NA,0,2.81,1,40.12,1,NA,0,2.7,41.4,1
2001,12,19,-9.92,0.625,NA,0,1.99,1,118.88,1,NA,0,1.57,118.72,1
2001,12,20,-8.87,0.375,NA,0,1.84,1,190.38,1,NA,0,0.32,182.77,1
2001,12,21,-10.28,1,NA,0,4.3,0.75,220.57,0.875,NA,0,3.71,13.02,0.75
2001,12,22,-10.8,0.75,NA,0,3.12,0.75,138.71,0.875,NA,0,1.44,171.37,0.75
2001,12,23,-13.58,0.625,NA,0,2.95,1,97.5,1,NA,0,1.63,55.28,1
2001,12,24,-14.15,0.5,NA,0,2.66,1,131.25,1,NA,0,2.31,137.8,1
2001,12,25,-14.6,0.75,NA,0,4.86,1,64.75,1,NA,0,4.59,58.57,1
2001,12,26,-8.9,0.625,NA,0,3.01,1,147.38,1,NA,0,2.64,143.87,1
2001,12,27,-7.05,0.5,NA,0,1.95,1,130.25,1,NA,0,1.47,100.59,1
2001,12,28,-5.83,0.375,NA,0,1.65,1,235.75,1,NA,0,1.58,234.87,1
2001,12,29,NA,0.125,NA,0,1.6,1,189.12,1,NA,0,0.03,288.6,1
2001,12,30,-9.83,0.5,NA,0,2.45,1,66.38,1,NA,0,1.85,54.71,1
2001,12,31,-9.76,0.875,NA,0,5.47,1,40.62,1,NA,0,5.41,39.74,1
2002,1,1,-8.94,0.875,NA,0,4.02,1,83.62,1,NA,0,3.88,83.5,1
2002,1,2,-5.73,0.375,NA,0,1.91,1,98.62,1,NA,0,1.69,86.98,1
2002,1,3,-7.83,0.5,NA,0,2.62,1,176.5,1,NA,0,2.19,164.26,1
2002,1,4,-8.78,0.5,NA,0,2.06,0.875,253,0.875,NA,0,1.69,260.2,0.875
2002,1,5,-9.5,0.5,NA,0,2.92,1,322.75,1,NA,0,2.53,329.74,1
2002,1,6,-9.59,1,NA,0,4.91,1,137.75,1,NA,0,4.8,3.65,1
2002,1,7,-6.25,0.75,NA,0,4,1,101.38,1,NA,0,3.93,6.37,1
2002,1,8,-8.36,0.875,NA,0,3.35,1,264.5,1,NA,0,3.32,355.07,1
2002,1,9,-8.81,1,NA,0,4.06,1,177.88,1,NA,0,4.02,358.51,1
2002,1,10,-9.42,0.75,NA,0,2.74,0.875,279.71,0.875,NA,0,1.59,340.05,0.875
2002,1,11,-10.21,1,NA,0,5.36,1,174.75,1,NA,0,5.19,173.35,1
2002,1,12,NA,0.125,NA,0,0.82,0.75,270.33,0.75,NA,0,0.54,224.27,0.75
2002,1,13,-11.66,0.625,NA,0,2.51,0.875,88.86,0.875,NA,0,1.75,23.13,0.875
2002,1,14,-11.77,0.875,NA,0,5.53,1,40.25,1,NA,0,4.84,38.74,1
2002,1,15,-9.5,0.75,NA,0,3.12,1,117.88,1,NA,0,2.73,110.26,1
2002,1,16,-10.01,1,NA,0,4.76,1,188.75,1,NA,0,4.31,197.05,1
2002,1,17,-10.1,0.375,NA,0,2.65,1,149.38,1,NA,0,1.69,179.73,1
2002,1,18,-14.73,0.375,NA,0,1.94,1,118,1,NA,0,1.23,65.56,1
2002,1,19,-14.9,0.375,NA,0,1.23,0.75,234.5,0.75,NA,0,0.22,67.38,0.75
2002,1,20,-11.78,0.5,NA,0,1.75,1,139.88,1,NA,0,1.59,137.55,1
2002,1,21,-10.67,0.375,NA,0,2.04,1,185.62,1,NA,0,2.02,184.4,1
2002,1,22,-11.23,0.375,NA,0,1.53,0.875,204.86,0.875,NA,0,0.89,356.95,0.875
2002,1,23,-16.65,0.5,NA,0,2.92,1,20.12,1,NA,0,2.85,20.93,1
2002,1,24,-14.7,0.75,NA,0,5.85,1,42.5,1,NA,0,5.75,43.24,1
2002,1,25,-10.61,0.875,NA,0,3.86,1,65.5,1,NA,0,3.34,61.12,1
2002,1,26,-10.55,0.75,NA,0,3.24,0.625,95.75,1,NA,0,3.21,93.4,0.625
2002,1,27,-9.22,0.625,NA,0,2.9,1,50.5,1,NA,0,2.86,50.98,1
2002,1,28,-7.05,0.25,NA,0,2.59,0.875,111.14,0.875,NA,0,2.15,81.43,0.875
2002,1,29,-8.98,0.5,NA,0,1.59,0.875,267.71,0.875,NA,0,1.5,264.71,0.875
2002,1,30,NA,0,NA,0,1.31,1,175.5,1,NA,0,1.26,169.4,1
2002,1,31,NA,0.125,NA,0,1.47,0.75,130.17,0.75,NA,0,1.12,15.05,0.75
2002,2,1,-14.8,0.5,NA,0,1.96,1,110.88,1,NA,0,1.78,19.74,1
2002,2,2,-8.99,1,NA,0,2.91,1,119.5,1,NA,0,2.5,115.3,1
2002,2,3,-17.1,0.375,NA,0,2.48,0.75,30.57,0.875,NA,0,2.46,27.86,0.75
2002,2,4,-11.63,0.375,NA,0,2.15,1,201.25,1,NA,0,2.04,182.38,1
2002,2,5,-9.3,0.75,NA,0,3.09,1,133.5,1,NA,0,2.74,123.92,1
2002,2,6,-13.5,0.875,NA,0,4.82,1,66.62,1,NA,0,4.13,59.76,1
2002,2,7,-14.42,0.75,NA,0,4.24,1,66.88,1,NA,0,4.08,26.07,1
2002,2,8,-9.3,0.25,NA,0,1.09,0.875,128.29,0.875,NA,0,0.67,5.64,0.875
2002,2,9,-9.23,0.875,NA,0,3.52,1,252.62,1,NA,0,3.4,256.08,1
2002,2,10,-10.3,0.625,NA,0,2.5,0.875,271.29,0.875,NA,0,2.42,272.53,0.875
2002,2,11,-13.82,0.625,NA,0,3.28,1,107.75,1,NA,0,2.47,106.13,1
2002,2,12,-20.99,1,NA,0,4.68,1,208.12,1,NA,0,1.09,249.68,1
2002,2,13,-22.74,1,NA,0,6.72,1,51.38,1,NA,0,6.56,7.12,1
2002,2,14,-20.86,1,NA,0,4.51,1,263.75,1,NA,0,4.15,263.12,1
2002,2,15,-21.74,0.875,NA,0,5.09,0.875,187,1,NA,0,4.26,214.27,0.875
2002,2,16,-24.52,0.625,NA,0,2.33,0.875,189.38,1,NA,0,0.18,304.39,0.875
2002,2,17,-19.66,0.625,NA,0,5.51,1,129,1,NA,0,5.01,115.75,1
2002,2,18,-14.73,0.75,NA,0,3.79,1,87.12,1,NA,0,3.46,96.18,1
2002,2,19,-14.9,0.25,NA,0,1.41,1,188.12,1,NA,0,0.61,314.95,1
2002,2,20,-18.22,0.75,NA,0,2.91,1,182.12,1,NA,0,2.58,182.74,1
2002,2,21,-18.27,0.75,NA,0,3.45,1,180.38,1,NA,0,0.85,325.1,1
2002,2,22,-18.63,0.5,NA,0,3.78,1,83.12,1,NA,0,3.5,38.32,1
2002,2,23,-17.8,0.875,NA,0,4.04,1,98.62,1,NA,0,3.74,93.7,1
2002,2,24,-17.86,1,NA,0,3.36,1,74.25,1,NA,0,2.85,65.38,1
2002,2,25,-19.36,0.875,NA,0,8.2,0.875,36.75,1,NA,0,8.05,37.34,0.875
2002,2,26,-17.94,0.875,NA,0,6.49,0.875,43.62,1,NA,0,6.29,45.2,0.875
2002,2,27,-13.55,0.25,NA,0,1.64,1,236.5,1,NA,0,1.2,218.96,1
2002,2,28,-20.01,0.875,NA,0,2.7,1,206.25,1,NA,0,2.57,205.8,1
2002,3,1,-25.6,0.625,NA,0,4.72,1,99.62,1,NA,0,3.82,32.05,1
2002,3,2,-17.47,1,NA,0,4.77,1,42.88,1,NA,0,4.74,44.62,1
2002,3,3,-20.08,0.75,NA,0,5.64,1,77.38,1,NA,0,4.88,30.26,1
2002,3,4,-24.16,1,NA,0,3.15,1,76.25,1,NA,0,2.55,18.33,1
2002,3,5,-24.93,0.875,NA,0,7.42,0.75,232.25,1,NA,0,5.6,221.4,0.75
2002,3,6,-22.77,0.875,NA,0,3.96,1,121.75,1,NA,0,3.51,91.71,1
2002,3,7,-23.93,1,NA,0,4.71,1,159.75,1,NA,0,3.92,144.33,1
2002,3,8,-25.26,0.875,NA,0,2.93,0.875,223.43,0.875,NA,0,2.86,225.33,0.875
2002,3,9,-14.58,0.75,NA,0,4.47,0.875,82.12,1,NA,0,4.39,79.96,0.875
2002,3,10,-14.79,0.875,NA,0,7.88,0.75,53.25,1,NA,0,7.18,55.28,0.75
2002,3,11,-18.54,1,NA,0,8.62,0.5,46,0.875,NA,0,6.88,31.36,0.5
2002,3,12,-19.47,0.875,NA,0,NA,0.125,328,0.25,NA,0,NA,NA,0.125
2002,3,13,-20.3,1,NA,0,3.07,0.875,33.5,1,NA,0,2.85,25.7,0.875
2002,3,14,-19.42,0.625,NA,0,2.2,0.375,213,0.375,NA,0,0.84,343.48,0.375
2002,3,15,-23.24,0.625,NA,0,2.48,1,76.38,1,NA,0,1.94,52.4,1
2002,3,16,-25.86,0.625,NA,0,1,0.625,246.2,0.625,NA,0,0.68,264.98,0.625
2002,3,17,-25.23,1,NA,0,1.68,1,119.38,1,NA,0,1.42,1.1,1
2002,3,18,-25.33,0.5,NA,0,2.1,0.875,50.71,0.875,NA,0,1.74,72.39,0.875
2002,3,19,-16.13,0.875,NA,0,4.51,1,70.75,1,NA,0,4.39,76.44,1
2002,3,20,-9.05,1,NA,0,3.86,1,109.38,1,NA,0,2.67,22.73,1
2002,3,21,-8.58,1,NA,0,4.6,0.875,102.38,1,NA,0,4.42,8.49,0.875
2002,3,22,-6.85,1,NA,0,5,1,54.75,1,NA,0,4.51,47.54,1
2002,3,23,-12.59,0.875,NA,0,5.92,0.625,271.29,0.875,NA,0,4.71,315.57,0.625
2002,3,24,-14.79,1,NA,0,5.29,1,291.75,1,NA,0,4.23,289.52,1
2002,3,25,-15.98,1,NA,0,3.59,1,110.88,1,NA,0,3.12,72.47,1
2002,3,26,-18.4,1,NA,0,4.1,1,101.5,1,NA,0,3.17,59.57,1
2002,3,27,-19.07,0.75,NA,0,5.55,1,258.5,1,NA,0,4.15,301.74,1
2002,3,28,-24.1,0.875,NA,0,2.31,0.875,150.12,1,NA,0,1.9,127.3,0.875
2002,3,29,-20.01,1,NA,0,3.04,0.875,60.75,1,NA,0,2.5,51.68,0.875
2002,3,30,-16.34,0.875,NA,0,2.98,1,64.38,1,NA,0,2.45,64.49,1
2002,3,31,-9.18,1,NA,0,2.17,0.875,22.29,0.875,NA,0,2.17,21.8,0.875
2002,4,1,-13.01,1,NA,0,NA,0,NA,0,NA,0,NA,NA,0
2002,4,2,-19.08,0.75,NA,0,3.23,0.75,135.33,0.75,NA,0,3.04,19.46,0.75
2002,4,3,-21.7,0.875,NA,0,1.57,0.875,18.86,0.875,NA,0,1.55,23.6,0.875
2002,4,4,-23.18,1,NA,0,1.36,1,44,1,NA,0,1.33,45.15,1
2002,4,5,-24.4,1,NA,0,0.6,0.375,51,0.375,NA,0,0.59,53.06,0.375
2002,4,6,-30.6,0.875,NA,0,NA,0,NA,0,NA,0,NA,NA,0
2002,4,7,-30.16,1,NA,0,NA,0,NA,0,NA,0,NA,NA,0
2002,4,8,-32.28,1,NA,0,NA,0,NA,0,NA,0,NA,NA,0
2002,4,9,-27.22,0.75,NA,0,NA,0,NA,0,NA,0,NA,NA,0
2002,4,10,-34.1,1,NA,0,NA,0,NA,0,NA,0,NA,NA,0
2002,4,11,-24.7,0.625,NA,0,NA,0,NA,0,NA,0,NA,NA,0
2002,4,12,-24.99,0.875,NA,0,NA,0,NA,0,NA,0,NA,NA,0
2002,4,13,-28.7,0.625,NA,0,NA,0,NA,0,NA,0,NA,NA,0
2002,4,14,-34.6,0.875,NA,0,NA,0,NA,0,NA,0,NA,NA,0
2002,4,15,-34.16,0.875,NA,0,NA,0,NA,0,NA,0,NA,NA,0
2002,4,16,-33.23,1,NA,0,NA,0.125,NA,0.125,NA,0,NA,NA,0.125
2002,4,17,-31.03,0.75,NA,0,NA,0,NA,0,NA,0,NA,NA,0
2002,4,18,-26.32,0.625,NA,0,NA,0,NA,0,NA,0,NA,NA,0
2002,4,19,-31.54,1,NA,0,NA,0,NA,0,NA,0,NA,NA,0
2002,4,20,-22.96,0.625,NA,0,NA,0,NA,0,NA,0,NA,NA,0
2002,4,21,-27.47,0.75,NA,0,NA,0,NA,0,NA,0,NA,NA,0
2002,4,22,-26.4,0.875,NA,0,NA,0,NA,0,NA,0,NA,NA,0
2002,4,23,-29.61,0.875,NA,0,NA,0,NA,0,NA,0,NA,NA,0
2002,4,24,-28.15,0.75,NA,0,NA,0,NA,0,NA,0,NA,NA,0
2002,4,25,-26.4,0.25,NA,0,NA,0,NA,0,NA,0,NA,NA,0
2002,4,26,-28,0.875,NA,0,NA,0,NA,0,NA,0,NA,NA,0
2002,4,27,-22.77,0.875,NA,0,12.82,0.5,95.25,0.5,NA,0,12.77,94.73,0.5
2002,4,28,-24.55,1,NA,0,10.64,0.875,103.75,1,NA,0,10.56,102.88,0.875
2002,4,29,-24.51,0.875,NA,0,7.5,0.75,95.88,1,NA,0,6.91,100.45,0.75
2002,4,30,-24.66,1,NA,0,8.8,0.25,76,0.5,NA,0,8.8,77.18,0.25
2002,5,1,-26.68,0.75,NA,0,NA,0,NA,0,NA,0,NA,NA,0
2002,5,2,-27.93,0.875,NA,0,NA,0,NA,0,NA,0,NA,NA,0
2002,5,3,-20.52,0.75,NA,0,NA,0,NA,0,NA,0,NA,NA,0
2002,5,4,-15.57,0.875,NA,0,4.88,0.75,60.67,0.75,NA,0,4.59,59.12,0.75
2002,5,5,-19.47,0.875,NA,0,6.06,0.625,131.33,0.75,NA,0,5.87,12.3,0.625
2002,5,6,-9.28,0.625,NA,0,NA,0,NA,0,NA,0,NA,NA,0
2002,5,7,-13.47,0.875,NA,0,NA,0,NA,0,NA,0,NA,NA,0
2002,5,8,-14.81,0.875,NA,0,NA,0,NA,0,NA,0,NA,NA,0
2002,5,9,-13.2,0.875,NA,0,NA,0,NA,0,NA,0,NA,NA,0
2002,5,10,-10.79,1,NA,0,NA,0,NA,0,NA,0,NA,NA,0
2002,5,11,-16.56,1,NA,0,NA,0,NA,0,NA,0,NA,NA,0
2002,5,12,-19.04,1,NA,0,NA,0,NA,0,NA,0,NA,NA,0
2002,5,13,-21.29,0.875,NA,0,NA,0,NA,0,NA,0,NA,NA,0
2002,5,14,-9.09,0.875,NA,0,NA,0,NA,0,NA,0,NA,NA,0
2002,5,15,-8.24,0.875,NA,0,NA,0,NA,0,NA,0,NA,NA,0
2002,5,16,-17.72,1,NA,0,NA,0,NA,0,NA,0,NA,NA,0
2002,5,17,-24.2,0.625,NA,0,NA,0,NA,0,NA,0,NA,NA,0
2002,5,18,-22.79,1,NA,0,NA,0,NA,0,NA,0,NA,NA,0
2002,5,19,-22.1,1,NA,0,NA,0,NA,0,NA,0,NA,NA,0
2002,5,20,-25.23,0.75,NA,0,NA,0,NA,0,NA,0,NA,NA,0
2002,5,21,-19.34,0.625,NA,0,NA,0,NA,0,NA,0,NA,NA,0
2002,5,22,-29.3,1,NA,0,NA,0,NA,0,NA,0,NA,NA,0
2002,5,23,-29.19,1,NA,0,NA,0,NA,0,NA,0,NA,NA,0
2002,5,24,-27.31,0.875,NA,0,NA,0,NA,0,NA,0,NA,NA,0
2002,5,25,-38.35,0.5,NA,0,NA,0,NA,0,NA,0,NA,NA,0
2002,5,26,-33.23,0.875,NA,0,NA,0,NA,0,NA,0,NA,NA,0
2002,5,27,-34.3,1,NA,0,NA,0,NA,0,NA,0,NA,NA,0
2002,5,28,-24.45,0.75,NA,0,NA,0,NA,0,NA,0,NA,NA,0
2002,5,29,-25.4,0.75,NA,0,NA,0,NA,0,NA,0,NA,NA,0
2002,5,30,-25.35,0.75,NA,0,NA,0,NA,0,NA,0,NA,NA,0
2002,5,31,-31.03,0.875,NA,0,NA,0,NA,0,NA,0,NA,NA,0
2002,6,1,-31.55,1,NA,0,NA,0,NA,0,NA,0,NA,NA,0
2002,6,2,-31.95,1,NA,0,NA,0,NA,0,NA,0,NA,NA,0
2002,6,3,-25.51,0.875,NA,0,NA,0,NA,0,NA,0,NA,NA,0
2002,6,4,-25.53,0.375,NA,0,NA,0,NA,0,NA,0,NA,NA,0
2002,6,5,-13.82,0.75,NA,0,NA,0,NA,0,NA,0,NA,NA,0
2002,6,6,-32.94,0.625,NA,0,NA,0,NA,0,NA,0,NA,NA,0
2002,6,7,-31.15,0.75,NA,0,NA,0,NA,0,NA,0,NA,NA,0
2002,6,8,-35.84,0.875,NA,0,NA,0,NA,0,NA,0,NA,NA,0
2002,6,9,-40.13,0.875,NA,0,NA,0,NA,0,NA,0,NA,NA,0
2002,6,10,-49.43,0.875,NA,0,NA,0,NA,0,NA,0,NA,NA,0
2002,6,11,-48.18,1,NA,0,NA,0,NA,0,NA,0,NA,NA,0
2002,6,12,-39.98,0.625,NA,0,NA,0,NA,0,NA,0,NA,NA,0
2002,6,13,-42.51,1,NA,0,NA,0,NA,0,NA,0,NA,NA,0
2002,6,14,-38.66,1,NA,0,NA,0,NA,0,NA,0,NA,NA,0
2002,6,15,-31.65,1,NA,0,NA,0,NA,0,NA,0,NA,NA,0
2002,6,16,-26.38,0.5,NA,0,NA,0,NA,0,NA,0,NA,NA,0
2002,6,17,-9.9,0.625,NA,0,NA,0,NA,0,NA,0,NA,NA,0
2002,6,18,-13.79,0.875,NA,0,NA,0,NA,0,NA,0,NA,NA,0
2002,6,19,-17.53,0.5,NA,0,NA,0,NA,0,NA,0,NA,NA,0
2002,6,20,-21.66,0.625,NA,0,NA,0,NA,0,NA,0,NA,NA,0
2002,6,21,-14,1,NA,0,NA,0,NA,0,NA,0,NA,NA,0
2002,6,22,-20.53,0.875,NA,0,NA,0,NA,0,NA,0,NA,NA,0
2002,6,23,-24.6,0.875,NA,0,NA,0,NA,0,NA,0,NA,NA,0
2002,6,24,-28.3,0.75,NA,0,NA,0,NA,0,NA,0,NA,NA,0
2002,6,25,-30.5,0.875,NA,0,NA,0,NA,0,NA,0,NA,NA,0
2002,6,26,-26.29,0.875,NA,0,NA,0,NA,0,NA,0,NA,NA,0
2002,6,27,-28.49,0.875,NA,0,NA,0,NA,0,NA,0,NA,NA,0
2002,6,28,-32.4,1,NA,0,NA,0,NA,0,NA,0,NA,NA,0
2002,6,29,-36.27,0.875,NA,0,NA,0,NA,0,NA,0,NA,NA,0
2002,6,30,-39.49,1,NA,0,NA,0,NA,0,NA,0,NA,NA,0
2002,7,1,-32.65,0.75,NA,0,NA,0,NA,0,NA,0,NA,NA,0
2002,7,2,-34.27,0.375,NA,0,NA,0,NA,0,NA,0,NA,NA,0
2002,7,3,-42.61,1,NA,0,NA,0,NA,0,NA,0,NA,NA,0
2002,7,4,-30.8,0.375,NA,0,NA,0,NA,0,NA,0,NA,NA,0
2002,7,5,-33.66,0.625,NA,0,NA,0,NA,0,NA,0,NA,NA,0
2002,7,6,-27.9,0.875,NA,0,NA,0,NA,0,NA,0,NA,NA,0
2002,7,7,-31.29,1,NA,0,NA,0,NA,0,NA,0,NA,NA,0
2002,7,8,-34.93,1,NA,0,NA,0,NA,0,NA,0,NA,NA,0
2002,7,9,-40.54,1,NA,0,NA,0,NA,0,NA,0,NA,NA,0
2002,7,10,-49.45,1,NA,0,NA,0,NA,0,NA,0,NA,NA,0
2002,7,11,-49.6,0.75,NA,0,NA,0,NA,0,NA,0,NA,NA,0
2002,7,12,-42.08,0.5,NA,0,NA,0,NA,0,NA,0,NA,NA,0
2002,7,13,-42.53,0.75,NA,0,NA,0,NA,0,NA,0,NA,NA,0
2002,7,14,-30.94,1,NA,0,NA,0,NA,0,NA,0,NA,NA,0
2002,7,15,-35.81,1,NA,0,NA,0,NA,0,NA,0,NA,NA,0
2002,7,16,-38.28,0.75,NA,0,NA,0,NA,0,NA,0,NA,NA,0
2002,7,17,-42.89,0.875,NA,0,NA,0,NA,0,NA,0,NA,NA,0
2002,7,18,-29.9,0.875,NA,0,NA,0,NA,0,NA,0,NA,NA,0
2002,7,19,-25.72,0.75,NA,0,NA,0,NA,0,NA,0,NA,NA,0
2002,7,20,-29.1,0.875,NA,0,NA,0,NA,0,NA,0,NA,NA,0
2002,7,21,-30.81,0.875,NA,0,NA,0,NA,0,NA,0,NA,NA,0
2002,7,22,-39.4,0.75,NA,0,NA,0,NA,0,NA,0,NA,NA,0
2002,7,23,-36.09,0.875,NA,0,NA,0,NA,0,NA,0,NA,NA,0
2002,7,24,-33.79,1,NA,0,NA,0,NA,0,NA,0,NA,NA,0
2002,7,25,-33.66,1,NA,0,NA,0,NA,0,NA,0,NA,NA,0
2002,7,26,-32.13,0.875,NA,0,NA,0,NA,0,NA,0,NA,NA,0
2002,7,27,-29.44,1,NA,0,NA,0,NA,0,NA,0,NA,NA,0
2002,7,28,-32.17,0.875,NA,0,NA,0,NA,0,NA,0,NA,NA,0
2002,7,29,-40.7,0.375,NA,0,NA,0,NA,0,NA,0,NA,NA,0
2002,7,30,-35.7,0.625,NA,0,NA,0,NA,0,NA,0,NA,NA,0
2002,7,31,-29.58,0.5,NA,0,NA,0,NA,0,NA,0,NA,NA,0
2002,8,1,-34.97,0.875,NA,0,NA,0,NA,0,NA,0,NA,NA,0
2002,8,2,-37.9,1,NA,0,NA,0,NA,0,NA,0,NA,NA,0
2002,8,3,-40.44,1,NA,0,NA,0,NA,0,NA,0,NA,NA,0
2002,8,4,-43.8,1,NA,0,NA,0,NA,0,NA,0,NA,NA,0
2002,8,5,-43.28,1,NA,0,NA,0,NA,0,NA,0,NA,NA,0
2002,8,6,-45.38,0.75,NA,0,NA,0,NA,0,NA,0,NA,NA,0
2002,8,7,-36,0.875,NA,0,NA,0,NA,0,NA,0,NA,NA,0
2002,8,8,-38.34,0.875,NA,0,NA,0,NA,0,NA,0,NA,NA,0
2002,8,9,-39.7,0.75,NA,0,NA,0,NA,0,NA,0,NA,NA,0
2002,8,10,-43.87,0.75,NA,0,NA,0,NA,0,NA,0,NA,NA,0
2002,8,11,-34.86,0.625,NA,0,NA,0,NA,0,NA,0,NA,NA,0
2002,8,12,-39.64,0.875,NA,0,NA,0,NA,0,NA,0,NA,NA,0
2002,8,13,-35.58,0.5,NA,0,NA,0,NA,0,NA,0,NA,NA,0
2002,8,14,-42.95,1,NA,0,NA,0,NA,0,NA,0,NA,NA,0
2002,8,15,-35.68,1,NA,0,NA,0,NA,0,NA,0,NA,NA,0
2002,8,16,-31.72,0.625,NA,0,NA,0,NA,0,NA,0,NA,NA,0
2002,8,17,-36.78,0.5,NA,0,NA,0,NA,0,NA,0,NA,NA,0
2002,8,18,-36.7,0.625,NA,0,NA,0,NA,0,NA,0,NA,NA,0
2002,8,19,-29.2,0.75,NA,0,NA,0,NA,0,NA,0,NA,NA,0
2002,8,20,-26.58,0.625,NA,0,NA,0,NA,0,NA,0,NA,NA,0
2002,8,21,-20.38,0.625,NA,0,NA,0,NA,0,NA,0,NA,NA,0
2002,8,22,-14.03,0.875,NA,0,NA,0,NA,0,NA,0,NA,NA,0
2002,8,23,-30.25,0.75,NA,0,NA,0,NA,0,NA,0,NA,NA,0
2002,8,24,-31.55,1,NA,0,NA,0,NA,0,NA,0,NA,NA,0
2002,8,25,-34.13,0.875,NA,0,NA,0,NA,0,NA,0,NA,NA,0
2002,8,26,-36.5,0.875,NA,0,NA,0,NA,0,NA,0,NA,NA,0
2002,8,27,-35.83,0.875,NA,0,NA,0,NA,0,NA,0,NA,NA,0
2002,8,28,-46.72,0.75,NA,0,NA,0,NA,0,NA,0,NA,NA,0
2002,8,29,-47.17,0.875,NA,0,NA,0,NA,0,NA,0,NA,NA,0
2002,8,30,-28.45,0.5,NA,0,NA,0,NA,0,NA,0,NA,NA,0
2002,8,31,-25.11,0.875,NA,0,NA,0,NA,0,NA,0,NA,NA,0
2002,9,1,-30.32,0.75,NA,0,NA,0,NA,0,NA,0,NA,NA,0
2002,9,2,-32.75,1,NA,0,NA,0,NA,0,NA,0,NA,NA,0
2002,9,3,-29.94,0.875,NA,0,NA,0,NA,0,NA,0,NA,NA,0
2002,9,4,-20.76,0.875,NA,0,NA,0,NA,0,NA,0,NA,NA,0
2002,9,5,-16.17,0.875,NA,0,NA,0,NA,0,NA,0,NA,NA,0
2002,9,6,-14.55,1,NA,0,NA,0,NA,0,NA,0,NA,NA,0
2002,9,7,-20.21,1,NA,0,NA,0,NA,0,NA,0,NA,NA,0
2002,9,8,-24.28,1,NA,0,NA,0,NA,0,NA,0,NA,NA,0
2002,9,9,-22.89,1,NA,0,NA,0,NA,0,NA,0,NA,NA,0
2002,9,10,-18.4,0.875,NA,0,NA,0,NA,0,NA,0,NA,NA,0
2002,9,11,-20.67,0.875,NA,0,NA,0,NA,0,NA,0,NA,NA,0
2002,9,12,-22.16,0.875,NA,0,NA,0,NA,0,NA,0,NA,NA,0
2002,9,13,-23.67,0.875,NA,0,NA,0,NA,0,NA,0,NA,NA,0
2002,9,14,-25.77,0.875,NA,0,NA,0,NA,0,NA,0,NA,NA,0
2002,9,15,-29.3,0.625,NA,0,NA,0,NA,0,NA,0,NA,NA,0
2002,9,16,-14.85,1,NA,0,NA,0,NA,0,NA,0,NA,NA,0
2002,9,17,-18.15,1,NA,0,NA,0,NA,0,NA,0,NA,NA,0
2002,9,18,-26.02,0.625,NA,0,NA,0,NA,0,NA,0,NA,NA,0
2002,9,19,-26.03,0.75,NA,0,NA,0,NA,0,NA,0,NA,NA,0
2002,9,20,-29.23,0.75,NA,0,NA,0,NA,0,NA,0,NA,NA,0
2002,9,21,-29.55,1,NA,0,NA,0,NA,0,NA,0,NA,NA,0
2002,9,22,-30.93,1,NA,0,NA,0,NA,0,NA,0,NA,NA,0
2002,9,23,-25.67,0.75,NA,0,NA,0,NA,0,NA,0,NA,NA,0
2002,9,24,-14.13,0.5,NA,0,NA,0,NA,0,NA,0,NA,NA,0
2002,9,25,-21.5,0.375,NA,0,NA,0,NA,0,NA,0,NA,NA,0
2002,9,26,-15.14,0.625,NA,0,NA,0,NA,0,NA,0,NA,NA,0
2002,9,27,-11.19,0.875,NA,0,NA,0,NA,0,NA,0,NA,NA,0
2002,9,28,-13.5,0.875,NA,0,NA,0,NA,0,NA,0,NA,NA,0
2002,9,29,-19.34,1,NA,0,NA,0,NA,0,NA,0,NA,NA,0
2002,9,30,-18.95,0.75,NA,0,NA,0,NA,0,NA,0,NA,NA,0
2002,10,1,-20.4,0.75,NA,0,NA,0,NA,0,NA,0,NA,NA,0
2002,10,2,-22,0.875,NA,0,NA,0,NA,0,NA,0,NA,NA,0
2002,10,3,-24.3,0.625,NA,0,NA,0,NA,0,NA,0,NA,NA,0
2002,10,4,-19.74,0.625,NA,0,NA,0,NA,0,NA,0,NA,NA,0
2002,10,5,-30.06,1,NA,0,NA,0,NA,0,NA,0,NA,NA,0
2002,10,6,-31,0.5,NA,0,NA,0,NA,0,NA,0,NA,NA,0
2002,10,7,-26.76,0.875,NA,0,NA,0,NA,0,NA,0,NA,NA,0
2002,10,8,-22.5,0.875,NA,0,NA,0,NA,0,NA,0,NA,NA,0
2002,10,9,-15.93,0.75,NA,0,NA,0,NA,0,NA,0,NA,NA,0
2002,10,10,-14.53,0.5,NA,0,NA,0,NA,0,NA,0,NA,NA,0
2002,10,11,-24.33,0.375,NA,0,NA,0,NA,0,NA,0,NA,NA,0
2002,10,12,-21.3,1,NA,0,NA,0,NA,0,NA,0,NA,NA,0
2002,10,13,-17.5,0.25,NA,0,NA,0,NA,0,NA,0,NA,NA,0
2002,10,14,-10.95,0.5,NA,0,NA,0,NA,0,NA,0,NA,NA,0
2002,10,15,-17.1,0.375,NA,0,NA,0,NA,0,NA,0,NA,NA,0
2002,10,16,-18.82,0.625,NA,0,NA,0,NA,0,NA,0,NA,NA,0
2002,10,17,-16.73,0.875,NA,0,NA,0,NA,0,NA,0,NA,NA,0
2002,10,18,-15.49,0.875,NA,0,NA,0,NA,0,NA,0,NA,NA,0
2002,10,19,-13.45,1,NA,0,NA,0,NA,0,NA,0,NA,NA,0
2002,10,20,-13.1,1,NA,0,NA,0,NA,0,NA,0,NA,NA,0
2002,10,21,-16.08,1,NA,0,NA,0,NA,0,NA,0,NA,NA,0
2002,10,22,-9.33,0.375,NA,0,NA,0,NA,0,NA,0,NA,NA,0
2002,10,23,-19.08,0.625,NA,0,NA,0,NA,0,NA,0,NA,NA,0
2002,10,24,-20.87,0.75,NA,0,NA,0,NA,0,NA,0,NA,NA,0
2002,10,25,-23.63,0.375,NA,0,NA,0,NA,0,NA,0,NA,NA,0
2002,10,26,-24.1,0.375,NA,0,NA,0,NA,0,NA,0,NA,NA,0
2002,10,27,-30.16,1,NA,0,NA,0,NA,0,NA,0,NA,NA,0
2002,10,28,NA,0.125,NA,0,NA,0,NA,0,NA,0,NA,NA,0
2002,10,29,-25.58,0.625,NA,0,NA,0,NA,0,NA,0,NA,NA,0
2002,10,30,-20.4,0.625,NA,0,NA,0,NA,0,NA,0,NA,NA,0
2002,10,31,-16.8,0.375,NA,0,NA,0,NA,0,NA,0,NA,NA,0
2002,11,1,-9.38,1,NA,0,NA,0,NA,0,NA,0,NA,NA,0
2002,11,2,-9.24,0.875,NA,0,NA,0,NA,0,NA,0,NA,NA,0
2002,11,3,-12.43,0.75,NA,0,NA,0,NA,0,NA,0,NA,NA,0
2002,11,4,-13.94,0.875,NA,0,NA,0,NA,0,NA,0,NA,NA,0
2002,11,5,-14.91,0.875,NA,0,NA,0,NA,0,NA,0,NA,NA,0
2002,11,6,-14.8,1,NA,0,NA,0,NA,0,NA,0,NA,NA,0
2002,11,7,-13.76,0.625,NA,0,NA,0,NA,0,NA,0,NA,NA,0
2002,11,8,-12.5,0.875,NA,0,NA,0,NA,0,NA,0,NA,NA,0
2002,11,9,-18.97,0.375,NA,0,NA,0,NA,0,NA,0,NA,NA,0
2002,11,10,-17.21,1,NA,0,NA,0,NA,0,NA,0,NA,NA,0
2002,11,11,-16.64,1,NA,0,NA,0,NA,0,NA,0,NA,NA,0
2002,11,12,-17.03,0.375,NA,0,NA,0,NA,0,NA,0,NA,NA,0
2002,11,13,-13.86,0.625,NA,0,NA,0,NA,0,NA,0,NA,NA,0
2002,11,14,-10.6,0.75,NA,0,NA,0,NA,0,NA,0,NA,NA,0
2002,11,15,-12.36,0.875,NA,0,NA,0,NA,0,NA,0,NA,NA,0
2002,11,16,-6.39,1,NA,0,NA,0,NA,0,NA,0,NA,NA,0
2002,11,17,-8.29,1,NA,0,NA,0,NA,0,NA,0,NA,NA,0
2002,11,18,-14.86,0.875,NA,0,NA,0,NA,0,NA,0,NA,NA,0
2002,11,19,-14.06,1,NA,0,NA,0,NA,0,NA,0,NA,NA,0
2002,11,20,-13.2,0.75,NA,0,NA,0,NA,0,NA,0,NA,NA,0
2002,11,21,-11.82,0.625,NA,0,NA,0,NA,0,NA,0,NA,NA,0
2002,11,22,-11.5,0.375,NA,0,NA,0,NA,0,NA,0,NA,NA,0
2002,11,23,-15.97,0.75,NA,0,NA,0,NA,0,NA,0,NA,NA,0
2002,11,24,-13.67,0.875,NA,0,NA,0,NA,0,NA,0,NA,NA,0
2002,11,25,-11.85,1,NA,0,NA,0,NA,0,NA,0,NA,NA,0
2002,11,26,-10.98,0.75,NA,0,NA,0,NA,0,NA,0,NA,NA,0
2002,11,27,-15.03,0.5,NA,0,NA,0,NA,0,NA,0,NA,NA,0
2002,11,28,-17.85,0.75,NA,0,NA,0,NA,0,NA,0,NA,NA,0
2002,11,29,-17.8,0.875,NA,0,NA,0,NA,0,NA,0,NA,NA,0
2002,11,30,-14.41,1,NA,0,NA,0,NA,0,NA,0,NA,NA,0
2002,12,1,-15.57,0.75,NA,0,NA,0,NA,0,NA,0,NA,NA,0
2002,12,2,-11.56,0.875,NA,0,NA,0,NA,0,NA,0,NA,NA,0
2002,12,3,-8.52,0.625,NA,0,NA,0,NA,0,NA,0,NA,NA,0
2002,12,4,-7.83,0.375,NA,0,NA,0,NA,0,NA,0,NA,NA,0
2002,12,5,-8.58,0.625,NA,0,NA,0,NA,0,NA,0,NA,NA,0
2002,12,6,NA,0.125,NA,0,NA,0,NA,0,NA,0,NA,NA,0
2002,12,7,-8.73,0.75,NA,0,NA,0,NA,0,NA,0,NA,NA,0
2002,12,8,-12.42,0.625,NA,0,NA,0,NA,0,NA,0,NA,NA,0
2002,12,9,-13.51,0.875,NA,0,NA,0,NA,0,NA,0,NA,NA,0
2002,12,10,-14.61,0.875,NA,0,NA,0,NA,0,NA,0,NA,NA,0
2002,12,11,-9.75,0.5,NA,0,NA,0,NA,0,NA,0,NA,NA,0
2002,12,12,-8.33,0.5,NA,0,NA,0,NA,0,NA,0,NA,NA,0
2002,12,13,-15.6,1,NA,0,5.04,1,265.88,1,NA,0,4.81,264.74,1
2002,12,14,NA,0.125,NA,0,0.94,0.875,254.29,0.875,NA,0,0.9,258.64,0.875
2002,12,15,-18.25,0.25,NA,0,1.56,0.875,266.57,0.875,NA,0,1.33,323.61,0.875
2002,12,16,-16.44,0.625,NA,0,1.42,0.625,105.2,0.625,NA,0,1.29,21.81,0.625
2002,12,17,-15.33,0.375,NA,0,2.14,1,122.12,1,NA,0,2.04,122.02,1
2002,12,18,-5.1,0.25,NA,0,1.7,0.875,66,0.875,NA,0,1.68,61.29,0.875
2002,12,19,-5.85,0.5,NA,0,0.55,0.25,88.5,0.25,NA,0,0.54,84.15,0.25
2002,12,20,-6.43,0.5,NA,0,2.42,1,244,1,NA,0,2.2,269.61,1
2002,12,21,-5.02,0.625,NA,0,2.03,0.875,92.71,0.875,NA,0,1.92,94.37,0.875
2002,12,22,-6.93,0.5,NA,0,1.8,0.875,93.71,0.875,NA,0,1.45,35.03,0.875
2002,12,23,-3.73,0.375,NA,0,1.64,0.875,78.43,0.875,NA,0,1.62,79.11,0.875
2002,12,24,NA,0.125,NA,0,1.14,1,86,1,NA,0,0.89,66.03,1
2002,12,25,NA,0.125,NA,0,1.32,1,94.62,1,NA,0,1.22,52.38,1
2002,12,26,NA,0.125,NA,0,0.9,1,178.75,1,NA,0,0.59,211.12,1
2002,12,27,-1.35,0.25,NA,0,0.57,0.75,220.17,0.75,NA,0,0.33,195.87,0.75
2002,12,28,-6.1,0.25,NA,0,1.52,1,220.25,1,NA,0,1.3,199.21,1
2002,12,29,-8.87,0.375,NA,0,1.81,0.875,100.71,0.875,NA,0,1.67,60.94,0.875
2002,12,30,-9.04,1,NA,0,3.9,1,192.88,1,NA,0,3.52,10.94,1
2002,12,31,-10.6,0.75,NA,0,4.44,1,162.12,1,NA,0,3.1,182.54,1
2003,1,1,-9.12,0.625,NA,0,2.77,0.875,143.71,0.875,NA,0,0.22,203.7,0.875
2003,1,2,-8.5,0.5,NA,0,2.24,0.875,226.71,0.875,NA,0,2.05,208.77,0.875
2003,1,3,-8.68,0.625,NA,0,2.33,0.75,121,0.75,NA,0,1.78,21.8,0.75
2003,1,4,-7.95,0.5,NA,0,1.96,1,115.5,1,NA,0,1.4,126.01,1
2003,1,5,-6.52,0.75,NA,0,2.59,1,164.5,1,NA,0,2.51,162.36,1
2003,1,6,-3.86,0.625,NA,0,2.46,0.875,132.14,0.875,NA,0,2.07,120.92,0.875
2003,1,7,-8.32,0.75,NA,0,5.05,1,62.25,1,NA,0,3.74,50.55,1
2003,1,8,NA,0.125,NA,0,1.4,1,100.62,1,NA,0,0.93,83.23,1
2003,1,9,-4.47,0.375,NA,0,1.79,1,230.12,1,NA,0,1.69,230.53,1
2003,1,10,-8.48,0.625,NA,0,1.3,0.5,283,0.5,NA,0,1.06,255.3,0.5
2003,1,11,-8.45,0.75,NA,0,2.51,1,278.38,1,NA,0,1.9,314.24,1
2003,1,12,-9.35,1,NA,0,4.38,1,276.75,1,NA,0,3.77,326.52,1
2003,1,13,-10.89,0.875,NA,0,3.15,1,124.88,1,NA,0,1.9,145.5,1
2003,1,14,-9.75,0.25,NA,0,1.09,0.875,161.86,0.875,NA,0,0.64,172.85,0.875
2003,1,15,NA,0.125,NA,0,1.06,1,65.12,1,NA,0,1,62.73,1
2003,1,16,-9.37,0.375,NA,0,1.8,1,103.88,1,NA,0,1.76,9.71,1
2003,1,17,-10.46,0.875,NA,0,2.89,0.875,124.71,0.875,NA,0,2,138.59,0.875
2003,1,18,-12,0.625,NA,0,3.77,0.875,157,0.875,NA,0,3.69,162.26,0.875
2003,1,19,NA,0.125,NA,0,0.81,0.875,176.71,0.875,NA,0,0.51,138.59,0.875
2003,1,20,-2.4,0.25,NA,0,1.31,1,161.25,1,NA,0,0.21,84.69,1
2003,1,21,-1.63,0.375,NA,0,1.66,1,256.88,1,NA,0,1.64,263.49,1
2003,1,22,-4.15,1,NA,0,6.14,1,261.5,1,NA,0,5.99,260.13,1
2003,1,23,-5.95,1,NA,0,4.32,1,179.12,1,NA,0,2.46,273.48,1
2003,1,24,-8.7,0.625,NA,0,2.11,1,176,1,NA,0,1.45,175.02,1
2003,1,25,-11.97,0.375,NA,0,1.75,1,217.75,1,NA,0,1.63,210.61,1
2003,1,26,-13.54,0.625,NA,0,3,0.875,130.38,1,NA,0,2.34,166.82,0.875
2003,1,27,-13.13,0.75,NA,0,2.3,1,250.12,1,NA,0,1.94,262.56,1
2003,1,28,-11.75,0.25,NA,0,0.6,0.5,117.25,0.5,NA,0,0.48,7.8,0.5
2003,1,29,-14.5,0.5,NA,0,2.08,0.75,252.67,0.75,NA,0,1.19,302.03,0.75
2003,1,30,-15.27,0.875,NA,0,3.4,1,325.25,1,NA,0,3.07,322.09,1
2003,1,31,-13.88,0.75,NA,0,2.54,1,77.38,1,NA,0,2.31,35.24,1
2003,2,1,-11.84,0.625,NA,0,1.65,0.5,138.75,0.5,NA,0,0.93,129.53,0.5
2003,2,2,-14.6,0.375,NA,0,1.66,0.875,125.57,0.875,NA,0,1.17,127.51,0.875
2003,2,3,-14,0.375,NA,0,1.4,0.875,102.14,0.875,NA,0,1.21,104.62,0.875
2003,2,4,-12.4,0.25,NA,0,1.68,1,175.5,1,NA,0,0.25,123.43,1
2003,2,5,-9.3,0.625,NA,0,2.99,1,40.75,1,NA,0,2.92,35.57,1
2003,2,6,-7.48,0.5,NA,0,1.86,0.875,94.86,0.875,NA,0,1.35,104.38,0.875
2003,2,7,-10.93,0.875,NA,0,3.04,1,135.25,1,NA,0,2.54,129.44,1
2003,2,8,-14.05,0.25,NA,0,3.54,1,27.5,1,NA,0,3.45,20.11,1
2003,2,9,-9.49,1,NA,0,3.71,1,45.38,1,NA,0,3.17,37.49,1
2003,2,10,-11.43,0.75,NA,0,2.83,0.875,172.43,0.875,NA,0,2.16,186.53,0.875
2003,2,11,-11.25,0.25,NA,0,1.37,0.875,247,0.875,NA,0,1.06,289.7,0.875
2003,2,12,-13.2,0.375,NA,0,1.84,1,84.25,1,NA,0,1.45,94.23,1
2003,2,13,-12.48,0.5,NA,0,1.4,0.75,158.33,0.75,NA,0,1.35,163.6,0.75
2003,2,14,-13.78,0.75,NA,0,2.4,0.75,230.67,0.75,NA,0,1.42,237.52,0.75
2003,2,15,-15.24,0.875,NA,0,2.42,1,106.12,1,NA,0,2.07,11.12,1
2003,2,16,NA,0,NA,0,0.86,1,141,1,NA,0,0.65,131.88,1
2003,2,17,-17.97,0.375,NA,0,1.91,1,195.62,1,NA,0,1.88,195.91,1
2003,2,18,-19.25,0.25,NA,0,5.05,1,100.12,1,NA,0,4.96,9.5,1
2003,2,19,-21.38,0.625,NA,0,5.41,1,88.12,1,NA,0,3.21,67.59,1
2003,2,20,-21.06,0.625,NA,0,2.54,0.875,96,1,NA,0,1,24.43,0.875
2003,2,21,-20.64,0.875,NA,0,2.94,0.875,100.43,0.875,NA,0,0.7,51.48,0.875
2003,2,22,-21.75,0.25,NA,0,1.44,0.875,137.14,0.875,NA,0,1.05,146.49,0.875
2003,2,23,NA,0.125,NA,0,1.4,1,67.88,1,NA,0,1.16,61.05,1
2003,2,24,-19.85,0.25,NA,0,1.84,0.625,139.6,0.625,NA,0,1.48,144.36,0.625
2003,2,25,NA,0.125,NA,0,1.83,0.375,166,0.375,NA,0,1.68,155.5,0.375
2003,2,26,-33.63,0.375,NA,0,3.75,1,57.25,1,NA,0,3.61,24.78,1
2003,2,27,-20.62,0.75,NA,0,4.66,1,42.12,1,NA,0,4.46,37.82,1
2003,2,28,-17.65,0.25,NA,0,0.83,0.75,60,0.75,NA,0,0.54,25.22,0.75
2003,3,1,NA,0,NA,0,NA,0,NA,0,NA,0,NA,NA,0
2003,3,2,NA,0,NA,0,NA,0,NA,0,NA,0,NA,NA,0
2003,3,3,NA,0,NA,0,NA,0,NA,0,NA,0,NA,NA,0
2003,3,4,NA,0,NA,0,NA,0,NA,0,NA,0,NA,NA,0
2003,3,5,NA,0,NA,0,NA,0,NA,0,NA,0,NA,NA,0
2003,3,6,NA,0,NA,0,NA,0,NA,0,NA,0,NA,NA,0
2003,3,7,NA,0,NA,0,NA,0,NA,0,NA,0,NA,NA,0
2003,3,8,NA,0,NA,0,NA,0,NA,0,NA,0,NA,NA,0
2003,3,9,NA,0,NA,0,NA,0,NA,0,NA,0,NA,NA,0
2003,3,10,NA,0,NA,0,NA,0,NA,0,NA,0,NA,NA,0
2003,3,11,NA,0,NA,0,NA,0,NA,0,NA,0,NA,NA,0
2003,3,12,NA,0,NA,0,NA,0,NA,0,NA,0,NA,NA,0
2003,3,13,NA,0,NA,0,NA,0,NA,0,NA,0,NA,NA,0
2003,3,14,NA,0,NA,0,NA,0,NA,0,NA,0,NA,NA,0
2003,3,15,NA,0,NA,0,NA,0,NA,0,NA,0,NA,NA,0
2003,3,16,NA,0,NA,0,NA,0,NA,0,NA,0,NA,NA,0
2003,3,17,NA,0,NA,0,NA,0,NA,0,NA,0,NA,NA,0
2003,3,18,NA,0,NA,0,NA,0,NA,0,NA,0,NA,NA,0
2003,3,19,NA,0,NA,0,NA,0,NA,0,NA,0,NA,NA,0
2003,3,20,NA,0,NA,0,NA,0,NA,0,NA,0,NA,NA,0
2003,3,21,NA,0,NA,0,NA,0,NA,0,NA,0,NA,NA,0
2003,3,22,NA,0,NA,0,NA,0,NA,0,NA,0,NA,NA,0
2003,3,23,NA,0,NA,0,NA,0,NA,0,NA,0,NA,NA,0
2003,3,24,NA,0,NA,0,NA,0,NA,0,NA,0,NA,NA,0
2003,3,25,NA,0,NA,0,NA,0,NA,0,NA,0,NA,NA,0
2003,3,26,NA,0,NA,0,NA,0,NA,0,NA,0,NA,NA,0
2003,3,27,NA,0,NA,0,NA,0,NA,0,NA,0,NA,NA,0
2003,3,28,NA,0,NA,0,NA,0,NA,0,NA,0,NA,NA,0
2003,3,29,NA,0,NA,0,NA,0,NA,0,NA,0,NA,NA,0
2003,3,30,NA,0,NA,0,NA,0,NA,0,NA,0,NA,NA,0
2003,3,31,NA,0,NA,0,NA,0,NA,0,NA,0,NA,NA,0
2003,4,1,NA,0,NA,0,NA,0,NA,0,NA,0,NA,NA,0
2003,4,2,NA,0,NA,0,NA,0,NA,0,NA,0,NA,NA,0
2003,4,3,NA,0,NA,0,NA,0,NA,0,NA,0,NA,NA,0
2003,4,4,NA,0,NA,0,NA,0,NA,0,NA,0,NA,NA,0
2003,4,5,NA,0,NA,0,NA,0,NA,0,NA,0,NA,NA,0
2003,4,6,NA,0,NA,0,NA,0,NA,0,NA,0,NA,NA,0
2003,4,7,NA,0,NA,0,NA,0,NA,0,NA,0,NA,NA,0
2003,4,8,NA,0,NA,0,NA,0,NA,0,NA,0,NA,NA,0
2003,4,9,NA,0,NA,0,NA,0,NA,0,NA,0,NA,NA,0
2003,4,10,NA,0,NA,0,NA,0,NA,0,NA,0,NA,NA,0
2003,4,11,NA,0,NA,0,NA,0,NA,0,NA,0,NA,NA,0
2003,4,12,NA,0,NA,0,NA,0,NA,0,NA,0,NA,NA,0
2003,4,13,NA,0,NA,0,NA,0,NA,0,NA,0,NA,NA,0
2003,4,14,NA,0,NA,0,NA,0,NA,0,NA,0,NA,NA,0
2003,4,15,NA,0,NA,0,NA,0,NA,0,NA,0,NA,NA,0
2003,4,16,NA,0,NA,0,NA,0,NA,0,NA,0,NA,NA,0
2003,4,17,NA,0,NA,0,NA,0,NA,0,NA,0,NA,NA,0
2003,4,18,NA,0,NA,0,NA,0,NA,0,NA,0,NA,NA,0
2003,4,19,NA,0,NA,0,NA,0,NA,0,NA,0,NA,NA,0
2003,4,20,NA,0,NA,0,NA,0,NA,0,NA,0,NA,NA,0
2003,4,21,NA,0,NA,0,NA,0,NA,0,NA,0,NA,NA,0
2003,4,22,NA,0,NA,0,NA,0,NA,0,NA,0,NA,NA,0
2003,4,23,NA,0,NA,0,NA,0,NA,0,NA,0,NA,NA,0
2003,4,24,NA,0,NA,0,NA,0,NA,0,NA,0,NA,NA,0
2003,4,25,NA,0,NA,0,NA,0,NA,0,NA,0,NA,NA,0
2003,4,26,NA,0,NA,0,NA,0,NA,0,NA,0,NA,NA,0
2003,4,27,NA,0,NA,0,NA,0,NA,0,NA,0,NA,NA,0
2003,4,28,NA,0,NA,0,NA,0,NA,0,NA,0,NA,NA,0
2003,4,29,NA,0,NA,0,NA,0,NA,0,NA,0,NA,NA,0
2003,4,30,NA,0,NA,0,NA,0,NA,0,NA,0,NA,NA,0
2003,5,1,NA,0,NA,0,NA,0,NA,0,NA,0,NA,NA,0
2003,5,2,NA,0,NA,0,NA,0,NA,0,NA,0,NA,NA,0
2003,5,3,NA,0,NA,0,NA,0,NA,0,NA,0,NA,NA,0
2003,5,4,NA,0,NA,0,NA,0,NA,0,NA,0,NA,NA,0
2003,5,5,NA,0,NA,0,NA,0,NA,0,NA,0,NA,NA,0
2003,5,6,NA,0,NA,0,NA,0,NA,0,NA,0,NA,NA,0
2003,5,7,NA,0,NA,0,NA,0,NA,0,NA,0,NA,NA,0
2003,5,8,NA,0,NA,0,NA,0,NA,0,NA,0,NA,NA,0
2003,5,9,NA,0,NA,0,NA,0,NA,0,NA,0,NA,NA,0
2003,5,10,NA,0,NA,0,NA,0,NA,0,NA,0,NA,NA,0
2003,5,11,NA,0,NA,0,NA,0,NA,0,NA,0,NA,NA,0
2003,5,12,NA,0,NA,0,NA,0,NA,0,NA,0,NA,NA,0
2003,5,13,NA,0,NA,0,NA,0,NA,0,NA,0,NA,NA,0
2003,5,14,NA,0,NA,0,NA,0,NA,0,NA,0,NA,NA,0
2003,5,15,NA,0,NA,0,NA,0,NA,0,NA,0,NA,NA,0
2003,5,16,NA,0,NA,0,NA,0,NA,0,NA,0,NA,NA,0
2003,5,17,NA,0,NA,0,NA,0,NA,0,NA,0,NA,NA,0
2003,5,18,NA,0,NA,0,NA,0,NA,0,NA,0,NA,NA,0
2003,5,19,NA,0,NA,0,NA,0,NA,0,NA,0,NA,NA,0
2003,5,20,NA,0,NA,0,NA,0,NA,0,NA,0,NA,NA,0
2003,5,21,NA,0,NA,0,NA,0,NA,0,NA,0,NA,NA,0
2003,5,22,NA,0,NA,0,NA,0,NA,0,NA,0,NA,NA,0
2003,5,23,NA,0,NA,0,NA,0,NA,0,NA,0,NA,NA,0
2003,5,24,NA,0,NA,0,NA,0,NA,0,NA,0,NA,NA,0
2003,5,25,NA,0,NA,0,NA,0,NA,0,NA,0,NA,NA,0
2003,5,26,NA,0,NA,0,NA,0,NA,0,NA,0,NA,NA,0
2003,5,27,NA,0,NA,0,NA,0,NA,0,NA,0,NA,NA,0
2003,5,28,NA,0,NA,0,NA,0,NA,0,NA,0,NA,NA,0
2003,5,29,NA,0,NA,0,NA,0,NA,0,NA,0,NA,NA,0
2003,5,30,NA,0,NA,0,NA,0,NA,0,NA,0,NA,NA,0
2003,5,31,NA,0,NA,0,NA,0,NA,0,NA,0,NA,NA,0
2003,6,1,NA,0,NA,0,NA,0,NA,0,NA,0,NA,NA,0
2003,6,2,NA,0,NA,0,NA,0,NA,0,NA,0,NA,NA,0
2003,6,3,NA,0,NA,0,NA,0,NA,0,NA,0,NA,NA,0
2003,6,4,NA,0,NA,0,NA,0,NA,0,NA,0,NA,NA,0
2003,6,5,NA,0,NA,0,NA,0,NA,0,NA,0,NA,NA,0
2003,6,6,NA,0,NA,0,NA,0,NA,0,NA,0,NA,NA,0
2003,6,7,NA,0,NA,0,NA,0,NA,0,NA,0,NA,NA,0
2003,6,8,NA,0,NA,0,NA,0,NA,0,NA,0,NA,NA,0
2003,6,9,NA,0,NA,0,NA,0,NA,0,NA,0,NA,NA,0
2003,6,10,NA,0,NA,0,NA,0,NA,0,NA,0,NA,NA,0
2003,6,11,NA,0,NA,0,NA,0,NA,0,NA,0,NA,NA,0
2003,6,12,NA,0,NA,0,NA,0,NA,0,NA,0,NA,NA,0
2003,6,13,NA,0,NA,0,NA,0,NA,0,NA,0,NA,NA,0
2003,6,14,NA,0,NA,0,NA,0,NA,0,NA,0,NA,NA,0
2003,6,15,NA,0,NA,0,NA,0,NA,0,NA,0,NA,NA,0
2003,6,16,NA,0,NA,0,NA,0,NA,0,NA,0,NA,NA,0
2003,6,17,NA,0,NA,0,NA,0,NA,0,NA,0,NA,NA,0
2003,6,18,NA,0,NA,0,NA,0,NA,0,NA,0,NA,NA,0
2003,6,19,NA,0,NA,0,NA,0,NA,0,NA,0,NA,NA,0
2003,6,20,NA,0,NA,0,NA,0,NA,0,NA,0,NA,NA,0
2003,6,21,NA,0,NA,0,NA,0,NA,0,NA,0,NA,NA,0
2003,6,22,NA,0,NA,0,NA,0,NA,0,NA,0,NA,NA,0
2003,6,23,NA,0,NA,0,NA,0,NA,0,NA,0,NA,NA,0
2003,6,24,NA,0,NA,0,NA,0,NA,0,NA,0,NA,NA,0
2003,6,25,NA,0,NA,0,NA,0,NA,0,NA,0,NA,NA,0
2003,6,26,NA,0,NA,0,NA,0,NA,0,NA,0,NA,NA,0
2003,6,27,NA,0,NA,0,NA,0,NA,0,NA,0,NA,NA,0
2003,6,28,NA,0,NA,0,NA,0,NA,0,NA,0,NA,NA,0
2003,6,29,NA,0,NA,0,NA,0,NA,0,NA,0,NA,NA,0
2003,6,30,NA,0,NA,0,NA,0,NA,0,NA,0,NA,NA,0
2003,7,1,NA,0,NA,0,NA,0,NA,0,NA,0,NA,NA,0
2003,7,2,NA,0,NA,0,NA,0,NA,0,NA,0,NA,NA,0
2003,7,3,NA,0,NA,0,NA,0,NA,0,NA,0,NA,NA,0
2003,7,4,NA,0,NA,0,NA,0,NA,0,NA,0,NA,NA,0
2003,7,5,NA,0,NA,0,NA,0,NA,0,NA,0,NA,NA,0
2003,7,6,NA,0,NA,0,NA,0,NA,0,NA,0,NA,NA,0
2003,7,7,NA,0,NA,0,NA,0,NA,0,NA,0,NA,NA,0
2003,7,8,NA,0,NA,0,NA,0,NA,0,NA,0,NA,NA,0
2003,7,9,NA,0,NA,0,NA,0,NA,0,NA,0,NA,NA,0
2003,7,10,NA,0,NA,0,NA,0,NA,0,NA,0,NA,NA,0
2003,7,11,NA,0,NA,0,NA,0,NA,0,NA,0,NA,NA,0
2003,7,12,NA,0,NA,0,NA,0,NA,0,NA,0,NA,NA,0
2003,7,13,NA,0,NA,0,NA,0,NA,0,NA,0,NA,NA,0
2003,7,14,NA,0,NA,0,NA,0,NA,0,NA,0,NA,NA,0
2003,7,15,NA,0,NA,0,NA,0,NA,0,NA,0,NA,NA,0
2003,7,16,NA,0,NA,0,NA,0,NA,0,NA,0,NA,NA,0
2003,7,17,NA,0,NA,0,NA,0,NA,0,NA,0,NA,NA,0
2003,7,18,NA,0,NA,0,NA,0,NA,0,NA,0,NA,NA,0
2003,7,19,NA,0,NA,0,NA,0,NA,0,NA,0,NA,NA,0
2003,7,20,NA,0,NA,0,NA,0,NA,0,NA,0,NA,NA,0
2003,7,21,NA,0,NA,0,NA,0,NA,0,NA,0,NA,NA,0
2003,7,22,NA,0,NA,0,NA,0,NA,0,NA,0,NA,NA,0
2003,7,23,NA,0,NA,0,NA,0,NA,0,NA,0,NA,NA,0
2003,7,24,NA,0,NA,0,NA,0,NA,0,NA,0,NA,NA,0
2003,7,25,NA,0,NA,0,NA,0,NA,0,NA,0,NA,NA,0
2003,7,26,NA,0,NA,0,NA,0,NA,0,NA,0,NA,NA,0
2003,7,27,NA,0,NA,0,NA,0,NA,0,NA,0,NA,NA,0
2003,7,28,NA,0,NA,0,NA,0,NA,0,NA,0,NA,NA,0
2003,7,29,NA,0,NA,0,NA,0,NA,0,NA,0,NA,NA,0
2003,7,30,NA,0,NA,0,NA,0,NA,0,NA,0,NA,NA,0
2003,7,31,NA,0,NA,0,NA,0,NA,0,NA,0,NA,NA,0
2003,8,1,NA,0,NA,0,NA,0,NA,0,NA,0,NA,NA,0
2003,8,2,NA,0,NA,0,NA,0,NA,0,NA,0,NA,NA,0
2003,8,3,NA,0,NA,0,NA,0,NA,0,NA,0,NA,NA,0
2003,8,4,NA,0,NA,0,NA,0,NA,0,NA,0,NA,NA,0
2003,8,5,NA,0,NA,0,NA,0,NA,0,NA,0,NA,NA,0
2003,8,6,NA,0,NA,0,NA,0,NA,0,NA,0,NA,NA,0
2003,8,7,NA,0,NA,0,NA,0,NA,0,NA,0,NA,NA,0
2003,8,8,NA,0,NA,0,NA,0,NA,0,NA,0,NA,NA,0
2003,8,9,NA,0,NA,0,NA,0,NA,0,NA,0,NA,NA,0
2003,8,10,NA,0,NA,0,NA,0,NA,0,NA,0,NA,NA,0
2003,8,11,NA,0,NA,0,NA,0,NA,0,NA,0,NA,NA,0
2003,8,12,NA,0,NA,0,NA,0,NA,0,NA,0,NA,NA,0
2003,8,13,NA,0,NA,0,NA,0,NA,0,NA,0,NA,NA,0
2003,8,14,NA,0,NA,0,NA,0,NA,0,NA,0,NA,NA,0
2003,8,15,NA,0,NA,0,NA,0,NA,0,NA,0,NA,NA,0
2003,8,16,NA,0,NA,0,NA,0,NA,0,NA,0,NA,NA,0
2003,8,17,NA,0,NA,0,NA,0,NA,0,NA,0,NA,NA,0
2003,8,18,NA,0,NA,0,NA,0,NA,0,NA,0,NA,NA,0
2003,8,19,NA,0,NA,0,NA,0,NA,0,NA,0,NA,NA,0
2003,8,20,NA,0,NA,0,NA,0,NA,0,NA,0,NA,NA,0
2003,8,21,NA,0,NA,0,NA,0,NA,0,NA,0,NA,NA,0
2003,8,22,NA,0,NA,0,NA,0,NA,0,NA,0,NA,NA,0
2003,8,23,NA,0,NA,0,NA,0,NA,0,NA,0,NA,NA,0
2003,8,24,NA,0,NA,0,NA,0,NA,0,NA,0,NA,NA,0
2003,8,25,NA,0,NA,0,NA,0,NA,0,NA,0,NA,NA,0
2003,8,26,NA,0,NA,0,NA,0,NA,0,NA,0,NA,NA,0
2003,8,27,NA,0,NA,0,NA,0,NA,0,NA,0,NA,NA,0
2003,8,28,NA,0,NA,0,NA,0,NA,0,NA,0,NA,NA,0
2003,8,29,NA,0,NA,0,NA,0,NA,0,NA,0,NA,NA,0
2003,8,30,NA,0,NA,0,NA,0,NA,0,NA,0,NA,NA,0
2003,8,31,NA,0,NA,0,NA,0,NA,0,NA,0,NA,NA,0
2003,9,1,NA,0,NA,0,NA,0,NA,0,NA,0,NA,NA,0
2003,9,2,NA,0,NA,0,NA,0,NA,0,NA,0,NA,NA,0
2003,9,3,NA,0,NA,0,NA,0,NA,0,NA,0,NA,NA,0
2003,9,4,NA,0,NA,0,NA,0,NA,0,NA,0,NA,NA,0
2003,9,5,NA,0,NA,0,NA,0,NA,0,NA,0,NA,NA,0
2003,9,6,NA,0,NA,0,NA,0,NA,0,NA,0,NA,NA,0
2003,9,7,NA,0,NA,0,NA,0,NA,0,NA,0,NA,NA,0
2003,9,8,NA,0,NA,0,NA,0,NA,0,NA,0,NA,NA,0
2003,9,9,NA,0,NA,0,NA,0,NA,0,NA,0,NA,NA,0
2003,9,10,NA,0,NA,0,NA,0,NA,0,NA,0,NA,NA,0
2003,9,11,NA,0,NA,0,NA,0,NA,0,NA,0,NA,NA,0
2003,9,12,NA,0,NA,0,NA,0,NA,0,NA,0,NA,NA,0
2003,9,13,NA,0,NA,0,NA,0,NA,0,NA,0,NA,NA,0
2003,9,14,NA,0,NA,0,NA,0,NA,0,NA,0,NA,NA,0
2003,9,15,NA,0,NA,0,NA,0,NA,0,NA,0,NA,NA,0
2003,9,16,NA,0,NA,0,NA,0,NA,0,NA,0,NA,NA,0
2003,9,17,NA,0,NA,0,NA,0,NA,0,NA,0,NA,NA,0
2003,9,18,NA,0,NA,0,NA,0,NA,0,NA,0,NA,NA,0
2003,9,19,NA,0,NA,0,NA,0,NA,0,NA,0,NA,NA,0
2003,9,20,NA,0,NA,0,NA,0,NA,0,NA,0,NA,NA,0
2003,9,21,NA,0,NA,0,NA,0,NA,0,NA,0,NA,NA,0
2003,9,22,NA,0,NA,0,NA,0,NA,0,NA,0,NA,NA,0
2003,9,23,NA,0,NA,0,NA,0,NA,0,NA,0,NA,NA,0
2003,9,24,NA,0,NA,0,NA,0,NA,0,NA,0,NA,NA,0
2003,9,25,NA,0,NA,0,NA,0,NA,0,NA,0,NA,NA,0
2003,9,26,NA,0,NA,0,NA,0,NA,0,NA,0,NA,NA,0
2003,9,27,NA,0,NA,0,NA,0,NA,0,NA,0,NA,NA,0
2003,9,28,NA,0,NA,0,NA,0,NA,0,NA,0,NA,NA,0
2003,9,29,NA,0,NA,0,NA,0,NA,0,NA,0,NA,NA,0
2003,9,30,NA,0,NA,0,NA,0,NA,0,NA,0,NA,NA,0
2003,10,1,NA,0,NA,0,NA,0,NA,0,NA,0,NA,NA,0
2003,10,2,NA,0,NA,0,NA,0,NA,0,NA,0,NA,NA,0
2003,10,3,NA,0,NA,0,NA,0,NA,0,NA,0,NA,NA,0
2003,10,4,NA,0,NA,0,NA,0,NA,0,NA,0,NA,NA,0
2003,10,5,NA,0,NA,0,NA,0,NA,0,NA,0,NA,NA,0
2003,10,6,NA,0,NA,0,NA,0,NA,0,NA,0,NA,NA,0
2003,10,7,NA,0,NA,0,NA,0,NA,0,NA,0,NA,NA,0
2003,10,8,NA,0,NA,0,NA,0,NA,0,NA,0,NA,NA,0
2003,10,9,NA,0,NA,0,NA,0,NA,0,NA,0,NA,NA,0
2003,10,10,NA,0,NA,0,NA,0,NA,0,NA,0,NA,NA,0
2003,10,11,NA,0,NA,0,NA,0,NA,0,NA,0,NA,NA,0
2003,10,12,NA,0,NA,0,NA,0,NA,0,NA,0,NA,NA,0
2003,10,13,NA,0,NA,0,NA,0,NA,0,NA,0,NA,NA,0
2003,10,14,NA,0,NA,0,NA,0,NA,0,NA,0,NA,NA,0
2003,10,15,NA,0,NA,0,NA,0,NA,0,NA,0,NA,NA,0
2003,10,16,NA,0,NA,0,NA,0,NA,0,NA,0,NA,NA,0
2003,10,17,NA,0,NA,0,NA,0,NA,0,NA,0,NA,NA,0
2003,10,18,NA,0,NA,0,NA,0,NA,0,NA,0,NA,NA,0
2003,10,19,NA,0,NA,0,NA,0,NA,0,NA,0,NA,NA,0
2003,10,20,NA,0,NA,0,NA,0,NA,0,NA,0,NA,NA,0
2003,10,21,NA,0,NA,0,NA,0,NA,0,NA,0,NA,NA,0
2003,10,22,NA,0,NA,0,NA,0,NA,0,NA,0,NA,NA,0
2003,10,23,NA,0,NA,0,NA,0,NA,0,NA,0,NA,NA,0
2003,10,24,NA,0,NA,0,NA,0,NA,0,NA,0,NA,NA,0
2003,10,25,NA,0,NA,0,NA,0,NA,0,NA,0,NA,NA,0
2003,10,26,NA,0,NA,0,NA,0,NA,0,NA,0,NA,NA,0
2003,10,27,NA,0,NA,0,NA,0,NA,0,NA,0,NA,NA,0
2003,10,28,NA,0,NA,0,NA,0,NA,0,NA,0,NA,NA,0
2003,10,29,NA,0,NA,0,NA,0,NA,0,NA,0,NA,NA,0
2003,10,30,NA,0,NA,0,NA,0,NA,0,NA,0,NA,NA,0
2003,10,31,NA,0,NA,0,NA,0,NA,0,NA,0,NA,NA,0
2003,11,1,NA,0,NA,0,NA,0,NA,0,NA,0,NA,NA,0
2003,11,2,NA,0,NA,0,NA,0,NA,0,NA,0,NA,NA,0
2003,11,3,NA,0,NA,0,NA,0,NA,0,NA,0,NA,NA,0
2003,11,4,NA,0,NA,0,NA,0,NA,0,NA,0,NA,NA,0
2003,11,5,NA,0,NA,0,NA,0,NA,0,NA,0,NA,NA,0
2003,11,6,NA,0,NA,0,NA,0,NA,0,NA,0,NA,NA,0
2003,11,7,NA,0,NA,0,NA,0,NA,0,NA,0,NA,NA,0
2003,11,8,NA,0,NA,0,NA,0,NA,0,NA,0,NA,NA,0
2003,11,9,NA,0,NA,0,NA,0,NA,0,NA,0,NA,NA,0
2003,11,10,NA,0,NA,0,NA,0,NA,0,NA,0,NA,NA,0
2003,11,11,NA,0,NA,0,NA,0,NA,0,NA,0,NA,NA,0
2003,11,12,NA,0,NA,0,NA,0,NA,0,NA,0,NA,NA,0
2003,11,13,NA,0,NA,0,NA,0,NA,0,NA,0,NA,NA,0
2003,11,14,NA,0,NA,0,NA,0,NA,0,NA,0,NA,NA,0
2003,11,15,NA,0,NA,0,NA,0,NA,0,NA,0,NA,NA,0
2003,11,16,NA,0,NA,0,NA,0,NA,0,NA,0,NA,NA,0
2003,11,17,NA,0,NA,0,NA,0,NA,0,NA,0,NA,NA,0
2003,11,18,NA,0,NA,0,NA,0,NA,0,NA,0,NA,NA,0
2003,11,19,NA,0,NA,0,NA,0,NA,0,NA,0,NA,NA,0
2003,11,20,NA,0,NA,0,NA,0,NA,0,NA,0,NA,NA,0
2003,11,21,NA,0,NA,0,NA,0,NA,0,NA,0,NA,NA,0
2003,11,22,NA,0,NA,0,NA,0,NA,0,NA,0,NA,NA,0
2003,11,23,NA,0,NA,0,NA,0,NA,0,NA,0,NA,NA,0
2003,11,24,NA,0,NA,0,NA,0,NA,0,NA,0,NA,NA,0
2003,11,25,NA,0,NA,0,NA,0,NA,0,NA,0,NA,NA,0
2003,11,26,NA,0,NA,0,NA,0,NA,0,NA,0,NA,NA,0
2003,11,27,NA,0,NA,0,NA,0,NA,0,NA,0,NA,NA,0
2003,11,28,NA,0,NA,0,NA,0,NA,0,NA,0,NA,NA,0
2003,11,29,NA,0,NA,0,NA,0,NA,0,NA,0,NA,NA,0
2003,11,30,NA,0,NA,0,NA,0,NA,0,NA,0,NA,NA,0
2003,12,1,NA,0,NA,0,NA,0,NA,0,NA,0,NA,NA,0
2003,12,2,NA,0,NA,0,NA,0,NA,0,NA,0,NA,NA,0
2003,12,3,NA,0,NA,0,NA,0,NA,0,NA,0,NA,NA,0
2003,12,4,NA,0,NA,0,NA,0,NA,0,NA,0,NA,NA,0
2003,12,5,NA,0,NA,0,NA,0,NA,0,NA,0,NA,NA,0
2003,12,6,NA,0,NA,0,NA,0,NA,0,NA,0,NA,NA,0
2003,12,7,NA,0,NA,0,NA,0,NA,0,NA,0,NA,NA,0
2003,12,8,NA,0,NA,0,NA,0,NA,0,NA,0,NA,NA,0
2003,12,9,NA,0,NA,0,NA,0,NA,0,NA,0,NA,NA,0
2003,12,10,NA,0,NA,0,NA,0,NA,0,NA,0,NA,NA,0
2003,12,11,NA,0,NA,0,NA,0,NA,0,NA,0,NA,NA,0
2003,12,12,NA,0,NA,0,NA,0,NA,0,NA,0,NA,NA,0
2003,12,13,NA,0,NA,0,NA,0,NA,0,NA,0,NA,NA,0
2003,12,14,NA,0,NA,0,NA,0,NA,0,NA,0,NA,NA,0
2003,12,15,NA,0,NA,0,NA,0,NA,0,NA,0,NA,NA,0
2003,12,16,NA,0,NA,0,NA,0,NA,0,NA,0,NA,NA,0
2003,12,17,NA,0,NA,0,NA,0,NA,0,NA,0,NA,NA,0
2003,12,18,NA,0,NA,0,NA,0,NA,0,NA,0,NA,NA,0
2003,12,19,NA,0,NA,0,NA,0,NA,0,NA,0,NA,NA,0
2003,12,20,NA,0,NA,0,NA,0,NA,0,NA,0,NA,NA,0
2003,12,21,NA,0,NA,0,NA,0,NA,0,NA,0,NA,NA,0
2003,12,22,NA,0,NA,0,NA,0,NA,0,NA,0,NA,NA,0
2003,12,23,NA,0,NA,0,NA,0,NA,0,NA,0,NA,NA,0
2003,12,24,NA,0,NA,0,NA,0,NA,0,NA,0,NA,NA,0
2003,12,25,NA,0,NA,0,NA,0,NA,0,NA,0,NA,NA,0
2003,12,26,NA,0,NA,0,NA,0,NA,0,NA,0,NA,NA,0
2003,12,27,NA,0,NA,0,NA,0,NA,0,NA,0,NA,NA,0
2003,12,28,NA,0,NA,0,NA,0,NA,0,NA,0,NA,NA,0
2003,12,29,NA,0,NA,0,NA,0,NA,0,NA,0,NA,NA,0
2003,12,30,NA,0,NA,0,NA,0,NA,0,NA,0,NA,NA,0
2003,12,31,NA,0,NA,0,NA,0,NA,0,NA,0,NA,NA,0
2004,1,1,NA,0,NA,0,NA,0,NA,0,NA,0,NA,NA,0
2004,1,2,NA,0,NA,0,NA,0,NA,0,NA,0,NA,NA,0
2004,1,3,NA,0,NA,0,NA,0,NA,0,NA,0,NA,NA,0
2004,1,4,NA,0,NA,0,NA,0,NA,0,NA,0,NA,NA,0
2004,1,5,NA,0,NA,0,NA,0,NA,0,NA,0,NA,NA,0
2004,1,6,NA,0,NA,0,NA,0,NA,0,NA,0,NA,NA,0
2004,1,7,NA,0,NA,0,NA,0,NA,0,NA,0,NA,NA,0
2004,1,8,NA,0,NA,0,NA,0,NA,0,NA,0,NA,NA,0
2004,1,9,NA,0,NA,0,NA,0,NA,0,NA,0,NA,NA,0
2004,1,10,NA,0,NA,0,NA,0,NA,0,NA,0,NA,NA,0
2004,1,11,NA,0,NA,0,NA,0,NA,0,NA,0,NA,NA,0
2004,1,12,NA,0,NA,0,NA,0,NA,0,NA,0,NA,NA,0
2004,1,13,NA,0,NA,0,NA,0,NA,0,NA,0,NA,NA,0
2004,1,14,NA,0,NA,0,NA,0,NA,0,NA,0,NA,NA,0
2004,1,15,NA,0,NA,0,NA,0,NA,0,NA,0,NA,NA,0
2004,1,16,NA,0,NA,0,NA,0,NA,0,NA,0,NA,NA,0
2004,1,17,NA,0,NA,0,NA,0,NA,0,NA,0,NA,NA,0
2004,1,18,NA,0,NA,0,NA,0,NA,0,NA,0,NA,NA,0
2004,1,19,NA,0,NA,0,NA,0,NA,0,NA,0,NA,NA,0
2004,1,20,NA,0,NA,0,NA,0,NA,0,NA,0,NA,NA,0
2004,1,21,NA,0,NA,0,NA,0,NA,0,NA,0,NA,NA,0
2004,1,22,NA,0,NA,0,NA,0,NA,0,NA,0,NA,NA,0
2004,1,23,NA,0,NA,0,NA,0,NA,0,NA,0,NA,NA,0
2004,1,24,NA,0,NA,0,NA,0,NA,0,NA,0,NA,NA,0
2004,1,25,NA,0,NA,0,NA,0,NA,0,NA,0,NA,NA,0
2004,1,26,NA,0,NA,0,NA,0,NA,0,NA,0,NA,NA,0
2004,1,27,NA,0,NA,0,NA,0,NA,0,NA,0,NA,NA,0
2004,1,28,NA,0,NA,0,NA,0,NA,0,NA,0,NA,NA,0
2004,1,29,NA,0,NA,0,NA,0,NA,0,NA,0,NA,NA,0
2004,1,30,NA,0,NA,0,NA,0,NA,0,NA,0,NA,NA,0
2004,1,31,NA,0,NA,0,NA,0,NA,0,NA,0,NA,NA,0
2004,2,1,NA,0,NA,0,NA,0,NA,0,NA,0,NA,NA,0
2004,2,2,NA,0,NA,0,NA,0,NA,0,NA,0,NA,NA,0
2004,2,3,NA,0,NA,0,NA,0,NA,0,NA,0,NA,NA,0
2004,2,4,NA,0,NA,0,NA,0,NA,0,NA,0,NA,NA,0
2004,2,5,NA,0,NA,0,NA,0,NA,0,NA,0,NA,NA,0
2004,2,6,NA,0,NA,0,NA,0,NA,0,NA,0,NA,NA,0
2004,2,7,NA,0,NA,0,NA,0,NA,0,NA,0,NA,NA,0
2004,2,8,NA,0,NA,0,NA,0,NA,0,NA,0,NA,NA,0
2004,2,9,NA,0,NA,0,NA,0,NA,0,NA,0,NA,NA,0
2004,2,10,NA,0,NA,0,NA,0,NA,0,NA,0,NA,NA,0
2004,2,11,NA,0,NA,0,NA,0,NA,0,NA,0,NA,NA,0
2004,2,12,NA,0,NA,0,NA,0,NA,0,NA,0,NA,NA,0
2004,2,13,NA,0,NA,0,NA,0,NA,0,NA,0,NA,NA,0
2004,2,14,NA,0,NA,0,NA,0,NA,0,NA,0,NA,NA,0
2004,2,15,NA,0,NA,0,NA,0,NA,0,NA,0,NA,NA,0
2004,2,16,NA,0,NA,0,NA,0,NA,0,NA,0,NA,NA,0
2004,2,17,NA,0,NA,0,NA,0,NA,0,NA,0,NA,NA,0
2004,2,18,NA,0,NA,0,NA,0,NA,0,NA,0,NA,NA,0
2004,2,19,NA,0,NA,0,NA,0,NA,0,NA,0,NA,NA,0
2004,2,20,NA,0,NA,0,NA,0,NA,0,NA,0,NA,NA,0
2004,2,21,NA,0,NA,0,NA,0,NA,0,NA,0,NA,NA,0
2004,2,22,NA,0,NA,0,NA,0,NA,0,NA,0,NA,NA,0
2004,2,23,NA,0,NA,0,NA,0,NA,0,NA,0,NA,NA,0
2004,2,24,NA,0,NA,0,NA,0,NA,0,NA,0,NA,NA,0
2004,2,25,NA,0,NA,0,NA,0,NA,0,NA,0,NA,NA,0
2004,2,26,NA,0,NA,0,NA,0,NA,0,NA,0,NA,NA,0
2004,2,27,NA,0,NA,0,NA,0,NA,0,NA,0,NA,NA,0
2004,2,28,NA,0,NA,0,NA,0,NA,0,NA,0,NA,NA,0
2004,2,29,NA,0,NA,0,NA,0,NA,0,NA,0,NA,NA,0
2004,3,1,NA,0,NA,0,NA,0,NA,0,NA,0,NA,NA,0
2004,3,2,NA,0,NA,0,NA,0,NA,0,NA,0,NA,NA,0
2004,3,3,NA,0,NA,0,NA,0,NA,0,NA,0,NA,NA,0
2004,3,4,NA,0,NA,0,NA,0,NA,0,NA,0,NA,NA,0
2004,3,5,NA,0,NA,0,NA,0,NA,0,NA,0,NA,NA,0
2004,3,6,NA,0,NA,0,NA,0,NA,0,NA,0,NA,NA,0
2004,3,7,NA,0,NA,0,NA,0,NA,0,NA,0,NA,NA,0
2004,3,8,NA,0,NA,0,NA,0,NA,0,NA,0,NA,NA,0
2004,3,9,NA,0,NA,0,NA,0,NA,0,NA,0,NA,NA,0
2004,3,10,NA,0,NA,0,NA,0,NA,0,NA,0,NA,NA,0
2004,3,11,NA,0,NA,0,NA,0,NA,0,NA,0,NA,NA,0
2004,3,12,NA,0,NA,0,NA,0,NA,0,NA,0,NA,NA,0
2004,3,13,NA,0,NA,0,NA,0,NA,0,NA,0,NA,NA,0
2004,3,14,NA,0,NA,0,NA,0,NA,0,NA,0,NA,NA,0
2004,3,15,NA,0,NA,0,NA,0,NA,0,NA,0,NA,NA,0
2004,3,16,NA,0,NA,0,NA,0,NA,0,NA,0,NA,NA,0
2004,3,17,NA,0,NA,0,NA,0,NA,0,NA,0,NA,NA,0
2004,3,18,NA,0,NA,0,NA,0,NA,0,NA,0,NA,NA,0
2004,3,19,NA,0,NA,0,NA,0,NA,0,NA,0,NA,NA,0
2004,3,20,NA,0,NA,0,NA,0,NA,0,NA,0,NA,NA,0
2004,3,21,NA,0,NA,0,NA,0,NA,0,NA,0,NA,NA,0
2004,3,22,NA,0,NA,0,NA,0,NA,0,NA,0,NA,NA,0
2004,3,23,NA,0,NA,0,NA,0,NA,0,NA,0,NA,NA,0
2004,3,24,NA,0,NA,0,NA,0,NA,0,NA,0,NA,NA,0
2004,3,25,NA,0,NA,0,NA,0,NA,0,NA,0,NA,NA,0
2004,3,26,NA,0,NA,0,NA,0,NA,0,NA,0,NA,NA,0
2004,3,27,NA,0,NA,0,NA,0,NA,0,NA,0,NA,NA,0
2004,3,28,NA,0,NA,0,NA,0,NA,0,NA,0,NA,NA,0
2004,3,29,NA,0,NA,0,NA,0,NA,0,NA,0,NA,NA,0
2004,3,30,NA,0,NA,0,NA,0,NA,0,NA,0,NA,NA,0
2004,3,31,NA,0,NA,0,NA,0,NA,0,NA,0,NA,NA,0
2004,4,1,NA,0,NA,0,NA,0,NA,0,NA,0,NA,NA,0
2004,4,2,NA,0,NA,0,NA,0,NA,0,NA,0,NA,NA,0
2004,4,3,NA,0,NA,0,NA,0,NA,0,NA,0,NA,NA,0
2004,4,4,NA,0,NA,0,NA,0,NA,0,NA,0,NA,NA,0
2004,4,5,NA,0,NA,0,NA,0,NA,0,NA,0,NA,NA,0
2004,4,6,NA,0,NA,0,NA,0,NA,0,NA,0,NA,NA,0
2004,4,7,NA,0,NA,0,NA,0,NA,0,NA,0,NA,NA,0
2004,4,8,NA,0,NA,0,NA,0,NA,0,NA,0,NA,NA,0
2004,4,9,NA,0,NA,0,NA,0,NA,0,NA,0,NA,NA,0
2004,4,10,NA,0,NA,0,NA,0,NA,0,NA,0,NA,NA,0
2004,4,11,NA,0,NA,0,NA,0,NA,0,NA,0,NA,NA,0
2004,4,12,NA,0,NA,0,NA,0,NA,0,NA,0,NA,NA,0
2004,4,13,NA,0,NA,0,NA,0,NA,0,NA,0,NA,NA,0
2004,4,14,NA,0,NA,0,NA,0,NA,0,NA,0,NA,NA,0
2004,4,15,NA,0,NA,0,NA,0,NA,0,NA,0,NA,NA,0
2004,4,16,NA,0,NA,0,NA,0,NA,0,NA,0,NA,NA,0
2004,4,17,NA,0,NA,0,NA,0,NA,0,NA,0,NA,NA,0
2004,4,18,NA,0,NA,0,NA,0,NA,0,NA,0,NA,NA,0
2004,4,19,NA,0,NA,0,NA,0,NA,0,NA,0,NA,NA,0
2004,4,20,NA,0,NA,0,NA,0,NA,0,NA,0,NA,NA,0
2004,4,21,NA,0,NA,0,NA,0,NA,0,NA,0,NA,NA,0
2004,4,22,NA,0,NA,0,NA,0,NA,0,NA,0,NA,NA,0
2004,4,23,NA,0,NA,0,NA,0,NA,0,NA,0,NA,NA,0
2004,4,24,NA,0,NA,0,NA,0,NA,0,NA,0,NA,NA,0
2004,4,25,NA,0,NA,0,NA,0,NA,0,NA,0,NA,NA,0
2004,4,26,NA,0,NA,0,NA,0,NA,0,NA,0,NA,NA,0
2004,4,27,NA,0,NA,0,NA,0,NA,0,NA,0,NA,NA,0
2004,4,28,NA,0,NA,0,NA,0,NA,0,NA,0,NA,NA,0
2004,4,29,NA,0,NA,0,NA,0,NA,0,NA,0,NA,NA,0
2004,4,30,NA,0,NA,0,NA,0,NA,0,NA,0,NA,NA,0
2004,5,1,NA,0,NA,0,NA,0,NA,0,NA,0,NA,NA,0
2004,5,2,NA,0,NA,0,NA,0,NA,0,NA,0,NA,NA,0
2004,5,3,NA,0,NA,0,NA,0,NA,0,NA,0,NA,NA,0
2004,5,4,NA,0,NA,0,NA,0,NA,0,NA,0,NA,NA,0
2004,5,5,NA,0,NA,0,NA,0,NA,0,NA,0,NA,NA,0
2004,5,6,NA,0,NA,0,NA,0,NA,0,NA,0,NA,NA,0
2004,5,7,NA,0,NA,0,NA,0,NA,0,NA,0,NA,NA,0
2004,5,8,NA,0,NA,0,NA,0,NA,0,NA,0,NA,NA,0
2004,5,9,NA,0,NA,0,NA,0,NA,0,NA,0,NA,NA,0
2004,5,10,NA,0,NA,0,NA,0,NA,0,NA,0,NA,NA,0
2004,5,11,NA,0,NA,0,NA,0,NA,0,NA,0,NA,NA,0
2004,5,12,NA,0,NA,0,NA,0,NA,0,NA,0,NA,NA,0
2004,5,13,NA,0,NA,0,NA,0,NA,0,NA,0,NA,NA,0
2004,5,14,NA,0,NA,0,NA,0,NA,0,NA,0,NA,NA,0
2004,5,15,NA,0,NA,0,NA,0,NA,0,NA,0,NA,NA,0
2004,5,16,NA,0,NA,0,NA,0,NA,0,NA,0,NA,NA,0
2004,5,17,NA,0,NA,0,NA,0,NA,0,NA,0,NA,NA,0
2004,5,18,NA,0,NA,0,NA,0,NA,0,NA,0,NA,NA,0
2004,5,19,NA,0,NA,0,NA,0,NA,0,NA,0,NA,NA,0
2004,5,20,NA,0,NA,0,NA,0,NA,0,NA,0,NA,NA,0
2004,5,21,NA,0,NA,0,NA,0,NA,0,NA,0,NA,NA,0
2004,5,22,NA,0,NA,0,NA,0,NA,0,NA,0,NA,NA,0
2004,5,23,NA,0,NA,0,NA,0,NA,0,NA,0,NA,NA,0
2004,5,24,NA,0,NA,0,NA,0,NA,0,NA,0,NA,NA,0
2004,5,25,NA,0,NA,0,NA,0,NA,0,NA,0,NA,NA,0
2004,5,26,NA,0,NA,0,NA,0,NA,0,NA,0,NA,NA,0
2004,5,27,NA,0,NA,0,NA,0,NA,0,NA,0,NA,NA,0
2004,5,28,NA,0,NA,0,NA,0,NA,0,NA,0,NA,NA,0
2004,5,29,NA,0,NA,0,NA,0,NA,0,NA,0,NA,NA,0
2004,5,30,NA,0,NA,0,NA,0,NA,0,NA,0,NA,NA,0
2004,5,31,NA,0,NA,0,NA,0,NA,0,NA,0,NA,NA,0
2004,6,1,NA,0,NA,0,NA,0,NA,0,NA,0,NA,NA,0
2004,6,2,NA,0,NA,0,NA,0,NA,0,NA,0,NA,NA,0
2004,6,3,NA,0,NA,0,NA,0,NA,0,NA,0,NA,NA,0
2004,6,4,NA,0,NA,0,NA,0,NA,0,NA,0,NA,NA,0
2004,6,5,NA,0,NA,0,NA,0,NA,0,NA,0,NA,NA,0
2004,6,6,NA,0,NA,0,NA,0,NA,0,NA,0,NA,NA,0
2004,6,7,NA,0,NA,0,NA,0,NA,0,NA,0,NA,NA,0
2004,6,8,NA,0,NA,0,NA,0,NA,0,NA,0,NA,NA,0
2004,6,9,NA,0,NA,0,NA,0,NA,0,NA,0,NA,NA,0
2004,6,10,NA,0,NA,0,NA,0,NA,0,NA,0,NA,NA,0
2004,6,11,NA,0,NA,0,NA,0,NA,0,NA,0,NA,NA,0
2004,6,12,NA,0,NA,0,NA,0,NA,0,NA,0,NA,NA,0
2004,6,13,NA,0,NA,0,NA,0,NA,0,NA,0,NA,NA,0
2004,6,14,NA,0,NA,0,NA,0,NA,0,NA,0,NA,NA,0
2004,6,15,NA,0,NA,0,NA,0,NA,0,NA,0,NA,NA,0
2004,6,16,NA,0,NA,0,NA,0,NA,0,NA,0,NA,NA,0
2004,6,17,NA,0,NA,0,NA,0,NA,0,NA,0,NA,NA,0
2004,6,18,NA,0,NA,0,NA,0,NA,0,NA,0,NA,NA,0
2004,6,19,NA,0,NA,0,NA,0,NA,0,NA,0,NA,NA,0
2004,6,20,NA,0,NA,0,NA,0,NA,0,NA,0,NA,NA,0
2004,6,21,NA,0,NA,0,NA,0,NA,0,NA,0,NA,NA,0
2004,6,22,NA,0,NA,0,NA,0,NA,0,NA,0,NA,NA,0
2004,6,23,NA,0,NA,0,NA,0,NA,0,NA,0,NA,NA,0
2004,6,24,NA,0,NA,0,NA,0,NA,0,NA,0,NA,NA,0
2004,6,25,NA,0,NA,0,NA,0,NA,0,NA,0,NA,NA,0
2004,6,26,NA,0,NA,0,NA,0,NA,0,NA,0,NA,NA,0
2004,6,27,NA,0,NA,0,NA,0,NA,0,NA,0,NA,NA,0
2004,6,28,NA,0,NA,0,NA,0,NA,0,NA,0,NA,NA,0
2004,6,29,NA,0,NA,0,NA,0,NA,0,NA,0,NA,NA,0
2004,6,30,NA,0,NA,0,NA,0,NA,0,NA,0,NA,NA,0
2004,7,1,NA,0,NA,0,NA,0,NA,0,NA,0,NA,NA,0
2004,7,2,NA,0,NA,0,NA,0,NA,0,NA,0,NA,NA,0
2004,7,3,NA,0,NA,0,NA,0,NA,0,NA,0,NA,NA,0
2004,7,4,NA,0,NA,0,NA,0,NA,0,NA,0,NA,NA,0
2004,7,5,NA,0,NA,0,NA,0,NA,0,NA,0,NA,NA,0
2004,7,6,NA,0,NA,0,NA,0,NA,0,NA,0,NA,NA,0
2004,7,7,NA,0,NA,0,NA,0,NA,0,NA,0,NA,NA,0
2004,7,8,NA,0,NA,0,NA,0,NA,0,NA,0,NA,NA,0
2004,7,9,NA,0,NA,0,NA,0,NA,0,NA,0,NA,NA,0
2004,7,10,NA,0,NA,0,NA,0,NA,0,NA,0,NA,NA,0
2004,7,11,NA,0,NA,0,NA,0,NA,0,NA,0,NA,NA,0
2004,7,12,NA,0,NA,0,NA,0,NA,0,NA,0,NA,NA,0
2004,7,13,NA,0,NA,0,NA,0,NA,0,NA,0,NA,NA,0
2004,7,14,NA,0,NA,0,NA,0,NA,0,NA,0,NA,NA,0
2004,7,15,NA,0,NA,0,NA,0,NA,0,NA,0,NA,NA,0
2004,7,16,NA,0,NA,0,NA,0,NA,0,NA,0,NA,NA,0
2004,7,17,NA,0,NA,0,NA,0,NA,0,NA,0,NA,NA,0
2004,7,18,NA,0,NA,0,NA,0,NA,0,NA,0,NA,NA,0
2004,7,19,NA,0,NA,0,NA,0,NA,0,NA,0,NA,NA,0
2004,7,20,NA,0,NA,0,NA,0,NA,0,NA,0,NA,NA,0
2004,7,21,NA,0,NA,0,NA,0,NA,0,NA,0,NA,NA,0
2004,7,22,NA,0,NA,0,NA,0,NA,0,NA,0,NA,NA,0
2004,7,23,NA,0,NA,0,NA,0,NA,0,NA,0,NA,NA,0
2004,7,24,NA,0,NA,0,NA,0,NA,0,NA,0,NA,NA,0
2004,7,25,NA,0,NA,0,NA,0,NA,0,NA,0,NA,NA,0
2004,7,26,NA,0,NA,0,NA,0,NA,0,NA,0,NA,NA,0
2004,7,27,NA,0,NA,0,NA,0,NA,0,NA,0,NA,NA,0
2004,7,28,NA,0,NA,0,NA,0,NA,0,NA,0,NA,NA,0
2004,7,29,NA,0,NA,0,NA,0,NA,0,NA,0,NA,NA,0
2004,7,30,NA,0,NA,0,NA,0,NA,0,NA,0,NA,NA,0
2004,7,31,NA,0,NA,0,NA,0,NA,0,NA,0,NA,NA,0
2004,8,1,NA,0,NA,0,NA,0,NA,0,NA,0,NA,NA,0
2004,8,2,NA,0,NA,0,NA,0,NA,0,NA,0,NA,NA,0
2004,8,3,NA,0,NA,0,NA,0,NA,0,NA,0,NA,NA,0
2004,8,4,NA,0,NA,0,NA,0,NA,0,NA,0,NA,NA,0
2004,8,5,NA,0,NA,0,NA,0,NA,0,NA,0,NA,NA,0
2004,8,6,NA,0,NA,0,NA,0,NA,0,NA,0,NA,NA,0
2004,8,7,NA,0,NA,0,NA,0,NA,0,NA,0,NA,NA,0
2004,8,8,NA,0,NA,0,NA,0,NA,0,NA,0,NA,NA,0
2004,8,9,NA,0,NA,0,NA,0,NA,0,NA,0,NA,NA,0
2004,8,10,NA,0,NA,0,NA,0,NA,0,NA,0,NA,NA,0
2004,8,11,NA,0,NA,0,NA,0,NA,0,NA,0,NA,NA,0
2004,8,12,NA,0,NA,0,NA,0,NA,0,NA,0,NA,NA,0
2004,8,13,NA,0,NA,0,NA,0,NA,0,NA,0,NA,NA,0
2004,8,14,NA,0,NA,0,NA,0,NA,0,NA,0,NA,NA,0
2004,8,15,NA,0,NA,0,NA,0,NA,0,NA,0,NA,NA,0
2004,8,16,NA,0,NA,0,NA,0,NA,0,NA,0,NA,NA,0
2004,8,17,NA,0,NA,0,NA,0,NA,0,NA,0,NA,NA,0
2004,8,18,NA,0,NA,0,NA,0,NA,0,NA,0,NA,NA,0
2004,8,19,NA,0,NA,0,NA,0,NA,0,NA,0,NA,NA,0
2004,8,20,NA,0,NA,0,NA,0,NA,0,NA,0,NA,NA,0
2004,8,21,NA,0,NA,0,NA,0,NA,0,NA,0,NA,NA,0
2004,8,22,NA,0,NA,0,NA,0,NA,0,NA,0,NA,NA,0
2004,8,23,NA,0,NA,0,NA,0,NA,0,NA,0,NA,NA,0
2004,8,24,NA,0,NA,0,NA,0,NA,0,NA,0,NA,NA,0
2004,8,25,NA,0,NA,0,NA,0,NA,0,NA,0,NA,NA,0
2004,8,26,NA,0,NA,0,NA,0,NA,0,NA,0,NA,NA,0
2004,8,27,NA,0,NA,0,NA,0,NA,0,NA,0,NA,NA,0
2004,8,28,NA,0,NA,0,NA,0,NA,0,NA,0,NA,NA,0
2004,8,29,NA,0,NA,0,NA,0,NA,0,NA,0,NA,NA,0
2004,8,30,NA,0,NA,0,NA,0,NA,0,NA,0,NA,NA,0
2004,8,31,NA,0,NA,0,NA,0,NA,0,NA,0,NA,NA,0
2004,9,1,NA,0,NA,0,NA,0,NA,0,NA,0,NA,NA,0
2004,9,2,NA,0,NA,0,NA,0,NA,0,NA,0,NA,NA,0
2004,9,3,NA,0,NA,0,NA,0,NA,0,NA,0,NA,NA,0
2004,9,4,NA,0,NA,0,NA,0,NA,0,NA,0,NA,NA,0
2004,9,5,NA,0,NA,0,NA,0,NA,0,NA,0,NA,NA,0
2004,9,6,NA,0,NA,0,NA,0,NA,0,NA,0,NA,NA,0
2004,9,7,NA,0,NA,0,NA,0,NA,0,NA,0,NA,NA,0
2004,9,8,NA,0,NA,0,NA,0,NA,0,NA,0,NA,NA,0
2004,9,9,NA,0,NA,0,NA,0,NA,0,NA,0,NA,NA,0
2004,9,10,NA,0,NA,0,NA,0,NA,0,NA,0,NA,NA,0
2004,9,11,NA,0,NA,0,NA,0,NA,0,NA,0,NA,NA,0
2004,9,12,NA,0,NA,0,NA,0,NA,0,NA,0,NA,NA,0
2004,9,13,NA,0,NA,0,NA,0,NA,0,NA,0,NA,NA,0
2004,9,14,NA,0,NA,0,NA,0,NA,0,NA,0,NA,NA,0
2004,9,15,NA,0,NA,0,NA,0,NA,0,NA,0,NA,NA,0
2004,9,16,NA,0,NA,0,NA,0,NA,0,NA,0,NA,NA,0
2004,9,17,NA,0,NA,0,NA,0,NA,0,NA,0,NA,NA,0
2004,9,18,NA,0,NA,0,NA,0,NA,0,NA,0,NA,NA,0
2004,9,19,NA,0,NA,0,NA,0,NA,0,NA,0,NA,NA,0
2004,9,20,NA,0,NA,0,NA,0,NA,0,NA,0,NA,NA,0
2004,9,21,NA,0,NA,0,NA,0,NA,0,NA,0,NA,NA,0
2004,9,22,NA,0,NA,0,NA,0,NA,0,NA,0,NA,NA,0
2004,9,23,NA,0,NA,0,NA,0,NA,0,NA,0,NA,NA,0
2004,9,24,NA,0,NA,0,NA,0,NA,0,NA,0,NA,NA,0
2004,9,25,NA,0,NA,0,NA,0,NA,0,NA,0,NA,NA,0
2004,9,26,NA,0,NA,0,NA,0,NA,0,NA,0,NA,NA,0
2004,9,27,NA,0,NA,0,NA,0,NA,0,NA,0,NA,NA,0
2004,9,28,NA,0,NA,0,NA,0,NA,0,NA,0,NA,NA,0
2004,9,29,NA,0,NA,0,NA,0,NA,0,NA,0,NA,NA,0
2004,9,30,NA,0,NA,0,NA,0,NA,0,NA,0,NA,NA,0
2004,10,1,NA,0,NA,0,NA,0,NA,0,NA,0,NA,NA,0
2004,10,2,NA,0,NA,0,NA,0,NA,0,NA,0,NA,NA,0
2004,10,3,NA,0,NA,0,NA,0,NA,0,NA,0,NA,NA,0
2004,10,4,NA,0,NA,0,NA,0,NA,0,NA,0,NA,NA,0
2004,10,5,NA,0,NA,0,NA,0,NA,0,NA,0,NA,NA,0
2004,10,6,NA,0,NA,0,NA,0,NA,0,NA,0,NA,NA,0
2004,10,7,NA,0,NA,0,NA,0,NA,0,NA,0,NA,NA,0
2004,10,8,NA,0,NA,0,NA,0,NA,0,NA,0,NA,NA,0
2004,10,9,NA,0,NA,0,NA,0,NA,0,NA,0,NA,NA,0
2004,10,10,NA,0,NA,0,NA,0,NA,0,NA,0,NA,NA,0
2004,10,11,NA,0,NA,0,NA,0,NA,0,NA,0,NA,NA,0
2004,10,12,NA,0,NA,0,NA,0,NA,0,NA,0,NA,NA,0
2004,10,13,NA,0,NA,0,NA,0,NA,0,NA,0,NA,NA,0
2004,10,14,NA,0,NA,0,NA,0,NA,0,NA,0,NA,NA,0
2004,10,15,NA,0,NA,0,NA,0,NA,0,NA,0,NA,NA,0
2004,10,16,NA,0,NA,0,NA,0,NA,0,NA,0,NA,NA,0
2004,10,17,NA,0,NA,0,NA,0,NA,0,NA,0,NA,NA,0
2004,10,18,NA,0,NA,0,NA,0,NA,0,NA,0,NA,NA,0
2004,10,19,NA,0,NA,0,NA,0,NA,0,NA,0,NA,NA,0
2004,10,20,NA,0,NA,0,NA,0,NA,0,NA,0,NA,NA,0
2004,10,21,NA,0,NA,0,NA,0,NA,0,NA,0,NA,NA,0
2004,10,22,NA,0,NA,0,NA,0,NA,0,NA,0,NA,NA,0
2004,10,23,NA,0,NA,0,NA,0,NA,0,NA,0,NA,NA,0
2004,10,24,NA,0,NA,0,NA,0,NA,0,NA,0,NA,NA,0
2004,10,25,NA,0,NA,0,NA,0,NA,0,NA,0,NA,NA,0
2004,10,26,NA,0,NA,0,NA,0,NA,0,NA,0,NA,NA,0
2004,10,27,NA,0,NA,0,NA,0,NA,0,NA,0,NA,NA,0
2004,10,28,NA,0,NA,0,NA,0,NA,0,NA,0,NA,NA,0
2004,10,29,NA,0,NA,0,NA,0,NA,0,NA,0,NA,NA,0
2004,10,30,NA,0,NA,0,NA,0,NA,0,NA,0,NA,NA,0
2004,10,31,NA,0,NA,0,NA,0,NA,0,NA,0,NA,NA,0
2004,11,1,NA,0,NA,0,NA,0,NA,0,NA,0,NA,NA,0
2004,11,2,NA,0,NA,0,NA,0,NA,0,NA,0,NA,NA,0
2004,11,3,NA,0,NA,0,NA,0,NA,0,NA,0,NA,NA,0
2004,11,4,NA,0,NA,0,NA,0,NA,0,NA,0,NA,NA,0
2004,11,5,NA,0,NA,0,NA,0,NA,0,NA,0,NA,NA,0
2004,11,6,NA,0,NA,0,NA,0,NA,0,NA,0,NA,NA,0
2004,11,7,NA,0,NA,0,NA,0,NA,0,NA,0,NA,NA,0
2004,11,8,NA,0,NA,0,NA,0,NA,0,NA,0,NA,NA,0
2004,11,9,NA,0,NA,0,NA,0,NA,0,NA,0,NA,NA,0
2004,11,10,NA,0,NA,0,NA,0,NA,0,NA,0,NA,NA,0
2004,11,11,NA,0,NA,0,NA,0,NA,0,NA,0,NA,NA,0
2004,11,12,NA,0,NA,0,NA,0,NA,0,NA,0,NA,NA,0
2004,11,13,NA,0,NA,0,NA,0,NA,0,NA,0,NA,NA,0
2004,11,14,NA,0,NA,0,NA,0,NA,0,NA,0,NA,NA,0
2004,11,15,NA,0,NA,0,NA,0,NA,0,NA,0,NA,NA,0
2004,11,16,NA,0,NA,0,NA,0,NA,0,NA,0,NA,NA,0
2004,11,17,NA,0,NA,0,NA,0,NA,0,NA,0,NA,NA,0
2004,11,18,NA,0,NA,0,NA,0,NA,0,NA,0,NA,NA,0
2004,11,19,NA,0,NA,0,NA,0,NA,0,NA,0,NA,NA,0
2004,11,20,NA,0,NA,0,NA,0,NA,0,NA,0,NA,NA,0
2004,11,21,NA,0,NA,0,NA,0,NA,0,NA,0,NA,NA,0
2004,11,22,NA,0,NA,0,NA,0,NA,0,NA,0,NA,NA,0
2004,11,23,NA,0,NA,0,NA,0,NA,0,NA,0,NA,NA,0
2004,11,24,NA,0,NA,0,NA,0,NA,0,NA,0,NA,NA,0
2004,11,25,NA,0,NA,0,NA,0,NA,0,NA,0,NA,NA,0
2004,11,26,NA,0,NA,0,NA,0,NA,0,NA,0,NA,NA,0
2004,11,27,NA,0,NA,0,NA,0,NA,0,NA,0,NA,NA,0
2004,11,28,NA,0,NA,0,NA,0,NA,0,NA,0,NA,NA,0
2004,11,29,NA,0,NA,0,NA,0,NA,0,NA,0,NA,NA,0
2004,11,30,NA,0,NA,0,NA,0,NA,0,NA,0,NA,NA,0
2004,12,1,NA,0,NA,0,NA,0,NA,0,NA,0,NA,NA,0
2004,12,2,NA,0,NA,0,NA,0,NA,0,NA,0,NA,NA,0
2004,12,3,NA,0,NA,0,NA,0,NA,0,NA,0,NA,NA,0
2004,12,4,NA,0,NA,0,NA,0,NA,0,NA,0,NA,NA,0
2004,12,5,NA,0,NA,0,NA,0,NA,0,NA,0,NA,NA,0
2004,12,6,NA,0,NA,0,NA,0,NA,0,NA,0,NA,NA,0
2004,12,7,NA,0,NA,0,NA,0,NA,0,NA,0,NA,NA,0
2004,12,8,NA,0,NA,0,NA,0,NA,0,NA,0,NA,NA,0
2004,12,9,NA,0,NA,0,NA,0,NA,0,NA,0,NA,NA,0
2004,12,10,NA,0,NA,0,NA,0,NA,0,NA,0,NA,NA,0
2004,12,11,NA,0,NA,0,NA,0,NA,0,NA,0,NA,NA,0
2004,12,12,NA,0,NA,0,NA,0,NA,0,NA,0,NA,NA,0
2004,12,13,NA,0,NA,0,NA,0,NA,0,NA,0,NA,NA,0
2004,12,14,NA,0,NA,0,NA,0,NA,0,NA,0,NA,NA,0
2004,12,15,NA,0,NA,0,NA,0,NA,0,NA,0,NA,NA,0
2004,12,16,NA,0,NA,0,NA,0,NA,0,NA,0,NA,NA,0
2004,12,17,NA,0,NA,0,NA,0,NA,0,NA,0,NA,NA,0
2004,12,18,NA,0,NA,0,NA,0,NA,0,NA,0,NA,NA,0
2004,12,19,NA,0,NA,0,NA,0,NA,0,NA,0,NA,NA,0
2004,12,20,NA,0,NA,0,NA,0,NA,0,NA,0,NA,NA,0
2004,12,21,NA,0,NA,0,NA,0,NA,0,NA,0,NA,NA,0
2004,12,22,NA,0,NA,0,NA,0,NA,0,NA,0,NA,NA,0
2004,12,23,NA,0,NA,0,NA,0,NA,0,NA,0,NA,NA,0
2004,12,24,NA,0,NA,0,NA,0,NA,0,NA,0,NA,NA,0
2004,12,25,NA,0,NA,0,NA,0,NA,0,NA,0,NA,NA,0
2004,12,26,NA,0,NA,0,NA,0,NA,0,NA,0,NA,NA,0
2004,12,27,NA,0,NA,0,NA,0,NA,0,NA,0,NA,NA,0
2004,12,28,NA,0,NA,0,NA,0,NA,0,NA,0,NA,NA,0
2004,12,29,NA,0,NA,0,NA,0,NA,0,NA,0,NA,NA,0
2004,12,30,NA,0,NA,0,NA,0,NA,0,NA,0,NA,NA,0
2004,12,31,NA,0,NA,0,NA,0,NA,0,NA,0,NA,NA,0
2005,1,1,NA,0,NA,0,NA,0,NA,0,NA,0,NA,NA,0
2005,1,2,NA,0,NA,0,NA,0,NA,0,NA,0,NA,NA,0
2005,1,3,NA,0,NA,0,NA,0,NA,0,NA,0,NA,NA,0
2005,1,4,NA,0,NA,0,NA,0,NA,0,NA,0,NA,NA,0
2005,1,5,NA,0,NA,0,NA,0,NA,0,NA,0,NA,NA,0
2005,1,6,NA,0,NA,0,NA,0,NA,0,NA,0,NA,NA,0
2005,1,7,NA,0,NA,0,NA,0,NA,0,NA,0,NA,NA,0
2005,1,8,NA,0,NA,0,NA,0,NA,0,NA,0,NA,NA,0
2005,1,9,NA,0,NA,0,NA,0,NA,0,NA,0,NA,NA,0
2005,1,10,NA,0,NA,0,NA,0,NA,0,NA,0,NA,NA,0
2005,1,11,NA,0,NA,0,NA,0,NA,0,NA,0,NA,NA,0
2005,1,12,NA,0,NA,0,NA,0,NA,0,NA,0,NA,NA,0
2005,1,13,NA,0,NA,0,NA,0,NA,0,NA,0,NA,NA,0
2005,1,14,NA,0,NA,0,NA,0,NA,0,NA,0,NA,NA,0
2005,1,15,NA,0,NA,0,NA,0,NA,0,NA,0,NA,NA,0
2005,1,16,NA,0,NA,0,NA,0,NA,0,NA,0,NA,NA,0
2005,1,17,NA,0,NA,0,NA,0,NA,0,NA,0,NA,NA,0
2005,1,18,NA,0,NA,0,NA,0,NA,0,NA,0,NA,NA,0
2005,1,19,NA,0,NA,0,NA,0,NA,0,NA,0,NA,NA,0
2005,1,20,NA,0,NA,0,NA,0,NA,0,NA,0,NA,NA,0
2005,1,21,NA,0,NA,0,NA,0,NA,0,NA,0,NA,NA,0
2005,1,22,NA,0,NA,0,NA,0,NA,0,NA,0,NA,NA,0
2005,1,23,NA,0,NA,0,NA,0,NA,0,NA,0,NA,NA,0
2005,1,24,NA,0,NA,0,NA,0,NA,0,NA,0,NA,NA,0
2005,1,25,NA,0,NA,0,NA,0,NA,0,NA,0,NA,NA,0
2005,1,26,NA,0,NA,0,NA,0,NA,0,NA,0,NA,NA,0
2005,1,27,NA,0,NA,0,NA,0,NA,0,NA,0,NA,NA,0
2005,1,28,NA,0,NA,0,NA,0,NA,0,NA,0,NA,NA,0
2005,1,29,NA,0,NA,0,NA,0,NA,0,NA,0,NA,NA,0
2005,1,30,NA,0,NA,0,NA,0,NA,0,NA,0,NA,NA,0
2005,1,31,NA,0,NA,0,NA,0,NA,0,NA,0,NA,NA,0
2005,2,1,NA,0,NA,0,NA,0,NA,0,NA,0,NA,NA,0
2005,2,2,NA,0,NA,0,NA,0,NA,0,NA,0,NA,NA,0
2005,2,3,NA,0,NA,0,NA,0,NA,0,NA,0,NA,NA,0
2005,2,4,NA,0,NA,0,NA,0,NA,0,NA,0,NA,NA,0
2005,2,5,NA,0,NA,0,NA,0,NA,0,NA,0,NA,NA,0
2005,2,6,NA,0,NA,0,NA,0,NA,0,NA,0,NA,NA,0
2005,2,7,NA,0,NA,0,NA,0,NA,0,NA,0,NA,NA,0
2005,2,8,NA,0,NA,0,NA,0,NA,0,NA,0,NA,NA,0
2005,2,9,NA,0,NA,0,NA,0,NA,0,NA,0,NA,NA,0
2005,2,10,NA,0,NA,0,NA,0,NA,0,NA,0,NA,NA,0
2005,2,11,NA,0,NA,0,NA,0,NA,0,NA,0,NA,NA,0
2005,2,12,NA,0,NA,0,NA,0,NA,0,NA,0,NA,NA,0
2005,2,13,NA,0,NA,0,NA,0,NA,0,NA,0,NA,NA,0
2005,2,14,NA,0,NA,0,NA,0,NA,0,NA,0,NA,NA,0
2005,2,15,NA,0,NA,0,NA,0,NA,0,NA,0,NA,NA,0
2005,2,16,NA,0,NA,0,NA,0,NA,0,NA,0,NA,NA,0
2005,2,17,NA,0,NA,0,NA,0,NA,0,NA,0,NA,NA,0
2005,2,18,NA,0,NA,0,NA,0,NA,0,NA,0,NA,NA,0
2005,2,19,NA,0,NA,0,NA,0,NA,0,NA,0,NA,NA,0
2005,2,20,NA,0,NA,0,NA,0,NA,0,NA,0,NA,NA,0
2005,2,21,NA,0,NA,0,NA,0,NA,0,NA,0,NA,NA,0
2005,2,22,NA,0,NA,0,NA,0,NA,0,NA,0,NA,NA,0
2005,2,23,NA,0,NA,0,NA,0,NA,0,NA,0,NA,NA,0
2005,2,24,NA,0,NA,0,NA,0,NA,0,NA,0,NA,NA,0
2005,2,25,NA,0,NA,0,NA,0,NA,0,NA,0,NA,NA,0
2005,2,26,NA,0,NA,0,NA,0,NA,0,NA,0,NA,NA,0
2005,2,27,NA,0,NA,0,NA,0,NA,0,NA,0,NA,NA,0
2005,2,28,NA,0,NA,0,NA,0,NA,0,NA,0,NA,NA,0
2005,3,1,NA,0,NA,0,NA,0,NA,0,NA,0,NA,NA,0
2005,3,2,NA,0,NA,0,NA,0,NA,0,NA,0,NA,NA,0
2005,3,3,NA,0,NA,0,NA,0,NA,0,NA,0,NA,NA,0
2005,3,4,NA,0,NA,0,NA,0,NA,0,NA,0,NA,NA,0
2005,3,5,NA,0,NA,0,NA,0,NA,0,NA,0,NA,NA,0
2005,3,6,NA,0,NA,0,NA,0,NA,0,NA,0,NA,NA,0
2005,3,7,NA,0,NA,0,NA,0,NA,0,NA,0,NA,NA,0
2005,3,8,NA,0,NA,0,NA,0,NA,0,NA,0,NA,NA,0
2005,3,9,NA,0,NA,0,NA,0,NA,0,NA,0,NA,NA,0
2005,3,10,NA,0,NA,0,NA,0,NA,0,NA,0,NA,NA,0
2005,3,11,NA,0,NA,0,NA,0,NA,0,NA,0,NA,NA,0
2005,3,12,NA,0,NA,0,NA,0,NA,0,NA,0,NA,NA,0
2005,3,13,NA,0,NA,0,NA,0,NA,0,NA,0,NA,NA,0
2005,3,14,NA,0,NA,0,NA,0,NA,0,NA,0,NA,NA,0
2005,3,15,NA,0,NA,0,NA,0,NA,0,NA,0,NA,NA,0
2005,3,16,NA,0,NA,0,NA,0,NA,0,NA,0,NA,NA,0
2005,3,17,NA,0,NA,0,NA,0,NA,0,NA,0,NA,NA,0
2005,3,18,NA,0,NA,0,NA,0,NA,0,NA,0,NA,NA,0
2005,3,19,NA,0,NA,0,NA,0,NA,0,NA,0,NA,NA,0
2005,3,20,NA,0,NA,0,NA,0,NA,0,NA,0,NA,NA,0
2005,3,21,NA,0,NA,0,NA,0,NA,0,NA,0,NA,NA,0
2005,3,22,NA,0,NA,0,NA,0,NA,0,NA,0,NA,NA,0
2005,3,23,NA,0,NA,0,NA,0,NA,0,NA,0,NA,NA,0
2005,3,24,NA,0,NA,0,NA,0,NA,0,NA,0,NA,NA,0
2005,3,25,NA,0,NA,0,NA,0,NA,0,NA,0,NA,NA,0
2005,3,26,NA,0,NA,0,NA,0,NA,0,NA,0,NA,NA,0
2005,3,27,NA,0,NA,0,NA,0,NA,0,NA,0,NA,NA,0
2005,3,28,NA,0,NA,0,NA,0,NA,0,NA,0,NA,NA,0
2005,3,29,NA,0,NA,0,NA,0,NA,0,NA,0,NA,NA,0
2005,3,30,NA,0,NA,0,NA,0,NA,0,NA,0,NA,NA,0
2005,3,31,NA,0,NA,0,NA,0,NA,0,NA,0,NA,NA,0
2005,4,1,NA,0,NA,0,NA,0,NA,0,NA,0,NA,NA,0
2005,4,2,NA,0,NA,0,NA,0,NA,0,NA,0,NA,NA,0
2005,4,3,NA,0,NA,0,NA,0,NA,0,NA,0,NA,NA,0
2005,4,4,NA,0,NA,0,NA,0,NA,0,NA,0,NA,NA,0
2005,4,5,NA,0,NA,0,NA,0,NA,0,NA,0,NA,NA,0
2005,4,6,NA,0,NA,0,NA,0,NA,0,NA,0,NA,NA,0
2005,4,7,NA,0,NA,0,NA,0,NA,0,NA,0,NA,NA,0
2005,4,8,NA,0,NA,0,NA,0,NA,0,NA,0,NA,NA,0
2005,4,9,NA,0,NA,0,NA,0,NA,0,NA,0,NA,NA,0
2005,4,10,NA,0,NA,0,NA,0,NA,0,NA,0,NA,NA,0
2005,4,11,NA,0,NA,0,NA,0,NA,0,NA,0,NA,NA,0
2005,4,12,NA,0,NA,0,NA,0,NA,0,NA,0,NA,NA,0
2005,4,13,NA,0,NA,0,NA,0,NA,0,NA,0,NA,NA,0
2005,4,14,NA,0,NA,0,NA,0,NA,0,NA,0,NA,NA,0
2005,4,15,NA,0,NA,0,NA,0,NA,0,NA,0,NA,NA,0
2005,4,16,NA,0,NA,0,NA,0,NA,0,NA,0,NA,NA,0
2005,4,17,NA,0,NA,0,NA,0,NA,0,NA,0,NA,NA,0
2005,4,18,NA,0,NA,0,NA,0,NA,0,NA,0,NA,NA,0
2005,4,19,NA,0,NA,0,NA,0,NA,0,NA,0,NA,NA,0
2005,4,20,NA,0,NA,0,NA,0,NA,0,NA,0,NA,NA,0
2005,4,21,NA,0,NA,0,NA,0,NA,0,NA,0,NA,NA,0
2005,4,22,NA,0,NA,0,NA,0,NA,0,NA,0,NA,NA,0
2005,4,23,NA,0,NA,0,NA,0,NA,0,NA,0,NA,NA,0
2005,4,24,NA,0,NA,0,NA,0,NA,0,NA,0,NA,NA,0
2005,4,25,NA,0,NA,0,NA,0,NA,0,NA,0,NA,NA,0
2005,4,26,NA,0,NA,0,NA,0,NA,0,NA,0,NA,NA,0
2005,4,27,NA,0,NA,0,NA,0,NA,0,NA,0,NA,NA,0
2005,4,28,NA,0,NA,0,NA,0,NA,0,NA,0,NA,NA,0
2005,4,29,NA,0,NA,0,NA,0,NA,0,NA,0,NA,NA,0
2005,4,30,NA,0,NA,0,NA,0,NA,0,NA,0,NA,NA,0
2005,5,1,NA,0,NA,0,NA,0,NA,0,NA,0,NA,NA,0
2005,5,2,NA,0,NA,0,NA,0,NA,0,NA,0,NA,NA,0
2005,5,3,NA,0,NA,0,NA,0,NA,0,NA,0,NA,NA,0
2005,5,4,NA,0,NA,0,NA,0,NA,0,NA,0,NA,NA,0
2005,5,5,NA,0,NA,0,NA,0,NA,0,NA,0,NA,NA,0
2005,5,6,NA,0,NA,0,NA,0,NA,0,NA,0,NA,NA,0
2005,5,7,NA,0,NA,0,NA,0,NA,0,NA,0,NA,NA,0
2005,5,8,NA,0,NA,0,NA,0,NA,0,NA,0,NA,NA,0
2005,5,9,NA,0,NA,0,NA,0,NA,0,NA,0,NA,NA,0
2005,5,10,NA,0,NA,0,NA,0,NA,0,NA,0,NA,NA,0
2005,5,11,NA,0,NA,0,NA,0,NA,0,NA,0,NA,NA,0
2005,5,12,NA,0,NA,0,NA,0,NA,0,NA,0,NA,NA,0
2005,5,13,NA,0,NA,0,NA,0,NA,0,NA,0,NA,NA,0
2005,5,14,NA,0,NA,0,NA,0,NA,0,NA,0,NA,NA,0
2005,5,15,NA,0,NA,0,NA,0,NA,0,NA,0,NA,NA,0
2005,5,16,NA,0,NA,0,NA,0,NA,0,NA,0,NA,NA,0
2005,5,17,NA,0,NA,0,NA,0,NA,0,NA,0,NA,NA,0
2005,5,18,NA,0,NA,0,NA,0,NA,0,NA,0,NA,NA,0
2005,5,19,NA,0,NA,0,NA,0,NA,0,NA,0,NA,NA,0
2005,5,20,NA,0,NA,0,NA,0,NA,0,NA,0,NA,NA,0
2005,5,21,NA,0,NA,0,NA,0,NA,0,NA,0,NA,NA,0
2005,5,22,NA,0,NA,0,NA,0,NA,0,NA,0,NA,NA,0
2005,5,23,NA,0,NA,0,NA,0,NA,0,NA,0,NA,NA,0
2005,5,24,NA,0,NA,0,NA,0,NA,0,NA,0,NA,NA,0
2005,5,25,NA,0,NA,0,NA,0,NA,0,NA,0,NA,NA,0
2005,5,26,NA,0,NA,0,NA,0,NA,0,NA,0,NA,NA,0
2005,5,27,NA,0,NA,0,NA,0,NA,0,NA,0,NA,NA,0
2005,5,28,NA,0,NA,0,NA,0,NA,0,NA,0,NA,NA,0
2005,5,29,NA,0,NA,0,NA,0,NA,0,NA,0,NA,NA,0
2005,5,30,NA,0,NA,0,NA,0,NA,0,NA,0,NA,NA,0
2005,5,31,NA,0,NA,0,NA,0,NA,0,NA,0,NA,NA,0
2005,6,1,NA,0,NA,0,NA,0,NA,0,NA,0,NA,NA,0
2005,6,2,NA,0,NA,0,NA,0,NA,0,NA,0,NA,NA,0
2005,6,3,NA,0,NA,0,NA,0,NA,0,NA,0,NA,NA,0
2005,6,4,NA,0,NA,0,NA,0,NA,0,NA,0,NA,NA,0
2005,6,5,NA,0,NA,0,NA,0,NA,0,NA,0,NA,NA,0
2005,6,6,NA,0,NA,0,NA,0,NA,0,NA,0,NA,NA,0
2005,6,7,NA,0,NA,0,NA,0,NA,0,NA,0,NA,NA,0
2005,6,8,NA,0,NA,0,NA,0,NA,0,NA,0,NA,NA,0
2005,6,9,NA,0,NA,0,NA,0,NA,0,NA,0,NA,NA,0
2005,6,10,NA,0,NA,0,NA,0,NA,0,NA,0,NA,NA,0
2005,6,11,NA,0,NA,0,NA,0,NA,0,NA,0,NA,NA,0
2005,6,12,NA,0,NA,0,NA,0,NA,0,NA,0,NA,NA,0
2005,6,13,NA,0,NA,0,NA,0,NA,0,NA,0,NA,NA,0
2005,6,14,NA,0,NA,0,NA,0,NA,0,NA,0,NA,NA,0
2005,6,15,NA,0,NA,0,NA,0,NA,0,NA,0,NA,NA,0
2005,6,16,NA,0,NA,0,NA,0,NA,0,NA,0,NA,NA,0
2005,6,17,NA,0,NA,0,NA,0,NA,0,NA,0,NA,NA,0
2005,6,18,NA,0,NA,0,NA,0,NA,0,NA,0,NA,NA,0
2005,6,19,NA,0,NA,0,NA,0,NA,0,NA,0,NA,NA,0
2005,6,20,NA,0,NA,0,NA,0,NA,0,NA,0,NA,NA,0
2005,6,21,NA,0,NA,0,NA,0,NA,0,NA,0,NA,NA,0
2005,6,22,NA,0,NA,0,NA,0,NA,0,NA,0,NA,NA,0
2005,6,23,NA,0,NA,0,NA,0,NA,0,NA,0,NA,NA,0
2005,6,24,NA,0,NA,0,NA,0,NA,0,NA,0,NA,NA,0
2005,6,25,NA,0,NA,0,NA,0,NA,0,NA,0,NA,NA,0
2005,6,26,NA,0,NA,0,NA,0,NA,0,NA,0,NA,NA,0
2005,6,27,NA,0,NA,0,NA,0,NA,0,NA,0,NA,NA,0
2005,6,28,NA,0,NA,0,NA,0,NA,0,NA,0,NA,NA,0
2005,6,29,NA,0,NA,0,NA,0,NA,0,NA,0,NA,NA,0
2005,6,30,NA,0,NA,0,NA,0,NA,0,NA,0,NA,NA,0
2005,7,1,NA,0,NA,0,NA,0,NA,0,NA,0,NA,NA,0
2005,7,2,NA,0,NA,0,NA,0,NA,0,NA,0,NA,NA,0
2005,7,3,NA,0,NA,0,NA,0,NA,0,NA,0,NA,NA,0
2005,7,4,NA,0,NA,0,NA,0,NA,0,NA,0,NA,NA,0
2005,7,5,NA,0,NA,0,NA,0,NA,0,NA,0,NA,NA,0
2005,7,6,NA,0,NA,0,NA,0,NA,0,NA,0,NA,NA,0
2005,7,7,NA,0,NA,0,NA,0,NA,0,NA,0,NA,NA,0
2005,7,8,NA,0,NA,0,NA,0,NA,0,NA,0,NA,NA,0
2005,7,9,NA,0,NA,0,NA,0,NA,0,NA,0,NA,NA,0
2005,7,10,NA,0,NA,0,NA,0,NA,0,NA,0,NA,NA,0
2005,7,11,NA,0,NA,0,NA,0,NA,0,NA,0,NA,NA,0
2005,7,12,NA,0,NA,0,NA,0,NA,0,NA,0,NA,NA,0
2005,7,13,NA,0,NA,0,NA,0,NA,0,NA,0,NA,NA,0
2005,7,14,NA,0,NA,0,NA,0,NA,0,NA,0,NA,NA,0
2005,7,15,NA,0,NA,0,NA,0,NA,0,NA,0,NA,NA,0
2005,7,16,NA,0,NA,0,NA,0,NA,0,NA,0,NA,NA,0
2005,7,17,NA,0,NA,0,NA,0,NA,0,NA,0,NA,NA,0
2005,7,18,NA,0,NA,0,NA,0,NA,0,NA,0,NA,NA,0
2005,7,19,NA,0,NA,0,NA,0,NA,0,NA,0,NA,NA,0
2005,7,20,NA,0,NA,0,NA,0,NA,0,NA,0,NA,NA,0
2005,7,21,NA,0,NA,0,NA,0,NA,0,NA,0,NA,NA,0
2005,7,22,NA,0,NA,0,NA,0,NA,0,NA,0,NA,NA,0
2005,7,23,NA,0,NA,0,NA,0,NA,0,NA,0,NA,NA,0
2005,7,24,NA,0,NA,0,NA,0,NA,0,NA,0,NA,NA,0
2005,7,25,NA,0,NA,0,NA,0,NA,0,NA,0,NA,NA,0
2005,7,26,NA,0,NA,0,NA,0,NA,0,NA,0,NA,NA,0
2005,7,27,NA,0,NA,0,NA,0,NA,0,NA,0,NA,NA,0
2005,7,28,NA,0,NA,0,NA,0,NA,0,NA,0,NA,NA,0
2005,7,29,NA,0,NA,0,NA,0,NA,0,NA,0,NA,NA,0
2005,7,30,NA,0,NA,0,NA,0,NA,0,NA,0,NA,NA,0
2005,7,31,NA,0,NA,0,NA,0,NA,0,NA,0,NA,NA,0
2005,8,1,NA,0,NA,0,NA,0,NA,0,NA,0,NA,NA,0
2005,8,2,NA,0,NA,0,NA,0,NA,0,NA,0,NA,NA,0
2005,8,3,NA,0,NA,0,NA,0,NA,0,NA,0,NA,NA,0
2005,8,4,NA,0,NA,0,NA,0,NA,0,NA,0,NA,NA,0
2005,8,5,NA,0,NA,0,NA,0,NA,0,NA,0,NA,NA,0
2005,8,6,NA,0,NA,0,NA,0,NA,0,NA,0,NA,NA,0
2005,8,7,NA,0,NA,0,NA,0,NA,0,NA,0,NA,NA,0
2005,8,8,NA,0,NA,0,NA,0,NA,0,NA,0,NA,NA,0
2005,8,9,NA,0,NA,0,NA,0,NA,0,NA,0,NA,NA,0
2005,8,10,NA,0,NA,0,NA,0,NA,0,NA,0,NA,NA,0
2005,8,11,NA,0,NA,0,NA,0,NA,0,NA,0,NA,NA,0
2005,8,12,NA,0,NA,0,NA,0,NA,0,NA,0,NA,NA,0
2005,8,13,NA,0,NA,0,NA,0,NA,0,NA,0,NA,NA,0
2005,8,14,NA,0,NA,0,NA,0,NA,0,NA,0,NA,NA,0
2005,8,15,NA,0,NA,0,NA,0,NA,0,NA,0,NA,NA,0
2005,8,16,NA,0,NA,0,NA,0,NA,0,NA,0,NA,NA,0
2005,8,17,NA,0,NA,0,NA,0,NA,0,NA,0,NA,NA,0
2005,8,18,NA,0,NA,0,NA,0,NA,0,NA,0,NA,NA,0
2005,8,19,NA,0,NA,0,NA,0,NA,0,NA,0,NA,NA,0
2005,8,20,NA,0,NA,0,NA,0,NA,0,NA,0,NA,NA,0
2005,8,21,NA,0,NA,0,NA,0,NA,0,NA,0,NA,NA,0
2005,8,22,NA,0,NA,0,NA,0,NA,0,NA,0,NA,NA,0
2005,8,23,NA,0,NA,0,NA,0,NA,0,NA,0,NA,NA,0
2005,8,24,NA,0,NA,0,NA,0,NA,0,NA,0,NA,NA,0
2005,8,25,NA,0,NA,0,NA,0,NA,0,NA,0,NA,NA,0
2005,8,26,NA,0,NA,0,NA,0,NA,0,NA,0,NA,NA,0
2005,8,27,NA,0,NA,0,NA,0,NA,0,NA,0,NA,NA,0
2005,8,28,NA,0,NA,0,NA,0,NA,0,NA,0,NA,NA,0
2005,8,29,NA,0,NA,0,NA,0,NA,0,NA,0,NA,NA,0
2005,8,30,NA,0,NA,0,NA,0,NA,0,NA,0,NA,NA,0
2005,8,31,NA,0,NA,0,NA,0,NA,0,NA,0,NA,NA,0
2005,9,1,NA,0,NA,0,NA,0,NA,0,NA,0,NA,NA,0
2005,9,2,NA,0,NA,0,NA,0,NA,0,NA,0,NA,NA,0
2005,9,3,NA,0,NA,0,NA,0,NA,0,NA,0,NA,NA,0
2005,9,4,NA,0,NA,0,NA,0,NA,0,NA,0,NA,NA,0
2005,9,5,NA,0,NA,0,NA,0,NA,0,NA,0,NA,NA,0
2005,9,6,NA,0,NA,0,NA,0,NA,0,NA,0,NA,NA,0
2005,9,7,NA,0,NA,0,NA,0,NA,0,NA,0,NA,NA,0
2005,9,8,NA,0,NA,0,NA,0,NA,0,NA,0,NA,NA,0
2005,9,9,NA,0,NA,0,NA,0,NA,0,NA,0,NA,NA,0
2005,9,10,NA,0,NA,0,NA,0,NA,0,NA,0,NA,NA,0
2005,9,11,NA,0,NA,0,NA,0,NA,0,NA,0,NA,NA,0
2005,9,12,NA,0,NA,0,NA,0,NA,0,NA,0,NA,NA,0
2005,9,13,NA,0,NA,0,NA,0,NA,0,NA,0,NA,NA,0
2005,9,14,NA,0,NA,0,NA,0,NA,0,NA,0,NA,NA,0
2005,9,15,NA,0,NA,0,NA,0,NA,0,NA,0,NA,NA,0
2005,9,16,NA,0,NA,0,NA,0,NA,0,NA,0,NA,NA,0
2005,9,17,NA,0,NA,0,NA,0,NA,0,NA,0,NA,NA,0
2005,9,18,NA,0,NA,0,NA,0,NA,0,NA,0,NA,NA,0
2005,9,19,NA,0,NA,0,NA,0,NA,0,NA,0,NA,NA,0
2005,9,20,NA,0,NA,0,NA,0,NA,0,NA,0,NA,NA,0
2005,9,21,NA,0,NA,0,NA,0,NA,0,NA,0,NA,NA,0
2005,9,22,NA,0,NA,0,NA,0,NA,0,NA,0,NA,NA,0
2005,9,23,NA,0,NA,0,NA,0,NA,0,NA,0,NA,NA,0
2005,9,24,NA,0,NA,0,NA,0,NA,0,NA,0,NA,NA,0
2005,9,25,NA,0,NA,0,NA,0,NA,0,NA,0,NA,NA,0
2005,9,26,NA,0,NA,0,NA,0,NA,0,NA,0,NA,NA,0
2005,9,27,NA,0,NA,0,NA,0,NA,0,NA,0,NA,NA,0
2005,9,28,NA,0,NA,0,NA,0,NA,0,NA,0,NA,NA,0
2005,9,29,NA,0,NA,0,NA,0,NA,0,NA,0,NA,NA,0
2005,9,30,NA,0,NA,0,NA,0,NA,0,NA,0,NA,NA,0
2005,10,1,NA,0,NA,0,NA,0,NA,0,NA,0,NA,NA,0
2005,10,2,NA,0,NA,0,NA,0,NA,0,NA,0,NA,NA,0
2005,10,3,NA,0,NA,0,NA,0,NA,0,NA,0,NA,NA,0
2005,10,4,NA,0,NA,0,NA,0,NA,0,NA,0,NA,NA,0
2005,10,5,NA,0,NA,0,NA,0,NA,0,NA,0,NA,NA,0
2005,10,6,NA,0,NA,0,NA,0,NA,0,NA,0,NA,NA,0
2005,10,7,NA,0,NA,0,NA,0,NA,0,NA,0,NA,NA,0
2005,10,8,NA,0,NA,0,NA,0,NA,0,NA,0,NA,NA,0
2005,10,9,NA,0,NA,0,NA,0,NA,0,NA,0,NA,NA,0
2005,10,10,NA,0,NA,0,NA,0,NA,0,NA,0,NA,NA,0
2005,10,11,NA,0,NA,0,NA,0,NA,0,NA,0,NA,NA,0
2005,10,12,NA,0,NA,0,NA,0,NA,0,NA,0,NA,NA,0
2005,10,13,NA,0,NA,0,NA,0,NA,0,NA,0,NA,NA,0
2005,10,14,NA,0,NA,0,NA,0,NA,0,NA,0,NA,NA,0
2005,10,15,NA,0,NA,0,NA,0,NA,0,NA,0,NA,NA,0
2005,10,16,NA,0,NA,0,NA,0,NA,0,NA,0,NA,NA,0
2005,10,17,NA,0,NA,0,NA,0,NA,0,NA,0,NA,NA,0
2005,10,18,NA,0,NA,0,NA,0,NA,0,NA,0,NA,NA,0
2005,10,19,NA,0,NA,0,NA,0,NA,0,NA,0,NA,NA,0
2005,10,20,NA,0,NA,0,NA,0,NA,0,NA,0,NA,NA,0
2005,10,21,NA,0,NA,0,NA,0,NA,0,NA,0,NA,NA,0
2005,10,22,NA,0,NA,0,NA,0,NA,0,NA,0,NA,NA,0
2005,10,23,NA,0,NA,0,NA,0,NA,0,NA,0,NA,NA,0
2005,10,24,NA,0,NA,0,NA,0,NA,0,NA,0,NA,NA,0
2005,10,25,NA,0,NA,0,NA,0,NA,0,NA,0,NA,NA,0
2005,10,26,NA,0,NA,0,NA,0,NA,0,NA,0,NA,NA,0
2005,10,27,NA,0,NA,0,NA,0,NA,0,NA,0,NA,NA,0
2005,10,28,NA,0,NA,0,NA,0,NA,0,NA,0,NA,NA,0
2005,10,29,NA,0,NA,0,NA,0,NA,0,NA,0,NA,NA,0
2005,10,30,NA,0,NA,0,NA,0,NA,0,NA,0,NA,NA,0
2005,10,31,NA,0,NA,0,NA,0,NA,0,NA,0,NA,NA,0
2005,11,1,NA,0,NA,0,NA,0,NA,0,NA,0,NA,NA,0
2005,11,2,NA,0,NA,0,NA,0,NA,0,NA,0,NA,NA,0
2005,11,3,NA,0,NA,0,NA,0,NA,0,NA,0,NA,NA,0
2005,11,4,NA,0,NA,0,NA,0,NA,0,NA,0,NA,NA,0
2005,11,5,NA,0,NA,0,NA,0,NA,0,NA,0,NA,NA,0
2005,11,6,NA,0,NA,0,NA,0,NA,0,NA,0,NA,NA,0
2005,11,7,NA,0,NA,0,NA,0,NA,0,NA,0,NA,NA,0
2005,11,8,NA,0,NA,0,NA,0,NA,0,NA,0,NA,NA,0
2005,11,9,NA,0,NA,0,NA,0,NA,0,NA,0,NA,NA,0
2005,11,10,NA,0,NA,0,NA,0,NA,0,NA,0,NA,NA,0
2005,11,11,NA,0,NA,0,NA,0,NA,0,NA,0,NA,NA,0
2005,11,12,NA,0,NA,0,NA,0,NA,0,NA,0,NA,NA,0
2005,11,13,NA,0,NA,0,NA,0,NA,0,NA,0,NA,NA,0
2005,11,14,NA,0,NA,0,NA,0,NA,0,NA,0,NA,NA,0
2005,11,15,NA,0,NA,0,NA,0,NA,0,NA,0,NA,NA,0
2005,11,16,NA,0,NA,0,NA,0,NA,0,NA,0,NA,NA,0
2005,11,17,NA,0,NA,0,NA,0,NA,0,NA,0,NA,NA,0
2005,11,18,NA,0,NA,0,NA,0,NA,0,NA,0,NA,NA,0
2005,11,19,NA,0,NA,0,NA,0,NA,0,NA,0,NA,NA,0
2005,11,20,NA,0,NA,0,NA,0,NA,0,NA,0,NA,NA,0
2005,11,21,NA,0,NA,0,NA,0,NA,0,NA,0,NA,NA,0
2005,11,22,NA,0,NA,0,NA,0,NA,0,NA,0,NA,NA,0
2005,11,23,NA,0,NA,0,NA,0,NA,0,NA,0,NA,NA,0
2005,11,24,NA,0,NA,0,NA,0,NA,0,NA,0,NA,NA,0
2005,11,25,NA,0,NA,0,NA,0,NA,0,NA,0,NA,NA,0
2005,11,26,NA,0,NA,0,NA,0,NA,0,NA,0,NA,NA,0
2005,11,27,NA,0,NA,0,NA,0,NA,0,NA,0,NA,NA,0
2005,11,28,NA,0,NA,0,NA,0,NA,0,NA,0,NA,NA,0
2005,11,29,NA,0,NA,0,NA,0,NA,0,NA,0,NA,NA,0
2005,11,30,NA,0,NA,0,NA,0,NA,0,NA,0,NA,NA,0
2005,12,1,NA,0,NA,0,NA,0,NA,0,NA,0,NA,NA,0
2005,12,2,NA,0,NA,0,NA,0,NA,0,NA,0,NA,NA,0
2005,12,3,NA,0,NA,0,NA,0,NA,0,NA,0,NA,NA,0
2005,12,4,NA,0,NA,0,NA,0,NA,0,NA,0,NA,NA,0
2005,12,5,NA,0,NA,0,NA,0,NA,0,NA,0,NA,NA,0
2005,12,6,NA,0,NA,0,NA,0,NA,0,NA,0,NA,NA,0
2005,12,7,NA,0,NA,0,NA,0,NA,0,NA,0,NA,NA,0
2005,12,8,NA,0,NA,0,NA,0,NA,0,NA,0,NA,NA,0
2005,12,9,NA,0,NA,0,NA,0,NA,0,NA,0,NA,NA,0
2005,12,10,NA,0,NA,0,NA,0,NA,0,NA,0,NA,NA,0
2005,12,11,NA,0,NA,0,NA,0,NA,0,NA,0,NA,NA,0
2005,12,12,NA,0,NA,0,NA,0,NA,0,NA,0,NA,NA,0
2005,12,13,NA,0,NA,0,NA,0,NA,0,NA,0,NA,NA,0
2005,12,14,NA,0,NA,0,NA,0,NA,0,NA,0,NA,NA,0
2005,12,15,NA,0,NA,0,NA,0,NA,0,NA,0,NA,NA,0
2005,12,16,NA,0,NA,0,NA,0,NA,0,NA,0,NA,NA,0
2005,12,17,NA,0,NA,0,NA,0,NA,0,NA,0,NA,NA,0
2005,12,18,NA,0,NA,0,NA,0,NA,0,NA,0,NA,NA,0
2005,12,19,NA,0,NA,0,NA,0,NA,0,NA,0,NA,NA,0
2005,12,20,NA,0,NA,0,NA,0,NA,0,NA,0,NA,NA,0
2005,12,21,NA,0,NA,0,NA,0,NA,0,NA,0,NA,NA,0
2005,12,22,NA,0,NA,0,NA,0,NA,0,NA,0,NA,NA,0
2005,12,23,NA,0,NA,0,NA,0,NA,0,NA,0,NA,NA,0
2005,12,24,NA,0,NA,0,NA,0,NA,0,NA,0,NA,NA,0
2005,12,25,NA,0,NA,0,NA,0,NA,0,NA,0,NA,NA,0
2005,12,26,NA,0,NA,0,NA,0,NA,0,NA,0,NA,NA,0
2005,12,27,NA,0,NA,0,NA,0,NA,0,NA,0,NA,NA,0
2005,12,28,NA,0,NA,0,NA,0,NA,0,NA,0,NA,NA,0
2005,12,29,NA,0,NA,0,NA,0,NA,0,NA,0,NA,NA,0
2005,12,30,NA,0,NA,0,NA,0,NA,0,NA,0,NA,NA,0
2005,12,31,NA,0,NA,0,NA,0,NA,0,NA,0,NA,NA,0
2006,1,1,NA,0,NA,0,NA,0,NA,0,NA,0,NA,NA,0
2006,1,2,NA,0,NA,0,NA,0,NA,0,NA,0,NA,NA,0
2006,1,3,NA,0,NA,0,NA,0,NA,0,NA,0,NA,NA,0
2006,1,4,NA,0,NA,0,NA,0,NA,0,NA,0,NA,NA,0
2006,1,5,NA,0,NA,0,NA,0,NA,0,NA,0,NA,NA,0
2006,1,6,NA,0,NA,0,NA,0,NA,0,NA,0,NA,NA,0
2006,1,7,NA,0,NA,0,NA,0,NA,0,NA,0,NA,NA,0
2006,1,8,NA,0,NA,0,NA,0,NA,0,NA,0,NA,NA,0
2006,1,9,NA,0,NA,0,NA,0,NA,0,NA,0,NA,NA,0
2006,1,10,NA,0,NA,0,NA,0,NA,0,NA,0,NA,NA,0
2006,1,11,NA,0,NA,0,NA,0,NA,0,NA,0,NA,NA,0
2006,1,12,NA,0,NA,0,NA,0,NA,0,NA,0,NA,NA,0
2006,1,13,NA,0,NA,0,NA,0,NA,0,NA,0,NA,NA,0
2006,1,14,NA,0,NA,0,NA,0,NA,0,NA,0,NA,NA,0
2006,1,15,NA,0,NA,0,NA,0,NA,0,NA,0,NA,NA,0
2006,1,16,NA,0,NA,0,NA,0,NA,0,NA,0,NA,NA,0
2006,1,17,NA,0,NA,0,NA,0,NA,0,NA,0,NA,NA,0
2006,1,18,NA,0,NA,0,NA,0,NA,0,NA,0,NA,NA,0
2006,1,19,NA,0,NA,0,NA,0,NA,0,NA,0,NA,NA,0
2006,1,20,NA,0,NA,0,NA,0,NA,0,NA,0,NA,NA,0
2006,1,21,NA,0,NA,0,NA,0,NA,0,NA,0,NA,NA,0
2006,1,22,NA,0,NA,0,NA,0,NA,0,NA,0,NA,NA,0
2006,1,23,NA,0,NA,0,NA,0,NA,0,NA,0,NA,NA,0
2006,1,24,NA,0,NA,0,NA,0,NA,0,NA,0,NA,NA,0
2006,1,25,NA,0,NA,0,NA,0,NA,0,NA,0,NA,NA,0
2006,1,26,NA,0,NA,0,NA,0,NA,0,NA,0,NA,NA,0
2006,1,27,NA,0,NA,0,NA,0,NA,0,NA,0,NA,NA,0
2006,1,28,NA,0,NA,0,NA,0,NA,0,NA,0,NA,NA,0
2006,1,29,NA,0,NA,0,NA,0,NA,0,NA,0,NA,NA,0
2006,1,30,NA,0,NA,0,NA,0,NA,0,NA,0,NA,NA,0
2006,1,31,NA,0,NA,0,NA,0,NA,0,NA,0,NA,NA,0
2006,2,1,NA,0,NA,0,NA,0,NA,0,NA,0,NA,NA,0
2006,2,2,NA,0,NA,0,NA,0,NA,0,NA,0,NA,NA,0
2006,2,3,NA,0,NA,0,NA,0,NA,0,NA,0,NA,NA,0
2006,2,4,NA,0,NA,0,NA,0,NA,0,NA,0,NA,NA,0
2006,2,5,NA,0,NA,0,NA,0,NA,0,NA,0,NA,NA,0
2006,2,6,NA,0,NA,0,NA,0,NA,0,NA,0,NA,NA,0
2006,2,7,NA,0,NA,0,NA,0,NA,0,NA,0,NA,NA,0
2006,2,8,NA,0,NA,0,NA,0,NA,0,NA,0,NA,NA,0
2006,2,9,NA,0,NA,0,NA,0,NA,0,NA,0,NA,NA,0
2006,2,10,NA,0,NA,0,NA,0,NA,0,NA,0,NA,NA,0
2006,2,11,NA,0,NA,0,NA,0,NA,0,NA,0,NA,NA,0
2006,2,12,NA,0,NA,0,NA,0,NA,0,NA,0,NA,NA,0
2006,2,13,NA,0,NA,0,NA,0,NA,0,NA,0,NA,NA,0
2006,2,14,NA,0,NA,0,NA,0,NA,0,NA,0,NA,NA,0
2006,2,15,NA,0,NA,0,NA,0,NA,0,NA,0,NA,NA,0
2006,2,16,NA,0,NA,0,NA,0,NA,0,NA,0,NA,NA,0
2006,2,17,NA,0,NA,0,NA,0,NA,0,NA,0,NA,NA,0
2006,2,18,NA,0,NA,0,NA,0,NA,0,NA,0,NA,NA,0
2006,2,19,NA,0,NA,0,NA,0,NA,0,NA,0,NA,NA,0
2006,2,20,NA,0,NA,0,NA,0,NA,0,NA,0,NA,NA,0
2006,2,21,NA,0,NA,0,NA,0,NA,0,NA,0,NA,NA,0
2006,2,22,NA,0,NA,0,NA,0,NA,0,NA,0,NA,NA,0
2006,2,23,NA,0,NA,0,NA,0,NA,0,NA,0,NA,NA,0
2006,2,24,NA,0,NA,0,NA,0,NA,0,NA,0,NA,NA,0
2006,2,25,NA,0,NA,0,NA,0,NA,0,NA,0,NA,NA,0
2006,2,26,NA,0,NA,0,NA,0,NA,0,NA,0,NA,NA,0
2006,2,27,NA,0,NA,0,NA,0,NA,0,NA,0,NA,NA,0
2006,2,28,NA,0,NA,0,NA,0,NA,0,NA,0,NA,NA,0
2006,3,1,NA,0,NA,0,NA,0,NA,0,NA,0,NA,NA,0
2006,3,2,NA,0,NA,0,NA,0,NA,0,NA,0,NA,NA,0
2006,3,3,NA,0,NA,0,NA,0,NA,0,NA,0,NA,NA,0
2006,3,4,NA,0,NA,0,NA,0,NA,0,NA,0,NA,NA,0
2006,3,5,NA,0,NA,0,NA,0,NA,0,NA,0,NA,NA,0
2006,3,6,NA,0,NA,0,NA,0,NA,0,NA,0,NA,NA,0
2006,3,7,NA,0,NA,0,NA,0,NA,0,NA,0,NA,NA,0
2006,3,8,NA,0,NA,0,NA,0,NA,0,NA,0,NA,NA,0
2006,3,9,NA,0,NA,0,NA,0,NA,0,NA,0,NA,NA,0
2006,3,10,NA,0,NA,0,NA,0,NA,0,NA,0,NA,NA,0
2006,3,11,NA,0,NA,0,NA,0,NA,0,NA,0,NA,NA,0
2006,3,12,NA,0,NA,0,NA,0,NA,0,NA,0,NA,NA,0
2006,3,13,NA,0,NA,0,NA,0,NA,0,NA,0,NA,NA,0
2006,3,14,NA,0,NA,0,NA,0,NA,0,NA,0,NA,NA,0
2006,3,15,NA,0,NA,0,NA,0,NA,0,NA,0,NA,NA,0
2006,3,16,NA,0,NA,0,NA,0,NA,0,NA,0,NA,NA,0
2006,3,17,NA,0,NA,0,NA,0,NA,0,NA,0,NA,NA,0
2006,3,18,NA,0,NA,0,NA,0,NA,0,NA,0,NA,NA,0
2006,3,19,NA,0,NA,0,NA,0,NA,0,NA,0,NA,NA,0
2006,3,20,NA,0,NA,0,NA,0,NA,0,NA,0,NA,NA,0
2006,3,21,NA,0,NA,0,NA,0,NA,0,NA,0,NA,NA,0
2006,3,22,NA,0,NA,0,NA,0,NA,0,NA,0,NA,NA,0
2006,3,23,NA,0,NA,0,NA,0,NA,0,NA,0,NA,NA,0
2006,3,24,NA,0,NA,0,NA,0,NA,0,NA,0,NA,NA,0
2006,3,25,NA,0,NA,0,NA,0,NA,0,NA,0,NA,NA,0
2006,3,26,NA,0,NA,0,NA,0,NA,0,NA,0,NA,NA,0
2006,3,27,NA,0,NA,0,NA,0,NA,0,NA,0,NA,NA,0
2006,3,28,NA,0,NA,0,NA,0,NA,0,NA,0,NA,NA,0
2006,3,29,NA,0,NA,0,NA,0,NA,0,NA,0,NA,NA,0
2006,3,30,NA,0,NA,0,NA,0,NA,0,NA,0,NA,NA,0
2006,3,31,NA,0,NA,0,NA,0,NA,0,NA,0,NA,NA,0
2006,4,1,NA,0,NA,0,NA,0,NA,0,NA,0,NA,NA,0
2006,4,2,NA,0,NA,0,NA,0,NA,0,NA,0,NA,NA,0
2006,4,3,NA,0,NA,0,NA,0,NA,0,NA,0,NA,NA,0
2006,4,4,NA,0,NA,0,NA,0,NA,0,NA,0,NA,NA,0
2006,4,5,NA,0,NA,0,NA,0,NA,0,NA,0,NA,NA,0
2006,4,6,NA,0,NA,0,NA,0,NA,0,NA,0,NA,NA,0
2006,4,7,NA,0,NA,0,NA,0,NA,0,NA,0,NA,NA,0
2006,4,8,NA,0,NA,0,NA,0,NA,0,NA,0,NA,NA,0
2006,4,9,NA,0,NA,0,NA,0,NA,0,NA,0,NA,NA,0
2006,4,10,NA,0,NA,0,NA,0,NA,0,NA,0,NA,NA,0
2006,4,11,NA,0,NA,0,NA,0,NA,0,NA,0,NA,NA,0
2006,4,12,NA,0,NA,0,NA,0,NA,0,NA,0,NA,NA,0
2006,4,13,NA,0,NA,0,NA,0,NA,0,NA,0,NA,NA,0
2006,4,14,NA,0,NA,0,NA,0,NA,0,NA,0,NA,NA,0
2006,4,15,NA,0,NA,0,NA,0,NA,0,NA,0,NA,NA,0
2006,4,16,NA,0,NA,0,NA,0,NA,0,NA,0,NA,NA,0
2006,4,17,NA,0,NA,0,NA,0,NA,0,NA,0,NA,NA,0
2006,4,18,NA,0,NA,0,NA,0,NA,0,NA,0,NA,NA,0
2006,4,19,NA,0,NA,0,NA,0,NA,0,NA,0,NA,NA,0
2006,4,20,NA,0,NA,0,NA,0,NA,0,NA,0,NA,NA,0
2006,4,21,NA,0,NA,0,NA,0,NA,0,NA,0,NA,NA,0
2006,4,22,NA,0,NA,0,NA,0,NA,0,NA,0,NA,NA,0
2006,4,23,NA,0,NA,0,NA,0,NA,0,NA,0,NA,NA,0
2006,4,24,NA,0,NA,0,NA,0,NA,0,NA,0,NA,NA,0
2006,4,25,NA,0,NA,0,NA,0,NA,0,NA,0,NA,NA,0
2006,4,26,NA,0,NA,0,NA,0,NA,0,NA,0,NA,NA,0
2006,4,27,NA,0,NA,0,NA,0,NA,0,NA,0,NA,NA,0
2006,4,28,NA,0,NA,0,NA,0,NA,0,NA,0,NA,NA,0
2006,4,29,NA,0,NA,0,NA,0,NA,0,NA,0,NA,NA,0
2006,4,30,NA,0,NA,0,NA,0,NA,0,NA,0,NA,NA,0
2006,5,1,NA,0,NA,0,NA,0,NA,0,NA,0,NA,NA,0
2006,5,2,NA,0,NA,0,NA,0,NA,0,NA,0,NA,NA,0
2006,5,3,NA,0,NA,0,NA,0,NA,0,NA,0,NA,NA,0
2006,5,4,NA,0,NA,0,NA,0,NA,0,NA,0,NA,NA,0
2006,5,5,NA,0,NA,0,NA,0,NA,0,NA,0,NA,NA,0
2006,5,6,NA,0,NA,0,NA,0,NA,0,NA,0,NA,NA,0
2006,5,7,NA,0,NA,0,NA,0,NA,0,NA,0,NA,NA,0
2006,5,8,NA,0,NA,0,NA,0,NA,0,NA,0,NA,NA,0
2006,5,9,NA,0,NA,0,NA,0,NA,0,NA,0,NA,NA,0
2006,5,10,NA,0,NA,0,NA,0,NA,0,NA,0,NA,NA,0
2006,5,11,NA,0,NA,0,NA,0,NA,0,NA,0,NA,NA,0
2006,5,12,NA,0,NA,0,NA,0,NA,0,NA,0,NA,NA,0
2006,5,13,NA,0,NA,0,NA,0,NA,0,NA,0,NA,NA,0
2006,5,14,NA,0,NA,0,NA,0,NA,0,NA,0,NA,NA,0
2006,5,15,NA,0,NA,0,NA,0,NA,0,NA,0,NA,NA,0
2006,5,16,NA,0,NA,0,NA,0,NA,0,NA,0,NA,NA,0
2006,5,17,NA,0,NA,0,NA,0,NA,0,NA,0,NA,NA,0
2006,5,18,NA,0,NA,0,NA,0,NA,0,NA,0,NA,NA,0
2006,5,19,NA,0,NA,0,NA,0,NA,0,NA,0,NA,NA,0
2006,5,20,NA,0,NA,0,NA,0,NA,0,NA,0,NA,NA,0
2006,5,21,NA,0,NA,0,NA,0,NA,0,NA,0,NA,NA,0
2006,5,22,NA,0,NA,0,NA,0,NA,0,NA,0,NA,NA,0
2006,5,23,NA,0,NA,0,NA,0,NA,0,NA,0,NA,NA,0
2006,5,24,NA,0,NA,0,NA,0,NA,0,NA,0,NA,NA,0
2006,5,25,NA,0,NA,0,NA,0,NA,0,NA,0,NA,NA,0
2006,5,26,NA,0,NA,0,NA,0,NA,0,NA,0,NA,NA,0
2006,5,27,NA,0,NA,0,NA,0,NA,0,NA,0,NA,NA,0
2006,5,28,NA,0,NA,0,NA,0,NA,0,NA,0,NA,NA,0
2006,5,29,NA,0,NA,0,NA,0,NA,0,NA,0,NA,NA,0
2006,5,30,NA,0,NA,0,NA,0,NA,0,NA,0,NA,NA,0
2006,5,31,NA,0,NA,0,NA,0,NA,0,NA,0,NA,NA,0
2006,6,1,NA,0,NA,0,NA,0,NA,0,NA,0,NA,NA,0
2006,6,2,NA,0,NA,0,NA,0,NA,0,NA,0,NA,NA,0
2006,6,3,NA,0,NA,0,NA,0,NA,0,NA,0,NA,NA,0
2006,6,4,NA,0,NA,0,NA,0,NA,0,NA,0,NA,NA,0
2006,6,5,NA,0,NA,0,NA,0,NA,0,NA,0,NA,NA,0
2006,6,6,NA,0,NA,0,NA,0,NA,0,NA,0,NA,NA,0
2006,6,7,NA,0,NA,0,NA,0,NA,0,NA,0,NA,NA,0
2006,6,8,NA,0,NA,0,NA,0,NA,0,NA,0,NA,NA,0
2006,6,9,NA,0,NA,0,NA,0,NA,0,NA,0,NA,NA,0
2006,6,10,NA,0,NA,0,NA,0,NA,0,NA,0,NA,NA,0
2006,6,11,NA,0,NA,0,NA,0,NA,0,NA,0,NA,NA,0
2006,6,12,NA,0,NA,0,NA,0,NA,0,NA,0,NA,NA,0
2006,6,13,NA,0,NA,0,NA,0,NA,0,NA,0,NA,NA,0
2006,6,14,NA,0,NA,0,NA,0,NA,0,NA,0,NA,NA,0
2006,6,15,NA,0,NA,0,NA,0,NA,0,NA,0,NA,NA,0
2006,6,16,NA,0,NA,0,NA,0,NA,0,NA,0,NA,NA,0
2006,6,17,NA,0,NA,0,NA,0,NA,0,NA,0,NA,NA,0
2006,6,18,NA,0,NA,0,NA,0,NA,0,NA,0,NA,NA,0
2006,6,19,NA,0,NA,0,NA,0,NA,0,NA,0,NA,NA,0
2006,6,20,NA,0,NA,0,NA,0,NA,0,NA,0,NA,NA,0
2006,6,21,NA,0,NA,0,NA,0,NA,0,NA,0,NA,NA,0
2006,6,22,NA,0,NA,0,NA,0,NA,0,NA,0,NA,NA,0
2006,6,23,NA,0,NA,0,NA,0,NA,0,NA,0,NA,NA,0
2006,6,24,NA,0,NA,0,NA,0,NA,0,NA,0,NA,NA,0
2006,6,25,NA,0,NA,0,NA,0,NA,0,NA,0,NA,NA,0
2006,6,26,NA,0,NA,0,NA,0,NA,0,NA,0,NA,NA,0
2006,6,27,NA,0,NA,0,NA,0,NA,0,NA,0,NA,NA,0
2006,6,28,NA,0,NA,0,NA,0,NA,0,NA,0,NA,NA,0
2006,6,29,NA,0,NA,0,NA,0,NA,0,NA,0,NA,NA,0
2006,6,30,NA,0,NA,0,NA,0,NA,0,NA,0,NA,NA,0
2006,7,1,NA,0,NA,0,NA,0,NA,0,NA,0,NA,NA,0
2006,7,2,NA,0,NA,0,NA,0,NA,0,NA,0,NA,NA,0
2006,7,3,NA,0,NA,0,NA,0,NA,0,NA,0,NA,NA,0
2006,7,4,NA,0,NA,0,NA,0,NA,0,NA,0,NA,NA,0
2006,7,5,NA,0,NA,0,NA,0,NA,0,NA,0,NA,NA,0
2006,7,6,NA,0,NA,0,NA,0,NA,0,NA,0,NA,NA,0
2006,7,7,NA,0,NA,0,NA,0,NA,0,NA,0,NA,NA,0
2006,7,8,NA,0,NA,0,NA,0,NA,0,NA,0,NA,NA,0
2006,7,9,NA,0,NA,0,NA,0,NA,0,NA,0,NA,NA,0
2006,7,10,NA,0,NA,0,NA,0,NA,0,NA,0,NA,NA,0
2006,7,11,NA,0,NA,0,NA,0,NA,0,NA,0,NA,NA,0
2006,7,12,NA,0,NA,0,NA,0,NA,0,NA,0,NA,NA,0
2006,7,13,NA,0,NA,0,NA,0,NA,0,NA,0,NA,NA,0
2006,7,14,NA,0,NA,0,NA,0,NA,0,NA,0,NA,NA,0
2006,7,15,NA,0,NA,0,NA,0,NA,0,NA,0,NA,NA,0
2006,7,16,NA,0,NA,0,NA,0,NA,0,NA,0,NA,NA,0
2006,7,17,NA,0,NA,0,NA,0,NA,0,NA,0,NA,NA,0
2006,7,18,NA,0,NA,0,NA,0,NA,0,NA,0,NA,NA,0
2006,7,19,NA,0,NA,0,NA,0,NA,0,NA,0,NA,NA,0
2006,7,20,NA,0,NA,0,NA,0,NA,0,NA,0,NA,NA,0
2006,7,21,NA,0,NA,0,NA,0,NA,0,NA,0,NA,NA,0
2006,7,22,NA,0,NA,0,NA,0,NA,0,NA,0,NA,NA,0
2006,7,23,NA,0,NA,0,NA,0,NA,0,NA,0,NA,NA,0
2006,7,24,NA,0,NA,0,NA,0,NA,0,NA,0,NA,NA,0
2006,7,25,NA,0,NA,0,NA,0,NA,0,NA,0,NA,NA,0
2006,7,26,NA,0,NA,0,NA,0,NA,0,NA,0,NA,NA,0
2006,7,27,NA,0,NA,0,NA,0,NA,0,NA,0,NA,NA,0
2006,7,28,NA,0,NA,0,NA,0,NA,0,NA,0,NA,NA,0
2006,7,29,NA,0,NA,0,NA,0,NA,0,NA,0,NA,NA,0
2006,7,30,NA,0,NA,0,NA,0,NA,0,NA,0,NA,NA,0
2006,7,31,NA,0,NA,0,NA,0,NA,0,NA,0,NA,NA,0
2006,8,1,NA,0,NA,0,NA,0,NA,0,NA,0,NA,NA,0
2006,8,2,NA,0,NA,0,NA,0,NA,0,NA,0,NA,NA,0
2006,8,3,NA,0,NA,0,NA,0,NA,0,NA,0,NA,NA,0
2006,8,4,NA,0,NA,0,NA,0,NA,0,NA,0,NA,NA,0
2006,8,5,NA,0,NA,0,NA,0,NA,0,NA,0,NA,NA,0
2006,8,6,NA,0,NA,0,NA,0,NA,0,NA,0,NA,NA,0
2006,8,7,NA,0,NA,0,NA,0,NA,0,NA,0,NA,NA,0
2006,8,8,NA,0,NA,0,NA,0,NA,0,NA,0,NA,NA,0
2006,8,9,NA,0,NA,0,NA,0,NA,0,NA,0,NA,NA,0
2006,8,10,NA,0,NA,0,NA,0,NA,0,NA,0,NA,NA,0
2006,8,11,NA,0,NA,0,NA,0,NA,0,NA,0,NA,NA,0
2006,8,12,NA,0,NA,0,NA,0,NA,0,NA,0,NA,NA,0
2006,8,13,NA,0,NA,0,NA,0,NA,0,NA,0,NA,NA,0
2006,8,14,NA,0,NA,0,NA,0,NA,0,NA,0,NA,NA,0
2006,8,15,NA,0,NA,0,NA,0,NA,0,NA,0,NA,NA,0
2006,8,16,NA,0,NA,0,NA,0,NA,0,NA,0,NA,NA,0
2006,8,17,NA,0,NA,0,NA,0,NA,0,NA,0,NA,NA,0
2006,8,18,NA,0,NA,0,NA,0,NA,0,NA,0,NA,NA,0
2006,8,19,NA,0,NA,0,NA,0,NA,0,NA,0,NA,NA,0
2006,8,20,NA,0,NA,0,NA,0,NA,0,NA,0,NA,NA,0
2006,8,21,NA,0,NA,0,NA,0,NA,0,NA,0,NA,NA,0
2006,8,22,NA,0,NA,0,NA,0,NA,0,NA,0,NA,NA,0
2006,8,23,NA,0,NA,0,NA,0,NA,0,NA,0,NA,NA,0
2006,8,24,NA,0,NA,0,NA,0,NA,0,NA,0,NA,NA,0
2006,8,25,NA,0,NA,0,NA,0,NA,0,NA,0,NA,NA,0
2006,8,26,NA,0,NA,0,NA,0,NA,0,NA,0,NA,NA,0
2006,8,27,NA,0,NA,0,NA,0,NA,0,NA,0,NA,NA,0
2006,8,28,NA,0,NA,0,NA,0,NA,0,NA,0,NA,NA,0
2006,8,29,NA,0,NA,0,NA,0,NA,0,NA,0,NA,NA,0
2006,8,30,NA,0,NA,0,NA,0,NA,0,NA,0,NA,NA,0
2006,8,31,NA,0,NA,0,NA,0,NA,0,NA,0,NA,NA,0
2006,9,1,NA,0,NA,0,NA,0,NA,0,NA,0,NA,NA,0
2006,9,2,NA,0,NA,0,NA,0,NA,0,NA,0,NA,NA,0
2006,9,3,NA,0,NA,0,NA,0,NA,0,NA,0,NA,NA,0
2006,9,4,NA,0,NA,0,NA,0,NA,0,NA,0,NA,NA,0
2006,9,5,NA,0,NA,0,NA,0,NA,0,NA,0,NA,NA,0
2006,9,6,NA,0,NA,0,NA,0,NA,0,NA,0,NA,NA,0
2006,9,7,NA,0,NA,0,NA,0,NA,0,NA,0,NA,NA,0
2006,9,8,NA,0,NA,0,NA,0,NA,0,NA,0,NA,NA,0
2006,9,9,NA,0,NA,0,NA,0,NA,0,NA,0,NA,NA,0
2006,9,10,NA,0,NA,0,NA,0,NA,0,NA,0,NA,NA,0
2006,9,11,NA,0,NA,0,NA,0,NA,0,NA,0,NA,NA,0
2006,9,12,NA,0,NA,0,NA,0,NA,0,NA,0,NA,NA,0
2006,9,13,NA,0,NA,0,NA,0,NA,0,NA,0,NA,NA,0
2006,9,14,NA,0,NA,0,NA,0,NA,0,NA,0,NA,NA,0
2006,9,15,NA,0,NA,0,NA,0,NA,0,NA,0,NA,NA,0
2006,9,16,NA,0,NA,0,NA,0,NA,0,NA,0,NA,NA,0
2006,9,17,NA,0,NA,0,NA,0,NA,0,NA,0,NA,NA,0
2006,9,18,NA,0,NA,0,NA,0,NA,0,NA,0,NA,NA,0
2006,9,19,NA,0,NA,0,NA,0,NA,0,NA,0,NA,NA,0
2006,9,20,NA,0,NA,0,NA,0,NA,0,NA,0,NA,NA,0
2006,9,21,NA,0,NA,0,NA,0,NA,0,NA,0,NA,NA,0
2006,9,22,NA,0,NA,0,NA,0,NA,0,NA,0,NA,NA,0
2006,9,23,NA,0,NA,0,NA,0,NA,0,NA,0,NA,NA,0
2006,9,24,NA,0,NA,0,NA,0,NA,0,NA,0,NA,NA,0
2006,9,25,NA,0,NA,0,NA,0,NA,0,NA,0,NA,NA,0
2006,9,26,NA,0,NA,0,NA,0,NA,0,NA,0,NA,NA,0
2006,9,27,NA,0,NA,0,NA,0,NA,0,NA,0,NA,NA,0
2006,9,28,NA,0,NA,0,NA,0,NA,0,NA,0,NA,NA,0
2006,9,29,NA,0,NA,0,NA,0,NA,0,NA,0,NA,NA,0
2006,9,30,NA,0,NA,0,NA,0,NA,0,NA,0,NA,NA,0
2006,10,1,NA,0,NA,0,NA,0,NA,0,NA,0,NA,NA,0
2006,10,2,NA,0,NA,0,NA,0,NA,0,NA,0,NA,NA,0
2006,10,3,NA,0,NA,0,NA,0,NA,0,NA,0,NA,NA,0
2006,10,4,NA,0,NA,0,NA,0,NA,0,NA,0,NA,NA,0
2006,10,5,NA,0,NA,0,NA,0,NA,0,NA,0,NA,NA,0
2006,10,6,NA,0,NA,0,NA,0,NA,0,NA,0,NA,NA,0
2006,10,7,NA,0,NA,0,NA,0,NA,0,NA,0,NA,NA,0
2006,10,8,NA,0,NA,0,NA,0,NA,0,NA,0,NA,NA,0
2006,10,9,NA,0,NA,0,NA,0,NA,0,NA,0,NA,NA,0
2006,10,10,NA,0,NA,0,NA,0,NA,0,NA,0,NA,NA,0
2006,10,11,NA,0,NA,0,NA,0,NA,0,NA,0,NA,NA,0
2006,10,12,NA,0,NA,0,NA,0,NA,0,NA,0,NA,NA,0
2006,10,13,NA,0,NA,0,NA,0,NA,0,NA,0,NA,NA,0
2006,10,14,NA,0,NA,0,NA,0,NA,0,NA,0,NA,NA,0
2006,10,15,NA,0,NA,0,NA,0,NA,0,NA,0,NA,NA,0
2006,10,16,NA,0,NA,0,NA,0,NA,0,NA,0,NA,NA,0
2006,10,17,NA,0,NA,0,NA,0,NA,0,NA,0,NA,NA,0
2006,10,18,NA,0,NA,0,NA,0,NA,0,NA,0,NA,NA,0
2006,10,19,NA,0,NA,0,NA,0,NA,0,NA,0,NA,NA,0
2006,10,20,NA,0,NA,0,NA,0,NA,0,NA,0,NA,NA,0
2006,10,21,NA,0,NA,0,NA,0,NA,0,NA,0,NA,NA,0
2006,10,22,NA,0,NA,0,NA,0,NA,0,NA,0,NA,NA,0
2006,10,23,NA,0,NA,0,NA,0,NA,0,NA,0,NA,NA,0
2006,10,24,NA,0,NA,0,NA,0,NA,0,NA,0,NA,NA,0
2006,10,25,NA,0,NA,0,NA,0,NA,0,NA,0,NA,NA,0
2006,10,26,NA,0,NA,0,NA,0,NA,0,NA,0,NA,NA,0
2006,10,27,NA,0,NA,0,NA,0,NA,0,NA,0,NA,NA,0
2006,10,28,NA,0,NA,0,NA,0,NA,0,NA,0,NA,NA,0
2006,10,29,NA,0,NA,0,NA,0,NA,0,NA,0,NA,NA,0
2006,10,30,NA,0,NA,0,NA,0,NA,0,NA,0,NA,NA,0
2006,10,31,NA,0,NA,0,NA,0,NA,0,NA,0,NA,NA,0
2006,11,1,NA,0,NA,0,NA,0,NA,0,NA,0,NA,NA,0
2006,11,2,NA,0,NA,0,NA,0,NA,0,NA,0,NA,NA,0
2006,11,3,NA,0,NA,0,NA,0,NA,0,NA,0,NA,NA,0
2006,11,4,NA,0,NA,0,NA,0,NA,0,NA,0,NA,NA,0
2006,11,5,NA,0,NA,0,NA,0,NA,0,NA,0,NA,NA,0
2006,11,6,NA,0,NA,0,NA,0,NA,0,NA,0,NA,NA,0
2006,11,7,NA,0,NA,0,NA,0,NA,0,NA,0,NA,NA,0
2006,11,8,NA,0,NA,0,NA,0,NA,0,NA,0,NA,NA,0
2006,11,9,NA,0,NA,0,NA,0,NA,0,NA,0,NA,NA,0
2006,11,10,NA,0,NA,0,NA,0,NA,0,NA,0,NA,NA,0
2006,11,11,NA,0,NA,0,NA,0,NA,0,NA,0,NA,NA,0
2006,11,12,NA,0,NA,0,NA,0,NA,0,NA,0,NA,NA,0
2006,11,13,NA,0,NA,0,NA,0,NA,0,NA,0,NA,NA,0
2006,11,14,NA,0,NA,0,NA,0,NA,0,NA,0,NA,NA,0
2006,11,15,NA,0,NA,0,NA,0,NA,0,NA,0,NA,NA,0
2006,11,16,NA,0,NA,0,NA,0,NA,0,NA,0,NA,NA,0
2006,11,17,NA,0,NA,0,NA,0,NA,0,NA,0,NA,NA,0
2006,11,18,NA,0,NA,0,NA,0,NA,0,NA,0,NA,NA,0
2006,11,19,NA,0,NA,0,NA,0,NA,0,NA,0,NA,NA,0
2006,11,20,NA,0,NA,0,NA,0,NA,0,NA,0,NA,NA,0
2006,11,21,NA,0,NA,0,NA,0,NA,0,NA,0,NA,NA,0
2006,11,22,NA,0,NA,0,NA,0,NA,0,NA,0,NA,NA,0
2006,11,23,NA,0,NA,0,NA,0,NA,0,NA,0,NA,NA,0
2006,11,24,NA,0,NA,0,NA,0,NA,0,NA,0,NA,NA,0
2006,11,25,NA,0,NA,0,NA,0,NA,0,NA,0,NA,NA,0
2006,11,26,NA,0,NA,0,NA,0,NA,0,NA,0,NA,NA,0
2006,11,27,NA,0,NA,0,NA,0,NA,0,NA,0,NA,NA,0
2006,11,28,NA,0,NA,0,NA,0,NA,0,NA,0,NA,NA,0
2006,11,29,NA,0,NA,0,NA,0,NA,0,NA,0,NA,NA,0
2006,11,30,NA,0,NA,0,NA,0,NA,0,NA,0,NA,NA,0
2006,12,1,NA,0,NA,0,NA,0,NA,0,NA,0,NA,NA,0
2006,12,2,NA,0,NA,0,NA,0,NA,0,NA,0,NA,NA,0
2006,12,3,NA,0,NA,0,NA,0,NA,0,NA,0,NA,NA,0
2006,12,4,NA,0,NA,0,NA,0,NA,0,NA,0,NA,NA,0
2006,12,5,NA,0,NA,0,NA,0,NA,0,NA,0,NA,NA,0
2006,12,6,NA,0,NA,0,NA,0,NA,0,NA,0,NA,NA,0
2006,12,7,NA,0,NA,0,NA,0,NA,0,NA,0,NA,NA,0
2006,12,8,NA,0,NA,0,NA,0,NA,0,NA,0,NA,NA,0
2006,12,9,NA,0,NA,0,NA,0,NA,0,NA,0,NA,NA,0
2006,12,10,NA,0,NA,0,NA,0,NA,0,NA,0,NA,NA,0
2006,12,11,NA,0,NA,0,NA,0,NA,0,NA,0,NA,NA,0
2006,12,12,NA,0,NA,0,NA,0,NA,0,NA,0,NA,NA,0
2006,12,13,NA,0,NA,0,NA,0,NA,0,NA,0,NA,NA,0
2006,12,14,NA,0,NA,0,NA,0,NA,0,NA,0,NA,NA,0
2006,12,15,NA,0,NA,0,NA,0,NA,0,NA,0,NA,NA,0
2006,12,16,NA,0,NA,0,NA,0,NA,0,NA,0,NA,NA,0
2006,12,17,NA,0,NA,0,NA,0,NA,0,NA,0,NA,NA,0
2006,12,18,NA,0,NA,0,NA,0,NA,0,NA,0,NA,NA,0
2006,12,19,NA,0,NA,0,NA,0,NA,0,NA,0,NA,NA,0
2006,12,20,NA,0,NA,0,NA,0,NA,0,NA,0,NA,NA,0
2006,12,21,NA,0,NA,0,NA,0,NA,0,NA,0,NA,NA,0
2006,12,22,NA,0,NA,0,NA,0,NA,0,NA,0,NA,NA,0
2006,12,23,NA,0,NA,0,NA,0,NA,0,NA,0,NA,NA,0
2006,12,24,NA,0,NA,0,NA,0,NA,0,NA,0,NA,NA,0
2006,12,25,NA,0,NA,0,NA,0,NA,0,NA,0,NA,NA,0
2006,12,26,NA,0,NA,0,NA,0,NA,0,NA,0,NA,NA,0
2006,12,27,NA,0,NA,0,NA,0,NA,0,NA,0,NA,NA,0
2006,12,28,NA,0,NA,0,NA,0,NA,0,NA,0,NA,NA,0
2006,12,29,NA,0,NA,0,NA,0,NA,0,NA,0,NA,NA,0
2006,12,30,NA,0,NA,0,NA,0,NA,0,NA,0,NA,NA,0
2006,12,31,NA,0,NA,0,NA,0,NA,0,NA,0,NA,NA,0
2007,1,1,-8.2,0.875,NA,0,5.09,1,85.38,1,NA,0,4.95,84.03,1
2007,1,2,-7.9,0.625,NA,0,3.17,0.875,124,1,NA,0,2.18,81.31,0.875
2007,1,3,-10.33,0.5,NA,0,3.42,1,92.5,1,NA,0,3.07,93.88,1
2007,1,4,-9.2,1,NA,0,5.34,1,90.25,1,NA,0,5.31,90.65,1
2007,1,5,-8.56,0.875,NA,0,5.03,1,73.62,1,NA,0,4.49,65.88,1
2007,1,6,-8.27,0.875,NA,0,3.28,1,173.12,1,NA,0,3.15,172.4,1
2007,1,7,-8.94,0.875,NA,0,3.04,1,257.5,1,NA,0,1.64,224.34,1
2007,1,8,-9,0.5,NA,0,2.09,1,213.75,1,NA,0,1.8,201.74,1
2007,1,9,-8.56,1,NA,0,3.46,1,184,0.25,NA,0,4.29,184.47,0.25
2007,1,10,-4.89,1,NA,0,3.46,1,99.88,1,NA,0,1.83,37.56,1
2007,1,11,-5.63,1,NA,0,2.94,1,263.38,1,NA,0,2.81,263.39,1
2007,1,12,-8.05,0.75,NA,0,2.56,1,225.75,1,NA,0,1.71,263.54,1
2007,1,13,-10.2,0.5,NA,0,2.52,1,95.5,1,NA,0,2.42,107.97,1
2007,1,14,-8.99,1,NA,0,3.66,1,90.12,1,NA,0,3.14,45.05,1
2007,1,15,-6.2,0.625,NA,0,1.57,0.5,177.88,1,NA,0,1.53,76.02,0.5
2007,1,16,-8.5,0.25,NA,0,2,1,183,1,NA,0,1.91,195.11,1
2007,1,17,-7.67,0.375,NA,0,1.96,1,186.25,1,NA,0,0.97,344.96,1
2007,1,18,NA,0.125,NA,0,1.15,1,222.5,1,NA,0,0.31,281.04,1
2007,1,19,-7.36,0.875,NA,0,3.8,1,138.75,1,NA,0,3.77,137.76,1
2007,1,20,-3.1,0.25,NA,0,1.59,1,203.88,1,NA,0,0.41,159.92,1
2007,1,21,-5.8,0.5,NA,0,2.06,1,212.12,1,NA,0,1.87,214.89,1
2007,1,22,-6.6,0.875,NA,0,3.07,1,206.62,1,NA,0,2.68,344.76,1
2007,1,23,-6.63,0.5,NA,0,1.59,1,106.75,1,NA,0,1.26,110.25,1
2007,1,24,-6.85,0.75,NA,0,2.65,1,186.75,1,NA,0,2.35,8.52,1
2007,1,25,-6.63,0.5,NA,0,3.75,1,115.75,1,NA,0,3.53,25.84,1
2007,1,26,-6.63,0.375,NA,0,2.36,1,116,1,NA,0,1.42,89.52,1
2007,1,27,-5.95,0.75,NA,0,2.69,1,182.25,1,NA,0,2.62,181.86,1
2007,1,28,-5.23,0.375,NA,0,1.61,1,159.25,1,NA,0,0.6,285.13,1
2007,1,29,-9.75,0.25,NA,0,3,1,232.75,1,NA,0,2.74,252.25,1
2007,1,30,-11.23,0.75,NA,0,3.62,1,254.5,1,NA,0,3.57,252.64,1
2007,1,31,-10.6,0.5,NA,0,2.2,1,211.12,1,NA,0,0.94,248.25,1
2007,2,1,NA,0.125,NA,0,1.65,1,183.5,1,NA,0,1.55,175.2,1
2007,2,2,NA,0,NA,0,0.66,1,268.12,1,NA,0,0.58,255.89,1
2007,2,3,-14.17,0.75,NA,0,4.3,1,39.75,1,NA,0,4.09,50.26,1
2007,2,4,-15.46,0.875,NA,0,4.32,1,142.12,1,NA,0,3.3,138.15,1
2007,2,5,-11.15,0.25,NA,0,1.44,1,225.62,1,NA,0,1.06,294.37,1
2007,2,6,-13.64,0.625,NA,0,1.74,1,206.12,1,NA,0,1.23,331.85,1
2007,2,7,NA,0,NA,0,1.31,1,70.12,1,NA,0,1.28,70.58,1
2007,2,8,NA,0.125,NA,0,1.6,1,140.5,1,NA,0,1.41,147.29,1
2007,2,9,NA,0,NA,0,0.41,1,131,1,NA,0,0.18,93.49,1
2007,2,10,NA,0,NA,0,0.84,1,153.12,1,NA,0,0.65,165.45,1
2007,2,11,-13.42,0.5,NA,0,2.8,1,171.88,1,NA,0,1.65,143.1,1
2007,2,12,NA,0.125,NA,0,1.38,1,97.12,1,NA,0,1.19,60.24,1
2007,2,13,NA,0,NA,0,0.71,1,160,1,NA,0,0.48,195.83,1
2007,2,14,-11,0.5,NA,0,2.99,1,64.25,1,NA,0,2.95,23.42,1
2007,2,15,-9.35,0.5,NA,0,1.99,1,30.25,1,NA,0,1.95,28.02,1
2007,2,16,-12.7,0.625,NA,0,2.89,1,46.75,1,NA,0,2.84,46.38,1
2007,2,17,-11.75,0.25,NA,0,1.52,1,159.38,1,NA,0,0.8,21.12,1
2007,2,18,-15.02,0.5,NA,0,2.06,1,250.5,1,NA,0,1.44,270.5,1
2007,2,19,-14.72,0.625,NA,0,3.29,1,216.12,1,NA,0,3.01,206.44,1
2007,2,20,-14.53,0.5,NA,0,1.74,1,116.75,1,NA,0,1.19,130.93,1
2007,2,21,-16.83,0.75,NA,0,2.24,1,105,1,NA,0,1.76,96.96,1
2007,2,22,-21.38,1,NA,0,3.56,1,196.62,1,NA,0,3.36,194.77,1
2007,2,23,-22.78,0.625,NA,0,2.19,1,208.75,1,NA,0,1.67,235,1
2007,2,24,-25.35,0.5,NA,0,1.74,1,80.25,1,NA,0,1.7,41.71,1
2007,2,25,-18.22,0.625,NA,0,3.38,1,65.88,1,NA,0,2.99,63.43,1
2007,2,26,-18.63,0.5,NA,0,2.69,1,36.88,1,NA,0,2.53,32.45,1
2007,2,27,-16.05,0.5,NA,0,2.29,1,135,1,NA,0,2.06,67.04,1
2007,2,28,-24.78,0.5,NA,0,4.2,1,176.5,1,NA,0,3.8,6.7,1
2007,3,1,-22.92,0.75,NA,0,4.62,1,78.88,1,NA,0,3.61,84.53,1
2007,3,2,-15.02,0.75,NA,0,5.02,1,82.62,1,NA,0,4.78,81.17,1
2007,3,3,-10.37,0.875,NA,0,6.47,0.875,65.62,1,NA,0,5.86,54.5,0.875
2007,3,4,-14.33,0.75,NA,0,2.95,1,238.62,1,NA,0,2.51,277.54,1
2007,3,5,-15.91,1,NA,0,5.5,0.875,344.62,1,NA,0,5.29,345.93,0.875
2007,3,6,-14.16,1,NA,0,10.56,1,324.75,1,NA,0,10.49,324.76,1
2007,3,7,-14.36,1,NA,0,5.34,1,290,1,NA,0,5.12,336.42,1
2007,3,8,-15.37,0.875,NA,0,3.51,1,36.5,1,NA,0,3.42,22.36,1
2007,3,9,-20.88,0.625,NA,0,2.8,0.375,133.88,1,NA,0,2.77,10.88,0.375
2007,3,10,-22.77,0.75,NA,0,1.85,1,210.75,1,NA,0,1.63,332.24,1
2007,3,11,-19.32,0.75,NA,0,0.75,0.25,56.5,0.25,NA,0,0.74,59.35,0.25
2007,3,12,-18.48,1,NA,0,4.27,0.75,119.5,0.75,NA,0,4.16,122.12,0.75
2007,3,13,-19.99,1,NA,0,1.49,0.875,188.25,1,NA,0,1.36,354.17,0.875
2007,3,14,-27.21,0.875,NA,0,6.06,1,210.62,1,NA,0,4.68,352.93,1
2007,3,15,-21.01,1,NA,0,4.6,1,238,1,NA,0,3.86,333.78,1
2007,3,16,-29.03,0.375,NA,0,1.41,1,167.88,1,NA,0,1.29,218.5,1
2007,3,17,-33.83,0.875,NA,0,1.2,1,133.25,1,NA,0,1.18,172.69,1
2007,3,18,-30.4,0.875,NA,0,3.09,0.875,192,1,NA,0,2.53,197.43,0.875
2007,3,19,-23.33,0.875,NA,0,5.24,1,89.5,1,NA,0,5.09,89.62,1
2007,3,20,-23.22,0.625,NA,0,5.61,1,98.25,1,NA,0,5.47,99.04,1
2007,3,21,-22,0.875,NA,0,3.26,1,64.25,1,NA,0,3.15,64.94,1
2007,3,22,-20.84,1,NA,0,5.55,1,37.62,1,NA,0,5.34,36.07,1
2007,3,23,-24.9,0.75,NA,0,6.56,0.875,93.75,1,NA,0,6.52,2.28,0.875
2007,3,24,-30.61,0.875,NA,0,NA,0,NA,0,NA,0,NA,NA,0
2007,3,25,-28.08,0.75,NA,0,NA,0,NA,0,NA,0,NA,NA,0
2007,3,26,-29.4,1,NA,0,NA,0,NA,0,NA,0,NA,NA,0
2007,3,27,-27.04,1,NA,0,NA,0,NA,0,NA,0,NA,NA,0
2007,3,28,-29.06,0.625,NA,0,3.7,0.5,102,0.5,NA,0,3.67,6.78,0.5
2007,3,29,-27.46,0.625,NA,0,NA,0,NA,0,NA,0,NA,NA,0
2007,3,30,-22.43,0.875,NA,0,NA,0,NA,0,NA,0,NA,NA,0
2007,3,31,-22.73,0.875,NA,0,NA,0,NA,0,NA,0,NA,NA,0
2007,4,1,-33.74,0.875,NA,0,NA,0,NA,0,NA,0,NA,NA,0
2007,4,2,-31.67,0.875,NA,0,4.2,0.75,37.17,0.75,NA,0,4.17,37.21,0.75
2007,4,3,-34.17,0.875,NA,0,1.53,0.75,41.83,0.75,NA,0,1.53,37.4,0.75
2007,4,4,-39.2,1,NA,0,NA,0.125,63.67,0.375,NA,0,NA,NA,0.125
2007,4,5,-19.32,0.625,NA,0,NA,0,69.5,1,NA,0,NA,NA,0
2007,4,6,-16.06,1,NA,0,NA,0,59.38,1,NA,0,NA,NA,0
2007,4,7,-17.7,1,NA,0,NA,0,56.62,1,NA,0,NA,NA,0
2007,4,8,-17.49,1,NA,0,NA,0,85.17,0.75,NA,0,NA,NA,0
2007,4,9,-17.98,1,NA,0,NA,0.125,NA,0.125,NA,0,NA,NA,0.125
2007,4,10,-18.69,0.875,NA,0,NA,0,85.12,1,NA,0,NA,NA,0
2007,4,11,-15.96,0.875,NA,0,NA,0,86,0.25,NA,0,NA,NA,0
2007,4,12,-13.92,1,NA,0,NA,0,NA,0,NA,0,NA,NA,0
2007,4,13,-13.35,1,NA,0,NA,0,NA,0,NA,0,NA,NA,0
2007,4,14,-20.4,0.875,NA,0,NA,0,NA,0,NA,0,NA,NA,0
2007,4,15,-23.51,1,NA,0,NA,0,NA,0,NA,0,NA,NA,0
2007,4,16,-27,0.375,NA,0,NA,0,NA,0,NA,0,NA,NA,0
2007,4,17,-11.06,0.875,NA,0,NA,0,NA,0,NA,0,NA,NA,0
2007,4,18,-15.04,0.625,NA,0,NA,0,NA,0,NA,0,NA,NA,0
2007,4,19,-31.8,0.5,NA,0,NA,0,NA,0,NA,0,NA,NA,0
2007,4,20,NA,0.125,NA,0,NA,0,NA,0,NA,0,NA,NA,0
2007,4,21,-13.95,0.5,NA,0,NA,0,NA,0,NA,0,NA,NA,0
2007,4,22,-27.24,0.875,NA,0,NA,0,NA,0,NA,0,NA,NA,0
2007,4,23,-26.13,0.5,NA,0,0,0.25,57.5,0.25,NA,0,0,NA,0.25
2007,4,24,-24.3,0.375,NA,0,NA,0,NA,0,NA,0,NA,NA,0
2007,4,25,-21.35,0.75,NA,0,NA,0,NA,0,NA,0,NA,NA,0
2007,4,26,-18.92,0.625,NA,0,NA,0,NA,0,NA,0,NA,NA,0
2007,4,27,-25.15,0.75,NA,0,NA,0,NA,0,NA,0,NA,NA,0
2007,4,28,-28.05,1,NA,0,NA,0,NA,0,NA,0,NA,NA,0
2007,4,29,-20.5,0.5,NA,0,NA,0,NA,0,NA,0,NA,NA,0
2007,4,30,-18.11,0.875,NA,0,NA,0,NA,0,NA,0,NA,NA,0
2007,5,1,-21.23,1,NA,0,NA,0,NA,0,NA,0,NA,NA,0
2007,5,2,-22.3,1,NA,0,NA,0,NA,0,NA,0,NA,NA,0
2007,5,3,-19.59,0.875,NA,0,NA,0,NA,0,NA,0,NA,NA,0
2007,5,4,-19.07,0.875,NA,0,NA,0,NA,0,NA,0,NA,NA,0
2007,5,5,-19.8,0.75,NA,0,NA,0,NA,0,NA,0,NA,NA,0
2007,5,6,-21.8,0.75,NA,0,NA,0,NA,0,NA,0,NA,NA,0
2007,5,7,-19.93,0.75,NA,0,NA,0,NA,0,NA,0,NA,NA,0
2007,5,8,-26.87,0.75,NA,0,NA,0,NA,0,NA,0,NA,NA,0
2007,5,9,-28.44,0.875,NA,0,NA,0,NA,0,NA,0,NA,NA,0
2007,5,10,-32.24,0.875,NA,0,NA,0,NA,0,NA,0,NA,NA,0
2007,5,11,-33.66,1,NA,0,NA,0,NA,0,NA,0,NA,NA,0
2007,5,12,-33.24,0.875,NA,0,NA,0,NA,0,NA,0,NA,NA,0
2007,5,13,-35.74,1,NA,0,NA,0,NA,0,NA,0,NA,NA,0
2007,5,14,-38.44,1,NA,0,NA,0,NA,0,NA,0,NA,NA,0
2007,5,15,-35.94,1,NA,0,NA,0,NA,0,NA,0,NA,NA,0
2007,5,16,-37.25,1,NA,0,NA,0,NA,0,NA,0,NA,NA,0
2007,5,17,-38.14,0.875,NA,0,NA,0,NA,0,NA,0,NA,NA,0
2007,5,18,-38.22,1,NA,0,NA,0,NA,0,NA,0,NA,NA,0
2007,5,19,-35.14,0.875,NA,0,NA,0,NA,0,NA,0,NA,NA,0
2007,5,20,-27.56,1,NA,0,NA,0,NA,0,NA,0,NA,NA,0
2007,5,21,-22.7,0.625,NA,0,NA,0,NA,0,NA,0,NA,NA,0
2007,5,22,-24.71,0.875,NA,0,NA,0,NA,0,NA,0,NA,NA,0
2007,5,23,-25.17,0.875,NA,0,NA,0,NA,0,NA,0,NA,NA,0
2007,5,24,-21.05,0.5,NA,0,NA,0,NA,0,NA,0,NA,NA,0
2007,5,25,-21.61,1,NA,0,NA,0,NA,0,NA,0,NA,NA,0
2007,5,26,-23.5,0.875,NA,0,NA,0,NA,0,NA,0,NA,NA,0
2007,5,27,-22.78,0.625,NA,0,NA,0,NA,0,NA,0,NA,NA,0
2007,5,28,-24.33,0.875,NA,0,NA,0,NA,0,NA,0,NA,NA,0
2007,5,29,-28.56,0.625,NA,0,NA,0,NA,0,NA,0,NA,NA,0
2007,5,30,-28.95,0.5,NA,0,NA,0,NA,0,NA,0,NA,NA,0
2007,5,31,-28.38,0.75,NA,0,NA,0,NA,0,NA,0,NA,NA,0
2007,6,1,-31.3,1,NA,0,NA,0,NA,0,NA,0,NA,NA,0
2007,6,2,-34.12,0.625,NA,0,NA,0,NA,0,NA,0,NA,NA,0
2007,6,3,-28.28,0.75,NA,0,NA,0,NA,0,NA,0,NA,NA,0
2007,6,4,-25.65,0.5,NA,0,NA,0,NA,0,NA,0,NA,NA,0
2007,6,5,-23.28,0.625,NA,0,NA,0.125,65.2,0.625,NA,0,NA,NA,0.125
2007,6,6,-22.26,1,NA,0,NA,0,114.14,0.875,NA,0,NA,NA,0
2007,6,7,-24.74,0.625,NA,0,NA,0,NA,0,NA,0,NA,NA,0
2007,6,8,-21.23,1,NA,0,NA,0,NA,0,NA,0,NA,NA,0
2007,6,9,-20.02,0.75,NA,0,NA,0,NA,0,NA,0,NA,NA,0
2007,6,10,-20.25,1,NA,0,NA,0,NA,0,NA,0,NA,NA,0
2007,6,11,-21.27,0.75,NA,0,NA,0,NA,0,NA,0,NA,NA,0
2007,6,12,-19.7,0.375,NA,0,10.33,0.375,72.33,0.375,NA,0,10.29,71.33,0.375
2007,6,13,-25.16,0.875,NA,0,NA,0,NA,0,NA,0,NA,NA,0
2007,6,14,-30.93,0.75,NA,0,NA,0,NA,0,NA,0,NA,NA,0
2007,6,15,NA,0.125,NA,0,NA,0,NA,0,NA,0,NA,NA,0
2007,6,16,-31.19,1,NA,0,NA,0,NA,0,NA,0,NA,NA,0
2007,6,17,-33.26,1,NA,0,NA,0,NA,0,NA,0,NA,NA,0
2007,6,18,-32.94,0.875,NA,0,NA,0,NA,0,NA,0,NA,NA,0
2007,6,19,-31.37,1,NA,0,3.8,0.25,87,0.25,NA,0,3.79,88.05,0.25
2007,6,20,-33.28,1,NA,0,2.98,0.625,88,0.625,NA,0,2.97,88.61,0.625
2007,6,21,-24.04,0.625,NA,0,NA,0,NA,0,NA,0,NA,NA,0
2007,6,22,-37.13,0.75,NA,0,NA,0,NA,0,NA,0,NA,NA,0
2007,6,23,-35.54,1,NA,0,NA,0,NA,0,NA,0,NA,NA,0
2007,6,24,-24.7,0.5,NA,0,NA,0,NA,0,NA,0,NA,NA,0
2007,6,25,-22.16,0.875,NA,0,NA,0,NA,0,NA,0,NA,NA,0
2007,6,26,-28.48,0.625,NA,0,NA,0,NA,0,NA,0,NA,NA,0
2007,6,27,-40.14,1,NA,0,NA,0,NA,0,NA,0,NA,NA,0
2007,6,28,-38.97,0.875,NA,0,NA,0,NA,0,NA,0,NA,NA,0
2007,6,29,-37.24,0.875,NA,0,NA,0,NA,0,NA,0,NA,NA,0
2007,6,30,-33.27,0.75,NA,0,NA,0,NA,0,NA,0,NA,NA,0
2007,7,1,-22.69,0.875,NA,0,NA,0,NA,0,NA,0,NA,NA,0
2007,7,2,-27.83,0.875,NA,0,NA,0,NA,0,NA,0,NA,NA,0
2007,7,3,-26.2,1,NA,0,NA,0,NA,0,NA,0,NA,NA,0
2007,7,4,-16.73,0.875,NA,0,NA,0,NA,0,NA,0,NA,NA,0
2007,7,5,-25.16,0.625,NA,0,NA,0,NA,0,NA,0,NA,NA,0
2007,7,6,-22.68,0.625,NA,0,NA,0,NA,0,NA,0,NA,NA,0
2007,7,7,-25.58,0.625,NA,0,NA,0,NA,0,NA,0,NA,NA,0
2007,7,8,-33.76,0.875,NA,0,NA,0,NA,0,NA,0,NA,NA,0
2007,7,9,-27.42,0.625,NA,0,14.25,0.25,10.33,0.375,NA,0,14.01,11.31,0.25
2007,7,10,-36.12,0.75,NA,0,7.14,0.625,115.57,0.875,NA,0,6.72,356.29,0.625
2007,7,11,-36.83,0.875,NA,0,NA,0,NA,0,NA,0,NA,NA,0
2007,7,12,-30.97,0.875,NA,0,NA,0,NA,0,NA,0,NA,NA,0
2007,7,13,-29.3,0.625,NA,0,NA,0,NA,0,NA,0,NA,NA,0
2007,7,14,-14.92,0.75,NA,0,NA,0,NA,0,NA,0,NA,NA,0
2007,7,15,-17.72,1,NA,0,NA,0,NA,0,NA,0,NA,NA,0
2007,7,16,-19.18,0.625,NA,0,NA,0,NA,0,NA,0,NA,NA,0
2007,7,17,-16,1,NA,0,NA,0,NA,0,NA,0,NA,NA,0
2007,7,18,-29.67,0.75,NA,0,NA,0,NA,0,NA,0,NA,NA,0
2007,7,19,-33.35,0.5,NA,0,NA,0,NA,0,NA,0,NA,NA,0
2007,7,20,-33.86,1,NA,0,NA,0,NA,0,NA,0,NA,NA,0
2007,7,21,-36.25,1,NA,0,NA,0,NA,0,NA,0,NA,NA,0
2007,7,22,-34.78,0.75,NA,0,NA,0,NA,0,NA,0,NA,NA,0
2007,7,23,-24.4,1,NA,0,NA,0,NA,0,NA,0,NA,NA,0
2007,7,24,-20.81,0.875,NA,0,NA,0,NA,0,NA,0,NA,NA,0
2007,7,25,-27.43,0.75,NA,0,NA,0,NA,0,NA,0,NA,NA,0
2007,7,26,-33.1,1,NA,0,NA,0,NA,0,NA,0,NA,NA,0
2007,7,27,-32.63,0.875,NA,0,NA,0,NA,0,NA,0,NA,NA,0
2007,7,28,-43.17,0.75,NA,0,NA,0,NA,0,NA,0,NA,NA,0
2007,7,29,-37.66,1,NA,0,NA,0,NA,0,NA,0,NA,NA,0
2007,7,30,-30.6,1,NA,0,NA,0,NA,0,NA,0,NA,NA,0
2007,7,31,-32.63,0.875,NA,0,NA,0,NA,0,NA,0,NA,NA,0
2007,8,1,-41.52,0.75,NA,0,NA,0,NA,0,NA,0,NA,NA,0
2007,8,2,-39.29,1,NA,0,NA,0,NA,0,NA,0,NA,NA,0
2007,8,3,-38.02,0.625,NA,0,NA,0.125,NA,0.125,NA,0,NA,NA,0.125
2007,8,4,-29.24,0.875,NA,0,4.57,0.375,58.33,0.375,NA,0,4.57,58.31,0.375
2007,8,5,-28.05,0.75,NA,0,NA,0,NA,0,NA,0,NA,NA,0
2007,8,6,-31.26,1,NA,0,NA,0,NA,0,NA,0,NA,NA,0
2007,8,7,-30.65,1,NA,0,NA,0,NA,0,NA,0,NA,NA,0
2007,8,8,-27.97,0.875,NA,0,NA,0,NA,0,NA,0,NA,NA,0
2007,8,9,-42.06,0.625,NA,0,NA,0,NA,0,NA,0,NA,NA,0
2007,8,10,-37.46,0.875,NA,0,NA,0,NA,0,NA,0,NA,NA,0
2007,8,11,-34,0.875,NA,0,NA,0,NA,0,NA,0,NA,NA,0
2007,8,12,-32.28,1,NA,0,NA,0,NA,0,NA,0,NA,NA,0
2007,8,13,-26.87,0.375,NA,0,7.87,0.375,48.4,0.625,NA,0,7.86,71.27,0.375
2007,8,14,-28.1,0.375,NA,0,16.13,0.75,99,1,NA,0,15.75,8.98,0.75
2007,8,15,-29.01,1,NA,0,NA,0,NA,0,NA,0,NA,NA,0
2007,8,16,-27.7,0.75,NA,0,NA,0,NA,0,NA,0,NA,NA,0
2007,8,17,-27.66,1,NA,0,NA,0,NA,0,NA,0,NA,NA,0
2007,8,18,-31.55,0.75,NA,0,18.45,0.25,107,0.5,NA,0,18.22,0.43,0.25
2007,8,19,-36.98,0.75,NA,0,NA,0,NA,0,NA,0,NA,NA,0
2007,8,20,-36.35,0.75,NA,0,NA,0,NA,0,NA,0,NA,NA,0
2007,8,21,-28.4,0.5,NA,0,NA,0,NA,0,NA,0,NA,NA,0
2007,8,22,-30.18,1,NA,0,NA,0,NA,0,NA,0,NA,NA,0
2007,8,23,-29.75,1,NA,0,NA,0,NA,0,NA,0,NA,NA,0
2007,8,24,-30.93,0.75,NA,0,NA,0,NA,0,NA,0,NA,NA,0
2007,8,25,-27.47,1,NA,0,NA,0,NA,0,NA,0,NA,NA,0
2007,8,26,-27.89,1,NA,0,NA,0,NA,0,NA,0,NA,NA,0
2007,8,27,-20.38,0.75,NA,0,NA,0,NA,0,NA,0,NA,NA,0
2007,8,28,-20.91,1,NA,0,NA,0,NA,0,NA,0,NA,NA,0
2007,8,29,-24.1,1,NA,0,NA,0,NA,0,NA,0,NA,NA,0
2007,8,30,-28.46,0.875,NA,0,NA,0,NA,0,NA,0,NA,NA,0
2007,8,31,-28.65,0.75,NA,0,NA,0,NA,0,NA,0,NA,NA,0
2007,9,1,-30.1,0.875,NA,0,NA,0,NA,0,NA,0,NA,NA,0
2007,9,2,-30.2,1,NA,0,NA,0,NA,0,NA,0,NA,NA,0
2007,9,3,-25.88,1,NA,0,NA,0,NA,0,NA,0,NA,NA,0
2007,9,4,-23.84,0.875,NA,0,NA,0,NA,0,NA,0,NA,NA,0
2007,9,5,-20.86,0.875,NA,0,NA,0,NA,0,NA,0,NA,NA,0
2007,9,6,-22.55,1,NA,0,NA,0,NA,0,NA,0,NA,NA,0
2007,9,7,-27.94,1,NA,0,NA,0,NA,0,NA,0,NA,NA,0
2007,9,8,-33.88,0.5,NA,0,NA,0,NA,0,NA,0,NA,NA,0
2007,9,9,-37.08,0.625,NA,0,NA,0,NA,0,NA,0,NA,NA,0
2007,9,10,-31.27,0.375,NA,0,NA,0,NA,0,NA,0,NA,NA,0
2007,9,11,-33.56,1,NA,0,NA,0,NA,0,NA,0,NA,NA,0
2007,9,12,-32.47,0.875,NA,0,NA,0,NA,0,NA,0,NA,NA,0
2007,9,13,-37.03,0.875,NA,0,NA,0,NA,0,NA,0,NA,NA,0
2007,9,14,-38.6,0.375,NA,0,NA,0,NA,0,NA,0,NA,NA,0
2007,9,15,-38.89,0.875,NA,0,NA,0,NA,0,NA,0,NA,NA,0
2007,9,16,-36.44,1,NA,0,NA,0,NA,0,NA,0,NA,NA,0
2007,9,17,-32.5,0.875,NA,0,NA,0,NA,0,NA,0,NA,NA,0
2007,9,18,-34.15,0.25,NA,0,NA,0,NA,0,NA,0,NA,NA,0
2007,9,19,-32.04,0.625,NA,0,NA,0,NA,0,NA,0,NA,NA,0
2007,9,20,-24.64,1,NA,0,NA,0,NA,0,NA,0,NA,NA,0
2007,9,21,-26.96,0.625,NA,0,NA,0,NA,0,NA,0,NA,NA,0
2007,9,22,-24.27,0.875,NA,0,NA,0,NA,0,NA,0,NA,NA,0
2007,9,23,-32.88,0.75,NA,0,NA,0,NA,0,NA,0,NA,NA,0
2007,9,24,-37.96,0.875,NA,0,NA,0,NA,0,NA,0,NA,NA,0
2007,9,25,-32.5,0.875,NA,0,NA,0,NA,0,NA,0,NA,NA,0
2007,9,26,-24.83,0.75,NA,0,NA,0,NA,0,NA,0,NA,NA,0
2007,9,27,-24.59,1,NA,0,NA,0,NA,0,NA,0,NA,NA,0
2007,9,28,-30.47,0.75,NA,0,NA,0,NA,0,NA,0,NA,NA,0
2007,9,29,-32.88,0.5,NA,0,NA,0,NA,0,NA,0,NA,NA,0
2007,9,30,-27.78,0.625,NA,0,NA,0,NA,0,NA,0,NA,NA,0
2007,10,1,-30.33,0.5,NA,0,NA,0,NA,0,NA,0,NA,NA,0
2007,10,2,-25.93,0.875,NA,0,NA,0,NA,0,NA,0,NA,NA,0
2007,10,3,-25.76,0.875,NA,0,NA,0,NA,0,NA,0,NA,NA,0
2007,10,4,-27.8,1,NA,0,NA,0,NA,0,NA,0,NA,NA,0
2007,10,5,-36.43,0.75,NA,0,NA,0,NA,0,NA,0,NA,NA,0
2007,10,6,-40.1,0.5,NA,0,NA,0,NA,0,NA,0,NA,NA,0
2007,10,7,-42.99,0.875,NA,0,NA,0,NA,0,NA,0,NA,NA,0
2007,10,8,-37.18,0.625,NA,0,NA,0,NA,0,NA,0,NA,NA,0
2007,10,9,-30.46,0.875,NA,0,NA,0,NA,0,NA,0,NA,NA,0
2007,10,10,-33.52,0.75,NA,0,NA,0,NA,0,NA,0,NA,NA,0
2007,10,11,-33.18,0.625,NA,0,NA,0,NA,0,NA,0,NA,NA,0
2007,10,12,-31.38,0.625,NA,0,NA,0,NA,0,NA,0,NA,NA,0
2007,10,13,-27.4,0.375,NA,0,NA,0,NA,0,NA,0,NA,NA,0
2007,10,14,-19.54,1,NA,0,NA,0,NA,0,NA,0,NA,NA,0
2007,10,15,-19.64,0.875,NA,0,NA,0,NA,0,NA,0,NA,NA,0
2007,10,16,-20.49,0.875,NA,0,NA,0,NA,0,NA,0,NA,NA,0
2007,10,17,-19.73,1,NA,0,NA,0,NA,0,NA,0,NA,NA,0
2007,10,18,-24.43,0.875,NA,0,NA,0,NA,0,NA,0,NA,NA,0
2007,10,19,-27.76,1,NA,0,NA,0,NA,0,NA,0,NA,NA,0
2007,10,20,-21.38,1,NA,0,NA,0,NA,0,NA,0,NA,NA,0
2007,10,21,-19.73,0.875,NA,0,NA,0,NA,0,NA,0,NA,NA,0
2007,10,22,-23.65,1,NA,0,NA,0,NA,0,NA,0,NA,NA,0
2007,10,23,-27.48,0.625,NA,0,NA,0,NA,0,NA,0,NA,NA,0
2007,10,24,-26.26,1,NA,0,NA,0,NA,0,NA,0,NA,NA,0
2007,10,25,-28.79,1,NA,0,NA,0,NA,0,NA,0,NA,NA,0
2007,10,26,-27.32,0.75,NA,0,NA,0,NA,0,NA,0,NA,NA,0
2007,10,27,-28.85,0.25,NA,0,NA,0,NA,0,NA,0,NA,NA,0
2007,10,28,-22.83,0.375,NA,0,NA,0,NA,0,NA,0,NA,NA,0
2007,10,29,-16.05,1,NA,0,NA,0,NA,0,NA,0,NA,NA,0
2007,10,30,-18.31,1,NA,0,NA,0,NA,0,NA,0,NA,NA,0
2007,10,31,-24.92,0.625,NA,0,NA,0,NA,0,NA,0,NA,NA,0
2007,11,1,-21.26,0.625,NA,0,NA,0,NA,0,NA,0,NA,NA,0
2007,11,2,-26.82,0.625,NA,0,NA,0,NA,0,NA,0,NA,NA,0
2007,11,3,-20.33,0.875,NA,0,NA,0,NA,0,NA,0,NA,NA,0
2007,11,4,-17.04,0.875,NA,0,NA,0,NA,0,NA,0,NA,NA,0
2007,11,5,-13.01,1,NA,0,NA,0,NA,0,NA,0,NA,NA,0
2007,11,6,-9.41,0.875,NA,0,NA,0,NA,0,NA,0,NA,NA,0
2007,11,7,-11.3,0.5,NA,0,NA,0,NA,0,NA,0,NA,NA,0
2007,11,8,-13.34,0.625,NA,0,NA,0,NA,0,NA,0,NA,NA,0
2007,11,9,-11.53,0.5,NA,0,NA,0,NA,0,NA,0,NA,NA,0
2007,11,10,-12.7,0.875,NA,0,NA,0,NA,0,NA,0,NA,NA,0
2007,11,11,-10.54,0.625,NA,0,NA,0,NA,0,NA,0,NA,NA,0
2007,11,12,-9.65,1,NA,0,NA,0,NA,0,NA,0,NA,NA,0
2007,11,13,-12.63,0.875,NA,0,NA,0,NA,0,NA,0,NA,NA,0
2007,11,14,-13.28,0.75,NA,0,NA,0,NA,0,NA,0,NA,NA,0
2007,11,15,-16.05,1,NA,0,NA,0,NA,0,NA,0,NA,NA,0
2007,11,16,-15.05,1,NA,0,5.93,0.375,272.67,0.375,NA,0,5.93,272.15,0.375
2007,11,17,-14.68,1,NA,0,NA,0,NA,0,NA,0,NA,NA,0
2007,11,18,-16.25,0.5,NA,0,NA,0.125,NA,0.125,NA,0,NA,NA,0.125
2007,11,19,-15.38,0.75,NA,0,1.86,0.625,45.6,0.625,NA,0,1.77,58.22,0.625
2007,11,20,-13.17,0.75,NA,0,3.93,0.75,101.33,0.75,NA,0,3.82,99.31,0.75
2007,11,21,-11.42,1,NA,0,6,1,53,1,NA,0,5.67,50.03,1
2007,11,22,-10.7,0.875,NA,0,3,1,80,1,NA,0,2.98,77.07,1
2007,11,23,-12.03,0.375,NA,0,1.07,1,109,1,NA,0,0.65,80.62,1
2007,11,24,-9.63,1,NA,0,1.61,1,199.75,1,NA,0,1.42,171.33,1
2007,11,25,-10.75,0.75,NA,0,1.85,1,217.62,1,NA,0,1.58,352.64,1
2007,11,26,-16.04,0.875,NA,0,2.69,1,56.88,1,NA,0,2.56,58.37,1
2007,11,27,-17.78,0.625,NA,0,3.05,1,146.5,1,NA,0,1.2,138.56,1
2007,11,28,-12.95,1,NA,0,3.01,1,59.25,1,NA,0,2.96,60.68,1
2007,11,29,-13.23,0.875,NA,0,8.4,0.875,82.38,1,NA,0,7.97,33.44,0.875
2007,11,30,-14.6,0.75,NA,0,2.83,0.875,65.25,1,NA,0,2.06,37.65,0.875
2007,12,1,NA,0,NA,0,0.51,1,177.5,1,NA,0,0.5,187.02,1
2007,12,2,-9.53,0.375,NA,0,1.41,1,218.5,1,NA,0,1.35,212.52,1
2007,12,3,-13.3,0.375,NA,0,1.85,1,299.12,1,NA,0,1.49,300.35,1
2007,12,4,-11.4,0.5,NA,0,2.02,1,31.62,1,NA,0,1.97,33.23,1
2007,12,5,NA,0.125,NA,0,0.76,1,103.62,1,NA,0,0.68,97.23,1
2007,12,6,-13.5,1,NA,0,4.92,0.75,59,1,NA,0,4.65,44.44,0.75
2007,12,7,-10.99,0.875,NA,0,5.37,0.75,103.12,1,NA,0,5.03,88.7,0.75
2007,12,8,-10.31,1,NA,0,3.85,1,88.12,1,NA,0,3.62,87.56,1
2007,12,9,-9.54,1,NA,0,5.92,1,36.62,1,NA,0,5.44,34.53,1
2007,12,10,-10.99,0.875,NA,0,3.88,1,71.75,1,NA,0,3.45,66.07,1
2007,12,11,-11.1,0.75,NA,0,2.59,1,128.38,1,NA,0,2.45,127.42,1
2007,12,12,-14.02,0.625,NA,0,5.25,1,155,1,NA,0,4.11,134.4,1
2007,12,13,-12.97,0.75,NA,0,5.24,1,133.5,1,NA,0,5.06,129.48,1
2007,12,14,-8.3,1,NA,0,9.45,1,122.5,1,NA,0,9.1,120.22,1
2007,12,15,-7.66,1,NA,0,8.68,1,108.5,1,NA,0,8.59,108.55,1
2007,12,16,-8.3,1,NA,0,7.54,1,101.88,1,NA,0,7.21,102.97,1
2007,12,17,-9.3,0.625,NA,0,3.56,1,82.5,1,NA,0,3.43,33.87,1
2007,12,18,-10.11,1,NA,0,3.71,1,126.62,1,NA,0,3.1,126.28,1
2007,12,19,-8.19,0.875,NA,0,5.34,1,129,1,NA,0,3.16,124.83,1
2007,12,20,-7.74,0.875,NA,0,5.48,0.625,35.38,1,NA,0,5.07,43.27,0.625
2007,12,21,-5.65,0.5,NA,0,2.42,1,94.5,1,NA,0,1.36,90.97,1
2007,12,22,-9.34,1,NA,0,3.44,1,203.88,1,NA,0,3.29,202.95,1
2007,12,23,-9.93,0.875,NA,0,3.95,1,253.75,1,NA,0,3.74,254.03,1
2007,12,24,-11.25,1,NA,0,4.02,1,251.5,1,NA,0,3.97,250.82,1
2007,12,25,-10.45,1,NA,0,4.41,1,273.75,1,NA,0,4.13,274.28,1
2007,12,26,-9.1,0.75,NA,0,2.35,1,119.5,1,NA,0,1.93,19.92,1
2007,12,27,-9.06,0.625,NA,0,2.72,1,210.62,1,NA,0,2.65,221.37,1
2007,12,28,-9.25,0.75,NA,0,4.09,1,237.38,1,NA,0,3.86,237.25,1
2007,12,29,-9.78,0.5,NA,0,3.02,1,196.75,1,NA,0,2.85,232.16,1
2007,12,30,-10.17,0.75,NA,0,2.76,1,121.88,1,NA,0,2.66,143.61,1
2007,12,31,-12.14,1,NA,0,4.85,1,140.25,1,NA,0,4.78,140.66,1
2008,1,1,-12.78,0.5,NA,0,3.87,0.875,135.88,1,NA,0,3.56,138.11,0.875
2008,1,2,-10.58,1,NA,0,4.12,1,240.25,1,NA,0,3.5,342.24,1
2008,1,3,-10.48,0.75,NA,0,2.9,1,73.75,1,NA,0,2.52,20.2,1
2008,1,4,-8.2,0.75,NA,0,2.81,1,96.62,1,NA,0,2.78,97.93,1
2008,1,5,-7.22,0.625,NA,0,2.04,1,104.25,1,NA,0,1.88,359.59,1
2008,1,6,-6.15,1,NA,0,4.22,1,125.75,1,NA,0,2.32,105.3,1
2008,1,7,-5.48,1,NA,0,10.6,0.75,21.5,1,NA,0,10.49,24.24,0.75
2008,1,8,-5.43,1,NA,0,6.95,1,262.25,1,NA,0,6.79,353.4,1
2008,1,9,-5.29,1,NA,0,3.19,1,113.12,1,NA,0,2.63,79.97,1
2008,1,10,-2.45,0.25,NA,0,1.24,1,196.25,1,NA,0,1,248.97,1
2008,1,11,-7.55,0.5,NA,0,2.94,1,268.12,1,NA,0,2.16,344.06,1
2008,1,12,-8.26,0.625,NA,0,2.76,1,24.62,1,NA,0,2.66,20.56,1
2008,1,13,-7.4,0.875,NA,0,3.28,1,46.12,1,NA,0,3.16,44.41,1
2008,1,14,-6.64,0.625,NA,0,2.81,1,104.62,1,NA,0,2.09,99.69,1
2008,1,15,-4.3,0.375,NA,0,1.55,1,154,1,NA,0,1.37,135.02,1
2008,1,16,-6.2,0.5,NA,0,3.49,1,69,1,NA,0,2.97,43.7,1
2008,1,17,-5.3,0.5,NA,0,2.39,1,175.25,1,NA,0,1.11,154.58,1
2008,1,18,-9.25,1,NA,0,5.39,0.875,68,1,NA,0,5.22,22.1,0.875
2008,1,19,-6.66,0.625,NA,0,3.1,1,60.38,1,NA,0,2.6,26.43,1
2008,1,20,-4.78,0.625,NA,0,1.03,0.375,102.75,1,NA,0,1.03,158.6,0.375
2008,1,21,NA,0,NA,0,0.35,0.75,57.5,1,NA,0,0.34,64.31,0.75
2008,1,22,NA,0,NA,0,0.59,1,202.75,1,NA,0,0.17,49.33,1
2008,1,23,-5.8,0.25,NA,0,1.85,1,112.88,1,NA,0,1.75,107.04,1
2008,1,24,-7.4,0.25,NA,0,1.52,1,125.25,1,NA,0,1.29,46.65,1
2008,1,25,NA,0,NA,0,0.87,0.875,70.25,1,NA,0,0.72,83.88,0.875
2008,1,26,-6.14,0.625,NA,0,2,0.75,179.38,1,NA,0,1.91,16.99,0.75
2008,1,27,-8.8,1,NA,0,4.41,1,45.12,1,NA,0,4.32,43.26,1
2008,1,28,-9.44,1,NA,0,5.3,1,135.25,1,NA,0,4.68,1.62,1
2008,1,29,-11.66,0.875,NA,0,4.92,1,74.75,1,NA,0,4.59,30.52,1
2008,1,30,-8.95,0.25,NA,0,1.38,1,183.88,1,NA,0,0.88,136.21,1
2008,1,31,-15.27,0.375,NA,0,1.85,1,332.75,1,NA,0,1.8,343.01,1
2008,2,1,-14.3,0.625,NA,0,2.5,0.875,50.86,0.875,NA,0,2.41,50.72,0.875
2008,2,2,-11.06,1,NA,0,5.06,1,57.88,1,NA,0,4.91,57.37,1
2008,2,3,-13.52,0.75,NA,0,5.17,0.75,75.12,1,NA,0,5.04,14.38,0.75
2008,2,4,-13.03,1,NA,0,6.1,0.875,57.5,1,NA,0,5.82,12.34,0.875
2008,2,5,-15.14,0.875,NA,0,3.65,1,109.25,1,NA,0,1.48,111.45,1
2008,2,6,-15.92,0.5,NA,0,1.96,1,185.5,1,NA,0,1.67,226.07,1
2008,2,7,NA,0,NA,0,1.01,1,167.5,1,NA,0,0.85,173.96,1
2008,2,8,-18.63,0.375,NA,0,3.31,1,135.62,1,NA,0,3.09,10.71,1
2008,2,9,-18.65,0.5,NA,0,2.43,0.875,142.62,1,NA,0,0.37,41.21,0.875
2008,2,10,-21.6,0.625,NA,0,3.5,0.75,277.38,1,NA,0,2.74,288.07,0.75
2008,2,11,-23.65,0.5,NA,0,2.61,1,218.88,1,NA,0,2.16,200.8,1
2008,2,12,-23.78,0.75,NA,0,3.6,1,245.88,1,NA,0,3.41,250.57,1
2008,2,13,-21.9,0.25,NA,0,1.45,1,259.75,1,NA,0,1.36,258.44,1
2008,2,14,NA,0.125,NA,0,1.52,1,240.75,1,NA,0,1.46,245.02,1
2008,2,15,NA,0.125,NA,0,1.43,1,198.5,1,NA,0,1.2,200.21,1
2008,2,16,NA,0.125,NA,0,1.07,0.75,157,1,NA,0,0.87,157.47,0.75
2008,2,17,-24.17,0.375,NA,0,1.9,0.75,265,1,NA,0,1.72,294.82,0.75
2008,2,18,-17.97,0.375,NA,0,2.25,0.75,150,1,NA,0,2.22,138.87,0.75
2008,2,19,-13.5,0.25,NA,0,1.71,1,70.62,1,NA,0,1.52,72.15,1
2008,2,20,-11.8,0.375,NA,0,1.73,1,47.38,1,NA,0,1.69,44.68,1
2008,2,21,-11.46,0.625,NA,0,2.53,0.75,49.88,1,NA,0,2.46,47.19,0.75
2008,2,22,-14.75,0.25,NA,0,1.55,1,139.62,1,NA,0,1.39,139.48,1
2008,2,23,-23.35,0.25,NA,0,2.15,1,73.25,1,NA,0,1.98,69.45,1
2008,2,24,-17.17,0.875,NA,0,5.11,1,81.88,1,NA,0,4.91,82.29,1
2008,2,25,-18.2,0.875,NA,0,2.84,0.625,75.75,1,NA,0,2.53,68.67,0.625
2008,2,26,-16.88,0.625,NA,0,3.7,0.875,52.62,1,NA,0,3.55,48.99,0.875
2008,2,27,-16.1,0.875,NA,0,3.25,1,121.5,1,NA,0,2.76,128.76,1
2008,2,28,-20.97,0.75,NA,0,2.91,1,215.12,1,NA,0,2.72,208.71,1
2008,2,29,-20.77,0.375,NA,0,1.95,1,138.25,1,NA,0,1.38,89.43,1
2008,3,1,-14.71,1,NA,0,2.34,1,96.5,1,NA,0,2.18,96.71,1
2008,3,2,-13.83,1,NA,0,1.29,1,82.12,1,NA,0,0.98,85.7,1
2008,3,3,-15.74,0.875,NA,0,2.74,0.875,193.38,1,NA,0,1.31,216.96,0.875
2008,3,4,-17.28,0.75,NA,0,2.51,1,72.12,1,NA,0,2.1,36.64,1
2008,3,5,-13.88,1,NA,0,0.82,1,202.5,1,NA,0,0.2,240.48,1
2008,3,6,-16.01,0.875,NA,0,1.98,1,103.25,1,NA,0,1.48,75.89,1
2008,3,7,-19.44,1,NA,0,1.97,1,203.38,1,NA,0,1.73,197.39,1
2008,3,8,-22.09,0.875,NA,0,3.84,1,264.25,1,NA,0,3.78,261.9,1
2008,3,9,-25.02,0.625,NA,0,3.31,1,234,1,NA,0,3.16,241.44,1
2008,3,10,-20.69,1,NA,0,1.75,1,200.62,1,NA,0,1.18,226.51,1
2008,3,11,-17.84,1,NA,0,0.84,1,79,1,NA,0,0.67,36.88,1
2008,3,12,-20.88,1,NA,0,1.74,1,201.88,1,NA,0,0.84,36.73,1
2008,3,13,-23.95,0.5,NA,0,3.85,1,126.88,1,NA,0,2.8,48.45,1
2008,3,14,-21.93,0.5,NA,0,8.03,1,27.88,1,NA,0,7.89,27.91,1
2008,3,15,-25.77,0.75,NA,0,4.76,0.625,104.38,1,NA,0,4.5,10.43,0.625
2008,3,16,-25.6,0.625,NA,0,2.24,1,59.75,1,NA,0,2.02,66.26,1
2008,3,17,-22,0.875,NA,0,3.96,1,35.5,1,NA,0,3.76,36.37,1
2008,3,18,-21.44,0.875,NA,0,2.7,1,154.88,1,NA,0,2.07,88.01,1
2008,3,19,-23.5,0.75,NA,0,1.23,1,126.38,1,NA,0,1.21,129.44,1
2008,3,20,-23.2,0.75,NA,0,2.31,1,119.88,1,NA,0,0.35,101.88,1
2008,3,21,-22.17,0.75,NA,0,3.09,1,158.25,1,NA,0,0.95,74.63,1
2008,3,22,-16.67,0.75,NA,0,4.12,1,81.5,1,NA,0,3.8,81.26,1
2008,3,23,-16.38,1,NA,0,7.22,1,79.5,1,NA,0,7.14,79.72,1
2008,3,24,-16.19,1,NA,0,4.9,1,93.12,1,NA,0,4.85,93.28,1
2008,3,25,-17.07,0.875,NA,0,2.19,1,92.38,1,NA,0,1.74,52.79,1
2008,3,26,-15.84,1,NA,0,2.57,1,48.5,1,NA,0,2.55,48.78,1
2008,3,27,-18.82,0.75,NA,0,NA,0,51.62,1,NA,0,NA,NA,0
2008,3,28,-20.44,0.625,NA,0,NA,0,154.38,1,NA,0,NA,NA,0
2008,3,29,-26.74,1,NA,0,NA,0,64,1,NA,0,NA,NA,0
2008,3,30,-27.04,0.875,NA,0,NA,0,106.75,1,NA,0,NA,NA,0
2008,3,31,-29.16,1,NA,0,NA,0,221.25,1,NA,0,NA,NA,0
2008,4,1,-29.41,1,NA,0,NA,0,NA,0,NA,0,NA,NA,0
2008,4,2,-32.8,0.875,NA,0,NA,0,NA,0,NA,0,NA,NA,0
2008,4,3,-36.77,0.875,NA,0,NA,0,NA,0,NA,0,NA,NA,0
2008,4,4,-34.81,0.875,NA,0,NA,0,NA,0,NA,0,NA,NA,0
2008,4,5,-33.47,0.875,NA,0,NA,0,NA,0,NA,0,NA,NA,0
2008,4,6,-29.96,0.875,NA,0,NA,0,NA,0,NA,0,NA,NA,0
2008,4,7,-30.8,0.875,NA,0,NA,0,NA,0,NA,0,NA,NA,0
2008,4,8,-27.19,1,NA,0,NA,0,NA,0,NA,0,NA,NA,0
2008,4,9,-24.41,0.875,NA,0,NA,0,NA,0,NA,0,NA,NA,0
2008,4,10,-22.65,0.75,NA,0,NA,0,NA,0,NA,0,NA,NA,0
2008,4,11,-20.38,0.75,NA,0,NA,0,NA,0,NA,0,NA,NA,0
2008,4,12,-24.41,1,NA,0,NA,0,NA,0,NA,0,NA,NA,0
2008,4,13,-18.5,0.875,NA,0,NA,0,NA,0,NA,0,NA,NA,0
2008,4,14,-18.75,0.75,NA,0,NA,0,NA,0,NA,0,NA,NA,0
2008,4,15,-22.47,0.875,NA,0,NA,0,NA,0,NA,0,NA,NA,0
2008,4,16,-25.04,1,NA,0,NA,0,NA,0,NA,0,NA,NA,0
2008,4,17,-28.59,1,NA,0,NA,0,NA,0,NA,0,NA,NA,0
2008,4,18,-27.9,1,NA,0,NA,0,NA,0,NA,0,NA,NA,0
2008,4,19,-35.87,0.875,NA,0,NA,0,NA,0,NA,0,NA,NA,0
2008,4,20,-31.25,1,NA,0,NA,0,NA,0,NA,0,NA,NA,0
2008,4,21,-31.88,0.625,NA,0,NA,0,NA,0,NA,0,NA,NA,0
2008,4,22,-27.9,0.625,NA,0,NA,0,NA,0,NA,0,NA,NA,0
2008,4,23,-31.83,0.75,NA,0,NA,0,NA,0,NA,0,NA,NA,0
2008,4,24,-19.68,0.625,NA,0,NA,0,NA,0,NA,0,NA,NA,0
2008,4,25,-17.61,0.875,NA,0,NA,0,NA,0,NA,0,NA,NA,0
2008,4,26,-17.6,0.625,NA,0,NA,0,NA,0,NA,0,NA,NA,0
2008,4,27,-19.81,0.875,NA,0,NA,0,NA,0,NA,0,NA,NA,0
2008,4,28,-23.29,0.875,NA,0,NA,0,NA,0,NA,0,NA,NA,0
2008,4,29,-27.78,0.75,NA,0,NA,0,NA,0,NA,0,NA,NA,0
2008,4,30,-28.89,1,NA,0,NA,0,NA,0,NA,0,NA,NA,0
2008,5,1,-23.01,0.875,NA,0,NA,0.125,55.62,1,NA,0,NA,NA,0.125
2008,5,2,NA,0.125,NA,0,NA,0,69,1,NA,0,NA,NA,0
2008,5,3,-22.56,0.875,NA,0,NA,0,72.25,1,NA,0,NA,NA,0
2008,5,4,-21.16,1,NA,0,NA,0,84.62,1,NA,0,NA,NA,0
2008,5,5,-23.43,1,NA,0,NA,0,76.25,1,NA,0,NA,NA,0
2008,5,6,-24.08,0.625,NA,0,NA,0,NA,0.125,NA,0,NA,NA,0
2008,5,7,-28.9,0.75,NA,0,NA,0,NA,0,NA,0,NA,NA,0
2008,5,8,-33.38,0.625,NA,0,NA,0,NA,0,NA,0,NA,NA,0
2008,5,9,-38.36,0.875,NA,0,NA,0,NA,0,NA,0,NA,NA,0
2008,5,10,-33.25,1,NA,0,NA,0,NA,0,NA,0,NA,NA,0
2008,5,11,-31,0.75,NA,0,NA,0,NA,0,NA,0,NA,NA,0
2008,5,12,-20.88,0.625,NA,0,NA,0.125,301,0.25,NA,0,NA,NA,0.125
2008,5,13,-31.31,0.875,NA,0,NA,0,102.12,1,NA,0,NA,NA,0
2008,5,14,-15.93,0.5,NA,0,NA,0,53.12,1,NA,0,NA,NA,0
2008,5,15,-19.73,0.875,NA,0,NA,0,34.62,1,NA,0,NA,NA,0
2008,5,16,-22.9,0.75,NA,0,NA,0.125,164.75,0.5,NA,0,NA,NA,0.125
2008,5,17,-31.33,0.5,NA,0,NA,0,58.25,1,NA,0,NA,NA,0
2008,5,18,-30.91,0.875,NA,0,NA,0,200.5,0.5,NA,0,NA,NA,0
2008,5,19,-31.53,1,NA,0,NA,0,NA,0,NA,0,NA,NA,0
2008,5,20,-32.7,1,NA,0,NA,0,NA,0,NA,0,NA,NA,0
2008,5,21,-33.18,0.75,NA,0,NA,0,NA,0,NA,0,NA,NA,0
2008,5,22,-35.5,0.75,NA,0,NA,0,NA,0,NA,0,NA,NA,0
2008,5,23,-35.5,0.5,NA,0,NA,0,NA,0,NA,0,NA,NA,0
2008,5,24,-45.1,0.75,NA,0,NA,0,NA,0,NA,0,NA,NA,0
2008,5,25,-45.44,0.875,NA,0,NA,0,NA,0,NA,0,NA,NA,0
2008,5,26,-36.77,0.75,NA,0,NA,0,NA,0,NA,0,NA,NA,0
2008,5,27,-33.28,1,NA,0,NA,0,NA,0,NA,0,NA,NA,0
2008,5,28,-46.38,0.5,NA,0,NA,0.125,NA,0.125,NA,0,NA,NA,0.125
2008,5,29,-31.22,0.75,NA,0,5.95,0.25,32.5,0.25,NA,0,5.94,32.02,0.25
2008,5,30,-32.7,0.625,NA,0,0,0.25,80,0.25,NA,0,0,32.02,0.25
2008,5,31,-23.23,0.75,NA,0,NA,0,NA,0,NA,0,NA,NA,0
2008,6,1,-18.66,1,NA,0,NA,0,NA,0,NA,0,NA,NA,0
2008,6,2,-19.45,1,NA,0,NA,0,NA,0,NA,0,NA,NA,0
2008,6,3,-20.65,0.75,NA,0,NA,0,NA,0,NA,0,NA,NA,0
2008,6,4,-17.88,1,NA,0,NA,0,NA,0,NA,0,NA,NA,0
2008,6,5,-16.18,1,NA,0,NA,0,NA,0,NA,0,NA,NA,0
2008,6,6,-17.14,1,NA,0,NA,0.125,NA,0.125,NA,0,NA,NA,0.125
2008,6,7,-15.88,1,NA,0,NA,0,NA,0,NA,0,NA,NA,0
2008,6,8,-19.76,0.875,NA,0,NA,0,NA,0,NA,0,NA,NA,0
2008,6,9,-20.56,0.875,NA,0,NA,0,NA,0,NA,0,NA,NA,0
2008,6,10,-21.46,1,NA,0,NA,0,NA,0,NA,0,NA,NA,0
2008,6,11,-20.78,1,NA,0,NA,0,NA,0,NA,0,NA,NA,0
2008,6,12,-22.06,1,NA,0,NA,0,NA,0,NA,0,NA,NA,0
2008,6,13,-24.43,0.75,NA,0,NA,0,NA,0,NA,0,NA,NA,0
2008,6,14,-24.33,0.875,NA,0,NA,0,NA,0,NA,0,NA,NA,0
2008,6,15,-26.18,1,NA,0,NA,0,NA,0,NA,0,NA,NA,0
2008,6,16,-27.5,0.75,NA,0,NA,0,NA,0,NA,0,NA,NA,0
2008,6,17,-31.37,0.75,NA,0,NA,0,NA,0,NA,0,NA,NA,0
2008,6,18,-27.5,0.625,NA,0,NA,0,NA,0,NA,0,NA,NA,0
2008,6,19,-28.76,0.875,NA,0,NA,0,NA,0,NA,0,NA,NA,0
2008,6,20,-30.77,0.875,NA,0,NA,0,NA,0,NA,0,NA,NA,0
2008,6,21,-32.49,0.875,NA,0,NA,0,NA,0,NA,0,NA,NA,0
2008,6,22,-31.25,0.75,NA,0,NA,0,NA,0,NA,0,NA,NA,0
2008,6,23,-35.03,0.75,NA,0,NA,0,NA,0,NA,0,NA,NA,0
2008,6,24,-43.01,0.875,NA,0,NA,0,NA,0,NA,0,NA,NA,0
2008,6,25,-36.35,0.5,NA,0,NA,0,NA,0,NA,0,NA,NA,0
2008,6,26,-14.97,0.375,NA,0,NA,0,NA,0,NA,0,NA,NA,0
2008,6,27,-19.74,0.875,NA,0,0,0.25,27,0.25,NA,0,0,NA,0.25
2008,6,28,-31.26,0.875,NA,0,NA,0,NA,0,NA,0,NA,NA,0
2008,6,29,-35.41,1,NA,0,NA,0,NA,0,NA,0,NA,NA,0
2008,6,30,-38.39,0.875,NA,0,NA,0,NA,0,NA,0,NA,NA,0
2008,7,1,-39.37,0.875,NA,0,NA,0,NA,0,NA,0,NA,NA,0
2008,7,2,-40.35,1,NA,0,NA,0,NA,0,NA,0,NA,NA,0
2008,7,3,-37.61,1,NA,0,NA,0,NA,0,NA,0,NA,NA,0
2008,7,4,-41.73,1,NA,0,NA,0,NA,0,NA,0,NA,NA,0
2008,7,5,-41.4,0.875,NA,0,NA,0,NA,0,NA,0,NA,NA,0
2008,7,6,-32.13,0.75,NA,0,NA,0,NA,0,NA,0,NA,NA,0
2008,7,7,-29.38,1,NA,0,NA,0,NA,0,NA,0,NA,NA,0
2008,7,8,-32.48,0.75,NA,0,NA,0,NA,0,NA,0,NA,NA,0
2008,7,9,-42.6,0.875,NA,0,NA,0,NA,0,NA,0,NA,NA,0
2008,7,10,-33.53,0.875,NA,0,NA,0,NA,0,NA,0,NA,NA,0
2008,7,11,-36.44,0.625,NA,0,NA,0,NA,0,NA,0,NA,NA,0
2008,7,12,-37.18,1,NA,0,0,0.375,20.67,0.375,NA,0,0,NA,0.375
2008,7,13,-26.85,0.5,NA,0,0,0.25,58,0.25,NA,0,0,NA,0.25
2008,7,14,-26.74,0.875,NA,0,6.05,0.5,32.33,0.75,NA,0,6,21.94,0.5
2008,7,15,-24.8,0.75,NA,0,NA,0,NA,0,NA,0,NA,NA,0
2008,7,16,-26.8,0.625,NA,0,NA,0,NA,0,NA,0,NA,NA,0
2008,7,17,-29.87,0.875,NA,0,NA,0,NA,0,NA,0,NA,NA,0
2008,7,18,-32.88,0.5,NA,0,NA,0,NA,0,NA,0,NA,NA,0
2008,7,19,-35.26,0.875,NA,0,NA,0,NA,0,NA,0,NA,NA,0
2008,7,20,-35.19,0.875,NA,0,NA,0,NA,0,NA,0,NA,NA,0
2008,7,21,-36.09,1,NA,0,NA,0,NA,0,NA,0,NA,NA,0
2008,7,22,-33.78,0.625,NA,0,NA,0,NA,0,NA,0,NA,NA,0
2008,7,23,-35.98,0.75,NA,0,NA,0,NA,0,NA,0,NA,NA,0
2008,7,24,-36.18,0.5,NA,0,NA,0,NA,0,NA,0,NA,NA,0
2008,7,25,-37.72,1,NA,0,NA,0,NA,0,NA,0,NA,NA,0
2008,7,26,-30.79,0.875,NA,0,NA,0,NA,0,NA,0,NA,NA,0
2008,7,27,-25.72,1,NA,0,NA,0,NA,0,NA,0,NA,NA,0
2008,7,28,-24.27,0.75,NA,0,NA,0,NA,0,NA,0,NA,NA,0
2008,7,29,-26.45,1,NA,0,NA,0,NA,0,NA,0,NA,NA,0
2008,7,30,-26.18,0.625,NA,0,NA,0,NA,0,NA,0,NA,NA,0
2008,7,31,-26.57,0.75,NA,0,NA,0,NA,0,NA,0,NA,NA,0
2008,8,1,-29.56,1,NA,0,0,0.25,91,0.25,NA,0,0,NA,0.25
2008,8,2,-36.48,0.75,NA,0,NA,0,NA,0,NA,0,NA,NA,0
2008,8,3,-40.07,0.75,NA,0,NA,0,NA,0,NA,0,NA,NA,0
2008,8,4,-39.09,0.875,NA,0,0,0.375,80,0.375,NA,0,0,NA,0.375
2008,8,5,-41.09,0.875,NA,0,NA,0,NA,0,NA,0,NA,NA,0
2008,8,6,-40.19,0.875,NA,0,NA,0,NA,0,NA,0,NA,NA,0
2008,8,7,-43.88,0.625,NA,0,NA,0,NA,0,NA,0,NA,NA,0
2008,8,8,-43.78,0.75,NA,0,NA,0,NA,0,NA,0,NA,NA,0
2008,8,9,-44.35,0.75,NA,0,NA,0,NA,0,NA,0,NA,NA,0
2008,8,10,-43.65,0.75,NA,0,NA,0,NA,0,NA,0,NA,NA,0
2008,8,11,-41.12,0.75,NA,0,NA,0,NA,0,NA,0,NA,NA,0
2008,8,12,-43.28,0.625,NA,0,NA,0,NA,0,NA,0,NA,NA,0
2008,8,13,-41.2,0.875,NA,0,NA,0,NA,0,NA,0,NA,NA,0
2008,8,14,-40.58,0.75,NA,0,NA,0,NA,0,NA,0,NA,NA,0
2008,8,15,-45.9,0.75,NA,0,NA,0,NA,0,NA,0,NA,NA,0
2008,8,16,-44.27,0.875,NA,0,NA,0,NA,0,NA,0,NA,NA,0
2008,8,17,-53.95,0.75,NA,0,NA,0,NA,0,NA,0,NA,NA,0
2008,8,18,-44.7,0.875,NA,0,NA,0,NA,0,NA,0,NA,NA,0
2008,8,19,-43.41,0.875,NA,0,NA,0,NA,0,NA,0,NA,NA,0
2008,8,20,-44.72,0.625,NA,0,NA,0,NA,0,NA,0,NA,NA,0
2008,8,21,-42.62,0.625,NA,0,NA,0,NA,0,NA,0,NA,NA,0
2008,8,22,-39.36,0.625,NA,0,NA,0,NA,0,NA,0,NA,NA,0
2008,8,23,-32.91,0.875,NA,0,NA,0,NA,0,NA,0,NA,NA,0
2008,8,24,-32.19,0.875,NA,0,NA,0,NA,0,NA,0,NA,NA,0
2008,8,25,-28.46,0.625,NA,0,NA,0,NA,0,NA,0,NA,NA,0
2008,8,26,-29.19,0.875,NA,0,NA,0,NA,0,NA,0,NA,NA,0
2008,8,27,-38.4,0.625,NA,0,NA,0,NA,0,NA,0,NA,NA,0
2008,8,28,-36.23,0.5,NA,0,NA,0,NA,0,NA,0,NA,NA,0
2008,8,29,-39.5,1,NA,0,NA,0,NA,0,NA,0,NA,NA,0
2008,8,30,-30.05,0.25,NA,0,NA,0,NA,0,NA,0,NA,NA,0
2008,8,31,-44.15,0.75,NA,0,NA,0,NA,0,NA,0,NA,NA,0
2008,9,1,-35.07,0.75,NA,0,NA,0,NA,0,NA,0,NA,NA,0
2008,9,2,-35.4,0.875,NA,0,NA,0,NA,0,NA,0,NA,NA,0
2008,9,3,-39.87,0.375,NA,0,NA,0,NA,0,NA,0,NA,NA,0
2008,9,4,-32.55,0.25,NA,0,NA,0,NA,0,NA,0,NA,NA,0
2008,9,5,-33.14,0.625,NA,0,NA,0,NA,0,NA,0,NA,NA,0
2008,9,6,-31.96,0.625,NA,0,NA,0,NA,0,NA,0,NA,NA,0
2008,9,7,-26.7,0.625,NA,0,NA,0,NA,0,NA,0,NA,NA,0
2008,9,8,-31.69,0.875,NA,0,NA,0,NA,0,NA,0,NA,NA,0
2008,9,9,-30.66,0.875,NA,0,NA,0,NA,0,NA,0,NA,NA,0
2008,9,10,-26.22,0.625,NA,0,NA,0,NA,0,NA,0,NA,NA,0
2008,9,11,-25.03,0.75,NA,0,NA,0,NA,0,NA,0,NA,NA,0
2008,9,12,-28.08,0.5,NA,0,NA,0,NA,0,NA,0,NA,NA,0
2008,9,13,-31.57,0.75,NA,0,NA,0,NA,0,NA,0,NA,NA,0
2008,9,14,-25.65,0.75,NA,0,NA,0,NA,0,NA,0,NA,NA,0
2008,9,15,-26.76,0.625,NA,0,NA,0,NA,0,NA,0,NA,NA,0
2008,9,16,-26.45,0.75,NA,0,NA,0,NA,0,NA,0,NA,NA,0
2008,9,17,-27.2,0.5,NA,0,NA,0,NA,0,NA,0,NA,NA,0
2008,9,18,-29.2,0.5,NA,0,NA,0,NA,0,NA,0,NA,NA,0
2008,9,19,-26.57,0.75,NA,0,NA,0,NA,0,NA,0,NA,NA,0
2008,9,20,-33.88,0.625,NA,0,NA,0,NA,0,NA,0,NA,NA,0
2008,9,21,-31.97,0.75,NA,0,NA,0,NA,0,NA,0,NA,NA,0
2008,9,22,-30.41,0.875,NA,0,NA,0,NA,0,NA,0,NA,NA,0
2008,9,23,-29.1,0.375,NA,0,NA,0,NA,0,NA,0,NA,NA,0
2008,9,24,-26.32,0.75,NA,0,NA,0,NA,0,NA,0,NA,NA,0
2008,9,25,-28.44,0.875,NA,0,NA,0,NA,0,NA,0,NA,NA,0
2008,9,26,-31.54,0.875,NA,0,NA,0,NA,0,NA,0,NA,NA,0
2008,9,27,-29.45,0.75,NA,0,NA,0,NA,0,NA,0,NA,NA,0
2008,9,28,-30.07,0.75,NA,0,NA,0,NA,0,NA,0,NA,NA,0
2008,9,29,-30.4,0.75,NA,0,NA,0,NA,0,NA,0,NA,NA,0
2008,9,30,-29.86,0.625,NA,0,NA,0,NA,0,NA,0,NA,NA,0
2008,10,1,-29.92,0.625,NA,0,NA,0,NA,0,NA,0,NA,NA,0
2008,10,2,-33.24,0.625,NA,0,NA,0,NA,0,NA,0,NA,NA,0
2008,10,3,-32.86,0.625,NA,0,NA,0,NA,0,NA,0,NA,NA,0
2008,10,4,-24.34,0.625,NA,0,NA,0,NA,0,NA,0,NA,NA,0
2008,10,5,-16.42,1,NA,0,NA,0,NA,0,NA,0,NA,NA,0
2008,10,6,-19.1,0.75,NA,0,NA,0,NA,0,NA,0,NA,NA,0
2008,10,7,-18.82,0.75,NA,0,NA,0,NA,0,NA,0,NA,NA,0
2008,10,8,-19.07,0.375,NA,0,NA,0,NA,0,NA,0,NA,NA,0
2008,10,9,-25.63,0.375,NA,0,NA,0,NA,0,NA,0,NA,NA,0
2008,10,10,-23.58,0.625,NA,0,NA,0,NA,0,NA,0,NA,NA,0
2008,10,11,-19.44,0.625,NA,0,NA,0,NA,0,NA,0,NA,NA,0
2008,10,12,-29.81,0.875,NA,0,NA,0,NA,0,NA,0,NA,NA,0
2008,10,13,-29.7,0.5,NA,0,NA,0,NA,0,NA,0,NA,NA,0
2008,10,14,-27.22,0.75,NA,0,NA,0,NA,0,NA,0,NA,NA,0
2008,10,15,-25.84,0.625,NA,0,NA,0,NA,0,NA,0,NA,NA,0
2008,10,16,-23.4,1,NA,0,NA,0,NA,0,NA,0,NA,NA,0
2008,10,17,-21.9,0.75,NA,0,NA,0,NA,0,NA,0,NA,NA,0
2008,10,18,-22.55,0.75,NA,0,NA,0,NA,0,NA,0,NA,NA,0
2008,10,19,-25.88,0.5,NA,0,NA,0,NA,0,NA,0,NA,NA,0
2008,10,20,-21.78,1,NA,0,NA,0,NA,0,NA,0,NA,NA,0
2008,10,21,-22.73,0.75,NA,0,NA,0,NA,0,NA,0,NA,NA,0
2008,10,22,-24.03,0.5,NA,0,NA,0,NA,0,NA,0,NA,NA,0
2008,10,23,-23.37,0.5,NA,0,NA,0,NA,0,NA,0,NA,NA,0
2008,10,24,-19.07,0.75,NA,0,NA,0,NA,0,NA,0,NA,NA,0
2008,10,25,-17.1,0.75,NA,0,NA,0,NA,0,NA,0,NA,NA,0
2008,10,26,-24.34,0.625,NA,0,NA,0,NA,0,NA,0,NA,NA,0
2008,10,27,-18.85,1,NA,0,NA,0,NA,0,NA,0,NA,NA,0
2008,10,28,-23.83,0.5,NA,0,NA,0,NA,0,NA,0,NA,NA,0
2008,10,29,-28.67,0.375,NA,0,NA,0,NA,0,NA,0,NA,NA,0
2008,10,30,-21.5,0.375,NA,0,NA,0,NA,0,NA,0,NA,NA,0
2008,10,31,-20.23,0.75,NA,0,NA,0,NA,0,NA,0,NA,NA,0
2008,11,1,-22.54,0.625,NA,0,NA,0,NA,0,NA,0,NA,NA,0
2008,11,2,-26.4,0.625,NA,0,NA,0,NA,0,NA,0,NA,NA,0
2008,11,3,-24.81,1,NA,0,NA,0,NA,0,NA,0,NA,NA,0
2008,11,4,-30.08,0.625,NA,0,NA,0,NA,0,NA,0,NA,NA,0
2008,11,5,NA,0.125,NA,0,NA,0,NA,0,NA,0,NA,NA,0
2008,11,6,NA,0.125,NA,0,NA,0,NA,0,NA,0,NA,NA,0
2008,11,7,-19.75,0.25,NA,0,NA,0,NA,0,NA,0,NA,NA,0
2008,11,8,-22.57,0.375,NA,0,NA,0,NA,0,NA,0,NA,NA,0
2008,11,9,-24.7,0.5,NA,0,NA,0,NA,0,NA,0,NA,NA,0
2008,11,10,-24.28,0.5,NA,0,0,0.25,130,0.25,NA,0,0,NA,0.25
2008,11,11,-24.4,0.875,NA,0,NA,0.125,NA,0.125,NA,0,NA,NA,0.125
2008,11,12,-19.02,0.75,NA,0,NA,0,NA,0,NA,0,NA,NA,0
2008,11,13,-20.2,0.625,NA,0,NA,0,NA,0,NA,0,NA,NA,0
2008,11,14,-17.21,0.875,NA,0,NA,0.125,123,0.5,NA,0,NA,NA,0.125
2008,11,15,-16.84,0.625,NA,0,NA,0,116.8,0.625,NA,0,NA,NA,0
2008,11,16,-12.2,0.5,NA,0,NA,0.125,111.5,0.25,NA,0,NA,NA,0.125
2008,11,17,-10.53,1,NA,0,1.15,0.75,100.75,1,NA,0,1.15,98.22,0.75
2008,11,18,-14.24,1,NA,0,NA,0.125,NA,0.125,NA,0,NA,NA,0.125
2008,11,19,-15.86,0.875,NA,0,NA,0,NA,0,NA,0,NA,NA,0
2008,11,20,-18.5,0.25,NA,0,NA,0,NA,0,NA,0,NA,NA,0
2008,11,21,-13.95,0.25,NA,0,NA,0,NA,0,NA,0,NA,NA,0
2008,11,22,-19,0.25,NA,0,NA,0,NA,0,NA,0,NA,NA,0
2008,11,23,-17.9,0.875,NA,0,NA,0,NA,0,NA,0,NA,NA,0
2008,11,24,-20.36,0.625,NA,0,NA,0,NA,0,NA,0,NA,NA,0
2008,11,25,-17.98,0.5,NA,0,NA,0,NA,0,NA,0,NA,NA,0
2008,11,26,-18.27,0.875,NA,0,NA,0,NA,0,NA,0,NA,NA,0
2008,11,27,-12.64,1,NA,0,9.97,0.375,86.75,0.5,NA,0,9.94,83.6,0.375
2008,11,28,-11.46,1,NA,0,11.55,0.25,80.5,0.25,NA,0,11.53,80.7,0.25
2008,11,29,-10.91,0.875,NA,0,NA,0.125,NA,0.125,NA,0,NA,NA,0.125
2008,11,30,-10.52,0.75,NA,0,5.05,0.25,71,0.25,NA,0,5.05,71.05,0.25
2008,12,1,-13.77,0.375,NA,0,5.1,0.25,8.5,0.25,NA,0,5.08,6.01,0.25
2008,12,2,-12.7,0.5,NA,0,5.4,1,76.38,1,NA,0,5.13,31.46,1
2008,12,3,-14.28,0.625,NA,0,2.15,1,129.38,1,NA,0,1.16,84.12,1
2008,12,4,-14.37,0.875,NA,0,7.08,1,272.38,1,NA,0,6.85,274.55,1
2008,12,5,-14.26,0.625,NA,0,2.53,0.375,74.33,0.375,NA,0,2.49,75.1,0.375
2008,12,6,-9.33,0.875,NA,0,2.98,1,78.88,1,NA,0,2.73,81.23,1
2008,12,7,-9.34,0.625,NA,0,2.74,1,162.75,1,NA,0,2.62,158.63,1
2008,12,8,NA,0.125,NA,0,2.82,1,245.88,1,NA,0,2.34,307.9,1
2008,12,9,-12.35,0.75,NA,0,6.95,1,307.88,1,NA,0,6.03,304.47,1
2008,12,10,-12.7,0.375,NA,0,2.89,1,114.25,1,NA,0,2.07,56.87,1
2008,12,11,NA,0,NA,0,0.89,1,170.62,1,NA,0,0.7,158.49,1
2008,12,12,-11.05,0.5,NA,0,3.62,1,222.62,1,NA,0,3.58,217.36,1
2008,12,13,-15.2,0.875,NA,0,4.97,1,224.88,1,NA,0,4.82,226.82,1
2008,12,14,NA,0.125,NA,0,1.5,1,195.5,1,NA,0,0.48,228.17,1
2008,12,15,-16.73,0.875,NA,0,4.17,0.875,153.25,1,NA,0,2.92,152.2,0.875
2008,12,16,-16.75,0.5,NA,0,4.26,0.625,61.12,1,NA,0,2.15,357.23,0.625
2008,12,17,-18.07,0.875,NA,0,3.24,1,74.62,1,NA,0,2.91,74.12,1
2008,12,18,-14.33,0.5,NA,0,2.29,1,105.62,1,NA,0,2,99.06,1
2008,12,19,-13.63,0.375,NA,0,1.96,1,172.5,1,NA,0,1.59,167.02,1
2008,12,20,-11.97,0.375,NA,0,1.93,1,178.88,1,NA,0,1.43,198.08,1
2008,12,21,-17.25,0.25,NA,0,3.42,1,66.12,1,NA,0,3.32,57.14,1
2008,12,22,-14.9,0.25,NA,0,1.91,1,75.75,1,NA,0,1.84,77.47,1
2008,12,23,-8.73,0.375,NA,0,0.48,0.5,149.88,1,NA,0,0.19,75.6,0.5
2008,12,24,-10.87,0.375,NA,0,2.11,1,146.12,1,NA,0,2.08,145.33,1
2008,12,25,-7.06,0.875,NA,0,5.29,1,98.5,1,NA,0,5.22,97.95,1
2008,12,26,-7.8,0.625,NA,0,5.22,1,109.25,1,NA,0,5.11,110.01,1
2008,12,27,NA,0,NA,0,0.8,1,94.88,1,NA,0,0.74,87.93,1
2008,12,28,NA,0.125,NA,0,0.84,1,132.62,1,NA,0,0.75,73.83,1
2008,12,29,-13,0.375,NA,0,3.14,1,298.88,1,NA,0,3.08,350.27,1
2008,12,30,-11.53,1,NA,0,2.86,1,225.12,1,NA,0,1.9,205.31,1
2008,12,31,NA,0,NA,0,1.59,1,134.75,1,NA,0,1.44,118.57,1
2009,1,1,-11.74,0.875,NA,0,4.27,1,149.12,1,NA,0,3.89,154.17,1
2009,1,2,-14.74,0.625,NA,0,3.79,1,195.5,1,NA,0,3.75,183.71,1
2009,1,3,-15,0.25,NA,0,1.81,1,200.88,1,NA,0,1.25,8.84,1
2009,1,4,-15.82,0.75,NA,0,3.14,1,98.75,1,NA,0,2.98,91.57,1
2009,1,5,-10.4,0.25,NA,0,1.96,1,71.25,1,NA,0,1.94,56.97,1
2009,1,6,-7.82,0.75,NA,0,2.7,1,74.75,1,NA,0,2.58,69.75,1
2009,1,7,-5.72,0.75,NA,0,2.6,1,61.5,1,NA,0,2.58,59.56,1
2009,1,8,-4.89,0.875,NA,0,3.47,1,38.62,1,NA,0,3.18,39.17,1
2009,1,9,-5.8,0.625,NA,0,2.4,1,41,1,NA,0,2.33,39.39,1
2009,1,10,-5.3,0.5,NA,0,2.15,1,56,1,NA,0,2.12,8.26,1
2009,1,11,-7.83,0.75,NA,0,2.64,1,280.38,1,NA,0,2.14,336.34,1
2009,1,12,-9.35,0.75,NA,0,2.99,1,316.38,1,NA,0,2.76,320.94,1
2009,1,13,-10.1,0.875,NA,0,2.84,1,322.5,1,NA,0,2.65,322.41,1
2009,1,14,NA,0.125,NA,0,2.39,1,165,1,NA,0,2.37,138.06,1
2009,1,15,-12.89,0.875,NA,0,3.6,1,162,1,NA,0,3.5,161.96,1
2009,1,16,NA,0.125,NA,0,1.21,1,221.75,1,NA,0,1.09,228.3,1
2009,1,17,-13.54,0.625,NA,0,2.76,1,243,1,NA,0,2.41,235.67,1
2009,1,18,-10.2,0.25,NA,0,0.68,0.625,210.75,1,NA,0,0.64,251.5,0.625
2009,1,19,-14.03,0.75,NA,0,3.95,1,353.25,1,NA,0,3.93,353.01,1
2009,1,20,-13.3,0.625,NA,0,5.76,1,19.62,1,NA,0,5.74,18.77,1
2009,1,21,-10.26,0.625,NA,0,4.29,1,87.5,1,NA,0,3.63,79.1,1
2009,1,22,-13.6,0.25,NA,0,2.25,1,229.62,1,NA,0,2.2,234.74,1
2009,1,23,-10.93,0.375,NA,0,2.74,1,194.62,1,NA,0,2.69,195.04,1
2009,1,24,-10.82,0.75,NA,0,2.95,1,238.12,1,NA,0,2.72,227.03,1
2009,1,25,-9.7,0.625,NA,0,2.69,1,143.38,1,NA,0,1.86,67.95,1
2009,1,26,NA,0.125,NA,0,0.89,1,170.62,1,NA,0,0.38,83.7,1
2009,1,27,NA,0.125,NA,0,1.06,1,107.25,1,NA,0,0.74,48.08,1
2009,1,28,NA,0,NA,0,0.7,1,90.88,1,NA,0,0.65,85.78,1
2009,1,29,NA,0.125,NA,0,0.96,1,180.12,1,NA,0,0.75,356.95,1
2009,1,30,-17.44,0.625,NA,0,3,1,51.75,1,NA,0,2.74,52.17,1
2009,1,31,-9.11,0.875,NA,0,2.79,1,85.25,1,NA,0,2.69,83.07,1
2009,2,1,-9.55,0.5,NA,0,2.57,1,119.25,1,NA,0,2.3,131.96,1
2009,2,2,-6.78,0.5,NA,0,2.35,1,92.62,1,NA,0,1.7,31.37,1
2009,2,3,-7.18,0.75,NA,0,3.86,1,130.38,1,NA,0,0.45,122.15,1
2009,2,4,-7.4,0.375,NA,0,1.91,1,284.25,1,NA,0,1.78,353.13,1
2009,2,5,NA,0,NA,0,0.84,1,138,1,NA,0,0.72,85.39,1
2009,2,6,-10.57,0.375,NA,0,1.72,1,146.75,1,NA,0,1.45,25.41,1
2009,2,7,NA,0,NA,0,0.8,1,191.88,1,NA,0,0.36,310.34,1
2009,2,8,-13.37,0.75,NA,0,2.45,1,108.5,1,NA,0,2.18,19.71,1
2009,2,9,-13.7,0.25,NA,0,1.5,1,150.62,1,NA,0,0.58,223.18,1
2009,2,10,-14.73,0.375,NA,0,1.81,1,243.25,1,NA,0,1.67,248.32,1
2009,2,11,NA,0.125,NA,0,0.7,1,191.75,1,NA,0,0.49,202.36,1
2009,2,12,NA,0,NA,0,1.35,1,177.5,1,NA,0,1.33,177.43,1
2009,2,13,NA,0,NA,0,0.81,1,244.12,1,NA,0,0.61,228.68,1
2009,2,14,NA,0.125,NA,0,1.72,1,316,1,NA,0,1.56,303.11,1
2009,2,15,-21,0.25,NA,0,2.46,1,138.75,1,NA,0,2.16,7.6,1
2009,2,16,-24.82,0.75,NA,0,2.81,1,216.62,1,NA,0,2.31,225.88,1
2009,2,17,NA,0.125,NA,0,1.76,1,242,1,NA,0,1.67,240.93,1
2009,2,18,NA,0.125,NA,0,1.73,1,210.88,1,NA,0,1.64,211.32,1
2009,2,19,NA,0.125,NA,0,1.3,1,233.12,1,NA,0,1.15,229.34,1
2009,2,20,-30,0.375,NA,0,1.94,1,204.38,1,NA,0,1.88,208.17,1
2009,2,21,-25.75,0.25,NA,0,2.84,1,251.25,1,NA,0,2.76,247.34,1
2009,2,22,-26.96,0.875,NA,0,3.45,1,277.25,1,NA,0,3.26,279.15,1
2009,2,23,NA,0,NA,0,2.26,1,157.5,1,NA,0,1.58,97.18,1
2009,2,24,-23.7,0.75,NA,0,2.81,1,56.25,1,NA,0,2.61,59.97,1
2009,2,25,-30.87,0.875,NA,0,5.05,1,126.75,1,NA,0,4.58,37.76,1
2009,2,26,-22.05,0.75,NA,0,6.56,0.875,84.62,1,NA,0,5.74,79.95,0.875
2009,2,27,-20.07,0.75,NA,0,5.33,0.875,94.75,1,NA,0,3.51,86.32,0.875
2009,2,28,-18.14,0.875,NA,0,5.21,1,84.38,1,NA,0,5.07,82.84,1
2009,3,1,-22.29,0.875,NA,0,3.4,1,66.62,1,NA,0,3.3,66.08,1
2009,3,2,-23.08,0.625,NA,0,2.55,1,81.75,1,NA,0,2.54,81.21,1
2009,3,3,-21.67,0.875,NA,0,3.08,1,205.62,1,NA,0,2.36,215.15,1
2009,3,4,-23.14,0.875,NA,0,3,1,159.62,1,NA,0,0.56,166.03,1
2009,3,5,-20.73,0.75,NA,0,5.18,1,176,1,NA,0,5.11,174.59,1
2009,3,6,-19.02,0.75,NA,0,2.96,1,179.25,1,NA,0,2.89,182.35,1
2009,3,7,-19.87,0.875,NA,0,2.75,1,101.75,1,NA,0,2.18,56.48,1
2009,3,8,-25.2,0.75,NA,0,1.95,1,234.75,1,NA,0,1.15,294.16,1
2009,3,9,-18.36,1,NA,0,1.19,1,222,1,NA,0,0.88,245.51,1
2009,3,10,-24.12,0.75,NA,0,1.86,1,132.62,1,NA,0,1.67,131.37,1
2009,3,11,-25,0.875,NA,0,5.17,0.875,165.62,1,NA,0,5,163.58,0.875
2009,3,12,-24.73,0.875,NA,0,4.17,0.875,234.12,1,NA,0,3.77,229.31,0.875
2009,3,13,-24.92,0.5,NA,0,4.15,1,84.5,1,NA,0,4.01,43.52,1
2009,3,14,-28.18,0.625,NA,0,4.64,0.875,68.88,1,NA,0,4.37,30.55,0.875
2009,3,15,-35.76,0.875,NA,0,3.86,1,65.38,1,NA,0,3.65,47.32,1
2009,3,16,-38.1,0.375,NA,0,1.26,1,272.38,1,NA,0,1.14,286.35,1
2009,3,17,-33.62,0.625,NA,0,0.76,0.625,285.12,1,NA,0,0.37,188.7,0.625
2009,3,18,-33.06,0.875,NA,0,0.53,0.375,186.67,0.375,NA,0,0.38,265.03,0.375
2009,3,19,-25.9,0.625,NA,0,3.1,0.75,46.33,0.75,NA,0,3.05,46.03,0.75
2009,3,20,-21.3,0.625,NA,0,1.02,0.75,160.67,0.75,NA,0,0.67,31.15,0.75
2009,3,21,-24.38,0.625,NA,0,0.51,1,194.12,1,NA,0,0.48,9.94,1
2009,3,22,-29.39,0.875,NA,0,0.99,1,143.75,1,NA,0,0.72,41.18,1
2009,3,23,-29.16,0.625,NA,0,1.23,1,123,1,NA,0,0.85,111.2,1
2009,3,24,-25.77,0.375,NA,0,1.52,1,182.75,1,NA,0,0.69,172.28,1
2009,3,25,-29.63,0.5,NA,0,0.96,1,173.88,1,NA,0,0.18,38.5,1
2009,3,26,-26.31,0.875,NA,0,2.16,1,79.88,1,NA,0,2.14,80.97,1
2009,3,27,-24.86,0.875,NA,0,1.41,1,72.62,1,NA,0,1.38,71.87,1
2009,3,28,-21.2,0.625,NA,0,2.2,1,71.5,1,NA,0,2.19,72.18,1
2009,3,29,-22.61,1,NA,0,1.7,1,224.12,1,NA,0,1.13,259.74,1
2009,3,30,-23.21,1,NA,0,2.45,1,149.12,1,NA,0,1.92,12.57,1
2009,3,31,-23.8,0.625,NA,0,1.35,0.75,94.12,1,NA,0,1.17,107.42,0.75
2009,4,1,-19.8,0.25,NA,0,NA,0,62,1,NA,0,NA,NA,0
2009,4,2,-24.48,0.5,NA,0,2.06,1,41.12,1,NA,0,1.97,36.69,1
2009,4,3,-27.56,0.625,NA,0,0.33,0.375,96,1,NA,0,0.33,141,0.375
2009,4,4,-15.96,1,NA,0,NA,0,47.5,1,NA,0,NA,NA,0
2009,4,5,-17.06,1,NA,0,NA,0,65.75,1,NA,0,NA,NA,0
2009,4,6,-16.9,1,NA,0,NA,0,149.38,1,NA,0,NA,NA,0
2009,4,7,-15.36,0.625,NA,0,NA,0,75.38,1,NA,0,NA,NA,0
2009,4,8,-18.56,0.625,NA,0,NA,0,81.88,1,NA,0,NA,NA,0
2009,4,9,-23.71,1,NA,0,NA,0,45.62,1,NA,0,NA,NA,0
2009,4,10,-24.93,0.875,NA,0,NA,0,181.5,1,NA,0,NA,NA,0
2009,4,11,-23.93,0.75,NA,0,NA,0,46.62,1,NA,0,NA,NA,0
2009,4,12,-20.06,0.875,NA,0,NA,0,61,1,NA,0,NA,NA,0
2009,4,13,-21.87,0.875,NA,0,NA,0,93.75,1,NA,0,NA,NA,0
2009,4,14,-22.66,1,NA,0,NA,0,225.25,1,NA,0,NA,NA,0
2009,4,15,-24.77,0.875,NA,0,NA,0,281.25,1,NA,0,NA,NA,0
2009,4,16,-26.48,0.5,NA,0,NA,0,48,1,NA,0,NA,NA,0
2009,4,17,-27.48,0.75,NA,0,NA,0,62.25,1,NA,0,NA,NA,0
2009,4,18,-25.98,0.75,NA,0,NA,0,53.12,1,NA,0,NA,NA,0
2009,4,19,-14.57,0.875,NA,0,NA,0,63.38,1,NA,0,NA,NA,0
2009,4,20,-12.01,0.875,NA,0,NA,0,142.38,1,NA,0,NA,NA,0
2009,4,21,-12.66,0.875,NA,0,NA,0,166.25,1,NA,0,NA,NA,0
2009,4,22,-14.75,1,NA,0,NA,0,140.5,1,NA,0,NA,NA,0
2009,4,23,-15.9,0.75,NA,0,NA,0,45.62,1,NA,0,NA,NA,0
2009,4,24,-18.5,0.75,NA,0,NA,0,92.88,1,NA,0,NA,NA,0
2009,4,25,-23.14,1,NA,0,NA,0,60.88,1,NA,0,NA,NA,0
2009,4,26,-26.23,0.75,NA,0,NA,0,62.12,1,NA,0,NA,NA,0
2009,4,27,-30.03,0.875,NA,0,NA,0,37.75,1,NA,0,NA,NA,0
2009,4,28,-24.7,0.875,NA,0,NA,0,66.38,1,NA,0,NA,NA,0
2009,4,29,-25.3,1,NA,0,NA,0,75.5,1,NA,0,NA,NA,0
2009,4,30,-24.93,0.75,NA,0,NA,0,65.25,1,NA,0,NA,NA,0
2009,5,1,-21.5,1,NA,0,NA,0,NA,0,NA,0,NA,NA,0
2009,5,2,-21.26,1,NA,0,NA,0,NA,0,NA,0,NA,NA,0
2009,5,3,-27.35,1,NA,0,NA,0,NA,0,NA,0,NA,NA,0
2009,5,4,-31.85,1,NA,0,NA,0,NA,0,NA,0,NA,NA,0
2009,5,5,-29.39,0.875,NA,0,NA,0,NA,0,NA,0,NA,NA,0
2009,5,6,-33.3,0.5,NA,0,NA,0,NA,0,NA,0,NA,NA,0
2009,5,7,-35.91,0.875,NA,0,NA,0,NA,0,NA,0,NA,NA,0
2009,5,8,-33.21,0.875,NA,0,NA,0,NA,0,NA,0,NA,NA,0
2009,5,9,-34.78,0.75,NA,0,NA,0,NA,0,NA,0,NA,NA,0
2009,5,10,-37.14,0.875,NA,0,NA,0,NA,0,NA,0,NA,NA,0
2009,5,11,-37.84,0.875,NA,0,NA,0,NA,0,NA,0,NA,NA,0
2009,5,12,-39.63,0.75,NA,0,NA,0,NA,0,NA,0,NA,NA,0
2009,5,13,-38.59,0.875,NA,0,NA,0,NA,0,NA,0,NA,NA,0
2009,5,14,-42.2,0.875,NA,0,NA,0,NA,0,NA,0,NA,NA,0
2009,5,15,-36.1,0.875,NA,0,NA,0,NA,0,NA,0,NA,NA,0
2009,5,16,-37.24,0.875,NA,0,NA,0,NA,0,NA,0,NA,NA,0
2009,5,17,-39.43,0.875,NA,0,NA,0,NA,0,NA,0,NA,NA,0
2009,5,18,-38.6,0.375,NA,0,NA,0,NA,0,NA,0,NA,NA,0
2009,5,19,-22.91,0.875,NA,0,NA,0,NA,0,NA,0,NA,NA,0
2009,5,20,-35.05,0.5,NA,0,NA,0,NA,0,NA,0,NA,NA,0
2009,5,21,-38.47,1,NA,0,NA,0,NA,0,NA,0,NA,NA,0
2009,5,22,-40.17,1,NA,0,NA,0,NA,0,NA,0,NA,NA,0
2009,5,23,-41.63,0.75,NA,0,NA,0,NA,0,NA,0,NA,NA,0
2009,5,24,-35.9,0.625,NA,0,NA,0,NA,0,NA,0,NA,NA,0
2009,5,25,-27.94,0.875,NA,0,NA,0,NA,0,NA,0,NA,NA,0
2009,5,26,-27.65,1,NA,0,NA,0,NA,0,NA,0,NA,NA,0
2009,5,27,-22.15,0.5,NA,0,NA,0,NA,0,NA,0,NA,NA,0
2009,5,28,-21.17,0.375,NA,0,NA,0,NA,0,NA,0,NA,NA,0
2009,5,29,-25.05,0.75,NA,0,NA,0,NA,0,NA,0,NA,NA,0
2009,5,30,-30.7,0.75,NA,0,NA,0,NA,0,NA,0,NA,NA,0
2009,5,31,-33.53,0.875,NA,0,NA,0,NA,0,NA,0,NA,NA,0
2009,6,1,-35.66,0.625,NA,0,NA,0,NA,0,NA,0,NA,NA,0
2009,6,2,-31.33,0.875,NA,0,NA,0,NA,0,NA,0,NA,NA,0
2009,6,3,-32.27,0.875,NA,0,NA,0,NA,0,NA,0,NA,NA,0
2009,6,4,-35.54,1,NA,0,NA,0,NA,0,NA,0,NA,NA,0
2009,6,5,-35.48,0.75,NA,0,NA,0,NA,0,NA,0,NA,NA,0
2009,6,6,-33.3,1,NA,0,NA,0,NA,0,NA,0,NA,NA,0
2009,6,7,-39.77,0.75,NA,0,NA,0,NA,0,NA,0,NA,NA,0
2009,6,8,-39.71,0.875,NA,0,NA,0,NA,0,NA,0,NA,NA,0
2009,6,9,-42.72,0.75,NA,0,NA,0,NA,0,NA,0,NA,NA,0
2009,6,10,-47.24,0.875,NA,0,NA,0,NA,0,NA,0,NA,NA,0
2009,6,11,-47.39,1,NA,0,NA,0,NA,0,NA,0,NA,NA,0
2009,6,12,-53.24,0.875,NA,0,NA,0,NA,0,NA,0,NA,NA,0
2009,6,13,-49.99,1,NA,0,NA,0,NA,0,NA,0,NA,NA,0
2009,6,14,-42.97,0.75,NA,0,NA,0,NA,0,NA,0,NA,NA,0
2009,6,15,-40.16,0.625,NA,0,NA,0,NA,0,NA,0,NA,NA,0
2009,6,16,-34.55,0.75,NA,0,NA,0,NA,0,NA,0,NA,NA,0
2009,6,17,-39.79,0.875,NA,0,NA,0,NA,0,NA,0,NA,NA,0
2009,6,18,-32,0.625,NA,0,NA,0,NA,0,NA,0,NA,NA,0
2009,6,19,-33.4,0.875,NA,0,NA,0,NA,0,NA,0,NA,NA,0
2009,6,20,-37.76,0.625,NA,0,NA,0,NA,0,NA,0,NA,NA,0
2009,6,21,-43.8,0.625,NA,0,NA,0,NA,0,NA,0,NA,NA,0
2009,6,22,-34.75,0.75,NA,0,NA,0,NA,0,NA,0,NA,NA,0
2009,6,23,-28.83,0.75,NA,0,NA,0,NA,0,NA,0,NA,NA,0
2009,6,24,-26.45,1,NA,0,NA,0,NA,0,NA,0,NA,NA,0
2009,6,25,-24.86,0.875,NA,0,NA,0,NA,0,NA,0,NA,NA,0
2009,6,26,-27.35,0.75,NA,0,NA,0,NA,0,NA,0,NA,NA,0
2009,6,27,-30,0.625,NA,0,NA,0,NA,0,NA,0,NA,NA,0
2009,6,28,-17.43,0.75,NA,0,NA,0,NA,0,NA,0,NA,NA,0
2009,6,29,-17.92,0.75,NA,0,NA,0,NA,0,NA,0,NA,NA,0
2009,6,30,-14.59,1,NA,0,NA,0,NA,0,NA,0,NA,NA,0
2009,7,1,-14.1,0.75,NA,0,NA,0,NA,0,NA,0,NA,NA,0
2009,7,2,-25.12,0.625,NA,0,NA,0,NA,0,NA,0,NA,NA,0
2009,7,3,-30.58,0.5,NA,0,NA,0,NA,0,NA,0,NA,NA,0
2009,7,4,-29.41,0.875,NA,0,NA,0,NA,0,NA,0,NA,NA,0
2009,7,5,NA,0.125,NA,0,NA,0,NA,0,NA,0,NA,NA,0
2009,7,6,-35.72,0.625,NA,0,NA,0,NA,0,NA,0,NA,NA,0
2009,7,7,-34.46,0.875,NA,0,NA,0,NA,0,NA,0,NA,NA,0
2009,7,8,-34.67,0.75,NA,0,NA,0,NA,0,NA,0,NA,NA,0
2009,7,9,-27.01,0.875,NA,0,NA,0,NA,0,NA,0,NA,NA,0
2009,7,10,-30.19,1,NA,0,NA,0,NA,0,NA,0,NA,NA,0
2009,7,11,-27.96,0.875,NA,0,NA,0,NA,0,NA,0,NA,NA,0
2009,7,12,-28.71,1,NA,0,NA,0,NA,0,NA,0,NA,NA,0
2009,7,13,-29.49,1,NA,0,NA,0,NA,0,NA,0,NA,NA,0
2009,7,14,-29.6,0.5,NA,0,NA,0,NA,0,NA,0,NA,NA,0
2009,7,15,-29.08,1,NA,0,NA,0,NA,0,NA,0,NA,NA,0
2009,7,16,-27.13,0.75,NA,0,NA,0,NA,0,NA,0,NA,NA,0
2009,7,17,-31.54,0.625,NA,0,NA,0,NA,0,NA,0,NA,NA,0
2009,7,18,-32.39,1,NA,0,NA,0,NA,0,NA,0,NA,NA,0
2009,7,19,-37.7,0.625,NA,0,NA,0,NA,0,NA,0,NA,NA,0
2009,7,20,-33.97,0.75,NA,0,NA,0,NA,0,NA,0,NA,NA,0
2009,7,21,-14.36,0.875,NA,0,NA,0,NA,0,NA,0,NA,NA,0
2009,7,22,-13.7,0.875,NA,0,NA,0,NA,0,NA,0,NA,NA,0
2009,7,23,-17.39,0.875,NA,0,NA,0,NA,0,NA,0,NA,NA,0
2009,7,24,-22.31,1,NA,0,NA,0,NA,0,NA,0,NA,NA,0
2009,7,25,-21.94,1,NA,0,NA,0,NA,0,NA,0,NA,NA,0
2009,7,26,-22.59,0.875,NA,0,NA,0,NA,0,NA,0,NA,NA,0
2009,7,27,-23.83,0.75,NA,0,NA,0,NA,0,NA,0,NA,NA,0
2009,7,28,-31.11,0.875,NA,0,NA,0,NA,0,NA,0,NA,NA,0
2009,7,29,-36,0.625,NA,0,NA,0,NA,0,NA,0,NA,NA,0
2009,7,30,-33,0.625,NA,0,NA,0,NA,0,NA,0,NA,NA,0
2009,7,31,-24.5,0.875,NA,0,NA,0,NA,0,NA,0,NA,NA,0
2009,8,1,-21.63,0.875,NA,0,NA,0,NA,0,NA,0,NA,NA,0
2009,8,2,-21.19,1,NA,0,NA,0,NA,0,NA,0,NA,NA,0
2009,8,3,-27.66,0.875,NA,0,NA,0,NA,0,NA,0,NA,NA,0
2009,8,4,-29.47,0.75,NA,0,NA,0,NA,0,NA,0,NA,NA,0
2009,8,5,-28.1,0.875,NA,0,NA,0,NA,0,NA,0,NA,NA,0
2009,8,6,-20.92,0.625,NA,0,NA,0,NA,0,NA,0,NA,NA,0
2009,8,7,-36.3,0.25,NA,0,NA,0,NA,0,NA,0,NA,NA,0
2009,8,8,-31.66,0.625,NA,0,NA,0,NA,0,NA,0,NA,NA,0
2009,8,9,-30.42,0.75,NA,0,NA,0,NA,0,NA,0,NA,NA,0
2009,8,10,-34.24,0.625,NA,0,NA,0,NA,0,NA,0,NA,NA,0
2009,8,11,-35.23,0.75,NA,0,NA,0,NA,0,NA,0,NA,NA,0
2009,8,12,-35.24,0.625,NA,0,NA,0,NA,0,NA,0,NA,NA,0
2009,8,13,-32.02,0.75,NA,0,NA,0,NA,0,NA,0,NA,NA,0
2009,8,14,-20.6,0.875,NA,0,NA,0,NA,0,NA,0,NA,NA,0
2009,8,15,-21.31,0.875,NA,0,NA,0,NA,0,NA,0,NA,NA,0
2009,8,16,-23.2,0.875,NA,0,NA,0,NA,0,NA,0,NA,NA,0
2009,8,17,-25.78,1,NA,0,NA,0,NA,0,NA,0,NA,NA,0
2009,8,18,-27.82,0.625,NA,0,NA,0,NA,0,NA,0,NA,NA,0
2009,8,19,-35.8,0.5,NA,0,NA,0,NA,0,NA,0,NA,NA,0
2009,8,20,-34.03,0.875,NA,0,NA,0,NA,0,NA,0,NA,NA,0
2009,8,21,-36.93,0.75,NA,0,NA,0,NA,0,NA,0,NA,NA,0
2009,8,22,-45.6,1,NA,0,NA,0,NA,0,NA,0,NA,NA,0
2009,8,23,-51.32,0.75,NA,0,NA,0,NA,0,NA,0,NA,NA,0
2009,8,24,-47.3,0.875,NA,0,NA,0,NA,0,NA,0,NA,NA,0
2009,8,25,-44.84,1,NA,0,NA,0,NA,0,NA,0,NA,NA,0
2009,8,26,-48.38,0.625,NA,0,NA,0,NA,0,NA,0,NA,NA,0
2009,8,27,-50.38,0.75,NA,0,NA,0,NA,0,NA,0,NA,NA,0
2009,8,28,-47.48,0.75,NA,0,NA,0,NA,0,NA,0,NA,NA,0
2009,8,29,-49.77,0.75,NA,0,NA,0,NA,0,NA,0,NA,NA,0
2009,8,30,-51.54,0.875,NA,0,NA,0,NA,0,NA,0,NA,NA,0
2009,8,31,-53.96,1,NA,0,NA,0,NA,0,NA,0,NA,NA,0
2009,9,1,-47.89,0.875,NA,0,NA,0,NA,0,NA,0,NA,NA,0
2009,9,2,-45.51,1,NA,0,NA,0,NA,0,NA,0,NA,NA,0
2009,9,3,-40.55,1,NA,0,NA,0,NA,0,NA,0,NA,NA,0
2009,9,4,-40.73,0.75,NA,0,NA,0,NA,0,NA,0,NA,NA,0
2009,9,5,-32.48,0.75,NA,0,NA,0,NA,0,NA,0,NA,NA,0
2009,9,6,-28.2,0.875,NA,0,NA,0,NA,0,NA,0,NA,NA,0
2009,9,7,-30.25,1,NA,0,NA,0,NA,0,NA,0,NA,NA,0
2009,9,8,-37.65,0.75,NA,0,NA,0,NA,0,NA,0,NA,NA,0
2009,9,9,-46.1,0.875,NA,0,NA,0,NA,0,NA,0,NA,NA,0
2009,9,10,-48.24,1,NA,0,NA,0,NA,0,NA,0,NA,NA,0
2009,9,11,-45.03,1,NA,0,NA,0,NA,0,NA,0,NA,NA,0
2009,9,12,-39.88,0.5,NA,0,NA,0,NA,0,NA,0,NA,NA,0
2009,9,13,-42.2,0.75,NA,0,NA,0,NA,0,NA,0,NA,NA,0
2009,9,14,-42.43,0.5,NA,0,NA,0,NA,0,NA,0,NA,NA,0
2009,9,15,-35.63,0.75,NA,0,NA,0,NA,0,NA,0,NA,NA,0
2009,9,16,-32.97,0.75,NA,0,NA,0,NA,0,NA,0,NA,NA,0
2009,9,17,-38.94,0.625,NA,0,NA,0,NA,0,NA,0,NA,NA,0
2009,9,18,-32.56,0.625,NA,0,NA,0,NA,0,NA,0,NA,NA,0
2009,9,19,-26.72,0.625,NA,0,NA,0,NA,0,NA,0,NA,NA,0
2009,9,20,-32.4,0.75,NA,0,NA,0,NA,0,NA,0,NA,NA,0
2009,9,21,-26.6,0.375,NA,0,NA,0,NA,0,NA,0,NA,NA,0
2009,9,22,-25.36,1,NA,0,NA,0,NA,0,NA,0,NA,NA,0
2009,9,23,-27.3,0.375,NA,0,NA,0,NA,0,NA,0,NA,NA,0
2009,9,24,-36.93,0.875,NA,0,NA,0,NA,0,NA,0,NA,NA,0
2009,9,25,-29.74,1,NA,0,NA,0,NA,0,NA,0,NA,NA,0
2009,9,26,-30.52,0.75,NA,0,NA,0,NA,0,NA,0,NA,NA,0
2009,9,27,-37.8,0.75,NA,0,NA,0,NA,0,NA,0,NA,NA,0
2009,9,28,-34.81,0.875,NA,0,NA,0,NA,0,NA,0,NA,NA,0
2009,9,29,-34.06,0.875,NA,0,NA,0,NA,0,NA,0,NA,NA,0
2009,9,30,-33.04,1,NA,0,NA,0,NA,0,NA,0,NA,NA,0
2009,10,1,-31.93,0.5,NA,0,NA,0,NA,0,NA,0,NA,NA,0
2009,10,2,-34.98,0.625,NA,0,NA,0,NA,0,NA,0,NA,NA,0
2009,10,3,-27.82,0.75,NA,0,NA,0,NA,0,NA,0,NA,NA,0
2009,10,4,-23.28,0.5,NA,0,NA,0,NA,0,NA,0,NA,NA,0
2009,10,5,-23.13,0.75,NA,0,NA,0,NA,0,NA,0,NA,NA,0
2009,10,6,-23.03,0.875,NA,0,NA,0,NA,0,NA,0,NA,NA,0
2009,10,7,-24.7,0.875,NA,0,NA,0,NA,0,NA,0,NA,NA,0
2009,10,8,-29.5,0.875,NA,0,NA,0,NA,0,NA,0,NA,NA,0
2009,10,9,-29.23,0.75,NA,0,NA,0,NA,0,NA,0,NA,NA,0
2009,10,10,-21.22,0.75,NA,0,NA,0,NA,0,NA,0,NA,NA,0
2009,10,11,-26.38,0.75,NA,0,NA,0,NA,0,NA,0,NA,NA,0
2009,10,12,-30.74,0.875,NA,0,NA,0,NA,0,NA,0,NA,NA,0
2009,10,13,-25.28,0.75,NA,0,NA,0,NA,0,NA,0,NA,NA,0
2009,10,14,-30.98,0.5,NA,0,NA,0,NA,0,NA,0,NA,NA,0
2009,10,15,-30.01,0.875,NA,0,NA,0,NA,0,NA,0,NA,NA,0
2009,10,16,-25.05,0.5,NA,0,NA,0,NA,0,NA,0,NA,NA,0
2009,10,17,-24.03,1,NA,0,NA,0,NA,0,NA,0,NA,NA,0
2009,10,18,-26.5,0.875,NA,0,NA,0,NA,0,NA,0,NA,NA,0
2009,10,19,-24.68,0.625,NA,0,NA,0,NA,0,NA,0,NA,NA,0
2009,10,20,-24.7,0.75,NA,0,NA,0,NA,0,NA,0,NA,NA,0
2009,10,21,-23.8,1,NA,0,NA,0,NA,0,NA,0,NA,NA,0
2009,10,22,-19.63,1,NA,0,NA,0,NA,0,NA,0,NA,NA,0
2009,10,23,-17.51,1,NA,0,NA,0,NA,0,NA,0,NA,NA,0
2009,10,24,-18.48,0.75,NA,0,NA,0,NA,0,NA,0,NA,NA,0
2009,10,25,-21.26,1,NA,0,NA,0,NA,0,NA,0,NA,NA,0
2009,10,26,-24.05,0.75,NA,0,NA,0,NA,0,NA,0,NA,NA,0
2009,10,27,-26.97,0.75,NA,0,NA,0,NA,0,NA,0,NA,NA,0
2009,10,28,-26.03,1,NA,0,NA,0,NA,0,NA,0,NA,NA,0
2009,10,29,-19.35,0.75,NA,0,NA,0,NA,0,NA,0,NA,NA,0
2009,10,30,-16.38,1,NA,0,NA,0,NA,0,NA,0,NA,NA,0
2009,10,31,-14.15,0.5,NA,0,0.45,1,188.25,1,NA,0,0.12,91.43,1
2009,11,1,-17.49,0.875,NA,0,1.29,1,146.62,1,NA,0,1.22,139.79,1
2009,11,2,-23.95,0.25,NA,0,1.59,1,241.88,1,NA,0,1.47,256.35,1
2009,11,3,-17.45,0.5,NA,0,3.65,1,137.62,1,NA,0,2.53,115.54,1
2009,11,4,-13.56,0.625,NA,0,7.71,1,36.62,1,NA,0,7.51,36.41,1
2009,11,5,-13.46,0.625,NA,0,8.84,0.875,77.38,1,NA,0,7.8,26.87,0.875
2009,11,6,-16.47,0.875,NA,0,7.8,0.875,228.62,1,NA,0,3.13,345.22,0.875
2009,11,7,-20.11,1,NA,0,8.57,0.875,208.12,1,NA,0,5.44,15.08,0.875
2009,11,8,-21.32,0.625,NA,0,4.45,1,144.88,1,NA,0,4.24,145.16,1
2009,11,9,-12.73,0.5,NA,0,0.84,1,134.25,1,NA,0,0.55,41.32,1
2009,11,10,-13.08,1,NA,0,1.77,1,128,1,NA,0,0.95,75.56,1
2009,11,11,-15.94,0.625,NA,0,3.92,1,113.75,1,NA,0,3.18,106.06,1
2009,11,12,-5.59,0.875,NA,0,5.67,0.875,59.62,1,NA,0,4.65,46.74,0.875
2009,11,13,-4.51,0.875,NA,0,5.03,0.875,102.5,1,NA,0,4.58,66.25,0.875
2009,11,14,-7.44,1,NA,0,4.16,1,87.5,1,NA,0,3.6,88.34,1
2009,11,15,-8.02,0.625,NA,0,2.25,1,220,1,NA,0,2.03,220.1,1
2009,11,16,-14.14,0.625,NA,0,4.61,1,255.62,1,NA,0,4.56,252.1,1
2009,11,17,-15.26,0.875,NA,0,3.55,1,164.62,1,NA,0,0.75,21.09,1
2009,11,18,-13.55,0.75,NA,0,4.75,0.75,88.88,1,NA,0,4.7,90.05,0.75
2009,11,19,-5.73,1,NA,0,6.35,0.75,27.62,1,NA,0,6.04,30.78,0.75
2009,11,20,-5.93,1,NA,0,9.25,0.75,140.62,1,NA,0,9.01,358.78,0.75
2009,11,21,-7.19,1,NA,0,5.31,0.875,90.25,1,NA,0,4.36,111.15,0.875
2009,11,22,-11.04,0.875,NA,0,5.34,1,151.38,1,NA,0,4.89,155.63,1
2009,11,23,-13.26,0.875,NA,0,7.71,0.875,50.5,1,NA,0,7.69,50.68,0.875
2009,11,24,-9.45,0.5,NA,0,7.69,0.875,37.88,1,NA,0,7.59,38.53,0.875
2009,11,25,-9.12,0.625,NA,0,2.81,1,53.12,1,NA,0,2.7,48.03,1
2009,11,26,-9.08,1,NA,0,3.46,1,36.12,1,NA,0,3.35,36.13,1
2009,11,27,-8.77,0.75,NA,0,1.66,1,111.88,1,NA,0,1.5,106.91,1
2009,11,28,-7.64,0.625,NA,0,0.71,1,186.62,1,NA,0,0.31,322.12,1
2009,11,29,-7.3,0.625,NA,0,3.41,1,28.25,1,NA,0,3.17,18.84,1
2009,11,30,-7.83,0.75,NA,0,3.02,1,149.88,1,NA,0,2.66,163.35,1
2009,12,1,-8.4,0.25,NA,0,2.38,1,33.62,1,NA,0,2.35,32.25,1
2009,12,2,-7.48,0.5,NA,0,2.8,0.625,125.5,1,NA,0,2.02,167.63,0.625
2009,12,3,-7.2,0.5,NA,0,2.91,1,271.12,1,NA,0,1.7,253.83,1
2009,12,4,-7.36,0.625,NA,0,2.61,1,93.5,1,NA,0,2.15,38.5,1
2009,12,5,NA,0.125,NA,0,0.65,1,107.25,1,NA,0,0.59,114.29,1
2009,12,6,NA,0,NA,0,0.9,1,133.25,1,NA,0,0.68,51.87,1
2009,12,7,-8.5,0.625,NA,0,2.7,1,258.38,1,NA,0,2.6,342.89,1
2009,12,8,-7.76,0.625,NA,0,2.25,1,126.62,1,NA,0,1.87,45.25,1
2009,12,9,-6.2,0.25,NA,0,1.45,1,128.5,1,NA,0,1.35,117.27,1
2009,12,10,-5.7,0.5,NA,0,0.62,0.5,244.38,1,NA,0,0.63,290,0.5
2009,12,11,-9.47,0.75,NA,0,2.36,1,314.12,1,NA,0,2.11,315.15,1
2009,12,12,-8,0.25,NA,0,0.76,1,195.38,1,NA,0,0.62,1.16,1
2009,12,13,-12.9,0.25,NA,0,2.09,1,161.75,1,NA,0,2.03,161.69,1
2009,12,14,-13.2,0.75,NA,0,3.54,1,220.88,1,NA,0,2.88,221.64,1
2009,12,15,-13.81,0.875,NA,0,6.64,0.875,30.75,1,NA,0,6.2,30.76,0.875
2009,12,16,-14.03,0.875,NA,0,4.83,0.875,56.12,1,NA,0,4.06,49.92,0.875
2009,12,17,-9.85,0.25,NA,0,1.41,1,106.88,1,NA,0,0.73,122.59,1
2009,12,18,-13.05,0.75,NA,0,4.65,0.5,154.62,1,NA,0,4.08,14.75,0.5
2009,12,19,-9.8,1,NA,0,5.56,1,107.88,1,NA,0,5.18,10.19,1
2009,12,20,-7.05,0.25,NA,0,1.52,1,71.5,1,NA,0,1.26,62.65,1
2009,12,21,-10.77,0.5,NA,0,2.55,1,251.62,1,NA,0,2.34,341.62,1
2009,12,22,-13.31,1,NA,0,5.01,1,160,1,NA,0,4.96,160.68,1
2009,12,23,-13.17,0.375,NA,0,2.16,1,148,1,NA,0,0.64,38.11,1
2009,12,24,-14.06,0.625,NA,0,2.15,1,40.5,1,NA,0,2.09,43.22,1
2009,12,25,-15.32,0.625,NA,0,3.33,0.875,126.75,1,NA,0,2.87,140.45,0.875
2009,12,26,-6.58,0.5,NA,0,2.45,1,68.62,1,NA,0,2.32,63.64,1
2009,12,27,-7.11,1,NA,0,3.45,1,122.88,1,NA,0,3.17,33.04,1
2009,12,28,-8.43,0.5,NA,0,2.26,1,153.88,1,NA,0,1.98,14.28,1
2009,12,29,-9.1,0.625,NA,0,3.24,1,131.38,1,NA,0,3.11,138.27,1
2009,12,30,-8.04,1,NA,0,6.37,0.875,106.5,1,NA,0,5.18,1.82,0.875
2009,12,31,-9.31,0.875,NA,0,8.54,1,299.88,1,NA,0,8.26,342.52,1
2010,1,1,-9.16,1,NA,0,4.2,1,263.25,1,NA,0,3.17,270.95,1
2010,1,2,-9.85,0.75,NA,0,3.49,1,171.38,1,NA,0,3.18,175,1
2010,1,3,-10.51,0.875,NA,0,3.3,1,162.75,1,NA,0,3.25,161.63,1
2010,1,4,-10.83,0.5,NA,0,2.08,1,110.25,1,NA,0,1.81,90.26,1
2010,1,5,-9.55,1,NA,0,4.66,1,92.75,1,NA,0,4.57,92.7,1
2010,1,6,-7.68,0.5,NA,0,2.3,1,153.75,1,NA,0,2.18,139.56,1
2010,1,7,-10.7,0.25,NA,0,1.99,1,181,1,NA,0,1.95,184.93,1
2010,1,8,-9.8,0.375,NA,0,2.24,1,220.12,1,NA,0,2.13,216.33,1
2010,1,9,-11.83,0.5,NA,0,2.91,1,291.88,1,NA,0,1.85,316.26,1
2010,1,10,-14.36,1,NA,0,3.55,1,187.12,1,NA,0,3.45,8.38,1
2010,1,11,-10.57,0.875,NA,0,5.35,1,137.12,1,NA,0,5.24,0.68,1
2010,1,12,-9.06,0.875,NA,0,3.78,1,36.75,1,NA,0,3.62,38.36,1
2010,1,13,-9.6,0.625,NA,0,3.09,1,125.38,1,NA,0,1.85,120.37,1
2010,1,14,NA,0.125,NA,0,1.56,1,182.38,1,NA,0,1.56,181.83,1
2010,1,15,-10.17,0.375,NA,0,1.59,1,170.12,1,NA,0,1.53,180.2,1
2010,1,16,NA,0.125,NA,0,0.64,1,214.88,1,NA,0,0.4,353.11,1
2010,1,17,NA,0,NA,0,1.02,1,57.88,1,NA,0,0.95,56.21,1
2010,1,18,NA,0,NA,0,0.59,1,107.75,1,NA,0,0.56,105.99,1
2010,1,19,-9.65,0.5,NA,0,2.36,1,230.62,1,NA,0,2.34,243.76,1
2010,1,20,-14.86,0.875,NA,0,5.94,1,225.62,1,NA,0,5.54,227.98,1
2010,1,21,-15.39,1,NA,0,4.06,1,162.38,1,NA,0,3.96,163.88,1
2010,1,22,-14.94,0.625,NA,0,2.89,1,259.5,1,NA,0,2.52,247.76,1
2010,1,23,-15.45,0.75,NA,0,3.69,1,219.5,1,NA,0,2.75,7.39,1
2010,1,24,-17.41,0.875,NA,0,5.55,1,165,1,NA,0,4.44,164.02,1
2010,1,25,-13.8,0.25,NA,0,1.16,1,246.25,1,NA,0,1.14,236.27,1
2010,1,26,NA,0,NA,0,0.51,1,220.38,1,NA,0,0.28,238.13,1
2010,1,27,NA,0,NA,0,0.69,1,95.5,1,NA,0,0.67,95.65,1
2010,1,28,NA,0,NA,0,0.81,1,101.75,1,NA,0,0.8,101.63,1
2010,1,29,-8.97,0.375,NA,0,1.9,0.625,119.12,1,NA,0,1.83,19.89,0.625
2010,1,30,-13.43,0.875,NA,0,3.98,1,106,1,NA,0,3.91,18.1,1
2010,1,31,-14.39,0.875,NA,0,5.69,1,72.5,1,NA,0,4.22,59.48,1
2010,2,1,-13.33,0.5,NA,0,2.39,1,249.88,1,NA,0,0.44,218.77,1
2010,2,2,-15.07,0.75,NA,0,3.31,1,72.25,1,NA,0,3.06,26,1
2010,2,3,NA,0,NA,0,0.41,1,49.25,1,NA,0,0.41,60.46,1
2010,2,4,-8.97,0.375,NA,0,0.27,0.375,104.25,1,NA,0,0.26,87.57,0.375
2010,2,5,NA,0,NA,0,0.86,1,204.62,1,NA,0,0.76,207.68,1
2010,2,6,-9.37,0.375,NA,0,0.4,0.25,257.38,1,NA,0,0.39,348.43,0.25
2010,2,7,NA,0,NA,0,1.18,1,90.12,1,NA,0,1.13,41.91,1
2010,2,8,NA,0,NA,0,0.71,1,147.25,1,NA,0,0.67,7.92,1
2010,2,9,NA,0,NA,0,1.31,1,62.5,1,NA,0,1.26,68.67,1
2010,2,10,NA,0.125,NA,0,1.56,1,73.38,1,NA,0,1.47,29.82,1
2010,2,11,-16.35,0.25,NA,0,1.39,1,56.62,1,NA,0,1.37,55.31,1
2010,2,12,-16.33,0.5,NA,0,2.5,1,239.25,1,NA,0,1.86,296.89,1
2010,2,13,-14.37,0.875,NA,0,2.6,1,31.62,1,NA,0,2.57,30.55,1
2010,2,14,-11.35,0.75,NA,0,3.9,1,28,1,NA,0,3.74,27.34,1
2010,2,15,-17.02,0.625,NA,0,3.62,1,36.75,1,NA,0,3.56,32.6,1
2010,2,16,NA,0.125,NA,0,1.07,0.75,95.62,1,NA,0,1.05,16.37,0.75
2010,2,17,-18.58,0.5,NA,0,1.42,0.625,244.38,1,NA,0,1.42,274.93,0.625
2010,2,18,NA,0.125,NA,0,1.15,1,156.38,1,NA,0,0.93,140.82,1
2010,2,19,-28.4,0.375,NA,0,2.11,1,180.75,1,NA,0,2.03,173.72,1
2010,2,20,-19.8,0.25,NA,0,1.98,1,131.62,1,NA,0,1.35,149.81,1
2010,2,21,NA,0.125,NA,0,1.41,1,137.88,1,NA,0,0.94,177.82,1
2010,2,22,-15.53,0.375,NA,0,1.79,1,156.62,1,NA,0,1.21,167.4,1
2010,2,23,-20,0.25,NA,0,1.71,1,158.25,1,NA,0,0.8,15.29,1
2010,2,24,-23.83,0.5,NA,0,2.46,1,232,1,NA,0,2.03,342.21,1
2010,2,25,-21.27,0.75,NA,0,4.27,1,263.25,1,NA,0,4.21,353.84,1
2010,2,26,-15.48,0.5,NA,0,2.42,0.75,80.88,1,NA,0,2.33,78.08,0.75
2010,2,27,-13.6,0.625,NA,0,2.8,1,156.38,1,NA,0,2.2,101.95,1
2010,2,28,NA,0,NA,0,0.84,1,97.62,1,NA,0,0.37,3.29,1
2010,3,1,-9.48,0.75,NA,0,1.07,1,167.62,1,NA,0,0.79,333.78,1
2010,3,2,-9.79,1,NA,0,2.4,1,302.88,1,NA,0,2.17,300.38,1
2010,3,3,-11.02,0.75,NA,0,2.34,0.625,258.38,1,NA,0,2.32,355.3,0.625
2010,3,4,-16.14,1,NA,0,1.15,1,61.12,1,NA,0,1.1,65.67,1
2010,3,5,-16.14,1,NA,0,1.54,1,191.12,1,NA,0,1.5,221.3,1
2010,3,6,-20.19,0.875,NA,0,2.04,1,244.75,1,NA,0,1.13,271.42,1
2010,3,7,-26.03,0.875,NA,0,2.46,1,90.62,1,NA,0,2.38,11.83,1
2010,3,8,-23.54,0.875,NA,0,1.82,1,210.75,1,NA,0,1.8,210.47,1
2010,3,9,-25.3,1,NA,0,4.19,1,103.75,1,NA,0,1.66,76.9,1
2010,3,10,-18.82,0.625,NA,0,1.9,1,67.5,1,NA,0,1.87,71.58,1
2010,3,11,-15.86,0.625,NA,0,0.9,0.75,51.38,1,NA,0,0.81,46.01,0.75
2010,3,12,-16.35,0.5,NA,0,NA,0,137,1,NA,0,NA,NA,0
2010,3,13,-18.32,0.625,NA,0,1.98,0.75,248.12,1,NA,0,1.94,302.26,0.75
2010,3,14,-26.9,0.625,NA,0,1.18,1,68.12,1,NA,0,1.14,24.73,1
2010,3,15,-22.16,0.625,NA,0,1.18,1,137.88,1,NA,0,1.04,136.57,1
2010,3,16,-17.17,0.875,NA,0,1.34,1,222.75,1,NA,0,0.53,253.37,1
2010,3,17,-15.95,0.75,NA,0,3.88,1,111.75,1,NA,0,3.55,129.83,1
2010,3,18,-7.36,1,NA,0,3.01,1,77.12,1,NA,0,2.28,85.69,1
2010,3,19,-7.98,1,NA,0,3.96,1,238.25,1,NA,0,3.64,324.63,1
2010,3,20,-16.48,0.5,NA,0,0.59,1,143.38,1,NA,0,0.04,257.65,1
2010,3,21,-29.27,0.75,NA,0,1.46,1,161.75,1,NA,0,1.4,167.32,1
2010,3,22,-27.54,0.875,NA,0,2.92,1,158.25,1,NA,0,2.58,162.57,1
2010,3,23,-34.52,0.75,NA,0,5.79,1,206.12,1,NA,0,5.14,221.87,1
2010,3,24,-39.66,0.625,NA,0,4.64,1,252.38,1,NA,0,4.5,252.2,1
2010,3,25,-37.14,0.625,NA,0,3.9,0.875,217.25,1,NA,0,3.44,239.05,0.875
2010,3,26,-31.91,1,NA,0,2.63,0.875,109.5,1,NA,0,2.38,132.66,0.875
2010,3,27,-30.99,0.875,NA,0,2.39,1,236,1,NA,0,1.66,221.29,1
2010,3,28,-24.42,1,NA,0,0.78,0.5,232.5,1,NA,0,0.77,348.29,0.5
2010,3,29,-20.36,1,NA,0,1.56,0.875,119.88,1,NA,0,1.41,101.9,0.875
2010,3,30,-28.98,0.625,NA,0,1.81,1,249.25,1,NA,0,1.61,235.35,1
2010,3,31,-30.38,1,NA,0,2.81,1,231.5,1,NA,0,2.28,237.16,1
2010,4,1,-32.37,0.75,NA,0,2.24,1,180.75,1,NA,0,0.7,84.84,1
2010,4,2,-32.55,1,NA,0,3.29,1,81.62,1,NA,0,2.76,81.88,1
2010,4,3,-29.82,0.625,NA,0,2.89,1,113.88,1,NA,0,1.97,100.38,1
2010,4,4,-37.74,0.875,NA,0,0.74,1,217,1,NA,0,0.54,195.19,1
2010,4,5,-37.14,0.625,NA,0,1.3,1,73.75,1,NA,0,1.18,72.5,1
2010,4,6,-36.75,1,NA,0,3.28,1,63.62,1,NA,0,3.1,58.61,1
2010,4,7,-27.47,0.75,NA,0,2.92,1,111.75,1,NA,0,2.84,112.95,1
2010,4,8,-22.47,0.875,NA,0,0.28,0.5,62.25,0.5,NA,0,0.27,79.48,0.5
2010,4,9,-23.71,0.875,NA,0,NA,0.125,NA,0.125,NA,0,NA,NA,0.125
2010,4,10,-28,0.625,NA,0,1.65,0.5,74.25,0.5,NA,0,1.63,73.57,0.5
2010,4,11,-23.39,1,NA,0,0.46,1,95.88,1,NA,0,0.41,93.81,1
2010,4,12,-25.7,0.625,NA,0,2.4,0.5,237,1,NA,0,2.4,275.66,0.5
2010,4,13,-30.87,0.875,NA,0,NA,0.125,114,1,NA,0,NA,NA,0.125
2010,4,14,-36.93,0.875,NA,0,NA,0,89,0.875,NA,0,NA,NA,0
2010,4,15,-31.81,1,NA,0,NA,0.125,61.5,0.5,NA,0,NA,NA,0.125
2010,4,16,-22.98,0.5,NA,0,NA,0.125,61.88,1,NA,0,NA,NA,0.125
2010,4,17,-19.25,0.75,NA,0,0.55,1,76,1,NA,0,0.54,86.28,1
2010,4,18,-23.18,0.75,NA,0,0.56,1,58.75,1,NA,0,0.54,56.19,1
2010,4,19,-24.33,1,NA,0,2.42,0.5,59,1,NA,0,2.41,12.01,0.5
2010,4,20,-29.47,0.75,NA,0,NA,0,97.62,1,NA,0,NA,NA,0
2010,4,21,-21.8,0.875,NA,0,NA,0,44.62,1,NA,0,NA,NA,0
2010,4,22,-19.64,0.875,NA,0,NA,0,105.62,1,NA,0,NA,NA,0
2010,4,23,-22.03,0.875,NA,0,NA,0,40.25,1,NA,0,NA,NA,0
2010,4,24,-20.85,0.75,NA,0,NA,0,61.62,1,NA,0,NA,NA,0
2010,4,25,-20.05,1,NA,0,NA,0,50.25,1,NA,0,NA,NA,0
2010,4,26,-15.34,0.875,NA,0,NA,0,85.38,1,NA,0,NA,NA,0
2010,4,27,-15.59,1,NA,0,NA,0,126.38,1,NA,0,NA,NA,0
2010,4,28,-16.95,1,NA,0,NA,0,184.25,0.5,NA,0,NA,NA,0
2010,4,29,-24.38,1,NA,0,NA,0.125,37.88,1,NA,0,NA,NA,0.125
2010,4,30,-29.4,0.625,NA,0,NA,0.125,71.8,0.625,NA,0,NA,NA,0.125
2010,5,1,-27.72,0.625,NA,0,NA,0.125,94.6,0.625,NA,0,NA,NA,0.125
2010,5,2,-22.43,0.75,NA,0,NA,0,56,1,NA,0,NA,NA,0
2010,5,3,-25.26,0.875,NA,0,NA,0,56.25,1,NA,0,NA,NA,0
2010,5,4,-31.17,0.875,NA,0,NA,0.125,50,0.5,NA,0,NA,NA,0.125
2010,5,5,-27.06,0.875,NA,0,NA,0,59.12,1,NA,0,NA,NA,0
2010,5,6,-23.89,0.875,NA,0,NA,0,86,0.375,NA,0,NA,NA,0
2010,5,7,-25.35,1,NA,0,NA,0.125,62.25,0.5,NA,0,NA,NA,0.125
2010,5,8,-23.6,1,NA,0,NA,0,70,1,NA,0,NA,NA,0
2010,5,9,-26.28,0.75,NA,0,NA,0.125,57.67,0.75,NA,0,NA,NA,0.125
2010,5,10,-37.45,0.75,NA,0,NA,0,52,1,NA,0,NA,NA,0
2010,5,11,-36.96,0.875,NA,0,NA,0,126.29,0.875,NA,0,NA,NA,0
2010,5,12,-30.21,0.875,NA,0,NA,0,NA,0,NA,0,NA,NA,0
2010,5,13,-31.89,1,NA,0,0,0.25,51,0.25,NA,0,0,NA,0.25
2010,5,14,-29.4,0.875,NA,0,NA,0.125,36,0.375,NA,0,NA,NA,0.125
2010,5,15,-35.74,1,NA,0,NA,0.125,48.8,0.625,NA,0,NA,NA,0.125
2010,5,16,-35.39,0.875,NA,0,NA,0,114,1,NA,0,NA,NA,0
2010,5,17,-46.53,0.875,NA,0,NA,0,42.38,1,NA,0,NA,NA,0
2010,5,18,-43.83,0.75,NA,0,NA,0,124.33,0.375,NA,0,NA,NA,0
2010,5,19,-42.36,0.625,NA,0,NA,0.125,97.2,0.625,NA,0,NA,NA,0.125
2010,5,20,-40.38,0.625,NA,0,NA,0,160.5,0.25,NA,0,NA,NA,0
2010,5,21,-38.21,0.875,NA,0,NA,0.125,118,0.5,NA,0,NA,NA,0.125
2010,5,22,-31.9,1,NA,0,NA,0,71.25,1,NA,0,NA,NA,0
2010,5,23,-26.89,1,NA,0,NA,0,69,1,NA,0,NA,NA,0
2010,5,24,-31.12,0.625,NA,0,NA,0,73.75,1,NA,0,NA,NA,0
2010,5,25,-33.97,0.75,NA,0,NA,0,81.88,1,NA,0,NA,NA,0
2010,5,26,-32.97,0.75,NA,0,NA,0,76.75,1,NA,0,NA,NA,0
2010,5,27,-40.06,0.625,NA,0,NA,0,74.62,1,NA,0,NA,NA,0
2010,5,28,-34.06,0.625,NA,0,NA,0,83.75,1,NA,0,NA,NA,0
2010,5,29,-27.91,1,NA,0,7.79,0.875,88.88,1,NA,0,7.74,86.9,0.875
2010,5,30,-31.36,0.875,NA,0,4.16,1,101,1,NA,0,4.1,94.5,1
2010,5,31,-37.03,0.75,NA,0,5.16,1,148.38,1,NA,0,5.09,150.37,1
2010,6,1,-41.73,0.875,NA,0,6.26,0.875,125.88,1,NA,0,5.31,134.53,0.875
2010,6,2,-33.5,0.875,NA,0,2.16,1,108.38,1,NA,0,1.95,100.38,1
2010,6,3,-37.94,0.625,NA,0,2.76,1,72.62,1,NA,0,2.74,52.5,1
2010,6,4,-32.12,0.75,NA,0,3.54,1,76,1,NA,0,3.31,78.87,1
2010,6,5,-33.74,0.625,NA,0,1.34,1,52,1,NA,0,1.28,51.12,1
2010,6,6,-34.28,0.625,NA,0,0.32,1,137.12,1,NA,0,0.22,156.82,1
2010,6,7,-37.57,0.75,NA,0,0.54,1,90.75,1,NA,0,0.21,48.35,1
2010,6,8,-37.16,0.625,NA,0,0.45,0.75,40.62,1,NA,0,0.44,39.13,0.75
2010,6,9,-35.5,0.75,NA,0,0.27,0.375,62.88,1,NA,0,0.26,45.07,0.375
2010,6,10,-41.3,0.625,NA,0,0.98,0.75,36.25,1,NA,0,0.97,28.23,0.75
2010,6,11,-39.69,1,NA,0,NA,0,87,1,NA,0,NA,NA,0
2010,6,12,-40.52,0.75,NA,0,1.4,0.25,92.38,1,NA,0,1.39,72.73,0.25
2010,6,13,-40.37,0.875,NA,0,0.78,1,53.38,1,NA,0,0.77,52.2,1
2010,6,14,-35.53,0.75,NA,0,1.4,0.25,215.62,1,NA,0,1.25,330.36,0.25
2010,6,15,-39.1,0.75,NA,0,2.3,1,32.75,1,NA,0,2.28,31.22,1
2010,6,16,-36.75,0.75,NA,0,1.51,1,55.88,1,NA,0,1.4,43.73,1
2010,6,17,-28.16,0.875,NA,0,0.2,1,68.62,1,NA,0,0.2,56.7,1
2010,6,18,-23.58,0.75,NA,0,2.68,0.75,156.62,1,NA,0,2.04,4.37,0.75
2010,6,19,-33.36,0.625,NA,0,5.74,0.875,147.62,1,NA,0,3.14,323.38,0.875
2010,6,20,-32.28,0.625,NA,0,NA,0,NA,0,NA,0,NA,NA,0
2010,6,21,-28.9,0.875,NA,0,NA,0,NA,0,NA,0,NA,NA,0
2010,6,22,-35.05,0.75,NA,0,NA,0,NA,0,NA,0,NA,NA,0
2010,6,23,-38.09,0.875,NA,0,NA,0,NA,0,NA,0,NA,NA,0
2010,6,24,-30.87,0.75,NA,0,NA,0,NA,0,NA,0,NA,NA,0
2010,6,25,-24.16,1,NA,0,NA,0,NA,0,NA,0,NA,NA,0
2010,6,26,-26.06,0.875,NA,0,10,0.625,80.8,0.625,NA,0,9.9,81.24,0.625
2010,6,27,-30.97,0.875,NA,0,NA,0,NA,0,NA,0,NA,NA,0
2010,6,28,-37.76,0.875,NA,0,NA,0.125,NA,0.125,NA,0,NA,NA,0.125
2010,6,29,-36.31,0.875,NA,0,2.25,0.25,56,0.25,NA,0,2.25,54.66,0.25
2010,6,30,-40.12,1,NA,0,NA,0,NA,0,NA,0,NA,NA,0
2010,7,1,-34.93,0.75,NA,0,NA,0,NA,0,NA,0,NA,NA,0
2010,7,2,-30.2,0.5,NA,0,NA,0,NA,0,NA,0,NA,NA,0
2010,7,3,-28.58,0.75,NA,0,NA,0,NA,0,NA,0,NA,NA,0
2010,7,4,-31.76,0.625,NA,0,NA,0,NA,0,NA,0,NA,NA,0
2010,7,5,-35.39,0.875,NA,0,5.22,0.5,31.25,0.5,NA,0,5.21,29.14,0.5
2010,7,6,-29.42,0.625,NA,0,NA,0.125,NA,0.125,NA,0,NA,NA,0.125
2010,7,7,-22.38,0.75,NA,0,NA,0,NA,0,NA,0,NA,NA,0
2010,7,8,-29.22,0.75,NA,0,NA,0,NA,0,NA,0,NA,NA,0
2010,7,9,-37.13,0.75,NA,0,NA,0,NA,0,NA,0,NA,NA,0
2010,7,10,-37.38,0.75,NA,0,6.7,0.25,70,0.25,NA,0,6.68,71.05,0.25
2010,7,11,-36.87,0.75,NA,0,NA,0,NA,0,NA,0,NA,NA,0
2010,7,12,-36.75,0.5,NA,0,NA,0,NA,0,NA,0,NA,NA,0
2010,7,13,-39.23,0.5,NA,0,10.6,0.375,23.33,0.375,NA,0,10.54,22.19,0.375
2010,7,14,-40.18,0.5,NA,0,12.3,0.375,26.25,0.5,NA,0,12.3,25.7,0.375
2010,7,15,-49.14,0.625,NA,0,NA,0,NA,0,NA,0,NA,NA,0
2010,7,16,-47.73,1,NA,0,NA,0,NA,0,NA,0,NA,NA,0
2010,7,17,-46.04,1,NA,0,NA,0,NA,0,NA,0,NA,NA,0
2010,7,18,-43.62,0.75,NA,0,NA,0,NA,0,NA,0,NA,NA,0
2010,7,19,-46.99,1,NA,0,NA,0,NA,0,NA,0,NA,NA,0
2010,7,20,-44.37,0.875,NA,0,NA,0,NA,0,NA,0,NA,NA,0
2010,7,21,-48.5,0.75,NA,0,NA,0,NA,0,NA,0,NA,NA,0
2010,7,22,-47.6,1,NA,0,NA,0,NA,0,NA,0,NA,NA,0
2010,7,23,-49.4,0.875,NA,0,NA,0,NA,0,NA,0,NA,NA,0
2010,7,24,-49.62,0.75,NA,0,NA,0,NA,0,NA,0,NA,NA,0
2010,7,25,-45.53,0.875,NA,0,NA,0,NA,0,NA,0,NA,NA,0
2010,7,26,-36.79,0.875,NA,0,NA,0,NA,0,NA,0,NA,NA,0
2010,7,27,-38.3,1,NA,0,NA,0,NA,0,NA,0,NA,NA,0
2010,7,28,-39.87,1,NA,0,NA,0,NA,0,NA,0,NA,NA,0
2010,7,29,-42.9,0.875,NA,0,NA,0,NA,0,NA,0,NA,NA,0
2010,7,30,-47.58,0.75,NA,0,NA,0,NA,0,NA,0,NA,NA,0
2010,7,31,-42.04,0.625,NA,0,NA,0,NA,0,NA,0,NA,NA,0
2010,8,1,-39.78,0.75,NA,0,NA,0,NA,0,NA,0,NA,NA,0
2010,8,2,-38.34,1,NA,0,NA,0,NA,0,NA,0,NA,NA,0
2010,8,3,-31.63,0.875,NA,0,NA,0,NA,0,NA,0,NA,NA,0
2010,8,4,-32.23,0.875,NA,0,NA,0,NA,0,NA,0,NA,NA,0
2010,8,5,-24.7,0.5,NA,0,NA,0,NA,0,NA,0,NA,NA,0
2010,8,6,-31.06,0.875,NA,0,NA,0,NA,0,NA,0,NA,NA,0
2010,8,7,-35.38,0.625,NA,0,NA,0,NA,0,NA,0,NA,NA,0
2010,8,8,-28.23,0.875,NA,0,NA,0,NA,0,NA,0,NA,NA,0
2010,8,9,-39.54,0.625,NA,0,NA,0,NA,0,NA,0,NA,NA,0
2010,8,10,-38.87,0.875,NA,0,NA,0,NA,0,NA,0,NA,NA,0
2010,8,11,-43.06,0.875,NA,0,NA,0,NA,0,NA,0,NA,NA,0
2010,8,12,-44.3,0.625,NA,0,NA,0,NA,0,NA,0,NA,NA,0
2010,8,13,-41.34,0.625,NA,0,NA,0,NA,0,NA,0,NA,NA,0
2010,8,14,-45.93,1,NA,0,NA,0,NA,0,NA,0,NA,NA,0
2010,8,15,-47.22,1,NA,0,NA,0,NA,0,NA,0,NA,NA,0
2010,8,16,-47.22,0.5,NA,0,NA,0,NA,0,NA,0,NA,NA,0
2010,8,17,NA,0.125,NA,0,NA,0,NA,0,NA,0,NA,NA,0
2010,8,18,-28.88,0.75,NA,0,NA,0,NA,0,NA,0,NA,NA,0
2010,8,19,-30.41,0.875,NA,0,NA,0,NA,0,NA,0,NA,NA,0
2010,8,20,-32.73,0.75,NA,0,NA,0,NA,0,NA,0,NA,NA,0
2010,8,21,-37.36,0.875,NA,0,NA,0,NA,0,NA,0,NA,NA,0
2010,8,22,-34.36,0.625,NA,0,NA,0,NA,0,NA,0,NA,NA,0
2010,8,23,-28.53,0.75,NA,0,NA,0,NA,0,NA,0,NA,NA,0
2010,8,24,-27.28,0.625,NA,0,NA,0,NA,0,NA,0,NA,NA,0
2010,8,25,-29.43,0.375,NA,0,NA,0,NA,0,NA,0,NA,NA,0
2010,8,26,-29.16,1,NA,0,NA,0,NA,0,NA,0,NA,NA,0
2010,8,27,-31.84,0.875,NA,0,NA,0,NA,0,NA,0,NA,NA,0
2010,8,28,-36.73,0.5,NA,0,NA,0,NA,0,NA,0,NA,NA,0
2010,8,29,-35.78,1,NA,0,NA,0,NA,0,NA,0,NA,NA,0
2010,8,30,-38.03,0.5,NA,0,NA,0,NA,0,NA,0,NA,NA,0
2010,8,31,-40.88,0.75,NA,0,NA,0,NA,0,NA,0,NA,NA,0
2010,9,1,-39.66,0.875,NA,0,NA,0,NA,0,NA,0,NA,NA,0
2010,9,2,-41.86,0.625,NA,0,NA,0,NA,0,NA,0,NA,NA,0
2010,9,3,-41.62,0.625,NA,0,NA,0,NA,0,NA,0,NA,NA,0
2010,9,4,-43.35,0.75,NA,0,NA,0,NA,0,NA,0,NA,NA,0
2010,9,5,-42.39,1,NA,0,NA,0,NA,0,NA,0,NA,NA,0
2010,9,6,-40.36,0.625,NA,0,NA,0,NA,0,NA,0,NA,NA,0
2010,9,7,-38.83,0.875,NA,0,NA,0,NA,0,NA,0,NA,NA,0
2010,9,8,-37.68,0.75,NA,0,NA,0,NA,0,NA,0,NA,NA,0
2010,9,9,-37.28,0.625,NA,0,NA,0,NA,0,NA,0,NA,NA,0
2010,9,10,-36.11,0.875,NA,0,NA,0,NA,0,NA,0,NA,NA,0
2010,9,11,-37.51,0.875,NA,0,NA,0,NA,0,NA,0,NA,NA,0
2010,9,12,-38.41,1,NA,0,NA,0,NA,0,NA,0,NA,NA,0
2010,9,13,-29.02,0.625,NA,0,NA,0,NA,0,NA,0,NA,NA,0
2010,9,14,-25.99,1,NA,0,NA,0,NA,0,NA,0,NA,NA,0
2010,9,15,-29.13,0.875,NA,0,NA,0,NA,0,NA,0,NA,NA,0
2010,9,16,-32.88,0.5,NA,0,NA,0,NA,0,NA,0,NA,NA,0
2010,9,17,-43.66,0.625,NA,0,NA,0,NA,0,NA,0,NA,NA,0
2010,9,18,-42.87,0.375,NA,0,NA,0,NA,0,NA,0,NA,NA,0
2010,9,19,-39.05,0.5,NA,0,NA,0,NA,0,NA,0,NA,NA,0
2010,9,20,-23.7,0.625,NA,0,NA,0,NA,0,NA,0,NA,NA,0
2010,9,21,-22.08,0.75,NA,0,NA,0,NA,0,NA,0,NA,NA,0
2010,9,22,-25.72,0.75,NA,0,NA,0,NA,0,NA,0,NA,NA,0
2010,9,23,-24.06,0.625,NA,0,NA,0,NA,0,NA,0,NA,NA,0
2010,9,24,-32.38,0.625,NA,0,NA,0,NA,0,NA,0,NA,NA,0
2010,9,25,-36.7,0.25,NA,0,NA,0,NA,0,NA,0,NA,NA,0
2010,9,26,-32.1,0.375,NA,0,NA,0,NA,0,NA,0,NA,NA,0
2010,9,27,-26.1,0.375,NA,0,NA,0,NA,0,NA,0,NA,NA,0
2010,9,28,-27.08,0.625,NA,0,NA,0,NA,0,NA,0,NA,NA,0
2010,9,29,-41.77,0.375,NA,0,NA,0,NA,0,NA,0,NA,NA,0
2010,9,30,-38.43,0.5,NA,0,NA,0,NA,0,NA,0,NA,NA,0
2010,10,1,-31.29,0.875,NA,0,NA,0,NA,0,NA,0,NA,NA,0
2010,10,2,-28.26,0.625,NA,0,NA,0,NA,0,NA,0,NA,NA,0
2010,10,3,-27.5,0.625,NA,0,NA,0,NA,0,NA,0,NA,NA,0
2010,10,4,-35.9,0.5,NA,0,NA,0,NA,0,NA,0,NA,NA,0
2010,10,5,-31.14,0.625,NA,0,NA,0,NA,0,NA,0,NA,NA,0
2010,10,6,-20.67,0.75,NA,0,3.68,0.75,49,0.75,NA,0,3.68,47.65,0.75
2010,10,7,-17.08,0.625,NA,0,NA,0,NA,0,NA,0,NA,NA,0
2010,10,8,-21.8,0.375,NA,0,NA,0,NA,0,NA,0,NA,NA,0
2010,10,9,-20.9,0.375,NA,0,NA,0,NA,0,NA,0,NA,NA,0
2010,10,10,-26.65,0.25,NA,0,NA,0,NA,0,NA,0,NA,NA,0
2010,10,11,-19.95,0.25,NA,0,NA,0,NA,0,NA,0,NA,NA,0
2010,10,12,-29.4,0.375,NA,0,NA,0,NA,0,NA,0,NA,NA,0
2010,10,13,-25.85,0.75,NA,0,NA,0,NA,0,NA,0,NA,NA,0
2010,10,14,-28.33,0.375,NA,0,NA,0,NA,0,NA,0,NA,NA,0
2010,10,15,-30.1,0.25,NA,0,NA,0,NA,0,NA,0,NA,NA,0
2010,10,16,NA,0.125,NA,0,NA,0,NA,0,NA,0,NA,NA,0
2010,10,17,-25.47,0.375,NA,0,NA,0,NA,0,NA,0,NA,NA,0
2010,10,18,-24.13,0.5,NA,0,NA,0,NA,0,NA,0,NA,NA,0
2010,10,19,NA,0.125,NA,0,NA,0,NA,0,NA,0,NA,NA,0
2010,10,20,NA,0.125,NA,0,NA,0,NA,0,NA,0,NA,NA,0
2010,10,21,NA,0,NA,0,NA,0,NA,0,NA,0,NA,NA,0
2010,10,22,-23,0.75,NA,0,NA,0,NA,0,NA,0,NA,NA,0
2010,10,23,-23.07,0.375,NA,0,NA,0,NA,0,NA,0,NA,NA,0
2010,10,24,-26,0.375,NA,0,NA,0,NA,0,NA,0,NA,NA,0
2010,10,25,-24.48,0.625,NA,0,NA,0,NA,0,NA,0,NA,NA,0
2010,10,26,-27.12,0.625,NA,0,NA,0,NA,0,NA,0,NA,NA,0
2010,10,27,-31.86,0.625,NA,0,NA,0,NA,0,NA,0,NA,NA,0
2010,10,28,-30.41,0.875,NA,0,NA,0,NA,0,NA,0,NA,NA,0
2010,10,29,-27.28,0.5,NA,0,NA,0,NA,0,NA,0,NA,NA,0
2010,10,30,NA,0.125,NA,0,NA,0,NA,0,NA,0,NA,NA,0
2010,10,31,-24.8,0.25,NA,0,NA,0,NA,0,NA,0,NA,NA,0
2010,11,1,-24.33,0.5,NA,0,NA,0,NA,0,NA,0,NA,NA,0
2010,11,2,-22.53,1,NA,0,4.5,0.875,103.71,0.875,NA,0,4.32,103.28,0.875
2010,11,3,-23.73,0.75,NA,0,7.26,1,95.75,1,NA,0,6.94,96.88,1
2010,11,4,-22.28,1,NA,0,6.35,0.75,103.25,1,NA,0,6,105.95,0.75
2010,11,5,-21.95,1,NA,0,6.82,1,113.25,1,NA,0,6.41,115.85,1
2010,11,6,-19.59,0.875,NA,0,4.3,1,111,1,NA,0,4.07,117.59,1
2010,11,7,-23.37,0.375,NA,0,1.91,0.875,69.62,1,NA,0,1.81,60.69,0.875
2010,11,8,-22.13,0.375,NA,0,1.68,1,181.75,1,NA,0,1.45,206.85,1
2010,11,9,-20.5,0.5,NA,0,2.55,0.75,137.88,1,NA,0,1.56,172.09,0.75
2010,11,10,-17.9,0.375,NA,0,4.21,1,154,1,NA,0,3.98,151.12,1
2010,11,11,-16.91,0.875,NA,0,6,1,144.62,1,NA,0,5.81,143.21,1
2010,11,12,-16.78,0.75,NA,0,3.91,1,154.25,1,NA,0,3.82,136.92,1
2010,11,13,-19.12,0.625,NA,0,1.86,1,118.12,1,NA,0,0.93,57.65,1
2010,11,14,-20.58,0.75,NA,0,1.72,1,78.62,1,NA,0,1.43,56.74,1
2010,11,15,-19.25,0.5,NA,0,1.36,1,143.12,1,NA,0,1.24,144.74,1
2010,11,16,-16.55,0.5,NA,0,1.11,1,151.38,1,NA,0,0.82,21.81,1
2010,11,17,-15.73,0.5,NA,0,2.67,1,57.38,1,NA,0,2.59,44.94,1
2010,11,18,-18.66,0.875,NA,0,2.6,1,67.88,1,NA,0,2.47,24.54,1
2010,11,19,-17.4,0.875,NA,0,2.86,1,129.88,1,NA,0,1.25,99.42,1
2010,11,20,-20.54,0.625,NA,0,3.8,1,146.75,1,NA,0,3.27,176.5,1
2010,11,21,-22.27,0.75,NA,0,1.96,1,46,1,NA,0,1.93,47.78,1
2010,11,22,-14.14,1,NA,0,1.05,1,61.25,1,NA,0,1.03,55.37,1
2010,11,23,-12.72,0.75,NA,0,1.27,1,137.75,1,NA,0,1.25,359.38,1
2010,11,24,-9.78,0.5,NA,0,0.39,1,78.5,1,NA,0,0.27,60.18,1
2010,11,25,-14.17,0.5,NA,0,1.89,1,213.88,1,NA,0,1.82,217.18,1
2010,11,26,-14.09,1,NA,0,1,1,198.62,1,NA,0,0.59,3.61,1
2010,11,27,-14.85,1,NA,0,1.96,1,50.88,1,NA,0,1.79,51.64,1
2010,11,28,-13,0.75,NA,0,0.78,1,189.25,1,NA,0,0.38,50.18,1
2010,11,29,-13.18,1,NA,0,3.87,0.875,71.62,1,NA,0,3.58,69.87,0.875
2010,11,30,-15.94,0.875,NA,0,7.36,1,116.62,1,NA,0,6.6,20.57,1
2010,12,1,-13.6,0.75,NA,0,3.6,1,89.88,1,NA,0,3.35,89.5,1
2010,12,2,-11.48,1,NA,0,3.42,1,66.62,1,NA,0,3.41,66.49,1
2010,12,3,-11.5,0.5,NA,0,2.71,1,54.88,1,NA,0,2.68,58.23,1
2010,12,4,NA,0,NA,0,0.95,1,241.38,1,NA,0,0.72,219.82,1
2010,12,5,-8.45,0.25,NA,0,1.27,1,169.75,1,NA,0,1.23,172.06,1
2010,12,6,-12.42,0.5,NA,0,2.19,1,105.5,1,NA,0,1.02,63.65,1
2010,12,7,-13.13,0.375,NA,0,2.01,1,119.5,1,NA,0,1.57,59.32,1
2010,12,8,NA,0.125,NA,0,1.98,1,179,1,NA,0,0.27,263.79,1
2010,12,9,NA,0,NA,0,1.12,1,183.38,1,NA,0,1.1,183.47,1
2010,12,10,-13.46,0.875,NA,0,2.89,1,152.75,1,NA,0,2.86,153.49,1
2010,12,11,-15.62,0.75,NA,0,4.39,1,72.12,1,NA,0,4.07,69.64,1
2010,12,12,-8.23,0.375,NA,0,2.67,1,147.88,1,NA,0,2.16,140.41,1
2010,12,13,-14,0.875,NA,0,3.88,1,47.5,1,NA,0,3.72,48.01,1
2010,12,14,-10.75,0.75,NA,0,2.88,1,61.75,1,NA,0,2.82,19.85,1
2010,12,15,-9.55,0.25,NA,0,2,1,158.75,1,NA,0,1.22,178.44,1
2010,12,16,-11.08,0.625,NA,0,2.46,1,174.12,1,NA,0,2.35,177.25,1
2010,12,17,-12.51,0.875,NA,0,3.07,1,198.5,1,NA,0,2.9,203.08,1
2010,12,18,-12.71,0.875,NA,0,3.43,0.75,176.5,1,NA,0,2.31,186.83,0.75
2010,12,19,-12.24,0.625,NA,0,2.7,1,145.5,1,NA,0,0.66,8.16,1
2010,12,20,-11.55,0.25,NA,0,0.94,1,176.5,1,NA,0,0.19,92.35,1
2010,12,21,-14.73,0.75,NA,0,2.57,1,153.25,1,NA,0,2.51,151.74,1
2010,12,22,NA,0,NA,0,0.39,1,95.25,1,NA,0,0.34,100.91,1
2010,12,23,-9.3,0.25,NA,0,1.52,1,76.75,1,NA,0,1.33,71.04,1
2010,12,24,-12.42,0.5,NA,0,1.94,1,48.5,1,NA,0,1.89,45.53,1
2010,12,25,NA,0.125,NA,0,1.46,1,137.75,1,NA,0,1.27,135.86,1
2010,12,26,-10.45,0.5,NA,0,2.59,0.875,128.62,1,NA,0,1.38,69.26,0.875
2010,12,27,-14.26,1,NA,0,5.04,1,133.38,1,NA,0,4.96,357.21,1
2010,12,28,NA,0.125,NA,0,1.24,0.875,113.25,1,NA,0,1.21,128.57,0.875
2010,12,29,-10.67,0.5,NA,0,3.94,1,144.38,1,NA,0,3.86,149.19,1
2010,12,30,NA,0.125,NA,0,1.07,1,207,1,NA,0,0.54,168.43,1
2010,12,31,NA,0.125,NA,0,1.66,1,193.38,1,NA,0,1.01,309.17,1
2011,1,1,-8.4,0.375,NA,0,1.77,1,211.75,1,NA,0,1.2,96.33,1
2011,1,2,-9.01,1,NA,0,4.11,1,44.12,1,NA,0,3.87,45.1,1
2011,1,3,-7.18,0.625,NA,0,2.51,1,58.12,1,NA,0,2.46,10.42,1
2011,1,4,-7.92,0.625,NA,0,2.44,1,80.38,1,NA,0,2.22,33.09,1
2011,1,5,-9.36,0.625,NA,0,2.5,1,24.12,1,NA,0,2.46,23.2,1
2011,1,6,NA,0,NA,0,0.78,1,90.75,1,NA,0,0.72,85.92,1
2011,1,7,NA,0.125,NA,0,0.82,1,183.62,1,NA,0,0.74,165.13,1
2011,1,8,-10.83,0.75,NA,0,3.51,1,179.5,1,NA,0,3.44,178.18,1
2011,1,9,-12.3,0.75,NA,0,3.21,1,138,1,NA,0,3.19,137.61,1
2011,1,10,-12.27,0.375,NA,0,2.59,1,125.25,1,NA,0,2.32,122.3,1
2011,1,11,-7.17,0.375,NA,0,2.29,1,74.38,1,NA,0,2.05,71.73,1
2011,1,12,NA,0.125,NA,0,0.72,1,155.62,1,NA,0,0.3,92.58,1
2011,1,13,-6.05,0.25,NA,0,1.16,1,155.5,1,NA,0,0.71,23.21,1
2011,1,14,NA,0,NA,0,0.64,1,94.38,1,NA,0,0.41,85.32,1
2011,1,15,-6.57,0.375,NA,0,1.75,1,134.75,1,NA,0,1.7,122.46,1
2011,1,16,NA,0,NA,0,1.12,1,49,1,NA,0,1.04,46.61,1
2011,1,17,NA,0,NA,0,0.59,1,168.75,1,NA,0,0.44,192.02,1
2011,1,18,-10.53,0.375,NA,0,1.43,1,86.38,1,NA,0,1.13,46.89,1
2011,1,19,-10.68,0.5,NA,0,1.9,1,248.62,1,NA,0,1.83,348.1,1
2011,1,20,-12.03,0.5,NA,0,2.12,1,172.5,1,NA,0,1.88,1.38,1
2011,1,21,NA,0.125,NA,0,1.5,1,292.62,1,NA,0,1.44,294.38,1
2011,1,22,-11.35,0.5,NA,0,3.17,1,291.88,1,NA,0,3.15,291.02,1
2011,1,23,-10.67,0.75,NA,0,2.51,1,185.62,1,NA,0,2.12,14.29,1
2011,1,24,-10.33,0.375,NA,0,2,1,302.25,1,NA,0,1.65,322.66,1
2011,1,25,-12.66,0.625,NA,0,3.41,1,258.88,1,NA,0,3.28,253.94,1
2011,1,26,-12.33,0.5,NA,0,1.75,1,254.5,1,NA,0,1.7,248.79,1
2011,1,27,-12.2,0.25,NA,0,1.88,1,241.12,1,NA,0,1.78,238.41,1
2011,1,28,-13.3,0.25,NA,0,0.96,1,165.62,1,NA,0,0.42,92.82,1
2011,1,29,-13.11,0.875,NA,0,3.01,1,118,1,NA,0,2.86,121.19,1
2011,1,30,-15.2,0.25,NA,0,1.6,1,190.5,1,NA,0,1.44,197.96,1
2011,1,31,-15.87,0.75,NA,0,3.04,1,129,1,NA,0,0.48,140.89,1
2011,2,1,-15.05,0.25,NA,0,1.99,1,169.25,1,NA,0,1.76,155.92,1
2011,2,2,-16,0.25,NA,0,1.93,1,151,1,NA,0,0.49,316.92,1
2011,2,3,-15.06,0.875,NA,0,3.05,1,101.5,1,NA,0,2.67,96.57,1
2011,2,4,-14.95,0.5,NA,0,2.45,1,103.38,1,NA,0,1.5,87.2,1
2011,2,5,-15.42,0.75,NA,0,4.86,1,32.88,1,NA,0,4.8,33.39,1
2011,2,6,-12.57,0.75,NA,0,7.11,0.875,61,1,NA,0,6.98,15.91,0.875
2011,2,7,-14.29,1,NA,0,4.11,1,20.38,1,NA,0,4.1,20.6,1
2011,2,8,NA,0.125,NA,0,1.12,1,69.12,1,NA,0,0.92,61.81,1
2011,2,9,-18.07,0.375,NA,0,2.14,1,79.25,1,NA,0,1.99,85.65,1
2011,2,10,-17.3,0.25,NA,0,1.44,1,214.62,1,NA,0,0.37,51.55,1
2011,2,11,-20.99,0.875,NA,0,4.1,1,136.12,1,NA,0,3.24,37.1,1
2011,2,12,-16.01,1,NA,0,5.01,0.875,42.62,1,NA,0,4.87,36.56,0.875
2011,2,13,-15.42,0.625,NA,0,2.85,1,64.12,1,NA,0,2.78,61.12,1
2011,2,14,-13.85,0.25,NA,0,1.89,1,141.12,1,NA,0,0.79,71.07,1
2011,2,15,NA,0.125,NA,0,1.32,1,156.75,1,NA,0,0.98,144.06,1
2011,2,16,-15.53,0.875,NA,0,4.79,1,99.5,1,NA,0,4.57,91.61,1
2011,2,17,-13.95,0.75,NA,0,3.11,1,70.62,1,NA,0,2.87,76.2,1
2011,2,18,-15.15,0.75,NA,0,3.19,1,211,1,NA,0,0.45,324.11,1
2011,2,19,NA,0.125,NA,0,1.34,1,140.75,1,NA,0,1.3,138.76,1
2011,2,20,NA,0,NA,0,0.74,1,213,1,NA,0,0.52,223.99,1
2011,2,21,NA,0,NA,0,0.9,1,288,1,NA,0,0.69,312.83,1
2011,2,22,NA,0,NA,0,0.9,1,116,1,NA,0,0.83,121.09,1
2011,2,23,NA,0,NA,0,0.9,1,301.62,1,NA,0,0.78,304.55,1
2011,2,24,NA,0.125,NA,0,1.68,1,230.62,1,NA,0,1.62,230.18,1
2011,2,25,NA,0.125,NA,0,1.59,1,143.88,1,NA,0,1.17,122.79,1
2011,2,26,-20.95,0.25,NA,0,1.79,1,144.38,1,NA,0,1.55,141.97,1
2011,2,27,-22.6,0.5,NA,0,2.7,1,147.12,1,NA,0,2.34,146.75,1
2011,2,28,NA,0.125,NA,0,1.26,0.875,128.5,1,NA,0,1.16,132.82,0.875
2011,3,1,-18.43,0.5,NA,0,1.32,0.75,122.5,1,NA,0,1.26,108.14,0.75
2011,3,2,-18.81,0.875,NA,0,0.74,1,104.25,1,NA,0,0.58,128.73,1
2011,3,3,-20.56,0.625,NA,0,1.11,1,48,1,NA,0,1.06,53.41,1
2011,3,4,-18.16,0.875,NA,0,2.29,1,40,1,NA,0,2.23,45.3,1
2011,3,5,-13.04,1,NA,0,6.42,1,73.62,1,NA,0,5.9,27.99,1
2011,3,6,-23.08,0.625,NA,0,5.56,0.875,101.38,1,NA,0,5.17,7.17,0.875
2011,3,7,-19.37,0.75,NA,0,1.35,0.5,192.25,1,NA,0,1.35,175.89,0.5
2011,3,8,-21.4,0.875,NA,0,1.08,0.625,154.8,0.625,NA,0,1.02,160.47,0.625
2011,3,9,-20.6,0.75,NA,0,0.49,1,196.38,1,NA,0,0.41,296.97,1
2011,3,10,-21.53,0.75,NA,0,2.4,1,63,1,NA,0,2.15,73.81,1
2011,3,11,-22.5,0.875,NA,0,5.02,0.75,167.5,1,NA,0,2.4,142.13,0.75
2011,3,12,-22.2,1,NA,0,5.03,0.875,65.75,1,NA,0,4.6,20.48,0.875
2011,3,13,-22.16,0.625,NA,0,1.97,1,80.12,1,NA,0,1.75,81.33,1
2011,3,14,-21.18,1,NA,0,4.94,1,133.88,1,NA,0,4.55,135.42,1
2011,3,15,-20.6,0.875,NA,0,1.49,1,100.12,1,NA,0,0.16,30.45,1
2011,3,16,-24.73,0.5,NA,0,1.8,1,136.38,1,NA,0,1.79,2.77,1
2011,3,17,-23.38,0.75,NA,0,1.38,1,272.88,1,NA,0,1.33,258.06,1
2011,3,18,-26.43,1,NA,0,4.18,1,52.62,1,NA,0,3.67,21.18,1
2011,3,19,-23.4,0.75,NA,0,3.91,0.875,85.62,1,NA,0,3.08,19.25,0.875
2011,3,20,-15.26,0.625,NA,0,3.14,1,94.25,1,NA,0,3.09,102.85,1
2011,3,21,-12.94,0.875,NA,0,0.49,1,94.75,1,NA,0,0.31,68.88,1
2011,3,22,-18.54,1,NA,0,1.44,1,94.12,1,NA,0,1.33,83.33,1
2011,3,23,-18.52,0.75,NA,0,1.19,1,121.38,1,NA,0,0.84,71.86,1
2011,3,24,-16.6,1,NA,0,0.55,1,108.88,1,NA,0,0.52,99.26,1
2011,3,25,-23,0.875,NA,0,NA,0,148.5,1,NA,0,NA,NA,0
2011,3,26,-30.79,0.875,NA,0,1.5,0.25,99.5,1,NA,0,1.5,249,0.25
2011,3,27,-32.55,0.75,NA,0,1.47,0.875,54,1,NA,0,1.44,52.81,0.875
2011,3,28,-17.37,0.75,NA,0,1.49,1,68.75,1,NA,0,1.47,64.69,1
2011,3,29,-26.3,0.5,NA,0,2.54,1,69.5,1,NA,0,2.23,68.61,1
2011,3,30,-30.12,0.625,NA,0,0.75,0.25,74.25,1,NA,0,0.75,87,0.25
2011,3,31,-28.93,1,NA,0,2.61,0.875,69.25,1,NA,0,2.58,73.76,0.875
2011,4,1,-28.17,0.75,NA,0,0.88,0.75,63,1,NA,0,0.88,65.57,0.75
2011,4,2,-25.13,0.875,NA,0,NA,0.125,174.12,1,NA,0,NA,NA,0.125
2011,4,3,-29.19,0.875,NA,0,1.32,0.625,43.38,1,NA,0,1.3,26.16,0.625
2011,4,4,-32.48,0.75,NA,0,NA,0,157.62,1,NA,0,NA,NA,0
2011,4,5,-26.8,0.625,NA,0,3.9,0.5,61.75,1,NA,0,3.83,57.38,0.5
2011,4,6,-27.24,0.875,NA,0,1.43,0.375,61.25,1,NA,0,1.43,55.35,0.375
2011,4,7,-27.68,0.625,NA,0,7.82,0.5,34.25,1,NA,0,7.47,17.83,0.5
2011,4,8,-38.5,0.625,NA,0,6.2,0.375,179,1,NA,0,6.05,74.34,0.375
2011,4,9,-14.04,0.625,NA,0,7.68,1,114.5,1,NA,0,5.93,65.72,1
2011,4,10,-9.3,0.75,NA,0,10.9,0.875,36.12,1,NA,0,10.69,35.4,0.875
2011,4,11,-14.5,0.5,NA,0,5.85,0.25,16.67,0.375,NA,0,5.85,11.77,0.25
2011,4,12,-12.26,0.625,NA,0,12,0.625,73.33,0.75,NA,0,11.58,13.39,0.625
2011,4,13,-9.9,1,NA,0,9.65,0.5,29,0.625,NA,0,9.38,25,0.5
2011,4,14,-10.06,1,NA,0,NA,0,NA,0,NA,0,NA,NA,0
2011,4,15,-15.53,0.75,NA,0,NA,0,NA,0,NA,0,NA,NA,0
2011,4,16,-24.05,1,NA,0,NA,0,NA,0,NA,0,NA,NA,0
2011,4,17,-22.12,0.625,NA,0,NA,0,NA,0,NA,0,NA,NA,0
2011,4,18,-28.88,1,NA,0,NA,0,NA,0,NA,0,NA,NA,0
2011,4,19,-25.14,0.625,NA,0,NA,0,NA,0,NA,0,NA,NA,0
2011,4,20,-37.9,1,NA,0,NA,0,NA,0,NA,0,NA,NA,0
2011,4,21,-40.82,1,NA,0,NA,0,NA,0,NA,0,NA,NA,0
2011,4,22,-38.96,1,NA,0,NA,0,NA,0,NA,0,NA,NA,0
2011,4,23,-40.66,0.875,NA,0,NA,0,NA,0,NA,0,NA,NA,0
2011,4,24,-37.95,0.75,NA,0,NA,0,NA,0,NA,0,NA,NA,0
2011,4,25,-27.28,0.625,NA,0,NA,0,NA,0,NA,0,NA,NA,0
2011,4,26,-32.51,1,NA,0,NA,0,NA,0,NA,0,NA,NA,0
2011,4,27,-31.76,1,NA,0,NA,0,NA,0,NA,0,NA,NA,0
2011,4,28,-36.71,0.875,NA,0,NA,0,NA,0,NA,0,NA,NA,0
2011,4,29,-29.83,1,NA,0,NA,0,NA,0,NA,0,NA,NA,0
2011,4,30,-28.13,0.875,NA,0,NA,0,NA,0,NA,0,NA,NA,0
2011,5,1,-33.99,0.875,NA,0,NA,0,NA,0,NA,0,NA,NA,0
2011,5,2,-37.24,1,NA,0,NA,0,NA,0,NA,0,NA,NA,0
2011,5,3,-36.49,0.875,NA,0,NA,0,NA,0,NA,0,NA,NA,0
2011,5,4,-38.64,1,NA,0,NA,0,NA,0,NA,0,NA,NA,0
2011,5,5,-37.89,0.875,NA,0,NA,0,NA,0,NA,0,NA,NA,0
2011,5,6,-36.81,0.875,NA,0,NA,0,NA,0,NA,0,NA,NA,0
2011,5,7,-41.1,0.25,NA,0,1.13,0.75,41.5,0.75,NA,0,1.09,40.53,0.75
2011,5,8,-39.14,0.875,NA,0,NA,0.125,NA,0.125,NA,0,NA,NA,0.125
2011,5,9,-36.43,0.875,NA,0,1.6,0.375,80.12,1,NA,0,1.59,102.79,0.375
2011,5,10,-33.77,0.375,NA,0,1.26,1,91.62,1,NA,0,1.2,85.86,1
2011,5,11,-28.06,0.875,NA,0,1.27,0.375,79.25,1,NA,0,1.27,76.39,0.375
2011,5,12,-23.24,0.625,NA,0,0.82,0.5,98,0.75,NA,0,0.82,106.21,0.5
2011,5,13,-32.77,0.75,NA,0,NA,0,NA,0,NA,0,NA,NA,0
2011,5,14,-28.35,0.75,NA,0,NA,0,NA,0,NA,0,NA,NA,0
2011,5,15,-29.4,1,NA,0,NA,0,NA,0,NA,0,NA,NA,0
2011,5,16,-29.03,1,NA,0,NA,0,NA,0,NA,0,NA,NA,0
2011,5,17,-34.1,0.75,NA,0,NA,0.125,NA,0.125,NA,0,NA,NA,0.125
2011,5,18,-13.47,0.75,NA,0,NA,0,73.5,0.5,NA,0,NA,NA,0
2011,5,19,-12.02,0.75,NA,0,NA,0.125,26.5,0.5,NA,0,NA,NA,0.125
2011,5,20,-14.91,1,NA,0,NA,0,NA,0.125,NA,0,NA,NA,0
2011,5,21,-18.79,0.875,NA,0,NA,0,NA,0,NA,0,NA,NA,0
2011,5,22,-22.98,0.75,NA,0,NA,0,NA,0,NA,0,NA,NA,0
2011,5,23,-29.36,1,NA,0,NA,0,NA,0,NA,0,NA,NA,0
2011,5,24,-30.97,0.875,NA,0,NA,0,NA,0,NA,0,NA,NA,0
2011,5,25,-25.9,1,NA,0,NA,0,NA,0,NA,0,NA,NA,0
2011,5,26,-28.55,1,NA,0,NA,0,NA,0,NA,0,NA,NA,0
2011,5,27,-30.54,1,NA,0,NA,0,NA,0,NA,0,NA,NA,0
2011,5,28,-29.65,0.75,NA,0,NA,0,NA,0,NA,0,NA,NA,0
2011,5,29,-30.9,0.75,NA,0,NA,0,NA,0,NA,0,NA,NA,0
2011,5,30,-25.33,0.75,NA,0,NA,0,NA,0,NA,0,NA,NA,0
2011,5,31,-25.51,1,NA,0,NA,0,NA,0,NA,0,NA,NA,0
2011,6,1,-26.6,0.75,NA,0,NA,0,NA,0,NA,0,NA,NA,0
2011,6,2,-31.06,0.625,NA,0,NA,0,NA,0,NA,0,NA,NA,0
2011,6,3,-27.07,0.75,NA,0,NA,0,NA,0,NA,0,NA,NA,0
2011,6,4,-29.58,0.75,NA,0,NA,0,NA,0,NA,0,NA,NA,0
2011,6,5,-22.52,0.75,NA,0,NA,0,NA,0,NA,0,NA,NA,0
2011,6,6,-19.9,0.75,NA,0,NA,0,NA,0,NA,0,NA,NA,0
2011,6,7,-20.93,0.375,NA,0,NA,0,NA,0,NA,0,NA,NA,0
2011,6,8,-15.71,0.875,NA,0,NA,0,NA,0,NA,0,NA,NA,0
2011,6,9,-23.68,0.75,NA,0,NA,0,NA,0,NA,0,NA,NA,0
2011,6,10,-24.81,1,NA,0,NA,0,NA,0,NA,0,NA,NA,0
2011,6,11,-23.56,0.625,NA,0,NA,0,NA,0,NA,0,NA,NA,0
2011,6,12,-21.31,1,NA,0,NA,0,NA,0,NA,0,NA,NA,0
2011,6,13,-26.59,0.875,NA,0,NA,0,NA,0,NA,0,NA,NA,0
2011,6,14,-22.05,0.75,NA,0,NA,0,NA,0,NA,0,NA,NA,0
2011,6,15,-19.83,0.75,NA,0,NA,0,NA,0,NA,0,NA,NA,0
2011,6,16,-19.26,0.875,NA,0,NA,0,NA,0,NA,0,NA,NA,0
2011,6,17,-26.65,0.75,NA,0,NA,0,NA,0,NA,0,NA,NA,0
2011,6,18,-25.32,0.75,NA,0,NA,0,NA,0,NA,0,NA,NA,0
2011,6,19,-25.25,1,NA,0,NA,0,NA,0,NA,0,NA,NA,0
2011,6,20,-22.47,0.875,NA,0,NA,0,NA,0,NA,0,NA,NA,0
2011,6,21,-30.46,0.875,NA,0,NA,0,NA,0,NA,0,NA,NA,0
2011,6,22,-34.67,0.875,NA,0,NA,0,NA,0,NA,0,NA,NA,0
2011,6,23,-33.31,1,NA,0,NA,0,NA,0,NA,0,NA,NA,0
2011,6,24,-42.83,0.75,NA,0,NA,0,NA,0,NA,0,NA,NA,0
2011,6,25,-40.31,1,NA,0,NA,0,NA,0,NA,0,NA,NA,0
2011,6,26,-34.85,0.75,NA,0,NA,0,NA,0,NA,0,NA,NA,0
2011,6,27,-36.68,0.5,NA,0,NA,0,NA,0,NA,0,NA,NA,0
2011,6,28,-44.36,0.625,NA,0,NA,0,NA,0,NA,0,NA,NA,0
2011,6,29,-40.68,1,NA,0,NA,0,NA,0,NA,0,NA,NA,0
2011,6,30,-39.97,0.875,NA,0,NA,0,NA,0,NA,0,NA,NA,0
2011,7,1,-39.25,1,NA,0,NA,0,NA,0,NA,0,NA,NA,0
2011,7,2,-26.5,0.5,NA,0,NA,0,NA,0,NA,0,NA,NA,0
2011,7,3,-21.96,0.625,NA,0,NA,0,NA,0,NA,0,NA,NA,0
2011,7,4,-38.37,0.875,NA,0,NA,0,NA,0,NA,0,NA,NA,0
2011,7,5,-34.1,0.75,NA,0,NA,0,NA,0,NA,0,NA,NA,0
2011,7,6,-31.61,1,NA,0,NA,0,NA,0,NA,0,NA,NA,0
2011,7,7,-35.6,0.75,NA,0,NA,0,NA,0,NA,0,NA,NA,0
2011,7,8,-35.26,0.875,NA,0,NA,0,NA,0,NA,0,NA,NA,0
2011,7,9,-32.17,0.875,NA,0,NA,0,NA,0,NA,0,NA,NA,0
2011,7,10,-15.12,0.625,NA,0,NA,0,NA,0,NA,0,NA,NA,0
2011,7,11,-12.57,0.875,NA,0,NA,0,NA,0,NA,0,NA,NA,0
2011,7,12,-10.86,1,NA,0,NA,0,NA,0,NA,0,NA,NA,0
2011,7,13,-16.22,1,NA,0,NA,0,NA,0,NA,0,NA,NA,0
2011,7,14,-15.42,0.625,NA,0,NA,0,NA,0,NA,0,NA,NA,0
2011,7,15,-19.86,1,NA,0,NA,0,NA,0,NA,0,NA,NA,0
2011,7,16,-20.79,0.875,NA,0,NA,0,NA,0,NA,0,NA,NA,0
2011,7,17,-7.82,0.75,NA,0,NA,0,NA,0,NA,0,NA,NA,0
2011,7,18,-10.13,0.875,NA,0,NA,0,NA,0,NA,0,NA,NA,0
2011,7,19,-12.36,0.875,NA,0,NA,0,NA,0,NA,0,NA,NA,0
2011,7,20,-16.57,0.75,NA,0,NA,0,NA,0,NA,0,NA,NA,0
2011,7,21,-23.68,1,NA,0,NA,0,NA,0,NA,0,NA,NA,0
2011,7,22,-23.93,0.875,NA,0,NA,0,NA,0,NA,0,NA,NA,0
2011,7,23,-26.53,1,NA,0,NA,0,NA,0,NA,0,NA,NA,0
2011,7,24,-29.45,1,NA,0,NA,0,NA,0,NA,0,NA,NA,0
2011,7,25,-22.18,0.75,NA,0,NA,0,NA,0,NA,0,NA,NA,0
2011,7,26,-19.94,0.875,NA,0,NA,0,NA,0,NA,0,NA,NA,0
2011,7,27,-19.2,0.5,NA,0,NA,0,NA,0,NA,0,NA,NA,0
2011,7,28,-23.5,0.75,NA,0,NA,0,NA,0,NA,0,NA,NA,0
2011,7,29,-15.48,0.5,NA,0,NA,0,NA,0,NA,0,NA,NA,0
2011,7,30,-17.26,0.875,NA,0,NA,0,NA,0,NA,0,NA,NA,0
2011,7,31,-13.34,0.875,NA,0,NA,0,NA,0,NA,0,NA,NA,0
2011,8,1,-11.39,1,NA,0,NA,0,NA,0,NA,0,NA,NA,0
2011,8,2,-18.2,0.625,NA,0,NA,0,NA,0,NA,0,NA,NA,0
2011,8,3,-35.54,0.875,NA,0,NA,0,NA,0,NA,0,NA,NA,0
2011,8,4,-38.13,1,NA,0,NA,0,NA,0,NA,0,NA,NA,0
2011,8,5,-33.34,0.875,NA,0,NA,0,NA,0,NA,0,NA,NA,0
2011,8,6,-34.3,0.875,NA,0,NA,0,NA,0,NA,0,NA,NA,0
2011,8,7,-37.52,0.625,NA,0,NA,0,NA,0,NA,0,NA,NA,0
2011,8,8,-25.27,0.75,NA,0,NA,0,NA,0,NA,0,NA,NA,0
2011,8,9,-21.85,0.75,NA,0,NA,0,NA,0,NA,0,NA,NA,0
2011,8,10,-24.48,0.75,NA,0,NA,0,NA,0,NA,0,NA,NA,0
2011,8,11,-24.96,1,NA,0,NA,0,NA,0,NA,0,NA,NA,0
2011,8,12,-27.27,0.875,NA,0,NA,0,NA,0,NA,0,NA,NA,0
2011,8,13,-23.47,0.875,NA,0,NA,0,NA,0,NA,0,NA,NA,0
2011,8,14,-24.96,1,NA,0,NA,0,NA,0,NA,0,NA,NA,0
2011,8,15,-29.06,0.625,NA,0,NA,0,NA,0,NA,0,NA,NA,0
2011,8,16,-34.48,0.75,NA,0,NA,0,NA,0,NA,0,NA,NA,0
2011,8,17,-36.3,1,NA,0,NA,0,NA,0,NA,0,NA,NA,0
2011,8,18,-38.48,1,NA,0,NA,0,NA,0,NA,0,NA,NA,0
2011,8,19,-38.86,1,NA,0,NA,0,NA,0,NA,0,NA,NA,0
2011,8,20,-34.55,1,NA,0,NA,0,NA,0,NA,0,NA,NA,0
2011,8,21,-26.6,1,NA,0,NA,0,NA,0,NA,0,NA,NA,0
2011,8,22,-19.34,0.625,NA,0,NA,0,NA,0,NA,0,NA,NA,0
2011,8,23,-19.15,0.75,NA,0,NA,0,NA,0,NA,0,NA,NA,0
2011,8,24,-30.67,0.75,NA,0,NA,0,NA,0,NA,0,NA,NA,0
2011,8,25,-29.05,0.75,NA,0,NA,0,NA,0,NA,0,NA,NA,0
2011,8,26,-17.42,1,NA,0,NA,0,NA,0,NA,0,NA,NA,0
2011,8,27,-17.76,0.875,NA,0,NA,0,NA,0,NA,0,NA,NA,0
2011,8,28,-21.22,0.75,NA,0,NA,0,NA,0,NA,0,NA,NA,0
2011,8,29,-20.89,1,NA,0,NA,0,NA,0,NA,0,NA,NA,0
2011,8,30,-21.64,0.875,NA,0,NA,0,NA,0,NA,0,NA,NA,0
2011,8,31,-22.94,0.875,NA,0,NA,0,NA,0,NA,0,NA,NA,0
2011,9,1,-24.79,1,NA,0,NA,0,NA,0,NA,0,NA,NA,0
2011,9,2,-28.06,1,NA,0,NA,0,NA,0,NA,0,NA,NA,0
2011,9,3,-25.13,0.875,NA,0,NA,0,NA,0,NA,0,NA,NA,0
2011,9,4,-21.73,0.875,NA,0,NA,0,NA,0,NA,0,NA,NA,0
2011,9,5,-19.75,1,NA,0,NA,0,NA,0,NA,0,NA,NA,0
2011,9,6,-21.44,1,NA,0,NA,0,NA,0,NA,0,NA,NA,0
2011,9,7,-29.37,0.375,NA,0,NA,0,NA,0,NA,0,NA,NA,0
2011,9,8,-18.33,0.75,NA,0,NA,0,NA,0,NA,0,NA,NA,0
2011,9,9,-15.18,0.75,NA,0,NA,0,NA,0,NA,0,NA,NA,0
2011,9,10,-14.84,1,NA,0,NA,0,NA,0,NA,0,NA,NA,0
2011,9,11,-22.05,1,NA,0,NA,0,NA,0,NA,0,NA,NA,0
2011,9,12,-25.19,1,NA,0,NA,0,NA,0,NA,0,NA,NA,0
2011,9,13,-22.51,1,NA,0,NA,0,NA,0,NA,0,NA,NA,0
2011,9,14,-24.1,0.875,NA,0,NA,0,NA,0,NA,0,NA,NA,0
2011,9,15,-30.76,0.625,NA,0,NA,0,NA,0,NA,0,NA,NA,0
2011,9,16,-42.54,0.625,NA,0,NA,0,NA,0,NA,0,NA,NA,0
2011,9,17,-45.18,0.625,NA,0,NA,0,NA,0,NA,0,NA,NA,0
2011,9,18,-42.68,0.75,NA,0,NA,0,NA,0,NA,0,NA,NA,0
2011,9,19,-45.37,0.375,NA,0,NA,0,NA,0,NA,0,NA,NA,0
2011,9,20,-51.13,0.875,NA,0,NA,0,NA,0,NA,0,NA,NA,0
2011,9,21,-47.4,0.625,NA,0,NA,0,NA,0,NA,0,NA,NA,0
2011,9,22,-49.18,1,NA,0,NA,0,NA,0,NA,0,NA,NA,0
2011,9,23,-47.04,1,NA,0,NA,0,NA,0,NA,0,NA,NA,0
2011,9,24,-51.16,0.625,NA,0,NA,0,NA,0,NA,0,NA,NA,0
2011,9,25,-39.6,0.5,NA,0,NA,0,NA,0,NA,0,NA,NA,0
2011,9,26,-36.25,0.5,NA,0,NA,0,NA,0,NA,0,NA,NA,0
2011,9,27,-45.17,0.375,NA,0,NA,0,NA,0,NA,0,NA,NA,0
2011,9,28,-41.08,0.625,NA,0,NA,0,NA,0,NA,0,NA,NA,0
2011,9,29,-39.47,0.375,NA,0,NA,0,NA,0,NA,0,NA,NA,0
2011,9,30,-26.73,0.5,NA,0,NA,0,NA,0,NA,0,NA,NA,0
2011,10,1,-14.63,1,NA,0,NA,0,NA,0,NA,0,NA,NA,0
2011,10,2,-14.25,0.75,NA,0,NA,0,NA,0,NA,0,NA,NA,0
2011,10,3,-16.88,0.625,NA,0,NA,0,NA,0,NA,0,NA,NA,0
2011,10,4,-11.37,0.875,NA,0,NA,0,NA,0,NA,0,NA,NA,0
2011,10,5,-12.96,0.875,NA,0,NA,0,NA,0,NA,0,NA,NA,0
2011,10,6,-15.2,0.75,NA,0,NA,0,NA,0,NA,0,NA,NA,0
2011,10,7,-15.12,0.625,NA,0,NA,0,NA,0,NA,0,NA,NA,0
2011,10,8,-15.76,0.625,NA,0,NA,0,NA,0,NA,0,NA,NA,0
2011,10,9,-17.86,0.875,NA,0,NA,0,NA,0,NA,0,NA,NA,0
2011,10,10,-20.16,0.875,NA,0,NA,0,NA,0,NA,0,NA,NA,0
2011,10,11,-20.2,0.75,NA,0,NA,0,NA,0,NA,0,NA,NA,0
2011,10,12,-20.46,1,NA,0,NA,0,NA,0,NA,0,NA,NA,0
2011,10,13,-21.65,0.75,NA,0,NA,0,NA,0,NA,0,NA,NA,0
2011,10,14,-20.73,0.75,NA,0,NA,0,NA,0,NA,0,NA,NA,0
2011,10,15,-23.6,0.75,NA,0,NA,0,NA,0,NA,0,NA,NA,0
2011,10,16,-24.47,0.75,NA,0,NA,0,NA,0,NA,0,NA,NA,0
2011,10,17,-31.34,0.625,NA,0,NA,0,NA,0,NA,0,NA,NA,0
2011,10,18,-24.85,0.5,NA,0,NA,0,NA,0,NA,0,NA,NA,0
2011,10,19,-27.2,0.75,NA,0,NA,0,NA,0,NA,0,NA,NA,0
2011,10,20,-22.58,0.5,NA,0,NA,0,NA,0,NA,0,NA,NA,0
2011,10,21,-26.43,0.5,NA,0,NA,0,NA,0,NA,0,NA,NA,0
2011,10,22,-30.6,0.75,NA,0,NA,0,NA,0,NA,0,NA,NA,0
2011,10,23,-24.75,0.75,NA,0,NA,0,NA,0,NA,0,NA,NA,0
2011,10,24,-27.26,0.625,NA,0,NA,0,NA,0,NA,0,NA,NA,0
2011,10,25,-19.13,0.875,NA,0,NA,0,NA,0,NA,0,NA,NA,0
2011,10,26,-25.05,0.5,NA,0,NA,0,NA,0,NA,0,NA,NA,0
2011,10,27,-27.1,1,NA,0,NA,0,NA,0,NA,0,NA,NA,0
2011,10,28,-29.28,1,NA,0,NA,0,NA,0,NA,0,NA,NA,0
2011,10,29,-29.97,0.75,NA,0,NA,0,NA,0,NA,0,NA,NA,0
2011,10,30,-26.15,0.5,NA,0,NA,0,NA,0,NA,0,NA,NA,0
2011,10,31,-18.12,0.625,NA,0,NA,0,NA,0,NA,0,NA,NA,0
2011,11,1,-21.85,0.75,NA,0,NA,0,NA,0,NA,0,NA,NA,0
2011,11,2,-17.71,0.875,NA,0,NA,0,NA,0,NA,0,NA,NA,0
2011,11,3,-16.51,0.875,NA,0,NA,0,NA,0,NA,0,NA,NA,0
2011,11,4,-16.03,0.5,NA,0,NA,0,NA,0,NA,0,NA,NA,0
2011,11,5,-19.99,1,NA,0,NA,0,NA,0,NA,0,NA,NA,0
2011,11,6,-18.84,0.875,NA,0,NA,0,NA,0,NA,0,NA,NA,0
2011,11,7,-19.01,0.875,NA,0,NA,0,NA,0,NA,0,NA,NA,0
2011,11,8,-17.73,0.875,NA,0,NA,0,NA,0,NA,0,NA,NA,0
2011,11,9,-17.05,0.5,NA,0,NA,0,NA,0,NA,0,NA,NA,0
2011,11,10,-13.2,0.625,NA,0,NA,0,NA,0,NA,0,NA,NA,0
2011,11,11,-17.32,0.625,NA,0,NA,0,NA,0,NA,0,NA,NA,0
2011,11,12,-16.7,0.625,NA,0,NA,0,NA,0,NA,0,NA,NA,0
2011,11,13,-16.33,0.75,NA,0,NA,0,NA,0,NA,0,NA,NA,0
2011,11,14,-15.69,0.875,NA,0,NA,0,NA,0,NA,0,NA,NA,0
2011,11,15,-14.33,0.75,NA,0,NA,0,NA,0,NA,0,NA,NA,0
2011,11,16,-14.45,0.25,NA,0,NA,0,NA,0,NA,0,NA,NA,0
2011,11,17,-11.4,0.625,NA,0,NA,0,NA,0,NA,0,NA,NA,0
2011,11,18,-11.23,0.75,NA,0,NA,0,NA,0,NA,0,NA,NA,0
2011,11,19,-10.45,0.75,NA,0,NA,0,NA,0,NA,0,NA,NA,0
2011,11,20,-9.67,0.75,NA,0,NA,0,NA,0,NA,0,NA,NA,0
2011,11,21,-10.48,0.625,NA,0,NA,0,NA,0,NA,0,NA,NA,0
2011,11,22,-10.58,0.5,NA,0,6.85,0.25,61,0.25,NA,0,6.62,58.2,0.25
2011,11,23,-12.26,0.875,NA,0,NA,0.125,NA,0.125,NA,0,NA,NA,0.125
2011,11,24,-12,1,NA,0,1.83,0.875,111,0.875,NA,0,1.79,104.66,0.875
2011,11,25,-10.83,0.75,NA,0,1.96,1,90,1,NA,0,1.89,78.41,1
2011,11,26,-10.73,0.75,NA,0,3.8,0.25,57,0.25,NA,0,3.79,57,0.25
2011,11,27,-6.37,0.75,NA,0,NA,0,NA,0,NA,0,NA,NA,0
2011,11,28,-8.23,0.75,NA,0,3.67,0.375,184.67,0.375,NA,0,3.66,184.58,0.375
2011,11,29,-9.75,0.75,NA,0,0.8,0.75,207.25,1,NA,0,0.67,250.81,0.75
2011,11,30,-10.25,0.75,NA,0,7.99,1,16.75,1,NA,0,7.96,17.31,1
2011,12,1,-11.07,0.75,NA,0,4.5,1,46.12,1,NA,0,4.27,45.14,1
2011,12,2,-10.96,0.625,NA,0,3.21,1,71,1,NA,0,3.15,71.81,1
2011,12,3,-10.02,0.75,NA,0,4.44,1,80.5,1,NA,0,3.97,24.75,1
2011,12,4,NA,0.125,NA,0,0.58,1,62.25,1,NA,0,0.45,81.17,1
2011,12,5,NA,0.125,NA,0,1.41,1,140.38,1,NA,0,1.25,165.52,1
2011,12,6,NA,0.125,NA,0,1.35,1,131.25,1,NA,0,1.18,25.96,1
2011,12,7,-11.53,0.5,NA,0,2.41,1,51.5,1,NA,0,2.39,52.26,1
2011,12,8,NA,0,NA,0,0.25,0.25,23.5,0.25,NA,0,0.25,37,0.25
2011,12,9,NA,0.125,NA,0,NA,0,NA,0,NA,0,NA,NA,0
2011,12,10,NA,0,NA,0,NA,0,NA,0,NA,0,NA,NA,0
2011,12,11,NA,0.125,NA,0,1.6,0.75,223.33,0.75,NA,0,1.22,341.35,0.75
2011,12,12,-9.93,0.875,NA,0,3.28,1,106.38,1,NA,0,2.47,73.07,1
2011,12,13,-9.39,1,NA,0,4.29,1,171.25,1,NA,0,4,164.94,1
2011,12,14,-12.13,0.875,NA,0,4.34,1,152,1,NA,0,3.68,16.95,1
2011,12,15,-12.98,0.75,NA,0,4.05,1,144,1,NA,0,2.76,150.06,1
2011,12,16,-14.77,0.875,NA,0,4.08,1,139,1,NA,0,3.82,140.17,1
2011,12,17,-12.07,0.75,NA,0,3.81,1,182.5,1,NA,0,3.32,176.12,1
2011,12,18,-12.83,1,NA,0,3.51,0.875,105.38,1,NA,0,3.08,122.38,0.875
2011,12,19,-14.62,0.625,NA,0,5.11,1,221.25,1,NA,0,3.31,310.69,1
2011,12,20,-6.59,1,NA,0,8.96,1,216.88,1,NA,0,8.88,216.32,1
2011,12,21,-7.51,1,NA,0,9.4,0.875,215,1,NA,0,8.13,205.93,0.875
2011,12,22,-7.06,1,NA,0,6.74,1,255,1,NA,0,4.77,251.93,1
2011,12,23,-5.94,1,NA,0,4.6,0.875,193.75,1,NA,0,1.56,351.13,0.875
2011,12,24,-4.35,1,NA,0,5,1,177.88,1,NA,0,4.06,343.86,1
2011,12,25,-5.18,1,NA,0,6.85,1,204,1,NA,0,6.36,206.01,1
2011,12,26,-5.4,0.75,NA,0,3.14,1,161.25,1,NA,0,3.05,161.94,1
2011,12,27,NA,0.125,NA,0,1.43,1,269.25,1,NA,0,1.29,273.41,1
2011,12,28,-6.5,0.625,NA,0,2.26,1,164.25,1,NA,0,1.81,148.48,1
2011,12,29,-6.95,1,NA,0,3.9,1,179.12,1,NA,0,3.62,173.59,1
2011,12,30,-9.08,0.5,NA,0,1.95,1,243.5,1,NA,0,1.83,231.52,1
2011,12,31,-9.21,0.875,NA,0,2.42,1,239.38,1,NA,0,2.27,237.62,1
2012,1,1,-7.8,0.875,900.22,1,3.65,1,228.12,1,81.46,1,3.55,226.65,1
2012,1,2,-9.14,1,904.99,1,5.39,1,228.12,1,79.93,1,5.23,225.96,1
2012,1,3,-7.69,1,905.28,1,5.84,1,227.75,1,82.68,1,5.45,221.82,1
2012,1,4,-10.15,1,897.56,1,5.39,1,325.62,1,78,1,5.05,326.61,1
2012,1,5,-9.37,0.875,889.78,1,5.49,1,238,1,78.5,1,5.46,238.08,1
2012,1,6,-7.03,0.875,889.51,1,2.91,1,139.62,1,77.8,1,1.31,106.56,1
2012,1,7,-6.62,0.75,894.39,1,2.25,1,196.25,1,83.46,1,2.01,203.39,1
2012,1,8,-6.9,1,902.26,1,5.03,1,179.38,1,85.5,1,4.73,177.57,1
2012,1,9,-7.56,1,904.05,1,5.79,1,241.5,1,83.94,1,4.85,242.16,1
2012,1,10,-8.08,1,905.49,1,5.05,0.75,93.62,1,86.14,1,4.05,89.45,0.75
2012,1,11,-9.53,0.75,911.46,1,3.21,0.875,75.14,0.875,85.86,1,2.85,82.04,0.875
2012,1,12,-10.72,0.75,907.9,1,2.19,1,107.88,1,83.78,1,1.97,109.46,1
2012,1,13,-11.91,1,900.59,1,5.41,1,98.75,1,83.58,1,5.28,10.48,1
2012,1,14,-13.38,0.625,897.76,1,4.46,1,34.62,1,77.75,1,4.32,29.35,1
2012,1,15,-12.75,0.75,903.45,1,2.55,1,63.38,1,71.73,1,2.5,19.94,1
2012,1,16,-12.48,0.625,905.62,1,1.95,1,101.62,1,49.59,1,0.89,98.61,1
2012,1,17,-15.6,0.625,902.28,1,1.76,0.875,186.43,0.875,66.14,1,1.71,173.16,0.875
2012,1,18,-14.5,0.25,900.51,1,1.6,1,63.62,1,57.84,1,0.96,33.45,1
2012,1,19,-15,0.375,897.59,1,1.79,0.875,251.71,0.875,68.31,1,1.43,248.22,0.875
2012,1,20,-14.16,0.875,896.7,1,2.96,1,227.12,1,63.95,1,2.91,225.1,1
2012,1,21,-13.2,0.5,898.1,1,2.22,1,216.38,1,67.63,1,0.88,0.56,1
2012,1,22,-14.8,0.625,899.48,1,2.86,0.875,223.14,0.875,79.52,1,1.86,0.69,0.875
2012,1,23,-14.07,0.75,900.91,1,4.43,0.875,179.38,1,80.59,1,4.24,2.91,0.875
2012,1,24,-12.48,0.75,900.51,1,2.79,1,127.62,1,80.2,1,2.14,82.99,1
2012,1,25,-8.73,1,899.79,1,5.41,1,24.62,1,85.88,1,5.33,22.66,1
2012,1,26,-10.83,0.875,898.71,1,2.76,1,80.38,1,82.75,1,1.92,69.74,1
2012,1,27,-10.75,1,897.83,1,2.81,1,61.5,1,82.61,1,2.64,62.35,1
2012,1,28,-9.6,0.75,893.96,1,3.34,0.875,83.57,0.875,76.14,1,3.14,87.94,0.875
2012,1,29,-7.98,1,885.79,1,4.7,1,251.5,1,82.55,1,2.39,346.53,1
2012,1,30,-10.36,1,894.56,1,7.92,1,139,1,80.19,1,5.03,27.18,1
2012,1,31,-9.23,1,885.4,1,5.4,1,83.12,1,85.46,1,4.28,32.01,1
2012,2,1,-12.85,0.75,898.23,1,4.25,1,18.62,1,83.14,1,4.19,17.66,1
2012,2,2,-13.44,0.625,900.24,1,2.93,0.875,100.25,1,80.26,1,2.1,72.55,0.875
2012,2,3,-17.2,0.875,885.46,1,3.97,0.875,201.38,1,79.21,1,3,219.65,0.875
2012,2,4,-19.04,1,888.04,1,4.36,1,41.25,1,78.05,1,4.3,41.06,1
2012,2,5,-16.78,1,897.34,1,5.24,1,49.88,1,79.88,1,5.02,45.21,1
2012,2,6,-18.23,0.75,899.66,1,3.78,1,120.25,1,78.1,1,3.43,113.95,1
2012,2,7,-13.44,1,903.35,1,5.4,1,106.5,1,65.44,1,5.28,104,1
2012,2,8,-13.56,1,898.17,1,4.06,1,138.88,1,58.93,1,3.89,138.78,1
2012,2,9,-18.18,0.75,900.58,1,4.78,1,61.12,1,70.48,1,4.13,52.13,1
2012,2,10,-15.96,0.625,902.63,1,3.1,1,98.75,1,72.64,1,2.17,97.2,1
2012,2,11,-16.48,1,897.8,1,3.49,1,214,1,75.86,1,3.47,213.59,1
2012,2,12,-14.17,0.75,910.94,1,3.84,1,121.12,1,77.15,1,2.97,91.06,1
2012,2,13,-14.02,0.625,921.9,1,2.69,1,140.12,1,80.73,1,2.24,23.85,1
2012,2,14,NA,0.125,921.09,1,1.26,1,96.62,1,82.41,1,0.82,41.83,1
2012,2,15,-13.95,0.5,914.53,1,2.09,1,70.88,1,74.23,1,2.01,76.39,1
2012,2,16,-13.16,1,913.97,1,6.2,1,130.38,1,70.38,1,6.11,130.9,1
2012,2,17,-3.6,0.875,911.95,1,8.06,1,27.75,1,90.44,1,7.62,26.25,1
2012,2,18,-4.93,0.75,918.05,1,4.05,0.75,157.12,1,89.48,1,1.11,12.33,0.75
2012,2,19,-2.77,0.375,916.55,1,1.77,1,216.25,1,91.05,1,1.64,209.62,1
2012,2,20,-8.41,0.875,904.13,1,3.85,1,61.25,1,81.18,1,3.59,54.25,1
2012,2,21,-13.36,1,905.5,1,5.09,1,59.12,1,77.74,1,4.76,57.03,1
2012,2,22,-10.56,1,902.05,1,4.16,1,69.62,1,78.23,1,3.9,68.21,1
2012,2,23,-9.02,0.625,895.51,1,2.29,0.875,100.57,0.875,84.1,1,2.12,53.56,0.875
2012,2,24,-9.2,0.25,900.57,1,1.84,1,141.62,1,86.58,1,1.67,10.11,1
2012,2,25,-13.18,0.625,914.5,1,3.6,1,217.12,1,82.86,1,3.46,358.39,1
2012,2,26,-15.76,0.625,911.74,1,2.74,1,141.25,1,72.84,1,2.12,122.47,1
2012,2,27,-16.34,1,904.93,1,3.22,1,260.25,1,80.11,1,2.39,247.1,1
2012,2,28,-23.7,0.25,899.01,1,2.72,1,148.88,1,76.15,1,1.55,166,1
2012,2,29,-21.88,0.625,899.51,1,2.69,1,271.75,1,74.44,1,2.46,306.4,1
2012,3,1,-26.56,1,906.73,1,2.53,0.875,281.29,0.875,72.14,1,2.14,337.38,0.875
2012,3,2,-23.74,1,912.49,1,5.62,1,39.75,1,74.24,1,5.46,42.32,1
2012,3,3,-23.49,1,909.3,1,5.38,1,90.38,1,72.35,1,5.18,88.13,1
2012,3,4,-21.95,1,906.94,1,4.99,1,72.5,1,65.08,1,4.94,72.69,1
2012,3,5,-15.69,1,899.5,1,5.61,1,66.25,1,58.84,1,4.49,80.56,1
2012,3,6,-13.65,0.75,901.1,1,5.19,1,118.62,1,81.78,1,4.29,29.1,1
2012,3,7,-21.65,1,903.36,1,3.26,1,206.12,1,76.08,1,2.85,202.24,1
2012,3,8,-24.27,0.875,895.55,1,4.06,1,190.12,1,74.36,1,4.02,188.56,1
2012,3,9,-16.41,0.875,898.33,1,2.8,0.875,93.62,1,74.63,1,2.72,92.68,0.875
2012,3,10,-17.01,0.875,896.84,1,5.22,1,91.5,1,69.85,1,4.92,93.97,1
2012,3,11,-13.13,1,894.7,1,2.12,1,182.12,1,59.49,1,0.9,17.16,1
2012,3,12,-14.12,0.75,899.28,1,3.84,1,60.75,1,75.16,1,3.5,56.96,1
2012,3,13,-11.47,0.875,899.78,1,2.58,1,158.88,1,66.4,1,1.94,84.15,1
2012,3,14,-15.77,0.875,899.04,1,1.97,0.75,279,0.75,76.88,1,1.86,338.44,0.75
2012,3,15,-16.19,0.875,900.39,1,NA,0,NA,0,81.35,1,NA,NA,0
2012,3,16,-16.93,0.875,901.37,1,NA,0,NA,0,80.15,1,NA,NA,0
2012,3,17,-17.41,1,905.36,1,1.59,0.875,238.57,0.875,70.51,1,0.77,276.21,0.875
2012,3,18,-19.96,0.875,906.18,1,5.71,0.875,154.57,0.875,74.43,1,5.11,122.17,0.875
2012,3,19,-20,1,899.1,1,3.72,1,182.5,1,76.73,1,1.85,136.58,1
2012,3,20,-23.96,0.875,902.06,1,2.15,1,72,1,73.65,1,1.89,67.63,1
2012,3,21,-26.13,0.75,902.75,1,NA,0.125,NA,0.125,72.71,1,NA,NA,0.125
2012,3,22,-27.52,0.75,901.39,1,2.01,1,212.62,1,69.64,1,1.24,351.62,1
2012,3,23,-34.81,0.875,910.91,1,2.11,1,87.38,1,67.09,1,1.84,22.88,1
2012,3,24,-33.24,1,906.32,1,NA,0,NA,0,67.49,1,NA,NA,0
2012,3,25,-22.35,0.75,905.62,1,NA,0,NA,0,75.51,1,NA,NA,0
2012,3,26,-23.42,1,901.21,1,3.74,0.875,124.86,0.875,75.04,1,3.59,112.3,0.875
2012,3,27,-17.88,0.625,884.31,1,5.32,0.75,101.25,1,68.5,1,4.15,110.11,0.75
2012,3,28,-12.22,0.75,888.95,1,4.61,1,30.38,1,84.55,1,4.41,31.8,1
2012,3,29,-14.75,1,896.89,1,1.62,1,61.38,1,82.55,1,1.59,68.95,1
2012,3,30,-16.3,0.875,904.11,1,0.65,0.25,23.5,0.5,81.23,1,0.65,37.46,0.25
2012,3,31,-18.46,1,911.4,1,NA,0,52,0.25,79.3,1,NA,NA,0
2012,4,1,-14.83,1,910.09,1,3.68,1,109.38,1,71.06,1,3.63,110.68,1
2012,4,2,-18.7,0.875,910.04,1,1.95,0.5,120.25,0.5,79.1,1,1.94,118.65,0.5
2012,4,3,-16.3,1,912.44,1,2.38,1,202.62,1,49.91,1,2,197.18,1
2012,4,4,-20.16,1,913.62,1,2.94,1,172.88,1,56.69,1,2.48,163.8,1
2012,4,5,-23.9,1,909.33,1,5.44,1,122.38,1,56.88,1,5.39,123.73,1
2012,4,6,-21.3,0.875,903.99,1,3.78,1,141,1,72.1,1,3.03,122.89,1
2012,4,7,-19.06,1,907.25,1,NA,0,NA,0,78.8,1,NA,NA,0
2012,4,8,-27.4,0.75,913.66,1,NA,0,NA,0,72.49,1,NA,NA,0
2012,4,9,-24.83,0.75,909.95,1,NA,0,NA,0,74,1,NA,NA,0
2012,4,10,-19.43,0.75,903.69,1,NA,0,NA,0,78.11,1,NA,NA,0
2012,4,11,-19.77,0.875,896.2,1,NA,0,NA,0,77.79,1,NA,NA,0
2012,4,12,-23.28,1,888.05,1,NA,0,NA,0,75.6,1,NA,NA,0
2012,4,13,-23.53,0.75,889.7,1,NA,0,NA,0,75.26,1,NA,NA,0
2012,4,14,-21.3,0.875,891.64,1,NA,0,NA,0,77.66,1,NA,NA,0
2012,4,15,-27.53,0.75,892,1,NA,0,NA,0,72.73,1,NA,NA,0
2012,4,16,-24.9,1,895.04,1,NA,0,NA,0,74.25,1,NA,NA,0
2012,4,17,-22.88,0.625,893.04,1,NA,0,NA,0,74.48,1,NA,NA,0
2012,4,18,-26.47,0.75,894.91,1,NA,0,NA,0,72.43,1,NA,NA,0
2012,4,19,-22.61,1,896.33,1,NA,0,NA,0,75.34,1,NA,NA,0
2012,4,20,-25.35,0.75,886.48,1,3.45,0.25,91.67,0.375,75,1,3.45,91.27,0.25
2012,4,21,-22.44,0.625,877.07,1,4.21,1,78.62,1,75.04,1,4.11,76.21,1
2012,4,22,-24.44,0.625,887.75,1,2.28,0.625,34.6,0.625,73.66,1,2.21,36.4,0.625
2012,4,23,-26.3,0.625,879.66,1,1.8,0.75,191.67,0.75,74.61,1,0.08,33.6,0.75
2012,4,24,-27.3,0.625,877.84,1,3.49,1,48.25,1,72.33,1,3.46,47.18,1
2012,4,25,-24.83,0.375,883.99,1,1.75,0.25,42.5,0.25,76.28,1,1.75,46.74,0.25
2012,4,26,-22.03,0.75,884.22,1,NA,0,NA,0,74.51,1,NA,NA,0
2012,4,27,-27.71,1,901.21,1,NA,0,NA,0,71.86,1,NA,NA,0
2012,4,28,-25.88,0.625,901.2,1,NA,0,NA,0,73.6,1,NA,NA,0
2012,4,29,-26.25,1,896.07,1,NA,0,NA,0,73.29,1,NA,NA,0
2012,4,30,-24.99,1,910.79,1,NA,0,NA,0,74.03,1,NA,NA,0
2012,5,1,-18.96,1,899.51,1,1.5,1,86.5,1,78.76,1,1.38,52.61,1
2012,5,2,-20.5,1,891.19,1,1.07,1,77.88,1,77.45,1,1.03,43.2,1
2012,5,3,-22.8,0.375,885.85,1,1.11,1,47.62,1,73.6,1,1.05,46.17,1
2012,5,4,-19.87,0.75,876.35,1,1.21,1,47.12,1,77.15,1,1.17,47.41,1
2012,5,5,-24.13,0.75,884.6,1,0.69,1,71,1,75.5,1,0.68,71.44,1
2012,5,6,-17.78,1,881.8,1,4.01,0.875,81.12,1,79.85,1,4,81.26,0.875
2012,5,7,-20.85,1,884,1,10.09,0.875,87.88,1,76.76,1,9.98,87.05,0.875
2012,5,8,-20.44,1,897.24,1,6.94,0.625,112,1,73.85,1,6.53,116.46,0.625
2012,5,9,-18.98,1,897.66,1,8.35,1,93.5,1,64.23,1,8.25,95.27,1
2012,5,10,-18.14,0.875,902.89,1,8.5,1,99,1,63.94,1,7.9,100.48,1
2012,5,11,-15.16,1,898.99,1,11.64,1,92.75,1,73.24,1,11.61,92.56,1
2012,5,12,-20.79,1,896.65,1,8.1,0.875,91.75,1,67.48,1,8.07,92.25,0.875
2012,5,13,-23.83,1,903.4,1,5.79,1,65.12,1,74.45,1,5.74,65.41,1
2012,5,14,-18.37,0.75,908.9,1,0.22,0.75,86.33,0.75,80.18,1,0.21,90.37,0.75
2012,5,15,-21.1,0.625,902.09,1,0.33,0.375,196.67,0.375,76.81,1,0.28,218.24,0.375
2012,5,16,-27.31,1,907.71,1,NA,0,NA,0,72.31,1,NA,NA,0
2012,5,17,-26.24,1,914.25,1,NA,0,NA,0.125,72.93,1,NA,NA,0
2012,5,18,-20.37,1,899.93,1,NA,0,37.67,0.375,74.16,1,NA,NA,0
2012,5,19,-19.55,0.75,896.04,1,3.28,0.625,66.2,0.625,57.61,1,3.15,62.32,0.625
2012,5,20,-24.25,1,903.04,1,4.51,1,19.62,1,74.21,1,4.44,16.91,1
2012,5,21,-26.47,0.875,917.96,1,3.15,1,160.88,1,72.98,1,2.4,2.49,1
2012,5,22,-17.33,1,906.54,1,1.54,1,41.12,1,79.88,1,1.49,42.07,1
2012,5,23,-12.94,1,887.08,1,12.24,0.625,18.5,1,84.11,1,12.15,15.69,0.625
2012,5,24,-22.28,1,889.99,1,9.06,0.875,126.88,1,76.38,1,8.17,355,0.875
2012,5,25,-23.96,1,909.21,1,4.47,0.75,94,1,74.74,1,3.73,47.14,0.75
2012,5,26,-22.65,0.75,905.24,1,2.41,1,187.75,1,73.88,1,1.95,237.4,1
2012,5,27,-27.6,0.875,900.81,1,2.31,1,246.25,1,71.78,1,1.9,230.15,1
2012,5,28,-27.11,0.875,903.88,1,3.98,1,124.25,1,65.98,1,3.9,97.65,1
2012,5,29,-18.6,0.75,886.79,1,7.18,1,58.75,1,78.75,1,6.3,62.41,1
2012,5,30,-23.93,0.875,881.2,1,5.64,1,60.62,1,74.73,1,5.2,54.27,1
2012,5,31,-27.99,0.875,885.5,1,4,1,35,1,71.28,1,3.96,32.9,1
2012,6,1,-31.76,0.875,886.83,1,2.75,1,187.25,1,68.65,1,1.6,279.85,1
2012,6,2,-30.03,0.875,897.37,1,3.01,0.875,244.43,0.875,69.68,1,2.6,281.57,0.875
2012,6,3,-31.81,1,891.41,1,1.83,1,189.12,1,68.84,1,1.46,243.35,1
2012,6,4,-33.83,0.875,893.06,1,4.75,1,140.62,1,67.65,1,3.95,3.58,1
2012,6,5,-39.83,0.75,888.9,1,2.9,0.75,69.86,0.875,63.99,1,2.84,26.97,0.75
2012,6,6,-37.91,0.875,897.26,1,1.32,1,135.5,1,65.03,1,0.84,48.51,1
2012,6,7,-35.67,0.75,905.57,1,NA,0.125,NA,0.125,64.96,1,NA,NA,0.125
2012,6,8,-40.37,0.75,925.65,1,NA,0,NA,0,64.35,1,NA,NA,0
2012,6,9,-31.43,0.875,922.09,1,NA,0,NA,0,69.63,1,NA,NA,0
2012,6,10,-24.12,0.75,916.64,1,4.96,1,75.88,1,72.75,1,4.53,77.25,1
2012,6,11,-17.86,1,920.41,1,7.31,1,61.5,1,79.75,1,7.04,15.58,1
2012,6,12,-19.35,0.75,922.74,1,3.36,1,178.62,1,77.56,1,3.2,340.32,1
2012,6,13,-20.93,1,906.9,1,NA,0,NA,0,77.13,1,NA,NA,0
2012,6,14,-28.31,0.875,891.36,1,NA,0,NA,0,71.26,1,NA,NA,0
2012,6,15,-32.9,1,892.86,1,NA,0,NA,0,68.25,1,NA,NA,0
2012,6,16,-23.65,0.75,898.61,1,NA,0,NA,0,74.63,1,NA,NA,0
2012,6,17,-17.33,1,910.18,1,NA,0.125,NA,0.125,80.26,1,NA,NA,0.125
2012,6,18,-23.83,0.75,899.57,1,NA,0,NA,0,74.65,1,NA,NA,0
2012,6,19,-30.08,0.625,890.78,1,NA,0,NA,0,71.21,1,NA,NA,0
2012,6,20,-34.58,0.625,882.73,1,NA,0,21.67,0.375,67.89,1,NA,NA,0
2012,6,21,-29.14,0.875,885.85,1,NA,0,26.75,0.5,71,1,NA,NA,0
2012,6,22,-31.32,1,896.15,1,NA,0,NA,0,69.06,1,NA,NA,0
2012,6,23,-37.03,1,901.31,1,NA,0,NA,0,65.41,1,NA,NA,0
2012,6,24,-30.06,0.625,896.44,1,NA,0,NA,0,68.56,1,NA,NA,0
2012,6,25,-33,0.75,902.56,1,NA,0,NA,0,68.34,1,NA,NA,0
2012,6,26,-30.18,0.5,906.7,1,NA,0,NA,0,69.13,1,NA,NA,0
2012,6,27,-28.6,0.75,911.09,1,NA,0,NA,0,70.5,1,NA,NA,0
2012,6,28,-25.96,1,917.35,1,NA,0,NA,0,72.65,1,NA,NA,0
2012,6,29,-26.9,1,918.13,1,NA,0,NA,0,72.25,1,NA,NA,0
2012,6,30,-26.14,0.625,914.8,1,NA,0,NA,0,72.38,1,NA,NA,0
2012,7,1,-29.5,0.625,911.46,1,NA,0,NA,0,70.58,1,NA,NA,0
2012,7,2,-33.08,0.75,908.99,1,NA,0,NA,0,68.25,1,NA,NA,0
2012,7,3,-35.71,0.875,913.13,1,NA,0,NA,0,66.03,1,NA,NA,0
2012,7,4,-26.97,0.75,910.79,1,NA,0,NA,0,71.51,1,NA,NA,0
2012,7,5,-23.63,1,906.06,1,NA,0,NA,0,74.1,1,NA,NA,0
2012,7,6,-26.29,0.875,902.86,1,NA,0,NA,0,71.99,1,NA,NA,0
2012,7,7,-26.43,0.75,904.73,1,NA,0,NA,0,70.78,1,NA,NA,0
2012,7,8,-25.55,0.75,897.53,1,4.7,0.25,130.5,0.5,73.13,1,3.93,112.28,0.25
2012,7,9,-29.3,0.875,888.4,1,6.01,1,72.38,1,70.74,1,5.88,72.04,1
2012,7,10,-29.78,1,894.74,1,3,1,72.12,1,70.25,1,2.98,74.84,1
2012,7,11,-29.6,0.875,894.55,1,NA,0,NA,0,70.68,1,NA,NA,0
2012,7,12,-34.12,0.75,885.3,1,NA,0,NA,0,67.25,1,NA,NA,0
2012,7,13,-35.64,0.625,884.13,1,NA,0,NA,0,67.98,1,NA,NA,0
2012,7,14,-33.83,0.375,883.85,1,NA,0,NA,0,67.25,1,NA,NA,0
2012,7,15,-30.3,0.875,882.6,1,NA,0,NA,0,69.74,1,NA,NA,0
2012,7,16,-36.27,0.75,884.61,1,NA,0,15.5,0.25,65.63,1,NA,NA,0
2012,7,17,-36.65,1,886.59,1,NA,0,NA,0,65.38,1,NA,NA,0
2012,7,18,-33.44,0.875,880.95,1,NA,0,NA,0,68.13,1,NA,NA,0
2012,7,19,-37.58,0.75,892.32,1,NA,0,NA,0,65.49,1,NA,NA,0
2012,7,20,-40.02,0.625,890.54,1,NA,0,104.4,0.625,64.69,1,NA,NA,0
2012,7,21,-36.06,0.875,869.99,1,NA,0,38.38,1,65.84,1,NA,NA,0
2012,7,22,-29.92,0.75,877.78,1,NA,0,NA,0,70.94,1,NA,NA,0
2012,7,23,-32.14,0.625,884.36,1,NA,0,69.25,0.5,67.63,1,NA,NA,0
2012,7,24,-36.95,0.25,885.85,1,NA,0,43.88,1,63.9,1,NA,NA,0
2012,7,25,-36.76,1,889.06,1,NA,0,NA,0.125,65.38,1,NA,NA,0
2012,7,26,-34.19,0.875,887.88,1,NA,0,30.5,0.25,67.71,1,NA,NA,0
2012,7,27,-35.68,0.625,884.59,1,NA,0,24.33,0.375,65.01,1,NA,NA,0
2012,7,28,-43.69,0.875,887.19,1,NA,0,NA,0,61.84,1,NA,NA,0
2012,7,29,-38.68,1,883.68,1,NA,0,NA,0,63.94,1,NA,NA,0
2012,7,30,-38.53,1,880.84,1,NA,0,NA,0,64.43,1,NA,NA,0
2012,7,31,-36.51,0.875,888.46,1,NA,0,NA,0,65.88,1,NA,NA,0
2012,8,1,-26.88,0.75,885.9,1,NA,0,49,0.375,72.5,1,NA,NA,0
2012,8,2,-31.38,0.625,887.88,1,NA,0.125,NA,0.125,69.69,1,NA,NA,0.125
2012,8,3,-26.64,1,889.86,1,NA,0,NA,0,72.29,1,NA,NA,0
2012,8,4,-30.43,0.375,893.95,1,NA,0,NA,0,67.5,1,NA,NA,0
2012,8,5,-35.47,0.75,885.82,1,NA,0,0.67,0.375,66.19,1,NA,NA,0
2012,8,6,-44.86,0.875,893.25,1,NA,0,NA,0.125,60.93,1,NA,NA,0
2012,8,7,-41.27,0.875,899.68,1,NA,0,NA,0,63.23,1,NA,NA,0
2012,8,8,-41.9,0.875,889.84,1,NA,0,NA,0,62.23,1,NA,NA,0
2012,8,9,-46.21,0.875,897.11,1,NA,0,NA,0,59.5,1,NA,NA,0
2012,8,10,-44.19,0.875,907.95,1,NA,0,NA,0,61.25,1,NA,NA,0
2012,8,11,-41.06,0.875,909.64,1,NA,0,NA,0,62.33,1,NA,NA,0
2012,8,12,-31.97,0.5,884.6,1,NA,0,NA,0,68.35,1,NA,NA,0
2012,8,13,-34.85,0.5,891.65,1,NA,0,NA,0,65.06,1,NA,NA,0
2012,8,14,-37.95,0.75,887.78,1,NA,0,NA,0,64.46,1,NA,NA,0
2012,8,15,-33.97,0.875,881.38,1,NA,0,NA,0,67.75,1,NA,NA,0
2012,8,16,-30.31,0.875,894.35,1,NA,0,NA,0,69.21,1,NA,NA,0
2012,8,17,-33.71,1,898.54,1,NA,0,NA,0,67.63,1,NA,NA,0
2012,8,18,-40.06,0.875,895.16,1,NA,0,NA,0,63.88,1,NA,NA,0
2012,8,19,-43.64,0.875,893.88,1,NA,0,NA,0,61.75,1,NA,NA,0
2012,8,20,-32.6,0.875,887.88,1,NA,0,NA,0,68.13,1,NA,NA,0
2012,8,21,-29.32,0.75,894.56,1,NA,0.125,NA,0.125,71.25,1,NA,NA,0.125
2012,8,22,-15.55,1,888.56,1,NA,0,NA,0,81.99,1,NA,NA,0
2012,8,23,-19.68,0.625,897.5,1,NA,0,NA,0,76.9,1,NA,NA,0
2012,8,24,-26.45,0.75,906.29,1,NA,0.125,NA,0.125,74.65,1,NA,NA,0.125
2012,8,25,-18.63,1,907.53,1,NA,0,NA,0,79.25,1,NA,NA,0
2012,8,26,-22.98,1,905.99,1,NA,0,NA,0,74.91,1,NA,NA,0
2012,8,27,-23.91,1,903.36,1,NA,0.125,NA,0.125,74.51,1,NA,NA,0.125
2012,8,28,-27.56,0.875,905.61,1,0.76,0.625,166.2,0.625,72.15,1,0.72,43.12,0.625
2012,8,29,-18.86,0.625,904.68,1,2.16,1,50.75,1,78,1,2.07,49.66,1
2012,8,30,-18.89,1,903.45,1,2.49,1,55.62,1,79.25,1,2.43,60.9,1
2012,8,31,-17.2,1,902.79,1,1.14,1,53.62,1,79.99,1,1.12,54.16,1
2012,9,1,-21.03,1,898.11,1,1.85,1,97.12,1,77.38,1,1.44,106.17,1
2012,9,2,-21.73,0.75,892.95,1,1.14,0.875,27.86,0.875,74.94,1,1.13,25.54,0.875
2012,9,3,-29.3,0.625,890.98,1,1.16,1,68.62,1,71.34,1,0.95,23.04,1
2012,9,4,-23.37,0.875,900.94,1,0.86,0.625,112.71,0.875,75.11,1,0.64,177.46,0.625
2012,9,5,-25.75,1,901.03,1,NA,0,130,0.25,73.25,1,NA,NA,0
2012,9,6,-28.04,1,902.91,1,NA,0,NA,0,71.6,1,NA,NA,0
2012,9,7,-26.15,1,898.95,1,NA,0,NA,0,73.59,1,NA,NA,0
2012,9,8,-20.43,1,892.55,1,NA,0,NA,0,77.5,1,NA,NA,0
2012,9,9,-24.18,0.75,899.66,1,1.23,0.375,221.67,0.375,73.81,1,1.13,339.97,0.375
2012,9,10,-26.48,0.75,909.81,1,1.93,0.875,63,0.875,73.26,1,1.86,63.48,0.875
2012,9,11,-20.45,1,901.8,1,1.97,1,55,1,77.25,1,1.96,53.02,1
2012,9,12,-19.91,1,890.69,1,2.54,1,55.12,1,78,1,2.47,54.15,1
2012,9,13,-23.35,1,880.34,1,2.04,1,215,1,75.25,1,1.12,233.09,1
2012,9,14,-22.45,1,888.37,1,3.9,0.875,236.43,0.875,76,1,3.49,331,0.875
2012,9,15,-21.76,1,892.28,1,1.76,0.625,184.4,0.625,76.33,1,1.6,192.25,0.625
2012,9,16,-24.94,1,894.65,1,0.8,0.25,152,0.25,73.86,1,0.6,17.01,0.25
2012,9,17,-28.54,0.875,889.11,1,0.85,0.75,86.67,0.75,70.99,1,0.79,87.28,0.75
2012,9,18,-27.4,1,874.95,1,1.2,0.375,133.67,0.375,71.6,1,1.03,130.66,0.375
2012,9,19,-28.09,0.875,872.96,1,NA,0,NA,0,71.28,1,NA,NA,0
2012,9,20,-36.7,0.5,882.41,1,NA,0,NA,0,67.14,1,NA,NA,0
2012,9,21,-26.67,0.5,896,1,NA,0,NA,0,73.44,1,NA,NA,0
2012,9,22,-28.93,0.75,909.84,1,NA,0,115.33,0.375,71.63,1,NA,NA,0
2012,9,23,-31.3,0.875,901.4,1,NA,0,212,0.375,70.25,1,NA,NA,0
2012,9,24,-35.21,1,893.15,1,NA,0,NA,0,67.06,1,NA,NA,0
2012,9,25,-35.22,0.75,898.91,1,NA,0,NA,0,67.68,1,NA,NA,0
2012,9,26,-35.63,0.75,902.43,1,NA,0,NA,0,67.63,1,NA,NA,0
2012,9,27,-32.43,0.75,899.81,1,NA,0,NA,0,68.88,1,NA,NA,0
2012,9,28,-36.24,1,892.71,1,NA,0,NA,0,66.01,1,NA,NA,0
2012,9,29,-35,0.75,882.37,1,NA,0,NA,0,67.25,1,NA,NA,0
2012,9,30,-30.17,0.875,882.98,1,NA,0,NA,0,70.06,1,NA,NA,0
2012,10,1,-22.2,0.875,892.1,1,NA,0,NA,0,75.38,1,NA,NA,0
2012,10,2,-19.9,1,897.9,1,NA,0,33.25,0.5,78.5,1,NA,NA,0
2012,10,3,-21.74,1,894.8,1,NA,0,NA,0.125,76.56,1,NA,NA,0
2012,10,4,-16.99,1,882.07,1,0.95,0.25,31.5,0.25,80.81,1,0.95,32.68,0.25
2012,10,5,-17.13,0.875,881.61,1,2.64,1,49,1,79.74,1,2.54,44.76,1
2012,10,6,-19.07,0.875,898.07,1,1.15,0.75,32.67,0.75,79.84,1,1.15,32.54,0.75
2012,10,7,-19.89,0.875,898.43,1,2.51,1,46.38,1,78.91,1,2.4,48.2,1
2012,10,8,-11.76,0.875,888.05,1,4.74,1,39.62,1,85.5,1,4.69,37.26,1
2012,10,9,-14.98,1,876.78,1,3.25,1,87.38,1,83.25,1,1.51,35.26,1
2012,10,10,-19.33,0.875,885.24,1,7.67,0.875,165.12,1,78.76,1,7.26,350.83,0.875
2012,10,11,-21.75,1,889.33,1,5,1,61.12,1,77.4,1,4.64,54.25,1
2012,10,12,-17.9,0.75,885.25,1,2.3,1,113.75,1,81.79,1,1.75,83.89,1
2012,10,13,-17.7,1,889.05,1,2,0.375,147.33,0.375,79.23,1,1.44,48.38,0.375
2012,10,14,-22.49,0.875,888.19,1,3.15,1,120.62,1,76.01,1,3.03,121.03,1
2012,10,15,-22.57,0.875,886.84,1,3.02,1,205.62,1,76.31,1,1.83,264.64,1
2012,10,16,-23.3,0.75,897.19,1,7.11,1,215.75,1,75.38,1,6.85,351.86,1
2012,10,17,-22.57,0.75,905.75,1,4.31,0.875,74.25,1,76.75,1,3.09,26.27,0.875
2012,10,18,-18.97,0.875,906.61,1,2.39,1,168.88,1,79.13,1,1.47,155.3,1
2012,10,19,-16.03,0.5,894.32,1,2.58,1,118.5,1,79.06,1,2.21,140.06,1
2012,10,20,-15.93,0.375,893.11,1,2.73,0.875,76.14,0.875,81.25,1,2.47,76.69,0.875
2012,10,21,-13.05,1,902.4,1,2.75,1,126.75,1,84.56,1,1.56,128.67,1
2012,10,22,-13.96,1,906.6,1,3.24,1,278.62,1,83.38,1,3.16,279.4,1
2012,10,23,-18.83,1,912.38,1,3.31,1,209,1,78.13,1,2.61,206.89,1
2012,10,24,-21.38,0.5,901.25,1,4.21,1,165.75,1,76.51,1,3.45,143.8,1
2012,10,25,-20.44,0.625,896.89,1,3.58,1,280.75,1,77.46,1,3.54,274.05,1
2012,10,26,-25.66,1,904.25,1,4.49,1,255.25,1,73.54,1,4.24,252.68,1
2012,10,27,-22,0.75,906.75,1,2.4,0.75,137.5,0.75,77.69,1,0.56,245.12,0.75
2012,10,28,-15.85,0.5,900.04,1,1.1,0.875,147,0.875,84,1,0.65,22.8,0.875
2012,10,29,-23.3,0.5,900.13,1,2.75,1,49.38,1,79.3,1,2.63,48.07,1
2012,10,30,-17.24,0.875,904.49,1,2.62,1,103.12,1,78.75,1,2.56,103.16,1
2012,10,31,-18.95,0.5,907.88,1,2.61,1,274.25,1,79.03,1,1.85,301.3,1
2012,11,1,-22.48,1,914.24,1,3.31,1,242.25,1,73.5,1,2.32,226.68,1
2012,11,2,-21.33,1,913.53,1,4.05,1,136,1,71.85,1,3.92,135.94,1
2012,11,3,-16.5,1,911.58,1,3.52,1,127.88,1,42.69,1,3.46,129.9,1
2012,11,4,-13.64,1,906.69,1,2.22,1,145.38,1,27.74,1,1.89,142.79,1
2012,11,5,-15.49,1,901.56,1,1.64,1,228.88,1,32.84,1,0.77,282.93,1
2012,11,6,-18.11,1,900.63,1,2.14,1,205.5,1,39.15,1,1.68,337.11,1
2012,11,7,-20.35,0.75,902.07,1,3.06,1,93.75,1,66.9,1,2.07,53.89,1
2012,11,8,-17.18,1,909.5,1,4.09,1,94.12,1,75.69,1,4,95.14,1
2012,11,9,-21.08,1,908.2,1,3.79,1,27.38,1,74.94,1,3.48,24.32,1
2012,11,10,-16.54,1,909.61,1,4.03,1,57.75,1,78.46,1,3.99,55.89,1
2012,11,11,-16.98,1,912.84,1,3.58,1,101.38,1,71.83,1,3.16,100.89,1
2012,11,12,-12.97,0.875,912.54,1,2.9,1,105.75,1,56.54,1,2.84,104.46,1
2012,11,13,-12.67,1,906.95,1,2.91,1,114.38,1,59.31,1,2.9,114.2,1
2012,11,14,-14.58,1,896.64,1,3.48,1,141.38,1,60.48,1,3.43,141.41,1
2012,11,15,-14.83,0.75,901.1,1,4.43,0.75,47.5,1,76.25,1,4.16,27.9,0.75
2012,11,16,-13.53,0.875,908,1,3.04,1,81.75,1,72.31,1,2.17,100.7,1
2012,11,17,-14.05,1,905.91,1,2.78,1,323.38,1,75.71,1,2.61,324.73,1
2012,11,18,-13.21,1,905.95,1,4.22,0.75,126,1,80.63,1,3.34,12.51,0.75
2012,11,19,-11.89,1,897.12,1,5.24,1,67.62,1,81.44,1,5.02,70.09,1
2012,11,20,-12.03,1,898.47,1,3.99,1,62.38,1,79.68,1,3.78,62.47,1
2012,11,21,-13.47,1,905.46,1,3.34,1,57.88,1,78.11,1,3.11,58.11,1
2012,11,22,-15.5,1,904.89,1,3.71,1,154.88,1,74.13,1,2.92,148.6,1
2012,11,23,-16.31,1,903.95,1,3.52,1,160.5,1,75.88,1,2.37,0.9,1
2012,11,24,-17.41,1,906.21,1,2.86,1,128.25,1,76.08,1,1.95,156.63,1
2012,11,25,-17.95,1,899.39,1,3.42,1,238.5,1,75.54,1,2.37,265.29,1
2012,11,26,-17.16,1,904.5,1,2.64,1,125.75,1,76.85,1,1.97,28.83,1
2012,11,27,-16.5,1,910.31,1,2.5,1,61.75,1,76.39,1,2.38,59.61,1
2012,11,28,-14.43,1,905.6,1,3.81,1,102.25,1,59.4,1,3.74,103.31,1
2012,11,29,-7.94,1,903.94,1,4.99,1,27.38,1,85.09,1,4.89,25.44,1
2012,11,30,-5.48,1,903.6,1,5.95,1,74.5,1,87.88,1,5.75,26.52,1
2012,12,1,-5.08,1,907.81,1,5.15,1,181.38,1,86.79,1,5.08,2.16,1
2012,12,2,-4.14,0.875,910.03,1,2.83,1,85.75,1,85.48,1,2.59,34.23,1
2012,12,3,-1.96,1,906.35,1,4.51,0.875,54.25,1,85.53,1,3.73,46.16,0.875
2012,12,4,-2.86,1,899.31,1,4.66,1,124.38,1,72.76,1,4.36,125.73,1
2012,12,5,-4.23,0.75,897.16,1,3.15,1,225.12,1,65.98,1,1.73,301.91,1
2012,12,6,-6.49,1,902.35,1,5.35,1,93.25,1,86.3,1,5.3,3.06,1
2012,12,7,-4.76,1,905.28,1,3.65,1,38.12,1,86.91,1,3.5,32.12,1
2012,12,8,-4.7,0.375,908.81,1,2.25,1,75.38,1,83.06,1,2.12,32.14,1
2012,12,9,-4.53,0.5,912.58,1,1.46,0.625,191.8,0.625,83.93,1,1.29,346.56,0.625
2012,12,10,-7.03,1,910.34,1,3.66,0.875,137.43,0.875,85.28,1,3.63,137.58,0.875
2012,12,11,-9.16,0.875,905.35,1,3.33,1,261.12,1,84.04,1,1.87,243.78,1
2012,12,12,-9.39,0.875,906.3,1,3.61,1,260.38,1,84.45,1,3.49,346.61,1
2012,12,13,-9.28,0.5,910.41,1,2.72,1,260.62,1,84.25,1,2.64,348.58,1
2012,12,14,-10.2,1,912.05,1,3.76,1,323.75,1,83.94,1,3.65,325.96,1
2012,12,15,-10.02,0.75,913.58,1,2.9,1,183.5,1,82.93,1,2.59,3.26,1
2012,12,16,-10.4,0.25,915.64,1,1.5,1,157.38,1,82.36,1,0.37,154.96,1
2012,12,17,-8.68,0.5,919.26,1,2.13,0.875,185.43,0.875,82.04,1,1.09,281.8,0.875
2012,12,18,-9.39,0.875,918.93,1,2.56,1,164.25,1,79.95,1,1.87,18.43,1
2012,12,19,-12.19,1,917.15,1,2.58,1,122.75,1,76.03,1,2.36,124.46,1
2012,12,20,-11.71,0.875,915.54,1,2.79,1,123.25,1,61.81,1,2.61,121.39,1
2012,12,21,-11,0.75,906.36,1,3.05,1,170.25,1,59.24,1,2.94,171.18,1
2012,12,22,-10.04,1,913.62,1,5.31,1,108.62,1,83.46,1,4.8,13.05,1
2012,12,23,-9.74,1,919.98,1,4.62,1,116.62,1,75.1,1,4.26,118.38,1
2012,12,24,-7.78,0.5,916.34,1,2.19,1,144,1,56.44,1,1.42,119.87,1
2012,12,25,-6.82,0.625,912.98,1,2.33,1,180.25,1,66,1,2.22,183.01,1
2012,12,26,-5.24,1,912.47,1,3.48,1,142.25,1,64,1,2.81,129.39,1
2012,12,27,-5.2,1,909.73,1,3.61,1,83.75,1,67.31,1,3.08,86.18,1
2012,12,28,-8.29,0.875,911.04,1,3.41,1,56.62,1,81.14,1,3.31,8.07,1
2012,12,29,-7.8,0.75,911.04,1,2.9,1,237,1,87.09,1,1.1,207.81,1
2012,12,30,-4.68,0.625,907.91,1,1.53,0.375,136,0.375,69.18,1,1.11,129.23,0.375
2012,12,31,-8.93,0.75,907.88,1,2.81,1,180.75,1,78.99,1,1.21,160.84,1
2013,1,1,-9.35,0.5,912.05,1,2.24,1,123.75,1,84.01,1,1.9,1.95,1
2013,1,2,-7.8,0.5,915.43,1,1.64,1,135.25,1,85.09,1,0.5,31.68,1
2013,1,3,-8.4,0.625,918.71,1,2.12,1,179.75,1,81.58,1,1.97,356.01,1
2013,1,4,-6.92,0.625,923.24,1,2.44,1,203.38,1,85.13,1,1.02,318.49,1
2013,1,5,-8.73,1,910.28,1,7.54,1,147.62,1,83.55,1,7.32,147.87,1
2013,1,6,-8.85,0.5,904.18,1,3.31,0.875,118.12,1,83.63,1,2.32,166.46,0.875
2013,1,7,-6.06,0.625,909.45,1,2.74,1,63.62,1,81.63,1,2.63,59.93,1
2013,1,8,-4.36,1,912.33,1,5.05,1,264.5,1,89.06,1,3.99,347.05,1
2013,1,9,-5.93,0.75,915.91,1,2.8,1,140.12,1,87.23,1,1.65,1.54,1
2013,1,10,-6.16,1,910.61,1,5.4,1,57.25,1,87.23,1,5.35,12.6,1
2013,1,11,-4.63,0.75,903.83,1,4.21,0.875,224.62,1,87.13,1,4.14,358.08,0.875
2013,1,12,-4.5,1,902.76,1,6.2,0.75,38.75,1,88,1,5.91,40.86,0.75
2013,1,13,-5.08,1,906.73,1,10.95,1,152,1,89.5,1,10.28,15.9,1
2013,1,14,-3.7,1,918.28,1,6.42,0.75,75.38,1,90.5,1,6.18,31.59,0.75
2013,1,15,-4.43,0.75,913.01,1,2.81,0.875,44.88,1,88.25,1,2.76,48.6,0.875
2013,1,16,-7.67,1,906,1,6.05,1,29.12,1,86.88,1,5.88,26.53,1
2013,1,17,-8.63,1,912.64,1,8.8,1,24.75,1,86.25,1,8.73,24.51,1
2013,1,18,-9.39,1,922.44,1,5.59,0.875,280.25,1,86.38,1,4.17,289.05,0.875
2013,1,19,-10.6,0.875,923.8,1,4.44,1,50.62,1,85.43,1,4.32,49.51,1
2013,1,20,-8.55,0.25,912.8,1,1.5,0.875,107,0.875,58.71,0.875,1.31,108.2,0.875
2013,1,21,-7.28,0.625,907.97,1,2.62,1,34.12,1,84,0.875,2.55,35.3,1
2013,1,22,-4.61,1,901.63,1,3.8,1,83.12,1,85.55,1,2.92,82.6,1
2013,1,23,-5.56,0.875,893.63,0.875,3.29,1,207,1,78,1,3.15,205.78,1
2013,1,24,-5.56,0.875,901.95,1,2.88,1,127.75,1,87.03,1,1.89,3.39,1
2013,1,25,-6.58,0.625,913.98,1,2.22,1,261,1,87.55,1,1.06,308.93,1
2013,1,26,-9.67,0.875,919.09,1,3.39,1,203,1,81.2,1,3.08,205.24,1
2013,1,27,-10.46,1,909.65,1,5.51,1,162.38,1,84.25,1,5.42,161.03,1
2013,1,28,-12.78,0.625,902.01,1,4.44,0.875,135.38,1,81.44,1,4.4,138.92,0.875
2013,1,29,-11.7,0.375,900.41,1,1.21,1,102.88,1,73.79,1,0.98,85.04,1
2013,1,30,-12,0.625,905.21,1,2.04,1,214.62,1,75.63,1,1.16,262.94,1
2013,1,31,NA,0.125,905.58,1,1.54,1,130.88,1,77.4,1,1,36.08,1
2013,2,1,-15.9,0.5,902.22,1,1.98,1,275.62,1,78.45,1,1.77,320.52,1
2013,2,2,-16.15,0.75,904.48,1,2.78,1,212.5,1,79.11,1,2.66,347.97,1
2013,2,3,-17.02,0.75,904.19,1,3.34,1,306,1,78.69,1,1.81,309.09,1
2013,2,4,-19.1,1,906.03,1,5.68,1,114,1,77.26,1,0.5,308.59,1
2013,2,5,-18.99,1,902.05,1,8.06,1,60.25,1,77.58,1,7.76,59.04,1
2013,2,6,-19.28,1,898.15,1,4.69,1,105.25,1,62.45,1,4.54,103.55,1
2013,2,7,-16.39,0.875,897.26,1,2.85,1,69.12,1,52.48,1,2.73,70.38,1
2013,2,8,-18.48,0.625,897.09,1,4.6,0.875,213.12,1,71.9,1,4.2,349,0.875
2013,2,9,-16.58,0.625,900,1,2.1,0.875,327.12,1,77.66,1,1.89,329.51,0.875
2013,2,10,-17,0.625,902.34,1,2.62,1,107.88,1,78.27,1,1.7,74.6,1
2013,2,11,-15.58,0.5,903.18,1,2.15,1,102.75,1,79.84,1,1.48,113,1
2013,2,12,-18.9,0.75,907.99,1,2.56,1,152.88,1,72.09,1,2.42,152.38,1
2013,2,13,-20.4,0.875,908.49,1,3.44,1,162.88,1,66.45,1,2.1,141.79,1
2013,2,14,-20.71,0.875,906.9,1,4.46,1,123.12,1,66.25,1,4.4,123.35,1
2013,2,15,-13.57,0.75,895.34,1,3.59,1,83.88,1,74.94,1,3.52,84.71,1
2013,2,16,-9.28,0.625,889.04,1,2.27,0.75,72,0.75,84.1,1,2.15,78.98,0.75
2013,2,17,-12.5,0.75,894.45,1,3.75,1,197.38,1,83.05,1,2.71,8.44,1
2013,2,18,-14.57,0.875,904.52,1,5.38,1,93,1,71.59,1,4.65,96.13,1
2013,2,19,-11.96,1,894.19,1,6.35,1,107.62,1,67.33,1,5.37,94.45,1
2013,2,20,-11.76,1,885.83,1,7.58,1,81.75,1,81.74,1,7.34,80.44,1
2013,2,21,-10.69,0.875,891.86,1,4.11,0.875,62.12,1,77.88,1,3.97,65.45,0.875
2013,2,22,-12.53,0.75,895.9,1,2.9,0.5,47,0.875,81.19,1,2.23,74.02,0.5
2013,2,23,-11.85,0.75,897.41,1,3.46,1,172.5,1,81.5,1,2.35,157.71,1
2013,2,24,-14.6,0.75,900.61,1,5.03,0.875,265.5,1,79.51,1,4.92,265.17,0.875
2013,2,25,-14.84,0.875,904.2,1,9.05,0.5,280,0.75,81.23,1,9.05,269.26,0.5
2013,2,26,-15.86,0.625,896.96,1,2.06,1,301.25,1,80.04,1,2,351.4,1
2013,2,27,-21.5,0.5,890.57,1,2.9,1,165.12,1,75.94,1,1.7,5.84,1
2013,2,28,-21.96,0.875,891.26,1,4.22,1,218,1,76.36,1,3.95,353.68,1
2013,3,1,-22.56,1,892.7,1,4,0.5,36,0.5,75.78,1,3.9,25.24,0.5
2013,3,2,-20.3,1,894.5,1,4.34,1,53.5,1,77.44,1,4.27,53.05,1
2013,3,3,-24.55,1,903.48,1,3.05,1,69,1,74.31,1,2.97,21.69,1
2013,3,4,-22.85,0.75,907.31,1,1.2,0.25,21.5,0.25,74.94,1,1.2,21.88,0.25
2013,3,5,-25.95,0.75,886.98,1,3.39,0.875,170.57,0.875,74.25,1,3.26,169.5,0.875
2013,3,6,-14.86,1,886.35,1,3.59,1,80.75,1,81.34,1,3.06,76.73,1
2013,3,7,-13.31,0.875,896.71,1,5.1,1,67.62,1,83.9,1,5,67.91,1
2013,3,8,-15.07,0.75,895.79,1,2.02,0.75,128.83,0.75,81.86,1,0.37,59.56,0.75
2013,3,9,-19.35,1,888.2,1,3.04,1,214.88,1,79.25,1,1.63,267.59,1
2013,3,10,-16.22,0.625,896.64,1,2.62,1,74.12,1,81.1,1,2.46,76.58,1
2013,3,11,-15.18,0.75,901.11,1,3.44,1,137.38,1,82.85,1,1.13,97.4,1
2013,3,12,-12.01,1,898.06,1,3.62,1,94.12,1,81.78,1,3.46,95.76,1
2013,3,13,-13.89,1,888.45,1,4.57,0.875,60,1,83.45,1,3.95,59.5,0.875
2013,3,14,-10.64,0.875,903.65,1,5.41,0.875,63.62,1,85.81,1,5.04,49.22,0.875
2013,3,15,-12.36,0.875,902.8,1,4.82,1,94.75,1,75.31,1,4.43,87.7,1
2013,3,16,-16.18,1,888.96,1,3.65,1,99.5,1,77.93,1,2.44,95.57,1
2013,3,17,-16.77,0.75,873.06,1,6,1,93.12,1,75.2,1,3.91,81.88,1
2013,3,18,-16.69,1,895.4,1,5.6,0.75,100.75,1,80.81,1,5.47,30.18,0.75
2013,3,19,-16.53,1,900.28,1,2.26,0.625,257.2,0.625,81.1,1,2.02,252.77,0.625
2013,3,20,-18,1,893.86,1,6.7,0.375,217,0.5,79.76,1,6.68,213.95,0.375
2013,3,21,-20.08,1,891.15,1,3.99,1,275.5,1,78.01,1,3.58,269.88,1
2013,3,22,-22.23,0.875,899.31,1,2.31,0.875,218.43,0.875,75.5,1,1.49,233.14,0.875
2013,3,23,-30.86,0.875,902.59,1,NA,0,NA,0,69.56,1,NA,NA,0
2013,3,24,-33.73,1,901.56,1,NA,0,NA,0,67.85,1,NA,NA,0
2013,3,25,-34.05,0.5,896.91,1,NA,0,NA,0,68.86,1,NA,NA,0
2013,3,26,-27.42,0.5,898.16,1,3.2,0.625,181.4,0.625,70.96,1,3.06,179.16,0.625
2013,3,27,-22.12,0.75,899.99,1,1.12,1,137.75,1,76.11,1,1.01,129.94,1
2013,3,28,-16.43,1,897.7,1,3.1,1,59.38,1,75.4,1,2.79,61.45,1
2013,3,29,-18.74,1,895.1,1,3.37,0.75,52.17,0.75,74.39,1,3.34,61.24,0.75
2013,3,30,-19.35,0.75,905,1,NA,0,NA,0,77.56,1,NA,NA,0
2013,3,31,-23.73,1,904.07,1,NA,0,NA,0,75.29,1,NA,NA,0
2013,4,1,-27.76,1,895.99,1,NA,0,NA,0,72.23,1,NA,NA,0
2013,4,2,-20.66,0.625,882.5,1,4.79,0.875,100.86,0.875,76.75,1,4.16,102.7,0.875
2013,4,3,-19.84,0.625,878.34,1,2.64,1,76.88,1,78.52,1,1.99,47.7,1
2013,4,4,-25.14,0.875,891.09,1,0.9,1,201.75,1,74.39,1,0.8,203.15,1
2013,4,5,-25.35,1,881.99,1,0.37,0.375,183.67,0.375,74.04,1,0.35,189.23,0.375
2013,4,6,-24.91,0.875,879.85,1,NA,0.125,NA,0.125,73.63,1,NA,NA,0.125
2013,4,7,-27.85,0.75,891.09,1,NA,0,NA,0.125,72.63,1,NA,NA,0
2013,4,8,-27.03,1,897.8,1,0.34,0.625,112.29,0.875,72.45,1,0.32,101.52,0.625
2013,4,9,-27.87,0.75,889.19,1,4.36,1,104.75,1,72.28,1,4.24,104.39,1
2013,4,10,-29.41,0.875,885.05,1,4.83,0.75,122.12,1,70.9,1,4.52,120.13,0.75
2013,4,11,-36.63,0.75,884.28,1,2.32,0.75,44.88,1,66.14,1,2.3,42.83,0.75
2013,4,12,-33.03,0.75,887.29,1,0.22,0.5,99,0.75,68.73,1,0.14,182.06,0.5
2013,4,13,-38.81,0.875,896,1,NA,0,NA,0,65.01,1,NA,NA,0
2013,4,14,-38.36,1,903.91,1,NA,0,NA,0,65,1,NA,NA,0
2013,4,15,-35.84,1,909.76,1,NA,0,NA,0,66.65,1,NA,NA,0
2013,4,16,-37.64,0.875,904.39,1,NA,0,NA,0,65.2,1,NA,NA,0
2013,4,17,-40.23,0.875,906.34,1,NA,0,170.75,0.5,63.78,1,NA,NA,0
2013,4,18,-38.33,1,906.2,1,NA,0,NA,0,65.24,1,NA,NA,0
2013,4,19,-38.36,0.625,900.68,1,NA,0,NA,0,63.28,1,NA,NA,0
2013,4,20,-44.11,1,899.33,1,NA,0,NA,0,61.79,1,NA,NA,0
2013,4,21,-37.13,0.75,903.81,1,NA,0,NA,0,66.39,1,NA,NA,0
2013,4,22,-29.4,0.875,901.24,1,4.2,0.25,209,0.25,70.75,1,4.04,208.61,0.25
2013,4,23,-34.04,1,890.09,1,4.27,1,235.12,1,67.89,1,3.53,230.91,1
2013,4,24,-40.68,0.75,889.98,1,3.31,1,56.75,1,63.43,1,3.28,55.95,1
2013,4,25,-33.61,1,893.73,1,0.74,1,60.75,1,67.85,1,0.69,64.85,1
2013,4,26,-30.1,0.875,895.13,1,0.15,0.25,91,0.25,71.33,1,0.15,87.64,0.25
2013,4,27,-32.6,1,896.49,1,NA,0,NA,0,68.94,1,NA,NA,0
2013,4,28,-34.54,0.625,907.7,1,NA,0,NA,0,68.65,1,NA,NA,0
2013,4,29,-25.4,0.875,908.79,1,NA,0,51.5,0.25,72.33,1,NA,NA,0
2013,4,30,-22.22,1,905.53,1,4.16,1,121.38,1,63.66,1,4.09,122.51,1
2013,5,1,-21.92,0.75,901.03,1,3.84,1,167.12,1,60.99,1,3.3,164.54,1
2013,5,2,-22.34,1,900.13,1,3.14,1,201.75,1,46.64,1,3.09,200.08,1
2013,5,3,-24.67,0.375,900.1,1,3.6,1,251.25,1,53.01,1,3.52,253.22,1
2013,5,4,-22.43,0.375,901.18,1,3.25,1,185.62,1,60.55,1,2.09,330.34,1
2013,5,5,-24.81,1,900.5,1,2.95,1,51.25,1,73.79,1,2.93,51.81,1
2013,5,6,-25.65,1,897.79,1,1.43,1,113.25,1,73.35,1,1.01,121.66,1
2013,5,7,-23.94,1,892.86,1,0.92,1,102.5,1,74.8,1,0.78,96.8,1
2013,5,8,-21.66,0.875,896.26,1,1.2,0.875,59.57,0.875,76.27,1,1.14,52.5,0.875
2013,5,9,-24.31,0.875,903.05,1,NA,0,NA,0,74.99,1,NA,NA,0
2013,5,10,-23.74,1,898.4,1,NA,0,NA,0,75.24,1,NA,NA,0
2013,5,11,-23.21,0.875,902.7,1,NA,0,NA,0,75.52,1,NA,NA,0
2013,5,12,-26.48,0.5,903.16,1,NA,0.125,22.25,0.5,69.49,1,NA,NA,0.125
2013,5,13,-36.86,1,910.05,1,NA,0.125,139,0.5,65.74,1,NA,NA,0.125
2013,5,14,-29.85,0.5,886.6,1,NA,0,144.5,0.25,72.5,1,NA,NA,0
2013,5,15,-21.28,0.75,884.63,1,NA,0,NA,0,78.05,1,NA,NA,0
2013,5,16,-16.16,0.875,889.97,1,NA,0,NA,0,81.61,1,NA,NA,0
2013,5,17,-16.06,1,896.8,1,NA,0.125,NA,0.125,81.4,1,NA,NA,0.125
2013,5,18,-18.3,0.875,894.55,1,NA,0.125,NA,0.125,77.93,1,NA,NA,0.125
2013,5,19,-13.23,1,897.56,1,NA,0,NA,0,60.74,1,NA,NA,0
2013,5,20,-14.48,1,897.46,1,2.16,0.625,84.4,0.625,62.84,1,1.9,84.77,0.625
2013,5,21,-16,0.5,895.43,1,2.55,1,74.38,1,70.65,1,2.33,22.75,1
2013,5,22,-19.5,1,902.19,1,1.15,1,90.88,1,78.11,1,0.82,84.32,1
2013,5,23,-18.06,1,895.48,1,4.18,0.625,82.75,1,76.63,1,3.37,81.4,0.625
2013,5,24,-26.58,0.5,896.9,1,3.16,1,56.88,1,74.84,1,3.05,54.94,1
2013,5,25,-24.13,0.875,885.1,1,6.03,1,113.25,1,73.41,1,5.39,118.69,1
2013,5,26,-24.1,0.5,890.77,1,12.76,0.875,26.25,1,73.73,1,12.57,27.28,0.875
2013,5,27,-26.17,0.875,908.88,1,10.25,0.5,158.62,1,72.81,1,9.68,353.4,0.5
2013,5,28,-25.37,1,917.9,1,7.12,1,185.38,1,73.65,1,6.8,355.31,1
2013,5,29,-20.63,1,916.58,1,3.02,0.625,143.6,0.625,77.26,1,2.78,6.87,0.625
2013,5,30,-24.84,1,914.1,1,NA,0.125,NA,0.125,73.69,1,NA,NA,0.125
2013,5,31,-27.75,1,905.74,1,NA,0,NA,0,48.35,1,NA,NA,0
2013,6,1,-26.17,0.875,903.76,1,3.15,0.75,270.17,0.75,38.6,1,3.05,275.52,0.75
2013,6,2,-28.64,1,901.8,1,3.43,1,300.75,1,63.59,1,3.33,301.49,1
2013,6,3,-25.03,0.75,902.73,1,NA,0,NA,0,73.96,1,NA,NA,0
2013,6,4,-33.29,0.875,906.38,1,NA,0,NA,0,68.43,1,NA,NA,0
2013,6,5,-33.56,0.875,913.95,1,1.8,0.375,69.33,0.375,59.9,1,1.77,67.57,0.375
2013,6,6,-32.6,1,906.73,1,2.64,1,66.5,1,68.25,1,2.51,23.66,1
2013,6,7,-42.48,0.625,903.95,1,2.9,1,50.75,1,63.32,1,2.73,44.86,1
2013,6,8,-37.1,0.875,896.96,1,0.68,0.625,188.6,0.625,65.8,1,0.64,176.05,0.625
2013,6,9,-39.15,0.75,899.9,1,NA,0,NA,0,64.64,1,NA,NA,0
2013,6,10,-34.97,0.75,896.9,1,NA,0.125,80.67,0.375,65.48,1,NA,NA,0.125
2013,6,11,-29.2,1,887.67,1,4.36,1,120,1,45.51,1,4.02,119.39,1
2013,6,12,-33.3,0.625,884.05,1,7.2,1,123.38,1,63.88,1,6.54,122.68,1
2013,6,13,-36.07,0.5,895.11,1,5.9,0.875,96.12,1,65.75,1,4.29,56.06,0.875
2013,6,14,-33.47,0.5,901.16,1,0.88,1,111.25,1,67.86,1,0.37,76.74,1
2013,6,15,-32.1,0.25,902.19,1,NA,0,NA,0,69,1,NA,NA,0
2013,6,16,-32.67,0.75,900.31,1,NA,0,NA,0,69.18,1,NA,NA,0
2013,6,17,-35.87,0.375,904.73,1,NA,0,NA,0,67.36,1,NA,NA,0
2013,6,18,-33.75,0.5,912.05,1,NA,0,NA,0,68.59,1,NA,NA,0
2013,6,19,-34.16,1,903.58,1,NA,0,30.5,0.25,67.18,1,NA,NA,0
2013,6,20,-33.36,0.875,909.28,1,NA,0,NA,0,68.5,1,NA,NA,0
2013,6,21,-24.83,0.875,906.84,1,0.05,0.25,68.5,0.5,74,1,0.05,93,0.25
2013,6,22,-19.53,0.75,907.71,1,3,0.5,51.25,0.5,71.38,1,2.39,45.23,0.5
2013,6,23,-24.02,0.625,915.96,1,4.2,1,68.38,1,57.13,1,3.97,70.27,1
2013,6,24,-16.07,0.375,928.69,1,3.19,1,120.38,1,45.48,1,2.1,121.98,1
2013,6,25,-27.97,0.375,927.14,1,4.3,1,267.5,1,57.3,1,3.93,268.03,1
2013,6,26,-31.85,0.5,916.75,1,4.11,1,274.12,1,54.8,1,4.02,273.89,1
2013,6,27,-32.66,0.625,913.3,1,2.02,1,149.25,1,61.64,1,1.35,27.24,1
2013,6,28,-30.48,0.625,914.6,1,2.66,1,101.88,1,61.89,1,2.31,119.59,1
2013,6,29,-28.88,0.625,911.88,1,3.35,1,120.25,1,67.25,1,1.94,47.55,1
2013,6,30,-20.95,0.75,910.74,1,2.49,1,95.12,1,42.69,1,1.6,99.88,1
2013,7,1,-26.82,0.625,908.36,1,3.92,1,131,1,69.56,1,3.7,130.2,1
2013,7,2,-30.56,1,906.4,1,0.62,0.625,214.75,1,69.99,1,0.6,207.48,0.625
2013,7,3,-31.88,1,892.81,1,0.3,0.375,163,1,68.81,1,0.2,44.63,0.375
2013,7,4,-39.45,0.5,892.94,1,2.83,0.75,39,1,65.31,1,2.78,45.44,0.75
2013,7,5,-35.66,1,899.91,1,0.46,0.625,82.6,0.625,66.63,1,0.35,84.2,0.625
2013,7,6,-41.7,0.625,902.28,1,NA,0,156,0.25,62.57,1,NA,NA,0
2013,7,7,-39.46,0.875,908.94,1,NA,0,NA,0,64.15,1,NA,NA,0
2013,7,8,-37.96,1,906.12,1,NA,0,NA,0,64.75,1,NA,NA,0
2013,7,9,-36.14,0.875,908.61,1,NA,0,NA,0,66.76,1,NA,NA,0
2013,7,10,-21.05,0.75,912.34,1,2.67,0.875,166.86,0.875,49.5,1,1.4,22.17,0.875
2013,7,11,-27.25,1,902.75,1,3.84,1,121.25,1,50.25,1,3.31,34.64,1
2013,7,12,-28.15,1,897.79,1,4.09,1,75.88,1,65.98,1,4.01,76.41,1
2013,7,13,-23.78,1,897.7,1,3.48,1,65.38,1,74.31,1,3.3,64.32,1
2013,7,14,-29.21,1,901.5,1,2.1,0.875,30.57,0.875,70.91,1,2.04,34.72,0.875
2013,7,15,-32.57,1,895.7,1,1.26,0.625,222,0.625,68.5,1,0.4,9.03,0.625
2013,7,16,-29.8,0.875,889.48,1,NA,0,NA,0,70.6,1,NA,NA,0
2013,7,17,-33.38,0.75,889.46,1,NA,0,NA,0,68.31,1,NA,NA,0
2013,7,18,-31.89,1,893.46,1,NA,0.125,NA,0.125,69.04,1,NA,NA,0.125
2013,7,19,-32.47,0.75,884.03,1,NA,0,NA,0,67.69,1,NA,NA,0
2013,7,20,-35.38,0.625,866.16,1,NA,0,NA,0,66.28,1,NA,NA,0
2013,7,21,-40.05,0.5,871.96,1,NA,0,NA,0,64.03,1,NA,NA,0
2013,7,22,-34.64,0.625,884.12,1,NA,0,NA,0,67.05,1,NA,NA,0
2013,7,23,-36.5,0.75,881.05,1,NA,0,NA,0,64.9,1,NA,NA,0
2013,7,24,-41.53,1,890.74,1,NA,0,NA,0,62.51,1,NA,NA,0
2013,7,25,-35.02,0.625,885.26,1,NA,0,NA,0,67.61,1,NA,NA,0
2013,7,26,-25.21,0.875,879.06,1,NA,0,75.25,0.5,73.31,1,NA,NA,0
2013,7,27,-25,0.875,884.71,1,NA,0,41.75,0.5,74.13,1,NA,NA,0
2013,7,28,-26.11,1,893.28,1,NA,0,NA,0,72.79,1,NA,NA,0
2013,7,29,-32.53,0.75,895.59,1,NA,0,NA,0,68.23,1,NA,NA,0
2013,7,30,-31.66,1,892.45,1,NA,0,NA,0,69.23,1,NA,NA,0
2013,7,31,-26.95,1,886.28,1,14.5,0.25,351.25,0.5,72.16,1,14.49,357.08,0.25
2013,8,1,-22.88,0.5,881.7,1,12.88,0.625,44.75,1,76.73,1,11.45,47.9,0.625
2013,8,2,-29.6,0.625,885.64,1,5.47,0.875,129.25,1,69.8,1,4.45,39.39,0.875
2013,8,3,-37.3,0.75,892.66,1,3.93,1,155.5,1,65.6,1,2.45,14.57,1
2013,8,4,-38.17,0.75,890.57,1,1.19,0.875,193.29,0.875,65.21,1,0.46,125.61,0.875
2013,8,5,-37.13,0.375,896.04,1,0.2,0.25,82.5,0.25,64.78,1,0.2,80.25,0.25
2013,8,6,-39.83,0.875,897.4,1,NA,0,NA,0,63.9,1,NA,NA,0
2013,8,7,-37.4,0.625,904.43,1,NA,0,83.67,0.75,65.6,1,NA,NA,0
2013,8,8,-32.12,0.625,907.82,1,0.94,0.875,157.14,0.875,67.91,1,0.71,148.69,0.875
2013,8,9,-28.2,1,905.28,1,4.61,1,129.38,1,62.66,1,4.43,129.53,1
2013,8,10,-27.18,1,904.31,1,4.7,1,100.25,1,52.16,1,4.42,98.9,1
2013,8,11,-32.63,0.375,916.1,1,4.3,1,124.62,1,64.84,1,1.69,132.9,1
2013,8,12,-28.25,1,915.25,1,6.47,1,114.38,1,60.71,1,5.66,110.12,1
2013,8,13,-25.8,1,921.21,1,8.54,1,93.38,1,62.83,1,8.43,92.22,1
2013,8,14,-22.35,1,925.59,1,4.06,0.875,133.57,0.875,56.28,1,3.31,127,0.875
2013,8,15,-28.97,0.875,924.24,1,3.81,1,209.12,1,71.65,1,3.06,211.22,1
2013,8,16,-32.18,0.75,926.15,1,1.66,1,134.12,1,70.23,1,0.6,124.71,1
2013,8,17,-24.63,0.875,923.41,1,1.74,1,191.88,1,73.5,1,1.38,214.35,1
2013,8,18,-31.24,1,912.76,1,1.88,1,246.38,1,69.9,1,1.8,239.24,1
2013,8,19,-40.88,0.75,907.01,1,0.71,1,112,1,63.53,1,0.63,19.99,1
2013,8,20,-36.09,0.875,909.98,1,0.33,0.375,58.33,0.375,66.08,1,0.32,52.47,0.375
2013,8,21,-34.85,1,907.01,1,NA,0,211,0.5,66.81,1,NA,NA,0
2013,8,22,-35.77,0.75,897.24,1,NA,0,4.5,0.75,65.74,1,NA,NA,0
2013,8,23,-31.09,0.875,905.25,1,NA,0,227.33,0.375,69.21,1,NA,NA,0
2013,8,24,-30.08,1,905.23,1,NA,0,NA,0,69.99,1,NA,NA,0
2013,8,25,-33.18,1,904.1,1,NA,0,84.67,0.375,67.94,1,NA,NA,0
2013,8,26,-22.74,0.875,888.19,1,4.42,1,44.62,1,75.68,1,3.79,48.87,1
2013,8,27,-23.14,1,881.55,1,3.51,1,72.5,1,75.49,1,2.93,67,1
2013,8,28,-23.88,0.625,884.58,1,2.03,0.75,130.5,0.75,75.73,1,1.98,18.94,0.75
2013,8,29,-27.76,1,898.28,1,NA,0,NA,0,72.06,1,NA,NA,0
2013,8,30,-29.84,0.875,895.85,1,NA,0,NA,0,71.01,1,NA,NA,0
2013,8,31,-22.4,0.75,888.78,1,NA,0,NA,0,75.5,1,NA,NA,0
2013,9,1,-23.48,0.75,896.81,1,NA,0,NA,0,75.68,1,NA,NA,0
2013,9,2,-30,1,895.54,1,NA,0,NA,0,70.66,1,NA,NA,0
2013,9,3,-36.4,0.75,897.25,1,NA,0,NA,0,66.74,1,NA,NA,0
2013,9,4,-33.81,0.875,895.59,1,2.9,0.375,47.67,0.375,67.8,1,2.89,49.53,0.375
2013,9,5,-35.77,0.75,889.03,1,2.5,1,49.25,1,65.88,1,2.42,43.46,1
2013,9,6,-34.67,0.875,914.44,1,1.3,0.25,113,0.25,66.95,1,1.3,113.77,0.25
2013,9,7,-32.25,1,912.78,1,NA,0,NA,0,69.2,1,NA,NA,0
2013,9,8,-30.61,1,900.93,1,NA,0,NA,0,70.32,1,NA,NA,0
2013,9,9,-25.85,1,891.86,1,2.13,0.375,37,0.375,72.5,1,2.12,35.91,0.375
2013,9,10,-24.36,0.875,891.6,1,1.76,0.875,68.14,0.875,74.61,1,1.25,47.77,0.875
2013,9,11,-26.58,0.75,898.31,1,0.67,0.875,107,0.875,72.33,1,0.56,10.22,0.875
2013,9,12,-26.78,0.75,889.71,1,NA,0,NA,0,72.98,1,NA,NA,0
2013,9,13,-20.99,1,885.2,1,0.23,0.375,71.43,0.875,76.86,1,0.23,91.28,0.375
2013,9,14,-22.94,0.875,895.94,1,1.21,1,68.12,1,75.7,1,1.13,53.53,1
2013,9,15,-21.76,1,900.14,1,1.74,1,120.38,1,74.93,1,1.5,114.48,1
2013,9,16,-27.93,0.5,896.26,1,8.52,0.625,63.86,0.875,72.11,1,8.25,59.77,0.625
2013,9,17,-20.8,1,899.6,1,1.49,0.875,69.62,1,77.25,1,1.43,70.31,0.875
2013,9,18,-17.76,1,902.96,1,0.97,0.375,50.33,0.375,79.75,1,0.96,50.62,0.375
2013,9,19,-20.47,0.75,902.93,1,2.53,0.375,110.67,0.375,77,1,2.44,105.49,0.375
2013,9,20,-25.26,1,899.99,1,9.66,0.625,89.75,1,73.6,1,9.58,85.61,0.625
2013,9,21,-29.55,1,900.39,1,8.11,1,110.12,1,69.83,1,7.96,111.58,1
2013,9,22,-30.98,0.5,897.63,1,1.73,0.375,83.33,0.375,69.6,1,1.72,84.39,0.375
2013,9,23,-27.52,0.625,904.18,1,1.79,0.875,49.57,0.875,71.03,1,1.7,57.24,0.875
2013,9,24,-26.6,0.625,910.59,1,NA,0,NA,0,73.06,1,NA,NA,0
2013,9,25,-27.35,0.25,909.94,1,NA,0,NA,0,70.63,1,NA,NA,0
2013,9,26,-30.06,0.875,917.7,1,NA,0.125,98.33,0.375,70.08,1,NA,NA,0.125
2013,9,27,-27.33,0.75,918.43,1,5.2,1,107.12,1,70.05,1,4.86,108.81,1
2013,9,28,-20.89,0.875,907.3,1,3,0.625,112.2,0.625,61.13,1,1.91,126.93,0.625
2013,9,29,-21.3,0.5,901.24,1,2.62,1,117.12,1,56.16,1,2.05,93.63,1
2013,9,30,-19,1,903.29,1,1.8,1,167.38,1,62.29,1,1.79,172.11,1
2013,10,1,-23.63,1,911.28,1,2.07,0.375,159.67,0.375,74.88,1,2.06,157.61,0.375
2013,10,2,-23.87,0.75,902.1,1,2.8,0.375,220.67,0.375,74.9,1,1.37,171.93,0.375
2013,10,3,-24.75,0.5,894.75,1,3.26,1,123.5,1,75.59,1,2.68,37.84,1
2013,10,4,-17.4,0.5,903.64,1,7.06,1,91,1,71.78,1,6.59,91.84,1
2013,10,5,-17.27,0.875,905.24,1,5.69,0.875,88.75,1,68.19,1,5.33,87.59,0.875
2013,10,6,-19.08,0.5,909.3,1,4.1,0.875,69.29,0.875,78.3,1,3.62,63.95,0.875
2013,10,7,-17.13,1,907.21,1,3.71,1,149.38,1,74.86,1,3.68,149.36,1
2013,10,8,-13.66,1,903.25,1,2.48,1,200.62,1,68.41,1,2.08,177.23,1
2013,10,9,-14.25,1,900.23,1,1.13,0.875,142.57,0.875,68.38,1,0.28,353.03,0.875
2013,10,10,-15.3,1,900.39,1,2.76,1,257,1,69.44,1,2.6,345.79,1
2013,10,11,-19.26,0.875,899.63,1,2.28,0.75,287,0.75,77.41,1,2.19,348.78,0.75
2013,10,12,-18.11,1,897.33,1,1.56,0.875,264.57,0.875,78.51,1,1.4,265.21,0.875
2013,10,13,-24.41,0.875,899.58,1,2.84,1,74.75,1,73.79,1,2.58,23.39,1
2013,10,14,-25.61,1,897.4,1,3.36,1,85.38,1,72.5,1,2.41,49.68,1
2013,10,15,-25.28,0.625,891.11,1,3.38,1,122.12,1,72.28,1,3.11,131.92,1
2013,10,16,-16.98,1,878.88,1,5.62,1,95.75,1,77.38,1,5.31,92.35,1
2013,10,17,-16.8,1,877.74,1,6.34,1,85.75,1,78.19,1,6.13,87.06,1
2013,10,18,-18.19,0.875,886.84,1,3.88,1,45.75,1,75.91,1,3.82,48.6,1
2013,10,19,-17.99,1,893.49,1,1.08,0.625,29.8,0.625,78.95,1,1.08,29.39,0.625
2013,10,20,-21.17,0.75,885.3,1,NA,0,NA,0,74.99,1,NA,NA,0
2013,10,21,-22.41,0.875,890.25,1,6.12,1,203,1,75.09,1,4.92,340.99,1
2013,10,22,-26.35,1,897.68,1,1.39,1,237,1,72.41,1,0.72,297.39,1
2013,10,23,-26.51,1,898.76,1,1.02,0.75,244.67,0.75,71.98,1,1,245.25,0.75
2013,10,24,-25.22,1,901.41,1,NA,0,NA,0,74.15,1,NA,NA,0
2013,10,25,-22.6,1,902.34,1,2.6,0.25,63.5,0.25,77,1,2.59,62.44,0.25
2013,10,26,-20.45,1,900.58,1,1.75,1,189.38,1,75.24,1,0.57,169.63,1
2013,10,27,-21.68,0.75,899.4,1,2.21,1,316,1,72.24,1,1.71,326.4,1
2013,10,28,-23.69,1,899.33,1,3.55,1,95,1,73.99,1,2.82,95.15,1
2013,10,29,-23.68,0.75,899.38,1,3.19,1,153.38,1,72.71,1,0.83,150.45,1
2013,10,30,-26.82,0.75,901.88,1,1.6,1,191,1,70.38,1,0.2,284.31,1
2013,10,31,-27.03,1,900.85,1,3.22,1,121.75,1,70.96,1,1.92,131.29,1
2013,11,1,-25.16,1,897.79,1,3.66,1,248.88,1,68.93,1,3.55,247.03,1
2013,11,2,-25.15,0.25,893.31,1,2.22,1,120.25,1,67.19,1,2.06,34.61,1
2013,11,3,-22.35,0.75,892.14,1,2.59,1,289.25,1,67.08,1,2.36,286.88,1
2013,11,4,-28.31,0.875,893.35,1,2,1,34.75,1,63.6,1,1.94,33.76,1
2013,11,5,-32.12,0.75,895.2,1,2.02,1,142.75,1,65.73,1,1.47,147.35,1
2013,11,6,-28.1,0.375,893.16,1,4.86,1,107.62,1,67.69,1,4.7,100.05,1
2013,11,7,-14.02,0.75,884.79,1,7.78,1,54.5,1,79.38,1,7.54,54.55,1
2013,11,8,-15.36,1,886.44,1,7.24,0.875,49.25,1,77.95,1,6.67,48.42,0.875
2013,11,9,-17.26,0.875,897.1,1,4.41,0.875,106.38,1,77.13,1,3.16,23.4,0.875
2013,11,10,-18.72,0.625,906.7,1,2.42,1,220.12,1,75.63,1,1.97,212.5,1
2013,11,11,-20.05,1,901.68,1,3.4,1,161.88,1,72.78,1,2.74,160.3,1
2013,11,12,-21.85,1,882.16,1,6.86,0.625,121.62,1,73.28,1,4.54,160.92,0.625
2013,11,13,-18.98,0.75,887.78,1,8.05,1,90.12,1,75.68,1,7.72,88.79,1
2013,11,14,-18.51,1,891.06,1,8.21,1,96,1,72.75,1,8.14,95.12,1
2013,11,15,-16.86,1,893.22,1,8.47,1,91.75,1,70.61,1,8.45,92.21,1
2013,11,16,-18.17,0.875,896.68,1,5.21,1,82.25,1,68.63,1,5.1,82.81,1
2013,11,17,-16.96,1,903.14,1,2.92,1,50.12,1,71.66,1,2.73,57.24,1
2013,11,18,-15.13,1,906.71,1,2.21,0.875,71.43,0.875,67.39,1,2.19,69.46,0.875
2013,11,19,-15.48,1,900.3,1,2.36,1,99.75,1,68.99,1,2.27,97.57,1
2013,11,20,-16.38,1,894.89,1,1.88,1,171.62,1,66.19,1,1.28,167,1
2013,11,21,-19.39,0.875,902.63,1,3.56,1,55.75,1,71.25,1,3.39,59.27,1
2013,11,22,-18.98,1,908.48,1,2.7,1,155.12,1,74.34,1,1.78,167.02,1
2013,11,23,-16.92,1,897.95,1,7.92,1,101.62,1,70.13,1,7.89,99.7,1
2013,11,24,-12.14,1,894.51,1,11.97,1,98.62,1,74.58,1,11.96,98.63,1
2013,11,25,-11.84,1,896.01,1,10.19,1,95.12,1,73.69,1,10.1,94.67,1
2013,11,26,-12.64,1,898.11,1,6.15,1,114.62,1,65.86,1,5.92,114.41,1
2013,11,27,-13.34,0.875,897.88,1,6.24,0.625,84.5,1,78,1,3.87,59.55,0.625
2013,11,28,-13.55,1,908.54,1,3.8,1,120.38,1,66.95,1,2.82,103.64,1
2013,11,29,-14.98,1,898,1,6.23,0.875,159.75,1,76.74,1,2.87,224.33,0.875
2013,11,30,-14.66,1,897.86,1,5.85,1,67.12,1,77.96,1,5.79,66.36,1
2013,12,1,-14.93,1,894.78,1,6.42,1,104,1,65.04,1,6.25,106.52,1
2013,12,2,-15.12,0.75,888.11,1,4.27,1,78.75,1,64.79,1,3.97,88.99,1
2013,12,3,-11.03,0.375,898.58,1,1.64,1,200.75,1,37.88,1,0.89,146.33,1
2013,12,4,-11.63,0.5,896.93,1,1.69,1,190.25,1,42.84,1,1.61,189.1,1
2013,12,5,-11.9,0.625,896.99,1,2.5,1,122.75,1,64.75,1,1.52,3.14,1
2013,12,6,-11.72,0.625,902.14,1,2.78,1,175.75,1,81.18,1,0.72,121.53,1
2013,12,7,-11.8,0.875,905.69,1,3.41,1,170.5,1,80.1,1,3.37,168.56,1
2013,12,8,-11.54,0.625,912.93,1,2.46,1,221.38,1,75.88,1,2.02,209.05,1
2013,12,9,-11.1,0.25,917.58,1,1.75,1,210,1,74.21,1,1.17,197.82,1
2013,12,10,-10.6,1,912.71,1,3.49,1,143.5,1,74.75,1,3.3,143.73,1
2013,12,11,-8.79,1,903.09,1,3.93,1,72.5,1,84.59,1,2.54,64.28,1
2013,12,12,-10.15,0.5,904.18,1,1.63,0.875,239.43,0.875,83.24,1,1.48,343.9,0.875
2013,12,13,-10.66,1,902.9,1,4.08,1,49.62,1,82.83,1,3.99,52.17,1
2013,12,14,-9.37,0.375,896.13,1,2.14,1,146,1,79.9,1,1.42,109.42,1
2013,12,15,-11.3,0.5,897,1,1.81,1,100.75,1,75.13,1,1,22.73,1
2013,12,16,-11.99,0.875,901.25,1,2.84,1,106.5,1,73.43,1,1.71,105.28,1
2013,12,17,-12,0.75,902.71,1,3.1,1,50.25,1,74.65,1,3.02,49.73,1
2013,12,18,-9.7,0.875,904.95,1,4.61,0.875,56,1,78.79,1,4.55,49.42,0.875
2013,12,19,-9.17,0.875,910.35,1,3.31,1,44.75,1,78.63,1,3.27,45.28,1
2013,12,20,-10.25,0.75,912.26,1,2.71,1,87.75,1,77.38,1,2.41,91.78,1
2013,12,21,-10.94,1,908.43,1,3.44,1,176.88,1,76.25,1,2.61,170.99,1
2013,12,22,-8.62,0.75,904.04,1,5.51,1,106.88,1,81.63,1,5.2,99.42,1
2013,12,23,-4.77,1,893.57,1,10.36,1,9.25,1,88.45,1,10.3,7.56,1
2013,12,24,-7.46,1,911.75,1,6.75,1,248.25,1,85.7,1,6.21,348.78,1
2013,12,25,-8.17,0.75,921.88,1,2.52,1,106.25,1,83.36,1,2.39,29.59,1
2013,12,26,-7.58,0.75,913.91,1,2.78,1,175.75,1,85.24,1,0.99,124.42,1
2013,12,27,-8.49,1,908.29,1,4.51,1,243.62,1,86.13,1,2.08,300.16,1
2013,12,28,-6.84,1,913.74,1,5.26,1,48.12,1,88.5,1,5.06,50.96,1
2013,12,29,-5.93,1,909.86,1,6.7,1,53.12,1,88.26,1,6.4,54.34,1
2013,12,30,-8.7,1,907.75,1,8.96,1,47.38,1,85.68,1,8.9,46.88,1
2013,12,31,-8.09,1,910.5,1,4.94,1,66.38,1,86.71,1,4.76,62.99,1
2014,1,1,-7.74,1,910.69,1,4.19,1,92.12,1,83.45,1,3.84,89.9,1
2014,1,2,-10.28,0.625,906.14,1,2.78,1,145.38,1,75.49,1,1.96,154.2,1
2014,1,3,-8.31,1,904.66,1,3,1,160.25,1,59.01,1,2.68,159.3,1
2014,1,4,-5.49,1,909.21,1,2.8,1,72,1,63.15,1,2.58,71.88,1
2014,1,5,-5.85,1,915.26,1,2.91,1,99.12,1,71.69,1,2.82,9.67,1
2014,1,6,-9.37,0.875,912.84,1,2.35,1,253.62,1,75.74,1,2.25,342.58,1
2014,1,7,-11.77,0.375,910.94,1,1.95,1,107.88,1,77.69,1,1.35,57.13,1
2014,1,8,-10.73,0.875,907.2,1,2.85,1,216.38,1,83.64,1,2.63,356.37,1
2014,1,9,-11.04,0.875,910.76,1,5.06,1,29.88,1,83.83,1,4.92,27.57,1
2014,1,10,-7.28,1,916.7,1,3.49,1,60.38,1,86.29,1,3.31,56.73,1
2014,1,11,-8.53,0.375,912.06,1,2.15,1,169.25,1,84.08,1,1.62,141.59,1
2014,1,12,-8.3,0.75,907.68,1,2.79,1,128.12,1,77.34,1,2.16,51.29,1
2014,1,13,-9.9,0.625,913.82,1,2.52,1,66.62,1,85.23,1,2.42,21.27,1
2014,1,14,-9.68,0.625,916.18,1,2.71,1,38.12,1,86.18,1,2.68,43.67,1
2014,1,15,-10.24,0.625,910.8,1,3.53,0.875,201.86,0.875,83.91,1,2.88,204.72,0.875
2014,1,16,-10.96,1,908.08,1,4.16,1,63.38,1,81.83,1,4.03,62.65,1
2014,1,17,-6.53,0.875,913.91,1,4.79,1,90.38,1,67.89,1,4.7,90.26,1
2014,1,18,-3.55,0.75,908.4,1,3.34,1,165.12,1,66.65,1,1.99,60.37,1
2014,1,19,-5.98,0.75,902.29,1,2.61,1,282.38,1,69,1,2.45,278,1
2014,1,20,-6.4,1,908.95,1,3.96,1,218.5,1,86.4,1,3.8,355.7,1
2014,1,21,-8.52,0.75,914.71,1,2.51,1,85.62,1,79.05,1,2.22,80.41,1
2014,1,22,-9.11,1,906.06,1,2.85,1,172.12,1,74.9,1,2.77,174.3,1
2014,1,23,-8.38,0.5,899.28,1,2.06,1,208.62,1,80.88,1,0.91,193.16,1
2014,1,24,-10.88,0.75,902.4,1,2.72,0.625,21,0.625,84.5,1,2.71,20.62,0.625
2014,1,25,-10.3,0.375,909,1,1.86,0.875,156,0.875,82.58,1,1.76,359.21,0.875
2014,1,26,-11.78,0.625,909.08,1,3.24,1,196.75,1,82.93,1,2.45,180.44,1
2014,1,27,-13.09,0.875,904.01,1,3.41,1,204.88,1,80.46,1,1.5,196.98,1
2014,1,28,-13.95,0.75,897.88,1,4.41,1,240.75,1,78.33,1,2.8,228.05,1
2014,1,29,-16.48,0.75,903.38,1,2.89,1,259.5,1,76.59,1,1.54,307.45,1
2014,1,30,-15.4,0.75,905.89,1,2.76,1,179.12,1,80.8,1,2.04,207.75,1
2014,1,31,-16.95,0.75,907.41,1,4.04,1,115.62,1,79.84,1,3.27,150.35,1
2014,2,1,-17.56,0.625,901.39,1,3.7,1,115.62,1,79.1,1,2.94,125.35,1
2014,2,2,-9.49,0.875,899.45,1,2.8,1,54.62,1,86.09,1,2.69,54.12,1
2014,2,3,-16.42,0.625,909.85,1,6.2,1,350.62,1,80.18,1,6.15,349.45,1
2014,2,4,-14.89,1,915.8,1,4.3,1,77.38,1,64.25,1,3.87,77.09,1
2014,2,5,-13.83,1,911.39,1,4.8,1,89.62,1,73.23,1,4.7,90.49,1
2014,2,6,-9.7,0.875,898.9,1,8.15,1,114.12,1,68.29,1,8.06,114.19,1
2014,2,7,-8,1,892.46,1,6.72,0.75,79.12,1,82.58,1,6.44,82.63,0.75
2014,2,8,-10.37,0.75,902.34,1,2.99,1,61,1,73.98,1,2.67,58.5,1
2014,2,9,-9.73,0.375,909.46,1,2,1,52.88,1,73.21,1,1.66,44.06,1
2014,2,10,-7.75,0.5,912.4,1,1.75,1,77,1,69.26,1,1.69,71.37,1
2014,2,11,-9.1,0.375,914.21,1,1.57,1,208.75,1,78.23,1,0.64,343.99,1
2014,2,12,-11.1,0.25,916.79,1,1.35,1,225.75,1,81.74,1,1.09,211.3,1
2014,2,13,-15.09,1,911.93,1,4.54,1,216.88,1,81.84,1,4.27,354.67,1
2014,2,14,-15.84,0.875,909.6,1,2.72,0.75,71.5,0.75,81.46,1,2.67,8.13,0.75
2014,2,15,-14.83,0.875,910.1,1,3.04,0.875,199,0.875,81.53,1,1.05,230.62,0.875
2014,2,16,-18.35,0.5,907.78,1,3.1,1,299,1,76.71,1,2.46,294.06,1
2014,2,17,-21.06,0.625,894.06,1,2.29,1,232,1,74.13,1,1.48,214.31,1
2014,2,18,-21.68,1,892.48,1,3.04,1,58.88,1,72.75,1,2.95,59.44,1
2014,2,19,-15.91,1,899.3,1,3.59,1,83.5,1,74.73,1,3.34,82.23,1
2014,2,20,-15.53,0.5,897,1,2.28,1,52.25,1,80.69,1,2.15,46.92,1
2014,2,21,-15.1,0.375,895.56,1,1.51,0.875,149.29,0.875,78.05,1,0.23,162.88,0.875
2014,2,22,-18.5,0.875,900.13,1,3.28,1,131.62,1,75,1,3.17,129.49,1
2014,2,23,-16.06,1,898.65,1,4.4,1,111.88,1,70.3,1,4.38,112.11,1
2014,2,24,-16.63,1,887.19,1,3.56,1,170.62,1,74.38,1,2.28,188.69,1
2014,2,25,-20.84,0.625,888.93,1,4.76,1,79.5,1,73.61,1,3.58,354.07,1
2014,2,26,-19.42,0.625,897.43,1,2.8,1,100,1,78.13,1,2.09,76.36,1
2014,2,27,-16.29,0.875,895.06,1,2.5,1,243.62,1,73.68,1,2.32,244.81,1
2014,2,28,-21.45,1,897.56,1,3.26,1,139.25,1,76.18,1,2.46,14.03,1
2014,3,1,-25.09,1,893.03,1,3.71,1,147.5,1,72.63,1,2.02,161.74,1
2014,3,2,-28.52,0.625,892.33,1,4.7,1,130.62,1,70.11,1,2.72,16.07,1
2014,3,3,-23.34,0.875,900.96,1,4.97,1,69.5,1,74.74,1,4.68,66.57,1
2014,3,4,-23.73,0.875,899.3,1,3.64,1,117.88,1,74.69,1,2.42,110.85,1
2014,3,5,-25.49,1,898.09,1,2.85,1,162.62,1,72.38,1,1.58,332.12,1
2014,3,6,-23.04,1,906.45,1,3.02,1,235.5,1,73.63,1,2.19,234.61,1
2014,3,7,-23.99,1,903.94,1,2.59,1,187.62,1,73.16,1,2.26,202.51,1
2014,3,8,-20.91,1,901.55,1,1.66,0.875,200.57,0.875,62.54,1,1.15,215.44,0.875
2014,3,9,-20.86,1,904.11,1,1.93,0.875,242.86,0.875,62.97,1,1.06,336.58,0.875
2014,3,10,-22.9,1,911.04,1,2.79,1,34.38,1,70.29,1,2.5,34.18,1
2014,3,11,-17.98,1,915.65,1,3.61,0.875,48.14,0.875,76.63,1,3.54,51.46,0.875
2014,3,12,-19.68,0.625,914.14,1,3.12,1,101.25,1,69.58,1,3,101.34,1
2014,3,13,-18,0.625,903.46,1,3.84,1,90.88,1,41.59,1,2.89,92.2,1
2014,3,14,-13.91,0.875,901.82,1,4.55,1,44,1,80.19,1,4.43,43.6,1
2014,3,15,-10.92,1,907.56,1,2.67,1,40.5,1,86.88,1,2.62,32.95,1
2014,3,16,-13.08,0.625,904.91,1,NA,0.125,57,0.25,83.48,1,NA,NA,0.125
2014,3,17,-20.02,0.75,906.32,1,5.51,1,66.25,1,78.41,1,4.81,18.37,1
2014,3,18,-15.19,1,899.62,1,5.35,1,79,1,82.69,1,5.12,79.73,1
2014,3,19,-14.1,0.875,893.09,1,2.16,1,162.38,1,83.08,1,1.1,25.95,1
2014,3,20,-16.99,0.875,895.97,1,1.37,0.75,62.83,0.75,81.84,1,1.3,59.37,0.75
2014,3,21,-19.03,0.875,890.87,1,NA,0,13,0.25,79.43,1,NA,NA,0
2014,3,22,-20.47,1,889.2,1,NA,0,NA,0,77.95,1,NA,NA,0
2014,3,23,-25.5,0.625,891.82,1,NA,0,NA,0,73.88,1,NA,NA,0
2014,3,24,-29.78,1,900.32,1,NA,0,NA,0,71.05,1,NA,NA,0
2014,3,25,-31.56,1,899.55,1,NA,0,NA,0,69.89,1,NA,NA,0
2014,3,26,-24.45,1,892.86,1,NA,0,37.17,0.75,74.44,1,NA,NA,0
2014,3,27,-16.04,0.875,887.41,1,NA,0,10,0.25,82.35,1,NA,NA,0
2014,3,28,-15.56,1,886.26,1,NA,0,NA,0,82.86,1,NA,NA,0
2014,3,29,-24.25,0.75,901.73,1,NA,0,NA,0,74.58,1,NA,NA,0
2014,3,30,-22.36,1,891.14,1,3.85,0.75,191.33,0.75,75.94,1,2.92,191.58,0.75
2014,3,31,-29.42,0.75,875.4,1,3.55,1,61.25,1,72,1,3.19,18.34,1
2014,4,1,-27.89,1,891.31,1,1.09,1,285.88,1,72.06,1,0.98,339.45,1
2014,4,2,-29.98,0.75,896.54,1,NA,0.125,NA,0.125,71.01,1,NA,NA,0.125
2014,4,3,-33.04,1,892.52,1,NA,0,NA,0,68.35,1,NA,NA,0
2014,4,4,-31.6,0.5,882.29,1,NA,0,NA,0,69.64,1,NA,NA,0
2014,4,5,-34.99,0.875,886.44,1,NA,0,NA,0,66.98,1,NA,NA,0
2014,4,6,-30.01,1,899.43,1,NA,0,NA,0,69.99,1,NA,NA,0
2014,4,7,-33.37,0.875,895.81,1,NA,0,NA,0,68.91,1,NA,NA,0
2014,4,8,-32.75,1,894.79,1,NA,0,NA,0,69.18,1,NA,NA,0
2014,4,9,-27.6,0.375,895.54,1,NA,0,NA,0,74.11,1,NA,NA,0
2014,4,10,-26.77,0.75,891.35,1,NA,0,NA,0,72.43,1,NA,NA,0
2014,4,11,-34.29,0.875,893.23,1,NA,0,NA,0,68.23,1,NA,NA,0
2014,4,12,-26.08,1,881.31,1,NA,0,NA,0,72.95,1,NA,NA,0
2014,4,13,-27.03,0.75,883.66,1,NA,0,NA,0,72.99,1,NA,NA,0
2014,4,14,-29.06,0.625,892.26,1,NA,0,NA,0,71.61,1,NA,NA,0
2014,4,15,-26.54,0.625,890.79,1,NA,0,NA,0,73.29,1,NA,NA,0
2014,4,16,-30.94,0.625,887.03,1,NA,0,NA,0,70.25,1,NA,NA,0
2014,4,17,-29.84,0.625,899.45,1,NA,0,NA,0,71.13,1,NA,NA,0
2014,4,18,-31.33,0.75,897.65,1,NA,0,NA,0,70.19,1,NA,NA,0
2014,4,19,-32.2,1,890.3,1,NA,0,NA,0,68.88,1,NA,NA,0
2014,4,20,-23.92,0.625,887.35,1,NA,0,NA,0,73.94,1,NA,NA,0
2014,4,21,-33.7,0.375,907.26,1,NA,0,NA,0,68.86,1,NA,NA,0
2014,4,22,-29.88,1,908.9,1,NA,0,NA,0,70.6,1,NA,NA,0
2014,4,23,-31.3,1,899.03,1,NA,0,NA,0,69.63,1,NA,NA,0
2014,4,24,-33.54,0.625,899.13,1,NA,0,NA,0,68.73,1,NA,NA,0
2014,4,25,-31.4,1,896.79,1,NA,0,NA,0,69.3,1,NA,NA,0
2014,4,26,-38.08,1,900.55,1,NA,0,NA,0,64.78,1,NA,NA,0
2014,4,27,-41.24,1,895.18,1,NA,0,NA,0,63.25,1,NA,NA,0
2014,4,28,-40.14,0.875,889.14,1,NA,0,NA,0,63.63,1,NA,NA,0
2014,4,29,-42.74,0.875,889.54,1,NA,0,NA,0,61.9,1,NA,NA,0
2014,4,30,-37.64,1,886.91,1,NA,0,NA,0,65.36,1,NA,NA,0
2014,5,1,-37.38,0.75,893.96,1,NA,0,NA,0,65.11,1,NA,NA,0
2014,5,2,-35.16,1,893.98,1,NA,0,NA,0,66.68,1,NA,NA,0
2014,5,3,-39,0.5,896.79,1,NA,0,NA,0,66.8,1,NA,NA,0
2014,5,4,-27.37,0.875,900.51,1,NA,0,NA,0,71.6,1,NA,NA,0
2014,5,5,-25.48,0.75,906.55,1,NA,0,NA,0,74.39,1,NA,NA,0
2014,5,6,-18.47,0.75,895.74,1,NA,0,NA,0,74.75,1,NA,NA,0
2014,5,7,-26,0.625,895.94,1,NA,0,NA,0,73.04,1,NA,NA,0
2014,5,8,-23.88,0.625,900.83,1,NA,0,NA,0,74.54,1,NA,NA,0
2014,5,9,-24.4,0.875,885.72,1,NA,0,NA,0,72.38,1,NA,NA,0
2014,5,10,-25.8,0.875,900.69,1,NA,0,NA,0,72.86,1,NA,NA,0
2014,5,11,-20.65,0.75,906.44,1,NA,0,NA,0,71.49,1,NA,NA,0
2014,5,12,-9.72,0.625,909.34,1,2.1,0.875,138,0.875,86.73,1,1.16,149.79,0.875
2014,5,13,-13.23,0.75,909.94,1,4.94,0.625,149.57,0.875,85.8,1,4.33,72.47,0.625
2014,5,14,-11.83,1,901.56,1,2.91,1,166.75,1,75.01,1,1.7,90.51,1
2014,5,15,-16.06,0.875,901.86,1,2.69,1,330.62,1,83.29,1,2.63,322.98,1
2014,5,16,-21.71,1,899.49,1,0.87,0.375,325,0.375,78.05,1,0.87,322.69,0.375
2014,5,17,-26.72,0.625,892.31,1,NA,0,NA,0,74.38,1,NA,NA,0
2014,5,18,-20.31,0.875,895.22,1,NA,0,NA,0,78.04,1,NA,NA,0
2014,5,19,-22.06,1,899.48,1,NA,0,NA,0,76.78,1,NA,NA,0
2014,5,20,-25.48,0.625,905.69,1,NA,0,NA,0,73.14,1,NA,NA,0
2014,5,21,-20.19,0.875,903.38,1,NA,0,NA,0,78.88,1,NA,NA,0
2014,5,22,-18.63,1,898.22,1,NA,0,NA,0,79.66,1,NA,NA,0
2014,5,23,-21.4,0.875,889.66,1,NA,0,NA,0,77.33,1,NA,NA,0
2014,5,24,-30.67,0.75,900.31,1,NA,0,NA,0,71.14,1,NA,NA,0
2014,5,25,-29.49,0.875,913.31,1,NA,0,NA,0,70.99,1,NA,NA,0
2014,5,26,-32.1,0.75,896.29,1,NA,0,NA,0,69.59,1,NA,NA,0
2014,5,27,-33.33,0.5,899.26,1,NA,0,NA,0,68.28,1,NA,NA,0
2014,5,28,-26.52,0.625,905.65,1,NA,0,NA,0,72.55,1,NA,NA,0
2014,5,29,-23.46,1,900.73,1,NA,0,NA,0,75.5,1,NA,NA,0
2014,5,30,-22.3,1,886.7,1,NA,0,NA,0,76.6,1,NA,NA,0
2014,5,31,-30.22,0.625,889.03,1,NA,0,NA,0,70.53,1,NA,NA,0
2014,6,1,-31.34,0.875,890.6,1,NA,0,NA,0,69.61,1,NA,NA,0
2014,6,2,-35.65,0.75,885.51,1,NA,0,NA,0,67.88,1,NA,NA,0
2014,6,3,-34.27,0.75,905.65,1,NA,0,NA,0,67.08,1,NA,NA,0
2014,6,4,-36.2,1,907.59,1,NA,0,NA,0,66.29,1,NA,NA,0
2014,6,5,-36.34,1,896.78,1,NA,0,NA,0,66.08,1,NA,NA,0
2014,6,6,-33.9,0.375,889.3,1,NA,0,NA,0,73.69,1,NA,NA,0
2014,6,7,-24.32,0.625,887.39,1,NA,0,NA,0,74.43,1,NA,NA,0
2014,6,8,-29.53,1,896.24,1,NA,0,NA,0,71.11,1,NA,NA,0
2014,6,9,-26.04,0.875,889.72,1,NA,0,NA,0,73.93,1,NA,NA,0
2014,6,10,-28.09,0.875,887.24,1,NA,0,NA,0,71.7,1,NA,NA,0
2014,6,11,-31.23,1,891.05,1,NA,0,NA,0,69.83,1,NA,NA,0
2014,6,12,-36.47,0.875,890.3,1,NA,0,NA,0,66.16,1,NA,NA,0
2014,6,13,-35.36,0.875,890.8,1,NA,0,NA,0,67.2,1,NA,NA,0
2014,6,14,-33.14,0.625,890.48,1,NA,0,NA,0,68.35,1,NA,NA,0
2014,6,15,-34.84,0.625,891.73,1,NA,0,NA,0,67.1,1,NA,NA,0
2014,6,16,-36.76,1,900.51,1,NA,0,NA,0,66.48,1,NA,NA,0
2014,6,17,-35.32,0.75,901.59,1,NA,0,NA,0,66.25,1,NA,NA,0
2014,6,18,-31.73,0.75,893.91,1,NA,0,NA,0,69.11,1,NA,NA,0
2014,6,19,-30.43,0.375,882.18,1,NA,0,NA,0,69.52,1,NA,NA,0
2014,6,20,-35.03,0.375,887.15,1,NA,0,NA,0,66,1,NA,NA,0
2014,6,21,-39.17,0.875,897.43,1,NA,0,NA,0,64.66,1,NA,NA,0
2014,6,22,-31.6,0.625,896.03,1,NA,0,NA,0,68.31,1,NA,NA,0
2014,6,23,-33.93,0.5,896.25,1,NA,0,NA,0,67.58,1,NA,NA,0
2014,6,24,-32.3,0.625,900.08,1,NA,0,NA,0,68.85,1,NA,NA,0
2014,6,25,-39.97,0.375,900.53,1,NA,0,NA,0,64.19,1,NA,NA,0
2014,6,26,-38.33,0.75,902.2,1,NA,0,NA,0,65.75,1,NA,NA,0
2014,6,27,-40.56,0.625,896.04,1,NA,0,NA,0,64.11,1,NA,NA,0
2014,6,28,-45.46,1,899.54,1,NA,0,NA,0,61.21,1,NA,NA,0
2014,6,29,-36.4,0.75,899.02,1,NA,0,NA,0,66.35,1,NA,NA,0
2014,6,30,-28.9,0.625,900.39,1,NA,0,NA,0,70.99,1,NA,NA,0
2014,7,1,-32.39,1,904.87,1,NA,0,NA,0,68.76,1,NA,NA,0
2014,7,2,-37.68,0.75,897.21,1,NA,0,NA,0,65.49,1,NA,NA,0
2014,7,3,-39.43,0.75,895.6,1,NA,0,NA,0,63.89,1,NA,NA,0
2014,7,4,-43.39,1,893.69,1,NA,0,NA,0,62.35,1,NA,NA,0
2014,7,5,-45.39,0.875,892.84,1,NA,0,NA,0,61.01,1,NA,NA,0
2014,7,6,-36.21,1,884.87,1,NA,0,NA,0,66.13,1,NA,NA,0
2014,7,7,-26.93,0.875,882.06,1,NA,0,NA,0,72.55,1,NA,NA,0
2014,7,8,-35.96,0.875,881.64,1,1.24,0.625,213.8,0.625,67.01,1,0.93,273.13,0.625
2014,7,9,-43.4,0.5,882.29,1,0.5,0.25,15.5,0.25,62.95,1,0.5,16.6,0.25
2014,7,10,-42.05,1,884.28,1,NA,0,NA,0,63.09,1,NA,NA,0
2014,7,11,-46.54,1,888.95,1,NA,0,NA,0,60.81,1,NA,NA,0
2014,7,12,-43.73,1,887.64,1,NA,0,NA,0,62.28,1,NA,NA,0
2014,7,13,-48.47,0.875,885.1,1,NA,0,NA,0,59.81,1,NA,NA,0
2014,7,14,-43.66,1,893.93,1,NA,0,NA,0,61.48,1,NA,NA,0
2014,7,15,-40.84,1,893.59,1,NA,0,NA,0,62.78,1,NA,NA,0
2014,7,16,-39.07,0.75,886.21,1,NA,0,NA,0,66.34,1,NA,NA,0
2014,7,17,-31.77,0.875,889.11,1,NA,0,NA,0,67.94,1,NA,NA,0
2014,7,18,-35.6,0.75,891.3,1,NA,0.125,NA,0.125,68.46,1,NA,NA,0.125
2014,7,19,-24.52,0.75,885.37,1,3.18,1,75.75,1,74.71,1,2.97,77.16,1
2014,7,20,-25.17,0.75,893.97,1,7.27,0.75,91.88,1,74.96,1,7.24,93.81,0.75
2014,7,21,-25.05,0.75,900.18,1,7.9,1,105.25,1,73.75,1,7.72,104.12,1
2014,7,22,-31.85,0.75,906,1,9.07,0.5,63,0.625,69.58,1,8.35,66.21,0.5
2014,7,23,-29.02,0.75,906.78,1,NA,0.125,NA,0.125,71.83,1,NA,NA,0.125
2014,7,24,-28.06,0.875,884.8,1,2.52,0.625,196,0.625,72.36,1,0.27,162.76,0.625
2014,7,25,-28.53,0.375,898.06,1,5.81,1,181.62,1,69.59,1,5.31,0.23,1
2014,7,26,-24.2,1,908.5,1,4.51,1,35,1,74.4,1,4.38,34.14,1
2014,7,27,-29.3,0.375,900.14,1,2.97,0.75,272.67,0.75,68.13,1,2.66,331.54,0.75
2014,7,28,-33.85,0.75,912.54,1,NA,0,NA,0,67.65,1,NA,NA,0
2014,7,29,-35.8,1,912.15,1,NA,0,NA,0,66.76,1,NA,NA,0
2014,7,30,-33.25,1,908.01,1,NA,0,NA,0,67.99,1,NA,NA,0
2014,7,31,-36.44,0.625,916.5,1,NA,0,NA,0,66.36,1,NA,NA,0
2014,8,1,-30.9,0.75,906.8,1,2.64,0.625,125.2,0.625,69.93,1,2.59,127.22,0.625
2014,8,2,-19.26,1,879,1,2.59,1,87.88,1,78.74,1,2.17,82.22,1
2014,8,3,-17.59,1,877.61,1,8.14,1,34.12,1,80.84,1,8.07,32.48,1
2014,8,4,-27.32,0.75,893.29,1,3.5,1,40,1,73.5,1,3.2,36.71,1
2014,8,5,-28.14,0.625,898.41,1,0.92,0.625,66.2,0.625,73.26,1,0.9,66.86,0.625
2014,8,6,-16.66,0.875,900.7,1,NA,0,NA,0,81.36,1,NA,NA,0
2014,8,7,-17.81,1,894.29,1,1.73,0.5,79.75,0.5,80.49,1,1.72,76.99,0.5
2014,8,8,-19.86,0.875,887,1,2.65,1,78.5,1,78.28,1,2.45,78.56,1
2014,8,9,-19.51,1,887.36,1,3.46,1,80.38,1,79.23,1,3.25,77.46,1
2014,8,10,-19.7,0.625,886.74,1,5.35,1,113.75,1,78.31,1,5.03,110.41,1
2014,8,11,-27.63,1,886.03,1,5.76,1,97.12,1,72.25,1,5.36,92.89,1
2014,8,12,-28.77,0.75,887.01,1,4.3,1,174.88,1,71.53,1,1.61,59.65,1
2014,8,13,-29.95,1,902.21,1,3.81,0.875,95.75,1,70.5,1,3.73,3.72,0.875
2014,8,14,-27.15,0.75,905.85,1,0.72,1,35,1,71.99,1,0.7,31.67,1
2014,8,15,-16.21,0.875,883.2,1,0.81,1,86.5,1,82.5,1,0.71,43.83,1
2014,8,16,-21.98,0.625,881.28,1,0.43,0.375,254.33,0.375,78.11,1,0.37,15.81,0.375
2014,8,17,-21.97,1,876.69,1,NA,0,NA,0,76.65,1,NA,NA,0
2014,8,18,-26.84,1,876.29,1,NA,0,NA,0,73.15,1,NA,NA,0
2014,8,19,-30.9,0.75,891.46,1,NA,0,NA,0,70.73,1,NA,NA,0
2014,8,20,-23.44,0.625,887.93,1,NA,0,NA,0,74.79,1,NA,NA,0
2014,8,21,-24.87,0.75,888.14,1,NA,0,NA,0,74.19,1,NA,NA,0
2014,8,22,-33.41,0.875,874.7,1,NA,0,NA,0,68.61,1,NA,NA,0
2014,8,23,-29.45,0.5,875.3,1,NA,0,NA,0,72.09,1,NA,NA,0
2014,8,24,-32.98,0.5,885.16,1,NA,0,NA,0,67.35,1,NA,NA,0
2014,8,25,-32.51,1,901.28,1,NA,0,NA,0,68.8,1,NA,NA,0
2014,8,26,-25.61,1,897.06,1,NA,0,NA,0,72.95,1,NA,NA,0
2014,8,27,-22.23,0.875,896.85,1,NA,0,NA,0,76.16,1,NA,NA,0
2014,8,28,-22.03,1,909.48,1,NA,0,NA,0,76.66,1,NA,NA,0
2014,8,29,-19.18,0.625,908.18,1,0.5,0.5,78.75,0.5,79.49,1,0.44,76.05,0.5
2014,8,30,-18.24,0.875,903.91,1,NA,0,NA,0,80.29,1,NA,NA,0
2014,8,31,-16.99,1,902.01,1,1.07,0.5,98.5,0.5,81.4,1,1.07,96.35,0.5
2014,9,1,-21.17,0.75,897.41,1,1.91,1,160.12,1,76.25,1,0.48,4.42,1
2014,9,2,-25.13,0.75,893.95,1,1.03,0.375,54.67,0.375,75.56,1,1.03,54.94,0.375
2014,9,3,-22,0.375,894,1,3.93,0.375,48,0.375,75.14,1,3.89,47.52,0.375
2014,9,4,-21.84,1,889.35,1,2.7,1,204,1,77.23,1,1.24,257.52,1
2014,9,5,-26.1,1,894.68,1,3.69,1,217.25,1,73.93,1,3.29,345.95,1
2014,9,6,-29.2,0.875,900.4,1,0.65,0.5,61.75,0.5,71.66,1,0.64,57.72,0.5
2014,9,7,-25.55,0.5,898.26,1,1.35,1,93.88,1,73.65,1,1.23,104.53,1
2014,9,8,-21.94,0.875,895.63,1,7.24,1,96.88,1,76.26,1,7.12,96.99,1
2014,9,9,-21.32,0.75,889.69,1,7.71,1,77.88,1,76.59,1,6.63,87.38,1
2014,9,10,-22.04,1,886.85,1,3.59,1,104.25,1,76.66,1,3.22,101.42,1
2014,9,11,-17,1,888.98,1,7.21,1,79.62,1,81.29,1,7.08,81.26,1
2014,9,12,-19.99,1,903.06,1,10.33,0.875,79.38,1,78.63,1,10.24,80.29,0.875
2014,9,13,-22.01,1,905.29,1,5.22,0.625,89.2,0.625,76.65,1,5.01,90.5,0.625
2014,9,14,-21.34,1,902.96,1,NA,0,NA,0,76.35,1,NA,NA,0
2014,9,15,-30.36,1,901.51,1,3.33,1,176.38,1,70.74,1,3.07,349.19,1
2014,9,16,-35.81,1,904.49,1,2.17,1,19.88,1,66.81,1,2.17,19.77,1
2014,9,17,-22.43,0.75,914.16,1,0.77,1,69.5,1,73.95,1,0.55,56.76,1
2014,9,18,-28.9,1,907.26,1,0.81,0.875,166.86,0.875,71.56,1,0.64,191.21,0.875
2014,9,19,-33.82,1,892.91,1,NA,0.125,NA,0.125,68.21,1,NA,NA,0.125
2014,9,20,-30.41,0.875,898.93,1,NA,0,NA,0,69.83,1,NA,NA,0
2014,9,21,-24.86,0.625,890.1,1,NA,0.125,77,0.25,74.15,1,NA,NA,0.125
2014,9,22,-21.47,0.75,893.6,1,7.34,0.625,103,1,77.51,1,7.17,101.8,0.625
2014,9,23,-23.43,0.75,889.46,1,4.67,0.875,87.88,1,75.16,1,2.95,19.36,0.875
2014,9,24,-28.66,1,905.46,1,2.44,0.875,79.38,1,71.43,1,0.99,75.13,0.875
2014,9,25,-34.08,1,900.46,1,0.95,0.25,154,0.25,67.9,1,0.95,151.1,0.25
2014,9,26,-22.92,0.625,898.43,1,3.74,0.625,53.8,0.625,77.93,1,3.72,49.74,0.625
2014,9,27,-10.41,0.875,901.93,1,4.62,1,56.38,1,87.78,1,4.47,50.65,1
2014,9,28,-8.24,0.875,909.75,1,4.9,0.25,52.14,0.875,89.33,1,4.82,80.63,0.25
2014,9,29,-9.89,0.875,913.65,1,4.15,1,84.38,1,88.09,1,4.05,84.56,1
2014,9,30,-9.74,1,909.66,1,1.99,1,72.38,1,87.88,1,1.47,60.49,1
2014,10,1,-12.89,0.875,906.14,1,1.72,0.625,118.4,0.625,86.53,1,1.02,32.89,0.625
2014,10,2,-10.15,1,902.7,1,NA,0,NA,0,87.74,1,NA,NA,0
2014,10,3,-12.41,1,901.06,1,NA,0,NA,0,84.56,1,NA,NA,0
2014,10,4,-18.14,1,905.63,1,NA,0,NA,0,79.44,1,NA,NA,0
2014,10,5,-19.3,0.75,895.75,1,5.15,0.75,92.33,0.75,80.34,1,4.77,94.38,0.75
2014,10,6,-10.19,0.875,883.03,1,2.6,1,86.5,1,87.86,1,1.84,62.33,1
2014,10,7,-12.56,0.875,877.7,1,NA,0.125,NA,0.125,87.13,1,NA,NA,0.125
2014,10,8,-17.67,0.75,894.55,1,5.65,0.25,323,0.25,81.2,1,5.55,325.86,0.25
2014,10,9,-14.67,0.875,899.25,1,9.46,1,51.25,1,83.79,1,9.39,4.64,1
2014,10,10,-15.31,0.875,888.88,1,9,0.875,213.12,1,83.84,1,8.32,347.99,0.875
2014,10,11,-20.66,1,890.48,1,7.32,0.625,161.25,1,78.76,1,5.6,6.72,0.625
2014,10,12,-18.6,0.5,877.34,1,6.66,1,208.62,1,82.86,1,5.02,334.41,1
2014,10,13,-24.09,0.875,884.15,1,6.96,1,292.5,1,76.26,1,6.59,286.6,1
2014,10,14,-23.83,1,890.21,1,2.9,0.875,174,1,75.48,1,1.06,346.84,0.875
2014,10,15,-23.88,0.75,874.4,1,4.2,1,103.12,1,76.79,1,3.61,110,1
2014,10,16,-19.43,0.875,879.18,1,3.05,1,126.62,1,79.93,1,1.74,60.32,1
2014,10,17,-20.33,1,876.5,1,3.83,0.375,67.33,0.375,78.85,1,3.69,63.67,0.375
2014,10,18,-24.37,0.875,870.26,1,5.12,1,83.62,1,75.6,1,4.78,79.41,1
2014,10,19,-24.5,0.625,871.64,1,3.31,1,32.12,1,77.04,1,3.06,31.01,1
2014,10,20,-23.03,0.875,886.08,1,1.51,1,164.25,1,76.15,1,0.99,207.57,1
2014,10,21,-22.1,1,888.86,1,2.45,0.25,168,0.25,75.99,1,2.29,166.65,0.25
2014,10,22,-25.57,0.75,881.64,1,5.74,1,123.25,1,72.96,1,4.4,113.38,1
2014,10,23,-25.3,0.625,887.2,1,2.54,1,211,1,75.55,1,2.12,44.99,1
2014,10,24,-19.8,0.5,888.74,1,3.8,1,200.62,1,75.68,1,1.97,106.18,1
2014,10,25,-21.6,0.875,894.63,1,6.9,1,105.75,1,76.63,1,6.72,105.31,1
2014,10,26,-21.16,0.875,905.59,1,4.6,1,103.62,1,79.41,1,4.34,100.7,1
2014,10,27,-18.38,0.625,903.19,1,2.24,1,110,1,85.09,1,2.09,73.72,1
2014,10,28,-13.08,0.625,903.76,1,2.78,1,302.75,1,87.88,1,2.55,301.49,1
2014,10,29,-17.93,0.375,906.56,1,1.91,0.875,100.43,0.875,86.89,1,1.36,24.77,0.875
2014,10,30,-12.48,0.5,899.91,1,1.34,1,196,1,86.13,1,0.23,316.82,1
2014,10,31,NA,0.125,895.01,1,1.91,1,187.38,1,80.83,1,0.69,200.25,1
2014,11,1,-23.13,0.5,896.38,1,7.96,1,241.88,1,76.04,1,7.93,242.59,1
2014,11,2,-20.95,1,903.91,1,6.41,1,223.25,1,76.71,1,6.22,225.32,1
2014,11,3,-22.14,1,902.01,1,4.89,1,188,1,76.03,1,4.66,193.47,1
2014,11,4,-20.17,0.75,900.11,1,2.04,1,231,1,81.29,1,1.24,207.71,1
2014,11,5,-33.45,0.25,898.23,1,2.9,1,43.38,1,72.7,1,2.79,44.96,1
2014,11,6,-25.53,0.75,903.65,1,3.84,1,55.75,1,74.69,1,3.82,55.05,1
2014,11,7,-16.78,0.5,908.09,1,2.58,1,138.25,1,80.16,1,2.14,141.49,1
2014,11,8,-13.47,0.75,906.11,1,1.83,0.875,187.71,0.875,84.4,1,1.61,185.56,0.875
2014,11,9,-7.1,0.25,904.77,1,2.14,1,184.12,1,78.59,1,2.09,189.44,1
2014,11,10,-13.22,0.75,905.8,1,1.09,0.875,126.86,0.875,84.49,1,0.72,151.15,0.875
2014,11,11,-18.67,0.5,908.01,1,2.14,1,140.88,1,75.8,1,2.1,3.94,1
2014,11,12,-22.24,1,907.98,1,2.76,1,179.5,1,73.68,1,2.54,357.06,1
2014,11,13,-18.63,1,904.76,1,2.16,1,41.88,1,76.75,1,2.11,38.78,1
2014,11,14,-18.1,1,897.1,1,2.64,1,143.88,1,79.14,1,1.56,41.4,1
2014,11,15,-17.6,1,890.26,1,2.96,1,286.25,1,78.45,1,2.67,269.62,1
2014,11,16,-18.43,0.5,901.3,1,3.31,1,235,1,74.2,1,2.37,254.03,1
2014,11,17,-21.72,0.625,906.26,1,3.17,1,143.88,1,72.41,1,1.64,109.21,1
2014,11,18,-23.19,0.875,898.94,1,5.25,1,176.88,1,70.75,1,4.56,174.75,1
2014,11,19,-18.95,0.75,903.36,1,2.55,1,167.12,1,71.16,1,2.12,197.17,1
2014,11,20,-18.3,0.375,905.56,1,2,1,91.5,1,70.13,1,1.97,94.11,1
2014,11,21,-19.08,0.625,897.74,1,2.29,1,88.12,1,71.76,1,2.27,87.57,1
2014,11,22,-12.35,0.75,896.45,1,1.82,1,70.5,1,63.01,1,1.68,69.14,1
2014,11,23,-9.22,0.625,901.63,1,1.94,1,147.5,1,73.51,1,1.45,13.29,1
2014,11,24,-12.44,1,905.04,1,2.35,1,54.12,1,78.83,1,2.31,53.44,1
2014,11,25,-12.12,0.75,905.65,1,2,1,76.75,1,74.13,1,1.58,66.45,1
2014,11,26,-9.05,0.5,902.94,1,2.42,1,171.25,1,80.38,1,2.16,169.31,1
2014,11,27,-13.25,0.5,903.36,1,1.68,1,102.88,1,76.26,1,0.6,65.79,1
2014,11,28,-12.59,1,908.21,1,1.95,1,90.88,1,60.21,1,1.47,104.12,1
2014,11,29,-12.51,1,910.79,1,2.2,1,67.75,1,70.6,1,1.98,60.67,1
2014,11,30,-12.56,0.875,907.25,1,2.12,1,153.75,1,49.53,1,1.27,165.88,1
2014,12,1,-14,0.375,904.85,1,1.59,1,84.38,1,43.55,1,1.38,26.12,1
2014,12,2,NA,0,900.23,1,0.94,0.875,143.29,0.875,50.54,1,0.6,330.62,0.875
2014,12,3,NA,0.125,900.18,1,1.2,1,188,1,77.34,1,0.84,186.51,1
2014,12,4,-15.8,1,898.32,1,2.83,1,104.88,1,54.08,1,2.8,104.99,1
2014,12,5,-14.05,0.75,896.83,1,3.04,1,96.38,1,59.3,1,2.88,103.16,1
2014,12,6,-9.41,0.875,895.11,1,2.76,1,128.38,1,72.79,1,2.67,131.6,1
2014,12,7,-9.35,1,892.16,1,3.22,1,129.88,1,73.36,1,2.31,98.68,1
2014,12,8,-10.79,1,889.38,1,3.36,1,228.62,1,76.2,1,2.22,336.63,1
2014,12,9,-10.6,1,891.98,1,3.58,1,158.25,1,74.21,1,1.9,14.58,1
2014,12,10,-10.6,1,899.36,1,3.86,1,118.12,1,80.09,1,3.42,24.01,1
2014,12,11,-10.39,1,903.54,1,3.78,1,23.38,1,83.01,1,3.65,23.35,1
2014,12,12,-10.57,0.875,908.36,1,3,1,35.25,1,82.6,1,2.81,35.38,1
2014,12,13,-10.43,0.5,913.13,1,1.85,1,151.25,1,79.04,1,0.86,132.43,1
2014,12,14,-12.27,0.375,914.93,1,1.93,1,231,1,74.79,1,1.71,224.79,1
2014,12,15,-16.58,0.5,910.83,1,1.93,1,244.25,1,73.69,1,1.29,346.36,1
2014,12,16,-15.4,0.625,909.38,1,2.94,1,200.12,1,77.99,1,1.81,206.43,1
2014,12,17,-13.58,0.75,913.08,1,2.72,1,183.5,1,78.88,1,2.64,185.59,1
2014,12,18,-13.26,0.625,915.81,1,2.54,1,226.75,1,70.75,1,2.5,225.29,1
2014,12,19,NA,0.125,912.41,1,1.07,0.875,218.71,0.875,72.73,1,0.86,201.05,0.875
2014,12,20,-12.33,0.5,908.69,1,1.4,0.75,183,0.75,73.44,1,1.33,168.82,0.75
2014,12,21,-15.38,1,903.31,1,3.09,1,180.62,1,75.75,1,2.96,180.95,1
2014,12,22,NA,0.125,901.44,1,1.38,1,177.88,1,70.34,1,1.1,150.32,1
2014,12,23,-12.26,0.625,907.59,1,2.25,1,226.62,1,78.14,1,1.46,311.02,1
2014,12,24,-13.82,0.75,907.51,1,2.94,1,170.12,1,76.61,1,2.83,167.42,1
2014,12,25,-13.3,0.5,900.47,1,2.09,1,181.62,1,73.79,1,1.86,148.72,1
2014,12,26,-15.12,0.625,899.6,1,2.4,1,158.25,1,75.86,1,2.18,155.21,1
2014,12,27,-13.63,0.375,900.03,1,2.45,1,238.38,1,75.23,1,1.54,236.55,1
2014,12,28,-16.05,0.25,903.31,1,1.39,1,168.62,1,75.1,1,0.5,295.52,1
2014,12,29,-15.23,0.375,905.7,1,1.4,1,146.25,1,75.81,1,0.97,82.47,1
2014,12,30,-10.45,0.75,907.71,1,2.67,1,134.62,1,63.99,1,2.61,138.64,1
2014,12,31,-7.99,1,905.05,1,3.05,1,177.12,1,71.38,1,2.99,175.53,1
2015,1,1,-6.15,0.25,904.34,1,1.87,0.875,144.29,0.875,68.04,1,0.77,170.78,0.875
2015,1,2,-5.78,0.5,901.94,1,1.95,1,211.88,1,65.46,1,0.89,183.75,1
2015,1,3,-9.52,0.5,908.14,1,2.17,1,33.62,1,77.13,1,2.06,29.8,1
2015,1,4,-6.6,0.625,907.75,1,2.25,1,157.25,1,73.93,1,1.28,146.83,1
2015,1,5,-5.4,0.375,907.26,1,2.15,1,296.88,1,75.4,1,1.72,321.99,1
2015,1,6,-4.79,0.875,912.44,1,3.51,1,182.12,1,85.52,1,3.23,3.33,1
2015,1,7,-4.23,0.5,912.4,1,2.28,1,128.38,1,81.14,1,0.74,137.27,1
2015,1,8,-5.49,1,909.39,1,3.42,1,237.75,1,88.68,1,2.82,220.9,1
2015,1,9,-6.68,1,909.3,1,3.5,1,265.75,1,85.98,1,3.26,263.22,1
2015,1,10,-5.24,1,908.06,1,2.43,0.375,218.33,0.375,80.5,1,2.2,216.4,0.375
2015,1,11,-7.06,0.625,904.51,1,2.88,1,195.75,1,80.71,1,2.83,192.76,1
2015,1,12,NA,0,905.19,1,1.45,1,216.25,1,69.45,1,1,251.79,1
2015,1,13,-8.7,0.375,906.1,1,1.77,1,35.12,1,78.25,1,1.72,28.5,1
2015,1,14,-11.92,1,910.97,1,3.01,1,134.25,1,80.06,1,2.7,359.45,1
2015,1,15,-12.63,0.375,913.99,1,2.09,1,221.25,1,78.03,1,1.58,201.83,1
2015,1,16,-13.65,0.75,914.08,1,4.03,1,208.5,1,79.99,1,3.91,210.8,1
2015,1,17,-13.1,1,911.66,1,4.38,0.625,213,1,79.36,1,3.64,201.95,0.625
2015,1,18,-13,1,907.1,1,2.84,1,247.12,1,64.83,1,2.58,248.04,1
2015,1,19,-11.78,1,908.28,1,3.7,1,143.25,1,67.63,1,3.5,141.62,1
2015,1,20,-12.74,1,908.71,1,3.4,1,204,1,73.44,1,2.85,211.47,1
2015,1,21,-13.25,0.5,902.36,1,2.78,1,224,1,53.35,1,2.73,223.08,1
2015,1,22,-12.37,0.375,898.1,1,1.77,1,177.38,1,51.71,1,1.43,181.54,1
2015,1,23,-13.4,0.875,898.55,1,2.64,1,154.75,1,60.53,1,1.87,164.86,1
2015,1,24,-14.16,1,900.15,1,3.94,0.875,32.12,1,80.51,1,3.88,29.64,0.875
2015,1,25,-13.28,0.5,902.86,1,3.63,0.75,99.86,0.875,79.75,1,2.23,48.71,0.75
2015,1,26,-13.54,0.875,904.31,1,2.6,1,95.38,1,77.26,1,2.06,107.22,1
2015,1,27,-11.48,1,901.18,1,3.34,1,111.75,1,68.95,1,2.96,114.31,1
2015,1,28,-10.33,0.5,898.6,1,2.14,1,65.12,1,71.08,1,1.63,67.72,1
2015,1,29,-10.98,0.75,896.91,1,3.17,1,121.12,1,62.58,1,2.93,121.89,1
2015,1,30,-13.1,0.75,891.37,1,3.26,1,91.5,1,76.29,1,2.77,85.94,1
2015,1,31,-12.8,0.75,894.04,1,2.71,1,82.5,1,74.89,1,2.63,80.38,1
2015,2,1,NA,0.125,904.34,1,1.87,0.875,144.29,0.875,68.04,1,0.77,170.78,0.875
2015,2,2,-5.78,0.5,901.94,1,1.95,1,211.88,1,65.46,1,0.89,183.75,1
2015,2,3,-9.52,0.5,908.14,1,2.17,1,33.62,1,77.13,1,2.06,29.8,1
2015,2,4,-6.6,0.625,907.75,1,2.25,1,157.25,1,73.93,1,1.28,146.83,1
2015,2,5,-5.4,0.375,907.26,1,2.15,1,296.88,1,75.4,1,1.72,321.99,1
2015,2,6,-4.79,0.875,912.44,1,3.51,1,182.12,1,85.52,1,3.23,3.33,1
2015,2,7,-4.23,0.5,912.4,1,2.28,1,128.38,1,81.14,1,0.74,137.27,1
2015,2,8,-5.49,1,909.39,1,3.42,1,237.75,1,88.68,1,2.82,220.9,1
2015,2,9,-6.68,1,909.3,1,3.5,1,265.75,1,85.98,1,3.26,263.22,1
2015,2,10,-5.24,1,908.06,1,2.43,0.375,218.33,0.375,80.5,1,2.2,216.4,0.375
2015,2,11,-7.06,0.625,904.51,1,2.88,1,195.75,1,80.71,1,2.83,192.76,1
2015,2,12,NA,0,905.19,1,1.45,1,216.25,1,69.45,1,1,251.79,1
2015,2,13,-8.7,0.375,906.1,1,1.77,1,35.12,1,78.25,1,1.72,28.5,1
2015,2,14,-11.92,1,910.97,1,3.01,1,134.25,1,80.06,1,2.7,359.45,1
2015,2,15,-12.63,0.375,913.99,1,2.09,1,221.25,1,78.03,1,1.58,201.83,1
2015,2,16,-13.65,0.75,914.08,1,4.03,1,208.5,1,79.99,1,3.91,210.8,1
2015,2,17,-13.1,1,911.66,1,4.38,0.625,213,1,79.36,1,3.64,201.95,0.625
2015,2,18,-13,1,907.1,1,2.84,1,247.12,1,64.83,1,2.58,248.04,1
2015,2,19,-11.78,1,908.28,1,3.7,1,143.25,1,67.63,1,3.5,141.62,1
2015,2,20,-12.74,1,908.71,1,3.4,1,204,1,73.44,1,2.85,211.47,1
2015,2,21,-13.25,0.5,902.36,1,2.78,1,224,1,53.35,1,2.73,223.08,1
2015,2,22,-12.37,0.375,898.1,1,1.77,1,177.38,1,51.71,1,1.43,181.54,1
2015,2,23,-13.4,0.875,898.55,1,2.64,1,154.75,1,60.53,1,1.87,164.86,1
2015,2,24,-14.16,1,900.15,1,3.94,0.875,32.12,1,80.51,1,3.88,29.64,0.875
2015,2,25,-13.28,0.5,902.86,1,3.63,0.75,99.86,0.875,79.75,1,2.23,48.71,0.75
2015,2,26,-13.54,0.875,904.31,1,2.6,1,95.38,1,77.26,1,2.06,107.22,1
2015,2,27,-11.48,1,901.18,1,3.34,1,111.75,1,68.95,1,2.96,114.31,1
2015,2,28,-10.33,0.5,898.6,1,2.14,1,65.12,1,71.08,1,1.63,67.72,1
2015,3,1,-15.38,0.75,899.73,1,4.6,1,99.12,1,70.43,1,4.44,101.25,1
2015,3,2,-10.59,1,893.39,1,3.01,1,64.25,1,77.3,1,2.37,73.9,1
2015,3,3,-9.08,1,891.11,1,7.8,0.625,44,1,88.54,1,7.23,32.77,0.625
2015,3,4,-12.83,1,904.13,1,11.27,0.875,21.25,1,84.49,1,11.16,19.42,0.875
2015,3,5,-14.06,1,909.19,1,3.19,0.875,93.43,0.875,83.46,1,2.49,69.28,0.875
2015,3,6,-15.53,0.875,906.56,1,4.61,0.875,273.25,1,82.11,1,4.45,271.1,0.875
2015,3,7,-18.66,1,909.46,1,1.83,0.875,137.86,0.875,79.76,1,1.51,3.05,0.875
2015,3,8,-21.73,0.875,901.59,1,NA,0,NA,0,77.59,1,NA,NA,0
2015,3,9,-25.95,0.75,904.69,1,NA,0,NA,0,73.03,1,NA,NA,0
2015,3,10,-28.63,0.75,907.15,1,NA,0,NA,0,70.79,1,NA,NA,0
2015,3,11,-30.94,1,907.41,1,NA,0,NA,0,69.6,1,NA,NA,0
2015,3,12,-30.63,1,897.99,1,NA,0,NA,0,69.73,1,NA,NA,0
2015,3,13,-31.32,0.625,890.35,1,NA,0,NA,0,69.2,1,NA,NA,0
2015,3,14,-35.9,1,902.24,1,NA,0,NA,0,66.03,1,NA,NA,0
2015,3,15,-30.06,0.625,892.64,1,NA,0,NA,0,69.35,1,NA,NA,0
2015,3,16,-38.4,1,896.31,1,NA,0,NA,0,65.18,1,NA,NA,0
2015,3,17,-33.4,0.75,901.38,1,NA,0,NA,0,69.63,1,NA,NA,0
2015,3,18,-28.75,0.75,899.64,1,NA,0,NA,0,71.63,1,NA,NA,0
2015,3,19,-18.47,0.75,894.94,1,NA,0,NA,0,79.99,1,NA,NA,0
2015,3,20,-25.32,0.625,895.56,1,NA,0,NA,0,73.39,1,NA,NA,0
2015,3,21,-34.43,0.875,892.85,1,NA,0,NA,0,67.96,1,NA,NA,0
2015,3,22,-36.18,1,885.03,1,NA,0,NA,0,66.69,1,NA,NA,0
2015,3,23,-29.85,0.75,875.63,1,NA,0,NA,0,72.1,1,NA,NA,0
2015,3,24,-26.27,0.375,877.14,1,NA,0,NA,0,73,1,NA,NA,0
2015,3,25,-30.8,0.375,892.98,1,NA,0,NA,0,71.85,1,NA,NA,0
2015,3,26,-21.3,0.875,894.74,1,NA,0,NA,0,77.99,1,NA,NA,0
2015,3,27,-18.87,0.875,892.61,1,NA,0,NA,0,80.56,1,NA,NA,0
2015,3,28,-17.06,0.875,890.52,1,NA,0,NA,0,82.01,1,NA,NA,0
2015,3,29,-17.04,0.875,894.91,1,NA,0,NA,0,81.04,1,NA,NA,0
2015,3,30,-25.86,0.625,897.08,1,NA,0,NA,0,75.05,1,NA,NA,0
2015,3,31,-27.07,0.875,900.36,1,3.53,0.375,263.67,0.375,73.09,1,3.49,258.28,0.375
2015,4,1,-30.24,1,908.49,1,1.25,0.5,231.25,0.5,70.53,1,0.86,255.8,0.5
2015,4,2,-29.38,1,894.43,1,NA,0,NA,0,71.43,1,NA,NA,0
2015,4,3,-28.46,1,893.23,1,NA,0,NA,0,71.59,1,NA,NA,0
2015,4,4,-24.75,1,889.07,1,NA,0,NA,0,75.11,1,NA,NA,0
2015,4,5,-22.17,0.75,891.34,1,NA,0,NA,0,75.74,1,NA,NA,0
2015,4,6,-19.9,1,898.93,1,NA,0,NA,0,79.25,1,NA,NA,0
2015,4,7,-19.76,1,903.86,1,NA,0,NA,0,79.14,1,NA,NA,0
2015,4,8,-21.71,1,903.8,1,NA,0,NA,0,77.49,1,NA,NA,0
2015,4,9,-27.69,1,906.09,1,NA,0,NA,0,72.5,1,NA,NA,0
2015,4,10,-28.87,0.75,899.48,1,NA,0,NA,0,72.35,1,NA,NA,0
2015,4,11,-23.85,1,896.62,1,NA,0,NA,0,75.39,1,NA,NA,0
2015,4,12,-23.85,1,891.09,1,NA,0,NA,0,75.74,1,NA,NA,0
2015,4,13,-22.37,0.75,890.08,1,1.75,0.25,24.5,0.25,76.64,1,1.74,25.4,0.25
2015,4,14,-26.16,0.625,898.82,1,NA,0.125,NA,0.125,73,1,NA,NA,0.125
2015,4,15,-25.01,0.875,887.48,1,NA,0,NA,0,74.75,1,NA,NA,0
2015,4,16,-29.9,0.625,874.68,1,NA,0,NA,0,70.68,1,NA,NA,0
2015,4,17,-32.79,1,879.49,1,NA,0,NA,0,68.73,1,NA,NA,0
2015,4,18,-32.21,1,884.24,1,NA,0,NA,0,69.25,1,NA,NA,0
2015,4,19,-34.11,0.875,879.36,1,NA,0,NA,0,67.7,1,NA,NA,0
2015,4,20,-29.91,1,884.23,1,NA,0,NA,0,70.19,1,NA,NA,0
2015,4,21,-29.99,1,886.71,1,NA,0,NA,0,70.5,1,NA,NA,0
2015,4,22,-30.94,0.625,892.69,1,NA,0,NA,0,69.21,1,NA,NA,0
2015,4,23,-26.34,0.625,887.51,1,NA,0,NA,0,72.99,1,NA,NA,0
2015,4,24,-28.08,1,889.8,1,NA,0,NA,0,71.86,1,NA,NA,0
2015,4,25,-27.16,1,893.36,1,NA,0,NA,0,71.94,1,NA,NA,0
2015,4,26,-27.3,1,891.68,1,NA,0,NA,0,72.63,1,NA,NA,0
2015,4,27,-26.11,1,897.93,1,NA,0,NA,0,72.55,1,NA,NA,0
2015,4,28,-24.55,1,902.45,1,NA,0,NA,0,74.84,1,NA,NA,0
2015,4,29,-22.08,0.75,893.78,1,NA,0,NA,0,75.45,1,NA,NA,0
2015,4,30,-23.87,0.875,886.66,1,NA,0,NA,0,74.81,1,NA,NA,0
2015,5,1,-22.26,0.875,882.82,1,NA,0,NA,0,76.16,1,NA,NA,0
2015,5,2,-26.71,0.875,891.31,1,NA,0,NA,0,73.06,1,NA,NA,0
2015,5,3,-32.86,0.625,904.59,1,NA,0,NA,0,69.15,1,NA,NA,0
2015,5,4,-32.07,0.875,888.63,1,NA,0,NA,0,69.69,1,NA,NA,0
2015,5,5,-25.19,0.875,890.82,1,NA,0,NA,0,75.02,1,NA,NA,0
2015,5,6,-20.34,1,901.75,1,NA,0,NA,0,78.66,1,NA,NA,0
2015,5,7,-22.88,1,898.19,1,3.22,0.5,167.5,0.5,76.44,1,2.34,164.87,0.5
2015,5,8,-26.92,0.625,896.51,1,2.75,1,79.12,1,72.65,1,2.02,37.22,1
2015,5,9,-28.97,0.375,909.91,1,1.45,0.75,30.67,0.75,71.63,1,1.41,20.61,0.75
2015,5,10,-28.19,1,905.61,1,NA,0,NA,0,72.03,1,NA,NA,0
2015,5,11,-25.66,1,901.26,1,NA,0,NA,0,73.77,1,NA,NA,0
2015,5,12,-33.22,0.5,904.68,1,1.05,1,125.62,1,71.31,1,0.77,44.67,1
2015,5,13,-19.99,1,893.82,1,1.47,0.875,41.29,0.875,78.88,1,1.36,42.83,0.875
2015,5,14,-26.19,1,896.07,1,NA,0,NA,0,73.73,1,NA,NA,0
2015,5,15,-31.41,0.875,891.4,1,NA,0,NA,0,69.4,1,NA,NA,0
2015,5,16,-34.57,0.75,902.58,1,NA,0,NA,0,68.5,1,NA,NA,0
2015,5,17,-21.69,0.875,893.09,1,NA,0,NA,0,76.65,1,NA,NA,0
2015,5,18,-18.6,1,878.28,1,NA,0,NA,0,80.23,1,NA,NA,0
2015,5,19,-25.58,0.625,898.81,1,NA,0,NA,0,74.55,1,NA,NA,0
2015,5,20,-27.34,0.625,898.01,1,14.13,0.375,38.33,0.375,74.85,1,12.83,36.42,0.375
2015,5,21,-25.58,0.625,884.89,1,15.47,0.375,214.25,1,73.11,1,14.87,345.31,0.375
2015,5,22,-27.51,1,908.34,1,7.68,0.75,167,1,72.48,1,5.94,14.39,0.75
2015,5,23,-28.08,0.625,902.43,1,3.53,0.75,106.5,1,75.06,1,2.34,82.1,0.75
2015,5,24,-20.24,1,892.49,1,10.38,0.75,140.88,1,78.71,1,10.17,4.8,0.75
2015,5,25,-25.53,1,897.74,1,3.8,0.875,73.14,0.875,74.4,1,3.62,33.6,0.875
2015,5,26,-26.29,1,896.6,1,NA,0,NA,0,73.48,1,NA,NA,0
2015,5,27,-30.92,1,910.59,1,NA,0,NA,0,70.16,1,NA,NA,0
2015,5,28,-30.8,1,915.71,1,NA,0,NA,0,69.66,1,NA,NA,0
2015,5,29,-29.65,0.75,915.01,1,NA,0,NA,0,69.56,1,NA,NA,0
2015,5,30,-30.88,1,913.53,1,NA,0,NA,0,67.79,1,NA,NA,0
2015,5,31,-24.72,1,908.61,1,NA,0,NA,0,62.68,1,NA,NA,0
2015,6,1,-23.81,1,910.64,1,NA,0,NA,0,75.71,1,NA,NA,0
2015,6,2,-17.9,0.875,903.76,1,NA,0,NA,0,80.82,1,NA,NA,0
2015,6,3,-17.38,0.75,891.21,1,NA,0,NA,0,79.64,1,NA,NA,0
2015,6,4,-22.19,0.875,892.1,1,NA,0,NA,0,77.38,1,NA,NA,0
2015,6,5,-20.52,0.625,888.88,1,NA,0,NA,0,77.1,1,NA,NA,0
2015,6,6,-27.02,0.625,881.38,1,NA,0,NA,0,72.26,1,NA,NA,0
2015,6,7,-31.06,0.875,866.28,1,NA,0,NA,0,70.13,1,NA,NA,0
2015,6,8,-30.7,0.625,887.78,1,NA,0,NA,0,70.09,1,NA,NA,0
2015,6,9,-30.51,0.875,897.15,1,NA,0,NA,0,70.15,1,NA,NA,0
2015,6,10,-31.17,0.875,892.7,1,NA,0,NA,0,69.71,1,NA,NA,0
2015,6,11,-35.4,0.75,870.28,1,NA,0,NA,0,66.5,1,NA,NA,0
2015,6,12,-37.07,0.875,883,1,NA,0,NA,0,66.31,1,NA,NA,0
2015,6,13,-33.17,0.875,898.21,1,NA,0,NA,0,68.44,1,NA,NA,0
2015,6,14,-37.13,1,906.4,1,NA,0,NA,0,65.75,1,NA,NA,0
2015,6,15,-34.19,1,907.95,1,NA,0,NA,0,67.04,1,NA,NA,0
2015,6,16,-34.63,0.75,906.35,1,NA,0,NA,0,67.06,1,NA,NA,0
2015,6,17,-40.55,0.75,902.37,1,NA,0,NA,0,63.35,1,NA,NA,0
2015,6,18,-44.56,1,898.94,1,NA,0,NA,0,61.2,1,NA,NA,0
2015,6,19,-45.27,0.875,906,1,NA,0,NA,0,61.1,1,NA,NA,0
2015,6,20,-30.94,0.625,907.81,1,NA,0,NA,0,69.76,1,NA,NA,0
2015,6,21,-22,0.875,897.29,1,NA,0,NA,0,76.55,1,NA,NA,0
2015,6,22,-23.11,1,895.06,1,NA,0,NA,0,76,1,NA,NA,0
2015,6,23,-24.16,1,895.55,1,NA,0,NA,0,75.41,1,NA,NA,0
2015,6,24,-27.79,1,891.32,1,NA,0,NA,0,72.25,1,NA,NA,0
2015,6,25,-29.7,0.75,888.09,1,NA,0,NA,0,71.14,1,NA,NA,0
2015,6,26,-34.68,0.5,881.18,1,NA,0,NA,0,66.28,1,NA,NA,0
2015,6,27,-34.7,0.625,894.51,1,NA,0,NA,0,67.29,1,NA,NA,0
2015,6,28,-33.92,0.75,894.39,1,NA,0,NA,0,69.38,1,NA,NA,0
2015,6,29,-30.03,0.75,900.5,1,NA,0,NA,0,69.2,1,NA,NA,0
2015,6,30,-35.61,1,918.44,1,NA,0,NA,0,66.33,1,NA,NA,0
2015,7,1,-26.17,0.75,916.14,1,NA,0,NA,0,73.96,1,NA,NA,0
2015,7,2,-24.39,1,910.85,1,NA,0,NA,0,75.08,1,NA,NA,0
2015,7,3,-23.7,1,911.04,1,NA,0,NA,0,75.25,1,NA,NA,0
2015,7,4,-23.7,1,905.85,1,NA,0,NA,0,75.53,1,NA,NA,0
2015,7,5,-23.64,1,902.58,1,NA,0,NA,0,74.75,1,NA,NA,0
2015,7,6,-23.01,1,891.66,1,NA,0,NA,0,76.04,1,NA,NA,0
2015,7,7,-37.8,0.625,886.74,1,NA,0,NA,0,66.31,1,NA,NA,0
2015,7,8,-40.9,0.875,890.44,1,NA,0,NA,0,64.43,1,NA,NA,0
2015,7,9,-30.3,1,884.43,1,NA,0,NA,0,70.11,1,NA,NA,0
2015,7,10,-25.37,0.875,884.78,1,NA,0,NA,0,73.39,1,NA,NA,0
2015,7,11,-35.61,0.875,890.53,1,NA,0,NA,0,67.38,1,NA,NA,0
2015,7,12,-35.9,1,876.78,1,NA,0,NA,0,67.06,1,NA,NA,0
2015,7,13,-35.33,0.875,878.74,1,NA,0,NA,0,66.7,1,NA,NA,0
2015,7,14,-42.3,0.875,873.38,1,NA,0,NA,0,63.08,1,NA,NA,0
2015,7,15,-38.53,0.875,879.96,1,NA,0,NA,0,65.66,1,NA,NA,0
2015,7,16,-33.57,0.875,885.51,1,NA,0,NA,0,68.21,1,NA,NA,0
2015,7,17,-41.38,0.75,885.86,1,NA,0,NA,0,64.38,1,NA,NA,0
2015,7,18,-40.64,1,885.39,1,NA,0,NA,0,63.91,1,NA,NA,0
2015,7,19,-41.01,1,888.69,1,NA,0,NA,0,63.1,1,NA,NA,0
2015,7,20,-39.19,1,895.59,1,NA,0,NA,0,64.38,1,NA,NA,0
2015,7,21,-40.65,1,897.23,1,NA,0,NA,0,63.76,1,NA,NA,0
2015,7,22,-32.99,1,886.15,1,NA,0,NA,0,68.03,1,NA,NA,0
2015,7,23,-28.64,1,880.63,1,NA,0,NA,0,71.46,1,NA,NA,0
2015,7,24,-26.72,1,874.5,1,NA,0,NA,0,73.65,1,NA,NA,0
2015,7,25,-29.08,0.625,873.21,1,NA,0,NA,0,70.63,1,NA,NA,0
2015,7,26,-25.98,0.625,872.23,1,NA,0,NA,0,74.48,1,NA,NA,0
2015,7,27,-31.4,0.75,876.04,1,NA,0,NA,0,69.64,1,NA,NA,0
2015,7,28,-33.74,1,896.88,1,NA,0,NA,0,68.35,1,NA,NA,0
2015,7,29,-35.28,1,887.63,1,NA,0,NA,0,67.18,1,NA,NA,0
2015,7,30,-40.38,1,877.99,1,NA,0,NA,0,64.51,1,NA,NA,0
2015,7,31,-43.07,0.875,889.18,1,NA,0,NA,0,63.31,1,NA,NA,0
2015,8,1,-39.84,0.625,901.49,1,NA,0,NA,0,64.24,1,NA,NA,0
2015,8,2,-44.8,0.875,899.16,1,NA,0,NA,0,61.4,1,NA,NA,0
2015,8,3,-38.92,0.75,919.46,1,NA,0,NA,0,64.55,1,NA,NA,0
2015,8,4,-35.78,0.75,915.64,1,NA,0,NA,0,66.1,1,NA,NA,0
2015,8,5,-32.97,1,911.86,1,NA,0,NA,0,68.7,1,NA,NA,0
2015,8,6,-29.19,1,905.35,1,NA,0,NA,0,70.31,1,NA,NA,0
2015,8,7,-27.29,0.875,895.15,1,NA,0,NA,0,73.08,1,NA,NA,0
2015,8,8,-29.81,1,878.8,1,NA,0,NA,0,70.4,1,NA,NA,0
2015,8,9,-35.3,0.625,878.14,1,NA,0,NA,0,67,1,NA,NA,0
2015,8,10,-38.24,0.875,880.73,1,NA,0,NA,0,65.76,1,NA,NA,0
2015,8,11,-41.14,1,879.66,1,NA,0,NA,0,63.73,1,NA,NA,0
2015,8,12,-43.04,1,889.94,1,NA,0,NA,0,62.7,1,NA,NA,0
2015,8,13,-39.28,1,897.59,1,NA,0,NA,0,65,1,NA,NA,0
2015,8,14,-35.92,0.75,901.94,1,NA,0,NA,0,65.6,1,NA,NA,0
2015,8,15,-45.07,0.875,899.46,1,NA,0,NA,0,61.31,1,NA,NA,0
2015,8,16,-25.33,0.375,872.03,1,NA,0,NA,0,70.9,1,NA,NA,0
2015,8,17,-38.77,0.75,879.21,1,NA,0,NA,0,65.75,1,NA,NA,0
2015,8,18,-39.66,0.875,889.22,1,NA,0,NA,0,64.65,1,NA,NA,0
2015,8,19,-39.82,1,897.24,1,NA,0,NA,0,63.75,1,NA,NA,0
2015,8,20,-23.75,0.5,887.46,1,NA,0,NA,0,72.05,1,NA,NA,0
2015,8,21,-20.55,0.75,877.61,1,15.7,0.25,349.5,0.25,76.49,1,15.69,349.47,0.25
2015,8,22,-32.87,0.875,887.89,1,6.44,0.625,159.5,1,68.88,1,5.59,230.63,0.625
2015,8,23,-36.56,1,879.25,1,4.68,1,233.25,1,66.63,1,4.52,234.19,1
2015,8,24,-38.04,0.875,886.06,1,4.67,0.375,249,0.375,65.84,1,4.66,249.11,0.375
2015,8,25,-33.52,0.625,894.95,1,2.77,0.375,134,0.375,67.24,1,1.76,52.28,0.375
2015,8,26,-23.78,0.625,890.59,1,5.95,0.75,57.62,1,76.1,1,5.76,61.51,0.75
2015,8,27,-15.26,0.875,880.51,1,9.35,0.5,53.62,1,82.78,1,8.55,45.77,0.5
2015,8,28,-22.81,0.875,885.86,1,2.51,0.875,139.88,1,76.74,1,2.01,57.1,0.875
2015,8,29,-26.1,0.875,888.26,1,NA,0,NA,0,73.5,1,NA,NA,0
2015,8,30,-24.62,0.75,888.98,1,NA,0,NA,0,75.84,1,NA,NA,0
2015,8,31,-25.66,1,882.64,1,NA,0,NA,0,73.83,1,NA,NA,0
2015,9,1,-26.94,1,882.23,1,NA,0,NA,0,72.61,1,NA,NA,0
2015,9,2,-41.32,0.625,887.38,1,4.85,0.25,31,0.25,64.74,1,4.84,31.34,0.25
2015,9,3,-45.74,1,892.01,1,4.15,1,46.38,1,61.49,1,4.13,46.61,1
2015,9,4,-41.28,1,900.55,1,0.78,0.75,46,0.75,63.1,1,0.77,42.75,0.75
2015,9,5,-39.15,1,912.8,1,NA,0,NA,0,64.41,1,NA,NA,0
2015,9,6,-37.73,0.875,907.36,1,NA,0,NA,0,65.98,1,NA,NA,0
2015,9,7,-31.71,0.875,896.79,1,NA,0,NA,0,69.04,1,NA,NA,0
2015,9,8,-32.11,0.875,894.57,1,7.62,0.625,26.2,0.625,68.56,1,7.6,26.11,0.625
2015,9,9,-28.43,0.75,882.28,1,5.09,1,175.12,1,70.11,1,4.01,357.71,1
2015,9,10,-35.21,1,890.85,1,4.24,1,173.25,1,67.04,1,1.32,84.35,1
2015,9,11,-29.61,0.875,880.1,1,NA,0.125,NA,0.125,70.5,1,NA,NA,0.125
2015,9,12,-30.84,0.625,883.9,1,4.55,0.75,175.67,0.75,69.9,1,1.93,260.84,0.75
2015,9,13,-24.85,0.25,870.74,1,10.68,0.625,76.88,1,74.11,1,9.48,30.25,0.625
2015,9,14,-38.25,0.25,887.18,1,8.69,0.875,164.5,1,65.01,1,6.55,37.8,0.875
2015,9,15,-22.15,0.25,877.95,1,11.2,0.625,212.62,1,77.45,1,8.35,49.59,0.625
2015,9,16,-30.82,0.75,892.54,1,2.52,0.5,128.25,1,70.69,1,2.52,220.77,0.5
2015,9,17,-17.4,0.25,892.41,1,12.8,0.5,116.38,1,79.28,1,11.14,16.47,0.5
2015,9,18,-14.7,0.25,887.43,1,14.14,1,23.38,1,78.65,1,13.47,24.43,1
2015,9,19,-33.96,0.625,882.61,1,9.97,1,49.5,1,70.13,1,8.29,46.01,1
2015,9,20,-33.04,0.625,875.51,1,10.32,0.75,61.86,0.875,71.28,1,9.91,5.85,0.75
2015,9,21,-36.03,1,894.09,1,NA,0,NA,0,66.75,1,NA,NA,0
2015,9,22,-36.25,0.75,899.59,1,NA,0,NA,0,66.1,1,NA,NA,0
2015,9,23,-37.37,0.75,881.9,1,NA,0,NA,0,65.88,1,NA,NA,0
2015,9,24,-38.78,0.5,883.5,1,NA,0,NA,0,63.99,1,NA,NA,0
2015,9,25,-34.21,0.875,896.05,1,NA,0,NA,0,67.75,1,NA,NA,0
2015,9,26,-34.31,0.875,891.95,1,NA,0,NA,0,67.5,1,NA,NA,0
2015,9,27,-29.14,0.875,876.91,1,NA,0,NA,0,70.49,1,NA,NA,0
2015,9,28,-32.43,0.75,871.32,1,7.89,1,61,1,68.49,1,7.6,58.9,1
2015,9,29,-29.56,0.625,892.56,1,1.85,0.25,61,0.375,69.93,1,1.85,107,0.25
2015,9,30,-32.23,0.375,878.95,1,6.83,0.375,79,0.5,68.75,1,6.55,84.86,0.375
2015,10,1,-32.7,0.75,897.05,1,7.67,0.375,75.75,0.5,69.36,1,7.66,72.83,0.375
2015,10,2,-28.27,0.875,898.29,1,NA,0.125,NA,0.125,71.74,1,NA,NA,0.125
2015,10,3,-28.61,0.875,895.19,1,4.92,1,73.75,1,71.39,1,4.83,75.66,1
2015,10,4,-33.08,0.625,901.95,1,6.08,0.625,56.5,0.75,69.08,1,5.93,61.63,0.625
2015,10,5,-25.2,0.5,902.55,1,NA,0.125,NA,0.125,75.84,1,NA,NA,0.125
2015,10,6,-25.73,1,896.2,1,9.24,1,106,1,73.78,1,9.14,106.8,1
2015,10,7,-27.72,0.75,882.4,1,10.53,1,109.75,1,71.79,1,9.03,111.87,1
2015,10,8,-25.68,0.625,886.04,1,3.56,1,86.12,1,75.38,1,3.45,83.88,1
2015,10,9,-26.48,0.625,884.34,1,3.59,0.875,86.43,0.875,75.24,1,3.29,82.33,0.875
2015,10,10,-22.5,0.375,884.38,1,2.31,1,283.12,1,76,1,1.63,273.9,1
2015,10,11,-26.34,1,892.75,1,3.45,1,239.5,1,73.18,1,2.06,275.27,1
2015,10,12,-30,1,899.04,1,NA,0.125,NA,0.125,70.54,1,NA,NA,0.125
2015,10,13,-27.74,0.875,896.02,1,NA,0,NA,0,72.46,1,NA,NA,0
2015,10,14,-26,1,890.89,1,6.42,0.5,167.5,0.5,72.56,1,6.32,164.49,0.5
2015,10,15,-19.91,0.875,878.48,1,6.79,1,96,1,77.93,1,5.93,91.25,1
2015,10,16,-21.73,0.875,887.73,1,6.89,1,61,1,77.44,1,6.47,57.48,1
2015,10,17,-17.9,0.875,888.72,1,8.41,1,108.5,1,80.05,1,7.1,61.46,1
2015,10,18,-19.1,1,896.69,1,6.36,0.875,40.38,1,79.6,1,6.14,34.67,0.875
2015,10,19,-19.84,1,908.46,1,2.96,1,59.25,1,79.09,1,2.68,50.88,1
2015,10,20,-19.21,1,911.99,1,1.86,1,157.88,1,79.58,1,1.23,206.38,1
2015,10,21,-24.5,0.875,905.84,1,5.21,1,174.12,1,74.09,1,5.11,174.01,1
2015,10,22,-23.5,0.875,885.76,1,3.61,1,201.62,1,75.11,1,3.34,203.84,1
2015,10,23,-25.23,0.375,878.95,1,2.49,1,270.12,1,76.15,1,1.9,323.54,1
2015,10,24,-21.97,0.875,887.01,1,2.55,1,271.12,1,76.86,1,1.84,256.82,1
2015,10,25,-22.49,0.875,895.35,1,2.24,1,243.88,1,76.73,1,2.04,263.44,1
2015,10,26,-22.69,1,898.34,1,5.31,1,106,1,76.2,1,5.21,107.68,1
2015,10,27,-21.79,0.875,895.8,1,2.74,1,119.5,1,76.49,1,1.45,118.47,1
2015,10,28,-22.47,0.875,892.94,1,2.09,1,170.12,1,76.18,1,0.85,304.16,1
2015,10,29,-22.74,1,891.53,1,1.76,1,279.5,1,76.1,1,1.41,343.99,1
2015,10,30,-24.88,0.75,891.64,1,2.51,1,284.5,1,74.88,1,1.75,337.92,1
2015,10,31,-24.25,0.75,897.98,1,2.39,1,161.12,1,73.95,1,0.32,247.48,1
2015,11,1,-26.94,1,907.25,1,3.59,1,243.12,1,72.54,1,3.24,335.13,1
2015,11,2,-26.35,1,906.59,1,3.62,1,102.75,1,72.61,1,2.31,131.12,1
2015,11,3,-27.1,0.75,899.06,1,3.94,1,127,1,72.49,1,3.49,128.34,1
2015,11,4,-20,1,884,1,5.84,1,157.88,1,77.56,1,5.48,155.4,1
2015,11,5,-19.6,0.75,864.52,1,5.3,1,73,1,77.8,1,3.64,56.54,1
2015,11,6,-15.9,0.75,882.57,1,5.35,1,68.75,1,81.88,1,4.94,58.48,1
2015,11,7,-16.36,0.875,893.14,1,5.86,1,99.5,1,79.81,1,5.78,99.62,1
2015,11,8,-17.41,1,891.95,1,4.25,1,157,1,67,1,3.18,156.51,1
2015,11,9,-21.65,1,887.4,1,3.4,1,276.5,1,61.16,1,2.89,265.96,1
2015,11,10,-18.29,0.875,893.89,1,2.19,1,93.25,1,53.1,1,1.04,91.1,1
2015,11,11,-15.78,0.75,895.84,1,1.16,0.875,170.86,0.875,43.08,1,0.69,121.75,0.875
2015,11,12,-17.81,1,896.49,1,1.93,0.875,146.14,0.875,55.63,1,0.83,115.88,0.875
2015,11,13,-20.07,0.875,898.13,1,2.54,1,127.25,1,65.6,1,1.54,139.83,1
2015,11,14,-24.74,1,899.99,1,7.8,1,58.25,1,69.64,1,7.4,55.16,1
2015,11,15,-22.13,1,905.43,1,3.06,0.875,87.25,1,72.24,1,1.78,33.09,0.875
2015,11,16,-22.69,1,904.25,1,2.95,1,71.12,1,72.41,1,1.54,84.18,1
2015,11,17,-19.1,1,893.51,1,4.5,0.875,109.12,1,71.4,1,4.02,108.88,0.875
2015,11,18,-15.73,1,886.46,1,6.99,0.875,90.25,1,74.26,1,6.69,92.27,0.875
2015,11,19,-16.03,1,879.88,1,3.01,1,92,1,68.69,1,2.45,84.74,1
2015,11,20,-14.83,0.875,881.58,1,4.23,0.875,211.43,0.875,72.78,1,2.39,259.68,0.875
2015,11,21,-15.46,1,887.51,1,5.86,1,266,1,78.73,1,5.69,266.1,1
2015,11,22,-14.31,1,895.44,1,3.48,1,276.62,1,80.38,1,2.57,302.07,1
2015,11,23,-14.7,0.875,901.66,1,1.86,1,249.88,1,79.95,1,1.62,245.31,1
2015,11,24,-16.87,0.875,898.66,1,2.11,1,159.62,1,78.33,1,1.5,119.35,1
2015,11,25,-18.84,1,894.25,1,2.01,1,135.5,1,73.21,1,0.82,96.53,1
2015,11,26,-19.36,1,892.5,1,3.5,1,132.62,1,76.04,1,1.47,191.13,1
2015,11,27,-19.26,1,894.28,1,3.89,1,52.38,1,77.38,1,3.7,55.08,1
2015,11,28,-15.05,1,882.01,1,3.44,1,112.38,1,66.75,1,3.23,115.82,1
2015,11,29,-14.5,1,878.09,1,4.2,1,131.5,1,63.38,1,4.06,131.18,1
2015,11,30,-15.23,1,884.69,1,4.16,1,116.5,1,67.34,1,3.98,115.67,1
2015,12,1,-14.61,1,889.28,1,3.75,1,159.62,1,71.25,1,3.49,155.1,1
2015,12,2,-14.04,1,889.47,1,4.47,1,167.25,1,75.3,1,4.2,165.44,1
2015,12,3,-14.1,0.875,892.35,1,3.95,1,129.75,1,67.94,1,3.66,134.52,1
2015,12,4,-12.77,0.5,894.15,1,2.01,1,139.25,1,53.06,1,1.3,112.18,1
2015,12,5,-15.27,0.875,895.56,1,3.45,1,91.75,1,67.94,1,3.3,93.53,1
2015,12,6,-11.79,1,892.7,1,5.46,1,115.5,1,70.38,1,5.21,114.87,1
2015,12,7,-8.6,0.75,891.56,1,3.59,1,148.38,1,66.8,1,2.17,89.47,1
2015,12,8,-9.65,0.75,901.55,1,3.12,1,195.38,1,69.29,1,1.76,184.62,1
2015,12,9,-10.69,1,907.06,1,4.92,1,111.5,1,79.28,1,3.45,117.19,1
2015,12,10,-11.42,1,918.65,1,5.03,1,100.75,1,82.6,1,4.7,11,1
2015,12,11,-8.75,1,926.25,1,4.94,1,330.25,1,85.53,1,4.84,331.86,1
2015,12,12,-9.3,0.375,925.04,1,1.7,1,139.88,1,74.99,1,0.91,129.72,1
2015,12,13,-11.34,1,919.46,1,3.64,1,146.62,1,74.36,1,3.6,145.94,1
2015,12,14,NA,0.125,916.21,1,0.7,0.875,153.43,0.875,70.46,1,0.43,221.1,0.875
2015,12,15,-11.85,1,907.71,1,4.31,1,175.5,1,80.6,1,4.08,167.59,1
2015,12,16,-14.21,1,894.35,1,4.5,1,216.38,1,78.98,1,2.25,226.78,1
2015,12,17,-13.4,1,891.98,1,5.28,1,83.25,1,77.81,1,5.06,83.76,1
2015,12,18,-13.04,1,894.51,1,5.2,1,41.75,1,79.2,1,4.88,41,1
2015,12,19,-12.5,0.875,897.95,1,4.64,1,147.5,1,80.14,1,4.14,15,1
2015,12,20,-12.35,1,902.91,1,5.11,1,83.62,1,81.1,1,4.49,34.89,1
2015,12,21,-11.71,1,903.95,1,6.8,1,31.5,1,80.78,1,6.65,30.42,1
2015,12,22,-12.7,0.75,908.64,1,3.61,1,177.62,1,78.36,1,3.01,6.61,1
2015,12,23,NA,0.125,920.51,1,1.52,1,186.5,1,74.05,1,1.02,23.37,1
2015,12,24,-14.16,1,915.79,1,4.78,1,124.5,1,75.57,1,4.28,135.86,1
2015,12,25,-14.98,1,905.8,1,4.46,1,176.5,1,75.96,1,4.4,176.74,1
2015,12,26,-13.81,1,907.71,1,4.34,1,199,1,76.65,1,3.8,198.91,1
2015,12,27,-15.04,1,908.9,1,4.09,1,311.5,1,77.46,1,3.74,312.97,1
2015,12,28,-14.93,0.875,898.8,1,3.3,1,175.12,1,79.32,1,2.68,195.9,1
2015,12,29,-15.58,0.5,897.84,1,2.02,1,62.88,1,79.55,1,1.58,18.53,1
2015,12,30,-14.14,0.875,907.33,1,3.71,1,87.12,1,80.45,1,3.63,46.78,1
2015,12,31,-14.02,1,909.04,1,6.2,1,36.38,1,78.64,1,6.09,37.14,1
2016,1,1,-13.6,1,898.86,1,4.21,1,84.12,1,72.36,1,3.92,85.15,1
2016,1,2,-7.21,1,899.4,1,7.6,1,45.38,1,87.14,1,7.55,45.11,1
2016,1,3,-8.39,1,906.01,1,6.19,1,41.62,1,85.56,1,5.93,39.6,1
2016,1,4,-9.14,0.625,907.35,1,3.24,1,114.25,1,75.1,1,2.23,121.62,1
2016,1,5,-8.68,0.625,901.6,1,3.61,0.875,161.62,1,83.33,1,3.45,155.42,0.875
2016,1,6,-11.25,0.75,901.24,1,3.85,1,180.75,1,82.54,1,3.85,179.96,1
2016,1,7,-9.49,1,906.07,1,4.2,1,118.5,1,84.68,1,3.87,29.45,1
2016,1,8,-8.63,0.75,904.45,1,2.6,1,139.5,1,82.88,1,2.28,60.35,1
2016,1,9,-7.61,1,911.88,1,4.9,1,233.38,1,87.34,1,4.24,7.7,1
2016,1,10,-5.8,0.875,916.4,1,7.74,1,62.88,1,85.88,1,7.11,57.22,1
2016,1,11,-2.6,1,915.68,1,9.24,1,141,1,93.91,1,9.13,5.82,1
2016,1,12,-1.15,1,911.56,1,4.74,1,32.88,1,95.94,1,4.24,29.9,1
2016,1,13,-2.36,0.625,901.73,1,2.36,1,115.12,1,93.06,1,1.41,22.47,1
2016,1,14,-2.11,1,900.16,1,2.99,1,105.5,1,91.5,1,2.56,61.11,1
2016,1,15,-3.8,0.625,900.53,1,3.7,1,154,1,88.19,1,2.42,9.62,1
2016,1,16,-5.26,1,902.06,1,3.94,1,62.12,1,87.63,1,3.75,58.02,1
2016,1,17,-5.69,1,901.03,1,4.09,1,87.62,1,86.39,1,2.72,87.05,1
2016,1,18,-5.83,1,894.75,1,4.68,1,115.88,1,89.95,1,1.48,19.78,1
2016,1,19,-5.43,0.375,897.4,1,2.8,1,184.75,1,84.68,1,2.73,356.32,1
2016,1,20,-3.7,0.625,901.38,1,2.21,1,120.25,1,85.66,1,1.93,32.84,1
2016,1,21,-5.56,0.875,905.55,1,3.14,1,197.75,1,89.13,1,3.04,179.16,1
2016,1,22,-7.5,0.75,899.01,1,3.28,1,189.25,1,91.05,1,2.82,198.05,1
2016,1,23,-8.1,0.75,888.08,1,2.5,1,148.62,1,88.34,1,2.06,10.92,1
2016,1,24,-9.68,0.625,890.13,1,2.02,1,111.5,1,85.79,1,1.95,111.23,1
2016,1,25,-8.81,0.875,899.9,1,2.78,1,77.25,1,77.75,1,2.71,79.58,1
2016,1,26,-8.48,0.5,902.6,1,2,0.875,103.29,0.875,72.75,1,1.81,111.7,0.875
2016,1,27,-6.46,0.625,900.69,1,2.2,1,137.88,1,43.58,1,1.69,122.08,1
2016,1,28,-11.23,0.875,900.04,1,3.84,1,79,1,71.5,1,3.59,81.64,1
2016,1,29,-9.85,1,901.59,1,6.59,1,85.62,1,70.26,1,6.45,84.58,1
2016,1,30,-9.73,1,895.7,1,5.97,1,81,1,73.57,1,5.74,78.45,1
2016,1,31,-9.82,0.625,887.36,1,2.46,1,163.88,1,59.71,1,1.31,174.89,1
2016,2,1,-12.29,1,878.45,1,4.96,1,144.5,1,69.8,1,4.7,143.44,1
2016,2,2,-9.69,1,879.49,1,9.47,0.875,134.75,1,77,1,9.35,134.25,0.875
2016,2,3,-8.73,1,895.24,1,7.32,1,148.12,1,69.76,1,7.23,146.97,1
2016,2,4,-9.79,1,894.64,1,4.7,1,169,1,59.68,1,4.6,166.18,1
2016,2,5,-8.72,0.75,890.8,1,2.83,1,207.88,1,52.28,1,0.78,49.67,1
2016,2,6,-12.31,1,892.14,1,4.53,1,201,1,67.38,1,1.05,21.01,1
2016,2,7,-11.93,0.75,897.05,1,3.87,0.875,104.75,1,84.74,1,3.81,100.03,0.875
2016,2,8,-12.94,1,895.15,1,3.62,1,165.5,1,79.88,1,3,164.08,1
2016,2,9,-12.85,1,895.43,1,4.39,1,119.5,1,76.09,1,4.31,119.08,1
2016,2,10,-12.32,0.625,898.66,1,2.47,0.375,100.33,0.375,82.05,1,2.44,97.31,0.375
2016,2,11,NA,0.125,900.39,1,1.29,1,240.75,1,84.01,1,0.83,308.98,1
2016,2,12,-14.38,0.625,908.73,1,2,1,172.25,1,82.2,1,1.4,109.05,1
2016,2,13,-14.42,0.75,911.16,1,2.86,1,58.38,1,79.64,1,2.74,60.47,1
2016,2,14,-16.34,0.875,908.06,1,3.86,1,80.75,1,80.64,1,3.64,87.98,1
2016,2,15,-18.05,0.5,905.48,1,1.25,0.5,97.25,0.5,80.03,1,1.23,97.79,0.5
2016,2,16,-18.03,0.375,904.11,1,1.4,0.75,132.14,0.875,78.88,1,1.16,17.58,0.75
2016,2,17,-20.77,0.75,896.88,1,2.42,1,174.88,1,77.9,1,1.69,213.08,1
2016,2,18,-21.64,1,885.69,1,3.52,1,223.88,1,76.74,1,3.47,223.64,1
2016,2,19,-23.67,0.875,884.9,1,3.58,1,134.12,1,74.35,1,2.23,55.28,1
2016,2,20,-24.88,0.5,894.97,1,2.76,1,114.25,1,73.74,1,2.18,125.05,1
2016,2,21,-19.91,0.875,898.91,1,3.86,1,180.5,1,70.83,1,3.05,168.28,1
2016,2,22,-24.16,1,896.14,1,3.64,1,300,1,73.4,1,3.46,301.36,1
2016,2,23,-25.92,0.5,893.6,1,3.33,1,153,1,71.28,1,3.02,140.57,1
2016,2,24,-26.12,0.75,896.86,1,5.34,1,122.62,1,73.21,1,5.25,124.34,1
2016,2,25,-15.59,1,895.3,1,5.96,1,134.5,1,66.71,1,5.15,140.92,1
2016,2,26,-19.03,0.375,906.5,1,2.45,1,111.5,1,76.95,1,1.73,58.39,1
2016,2,27,-18.4,0.5,915.43,1,1.81,1,268,1,80.05,1,1.68,265.54,1
2016,2,28,-20.05,1,916.64,1,5.46,1,285.25,1,77.71,1,5.41,285.87,1
2016,2,29,-23.4,0.625,912.13,1,3.28,0.75,266.67,0.75,73.73,1,3.16,275.14,0.75
2016,3,1,-25.57,0.875,903,1,NA,0,NA,0,72.88,1,NA,NA,0
2016,3,2,-26.15,1,895.95,1,NA,0,NA,0,72.99,1,NA,NA,0
2016,3,3,-22.27,0.75,889.33,1,3.12,1,59.38,1,77.48,1,2.44,41.59,1
2016,3,4,-15.02,1,888.85,1,4.35,1,91.12,1,83.65,1,4.11,92.58,1
2016,3,5,-16.66,0.625,894.81,1,3.98,1,86.25,1,81.13,1,3.7,79.48,1
2016,3,6,-13.8,0.875,892.26,1,3.59,1,111.25,1,83.14,1,2.74,107.25,1
2016,3,7,-16.54,1,887.94,1,4.75,1,166.75,1,73.25,1,3.88,173.65,1
2016,3,8,-17.05,0.75,891.6,1,3.54,0.875,66.71,0.875,80.25,1,3.43,67.34,0.875
2016,3,9,-14.41,1,898.53,1,5.65,1,77.62,1,76.54,1,5.59,78.91,1
2016,3,10,-11.75,1,897.49,1,2.79,1,166.88,1,55.08,1,1.99,73.86,1
2016,3,11,-19.67,0.75,892.63,1,2.22,1,217.88,1,76.13,1,1.83,206.88,1
2016,3,12,-23.86,1,892.43,1,1.25,0.5,215.5,0.5,75.49,1,1.17,204.7,0.5
2016,3,13,-25.38,1,894.84,1,NA,0,NA,0,73.75,1,NA,NA,0
2016,3,14,-26.35,1,896.82,1,NA,0.125,NA,0.125,72.99,1,NA,NA,0.125
2016,3,15,-25.39,1,898.88,1,1.62,1,155.88,1,73.94,1,1.11,130.92,1
2016,3,16,-25.76,0.625,898.62,1,0.98,1,93.12,1,73.11,1,0.76,70.19,1
2016,3,17,-26.5,1,901,1,2.34,1,252.25,1,72.83,1,1.83,230.5,1
2016,3,18,-28.42,0.75,909.06,1,2.33,1,251.75,1,70.68,1,1.58,288.03,1
2016,3,19,-28.78,1,906.86,1,0.57,0.375,175,0.375,71.06,1,0.5,191.39,0.375
2016,3,20,-32.1,1,892.2,1,NA,0,NA,0,68.83,1,NA,NA,0
2016,3,21,-35.26,1,878.95,1,NA,0,NA,0,66.3,1,NA,NA,0
2016,3,22,-28.53,0.75,877.33,1,6.06,0.875,122,0.875,71.1,1,5.08,120.35,0.875
2016,3,23,-21.49,1,879.23,1,7.04,1,134,1,66.01,1,5.64,123.67,1
2016,3,24,-27.6,0.75,880.95,1,8.16,1,71.5,1,70.25,1,7.96,72.59,1
2016,3,25,-25.13,0.875,889.49,1,2.85,1,88.88,1,72.86,1,2.55,48.95,1
2016,3,26,-26.87,0.75,888.9,1,0.4,0.375,171.33,0.375,71.63,1,0.34,170.58,0.375
2016,3,27,-27.9,0.75,892.85,1,NA,0,NA,0,72.44,1,NA,NA,0
2016,3,28,-22.86,1,894.74,1,NA,0,NA,0,75.73,1,NA,NA,0
2016,3,29,-23.05,1,897.89,1,NA,0,NA,0,75.98,1,NA,NA,0
2016,3,30,-23.44,1,897.66,1,NA,0,NA,0,75.91,1,NA,NA,0
2016,3,31,-24.46,1,898.6,1,NA,0,NA,0,74.93,1,NA,NA,0
2016,4,1,-28.6,1,909.38,1,NA,0,NA,0,71.61,1,NA,NA,0
2016,4,2,-31.11,1,909.01,1,NA,0,NA,0,69.66,1,NA,NA,0
2016,4,3,-37.37,0.75,901.2,1,NA,0,NA,0,65.38,1,NA,NA,0
2016,4,4,-36.21,1,899.65,1,1.8,0.375,83.67,0.375,65.93,1,1.04,109.56,0.375
2016,4,5,-37.55,1,891.21,1,1.09,1,181.38,1,65.31,1,0.69,194.71,1
2016,4,6,-38.1,0.875,888.99,1,NA,0,NA,0,64.83,1,NA,NA,0
2016,4,7,-29.65,1,873.41,1,NA,0,NA,0,69.7,1,NA,NA,0
2016,4,8,-30.54,0.875,880.26,1,NA,0,NA,0,69.56,1,NA,NA,0
2016,4,9,-33.31,1,892.09,1,NA,0,NA,0,67.96,1,NA,NA,0
2016,4,10,-33.82,0.75,901.15,1,NA,0,NA,0,67.65,1,NA,NA,0
2016,4,11,-23.71,0.875,879.2,1,6.04,0.625,125,0.875,75,1,5.51,124.59,0.625
2016,4,12,-27.1,0.625,879.1,1,5.89,0.875,220.88,1,72.65,1,5.56,1.06,0.875
2016,4,13,-35.5,0.875,891.26,1,4.85,1,54.62,1,67.2,1,4.54,44.86,1
2016,4,14,-20.88,0.75,889.54,1,2.9,1,65.12,1,77.5,1,2.53,77.05,1
2016,4,15,-12.71,0.875,901.39,1,8.53,0.5,29.25,1,86.13,1,8.51,26.07,0.5
2016,4,16,-14.11,1,908.71,1,NA,0.125,64,0.25,85,1,NA,NA,0.125
2016,4,17,-13.63,1,902.94,1,NA,0,NA,0,82.8,1,NA,NA,0
2016,4,18,-10.54,1,901.11,1,NA,0,NA,0,89.15,1,NA,NA,0
2016,4,19,-14.39,1,905.43,1,NA,0,NA,0,74.05,1,NA,NA,0
2016,4,20,-12.6,0.875,912.93,1,1.4,0.5,85.5,0.5,86.21,1,1.23,71.3,0.5
2016,4,21,-16.41,1,917.16,1,NA,0,NA,0,82.28,1,NA,NA,0
2016,4,22,-16.34,1,912.14,1,4.8,0.375,151,0.375,77.25,1,4.7,150.2,0.375
2016,4,23,-16.09,0.875,902.22,1,2.64,0.875,191.29,0.875,78.66,1,0.82,13.38,0.875
2016,4,24,-25.58,1,908.7,1,NA,0,NA,0,74.2,1,NA,NA,0
2016,4,25,-27.14,1,906.78,1,NA,0,NA,0,72.96,1,NA,NA,0
2016,4,26,-29.72,0.75,898.51,1,3.5,0.25,41,0.25,70.66,1,3.33,43.13,0.25
2016,4,27,-26.94,0.875,902.85,1,5.54,0.875,30,1,72.66,1,5.5,31.82,0.875
2016,4,28,-26.74,1,901.24,1,2.19,1,56.5,1,73.05,1,2.15,55.44,1
2016,4,29,-31.37,0.875,902.19,1,2.11,1,55.62,1,69.5,1,1.98,60.3,1
2016,4,30,-38.57,0.75,912.66,1,1.53,0.75,129.67,0.75,65.28,1,1.46,22.72,0.75
2016,5,1,-35.4,1,910.54,1,NA,0,NA,0,67.1,1,NA,NA,0
2016,5,2,-34.88,1,906.49,1,0.32,0.5,159,0.5,66.96,1,0.32,159.69,0.5
2016,5,3,-34.88,0.75,902.9,1,0.64,1,147.75,1,66.6,1,0.32,106.91,1
2016,5,4,-27.05,0.5,900.58,1,0.68,0.5,133.5,0.5,71.61,1,0.63,134.26,0.5
2016,5,5,-22.23,0.375,882.98,1,2.17,0.5,112.25,1,76.19,1,2.11,115.81,0.5
2016,5,6,-38.85,0.25,899.59,1,7.41,0.875,87.12,1,70.41,1,7.28,91.82,0.875
2016,5,7,-15.46,0.875,892.03,1,5.84,1,99.5,1,78.38,1,5.13,97.01,1
2016,5,8,-21.23,0.75,896.04,1,7.62,0.75,107.12,1,77.18,1,6.88,20.41,0.75
2016,5,9,-25.38,1,914.71,1,2.41,0.875,73.25,1,73.75,1,2.16,71.35,0.875
2016,5,10,-29.4,0.75,905.76,1,0.88,0.75,161.33,0.75,70.6,1,0.84,155.32,0.75
2016,5,11,-21.06,0.875,898.99,1,3.4,0.5,182.5,0.5,74.25,1,3.28,180.72,0.5
2016,5,12,-18.94,0.625,901.35,1,3.98,1,104.88,1,56.33,1,3.29,60.18,1
2016,5,13,-24.22,0.625,904.8,1,4.12,1,186.25,1,71.15,1,2.59,32.17,1
2016,5,14,-26.77,0.875,899.56,1,1.91,1,261.62,1,71.74,1,1.64,242.43,1
2016,5,15,-27.74,1,907.4,1,0.58,0.625,23.2,0.625,72,1,0.56,17.72,0.625
2016,5,16,-26.16,1,911.03,1,NA,0,NA,0,73.05,1,NA,NA,0
2016,5,17,-21.31,1,910.73,1,NA,0,NA,0,77.39,1,NA,NA,0
2016,5,18,-17.26,1,907.22,1,NA,0,NA,0,81.5,1,NA,NA,0
2016,5,19,-13.84,1,897.04,1,10.7,0.375,31.33,0.375,85.08,1,10.66,31.55,0.375
2016,5,20,-16.55,1,900.75,1,7.68,0.75,61.75,1,82.36,1,6.38,47.57,0.75
2016,5,21,-16.06,0.625,893.46,1,5.4,0.625,55.12,1,78.68,1,4.93,40.64,0.625
2016,5,22,-30.46,1,889.59,1,4.16,0.875,96.12,1,70.25,1,3.58,67.37,0.875
2016,5,23,-27.92,1,882.34,1,1.18,1,232.5,1,72.13,1,1.07,236.41,1
2016,5,24,-34.22,0.625,885.76,1,0.54,0.875,66,0.875,68.1,1,0.53,65.05,0.875
2016,5,25,-33.37,0.375,878.34,1,NA,0,NA,0,67.61,1,NA,NA,0
2016,5,26,-39.54,0.625,885.61,1,NA,0,NA,0,66.23,1,NA,NA,0
2016,5,27,-36.05,0.75,888.76,1,NA,0,NA,0,66.65,1,NA,NA,0
2016,5,28,-29.73,0.75,875.84,1,NA,0,NA,0,69.2,1,NA,NA,0
2016,5,29,-38.8,0.375,881.55,1,NA,0.125,NA,0.125,66.94,1,NA,NA,0.125
2016,5,30,-29.15,1,894.14,1,8.55,0.5,65.38,1,70.76,1,6.29,39.08,0.5
2016,5,31,-32.28,1,880.88,1,4.91,0.875,249,0.875,68.64,1,4.23,284.26,0.875
2016,6,1,-29.31,0.875,890.38,1,NA,0,NA,0,70.63,1,NA,NA,0
2016,6,2,-27.25,0.75,885.39,1,NA,0.125,111.33,0.375,74.06,1,NA,NA,0.125
2016,6,3,-21.5,1,879.31,1,9.4,0.625,60.25,1,77.53,1,8.43,51.17,0.625
2016,6,4,-21.45,1,875.76,1,8.2,0.375,123.88,1,77.46,1,7.45,125.97,0.375
2016,6,5,-26.34,1,888.04,1,14.55,0.75,25.88,1,73.65,1,14.47,22.22,0.75
2016,6,6,-26.74,1,895.73,1,4.24,1,186.88,1,72.9,1,4.03,15.27,1
2016,6,7,-29.39,1,891.79,1,3.22,0.625,83.29,0.875,71.23,1,3.1,21.71,0.625
2016,6,8,-28.75,1,892.21,1,NA,0,NA,0,71.34,1,NA,NA,0
2016,6,9,-31.99,1,889.02,1,NA,0,NA,0,69.18,1,NA,NA,0
2016,6,10,-36.51,1,883.6,1,NA,0,NA,0,66.31,1,NA,NA,0
2016,6,11,-37.46,0.875,893.44,1,NA,0,NA,0,65.56,1,NA,NA,0
2016,6,12,-35.89,1,904.49,1,NA,0,NA,0,66.36,1,NA,NA,0
2016,6,13,-34.45,1,902.98,1,NA,0,NA,0,67.01,1,NA,NA,0
2016,6,14,-35.58,1,890.39,1,NA,0,NA,0,66.35,1,NA,NA,0
2016,6,15,-37.05,1,890.01,1,NA,0,NA,0,65.21,1,NA,NA,0
2016,6,16,-38.03,0.75,895.79,1,NA,0,NA,0,65.85,1,NA,NA,0
2016,6,17,-27.43,1,895.26,1,NA,0,NA,0,71.44,1,NA,NA,0
2016,6,18,-29.9,0.5,883.99,1,NA,0,NA,0,68.36,1,NA,NA,0
2016,6,19,-27.15,0.5,891.84,1,NA,0,NA,0,70.38,1,NA,NA,0
2016,6,20,-25.79,1,893.46,1,NA,0,NA,0,72.8,1,NA,NA,0
2016,6,21,-23.26,1,900.11,1,NA,0,NA,0,75,1,NA,NA,0
2016,6,22,-25.45,1,907.33,1,NA,0,NA,0,72.93,1,NA,NA,0
2016,6,23,-29.48,0.625,910.91,1,NA,0,NA,0,70.09,1,NA,NA,0
2016,6,24,-28.23,1,907.44,1,NA,0,NA,0,71.24,1,NA,NA,0
2016,6,25,-27.23,1,892.19,1,NA,0,NA,0,72,1,NA,NA,0
2016,6,26,-26.78,0.5,872.51,1,3.18,0.75,63.33,0.75,72.51,1,2.58,51.67,0.75
2016,6,27,-32.8,0.875,878.89,1,2.62,0.75,43.67,0.75,68.64,1,2.6,43.83,0.75
2016,6,28,-36.46,1,887.41,1,2.64,0.875,96.14,0.875,66.13,1,2.63,96.51,0.875
2016,6,29,-34.41,1,887.7,1,0.97,0.375,75.33,0.375,67.01,1,0.96,75.2,0.375
2016,6,30,-34.24,1,886.85,1,NA,0,NA,0,67.23,1,NA,NA,0
2016,7,1,-41.49,0.875,895.34,1,NA,0,NA,0,63.58,1,NA,NA,0
2016,7,2,-37.89,0.875,900.05,1,NA,0,NA,0,64.73,1,NA,NA,0
2016,7,3,-33.3,0.375,887.74,1,NA,0,NA,0,67.8,1,NA,NA,0
2016,7,4,-37.84,1,895.26,1,NA,0,NA,0,65.08,1,NA,NA,0
2016,7,5,-30.06,1,892.64,1,1.85,0.25,92.67,0.375,69.71,1,1.84,88.34,0.25
2016,7,6,-16.8,0.625,887.46,1,9.1,0.75,64,1,80.96,1,8.17,51.85,0.75
2016,7,7,-23.03,1,900.3,1,11.2,0.75,52.25,1,76.29,1,10,43.44,0.75
2016,7,8,-20.83,0.75,896.55,1,8.73,0.75,56,1,77.05,1,7.58,60.14,0.75
2016,7,9,-19.54,0.875,901.76,1,1.33,0.75,77.62,1,79.7,1,1.3,83.57,0.75
2016,7,10,-14.05,1,903.99,1,3.17,1,124,1,84.13,1,2.36,121.1,1
2016,7,11,-14.48,0.5,897.86,1,5.34,1,136.5,1,80.16,1,4.01,123.33,1
2016,7,12,-22.99,0.875,902.01,1,2.92,0.625,75.2,0.625,75.75,1,2.89,80.2,0.625
2016,7,13,-25.9,0.75,899.36,1,NA,0,NA,0,74.4,1,NA,NA,0
2016,7,14,-28.78,0.75,898.06,1,NA,0,NA,0,70.84,1,NA,NA,0
2016,7,15,-29.99,0.875,907.63,1,NA,0,NA,0,70.75,1,NA,NA,0
2016,7,16,-25.48,1,902.59,1,NA,0,NA,0,73.71,1,NA,NA,0
2016,7,17,-26.77,0.875,888.78,1,NA,0,NA,0,71.99,1,NA,NA,0
2016,7,18,-35.59,0.875,888.25,1,NA,0,NA,0,66.94,1,NA,NA,0
2016,7,19,-35.56,1,895.4,1,NA,0,NA,0,67.2,1,NA,NA,0
2016,7,20,-37.4,1,903.88,1,NA,0,NA,0,65.44,1,NA,NA,0
2016,7,21,-29.62,0.75,898.5,1,NA,0,NA,0,69.1,1,NA,NA,0
2016,7,22,-26.18,1,896.6,1,NA,0,NA,0,72.74,1,NA,NA,0
2016,7,23,-27.14,1,899.65,1,NA,0,NA,0,72.59,1,NA,NA,0
2016,7,24,-22.57,0.875,900.49,1,NA,0,NA,0,75.68,1,NA,NA,0
2016,7,25,-26.77,0.875,907.07,1,NA,0,NA,0,71.68,1,NA,NA,0
2016,7,26,-30.81,0.875,903.38,1,NA,0,NA,0,69.66,1,NA,NA,0
2016,7,27,-36.47,0.875,901.66,1,NA,0,NA,0,66.15,1,NA,NA,0
2016,7,28,-33.56,0.625,904.72,1,NA,0,NA,0,66.66,1,NA,NA,0
2016,7,29,-29.8,0.75,903.71,1,NA,0,NA,0,69.74,1,NA,NA,0
2016,7,30,-42.42,0.625,909.85,1,NA,0,NA,0,63.25,1,NA,NA,0
2016,7,31,-46.15,1,908.86,1,NA,0,NA,0,61.05,1,NA,NA,0
2016,8,1,-42.96,1,904.97,1,NA,0,NA,0,62.45,1,NA,NA,0
2016,8,2,-38.53,0.875,909.24,1,NA,0,NA,0,64.74,1,NA,NA,0
2016,8,3,-37.23,1,908.89,1,NA,0,NA,0,65.14,1,NA,NA,0
2016,8,4,-30.84,1,908.82,1,NA,0,NA,0,68.58,1,NA,NA,0
2016,8,5,-29.29,1,909.49,1,NA,0,NA,0,70.36,1,NA,NA,0
2016,8,6,-26.8,1,915.65,1,NA,0,NA,0,72.14,1,NA,NA,0
2016,8,7,-26.04,1,912.5,1,NA,0,NA,0,73.03,1,NA,NA,0
2016,8,8,-29.26,1,902.45,1,NA,0,NA,0,71.03,1,NA,NA,0
2016,8,9,-27.32,1,899.14,1,NA,0,NA,0,71.81,1,NA,NA,0
2016,8,10,-30.98,0.5,893.56,1,NA,0,NA,0,66.16,1,NA,NA,0
2016,8,11,-34.95,0.5,900.99,1,NA,0,NA,0,68.83,1,NA,NA,0
2016,8,12,-19.5,0.5,904.53,1,9.22,0.625,85.67,0.75,78.36,1,8.82,88.03,0.625
2016,8,13,-17.76,1,904.82,1,11.7,0.375,76.88,1,80.48,1,10.82,75.12,0.375
2016,8,14,-23.38,0.5,920.78,1,3.4,1,112.12,1,74.05,1,2.52,55.76,1
2016,8,15,-20.49,1,914.7,1,1.45,1,210,1,77.88,1,0.96,185.94,1
2016,8,16,-22.31,1,910.34,1,2.3,0.75,226,0.75,75.8,1,1.88,336.98,0.75
2016,8,17,-24.55,0.75,903.99,1,NA,0,NA,0,73.75,1,NA,NA,0
2016,8,18,-17.56,0.625,896.74,1,1.92,0.625,94,1,82.01,1,1.81,87.74,0.625
2016,8,19,-19.03,0.875,897.59,1,NA,0,NA,0,79.79,1,NA,NA,0
2016,8,20,-24.59,1,905.79,1,NA,0,NA,0,74.7,1,NA,NA,0
2016,8,21,-16.86,0.875,909.43,1,8.8,0.5,52.5,0.5,81.19,1,8.55,48.89,0.5
2016,8,22,-14.05,1,911.57,1,8.97,0.75,74.62,1,84.65,1,6.78,53.1,0.75
2016,8,23,-15.24,1,908.25,1,3.51,0.875,166.12,1,82.75,1,1.8,180.57,0.875
2016,8,24,-22.97,0.875,900.41,1,1.62,1,231.38,1,76.02,1,1.38,229.31,1
2016,8,25,-25.22,0.75,892.28,1,1.6,1,207.38,1,73.29,1,0.82,291.6,1
2016,8,26,-36.25,0.75,887.3,1,0.93,0.75,47.83,0.75,66.95,1,0.93,47.58,0.75
2016,8,27,-35.45,0.75,889.49,1,NA,0.125,NA,0.125,68.63,1,NA,NA,0.125
2016,8,28,-19.38,0.75,871.39,1,6.8,0.375,65.33,0.75,79.11,1,6.75,83.29,0.375
2016,8,29,-20.65,0.75,875.14,1,11.97,0.5,82.88,1,78,1,10.98,53.95,0.5
2016,8,30,-26.85,1,895.8,1,9.05,0.75,30,1,73.38,1,8.93,29.22,0.75
2016,8,31,-27.14,1,894.74,1,1.4,0.875,131.14,0.875,72,1,1.33,118.13,0.875
2016,9,1,-29.28,1,885.78,1,NA,0.125,NA,0.125,71.35,1,NA,NA,0.125
2016,9,2,-24.34,1,878.49,1,2.88,0.625,185.2,0.625,73.71,1,2.77,191.38,0.625
2016,9,3,-32.04,0.625,877.39,1,5.6,0.75,56.88,1,69.96,1,5.52,46.63,0.75
2016,9,4,-35.65,1,876.69,1,4.04,1,171.38,1,66.83,1,1.42,15.43,1
2016,9,5,-38.37,0.75,882.63,1,2.96,1,213.5,1,65.49,1,2.03,349.26,1
2016,9,6,-40.7,0.625,881.58,1,2.64,1,79.38,1,65.81,1,2.54,75.89,1
2016,9,7,-23.72,0.625,871,1,4.59,1,206.12,1,72.74,1,1.02,230.24,1
2016,9,8,-41.83,0.5,883.39,1,8.23,0.875,105.38,1,64.66,1,5.84,22,0.875
2016,9,9,-36.56,0.875,871.55,1,3.59,1,174.88,1,66.04,1,2.17,147.36,1
2016,9,10,-39,1,870.34,1,0.68,0.5,266.5,0.5,64.76,1,0.66,261.37,0.5
2016,9,11,-35.17,0.875,869.6,1,NA,0,NA,0,66.76,1,NA,NA,0
2016,9,12,-37.22,0.75,871.13,1,NA,0,NA,0,65.58,1,NA,NA,0
2016,9,13,-30.56,0.625,857.93,1,NA,0.125,NA,0.125,68.29,1,NA,NA,0.125
2016,9,14,-33.08,0.5,867.69,1,7.33,0.875,99.5,1,69.94,1,6.63,83.79,0.875
2016,9,15,-22,0.875,886.23,1,4.3,0.25,44.67,0.375,75.75,1,4.2,71.3,0.25
2016,9,16,-35.6,0.625,886.29,1,4.97,1,150.5,1,67.41,1,2.02,141.05,1
2016,9,17,-27.8,0.375,886.25,1,2.95,1,94,1,71.26,1,2.54,94.28,1
2016,9,18,-19.55,1,887.15,1,4.7,1,238.62,1,74.33,1,3.76,239.11,1
2016,9,19,-20.5,0.75,885.55,1,4.09,1,165.62,1,50.08,1,1.86,186.52,1
2016,9,20,-35.46,0.625,894.11,1,5.53,0.875,46.5,1,65.25,1,5.46,47.28,0.875
2016,9,21,-23.85,1,896.36,1,5,1,145.75,1,62.81,1,2.69,154.36,1
2016,9,22,-23.33,1,896.3,1,3.44,1,165,1,55.19,1,1.64,237.82,1
2016,9,23,-24.64,1,883.57,1,5.74,1,122.12,1,54.85,1,5.6,120.65,1
2016,9,24,-26.82,0.625,878.84,1,3.4,0.875,59.62,1,65.69,1,3.22,60.61,0.875
2016,9,25,-25.34,1,889.39,1,NA,0.125,NA,0.125,71.95,1,NA,NA,0.125
2016,9,26,-31.68,0.75,889.53,1,9.22,1,134.25,1,69.39,1,9.04,134.14,1
2016,9,27,-20,0.75,888.68,1,13.97,1,108.38,1,75.71,1,13.7,105.9,1
2016,9,28,-23.84,1,900.86,1,12.59,0.875,111.5,1,60.05,1,12.29,111.17,0.875
2016,9,29,-25.74,0.875,892.14,1,7.18,1,151.88,1,62.5,1,5.95,148.69,1
2016,9,30,-28.61,1,883.2,1,8.68,1,105.62,1,66.57,1,8.18,107.22,1
2016,10,1,-27.1,0.75,890.54,1,6.27,0.75,113,1,70.95,1,5.45,84.04,0.75
2016,10,2,-22.39,1,895.09,1,2.99,1,235.38,1,66.75,1,1.89,322.24,1
2016,10,3,-23.74,1,904.25,1,2.26,1,191,1,72.94,1,0.77,286.88,1
2016,10,4,-25.05,1,904.28,1,2.57,1,171.62,1,72.06,1,2.51,167.15,1
2016,10,5,-28,1,895.88,1,6.28,1,244.88,1,64.26,1,4.52,244.8,1
2016,10,6,-22.84,0.875,900.16,1,4.76,0.875,102.12,1,45.96,1,3.51,42.23,0.875
2016,10,7,-28.43,0.875,899.53,1,4,0.875,114.5,1,71.23,1,2.81,72.99,0.875
2016,10,8,-29.31,1,902.39,1,4.51,1,73.5,1,69.51,1,3.9,70.93,1
2016,10,9,-21.36,1,905.98,1,7.89,1,73.62,1,76.78,1,7.54,72.9,1
2016,10,10,-15.63,0.75,897.66,1,12.78,0.75,69.62,1,81.41,1,11.35,23.31,0.75
2016,10,11,-23.23,1,918.69,1,10.4,0.5,225.62,1,74.69,1,6.92,341.96,0.5
2016,10,12,-17.99,1,909.47,1,4.78,1,63.25,1,78.88,1,4.5,73.6,1
2016,10,13,-14.11,1,895.45,1,6.64,1,34.38,1,83.88,1,6.42,31.84,1
2016,10,14,-14.79,1,894.65,1,3.58,1,51.38,1,83.04,1,3.05,35.2,1
2016,10,15,-16.18,0.75,892.33,1,2.51,1,185.62,1,79.75,1,0.28,334.3,1
2016,10,16,-15.65,0.75,896.31,1,3.75,1,101,1,82.01,1,3.59,97.86,1
2016,10,17,-10.43,0.75,880.95,1,5.01,0.875,143.88,1,83.75,1,3.15,58.92,0.875
2016,10,18,-20.59,0.875,887.84,1,3.33,1,156,1,77.34,1,1.81,34.48,1
2016,10,19,-22.17,1,889.34,1,2.21,1,74.75,1,76.21,1,1.76,71.56,1
2016,10,20,-22.94,1,896.66,1,2.1,0.875,101.71,0.875,75.61,1,1.9,101.61,0.875
2016,10,21,-26.73,1,889.75,1,3.34,1,176.38,1,71.91,1,0.83,206.41,1
2016,10,22,-28.23,0.875,887.36,1,4.16,1,239.62,1,71.06,1,3.48,325.28,1
2016,10,23,-22.29,0.875,883.56,1,3.71,1,101.62,1,75.14,1,2.34,102.54,1
2016,10,24,-23.25,1,862.75,1,6.5,0.875,139.25,1,75.25,1,4.52,160.78,0.875
2016,10,25,-23.46,0.875,875.36,1,8.25,1,104.88,1,75.3,1,7.96,106.25,1
2016,10,26,-23.38,1,890.43,1,6.28,1,98.88,1,74.4,1,6.23,99.49,1
2016,10,27,-21.46,1,892.58,1,3.27,0.875,229.29,0.875,75.21,1,1.93,258.89,0.875
2016,10,28,-22.82,0.625,892.46,1,3.2,1,141.75,1,72.28,1,2.8,11.97,1
2016,10,29,-28.3,1,895.74,1,2.98,1,66,1,68.35,1,2.27,35.69,1
2016,10,30,-26.7,1,893.21,1,3.34,1,187.5,1,70.85,1,2.84,189.8,1
2016,10,31,-24.29,1,896.45,1,5.55,1,258.12,1,68.34,1,5.51,257.78,1
2016,11,1,-23.54,1,898.79,1,5.56,1,243,1,73.66,1,5.47,244.42,1
2016,11,2,-23.19,0.875,907.9,1,3.58,1,187.75,1,72.69,1,2.85,197.73,1
2016,11,3,-20.74,0.875,916,1,2.55,1,189.88,1,65.64,1,2.05,189.41,1
2016,11,4,-18.1,1,913.19,1,2.9,1,268.5,1,65.75,1,2.32,275.32,1
2016,11,5,-16.39,1,909.93,1,2.48,1,138.62,1,50.75,1,2.4,140.68,1
2016,11,6,-16.08,0.625,907.1,1,3.6,1,173.25,1,46.64,1,2.9,166.51,1
2016,11,7,-20.53,0.75,911.2,1,3.94,1,111.88,1,67.83,1,3.5,23.52,1
2016,11,8,-21.1,0.875,913.2,1,5.78,1,225.5,1,72.75,1,5.7,0.83,1
2016,11,9,-18.86,0.875,903.94,1,3.98,1,54.62,1,75.95,1,3.82,53.48,1
2016,11,10,-17.78,0.75,898.45,1,5.08,1,259.75,1,76.06,1,4.27,300.14,1
2016,11,11,-22.88,0.625,906.9,1,6.65,1,41.12,1,75.58,1,6.23,32.85,1
2016,11,12,-15.89,1,910.39,1,1.59,1,238.75,1,81.26,1,0.89,268.37,1
2016,11,13,-17,0.875,911.69,1,1.91,1,201.75,1,77.79,1,0.51,307.93,1
2016,11,14,-19.81,1,910.36,1,4.47,0.875,120.75,1,75.16,1,0.96,14.24,0.875
2016,11,15,-20.75,1,909.01,1,4.45,1,187,1,75.1,1,1.85,5.94,1
2016,11,16,-19.6,0.875,907.88,1,4.47,1,114.12,1,73.25,1,4.12,103.71,1
2016,11,17,-19.6,0.875,908.58,1,4.7,1,98.75,1,67.23,1,4.65,98.59,1
2016,11,18,-17.4,1,907.85,1,2.39,1,183.38,1,58.51,1,1.34,210.83,1
2016,11,19,-18.73,0.875,902.29,1,4.41,1,173.38,1,69.71,1,3.27,184.15,1
2016,11,20,-12.8,0.75,894.11,1,3.86,0.875,102.12,1,73.5,1,3.03,107.72,0.875
2016,11,21,-15.55,0.5,900.06,1,8.12,1,66.12,1,76.88,1,7.41,62.15,1
2016,11,22,-14.33,1,908.04,1,4.36,0.875,224.5,1,83.04,1,2.41,356.9,0.875
2016,11,23,-16.19,1,903.4,1,3.69,1,122.25,1,80.41,1,2.56,119.3,1
2016,11,24,-14.05,1,901.23,1,4.91,1,55.38,1,80.6,1,4.89,55.94,1
2016,11,25,-12.69,1,904.83,1,3.8,1,51.25,1,70.85,1,3.45,54.57,1
2016,11,26,-16.2,1,911.74,1,3.3,1,224.25,1,76.95,1,3.25,357.78,1
2016,11,27,-13.45,1,913.7,1,2.69,1,73.88,1,79.25,1,2.07,64.52,1
2016,11,28,-12.88,0.75,912.35,1,2.2,1,236.62,1,73.98,1,0.98,315.21,1
2016,11,29,-15.8,0.875,911.78,1,2.54,1,233.62,1,76.25,1,2.31,224.71,1
2016,11,30,-17.58,1,903.94,1,2.92,1,219.75,1,74.45,1,2.9,219.44,1
2016,12,1,-17.03,0.375,903.44,1,1.84,1,228.12,1,69.19,1,1.76,223.87,1
2016,12,2,-19.5,0.625,909.7,1,2.3,1,229.88,1,68.81,1,2.18,224.72,1
2016,12,3,-18.43,0.75,907.59,1,2.29,1,134.5,1,76.95,1,0.89,49.21,1
2016,12,4,-17.21,1,902.15,1,3.98,1,114.38,1,69.38,1,3.26,104.39,1
2016,12,5,-14.83,0.875,896.5,1,4.43,0.875,99.88,1,74.08,1,2.85,101.69,0.875
2016,12,6,-13.84,0.875,904.4,1,3.01,1,73.5,1,68.88,1,2.95,76.77,1
2016,12,7,-11.27,0.5,909.35,1,1.66,1,224,1,52.83,1,0.74,261.37,1
2016,12,8,-11.28,0.625,906.93,1,2.76,0.875,96.14,0.875,56.63,1,2.24,77.6,0.875
2016,12,9,-9.41,1,907.01,1,4.41,1,96.75,1,70.09,1,4.28,97.01,1
2016,12,10,-6.99,1,906.84,1,4.29,1,88.25,1,67.51,1,3.97,90.96,1
2016,12,11,-5.8,1,902.71,1,3.15,1,149.5,1,74.18,1,2.43,153.25,1
2016,12,12,-6.34,0.625,902.55,1,3.16,1,114,1,71,1,2.94,32.15,1
2016,12,13,-7.59,1,912.04,1,4.44,1,36.12,1,85.19,1,4.39,35.94,1
2016,12,14,-9.73,0.75,916.13,1,1.73,0.5,98.25,0.5,86.06,1,0.56,89.94,0.5
2016,12,15,-10.36,1,914.24,1,3.49,1,140.75,1,84.86,1,3.38,139.49,1
2016,12,16,-10.99,1,913.49,1,3.78,1,197.12,1,84.53,1,3.56,193.74,1
2016,12,17,-11.03,0.875,915.51,1,3.2,1,91.12,1,84.15,1,2.28,75.31,1
2016,12,18,-11.11,1,913.85,1,5.42,1,125.88,1,75.69,1,5.2,130,1
2016,12,19,-10.17,0.875,908.23,1,6.04,1,121.12,1,71.93,1,5.79,122.3,1
2016,12,20,-7.82,0.625,907.15,1,2.78,1,111.62,1,52.36,1,1.53,12.38,1
2016,12,21,-7.91,1,910.44,1,5.01,1,28,1,82.14,1,4.98,27.7,1
2016,12,22,-7.39,1,914.16,1,3.94,1,40.88,1,77.15,1,3.91,40.83,1
2016,12,23,-5.16,1,919.16,1,3.49,1,35.38,1,91.39,1,3.36,37.9,1
2016,12,24,-5.66,1,916.6,1,5.08,1,80.88,1,82.51,1,4.82,82.45,1
2016,12,25,-6.76,0.875,908.66,1,2.99,1,156.62,1,83.29,1,2.39,28.28,1
2016,12,26,-5.2,1,908.04,1,6.27,0.875,28.62,1,89.45,1,6.13,24.47,0.875
2016,12,27,-6.63,1,911.19,1,7,0.75,60.38,1,90.19,1,6.1,16.68,0.75
2016,12,28,-6.53,0.875,902.59,1,4.59,0.875,115.38,1,86.79,1,2.63,135.23,0.875
2016,12,29,-7.08,1,901.91,1,9.61,1,137.62,1,89.19,1,9.3,2.28,1
2016,12,30,-8.51,1,909.07,1,9.1,0.875,258,1,88.55,1,9.03,356.79,0.875
2016,12,31,-8.61,0.875,909.18,1,3.86,1,129,1,79.38,1,3.6,116.68,1
2017,1,1,-5.83,1,907.4,1,3.35,1,87.12,1,75.84,1,3.09,84.89,1
2017,1,2,-3.13,1,898.91,1,6.01,1,111.12,1,88.75,1,5.01,109.93,1
2017,1,3,-3.55,1,895.9,1,9.4,0.75,51.62,1,92.19,1,8.69,50.24,0.75
2017,1,4,-4.71,1,917.96,1,6.63,0.875,75.25,1,88.65,1,4.92,23.81,0.875
2017,1,5,-6.33,1,922.04,1,4.86,1,161.62,1,87.93,1,4.85,161.07,1
2017,1,6,-7.1,1,913.59,1,4.79,1,134.88,1,76.61,1,4.5,137.53,1
2017,1,7,-7.25,1,913.51,1,5.41,1,114,1,58.89,1,5.33,115.97,1
2017,1,8,-7.87,0.875,909.81,1,3.84,1,195.88,1,72.75,1,3.28,179.14,1
2017,1,9,-9.29,1,908.63,1,3.88,1,242,1,70.08,1,3.3,336.36,1
2017,1,10,-8.83,0.375,911.14,1,2.2,1,19.5,1,80.29,1,2.14,20.67,1
2017,1,11,-7.39,0.875,916.45,1,3.51,1,240.38,1,85.88,1,2.88,318.41,1
2017,1,12,-7.7,0.75,922.13,1,2.86,1,307.75,1,82.1,1,2.47,298.79,1
2017,1,13,-7.27,0.875,925.41,1,2.41,1,204,1,88.03,1,1.98,15.56,1
2017,1,14,-11.21,0.875,920.06,1,6.12,1,170.75,1,81.35,1,5.7,179.88,1
2017,1,15,-12.81,1,910.49,1,6.12,0.75,238.14,0.875,77.66,1,5.52,234.33,0.75
2017,1,16,-12.89,1,912.01,1,7.26,1,276.62,1,71.94,1,6.49,311.83,1
2017,1,17,-12.73,0.75,917.55,1,3.09,0.875,276.29,0.875,83.56,1,2.51,326.05,0.875
2017,1,18,NA,0.125,916.18,1,1.77,1,202.12,1,80.93,1,1,175.57,1
2017,1,19,-13.67,0.5,915.36,1,1.93,1,255.62,1,78.7,1,1.47,248.51,1
2017,1,20,-15.02,0.75,916.46,1,4.44,1,150.75,1,80.63,1,3.06,126.55,1
2017,1,21,-15.95,1,909.19,1,5.15,1,153.38,1,76.64,1,5.1,154.74,1
2017,1,22,-16.23,0.75,893.19,1,4.77,0.75,235.12,1,79.16,1,3.61,215.73,0.75
2017,1,23,-11.19,1,903.57,1,7.86,1,290.25,1,82.15,1,7.62,289.75,1
2017,1,24,-13.7,0.625,921.14,1,3.79,1,285.12,1,79.48,1,3.54,287.98,1
2017,1,25,-13.05,0.75,920.36,1,3.31,1,78.75,1,76.5,1,3.24,77.48,1
2017,1,26,-12.34,0.875,915.84,1,3.38,1,152,1,76,1,1.33,115.16,1
2017,1,27,-13.92,0.75,920.34,1,4.75,1,59.5,1,77.88,1,4.33,64.37,1
2017,1,28,-16.42,0.75,907.7,1,6.36,1,161.62,1,70.71,1,4.95,160.9,1
2017,1,29,-20.09,1,900.81,1,6.61,1,261.38,1,73.99,1,6.28,260.19,1
2017,1,30,-17.46,1,910.6,1,4.78,1,268.12,1,76.28,1,4.69,269.25,1
2017,1,31,-19.66,1,915.85,1,3.24,1,187.5,1,73.6,1,2.91,189.48,1
2017,2,1,-19.33,1,912.99,1,3.86,1,206.62,1,69.79,1,3.81,206.24,1
2017,2,2,-17.68,0.75,906.54,1,3.76,1,146.5,1,68.18,1,2.63,133.04,1
2017,2,3,-13.06,1,901.86,1,6.35,1,131.12,1,55.43,1,6.17,132.51,1
2017,2,4,-17.42,0.625,903.45,1,6.14,0.875,80.88,1,77.63,1,4.94,75.48,0.875
2017,2,5,-10,0.5,901.31,1,2.39,1,138.38,1,86.75,1,0.87,136.29,1
2017,2,6,-9.49,1,910.04,1,6.34,0.875,150.88,1,87.01,1,4.78,21.7,0.875
2017,2,7,-7.66,1,920.49,1,5.35,1,109.62,1,74.83,1,4.96,111.05,1
2017,2,8,-7.32,0.5,912.9,1,2.82,1,126.38,1,60.75,1,2.17,117.06,1
2017,2,9,-7.55,1,909.23,1,3.4,1,174.38,1,50.7,1,3.33,172.76,1
2017,2,10,-7.43,0.75,908.71,1,2.41,1,138.38,1,44.43,1,2.28,161.7,1
2017,2,11,-8.78,0.75,905.38,1,3.67,1,35.62,1,79.96,1,3.63,38.51,1
2017,2,12,-8.88,1,906.48,1,4.05,1,42.25,1,90.46,1,3.97,42,1
2017,2,13,-13.34,0.875,913.05,1,3.95,0.75,235.83,0.75,84.95,1,3.83,358.14,0.75
2017,2,14,-13.28,1,907.1,1,NA,0.125,NA,0.125,85.86,1,NA,NA,0.125
2017,2,15,-16.16,0.875,895.74,1,3.45,1,188.5,1,80.36,1,3.13,187.31,1
2017,2,16,-15.96,0.875,899.26,1,3.42,1,178.12,1,76.64,1,2.11,296.46,1
2017,2,17,-17.86,1,901.21,1,4.71,1,57,1,71.63,1,4.01,21,1
2017,2,18,-20.99,0.875,901.09,1,4.59,0.875,40.12,1,76.31,1,4.52,40.36,0.875
2017,2,19,-22.38,0.625,900.36,1,3.8,1,37.25,1,74.55,1,3.72,38.97,1
2017,2,20,-21.58,0.625,899.38,1,2.92,1,78.12,1,72.54,1,2.78,43.14,1
2017,2,21,-19.47,0.75,903.16,1,6,1,79.5,1,79.55,1,5.79,77.86,1
2017,2,22,-17.64,0.625,914.51,1,4.68,1,51.5,1,78.94,1,4.6,50.38,1
2017,2,23,-18.1,0.625,916.14,1,1.79,1,236.5,1,79.55,1,1.48,222.24,1
2017,2,24,-22.34,1,906.19,1,4.96,1,180,1,75.85,1,4.81,180.59,1
2017,2,25,-22.1,1,899.58,1,3.42,1,153,1,75.05,1,3.32,153.69,1
2017,2,26,-17.04,0.875,899.32,1,3.1,1,117.38,1,73.09,1,1.52,29.86,1
2017,2,27,-25,0.625,902.25,1,4.78,1,136.5,1,72.58,1,4,18.03,1
2017,2,28,-16.47,0.75,917.08,1,3.2,1,71.12,1,75.35,1,2.96,68.44,1
2017,3,1,-15.46,0.625,920.79,1,2.97,0.75,126.83,0.75,79.68,1,2.59,32.3,0.75
2017,3,2,-19.64,1,916.15,1,3.29,0.875,172.57,0.875,77.14,1,3.28,172.74,0.875
2017,3,3,-21.49,0.875,908.65,1,5.75,0.75,170.5,1,73.89,1,1.71,261.96,0.75
2017,3,4,-17.68,1,917.2,1,3.9,0.75,65.14,0.875,78.78,1,3.29,42.99,0.75
2017,3,5,-8.71,1,922.04,1,2.97,0.875,99.14,0.875,90.69,1,2.64,96.9,0.875
2017,3,6,-8.24,0.625,919.11,1,3.3,1,93.75,1,86.7,1,2.53,34.23,1
2017,3,7,-9.24,1,914.84,1,1.71,1,205.5,1,91.94,1,1.15,201.87,1
2017,3,8,-12.79,1,908.04,1,1.18,0.625,176.2,0.625,85.52,1,1.14,175.05,0.625
2017,3,9,-17.18,1,901.56,1,2.56,1,181.38,1,82,1,0.92,261.49,1
2017,3,10,-23.3,0.625,904.73,1,2.4,0.75,80.83,0.75,77.98,1,2.14,74.47,0.75
2017,3,11,-12.07,0.875,904.96,1,3.04,1,144.38,1,64.29,1,2.04,68.52,1
2017,3,12,-12.38,1,906.33,1,2.54,1,85.5,1,85.99,1,2.01,36.58,1
2017,3,13,-16.19,1,906.26,1,1.68,0.5,180.25,0.5,81.39,1,1.62,179.91,0.5
2017,3,14,-18.93,0.875,906.25,1,1.17,0.75,202.83,0.75,78.28,1,0.92,201.42,0.75
2017,3,15,-23.88,0.75,904.34,1,4.81,1,236.12,1,72.96,1,4.27,234.47,1
2017,3,16,-24.9,0.75,900.93,1,3.7,1,256.12,1,74.48,1,3.47,253.66,1
2017,3,17,-23.79,0.875,899.39,1,2.8,0.875,162.14,0.875,73.14,1,2.52,145.48,0.875
2017,3,18,-23.43,0.75,895.21,1,4.62,0.625,150,0.625,70.16,1,4.11,152.18,0.625
2017,3,19,-10.7,0.875,899.58,1,3.54,1,68.75,1,21,1,3.37,76.13,1
2017,3,20,-9.8,1,899.35,1,3.05,1,127.12,1,67.73,1,1.79,55.36,1
2017,3,21,-16.87,0.75,894.39,1,2,0.875,167,1,68.93,1,1.66,193.59,0.875
2017,3,22,-21.81,0.875,895.93,1,7.32,0.75,62.88,1,72.38,1,7.24,61.32,0.75
2017,3,23,-11.9,0.875,902.08,1,3.67,1,192.62,1,50.6,1,2.01,216.1,1
2017,3,24,-12.05,1,900.09,1,2.76,1,181.88,1,69.06,1,2.56,181.45,1
2017,3,25,-10.58,1,900.69,1,1.74,1,276.38,1,67.6,1,1.1,289.97,1
2017,3,26,-13.19,1,901.09,1,1.06,1,130.25,1,79.7,1,0.82,29.1,1
2017,3,27,-17.21,1,897.34,1,1.25,0.5,156.5,0.5,82.31,1,0.67,56.53,0.5
2017,3,28,-20.7,0.875,895.62,1,2.71,1,214.12,1,77.38,1,2.56,220.13,1
2017,3,29,-27.2,0.25,898.06,1,2.16,1,246.38,1,71.51,1,1.95,333.63,1
2017,3,30,-27.98,0.75,902.99,1,2.02,1,248.38,1,72.2,1,1.55,326.98,1
2017,3,31,-24.56,1,902.18,1,1.02,0.625,55,0.625,74.95,1,1.01,58.29,0.625
2017,4,1,-22.1,1,899.49,1,NA,0,NA,0,76.69,1,NA,NA,0
2017,4,2,-25.3,0.25,898.07,1,NA,0,NA,0,77.7,1,NA,NA,0
2017,4,3,-15.23,0.5,893.93,1,17.23,0.375,32.67,0.375,88.16,1,16.83,31.72,0.375
2017,4,4,-15.46,0.625,907.38,1,12.33,0.75,153.25,1,77.78,1,10.86,32.74,0.75
2017,4,5,-13.58,0.5,913.29,1,6.26,0.875,87.62,1,82.03,1,5.94,98.72,0.875
2017,4,6,-11.61,1,898.28,1,2.07,0.375,71.67,0.375,92.2,1,2.06,71.33,0.375
2017,4,7,-13.84,1,899.72,1,5.6,0.375,144.33,0.375,87.54,1,5.47,143.32,0.375
2017,4,8,-18.86,1,896.79,1,NA,0.125,161,0.25,80.02,1,NA,NA,0.125
2017,4,9,-17.94,1,894.84,1,NA,0,NA,0,81.33,1,NA,NA,0
2017,4,10,-15.1,1,891.04,1,3.7,0.375,54.75,0.5,86.06,1,3.66,44.02,0.375
2017,4,11,-13.25,1,888.63,1,0.6,0.5,73.25,0.5,89.59,1,0.59,72.25,0.5
2017,4,12,-13.78,1,888.35,1,NA,0,NA,0,88.48,1,NA,NA,0
2017,4,13,-16.5,1,894.83,1,NA,0,NA,0,83.11,1,NA,NA,0
2017,4,14,-20.55,1,898.28,1,NA,0,NA,0,79.08,1,NA,NA,0
2017,4,15,-23.92,1,904.24,1,NA,0,NA,0,76.29,1,NA,NA,0
2017,4,16,-23.28,1,909.94,1,NA,0,NA,0,76.71,1,NA,NA,0
2017,4,17,-17.95,1,908.51,1,NA,0,NA,0,81.78,1,NA,NA,0
2017,4,18,-15.6,1,899.38,1,NA,0,NA,0,85.14,1,NA,NA,0
2017,4,19,-11.58,1,897.98,1,10.45,0.75,40.17,0.75,92.49,1,10.41,39.94,0.75
2017,4,20,-13.96,1,900.75,1,7.56,1,44.88,1,88.24,1,7.3,42.78,1
2017,4,21,-14.35,1,901.13,1,3.86,1,61.62,1,86.93,1,3.41,50.42,1
2017,4,22,-17.01,0.875,897.79,1,2.4,0.375,76.33,0.375,82.86,1,2.39,78.28,0.375
2017,4,23,-16.19,1,896.31,1,NA,0,NA,0,83.13,1,NA,NA,0
2017,4,24,-11.03,1,897.78,1,5.9,0.625,88.8,0.625,93,1,5.67,91.56,0.625
2017,4,25,-9.39,1,901.03,1,3.46,1,111.88,1,95.09,0.875,2.96,74.78,1
2017,4,26,-11.7,1,912.4,1,0.47,0.375,90,0.375,91.89,1,0.46,89.14,0.375
2017,4,27,-13.8,0.625,913.06,1,NA,0,NA,0,86.75,1,NA,NA,0
2017,4,28,-10.2,0.875,914.96,1,2.3,0.375,269.33,0.375,94.31,1,2.23,266.66,0.375
2017,4,29,-10.19,1,917.29,1,1.41,0.875,231.14,0.875,94.58,1,1.16,274.85,0.875
2017,4,30,-13.59,1,909.78,1,4.15,0.75,116.17,0.75,87.46,1,4.13,117.13,0.75
2017,5,1,-14.92,0.75,900.85,1,2.65,0.5,29.75,0.5,85.23,1,2.56,27.73,0.5
2017,5,2,-14.08,1,890.93,1,5.2,1,87,1,86.66,1,4.98,88.99,1
2017,5,3,-15.78,1,884.68,1,10.01,1,59.75,1,84.74,1,9.78,59.12,1
2017,5,4,-16.81,0.875,889.11,1,2.79,1,145.75,1,82.77,1,1.75,90.8,1
2017,5,5,-17.8,1,884.75,1,0.73,0.375,253.67,0.375,79.31,1,0.71,251.04,0.375
2017,5,6,-31.7,0.75,885.13,1,2.3,0.375,41.33,0.375,70.53,1,2.29,40.55,0.375
2017,5,7,-30.7,0.375,894.18,1,0.72,0.625,79.8,0.625,71.88,1,0.7,12.17,0.625
2017,5,8,-24.58,1,893.48,1,0.52,0.75,101,0.75,75.13,1,0.52,101.26,0.75
2017,5,9,-23.45,1,890.03,1,2.54,1,132.5,1,74.64,1,2.4,141.05,1
2017,5,10,-22.51,1,887.9,1,2.67,1,189.38,1,76.49,1,2.61,190.26,1
2017,5,11,-19.85,0.5,882.56,1,3.56,1,137.25,1,77.21,1,2.06,93.85,1
2017,5,12,-19.55,0.5,886.87,1,2.66,0.875,76.88,1,77.45,1,2.16,64.84,0.875
2017,5,13,-20.41,1,880.81,1,8.07,1,102,1,74.29,1,7.18,104.31,1
2017,5,14,-19.19,0.875,890.06,1,6.7,1,93.38,1,73.4,1,5.99,93.59,1
2017,5,15,-14.14,0.625,887.38,1,8.05,0.75,100.5,1,69.25,1,7.92,99.4,0.75
2017,5,16,-15.38,0.625,888.75,1,8.03,0.75,97.62,1,75.41,1,7.7,98.11,0.75
2017,5,17,-13.55,0.75,897.2,1,4.01,1,107,1,66.69,1,2.23,86.65,1
2017,5,18,-17.38,1,899.66,1,6.59,1,119.12,1,62.66,1,6.02,113.4,1
2017,5,19,-15.18,0.5,898.45,1,4.32,0.75,48.88,1,56.5,1,3.34,60.63,0.75
2017,5,20,-27.63,0.75,899.06,1,2.6,0.25,27.5,0.5,72.34,1,2.56,17.88,0.25
2017,5,21,-19.1,0.625,886.89,1,3.34,0.625,126,0.75,67.46,1,2.36,120.16,0.625
2017,5,22,-19.65,0.75,883.45,1,3.6,1,89.88,1,79.75,1,3.51,88.62,1
2017,5,23,-15.21,0.875,889.3,1,3.25,1,148.25,1,81.11,1,1.66,98.51,1
2017,5,24,-18.38,1,905.34,1,1.44,0.625,31.6,0.625,80.74,1,1.4,28.44,0.625
2017,5,25,-17.94,1,913.65,1,NA,0,NA,0,81.45,1,NA,NA,0
2017,5,26,-26.38,0.75,895.86,1,0.55,0.75,205.83,0.75,73.83,1,0.55,203.99,0.75
2017,5,27,-22.57,0.375,889.84,1,4.05,0.25,89.5,0.25,77.75,1,4.04,90.58,0.25
2017,5,28,-16.05,0.75,890.79,1,4.11,1,210.5,1,81.14,1,2.92,301.86,1
2017,5,29,-18.04,1,896.58,1,1.48,1,212,1,81.98,1,0.46,339.49,1
2017,5,30,-20.87,0.875,890.75,1,2.16,1,190.12,1,77.68,1,2.03,195.58,1
2017,5,31,-24.96,0.625,879.54,1,3.06,1,100.62,1,73,1,2.41,81.05,1
2017,6,1,-25.07,0.875,893.18,1,7.63,0.75,77.12,1,74.25,1,6.63,40.99,0.75
2017,6,2,-23.35,1,890.91,1,3.54,0.875,129.88,1,76.26,1,2.6,110.76,0.875
2017,6,3,-19.2,0.75,888.56,1,4.94,1,130.62,1,65.06,1,4.07,104.6,1
2017,6,4,-21.5,0.375,889.66,1,7.41,0.875,81.88,1,69.38,1,6.46,90.69,0.875
2017,6,5,-26.55,0.75,893,1,4.3,1,117,1,65.01,1,3.2,84.35,1
2017,6,6,-27.4,0.625,896.23,1,3.67,1,101,1,68.1,1,2.58,48.34,1
2017,6,7,-30.03,0.875,899.74,1,0.79,0.875,93.43,0.875,69.77,1,0.76,92.13,0.875
2017,6,8,-25.81,1,897.86,1,0.64,1,244.12,1,73.03,1,0.6,238.69,1
2017,6,9,-33.59,1,894.76,1,0.5,0.625,257.4,0.625,67.84,1,0.49,249.01,0.625
2017,6,10,-30.09,0.875,904.31,1,NA,0,NA,0,70.69,1,NA,NA,0
2017,6,11,-26.22,1,904.95,1,2.85,0.25,111,0.25,71.29,1,2.82,104.82,0.25
2017,6,12,-24.56,1,905.4,1,6.85,1,58.25,1,72.31,1,6.59,57.88,1
2017,6,13,-20.36,0.875,898.43,1,7.06,1,83.38,1,77.25,1,6.03,73.32,1
2017,6,14,-16.44,0.875,885.95,1,11.94,0.625,86.88,1,79.79,1,9.73,67.57,0.625
2017,6,15,-26.64,0.875,894.43,1,13.82,0.625,49.25,1,73.89,1,10.92,50.52,0.625
2017,6,16,-23.7,0.5,879.26,1,13.23,0.875,90.38,1,77.41,1,11.01,39.93,0.875
2017,6,17,-26.75,1,885.96,1,2.92,0.75,167,1,74.28,1,2.49,20.36,0.75
2017,6,18,-28.25,0.5,893.74,1,1.58,0.75,280.67,0.75,72.06,1,1.49,349.59,0.75
2017,6,19,-28.65,0.75,891.61,1,NA,0.125,NA,0.125,72.73,1,NA,NA,0.125
2017,6,20,-23.98,0.625,889.66,1,4.42,0.5,104.75,0.5,74.99,1,4.06,14.37,0.5
2017,6,21,-24.66,0.875,902.86,1,2.35,0.75,78.5,0.75,76.11,1,2.3,67.88,0.75
2017,6,22,-24.5,0.625,898.48,1,5.03,0.75,196.5,1,75.99,1,4.6,22.94,0.75
2017,6,23,-32.34,0.625,906.75,1,4.69,1,134.12,1,70.65,1,3.84,56.34,1
2017,6,24,-28.38,1,905.18,1,3.29,0.875,187.14,0.875,72.68,1,0.97,80.07,0.875
2017,6,25,-29.96,0.875,888.06,1,4.95,0.75,178.38,1,71.43,1,3.46,229.18,0.75
2017,6,26,-38.04,1,888.78,1,6.29,1,288.88,1,66.57,1,6.25,288.9,1
2017,6,27,-44.31,1,892.18,1,5.2,1,182.62,1,63.19,1,4.09,347.59,1
2017,6,28,-34.8,0.75,890.85,1,1.02,0.75,138.33,0.75,67.56,1,0.94,126.17,0.75
2017,6,29,-36.91,1,892.4,1,4.74,0.625,164,0.625,66.46,1,4.45,162.63,0.625
2017,6,30,-38.08,0.5,893.4,1,7.45,0.75,146.5,1,66.3,1,6.12,129.21,0.75
2017,7,1,-35.16,0.875,891.88,1,8.54,1,140,1,67.95,1,7.79,132.43,1
2017,7,2,-31.8,0.625,893.84,1,4.86,1,190,1,67.96,1,2.45,217.66,1
2017,7,3,-31.35,0.75,891.73,1,4.82,1,90.75,1,69.1,1,4.1,82.52,1
2017,7,4,-35.72,0.625,893.51,1,5.09,1,60.25,1,67.76,1,4.83,60.03,1
2017,7,5,-29.42,0.75,882.66,1,5.69,1,194.62,1,70.51,1,2.4,188.64,1
2017,7,6,-36.07,0.5,879.45,1,3.09,0.875,65.14,0.875,67.65,1,3.01,65.54,0.875
2017,7,7,-36.3,0.625,879.57,1,0.92,0.625,65.2,0.625,66.45,1,0.92,65.91,0.625
2017,7,8,-36.71,1,883.54,1,0.25,0.25,75.5,0.25,66.85,1,0.25,80.62,0.25
2017,7,9,-38.08,1,887.53,1,NA,0,NA,0,65.99,1,NA,NA,0
2017,7,10,-38.43,0.875,899.58,1,NA,0,NA,0,65.82,1,NA,NA,0
2017,7,11,-39.17,0.375,913.85,1,12.55,0.25,88,0.25,65.64,1,12.55,88,0.25
2017,7,12,-23,0.25,888.97,1,15.02,0.5,27.25,1,73.68,1,14,26.82,0.5
2017,7,13,-34.25,0.75,885.07,1,4.7,0.5,181.25,1,68.5,1,3.02,351.26,0.5
2017,7,14,-39.66,1,888.11,1,4.16,1,108.88,1,65.5,1,2.78,96.26,1
2017,7,15,-37.8,1,893.46,1,1.7,1,106.5,1,66.41,1,0.66,17.07,1
2017,7,16,-42.08,0.75,893.1,1,0.48,0.625,260.8,0.625,63.48,1,0.44,256.64,0.625
2017,7,17,-46.14,1,889.86,1,NA,0,NA,0,61.24,1,NA,NA,0
2017,7,18,-46.5,0.25,876.91,1,NA,0,NA,0,63.31,1,NA,NA,0
2017,7,19,-33.31,0.875,875.18,1,4.16,1,109.25,1,56.9,1,3.78,77.02,1
2017,7,20,-28.63,0.75,885.21,1,9.74,0.625,105.88,1,62.03,1,9.71,108.95,0.625
2017,7,21,-31.1,0.625,884.19,1,10.17,0.75,88.75,1,69.75,1,9.85,90.72,0.75
2017,7,22,-32.57,0.75,899.53,1,7.04,1,136.75,1,64.11,1,5.65,101,1
2017,7,23,-20.4,0.625,920.02,1,4.68,1,189.12,1,70.28,1,1.54,215.21,1
2017,7,24,-20.9,0.75,915.4,1,2.5,1,181.25,1,79.68,1,0.76,323.09,1
2017,7,25,-21.87,0.75,907.24,1,1.51,1,126.62,1,76.54,1,0.75,67.05,1
2017,7,26,-22.5,0.625,895.33,1,4.28,1,73.62,1,78.6,1,3.59,76.39,1
2017,7,27,-19.88,0.75,887,1,8.25,0.5,147.5,1,79.96,1,7.18,53.47,0.5
2017,7,28,-17.94,1,885.09,1,4.59,1,167.75,1,65.51,1,3.89,164.64,1
2017,7,29,-23.97,0.75,882.79,1,4.92,1,271.5,1,69.38,1,4.75,272.79,1
2017,7,30,-28.7,1,890.15,1,5.35,1,304.88,1,63.98,1,5.25,305.04,1
2017,7,31,-27.75,0.75,891.01,1,3.1,0.875,246.14,0.875,72.99,1,2.87,354.53,0.875
2017,8,1,-28.41,0.875,884.73,1,NA,0,NA,0,72.16,1,NA,NA,0
2017,8,2,-34.45,1,879.91,1,NA,0,NA,0,67.83,1,NA,NA,0
2017,8,3,-38.9,0.625,880.01,1,0.88,0.5,82.25,0.5,64.69,1,0.76,78.04,0.5
2017,8,4,-33.72,0.75,886.06,1,NA,0,NA,0,68.95,1,NA,NA,0
2017,8,5,-37,0.625,885.6,1,0.7,0.25,89.5,0.25,66.94,1,0.68,91.62,0.25
2017,8,6,-32.88,0.5,884.81,1,0.95,0.25,121,0.25,66.38,1,0.95,121.21,0.25
2017,8,7,-41.52,0.75,891.9,1,NA,0,NA,0,63.73,1,NA,NA,0
2017,8,8,-39.86,0.875,885.37,1,NA,0,NA,0,64.63,1,NA,NA,0
2017,8,9,-36.2,0.75,890.31,1,NA,0,NA,0,67.16,1,NA,NA,0
2017,8,10,-30.95,1,884.75,1,NA,0,NA,0,69.77,1,NA,NA,0
2017,8,11,-29.93,1,883.76,1,NA,0,NA,0,71.09,1,NA,NA,0
2017,8,12,-30.87,0.75,894.96,1,NA,0,NA,0,69.5,1,NA,NA,0
2017,8,13,-22.67,0.5,888.9,1,6.07,0.375,90.67,0.375,67.33,1,6.04,90.23,0.375
2017,8,14,-18.78,0.75,884.36,1,3.47,1,89.75,1,80.04,1,2.06,25.7,1
2017,8,15,-27.9,0.875,879.07,1,4.95,0.75,118.62,1,72.59,1,4.61,99.31,0.75
2017,8,16,-29.2,0.375,877.35,1,6.2,1,83.25,1,72.59,1,5.57,81.06,1
2017,8,17,-30.48,1,899.24,1,3.19,1,188.75,1,70.76,1,0.83,159.01,1
2017,8,18,-26.63,0.75,918.19,1,1.4,1,163,1,73.16,1,0.94,26.4,1
2017,8,19,-24.62,0.75,916.56,1,5.91,1,108,1,66.23,1,4.75,71.57,1
2017,8,20,-22.26,0.875,905.68,1,4.96,0.875,79.62,1,78.29,1,4.3,78.96,0.875
2017,8,21,-13.43,0.875,883.05,1,11.24,0.625,55.25,1,87.75,1,10.25,64.3,0.625
2017,8,22,-20.17,0.875,894.36,1,9.81,0.875,64.38,1,79.95,1,8.99,65.48,0.875
2017,8,23,-18.79,1,896.29,1,11.57,0.75,47,1,81.55,1,10.89,49.87,0.75
2017,8,24,-18.8,0.875,891.88,1,8.11,1,71.5,1,81.7,1,7.74,71.79,1
2017,8,25,-21.65,1,886.89,1,5.46,1,42.25,1,78.68,1,5.27,43.29,1
2017,8,26,-24.81,1,887.22,1,3.35,1,49.75,1,75.69,1,2.95,38.81,1
2017,8,27,-24.67,0.875,876.57,1,1.44,1,82.62,1,75.44,1,1.25,43.89,1
2017,8,28,-31.41,0.875,881.68,1,1.15,1,154.25,1,70.73,1,0.94,4.92,1
2017,8,29,-30.25,1,881.96,1,NA,0.125,NA,0.125,70.9,1,NA,NA,0.125
2017,8,30,-33.3,0.75,890.89,1,0.85,0.25,69.5,0.25,68.9,1,0.85,69.29,0.25
2017,8,31,-26.5,0.5,875.39,1,0.84,1,112.5,1,73.8,1,0.74,108.87,1
2017,9,1,-26.75,1,868.89,1,0.95,0.5,60.75,0.5,73.98,1,0.92,56.72,0.5
2017,9,2,-35.15,0.75,877.76,1,1.06,1,91,1,67.99,1,1.05,91.36,1
2017,9,3,-31.04,0.875,889.75,1,0.72,0.75,137.67,0.75,70.39,1,0.54,134.07,0.75
2017,9,4,-33.55,0.75,892.24,1,1.33,0.875,136.14,0.875,68.48,1,1.25,132.53,0.875
2017,9,5,-32.73,0.875,883.86,1,2.23,0.875,160.62,1,68.8,1,2.04,161.01,0.875
2017,9,6,-35.54,0.625,886.05,1,10.16,0.625,166.62,1,68.8,1,9.41,170.32,0.625
2017,9,7,-39.6,0.5,888.01,1,10.83,0.875,164.38,1,67.35,1,10.2,166.53,0.875
2017,9,8,-26.01,1,887.81,1,6.39,0.875,196.38,1,74.28,1,6.05,193.74,0.875
2017,9,9,-29.76,0.625,892.16,1,1.91,0.875,185.71,0.875,70.48,1,1.83,181.68,0.875
2017,9,10,-29.33,0.875,900.1,1,NA,0,NA,0,71.33,1,NA,NA,0
2017,9,11,-34.2,0.375,900.03,1,8.35,0.25,72,0.25,69.39,1,8.35,71.6,0.25
2017,9,12,-28.77,0.375,884.1,1,10.55,0.75,82.38,1,71.71,1,10.05,41.14,0.75
2017,9,13,-35.43,1,890.19,1,7.85,1,104.38,1,67.89,1,6.99,95.76,1
2017,9,14,-36.4,1,893.76,1,2.3,0.875,221.38,1,66.83,1,1.71,306.87,0.875
2017,9,15,-38.93,1,897.98,1,1.52,1,111.38,1,65.16,1,1.01,102.7,1
2017,9,16,-34.45,1,901.7,1,NA,0,NA,0,67.94,1,NA,NA,0
2017,9,17,-36.09,1,893.84,1,7.86,0.625,176.2,0.625,67,1,7.6,175.28,0.625
2017,9,18,-37.7,0.5,881.51,1,6.88,1,106.5,1,63.57,1,3.72,62.4,1
2017,9,19,-38.38,0.75,889.18,1,6.97,0.875,54.12,1,65.06,1,6.89,54.83,0.875
2017,9,20,-41.46,1,886.75,1,3.85,1,48.75,1,63.95,1,3.8,51.7,1
2017,9,21,-39.76,1,887.18,1,2.51,1,50.88,1,64.8,1,2.37,45.97,1
2017,9,22,-34.48,1,878.76,1,1.22,0.75,67.5,0.75,67.41,1,1.17,69.57,0.75
2017,9,23,-32.69,1,875,1,NA,0,NA,0,68.83,1,NA,NA,0
2017,9,24,-37.69,1,871.9,1,NA,0,NA,0,66.43,1,NA,NA,0
2017,9,25,-41.6,0.625,872.23,1,NA,0,NA,0,65.35,1,NA,NA,0
2017,9,26,-37.55,0.75,878.84,1,NA,0,NA,0,65.78,1,NA,NA,0
2017,9,27,-38.86,0.875,877.83,1,NA,0,NA,0,64.64,1,NA,NA,0
2017,9,28,-39.64,0.875,886.48,1,NA,0,NA,0,65.24,1,NA,NA,0
2017,9,29,-38.98,1,893.64,1,NA,0,NA,0,65.46,1,NA,NA,0
2017,9,30,-36.79,0.875,880.91,1,NA,0,NA,0,66.95,1,NA,NA,0
2017,10,1,-34.06,1,891.65,1,NA,0,NA,0,68.96,1,NA,NA,0
2017,10,2,-31.66,1,912.66,1,NA,0,NA,0,71.25,1,NA,NA,0
2017,10,3,-24.66,0.875,914,1,NA,0,NA,0,74.56,1,NA,NA,0
2017,10,4,-27.34,0.875,907.19,1,9.29,0.875,168.57,0.875,71.01,1,9.17,168.84,0.875
2017,10,5,-29.7,0.5,892.59,1,5.6,0.875,147.88,1,69.41,1,2.83,158.52,0.875
2017,10,6,-29.5,0.75,896.8,1,6.65,1,101.75,1,71.98,1,6.45,97.74,1
2017,10,7,-21.2,0.5,900.31,1,6.9,0.75,146.12,1,67.41,1,6.17,148.24,0.75
2017,10,8,-22.2,0.625,888.61,1,5.3,1,136.88,1,64.14,1,4.47,138.41,1
2017,10,9,-28.43,0.875,889.98,1,3.85,0.5,61.5,0.5,70.35,1,3.83,59.3,0.5
2017,10,10,-22.54,0.875,895.56,1,6.01,1,78.62,1,71.15,1,4.84,81.05,1
2017,10,11,-22.85,1,900.53,1,2.72,1,129.38,1,74.96,1,2.14,129.53,1
2017,10,12,-20.2,0.875,897.69,1,4.86,1,123.88,1,75.29,1,4.78,124.83,1
2017,10,13,-20,0.625,897.48,1,4.55,1,233.25,1,69.11,1,2.5,295.48,1
2017,10,14,-28.94,0.625,900.96,1,5.19,1,161.12,1,70.14,1,3.58,357.8,1
2017,10,15,-26.81,0.875,898.55,1,4.64,1,53.38,1,71.89,1,4.54,55.3,1
2017,10,16,-37.65,0.75,891.75,1,4.58,1,44.12,1,64.86,1,4.55,44.68,1
2017,10,17,-27.2,0.75,889.49,1,4.35,1,125.12,1,68.06,1,2.99,135.06,1
2017,10,18,-18.06,0.875,886.28,1,6.06,1,104.38,1,79.63,1,5.2,82,1
2017,10,19,-15.9,1,896.66,1,6.79,1,80.88,1,81.38,1,6.24,77.98,1
2017,10,20,-15.55,1,898.84,1,5.42,1,125.25,1,66.83,1,4.66,120.44,1
2017,10,21,-18.37,0.875,898.31,1,4.51,0.875,141,1,77.23,1,1.51,118.46,0.875
2017,10,22,-18.09,1,900.04,1,3.95,1,146.62,1,67.4,1,2.42,34.9,1
2017,10,23,-17.69,1,901.39,1,3.41,1,140.88,1,79.21,1,1.44,147.82,1
2017,10,24,-18.39,1,889.3,1,4.36,1,148.25,1,60.83,1,3.68,141.79,1
2017,10,25,-18.04,0.625,888.85,1,5.23,0.875,81.75,1,74.49,1,4.98,68.75,0.875
2017,10,26,-19.71,0.875,896.96,1,5.5,1,81.62,1,72.2,1,5.24,79.9,1
2017,10,27,-17.96,1,894.25,1,5.34,1,112.75,1,63.16,1,4.95,115.82,1
2017,10,28,-18.77,0.875,891.48,1,2.9,1,136.75,1,78.41,1,0.96,11.04,1
2017,10,29,-18.91,1,900.14,1,2.64,0.625,209.8,0.625,79.19,1,1.23,283.47,0.625
2017,10,30,-17.66,1,909.43,1,2.4,1,121.25,1,79.39,1,1.66,356.7,1
2017,10,31,-18.93,1,908.6,1,2.41,1,123.88,1,76.39,1,1.72,50.11,1
2017,11,1,-22.33,0.875,905.81,1,3.28,1,211.25,1,61.76,1,2.44,221.64,1
2017,11,2,-27.86,1,903.89,1,7.08,1,260.38,1,63.59,1,6.41,263.52,1
2017,11,3,-30.44,0.875,905.81,1,4.92,1,186,1,67.03,1,4.8,187.91,1
2017,11,4,-27.87,0.875,898.98,1,2.74,1,192.38,1,68.81,1,2,0.98,1
2017,11,5,-32.51,1,892.24,1,5.95,1,59.12,1,67.85,1,5.66,61.9,1
2017,11,6,-30.83,0.875,899.1,1,6.12,1,56,1,69.19,1,6.04,55.81,1
2017,11,7,-21.37,0.875,901.35,1,2.78,1,138.12,1,76.86,1,1.84,8.3,1
2017,11,8,-23.41,1,891.99,1,3.81,1,194.25,1,75.43,1,0.5,266.81,1
2017,11,9,-27.1,0.875,887.9,1,5.59,1,99.25,1,72.04,1,5.5,99.44,1
2017,11,10,-21.36,0.875,886.41,1,2.76,1,89.25,1,75.19,1,1.66,56.58,1
2017,11,11,-21.88,1,891.44,1,3.39,1,172,1,74.6,1,0.7,345.4,1
2017,11,12,-20.83,1,891.73,1,6.19,0.875,205.75,1,75.38,1,6.17,205.9,0.875
2017,11,13,-22.37,0.875,882.57,1,5.44,0.625,143.88,1,76.11,1,2.07,223.06,0.625
2017,11,14,-21.18,0.75,885.29,1,6.15,1,87,1,77.46,1,5.46,75.72,1
2017,11,15,-16.24,1,888.18,1,3.25,1,218,1,79.65,1,2.46,254.39,1
2017,11,16,-16.5,1,892.07,1,4.28,1,102.12,1,73.06,1,4.03,105.89,1
2017,11,17,-12.35,1,889.2,1,6.5,1,106.38,1,66.09,1,6.31,104.21,1
2017,11,18,-12.41,1,889.95,1,7.38,1,70.75,1,79.8,1,7.26,71.7,1
2017,11,19,-12.56,0.875,897.58,1,7.59,0.875,36.75,1,82.48,1,7.1,40.84,0.875
2017,11,20,-15.25,1,895.21,1,6.45,0.75,161.25,1,74.18,1,6.43,162.23,0.75
2017,11,21,-13.67,0.875,885.12,1,4.2,1,165.12,1,54.45,1,3.68,161.43,1
2017,11,22,-14.34,1,877.46,1,5.8,0.75,114.5,1,76.74,1,4.97,130.75,0.75
2017,11,23,-15.71,1,886.91,1,7.26,1,49.25,1,78.75,1,7.15,49.42,1
2017,11,24,-12.08,1,896.63,1,3.24,1,162.12,1,83.11,1,2.2,134.38,1
2017,11,25,-11.74,1,897.16,1,2.3,1,200.25,1,78.51,1,1.36,209.19,1
2017,11,26,-16.26,0.875,892.35,1,3.8,1,201.5,1,77.24,1,1.89,209.78,1
2017,11,27,-15.76,0.875,891.76,1,5.6,0.625,131.5,1,75.61,1,3,123.66,0.625
2017,11,28,-14.64,1,891.9,1,5.01,1,126.25,1,64.26,1,4.76,123.43,1
2017,11,29,-14.73,1,893.15,1,5.05,1,109.62,1,61.33,1,4.85,108.29,1
2017,11,30,-12.76,1,897.3,1,4.45,1,135.12,1,65.64,1,3.16,122.84,1
2017,12,1,-11.76,1,897.78,1,4.59,1,129.38,1,60.73,1,3.98,125.2,1
2017,12,2,-14.49,1,895.25,1,6.03,1,55,1,76,1,5.97,55.18,1
2017,12,3,-13.78,1,899.54,1,4.03,1,35.25,1,75.45,1,3.9,34.49,1
2017,12,4,-11.26,0.875,902.06,1,4.58,1,106.5,1,81.24,1,2.08,77.42,1
2017,12,5,-12.86,1,897.25,1,3.86,1,191.62,1,68.08,1,3.15,179.88,1
2017,12,6,-14.23,0.875,897.78,1,2.98,1,141.12,1,68.61,1,2.33,9.83,1
2017,12,7,-14.18,0.625,899.31,1,2.86,1,108.38,1,71.34,1,2.59,108.17,1
2017,12,8,-15.77,0.375,899.81,1,1.58,1,82.12,1,76.06,1,1.43,27.57,1
2017,12,9,-11.26,0.625,900.55,1,2.41,1,124.38,1,72.38,1,2.08,145.92,1
2017,12,10,-11.52,0.625,899.49,1,4.16,1,160,1,74.58,1,2.27,44.55,1
2017,12,11,-9.4,1,903.68,1,3.34,1,112.75,1,77.45,1,1.98,115.58,1
2017,12,12,-10.31,0.875,908.69,1,4.01,1,84.88,1,80.33,1,2.27,63.99,1
2017,12,13,-9.93,0.5,910.99,1,2.33,1,231.12,1,66.99,1,1.46,180.65,1
2017,12,14,-8.55,0.25,911.03,1,1.56,1,113.38,1,74.83,1,1.19,9.77,1
2017,12,15,NA,0.125,912.19,1,1.25,1,61.38,1,67.19,1,1.11,64.74,1
2017,12,16,-10.03,0.375,908.44,1,1.52,0.75,115.83,0.75,66.88,1,1.43,16,0.75
2017,12,17,-15.03,0.5,903.76,1,1.91,1,225.38,1,77.75,1,1.78,2.16,1
2017,12,18,-15.84,0.625,906.98,1,2.1,1,320.5,1,79.1,1,1.93,317.05,1
2017,12,19,-14.5,0.875,910.83,1,3.61,1,110.75,1,79.5,1,2.9,37.12,1
2017,12,20,-14.28,1,908.71,1,6.06,1,129.38,1,73.99,1,5.36,125.7,1
2017,12,21,-14.18,0.75,906,1,2.98,1,229.38,1,72.94,1,2.77,223.93,1
2017,12,22,-12.9,0.5,908.3,1,2.17,1,194.62,1,79.69,1,1.74,207.57,1
2017,12,23,-13.48,0.5,906.19,1,2.44,1,88.38,1,76.66,1,0.66,30.69,1
2017,12,24,-14.7,0.25,907.44,1,1.68,1,80.5,1,70.76,1,1.31,67.86,1
2017,12,25,-11.5,0.25,903.85,1,1.3,1,153.5,1,64.38,1,1.01,108.48,1
2017,12,26,-12.06,0.625,905.29,1,2.36,1,295.25,1,76,1,2.09,292.5,1
2017,12,27,-13.13,0.375,909.4,1,1.69,1,165.75,1,78.11,1,0.86,191.19,1
2017,12,28,-14.2,0.625,905.51,1,2.58,1,238.88,1,80.73,1,1.97,255.45,1
2017,12,29,-14.35,0.75,903.7,1,2.43,1,108,1,80.19,1,2.13,70.9,1
2017,12,30,-13.78,0.5,903.84,1,2.02,1,83.5,1,79.49,1,1.37,70.29,1
2017,12,31,-12.8,1,902.23,1,3.7,1,128.75,1,77,1,3.4,132.77,1
2018,1,1,-11.58,1,901.06,1,2.95,1,212.12,1,71.43,1,1.31,268.31,1
2018,1,2,-9.29,1,907.25,1,4.34,1,88.62,1,66.48,1,3.84,84.27,1
2018,1,3,-7.63,1,909.21,1,3.65,1,147.25,1,62.06,1,3.58,147.38,1
2018,1,4,-7.52,1,903.95,1,2.84,1,127.62,1,73.05,1,2.56,126.86,1
2018,1,5,-10.77,0.75,907.75,1,4,1,48.12,1,84.3,1,3.97,46.48,1
2018,1,6,-8.95,0.75,904.36,1,3.24,0.875,108.75,1,72.78,1,2.61,106.45,0.875
2018,1,7,-9.04,0.625,904.69,1,2.11,0.875,37.75,1,81.46,1,2.06,42.75,0.875
2018,1,8,-10.73,0.75,918.68,1,2.82,0.75,69.67,0.75,79.56,1,2.73,10.34,0.75
2018,1,9,-6.26,0.875,918.44,1,2.91,1,81.5,1,78.33,1,2.7,35.54,1
2018,1,10,-6.84,0.625,908.48,1,2.01,1,107.25,1,58.26,1,1.54,74.49,1
2018,1,11,-7.65,0.25,902.48,1,1.31,1,121.38,1,54.3,1,1,120.29,1
2018,1,12,-8.96,0.625,904.51,1,2.6,1,31.88,1,84.28,1,2.56,29.81,1
2018,1,13,-4.65,0.75,910.55,1,3.16,1,138.12,1,89.01,1,2.98,7.17,1
2018,1,14,-5.68,1,909.36,1,2.86,1,213.5,1,85.79,1,2.58,350.01,1
2018,1,15,-6.72,0.75,899.21,1,2.5,1,208.12,1,92.5,1,1.86,358.6,1
2018,1,16,-9.8,0.625,894.28,1,2.3,1,139.38,1,88.21,1,1.62,71.04,1
2018,1,17,-9.41,1,893.99,1,3.78,1,131.88,1,81.41,1,3.47,133.66,1
2018,1,18,-10.09,0.875,892.62,1,3.24,0.875,125.29,0.875,86.34,1,2.31,65.74,0.875
2018,1,19,-11.9,0.875,889.07,1,3.78,1,110.25,1,80.78,1,1.61,98.16,1
2018,1,20,-9.7,0.375,889.84,1,3.5,0.875,76.12,1,77.04,1,2.71,76.43,0.875
2018,1,21,-7.86,0.875,896.94,1,3.91,1,63.12,1,75.99,1,3.73,59.39,1
2018,1,22,-7.56,0.625,903.62,1,3.45,1,85.62,1,73.33,1,3.14,78.49,1
2018,1,23,-6.55,0.5,904.84,1,2.48,1,141,1,67.03,1,1.92,116.65,1
2018,1,24,-5,0.25,903.2,1,1.45,1,174.88,1,49.99,1,1.07,171.43,1
2018,1,25,-9.44,0.625,906.53,1,2.64,1,268.88,1,65.33,1,2.51,274.78,1
2018,1,26,-12.53,1,905.39,1,4.2,1,263.5,1,67.51,1,3.59,314.55,1
2018,1,27,-16.04,0.875,904.34,1,3.46,1,204.38,1,79.31,1,1.91,314.32,1
2018,1,28,-16.13,0.75,908.25,1,2.48,1,271.62,1,81.14,1,1.91,326.96,1
2018,1,29,-16.7,0.75,905.41,1,2.75,1,149.5,1,80.73,1,1.49,116.9,1
2018,1,30,-16.3,0.625,902.14,1,2.78,1,176.88,1,80.86,1,1.2,139.63,1
2018,1,31,-15.98,0.625,905.45,1,2.56,1,161.62,1,80.98,1,0.89,15.65,1
2018,2,1,-12.2,0.875,907.89,1,4.62,1,71.12,1,83.81,1,4.61,70.82,1
2018,2,2,-13.89,1,909.34,1,4.14,1,58.25,1,81.51,1,3.3,46.14,1
2018,2,3,-15.58,0.625,909.12,1,2.68,1,119,1,81.39,1,1.25,11.78,1
2018,2,4,-17.23,0.875,902.06,1,3.61,1,209.75,1,80.35,1,3.54,209.92,1
2018,2,5,-17.32,0.75,903.24,1,5.65,0.75,77.29,0.875,80.43,1,5.55,32.62,0.75
2018,2,6,-15.71,0.875,899.53,1,3.42,0.75,128.43,0.875,82.25,1,2.13,154.66,0.75
2018,2,7,-12.11,1,893.86,1,3.37,0.875,67.38,1,50.3,1,2.74,90.09,0.875
2018,2,8,-10.49,0.875,887.6,1,4.05,1,134.25,1,64.51,1,3.23,111.76,1
2018,2,9,-10.76,0.875,881.53,1,4.36,1,102.88,1,76.43,1,3.73,29.31,1
2018,2,10,-10.98,1,900.7,1,10.01,0.875,37.12,1,86.83,1,9.86,34.85,0.875
2018,2,11,-10.8,0.5,908.6,1,2.16,1,80.38,1,88.4,1,1.89,51.21,1
2018,2,12,-11.53,0.875,902.76,1,2.79,1,243.12,1,88.75,1,2.48,238.28,1
2018,2,13,-14.02,0.75,900.89,1,2.62,1,169.62,1,85.34,1,1.53,4.11,1
2018,2,14,-13.7,0.375,899.73,1,2.2,1,132.25,1,84.53,1,0.67,105.92,1
2018,2,15,-17.37,0.375,896.72,1,2.76,0.875,224.86,0.875,77.69,1,1.82,257.54,0.875
2018,2,16,-19.63,0.875,896.93,1,3.24,1,145,1,77.6,1,1.56,94.06,1
2018,2,17,-21.51,0.875,903.32,1,3.25,1,136.5,1,75.73,1,1.72,13.85,1
2018,2,18,-23.02,0.75,908.12,1,2.59,1,178.75,1,74.64,1,1.43,196.38,1
2018,2,19,-23.58,1,910.79,1,4.92,1,180.25,1,73.63,1,4.22,174.69,1
2018,2,20,-20.31,0.875,906.3,1,7,1,148.88,1,64.14,1,6.94,148.14,1
2018,2,21,-12.53,0.875,902.85,1,4.97,1,141.38,1,58.93,1,4.31,122.08,1
2018,2,22,-7.28,0.625,905.9,1,2.21,1,181.38,1,85,0.875,1.98,179.75,1
2018,2,23,-9.16,1,905.53,1,3.36,1,219.75,1,37.79,1,2.12,224.77,1
2018,2,24,-12.7,0.375,899.99,1,2.81,1,152.12,1,22.99,1,1.68,141.93,1
2018,2,25,-12.48,0.75,897.7,1,3.22,0.625,47.8,0.625,65.96,1,3.13,53.76,0.625
2018,2,26,-11.19,0.875,899.05,1,4.24,1,48.38,1,92.89,1,4.19,48.14,1
2018,2,27,-11.86,1,899.39,1,3.62,0.625,61.6,0.625,88.71,1,3.6,61.23,0.625
2018,2,28,-13.78,0.625,901.9,1,2.4,0.875,241.71,0.875,87.09,1,2.29,236.45,0.875
2018,3,1,-15.46,1,904.59,1,2.56,1,221.38,1,83.85,1,2.29,221.65,1
2018,3,2,-18.33,0.875,899.6,1,2.76,0.625,217.4,0.625,80.69,1,2.73,218.29,0.625
2018,3,3,-20.05,1,896.28,1,3.66,1,195.75,1,79.1,1,1.6,284.19,1
2018,3,4,-22.19,0.875,904.95,1,4.14,1,205.75,1,77.15,1,3.1,333.92,1
2018,3,5,-17.75,1,915.01,1,2.88,1,131.88,1,81.58,1,1.02,82.74,1
2018,3,6,-18.76,1,904.49,1,5.4,1,141.12,1,74.29,1,5.37,141.92,1
2018,3,7,-18.81,1,886.23,1,5.11,1,169.62,1,58.45,1,5.06,168.79,1
2018,3,8,-19.17,1,888,1,3.35,1,249,1,56.64,1,2.73,254.54,1
2018,3,9,-25.66,0.875,898.47,1,3.59,1,191.5,1,73.43,1,2.95,189.96,1
2018,3,10,-28.55,0.5,895.13,1,1.68,1,162.38,1,74.66,1,1.54,172.09,1
2018,3,11,-21.88,0.5,898.28,1,4.6,1,111.25,1,68.65,1,4.15,123.61,1
2018,3,12,-26.88,0.5,899.74,1,7.72,1,83.5,1,72.51,1,7.54,82.38,1
2018,3,13,-19.83,0.875,902.05,1,4.81,1,173.75,1,74.04,1,2.73,173.64,1
2018,3,14,-16.39,1,900.29,1,3.01,1,132.88,1,49.33,1,1.6,86.71,1
2018,3,15,-18.94,1,881.35,1,4.99,1,112.5,1,73.76,1,3.68,128.9,1
2018,3,16,-23.2,0.875,886.44,1,1.66,0.625,38,0.625,76.26,1,1.64,42.14,0.625
2018,3,17,-10.28,0.5,884.06,1,10.36,0.625,53.71,0.875,90.43,0.875,9.49,41.16,0.625
2018,3,18,-16.01,1,893.54,1,14.21,1,20.62,1,83.16,1,13.9,19.23,1
2018,3,19,-20.47,0.875,910.16,1,4.22,0.75,91.62,1,79.15,1,3.29,44.28,0.75
2018,3,20,-24.13,0.75,907.58,1,NA,0.125,NA,0.125,75.59,1,NA,NA,0.125
2018,3,21,-22.33,1,891.79,1,NA,0,NA,0,76.71,1,NA,NA,0
2018,3,22,-18.86,0.875,887.86,1,NA,0,NA,0,59.68,1,NA,NA,0
2018,3,23,-20.66,1,887.6,1,NA,0,NA,0,67.79,1,NA,NA,0
2018,3,24,-23.6,0.875,893.97,1,9.99,0.875,103.86,0.875,65.4,1,9.87,102.02,0.875
2018,3,25,-23.71,1,894.35,1,8.26,1,109.75,1,63.58,1,8.18,109.56,1
2018,3,26,-21.46,1,897.14,1,6.91,1,128.62,1,57.19,1,6.77,129.38,1
2018,3,27,-21.83,0.5,900.03,1,7.91,1,135.25,1,57.98,1,7.77,135.09,1
2018,3,28,-17.75,0.5,906.01,1,5.74,1,136.75,1,56.16,1,5.36,133.33,1
2018,3,29,-18.25,1,907.8,1,6.15,1,115,1,61.35,1,5.99,113.92,1
2018,3,30,-18.54,1,905.11,1,6.42,1,142.12,1,61.45,1,5.99,140.13,1
2018,3,31,-20.76,0.875,909.46,1,6.59,1,117.88,1,62.22,1,6.31,118.81,1
2018,4,1,-16.87,0.875,912.09,1,3.28,1,189,1,47.53,1,0.92,149.58,1
2018,4,2,-18.84,0.875,913.83,1,3.56,1,77.62,1,60.7,1,3.34,37.34,1
2018,4,3,-18.51,1,910.53,1,2.45,1,64.75,1,67.05,1,2.32,66.13,1
2018,4,4,-19.79,1,907.69,1,4.6,1,82.12,1,70.94,1,4.51,85.28,1
2018,4,5,-15.9,0.75,907.41,1,4.95,1,86.5,1,47.18,1,4.92,86.63,1
2018,4,6,-12.85,0.75,904.48,1,3.69,1,91.62,1,54.88,1,3.47,90.82,1
2018,4,7,-15.27,0.875,905.61,1,NA,0.125,NA,0.125,86.46,1,NA,NA,0.125
2018,4,8,-19.12,0.625,903.29,1,3,0.625,108.6,0.625,73.13,1,2.7,40.04,0.625
2018,4,9,-22.42,0.5,911.88,1,3.01,1,103.75,1,76.93,1,2.66,14.79,1
2018,4,10,-17.91,1,908.76,1,1.15,0.5,65,0.5,81.79,1,1.15,62.58,0.5
2018,4,11,-21.18,1,900.35,1,NA,0,NA,0,78.38,1,NA,NA,0
2018,4,12,-29.5,0.75,901.51,1,NA,0,NA,0,72.09,1,NA,NA,0
2018,4,13,-26.26,1,892.95,1,NA,0,NA,0,74.24,1,NA,NA,0
2018,4,14,-25.43,1,886.38,1,NA,0,NA,0,74.7,1,NA,NA,0
2018,4,15,-21.5,1,890.58,1,NA,0,NA,0,78.36,1,NA,NA,0
2018,4,16,-26.95,0.75,898.29,1,NA,0,NA,0,73.41,1,NA,NA,0
2018,4,17,-32.2,0.625,900.85,1,NA,0,NA,0,69.31,1,NA,NA,0
2018,4,18,-35.69,1,904.51,1,NA,0,NA,0,67.66,1,NA,NA,0
2018,4,19,-36.1,0.625,912.13,1,NA,0,NA,0,68.99,1,NA,NA,0
2018,4,20,-23.2,1,905.38,1,NA,0,NA,0,76.15,1,NA,NA,0
2018,4,21,-21.74,0.875,899.88,1,NA,0,NA,0,77.75,1,NA,NA,0
2018,4,22,-23.2,1,907.99,1,NA,0,NA,0,77.01,1,NA,NA,0
2018,4,23,-12.95,0.75,905.39,1,NA,0,NA,0,93.01,1,NA,NA,0
2018,4,24,-11.41,1,889.65,1,NA,0,NA,0,94.78,1,NA,NA,0
2018,4,25,-18.08,0.75,887.13,1,NA,0,NA,0,82.9,1,NA,NA,0
2018,4,26,-21.95,0.75,900.28,1,NA,0,NA,0,78.73,1,NA,NA,0
2018,4,27,-18.02,0.75,892.54,1,NA,0,NA,0,80.76,1,NA,NA,0
2018,4,28,-26.51,1,887.8,1,NA,0,NA,0,74.89,1,NA,NA,0
2018,4,29,-26.39,0.875,887.39,1,NA,0,NA,0,74.05,1,NA,NA,0
2018,4,30,-30.03,1,892.26,1,NA,0,NA,0,71.25,1,NA,NA,0
2018,5,1,-29.2,1,894.04,1,NA,0,NA,0,72.1,1,NA,NA,0
2018,5,2,-36.03,0.875,884.01,1,NA,0,NA,0,67.34,1,NA,NA,0
2018,5,3,-39.79,1,887.8,1,NA,0,NA,0,65.43,1,NA,NA,0
2018,5,4,-34.25,1,896.2,1,NA,0,NA,0,68.08,1,NA,NA,0
2018,5,5,-29.73,0.875,898.66,1,NA,0,NA,0,71.56,1,NA,NA,0
2018,5,6,-32.57,0.875,895.48,1,NA,0,NA,0,69,1,NA,NA,0
2018,5,7,-36.85,0.75,892.89,1,NA,0,NA,0,66,1,NA,NA,0
2018,5,8,-35.16,0.875,895.29,1,NA,0,NA,0,68,1,NA,NA,0
2018,5,9,-32.28,1,893.2,1,NA,0,NA,0,68.79,1,NA,NA,0
2018,5,10,-29.6,1,880.7,1,NA,0,NA,0,71.01,1,NA,NA,0
2018,5,11,-20.45,0.5,878.16,1,NA,0,NA,0,80.46,1,NA,NA,0
2018,5,12,-22.6,0.625,884.03,1,NA,0,NA,0,79.24,1,NA,NA,0
2018,5,13,-22.55,0.75,889.61,1,NA,0,NA,0,78.11,1,NA,NA,0
2018,5,14,-22.4,0.625,883.48,1,NA,0,NA,0,76.9,1,NA,NA,0
2018,5,15,-29.33,0.75,900.14,1,NA,0,NA,0,72.81,1,NA,NA,0
2018,5,16,-26.43,0.375,897.98,1,NA,0,NA,0,73.03,1,NA,NA,0
2018,5,17,-27.08,0.75,913.61,1,NA,0,NA,0,74.33,1,NA,NA,0
2018,5,18,-27.46,1,914.19,1,NA,0,NA,0,72.84,1,NA,NA,0
2018,5,19,-32.86,1,902.65,1,NA,0,NA,0,69.99,1,NA,NA,0
2018,5,20,-34.5,1,897.96,1,NA,0,NA,0,68.53,1,NA,NA,0
2018,5,21,-35.04,1,908.58,1,NA,0,NA,0,68.21,1,NA,NA,0
2018,5,22,-33.79,0.875,913.8,1,NA,0,NA,0,69.38,1,NA,NA,0
2018,5,23,-16.22,0.75,896.13,1,NA,0,NA,0,82.53,1,NA,NA,0
2018,5,24,-21.33,0.375,895.11,1,NA,0,NA,0,77.46,1,NA,NA,0
2018,5,25,-20.07,0.75,886.49,1,NA,0,NA,0,77.41,1,NA,NA,0
2018,5,26,-32.16,0.875,896.14,1,NA,0,NA,0,70.59,1,NA,NA,0
2018,5,27,-32.88,1,907.41,1,NA,0,NA,0,69.59,1,NA,NA,0
2018,5,28,-32.2,1,903.93,1,NA,0,NA,0,69.16,1,NA,NA,0
2018,5,29,-31.66,0.875,893.41,1,NA,0,NA,0,69.25,1,NA,NA,0
2018,5,30,-40.33,0.375,894.63,1,NA,0,NA,0,65.74,1,NA,NA,0
2018,5,31,-26.83,0.75,904.76,1,NA,0,NA,0,73.03,1,NA,NA,0
2018,6,1,-27.97,0.875,905.55,1,NA,0,NA,0,70.08,1,NA,NA,0
2018,6,2,-34.8,0.875,889.88,1,NA,0,NA,0,68.26,1,NA,NA,0
2018,6,3,-39.22,0.75,880.22,1,NA,0,NA,0,65.38,1,NA,NA,0
2018,6,4,-36.81,1,899.39,1,NA,0,NA,0,66.65,1,NA,NA,0
2018,6,5,-34.01,1,897.7,1,NA,0,NA,0,68.03,1,NA,NA,0
2018,6,6,-34.57,0.75,892.01,1,NA,0,NA,0,68.63,1,NA,NA,0
2018,6,7,-30.2,1,885.88,1,NA,0,NA,0,71.1,1,NA,NA,0
2018,6,8,-32.03,0.875,875.01,1,NA,0,NA,0,69.98,1,NA,NA,0
2018,6,9,-23.9,0.375,871.43,1,NA,0,NA,0,73.29,1,NA,NA,0
2018,6,10,-22.65,1,882.68,1,NA,0,NA,0,77.21,1,NA,NA,0
2018,6,11,-28.22,0.75,881.78,1,NA,0,NA,0,71.36,1,NA,NA,0
2018,6,12,-35.98,1,887.81,1,NA,0,NA,0,67.69,1,NA,NA,0
2018,6,13,-30.3,1,899.99,1,NA,0,NA,0,71.3,1,NA,NA,0
2018,6,14,-26.61,1,899.75,1,NA,0,NA,0,72.71,1,NA,NA,0
2018,6,15,-27.56,0.875,898.32,1,NA,0,NA,0,70.61,1,NA,NA,0
2018,6,16,-29.03,0.75,902.37,1,NA,0,NA,0,71.69,1,NA,NA,0
2018,6,17,-33,0.375,903.26,1,NA,0,NA,0,69.78,1,NA,NA,0
2018,6,18,-25.85,0.75,896.82,1,NA,0,NA,0,74.98,1,NA,NA,0
2018,6,19,-18.97,0.875,902.43,1,NA,0,NA,0,79.09,1,NA,NA,0
2018,6,20,-21.6,0.5,909.45,1,NA,0,NA,0,78.13,1,NA,NA,0
2018,6,21,-21.08,0.75,902.34,1,NA,0,NA,0,77.44,1,NA,NA,0
2018,6,22,-19.5,1,911.61,1,NA,0,NA,0,76.36,1,NA,NA,0
2018,6,23,-17.16,1,912.49,1,4.31,1,169.88,1,71.9,1,4.26,170.94,1
2018,6,24,-19,1,906.2,1,4.69,1,208.12,1,79.13,1,4.66,208.21,1
2018,6,25,-24.76,1,907.01,1,4.64,1,226.12,1,72.94,1,4.4,226.28,1
2018,6,26,-22.17,1,921.38,1,4.56,1,133.38,1,68.94,1,4.29,129.64,1
2018,6,27,-18.51,0.875,917.3,1,4.8,0.875,110.57,0.875,76.91,1,3.67,88.21,0.875
2018,6,28,-17.18,1,912.05,1,2.76,0.625,276.6,0.625,80.64,1,2.74,287.09,0.625
2018,6,29,-18.45,1,909.76,1,NA,0,NA,0,81.24,1,NA,NA,0
2018,6,30,-19.83,1,909.78,1,NA,0,NA,0,79.95,1,NA,NA,0
2018,7,1,-25.39,0.875,901.53,1,2.28,0.75,163.67,0.75,75.31,1,2.27,164.14,0.75
2018,7,2,-21.35,0.25,898.19,1,4.3,1,206,1,77.2,1,2.79,10.02,1
2018,7,3,-26.43,0.5,911.06,1,2.64,1,197.25,1,72.59,1,0.94,300.75,1
2018,7,4,-27.01,0.875,918.12,1,2.31,1,140.75,1,73.23,1,1.61,139.59,1
2018,7,5,-24.27,0.75,910.53,1,3,0.875,129.38,1,76.23,1,2.89,118.28,0.875
2018,7,6,-25.26,0.625,901.03,1,4.61,1,206.62,1,74.7,1,4.1,344.32,1
2018,7,7,-33.88,0.5,902.6,1,5.26,1,194.38,1,68.44,1,4.39,8.83,1
2018,7,8,-33.02,0.75,898.18,1,1.62,0.625,145.8,0.625,70.06,1,0.52,86.35,0.625
2018,7,9,-37.16,1,895.29,1,NA,0,NA,0,66.13,1,NA,NA,0
2018,7,10,-37.25,1,892.48,1,NA,0,NA,0,66.53,1,NA,NA,0
2018,7,11,-26.14,0.625,876.63,1,8.3,0.5,51,0.5,74.8,1,6.47,32.95,0.5
2018,7,12,-16.47,0.75,870.61,1,6.1,0.75,107.38,1,82.2,1,4.33,40.48,0.75
2018,7,13,-21.15,0.75,885.39,1,5.38,1,130.25,1,79.53,1,2.55,86.91,1
2018,7,14,-24,0.875,891.26,1,10.88,0.5,22.38,1,76.89,1,10.58,20.79,0.5
2018,7,15,-24.52,0.75,893.8,1,4.87,0.875,151.38,1,76.08,1,2.46,123.71,0.875
2018,7,16,-22.4,0.75,887.35,1,3.48,1,128.12,1,77.55,1,1.72,114.37,1
2018,7,17,-23.3,0.625,885.69,1,1.46,1,231.75,1,75.11,1,0.65,247.15,1
2018,7,18,-30.97,0.875,887.65,1,1.26,1,221.88,1,71.04,1,0.57,226.5,1
2018,7,19,-32.18,0.5,876.81,1,1.45,1,90.12,1,70.25,1,1.11,44.35,1
2018,7,20,-27.38,0.625,885.86,1,1.51,1,118.62,1,71.6,1,0.87,102.64,1
2018,7,21,-30.48,0.75,884.95,1,1.31,1,104,1,71.11,1,1.22,102.19,1
2018,7,22,-32.3,0.75,879.91,1,1.36,1,127,1,70.73,1,0.53,82.35,1
2018,7,23,-28.45,0.75,890.8,1,1.06,0.875,160.14,0.875,72.71,1,0.56,252.99,0.875
2018,7,24,-29.15,0.75,891.6,1,NA,0,NA,0,71.44,1,NA,NA,0
2018,7,25,-31.8,0.625,888.8,1,1.45,0.75,171.33,0.75,68.15,1,1.21,185.82,0.75
2018,7,26,-30.27,0.375,892.16,1,7.02,0.75,115,1,68.51,1,6.74,119.1,0.75
2018,7,27,-25.14,1,892.86,1,8,1,119.62,1,74.11,1,7.76,121.04,1
2018,7,28,-21.03,0.5,896.5,1,3.19,1,201.12,1,76.08,1,1.05,25.98,1
2018,7,29,-36.3,0.75,907.54,1,3.81,1,72,1,67.66,1,3.75,33.96,1
2018,7,30,-31.76,1,910.45,1,NA,0.125,NA,0.125,69.53,1,NA,NA,0.125
2018,7,31,-29.78,1,913,1,NA,0,NA,0,71.01,1,NA,NA,0
2018,8,1,-37.41,0.875,911.48,1,NA,0,NA,0,66.25,1,NA,NA,0
2018,8,2,-33.84,0.875,910.26,1,NA,0,NA,0,68.53,1,NA,NA,0
2018,8,3,-37.95,0.75,914.95,1,NA,0,NA,0,65.31,1,NA,NA,0
2018,8,4,-40.56,1,908.85,1,NA,0,NA,0,64.35,1,NA,NA,0
2018,8,5,-36.19,0.875,892.03,1,NA,0,NA,0,67.35,1,NA,NA,0
2018,8,6,-38.53,0.375,892.18,1,NA,0,NA,0,65.29,1,NA,NA,0
2018,8,7,-32.18,0.625,890.03,1,NA,0,NA,0,67.9,1,NA,NA,0
2018,8,8,-28.32,0.75,910.04,1,NA,0,NA,0,71.83,1,NA,NA,0
2018,8,9,-23.57,0.75,912.78,1,NA,0,NA,0,75.44,1,NA,NA,0
2018,8,10,-17.8,0.375,904.5,1,6.58,0.5,89.75,0.5,79.18,1,6.32,90.31,0.5
2018,8,11,-16.56,0.625,902.91,1,5.99,0.875,129.5,1,55.36,1,4.9,115.27,0.875
2018,8,12,-30.37,0.375,893.85,1,2.78,1,88.75,1,66.19,1,2.05,78.2,1
2018,8,13,-28.86,0.625,888.81,1,4.26,1,112.88,1,70.26,1,3.99,91.41,1
2018,8,14,-30.85,0.5,903.14,1,4.64,0.875,88.88,1,71.7,1,4.32,76.19,0.875
2018,8,15,-24.41,0.875,912.32,1,2.39,0.875,118.12,1,74.44,1,1.79,86.91,0.875
2018,8,16,-30.68,0.5,909.63,1,2.88,0.75,217,0.75,70.09,1,2.78,222.36,0.75
2018,8,17,-33.35,1,907.9,1,3.28,1,198.25,1,68.46,1,3.18,198.16,1
2018,8,18,-35.97,0.875,903.51,1,4.18,1,184.25,1,66.79,1,3.19,198.34,1
2018,8,19,-29.99,0.875,897.15,1,4.05,1,137,1,70.8,1,3.82,134.66,1
2018,8,20,-34.63,0.5,897.86,1,4.34,1,68.5,1,68.77,1,3.22,43.19,1
2018,8,21,-34.94,0.875,908.45,1,3.67,1,42.25,1,67.23,1,3.66,40.05,1
2018,8,22,-23.08,1,910.1,1,2.28,1,96.12,1,63.25,1,1.71,94.29,1
2018,8,23,-23,1,907.84,1,1.8,1,135,1,58.25,1,1.41,150.16,1
2018,8,24,-28.11,1,904.38,1,4.75,1,233.75,1,70.3,1,4.65,234.65,1
2018,8,25,-31.16,0.875,906.76,1,3.33,1,210.62,1,69.46,1,2.08,263.92,1
2018,8,26,-31.76,0.625,906.55,1,2.57,0.875,106,1,65.13,1,2.31,110.94,0.875
2018,8,27,-26.46,1,892.04,1,6.92,1,151,1,51.54,1,6.72,149.94,1
2018,8,28,-24.84,1,882.59,1,4.45,1,161.75,1,52.86,1,1.96,177.49,1
2018,8,29,-37.88,0.75,886.55,1,4.62,1,64.25,1,64.25,1,4.6,66.97,1
2018,8,30,-32.42,0.75,890.19,1,0.62,0.75,133,0.75,68.01,1,0.42,359.51,0.75
2018,8,31,-40.92,0.75,882.29,1,3.2,0.5,262.75,0.5,63.15,1,2.43,274.02,0.5
2018,9,1,-39.93,0.5,894.13,1,1.4,1,277.5,1,64.21,1,1.26,268.65,1
2018,9,2,-31.5,0.875,895.85,1,1.14,0.625,121.5,1,69.84,1,0.96,78.22,0.625
2018,9,3,-20.58,0.625,866.35,1,9.35,1,52.5,1,77.79,1,7.4,48.63,1
2018,9,4,-30.38,0.75,872.15,1,7.96,1,68.62,1,71.15,1,7.05,60.71,1
2018,9,5,-30.19,0.875,874.94,1,5.5,1,140.88,1,70.71,1,4.97,141.43,1
2018,9,6,-30.35,1,869.84,1,8.71,1,144.62,1,70.95,1,8.25,141.56,1
2018,9,7,-33.63,1,868.8,1,8.89,1,122.38,1,68.86,1,8.06,125.23,1
2018,9,8,-36.13,0.375,877.05,1,6.09,1,90,1,68.35,1,5.74,87.46,1
2018,9,9,-28.1,0.875,891.75,1,1.74,1,220.88,1,71.13,1,0.07,303.03,1
2018,9,10,-24.39,1,897.5,1,4.08,1,196,1,74.36,1,3.88,185.96,1
2018,9,11,-24.27,0.75,904.41,1,5.18,1,254.5,1,72.28,1,4.95,257.05,1
2018,9,12,-28.46,1,904.23,1,3.39,1,273.75,1,69.71,1,3.25,275.57,1
2018,9,13,-30.65,1,900.51,1,2.11,1,232.12,1,69.63,1,1.59,233.49,1
2018,9,14,-32.6,0.75,897.86,1,3.62,1,166.25,1,67.81,1,2.01,16.48,1
2018,9,15,-29.71,0.875,894.25,1,4.12,1,41.62,1,71.09,1,3.99,44.73,1
2018,9,16,-24.94,1,903.63,1,5.31,1,79.12,1,74.64,1,4.95,79.17,1
2018,9,17,-21.22,0.75,896.7,1,6.49,0.875,94.25,1,76.51,1,6.16,91.43,0.875
2018,9,18,-17.9,0.625,883.95,1,5.68,1,121.25,1,62.4,1,4.88,118.71,1
2018,9,19,-25.2,0.25,873.1,1,4.78,1,76,1,69.64,1,4.35,76.2,1
2018,9,20,-25.9,0.875,878.54,1,1.07,0.5,138.75,0.5,72.94,1,0.98,129.61,0.5
2018,9,21,-33.52,0.625,884.41,1,NA,0,NA,0,69.73,1,NA,NA,0
2018,9,22,-32.75,1,899.51,1,NA,0,NA,0,69.19,1,NA,NA,0
2018,9,23,-31.92,0.75,897.63,1,NA,0,NA,0,70.69,1,NA,NA,0
2018,9,24,-24.1,1,890.7,1,4.45,0.75,165.33,0.75,75.04,1,4.31,165.75,0.75
2018,9,25,-22.3,1,888.29,1,2.38,1,206.38,1,77.25,1,2.14,197.86,1
2018,9,26,-23.65,1,895.94,1,3.3,1,171.5,1,76.01,1,2.16,55.01,1
2018,9,27,-15.73,0.75,889.14,1,13.8,0.625,63.88,1,86.77,1,13.25,57.76,0.625
2018,9,28,-11.69,1,886.81,1,5.13,0.375,70,1,90.98,1,5.06,64.5,0.375
2018,9,29,-16.8,0.75,883.11,1,9.3,0.625,55.38,1,82.81,1,8.87,58.97,0.625
2018,9,30,-28.76,0.625,893.98,1,10.62,0.5,32.12,1,73.56,1,10.22,38.35,0.5
2018,10,1,-25.22,0.75,896.59,1,7.75,1,90.12,1,70.98,1,7.61,93.01,1
2018,10,2,-16.63,1,888.3,1,3.35,1,89,1,82.73,1,3.2,92.93,1
2018,10,3,-15.43,1,879.19,1,5.86,1,85.25,1,83.75,1,4.64,74.42,1
2018,10,4,-17.82,0.75,877.1,1,8.46,1,90.75,1,76.95,1,8.11,90.18,1
2018,10,5,-21.84,1,880.8,1,6.68,1,85.12,1,76.74,1,6.51,84.36,1
2018,10,6,-19.33,0.875,888.35,1,4.74,1,137.75,1,77.49,1,4.08,137.99,1
2018,10,7,-16.99,0.875,885.16,1,5.06,1,115.12,1,70.48,1,4.15,109.46,1
2018,10,8,-20.83,0.75,886.35,1,6.54,1,104.12,1,62.7,1,6.52,104.4,1
2018,10,9,-24.96,1,881.86,1,9.15,1,101.88,1,70.26,1,9.09,102.42,1
2018,10,10,-23.32,0.75,877.31,1,7.32,1,101.75,1,71.34,1,7.15,99.66,1
2018,10,11,-22.63,0.5,888.39,1,5.69,0.875,88.38,1,75.43,1,4.98,78.56,0.875
2018,10,12,-25.2,0.5,896.84,1,3.95,1,55.75,1,74.36,1,3.62,55.34,1
2018,10,13,-26.88,0.75,906.29,1,1.17,0.875,49.43,0.875,73.5,1,1.1,58.05,0.875
2018,10,14,-23.87,0.875,911.53,1,3.54,1,192.75,1,75.74,1,1.73,263.04,1
2018,10,15,-25.15,1,913.75,1,3.54,1,164.75,1,74.69,1,2.46,160.38,1
2018,10,16,-28.22,0.75,886.18,1,7.2,0.875,151.25,1,74.08,1,6.36,160.66,0.875
2018,10,17,-19.7,0.25,881.44,1,7.18,0.625,91.25,1,76.63,1,4.97,91.69,0.625
2018,10,18,-16.47,0.875,882.09,1,4.2,0.875,235,1,79.46,1,2.62,274.7,0.875
2018,10,19,-21.99,1,893.11,1,4.8,1,196.12,1,75.51,1,3.78,337.88,1
2018,10,20,-27.1,0.875,898.15,1,5.83,0.875,106.62,1,72.56,1,2.86,33.54,0.875
2018,10,21,-27.31,1,901.54,1,1.45,0.75,72.25,1,72.65,1,1.29,68.39,0.75
2018,10,22,-25.43,0.75,894.68,1,3.65,1,120.5,1,73.79,1,3.06,125.71,1
2018,10,23,-18.73,1,892.8,1,4.12,1,98.5,1,78.13,1,3.13,99.43,1
2018,10,24,-18.16,1,881.3,1,8.19,1,137.75,1,72.16,1,7.34,134.54,1
2018,10,25,-13.93,1,880.49,1,9.4,1,96.88,1,76.56,1,9.19,95.53,1
2018,10,26,-18.93,1,891.74,1,9.09,1,128.75,1,64.6,1,7.34,125.52,1
2018,10,27,-14.73,0.75,884.74,1,9.01,1,97.38,1,75.3,1,8.68,99.53,1
2018,10,28,-13.02,1,894.21,1,7.51,0.875,113.25,1,66.38,1,7.18,113.38,0.875
2018,10,29,-11.51,0.875,892.45,1,5.34,1,108.88,1,65.64,1,4.49,98.83,1
2018,10,30,-14.42,0.75,891.1,1,3.45,1,173,1,72.93,1,2.62,2.35,1
2018,10,31,-14.83,0.875,891.8,1,4.04,1,205.88,1,74.1,1,3.59,345.36,1
2018,11,1,-19.15,1,895.64,1,5.04,1,29.5,1,77.75,1,5,29.26,1
2018,11,2,-20.9,0.875,896.68,1,3.74,1,38.62,1,75.99,1,3.68,33.84,1
2018,11,3,-13.13,1,897.21,1,0.86,1,59,1,84.25,1,0.85,57.7,1
2018,11,4,-11.59,1,898.04,1,3.12,0.75,117.75,1,85.13,1,2.54,43.72,0.75
2018,11,5,-14.14,1,891.2,1,4.68,1,120.75,1,80.41,1,4.29,122.29,1
2018,11,6,-15.5,0.375,890.46,1,3.85,1,78,1,82.53,1,3.31,38.26,1
2018,11,7,-14.98,1,895.7,1,4.34,1,118.75,1,79,1,2.88,101.83,1
2018,11,8,-8.01,0.875,883.74,1,4.11,1,107.62,1,71.06,1,3.5,79.12,1
2018,11,9,-9.06,1,883.61,1,4.16,1,109.38,1,86.23,1,3.93,105.48,1
2018,11,10,-13.32,1,887.98,1,3.83,0.875,105.5,1,78.46,1,3.23,85.52,0.875
2018,11,11,-13.99,0.875,887.64,1,1.07,1,153.12,1,83.39,1,0.24,116.74,1
2018,11,12,-15.7,1,882.19,1,3.12,1,51,1,80.71,1,2.86,47.8,1
2018,11,13,-13.33,0.875,885.95,1,4.85,1,66,1,81.58,1,4.78,67.03,1
2018,11,14,-13.29,1,889.55,1,3.05,1,65.12,1,80.38,1,3.02,64.66,1
2018,11,15,-15.8,1,890.28,1,3.11,1,91.88,1,78.61,1,2.97,89.45,1
2018,11,16,-15.89,1,891.79,1,3.55,1,120.12,1,79.01,1,3.23,98.78,1
2018,11,17,-16.41,0.875,898.58,1,2.29,1,222.25,1,78.84,1,2.18,225.77,1
2018,11,18,-15.92,1,900.64,1,2.92,1,179.88,1,79.69,1,2.76,358.4,1
2018,11,19,-19.1,1,892.45,1,2.64,0.625,185,0.75,77.86,1,1.87,354.22,0.625
2018,11,20,-20.81,1,883.8,1,5.59,1,119.5,1,74.23,1,4.4,129.41,1
2018,11,21,-19.4,1,883.62,1,7.74,1,98.62,1,73.29,1,7.45,99.12,1
2018,11,22,-15.2,1,895.33,1,6.84,1,107,1,64.09,1,6.81,107.08,1
2018,11,23,-12.86,1,895.11,1,7.55,1,124.75,1,65.45,1,7.36,124.79,1
2018,11,24,-14.24,1,892.24,1,5.66,1,153.62,1,66.78,1,4.65,145.32,1
2018,11,25,-13.66,1,891.71,1,4.78,0.625,89.12,1,64.55,1,4.15,91.59,0.625
2018,11,26,-12.36,1,897.16,1,4.16,1,182.38,1,60.73,1,4.02,359.01,1
2018,11,27,-13.28,1,902.64,1,6.03,1,328.75,1,67.83,1,5.99,328.24,1
2018,11,28,-14.16,1,907.54,1,4.61,1,294.88,1,75.01,1,4.3,297.54,1
2018,11,29,-18.76,1,905.68,1,5.61,1,205.12,1,75.48,1,5.52,205.03,1
2018,11,30,-16.31,1,897.94,1,3.17,1,182.25,1,78.65,1,1.4,175.16,1
2018,12,1,-17.21,0.875,891.68,1,3.42,1,142.5,1,78.95,1,2.41,153.1,1
2018,12,2,-11.41,0.875,892.28,1,3.46,1,91.12,1,71.21,1,3.25,90.38,1
2018,12,3,-10.47,0.75,907.95,1,3.05,1,105.38,1,55.35,1,2.89,101.67,1
2018,12,4,-12.02,0.5,910.66,1,5.03,1,105.75,1,63.74,1,4.75,97.83,1
2018,12,5,-9.35,1,892.49,1,5.38,1,65.12,1,86.15,1,5.15,65.48,1
2018,12,6,-7.2,0.5,890.89,1,1.79,1,175.75,1,87.59,1,0.55,20.92,1
2018,12,7,-8.95,0.75,900.83,1,2.4,1,72.25,1,84.14,1,2.27,27.84,1
2018,12,8,-9.65,0.25,902.25,1,1.2,1,182.25,1,82.55,1,0.72,177.69,1
2018,12,9,-8.95,0.25,898.93,1,1.77,1,204.25,1,88.19,1,1.03,217.17,1
2018,12,10,-10.93,0.5,900.74,1,1.88,1,108.62,1,84.8,1,1.11,18.24,1
2018,12,11,-10.2,0.375,904.07,1,1.79,1,260.38,1,83.11,1,1.15,306.94,1
2018,12,12,-10.33,0.375,904.86,1,1.78,0.625,127,0.625,80.9,1,1.36,39.28,0.625
2018,12,13,-12.04,1,899.31,1,3.61,1,148.88,1,80.91,1,2.07,132.49,1
2018,12,14,-12.73,0.875,896.74,1,4.74,1,89.25,1,79.11,1,4.58,83.8,1
2018,12,15,-10.91,1,897.12,1,4.36,1,117.5,1,71.35,1,3.58,110.4,1
2018,12,16,-7.73,0.875,896.25,1,3.31,1,154,1,62.15,1,3.05,150.16,1
2018,12,17,-11.39,1,893.39,1,4.69,0.875,107.43,0.875,79.65,1,3.27,109.1,0.875
2018,12,18,-10.24,0.875,903.94,1,2.45,1,164.38,1,74.93,1,0.6,159.44,1
2018,12,19,-10.52,0.625,908.4,1,2.22,1,122.38,1,79.04,1,0.98,118.63,1
2018,12,20,-10.33,1,902.29,1,6.12,1,152,1,83.86,1,3.92,131.92,1
2018,12,21,-10.43,0.875,910.19,1,4.88,1,89.12,1,77.93,1,4.75,96.32,1
2018,12,22,-8.73,0.375,910.5,1,1.79,1,37,1,70.35,1,1.72,32.04,1
2018,12,23,-7.87,0.375,907.01,1,2.01,1,193.75,1,73.5,1,0.61,260.42,1
2018,12,24,-9.65,0.75,901,1,3.35,1,133.38,1,78.98,1,2.47,120.52,1
2018,12,25,-8.39,1,896.84,1,5.15,1,95.62,1,74.45,1,4.26,94.15,1
2018,12,26,-8.66,1,903.88,1,4.03,1,62.5,1,71,1,3.53,63.78,1
2018,12,27,-6.67,0.75,910.63,1,2.8,1,82.38,1,69.19,1,2.65,88.53,1
2018,12,28,-6.75,0.5,907.23,1,1.74,1,131,1,67.93,1,1.1,105.82,1
2018,12,29,NA,0,902.99,1,1.1,1,202.75,1,63.85,1,0.53,263.89,1
2018,12,30,-5.85,0.25,903.6,1,1.83,0.875,105.43,0.875,71.85,1,1.46,71.93,0.875
2018,12,31,-6.49,0.875,904.48,1,2.78,1,69.5,1,69.35,1,2.63,72.28,1
2019,1,1,-7.9,1,904.4,1,3.01,1,75.88,1,82.9,1,2.9,75.08,1
2019,1,2,-6.53,0.375,900.43,1,1.73,1,154,1,69.76,1,0.73,120.82,1
2019,1,3,NA,0.125,894.32,1,1.18,1,121.25,1,74.8,1,0.41,48.09,1
2019,1,4,-11.1,0.875,892.39,1,2.91,1,131.75,1,82.53,1,2.79,359.54,1
2019,1,5,-10.5,1,900.66,1,5.95,1,23,1,89.36,1,5.83,22.59,1
2019,1,6,-9.47,0.875,908.99,1,4.58,1,103.75,1,88.96,1,4.01,24.28,1
2019,1,7,-11.44,1,909.13,1,5.97,1,103.25,1,80.15,1,5.18,102.65,1
2019,1,8,-11.67,1,901.31,1,7.9,1,154.12,1,70.49,1,7.6,152.75,1
2019,1,9,-8.34,0.875,905.36,1,2.88,1,87.5,1,61.45,1,1.2,53.06,1
2019,1,10,-5.39,1,911.14,1,6.62,1,54,1,97.43,0.375,6.48,53.19,1
2019,1,11,-5,1,915.71,1,5.63,0.75,43.75,1,95,0.25,5.61,43.02,0.75
2019,1,12,-5.86,1,916.32,1,4.24,1,214,1,89.97,0.375,2.93,344.83,1
2019,1,13,-8.3,0.75,916.2,1,3.83,1,113.88,1,91.35,1,3.28,96.55,1
2019,1,14,-8.16,1,915.65,1,3.21,1,133.62,1,81.7,0.75,2.9,129.78,1
2019,1,15,-10.92,1,913.95,1,4.62,1,227.25,1,85.71,0.875,4.52,227.56,1
2019,1,16,-9.92,1,910.1,1,3.35,0.75,220.83,0.75,95.96,0.875,3.06,218.86,0.75
2019,1,17,-10.21,1,907.95,1,3.6,1,236.75,1,87.71,0.875,3.4,238.93,1
2019,1,18,-14.11,1,902.85,1,3.39,1,117.38,1,78.29,1,1.08,34.51,1
2019,1,19,-13.47,0.75,899.16,1,2.98,1,140.62,1,78.24,1,0.97,8.21,1
2019,1,20,-16.84,1,902.49,1,4.27,1,52.5,1,80.1,1,4,51.28,1
2019,1,21,-16.55,1,909.41,1,3.24,1,104.38,1,79.49,1,2.85,103.29,1
2019,1,22,-13.73,1,914.49,1,5.64,1,85.62,1,83.34,1,5.47,84.27,1
2019,1,23,-11.63,0.5,914.45,1,2.14,1,174.5,1,73.25,1,1.47,120.05,1
2019,1,24,-10.29,1,905.34,1,4.36,1,141.5,1,53.45,1,4.27,139.79,1
2019,1,25,-8.38,0.5,899.7,1,1.98,1,68.5,1,71.77,0.875,1.03,55.17,1
2019,1,26,-6.19,0.875,902.79,1,2.61,1,62.25,1,88.6,0.375,2.56,17.77,1
2019,1,27,-4.4,1,903.15,1,4.01,1,259.38,1,99.88,0.5,3.93,349.01,1
2019,1,28,-8.07,0.75,903.03,1,2.96,0.875,165.12,1,90.48,0.75,2.67,6.73,0.875
2019,1,29,-6.85,1,901.39,1,3.95,1,31.38,1,94.18,0.5,3.84,29.18,1
2019,1,30,-12.6,0.75,903.74,1,5.32,1,24.5,1,90.43,0.875,5.2,23.34,1
2019,1,31,-14.91,0.875,909.59,1,4.35,1,33.25,1,83.88,1,4.23,28.36,1
2019,2,1,-12.11,1,914.63,1,3.66,1,97.38,1,89.57,0.875,3.6,7.12,1
2019,2,2,-10.94,1,911.26,1,7.01,0.875,66.5,1,80.35,0.5,5.9,67.77,0.875
2019,2,3,-9.27,1,900.65,1,4.01,0.875,140,1,88.5,0.375,3.66,65.5,0.875
2019,2,4,-8.9,0.625,895.34,1,2.61,1,37.5,1,97.2,0.25,2.47,38.51,1
2019,2,5,-9.44,1,897.4,1,5.06,1,80,1,91.03,0.75,5.02,80.74,1
2019,2,6,-9.41,1,900.46,1,4.09,1,74.75,1,83.83,1,4.06,74.11,1
2019,2,7,-9.2,0.75,894.71,1,2.62,1,128.75,1,83,0.875,0.58,18.45,1
2019,2,8,-9.71,1,895.39,1,3.31,1,160.75,1,89.55,0.5,1.72,15.02,1
2019,2,9,-11.41,1,908.35,1,5.11,1,71,1,83.85,1,5.02,71,1
2019,2,10,-9.5,1,908.63,1,8.14,0.875,31.62,1,99.4,0.5,7.92,33.6,0.875
2019,2,11,-11.68,0.5,906.55,1,2.64,0.625,71,0.625,90.51,0.875,0.85,63.09,0.625
2019,2,12,-13.1,0.25,904.34,1,1.26,1,245.38,1,89.36,1,1.09,236.85,1
2019,2,13,-14.6,0.375,905.83,1,1.58,0.75,111.57,0.875,87.25,1,1.55,15.04,0.75
2019,2,14,-14.42,0.5,917.48,1,1.57,0.75,130.33,0.75,90.51,1,1.19,147.03,0.75
2019,2,15,-18.53,0.75,917.75,1,3.54,0.875,273,0.875,82.77,0.875,3.42,275.26,0.875
2019,2,16,-21.05,1,910.91,1,4.39,1,133.12,1,77.55,1,3.45,136.52,1
2019,2,17,-24.78,0.5,907.74,1,5.44,1,91.5,1,74.18,1,4.91,80.9,1
2019,2,18,-17.86,1,913.35,1,3.95,1,84.75,1,66.84,1,3.86,86.6,1
2019,2,19,-14.99,0.875,916.26,1,3.56,1,241.62,1,62.21,1,1.29,310.75,1
2019,2,20,-13.9,0.75,914.13,1,2.91,1,84.88,1,78.51,1,2.61,83.03,1
2019,2,21,-14.84,1,915.68,1,4.12,1,95,1,80.06,1,4.02,98.45,1
2019,2,22,-10.52,0.625,914.95,1,3.66,1,84.25,1,84.3,0.5,3.39,83.55,1
2019,2,23,-6.48,1,912.21,1,8.95,1,46.5,1,NA,0,8.75,44.57,1
2019,2,24,-7.99,1,908,1,3.99,1,117.38,1,99.53,0.375,3.09,99.73,1
2019,2,25,-10.8,0.5,887.89,1,2.55,0.5,99.5,1,89.63,0.75,1.9,136.23,0.5
2019,2,26,-11.25,0.25,898.31,1,0.93,0.75,52,0.75,97.13,0.75,0.91,58.88,0.75
2019,2,27,-11.75,0.75,909.46,1,2.76,1,197.12,1,94.65,0.5,2.02,171.09,1
2019,2,28,-14.01,1,892.85,1,5.39,1,231.12,1,85.91,1,3.79,235.43,1
2019,3,1,-13.56,1,903.44,1,9.2,1,294.12,1,90.98,1,8.55,338.02,1
2019,3,2,-13.13,1,921.35,1,2.59,1,167.88,1,92.03,0.875,1.99,7.2,1
2019,3,3,-13.79,1,924.2,1,2.12,0.625,82,0.625,89.14,0.875,2.02,13.76,0.625
2019,3,4,-15.31,1,914.84,1,3.53,0.875,178.57,0.875,83.06,1,3.35,179.18,0.875
2019,3,5,-14.73,1,911.5,1,3.78,1,150.25,1,66.95,1,3.54,148.67,1
2019,3,6,-15.67,0.875,906.84,1,1.62,0.625,186.2,0.625,76.28,1,0.91,178.47,0.625
2019,3,7,-20.5,0.875,904.94,1,2.33,1,112.75,1,77.91,1,2.16,115.95,1
2019,3,8,-19.36,1,899.15,1,3.59,1,207.62,1,71.25,1,2.37,190.56,1
2019,3,9,-23.14,0.875,900.48,1,4.99,1,153.88,1,72.21,1,4.46,23.99,1
2019,3,10,-20.23,0.75,897.56,1,4.78,1,229.88,1,64.76,1,4.41,231.39,1
2019,3,11,-24.28,0.75,902.83,1,6.34,1,69.25,1,74.25,1,5.42,27.49,1
2019,3,12,-18.09,0.875,906.16,1,1.08,0.625,30.2,0.625,81.3,1,1.05,30.57,0.625
2019,3,13,-21,0.875,906.42,1,NA,0,NA,0,78.45,1,NA,NA,0
2019,3,14,-23.6,0.875,905.49,1,NA,0,NA,0,76.01,1,NA,NA,0
2019,3,15,-25.28,1,891.78,1,5.24,0.625,158.8,0.625,69.05,1,5.1,159.28,0.625
2019,3,16,-23.07,1,882.1,1,3.61,0.875,227,0.875,47.38,1,1.9,218.84,0.875
2019,3,17,-29.16,1,882.05,1,5.28,1,86,1,68.79,1,4.99,43.79,1
2019,3,18,-24.14,0.875,887.26,1,5.04,1,46.75,1,73.15,1,4.85,48.71,1
2019,3,19,-22.23,0.375,896.43,1,2.59,1,93.62,1,74.13,1,2.25,33.74,1
2019,3,20,-21.56,0.875,896,1,2.5,1,109.5,1,77.29,1,2,97.37,1
2019,3,21,-29.1,0.75,900.09,1,3.35,1,85.75,1,71.7,1,2.96,82.18,1
2019,3,22,-30.73,0.875,899.88,1,1.67,0.375,52,0.375,71.68,1,1.66,52.78,0.375
2019,3,23,-22.2,0.875,893.23,1,5.88,0.5,147.2,0.625,73.63,1,5.36,155.27,0.5
2019,3,24,-18.53,0.5,877.59,1,9.1,1,110.5,1,77.34,1,8.68,112.47,1
2019,3,25,-25.71,0.875,893.6,1,5.8,1,72.62,1,75.25,1,5.4,69.51,1
2019,3,26,-21.06,1,899.9,1,3.52,1,83.38,1,78.88,1,3.44,84.39,1
2019,3,27,-17.95,0.75,900.65,1,NA,0.125,NA,0.125,81.69,1,NA,NA,0.125
2019,3,28,-20.72,1,897.42,1,2.86,0.875,245,0.875,77.21,1,2.57,256.61,0.875
2019,3,29,-21.95,1,895.94,1,3.11,1,253.62,1,75.6,1,1.36,301.4,1
2019,3,30,-29.84,0.625,893.65,1,4.49,1,48.12,1,71.69,1,4.42,49.82,1
2019,3,31,-29.27,0.75,895.66,1,2.72,1,160.88,1,71.36,1,1.5,76.94,1
2019,4,1,-30.38,0.75,894.14,1,0.62,0.75,258.67,0.75,70.8,1,0.61,264.02,0.75
2019,4,2,-33.89,0.875,887.99,1,NA,0,NA,0,68.36,1,NA,NA,0
2019,4,3,-31.88,0.5,890.25,1,NA,0,NA,0,69.1,1,NA,NA,0
2019,4,4,-33,0.875,892.63,1,1.55,0.25,127,0.25,68.83,1,1.54,128.59,0.25
2019,4,5,-24.15,0.75,884.85,1,2.86,1,137.12,1,75.44,1,1.92,147.84,1
2019,4,6,-19.92,0.75,891.25,1,2.98,0.5,81.75,0.5,77.94,1,2.94,95.42,0.5
2019,4,7,-26.88,1,898.65,1,2.61,1,63.38,1,73.53,1,2.36,62.91,1
2019,4,8,-22.22,0.75,904.23,1,0.2,0.25,68.5,0.25,76.33,1,0.2,68.75,0.25
2019,4,9,-27.75,1,901.68,1,NA,0,NA,0,72.99,1,NA,NA,0
2019,4,10,-32.2,0.75,893.6,1,NA,0,NA,0,69.54,1,NA,NA,0
2019,4,11,-31.28,0.625,893.14,1,NA,0,NA,0,70.55,1,NA,NA,0
2019,4,12,-35.7,0.875,894.65,1,NA,0,NA,0,67.54,1,NA,NA,0
2019,4,13,-27.45,0.75,887.14,1,NA,0,NA,0,73.21,1,NA,NA,0
2019,4,14,-32.53,0.75,893.09,1,NA,0,NA,0,69.36,1,NA,NA,0
2019,4,15,-31.46,0.625,896.31,1,NA,0,NA,0,69.9,1,NA,NA,0
2019,4,16,-30.17,0.75,899.13,1,NA,0,NA,0,70.53,1,NA,NA,0
2019,4,17,-31.77,0.75,899.45,1,NA,0,NA,0,71.13,1,NA,NA,0
2019,4,18,-20.97,0.875,890.68,1,NA,0,NA,0,78.83,1,NA,NA,0
2019,4,19,-21.55,0.5,887.31,1,NA,0,NA,0,77.28,1,NA,NA,0
2019,4,20,-19.35,1,900.35,1,NA,0.125,NA,0.125,71.49,1,NA,NA,0.125
2019,4,21,-18.04,1,895.51,1,7.38,1,111,1,70.98,1,7.13,112.32,1
2019,4,22,-17.23,0.875,886.14,1,7.4,1,120.38,1,69.33,1,7.11,117.72,1
2019,4,23,-18.88,1,878.11,1,13.41,1,109.38,1,76.38,1,13.32,109.14,1
2019,4,24,-19.47,0.875,886.86,1,7.42,0.75,94.75,1,67.25,1,7.17,91.28,0.75
2019,4,25,-20.69,1,893,1,2.91,1,126.38,1,76.83,1,2.7,27.13,1
2019,4,26,-21.37,0.875,898.11,1,NA,0.125,NA,0.125,78.34,1,NA,NA,0.125
2019,4,27,-23.86,1,900.83,1,1.12,0.5,53.75,0.5,76.54,1,1.11,48.04,0.5
2019,4,28,-22.82,0.625,904.04,1,NA,0,NA,0,77.25,1,NA,NA,0
2019,4,29,-24.23,0.75,897.6,1,NA,0,NA,0,74.01,1,NA,NA,0
2019,4,30,-23.22,0.75,894.45,1,NA,0,NA,0,75.99,1,NA,NA,0
2019,5,1,-25.93,0.875,885.9,1,NA,0,NA,0,72.73,1,NA,NA,0
2019,5,2,-37.78,0.625,870.31,1,NA,0,NA,0,67.74,1,NA,NA,0
2019,5,3,-39.68,0.75,875.36,1,NA,0,NA,0,66.09,1,NA,NA,0
2019,5,4,-33.85,0.25,891.01,1,NA,0,NA,0,69.79,1,NA,NA,0
2019,5,5,-33.49,0.875,897.68,1,NA,0,NA,0,68.76,1,NA,NA,0
2019,5,6,-26.84,1,901.36,1,NA,0,NA,0,73.46,1,NA,NA,0
2019,5,7,-25.25,1,896.75,1,NA,0,NA,0,72.99,1,NA,NA,0
2019,5,8,-26.13,0.5,886.43,1,NA,0,NA,0,72.13,1,NA,NA,0
2019,5,9,-32.47,0.5,881.93,1,1.98,0.625,82.4,0.625,69.04,1,1.97,81.7,0.625
2019,5,10,-28.56,0.875,888.4,1,1.17,0.75,108.67,0.75,71.79,1,0.99,104.47,0.75
2019,5,11,-28.08,0.5,884.98,1,4.2,1,106.75,1,71.83,1,4.05,106.22,1
2019,5,12,-24.72,0.625,885.88,1,3.83,1,150.5,1,73.38,1,1.78,104.23,1
2019,5,13,-37.55,0.75,892.55,1,5.3,1,89.38,1,67.25,1,5.07,48.66,1
2019,5,14,-29.05,1,894.56,1,0.95,0.25,66.5,0.25,71.35,1,0.92,72.33,0.25
2019,5,15,-26.69,1,888.15,1,3.15,0.5,270.5,0.5,72.48,1,2.74,288.27,0.5
2019,5,16,-26.33,0.75,894.97,1,4.08,1,124.62,1,74.25,1,3.02,87.47,1
2019,5,17,-23.8,0.75,902.31,1,4.6,1,104.5,1,75.38,1,3.68,94.46,1
2019,5,18,-18.64,1,898.79,1,4.72,1,115.5,1,73.29,1,4.61,114.34,1
2019,5,19,-15.11,0.875,897.34,1,3.64,1,51.88,1,72.82,1,3.33,60.1,1
2019,5,20,-16.8,0.75,905.83,1,5.71,1,81,1,81.28,1,5.58,83.39,1
2019,5,21,-10.27,0.875,902.84,1,10.78,0.625,57.88,1,82.5,0.25,9.34,59.58,0.625
2019,5,22,-15.86,0.875,914.83,1,10.86,1,32.25,1,85.98,1,10.47,30.24,1
2019,5,23,-17.74,0.875,919.61,1,5.59,1,98.12,1,71.63,1,4.78,91.13,1
2019,5,24,-14.83,0.75,918.59,1,4.3,1,140.75,1,56.01,1,3.67,137.7,1
2019,5,25,-16.8,0.875,918.04,1,1.4,0.625,66,0.625,82.63,1,1.4,65.82,0.625
2019,5,26,-16.74,1,918.51,1,NA,0,NA,0,84.54,1,NA,NA,0
2019,5,27,-15.09,0.875,920.49,1,2.8,0.375,198.67,0.375,70.88,1,1.79,71.24,0.375
2019,5,28,-11.99,0.875,916.03,1,4.29,1,132.75,1,43.66,1,3.43,119.44,1
2019,5,29,-17.83,0.5,912.61,1,5.11,0.875,118.75,1,60.84,1,4.46,94.01,0.875
2019,5,30,-17.06,0.875,911.07,1,4.19,1,300.62,1,49.74,1,4.04,301,1
2019,5,31,-32.62,0.625,915.3,1,2.73,0.875,76.14,0.875,70.75,1,2.55,17.65,0.875
2019,6,1,-28.84,0.625,917.47,1,6.12,0.5,187,0.5,72.78,1,6,7.89,0.5
2019,6,2,-27,0.875,915.88,1,1.67,0.875,262.57,0.875,73.5,1,1.44,252.85,0.875
2019,6,3,-23.76,1,903.16,1,3.19,1,53,1,75.39,1,3.12,53.7,1
2019,6,4,-26.22,0.75,889.11,1,6.34,0.875,40.38,1,73.23,1,6.19,39.21,0.875
2019,6,5,-34.21,1,894.24,1,2.06,1,165.75,1,68.44,1,1.48,25.38,1
2019,6,6,-32.56,0.875,895.87,1,1.3,0.75,158.33,0.75,69.33,1,1.18,169.04,0.75
2019,6,7,-26.06,0.875,888.51,1,3.48,0.5,105.4,0.625,72.11,1,3.45,104.56,0.5
2019,6,8,-23.99,1,897.23,1,5.81,1,81.88,1,75.95,1,5.4,36.82,1
2019,6,9,-17.2,0.875,891.28,1,8.18,0.625,93.88,1,82.22,0.75,6.48,107.59,0.625
2019,6,10,-12.09,1,877.45,1,11.17,0.875,69,1,99.73,0.375,10.92,72.24,0.875
2019,6,11,-22,0.875,881.2,1,8.38,0.75,35,1,78.89,1,8.29,28.22,0.75
2019,6,12,-26.92,0.75,884.59,1,2.74,1,67.25,1,73.3,1,2.27,65.08,1
2019,6,13,-18.66,0.625,884.15,1,0.82,0.625,105.4,0.625,81.03,1,0.79,110.37,0.625
2019,6,14,-25.93,0.875,889.9,1,NA,0,NA,0,75.13,1,NA,NA,0
2019,6,15,-28.91,0.875,895.33,1,NA,0,NA,0,71.95,1,NA,NA,0
2019,6,16,-27.66,1,886.25,1,NA,0,NA,0,72.75,1,NA,NA,0
2019,6,17,-30.1,0.625,885.01,1,NA,0,NA,0,69.81,1,NA,NA,0
2019,6,18,-37.42,0.75,888.8,1,NA,0,NA,0,67.88,1,NA,NA,0
2019,6,19,-38.88,0.75,887.63,1,NA,0,NA,0,66.1,1,NA,NA,0
2019,6,20,-41,0.5,891.78,1,NA,0,NA,0,65.45,1,NA,NA,0
2019,6,21,-34.25,1,879.59,1,NA,0,NA,0,68.35,1,NA,NA,0
2019,6,22,-30.35,1,879.65,1,NA,0,NA,0,71.18,1,NA,NA,0
2019,6,23,-33.98,0.5,887.13,1,NA,0,NA,0,67.5,1,NA,NA,0
2019,6,24,-20.07,0.5,887.07,1,NA,0,NA,0,82.45,1,NA,NA,0
2019,6,25,-16.23,0.75,885.86,1,NA,0,NA,0,84.55,1,NA,NA,0
2019,6,26,-22.53,0.75,884.9,1,NA,0,NA,0,78.55,1,NA,NA,0
2019,6,27,-24.2,0.875,881.7,1,NA,0,NA,0,76.33,1,NA,NA,0
2019,6,28,-27.9,0.875,881.49,1,NA,0.125,NA,0.125,73.08,1,NA,NA,0.125
2019,6,29,-28.78,0.625,884.63,1,1.25,1,109.88,1,74.5,1,1.06,114.26,1
2019,6,30,-26.74,0.625,876.01,1,1.07,0.5,65.75,0.5,73.31,1,1.05,66.12,0.5
2019,7,1,-29.3,0.625,877.93,1,NA,0,NA,0,72.68,1,NA,NA,0
2019,7,2,-30.1,1,892.64,1,1.72,0.75,89.5,0.75,71.75,1,1.57,26.34,0.75
2019,7,3,-27.36,1,905.81,1,0.7,0.25,54,0.25,72.04,1,0.7,53.14,0.25
2019,7,4,-31.05,1,896.01,1,NA,0,NA,0,70.25,1,NA,NA,0
2019,7,5,-29.04,1,885.76,1,NA,0,NA,0,70.33,1,NA,NA,0
2019,7,6,-24.1,0.375,889.37,1,3.87,0.875,107.14,0.875,70.39,1,3.15,108.91,0.875
2019,7,7,-18.43,0.375,896.33,1,5.99,1,110,1,74.88,1,5.76,108.37,1
2019,7,8,-11.11,0.875,891.36,1,15.16,0.875,97.88,1,87.86,0.625,15.07,98.98,0.875
2019,7,9,-16.79,0.875,890.49,1,11.33,0.75,105.62,1,79.41,1,11.02,108.06,0.75
2019,7,10,-13.22,0.75,889.9,1,9.64,0.875,64.88,1,83.05,1,8.26,65.78,0.875
2019,7,11,-20.33,0.75,907.04,1,6.76,1,81.25,1,70.05,1,6.41,80.16,1
2019,7,12,-21.36,1,909.54,1,5.29,1,232.88,1,73.75,1,2.81,236.86,1
2019,7,13,-20.92,0.75,918.23,1,3.61,1,179.38,1,76,1,1.86,0.64,1
2019,7,14,-23.53,0.875,922.74,1,2.96,1,112.62,1,76.13,1,2.45,113.29,1
2019,7,15,-25.1,0.875,921.57,1,2.56,0.875,177.43,0.875,74.25,1,2.48,184.72,0.875
2019,7,16,-23.83,0.875,914.33,1,1.3,0.75,284.5,0.75,75.88,1,1.26,283.63,0.75
2019,7,17,-30,0.875,917.33,1,NA,0.125,NA,0.125,70.56,1,NA,NA,0.125
2019,7,18,-27.1,0.625,899.86,1,NA,0,NA,0,73.75,1,NA,NA,0
2019,7,19,-36.48,0.75,894.23,1,NA,0,NA,0,67.9,1,NA,NA,0
2019,7,20,-40.59,0.875,901.74,1,NA,0,NA,0,65.25,1,NA,NA,0
2019,7,21,-42.1,0.875,895.3,1,NA,0,NA,0,63.8,1,NA,NA,0
2019,7,22,-47.18,1,895.5,1,NA,0,NA,0,61.03,1,NA,NA,0
2019,7,23,-45.77,0.75,897.64,1,NA,0,NA,0,61.88,1,NA,NA,0
2019,7,24,-46.34,0.625,899.78,1,NA,0,NA,0,63.35,1,NA,NA,0
2019,7,25,-25.68,0.75,893.63,1,3.8,0.75,119.5,0.75,75.31,1,3.72,117.79,0.75
2019,7,26,-23.95,0.75,897.63,1,4.32,1,104,1,76.94,1,3.3,103.3,1
2019,7,27,-22.76,1,896.16,1,5.69,1,148.88,1,76.75,1,4.8,140.76,1
2019,7,28,-25.95,0.5,888.74,1,7.41,1,61.5,1,72,1,7.26,61.72,1
2019,7,29,-30.3,1,893.84,1,5.76,1,71.5,1,70.74,1,5.68,68.28,1
2019,7,30,-33.49,0.875,901.4,1,0.45,0.25,88.5,0.25,68.41,1,0.45,88.67,0.25
2019,7,31,-35.78,1,906.04,1,NA,0,NA,0,67.01,1,NA,NA,0
2019,8,1,-36.03,0.875,906.15,1,NA,0,NA,0,67.11,1,NA,NA,0
2019,8,2,-37.49,1,906.69,1,NA,0,NA,0,65.8,1,NA,NA,0
2019,8,3,-38.25,1,900.76,1,NA,0,NA,0,65.56,1,NA,NA,0
2019,8,4,-39.49,1,922.91,1,NA,0,NA,0,64.84,1,NA,NA,0
2019,8,5,-38.18,1,921.69,1,NA,0,NA,0,65.63,1,NA,NA,0
2019,8,6,-38.29,0.875,914.88,1,NA,0,NA,0,64.83,1,NA,NA,0
2019,8,7,-39.7,0.75,907.31,1,NA,0,NA,0,64.5,1,NA,NA,0
2019,8,8,-34.31,1,904.03,1,NA,0,NA,0,67.7,1,NA,NA,0
2019,8,9,-25.68,0.625,898.75,1,6.56,0.875,102.71,0.875,71.41,1,6.47,103.79,0.875
2019,8,10,-14.26,1,890.1,1,NA,0,NA,0.125,90.71,1,NA,NA,0
2019,8,11,-15.8,0.75,889.01,1,8.35,0.25,105.5,0.25,87.86,1,8.01,102.96,0.25
2019,8,12,-20.6,0.625,893.4,1,6.85,0.5,76.38,1,79.43,1,6.54,31.54,0.5
2019,8,13,-23.84,0.875,909.4,1,5.22,1,81.25,1,76.04,1,5,34.81,1
2019,8,14,-21.79,1,907.34,1,4.38,1,57.62,1,78.24,1,4.25,56.91,1
2019,8,15,-19.65,1,905.13,1,3.34,1,68.12,1,80.28,1,3.23,62.51,1
2019,8,16,-22.01,1,897.54,1,0.95,0.5,133.5,0.5,77.63,1,0.92,125.65,0.5
2019,8,17,-16.28,1,880.65,1,16.1,0.25,32,0.25,84.64,1,16.08,32.39,0.25
2019,8,18,-18.94,0.875,889.18,1,10.52,0.75,65,1,80.16,1,9.01,45.14,0.75
2019,8,19,-15,0.875,885.3,1,4.58,0.625,86,0.625,85.33,0.75,3.26,88.84,0.625
2019,8,20,-21.18,0.75,888.71,1,6.72,0.75,193.17,0.75,79.16,1,4.92,7.38,0.75
2019,8,21,-22.42,0.75,894.54,1,0.8,0.875,103.25,1,77.13,1,0.78,112.28,0.875
2019,8,22,-28.54,1,885.79,1,3.04,0.625,76.62,1,72.25,1,2.9,67.59,0.625
2019,8,23,-28.53,0.75,895.5,1,2.53,0.75,56.25,1,73.71,1,2.33,64.34,0.75
2019,8,24,-24.46,1,897.51,1,3.04,1,73.88,1,75.44,1,2.62,89.68,1
2019,8,25,-21.33,0.75,897.99,1,0.82,0.75,80.17,0.75,83.4,1,0.78,79.85,0.75
2019,8,26,-14.27,0.875,888.99,1,NA,0,NA,0,82.75,0.5,NA,NA,0
2019,8,27,-21.93,0.75,890.13,1,NA,0,NA,0,77.63,1,NA,NA,0
2019,8,28,-21.99,1,900.91,1,NA,0,NA,0,78.13,1,NA,NA,0
2019,8,29,-21.69,1,895.4,1,NA,0,NA,0,78.25,1,NA,NA,0
2019,8,30,-21.7,0.875,885.26,1,3.13,0.75,159.33,0.75,77.11,1,3.05,159.5,0.75
2019,8,31,-18.9,0.25,891.41,1,4.83,0.375,125.67,0.375,76.04,1,4.74,127.04,0.375
2019,9,1,-19.04,1,887.68,1,7.64,0.875,59,1,81,1,7.23,58.1,0.875
2019,9,2,-15.58,0.5,881.89,1,11.53,0.75,84.25,1,85.26,0.875,9.96,98.33,0.75
2019,9,3,-17.6,1,891.2,1,14.88,0.625,53.75,1,81.7,1,14.62,52.27,0.625
2019,9,4,-21.99,0.875,887.83,1,3.3,0.25,106,0.5,77.25,1,3.3,137,0.25
2019,9,5,-22.66,0.875,890.1,1,4.32,0.625,86,0.625,77.04,1,3.85,80.62,0.625
2019,9,6,-26.59,1,898.61,1,4.02,0.625,59.2,0.625,74.29,1,3.92,56.94,0.625
2019,9,7,-27.8,1,893.07,1,NA,0,NA,0,73.25,1,NA,NA,0
2019,9,8,-35.93,1,879.61,1,1.65,0.5,151.75,0.5,67.94,1,1.65,151.49,0.5
2019,9,9,-34.1,0.875,869.65,1,1.57,0.875,114.57,0.875,68.38,1,1.36,120.55,0.875
2019,9,10,-44.09,1,881.32,1,0.95,1,66.88,1,62.91,1,0.92,70.36,1
2019,9,11,-40.38,0.625,888.56,1,0.48,0.75,58.5,0.75,67.06,1,0.46,55.11,0.75
2019,9,12,-17.88,0.625,885.64,1,0.37,0.375,76.33,0.375,82.63,1,0.31,54.09,0.375
2019,9,13,-24.72,0.625,890.11,1,0.9,0.5,23,0.5,75.38,1,0.9,23.75,0.5
2019,9,14,-25.6,1,896.43,1,0.7,0.25,72.5,0.25,74.88,1,0.67,67.04,0.25
2019,9,15,-22.28,1,885.33,1,NA,0,NA,0,77.36,1,NA,NA,0
2019,9,16,-21.7,0.75,859.08,1,0.65,0.5,30.75,0.5,76.77,1,0.65,30.96,0.5
2019,9,17,-31.17,0.875,879.45,1,1.25,1,20.25,1,71.06,1,1.24,19.33,1
2019,9,18,-28.94,1,897.85,1,0.7,0.625,30.4,0.625,72.13,1,0.68,25.21,0.625
2019,9,19,-26.7,1,895.35,1,0.63,0.375,59.33,0.375,73.75,1,0.63,59.26,0.375
2019,9,20,-35.32,0.625,892.55,1,0.25,0.25,35,0.25,67.9,1,0.25,41.65,0.25
2019,9,21,-34.23,0.75,887.07,1,NA,0,NA,0,69.5,1,NA,NA,0
2019,9,22,-26,0.375,884.68,1,NA,0,NA,0,70.71,1,NA,NA,0
2019,9,23,-34.17,0.375,882.4,1,NA,0,NA,0,69.26,1,NA,NA,0
2019,9,24,-19.74,0.875,892,1,NA,0,NA,0,78.13,1,NA,NA,0
2019,9,25,-22.15,0.75,890.61,1,NA,0,NA,0,76.38,1,NA,NA,0
2019,9,26,-31.05,0.75,895.88,1,NA,0,NA,0,70.95,1,NA,NA,0
2019,9,27,-29.2,0.75,899.64,1,NA,0,NA,0,72.63,1,NA,NA,0
2019,9,28,-14.8,1,886.28,1,NA,0,NA,0,91.98,1,NA,NA,0
2019,9,29,-11.78,1,882.36,1,NA,0,NA,0,98.48,0.625,NA,NA,0
2019,9,30,-14,0.75,881.23,1,NA,0,NA,0,88.42,0.75,NA,NA,0
2019,10,1,-22.66,1,894.18,1,NA,0,NA,0,77.71,1,NA,NA,0
2019,10,2,-24.41,1,896.89,1,NA,0,NA,0,75.86,1,NA,NA,0
2019,10,3,-19.39,1,892,1,NA,0,NA,0,80.5,1,NA,NA,0
2019,10,4,-16.67,0.875,887.75,1,NA,0,NA,0,81.56,1,NA,NA,0
2019,10,5,-17.76,0.875,887.55,1,NA,0,NA,0,84.66,1,NA,NA,0
2019,10,6,-23.31,0.875,881.99,1,NA,0,NA,0,76.91,1,NA,NA,0
2019,10,7,-23.8,0.5,879.24,1,NA,0,NA,0,79.05,1,NA,NA,0
2019,10,8,-26.95,1,888.26,1,9.76,0.875,60.29,0.875,73.96,1,9.66,59.6,0.875
2019,10,9,-30.67,0.75,897.79,1,5.24,0.625,52.5,0.75,70.63,1,5.22,49.95,0.625
2019,10,10,-27.73,1,897.68,1,0.8,0.25,75.5,0.25,74.34,1,0.8,76.81,0.25
2019,10,11,-23.68,0.625,894.51,1,NA,0,NA,0,74.28,1,NA,NA,0
2019,10,12,-23.05,1,892.39,1,NA,0.125,NA,0.125,76.63,1,NA,NA,0.125
2019,10,13,-26.28,0.625,883.98,1,NA,0.125,NA,0.125,72.25,1,NA,NA,0.125
2019,10,14,-32.9,0.625,892.14,1,4.69,1,27.12,1,70.88,1,4.6,27.65,1
2019,10,15,-23.34,1,892.38,1,2.72,1,48.75,1,76.45,1,2.63,39.44,1
2019,10,16,-23,0.875,887.84,1,1.32,1,71.62,1,77.28,1,1.15,62.61,1
2019,10,17,-20.26,0.875,882.64,1,2.32,0.75,241.17,0.75,80.15,0.75,2.18,242.07,0.75
2019,10,18,-27.15,0.75,888.79,1,3.22,0.75,120.83,0.75,76.56,1,2.33,352.41,0.75
2019,10,19,-29.05,1,900.2,1,NA,0,NA,0,73.32,1,NA,NA,0
2019,10,20,-28.04,0.875,903.54,1,4.95,1,139.38,1,73.74,1,4.51,135.65,1
2019,10,21,-24.31,1,907.81,1,3.96,1,204.75,1,76.79,1,3.73,206.37,1
2019,10,22,-20.76,0.625,912.51,1,1.86,1,210,1,83.44,0.875,1.67,223.78,1
2019,10,23,-19.92,0.75,911.26,1,4.3,1,84.38,1,77.44,0.875,4.25,82.75,1
2019,10,24,-15.7,0.875,906.31,1,3.51,1,107.25,1,85.55,0.75,2.99,68.88,1
2019,10,25,-10.64,1,902.25,1,6.19,1,95.88,1,NA,0,5.01,43.68,1
2019,10,26,-11.74,1,902.46,1,7.62,1,42.12,1,95,0.25,7.38,39.42,1
2019,10,27,-16.64,1,903.39,1,11.32,1,32.62,1,84.96,1,11.1,30.52,1
2019,10,28,-16.91,1,907.74,1,4.46,1,38.5,1,83.69,1,4.44,38.57,1
2019,10,29,-19.41,0.875,909.87,1,3.66,1,85.5,1,81.01,1,2.89,73.92,1
2019,10,30,-18.06,1,906.15,1,2.81,0.875,174.12,1,82.76,1,2.31,165.46,0.875
2019,10,31,-22.17,0.875,902.38,1,4.25,1,196.62,1,81.9,1,1.18,276.13,1
2019,11,1,-22.16,0.875,900.75,1,4.47,0.875,148.88,1,78.21,1,2.82,135.03,0.875
2019,11,2,-25.39,1,902.69,1,4.16,1,159.38,1,78.39,0.875,1.78,72.29,1
2019,11,3,-23.1,1,907.24,1,2.74,1,97.25,1,77.29,1,1.87,86.42,1
2019,11,4,-22.96,1,905.94,1,3.57,0.875,152.5,1,79.03,1,2.32,137.82,0.875
2019,11,5,-19.18,0.625,906.34,1,6.16,0.875,95.5,1,80.48,1,5.64,92.14,0.875
2019,11,6,-18.6,0.875,905,1,4.53,1,100.62,1,81.66,1,3.17,95.03,1
2019,11,7,-16.19,0.875,904.43,1,2.59,1,184.38,1,81.08,1,2.08,176.16,1
2019,11,8,-23.82,0.625,904.98,1,3.51,1,43.62,1,73.13,1,3.34,45.46,1
2019,11,9,-20.61,1,908.89,1,3.29,1,35.12,1,77.5,1,3.21,32.52,1
2019,11,10,-20.24,1,913.96,1,0.98,0.5,40.75,0.5,78.33,1,0.96,36.05,0.5
2019,11,11,-20.67,1,911.53,1,2.22,1,141,1,78.13,1,1.73,124.2,1
2019,11,12,-24.64,0.875,907.67,1,3.01,1,246.75,1,74.85,1,2.91,247.92,1
2019,11,13,-20.18,1,909.4,1,3.85,1,253.38,1,76.85,1,3.76,251.53,1
2019,11,14,-17.98,1,915.36,1,3.58,1,298.38,1,80.25,1,2.77,299.76,1
2019,11,15,-18.91,1,916.98,1,5.06,1,201.62,1,79.6,1,4.01,344.17,1
2019,11,16,-19.57,0.875,912.93,1,2.99,1,122.62,1,79,1,2.01,68.97,1
2019,11,17,-20.7,0.75,903.89,1,6.38,1,156.62,1,71,1,6.23,155.57,1
2019,11,18,-20.36,0.875,898.86,1,9.4,0.875,135.88,1,72.75,1,9.16,139.86,0.875
2019,11,19,-17.9,0.875,896.83,1,6.59,0.875,120.75,1,72.63,1,6.27,120.51,0.875
2019,11,20,-13.21,1,903.15,1,3.25,1,145.88,1,44.56,1,0.71,86.07,1
2019,11,21,-11.99,1,911.54,1,6.62,1,110.12,1,60.14,1,6.21,104.56,1
2019,11,22,-11.39,1,916.29,1,5.44,1,116,1,63.9,1,4.48,110.92,1
2019,11,23,-11.03,1,908.16,1,3.05,1,166.5,1,53.88,1,2.86,158.2,1
2019,11,24,-15.83,0.75,904.69,1,4.34,0.875,78.5,1,77.26,1,2.85,73.76,0.875
2019,11,25,-13.73,1,913.08,1,7.38,0.75,77.75,1,80.56,1,6.69,44.76,0.75
2019,11,26,-11.84,1,909.25,1,3.51,1,122.62,1,58.53,1,3.04,139.24,1
2019,11,27,-10.67,1,895.38,1,10.4,0.75,95.25,1,85.06,1,6.6,86.21,0.75
2019,11,28,-8.74,1,910.09,1,12.46,0.625,57.12,1,89.74,0.625,12.42,43.37,0.625
2019,11,29,-8.41,1,917.31,1,3.46,1,94.75,1,89.8,0.625,3.25,60.75,1
2019,11,30,-8.28,1,914.69,1,3.67,1,133.38,1,80.88,1,3.14,127.89,1
2019,12,1,-9.54,1,914.3,1,4.26,1,170.88,1,84.53,0.75,2.63,11.02,1
2019,12,2,-9.05,1,919.65,1,5.53,1,52.88,1,95.12,0.625,5.39,50.12,1
2019,12,3,-10.73,1,917.59,1,3.96,1,125.38,1,85.5,0.75,1.88,111.81,1
2019,12,4,-10.9,0.625,911.73,1,2.8,1,204.5,1,91.84,0.625,2.44,210.82,1
2019,12,5,-11.49,1,914.86,1,4.17,0.875,90.5,1,88.28,1,3.65,82.62,0.875
2019,12,6,-9.66,1,915.28,1,5.2,0.875,136.12,1,72.76,1,4.17,140.2,0.875
2019,12,7,-6.89,1,915.95,1,4.91,1,87.25,1,77.57,1,4.53,85.79,1
2019,12,8,-4.11,1,915.79,1,3.46,1,169.88,1,72.21,1,1.78,38.54,1
2019,12,9,-7.79,0.875,916.13,1,3.12,1,169.62,1,88.68,0.75,1.78,221.82,1
2019,12,10,-9.36,0.875,912.58,1,3.65,1,125.38,1,93.9,0.25,0.42,166.57,1
2019,12,11,-8.83,1,913.74,1,5.11,1,91.38,1,87.1,0.625,4.47,90.55,1
2019,12,12,-9.27,0.875,913.9,1,5.26,1,116.25,1,88.56,0.625,4.58,31.77,1
2019,12,13,-10.23,1,918.74,1,5.66,1,62,1,87,0.75,5.03,64.98,1
2019,12,14,-9.44,1,919,1,4.68,1,186,1,92,0.625,4.08,9.15,1
2019,12,15,-10.56,1,925.84,1,6.69,0.875,258.38,1,93.74,1,6.41,254.43,0.875
2019,12,16,-10.04,1,926.38,1,3.79,1,334.75,1,91.33,0.875,3.74,335.63,1
2019,12,17,-10.11,1,917.31,1,4.44,1,102.12,1,84.61,1,4.32,11.58,1
2019,12,18,-6.55,0.25,916.41,1,1.54,1,117.62,1,76.79,1,0.46,94.24,1
2019,12,19,NA,0,923.8,1,1.41,1,155.38,1,69,1,0.27,49.31,1
2019,12,20,-11.52,0.5,925.91,1,2.61,1,177.5,1,70.95,1,2.31,166.08,1
2019,12,21,-11.64,1,914.71,1,5.66,1,140.62,1,64.14,1,5.63,140.11,1
2019,12,22,-12.7,0.875,903.19,1,3.62,1,221.12,1,62.15,1,2.93,205.41,1
2019,12,23,-11.1,0.875,899.05,1,3.3,1,50.38,1,68.6,1,3.01,38.31,1
2019,12,24,-8.65,1,900.24,1,7.29,0.875,49.5,1,79.35,0.75,7.11,45.89,0.875
2019,12,25,-9.08,1,902.19,1,9.75,1,27.62,1,90.67,0.875,9.67,28.01,1
2019,12,26,-8.18,1,900.34,1,4.95,1,172,1,91.93,0.375,3.41,1.05,1
2019,12,27,-9.25,0.5,906.77,1,1.95,1,232.38,1,91.59,1,1.25,24.36,1
2019,12,28,-8.53,0.5,914.75,1,3.36,1,175.88,1,86.98,0.75,2.84,66.97,1
2019,12,29,-9.83,0.75,916.07,1,3,1,173.88,1,90.78,0.75,2.65,157.82,1
2019,12,30,-10.9,1,915.68,1,2.89,1,191,1,86.88,1,2.61,193.02,1
2019,12,31,-11.46,0.875,922.65,1,3.62,1,69,1,86,1,2.34,41.98,1
2020,1,1,-10.23,0.75,918.59,1,2.19,1,224.25,1,85.88,1,2.16,1.43,1
2020,1,2,-11.38,1,910.5,1,4.03,1,44,1,84.88,1,3.75,44.97,1
2020,1,3,-12.4,0.75,906.7,1,2.9,1,160.12,1,68.38,1,1,101.99,1
2020,1,4,-11.47,0.375,908.55,1,1.83,0.75,256,0.75,81.68,1,1.09,258.54,0.75
2020,1,5,-13.55,0.5,908.09,1,1.73,1,310.12,1,79.56,1,1.35,322.84,1
2020,1,6,-13.3,0.5,913.26,1,1.56,1,247.38,1,80.65,1,1.09,348.06,1
2020,1,7,-13.92,1,917.55,1,4.35,1,167,1,80.25,1,4.19,167.83,1
2020,1,8,-14.39,0.875,912.73,1,3.83,1,180.25,1,80.74,1,2.39,216.15,1
2020,1,9,-13.85,1,910.38,1,4.61,1,80.12,1,79.49,1,4.5,77.38,1
2020,1,10,-11.97,0.75,907.1,1,2.21,1,70,1,69.64,1,2.09,72.07,1
2020,1,11,-12.54,0.625,909.5,1,2.2,0.875,151.14,0.875,73.76,1,0.85,17.86,0.875
2020,1,12,-11.64,0.875,913.46,1,2.88,1,158.38,1,79.66,1,1.97,168.05,1
2020,1,13,-12.19,0.875,914.16,1,2.46,1,118.12,1,81.33,1,0.64,125.24,1
2020,1,14,-11.13,1,912.21,1,2.84,1,80.12,1,75.53,1,2.39,82.2,1
2020,1,15,-12.35,0.75,911.73,1,2.89,0.875,30.29,0.875,80.16,1,2.87,29.5,0.875
2020,1,16,-12.32,0.75,912.44,1,2.35,1,285.38,1,81.39,1,2.1,286.9,1
2020,1,17,-11.51,0.875,908,1,3.92,1,211.5,1,85.45,1,3.16,180.85,1
2020,1,18,-14.5,1,900.41,1,4.05,1,165.5,1,77.3,1,3.71,167.11,1
2020,1,19,-13.55,1,898.45,1,2.9,1,225.25,1,75.99,1,1.38,307,1
2020,1,20,-12.35,1,901.86,1,4.35,1,72.25,1,77.96,1,4.2,73.68,1
2020,1,21,-7.86,1,912.42,1,5.49,1,76.88,1,86.34,1,5.33,76.83,1
2020,1,22,-6.57,0.75,918.34,1,2.66,1,119.25,1,67.99,0.875,2.23,88.8,1
2020,1,23,-7.82,0.75,915.84,1,2.89,1,200.62,1,82.5,1,2.62,203.72,1
2020,1,24,-8.98,1,911.49,1,6.35,1,60.5,1,87.75,0.5,6.26,59.8,1
2020,1,25,-7.8,0.375,912.19,1,1.71,0.875,87.5,1,90.59,0.875,1.55,74.48,0.875
2020,1,26,-5.5,0.625,911.29,1,1.96,1,91,1,75.91,1,1.93,90.05,1
2020,1,27,-7.57,0.875,911.23,1,2.55,1,117.38,1,68.5,0.75,2.31,118.41,1
2020,1,28,-8.73,1,911.81,1,2.98,1,192.75,1,70.66,0.875,2.8,192.43,1
2020,1,29,-10.5,0.75,908.7,1,2.79,1,314.75,1,70.53,1,2.55,323.46,1
2020,1,30,-10.4,0.25,910.07,1,1.79,1,130.25,1,68.18,1,1.21,11.24,1
2020,1,31,-7.65,0.5,912.86,1,2.12,1,91.5,1,64.21,1,2,93.84,1
2020,2,1,-6.7,0.25,912.38,1,1.11,1,126.25,1,43.86,1,0.63,110.9,1
2020,2,2,-10.77,0.875,907.03,1,3.66,1,142.12,1,61.81,1,3.52,143.98,1
2020,2,3,-11.42,1,897.86,1,3.64,1,233.88,1,76.49,1,2.58,210.66,1
2020,2,4,-12.08,0.625,895.54,1,2.4,1,171.5,1,74.18,1,1.97,166.16,1
2020,2,5,-9.2,0.375,894.32,1,2.91,1,133,1,71.15,1,2.38,50.32,1
2020,2,6,-6.33,1,892.1,1,6.89,1,113.38,1,74.76,1,6.39,108.42,1
2020,2,7,-8.78,1,901.31,1,5.64,1,78.62,1,87.73,1,5.51,75.1,1
2020,2,8,-8.07,0.875,900.19,1,4.21,1,157.88,1,78.14,1,3.48,144.95,1
2020,2,9,-10.19,1,892.81,1,6.08,1,45,1,91.15,1,5.98,45.4,1
2020,2,10,-7.89,1,906.09,1,6.15,1,70.5,1,96.84,0.625,5.84,20.57,1
2020,2,11,-7.07,0.75,909.35,1,2.58,0.75,91.17,0.75,98.6,0.625,2.42,39.13,0.75
2020,2,12,-8.13,0.375,902.62,1,1.12,0.625,238.6,0.625,96.27,0.75,0.94,214.9,0.625
2020,2,13,-10.81,1,897.57,1,NA,0,NA,0,91.23,1,NA,NA,0
2020,2,14,-15.2,1,901.89,1,NA,0,NA,0,83.75,1,NA,NA,0
2020,2,15,-14.57,1,910.01,1,NA,0,NA,0,84.84,1,NA,NA,0
2020,2,16,-13.15,0.75,910.46,1,NA,0,NA,0,89.51,0.875,NA,NA,0
2020,2,17,-16.28,1,908.13,1,NA,0,NA,0,80,1,NA,NA,0
2020,2,18,-17.16,1,905.11,1,3.26,1,166.75,1,72.35,1,3.19,165.43,1
2020,2,19,-14.11,1,902.74,1,3.95,1,154.25,1,59.69,1,3.36,155.35,1
2020,2,20,-11.7,1,896.85,1,4.71,1,108,1,75.85,1,4.13,103.76,1
2020,2,21,-10.2,0.875,890.61,1,4.84,1,98.38,1,68.7,1,4.55,99.58,1
2020,2,22,-12.24,0.625,888.3,1,4.46,0.875,65.29,0.875,81,1,4.24,70.24,0.875
2020,2,23,-9.89,0.875,899.24,1,4.24,0.625,75.62,1,93.24,1,2.91,57.87,0.625
2020,2,24,-9.15,0.5,898.43,1,2.76,1,217.12,1,91,1,2.51,198.15,1
2020,2,25,-15.4,0.5,900.89,1,2.73,0.375,307.33,0.375,83.36,1,2.73,306.63,0.375
2020,2,26,-13.16,0.625,907.45,1,2.24,0.875,132,0.875,85.43,1,1.76,29.78,0.875
2020,2,27,-20.2,0.25,908.19,1,1.76,1,210.88,1,80.49,1,1.35,280.78,1
2020,2,28,-18.17,0.875,907.56,1,2.95,0.25,216,0.375,80.38,1,2.95,214.2,0.25
2020,2,29,-19.22,0.75,901.93,1,2.64,0.875,175.29,0.875,79.13,1,2.47,173.56,0.875
2020,3,1,-18.75,0.5,883.2,1,2.65,1,198.75,1,76.21,1,2.23,179.68,1
2020,3,2,-27.89,0.875,889.71,1,3.9,1,65.88,1,72.06,1,3.68,26.59,1
2020,3,3,-26.6,1,903.05,1,3.34,1,71.25,1,73.69,1,3.22,33.67,1
2020,3,4,-19.35,0.75,901.41,1,NA,0,NA,0,80.6,1,NA,NA,0
2020,3,5,-19.05,1,899.55,1,NA,0,NA,0,79.75,1,NA,NA,0
2020,3,6,-22.28,1,895.4,1,NA,0,NA,0,76.96,1,NA,NA,0
2020,3,7,-28.6,0.875,884.75,1,NA,0,NA,0,71.56,1,NA,NA,0
2020,3,8,-28.34,0.875,880.85,1,3.67,0.75,60.5,0.75,72.86,1,3.48,56.1,0.75
2020,3,9,-24.16,0.875,885.59,1,3.4,1,68.62,1,75.55,1,3.3,66.17,1
2020,3,10,-19.92,0.75,892.13,1,2.83,0.875,98.25,1,78.74,1,1.87,61.41,0.875
2020,3,11,-21.41,1,890.75,1,2.74,0.875,209.86,0.875,78.15,1,1.39,290.97,0.875
2020,3,12,-23.63,1,902.51,1,1.1,1,142.12,1,75.45,1,0.9,146.96,1
2020,3,13,-23.94,0.875,899.15,1,1.68,0.5,179.5,0.5,75.83,1,1.66,172.85,0.5
2020,3,14,-23.41,0.875,898.78,1,2.79,1,184.38,1,77.63,1,1.83,326.64,1
2020,3,15,-27.09,1,903.4,1,2.73,0.75,265.67,0.75,73.21,1,2.7,265.87,0.75
2020,3,16,-25.64,0.875,903.53,1,NA,0,NA,0,73.71,1,NA,NA,0
2020,3,17,-22.26,0.875,897.66,1,1.88,0.5,192.5,0.5,76.95,1,1.82,193.42,0.5
2020,3,18,-23.94,1,895.44,1,2.31,1,209.62,1,75.65,1,1.84,211.23,1
2020,3,19,-22.99,1,890.55,1,3.89,1,134.62,1,75.51,1,2.94,131.53,1
2020,3,20,-25.53,0.875,896.53,1,3.94,1,254.12,1,73.51,1,3.73,258.99,1
2020,3,21,-27.94,0.875,910.24,1,3.91,1,218,1,72.73,1,2.82,285.36,1
2020,3,22,-26.16,1,906.85,1,2.49,1,232.88,1,73.63,1,1.27,272.51,1
2020,3,23,-30.5,0.875,901.45,1,4.21,1,72.62,1,71.23,1,3.92,34.06,1
2020,3,24,-31.6,0.625,903.94,1,4.64,1,135.62,1,71.51,1,4.57,103.41,1
2020,3,25,-18.4,0.75,893.73,1,6.38,1,94.25,1,75.46,1,6.33,94.36,1
2020,3,26,-12.13,0.875,879.55,1,3.47,0.875,101.29,0.875,87.19,1,3.29,83.11,0.875
2020,3,27,-12.85,1,876.11,1,5.78,0.5,42.33,0.75,87.29,1,5.59,51.7,0.5
2020,3,28,-17.63,0.75,882.1,1,7.24,1,63.25,1,80.83,1,6.86,62.42,1
2020,3,29,-18.3,0.75,886.45,1,5.08,1,84.75,1,80.6,1,4.82,79.69,1
2020,3,30,-20.75,0.5,893.45,1,2.93,0.875,182.57,0.875,77.11,1,0.46,184.52,0.875
2020,3,31,-20.23,0.875,899.7,1,2.91,0.875,231.43,0.875,78.5,1,1.3,264.12,0.875
2020,4,1,-26.86,0.625,897.1,1,1.9,0.625,115.2,0.625,73.1,1,1.62,18.85,0.625
2020,4,2,-21.86,1,890.07,1,NA,0,NA,0,77.04,1,NA,NA,0
2020,4,3,-23.84,0.875,900.24,1,NA,0,NA,0,75.84,1,NA,NA,0
2020,4,4,-16.23,0.875,909.4,1,NA,0,NA,0,82.03,1,NA,NA,0
2020,4,5,-22.96,0.875,907.58,1,NA,0,NA,0,77.25,1,NA,NA,0
2020,4,6,-25.16,1,899.85,1,NA,0,NA,0,75.38,1,NA,NA,0
2020,4,7,-23.36,1,898.51,1,NA,0,NA,0,76.36,1,NA,NA,0
2020,4,8,-26.85,0.5,890.29,1,NA,0,NA,0,72.46,1,NA,NA,0
2020,4,9,-28.25,0.75,890.25,1,NA,0,NA,0,72.44,1,NA,NA,0
2020,4,10,-31.39,1,897.93,1,NA,0,NA,0,70.63,1,NA,NA,0
2020,4,11,-17.83,0.5,896.21,1,6.83,0.375,84.67,0.375,80.9,1,6.73,86,0.375
2020,4,12,-9.74,1,893.36,1,6.26,0.875,47.25,1,93.64,1,5.9,34.59,0.875
2020,4,13,-17.52,0.75,911.13,1,NA,0.125,190.5,1,81.74,1,NA,NA,0.125
2020,4,14,-19.37,0.375,882.69,1,7.2,0.5,93.88,1,81.23,1,6.08,92.26,0.5
2020,4,15,-30.79,0.875,889.8,1,7.02,0.75,151,1,71.36,1,4.67,76.44,0.75
2020,4,16,-27.67,0.75,891.71,1,0.75,0.5,278.25,0.5,72.38,1,0.43,323.44,0.5
2020,4,17,-29.5,0.25,888.91,1,NA,0.125,NA,0.125,74.86,1,NA,NA,0.125
2020,4,18,-12.08,0.5,862.12,1,10.18,0.5,63.62,1,82.9,0.625,10,85.55,0.5
2020,4,19,-26.75,0.75,882.8,1,18.8,0.375,53.5,1,73.14,1,17.38,39.07,0.375
2020,4,20,-33.02,0.75,884.81,1,4.1,1,161.62,1,68.13,1,3.27,156.88,1
2020,4,21,-37.53,0.5,882.7,1,5.32,1,81.75,1,67.13,1,5.28,82.56,1
2020,4,22,-31.64,0.875,886,1,4.26,1,193.25,1,69.88,1,1.77,166.82,1
2020,4,23,-35.28,0.625,893.21,1,5.93,0.875,115.25,1,68.63,1,4.23,76.96,0.875
2020,4,24,-31.88,0.5,882.18,1,4.3,1,179,1,69.59,1,0.79,203.02,1
2020,4,25,-38.2,0.5,894.57,1,7.5,0.875,69.5,1,67.93,1,7.49,61.79,0.875
2020,4,26,-29.95,0.75,899.93,1,4.33,0.875,175.29,0.875,71.63,1,2.24,192.67,0.875
2020,4,27,-28.31,1,907.16,1,3.74,1,252.75,1,72.3,1,3.71,252.78,1
2020,4,28,-26.89,1,912.35,1,4.11,1,176.88,1,72,1,3.01,178.02,1
2020,4,29,-24.56,1,908.93,1,3.06,1,127,1,73.48,1,2.77,120.72,1
2020,4,30,-26.51,1,898.09,1,2.29,0.875,179.14,0.875,71.29,1,1.15,210.7,0.875
2020,5,1,-25.77,0.75,895.78,1,NA,0,NA,0,73.84,1,NA,NA,0
2020,5,2,-22.03,0.5,901.78,1,NA,0,NA,0,74.56,1,NA,NA,0
2020,5,3,-20.11,1,905.65,1,NA,0,NA,0,73.43,1,NA,NA,0
2020,5,4,-31.33,0.875,912.08,1,NA,0,NA,0,70.76,1,NA,NA,0
2020,5,5,-28.78,0.75,901.23,1,NA,0,NA,0,73.38,1,NA,NA,0
2020,5,6,-19.29,0.875,892.01,1,NA,0,NA,0,79.78,1,NA,NA,0
2020,5,7,-19.33,0.875,885.59,1,NA,0,NA,0,79.35,1,NA,NA,0
2020,5,8,-20.06,1,893.65,1,0.98,0.5,41.25,0.5,79.39,1,0.88,31.84,0.5
2020,5,9,-17.67,0.875,897.56,1,0.75,0.5,65.5,0.5,82.16,1,0.54,41.83,0.5
2020,5,10,-27.6,0.75,898.58,1,0.84,0.625,165.88,1,74.44,1,0.74,325.31,0.625
2020,5,11,-25.3,0.875,902.51,1,NA,0,NA,0,75.83,1,NA,NA,0
2020,5,12,-19.24,1,893.45,1,NA,0,NA,0,80.19,1,NA,NA,0
2020,5,13,-30.62,0.625,901.2,1,NA,0,NA,0,70.9,1,NA,NA,0
2020,5,14,-28.73,0.75,894.59,1,NA,0,NA,0,73.14,1,NA,NA,0
2020,5,15,-24.91,0.875,896.61,1,NA,0,NA,0,75.09,1,NA,NA,0
2020,5,16,-25.74,0.875,894.97,1,NA,0,NA,0,74.21,1,NA,NA,0
2020,5,17,-24.06,1,895.99,1,NA,0,NA,0,75.85,1,NA,NA,0
2020,5,18,-26.15,1,902.53,1,NA,0,NA,0,74.05,1,NA,NA,0
2020,5,19,-29.1,0.5,900.88,1,NA,0,NA,0,72,1,NA,NA,0
2020,5,20,-25.43,0.375,893.86,1,NA,0,NA,0,75.21,1,NA,NA,0
2020,5,21,-19.28,0.5,895.96,1,NA,0,NA,0,78.23,1,NA,NA,0
2020,5,22,-26.45,0.5,891.05,1,NA,0,NA,0,73.2,1,NA,NA,0
2020,5,23,-24.73,0.75,882.72,1,NA,0,NA,0,74.79,1,NA,NA,0
2020,5,24,-25.28,1,882.16,1,NA,0,NA,0,74.49,1,NA,NA,0
2020,5,25,-22.99,1,879.76,1,NA,0,NA,0,76.07,1,NA,NA,0
2020,5,26,-22.34,1,886.66,1,NA,0,NA,0,76.68,1,NA,NA,0
2020,5,27,-24.14,1,889.55,1,NA,0,NA,0,75.54,1,NA,NA,0
2020,5,28,-23.02,0.625,881.82,1,NA,0,NA,0,77.1,1,NA,NA,0
2020,5,29,-22.92,1,875.06,1,NA,0,NA,0,76.93,1,NA,NA,0
2020,5,30,-26.69,0.875,879.41,1,NA,0,NA,0,74.7,1,NA,NA,0
2020,5,31,-22.64,0.875,883.73,1,NA,0,NA,0,77.24,1,NA,NA,0
2020,6,1,-27.84,0.875,895.51,1,NA,0,NA,0,72.64,1,NA,NA,0
2020,6,2,-24.72,1,894.25,1,NA,0,NA,0,74.7,1,NA,NA,0
2020,6,3,-26.18,1,900.48,1,NA,0,NA,0,74.25,1,NA,NA,0
2020,6,4,-28.93,0.875,899.05,1,NA,0,NA,0,71.69,1,NA,NA,0
2020,6,5,-33,0.75,883.4,1,NA,0,NA,0,68.91,1,NA,NA,0
2020,6,6,-43.86,0.625,886.84,1,NA,0,NA,0,64.54,1,NA,NA,0
2020,6,7,-34.98,0.75,893.53,1,NA,0,NA,0,68.6,1,NA,NA,0
2020,6,8,-26.83,1,891.43,1,NA,0,NA,0,72.93,1,NA,NA,0
2020,6,9,-21.4,0.75,888.22,1,NA,0,NA,0,77.77,1,NA,NA,0
2020,6,10,-23.08,0.5,885.13,1,NA,0,NA,0,76.04,1,NA,NA,0
2020,6,11,-27.03,0.5,876.21,1,NA,0,NA,0,72.24,1,NA,NA,0
2020,6,12,-28.33,0.875,887.85,1,NA,0,NA,0,73.21,1,NA,NA,0
2020,6,13,-26.23,1,897.63,1,NA,0,NA,0,74.35,1,NA,NA,0
2020,6,14,-31.36,1,899.45,1,NA,0,NA,0,70.99,1,NA,NA,0
2020,6,15,-34.4,0.875,898.71,1,NA,0,NA,0,68.73,1,NA,NA,0
2020,6,16,-39.74,1,890.16,1,NA,0,NA,0,65.8,1,NA,NA,0
2020,6,17,-44.99,0.875,887.58,1,NA,0,NA,0,62.53,1,NA,NA,0
2020,6,18,-40.66,1,883.11,1,NA,0,NA,0,64.31,1,NA,NA,0
2020,6,19,-34.58,1,881.05,1,NA,0,NA,0,67.56,1,NA,NA,0
2020,6,20,-31.27,0.875,878.73,1,NA,0,NA,0,69.9,1,NA,NA,0
2020,6,21,-28.26,0.875,874.14,1,NA,0,NA,0,72.08,1,NA,NA,0
2020,6,22,-20.03,0.375,879.96,1,NA,0,NA,0,77.05,1,NA,NA,0
2020,6,23,-32.8,0.5,890.45,1,NA,0,NA,0,70.93,1,NA,NA,0
2020,6,24,-31.77,0.875,899.51,1,NA,0,NA,0,70.61,1,NA,NA,0
2020,6,25,-24.79,0.875,900.16,1,NA,0,NA,0,75.59,1,NA,NA,0
2020,6,26,-15.7,0.75,897.74,1,NA,0,NA,0,82.28,1,NA,NA,0
2020,6,27,-24.53,0.5,903.7,1,NA,0,NA,0,77.88,1,NA,NA,0
2020,6,28,-19.24,0.625,899.15,1,NA,0,NA,0,78.51,1,NA,NA,0
2020,6,29,-30.29,0.875,919.61,1,NA,0,NA,0,71.23,1,NA,NA,0
2020,6,30,-18.95,0.75,906.98,1,NA,0,NA,0,78.59,1,NA,NA,0
2020,7,1,-11.59,1,907.25,1,NA,0.125,79.5,0.25,87.19,1,NA,NA,0.125
2020,7,2,-14.9,0.5,918.53,1,5.45,0.75,127.88,1,82.16,1,3.98,134.63,0.75
2020,7,3,-17.6,1,905.25,1,3.19,1,207.62,1,80.83,1,3.16,205.74,1
2020,7,4,-25.98,0.625,894.56,1,2.26,1,77,1,74.27,1,2.01,53.39,1
2020,7,5,-25.53,0.375,885.02,1,NA,0.125,NA,0.125,75.68,1,NA,NA,0.125
2020,7,6,-31.88,0.625,882.96,1,6.6,0.5,43,0.5,70.75,1,6.58,41.81,0.5
2020,7,7,-25.99,0.875,898.85,1,1.77,1,67.25,1,74.73,1,1.72,58.75,1
2020,7,8,-24,0.875,905.24,1,0.78,0.625,155.2,0.625,76.03,1,0.24,135.76,0.625
2020,7,9,-28.4,0.875,913.83,1,0.45,0.25,192,0.25,72.06,1,0.31,198.56,0.25
2020,7,10,-26.36,1,917.81,1,0.7,0.25,149.5,0.25,73.41,1,0.68,147.69,0.25
2020,7,11,-27,1,908.73,1,1.59,1,126.25,1,73.43,1,1.58,128.58,1
2020,7,12,-21.13,1,895.55,1,5.72,1,145,1,77.49,1,5.17,145.79,1
2020,7,13,-18.37,0.875,896.45,1,3.16,1,60.12,1,80.74,1,2.97,52.56,1
2020,7,14,-19.52,0.75,896.54,1,1.02,0.75,71.67,0.75,78.94,1,0.83,41.22,0.75
2020,7,15,-24.23,0.875,887.4,1,0.56,0.875,166,0.875,75.49,1,0.25,111.03,0.875
2020,7,16,-28.26,0.875,892.55,1,0.35,0.5,25.25,0.5,73.28,1,0.34,23.54,0.5
2020,7,17,-27.5,0.875,900.35,1,NA,0,NA,0,72.71,1,NA,NA,0
2020,7,18,-26.95,0.75,892.26,1,NA,0,NA,0,72.75,1,NA,NA,0
2020,7,19,-30.93,0.75,885.47,1,NA,0,NA,0,69.55,1,NA,NA,0
2020,7,20,-44.76,0.875,887.85,1,NA,0,NA,0,63.5,1,NA,NA,0
2020,7,21,-36.33,0.5,884.4,1,NA,0,NA,0,67.5,1,NA,NA,0
2020,7,22,-40.95,1,886.4,1,NA,0,NA,0,64.63,1,NA,NA,0
2020,7,23,-44.58,0.5,900.36,1,NA,0,NA,0,66.59,1,NA,NA,0
2020,7,24,-19.03,0.75,893.29,1,NA,0,NA,0,79.88,1,NA,NA,0
2020,7,25,-19.47,0.375,888.06,1,NA,0,NA,0,79.8,1,NA,NA,0
2020,7,26,-29,0.875,901.8,1,NA,0,NA,0,72.55,1,NA,NA,0
2020,7,27,-31.9,1,889.11,1,NA,0,NA,0,70.23,1,NA,NA,0
2020,7,28,-33.78,0.625,896.15,1,NA,0,NA,0,67.71,1,NA,NA,0
2020,7,29,-39.09,1,898.4,1,NA,0,NA,0,66.03,1,NA,NA,0
2020,7,30,-39.51,1,900.01,1,NA,0,NA,0,65.06,1,NA,NA,0
2020,7,31,-36.48,0.75,904.25,1,NA,0,NA,0,66.18,1,NA,NA,0
2020,8,1,-31.03,1,906.48,1,NA,0,NA,0,69.96,1,NA,NA,0
2020,8,2,-32.14,1,897.25,1,NA,0,NA,0,69.63,1,NA,NA,0
2020,8,3,-31.99,1,884.78,1,NA,0,NA,0,69.58,1,NA,NA,0
2020,8,4,-32.84,0.875,889,1,NA,0,NA,0,69.35,1,NA,NA,0
2020,8,5,-25.7,0.75,891.3,1,NA,0.125,NA,0.125,73.95,1,NA,NA,0.125
2020,8,6,-32.96,0.625,880.24,1,1.7,1,127,1,70.51,1,1.12,136.05,1
2020,8,7,-31.48,0.5,882.5,1,2,0.875,79,0.875,71.75,1,1.94,75.63,0.875
2020,8,8,-26.84,0.625,890.7,1,0.8,0.25,199,0.25,71.2,1,0.8,199,0.25
2020,8,9,-36.04,1,901.86,1,NA,0,NA,0,67.28,1,NA,NA,0
2020,8,10,-29.61,1,904.93,1,NA,0,NA,0,70.56,1,NA,NA,0
2020,8,11,-22.72,0.75,904.74,1,1.98,0.5,120,0.5,76.8,1,1.91,115.25,0.5
2020,8,12,-17.37,0.875,896.49,1,4.12,0.625,82,1,82.3,1,4.06,83.91,0.625
2020,8,13,-18.3,0.625,904.8,1,4.29,0.875,109,1,79.96,1,3.6,105.25,0.875
2020,8,14,-19.92,0.75,904.3,1,3.96,1,80.62,1,78.75,1,2.8,42.93,1
2020,8,15,-16.75,1,912.1,1,3.2,1,128.62,1,80.75,1,2.83,109.15,1
2020,8,16,-23.27,0.375,916.16,1,2.34,1,182.25,1,75.21,1,2.19,1.39,1
2020,8,17,-23.03,1,920.04,1,0.77,0.75,283.5,0.75,76.94,1,0.69,292.33,0.75
2020,8,18,-25.15,1,907.89,1,NA,0,NA,0,75.31,1,NA,NA,0
2020,8,19,-33.42,0.75,892.15,1,NA,0,NA,0,69.49,1,NA,NA,0
2020,8,20,-31.9,0.875,899.9,1,NA,0,NA,0,69.75,1,NA,NA,0
2020,8,21,-32.28,1,905.05,1,NA,0,NA,0,69.39,1,NA,NA,0
2020,8,22,-30.72,0.625,890.49,1,NA,0,NA,0,72.63,1,NA,NA,0
2020,8,23,-19.48,1,875.64,1,NA,0,NA,0,80.02,1,NA,NA,0
2020,8,24,-32.1,0.625,890.2,1,NA,0,NA,0,71.25,1,NA,NA,0
2020,8,25,-31.24,1,906.39,1,NA,0,NA,0,70.01,1,NA,NA,0
2020,8,26,-32.58,0.625,911.27,1,NA,0,NA,0,69.35,1,NA,NA,0
2020,8,27,-25.86,0.875,916.08,1,NA,0,NA,0,73.98,1,NA,NA,0
2020,8,28,-23.36,1,918.62,1,NA,0,NA,0,75.78,1,NA,NA,0
2020,8,29,-20.2,1,907.84,1,4.4,0.625,130.8,0.625,76.44,1,4.3,127.34,0.625
2020,8,30,-15.83,1,899.24,1,5.92,0.625,68.88,1,75.95,1,5.18,95.79,0.625
2020,8,31,-11.83,1,905.59,1,7.37,0.875,80.12,1,86.75,1,7.03,73.12,0.875
2020,9,1,-10.22,0.75,902.75,1,6.26,1,95.62,1,77.76,1,6.04,96.82,1
2020,9,2,-12.84,0.625,909.25,1,NA,0.125,39.5,0.25,84.93,1,NA,NA,0.125
2020,9,3,-31.34,0.625,904.36,1,7.79,0.875,197.86,0.875,71.98,1,6.96,200.93,0.875
2020,9,4,-30.47,0.75,890.06,1,6.4,0.875,112.62,1,71.25,1,6.36,90.53,0.875
2020,9,5,-25.57,0.875,885.91,1,2.77,0.75,104.83,0.75,74.3,1,2.57,117.1,0.75
2020,9,6,-34.25,0.5,894.63,1,NA,0,NA,0,70,1,NA,NA,0
2020,9,7,-33.17,0.875,905.96,1,NA,0,NA,0,68.55,1,NA,NA,0
2020,9,8,-32.8,0.5,906.91,1,NA,0,NA,0,70.25,1,NA,NA,0
2020,9,9,-23.16,0.875,898.56,1,NA,0,NA,0,76.25,1,NA,NA,0
2020,9,10,-22.33,1,897.86,1,NA,0,NA,0,77.5,1,NA,NA,0
2020,9,11,-23.53,1,892.91,1,NA,0,NA,0,76.68,1,NA,NA,0
2020,9,12,-31.14,0.875,897.95,1,NA,0,NA,0,70.83,1,NA,NA,0
2020,9,13,-32.94,1,899.74,1,NA,0,NA,0,69.35,1,NA,NA,0
2020,9,14,-38.39,1,901.01,1,NA,0,NA,0,65.95,1,NA,NA,0
2020,9,15,-38.33,0.875,901.64,1,NA,0,NA,0,66.5,1,NA,NA,0
2020,9,16,-34.02,1,897.85,1,NA,0,NA,0,67.88,1,NA,NA,0
2020,9,17,-23.79,0.875,888.06,1,3.1,0.625,191.6,0.625,73.96,1,2.62,187.1,0.625
2020,9,18,-21.05,1,882.74,1,2.38,1,87.75,1,75.51,1,2.34,60.29,1
2020,9,19,-27.35,0.5,887.03,1,1.92,0.75,60.33,0.75,73.86,1,1.7,75.88,0.75
2020,9,20,-22.4,0.875,892.68,1,NA,0,NA,0,76.56,1,NA,NA,0
2020,9,21,-21.31,1,892.94,1,1.84,1,124,1,78.29,1,0.91,44.79,1
2020,9,22,-22.95,1,895.3,1,1.71,0.875,176.29,0.875,76.76,1,1.3,140.49,0.875
2020,9,23,-28.49,0.875,898.43,1,1.74,0.875,190.86,0.875,72.8,1,1.64,186.08,0.875
2020,9,24,-25.8,1,895.31,1,5.6,0.25,283,0.25,74.7,1,5.59,282.68,0.25
2020,9,25,-27.66,0.875,898.93,1,2.94,1,250.88,1,72.81,1,0.12,128.25,1
2020,9,26,-27.62,0.75,900.48,1,3.06,1,106.25,1,73.75,1,1.98,112.47,1
2020,9,27,-24.9,1,899.24,1,3.55,1,239.88,1,74.66,1,2.13,271.73,1
2020,9,28,-32.39,0.875,903.12,1,5.88,1,109.12,1,70.04,1,5.45,21.02,1
2020,9,29,-29.3,1,904.4,1,5.53,1,75.38,1,71.71,1,4.88,70,1
2020,9,30,-17.49,0.875,899.06,1,3.67,1,85.88,1,81.21,1,3.24,90.39,1
2020,10,1,-13.37,1,904.41,1,0.43,0.375,94.8,0.625,82.6,1,0.4,40.8,0.375
2020,10,2,-10.62,0.75,883.71,1,4.85,1,121.25,1,77.35,1,2.88,83.96,1
2020,10,3,-15.28,0.75,886.69,1,6.9,1,49.38,1,83.79,1,6.65,47.17,1
2020,10,4,-13.41,1,894.73,1,1.32,0.625,58,0.625,84.75,1,1.31,61.53,0.625
2020,10,5,-12.73,1,894.29,1,2.17,0.75,113.43,0.875,70.78,1,2.11,126.86,0.75
2020,10,6,-14.13,0.875,889.33,1,2.57,1,182.5,1,74.84,1,1.47,207.96,1
2020,10,7,-16.25,0.75,888.56,1,4.65,1,125.75,1,72.88,1,3.42,101.14,1
2020,10,8,-16.33,0.875,890.15,1,4.47,1,117.12,1,62.5,1,2.4,90.11,1
2020,10,9,-18.89,1,885.26,1,5.99,1,153.25,1,69.25,1,2.56,71.17,1
2020,10,10,-21,0.875,883.86,1,4.54,1,314.12,1,75.44,1,4.42,314.92,1
2020,10,11,-26.21,0.875,884.08,1,2.67,0.875,313.14,0.875,73.94,1,2.62,316.69,0.875
2020,10,12,-20.06,1,887.18,1,2.1,0.5,220.75,0.5,77.99,1,1.85,337.91,0.5
2020,10,13,-25.54,0.875,893.14,1,2.09,1,187.88,1,73.94,1,0.6,324.94,1
2020,10,14,-24.41,1,894.61,1,2.57,0.875,221.25,1,73.26,1,1.95,229.88,0.875
2020,10,15,-23.74,1,890.14,1,3.04,0.875,89.75,1,73.75,1,2.06,55.69,0.875
2020,10,16,-26.31,1,884.33,1,3.71,1,55.88,1,71.31,1,3.62,56.41,1
2020,10,17,-28.58,1,881.94,1,3.94,1,121.62,1,70.36,1,2.42,107.36,1
2020,10,18,-30.57,0.875,877.11,1,5.65,1,137.5,1,69.53,1,4.09,24.04,1
2020,10,19,-31.43,0.75,880.99,1,5.32,1,65.88,1,69.75,1,5.25,64.44,1
2020,10,20,-28.16,0.625,883.84,1,5.2,1,50.38,1,70.44,1,5.12,48.91,1
2020,10,21,-32.4,0.625,877.34,1,3.88,1,135.12,1,70.5,1,2.8,106.9,1
2020,10,22,-25.84,1,870.9,1,3.4,1,286.88,1,71.5,1,2.7,294.02,1
2020,10,23,-28.53,1,883.04,1,4.08,1,36.25,1,71.9,1,3.76,35.07,1
2020,10,24,-25.73,1,893.32,1,2.5,1,62.12,1,73.25,1,2.35,61.72,1
2020,10,25,-28.28,1,888.66,1,3.51,1,199.88,1,71.49,1,3.27,197.76,1
2020,10,26,-29.18,0.75,881.05,1,5.87,0.875,137.25,1,69.88,1,5.1,128.34,0.875
2020,10,27,-27.42,0.625,882.41,1,12.03,1,114.25,1,70.59,1,10.89,116.54,1
2020,10,28,-20.75,0.75,887.44,1,8.69,0.875,123.12,1,76.25,1,7.9,118.09,0.875
2020,10,29,-17.89,1,888.74,1,8.8,1,102.75,1,73.5,1,8.73,103.98,1
2020,10,30,-24.82,0.625,885.26,1,5.62,1,82.5,1,72.38,1,5.51,82.02,1
2020,10,31,-21.97,0.875,881.18,1,3.83,1,193,1,74.31,1,2.22,192.08,1
2020,11,1,-21.91,0.875,884.05,1,2,1,261,1,75.79,1,1.23,265.99,1
2020,11,2,-23.08,1,887.48,1,1.6,1,227,1,75.36,1,1.08,1.68,1
2020,11,3,-24.93,1,877.2,1,2.7,1,116.25,1,73.3,1,2.39,91.78,1
2020,11,4,-25.27,0.75,877.95,1,3.28,1,180.88,1,72.11,1,2.8,182.91,1
2020,11,5,-25.94,1,882.35,1,2.96,1,138.88,1,70.19,1,1.79,37.65,1
2020,11,6,-22.48,1,888.7,1,2.72,1,145.38,1,67.13,1,1.79,150.11,1
2020,11,7,-21.81,1,888.21,1,1.89,1,237,1,66.91,1,0.69,297.96,1
2020,11,8,-26.37,0.875,877.99,1,3.19,1,190,1,69.35,1,1.29,291.64,1
2020,11,9,-26.04,1,880.33,1,2.3,1,91.88,1,70.25,1,1.52,73.3,1
2020,11,10,-27.08,0.75,881.76,1,2.56,1,138.25,1,69.63,1,2.07,148.23,1
2020,11,11,-21.56,1,883.4,1,2.39,1,139.5,1,69.05,1,1.22,120.13,1
2020,11,12,-20.86,1,886.86,1,3.91,1,110.88,1,58.08,1,3.52,114.21,1
2020,11,13,-22.52,0.625,892.96,1,3.99,1,114.12,1,59.49,1,2.56,88.11,1
2020,11,14,-19.77,0.875,894.58,1,5.59,1,116.38,1,62.38,1,5.17,116.52,1
2020,11,15,-16.38,1,899.43,1,7.65,1,109.25,1,63.73,1,7.6,108.89,1
2020,11,16,-16.1,1,898.64,1,7.81,1,117.38,1,63.5,1,7.78,116.88,1
2020,11,17,-18.41,0.875,902.58,1,3.7,1,135,1,67.46,1,1.9,19.71,1
2020,11,18,-18.36,1,905.75,1,3.2,1,131.25,1,72.93,1,1.48,84.95,1
2020,11,19,-17.16,1,903.73,1,3.64,1,169,1,61.63,1,3.32,164.88,1
2020,11,20,-16.64,0.875,903.84,1,2.28,1,70.5,1,58.28,1,1.88,64.98,1
2020,11,21,-16.16,1,910.71,1,3.36,1,61.62,1,56.4,1,3.09,61.03,1
2020,11,22,-14.3,1,912.28,1,3.92,1,106.62,1,58.71,1,3.69,102.36,1
2020,11,23,-11.36,1,907.33,1,3.26,1,168.75,1,51.25,1,2.47,171.08,1
2020,11,24,-13.79,0.875,902.11,1,3.01,1,143.88,1,65.55,1,1.42,171.58,1
2020,11,25,-16.05,0.75,900.54,1,2.49,1,172.5,1,74.09,1,2.25,210.01,1
2020,11,26,-17.23,1,898.03,1,3.45,1,216.38,1,76.29,1,2.57,218.99,1
2020,11,27,-19.14,1,886.39,1,6.76,0.875,166.62,1,74,1,6.72,168.1,0.875
2020,11,28,-17.48,1,887.64,1,5.95,1,220.5,1,74.81,1,5.35,220.01,1
2020,11,29,-15.95,1,895.8,1,9.47,1,252.5,1,75.52,1,9.31,252.87,1
2020,11,30,-16.7,1,901.71,1,4.65,1,239.25,1,66.73,1,4.61,239.33,1
2020,12,1,-15.91,0.875,903.69,1,3.02,1,121.5,1,60.63,1,0.85,51.55,1
2020,12,2,-17.25,1,901.74,1,4.76,1,140.38,1,56.38,1,4.35,146.69,1
2020,12,3,-15.41,0.875,899.02,1,3.5,1,118.5,1,62.25,1,2.78,118.64,1
2020,12,4,-14.49,0.875,893.79,1,3.48,1,123.12,1,55.08,1,2.89,118.39,1
2020,12,5,-15.36,1,892.95,1,4.55,1,82.5,1,74.56,1,4.08,75.31,1
2020,12,6,-14.73,1,888.6,1,6.26,1,148,1,73.54,1,5.98,146.7,1
2020,12,7,-14.96,1,884.61,1,4.31,1,87,1,75.79,1,4.13,87.15,1
2020,12,8,-15.3,1,886.29,1,3.36,1,80.12,1,75.88,1,3.27,79.51,1
2020,12,9,-13.5,0.875,897.35,1,3.48,1,166.38,1,67.13,1,2.01,192.11,1
2020,12,10,-12.86,0.875,899.41,1,3.24,1,170.38,1,77.3,1,1.28,303.89,1
2020,12,11,-13.94,0.625,895.36,1,2.15,1,132,1,75.43,1,1.47,127.14,1
2020,12,12,-11.43,0.375,895.86,1,1.81,0.875,146.43,0.875,68.5,1,1.07,12.45,0.875
2020,12,13,-14.7,1,899.03,1,2.89,1,39,1,77.13,1,2.83,38.23,1
2020,12,14,-11.87,0.75,900.39,1,2.33,0.875,101.43,0.875,69.5,1,2,102.22,0.875
2020,12,15,-12.68,0.5,897.85,1,1.8,1,134.38,1,71.61,1,1.72,133.79,1
2020,12,16,-12.18,0.5,892.5,1,2.22,1,73.75,1,57.15,1,2.08,64.99,1
2020,12,17,-9.64,1,894.37,1,3.64,1,93.62,1,65.24,1,3.27,91.32,1
2020,12,18,-6.33,1,891.29,1,3.64,1,126.88,1,72.91,1,3.4,122.56,1
2020,12,19,-9.46,1,888.46,1,3.2,1,55.5,1,79.14,1,2.56,55.87,1
2020,12,20,-8.24,1,892.25,1,4.08,1,76.75,1,75.78,1,3.79,78.66,1
2020,12,21,-8.19,1,892.66,1,3.51,0.875,163.88,1,77.25,1,3.18,160.79,0.875
2020,12,22,-10.84,1,893.54,1,9.23,0.75,39.62,1,83.94,1,9.22,29.68,0.75
2020,12,23,-8.57,0.875,899.5,1,5.29,1,76.38,1,85.63,1,4.71,60.66,1
2020,12,24,-8.83,0.75,907.66,1,2.48,1,279.5,1,75.38,1,2.08,296.55,1
2020,12,25,-7.62,0.75,912.89,1,2.58,1,23.88,1,68.46,1,2.49,21.98,1
2020,12,26,-9.71,0.875,902.55,1,2.86,1,83.88,1,67.21,1,2.44,84.17,1
2020,12,27,-9.68,0.625,894.47,1,2.11,1,241.38,1,69.89,1,1.47,239.01,1
2020,12,28,-11.65,1,900.19,1,5.51,1,211.5,1,83.75,1,4.95,354.32,1
2020,12,29,-9.63,1,887.51,1,5.89,1,133,1,86.01,1,3.65,120.34,1
2020,12,30,-11.9,1,887.59,1,7.25,1,306.38,1,82.63,1,6.34,309.92,1
2020,12,31,-10.83,1,893.61,1,6.61,1,99.88,1,85.5,1,4.67,42.62,1
2021,1,1,-11.1,1,886.38,1,4.92,1,88.12,1,83.74,1,3.66,87.44,1
2021,1,2,-8.41,1,887.31,1,4.9,1,97.5,1,76.5,1,4.63,94.94,1
2021,1,3,-8.41,0.875,885.99,1,4.04,1,121.62,1,57.06,1,1.95,80.85,1
2021,1,4,-9,0.875,891.64,1,4.06,1,82.62,1,70.84,1,4.01,83.3,1
2021,1,5,-9.14,0.625,888.79,1,2.19,1,151.25,1,76.51,1,1.27,215.03,1
2021,1,6,-11.72,0.625,891.89,1,3.53,0.75,53.62,1,83.25,1,3.22,41.53,0.75
2021,1,7,-9.36,1,892.25,1,4.12,1,135.25,1,72.91,1,3.5,130.52,1
2021,1,8,-11.41,1,896.65,1,3.99,1,55,1,77.91,1,3.95,53.96,1
2021,1,9,-8.7,0.875,904.48,1,3.12,1,110.12,1,72.8,1,2.27,106.9,1
2021,1,10,-8,0.875,900.23,1,2.7,1,122.38,1,59.58,1,2.5,117.41,1
2021,1,11,-8.13,0.75,900.82,1,2.19,1,143.88,1,60.23,1,2,147.12,1
2021,1,12,-11.11,1,899.25,1,4.91,1,76.88,1,82.31,1,3.61,61.46,1
2021,1,13,-12.92,1,902.97,1,4.75,1,70.12,1,76.09,1,4.61,67.62,1
2021,1,14,-9.4,1,906.41,1,2.98,1,98,1,69.5,1,2.69,98.07,1
2021,1,15,-9.91,0.875,902.25,1,2.81,1,87,1,65.75,1,2.66,87.54,1
2021,1,16,-9.6,0.875,898.16,1,2.8,1,129.25,1,59.75,1,1.93,142.65,1
2021,1,17,-11,0.875,901.59,1,3.52,1,124.38,1,66.39,1,1.8,55.02,1
2021,1,18,-9.59,1,915.46,1,5.34,1,268.5,1,72.63,1,4.89,268.63,1
2021,1,19,-9.86,0.875,924.18,1,5.62,1,210.5,1,82.96,1,5.2,346.1,1
2021,1,20,-12.05,0.75,916.14,1,2.33,0.75,135.33,0.75,81.51,1,0.91,178.98,0.75
2021,1,21,-13.9,0.875,909.91,1,3.87,0.875,133.62,1,76.6,1,3.77,124.4,0.875
2021,1,22,-12.88,0.625,908.46,1,4.45,1,110.12,1,69.66,1,3.9,45.72,1
2021,1,23,-11.11,0.875,898.24,1,3.45,1,83.62,1,81.08,1,3.12,43.6,1
2021,1,24,-8.5,1,891.25,1,7.04,1,67.38,1,88.09,1,6.78,65.17,1
2021,1,25,-11.1,1,897.4,1,8.56,1,35.62,1,85.45,1,8.19,37.1,1
2021,1,26,-10.61,1,907.24,1,8.29,1,63,1,87.38,1,8,18.62,1
2021,1,27,-9.48,0.625,906.48,1,3.6,0.875,204.88,1,88.5,1,3.02,5.2,0.875
2021,1,28,-12.45,0.25,909.63,1,2,1,173.75,1,85.39,1,0.63,113.53,1
2021,1,29,-14.41,1,898.86,1,8.16,0.875,127.25,1,73.38,1,8.03,132.99,0.875
2021,1,30,-10.69,1,892.65,1,3.8,1,60,1,83.88,1,3.19,54.5,1
2021,1,31,-8.71,0.875,896,1,3.44,1,121.88,1,88.99,1,2.9,37.49,1
2021,2,1,-10.48,0.625,898,1,2.1,0.875,89.14,0.875,83.95,1,1.02,72.17,0.875
2021,2,2,-12.2,0.875,897.99,1,3.29,1,244.5,1,84.39,1,2.95,231.68,1
2021,2,3,-17.74,0.875,896.81,1,3.89,1,112.5,1,80.31,1,3.67,23.85,1
2021,2,4,-17.79,0.875,891.01,1,3,1,61,1,81.38,1,2.88,57.59,1
2021,2,5,-20.75,0.75,887.6,1,3.17,1,105,1,78.68,1,2.19,81.13,1
2021,2,6,-17.17,1,885.46,1,3.83,1,86.88,1,80.38,1,3.17,88.88,1
2021,2,7,-19.92,0.5,885.71,1,3.19,0.875,144.12,1,76.8,1,0.43,131.45,0.875
2021,2,8,-21.9,0.5,899.34,1,3.56,1,54.75,1,79,1,3.32,44.45,1
2021,2,9,-13.14,1,892.16,1,3.14,1,184.25,1,70.5,1,1.29,179.7,1
2021,2,10,-12.22,0.75,887.51,1,2.31,1,248.75,1,59.13,1,1.37,286.01,1
2021,2,11,-13.44,1,893.7,1,4.01,1,244,1,65.68,1,3.75,237.74,1
2021,2,12,-16.14,0.625,894.7,1,2.9,1,267.62,1,78.36,1,2.55,252.03,1
2021,2,13,-21.22,0.625,892.03,1,3.35,1,108.12,1,76.28,1,2.85,36.65,1
2021,2,14,-18.6,0.25,891.19,1,1.62,1,166,1,78.09,1,0.84,64.92,1
2021,2,15,-15.73,0.5,889.35,1,1.93,1,211.5,1,78.08,1,1.39,226.78,1
2021,2,16,-21.28,0.625,893,1,3.64,1,277.25,1,73,1,3.2,322.34,1
2021,2,17,-18.83,1,893.55,1,3.91,1,140.75,1,73.3,1,2.15,107.79,1
2021,2,18,-17.84,0.625,895.72,1,2.41,1,138.75,1,75.38,1,0.97,132.24,1
2021,2,19,-18.31,0.875,902.71,1,3.06,1,115.88,1,75.61,1,2.2,130.56,1
2021,2,20,-15,0.5,902.86,1,1.93,1,192.25,1,50.31,1,0.64,170.34,1
2021,2,21,-17.48,0.625,900.84,1,2.76,1,285.12,1,57.4,1,2.57,294.13,1
2021,2,22,-17.73,0.875,896.36,1,3.4,1,144.5,1,63.4,1,3.15,133.83,1
2021,2,23,-17.38,0.5,894.14,1,3.31,1,148.25,1,60.81,1,1.57,70.31,1
2021,2,24,-23.19,1,894.03,1,4.69,1,60.25,1,75.7,1,4.52,60.29,1
2021,2,25,-19.65,1,897.09,1,5.33,0.875,82.5,1,78.73,1,5.19,86.52,0.875
2021,2,26,-17.7,1,896.38,1,5.47,1,90,1,79.86,1,5.32,87.22,1
2021,2,27,-20.84,0.625,894.59,1,5.1,1,89.25,1,75.31,1,4.66,85.99,1
2021,2,28,-20.51,0.875,892.84,1,4.69,1,69.25,1,77.31,1,4.34,68.01,1
2021,3,1,-20.63,0.875,894.58,1,1.79,1,69.12,1,77.54,1,1.54,73.87,1
2021,3,2,-19.73,1,897.37,1,2.76,0.875,78.71,0.875,72.81,1,2.43,86.85,0.875
2021,3,3,-22.06,1,902.05,1,3.7,1,262,1,73.71,1,3.56,301.39,1
2021,3,4,-26.33,0.875,907.64,1,3.95,1,145.25,1,72.56,1,3.1,1.1,1
2021,3,5,-28.72,0.625,911.6,1,2.79,1,49,1,70.16,1,2.77,56.24,1
2021,3,6,-27.97,1,910.55,1,NA,0.125,NA,0.125,71.23,1,NA,NA,0.125
2021,3,7,-32.83,0.75,911.56,1,3.92,1,171.38,1,67.35,1,0.9,233.73,1
2021,3,8,-30.28,0.625,909.8,1,4.76,1,122.5,1,69.59,1,3.79,114.46,1
2021,3,9,-26,0.625,901.46,1,4.59,1,154.12,1,65.04,1,4.25,154.12,1
2021,3,10,-29.1,0.875,902.8,1,3.98,1,133,1,65.91,1,3.65,131.25,1
2021,3,11,-27.56,1,903.16,1,2.92,1,187.5,1,69.9,1,2.76,187.03,1
2021,3,12,-27.56,1,897.28,1,3.19,1,263.25,1,70.75,1,2.78,253.95,1
2021,3,13,-30.79,1,896.75,1,3.35,1,313.5,1,69.05,1,3.26,313.64,1
2021,3,14,-27.86,0.875,898.21,1,3.04,1,233.88,1,71.28,1,2.75,359.9,1
2021,3,15,-24.7,1,892.99,1,1.44,1,159.75,1,74.09,1,0.74,132.46,1
2021,3,16,-38.78,0.625,902.29,1,4.25,1,121.88,1,65.49,1,3.42,36.89,1
2021,3,17,-33.79,1,903.81,1,2.96,1,156.88,1,67.14,1,2.4,155.48,1
2021,3,18,-28.23,0.75,895.18,1,3.22,1,169.62,1,70.76,1,1.9,186.32,1
2021,3,19,-29.37,0.75,891.84,1,2.79,1,90.62,1,69.1,1,2.37,89.25,1
2021,3,20,-38.72,0.5,891.14,1,3.7,1,71.5,1,68.24,1,3.66,69.09,1
2021,3,21,-26.45,0.5,894.32,1,3.88,1,86.62,1,72.46,1,3.86,87.27,1
2021,3,22,-22.43,0.75,896.73,1,5.23,1,98.75,1,71.88,1,4.75,97.95,1
2021,3,23,-26,0.875,891.26,1,8.05,1,90.75,1,71.25,1,7.87,91.17,1
2021,3,24,-20.63,0.5,894,1,5.04,1,98.25,1,62.93,1,3.72,103.25,1
2021,3,25,-17.07,0.375,899.79,1,5.2,1,95.25,1,75.6,1,4.74,89.28,1
2021,3,26,-8.48,0.75,896.36,1,3.6,0.875,124.38,1,63.13,1,2.19,100.61,0.875
2021,3,27,-16.9,1,903.11,1,8.09,1,96.88,1,71.86,1,8.02,96.69,1
2021,3,28,-15.73,0.75,904.08,1,7.91,1,115,1,68.25,1,7.82,114.19,1
2021,3,29,-18.6,0.875,896.09,1,4.91,1,149.88,1,67.29,1,4.03,139.76,1
2021,3,30,-23.56,0.625,891.55,1,2.59,1,196.88,1,73.45,1,1.68,326.72,1
2021,3,31,-36.47,0.375,895.45,1,1.05,0.5,33.75,0.5,71.19,1,1.05,38.1,0.5
2021,4,1,-24.59,0.875,883.74,1,6.38,0.5,105.83,0.75,67.99,1,6.31,98.01,0.5
2021,4,2,-21.95,0.5,882.79,1,4.66,1,212.88,1,62.09,1,0.54,147.78,1
2021,4,3,-23.23,0.875,885.85,1,3.5,1,203.75,1,75.13,1,1.99,328.89,1
2021,4,4,-20.59,0.875,879.93,1,2.44,1,233.38,1,74.79,1,0.24,283.91,1
2021,4,5,-21.13,1,882.96,1,3.39,1,276.75,1,76.73,1,2.83,318.78,1
2021,4,6,-24.29,0.875,889.19,1,3.27,0.75,51.33,0.75,75.38,1,3.24,50.11,0.75
2021,4,7,-26.38,1,888.5,1,NA,0,NA,0,73.75,1,NA,NA,0
2021,4,8,-22.43,1,886.38,1,NA,0,NA,0,77,1,NA,NA,0
2021,4,9,-31.38,0.75,891.15,1,NA,0,NA,0,69.84,1,NA,NA,0
2021,4,10,-30.43,0.75,904.34,1,0.55,0.75,144.33,0.75,71.08,1,0.35,24.97,0.75
2021,4,11,-27.52,0.75,893.14,1,0.89,1,63.38,1,72.08,1,0.82,63.56,1
2021,4,12,-36.47,0.75,889.65,1,0.85,0.25,52.5,0.25,67.78,1,0.84,50.99,0.25
2021,4,13,-33.79,1,892.3,1,NA,0,NA,0,68,1,NA,NA,0
2021,4,14,-36.4,1,894.11,1,NA,0,NA,0,67.05,1,NA,NA,0
2021,4,15,-38.33,0.875,903.26,1,NA,0,NA,0,65.69,1,NA,NA,0
2021,4,16,-35.56,1,917.66,1,NA,0,NA,0,66.63,1,NA,NA,0
2021,4,17,-28.22,0.75,914.14,1,NA,0,NA,0,69.23,1,NA,NA,0
2021,4,18,-28.21,0.875,903.26,1,1.9,0.375,252,0.375,66.9,1,1.83,199.63,0.375
2021,4,19,-35.81,0.875,891.7,1,3.16,1,190.75,1,67,1,2.08,269.75,1
2021,4,20,-38.48,0.75,888.84,1,3.31,1,61.88,1,64.51,1,3.22,17.93,1
2021,4,21,-41.63,0.875,888.79,1,1.45,1,34.38,1,64.15,1,1.39,38,1
2021,4,22,-38.9,0.75,897.06,1,0.91,0.875,33.57,0.875,65.99,1,0.89,32.27,0.875
2021,4,23,-34.12,0.75,901.23,1,NA,0,NA,0,66.13,1,NA,NA,0
2021,4,24,-30.2,0.375,891.78,1,NA,0,NA,0,68.88,1,NA,NA,0
2021,4,25,-38.3,0.875,899.69,1,NA,0,NA,0,65.49,1,NA,NA,0
2021,4,26,-37.28,0.5,909.85,1,10.7,0.25,116,0.25,67.5,1,10.7,116.04,0.25
2021,4,27,NA,0.125,886.04,1,15.1,0.625,84.12,1,77.69,1,10.65,40.58,0.625
2021,4,28,-28,0.625,889.34,1,7.55,0.5,80.62,1,74.04,1,6.45,35.46,0.5
2021,4,29,-22.6,0.75,883.84,1,5.92,0.625,99.12,1,73.38,1,4.43,115.46,0.625
2021,4,30,-29.21,1,896.38,1,7.82,1,43.75,1,72.15,1,7.35,37.34,1
2021,5,1,-27.15,0.75,896.89,1,2.59,1,118.12,1,74.15,1,2.08,111.33,1
2021,5,2,-21.53,0.5,890.53,1,1.07,0.875,128.43,0.875,77.11,1,0.78,120.12,0.875
2021,5,3,-18.84,1,887.04,1,4.65,1,70,1,80.54,1,4.57,68.85,1
2021,5,4,-28.98,0.75,891.34,1,2.36,0.625,48,0.625,72.39,1,2.32,53.88,0.625
2021,5,5,-29.6,0.875,897.65,1,NA,0,NA,0,71.88,1,NA,NA,0
2021,5,6,-31.76,0.875,903,1,NA,0,NA,0,70.19,1,NA,NA,0
2021,5,7,-29.87,0.875,910.38,1,NA,0,NA,0,70.98,1,NA,NA,0
2021,5,8,-23.2,1,904.5,1,NA,0,NA,0,75.45,1,NA,NA,0
2021,5,9,-23.13,1,898.96,1,NA,0,NA,0,76.5,1,NA,NA,0
2021,5,10,-24.58,1,895.45,1,NA,0,NA,0,72.81,1,NA,NA,0
2021,5,11,-25.2,1,892.91,1,NA,0,NA,0,36.79,1,NA,NA,0
2021,5,12,-24.44,1,888.05,1,NA,0,NA,0,39.55,1,NA,NA,0
2021,5,13,-29.36,0.875,888.29,1,NA,0,NA,0,68.6,1,NA,NA,0
2021,5,14,-32.1,0.625,889.85,1,NA,0,NA,0,69.15,1,NA,NA,0
2021,5,15,-29.19,0.875,896.05,1,NA,0,NA,0,71.25,1,NA,NA,0
2021,5,16,-34.96,1,909.66,1,NA,0,NA,0,67.36,1,NA,NA,0
2021,5,17,-36.92,0.625,898.96,1,NA,0,NA,0,65.89,1,NA,NA,0
2021,5,18,-36.84,1,904.83,1,NA,0,NA,0,66.25,1,NA,NA,0
2021,5,19,-34.74,1,907.29,1,NA,0,NA,0,67.45,1,NA,NA,0
2021,5,20,-31.7,1,896.08,1,8.08,0.625,149.8,0.625,69.8,1,7.95,149.4,0.625
2021,5,21,-23.8,0.375,889.26,1,5.3,0.625,239.88,1,70.78,1,2.46,280.19,0.625
2021,5,22,-28.75,0.25,909.48,1,7.81,1,72.38,1,73.15,1,7.39,74.27,1
2021,5,23,-14.96,1,901.15,1,8.1,1,47.75,1,84.53,1,8.02,47.61,1
2021,5,24,-16.35,0.75,898.74,1,7.42,0.75,59,1,81.8,1,7.17,41.86,0.75
2021,5,25,-14.99,1,904.23,1,1.55,1,59.12,1,84.49,1,1.49,52.6,1
2021,5,26,-11.39,1,911.36,1,3.9,0.625,69.62,1,88.29,1,3.64,72.36,0.625
2021,5,27,-11.94,1,918.09,1,3.25,1,82.75,1,87.38,1,2.75,83.47,1
2021,5,28,-14.1,0.875,919.36,1,2.64,1,43.38,1,85,1,2.51,41.73,1
2021,5,29,-15.23,0.875,915.75,1,1.45,1,87.5,1,84,1,1.41,83.46,1
2021,5,30,-16.43,1,905.7,1,2.67,1,49.88,1,83.38,1,2.65,47.74,1
2021,5,31,-20.9,0.875,900.75,1,1.48,1,51.88,1,78.68,1,1.44,50.96,1
2021,6,1,-22.92,0.75,907.12,1,0.55,0.75,83.33,0.75,77.96,1,0.52,80.13,0.75
2021,6,2,-23.99,1,911.8,1,NA,0,NA,0,76.6,1,NA,NA,0
2021,6,3,-28.34,0.625,915.98,1,NA,0,NA,0,75.38,1,NA,NA,0
2021,6,4,-14.23,0.875,897.96,1,NA,0,NA,0,85.74,1,NA,NA,0
2021,6,5,-14.36,1,899.01,1,NA,0,NA,0,85.16,1,NA,NA,0
2021,6,6,-22.1,0.75,902.76,1,NA,0,NA,0,77.26,1,NA,NA,0
2021,6,7,-24.64,1,905.36,1,NA,0,NA,0,75.48,1,NA,NA,0
2021,6,8,-27.23,1,899.15,1,NA,0,NA,0,73.61,1,NA,NA,0
2021,6,9,-33.82,0.75,893.65,1,NA,0,NA,0,70.25,1,NA,NA,0
2021,6,10,-23.46,1,894.98,1,NA,0,NA,0,76.59,1,NA,NA,0
2021,6,11,-20.39,0.875,902.86,1,NA,0,NA,0,78.07,1,NA,NA,0
2021,6,12,-22.94,1,897.61,1,NA,0,NA,0,75.06,1,NA,NA,0
2021,6,13,-20.21,1,896.04,1,NA,0,NA,0,78.23,1,NA,NA,0
2021,6,14,-20.65,0.75,896.54,1,NA,0,NA,0,76.76,1,NA,NA,0
2021,6,15,-25.44,1,890.68,1,NA,0,NA,0,74.48,1,NA,NA,0
2021,6,16,-24.5,0.5,873.21,1,NA,0,NA,0,76.04,1,NA,NA,0
2021,6,17,-23.46,0.625,885.81,1,12.55,0.25,51.67,0.375,76.83,1,12.55,45.55,0.25
2021,6,18,-25.46,0.875,897.23,1,3.17,0.875,119.12,1,74.49,1,1.61,152.45,0.875
2021,6,19,-22.1,0.625,887.51,1,3.16,0.875,224.86,0.875,76.58,1,1.11,17.53,0.875
2021,6,20,-25.55,0.75,877.68,1,6.34,1,108.5,1,75.31,1,5.83,103.43,1
2021,6,21,-24.64,0.875,884.45,1,4.94,0.875,88,0.875,75.9,1,4.8,82.29,0.875
2021,6,22,-22.2,1,889.26,1,6.68,0.75,98.67,0.75,77.13,1,6.62,96.53,0.75
2021,6,23,-24.24,1,895.19,1,8.54,1,93.38,1,75.94,1,8.36,94.23,1
2021,6,24,-24.15,0.75,898.41,1,4.29,0.875,77.88,1,75.77,1,3.47,72.06,0.875
2021,6,25,-20.96,1,895.06,1,3.51,1,115.75,1,76.13,1,3.22,115.05,1
2021,6,26,-25.47,0.75,898.99,1,3.06,1,38.88,1,73.1,1,2.69,40.65,1
2021,6,27,-27.69,1,906.19,1,NA,0.125,NA,0.125,72.94,1,NA,NA,0.125
2021,6,28,-32.58,0.5,902.68,1,NA,0,NA,0,69.43,1,NA,NA,0
2021,6,29,-33.3,0.5,890.82,1,NA,0,NA,0,68.99,1,NA,NA,0
2021,6,30,-35.74,1,890.95,1,NA,0,NA,0,67.88,1,NA,NA,0
2021,7,1,-27.4,0.375,884.74,1,NA,0,NA,0,73.44,1,NA,NA,0
2021,7,2,-18.77,0.75,886.35,1,NA,0,NA,0,78.75,1,NA,NA,0
2021,7,3,-25.51,0.875,897.34,1,NA,0,NA,0,74.94,1,NA,NA,0
2021,7,4,-25.7,1,896.99,1,NA,0,NA,0,74.73,1,NA,NA,0
2021,7,5,-22.5,0.75,896.82,1,NA,0,NA,0,76.2,1,NA,NA,0
2021,7,6,-32.98,0.75,895.4,1,NA,0,NA,0,69.55,1,NA,NA,0
2021,7,7,-30.63,0.5,899.1,1,NA,0,NA,0,71.68,1,NA,NA,0
2021,7,8,-24.42,0.625,893.06,1,NA,0,NA,0,75.29,1,NA,NA,0
2021,7,9,-19.28,1,899.7,1,NA,0,NA,0,80.05,1,NA,NA,0
2021,7,10,-25.68,0.75,906.14,1,NA,0,NA,0,74,1,NA,NA,0
2021,7,11,-26.09,0.875,910.65,1,1.34,0.625,18.2,0.625,74.66,1,1.31,19.26,0.625
2021,7,12,-20.12,0.625,908.94,1,NA,0,NA,0,78.59,1,NA,NA,0
2021,7,13,-24.53,1,904.21,1,NA,0,NA,0,75.31,1,NA,NA,0
2021,7,14,-20.07,0.875,895.73,1,NA,0,NA,0,79.5,1,NA,NA,0
2021,7,15,-20.48,1,902.2,1,NA,0,NA,0,78.74,1,NA,NA,0
2021,7,16,-16.49,1,905.45,1,NA,0,NA,0,82.25,1,NA,NA,0
2021,7,17,-18.85,1,903.07,1,NA,0,NA,0,80.55,1,NA,NA,0
2021,7,18,-24.24,0.875,896.5,1,NA,0,NA,0,75.75,1,NA,NA,0
2021,7,19,-22.46,0.875,896.56,1,NA,0,NA,0,76.91,1,NA,NA,0
2021,7,20,-18.97,0.875,905.6,1,NA,0,NA,0,79.74,1,NA,NA,0
2021,7,21,-16.56,1,899.99,1,NA,0,NA,0,82.05,1,NA,NA,0
2021,7,22,-18.86,1,899.65,1,NA,0.125,NA,0.125,80.54,1,NA,NA,0.125
2021,7,23,-21.17,0.75,905.15,1,0.45,0.25,46,0.25,79.2,1,0.45,46.56,0.25
2021,7,24,-21.22,0.625,900.54,1,NA,0,NA,0,78.24,1,NA,NA,0
2021,7,25,-32.2,0.75,897.88,1,NA,0,NA,0,70.5,1,NA,NA,0
2021,7,26,-35.21,1,902.43,1,NA,0,NA,0,68.41,1,NA,NA,0
2021,7,27,-30.61,0.875,904.74,1,NA,0,NA,0,70.2,1,NA,NA,0
2021,7,28,-32.3,1,907.23,1,NA,0,NA,0,69.25,1,NA,NA,0
2021,7,29,-32.76,1,913.35,1,NA,0,NA,0,69.61,1,NA,NA,0
2021,7,30,-31.31,1,919.39,1,NA,0,NA,0,70.55,1,NA,NA,0
2021,7,31,-32.84,1,904.69,1,NA,0,NA,0,69.6,1,NA,NA,0
2021,8,1,-38.44,1,882.5,1,NA,0,NA,0,66.35,1,NA,NA,0
2021,8,2,-38.56,1,890.4,1,NA,0,NA,0,65.63,1,NA,NA,0
2021,8,3,-37.72,1,903.7,1,NA,0,NA,0,66.11,1,NA,NA,0
2021,8,4,-38.96,1,897.73,1,NA,0,NA,0,65.95,1,NA,NA,0
2021,8,5,-35.96,1,893.64,1,NA,0,NA,0,67.09,1,NA,NA,0
2021,8,6,-41.23,1,900.95,1,NA,0,NA,0,65.23,1,NA,NA,0
2021,8,7,-42.55,1,903.85,1,NA,0,NA,0,63.86,1,NA,NA,0
2021,8,8,-40.47,0.75,898.79,1,NA,0,NA,0,65.31,1,NA,NA,0
2021,8,9,-37.11,1,889,1,NA,0,NA,0,66.38,1,NA,NA,0
2021,8,10,-35.72,0.75,909.36,1,NA,0,NA,0,66.18,1,NA,NA,0
2021,8,11,-27.45,0.75,917.81,1,NA,0,NA,0,71.98,1,NA,NA,0
2021,8,12,-34.35,0.75,905.19,1,NA,0,NA,0,68.3,1,NA,NA,0
2021,8,13,-44.44,0.875,904.29,1,NA,0,NA,0,63.06,1,NA,NA,0
2021,8,14,-38.95,1,912.05,1,NA,0,NA,0,65.29,1,NA,NA,0
2021,8,15,-37.04,1,915.75,1,NA,0,NA,0,66.09,1,NA,NA,0
2021,8,16,-38.93,1,911.48,1,NA,0,NA,0,65.53,1,NA,NA,0
2021,8,17,-37.05,1,906.46,1,NA,0,NA,0,66.09,1,NA,NA,0
2021,8,18,-34.63,1,898.05,1,NA,0,NA,0,67.38,1,NA,NA,0
2021,8,19,-30.34,1,893.71,1,NA,0,NA,0,69.94,1,NA,NA,0
2021,8,20,-34.35,0.75,893.8,1,NA,0,NA,0,68.01,1,NA,NA,0
2021,8,21,-33.1,0.625,893.79,1,NA,0,NA,0,68.25,1,NA,NA,0
2021,8,22,-25.32,0.75,893.98,1,NA,0,NA,0,74.58,1,NA,NA,0
2021,8,23,-27.48,0.625,892.55,1,NA,0,NA,0,72.59,1,NA,NA,0
2021,8,24,-20.57,0.75,890.88,1,NA,0,NA,0,76.88,1,NA,NA,0
2021,8,25,-22.5,0.75,889.49,1,NA,0,NA,0,76.43,1,NA,NA,0
2021,8,26,-27.93,0.875,892.8,1,NA,0,NA,0,73.25,1,NA,NA,0
2021,8,27,-28.4,0.75,888.65,1,NA,0,NA,0,73.11,1,NA,NA,0
2021,8,28,-30.41,0.875,881.19,1,NA,0,NA,0,70.86,1,NA,NA,0
2021,8,29,-30.8,0.75,888.91,1,NA,0,NA,0,71.28,1,NA,NA,0
2021,8,30,-28.26,1,894.59,1,NA,0,NA,0,72.71,1,NA,NA,0
2021,8,31,-33.38,0.75,888.35,1,NA,0,NA,0,68.16,1,NA,NA,0
2021,9,1,-38.28,0.625,886.69,1,NA,0,NA,0,66.25,1,NA,NA,0
2021,9,2,-30.15,0.5,885.01,1,NA,0,NA,0,69.31,1,NA,NA,0
2021,9,3,-33.26,0.875,878.79,1,NA,0,NA,0,69.25,1,NA,NA,0
2021,9,4,-32.18,0.5,875.9,1,NA,0,NA,0,68.63,1,NA,NA,0
2021,9,5,-26.47,0.875,872.74,1,1.1,0.875,106.86,0.875,74.13,1,1,114.17,0.875
2021,9,6,-29.33,0.875,882.43,1,0.82,0.5,83,0.5,72,1,0.71,83.36,0.5
2021,9,7,-30.8,0.75,892.15,1,NA,0,NA,0,70.73,1,NA,NA,0
2021,9,8,-28.96,0.875,886.16,1,NA,0,NA,0,71.48,1,NA,NA,0
2021,9,9,-35.02,0.75,882.46,1,NA,0,NA,0,68.44,1,NA,NA,0
2021,9,10,-27.11,1,886.43,1,NA,0,NA,0,72.09,1,NA,NA,0
2021,9,11,-32.4,0.75,882.8,1,NA,0,NA,0,70.63,1,NA,NA,0
2021,9,12,-35.96,0.875,877.81,1,NA,0,NA,0,68.88,1,NA,NA,0
2021,9,13,-41.6,0.75,885.89,1,NA,0,NA,0,65.04,1,NA,NA,0
2021,9,14,-32.07,0.75,890.64,1,NA,0,NA,0,69.25,1,NA,NA,0
2021,9,15,-22.08,0.75,877.64,1,NA,0,NA,0,76.38,1,NA,NA,0
2021,9,16,-32.4,0.625,873.99,1,NA,0,NA,0,68.63,1,NA,NA,0
2021,9,17,-30.41,0.875,888.65,1,NA,0,NA,0,71.75,1,NA,NA,0
2021,9,18,-19.16,0.875,898.45,1,NA,0,NA,0,79.34,1,NA,NA,0
2021,9,19,-16.8,1,901.93,1,NA,0,NA,0,81.85,1,NA,NA,0
2021,9,20,-20.48,0.625,904.56,1,4.38,0.75,81,0.25,77.96,1,4.32,80.11,0.25
2021,9,21,-31.18,0.75,900.38,1,2.55,1,213.5,1,71.1,1,1.19,282.47,1
2021,9,22,-25.26,1,898.25,1,2.14,1,187.38,1,75.15,1,1.28,236.98,1
2021,9,23,-26.49,0.875,893.52,1,4.89,1,91,1,72.18,1,4.88,91.02,1
2021,9,24,-17.4,0.875,886.51,1,3.95,1,109.62,1,78.93,1,3.74,105.93,1
2021,9,25,-20.4,0.75,882.01,1,2.7,1,242.88,1,79.5,1,2.13,253.92,1
2021,9,26,-23.24,0.875,881.93,1,2.64,1,255.25,1,75.95,1,1.75,282.52,1
2021,9,27,-22.5,1,876.05,1,1.68,1,202.62,1,78.05,1,1.28,194.87,1
2021,9,28,-24.33,0.875,879.79,1,2.27,0.875,147.71,0.875,77,1,1.38,126.07,0.875
2021,9,29,-30.2,0.375,878.03,1,4.49,1,142.88,1,69.73,1,1.29,10.73,1
2021,9,30,-33.86,1,884.3,1,4.58,1,57.75,1,68.18,1,4.47,58.24,1
2021,10,1,-29.09,0.875,882.05,1,2.86,0.875,148.43,0.875,71.74,1,2.13,149.05,0.875
2021,10,2,-25.27,0.75,880.44,1,8.75,0.5,100.38,1,75.46,1,8.21,94.19,0.5
2021,10,3,-27.31,0.875,885.01,1,7.61,1,95.75,1,73.81,1,7.38,93.87,1
2021,10,4,-25.15,1,892.47,1,5.97,1,123.62,1,74.63,1,5.63,121.47,1
2021,10,5,-18.18,0.75,888.65,1,2.41,1,151.5,1,79.88,1,1.55,158.63,1
2021,10,6,-23.24,0.875,878.06,1,3.94,1,147.38,1,76.23,1,2.81,138.96,1
2021,10,7,NA,0,891.44,1,6.29,1,71.38,1,73.25,1,5.99,69.3,1
2021,10,8,-19.33,0.5,897.52,1,3.29,1,156.75,1,79.5,1,1.87,351.83,1
2021,10,9,-18.03,0.875,898.37,1,2.5,1,159.38,1,80.69,1,1.7,87.91,1
2021,10,10,-18.58,0.5,897.28,1,3.78,1,146.88,1,79.21,1,2.24,138.21,1
2021,10,11,-29.8,1,898.28,1,4.14,1,48.38,1,72.05,1,3.66,55.99,1
2021,10,12,-21.04,0.875,901.95,1,2.15,1,158,1,79.86,1,0.88,163.87,1
2021,10,13,-22.43,1,899.28,1,3.55,1,160.38,1,76.41,1,2.79,159.18,1
2021,10,14,-23.88,0.625,892.04,1,4.12,1,129,1,75.48,1,2.53,133.85,1
2021,10,15,-31.02,0.625,890.46,1,4.68,1,84,1,71.73,1,4.25,82.92,1
2021,10,16,-33.94,0.625,891.49,1,3.85,1,65.12,1,70.66,1,3.79,62.99,1
2021,10,17,-27.35,1,891.21,1,4.31,1,128,1,72.94,1,2.9,123.88,1
2021,10,18,-27.62,0.625,891.55,1,4.9,1,81.38,1,72.48,1,4.45,70.88,1
2021,10,19,-26.34,0.625,889.47,1,3.83,1,163.12,1,75.3,1,2.55,161.98,1
2021,10,20,-30.7,1,887.8,1,3.83,1,67.88,1,70.99,1,3.77,69.23,1
2021,10,21,-26.83,0.75,890.39,1,2.61,1,148.12,1,73.88,1,0.89,171.31,1
2021,10,22,-28.19,1,886.54,1,3.58,1,240.38,1,76.16,1,2.7,281.87,1
2021,10,23,-28.2,0.5,883.53,1,2.61,1,276.38,1,75.53,1,2.02,292.01,1
2021,10,24,-25.46,1,888.57,1,2.31,1,91,1,75.95,1,2,5.06,1
2021,10,25,-22.41,1,896.98,1,3.2,1,71.5,1,78.03,1,2.73,82.17,1
2021,10,26,-19.46,1,895.34,1,9.59,1,89.38,1,79.55,1,9.47,87.99,1
2021,10,27,-18.66,1,888.09,1,5.96,1,88.75,1,78.45,1,5.87,89.86,1
2021,10,28,-15.46,1,888.94,1,3.84,1,101.5,1,73.39,1,3.6,98.06,1
2021,10,29,-14.33,0.75,892.22,1,3.84,1,61.12,1,63.5,1,3.64,63.42,1
2021,10,30,-19.3,0.75,891.32,1,2.19,1,148.25,1,68.13,1,1.56,81.7,1
2021,10,31,-20.64,0.625,887,1,2.1,0.875,68.29,0.875,68.5,1,1.97,63.82,0.875
2021,11,1,-22.03,0.75,891.39,1,2.62,1,128.62,1,69.94,1,1.98,31.06,1
2021,11,2,-22.12,1,895.14,1,1.89,1,212.62,1,71.25,1,1,199.62,1
2021,11,3,-23.47,0.75,893.96,1,3.52,1,122.75,1,70.61,1,2.68,123.12,1
2021,11,4,-25.42,0.75,885.8,1,5.71,1,92.25,1,68.5,1,5.46,85.89,1
2021,11,5,-20.54,1,885.56,1,5.62,1,117.25,1,67.29,1,4.83,109.69,1
2021,11,6,-18.56,0.875,888.28,1,4.03,1,86.12,1,61.63,1,3.68,83.39,1
2021,11,7,-18.47,0.875,895.41,1,4.82,1,94.38,1,57.25,1,4.69,97.37,1
2021,11,8,-20.87,0.75,892.41,1,4.14,1,63.88,1,63.56,1,3.85,64.33,1
2021,11,9,-18.89,0.875,896.25,1,3.9,1,60.25,1,68.55,1,3.78,57.92,1
2021,11,10,-18.44,1,892.85,1,2.83,1,61.25,1,77.85,1,2.78,58.78,1
2021,11,11,-19.58,1,890.19,1,2.29,1,152.12,1,77.81,1,1.29,31.08,1
2021,11,12,-20.37,0.875,889.85,1,3.51,0.875,155.62,1,76.74,1,2.43,168.58,0.875
2021,11,13,-20.77,0.875,893.65,1,3.63,0.875,79.75,1,77.45,1,3.58,83.59,0.875
2021,11,14,-18.8,0.625,885.41,1,3.09,1,192.88,1,75.6,1,2.66,205.26,1
2021,11,15,-21.83,1,881.53,1,4,1,69.88,1,72.68,1,3.93,69.77,1
2021,11,16,-18.7,0.875,885.4,1,4.61,1,110.25,1,71.43,1,4.33,109.07,1
2021,11,17,-19.37,1,888.69,1,5.38,1,86.5,1,64.93,1,5.29,85.47,1
2021,11,18,-15.76,1,892.03,1,3.58,1,94.12,1,66.28,1,3.26,92.16,1
2021,11,19,-13.8,1,894.18,1,2.64,1,172.88,1,61,1,1.81,67.79,1
2021,11,20,-15.26,1,899.03,1,3.08,1,96.12,1,69.36,1,2.32,97.52,1
2021,11,21,-16,1,889.08,1,6.99,1,156.38,1,64.48,1,6.7,156.56,1
2021,11,22,-13.91,1,878.11,1,6.68,1,101.62,1,77.04,1,6.15,104.48,1
2021,11,23,-10.6,1,885.5,1,7.34,1,85.88,1,75.84,1,7.17,82.86,1
2021,11,24,-10,1,889.52,1,3.39,1,132.38,1,65.25,1,1.88,124.26,1
2021,11,25,-10.46,0.625,889.32,1,4.44,1,123.12,1,77.6,1,3.06,355.78,1
2021,11,26,-11.44,1,893.5,1,3.59,1,80.12,1,77.26,1,3.06,75.98,1
2021,11,27,-10.56,1,894.6,1,2.7,1,180,1,57.86,1,1.89,158.28,1
2021,11,28,-11.88,1,899.78,1,3.76,1,152.12,1,70.49,1,2.71,31.84,1
2021,11,29,-10.52,1,903.65,1,3.35,1,83.12,1,72.28,1,3.13,82.89,1
2021,11,30,-7.54,0.875,901.84,1,2.34,1,126.12,1,74.71,1,1.99,124.34,1
2021,12,1,-10.01,1,898.04,1,2.88,1,211.25,1,79.04,1,2.77,212.29,1
2021,12,2,-11.92,0.625,893.96,1,2.79,1,109.25,1,75.4,1,2.35,115.7,1
2021,12,3,-12.94,1,892.54,1,3.79,1,93.38,1,80.5,1,3.22,99.45,1
2021,12,4,-14.13,0.75,895.44,1,2.41,1,66.5,1,79.99,1,1.83,76.3,1
2021,12,5,-15.06,0.875,893.24,1,3.56,1,108.38,1,80.34,1,2.77,112.86,1
2021,12,6,-15.11,1,888.11,1,4.04,1,118.62,1,79.85,1,2.9,126.05,1
2021,12,7,-16.99,0.875,884.21,1,3.29,1,124.5,1,77.58,1,1.75,43.73,1
2021,12,8,-16.5,0.375,883.39,1,2,1,223,1,79.14,1,0.61,28.35,1
2021,12,9,-15.38,1,875.03,1,5.75,1,128.5,1,76.2,1,5.35,125.52,1
2021,12,10,-11.51,1,873.58,1,5.97,1,100.62,1,77.74,1,5.73,101.28,1
2021,12,11,-10.91,0.875,882.39,1,3.83,1,73.62,1,77.2,1,3.71,74.96,1
2021,12,12,-11.23,1,890.06,1,3.65,1,100.25,1,73.85,1,3.29,100.88,1
2021,12,13,-10.84,0.875,889.64,1,3.36,1,143.62,1,74.6,1,2.94,135.15,1
2021,12,14,-10.55,1,893.7,1,7.19,1,120.88,1,71.59,1,7.11,120.96,1
2021,12,15,-10.08,1,895.5,1,5.74,1,132.25,1,69.46,1,5.57,132.79,1
2021,12,16,-10.7,0.875,897.49,1,3.67,1,104.12,1,70.83,1,2.62,78.53,1
2021,12,17,-10.75,0.75,894.26,1,2.65,1,196.38,1,69.71,1,1.89,6.27,1
2021,12,18,-10.13,1,892.51,1,5.55,1,151,1,75.69,1,5.36,148.63,1
2021,12,19,-8.35,1,891.9,1,8.14,1,116.38,1,77.35,1,7.3,117.56,1
2021,12,20,-8.95,1,898.43,1,5.54,1,55.62,1,87.04,1,5.34,58.75,1
2021,12,21,-7.81,0.875,900.76,1,2.91,1,131.25,1,82,1,2.26,122.5,1
2021,12,22,-9.5,1,893.56,1,5,1,200.12,1,82.98,1,4.86,199.03,1
2021,12,23,-10.26,0.875,891.13,1,2.59,1,129.5,1,86.14,1,2.01,135.24,1
2021,12,24,-11.03,0.75,891.61,1,2.54,0.875,124.43,0.875,85.75,1,0.8,15.05,0.875
2021,12,25,-12.08,1,893.16,1,3.66,1,77.12,1,84.63,1,3.52,77.7,1
2021,12,26,-11.63,1,894.5,1,5.39,1,38.5,1,85.23,1,4.88,42.71,1
2021,12,27,-8.01,1,896.5,1,4.33,0.875,54.5,1,87.49,1,3.76,44.43,0.875
2021,12,28,-9.57,0.75,894.2,1,2.83,1,144.75,1,67.41,1,2.8,144.86,1
2021,12,29,-9.92,0.75,897.21,1,3,1,110.12,1,63.58,1,2.68,96.63,1
2021,12,30,-8.66,1,899.77,1,5.1,1,97.12,1,72.51,1,5.08,97.15,1
2021,12,31,-6.78,0.75,900.05,1,2.29,1,72.5,1,67.19,1,2.07,75.74,1
