Year,Month,Day,Temperature(¡æ),wt_T,Pressure(hPa),wt_P,Wind Speed(m/s),wt_WS,Wind Direction,wt_WD,Relative Humidity(%),wt_RH,Vector Wind Speed(m/s),Vector Wind Direction(¡ã),wt_V
2011,1,1,NA,0,NA,0,NA,0,NA,0,NA,0,NA,NA,0
2011,1,2,NA,0,NA,0,NA,0,NA,0,NA,0,NA,NA,0
2011,1,3,NA,0,NA,0,NA,0,NA,0,NA,0,NA,NA,0
2011,1,4,NA,0,NA,0,NA,0,NA,0,NA,0,NA,NA,0
2011,1,5,NA,0,NA,0,NA,0,NA,0,NA,0,NA,NA,0
2011,1,6,NA,0,NA,0,NA,0,NA,0,NA,0,NA,NA,0
2011,1,7,NA,0,NA,0,NA,0,NA,0,NA,0,NA,NA,0
2011,1,8,NA,0,NA,0,NA,0,NA,0,NA,0,NA,NA,0
2011,1,9,NA,0,NA,0,NA,0,NA,0,NA,0,NA,NA,0
2011,1,10,NA,0,NA,0,NA,0,NA,0,NA,0,NA,NA,0
2011,1,11,NA,0,NA,0,NA,0,NA,0,NA,0,NA,NA,0
2011,1,12,NA,0,NA,0,NA,0,NA,0,NA,0,NA,NA,0
2011,1,13,NA,0,NA,0,NA,0,NA,0,NA,0,NA,NA,0
2011,1,14,NA,0,NA,0,NA,0,NA,0,NA,0,NA,NA,0
2011,1,15,NA,0,NA,0,NA,0,NA,0,NA,0,NA,NA,0
2011,1,16,NA,0,NA,0,NA,0,NA,0,NA,0,NA,NA,0
2011,1,17,NA,0,NA,0,NA,0,NA,0,NA,0,NA,NA,0
2011,1,18,NA,0,NA,0,NA,0,NA,0,NA,0,NA,NA,0
2011,1,19,-3.2,0.875,971.32,1,4.71,0.875,271.57,0.875,88.73,0.875,4.52,279.28,0.875
2011,1,20,-3.1,0.25,967.31,1,1.4,1,194.12,1,90.26,1,1.07,301.1,1
2011,1,21,-3.75,1,964.16,1,4.9,0.875,112.25,1,79.95,1,4.62,21.1,0.875
2011,1,22,-4.24,0.625,963.14,1,2.4,0.625,126,1,87.84,1,2.39,138.37,0.625
2011,1,23,-4.56,0.625,961.01,1,2.08,0.75,285,1,72.99,1,1.75,291.83,0.75
2011,1,24,-6.04,0.875,961.4,1,6.94,0.625,247.88,1,76.22,1,6.87,286.64,0.625
2011,1,25,-6.17,0.875,965.69,1,4.7,0.625,284.12,1,82.47,1,4.56,275.01,0.625
2011,1,26,-5.1,1,967.65,1,10.12,0.5,281.12,1,89,1,9.73,282.79,0.5
2011,1,27,-5.91,1,967.85,1,6.8,0.75,281.75,1,85.1,1,6.61,281.38,0.75
2011,1,28,-5.82,1,961.98,1,11.6,0.75,299.62,1,83.24,1,11.37,295.42,0.75
2011,1,29,-5.51,0.875,958.92,1,6.66,0.625,248.62,1,66.04,1,6.02,313.09,0.625
2011,1,30,-5.94,1,955.88,1,14.85,0.25,92.5,1,76.75,1,14.78,11.63,0.25
2011,1,31,-7.71,1,959.52,1,11.63,0.75,36.62,1,64.66,1,11.37,27.21,0.75
2011,2,1,-9.6,0.375,962.72,1,2.02,0.75,68.25,1,64.06,1,1.55,117.65,0.75
2011,2,2,-8.2,0.25,962.14,1,0.93,0.875,90.57,0.875,63.95,1,0.67,65.6,0.875
2011,2,3,-6.53,1,962.74,1,7.75,0.25,81.25,1,72.33,1,7.51,21.73,0.25
2011,2,4,-6.3,0.75,964.2,1,2.2,0.625,164.38,1,80.61,1,0.78,6.82,0.625
2011,2,5,-8.63,0.75,958.66,1,3.93,0.875,107.38,1,79.7,1,3.79,109.18,0.875
2011,2,6,-6.93,0.375,956.76,1,1.7,1,115.88,1,88.46,1,1.25,101.66,1
2011,2,7,-4.1,0.75,951.66,1,5.02,0.625,120.62,1,87.55,1,4.32,105.7,0.625
2011,2,8,-5.73,0.375,954.34,1,2.26,1,110.88,1,80.12,1,2,85.98,1
2011,2,9,NA,0.125,952.68,1,0.66,1,184,1,77.89,1,0.35,273.35,1
2011,2,10,-8.7,0.375,948.62,1,1.89,0.875,231.29,0.875,77.84,1,0.64,306.74,0.875
2011,2,11,-8.76,0.625,949.98,1,2.16,1,193.5,1,92.89,1,1.55,278.54,1
2011,2,12,-4.65,0.5,958.21,1,1.84,0.625,221.12,1,87.34,1,1.6,348.46,0.625
2011,2,13,-4.3,1,966.24,1,6.69,1,115.38,1,80.66,1,6.17,116.33,1
2011,2,14,-7.4,0.875,957.61,1,8.5,0.625,242.88,1,79.26,1,8.38,265.16,0.625
2011,2,15,-8.19,0.875,940.45,1,4.17,0.375,149.25,1,88.39,1,3.44,165.46,0.375
2011,2,16,-7.5,1,943.66,1,7.45,0.25,51.25,1,77.11,1,7.36,47.79,0.25
2011,2,17,-4.91,1,944.39,1,7.9,0.5,113.88,1,93.6,1,7.88,110.81,0.5
2011,2,18,-2.99,1,943.29,1,7.17,0.75,120.25,1,94.83,1,7.03,125.67,0.75
2011,2,19,-2.84,0.625,940.45,1,3.89,0.875,159,1,96.4,1,2.32,110.83,0.875
2011,2,20,-3.21,1,948.04,1,NA,0,115.12,1,85.7,1,NA,NA,0
2011,2,21,-1.4,1,953.32,1,7.36,0.625,84.75,1,90.61,1,7.01,76.48,0.625
2011,2,22,-2.24,1,963.92,1,5.79,1,95.88,1,89.69,1,5.34,99.51,1
2011,2,23,-5.69,1,950.38,1,7.42,0.5,132.14,0.875,94.39,1,6.8,129.28,0.5
2011,2,24,-7.99,0.875,940.41,1,6.58,0.5,225.38,1,70.33,1,5.92,287.42,0.5
2011,2,25,-9.73,0.75,944.21,1,3.34,1,108.88,1,89.12,1,3.13,107.36,1
2011,2,26,-10.33,0.75,948.32,1,2.96,1,127.88,1,92.46,1,2.85,128.03,1
2011,2,27,-7.81,0.875,942.18,1,2.97,0.375,153.25,1,93.71,1,2.69,138.84,0.375
2011,2,28,-5.79,1,936.51,1,4.07,0.75,165.38,1,94.95,1,2.69,172.81,0.75
2011,3,1,-5.46,1,944.39,1,5.7,0.375,101,1,88.6,1,5.45,107.44,0.375
2011,3,2,-6.55,1,949.4,1,3.45,0.5,137,1,93.75,1,2.75,126.82,0.5
2011,3,3,-10.6,1,950.26,1,1.29,0.875,188.5,1,75.62,1,0.76,329.72,0.875
2011,3,4,-11.71,1,949.06,1,1.26,0.875,232.29,0.875,68.04,1,1.04,319.54,0.875
2011,3,5,-11.76,1,953.2,1,3.35,1,289.38,1,83.45,1,3.26,287.19,1
2011,3,6,-13.22,1,955.08,1,5.19,0.875,307.75,1,83.53,1,4.8,312.43,0.875
2011,3,7,-13.64,1,953.8,1,5.96,0.875,276.62,1,83,1,5.45,322.08,0.875
2011,3,8,-14.3,1,957.68,1,2.93,0.875,268.62,1,86.67,1,2.52,286.79,0.875
2011,3,9,-16.14,1,959.96,1,9.52,0.75,287.62,1,71.94,1,9.39,284.91,0.75
2011,3,10,-13.8,1,959.25,1,17.29,0.875,287.62,1,70.64,1,17.03,288.57,0.875
2011,3,11,-11.13,0.875,964.6,1,1.13,0.75,160.62,1,51.67,1,0.61,94.32,0.75
2011,3,12,-6.61,1,968.65,1,2.03,0.875,147.38,1,78.66,1,0.16,59.98,0.875
2011,3,13,-2.38,1,960.81,1,8.7,0.75,80.5,1,89.96,1,8.16,84.53,0.75
2011,3,14,-1.1,1,954.79,1,NA,0.125,55.12,1,86.66,1,NA,NA,0.125
2011,3,15,-2.92,1,951.18,1,6.23,0.375,186.75,1,92.45,1,6.19,114.54,0.375
2011,3,16,-2.56,1,961.74,1,12.2,0.375,233.12,1,78.51,1,10.72,344.58,0.375
2011,3,17,-5.9,0.875,963.71,1,2,0.625,238.25,1,81.38,1,1.02,333.84,0.625
2011,3,18,-7.46,1,957.48,1,1.72,0.75,108.75,1,85.53,1,0.97,100.78,0.75
2011,3,19,-3.83,1,950.36,1,8.7,0.625,103.88,1,95.79,1,7.67,112.91,0.625
2011,3,20,-7.29,1,962.09,1,3.3,0.875,144.25,1,91.55,1,2.47,107.1,0.875
2011,3,21,-5.58,1,963.74,1,1.52,1,146.5,1,93.08,1,0.4,41.38,1
2011,3,22,-5.11,1,963.52,1,1.95,1,99.62,1,87.62,1,1.69,87.64,1
2011,3,23,-10.81,1,966.68,1,1.7,1,163.88,1,83.08,1,0.91,49.67,1
2011,3,24,-14.36,1,970.8,1,3.16,0.875,284.29,0.875,79.17,1,2.7,295.75,0.875
2011,3,25,-15.96,1,973.48,1,0.88,1,216,1,78.61,1,0.57,332.08,1
2011,3,26,-10.34,1,967.69,1,2.11,1,188.75,1,85.72,1,0.78,144.07,1
2011,3,27,-8.56,1,960,1,6.96,0.875,112.25,1,86.2,1,6.65,111.14,0.875
2011,3,28,-9.03,1,958.12,1,7.14,1,117,1,92.7,1,6.71,116.67,1
2011,3,29,-8.04,0.875,960.34,1,1.98,0.75,143.5,1,91.79,1,0.99,111.01,0.75
2011,3,30,-9.11,0.875,958.95,1,1.89,0.875,114.25,1,91.35,1,1.59,98.91,0.875
2011,3,31,-7.53,0.75,960.04,1,17.6,0.25,76.25,1,87.79,1,16.87,55.17,0.25
2011,4,1,-13.61,1,964.86,1,1.12,0.75,144,1,83.84,1,0.85,126.05,0.75
2011,4,2,-8.72,1,962.8,1,2.76,0.875,123.25,1,88.86,1,1.7,99.77,0.875
2011,4,3,-8.7,1,960.9,1,8.92,0.75,117.88,1,93.05,1,8.83,117.75,0.75
2011,4,4,-7.49,1,957.28,1,3.49,0.875,127.12,1,93.47,1,3.31,122.61,0.875
2011,4,5,-11.14,1,959.28,1,10.28,0.5,263.88,1,89.6,1,9.24,270.52,0.5
2011,4,6,-15.7,1,967.76,1,2.58,0.75,194.25,1,79.76,1,1.85,305.12,0.75
2011,4,7,-19.06,1,972.71,1,1.82,0.625,218,0.875,80.85,1,0.83,283.24,0.625
2011,4,8,-17.66,1,967.64,1,11.6,0.5,287.25,1,81.19,1,11.36,292.03,0.5
2011,4,9,-18.35,0.75,970.85,1,17.12,0.5,281.12,1,59.86,1,16.7,281.63,0.5
2011,4,10,-9.53,1,976.35,1,5.75,0.5,237.88,1,86.67,1,5.62,285.33,0.5
2011,4,11,-5.22,1,983.99,1,13.32,0.5,281.62,1,92.33,1,13.18,273.38,0.5
2011,4,12,-5.44,1,985.04,1,17.1,0.875,277.62,1,89.5,1,16.94,278.48,0.875
2011,4,13,-7.76,1,979.75,1,17.59,0.875,283.12,1,83.72,1,17.54,282.54,0.875
2011,4,14,-5.99,0.875,970.11,1,15.78,0.625,260.75,1,60.08,1,15.75,293.75,0.625
2011,4,15,-15.86,0.875,961.12,1,1.56,0.875,176.12,1,83.38,1,0.97,273.86,0.875
2011,4,16,-16.19,1,953.81,1,1.71,1,156,1,86.79,1,1.08,319.6,1
2011,4,17,-19.11,1,953.5,1,3.17,1,277.62,1,84.47,1,3.13,275.12,1
2011,4,18,-20.08,1,958.65,1,1.4,0.875,319.14,0.875,83.9,1,1.15,315.71,0.875
2011,4,19,-23.1,1,958.98,1,0.74,0.875,58,1,80.84,1,0.65,41.28,0.875
2011,4,20,-25.06,1,956.49,1,11.03,0.375,198.25,1,73.74,1,8.86,293.75,0.375
2011,4,21,-22.7,0.875,950.59,1,3.58,0.625,252.12,1,81.71,1,2.43,278.77,0.625
2011,4,22,-21.12,0.75,951.12,1,2.5,0.75,167.5,1,85.05,1,0.58,314.15,0.75
2011,4,23,-7.39,0.875,951.25,1,18.25,0.5,73.75,1,90.22,1,18.24,80.39,0.5
2011,4,24,-18.27,0.75,954.85,1,2.62,1,143.75,1,82.29,1,1.36,92.71,1
2011,4,25,-20.17,1,956.38,1,2.15,1,130.25,1,84.2,1,0.91,118.34,1
2011,4,26,-16.15,1,952.76,1,2.3,1,129.25,1,79.5,1,1.4,83.42,1
2011,4,27,-16.16,1,944.82,1,6.52,0.75,98.88,1,85.12,1,6.26,108.71,0.75
2011,4,28,-19.3,0.875,943.91,1,1.08,0.75,195.17,0.75,84.28,1,0.28,317.88,0.75
2011,4,29,-19.85,1,948.58,1,12.88,0.625,294.12,1,83.2,1,12.66,301.23,0.625
2011,4,30,-21.1,1,957.34,1,2.5,0.625,174.62,1,83.01,1,1.15,55.94,0.625
2011,5,1,-21.14,1,961.82,1,0.61,0.875,112.71,0.875,83.04,1,0.45,24.35,0.875
2011,5,2,-22.2,1,950.46,1,3.43,0.75,113.25,1,81.67,1,3.29,110.91,0.75
2011,5,3,-18.73,1,942.11,1,3.51,0.875,184.25,1,76.66,1,0.37,335.08,0.875
2011,5,4,-20.31,1,948.49,1,2.96,0.625,207.38,1,70.65,1,1.1,280.11,0.625
2011,5,5,-24.36,1,950.84,1,4.5,0.625,262,1,78.8,1,3.57,317.11,0.625
2011,5,6,-26.01,1,951.46,1,2.75,1,255,1,78.44,1,2.08,308.44,1
2011,5,7,-21.84,0.875,939.15,1,4.7,0.375,101.12,1,81.5,1,1.55,58.87,0.375
2011,5,8,-18.69,1,930.66,1,15.83,0.375,224.12,1,81.4,1,15.73,319.88,0.375
2011,5,9,-13.96,0.875,930.3,1,NA,0.125,50.25,1,81.76,1,NA,NA,0.125
2011,5,10,-12.03,0.75,937.55,1,NA,0,59,1,83.06,1,NA,NA,0
2011,5,11,-5.82,0.75,940.11,1,22.9,0.25,110.75,1,89.39,1,22.9,48.53,0.25
2011,5,12,-6.42,0.75,947.6,1,NA,0.125,114.88,1,88.4,1,NA,NA,0.125
2011,5,13,-2.99,1,939.85,1,NA,0,76.5,1,95.88,1,NA,NA,0
2011,5,14,-4.38,1,943.46,1,NA,0,135.75,1,91.11,1,NA,NA,0
2011,5,15,-6.46,0.875,940.18,1,5.33,0.75,139.75,1,81.39,1,3.78,336.73,0.75
2011,5,16,-10.97,1,946.32,1,4.44,0.625,221.62,1,90.75,1,3.44,281.44,0.625
2011,5,17,-15.76,1,950.92,1,8.6,0.5,290.5,1,83.95,1,7.82,280.7,0.5
2011,5,18,-16.52,1,952.8,1,16.38,0.625,287.88,1,73.14,1,16.21,286.97,0.625
2011,5,19,-12.85,1,957.02,1,1.71,0.875,191.62,1,43.3,1,0.97,333.15,0.875
2011,5,20,-11.27,0.875,957.46,1,1.46,1,161.38,1,51.25,1,0.74,308.49,1
2011,5,21,-12.6,0.875,940.48,1,8.38,0.5,103.75,1,90.08,1,8.33,105.55,0.5
2011,5,22,-7.11,1,926.04,1,14.8,0.25,78,1,93.69,1,14.79,76.93,0.25
2011,5,23,-8.9,1,938.5,1,9.15,0.5,297.5,1,80.84,1,9.11,303.5,0.5
2011,5,24,-12.16,1,949.25,1,0.86,0.625,243.5,0.75,87.97,1,0.65,2.14,0.625
2011,5,25,-15.9,1,954.4,1,1.45,1,99.38,1,86.58,1,1.34,99.52,1
2011,5,26,-9.21,1,945.62,1,2.77,0.375,84.88,1,88.25,1,2.39,110.95,0.375
2011,5,27,-9.7,1,939.7,1,12.92,0.625,80.12,1,85.2,1,12.37,88.14,0.625
2011,5,28,-11.14,1,938.36,1,15.32,0.625,103.5,1,91.09,1,15.3,106.88,0.625
2011,5,29,-13.03,1,940.74,1,8.67,0.375,147.62,1,89.67,1,2.62,137.99,0.375
2011,5,30,-10.99,1,937.36,1,NA,0.125,102.75,1,89.79,1,NA,NA,0.125
2011,5,31,-13.26,1,957.62,1,2.43,0.75,193,1,87.54,1,0.18,199.62,0.75
2011,6,1,-15.5,1,964.44,1,1.37,0.875,241.88,1,82.41,1,0.39,285.88,0.875
2011,6,2,-11.38,0.625,940.94,1,NA,0.125,75,1,90.17,1,NA,NA,0.125
2011,6,3,-8.74,1,938.91,1,10.95,0.25,170,1,85.49,1,8.82,346.56,0.25
2011,6,4,-15.5,0.875,964.56,1,8.85,0.25,246,1,83.69,1,8.43,303.54,0.25
2011,6,5,-13.38,0.5,970.74,1,5.82,0.625,80.38,1,83.45,1,3.61,57.94,0.625
2011,6,6,-9.85,1,973.04,0.875,NA,0.125,81.12,1,90.8,1,NA,NA,0.125
2011,6,7,-8.7,0.5,980.26,1,5.5,0.5,87.88,1,67,1,5.32,102.43,0.5
2011,6,8,-11.75,1,975.81,1,4.91,1,90,1,72.16,1,4.54,82.77,1
2011,6,9,-10.06,0.875,957.25,1,10.48,0.625,96.12,1,91.62,1,9.45,92.38,0.625
2011,6,10,-5.86,1,949.49,1,7.45,0.25,110.12,1,85.22,1,7.22,73.39,0.25
2011,6,11,-9.71,1,958.01,1,7.34,0.625,127.25,1,87.83,1,7.27,107.55,0.625
2011,6,12,-7.58,1,954.79,1,6.3,0.25,83.75,1,86.99,1,6.3,106.16,0.25
2011,6,13,-5.41,1,955.88,1,12.2,0.375,76.5,1,89.15,1,10.88,62.11,0.375
2011,6,14,-5.74,1,958.35,1,NA,0.125,78.12,1,90.44,1,NA,NA,0.125
2011,6,15,-7,1,965.48,1,11.27,0.875,105.12,1,90.08,1,10.97,109.82,0.875
2011,6,16,-9.9,1,968.31,1,NA,0.125,159.5,1,83.04,1,NA,NA,0.125
2011,6,17,-10.28,1,972.08,1,1.79,1,200.12,1,87.81,1,0.56,316.46,1
2011,6,18,-15.43,1,974.86,1,1.12,1,211.5,1,87.59,1,0.36,273.4,1
2011,6,19,-14.76,1,971.64,1,0.48,0.5,130.14,0.875,88.51,1,0.42,15.2,0.5
2011,6,20,-19.22,0.75,959.11,1,3.02,0.625,235.29,0.875,83.29,1,2.88,270.98,0.625
2011,6,21,-27.39,1,946.32,1,11.9,0.625,271.25,1,72.99,1,11.82,266.91,0.625
2011,6,22,-29.68,1,949.61,1,3.78,0.625,281.5,1,66.8,1,3.69,290.61,0.625
2011,6,23,-30.2,1,941.76,1,4.95,0.5,194.5,1,73.41,1,3.73,278.63,0.5
2011,6,24,-30.74,1,931.2,1,2,0.875,156,1,73.95,1,1.48,309.75,0.875
2011,6,25,-26.35,1,917.72,1,4.38,0.5,196.75,1,77.35,1,3.92,280.21,0.5
2011,6,26,-26.61,1,934.08,1,NA,0.125,216.88,1,75.61,1,NA,NA,0.125
2011,6,27,-25,1,940.41,1,4.98,0.625,265.75,1,61.25,1,4.75,292.87,0.625
2011,6,28,-27.26,1,948.16,1,5.47,0.75,176,1,58.14,1,3.77,287.66,0.75
2011,6,29,-24.71,1,951.32,1,20.5,0.375,302.25,1,72.65,1,20.46,303.57,0.375
2011,6,30,-25.04,1,960.9,1,1.85,0.75,118.75,1,74.88,1,0.82,22.68,0.75
2011,7,1,-15.65,0.75,956.05,1,2.4,0.25,84,1,84.58,1,2.11,99.97,0.25
2011,7,2,-4.71,0.875,950.86,1,9.73,0.375,81.38,1,84.56,1,6.56,75.96,0.375
2011,7,3,-13.88,0.625,957.86,1,11.85,0.25,241.62,1,82.91,1,11.14,322.07,0.25
2011,7,4,-10.58,0.625,931.86,0.875,NA,0.125,116.75,1,90.11,1,NA,NA,0.125
2011,7,5,-5,1,937.25,0.75,NA,0.125,124,1,88.04,1,NA,NA,0.125
2011,7,6,-4.11,1,944.92,1,NA,0.125,78.12,1,90.35,1,NA,NA,0.125
2011,7,7,-5.81,1,945.68,1,8.88,0.5,114,1,94.71,1,8.85,107.05,0.5
2011,7,8,-5.4,1,945.24,1,12.93,1,82.75,1,94.69,1,12.28,81,1
2011,7,9,-7.25,1,963.49,1,9.43,1,104,1,93.33,1,9.14,101.94,1
2011,7,10,-8.3,1,977.95,1,7.18,0.5,211.38,1,91.1,1,2.07,257.6,0.5
2011,7,11,-10.44,1,972.8,1,17.2,1,287.62,1,73.2,1,17,287.15,1
2011,7,12,-5.85,1,966.74,1,18.15,0.5,306.25,1,73.6,1,18.02,313.05,0.5
2011,7,13,-4.73,0.875,961.52,1,13.75,0.25,297.5,1,84.14,1,13.72,310.68,0.25
2011,7,14,-11.44,0.875,966.52,1,19.8,0.5,281.88,1,83.7,1,19.62,288.23,0.5
2011,7,15,-9.57,0.5,964.69,1,21.63,0.375,300.88,1,90.7,1,21.56,307.63,0.375
2011,7,16,-17.77,0.75,960.18,1,21.96,0.625,285.25,1,77.84,1,20.71,284.45,0.625
2011,7,17,-19.11,1,972.6,1,17.85,0.25,280.38,1,60.29,1,17.83,274.13,0.25
2011,7,18,-12.49,0.875,974.36,1,1.66,0.625,191.25,1,36.31,1,0.98,292.04,0.625
2011,7,19,-4.49,1,969.1,1,4.45,0.75,214.62,1,33.64,1,3.83,280.92,0.75
2011,7,20,-9.74,0.625,971.69,1,2.77,0.875,197.75,1,59.29,1,0.79,356.7,0.875
2011,7,21,-19.18,1,981.74,1,1.18,0.75,126.88,1,64.62,1,0.81,344.91,0.75
2011,7,22,-14.89,1,973.5,1,8.97,0.5,281.12,1,58.92,1,8.73,281.35,0.5
2011,7,23,-13.5,0.75,968.82,1,10.8,0.625,281.88,1,70.67,1,10.69,279.49,0.625
2011,7,24,-16.62,0.75,976.98,1,6.15,0.5,201.75,1,82.88,1,5.3,302.69,0.5
2011,7,25,-15.89,0.875,980.89,1,0.88,1,95.25,1,87.76,1,0.37,12.64,1
2011,7,26,-12.4,0.5,970.32,1,1.45,0.25,80.62,1,87.88,1,0.41,102.26,0.25
2011,7,27,-6.25,0.75,963.32,1,16.78,0.75,185.62,1,90.99,1,11.32,324.41,0.75
2011,7,28,-11.49,1,989.08,1,16.8,0.625,285.5,1,87.19,1,16.56,279.28,0.625
2011,7,29,-8.15,1,999.81,1,1.52,0.625,182.25,1,82.9,1,0.51,47.43,0.625
2011,7,30,-9.57,0.875,992.08,1,1.1,0.375,202,0.375,63.04,1,0.41,37.95,0.375
2011,7,31,-12.05,0.75,985.46,1,NA,0,NA,0,64.94,1,NA,NA,0
2011,8,1,-19.22,0.625,982.8,1,4.8,0.5,68.8,0.625,76.46,1,3.84,37.9,0.5
2011,8,2,-19.82,1,978.05,1,1.59,1,106.5,1,67.8,1,1.06,102.76,1
2011,8,3,-20.15,1,973.54,1,10.76,0.625,101.25,1,81.67,1,10.52,101.42,0.625
2011,8,4,-18.31,1,972.8,1,2.7,0.75,176.62,1,85.1,1,1.86,357.61,0.75
2011,8,5,-10.1,0.5,964.89,1,2.22,0.75,173.25,1,86.76,1,0.57,157.16,0.75
2011,8,6,-6.45,1,959.31,1,2.5,0.25,88.5,1,81.83,1,2.44,80.55,0.25
2011,8,7,-4.15,1,951.96,1,NA,0,98.5,1,91.41,1,NA,NA,0
2011,8,8,-3.19,1,963.24,1,4.46,0.625,82.25,1,77.3,1,2.2,27.92,0.625
2011,8,9,-5.01,0.875,969.48,1,7,0.5,243,1,87.36,1,2.02,346.37,0.5
2011,8,10,-8.54,1,971.48,1,1.75,0.75,264,1,91.56,1,1.37,304.57,0.75
2011,8,11,-6.51,1,966.48,1,8.62,0.625,299.75,1,86.9,1,8.41,302.51,0.625
2011,8,12,-9.23,0.875,967.34,1,2.35,0.75,214.5,1,83.14,1,1.42,303.56,0.75
2011,8,13,-13.15,0.75,970.75,1,3.41,0.875,98.88,1,84.46,1,1.91,37.9,0.875
2011,8,14,-17.48,1,971.85,1,8.7,0.25,70,1,77.35,1,8.28,124.5,0.25
2011,8,15,-16.62,1,964.86,1,12.72,0.5,68,1,77.94,1,11.07,70.18,0.5
2011,8,16,-16.9,1,952.3,1,10.62,0.5,91.38,1,81.76,1,10.35,104.03,0.5
2011,8,17,-17.7,1,953.76,1,11.8,0.25,236.25,1,85.16,1,1.86,256.46,0.25
2011,8,18,-17.76,0.625,969.75,1,5.43,0.5,197.5,1,63.73,1,3.04,310.23,0.5
2011,8,19,-11.28,0.75,956.24,1,NA,0.125,70.88,1,85.17,1,NA,NA,0.125
2011,8,20,-5.86,0.875,953.36,1,NA,0,64.12,1,86.46,1,NA,NA,0
2011,8,21,-5.54,1,946.35,1,13,0.875,112.12,1,95.06,1,12.62,113.03,0.875
2011,8,22,-4.68,1,935.9,1,7.1,1,206.12,1,87.4,1,0.6,41.64,1
2011,8,23,-11.93,0.75,945.16,1,2.7,0.5,209.38,1,87.8,1,0.91,300,0.5
2011,8,24,-7.91,1,952.32,1,4.4,0.25,231.12,1,86.5,1,2.06,282.65,0.25
2011,8,25,-9.79,0.875,962.05,1,4.07,0.375,58.88,1,87.15,1,4.01,69.06,0.375
2011,8,26,-7.88,1,952.11,1,18.84,0.625,53.12,1,89.62,1,18.57,54,0.625
2011,8,27,-8.18,1,954.09,1,11.15,0.25,100.88,1,92.12,1,10.47,125.38,0.25
2011,8,28,-8.89,1,964.2,1,1.47,0.375,96.75,1,87.22,1,0.87,91.24,0.375
2011,8,29,-6.71,1,957.41,1,2.49,1,96.62,1,90.6,1,2.06,82.31,1
2011,8,30,-5.03,1,949.61,1,7.38,0.5,96.25,1,91.74,1,7.37,105.74,0.5
2011,8,31,-6.28,1,949.02,1,7,0.875,127.88,1,93.26,1,6.53,123.59,0.875
2011,9,1,-8.86,1,940.58,1,3.21,1,131.5,1,92.41,1,0.34,30.78,1
2011,9,2,-13.29,0.875,942.16,1,1.9,1,182,1,89,1,0.5,286.57,1
2011,9,3,-16.34,1,964.21,1,1.81,1,172,1,86.86,1,0.7,300.59,1
2011,9,4,-12.9,1,975.44,1,2.96,0.875,85.12,1,80.75,1,2.63,92.57,0.875
2011,9,5,-13.28,1,970.38,1,8.3,0.5,163.38,1,77.76,1,5.69,28.16,0.5
2011,9,6,-18.23,1,973.98,1,9.97,0.375,274.38,1,83.03,1,9.88,273.32,0.375
2011,9,7,-5.72,0.625,975.65,1,2.2,0.75,178.25,1,43.34,1,1.64,313.56,0.75
2011,9,8,-5.36,1,975.06,1,1.18,1,130.88,1,33.85,1,0.57,16.18,1
2011,9,9,-5.32,1,968.68,1,1.71,1,225.5,1,31.91,1,1.19,318.79,1
2011,9,10,-19.82,0.625,961.41,1,2.28,0.75,113.29,0.875,75.6,1,1.67,35.95,0.75
2011,9,11,-23.5,1,962.68,1,3.6,0.625,113.12,1,69.03,1,3.3,111.39,0.625
2011,9,12,-22.79,1,965.18,1,1.11,1,123.5,1,41.81,1,0.76,16.4,1
2011,9,13,-23.91,1,966.74,1,1.36,1,239,1,52.64,1,0.92,323.62,1
2011,9,14,-31.25,1,968,1,1.3,1,150.25,1,73.46,1,0.52,358.66,1
2011,9,15,-23.87,0.75,962.54,1,1.95,1,238.12,1,63.44,1,0.7,312.1,1
2011,9,16,-22.39,1,955.06,1,1.54,1,199.12,1,46.98,1,0.87,337.09,1
2011,9,17,-27.94,1,951.89,1,1.43,0.875,219.71,0.875,60.81,1,0.85,305.29,0.875
2011,9,18,-30.79,1,950.36,1,15.03,0.375,291.25,1,63.12,1,15.01,286.01,0.375
2011,9,19,-30.12,0.625,965.14,1,13.3,0.25,241,1,55.94,1,12.9,340.27,0.25
2011,9,20,-21.03,0.75,967.72,1,3.76,0.875,243.62,1,73.88,1,3,286.44,0.875
2011,9,21,-20.94,0.875,967.15,1,16.08,0.625,297.25,1,72.97,1,15.52,297.29,0.625
2011,9,22,-13.2,0.625,933.92,1,16.35,0.25,295,1,82.38,1,16.34,342.3,0.25
2011,9,23,-29.38,0.75,932.61,1,NA,0,255.62,1,69.62,1,NA,NA,0
2011,9,24,-33.31,1,927.08,1,11.72,0.625,285.88,1,67.86,1,11.55,287.67,0.625
2011,9,25,-31.94,0.625,928.87,0.875,7.23,0.375,182,1,69.38,1,5.17,280.43,0.375
2011,9,26,-28.74,1,941.04,1,10.95,0.5,248.38,1,74.14,1,4.46,282.57,0.5
2011,9,27,-24.97,0.75,957.36,1,6.03,0.5,117.5,1,78.89,1,2.55,288.64,0.5
2011,9,28,-16,0.625,966.05,1,8.15,0.25,240.62,1,83.33,1,8.13,288.02,0.25
2011,9,29,-15.76,0.625,984.42,1,1.33,0.75,87.88,1,60.6,1,0.51,158.7,0.75
2011,9,30,-10.53,0.875,983.18,1,1.1,0.75,164.67,0.75,90.7,1,0.28,71.41,0.75
2011,10,1,-3.54,1,981.6,1,4.7,0.375,164.67,0.375,87.79,1,2.57,56.51,0.375
2011,10,2,-6.01,1,980.7,1,2.14,0.625,129.12,1,82.26,1,1.27,8.6,0.625
2011,10,3,-3.17,1,978.18,1,27.2,0.375,74.5,1,86.12,1,26.06,14.68,0.375
2011,10,4,-3.04,1,984.51,1,28.65,0.25,18.25,1,83.39,1,28.65,14.02,0.25
2011,10,5,-5.08,1,987.71,1,1.37,0.375,81.12,1,80.58,1,0.88,100.25,0.375
2011,10,6,-10.01,1,972.36,1,4.04,1,125.25,1,88.58,1,3.63,115.26,1
2011,10,7,-11.35,1,953.2,1,7.27,0.875,102,1,86.6,1,6.9,98.72,0.875
2011,10,8,-9.21,1,942.76,1,12.17,0.75,126.75,1,92.4,1,12.08,121.61,0.75
2011,10,9,-12.11,1,945.66,1,3.1,0.75,176.25,1,90.25,1,0.81,85.73,0.75
2011,10,10,-15.19,1,953.46,1,2.75,1,218.25,1,88.22,1,2.37,278.34,1
2011,10,11,-18.24,1,956.89,1,1.12,1,96.12,1,84.62,1,0.8,349.56,1
2011,10,12,-20.38,1,952.2,1,1.79,1,136.75,1,83.03,1,1.24,103.46,1
2011,10,13,-19.41,1,947.64,1,5.38,1,219,1,84,1,5.07,263.45,1
2011,10,14,-21.55,1,946.44,1,2.76,0.875,148.88,1,79.64,1,1.49,308.37,0.875
2011,10,15,-18.48,1,942.68,1,10.28,0.75,108.62,1,83.47,1,10.22,110.64,0.75
2011,10,16,-13.41,1,935.45,1,10.87,0.375,109.62,1,89.01,1,10.79,108.54,0.375
2011,10,17,-11.3,1,935.59,1,7.03,0.375,119.88,1,90.36,1,6.88,127.67,0.375
2011,10,18,-12.21,1,931.95,1,12.9,0.5,120.38,1,90.12,1,12.84,121.58,0.5
2011,10,19,-9.11,1,917.98,1,8.93,0.5,115,1,92.19,1,8.67,108.51,0.5
2011,10,20,-13.54,1,930.42,1,2.7,0.875,130.88,1,89.45,1,0.7,185.95,0.875
2011,10,21,-12.55,1,938.98,1,2.86,0.875,142,1,89.64,1,2.62,127.76,0.875
2011,10,22,-14.09,0.875,942.06,1,2.57,0.875,177,1,82.8,1,0.59,127.55,0.875
2011,10,23,-12.21,1,942.32,1,3.76,0.875,267.25,1,75.69,1,3.55,266.82,0.875
2011,10,24,-16.84,0.625,939.09,1,3.39,0.875,82.38,1,86.96,1,3.18,89.01,0.875
2011,10,25,-14.86,1,930.84,1,14.54,0.625,107.25,1,88.09,1,14.28,101.65,0.625
2011,10,26,-14.5,1,931.34,1,7.43,0.75,96.25,1,86.08,1,7.28,94.53,0.75
2011,10,27,-11.9,1,934.22,1,12.32,0.75,106.12,1,88.74,1,12.09,104.31,0.75
2011,10,28,-9.55,1,934.18,1,16.27,0.375,112.38,1,91.83,1,16.2,110.39,0.375
2011,10,29,-9.24,1,939.34,1,12.23,0.375,109.88,1,92.38,1,12.18,112.16,0.375
2011,10,30,-12.84,1,947.88,1,3.67,0.75,117.38,1,89.67,1,3.41,119.21,0.75
2011,10,31,-10.34,1,948.08,1,7.05,0.25,109.5,1,91.56,1,7.03,104.61,0.25
2011,11,1,-10.74,1,956.52,1,3.3,1,111.25,1,90.4,1,2.28,108.66,1
2011,11,2,-9.16,1,958.34,1,6.07,0.375,77.25,1,84.24,1,5.69,70.92,0.375
2011,11,3,-12.54,1,961.71,1,4.43,0.75,187.88,1,81.88,1,2.53,138.56,0.75
2011,11,4,-13.9,1,955.09,1,1.94,1,178.25,1,72.62,1,0.57,292.55,1
2011,11,5,-10.88,1,955.74,1,1.05,1,149.25,1,80.29,1,0.83,139.37,1
2011,11,6,-11.66,1,960.58,1,3.98,1,216,1,86.6,1,1.88,277.23,1
2011,11,7,-11.51,1,953.66,1,5.44,0.875,258.5,1,70.92,1,5.4,292,0.875
2011,11,8,-11.38,1,955.3,1,2.12,1,136.25,1,63.09,1,1,32.58,1
2011,11,9,-9.44,1,939.48,1,15.16,0.625,109.25,1,89.6,1,15.12,110.07,0.625
2011,11,10,-9.78,1,932.01,1,NA,0.125,146.62,1,91.83,1,NA,NA,0.125
2011,11,11,-8.45,1,934.3,1,6.53,0.75,115.12,1,92.83,1,6.31,116.7,0.75
2011,11,12,-10.09,0.875,936.91,1,1.55,0.75,229.38,1,91.47,1,0.73,347.48,0.75
2011,11,13,-11.85,1,941.09,1,3.67,0.875,252.29,0.875,76.75,1,3.39,291.42,0.875
2011,11,14,-8.85,1,949.89,1,2.35,0.75,68.88,1,82.8,1,1.89,99.99,0.75
2011,11,15,-7.36,1,959.76,1,2.25,0.75,210,1,90.8,1,0.49,239.94,0.75
2011,11,16,-5.86,1,967.71,1,1.17,0.875,140.71,0.875,93.81,1,0.26,338.24,0.875
2011,11,17,-6.03,1,975.71,1,1.82,0.625,194.38,1,85.88,1,0.7,0.17,0.625
2011,11,18,-5.86,1,973.94,1,NA,0,41.25,1,79.34,1,NA,NA,0
2011,11,19,-6.5,1,973.74,1,3.73,0.75,204.5,1,67.8,1,1.91,355.77,0.75
2011,11,20,-5.77,1,970.78,1,1.71,0.875,151.5,1,74.83,1,0.44,331.97,0.875
2011,11,21,-3.64,1,961.66,1,5.4,0.5,69.62,1,85.76,1,4.9,84.14,0.5
2011,11,22,-3.78,1,951.99,1,13.3,0.625,82.25,1,89.5,1,12.44,78.46,0.625
2011,11,23,-4.8,1,944.14,1,7.42,0.75,208.88,1,91.88,1,1.17,120.29,0.75
2011,11,24,-4.78,1,952.05,1,3.46,0.625,135.75,1,84.62,1,0.42,333.39,0.625
2011,11,25,-4.86,1,958.12,1,3.09,0.875,238.62,1,92.6,1,1.49,248.74,0.875
2011,11,26,-6,1,960.8,1,13.7,0.875,290.62,1,86.46,1,12.95,291.21,0.875
2011,11,27,-5.2,1,964.84,1,5.12,0.5,183.62,1,76.67,1,3.8,311.77,0.5
2011,11,28,-3.64,1,947.09,1,3.75,0.25,61.75,1,85.45,1,3.75,117.35,0.25
2011,11,29,-3.33,1,939.98,1,3.59,1,145.62,1,91.97,1,2.46,127.87,1
2011,11,30,-5.19,1,943.45,1,2.87,0.875,151.25,1,84.83,1,0.57,52.33,0.875
2011,12,1,-5.14,1,939.29,1,9.6,0.25,43.75,1,85.19,1,8.54,44.05,0.25
2011,12,2,-3.11,1,942.12,1,7.78,0.625,114.25,1,83.55,1,7.34,106.12,0.625
2011,12,3,-2.04,1,950.36,1,15.7,0.25,77.38,1,88.04,1,13.02,85.72,0.25
2011,12,4,-2.74,1,938.4,1,11.33,0.75,112,1,96.33,1,11.22,112.08,0.75
2011,12,5,-1.07,1,933,1,9.2,0.75,109,1,94.62,1,9.17,106.76,0.75
2011,12,6,-2.39,1,936.02,1,10.94,1,79.25,1,89.71,1,9.06,80.86,1
2011,12,7,-2.64,1,945.3,1,7.93,0.75,80.25,1,81.44,1,7.51,80.66,0.75
2011,12,8,-3.8,0.625,945.89,1,3.53,0.75,228.62,1,93.2,1,1.75,127.35,0.75
2011,12,9,-3.48,0.5,945.89,1,2.29,1,246,1,91.35,1,1.72,257.01,1
2011,12,10,-4.08,0.5,946.71,1,2.66,1,224,1,85.21,1,2.24,274.31,1
2011,12,11,-4.44,0.625,945.98,1,2.42,1,134.75,1,84.04,1,1.38,120.43,1
2011,12,12,-7.3,0.75,944.39,1,2.71,0.875,197.88,1,88.56,1,0.71,208.26,0.875
2011,12,13,-6.54,0.625,946.01,1,3.02,0.75,246,0.75,80.88,1,2.62,300.48,0.75
2011,12,14,-7.18,0.625,948.46,1,2.73,0.875,251.38,1,75.38,1,1.76,284.08,0.875
2011,12,15,-6.3,0.75,955.21,1,2.32,0.625,171.57,0.875,79.33,1,0.69,236.84,0.625
2011,12,16,-7.47,1,950.59,1,10.22,0.625,290.88,1,84,1,9.89,298.67,0.625
2011,12,17,-6.81,1,954.72,1,9.05,1,282.88,1,79.44,1,8.82,289.44,1
2011,12,18,-7.48,0.625,957.96,1,3.83,0.875,243.12,1,84.28,1,3.78,267.83,0.875
2011,12,19,-6.39,1,961.51,1,13.93,0.75,282.12,1,70.76,1,13.12,280.35,0.75
2011,12,20,-0.9,0.375,970.99,1,1.28,0.75,126.62,1,52.77,1,1.01,85.04,0.75
2011,12,21,-0.62,0.625,968.52,1,2.5,1,254.75,1,87.12,1,2.27,260.32,1
2011,12,22,NA,0,960.1,1,1.23,1,184.75,1,90.61,1,0.3,101.87,1
2011,12,23,0.09,0.875,952.51,1,6.55,1,102.25,1,85.35,1,6.2,106.47,1
2011,12,24,-1.06,0.875,953.49,1,4.5,0.625,89.75,1,81.56,1,4.12,94.91,0.625
2011,12,25,-4.03,0.875,951.35,1,5.51,1,108.5,1,82.89,1,5.32,111.9,1
2011,12,26,-5.68,0.625,951.69,1,1.8,0.625,131.38,1,80.39,1,1.13,110.8,0.625
2011,12,27,NA,0.125,957.31,1,1.05,1,87,1,82.69,1,0.75,47.86,1
2011,12,28,-2.2,0.375,956.08,1,1.84,1,140.25,1,77.08,1,0.72,54.86,1
2011,12,29,-3.03,0.375,949.39,1,2.42,1,94.88,1,84.11,1,1.97,115.84,1
2011,12,30,-3.78,0.5,948.15,1,1.53,0.875,144.38,1,77.42,1,0.23,105.76,0.875
2011,12,31,NA,0,950.38,1,1.25,1,151,1,78.15,1,0.24,15.57,1
2012,1,1,-4.5,0.625,957.09,1,2.19,1,124.12,1,79.54,1,1.63,122.47,1
2012,1,2,-2.77,0.75,962.88,1,2.94,1,178.25,1,92.71,1,1.39,136.63,1
2012,1,3,-2.02,0.75,964.51,1,2.45,1,241.62,1,90.06,1,2.22,274.98,1
2012,1,4,-1.46,0.875,964.71,1,3.35,0.75,120.25,1,75.01,1,2.11,357.14,0.75
2012,1,5,-1.02,1,947.65,1,NA,0,148.88,1,83.53,1,NA,NA,0
2012,1,6,-1.38,1,947,1,8,0.375,244.25,1,84.99,1,7.84,281.3,0.375
2012,1,7,-2.89,0.875,953.1,1,8.82,0.625,228.62,1,87.78,1,7.07,288.72,0.625
2012,1,8,-2.11,0.875,953.99,1,4.7,0.875,63.62,1,82.24,1,3.48,67.38,0.875
2012,1,9,-3.06,0.625,958.14,1,1.9,0.875,188.75,1,78.19,1,0.33,36.94,0.875
2012,1,10,-2.67,0.375,961.71,1,1.36,1,245.75,1,79.83,1,0.65,291.91,1
2012,1,11,-4.57,0.75,956.99,1,2.74,1,247.25,1,82.06,1,2.23,249.3,1
2012,1,12,-7.38,0.625,948.02,1,4.03,0.75,133.38,1,79.08,1,3.87,123.88,0.75
2012,1,13,-8.74,0.875,943.09,1,3.67,0.5,232.88,1,70.89,1,2.42,269.99,0.5
2012,1,14,-9.99,1,945.69,1,8.2,0.375,278.5,1,68.51,1,7.91,287.88,0.375
2012,1,15,-6.55,0.75,949.75,1,2.86,1,141.88,1,55.9,1,0.88,73.45,1
2012,1,16,-4.45,1,954.98,1,8.63,0.375,76.12,1,84.9,1,8.2,89.95,0.375
2012,1,17,-5.55,1,954.06,1,7.61,0.875,153.38,1,94.6,1,6.88,115.96,0.875
2012,1,18,-3.51,0.875,954.6,1,5.43,0.375,238.88,1,70.88,1,4.81,302.17,0.375
2012,1,19,-2.99,1,952.58,1,9.23,0.375,106.12,1,85.74,1,9.1,95.7,0.375
2012,1,20,-3.16,1,943.39,1,7.57,0.875,116.25,1,93.83,1,7.45,117.62,0.875
2012,1,21,-3.07,0.375,954.18,1,2.26,0.875,120.75,1,93.42,1,1.27,119.42,0.875
2012,1,22,-3.46,1,955.81,1,14,0.5,291.25,1,91.89,1,13.79,295.86,0.5
2012,1,23,-3.96,0.625,953.29,1,2.54,0.625,155.88,1,80.71,1,2.01,42.98,0.625
2012,1,24,-5.5,0.875,948.72,1,9.12,0.75,291.62,1,90.22,1,8.67,287.89,0.75
2012,1,25,-7.59,1,948.51,1,13.14,0.625,226.62,1,76.56,1,12.12,278.84,0.625
2012,1,26,NA,0.125,950.95,1,1.48,1,236.75,1,66.06,1,0.79,267.15,1
2012,1,27,-6.46,0.875,952.56,1,6.14,0.625,197.88,1,85.79,1,1.96,241.65,0.625
2012,1,28,-6.09,1,958.46,1,10.58,0.625,282.62,1,81.79,1,10.24,292.97,0.625
2012,1,29,-5.1,0.75,952.9,1,4.35,0.5,255.5,1,88.55,1,3.97,295.44,0.5
2012,1,30,-6.88,1,952.54,1,13.81,0.875,279.12,1,75.8,1,13.59,280,0.875
2012,1,31,-5.86,0.625,946.32,1,1.87,0.75,151.88,1,78.95,1,0.32,106.38,0.75
2012,2,1,-6.11,0.875,947.39,1,4.36,1,90,1,85.94,1,3.45,95.8,1
2012,2,2,-6.98,0.625,955.66,1,2.14,0.875,238.25,1,86.72,1,0.72,266.44,0.875
2012,2,3,-8.46,1,930.82,1,11.87,0.375,86.62,1,88.99,1,11.25,102.71,0.375
2012,2,4,-10.44,0.875,933.01,1,6.7,0.75,195.12,1,87.44,1,3.09,144.34,0.75
2012,2,5,-13.57,1,935.22,1,4.14,0.875,204.12,1,69.33,1,2.08,260.96,0.875
2012,2,6,-10.45,0.75,938.02,1,1.94,0.625,194.5,1,61.09,1,0.16,7.04,0.625
2012,2,7,NA,0,940.55,1,1.11,1,75.25,1,82.61,1,0.88,63.56,1
2012,2,8,-5.42,1,941.88,1,8.2,0.25,148.5,1,94.42,1,8.14,117.08,0.25
2012,2,9,-5.68,0.625,941.56,1,9.43,0.375,139,1,92.09,1,9.36,111.9,0.375
2012,2,10,-6.71,0.875,939.98,1,6.8,1,121.5,1,93.66,1,6.59,116.37,1
2012,2,11,-3.31,1,941.91,1,9.17,0.375,113.88,1,96.04,1,9.15,113.87,0.375
2012,2,12,-4.82,0.625,951.48,1,3.64,0.875,134.5,1,88.86,1,1.99,91.76,0.875
2012,2,13,-9.32,1,958.81,1,3.61,1,267.88,1,75.84,1,3.26,272.51,1
2012,2,14,-8.12,1,963.01,1,6.07,0.875,266.75,1,77.66,1,5.84,266.47,0.875
2012,2,15,-7.4,0.625,966.4,1,2.78,1,252.75,1,66.97,1,2.25,291.3,1
2012,2,16,-3.75,1,969.91,1,9.67,0.75,291.38,1,49.2,1,9.38,282.85,0.75
2012,2,17,-1.69,1,971.6,1,14.72,0.75,284.62,1,54.76,1,14.66,284.09,0.75
2012,2,18,-3.65,0.5,979.9,1,0.72,0.5,191.12,1,76.05,1,0.1,344.56,0.5
2012,2,19,-6.21,0.875,979.34,1,5.73,0.75,249.62,1,86.75,1,4.99,276.62,0.75
2012,2,20,-2.6,0.375,965.98,1,2.48,0.625,166,1,93.92,1,1.58,292.49,0.625
2012,2,21,-3.46,1,969.49,1,11.76,0.625,278.12,1,90.33,1,11.58,280.23,0.625
2012,2,22,-4.19,1,979.31,1,12.7,0.625,252.25,1,83.08,1,12.61,277.26,0.625
2012,2,23,-1.04,0.875,969.89,1,8.9,0.375,123.75,1,82.38,1,7.09,24.2,0.375
2012,2,24,0.8,1,973.49,1,5.06,0.625,298.38,1,72.36,1,3.38,333.05,0.625
2012,2,25,-3.08,1,975.3,1,6.27,0.75,298.62,1,80.53,1,6.1,299.82,0.75
2012,2,26,-5.89,1,963.32,1,12.16,0.875,273.62,1,85.39,1,12.02,276.39,0.875
2012,2,27,-9.82,0.5,950.28,1,2.3,1,204.5,1,81.11,1,1.08,303.64,1
2012,2,28,-13.35,0.25,950.08,1,1.56,1,141,1,76.66,1,0.91,341.91,1
2012,2,29,-16.6,0.375,953.52,1,2.26,1,128.62,1,72.41,1,0.99,84.54,1
2012,3,1,-12.29,1,961.84,1,3.28,1,104,1,79.17,1,3.12,101.38,1
2012,3,2,-14.88,1,963.15,1,1.69,1,282.62,1,69.99,1,1.34,291.02,1
2012,3,3,-13.15,1,958.24,1,6.43,0.75,294.25,1,73.05,1,6.38,293.45,0.75
2012,3,4,-13.96,1,955.29,1,11.34,1,296.38,1,77.64,1,11.27,296.06,1
2012,3,5,-9.47,1,954.95,1,4.82,0.75,222.25,1,78.89,1,4.39,294.03,0.75
2012,3,6,-6.59,1,948.6,1,4.51,0.875,100.88,1,92.99,1,4.04,112.13,0.875
2012,3,7,-4.64,1,950.45,1,5.52,0.75,110.62,1,95.84,1,5.35,107.54,0.75
2012,3,8,-5.54,1,953.41,1,2.2,1,198.25,1,94.95,1,1.79,113.9,1
2012,3,9,-4.71,1,957.15,1,1.08,0.625,110.38,1,92.41,1,0.94,40.6,0.625
2012,3,10,-2.52,1,957.05,1,NA,0.125,87,1,89.89,1,NA,NA,0.125
2012,3,11,0.55,1,962.05,1,20.25,0.25,96.25,1,81.75,1,20.23,34.36,0.25
2012,3,12,-0.56,1,968.54,1,NA,0.125,160.12,1,82.55,1,NA,NA,0.125
2012,3,13,-1.76,1,962.56,1,2.5,0.375,228.88,1,85.54,1,0.37,2.36,0.375
2012,3,14,-6.24,1,951.6,1,8.39,1,288.12,1,86.33,1,8.34,287.93,1
2012,3,15,-10.29,1,941.22,1,11.78,0.75,276,1,82.42,1,11.44,276.78,0.75
2012,3,16,-20.36,0.875,943.08,1,22.14,0.625,278.62,1,75.81,1,21.84,280.77,0.625
2012,3,17,-19.66,1,952.06,1,10.17,0.375,299.38,1,65.56,1,9.64,293.13,0.375
2012,3,18,-15.91,1,955.21,1,1.35,1,80,1,63.89,1,1.24,32.31,1
2012,3,19,-14.94,1,944.32,1,1.46,0.875,259.75,1,68.39,1,1.15,305.88,0.875
2012,3,20,-11.31,1,948.72,1,16.28,0.625,295.25,1,60.25,1,16.21,297.5,0.625
2012,3,21,-10.89,1,953.86,1,2.37,0.375,151.75,1,72.35,1,1.31,80.59,0.375
2012,3,22,-4.14,1,953.19,1,13.4,0.5,66.38,1,86.7,1,12.72,36.18,0.5
2012,3,23,-4.01,1,964.02,1,6.56,0.625,71.88,1,89.67,1,5.08,59.52,0.625
2012,3,24,-5.42,1,970.61,1,6.25,0.5,165.5,1,86.75,1,4.86,2.66,0.5
2012,3,25,-1,0.875,957.69,1,2.88,0.5,119.62,1,85.31,1,2.79,105.83,0.5
2012,3,26,-0.06,1,939.78,1,NA,0,139.25,1,84.19,1,NA,NA,0
2012,3,27,-4.18,1,947.25,1,3.33,0.75,117.38,1,93.85,1,2.92,94.36,0.75
2012,3,28,-6.31,1,957.9,1,1.93,0.875,244.12,1,92.22,1,1.37,316.15,0.875
2012,3,29,-8.81,1,961.68,1,1.01,1,176.62,1,89.41,1,0.64,320.3,1
2012,3,30,-11.46,0.875,961.28,1,1.64,0.625,97,0.625,91.25,1,1.27,34.43,0.625
2012,3,31,-11.28,1,963.84,1,3.16,0.875,145.62,1,90.53,1,2.47,102.79,0.875
2012,4,1,-8.02,0.75,961.55,1,2.55,0.5,154.75,1,88.03,1,1.78,138.79,0.5
2012,4,2,-8.2,1,955.18,1,3.68,0.75,139.25,1,92.6,1,3.44,105.56,0.75
2012,4,3,-5.72,1,953.08,1,10.05,1,106.25,1,92.8,1,9.7,106.8,1
2012,4,4,-8.5,1,957.35,1,3.67,0.875,160.25,1,90.4,1,2.72,141.17,0.875
2012,4,5,-11.9,1,962.7,1,1.89,1,107.62,1,75.61,1,1.62,110.21,1
2012,4,6,-7.68,1,961.28,1,2.54,1,100.5,1,83.45,1,2.08,96.21,1
2012,4,7,-6.21,1,957.92,1,5.88,1,113.12,1,91.46,1,5.81,111.6,1
2012,4,8,-6.65,1,958.99,1,11.01,0.875,110.25,1,94.41,1,10.62,111.34,0.875
2012,4,9,-7.82,1,961.2,1,7.01,0.875,105,1,88.99,1,6.89,108.12,0.875
2012,4,10,-8.81,1,959.68,1,3.39,1,153.75,1,92.76,1,2.23,120.91,1
2012,4,11,-9.68,1,952.36,1,3.03,0.75,202.38,1,90.42,1,2.06,307.71,0.75
2012,4,12,-17.68,1,940.62,1,5.88,0.5,228.62,1,74.75,1,4.74,277.86,0.5
2012,4,13,-19.82,1,943.96,1,3.45,1,129.62,1,82,1,2.84,93.76,1
2012,4,14,-18.35,1,949.96,1,3.79,0.875,205,1,84.85,1,1.08,264.37,0.875
2012,4,15,-9.8,0.875,947.8,1,6.97,0.5,89.38,1,89.38,1,5.95,68.42,0.5
2012,4,16,-13.1,0.875,947.19,1,19.65,0.25,118,1,89.67,1,19.33,125.99,0.25
2012,4,17,-14.4,1,952.09,1,7.96,0.625,114,1,82.81,1,7.54,107.75,0.625
2012,4,18,-11.8,1,954.6,1,6.08,0.75,106.25,1,88.45,1,5.75,98.79,0.75
2012,4,19,-10.01,1,957.1,1,8.62,0.625,96.62,1,86.26,1,8.58,117.14,0.625
2012,4,20,-7.56,0.875,950.35,1,17.1,0.375,158.62,1,88.34,1,11.3,354.07,0.375
2012,4,21,-2.87,0.875,952.54,1,NA,0.125,64.25,1,87.38,1,NA,NA,0.125
2012,4,22,-1.36,1,950.26,1,7.7,0.625,76,1,88.08,1,5.59,103.88,0.625
2012,4,23,-3.09,1,944.24,0.875,NA,0.125,112.38,1,85.53,1,NA,NA,0.125
2012,4,24,-2.26,1,937.25,1,NA,0.125,91.12,1,91.81,1,NA,NA,0.125
2012,4,25,-2.11,1,930.48,1,22.8,0.25,143.75,1,87.85,1,22.8,42.4,0.25
2012,4,26,-9.45,0.5,953.89,1,NA,0.125,189.75,1,75.6,1,NA,NA,0.125
2012,4,27,-11.4,0.75,951.62,1,1.73,0.375,116.38,1,85.17,1,1.2,125.15,0.375
2012,4,28,-4.05,1,939.74,1,NA,0.125,168.38,1,90.75,1,NA,NA,0.125
2012,4,29,-12.16,0.875,961.36,1,2.26,0.875,213.88,1,90.35,1,1.54,266.9,0.875
2012,4,30,-9.44,0.875,968.71,1,1.79,1,137.25,1,92.33,1,0.67,15.15,1
2012,5,1,-11.01,1,967.46,1,11.88,0.75,284.38,1,68.47,1,11.86,284.73,0.75
2012,5,2,-10.15,1,960.58,1,5.69,0.875,221.38,1,72.99,1,5.02,293.4,0.875
2012,5,3,-9.44,1,952.05,1,8.5,0.375,48.38,1,84.28,1,7.59,19.38,0.375
2012,5,4,-9.9,1,957.01,1,8.3,0.25,74.75,1,85.61,1,8.3,83.39,0.25
2012,5,5,-8.65,1,947.95,1,9.4,1,108.75,1,92.36,1,9.38,108.62,1
2012,5,6,-4.24,1,936.4,1,11.47,0.5,54.5,1,89.71,1,10.92,46.7,0.5
2012,5,7,-5.06,1,940.08,1,NA,0,51.12,1,89.58,1,NA,NA,0
2012,5,8,-3.46,1,945.09,1,NA,0,62.38,1,92.22,1,NA,NA,0
2012,5,9,-1.87,0.875,945.79,1,21.95,0.25,68.75,1,93.54,1,20.49,59.05,0.25
2012,5,10,-2.56,1,940.02,1,NA,0.125,84,1,96.14,1,NA,NA,0.125
2012,5,11,-3.86,1,935.35,1,10.2,0.25,101.62,1,94.6,1,10.09,120.51,0.25
2012,5,12,-6.07,1,948.32,1,2.3,0.375,194,1,87.97,1,2.08,287.63,0.375
2012,5,13,-14.27,0.875,948.19,1,1.2,1,261.12,1,89.45,1,0.92,305.22,1
2012,5,14,-10.31,1,945.66,1,0.93,0.375,217.33,0.375,91.97,1,0.38,226.69,0.375
2012,5,15,-7.2,1,949.36,1,5.99,0.875,98.88,1,87.61,1,5.65,95.29,0.875
2012,5,16,-8.47,0.875,947.02,1,NA,0,101,0.75,92.95,1,NA,NA,0
2012,5,17,-13.09,1,952.94,1,2.96,1,235.75,1,89.76,1,2.45,263.09,1
2012,5,18,-14.28,1,959.46,1,6.05,0.25,309,0.5,89.14,1,5.91,305.6,0.25
2012,5,19,-12.81,1,955.41,1,5.85,0.25,71.33,0.75,83.09,1,5.81,61.47,0.25
2012,5,20,-11.69,1,957.42,1,3.53,0.375,255.75,1,85.1,1,2.85,340.42,0.375
2012,5,21,-21.77,0.75,952.94,1,3.96,0.625,231.75,1,81.17,1,2.97,299.07,0.625
2012,5,22,-21.06,1,953.9,1,7.95,0.75,284.38,1,69.79,1,7.81,281.99,0.75
2012,5,23,-16.17,0.75,959.31,1,16.41,0.875,293.88,1,49.42,1,16.05,293.78,0.875
2012,5,24,-9.63,0.375,960.8,1,3.3,0.25,209.25,1,71.09,1,2.25,253.37,0.25
2012,5,25,-15.29,1,962.72,1,14.77,0.75,299.5,1,79.35,1,14.66,304.16,0.75
2012,5,26,-17.92,0.625,967.69,1,6.1,0.625,148.62,1,62.33,1,5.52,294.58,0.625
2012,5,27,-11.8,0.5,966.9,1,2.46,0.875,239,1,81.7,1,1.86,273.51,0.875
2012,5,28,-6.51,0.875,968.05,1,9.6,0.375,292.5,1,85.89,1,9.29,303.3,0.375
2012,5,29,-9.19,1,969.29,1,13.56,0.625,317.88,1,81.15,1,13.29,309.47,0.625
2012,5,30,-6.39,1,964.96,1,18.55,0.25,312.25,1,73.84,1,18.54,315.84,0.25
2012,5,31,-3.22,1,964.02,1,NA,0.125,308,1,87.91,1,NA,NA,0.125
2012,6,1,-3.94,1,947.94,1,21,0.375,306.12,1,86.88,1,20.1,311.45,0.375
2012,6,2,-15.44,0.625,943.29,1,20.35,0.25,280.62,1,85.35,1,20.07,276.23,0.25
2012,6,3,-27.1,1,946.51,1,7.27,0.375,165.5,1,74.49,1,4.12,122.28,0.375
2012,6,4,-25.72,0.75,964.72,1,10.4,0.25,250.12,1,75.45,1,9.18,269.86,0.25
2012,6,5,-17.73,0.5,942.88,1,9.1,0.5,253.88,1,86.79,1,4.81,293.16,0.5
2012,6,6,-17.7,0.875,958.66,1,NA,0.125,275.5,1,84.56,1,NA,NA,0.125
2012,6,7,-15.2,0.5,953.58,1,7.78,0.5,277.38,1,88.6,1,7.64,265.11,0.5
2012,6,8,-24.25,0.75,959.51,1,16.55,0.5,246.5,1,79.05,1,16.44,283.02,0.5
2012,6,9,-26.06,1,965.42,1,17.23,0.375,288.75,1,64.96,1,17.2,295.04,0.375
2012,6,10,-22.81,1,974.2,1,8.32,0.5,265.12,1,56.01,1,6.52,292.61,0.5
2012,6,11,-17.18,1,982.31,1,11.62,0.75,291.25,1,55.51,1,11.57,290.78,0.75
2012,6,12,-18.17,0.75,977.28,1,19.45,0.25,290,1,61.84,1,19.26,286.89,0.25
2012,6,13,-12.1,0.75,971.72,1,7.6,0.25,208.38,1,47.11,1,6.61,282.26,0.25
2012,6,14,-9.36,0.625,936.51,1,NA,0.125,137.25,1,84.49,1,NA,NA,0.125
2012,6,15,-25.18,0.75,943.44,1,1.17,0.375,214,0.875,74.35,1,0.98,175.53,0.375
2012,6,16,-23.26,1,961.81,1,NA,0.125,192.33,0.75,61.33,1,NA,NA,0.125
2012,6,17,-18.99,1,957.21,1,NA,0,NA,0,56.17,1,NA,NA,0
2012,6,18,-23.76,0.875,945.9,1,NA,0,18.67,0.375,70.39,1,NA,NA,0
2012,6,19,-26.09,1,944.32,1,1.84,0.875,104.14,0.875,78.56,1,1.84,111.06,0.875
2012,6,20,-27.85,1,944.78,1,3.11,0.875,280.88,1,76.3,1,3.04,279.65,0.875
2012,6,21,-31.28,1,939.59,1,0.8,0.375,143.5,0.75,72.86,1,0.8,269.25,0.375
2012,6,22,-29.44,1,936.94,1,0.93,0.75,76,0.75,74.5,1,0.87,73.64,0.75
2012,6,23,-26.34,1,941.32,1,1.1,0.25,175.86,0.875,77.74,1,1.1,294,0.25
2012,6,24,-25.44,1,953.01,1,NA,0.125,177.5,0.25,78.89,1,NA,NA,0.125
2012,6,25,-19.56,1,952.51,1,NA,0.125,NA,0.125,74.5,1,NA,NA,0.125
2012,6,26,-19.02,1,946.62,1,2.18,0.75,75.83,0.75,60.88,1,1.73,74.44,0.75
2012,6,27,-21.44,0.875,951.35,1,3.3,0.75,102.75,1,82.28,1,1.22,105.53,0.75
2012,6,28,-24.4,1,963.3,1,3.25,0.25,47.5,0.25,69.12,1,2.43,46.72,0.25
2012,6,29,-24.69,1,967.62,1,7.32,0.5,288.33,0.75,72.62,1,7.13,293.46,0.5
2012,6,30,-20.05,1,963.34,1,9.18,0.5,292.25,1,60.6,1,8.86,298.24,0.5
2012,7,1,-21.73,1,957.61,1,1.67,0.5,101.75,0.5,60.25,1,0.57,28.86,0.5
2012,7,2,-24.26,1,967.96,1,6.73,0.375,270.67,0.375,71.31,1,6.46,275.52,0.375
2012,7,3,-16.28,0.75,979.01,1,15.3,0.25,215,1,52.58,1,15.23,292.97,0.25
2012,7,4,-11.21,1,976.36,1,4,0.875,57.88,1,82.64,1,3.6,66.24,0.875
2012,7,5,-12.74,1,965.82,1,14.95,0.25,114.88,1,89.11,1,14.55,88.38,0.25
2012,7,6,-13.99,1,960.16,1,5.78,0.5,116.88,1,83.36,1,5.75,104.35,0.5
2012,7,7,-14.11,1,941.41,1,14.84,0.625,109.5,1,87.88,1,14.8,106.79,0.625
2012,7,8,-13.1,0.875,945.18,1,NA,0,77.88,1,88.41,1,NA,NA,0
2012,7,9,-10.51,1,949.61,1,13.05,0.25,139,1,82.78,1,12.49,18.11,0.25
2012,7,10,-10.9,1,960.56,1,3.32,0.625,180.62,1,81.8,1,1.7,72.81,0.625
2012,7,11,-8,1,944.74,1,NA,0.125,55.88,1,90.53,1,NA,NA,0.125
2012,7,12,-12.07,0.75,941.84,1,22.95,0.25,262.38,1,84.7,1,22.95,311.48,0.25
2012,7,13,-18.45,1,953.6,1,3.43,0.375,170.5,1,83.65,1,3.36,85.58,0.375
2012,7,14,-16.23,0.875,946.35,1,9.98,0.625,98.5,1,84.51,1,9.61,101.39,0.625
2012,7,15,-9.2,0.75,935.94,1,10.9,0.25,36.75,1,91.09,1,10.77,25.25,0.25
2012,7,16,-18.9,0.75,946.35,1,9.8,0.5,185.12,1,82.61,1,7.75,340,0.5
2012,7,17,-21.29,1,943.89,1,21.4,0.25,296.12,1,77.64,1,21.4,301.07,0.25
2012,7,18,-22.05,0.75,945.65,1,2.45,0.25,96.75,1,71.2,1,0.97,66.47,0.25
2012,7,19,-16.66,1,927.81,1,13.14,0.875,106.38,1,87.1,1,13.07,105.52,0.875
2012,7,20,-11.18,1,923.72,1,4.55,0.5,108,1,89.6,1,4.48,110.81,0.5
2012,7,21,-13.53,0.875,929.68,1,1.81,1,220,1,87.8,1,0.65,297.68,1
2012,7,22,-15.17,1,927.78,1,9.25,0.25,189.88,1,85.15,1,9.23,87.64,0.25
2012,7,23,-25.66,0.625,939.46,1,8.43,0.375,313.38,1,74.86,1,8.04,321.57,0.375
2012,7,24,-26.52,1,944.98,1,12.35,0.25,294.25,1,65.58,1,12.32,299.62,0.25
2012,7,25,-23.39,0.875,945.7,1,NA,0.125,28,0.25,53.34,1,NA,NA,0.125
2012,7,26,-17.08,0.625,938.55,1,4.4,0.375,162,1,77.44,1,3.13,52.92,0.375
2012,7,27,-21.9,1,948.18,1,2.96,0.625,266.88,1,70.11,1,2.95,321.9,0.625
2012,7,28,-23.09,1,944.31,1,1.07,0.375,267.43,0.875,77.59,1,1.03,1.45,0.375
2012,7,29,-24.45,1,946.71,1,11.73,0.75,234.75,1,68.59,1,11.21,296.91,0.75
2012,7,30,-24.67,0.75,937.9,1,3.01,0.875,115.25,1,73.34,1,2.55,88.43,0.875
2012,7,31,-22.29,0.875,949.89,1,3.75,0.5,251.38,1,80.95,1,3.7,266.06,0.5
2012,8,1,-22.33,0.75,958.54,1,1.55,0.25,55.5,1,80.74,1,1.54,32.07,0.25
2012,8,2,-16.73,1,954.9,1,6.17,0.375,80.75,1,83.89,1,6.09,96.26,0.375
2012,8,3,-21.59,0.875,946.19,1,NA,0.125,184.38,1,69.34,1,NA,NA,0.125
2012,8,4,-17.87,0.875,946.08,1,6.65,0.5,109,0.875,73.66,1,6.53,109.64,0.5
2012,8,5,-19.26,1,939.5,1,2.3,0.375,159.12,1,84.5,1,2.2,205.77,0.375
2012,8,6,-28.17,0.875,941.18,1,2.52,0.625,228.62,1,76.25,1,0.36,301.18,0.625
2012,8,7,-27.55,1,944.19,1,0.55,0.5,147.5,0.5,75.9,1,0.45,8.36,0.5
2012,8,8,-29.62,1,951.65,1,1.38,0.625,151,0.625,74.5,1,0.64,313.03,0.625
2012,8,9,-14.6,0.625,954.69,1,3.48,0.75,92.5,1,84.38,1,3.08,97.35,0.75
2012,8,10,-13.94,1,958.75,1,0.6,0.375,192.6,0.625,72.54,1,0.5,286.18,0.375
2012,8,11,-18.3,1,951.1,1,NA,0,NA,0,62.6,1,NA,NA,0
2012,8,12,-20.55,1,957,1,5.32,0.5,231.17,0.75,76.55,1,5.25,289.43,0.5
2012,8,13,-15.33,0.875,961.24,1,NA,0.125,180.8,0.625,40.35,1,NA,NA,0.125
2012,8,14,-15.47,0.875,950.39,1,13.95,0.25,31.38,1,73.47,1,13.95,32,0.25
2012,8,15,-16.73,1,943.41,1,3.47,0.375,145.43,0.875,86.31,1,2.86,97.95,0.375
2012,8,16,-14.57,1,932.92,1,7.5,0.625,109.62,1,85.6,1,5.57,94.56,0.625
2012,8,17,-13.69,1,925.1,0.875,NA,0.125,121.5,1,89.45,1,NA,NA,0.125
2012,8,18,-16.11,1,927.5,1,NA,0,189.38,1,87.14,1,NA,NA,0
2012,8,19,-18.54,1,924.01,1,10.93,0.375,224,1,85.45,1,10.9,305.33,0.375
2012,8,20,-23.42,1,932.89,1,3.2,0.25,215.86,0.875,80.88,1,3.05,323.58,0.25
2012,8,21,-22.99,0.875,938.9,1,NA,0.125,277.25,1,72.89,1,NA,NA,0.125
2012,8,22,-22.49,1,947.29,1,10.4,0.25,286.14,0.875,54.48,1,10.37,299.58,0.25
2012,8,23,-23.79,1,958.9,1,1.3,0.25,182,0.25,46.11,1,1.28,357.35,0.25
2012,8,24,-21.58,0.75,963.94,1,1.11,0.875,226,0.875,73.86,1,0.52,288.4,0.875
2012,8,25,-21.49,1,963.59,1,2.08,0.5,120.6,0.625,82.94,1,1.95,108.13,0.5
2012,8,26,-15.4,1,946.15,1,13.8,0.5,107.88,1,88.15,1,13.49,98.53,0.5
2012,8,27,-5.21,1,940.54,1,13.07,0.5,97.62,1,95.11,1,13.05,88.74,0.5
2012,8,28,-4.9,1,950.42,1,12.6,0.375,103.75,1,90.46,1,12.08,109.67,0.375
2012,8,29,-8.29,1,959.21,1,4.34,0.625,99.75,1,91.35,1,4.24,103.7,0.625
2012,8,30,-12.41,1,954.75,1,0.87,0.875,131.14,0.875,90.79,1,0.81,113.59,0.875
2012,8,31,-8.42,1,951.01,1,2.47,0.75,131.33,0.75,93.26,1,2.24,123.92,0.75
2012,9,1,-11.94,1,940.98,1,3.39,0.875,84.75,1,90.89,1,2.7,97.27,0.875
2012,9,2,-13.74,1,942.34,1,1.91,0.875,129.57,0.875,89.56,1,1.79,99.72,0.875
2012,9,3,-14.57,1,952.22,1,2.94,0.875,88.14,0.875,84.51,1,1.8,74.53,0.875
2012,9,4,-17.01,1,952.06,1,3.9,0.375,105.38,1,84.14,1,3.39,124.77,0.375
2012,9,5,-15.2,1,942.09,1,10.96,0.625,118.88,1,87.94,1,10.79,110.33,0.625
2012,9,6,-14.74,1,945.66,1,6.1,0.375,253.14,0.875,73.3,1,6,298.98,0.375
2012,9,7,-26.66,0.625,950.1,1,NA,0.125,278.25,1,72.11,1,NA,NA,0.125
2012,9,8,-19.61,1,958.86,1,5.4,0.5,278.25,1,41.11,1,5.37,267.43,0.5
2012,9,9,-14.53,1,964.7,1,1.14,0.625,105,0.625,30.58,1,0.64,335.91,0.625
2012,9,10,-13.59,1,967.82,1,0.9,0.25,160.5,0.25,68.88,1,0.64,277.15,0.25
2012,9,11,-17.31,1,967.08,1,NA,0.125,NA,0.125,86.96,1,NA,NA,0.125
2012,9,12,-22.07,0.75,967.4,1,1.06,0.625,144,0.625,83.81,1,0.52,95.06,0.625
2012,9,13,-16.02,0.75,952.29,1,NA,0.125,143.88,1,87.7,1,NA,NA,0.125
2012,9,14,-16.76,1,952.71,1,2.12,0.75,119.14,0.875,85.79,1,0.45,334.21,0.75
2012,9,15,-17.38,1,949.56,1,0.73,0.375,187.25,0.5,82.74,1,0.35,49.83,0.375
2012,9,16,-17.44,0.875,935.4,1,7.32,0.5,203.5,1,86.28,1,7.24,271.68,0.5
2012,9,17,-21.36,0.875,941.44,1,NA,0.125,258,1,80.92,1,NA,NA,0.125
2012,9,18,-22.75,1,954.84,1,3.34,0.625,115,1,77.09,1,3.16,18.63,0.625
2012,9,19,-20.96,0.625,943.8,0.875,9,0.375,79,1,87.26,1,8.9,97.81,0.375
2012,9,20,-6.28,0.625,933.6,1,20.4,0.25,107,1,93.76,1,19,20.32,0.25
2012,9,21,-8.21,1,951.78,1,NA,0.125,184.29,0.875,91.1,1,NA,NA,0.125
2012,9,22,-6.21,0.875,955.86,1,8.6,0.375,93.12,1,88.75,1,7.83,73.07,0.375
2012,9,23,-14.29,0.875,948.32,1,3.5,0.75,217.25,1,85.41,1,2.53,291.49,0.75
2012,9,24,-15.36,1,941.79,1,4.95,0.5,195.75,1,82.91,1,4.27,299.42,0.5
2012,9,25,-14.5,0.875,953.64,1,2.52,0.75,152.14,0.875,82.44,1,1.4,44.06,0.75
2012,9,26,-16.85,1,952.21,1,5.94,1,116.38,1,86.42,1,5.86,118.41,1
2012,9,27,-9.41,0.875,944.66,1,7.88,0.5,114.12,1,88.19,1,7.68,97.25,0.5
2012,9,28,-2.96,1,926.86,1,NA,0.125,93.25,1,92.2,1,NA,NA,0.125
2012,9,29,-8.74,0.875,933.51,1,NA,0.125,228.38,1,82.92,1,NA,NA,0.125
2012,9,30,-20.88,1,953.86,1,1.43,0.5,224.4,0.625,78.38,1,1.17,293.56,0.5
2012,10,1,-16.14,1,956.08,1,NA,0,NA,0,45.05,1,NA,NA,0
2012,10,2,-15.78,1,956.54,1,NA,0,NA,0,45.15,1,NA,NA,0
2012,10,3,-13.05,1,959.81,1,1.9,0.625,192.8,0.625,64.12,1,1.73,309.2,0.625
2012,10,4,-15.46,1,960.11,1,0.32,0.5,190,0.5,67.17,1,0.26,259.14,0.5
2012,10,5,-12.9,1,952.94,1,2.72,0.75,148.86,0.875,82.05,1,2.09,55.51,0.75
2012,10,6,-14.45,1,952.98,1,0.48,0.5,147.75,0.5,87.42,1,0.41,192.83,0.5
2012,10,7,-18.22,1,957.24,1,21.48,0.5,283,1,82.9,1,21.32,287.11,0.5
2012,10,8,-11.69,0.875,966.11,1,16.86,0.875,298.38,1,75.15,1,16.58,298.29,0.875
2012,10,9,-4.12,0.75,957.79,1,4.35,0.25,276.5,1,84.31,1,3.42,290.2,0.25
2012,10,10,-9.85,0.75,951.44,1,18.32,0.5,290.25,1,88.5,1,18.22,297.26,0.5
2012,10,11,-13.97,1,946.54,1,7.15,0.5,242.62,1,85.54,1,5.89,302.21,0.5
2012,10,12,-18.09,1,936.09,1,4.72,0.5,193.38,1,85.71,1,0.97,257.76,0.5
2012,10,13,-21.49,0.875,938.71,1,4.7,0.5,278,1,77.78,1,4.67,282.59,0.5
2012,10,14,-21.97,0.875,952.09,1,12.78,0.5,232.25,1,60.12,1,12.66,283.86,0.5
2012,10,15,-16.77,1,944.32,1,11.53,0.375,80.62,1,86.14,1,10.86,107.8,0.375
2012,10,16,-17.08,1,953,1,9.76,0.625,289.5,1,85.15,1,9.63,282.58,0.625
2012,10,17,-16.82,1,958.08,1,7.32,0.75,225.38,1,80.4,1,6.57,285.12,0.75
2012,10,18,-18.58,1,965.1,1,3.51,1,225.88,1,73.25,1,2.91,287.59,1
2012,10,19,-11.52,0.625,966.95,1,1.19,0.875,109,1,32.64,1,0.43,155.62,0.875
2012,10,20,-11.78,0.75,955.06,1,13.6,0.5,104.62,1,84.21,1,13.44,99.77,0.5
2012,10,21,-12.43,1,957.41,1,9.86,0.625,102.62,1,87.62,1,9.84,105.74,0.625
2012,10,22,-15.06,0.875,956.3,1,3.79,0.875,180.5,1,80.11,1,1.2,100.35,0.875
2012,10,23,-12.94,1,950.48,1,5.3,0.5,221.25,1,58.73,1,5.22,279.41,0.5
2012,10,24,-16.25,1,950.21,1,1.95,1,210.62,1,76.97,1,1.02,274.16,1
2012,10,25,-15.6,1,953.69,1,3.72,0.625,166.88,1,69.04,1,2.29,301.21,0.625
2012,10,26,-16.8,1,948.05,1,1.57,0.75,156.75,1,86.86,1,1.33,93.73,0.75
2012,10,27,-16.24,1,950.76,1,2.7,1,190.62,1,84.39,1,1.15,129.39,1
2012,10,28,-15.64,1,950.78,1,7.19,0.875,286.75,1,57.86,1,7.03,288.59,0.875
2012,10,29,-12.95,1,955.06,1,5.07,0.375,233.25,1,50.68,1,4.77,290.28,0.375
2012,10,30,-10.55,1,962.71,1,1.59,0.875,188.86,0.875,45.12,1,1.19,313.37,0.875
2012,10,31,-11.1,0.875,967.74,1,1.18,0.75,175,0.75,51.49,1,0.7,17.34,0.75
2012,11,1,-10.41,0.875,962.02,1,7.97,0.5,251.38,1,82.94,1,7.44,266.99,0.5
2012,11,2,-14.26,1,962.89,1,13.38,0.75,276.5,1,65.64,1,13.27,274.78,0.75
2012,11,3,-13.99,1,967.69,1,3.46,0.625,130.38,1,53.75,1,2.51,279.65,0.625
2012,11,4,-14.97,1,968.4,1,1.15,1,120.38,1,56.48,1,0.38,17.38,1
2012,11,5,-13.14,1,959.56,1,3.7,0.5,152.88,1,75.95,1,2.82,345.2,0.5
2012,11,6,-14.64,1,947.02,1,12.6,0.625,119.25,1,87.01,1,12.31,123.91,0.625
2012,11,7,-12.69,1,947.92,1,5.46,0.875,237.75,1,89.59,1,3.89,248.94,0.875
2012,11,8,-12.01,1,961.2,1,2.5,0.75,113.29,0.875,89.31,1,1.8,104.61,0.75
2012,11,9,-10.54,1,963.62,1,1.55,1,115,1,89.11,1,0.42,8.17,1
2012,11,10,-10.46,1,961.71,1,1.52,0.75,81.33,0.75,86.21,1,1.36,70.56,0.75
2012,11,11,-11.76,1,963.82,1,1.82,1,199.62,1,81.12,1,1.44,220.65,1
2012,11,12,-13.76,1,957.45,1,2.1,1,181.25,1,72.78,1,1.03,314.01,1
2012,11,13,-11.6,1,946.85,1,5.64,0.875,259.12,1,57.35,1,5.41,293.25,0.875
2012,11,14,-10.66,1,951.99,1,1.81,0.875,199.88,1,65.46,1,1.38,298.71,0.875
2012,11,15,-11,1,961.52,1,11.25,0.75,284,1,79.25,1,10.98,280.26,0.75
2012,11,16,-11.68,1,958.4,1,1.52,0.625,163,1,69.88,1,1.16,56.84,0.625
2012,11,17,-10.96,1,955,1,2.28,1,193.38,1,88.01,1,1.11,170.83,1
2012,11,18,-11.34,1,955.12,1,6.07,0.375,286.62,1,70.21,1,5.99,289.6,0.375
2012,11,19,-11.93,1,961.29,1,4.12,0.5,234.5,0.75,72.16,1,3.52,281.53,0.5
2012,11,20,-10.78,1,965.22,1,1.39,0.875,141.57,0.875,62.95,1,0.48,324.45,0.875
2012,11,21,-9.65,1,963.06,1,4.53,0.75,285.38,1,79.76,1,4.51,276.51,0.75
2012,11,22,-8.56,1,966.8,1,7.82,0.5,240.12,1,83.38,1,7.8,266.21,0.5
2012,11,23,-8.01,1,963,1,1.69,0.875,172.29,0.875,88.12,1,0.66,98.55,0.875
2012,11,24,-6,1,960.08,1,6.7,0.625,41.29,0.875,80.36,1,6.39,48.31,0.625
2012,11,25,-4.44,1,948.1,1,10.6,0.375,98.38,1,90.79,1,10.58,124.83,0.375
2012,11,26,-5.12,1,960.48,1,6.13,0.375,206.75,1,92.41,1,2.2,258.49,0.375
2012,11,27,-6.56,1,962.76,1,12.03,1,281.25,1,85.97,1,11.74,281.93,1
2012,11,28,-8.35,1,957.91,1,15.48,0.625,277.5,1,80.12,1,14.84,275.24,0.625
2012,11,29,-8.07,1,960.38,1,12.53,1,274,1,72.11,1,12.31,274.04,1
2012,11,30,-9.44,1,965.42,1,10.08,0.75,260.5,1,70.53,1,9.72,261.51,0.75
2012,12,1,-6.76,1,967.01,1,14.95,1,288.88,1,59.88,1,14.64,289.02,1
2012,12,2,-4.19,1,965.18,1,12.27,0.375,246.25,1,76.34,1,12.23,294.04,0.375
2012,12,3,-0.64,1,963.66,1,10.9,0.625,292.38,1,56.21,1,10.74,282.4,0.625
2012,12,4,-2.52,0.75,958.74,1,6.88,0.625,109.88,1,79.94,1,3.92,120.3,0.625
2012,12,5,-6.61,1,953.02,1,13.06,0.625,116.88,1,83.15,1,12.95,123.62,0.625
2012,12,6,-7.97,0.875,953.14,1,5.42,0.625,228.62,1,71.81,1,5.33,268.92,0.625
2012,12,7,-6.03,0.5,960.7,1,2.75,1,214,1,64.62,1,1.96,255.41,1
2012,12,8,-4.76,0.875,964.85,1,4.54,0.625,288.83,0.75,69.83,1,4.43,294.38,0.625
2012,12,9,-5.82,1,962.54,1,7.83,0.75,278.5,1,83.59,1,7.26,289.35,0.75
2012,12,10,-5.77,0.375,959.81,1,1.93,0.875,174.14,0.875,84.09,1,1.08,134.2,0.875
2012,12,11,NA,0.125,958.99,1,1.35,1,124.25,1,82.11,1,1.07,121.95,1
2012,12,12,-4.3,0.375,963.16,1,1.36,0.875,182.71,0.875,76.22,1,0.65,44.1,0.875
2012,12,13,-2.8,0.25,966.99,1,1.2,0.875,175.57,0.875,75.96,1,0.49,330.83,0.875
2012,12,14,-2.9,0.375,968.59,1,1.73,0.875,298.57,0.875,72.29,1,1.61,294.31,0.875
2012,12,15,-2.34,0.875,970,1,2.52,0.5,293.5,0.5,77.91,1,2.32,294.49,0.5
2012,12,16,-2.98,0.75,971.89,1,6.38,0.5,226.5,1,77.14,1,6.19,304.61,0.5
2012,12,17,-1.91,0.875,970.58,1,5.76,0.625,293.5,1,80.55,1,5.55,283.78,0.625
2012,12,18,-3.29,1,972.18,1,11.11,0.875,275.75,1,82.03,1,11.08,277.05,0.875
2012,12,19,-3.05,1,977.15,1,5.03,0.75,90.38,1,77,1,4.07,354.94,0.75
2012,12,20,-0.88,1,979.65,1,8.62,0.625,125.5,1,76.46,1,7.9,13.3,0.625
2012,12,21,1.89,1,979.72,1,11.4,0.5,186.25,1,77.49,1,10.93,5.24,0.5
2012,12,22,-0.82,1,974.21,1,9.72,0.5,281.12,1,91.58,1,9.63,273.58,0.5
2012,12,23,-2,1,971.09,1,10.66,1,267.12,1,91.46,1,10.63,267.8,1
2012,12,24,-1.71,1,965.15,1,5.9,0.5,109.25,1,84.11,1,4.89,85.83,0.5
2012,12,25,0.52,1,959.92,1,7.4,0.25,74.12,1,80.62,1,7.26,95.94,0.25
2012,12,26,0.57,0.75,966.98,1,4.96,0.625,111.88,1,78.11,1,3.58,8.05,0.625
2012,12,27,-0.9,0.625,971.22,1,1.84,0.875,237.14,0.875,85.61,1,1.48,284.03,0.875
2012,12,28,-1.35,1,969.64,1,6.1,0.75,276.88,1,88.41,1,5.93,278.2,0.75
2012,12,29,1.32,1,968.88,1,6.07,0.375,68.25,1,73.88,1,3.86,43.37,0.375
2012,12,30,0.48,1,963.9,1,NA,0.125,48.62,1,87.34,1,NA,NA,0.125
2012,12,31,0.56,0.875,962.35,1,3.25,0.5,135.33,0.75,83.34,1,1.76,108.7,0.5
2013,1,1,2.37,0.375,967.78,1,1.47,0.875,96.12,1,78.41,1,1.2,19.39,0.875
2013,1,2,1.2,1,969.54,1,2.8,0.25,65.12,1,82.65,1,2.79,106.47,0.25
2013,1,3,-0.9,0.375,967.95,1,1.91,1,168.25,1,91.94,1,1.02,118.74,1
2013,1,4,-1.77,0.375,966.78,1,2.83,0.75,153.38,1,87.62,1,1.73,123.43,0.75
2013,1,5,-0.39,1,963.99,1,5.34,0.875,105.75,1,91.94,1,5.22,108.37,0.875
2013,1,6,0.26,0.625,964.69,1,2.42,1,158.38,1,73.06,1,0.54,61.95,1
2013,1,7,NA,0.125,966.28,1,0.98,1,145.62,1,77.38,1,0.35,112.14,1
2013,1,8,NA,0.125,966.99,1,1.35,1,176.25,1,79.7,1,0.38,44.9,1
2013,1,9,-2.24,1,965.51,1,9.12,0.625,291.5,1,71.94,1,8.62,287.6,0.625
2013,1,10,-3.06,1,961.72,1,8.55,0.5,284.75,1,72.81,1,8.32,291.11,0.5
2013,1,11,-1.4,0.375,962.15,1,1.93,0.875,238.86,0.875,60.05,1,1.36,310.55,0.875
2013,1,12,-1.39,1,966.45,1,13.33,0.375,298.75,1,69.49,1,13.21,294.03,0.375
2013,1,13,-2.58,0.75,971.55,1,10.17,0.75,294.38,1,79.28,1,9.95,285.57,0.75
2013,1,14,1.93,0.375,971.18,1,1.25,0.75,170.33,0.75,60,1,0.71,324.93,0.75
2013,1,15,1.9,0.25,964.04,1,1.57,1,161.25,1,62.4,1,1.01,318.36,1
2013,1,16,-1.8,0.375,959.86,1,1.66,0.875,125,0.875,90.09,1,0.87,43.69,0.875
2013,1,17,-1.15,1,965.36,1,4.94,0.875,107.62,1,91.01,1,4.92,108.22,0.875
2013,1,18,-0.38,0.5,968.02,1,2.41,1,101.25,1,79.65,1,2.22,92.66,1
2013,1,19,-2.7,0.375,964.06,1,1.82,1,194.62,1,90.35,1,0.89,176.2,1
2013,1,20,-3.79,0.875,957.19,1,5.06,0.875,279.38,1,80.9,1,4.94,277.12,0.875
2013,1,21,-5.8,0.625,958.72,1,3.2,1,212,1,79.91,1,2.67,280.99,1
2013,1,22,NA,0.125,965.84,1,1.25,1,187.62,1,62.96,1,0.58,303.93,1
2013,1,23,NA,0.125,963.51,1,1.65,1,159.5,1,76.28,1,1.06,118.04,1
2013,1,24,-1.73,1,966.42,1,8.22,0.625,219.62,1,94.41,1,3.53,285.55,0.625
2013,1,25,-1.04,1,969.84,1,11.53,1,286.25,1,91.66,1,11.21,286.73,1
2013,1,26,-3.03,0.75,955.74,1,3.44,0.625,179.38,1,80.86,1,1.44,216.3,0.625
2013,1,27,-3.42,1,942.74,1,12,0.75,117.5,1,96.85,1,11.95,116.83,0.75
2013,1,28,-4.79,1,943.28,1,8.41,1,117.62,1,96.06,1,8.31,117.03,1
2013,1,29,-3.97,0.75,951.18,1,3.52,0.625,160.75,1,96.1,1,1.74,141.21,0.625
2013,1,30,NA,0.125,953.76,1,1.75,1,96.75,1,85.83,1,1.4,108.02,1
2013,1,31,NA,0.125,951.39,1,1.43,0.875,136.57,0.875,79.34,1,0.93,101.73,0.875
2013,2,1,-7.03,0.75,953.21,1,3.55,1,265.5,1,86.01,1,3.35,283.84,1
2013,2,2,NA,0,952.09,1,1.2,1,92.38,1,70.71,1,0.84,60.77,1
2013,2,3,-5.53,0.375,948.5,1,2.26,1,191.12,1,87.42,1,1.2,109.5,1
2013,2,4,-6.6,0.375,942.24,1,1.89,1,218.88,1,86.49,1,0.55,263.01,1
2013,2,5,-5.53,0.375,940.44,1,1.55,0.75,146.25,1,74.39,1,0.6,293.04,0.75
2013,2,6,NA,0.125,945.22,1,1.11,1,169.25,1,81.81,1,0.15,206.67,1
2013,2,7,-4.78,1,944.58,1,5.62,0.75,96.5,1,91.65,1,5.49,112.52,0.75
2013,2,8,-4.34,1,940.84,1,7.27,0.75,128.12,1,96.28,1,7.2,132.31,0.75
2013,2,9,-2.83,1,941.58,1,5.75,0.25,130.5,1,97.04,1,5.74,117.71,0.25
2013,2,10,-5.54,0.625,946.19,1,3.34,1,133.38,1,94.75,1,2.62,115.13,1
2013,2,11,NA,0.125,951.1,1,1.2,1,176.88,1,91.5,1,0.53,358.45,1
2013,2,12,-5.26,0.625,955.14,1,4.02,0.75,229.62,1,88.53,1,3.42,297.88,0.75
2013,2,13,-6.81,0.875,957.44,1,6.26,1,291.5,1,80.34,1,5.98,299.01,1
2013,2,14,-8.19,1,959.75,1,11.35,1,285,1,84.5,1,11.26,285.04,1
2013,2,15,-9.37,0.875,961.74,1,11.08,0.625,234,1,80.11,1,10.96,295.04,0.625
2013,2,16,-9.53,0.875,956.2,1,2.85,0.75,183.14,0.875,85.09,1,1.13,292.49,0.75
2013,2,17,-10.67,0.875,953.71,1,4,0.75,198.25,1,79.71,1,2.75,269.65,0.75
2013,2,18,-9.56,1,963.55,1,15.66,0.625,284.62,1,76.61,1,15.42,284.28,0.625
2013,2,19,-5.78,0.625,970.32,1,1.73,0.5,81.38,1,57.92,1,1.38,70.28,0.5
2013,2,20,0.96,1,971.88,1,4.25,0.25,181.5,1,80.26,1,2.34,49.79,0.25
2013,2,21,-1.24,1,965.91,1,NA,0.125,41.75,1,88.45,1,NA,NA,0.125
2013,2,22,0.35,1,956.43,0.875,NA,0.125,102.25,1,89.41,1,NA,NA,0.125
2013,2,23,0.21,1,958.44,1,8.15,0.5,88.25,1,86.39,1,7.99,78.11,0.5
2013,2,24,-1.55,1,962.2,1,20.8,0.25,127.75,1,84.55,1,20.7,355.34,0.25
2013,2,25,0.15,1,949.36,1,NA,0.125,129,0.375,84.06,1,NA,NA,0.125
2013,2,26,-2.36,1,945.5,1,NA,0,NA,0,90.01,1,NA,NA,0
2013,2,27,0.19,1,935.08,1,NA,0,NA,0,80.44,1,NA,NA,0
2013,2,28,-2.86,1,949.21,1,NA,0,NA,0,90.7,1,NA,NA,0
2013,3,1,-4.12,1,948.52,1,NA,0,NA,0,89.86,1,NA,NA,0
2013,3,2,-5.64,1,940.36,1,NA,0,NA,0,95.21,1,NA,NA,0
2013,3,3,-6.55,1,943.21,1,NA,0,NA,0,93,1,NA,NA,0
2013,3,4,-6.89,1,950.52,1,NA,0,NA,0,93.96,1,NA,NA,0
2013,3,5,-9.09,1,953.41,1,NA,0,NA,0,85.31,1,NA,NA,0
2013,3,6,-6.53,1,956.22,1,NA,0,NA,0,92.14,1,NA,NA,0
2013,3,7,-3.38,1,962.95,1,NA,0,NA,0,86.7,1,NA,NA,0
2013,3,8,-0.4,1,957.34,1,NA,0,NA,0,89.7,1,NA,NA,0
2013,3,9,-0.14,1,955.65,1,NA,0,NA,0,90.61,1,NA,NA,0
2013,3,10,-1.12,1,965.39,1,NA,0,NA,0,93.06,1,NA,NA,0
2013,3,11,-0.75,1,970.54,1,NA,0,NA,0,86.83,1,NA,NA,0
2013,3,12,-0.41,1,963.5,1,NA,0,NA,0,89.61,1,NA,NA,0
2013,3,13,-0.61,1,950.98,1,NA,0,NA,0,93.15,1,NA,NA,0
2013,3,14,-3.49,1,962.56,1,NA,0,NA,0,89.54,1,NA,NA,0
2013,3,15,-4.61,1,964.62,1,NA,0,NA,0,71.16,1,NA,NA,0
2013,3,16,-1.18,1,935.11,0.875,NA,0,NA,0,93.39,1,NA,NA,0
2013,3,17,-0.91,1,935.62,1,NA,0,NA,0,89.96,1,NA,NA,0
2013,3,18,-1.45,1,940.81,1,NA,0,NA,0,90.15,1,NA,NA,0
2013,3,19,-2.25,1,946.14,1,NA,0,NA,0,85,1,NA,NA,0
2013,3,20,-4.09,1,944.44,1,NA,0,NA,0,86.41,1,NA,NA,0
2013,3,21,-6.35,1,941.91,1,NA,0,NA,0,93.08,1,NA,NA,0
2013,3,22,-8.72,0.5,946.88,1,NA,0,NA,0,89.49,1,NA,NA,0
2013,3,23,-1.85,1,946.66,1,NA,0,NA,0,85.16,1,NA,NA,0
2013,3,24,-1.82,1,943.49,1,NA,0,NA,0,91.79,1,NA,NA,0
2013,3,25,-2.01,1,935.84,1,NA,0,NA,0,95.76,1,NA,NA,0
2013,3,26,-4.93,0.875,930.55,1,NA,0,NA,0,96.44,1,NA,NA,0
2013,3,27,-4.3,1,934.21,1,NA,0,NA,0,96.59,1,NA,NA,0
2013,3,28,-3.92,1,942.01,1,NA,0,NA,0,92.91,1,NA,NA,0
2013,3,29,-3.14,1,950.98,1,NA,0,NA,0,94.83,1,NA,NA,0
2013,3,30,-4.39,1,958.05,1,NA,0,NA,0,95.67,1,NA,NA,0
2013,3,31,-5.28,1,936.78,1,NA,0,NA,0,95.76,1,NA,NA,0
2013,4,1,-3.72,1,923.31,1,NA,0,NA,0,96.76,1,NA,NA,0
2013,4,2,-5.76,1,935.66,1,NA,0,NA,0,95.7,1,NA,NA,0
2013,4,3,-10.06,1,939.46,1,NA,0,NA,0,92.9,1,NA,NA,0
2013,4,4,-11.96,1,941.4,1,NA,0,NA,0,91.1,1,NA,NA,0
2013,4,5,-11.15,1,931.04,1,NA,0,NA,0,85.9,1,NA,NA,0
2013,4,6,-9.29,1,932.42,1,NA,0,NA,0,76.19,1,NA,NA,0
2013,4,7,-11.51,1,929.86,1,NA,0,NA,0,91.81,1,NA,NA,0
2013,4,8,-13.7,0.75,931.3,1,NA,0,NA,0,89.86,1,NA,NA,0
2013,4,9,-16.21,1,930.52,1,NA,0,NA,0,87.47,1,NA,NA,0
2013,4,10,-16.01,1,936.52,1,NA,0,NA,0,86.8,1,NA,NA,0
2013,4,11,-11.55,0.5,929.98,1,NA,0,NA,0,89.72,1,NA,NA,0
2013,4,12,-14.99,1,951.81,1,NA,0,NA,0,85.14,1,NA,NA,0
2013,4,13,-11.6,0.75,949.45,1,NA,0,NA,0,89.53,1,NA,NA,0
2013,4,14,-15.8,0.75,951.45,1,NA,0,NA,0,76.26,1,NA,NA,0
2013,4,15,-22.05,1,958.4,1,NA,0,NA,0,80.39,1,NA,NA,0
2013,4,16,-22.4,1,958.65,1,NA,0,NA,0,63.08,1,NA,NA,0
2013,4,17,-16.24,0.875,953.62,1,NA,0,NA,0,77.05,1,NA,NA,0
2013,4,18,-20.2,1,950.1,1,NA,0,NA,0,79.39,1,NA,NA,0
2013,4,19,-14.9,0.875,941.16,1,NA,0,NA,0,88.99,1,NA,NA,0
2013,4,20,-15.94,1,943.15,1,NA,0,NA,0,85.1,1,NA,NA,0
2013,4,21,-19.85,1,957.48,1,NA,0,NA,0,80.41,1,NA,NA,0
2013,4,22,-16.75,0.5,946.71,1,NA,0,NA,0,85.33,1,NA,NA,0
2013,4,23,-5.58,1,939.71,1,NA,0,NA,0,78.33,1,NA,NA,0
2013,4,24,-4.97,1,949.34,1,NA,0,NA,0,80.62,1,NA,NA,0
2013,4,25,-9.94,0.875,945.86,1,NA,0,NA,0,91.84,1,NA,NA,0
2013,4,26,-6.59,1,930.26,1,NA,0,NA,0,94.89,1,NA,NA,0
2013,4,27,-5.7,1,939.41,1,NA,0,NA,0,90.17,1,NA,NA,0
2013,4,28,-10.32,1,950.19,1,NA,0,NA,0,92.36,1,NA,NA,0
2013,4,29,-12.43,1,950.05,1,NA,0,NA,0,89.36,1,NA,NA,0
2013,4,30,-14.88,1,949.99,1,NA,0,NA,0,88.83,1,NA,NA,0
2013,5,1,-17.73,1,946.34,1,NA,0,NA,0,85.04,1,NA,NA,0
2013,5,2,-21.34,1,953.11,1,NA,0,NA,0,80.6,1,NA,NA,0
2013,5,3,-19.94,1,959.04,1,NA,0,NA,0,84.03,1,NA,NA,0
2013,5,4,-13.77,0.75,961.04,1,NA,0,NA,0,83.78,1,NA,NA,0
2013,5,5,-13.55,1,964.18,1,NA,0,NA,0,89.08,1,NA,NA,0
2013,5,6,-12.81,0.875,960.6,1,NA,0,NA,0,88.66,1,NA,NA,0
2013,5,7,-15.69,1,952.89,1,NA,0,NA,0,72.84,1,NA,NA,0
2013,5,8,-20.85,1,949.18,1,NA,0,NA,0,76.81,1,NA,NA,0
2013,5,9,-19.5,1,949.11,1,NA,0,NA,0,81.45,1,NA,NA,0
2013,5,10,-17.91,1,947.81,1,NA,0,NA,0,84.1,1,NA,NA,0
2013,5,11,-16.42,1,955.12,1,NA,0,NA,0,75.34,1,NA,NA,0
2013,5,12,-17.52,1,962.41,1,NA,0,NA,0,72.64,1,NA,NA,0
2013,5,13,-15.9,1,971.05,1,NA,0,NA,0,59.3,1,NA,NA,0
2013,5,14,-10.34,0.625,954.28,1,NA,0,NA,0,88.69,1,NA,NA,0
2013,5,15,-10.69,0.875,957.25,1,NA,0,NA,0,91.22,1,NA,NA,0
2013,5,16,-4.91,0.875,951.3,1,NA,0,NA,0,80.12,1,NA,NA,0
2013,5,17,-9.83,0.875,951.64,1,NA,0,NA,0,91.29,1,NA,NA,0
2013,5,18,-11.62,1,944.8,1,NA,0,NA,0,91.34,1,NA,NA,0
2013,5,19,-10.24,1,937.4,1,NA,0,NA,0,91.83,1,NA,NA,0
2013,5,20,-13.15,1,937,1,NA,0,NA,0,90.34,1,NA,NA,0
2013,5,21,-19,1,947.34,1,NA,0,NA,0,85.44,1,NA,NA,0
2013,5,22,-22.59,1,958.86,1,NA,0,NA,0,82.16,1,NA,NA,0
2013,5,23,-17.43,0.875,968.8,1,NA,0,NA,0,87.71,1,NA,NA,0
2013,5,24,-11.66,0.875,972.86,1,NA,0,NA,0,90.72,1,NA,NA,0
2013,5,25,-7.42,1,977.3,1,NA,0,NA,0,84.88,1,NA,NA,0
2013,5,26,-3.98,1,975.04,1,NA,0,NA,0,81.03,1,NA,NA,0
2013,5,27,-3.86,1,976.08,1,NA,0,NA,0,87.8,1,NA,NA,0
2013,5,28,-12.86,1,973.34,1,NA,0,NA,0,85.62,1,NA,NA,0
2013,5,29,-18.1,1,967.78,1,NA,0,NA,0,48.62,1,NA,NA,0
2013,5,30,-22.76,1,957.92,1,NA,0,NA,0,68.88,1,NA,NA,0
2013,5,31,-27.81,1,959.62,1,NA,0,NA,0,67.84,1,NA,NA,0
2013,6,1,-27.58,1,964.75,1,NA,0,NA,0,76.17,1,NA,NA,0
2013,6,2,-23.62,1,954.7,1,NA,0,NA,0,46.52,1,NA,NA,0
2013,6,3,-25.84,0.625,953.96,1,NA,0,NA,0,55.85,1,NA,NA,0
2013,6,4,-29.75,1,959.96,1,NA,0,NA,0,67.47,1,NA,NA,0
2013,6,5,-28.09,1,960.76,1,NA,0,NA,0,49.52,1,NA,NA,0
2013,6,6,-25.29,1,953.04,1,NA,0,NA,0,43.89,1,NA,NA,0
2013,6,7,-24.05,1,947.08,1,NA,0,NA,0,40.36,1,NA,NA,0
2013,6,8,-28.74,1,947.8,1,NA,0,NA,0,71.03,1,NA,NA,0
2013,6,9,-29.92,1,944.8,1,NA,0,NA,0,74.26,1,NA,NA,0
2013,6,10,-27.98,1,946,1,NA,0,NA,0,76.41,1,NA,NA,0
2013,6,11,-22.96,1,943.48,1,NA,0,NA,0,80.21,1,NA,NA,0
2013,6,12,-20.11,1,947.19,1,NA,0,NA,0,83.89,1,NA,NA,0
2013,6,13,-19.36,1,942.69,1,NA,0,NA,0,84.59,1,NA,NA,0
2013,6,14,-17.26,1,945.95,1,NA,0,NA,0,86.4,1,NA,NA,0
2013,6,15,-19.25,1,942.92,1,NA,0,NA,0,83.61,1,NA,NA,0
2013,6,16,-17.08,1,948.66,1,NA,0,NA,0,87.01,1,NA,NA,0
2013,6,17,-21.06,1,957.09,1,NA,0,NA,0,83.41,1,NA,NA,0
2013,6,18,-21.73,1,954.99,1,NA,0,NA,0,82.96,1,NA,NA,0
2013,6,19,-15.84,1,950.7,1,NA,0,NA,0,87.5,1,NA,NA,0
2013,6,20,-17.34,1,951.5,1,NA,0,NA,0,86.69,1,NA,NA,0
2013,6,21,-15.05,1,947.54,1,NA,0,NA,0,88.78,1,NA,NA,0
2013,6,22,-16.6,1,938.92,1,NA,0,NA,0,87.4,1,NA,NA,0
2013,6,23,-20.36,1,946.7,1,NA,0,NA,0,83.61,1,NA,NA,0
2013,6,24,-15.4,1,951.16,1,NA,0,NA,0,87.21,1,NA,NA,0
2013,6,25,-15.49,1,950.32,1,NA,0,NA,0,87.45,1,NA,NA,0
2013,6,26,-14.48,1,949.98,1,NA,0,NA,0,88.61,1,NA,NA,0
2013,6,27,-17.22,1,956.65,1,NA,0,NA,0,85.11,1,NA,NA,0
2013,6,28,-17.34,1,960.4,1,NA,0,NA,0,84.17,1,NA,NA,0
2013,6,29,-17.14,1,959.49,1,NA,0,NA,0,81.29,1,NA,NA,0
2013,6,30,-17.12,1,959.49,1,NA,0,NA,0,86.81,1,NA,NA,0
2013,7,1,-18.15,1,962.64,1,NA,0,NA,0,84.19,1,NA,NA,0
2013,7,2,-15.13,0.875,946.78,1,NA,0,NA,0,89.92,1,NA,NA,0
2013,7,3,-3.93,0.875,937.86,1,NA,0,NA,0,93.31,1,NA,NA,0
2013,7,4,-7.78,1,939.79,1,NA,0,NA,0,84.33,1,NA,NA,0
2013,7,5,-10.7,1,943.3,1,NA,0,NA,0,83.12,1,NA,NA,0
2013,7,6,-15.15,1,952.51,1,NA,0,NA,0,85.74,1,NA,NA,0
2013,7,7,-18.12,1,956.95,1,NA,0,NA,0,79,1,NA,NA,0
2013,7,8,-21.15,1,948.86,1,NA,0,NA,0,69.97,1,NA,NA,0
2013,7,9,-17.65,0.75,953.96,1,NA,0,NA,0,55.76,1,NA,NA,0
2013,7,10,-25.36,1,959.36,1,NA,0,NA,0,74.42,1,NA,NA,0
2013,7,11,-24.64,1,951.38,1,NA,0,NA,0,59.8,1,NA,NA,0
2013,7,12,-25.81,1,957.16,1,NA,0,NA,0,62.33,1,NA,NA,0
2013,7,13,-27.09,1,969.56,1,NA,0,NA,0,62.04,1,NA,NA,0
2013,7,14,-21.81,0.875,966.12,1,NA,0,NA,0,52.99,1,NA,NA,0
2013,7,15,-22.76,1,959.44,1,NA,0,NA,0,75.75,1,NA,NA,0
2013,7,16,-24.18,0.75,943.31,1,NA,0,NA,0,83.08,1,NA,NA,0
2013,7,17,-22.3,1,945.8,1,NA,0,NA,0,82.17,1,NA,NA,0
2013,7,18,-22.14,1,954.61,1,NA,0,NA,0,82.36,1,NA,NA,0
2013,7,19,-15.67,0.75,960.5,1,NA,0,NA,0,88.86,1,NA,NA,0
2013,7,20,-2.6,0.875,935.28,1,NA,0,NA,0,89.45,1,NA,NA,0
2013,7,21,-9.97,0.75,935.95,1,NA,0,NA,0,71.88,1,NA,NA,0
2013,7,22,-10,0.875,924.48,1,NA,0,NA,0,91.29,1,NA,NA,0
2013,7,23,-14.15,1,931.51,1,NA,0,NA,0,86.17,1,NA,NA,0
2013,7,24,-20.89,1,933.02,1,NA,0,NA,0,82.11,1,NA,NA,0
2013,7,25,-25.21,1,943.61,1,NA,0,NA,0,79.89,1,NA,NA,0
2013,7,26,-26.91,1,954.55,1,NA,0,NA,0,67.92,1,NA,NA,0
2013,7,27,-24.42,1,951.48,1,NA,0,NA,0,76.65,1,NA,NA,0
2013,7,28,-21.9,1,949.25,1,NA,0,NA,0,82.41,1,NA,NA,0
2013,7,29,-17.52,0.625,944.11,0.875,NA,0,NA,0,83.85,1,NA,NA,0
2013,7,30,-25.19,1,958.84,1,NA,0,NA,0,73.85,1,NA,NA,0
2013,7,31,-24.25,1,974.38,1,NA,0,NA,0,79.17,1,NA,NA,0
2013,8,1,-19.3,1,979.52,1,NA,0,NA,0,81.78,1,NA,NA,0
2013,8,2,-14.82,0.625,964.75,1,NA,0,NA,0,85.39,1,NA,NA,0
2013,8,3,-20.92,0.5,954.19,1,NA,0,42,0.25,83.04,1,NA,NA,0
2013,8,4,-24.94,0.625,930.6,1,NA,0,NA,0.125,79.56,1,NA,NA,0
2013,8,5,-31.04,1,930.34,1,NA,0,NA,0,72.78,1,NA,NA,0
2013,8,6,-32.54,1,924.19,1,NA,0,NA,0,71.79,1,NA,NA,0
2013,8,7,-31.8,1,926.84,1,NA,0.125,NA,0.125,71.36,1,NA,NA,0.125
2013,8,8,-29.1,1,929.1,1,NA,0,NA,0,75.66,1,NA,NA,0
2013,8,9,-29.04,1,936.4,1,NA,0,NA,0.125,74.1,1,NA,NA,0
2013,8,10,-25.04,1,944.89,1,NA,0,NA,0.125,79.55,1,NA,NA,0
2013,8,11,-24.68,1,949.39,1,NA,0.125,NA,0.125,77.38,1,NA,NA,0.125
2013,8,12,-24.18,1,958.44,1,NA,0,NA,0,71.34,1,NA,NA,0
2013,8,13,-20.39,0.875,966.56,1,NA,0,NA,0,67.14,1,NA,NA,0
2013,8,14,-18.95,1,966.09,1,NA,0.125,NA,0.125,83,1,NA,NA,0.125
2013,8,15,-22.79,1,958.48,1,NA,0,NA,0,80.11,1,NA,NA,0
2013,8,16,-20.8,1,957.51,1,NA,0,NA,0,83.88,1,NA,NA,0
2013,8,17,-20.85,1,959.96,1,NA,0,NA,0,83.42,1,NA,NA,0
2013,8,18,-17.97,0.875,962.71,1,NA,0,NA,0,73.25,1,NA,NA,0
2013,8,19,-19.26,1,970.06,1,NA,0,NA,0,74.91,1,NA,NA,0
2013,8,20,-19.08,0.625,972.72,1,NA,0,NA,0,82.24,1,NA,NA,0
2013,8,21,-15.2,0.875,973.65,0.75,NA,0.125,39.5,0.25,89.47,1,NA,NA,0.125
2013,8,22,-3.48,0.625,970.69,0.875,NA,0,66.25,0.5,97.17,0.375,NA,NA,0
2013,8,23,-1.25,1,961.38,1,NA,0,NA,0,87.79,1,NA,NA,0
2013,8,24,-2.34,1,957.32,1,NA,0,NA,0,78.45,1,NA,NA,0
2013,8,25,-5.93,0.875,946.65,1,NA,0,NA,0,93,1,NA,NA,0
2013,8,26,-4.7,1,936.05,1,NA,0,NA,0,96.08,1,NA,NA,0
2013,8,27,-8.49,1,955,1,NA,0,1,0.25,92.71,1,NA,NA,0
2013,8,28,-12.3,0.875,959.76,1,NA,0,NA,0,86.21,1,NA,NA,0
2013,8,29,-13.89,0.875,958.96,1,NA,0,NA,0,88.38,1,NA,NA,0
2013,8,30,-11.71,1,958.28,1,NA,0,NA,0,88.41,1,NA,NA,0
2013,8,31,-16.35,0.75,958.4,1,NA,0,NA,0,87.33,1,NA,NA,0
2013,9,1,-15.55,1,955.64,1,NA,0,38.5,0.5,83.33,1,NA,NA,0
2013,9,2,-18.59,0.875,946.86,1,NA,0.125,127.25,1,83.86,1,NA,NA,0.125
2013,9,3,-18.73,0.75,949.05,1,NA,0,NA,0,80,1,NA,NA,0
2013,9,4,-26.41,1,951.25,1,NA,0,NA,0,71.56,1,NA,NA,0
2013,9,5,-32.69,1,950.69,1,NA,0,118.67,0.375,71.65,1,NA,NA,0
2013,9,6,-29.02,1,951.74,1,NA,0,NA,0,66.3,1,NA,NA,0
2013,9,7,-29.62,1,955.36,1,NA,0.125,3,0.25,55.67,1,NA,NA,0.125
2013,9,8,-30.87,0.875,961.18,1,NA,0,0.5,0.25,56.06,1,NA,NA,0
2013,9,9,-23.82,1,957.05,1,NA,0,NA,0,36.99,1,NA,NA,0
2013,9,10,-20.17,0.375,955.39,1,NA,0,NA,0,52.52,1,NA,NA,0
2013,9,11,-16.72,0.75,961.56,1,NA,0,NA,0,81.62,1,NA,NA,0
2013,9,12,-8.52,0.625,959.86,1,NA,0,NA,0.125,90.38,1,NA,NA,0
2013,9,13,-17.93,0.875,955.52,1,0.05,0.25,51.5,0.5,86.46,1,0.05,47,0.25
2013,9,14,-17.45,1,951.84,1,NA,0,NA,0.125,87.1,1,NA,NA,0
2013,9,15,-12.29,1,947.1,1,NA,0,42.5,0.25,90.4,1,NA,NA,0
2013,9,16,-8.62,1,947.5,1,NA,0.125,NA,0.125,93.39,1,NA,NA,0.125
2013,9,17,-14.57,1,944.89,1,NA,0,NA,0,86.8,1,NA,NA,0
2013,9,18,-17.88,1,938.42,1,NA,0,NA,0,81.09,1,NA,NA,0
2013,9,19,-15.93,1,941.5,1,NA,0.125,NA,0.125,82.42,1,NA,NA,0.125
2013,9,20,-14.35,1,950.98,1,NA,0,NA,0,86.56,1,NA,NA,0
2013,9,21,-16.58,1,945.1,1,NA,0,NA,0,87.49,1,NA,NA,0
2013,9,22,-15.9,1,945.05,1,NA,0,NA,0,88.01,1,NA,NA,0
2013,9,23,-14.16,1,953.74,1,NA,0,NA,0,83.8,1,NA,NA,0
2013,9,24,-15.1,1,955.95,1,NA,0,NA,0,87.58,1,NA,NA,0
2013,9,25,-18.15,1,956.86,1,NA,0,NA,0,79.06,1,NA,NA,0
2013,9,26,-16.4,1,969.51,1,NA,0,NA,0,84.47,1,NA,NA,0
2013,9,27,-13.62,1,969.26,1,NA,0,NA,0,89.75,1,NA,NA,0
2013,9,28,-6.28,1,959.08,1,NA,0,NA,0,93,1,NA,NA,0
2013,9,29,-1.19,1,952.89,1,0.05,0.25,25.86,0.875,93.35,1,0.05,40,0.25
2013,9,30,-2.86,1,964.29,1,NA,0,NA,0.125,92.46,1,NA,NA,0
2013,10,1,-4.62,1,964.6,1,NA,0,NA,0,79,1,NA,NA,0
2013,10,2,-2.81,0.875,960.48,1,NA,0,NA,0,85.21,1,NA,NA,0
2013,10,3,-1.44,1,960.17,0.875,NA,0,NA,0,90.19,1,NA,NA,0
2013,10,4,-4.26,1,960.29,1,NA,0,NA,0,94.44,1,NA,NA,0
2013,10,5,-7.69,1,962.66,1,NA,0,NA,0,83.25,1,NA,NA,0
2013,10,6,-10.49,1,954.71,1,NA,0,NA,0,91.41,1,NA,NA,0
2013,10,7,-5.99,1,953.35,1,NA,0,NA,0,88.3,1,NA,NA,0
2013,10,8,-9.1,1,955.58,1,NA,0,NA,0,87.53,1,NA,NA,0
2013,10,9,-12.4,1,954.98,1,NA,0,NA,0,81.39,1,NA,NA,0
2013,10,10,-10.51,1,946.25,1,NA,0,NA,0,85.11,1,NA,NA,0
2013,10,11,-12.7,1,946.5,1,NA,0,NA,0,88.76,1,NA,NA,0
2013,10,12,-20.39,1,949.85,1,NA,0,NA,0,72.42,1,NA,NA,0
2013,10,13,-24.2,1,948.5,1,NA,0,NA,0,71,1,NA,NA,0
2013,10,14,-20.88,1,945.1,1,NA,0,NA,0,71.89,1,NA,NA,0
2013,10,15,-21.06,1,952.65,1,NA,0,NA,0,68.16,1,NA,NA,0
2013,10,16,-15.23,0.875,958.28,1,NA,0,NA,0,47.74,1,NA,NA,0
2013,10,17,-12.47,1,947.51,1,NA,0,NA,0,77.17,1,NA,NA,0
2013,10,18,-14.46,1,944.55,1,NA,0,NA,0,81.31,1,NA,NA,0
2013,10,19,-14.36,1,950.96,1,NA,0,NA,0,83.51,1,NA,NA,0
2013,10,20,-16.73,1,949.75,1,NA,0,NA,0,80.36,1,NA,NA,0
2013,10,21,-13.8,1,956.81,1,NA,0,NA,0,89.24,1,NA,NA,0
2013,10,22,-11.35,1,950.88,1,NA,0,NA,0,86.24,1,NA,NA,0
2013,10,23,-16.99,1,943.41,1,NA,0,NA,0,86.99,1,NA,NA,0
2013,10,24,-19.5,1,946.91,1,NA,0,NA,0,79.7,1,NA,NA,0
2013,10,25,-22.58,1,947.24,1,NA,0,NA,0,70.45,1,NA,NA,0
2013,10,26,-22.79,1,948.2,1,NA,0,NA,0,63.77,1,NA,NA,0
2013,10,27,-19.98,1,944.81,1,NA,0,NA,0,71.88,1,NA,NA,0
2013,10,28,-16.05,1,938.41,1,NA,0,NA,0,88.25,1,NA,NA,0
2013,10,29,-13.18,1,936.74,1,NA,0,NA,0,90.36,1,NA,NA,0
2013,10,30,-14.06,1,941.71,1,NA,0,NA,0,89.12,1,NA,NA,0
2013,10,31,-13.28,1,947.18,1,NA,0,NA,0,88.47,1,NA,NA,0
2013,11,1,-12.65,1,949.12,1,NA,0,NA,0,79.55,1,NA,NA,0
2013,11,2,-12.78,1,947.02,1,NA,0,NA,0,79.94,1,NA,NA,0
2013,11,3,-16.27,1,940.19,1,NA,0,NA,0,81.08,1,NA,NA,0
2013,11,4,-18.59,1,940.04,1,NA,0,NA,0,73.17,1,NA,NA,0
2013,11,5,-18.32,1,940.61,1,NA,0,NA,0,68.69,1,NA,NA,0
2013,11,6,-18.56,1,945.91,1,NA,0,NA,0,77.96,1,NA,NA,0
2013,11,7,-16.27,1,955.8,1,NA,0,NA,0,74.86,1,NA,NA,0
2013,11,8,-12.09,0.875,958.46,1,NA,0,NA,0,88.35,1,NA,NA,0
2013,11,9,-8.71,1,950.85,1,NA,0,NA,0,82.11,1,NA,NA,0
2013,11,10,-11.49,1,948.19,1,NA,0,NA,0,90.47,1,NA,NA,0
2013,11,11,-9.91,1,947.81,1,NA,0,NA,0,84.65,1,NA,NA,0
2013,11,12,-10.29,1,938.24,1,NA,0,NA,0,84.62,1,NA,NA,0
2013,11,13,-11,1,927.51,1,NA,0,NA,0,91.74,1,NA,NA,0
2013,11,14,-9.61,1,935.69,1,NA,0,NA,0,84.8,1,NA,NA,0
2013,11,15,-8.22,1,948.41,1,NA,0,NA,0,90.6,1,NA,NA,0
2013,11,16,-7.58,1,951.06,1,NA,0,NA,0,89.65,1,NA,NA,0
2013,11,17,-8.56,1,948.71,1,NA,0,NA,0,93.64,1,NA,NA,0
2013,11,18,-9.62,1,953.02,1,NA,0,NA,0,84.8,1,NA,NA,0
2013,11,19,-9.76,1,950.8,1,NA,0,NA,0,85.49,1,NA,NA,0
2013,11,20,-10.05,1,946.29,1,NA,0,NA,0,82.17,1,NA,NA,0
2013,11,21,-10.05,1,952.54,1,NA,0,NA,0,92.14,1,NA,NA,0
2013,11,22,-12.93,1,954.42,1,NA,0,NA,0,87.41,1,NA,NA,0
2013,11,23,-7.7,1,944.7,1,NA,0,NA,0,92.38,1,NA,NA,0
2013,11,24,-4.24,1,939.88,1,NA,0,NA,0,83.79,1,NA,NA,0
2013,11,25,-5.54,1,950.2,1,NA,0,NA,0,81.22,1,NA,NA,0
2013,11,26,-7.26,1,948.52,1,NA,0,NA,0,83.91,1,NA,NA,0
2013,11,27,-5.81,1,952.45,1,NA,0,NA,0,86.34,1,NA,NA,0
2013,11,28,-6.25,1,955.3,1,NA,0,NA,0,85.25,1,NA,NA,0
2013,11,29,-7.97,1,946.21,1,NA,0,NA,0,90.4,1,NA,NA,0
2013,11,30,-8.4,1,936.31,1,NA,0,NA,0,87.28,1,NA,NA,0
2013,12,1,-6.72,1,946.95,1,NA,0,NA,0,88.94,1,NA,NA,0
2013,12,2,-6,1,947.29,1,NA,0,NA,0,92.28,1,NA,NA,0
2013,12,3,-5.34,1,960.06,1,NA,0,NA,0,80.62,1,NA,NA,0
2013,12,4,-5.89,1,956.94,1,NA,0,NA,0,81.01,1,NA,NA,0
2013,12,5,-3.62,1,946.51,1,NA,0,NA,0,93.38,1,NA,NA,0
2013,12,6,-4.42,1,955.65,1,NA,0,NA,0,93.3,1,NA,NA,0
2013,12,7,-3.21,1,962.72,1,NA,0,NA,0,79.97,1,NA,NA,0
2013,12,8,-0.91,1,970.08,1,NA,0,NA,0,86.25,1,NA,NA,0
2013,12,9,-1.02,1,970.16,1,NA,0,NA,0,79.66,1,NA,NA,0
2013,12,10,-1.69,0.875,962.49,1,NA,0,NA,0,73.35,1,NA,NA,0
2013,12,11,-1.39,1,955.1,1,NA,0,NA,0,71.3,1,NA,NA,0
2013,12,12,-4.55,1,958.61,1,NA,0,NA,0,66.96,1,NA,NA,0
2013,12,13,-2.57,1,957.5,1,NA,0,NA,0,67.06,1,NA,NA,0
2013,12,14,-3.5,1,951.82,1,NA,0,NA,0,83.61,1,NA,NA,0
2013,12,15,-3.29,1,956.36,1,NA,0,NA,0,79.69,1,NA,NA,0
2013,12,16,-2.8,1,959.28,1,NA,0,NA,0,83.71,1,NA,NA,0
2013,12,17,-2.31,1,964.12,1,NA,0,NA,0,71.51,1,NA,NA,0
2013,12,18,-2.68,1,965.89,1,NA,0,NA,0,78.17,1,NA,NA,0
2013,12,19,-3.3,1,969.41,1,NA,0,NA,0,88.39,1,NA,NA,0
2013,12,20,-3.36,1,972.66,1,NA,0,NA,0,74.95,1,NA,NA,0
2013,12,21,-3.28,1,969.69,1,NA,0,NA,0,87.17,1,NA,NA,0
2013,12,22,-2.75,1,964.79,1,NA,0,NA,0,87.12,1,NA,NA,0
2013,12,23,-2.83,1,960.81,1,NA,0,NA,0,86.45,1,NA,NA,0
2013,12,24,-4.53,1,964.69,1,NA,0,NA,0,81.9,1,NA,NA,0
2013,12,25,-4.45,1,962.66,1,NA,0,NA,0,77.54,1,NA,NA,0
2013,12,26,-2.85,1,961.82,1,NA,0,NA,0,78.24,1,NA,NA,0
2013,12,27,-2.48,1,966.45,1,NA,0,NA,0,76.5,1,NA,NA,0
2013,12,28,-4.62,1,971.3,1,NA,0,NA,0,87.39,1,NA,NA,0
2013,12,29,-4,1,971,1,NA,0,NA,0,84.17,1,NA,NA,0
2013,12,30,-4.34,1,971.5,1,NA,0,NA,0,81.81,1,NA,NA,0
2013,12,31,-2.38,1,972.28,1,NA,0,NA,0,74.04,1,NA,NA,0
2014,1,1,-1.74,1,970.1,1,NA,0,NA,0,81.12,1,NA,NA,0
2014,1,2,0.03,1,964.39,1,NA,0,NA,0,76.21,1,NA,NA,0
2014,1,3,-0.01,1,960.64,1,NA,0,NA,0,82.95,1,NA,NA,0
2014,1,4,-1.18,1,960.98,1,NA,0,NA,0,92.33,1,NA,NA,0
2014,1,5,-4.76,1,963.5,1,NA,0,NA,0,82.56,1,NA,NA,0
2014,1,6,-5.32,1,959.04,1,NA,0,NA,0,73.24,1,NA,NA,0
2014,1,7,-3.81,1,962.21,1,NA,0,NA,0,75.51,1,NA,NA,0
2014,1,8,-3.11,1,966.41,1,NA,0,NA,0,79.8,1,NA,NA,0
2014,1,9,-1.75,1,971.2,1,NA,0,NA,0,84.54,1,NA,NA,0
2014,1,10,-2.19,1,974.88,1,NA,0,NA,0,78.05,1,NA,NA,0
2014,1,11,-2.91,1,967.94,1,NA,0,NA,0,64.76,1,NA,NA,0
2014,1,12,-4.22,1,963.32,1,NA,0,NA,0,66.38,1,NA,NA,0
2014,1,13,-5.58,1,962.21,1,NA,0,NA,0,57.91,1,NA,NA,0
2014,1,14,-7.72,1,957.1,1,NA,0,NA,0,75.22,1,NA,NA,0
2014,1,15,-5.65,1,948.72,1,NA,0,NA,0,88.84,1,NA,NA,0
2014,1,16,-3.6,1,958.5,1,NA,0,NA,0,95.67,1,NA,NA,0
2014,1,17,-3.67,1,974.66,1,NA,0,NA,0,77.99,1,NA,NA,0
2014,1,18,-3,1,971.88,1,NA,0,NA,0,65.61,1,NA,NA,0
2014,1,19,-4.24,1,963.36,1,NA,0,NA,0,84.74,1,NA,NA,0
2014,1,20,-2.86,1,966.12,1,NA,0,NA,0,81.2,1,NA,NA,0
2014,1,21,-3.82,1,970.62,1,NA,0,NA,0,84.03,1,NA,NA,0
2014,1,22,-2.06,1,961.22,1,NA,0,NA,0,90.33,1,NA,NA,0
2014,1,23,-0.99,1,945.14,1,NA,0,NA,0,86.19,1,NA,NA,0
2014,1,24,-3.28,1,952.82,1,NA,0,NA,0,91.85,1,NA,NA,0
2014,1,25,-6.35,1,959.19,1,NA,0,NA,0,85.49,1,NA,NA,0
2014,1,26,-8.38,1,960.8,1,NA,0,NA,0,74.31,1,NA,NA,0
2014,1,27,-7.5,0.875,959.79,1,NA,0,NA,0,62.79,1,NA,NA,0
2014,1,28,-6.75,1,957.21,1,NA,0,NA,0,60.54,1,NA,NA,0
2014,1,29,-7.12,1,960.55,1,NA,0,NA,0,76.64,1,NA,NA,0
2014,1,30,-5.41,1,957.92,1,NA,0,NA,0,72.65,1,NA,NA,0
2014,1,31,-5.7,1,965.12,1,NA,0,NA,0,95.2,1,NA,NA,0
2014,2,1,-5.15,1,966.75,1,NA,0,NA,0,75.05,1,NA,NA,0
2014,2,2,-3.74,1,964.44,1,NA,0,NA,0,75.66,1,NA,NA,0
2014,2,3,-4.55,1,968.28,1,NA,0,NA,0,88.04,1,NA,NA,0
2014,2,4,-5.7,1,967.88,1,NA,0,NA,0,88.83,1,NA,NA,0
2014,2,5,-9.84,1,961.48,1,NA,0,NA,0,89.64,1,NA,NA,0
2014,2,6,-8.64,0.875,961.94,1,NA,0,NA,0,60.65,1,NA,NA,0
2014,2,7,-9.97,0.875,960.52,1,NA,0,NA,0,82.3,1,NA,NA,0
2014,2,8,-11.21,1,964.09,1,NA,0,NA,0,54.79,1,NA,NA,0
2014,2,9,-10.57,1,958.26,1,NA,0,NA,0,45.62,1,NA,NA,0
2014,2,10,-12.62,1,956.18,1,NA,0,NA,0,73.9,1,NA,NA,0
2014,2,11,-9.79,1,962.6,1,NA,0,NA,0,82.44,1,NA,NA,0
2014,2,12,-6.05,1,960.92,1,NA,0,NA,0,93.2,1,NA,NA,0
2014,2,13,-6.12,1,943.4,1,NA,0,NA,0,95.08,1,NA,NA,0
2014,2,14,-5.94,1,940.45,1,NA,0,NA,0,95.44,1,NA,NA,0
2014,2,15,-6.14,1,946.81,1,NA,0,NA,0,87.66,1,NA,NA,0
2014,2,16,-7.14,1,950.32,1,NA,0,NA,0,86.97,1,NA,NA,0
2014,2,17,-11.66,1,951.98,1,NA,0,NA,0,82.31,1,NA,NA,0
2014,2,18,-12.34,0.875,958.69,1,NA,0,NA,0,86.79,1,NA,NA,0
2014,2,19,-12.43,1,956.5,1,NA,0,NA,0,89.47,1,NA,NA,0
2014,2,20,-6.69,1,953.59,1,NA,0,NA,0,82.24,1,NA,NA,0
2014,2,21,-4.29,1,957,1,NA,0,NA,0,79.4,1,NA,NA,0
2014,2,22,-2.59,1,961.76,1,NA,0,NA,0,85.4,1,NA,NA,0
2014,2,23,-1.45,1,953.81,1,NA,0,NA,0,85.71,1,NA,NA,0
2014,2,24,-2.75,1,934.81,1,NA,0,NA,0,91.17,1,NA,NA,0
2014,2,25,-6.2,0.75,928.7,1,NA,0,NA,0,92.17,1,NA,NA,0
2014,2,26,-9.15,1,939.95,1,NA,0,NA,0,92.66,1,NA,NA,0
2014,2,27,-10.22,1,944.56,1,NA,0,NA,0,90.5,1,NA,NA,0
2014,2,28,-10.39,1,942.96,1,NA,0,NA,0,89.85,1,NA,NA,0
2014,3,1,-9.74,1,946.25,1,NA,0,NA,0,79.08,1,NA,NA,0
2014,3,2,-9.14,1,933.85,1,NA,0,NA,0,93.33,1,NA,NA,0
2014,3,3,-6.65,1,935.42,1,NA,0,NA,0,94.72,1,NA,NA,0
2014,3,4,-8,1,941.24,1,NA,0,NA,0,93.95,1,NA,NA,0
2014,3,5,-10.9,0.75,946.96,1,NA,0,NA,0,91.44,1,NA,NA,0
2014,3,6,-11.76,1,948.8,1,NA,0,NA,0,91.12,1,NA,NA,0
2014,3,7,-15.25,1,941.78,1,NA,0,NA,0,87.42,1,NA,NA,0
2014,3,8,-13.11,1,946.56,1,NA,0,NA,0,88.85,1,NA,NA,0
2014,3,9,-11.78,1,946.98,1,NA,0,NA,0,91.36,1,NA,NA,0
2014,3,10,-11.24,1,953.05,1,NA,0,NA,0,90.24,1,NA,NA,0
2014,3,11,-19.4,0.75,956.59,1,NA,0,NA,0,77.86,1,NA,NA,0
2014,3,12,-13.44,1,963.65,1,NA,0,NA,0,61.12,1,NA,NA,0
2014,3,13,-11.95,1,964.5,1,NA,0,NA,0,61.29,1,NA,NA,0
2014,3,14,-12.89,1,963.56,1,NA,0,NA,0,65.8,1,NA,NA,0
2014,3,15,-7.62,0.75,954.14,1,NA,0,NA,0,93.59,1,NA,NA,0
2014,3,16,-3.8,1,959.39,1,NA,0,NA,0,90.97,1,NA,NA,0
2014,3,17,-5.11,1,959.46,1,NA,0,NA,0,94.5,1,NA,NA,0
2014,3,18,-5.99,1,958.72,1,NA,0,NA,0,95.33,1,NA,NA,0
2014,3,19,-6.2,1,956.68,1,NA,0,NA,0,95.36,1,NA,NA,0
2014,3,20,-9.36,1,956.84,1,NA,0,NA,0,93.03,1,NA,NA,0
2014,3,21,-11.76,1,956.28,1,NA,0,NA,0,91.17,1,NA,NA,0
2014,3,22,-14.01,1,952.11,1,NA,0,NA,0,89.86,1,NA,NA,0
2014,3,23,-16.14,1,944.29,1,NA,0,NA,0,88.04,1,NA,NA,0
2014,3,24,-9.57,0.875,936.84,1,NA,0,NA,0,90.84,1,NA,NA,0
2014,3,25,-6.68,1,936.36,1,NA,0,NA,0,88.1,1,NA,NA,0
2014,3,26,-10.64,1,948.45,1,NA,0,NA,0,92.26,1,NA,NA,0
2014,3,27,-12.82,1,962.22,1,NA,0,NA,0,82.31,1,NA,NA,0
2014,3,28,-5.9,0.875,955.77,0.875,NA,0,NA,0,86.84,1,NA,NA,0
2014,3,29,-9.09,1,950.36,1,NA,0,NA,0,87.34,1,NA,NA,0
2014,3,30,-15.36,0.625,962.9,1,NA,0,NA,0,78.91,1,NA,NA,0
2014,3,31,-3.79,1,944.29,1,NA,0,NA,0,90,1,NA,NA,0
2014,4,1,-3.2,1,949.22,1,NA,0,NA,0,88.16,1,NA,NA,0
2014,4,2,-7.63,0.75,957.84,1,NA,0,NA,0,80.35,1,NA,NA,0
2014,4,3,-10.17,0.875,962.31,1,NA,0,NA,0,89.22,1,NA,NA,0
2014,4,4,-2.98,0.75,941.38,1,NA,0,NA,0,92.97,1,NA,NA,0
2014,4,5,-7.35,1,955.71,1,NA,0,NA,0,77.88,1,NA,NA,0
2014,4,6,-6.92,1,948.51,1,NA,0,NA,0,92.95,1,NA,NA,0
2014,4,7,-7.26,1,946.74,1,NA,0,NA,0,81.72,1,NA,NA,0
2014,4,8,-8.3,1,947.59,1,NA,0,NA,0,91.53,1,NA,NA,0
2014,4,9,-9.75,1,937.3,1,NA,0,NA,0,92.3,1,NA,NA,0
2014,4,10,-16.01,0.875,946.61,1,NA,0,NA,0,82,1,NA,NA,0
2014,4,11,-14.6,1,950.78,1,NA,0,NA,0,66.38,1,NA,NA,0
2014,4,12,-14.76,1,949.7,1,NA,0,NA,0,80.03,1,NA,NA,0
2014,4,13,-12.21,1,932.3,1,NA,0,NA,0,90.59,1,NA,NA,0
2014,4,14,-13.91,0.875,937.78,1,NA,0,NA,0,73.03,1,NA,NA,0
2014,4,15,-7.25,0.75,923.89,1,NA,0,NA,0,93.35,1,NA,NA,0
2014,4,16,-14.19,0.875,943.5,1,NA,0,NA,0,84.44,1,NA,NA,0
2014,4,17,-16.6,1,959.14,1,NA,0,NA,0,86.62,1,NA,NA,0
2014,4,18,-8.96,1,945.34,1,NA,0,NA,0,91.07,0.75,NA,NA,0
2014,4,19,-5.76,1,923.95,1,NA,0,NA,0,96.2,0.875,NA,NA,0
2014,4,20,-6.85,1,958.2,1,NA,0,NA,0,94.04,1,NA,NA,0
2014,4,21,-8.51,0.875,968.64,1,NA,0,NA,0,88.38,1,NA,NA,0
2014,4,22,-5.41,1,950.7,1,NA,0,NA,0,93.35,1,NA,NA,0
2014,4,23,-3.19,1,950.84,1,NA,0,NA,0,93.88,1,NA,NA,0
2014,4,24,-3.5,1,964.91,1,NA,0,NA,0,84.29,1,NA,NA,0
2014,4,25,-4.35,1,965.45,1,NA,0,NA,0,74.33,1,NA,NA,0
2014,4,26,-4.6,0.875,954.25,1,NA,0,NA,0,83.67,1,NA,NA,0
2014,4,27,-9.82,1,946.68,1,NA,0,NA,0,93.21,1,NA,NA,0
2014,4,28,-4.39,1,935.14,1,NA,0,NA,0,93.83,0.875,NA,NA,0
2014,4,29,-4.76,1,934.36,1,NA,0,NA,0,92,0.75,NA,NA,0
2014,4,30,-8.26,1,943.64,1,NA,0,NA,0,91.72,1,NA,NA,0
2014,5,1,-7.95,1,939.34,1,NA,0,NA,0,91.54,1,NA,NA,0
2014,5,2,-10.96,0.875,936.09,1,NA,0,NA,0,91.78,1,NA,NA,0
2014,5,3,-15.7,1,937.04,1,NA,0,NA,0,87.65,1,NA,NA,0
2014,5,4,-9.57,0.875,938.06,1,NA,0,NA,0,93.66,1,NA,NA,0
2014,5,5,-7.54,1,928.46,1,NA,0,NA,0,95.15,1,NA,NA,0
2014,5,6,-8.78,1,929.52,1,NA,0,NA,0,94.12,1,NA,NA,0
2014,5,7,-8.3,1,945.32,1,NA,0,NA,0,94.11,1,NA,NA,0
2014,5,8,-2.73,0.75,937.21,1,NA,0,NA,0,97.33,0.375,NA,NA,0
2014,5,9,-1.96,0.875,934.48,1,NA,0,NA,0,NA,0,NA,NA,0
2014,5,10,-9.88,1,945.38,1,NA,0,NA,0,NA,0,NA,NA,0
2014,5,11,-11.97,1,968.1,1,NA,0,NA,0,97.67,0.375,NA,NA,0
2014,5,12,-9.32,1,974.42,1,NA,0,NA,0,72.1,0.875,NA,NA,0
2014,5,13,-12.69,1,970.71,1,NA,0,NA,0,70.45,1,NA,NA,0
2014,5,14,-14.36,1,963.85,1,NA,0,NA,0,78.61,1,NA,NA,0
2014,5,15,-11.64,1,957.69,1,NA,0,NA,0,90.97,1,NA,NA,0
2014,5,16,-6.97,1,945.29,1,NA,0,NA,0,84.24,1,NA,NA,0
2014,5,17,-5.64,1,945.02,1,NA,0,NA,0,85.33,1,NA,NA,0
2014,5,18,-7.85,1,946.94,1,NA,0,NA,0,94.81,1,NA,NA,0
2014,5,19,-9.07,1,952.61,1,NA,0,NA,0,88.54,1,NA,NA,0
2014,5,20,-15.44,0.875,963.92,1,NA,0,NA,0,82.66,1,NA,NA,0
2014,5,21,-14.79,1,975.58,1,NA,0,NA,0,68.75,1,NA,NA,0
2014,5,22,-14.51,1,956.5,1,NA,0,NA,0,84.39,1,NA,NA,0
2014,5,23,-10.17,0.75,957.61,1,NA,0,NA,0,86.65,1,NA,NA,0
2014,5,24,-11.32,1,964.72,1,NA,0,NA,0,90.91,1,NA,NA,0
2014,5,25,-10.68,1,953.51,1,NA,0,NA,0,90.67,1,NA,NA,0
2014,5,26,-9.09,1,945.85,1,NA,0,NA,0,87.58,1,NA,NA,0
2014,5,27,-6.38,1,956.26,1,NA,0,NA,0,86.9,1,NA,NA,0
2014,5,28,-9.54,1,953.28,1,NA,0,NA,0,88.11,1,NA,NA,0
2014,5,29,-8.53,1,955.62,1,NA,0,NA,0,88.62,1,NA,NA,0
2014,5,30,-11.92,0.75,956.11,1,NA,0,NA,0,89.4,1,NA,NA,0
2014,5,31,-12.47,0.875,961.69,1,NA,0,NA,0,86.24,1,NA,NA,0
2014,6,1,-4.55,0.5,954.85,1,NA,0,NA,0,84.17,0.75,NA,NA,0
2014,6,2,-5.8,0.625,958.59,1,NA,0,NA,0,78.17,1,NA,NA,0
2014,6,3,-8.32,0.625,966.18,1,NA,0,NA,0,78.75,1,NA,NA,0
2014,6,4,-6.21,1,952.14,0.875,NA,0,NA,0,93.5,1,NA,NA,0
2014,6,5,-10.3,1,960.65,0.75,NA,0,NA,0,85.66,1,NA,NA,0
2014,6,6,-12.15,1,971.92,1,NA,0,NA,0,84.97,0.875,NA,NA,0
2014,6,7,-4.61,1,971.11,1,NA,0,NA,0,78.47,0.75,NA,NA,0
2014,6,8,-6.93,0.75,970.29,1,NA,0,NA,0,80.36,1,NA,NA,0
2014,6,9,-19.59,1,971.32,1,NA,0,NA,0,72,1,NA,NA,0
2014,6,10,-19,1,964.6,1,NA,0,NA,0,70.9,1,NA,NA,0
2014,6,11,-11.66,1,949.06,1,NA,0,NA,0,87.38,0.75,NA,NA,0
2014,6,12,-9.16,1,943.7,0.875,NA,0,NA,0,NA,0,NA,NA,0
2014,6,13,-7.12,1,945.35,1,NA,0,NA,0,NA,0,NA,NA,0
2014,6,14,-6.07,0.75,938.76,1,NA,0,NA,0,97.67,0.375,NA,NA,0
2014,6,15,-15.36,1,950.45,1,NA,0,NA,0,94.38,1,NA,NA,0
2014,6,16,-18.68,1,952.21,1,NA,0,NA,0,89.7,1,NA,NA,0
2014,6,17,-15.85,0.75,949.18,1,NA,0,NA,0,92.4,0.875,NA,NA,0
2014,6,18,-11.81,0.875,930.6,0.875,NA,0,NA,0,91.7,0.25,NA,NA,0
2014,6,19,-12.61,1,919.61,1,NA,0,NA,0,96.5,0.25,NA,NA,0
2014,6,20,-15.84,0.875,935.61,1,NA,0,NA,0,89.45,1,NA,NA,0
2014,6,21,-23.38,1,946.92,1,NA,0,NA,0,82.45,1,NA,NA,0
2014,6,22,-21.71,0.875,942.16,1,NA,0,NA,0,80.25,1,NA,NA,0
2014,6,23,-21.27,1,942.95,1,NA,0,NA,0,83.91,1,NA,NA,0
2014,6,24,-18.68,1,944.85,1,NA,0,NA,0,86.89,1,NA,NA,0
2014,6,25,-15.55,1,945.69,1,NA,0,NA,0,89.08,1,NA,NA,0
2014,6,26,-16.46,1,948.31,1,NA,0,NA,0,86.75,1,NA,NA,0
2014,6,27,-18.24,1,948.14,1,NA,0,NA,0,85.39,1,NA,NA,0
2014,6,28,-15.34,1,944.72,1,NA,0,NA,0,88.96,1,NA,NA,0
2014,6,29,-20.32,1,952.94,1,NA,0,NA,0,77.12,1,NA,NA,0
2014,6,30,-21.06,1,955.72,1,NA,0,NA,0,76.88,1,NA,NA,0
2014,7,1,-20.32,0.75,945.45,1,NA,0,NA,0,82.56,1,NA,NA,0
2014,7,2,-19.79,1,942.08,1,NA,0,NA,0,84.76,1,NA,NA,0
2014,7,3,-19.02,1,943.81,1,NA,0,NA,0,85.67,1,NA,NA,0
2014,7,4,-20.27,0.875,937.69,1,NA,0,NA,0,83.08,1,NA,NA,0
2014,7,5,-11.25,0.75,926.48,1,NA,0,NA,0,92.25,1,NA,NA,0
2014,7,6,-22.78,0.75,945.66,1,NA,0,NA,0,83.62,1,NA,NA,0
2014,7,7,-14.32,0.5,956.88,1,NA,0,NA,0,89.96,1,NA,NA,0
2014,7,8,-13.28,0.625,946.94,1,NA,0,NA,0,96.94,0.625,NA,NA,0
2014,7,9,-23.78,0.625,945.02,1,NA,0,NA,0,82.21,1,NA,NA,0
2014,7,10,-20.13,0.375,939.15,1,NA,0,NA,0,88.34,0.875,NA,NA,0
2014,7,11,-22.97,0.875,935.86,1,NA,0,NA,0,83.49,1,NA,NA,0
2014,7,12,-28.05,0.75,931.28,1,NA,0,NA,0,78.36,1,NA,NA,0
2014,7,13,-31.4,1,933.39,1,NA,0,NA,0,74.29,1,NA,NA,0
2014,7,14,-31.7,1,933.96,1,NA,0,NA,0,74.15,1,NA,NA,0
2014,7,15,-30.82,1,936.75,1,NA,0,NA,0,75.1,1,NA,NA,0
2014,7,16,-28.29,1,944.39,1,NA,0,NA,0,77.74,1,NA,NA,0
2014,7,17,-18.53,0.75,952.51,1,NA,0,NA,0,87.74,1,NA,NA,0
2014,7,18,-13.8,1,935.56,1,NA,0,NA,0,94.92,0.75,NA,NA,0
2014,7,19,-10.88,1,932.2,1,NA,0,NA,0,98.85,0.25,NA,NA,0
2014,7,20,-13.36,1,939.06,1,NA,0,NA,0,94.08,1,NA,NA,0
2014,7,21,-19.09,0.875,955.52,1,NA,0,NA,0,86.24,1,NA,NA,0
2014,7,22,-20.39,1,961.04,1,NA,0,NA,0,85.14,1,NA,NA,0
2014,7,23,-19.63,0.875,971.59,1,NA,0,NA,0,82.62,1,NA,NA,0
2014,7,24,-10.32,0.625,973.06,1,NA,0,NA,0,93,0.625,NA,NA,0
2014,7,25,-10,1,985.06,1,NA,0,NA,0,NA,0.125,NA,NA,0
2014,7,26,-8.87,0.75,976.32,1,NA,0,NA,0,NA,0.125,NA,NA,0
2014,7,27,-9.82,1,964.36,1,NA,0,NA,0,NA,0.125,NA,NA,0
2014,7,28,-10.3,0.875,959.82,1,NA,0,NA,0,NA,0.125,NA,NA,0
2014,7,29,-17.16,0.875,968.5,1,NA,0,NA,0,89.75,1,NA,NA,0
2014,7,30,-16.7,1,972.79,1,NA,0,NA,0,89.16,1,NA,NA,0
2014,7,31,-19.49,1,974.1,1,NA,0,NA,0,86.29,1,NA,NA,0
2014,8,1,-22.16,1,968.8,1,NA,0,NA,0,83.85,1,NA,NA,0
2014,8,2,-19.73,1,966.41,1,NA,0,NA,0,82.4,1,NA,NA,0
2014,8,3,-12.8,0.625,971.35,1,NA,0,NA,0,80.89,1,NA,NA,0
2014,8,4,-15.42,0.625,968.49,1,NA,0,NA,0,78.71,1,NA,NA,0
2014,8,5,-17.57,0.875,962.81,1,NA,0,NA,0,81.28,1,NA,NA,0
2014,8,6,-12.72,1,954.64,1,NA,0,NA,0,91.95,1,NA,NA,0
2014,8,7,-9.07,1,951.65,1,NA,0,NA,0,95.08,1,NA,NA,0
2014,8,8,-8.1,1,951.7,1,NA,0,NA,0,95.83,1,NA,NA,0
2014,8,9,-9.66,1,951.75,1,NA,0,NA,0,91.1,1,NA,NA,0
2014,8,10,-13.5,0.875,945.78,1,NA,0,NA,0,83.79,1,NA,NA,0
2014,8,11,-16.26,1,935.29,1,NA,0,NA,0,86.05,1,NA,NA,0
2014,8,12,-18.08,1,940.54,1,NA,0,NA,0,85.61,1,NA,NA,0
2014,8,13,-18.52,1,950.7,1,NA,0,NA,0,85.2,1,NA,NA,0
2014,8,14,-19.24,1,960.51,1,NA,0,NA,0,80.96,1,NA,NA,0
2014,8,15,-16.02,1,959.76,1,NA,0,NA,0,56.74,1,NA,NA,0
2014,8,16,-10.99,1,954.89,1,NA,0,NA,0,78.75,1,NA,NA,0
2014,8,17,-10.59,1,953.57,1,NA,0,NA,0,89.29,1,NA,NA,0
2014,8,18,-11.72,0.75,946.1,1,NA,0,NA,0,88.84,1,NA,NA,0
2014,8,19,-14.13,0.875,957.64,1,NA,0,NA,0,88.53,1,NA,NA,0
2014,8,20,-16.22,0.75,958.85,1,NA,0,NA,0,87.06,1,NA,NA,0
2014,8,21,-17.4,0.625,952.45,1,NA,0,NA,0,89.04,0.875,NA,NA,0
2014,8,22,-9.47,1,949.8,1,NA,0,NA,0,96.43,0.75,NA,NA,0
2014,8,23,-12.72,0.5,938.49,0.875,NA,0,NA,0,95.38,0.5,NA,NA,0
2014,8,24,-18.43,0.875,963.95,1,NA,0,NA,0,89.05,1,NA,NA,0
2014,8,25,-22.8,1,957.92,1,NA,0,NA,0,84.69,1,NA,NA,0
2014,8,26,-23.54,0.625,971.01,1,NA,0,NA,0,83.85,1,NA,NA,0
2014,8,27,-15.78,1,971.89,0.875,NA,0,NA,0,89.76,1,NA,NA,0
2014,8,28,-13.83,0.875,981.75,1,NA,0,NA,0,88.69,1,NA,NA,0
2014,8,29,-14.54,1,979.16,1,NA,0,NA,0,84.94,1,NA,NA,0
2014,8,30,-12.22,1,973.25,1,NA,0,NA,0,89.88,1,NA,NA,0
2014,8,31,-10.04,0.625,961.15,1,NA,0,NA,0,93.23,0.875,NA,NA,0
2014,9,1,-3.33,1,957.08,1,NA,0,NA,0,86.39,0.875,NA,NA,0
2014,9,2,-3.79,1,963,1,NA,0,NA,0,81.5,0.25,NA,NA,0
2014,9,3,-4.59,1,955.61,0.875,NA,0,NA,0,NA,0,NA,NA,0
2014,9,4,-5.45,1,943.62,1,NA,0,NA,0,NA,0,NA,NA,0
2014,9,5,-9.31,1,967.01,1,NA,0,NA,0,NA,0,NA,NA,0
2014,9,6,-9.18,1,972.04,1,NA,0,NA,0,NA,0,NA,NA,0
2014,9,7,-14.03,1,973.42,1,NA,0,NA,0,NA,0,NA,NA,0
2014,9,8,-13.28,1,952.87,0.875,NA,0,NA,0,NA,0,NA,NA,0
2014,9,9,-17.58,0.75,959.89,1,NA,0,NA,0,NA,0,NA,NA,0
2014,9,10,-11.54,0.625,962.2,1,NA,0,NA,0,NA,0,NA,NA,0
2014,9,11,-12,0.75,940.98,1,NA,0,NA,0,NA,0,NA,NA,0
2014,9,12,-10.79,1,950.45,1,NA,0,NA,0,NA,0,NA,NA,0
2014,9,13,-12.29,1,947.11,1,NA,0,NA,0,NA,0,NA,NA,0
2014,9,14,-12.59,1,950.09,1,NA,0,NA,0,NA,0,NA,NA,0
2014,9,15,-20.51,0.875,953.05,1,NA,0,NA,0,NA,0,NA,NA,0
2014,9,16,-25.08,1,955.81,1,NA,0,NA,0,NA,0,NA,NA,0
2014,9,17,-26.26,1,959.95,1,NA,0,NA,0,NA,0,NA,NA,0
2014,9,18,-22.01,1,962.39,1,NA,0,NA,0,NA,0,NA,NA,0
2014,9,19,-16.16,1,959.58,1,NA,0,NA,0,NA,0,NA,NA,0
2014,9,20,-7.1,0.625,941.85,1,NA,0,NA,0,NA,0,NA,NA,0
2014,9,21,-5.28,1,947.5,1,NA,0,NA,0,NA,0,NA,NA,0
2014,9,22,-9.82,1,947.11,1,NA,0,NA,0,NA,0,NA,NA,0
2014,9,23,-14.55,1,950.99,1,NA,0,NA,0,NA,0,NA,NA,0
2014,9,24,-20.26,1,960.56,1,NA,0,NA,0,NA,0,NA,NA,0
2014,9,25,-19.54,0.875,971.89,1,NA,0,NA,0,NA,0,NA,NA,0
2014,9,26,-7.47,0.75,978.58,1,NA,0,NA,0,NA,0,NA,NA,0
2014,9,27,1.29,1,983.45,1,NA,0,NA,0,NA,0,NA,NA,0
2014,9,28,1.43,1,984.66,1,NA,0,NA,0,NA,0,NA,NA,0
2014,9,29,-0.58,1,981.29,1,NA,0,NA,0,NA,0,NA,NA,0
2014,9,30,-3.08,0.625,970.51,1,NA,0,NA,0,NA,0,NA,NA,0
2014,10,1,-7.53,1,954.6,1,NA,0,NA,0,NA,0,NA,NA,0
2014,10,2,-13.5,1,939.98,1,NA,0,NA,0,NA,0,NA,NA,0
2014,10,3,-15.08,1,936.82,1,NA,0,NA,0,NA,0,NA,NA,0
2014,10,4,-20.46,1,953.19,1,NA,0,NA,0,NA,0,NA,NA,0
2014,10,5,-17.86,1,956.62,1,NA,0,NA,0,NA,0,NA,NA,0
2014,10,6,-13.6,1,955.36,1,NA,0,NA,0,NA,0,NA,NA,0
2014,10,7,-6.97,0.75,951.01,1,NA,0,NA,0,NA,0,NA,NA,0
2014,10,8,-9.21,1,934.64,1,NA,0,NA,0,NA,0,NA,NA,0
2014,10,9,-18.33,0.75,947.84,1,NA,0,NA,0,NA,0,NA,NA,0
2014,10,10,-13.42,0.625,957.21,1,NA,0,NA,0,NA,0,NA,NA,0
2014,10,11,-12.09,0.875,935.96,1,NA,0,NA,0,NA,0,NA,NA,0
2014,10,12,-17.89,0.875,950.72,1,NA,0,NA,0,NA,0,NA,NA,0
2014,10,13,-9.96,0.625,948.49,1,NA,0,NA,0,NA,0,NA,NA,0
2014,10,14,-9.45,1,936.88,1,NA,0,NA,0,NA,0,NA,NA,0
2014,10,15,-13.84,1,944.49,1,NA,0,NA,0,NA,0,NA,NA,0
2014,10,16,-11.19,1,942.5,1,NA,0,NA,0,NA,0,NA,NA,0
2014,10,17,-10.24,1,945,1,NA,0,NA,0,NA,0,NA,NA,0
2014,10,18,-5.64,1,933.81,1,NA,0,NA,0,NA,0,NA,NA,0
2014,10,19,-7.64,1,931.92,1,NA,0,NA,0,NA,0,NA,NA,0
2014,10,20,-13.4,1,942.45,1,NA,0,NA,0,NA,0,NA,NA,0
2014,10,21,-7.39,0.875,928.58,1,NA,0,NA,0,NA,0,NA,NA,0
2014,10,22,-8.4,1,929.14,1,NA,0,NA,0,NA,0,NA,NA,0
2014,10,23,-12.26,1,935.74,1,NA,0,NA,0,NA,0,NA,NA,0
2014,10,24,-11.66,1,928,1,NA,0,NA,0,NA,0,NA,NA,0
2014,10,25,-11.8,0.875,934.15,1,NA,0,NA,0,NA,0,NA,NA,0
2014,10,26,-11.54,1,939.11,1,NA,0,NA,0,NA,0,NA,NA,0
2014,10,27,-10.54,1,948.4,1,NA,0,NA,0,NA,0,NA,NA,0
2014,10,28,-11.29,1,954.74,1,NA,0,NA,0,NA,0,NA,NA,0
2014,10,29,-10.62,1,964.82,1,NA,0,NA,0,NA,0,NA,NA,0
2014,10,30,-7.84,0.875,959.51,1,NA,0,NA,0,NA,0,NA,NA,0
2014,10,31,0.29,1,947.12,1,NA,0,NA,0,NA,0,NA,NA,0
2014,11,1,-0.84,0.875,929.08,1,NA,0,NA,0,NA,0,NA,NA,0
2014,11,2,-13.06,0.875,929.28,1,NA,0,NA,0,NA,0,NA,NA,0
2014,11,3,-12.08,1,943.19,1,NA,0,NA,0,NA,0,NA,NA,0
2014,11,4,-11.96,1,950.52,1,NA,0,NA,0,NA,0,NA,NA,0
2014,11,5,-9.59,1,952.01,1,NA,0,NA,0,NA,0,NA,NA,0
2014,11,6,-11.81,1,951.02,1,NA,0,NA,0,NA,0,NA,NA,0
2014,11,7,-13.35,1,947.09,1,NA,0,NA,0,NA,0,NA,NA,0
2014,11,8,-6.38,1,940.45,1,NA,0,NA,0,NA,0,NA,NA,0
2014,11,9,-6.58,1,942.75,1,NA,0,NA,0,NA,0,NA,NA,0
2014,11,10,-5.79,1,946.76,1,NA,0,NA,0,NA,0,NA,NA,0
2014,11,11,-4.46,1,955.75,1,NA,0,NA,0,NA,0,NA,NA,0
2014,11,12,-6.26,1,958.44,1,NA,0,NA,0,NA,0,NA,NA,0
2014,11,13,-14,1,958.06,1,NA,0,NA,0,NA,0,NA,NA,0
2014,11,14,-13.4,1,949.76,1,NA,0,NA,0,NA,0,NA,NA,0
2014,11,15,-14.15,1,946.68,1,NA,0,NA,0,NA,0,NA,NA,0
2014,11,16,-12.47,1,951.79,1,NA,0,NA,0,NA,0,NA,NA,0
2014,11,17,-14.09,1,950.95,1,NA,0,NA,0,NA,0,NA,NA,0
2014,11,18,-14.36,1,947.88,1,NA,0,NA,0,NA,0,NA,NA,0
2014,11,19,-13.46,1,946.86,1,NA,0,NA,0,NA,0,NA,NA,0
2014,11,20,-13.5,1,952.9,1,NA,0,NA,0,NA,0,NA,NA,0
2014,11,21,-11.55,1,954.5,1,NA,0,NA,0,NA,0,NA,NA,0
2014,11,22,-8.94,1,956.51,1,NA,0,NA,0,NA,0,NA,NA,0
2014,11,23,-7.49,1,962.42,1,NA,0,NA,0,NA,0,NA,NA,0
2014,11,24,-8.55,1,962.85,1,NA,0,NA,0,NA,0,NA,NA,0
2014,11,25,-6.41,1,960.55,1,NA,0,NA,0,NA,0,NA,NA,0
2014,11,26,-5.64,1,959.15,1,NA,0,NA,0,NA,0,NA,NA,0
2014,11,27,-7.05,1,960.11,1,NA,0,NA,0,NA,0,NA,NA,0
2014,11,28,-10.15,1,958.3,1,NA,0,NA,0,NA,0,NA,NA,0
2014,11,29,-9.9,0.625,955.42,1,NA,0,NA,0,NA,0,NA,NA,0
2014,11,30,-10.16,1,954.26,1,NA,0,NA,0,NA,0,NA,NA,0
2014,12,1,-9.79,1,953.19,1,NA,0,NA,0,NA,0,NA,NA,0
2014,12,2,-9.9,1,952.99,1,NA,0,NA,0,NA,0,NA,NA,0
2014,12,3,-9.99,1,955.92,1,NA,0,NA,0,NA,0,NA,NA,0
2014,12,4,-10.16,1,955.71,1,NA,0,NA,0,NA,0,NA,NA,0
2014,12,5,-9.41,1,950.48,1,NA,0,NA,0,NA,0,NA,NA,0
2014,12,6,-6.71,1,946.78,1,NA,0,NA,0,NA,0,NA,NA,0
2014,12,7,-4.28,1,944.21,1,NA,0,NA,0,NA,0,NA,NA,0
2014,12,8,-4.27,1,945.81,1,NA,0,NA,0,NA,0,NA,NA,0
2014,12,9,-5.97,1,942.92,1,NA,0,NA,0,NA,0,NA,NA,0
2014,12,10,-6.49,1,946.05,1,NA,0,NA,0,NA,0,NA,NA,0
2014,12,11,-5.91,1,951.34,1,NA,0,NA,0,NA,0,NA,NA,0
2014,12,12,-5.7,1,955.08,1,NA,0,NA,0,NA,0,NA,NA,0
2014,12,13,-7.29,1,952.11,1,NA,0,NA,0,NA,0,NA,NA,0
2014,12,14,-6.4,1,952.4,1,NA,0,NA,0,NA,0,NA,NA,0
2014,12,15,-5.75,1,949.81,1,NA,0,NA,0,NA,0,NA,NA,0
2014,12,16,-5.92,1,951.81,1,NA,0,NA,0,NA,0,NA,NA,0
2014,12,17,-5.97,1,955.26,1,NA,0,NA,0,NA,0,NA,NA,0
2014,12,18,-5.14,1,959.06,1,NA,0,NA,0,NA,0,NA,NA,0
2014,12,19,-5.55,1,962.76,1,NA,0,NA,0,NA,0,NA,NA,0
2014,12,20,-5.03,1,955.84,1,NA,0,NA,0,NA,0,NA,NA,0
2014,12,21,-3.8,1,952.08,1,NA,0,NA,0,NA,0,NA,NA,0
2014,12,22,-3.28,1,947.89,1,NA,0,NA,0,NA,0,NA,NA,0
2014,12,23,-4.22,1,953.05,1,NA,0,NA,0,NA,0,NA,NA,0
2014,12,24,-6.01,1,956.29,1,NA,0,NA,0,NA,0,NA,NA,0
2014,12,25,-4.99,1,959.3,1,NA,0,NA,0,NA,0,NA,NA,0
2014,12,26,-4.62,1,955.56,1,NA,0,NA,0,NA,0,NA,NA,0
2014,12,27,-4.54,1,947.82,1,NA,0,NA,0,NA,0,NA,NA,0
2014,12,28,-3.56,1,958.25,1,NA,0,NA,0,NA,0,NA,NA,0
2014,12,29,-3.26,1,962.72,1,NA,0,NA,0,NA,0,NA,NA,0
2014,12,30,-1.14,1,962.81,1,NA,0,NA,0,NA,0,NA,NA,0
2014,12,31,-0.71,1,958.52,1,NA,0,NA,0,NA,0,NA,NA,0
2015,1,1,-0.56,1,955.16,1,NA,0,NA,0,NA,0,NA,NA,0
2015,1,2,-1.6,1,970.21,1,NA,0,NA,0,NA,0,NA,NA,0
2015,1,3,-0.75,1,961.36,1,NA,0,NA,0,NA,0,NA,NA,0
2015,1,4,-0.79,1,959.51,1,NA,0,NA,0,NA,0,NA,NA,0
2015,1,5,-1.02,1,964.79,1,NA,0,NA,0,NA,0,NA,NA,0
2015,1,6,-3.22,1,969.59,1,NA,0,NA,0,NA,0,NA,NA,0
2015,1,7,-2.46,1,965.42,1,NA,0,NA,0,NA,0,NA,NA,0
2015,1,8,-3.56,1,959.05,1,NA,0,NA,0,NA,0,NA,NA,0
2015,1,9,-3.48,1,956.52,1,NA,0,NA,0,NA,0,NA,NA,0
2015,1,10,-1.97,1,956.55,1,NA,0,NA,0,NA,0,NA,NA,0
2015,1,11,-1.99,1,957.41,1,NA,0,NA,0,NA,0,NA,NA,0
2015,1,12,-1.93,1,958.68,1,NA,0,NA,0,NA,0,NA,NA,0
2015,1,13,-2.9,1,956.21,1,NA,0,NA,0,NA,0,NA,NA,0
2015,1,14,-4.49,1,963.16,1,NA,0,NA,0,NA,0,NA,NA,0
2015,1,15,-3.96,1,970.64,1,NA,0,NA,0,NA,0,NA,NA,0
2015,1,16,-1.9,1,971.94,1,NA,0,NA,0,NA,0,NA,NA,0
2015,1,17,-3.04,1,973.32,1,NA,0,NA,0,NA,0,NA,NA,0
2015,1,18,-2.33,1,963.18,1,NA,0,NA,0,NA,0,NA,NA,0
2015,1,19,-3.04,1,944.3,1,NA,0,NA,0,NA,0,NA,NA,0
2015,1,20,-3.7,1,943.42,1,NA,0,NA,0,NA,0,NA,NA,0
2015,1,21,-4.65,1,939.52,1,NA,0,NA,0,NA,0,NA,NA,0
2015,1,22,-3.19,1,938.28,1,NA,0,NA,0,NA,0,NA,NA,0
2015,1,23,-2.66,1,941.46,1,NA,0,NA,0,NA,0,NA,NA,0
2015,1,24,-2.21,1,943.38,1,NA,0,NA,0,NA,0,NA,NA,0
2015,1,25,-2.52,1,948.95,1,NA,0,NA,0,NA,0,NA,NA,0
2015,1,26,-2.34,1,944.3,1,NA,0,NA,0,NA,0,NA,NA,0
2015,1,27,-2.42,1,952.22,1,NA,0,NA,0,NA,0,NA,NA,0
2015,1,28,-4.77,0.875,947.34,1,NA,0,NA,0,NA,0,NA,NA,0
2015,1,29,-2.52,1,935.25,1,NA,0,NA,0,NA,0,NA,NA,0
2015,1,30,-1.51,1,938,1,NA,0,NA,0,NA,0,NA,NA,0
2015,1,31,-2.8,1,942.86,1,NA,0,NA,0,NA,0,NA,NA,0
2015,2,1,-4.05,1,942.19,1,NA,0,NA,0,NA,0,NA,NA,0
2015,2,2,-4.18,1,947.94,1,NA,0,NA,0,NA,0,NA,NA,0
2015,2,3,-2.12,1,955.58,1,NA,0,NA,0,NA,0,NA,NA,0
2015,2,4,-2.21,1,965.99,1,NA,0,NA,0,NA,0,NA,NA,0
2015,2,5,-4.1,1,961.88,1,NA,0,NA,0,NA,0,NA,NA,0
2015,2,6,-5.39,1,960.99,1,NA,0,NA,0,NA,0,NA,NA,0
2015,2,7,-4.54,0.875,961.42,1,NA,0,NA,0,NA,0,NA,NA,0
2015,2,8,-1.86,1,955.21,1,NA,0,NA,0,NA,0,NA,NA,0
2015,2,9,-4.45,1,946.82,1,NA,0,NA,0,NA,0,NA,NA,0
2015,2,10,-6.32,1,954.26,1,NA,0,NA,0,NA,0,NA,NA,0
2015,2,11,-4.03,1,947.31,1,NA,0,NA,0,NA,0,NA,NA,0
2015,2,12,-2.01,1,945.9,1,NA,0,NA,0,NA,0,NA,NA,0
2015,2,13,-1.64,1,942.05,1,NA,0,NA,0,NA,0,NA,NA,0
2015,2,14,-2.66,1,947.84,1,NA,0,NA,0,NA,0,NA,NA,0
2015,2,15,-3.2,1,938.32,1,NA,0,NA,0,NA,0,NA,NA,0
2015,2,16,-2.19,1,945.49,1,NA,0,NA,0,NA,0,NA,NA,0
2015,2,17,-4.92,1,956,1,NA,0,NA,0,NA,0,NA,NA,0
2015,2,18,-3.72,1,961.35,1,NA,0,NA,0,NA,0,NA,NA,0
2015,2,19,-0.71,1,941.72,1,NA,0,NA,0,NA,0,NA,NA,0
2015,2,20,-1.52,1,939.1,1,NA,0,NA,0,NA,0,NA,NA,0
2015,2,21,-2.65,1,951.12,1,NA,0,NA,0,NA,0,NA,NA,0
2015,2,22,-4,1,951.51,1,NA,0,NA,0,NA,0,NA,NA,0
2015,2,23,-6.68,1,952.58,1,NA,0,NA,0,NA,0,NA,NA,0
2015,2,24,-8.57,1,955.98,1,NA,0,NA,0,NA,0,NA,NA,0
2015,2,25,-9.24,1,957.65,1,NA,0,NA,0,NA,0,NA,NA,0
2015,2,26,-8.1,0.75,962.91,1,NA,0,NA,0,NA,0,NA,NA,0
2015,2,27,-7.47,1,950.44,1,NA,0,NA,0,NA,0,NA,NA,0
2015,2,28,-6.31,1,938.98,1,NA,0,NA,0,NA,0,NA,NA,0
2015,3,1,-3.62,1,955.76,1,NA,0,NA,0,NA,0,NA,NA,0
2015,3,2,-5.9,1,963.15,1,NA,0,NA,0,NA,0,NA,NA,0
2015,3,3,-6.5,1,958.5,1,NA,0,NA,0,NA,0,NA,NA,0
2015,3,4,-5.56,0.875,961.51,1,NA,0,NA,0,NA,0,NA,NA,0
2015,3,5,-8.74,1,958.15,1,NA,0,NA,0,NA,0,NA,NA,0
2015,3,6,-12.21,1,957.89,1,NA,0,NA,0,NA,0,NA,NA,0
2015,3,7,-13.03,1,955.25,1,NA,0,NA,0,NA,0,NA,NA,0
2015,3,8,-18.2,1,954.01,1,NA,0,NA,0,NA,0,NA,NA,0
2015,3,9,-18.21,1,957.1,1,NA,0,NA,0,NA,0,NA,NA,0
2015,3,10,-18.35,1,955.96,1,NA,0,NA,0,NA,0,NA,NA,0
2015,3,11,-17.76,1,956.38,1,NA,0,NA,0,NA,0,NA,NA,0
2015,3,12,-15.93,1,946.78,1,NA,0,NA,0,NA,0,NA,NA,0
2015,3,13,-19.05,1,943.08,1,NA,0,NA,0,NA,0,NA,NA,0
2015,3,14,-15.69,1,950.48,1,NA,0,NA,0,NA,0,NA,NA,0
2015,3,15,-13.34,1,952.4,1,NA,0,NA,0,NA,0,NA,NA,0
2015,3,16,-8.57,1,944.48,1,NA,0,NA,0,NA,0,NA,NA,0
2015,3,17,-15.3,0.875,944.82,1,NA,0,NA,0,NA,0,NA,NA,0
2015,3,18,-17.96,1,948,1,NA,0,NA,0,NA,0,NA,NA,0
2015,3,19,-14.36,1,947.79,1,NA,0,NA,0,NA,0,NA,NA,0
2015,3,20,-14.93,0.75,947.2,1,NA,0,NA,0,NA,0,NA,NA,0
2015,3,21,-5.36,1,946.61,1,NA,0,NA,0,NA,0,NA,NA,0
2015,3,22,-5.34,1,948.45,1,NA,0,NA,0,NA,0,NA,NA,0
2015,3,23,0.11,1,928.31,0.875,NA,0,NA,0,NA,0,NA,NA,0
2015,3,24,-3.42,1,939.85,1,NA,0,NA,0,NA,0,NA,NA,0
2015,3,25,-7.22,1,957.56,1,NA,0,NA,0,NA,0,NA,NA,0
2015,3,26,-7.03,0.875,955.29,1,NA,0,NA,0,NA,0,NA,NA,0
2015,3,27,-9.46,1,957.02,1,NA,0,NA,0,NA,0,NA,NA,0
2015,3,28,-4.42,0.625,955.25,1,NA,0,NA,0,NA,0,NA,NA,0
2015,3,29,-8.3,0.75,949.6,1,NA,0,NA,0,NA,0,NA,NA,0
2015,3,30,-9.28,1,941.14,1,NA,0,NA,0,NA,0,NA,NA,0
2015,3,31,-12.79,1,940.85,1,NA,0,NA,0,NA,0,NA,NA,0
2015,4,1,-14.65,1,945.8,1,NA,0,NA,0,NA,0,NA,NA,0
2015,4,2,-16.55,1,950.61,1,NA,0,NA,0,NA,0,NA,NA,0
2015,4,3,-16.84,1,953.58,1,NA,0,NA,0,NA,0,NA,NA,0
2015,4,4,-5.4,0.5,941.31,1,NA,0,NA,0,NA,0,NA,NA,0
2015,4,5,-7.14,1,957.9,1,NA,0,NA,0,NA,0,NA,NA,0
2015,4,6,-4.92,1,960.52,1,NA,0,NA,0,NA,0,NA,NA,0
2015,4,7,-5.64,1,955.26,1,NA,0,NA,0,NA,0,NA,NA,0
2015,4,8,-8.22,1,958.51,1,NA,0,NA,0,NA,0,NA,NA,0
2015,4,9,-8.77,0.75,958.18,1,NA,0,NA,0,NA,0,NA,NA,0
2015,4,10,-20.86,1,956.22,1,NA,0,NA,0,NA,0,NA,NA,0
2015,4,11,-20.48,0.75,964.31,1,NA,0,NA,0,NA,0,NA,NA,0
2015,4,12,NA,0.125,952,1,NA,0,NA,0,NA,0,NA,NA,0
2015,4,13,-7.57,0.875,959.68,1,NA,0,NA,0,NA,0,NA,NA,0
2015,4,14,-4.61,1,956.48,1,NA,0,NA,0,NA,0,NA,NA,0
2015,4,15,-7.09,0.875,938.92,1,NA,0,NA,0,NA,0,NA,NA,0
2015,4,16,-11.76,1,937.04,1,NA,0,NA,0,NA,0,NA,NA,0
2015,4,17,-8.39,1,939.42,1,NA,0,NA,0,NA,0,NA,NA,0
2015,4,18,-8.67,0.5,926.76,1,NA,0,NA,0,NA,0,NA,NA,0
2015,4,19,-18.9,0.5,932.45,1,NA,0,NA,0,NA,0,NA,NA,0
2015,4,20,-16.01,0.875,928.52,1,NA,0,NA,0,NA,0,NA,NA,0
2015,4,21,-10.2,1,930.51,1,NA,0,NA,0,NA,0,NA,NA,0
2015,4,22,-10.32,1,938.52,1,NA,0,NA,0,NA,0,NA,NA,0
2015,4,23,-11.76,1,942.46,1,NA,0,NA,0,NA,0,NA,NA,0
2015,4,24,-9.75,1,934.9,1,NA,0,NA,0,NA,0,NA,NA,0
2015,4,25,-9.4,1,941.79,1,NA,0,NA,0,NA,0,NA,NA,0
2015,4,26,-9.7,1,951.28,1,NA,0,NA,0,NA,0,NA,NA,0
2015,4,27,-10.62,1,946.84,1,NA,0,NA,0,NA,0,NA,NA,0
2015,4,28,-9.94,1,943.75,1,NA,0,NA,0,NA,0,NA,NA,0
2015,4,29,-8.57,1,936.89,1,NA,0,NA,0,NA,0,NA,NA,0
2015,4,30,-10.49,0.875,950.59,1,NA,0,NA,0,NA,0,NA,NA,0
2015,5,1,-5.47,0.75,944.31,1,NA,0,NA,0,NA,0,NA,NA,0
2015,5,2,-14.86,0.875,957.6,1,NA,0,NA,0,NA,0,NA,NA,0
2015,5,3,-15.55,1,967.3,1,NA,0,NA,0,NA,0,NA,NA,0
2015,5,4,-8.19,0.875,956.3,1,NA,0,NA,0,NA,0,NA,NA,0
2015,5,5,-7.09,1,955.51,1,NA,0,NA,0,NA,0,NA,NA,0
2015,5,6,-10.08,1,950.95,1,NA,0,NA,0,NA,0,NA,NA,0
2015,5,7,-5.89,1,957.46,1,NA,0,NA,0,NA,0,NA,NA,0
2015,5,8,-2.41,1,952.65,1,NA,0,NA,0,NA,0,NA,NA,0
2015,5,9,-1.95,1,958.25,1,NA,0,NA,0,NA,0,NA,NA,0
2015,5,10,-1.3,1,947.38,1,NA,0,NA,0,NA,0,NA,NA,0
2015,5,11,-3.2,1,948.66,1,NA,0,NA,0,NA,0,NA,NA,0
2015,5,12,-4.51,1,959.68,1,NA,0,NA,0,NA,0,NA,NA,0
2015,5,13,-9.99,1,969.45,1,NA,0,NA,0,NA,0,NA,NA,0
2015,5,14,-11.79,1,963.1,1,NA,0,NA,0,NA,0,NA,NA,0
2015,5,15,-12.01,1,954.7,1,NA,0,NA,0,NA,0,NA,NA,0
2015,5,16,-13.64,1,957.25,1,NA,0,NA,0,NA,0,NA,NA,0
2015,5,17,-16.06,0.875,958.21,1,NA,0,NA,0,NA,0,NA,NA,0
2015,5,18,-14.42,0.75,953.06,1,NA,0,NA,0,NA,0,NA,NA,0
2015,5,19,-14.8,0.75,953.88,1,NA,0,NA,0,NA,0,NA,NA,0
2015,5,20,-17.39,1,957.14,1,NA,0,NA,0,NA,0,NA,NA,0
2015,5,21,-16.44,1,958.74,1,NA,0,NA,0,NA,0,NA,NA,0
2015,5,22,-23.33,0.75,954.52,1,NA,0,NA,0,NA,0,NA,NA,0
2015,5,23,-23.77,0.875,966,1,NA,0,NA,0,NA,0,NA,NA,0
2015,5,24,-13.3,0.75,970.68,1,NA,0,NA,0,NA,0,NA,NA,0
2015,5,25,-8.07,0.875,964.66,1,NA,0,NA,0,NA,0,NA,NA,0
2015,5,26,-6.92,0.625,960.11,0.875,NA,0,NA,0,NA,0,NA,NA,0
2015,5,27,-10.42,0.75,963.95,1,NA,0,NA,0,NA,0,NA,NA,0
2015,5,28,-20.74,0.625,968.69,1,NA,0,NA,0,NA,0,NA,NA,0
2015,5,29,-15.73,1,974.4,1,NA,0,NA,0,NA,0,NA,NA,0
2015,5,30,-14.09,0.875,967.96,1,NA,0,NA,0,NA,0,NA,NA,0
2015,5,31,-14.51,0.875,970.28,1,NA,0,NA,0,NA,0,NA,NA,0
2015,6,1,-15.43,0.875,969.09,1,NA,0,NA,0,NA,0,NA,NA,0
2015,6,2,-11.64,1,964.3,1,NA,0,NA,0,NA,0,NA,NA,0
2015,6,3,-6.44,0.875,963.24,1,NA,0,NA,0,NA,0,NA,NA,0
2015,6,4,-12.3,1,965.49,1,NA,0,NA,0,NA,0,NA,NA,0
2015,6,5,-14.37,0.875,952.11,1,NA,0,NA,0,NA,0,NA,NA,0
2015,6,6,-16.01,0.875,953.35,1,NA,0,NA,0,NA,0,NA,NA,0
2015,6,7,-8.72,1,928.94,1,NA,0,NA,0,NA,0,NA,NA,0
2015,6,8,-17.06,1,938.25,1,NA,0,NA,0,NA,0,NA,NA,0
2015,6,9,-26.22,0.625,947.88,1,NA,0,NA,0,NA,0,NA,NA,0
2015,6,10,-25.68,1,954.75,1,NA,0,NA,0,NA,0,NA,NA,0
2015,6,11,-18.33,0.75,940.46,1,NA,0,NA,0,NA,0,NA,NA,0
2015,6,12,-16.53,0.875,942.48,1,NA,0,NA,0,NA,0,NA,NA,0
2015,6,13,-20.44,1,951.31,1,NA,0,NA,0,NA,0,NA,NA,0
2015,6,14,-25.48,1,960.38,1,NA,0,NA,0,NA,0,NA,NA,0
2015,6,15,-27.96,1,965.61,1,NA,0,NA,0,NA,0,NA,NA,0
2015,6,16,-18.69,0.875,957.08,1,NA,0,NA,0,NA,0,NA,NA,0
2015,6,17,-12.75,1,949.11,1,NA,0,NA,0,NA,0,NA,NA,0
2015,6,18,-15.46,1,951.21,1,NA,0,NA,0,NA,0,NA,NA,0
2015,6,19,-18.96,1,953.16,1,NA,0,NA,0,NA,0,NA,NA,0
2015,6,20,-18.34,1,962.9,1,NA,0,NA,0,NA,0,NA,NA,0
2015,6,21,-21.75,1,964.89,1,NA,0,NA,0,NA,0,NA,NA,0
2015,6,22,-20.98,1,964.81,1,NA,0,NA,0,NA,0,NA,NA,0
2015,6,23,-22.82,0.625,953.86,1,NA,0,NA,0,NA,0,NA,NA,0
2015,6,24,-21.21,1,943.65,1,NA,0,NA,0,NA,0,NA,NA,0
2015,6,25,-20.64,1,944.08,1,NA,0,NA,0,NA,0,NA,NA,0
2015,6,26,-15.16,0.875,932.98,1,NA,0,NA,0,NA,0,NA,NA,0
2015,6,27,-17.62,1,937.44,1,NA,0,NA,0,NA,0,NA,NA,0
2015,6,28,-22.4,1,946.44,1,NA,0,NA,0,NA,0,NA,NA,0
2015,6,29,-24.68,1,956.24,1,NA,0,NA,0,NA,0,NA,NA,0
2015,6,30,-25.65,0.75,961.39,1,NA,0,NA,0,NA,0,NA,NA,0
2015,7,1,-28.42,1,963.22,1,NA,0,NA,0,NA,0,NA,NA,0
2015,7,2,-21.96,0.875,971.94,1,NA,0,NA,0,NA,0,NA,NA,0
2015,7,3,-15.54,0.875,979.48,1,NA,0,NA,0,NA,0,NA,NA,0
2015,7,4,-10.83,0.875,982.76,1,NA,0,NA,0,NA,0,NA,NA,0
2015,7,5,-13.77,0.375,973.46,1,NA,0,NA,0,NA,0,NA,NA,0
2015,7,6,-7.07,0.875,959.26,1,NA,0,NA,0,NA,0,NA,NA,0
2015,7,7,-6.75,1,949.56,1,NA,0,NA,0,NA,0,NA,NA,0
2015,7,8,-9.99,0.875,939.65,1,NA,0,NA,0,NA,0,NA,NA,0
2015,7,9,-14.04,0.875,938.88,1,NA,0,NA,0,NA,0,NA,NA,0
2015,7,10,-23.54,1,948.46,1,NA,0,NA,0,NA,0,NA,NA,0
2015,7,11,-25.99,1,944.86,1,NA,0,NA,0,NA,0,NA,NA,0
2015,7,12,-29.81,1,937.66,1,NA,0,NA,0,NA,0,NA,NA,0
2015,7,13,-22.3,0.75,930.94,1,NA,0,NA,0,NA,0,NA,NA,0
2015,7,14,-20.6,1,929.11,1,NA,0,NA,0,NA,0,NA,NA,0
2015,7,15,-15.69,1,921.01,1,NA,0,NA,0,NA,0,NA,NA,0
2015,7,16,-17.6,1,924,1,NA,0,NA,0,NA,0,NA,NA,0
2015,7,17,-25.44,0.875,936,1,NA,0,NA,0,NA,0,NA,NA,0
2015,7,18,-27.98,1,937.16,1,NA,0,NA,0,NA,0,NA,NA,0
2015,7,19,-26.12,0.625,942.51,1,NA,0,NA,0,NA,0,NA,NA,0
2015,7,20,-26.94,1,929.88,1,NA,0,NA,0,NA,0,NA,NA,0
2015,7,21,-30.1,1,932.21,1,NA,0,NA,0,NA,0,NA,NA,0
2015,7,22,-30.81,1,945.15,1,NA,0,NA,0,NA,0,NA,NA,0
2015,7,23,-27.4,0.75,951.21,1,NA,0,NA,0,NA,0,NA,NA,0
2015,7,24,-21.71,1,946.31,1,NA,0,NA,0,NA,0,NA,NA,0
2015,7,25,-15.9,0.875,945.59,1,NA,0,NA,0,NA,0,NA,NA,0
2015,7,26,-10.63,0.75,950.73,0.875,NA,0,NA,0,NA,0,NA,NA,0
2015,7,27,-13.5,1,958.68,1,NA,0,NA,0,NA,0,NA,NA,0
2015,7,28,-8.18,0.75,943.24,1,NA,0,NA,0,NA,0,NA,NA,0
2015,7,29,-14.4,0.75,946.26,1,NA,0,NA,0,NA,0,NA,NA,0
2015,7,30,-16.95,0.75,947.3,1,NA,0,NA,0,NA,0,NA,NA,0
2015,7,31,-19.06,0.875,942.81,1,NA,0,NA,0,NA,0,NA,NA,0
2015,8,1,-22.65,1,945.42,1,NA,0,NA,0,NA,0,NA,NA,0
2015,8,2,-23.7,1,939.84,1,NA,0,NA,0,NA,0,NA,NA,0
2015,8,3,-26.82,1,938.95,1,NA,0,NA,0,NA,0,NA,NA,0
2015,8,4,-29.02,1,942.44,1,NA,0,NA,0,NA,0,NA,NA,0
2015,8,5,-29.66,1,952.1,1,NA,0,NA,0,NA,0,NA,NA,0
2015,8,6,-25.58,1,935.9,1,NA,0,NA,0,NA,0,NA,NA,0
2015,8,7,-17.58,1,933.68,1,NA,0,NA,0,NA,0,NA,NA,0
2015,8,8,-20.91,1,944.65,1,NA,0,NA,0,NA,0,NA,NA,0
2015,8,9,-20.11,1,944.18,1,NA,0,NA,0,NA,0,NA,NA,0
2015,8,10,-17.26,1,931.65,1,NA,0,NA,0,NA,0,NA,NA,0
2015,8,11,-17.58,1,937.19,1,NA,0,NA,0,NA,0,NA,NA,0
2015,8,12,-20.96,1,934.95,1,NA,0,NA,0,NA,0,NA,NA,0
2015,8,13,-29.01,0.875,933.74,1,NA,0,NA,0,NA,0,NA,NA,0
2015,8,14,-31.11,1,934.14,1,NA,0,NA,0,NA,0,NA,NA,0
2015,8,15,-32.96,1,932.92,1,NA,0,NA,0,NA,0,NA,NA,0
2015,8,16,-27.17,0.75,937.68,1,NA,0,NA,0,NA,0,NA,NA,0
2015,8,17,-27.96,1,942.51,1,NA,0,NA,0,NA,0,NA,NA,0
2015,8,18,-28.97,0.875,946.4,1,NA,0,NA,0,NA,0,NA,NA,0
2015,8,19,-28.7,1,945.51,1,NA,0,NA,0,NA,0,NA,NA,0
2015,8,20,-26.48,0.625,957.46,1,NA,0,NA,0,NA,0,NA,NA,0
2015,8,21,-13.7,0.75,968.7,1,NA,0,NA,0,NA,0,NA,NA,0
2015,8,22,-8.81,0.875,967.74,1,NA,0,NA,0,NA,0,NA,NA,0
2015,8,23,-9.56,0.625,957.5,1,NA,0,NA,0,NA,0,NA,NA,0
2015,8,24,-4.42,0.625,946.76,1,NA,0,NA,0,NA,0,NA,NA,0
2015,8,25,-23.1,0.875,961.06,1,NA,0,NA,0,NA,0,NA,NA,0
2015,8,26,-23.62,1,963.28,1,NA,0,NA,0,NA,0,NA,NA,0
2015,8,27,-17.74,1,963.29,1,NA,0,NA,0,NA,0,NA,NA,0
2015,8,28,-18.2,1,955.49,1,NA,0,NA,0,NA,0,NA,NA,0
2015,8,29,-21.01,1,952.71,1,NA,0,NA,0,NA,0,NA,NA,0
2015,8,30,-22.31,1,942.79,1,NA,0,NA,0,NA,0,NA,NA,0
2015,8,31,-20.44,0.875,919.4,1,NA,0,NA,0,NA,0,NA,NA,0
2015,9,1,-22.89,0.875,934.62,1,NA,0,NA,0,NA,0,NA,NA,0
2015,9,2,-27.03,0.75,947.18,1,NA,0,NA,0,NA,0,NA,NA,0
2015,9,3,-20.16,1,936.12,1,NA,0,NA,0,NA,0,NA,NA,0
2015,9,4,-20.62,1,944.61,1,NA,0,NA,0,NA,0,NA,NA,0
2015,9,5,-23.74,1,947.61,1,NA,0,NA,0,NA,0,NA,NA,0
2015,9,6,-22.6,1,953.04,1,NA,0,NA,0,NA,0,NA,NA,0
2015,9,7,-17.82,1,955.24,1,NA,0,NA,0,NA,0,NA,NA,0
2015,9,8,-21.14,0.625,960.3,1,NA,0,NA,0,NA,0,NA,NA,0
2015,9,9,-17.55,0.5,959.68,1,NA,0,NA,0,NA,0,NA,NA,0
2015,9,10,-18.45,1,952.22,1,NA,0,NA,0,NA,0,NA,NA,0
2015,9,11,-14.26,1,954.11,1,NA,0,NA,0,NA,0,NA,NA,0
2015,9,12,-18.96,0.875,950,1,NA,0,NA,0,NA,0,NA,NA,0
2015,9,13,-17.7,0.875,957.66,1,NA,0,NA,0,NA,0,NA,NA,0
2015,9,14,-9.12,0.625,948.38,1,NA,0,NA,0,NA,0,NA,NA,0
2015,9,15,-18.93,0.75,963.79,1,NA,0,NA,0,NA,0,NA,NA,0
2015,9,16,-7.43,0.875,967.5,1,NA,0,NA,0,NA,0,NA,NA,0
2015,9,17,-12.6,0.5,969.6,1,NA,0,NA,0,NA,0,NA,NA,0
2015,9,18,-10.63,0.75,979.16,1,NA,0,NA,0,NA,0,NA,NA,0
2015,9,19,-5.68,0.75,967.51,1,NA,0,NA,0,NA,0,NA,NA,0
2015,9,20,-9.82,0.75,958.66,1,NA,0,NA,0,NA,0,NA,NA,0
2015,9,21,-4.25,0.75,948.7,1,NA,0,NA,0,NA,0,NA,NA,0
2015,9,22,-23.29,0.875,939.38,1,NA,0,NA,0,NA,0,NA,NA,0
2015,9,23,-27.7,0.75,947.59,0.875,NA,0,NA,0,NA,0,NA,NA,0
2015,9,24,-23.89,1,943.45,1,NA,0,NA,0,NA,0,NA,NA,0
2015,9,25,-23.51,1,957.48,1,NA,0,NA,0,NA,0,NA,NA,0
2015,9,26,-18.55,1,952.64,1,NA,0,NA,0,NA,0,NA,NA,0
2015,9,27,-15.57,0.75,939.83,0.875,NA,0,NA,0,NA,0,NA,NA,0
2015,9,28,-11.8,1,949.94,1,NA,0,NA,0,NA,0,NA,NA,0
2015,9,29,-6.11,1,923,0.875,NA,0,NA,0,NA,0,NA,NA,0
2015,9,30,-15.2,0.625,940.29,1,NA,0,NA,0,NA,0,NA,NA,0
2015,10,1,-13.49,0.875,940.41,1,NA,0,NA,0,NA,0,NA,NA,0
2015,10,2,-15.58,0.625,939.54,1,NA,0,NA,0,NA,0,NA,NA,0
2015,10,3,-13.29,0.875,939.82,1,NA,0,NA,0,NA,0,NA,NA,0
2015,10,4,-8.21,1,943.44,1,NA,0,NA,0,NA,0,NA,NA,0
2015,10,5,-11,1,950.66,1,NA,0,NA,0,NA,0,NA,NA,0
2015,10,6,-13.16,1,950.08,1,NA,0,NA,0,NA,0,NA,NA,0
2015,10,7,-11.3,1,935.32,1,NA,0,NA,0,NA,0,NA,NA,0
2015,10,8,-7.04,1,940.05,1,NA,0,NA,0,NA,0,NA,NA,0
2015,10,9,-6.5,1,929.39,1,NA,0,NA,0,NA,0,NA,NA,0
2015,10,10,-7.89,1,926.76,1,NA,0,NA,0,NA,0,NA,NA,0
2015,10,11,-12.26,1,945.21,1,NA,0,NA,0,NA,0,NA,NA,0
2015,10,12,-14,1,960.55,1,NA,0,NA,0,NA,0,NA,NA,0
2015,10,13,-14.45,1,967.07,1,NA,0,NA,0,NA,0,NA,NA,0
2015,10,14,-9.55,1,944.79,1,NA,0,NA,0,NA,0,NA,NA,0
2015,10,15,-8.93,1,944.49,1,NA,0,NA,0,NA,0,NA,NA,0
2015,10,16,-9.32,1,955.59,1,NA,0,NA,0,NA,0,NA,NA,0
2015,10,17,-14.6,0.75,960.22,1,NA,0,NA,0,NA,0,NA,NA,0
2015,10,18,-12.82,1,968.82,1,NA,0,NA,0,NA,0,NA,NA,0
2015,10,19,-8.71,1,974.75,1,NA,0,NA,0,NA,0,NA,NA,0
2015,10,20,-8.84,1,973.68,1,NA,0,NA,0,NA,0,NA,NA,0
2015,10,21,-4.8,0.75,951.81,1,NA,0,NA,0,NA,0,NA,NA,0
2015,10,22,-2.41,1,939.88,1,NA,0,NA,0,NA,0,NA,NA,0
2015,10,23,-2.41,1,943.2,1,NA,0,NA,0,NA,0,NA,NA,0
2015,10,24,-2.84,1,947.5,1,NA,0,NA,0,NA,0,NA,NA,0
2015,10,25,-5.24,1,945.7,1,NA,0,NA,0,NA,0,NA,NA,0
2015,10,26,-8.43,1,950.2,1,NA,0,NA,0,NA,0,NA,NA,0
2015,10,27,-9.21,1,949.89,1,NA,0,NA,0,NA,0,NA,NA,0
2015,10,28,-13.33,0.875,947.56,1,NA,0,NA,0,NA,0,NA,NA,0
2015,10,29,-11.99,1,945.34,1,NA,0,NA,0,NA,0,NA,NA,0
2015,10,30,-12.36,1,946.85,1,NA,0,NA,0,NA,0,NA,NA,0
2015,10,31,-11.88,1,951.86,1,NA,0,NA,0,NA,0,NA,NA,0
2015,11,1,-12.1,1,948.69,1,NA,0,NA,0,NA,0,NA,NA,0
2015,11,2,-15.28,0.75,958.36,1,NA,0,NA,0,NA,0,NA,NA,0
2015,11,3,-13.55,1,956.44,1,NA,0,NA,0,NA,0,NA,NA,0
2015,11,4,-11.75,0.75,950.05,1,NA,0,NA,0,NA,0,NA,NA,0
2015,11,5,-4.51,0.875,942.28,1,NA,0,NA,0,NA,0,NA,NA,0
2015,11,6,-5.31,1,950.62,1,NA,0,NA,0,NA,0,NA,NA,0
2015,11,7,-8.3,1,952.71,1,NA,0,NA,0,NA,0,NA,NA,0
2015,11,8,-10.95,1,947.41,1,NA,0,NA,0,NA,0,NA,NA,0
2015,11,9,-13.18,1,941.62,1,NA,0,NA,0,NA,0,NA,NA,0
2015,11,10,-10.03,1,941.58,1,NA,0,NA,0,NA,0,NA,NA,0
2015,11,11,-10.35,1,942.4,1,NA,0,NA,0,NA,0,NA,NA,0
2015,11,12,-12.66,1,943.99,1,NA,0,NA,0,NA,0,NA,NA,0
2015,11,13,-11.55,1,948.22,1,NA,0,NA,0,NA,0,NA,NA,0
2015,11,14,-12.53,1,951.91,1,NA,0,NA,0,NA,0,NA,NA,0
2015,11,15,-11.71,1,956.28,1,NA,0,NA,0,NA,0,NA,NA,0
2015,11,16,-11.6,1,960.85,1,NA,0,NA,0,NA,0,NA,NA,0
2015,11,17,-10.96,1,963.91,1,NA,0,NA,0,NA,0,NA,NA,0
2015,11,18,-8.57,1,955.32,1,NA,0,NA,0,NA,0,NA,NA,0
2015,11,19,-7.5,1,955.65,1,NA,0,NA,0,NA,0,NA,NA,0
2015,11,20,-5.76,0.875,937.96,1,NA,0,NA,0,NA,0,NA,NA,0
2015,11,21,-8.64,1,942.52,1,NA,0,NA,0,NA,0,NA,NA,0
2015,11,22,-9.26,1,937.9,1,NA,0,NA,0,NA,0,NA,NA,0
2015,11,23,-7.6,1,922.71,1,NA,0,NA,0,NA,0,NA,NA,0
2015,11,24,-8.46,1,938.5,1,NA,0,NA,0,NA,0,NA,NA,0
2015,11,25,-8.61,1,938.78,1,NA,0,NA,0,NA,0,NA,NA,0
2015,11,26,-6.69,1,941.09,1,NA,0,NA,0,NA,0,NA,NA,0
2015,11,27,-5.6,1,949.14,1,NA,0,NA,0,NA,0,NA,NA,0
2015,11,28,-6.3,1,942.62,1,NA,0,NA,0,NA,0,NA,NA,0
2015,11,29,-5.58,1,924.71,1,NA,0,NA,0,NA,0,NA,NA,0
2015,11,30,-5.62,1,931.62,1,NA,0,NA,0,NA,0,NA,NA,0
2015,12,1,-6.9,1,941.82,1,NA,0,NA,0,NA,0,NA,NA,0
2015,12,2,-6.8,1,941.31,1,NA,0,NA,0,NA,0,NA,NA,0
2015,12,3,-7.49,1,943.79,1,NA,0,NA,0,NA,0,NA,NA,0
2015,12,4,-6.35,0.5,953.98,1,3.33,1,115.12,1,71.16,1,2.87,99.09,1
2015,12,5,-4.7,1,945.25,1,13.33,0.375,105.25,1,94.16,1,13.31,112.51,0.375
2015,12,6,-5.19,1,940.07,1,10.38,1,108.25,1,92.83,1,10.35,107.69,1
2015,12,7,-6.62,0.5,936.85,1,2.73,0.875,129.25,1,85.22,1,1.03,120.16,0.875
2015,12,8,-5.25,0.25,941.49,1,1.56,1,263.88,1,81.04,1,1.15,277.88,1
2015,12,9,-4.56,1,946.46,1,7.22,0.5,275.62,1,89.74,1,7.18,274.28,0.5
2015,12,10,-4.06,1,956.55,1,4.9,0.75,267.75,1,82.12,1,4.86,267.25,0.75
2015,12,11,-1.4,0.75,968.06,1,3.21,0.875,247.25,1,63.34,1,2.94,273.18,0.875
2015,12,12,-1.4,0.375,968.32,1,1.68,1,163.75,1,65.54,1,0.89,275.74,1
2015,12,13,NA,0.125,967.61,1,1.18,1,186.75,1,68.42,1,0.89,289.73,1
2015,12,14,-6.93,0.375,968.55,1,1.54,1,75.88,1,92.54,1,0.96,75,1
2015,12,15,-2.17,0.875,963.51,1,6.04,0.625,99.88,1,84.71,1,4.01,91.41,0.625
2015,12,16,0.06,1,953.55,1,NA,0.125,46.25,1,88.88,1,NA,NA,0.125
2015,12,17,-0.44,1,954.3,1,NA,0.125,95.62,1,83.28,1,NA,NA,0.125
2015,12,18,-1.1,0.625,953.09,1,2.05,1,175,1,96,0.625,1.17,185.72,1
2015,12,19,-2.59,0.875,950.75,1,4.73,0.875,278,1,91.8,0.625,3.97,295.81,0.875
2015,12,20,-2.61,1,952.85,1,5.04,1,281.75,1,84.61,1,4.92,284.08,1
2015,12,21,-3.81,0.875,955.52,1,6.8,0.75,214.38,1,83.9,1,5.93,284.7,0.75
2015,12,22,-4.5,0.875,957.3,1,3.82,0.75,268.75,1,87.09,1,3.48,271.88,0.75
2015,12,23,-3.89,1,966.18,1,8,0.875,286.75,1,77.39,1,7.82,289.36,0.875
2015,12,24,-3.56,1,969.81,1,13.6,0.75,291.12,1,81.29,1,13.44,288.49,0.75
2015,12,25,-5.3,1,964.15,1,10.1,0.625,267.88,1,87.79,1,10.08,272.46,0.625
2015,12,26,-2.83,0.5,968.3,1,2,0.75,197.25,1,86.47,1,0.98,248.85,0.75
2015,12,27,-2.58,0.625,960.51,1,3.11,0.875,260.62,1,96.52,0.75,2.98,258.02,0.875
2015,12,28,-4.66,0.875,950.55,1,5.72,0.75,240.38,1,89.67,1,4.73,266.41,0.75
2015,12,29,-4.39,1,942.84,1,8.02,0.75,99.62,1,88.96,1,7.74,101.01,0.75
2015,12,30,-2.35,1,943.59,1,9.24,0.875,115.25,1,92.91,1,8.94,113.73,0.875
2015,12,31,-2.29,1,946.51,1,7.28,0.75,89.75,1,94.21,1,5.93,104.85,0.75
2016,1,1,-2.26,0.875,950.78,1,5.08,0.75,91.25,1,86.22,1,2.84,28.74,0.75
2016,1,2,-1.74,1,950.36,1,9.43,0.5,176.75,1,95,0.5,8.32,149.7,0.5
2016,1,3,-2.3,1,958.21,1,7.83,0.75,147.12,1,95.57,0.75,7.71,118.78,0.75
2016,1,4,-4.28,1,951.45,1,3.34,1,254.5,1,77.5,1,2.54,305.22,1
2016,1,5,-3.77,0.875,948.88,1,4.15,0.75,122.5,1,74.29,1,1.38,47.57,0.75
2016,1,6,-3.02,1,949.52,1,5.84,0.625,152.62,1,89.73,0.875,3.65,177.85,0.625
2016,1,7,-2.36,1,969.62,1,16.65,0.75,293.88,1,85.54,1,16.32,295.62,0.75
2016,1,8,-1.4,0.875,966.48,1,10.57,0.375,249.62,1,83.16,1,9.66,286.68,0.375
2016,1,9,-2.41,1,963.5,1,20.66,0.875,282.88,1,89.12,1,20.63,282.87,0.875
2016,1,10,-4.11,1,970.56,1,14.93,0.75,266.38,1,79.08,1,14.73,269.92,0.75
2016,1,11,-2.16,1,977.99,1,13.13,0.875,276.5,1,66.74,1,12.91,278.34,0.875
2016,1,12,1.6,1,972.79,1,16.68,1,297.38,1,63.11,1,16.62,297.51,1
2016,1,13,3.17,0.75,972.66,1,6,0.75,209.62,1,57.6,1,5.54,310.87,0.75
2016,1,14,0.05,0.5,965.5,1,2.18,0.75,218.12,1,94.48,0.625,1.91,268.44,0.75
2016,1,15,-1.11,1,964.24,1,16.77,0.375,285.5,1,94,0.875,16.73,291.71,0.375
2016,1,16,-1.64,1,965.05,1,11.9,0.75,267.38,1,86.16,1,11.74,278.93,0.75
2016,1,17,NA,0,959.11,1,1.12,1,227.62,1,80.54,1,0.8,332.24,1
2016,1,18,-0.88,0.625,959.55,1,2.02,0.5,50.38,1,87.67,1,1.7,106.99,0.5
2016,1,19,-1.34,1,952.16,1,5.99,0.875,106.25,1,92.75,1,5.29,102.63,0.875
2016,1,20,-3.38,1,948.39,1,5.9,0.75,119.88,1,97.59,1,5.62,133.02,0.75
2016,1,21,-2.4,0.75,949.09,1,3.96,1,161.38,1,98.62,0.625,3.07,145.71,1
2016,1,22,-3.25,0.25,954.36,1,1.75,1,230.25,1,96.73,0.875,1.33,298.64,1
2016,1,23,-1.6,0.375,956.54,1,1.13,0.75,123,1,85.41,1,0.62,107.74,0.75
2016,1,24,-2.56,1,955.84,1,10.52,0.625,70.5,1,89.06,1,9.89,66.97,0.625
2016,1,25,-2.92,1,951.82,1,11.23,0.875,99.88,1,90.2,1,10.94,97.1,0.875
2016,1,26,-3.16,1,946.31,1,9.75,0.75,114.25,1,96.21,0.875,9.72,113.01,0.75
2016,1,27,-2.31,1,947.26,1,11.5,0.75,50,1,85.46,0.875,10.72,48.09,0.75
2016,1,28,-2.42,1,958.15,1,9.75,1,108.38,1,84.11,1,8.74,113.77,1
2016,1,29,-5.6,0.625,957.2,1,4,0.875,154.62,1,87.86,1,3.03,124.23,0.875
2016,1,30,-7.53,0.375,946.66,1,2.16,1,153.38,1,71.54,1,0.61,65.05,1
2016,1,31,-6.25,0.75,948.54,1,2.96,1,261,1,76.94,1,2.21,272.82,1
2016,2,1,-1.9,1,943.16,1,16.17,0.375,169.75,1,86.12,1,8.21,348.31,0.375
2016,2,2,-1.54,1,953.84,1,13.04,0.625,139,1,88.38,1,10.28,11.16,0.625
2016,2,3,-4.6,1,939.49,1,9.46,0.625,213.88,1,89.45,1,6.2,230.34,0.625
2016,2,4,-3.09,1,928.12,1,NA,0.125,180,1,94.69,0.875,NA,NA,0.125
2016,2,5,-4.06,1,946.51,1,14.8,0.25,296,1,85.53,1,14.56,298.21,0.25
2016,2,6,-4.26,0.625,954.4,1,2.43,0.875,129,1,85.71,1,1.35,68.3,0.875
2016,2,7,-6.11,0.875,938.89,1,7.1,0.5,177.25,1,95.19,1,6.59,166.11,0.5
2016,2,8,-5.8,0.5,933.86,1,2.4,1,188.12,1,94.28,1,1.41,285.8,1
2016,2,9,-5.5,0.75,944.81,1,3.1,1,215.88,1,91.41,1,2.05,266.06,1
2016,2,10,NA,0.125,951.92,1,1.2,1,148.12,1,94.89,1,0.45,329.41,1
2016,2,11,-4.43,0.375,949.04,1,2.12,1,122.62,1,91.85,1,1.71,79.2,1
2016,2,12,-6.9,0.875,952.95,1,4.11,1,174,1,94.04,1,2.7,140.89,1
2016,2,13,-5.95,1,952.29,1,5.51,0.875,259.5,1,95.11,1,4.58,268.09,0.875
2016,2,14,-7.04,1,954.15,1,11.04,0.875,292,1,85.08,1,10.97,293.48,0.875
2016,2,15,-8.48,0.75,954.9,1,4.85,1,230.12,1,80.34,1,4.54,310.93,1
2016,2,16,-7.65,0.25,948.61,1,1.53,1,204.38,1,71.2,1,1.15,306.76,1
2016,2,17,-6.37,0.375,940.96,1,2.31,0.875,85.62,1,81.12,1,0.8,357.17,0.875
2016,2,18,-7.2,0.5,935.95,1,1.77,1,157.88,1,81.95,1,0.83,104.23,1
2016,2,19,-8.84,1,936.02,1,10.54,0.625,297,1,81.9,1,10.29,296.19,0.625
2016,2,20,-10,0.625,945.99,1,3.48,0.625,230.75,1,72,1,3.04,305.28,0.625
2016,2,21,-10.57,0.875,945.92,1,7.38,0.75,239.62,1,82.78,1,6.75,296.81,0.75
2016,2,22,-11.83,0.875,949.66,1,9.36,0.625,285.88,1,80.69,1,9.19,296.42,0.625
2016,2,23,-9.35,1,958.05,1,3.82,0.625,167.88,1,74.58,1,1.84,307.64,0.625
2016,2,24,-4.46,0.875,960.01,1,3.07,0.375,54.5,1,82.09,1,1.43,44.7,0.375
2016,2,25,-6.05,1,953.16,1,8.63,0.375,91.25,1,91.8,1,8.51,84.86,0.375
2016,2,26,-6.49,1,955.15,1,5.53,0.375,98.62,1,91.14,1,5.51,120.84,0.375
2016,2,27,-6.82,1,955.41,1,6.28,0.75,138.12,1,95.24,1,6.1,136.78,0.75
2016,2,28,-6.36,0.875,951.31,1,4.75,0.75,99.25,1,95.12,1,4.62,102.6,0.75
2016,2,29,-2.56,1,941.81,1,NA,0.125,77.5,1,90.22,1,NA,NA,0.125
2016,3,1,-3.41,1,950.64,1,7.18,0.625,254.12,1,81.03,1,5.94,354.72,0.625
2016,3,2,-4.17,0.75,942.55,1,8.62,0.625,112.88,1,90.66,1,8.47,115.99,0.625
2016,3,3,-5.88,1,935.45,1,NA,0.125,297.12,1,88.65,1,NA,NA,0.125
2016,3,4,-5.22,1,950.11,1,5.52,0.625,211.5,1,78.4,1,4.47,353.61,0.625
2016,3,5,-6.69,1,951.81,1,2.59,0.875,41.62,1,73.74,1,2.28,40.31,0.875
2016,3,6,-4.15,1,946.52,1,10.35,0.25,82,1,85.59,1,9.81,55.1,0.25
2016,3,7,-5.14,1,951.05,1,1.05,0.75,170.5,1,85.71,1,0.78,154.16,0.75
2016,3,8,-5.9,1,949.05,1,8,0.625,151.88,1,87.8,1,4.76,91.42,0.625
2016,3,9,-7.65,1,942.18,1,11.22,0.5,118.25,1,94.9,1,11.1,118.39,0.5
2016,3,10,-5.96,1,944.59,1,3.65,0.25,77.62,1,88.66,1,3.26,131.07,0.25
2016,3,11,-8.25,1,946.49,1,2.58,1,224.5,1,93.22,1,1.45,267.9,1
2016,3,12,-9.69,1,950.44,1,1.07,1,169.75,1,91.8,1,0.44,317.71,1
2016,3,13,-9.96,1,954.52,1,1.81,1,194.88,1,77.5,1,0.86,260.16,1
2016,3,14,-11.62,1,955.92,1,2.05,1,249.88,1,77.71,1,1.48,285.65,1
2016,3,15,-15.68,1,951.74,1,0.98,1,203.25,1,80.69,1,0.46,242.75,1
2016,3,16,-18.68,1,946.82,1,6.13,0.75,285,1,79.31,1,6.06,285.08,0.75
2016,3,17,-17.38,1,950.38,1,10.44,0.625,281,1,69.1,1,10.23,280.39,0.625
2016,3,18,-20.08,1,960.84,1,7.17,0.75,194.75,1,70.58,1,6.89,275.8,0.75
2016,3,19,-19.21,1,953.49,1,4.97,0.875,105.12,1,69.64,1,4.72,109.57,0.875
2016,3,20,-18.79,1,943.29,1,5.8,0.375,281.75,1,69.85,1,5.79,283.19,0.375
2016,3,21,-10.68,0.625,934.7,1,2.25,0.25,106.38,1,83.96,1,1.41,147.83,0.25
2016,3,22,-4.03,1,925.46,1,14.05,0.25,69.62,1,94.76,1,13.29,88.25,0.25
2016,3,23,-4.14,1,919.74,1,14.18,0.5,66.75,1,92.25,1,12.02,97,0.5
2016,3,24,-7.95,1,936.58,1,1.8,0.25,241.88,1,82,1,1.42,328.53,0.25
2016,3,25,-14.07,1,942.4,1,1,0.625,120.5,1,85.62,1,0.56,45.56,0.625
2016,3,26,-15.4,1,942.86,1,2.67,0.875,248.5,1,86.62,1,2.33,259.01,0.875
2016,3,27,-16.94,1,944.12,1,11.2,0.625,287,1,84.26,1,10.92,284.89,0.625
2016,3,28,-16.65,1,947.16,1,3.44,0.625,180.75,1,82.64,1,2.35,320.5,0.625
2016,3,29,-14.81,1,948.08,1,3.9,0.25,66.38,1,82.39,1,3.6,45.5,0.25
2016,3,30,-18.04,1,949.49,1,12.67,0.75,268.5,1,80.55,1,11.54,293.91,0.75
2016,3,31,-18.08,1,951.05,1,12.18,0.75,260.25,1,71.44,1,12.1,288.82,0.75
2016,4,1,-19.73,0.875,959.48,1,1.53,0.75,223.38,1,65.97,1,0.91,308.74,0.75
2016,4,2,-24.45,1,961.12,1,16.23,0.5,266.25,1,71.36,1,16.2,295.33,0.5
2016,4,3,-24.2,1,957.49,1,1.59,0.875,131.62,1,78.12,1,0.82,123.29,0.875
2016,4,4,-17.49,1,944.66,1,6.54,0.625,137.25,1,85.86,1,6.14,141.45,0.625
2016,4,5,-16.5,0.75,938.44,1,2.42,0.75,250.88,1,82.3,1,1.36,300.36,0.75
2016,4,6,-18.21,1,934.35,1,3.76,0.625,193,1,79.53,1,3.2,329.21,0.625
2016,4,7,-18.23,0.875,945.06,1,9.25,0.5,230,1,81.56,1,8.12,281.51,0.5
2016,4,8,-5.57,0.375,947.56,1,NA,0.125,194.88,1,88.25,1,NA,NA,0.125
2016,4,9,-7.57,0.75,948.52,1,15.6,0.375,275.38,1,84.47,1,14.67,311.39,0.375
2016,4,10,-11.03,0.75,950.5,1,10.14,0.625,287.25,1,86.38,1,9.7,284.03,0.625
2016,4,11,-16.41,0.875,950.24,1,8.68,0.75,244.12,1,81.06,1,8.48,271.78,0.75
2016,4,12,-15.09,1,944.91,1,5.15,0.75,278.88,1,57.24,1,4.97,280.3,0.75
2016,4,13,-18.86,1,948.41,1,1.5,1,153,1,83.35,1,0.14,161.91,1
2016,4,14,-22.46,1,960.06,1,16.92,0.5,279.5,1,74.55,1,16.88,276.48,0.5
2016,4,15,-16.4,0.875,969.28,1,14.53,0.75,220.12,1,54.54,1,14.08,290.13,0.75
2016,4,16,-11.06,1,975.24,1,8.3,0.5,280.75,1,39.25,1,8.22,284.44,0.5
2016,4,17,-8.18,1,974.25,1,10.88,0.75,287.88,1,69.74,1,10.62,288.43,0.75
2016,4,18,-5.16,1,971.98,1,16.16,0.625,298.12,1,88.59,1,15.55,297.74,0.625
2016,4,19,-5.5,1,974.11,1,13.12,0.625,292.88,1,88.49,1,13.08,293.89,0.625
2016,4,20,-7.43,0.875,970.05,1,4.77,0.75,193.62,1,87.36,1,3.53,280.92,0.75
2016,4,21,-12.6,0.875,968.9,1,0.76,0.625,110.43,0.875,80.12,1,0.57,156.33,0.625
2016,4,22,-10.06,1,963.28,1,4.94,0.625,68.75,1,74.69,1,4.89,47.15,0.625
2016,4,23,-10.45,1,956.48,1,10.82,0.5,75.62,1,87.06,1,9.58,86.2,0.5
2016,4,24,-10.31,1,967.41,1,3.4,0.25,120,1,86.4,1,3.34,311.06,0.25
2016,4,25,-9.65,0.5,947.85,1,15.8,0.25,194.88,1,87.51,1,14.66,103.61,0.25
2016,4,26,-9.82,1,959.07,1,13.43,0.375,310.12,1,81.92,1,13.08,320.08,0.375
2016,4,27,-9.67,0.75,960.95,1,4.1,0.5,179.62,1,87.19,1,2.35,279.83,0.5
2016,4,28,-8.9,0.625,950.56,1,NA,0.125,240.25,1,89.3,1,NA,NA,0.125
2016,4,29,-14.96,0.875,950.49,1,10.05,0.5,255.12,1,86,1,5.11,264.27,0.5
2016,4,30,-17.48,0.625,963.02,1,20,0.75,281.25,1,85,1,19.68,282.5,0.75
2016,5,1,-17.5,0.75,968.18,1,9.22,0.5,213.5,1,53.76,1,8.26,285.75,0.5
2016,5,2,-11.7,0.875,957.29,1,2.4,0.625,172.25,1,89.8,1,1.73,139.13,0.625
2016,5,3,-13.84,1,968.4,1,1.01,1,141.5,1,89.39,1,0.35,293.95,1
2016,5,4,-12.34,0.875,973.66,1,1.9,0.75,210.25,1,91.7,1,0.77,354.91,0.75
2016,5,5,-0.97,0.875,972.22,1,3.03,0.375,90.5,1,87.24,1,2.91,19.7,0.375
2016,5,6,-1.3,1,970.78,1,NA,0.125,98.75,1,84.96,1,NA,NA,0.125
2016,5,7,-4.39,1,967.18,1,6.78,0.625,117,1,84.49,1,5.52,4.7,0.625
2016,5,8,-4.39,1,969.5,1,5.4,0.875,207.75,1,84.17,1,3.86,349.56,0.875
2016,5,9,-0.9,0.875,959.25,1,2.72,0.75,169.12,1,85.54,1,1.53,100.8,0.75
2016,5,10,-1.9,0.875,957.32,1,4.97,0.5,239,1,88.47,0.875,3.63,53.36,0.5
2016,5,11,-2.76,1,961.32,1,9.17,0.375,145.25,1,80.97,1,7.62,16.19,0.375
2016,5,12,-2.54,1,962.4,1,9.45,0.25,172,1,82.49,1,9.31,40.98,0.25
2016,5,13,-0.68,1,960,1,3.85,0.25,59.5,1,94.58,1,3.71,84.87,0.25
2016,5,14,-1.9,1,951.48,1,NA,0.125,223.88,1,90.49,1,NA,NA,0.125
2016,5,15,-4.1,1,958.1,0.875,NA,0.125,135.62,1,88.38,1,NA,NA,0.125
2016,5,16,-7.68,1,966.4,1,4.92,0.625,282.88,1,87.24,1,4.66,293.68,0.625
2016,5,17,-11.35,1,971.09,1,1.8,1,184.88,1,75.17,1,0.59,265.04,1
2016,5,18,-11.32,1,965.71,1,5.29,1,92.25,1,59.29,1,4.62,91.64,1
2016,5,19,-14.64,1,959.64,1,3.96,1,98.12,1,88.26,1,3.81,100.51,1
2016,5,20,-12.5,1,956.56,1,5.19,1,102.12,1,86.04,1,4.87,101.26,1
2016,5,21,-9.82,1,960.95,1,2.76,1,89.5,1,80,1,1.75,79.53,1
2016,5,22,-7.31,1,938.49,1,NA,0,213,1,88.45,1,NA,NA,0
2016,5,23,-7.99,0.875,940.5,1,16.84,0.625,162,1,85,1,14.07,331.29,0.625
2016,5,24,-3.9,1,944.38,1,20.97,0.375,76.38,1,92.86,0.875,20.64,23.44,0.375
2016,5,25,-1.4,0.75,933.4,1,NA,0.125,97.25,1,89.95,1,NA,NA,0.125
2016,5,26,-12.5,0.875,955.48,1,4.73,0.5,113.38,1,82.99,1,1.01,177.53,0.5
2016,5,27,-3.85,1,942.26,1,NA,0.125,40.88,1,92.38,1,NA,NA,0.125
2016,5,28,-4.27,0.75,939.15,1,NA,0,130.5,1,89.54,1,NA,NA,0
2016,5,29,-8.3,0.75,950.16,1,1.76,0.625,78.12,1,85.14,1,1.62,31.45,0.625
2016,5,30,-1.49,1,942.84,1,NA,0,49,1,90.34,1,NA,NA,0
2016,5,31,-11.36,0.625,938.18,1,NA,0,248.5,1,79.08,1,NA,NA,0
2016,6,1,-20.05,0.75,950.66,1,19.34,0.625,303.38,1,77.51,1,19.05,303.06,0.625
2016,6,2,-16.77,0.5,968.84,1,4.75,0.25,148.25,1,82.26,1,2.04,19.9,0.25
2016,6,3,-4.9,0.75,956.2,1,6.7,0.25,110.62,1,92.39,1,3.02,270.32,0.25
2016,6,4,-11.11,0.875,970.72,1,2.1,0.75,158.88,1,83.84,1,0.86,307.04,0.75
2016,6,5,-5.6,1,971.15,1,2.15,1,236.88,1,75.66,1,0.73,319.16,1
2016,6,6,-5.55,1,965.06,1,2.2,0.25,114.38,1,87.85,1,0.76,239.66,0.25
2016,6,7,-6.66,1,965.28,1,12.35,0.25,127.62,1,84.47,1,9.41,323.16,0.25
2016,6,8,-6.11,1,955.96,1,NA,0,195.12,1,88.58,1,NA,NA,0
2016,6,9,-6.99,1,937.46,1,9.85,0.25,106.25,1,90.89,1,9.81,83.11,0.25
2016,6,10,-5.3,1,933.96,1,2.6,0.625,131.62,1,90.9,1,1.27,99.42,0.625
2016,6,11,-7.41,1,928.98,1,3.1,0.5,115.25,1,92.08,1,3.08,115.72,0.5
2016,6,12,-12.46,1,932.35,1,4.18,0.75,151.25,1,91.44,1,1.84,129.09,0.75
2016,6,13,-19.02,1,938.38,1,2.14,0.625,245.25,1,84.99,1,1.73,302.25,0.625
2016,6,14,-19.63,0.875,936.5,1,17.45,0.25,197.5,1,82.3,1,12.49,357.2,0.25
2016,6,15,-19.2,1,943.3,1,1.32,0.75,116.88,1,68.04,1,1.1,99.39,0.75
2016,6,16,-12.06,1,941.56,1,11.3,0.25,116.5,1,81.65,1,11,115.74,0.25
2016,6,17,-8.91,1,933.82,1,10.8,0.5,104.62,1,90.67,1,10.31,101.85,0.5
2016,6,18,-8.89,1,934.82,1,6.87,0.375,104.75,1,92.67,1,6.79,119.19,0.375
2016,6,19,-9.89,1,937.2,1,1.65,0.25,210,1,86.34,1,1.51,307.7,0.25
2016,6,20,-12,0.875,949.11,1,2.19,0.875,141.25,1,85.64,1,1.35,99.5,0.875
2016,6,21,-16,1,951.48,1,1.95,1,138.62,1,88.08,1,1.23,91.27,1
2016,6,22,-14.81,1,950.52,1,2.91,1,83.88,1,78.1,1,1.6,64.91,1
2016,6,23,-11.35,1,934.68,1,8.68,0.625,119.12,1,91.92,1,8.66,119.86,0.625
2016,6,24,-11,1,930.26,1,6.96,1,97.38,1,90.46,1,6.77,96.04,1
2016,6,25,-12.86,1,929.19,1,5.38,0.625,174,1,89.6,1,4.33,79.82,0.625
2016,6,26,-20.05,1,933.65,1,1.93,0.875,159.62,1,85.17,1,0.71,296.6,0.875
2016,6,27,-19.78,0.75,940.89,1,4.83,0.75,110.88,1,83.72,1,3.7,94.67,0.75
2016,6,28,-15.91,0.875,941.41,1,6.62,0.5,200.75,1,83.24,1,5.84,303.38,0.5
2016,6,29,-19.98,1,945.46,1,17.85,0.25,294.75,1,78.14,1,17.84,291.94,0.25
2016,6,30,-19.56,0.875,952.1,1,9.02,0.625,184.12,1,72.4,1,7.64,298.21,0.625
2016,7,1,-19.25,1,948.26,1,2.45,0.75,265.88,1,85.06,1,2.16,275.58,0.75
2016,7,2,-25.65,1,936.02,1,14.13,0.375,284,1,79.86,1,13.76,284.44,0.375
2016,7,3,-27.03,0.875,947.92,1,18.13,0.75,286,1,75.84,1,17.43,286.77,0.75
2016,7,4,-19.64,0.625,953.05,1,14.97,0.375,276.25,1,79.03,1,14.84,282.77,0.375
2016,7,5,-14.74,0.625,960.39,1,19.7,0.25,277.38,1,78.21,1,19.57,283.84,0.25
2016,7,6,-10.73,0.875,975.51,1,4.65,0.75,153.5,1,56.48,1,4.08,293.88,0.75
2016,7,7,-7.18,0.75,980.56,1,1.55,1,164.25,1,52.95,1,0.68,283.96,1
2016,7,8,-7.59,0.875,977.51,1,1.54,1,113,1,58.9,1,0.6,326.72,1
2016,7,9,-14.6,0.75,976.48,1,2.67,1,122.88,1,75.09,1,1.19,81.48,1
2016,7,10,-14.46,1,965.1,1,8.4,0.25,73.75,1,84.24,1,6.75,108.53,0.25
2016,7,11,-8.22,0.625,968.51,1,5.15,0.25,97.38,1,86.36,1,3.86,108.96,0.25
2016,7,12,-12.54,0.875,965.44,1,NA,0,58.75,1,86.76,1,NA,NA,0
2016,7,13,-11.67,0.875,947.54,1,NA,0.125,65.88,1,90.85,1,NA,NA,0.125
2016,7,14,-3.99,1,945.21,1,13.22,0.5,74.38,1,95.83,1,11.95,70.18,0.5
2016,7,15,-3.19,1,943.06,1,8.19,0.875,97.5,1,93,0.875,8.04,106.85,0.875
2016,7,16,-4.04,1,934.38,1,NA,0.125,247.38,1,97.35,0.5,NA,NA,0.125
2016,7,17,-14.78,0.625,943.08,1,2.57,0.375,199.12,1,90.35,1,1.17,326.59,0.375
2016,7,18,-16.49,0.875,945.11,1,1.39,0.875,100.5,1,87.84,1,0.72,73.58,0.875
2016,7,19,-15.01,1,932.74,1,9.08,0.625,246.5,1,84.95,1,7.74,322.1,0.625
2016,7,20,-21.84,1,931.19,1,4.2,0.75,229.88,1,82.75,1,2.83,331.98,0.75
2016,7,21,-22.42,1,942.61,1,3.83,0.375,254.38,1,82.14,1,3.68,288.17,0.375
2016,7,22,-21.21,1,954.66,1,19.64,0.625,291.12,1,68.01,1,19.6,289.64,0.625
2016,7,23,-14.91,1,964.94,1,8.06,0.625,241,1,38.86,1,8.01,274.79,0.625
2016,7,24,-10.29,1,967.84,1,2.22,1,308.75,1,37.05,1,1.86,296.63,1
2016,7,25,-10.41,1,971.56,1,1.56,0.875,173.12,1,51.91,1,0.18,224.73,0.875
2016,7,26,-11.97,0.375,962.16,1,3.56,0.625,274.12,1,88.65,1,3.48,273.26,0.625
2016,7,27,-11.7,0.625,954.6,1,2.9,0.625,242,1,89.66,1,2.39,316.66,0.625
2016,7,28,-11.93,1,956.06,1,NA,0,NA,0,91.42,1,NA,NA,0
2016,7,29,-10.81,1,968.04,1,NA,0.125,NA,0.125,91.62,1,NA,NA,0.125
2016,7,30,-10.54,1,972.95,1,2.63,0.75,185,1,91.31,1,0.74,283.35,0.75
2016,7,31,-12.67,0.875,942.49,1,5.17,0.75,151,1,88.94,1,2.38,103.31,0.75
2016,8,1,-20.7,0.75,948.15,1,19.27,0.5,288.5,1,83.59,1,18.61,294.92,0.5
2016,8,2,-28.42,1,961.36,1,9.5,0.625,295.62,1,77.8,1,9.22,280.24,0.625
2016,8,3,-33.5,1,963.59,1,1.64,1,48.62,1,72.65,1,1.38,42.52,1
2016,8,4,-31.94,1,962.49,1,2.15,1,102,1,60.41,1,1.79,65.32,1
2016,8,5,-28.26,1,960.45,1,2.35,1,169.62,1,74.61,1,0.29,180.84,1
2016,8,6,-26.06,1,950.78,1,3.48,0.625,280,1,59.36,1,3.46,278.54,0.625
2016,8,7,-24.36,1,936.2,1,12.54,0.625,279.5,1,79.5,1,12.44,280.74,0.625
2016,8,8,-26.64,1,943.99,1,14.68,0.625,285.12,1,74.95,1,14.4,286.17,0.625
2016,8,9,-27.9,0.875,951.02,1,11.82,0.625,217.25,1,58.05,1,10.17,288.02,0.625
2016,8,10,-15.95,0.75,961.08,1,5.59,0.875,95.38,1,82.97,1,4.13,86.55,0.875
2016,8,11,-11.3,1,970.09,0.875,NA,0.125,64.25,1,90.81,1,NA,NA,0.125
2016,8,12,-10.01,1,980.35,1,13.13,0.375,73.38,1,92.99,1,13.07,76.62,0.375
2016,8,13,-3.07,0.75,983.79,1,NA,0,115.75,1,85.59,1,NA,NA,0
2016,8,14,-6.46,1,988.26,1,5.87,0.875,292,1,76.85,1,5.6,295.47,0.875
2016,8,15,-8.38,1,981.2,1,3.48,0.75,240.75,1,84.2,1,3.11,298.55,0.75
2016,8,16,-8.68,1,970.95,1,3.8,1,251.38,1,80.42,1,3.5,289.51,1
2016,8,17,-12.95,1,969.4,1,1.08,0.625,180.71,0.875,89.86,1,0.82,284.18,0.625
2016,8,18,-12.78,1,976.82,1,14.47,0.75,296.75,1,87.08,1,14.4,298.95,0.75
2016,8,19,-12.21,0.875,983.7,1,3.86,0.625,197.25,1,86.19,1,2.48,306.79,0.625
2016,8,20,-15.79,1,986.05,1,2.57,1,218.25,1,87.81,1,2.17,286.9,1
2016,8,21,-16.9,1,983.51,1,1.51,1,157,1,63.86,1,0.88,117.88,1
2016,8,22,-13.53,0.875,978.25,1,1.45,1,148.25,1,36.31,1,1.06,39.99,1
2016,8,23,-16.02,1,969.24,1,2.6,0.75,79.5,1,66.14,1,1.98,81.47,0.75
2016,8,24,-16.3,1,949.98,1,18.67,0.375,87.25,1,86.12,1,16.41,109.87,0.375
2016,8,25,-12.77,0.75,931.24,1,17.07,0.375,66.38,1,89.9,1,10.87,78.71,0.375
2016,8,26,-6.65,1,944.62,1,NA,0.125,46,0.875,89.95,1,NA,NA,0.125
2016,8,27,-4.86,1,933.62,1,NA,0,NA,0,88.79,0.875,NA,NA,0
2016,8,28,-9.29,1,948.78,1,NA,0,NA,0,85.72,1,NA,NA,0
2016,8,29,-9.38,1,958.59,1,NA,0,NA,0,76.42,1,NA,NA,0
2016,8,30,-13.08,0.75,947.82,1,NA,0,NA,0,85.36,1,NA,NA,0
2016,8,31,-16.21,1,950.1,1,NA,0,NA,0,80.86,1,NA,NA,0
2016,9,1,-4.4,0.375,944.12,1,NA,0,NA,0,91.96,1,NA,NA,0
2016,9,2,-0.72,1,941.08,1,NA,0,NA,0,87.66,1,NA,NA,0
2016,9,3,-3.12,1,933.06,1,NA,0,NA,0,93.69,1,NA,NA,0
2016,9,4,-10.34,1,918.2,1,NA,0,NA,0,84.24,1,NA,NA,0
2016,9,5,-21.14,0.625,915.39,1,NA,0,NA,0,76.71,1,NA,NA,0
2016,9,6,-25.54,1,940.49,1,NA,0,NA,0,67.5,1,NA,NA,0
2016,9,7,-20.88,1,946.14,1,NA,0,NA,0,52.5,1,NA,NA,0
2016,9,8,-22.03,0.875,936.49,1,NA,0,NA,0,81.84,1,NA,NA,0
2016,9,9,-25.07,0.75,936.32,1,NA,0,NA,0,78.31,1,NA,NA,0
2016,9,10,-16.32,0.75,931.82,1,NA,0,NA,0,84.34,1,NA,NA,0
2016,9,11,-22.3,0.5,940.18,1,NA,0,NA,0,78.81,1,NA,NA,0
2016,9,12,-12.4,0.875,940.8,1,NA,0,NA,0,85.9,1,NA,NA,0
2016,9,13,-9.19,0.875,915.62,1,NA,0,NA,0,89.29,1,NA,NA,0
2016,9,14,-16.76,1,929.56,1,NA,0,NA,0,82.62,1,NA,NA,0
2016,9,15,-17.97,0.75,939.18,1,NA,0,NA,0,84.96,1,NA,NA,0
2016,9,16,-13.49,1,930.09,1,NA,0,NA,0,89,1,NA,NA,0
2016,9,17,-12.05,1,924.24,1,NA,0,NA,0,91.14,1,NA,NA,0
2016,9,18,-10.59,1,920.11,1,NA,0,NA,0,92.06,1,NA,NA,0
2016,9,19,-14.22,1,929.34,1,NA,0,NA,0,89.28,1,NA,NA,0
2016,9,20,-16.85,1,929.7,1,NA,0,NA,0,86.71,1,NA,NA,0
2016,9,21,-18.62,1,938.16,1,NA,0,NA,0,83.25,1,NA,NA,0
2016,9,22,-20.42,1,943.04,1,NA,0,NA,0,79.4,1,NA,NA,0
2016,9,23,-22.31,1,935.38,1,NA,0,NA,0,77.76,1,NA,NA,0
2016,9,24,-22.81,1,933.45,1,NA,0,NA,0,74.36,1,NA,NA,0
2016,9,25,-16.8,1,943.51,1,NA,0,NA,0,81.67,1,NA,NA,0
2016,9,26,-4.27,0.875,929.05,1,NA,0,NA,0,92.33,0.875,NA,NA,0
2016,9,27,-11.42,0.75,937.61,1,NA,0,NA,0,78.61,1,NA,NA,0
2016,9,28,-11.25,1,922.64,1,NA,0,NA,0,87.12,1,NA,NA,0
2016,9,29,-14.57,1,931.18,1,NA,0,NA,0,79.55,1,NA,NA,0
2016,9,30,-13.14,1,940.31,1,NA,0,NA,0,73.69,1,NA,NA,0
2016,10,1,-16.27,0.875,945.66,1,NA,0,NA,0,86.92,1,NA,NA,0
2016,10,2,-14.71,1,950.04,1,NA,0,NA,0,81.76,1,NA,NA,0
2016,10,3,-15.89,1,963.44,1,NA,0,NA,0,85.9,1,NA,NA,0
2016,10,4,-10.75,1,947.26,1,NA,0,NA,0,91.49,1,NA,NA,0
2016,10,5,-7.54,1,950.81,1,NA,0,NA,0,88.83,1,NA,NA,0
2016,10,6,-6.5,1,953.72,1,NA,0,NA,0,88.12,1,NA,NA,0
2016,10,7,-2.34,1,944.71,1,NA,0,NA,0,94,0.5,NA,NA,0
2016,10,8,-4.6,1,953.19,1,NA,0,NA,0,91.09,1,NA,NA,0
2016,10,9,-2.2,1,964.46,1,NA,0,NA,0,79.92,1,NA,NA,0
2016,10,10,-4.4,1,976.3,1,NA,0,NA,0,87.94,1,NA,NA,0
2016,10,11,-8.48,0.75,962.08,1,NA,0,NA,0,87.42,1,NA,NA,0
2016,10,12,-16.06,1,956.04,1,NA,0,NA,0,72.24,1,NA,NA,0
2016,10,13,-11.35,1,960.05,1,NA,0,NA,0,73.6,1,NA,NA,0
2016,10,14,-9.39,1,958.5,1,NA,0,NA,0,87.54,1,NA,NA,0
2016,10,15,-6.66,0.625,964.74,1,NA,0,NA,0,92.79,1,NA,NA,0
2016,10,16,-2.96,1,969.28,1,NA,0,NA,0,98.03,0.875,NA,NA,0
2016,10,17,-1.11,1,963.74,1,NA,0,NA,0,85.38,1,NA,NA,0
2016,10,18,-0.58,1,957.7,1,NA,0,NA,0,83.04,1,NA,NA,0
2016,10,19,-2.52,1,940.09,1,NA,0,NA,0,85.6,1,NA,NA,0
2016,10,20,-8.51,0.875,931.25,1,NA,0,NA,0,89.04,1,NA,NA,0
2016,10,21,-16.02,1,951.96,1,NA,0,NA,0,76.05,1,NA,NA,0
2016,10,22,-10.3,1,952.78,1,NA,0,NA,0,78.62,1,NA,NA,0
2016,10,23,-2.81,1,925.59,1,NA,0,NA,0,88.97,1,NA,NA,0
2016,10,24,-8.5,0.875,923.44,1,NA,0,NA,0,81.14,1,NA,NA,0
2016,10,25,-12.31,1,941.8,1,NA,0,NA,0,79.58,1,NA,NA,0
2016,10,26,-12.03,1,950.06,1,NA,0,NA,0,78.56,1,NA,NA,0
2016,10,27,-10.03,1,936.88,1,NA,0,NA,0,86.09,1,NA,NA,0
2016,10,28,-5.49,1,936.72,1,NA,0,NA,0,92.39,1,NA,NA,0
2016,10,29,-3.84,1,930.04,1,NA,0,NA,0,88.18,0.75,NA,NA,0
2016,10,30,-3.39,1,942.89,1,NA,0,NA,0,91.11,1,NA,NA,0
2016,10,31,-5.45,1,933.64,1,NA,0,NA,0,95.83,1,NA,NA,0
2016,11,1,-9.87,0.75,932.3,1,NA,0,NA,0,88.5,1,NA,NA,0
2016,11,2,-9.75,1,936.14,1,NA,0,NA,0,91.3,1,NA,NA,0
2016,11,3,-9.7,1,943.76,1,NA,0,NA,0,88.24,1,NA,NA,0
2016,11,4,-10.89,1,947.81,1,NA,0,NA,0,64.79,1,NA,NA,0
2016,11,5,-12.12,1,947.11,1,NA,0,NA,0,63.51,1,NA,NA,0
2016,11,6,-7.19,1,944.55,1,NA,0,NA,0,77.49,1,NA,NA,0
2016,11,7,-8.79,1,955.45,1,NA,0,NA,0,75.31,1,NA,NA,0
2016,11,8,-9.71,1,959.7,1,NA,0,NA,0,61.76,1,NA,NA,0
2016,11,9,-9.41,1,960.16,1,NA,0,NA,0,73.41,1,NA,NA,0
2016,11,10,-7.19,1,963.62,1,NA,0,NA,0,79.03,1,NA,NA,0
2016,11,11,-10.03,0.875,962.48,1,NA,0,NA,0,83.64,1,NA,NA,0
2016,11,12,-9.43,1,962.31,1,NA,0,NA,0,80.01,1,NA,NA,0
2016,11,13,-12.46,1,965.4,1,NA,0,NA,0,75.41,1,NA,NA,0
2016,11,14,-10.04,1,965.72,1,NA,0,NA,0,71,1,NA,NA,0
2016,11,15,-5.12,1,965.94,1,NA,0,NA,0,80.01,1,NA,NA,0
2016,11,16,-9.19,1,966.39,1,NA,0,NA,0,80.35,1,NA,NA,0
2016,11,17,-8.46,1,960.68,1,NA,0,NA,0,80.99,1,NA,NA,0
2016,11,18,-4.71,1,954.1,1,NA,0,NA,0,90.78,1,NA,NA,0
2016,11,19,-1.69,1,944.66,1,NA,0,NA,0,95.33,1,NA,NA,0
2016,11,20,-3.71,1,949.36,1,NA,0,NA,0,86.66,1,NA,NA,0
2016,11,21,-1.75,1,959.11,1,NA,0,NA,0,84.25,1,NA,NA,0
2016,11,22,-3.33,1,948.5,1,NA,0,NA,0,94.5,1,NA,NA,0
2016,11,23,-4.99,1,931.72,1,NA,0,NA,0,97.38,1,NA,NA,0
2016,11,24,-5.44,0.875,941.24,1,NA,0,NA,0,97.31,1,NA,NA,0
2016,11,25,-4.53,1,956.6,1,NA,0,NA,0,97.06,1,NA,NA,0
2016,11,26,-5.03,1,962.84,1,NA,0,NA,0,96.08,1,NA,NA,0
2016,11,27,-5.03,1,960.01,1,NA,0,NA,0,95.5,1,NA,NA,0
2016,11,28,-6.09,1,956.58,1,NA,0,NA,0,87.84,1,NA,NA,0
2016,11,29,-8.49,1,954.8,1,NA,0,NA,0,89.99,1,NA,NA,0
2016,11,30,-8.39,1,951.96,1,NA,0,NA,0,81.99,1,NA,NA,0
2016,12,1,-6.22,1,953.9,1,NA,0,NA,0,80.46,1,NA,NA,0
2016,12,2,-5.88,1,960.06,1,NA,0,NA,0,77.53,1,NA,NA,0
2016,12,3,-5.51,1,950.85,1,NA,0,NA,0,86.36,1,NA,NA,0
2016,12,4,-4.06,1,944.54,1,NA,0,NA,0,87.29,1,NA,NA,0
2016,12,5,-1.96,1,950.86,1,NA,0,NA,0,96.6,0.625,NA,NA,0
2016,12,6,-2.4,1,966.21,1,NA,0,NA,0,90.29,0.875,NA,NA,0
2016,12,7,-4.26,1,968.43,1,NA,0,NA,0,82.35,1,NA,NA,0
2016,12,8,-4.39,1,965.35,1,NA,0,NA,0,74.76,1,NA,NA,0
2016,12,9,-3.35,1,967.61,1,NA,0,NA,0,90.74,1,NA,NA,0
2016,12,10,-2.9,1,969.95,1,NA,0,NA,0,68,1,NA,NA,0
2016,12,11,-0.89,1,965.59,1,NA,0,NA,0,81.17,0.875,NA,NA,0
2016,12,12,-0.55,1,960.78,1,NA,0,NA,0,78.01,1,NA,NA,0
2016,12,13,-1.49,1,962.18,1,NA,0,NA,0,84.6,1,NA,NA,0
2016,12,14,-2.48,1,963.78,1,NA,0,NA,0,93.26,1,NA,NA,0
2016,12,15,-2.66,1,956.54,1,NA,0,NA,0,84.36,1,NA,NA,0
2016,12,16,-4.56,1,957.38,1,NA,0,NA,0,78.26,1,NA,NA,0
2016,12,17,-6.18,1,959.7,1,NA,0,NA,0,71.56,1,NA,NA,0
2016,12,18,-5.71,1,958.92,1,NA,0,NA,0,66.92,1,NA,NA,0
2016,12,19,-4.79,1,964.94,1,NA,0,NA,0,82.34,1,NA,NA,0
2016,12,20,-3.22,1,970.61,1,NA,0,NA,0,66.01,1,NA,NA,0
2016,12,21,-3.28,1,970.42,1,NA,0,NA,0,74.29,1,NA,NA,0
2016,12,22,-1.71,1,973.01,1,NA,0,NA,0,76.83,1,NA,NA,0
2016,12,23,-1.05,1,974.58,1,NA,0,NA,0,72.7,1,NA,NA,0
2016,12,24,-1.51,1,969.34,1,NA,0,NA,0,92.41,1,NA,NA,0
2016,12,25,-3.56,1,965.22,1,NA,0,NA,0,90.17,0.875,NA,NA,0
2016,12,26,-4.54,1,966.02,1,NA,0,NA,0,81.89,1,NA,NA,0
2016,12,27,-4.62,1,970.05,1,NA,0,NA,0,64.24,1,NA,NA,0
2016,12,28,-3.14,1,968.29,1,NA,0,NA,0,66.84,1,NA,NA,0
2016,12,29,-0.95,1,965.4,1,NA,0,NA,0,73.83,1,NA,NA,0
2016,12,30,-1.89,1,965.51,1,NA,0,NA,0,85.15,1,NA,NA,0
2016,12,31,-2.2,1,967.19,1,NA,0,NA,0,85.41,1,NA,NA,0
2017,1,1,-1.19,1,968.3,1,NA,0,NA,0,92.24,1,NA,NA,0
2017,1,2,-0.28,1,972.42,1,NA,0,NA,0,78.5,1,NA,NA,0
2017,1,3,0.34,1,972.38,1,NA,0,NA,0,88.29,0.875,NA,NA,0
2017,1,4,-1.75,1,971.68,1,NA,0,NA,0,88.66,1,NA,NA,0
2017,1,5,-1.74,1,966.11,1,NA,0,NA,0,86.04,1,NA,NA,0
2017,1,6,-2.08,1,952.48,1,NA,0,NA,0,90.36,1,NA,NA,0
2017,1,7,-3.81,1,956.51,1,NA,0,NA,0,84.83,0.875,NA,NA,0
2017,1,8,-4.7,1,962.2,1,NA,0,NA,0,68.4,1,NA,NA,0
2017,1,9,-3.88,1,964.91,1,NA,0,NA,0,67.42,1,NA,NA,0
2017,1,10,-2.99,1,965.88,1,NA,0,NA,0,75.91,1,NA,NA,0
2017,1,11,-2.38,1,966.52,1,NA,0,NA,0,73.15,1,NA,NA,0
2017,1,12,-3.6,1,965.64,1,NA,0,NA,0,68.5,1,NA,NA,0
2017,1,13,-4.44,1,968.36,1,NA,0,NA,0,83.78,1,NA,NA,0
2017,1,14,-6.42,1,971.51,1,NA,0,NA,0,89.75,1,NA,NA,0
2017,1,15,-4.58,1,968.11,1,NA,0,NA,0,78.42,1,NA,NA,0
2017,1,16,-5.16,1,969.48,1,NA,0,NA,0,69.49,1,NA,NA,0
2017,1,17,-4.81,1,967.56,1,NA,0,NA,0,57.75,1,NA,NA,0
2017,1,18,-5.86,1,963.39,1,NA,0,NA,0,71.3,1,NA,NA,0
2017,1,19,-4.62,1,966.06,1,NA,0,NA,0,92,1,NA,NA,0
2017,1,20,-4.68,1,972.55,1,NA,0,NA,0,87.19,1,NA,NA,0
2017,1,21,-4.11,1,972.3,1,NA,0,NA,0,84.46,1,NA,NA,0
2017,1,22,-3.01,1,961.15,1,NA,0,NA,0,83.29,1,NA,NA,0
2017,1,23,-3.62,1,954.12,1,NA,0,NA,0,94.66,1,NA,NA,0
2017,1,24,-6,1,961.66,1,NA,0,NA,0,95.62,1,NA,NA,0
2017,1,25,-3.83,1,961.41,1,NA,0,NA,0,96.25,1,NA,NA,0
2017,1,26,-3.19,1,955.24,1,NA,0,NA,0,96.6,0.625,NA,NA,0
2017,1,27,-5.77,1,953.68,1,NA,0,NA,0,86.71,1,NA,NA,0
2017,1,28,-5.69,1,949.81,1,NA,0,NA,0,72.76,1,NA,NA,0
2017,1,29,-5.89,1,948.26,1,NA,0,NA,0,68.03,1,NA,NA,0
2017,1,30,-5.64,1,952.3,1,NA,0,NA,0,77.59,1,NA,NA,0
2017,1,31,-6.75,1,952.38,1,NA,0,NA,0,91.95,1,NA,NA,0
2017,2,1,-6.03,1,956.51,1,NA,0,NA,0,86.25,1,NA,NA,0
2017,2,2,-4.74,1,958.25,1,NA,0,NA,0,88.84,1,NA,NA,0
2017,2,3,-2.15,1,960.16,1,NA,0,NA,0,88.05,1,NA,NA,0
2017,2,4,-0.94,1,967.95,1,NA,0,NA,0,82.65,1,NA,NA,0
2017,2,5,-0.87,0.875,969.48,1,NA,0,NA,0,86.46,1,NA,NA,0
2017,2,6,-1.4,1,977.61,1,NA,0,NA,0,97.67,0.375,NA,NA,0
2017,2,7,0.42,1,972.86,1,NA,0,NA,0,85.88,0.625,NA,NA,0
2017,2,8,-1.22,1,964.29,1,NA,0,NA,0,89.6,0.75,NA,NA,0
2017,2,9,-2.12,1,954.98,1,NA,0,NA,0,94.35,0.75,NA,NA,0
2017,2,10,-1.26,1,952.69,1,NA,0,NA,0,NA,0.125,NA,NA,0
2017,2,11,-2.41,1,952.86,1,NA,0,NA,0,73.44,1,NA,NA,0
2017,2,12,-2.28,1,956.42,1,NA,0,NA,0,83.51,0.875,NA,NA,0
2017,2,13,-0.28,1,962.36,1,NA,0,NA,0,89.22,0.625,NA,NA,0
2017,2,14,-2.36,1,962.05,1,NA,0,NA,0,94.7,0.875,NA,NA,0
2017,2,15,-3.69,1,959.71,1,NA,0,NA,0,84.74,1,NA,NA,0
2017,2,16,-1.38,1,960.35,1,NA,0,NA,0,83.79,1,NA,NA,0
2017,2,17,-0.59,1,965.59,1,NA,0,NA,0,78.22,1,NA,NA,0
2017,2,18,-1.64,1,966.35,1,NA,0,NA,0,86.55,1,NA,NA,0
2017,2,19,-2.42,1,963.52,1,NA,0,NA,0,83.16,1,NA,NA,0
2017,2,20,-2.75,1,962.5,1,NA,0,NA,0,87.1,1,NA,NA,0
2017,2,21,-5.24,1,962.58,1,NA,0,NA,0,90.01,1,NA,NA,0
2017,2,22,-4.51,1,961.46,1,NA,0,NA,0,91.15,1,NA,NA,0
2017,2,23,-4.76,1,955.55,1,NA,0,NA,0,95.35,1,NA,NA,0
2017,2,24,-2.36,1,948.91,1,NA,0,NA,0,NA,0,NA,NA,0
2017,2,25,-2.19,1,950.59,1,NA,0,NA,0,95.75,0.5,NA,NA,0
2017,2,26,-2.15,1,956.64,1,NA,0,NA,0,88.05,1,NA,NA,0
2017,2,27,-5.59,0.875,966.19,1,NA,0,NA,0,67.46,1,NA,NA,0
2017,2,28,-6.88,1,972.85,1,NA,0,NA,0,83.86,1,NA,NA,0
2017,3,1,-3.72,1,970.44,1,NA,0,NA,0,93.91,1,NA,NA,0
2017,3,2,-1.32,1,964.65,1,NA,0,NA,0,92.83,1,NA,NA,0
2017,3,3,0.82,1,969.98,1,NA,0,NA,0,85.96,1,NA,NA,0
2017,3,4,-1.11,1,978.46,1,NA,0,NA,0,89.01,1,NA,NA,0
2017,3,5,-4.72,1,981.36,1,NA,0,NA,0,86.45,1,NA,NA,0
2017,3,6,-2.3,1,970.58,1,NA,0,NA,0,88.91,1,NA,NA,0
2017,3,7,1.09,1,964.52,1,NA,0,NA,0,78.14,1,NA,NA,0
2017,3,8,0.05,1,956.84,1,NA,0,NA,0,87.65,1,NA,NA,0
2017,3,9,-1.61,1,952.79,1,NA,0,NA,0,94.08,0.5,NA,NA,0
2017,3,10,-3.96,1,955.86,1,NA,0,NA,0,82.56,0.625,NA,NA,0
2017,3,11,-2.98,1,962.59,1,NA,0,NA,0,92.22,1,NA,NA,0
2017,3,12,-1.82,1,953.66,1,NA,0,NA,0,95.2,0.625,NA,NA,0
2017,3,13,-1.73,1,953.14,1,NA,0,NA,0,96.98,0.625,NA,NA,0
2017,3,14,-1.65,1,956.59,1,NA,0,NA,0,87.26,1,NA,NA,0
2017,3,15,-0.22,1,955.36,1,NA,0,NA,0,93.71,1,NA,NA,0
2017,3,16,-1,1,943.58,1,NA,0,NA,0,96.6,0.375,NA,NA,0
2017,3,17,-3.68,1,935.5,1,NA,0,NA,0,87.95,0.75,NA,NA,0
2017,3,18,-6.95,1,950.88,1,NA,0,NA,0,84.62,1,NA,NA,0
2017,3,19,-7.66,1,952.81,1,NA,0,NA,0,93.16,1,NA,NA,0
2017,3,20,-1.8,1,937.68,1,NA,0,NA,0,95.55,0.75,NA,NA,0
2017,3,21,-1.81,1,945.66,1,NA,0,NA,0,90.38,1,NA,NA,0
2017,3,22,-5.47,1,955.29,1,NA,0,NA,0,89.99,1,NA,NA,0
2017,3,23,-5.44,1,953.64,1,NA,0,NA,0,87.14,1,NA,NA,0
2017,3,24,-4.69,1,949.34,1,NA,0,NA,0,94.09,1,NA,NA,0
2017,3,25,-3.14,1,944.78,1,NA,0,NA,0,97.35,0.25,NA,NA,0
2017,3,26,-2.95,1,935.99,1,NA,0,NA,0,97.54,0.625,NA,NA,0
2017,3,27,-1.29,1,927.82,1,NA,0,NA,0,90.42,1,NA,NA,0
2017,3,28,-2.46,1,939.52,1,NA,0,NA,0,87.66,1,NA,NA,0
2017,3,29,-4.05,1,949.41,1,NA,0,NA,0,85.61,0.875,NA,NA,0
2017,3,30,-5.92,1,956.45,1,NA,0,NA,0,87.88,1,NA,NA,0
2017,3,31,-8.05,1,949.34,1,NA,0,NA,0,96.31,1,NA,NA,0
2017,4,1,-8.91,1,956.68,1,NA,0,NA,0,83.25,1,NA,NA,0
2017,4,2,-12.3,1,970.54,1,NA,0,NA,0,82.28,1,NA,NA,0
2017,4,3,-9.07,1,981.24,1,NA,0,NA,0,83.89,1,NA,NA,0
2017,4,4,-6.66,1,983.3,1,NA,0,NA,0,85.7,1,NA,NA,0
2017,4,5,-3.28,0.625,977.41,1,NA,0,NA,0,50.84,1,NA,NA,0
2017,4,6,-7.06,0.625,962.58,1,NA,0,NA,0,88.95,1,NA,NA,0
2017,4,7,-2.09,1,942.74,1,NA,0,NA,0,89.2,0.75,NA,NA,0
2017,4,8,-2.92,1,946.78,1,NA,0,NA,0,92.16,0.875,NA,NA,0
2017,4,9,-4.69,1,952.19,1,NA,0,NA,0,96.9,1,NA,NA,0
2017,4,10,-6.62,1,948.04,1,NA,0,NA,0,90.78,1,NA,NA,0
2017,4,11,-4.05,1,943.82,1,NA,0,NA,0,88.7,1,NA,NA,0
2017,4,12,-3.04,1,935.19,1,NA,0,NA,0,87.24,0.875,NA,NA,0
2017,4,13,-6.46,1,946.68,1,NA,0,NA,0,95,1,NA,NA,0
2017,4,14,-9.5,1,952.5,1,NA,0,NA,0,90.53,1,NA,NA,0
2017,4,15,-11.22,1,965.22,1,NA,0,NA,0,86.66,1,NA,NA,0
2017,4,16,-12.42,0.75,970.44,1,NA,0,NA,0,80.15,1,NA,NA,0
2017,4,17,-9.77,0.875,967.6,1,NA,0,NA,0,86.15,1,NA,NA,0
2017,4,18,-11.95,1,959.58,1,NA,0,NA,0,46.33,1,NA,NA,0
2017,4,19,-14.64,1,959.62,1,NA,0,NA,0,37.66,1,NA,NA,0
2017,4,20,-13.96,1,965,1,NA,0,NA,0,42.52,1,NA,NA,0
2017,4,21,-13.59,1,969.06,1,NA,0,NA,0,46.66,1,NA,NA,0
2017,4,22,-3.9,0.5,968.35,1,NA,0,NA,0,88.56,1,NA,NA,0
2017,4,23,-2.9,1,964.19,1,NA,0,NA,0,85.3,1,NA,NA,0
2017,4,24,-5.76,1,969.96,1,NA,0,NA,0,90.13,0.75,NA,NA,0
2017,4,25,-5.54,1,972.6,1,NA,0,NA,0,85.8,1,NA,NA,0
2017,4,26,-5.54,1,969.4,1,NA,0,NA,0,87.69,1,NA,NA,0
2017,4,27,-4.41,1,970.69,1,NA,0,NA,0,89.39,1,NA,NA,0
2017,4,28,-5.88,1,966.81,1,NA,0,NA,0,91.8,1,NA,NA,0
2017,4,29,-10.49,0.875,966.01,1,NA,0,NA,0,90.26,1,NA,NA,0
2017,4,30,-13.74,1,965.41,1,NA,0,NA,0,73.76,1,NA,NA,0
2017,5,1,-15.09,1,964.5,1,NA,0,NA,0,66.92,1,NA,NA,0
2017,5,2,-17.23,1,958.54,1,NA,0,NA,0,76.78,1,NA,NA,0
2017,5,3,-15.85,1,956.24,1,NA,0,NA,0,62.33,1,NA,NA,0
2017,5,4,-13.76,0.875,942.39,1,NA,0,NA,0,86.59,1,NA,NA,0
2017,5,5,-8.79,1,940.86,1,NA,0,NA,0,89.31,1,NA,NA,0
2017,5,6,-7,0.875,945.02,1,NA,0,NA,0,86.71,1,NA,NA,0
2017,5,7,-7.66,1,941.58,1,NA,0,NA,0,93.86,1,NA,NA,0
2017,5,8,-14.03,1,941.36,1,NA,0,NA,0,87.38,1,NA,NA,0
2017,5,9,-21.7,1,944.36,1,NA,0,NA,0,83.95,1,NA,NA,0
2017,5,10,-21.11,1,950.34,1,NA,0,NA,0,84.16,1,NA,NA,0
2017,5,11,-11.94,0.875,949.96,1,NA,0,NA,0,87.28,1,NA,NA,0
2017,5,12,-10.22,1,945.7,1,NA,0,NA,0,89.39,1,NA,NA,0
2017,5,13,-7.23,0.875,947.15,1,NA,0,NA,0,93.81,1,NA,NA,0
2017,5,14,-2.15,0.75,938.15,1,NA,0,NA,0,96.22,0.625,NA,NA,0
2017,5,15,-2.82,1,939.21,1,NA,0,NA,0,89.9,0.875,NA,NA,0
2017,5,16,-6.14,1,944.16,1,NA,0,NA,0,95.03,0.875,NA,NA,0
2017,5,17,-9.5,1,939.59,1,NA,0,NA,0,90.74,1,NA,NA,0
2017,5,18,-7.78,1,936.9,1,NA,0,NA,0,95.12,1,NA,NA,0
2017,5,19,-14.57,1,945.76,1,NA,0,NA,0,84.81,1,NA,NA,0
2017,5,20,-17.82,1,949.42,1,NA,0,NA,0,81.3,1,NA,NA,0
2017,5,21,-17.84,1,956.92,1,NA,0,NA,0,66.16,1,NA,NA,0
2017,5,22,-16.68,1,956.8,1,NA,0,NA,0,85.09,1,NA,NA,0
2017,5,23,-13.7,1,948.61,1,NA,0,NA,0,82.69,1,NA,NA,0
2017,5,24,-16.96,1,960.78,1,NA,0,NA,0,85.75,1,NA,NA,0
2017,5,25,-20.36,1,971.5,1,NA,0,NA,0,84.91,1,NA,NA,0
2017,5,26,-8.98,0.625,962.15,1,NA,0,NA,0,87.05,1,NA,NA,0
2017,5,27,-9.26,1,952.62,1,NA,0,NA,0,94.41,1,NA,NA,0
2017,5,28,-6.64,1,950.69,1,NA,0,NA,0,90.44,1,NA,NA,0
2017,5,29,-4.7,1,938.02,1,NA,0,NA,0,94.27,0.75,NA,NA,0
2017,5,30,-4.68,1,931.52,1,NA,0,NA,0,91.09,1,NA,NA,0
2017,5,31,-8.28,1,943.54,1,NA,0,NA,0,88.29,1,NA,NA,0
2017,6,1,-4.27,0.75,940.55,1,NA,0,NA,0,93.75,0.5,NA,NA,0
2017,6,2,-5.05,1,945.46,1,NA,0,NA,0,83.58,1,NA,NA,0
2017,6,3,-7.21,1,950.01,1,NA,0,NA,0,81.96,1,NA,NA,0
2017,6,4,-7.61,1,952.56,1,NA,0,NA,0,80,1,NA,NA,0
2017,6,5,-9.41,1,949.88,1,NA,0,NA,0,84.78,1,NA,NA,0
2017,6,6,-12.7,1,949.4,1,NA,0,NA,0,91.55,1,NA,NA,0
2017,6,7,-15.93,0.875,953.8,1,NA,0,NA,0,79.25,1,NA,NA,0
2017,6,8,-19.65,1,951.14,1,NA,0,NA,0,84.83,1,NA,NA,0
2017,6,9,-14.9,1,944.88,1,NA,0,NA,0,87.56,1,NA,NA,0
2017,6,10,-11.6,1,943.42,1,NA,0,NA,0,91.16,1,NA,NA,0
2017,6,11,-13.44,1,960.18,1,NA,0,NA,0,90.96,1,NA,NA,0
2017,6,12,-14.12,1,973.94,1,NA,0,NA,0,90.14,1,NA,NA,0
2017,6,13,-12.95,1,984.84,1,NA,0,NA,0,82.88,1,NA,NA,0
2017,6,14,-4.53,0.875,974.5,1,NA,0,NA,0,89.79,1,NA,NA,0
2017,6,15,-1.92,0.625,953.88,1,NA,0,NA,0,90,1,NA,NA,0
2017,6,16,-13.58,0.75,963.04,1,NA,0,NA,0,85.05,1,NA,NA,0
2017,6,17,-12.9,0.5,963.13,0.875,NA,0,NA,0,84.47,1,NA,NA,0
2017,6,18,-8.12,0.75,955.98,1,NA,0,NA,0,94.85,1,NA,NA,0
2017,6,19,-12.28,0.625,949.84,1,NA,0,NA,0,87.84,1,NA,NA,0
2017,6,20,-15.62,0.75,952.8,1,NA,0,NA,0,84.04,1,NA,NA,0
2017,6,21,-19.21,1,974.75,1,NA,0,NA,0,67.53,1,NA,NA,0
2017,6,22,-11.72,1,974.55,1,NA,0,NA,0,47.98,1,NA,NA,0
2017,6,23,-11.94,1,965.02,1,NA,0,NA,0,87.21,1,NA,NA,0
2017,6,24,-14.4,0.5,951.7,1,NA,0,NA,0,86.7,1,NA,NA,0
2017,6,25,-22.66,0.625,953.58,1,NA,0,NA,0,80.58,1,NA,NA,0
2017,6,26,-20.8,0.625,938.81,1,NA,0,NA,0,83.76,1,NA,NA,0
2017,6,27,-24.46,0.625,934.64,1,NA,0,NA,0,81.74,1,NA,NA,0
2017,6,28,-30.1,1,931.35,1,NA,0,NA,0,75.09,1,NA,NA,0
2017,6,29,-31.41,1,931.71,1,NA,0,NA,0,65.46,1,NA,NA,0
2017,6,30,-30.01,1,943.39,1,NA,0,NA,0,70.12,1,NA,NA,0
2017,7,1,-30.02,1,946.05,1,NA,0,NA,0,75,1,NA,NA,0
2017,7,2,-22.16,1,936.37,0.75,NA,0,NA,0,82.39,1,NA,NA,0
2017,7,3,-19.02,1,949.04,0.875,NA,0,NA,0,85.47,1,NA,NA,0
2017,7,4,-15.49,1,944.52,1,NA,0,NA,0,88.51,1,NA,NA,0
2017,7,5,-15.45,1,932.94,1,NA,0,NA,0,81.26,1,NA,NA,0
2017,7,6,-20.61,1,922.51,1,NA,0,NA,0,81.88,1,NA,NA,0
2017,7,7,-20.47,0.875,938.02,1,NA,0,NA,0,75.44,1,NA,NA,0
2017,7,8,-18.75,0.75,937.55,1,NA,0,NA,0,50.19,1,NA,NA,0
2017,7,9,-21.96,1,929.89,1,NA,0,NA,0,64.24,1,NA,NA,0
2017,7,10,-27.2,1,933.71,1,NA,0,NA,0,73.53,1,NA,NA,0
2017,7,11,-26.18,1,945.36,1,NA,0,NA,0,74.97,1,NA,NA,0
2017,7,12,-17.55,1,965.02,1,NA,0,NA,0,70.1,1,NA,NA,0
2017,7,13,-13.7,1,964.51,1,NA,0,NA,0,54.64,1,NA,NA,0
2017,7,14,-16.66,0.625,950.05,1,NA,0,NA,0,86.7,1,NA,NA,0
2017,7,15,-16.26,1,950.46,1,NA,0,NA,0,85.56,1,NA,NA,0
2017,7,16,-22.72,0.75,948.38,1,NA,0,NA,0,81.62,1,NA,NA,0
2017,7,17,-28.15,0.25,928.79,1,NA,0,NA,0,78.75,1,NA,NA,0
2017,7,18,-30.73,0.875,940.68,1,NA,0,NA,0,58.94,1,NA,NA,0
2017,7,19,-17.57,0.75,948.24,1,NA,0,NA,0,82.71,1,NA,NA,0
2017,7,20,-13.85,1,953.29,1,NA,0,NA,0,88.1,1,NA,NA,0
2017,7,21,-14.8,0.375,949.26,1,NA,0,NA,0,84.95,1,NA,NA,0
2017,7,22,-28.69,1,973.19,1,NA,0,NA,0,74.76,1,NA,NA,0
2017,7,23,-29.93,0.875,975.32,1,NA,0,NA,0,77.86,1,NA,NA,0
2017,7,24,-25.02,1,970.31,1,NA,0,NA,0,65.9,1,NA,NA,0
2017,7,25,-28.14,0.625,965.66,1,NA,0,NA,0,72.94,1,NA,NA,0
2017,7,26,-25.33,0.875,968.8,1,NA,0,NA,0,53.91,1,NA,NA,0
2017,7,27,-18.83,0.875,958.5,1,NA,0,NA,0,68.41,1,NA,NA,0
2017,7,28,-19.11,1,931.91,1,NA,0,NA,0,83.89,1,NA,NA,0
2017,7,29,-21.59,1,935.36,1,NA,0,NA,0,78.89,1,NA,NA,0
2017,7,30,-26.95,1,943.78,1,NA,0,NA,0,76.75,1,NA,NA,0
2017,7,31,-29.01,1,940.16,1,NA,0,NA,0,77.51,1,NA,NA,0
2017,8,1,-26.42,1,933.54,1,NA,0,NA,0,70.49,1,NA,NA,0
2017,8,2,-23.39,0.875,927.86,1,NA,0,NA,0,65.75,1,NA,NA,0
2017,8,3,-18.65,1,929.89,1,NA,0,NA,0,85.44,1,NA,NA,0
2017,8,4,-21.49,1,938.3,1,NA,0,NA,0,80.01,1,NA,NA,0
2017,8,5,-21.82,0.625,939.7,1,NA,0,NA,0,80.24,1,NA,NA,0
2017,8,6,-17.5,0.5,950.1,1,NA,0,NA,0,81.26,1,NA,NA,0
2017,8,7,-2.2,0.75,937.39,1,NA,0,NA,0,95.4,0.25,NA,NA,0
2017,8,8,-11.63,0.75,957.39,1,NA,0,NA,0,83.58,1,NA,NA,0
2017,8,9,-14.42,0.75,961.78,1,NA,0,NA,0,60.25,1,NA,NA,0
2017,8,10,-6.08,0.75,953.11,1,NA,0,NA,0,93.72,1,NA,NA,0
2017,8,11,-15.47,0.875,957.66,1,NA,0,NA,0,72.96,1,NA,NA,0
2017,8,12,-12.37,0.875,941.66,1,NA,0,NA,0,88.9,1,NA,NA,0
2017,8,13,-7.99,1,943.7,1,NA,0,NA,0,98.4,0.375,NA,NA,0
2017,8,14,-8.81,1,945.21,1,NA,0,NA,0,89.54,0.875,NA,NA,0
2017,8,15,-17.15,0.75,947.1,1,NA,0,NA,0,77.14,1,NA,NA,0
2017,8,16,-15.2,0.875,952.74,1,NA,0,NA,0,81.03,1,NA,NA,0
2017,8,17,-17.45,0.75,948.58,1,NA,0,NA,0,87.66,1,NA,NA,0
2017,8,18,-20.57,0.875,952.31,1,NA,0,NA,0,82.16,1,NA,NA,0
2017,8,19,-12.68,1,961.05,1,NA,0,NA,0,92.44,1,NA,NA,0
2017,8,20,-14.2,1,964.52,1,NA,0,NA,0,88.81,1,NA,NA,0
2017,8,21,-19.74,0.875,959.4,1,NA,0,NA,0,86.14,1,NA,NA,0
2017,8,22,-22.09,1,962.98,1,NA,0,NA,0,71.75,1,NA,NA,0
2017,8,23,-18.79,1,962.39,1,NA,0,NA,0,43.69,1,NA,NA,0
2017,8,24,-17.1,1,955.84,1,NA,0,NA,0,61.74,1,NA,NA,0
2017,8,25,-18.68,0.625,957.02,1,NA,0,NA,0,70.47,1,NA,NA,0
2017,8,26,-21.48,0.75,946.72,1,NA,0,NA,0,80.84,1,NA,NA,0
2017,8,27,-22.97,0.875,950.96,1,NA,0,NA,0,75.51,1,NA,NA,0
2017,8,28,-13.37,0.875,949.79,1,NA,0,NA,0,73.04,1,NA,NA,0
2017,8,29,-21.45,0.75,950.32,1,NA,0,NA,0,83.54,1,NA,NA,0
2017,8,30,-21.85,1,947.08,1,NA,0,NA,0,82.6,1,NA,NA,0
2017,8,31,-22.79,1,947.89,1,NA,0,NA,0,73.38,1,NA,NA,0
2017,9,1,-24.2,0.5,946.59,1,NA,0,NA,0,71.85,1,NA,NA,0
2017,9,2,-21.71,1,937.91,1,NA,0,NA,0,81.44,1,NA,NA,0
2017,9,3,-21.36,1,938.89,1,NA,0,NA,0,80.85,1,NA,NA,0
2017,9,4,-17.96,1,913.58,1,NA,0,NA,0,86.44,1,NA,NA,0
2017,9,5,-20.35,1,908.92,1,NA,0,NA,0,82.91,1,NA,NA,0
2017,9,6,-24.88,1,929.32,1,NA,0,NA,0,73.71,1,NA,NA,0
2017,9,7,-27.4,1,921.08,1,NA,0,NA,0,73.65,1,NA,NA,0
2017,9,8,-26.1,1,933,1,NA,0,NA,0,77.16,1,NA,NA,0
2017,9,9,-25,1,926.7,1,NA,0,NA,0,77.81,1,NA,NA,0
2017,9,10,-26.29,1,938.78,1,NA,0,NA,0,68.94,1,NA,NA,0
2017,9,11,-25.61,1,942.16,1,NA,0,NA,0,64.01,1,NA,NA,0
2017,9,12,-25.86,1,952.08,1,NA,0,NA,0,64.06,1,NA,NA,0
2017,9,13,-25.81,1,943.84,1,NA,0,NA,0,65.36,1,NA,NA,0
2017,9,14,-21.15,0.75,942.21,1,NA,0,NA,0,58.09,1,NA,NA,0
2017,9,15,-23.63,0.875,943.74,1,NA,0,NA,0,73.08,1,NA,NA,0
2017,9,16,-26.73,1,940.48,1,NA,0,NA,0,68.29,1,NA,NA,0
2017,9,17,-26.19,1,945.86,1,NA,0,NA,0,58.06,1,NA,NA,0
2017,9,18,-20.56,0.875,943.56,1,NA,0,NA,0,65.75,1,NA,NA,0
2017,9,19,-22.89,1,936.71,1,NA,0,NA,0,81.34,1,NA,NA,0
2017,9,20,-25.61,1,938.2,1,NA,0,NA,0,78.97,1,NA,NA,0
2017,9,21,-27.52,1,943.56,1,NA,0,NA,0,76.06,1,NA,NA,0
2017,9,22,-25.94,0.875,948.71,1,NA,0,NA,0,72.69,1,NA,NA,0
2017,9,23,-23.61,1,935.58,1,NA,0,NA,0,76.83,1,NA,NA,0
2017,9,24,-16,0.625,916.16,1,NA,0,NA,0,80.01,1,NA,NA,0
2017,9,25,-25.4,0.875,929.75,1,NA,0,NA,0,69.9,1,NA,NA,0
2017,9,26,-28.27,1,939.59,1,NA,0,NA,0,63.38,1,NA,NA,0
2017,9,27,-26.93,0.875,928.11,1,NA,0,NA,0,75.6,1,NA,NA,0
2017,9,28,-23.11,0.875,936.52,1,NA,0,NA,0,71.8,1,NA,NA,0
2017,9,29,-18.15,0.75,947.43,0.875,NA,0,NA,0,68.72,1,NA,NA,0
2017,9,30,-16.4,0.75,942.55,1,NA,0,NA,0,76.46,1,NA,NA,0
2017,10,1,-15.3,0.875,937.31,1,NA,0,NA,0,79.44,1,NA,NA,0
2017,10,2,-14.19,0.875,941.11,1,NA,0,NA,0,87.41,1,NA,NA,0
2017,10,3,-12.53,1,945.74,1,NA,0,NA,0,91.05,1,NA,NA,0
2017,10,4,-13.7,1,947.34,1,NA,0,NA,0,88.51,1,NA,NA,0
2017,10,5,-16.3,1,947.32,1,NA,0,NA,0,85.24,1,NA,NA,0
2017,10,6,-16.15,1,947.05,1,NA,0,NA,0,86.92,1,NA,NA,0
2017,10,7,-16.92,1,940.76,1,NA,0,NA,0,80.53,1,NA,NA,0
2017,10,8,-16.02,1,947.02,1,NA,0,NA,0,80.05,1,NA,NA,0
2017,10,9,-14.51,0.875,953.08,1,NA,0,NA,0,84.12,1,NA,NA,0
2017,10,10,-9.55,1,949.3,1,NA,0,NA,0,91.35,1,NA,NA,0
2017,10,11,-11.62,1,933.42,1,NA,0,NA,0,86.62,1,NA,NA,0
2017,10,12,-15.04,1,942.42,1,NA,0,NA,0,83.51,1,NA,NA,0
2017,10,13,-17.52,1,945.89,1,NA,0,NA,0,74.34,1,NA,NA,0
2017,10,14,-18.88,1,951.62,1,NA,0,NA,0,60.66,1,NA,NA,0
2017,10,15,-19.16,1,955.4,1,NA,0,NA,0,61.77,1,NA,NA,0
2017,10,16,-16.46,1,959.54,1,NA,0,NA,0,76.65,1,NA,NA,0
2017,10,17,-14.53,1,966.65,1,NA,0,NA,0,80.1,1,NA,NA,0
2017,10,18,-17.7,0.75,968.75,1,NA,0,NA,0,83.67,1,NA,NA,0
2017,10,19,-10.55,1,966.8,1,NA,0,NA,0,85.5,1,NA,NA,0
2017,10,20,-10.38,1,958.21,1,NA,0,NA,0,81.79,1,NA,NA,0
2017,10,21,-9.16,1,952.55,1,NA,0,NA,0,85.59,1,NA,NA,0
2017,10,22,-12.59,1,957.28,1,NA,0,NA,0,88.35,1,NA,NA,0
2017,10,23,-14.12,1,958.74,1,NA,0,NA,0,70.53,1,NA,NA,0
2017,10,24,-13.72,1,960.86,1,NA,0,NA,0,59.08,1,NA,NA,0
2017,10,25,-11.22,1,960.39,1,NA,0,NA,0,76.47,1,NA,NA,0
2017,10,26,-8.71,1,961.06,1,NA,0,NA,0,89.66,1,NA,NA,0
2017,10,27,-8.14,1,966.75,1,NA,0,NA,0,85.75,1,NA,NA,0
2017,10,28,-5.97,0.875,963.79,1,NA,0,NA,0,81.59,1,NA,NA,0
2017,10,29,-8.16,1,948.39,1,NA,0,NA,0,86.1,1,NA,NA,0
2017,10,30,-12.22,1,950.48,1,NA,0,NA,0,86.71,1,NA,NA,0
2017,10,31,-14.76,0.875,952.06,1,NA,0,NA,0,79.53,1,NA,NA,0
2017,11,1,-15.62,1,952.34,1,NA,0,NA,0,86.1,1,NA,NA,0
2017,11,2,-16.45,1,959.78,1,NA,0,NA,0,80.62,1,NA,NA,0
2017,11,3,-13.53,1,961.99,1,NA,0,NA,0,82.5,1,NA,NA,0
2017,11,4,-3.7,1,951.58,1,NA,0,NA,0,87.07,0.875,NA,NA,0
2017,11,5,-4.37,0.875,949.74,1,NA,0,NA,0,86.29,1,NA,NA,0
2017,11,6,-0.84,1,950.4,1,NA,0,NA,0,83.41,0.875,NA,NA,0
2017,11,7,-2.34,0.875,939.59,1,NA,0,NA,0,86.94,0.625,NA,NA,0
2017,11,8,-10.69,1,942.88,1,NA,0,NA,0,83.16,1,NA,NA,0
2017,11,9,-11.39,1,949.79,1,NA,0,NA,0,80.5,1,NA,NA,0
2017,11,10,-7.14,1,945.99,1,NA,0,NA,0,80.36,1,NA,NA,0
2017,11,11,-3.84,1,942.18,1,NA,0,NA,0,85.5,1,NA,NA,0
2017,11,12,-5.01,1,940.92,1,NA,0,NA,0,78.81,1,NA,NA,0
2017,11,13,-4.72,1,932.88,1,NA,0,NA,0,86.72,0.75,NA,NA,0
2017,11,14,-3.48,1,932.96,1,NA,0,NA,0,84.49,0.875,NA,NA,0
2017,11,15,-5.41,1,951.71,1,NA,0,NA,0,86.17,1,NA,NA,0
2017,11,16,-5.51,1,958.64,1,NA,0,NA,0,71.99,1,NA,NA,0
2017,11,17,-7.59,1,949.36,1,NA,0,NA,0,81.22,1,NA,NA,0
2017,11,18,-7.53,1,955.92,1,NA,0,NA,0,85.69,1,NA,NA,0
2017,11,19,-7.57,0.875,955.84,1,NA,0,NA,0,74.72,1,NA,NA,0
2017,11,20,-4.25,1,954.21,1,NA,0,NA,0,80.39,1,NA,NA,0
2017,11,21,-3.1,1,941.44,1,NA,0,NA,0,90.22,0.625,NA,NA,0
2017,11,22,-4.99,1,945.91,1,NA,0,NA,0,82.11,1,NA,NA,0
2017,11,23,-7.8,1,947.82,1,NA,0,NA,0,70.9,1,NA,NA,0
2017,11,24,-9.41,1,945.6,1,NA,0,NA,0,80.95,1,NA,NA,0
2017,11,25,-11.09,1,940.99,1,NA,0,NA,0,72.99,1,NA,NA,0
2017,11,26,-11.44,1,942.14,1,NA,0,NA,0,72.31,1,NA,NA,0
2017,11,27,-10.7,1,939.4,1,NA,0,NA,0,75.19,1,NA,NA,0
2017,11,28,-7.41,1,938.54,1,NA,0,NA,0,88.56,1,NA,NA,0
2017,11,29,-6.95,1,940.42,1,NA,0,NA,0,89.21,1,NA,NA,0
2017,11,30,-6.04,1,938.68,1,NA,0,NA,0,77.55,1,NA,NA,0
2017,12,1,-4.88,1,942.09,1,NA,0,NA,0,86.77,0.375,NA,NA,0
2017,12,2,-4.95,1,952.11,1,NA,0,NA,0,83.14,0.875,NA,NA,0
2017,12,3,-6.06,1,954.85,1,NA,0,NA,0,85.29,1,NA,NA,0
2017,12,4,-4.25,1,935.3,1,NA,0,NA,0,98.9,0.5,NA,NA,0
2017,12,5,-2.7,1,935.38,1,NA,0,NA,0,NA,0.125,NA,NA,0
2017,12,6,-4.4,1,942.86,1,NA,0,NA,0,NA,0,NA,NA,0
2017,12,7,-4.89,1,947.32,1,NA,0,NA,0,NA,0,NA,NA,0
2017,12,8,-3.9,1,944.34,1,NA,0,NA,0,NA,0.125,NA,NA,0
2017,12,9,-3.88,1,945.58,1,NA,0,NA,0,NA,0,NA,NA,0
2017,12,10,-5.25,1,945.09,1,NA,0,NA,0,NA,0,NA,NA,0
2017,12,11,-5.68,1,948.24,1,NA,0,NA,0,98.96,0.625,NA,NA,0
2017,12,12,-3.95,1,951.92,1,NA,0,NA,0,NA,0,NA,NA,0
2017,12,13,-3.36,1,956.74,1,NA,0,NA,0,NA,0,NA,NA,0
2017,12,14,-4.75,1,956.86,1,NA,0,NA,0,88.8,0.875,NA,NA,0
2017,12,15,-5.4,1,957.84,1,NA,0,NA,0,67.84,1,NA,NA,0
2017,12,16,-7.79,1,957.32,1,NA,0,NA,0,75.25,1,NA,NA,0
2017,12,17,-6.6,1,951.64,1,NA,0,NA,0,91.12,1,NA,NA,0
2017,12,18,-4.22,1,952.2,1,NA,0,NA,0,91.33,0.75,NA,NA,0
2017,12,19,-3.05,1,954.26,1,NA,0,NA,0,72.04,1,NA,NA,0
2017,12,20,-4.51,1,953.92,1,NA,0,NA,0,87.55,1,NA,NA,0
2017,12,21,-3.58,1,953.38,1,NA,0,NA,0,90.01,1,NA,NA,0
2017,12,22,-6.04,1,945.34,1,NA,0,NA,0,90.83,1,NA,NA,0
2017,12,23,-3.9,1,948.49,1,NA,0,NA,0,94.19,0.875,NA,NA,0
2017,12,24,-4.49,1,952.05,1,NA,0,NA,0,77.55,1,NA,NA,0
2017,12,25,-3.45,1,953.35,1,NA,0,NA,0,59.21,1,NA,NA,0
2017,12,26,-4.32,1,954.38,1,NA,0,NA,0,58.29,1,NA,NA,0
2017,12,27,-5.06,1,957.44,1,NA,0,NA,0,71.5,1,NA,NA,0
2017,12,28,-3.24,1,958.94,1,NA,0,NA,0,73.69,1,NA,NA,0
2017,12,29,-3.51,1,957.12,1,NA,0,NA,0,82.66,1,NA,NA,0
2017,12,30,-4.19,1,958.51,1,NA,0,NA,0,84.88,0.75,NA,NA,0
2017,12,31,-4.14,1,960.79,1,NA,0,NA,0,85.85,1,NA,NA,0
2018,1,1,-3.84,1,967.15,1,NA,0,NA,0,87.17,1,NA,NA,0
2018,1,2,-3.96,1,968.45,1,NA,0,NA,0,66.84,1,NA,NA,0
2018,1,3,-5.32,1,959.49,1,NA,0,NA,0,89.62,1,NA,NA,0
2018,1,4,-2.06,1,957.25,1,NA,0,NA,0,88.44,0.875,NA,NA,0
2018,1,5,-1.1,1,958.24,1,NA,0,NA,0,85.84,0.875,NA,NA,0
2018,1,6,-1.31,1,960.2,1,NA,0,NA,0,89.56,0.625,NA,NA,0
2018,1,7,-1.26,1,957.79,1,NA,0,NA,0,88.34,1,NA,NA,0
2018,1,8,-3.04,1,956.39,1,NA,0,NA,0,96.97,0.375,NA,NA,0
2018,1,9,-1.73,1,956.51,1,NA,0,NA,0,NA,0.125,NA,NA,0
2018,1,10,-3.17,1,951.45,1,NA,0,NA,0,NA,0.125,NA,NA,0
2018,1,11,-2.69,1,952.31,1,NA,0,NA,0,99.13,0.375,NA,NA,0
2018,1,12,-2.39,1,958.08,1,NA,0,NA,0,97.67,0.875,NA,NA,0
2018,1,13,-1.9,0.875,963.32,1,NA,0,NA,0,94.13,0.75,NA,NA,0
2018,1,14,-2.16,1,958.16,1,NA,0,NA,0,87.16,0.875,NA,NA,0
2018,1,15,-4.94,1,949.34,1,NA,0,NA,0,84.47,1,NA,NA,0
2018,1,16,-4.72,1,948.14,1,NA,0,NA,0,77.74,1,NA,NA,0
2018,1,17,-3.34,1,945.15,1,NA,0,NA,0,85.95,1,NA,NA,0
2018,1,18,-2.91,1,927.39,1,NA,0,NA,0,98.9,0.25,NA,NA,0
2018,1,19,-0.78,1,924.26,1,NA,0,NA,0,91.7,0.625,NA,NA,0
2018,1,20,-1.19,1,936.95,1,NA,0,NA,0,90.3,1,NA,NA,0
2018,1,21,-2.4,1,947.35,1,NA,0,NA,0,86.78,0.75,NA,NA,0
2018,1,22,-4.22,1,953.99,1,NA,0,NA,0,90.97,0.75,NA,NA,0
2018,1,23,-5.99,1,956.91,1,NA,0,NA,0,55.95,1,NA,NA,0
2018,1,24,-5.9,1,956.5,1,NA,0,NA,0,60.92,1,NA,NA,0
2018,1,25,-6.78,1,957.25,1,NA,0,NA,0,62.17,1,NA,NA,0
2018,1,26,-7.51,1,954.46,1,NA,0,NA,0,70.29,1,NA,NA,0
2018,1,27,-7.71,1,953.26,1,NA,0,NA,0,83.89,1,NA,NA,0
2018,1,28,-5.61,1,949.12,1,NA,0,NA,0,98.84,0.625,NA,NA,0
2018,1,29,-5.28,1,948.19,1,NA,0,NA,0,98.8,0.375,NA,NA,0
2018,1,30,-3.96,1,949.39,1,NA,0,NA,0,NA,0.125,NA,NA,0
2018,1,31,-2.67,1,951.86,1,NA,0,NA,0,94.7,0.375,NA,NA,0
2018,2,1,-4,0.875,952.81,1,NA,0,NA,0,95.9,0.75,NA,NA,0
2018,2,2,-6.86,1,948.45,1,NA,0,NA,0,93.71,0.875,NA,NA,0
2018,2,3,-5.86,1,949.19,1,NA,0,NA,0,86.65,1,NA,NA,0
2018,2,4,-5.03,1,946.72,1,NA,0,NA,0,98.62,0.75,NA,NA,0
2018,2,5,-4.94,1,945.88,1,NA,0,NA,0,NA,0.125,NA,NA,0
2018,2,6,-3.85,1,951,1,NA,0,NA,0,97,0.25,NA,NA,0
2018,2,7,-5.72,1,952.38,1,NA,0,NA,0,88.2,1,NA,NA,0
2018,2,8,-5.85,1,958.66,1,NA,0,NA,0,79.74,1,NA,NA,0
2018,2,9,-0.88,1,963.6,1,NA,0,NA,0,86.55,1,NA,NA,0
2018,2,10,-3.3,1,969.06,1,NA,0,NA,0,83.96,1,NA,NA,0
2018,2,11,-6.72,1,958.82,1,NA,0,NA,0,75.26,1,NA,NA,0
2018,2,12,-7.53,1,946.92,1,NA,0,NA,0,76.47,1,NA,NA,0
2018,2,13,-9.12,1,941.14,1,NA,0,NA,0,81.33,1,NA,NA,0
2018,2,14,-11.56,0.875,941.58,1,NA,0,NA,0,62.96,1,NA,NA,0
2018,2,15,-13.3,1,948.21,1,NA,0,NA,0,69.11,1,NA,NA,0
2018,2,16,-10.99,1,953.3,1,NA,0,NA,0,61.94,1,NA,NA,0
2018,2,17,-8.79,1,961.4,1,NA,0,NA,0,70.6,1,NA,NA,0
2018,2,18,-3.71,0.875,965.82,1,NA,0,NA,0,82.41,1,NA,NA,0
2018,2,19,-2.67,1,964.16,1,NA,0,NA,0,89.79,0.875,NA,NA,0
2018,2,20,-4.4,1,960.09,1,NA,0,NA,0,98.12,0.5,NA,NA,0
2018,2,21,-4.21,1,957.06,1,NA,0,NA,0,NA,0,NA,NA,0
2018,2,22,-5.22,1,953.68,1,NA,0,NA,0,96.35,0.5,NA,NA,0
2018,2,23,-8.27,0.875,946.21,1,NA,0,NA,0,85.38,1,NA,NA,0
2018,2,24,-5.81,1,945.49,1,NA,0,NA,0,96.73,0.875,NA,NA,0
2018,2,25,-5.66,1,953.52,1,NA,0,NA,0,86.65,0.75,NA,NA,0
2018,2,26,-8.18,1,961.29,1,NA,0,NA,0,91.6,0.875,NA,NA,0
2018,2,27,-10.39,1,964.01,1,NA,0,NA,0,82.39,1,NA,NA,0
2018,2,28,-13.4,1,959.79,1,NA,0,NA,0,90.08,1,NA,NA,0
2018,3,1,-10.32,0.75,953.52,1,NA,0,NA,0,82.44,1,NA,NA,0
2018,3,2,-5.73,0.75,948.64,1,NA,0,NA,0,47.81,1,NA,NA,0
2018,3,3,-10.2,0.875,951.68,1,NA,0,NA,0,83.01,1,NA,NA,0
2018,3,4,-10.69,1,958.29,1,NA,0,NA,0,88.38,1,NA,NA,0
2018,3,5,-12.26,1,960.64,1,NA,0,NA,0,66.74,1,NA,NA,0
2018,3,6,-10.12,1,955.24,1,NA,0,NA,0,43.39,1,NA,NA,0
2018,3,7,-12.69,0.875,954.28,1,NA,0,NA,0,65.58,1,NA,NA,0
2018,3,8,-7.7,0.625,943.76,1,NA,0,NA,0,91.71,1,NA,NA,0
2018,3,9,-8.51,1,938.65,1,NA,0,NA,0,94.21,1,NA,NA,0
2018,3,10,-8.35,1,937.41,1,NA,0,NA,0,95.85,1,NA,NA,0
2018,3,11,-12.5,1,947.58,1,NA,0,NA,0,89.45,1,NA,NA,0
2018,3,12,-10.76,0.875,955.02,1,NA,0,NA,0,88.86,1,NA,NA,0
2018,3,13,-8.06,1,960.86,1,NA,0,NA,0,70.72,1,NA,NA,0
2018,3,14,-10.86,0.875,963.34,1,NA,0,NA,0,76.83,1,NA,NA,0
2018,3,15,-11.01,0.875,968.66,1,NA,0,NA,0,81.21,1,NA,NA,0
2018,3,16,-10.68,0.625,959.29,1,NA,0,NA,0,92.12,1,NA,NA,0
2018,3,17,-8.26,1,969.06,1,NA,0,NA,0,80.08,1,NA,NA,0
2018,3,18,-6.7,0.5,961.59,1,NA,0,NA,0,88.54,1,NA,NA,0
2018,3,19,-12.97,0.875,947.25,1,NA,0,NA,0,73.44,1,NA,NA,0
2018,3,20,-20.14,0.875,937.59,1,NA,0,NA,0,76,1,NA,NA,0
2018,3,21,-17.22,1,933.14,1,NA,0,NA,0,68.66,1,NA,NA,0
2018,3,22,-15.91,1,931.7,1,NA,0,NA,0,68.83,1,NA,NA,0
2018,3,23,-15.31,1,934.78,1,NA,0,NA,0,67.47,1,NA,NA,0
2018,3,24,-16.02,0.75,942.44,1,NA,0,NA,0,79.05,1,NA,NA,0
2018,3,25,-14.69,1,943.22,1,NA,0,NA,0,88.79,1,NA,NA,0
2018,3,26,-19.17,0.875,943.61,1,NA,0,NA,0,81.1,1,NA,NA,0
2018,3,27,-18.02,1,945.51,1,NA,0,NA,0,82.81,1,NA,NA,0
2018,3,28,-19.02,1,947.19,1,NA,0,NA,0,85.83,1,NA,NA,0
2018,3,29,-14.84,1,946.45,1,NA,0,NA,0,81.53,1,NA,NA,0
2018,3,30,-15.73,1,953.06,1,NA,0,NA,0,87.88,1,NA,NA,0
2018,3,31,-13.65,1,950.6,1,NA,0,NA,0,82.62,1,NA,NA,0
2018,4,1,-6.61,1,941.62,1,NA,0,NA,0,96.86,1,NA,NA,0
2018,4,2,-8.6,1,951.32,1,NA,0,NA,0,94.87,0.875,NA,NA,0
2018,4,3,-12.05,1,953.98,1,NA,0,NA,0,72.84,1,NA,NA,0
2018,4,4,-14.75,1,962.16,1,NA,0,NA,0,71.59,1,NA,NA,0
2018,4,5,-14.46,1,970.18,1,NA,0,NA,0,67.97,1,NA,NA,0
2018,4,6,-14.65,1,969.46,1,NA,0,NA,0,67.64,1,NA,NA,0
2018,4,7,-10.61,1,961.29,1,NA,0,NA,0,81.64,1,NA,NA,0
2018,4,8,-11.28,1,956.65,1,NA,0,NA,0,92.26,1,NA,NA,0
2018,4,9,-9.14,1,960.31,1,NA,0,NA,0,94.88,1,NA,NA,0
2018,4,10,-10.78,1,964.69,1,NA,0,NA,0,92.06,1,NA,NA,0
2018,4,11,-8.89,1,952.64,1,NA,0,NA,0,89.12,1,NA,NA,0
2018,4,12,-7.94,1,943.48,1,NA,0,NA,0,96.15,1,NA,NA,0
2018,4,13,-9.07,1,949.98,1,NA,0,NA,0,94.2,1,NA,NA,0
2018,4,14,-8.03,1,951.99,1,NA,0,NA,0,93.79,1,NA,NA,0
2018,4,15,-13.67,0.75,941.81,1,NA,0,NA,0,85.33,1,NA,NA,0
2018,4,16,-14.46,0.875,931.54,1,NA,0,NA,0,88.41,1,NA,NA,0
2018,4,17,-8.29,1,924.78,1,NA,0,NA,0,93.91,1,NA,NA,0
2018,4,18,-12.46,1,937.1,1,NA,0,NA,0,90.22,1,NA,NA,0
2018,4,19,-8.07,0.75,948.34,1,NA,0,NA,0,92.29,1,NA,NA,0
2018,4,20,-15.81,1,952.08,1,NA,0,NA,0,82.01,1,NA,NA,0
2018,4,21,-12.82,1,959.68,1,NA,0,NA,0,90.14,1,NA,NA,0
2018,4,22,-15.41,1,961.81,1,NA,0,NA,0,66.69,1,NA,NA,0
2018,4,23,-15.84,1,966.34,1,NA,0,NA,0,64.16,1,NA,NA,0
2018,4,24,-10.87,0.875,974.84,1,NA,0,NA,0,41.74,1,NA,NA,0
2018,4,25,-10.1,0.375,956.86,1,NA,0,NA,0,85.29,1,NA,NA,0
2018,4,26,-11.9,1,959.01,1,NA,0,NA,0,79.88,1,NA,NA,0
2018,4,27,-13.85,1,948.52,1,NA,0,NA,0,87.05,1,NA,NA,0
2018,4,28,-13.7,1,944,1,NA,0,NA,0,90.04,1,NA,NA,0
2018,4,29,-12.59,1,932.72,1,NA,0,NA,0,89.91,1,NA,NA,0
2018,4,30,-12.11,1,933.86,1,NA,0,NA,0,91.78,1,NA,NA,0
2018,5,1,-16.26,1,939.29,1,NA,0,NA,0,88.26,1,NA,NA,0
2018,5,2,-18.26,1,942.64,1,NA,0,NA,0,86.22,1,NA,NA,0
2018,5,3,-22.84,1,942.16,1,NA,0,NA,0,82.38,1,NA,NA,0
2018,5,4,-23.88,1,948.22,1,NA,0,NA,0,81.41,1,NA,NA,0
2018,5,5,-22.84,1,953.82,1,NA,0,NA,0,79.4,1,NA,NA,0
2018,5,6,-25.88,1,949.86,1,NA,0,NA,0,79.69,1,NA,NA,0
2018,5,7,-23.88,0.75,956.31,1,NA,0,NA,0,81.89,1,NA,NA,0
2018,5,8,-13.36,1,956.19,1,NA,0,NA,0,82.34,1,NA,NA,0
2018,5,9,-14.9,0.875,958.02,1,NA,0,NA,0,83.9,1,NA,NA,0
2018,5,10,-8.13,0.875,953.82,1,NA,0,NA,0,92.31,1,NA,NA,0
2018,5,11,-3.86,1,954.81,1,NA,0,NA,0,90.26,1,NA,NA,0
2018,5,12,-5.09,1,955.78,1,NA,0,NA,0,87.97,1,NA,NA,0
2018,5,13,-4,0.75,944.97,0.875,NA,0,NA,0,89.67,0.875,NA,NA,0
2018,5,14,-7.95,0.5,956.38,1,NA,0,NA,0,83.67,1,NA,NA,0
2018,5,15,-6.69,0.875,969.2,1,NA,0,NA,0,83.97,1,NA,NA,0
2018,5,16,-4.55,1,975.98,1,NA,0,NA,0,80.16,1,NA,NA,0
2018,5,17,-9.44,1,973.52,1,NA,0,NA,0,93.9,1,NA,NA,0
2018,5,18,-4.14,1,952.08,1,NA,0,NA,0,91.2,1,NA,NA,0
2018,5,19,-5.17,0.75,946.24,1,NA,0,NA,0,89.56,1,NA,NA,0
2018,5,20,-14.41,1,952.02,1,NA,0,NA,0,82.88,1,NA,NA,0
2018,5,21,-15.75,1,964.59,1,NA,0,NA,0,77.1,1,NA,NA,0
2018,5,22,-18.92,0.625,965.7,1,NA,0,NA,0,75.75,1,NA,NA,0
2018,5,23,-27.07,0.875,960.62,1,NA,0,NA,0,63.59,1,NA,NA,0
2018,5,24,-22.6,1,962.04,1,NA,0,NA,0,55.23,1,NA,NA,0
2018,5,25,-22.68,1,956.01,1,NA,0,NA,0,74.11,1,NA,NA,0
2018,5,26,-21.24,1,955.04,1,NA,0,NA,0,82.99,1,NA,NA,0
2018,5,27,-27.32,1,949.55,1,NA,0,NA,0,78.7,1,NA,NA,0
2018,5,28,-24.8,1,949.65,1,NA,0,NA,0,80.17,1,NA,NA,0
2018,5,29,-22.73,0.75,940.45,1,NA,0,NA,0,80.83,1,NA,NA,0
2018,5,30,-22.35,1,946.21,1,NA,0,NA,0,80.64,1,NA,NA,0
2018,5,31,-23.82,1,951.72,1,NA,0,NA,0,75.17,1,NA,NA,0
2018,6,1,-24.32,0.625,954.26,1,NA,0,NA,0,74.06,1,NA,NA,0
2018,6,2,-13.59,1,936.92,1,NA,0,NA,0,88.56,1,NA,NA,0
2018,6,3,-25.12,0.625,948.62,1,NA,0,NA,0,79.39,1,NA,NA,0
2018,6,4,-22.46,0.875,957.8,1,NA,0,NA,0,52.64,1,NA,NA,0
2018,6,5,-17.43,0.875,940.29,1,NA,0,NA,0,79.09,1,NA,NA,0
2018,6,6,-16.61,0.875,932.36,1,NA,0,NA,0,82.67,1,NA,NA,0
2018,6,7,-22.3,0.5,947.9,1,NA,0,NA,0,80.4,1,NA,NA,0
2018,6,8,-6.65,0.75,929.49,1,NA,0,NA,0,93.71,1,NA,NA,0
2018,6,9,-8.75,1,931.98,1,NA,0,NA,0,85.34,1,NA,NA,0
2018,6,10,-13.96,0.875,948.66,1,NA,0,NA,0,80.45,1,NA,NA,0
2018,6,11,-20.9,0.375,946.34,0.875,NA,0,NA,0,83.79,1,NA,NA,0
2018,6,12,-20.33,0.75,963.69,1,NA,0,NA,0,83.38,1,NA,NA,0
2018,6,13,-22.29,1,970.6,1,NA,0,NA,0,78.12,1,NA,NA,0
2018,6,14,-18.99,1,955.94,1,NA,0,NA,0,84.94,1,NA,NA,0
2018,6,15,-13.62,1,944.1,1,NA,0,NA,0,91.47,1,NA,NA,0
2018,6,16,-18.4,1,940.14,1,NA,0,NA,0,87.1,1,NA,NA,0
2018,6,17,-11.68,1,947.49,1,NA,0,NA,0,94.33,1,NA,NA,0
2018,6,18,-10.75,1,961.35,1,NA,0,NA,0,94.67,0.875,NA,NA,0
2018,6,19,-16.24,1,962.42,1,NA,0,NA,0,77.42,1,NA,NA,0
2018,6,20,-17.93,0.75,962.4,1,NA,0,NA,0,68.65,1,NA,NA,0
2018,6,21,-20.19,1,968.32,1,NA,0,NA,0,63.24,1,NA,NA,0
2018,6,22,-16.71,1,976.92,1,NA,0,NA,0,65.54,1,NA,NA,0
2018,6,23,-14.61,1,969.21,1,NA,0,NA,0,82.91,1,NA,NA,0
2018,6,24,-13.8,0.875,957.12,1,NA,0,NA,0,86.31,1,NA,NA,0
2018,6,25,-10.62,1,968.36,1,NA,0,NA,0,83.11,1,NA,NA,0
2018,6,26,-13.44,1,967.24,1,NA,0,NA,0,89.65,1,NA,NA,0
2018,6,27,-14.74,1,963.9,1,NA,0,NA,0,80.08,1,NA,NA,0
2018,6,28,-17.09,0.875,965.05,1,NA,0,NA,0,45.91,1,NA,NA,0
2018,6,29,-24.9,0.875,965.16,1,NA,0,NA,0,67.17,1,NA,NA,0
2018,6,30,-24.44,1,972.38,1,NA,0,NA,0,59.51,1,NA,NA,0
2018,7,1,-25.17,0.75,972.69,1,NA,0,NA,0,76.45,1,NA,NA,0
2018,7,2,-16.52,0.75,976.16,1,NA,0,NA,0,89.51,1,NA,NA,0
2018,7,3,-10.12,0.625,982.11,1,NA,0,NA,0,90.83,1,NA,NA,0
2018,7,4,-10.47,1,976.66,1,NA,0,NA,0,90.09,1,NA,NA,0
2018,7,5,-15.15,0.75,970.31,1,NA,0,NA,0,88,1,NA,NA,0
2018,7,6,-12.5,0.75,960.94,1,NA,0,NA,0,90.38,1,NA,NA,0
2018,7,7,-14.68,0.75,966.54,1,NA,0,NA,0,91.5,1,NA,NA,0
2018,7,8,-10.42,0.75,949.75,1,NA,0,NA,0,84.2,1,NA,NA,0
2018,7,9,-11.44,1,941.74,1,NA,0,NA,0,83.58,1,NA,NA,0
2018,7,10,-18.05,0.75,947.15,1,NA,0,NA,0,84.76,1,NA,NA,0
2018,7,11,-20.96,0.875,956.76,1,NA,0,NA,0,83.16,1,NA,NA,0
2018,7,12,-14.43,0.75,959.95,1,NA,0,NA,0,92.5,1,NA,NA,0
2018,7,13,-6.4,1,970.3,1,NA,0,NA,0,86.53,1,NA,NA,0
2018,7,14,-3.55,1,963.59,1,NA,0,NA,0,90.25,1,NA,NA,0
2018,7,15,-6.54,1,960.12,1,NA,0,NA,0,89.1,0.75,NA,NA,0
2018,7,16,-10.16,0.875,957.89,1,NA,0,NA,0,91.75,1,NA,NA,0
2018,7,17,-6.83,0.875,958.99,1,NA,0,NA,0,86.78,1,NA,NA,0
2018,7,18,-3.38,0.75,937.54,1,NA,0,NA,0,87.9,0.875,NA,NA,0
2018,7,19,-12.54,1,947.49,1,NA,0,NA,0,86.25,1,NA,NA,0
2018,7,20,-12.9,1,933.84,1,NA,0,NA,0,91.9,1,NA,NA,0
2018,7,21,-20.59,1,932.84,1,NA,0,NA,0,78.58,1,NA,NA,0
2018,7,22,-27,0.875,944.95,1,NA,0,NA,0,79.76,1,NA,NA,0
2018,7,23,-29.51,1,948.9,1,NA,0,NA,0,77.58,1,NA,NA,0
2018,7,24,-31.74,1,939.06,1,NA,0,NA,0,75.62,1,NA,NA,0
2018,7,25,-23.89,1,927.92,1,NA,0,NA,0,81.56,1,NA,NA,0
2018,7,26,-15.04,1,931.26,1,NA,0,NA,0,88.86,1,NA,NA,0
2018,7,27,-16.73,1,935.5,1,NA,0,NA,0,88.83,1,NA,NA,0
2018,7,28,-21.69,1,948.94,1,NA,0,NA,0,84.19,1,NA,NA,0
2018,7,29,-22.59,1,959.76,1,NA,0,NA,0,83.2,1,NA,NA,0
2018,7,30,-23.29,1,956.84,1,NA,0,NA,0,78.79,1,NA,NA,0
2018,7,31,-25.01,1,961.19,1,NA,0,NA,0,80.14,1,NA,NA,0
2018,8,1,-25.85,1,963.35,1,NA,0,NA,0,73.92,1,NA,NA,0
2018,8,2,-26.85,1,960.52,1,NA,0,NA,0,65.24,1,NA,NA,0
2018,8,3,-32.45,1,958.39,1,NA,0,NA,0,75.47,1,NA,NA,0
2018,8,4,-27.3,0.875,950.6,1,NA,0,NA,0,69.11,1,NA,NA,0
2018,8,5,-29.33,0.875,949.38,1,NA,0,NA,0,67.08,1,NA,NA,0
2018,8,6,-18.82,0.75,958.98,1,NA,0,NA,0,73.34,1,NA,NA,0
2018,8,7,-16.53,0.875,965.09,1,NA,0,NA,0,86.8,1,NA,NA,0
2018,8,8,-18.38,1,972.71,1,NA,0,NA,0,86.22,1,NA,NA,0
2018,8,9,-11.44,1,951.78,1,NA,0,NA,0,90.21,1,NA,NA,0
2018,8,10,-11.76,1,948.7,1,NA,0,NA,0,89.81,1,NA,NA,0
2018,8,11,-12.35,1,949.45,1,NA,0,NA,0,76.31,1,NA,NA,0
2018,8,12,-10.46,1,929.45,1,NA,0,NA,0,94,0.875,NA,NA,0
2018,8,13,-13.62,1,945.86,1,NA,0,NA,0,90.35,1,NA,NA,0
2018,8,14,-12.57,0.875,953.56,1,NA,0,NA,0,90.3,1,NA,NA,0
2018,8,15,-11.94,1,952.88,1,NA,0,NA,0,91.9,1,NA,NA,0
2018,8,16,-16.21,1,941.76,1,NA,0,NA,0,84.33,1,NA,NA,0
2018,8,17,-17.25,1,942.16,1,NA,0,NA,0,85.6,1,NA,NA,0
2018,8,18,-21.2,1,944.26,1,NA,0,NA,0,83.51,1,NA,NA,0
2018,8,19,-20.7,1,942.64,1,NA,0,NA,0,79.45,1,NA,NA,0
2018,8,20,-23.06,1,949.2,1,NA,0,NA,0,80.21,1,NA,NA,0
2018,8,21,-21.96,1,957.65,1,NA,0,NA,0,81.53,1,NA,NA,0
2018,8,22,-19.8,1,960.06,1,NA,0,NA,0,85.2,1,NA,NA,0
2018,8,23,-15.43,1,954.12,1,NA,0,NA,0,76.86,1,NA,NA,0
2018,8,24,-19.05,1,943.68,1,NA,0,NA,0,85.08,1,NA,NA,0
2018,8,25,-21.09,1,946.22,1,NA,0,NA,0,80.04,1,NA,NA,0
2018,8,26,-22.92,1,951.54,1,NA,0,NA,0,82.22,1,NA,NA,0
2018,8,27,-23.95,1,949.34,1,NA,0,NA,0,74.41,1,NA,NA,0
2018,8,28,-25.38,1,948.74,1,NA,0,NA,0,74.36,1,NA,NA,0
2018,8,29,-25.5,0.75,949.06,1,NA,0,NA,0,82.05,1,NA,NA,0
2018,8,30,-14.84,0.875,945.65,1,NA,0,NA,0,87.49,1,NA,NA,0
2018,8,31,-16.75,1,939.4,1,NA,0,NA,0,79.12,1,NA,NA,0
2018,9,1,-22.44,1,944.5,1,NA,0,NA,0,79.4,1,NA,NA,0
2018,9,2,-23.56,0.875,951.39,1,NA,0,NA,0,75.8,1,NA,NA,0
2018,9,3,-28.59,0.875,950.85,1,NA,0,NA,0,72.62,1,NA,NA,0
2018,9,4,-27.34,1,939.85,1,NA,0,NA,0,77.94,1,NA,NA,0
2018,9,5,-23.3,1,924.24,1,NA,0,NA,0,81.08,1,NA,NA,0
2018,9,6,-13.76,0.875,910.71,1,NA,0,NA,0,86.94,1,NA,NA,0
2018,9,7,-16.1,1,923.4,1,NA,0,NA,0,74.9,1,NA,NA,0
2018,9,8,-18.2,0.875,933.78,1,NA,0,NA,0,83.56,1,NA,NA,0
2018,9,9,-13.75,1,928.74,1,NA,0,NA,0,88.76,1,NA,NA,0
2018,9,10,-20.86,0.875,948.21,1,NA,0,NA,0,78.58,1,NA,NA,0
2018,9,11,-13.25,1,933.6,1,NA,0,NA,0,88.49,1,NA,NA,0
2018,9,12,-10.54,1,930.59,1,NA,0,NA,0,94.51,1,NA,NA,0
2018,9,13,-14.56,0.875,938.44,1,NA,0,NA,0,90.53,1,NA,NA,0
2018,9,14,-22.14,1,944.18,1,NA,0,NA,0,83.62,1,NA,NA,0
2018,9,15,-23.96,1,952.78,1,NA,0,NA,0,79.62,1,NA,NA,0
2018,9,16,-20,0.875,958.1,1,NA,0,NA,0,69.21,1,NA,NA,0
2018,9,17,-21.9,0.875,961.54,1,NA,0,NA,0,64.67,1,NA,NA,0
2018,9,18,-20.94,1,958.54,1,NA,0,NA,0,78.61,1,NA,NA,0
2018,9,19,-15.12,0.5,948.3,1,NA,0,NA,0,83.17,1,NA,NA,0
2018,9,20,-5.62,0.75,953.38,1,NA,0,NA,0,94.6,0.625,NA,NA,0
2018,9,21,-12.64,0.875,967.64,1,NA,0,NA,0,71.7,1,NA,NA,0
2018,9,22,-13.63,0.875,975.26,1,NA,0,NA,0,79.42,1,NA,NA,0
2018,9,23,-12.96,1,975.32,1,NA,0,NA,0,81.25,1,NA,NA,0
2018,9,24,-13.4,0.75,957.1,1,NA,0,NA,0,88.89,1,NA,NA,0
2018,9,25,-8.51,0.875,942.16,1,NA,0,NA,0,94.15,0.75,NA,NA,0
2018,9,26,-13.03,1,927.85,1,NA,0,NA,0,82.95,1,NA,NA,0
2018,9,27,-20.76,1,957.4,1,NA,0,NA,0,77.9,1,NA,NA,0
2018,9,28,-11.58,0.75,974.72,1,NA,0,NA,0,53.7,1,NA,NA,0
2018,9,29,-8,0.875,961.76,1,NA,0,NA,0,89.28,1,NA,NA,0
2018,9,30,-11.19,0.875,943.28,1,NA,0,NA,0,90.89,1,NA,NA,0
2018,10,1,-12.22,1,949.79,1,NA,0,NA,0,83.33,1,NA,NA,0
2018,10,2,-12.35,1,961,1,NA,0,NA,0,64.19,1,NA,NA,0
2018,10,3,-11.85,1,959.66,1,NA,0,NA,0,74.08,1,NA,NA,0
2018,10,4,-10.28,1,950.41,1,NA,0,NA,0,85.95,1,NA,NA,0
2018,10,5,-6.18,1,942.55,1,NA,0,NA,0,87.03,1,NA,NA,0
2018,10,6,-5.79,1,933.01,1,NA,0,NA,0,89.47,0.75,NA,NA,0
2018,10,7,-8.46,1,942.65,1,NA,0,NA,0,85.62,1,NA,NA,0
2018,10,8,-8.96,1,949.92,1,NA,0,NA,0,84.22,1,NA,NA,0
2018,10,9,-5.67,0.75,942.56,1,NA,0,NA,0,88.74,0.625,NA,NA,0
2018,10,10,-4.94,1,957.4,1,NA,0,NA,0,93.06,1,NA,NA,0
2018,10,11,-7.21,1,948.19,1,NA,0,NA,0,95.48,0.625,NA,NA,0
2018,10,12,-9.56,1,951.58,1,NA,0,NA,0,92.41,1,NA,NA,0
2018,10,13,-7.68,1,958.72,1,NA,0,NA,0,87.26,1,NA,NA,0
2018,10,14,-9.04,0.875,964.79,1,NA,0,NA,0,87.24,1,NA,NA,0
2018,10,15,-7.53,1,971.14,1,NA,0,NA,0,84.51,1,NA,NA,0
2018,10,16,-5.14,1,967.11,1,NA,0,NA,0,84.35,1,NA,NA,0
2018,10,17,-1.88,1,958.94,1,NA,0,NA,0,86,1,NA,NA,0
2018,10,18,-2.09,1,960.54,1,NA,0,NA,0,89.15,1,NA,NA,0
2018,10,19,-3.46,0.875,939.13,0.875,NA,0,NA,0,94.1,1,NA,NA,0
2018,10,20,-9.49,1,956.25,1,NA,0,NA,0,91.29,1,NA,NA,0
2018,10,21,-6.33,0.75,957.26,1,NA,0,NA,0,90.16,0.875,NA,NA,0
2018,10,22,-2.56,0.875,952.16,1,NA,0,NA,0,93.42,0.625,NA,NA,0
2018,10,23,-8.9,0.75,954.38,1,NA,0,NA,0,90.27,0.875,NA,NA,0
2018,10,24,-1.09,1,944.86,1,NA,0,NA,0,86.23,0.875,NA,NA,0
2018,10,25,-0.89,1,947.49,1,NA,0,NA,0,89.83,0.75,NA,NA,0
2018,10,26,-0.99,1,937.79,1,NA,0,NA,0,90.77,0.375,NA,NA,0
2018,10,27,-1.56,1,936.12,1,NA,0,NA,0,95.5,0.5,NA,NA,0
2018,10,28,-3.12,1,932.38,1,NA,0,NA,0,83.2,0.625,NA,NA,0
2018,10,29,-7.08,1,937.44,1,NA,0,NA,0,88.37,0.875,NA,NA,0
2018,10,30,-8.4,1,933.68,1,NA,0,NA,0,94.49,1,NA,NA,0
2018,10,31,-7.42,1,930.52,1,NA,0,NA,0,98,0.75,NA,NA,0
2018,11,1,-8.19,1,935.45,1,NA,0,NA,0,95.99,0.875,NA,NA,0
2018,11,2,-9.44,1,950.42,1,NA,0,NA,0,96.35,1,NA,NA,0
2018,11,3,-7.26,1,958.59,1,NA,0,NA,0,97.32,0.75,NA,NA,0
2018,11,4,-10.71,1,954.25,1,NA,0,NA,0,85.94,1,NA,NA,0
2018,11,5,-13.74,1,956.22,1,NA,0,NA,0,73.26,1,NA,NA,0
2018,11,6,-15.88,1,953.96,1,NA,0,NA,0,65.4,1,NA,NA,0
2018,11,7,-10.82,1,958.7,1,NA,0,NA,0,61.62,1,NA,NA,0
2018,11,8,-7.41,1,959.35,1,NA,0,NA,0,61.23,1,NA,NA,0
2018,11,9,-1.9,0.875,951.1,1,NA,0,NA,0,80.45,1,NA,NA,0
2018,11,10,-6.41,1,949.28,1,NA,0,NA,0,94.29,1,NA,NA,0
2018,11,11,-7.08,1,938,1,NA,0,NA,0,85.92,1,NA,NA,0
2018,11,12,-5.59,1,929.94,1,NA,0,NA,0,88.12,1,NA,NA,0
2018,11,13,-6.97,1,939.14,1,NA,0,NA,0,79.17,0.875,NA,NA,0
2018,11,14,-7.55,1,948.78,1,NA,0,NA,0,75.83,1,NA,NA,0
2018,11,15,-6.18,1,951.62,1,NA,0,NA,0,81.81,1,NA,NA,0
2018,11,16,-7.6,1,953.24,1,NA,0,NA,0,70.9,1,NA,NA,0
2018,11,17,-10.54,1,952.85,1,NA,0,NA,0,83.46,1,NA,NA,0
2018,11,18,-10.8,1,946.38,1,NA,0,NA,0,71.6,1,NA,NA,0
2018,11,19,-12.11,1,936.28,1,NA,0,NA,0,75.25,1,NA,NA,0
2018,11,20,-13.35,1,936.14,1,NA,0,NA,0,79.8,1,NA,NA,0
2018,11,21,-10.97,1,940.14,1,NA,0,NA,0,73.72,1,NA,NA,0
2018,11,22,-9.49,1,939.02,1,NA,0,NA,0,84.88,1,NA,NA,0
2018,11,23,-7.32,1,930.41,1,NA,0,NA,0,95.97,1,NA,NA,0
2018,11,24,-5.26,1,932.6,1,NA,0,NA,0,98.67,0.375,NA,NA,0
2018,11,25,-4.71,1,941.29,1,NA,0,NA,0,NA,0.125,NA,NA,0
2018,11,26,-6.17,0.875,945.9,1,NA,0,NA,0,98.33,0.375,NA,NA,0
2018,11,27,-5.56,1,951.4,1,NA,0,NA,0,99.8,0.25,NA,NA,0
2018,11,28,-6.21,1,954.91,1,NA,0,NA,0,97.33,0.5,NA,NA,0
2018,11,29,-9.01,1,943.24,1,NA,0,NA,0,91.83,1,NA,NA,0
2018,11,30,-7.84,1,932.42,1,NA,0,NA,0,76.1,1,NA,NA,0
2018,12,1,-7.79,1,936.05,1,NA,0,NA,0,77,1,NA,NA,0
2018,12,2,-7.14,1,942.9,1,NA,0,NA,0,73,1,NA,NA,0
2018,12,3,-6.1,1,950.68,1,NA,0,NA,0,67.41,1,NA,NA,0
2018,12,4,-6.34,1,963.39,1,NA,0,NA,0,74.79,1,NA,NA,0
2018,12,5,-6.75,1,959.62,1,NA,0,NA,0,84.21,1,NA,NA,0
2018,12,6,-7.3,1,948.91,1,NA,0,NA,0,78.34,1,NA,NA,0
2018,12,7,-8.25,1,941.6,1,NA,0,NA,0,75.8,1,NA,NA,0
2018,12,8,-7.89,1,943.2,1,NA,0,NA,0,84.42,1,NA,NA,0
2018,12,9,-7.39,1,948.8,1,NA,0,NA,0,64.69,1,NA,NA,0
2018,12,10,-5.89,1,950.52,1,NA,0,NA,0,75.35,1,NA,NA,0
2018,12,11,-7.2,1,951.22,1,NA,0,NA,0,85.16,1,NA,NA,0
2018,12,12,-5.16,1,952.58,1,NA,0,NA,0,97.46,1,NA,NA,0
2018,12,13,-5.19,1,949.54,1,NA,0,NA,0,87.89,1,NA,NA,0
2018,12,14,-5.42,1,945.96,1,NA,0,NA,0,78.38,1,NA,NA,0
2018,12,15,-4.61,1,945.12,1,NA,0,NA,0,83.45,0.75,NA,NA,0
2018,12,16,-4.7,1,940.72,1,NA,0,NA,0,80.71,1,NA,NA,0
2018,12,17,-4.34,1,946.98,1,NA,0,NA,0,83.47,1,NA,NA,0
2018,12,18,-4.74,1,956.14,1,NA,0,NA,0,77.7,1,NA,NA,0
2018,12,19,-4.99,1,955.66,1,NA,0,NA,0,72.29,1,NA,NA,0
2018,12,20,-6.38,1,952.5,1,NA,0,NA,0,78.96,1,NA,NA,0
2018,12,21,-6.01,1,950.98,1,NA,0,NA,0,79.76,1,NA,NA,0
2018,12,22,-3.64,1,948.86,1,NA,0,NA,0,72.12,1,NA,NA,0
2018,12,23,-3.71,1,949.79,1,NA,0,NA,0,71.29,1,NA,NA,0
2018,12,24,-3.71,1,950.21,1,NA,0,NA,0,87.34,0.875,NA,NA,0
2018,12,25,-3.81,1,948.41,1,NA,0,NA,0,83.1,1,NA,NA,0
2018,12,26,-3.28,1,956.74,1,NA,0,NA,0,86.7,1,NA,NA,0
2018,12,27,-3.22,1,961.94,1,NA,0,NA,0,83.88,1,NA,NA,0
2018,12,28,-3.34,1,962.44,1,NA,0,NA,0,85.66,1,NA,NA,0
2018,12,29,-2,1,962.15,1,NA,0,NA,0,77.59,1,NA,NA,0
2018,12,30,-2.46,1,963.66,1,NA,0,NA,0,74.64,1,NA,NA,0
2018,12,31,-3.11,1,959.94,1,NA,0,NA,0,80.91,1,NA,NA,0
2019,1,1,-3.99,1,958.16,1,NA,0,NA,0,88.93,0.75,NA,NA,0
2019,1,2,-2.38,1,957.46,1,NA,0,NA,0,85.36,1,NA,NA,0
2019,1,3,-0.79,1,947.99,1,NA,0,NA,0,81.39,1,NA,NA,0
2019,1,4,-1.77,1,943.54,1,NA,0,NA,0,93.92,0.5,NA,NA,0
2019,1,5,-3.75,1,946.92,1,NA,0,NA,0,NA,0.125,NA,NA,0
2019,1,6,-4.44,1,954.02,1,NA,0,NA,0,NA,0.125,NA,NA,0
2019,1,7,-4.05,1,959.88,1,NA,0,NA,0,86.91,1,NA,NA,0
2019,1,8,-4.47,1,958.44,1,NA,0,NA,0,75.71,1,NA,NA,0
2019,1,9,-4.92,1,963.34,1,NA,0,NA,0,82.09,1,NA,NA,0
2019,1,10,-3.35,1,965.68,1,NA,0,NA,0,77.42,1,NA,NA,0
2019,1,11,-3.68,1,964.12,1,NA,0,NA,0,84.69,1,NA,NA,0
2019,1,12,-5.19,1,963.05,1,NA,0,NA,0,84.51,1,NA,NA,0
2019,1,13,-4.12,1,965.22,1,NA,0,NA,0,71.8,1,NA,NA,0
2019,1,14,-3.88,1,966.25,1,NA,0,NA,0,84.08,1,NA,NA,0
2019,1,15,-4.01,1,964.86,1,NA,0,272.43,0.875,82.46,1,NA,NA,0
2019,1,16,-3.61,1,953.95,1,NA,0,141.5,1,91.67,0.75,NA,NA,0
2019,1,17,-2.91,1,937.89,1,NA,0,110.5,1,99.8,0.25,NA,NA,0
2019,1,18,-1.8,1,944.94,1,NA,0,89.88,1,87.2,0.625,NA,NA,0
2019,1,19,-3.08,1,947.9,1,NA,0,115.62,1,NA,0,NA,NA,0
2019,1,20,-4.29,1,951.44,1,NA,0,140.12,1,97.96,0.625,NA,NA,0
2019,1,21,-4.79,1,953.19,1,NA,0,172,0.5,93.53,0.5,NA,NA,0
2019,1,22,-5.09,1,959.19,1,NA,0,138.88,1,95.17,1,NA,NA,0
2019,1,23,-5.68,1,964.35,1,NA,0,168.62,1,75.28,1,NA,NA,0
2019,1,24,-3.86,1,961.34,1,NA,0,212.12,1,71.54,1,NA,NA,0
2019,1,25,-3.2,1,952.55,1,NA,0,78.5,1,67.81,1,NA,NA,0
2019,1,26,-7.19,1,955.94,1,NA,0,135,1,91.12,1,NA,NA,0
2019,1,27,-6.22,1,955.6,1,NA,0,112.62,1,93.7,1,NA,NA,0
2019,1,28,-5.19,1,953.74,1,NA,0,284.88,1,76.17,1,NA,NA,0
2019,1,29,-4.28,1,956.99,1,NA,0,193.38,1,75,1,NA,NA,0
2019,1,30,-6.53,1,959.46,1,NA,0,149.12,1,88.71,1,NA,NA,0
2019,1,31,-8.27,0.75,963.38,1,NA,0,154.38,1,66.99,1,NA,NA,0
2019,2,1,-8.49,0.875,963.64,1,NA,0,59.5,1,80,1,NA,NA,0
2019,2,2,-7.07,1,955.64,1,NA,0,145.38,1,96.88,1,NA,NA,0
2019,2,3,-6.93,0.875,954.95,1,NA,0,25.62,1,96.44,1,NA,NA,0
2019,2,4,-8.19,1,953.59,1,NA,0,82.75,1,72.25,1,NA,NA,0
2019,2,5,-7.99,0.875,960.12,1,NA,0,140.5,1,53.71,1,NA,NA,0
2019,2,6,-9.27,0.875,959.2,1,NA,0,96.62,1,65.56,1,NA,NA,0
2019,2,7,-6.7,1,953.71,1,NA,0,181.38,1,75.71,1,NA,NA,0
2019,2,8,-6.24,1,958.31,1,NA,0,91.6,0.625,89.95,1,NA,NA,0
2019,2,9,-5.91,1,970.86,1,NA,0,251.71,0.875,81.26,1,NA,NA,0
2019,2,10,-5.18,1,971.4,1,NA,0,231.5,1,79.06,1,NA,NA,0
2019,2,11,-5.68,1,948.66,1,NA,0,88.38,1,81.97,1,NA,NA,0
2019,2,12,-10.94,1,946.71,1,NA,0,113,1,92.84,1,NA,NA,0
2019,2,13,-13.51,1,945.29,1,NA,0,109.25,1,85.41,1,NA,NA,0
2019,2,14,-11.76,1,944.39,1,NA,0,191.75,1,77.72,1,NA,NA,0
2019,2,15,-8,1,947.34,1,NA,0,57.4,0.625,91.34,1,NA,NA,0
2019,2,16,-6.18,1,950.7,1,NA,0,112.25,1,97.29,0.875,NA,NA,0
2019,2,17,-6.76,1,957.32,1,NA,0,122,1,97.21,1,NA,NA,0
2019,2,18,-7.36,1,968.56,1,NA,0,133.12,1,92.45,1,NA,NA,0
2019,2,19,-7.65,1,980.56,1,NA,0,78.12,1,68.16,1,NA,NA,0
2019,2,20,-5.53,0.75,983.64,1,NA,0,182.5,0.75,67.38,1,NA,NA,0
2019,2,21,-6.15,0.75,977.88,1,NA,0,177,0.625,69.88,1,NA,NA,0
2019,2,22,-2.84,1,975.74,1,NA,0,245.5,1,55.06,1,NA,NA,0
2019,2,23,-2.86,1,979.41,1,NA,0,138.38,1,51.09,1,NA,NA,0
2019,2,24,-2.2,1,969.58,1,NA,0,109.14,0.875,83.5,1,NA,NA,0
2019,2,25,-0.58,1,961.79,1,NA,0,168.12,1,92.7,0.75,NA,NA,0
2019,2,26,-1.67,0.875,969.11,1,NA,0,240.88,1,80.5,1,NA,NA,0
2019,2,27,-2,1,966.79,0.875,NA,0,73.38,1,89.67,1,NA,NA,0
2019,2,28,-1.48,1,968.75,1,NA,0,292.38,1,84.38,1,NA,NA,0
2019,3,1,-3.2,1,972.81,1,NA,0,151,1,86.37,0.875,NA,NA,0
2019,3,2,-3.16,1,963.99,1,NA,0,127,1,NA,0.125,NA,NA,0
2019,3,3,-5.58,1,956.34,1,NA,0,271.25,1,95.67,0.375,NA,NA,0
2019,3,4,-11.13,0.875,960.39,1,NA,0,279.25,1,81.2,1,NA,NA,0
2019,3,5,-8.05,1,962.71,1,NA,0,83.12,1,50.1,1,NA,NA,0
2019,3,6,-7.85,1,959.91,1,NA,0,176.25,1,66.08,1,NA,NA,0
2019,3,7,-4.8,1,957.61,1,NA,0,85.62,1,87.65,1,NA,NA,0
2019,3,8,-6.71,1,957.52,1,NA,0,104,1,97.29,1,NA,NA,0
2019,3,9,-3.84,1,961.26,1,NA,0,145.88,1,88.75,1,NA,NA,0
2019,3,10,-1.24,1,959.99,1,NA,0,172,1,83.39,1,NA,NA,0
2019,3,11,-2.17,1,964.54,1,NA,0,241,1,90.5,0.75,NA,NA,0
2019,3,12,-3.96,1,967.21,1,NA,0,275.12,1,85.23,0.75,NA,NA,0
2019,3,13,-4.78,1,951.44,1,NA,0,131.5,1,91.14,1,NA,NA,0
2019,3,14,-1.94,1,938.98,1,NA,0,102.88,1,83.83,0.75,NA,NA,0
2019,3,15,-3.92,1,941.91,1,NA,0,84.25,1,86.39,1,NA,NA,0
2019,3,16,-5.49,1,941.88,1,NA,0,22.25,1,88.39,1,NA,NA,0
2019,3,17,-3.56,1,940.84,1,NA,0,153.62,1,81.12,1,NA,NA,0
2019,3,18,-3.49,1,941.32,1,NA,0,57.75,1,89.19,0.875,NA,NA,0
2019,3,19,-4.06,1,934.18,1,NA,0,116.12,1,NA,0,NA,NA,0
2019,3,20,-4.21,1,944.4,1,NA,0,66.12,1,85.88,0.75,NA,NA,0
2019,3,21,-5.6,1,955.26,1,NA,0,65.38,1,89.28,1,NA,NA,0
2019,3,22,-7.46,0.875,948.64,1,NA,0,115,1,90.83,1,NA,NA,0
2019,3,23,-1.49,0.875,918.12,1,NA,0,121.2,0.625,98.45,0.25,NA,NA,0
2019,3,24,-2.67,1,947.85,1,NA,0,20,0.375,91.72,1,NA,NA,0
2019,3,25,-4.9,1,960.06,1,NA,0,0,0.25,73.19,1,NA,NA,0
2019,3,26,-11.26,1,949.1,1,NA,0,94.25,1,88.12,1,NA,NA,0
2019,3,27,-11.01,1,941.29,1,NA,0,149.86,0.875,91.06,1,NA,NA,0
2019,3,28,-14.94,1,941.82,1,NA,0,29.5,0.75,71.36,1,NA,NA,0
2019,3,29,-16.34,1,944.75,1,NA,0,36.88,1,76.33,1,NA,NA,0
2019,3,30,-17.74,1,947.48,1,NA,0,35.4,0.625,80.12,1,NA,NA,0
2019,3,31,-17.6,1,952.88,1,NA,0,19.67,0.375,70.28,1,NA,NA,0
2019,4,1,-17.51,0.875,954.22,1,NA,0,NA,0,81.15,1,NA,NA,0
2019,4,2,-12.87,0.375,953.72,1,NA,0,NA,0,87.62,1,NA,NA,0
2019,4,3,-8.31,0.875,937.08,1,NA,0.125,148.57,0.875,93.66,1,NA,NA,0.125
2019,4,4,-10.27,0.875,941.96,1,13.4,0.25,109.5,1,93.33,0.875,13.27,108.95,0.25
2019,4,5,-9.66,1,948.55,1,5.45,0.25,75.5,0.75,94.5,1,5.44,109.86,0.25
2019,4,6,-10.22,1,950.65,1,NA,0,NA,0,93.44,1,NA,NA,0
2019,4,7,-10,1,951.42,1,10.64,0.625,112.5,1,90.81,1,9.79,115.5,0.625
2019,4,8,-7.2,1,943.98,1,16.2,0.25,80,1,91.29,1,15.9,96,0.25
2019,4,9,-4.31,1,932.21,1,23.68,0.5,44.38,1,90.62,0.75,20.89,40.93,0.5
2019,4,10,-5.99,1,936.25,1,NA,0.125,131.75,1,92.92,1,NA,NA,0.125
2019,4,11,-11.2,0.875,926.06,1,12.15,0.25,255,1,90.3,1,11.7,279.53,0.25
2019,4,12,-17.42,1,944.14,1,NA,0.125,123.2,0.625,87.08,1,NA,NA,0.125
2019,4,13,-15.81,1,950.24,1,NA,0.125,52.5,0.5,86.42,1,NA,NA,0.125
2019,4,14,-13.69,1,935.91,1,NA,0,91.75,1,90.03,1,NA,NA,0
2019,4,15,-18.12,1,941.51,1,8.57,0.375,220.25,0.5,86.5,1,8.46,295.22,0.375
2019,4,16,-17.62,1,944.56,1,11.35,0.5,218.62,1,84.72,1,11.21,295.26,0.5
2019,4,17,-14.61,1,960.29,1,NA,0,NA,0.125,86.12,1,NA,NA,0
2019,4,18,-11.45,1,954.08,1,11.13,0.375,73.25,1,87.7,1,7.85,89.52,0.375
2019,4,19,-10.92,0.75,957.81,1,3.55,0.25,186.57,0.875,87.56,1,3.26,286.32,0.25
2019,4,20,-7.55,1,963.88,1,NA,0.125,129.12,1,87.84,1,NA,NA,0.125
2019,4,21,-10.64,1,952.9,1,10.6,0.25,94.25,1,90.26,1,8.9,87.89,0.25
2019,4,22,-7.35,1,934.66,1,15.32,0.625,180,1,87.19,1,8.6,52.09,0.625
2019,4,23,-4.7,1,931.84,1,NA,0.125,59.62,1,93.9,1,NA,NA,0.125
2019,4,24,-5.97,1,933.56,1,14.6,0.25,75.5,1,96.2,1,14.36,110.65,0.25
2019,4,25,-11.32,1,945.11,1,NA,0.125,91,0.25,93.05,1,NA,NA,0.125
2019,4,26,-12.88,1,950.61,1,NA,0,NA,0,91.53,1,NA,NA,0
2019,4,27,-12.78,1,946.65,1,NA,0,NA,0,90.5,1,NA,NA,0
2019,4,28,-16.49,1,950.8,1,NA,0,NA,0,88.62,1,NA,NA,0
2019,4,29,-18.48,1,950.78,1,NA,0,NA,0,86.46,1,NA,NA,0
2019,4,30,-17.9,1,948.84,1,NA,0,NA,0,86.6,1,NA,NA,0
2019,5,1,-20.25,0.5,939.57,0.875,NA,0.125,75.67,0.375,88.01,1,NA,NA,0.125
2019,5,2,-3.41,0.875,920.15,1,22.23,0.5,21.62,1,92.38,1,21.85,22.47,0.5
2019,5,3,-7.61,1,932.21,1,NA,0,47.71,0.875,85.9,1,NA,NA,0
2019,5,4,-10.96,1,947.51,1,1.1,0.25,260,0.25,93.59,1,1.09,273.69,0.25
2019,5,5,-12.43,1,952.11,1,NA,0,NA,0,91.76,1,NA,NA,0
2019,5,6,-13.95,1,943.06,1,NA,0,NA,0,90.69,1,NA,NA,0
2019,5,7,-15.24,1,933.94,1,NA,0,NA,0,89.1,1,NA,NA,0
2019,5,8,-19.25,1,932.74,1,NA,0,NA,0,85.88,1,NA,NA,0
2019,5,9,-16.04,1,935.96,1,NA,0,NA,0,88.05,1,NA,NA,0
2019,5,10,-15.46,1,930.11,1,NA,0,NA,0,88.7,1,NA,NA,0
2019,5,11,-15.95,1,928.66,1,NA,0,NA,0,88.5,1,NA,NA,0
2019,5,12,-17.71,1,937.36,1,NA,0,NA,0,86.95,1,NA,NA,0
2019,5,13,-18.54,1,943.46,1,NA,0,NA,0,86.17,1,NA,NA,0
2019,5,14,-20.11,1,947.85,1,NA,0,NA,0,83.46,1,NA,NA,0
2019,5,15,-24.52,0.75,953.69,1,NA,0.125,51.5,0.25,78.78,1,NA,NA,0.125
2019,5,16,-15.41,1,950.04,1,NA,0.125,97.38,1,87.89,1,NA,NA,0.125
2019,5,17,-16.96,1,958.26,1,5.05,0.5,145.57,0.875,81.75,1,1.82,265.62,0.5
2019,5,18,-18.73,1,956.66,1,2,0.375,207.2,0.625,85.67,1,1.8,257.03,0.375
2019,5,19,-20.41,1,955.11,1,NA,0,NA,0,83.03,1,NA,NA,0
2019,5,20,-18.27,0.875,968.66,1,4.45,0.25,243,0.375,83.79,1,4.44,269.11,0.25
2019,5,21,-17.03,0.75,982.5,1,7.13,0.375,281.2,0.625,55.17,1,7.04,283.93,0.375
2019,5,22,-7.8,1,987.38,1,13.83,0.375,246.12,1,49.15,1,13.65,282.29,0.375
2019,5,23,-6.94,1,984.5,1,5.5,0.75,280.38,1,75.7,1,5.01,270.17,0.75
2019,5,24,-8.22,1,975.5,1,10.25,0.25,281.88,1,63.21,1,10.24,277.78,0.25
2019,5,25,-14.76,0.875,972.79,1,NA,0.125,221.5,0.5,58.85,1,NA,NA,0.125
2019,5,26,-21.49,1,979.4,1,1.9,0.375,312,0.375,60.79,1,1.7,295.89,0.375
2019,5,27,-20.91,1,976.2,1,1.48,0.5,91.5,0.5,46.44,1,1.43,102.53,0.5
2019,5,28,-18.95,0.5,970.18,1,2.96,0.625,133,0.875,46.5,1,2.05,291.97,0.625
2019,5,29,-23.88,0.5,970.62,1,3.88,0.75,180.25,1,80.14,1,1.59,79.48,0.75
2019,5,30,-14.8,1,972.12,1,10.15,0.25,80.38,1,86.3,1,9.88,86.15,0.25
2019,5,31,-10,1,974.28,1,NA,0,109.29,0.875,88.96,1,NA,NA,0
2019,6,1,-8.47,1,975.05,1,6.16,0.625,71.88,1,88.56,1,5.54,46.95,0.625
2019,6,2,-7.16,1,964.09,1,0.93,0.75,227.62,1,90.4,1,0.81,259.63,0.75
2019,6,3,-12.79,1,957.2,1,2.54,1,262.62,1,91.28,1,2.5,260.92,1
2019,6,4,-19.26,1,957.89,1,0.6,0.5,124.5,0.5,51.69,1,0.13,258.35,0.5
2019,6,5,-17.1,0.625,950.75,1,4.25,0.5,99.38,1,68.69,1,3.95,82.91,0.5
2019,6,6,-7.27,0.875,942.06,1,14.2,0.25,76.12,1,89.26,1,9.33,55.75,0.25
2019,6,7,-9.32,1,948.65,1,2,0.375,163.5,1,85.38,1,0.48,204.74,0.375
2019,6,8,-13.76,1,954.62,1,12.97,0.5,281.75,1,89,1,12.54,279.1,0.5
2019,6,9,-14.11,1,958.65,1,13.02,0.625,260.88,1,73.21,1,12.98,286.02,0.625
2019,6,10,-12.79,1,968.99,1,0.65,0.5,102.57,0.875,58.24,1,0.45,304.4,0.5
2019,6,11,-5.3,0.875,958.78,1,2.52,0.625,88.57,0.875,86.78,1,1.25,20.21,0.625
2019,6,12,-10.2,0.625,951.91,0.875,14.22,0.5,281.43,0.875,81.57,0.875,12.04,279.05,0.5
2019,6,13,-11.47,1,966.95,1,4.43,0.375,78.38,1,46.23,1,3.09,53.07,0.375
2019,6,14,-14.4,1,952.4,1,14.92,0.625,101.5,1,84.88,1,14.7,91.59,0.625
2019,6,15,-15.9,1,948.36,1,1.67,0.375,119.88,1,90.39,1,0.97,60.29,0.375
2019,6,16,-13.9,1,948.88,1,2.38,0.625,203.43,0.875,94.86,1,1.57,116.86,0.625
2019,6,17,-15.75,0.75,948.76,1,2.3,0.625,81.25,1,90.75,1,1.28,49.81,0.625
2019,6,18,-13.85,0.75,938.81,1,NA,0,117,1,95.03,1,NA,NA,0
2019,6,19,-19.68,1,952.89,1,1.35,0.25,143.75,1,89.78,1,1.35,253.15,0.25
2019,6,20,-14.85,0.75,957.89,1,8.8,0.5,43.12,1,89.38,1,6.5,59.87,0.5
2019,6,21,-12.38,0.625,946.28,1,NA,0,99.75,1,87.67,0.875,NA,NA,0
2019,6,22,-7.67,0.75,930.9,1,29,0.25,133.29,0.875,94.7,0.25,29,38.1,0.25
2019,6,23,-18.74,1,939.39,1,10.56,0.625,260.5,1,87.2,1,10.08,294.42,0.625
2019,6,24,-19.19,1,957.14,1,7.14,0.625,155,0.875,89.31,1,6.82,271.95,0.625
2019,6,25,-18.76,1,968.46,1,NA,0,94,0.375,78.75,1,NA,NA,0
2019,6,26,-10.76,0.625,958.24,1,1.8,0.375,149.88,1,84.25,0.75,1.25,47.63,0.375
2019,6,27,-6.83,0.75,942.51,1,NA,0.125,144.38,1,93,0.875,NA,NA,0.125
2019,6,28,-9.54,0.625,959.78,1,NA,0.125,300.62,1,87.51,1,NA,NA,0.125
2019,6,29,-4.92,1,958.69,1,NA,0.125,133.71,0.875,92.5,1,NA,NA,0.125
2019,6,30,-13.12,0.75,963.26,1,NA,0.125,164,0.875,70.79,0.875,NA,NA,0.125
2019,7,1,-8.5,0.375,963.15,1,6.6,0.25,267.5,1,82,1,6.58,107.16,0.25
2019,7,2,-11.42,0.75,962.65,1,NA,0.125,263,1,96.2,0.625,NA,NA,0.125
2019,7,3,-17.83,0.875,951.19,1,NA,0.125,261,1,74.5,1,NA,NA,0.125
2019,7,4,-11.62,0.75,941.38,1,8.35,0.25,198.88,1,93.89,1,8.26,15.31,0.25
2019,7,5,-7.6,1,943.84,1,NA,0.125,205,1,89.41,0.875,NA,NA,0.125
2019,7,6,-3.75,1,952.18,1,17.8,0.375,59.5,0.75,97.8,0.625,12.58,49.26,0.375
2019,7,7,-5.82,1,960.51,1,18.05,0.25,56.14,0.875,NA,0.125,17.68,45.27,0.25
2019,7,8,-5.55,1,964.79,1,NA,0.125,162.75,1,90.2,0.625,NA,NA,0.125
2019,7,9,-3.54,1,978.02,1,NA,0.125,92.75,1,87.12,1,NA,NA,0.125
2019,7,10,-6.86,1,979.81,1,NA,0.125,77.62,1,93.89,0.875,NA,NA,0.125
2019,7,11,-6.18,0.75,971.42,1,NA,0.125,90.75,1,87.62,1,NA,NA,0.125
2019,7,12,-6.66,1,968.15,1,NA,0,110.12,1,89.03,1,NA,NA,0
2019,7,13,-3.55,1,959.74,1,NA,0,36.5,1,94.75,0.5,NA,NA,0
2019,7,14,-5.96,1,963.52,1,25.37,0.375,82.38,1,97.8,0.625,20.5,58.88,0.375
2019,7,15,-6.38,1,962.96,1,12.07,0.375,101.25,1,93.4,0.625,11.97,117.69,0.375
2019,7,16,-8.18,1,962.2,1,5.07,0.75,190.38,1,93.87,0.375,2.48,287.72,0.75
2019,7,17,-10.66,0.875,956.11,1,3.57,0.5,218.43,0.875,89.65,1,2.11,291.94,0.5
2019,7,18,-14.91,1,960.84,1,0.55,0.25,173.62,1,87.26,1,0.55,124,0.25
2019,7,19,-14.55,0.75,957.65,1,1.85,0.5,252.75,1,75.96,1,1.15,339.26,0.5
2019,7,20,-17.2,0.875,942.16,1,7.8,0.375,289,1,85.17,1,7.46,305.97,0.375
2019,7,21,-25.99,0.875,944.84,1,21.65,0.5,287,1,69.85,1,21.59,287.58,0.5
2019,7,22,-30.65,1,954.38,1,10.4,0.375,218.62,1,72.88,1,10.27,276.81,0.375
2019,7,23,-28.38,0.625,956.21,1,2.54,0.625,106.12,1,77.62,1,0.65,346.9,0.625
2019,7,24,-16.23,0.875,935.16,1,NA,0.125,75,0.625,90.31,1,NA,NA,0.125
2019,7,25,-12.05,1,934.7,1,NA,0,74.25,1,94.14,0.875,NA,NA,0
2019,7,26,-9.96,1,932.75,1,NA,0,93.75,1,94.26,0.625,NA,NA,0
2019,7,27,-18.85,1,945.85,1,NA,0,133.5,0.25,86.9,1,NA,NA,0
2019,7,28,-24.9,1,950.26,1,0.22,0.5,200.5,0.75,73.76,1,0.18,92.17,0.5
2019,7,29,-25.02,1,959.01,1,2.27,0.375,206.43,0.875,76.62,1,2.25,270.97,0.375
2019,7,30,-22.16,1,967.59,1,0.7,0.375,127.71,0.875,72.89,1,0.69,108.04,0.375
2019,7,31,-18.82,0.625,956.66,1,NA,0.125,104.62,1,88.72,1,NA,NA,0.125
2019,8,1,-8.77,0.875,943.05,1,7.05,0.25,103.25,1,99.2,0.375,7.05,97.6,0.25
2019,8,2,-7.66,1,943.06,1,4.1,0.375,124.38,1,93.3,0.75,0.82,287.4,0.375
2019,8,3,-11.78,1,952.35,1,1.31,0.875,195.62,1,93.3,0.75,1,269.44,0.875
2019,8,4,-15.57,1,945.02,1,2.3,0.375,88.12,1,80.83,1,1.63,85.97,0.375
2019,8,5,-21.6,1,951.58,1,12.23,0.5,266,1,82.92,1,11.59,270.83,0.5
2019,8,6,-27.51,0.875,952.91,1,20.73,0.375,276.88,1,76.04,1,20.68,276.82,0.375
2019,8,7,-23.7,0.875,960.19,1,9,0.625,235.43,0.875,58.44,1,8.82,276.79,0.625
2019,8,8,-25.48,1,965.79,1,7.4,0.625,278.62,1,75.17,1,7.32,269.35,0.625
2019,8,9,-20.67,0.75,977.82,1,6.13,0.75,242.5,1,61.59,1,5.77,275.6,0.75
2019,8,10,-8.75,0.5,976.95,1,2.97,0.875,244.5,1,87.42,1,2.48,286.52,0.875
2019,8,11,-12.46,0.875,976.44,1,0.18,0.625,110.5,0.75,93.81,0.875,0.16,84.25,0.625
2019,8,12,-8.68,0.625,970.12,1,7.4,0.375,167.88,1,90.84,1,7.15,280.84,0.375
2019,8,13,-15.91,1,970.44,1,4.03,0.375,210.71,0.875,81.66,1,1.13,341.01,0.375
2019,8,14,-15.16,1,965.92,1,2.44,0.875,98.5,1,59.84,1,1.57,87.38,0.875
2019,8,15,-13.35,1,971.28,1,1.06,0.625,250.4,0.625,55.21,1,0.21,75.81,0.625
2019,8,16,-11.55,1,978.18,1,1.48,0.625,174.71,0.875,86.21,1,0.8,359.27,0.625
2019,8,17,-3.18,0.625,970.21,1,1.93,0.375,272.5,1,90.34,0.875,1.17,207.18,0.375
2019,8,18,-5.97,0.75,974.11,1,1.03,0.375,239.57,0.875,91,0.25,0.98,299.61,0.375
2019,8,19,-1.64,0.875,967.95,1,4.1,0.5,160.38,1,89.46,1,0.79,343.63,0.5
2019,8,20,-2.27,0.875,962.56,1,NA,0.125,95.88,1,91.43,0.875,NA,NA,0.125
2019,8,21,-1.69,0.875,965.4,1,NA,0,99.5,1,88.57,0.875,NA,NA,0
2019,8,22,-1.93,1,965.96,1,NA,0.125,65,0.875,90.64,0.625,NA,NA,0.125
2019,8,23,-7.39,0.875,955.61,1,NA,0.125,85.43,0.875,NA,0.125,NA,NA,0.125
2019,8,24,-4.05,1,952.96,1,8.48,0.625,110.25,1,95.97,0.375,6.75,43.89,0.625
2019,8,25,-6.05,1,959.34,1,2.63,0.375,282.8,0.625,NA,0.125,2.6,270.17,0.375
2019,8,26,-5.03,1,958.96,1,0.6,0.375,93.5,0.5,99.85,0.25,0.59,120,0.375
2019,8,27,-5.62,1,956.15,1,2.39,0.875,173.57,0.875,NA,0.125,1.53,116.73,0.875
2019,8,28,-9.16,1,956.9,1,0.52,0.75,261,0.75,93.93,0.375,0.45,310.79,0.75
2019,8,29,-8.12,1,946,1,NA,0.125,101,1,85.17,0.75,NA,NA,0.125
2019,8,30,-11.83,0.75,947.69,1,NA,0,277.62,1,94.98,0.75,NA,NA,0
2019,8,31,-10.43,0.875,969.8,1,8.03,0.5,280.38,1,92.63,0.875,7.27,279.12,0.5
2019,9,1,-3.67,0.875,975.9,1,15.55,0.25,275.25,1,87.25,0.5,14.89,303.46,0.25
2019,9,2,-1.26,1,980.7,1,20.17,0.375,261.75,1,88.56,0.875,20.1,358.93,0.375
2019,9,3,-1.1,1,975.15,1,NA,0.125,149.38,1,84.41,1,NA,NA,0.125
2019,9,4,-1.88,1,954.48,1,NA,0.125,165.12,1,87.16,1,NA,NA,0.125
2019,9,5,-8.56,0.625,957.56,1,1.45,0.25,244.62,1,77.3,1,1.37,306.37,0.25
2019,9,6,-16.45,1,956.81,1,0.98,0.5,194.5,1,56.83,1,0.28,301.94,0.5
2019,9,7,-20.07,0.75,949.96,1,4.2,0.625,231.25,1,74.3,1,3.76,273.76,0.625
2019,9,8,-16.88,0.75,941.21,1,2.57,0.375,179.88,1,83.06,1,0.57,256.97,0.375
2019,9,9,-16.4,0.625,927.61,0.875,NA,0,254.88,1,87.29,1,NA,NA,0
2019,9,10,-24.14,1,944.41,1,NA,0.125,279.25,1,77.66,1,NA,NA,0.125
2019,9,11,-27.68,0.625,955.66,1,8.7,0.5,197.88,1,70.88,1,7.58,294.37,0.5
2019,9,12,-22.9,1,960.26,1,4.1,0.5,236.5,1,65,1,3.37,279.56,0.5
2019,9,13,-25.27,0.875,960.62,1,1.71,0.875,174.14,0.875,63.71,1,0.58,292,0.875
2019,9,14,-24.92,0.75,964.79,1,2.18,0.75,244.83,0.75,75.12,1,1.62,279.41,0.75
2019,9,15,-22.82,0.625,956.92,1,0.5,0.375,117.12,1,80.99,1,0.47,195.02,0.375
2019,9,16,-13.12,0.75,939.83,0.875,4.45,0.25,100.75,1,86.4,1,3.94,348.35,0.25
2019,9,17,-9.43,1,943.59,1,7.9,0.5,197.75,1,87.21,1,6.67,20.66,0.5
2019,9,18,-13.97,1,941.66,1,12.7,0.5,259.25,1,84.66,1,12.38,293.91,0.5
2019,9,19,-20.21,1,943.78,1,0.92,0.625,116.88,1,82.75,1,0.33,14.86,0.625
2019,9,20,-20.04,1,948.38,1,4.44,0.625,276.29,0.875,82.75,1,4.39,280.7,0.625
2019,9,21,-22,1,942.61,1,5.94,0.625,111.62,1,81,1,5.21,102.16,0.625
2019,9,22,-20.08,1,946.79,1,NA,0.125,145.71,0.875,82.29,1,NA,NA,0.125
2019,9,23,-17.75,1,951.21,1,3.82,0.5,88.12,1,82.51,1,2.63,70.3,0.5
2019,9,24,-15.5,1,936.16,1,15.1,0.25,99.12,1,85.99,1,15.09,100.81,0.25
2019,9,25,-11.35,1,936.55,1,15.18,0.625,101.75,1,90.45,1,15.12,108.94,0.625
2019,9,26,-12.32,1,939,1,4.32,0.625,126,0.875,84.12,1,4.24,106.33,0.625
2019,9,27,-15.48,0.75,951.57,1,5.05,0.75,248.62,1,84.75,1,4.71,252.71,0.75
2019,9,28,-16.6,1,967.86,1,11.42,0.75,267.38,1,57.3,1,11.26,280.46,0.75
2019,9,29,-7.07,0.875,967.85,1,2.83,0.75,225.38,1,58.16,1,2.58,279.76,0.75
2019,9,30,-6.32,1,961.06,1,1.3,0.25,169.88,1,92.88,1,1.28,5.18,0.25
2019,10,1,-7.87,0.875,946.69,1,NA,0.125,266.88,1,89.4,0.625,NA,NA,0.125
2019,10,2,-15.95,1,949.65,1,13.44,0.875,280.75,1,83.64,1,13.1,282.46,0.875
2019,10,3,-21.44,1,949.9,1,16.11,0.875,265.12,1,79.62,1,16.05,265.99,0.875
2019,10,4,-16.93,0.875,958.56,1,7.53,0.375,259.12,1,61.88,1,6.81,282.79,0.375
2019,10,5,-9.63,0.75,936.61,1,10.8,0.375,82.5,1,92.07,0.875,10.66,96.16,0.375
2019,10,6,-12.48,0.75,942.15,1,6.33,0.375,140.12,1,90.25,1,3.86,113.46,0.375
2019,10,7,-9.38,1,946.49,1,0,0.25,163.38,1,85.81,1,0,113.46,0.25
2019,10,8,-12.5,1,937.89,1,NA,0,250.5,1,89.88,1,NA,NA,0
2019,10,9,-17.39,1,943.25,1,15.14,0.625,282.75,1,82.01,1,14.77,282.17,0.625
2019,10,10,-21.08,1,949.26,1,12.45,0.25,188.38,1,75.14,1,12.45,304.51,0.25
2019,10,11,-18.36,1,960.94,1,1.66,0.625,188.5,0.75,76.1,1,1.6,291.9,0.625
2019,10,12,-14.86,1,959.91,1,NA,0,62,0.75,76.5,1,NA,NA,0
2019,10,13,-10.37,0.75,951,1,NA,0.125,197.62,1,88.91,1,NA,NA,0.125
2019,10,14,-9.88,0.75,950.7,0.875,8.6,0.25,214.4,0.625,85.35,1,8.36,51.02,0.25
2019,10,15,-3.94,1,950.72,1,NA,0,160.62,1,80.92,1,NA,NA,0
2019,10,16,-4.8,0.75,927.05,1,21.62,0.5,78.57,0.875,90.39,0.875,14.46,51.21,0.5
2019,10,17,-8.94,1,924.46,1,22.3,0.25,163.5,0.75,84.31,1,16.96,12.13,0.25
2019,10,18,-12.99,1,944.71,1,4.63,0.75,229.5,1,77.65,1,2.24,333.23,0.75
2019,10,19,-14.14,1,950.2,1,6.5,0.25,85.33,0.75,83.49,1,6.01,100.95,0.25
2019,10,20,-16.01,1,940.74,1,NA,0.125,111.5,0.25,78.1,1,NA,NA,0.125
2019,10,21,-16.78,0.75,940.61,1,NA,0,138,0.25,81.96,1,NA,NA,0
2019,10,22,-15.1,1,942.09,1,2,0.875,260.57,0.875,80.62,1,1.96,292.35,0.875
2019,10,23,-12.9,1,957.39,1,1.98,0.75,110.5,1,75.42,1,1.92,94.61,0.75
2019,10,24,-14.45,1,971.5,1,2.36,0.875,197.43,0.875,86.54,1,0.36,302.28,0.875
2019,10,25,-11.6,1,970.59,1,1.41,0.875,287.43,0.875,88.96,1,1.24,297.14,0.875
2019,10,26,-11.95,1,967.94,1,NA,0,NA,0,76.12,1,NA,NA,0
2019,10,27,-15.93,1,962.95,1,NA,0,NA,0,79.76,1,NA,NA,0
2019,10,28,-17.19,1,955.51,1,NA,0,NA,0,81.5,1,NA,NA,0
2019,10,29,-15.71,1,953.45,1,NA,0.125,NA,0.125,73.46,1,NA,NA,0.125
2019,10,30,-13.2,1,953.72,1,NA,0.125,85.25,0.5,81.24,1,NA,NA,0.125
2019,10,31,-11.89,1,951.5,1,NA,0,NA,0,88.62,1,NA,NA,0
2019,11,1,-11.35,1,950.96,1,NA,0.125,180.25,1,67.55,1,NA,NA,0.125
2019,11,2,-10.22,1,953.6,1,NA,0,83.12,1,78.45,1,NA,NA,0
2019,11,3,-11.14,1,953.91,1,0.88,0.5,133.86,0.875,87.22,1,0.57,62.18,0.5
2019,11,4,-9.5,1,944.41,1,1.51,1,128.62,1,90.44,1,1.45,90,1
2019,11,5,-5.75,1,951.38,1,2.4,0.75,141.43,0.875,93.8,1,2.2,113.56,0.75
2019,11,6,-8.43,0.75,957.58,1,0.12,0.625,122.43,0.875,84.01,1,0.11,336.09,0.625
2019,11,7,-7.66,1,965.64,1,0.75,0.75,112.86,0.875,79.89,1,0.35,285.22,0.75
2019,11,8,-4.74,1,960.96,1,0.3,0.25,270.25,1,88.38,1,0.3,87,0.25
2019,11,9,-7.5,0.75,958.62,1,10.88,0.625,286.75,1,83.53,1,10.55,283.66,0.625
2019,11,10,-11.55,1,964.88,1,2.93,0.375,119.25,1,58.73,1,2.9,284.66,0.375
2019,11,11,-12.51,1,958.28,1,0.76,1,102.88,1,65.08,1,0.74,115.46,1
2019,11,12,-12.52,0.75,952.18,1,2.14,0.625,144.38,1,71.7,1,0.67,48.3,0.625
2019,11,13,-13.82,1,949.81,1,6.54,0.625,274.12,1,78.46,1,6.13,278.6,0.625
2019,11,14,-15.07,0.875,951.31,1,12.56,0.625,273.75,1,78.61,1,12.23,279.74,0.625
2019,11,15,-13.74,1,952.05,1,3.62,1,274.88,1,67.04,1,3.48,268.26,1
2019,11,16,-11.91,1,952.25,1,5.65,0.75,267.25,1,63.36,1,5.39,274.2,0.75
2019,11,17,-13.22,1,953.18,1,1.95,0.75,222.62,1,65.88,1,1.85,282.28,0.75
2019,11,18,-12.64,1,954.99,1,4.26,1,273.88,1,69.71,1,4.06,275.76,1
2019,11,19,-12.3,0.875,955.85,1,1.84,0.875,221.5,1,59.04,1,1.79,268.94,0.875
2019,11,20,-12.66,0.875,952.4,1,0.7,0.625,134.5,1,70.61,1,0.57,8.27,0.625
2019,11,21,-8.89,1,953.64,1,0.12,0.5,200,1,60.01,1,0.03,52.79,0.5
2019,11,22,-8.86,1,957.46,1,4.98,0.625,111.25,1,90.75,1,4.94,111.3,0.625
2019,11,23,-8.31,1,956.51,1,1.13,0.75,145,0.75,91.7,1,0.89,118.52,0.75
2019,11,24,-6.42,1,961.18,1,1.05,0.5,146.75,0.5,92.54,1,0.57,347.33,0.5
2019,11,25,-5.24,1,969.35,1,6.78,0.625,249,1,88.79,1,6.42,289.88,0.625
2019,11,26,-4.19,1,975.92,1,7.9,0.625,223,0.875,56.65,1,7.86,283.19,0.625
2019,11,27,-0.49,1,978.85,1,1.15,1,262.75,1,77.5,1,0.96,324.54,1
2019,11,28,0.79,1,979.96,1,0.88,0.625,209.33,0.75,88.86,0.875,0.8,259.76,0.625
2019,11,29,0.14,1,978.82,1,1.04,0.625,152.29,0.875,91.05,0.5,0.77,295.71,0.625
2019,11,30,-0.09,1,974.59,1,4.53,0.875,267.12,1,90.5,0.75,4.25,285.31,0.875
2019,12,1,-2.33,1,972.11,1,5.63,0.875,276.38,1,86.92,1,5.27,284.23,0.875
2019,12,2,-2.2,0.875,969.08,1,8.47,0.5,93.57,0.875,86.04,1,8.44,108.02,0.5
2019,12,3,-3.28,1,961.69,1,9.79,1,112.5,1,89.75,1,9.65,113.06,1
2019,12,4,-4.16,1,959.8,1,9.74,0.875,107.12,1,94.28,1,9.66,108.31,0.875
2019,12,5,-3.14,1,966.94,1,11.67,0.875,95,1,86.66,1,11.5,97.12,0.875
2019,12,6,-3.14,1,968.48,1,13.53,0.875,102.62,1,86.91,1,13.52,105.08,0.875
2019,12,7,-2.14,1,969.92,1,10.16,0.875,100.38,1,86.84,1,9.8,99.05,0.875
2019,12,8,-1.84,0.625,970.49,1,4.65,0.5,120.88,1,80.83,1,4.63,127.34,0.5
2019,12,9,-2.04,0.875,970.85,1,4.02,0.75,109.38,1,84.71,1,4.01,105.49,0.75
2019,12,10,-1.6,0.25,972.66,1,2.35,0.25,241,0.875,78.84,1,1.78,68.45,0.25
2019,12,11,-1.32,0.75,973.84,1,2.61,0.875,88,1,87.96,0.875,1.98,92.3,0.875
2019,12,12,-1.63,0.375,974.39,1,1.2,0.75,239.17,0.75,83.38,1,0.42,49.29,0.75
2019,12,13,-3.12,0.5,972.42,1,1.5,0.5,119.14,0.875,85.85,1,1.23,64.15,0.5
2019,12,14,-3.38,1,967.32,1,11.2,0.5,105.62,1,97.1,1,11.2,104.94,0.5
2019,12,15,-0.52,1,962.25,1,18.18,0.5,51.88,1,93.26,1,15.11,58.55,0.5
2019,12,16,0.14,0.875,964.75,1,NA,0.125,61.12,1,85.56,1,NA,NA,0.125
2019,12,17,1.1,1,963.49,1,10.6,0.25,48,1,85.41,1,7.96,37.87,0.25
2019,12,18,1.73,0.375,968.36,1,1.16,0.625,247.12,1,86.26,1,1.14,265.5,0.625
2019,12,19,0.64,0.875,972.74,1,5.48,0.625,283.5,1,87.1,0.875,5.46,282.07,0.625
2019,12,20,-1.23,0.375,971.12,1,0.76,0.625,208.25,1,94.67,0.375,0.74,271.2,0.625
2019,12,21,-3.02,0.75,967.9,1,3.6,0.875,116.88,1,89.34,1,2.25,62.58,0.875
2019,12,22,-3.42,0.5,961.61,1,1.94,0.875,250,0.875,90.41,1,1.91,270.78,0.875
2019,12,23,-3.9,0.75,958.16,1,2.62,0.5,177.5,1,75.71,1,0.78,225.51,0.5
2019,12,24,-3.55,0.5,956.69,1,2.47,0.875,175.5,1,79.21,1,2.12,142.63,0.875
2019,12,25,-3.2,0.5,954.66,1,1.38,0.75,145.38,1,86.38,1,0.71,81.25,0.75
2019,12,26,-2.24,0.625,955.66,1,2.27,0.75,187.38,1,74.85,1,1.4,299.64,0.75
2019,12,27,-2.1,0.5,956.78,1,2.97,0.75,189.88,1,70.62,1,1.25,283.81,0.75
2019,12,28,NA,0.125,960.28,1,0.25,0.5,143.62,1,78.6,1,0.24,115.56,0.5
2019,12,29,-2.95,0.5,959.15,1,1.55,0.75,147.25,1,86.53,1,1.2,98.92,0.75
2019,12,30,-2.62,0.5,964.39,1,NA,0.125,156.75,1,88.96,0.875,NA,NA,0.125
2019,12,31,NA,0.125,968.82,1,0.6,0.875,160,1,79.38,1,0.55,266.03,0.875
2020,1,1,NA,0,964.54,1,0.71,1,169.88,1,88.16,0.875,0.11,110.17,1
2020,1,2,-2.12,1,950.86,1,NA,0.125,68.25,1,84.35,1,NA,NA,0.125
2020,1,3,-2.57,0.875,941,1,12.27,0.375,144.86,0.875,88.72,1,12.08,110.97,0.375
2020,1,4,-2.6,0.5,946.94,1,2.23,0.75,127.75,1,84.45,0.75,0.57,294.15,0.75
2020,1,5,-3.15,0.5,950.98,1,2.06,0.875,256.71,0.875,84.8,1,1.91,250.81,0.875
2020,1,6,-2.72,0.625,953.54,1,2.3,1,242.88,1,82.97,1,2.06,289.92,1
2020,1,7,-4.42,1,964.65,1,7.44,0.875,263.5,1,79.04,1,7.21,268.91,0.875
2020,1,8,-4.74,1,956.9,1,8.32,1,275.62,1,72.29,1,7.75,278.83,1
2020,1,9,-2.88,0.625,951.35,1,4.15,0.75,205.62,1,76.31,1,2.97,299.97,0.75
2020,1,10,-4.06,0.625,958.9,1,2.57,0.875,103,1,87.12,1,1.42,69.9,0.875
2020,1,11,-3.39,0.875,960.3,1,5.64,0.875,279.38,1,79.53,1,5.46,293.61,0.875
2020,1,12,-3.29,1,959.62,1,6.11,1,286.38,1,82.47,1,5.77,289.35,1
2020,1,13,-3.22,0.625,959.62,1,2.54,1,244.25,1,82.05,1,2.47,270.9,1
2020,1,14,-2.65,0.5,962.04,1,0.54,0.625,138.5,1,82.91,1,0.53,262.06,0.625
2020,1,15,-3.21,1,964.26,1,4.43,0.375,280.12,1,89.85,1,4.35,279.97,0.375
2020,1,16,-1.2,0.75,956.8,1,7.37,0.375,137.5,1,80.88,1,7.36,357.13,0.375
2020,1,17,-1.29,1,949.4,1,NA,0.125,135.75,1,83.08,1,NA,NA,0.125
2020,1,18,-4.45,1,948.25,1,9.6,0.625,280,1,85.83,1,9.5,289.57,0.625
2020,1,19,-3.39,1,958.71,1,6.86,1,271.75,1,85.71,1,6.51,273.92,1
2020,1,20,-3.69,1,965.85,1,6.79,1,273.75,1,85.01,1,6.73,273.49,1
2020,1,21,-5.33,0.75,967.82,1,3.44,1,160.12,1,69.05,1,0.97,327.08,1
2020,1,22,-5.38,1,966.12,1,3.83,1,266,1,71.17,1,3.76,266.15,1
2020,1,23,NA,0.125,967.01,1,0.78,1,201.5,1,69.08,1,0.25,254.69,1
2020,1,24,-4.9,0.5,965.68,1,1.32,0.5,161.25,1,71.88,1,1.05,47.93,0.5
2020,1,25,-4,0.375,963.52,1,2.08,0.625,157.12,1,86.8,1,1.93,135.11,0.625
2020,1,26,-3.95,1,961.56,1,6.8,0.25,138.62,1,88.92,1,6.77,125.37,0.25
2020,1,27,-3.74,0.625,960.69,1,3.76,0.625,110.71,0.875,90.04,1,3.65,110.28,0.625
2020,1,28,-3.23,0.375,963.41,1,0.6,0.75,115.62,1,83.94,0.875,0.56,116.69,0.75
2020,1,29,-3.58,1,958.06,1,4.39,0.875,111.25,1,95.85,1,4.28,111.89,0.875
2020,1,30,-3.27,0.875,957.12,1,3.8,0.875,112,1,96.62,1,3.65,114.22,0.875
2020,1,31,-4.6,0.375,963.99,1,0.68,0.75,111,0.75,71.79,1,0.5,134.52,0.75
2020,2,1,-7.4,0.375,968.3,1,1.43,0.75,235.62,1,71.26,1,0.93,282.4,0.75
2020,2,2,-5.72,1,966.18,1,10.49,0.875,253.75,1,70.85,1,10.41,285.71,0.875
2020,2,3,-3.17,0.75,956.48,1,2.1,0.375,90.12,1,83.8,1,1.14,20.82,0.375
2020,2,4,0.6,0.875,961.99,1,NA,0,127.62,1,82.65,1,NA,NA,0
2020,2,5,-1,1,948.39,1,13.13,0.375,85.62,1,91.9,1,12.94,105.24,0.375
2020,2,6,0.04,1,957.29,1,15.43,0.375,181.25,1,81.17,1,15.25,346.26,0.375
2020,2,7,-0.26,1,964.4,1,NA,0.125,77.25,1,91.24,1,NA,NA,0.125
2020,2,8,0.3,1,952.75,1,NA,0.125,143,0.875,90.11,1,NA,NA,0.125
2020,2,9,-0.85,1,967.95,1,13.65,0.25,140.38,1,82.1,1,12.88,347.25,0.25
2020,2,10,-1.69,0.875,962.81,1,3.15,0.25,212,1,74.12,1,3.15,290.57,0.25
2020,2,11,-3.4,1,952.51,1,12.1,0.75,246.38,1,79.14,1,11.87,286.8,0.75
2020,2,12,-5.9,0.5,948.46,1,1.61,0.875,154,0.875,95.81,1,1.23,123.94,0.875
2020,2,13,-4.52,0.625,944.86,1,3.36,0.875,122.12,1,96.89,1,3.34,111.55,0.875
2020,2,14,-4.58,0.75,950.86,1,5.36,0.625,169.75,1,97.99,1,5.06,121.75,0.625
2020,2,15,-3.72,0.625,958.59,1,0.55,0.5,116.43,0.875,98.58,0.75,0.55,148,0.5
2020,2,16,-1.56,0.625,957.41,1,3.28,0.625,103.75,1,87.96,0.875,2.92,59.08,0.625
2020,2,17,-4,1,953.76,1,7.67,0.375,101.5,1,88.49,1,7.07,96.22,0.375
2020,2,18,-1.02,0.75,955.34,1,4.08,0.75,71.62,1,82.12,1,3.55,65.36,0.75
2020,2,19,-0.75,1,957.48,1,13.22,0.5,55.62,1,94.34,1,13.06,48.05,0.5
2020,2,20,0.11,1,942.72,1,NA,0,64.62,1,93.86,0.875,NA,NA,0
2020,2,21,-0.09,0.875,952.01,1,NA,0.125,144.38,1,86.31,1,NA,NA,0.125
2020,2,22,-2.12,1,954.12,1,8.97,0.375,103.12,1,89.38,1,8.41,60.31,0.375
2020,2,23,-1.39,1,951.69,1,10.83,0.375,77.75,1,87.84,1,10.07,66.58,0.375
2020,2,24,-2.99,1,955.18,1,9.35,0.25,45.5,1,90.4,1,9.35,72.48,0.25
2020,2,25,-2.88,0.625,954.25,1,0.37,0.375,87.5,1,86.56,1,0.35,142.39,0.375
2020,2,26,-2.55,0.5,956.46,1,0.86,0.625,157,1,92.79,1,0.84,105.49,0.625
2020,2,27,-4,0.625,957.15,1,0.9,0.375,138.14,0.875,93.04,1,0.78,61.27,0.375
2020,2,28,-8.69,0.875,956.32,1,4.33,0.375,110.12,1,86.8,1,4.31,129.09,0.375
2020,2,29,-10.31,0.875,950.39,1,9.55,0.5,280.43,0.875,82.44,1,9.4,284.97,0.5
2020,3,1,-12.18,1,944.16,1,17.04,0.625,299.5,1,80.54,1,16.99,297.03,0.625
2020,3,2,-11.21,1,946.32,1,4.18,0.625,163,1,87.79,1,4.03,111.66,0.625
2020,3,3,-4.26,1,944.69,1,14.53,0.75,101.88,1,96,1,14.31,101.82,0.75
2020,3,4,-0.48,1,947.89,1,7.17,0.375,66,1,88.04,1,6.88,81.42,0.375
2020,3,5,-2.49,1,941.22,1,4.05,0.25,88.38,1,85.94,1,3.92,113.78,0.25
2020,3,6,-3.11,1,938.85,1,10.35,0.5,84.38,1,91.44,1,9.92,82.78,0.5
2020,3,7,-4.05,1,936.6,1,NA,0.125,204.88,1,85.51,1,NA,NA,0.125
2020,3,8,-2.86,1,946.38,1,NA,0,219.5,1,84.83,1,NA,NA,0
2020,3,9,-2.51,1,946.76,1,NA,0,140.25,1,88.22,1,NA,NA,0
2020,3,10,-0.11,1,938.79,1,NA,0.125,32.17,0.75,93.8,1,NA,NA,0.125
2020,3,11,-2.12,1,950.34,1,5.83,0.375,160.88,1,82.75,1,4.36,28.59,0.375
2020,3,12,-3.26,1,943.09,1,7.67,0.375,88.75,1,90.25,1,6.36,87.89,0.375
2020,3,13,-4.03,1,943.1,1,8.25,0.5,84.88,1,89,1,5.83,87.39,0.5
2020,3,14,-2.16,1,936.19,1,11.27,0.75,112,1,NA,0.125,11.2,110.16,0.75
2020,3,15,-4.84,1,938.94,1,7.18,0.5,151.38,1,98.01,0.875,6.63,143.99,0.5
2020,3,16,-8.5,0.875,945.25,1,1.18,1,220.5,1,91.74,1,1.15,243.81,1
2020,3,17,-10.14,1,946.79,1,0.52,0.75,241.12,1,89.83,1,0.5,241.05,0.75
2020,3,18,-10.57,1,944.65,1,4.77,0.375,273.8,0.625,78.92,1,4.74,284.77,0.375
2020,3,19,-11.35,1,949.12,1,10.91,0.875,283.75,1,79.41,1,10.82,284.63,0.875
2020,3,20,-12.94,1,950.14,1,0.84,0.625,190.57,0.875,83.55,1,0.48,228.51,0.625
2020,3,21,-11.97,1,948.66,1,0.55,0.25,300,0.25,89.05,1,0.44,303.92,0.25
2020,3,22,-14.25,1,947.92,1,10.25,0.5,287.25,1,80.55,1,10.11,290.98,0.5
2020,3,23,-14.66,1,948.92,1,12,0.25,260.5,1,78.08,1,11.95,283.58,0.25
2020,3,24,-19.55,0.75,950.11,1,11,0.25,252.62,1,80.53,1,9.76,274.7,0.25
2020,3,25,-23.02,1,950.82,1,18.48,1,274.12,1,78.25,1,18.35,274.52,1
2020,3,26,-22.15,0.75,953.58,1,13.22,0.5,209.43,0.875,57.94,1,12.97,285.74,0.5
2020,3,27,-14.15,0.75,947.18,1,7.65,0.25,100.12,1,67.5,1,7.61,106.81,0.25
2020,3,28,-8.25,1,935.68,1,13.32,0.5,83.62,1,89.5,1,12.2,98.21,0.5
2020,3,29,-6.5,1,935.84,1,4.72,0.625,60.5,1,83.14,1,4.29,15.52,0.625
2020,3,30,-11.56,1,946.09,1,0.52,0.625,144.8,0.625,88.12,1,0.52,341,0.625
2020,3,31,-11.71,1,948.81,1,NA,0.125,107.8,0.625,88.29,1,NA,NA,0.125
2020,4,1,-6.28,1,931.86,1,17.2,0.5,95.88,1,92.83,1,17.15,101.59,0.5
2020,4,2,-3.12,1,936.05,1,13.32,0.5,72,1,90.71,1,11.73,62.76,0.5
2020,4,3,-9.04,0.875,950.71,1,9.18,0.625,128.12,1,90.38,1,9,108.95,0.625
2020,4,4,-18.49,1,953.91,1,1.95,0.75,154.5,1,73.12,1,1.89,269.25,0.75
2020,4,5,-15.7,1,949.04,1,3,0.25,87,0.875,80.42,1,2.96,90.86,0.25
2020,4,6,-16.86,1,936.9,1,2.2,0.25,145.38,1,85.1,1,1.92,125.03,0.25
2020,4,7,-14,1,932.31,1,3.6,0.625,206.57,0.875,87.29,1,2.59,200.76,0.625
2020,4,8,-16.3,1,943.64,1,0.65,0.75,148,0.875,85.64,1,0.65,266.59,0.75
2020,4,9,-14.25,1,947.42,1,NA,0.125,163,0.375,87.2,1,NA,NA,0.125
2020,4,10,-17.5,1,955.75,1,2.07,0.375,266.5,0.5,82.88,1,1.93,278.58,0.375
2020,4,11,-18.11,1,963.42,1,8.82,0.625,278.75,1,63.5,1,8.28,282.47,0.625
2020,4,12,-12.25,0.75,970.26,1,0.57,0.75,265.14,0.875,41.5,1,0.55,315.01,0.75
2020,4,13,-9.3,0.875,971.8,1,1.38,1,163.12,1,33.35,1,0.95,289.57,1
2020,4,14,-12.24,1,970.11,1,NA,0.125,105.43,0.875,46.02,1,NA,NA,0.125
2020,4,15,-15.26,1,958.62,1,3.1,0.75,248.12,1,76.64,1,2.94,269.32,0.75
2020,4,16,-16.71,1,967.55,1,4.08,0.625,281,1,54.25,1,3.9,294.31,0.625
2020,4,17,-11.44,1,971.01,1,1.12,1,246.75,1,68.26,1,1.1,286,1
2020,4,18,-7.04,0.875,959.62,1,0.82,0.625,207.38,1,88.84,1,0.79,281.93,0.625
2020,4,19,-10.29,1,955.06,1,3.78,0.5,206.38,1,80.89,1,3.3,290.26,0.5
2020,4,20,-7.7,0.5,950.16,1,20.1,0.375,313.38,1,87.44,1,19.86,327.13,0.375
2020,4,21,-9,1,955.24,1,NA,0.125,291.88,1,84.2,1,NA,NA,0.125
2020,4,22,-4.55,0.75,958.42,1,NA,0.125,265.25,1,81.58,1,NA,NA,0.125
2020,4,23,-13.18,0.625,965.04,1,NA,0.125,101.5,1,79.56,1,NA,NA,0.125
2020,4,24,-5.77,0.75,953.71,1,22.33,0.375,182.75,1,86.78,1,16.52,325.45,0.375
2020,4,25,-13.37,0.875,952.38,1,NA,0.125,232.12,1,66.12,1,NA,NA,0.125
2020,4,26,-16.47,0.875,951.11,1,6.17,0.375,272.5,1,67.88,1,5.84,291.51,0.375
2020,4,27,-21.11,1,949.34,1,15.82,0.625,309.38,1,77.29,1,15.78,304.11,0.625
2020,4,28,-22.8,1,956.7,1,10.91,0.875,288.5,1,76.5,1,10.19,295.24,0.875
2020,4,29,-21.82,1,951.08,1,11.47,0.5,283.88,1,67.3,1,11.4,279.43,0.5
2020,4,30,-20.49,1,951.68,1,11.91,0.875,241.75,1,65.99,1,11.79,277.04,0.875
2020,5,1,-19.9,1,954.11,1,6,0.625,91.5,1,71.59,1,5.56,99.44,0.625
2020,5,2,-12.71,1,960.69,1,2.1,0.25,94.88,1,82.85,1,2.06,220.12,0.25
2020,5,3,-12.07,0.75,968.81,1,3.26,0.625,240.71,0.875,88.58,1,0.66,211.23,0.625
2020,5,4,-13.32,1,969.68,1,3,0.625,223.8,0.625,88.03,1,2.83,270.02,0.625
2020,5,5,-12.28,0.75,968.84,1,NA,0.125,188,0.25,90.42,1,NA,NA,0.125
2020,5,6,-6.49,1,967.02,1,1.34,0.625,277.38,1,93,1,1.32,281.02,0.625
2020,5,7,-8.05,1,964.72,1,2.76,0.875,174.62,1,91.2,1,1.46,103.18,0.875
2020,5,8,-3.22,1,961.76,1,1.77,0.5,158.62,1,91.49,1,1.67,274.74,0.5
2020,5,9,-8.67,0.75,966.91,1,12.25,0.75,283.38,1,74.28,1,11.97,280.07,0.75
2020,5,10,-9.2,0.875,965.89,1,16.95,0.5,294.25,1,76.5,1,16.43,293.81,0.5
2020,5,11,-17.12,0.75,962.31,1,19.32,0.75,272.38,1,76.95,1,19.08,273.47,0.75
2020,5,12,-17.35,1,969.88,1,17.95,0.5,253.38,1,61.75,1,17.67,290.42,0.5
2020,5,13,-17.46,0.875,965.48,1,1.34,0.625,91.67,0.75,66.54,1,0.82,120.65,0.625
2020,5,14,-15.51,1,958.48,1,11.67,0.875,103.25,1,84.75,1,11.67,103.5,0.875
2020,5,15,-7.42,1,949.12,1,15.08,0.625,72.88,1,87.91,1,11.87,99.14,0.625
2020,5,16,-2.88,1,950.35,1,NA,0.125,52.38,1,89.69,1,NA,NA,0.125
2020,5,17,-5.31,1,954.59,1,12.73,0.375,65.12,1,89.04,1,11.2,68.04,0.375
2020,5,18,-6.31,1,951.89,1,7.39,0.875,108.25,1,85.26,1,7.32,102.44,0.875
2020,5,19,-4.32,1,952.66,1,NA,0.125,153.62,1,80,1,NA,NA,0.125
2020,5,20,-4.6,1,953.35,1,3.4,0.25,60.25,1,87.89,1,3.4,106.29,0.25
2020,5,21,-7.3,0.75,954.31,1,13.6,0.375,93.25,1,90.44,1,13.12,51.69,0.375
2020,5,22,-16.8,0.75,956.06,1,1.75,1,85,1,83.35,1,0.32,43.27,1
2020,5,23,-10.34,1,954.11,1,1.23,0.375,298,0.875,89.85,1,1.19,256.3,0.375
2020,5,24,-4.72,1,950.85,1,NA,0.125,229.5,1,88.53,1,NA,NA,0.125
2020,5,25,-4.66,1,945.8,1,NA,0.125,61.5,1,88.17,0.875,NA,NA,0.125
2020,5,26,-5.31,1,939.34,1,2.3,0.875,181.38,1,88.42,0.5,1.05,38.32,0.875
2020,5,27,-7.02,1,940.7,1,NA,0.125,39.88,1,85.67,1,NA,NA,0.125
2020,5,28,-8.56,0.625,934.81,1,17.3,0.25,92.12,1,90.65,0.75,17.28,105.53,0.25
2020,5,29,-3.77,0.75,931.94,1,16.85,0.25,172.75,1,93.72,0.5,16.85,80.56,0.25
2020,5,30,-2.06,0.875,938.92,1,NA,0,89.62,1,96.45,0.25,NA,NA,0
2020,5,31,-10.52,0.75,948.09,1,3.73,0.375,182.88,1,69.5,0.875,1.32,267.49,0.375
2020,6,1,-16.7,1,950.64,1,12.22,0.75,295.75,1,79.45,1,12.06,295.95,0.75
2020,6,2,-18.1,1,952.8,1,4.45,0.5,153.43,0.875,65.14,1,3.71,303.53,0.5
2020,6,3,-18.41,1,939.92,1,3,0.75,136.43,0.875,79.55,1,2.84,104.7,0.75
2020,6,4,-20.84,1,928.6,1,0.65,1,180.38,1,77.64,1,0.48,271.48,1
2020,6,5,-19.16,1,928.01,1,0.7,0.625,161.5,1,71.24,1,0.46,111.57,0.625
2020,6,6,-19.57,0.875,940.72,1,1.21,0.875,205.43,0.875,75.25,1,0.46,262.24,0.875
2020,6,7,-22.34,1,943.21,1,0.96,0.625,191.2,0.625,52.12,1,0.61,320.56,0.625
2020,6,8,-25.41,1,940.76,1,0.52,0.5,187.5,0.75,62.88,1,0.52,283.35,0.5
2020,6,9,-25.69,1,950.52,1,0.48,0.5,286,0.5,65.25,1,0.45,357.92,0.5
2020,6,10,-24.24,0.625,955.98,1,2.07,0.875,204,0.875,72.58,1,1.16,292.91,0.875
2020,6,11,-12.28,0.625,954.19,1,6.27,0.75,131.5,1,89.69,1,5.51,351.66,0.75
2020,6,12,-14.1,0.5,964.05,1,10.62,0.625,290.38,1,77.01,1,9.81,285.71,0.625
2020,6,13,-18.02,1,977.6,1,2.03,0.875,221.5,1,74.9,1,0.63,43.95,0.875
2020,6,14,-13.89,0.875,956.18,1,NA,0.125,111.25,1,82.38,1,NA,NA,0.125
2020,6,15,-17.44,0.625,947.54,1,17.1,0.25,192.62,1,85.38,1,16.85,318.76,0.25
2020,6,16,-3.6,0.5,928.08,1,NA,0.125,174.12,1,87.7,1,NA,NA,0.125
2020,6,17,-17.1,0.875,932.28,1,0.17,0.375,110.57,0.875,62.66,1,0.17,52,0.375
2020,6,18,-18.27,0.5,940.3,1,NA,0,147.75,1,74.53,1,NA,NA,0
2020,6,19,-15.67,0.875,950.24,1,3.69,0.875,88.62,1,79.25,1,2.9,72.05,0.875
2020,6,20,-11.4,1,953.21,1,NA,0.125,141.38,1,81.53,1,NA,NA,0.125
2020,6,21,-8,1,959.28,1,NA,0.125,228.12,1,80.89,1,NA,NA,0.125
2020,6,22,-6.66,0.875,965.21,0.875,NA,0,72.12,1,86.9,1,NA,NA,0
2020,6,23,-11.97,0.75,973.03,0.75,12.82,0.5,211.14,0.875,65.97,1,8.39,337.9,0.5
2020,6,24,NA,0.125,964.19,1,3.85,0.25,222.5,1,77.69,1,3.73,94.03,0.25
2020,6,25,-14.32,0.625,978.38,1,NA,0.125,219.5,1,54.25,1,NA,NA,0.125
2020,6,26,-11.49,0.875,988.98,1,1.07,1,61.25,1,53.75,1,0.97,41.92,1
2020,6,27,-2.99,0.875,981.41,1,7.35,0.25,118.38,1,84.08,1,7.35,98.58,0.25
2020,6,28,-4.78,0.75,974.86,1,NA,0.125,221.62,1,81.45,1,NA,NA,0.125
2020,6,29,-6.94,0.625,982.2,1,2.9,0.375,187.5,1,77.33,1,1.87,113.77,0.375
2020,6,30,-1.92,1,989.22,1,4.85,0.25,151.12,1,78.75,1,1.93,256.31,0.25
2020,7,1,-4.18,1,990.19,1,3.05,0.5,141.75,1,84,1,2.56,56.75,0.5
2020,7,2,-8.56,1,982.58,1,12.53,0.75,69,1,81.4,1,9.66,70.33,0.75
2020,7,3,-8.56,1,965.44,1,NA,0,64.12,1,85.17,1,NA,NA,0
2020,7,4,-5.46,0.625,951.7,0.875,NA,0.125,84.71,0.875,88.5,0.75,NA,NA,0.125
2020,7,5,-3.17,0.875,958.45,1,22.4,0.25,159,0.875,NA,0.125,22.34,357.93,0.25
2020,7,6,-3.86,1,961.14,0.875,NA,0.125,90,0.875,NA,0.125,NA,NA,0.125
2020,7,7,-4.29,1,960.31,1,NA,0.125,43.75,1,95.97,0.375,NA,NA,0.125
2020,7,8,-2.69,1,959.89,1,NA,0,48.12,1,99.1,0.5,NA,NA,0
2020,7,9,-5.32,1,969.56,1,7.2,0.5,65.62,1,95.57,0.375,6.16,78.43,0.5
2020,7,10,-12.2,0.875,972.72,1,10.35,0.5,309.25,0.5,83.67,0.5,9.87,308.46,0.5
2020,7,11,-14.66,1,970.95,1,11.9,0.5,238.25,1,64.72,1,11.72,299.47,0.5
2020,7,12,-9.32,0.625,967.64,1,2.74,0.625,188.62,1,67.33,0.375,0.42,290.23,0.625
2020,7,13,-11.88,0.625,980.65,1,4.17,0.75,287.75,1,99.77,0.375,3.87,272.47,0.75
2020,7,14,-8.2,1,982.54,1,NA,0.125,NA,0.125,99.85,0.25,NA,NA,0.125
2020,7,15,-4.4,0.875,970.98,1,5.13,0.375,314.83,0.75,89.27,0.875,4.13,297.99,0.375
2020,7,16,-13.55,0.75,968.66,1,1.45,0.25,260.25,1,88.5,1,0.89,286.53,0.25
2020,7,17,-9.32,0.625,968.64,1,3.85,0.25,264,1,87.19,0.875,3.56,286.19,0.25
2020,7,18,-3.8,0.75,954.52,1,26.6,0.25,248.88,1,87.56,0.625,26.34,304.15,0.25
2020,7,19,-6.62,0.625,937.5,0.875,NA,0.125,243.8,0.625,90.08,0.5,NA,NA,0.125
2020,7,20,-15.3,0.5,958.49,1,NA,0.125,277.25,1,74.11,1,NA,NA,0.125
2020,7,21,-10.23,0.75,954.6,1,NA,0.125,302.86,0.875,81.46,1,NA,NA,0.125
2020,7,22,-6.1,0.375,940.82,1,NA,0.125,213.14,0.875,86.33,0.375,NA,NA,0.125
2020,7,23,-25.64,1,955.38,1,14.3,0.625,279.62,1,78.58,1,14.07,278.17,0.625
2020,7,24,-16.37,0.75,973.42,1,6.08,0.75,277.12,1,51.98,1,5.98,278.62,0.75
2020,7,25,-12.43,0.5,962.71,1,0.9,0.25,209.38,1,97.83,0.375,0.41,120.48,0.25
2020,7,26,-13.4,0.5,956.09,1,13.73,0.375,263.88,1,99.75,0.25,13.33,297.23,0.375
2020,7,27,-16.2,0.75,962.55,1,24.37,0.375,298.25,1,97.62,0.625,23.45,308.2,0.375
2020,7,28,-14.32,0.625,954.71,1,NA,0,290.38,1,86.37,0.75,NA,NA,0
2020,7,29,-23.77,1,955.74,1,7.06,0.625,226.12,1,87.67,1,6.8,282.79,0.625
2020,7,30,-14.48,0.75,940.18,1,NA,0.125,155.25,1,86.83,0.375,NA,NA,0.125
2020,7,31,-20.54,0.875,955.48,1,NA,0.125,191,0.875,73.38,1,NA,NA,0.125
2020,8,1,-17.75,0.75,952.61,1,4.63,0.375,104.57,0.875,86.58,1,4.54,113.93,0.375
2020,8,2,-9.09,1,940.64,1,7.7,0.625,119.12,1,99.85,0.25,7.27,112.18,0.625
2020,8,3,-10.79,1,944.3,1,0.9,0.375,129.88,1,NA,0,0.65,329.97,0.375
2020,8,4,-12.12,1,944.69,1,0.62,0.5,125.38,1,NA,0.125,0.57,95.67,0.5
2020,8,5,-13.99,1,944.15,1,NA,0,72,0.875,89.1,0.875,NA,NA,0
2020,8,6,-13.63,0.75,939.46,1,12.2,0.25,84.25,1,89.83,1,10.67,101.44,0.25
2020,8,7,-11.49,1,931.15,1,6.45,0.25,79.12,1,81.75,0.5,6.13,74.63,0.25
2020,8,8,-12.09,1,927.42,1,NA,0,98.25,1,98.87,0.375,NA,NA,0
2020,8,9,-16.1,0.875,950.11,1,NA,0,123,0.375,89.7,0.875,NA,NA,0
2020,8,10,-12.9,1,958.25,1,14.3,0.375,92.4,0.625,84.6,1,13.64,107.57,0.375
2020,8,11,-11.1,0.875,977.58,1,6.7,0.25,143.25,1,87.2,1,6.49,62.35,0.25
2020,8,12,-13.5,0.875,976.89,1,3,0.875,104,1,64.6,1,2.42,77.8,0.875
2020,8,13,-14.84,1,967.95,1,3.5,0.5,72.38,1,60.12,1,3.1,29.65,0.5
2020,8,14,-19.59,1,964.32,1,5.78,0.625,83.38,1,68.25,1,5,72.53,0.625
2020,8,15,-25.85,1,969.82,1,1.33,0.875,138.86,0.875,75.5,1,0.82,105.25,0.875
2020,8,16,-27.45,1,968.79,1,0.62,0.5,305.5,0.5,66.95,1,0.56,339.06,0.5
2020,8,17,-27.42,1,966.92,1,1.52,0.75,291.17,0.75,69.08,1,1.3,334.39,0.75
2020,8,18,-28,1,964.1,1,6.56,0.625,141.71,0.875,72.76,1,5.35,99.42,0.625
2020,8,19,-22.73,1,954.35,1,NA,0.125,53.88,1,77.94,1,NA,NA,0.125
2020,8,20,-24.25,1,950.81,1,17.5,0.25,98.62,1,76.67,1,17.49,104.47,0.25
2020,8,21,-21.21,1,943.95,1,6.9,0.625,146.88,1,80.11,1,4.83,143.99,0.625
2020,8,22,-21.36,1,961.99,1,2,0.875,225.29,0.875,80.46,1,1.23,286.49,0.875
2020,8,23,-16.56,1,963.22,1,8.9,0.375,80.25,1,85.71,1,8.7,106.7,0.375
2020,8,24,-17.42,0.75,960.04,1,18.4,0.375,266.38,1,84.28,1,18.37,286.27,0.375
2020,8,25,-25.55,1,963.54,1,11.05,0.5,288.38,1,75.12,1,11.02,296.12,0.5
2020,8,26,-27.57,0.875,964.69,1,NA,0.125,250.5,1,72.26,1,NA,NA,0.125
2020,8,27,-28.48,0.75,971.75,1,8.7,0.375,255.12,1,59.42,1,8.32,285.72,0.375
2020,8,28,-25.86,1,972.9,1,NA,0.125,173.2,0.625,45.8,1,NA,NA,0.125
2020,8,29,-24.26,1,975.45,1,1.3,0.5,138.75,0.5,45.02,1,0.93,354.3,0.5
2020,8,30,-22.94,1,974.74,1,1.1,0.5,231.57,0.875,63.5,1,0.65,259.23,0.5
2020,8,31,-19.27,1,978.51,1,0.4,0.375,234.75,0.5,81.15,1,0.39,10.05,0.375
2020,9,1,-17.09,0.875,973.45,1,3.58,0.625,277,0.625,83.91,1,3.56,278.06,0.625
2020,9,2,-12.39,0.875,969.56,1,2.72,0.5,119.5,1,90.75,1,2.5,118.11,0.5
2020,9,3,-14.04,0.625,959.68,1,17.2,0.25,73.62,1,84.79,1,13.49,102.94,0.25
2020,9,4,-5.76,1,952.44,1,14.85,0.25,42,0.875,86.86,1,13.96,27.27,0.25
2020,9,5,-3.54,1,951.19,1,9.93,0.5,174.75,1,85.46,1,9.07,21.1,0.5
2020,9,6,-8.09,0.875,963.68,1,2.8,0.75,263.75,1,84.96,0.875,2.59,275.84,0.75
2020,9,7,-12.29,1,968.84,1,2.95,0.25,268.5,0.25,89.5,1,2.94,269.03,0.25
2020,9,8,-16.73,1,958.48,1,NA,0,NA,0,86.38,1,NA,NA,0
2020,9,9,-16.24,0.875,944.38,1,1.7,0.625,321.2,0.625,55.39,1,1.7,357.48,0.625
2020,9,10,-21.07,0.875,945.44,1,2.98,0.5,280.43,0.875,57.49,1,2.97,276.32,0.5
2020,9,11,-24,1,945.32,1,1.08,0.625,207.29,0.875,70.2,1,0.6,314.72,0.625
2020,9,12,-21.24,1,951.19,1,1.43,0.875,264,0.875,78.78,1,1.42,252.87,0.875
2020,9,13,-19.86,1,950.31,1,3.33,0.75,275.88,1,78.47,1,3.25,287.89,0.75
2020,9,14,-21.4,1,942.31,1,NA,0.125,290,1,69.78,1,NA,NA,0.125
2020,9,15,-24.09,1,935.55,1,17.4,0.625,300.88,1,68.88,1,17.3,301.14,0.625
2020,9,16,-28.36,0.625,940.15,1,9.35,0.5,260.12,1,60.12,1,8.65,286.88,0.5
2020,9,17,-19.73,1,948.88,1,9.2,0.375,199.25,1,46.42,1,8.96,296.16,0.375
2020,9,18,-17.32,1,944.32,1,5.92,0.5,128.38,1,75.67,1,5.06,133.94,0.5
2020,9,19,-14.82,0.75,952.98,1,NA,0,219.75,1,80.28,1,NA,NA,0
2020,9,20,-13.85,1,959.96,1,5.47,0.375,210.5,1,73.46,1,3.51,19.09,0.375
2020,9,21,-16.55,0.75,949.5,1,NA,0.125,186,1,73.14,1,NA,NA,0.125
2020,9,22,-16.7,1,946.39,1,2.3,0.375,157.75,1,80.5,1,1.47,73.63,0.375
2020,9,23,-13.5,1,933.2,1,16.55,0.25,108.12,1,87.65,1,16.39,107.29,0.25
2020,9,24,-15.76,1,934.94,1,0.5,0.25,136.62,1,85.03,1,0.5,123,0.25
2020,9,25,-17.77,1,941.62,1,0.77,0.75,222,0.75,82.75,1,0.28,218.39,0.75
2020,9,26,-20.97,0.875,955.38,1,1.33,0.75,162.67,0.75,75,1,0.99,1.53,0.75
2020,9,27,-21.08,1,964.58,1,0.78,0.75,157.86,0.875,79.08,1,0.17,258.96,0.75
2020,9,28,-19.74,1,960.92,1,4.9,1,275.38,1,79.66,1,4.5,278.92,1
2020,9,29,-20.84,1,968.2,1,10.78,0.75,286.88,1,69.96,1,10.63,282.61,0.75
2020,9,30,-17.34,0.875,985.85,1,2.88,0.625,286,1,43.17,1,2.62,264.74,0.625
2020,10,1,-8.75,0.75,974.65,1,0.86,0.625,94,1,71.34,1,0.85,99.53,0.625
2020,10,2,-6.56,1,947.88,1,8.43,0.875,94.12,1,91.29,0.875,7.56,94.73,0.875
2020,10,3,-9.81,1,943.95,1,NA,0,52.38,1,88.79,1,NA,NA,0
2020,10,4,-10.19,1,947.4,1,1.21,1,194.5,1,91.96,1,0.56,123.52,1
2020,10,5,-12.71,1,947.69,1,0.97,0.75,125.33,0.75,86.58,1,0.81,42.14,0.75
2020,10,6,-12.39,1,947.7,1,4.35,0.25,287,0.375,80.35,1,4.34,285.35,0.25
2020,10,7,-14.27,0.875,954,1,4.91,0.875,189.38,1,81.26,1,4.22,295.3,0.875
2020,10,8,-16.23,1,944.7,1,12.13,0.75,97.5,1,78.3,1,12.04,100.5,0.75
2020,10,9,-12.55,1,929.7,1,18.32,0.75,112.88,1,88.86,1,18.25,114.4,0.75
2020,10,10,-12.95,1,927.1,1,8.12,0.625,143.75,1,89,1,7.21,115.83,0.625
2020,10,11,-14.39,1,935.21,1,1.92,0.75,92.5,1,85.29,1,1.83,79.69,0.75
2020,10,12,-15.3,0.75,940.89,1,3.7,0.25,70.5,0.25,82.33,1,3.7,70.99,0.25
2020,10,13,-16.44,0.875,945.86,1,NA,0,112.88,1,82.2,1,NA,NA,0
2020,10,14,-16.56,1,948.48,1,10.9,0.5,175.12,1,81.5,1,10.51,283.45,0.5
2020,10,15,-17.3,1,946.98,1,14.66,0.625,277.62,1,74.3,1,14.28,283.46,0.625
2020,10,16,-20.18,0.75,945.88,1,8.53,0.5,200.88,1,69.91,1,8.27,289.04,0.5
2020,10,17,-18.5,0.875,957.6,1,1.4,0.5,175.38,1,58.83,1,0.75,335.79,0.5
2020,10,18,-15.04,0.875,949.68,1,NA,0,194.12,1,77.46,1,NA,NA,0
2020,10,19,-13.52,0.625,951.14,1,14.28,0.625,328,1,79.88,1,12.67,321.44,0.625
2020,10,20,-12.33,0.75,954.48,1,4.75,0.25,256,1,80.75,1,4.33,279.56,0.25
2020,10,21,-15.85,1,954.68,1,9.05,0.5,268.5,1,78.12,1,8.88,272.42,0.5
2020,10,22,-9.73,0.375,937.22,1,31.45,0.25,253.88,1,88.85,1,31.43,305.89,0.25
2020,10,23,-12.52,0.75,943.12,1,NA,0,132.75,1,80.74,1,NA,NA,0
2020,10,24,-17.47,0.875,948,1,8.55,0.25,215.38,1,72.15,1,5.16,324.01,0.25
2020,10,25,-15.08,1,925.5,1,NA,0,189.38,1,83.09,1,NA,NA,0
2020,10,26,-18.16,0.875,928.59,1,NA,0.125,188.12,1,77.16,1,NA,NA,0.125
2020,10,27,-6.75,0.75,920.59,1,NA,0.125,81.14,0.875,95.39,0.875,NA,NA,0.125
2020,10,28,-9.89,1,934.25,1,NA,0.125,151.5,0.75,77.12,1,NA,NA,0.125
2020,10,29,-12.49,0.875,947.11,1,NA,0.125,NA,0.125,78.47,1,NA,NA,0.125
2020,10,30,-7.53,1,926.8,0.75,21.93,0.375,77.6,0.625,92.38,1,17.47,48.74,0.375
2020,10,31,-3.58,0.75,931.64,1,30.8,0.25,236.86,0.875,85.8,1,23.91,20.9,0.25
2020,11,1,-12.81,0.875,949.45,1,9.52,0.625,277.75,1,77.3,1,9.28,281.77,0.625
2020,11,2,-14.07,1,924.12,1,14.43,0.375,274.62,1,78.71,1,14.42,271.08,0.375
2020,11,3,-16.05,1,926.78,1,8.36,0.625,177.14,0.875,71.71,1,7.02,310.06,0.625
2020,11,4,-14.62,0.625,929.29,1,2.12,0.5,276.75,0.5,53.3,1,2.1,275.97,0.5
2020,11,5,-14.86,0.875,937.1,1,NA,0.125,NA,0.125,74.51,1,NA,NA,0.125
2020,11,6,-6.6,0.875,924.41,1,NA,0.125,107.88,1,94,0.25,NA,NA,0.125
2020,11,7,-5.14,0.875,921.45,1,3.1,0.25,156.6,0.625,NA,0,0.78,168.3,0.25
2020,11,8,-10.73,0.875,931.41,1,NA,0,NA,0,91.15,0.75,NA,NA,0
2020,11,9,-9.53,0.75,929.86,1,NA,0.125,NA,0.125,80.94,1,NA,NA,0.125
2020,11,10,-7.2,1,928.51,1,NA,0,NA,0,87.5,1,NA,NA,0
2020,11,11,-8.4,1,934.95,1,NA,0,NA,0,87.99,1,NA,NA,0
2020,11,12,-10.14,0.875,936.89,1,NA,0,NA,0,81.8,1,NA,NA,0
2020,11,13,-8.24,0.875,943.19,1,NA,0.125,73,0.25,82.34,1,NA,NA,0.125
2020,11,14,-8.75,1,947.62,1,13.07,0.375,82.12,1,86.24,1,11.08,59.25,0.375
2020,11,15,-9.31,1,943.49,1,10.6,0.625,101.5,1,81.3,1,10.58,107.95,0.625
2020,11,16,-9.33,0.75,945.72,1,6.3,0.375,128.14,0.875,89,1,6.22,110.26,0.375
2020,11,17,-8.14,0.875,951.61,1,NA,0.125,NA,0.125,84.05,1,NA,NA,0.125
2020,11,18,-8.34,1,936.26,1,3.7,0.5,203.38,1,93.5,1,1.82,234.11,0.5
2020,11,19,-7.58,1,935.01,1,6.08,0.5,138.29,0.875,94.1,1,5.23,172.52,0.5
2020,11,20,-7,1,945.29,1,1.69,0.875,137.62,1,91.89,1,1.31,90.97,0.875
2020,11,21,-5.1,1,955.78,1,12.82,0.625,105.25,1,95.67,1,12.73,101.45,0.625
2020,11,22,-3.93,0.875,962.3,1,2.02,0.75,210.75,1,92.7,1,0.62,201.96,0.75
2020,11,23,-6.42,0.5,954.11,1,2.9,0.375,129.75,0.5,73.55,1,1.95,312.65,0.375
2020,11,24,-5.69,1,949.5,1,7.3,0.375,124.83,0.75,76.2,1,7.16,7.83,0.375
2020,11,25,-6.12,1,947,1,4.46,0.625,94.88,1,84.74,1,4.33,105.9,0.625
2020,11,26,-5.56,0.875,949.36,1,2.72,0.625,219,0.875,94.09,1,2.64,280.87,0.625
2020,11,27,-6.86,1,941.75,1,5.87,0.75,159.75,1,73.49,1,3.95,341.71,0.75
2020,11,28,-6.51,1,935.82,1,10.28,0.5,96.75,1,81.62,1,10.27,107.17,0.5
2020,11,29,-6.71,1,941.34,1,9.32,0.75,112.75,1,91.8,1,9.26,111.78,0.75
2020,11,30,-5.86,1,945.08,1,4.22,0.5,190.29,0.875,85.54,1,4.16,262.91,0.5
2020,12,1,-7.82,1,942.22,1,7.34,0.875,285.62,1,85.33,1,6.83,292.91,0.875
2020,12,2,-7.46,0.875,947.36,1,5.94,0.625,199.88,1,69.58,1,4.98,277.8,0.625
2020,12,3,-6.29,1,945.9,1,10.75,0.25,81.62,1,80.9,1,6.85,87.95,0.25
2020,12,4,-5.66,1,944.9,1,15.42,0.75,110.12,1,92.79,1,15.37,111.36,0.75
2020,12,5,-5.4,1,934.91,1,15.49,0.875,161.25,1,97.84,1,10.71,127.64,0.875
2020,12,6,-5.27,0.875,933.96,1,17.77,0.375,262.5,1,87.12,1,17.62,296.7,0.375
2020,12,7,-5.8,0.75,942.94,1,4.5,0.625,259.62,1,76.47,1,3.2,287.35,0.625
2020,12,8,-7.94,1,933.49,1,17.7,0.25,287.75,1,85.46,1,17.37,298.54,0.25
2020,12,9,-4.74,1,946.22,1,10.62,0.75,193.88,1,76.53,1,7.48,358.04,0.75
2020,12,10,-5.92,1,934.28,1,8.62,0.5,146,1,94.66,1,8.53,169.44,0.5
2020,12,11,-5.78,0.75,932.56,1,7.82,0.75,264.38,1,77.41,1,6.64,269.77,0.75
2020,12,12,-4.92,0.625,939.42,1,1.8,0.625,236.62,1,73.78,1,1.77,274.53,0.625
2020,12,13,-3.62,1,950.75,1,8.25,0.5,287,0.75,64.29,1,8.23,287.59,0.5
2020,12,14,-1.7,0.25,954.01,1,0.64,0.875,182.86,0.875,55,1,0.41,342.62,0.875
2020,12,15,-2.76,0.625,951.3,1,1.34,0.625,101.88,1,67.14,1,0.67,46.94,0.625
2020,12,16,-0.88,1,950.46,1,6.5,0.375,76.5,1,81.17,1,6.07,96.42,0.375
2020,12,17,-0.56,1,958.6,1,NA,0.125,83.75,1,81,1,NA,NA,0.125
2020,12,18,-1.5,1,954.01,1,NA,0,27.75,1,86.53,1,NA,NA,0
2020,12,19,-1.02,1,935.55,1,18.9,0.25,78.86,0.875,89.03,1,18.9,70,0.25
2020,12,20,-1.65,1,937.71,1,NA,0.125,27.88,1,84.5,1,NA,NA,0.125
2020,12,21,-1.59,1,942.75,1,4.63,0.375,104.75,1,86.45,1,4.63,111.03,0.375
2020,12,22,-3.15,0.5,943.69,1,2.75,0.75,134.12,1,88.25,1,1,92.81,0.75
2020,12,23,-1.57,0.875,943.45,1,4.07,0.875,120,1,94.5,0.25,3.9,122.26,0.875
2020,12,24,-1.84,0.625,948.75,1,0.4,0.375,199.12,1,NA,0,0.4,269.66,0.375
2020,12,25,-3.6,0.25,952.42,1,0.42,0.625,161.57,0.875,88,0.75,0.3,280.56,0.625
2020,12,26,NA,0.125,955.6,1,1.1,0.75,206.12,1,87.12,1,0.77,99.16,0.75
2020,12,27,0.1,0.625,955.95,1,0.05,0.25,68.43,0.875,81.17,1,0.05,36,0.25
2020,12,28,-0.35,0.25,961.26,1,1.69,0.875,258.29,0.875,83.12,1,1.56,294.49,0.875
2020,12,29,-2.25,1,956.31,1,7.7,0.25,307.38,1,84.88,1,7.46,287.01,0.25
2020,12,30,-1.2,0.875,945.06,1,10.3,0.5,241.38,1,80.46,1,9.89,336.91,0.5
2020,12,31,-0.78,0.625,946.52,1,0.8,0.375,164.25,1,76.46,1,0.78,296.78,0.375
2021,1,1,-1.31,1,937.95,1,11.28,0.5,93.88,1,91.21,1,10.63,98.25,0.5
2021,1,2,-2,1,938.3,1,NA,0,111.75,1,74.16,1,NA,NA,0
2021,1,3,-1.7,0.375,942.94,1,1.41,0.875,159.14,0.875,77.25,1,0.82,121.78,0.875
2021,1,4,-2.75,1,940.4,1,8.03,0.375,78.5,1,92.79,1,8.02,118.57,0.375
2021,1,5,-2.8,1,933.56,1,15.42,0.625,107.38,1,98,0.25,15.39,107.75,0.625
2021,1,6,-2.24,1,930.79,1,11.05,0.25,85,1,98.5,0.25,11.02,105.8,0.25
2021,1,7,-2.48,1,944.25,1,7.05,0.5,53.88,1,83.75,1,6.58,63.15,0.5
2021,1,8,-3.05,0.75,947.28,1,3.16,0.625,271.12,1,90.64,1,3,289.06,0.625
2021,1,9,-3.69,1,955.34,1,8.08,0.75,296.75,1,80.7,1,7.68,289.62,0.75
2021,1,10,-4,0.75,959.12,1,2.4,0.375,85.38,1,84.74,1,2.01,24.91,0.375
2021,1,11,-2.39,1,950.26,1,21.17,0.375,133.38,1,95.09,1,14.46,75.42,0.375
2021,1,12,-2.19,1,958.46,1,10.63,0.375,182.88,1,81.12,1,7.91,351.05,0.375
2021,1,13,-4.96,0.625,958.42,1,3.33,0.5,78.43,0.875,87.8,1,3.27,86.58,0.5
2021,1,14,-3.2,0.625,961.25,1,3.96,0.625,198.75,1,74,1,2.47,308.82,0.625
2021,1,15,-1.88,1,951.25,1,12.05,0.25,101.62,1,86.25,1,11.13,78.27,0.25
2021,1,16,-0.65,1,941.66,1,9,0.625,108.88,1,89.67,0.75,8.99,109.58,0.625
2021,1,17,-0.04,1,949.1,1,6.78,0.75,114.25,1,92.69,1,5.7,116.9,0.75
2021,1,18,-1.55,1,956.69,1,8.93,0.875,118.12,1,96.5,0.5,8.86,117.6,0.875
2021,1,19,-2.82,0.625,961.04,1,3.98,0.5,178,1,98.33,0.375,3.52,129.89,0.5
2021,1,20,-1.55,0.5,951.09,1,1.62,0.625,180.57,0.875,96.62,1,1.26,180.53,0.625
2021,1,21,-3.4,1,938.81,1,7.3,0.5,123.25,1,97.82,0.75,7.16,124.82,0.5
2021,1,22,-3.54,1,944.01,1,9.7,0.375,115.62,1,98.39,1,9.59,114.67,0.375
2021,1,23,-1.4,1,956.96,1,6.15,0.25,110.5,1,99.45,0.25,6.15,111.22,0.25
2021,1,24,1.25,0.5,964.61,1,2.58,1,270.75,1,81.66,1,1.82,283.54,1
2021,1,25,-1.29,0.875,966.21,1,5.87,0.75,234.75,1,83.28,1,5.76,291.5,0.75
2021,1,26,-2,0.25,959.51,1,1.16,0.875,188.71,0.875,94.54,1,0.76,260.12,0.875
2021,1,27,-3.95,1,962.49,1,8.32,0.75,269.12,1,90.41,1,8.1,268.61,0.75
2021,1,28,-4.12,0.625,964.25,1,4.3,0.75,276.57,0.875,84.81,1,4.2,276.73,0.75
2021,1,29,0.63,0.375,954.59,1,0.4,0.625,152.12,1,89.65,1,0.37,176.39,0.625
2021,1,30,-3.5,0.25,943.76,1,0.37,0.75,154.12,1,92.81,1,0.31,262.92,0.75
2021,1,31,-7.2,0.5,943.82,1,3.03,0.75,199.25,1,82.88,1,0.75,165.71,0.75
2021,2,1,-7.5,0.5,946.51,1,0.86,0.625,140.14,0.875,66,1,0.32,303.69,0.625
2021,2,2,-6.29,0.875,951.78,1,NA,0,NA,0,65.8,1,NA,NA,0
2021,2,3,-4.67,0.75,953.16,1,6.36,0.625,51.71,0.875,76.5,1,6.16,62.59,0.625
2021,2,4,-2.93,0.875,944.12,1,NA,0.125,176.12,1,82.69,1,NA,NA,0.125
2021,2,5,-2.49,1,934.98,1,NA,0.125,71.62,1,90.31,1,NA,NA,0.125
2021,2,6,-1.39,1,921.19,1,17.77,0.5,76.75,1,88.8,1,13.31,50.33,0.5
2021,2,7,-2.18,0.75,952.24,1,0.7,0.25,204.5,1,83.24,1,0.7,78,0.25
2021,2,8,-3.52,1,943.02,1,NA,0,100.12,1,95.66,1,NA,NA,0
2021,2,9,-0.55,1,931.51,1,14.6,0.25,77.38,1,93.8,1,12.64,66.97,0.25
2021,2,10,-2.04,1,928.4,1,10.65,0.25,99,1,95.57,0.75,10.52,117.13,0.25
2021,2,11,-0.85,1,932.66,1,NA,0.125,56.5,1,86.65,1,NA,NA,0.125
2021,2,12,-6.01,1,936.6,1,NA,0.125,177.12,1,94.35,1,NA,NA,0.125
2021,2,13,-5.84,0.625,940.3,1,0.47,0.375,170.29,0.875,87.96,1,0.34,248.25,0.375
2021,2,14,-5.34,1,936.79,1,11.38,0.625,156,1,86.56,1,8.58,89.15,0.625
2021,2,15,-5.01,1,935.4,1,7.24,0.875,126.88,1,94.85,1,6.78,111.74,0.875
2021,2,16,-5.9,0.375,941.04,1,1.38,0.75,154.71,0.875,94.42,1,0.42,292.22,0.75
2021,2,17,-5.76,0.625,947.81,1,0.85,0.5,143.83,0.75,90.25,1,0.6,93.79,0.5
2021,2,18,-5.4,1,941.75,1,12.1,0.25,108.38,1,91.99,1,12.05,107.32,0.25
2021,2,19,-5.55,1,953.04,1,8.47,0.5,179,1,94.49,1,7.01,124.36,0.5
2021,2,20,-6.78,0.75,960.96,1,5.46,0.625,148.25,1,88.44,1,2.55,271.1,0.625
2021,2,21,-3.88,0.5,955.56,1,1.86,0.875,121,1,85.85,1,0.97,53.36,0.875
2021,2,22,-3.67,1,932.02,1,NA,0.125,93.88,1,94.69,1,NA,NA,0.125
2021,2,23,-5.27,0.875,935.61,1,NA,0,NA,0.125,92.1,1,NA,NA,0
2021,2,24,-6.92,0.75,947.4,1,NA,0.125,NA,0.125,91.4,1,NA,NA,0.125
2021,2,25,-8.03,0.375,956.06,1,1.29,0.875,212.29,0.875,80.83,1,1.14,280.83,0.875
2021,2,26,-12.43,0.375,953.15,1,1.5,0.875,94.71,0.875,82.4,1,1.45,95.16,0.875
2021,2,27,-8.93,0.375,946.75,1,0.6,0.625,169,1,86.62,1,0.13,319.93,0.625
2021,2,28,-10.55,0.25,944.84,1,1.4,1,142.5,1,67.78,1,0.79,341.01,1
2021,3,1,-11.48,0.625,943.51,1,0.7,0.5,105.25,1,75.88,1,0.4,26.09,0.5
2021,3,2,-10.7,0.75,943.26,1,1.78,0.75,231.67,0.75,84.5,1,0.86,169.08,0.75
2021,3,3,-10.7,1,951.45,1,4.97,0.375,263.62,1,78.7,1,4.65,312.18,0.375
2021,3,4,-13.31,1,956.45,1,2.4,0.25,193.5,0.25,82,1,2.4,340,0.25
2021,3,5,-13.2,1,955.42,1,NA,0,NA,0,84.88,1,NA,NA,0
2021,3,6,-14,0.875,954.92,1,NA,0,NA,0,61.52,1,NA,NA,0
2021,3,7,-16.98,0.625,954,1,NA,0,NA,0,57.17,1,NA,NA,0
2021,3,8,-15.68,0.5,956.21,1,1.15,0.25,31.5,0.25,52.39,1,1.08,34.29,0.25
2021,3,9,-12.07,0.875,949.69,1,4.38,0.625,86.62,1,68.62,1,3.78,75.24,0.625
2021,3,10,-9.16,1,938.65,1,11.8,0.5,103.75,1,87.5,1,11.63,108.74,0.5
2021,3,11,-12.54,1,941.18,1,3.44,0.625,222.29,0.875,85.95,1,1.75,123.93,0.625
2021,3,12,-14.63,0.875,938.12,1,1.13,0.875,274.57,0.875,78.29,1,0.96,282.88,0.875
2021,3,13,-13.18,1,946.69,1,9.53,0.375,305.38,1,79.75,1,9.49,295.41,0.375
2021,3,14,-8.24,0.875,941.58,1,3.93,0.375,68.88,1,82.53,1,3.5,99.83,0.375
2021,3,15,-10.2,0.75,940.76,1,10.15,0.25,246.5,1,79.76,1,8.96,338.15,0.25
2021,3,16,-6,1,938.56,1,4.25,0.25,159,1,83.9,1,4.25,109,0.25
2021,3,17,-9.29,0.875,940.3,1,2.16,0.625,231,1,89.33,1,2.06,267.28,0.625
2021,3,18,-13.26,1,938.44,1,3.6,0.75,234,1,85.94,1,3.39,276.26,0.75
2021,3,19,-14.57,1,939.14,1,0.98,0.625,189.4,0.625,80.9,1,0.98,278.86,0.625
2021,3,20,-13.28,1,943.08,1,0.33,0.875,198,0.875,73.41,1,0.28,111.68,0.875
2021,3,21,-9.28,1,954.76,1,1.25,0.25,66.86,0.875,78,1,1.2,63.39,0.25
2021,3,22,-6.96,1,952.64,1,13.93,0.375,105.62,1,90.95,1,13.93,105.19,0.375
2021,3,23,-4.89,1,951.28,1,NA,0.125,74.29,0.875,87.3,1,NA,NA,0.125
2021,3,24,-3.49,1,952.79,1,NA,0.125,83.62,1,95.38,1,NA,NA,0.125
2021,3,25,-2.58,1,951.26,1,18.3,0.25,83.25,1,97.5,1,17.72,90.88,0.25
2021,3,26,-2.75,1,948.86,1,10.27,0.375,99.88,1,94.15,1,10,92.23,0.375
2021,3,27,-6.45,1,939.95,1,20.38,0.5,101.8,0.625,95.38,1,18.6,102,0.25
2021,3,28,-11.07,1,949.54,1,12.71,0.875,82.25,1,88.25,1,11.63,83.07,0.875
2021,3,29,-6.9,0.875,939.2,1,18.96,0.625,92.5,1,94,1,18.81,102.21,0.625
2021,3,30,-5.15,1,926.66,1,NA,0,80.5,1,95.62,1,NA,NA,0
2021,3,31,-5.14,1,931.22,1,NA,0.125,25.5,0.25,82.8,1,NA,NA,0.125
2021,4,1,-7.4,1,945.21,1,NA,0,NA,0,77.58,1,NA,NA,0
2021,4,2,-7.46,1,946.41,1,NA,0,NA,0,82.53,1,NA,NA,0
2021,4,3,-9.51,1,954.81,1,NA,0,NA,0,86,1,NA,NA,0
2021,4,4,-8.2,0.875,944.1,0.875,16.6,0.25,316,0.375,85.08,1,15.29,324.9,0.25
2021,4,5,-4.14,1,945.09,1,21.78,0.625,323.5,1,86.61,1,20.64,334.6,0.625
2021,4,6,-2.85,1,944.96,1,NA,0,312.33,0.75,83.14,1,NA,NA,0
2021,4,7,-7.77,0.875,942.25,1,9.24,0.625,296.86,0.875,72.08,1,9.21,302.96,0.625
2021,4,8,-9.74,0.625,942.6,1,NA,0,87.14,0.875,79.66,1,NA,NA,0
2021,4,9,-13.2,0.5,948.64,1,1.6,0.75,222.33,0.75,86.29,1,0.57,280.59,0.75
2021,4,10,-11.55,0.75,953.66,1,2.17,0.375,247.4,0.625,87.83,1,1.58,277.13,0.375
2021,4,11,-10.01,1,949.51,1,3.83,0.375,289.29,0.875,85.12,1,3.83,290.76,0.375
2021,4,12,-11.88,1,949.25,1,1.3,0.375,220.67,0.375,70.96,1,1.03,281.48,0.375
2021,4,13,-12.22,1,947.38,1,2.65,0.5,127.29,0.875,74.12,1,1.81,48.2,0.5
2021,4,14,-11.83,0.875,950.26,1,NA,0.125,NA,0.125,84.14,1,NA,NA,0.125
2021,4,15,-12.71,0.875,952.38,1,NA,0,NA,0,81.11,1,NA,NA,0
2021,4,16,-13.74,0.625,959.05,1,1.4,0.375,305.67,0.375,65.75,1,1.37,312.66,0.375
2021,4,17,-18.08,0.75,954.06,1,0.87,0.375,185.25,0.5,80.22,1,0.15,159.35,0.375
2021,4,18,-15.18,1,929.05,1,13.95,0.75,274.88,1,83.56,1,13.36,284.01,0.75
2021,4,19,-20.64,1,935.59,1,14,0.25,311,0.625,76.5,1,13.72,310.08,0.25
2021,4,20,-21.06,0.875,939.75,1,7.13,0.375,255,0.75,78.83,1,5.34,286.66,0.375
2021,4,21,-25.13,0.75,946.66,1,21.3,0.375,209.83,0.75,70.46,1,21.26,286.46,0.375
2021,4,22,-23.21,0.875,961.14,1,3.25,0.25,280.5,0.25,52.58,1,3.25,280.98,0.25
2021,4,23,-19.25,0.5,967.68,1,1.65,0.75,125.83,0.75,59.38,1,1.09,87.7,0.75
2021,4,24,-12.6,0.625,962.56,1,2.78,0.5,272.5,0.5,88.12,1,2.76,267.35,0.5
2021,4,25,-14.26,0.875,959.11,1,0.62,0.5,208.57,0.875,82.72,1,0.31,273.18,0.5
2021,4,26,-16.67,0.875,953.51,1,10.65,0.25,274,0.875,81.29,1,10.65,266.23,0.25
2021,4,27,-19.14,1,962.61,1,17.72,0.625,288.57,0.875,56.52,1,17.22,288.59,0.625
2021,4,28,-17.55,1,958.61,1,1.85,0.25,215.5,0.5,64.95,1,0.62,304.93,0.25
2021,4,29,-14.18,0.75,958.96,1,6.58,0.625,212.33,0.75,63,1,6.14,279.71,0.625
2021,4,30,-19.36,0.875,956.18,1,12,0.375,268,1,78.08,1,11.6,275.73,0.375
2021,5,1,-21.7,1,963.78,1,2.42,0.75,274.75,1,50.4,1,2.12,264.57,0.75
2021,5,2,-18.38,0.5,962.86,1,1.73,0.75,170,1,63.35,1,0.44,31.52,0.75
2021,5,3,-13.64,1,955.42,1,1.27,0.375,113.29,0.875,85.2,1,1.24,73.5,0.375
2021,5,4,-12.81,1,947.68,1,14.87,0.75,97.38,1,82.38,1,14.36,98.16,0.75
2021,5,5,-7.47,1,950.26,1,1.23,0.375,125.88,1,82,1,0.85,118.17,0.375
2021,5,6,-10.55,0.75,950.09,1,10.15,0.25,286.25,1,82.96,1,10.15,302,0.25
2021,5,7,-18.9,1,953.1,1,2.85,0.25,246.43,0.875,77.35,1,2.82,273.09,0.25
2021,5,8,-27.3,1,945.75,1,0.94,0.875,274.38,1,74.56,1,0.85,333.18,0.875
2021,5,9,-29.84,0.875,944.28,1,7.18,0.5,213.5,1,70.75,1,6.64,288.54,0.5
2021,5,10,-30.8,0.875,941.91,1,2.63,0.75,134.62,1,72,1,0.35,299.16,0.75
2021,5,11,-28.31,1,937.39,1,1.6,0.625,117.8,0.625,61.46,1,0.85,38.36,0.625
2021,5,12,-27.1,1,941.08,1,1.07,0.5,192.33,0.75,65.25,1,0.72,296.95,0.5
2021,5,13,-21.86,1,934.71,1,2.34,1,103.12,1,72.09,1,1.68,82.16,1
2021,5,14,-17.61,1,931.3,1,3.3,0.875,288.5,1,81.5,1,3,291.87,0.875
2021,5,15,-20.04,0.625,954.89,1,2.13,0.375,100.83,0.75,80.65,1,2.04,89.81,0.375
2021,5,16,-4.33,0.875,944.13,0.875,NA,0,113.62,1,94.46,0.875,NA,NA,0
2021,5,17,-2.49,1,947.64,1,NA,0,68,1,94.12,0.625,NA,NA,0
2021,5,18,-4.64,1,948.32,1,NA,0.125,157.38,1,88.35,1,NA,NA,0.125
2021,5,19,-6.2,1,953.26,1,2.58,0.625,40.14,0.875,81.5,1,2.23,46.61,0.625
2021,5,20,-10.65,1,958.16,1,5.72,0.625,242.38,1,86.42,1,3.53,290.49,0.625
2021,5,21,-9.44,0.625,964.29,1,NA,0.125,263.25,1,83.14,1,NA,NA,0.125
2021,5,22,-22.51,0.875,964.05,1,12.92,0.75,281.5,1,77.88,1,12.74,282.17,0.75
2021,5,23,-24.45,1,964.15,1,17.92,0.75,278.25,1,67.09,1,17.75,277.34,0.75
2021,5,24,-17.05,0.75,971.76,1,13.88,0.75,279.25,1,59.83,1,13.81,282.2,0.75
2021,5,25,-14.36,0.875,974.64,1,NA,0.125,268.62,1,81,1,NA,NA,0.125
2021,5,26,-13.11,1,978,1,4.63,0.375,210.14,0.875,71.51,1,3.99,293.58,0.375
2021,5,27,-10.91,1,984.66,1,1.6,0.375,273.33,0.375,55.02,1,1.6,274.46,0.375
2021,5,28,-6.61,1,988.4,1,5.98,0.625,243.57,0.875,43.85,1,5.98,279.64,0.625
2021,5,29,-5.31,1,984,1,6.76,0.625,271.38,1,37.94,1,6.61,271.89,0.625
2021,5,30,-7.97,0.875,978.79,1,4.6,0.5,187,1,44.81,1,3.95,298.01,0.5
2021,5,31,-8.78,1,981.2,1,0,0.375,163.5,0.75,55.88,1,0,298.01,0.375
2021,6,1,-9.64,0.875,983.44,1,0.12,0.75,186.5,0.75,57,1,0.06,316.8,0.75
2021,6,2,-13.57,0.5,981.94,1,3.18,0.625,253.29,0.875,82.61,1,3.15,274.57,0.625
2021,6,3,-11.21,1,978.45,1,2.83,0.5,246.71,0.875,76.88,1,2.78,262.25,0.5
2021,6,4,-12.09,1,975.42,1,0.05,0.25,222,1,58.81,1,0.05,244,0.25
2021,6,5,-14.2,0.875,973.36,1,0.8,0.625,233.33,0.75,53.25,1,0.8,262.45,0.625
2021,6,6,-20.85,1,971.8,1,0,0.25,281.25,0.5,73.11,1,0,262.45,0.25
2021,6,7,-20.15,1,968.46,1,NA,0.125,135.8,0.625,63.62,1,NA,NA,0.125
2021,6,8,-19.79,1,961.85,1,0.85,1,123,1,67.5,1,0.84,106.27,1
2021,6,9,-14.94,0.875,952.04,1,1.43,0.5,164,1,74.95,1,1.42,285.79,0.5
2021,6,10,-19.49,0.875,950.96,1,0,0.375,226.2,0.625,75.53,1,0,285.79,0.375
2021,6,11,-20.55,1,956.79,1,14.6,0.25,75.88,1,77.89,1,13.28,24.24,0.25
2021,6,12,-17.86,1,957.66,1,NA,0.125,90.5,1,76.75,1,NA,NA,0.125
2021,6,13,-15.13,0.875,955.26,1,1.07,0.875,225.43,0.875,60.25,1,0.94,298.96,0.875
2021,6,14,-14.84,1,960.04,1,5.68,0.625,133.62,1,71.88,1,4.91,39.92,0.625
2021,6,15,-8.3,0.75,935.99,1,24.6,0.25,78.38,1,90.41,1,24.54,97.93,0.25
2021,6,16,-8.05,0.75,937.81,1,10.27,0.375,254.88,1,81.65,1,2.34,329.32,0.375
2021,6,17,-9.88,1,957.69,1,6.7,0.875,162.75,1,70.55,1,4.77,330.81,0.875
2021,6,18,-10.56,0.875,954.1,1,20.1,0.25,34.6,0.625,85.12,1,19.85,32.52,0.25
2021,6,19,-6.81,1,938.26,1,31.52,0.5,45.2,0.625,92.38,1,28.54,36.7,0.5
2021,6,20,-4.35,1,941.7,1,NA,0.125,61.62,1,92.74,1,NA,NA,0.125
2021,6,21,-9.6,1,938.3,1,NA,0.125,102.25,1,90.79,1,NA,NA,0.125
2021,6,22,-9.1,1,935.16,1,10.46,0.625,97,1,88.1,1,8.23,102.65,0.625
2021,6,23,-9.76,1,938.19,1,13,0.25,100.88,1,90,1,12.63,89.25,0.25
2021,6,24,-11.36,1,942.72,1,3.85,0.25,156,0.5,89.29,1,2.31,112.52,0.25
2021,6,25,-15.89,1,942.86,1,2.65,0.5,102.2,0.625,84.67,1,2.5,114.62,0.5
2021,6,26,-19.51,0.875,958.72,1,0.44,0.625,195.5,1,80.95,1,0.32,277.67,0.625
2021,6,27,-21.55,0.75,945.62,1,1.98,0.5,115.5,1,80.49,1,1.92,120.49,0.5
2021,6,28,-13.55,1,931.28,1,14.33,0.75,108.75,1,85.53,1,14.27,101.29,0.75
2021,6,29,-10.55,1,939.99,1,0.23,0.75,165.88,1,89.89,1,0.01,234.07,0.75
2021,6,30,-12.49,1,943.78,1,0.35,0.25,245.62,1,84.12,1,0.35,237,0.25
2021,7,1,-13.18,1,939.22,1,NA,0.125,262.67,0.375,83.25,1,NA,NA,0.125
2021,7,2,-12.69,1,939.72,1,NA,0.125,171.5,0.25,87.38,1,NA,NA,0.125
2021,7,3,-16.15,1,942.76,1,0.58,0.625,184.83,0.75,78.56,1,0.55,39.73,0.625
2021,7,4,-18.54,1,943.02,1,NA,0,NA,0,79.16,1,NA,NA,0
2021,7,5,-18.27,1,947.02,1,NA,0,NA,0,82.69,1,NA,NA,0
2021,7,6,-17.74,1,954.78,1,5.7,0.25,103.67,0.375,82.12,1,5.68,99.63,0.25
2021,7,7,-8.42,0.75,944.7,1,17.03,0.375,98.88,1,92.37,0.875,16.7,102.38,0.375
2021,7,8,-4.56,1,942.74,1,20.3,0.25,94.75,1,98.2,0.625,19.94,90.64,0.25
2021,7,9,-6.8,1,939.78,1,NA,0,109,0.625,95.96,1,NA,NA,0
2021,7,10,-12.8,1,951.04,1,NA,0,NA,0,87.74,1,NA,NA,0
2021,7,11,-16.84,1,956.52,1,NA,0,NA,0,83.47,1,NA,NA,0
2021,7,12,-20.14,1,960.2,1,NA,0,NA,0,80.38,1,NA,NA,0
2021,7,13,-20.9,1,970.78,1,NA,0,NA,0,79.75,1,NA,NA,0
2021,7,14,-16.77,0.375,972.46,1,NA,0,NA,0,85.67,1,NA,NA,0
2021,7,15,-7.61,1,968.25,1,NA,0.125,81.67,0.375,93.38,1,NA,NA,0.125
2021,7,16,-7.47,0.75,964.29,1,7.84,0.625,165.88,1,92.62,1,5.46,116.4,0.625
2021,7,17,-8.91,1,955.1,1,0.03,0.375,183.86,0.875,89.55,1,0.03,134,0.375
2021,7,18,-10.5,1,958.54,1,6.62,0.5,212,0.875,78.95,1,5.66,275.44,0.5
2021,7,19,-9.17,0.75,961.15,1,0.38,0.5,129.83,0.75,84.24,1,0.24,59.29,0.5
2021,7,20,-15.36,1,966.84,1,0.26,0.625,89,0.625,85,1,0.23,121.13,0.625
2021,7,21,-12.76,1,963.75,1,5.24,0.625,115.88,1,81.39,1,5,103.73,0.625
2021,7,22,-13.11,1,957.65,1,NA,0.125,58,0.625,85.15,1,NA,NA,0.125
2021,7,23,-16.89,1,961.98,1,18.13,0.375,79.12,1,81.83,1,13.77,74.91,0.375
2021,7,24,-13.96,1,957.76,1,14.14,0.625,94.5,1,82.24,1,13.54,99.15,0.625
2021,7,25,-13.11,1,957.46,1,NA,0.125,63.14,0.875,79.38,1,NA,NA,0.125
2021,7,26,-8.05,1,947.08,1,26.15,0.5,57.25,1,91.62,1,24.58,52.44,0.5
2021,7,27,-3.49,1,950,1,NA,0.125,102.25,1,80.14,1,NA,NA,0.125
2021,7,28,-3.29,1,949.62,1,3,0.25,71.5,1,89.28,1,3,43,0.25
2021,7,29,-9.97,1,943.32,1,7.2,0.875,128.25,1,90.25,1,5.69,101.85,0.875
2021,7,30,-13.06,1,938.96,1,5.5,0.375,92,0.375,84.88,1,5.45,93.18,0.375
2021,7,31,-14.97,1,936.29,1,5.2,0.875,97.62,1,80.4,1,5.14,91.89,0.875
2021,8,1,-15.15,1,935.02,1,2,0.25,39.5,0.25,78.58,1,1.97,39.5,0.25
2021,8,2,-15.8,1,937.95,1,4.97,0.375,73.12,1,78.25,1,4.59,73.3,0.375
2021,8,3,-17.05,1,939.11,1,6.48,0.625,98.62,1,81.2,1,6.36,102.96,0.625
2021,8,4,-13.9,1,936.69,1,NA,0.125,120,0.75,85.62,1,NA,NA,0.125
2021,8,5,-11.29,1,937.91,1,NA,0,NA,0,89,1,NA,NA,0
2021,8,6,-16.6,0.75,944.85,1,NA,0,NA,0,82.89,1,NA,NA,0
2021,8,7,-23.01,1,942.68,1,NA,0,NA,0,78.21,1,NA,NA,0
2021,8,8,-21.61,1,928.94,1,NA,0,NA,0,79,1,NA,NA,0
2021,8,9,-27.14,1,926.12,1,24.2,0.375,268.2,0.625,74.94,1,24.04,259.5,0.375
2021,8,10,-29.88,1,948.05,1,15.5,0.375,284.75,1,67.72,1,14.93,296.26,0.375
2021,8,11,-24.74,1,956.71,1,10.05,0.5,273.5,1,69.91,1,9.45,287.33,0.5
2021,8,12,-20.12,1,954.6,1,9.3,0.5,274.88,1,63.96,1,9.05,270.44,0.5
2021,8,13,-21.92,1,952.25,1,18.17,0.75,293,1,62.29,1,18.01,298.94,0.75
2021,8,14,-29,0.875,961.75,1,NA,0,273.88,1,71.58,1,NA,NA,0
2021,8,15,-30.71,1,965.28,1,NA,0.125,274.88,1,67.35,1,NA,NA,0.125
2021,8,16,-28.5,0.25,964.18,1,13.37,0.375,275.5,1,60.71,1,12.87,291.24,0.375
2021,8,17,-24.21,1,962.29,1,14.35,0.25,289.75,1,52.36,1,14.31,290.99,0.25
2021,8,18,-17.58,0.75,966.91,1,8.54,0.625,231.33,0.75,58.17,1,7.45,298.62,0.625
2021,8,19,-22.47,0.375,959.98,1,3.65,0.75,187.75,1,81.16,1,2.24,273.98,0.75
2021,8,20,-16.41,0.875,959.46,1,3.68,0.75,242.83,0.75,82.71,1,2.62,287.91,0.75
2021,8,21,-19.01,1,964.36,1,4.38,0.5,254.6,0.625,80.75,1,4.36,293.03,0.5
2021,8,22,-17.39,1,963.5,1,4.27,0.375,148.83,0.75,81.81,1,3.1,76.53,0.375
2021,8,23,-14.3,1,954.69,1,12.2,0.375,96,1,82.67,1,12.1,104.59,0.375
2021,8,24,-8.95,1,947.45,1,11.05,0.5,89.12,1,85.39,1,10.29,117.8,0.5
2021,8,25,-10.8,1,941.52,1,11.23,0.375,70.75,1,81.4,1,10.43,72.32,0.375
2021,8,26,-12.47,1,939.2,1,11.8,0.25,94.62,1,73.61,1,11.5,76.11,0.25
2021,8,27,-14.12,1,946.79,1,5.1,0.375,182,0.75,72.75,1,5.01,358.14,0.375
2021,8,28,-15,1,938.95,1,6.1,0.375,63,1,81.5,1,5.57,89.8,0.375
2021,8,29,-16.85,1,938.55,1,2.67,0.375,145.5,0.75,64.41,1,0.78,91.03,0.375
2021,8,30,-17.16,0.625,928.75,1,NA,0.125,150.88,1,81.24,1,NA,NA,0.125
2021,8,31,-13.68,0.75,930.19,1,4.22,0.5,156.8,0.625,85.99,1,1.01,134.68,0.5
2021,9,1,-16.41,1,934.14,1,11.9,0.625,98,1,82.38,1,11.35,94.1,0.625
2021,9,2,-15.58,1,932.81,1,8.64,0.625,222,1,83.81,1,2.16,131.26,0.625
2021,9,3,-19.7,1,940.4,1,11.37,0.375,163.5,1,77.58,1,11.28,286.62,0.375
2021,9,4,-16.88,0.75,924.65,1,22,0.375,68.14,0.875,84.96,1,19.09,64.12,0.375
2021,9,5,-15.08,0.625,931.21,1,NA,0.125,172.88,1,77.55,1,NA,NA,0.125
2021,9,6,-17.29,1,938.38,1,13.2,0.5,261.12,1,75.25,1,12.92,300.55,0.5
2021,9,7,-14.82,0.75,929.82,1,NA,0.125,83.5,1,84.35,1,NA,NA,0.125
2021,9,8,-5.09,1,925.99,1,NA,0.125,57.17,0.75,88.33,1,NA,NA,0.125
2021,9,9,-10.41,1,940.54,1,NA,0,NA,0,85.36,1,NA,NA,0
2021,9,10,-12.26,1,936.04,1,NA,0,NA,0,82.94,1,NA,NA,0
2021,9,11,-10.95,1,936.05,1,NA,0,NA,0,84.44,1,NA,NA,0
2021,9,12,-14.59,0.875,931.54,1,NA,0,NA,0,84.5,1,NA,NA,0
2021,9,13,-15.94,1,931.74,1,NA,0,NA,0,83.71,1,NA,NA,0
2021,9,14,-17.2,0.875,947.78,1,NA,0,NA,0,80,1,NA,NA,0
2021,9,15,-14.62,0.75,953.54,1,10.25,0.25,60.5,0.25,77.38,1,10.08,60.66,0.25
2021,9,16,-7.73,1,944.98,1,NA,0,277.12,1,82,1,NA,NA,0
2021,9,17,-8.49,1,958.51,1,6.65,0.75,198.67,0.75,80.16,1,1.26,25.25,0.75
2021,9,18,-12.31,1,945.9,1,13.88,0.5,103.88,1,86.33,1,13.73,101.73,0.5
2021,9,19,-11.56,1,942.99,1,10.13,0.375,111.5,1,79.44,1,7.03,40.96,0.375
2021,9,20,-10.26,1,951.9,1,11.7,0.375,101.38,1,78.26,1,11.49,109.26,0.375
2021,9,21,-9.57,1,937.92,1,11.87,0.375,107.88,1,89.56,1,11.84,104.12,0.375
2021,9,22,-5.7,1,936.7,1,12.33,0.375,80.43,0.875,93.38,1,10.56,74.74,0.375
2021,9,23,-7.76,1,947.32,1,5.2,0.5,190.29,0.875,89.67,1,1.11,59.32,0.5
2021,9,24,-11.04,0.875,946.39,1,5,0.375,205,0.625,86.44,1,4.78,280.84,0.375
2021,9,25,-10.96,1,928.99,1,6.73,0.375,73.38,1,82.5,1,5.87,82.46,0.375
2021,9,26,-9.95,1,926.54,1,NA,0,198.62,1,88.2,1,NA,NA,0
2021,9,27,-13.57,0.875,923.15,1,10.47,0.375,172.71,0.875,79.79,1,8.77,312.86,0.375
2021,9,28,-13.71,1,920.56,1,5.95,0.5,97.12,1,80.88,1,2.94,84.84,0.5
2021,9,29,-16.18,1,931.46,1,3.52,0.625,135.57,0.875,82.81,1,3.31,141.15,0.625
2021,9,30,-18.66,1,939.82,1,0.8,0.25,300,0.25,78.45,1,0.58,332.62,0.25
2021,10,1,-14.51,1,942.9,1,12.47,0.5,80,0.875,83.99,1,11.01,88.63,0.5
2021,10,2,-14.24,1,938,1,NA,0.125,108.5,1,84.51,1,NA,NA,0.125
2021,10,3,-12.9,1,946.35,1,10.4,0.375,86.2,0.625,76.22,1,9.74,72.31,0.375
2021,10,4,-10.77,0.875,947.8,1,8.93,0.375,114.71,0.875,82.51,1,8.91,108.84,0.375
2021,10,5,-2.39,0.875,929.31,1,17.55,0.5,93.25,1,88.92,1,13.63,26.41,0.5
2021,10,6,-6.04,1,933.78,1,NA,0,NA,0,79.35,1,NA,NA,0
2021,10,7,-12.07,1,936.28,1,15.53,0.5,102,0.875,82.5,1,15.13,97.45,0.5
2021,10,8,-10.39,1,937.72,1,16.63,0.375,113.5,1,86.72,1,16.57,114.63,0.375
2021,10,9,-13.99,1,936.4,1,NA,0,114.75,1,84.66,1,NA,NA,0
2021,10,10,-11.07,1,940.76,1,12.25,0.25,116.12,1,87.3,1,11.22,156.39,0.25
2021,10,11,-15.16,0.875,946.45,1,NA,0,NA,0,83.25,1,NA,NA,0
2021,10,12,-13.67,0.875,948.19,1,NA,0,NA,0,84.12,1,NA,NA,0
2021,10,13,-11.56,0.875,946.99,1,NA,0,NA,0,87.11,1,NA,NA,0
2021,10,14,-12.46,0.875,938.11,1,NA,0.125,NA,0.125,81.36,1,NA,NA,0.125
2021,10,15,-13,0.875,941.04,1,6.27,0.375,277,0.5,84.62,1,6.26,281.17,0.375
2021,10,16,-13.78,1,947.84,1,NA,0.125,77.33,0.375,74.67,1,NA,NA,0.125
2021,10,17,-13.36,1,939.89,1,9.48,0.75,143.29,0.875,81.71,1,7.11,136.53,0.75
2021,10,18,-13.69,1,942.74,1,10.02,0.5,270.71,0.875,75.25,1,9.35,282.74,0.5
2021,10,19,-15.61,1,948.22,1,NA,0,NA,0,66.25,1,NA,NA,0
2021,10,20,-15.19,0.875,949.22,1,5.47,0.875,104.29,0.875,74.81,1,5.43,104.28,0.875
2021,10,21,-13.97,1,942.2,1,11.4,0.375,106.29,0.875,76.05,1,11.18,86.91,0.375
2021,10,22,-7.6,1,918.35,1,19.85,0.25,83.75,1,85.84,1,18.88,57.11,0.25
2021,10,23,-7.9,1,923.21,1,8.83,0.375,92.88,1,85.65,1,8.32,97.88,0.375
2021,10,24,-11.4,1,930.64,1,7.28,0.75,107.88,1,80.15,1,7.09,107.78,0.75
2021,10,25,-11.55,1,932.35,1,4.32,0.625,112.43,0.875,84.29,1,3.6,122.76,0.625
2021,10,26,-11.09,0.875,930.49,1,4.7,0.25,98.5,1,83.21,1,4.68,55.49,0.25
2021,10,27,-12.61,1,922.58,1,14,0.75,116.75,1,86.15,1,13.89,118.51,0.75
2021,10,28,-10,1,932.06,1,1.2,0.25,83.6,0.625,77.74,1,1.07,74.76,0.25
2021,10,29,-8.29,1,937.51,1,8.7,0.25,123,0.875,81.67,1,8.67,127.55,0.25
2021,10,30,-7.7,0.75,918.01,1,15.85,0.25,100.5,1,87.6,1,15.61,100.81,0.25
2021,10,31,-4.65,1,924.91,1,NA,0,NA,0.125,76.33,1,NA,NA,0
2021,11,1,-4.61,1,935.1,1,NA,0.125,45.67,0.375,82.75,1,NA,NA,0.125
2021,11,2,-6.59,1,937.99,1,NA,0,NA,0,75.49,1,NA,NA,0
2021,11,3,-7.54,1,942.2,1,NA,0,NA,0,81.06,1,NA,NA,0
2021,11,4,-7.25,1,922.62,1,NA,0,NA,0,92.03,1,NA,NA,0
2021,11,5,-7.2,1,917.1,1,NA,0,NA,0,92.7,1,NA,NA,0
2021,11,6,-6.54,1,936.6,1,NA,0,NA,0,84.9,1,NA,NA,0
2021,11,7,-5.39,1,945.91,1,18.38,0.75,93.67,0.75,91.29,1,17.78,93.94,0.75
2021,11,8,-3.75,1,948.71,1,NA,0.125,94.33,0.375,84.44,1,NA,NA,0.125
2021,11,9,-5.78,1,945.66,1,14.15,0.5,85.25,0.5,91.04,1,14.15,85.32,0.5
2021,11,10,-8.23,0.875,930.42,1,NA,0,NA,0,89.25,1,NA,NA,0
2021,11,11,-8.38,1,926.76,1,NA,0,NA,0,89.62,1,NA,NA,0
2021,11,12,-7.05,1,938.9,1,8.8,0.25,85.83,0.75,83,1,8.8,86.37,0.25
2021,11,13,-7.64,1,943.65,1,4.35,0.25,86.33,0.375,86.25,1,4.35,86.31,0.25
2021,11,14,-7.44,1,941.48,1,NA,0,NA,0,82.33,1,NA,NA,0
2021,11,15,-4.94,1,921.95,1,NA,0,NA,0,85.25,1,NA,NA,0
2021,11,16,-6.4,1,929.84,1,NA,0,NA,0,82.9,1,NA,NA,0
2021,11,17,-6.53,0.875,947.95,1,NA,0,NA,0,77.89,1,NA,NA,0
2021,11,18,-7.6,1,945.84,1,12.37,0.375,89.8,0.625,77.5,1,12.28,90.53,0.375
2021,11,19,-9.99,1,946.74,1,NA,0,87.33,0.375,85.38,1,NA,NA,0
2021,11,20,-7.99,1,948.89,1,NA,0,NA,0,80.51,1,NA,NA,0
2021,11,21,-9.68,0.75,952.55,1,NA,0,NA,0,79.58,1,NA,NA,0
2021,11,22,-1.63,0.875,951.15,1,4.44,0.625,87,0.875,80.46,1,4.44,88.14,0.625
2021,11,23,-1.89,1,946.92,1,NA,0.125,87.67,0.375,84.35,1,NA,NA,0
2021,11,24,-2.42,1,950.8,1,11.1,0.5,86.8,0.625,82.88,1,11.08,86.93,0.5
2021,11,25,-4.66,1,945.11,1,NA,0,NA,0,92.29,1,NA,NA,0
2021,11,26,-2.54,1,943.55,1,NA,0,NA,0,97.86,1,NA,NA,0
2021,11,27,-1.85,1,949.8,1,10.75,0.75,87,1,96.74,1,10.75,85.9,0.75
2021,11,28,-5.3,1,952.51,1,NA,0.125,NA,0.125,81.66,1,NA,NA,0.125
2021,11,29,-5.3,1,951.6,1,9.6,0.5,89.25,0.5,86.54,1,9.59,89.08,0.5
2021,11,30,-5.24,1,949.24,1,5.9,0.5,103.75,0.5,81.85,1,5.34,110.31,0.5
2021,12,1,-4.05,0.25,942.15,1,1.18,0.75,160.67,0.375,75.66,1,NA,NA,0.125
2021,12,2,-6.5,0.375,934.02,1,1.33,0.875,NA,0,76.88,1,NA,NA,0
2021,12,3,-7.02,0.75,938.55,1,3.17,0.75,NA,0,89.1,1,NA,NA,0
2021,12,4,-4.63,0.375,942.2,1,1.57,0.75,NA,0,92.1,1,NA,NA,0
2021,12,5,-5.4,0.5,946.6,1,1.85,1,NA,0,92.91,1,NA,NA,0
2021,12,6,-4.22,0.625,944.51,1,2.18,0.625,NA,0,78.54,1,NA,NA,0
2021,12,7,-5.5,0.875,926.04,1,NA,0.125,NA,0,84.42,1,NA,NA,0
2021,12,8,-1.69,0.875,920.18,1,NA,0,NA,0,84.88,1,NA,NA,0
2021,12,9,-1.75,0.75,931.49,1,3.48,0.5,NA,0,91.33,1,NA,NA,0
2021,12,10,-3.54,0.875,937.16,1,NA,0.125,NA,0,82.55,1,NA,NA,0
2021,12,11,-3.68,0.625,942.84,1,1.53,0.375,NA,0,86.74,1,NA,NA,0
2021,12,12,-3.95,1,946.55,1,8.27,0.875,NA,0,82.28,1,NA,NA,0
2021,12,13,-3.75,0.5,940.85,1,2.25,0.25,NA,0,67.99,1,NA,NA,0
2021,12,14,-5.5,0.375,934.78,1,2.49,0.875,NA,0,76.8,1,NA,NA,0
2021,12,15,-4.89,0.875,942.45,1,6.9,0.625,NA,0,76.9,1,NA,NA,0
2021,12,16,-3.38,1,951.7,1,8.82,0.625,NA,0,80.05,1,NA,NA,0
2021,12,17,-1.32,1,936.54,1,7.9,0.375,NA,0,88.67,1,NA,NA,0
2021,12,18,-1.62,1,918.25,1,NA,0.125,NA,0,84.96,1,NA,NA,0
2021,12,19,-2.88,1,936.58,1,11.25,0.5,NA,0,92.51,1,NA,NA,0
2021,12,20,-2.03,0.875,950.64,1,3.6,0.75,NA,0,73.4,1,NA,NA,0
2021,12,21,-3.83,0.875,942.32,1,5.95,0.5,NA,0,68.7,1,NA,NA,0
2021,12,22,-4.62,1,932.1,1,9.24,0.625,NA,0,93.66,1,NA,NA,0
2021,12,23,-3.98,0.5,940.59,1,6.25,0.5,NA,0,81.69,1,NA,NA,0
2021,12,24,NA,0,945.5,1,0.37,0.375,NA,0,74.1,1,NA,NA,0
2021,12,25,-3.17,0.375,948.59,1,1.3,0.625,NA,0,58.75,1,NA,NA,0
2021,12,26,-3.83,0.5,950.08,1,2.94,0.875,NA,0,64.22,1,NA,NA,0
2021,12,27,NA,0.125,952.66,1,0.81,1,NA,0,69.86,1,NA,NA,0
2021,12,28,-7.43,0.375,951.85,1,1.31,0.875,NA,0,87,1,NA,NA,0
2021,12,29,NA,0.125,953.49,1,1.07,1,NA,0,81.9,1,NA,NA,0
2021,12,30,-3.57,0.375,959.55,1,1.67,1,NA,0,84.99,1,NA,NA,0
2021,12,31,-4.2,0.625,958.74,1,3.62,0.625,NA,0,65.12,1,NA,NA,0
